/*--------------------------------*- C++ -*----------------------------------*\
| =========                 |                                                 |
| \\      /  F ield         | OpenFOAM: The Open Source CFD Toolbox           |
|  \\    /   O peration     | Version:  2512                                  |
|   \\  /    A nd           | Website:  www.openfoam.com                      |
|    \\/     M anipulation  |                                                 |
\*---------------------------------------------------------------------------*/
FoamFile
{
    version     2.0;
    format      ascii;
    arch        "LSB;label=32;scalar=64";
    class       volScalarField;
    location    "1.998";
    object      magU;
}
// * * * * * * * * * * * * * * * * * * * * * * * * * * * * * * * * * * * * * //

dimensions      [0 1 -1 0 0 0 0];

internalField   nonuniform List<scalar> 
20352
(
0.0279037
0.0279067
0.0279086
0.0279096
0.0279094
0.0279081
0.0279058
0.0279026
0.0278985
0.0278939
0.0278887
0.0278833
0.0278778
0.0278724
0.0278674
0.0278629
0.0278591
0.0278562
0.0278542
0.0278532
0.0278534
0.0278545
0.0278568
0.0278599
0.0278639
0.0278686
0.0278738
0.0278793
0.0278848
0.0278903
0.0278953
0.0278999
0.0234437
0.0234555
0.0234673
0.0234788
0.0234894
0.0234987
0.0235064
0.0235122
0.0235158
0.0235172
0.0235163
0.0235132
0.023508
0.023501
0.0234924
0.0234825
0.0234717
0.0234605
0.0234491
0.023438
0.0234277
0.0234184
0.0234106
0.0234046
0.0234005
0.0233986
0.023399
0.0234017
0.0234066
0.0234136
0.0234224
0.0234325
0.0153533
0.0153661
0.0153793
0.0153924
0.0154049
0.0154161
0.0154258
0.0154335
0.0154391
0.0154422
0.0154428
0.0154409
0.0154366
0.0154302
0.0154217
0.0154116
0.0154002
0.015388
0.0153753
0.0153626
0.0153505
0.0153392
0.0153294
0.0153212
0.0153152
0.0153115
0.0153103
0.0153118
0.0153158
0.0153223
0.0153309
0.0153414
0.00503791
0.00504455
0.00505149
0.00505845
0.00506512
0.00507125
0.0050766
0.00508098
0.00508423
0.00508624
0.00508696
0.00508637
0.00508454
0.00508153
0.00507748
0.00507251
0.00506683
0.00506063
0.00505412
0.00504752
0.00504107
0.00503499
0.00502951
0.00502488
0.00502127
0.00501884
0.0050177
0.00501792
0.00501952
0.00502246
0.00502662
0.00503184
0.0279678
0.0279561
0.0279415
0.0279244
0.0279056
0.0278857
0.0278656
0.027846
0.0278278
0.0278115
0.0277979
0.0277874
0.0277804
0.0277772
0.0277779
0.0277824
0.0277906
0.0278021
0.0278166
0.0278334
0.027852
0.0278716
0.0278915
0.0279109
0.0279292
0.0279455
0.0279594
0.0279701
0.0279774
0.0279809
0.0279804
0.027976
0.0236316
0.023614
0.0235902
0.0235613
0.0235285
0.023493
0.0234563
0.0234198
0.0233849
0.023353
0.0233251
0.0233025
0.0232857
0.0232756
0.0232723
0.0232759
0.0232864
0.0233033
0.023326
0.0233538
0.0233855
0.0234201
0.0234563
0.0234927
0.0235279
0.0235606
0.0235894
0.0236132
0.023631
0.0236421
0.0236459
0.0236424
0.015577
0.0155585
0.015533
0.0155014
0.0154652
0.0154257
0.0153847
0.0153437
0.0153043
0.0152679
0.0152359
0.0152095
0.0151895
0.0151766
0.0151712
0.0151735
0.0151833
0.0152005
0.0152243
0.0152539
0.0152883
0.0153264
0.0153666
0.0154076
0.0154477
0.0154854
0.0155191
0.0155475
0.0155693
0.0155836
0.0155898
0.0155875
0.00517777
0.00516678
0.00515133
0.00513209
0.00510991
0.00508573
0.00506054
0.00503535
0.00501111
0.00498871
0.00496892
0.00495244
0.00493979
0.00493138
0.00492747
0.00492818
0.00493348
0.00494322
0.00495708
0.00497462
0.00499524
0.00501826
0.00504285
0.0050681
0.00509306
0.00511672
0.0051381
0.00515629
0.00517049
0.00518005
0.00518454
0.00518378
0.0279147
0.0278885
0.0278618
0.0278357
0.0278111
0.027789
0.0277703
0.0277557
0.0277457
0.0277406
0.0277407
0.027746
0.0277562
0.027771
0.0277898
0.0278118
0.0278363
0.0278624
0.027889
0.027915
0.0279397
0.0279618
0.0279807
0.0279956
0.0280059
0.0280111
0.0280112
0.0280059
0.0279957
0.0279808
0.0279618
0.0279395
0.0235267
0.0234847
0.0234417
0.0233994
0.0233594
0.0233232
0.0232921
0.0232673
0.0232497
0.0232398
0.0232382
0.0232448
0.0232593
0.0232813
0.0233099
0.0233441
0.0233826
0.0234239
0.0234666
0.023509
0.0235495
0.0235864
0.0236184
0.0236441
0.0236626
0.023673
0.0236749
0.0236682
0.0236532
0.0236305
0.0236011
0.023566
0.0154565
0.015414
0.0153703
0.0153271
0.0152861
0.0152488
0.0152164
0.0151903
0.0151712
0.0151598
0.0151566
0.0151616
0.0151747
0.0151954
0.0152231
0.0152566
0.0152949
0.0153365
0.01538
0.0154236
0.0154657
0.0155045
0.0155386
0.0155665
0.0155869
0.0155992
0.0156026
0.0155971
0.015583
0.0155607
0.0155314
0.0154962
0.00509792
0.00507533
0.00505214
0.00502924
0.00500747
0.00498763
0.00497039
0.00495633
0.00494591
0.00493948
0.00493724
0.00493926
0.0049455
0.00495576
0.00496972
0.00498694
0.00500684
0.00502872
0.00505178
0.00507515
0.00509792
0.00511915
0.00513795
0.0051535
0.00516512
0.00517228
0.00517467
0.00517218
0.00516493
0.00515328
0.00513775
0.00511901
0.0278674
0.0278285
0.0277913
0.0277574
0.027728
0.0277042
0.0276869
0.0276767
0.027674
0.027679
0.0276913
0.0277106
0.0277362
0.027767
0.0278019
0.0278395
0.0278786
0.0279174
0.0279547
0.0279888
0.0280186
0.0280428
0.0280605
0.028071
0.0280739
0.028069
0.0280565
0.0280369
0.0280111
0.0279799
0.0279446
0.0279066
0.0234488
0.0233813
0.0233168
0.0232578
0.0232066
0.023165
0.0231344
0.023116
0.0231103
0.0231177
0.0231378
0.0231698
0.0232127
0.0232649
0.0233244
0.0233891
0.0234566
0.0235242
0.0235895
0.0236499
0.0237029
0.0237464
0.0237786
0.0237982
0.0238045
0.023797
0.0237761
0.0237427
0.0236981
0.0236441
0.0235829
0.0235169
0.0153798
0.0153088
0.0152409
0.0151788
0.0151245
0.01508
0.0150469
0.0150262
0.0150186
0.0150244
0.0150434
0.0150749
0.0151178
0.0151708
0.0152319
0.015299
0.0153697
0.0154412
0.0155108
0.0155758
0.0156334
0.0156813
0.0157175
0.0157403
0.0157488
0.0157425
0.0157218
0.0156875
0.0156412
0.0155847
0.0155206
0.0154514
0.00506108
0.00502212
0.00498489
0.00495074
0.00492083
0.00489615
0.00487747
0.00486536
0.0048602
0.00486213
0.00487111
0.00488687
0.00490894
0.00493664
0.0049691
0.00500519
0.00504367
0.00508309
0.00512195
0.00515865
0.00519163
0.00521946
0.00524087
0.00525488
0.00526082
0.00525843
0.00524781
0.00522949
0.00520432
0.00517346
0.0051383
0.00510032
0.0278294
0.0277952
0.0277642
0.0277374
0.0277159
0.0277004
0.0276915
0.0276896
0.0276947
0.0277065
0.0277247
0.0277486
0.0277772
0.0278095
0.0278442
0.0278801
0.0279158
0.0279499
0.0279811
0.0280082
0.0280302
0.0280462
0.0280555
0.0280577
0.0280528
0.0280409
0.0280226
0.0279984
0.0279694
0.0279366
0.0279015
0.0278652
0.0233599
0.0232974
0.0232411
0.0231932
0.0231553
0.0231289
0.0231148
0.0231137
0.0231254
0.0231495
0.0231851
0.023231
0.0232853
0.0233462
0.0234114
0.0234783
0.0235445
0.0236075
0.0236648
0.0237141
0.0237535
0.0237814
0.0237965
0.0237984
0.0237868
0.0237622
0.0237255
0.0236783
0.0236225
0.0235601
0.0234939
0.0234262
0.0152699
0.0152023
0.0151418
0.0150905
0.0150503
0.0150225
0.0150082
0.0150076
0.0150208
0.0150474
0.0150862
0.015136
0.015195
0.0152611
0.015332
0.0154049
0.0154772
0.015546
0.0156088
0.0156628
0.015706
0.0157364
0.0157527
0.0157543
0.0157409
0.0157131
0.015672
0.0156194
0.0155575
0.0154887
0.0154159
0.015342
0.00499033
0.00495271
0.0049193
0.00489124
0.00486948
0.00485469
0.00484731
0.00484755
0.00485535
0.00487044
0.00489232
0.00492027
0.00495335
0.00499045
0.00503028
0.0050714
0.0051123
0.00515137
0.00518705
0.00521784
0.00524238
0.00525958
0.00526861
0.00526904
0.00526081
0.00524425
0.0052201
0.00518942
0.00515356
0.00511407
0.00507258
0.00503079
0.0278986
0.0278865
0.0278741
0.0278619
0.0278503
0.0278398
0.0278307
0.0278234
0.0278181
0.0278151
0.0278144
0.0278161
0.0278201
0.0278262
0.0278343
0.0278441
0.0278551
0.027867
0.0278794
0.0278917
0.0279035
0.0279143
0.0279237
0.0279313
0.0279368
0.0279399
0.0279407
0.0279389
0.0279347
0.0279283
0.0279199
0.0279099
0.0234672
0.0234422
0.0234177
0.0233948
0.0233743
0.023357
0.0233437
0.0233346
0.0233302
0.0233306
0.0233358
0.0233454
0.0233592
0.0233766
0.0233968
0.0234194
0.0234433
0.0234677
0.0234917
0.0235145
0.0235351
0.0235527
0.0235667
0.0235764
0.0235815
0.0235818
0.0235772
0.0235677
0.0235539
0.0235362
0.0235152
0.0234919
0.0153736
0.0153445
0.0153167
0.0152914
0.0152694
0.0152517
0.0152389
0.0152313
0.0152293
0.0152329
0.0152419
0.0152559
0.0152745
0.0152969
0.0153223
0.0153498
0.0153783
0.0154069
0.0154344
0.0154599
0.0154822
0.0155006
0.0155143
0.0155227
0.0155255
0.0155224
0.0155137
0.0154996
0.0154806
0.0154575
0.0154313
0.0154029
0.00504215
0.00502522
0.00500944
0.00499542
0.00498368
0.00497465
0.00496864
0.00496587
0.00496638
0.00497015
0.00497699
0.00498665
0.00499878
0.00501293
0.00502861
0.00504525
0.00506222
0.0050789
0.00509467
0.00510892
0.0051211
0.00513072
0.00513735
0.00514072
0.00514066
0.00513714
0.0051303
0.00512038
0.00510779
0.00509305
0.00507676
0.00505956
0.0279939
0.0280072
0.0280154
0.0280182
0.0280154
0.0280073
0.027994
0.0279762
0.0279544
0.0279296
0.0279027
0.0278746
0.0278466
0.0278197
0.0277949
0.0277732
0.0277553
0.0277421
0.0277339
0.0277312
0.0277339
0.0277421
0.0277554
0.0277733
0.027795
0.0278198
0.0278467
0.0278747
0.0279027
0.0279296
0.0279544
0.0279761
0.023658
0.0236807
0.0236946
0.0236993
0.0236944
0.0236803
0.0236573
0.0236266
0.0235892
0.0235467
0.0235008
0.0234532
0.0234059
0.0233605
0.0233188
0.0232824
0.0232526
0.0232306
0.0232171
0.0232127
0.0232174
0.0232312
0.0232535
0.0232834
0.02332
0.0233618
0.0234072
0.0234546
0.0235022
0.023548
0.0235903
0.0236274
0.0155879
0.0156113
0.0156256
0.0156302
0.0156248
0.0156096
0.0155852
0.0155528
0.0155136
0.0154693
0.0154217
0.0153727
0.0153242
0.0152781
0.015236
0.0151996
0.0151701
0.0151485
0.0151356
0.0151318
0.0151371
0.0151515
0.0151744
0.0152049
0.015242
0.0152845
0.0153307
0.015379
0.0154276
0.0154746
0.015518
0.0155563
0.00516919
0.00518248
0.00519072
0.00519352
0.00519071
0.00518241
0.00516899
0.00515104
0.00512936
0.00510491
0.00507873
0.00505189
0.00502545
0.00500045
0.00497778
0.00495823
0.00494244
0.00493092
0.00492402
0.00492193
0.00492471
0.00493224
0.00494429
0.00496046
0.00498021
0.00500289
0.00502773
0.00505385
0.00508028
0.00510605
0.00513012
0.00515148
0.0280137
0.0280373
0.0280545
0.0280648
0.0280677
0.0280631
0.0280512
0.0280324
0.0280075
0.0279774
0.0279434
0.0279066
0.0278686
0.0278308
0.0277947
0.0277615
0.0277327
0.0277092
0.027692
0.0276818
0.0276789
0.0276834
0.0276952
0.0277139
0.0277386
0.0277686
0.0278025
0.0278392
0.0278772
0.0279151
0.0279514
0.0279847
0.0237161
0.023761
0.023794
0.0238138
0.0238196
0.0238111
0.0237887
0.0237532
0.0237062
0.0236495
0.0235855
0.0235166
0.0234455
0.023375
0.0233078
0.0232463
0.0231929
0.0231496
0.0231178
0.0230988
0.0230933
0.0231014
0.0231229
0.0231569
0.0232023
0.0232574
0.0233202
0.0233883
0.0234592
0.0235301
0.0235983
0.0236611
0.0156625
0.0157121
0.0157487
0.0157707
0.0157771
0.0157676
0.0157427
0.0157035
0.0156515
0.0155891
0.0155188
0.0154434
0.015366
0.0152896
0.0152171
0.015151
0.0150939
0.0150477
0.0150139
0.0149938
0.014988
0.0149967
0.0150196
0.015056
0.0151045
0.0151636
0.0152311
0.0153046
0.0153814
0.0154585
0.0155331
0.015602
0.0052173
0.00524644
0.00526806
0.00528116
0.00528511
0.00527972
0.00526524
0.00524235
0.00521212
0.0051759
0.00513529
0.00509201
0.00504782
0.00500444
0.00496348
0.0049264
0.00489447
0.00486871
0.00484994
0.00483873
0.00483542
0.00484011
0.00485264
0.00487264
0.00489949
0.00493233
0.0049701
0.00501149
0.00505504
0.00509912
0.00514202
0.00518198
0.027938
0.0279502
0.0279596
0.0279659
0.0279687
0.027968
0.0279639
0.0279564
0.0279459
0.0279328
0.0279175
0.0279006
0.0278829
0.0278649
0.0278473
0.0278309
0.0278162
0.0278038
0.0277943
0.0277879
0.0277849
0.0277855
0.0277896
0.0277971
0.0278077
0.027821
0.0278364
0.0278534
0.0278713
0.0278894
0.0279069
0.0279234
0.0235838
0.0236098
0.0236299
0.0236433
0.0236494
0.0236481
0.0236394
0.0236237
0.0236015
0.0235737
0.0235413
0.0235056
0.023468
0.0234298
0.0233925
0.0233577
0.0233266
0.0233004
0.0232802
0.0232667
0.0232605
0.0232618
0.0232706
0.0232864
0.0233088
0.0233369
0.0233694
0.0234053
0.023443
0.0234811
0.0235183
0.0235529
0.0155259
0.0155563
0.0155798
0.0155954
0.0156026
0.015601
0.0155907
0.0155721
0.015546
0.0155133
0.0154754
0.0154337
0.0153898
0.0153455
0.0153023
0.015262
0.0152262
0.0151961
0.0151728
0.0151574
0.0151503
0.0151519
0.0151621
0.0151804
0.0152062
0.0152386
0.0152763
0.0153178
0.0153616
0.0154059
0.0154492
0.0154897
0.00514108
0.00515942
0.00517364
0.00518316
0.00518758
0.00518672
0.00518062
0.00516953
0.0051539
0.00513438
0.00511175
0.0050869
0.00506083
0.00503454
0.00500903
0.00498525
0.00496409
0.00494634
0.00493265
0.00492352
0.00491929
0.00492011
0.00492595
0.00493659
0.00495166
0.00497059
0.00499268
0.00501712
0.005043
0.00506934
0.00509513
0.00511936
0.0278158
0.0278057
0.0277983
0.027794
0.0277928
0.027795
0.0278003
0.0278086
0.0278196
0.0278327
0.0278476
0.0278636
0.02788
0.0278964
0.027912
0.0279263
0.0279386
0.0279486
0.0279558
0.02796
0.027961
0.0279588
0.0279535
0.0279453
0.0279345
0.0279215
0.0279067
0.0278909
0.0278744
0.0278581
0.0278425
0.0278282
0.0233605
0.0233454
0.0233346
0.0233284
0.0233271
0.0233307
0.0233391
0.023352
0.0233689
0.0233892
0.0234121
0.0234366
0.0234619
0.0234869
0.0235108
0.0235325
0.0235513
0.0235664
0.0235773
0.0235835
0.0235847
0.023581
0.0235725
0.0235595
0.0235426
0.0235223
0.0234995
0.023475
0.0234498
0.0234248
0.023401
0.0233793
0.0152879
0.0152742
0.0152645
0.015259
0.015258
0.0152615
0.0152693
0.0152813
0.0152969
0.0153156
0.0153368
0.0153596
0.0153832
0.0154066
0.0154291
0.0154496
0.0154674
0.0154818
0.0154921
0.0154979
0.015499
0.0154954
0.0154871
0.0154745
0.0154582
0.0154388
0.0154171
0.015394
0.0153703
0.015347
0.015325
0.015305
0.00500841
0.0050017
0.00499696
0.00499433
0.00499389
0.00499566
0.00499958
0.00500551
0.00501326
0.00502256
0.0050331
0.0050445
0.00505635
0.00506821
0.00507963
0.00509012
0.00509925
0.00510663
0.00511194
0.00511495
0.0051155
0.00511358
0.00510927
0.00510275
0.00509432
0.00508434
0.00507322
0.00506142
0.00504943
0.00503773
0.00502674
0.00501685
0.0277351
0.0277107
0.0276926
0.0276815
0.0276777
0.0276814
0.0276925
0.0277105
0.0277347
0.0277642
0.027798
0.0278346
0.0278728
0.027911
0.0279478
0.0279818
0.0280116
0.0280361
0.0280544
0.0280657
0.0280696
0.0280659
0.0280548
0.0280368
0.0280124
0.0279827
0.0279487
0.0279119
0.0278737
0.0278354
0.0277986
0.0277648
0.0232013
0.0231576
0.0231253
0.0231055
0.0230989
0.0231057
0.0231257
0.0231582
0.0232019
0.0232554
0.0233165
0.0233831
0.0234527
0.0235225
0.0235899
0.0236523
0.0237072
0.0237525
0.0237862
0.023807
0.0238141
0.0238071
0.0237863
0.0237526
0.0237074
0.0236524
0.0235899
0.0235223
0.0234523
0.0233827
0.023316
0.0232547
0.0151089
0.0150632
0.0150294
0.0150087
0.0150018
0.0150088
0.0150296
0.0150635
0.0151092
0.0151652
0.0152296
0.0153
0.0153739
0.0154484
0.0155208
0.0155881
0.0156476
0.0156967
0.0157335
0.0157563
0.0157641
0.0157566
0.015734
0.0156974
0.0156484
0.0155889
0.0155215
0.015449
0.0153743
0.0153002
0.0152295
0.015165
0.00490564
0.00488063
0.00486219
0.00485087
0.00484701
0.00485071
0.00486185
0.00488011
0.00490491
0.00493548
0.00497084
0.00500979
0.00505096
0.00509284
0.0051338
0.00517217
0.00520631
0.00523473
0.00525612
0.00526948
0.00527416
0.00526995
0.00525702
0.005236
0.00520786
0.00517387
0.00513556
0.00509456
0.00505255
0.00501119
0.00497202
0.00493644
0.0277824
0.0277642
0.0277502
0.0277412
0.0277373
0.0277388
0.0277455
0.0277572
0.0277735
0.0277936
0.0278169
0.0278424
0.0278692
0.0278962
0.0279224
0.0279469
0.0279686
0.0279869
0.0280008
0.0280101
0.0280141
0.0280129
0.0280064
0.0279949
0.0279787
0.0279586
0.0279352
0.0279096
0.0278826
0.0278554
0.0278289
0.0278043
0.0232602
0.0232239
0.0231965
0.0231791
0.0231723
0.0231764
0.023191
0.0232158
0.0232497
0.0232914
0.0233394
0.0233917
0.0234465
0.0235015
0.0235548
0.0236043
0.0236482
0.0236846
0.0237122
0.02373
0.0237372
0.0237335
0.023719
0.0236944
0.0236605
0.0236186
0.0235704
0.0235178
0.0234627
0.0234072
0.0233536
0.023304
0.0151536
0.0151132
0.0150829
0.0150639
0.0150567
0.0150617
0.0150787
0.0151069
0.0151454
0.0151927
0.015247
0.0153063
0.0153684
0.0154309
0.0154914
0.0155477
0.0155975
0.0156389
0.0156702
0.0156902
0.015698
0.0156932
0.0156762
0.0156474
0.0156082
0.0155599
0.0155046
0.0154445
0.0153817
0.0153189
0.0152585
0.0152027
0.00492178
0.00489861
0.00488135
0.00487062
0.00486676
0.0048699
0.00487991
0.00489641
0.00491883
0.00494634
0.00497798
0.0050126
0.00504893
0.00508563
0.00512129
0.00515452
0.00518399
0.0052085
0.00522702
0.00523876
0.00524321
0.00524016
0.00522973
0.00521234
0.00518872
0.00515986
0.00512695
0.00509131
0.00505438
0.00501761
0.00498239
0.00495005
0.0279317
0.0279351
0.0279362
0.0279351
0.0279318
0.0279264
0.0279192
0.0279103
0.0279001
0.027889
0.0278774
0.0278657
0.0278545
0.0278441
0.027835
0.0278274
0.0278217
0.0278182
0.027817
0.0278181
0.0278215
0.0278271
0.0278346
0.0278437
0.0278541
0.0278654
0.027877
0.0278887
0.0278998
0.02791
0.027919
0.0279263
0.0235276
0.02353
0.0235296
0.0235264
0.0235205
0.0235122
0.0235017
0.0234894
0.0234759
0.0234616
0.023447
0.0234327
0.0234193
0.0234071
0.0233967
0.0233885
0.0233829
0.0233801
0.0233802
0.0233833
0.0233891
0.0233975
0.0234082
0.0234208
0.0234347
0.0234494
0.0234644
0.0234789
0.0234925
0.0235045
0.0235146
0.0235224
0.015438
0.0154385
0.0154367
0.0154326
0.0154263
0.0154181
0.0154084
0.0153975
0.0153858
0.0153738
0.015362
0.0153508
0.0153407
0.0153319
0.0153249
0.0153199
0.0153171
0.0153166
0.0153184
0.0153224
0.0153285
0.0153365
0.0153461
0.0153568
0.0153684
0.0153804
0.0153922
0.0154036
0.0154139
0.0154228
0.0154299
0.0154351
0.00508063
0.00508021
0.00507872
0.00507624
0.00507285
0.00506869
0.00506394
0.0050588
0.00505347
0.00504816
0.00504309
0.00503847
0.00503447
0.00503125
0.0050289
0.00502749
0.00502707
0.00502765
0.00502919
0.00503163
0.00503489
0.00503884
0.00504335
0.00504824
0.00505336
0.0050585
0.00506348
0.00506812
0.00507225
0.00507571
0.00507833
0.00508
0.028046
0.0280682
0.0280828
0.0280893
0.0280874
0.0280772
0.028059
0.0280337
0.0280021
0.0279655
0.0279253
0.0278831
0.0278405
0.0277991
0.0277606
0.0277263
0.0276976
0.0276755
0.027661
0.0276545
0.0276564
0.0276665
0.0276845
0.0277096
0.027741
0.0277774
0.0278174
0.0278596
0.0279022
0.0279437
0.0279825
0.028017
0.0237628
0.0238027
0.0238289
0.0238404
0.0238368
0.0238181
0.0237851
0.0237393
0.0236824
0.0236169
0.0235453
0.0234705
0.0233953
0.0233227
0.0232553
0.0231958
0.0231462
0.0231083
0.0230835
0.0230727
0.0230762
0.0230939
0.0231252
0.0231689
0.0232236
0.0232872
0.0233574
0.0234316
0.0235069
0.0235805
0.0236494
0.023711
0.0157056
0.0157485
0.0157767
0.0157892
0.0157851
0.0157648
0.0157292
0.0156797
0.0156187
0.0155486
0.0154726
0.0153936
0.0153147
0.015239
0.0151692
0.0151078
0.015057
0.0150183
0.0149932
0.0149823
0.0149861
0.0150043
0.0150365
0.0150815
0.0151379
0.0152037
0.0152767
0.0153542
0.0154333
0.0155111
0.0155843
0.0156501
0.00523955
0.00526428
0.00528067
0.00528792
0.00528565
0.00527397
0.00525344
0.00522506
0.0051902
0.00515044
0.00510756
0.00506335
0.00501959
0.00497792
0.00493981
0.00490651
0.00487908
0.00485834
0.00484489
0.00483908
0.00484109
0.00485083
0.00486805
0.00489223
0.00492268
0.00495844
0.00499838
0.00504112
0.00508514
0.00512877
0.00517021
0.0052077
0.0280396
0.0280638
0.0280805
0.0280892
0.0280895
0.0280814
0.0280653
0.0280417
0.0280116
0.0279762
0.0279368
0.0278949
0.0278522
0.0278103
0.0277707
0.027735
0.0277046
0.0276806
0.0276639
0.0276551
0.0276547
0.0276626
0.0276785
0.0277018
0.0277317
0.027767
0.0278064
0.0278483
0.0278912
0.0279333
0.0279731
0.028009
0.0237721
0.0238182
0.0238501
0.0238666
0.0238669
0.0238511
0.0238198
0.0237743
0.0237163
0.0236483
0.0235729
0.0234931
0.023412
0.0233327
0.0232583
0.0231915
0.0231349
0.0230904
0.0230598
0.0230441
0.0230439
0.0230592
0.0230894
0.0231334
0.0231897
0.0232562
0.0233303
0.0234093
0.0234902
0.02357
0.0236455
0.0237138
0.0157271
0.0157782
0.0158137
0.015832
0.0158323
0.0158145
0.0157795
0.0157286
0.0156641
0.0155887
0.0155055
0.0154178
0.0153291
0.0152428
0.0151622
0.0150901
0.0150292
0.0149816
0.014949
0.0149323
0.0149323
0.0149489
0.0149815
0.0150289
0.0150897
0.0151615
0.0152419
0.0153279
0.0154163
0.0155038
0.015587
0.0156624
0.00525491
0.00528486
0.00530572
0.00531651
0.0053167
0.00530627
0.0052857
0.00525597
0.00521842
0.00517475
0.00512683
0.00507668
0.00502629
0.00497759
0.00493235
0.00489218
0.00485839
0.0048321
0.00481411
0.00480498
0.00480497
0.00481407
0.00483201
0.00485821
0.00489187
0.00493189
0.00497693
0.00502544
0.00507566
0.00512569
0.00517354
0.00521724
0.0279139
0.0279223
0.027929
0.0279338
0.0279364
0.0279367
0.0279348
0.0279308
0.0279248
0.0279169
0.0279075
0.0278969
0.0278856
0.0278739
0.0278623
0.0278512
0.0278412
0.0278325
0.0278255
0.0278205
0.0278178
0.0278173
0.0278193
0.0278235
0.0278298
0.027838
0.0278476
0.0278584
0.0278699
0.0278816
0.0278932
0.0279041
0.0235503
0.0235687
0.0235828
0.0235921
0.0235963
0.0235951
0.0235886
0.023577
0.0235608
0.0235404
0.0235167
0.0234906
0.0234629
0.0234348
0.0234074
0.0233817
0.023359
0.0233399
0.0233254
0.0233159
0.0233119
0.0233135
0.0233207
0.023333
0.0233501
0.0233712
0.0233954
0.0234218
0.0234493
0.0234768
0.0235035
0.0235283
0.0154965
0.0155183
0.0155347
0.0155452
0.0155492
0.0155466
0.0155375
0.0155222
0.0155012
0.0154754
0.0154458
0.0154133
0.0153794
0.0153452
0.0153122
0.0152816
0.0152546
0.0152324
0.0152158
0.0152054
0.0152017
0.0152047
0.0152144
0.0152304
0.0152519
0.0152781
0.015308
0.0153404
0.015374
0.0154077
0.0154401
0.0154701
0.00512673
0.0051397
0.00514935
0.00515532
0.00515736
0.00515537
0.00514942
0.00513972
0.00512665
0.00511069
0.00509245
0.00507265
0.00505207
0.00503148
0.00501169
0.00499346
0.00497753
0.0049645
0.0049549
0.0049491
0.00494732
0.00494961
0.00495585
0.00496579
0.00497903
0.00499503
0.00501317
0.00503278
0.00505313
0.00507345
0.00509297
0.00511095
0.0277363
0.0277239
0.0277172
0.0277165
0.0277219
0.0277332
0.0277499
0.0277715
0.027797
0.0278255
0.0278559
0.027887
0.0279176
0.0279466
0.0279728
0.0279952
0.0280129
0.0280253
0.0280318
0.0280323
0.0280267
0.0280152
0.0279984
0.0279768
0.0279513
0.0279229
0.0278926
0.0278617
0.0278312
0.0278024
0.0277764
0.0277541
0.0232282
0.0232084
0.023198
0.0231974
0.0232065
0.023225
0.0232522
0.0232872
0.0233287
0.0233751
0.0234247
0.0234756
0.0235257
0.0235733
0.0236163
0.0236532
0.0236825
0.0237029
0.0237136
0.0237143
0.0237048
0.0236856
0.0236575
0.0236215
0.0235792
0.0235322
0.0234823
0.0234315
0.0233817
0.0233348
0.0232925
0.0232566
0.0151542
0.0151351
0.0151252
0.0151247
0.0151337
0.0151518
0.0151784
0.0152126
0.0152532
0.0152988
0.0153478
0.0153984
0.0154485
0.0154963
0.0155399
0.0155774
0.0156073
0.0156282
0.0156393
0.01564
0.0156304
0.0156107
0.0155819
0.0155452
0.0155022
0.0154547
0.0154045
0.0153538
0.0153044
0.0152581
0.0152167
0.0151817
0.00493762
0.00492769
0.00492245
0.00492206
0.00492651
0.00493567
0.00494925
0.00496684
0.00498787
0.00501167
0.00503741
0.00506419
0.00509103
0.00511685
0.00514057
0.00516118
0.00517773
0.00518947
0.00519582
0.00519646
0.00519136
0.00518075
0.00516514
0.00514525
0.00512199
0.00509637
0.00506949
0.00504243
0.00501627
0.00499192
0.00497024
0.00495195
0.0276462
0.0276227
0.0276086
0.0276045
0.0276105
0.0276264
0.0276516
0.0276851
0.0277257
0.0277719
0.0278218
0.0278736
0.0279253
0.0279749
0.0280205
0.0280603
0.0280928
0.0281167
0.028131
0.0281352
0.0281292
0.0281131
0.0280876
0.0280537
0.0280127
0.0279662
0.027916
0.0278641
0.0278124
0.027763
0.0277177
0.0276783
0.0230428
0.0230009
0.022976
0.022969
0.0229802
0.0230091
0.0230547
0.0231154
0.023189
0.0232729
0.0233639
0.0234588
0.0235538
0.0236454
0.0237298
0.0238038
0.0238643
0.0239089
0.0239356
0.0239433
0.0239317
0.0239012
0.0238532
0.0237895
0.0237129
0.0236265
0.0235337
0.0234381
0.0233435
0.0232535
0.0231714
0.0231004
0.0149411
0.0148972
0.0148712
0.014864
0.0148757
0.0149059
0.0149536
0.0150173
0.0150949
0.0151837
0.0152806
0.0153821
0.0154844
0.0155836
0.0156757
0.0157568
0.0158235
0.0158728
0.0159025
0.0159112
0.0158985
0.015865
0.0158121
0.0157422
0.0156583
0.0155641
0.0154635
0.0153605
0.0152592
0.0151633
0.0150764
0.0150015
0.0048137
0.00478984
0.00477571
0.00477169
0.00477785
0.00479401
0.00481972
0.00485424
0.00489657
0.0049454
0.00499916
0.005056
0.00511387
0.00517051
0.00522357
0.00527074
0.00530984
0.00533898
0.00535672
0.00536214
0.00535493
0.00533544
0.00530464
0.00526404
0.00521558
0.00516147
0.0051041
0.00504586
0.00498904
0.00493572
0.00488774
0.00484665
0.0277455
0.0277291
0.0277183
0.0277135
0.027715
0.0277226
0.027736
0.0277547
0.027778
0.0278049
0.0278346
0.0278657
0.0278973
0.0279279
0.0279566
0.0279821
0.0280035
0.0280201
0.0280311
0.0280361
0.0280349
0.0280276
0.0280143
0.0279957
0.0279724
0.0279453
0.0279155
0.0278841
0.0278523
0.0278215
0.0277926
0.027767
0.0231871
0.0231547
0.0231339
0.0231253
0.0231294
0.0231458
0.023174
0.0232128
0.0232607
0.023316
0.0233766
0.02344
0.023504
0.0235661
0.023624
0.0236754
0.0237184
0.0237514
0.0237728
0.0237821
0.0237786
0.0237626
0.0237346
0.0236957
0.0236474
0.0235917
0.0235305
0.0234664
0.0234018
0.0233392
0.0232811
0.0232298
0.0150724
0.0150362
0.015013
0.0150037
0.0150084
0.0150271
0.0150589
0.0151027
0.0151568
0.0152193
0.0152879
0.0153599
0.0154327
0.0155037
0.0155699
0.0156289
0.0156784
0.0157163
0.015741
0.0157515
0.0157474
0.0157287
0.0156962
0.0156512
0.0155955
0.0155314
0.0154614
0.0153881
0.0153147
0.0152437
0.0151781
0.0151203
0.00487634
0.0048555
0.00484216
0.00483677
0.00483947
0.00485014
0.00486838
0.00489354
0.00492472
0.00496083
0.0050006
0.00504261
0.00508532
0.00512711
0.00516636
0.0052015
0.00523109
0.00525386
0.00526881
0.00527526
0.0052729
0.00526181
0.00524244
0.00521563
0.00518249
0.00514444
0.00510304
0.00505998
0.00501695
0.00497559
0.00493747
0.00490399
0.0279494
0.0279521
0.027952
0.027949
0.0279433
0.027935
0.0279243
0.0279119
0.027898
0.0278832
0.0278681
0.0278533
0.0278393
0.0278267
0.027816
0.0278076
0.0278018
0.0277989
0.027799
0.0278021
0.0278081
0.0278167
0.0278276
0.0278403
0.0278544
0.0278692
0.0278843
0.027899
0.0279128
0.0279252
0.0279356
0.0279438
0.0235605
0.0235635
0.0235622
0.0235569
0.0235476
0.0235347
0.0235188
0.0235005
0.0234803
0.0234592
0.0234379
0.0234172
0.0233978
0.0233807
0.0233664
0.0233555
0.0233484
0.0233454
0.0233466
0.023352
0.0233614
0.0233744
0.0233904
0.0234089
0.0234292
0.0234505
0.0234719
0.0234926
0.0235118
0.0235287
0.0235428
0.0235536
0.0154766
0.0154781
0.0154757
0.0154693
0.0154594
0.0154462
0.0154304
0.0154125
0.0153933
0.0153736
0.0153541
0.0153357
0.0153189
0.0153045
0.015293
0.0152848
0.0152802
0.0152792
0.015282
0.0152883
0.015298
0.0153106
0.0153258
0.015343
0.0153615
0.0153808
0.0153999
0.0154184
0.0154353
0.0154502
0.0154623
0.0154713
0.00510677
0.00510695
0.00510501
0.00510102
0.00509513
0.0050876
0.00507874
0.00506895
0.00505864
0.00504825
0.0050382
0.0050289
0.00502072
0.00501392
0.00500872
0.00500529
0.00500372
0.00500404
0.00500621
0.00501014
0.00501568
0.00502263
0.00503076
0.00503978
0.0050494
0.00505927
0.00506905
0.00507839
0.00508696
0.00509437
0.00510031
0.00510452
0.0280792
0.0280952
0.0281026
0.0281009
0.0280903
0.0280712
0.0280444
0.0280108
0.0279718
0.0279289
0.0278839
0.0278383
0.027794
0.0277527
0.0277158
0.0276849
0.027661
0.0276451
0.0276377
0.0276392
0.0276495
0.0276683
0.0276948
0.027728
0.0277666
0.0278093
0.0278544
0.0279001
0.0279446
0.0279864
0.0280236
0.028055
0.0238288
0.0238598
0.0238748
0.0238731
0.0238548
0.0238207
0.0237723
0.0237116
0.0236411
0.0235636
0.0234823
0.0234003
0.0233207
0.0232465
0.0231805
0.0231249
0.0230819
0.0230528
0.0230387
0.02304
0.0230569
0.0230886
0.0231342
0.0231919
0.0232598
0.0233354
0.0234159
0.0234982
0.0235792
0.0236557
0.0237246
0.0237831
0.0157853
0.0158196
0.0158363
0.0158345
0.0158143
0.0157768
0.0157236
0.0156571
0.0155803
0.0154964
0.0154088
0.0153211
0.0152365
0.0151582
0.0150887
0.0150306
0.0149857
0.0149553
0.0149406
0.0149419
0.0149592
0.0149921
0.0150394
0.0150997
0.015171
0.0152509
0.0153366
0.0154248
0.0155121
0.0155952
0.0156705
0.0157348
0.0052921
0.00531254
0.00532247
0.00532137
0.00530932
0.00528696
0.00525544
0.00521631
0.00517144
0.00512284
0.00507259
0.00502271
0.00497504
0.00493125
0.00489274
0.00486071
0.00483607
0.0048195
0.00481145
0.00481214
0.00482156
0.00483947
0.00486541
0.00489866
0.00493826
0.00498298
0.00503134
0.00508163
0.00513193
0.00518017
0.00522426
0.00526218
0.0280663
0.0280766
0.0280789
0.0280732
0.0280596
0.0280388
0.0280115
0.0279789
0.0279422
0.0279028
0.0278622
0.027822
0.0277838
0.0277489
0.0277187
0.0276943
0.0276766
0.0276663
0.0276637
0.0276691
0.0276821
0.0277024
0.0277292
0.0277614
0.027798
0.0278374
0.0278781
0.0279187
0.0279574
0.0279928
0.0280235
0.0280483
0.0238173
0.0238403
0.0238481
0.0238403
0.0238173
0.0237801
0.0237303
0.0236698
0.0236013
0.0235273
0.0234508
0.0233747
0.0233019
0.023235
0.0231765
0.0231286
0.0230929
0.0230707
0.0230628
0.0230696
0.0230908
0.0231257
0.0231732
0.0232314
0.0232984
0.0233716
0.0234482
0.0235253
0.0235999
0.0236691
0.0237299
0.02378
0.0157811
0.0158085
0.0158187
0.0158113
0.0157866
0.0157458
0.0156906
0.0156235
0.0155473
0.0154651
0.0153803
0.0152961
0.0152155
0.0151416
0.0150768
0.0150236
0.0149836
0.0149582
0.0149482
0.0149542
0.0149758
0.0150124
0.015063
0.0151256
0.0151983
0.0152784
0.015363
0.0154487
0.0155324
0.0156105
0.0156799
0.0157376
0.00529004
0.00530721
0.00531407
0.00531034
0.00529622
0.00527244
0.00524015
0.00520087
0.00515637
0.00510855
0.00505936
0.0050107
0.00496436
0.00492193
0.00488484
0.00485428
0.00483117
0.00481623
0.00480992
0.00481247
0.00482383
0.00484371
0.00487155
0.0049065
0.00494747
0.00499307
0.0050417
0.00509154
0.00514063
0.00518694
0.00522848
0.00526338
0.0279505
0.0279413
0.0279295
0.0279156
0.0279002
0.0278839
0.0278673
0.0278511
0.027836
0.0278224
0.0278108
0.0278018
0.0277956
0.0277925
0.0277925
0.0277957
0.0278019
0.0278109
0.0278224
0.0278359
0.0278509
0.0278669
0.0278834
0.0278996
0.0279149
0.0279288
0.0279406
0.02795
0.0279565
0.0279599
0.02796
0.0279568
0.0235987
0.0235856
0.0235675
0.023545
0.0235191
0.0234908
0.0234612
0.0234314
0.0234026
0.0233759
0.0233523
0.0233327
0.0233177
0.0233079
0.0233036
0.023305
0.0233122
0.0233247
0.0233422
0.023364
0.0233894
0.0234173
0.0234467
0.0234765
0.0235056
0.0235329
0.0235571
0.0235775
0.0235931
0.0236033
0.0236077
0.0236061
0.0155425
0.0155312
0.0155138
0.0154911
0.015464
0.0154336
0.015401
0.0153677
0.0153348
0.0153036
0.0152754
0.0152511
0.0152317
0.0152179
0.01521
0.0152085
0.0152133
0.0152243
0.0152411
0.015263
0.0152893
0.0153189
0.0153509
0.0153839
0.0154168
0.0154483
0.0154772
0.0155023
0.0155225
0.0155372
0.0155456
0.0155474
0.00514996
0.00514481
0.00513605
0.00512405
0.0051093
0.00509242
0.0050741
0.00505507
0.00503608
0.00501787
0.0050011
0.00498641
0.00497432
0.00496528
0.00495957
0.00495738
0.00495879
0.00496372
0.00497202
0.00498338
0.0049974
0.0050136
0.00503137
0.00505007
0.005069
0.00508742
0.00510463
0.00511994
0.00513273
0.00514248
0.00514876
0.0051513
0.0278403
0.0278157
0.0277934
0.0277742
0.0277589
0.0277481
0.0277423
0.0277415
0.0277459
0.0277553
0.0277692
0.0277872
0.0278086
0.0278325
0.0278581
0.0278843
0.0279101
0.0279346
0.0279568
0.0279758
0.027991
0.0280018
0.0280078
0.0280087
0.0280044
0.0279952
0.0279814
0.0279634
0.0279421
0.0279182
0.0278926
0.0278663
0.0233858
0.0233422
0.0233029
0.0232695
0.0232433
0.0232251
0.0232157
0.0232153
0.0232242
0.0232418
0.0232676
0.0233006
0.0233396
0.023383
0.0234293
0.0234767
0.0235234
0.0235675
0.0236074
0.0236414
0.0236682
0.0236868
0.0236965
0.0236968
0.0236877
0.0236696
0.0236432
0.0236096
0.0235701
0.0235262
0.0234797
0.0234323
0.015304
0.0152585
0.0152177
0.015183
0.0151557
0.0151367
0.0151269
0.0151264
0.0151354
0.0151536
0.0151803
0.0152146
0.0152553
0.0153009
0.0153497
0.0153997
0.0154492
0.015496
0.0155384
0.0155747
0.0156033
0.015623
0.0156331
0.0156332
0.0156232
0.0156037
0.0155754
0.0155395
0.0154976
0.0154512
0.0154022
0.0153525
0.00500995
0.00498516
0.00496311
0.00494456
0.00493013
0.00492031
0.00491545
0.0049157
0.0049211
0.00493147
0.00494649
0.00496567
0.00498838
0.00501381
0.00504102
0.005069
0.00509663
0.00512281
0.00514646
0.00516657
0.00518227
0.00519289
0.00519796
0.00519729
0.00519091
0.00517914
0.00516251
0.00514176
0.00511777
0.00509155
0.00506414
0.0050366
0.0278275
0.0278068
0.0277886
0.0277739
0.0277631
0.0277568
0.027755
0.0277579
0.0277654
0.0277771
0.0277925
0.0278112
0.0278323
0.0278551
0.0278787
0.0279021
0.0279246
0.0279451
0.027963
0.0279776
0.0279884
0.0279948
0.0279968
0.0279941
0.0279869
0.0279754
0.0279601
0.0279415
0.0279204
0.0278975
0.0278738
0.0278502
0.023352
0.0233114
0.0232764
0.0232483
0.0232281
0.0232167
0.0232145
0.0232215
0.0232374
0.0232617
0.0232935
0.0233314
0.0233741
0.02342
0.0234672
0.023514
0.0235585
0.023599
0.0236341
0.0236623
0.0236825
0.023694
0.0236964
0.0236894
0.0236735
0.0236492
0.0236174
0.0235794
0.0235366
0.0234907
0.0234434
0.0233966
0.0152591
0.0152145
0.0151761
0.0151455
0.0151236
0.0151115
0.0151094
0.0151176
0.0151356
0.0151628
0.0151982
0.0152404
0.015288
0.015339
0.0153915
0.0154436
0.0154931
0.0155383
0.0155773
0.0156085
0.0156308
0.0156433
0.0156455
0.0156372
0.0156188
0.0155911
0.0155551
0.0155123
0.0154642
0.0154129
0.0153603
0.0153084
0.00498234
0.00495706
0.0049355
0.00491845
0.00490652
0.00490012
0.00489949
0.00490465
0.0049154
0.00493138
0.004952
0.00497653
0.00500406
0.00503358
0.00506398
0.00509411
0.00512279
0.00514888
0.00517133
0.00518923
0.00520183
0.00520862
0.0052093
0.00520386
0.00519251
0.00517573
0.00515421
0.00512884
0.00510064
0.00507072
0.00504025
0.00501042
0.0278862
0.027887
0.0278875
0.0278876
0.0278874
0.0278869
0.027886
0.0278849
0.0278835
0.0278819
0.0278801
0.0278782
0.0278762
0.0278742
0.0278723
0.0278705
0.027869
0.0278678
0.027867
0.0278666
0.0278666
0.0278672
0.0278682
0.0278696
0.0278713
0.0278733
0.0278754
0.0278776
0.0278797
0.0278817
0.0278835
0.027885
0.0234593
0.0234567
0.023454
0.0234515
0.0234492
0.0234472
0.0234456
0.0234446
0.023444
0.0234439
0.0234443
0.0234451
0.0234463
0.0234477
0.0234494
0.0234511
0.023453
0.023455
0.0234569
0.0234589
0.0234608
0.0234626
0.0234642
0.0234656
0.0234667
0.0234675
0.0234678
0.0234676
0.0234669
0.0234657
0.023464
0.0234618
0.0153762
0.0153715
0.0153669
0.0153628
0.0153593
0.0153565
0.0153546
0.0153536
0.0153536
0.0153545
0.0153563
0.0153588
0.015362
0.0153657
0.0153698
0.015374
0.0153783
0.0153824
0.0153864
0.01539
0.0153932
0.0153958
0.0153977
0.015399
0.0153995
0.0153991
0.0153979
0.0153959
0.0153931
0.0153896
0.0153855
0.015381
0.00505176
0.00504866
0.00504571
0.00504304
0.00504078
0.00503902
0.00503784
0.00503728
0.00503735
0.00503804
0.0050393
0.00504107
0.00504327
0.0050458
0.00504857
0.00505149
0.00505442
0.00505727
0.00505995
0.00506236
0.00506443
0.00506609
0.00506729
0.00506797
0.00506811
0.00506769
0.0050667
0.00506517
0.00506314
0.00506068
0.0050579
0.00505489
0.0279376
0.0279603
0.0279797
0.027995
0.0280058
0.0280115
0.028012
0.0280072
0.0279974
0.0279828
0.027964
0.0279418
0.027917
0.0278905
0.0278635
0.0278368
0.0278116
0.0277888
0.0277692
0.0277537
0.0277429
0.0277372
0.0277368
0.0277417
0.0277517
0.0277665
0.0277853
0.0278076
0.0278325
0.0278589
0.0278859
0.0279125
0.0235612
0.0236001
0.0236335
0.02366
0.0236786
0.0236886
0.0236894
0.0236812
0.0236641
0.0236389
0.0236067
0.0235686
0.0235263
0.0234813
0.0234354
0.0233904
0.0233479
0.0233097
0.023277
0.0232512
0.0232332
0.0232237
0.0232229
0.0232309
0.0232475
0.023272
0.0233035
0.0233408
0.0233826
0.0234273
0.0234731
0.0235183
0.0154917
0.0155331
0.0155686
0.0155968
0.0156164
0.0156267
0.0156272
0.0156179
0.015599
0.0155716
0.0155367
0.0154958
0.0154505
0.0154028
0.0153544
0.0153073
0.0152631
0.0152235
0.01519
0.0151637
0.0151455
0.015136
0.0151356
0.0151443
0.0151618
0.0151874
0.0152204
0.0152594
0.0153032
0.0153501
0.0153984
0.0154462
0.00512109
0.00514486
0.00516528
0.00518144
0.00519261
0.00519828
0.00519816
0.00519227
0.00518088
0.00516451
0.00514391
0.00511999
0.00509377
0.00506635
0.00503881
0.00501223
0.00498754
0.00496562
0.00494721
0.0049329
0.00492315
0.00491827
0.0049184
0.00492354
0.00493353
0.00494806
0.00496666
0.00498873
0.0050135
0.00504013
0.00506764
0.00509499
0.027958
0.0279889
0.0280153
0.0280362
0.0280508
0.0280585
0.028059
0.0280524
0.0280388
0.0280189
0.0279933
0.027963
0.0279293
0.0278935
0.0278568
0.0278208
0.0277867
0.0277559
0.0277296
0.0277088
0.0276942
0.0276864
0.0276858
0.0276924
0.0277059
0.0277258
0.0277513
0.0277814
0.0278151
0.027851
0.0278877
0.0279238
0.0235975
0.023653
0.0237009
0.0237393
0.0237666
0.0237817
0.0237839
0.0237732
0.02375
0.0237152
0.0236704
0.0236174
0.0235582
0.0234952
0.0234309
0.0233678
0.0233082
0.0232544
0.0232083
0.0231717
0.0231457
0.0231314
0.0231293
0.0231394
0.0231613
0.0231944
0.0232374
0.0232888
0.0233467
0.0234088
0.023473
0.0235367
0.0155294
0.0155898
0.0156421
0.0156844
0.0157145
0.0157314
0.0157342
0.0157227
0.0156976
0.0156599
0.0156113
0.0155538
0.01549
0.0154223
0.0153535
0.0152861
0.0152228
0.0151658
0.015117
0.0150782
0.0150507
0.0150354
0.0150328
0.015043
0.0150657
0.0151001
0.0151451
0.0151991
0.0152603
0.0153264
0.0153951
0.0154636
0.00513991
0.00517467
0.00520502
0.00522961
0.00524728
0.00525719
0.00525887
0.00525226
0.00523767
0.00521581
0.00518773
0.0051547
0.00511818
0.00507972
0.00504086
0.00500309
0.00496777
0.00493611
0.00490917
0.00488779
0.00487264
0.00486416
0.00486261
0.00486805
0.00488032
0.00489907
0.00492374
0.00495356
0.00498756
0.00502458
0.00506331
0.00510227
0.0279741
0.0279992
0.0280195
0.0280342
0.0280426
0.0280445
0.0280398
0.0280287
0.0280117
0.0279893
0.0279626
0.0279325
0.0279001
0.0278667
0.0278335
0.0278019
0.027773
0.027748
0.0277277
0.027713
0.0277044
0.0277023
0.0277067
0.0277176
0.0277344
0.0277567
0.0277834
0.0278137
0.0278462
0.0278798
0.0279132
0.027945
0.0236227
0.023668
0.0237051
0.0237325
0.023749
0.023754
0.0237473
0.0237291
0.0237002
0.0236618
0.0236154
0.023563
0.0235066
0.0234484
0.0233907
0.0233356
0.0232852
0.0232414
0.0232058
0.0231796
0.0231638
0.023159
0.0231653
0.0231826
0.0232102
0.0232471
0.023292
0.0233432
0.0233989
0.0234569
0.023515
0.0235711
0.0155537
0.0156029
0.0156436
0.0156738
0.0156924
0.0156985
0.0156918
0.0156728
0.0156421
0.0156011
0.0155516
0.0154956
0.0154354
0.0153734
0.015312
0.0152534
0.0151999
0.0151534
0.0151155
0.0150875
0.0150703
0.0150646
0.0150706
0.015088
0.0151164
0.0151546
0.0152014
0.0152552
0.015314
0.0153756
0.0154376
0.0154978
0.00515026
0.00517807
0.00520115
0.00521847
0.00522924
0.00523298
0.00522951
0.00521899
0.00520192
0.00517909
0.00515151
0.00512039
0.00508704
0.00505281
0.00501902
0.00498693
0.00495768
0.00493229
0.00491159
0.00489624
0.00488675
0.0048834
0.00488632
0.0048954
0.00491039
0.00493081
0.00495601
0.00498514
0.00501721
0.00505106
0.00508541
0.00511893
0.0279761
0.0279911
0.0280016
0.0280072
0.0280077
0.028003
0.0279934
0.0279793
0.0279612
0.0279399
0.0279162
0.0278909
0.027865
0.0278395
0.0278153
0.0277934
0.0277746
0.0277596
0.027749
0.0277432
0.0277424
0.0277466
0.0277558
0.0277696
0.0277876
0.0278089
0.0278329
0.0278584
0.0278847
0.0279105
0.027935
0.0279572
0.0236313
0.0236576
0.0236761
0.0236859
0.0236868
0.0236786
0.0236618
0.023637
0.0236051
0.0235676
0.0235259
0.0234815
0.0234363
0.023392
0.0233502
0.0233124
0.0232802
0.0232547
0.0232367
0.0232271
0.0232261
0.0232338
0.0232499
0.0232738
0.0233048
0.0233415
0.0233828
0.0234269
0.0234722
0.023517
0.0235596
0.0235982
0.0155653
0.0155932
0.0156128
0.0156231
0.0156237
0.0156146
0.0155962
0.0155694
0.0155351
0.0154948
0.0154501
0.0154029
0.0153549
0.015308
0.015264
0.0152244
0.0151908
0.0151642
0.0151457
0.015136
0.0151352
0.0151436
0.0151608
0.0151862
0.0152189
0.0152578
0.0153014
0.0153482
0.0153962
0.0154438
0.015489
0.0155301
0.00515792
0.00517281
0.005183
0.00518807
0.00518778
0.00518215
0.00517143
0.0051561
0.00513683
0.00511442
0.00508982
0.00506401
0.00503802
0.00501282
0.00498935
0.00496845
0.00495085
0.00493716
0.00492783
0.00492318
0.00492337
0.00492839
0.00493809
0.00495214
0.00497008
0.0049913
0.00501503
0.00504042
0.00506653
0.00509233
0.00511682
0.00513899
0.0279491
0.027956
0.0279599
0.0279604
0.0279577
0.0279519
0.0279432
0.0279319
0.0279186
0.0279037
0.0278879
0.0278716
0.0278555
0.0278402
0.0278263
0.0278142
0.0278045
0.0277974
0.0277934
0.0277924
0.0277947
0.0278001
0.0278084
0.0278194
0.0278327
0.0278477
0.0278638
0.0278805
0.027897
0.0279127
0.027927
0.0279393
0.0235862
0.0235985
0.0236051
0.023606
0.0236011
0.0235905
0.0235748
0.0235545
0.0235305
0.0235037
0.0234751
0.0234459
0.023417
0.0233898
0.023365
0.0233437
0.0233267
0.0233146
0.0233078
0.0233067
0.0233112
0.0233213
0.0233366
0.0233565
0.0233803
0.023407
0.0234357
0.0234652
0.0234944
0.0235221
0.0235473
0.023569
0.0155191
0.0155316
0.0155381
0.0155383
0.0155322
0.01552
0.0155024
0.0154799
0.0154536
0.0154244
0.0153935
0.015362
0.0153313
0.0153023
0.0152763
0.0152541
0.0152366
0.0152244
0.0152179
0.0152175
0.0152231
0.0152346
0.0152516
0.0152734
0.0152992
0.0153281
0.015359
0.0153907
0.0154219
0.0154515
0.0154782
0.0155011
0.00513271
0.00513868
0.00514129
0.00514042
0.00513611
0.00512857
0.0051181
0.00510514
0.00509023
0.00507395
0.00505696
0.0050399
0.00502342
0.00500813
0.00499459
0.00498329
0.00497463
0.00496892
0.00496636
0.00496706
0.00497099
0.00497802
0.00498792
0.00500033
0.00501481
0.00503083
0.00504778
0.00506501
0.00508186
0.00509766
0.00511177
0.00512362
0.0279057
0.0279056
0.0279045
0.0279022
0.0278989
0.0278949
0.0278901
0.0278849
0.0278796
0.0278742
0.0278689
0.0278641
0.0278597
0.027856
0.0278531
0.027851
0.0278499
0.0278498
0.0278507
0.0278526
0.0278553
0.027859
0.0278633
0.0278683
0.0278736
0.0278792
0.0278848
0.0278901
0.0278949
0.0278991
0.0279023
0.0279045
0.0235078
0.0235091
0.0235084
0.0235056
0.0235009
0.0234946
0.0234867
0.0234778
0.0234681
0.0234579
0.0234478
0.0234381
0.023429
0.023421
0.0234143
0.0234092
0.0234058
0.0234043
0.0234047
0.0234072
0.0234114
0.0234175
0.023425
0.0234339
0.0234436
0.0234539
0.0234643
0.0234744
0.0234839
0.0234922
0.0234992
0.0235044
0.0154354
0.0154369
0.015436
0.0154329
0.0154275
0.0154202
0.0154113
0.0154011
0.01539
0.0153785
0.015367
0.0153559
0.0153456
0.0153366
0.015329
0.0153233
0.0153196
0.015318
0.0153186
0.0153214
0.0153264
0.0153333
0.0153419
0.0153519
0.0153629
0.0153745
0.0153863
0.0153978
0.0154084
0.0154179
0.0154257
0.0154317
0.00508609
0.00508639
0.00508537
0.00508306
0.00507958
0.00507506
0.00506971
0.00506373
0.00505736
0.00505085
0.00504444
0.00503838
0.00503288
0.00502814
0.00502433
0.00502158
0.00501999
0.00501962
0.00502048
0.00502257
0.0050258
0.00503007
0.00503523
0.00504108
0.00504743
0.00505401
0.00506057
0.00506685
0.00507259
0.00507758
0.00508159
0.00508447
0.0278685
0.0278591
0.0278503
0.0278425
0.027836
0.0278311
0.0278279
0.0278268
0.0278276
0.0278304
0.0278351
0.0278414
0.027849
0.0278578
0.0278672
0.027877
0.0278868
0.0278961
0.0279046
0.0279121
0.0279182
0.0279227
0.0279254
0.0279264
0.0279256
0.027923
0.0279186
0.0279127
0.0279055
0.0278971
0.0278879
0.0278783
0.0234377
0.0234238
0.0234112
0.0234002
0.0233914
0.0233851
0.0233815
0.0233808
0.023383
0.023388
0.0233958
0.0234058
0.0234179
0.0234315
0.023446
0.0234609
0.0234755
0.0234894
0.023502
0.0235127
0.0235213
0.0235274
0.0235308
0.0235313
0.0235289
0.0235238
0.0235161
0.0235062
0.0234944
0.0234811
0.0234669
0.0234522
0.015358
0.0153442
0.0153318
0.015321
0.0153123
0.0153061
0.0153026
0.0153019
0.0153042
0.0153092
0.015317
0.015327
0.0153391
0.0153526
0.0153672
0.0153821
0.0153968
0.0154108
0.0154234
0.0154342
0.0154428
0.0154489
0.0154521
0.0154525
0.01545
0.0154447
0.0154368
0.0154267
0.0154147
0.0154014
0.0153871
0.0153724
0.00504173
0.00503431
0.0050276
0.00502184
0.00501725
0.00501401
0.00501223
0.005012
0.00501334
0.0050162
0.00502048
0.00502604
0.00503266
0.00504009
0.00504805
0.00505624
0.00506431
0.00507196
0.00507887
0.00508477
0.00508942
0.00509264
0.00509431
0.00509436
0.00509282
0.00508974
0.00508526
0.00507956
0.00507287
0.00506545
0.00505759
0.00504959
0.0278651
0.0278446
0.0278253
0.0278079
0.0277932
0.0277816
0.0277737
0.0277698
0.02777
0.0277743
0.0277826
0.0277944
0.0278094
0.027827
0.0278463
0.0278668
0.0278876
0.027908
0.027927
0.0279441
0.0279586
0.0279699
0.0279776
0.0279815
0.0279813
0.0279772
0.0279692
0.0279577
0.027943
0.0279257
0.0279064
0.0278859
0.02343
0.0233966
0.0233656
0.023338
0.023315
0.0232973
0.0232857
0.0232805
0.0232821
0.0232902
0.0233047
0.023325
0.0233504
0.0233798
0.0234122
0.0234463
0.0234808
0.0235144
0.0235458
0.0235737
0.0235971
0.0236151
0.0236268
0.023632
0.0236304
0.023622
0.0236071
0.0235864
0.0235607
0.023531
0.0234985
0.0234644
0.0153494
0.0153152
0.0152834
0.0152553
0.015232
0.0152142
0.0152025
0.0151975
0.0151993
0.0152078
0.0152228
0.0152436
0.0152696
0.0152998
0.0153331
0.0153682
0.0154038
0.0154386
0.0154711
0.0155
0.0155243
0.0155429
0.0155551
0.0155603
0.0155584
0.0155494
0.0155337
0.015512
0.015485
0.015454
0.0154202
0.0153849
0.00503777
0.00501928
0.00500222
0.0049872
0.00497475
0.00496531
0.00495919
0.0049566
0.00495762
0.00496223
0.00497027
0.00498146
0.00499542
0.00501166
0.00502959
0.00504857
0.00506787
0.00508677
0.00510451
0.00512038
0.00513371
0.00514394
0.00515062
0.00515348
0.00515238
0.00514736
0.00513865
0.00512662
0.00511178
0.00509476
0.00507626
0.00505701
0.0278772
0.0278499
0.0278235
0.0277991
0.0277776
0.02776
0.0277467
0.0277385
0.0277355
0.0277379
0.0277456
0.0277582
0.0277752
0.0277961
0.0278199
0.0278459
0.0278729
0.0278999
0.027926
0.0279502
0.0279714
0.027989
0.0280023
0.0280107
0.0280139
0.0280118
0.0280045
0.0279921
0.0279752
0.0279544
0.0279305
0.0279044
0.0234537
0.0234066
0.0233615
0.0233201
0.023284
0.0232545
0.0232326
0.0232193
0.0232149
0.0232196
0.0232332
0.0232553
0.023285
0.0233211
0.0233625
0.0234075
0.0234545
0.0235016
0.023547
0.023589
0.023626
0.0236564
0.0236791
0.0236931
0.0236979
0.0236932
0.0236793
0.0236566
0.023626
0.0235889
0.0235467
0.023501
0.0153768
0.0153271
0.0152796
0.0152362
0.0151983
0.0151673
0.0151444
0.0151303
0.0151255
0.0151301
0.015144
0.0151667
0.0151973
0.0152349
0.0152779
0.015325
0.0153743
0.015424
0.0154722
0.015517
0.0155565
0.0155893
0.0156139
0.0156293
0.0156348
0.0156302
0.0156156
0.0155916
0.0155592
0.0155198
0.0154751
0.0154267
0.00505561
0.0050283
0.00500222
0.00497835
0.00495753
0.00494047
0.00492773
0.00491973
0.00491671
0.00491876
0.00492579
0.00493757
0.00495371
0.00497367
0.00499677
0.0050222
0.00504907
0.00507637
0.00510306
0.00512809
0.00515044
0.00516915
0.00518342
0.00519259
0.00519625
0.00519421
0.00518655
0.00517361
0.00515594
0.00513434
0.00510971
0.00508311
0.0278994
0.0278754
0.0278513
0.0278282
0.027807
0.0277884
0.0277733
0.0277621
0.0277554
0.0277533
0.0277558
0.027763
0.0277744
0.0277897
0.0278082
0.0278292
0.027852
0.0278756
0.0278993
0.027922
0.027943
0.0279614
0.0279766
0.027988
0.0279951
0.0279977
0.0279956
0.0279888
0.0279776
0.0279624
0.0279438
0.0279225
0.0234883
0.0234452
0.0234026
0.0233622
0.0233255
0.0232939
0.0232686
0.0232504
0.0232401
0.0232379
0.023244
0.0232581
0.0232796
0.0233077
0.0233415
0.0233796
0.0234207
0.0234633
0.0235056
0.0235462
0.0235834
0.0236158
0.0236421
0.0236612
0.0236724
0.0236752
0.0236694
0.0236552
0.0236331
0.0236041
0.0235694
0.0235302
0.0154121
0.0153658
0.0153202
0.015277
0.0152379
0.0152044
0.0151775
0.0151583
0.0151474
0.0151451
0.0151516
0.0151665
0.0151892
0.0152191
0.015255
0.0152956
0.0153394
0.0153849
0.0154303
0.0154739
0.0155141
0.0155491
0.0155777
0.0155985
0.0156107
0.0156138
0.0156076
0.0155922
0.0155684
0.015537
0.0154995
0.0154573
0.00507473
0.00504908
0.00502382
0.00499991
0.00497824
0.00495961
0.00494463
0.00493383
0.00492753
0.00492593
0.00492904
0.00493676
0.00494881
0.00496476
0.00498408
0.0050061
0.00503005
0.00505506
0.00508023
0.00510458
0.00512716
0.00514706
0.00516343
0.00517558
0.00518294
0.00518517
0.00518215
0.00517399
0.00516102
0.00514381
0.00512309
0.00509974
0.0279321
0.0279195
0.0279053
0.02789
0.0278742
0.0278586
0.0278437
0.0278302
0.0278185
0.0278091
0.0278023
0.0277984
0.0277973
0.0277993
0.0278042
0.0278117
0.0278217
0.0278338
0.0278474
0.0278622
0.0278776
0.027893
0.0279078
0.0279216
0.0279337
0.0279436
0.027951
0.0279555
0.0279568
0.0279551
0.0279502
0.0279424
0.0235414
0.023518
0.0234923
0.0234652
0.0234379
0.0234114
0.0233868
0.0233648
0.0233465
0.0233323
0.0233228
0.0233184
0.0233191
0.0233249
0.0233357
0.0233509
0.0233701
0.0233926
0.0234175
0.023444
0.023471
0.0234976
0.0235227
0.0235454
0.0235647
0.0235798
0.0235901
0.0235951
0.0235947
0.0235887
0.0235775
0.0235615
0.0154671
0.0154417
0.0154138
0.0153846
0.0153553
0.0153271
0.0153009
0.0152778
0.0152586
0.0152439
0.0152343
0.0152301
0.0152314
0.015238
0.0152499
0.0152666
0.0152874
0.0153116
0.0153385
0.0153669
0.0153959
0.0154244
0.0154513
0.0154754
0.0154958
0.0155117
0.0155224
0.0155273
0.0155263
0.0155194
0.0155069
0.0154892
0.00510457
0.00509069
0.00507541
0.00505938
0.00504324
0.00502761
0.0050131
0.00500023
0.00498944
0.00498112
0.00497552
0.00497282
0.00497311
0.00497635
0.00498244
0.00499116
0.00500222
0.00501523
0.00502974
0.00504524
0.00506116
0.00507691
0.00509187
0.00510546
0.0051171
0.0051263
0.00513266
0.00513587
0.0051358
0.00513243
0.00512589
0.00511647
0.02797
0.0279712
0.0279687
0.0279626
0.0279532
0.0279408
0.027926
0.0279094
0.0278916
0.0278732
0.0278549
0.0278375
0.0278215
0.0278075
0.027796
0.0277876
0.0277824
0.0277808
0.0277827
0.0277882
0.0277971
0.027809
0.0278236
0.0278403
0.0278585
0.0278773
0.0278962
0.0279142
0.0279307
0.0279451
0.0279567
0.0279651
0.0236084
0.0236095
0.0236046
0.023594
0.0235781
0.0235575
0.023533
0.0235056
0.0234764
0.0234464
0.0234169
0.0233889
0.0233634
0.0233414
0.0233237
0.0233109
0.0233036
0.0233021
0.0233064
0.0233165
0.0233318
0.023352
0.0233762
0.0234035
0.023433
0.0234634
0.0234935
0.0235222
0.0235483
0.0235708
0.0235887
0.0236014
0.0155388
0.0155398
0.0155344
0.0155229
0.0155059
0.0154839
0.015458
0.015429
0.0153982
0.0153668
0.0153359
0.0153066
0.0152802
0.0152575
0.0152393
0.0152264
0.0152192
0.015218
0.0152229
0.0152336
0.0152499
0.0152711
0.0152964
0.015325
0.0153558
0.0153875
0.015419
0.0154489
0.0154762
0.0154997
0.0155184
0.0155316
0.00514411
0.00514519
0.00514267
0.00513667
0.00512745
0.00511539
0.00510101
0.00508488
0.00506767
0.00505005
0.00503269
0.00501625
0.00500133
0.00498848
0.00497814
0.00497068
0.00496634
0.00496529
0.00496755
0.00497305
0.00498162
0.00499296
0.00500667
0.00502228
0.00503919
0.0050568
0.0050744
0.00509133
0.00510689
0.00512046
0.00513148
0.00513947
0.0279993
0.0280114
0.0280181
0.0280192
0.0280147
0.0280047
0.0279896
0.0279703
0.0279473
0.0279215
0.027894
0.0278657
0.0278376
0.027811
0.0277867
0.0277656
0.0277486
0.0277363
0.0277292
0.0277275
0.0277314
0.0277408
0.0277553
0.0277745
0.0277976
0.0278236
0.0278516
0.0278805
0.0279091
0.0279363
0.027961
0.0279823
0.0236679
0.023689
0.023701
0.0237035
0.0236962
0.0236794
0.023654
0.0236209
0.0235814
0.0235372
0.0234899
0.0234414
0.0233935
0.0233481
0.0233068
0.0232712
0.0232426
0.023222
0.0232102
0.0232077
0.0232145
0.0232304
0.0232549
0.023287
0.0233256
0.0233693
0.0234164
0.0234651
0.0235135
0.0235597
0.0236019
0.0236384
0.0156073
0.0156307
0.0156441
0.015647
0.0156394
0.0156214
0.0155939
0.0155581
0.0155154
0.0154677
0.0154167
0.0153646
0.0153134
0.0152649
0.0152209
0.0151832
0.0151529
0.0151311
0.0151186
0.0151159
0.0151229
0.0151396
0.0151652
0.015199
0.0152398
0.015286
0.015336
0.0153879
0.0154398
0.0154896
0.0155353
0.0155751
0.00518506
0.00519917
0.00520755
0.00520983
0.00520587
0.00519587
0.00518028
0.00515981
0.00513535
0.00510798
0.00507884
0.0050491
0.00501992
0.00499241
0.00496753
0.00494615
0.00492897
0.00491654
0.00490924
0.00490732
0.00491081
0.00491962
0.00493347
0.00495193
0.00497438
0.00500008
0.00502813
0.00505751
0.00508713
0.00511583
0.00514245
0.00516587
0.0279977
0.0280134
0.0280236
0.028028
0.0280263
0.0280187
0.0280055
0.0279873
0.0279648
0.0279389
0.0279105
0.0278807
0.0278507
0.0278214
0.0277941
0.0277697
0.0277492
0.0277334
0.0277228
0.0277179
0.0277189
0.0277258
0.0277383
0.0277561
0.0277785
0.0278047
0.0278335
0.0278639
0.0278946
0.0279245
0.0279523
0.0279771
0.023669
0.0236968
0.0237151
0.0237232
0.0237208
0.023708
0.0236853
0.0236536
0.0236143
0.0235689
0.0235193
0.0234674
0.0234151
0.0233645
0.0233175
0.0232757
0.0232408
0.0232141
0.0231964
0.0231884
0.0231905
0.0232025
0.0232241
0.0232546
0.0232927
0.0233371
0.0233861
0.0234379
0.0234906
0.0235419
0.02359
0.023633
0.0156117
0.0156425
0.0156629
0.015672
0.0156696
0.0156556
0.0156307
0.0155959
0.0155527
0.015503
0.0154488
0.0153922
0.0153355
0.0152808
0.0152301
0.0151852
0.0151479
0.0151192
0.0151004
0.0150918
0.015094
0.0151068
0.0151297
0.0151621
0.0152028
0.0152504
0.0153031
0.015359
0.0154161
0.015472
0.0155247
0.0155719
0.00518889
0.00520726
0.0052196
0.00522534
0.0052242
0.00521623
0.00520182
0.00518162
0.00515656
0.00512774
0.00509639
0.00506382
0.0050313
0.00500007
0.00497126
0.00494587
0.00492474
0.00490855
0.0048978
0.00489283
0.0048938
0.00490067
0.00491324
0.00493112
0.00495375
0.00498039
0.00501014
0.00504195
0.00507464
0.00510696
0.00513761
0.00516532
0.0279781
0.0279938
0.0280049
0.0280108
0.0280114
0.0280067
0.027997
0.0279825
0.027964
0.0279422
0.0279178
0.0278918
0.027865
0.0278386
0.0278135
0.0277906
0.0277709
0.0277549
0.0277435
0.027737
0.0277356
0.0277396
0.0277488
0.0277628
0.0277812
0.0278033
0.0278282
0.0278549
0.0278823
0.0279094
0.027935
0.0279582
0.0236285
0.0236547
0.0236731
0.023683
0.0236841
0.0236762
0.0236597
0.0236352
0.0236039
0.0235668
0.0235256
0.0234817
0.023437
0.023393
0.0233514
0.0233139
0.0232817
0.0232562
0.0232381
0.0232283
0.023227
0.0232344
0.0232502
0.0232738
0.0233043
0.0233407
0.0233816
0.0234254
0.0234704
0.0235149
0.0235572
0.0235955
0.0155656
0.0155937
0.0156133
0.0156238
0.0156245
0.0156156
0.0155973
0.0155705
0.0155363
0.0154961
0.0154515
0.0154043
0.0153564
0.0153095
0.0152655
0.0152259
0.0151922
0.0151656
0.015147
0.0151371
0.0151362
0.0151444
0.0151614
0.0151867
0.0152192
0.015258
0.0153015
0.0153482
0.0153962
0.0154438
0.0154891
0.0155302
0.00516057
0.00517649
0.00518762
0.00519345
0.00519373
0.00518844
0.00517782
0.00516236
0.00514273
0.0051198
0.00509452
0.00506794
0.0050411
0.00501504
0.00499069
0.00496895
0.00495055
0.00493611
0.0049261
0.00492086
0.00492054
0.00492518
0.00493462
0.00494857
0.00496658
0.00498803
0.00501219
0.00503818
0.00506505
0.00509178
0.00511729
0.00514054
0.0279697
0.0279886
0.028003
0.0280125
0.0280165
0.028015
0.0280081
0.0279962
0.0279796
0.0279592
0.0279355
0.0279096
0.0278823
0.0278546
0.0278276
0.0278024
0.0277798
0.0277607
0.0277459
0.0277359
0.0277312
0.027732
0.0277382
0.0277498
0.0277662
0.0277869
0.027811
0.0278376
0.0278656
0.0278939
0.0279213
0.0279469
0.0236079
0.0236386
0.0236623
0.0236779
0.0236848
0.0236828
0.0236719
0.0236526
0.0236256
0.0235921
0.0235534
0.023511
0.0234665
0.0234217
0.0233782
0.0233377
0.0233017
0.0232716
0.0232484
0.0232331
0.0232262
0.023228
0.0232385
0.0232571
0.0232834
0.0233163
0.0233545
0.0233967
0.0234412
0.0234862
0.0235302
0.0235712
0.0155408
0.0155728
0.0155972
0.0156131
0.0156198
0.015617
0.0156048
0.0155837
0.0155547
0.0155189
0.0154778
0.0154331
0.0153864
0.0153397
0.0152946
0.0152529
0.0152161
0.0151856
0.0151624
0.0151474
0.015141
0.0151436
0.015155
0.0151749
0.0152025
0.0152369
0.0152767
0.0153207
0.015367
0.015414
0.0154598
0.0155026
0.00514509
0.0051624
0.00517552
0.00518388
0.0051871
0.00518505
0.0051778
0.00516569
0.00514925
0.00512919
0.00510638
0.00508174
0.00505628
0.00503098
0.00500681
0.00498464
0.00496525
0.00494932
0.00493738
0.00492982
0.0049269
0.00492872
0.00493521
0.00494617
0.00496125
0.00497993
0.00500157
0.0050254
0.00505056
0.00507609
0.00510102
0.00512434
0.0279796
0.028004
0.0280232
0.0280365
0.0280435
0.0280439
0.0280376
0.0280251
0.0280068
0.0279835
0.0279561
0.0279255
0.0278929
0.0278595
0.0278267
0.0277955
0.0277672
0.0277429
0.0277235
0.0277097
0.0277022
0.0277011
0.0277066
0.0277186
0.0277366
0.0277599
0.0277877
0.0278188
0.027852
0.027886
0.0279195
0.0279511
0.0236246
0.0236659
0.0236991
0.0237228
0.0237359
0.0237381
0.0237291
0.0237094
0.0236797
0.0236414
0.0235959
0.0235451
0.0234909
0.0234355
0.023381
0.0233294
0.0232827
0.0232426
0.0232106
0.0231879
0.0231752
0.0231731
0.0231816
0.0232004
0.0232288
0.0232659
0.0233103
0.0233602
0.023414
0.0234693
0.0235243
0.0235768
0.015558
0.0156015
0.0156363
0.0156611
0.0156748
0.0156767
0.0156668
0.0156455
0.0156137
0.0155729
0.0155246
0.015471
0.0154141
0.0153563
0.0152996
0.0152464
0.0151984
0.0151575
0.015125
0.015102
0.0150895
0.0150877
0.0150968
0.0151164
0.0151459
0.0151843
0.0152302
0.0152819
0.0153377
0.0153954
0.0154529
0.0155078
0.00515479
0.00517857
0.00519759
0.00521101
0.00521819
0.0052188
0.00521283
0.00520053
0.00518249
0.00515954
0.00513267
0.00510306
0.00507193
0.00504053
0.00501006
0.00498162
0.00495621
0.0049347
0.00491779
0.00490601
0.00489974
0.00489917
0.00490433
0.00491505
0.00493101
0.0049517
0.00497645
0.00500442
0.00503463
0.00506599
0.0050973
0.00512731
0.0280016
0.0280269
0.0280461
0.0280586
0.0280637
0.0280613
0.0280516
0.028035
0.0280123
0.0279843
0.027952
0.0279169
0.02788
0.0278428
0.0278067
0.0277731
0.0277432
0.027718
0.0276987
0.0276859
0.0276802
0.0276817
0.0276905
0.0277062
0.0277284
0.0277563
0.0277887
0.0278244
0.027862
0.0278999
0.0279368
0.0279711
0.0236649
0.0237102
0.0237456
0.0237696
0.0237811
0.0237798
0.0237656
0.0237391
0.0237016
0.0236546
0.0235999
0.0235398
0.0234766
0.0234128
0.0233509
0.0232931
0.0232415
0.0231981
0.0231644
0.0231416
0.0231305
0.0231316
0.0231447
0.0231695
0.0232051
0.0232503
0.0233033
0.0233622
0.0234249
0.023489
0.023552
0.0236114
0.0156012
0.01565
0.0156882
0.0157142
0.0157268
0.0157255
0.0157104
0.0156821
0.015642
0.0155917
0.0155334
0.0154696
0.0154028
0.0153356
0.0152706
0.0152101
0.0151564
0.0151112
0.0150762
0.0150525
0.0150408
0.0150417
0.0150551
0.0150805
0.0151172
0.0151638
0.0152189
0.0152805
0.0153463
0.0154139
0.0154807
0.015544
0.00517911
0.0052063
0.00522761
0.00524204
0.00524891
0.00524791
0.0052391
0.00522291
0.00520013
0.00517183
0.00513927
0.00510388
0.00506711
0.0050304
0.00499513
0.00496255
0.00493377
0.00490974
0.00489119
0.00487871
0.00487267
0.00487327
0.0048805
0.00489416
0.00491386
0.004939
0.00496879
0.00500225
0.0050382
0.00507531
0.00511217
0.00514726
0.0280226
0.0280396
0.02805
0.0280534
0.0280497
0.0280391
0.028022
0.0279992
0.0279716
0.0279404
0.0279067
0.0278718
0.0278369
0.0278035
0.0277726
0.0277454
0.027723
0.0277062
0.0276956
0.0276916
0.0276944
0.0277039
0.0277199
0.0277417
0.0277687
0.0277998
0.0278338
0.0278694
0.0279052
0.0279397
0.0279716
0.0279996
0.0237055
0.0237383
0.0237599
0.0237694
0.0237664
0.0237511
0.023724
0.0236865
0.02364
0.0235865
0.0235281
0.0234671
0.023406
0.0233469
0.023292
0.0232435
0.0232029
0.0231718
0.0231514
0.0231422
0.0231446
0.0231587
0.0231838
0.0232192
0.0232636
0.0233154
0.0233727
0.0234334
0.0234952
0.0235556
0.0236123
0.0236629
0.0156463
0.0156827
0.0157071
0.0157183
0.0157159
0.0157001
0.0156715
0.0156315
0.0155818
0.0155245
0.015462
0.0153968
0.0153315
0.0152684
0.0152099
0.0151581
0.0151148
0.0150814
0.015059
0.0150485
0.0150502
0.015064
0.0150895
0.015126
0.0151721
0.0152264
0.0152869
0.0153514
0.0154175
0.0154826
0.015544
0.0155994
0.00520488
0.00522561
0.0052395
0.00524591
0.00524455
0.00523554
0.00521931
0.00519665
0.00516861
0.00513646
0.00510157
0.00506537
0.00502927
0.00499462
0.00496264
0.00493441
0.00491085
0.0048927
0.00488053
0.00487471
0.00487543
0.00488271
0.00489636
0.00491597
0.00494097
0.00497055
0.00500372
0.00503933
0.00507604
0.00511243
0.005147
0.00517828
0.0280239
0.0280237
0.0280176
0.0280058
0.0279887
0.0279671
0.0279419
0.0279141
0.0278849
0.0278554
0.0278268
0.0278
0.0277761
0.0277559
0.0277401
0.0277292
0.0277237
0.0277238
0.0277294
0.0277404
0.0277564
0.0277767
0.0278008
0.0278277
0.0278565
0.0278861
0.0279154
0.0279432
0.0279683
0.0279897
0.0280065
0.0280181
0.0237132
0.023716
0.0237084
0.0236908
0.0236638
0.0236287
0.0235868
0.0235399
0.0234899
0.0234387
0.0233883
0.0233407
0.0232975
0.0232604
0.0232307
0.0232094
0.0231973
0.0231948
0.023202
0.0232186
0.023244
0.0232774
0.0233176
0.0233631
0.0234123
0.0234633
0.0235141
0.0235628
0.0236074
0.0236462
0.0236776
0.0237002
0.0156581
0.0156628
0.0156561
0.0156384
0.0156104
0.0155734
0.0155289
0.0154789
0.0154253
0.0153702
0.0153158
0.0152642
0.0152173
0.0151766
0.0151437
0.0151196
0.0151052
0.0151009
0.0151069
0.0151231
0.0151488
0.0151832
0.0152251
0.0152731
0.0153255
0.0153802
0.0154352
0.0154884
0.0155376
0.0155808
0.0156162
0.0156424
0.00521314
0.00521612
0.00521262
0.00520279
0.00518711
0.00516628
0.00514125
0.00511309
0.00508299
0.00505217
0.0050218
0.00499302
0.00496686
0.00494419
0.00492578
0.0049122
0.00490391
0.00490115
0.00490403
0.00491247
0.00492622
0.00494484
0.00496775
0.00499419
0.00502323
0.00505382
0.00508481
0.00511498
0.0051431
0.00516797
0.00518851
0.0052038
0.0279939
0.0279764
0.0279547
0.0279298
0.0279026
0.0278743
0.027846
0.0278188
0.0277938
0.0277721
0.0277544
0.0277414
0.0277334
0.0277306
0.0277333
0.0277411
0.0277539
0.0277711
0.027792
0.0278159
0.027842
0.0278692
0.0278966
0.0279232
0.0279481
0.0279702
0.0279888
0.028003
0.0280122
0.0280159
0.0280141
0.0280066
0.023663
0.0236332
0.0235963
0.023554
0.0235078
0.0234597
0.0234115
0.0233651
0.0233222
0.0232845
0.0232534
0.02323
0.0232151
0.0232092
0.0232126
0.023225
0.023246
0.0232748
0.0233104
0.0233515
0.0233966
0.023444
0.023492
0.0235386
0.0235821
0.0236208
0.0236532
0.0236778
0.0236938
0.0237003
0.0236973
0.0236847
0.0156072
0.015576
0.0155372
0.0154924
0.0154434
0.0153921
0.0153406
0.0152907
0.0152445
0.0152036
0.0151695
0.0151434
0.0151262
0.0151184
0.0151204
0.015132
0.0151528
0.0151821
0.0152189
0.0152619
0.0153096
0.0153602
0.0154117
0.0154622
0.0155098
0.0155525
0.0155885
0.0156164
0.0156351
0.0156436
0.0156417
0.0156293
0.00518588
0.00516843
0.00514661
0.00512137
0.00509377
0.00506493
0.005036
0.00500807
0.00498218
0.00495924
0.00494005
0.00492524
0.0049153
0.00491055
0.00491112
0.00491701
0.00492803
0.00494383
0.0049639
0.00498755
0.00501397
0.00504222
0.00507125
0.00509993
0.00512713
0.00515173
0.00517269
0.00518908
0.0052002
0.00520555
0.00520487
0.00519821
0.0279507
0.027927
0.0279011
0.0278741
0.027847
0.0278209
0.0277969
0.027776
0.027759
0.0277466
0.0277392
0.027737
0.02774
0.0277481
0.0277608
0.0277778
0.0277983
0.0278215
0.0278466
0.0278726
0.0278986
0.0279237
0.0279469
0.0279674
0.0279845
0.0279975
0.0280059
0.0280092
0.0280073
0.0280002
0.027988
0.0279713
0.0235813
0.023538
0.0234915
0.0234437
0.0233964
0.0233514
0.0233106
0.0232754
0.0232471
0.0232268
0.0232151
0.0232125
0.0232191
0.0232344
0.0232581
0.0232891
0.0233263
0.0233685
0.0234139
0.0234611
0.0235081
0.0235531
0.0235946
0.0236307
0.0236602
0.0236817
0.0236944
0.0236977
0.0236914
0.0236759
0.0236516
0.0236197
0.0155174
0.0154705
0.0154202
0.0153685
0.0153175
0.0152691
0.0152251
0.0151872
0.0151567
0.0151346
0.0151218
0.0151185
0.015125
0.0151408
0.0151655
0.0151983
0.0152378
0.0152828
0.0153316
0.0153825
0.0154335
0.0154826
0.0155281
0.0155679
0.0156005
0.0156245
0.0156389
0.015643
0.0156365
0.0156199
0.0155937
0.015559
0.00513435
0.00510764
0.00507909
0.00504985
0.00502109
0.00499389
0.00496926
0.00494805
0.00493099
0.00491863
0.00491137
0.0049094
0.00491278
0.00492138
0.00493491
0.00495293
0.00497483
0.00499987
0.00502719
0.00505582
0.00508469
0.0051127
0.00513872
0.00516167
0.00518058
0.00519461
0.00520311
0.00520568
0.00520219
0.00519278
0.00517786
0.0051581
0.0279329
0.0279185
0.0279024
0.0278851
0.0278674
0.02785
0.0278337
0.0278192
0.0278069
0.0277976
0.0277913
0.0277883
0.0277887
0.0277923
0.0277989
0.0278084
0.0278203
0.0278342
0.0278495
0.0278657
0.0278823
0.0278987
0.0279142
0.0279284
0.0279407
0.0279507
0.027958
0.0279621
0.0279629
0.0279602
0.0279542
0.027945
0.0235396
0.0235111
0.0234805
0.023449
0.0234178
0.0233882
0.0233612
0.023338
0.0233193
0.0233059
0.0232981
0.0232963
0.0233004
0.0233103
0.0233255
0.0233455
0.0233696
0.023397
0.0234265
0.0234572
0.023488
0.0235176
0.0235449
0.0235689
0.0235886
0.0236032
0.023612
0.0236146
0.023611
0.0236012
0.0235856
0.0235647
0.0154684
0.0154361
0.0154017
0.0153665
0.015332
0.0152995
0.0152701
0.0152451
0.0152252
0.0152112
0.0152034
0.0152022
0.0152075
0.015219
0.0152365
0.0152591
0.0152862
0.0153169
0.0153499
0.0153842
0.0154184
0.0154514
0.0154817
0.0155082
0.0155297
0.0155454
0.0155545
0.0155566
0.0155516
0.0155397
0.0155213
0.0154972
0.00510517
0.00508635
0.00506637
0.00504608
0.00502627
0.00500772
0.00499111
0.00497703
0.00496597
0.00495826
0.00495414
0.00495372
0.00495696
0.00496375
0.00497383
0.00498688
0.00500245
0.00502002
0.00503898
0.00505865
0.00507833
0.00509726
0.0051147
0.00512994
0.00514232
0.00515129
0.00515643
0.00515748
0.00515436
0.00514719
0.00513626
0.00512205
0.0279513
0.0279554
0.0279563
0.0279541
0.0279487
0.0279405
0.0279299
0.0279173
0.0279034
0.0278885
0.0278733
0.0278583
0.0278439
0.0278307
0.0278191
0.0278095
0.0278023
0.0277978
0.0277962
0.0277975
0.0278017
0.0278088
0.0278185
0.0278306
0.0278445
0.0278599
0.027876
0.0278921
0.0279076
0.0279218
0.0279341
0.0279441
0.023568
0.0235731
0.0235737
0.0235697
0.0235613
0.0235488
0.0235328
0.0235138
0.0234925
0.0234699
0.0234466
0.0234237
0.0234019
0.0233821
0.0233649
0.0233512
0.0233413
0.0233357
0.0233347
0.0233383
0.0233464
0.0233587
0.0233747
0.0233939
0.0234154
0.0234385
0.0234622
0.0234856
0.0235078
0.0235278
0.0235449
0.0235584
0.0154983
0.015502
0.015501
0.0154953
0.0154851
0.0154708
0.015453
0.0154324
0.0154096
0.0153857
0.0153615
0.0153379
0.0153158
0.0152961
0.0152794
0.0152666
0.015258
0.015254
0.0152547
0.0152602
0.0152703
0.0152846
0.0153025
0.0153233
0.0153463
0.0153705
0.015395
0.0154188
0.015441
0.0154608
0.0154773
0.0154899
0.00512322
0.00512468
0.00512343
0.00511953
0.00511313
0.0051045
0.00509395
0.00508192
0.00506886
0.00505528
0.00504168
0.0050286
0.00501652
0.0050059
0.00499715
0.00499059
0.00498646
0.00498492
0.00498603
0.00498977
0.00499598
0.00500446
0.00501489
0.00502687
0.00503994
0.00505361
0.00506734
0.00508059
0.00509283
0.0051036
0.00511247
0.0051191
0.0279883
0.0280066
0.0280196
0.0280269
0.0280281
0.0280233
0.0280126
0.0279967
0.0279762
0.027952
0.0279249
0.0278959
0.0278661
0.0278365
0.0278083
0.0277824
0.0277599
0.0277416
0.0277282
0.0277203
0.0277181
0.0277218
0.0277313
0.0277463
0.0277663
0.0277907
0.0278184
0.0278482
0.0278791
0.0279097
0.0279389
0.0279654
0.0236346
0.0236682
0.0236935
0.0237095
0.0237154
0.023711
0.0236965
0.0236725
0.02364
0.0236003
0.023555
0.023506
0.0234551
0.0234044
0.0233557
0.0233109
0.0232717
0.0232394
0.0232153
0.0232003
0.0231948
0.023199
0.0232128
0.0232357
0.0232669
0.0233053
0.0233494
0.0233975
0.023448
0.0234989
0.0235482
0.023594
0.0155714
0.0156076
0.0156349
0.0156521
0.0156585
0.0156537
0.015638
0.015612
0.0155768
0.015534
0.0154854
0.015433
0.0153788
0.0153251
0.0152739
0.015227
0.0151862
0.0151528
0.0151281
0.0151127
0.0151073
0.0151119
0.0151265
0.0151504
0.015183
0.015223
0.0152691
0.0153197
0.0153728
0.0154267
0.0154791
0.015528
0.00516637
0.00518701
0.00520254
0.00521221
0.00521557
0.00521244
0.00520295
0.00518757
0.00516699
0.00514217
0.00511421
0.00508431
0.0050537
0.0050236
0.0049951
0.00496924
0.00494688
0.00492875
0.00491542
0.00490728
0.00490457
0.00490738
0.00491559
0.00492897
0.00494709
0.0049694
0.00499516
0.00502351
0.00505346
0.00508391
0.00511368
0.00514156
0.0280336
0.0280496
0.0280586
0.0280602
0.0280543
0.0280413
0.0280217
0.0279963
0.0279664
0.027933
0.0278974
0.027861
0.0278251
0.0277909
0.0277597
0.0277328
0.027711
0.0276952
0.027686
0.0276837
0.0276884
0.0277001
0.0277183
0.0277424
0.0277716
0.0278049
0.0278409
0.0278782
0.0279153
0.0279508
0.0279832
0.0280111
0.0237143
0.0237472
0.0237685
0.0237773
0.0237733
0.0237564
0.0237276
0.023688
0.0236393
0.0235835
0.0235229
0.02346
0.0233971
0.0233367
0.0232811
0.0232321
0.0231917
0.0231612
0.0231416
0.0231337
0.0231376
0.0231533
0.0231802
0.0232173
0.0232634
0.0233168
0.0233757
0.0234378
0.0235008
0.0235623
0.0236199
0.0236713
0.0156574
0.015695
0.01572
0.0157314
0.0157286
0.0157117
0.0156815
0.0156393
0.0155871
0.0155271
0.0154619
0.0153941
0.0153264
0.0152614
0.0152015
0.0151487
0.0151049
0.0150715
0.0150495
0.0150397
0.0150424
0.0150574
0.0150842
0.0151221
0.0151698
0.0152256
0.0152877
0.0153539
0.0154218
0.0154887
0.015552
0.015609
0.00521489
0.00523733
0.0052525
0.00525963
0.00525839
0.00524884
0.00523149
0.0052072
0.00517714
0.00514271
0.00510543
0.00506686
0.00502854
0.00499189
0.0049582
0.00492859
0.00490398
0.00488511
0.00487253
0.00486658
0.00486744
0.00487509
0.00488932
0.00490974
0.00493579
0.00496666
0.00500137
0.00503875
0.00507745
0.00511599
0.00515279
0.00518626
0.028079
0.028077
0.0280667
0.0280486
0.0280235
0.0279924
0.0279566
0.0279175
0.0278768
0.0278361
0.0277969
0.0277607
0.0277286
0.027702
0.0276817
0.0276684
0.0276626
0.0276646
0.0276742
0.0276911
0.0277147
0.0277441
0.0277784
0.0278163
0.0278564
0.0278974
0.0279374
0.027975
0.0280086
0.0280368
0.0280585
0.0280728
0.0237972
0.0237978
0.0237848
0.0237586
0.0237203
0.0236714
0.023614
0.0235505
0.0234835
0.0234155
0.0233493
0.0232874
0.023232
0.0231852
0.0231486
0.0231235
0.0231108
0.0231108
0.0231236
0.0231486
0.0231851
0.0232315
0.0232864
0.0233477
0.0234133
0.0234806
0.0235471
0.0236103
0.0236676
0.0237168
0.0237558
0.023783
0.0157482
0.0157514
0.0157397
0.0157137
0.0156744
0.0156236
0.0155634
0.0154965
0.0154255
0.0153534
0.0152829
0.0152167
0.0151573
0.0151066
0.0150665
0.0150382
0.0150227
0.0150204
0.0150313
0.0150552
0.0150911
0.015138
0.0151941
0.0152576
0.0153262
0.0153975
0.0154687
0.015537
0.0155998
0.0156544
0.0156986
0.0157303
0.0052663
0.00526919
0.00526343
0.00524928
0.00522745
0.00519898
0.00516517
0.00512755
0.00508774
0.00504737
0.005008
0.00497109
0.00493792
0.00490957
0.00488694
0.0048707
0.00486131
0.00485903
0.00486392
0.00487584
0.00489444
0.00491919
0.00494932
0.00498386
0.00502167
0.00506142
0.00510164
0.00514075
0.00517714
0.00520923
0.00523557
0.0052549
0.0281077
0.0280862
0.028056
0.0280184
0.0279749
0.0279271
0.0278772
0.027827
0.0277786
0.0277339
0.0276945
0.0276618
0.0276369
0.0276207
0.0276137
0.0276161
0.0276279
0.0276486
0.0276773
0.0277132
0.0277548
0.0278007
0.0278493
0.0278987
0.0279471
0.0279928
0.0280338
0.0280685
0.0280953
0.0281132
0.0281214
0.0281196
0.0238571
0.0238197
0.0237678
0.0237035
0.0236296
0.0235491
0.0234651
0.023381
0.0233001
0.0232254
0.0231596
0.023105
0.0230635
0.0230366
0.0230252
0.0230296
0.0230496
0.0230847
0.0231335
0.0231944
0.0232652
0.0233434
0.023426
0.0235101
0.0235923
0.0236695
0.0237385
0.0237965
0.0238411
0.0238703
0.023883
0.0238786
0.0158183
0.0157784
0.0157229
0.0156542
0.0155752
0.0154895
0.0154004
0.0153114
0.015226
0.0151473
0.015078
0.0150205
0.0149766
0.0149477
0.0149348
0.0149382
0.0149578
0.014993
0.0150428
0.0151054
0.0151789
0.0152607
0.015348
0.0154374
0.0155255
0.0156089
0.015684
0.0157476
0.0157969
0.0158298
0.0158446
0.0158407
0.00530843
0.00528564
0.00525384
0.00521458
0.00516972
0.00512127
0.00507128
0.00502173
0.00497449
0.00493119
0.00489327
0.00486186
0.0048379
0.00482204
0.00481471
0.0048161
0.00482617
0.00484467
0.00487109
0.00490471
0.00494452
0.0049893
0.00503753
0.00508749
0.00513727
0.00518483
0.00522811
0.00526515
0.00529417
0.00531373
0.00532285
0.00532105
0.0281026
0.0280775
0.0280439
0.0280034
0.0279576
0.0279083
0.0278575
0.0278073
0.0277598
0.0277166
0.0276794
0.0276495
0.0276278
0.0276151
0.0276117
0.0276178
0.0276332
0.0276571
0.0276889
0.0277273
0.027771
0.0278184
0.0278677
0.0279173
0.0279652
0.0280097
0.0280489
0.0280811
0.028105
0.0281196
0.0281241
0.0281184
0.0238538
0.023806
0.0237443
0.0236713
0.02359
0.0235038
0.0234161
0.0233303
0.0232497
0.0231771
0.0231153
0.0230663
0.0230317
0.0230128
0.0230101
0.0230236
0.0230529
0.0230971
0.0231545
0.0232234
0.0233011
0.023385
0.023472
0.0235587
0.0236419
0.023718
0.0237841
0.0238373
0.0238754
0.0238966
0.0239001
0.0238856
0.0158189
0.0157657
0.0156973
0.0156169
0.0155279
0.0154342
0.0153394
0.0152474
0.0151615
0.0150847
0.0150196
0.0149683
0.0149323
0.0149129
0.0149104
0.0149249
0.0149561
0.0150028
0.0150637
0.0151369
0.0152199
0.0153098
0.0154035
0.0154974
0.0155879
0.0156712
0.0157438
0.0158023
0.0158443
0.0158676
0.0158711
0.0158546
0.00531079
0.00527947
0.00523943
0.00519264
0.00514128
0.00508763
0.00503392
0.00498223
0.0049344
0.00489205
0.00485644
0.00482861
0.00480927
0.0047989
0.00479774
0.00480578
0.00482279
0.00484833
0.0048817
0.00492195
0.00496791
0.0050181
0.00507082
0.00512414
0.00517596
0.00522408
0.00526635
0.00530073
0.0053255
0.00533934
0.00534151
0.00533183
0.0280693
0.0280592
0.0280416
0.0280172
0.027987
0.0279524
0.0279147
0.0278756
0.0278365
0.0277991
0.0277647
0.0277343
0.0277092
0.02769
0.0276775
0.0276721
0.027674
0.0276831
0.0276992
0.0277216
0.0277497
0.0277823
0.0278185
0.0278569
0.0278961
0.0279347
0.027971
0.0280034
0.0280307
0.0280517
0.0280654
0.0280714
0.0237879
0.0237663
0.0237323
0.0236873
0.0236333
0.0235726
0.0235075
0.0234408
0.0233749
0.0233123
0.0232554
0.0232061
0.0231661
0.0231368
0.0231192
0.0231139
0.023121
0.0231405
0.0231715
0.0232132
0.0232641
0.0233225
0.0233861
0.0234526
0.0235196
0.0235843
0.0236442
0.0236968
0.0237399
0.0237716
0.0237907
0.0237962
0.0157466
0.0157212
0.0156822
0.0156314
0.0155711
0.0155038
0.0154324
0.0153597
0.0152885
0.0152215
0.0151609
0.015109
0.0150673
0.0150372
0.0150197
0.0150154
0.0150243
0.0150463
0.0150806
0.0151262
0.0151817
0.0152451
0.0153143
0.0153867
0.0154596
0.01553
0.0155952
0.0156523
0.0156989
0.0157328
0.0157526
0.0157573
0.00526869
0.0052536
0.00523056
0.00520072
0.00516548
0.00512647
0.00508538
0.00504389
0.00500361
0.004966
0.00493233
0.00490368
0.0048809
0.00486465
0.00485538
0.00485332
0.00485855
0.00487092
0.00489008
0.00491549
0.00494642
0.0049819
0.00502078
0.0050617
0.00510315
0.00514349
0.00518104
0.00521413
0.00524122
0.005261
0.00527249
0.0052751
0.0280385
0.0280495
0.0280534
0.0280501
0.0280398
0.0280229
0.0280003
0.0279729
0.0279419
0.0279085
0.0278739
0.0278392
0.0278057
0.0277747
0.0277472
0.0277242
0.0277067
0.0276952
0.0276902
0.027692
0.0277006
0.0277156
0.0277368
0.0277632
0.0277941
0.0278282
0.0278642
0.0279006
0.0279358
0.0279684
0.0279971
0.0280208
0.0237222
0.0237402
0.0237469
0.0237421
0.0237261
0.0236995
0.0236633
0.0236192
0.0235687
0.023514
0.0234571
0.0234001
0.0233453
0.0232946
0.0232499
0.0232128
0.0231847
0.0231667
0.0231595
0.0231634
0.0231782
0.0232035
0.0232384
0.0232816
0.0233314
0.0233861
0.0234435
0.0235014
0.0235575
0.0236096
0.0236555
0.0236936
0.0156715
0.0156902
0.0156967
0.0156908
0.0156727
0.0156432
0.0156036
0.0155554
0.0155006
0.0154415
0.0153804
0.0153195
0.0152613
0.0152078
0.015161
0.0151226
0.0150939
0.015076
0.0150695
0.0150746
0.0150912
0.0151188
0.0151563
0.0152025
0.0152558
0.015314
0.0153752
0.0154368
0.0154965
0.015552
0.0156009
0.0156413
0.00522405
0.00523512
0.00523908
0.00523575
0.00522531
0.00520822
0.00518527
0.00515747
0.00512602
0.00509224
0.0050575
0.00502315
0.00499046
0.00496062
0.00493466
0.00491345
0.00489769
0.00488787
0.00488429
0.00488709
0.00489616
0.00491125
0.00493189
0.0049574
0.00498694
0.00501948
0.00505384
0.00508873
0.00512278
0.00515461
0.00518288
0.00520637
0.0280448
0.0280675
0.0280823
0.0280887
0.0280866
0.0280759
0.0280574
0.0280317
0.0279999
0.0279635
0.0279236
0.0278817
0.0278394
0.0277981
0.0277595
0.0277249
0.0276956
0.0276728
0.0276574
0.0276499
0.0276507
0.0276598
0.0276769
0.0277015
0.0277328
0.0277696
0.0278104
0.0278535
0.0278973
0.0279399
0.0279797
0.0280152
0.0237253
0.0237666
0.0237956
0.0238112
0.0238127
0.0237999
0.0237735
0.0237345
0.0236845
0.0236255
0.02356
0.0234905
0.0234197
0.0233503
0.0232851
0.0232265
0.0231766
0.0231373
0.0231099
0.0230955
0.0230944
0.0231068
0.0231322
0.0231697
0.0232178
0.0232749
0.0233389
0.0234073
0.0234777
0.0235473
0.0236134
0.0236736
0.0156709
0.0157164
0.015749
0.015767
0.0157696
0.0157567
0.0157288
0.0156871
0.0156333
0.0155698
0.0154993
0.0154248
0.0153491
0.0152753
0.0152061
0.0151442
0.0150916
0.0150501
0.0150212
0.0150058
0.0150043
0.0150167
0.0150426
0.015081
0.0151308
0.0151902
0.015257
0.0153291
0.0154036
0.0154779
0.0155491
0.0156143
0.00522241
0.00524956
0.00526922
0.00528042
0.00528256
0.00527551
0.0052596
0.00523558
0.00520461
0.00516814
0.00512781
0.00508537
0.00504258
0.0050011
0.00496245
0.00492795
0.00489873
0.00487569
0.0048595
0.00485061
0.00484925
0.00485544
0.00486898
0.00488947
0.00491631
0.00494866
0.00498552
0.00502565
0.00506767
0.00511003
0.00515106
0.00518907
0.0280958
0.0281168
0.028128
0.0281288
0.0281194
0.0281
0.0280717
0.0280355
0.027993
0.027946
0.0278961
0.0278451
0.027795
0.0277476
0.0277046
0.0276676
0.027638
0.0276169
0.0276052
0.0276033
0.0276113
0.027629
0.0276557
0.0276906
0.0277325
0.0277797
0.0278304
0.0278826
0.0279343
0.0279832
0.0280276
0.0280656
0.0238164
0.0238552
0.0238781
0.0238842
0.0238731
0.0238453
0.0238019
0.0237447
0.0236762
0.0235991
0.0235165
0.0234318
0.0233482
0.0232689
0.0231968
0.0231347
0.0230847
0.0230486
0.0230276
0.0230224
0.0230333
0.0230598
0.0231009
0.0231552
0.0232208
0.0232952
0.0233758
0.0234596
0.0235434
0.0236241
0.0236984
0.0237634
0.0157699
0.0158132
0.0158395
0.0158475
0.0158368
0.0158077
0.0157616
0.0157005
0.0156272
0.0155448
0.0154567
0.0153666
0.015278
0.0151943
0.0151185
0.0150532
0.0150006
0.0149624
0.0149399
0.0149337
0.014944
0.0149703
0.0150119
0.0150674
0.0151348
0.015212
0.0152963
0.0153846
0.0154736
0.0155601
0.0156405
0.0157114
0.00528005
0.0053058
0.00532162
0.00532669
0.00532072
0.00530399
0.00527734
0.00524211
0.00520002
0.00515303
0.00510323
0.00505269
0.00500339
0.00495714
0.00491551
0.00487983
0.00485118
0.00483035
0.00481791
0.00481417
0.00481921
0.00483289
0.00485482
0.0048844
0.00492077
0.00496285
0.0050093
0.00505854
0.00510877
0.00515807
0.00520438
0.00524568
0.0281597
0.0281739
0.0281758
0.0281653
0.0281428
0.0281094
0.0280665
0.0280157
0.0279594
0.0278996
0.0278386
0.0277786
0.0277218
0.0276704
0.0276261
0.0275906
0.0275652
0.0275509
0.0275482
0.0275573
0.0275779
0.0276092
0.0276501
0.0276993
0.0277549
0.027815
0.0278771
0.0279387
0.0279974
0.0280509
0.0280969
0.0281337
0.0239409
0.0239664
0.0239714
0.0239555
0.0239195
0.0238649
0.0237941
0.02371
0.0236162
0.0235163
0.0234145
0.0233145
0.0232203
0.0231351
0.0230622
0.023004
0.0229625
0.0229391
0.0229347
0.0229495
0.0229828
0.0230335
0.0231
0.0231799
0.0232703
0.0233679
0.0234692
0.0235703
0.0236672
0.0237561
0.0238335
0.0238959
0.0159111
0.0159393
0.0159451
0.015928
0.015889
0.0158297
0.015753
0.0156623
0.0155615
0.015455
0.015347
0.0152417
0.0151429
0.0150542
0.0149785
0.0149183
0.0148755
0.0148514
0.0148467
0.0148615
0.0148954
0.0149473
0.0150157
0.0150984
0.0151925
0.0152949
0.0154018
0.0155094
0.0156133
0.0157093
0.0157933
0.0158616
0.0053647
0.00538106
0.00538408
0.00537361
0.00535021
0.00531514
0.00527022
0.00521768
0.00516002
0.0050998
0.00503948
0.00498136
0.00492748
0.00487958
0.0048391
0.00480718
0.00478464
0.00477206
0.00476975
0.00477777
0.00479591
0.00482373
0.00486051
0.00490526
0.00495667
0.00501316
0.00507279
0.00513336
0.00519248
0.0052476
0.0052962
0.00533591
0.0282009
0.0282104
0.0282059
0.0281876
0.0281564
0.0281136
0.0280609
0.0280006
0.0279351
0.027867
0.0277988
0.0277331
0.0276721
0.0276183
0.0275734
0.0275391
0.0275167
0.027507
0.0275105
0.0275269
0.0275558
0.0275961
0.0276465
0.0277051
0.0277699
0.0278383
0.0279079
0.0279756
0.0280389
0.0280952
0.0281421
0.0281779
0.0240259
0.0240423
0.0240349
0.024004
0.0239509
0.023878
0.0237885
0.0236861
0.0235752
0.02346
0.0233452
0.0232351
0.0231337
0.0230446
0.022971
0.0229152
0.0228793
0.0228643
0.0228709
0.0228987
0.022947
0.023014
0.0230976
0.0231948
0.0233022
0.0234158
0.0235314
0.0236446
0.0237508
0.0238457
0.0239253
0.0239863
0.0160097
0.0160276
0.0160192
0.0159847
0.0159259
0.0158457
0.0157478
0.0156366
0.015517
0.0153939
0.0152722
0.0151563
0.0150505
0.0149582
0.0148823
0.0148252
0.0147887
0.0147736
0.0147806
0.0148094
0.0148592
0.0149285
0.0150152
0.0151166
0.0152294
0.0153495
0.0154727
0.0155942
0.015709
0.0158122
0.0158993
0.0159662
0.00542407
0.00543415
0.00542846
0.00540733
0.00537197
0.00532431
0.00526686
0.00520249
0.00513418
0.00506489
0.00499732
0.00493388
0.00487665
0.00482731
0.00478723
0.0047574
0.00473854
0.00473107
0.00473518
0.00475077
0.0047775
0.00481475
0.0048616
0.00491679
0.00497872
0.00504543
0.00511458
0.00518352
0.00524935
0.00530907
0.00535976
0.00539881
0.0282059
0.0282135
0.0282069
0.0281865
0.0281531
0.0281083
0.0280538
0.027992
0.0279254
0.0278564
0.0277879
0.0277221
0.0276616
0.0276085
0.0275648
0.0275319
0.0275112
0.0275034
0.0275088
0.0275273
0.0275581
0.0276004
0.0276525
0.0277126
0.0277786
0.027848
0.027918
0.0279859
0.0280488
0.0281044
0.0281503
0.0281846
0.0240387
0.024052
0.024041
0.0240062
0.0239492
0.0238724
0.0237792
0.0236736
0.02356
0.0234429
0.0233269
0.0232162
0.023115
0.0230267
0.0229546
0.0229008
0.0228674
0.0228553
0.022865
0.0228962
0.0229478
0.0230182
0.023105
0.0232053
0.0233154
0.0234313
0.0235486
0.0236629
0.0237695
0.0238641
0.0239426
0.0240017
0.0160253
0.0160399
0.0160274
0.0159885
0.0159252
0.0158405
0.0157383
0.0156233
0.0155006
0.0153751
0.0152517
0.0151351
0.0150292
0.0149375
0.0148631
0.014808
0.0147739
0.0147618
0.0147721
0.0148044
0.0148579
0.0149309
0.0150214
0.0151263
0.0152424
0.0153654
0.015491
0.0156141
0.0157298
0.0158331
0.0159194
0.0159845
0.00543246
0.00544069
0.00543281
0.00540928
0.00537142
0.00532134
0.00526165
0.00519532
0.00512541
0.00505489
0.00498651
0.00492268
0.00486545
0.00481647
0.00477706
0.0047482
0.00473056
0.00472453
0.00473025
0.0047476
0.0047762
0.00481538
0.00486417
0.00492126
0.00498499
0.00505332
0.00512384
0.00519381
0.00526026
0.00532013
0.00537045
0.0054086
0.0281841
0.0281904
0.0281837
0.0281642
0.0281328
0.0280908
0.0280399
0.0279823
0.0279204
0.0278564
0.0277929
0.0277321
0.0276762
0.0276273
0.0275871
0.0275571
0.0275383
0.0275316
0.0275372
0.0275548
0.027584
0.0276236
0.0276723
0.0277285
0.0277899
0.0278544
0.0279193
0.0279821
0.0280403
0.0280915
0.0281336
0.0281648
0.0239958
0.0240075
0.0239968
0.0239641
0.023911
0.0238396
0.0237533
0.0236555
0.0235503
0.023442
0.0233347
0.0232324
0.0231389
0.0230575
0.0229909
0.0229416
0.022911
0.0229003
0.0229098
0.0229393
0.0229877
0.0230534
0.0231342
0.0232274
0.0233295
0.0234369
0.0235454
0.0236509
0.0237491
0.0238361
0.0239082
0.0239622
0.0159758
0.0159887
0.0159768
0.0159406
0.0158819
0.0158035
0.0157091
0.0156028
0.0154893
0.0153732
0.0152591
0.0151511
0.015053
0.0149682
0.0148992
0.0148483
0.014817
0.0148061
0.0148161
0.0148466
0.0148967
0.014965
0.0150493
0.0151469
0.0152547
0.0153687
0.0154848
0.0155985
0.0157051
0.0158
0.0158791
0.0159386
0.00540089
0.00540831
0.00540104
0.0053795
0.00534487
0.00529902
0.00524432
0.00518343
0.00511913
0.00505415
0.00499102
0.00493196
0.00487891
0.00483345
0.00479683
0.00477
0.00475361
0.00474804
0.00475344
0.00476967
0.00479636
0.00483287
0.00487825
0.00493125
0.00499027
0.00505341
0.00511841
0.00518274
0.00524369
0.00529848
0.00534444
0.0053792
0.0281562
0.0281609
0.0281538
0.0281353
0.0281061
0.0280675
0.0280211
0.0279688
0.0279128
0.0278551
0.0277979
0.0277434
0.0276935
0.02765
0.0276144
0.0275882
0.0275722
0.0275671
0.027573
0.0275898
0.027617
0.0276535
0.0276981
0.0277493
0.027805
0.0278633
0.0279218
0.0279781
0.0280301
0.0280755
0.0281126
0.0281399
0.0239406
0.0239494
0.0239383
0.0239077
0.023859
0.0237942
0.0237163
0.0236283
0.023534
0.023437
0.0233411
0.0232499
0.0231668
0.0230946
0.023036
0.0229929
0.0229668
0.0229587
0.0229687
0.0229966
0.0230414
0.0231017
0.0231753
0.0232596
0.0233516
0.0234479
0.0235449
0.0236387
0.0237257
0.0238024
0.0238654
0.0239121
0.0159124
0.0159221
0.0159099
0.0158761
0.0158226
0.0157518
0.0156668
0.0155715
0.01547
0.0153662
0.0152643
0.0151681
0.0150808
0.0150055
0.0149447
0.0149002
0.0148734
0.0148651
0.0148756
0.0149046
0.0149512
0.0150139
0.0150908
0.0151793
0.0152765
0.0153788
0.0154825
0.0155835
0.0156776
0.015761
0.0158299
0.0158812
0.00536233
0.0053678
0.00536037
0.00534045
0.00530909
0.00526794
0.00521905
0.00516475
0.00510746
0.00504959
0.00499336
0.00494079
0.00489361
0.00485326
0.0048209
0.0047974
0.00478337
0.00477916
0.00478486
0.00480036
0.00482525
0.0048589
0.00490039
0.00494852
0.00500178
0.00505841
0.00511635
0.00517333
0.00522695
0.00527479
0.00531456
0.00534426
0.0281345
0.0281377
0.0281302
0.0281123
0.0280847
0.0280486
0.0280056
0.0279574
0.0279059
0.0278531
0.0278009
0.0277513
0.0277061
0.0276669
0.0276351
0.0276119
0.0275982
0.0275945
0.027601
0.0276174
0.0276431
0.0276774
0.027719
0.0277663
0.0278177
0.0278712
0.0279246
0.0279758
0.0280228
0.0280636
0.0280967
0.0281206
0.0238973
0.0239035
0.0238917
0.0238624
0.0238169
0.023757
0.0236855
0.0236051
0.0235192
0.0234311
0.0233443
0.023262
0.0231872
0.0231226
0.0230705
0.0230327
0.0230105
0.0230047
0.0230155
0.0230426
0.0230849
0.0231412
0.0232093
0.0232868
0.023371
0.0234587
0.0235464
0.023631
0.0237089
0.0237771
0.0238327
0.0238733
0.0158629
0.0158696
0.0158565
0.0158243
0.0157744
0.0157092
0.0156314
0.0155446
0.0154523
0.0153583
0.0152662
0.0151795
0.0151011
0.0150337
0.0149797
0.0149407
0.014918
0.0149122
0.0149237
0.0149519
0.014996
0.0150547
0.015126
0.0152076
0.0152964
0.0153895
0.0154833
0.015574
0.0156581
0.015732
0.0157925
0.0158368
0.00533317
0.00533674
0.00532878
0.00530971
0.00528051
0.00524266
0.005198
0.00514861
0.00509666
0.0050443
0.00499352
0.00494615
0.00490376
0.00486768
0.00483896
0.0048184
0.00480656
0.00480376
0.00481005
0.00482529
0.00484908
0.00488075
0.00491941
0.0049639
0.00501278
0.00506439
0.00511683
0.00516802
0.00521581
0.00525807
0.00529279
0.00531826
0.0281282
0.02813
0.0281214
0.0281028
0.0280749
0.028039
0.0279966
0.0279493
0.0278991
0.0278478
0.0277974
0.0277497
0.0277065
0.0276692
0.0276394
0.0276181
0.027606
0.0276038
0.0276114
0.0276286
0.0276548
0.0276891
0.0277303
0.0277769
0.0278271
0.0278791
0.0279306
0.0279798
0.0280246
0.0280633
0.0280942
0.0281161
0.0238812
0.0238852
0.023872
0.0238421
0.0237968
0.0237381
0.0236683
0.0235905
0.0235076
0.023423
0.0233398
0.0232614
0.0231904
0.0231295
0.0230808
0.0230461
0.0230266
0.0230229
0.0230353
0.0230631
0.0231056
0.0231612
0.023228
0.0233035
0.0233849
0.0234692
0.0235532
0.0236337
0.0237074
0.0237714
0.0238231
0.0238602
0.015842
0.0158463
0.0158319
0.0157994
0.0157503
0.0156867
0.0156116
0.0155281
0.0154397
0.01535
0.0152623
0.01518
0.015106
0.0150428
0.0149925
0.0149569
0.0149369
0.0149333
0.0149461
0.014975
0.015019
0.0150767
0.0151463
0.0152252
0.0153107
0.0153998
0.015489
0.0155749
0.015654
0.015723
0.0157789
0.0158192
0.00531966
0.00532188
0.00531323
0.00529417
0.00526564
0.00522907
0.00518621
0.00513901
0.00508954
0.00503981
0.00499173
0.00494701
0.00490714
0.00487339
0.00484675
0.00482799
0.00481761
0.0048159
0.00482291
0.00483843
0.00486205
0.00489311
0.00493068
0.00497362
0.00502051
0.00506973
0.00511946
0.00516772
0.00521248
0.00525175
0.00528368
0.0053067
0.0281442
0.0281438
0.0281324
0.0281106
0.0280792
0.0280396
0.0279934
0.0279424
0.0278887
0.0278343
0.0277812
0.0277314
0.0276866
0.0276487
0.0276188
0.0275982
0.0275877
0.0275875
0.0275979
0.0276183
0.0276481
0.0276862
0.0277313
0.0277817
0.0278355
0.0278906
0.0279448
0.0279961
0.0280423
0.0280816
0.0281124
0.0281336
0.0239093
0.02391
0.0238925
0.0238574
0.0238064
0.0237416
0.0236656
0.0235817
0.0234932
0.0234034
0.023316
0.0232341
0.0231608
0.0230986
0.0230498
0.0230162
0.0229987
0.0229982
0.0230145
0.0230471
0.023095
0.0231563
0.0232291
0.0233105
0.0233977
0.0234872
0.0235758
0.02366
0.0237365
0.0238021
0.0238541
0.0238904
0.0158705
0.0158716
0.0158529
0.0158153
0.0157604
0.0156909
0.0156096
0.0155203
0.0154264
0.0153318
0.0152401
0.0151547
0.0150786
0.0150143
0.014964
0.0149293
0.0149113
0.0149106
0.0149272
0.0149605
0.0150095
0.0150726
0.0151477
0.0152323
0.0153234
0.0154176
0.0155114
0.0156012
0.0156831
0.0157539
0.0158102
0.0158498
0.00533494
0.00533551
0.00532463
0.00530289
0.00527138
0.00523168
0.00518568
0.00513551
0.00508332
0.00503124
0.00498122
0.00493504
0.0048942
0.00485998
0.00483335
0.00481508
0.00480563
0.00480527
0.004814
0.00483158
0.00485755
0.00489118
0.00493148
0.00497722
0.00502689
0.00507879
0.00513094
0.00518128
0.00522765
0.00526795
0.00530026
0.00532299
0.0281702
0.0281656
0.0281492
0.0281215
0.0280838
0.0280375
0.0279847
0.0279274
0.0278679
0.0278083
0.027751
0.0276981
0.0276514
0.0276127
0.0275834
0.0275646
0.0275571
0.027561
0.0275764
0.0276025
0.0276386
0.0276832
0.0277349
0.0277917
0.0278514
0.0279117
0.0279703
0.0280248
0.0280731
0.0281132
0.0281435
0.0281628
0.0239629
0.0239565
0.02393
0.0238844
0.0238217
0.0237447
0.0236565
0.0235608
0.0234614
0.0233621
0.0232669
0.0231791
0.0231019
0.023038
0.0229897
0.0229587
0.0229459
0.0229518
0.0229762
0.0230183
0.0230767
0.0231494
0.0232337
0.0233267
0.0234249
0.0235245
0.0236219
0.0237132
0.0237946
0.0238628
0.023915
0.0239489
0.0159303
0.015924
0.0158957
0.0158467
0.0157794
0.0156968
0.0156025
0.0155007
0.0153955
0.015291
0.0151913
0.0150998
0.0150197
0.0149536
0.0149037
0.0148715
0.0148579
0.0148635
0.0148879
0.0149305
0.01499
0.0150645
0.0151515
0.0152481
0.0153509
0.0154561
0.0155597
0.0156575
0.0157454
0.0158196
0.0158768
0.0159143
0.00536957
0.00536616
0.00534999
0.00532193
0.00528343
0.00523646
0.00518328
0.00512631
0.00506801
0.00501068
0.00495641
0.00490705
0.00486415
0.00482897
0.00480247
0.00478535
0.00477803
0.00478071
0.00479331
0.00481552
0.00484677
0.00488621
0.00493272
0.00498488
0.00504099
0.00509907
0.00515689
0.00521208
0.00526221
0.00530492
0.00533811
0.00536005
0.0281827
0.0281732
0.0281515
0.0281184
0.0280754
0.0280243
0.027967
0.0279059
0.0278433
0.0277816
0.0277231
0.02767
0.0276242
0.0275873
0.0275607
0.0275455
0.0275421
0.0275508
0.0275711
0.0276025
0.0276437
0.0276933
0.0277496
0.0278103
0.0278732
0.0279359
0.0279958
0.0280506
0.0280982
0.0281364
0.0281639
0.0281796
0.023996
0.0239803
0.0239434
0.0238869
0.0238134
0.0237259
0.0236281
0.0235241
0.0234178
0.0233135
0.023215
0.023126
0.0230495
0.0229883
0.0229443
0.0229191
0.0229135
0.0229278
0.0229614
0.0230133
0.0230817
0.0231642
0.0232579
0.0233595
0.0234652
0.0235709
0.0236726
0.0237662
0.0238478
0.0239141
0.0239621
0.0239898
0.0159701
0.0159536
0.0159138
0.0158526
0.015773
0.0156786
0.0155735
0.0154623
0.0153494
0.0152392
0.0151357
0.0150426
0.014963
0.0148993
0.0148537
0.0148273
0.014821
0.0148351
0.0148691
0.0149219
0.014992
0.0150773
0.0151748
0.0152813
0.0153929
0.0155056
0.0156149
0.0157162
0.0158053
0.0158782
0.0159315
0.0159626
0.00539397
0.00538467
0.00536184
0.00532669
0.00528107
0.0052273
0.00516794
0.00510566
0.00504304
0.00498251
0.00492618
0.0048759
0.00483317
0.00479918
0.00477481
0.00476067
0.0047571
0.00476419
0.00478177
0.00480942
0.00484643
0.00489182
0.00494429
0.00500221
0.00506365
0.00512638
0.00518793
0.00524568
0.005297
0.00533939
0.00537068
0.00538922
0.0281571
0.0281455
0.0281228
0.02809
0.0280485
0.028
0.0279464
0.0278899
0.0278326
0.0277766
0.0277242
0.0276771
0.0276371
0.0276057
0.027584
0.0275728
0.0275726
0.0275834
0.0276047
0.0276359
0.0276758
0.027723
0.0277758
0.0278322
0.02789
0.0279469
0.0280008
0.0280495
0.0280909
0.0281235
0.028146
0.0281573
0.023955
0.0239342
0.0238942
0.0238367
0.0237641
0.0236796
0.0235867
0.0234891
0.0233907
0.0232952
0.0232062
0.0231269
0.0230601
0.0230081
0.0229726
0.0229549
0.0229555
0.0229744
0.0230111
0.0230643
0.0231321
0.0232123
0.023302
0.0233978
0.0234963
0.0235936
0.0236859
0.0237695
0.023841
0.0238974
0.0239362
0.0239557
0.0159264
0.0159038
0.0158601
0.0157973
0.0157183
0.0156266
0.0155262
0.0154214
0.0153163
0.0152149
0.0151209
0.0150376
0.0149677
0.0149135
0.0148765
0.014858
0.0148585
0.0148779
0.0149157
0.0149707
0.0150413
0.0151251
0.0152193
0.0153208
0.0154258
0.0155302
0.0156301
0.0157212
0.0157995
0.0158617
0.0159048
0.0159267
0.00536828
0.00535545
0.00533032
0.00529423
0.00524901
0.00519686
0.00514021
0.00508154
0.00502322
0.00496747
0.00491622
0.00487112
0.00483351
0.00480445
0.00478468
0.00477472
0.0047748
0.00478492
0.00480481
0.00483397
0.00487162
0.0049167
0.00496786
0.00502346
0.00508157
0.00514002
0.00519647
0.00524848
0.00529366
0.00532981
0.00535509
0.00536815
0.0281029
0.0280952
0.0280785
0.0280538
0.0280219
0.0279842
0.0279422
0.0278975
0.0278519
0.0278071
0.0277647
0.0277262
0.0276932
0.0276668
0.027648
0.0276374
0.0276356
0.0276426
0.0276581
0.0276816
0.0277124
0.0277492
0.0277907
0.0278354
0.0278815
0.0279272
0.0279708
0.0280104
0.0280445
0.0280717
0.028091
0.0281015
0.0238533
0.0238383
0.023808
0.0237638
0.0237074
0.0236413
0.0235682
0.023491
0.0234129
0.0233366
0.0232652
0.0232012
0.0231469
0.0231041
0.0230745
0.0230589
0.0230579
0.0230716
0.0230996
0.0231409
0.023194
0.0232571
0.0233279
0.0234038
0.023482
0.0235595
0.0236332
0.0237002
0.0237577
0.0238035
0.0238354
0.0238523
0.0158117
0.0157949
0.0157615
0.0157129
0.0156512
0.0155794
0.0155003
0.0154173
0.0153337
0.0152527
0.0151772
0.01511
0.0150532
0.0150089
0.0149783
0.0149625
0.014962
0.0149768
0.0150064
0.0150499
0.0151059
0.0151725
0.0152475
0.0153281
0.0154115
0.0154945
0.0155738
0.0156462
0.0157085
0.0157582
0.0157928
0.0158109
0.00529905
0.0052894
0.00527023
0.00524248
0.00520751
0.00516694
0.00512261
0.00507643
0.00503027
0.0049859
0.00494489
0.00490861
0.00487822
0.00485462
0.00483847
0.00483022
0.0048301
0.00483809
0.00485398
0.00487733
0.00490744
0.00494343
0.00498415
0.00502824
0.00507415
0.00512016
0.00516443
0.00520511
0.00524037
0.00526857
0.00528834
0.00529868
0.0280478
0.0280493
0.028044
0.028032
0.0280138
0.0279903
0.0279623
0.027931
0.0278976
0.0278632
0.0278292
0.0277969
0.0277674
0.0277418
0.0277211
0.027706
0.0276973
0.0276951
0.0276997
0.0277109
0.0277282
0.0277512
0.027779
0.0278104
0.0278443
0.0278793
0.0279141
0.0279473
0.0279775
0.0280036
0.0280245
0.0280394
0.0237495
0.0237509
0.0237404
0.0237187
0.0236867
0.0236457
0.0235974
0.0235438
0.023487
0.0234292
0.0233725
0.0233192
0.0232711
0.02323
0.0231973
0.0231743
0.0231618
0.0231602
0.0231697
0.0231898
0.02322
0.0232592
0.0233059
0.0233584
0.0234148
0.0234729
0.0235305
0.0235853
0.0236352
0.0236782
0.0237124
0.0237365
0.0156956
0.0156963
0.0156842
0.0156601
0.0156249
0.0155802
0.0155279
0.0154701
0.0154093
0.0153478
0.0152879
0.0152319
0.0151817
0.0151391
0.0151056
0.0150823
0.01507
0.0150692
0.0150798
0.0151016
0.0151338
0.0151754
0.0152249
0.0152806
0.0153404
0.0154021
0.0154633
0.0155217
0.0155749
0.0156206
0.0156569
0.0156823
0.00523086
0.00523114
0.00522429
0.00521065
0.00519085
0.00516581
0.00513666
0.00510467
0.00507117
0.00503749
0.0050049
0.00497459
0.00494761
0.00492486
0.00490705
0.00489476
0.00488836
0.00488805
0.00489385
0.00490559
0.00492291
0.00494528
0.00497197
0.00500209
0.00503459
0.0050683
0.00510193
0.00513415
0.00516361
0.00518905
0.00520931
0.00522347
0.0280095
0.028021
0.0280268
0.0280266
0.0280206
0.0280089
0.0279922
0.0279709
0.027946
0.0279182
0.0278888
0.0278587
0.0278291
0.0278012
0.0277759
0.0277543
0.0277372
0.0277252
0.0277189
0.0277186
0.0277242
0.0277356
0.0277523
0.0277738
0.0277992
0.0278274
0.0278573
0.0278879
0.0279178
0.027946
0.0279713
0.0279927
0.023678
0.0236972
0.0237068
0.0237066
0.0236966
0.0236771
0.023649
0.0236134
0.0235719
0.0235259
0.0234773
0.023428
0.0233798
0.0233345
0.0232938
0.0232592
0.023232
0.0232133
0.0232036
0.0232035
0.0232129
0.0232314
0.0232585
0.0232931
0.0233339
0.0233794
0.0234279
0.0234776
0.0235265
0.0235727
0.0236145
0.02365
0.0156149
0.0156346
0.0156443
0.0156434
0.0156321
0.0156108
0.0155805
0.0155424
0.0154982
0.0154496
0.0153985
0.015347
0.0152969
0.0152501
0.0152083
0.0151731
0.0151457
0.0151271
0.0151179
0.0151184
0.0151287
0.0151485
0.0151769
0.0152131
0.0152557
0.0153032
0.0153538
0.0154057
0.0154568
0.0155052
0.0155488
0.0155858
0.00518369
0.00519454
0.00519981
0.00519929
0.00519298
0.0051812
0.00516448
0.00514356
0.00511935
0.00509285
0.00506514
0.00503731
0.00501041
0.00498542
0.00496322
0.00494458
0.00493014
0.00492037
0.00491559
0.00491595
0.00492147
0.00493194
0.00494705
0.00496629
0.00498902
0.00501445
0.00504167
0.00506966
0.00509736
0.00512364
0.00514745
0.00516776
0.0280003
0.028019
0.0280322
0.0280391
0.0280398
0.028034
0.0280221
0.0280046
0.0279819
0.0279551
0.0279251
0.0278931
0.0278602
0.0278278
0.0277971
0.0277692
0.0277452
0.0277262
0.0277127
0.0277055
0.0277046
0.0277103
0.0277224
0.0277402
0.0277631
0.0277902
0.0278205
0.0278527
0.0278857
0.0279182
0.0279489
0.0279766
0.0236603
0.0236932
0.0237168
0.0237301
0.0237326
0.0237243
0.0237054
0.0236768
0.0236396
0.0235953
0.0235457
0.0234927
0.0234384
0.0233848
0.0233339
0.0232877
0.023248
0.0232161
0.0231933
0.0231803
0.0231778
0.0231857
0.0232038
0.0232313
0.0232674
0.0233106
0.0233595
0.0234121
0.0234665
0.0235205
0.0235722
0.0236194
0.0155926
0.0156271
0.0156519
0.0156659
0.0156685
0.0156596
0.0156397
0.0156095
0.0155704
0.015524
0.0154723
0.0154172
0.0153609
0.0153056
0.0152534
0.0152062
0.0151656
0.0151332
0.0151101
0.0150971
0.0150945
0.0151026
0.015121
0.0151491
0.015186
0.0152302
0.0152804
0.0153345
0.0153907
0.0154468
0.0155005
0.0155498
0.00516969
0.00518851
0.00520208
0.00520978
0.00521126
0.00520647
0.00519563
0.00517924
0.00515804
0.00513296
0.00510507
0.00507552
0.00504548
0.0050161
0.00498849
0.00496361
0.00494232
0.00492534
0.00491324
0.00490639
0.00490501
0.00490916
0.00491869
0.00493331
0.00495255
0.00497578
0.00500221
0.00503091
0.00506083
0.00509085
0.00511978
0.00514644
0.0280119
0.028031
0.028044
0.0280505
0.0280501
0.028043
0.0280294
0.0280098
0.0279849
0.0279557
0.0279234
0.0278891
0.0278541
0.0278198
0.0277874
0.0277583
0.0277336
0.0277142
0.0277009
0.0276942
0.0276944
0.0277016
0.0277153
0.0277351
0.0277602
0.0277897
0.0278223
0.0278568
0.0278919
0.0279262
0.0279585
0.0279874
0.023684
0.0237195
0.0237446
0.0237583
0.0237601
0.0237499
0.0237282
0.0236959
0.0236542
0.023605
0.0235501
0.0234917
0.023432
0.0233733
0.0233179
0.0232677
0.0232247
0.0231905
0.0231662
0.0231528
0.0231508
0.0231603
0.0231809
0.0232118
0.0232521
0.0233001
0.0233541
0.0234122
0.023472
0.0235314
0.023588
0.0236396
0.0156164
0.0156543
0.0156813
0.0156964
0.0156988
0.0156885
0.0156659
0.0156322
0.0155887
0.0155372
0.01548
0.0154191
0.0153571
0.0152963
0.0152389
0.0151871
0.0151426
0.015107
0.0150817
0.0150674
0.0150647
0.0150737
0.0150941
0.0151253
0.015166
0.0152151
0.0152707
0.0153307
0.015393
0.0154551
0.0155147
0.0155692
0.00518201
0.0052028
0.00521771
0.00522608
0.00522753
0.00522203
0.00520986
0.0051916
0.00516808
0.00514034
0.00510957
0.00507702
0.00504398
0.00501169
0.00498133
0.00495397
0.00493054
0.00491182
0.00489842
0.00489079
0.00488917
0.00489363
0.00490404
0.0049201
0.0049413
0.00496696
0.00499623
0.00502805
0.00506127
0.0050946
0.00512671
0.00515627
0.0280215
0.0280309
0.0280344
0.0280317
0.028023
0.0280087
0.0279893
0.0279655
0.0279382
0.0279085
0.0278774
0.0278462
0.027816
0.027788
0.0277632
0.0277426
0.027727
0.027717
0.027713
0.0277153
0.0277238
0.0277381
0.0277577
0.0277818
0.0278095
0.0278397
0.0278712
0.0279028
0.0279332
0.0279613
0.027986
0.0280063
0.0237081
0.0237283
0.0237377
0.0237361
0.0237234
0.0237003
0.0236678
0.0236272
0.0235801
0.0235284
0.023474
0.023419
0.0233655
0.0233154
0.0232706
0.0232328
0.0232033
0.0231833
0.0231735
0.0231743
0.0231857
0.0232074
0.0232386
0.0232782
0.0233246
0.0233762
0.0234309
0.0234867
0.0235415
0.0235929
0.023639
0.0236779
0.0156431
0.0156654
0.0156763
0.0156754
0.0156628
0.015639
0.0156052
0.0155628
0.0155136
0.0154594
0.0154025
0.0153449
0.0152888
0.0152362
0.0151891
0.0151492
0.0151177
0.015096
0.0150847
0.0150845
0.0150952
0.0151166
0.0151481
0.0151885
0.0152363
0.0152899
0.0153472
0.015406
0.015464
0.0155188
0.0155683
0.0156103
0.00519687
0.00520908
0.00521505
0.00521459
0.00520773
0.00519485
0.00517654
0.00515363
0.00512709
0.00509802
0.00506756
0.00503686
0.00500707
0.00497923
0.00495431
0.00493317
0.00491653
0.00490496
0.00489887
0.00489853
0.00490395
0.00491503
0.00493141
0.00495259
0.00497785
0.00500628
0.00503684
0.00506836
0.00509959
0.00512924
0.00515608
0.00517895
0.0279955
0.0279866
0.0279735
0.0279567
0.0279369
0.0279149
0.0278915
0.0278675
0.0278439
0.0278215
0.0278011
0.0277836
0.0277694
0.0277593
0.0277534
0.0277522
0.0277556
0.0277637
0.027776
0.0277923
0.0278119
0.0278341
0.027858
0.0278826
0.027907
0.0279302
0.0279512
0.0279693
0.0279836
0.0279937
0.0279991
0.0279997
0.0236728
0.0236608
0.0236409
0.0236138
0.0235808
0.0235431
0.0235022
0.0234598
0.0234174
0.0233765
0.0233387
0.0233053
0.0232775
0.0232563
0.0232424
0.0232365
0.0232386
0.0232489
0.0232672
0.0232926
0.0233245
0.0233616
0.0234025
0.0234457
0.0234893
0.0235317
0.0235712
0.0236062
0.0236352
0.0236571
0.0236709
0.0236763
0.0156095
0.0155976
0.0155771
0.015549
0.0155145
0.015475
0.0154321
0.0153875
0.0153428
0.0152997
0.0152596
0.015224
0.0151942
0.0151711
0.0151555
0.0151482
0.0151494
0.0151591
0.0151771
0.015203
0.0152357
0.0152742
0.0153171
0.0153626
0.0154089
0.0154543
0.0154968
0.0155346
0.0155662
0.0155903
0.0156059
0.0156124
0.00517942
0.00517237
0.00516071
0.005145
0.00512594
0.00510434
0.00508105
0.00505699
0.00503305
0.00501007
0.00498886
0.00497013
0.0049545
0.00494249
0.00493454
0.00493093
0.00493185
0.00493733
0.00494723
0.00496128
0.00497903
0.00499988
0.00502308
0.00504774
0.00507287
0.00509745
0.00512043
0.00514083
0.00515776
0.0051705
0.00517852
0.00518152
0.0279172
0.0278903
0.0278629
0.027836
0.0278107
0.027788
0.0277688
0.0277537
0.0277433
0.0277378
0.0277375
0.0277424
0.0277522
0.0277665
0.0277849
0.0278066
0.027831
0.027857
0.0278837
0.0279103
0.0279356
0.0279587
0.0279787
0.0279947
0.0280061
0.0280124
0.0280133
0.0280088
0.0279989
0.0279842
0.0279651
0.0279425
0.0235454
0.0235008
0.0234545
0.0234086
0.0233647
0.0233244
0.0232894
0.0232607
0.0232395
0.0232264
0.0232218
0.0232259
0.0232384
0.023259
0.0232868
0.023321
0.0233603
0.0234035
0.0234488
0.0234946
0.0235393
0.0235809
0.0236178
0.0236485
0.0236717
0.0236863
0.0236918
0.0236878
0.0236746
0.0236527
0.023623
0.0235867
0.0154792
0.0154319
0.0153829
0.0153342
0.0152876
0.0152448
0.0152073
0.0151765
0.0151533
0.0151386
0.0151327
0.0151358
0.0151479
0.0151685
0.0151969
0.0152322
0.0152733
0.0153188
0.015367
0.0154161
0.0154642
0.0155094
0.0155498
0.0155837
0.0156095
0.0156261
0.0156328
0.0156293
0.0156158
0.0155928
0.0155614
0.015523
0.00510878
0.0050818
0.00505416
0.00502692
0.0050011
0.00497759
0.00495719
0.00494055
0.0049282
0.0049205
0.00491769
0.00491985
0.00492692
0.00493871
0.0049549
0.00497498
0.00499831
0.00502411
0.00505148
0.0050794
0.00510675
0.00513241
0.00515525
0.00517424
0.00518852
0.0051974
0.00520047
0.00519762
0.00518899
0.00517504
0.00515643
0.00513402
0.0278032
0.0277674
0.0277356
0.027709
0.0276888
0.0276756
0.0276701
0.0276722
0.027682
0.0276989
0.0277224
0.0277515
0.0277851
0.0278219
0.0278605
0.0278995
0.0279374
0.0279727
0.0280042
0.0280307
0.028051
0.0280646
0.0280707
0.0280692
0.02806
0.0280435
0.0280203
0.0279912
0.0279574
0.0279203
0.0278812
0.0278416
0.0233523
0.023292
0.0232381
0.0231926
0.023157
0.0231328
0.0231208
0.0231212
0.0231342
0.0231592
0.0231952
0.0232409
0.0232947
0.0233545
0.0234183
0.0234837
0.0235482
0.0236094
0.0236648
0.0237122
0.0237497
0.0237758
0.0237893
0.0237896
0.0237766
0.0237509
0.0237135
0.0236659
0.0236101
0.0235483
0.023483
0.0234168
0.0152795
0.0152157
0.0151586
0.0151101
0.0150721
0.0150456
0.0150316
0.0150306
0.0150424
0.0150668
0.0151029
0.0151494
0.0152047
0.0152671
0.0153341
0.0154035
0.0154726
0.0155387
0.0155991
0.0156514
0.0156932
0.0157228
0.0157389
0.0157406
0.0157278
0.0157012
0.0156618
0.0156115
0.0155523
0.0154868
0.0154177
0.0153477
0.00500116
0.00496565
0.00493402
0.00490727
0.00488625
0.00487158
0.0048637
0.00486281
0.00486896
0.00488195
0.00490141
0.00492677
0.00495726
0.00499189
0.00502949
0.00506873
0.00510814
0.00514615
0.00518116
0.00521165
0.00523619
0.00525363
0.00526312
0.00526418
0.00525677
0.00524126
0.0052184
0.00518929
0.0051553
0.00511792
0.00507873
0.0050393
0.0276975
0.0276613
0.0276329
0.0276133
0.0276035
0.0276036
0.0276139
0.0276339
0.0276628
0.0276995
0.0277426
0.0277905
0.0278412
0.0278929
0.0279436
0.0279913
0.0280341
0.0280704
0.0280989
0.0281183
0.028128
0.0281276
0.0281171
0.028097
0.028068
0.0280312
0.0279881
0.0279403
0.0278897
0.0278382
0.0277877
0.0277402
0.0231647
0.0231044
0.0230574
0.0230252
0.023009
0.0230093
0.0230262
0.023059
0.0231066
0.0231674
0.0232391
0.0233192
0.0234047
0.0234923
0.0235788
0.0236609
0.0237351
0.0237985
0.0238485
0.023883
0.0239005
0.0239002
0.0238823
0.0238473
0.0237968
0.0237329
0.0236583
0.0235759
0.0234891
0.0234013
0.0233158
0.023236
0.01508
0.0150171
0.0149681
0.0149344
0.0149172
0.0149169
0.0149337
0.0149669
0.0150157
0.0150783
0.0151527
0.0152365
0.0153265
0.0154196
0.0155122
0.0156006
0.0156811
0.0157503
0.0158052
0.0158434
0.0158629
0.0158631
0.0158437
0.0158059
0.0157512
0.0156822
0.0156019
0.0155137
0.0154213
0.0153283
0.0152383
0.0151545
0.00489207
0.00485819
0.0048319
0.00481392
0.00480475
0.00480463
0.00481358
0.00483138
0.00485757
0.00489143
0.00493199
0.00497799
0.00502791
0.00507997
0.00513221
0.00518252
0.0052287
0.00526867
0.00530051
0.00532263
0.00533392
0.00533379
0.00532228
0.00529997
0.00526804
0.00522808
0.00518199
0.00513188
0.00507987
0.00502806
0.00497836
0.00493254
0.0276679
0.0276349
0.0276105
0.0275959
0.0275914
0.0275973
0.0276134
0.0276393
0.0276738
0.0277157
0.0277634
0.0278151
0.0278687
0.0279222
0.0279735
0.0280206
0.0280616
0.028095
0.0281194
0.0281338
0.0281378
0.0281311
0.0281142
0.0280877
0.0280527
0.0280105
0.0279628
0.0279114
0.0278582
0.0278053
0.0277547
0.0277083
0.023099
0.0230443
0.0230049
0.0229822
0.0229769
0.0229893
0.0230188
0.0230646
0.023125
0.023198
0.023281
0.0233709
0.0234643
0.0235577
0.0236475
0.0237301
0.0238021
0.0238605
0.0239029
0.0239274
0.0239331
0.0239195
0.0238874
0.0238382
0.0237738
0.0236971
0.0236111
0.0235194
0.0234256
0.0233334
0.0232461
0.023167
0.0149994
0.0149426
0.0149021
0.0148792
0.0148745
0.0148882
0.0149199
0.0149687
0.015033
0.0151107
0.0151994
0.0152959
0.0153967
0.015498
0.0155958
0.0156861
0.0157651
0.0158293
0.0158758
0.0159024
0.0159078
0.0158918
0.0158551
0.0157996
0.0157276
0.0156424
0.0155479
0.0154478
0.0153463
0.0152472
0.0151543
0.0150708
0.00484308
0.0048128
0.00479155
0.00477988
0.00477809
0.00478621
0.00480405
0.00483116
0.00486682
0.00491002
0.00495948
0.00501362
0.00507057
0.00512821
0.00518425
0.0052363
0.005282
0.00531915
0.00534588
0.00536082
0.00536317
0.00535278
0.00533022
0.00529666
0.0052538
0.00520374
0.00514881
0.00509143
0.00503394
0.00497855
0.0049272
0.00488158
0.0277384
0.0277116
0.0276907
0.0276766
0.0276697
0.0276705
0.0276789
0.0276947
0.0277173
0.0277459
0.0277793
0.0278161
0.0278551
0.0278946
0.0279331
0.0279691
0.0280012
0.0280282
0.0280489
0.0280626
0.0280687
0.0280672
0.028058
0.0280417
0.0280188
0.0279903
0.0279572
0.0279207
0.0278824
0.0278435
0.0278057
0.0277702
0.023214
0.0231693
0.0231353
0.0231132
0.0231038
0.0231074
0.023124
0.023153
0.0231933
0.0232435
0.0233019
0.0233664
0.0234344
0.0235034
0.0235707
0.0236338
0.02369
0.0237371
0.0237731
0.0237965
0.0238064
0.0238023
0.0237844
0.0237535
0.0237108
0.0236582
0.0235978
0.023532
0.0234635
0.023395
0.0233289
0.0232679
0.0151122
0.0150651
0.0150298
0.0150075
0.0149988
0.0150041
0.0150232
0.0150555
0.0150999
0.0151551
0.0152191
0.0152897
0.0153643
0.0154402
0.0155144
0.0155838
0.0156457
0.0156974
0.0157367
0.0157617
0.0157714
0.0157653
0.0157437
0.0157076
0.0156586
0.0155988
0.0155308
0.0154575
0.0153819
0.0153069
0.0152352
0.0151696
0.0049014
0.00487593
0.00485719
0.00484571
0.00484181
0.00484561
0.004857
0.00487566
0.00490108
0.00493249
0.00496892
0.00500916
0.00505183
0.00509534
0.005138
0.00517806
0.00521377
0.00524351
0.00526587
0.00527978
0.00528452
0.00527987
0.00526606
0.00524376
0.00521406
0.00517838
0.00513834
0.00509569
0.00505218
0.00500952
0.00496928
0.00493284
0.0278271
0.0278067
0.0277889
0.0277742
0.0277634
0.0277568
0.0277548
0.0277575
0.0277648
0.0277764
0.0277918
0.0278104
0.0278314
0.027854
0.0278774
0.0279005
0.0279225
0.0279427
0.0279601
0.0279741
0.0279843
0.0279902
0.0279917
0.0279888
0.0279817
0.0279704
0.0279556
0.0279376
0.0279172
0.0278951
0.0278722
0.0278492
0.0233815
0.0233476
0.0233179
0.0232934
0.023275
0.0232635
0.0232592
0.0232624
0.0232728
0.0232902
0.0233139
0.023343
0.0233763
0.0234128
0.0234509
0.0234892
0.0235263
0.0235607
0.0235911
0.0236162
0.0236351
0.023647
0.0236514
0.0236482
0.0236374
0.0236195
0.0235951
0.0235654
0.0235315
0.0234947
0.0234565
0.0234182
0.0152951
0.0152587
0.015227
0.015201
0.0151817
0.0151699
0.0151658
0.0151697
0.0151814
0.0152005
0.0152264
0.0152581
0.0152945
0.0153342
0.0153758
0.0154177
0.0154582
0.0154958
0.015529
0.0155564
0.0155769
0.0155895
0.0155939
0.0155897
0.0155771
0.0155568
0.0155295
0.0154963
0.0154588
0.0154183
0.0153764
0.0153349
0.00500649
0.00498629
0.00496876
0.0049545
0.004944
0.0049376
0.00493551
0.00493782
0.00494445
0.0049552
0.00496972
0.00498752
0.00500798
0.00503039
0.00505392
0.00507769
0.00510075
0.00512219
0.0051411
0.00515668
0.00516825
0.0051753
0.00517751
0.00517478
0.00516726
0.00515528
0.00513938
0.00512026
0.00509873
0.00507568
0.00505202
0.00502867
0.0278356
0.0278205
0.0278075
0.0277971
0.0277897
0.0277858
0.0277853
0.0277885
0.0277952
0.0278052
0.0278179
0.0278329
0.0278496
0.0278672
0.027885
0.0279024
0.0279188
0.0279334
0.0279458
0.0279555
0.0279621
0.0279655
0.0279655
0.0279622
0.0279558
0.0279464
0.0279344
0.0279202
0.0279042
0.0278871
0.0278695
0.0278521
0.0234088
0.0233843
0.0233626
0.0233446
0.0233309
0.023322
0.0233184
0.02332
0.0233268
0.0233385
0.0233546
0.0233744
0.0233973
0.0234222
0.0234484
0.0234749
0.0235007
0.0235248
0.0235464
0.0235647
0.0235788
0.0235883
0.0235928
0.0235919
0.0235857
0.0235745
0.0235585
0.0235385
0.0235151
0.0234895
0.0234625
0.0234352
0.0153325
0.0153056
0.0152817
0.0152617
0.0152462
0.0152359
0.015231
0.0152317
0.015238
0.0152494
0.0152656
0.015286
0.0153098
0.0153361
0.015364
0.0153924
0.0154205
0.0154471
0.0154712
0.0154919
0.0155085
0.01552
0.0155261
0.0155265
0.015521
0.0155098
0.0154933
0.0154722
0.0154474
0.0154199
0.0153907
0.0153612
0.00503083
0.00501548
0.00500174
0.00499011
0.00498099
0.00497469
0.00497139
0.00497119
0.00497407
0.0049799
0.00498846
0.00499945
0.00501247
0.00502708
0.00504276
0.00505897
0.00507512
0.00509061
0.00510485
0.00511726
0.00512731
0.00513457
0.0051387
0.00513947
0.00513682
0.00513085
0.00512179
0.00511003
0.00509607
0.00508051
0.00506399
0.00504721
0.0277666
0.0277526
0.0277433
0.0277389
0.0277397
0.0277458
0.0277569
0.0277726
0.0277925
0.0278156
0.0278411
0.027868
0.027895
0.0279212
0.0279455
0.027967
0.0279847
0.0279982
0.0280068
0.0280102
0.0280085
0.0280016
0.0279899
0.027974
0.0279543
0.0279318
0.0279072
0.0278814
0.0278553
0.0278298
0.027806
0.0277846
0.0232877
0.0232667
0.0232529
0.0232469
0.0232488
0.0232588
0.0232763
0.0233008
0.0233313
0.0233666
0.0234053
0.0234458
0.0234866
0.023526
0.0235626
0.023595
0.0236219
0.0236424
0.0236556
0.0236612
0.0236589
0.0236488
0.0236314
0.0236072
0.0235773
0.0235426
0.0235045
0.0234645
0.023424
0.0233846
0.0233478
0.0233151
0.0152047
0.0151824
0.0151677
0.015161
0.0151627
0.0151727
0.0151907
0.015216
0.0152476
0.0152844
0.0153249
0.0153676
0.0154106
0.0154525
0.0154915
0.0155261
0.015555
0.0155771
0.0155916
0.0155979
0.0155958
0.0155855
0.0155673
0.0155419
0.0155103
0.0154737
0.0154335
0.0153912
0.0153485
0.0153069
0.0152682
0.0152337
0.00495771
0.00494524
0.00493696
0.00493315
0.00493396
0.00493938
0.00494922
0.00496316
0.00498071
0.00500123
0.00502398
0.00504811
0.00507266
0.00509668
0.00511921
0.00513933
0.00515624
0.00516924
0.00517782
0.00518162
0.00518052
0.00517456
0.00516401
0.0051493
0.00513103
0.00510995
0.00508689
0.00506278
0.00503853
0.00501507
0.00499325
0.0049739
0.0276938
0.0276731
0.0276599
0.0276545
0.0276574
0.0276685
0.0276873
0.0277133
0.0277455
0.0277827
0.0278233
0.0278658
0.0279085
0.0279496
0.0279876
0.0280209
0.0280482
0.0280685
0.028081
0.0280853
0.0280812
0.028069
0.0280492
0.0280226
0.0279904
0.0279537
0.027914
0.0278726
0.0278312
0.0277911
0.027754
0.0277211
0.0231609
0.0231298
0.0231109
0.0231049
0.0231121
0.0231323
0.0231648
0.0232084
0.0232616
0.0233223
0.0233882
0.0234569
0.0235255
0.0235913
0.0236518
0.0237046
0.0237476
0.023779
0.0237977
0.023803
0.0237946
0.023773
0.0237391
0.0236942
0.0236402
0.0235792
0.0235135
0.0234457
0.0233783
0.0233138
0.0232546
0.023203
0.0150693
0.0150376
0.0150188
0.0150134
0.0150218
0.0150437
0.0150784
0.0151247
0.0151811
0.0152456
0.0153158
0.015389
0.0154623
0.015533
0.015598
0.0156547
0.0157008
0.0157343
0.0157538
0.0157586
0.0157484
0.0157239
0.015686
0.0156365
0.0155774
0.0155111
0.0154403
0.0153677
0.0152961
0.0152281
0.0151662
0.0151127
0.00488102
0.00486414
0.00485436
0.004852
0.00485715
0.00486968
0.00488925
0.00491531
0.00494706
0.00498346
0.00502329
0.00506509
0.00510729
0.00514819
0.00518606
0.00521922
0.00524618
0.00526569
0.00527683
0.00527909
0.0052724
0.0052571
0.00523397
0.00520411
0.00516889
0.00512986
0.00508866
0.00504693
0.00500626
0.00496814
0.00493384
0.00490449
0.0276481
0.0276147
0.0275908
0.0275771
0.0275744
0.0275826
0.0276017
0.0276309
0.0276692
0.0277151
0.0277669
0.0278225
0.0278798
0.0279363
0.0279901
0.0280389
0.0280807
0.0281141
0.0281376
0.0281505
0.0281521
0.0281426
0.0281224
0.0280922
0.0280534
0.0280076
0.0279564
0.0279017
0.0278456
0.0277902
0.0277375
0.0276895
0.0230931
0.0230401
0.0230026
0.0229819
0.0229787
0.0229933
0.0230251
0.023073
0.0231354
0.0232099
0.023294
0.0233844
0.0234778
0.0235704
0.0236586
0.023739
0.0238084
0.0238639
0.0239033
0.0239249
0.0239278
0.0239119
0.0238779
0.0238273
0.0237621
0.023685
0.0235991
0.0235079
0.0234149
0.0233236
0.0232375
0.0231597
0.0150022
0.0149478
0.0149096
0.014889
0.0148866
0.0149024
0.014936
0.0149863
0.0150517
0.0151301
0.0152187
0.0153145
0.0154138
0.0155129
0.015608
0.0156949
0.0157703
0.0158306
0.0158734
0.0158966
0.0158992
0.0158811
0.0158431
0.0157869
0.0157151
0.0156307
0.0155375
0.0154391
0.0153396
0.0152428
0.0151522
0.0150711
0.00484712
0.00481801
0.00479786
0.00478722
0.00478633
0.00479525
0.00481375
0.00484135
0.00487731
0.00492062
0.00496995
0.00502372
0.00508005
0.00513683
0.0051918
0.00524258
0.00528686
0.00532251
0.00534775
0.00536128
0.00536238
0.00535099
0.0053277
0.00529373
0.00525079
0.00520097
0.00514655
0.0050899
0.00503334
0.00497901
0.00492883
0.00488442
0.0276082
0.0275658
0.0275345
0.0275154
0.0275093
0.0275165
0.0275367
0.0275692
0.0276128
0.0276661
0.0277269
0.0277929
0.0278615
0.02793
0.0279957
0.0280561
0.0281087
0.0281515
0.0281829
0.0282015
0.0282067
0.0281983
0.0281768
0.0281429
0.0280982
0.0280445
0.0279838
0.0279184
0.0278508
0.0277836
0.0277191
0.0276599
0.0230406
0.0229711
0.0229198
0.0228882
0.0228774
0.0228879
0.0229192
0.0229703
0.0230395
0.0231243
0.0232218
0.0233285
0.0234403
0.023553
0.0236623
0.0237639
0.0238536
0.0239278
0.0239833
0.0240178
0.0240296
0.0240184
0.0239845
0.0239294
0.0238555
0.0237659
0.0236643
0.023555
0.0234421
0.0233301
0.0232233
0.0231256
0.0149566
0.0148844
0.0148311
0.0147981
0.0147865
0.0147966
0.0148281
0.01488
0.0149507
0.0150381
0.0151393
0.0152509
0.015369
0.0154892
0.0156069
0.0157173
0.0158158
0.015898
0.0159601
0.0159993
0.0160135
0.0160021
0.0159656
0.0159057
0.0158252
0.0157278
0.0156179
0.0155001
0.0153794
0.0152605
0.0151478
0.0150453
0.00482865
0.0047896
0.00476077
0.00474285
0.00473624
0.00474108
0.00475725
0.00478438
0.00482181
0.00486859
0.00492345
0.00498477
0.00505058
0.0051186
0.00518619
0.00525054
0.00530873
0.00535794
0.00539563
0.00541976
0.00542897
0.00542272
0.00540133
0.005366
0.00531863
0.0052617
0.00519801
0.00513052
0.00506212
0.00499552
0.00493311
0.00487692
0.0275473
0.0275033
0.0274724
0.0274558
0.0274541
0.0274675
0.0274956
0.0275372
0.027591
0.027655
0.0277269
0.0278038
0.0278827
0.0279606
0.0280343
0.0281009
0.0281578
0.0282028
0.0282339
0.0282501
0.0282506
0.0282355
0.0282056
0.0281619
0.0281065
0.0280415
0.0279696
0.0278933
0.0278157
0.0277395
0.0276677
0.0276028
0.0229452
0.0228737
0.0228235
0.0227964
0.0227932
0.0228141
0.0228584
0.0229247
0.0230106
0.0231134
0.0232294
0.0233544
0.0234838
0.0236127
0.0237359
0.0238487
0.0239461
0.0240242
0.0240795
0.0241095
0.024113
0.0240896
0.0240406
0.0239681
0.0238752
0.023766
0.023645
0.0235171
0.0233874
0.0232609
0.0231422
0.0230358
0.0148644
0.0147904
0.0147384
0.01471
0.0147058
0.014726
0.0147701
0.0148367
0.014924
0.0150294
0.0151494
0.0152801
0.0154167
0.0155543
0.0156874
0.0158104
0.0159178
0.0160048
0.0160671
0.0161018
0.016107
0.0160825
0.0160295
0.0159507
0.0158497
0.0157315
0.0156011
0.0154643
0.0153266
0.0151932
0.015069
0.0149582
0.00478345
0.00474392
0.00471611
0.00470063
0.00469779
0.00470767
0.00473005
0.00476447
0.00481015
0.00486598
0.00493049
0.00500181
0.00507762
0.00515519
0.00523143
0.00530301
0.00536652
0.00541869
0.00545668
0.00547832
0.00548233
0.00546847
0.00543756
0.00539139
0.00533253
0.00526409
0.00518947
0.00511207
0.00503511
0.00496149
0.00489369
0.0048338
0.0275002
0.0274563
0.0274271
0.0274136
0.0274164
0.0274354
0.0274701
0.0275192
0.027581
0.0276532
0.0277333
0.0278181
0.0279043
0.0279885
0.0280672
0.0281375
0.0281964
0.0282415
0.0282711
0.028284
0.0282796
0.0282583
0.028221
0.0281692
0.0281052
0.0280316
0.0279513
0.0278674
0.0277829
0.0277011
0.0276248
0.027557
0.0228595
0.0227896
0.022744
0.022724
0.0227303
0.0227628
0.0228204
0.0229013
0.0230029
0.0231219
0.0232539
0.0233944
0.0235379
0.0236791
0.0238121
0.0239316
0.0240324
0.0241101
0.0241612
0.0241834
0.0241756
0.0241384
0.0240733
0.0239834
0.0238727
0.023746
0.0236086
0.0234661
0.0233239
0.0231875
0.0230618
0.0229512
0.0147732
0.0147021
0.0146558
0.0146356
0.014642
0.014675
0.0147336
0.0148163
0.0149207
0.0150438
0.0151816
0.0153297
0.0154825
0.0156342
0.0157787
0.0159097
0.016021
0.0161074
0.0161645
0.0161895
0.016181
0.0161395
0.0160671
0.0159676
0.0158458
0.0157075
0.0155589
0.0154062
0.0152554
0.0151122
0.0149814
0.0148672
0.00473342
0.00469628
0.00467226
0.00466185
0.00466524
0.00468237
0.00471294
0.00475635
0.00481167
0.00487759
0.00495237
0.00503382
0.0051192
0.00520531
0.00528854
0.00536502
0.00543088
0.00548253
0.00551696
0.0055321
0.00552701
0.00550201
0.00545863
0.00539944
0.00532779
0.00524747
0.00516238
0.00507628
0.00499259
0.00491425
0.00484372
0.00478294
0.0275115
0.0274658
0.0274343
0.0274183
0.0274184
0.0274345
0.0274664
0.0275127
0.027572
0.0276422
0.0277206
0.0278042
0.0278897
0.0279738
0.0280531
0.0281245
0.028185
0.0282322
0.0282642
0.0282797
0.0282781
0.0282595
0.0282249
0.0281757
0.0281139
0.0280423
0.0279635
0.0278807
0.0277968
0.0277151
0.0276385
0.0275698
0.0228702
0.0227975
0.0227487
0.0227252
0.022728
0.0227569
0.0228111
0.0228889
0.0229878
0.0231045
0.023235
0.0233746
0.0235181
0.0236601
0.0237948
0.0239165
0.0240202
0.0241013
0.0241561
0.0241822
0.0241783
0.0241446
0.0240829
0.0239958
0.0238873
0.0237623
0.0236259
0.0234838
0.0233414
0.0232042
0.023077
0.0229644
0.0147785
0.0147048
0.0146557
0.0146327
0.0146364
0.0146666
0.0147227
0.0148031
0.0149056
0.0150272
0.0151642
0.0153119
0.0154651
0.015618
0.0157643
0.0158977
0.0160121
0.0161018
0.0161626
0.0161912
0.0161861
0.0161477
0.0160779
0.0159804
0.01586
0.0157223
0.0155737
0.0154205
0.0152687
0.015124
0.0149913
0.014875
0.00473394
0.00469564
0.00467049
0.00465897
0.0046613
0.00467744
0.00470709
0.00474968
0.00480431
0.00486972
0.00494419
0.00502556
0.00511115
0.00519778
0.00528186
0.00535951
0.00542683
0.00548014
0.00551637
0.00553331
0.0055299
0.00550635
0.00546411
0.00540569
0.00533441
0.00525409
0.00516867
0.00508196
0.00499743
0.00491811
0.0048465
0.0047846
0.0275709
0.027523
0.0274874
0.0274654
0.027458
0.0274653
0.0274872
0.0275231
0.0275716
0.0276311
0.0276994
0.0277738
0.0278514
0.0279293
0.0280042
0.0280733
0.0281336
0.028183
0.0282192
0.0282409
0.0282472
0.028238
0.0282137
0.0281754
0.0281247
0.0280637
0.027995
0.027921
0.0278447
0.0277687
0.027696
0.0276293
0.0229672
0.0228895
0.0228325
0.0227981
0.0227873
0.0228007
0.0228378
0.0228975
0.0229778
0.023076
0.0231889
0.0233124
0.023442
0.0235729
0.0236998
0.0238177
0.0239216
0.0240069
0.0240701
0.0241082
0.0241196
0.0241038
0.0240614
0.0239946
0.0239062
0.0238003
0.0236813
0.0235541
0.0234239
0.0232955
0.0231738
0.0230631
0.0148757
0.0147959
0.0147379
0.0147032
0.0146929
0.0147072
0.0147458
0.0148076
0.0148909
0.0149933
0.0151117
0.0152421
0.0153801
0.0155205
0.0156579
0.0157865
0.0159007
0.015995
0.0160651
0.0161074
0.0161197
0.0161016
0.0160539
0.015979
0.0158807
0.0157637
0.0156334
0.0154954
0.0153554
0.0152188
0.0150905
0.0149749
0.00478537
0.00474327
0.00471289
0.00469489
0.00468964
0.00469724
0.00471756
0.00475018
0.00479441
0.00484921
0.00491318
0.00498452
0.00506098
0.00513985
0.00521806
0.00529222
0.00535883
0.00541449
0.00545615
0.00548143
0.00548883
0.0054779
0.00544931
0.00540473
0.00534673
0.00527841
0.00520325
0.00512472
0.00504616
0.00497057
0.00490054
0.00483823
0.0276323
0.0275862
0.0275502
0.0275258
0.0275137
0.0275147
0.0275286
0.027555
0.0275931
0.0276415
0.0276984
0.0277616
0.0278287
0.0278971
0.0279639
0.0280266
0.0280827
0.02813
0.0281665
0.0281908
0.028202
0.0281996
0.0281839
0.0281555
0.0281158
0.0280662
0.0280089
0.027946
0.0278799
0.0278131
0.0277479
0.0276869
0.0230709
0.0229945
0.0229351
0.0228948
0.022875
0.0228762
0.0228986
0.0229413
0.0230029
0.0230815
0.0231742
0.0232779
0.0233888
0.0235028
0.0236154
0.0237222
0.0238189
0.0239014
0.0239661
0.0240102
0.0240318
0.02403
0.0240048
0.0239574
0.02389
0.0238054
0.0237073
0.0235998
0.0234872
0.0233738
0.023264
0.0231619
0.0149824
0.0149024
0.0148406
0.0147988
0.0147781
0.0147792
0.0148021
0.014846
0.0149098
0.0149916
0.0150887
0.0151981
0.0153161
0.0154383
0.0155602
0.0156768
0.0157832
0.0158747
0.015947
0.0159968
0.0160215
0.0160199
0.0159923
0.0159398
0.0158651
0.0157718
0.0156642
0.0155469
0.015425
0.0153032
0.0151861
0.0150779
0.00484236
0.00479922
0.004766
0.0047435
0.00473224
0.00473246
0.00474417
0.00476712
0.00480078
0.00484434
0.0048967
0.00495637
0.00502154
0.00508999
0.00515917
0.00522626
0.00528829
0.00534228
0.00538546
0.00541551
0.00543075
0.00543032
0.00541424
0.00538345
0.00533967
0.00528525
0.00522297
0.0051558
0.00508671
0.00501847
0.00495361
0.0048943
0.0276684
0.027629
0.0275984
0.0275778
0.0275679
0.0275691
0.0275815
0.0276047
0.0276379
0.0276798
0.0277289
0.0277834
0.027841
0.0278996
0.0279567
0.0280102
0.0280578
0.0280978
0.0281285
0.0281488
0.0281578
0.0281553
0.0281414
0.0281167
0.0280824
0.0280398
0.0279906
0.0279367
0.0278801
0.0278229
0.0277672
0.027715
0.0231304
0.0230653
0.0230148
0.0229807
0.022964
0.0229654
0.0229848
0.0230216
0.0230744
0.0231416
0.0232206
0.0233087
0.0234026
0.0234988
0.0235937
0.0236835
0.0237646
0.0238336
0.0238877
0.0239245
0.0239425
0.0239409
0.0239197
0.0238799
0.0238233
0.0237522
0.0236697
0.023579
0.0234838
0.0233877
0.0232946
0.0232077
0.0150431
0.0149742
0.0149208
0.0148845
0.0148665
0.0148673
0.0148868
0.0149246
0.0149793
0.0150493
0.0151323
0.0152256
0.0153258
0.0154294
0.0155325
0.0156308
0.0157204
0.0157973
0.0158581
0.0159001
0.0159212
0.0159204
0.0158978
0.0158544
0.0157923
0.0157143
0.0156238
0.0155249
0.0154216
0.015318
0.015218
0.0151253
0.00487354
0.00483578
0.00480656
0.00478665
0.00477653
0.00477647
0.00478645
0.00480622
0.0048353
0.00487291
0.00491803
0.00496933
0.00502517
0.00508364
0.00514254
0.0051995
0.00525204
0.00529771
0.00533428
0.00535986
0.00537307
0.00537321
0.00536026
0.00533491
0.00529852
0.00525297
0.00520051
0.00514358
0.00508466
0.00502615
0.00497021
0.0049188
0.0276704
0.0276371
0.0276123
0.0275971
0.027592
0.0275974
0.027613
0.0276384
0.0276728
0.0277146
0.0277624
0.0278144
0.0278684
0.0279224
0.0279741
0.0280215
0.0280627
0.0280962
0.0281206
0.028135
0.0281389
0.0281322
0.0281151
0.0280886
0.0280537
0.0280117
0.0279643
0.0279133
0.0278606
0.027808
0.0277576
0.0277111
0.0231351
0.0230822
0.0230432
0.0230196
0.0230123
0.0230214
0.0230468
0.0230875
0.023142
0.0232083
0.0232842
0.0233666
0.0234525
0.0235387
0.0236217
0.0236984
0.0237656
0.0238206
0.0238612
0.0238856
0.023893
0.0238829
0.0238559
0.0238132
0.0237564
0.0236879
0.0236106
0.0235273
0.0234414
0.0233561
0.0232746
0.0232
0.0150493
0.0149936
0.0149527
0.0149277
0.0149196
0.0149286
0.0149545
0.0149964
0.0150529
0.0151221
0.0152017
0.0152888
0.0153802
0.0154725
0.0155621
0.0156454
0.0157189
0.0157795
0.0158245
0.0158521
0.0158608
0.0158505
0.0158216
0.0157753
0.0157137
0.0156396
0.015556
0.0154663
0.0153742
0.0152831
0.0151966
0.0151177
0.00487641
0.0048461
0.00482382
0.00481019
0.0048056
0.00481016
0.00482377
0.00484604
0.00487636
0.00491385
0.00495737
0.00500553
0.00505667
0.00510892
0.00516022
0.00520845
0.00525149
0.00528735
0.00531431
0.00533102
0.00533665
0.00533091
0.0053141
0.00528706
0.00525115
0.00520809
0.00515988
0.00510864
0.00505647
0.00500543
0.00495734
0.00491387
0.0276348
0.0275977
0.0275706
0.0275545
0.0275502
0.0275578
0.0275771
0.0276076
0.027648
0.0276968
0.0277522
0.0278119
0.0278737
0.027935
0.0279935
0.0280468
0.0280928
0.0281297
0.0281562
0.0281713
0.0281743
0.0281652
0.0281445
0.0281131
0.0280723
0.0280236
0.0279689
0.0279103
0.02785
0.0277901
0.0277329
0.0276805
0.0230817
0.0230251
0.0229846
0.0229615
0.0229568
0.0229707
0.0230027
0.0230518
0.0231161
0.0231934
0.0232808
0.023375
0.0234724
0.0235692
0.0236617
0.0237461
0.023819
0.0238776
0.0239193
0.0239426
0.0239464
0.0239307
0.0238963
0.0238446
0.0237777
0.0236985
0.02361
0.0235157
0.0234192
0.0233241
0.023234
0.0231522
0.0149994
0.0149417
0.0149005
0.0148772
0.0148727
0.0148872
0.0149201
0.0149706
0.0150369
0.0151169
0.0152077
0.0153062
0.0154085
0.0155109
0.0156091
0.0156993
0.0157775
0.0158403
0.0158852
0.01591
0.0159138
0.0158965
0.0158589
0.0158028
0.0157306
0.0156455
0.0155511
0.0154511
0.0153494
0.0152499
0.0151563
0.0150718
0.00485171
0.00482115
0.00479951
0.00478741
0.00478519
0.00479295
0.00481049
0.00483737
0.00487285
0.00491592
0.00496525
0.00501923
0.00507597
0.00513335
0.00518903
0.00524061
0.00528576
0.00532232
0.00534852
0.00536305
0.00536519
0.00535487
0.00533267
0.00529973
0.00525772
0.00520865
0.00515474
0.0050983
0.00504161
0.00498682
0.00493583
0.00489032
0.0275693
0.0275171
0.0274775
0.0274521
0.0274418
0.0274471
0.0274678
0.0275034
0.0275524
0.0276129
0.0276828
0.0277592
0.0278393
0.0279198
0.0279977
0.0280699
0.0281336
0.0281862
0.0282257
0.0282506
0.0282599
0.0282533
0.0282311
0.0281944
0.0281446
0.0280836
0.0280139
0.0279382
0.0278592
0.0277799
0.0277032
0.0276322
0.0229822
0.022901
0.0228403
0.0228022
0.0227879
0.022798
0.0228322
0.0228893
0.0229675
0.0230639
0.0231754
0.0232978
0.0234266
0.023557
0.0236837
0.0238019
0.0239066
0.0239934
0.0240587
0.0240997
0.0241145
0.0241026
0.0240645
0.024002
0.0239178
0.0238157
0.0236997
0.0235746
0.0234454
0.0233169
0.0231939
0.023081
0.0149039
0.014822
0.0147613
0.0147235
0.0147098
0.0147206
0.0147556
0.0148139
0.0148936
0.0149925
0.0151073
0.0152342
0.0153689
0.0155062
0.0156409
0.0157673
0.0158801
0.0159741
0.016045
0.0160894
0.0161051
0.0160914
0.0160489
0.01598
0.0158878
0.0157768
0.0156519
0.0155184
0.0153819
0.0152475
0.0151201
0.0150043
0.00480391
0.00476121
0.00472984
0.00471054
0.00470375
0.00470962
0.00472804
0.00475863
0.00480068
0.00485318
0.00491476
0.00498365
0.00505766
0.0051342
0.00521032
0.00528276
0.00534815
0.0054032
0.00544501
0.00547122
0.00548035
0.00547187
0.00544628
0.00540509
0.00535062
0.00528579
0.00521383
0.00513808
0.00506175
0.00498779
0.00491879
0.0048569
0.0275087
0.0274401
0.0273865
0.02735
0.0273318
0.0273328
0.0273528
0.0273914
0.0274469
0.0275174
0.0276001
0.0276921
0.0277897
0.0278893
0.0279871
0.0280791
0.0281618
0.0282319
0.0282866
0.0283238
0.0283418
0.02834
0.0283186
0.0282786
0.0282214
0.0281495
0.0280657
0.0279732
0.0278757
0.0277768
0.0276803
0.0275898
0.0228884
0.022778
0.0226925
0.0226346
0.0226062
0.0226082
0.0226404
0.0227019
0.0227908
0.0229041
0.0230382
0.0231885
0.0233498
0.023516
0.0236809
0.0238378
0.0239804
0.0241024
0.0241986
0.0242643
0.0242967
0.0242942
0.024257
0.0241868
0.0240869
0.0239619
0.0238173
0.0236592
0.0234941
0.0233284
0.0231685
0.02302
0.0148105
0.0146984
0.0146122
0.0145542
0.014526
0.0145282
0.0145607
0.0146228
0.0147128
0.0148283
0.0149661
0.015122
0.0152911
0.0154674
0.0156444
0.0158148
0.0159713
0.0161066
0.016214
0.016288
0.0163245
0.0163217
0.0162797
0.0162007
0.016089
0.0159504
0.0157915
0.0156197
0.0154424
0.0152667
0.0150991
0.0149454
0.00475575
0.00469698
0.00465227
0.00462244
0.00460798
0.00460913
0.00462585
0.00465788
0.00470465
0.0047653
0.00483857
0.00492273
0.0050155
0.00511399
0.00521468
0.00531344
0.00540568
0.00548664
0.00555175
0.00559705
0.00561964
0.00561799
0.00559222
0.00554401
0.00547644
0.00539359
0.00530009
0.00520071
0.00509999
0.00500199
0.00491019
0.00482738
0.0274953
0.0274224
0.0273651
0.0273255
0.0273051
0.0273046
0.027324
0.0273628
0.0274194
0.0274916
0.027577
0.0276722
0.0277739
0.0278779
0.0279805
0.0280775
0.0281652
0.0282401
0.0282992
0.0283401
0.0283611
0.0283613
0.0283409
0.0283007
0.0282422
0.0281679
0.0280808
0.0279842
0.027882
0.0277782
0.0276766
0.0275811
0.0228646
0.0227448
0.022651
0.0225863
0.0225526
0.0225509
0.0225812
0.0226427
0.0227334
0.0228504
0.0229901
0.0231479
0.0233182
0.0234949
0.0236714
0.0238407
0.0239958
0.0241298
0.0242369
0.024312
0.0243515
0.0243535
0.0243181
0.0242468
0.0241431
0.0240119
0.023859
0.0236911
0.023515
0.0233379
0.0231664
0.0230068
0.0147834
0.0146601
0.0145642
0.0144982
0.0144637
0.0144615
0.0144916
0.0145532
0.0146449
0.0147643
0.0149082
0.0150726
0.0152522
0.0154411
0.0156323
0.015818
0.0159903
0.016141
0.0162626
0.0163487
0.0163947
0.0163979
0.0163581
0.0162777
0.016161
0.0160141
0.0158446
0.0156602
0.0154693
0.0152795
0.0150979
0.0149307
0.0047409
0.00467566
0.00462538
0.0045909
0.00457275
0.0045712
0.00458625
0.00461768
0.004665
0.00472743
0.00480378
0.0048924
0.00499105
0.00509678
0.00520595
0.00531414
0.00541641
0.00550745
0.00558209
0.00563571
0.0056648
0.00566737
0.00564325
0.00559409
0.00552315
0.00543488
0.00533439
0.00522695
0.00511761
0.00501089
0.00491059
0.0048198
0.0275263
0.0274631
0.0274143
0.0273817
0.0273665
0.0273693
0.02739
0.0274279
0.0274814
0.0275486
0.0276271
0.0277137
0.0278055
0.0278987
0.0279899
0.0280755
0.0281522
0.0282168
0.028267
0.0283006
0.0283162
0.0283133
0.028292
0.0282531
0.0281983
0.0281296
0.0280498
0.0279621
0.0278699
0.0277768
0.0276862
0.0276017
0.0229088
0.022805
0.0227252
0.0226718
0.0226465
0.0226502
0.0226825
0.0227426
0.0228285
0.0229374
0.0230658
0.0232094
0.0233631
0.0235213
0.0236781
0.0238271
0.0239623
0.0240776
0.0241681
0.0242294
0.0242588
0.0242549
0.0242177
0.0241493
0.0240526
0.0239321
0.0237932
0.0236417
0.0234838
0.0233259
0.0231738
0.0230332
0.0148246
0.014717
0.0146345
0.0145792
0.0145526
0.0145553
0.0145872
0.0146475
0.0147346
0.0148462
0.0149791
0.0151294
0.0152922
0.0154618
0.015632
0.0157958
0.0159461
0.0160759
0.0161788
0.0162494
0.0162841
0.0162809
0.01624
0.0161636
0.0160558
0.0159221
0.015769
0.0156034
0.0154327
0.0152635
0.0151022
0.0149543
0.00476243
0.00470517
0.00466148
0.00463219
0.00461782
0.00461861
0.00463451
0.00466525
0.00471028
0.00476873
0.00483936
0.00492047
0.00500985
0.00510468
0.00520155
0.00529649
0.00538513
0.00546296
0.00552562
0.00556936
0.00559142
0.00559036
0.00556625
0.00552065
0.00545642
0.00537741
0.00528798
0.00519264
0.00509573
0.00500119
0.00491237
0.00483205
0.027568
0.0275173
0.0274795
0.0274559
0.0274473
0.0274542
0.0274763
0.0275127
0.027562
0.0276224
0.0276916
0.0277669
0.0278455
0.0279245
0.0280007
0.0280712
0.0281332
0.0281843
0.0282227
0.0282466
0.0282552
0.0282482
0.0282259
0.028189
0.0281392
0.0280782
0.0280085
0.0279328
0.0278541
0.0277753
0.0276995
0.0276295
0.0229691
0.0228886
0.0228291
0.0227923
0.0227797
0.0227914
0.0228272
0.0228859
0.0229655
0.0230634
0.0231762
0.0233001
0.0234304
0.0235624
0.023691
0.023811
0.0239174
0.0240057
0.0240719
0.0241131
0.0241273
0.024114
0.0240738
0.0240086
0.0239212
0.0238155
0.0236961
0.0235679
0.0234359
0.0233054
0.0231812
0.0230677
0.0148833
0.0148003
0.0147391
0.0147012
0.0146879
0.0146995
0.0147355
0.0147951
0.0148765
0.0149773
0.0150945
0.0152243
0.0153623
0.0155035
0.0156423
0.0157732
0.0158904
0.0159883
0.0160624
0.0161089
0.0161255
0.0161112
0.0160668
0.0159947
0.0158984
0.0157826
0.0156526
0.0155142
0.015373
0.0152346
0.0151039
0.0149856
0.00479309
0.00474928
0.00471708
0.0046972
0.00469004
0.00469576
0.00471421
0.004745
0.00478746
0.00484061
0.00490311
0.00497322
0.00504881
0.00512727
0.00520561
0.00528052
0.0053485
0.00540611
0.00545023
0.00547831
0.00548868
0.00548069
0.00545483
0.00541262
0.00535652
0.00528958
0.00521526
0.00513705
0.00505831
0.00498211
0.0049111
0.0048475
0.0276049
0.0275578
0.0275221
0.0274993
0.0274901
0.027495
0.0275137
0.0275456
0.0275894
0.0276433
0.0277054
0.0277733
0.0278443
0.0279158
0.027985
0.0280493
0.0281061
0.0281532
0.028189
0.0282119
0.0282211
0.0282162
0.0281975
0.0281657
0.0281218
0.0280678
0.0280055
0.0279376
0.0278665
0.027795
0.0277259
0.0276617
0.0230228
0.02295
0.0228958
0.0228622
0.0228502
0.0228602
0.022892
0.0229445
0.0230159
0.0231038
0.0232052
0.0233164
0.0234334
0.0235519
0.0236671
0.0237745
0.0238696
0.0239484
0.0240074
0.0240441
0.0240569
0.0240452
0.0240095
0.0239517
0.0238741
0.0237802
0.023674
0.0235597
0.023442
0.0233252
0.0232138
0.0231118
0.0149349
0.0148608
0.0148062
0.0147726
0.0147611
0.0147721
0.0148051
0.0148593
0.0149331
0.0150243
0.01513
0.0152467
0.0153703
0.0154964
0.0156199
0.0157358
0.0158389
0.0159247
0.0159891
0.0160289
0.0160421
0.0160283
0.015988
0.0159234
0.0158376
0.0157347
0.0156193
0.0154964
0.015371
0.015248
0.0151316
0.0150261
0.00481845
0.00477981
0.0047516
0.00473448
0.00472887
0.00473487
0.00475237
0.00478097
0.00482
0.00486849
0.00492515
0.00498832
0.00505598
0.00512575
0.00519493
0.00526057
0.00531962
0.00536916
0.00540653
0.00542968
0.00543727
0.00542887
0.00540497
0.00536697
0.00531696
0.0052576
0.00519183
0.00512269
0.00505309
0.00498569
0.00492285
0.00486656
0.0276486
0.0275951
0.0275517
0.0275201
0.0275014
0.0274964
0.0275053
0.0275275
0.0275623
0.0276083
0.0276636
0.0277263
0.027794
0.0278639
0.0279336
0.0280003
0.0280614
0.0281148
0.0281583
0.0281902
0.0282094
0.028215
0.0282068
0.0281851
0.0281506
0.0281047
0.0280491
0.027986
0.027918
0.0278475
0.0277773
0.0277101
0.0230933
0.023009
0.0229413
0.0228926
0.0228645
0.0228581
0.0228735
0.0229101
0.0229668
0.0230417
0.0231322
0.023235
0.0233467
0.023463
0.0235795
0.0236916
0.0237948
0.0238848
0.0239578
0.0240106
0.024041
0.0240476
0.0240302
0.0239896
0.0239277
0.0238471
0.0237513
0.0236443
0.0235303
0.0234139
0.0232995
0.0231913
0.0150045
0.0149183
0.0148498
0.0148011
0.0147737
0.0147683
0.0147851
0.0148237
0.0148829
0.014961
0.0150556
0.0151636
0.0152815
0.015405
0.0155295
0.01565
0.0157616
0.0158592
0.0159385
0.0159956
0.0160279
0.0160337
0.0160129
0.0159666
0.0158969
0.0158074
0.0157021
0.0155856
0.015463
0.015339
0.0152185
0.0151057
0.00485304
0.00480751
0.00477175
0.00474664
0.00473278
0.00473047
0.00473977
0.00476047
0.0047921
0.00483391
0.00488482
0.00494346
0.00500804
0.00507645
0.00514618
0.00521446
0.00527829
0.00533468
0.00538076
0.00541406
0.00543273
0.00543571
0.00542286
0.00539492
0.00535348
0.00530081
0.00523963
0.00517288
0.00510355
0.00503448
0.00496826
0.00490714
0.0276948
0.027634
0.027582
0.0275407
0.0275116
0.0274958
0.0274938
0.0275057
0.0275308
0.0275681
0.0276163
0.0276735
0.0277375
0.027806
0.0278764
0.0279459
0.0280121
0.0280725
0.0281246
0.0281667
0.0281969
0.0282141
0.0282175
0.0282069
0.0281826
0.0281455
0.028097
0.0280391
0.027974
0.0279042
0.0278326
0.0277618
0.0231777
0.023079
0.0229946
0.0229275
0.02288
0.0228536
0.0228492
0.0228669
0.022906
0.0229653
0.0230426
0.0231355
0.0232407
0.0233543
0.0234723
0.0235902
0.0237033
0.0238071
0.0238972
0.02397
0.0240221
0.0240514
0.0240566
0.0240374
0.0239946
0.0239303
0.023847
0.0237485
0.0236387
0.0235222
0.0234035
0.0232872
0.0150936
0.0149911
0.0149042
0.0148357
0.0147875
0.0147611
0.0147571
0.0147758
0.0148165
0.014878
0.0149585
0.0150556
0.0151661
0.0152864
0.0154122
0.0155387
0.015661
0.015774
0.0158726
0.0159524
0.0160096
0.0160414
0.0160463
0.016024
0.0159756
0.0159036
0.0158113
0.0157031
0.0155836
0.0154579
0.0153312
0.0152083
0.0049011
0.00484587
0.00479953
0.00476329
0.00473803
0.00472432
0.00472245
0.00473245
0.00475408
0.00478685
0.00483
0.00488243
0.00494272
0.00500907
0.00507929
0.00515082
0.0052208
0.00528618
0.00534384
0.00539084
0.00542466
0.00544342
0.00544604
0.00543238
0.00540324
0.00536028
0.00530582
0.00524267
0.00517389
0.00510255
0.00503159
0.00496366
0.02771
0.0276483
0.0275948
0.0275516
0.0275204
0.0275023
0.0274977
0.0275068
0.027529
0.0275636
0.0276092
0.0276639
0.0277259
0.0277927
0.0278619
0.027931
0.0279973
0.0280583
0.0281119
0.0281559
0.0281886
0.0282087
0.0282152
0.0282078
0.0281867
0.0281526
0.0281068
0.0280511
0.0279877
0.0279192
0.0278482
0.0277775
0.0232132
0.0231118
0.0230236
0.0229518
0.0228989
0.0228665
0.0228556
0.0228666
0.0228989
0.0229515
0.0230226
0.0231098
0.0232101
0.0233199
0.0234353
0.023552
0.0236655
0.0237713
0.0238651
0.023943
0.0240015
0.0240381
0.0240512
0.0240401
0.0240053
0.0239483
0.0238715
0.0237783
0.0236725
0.0235585
0.0234409
0.0233243
0.0151361
0.0150299
0.0149381
0.0148636
0.0148087
0.0147749
0.0147632
0.0147738
0.0148063
0.0148599
0.0149328
0.015023
0.0151275
0.015243
0.0153654
0.0154904
0.0156132
0.0157286
0.0158318
0.0159181
0.0159835
0.0160247
0.0160397
0.0160278
0.0159895
0.0159267
0.0158423
0.0157404
0.0156255
0.0155027
0.0153769
0.0152532
0.00492664
0.00486896
0.00481951
0.00477962
0.00475028
0.00473217
0.00472566
0.00473087
0.00474766
0.00477564
0.00481418
0.00486232
0.00491881
0.00498203
0.00505
0.00512035
0.00519038
0.00525711
0.00531748
0.00536852
0.00540752
0.00543232
0.00544153
0.00543459
0.00541192
0.00537482
0.00532532
0.00526606
0.00519997
0.00513011
0.00505948
0.00499085
0.0276723
0.0276148
0.0275668
0.0275303
0.0275066
0.0274964
0.0275
0.0275172
0.0275472
0.0275888
0.0276404
0.0277001
0.0277656
0.0278344
0.027904
0.0279718
0.0280353
0.028092
0.0281399
0.0281773
0.0282025
0.0282146
0.0282129
0.0281973
0.0281684
0.0281272
0.0280754
0.0280149
0.0279481
0.0278776
0.0278063
0.0277369
0.0231525
0.0230591
0.0229809
0.0229205
0.0228801
0.0228608
0.0228632
0.0228872
0.0229319
0.0229958
0.0230766
0.0231716
0.0232774
0.0233902
0.0235059
0.0236203
0.0237287
0.0238269
0.0239108
0.0239768
0.024022
0.0240444
0.024043
0.0240178
0.0239698
0.0239012
0.0238148
0.0237143
0.0236037
0.0234877
0.0233709
0.0232577
0.0150771
0.0149798
0.0148985
0.0148357
0.0147933
0.0147725
0.0147738
0.0147971
0.0148417
0.0149062
0.0149887
0.0150865
0.0151965
0.0153151
0.015438
0.0155606
0.015678
0.0157854
0.015878
0.0159515
0.0160024
0.0160283
0.0160278
0.016001
0.0159491
0.0158745
0.0157808
0.0156723
0.0155537
0.0154301
0.0153063
0.0151872
0.00489635
0.00484401
0.00480053
0.00476706
0.00474441
0.00473307
0.00473329
0.00474501
0.00476795
0.00480157
0.00484505
0.00489726
0.00495677
0.00502174
0.00509
0.00515905
0.0052261
0.0052882
0.00534237
0.00538586
0.00541632
0.00543204
0.00543211
0.00541654
0.00538619
0.00534276
0.00528858
0.0052264
0.00515918
0.00508988
0.00502133
0.00495608
0.0276095
0.0275562
0.0275145
0.0274861
0.027472
0.0274726
0.0274878
0.027517
0.0275589
0.0276119
0.027674
0.0277429
0.0278158
0.0278901
0.027963
0.0280316
0.0280935
0.0281463
0.028188
0.028217
0.0282324
0.0282332
0.0282194
0.0281914
0.0281502
0.0280974
0.028035
0.0279655
0.0278916
0.0278161
0.027742
0.0276723
0.0230411
0.0229563
0.0228901
0.0228448
0.0228219
0.0228222
0.0228455
0.0228911
0.0229574
0.0230421
0.0231423
0.0232545
0.0233747
0.0234983
0.0236209
0.0237375
0.0238435
0.0239345
0.0240066
0.0240566
0.0240824
0.0240828
0.0240576
0.0240082
0.0239365
0.0238457
0.0237397
0.0236228
0.0234997
0.0233753
0.0232545
0.0231417
0.0149602
0.014873
0.0148051
0.0147588
0.0147352
0.0147351
0.0147583
0.0148043
0.0148717
0.0149584
0.0150617
0.0151785
0.0153046
0.0154357
0.0155668
0.0156927
0.0158081
0.0159078
0.0159873
0.0160428
0.0160715
0.0160719
0.0160442
0.0159896
0.0159108
0.0158117
0.0156967
0.0155709
0.0154397
0.0153082
0.0151815
0.0150642
0.00483221
0.00478616
0.00475066
0.00472656
0.00471439
0.00471441
0.00472662
0.00475072
0.00478618
0.00483216
0.00488748
0.00495064
0.00501974
0.00509245
0.00516611
0.00523773
0.00530412
0.00536208
0.00540863
0.00544122
0.00545799
0.00545799
0.00544122
0.00540866
0.00536216
0.00530427
0.00523794
0.00516639
0.00509276
0.00502003
0.00495088
0.00488763
0.027578
0.0275258
0.0274862
0.0274607
0.0274504
0.0274555
0.0274758
0.0275103
0.0275578
0.0276164
0.0276838
0.0277576
0.0278348
0.0279127
0.0279881
0.0280583
0.0281206
0.0281726
0.0282124
0.0282384
0.0282497
0.0282458
0.0282266
0.0281928
0.0281457
0.0280871
0.0280193
0.0279449
0.0278668
0.0277881
0.0277118
0.0276408
0.0229798
0.0228971
0.0228351
0.0227959
0.0227806
0.0227898
0.0228232
0.0228796
0.0229572
0.0230533
0.0231647
0.0232875
0.0234172
0.023549
0.0236777
0.0237983
0.0239058
0.0239956
0.0240639
0.0241077
0.0241249
0.0241147
0.0240778
0.0240156
0.023931
0.0238276
0.0237099
0.0235827
0.0234512
0.0233203
0.0231952
0.0230803
0.0148909
0.0148066
0.014744
0.0147047
0.0146899
0.0146999
0.0147346
0.0147928
0.014873
0.0149727
0.0150891
0.0152182
0.0153557
0.0154965
0.0156353
0.0157663
0.0158838
0.0159825
0.0160576
0.0161054
0.0161236
0.0161111
0.0160687
0.0159986
0.0159041
0.0157899
0.0156612
0.0155236
0.0153828
0.0152443
0.0151133
0.0149941
0.00479211
0.00474816
0.0047159
0.00469603
0.00468897
0.00469486
0.00471356
0.0047447
0.00478758
0.00484121
0.00490423
0.00497489
0.00505099
0.00512993
0.00520866
0.00528382
0.00535193
0.00540953
0.00545349
0.0054813
0.00549134
0.00548298
0.00545674
0.00541419
0.00535776
0.00529052
0.00521589
0.00513737
0.00505833
0.00498184
0.00491056
0.00484671
0.0276033
0.0275504
0.0275093
0.0274816
0.0274683
0.0274698
0.0274859
0.027516
0.0275589
0.0276129
0.0276759
0.0277456
0.0278194
0.0278943
0.0279677
0.0280367
0.0280987
0.0281513
0.0281926
0.028221
0.0282355
0.0282353
0.0282203
0.028191
0.0281486
0.0280946
0.0280311
0.0279606
0.0278859
0.02781
0.0277356
0.0276658
0.0230197
0.0229351
0.0228699
0.0228262
0.0228055
0.0228083
0.0228346
0.0228835
0.0229534
0.023042
0.0231462
0.0232624
0.0233864
0.0235137
0.0236393
0.0237582
0.0238657
0.0239571
0.0240287
0.0240772
0.0241004
0.0240974
0.0240682
0.0240142
0.0239377
0.0238421
0.0237316
0.0236106
0.0234842
0.0233572
0.0232345
0.0231206
0.0149285
0.0148421
0.014776
0.0147322
0.0147119
0.0147157
0.0147435
0.0147944
0.0148671
0.0149593
0.0150684
0.0151908
0.0153224
0.0154584
0.0155937
0.0157227
0.01584
0.0159403
0.0160188
0.0160717
0.0160964
0.0160917
0.0160578
0.0159964
0.0159106
0.0158045
0.015683
0.0155515
0.0154155
0.0152805
0.0151514
0.0150327
0.00481145
0.00476609
0.00473184
0.00470949
0.00469952
0.00470212
0.00471724
0.00474456
0.00478348
0.00483308
0.00489212
0.00495898
0.00503161
0.00510756
0.00518398
0.0052577
0.00532539
0.0053837
0.00542952
0.00546032
0.0054743
0.00547063
0.00544956
0.00541231
0.00536104
0.00529853
0.00522799
0.00515279
0.00507621
0.00500129
0.00493072
0.00486682
0.0276456
0.0275938
0.0275522
0.0275225
0.0275059
0.0275028
0.0275132
0.0275367
0.0275724
0.0276188
0.0276741
0.0277362
0.0278029
0.0278715
0.0279396
0.0280045
0.0280637
0.0281152
0.0281569
0.0281873
0.0282052
0.0282098
0.0282008
0.0281784
0.0281434
0.0280972
0.0280416
0.0279786
0.0279109
0.027841
0.0277717
0.0277057
0.0230962
0.023012
0.0229445
0.0228959
0.0228678
0.0228612
0.0228763
0.0229125
0.0229685
0.0230426
0.0231322
0.0232341
0.0233448
0.0234601
0.0235758
0.0236872
0.0237899
0.0238798
0.0239531
0.0240065
0.0240377
0.0240454
0.0240291
0.0239896
0.0239286
0.0238487
0.0237534
0.0236467
0.0235329
0.0234166
0.0233022
0.0231941
0.0150106
0.0149237
0.0148544
0.0148047
0.0147762
0.0147695
0.0147849
0.014822
0.0148796
0.0149561
0.0150491
0.0151556
0.015272
0.0153944
0.0155181
0.0156382
0.0157498
0.0158481
0.0159285
0.0159873
0.0160216
0.0160297
0.0160113
0.0159672
0.0158996
0.0158118
0.0157077
0.0155922
0.01547
0.0153462
0.0152255
0.0151123
0.00485828
0.00481215
0.00477561
0.00474958
0.00473468
0.00473124
0.00473932
0.00475874
0.00478906
0.00482954
0.00487916
0.00493656
0.00500001
0.00506745
0.00513645
0.00520427
0.005268
0.00532465
0.00537139
0.00540574
0.0054258
0.00543045
0.00541944
0.0053934
0.00535381
0.00530281
0.00524304
0.0051774
0.00510883
0.00504018
0.00497406
0.00491278
0.0276591
0.0276118
0.0275741
0.0275477
0.0275334
0.0275317
0.0275426
0.0275656
0.0275998
0.0276437
0.0276957
0.0277539
0.027816
0.0278797
0.0279426
0.0280023
0.0280566
0.0281034
0.028141
0.0281681
0.0281835
0.0281866
0.0281771
0.0281553
0.0281219
0.0280782
0.028026
0.0279671
0.0279041
0.0278392
0.0277751
0.0277143
0.0231208
0.0230436
0.0229818
0.0229376
0.0229126
0.0229074
0.0229223
0.0229567
0.0230094
0.0230787
0.023162
0.0232566
0.023359
0.0234654
0.0235718
0.0236741
0.0237683
0.0238504
0.0239171
0.0239654
0.0239933
0.0239996
0.0239838
0.0239468
0.02389
0.0238158
0.0237276
0.0236288
0.0235236
0.0234161
0.0233105
0.0232109
0.0150392
0.014959
0.0148951
0.0148493
0.0148231
0.0148172
0.0148317
0.0148662
0.0149197
0.0149905
0.0150765
0.0151747
0.015282
0.0153945
0.015508
0.0156181
0.0157203
0.0158101
0.0158835
0.0159371
0.0159683
0.0159757
0.0159588
0.0159184
0.0158566
0.0157761
0.0156807
0.0155746
0.0154624
0.0153484
0.0152373
0.015133
0.00487547
0.00483273
0.00479877
0.00477448
0.00476045
0.00475702
0.00476425
0.00478198
0.00480977
0.00484692
0.00489246
0.00494509
0.00500322
0.00506491
0.00512792
0.00518978
0.00524783
0.00529941
0.00534197
0.00537332
0.00539178
0.00539633
0.00538673
0.00536351
0.00532797
0.00528197
0.00522786
0.00516822
0.00510571
0.00504291
0.00498223
0.0049258
0.0276468
0.0276064
0.0275759
0.0275565
0.0275489
0.0275535
0.0275699
0.0275974
0.0276349
0.0276809
0.0277338
0.0277914
0.0278516
0.0279121
0.0279706
0.0280248
0.0280727
0.0281126
0.028143
0.0281628
0.0281711
0.0281676
0.0281523
0.0281258
0.028089
0.0280432
0.0279903
0.0279323
0.0278714
0.0278101
0.0277507
0.0276956
0.0230934
0.023028
0.0229786
0.0229468
0.0229337
0.0229398
0.0229648
0.0230078
0.0230674
0.0231415
0.0232275
0.0233222
0.0234224
0.0235241
0.0236235
0.0237167
0.0237999
0.0238697
0.0239231
0.023958
0.0239726
0.0239665
0.0239398
0.0238936
0.0238299
0.0237514
0.0236614
0.0235636
0.0234618
0.0233602
0.0232626
0.0231725
0.0150088
0.0149412
0.0148903
0.0148575
0.0148439
0.0148498
0.014875
0.0149189
0.0149799
0.0150563
0.0151456
0.0152447
0.0153502
0.0154583
0.0155647
0.0156652
0.0157555
0.0158317
0.0158904
0.0159288
0.015945
0.0159383
0.015909
0.0158584
0.015789
0.015704
0.015607
0.0155023
0.0153942
0.015287
0.0151846
0.0150908
0.00485743
0.00482174
0.00479499
0.00477785
0.00477077
0.00477391
0.00478719
0.00481028
0.00484259
0.00488327
0.00493117
0.00498484
0.00504252
0.00510218
0.00516153
0.00521813
0.00526944
0.00531305
0.00534676
0.00536883
0.00537806
0.00537395
0.00535674
0.00532735
0.00528735
0.00523876
0.00518395
0.0051254
0.00506559
0.00500688
0.00495142
0.00490108
0.0276453
0.0276106
0.0275858
0.0275717
0.0275689
0.0275775
0.027597
0.0276267
0.0276654
0.0277116
0.0277635
0.0278191
0.0278762
0.0279328
0.0279866
0.0280356
0.0280779
0.028112
0.0281366
0.0281509
0.0281541
0.0281463
0.0281276
0.0280987
0.0280606
0.0280147
0.0279629
0.0279072
0.0278496
0.0277925
0.027738
0.0276883
0.0230814
0.0230259
0.0229864
0.0229643
0.0229602
0.0229742
0.023006
0.0230544
0.0231178
0.0231939
0.02328
0.023373
0.0234694
0.0235656
0.0236577
0.0237422
0.0238156
0.0238748
0.0239174
0.0239416
0.0239462
0.0239311
0.023897
0.0238452
0.023778
0.0236981
0.0236088
0.0235138
0.0234169
0.0233217
0.0232319
0.0231508
0.0149908
0.014934
0.0148939
0.0148716
0.014868
0.014883
0.0149162
0.0149667
0.0150328
0.0151124
0.015203
0.0153012
0.0154037
0.0155065
0.0156056
0.0156969
0.0157765
0.0158409
0.0158871
0.015913
0.0159173
0.0158998
0.0158614
0.0158039
0.0157299
0.0156427
0.0155462
0.0154443
0.0153412
0.0152408
0.0151468
0.0150625
0.00484448
0.00481485
0.00479421
0.0047831
0.0047818
0.00479033
0.0048085
0.00483584
0.00487162
0.00491484
0.00496421
0.00501817
0.00507484
0.00513213
0.00518774
0.00523928
0.0052844
0.00532091
0.00534696
0.00536118
0.00536283
0.0053518
0.0053287
0.00529474
0.00525167
0.0052016
0.00514685
0.00508981
0.0050328
0.00497798
0.00492726
0.00488231
0.0276728
0.0276421
0.0276202
0.0276078
0.0276053
0.027613
0.0276304
0.0276568
0.0276911
0.0277321
0.027778
0.0278273
0.0278779
0.0279279
0.0279755
0.0280188
0.0280561
0.0280862
0.0281079
0.0281203
0.0281231
0.0281161
0.0280996
0.0280739
0.0280402
0.0279997
0.0279538
0.0279045
0.0278536
0.027803
0.0277548
0.0277108
0.0231237
0.0230744
0.0230393
0.0230196
0.0230159
0.0230285
0.0230568
0.0230999
0.0231563
0.023224
0.0233006
0.0233833
0.0234689
0.0235542
0.0236359
0.0237106
0.0237755
0.0238278
0.0238654
0.0238866
0.0238906
0.0238772
0.023847
0.0238012
0.0237416
0.0236709
0.0235919
0.0235077
0.0234217
0.0233372
0.0232575
0.0231855
0.0150311
0.0149806
0.0149449
0.0149254
0.0149225
0.0149363
0.0149665
0.015012
0.0150715
0.015143
0.0152241
0.015312
0.0154033
0.0154948
0.0155827
0.0156634
0.0157336
0.0157901
0.0158305
0.0158529
0.0158562
0.0158403
0.0158059
0.0157546
0.0156888
0.0156113
0.0155254
0.0154348
0.015343
0.0152537
0.01517
0.0150949
0.00486435
0.00483797
0.00481972
0.00481007
0.00480929
0.0048174
0.00483419
0.00485922
0.0048918
0.00493097
0.00497553
0.00502401
0.00507472
0.00512575
0.00517506
0.00522054
0.00526013
0.00529195
0.00531443
0.00532643
0.00532733
0.00531709
0.00529624
0.00526585
0.00522744
0.00518284
0.00513408
0.00508326
0.00503243
0.00498351
0.00493824
0.0048981
0.0277091
0.0276824
0.027663
0.0276515
0.0276485
0.027654
0.0276679
0.0276894
0.0277178
0.0277519
0.0277903
0.0278317
0.0278744
0.0279168
0.0279572
0.0279942
0.0280263
0.0280524
0.0280715
0.028083
0.0280863
0.0280815
0.0280685
0.0280478
0.0280201
0.0279865
0.0279482
0.0279068
0.0278638
0.0278209
0.0277798
0.027742
0.023188
0.0231444
0.0231126
0.0230934
0.0230877
0.0230956
0.0231169
0.0231507
0.0231959
0.023251
0.0233138
0.0233821
0.0234534
0.0235248
0.0235937
0.0236573
0.0237131
0.0237589
0.0237927
0.0238131
0.0238194
0.0238112
0.0237888
0.0237532
0.0237057
0.0236485
0.0235837
0.0235141
0.0234423
0.0233711
0.0233034
0.0232416
0.0150991
0.0150543
0.0150219
0.0150027
0.0149974
0.0150061
0.0150287
0.0150643
0.0151119
0.0151697
0.015236
0.0153082
0.0153838
0.0154599
0.0155336
0.0156018
0.0156617
0.0157109
0.015747
0.0157686
0.0157746
0.0157648
0.0157396
0.0157001
0.015648
0.0155858
0.0155159
0.0154413
0.0153649
0.0152899
0.0152189
0.0151545
0.00490201
0.00487863
0.00486189
0.00485228
0.00485006
0.00485531
0.00486788
0.00488742
0.00491337
0.00494493
0.00498112
0.00502072
0.00506233
0.00510441
0.00514528
0.00518325
0.00521664
0.00524394
0.00526383
0.00527537
0.00527797
0.00527151
0.00525633
0.00523317
0.00520316
0.00516769
0.00512836
0.00508686
0.00504485
0.00500397
0.0049657
0.00493134
0.0277198
0.0276978
0.0276826
0.0276746
0.0276743
0.0276816
0.0276962
0.0277175
0.0277446
0.0277765
0.027812
0.0278495
0.0278878
0.0279253
0.0279606
0.0279924
0.0280195
0.0280408
0.0280557
0.0280637
0.0280642
0.0280575
0.0280437
0.0280232
0.0279967
0.0279653
0.0279301
0.0278926
0.0278541
0.0278161
0.0277801
0.0277476
0.0232091
0.0231728
0.023147
0.0231328
0.0231305
0.0231402
0.0231617
0.0231941
0.0232363
0.0232868
0.0233436
0.0234049
0.0234681
0.023531
0.023591
0.0236459
0.0236933
0.0237315
0.0237588
0.0237742
0.0237769
0.0237669
0.0237445
0.0237107
0.0236667
0.0236144
0.0235558
0.0234935
0.0234298
0.0233672
0.0233081
0.0232548
0.0151235
0.015086
0.0150596
0.0150451
0.015043
0.0150532
0.0150756
0.0151092
0.0151532
0.0152058
0.0152654
0.0153298
0.0153966
0.0154632
0.0155272
0.0155859
0.0156368
0.0156778
0.0157071
0.0157234
0.015726
0.0157148
0.0156902
0.0156533
0.0156057
0.0155495
0.015487
0.0154208
0.0153535
0.0152878
0.0152261
0.0151707
0.00491626
0.00489675
0.00488319
0.00487598
0.00487531
0.00488122
0.00489354
0.0049119
0.00493576
0.00496437
0.00499681
0.00503195
0.00506854
0.0051052
0.00514047
0.00517287
0.00520099
0.00522355
0.00523948
0.00524804
0.0052488
0.00524173
0.00522717
0.00520583
0.00517872
0.00514707
0.00511228
0.0050758
0.00503911
0.00500359
0.00497055
0.00494112
0.0277047
0.0276898
0.027682
0.0276815
0.0276884
0.0277023
0.0277227
0.0277489
0.0277798
0.027814
0.0278504
0.0278875
0.0279239
0.0279581
0.0279889
0.0280151
0.0280357
0.0280499
0.0280574
0.0280577
0.028051
0.0280375
0.0280176
0.0279921
0.0279619
0.0279281
0.027892
0.027855
0.0278185
0.027784
0.0277527
0.0277259
0.0231814
0.0231562
0.0231422
0.0231398
0.0231491
0.0231697
0.023201
0.0232417
0.0232905
0.0233456
0.0234049
0.0234663
0.0235273
0.0235857
0.0236391
0.0236854
0.0237227
0.0237495
0.0237646
0.0237675
0.0237581
0.0237366
0.023704
0.0236615
0.0236109
0.0235542
0.0234937
0.0234318
0.0233709
0.0233134
0.0232614
0.0232169
0.0150936
0.0150674
0.0150528
0.0150503
0.01506
0.0150815
0.015114
0.0151566
0.0152078
0.0152658
0.0153286
0.0153939
0.0154591
0.0155218
0.0155794
0.0156295
0.01567
0.0156992
0.0157156
0.0157188
0.0157083
0.0156848
0.0156491
0.015603
0.0155482
0.0154873
0.0154226
0.0153567
0.0152922
0.0152317
0.0151771
0.0151306
0.00489847
0.00488486
0.00487754
0.00487672
0.00488242
0.00489448
0.00491255
0.0049361
0.00496439
0.0049965
0.00503133
0.00506764
0.00510406
0.00513915
0.00517143
0.00519951
0.0052221
0.00523815
0.00524687
0.00524786
0.00524106
0.00522681
0.00520578
0.00517899
0.00514765
0.00511314
0.00507692
0.00504043
0.00500509
0.00497217
0.00494281
0.00491799
0.027687
0.0276822
0.0276847
0.0276944
0.0277108
0.0277335
0.0277616
0.0277939
0.0278291
0.0278659
0.0279028
0.0279384
0.0279713
0.0280003
0.0280241
0.028042
0.0280532
0.0280574
0.0280545
0.0280446
0.0280281
0.0280056
0.027978
0.0279464
0.0279118
0.0278755
0.027839
0.0278036
0.0277707
0.0277416
0.0277173
0.0276989
0.0231494
0.023141
0.0231442
0.023159
0.0231847
0.0232205
0.0232651
0.0233168
0.0233739
0.0234341
0.0234952
0.0235549
0.0236108
0.0236608
0.0237027
0.0237349
0.0237561
0.0237654
0.0237624
0.0237472
0.0237205
0.0236833
0.0236371
0.0235838
0.0235254
0.0234644
0.023403
0.0233437
0.0232888
0.0232403
0.0232
0.0231693
0.0150582
0.0150494
0.0150528
0.0150682
0.0150953
0.015133
0.0151801
0.0152349
0.0152956
0.0153599
0.0154255
0.0154899
0.0155505
0.0156048
0.0156506
0.0156859
0.0157092
0.0157194
0.0157162
0.0156995
0.0156701
0.0156294
0.0155789
0.015521
0.0154578
0.0153921
0.0153264
0.0152632
0.0152049
0.0151537
0.0151112
0.0150791
0.00487752
0.00487322
0.0048756
0.00488458
0.0048999
0.00492109
0.00494752
0.00497835
0.00501253
0.00504889
0.0050861
0.0051227
0.00515723
0.00518822
0.0052143
0.00523426
0.00524716
0.00525237
0.00524964
0.00523909
0.00522124
0.00519692
0.00516728
0.00513364
0.00509744
0.00506018
0.00502332
0.00498826
0.00495624
0.00492835
0.0049055
0.00488838
0.0276751
0.0276796
0.0276915
0.0277102
0.0277352
0.0277654
0.0277997
0.0278369
0.0278753
0.0279134
0.0279499
0.0279832
0.0280121
0.0280354
0.0280523
0.028062
0.0280643
0.0280591
0.0280468
0.0280277
0.0280027
0.0279727
0.0279388
0.0279024
0.0278647
0.0278271
0.0277911
0.0277581
0.0277293
0.0277058
0.0276886
0.0276782
0.0231318
0.0231397
0.0231594
0.0231901
0.0232307
0.0232797
0.0233354
0.0233956
0.0234581
0.0235206
0.0235807
0.0236359
0.0236842
0.0237235
0.0237523
0.0237693
0.0237738
0.0237658
0.0237454
0.0237137
0.0236718
0.0236215
0.0235647
0.0235036
0.0234406
0.0233782
0.0233188
0.0232645
0.0232176
0.0231797
0.0231521
0.023136
0.0150399
0.0150487
0.0150699
0.0151027
0.0151459
0.0151981
0.0152575
0.0153219
0.015389
0.0154562
0.015521
0.0155807
0.015633
0.0156755
0.0157065
0.0157247
0.0157292
0.0157199
0.0156971
0.0156618
0.0156156
0.0155604
0.0154984
0.0154323
0.0153645
0.0152978
0.0152347
0.0151774
0.0151282
0.0150887
0.0150602
0.0150438
0.00486751
0.00487311
0.00488546
0.00490419
0.00492873
0.00495831
0.00499199
0.00502861
0.00506684
0.00510527
0.00514236
0.00517658
0.00520645
0.00523064
0.00524802
0.00525777
0.00525941
0.00525286
0.00523844
0.00521683
0.00518904
0.00515635
0.00512019
0.00508208
0.00504356
0.0050061
0.00497108
0.00493972
0.00491306
0.00489196
0.00487708
0.00486885
0.0276582
0.0276671
0.0276839
0.0277078
0.0277379
0.0277732
0.0278123
0.0278536
0.0278955
0.0279364
0.0279746
0.0280088
0.0280375
0.0280597
0.0280744
0.0280812
0.0280797
0.0280702
0.028053
0.0280289
0.0279987
0.0279636
0.027925
0.0278843
0.027843
0.0278027
0.0277648
0.0277309
0.0277022
0.0276799
0.0276648
0.0276574
0.0231093
0.023125
0.023153
0.0231922
0.0232414
0.0232986
0.0233617
0.0234284
0.0234963
0.0235626
0.0236248
0.0236805
0.0237274
0.0237636
0.0237877
0.0237986
0.0237959
0.0237797
0.0237508
0.0237102
0.0236597
0.0236012
0.0235371
0.0234699
0.023402
0.0233362
0.0232749
0.0232205
0.0231749
0.02314
0.023117
0.0231066
0.0150194
0.015037
0.0150674
0.0151097
0.0151622
0.0152233
0.0152908
0.0153621
0.0154346
0.0155056
0.0155722
0.0156318
0.0156818
0.0157202
0.0157452
0.0157558
0.0157515
0.0157325
0.0156996
0.0156543
0.0155984
0.0155344
0.0154648
0.0153923
0.01532
0.0152504
0.0151862
0.0151297
0.015083
0.0150476
0.0150248
0.0150153
0.00485808
0.00486879
0.00488648
0.00491064
0.00494051
0.00497514
0.00501338
0.0050539
0.00509521
0.00513568
0.00517367
0.00520754
0.00523578
0.0052571
0.00527048
0.00527526
0.00527123
0.00525856
0.00523788
0.00521017
0.00517671
0.00513901
0.00509869
0.00505741
0.00501676
0.00497826
0.00494326
0.00491293
0.00488825
0.00486998
0.00485868
0.00485467
0.0276225
0.0276324
0.0276514
0.0276788
0.0277133
0.0277538
0.0277987
0.0278463
0.0278947
0.0279421
0.0279865
0.0280264
0.0280602
0.0280865
0.0281043
0.0281129
0.028112
0.0281017
0.0280825
0.028055
0.0280203
0.0279798
0.0279351
0.0278878
0.0278397
0.0277926
0.0277484
0.0277086
0.027675
0.0276487
0.0276308
0.0276219
0.0230553
0.0230714
0.0231017
0.0231451
0.0232001
0.0232646
0.0233363
0.0234126
0.0234907
0.0235675
0.0236402
0.0237058
0.0237618
0.0238058
0.023836
0.0238512
0.0238505
0.0238342
0.0238028
0.0237576
0.0237005
0.0236339
0.0235603
0.0234827
0.023404
0.0233274
0.0232558
0.0231919
0.023138
0.0230962
0.0230679
0.0230541
0.0149673
0.0149853
0.015018
0.0150642
0.0151225
0.0151908
0.0152667
0.0153475
0.0154304
0.0155121
0.0155894
0.0156593
0.0157189
0.0157654
0.015797
0.015812
0.0158099
0.0157906
0.015755
0.0157046
0.0156417
0.015569
0.0154895
0.0154063
0.015323
0.0152425
0.015168
0.0151022
0.0150473
0.0150052
0.0149774
0.0149646
0.00483219
0.00484309
0.00486188
0.00488801
0.0049207
0.00495896
0.00500156
0.00504706
0.00509384
0.00514009
0.00518395
0.00522353
0.00525705
0.00528293
0.0052999
0.00530709
0.00530412
0.00529112
0.00526874
0.00523806
0.00520056
0.00515797
0.00511218
0.00506512
0.00501866
0.00497452
0.00493425
0.0048992
0.00487046
0.00484889
0.00483512
0.0048295
0.0275728
0.0275866
0.027611
0.0276451
0.0276875
0.0277366
0.0277907
0.0278476
0.0279052
0.0279613
0.0280136
0.0280603
0.0280995
0.0281297
0.0281495
0.0281583
0.0281557
0.0281418
0.0281173
0.0280829
0.0280401
0.0279905
0.0279361
0.027879
0.0278213
0.0277653
0.027713
0.0276666
0.0276279
0.0275982
0.0275787
0.0275701
0.022976
0.0229961
0.0230329
0.0230853
0.0231513
0.0232286
0.0233145
0.0234059
0.0234995
0.0235918
0.0236792
0.0237582
0.0238257
0.0238788
0.023915
0.023933
0.0239317
0.0239113
0.0238725
0.023817
0.0237472
0.0236659
0.0235764
0.0234825
0.0233877
0.0232958
0.0232103
0.0231343
0.0230708
0.0230218
0.022989
0.0229737
0.0148891
0.0149103
0.0149488
0.0150032
0.0150718
0.0151524
0.0152424
0.0153385
0.0154375
0.0155356
0.015629
0.0157138
0.0157865
0.0158437
0.0158828
0.0159018
0.0158997
0.0158767
0.0158336
0.0157725
0.0156962
0.015608
0.0155119
0.0154117
0.0153116
0.0152153
0.0151265
0.0150483
0.0149834
0.0149337
0.0149009
0.0148859
0.00479247
0.00480458
0.00482589
0.0048558
0.00489351
0.00493794
0.00498777
0.0050414
0.00509698
0.0051524
0.00520542
0.00525375
0.00529512
0.00532749
0.00534916
0.00535895
0.00535629
0.00534129
0.00531473
0.00527799
0.00523294
0.00518177
0.00512683
0.00507051
0.00501505
0.00496252
0.00491471
0.00487316
0.0048391
0.00481347
0.00479693
0.00478988
0.027523
0.0275489
0.0275866
0.0276347
0.0276912
0.0277541
0.027821
0.0278895
0.0279569
0.0280207
0.0280782
0.0281275
0.0281664
0.0281936
0.0282077
0.0282082
0.0281952
0.0281691
0.028131
0.0280823
0.028025
0.0279612
0.0278936
0.0278247
0.0277572
0.0276936
0.0276364
0.0275878
0.0275497
0.0275234
0.02751
0.0275099
0.0228963
0.0229341
0.0229909
0.0230647
0.023153
0.0232525
0.02336
0.0234715
0.023583
0.0236902
0.0237888
0.0238748
0.0239445
0.0239949
0.0240236
0.0240292
0.0240115
0.0239712
0.02391
0.0238306
0.0237363
0.0236312
0.0235195
0.0234057
0.0232944
0.0231897
0.0230956
0.0230153
0.0229517
0.0229069
0.0228824
0.0228788
0.0148108
0.014849
0.0149066
0.014982
0.0150727
0.0151758
0.015288
0.0154055
0.015524
0.0156388
0.0157454
0.0158391
0.0159156
0.0159712
0.0160032
0.0160098
0.0159906
0.0159466
0.0158798
0.0157933
0.0156913
0.0155783
0.0154592
0.015339
0.0152222
0.0151132
0.0150158
0.0149332
0.0148681
0.0148223
0.0147972
0.0147934
0.00475332
0.00477378
0.00480462
0.00484508
0.00489413
0.00495044
0.00501234
0.0050778
0.00514449
0.00520978
0.00527087
0.00532487
0.00536906
0.00540106
0.00541904
0.00542193
0.00540954
0.00538256
0.00534249
0.00529151
0.00523227
0.00516767
0.00510061
0.00503387
0.00496998
0.00491114
0.00485921
0.00481567
0.00478168
0.00475806
0.00474533
0.00474376
0.0274902
0.0275361
0.027594
0.0276616
0.0277365
0.0278158
0.0278966
0.0279758
0.0280503
0.0281173
0.028174
0.0282184
0.0282486
0.0282634
0.0282622
0.0282448
0.0282122
0.0281656
0.0281068
0.0280381
0.0279623
0.0278822
0.0278011
0.027722
0.0276479
0.0275817
0.0275258
0.0274824
0.0274532
0.0274392
0.0274408
0.027458
0.0228444
0.0229144
0.0230042
0.0231108
0.0232304
0.0233589
0.0234917
0.0236238
0.0237502
0.0238657
0.0239656
0.0240455
0.0241018
0.0241319
0.0241343
0.0241088
0.0240566
0.0239799
0.0238822
0.0237677
0.0236412
0.023508
0.0233735
0.0232428
0.0231209
0.023012
0.0229201
0.0228482
0.0227988
0.0227733
0.0227726
0.0227965
0.0147607
0.0148308
0.0149216
0.0150304
0.0151538
0.0152877
0.0154276
0.0155683
0.0157043
0.01583
0.0159397
0.0160283
0.0160913
0.0161256
0.0161293
0.016102
0.0160452
0.0159617
0.0158556
0.015732
0.0155964
0.0154547
0.0153128
0.0151761
0.0150494
0.0149371
0.0148427
0.0147691
0.0147183
0.0146917
0.0146901
0.0147133
0.00472929
0.00476606
0.00481407
0.00487218
0.00493888
0.00501225
0.00508992
0.00516912
0.00524669
0.00531917
0.00538303
0.00543489
0.00547184
0.00549167
0.00549316
0.00547621
0.00544184
0.00539208
0.00532974
0.00525816
0.00518089
0.00510142
0.00502301
0.00494856
0.00488053
0.00482094
0.00477138
0.00473305
0.00470681
0.00469318
0.00469244
0.00470456
0.0274872
0.0275549
0.0276337
0.0277205
0.0278122
0.0279051
0.0279958
0.0280808
0.0281567
0.0282205
0.0282696
0.0283022
0.0283169
0.028313
0.0282908
0.0282511
0.0281956
0.0281265
0.0280465
0.0279588
0.0278667
0.0277739
0.0276839
0.0276
0.0275255
0.0274632
0.0274152
0.0273836
0.0273693
0.027373
0.0273946
0.0274331
0.0228403
0.0229478
0.0230743
0.0232154
0.0233663
0.0235214
0.023675
0.0238208
0.0239531
0.0240661
0.0241548
0.0242152
0.0242445
0.0242411
0.0242052
0.0241385
0.0240439
0.0239258
0.0237894
0.0236404
0.0234851
0.0233296
0.0231798
0.0230412
0.0229188
0.0228165
0.0227378
0.0226852
0.0226604
0.022664
0.0226961
0.0227555
0.0147571
0.0148656
0.0149947
0.0151405
0.0152981
0.0154622
0.0156265
0.0157846
0.0159295
0.0160547
0.0161539
0.0162222
0.0162559
0.0162532
0.0162142
0.016141
0.0160373
0.0159085
0.0157606
0.0156006
0.0154353
0.0152713
0.0151148
0.0149712
0.0148451
0.0147404
0.01466
0.014606
0.01458
0.0145826
0.0146136
0.0146723
0.00472861
0.00478549
0.00485401
0.00493246
0.00501863
0.00510974
0.00520248
0.00529302
0.00537721
0.00545074
0.00550954
0.00555014
0.00557002
0.00556792
0.00554401
0.0054998
0.00543804
0.00536232
0.00527678
0.00518569
0.00509313
0.00500282
0.00491797
0.00484123
0.00477471
0.00472004
0.00467841
0.00465065
0.00463727
0.00463853
0.00465441
0.00468462
0.0275305
0.0276125
0.0277034
0.0277997
0.0278977
0.0279937
0.0280839
0.0281647
0.028233
0.0282859
0.0283213
0.0283379
0.028335
0.0283127
0.0282719
0.0282143
0.0281424
0.0280589
0.0279672
0.0278708
0.0277734
0.0276788
0.0275904
0.0275116
0.0274453
0.0273939
0.0273593
0.0273428
0.0273451
0.027366
0.027405
0.0274604
0.0229083
0.0230428
0.0231932
0.0233545
0.0235206
0.0236852
0.0238419
0.0239841
0.0241058
0.0242015
0.0242669
0.0242988
0.0242957
0.0242578
0.0241867
0.0240858
0.0239596
0.0238138
0.0236547
0.0234888
0.0233228
0.023163
0.0230152
0.0228844
0.0227751
0.0226907
0.022634
0.0226067
0.0226096
0.0226427
0.022705
0.0227945
0.0148225
0.0149603
0.0151163
0.0152854
0.0154619
0.015639
0.0158097
0.0159664
0.0161019
0.0162097
0.016284
0.016321
0.0163186
0.016277
0.0161983
0.0160868
0.015948
0.0157889
0.0156168
0.0154392
0.0152632
0.0150953
0.0149414
0.0148063
0.014694
0.0146077
0.0145495
0.014521
0.0145229
0.0145552
0.0146171
0.014707
0.00476155
0.00483456
0.00491841
0.00501078
0.00510872
0.0052087
0.00530659
0.00539787
0.00547787
0.00554212
0.00558677
0.00560901
0.00560742
0.0055821
0.0055347
0.00546819
0.00538653
0.00529425
0.00519599
0.00509623
0.00499899
0.00490773
0.00482528
0.00475385
0.00469513
0.00465033
0.00462032
0.00460561
0.00460646
0.00462289
0.00465463
0.00470114
0.0276174
0.0276985
0.0277854
0.0278749
0.0279634
0.0280475
0.0281239
0.0281896
0.0282418
0.0282785
0.0282982
0.0283002
0.0282844
0.0282515
0.0282029
0.0281406
0.0280671
0.0279854
0.0278985
0.0278099
0.0277228
0.0276405
0.0275662
0.0275025
0.0274518
0.0274159
0.0273962
0.0273934
0.0274077
0.0274386
0.027485
0.0275454
0.0230469
0.0231831
0.0233302
0.023483
0.0236356
0.0237821
0.0239164
0.0240329
0.0241266
0.0241931
0.0242294
0.0242339
0.0242062
0.0241476
0.0240608
0.0239497
0.0238192
0.0236749
0.023523
0.0233694
0.0232201
0.0230806
0.0229558
0.0228499
0.0227664
0.022708
0.0226765
0.0226728
0.0226972
0.0227488
0.0228261
0.0229266
0.0149592
0.0151011
0.0152559
0.0154184
0.0155826
0.0157419
0.0158896
0.016019
0.0161241
0.0161994
0.0162413
0.0162473
0.0162172
0.0161524
0.0160563
0.0159337
0.0157906
0.0156337
0.0154697
0.0153055
0.0151473
0.0150007
0.0148705
0.0147608
0.0146746
0.0146145
0.0145818
0.0145775
0.0146017
0.0146537
0.0147322
0.014835
0.00483186
0.00490802
0.00499229
0.00508201
0.005174
0.00526458
0.00534976
0.00542538
0.00548741
0.00553234
0.00555745
0.00556116
0.00554323
0.00550472
0.00544795
0.00537621
0.00529342
0.00520379
0.00511148
0.00502034
0.00493378
0.00485466
0.00478526
0.00472737
0.00468231
0.00465101
0.00463407
0.00463178
0.0046442
0.0046711
0.00471196
0.00476596
0.027711
0.0277759
0.0278442
0.0279131
0.0279801
0.0280423
0.0280975
0.0281434
0.028178
0.0282002
0.0282089
0.0282039
0.0281854
0.0281544
0.028112
0.0280599
0.0280004
0.0279356
0.0278681
0.0278003
0.0277349
0.0276742
0.0276206
0.027576
0.0275419
0.0275198
0.0275104
0.0275142
0.027531
0.0275603
0.0276012
0.027652
0.023199
0.0233091
0.0234252
0.0235431
0.023658
0.0237656
0.0238613
0.0239412
0.0240018
0.0240405
0.0240555
0.024046
0.0240125
0.0239565
0.0238803
0.0237873
0.0236815
0.0235672
0.0234493
0.0233321
0.0232203
0.0231179
0.0230285
0.0229552
0.0229004
0.0228658
0.0228527
0.0228615
0.0228918
0.0229427
0.0230125
0.0230989
0.0151134
0.0152291
0.0153522
0.0154781
0.015602
0.0157188
0.0158237
0.015912
0.0159795
0.016023
0.0160402
0.0160304
0.0159938
0.0159322
0.0158486
0.0157469
0.0156317
0.0155081
0.0153813
0.0152564
0.0151379
0.0150301
0.0149367
0.0148604
0.0148037
0.014768
0.0147545
0.0147635
0.0147946
0.014847
0.0149192
0.0150089
0.0049132
0.00497557
0.00504255
0.00511182
0.00518077
0.00524654
0.00530621
0.00535691
0.00539604
0.00542147
0.00543175
0.00542624
0.00540519
0.00536973
0.00532176
0.00526379
0.0051987
0.00512953
0.00505931
0.00499084
0.00492661
0.00486877
0.00481904
0.00477879
0.00474903
0.00473045
0.00472344
0.00472815
0.00474444
0.00477192
0.00480991
0.00485743
0.0277635
0.0278068
0.0278526
0.027899
0.0279443
0.0279866
0.0280242
0.0280558
0.02808
0.0280959
0.0281029
0.0281007
0.0280896
0.02807
0.0280428
0.0280091
0.0279702
0.0279276
0.0278828
0.0278376
0.0277935
0.0277523
0.0277155
0.0276844
0.0276602
0.0276438
0.0276359
0.0276368
0.0276466
0.0276649
0.0276912
0.0277245
0.023286
0.0233583
0.0234346
0.0235119
0.0235873
0.0236578
0.0237206
0.0237731
0.0238131
0.0238389
0.0238494
0.0238441
0.0238232
0.0237875
0.0237387
0.0236786
0.0236099
0.0235354
0.0234581
0.023381
0.0233071
0.0232391
0.0231794
0.0231303
0.0230932
0.0230696
0.0230601
0.0230652
0.0230846
0.0231177
0.0231635
0.0232202
0.0152047
0.0152803
0.0153604
0.015442
0.015522
0.0155972
0.0156645
0.0157211
0.0157644
0.0157924
0.0158038
0.0157981
0.0157753
0.0157367
0.0156838
0.015619
0.0155452
0.0154656
0.0153834
0.0153019
0.0152242
0.0151532
0.0150913
0.0150405
0.0150026
0.0149786
0.0149692
0.0149748
0.0149952
0.0150297
0.0150772
0.0151362
0.00496239
0.00500234
0.00504494
0.00508867
0.00513188
0.00517282
0.00520978
0.00524107
0.00526522
0.00528103
0.00528767
0.00528477
0.00527242
0.00525122
0.00522219
0.00518672
0.00514649
0.00510329
0.00505897
0.0050153
0.00497394
0.00493633
0.00490371
0.0048771
0.00485725
0.00484472
0.00483982
0.00484267
0.00485317
0.00487101
0.00489568
0.00492645
0.0277584
0.0277841
0.0278132
0.0278447
0.0278772
0.0279094
0.0279401
0.0279681
0.0279923
0.0280118
0.0280258
0.0280339
0.0280357
0.0280315
0.0280212
0.0280054
0.0279847
0.0279598
0.0279316
0.0279012
0.0278696
0.0278381
0.0278078
0.0277799
0.0277554
0.0277353
0.0277203
0.0277111
0.0277082
0.0277116
0.0277214
0.0277372
0.0232757
0.0233178
0.0233651
0.023416
0.0234685
0.0235207
0.0235704
0.0236157
0.0236548
0.0236861
0.0237084
0.0237205
0.0237221
0.0237131
0.0236938
0.0236651
0.0236282
0.0235846
0.0235361
0.0234847
0.0234324
0.023381
0.0233327
0.0232891
0.0232517
0.023222
0.0232009
0.0231893
0.0231875
0.0231957
0.0232136
0.0232406
0.0151959
0.015239
0.0152877
0.0153402
0.0153946
0.0154487
0.0155006
0.015548
0.0155891
0.015622
0.0156454
0.0156582
0.0156598
0.0156501
0.0156296
0.0155991
0.0155601
0.0155142
0.0154633
0.0154096
0.0153552
0.0153021
0.0152523
0.0152076
0.0151695
0.0151393
0.0151181
0.0151066
0.0151051
0.0151137
0.0151321
0.0151598
0.00495755
0.00497935
0.00500422
0.0050313
0.00505962
0.00508811
0.00511567
0.00514116
0.00516351
0.00518172
0.00519496
0.0052026
0.00520428
0.00519992
0.00518971
0.00517413
0.00515391
0.00512996
0.00510333
0.00507515
0.00504657
0.00501867
0.00499249
0.00496895
0.00494882
0.00493277
0.00492128
0.00491472
0.0049133
0.00491706
0.0049259
0.00493954
0.0277185
0.0277314
0.0277497
0.0277727
0.0277994
0.0278288
0.0278598
0.0278912
0.0279217
0.0279502
0.0279757
0.0279972
0.028014
0.0280254
0.0280311
0.0280309
0.0280247
0.0280128
0.0279954
0.0279733
0.0279472
0.0279182
0.0278873
0.0278557
0.0278246
0.0277953
0.0277688
0.0277463
0.0277288
0.0277169
0.0277111
0.0277116
0.0232033
0.0232247
0.0232548
0.0232924
0.0233362
0.0233846
0.0234358
0.0234878
0.0235386
0.0235863
0.023629
0.0236649
0.0236925
0.0237107
0.0237188
0.0237165
0.0237038
0.0236813
0.02365
0.0236111
0.0235663
0.0235173
0.0234659
0.0234143
0.0233642
0.0233176
0.0232763
0.0232417
0.023215
0.0231974
0.0231894
0.0231914
0.01512
0.0151417
0.0151724
0.015211
0.0152561
0.0153061
0.0153592
0.0154135
0.0154669
0.0155172
0.0155623
0.0156005
0.0156301
0.0156497
0.0156586
0.0156563
0.0156431
0.0156194
0.0155863
0.0155452
0.015498
0.0154464
0.0153926
0.0153386
0.0152865
0.0152383
0.0151955
0.0151599
0.0151325
0.0151144
0.0151061
0.015108
0.00491546
0.00492598
0.00494134
0.00496105
0.00498447
0.0050108
0.00503913
0.00506843
0.00509759
0.00512545
0.00515086
0.00517274
0.00519013
0.00520221
0.00520843
0.0052085
0.0052024
0.00519042
0.00517313
0.0051513
0.0051259
0.00509804
0.00506884
0.00503949
0.00501109
0.00498468
0.00496119
0.00494141
0.00492601
0.00491547
0.00491012
0.00491012
0.0276889
0.0276895
0.0276971
0.0277111
0.0277312
0.0277565
0.027786
0.0278186
0.0278532
0.0278883
0.0279228
0.0279552
0.0279846
0.0280097
0.0280297
0.0280438
0.0280514
0.028052
0.0280456
0.0280324
0.0280129
0.0279877
0.0279579
0.0279246
0.0278891
0.0278528
0.0278173
0.0277838
0.0277537
0.0277283
0.0277086
0.0276954
0.0231452
0.0231469
0.02316
0.0231841
0.0232183
0.0232614
0.0233119
0.0233679
0.0234273
0.023488
0.0235476
0.0236037
0.0236541
0.0236968
0.02373
0.0237523
0.0237628
0.0237611
0.0237472
0.0237218
0.0236859
0.023641
0.0235889
0.0235316
0.0234715
0.0234108
0.023352
0.0232972
0.0232485
0.0232076
0.0231761
0.023155
0.0150554
0.0150571
0.0150708
0.0150958
0.0151315
0.0151767
0.0152297
0.0152888
0.0153517
0.0154163
0.01548
0.0155403
0.0155947
0.015641
0.0156771
0.0157014
0.0157129
0.0157111
0.0156961
0.0156685
0.0156295
0.0155809
0.0155246
0.0154632
0.0153989
0.0153344
0.0152721
0.0152144
0.0151632
0.0151205
0.0150876
0.0150657
0.00487825
0.00487848
0.00488517
0.0048981
0.0049169
0.00494098
0.00496959
0.0050018
0.00503652
0.0050725
0.00510838
0.00514273
0.00517414
0.00520121
0.00522274
0.0052377
0.00524536
0.00524535
0.00523765
0.00522262
0.00520098
0.00517374
0.00514213
0.00510754
0.00507143
0.00503524
0.00500038
0.00496809
0.00493951
0.00491559
0.00489707
0.0048845
0.0277029
0.0276913
0.0276864
0.0276885
0.0276973
0.0277126
0.0277337
0.0277599
0.0277902
0.0278235
0.0278586
0.0278941
0.0279289
0.0279617
0.0279911
0.0280162
0.0280358
0.028049
0.0280553
0.0280543
0.0280461
0.0280309
0.0280093
0.0279822
0.0279506
0.0279159
0.0278794
0.0278426
0.0278069
0.027774
0.027745
0.027721
0.0231622
0.0231433
0.0231359
0.0231404
0.0231564
0.0231835
0.0232208
0.0232669
0.0233202
0.0233788
0.0234404
0.0235028
0.0235635
0.0236202
0.0236705
0.0237124
0.0237441
0.0237643
0.0237723
0.0237676
0.0237504
0.0237216
0.0236822
0.023634
0.0235788
0.0235189
0.0234566
0.0233945
0.0233348
0.0232799
0.0232317
0.0231921
0.0150674
0.0150477
0.0150402
0.0150453
0.0150627
0.0150918
0.0151318
0.0151813
0.0152386
0.0153017
0.0153683
0.015436
0.015502
0.0155638
0.0156187
0.0156645
0.0156991
0.0157211
0.0157294
0.0157237
0.0157043
0.015672
0.0156282
0.0155749
0.0155143
0.0154489
0.0153814
0.0153144
0.0152504
0.0151918
0.0151406
0.0150987
0.00488188
0.0048707
0.00486629
0.00486876
0.00487803
0.00489383
0.0049157
0.00494298
0.00497482
0.00501018
0.00504783
0.00508639
0.00512438
0.00516026
0.00519249
0.00521964
0.00524045
0.00525393
0.00525942
0.00525663
0.00524569
0.00522713
0.00520184
0.00517099
0.00513598
0.00509835
0.00505965
0.00502141
0.00498508
0.00495194
0.00492311
0.00489951
0.0277583
0.0277368
0.0277205
0.0277098
0.0277051
0.0277066
0.0277141
0.0277275
0.0277462
0.0277696
0.0277969
0.027827
0.027859
0.0278916
0.0279237
0.0279541
0.0279814
0.0280045
0.0280225
0.0280345
0.0280401
0.0280389
0.0280311
0.0280169
0.0279969
0.0279719
0.027943
0.0279114
0.0278784
0.0278453
0.0278134
0.0277841
0.0232571
0.0232211
0.0231939
0.0231764
0.0231692
0.0231726
0.0231865
0.0232105
0.0232436
0.0232848
0.0233325
0.0233849
0.0234402
0.0234961
0.0235506
0.0236014
0.0236466
0.0236842
0.0237128
0.0237312
0.0237386
0.0237348
0.0237199
0.0236945
0.0236596
0.0236168
0.0235677
0.0235143
0.0234587
0.0234032
0.0233498
0.0233004
0.0151629
0.015125
0.0150968
0.015079
0.0150725
0.0150773
0.0150934
0.0151201
0.0151568
0.015202
0.0152542
0.0153116
0.015372
0.0154331
0.0154925
0.0155478
0.0155968
0.0156375
0.015668
0.0156872
0.0156942
0.0156886
0.0156708
0.0156415
0.015602
0.015554
0.0154994
0.0154406
0.0153798
0.0153195
0.0152618
0.015209
0.00493156
0.00491046
0.00489485
0.00488522
0.00488185
0.00488484
0.0048941
0.00490938
0.0049302
0.00495593
0.00498572
0.00501857
0.0050533
0.00508861
0.00512314
0.00515545
0.00518419
0.00520807
0.00522602
0.00523722
0.00524112
0.00523754
0.00522666
0.00520899
0.00518536
0.00515685
0.00512471
0.00509032
0.00505507
0.00502034
0.00498743
0.0049575
0.0278143
0.0277868
0.0277625
0.0277424
0.0277271
0.0277172
0.027713
0.0277147
0.0277223
0.0277355
0.0277538
0.0277767
0.0278033
0.0278327
0.0278639
0.0278958
0.0279268
0.0279559
0.0279818
0.0280034
0.0280198
0.0280304
0.0280347
0.0280325
0.0280239
0.0280093
0.0279893
0.0279648
0.0279368
0.0279066
0.0278753
0.0278441
0.0233655
0.0233187
0.0232771
0.0232423
0.0232155
0.0231977
0.0231895
0.0231913
0.0232029
0.0232239
0.0232536
0.0232908
0.0233343
0.0233824
0.0234334
0.0234852
0.023536
0.0235838
0.0236266
0.0236628
0.023691
0.0237099
0.0237187
0.0237171
0.0237051
0.0236832
0.0236522
0.0236135
0.0235686
0.0235194
0.0234678
0.0234158
0.0152809
0.0152311
0.0151873
0.015151
0.0151233
0.0151054
0.0150977
0.0151005
0.0151137
0.0151369
0.0151691
0.0152094
0.0152562
0.0153079
0.0153626
0.0154183
0.0154728
0.0155241
0.01557
0.0156088
0.0156387
0.0156585
0.0156674
0.0156649
0.015651
0.0156263
0.0155919
0.0155492
0.0155001
0.0154465
0.0153906
0.0153347
0.00499775
0.00497001
0.0049458
0.00492591
0.00491098
0.00490148
0.00489769
0.00489972
0.00490749
0.00492077
0.00493913
0.00496198
0.00498856
0.00501796
0.00504915
0.00508099
0.00511224
0.00514168
0.00516808
0.00519031
0.00520736
0.00521845
0.00522306
0.00522095
0.0052122
0.00519722
0.00517668
0.0051515
0.00512281
0.00509181
0.0050598
0.00502805
0.027806
0.0277761
0.0277498
0.0277282
0.027712
0.0277018
0.0276979
0.0277004
0.0277094
0.0277244
0.0277449
0.0277702
0.0277996
0.0278319
0.027866
0.0279006
0.0279343
0.0279657
0.0279936
0.0280168
0.0280344
0.0280455
0.0280497
0.0280469
0.0280371
0.0280207
0.0279985
0.0279713
0.0279404
0.0279072
0.0278728
0.0278386
0.0233682
0.023317
0.0232713
0.0232328
0.0232027
0.0231822
0.0231718
0.023172
0.0231827
0.0232035
0.0232336
0.0232718
0.0233169
0.0233672
0.0234208
0.0234759
0.0235304
0.0235822
0.0236294
0.02367
0.0237024
0.0237251
0.0237372
0.0237381
0.0237276
0.0237062
0.0236747
0.0236345
0.0235871
0.0235346
0.0234791
0.0234229
0.0152942
0.0152396
0.0151909
0.0151497
0.0151175
0.0150952
0.0150836
0.015083
0.0150934
0.0151143
0.015145
0.0151844
0.0152311
0.0152836
0.0153401
0.0153985
0.0154567
0.0155124
0.0155636
0.0156082
0.0156441
0.0156698
0.0156841
0.0156863
0.0156762
0.0156541
0.0156209
0.0155782
0.0155277
0.0154717
0.0154125
0.0153525
0.0050098
0.00497942
0.00495238
0.00492956
0.00491168
0.00489927
0.00489266
0.00489202
0.00489734
0.00490843
0.00492494
0.00494634
0.00497199
0.00500105
0.00503256
0.00506543
0.00509848
0.00513042
0.00515996
0.00518583
0.00520684
0.005222
0.00523055
0.00523202
0.0052263
0.00521365
0.00519464
0.00517017
0.0051414
0.0051096
0.00507616
0.00504245
0.0277133
0.027684
0.0276618
0.0276474
0.0276414
0.0276438
0.0276547
0.0276735
0.0276995
0.0277318
0.0277693
0.0278105
0.0278541
0.0278984
0.0279419
0.0279828
0.0280195
0.0280505
0.0280745
0.0280905
0.0280978
0.028096
0.0280853
0.028066
0.0280388
0.0280049
0.0279656
0.0279225
0.0278775
0.0278323
0.0277888
0.0277487
0.0232175
0.0231681
0.0231297
0.0231035
0.0230906
0.0230912
0.0231053
0.0231324
0.0231715
0.0232211
0.0232794
0.0233442
0.0234132
0.0234839
0.0235535
0.0236196
0.0236794
0.0237307
0.0237713
0.0237997
0.0238146
0.0238152
0.0238016
0.0237741
0.0237338
0.0236824
0.0236219
0.0235548
0.0234838
0.0234118
0.0233417
0.0232761
0.0151443
0.0150919
0.0150508
0.0150223
0.0150073
0.0150062
0.015019
0.0150453
0.0150841
0.0151341
0.0151935
0.0152603
0.015332
0.0154061
0.0154798
0.0155503
0.0156148
0.0156707
0.0157157
0.0157478
0.0157656
0.0157682
0.0157554
0.0157277
0.0156862
0.0156327
0.0155694
0.0154991
0.0154245
0.0153489
0.0152751
0.0152061
0.00493103
0.0049022
0.00487948
0.00486354
0.00485482
0.00485355
0.00485973
0.00487316
0.00489342
0.00491991
0.00495179
0.00498805
0.00502748
0.00506867
0.00511013
0.00515025
0.0051874
0.00521999
0.00524655
0.00526582
0.00527685
0.00527906
0.00527231
0.00525687
0.00523347
0.00520321
0.00516749
0.00512793
0.00508622
0.00504409
0.0050032
0.00496507
0.027592
0.0275642
0.0275476
0.0275428
0.02755
0.0275688
0.0275985
0.027638
0.0276859
0.0277403
0.0277993
0.0278607
0.0279223
0.0279819
0.028037
0.0280857
0.0281258
0.0281557
0.0281741
0.0281802
0.0281738
0.028155
0.0281246
0.0280838
0.0280342
0.0279777
0.0279168
0.0278538
0.0277912
0.0277316
0.0276772
0.0276301
0.0230091
0.0229637
0.0229364
0.0229282
0.0229393
0.0229694
0.0230173
0.0230816
0.0231598
0.0232494
0.023347
0.0234489
0.0235514
0.0236505
0.0237422
0.0238229
0.0238891
0.0239382
0.0239679
0.0239771
0.0239653
0.023933
0.0238816
0.0238132
0.0237308
0.0236377
0.0235376
0.0234346
0.0233327
0.0232358
0.0231475
0.0230711
0.0149285
0.0148813
0.0148526
0.0148433
0.0148537
0.0148834
0.0149316
0.0149969
0.0150771
0.0151696
0.0152713
0.0153785
0.0154872
0.0155931
0.015692
0.0157796
0.015852
0.0159061
0.0159392
0.0159498
0.0159376
0.0159029
0.0158476
0.0157741
0.0156858
0.0155865
0.0154804
0.0153718
0.0152649
0.0151638
0.0150721
0.0149927
0.00481473
0.00478939
0.00477391
0.00476868
0.00477382
0.00478921
0.00481451
0.00484906
0.00489196
0.00494199
0.00499762
0.005057
0.00511798
0.00517817
0.00523501
0.00528595
0.00532854
0.00536062
0.00538052
0.00538718
0.00538025
0.00536011
0.00532787
0.00528521
0.00523429
0.00517754
0.00511752
0.00505674
0.00499755
0.00494207
0.00489214
0.00484929
0.0275257
0.0274963
0.0274803
0.0274784
0.0274905
0.0275163
0.0275547
0.0276043
0.0276634
0.0277297
0.0278009
0.0278743
0.0279472
0.028017
0.0280808
0.0281362
0.0281808
0.0282127
0.0282307
0.0282338
0.0282219
0.0281955
0.0281557
0.0281039
0.0280425
0.0279737
0.0279004
0.0278256
0.0277521
0.027683
0.0276207
0.0275677
0.0228893
0.0228426
0.0228182
0.0228168
0.0228384
0.0228825
0.0229476
0.0230315
0.0231314
0.023244
0.0233651
0.0234902
0.0236147
0.0237335
0.0238418
0.0239351
0.0240094
0.0240614
0.0240888
0.0240904
0.0240661
0.0240169
0.0239452
0.023854
0.0237473
0.0236295
0.0235055
0.0233802
0.0232583
0.0231445
0.0230428
0.0229568
0.0147995
0.0147521
0.0147275
0.0147264
0.0147489
0.0147942
0.0148613
0.0149481
0.0150521
0.0151699
0.0152976
0.0154307
0.0155641
0.0156924
0.0158102
0.0159123
0.0159939
0.016051
0.0160809
0.0160821
0.0160545
0.0159994
0.0159197
0.0158192
0.0157026
0.0155751
0.0154421
0.015309
0.0151808
0.0150621
0.0149568
0.0148684
0.0047443
0.00471956
0.00470689
0.00470657
0.00471858
0.00474268
0.00477836
0.0048248
0.00488087
0.00494505
0.00501542
0.00508965
0.00516502
0.00523848
0.00530676
0.00536655
0.00541476
0.00544875
0.00546657
0.00546716
0.00545047
0.00541748
0.00537007
0.00531087
0.00524294
0.0051696
0.00509413
0.00501964
0.0049489
0.00488425
0.00482764
0.0047806
0.0275469
0.0275114
0.0274889
0.02748
0.0274852
0.0275041
0.0275362
0.0275801
0.0276345
0.0276972
0.0277661
0.0278385
0.0279118
0.0279834
0.0280504
0.0281102
0.0281603
0.0281985
0.0282233
0.0282336
0.0282289
0.0282094
0.0281758
0.0281296
0.0280727
0.0280073
0.0279361
0.027862
0.027788
0.0277169
0.0276515
0.0275942
0.0229207
0.0228639
0.0228285
0.0228159
0.0228263
0.0228595
0.0229144
0.0229892
0.0230815
0.0231881
0.0233053
0.0234288
0.0235541
0.0236762
0.0237903
0.0238915
0.0239755
0.0240387
0.0240783
0.0240925
0.0240806
0.0240433
0.0239821
0.0238998
0.0238
0.0236869
0.0235654
0.0234403
0.0233164
0.0231985
0.0230909
0.0229972
0.0148285
0.0147709
0.0147355
0.0147234
0.0147348
0.0147695
0.0148265
0.0149042
0.0150003
0.0151118
0.0152352
0.0153662
0.0154999
0.0156311
0.0157544
0.0158644
0.0159562
0.0160253
0.0160684
0.0160833
0.0160692
0.0160269
0.0159585
0.0158673
0.0157576
0.0156346
0.0155035
0.0153698
0.0152388
0.0151152
0.0150033
0.0149067
0.00476046
0.00473037
0.00471209
0.004706
0.00471223
0.00473062
0.00476079
0.00480205
0.00485343
0.00491358
0.00498078
0.00505291
0.00512745
0.00520152
0.00527198
0.00533557
0.00538912
0.00542978
0.00545527
0.0054641
0.00545572
0.00543061
0.0053902
0.00533675
0.00527311
0.00520248
0.00512815
0.00505333
0.00498092
0.00491348
0.00485317
0.00480172
0.0276101
0.0275684
0.0275376
0.0275189
0.0275128
0.0275196
0.027539
0.0275704
0.0276126
0.027664
0.027723
0.0277873
0.0278545
0.0279223
0.027988
0.0280491
0.028103
0.0281474
0.0281806
0.0282012
0.0282081
0.0282012
0.0281807
0.0281475
0.0281029
0.0280487
0.0279873
0.027921
0.0278526
0.0277848
0.0277203
0.0276613
0.0230283
0.0229595
0.022909
0.0228783
0.0228687
0.0228802
0.0229128
0.0229651
0.0230356
0.0231219
0.0232211
0.0233295
0.0234433
0.0235581
0.0236696
0.0237731
0.0238644
0.0239395
0.0239954
0.0240294
0.0240401
0.024027
0.0239906
0.0239327
0.0238557
0.0237631
0.0236586
0.0235467
0.0234319
0.0233186
0.023211
0.0231131
0.0149415
0.0148706
0.0148186
0.0147872
0.0147773
0.0147891
0.0148223
0.0148761
0.0149487
0.015038
0.0151412
0.0152549
0.015375
0.0154971
0.0156164
0.0157281
0.0158272
0.0159094
0.0159707
0.0160083
0.0160202
0.0160059
0.0159661
0.0159028
0.0158189
0.0157185
0.0156059
0.0154861
0.015364
0.0152443
0.0151315
0.0150294
0.00482439
0.00478644
0.0047587
0.00474179
0.00473609
0.00474174
0.0047586
0.00478627
0.00482409
0.0048711
0.00492602
0.00498721
0.0050527
0.00512016
0.00518698
0.00525034
0.00530736
0.00535525
0.00539154
0.00541427
0.00542216
0.00541473
0.00539241
0.00535643
0.00530873
0.00525177
0.00518837
0.00512142
0.00505377
0.00498807
0.00492667
0.00487156
0.02767
0.0276272
0.0275933
0.0275696
0.0275567
0.0275552
0.0275652
0.0275862
0.0276175
0.0276581
0.0277065
0.0277609
0.0278195
0.02788
0.0279402
0.0279977
0.0280502
0.0280955
0.0281318
0.0281574
0.0281714
0.0281731
0.0281624
0.0281399
0.0281064
0.0280634
0.0280125
0.027956
0.0278962
0.0278353
0.0277759
0.0277201
0.0231249
0.023053
0.0229961
0.0229561
0.0229344
0.0229316
0.022948
0.0229829
0.0230353
0.0231033
0.0231846
0.0232765
0.0233756
0.0234781
0.0235804
0.0236782
0.0237676
0.023845
0.0239069
0.0239509
0.0239749
0.0239778
0.0239596
0.023921
0.0238637
0.0237903
0.0237038
0.023608
0.0235066
0.0234038
0.0233035
0.0232094
0.0150411
0.0149658
0.0149062
0.0148642
0.0148412
0.0148377
0.0148539
0.0148892
0.0149427
0.0150128
0.0150971
0.0151931
0.0152973
0.0154061
0.0155153
0.0156206
0.0157177
0.0158024
0.0158708
0.0159198
0.0159471
0.0159512
0.0159321
0.0158907
0.0158288
0.0157495
0.0156563
0.0155533
0.0154449
0.0153355
0.0152292
0.0151299
0.00487847
0.00483748
0.00480504
0.00478198
0.00476888
0.00476606
0.00477357
0.00479123
0.00481861
0.00485498
0.00489938
0.00495052
0.00500681
0.00506634
0.00512696
0.00518627
0.00524173
0.00529083
0.00533117
0.00536071
0.00537788
0.00538173
0.00537205
0.00534937
0.00531488
0.00527039
0.00521811
0.00516053
0.0051002
0.00503964
0.00498116
0.00492685
0.0277293
0.0276908
0.0276589
0.0276348
0.0276193
0.0276131
0.0276162
0.0276287
0.0276501
0.0276796
0.0277163
0.0277588
0.0278056
0.0278551
0.0279054
0.0279544
0.0280002
0.0280409
0.0280749
0.0281006
0.0281171
0.0281236
0.02812
0.0281063
0.0280831
0.0280514
0.0280126
0.0279682
0.0279201
0.0278703
0.0278207
0.0277731
0.023213
0.0231485
0.0230954
0.0230557
0.0230308
0.0230214
0.0230279
0.0230501
0.0230873
0.0231382
0.0232011
0.0232737
0.0233535
0.0234376
0.0235227
0.0236055
0.0236828
0.0237514
0.0238085
0.0238515
0.0238787
0.0238888
0.0238815
0.023857
0.0238164
0.0237615
0.0236947
0.0236187
0.0235366
0.0234518
0.0233675
0.0232869
0.0151268
0.0150588
0.0150031
0.0149616
0.0149356
0.0149258
0.0149325
0.0149556
0.0149943
0.0150475
0.0151134
0.0151899
0.0152744
0.0153638
0.0154548
0.015544
0.0156276
0.0157022
0.0157646
0.0158118
0.0158419
0.0158532
0.0158454
0.0158187
0.0157744
0.0157146
0.015642
0.0155597
0.0154713
0.0153804
0.0152904
0.0152049
0.00492087
0.00488378
0.00485348
0.00483084
0.00481648
0.00481078
0.00481386
0.00482566
0.00484584
0.00487388
0.00490896
0.00495007
0.00499589
0.00504491
0.00509535
0.00514528
0.00519265
0.0052354
0.00527154
0.00529932
0.00531734
0.00532466
0.0053209
0.00530625
0.00528146
0.00524778
0.00520686
0.00516062
0.00511115
0.00506052
0.00501074
0.00496365
0.0278034
0.0277685
0.0277374
0.0277112
0.027691
0.0276774
0.027671
0.027672
0.0276804
0.0276959
0.0277181
0.0277462
0.0277792
0.027816
0.0278551
0.0278951
0.0279342
0.0279709
0.0280036
0.0280311
0.0280522
0.0280661
0.0280722
0.0280703
0.0280604
0.0280431
0.0280191
0.0279894
0.0279554
0.0279183
0.0278796
0.0278409
0.0233313
0.0232738
0.0232232
0.0231813
0.0231495
0.0231291
0.0231207
0.0231246
0.0231409
0.0231688
0.0232076
0.0232557
0.0233116
0.0233732
0.0234381
0.0235039
0.0235681
0.023628
0.0236812
0.0237256
0.0237593
0.0237808
0.0237893
0.0237844
0.0237664
0.023736
0.0236947
0.0236441
0.0235862
0.0235236
0.0234586
0.0233937
0.0152456
0.0151854
0.0151328
0.0150896
0.0150573
0.0150369
0.0150291
0.0150343
0.0150522
0.0150823
0.0151237
0.0151749
0.0152342
0.0152996
0.0153686
0.0154386
0.0155069
0.0155708
0.0156275
0.0156746
0.0157102
0.0157326
0.0157408
0.0157345
0.015714
0.0156803
0.0156348
0.0155796
0.0155171
0.0154497
0.0153802
0.0153114
0.00498198
0.00494937
0.00492109
0.00489804
0.00488091
0.00487021
0.00486628
0.00486923
0.00487899
0.00489527
0.0049176
0.00494531
0.00497752
0.00501316
0.00505097
0.00508957
0.00512744
0.00516302
0.00519479
0.0052213
0.00524133
0.00525392
0.00525846
0.00525476
0.00524299
0.00522373
0.00519791
0.00516675
0.00513164
0.0050941
0.00505566
0.00501782
0.0278744
0.0278382
0.0278032
0.0277707
0.0277419
0.0277179
0.0276996
0.0276876
0.0276826
0.0276846
0.0276938
0.0277098
0.0277321
0.0277599
0.0277922
0.0278277
0.027865
0.0279025
0.0279388
0.0279724
0.028002
0.0280263
0.0280445
0.0280558
0.0280598
0.0280564
0.0280458
0.0280285
0.0280053
0.0279771
0.0279451
0.0279105
0.0234586
0.0233986
0.0233409
0.0232876
0.0232406
0.0232016
0.0231721
0.0231532
0.0231455
0.0231495
0.0231649
0.0231912
0.0232275
0.0232724
0.0233245
0.0233816
0.0234417
0.0235024
0.0235615
0.0236164
0.0236651
0.0237055
0.023736
0.0237554
0.0237629
0.0237582
0.0237415
0.0237136
0.0236757
0.0236292
0.0235761
0.0235185
0.0153817
0.0153188
0.0152585
0.0152032
0.0151547
0.0151149
0.0150851
0.0150662
0.0150591
0.0150639
0.0150804
0.0151082
0.0151463
0.0151933
0.0152477
0.0153075
0.0153704
0.0154342
0.0154962
0.015554
0.0156053
0.0156478
0.0156799
0.0157001
0.0157076
0.0157021
0.0156838
0.0156535
0.0156126
0.0155628
0.0155062
0.015445
0.00505718
0.00502286
0.00499021
0.00496039
0.00493444
0.0049132
0.00489737
0.00488744
0.0048837
0.00488629
0.00489512
0.00490993
0.00493026
0.00495548
0.00498474
0.00501706
0.00505127
0.0050861
0.0051202
0.00515217
0.00518066
0.00520445
0.00522245
0.00523382
0.00523805
0.00523495
0.00522467
0.00520769
0.00518481
0.00515705
0.00512563
0.00509189
0.0279053
0.0278665
0.0278279
0.0277907
0.0277566
0.0277266
0.027702
0.0276837
0.0276725
0.0276687
0.0276726
0.0276841
0.0277028
0.0277282
0.0277591
0.0277945
0.0278329
0.0278728
0.0279126
0.0279507
0.0279856
0.0280159
0.0280405
0.0280584
0.0280688
0.0280715
0.0280664
0.0280538
0.0280342
0.0280085
0.0279776
0.0279428
0.0235214
0.0234558
0.0233903
0.0233275
0.0232695
0.0232187
0.0231768
0.0231453
0.0231255
0.0231179
0.023123
0.0231404
0.0231696
0.0232096
0.0232589
0.0233158
0.0233781
0.0234435
0.0235095
0.0235736
0.0236332
0.0236859
0.0237297
0.0237626
0.0237833
0.023791
0.0237854
0.0237668
0.0237359
0.023694
0.0236429
0.0235846
0.0154528
0.0153835
0.0153146
0.0152486
0.0151881
0.0151351
0.0150916
0.0150589
0.0150382
0.0150302
0.0150351
0.0150528
0.0150826
0.0151237
0.0151745
0.0152335
0.0152984
0.0153669
0.0154364
0.0155043
0.0155678
0.0156243
0.0156715
0.0157072
0.01573
0.0157388
0.0157333
0.0157137
0.0156808
0.0156362
0.0155817
0.0155198
0.00509791
0.00505979
0.00502207
0.00498616
0.00495333
0.00492468
0.00490115
0.00488347
0.00487218
0.00486761
0.00486989
0.00487897
0.00489457
0.00491624
0.00494332
0.00497493
0.00501003
0.00504739
0.00508563
0.00512328
0.00515878
0.00519064
0.00521742
0.0052379
0.00525113
0.00525647
0.00525366
0.00524286
0.00522458
0.0051997
0.00516937
0.00513495
0.0278856
0.0278463
0.0278079
0.0277718
0.0277394
0.0277119
0.0276903
0.0276755
0.027668
0.0276682
0.027676
0.0276914
0.0277137
0.0277422
0.0277757
0.0278131
0.0278527
0.0278931
0.0279326
0.0279696
0.0280027
0.0280306
0.0280521
0.0280665
0.0280732
0.0280719
0.0280629
0.0280464
0.0280233
0.0279944
0.027961
0.0279243
0.0234897
0.0234226
0.0233569
0.023295
0.0232394
0.0231919
0.0231544
0.0231281
0.023114
0.0231126
0.0231239
0.0231477
0.0231829
0.0232284
0.0232825
0.0233434
0.0234086
0.0234759
0.0235426
0.023606
0.0236638
0.0237134
0.0237529
0.0237807
0.0237955
0.0237967
0.0237844
0.023759
0.0237217
0.0236741
0.023618
0.0235557
0.0154207
0.0153499
0.0152808
0.0152159
0.0151576
0.015108
0.0150687
0.015041
0.0150258
0.0150237
0.0150348
0.0150586
0.0150945
0.0151411
0.015197
0.0152602
0.0153284
0.0153992
0.0154698
0.0155374
0.0155993
0.0156529
0.0156959
0.0157264
0.0157431
0.0157452
0.0157327
0.015706
0.0156666
0.015616
0.0155564
0.0154904
0.0050793
0.00504065
0.00500312
0.00496807
0.00493671
0.00491007
0.00488899
0.00487412
0.0048659
0.00486459
0.00487022
0.00488265
0.00490152
0.00492627
0.00495613
0.00499014
0.00502713
0.00506577
0.00510459
0.00514204
0.00517656
0.00520662
0.00523087
0.00524818
0.00525773
0.00525906
0.00525213
0.00523728
0.00521524
0.00518707
0.00515404
0.00511761
0.0278382
0.0278026
0.0277695
0.0277402
0.0277158
0.0276973
0.0276852
0.0276801
0.0276823
0.0276915
0.0277077
0.0277301
0.0277581
0.0277907
0.0278264
0.0278641
0.0279021
0.0279389
0.0279731
0.0280033
0.0280284
0.0280472
0.028059
0.0280635
0.0280604
0.0280499
0.0280325
0.0280089
0.0279802
0.0279475
0.0279121
0.0278752
0.0234064
0.0233447
0.0232873
0.0232363
0.0231937
0.0231608
0.023139
0.0231289
0.0231309
0.0231451
0.0231708
0.0232072
0.0232531
0.0233066
0.023366
0.023429
0.0234931
0.0235561
0.0236152
0.0236683
0.023713
0.0237477
0.0237708
0.0237813
0.0237788
0.0237635
0.023736
0.0236974
0.0236495
0.0235941
0.0235335
0.0234701
0.0153325
0.0152674
0.0152069
0.0151533
0.0151083
0.0150736
0.0150503
0.0150392
0.0150407
0.0150546
0.0150807
0.015118
0.0151653
0.0152209
0.0152829
0.0153491
0.015417
0.0154839
0.0155473
0.0156044
0.0156529
0.0156908
0.0157163
0.0157284
0.0157265
0.0157107
0.0156817
0.0156409
0.01559
0.0155312
0.015467
0.0153999
0.00502975
0.00499446
0.0049619
0.00493315
0.00490917
0.00489072
0.00487836
0.00487248
0.00487327
0.00488071
0.0048946
0.00491453
0.00493989
0.00496986
0.00500345
0.00503949
0.00507664
0.00511348
0.0051485
0.00518024
0.00520728
0.0052284
0.00524263
0.00524929
0.00524808
0.00523908
0.00522273
0.00519982
0.0051714
0.00513876
0.0051033
0.00506648
0.0277844
0.0277579
0.0277358
0.0277188
0.0277076
0.0277025
0.0277038
0.0277114
0.0277251
0.0277444
0.0277686
0.0277968
0.0278282
0.0278614
0.0278952
0.0279283
0.0279593
0.0279869
0.0280101
0.0280279
0.0280396
0.0280446
0.0280429
0.0280344
0.0280197
0.0279991
0.0279737
0.0279445
0.0279127
0.0278795
0.0278463
0.0278142
0.0233128
0.0232661
0.0232266
0.0231957
0.0231745
0.0231637
0.0231638
0.0231748
0.0231962
0.0232274
0.0232672
0.0233143
0.0233668
0.0234228
0.0234803
0.0235369
0.0235905
0.023639
0.0236804
0.023713
0.0237355
0.0237468
0.0237466
0.0237348
0.0237119
0.0236789
0.0236372
0.0235885
0.0235347
0.0234781
0.0234208
0.023365
0.015236
0.0151862
0.0151438
0.0151104
0.015087
0.0150744
0.0150731
0.0150832
0.0151043
0.0151357
0.0151764
0.0152249
0.0152796
0.0153384
0.0153992
0.0154596
0.0155172
0.0155697
0.015615
0.0156512
0.0156766
0.0156902
0.0156914
0.0156801
0.0156569
0.0156227
0.0155791
0.0155278
0.0154712
0.0154113
0.0153507
0.0152915
0.00497898
0.00495196
0.00492898
0.00491079
0.00489797
0.00489093
0.00488991
0.00489494
0.00490589
0.00492242
0.00494403
0.00497
0.00499947
0.00503139
0.00506461
0.00509785
0.00512978
0.00515909
0.00518451
0.00520492
0.00521941
0.00522731
0.00522825
0.00522222
0.0052095
0.00519069
0.00516665
0.00513845
0.0051073
0.00507451
0.00504136
0.00500913
0.0277338
0.0277213
0.0277146
0.0277139
0.0277191
0.0277301
0.0277465
0.0277676
0.0277928
0.027821
0.0278512
0.0278825
0.0279135
0.0279432
0.0279704
0.0279939
0.0280129
0.0280264
0.0280341
0.0280354
0.0280303
0.028019
0.0280021
0.02798
0.0279538
0.0279244
0.0278931
0.0278612
0.0278299
0.0278005
0.0277741
0.0277516
0.0232216
0.0231994
0.0231868
0.0231843
0.0231919
0.0232093
0.0232359
0.0232708
0.0233127
0.0233601
0.0234112
0.0234641
0.0235168
0.0235673
0.0236135
0.0236536
0.0236862
0.0237097
0.0237233
0.0237263
0.0237186
0.0237006
0.0236728
0.0236365
0.0235931
0.0235444
0.0234923
0.0234389
0.0233863
0.0233365
0.0232914
0.0232526
0.015142
0.015118
0.0151038
0.0150999
0.0151063
0.0151229
0.0151491
0.015184
0.0152264
0.0152747
0.0153272
0.0153819
0.0154368
0.0154897
0.0155385
0.0155813
0.0156162
0.015642
0.0156574
0.0156618
0.015655
0.0156373
0.0156094
0.0155725
0.015528
0.0154779
0.0154242
0.015369
0.0153145
0.0152627
0.0152156
0.0151749
0.00493085
0.00491799
0.00491022
0.00490779
0.0049108
0.00491914
0.00493256
0.0049506
0.00497268
0.00499804
0.00502576
0.00505485
0.0050842
0.00511265
0.00513908
0.00516237
0.00518154
0.00519577
0.00520442
0.0052071
0.00520371
0.00519439
0.00517956
0.00515987
0.00513616
0.00510944
0.00508083
0.00505147
0.0050225
0.00499502
0.00497002
0.00494839
0.0277118
0.0277095
0.0277135
0.0277236
0.0277394
0.0277602
0.0277853
0.0278138
0.0278445
0.0278764
0.0279082
0.0279389
0.0279672
0.0279922
0.0280128
0.0280282
0.0280377
0.0280409
0.0280377
0.0280281
0.0280125
0.0279915
0.0279659
0.0279366
0.027905
0.0278721
0.0278393
0.027808
0.0277795
0.0277548
0.0277348
0.0277203
0.0231693
0.0231676
0.0231769
0.0231966
0.0232261
0.0232643
0.0233098
0.0233608
0.0234154
0.0234717
0.0235274
0.0235804
0.0236286
0.0236702
0.0237035
0.0237272
0.0237404
0.0237425
0.0237334
0.0237134
0.0236835
0.0236446
0.0235983
0.0235465
0.0234912
0.0234345
0.0233787
0.0233259
0.0232782
0.0232373
0.0232047
0.0231818
0.0150832
0.0150831
0.0150942
0.015116
0.0151478
0.0151883
0.0152361
0.0152895
0.0153464
0.0154047
0.0154622
0.0155166
0.0155657
0.0156077
0.0156408
0.0156637
0.0156754
0.0156755
0.015664
0.0156413
0.0156084
0.0155666
0.0155175
0.0154632
0.0154057
0.0153473
0.0152902
0.0152367
0.0151887
0.0151481
0.0151162
0.0150943
0.00489936
0.00490098
0.00490833
0.00492118
0.00493908
0.00496142
0.00498741
0.00501612
0.00504648
0.00507735
0.00510753
0.00513581
0.00516104
0.0051822
0.00519837
0.00520889
0.00521331
0.00521145
0.00520339
0.00518949
0.00517034
0.00514675
0.0051197
0.00509028
0.00505966
0.00502903
0.00499955
0.00497233
0.00494834
0.00492844
0.00491333
0.00490352
0.0277582
0.0277503
0.0277472
0.0277492
0.0277561
0.0277675
0.0277832
0.0278025
0.0278246
0.0278487
0.027874
0.0278995
0.0279243
0.0279476
0.0279683
0.0279857
0.027999
0.0280078
0.0280116
0.0280103
0.0280038
0.0279924
0.0279766
0.0279569
0.0279342
0.0279092
0.0278831
0.0278568
0.0278315
0.0278082
0.0277877
0.0277709
0.0232242
0.0232148
0.0232147
0.023224
0.0232422
0.0232686
0.0233022
0.0233417
0.0233855
0.0234319
0.0234791
0.0235253
0.0235688
0.0236079
0.023641
0.0236671
0.0236851
0.0236943
0.0236944
0.0236855
0.0236678
0.023642
0.023609
0.02357
0.0235266
0.0234803
0.023433
0.0233865
0.0233425
0.0233029
0.0232691
0.0232426
0.0151294
0.0151247
0.0151296
0.0151442
0.0151678
0.0151995
0.015238
0.0152819
0.0153294
0.0153787
0.0154277
0.0154747
0.0155177
0.0155551
0.0155856
0.015608
0.0156215
0.0156256
0.0156203
0.0156057
0.0155824
0.0155512
0.0155134
0.0154704
0.0154237
0.0153751
0.0153265
0.0152796
0.0152363
0.0151983
0.015167
0.0151438
0.00492079
0.00492224
0.00492873
0.00494003
0.00495572
0.0049752
0.00499774
0.00502245
0.00504834
0.00507439
0.00509957
0.00512289
0.00514344
0.00516043
0.00517319
0.00518128
0.00518439
0.00518244
0.00517554
0.00516397
0.00514819
0.00512881
0.00510658
0.00508232
0.00505694
0.00503139
0.00500662
0.00498356
0.00496309
0.00494599
0.00493293
0.00492441
0.0278922
0.0278663
0.0278411
0.0278176
0.0277967
0.0277793
0.0277659
0.0277571
0.0277532
0.0277544
0.0277604
0.0277712
0.0277864
0.0278053
0.0278272
0.0278514
0.0278768
0.0279026
0.0279276
0.0279511
0.027972
0.0279896
0.0280032
0.0280122
0.0280164
0.0280154
0.0280094
0.0279985
0.0279832
0.0279642
0.0279421
0.0279178
0.0234366
0.0233904
0.0233471
0.0233083
0.0232759
0.023251
0.0232345
0.023227
0.0232286
0.023239
0.0232575
0.0232834
0.0233155
0.0233525
0.0233931
0.0234358
0.0234792
0.0235217
0.023562
0.0235987
0.0236305
0.0236561
0.0236746
0.0236851
0.0236871
0.0236802
0.0236646
0.0236408
0.0236094
0.0235717
0.0235292
0.0234835
0.0153437
0.0152992
0.015258
0.015222
0.0151926
0.0151713
0.0151586
0.0151549
0.01516
0.0151734
0.0151942
0.0152215
0.015254
0.0152903
0.0153292
0.0153695
0.0154097
0.0154486
0.0154851
0.0155179
0.0155461
0.0155685
0.0155842
0.0155925
0.0155929
0.015585
0.0155689
0.0155448
0.0155135
0.0154762
0.0154342
0.0153894
0.00503451
0.00501433
0.00499585
0.00497994
0.00496732
0.0049585
0.00495373
0.0049531
0.00495641
0.00496334
0.00497343
0.00498616
0.00500097
0.00501728
0.00503453
0.00505218
0.00506971
0.00508663
0.00510245
0.0051167
0.00512891
0.00513864
0.00514548
0.00514908
0.00514915
0.0051455
0.00513808
0.00512699
0.00511258
0.00509536
0.00507601
0.00505541
0.0280686
0.0280431
0.0280113
0.0279745
0.0279342
0.0278921
0.02785
0.0278096
0.0277723
0.0277395
0.0277123
0.0276918
0.0276786
0.027673
0.0276751
0.027685
0.027702
0.0277257
0.0277552
0.0277896
0.0278277
0.0278681
0.0279093
0.0279498
0.0279881
0.0280225
0.0280517
0.0280746
0.02809
0.0280974
0.0280962
0.0280865
0.0237542
0.0236964
0.0236285
0.0235538
0.0234759
0.0233983
0.0233247
0.0232578
0.0232001
0.0231536
0.0231193
0.0230979
0.0230895
0.0230941
0.0231111
0.0231398
0.0231792
0.0232282
0.0232853
0.023349
0.0234173
0.023488
0.0235589
0.0236274
0.0236907
0.0237463
0.0237914
0.0238239
0.0238417
0.0238438
0.0238295
0.0237993
0.0156885
0.0156252
0.0155511
0.01547
0.0153862
0.0153039
0.0152271
0.0151588
0.0151015
0.0150567
0.0150251
0.015007
0.0150021
0.0150097
0.0150292
0.0150597
0.0151002
0.0151498
0.0152073
0.0152712
0.01534
0.0154117
0.015484
0.0155546
0.0156205
0.015679
0.0157272
0.0157624
0.0157823
0.0157851
0.0157702
0.0157375
0.0052293
0.00519581
0.00515596
0.00511206
0.00506661
0.00502206
0.00498055
0.00494381
0.00491305
0.00488897
0.00487183
0.00486163
0.0048581
0.00486089
0.00486961
0.0048839
0.00490337
0.00492762
0.00495618
0.00498849
0.00502383
0.00506131
0.00509985
0.00513818
0.0051748
0.00520811
0.00523643
0.00525812
0.00527171
0.00527602
0.00527033
0.00525457
0.0282008
0.0282182
0.0282216
0.0282109
0.0281869
0.0281507
0.0281041
0.0280491
0.0279879
0.0279231
0.0278569
0.0277918
0.02773
0.0276737
0.0276247
0.0275846
0.0275548
0.0275364
0.0275302
0.0275366
0.0275556
0.0275868
0.0276293
0.0276816
0.0277418
0.0278077
0.0278766
0.0279458
0.0280125
0.0280737
0.028127
0.02817
0.0240248
0.0240368
0.0240235
0.0239859
0.0239264
0.0238484
0.0237561
0.0236541
0.0235471
0.0234395
0.023335
0.023237
0.0231484
0.0230714
0.0230078
0.0229594
0.0229275
0.0229133
0.0229176
0.0229408
0.0229826
0.0230424
0.0231186
0.0232091
0.0233111
0.0234209
0.0235344
0.0236468
0.0237533
0.0238487
0.0239283
0.023988
0.016008
0.016017
0.0159973
0.0159502
0.0158787
0.0157875
0.0156822
0.0155687
0.0154526
0.0153389
0.0152316
0.0151337
0.0150474
0.0149744
0.0149158
0.0148728
0.0148462
0.0148369
0.0148456
0.0148725
0.0149176
0.0149803
0.0150596
0.0151534
0.0152591
0.0153735
0.0154922
0.0156104
0.0157229
0.015824
0.0159083
0.015971
0.0054245
0.00542986
0.00541777
0.00538886
0.00534512
0.00528968
0.00522636
0.00515917
0.00509183
0.00502737
0.00496805
0.00491532
0.00487008
0.00483281
0.00480382
0.00478335
0.00477159
0.00476875
0.00477505
0.00479063
0.00481551
0.0048495
0.00489219
0.00494278
0.00500013
0.00506263
0.00512823
0.00519439
0.00525816
0.00531627
0.00536541
0.00540239
0.0281612
0.0282645
0.0283496
0.0284131
0.0284526
0.0284666
0.0284547
0.0284177
0.0283573
0.0282761
0.0281774
0.0280652
0.0279438
0.0278179
0.0276919
0.0275705
0.0274581
0.0273585
0.0272756
0.0272122
0.027171
0.0271536
0.027161
0.0271931
0.0272489
0.0273265
0.027423
0.0275349
0.0276579
0.0277871
0.0279176
0.028044
0.0240368
0.0242107
0.0243527
0.0244565
0.0245173
0.0245325
0.0245022
0.0244285
0.0243153
0.0241684
0.0239945
0.0238012
0.0235962
0.0233873
0.023182
0.0229873
0.0228097
0.0226551
0.0225286
0.0224344
0.0223755
0.0223543
0.0223717
0.0224275
0.0225205
0.022648
0.0228062
0.0229901
0.0231932
0.0234081
0.0236265
0.0238391
0.0160581
0.0162559
0.0164197
0.0165407
0.0166123
0.0166309
0.0165961
0.0165109
0.0163809
0.0162138
0.0160183
0.0158036
0.0155789
0.0153529
0.0151335
0.0149282
0.0147431
0.0145836
0.0144543
0.0143585
0.014299
0.0142773
0.0142943
0.0143499
0.0144432
0.0145723
0.014734
0.0149242
0.0151373
0.0153662
0.0156026
0.0158368
0.00546775
0.00559483
0.00570401
0.00578822
0.00584163
0.0058605
0.00584374
0.00579304
0.00571249
0.00560786
0.00548577
0.00535304
0.0052161
0.00508071
0.00495174
0.00483322
0.00472831
0.00463938
0.00456806
0.00451545
0.00448229
0.00446909
0.00447607
0.00450324
0.00455038
0.00461698
0.00470218
0.00480459
0.0049221
0.00505176
0.00518954
0.00533029
0.0281488
0.0282782
0.0283906
0.0284815
0.0285474
0.0285858
0.0285956
0.0285767
0.0285304
0.0284589
0.0283651
0.0282529
0.0281267
0.0279912
0.0278513
0.0277119
0.027578
0.0274541
0.0273448
0.0272541
0.0271855
0.0271419
0.0271253
0.0271367
0.027176
0.0272422
0.0273329
0.0274447
0.0275734
0.027714
0.0278608
0.0280078
0.0239618
0.0241648
0.0243389
0.0244761
0.0245703
0.0246176
0.0246168
0.0245691
0.0244781
0.0243489
0.0241879
0.0240022
0.0237993
0.0235867
0.0233719
0.023162
0.0229639
0.0227841
0.0226284
0.0225022
0.0224098
0.0223548
0.0223395
0.0223652
0.0224319
0.022538
0.0226807
0.0228556
0.0230568
0.0232771
0.0235078
0.0237395
0.0159627
0.0161694
0.0163444
0.0164783
0.0165637
0.0165971
0.0165782
0.0165106
0.0164002
0.0162546
0.016082
0.0158904
0.0156872
0.0154792
0.0152729
0.0150743
0.014889
0.0147226
0.0145801
0.0144657
0.0143833
0.014336
0.014326
0.0143546
0.0144221
0.0145276
0.0146691
0.0148429
0.0150441
0.0152657
0.0154995
0.0157355
0.00539743
0.00550952
0.00560334
0.00567225
0.00571137
0.00571854
0.00569472
0.00564379
0.0055715
0.00548402
0.00538703
0.00528509
0.00518159
0.00507913
0.0049799
0.004886
0.00479951
0.00472258
0.00465726
0.00460534
0.00456844
0.00454795
0.00454495
0.00456023
0.00459422
0.00464694
0.00471789
0.00480592
0.00490911
0.00502453
0.0051481
0.00527454
0.0277175
0.0279943
0.0282571
0.028495
0.0286982
0.0288574
0.0289656
0.0290177
0.029011
0.028946
0.0288257
0.0286557
0.0284438
0.0281994
0.0279329
0.027655
0.0273766
0.0271079
0.0268584
0.0266368
0.0264508
0.0263068
0.0262097
0.0261629
0.026168
0.0262251
0.0263321
0.0264855
0.0266801
0.0269092
0.0271646
0.0274374
0.023495
0.0239538
0.0243978
0.0248077
0.0251638
0.0254474
0.0256425
0.0257375
0.0257262
0.0256089
0.0253925
0.0250894
0.0247165
0.0242933
0.0238403
0.0233776
0.0229237
0.0224947
0.0221049
0.0217659
0.0214869
0.0212747
0.0211344
0.021069
0.0210798
0.0211666
0.0213273
0.0215581
0.0218535
0.0222059
0.0226054
0.0230399
0.0155972
0.0160781
0.0165562
0.0170093
0.017413
0.017742
0.0179733
0.018089
0.018079
0.0179433
0.0176914
0.0173418
0.0169183
0.0164477
0.015956
0.0154668
0.0149996
0.0145699
0.0141893
0.0138661
0.0136057
0.0134118
0.0132863
0.0132302
0.0132436
0.0133261
0.0134764
0.0136927
0.0139719
0.0143096
0.0146994
0.0151325
0.0052511
0.00551682
0.00579004
0.00605743
0.00630287
0.00650844
0.00665664
0.00673314
0.00672958
0.00664554
0.00648872
0.00627337
0.00601762
0.0057404
0.00545897
0.00518743
0.00493622
0.00471242
0.00452
0.00436103
0.00423613
0.00414508
0.00408732
0.0040622
0.00406922
0.0041081
0.00417878
0.00428132
0.00441573
0.00458168
0.0047781
0.00500264
0.0276144
0.0279091
0.0281925
0.0284527
0.0286785
0.0288595
0.0289874
0.0290559
0.0290618
0.0290048
0.028888
0.028717
0.0285001
0.0282475
0.0279705
0.0276803
0.0273883
0.0271053
0.0268414
0.0266055
0.0264055
0.0262478
0.0261372
0.0260773
0.0260698
0.0261153
0.0262124
0.0263583
0.0265486
0.0267776
0.0270379
0.0273203
0.0233669
0.0238696
0.0243637
0.0248273
0.0252379
0.0255736
0.0258155
0.0259491
0.0259664
0.0258663
0.0256551
0.0253456
0.0249555
0.0245061
0.0240197
0.0235185
0.0230231
0.0225518
0.0221199
0.0217402
0.0214228
0.0211751
0.0210027
0.0209091
0.0208962
0.0209644
0.0211124
0.0213372
0.021634
0.0219961
0.022414
0.0228759
0.0154171
0.0159366
0.0164595
0.0169616
0.017416
0.0177948
0.0180724
0.0182283
0.0182508
0.018138
0.0178989
0.0175514
0.0171198
0.0166314
0.0161137
0.0155917
0.0150868
0.0146164
0.0141937
0.0138284
0.0135273
0.013295
0.0131343
0.013047
0.013034
0.0130953
0.0132305
0.0134382
0.0137161
0.0140603
0.0144649
0.0149212
0.00510292
0.00537018
0.00564731
0.00592128
0.00617606
0.00639377
0.00655687
0.00665075
0.0066665
0.00660279
0.00646598
0.00626881
0.00602793
0.00576116
0.00548516
0.00521395
0.00495834
0.00472602
0.00452191
0.0043489
0.0042085
0.00410131
0.00402743
0.00398682
0.00397938
0.00400512
0.00406415
0.00415665
0.00428267
0.00444196
0.00463353
0.00485518
)
;

boundaryField
{
    inlet
    {
        type            calculated;
        value           nonuniform List<scalar> 
128
(
0.0279037
0.0279067
0.0279086
0.0279096
0.0279094
0.0279081
0.0279058
0.0279026
0.0278985
0.0278939
0.0278887
0.0278833
0.0278778
0.0278724
0.0278674
0.0278629
0.0278591
0.0278562
0.0278542
0.0278532
0.0278534
0.0278545
0.0278568
0.0278599
0.0278639
0.0278686
0.0278738
0.0278793
0.0278848
0.0278903
0.0278953
0.0278999
0.0234437
0.0234555
0.0234673
0.0234788
0.0234894
0.0234987
0.0235064
0.0235122
0.0235158
0.0235172
0.0235163
0.0235132
0.023508
0.023501
0.0234924
0.0234825
0.0234717
0.0234605
0.0234491
0.023438
0.0234277
0.0234184
0.0234106
0.0234046
0.0234005
0.0233986
0.023399
0.0234017
0.0234066
0.0234136
0.0234224
0.0234325
0.0153533
0.0153661
0.0153793
0.0153924
0.0154049
0.0154161
0.0154258
0.0154335
0.0154391
0.0154422
0.0154428
0.0154409
0.0154366
0.0154302
0.0154217
0.0154116
0.0154002
0.015388
0.0153753
0.0153626
0.0153505
0.0153392
0.0153294
0.0153212
0.0153152
0.0153115
0.0153103
0.0153118
0.0153158
0.0153223
0.0153309
0.0153414
0.00503791
0.00504455
0.00505149
0.00505845
0.00506512
0.00507125
0.0050766
0.00508098
0.00508423
0.00508624
0.00508696
0.00508637
0.00508454
0.00508153
0.00507748
0.00507251
0.00506683
0.00506063
0.00505412
0.00504752
0.00504107
0.00503499
0.00502951
0.00502488
0.00502127
0.00501884
0.0050177
0.00501792
0.00501952
0.00502246
0.00502662
0.00503184
)
;
    }
    outlet
    {
        type            calculated;
        value           nonuniform List<scalar> 
128
(
0.0276136
0.0279083
0.0281918
0.0284521
0.0286779
0.028859
0.0289868
0.0290553
0.0290612
0.0290043
0.0288874
0.0287164
0.0284995
0.0282468
0.0279698
0.0276796
0.0273876
0.0271046
0.0268407
0.0266049
0.0264049
0.0262471
0.0261366
0.0260766
0.0260691
0.0261145
0.0262116
0.0263574
0.0265478
0.0267767
0.027037
0.0273194
0.023366
0.0238688
0.0243631
0.0248269
0.0252375
0.0255733
0.0258152
0.0259488
0.0259661
0.025866
0.0256547
0.0253451
0.024955
0.0245055
0.024019
0.0235178
0.0230223
0.0225508
0.0221189
0.0217392
0.0214217
0.021174
0.0210015
0.0209079
0.0208949
0.0209631
0.021111
0.0213358
0.0216327
0.0219948
0.0224128
0.0228748
0.015416
0.0159356
0.0164586
0.0169608
0.0174152
0.017794
0.0180716
0.0182276
0.01825
0.0181372
0.0178981
0.0175506
0.017119
0.0166306
0.0161129
0.0155908
0.0150859
0.0146154
0.0141927
0.0138274
0.0135262
0.0132939
0.0131331
0.0130458
0.0130326
0.0130938
0.0132289
0.0134367
0.0137146
0.0140588
0.0144635
0.0149199
0.00510253
0.00536987
0.00564704
0.00592101
0.00617573
0.00639337
0.00655639
0.0066502
0.00666592
0.00660223
0.00646547
0.00626837
0.00602756
0.00576085
0.00548489
0.00521368
0.00495807
0.00472571
0.00452155
0.00434848
0.00420803
0.00410078
0.00402684
0.00398617
0.00397868
0.00400436
0.00406336
0.00415585
0.00428191
0.00444126
0.00463292
0.00485468
)
;
    }
    axis
    {
        type            calculated;
        value           nonuniform List<scalar> 
5088
(
0.0279028
0.0279059
0.0279081
0.0279093
0.0279092
0.0279081
0.0279058
0.0279025
0.0278983
0.0278935
0.0278881
0.0278824
0.0278768
0.0278713
0.0278663
0.0278618
0.0278582
0.0278555
0.0278537
0.0278529
0.0278532
0.0278545
0.0278568
0.0278599
0.0278637
0.0278682
0.0278732
0.0278784
0.0278838
0.0278891
0.0278942
0.0278988
0.0279678
0.0279561
0.0279414
0.0279243
0.0279053
0.0278854
0.0278652
0.0278456
0.0278273
0.027811
0.0277974
0.027787
0.0277801
0.027777
0.0277778
0.0277824
0.0277906
0.0278021
0.0278165
0.0278333
0.0278518
0.0278713
0.0278911
0.0279105
0.0279287
0.0279451
0.027959
0.0279698
0.0279771
0.0279807
0.0279803
0.0279759
0.0279147
0.0278884
0.0278615
0.0278352
0.0278104
0.0277882
0.0277694
0.0277547
0.0277447
0.0277398
0.0277401
0.0277455
0.0277559
0.0277708
0.0277897
0.0278118
0.0278363
0.0278622
0.0278887
0.0279146
0.027939
0.027961
0.0279798
0.0279946
0.0280049
0.0280103
0.0280105
0.0280054
0.0279954
0.0279806
0.0279617
0.0279395
0.0278672
0.0278282
0.0277909
0.0277569
0.0277274
0.0277035
0.0276862
0.0276761
0.0276736
0.0276786
0.0276911
0.0277105
0.0277361
0.027767
0.0278018
0.0278395
0.0278784
0.0279171
0.0279542
0.0279883
0.028018
0.0280422
0.0280599
0.0280705
0.0280734
0.0280686
0.0280563
0.0280368
0.028011
0.0279799
0.0279446
0.0279065
0.0278294
0.0277952
0.0277642
0.0277374
0.0277158
0.0277004
0.0276915
0.0276896
0.0276946
0.0277065
0.0277247
0.0277486
0.0277772
0.0278095
0.0278442
0.0278801
0.0279158
0.0279499
0.0279811
0.0280082
0.0280302
0.0280461
0.0280554
0.0280577
0.0280528
0.0280409
0.0280225
0.0279984
0.0279693
0.0279366
0.0279014
0.0278652
0.0278979
0.0278855
0.0278728
0.0278604
0.0278486
0.0278381
0.0278291
0.027822
0.027817
0.0278143
0.027814
0.0278159
0.02782
0.0278262
0.0278342
0.0278437
0.0278545
0.0278661
0.0278781
0.0278902
0.0279018
0.0279126
0.0279221
0.0279299
0.0279357
0.0279392
0.0279402
0.0279387
0.0279347
0.0279283
0.0279198
0.0279095
0.0279932
0.0280061
0.0280139
0.0280164
0.0280135
0.0280054
0.0279923
0.0279747
0.0279533
0.0279288
0.0279022
0.0278745
0.0278466
0.0278197
0.0277948
0.0277728
0.0277546
0.027741
0.0277325
0.0277295
0.0277321
0.0277403
0.0277537
0.0277718
0.0277939
0.027819
0.0278463
0.0278745
0.0279026
0.0279295
0.0279542
0.0279757
0.0280137
0.0280373
0.0280545
0.0280648
0.0280676
0.028063
0.0280511
0.0280323
0.0280074
0.0279774
0.0279433
0.0279066
0.0278686
0.0278308
0.0277947
0.0277615
0.0277327
0.0277092
0.027692
0.0276817
0.0276788
0.0276833
0.0276952
0.0277138
0.0277386
0.0277685
0.0278025
0.0278392
0.0278772
0.0279151
0.0279514
0.0279847
0.0279374
0.0279494
0.0279587
0.0279648
0.0279676
0.027967
0.027963
0.0279557
0.0279454
0.0279325
0.0279174
0.0279006
0.0278829
0.0278648
0.0278471
0.0278305
0.0278156
0.0278031
0.0277933
0.0277868
0.0277838
0.0277844
0.0277887
0.0277964
0.0278072
0.0278207
0.0278363
0.0278534
0.0278713
0.0278893
0.0279068
0.027923
0.0278147
0.0278042
0.0277965
0.0277919
0.0277906
0.0277929
0.0277984
0.0278071
0.0278184
0.027832
0.0278472
0.0278635
0.02788
0.0278963
0.0279117
0.0279256
0.0279376
0.0279471
0.0279539
0.0279578
0.0279587
0.0279566
0.0279515
0.0279437
0.0279333
0.0279207
0.0279064
0.0278908
0.0278744
0.027858
0.0278422
0.0278276
0.0277348
0.0277104
0.0276922
0.027681
0.0276771
0.0276809
0.027692
0.0277101
0.0277344
0.0277641
0.0277979
0.0278346
0.0278728
0.027911
0.0279477
0.0279816
0.0280113
0.0280357
0.0280539
0.0280651
0.028069
0.0280654
0.0280544
0.0280364
0.0280121
0.0279825
0.0279487
0.0279119
0.0278737
0.0278354
0.0277986
0.0277646
0.027782
0.0277636
0.0277496
0.0277405
0.0277367
0.0277382
0.027745
0.0277568
0.0277732
0.0277935
0.0278168
0.0278424
0.0278691
0.0278961
0.0279223
0.0279466
0.0279682
0.0279863
0.0280002
0.0280094
0.0280135
0.0280123
0.0280059
0.0279945
0.0279785
0.0279584
0.0279352
0.0279096
0.0278826
0.0278553
0.0278288
0.027804
0.0279299
0.0279326
0.0279333
0.0279319
0.0279286
0.0279235
0.0279166
0.0279083
0.0278987
0.0278882
0.0278771
0.0278657
0.0278545
0.0278439
0.0278343
0.0278262
0.0278199
0.0278158
0.0278142
0.027815
0.0278184
0.0278242
0.0278321
0.0278418
0.0278528
0.0278646
0.0278767
0.0278886
0.0278998
0.0279098
0.0279183
0.0279251
0.0280452
0.0280671
0.0280815
0.0280878
0.0280859
0.0280757
0.0280578
0.0280327
0.0280014
0.0279651
0.0279251
0.027883
0.0278405
0.027799
0.0277603
0.0277258
0.0276968
0.0276745
0.0276597
0.0276531
0.0276549
0.0276651
0.0276832
0.0277086
0.0277403
0.027777
0.0278173
0.0278595
0.0279022
0.0279437
0.0279823
0.0280165
0.0280395
0.0280637
0.0280804
0.0280891
0.0280894
0.0280814
0.0280652
0.0280417
0.0280116
0.0279762
0.0279368
0.0278949
0.0278522
0.0278102
0.0277707
0.027735
0.0277046
0.0276805
0.0276638
0.0276551
0.0276546
0.0276625
0.0276784
0.0277018
0.0277317
0.027767
0.0278064
0.0278483
0.0278911
0.0279332
0.027973
0.0280089
0.0279123
0.0279203
0.0279268
0.0279314
0.0279341
0.0279347
0.0279332
0.0279296
0.027924
0.0279165
0.0279074
0.0278969
0.0278855
0.0278736
0.0278616
0.0278501
0.0278395
0.0278304
0.0278232
0.0278181
0.0278154
0.0278153
0.0278176
0.0278223
0.0278291
0.0278376
0.0278475
0.0278584
0.0278698
0.0278813
0.0278925
0.0279029
0.0277341
0.0277211
0.0277141
0.0277132
0.0277188
0.0277304
0.0277476
0.0277698
0.0277959
0.027825
0.0278557
0.027887
0.0279175
0.0279462
0.0279718
0.0279936
0.0280106
0.0280224
0.0280286
0.0280289
0.0280234
0.0280123
0.027996
0.0279751
0.0279502
0.0279224
0.0278925
0.0278617
0.0278311
0.027802
0.0277754
0.0277525
0.0276459
0.0276223
0.0276082
0.027604
0.02761
0.027626
0.0276512
0.0276849
0.0277255
0.0277718
0.0278217
0.0278736
0.0279253
0.0279748
0.0280204
0.0280601
0.0280925
0.0281163
0.0281306
0.0281348
0.0281287
0.0281127
0.0280873
0.0280534
0.0280125
0.0279661
0.0279159
0.0278641
0.0278124
0.027763
0.0277176
0.0276781
0.0277444
0.0277277
0.0277169
0.0277121
0.0277137
0.0277215
0.0277352
0.0277542
0.0277777
0.0278048
0.0278346
0.0278657
0.0278971
0.0279276
0.0279559
0.0279812
0.0280024
0.0280187
0.0280296
0.0280347
0.0280336
0.0280265
0.0280135
0.0279952
0.0279721
0.0279452
0.0279155
0.0278841
0.0278522
0.0278211
0.027792
0.0277661
0.0279461
0.0279483
0.0279478
0.0279448
0.0279394
0.0279316
0.0279218
0.0279101
0.027897
0.0278828
0.027868
0.0278532
0.027839
0.0278259
0.0278144
0.0278052
0.0277987
0.0277952
0.0277949
0.027798
0.0278043
0.0278134
0.027825
0.0278385
0.0278534
0.0278688
0.0278842
0.027899
0.0279125
0.0279243
0.027934
0.0279414
0.0280781
0.028094
0.0281012
0.0280996
0.0280891
0.0280702
0.0280436
0.0280103
0.0279716
0.0279289
0.0278839
0.0278383
0.0277939
0.0277523
0.0277153
0.0276841
0.0276599
0.0276438
0.0276364
0.0276379
0.0276483
0.0276673
0.027694
0.0277275
0.0277664
0.0278092
0.0278544
0.0279
0.0279445
0.027986
0.0280231
0.0280541
0.0280662
0.0280765
0.0280788
0.028073
0.0280594
0.0280386
0.0280113
0.0279786
0.0279419
0.0279026
0.0278621
0.027822
0.0277837
0.0277489
0.0277187
0.0276943
0.0276765
0.0276662
0.0276636
0.0276689
0.0276819
0.0277022
0.0277289
0.0277612
0.0277978
0.0278372
0.027878
0.0279186
0.0279574
0.0279928
0.0280235
0.0280483
0.0279497
0.0279401
0.027928
0.0279139
0.0278984
0.0278821
0.0278657
0.0278498
0.027835
0.0278217
0.0278105
0.0278017
0.0277956
0.0277924
0.0277923
0.0277952
0.0278011
0.0278098
0.0278209
0.0278342
0.0278491
0.0278652
0.0278818
0.0278982
0.0279139
0.0279281
0.0279403
0.0279499
0.0279565
0.0279598
0.0279598
0.0279563
0.0278399
0.0278151
0.0277927
0.0277734
0.0277581
0.0277474
0.0277416
0.027741
0.0277456
0.0277551
0.0277691
0.0277872
0.0278086
0.0278325
0.0278579
0.027884
0.0279097
0.027934
0.0279561
0.027975
0.0279902
0.0280011
0.0280071
0.0280081
0.028004
0.027995
0.0279813
0.0279634
0.0279421
0.0279181
0.0278924
0.027866
0.0278275
0.0278067
0.0277886
0.0277738
0.027763
0.0277566
0.0277548
0.0277577
0.0277652
0.0277769
0.0277924
0.0278111
0.0278323
0.0278551
0.0278787
0.0279021
0.0279245
0.0279451
0.027963
0.0279775
0.0279882
0.0279946
0.0279966
0.0279939
0.0279867
0.0279752
0.02796
0.0279414
0.0279203
0.0278975
0.0278738
0.0278502
0.0278858
0.0278864
0.0278865
0.0278863
0.0278859
0.0278852
0.0278844
0.0278833
0.0278822
0.0278809
0.0278794
0.0278778
0.027876
0.0278741
0.0278722
0.0278704
0.0278687
0.0278672
0.027866
0.0278653
0.0278651
0.0278655
0.0278665
0.0278681
0.02787
0.0278723
0.0278747
0.0278772
0.0278795
0.0278817
0.0278835
0.0278849
0.0279374
0.0279598
0.0279789
0.027994
0.0280045
0.0280101
0.0280106
0.0280059
0.0279962
0.0279819
0.0279634
0.0279415
0.0279169
0.0278905
0.0278635
0.0278367
0.0278113
0.0277883
0.0277685
0.0277528
0.0277417
0.0277359
0.0277355
0.0277404
0.0277506
0.0277656
0.0277847
0.0278073
0.0278323
0.0278589
0.0278859
0.0279124
0.0279579
0.0279888
0.0280151
0.028036
0.0280505
0.0280582
0.0280587
0.0280521
0.0280386
0.0280187
0.0279932
0.027963
0.0279293
0.0278935
0.0278568
0.0278207
0.0277866
0.0277558
0.0277294
0.0277085
0.0276939
0.0276862
0.0276856
0.0276922
0.0277057
0.0277256
0.0277512
0.0277814
0.0278151
0.027851
0.0278877
0.0279238
0.027974
0.0279992
0.0280195
0.0280342
0.0280426
0.0280445
0.0280398
0.0280287
0.0280116
0.0279893
0.0279626
0.0279324
0.0279
0.0278666
0.0278334
0.0278018
0.0277729
0.0277479
0.0277276
0.0277129
0.0277044
0.0277023
0.0277067
0.0277176
0.0277344
0.0277567
0.0277834
0.0278136
0.0278461
0.0278797
0.0279131
0.0279449
0.0279761
0.0279911
0.0280016
0.0280072
0.0280077
0.028003
0.0279934
0.0279792
0.0279612
0.0279398
0.0279161
0.0278908
0.0278649
0.0278394
0.0278153
0.0277934
0.0277746
0.0277596
0.027749
0.0277432
0.0277423
0.0277466
0.0277558
0.0277696
0.0277875
0.0278088
0.0278328
0.0278584
0.0278846
0.0279105
0.027935
0.0279571
0.027949
0.027956
0.0279598
0.0279604
0.0279576
0.0279518
0.0279431
0.0279318
0.0279185
0.0279037
0.0278878
0.0278716
0.0278555
0.0278402
0.0278263
0.0278142
0.0278045
0.0277974
0.0277933
0.0277924
0.0277946
0.0278
0.0278083
0.0278193
0.0278326
0.0278476
0.0278638
0.0278805
0.027897
0.0279127
0.027927
0.0279393
0.0279056
0.0279055
0.0279043
0.027902
0.0278987
0.0278946
0.0278899
0.0278848
0.0278794
0.0278741
0.0278689
0.0278641
0.0278597
0.027856
0.0278531
0.027851
0.0278498
0.0278497
0.0278505
0.0278523
0.0278551
0.0278587
0.0278631
0.0278681
0.0278735
0.0278791
0.0278848
0.0278901
0.0278949
0.0278991
0.0279023
0.0279045
0.0278685
0.027859
0.0278501
0.0278422
0.0278357
0.0278307
0.0278276
0.0278264
0.0278272
0.0278301
0.0278348
0.0278412
0.027849
0.0278577
0.0278672
0.027877
0.0278867
0.027896
0.0279045
0.0279118
0.0279179
0.0279223
0.0279251
0.027926
0.0279252
0.0279227
0.0279184
0.0279126
0.0279054
0.0278971
0.0278879
0.0278783
0.0278651
0.0278446
0.0278253
0.0278079
0.027793
0.0277814
0.0277734
0.0277694
0.0277696
0.0277739
0.0277822
0.0277941
0.0278092
0.0278268
0.0278462
0.0278668
0.0278876
0.027908
0.027927
0.027944
0.0279584
0.0279696
0.0279773
0.0279811
0.0279809
0.0279768
0.0279689
0.0279574
0.0279427
0.0279255
0.0279063
0.0278859
0.0278772
0.0278499
0.0278235
0.0277991
0.0277776
0.0277599
0.0277466
0.0277383
0.0277353
0.0277377
0.0277454
0.027758
0.0277751
0.027796
0.0278198
0.0278458
0.0278728
0.0278999
0.027926
0.0279502
0.0279714
0.027989
0.0280022
0.0280106
0.0280138
0.0280117
0.0280043
0.0279919
0.0279751
0.0279543
0.0279304
0.0279044
0.0278993
0.0278753
0.0278512
0.0278281
0.0278069
0.0277883
0.0277732
0.0277621
0.0277554
0.0277533
0.0277558
0.027763
0.0277744
0.0277896
0.0278081
0.0278291
0.0278519
0.0278755
0.0278991
0.0279219
0.0279429
0.0279613
0.0279765
0.027988
0.0279951
0.0279977
0.0279956
0.0279888
0.0279775
0.0279623
0.0279437
0.0279225
0.0279319
0.0279192
0.027905
0.0278896
0.0278737
0.0278581
0.0278433
0.0278298
0.0278183
0.027809
0.0278023
0.0277983
0.0277973
0.0277993
0.0278041
0.0278116
0.0278215
0.0278335
0.0278471
0.0278618
0.0278771
0.0278925
0.0279074
0.0279212
0.0279334
0.0279434
0.0279509
0.0279554
0.0279568
0.0279551
0.0279502
0.0279423
0.0279697
0.0279708
0.0279681
0.0279619
0.0279524
0.02794
0.0279253
0.0279088
0.0278911
0.0278729
0.0278548
0.0278374
0.0278214
0.0278075
0.027796
0.0277874
0.0277821
0.0277803
0.0277821
0.0277875
0.0277964
0.0278083
0.0278229
0.0278397
0.027858
0.027877
0.027896
0.0279141
0.0279307
0.0279451
0.0279566
0.0279649
0.0279991
0.0280111
0.0280177
0.0280187
0.0280141
0.0280041
0.0279891
0.0279698
0.0279469
0.0279213
0.0278938
0.0278656
0.0278376
0.027811
0.0277866
0.0277655
0.0277484
0.0277359
0.0277287
0.027727
0.0277309
0.0277403
0.0277548
0.0277741
0.0277972
0.0278234
0.0278515
0.0278804
0.0279091
0.0279363
0.027961
0.0279822
0.0279976
0.0280133
0.0280236
0.0280279
0.0280262
0.0280186
0.0280054
0.0279872
0.0279647
0.0279388
0.0279105
0.0278807
0.0278506
0.0278214
0.0277941
0.0277697
0.0277492
0.0277333
0.0277227
0.0277178
0.0277187
0.0277256
0.0277382
0.027756
0.0277784
0.0278046
0.0278335
0.0278639
0.0278946
0.0279245
0.0279523
0.027977
0.0279781
0.0279938
0.0280048
0.0280108
0.0280114
0.0280067
0.0279969
0.0279824
0.027964
0.0279421
0.0279178
0.0278917
0.027865
0.0278386
0.0278135
0.0277906
0.0277708
0.0277549
0.0277434
0.0277369
0.0277356
0.0277395
0.0277487
0.0277627
0.0277812
0.0278033
0.0278282
0.0278549
0.0278823
0.0279094
0.027935
0.0279582
0.0279696
0.0279885
0.0280029
0.0280122
0.0280162
0.0280147
0.0280079
0.0279959
0.0279794
0.027959
0.0279354
0.0279095
0.0278822
0.0278546
0.0278276
0.0278023
0.0277797
0.0277606
0.0277457
0.0277357
0.027731
0.0277317
0.027738
0.0277495
0.027766
0.0277867
0.0278109
0.0278375
0.0278656
0.0278939
0.0279213
0.0279469
0.0279795
0.0280037
0.0280229
0.0280362
0.0280431
0.0280435
0.0280373
0.0280248
0.0280066
0.0279834
0.027956
0.0279255
0.0278929
0.0278595
0.0278266
0.0277954
0.027767
0.0277427
0.0277232
0.0277094
0.0277018
0.0277007
0.0277063
0.0277183
0.0277363
0.0277598
0.0277876
0.0278187
0.027852
0.027886
0.0279194
0.027951
0.0280013
0.0280266
0.0280459
0.0280583
0.0280634
0.0280611
0.0280515
0.028035
0.0280122
0.0279842
0.027952
0.0279168
0.0278799
0.0278427
0.0278066
0.0277729
0.0277429
0.0277178
0.0276984
0.0276857
0.0276799
0.0276815
0.0276903
0.0277061
0.0277284
0.0277563
0.0277887
0.0278244
0.0278619
0.0278998
0.0279366
0.0279709
0.0280223
0.0280394
0.0280499
0.0280534
0.0280497
0.0280391
0.028022
0.0279992
0.0279715
0.0279402
0.0279065
0.0278715
0.0278366
0.0278031
0.0277723
0.0277452
0.0277228
0.027706
0.0276955
0.0276915
0.0276943
0.0277039
0.0277198
0.0277417
0.0277686
0.0277996
0.0278336
0.0278691
0.0279049
0.0279394
0.0279713
0.0279993
0.0280238
0.0280237
0.0280176
0.0280057
0.0279886
0.0279669
0.0279416
0.0279137
0.0278843
0.0278548
0.0278262
0.0277994
0.0277756
0.0277555
0.0277398
0.0277291
0.0277237
0.0277238
0.0277294
0.0277404
0.0277563
0.0277765
0.0278005
0.0278273
0.027856
0.0278855
0.0279148
0.0279426
0.0279678
0.0279893
0.0280062
0.0280179
0.0279939
0.0279763
0.0279546
0.0279296
0.0279023
0.0278739
0.0278455
0.0278182
0.0277933
0.0277716
0.027754
0.027741
0.0277331
0.0277305
0.0277332
0.0277411
0.0277539
0.027771
0.0277919
0.0278158
0.0278417
0.0278688
0.0278962
0.0279227
0.0279475
0.0279697
0.0279883
0.0280026
0.0280119
0.0280158
0.028014
0.0280066
0.0279507
0.027927
0.0279011
0.0278741
0.027847
0.0278209
0.0277969
0.027776
0.027759
0.0277466
0.0277392
0.027737
0.02774
0.0277481
0.0277608
0.0277778
0.0277982
0.0278215
0.0278465
0.0278726
0.0278986
0.0279237
0.0279469
0.0279674
0.0279845
0.0279975
0.0280059
0.0280092
0.0280073
0.0280002
0.027988
0.0279713
0.0279329
0.0279185
0.0279022
0.0278849
0.0278672
0.0278498
0.0278335
0.0278189
0.0278067
0.0277974
0.0277912
0.0277883
0.0277886
0.0277923
0.0277989
0.0278084
0.0278203
0.0278341
0.0278494
0.0278656
0.0278821
0.0278984
0.0279139
0.0279281
0.0279405
0.0279505
0.0279579
0.027962
0.0279629
0.0279602
0.0279542
0.027945
0.027951
0.027955
0.0279557
0.0279532
0.0279478
0.0279396
0.027929
0.0279165
0.0279026
0.027888
0.027873
0.0278581
0.0278439
0.0278307
0.027819
0.0278094
0.0278021
0.0277974
0.0277955
0.0277967
0.0278008
0.0278078
0.0278176
0.0278297
0.0278438
0.0278593
0.0278756
0.0278919
0.0279075
0.0279218
0.0279341
0.027944
0.0279878
0.0280059
0.0280188
0.028026
0.0280272
0.0280225
0.028012
0.0279963
0.0279759
0.0279518
0.0279248
0.0278959
0.0278661
0.0278364
0.0278081
0.0277821
0.0277594
0.027741
0.0277275
0.0277194
0.0277173
0.027721
0.0277307
0.0277458
0.027766
0.0277905
0.0278183
0.0278482
0.0278791
0.0279096
0.0279387
0.0279651
0.0280329
0.028049
0.0280581
0.0280598
0.0280541
0.0280412
0.0280216
0.0279963
0.0279663
0.0279328
0.0278972
0.0278606
0.0278245
0.0277902
0.027759
0.0277321
0.0277103
0.0276946
0.0276855
0.0276833
0.0276882
0.0277
0.0277182
0.0277424
0.0277715
0.0278047
0.0278406
0.0278778
0.0279148
0.0279501
0.0279824
0.0280104
0.0280782
0.0280764
0.0280664
0.0280485
0.0280235
0.0279924
0.0279564
0.0279172
0.0278762
0.0278352
0.0277958
0.0277594
0.0277272
0.0277006
0.0276804
0.0276673
0.0276618
0.0276641
0.0276739
0.027691
0.0277147
0.0277441
0.0277783
0.027816
0.0278558
0.0278965
0.0279363
0.0279737
0.0280072
0.0280354
0.0280572
0.0280717
0.0281071
0.0280858
0.0280559
0.0280184
0.0279749
0.0279271
0.0278771
0.0278267
0.0277781
0.0277332
0.0276937
0.0276608
0.0276359
0.0276197
0.0276128
0.0276154
0.0276273
0.0276482
0.0276771
0.0277131
0.0277548
0.0278007
0.0278492
0.0278984
0.0279466
0.0279921
0.0280329
0.0280674
0.0280942
0.0281121
0.0281205
0.0281188
0.0281024
0.0280772
0.0280437
0.0280033
0.0279575
0.0279082
0.0278575
0.0278073
0.0277598
0.0277166
0.0276794
0.0276495
0.0276277
0.0276149
0.0276116
0.0276176
0.0276329
0.0276569
0.0276887
0.0277271
0.0277709
0.0278183
0.0278677
0.0279173
0.0279652
0.0280097
0.0280489
0.0280811
0.0281049
0.0281194
0.0281239
0.0281182
0.0280692
0.028059
0.0280413
0.0280167
0.0279865
0.0279518
0.0279141
0.0278749
0.0278359
0.0277986
0.0277643
0.0277341
0.027709
0.0276899
0.0276775
0.0276721
0.0276739
0.0276829
0.0276989
0.0277212
0.0277491
0.0277817
0.0278178
0.0278562
0.0278955
0.0279341
0.0279706
0.0280032
0.0280306
0.0280516
0.0280654
0.0280714
0.0280383
0.0280491
0.0280528
0.0280493
0.0280388
0.0280218
0.0279992
0.0279719
0.027941
0.0279077
0.0278733
0.0278389
0.0278056
0.0277747
0.0277472
0.0277242
0.0277065
0.0276948
0.0276896
0.0276912
0.0276996
0.0277146
0.0277357
0.0277622
0.0277932
0.0278275
0.0278637
0.0279002
0.0279356
0.0279683
0.0279971
0.0280207
0.0280441
0.0280666
0.0280813
0.0280877
0.0280855
0.028075
0.0280566
0.0280311
0.0279996
0.0279633
0.0279235
0.0278817
0.0278393
0.027798
0.0277592
0.0277244
0.027695
0.027672
0.0276564
0.0276489
0.0276497
0.0276589
0.0276762
0.027701
0.0277325
0.0277694
0.0278103
0.0278535
0.0278972
0.0279398
0.0279795
0.0280147
0.0280942
0.0281152
0.0281265
0.0281275
0.0281184
0.0280994
0.0280713
0.0280353
0.027993
0.027946
0.027896
0.0278448
0.0277944
0.0277467
0.0277034
0.0276662
0.0276365
0.0276155
0.0276038
0.0276021
0.0276104
0.0276284
0.0276554
0.0276905
0.0277324
0.0277797
0.0278303
0.0278823
0.0279337
0.0279823
0.0280264
0.0280642
0.0281578
0.0281721
0.0281742
0.0281639
0.0281419
0.0281088
0.0280662
0.0280157
0.0279594
0.0278995
0.0278383
0.0277781
0.027721
0.0276692
0.0276246
0.0275889
0.0275635
0.0275492
0.0275467
0.0275561
0.0275769
0.0276086
0.0276498
0.0276992
0.0277549
0.0278149
0.0278768
0.0279382
0.0279965
0.0280496
0.0280954
0.0281319
0.0281995
0.028209
0.0282046
0.0281866
0.0281556
0.028113
0.0280606
0.0280005
0.0279351
0.0278669
0.0277987
0.0277327
0.0276716
0.0276174
0.0275723
0.0275379
0.0275154
0.0275057
0.0275093
0.0275259
0.027555
0.0275956
0.0276462
0.027705
0.0277699
0.0278383
0.0279077
0.0279753
0.0280383
0.0280943
0.028141
0.0281766
0.0282052
0.0282127
0.0282061
0.0281858
0.0281526
0.028108
0.0280536
0.0279919
0.0279254
0.0278564
0.0277878
0.027722
0.0276613
0.0276081
0.0275642
0.0275313
0.0275105
0.0275027
0.0275081
0.0275267
0.0275577
0.0276
0.0276523
0.0277125
0.0277786
0.027848
0.0279179
0.0279857
0.0280486
0.028104
0.0281497
0.0281839
0.0281836
0.02819
0.0281833
0.0281639
0.0281325
0.0280906
0.0280398
0.0279823
0.0279204
0.0278564
0.0277929
0.027732
0.027676
0.027627
0.0275867
0.0275567
0.0275379
0.0275312
0.0275368
0.0275545
0.0275837
0.0276234
0.0276722
0.0277284
0.0277899
0.0278544
0.0279193
0.027982
0.0280401
0.0280912
0.0281332
0.0281644
0.0281558
0.0281605
0.0281535
0.028135
0.0281059
0.0280674
0.028021
0.0279688
0.0279128
0.0278551
0.0277979
0.0277433
0.0276933
0.0276497
0.0276141
0.0275878
0.0275718
0.0275667
0.0275727
0.0275896
0.0276168
0.0276534
0.0276981
0.0277493
0.027805
0.0278633
0.0279217
0.027978
0.0280299
0.0280753
0.0281123
0.0281395
0.028134
0.0281373
0.0281298
0.0281119
0.0280845
0.0280485
0.0280055
0.0279574
0.0279059
0.0278531
0.0278009
0.0277512
0.0277059
0.0276666
0.0276348
0.0276115
0.0275978
0.0275941
0.0276006
0.0276171
0.0276429
0.0276773
0.0277189
0.0277663
0.0278177
0.0278711
0.0279245
0.0279757
0.0280226
0.0280633
0.0280963
0.0281202
0.0281275
0.0281293
0.0281208
0.0281023
0.0280746
0.0280388
0.0279965
0.0279493
0.0278991
0.0278478
0.0277973
0.0277495
0.0277062
0.0276688
0.0276389
0.0276175
0.0276054
0.0276032
0.0276108
0.0276281
0.0276545
0.0276889
0.0277302
0.0277769
0.0278271
0.027879
0.0279305
0.0279796
0.0280243
0.0280628
0.0280936
0.0281154
0.0281431
0.0281428
0.0281316
0.0281099
0.0280788
0.0280393
0.0279933
0.0279424
0.0278887
0.0278342
0.027781
0.027731
0.0276861
0.027648
0.027618
0.0275973
0.0275867
0.0275866
0.0275971
0.0276177
0.0276477
0.027686
0.0277312
0.0277817
0.0278355
0.0278905
0.0279446
0.0279957
0.0280417
0.0280808
0.0281115
0.0281326
0.0281691
0.0281646
0.0281483
0.0281209
0.0280834
0.0280373
0.0279846
0.0279274
0.0278679
0.0278082
0.0277507
0.0276976
0.0276507
0.0276118
0.0275824
0.0275636
0.0275561
0.0275601
0.0275756
0.0276019
0.0276382
0.0276831
0.0277349
0.0277917
0.0278514
0.0279116
0.02797
0.0280243
0.0280724
0.0281123
0.0281424
0.0281616
0.028182
0.0281726
0.028151
0.0281181
0.0280752
0.0280242
0.027967
0.0279059
0.0278433
0.0277815
0.0277229
0.0276696
0.0276237
0.0275867
0.0275601
0.0275448
0.0275415
0.0275502
0.0275707
0.0276022
0.0276435
0.0276933
0.0277496
0.0278103
0.0278732
0.0279358
0.0279956
0.0280503
0.0280976
0.0281358
0.0281632
0.0281788
0.028157
0.0281453
0.0281226
0.0280899
0.0280484
0.0279999
0.0279464
0.0278899
0.0278326
0.0277766
0.0277241
0.027677
0.027637
0.0276056
0.0275839
0.0275727
0.0275725
0.0275832
0.0276046
0.0276358
0.0276757
0.027723
0.0277758
0.0278322
0.02789
0.0279469
0.0280008
0.0280494
0.0280908
0.0281234
0.0281458
0.0281571
0.0281029
0.0280951
0.0280785
0.0280537
0.0280218
0.0279841
0.0279421
0.0278975
0.0278519
0.027807
0.0277646
0.0277262
0.0276932
0.0276668
0.027648
0.0276374
0.0276356
0.0276425
0.0276581
0.0276816
0.0277123
0.0277491
0.0277907
0.0278354
0.0278815
0.0279272
0.0279708
0.0280104
0.0280445
0.0280717
0.028091
0.0281015
0.0280478
0.0280493
0.0280439
0.0280319
0.0280137
0.0279901
0.0279621
0.0279308
0.0278974
0.027863
0.0278291
0.0277968
0.0277673
0.0277417
0.0277211
0.027706
0.0276972
0.0276951
0.0276996
0.0277108
0.0277281
0.027751
0.0277788
0.0278102
0.0278441
0.0278792
0.027914
0.0279472
0.0279774
0.0280035
0.0280245
0.0280394
0.0280095
0.028021
0.0280267
0.0280265
0.0280204
0.0280087
0.0279919
0.0279707
0.0279457
0.027918
0.0278886
0.0278586
0.0278291
0.0278011
0.0277759
0.0277543
0.0277371
0.0277252
0.0277188
0.0277184
0.027724
0.0277353
0.0277521
0.0277736
0.0277989
0.0278272
0.0278572
0.0278878
0.0279178
0.027946
0.0279713
0.0279927
0.0280001
0.0280189
0.0280319
0.0280389
0.0280395
0.0280338
0.0280219
0.0280044
0.0279818
0.027955
0.0279251
0.0278931
0.0278602
0.0278278
0.027797
0.0277691
0.0277451
0.027726
0.0277125
0.0277052
0.0277044
0.0277101
0.0277221
0.02774
0.027763
0.0277901
0.0278204
0.0278527
0.0278857
0.0279182
0.0279488
0.0279765
0.0280117
0.0280309
0.0280439
0.0280504
0.02805
0.0280429
0.0280294
0.0280098
0.0279849
0.0279557
0.0279233
0.027889
0.027854
0.0278196
0.0277873
0.0277582
0.0277334
0.0277141
0.0277008
0.0276941
0.0276944
0.0277015
0.0277153
0.0277351
0.0277602
0.0277896
0.0278222
0.0278567
0.0278918
0.0279261
0.0279583
0.0279872
0.0280214
0.0280309
0.0280344
0.0280317
0.0280229
0.0280086
0.0279891
0.0279652
0.0279379
0.0279081
0.027877
0.0278458
0.0278157
0.0277877
0.027763
0.0277424
0.0277269
0.027717
0.027713
0.0277153
0.0277237
0.027738
0.0277575
0.0277816
0.0278092
0.0278393
0.0278708
0.0279024
0.0279329
0.027961
0.0279858
0.0280061
0.0279954
0.0279865
0.0279732
0.0279562
0.0279361
0.0279139
0.0278904
0.0278664
0.0278428
0.0278205
0.0278004
0.027783
0.0277691
0.0277591
0.0277534
0.0277522
0.0277556
0.0277635
0.0277757
0.0277917
0.0278111
0.0278331
0.0278568
0.0278814
0.0279058
0.0279291
0.0279504
0.0279686
0.0279832
0.0279935
0.0279991
0.0279997
0.0279167
0.0278895
0.0278617
0.0278345
0.027809
0.0277863
0.0277672
0.0277522
0.0277421
0.0277369
0.027737
0.0277421
0.0277521
0.0277665
0.0277848
0.0278064
0.0278304
0.0278561
0.0278825
0.0279087
0.0279338
0.0279569
0.0279769
0.0279931
0.0280049
0.0280115
0.0280128
0.0280085
0.0279988
0.0279842
0.027965
0.0279422
0.027802
0.0277659
0.0277339
0.0277072
0.027687
0.027674
0.0276687
0.0276712
0.0276813
0.0276986
0.0277223
0.0277515
0.027785
0.0278217
0.02786
0.0278986
0.0279361
0.0279712
0.0280024
0.0280287
0.0280491
0.0280629
0.0280693
0.0280682
0.0280594
0.0280432
0.0280202
0.0279912
0.0279574
0.0279201
0.0278807
0.0278408
0.0276965
0.0276601
0.0276316
0.0276121
0.0276023
0.0276027
0.0276132
0.0276334
0.0276625
0.0276994
0.0277426
0.0277904
0.0278411
0.0278926
0.0279431
0.0279905
0.0280331
0.0280692
0.0280975
0.028117
0.0281268
0.0281266
0.0281163
0.0280965
0.0280677
0.0280311
0.0279881
0.0279403
0.0278896
0.0278379
0.0277872
0.0277394
0.0276677
0.0276347
0.0276103
0.0275956
0.0275911
0.0275971
0.0276133
0.0276391
0.0276737
0.0277157
0.0277634
0.0278151
0.0278687
0.0279222
0.0279735
0.0280205
0.0280615
0.0280948
0.0281192
0.0281336
0.0281376
0.0281309
0.028114
0.0280876
0.0280526
0.0280105
0.0279628
0.0279114
0.0278582
0.0278053
0.0277547
0.0277082
0.0277383
0.0277115
0.0276906
0.0276765
0.0276697
0.0276705
0.0276789
0.0276947
0.0277173
0.0277459
0.0277792
0.0278161
0.027855
0.0278945
0.027933
0.027969
0.0280011
0.028028
0.0280488
0.0280625
0.0280687
0.0280672
0.028058
0.0280417
0.0280188
0.0279902
0.0279571
0.0279207
0.0278823
0.0278434
0.0278055
0.0277701
0.027827
0.0278067
0.0277888
0.0277742
0.0277634
0.0277568
0.0277548
0.0277575
0.0277648
0.0277764
0.0277918
0.0278103
0.0278313
0.027854
0.0278773
0.0279004
0.0279225
0.0279426
0.02796
0.0279741
0.0279843
0.0279902
0.0279917
0.0279888
0.0279817
0.0279704
0.0279556
0.0279376
0.0279172
0.0278951
0.0278721
0.0278491
0.0278353
0.0278202
0.0278072
0.0277968
0.0277895
0.0277856
0.0277852
0.0277885
0.0277952
0.0278052
0.0278179
0.0278329
0.0278495
0.0278671
0.0278849
0.0279022
0.0279185
0.0279331
0.0279455
0.0279552
0.0279619
0.0279653
0.0279654
0.0279621
0.0279557
0.0279464
0.0279344
0.0279201
0.0279042
0.027887
0.0278694
0.0278519
0.0277656
0.0277515
0.027742
0.0277377
0.0277386
0.0277449
0.0277562
0.0277722
0.0277922
0.0278155
0.0278411
0.027868
0.0278949
0.0279209
0.027945
0.0279662
0.0279837
0.027997
0.0280055
0.028009
0.0280073
0.0280006
0.0279892
0.0279735
0.0279541
0.0279317
0.0279072
0.0278813
0.0278551
0.0278295
0.0278054
0.0277838
0.0276928
0.0276718
0.0276583
0.0276528
0.0276556
0.0276668
0.0276859
0.0277121
0.0277447
0.0277822
0.0278231
0.0278658
0.0279085
0.0279495
0.0279872
0.0280202
0.0280471
0.0280671
0.0280793
0.0280834
0.0280793
0.0280672
0.0280477
0.0280214
0.0279896
0.0279533
0.0279138
0.0278726
0.0278311
0.027791
0.0277536
0.0277205
0.0276473
0.0276135
0.0275892
0.0275753
0.0275723
0.0275806
0.0275998
0.0276292
0.0276679
0.0277142
0.0277664
0.0278223
0.0278797
0.0279363
0.0279899
0.0280384
0.0280799
0.0281128
0.028136
0.0281485
0.02815
0.0281404
0.0281203
0.0280905
0.0280521
0.0280067
0.0279559
0.0279015
0.0278456
0.0277901
0.0277373
0.0276891
0.0276071
0.0275644
0.0275328
0.0275135
0.0275074
0.0275146
0.027535
0.0275678
0.0276119
0.0276655
0.0277266
0.0277928
0.0278615
0.0279299
0.0279954
0.0280554
0.0281076
0.0281501
0.0281811
0.0281995
0.0282046
0.0281963
0.028175
0.0281416
0.0280973
0.0280439
0.0279836
0.0279184
0.0278508
0.0277835
0.0277188
0.0276592
0.0275458
0.0275014
0.0274703
0.0274537
0.0274521
0.0274658
0.0274941
0.0275362
0.0275904
0.0276548
0.0277269
0.0278038
0.0278826
0.0279602
0.0280336
0.0280998
0.0281562
0.0282008
0.0282317
0.0282478
0.0282484
0.0282337
0.0282041
0.0281609
0.0281059
0.0280413
0.0279695
0.0278933
0.0278156
0.0277391
0.0276669
0.0276016
0.027499
0.0274549
0.0274255
0.0274119
0.0274147
0.0274339
0.0274689
0.0275182
0.0275804
0.0276529
0.0277332
0.0278181
0.0279043
0.0279883
0.0280668
0.0281367
0.0281952
0.0282401
0.0282694
0.0282822
0.0282779
0.0282568
0.0282197
0.0281683
0.0281046
0.0280313
0.0279512
0.0278674
0.0277828
0.0277008
0.0276243
0.0275562
0.0275111
0.0274652
0.0274336
0.0274174
0.0274174
0.0274336
0.0274654
0.0275119
0.0275714
0.0276417
0.0277203
0.027804
0.0278897
0.0279738
0.0280531
0.0281243
0.0281847
0.0282317
0.0282634
0.0282788
0.0282771
0.0282585
0.0282239
0.0281748
0.0281133
0.0280418
0.0279633
0.0278806
0.0277968
0.0277151
0.0276384
0.0275696
0.0275708
0.0275228
0.0274871
0.027465
0.0274574
0.0274647
0.0274866
0.0275225
0.0275711
0.0276307
0.027699
0.0277736
0.0278513
0.0279292
0.0280042
0.0280732
0.0281336
0.0281828
0.0282189
0.0282405
0.0282467
0.0282374
0.0282131
0.0281747
0.0281241
0.0280633
0.0279946
0.0279208
0.0278446
0.0277687
0.027696
0.0276292
0.0276323
0.027586
0.02755
0.0275255
0.0275134
0.0275143
0.0275282
0.0275547
0.0275928
0.0276413
0.0276983
0.0277616
0.0278287
0.027897
0.0279639
0.0280266
0.0280827
0.0281299
0.0281663
0.0281906
0.0282017
0.0281993
0.0281835
0.0281552
0.0281155
0.028066
0.0280088
0.0279459
0.0278799
0.027813
0.0277479
0.0276869
0.0276681
0.0276287
0.0275981
0.0275774
0.0275675
0.0275688
0.0275812
0.0276045
0.0276377
0.0276797
0.0277289
0.0277834
0.027841
0.0278995
0.0279566
0.02801
0.0280576
0.0280975
0.0281282
0.0281484
0.0281575
0.0281549
0.0281411
0.0281165
0.0280823
0.0280398
0.0279906
0.0279367
0.0278801
0.0278229
0.0277671
0.0277148
0.0276699
0.0276364
0.0276115
0.0275962
0.0275912
0.0275966
0.0276124
0.027638
0.0276725
0.0277145
0.0277624
0.0278144
0.0278684
0.0279223
0.0279738
0.028021
0.0280621
0.0280954
0.0281197
0.0281341
0.028138
0.0281314
0.0281145
0.0280881
0.0280534
0.0280116
0.0279642
0.0279133
0.0278605
0.0278079
0.0277573
0.0277107
0.0276337
0.0275962
0.0275687
0.0275524
0.0275479
0.0275556
0.0275752
0.027606
0.0276468
0.0276961
0.0277518
0.0278118
0.0278737
0.0279349
0.0279932
0.0280461
0.0280916
0.0281281
0.0281542
0.0281689
0.0281718
0.0281628
0.0281423
0.0281114
0.028071
0.0280228
0.0279685
0.0279102
0.02785
0.02779
0.0277326
0.0276798
0.0275678
0.0275148
0.0274745
0.0274485
0.0274378
0.0274431
0.0274641
0.0275001
0.0275498
0.0276111
0.0276817
0.0277587
0.0278392
0.0279198
0.0279975
0.0280691
0.028132
0.0281837
0.0282224
0.0282465
0.0282554
0.0282487
0.0282269
0.0281907
0.0281418
0.0280817
0.0280128
0.0279377
0.0278591
0.0277798
0.027703
0.0276314
0.0275074
0.0274381
0.0273839
0.0273468
0.0273283
0.0273291
0.0273494
0.0273883
0.0274445
0.0275156
0.027599
0.0276916
0.0277896
0.0278893
0.0279869
0.0280785
0.0281605
0.0282298
0.0282837
0.0283201
0.0283377
0.0283358
0.0283147
0.0282751
0.0282188
0.0281477
0.0280646
0.0279727
0.0278756
0.0277768
0.0276801
0.0275891
0.0274946
0.0274214
0.0273638
0.0273241
0.0273035
0.027303
0.0273226
0.0273616
0.0274184
0.027491
0.0275766
0.0276721
0.0277738
0.0278779
0.0279804
0.0280772
0.0281645
0.0282391
0.0282979
0.0283385
0.0283594
0.0283596
0.0283393
0.0282994
0.0282413
0.0281673
0.0280804
0.0279841
0.027882
0.0277782
0.0276764
0.0275807
0.027526
0.0274626
0.0274138
0.0273812
0.027366
0.0273689
0.0273897
0.0274276
0.0274813
0.0275486
0.027627
0.0277137
0.0278055
0.0278987
0.0279898
0.0280753
0.0281518
0.0282164
0.0282665
0.0283
0.0283157
0.0283128
0.0282916
0.0282529
0.0281981
0.0281295
0.0280498
0.0279621
0.0278699
0.0277767
0.0276861
0.0276014
0.0275677
0.027517
0.0274791
0.0274555
0.0274469
0.0274538
0.027476
0.0275125
0.0275619
0.0276223
0.0276915
0.0277669
0.0278455
0.0279245
0.0280006
0.028071
0.0281329
0.028184
0.0282223
0.0282462
0.0282548
0.0282478
0.0282256
0.0281888
0.028139
0.0280781
0.0280085
0.0279328
0.0278541
0.0277753
0.0276994
0.0276293
0.0276048
0.0275575
0.0275217
0.0274987
0.0274894
0.0274942
0.027513
0.0275449
0.0275888
0.0276428
0.0277051
0.0277731
0.0278442
0.0279158
0.027985
0.0280492
0.0281059
0.0281529
0.0281885
0.0282113
0.0282203
0.0282154
0.0281967
0.0281649
0.0281212
0.0280673
0.0280052
0.0279374
0.0278664
0.027795
0.0277259
0.0276616
0.0276485
0.0275949
0.0275513
0.0275194
0.0275005
0.0274953
0.027504
0.0275263
0.0275611
0.0276072
0.0276627
0.0277257
0.0277935
0.0278637
0.0279335
0.0280003
0.0280614
0.0281146
0.0281579
0.0281895
0.0282084
0.0282138
0.0282054
0.0281837
0.0281492
0.0281035
0.0280481
0.0279854
0.0279175
0.0278473
0.0277772
0.0277101
0.0276947
0.0276339
0.0275816
0.0275401
0.0275107
0.0274948
0.0274927
0.0275045
0.0275296
0.0275671
0.0276155
0.0276729
0.0277371
0.0278058
0.0278763
0.0279459
0.0280121
0.0280723
0.0281243
0.0281661
0.028196
0.028213
0.0282163
0.0282057
0.0281814
0.0281444
0.0280962
0.0280385
0.0279736
0.027904
0.0278325
0.0277618
0.0277097
0.0276478
0.0275941
0.0275508
0.0275195
0.0275013
0.0274968
0.0275059
0.0275284
0.0275631
0.0276089
0.0276638
0.0277258
0.0277927
0.0278619
0.0279308
0.027997
0.0280578
0.0281111
0.028155
0.0281876
0.0282077
0.0282142
0.028207
0.028186
0.0281521
0.0281065
0.0280509
0.0279877
0.0279192
0.0278481
0.0277774
0.0276713
0.0276136
0.0275655
0.0275289
0.0275052
0.0274951
0.027499
0.0275164
0.0275467
0.0275886
0.0276404
0.0277001
0.0277656
0.0278342
0.0279036
0.0279711
0.0280343
0.0280908
0.0281385
0.0281757
0.028201
0.0282133
0.0282118
0.0281965
0.0281679
0.028127
0.0280753
0.0280149
0.027948
0.0278774
0.0278059
0.0277363
0.0276083
0.0275548
0.0275129
0.0274844
0.0274704
0.0274712
0.0274867
0.0275161
0.0275584
0.0276117
0.027674
0.0277429
0.0278157
0.0278899
0.0279624
0.0280307
0.0280923
0.0281447
0.0281862
0.0282152
0.0282306
0.0282316
0.0282181
0.0281905
0.0281497
0.0280972
0.028035
0.0279655
0.0278915
0.0278158
0.0277415
0.0276714
0.0275774
0.027525
0.0274851
0.0274595
0.0274492
0.0274544
0.0274747
0.0275095
0.0275572
0.027616
0.0276836
0.0277575
0.0278348
0.0279126
0.027988
0.028058
0.02812
0.0281717
0.0282113
0.0282371
0.0282484
0.0282445
0.0282255
0.0281919
0.028145
0.0280867
0.0280191
0.0279448
0.0278668
0.027788
0.0277116
0.0276405
0.0276032
0.0275502
0.0275089
0.0274811
0.0274676
0.0274691
0.0274852
0.0275153
0.0275583
0.0276124
0.0276756
0.0277455
0.0278193
0.0278943
0.0279677
0.0280366
0.0280985
0.028151
0.0281922
0.0282204
0.0282348
0.0282345
0.0282196
0.0281904
0.028148
0.0280941
0.0280308
0.0279605
0.0278859
0.0278099
0.0277356
0.0276658
0.0276455
0.0275936
0.0275519
0.0275221
0.0275054
0.0275023
0.0275128
0.0275363
0.027572
0.0276185
0.0276739
0.0277361
0.0278028
0.0278715
0.0279396
0.0280044
0.0280636
0.028115
0.0281566
0.0281869
0.0282047
0.0282093
0.0282003
0.0281779
0.0281431
0.028097
0.0280414
0.0279785
0.0279109
0.027841
0.0277717
0.0277057
0.0276588
0.0276114
0.0275737
0.0275472
0.0275329
0.0275313
0.0275423
0.0275653
0.0275996
0.0276436
0.0276957
0.0277539
0.027816
0.0278797
0.0279425
0.0280021
0.0280562
0.028103
0.0281405
0.0281675
0.028183
0.0281861
0.0281767
0.028155
0.0281217
0.0280781
0.0280259
0.0279671
0.0279041
0.0278392
0.027775
0.0277141
0.0276464
0.0276059
0.0275753
0.0275559
0.0275485
0.0275531
0.0275696
0.0275972
0.0276348
0.0276809
0.0277338
0.0277914
0.0278515
0.0279119
0.0279703
0.0280244
0.0280723
0.0281121
0.0281424
0.0281622
0.0281706
0.0281672
0.028152
0.0281256
0.0280889
0.0280432
0.0279903
0.0279322
0.0278713
0.0278099
0.0277505
0.0276952
0.027645
0.0276103
0.0275855
0.0275714
0.0275686
0.0275772
0.0275968
0.0276266
0.0276653
0.0277116
0.0277635
0.027819
0.0278762
0.0279327
0.0279865
0.0280354
0.0280777
0.0281117
0.0281363
0.0281505
0.0281538
0.0281461
0.0281274
0.0280986
0.0280605
0.0280147
0.0279629
0.0279071
0.0278496
0.0277924
0.0277378
0.0276881
0.0276727
0.0276421
0.0276201
0.0276076
0.0276052
0.0276128
0.0276303
0.0276567
0.027691
0.027732
0.027778
0.0278273
0.0278779
0.0279279
0.0279755
0.0280187
0.0280561
0.0280861
0.0281077
0.0281202
0.028123
0.028116
0.0280994
0.0280739
0.0280402
0.0279996
0.0279538
0.0279045
0.0278536
0.027803
0.0277548
0.0277108
0.0277091
0.0276823
0.0276629
0.0276514
0.0276484
0.0276539
0.0276678
0.0276894
0.0277178
0.0277519
0.0277903
0.0278317
0.0278744
0.0279168
0.0279572
0.0279941
0.0280262
0.0280523
0.0280714
0.0280829
0.0280863
0.0280814
0.0280684
0.0280477
0.0280201
0.0279865
0.0279482
0.0279068
0.0278638
0.0278209
0.0277798
0.027742
0.0277196
0.0276976
0.0276823
0.0276744
0.0276741
0.0276815
0.0276961
0.0277175
0.0277446
0.0277765
0.0278119
0.0278495
0.0278877
0.0279252
0.0279604
0.0279922
0.0280192
0.0280406
0.0280555
0.0280635
0.0280641
0.0280574
0.0280436
0.0280232
0.0279967
0.0279653
0.0279301
0.0278925
0.027854
0.0278159
0.0277799
0.0277474
0.0277042
0.0276895
0.0276817
0.0276813
0.0276882
0.0277022
0.0277227
0.0277489
0.0277797
0.027814
0.0278503
0.0278872
0.0279235
0.0279577
0.0279884
0.0280146
0.0280352
0.0280495
0.0280571
0.0280575
0.0280509
0.0280374
0.0280176
0.0279921
0.0279619
0.027928
0.0278918
0.0278547
0.0278182
0.0277836
0.0277522
0.0277255
0.0276866
0.0276818
0.0276845
0.0276942
0.0277108
0.0277335
0.0277616
0.0277938
0.027829
0.0278656
0.0279024
0.0279379
0.0279707
0.0279996
0.0280235
0.0280414
0.0280527
0.028057
0.0280543
0.0280445
0.028028
0.0280056
0.027978
0.0279463
0.0279116
0.0278753
0.0278386
0.0278031
0.0277701
0.027741
0.0277167
0.0276983
0.0276747
0.0276792
0.0276912
0.0277101
0.0277351
0.0277654
0.0277997
0.0278368
0.0278751
0.0279132
0.0279495
0.0279827
0.0280115
0.0280347
0.0280516
0.0280614
0.0280638
0.0280588
0.0280466
0.0280276
0.0280027
0.0279727
0.0279388
0.0279023
0.0278646
0.0278269
0.0277908
0.0277576
0.0277287
0.0277052
0.0276879
0.0276776
0.0276575
0.0276665
0.0276834
0.0277075
0.0277378
0.0277731
0.0278122
0.0278536
0.0278954
0.0279362
0.0279743
0.0280083
0.0280369
0.0280589
0.0280736
0.0280804
0.028079
0.0280696
0.0280526
0.0280286
0.0279985
0.0279635
0.027925
0.0278843
0.027843
0.0278025
0.0277645
0.0277304
0.0277016
0.0276792
0.027664
0.0276567
0.0276214
0.0276315
0.0276507
0.0276782
0.027713
0.0277536
0.0277987
0.0278463
0.0278947
0.0279419
0.0279861
0.0280258
0.0280593
0.0280854
0.0281031
0.0281116
0.0281108
0.0281007
0.0280817
0.0280545
0.02802
0.0279797
0.0279351
0.0278878
0.0278397
0.0277924
0.027748
0.027708
0.0276742
0.0276477
0.0276297
0.0276208
0.0275714
0.0275855
0.0276102
0.0276446
0.0276872
0.0277365
0.0277907
0.0278475
0.0279049
0.0279607
0.0280127
0.028059
0.0280979
0.0281279
0.0281477
0.0281565
0.0281541
0.0281406
0.0281164
0.0280824
0.0280398
0.0279904
0.0279361
0.0278789
0.027821
0.0277647
0.0277121
0.0276654
0.0276264
0.0275965
0.027577
0.0275685
0.0275216
0.027548
0.0275862
0.0276345
0.0276912
0.027754
0.0278208
0.0278889
0.0279558
0.028019
0.0280761
0.0281249
0.0281637
0.0281909
0.0282052
0.0282062
0.0281937
0.0281682
0.0281305
0.0280822
0.028025
0.0279612
0.0278933
0.0278241
0.0277561
0.027692
0.0276344
0.0275855
0.0275472
0.027521
0.0275078
0.027508
0.0274892
0.0275356
0.0275939
0.0276616
0.0277364
0.0278153
0.0278956
0.0279741
0.0280479
0.0281142
0.0281706
0.0282148
0.0282451
0.0282603
0.0282597
0.0282431
0.0282111
0.0281651
0.0281067
0.0280381
0.0279621
0.0278817
0.0278
0.0277203
0.0276456
0.0275789
0.0275227
0.0274792
0.0274501
0.0274364
0.0274386
0.0274564
0.0274867
0.0275548
0.0276337
0.0277204
0.0278116
0.027904
0.0279941
0.0280784
0.0281537
0.0282171
0.0282661
0.0282988
0.0283138
0.0283106
0.0282891
0.0282501
0.0281951
0.0281263
0.0280465
0.0279586
0.0278662
0.0277728
0.0276822
0.0275978
0.0275228
0.0274601
0.0274121
0.0273806
0.0273667
0.0273709
0.027393
0.0274321
0.0275304
0.0276125
0.0277033
0.0277994
0.0278971
0.0279926
0.0280825
0.028163
0.0282311
0.0282839
0.0283195
0.0283363
0.0283337
0.0283117
0.0282713
0.0282141
0.0281423
0.0280589
0.0279671
0.0278705
0.0277728
0.0276778
0.0275891
0.02751
0.0274436
0.0273921
0.0273576
0.0273413
0.0273439
0.0273652
0.0274044
0.0274602
0.0276174
0.0276984
0.0277853
0.0278747
0.0279631
0.0280472
0.0281235
0.0281892
0.0282414
0.0282782
0.0282979
0.0283
0.0282842
0.0282514
0.0282029
0.0281406
0.0280671
0.0279853
0.0278984
0.0278097
0.0277225
0.0276402
0.0275658
0.0275021
0.0274514
0.0274156
0.0273959
0.0273932
0.0274075
0.0274385
0.027485
0.0275454
0.027711
0.0277759
0.0278442
0.0279131
0.0279801
0.0280423
0.0280975
0.0281433
0.028178
0.0282001
0.0282089
0.0282039
0.0281854
0.0281544
0.028112
0.0280599
0.0280004
0.0279356
0.0278681
0.0278003
0.0277349
0.0276742
0.0276206
0.0275759
0.0275419
0.0275198
0.0275104
0.0275141
0.027531
0.0275603
0.0276011
0.027652
0.0277635
0.0278067
0.0278525
0.0278989
0.0279441
0.0279864
0.028024
0.0280556
0.0280798
0.0280957
0.0281028
0.0281006
0.0280896
0.02807
0.0280428
0.0280091
0.0279702
0.0279275
0.0278827
0.0278374
0.0277933
0.0277521
0.0277153
0.0276842
0.0276601
0.0276437
0.0276358
0.0276368
0.0276465
0.0276649
0.0276912
0.0277245
0.0277581
0.0277837
0.0278128
0.0278442
0.0278767
0.027909
0.0279397
0.0279678
0.0279921
0.0280117
0.0280257
0.0280338
0.0280357
0.0280314
0.0280211
0.0280052
0.0279844
0.0279594
0.0279312
0.0279007
0.0278691
0.0278377
0.0278074
0.0277796
0.0277552
0.0277352
0.0277203
0.0277111
0.0277081
0.0277116
0.0277213
0.027737
0.027718
0.0277308
0.027749
0.0277719
0.0277987
0.0278282
0.0278593
0.0278908
0.0279214
0.0279501
0.0279757
0.0279972
0.0280139
0.0280253
0.0280309
0.0280305
0.0280242
0.0280121
0.0279947
0.0279725
0.0279465
0.0279175
0.0278868
0.0278553
0.0278244
0.0277952
0.0277688
0.0277463
0.0277287
0.0277167
0.0277108
0.0277112
0.0276886
0.0276891
0.0276965
0.0277105
0.0277305
0.0277558
0.0277853
0.0278181
0.0278527
0.027888
0.0279226
0.0279552
0.0279846
0.0280097
0.0280297
0.0280436
0.0280511
0.0280516
0.0280451
0.0280318
0.0280121
0.027987
0.0279572
0.027924
0.0278887
0.0278526
0.0278171
0.0277837
0.0277537
0.0277283
0.0277086
0.0276952
0.0277029
0.0276912
0.0276862
0.0276882
0.0276969
0.0277121
0.0277332
0.0277594
0.0277897
0.027823
0.0278582
0.0278939
0.0279288
0.0279616
0.0279911
0.0280162
0.0280357
0.0280489
0.0280551
0.028054
0.0280457
0.0280304
0.0280088
0.0279817
0.0279501
0.0279155
0.027879
0.0278423
0.0278068
0.0277739
0.027745
0.027721
0.0277583
0.0277368
0.0277205
0.0277097
0.027705
0.0277063
0.0277138
0.0277271
0.0277458
0.0277692
0.0277964
0.0278266
0.0278587
0.0278914
0.0279236
0.027954
0.0279814
0.0280045
0.0280225
0.0280344
0.0280399
0.0280387
0.0280308
0.0280165
0.0279964
0.0279715
0.0279426
0.027911
0.0278781
0.0278451
0.0278133
0.027784
0.0278143
0.0277867
0.0277624
0.0277423
0.0277269
0.0277169
0.0277127
0.0277144
0.027722
0.0277351
0.0277535
0.0277764
0.0278031
0.0278326
0.0278639
0.0278957
0.0279268
0.0279559
0.0279818
0.0280033
0.0280197
0.0280302
0.0280344
0.0280321
0.0280235
0.0280089
0.027989
0.0279646
0.0279367
0.0279065
0.0278752
0.0278441
0.0278056
0.0277755
0.0277491
0.0277275
0.0277113
0.0277011
0.0276973
0.0277
0.0277091
0.0277242
0.0277448
0.0277702
0.0277995
0.0278318
0.0278658
0.0279002
0.0279338
0.0279651
0.0279929
0.0280161
0.0280336
0.0280448
0.0280491
0.0280464
0.0280368
0.0280205
0.0279984
0.0279713
0.0279404
0.0279071
0.0278726
0.0278383
0.0277115
0.027682
0.0276597
0.0276454
0.0276396
0.0276424
0.0276536
0.0276728
0.0276992
0.0277318
0.0277693
0.0278104
0.0278537
0.0278977
0.0279407
0.0279811
0.0280175
0.0280482
0.0280722
0.0280883
0.0280959
0.0280945
0.0280842
0.0280653
0.0280385
0.0280048
0.0279656
0.0279224
0.0278771
0.0278316
0.0277877
0.0277471
0.0275898
0.0275617
0.0275451
0.0275404
0.0275479
0.0275671
0.0275973
0.0276373
0.0276855
0.0277402
0.0277993
0.0278606
0.0279219
0.027981
0.0280356
0.0280837
0.0281234
0.028153
0.0281713
0.0281776
0.0281715
0.0281532
0.0281233
0.028083
0.0280338
0.0279777
0.0279168
0.0278536
0.0277908
0.0277307
0.0276758
0.0276283
0.0275247
0.027495
0.0274789
0.0274769
0.0274891
0.0275149
0.0275536
0.0276035
0.0276628
0.0277294
0.0278008
0.0278743
0.0279472
0.0280168
0.0280804
0.0281354
0.0281797
0.0282114
0.0282291
0.0282322
0.0282203
0.0281941
0.0281545
0.0281031
0.0280419
0.0279734
0.0279003
0.0278256
0.0277521
0.0276828
0.0276203
0.027567
0.0275468
0.0275112
0.0274885
0.0274795
0.0274845
0.0275033
0.0275353
0.0275793
0.0276337
0.0276966
0.0277656
0.0278382
0.0279117
0.0279833
0.0280504
0.0281101
0.0281601
0.0281982
0.0282228
0.028233
0.0282281
0.0282085
0.0281749
0.0281288
0.0280719
0.0280067
0.0279357
0.0278618
0.0277878
0.0277168
0.0276515
0.0275941
0.0276101
0.0275683
0.0275375
0.0275186
0.0275124
0.0275191
0.0275384
0.0275698
0.0276119
0.0276634
0.0277225
0.0277869
0.0278542
0.0279221
0.027988
0.0280491
0.0281029
0.0281474
0.0281805
0.0282009
0.0282077
0.0282007
0.0281801
0.0281468
0.0281022
0.0280481
0.0279867
0.0279206
0.0278523
0.0277847
0.0277202
0.0276613
0.02767
0.0276272
0.0275933
0.0275695
0.0275566
0.027555
0.0275649
0.0275859
0.0276172
0.0276578
0.0277062
0.0277607
0.0278193
0.0278799
0.0279402
0.0279977
0.0280502
0.0280955
0.0281317
0.0281573
0.0281712
0.0281728
0.0281622
0.0281396
0.0281061
0.0280631
0.0280123
0.0279558
0.027896
0.0278352
0.0277759
0.0277201
0.0277293
0.0276907
0.0276589
0.0276348
0.0276193
0.027613
0.0276161
0.0276286
0.0276499
0.0276795
0.0277161
0.0277587
0.0278055
0.027855
0.0279053
0.0279543
0.0280002
0.0280409
0.0280749
0.0281006
0.0281171
0.0281236
0.0281199
0.0281062
0.028083
0.0280513
0.0280124
0.0279681
0.02792
0.0278702
0.0278206
0.0277731
0.0278032
0.0277684
0.0277373
0.0277112
0.027691
0.0276774
0.0276709
0.0276719
0.0276802
0.0276957
0.0277179
0.0277459
0.0277789
0.0278157
0.0278549
0.0278948
0.027934
0.0279708
0.0280036
0.0280311
0.0280522
0.0280661
0.0280721
0.0280701
0.0280602
0.0280429
0.0280188
0.0279891
0.027955
0.027918
0.0278794
0.0278406
0.0278742
0.0278381
0.0278032
0.0277707
0.0277419
0.0277178
0.0276994
0.0276874
0.0276823
0.0276842
0.0276933
0.0277093
0.0277316
0.0277595
0.0277918
0.0278274
0.0278648
0.0279024
0.0279388
0.0279724
0.028002
0.0280263
0.0280444
0.0280556
0.0280595
0.028056
0.0280453
0.028028
0.0280048
0.0279767
0.0279448
0.0279102
0.0279053
0.0278665
0.0278278
0.0277907
0.0277564
0.0277264
0.0277017
0.0276834
0.0276721
0.0276683
0.0276723
0.0276838
0.0277026
0.027728
0.0277591
0.0277945
0.0278329
0.0278728
0.0279126
0.0279506
0.0279855
0.0280157
0.0280402
0.028058
0.0280685
0.0280712
0.0280661
0.0280535
0.0280339
0.0280083
0.0279775
0.0279428
0.0278854
0.0278461
0.0278076
0.0277715
0.0277391
0.0277116
0.02769
0.0276752
0.0276678
0.027668
0.0276759
0.0276913
0.0277137
0.0277422
0.0277757
0.027813
0.0278526
0.0278929
0.0279323
0.0279693
0.0280023
0.0280302
0.0280518
0.0280662
0.0280729
0.0280718
0.0280628
0.0280463
0.0280233
0.0279944
0.027961
0.0279242
0.0278379
0.0278022
0.0277691
0.0277398
0.0277155
0.027697
0.027685
0.02768
0.0276822
0.0276915
0.0277077
0.0277301
0.0277581
0.0277905
0.0278262
0.0278638
0.0279017
0.0279385
0.0279727
0.028003
0.028028
0.0280469
0.0280588
0.0280634
0.0280603
0.0280499
0.0280325
0.0280089
0.0279802
0.0279474
0.0279119
0.0278749
0.0277839
0.0277575
0.0277355
0.0277186
0.0277074
0.0277024
0.0277038
0.0277114
0.0277251
0.0277443
0.0277684
0.0277966
0.0278279
0.027861
0.0278948
0.0279278
0.0279588
0.0279865
0.0280098
0.0280277
0.0280394
0.0280445
0.0280429
0.0280344
0.0280196
0.0279991
0.0279736
0.0279443
0.0279124
0.0278792
0.0278459
0.0278137
0.0277334
0.027721
0.0277144
0.0277138
0.0277191
0.0277301
0.0277465
0.0277676
0.0277926
0.0278207
0.0278509
0.027882
0.027913
0.0279427
0.0279699
0.0279935
0.0280125
0.0280262
0.0280339
0.0280353
0.0280303
0.028019
0.028002
0.0279799
0.0279536
0.0279242
0.0278928
0.0278608
0.0278295
0.0278
0.0277736
0.0277511
0.0277118
0.0277095
0.0277135
0.0277236
0.0277394
0.0277602
0.0277853
0.0278138
0.0278445
0.0278763
0.0279082
0.0279388
0.0279671
0.0279921
0.0280127
0.0280281
0.0280376
0.0280409
0.0280377
0.0280281
0.0280125
0.0279915
0.0279659
0.0279366
0.0279049
0.027872
0.0278392
0.0278079
0.0277794
0.0277547
0.0277347
0.0277202
0.027758
0.0277501
0.0277471
0.0277491
0.027756
0.0277675
0.0277832
0.0278024
0.0278245
0.0278486
0.0278738
0.0278992
0.027924
0.0279472
0.0279679
0.0279853
0.0279988
0.0280076
0.0280115
0.0280102
0.0280038
0.0279924
0.0279766
0.0279569
0.0279341
0.027909
0.0278828
0.0278565
0.0278311
0.0278078
0.0277874
0.0277705
0.0278902
0.0278645
0.0278397
0.0278167
0.0277962
0.0277791
0.0277659
0.0277571
0.0277531
0.027754
0.0277597
0.0277701
0.0277848
0.0278034
0.0278252
0.0278493
0.0278749
0.0279008
0.0279263
0.0279501
0.0279714
0.0279893
0.0280031
0.0280122
0.0280163
0.0280151
0.0280087
0.0279974
0.0279817
0.0279623
0.02794
0.0279156
0.0280649
0.0280387
0.0280064
0.0279694
0.0279295
0.0278881
0.0278469
0.0278074
0.027771
0.0277389
0.0277122
0.0276918
0.0276783
0.0276721
0.0276735
0.0276824
0.0276986
0.0277216
0.0277507
0.027785
0.0278233
0.0278642
0.0279062
0.0279476
0.0279867
0.0280219
0.0280516
0.0280745
0.0280898
0.0280965
0.0280945
0.0280838
0.0281984
0.0282132
0.0282134
0.0281997
0.0281732
0.0281354
0.0280884
0.0280343
0.0279751
0.027913
0.0278498
0.0277876
0.0277282
0.0276733
0.0276246
0.0275838
0.0275524
0.0275317
0.0275229
0.0275268
0.0275437
0.0275736
0.0276156
0.0276685
0.0277302
0.0277982
0.0278697
0.0279416
0.0280105
0.0280732
0.028127
0.0281693
0.0281609
0.0282624
0.0283443
0.0284036
0.0284385
0.0284484
0.0284336
0.0283953
0.0283353
0.0282563
0.0281611
0.0280532
0.0279362
0.027814
0.0276907
0.0275705
0.0274576
0.0273562
0.0272703
0.0272034
0.0271585
0.0271378
0.0271427
0.0271735
0.0272294
0.0273084
0.0274076
0.0275229
0.0276498
0.0277827
0.0279159
0.0280438
0.0281487
0.0282781
0.0283896
0.0284788
0.0285424
0.0285783
0.0285857
0.0285652
0.0285181
0.0284467
0.0283542
0.028244
0.0281202
0.0279871
0.0278493
0.0277113
0.0275779
0.0274539
0.0273437
0.0272516
0.0271813
0.027136
0.0271179
0.0271282
0.0271669
0.0272331
0.0273243
0.0274373
0.0275676
0.02771
0.0278585
0.0280069
0.0277166
0.0279938
0.0282515
0.0284793
0.0286688
0.0288131
0.0289075
0.0289492
0.0289376
0.0288737
0.0287604
0.0286021
0.0284045
0.0281747
0.0279207
0.0276515
0.0273765
0.0271061
0.0268503
0.0266191
0.0264219
0.0262665
0.0261594
0.0261053
0.0261067
0.0261639
0.0262751
0.0264363
0.0266413
0.0268821
0.027149
0.0274311
0.0276144
0.0279089
0.0281922
0.0284523
0.028678
0.0288589
0.0289867
0.0290552
0.0290611
0.0290043
0.0288875
0.0287167
0.0284999
0.0282474
0.0279704
0.0276803
0.0273883
0.0271052
0.0268412
0.0266053
0.0264052
0.0262473
0.0261367
0.0260767
0.0260693
0.0261148
0.026212
0.026358
0.0265485
0.0267776
0.0270379
0.0273203
)
;
    }
    wall
    {
        type            calculated;
        value           uniform 0;
    }
}


// ************************************************************************* //
