/*--------------------------------*- C++ -*----------------------------------*\
| =========                 |                                                 |
| \\      /  F ield         | OpenFOAM: The Open Source CFD Toolbox           |
|  \\    /   O peration     | Version:  2512                                  |
|   \\  /    A nd           | Website:  www.openfoam.com                      |
|    \\/     M anipulation  |                                                 |
\*---------------------------------------------------------------------------*/
FoamFile
{
    version     2.0;
    format      ascii;
    arch        "LSB;label=32;scalar=64";
    class       surfaceVectorField;
    location    "3";
    object      Uf;
}
// * * * * * * * * * * * * * * * * * * * * * * * * * * * * * * * * * * * * * //

dimensions      [0 1 -1 0 0 0 0];

internalField   nonuniform List<vector> 
17216
(
(1.0358055e-07 -7.7411273e-08 0.00016413731)
(8.1122592e-09 3.9166437e-09 0.00010501681)
(-1.807417e-07 1.5098588e-07 0.00010226281)
(3.6387819e-09 -7.4301204e-09 0.00010502477)
(7.4421831e-07 -5.9817771e-07 0.00024582094)
(-1.309564e-07 1.1248917e-07 0.00022523024)
(2.6536178e-07 -2.060753e-07 0.00021996068)
(-1.3340144e-07 1.284689e-07 0.00022524307)
(1.5588159e-06 -1.0127334e-06 0.00026709194)
(1.1597051e-06 -9.3689464e-07 0.00026092906)
(1.3231908e-06 -1.3281778e-06 0.0002671042)
(1.4171091e-06 -1.1489526e-06 0.00025186391)
(1.2010066e-07 -4.5435513e-08 0.00016415423)
(4.1912313e-10 7.8358496e-09 0.00010502997)
(-2.1128231e-07 1.2372008e-07 0.00010228054)
(8.5974791e-07 -4.2246064e-07 0.00024585853)
(-1.3507776e-07 8.1917312e-08 0.00022527052)
(3.1234658e-07 -1.3670568e-07 0.00022000926)
(1.7117951e-06 -6.5458217e-07 0.00026714974)
(1.3210954e-06 -6.6198679e-07 0.00026099174)
(1.6266079e-06 -8.253373e-07 0.00025191056)
(1.1910495e-07 -1.4166976e-08 0.00016418554)
(-5.960108e-09 5.2077337e-09 0.0001050467)
(-2.4413353e-07 8.6280825e-08 0.00010231306)
(9.2106903e-07 -2.2702866e-07 0.0002459184)
(-1.6299293e-07 4.7216611e-08 0.00022531267)
(3.2477556e-07 -6.9337005e-08 0.00022008254)
(1.8089935e-06 -3.0866654e-07 0.00026721464)
(1.4172785e-06 -3.7412949e-07 0.00026108376)
(1.7601147e-06 -4.6514145e-07 0.00025197961)
(1.0936253e-07 6.1353209e-10 0.00016421081)
(-6.5948847e-09 6.8386832e-10 0.00010505569)
(-2.6434584e-07 3.243254e-08 0.00010233801)
(9.3374739e-07 -6.3623354e-08 0.00024596493)
(-1.8400739e-07 8.8976844e-10 0.0002253329)
(3.0990692e-07 -1.7563879e-08 0.00022013265)
(1.848545e-06 1.1887905e-09 0.00026724695)
(1.470125e-06 -1.1642313e-07 0.00026114923)
(1.8190127e-06 -1.407199e-07 0.00025203284)
(1.0935196e-07 8.819903e-10 0.00016421465)
(-6.1002083e-09 -4.0260571e-09 0.00010505238)
(-2.6444045e-07 -3.1015373e-08 0.0001023402)
(9.3359714e-07 6.5582184e-08 0.00024597063)
(-1.6322137e-07 -4.5128181e-08 0.00022532508)
(3.0981233e-07 1.9115255e-08 0.00022013756)
(1.808754e-06 3.1088982e-07 0.00026722927)
(1.4699847e-06 1.1817239e-07 0.00026115507)
(1.8189849e-06 1.4252645e-07 0.00025203837)
(1.1883539e-07 1.5767605e-08 0.00016419968)
(3.2577151e-10 -7.1569411e-09 0.00010504407)
(-2.4445228e-07 -8.5203451e-08 0.0001023214)
(9.2050135e-07 2.2917177e-07 0.0002459397)
(-1.354964e-07 -7.9565633e-08 0.00022530206)
(3.2436175e-07 7.1029187e-08 0.00022010132)
(1.7112659e-06 6.5604299e-07 0.00026718727)
(1.4168813e-06 3.7561219e-07 0.00026110639)
(1.7597444e-06 4.6736686e-07 0.00025200069)
(1.1970013e-07 4.6506075e-08 0.00016418557)
(8.0805116e-09 -3.1694108e-09 0.00010503874)
(-2.1156424e-07 -1.2304501e-07 0.00010229931)
(8.5933989e-07 4.2394426e-07 0.00024590621)
(-1.3204874e-07 -1.1070348e-07 0.00022528121)
(3.1166734e-07 1.384288e-07 0.00022005177)
(1.5581488e-06 1.0144563e-06 0.00026715353)
(1.3203425e-06 6.6266241e-07 0.00026104342)
(1.6261334e-06 8.2673753e-07 0.0002519591)
(1.0265086e-07 7.7974135e-08 0.00016417864)
(-1.8007217e-07 -1.5120443e-07 0.00010228745)
(4.1887225e-09 6.9286794e-09 0.00010503712)
(7.4347669e-07 5.9989518e-07 0.00024588567)
(2.6546136e-07 2.05985e-07 0.00022001917)
(-1.3331263e-07 -1.2865805e-07 0.00022527261)
(1.1606224e-06 9.3694703e-07 0.00026100217)
(1.3226165e-06 1.3290643e-06 0.00026714055)
(1.4163358e-06 1.15087e-06 0.00025193231)
(2.1473413e-08 -1.103304e-08 0.00015691497)
(-3.9650938e-07 2.7650883e-07 0.00010027524)
(-2.8158682e-07 2.3626034e-07 9.9069753e-05)
(-3.4052807e-07 3.3373538e-07 0.00010027733)
(7.7220899e-07 -6.1982385e-07 0.00023550753)
(7.1199153e-07 -4.5065111e-07 0.00021593568)
(6.4007713e-07 -5.0839273e-07 0.00021331343)
(5.9912777e-07 -6.0538957e-07 0.0002159422)
(9.22171e-07 -5.7970813e-07 0.0002558438)
(1.2360099e-06 -9.9115986e-07 0.00025288728)
(7.6732352e-07 -7.7104684e-07 0.00025585217)
(1.6087697e-06 -1.3029158e-06 0.00024098996)
(1.7295771e-08 1.2664071e-08 0.00015694685)
(-4.5592317e-07 2.0239403e-07 0.0001002984)
(-3.3084799e-07 1.9520539e-07 9.9088579e-05)
(8.8171545e-07 -4.3420242e-07 0.00023555934)
(7.7204756e-07 -2.8883784e-07 0.00021598883)
(7.2714848e-07 -3.4446089e-07 0.00021335943)
(1.023294e-06 -3.8079344e-07 0.00025591035)
(1.4216917e-06 -7.0395623e-07 0.00025294765)
(1.8437024e-06 -9.4376805e-07 0.00024104502)
(-4.3675288e-09 2.0442463e-08 0.00015699053)
(-5.0375329e-07 1.0817375e-07 0.00010031842)
(-3.8398169e-07 1.3320769e-07 9.9114935e-05)
(9.3833656e-07 -2.5250234e-07 0.00023562605)
(7.970453e-07 -1.3851093e-07 0.00021603722)
(7.6398342e-07 -1.9079764e-07 0.00021342208)
(1.0739113e-06 -1.8770688e-07 0.00025596499)
(1.5316564e-06 -4.1443222e-07 0.00025302488)
(1.9924667e-06 -5.6924045e-07 0.00024111166)
(-2.1639565e-08 9.9741307e-09 0.00015701386)
(-5.2236068e-07 8.2033328e-10 0.00010032592)
(-4.1865273e-07 4.8353864e-08 9.9128848e-05)
(9.6132672e-07 -8.1969258e-08 0.00023566135)
(8.0400035e-07 7.9628834e-10 0.00021605724)
(7.7541969e-07 -5.9473314e-08 0.00021345955)
(1.0882762e-06 6.8372118e-10 0.00025598569)
(1.579249e-06 -1.3560655e-07 0.00025306809)
(2.064274e-06 -1.8994875e-07 0.00024114387)
(-2.1786692e-08 -8.5001409e-09 0.00015701709)
(-5.0407456e-07 -1.0661968e-07 0.00010032328)
(-4.1882127e-07 -4.654553e-08 9.9130861e-05)
(9.6116414e-07 8.3299166e-08 0.00023566639)
(7.9669542e-07 1.400157e-07 0.00021604854)
(7.7526707e-07 6.0966932e-08 0.00021346417)
(1.0735563e-06 1.8899916e-07 0.00025597876)
(1.5790874e-06 1.3691445e-07 0.00025307369)
(2.0641724e-06 1.9071224e-07 0.00024114902)
(-4.8299301e-09 -1.9284362e-08 0.00015700338)
(-4.5643642e-07 -2.0130704e-07 0.00010031151)
(-3.8444217e-07 -1.317386e-07 9.9122785e-05)
(9.3788684e-07 2.5347283e-07 0.00023564607)
(7.7140452e-07 2.8982292e-07 0.00021601864)
(7.6355447e-07 1.9196702e-07 0.00021344004)
(1.0227006e-06 3.8142356e-07 0.00025594714)
(1.5312249e-06 4.1537896e-07 0.00025304661)
(1.9922888e-06 5.6957188e-07 0.00024113214)
(1.6453067e-08 -1.1508443e-08 0.00015697685)
(-3.9684327e-07 -2.7567314e-07 0.00010029661)
(-3.3148841e-07 -1.9400421e-07 9.9106919e-05)
(8.8072059e-07 4.3514905e-07 0.00023560582)
(7.1162093e-07 4.5182141e-07 0.00021598543)
(7.2628817e-07 3.4561546e-07 0.00021340026)
(9.2218017e-07 5.7994543e-07 0.00025590682)
(1.420846e-06 7.0478644e-07 0.00025299756)
(1.8432755e-06 9.4408967e-07 0.0002410938)
(2.2711879e-08 9.7708682e-09 0.00015695606)
(-2.8084791e-07 -2.3703166e-07 9.9093861e-05)
(-3.3815056e-07 -3.3613549e-07 0.00010028991)
(7.7420331e-07 6.1826159e-07 0.00023557362)
(6.4097164e-07 5.0799115e-07 0.00021337013)
(6.0123619e-07 6.0328841e-07 0.00021597105)
(1.2369509e-06 9.9012674e-07 0.00025295882)
(7.6960784e-07 7.6854013e-07 0.00025588822)
(1.6109183e-06 1.3008425e-06 0.00024106188)
(1.4195734e-07 -1.0127998e-07 0.00015232546)
(-2.1287631e-07 1.5902338e-07 9.7292511e-05)
(-2.1815665e-07 1.8665882e-07 9.480099e-05)
(-1.8451834e-07 1.7713581e-07 9.7293766e-05)
(1.0990808e-06 -8.7589561e-07 0.00022915457)
(6.599383e-07 -3.9700975e-07 0.00020986814)
(5.5472281e-07 -4.3147914e-07 0.00020477669)
(5.4273627e-07 -5.5138788e-07 0.00020986963)
(1.7412431e-06 -1.1113452e-06 0.00024925109)
(1.5451342e-06 -1.2382151e-06 0.00024337621)
(1.4560994e-06 -1.4630477e-06 0.00024925154)
(2.0902909e-06 -1.6858942e-06 0.00023461848)
(1.5711066e-07 -4.3885275e-08 0.00015236269)
(-2.5712121e-07 1.2961373e-07 9.7319009e-05)
(-2.6151442e-07 1.595637e-07 9.4820239e-05)
(1.2609834e-06 -6.1112255e-07 0.00022921543)
(7.2208243e-07 -2.4184691e-07 0.00020993242)
(6.3300071e-07 -2.8511835e-07 0.00020482731)
(1.9343084e-06 -7.3381383e-07 0.00024933206)
(1.7728174e-06 -8.8320131e-07 0.00024344285)
(2.4002205e-06 -1.2159589e-06 0.00023468304)
(1.4418236e-07 -5.7050568e-09 0.00015241472)
(-2.9814526e-07 7.5706409e-08 9.7344733e-05)
(-3.1128138e-07 1.1353701e-07 9.4848407e-05)
(1.3501285e-06 -3.5069497e-07 0.00022929811)
(7.4389346e-07 -1.0921793e-07 0.00020999307)
(6.6371866e-07 -1.5185515e-07 0.0002048969)
(2.0399196e-06 -3.6032058e-07 0.00024940843)
(1.9112503e-06 -5.2020349e-07 0.0002435323)
(2.5979504e-06 -7.257889e-07 0.00023476794)
(1.2821068e-07 3.3346103e-09 0.00015244665)
(-3.1484615e-07 1.1121274e-09 9.7355686e-05)
(-3.4446492e-07 4.2437713e-08 9.4865849e-05)
(1.3861703e-06 -1.1244917e-07 0.00022935079)
(7.4769206e-07 8.5378306e-10 0.00021001878)
(6.6948491e-07 -4.5610647e-08 0.00020494081)
(2.0725353e-06 7.5817234e-10 0.0002494411)
(1.9733746e-06 -1.701209e-07 0.00024358973)
(2.691369e-06 -2.3993346e-07 0.00023482219)
(1.2803499e-07 -1.4996824e-09 0.00015244988)
(-2.985191e-07 -7.3650252e-08 9.7349503e-05)
(-3.4467096e-07 -4.0171328e-08 9.4867721e-05)
(1.3860176e-06 1.1392422e-07 0.0002293558)
(7.4357355e-07 1.1082204e-07 0.00021000401)
(6.6932269e-07 4.7396842e-08 0.00020494524)
(2.0395944e-06 3.6172404e-07 0.00024942167)
(1.9732134e-06 1.7174471e-07 0.0002435951)
(2.6912854e-06 2.4064428e-07 0.00023482727)
(1.4372903e-07 7.184408e-09 0.0001524271)
(-2.5771934e-07 -1.2800426e-07 9.733158e-05)
(-3.1181207e-07 -1.1161948e-07 9.4855684e-05)
(1.3497089e-06 3.5184218e-07 0.00022931724)
(7.2142039e-07 2.4322627e-07 0.00020996065)
(6.6327771e-07 1.533734e-07 0.0002049138)
(1.9336207e-06 7.3497354e-07 0.00024936615)
(1.9108003e-06 5.2155958e-07 0.00024355278)
(2.5977519e-06 7.2623806e-07 0.00023478737)
(1.5643226e-07 4.507414e-08 0.00015239113)
(-2.1348593e-07 -1.5786867e-07 9.7312959e-05)
(-2.6215733e-07 -1.580763e-07 9.4837254e-05)
(1.2602005e-06 6.1212846e-07 0.00022925854)
(6.5903934e-07 3.9854522e-07 0.00020991499)
(6.3225941e-07 2.8649358e-07 0.00020486548)
(1.7401554e-06 1.1126637e-06 0.00024930854)
(1.7720401e-06 8.8441207e-07 0.00024348895)
(2.3997913e-06 1.2163599e-06 0.00023472723)
(1.4212624e-07 1.011781e-07 0.00015236441)
(-2.1857203e-07 -1.8601009e-07 9.4823847e-05)
(-1.8272951e-07 -1.7885506e-07 9.7305085e-05)
(1.0989117e-06 8.7602979e-07 0.00022921559)
(5.5420648e-07 4.3256114e-07 0.00020483035)
(5.4433913e-07 5.4995161e-07 0.00020989548)
(1.5442966e-06 1.2393767e-06 0.00024344279)
(1.4569224e-06 1.4622903e-06 0.00024928406)
(2.0901005e-06 1.6861503e-06 0.00023468346)
(6.4422278e-08 -3.7074235e-08 0.00014540585)
(-2.6551851e-07 1.894253e-07 9.2837705e-05)
(-2.3467049e-07 2.0048334e-07 9.1221054e-05)
(-2.2411321e-07 2.2435305e-07 9.2840551e-05)
(9.4905138e-07 -7.5146756e-07 0.00021894109)
(5.2890135e-07 -3.1633151e-07 0.00020045076)
(4.9591178e-07 -3.8262944e-07 0.00019684472)
(4.3992547e-07 -4.3730233e-07 0.00020045431)
(1.5771991e-06 -1.0070622e-06 0.00023821995)
(1.4602103e-06 -1.167165e-06 0.00023388609)
(1.3250671e-06 -1.3208128e-06 0.00023822161)
(1.9501259e-06 -1.569922e-06 0.00022414874)
(6.4637015e-08 -2.4088718e-09 0.0001454363)
(-3.1467107e-07 1.4636725e-07 9.2859082e-05)
(-2.8122267e-07 1.670333e-07 9.1238776e-05)
(1.085017e-06 -5.2544605e-07 0.00021899623)
(5.7528434e-07 -1.912616e-07 0.00020050746)
(5.6349242e-07 -2.5226935e-07 0.0001968934)
(1.7498057e-06 -6.6617542e-07 0.00023829557)
(1.6732501e-06 -8.3310232e-07 0.00023395145)
(2.2360998e-06 -1.1355687e-06 0.00022420828)
(4.4015842e-08 1.6502219e-08 0.00014547959)
(-3.5737176e-07 8.2319525e-08 9.287964e-05)
(-3.3201811e-07 1.164917e-07 9.1265045e-05)
(1.1590516e-06 -3.016087e-07 0.00021907154)
(5.8893921e-07 -8.55921e-08 0.0002005614)
(5.882135e-07 -1.3359235e-07 0.00019696083)
(1.8438736e-06 -3.2769766e-07 0.00023836699)
(1.8024812e-06 -4.9091863e-07 0.0002340398)
(2.4197836e-06 -6.7970861e-07 0.00022428687)
(2.4631517e-08 1.0175475e-08 0.00014550623)
(-3.7446495e-07 1.2750735e-09 9.2888359e-05)
(-3.6568988e-07 4.3113259e-08 9.1281232e-05)
(1.1878039e-06 -9.6576336e-08 0.00021911977)
(5.9023293e-07 1.0845461e-09 0.0002005846)
(5.9113225e-07 -3.9797017e-08 0.00019700398)
(1.8727862e-06 1.0012574e-09 0.00023839763)
(1.860043e-06 -1.6055286e-07 0.0002340968)
(2.5069216e-06 -2.2509868e-07 0.00022433702)
(2.4430109e-08 -7.9476809e-09 0.00014550932)
(-3.5778564e-07 -7.9935693e-08 9.2884139e-05)
(-3.6591755e-07 -4.0629208e-08 9.1283016e-05)
(1.1876349e-06 9.8514741e-08 0.00021912461)
(5.8858753e-07 8.7635601e-08 0.00020057196)
(5.9093249e-07 4.1967003e-08 0.00019700828)
(1.8435251e-06 3.2958745e-07 0.00023837976)
(1.85986e-06 1.6245028e-07 0.00023410202)
(2.506826e-06 2.2621111e-07 0.00022434197)
(4.3478518e-08 -1.4541827e-08 0.00014549146)
(-3.1532784e-07 -1.4437617e-07 9.2871046e-05)
(-3.3262216e-07 -1.142573e-07 9.1272046e-05)
(1.1585657e-06 3.0333467e-07 0.00021908999)
(5.7466063e-07 1.9302503e-07 0.00020053466)
(5.8764879e-07 1.3557005e-07 0.00019697733)
(1.7491592e-06 6.6784005e-07 0.00023832845)
(1.8019464e-06 4.926721e-07 0.0002340598)
(2.4195091e-06 6.8071326e-07 0.00022430572)
(6.3878986e-08 4.0567034e-09 0.00014546361)
(-2.6630195e-07 -1.8794338e-07 9.2857321e-05)
(-2.8198682e-07 -1.6518339e-07 9.1255271e-05)
(1.0842935e-06 5.2703563e-07 0.00021903777)
(5.2812085e-07 3.1788457e-07 0.00020049606)
(5.6264701e-07 2.540574e-07 0.0001969307)
(1.5763123e-06 1.0086541e-06 0.00023827553)
(1.6724078e-06 8.3474972e-07 0.00023399673)
(2.2356246e-06 1.1365587e-06 0.00022425109)
(6.3255215e-08 3.8840424e-08 0.00014544356)
(-2.3571385e-07 -1.9897575e-07 9.1243043e-05)
(-2.2558157e-07 -2.2280917e-07 9.2851675e-05)
(9.4783139e-07 7.5354251e-07 0.00021900027)
(4.9476907e-07 3.8457592e-07 0.00019689713)
(4.3786851e-07 4.3948718e-07 0.00020048015)
(1.4588862e-06 1.169225e-06 0.00023395135)
(1.3227248e-06 1.3231899e-06 0.00023825365)
(1.9492989e-06 1.5715544e-06 0.00022421188)
(7.3370856e-08 -4.4148026e-08 0.00014005762)
(-2.4941364e-07 1.7945909e-07 8.94521e-05)
(-2.2766189e-07 1.9559891e-07 8.7609345e-05)
(-2.1102718e-07 2.1040946e-07 8.9454494e-05)
(9.4283577e-07 -7.4574589e-07 0.00021083377)
(5.318105e-07 -3.1703417e-07 0.00019304575)
(4.9517719e-07 -3.8094246e-07 0.00018905435)
(4.4148703e-07 -4.3982901e-07 0.00019304851)
(1.55739e-06 -9.9215141e-07 0.00022938263)
(1.4490416e-06 -1.1567793e-06 0.00022462729)
(1.307193e-06 -1.3036501e-06 0.00022938409)
(1.921667e-06 -1.5457687e-06 0.00021581334)
(7.4935803e-08 -7.3121986e-09 0.00014008895)
(-2.9748249e-07 1.3967889e-07 8.9473985e-05)
(-2.7355023e-07 1.638714e-07 8.7626517e-05)
(1.0777508e-06 -5.2063034e-07 0.00021088991)
(5.7789794e-07 -1.9165454e-07 0.00019310374)
(5.6252721e-07 -2.5034367e-07 0.00018910225)
(1.7272267e-06 -6.5563098e-07 0.0002294592)
(1.6606073e-06 -8.2456561e-07 0.00022469164)
(2.2033863e-06 -1.117163e-06 0.00021587386)
(5.475423e-08 1.3465924e-08 0.0001401334)
(-3.3996489e-07 7.8950714e-08 8.9495108e-05)
(-3.2442914e-07 1.1468745e-07 8.7651685e-05)
(1.1504613e-06 -2.9849515e-07 0.00021096651)
(5.910496e-07 -8.5781311e-08 0.00019315896)
(5.8656479e-07 -1.322193e-07 0.00018916817)
(1.8193153e-06 -3.2225791e-07 0.0002295316)
(1.7883825e-06 -4.853724e-07 0.00022477826)
(2.3837273e-06 -6.6820701e-07 0.0002159536)
(3.5364434e-08 9.1683298e-09 0.00014016101)
(-3.5710332e-07 1.292461e-09 8.9504012e-05)
(-3.583321e-07 4.2382808e-08 8.7667009e-05)
(1.1782884e-06 -9.547767e-08 0.00021101574)
(5.9206937e-07 1.1965329e-09 0.00019318261)
(5.8900548e-07 -3.9418432e-08 0.00018921028)
(1.8474736e-06 9.9850687e-10 0.00022956253)
(1.8451334e-06 -1.5875142e-07 0.00022483412)
(2.4689246e-06 -2.2119227e-07 0.00021600451)
(3.5124731e-08 -6.7360842e-09 0.00014016392)
(-3.4041883e-07 -7.6434503e-08 8.9499299e-05)
(-3.5852753e-07 -4.0349822e-08 8.7668557e-05)
(1.1780737e-06 9.7611913e-08 0.00021102035)
(5.9058921e-07 8.8125555e-08 0.00019316907)
(5.8882075e-07 4.1254816e-08 0.00018921419)
(1.8189038e-06 3.242327e-07 0.00022954391)
(1.844969e-06 1.6025975e-07 0.00022483893)
(2.4688055e-06 2.2237425e-07 0.00021600927)
(5.4071e-08 -1.1223652e-08 0.00014014469)
(-2.9825756e-07 -1.3743196e-07 8.9485304e-05)
(-3.249592e-07 -1.1279387e-07 8.7657902e-05)
(1.1498382e-06 3.00502e-07 0.00021098429)
(5.7703797e-07 1.9383516e-07 0.00019313004)
(5.8603176e-07 1.3393316e-07 0.00018918338)
(1.7264252e-06 6.5753989e-07 0.00022949129)
(1.7879034e-06 4.8678889e-07 0.00022479689)
(2.383372e-06 6.6935458e-07 0.00021597189)
(7.3976536e-08 9.2458979e-09 0.00014011528)
(-2.503886e-07 -1.7765679e-07 8.9470721e-05)
(-2.7430108e-07 -1.6217228e-07 8.7641585e-05)
(1.0768176e-06 5.2249555e-07 0.00021093043)
(5.3067355e-07 3.1911039e-07 0.00019308978)
(5.6164006e-07 2.5201228e-07 0.00018913718)
(1.5561714e-06 9.9417641e-07 0.00022943721)
(1.6597627e-06 8.2601062e-07 0.00022473441)
(2.202805e-06 1.1183022e-06 0.00021591609)
(7.2287752e-08 4.5770607e-08 0.00014009403)
(-2.2874639e-07 -1.9411593e-07 8.7629616e-05)
(-2.1183686e-07 -2.0953144e-07 8.9464527e-05)
(9.4161523e-07 7.4769398e-07 0.0002108917)
(4.9397862e-07 3.8278171e-07 0.00018910386)
(4.4026565e-07 4.4115152e-07 0.00019307285)
(1.4476868e-06 1.1586556e-06 0.00022468944)
(1.305644e-06 1.3052409e-06 0.00022941444)
(1.9207797e-06 1.5473548e-06 0.00021587599)
(7.1445124e-08 -4.0890216e-08 0.00013434015)
(-2.5075979e-07 1.815735e-07 8.5808582e-05)
(-2.2482773e-07 1.9467513e-07 8.4019134e-05)
(-2.1163593e-07 2.1316343e-07 8.5811049e-05)
(9.3873671e-07 -7.4070094e-07 0.00020219751)
(5.2713603e-07 -3.123424e-07 0.0001851482)
(4.9890733e-07 -3.8147298e-07 0.0001812632)
(4.379007e-07 -4.338926e-07 0.00018515069)
(1.553196e-06 -9.8771058e-07 0.00021997487)
(1.4542549e-06 -1.1584676e-06 0.00021534673)
(1.3036998e-06 -1.2981779e-06 0.00021997563)
(1.9171021e-06 -1.5407834e-06 0.00020696056)
(7.2418727e-08 -4.2285916e-09 0.00013437022)
(-2.9942998e-07 1.4146614e-07 8.5829413e-05)
(-2.7113349e-07 1.6431647e-07 8.4036719e-05)
(1.0731332e-06 -5.1591192e-07 0.00020225229)
(5.7247498e-07 -1.8774261e-07 0.00018520443)
(5.6626305e-07 -2.4850813e-07 0.00018131096)
(1.7227518e-06 -6.5180201e-07 0.00022004965)
(1.6664213e-06 -8.2362537e-07 0.00021541053)
(2.1987047e-06 -1.1124255e-06 0.00020701985)
(5.1544096e-08 1.5581936e-08 0.00013441251)
(-3.4247009e-07 7.9783096e-08 8.584928e-05)
(-3.232666e-07 1.1565731e-07 8.4062455e-05)
(1.1450286e-06 -2.9521989e-07 0.00020232672)
(5.8491469e-07 -8.3728074e-08 0.00018525778)
(5.8881507e-07 -1.2974042e-07 0.00018137686)
(1.8144921e-06 -3.201658e-07 0.00022012022)
(1.7933215e-06 -4.8350085e-07 0.00021549665)
(2.3785883e-06 -6.6490117e-07 0.00020709764)
(3.18917e-08 9.6201535e-09 0.00013443847)
(-3.5976115e-07 7.779203e-10 8.585757e-05)
(-3.581332e-07 4.2660253e-08 8.4078244e-05)
(1.1724616e-06 -9.4566225e-08 0.00020237446)
(5.8572752e-07 6.9260157e-10 0.00018528051)
(5.8990222e-07 -3.850998e-08 0.00018141904)
(1.8425825e-06 5.5778724e-10 0.0002201503)
(1.849074e-06 -1.5806065e-07 0.00021555234)
(2.4636045e-06 -2.2014953e-07 0.0002071474)
(3.1741651e-08 -8.1793387e-09 0.0001344412)
(-3.4276534e-07 -7.825401e-08 8.5853218e-05)
(-3.5827558e-07 -4.125847e-08 8.4079879e-05)
(1.1723281e-06 9.5783246e-08 0.0002023788)
(5.8462635e-07 8.508779e-08 0.0001852673)
(5.8977354e-07 3.9666507e-08 0.00018142299)
(1.814232e-06 3.2125393e-07 0.00022013184)
(1.8489656e-06 1.5888196e-07 0.00021555715)
(2.4635289e-06 2.207428e-07 0.00020715188)
(5.1111242e-08 -1.4228607e-08 0.00013442315)
(-2.999687e-07 -1.4004148e-07 8.5840107e-05)
(-3.2365886e-07 -1.142898e-07 8.4068876e-05)
(1.1446442e-06 2.9635092e-07 0.00020234349)
(5.7187816e-07 1.8903085e-07 0.00018522931)
(5.8843184e-07 1.308764e-07 0.00018139205)
(1.722193e-06 6.5283965e-07 0.00022007997)
(1.7929966e-06 4.8431301e-07 0.0002155151)
(2.3783841e-06 6.6541388e-07 0.0002071149)
(7.1640967e-08 5.6094145e-09 0.00013439517)
(-2.5161803e-07 -1.8019724e-07 8.5826266e-05)
(-2.7174462e-07 -1.6294292e-07 8.4051908e-05)
(1.0723761e-06 5.1718733e-07 0.00020229065)
(5.2619853e-07 3.1375531e-07 0.00018519001)
(5.655258e-07 2.4980706e-07 0.00018134547)
(1.5522255e-06 9.8898831e-07 0.0002200266)
(1.6657449e-06 8.2465652e-07 0.00021545249)
(2.1982251e-06 1.1130925e-06 0.00020705969)
(7.0167692e-08 4.251526e-08 0.00013437479)
(-2.2591309e-07 -1.9322293e-07 8.4039375e-05)
(-2.1317366e-07 -2.1151733e-07 8.5820304e-05)
(9.3744286e-07 7.4249728e-07 0.00020225253)
(4.9766968e-07 3.8325546e-07 0.00018131175)
(4.3585499e-07 4.3607665e-07 0.00018517336)
(1.4528946e-06 1.1602406e-06 0.00021540734)
(1.3014743e-06 1.3004582e-06 0.00022000402)
(1.9162452e-06 1.5420411e-06 0.00020701993)
(8.1224671e-08 -4.6685637e-08 0.00012872218)
(-2.4406505e-07 1.7911389e-07 8.2228101e-05)
(-2.200118e-07 1.9124225e-07 8.0404828e-05)
(-2.0621583e-07 2.0765363e-07 8.2229637e-05)
(9.5166437e-07 -7.4787145e-07 0.00019372611)
(5.3936642e-07 -3.1567353e-07 0.00017739794)
(5.0528884e-07 -3.8553662e-07 0.00017345349)
(4.4707803e-07 -4.4282481e-07 0.00017739896)
(1.56847e-06 -9.9294538e-07 0.00021075364)
(1.4619659e-06 -1.1634084e-06 0.00020606098)
(1.3153639e-06 -1.3093702e-06 0.00021075305)
(1.9299166e-06 -1.547867e-06 0.00019828623)
(8.1955982e-08 -5.542e-09 0.00012875336)
(-2.9379174e-07 1.4134397e-07 8.2249887e-05)
(-2.6689616e-07 1.6255522e-07 8.042178e-05)
(1.0872595e-06 -5.1783651e-07 0.00019378114)
(5.8401911e-07 -1.8713017e-07 0.00017745489)
(5.7298239e-07 -2.5033224e-07 0.00017350032)
(1.7380921e-06 -6.5273088e-07 0.00021082843)
(1.6753633e-06 -8.2601427e-07 0.00020612352)
(2.2134659e-06 -1.1149237e-06 0.00019834525)
(5.8279123e-08 1.683952e-08 0.00012879709)
(-3.3856552e-07 8.0350826e-08 8.2270739e-05)
(-3.2061615e-07 1.1509703e-07 8.0446492e-05)
(1.1577315e-06 -2.9417303e-07 0.00019385606)
(5.9426821e-07 -8.2265171e-08 0.00017750904)
(5.9465335e-07 -1.3014442e-07 0.00017356477)
(1.8282772e-06 -3.1964561e-07 0.0002108992)
(1.8022491e-06 -4.8429124e-07 0.00020620789)
(2.3932831e-06 -6.6466851e-07 0.00019842308)
(3.5993804e-08 1.0384419e-08 0.00012882417)
(-3.56645e-07 6.363231e-10 8.2279449e-05)
(-3.5676032e-07 4.244579e-08 8.0461673e-05)
(1.1832995e-06 -9.389707e-08 0.0001939043)
(5.9396443e-07 4.8434766e-10 0.00017753208)
(5.9479012e-07 -3.8634125e-08 0.00017360611)
(1.8554823e-06 2.8211349e-10 0.00021092932)
(1.8575595e-06 -1.5832508e-07 0.00020626248)
(2.4774132e-06 -2.1986927e-07 0.00019847302)
(3.5869111e-08 -9.2615675e-09 0.00012882681)
(-3.3881906e-07 -7.9039354e-08 8.2274558e-05)
(-3.5686477e-07 -4.1518134e-08 8.0463125e-05)
(1.1832003e-06 9.4664876e-08 0.0001939085)
(5.9402611e-07 8.3292412e-08 0.00017751824)
(5.9470123e-07 3.9280416e-08 0.00017360974)
(1.8280869e-06 3.202786e-07 0.00021091043)
(1.8574889e-06 1.5865467e-07 0.00020626695)
(2.4773752e-06 2.2001858e-07 0.00019847736)
(5.7897547e-08 -1.5695712e-08 0.00012880738)
(-2.9426908e-07 -1.3999694e-07 8.2260211e-05)
(-3.2090657e-07 -1.1413657e-07 8.0452291e-05)
(1.1574255e-06 2.9500214e-07 0.00019387226)
(5.8348474e-07 1.88304e-07 0.00017747886)
(5.9438181e-07 1.3083551e-07 0.00017357886)
(1.7376371e-06 6.5356876e-07 0.00021085769)
(1.8020342e-06 4.8465998e-07 0.00020622515)
(2.3931578e-06 6.6488069e-07 0.00019843977)
(8.1298739e-08 6.7881732e-09 0.00012877737)
(-2.4484252e-07 -1.7775517e-07 8.2245086e-05)
(-2.6738189e-07 -1.614806e-07 8.0435736e-05)
(1.0866635e-06 5.1892936e-07 0.00019381809)
(5.3842777e-07 3.1719535e-07 0.00017743808)
(5.7239369e-07 2.5130367e-07 0.00017353257)
(1.5675022e-06 9.9432594e-07 0.00021080339)
(1.674848e-06 8.2670083e-07 0.00020616303)
(2.2131508e-06 1.1154023e-06 0.00019838371)
(8.0099019e-08 4.8218426e-08 0.00012875537)
(-2.208944e-07 -1.9004419e-07 8.0423494e-05)
(-2.0727675e-07 -2.0648079e-07 8.2238522e-05)
(9.5043225e-07 7.49688e-07 0.00019377889)
(5.0431827e-07 3.870046e-07 0.00017349901)
(4.4547059e-07 4.445171e-07 0.00017742072)
(1.4609219e-06 1.1648076e-06 0.00020611817)
(1.3135048e-06 1.3112411e-06 0.00021078031)
(1.9290353e-06 1.549274e-06 0.00019834325)
(8.230629e-08 -4.8126257e-08 0.00012304315)
(-2.4164193e-07 1.7648127e-07 7.8605582e-05)
(-2.187554e-07 1.9015548e-07 7.6793273e-05)
(-2.0294375e-07 2.0531008e-07 7.8607105e-05)
(9.5248372e-07 -7.4942615e-07 0.00018517017)
(5.4034336e-07 -3.1803685e-07 0.00016956691)
(5.0583711e-07 -3.8599604e-07 0.00016564021)
(4.4892891e-07 -4.4387272e-07 0.00016956775)
(1.5699434e-06 -9.9484504e-07 0.00020144215)
(1.4628082e-06 -1.1640754e-06 0.00019676674)
(1.3168251e-06 -1.3104427e-06 0.00020144129)
(1.931228e-06 -1.5498201e-06 0.00018952408)
(8.3127006e-08 -7.711203e-09 0.00012307275)
(-2.9253065e-07 1.3918023e-07 7.862617e-05)
(-2.6600869e-07 1.6126504e-07 7.6809726e-05)
(1.0882828e-06 -5.1986373e-07 0.00018522304)
(5.8505244e-07 -1.898728e-07 0.00016962152)
(5.7308295e-07 -2.5143668e-07 0.00016568488)
(1.7406306e-06 -6.5488021e-07 0.00020151438)
(1.6758977e-06 -8.2727079e-07 0.00019682641)
(2.2154321e-06 -1.1167164e-06 0.00018958101)
(5.9930796e-08 1.4621964e-08 0.00012311453)
(-3.3843751e-07 7.9071052e-08 7.8645984e-05)
(-3.1994804e-07 1.1395472e-07 7.6833941e-05)
(1.1590877e-06 -2.9621089e-07 0.00018529524)
(5.9563248e-07 -8.4197841e-08 0.00016967355)
(5.9473292e-07 -1.3137077e-07 0.00016574669)
(1.831883e-06 -3.2117542e-07 0.00020158279)
(1.8029251e-06 -4.8559514e-07 0.00019690729)
(2.3956773e-06 -6.6628122e-07 0.00018965629)
(3.8107876e-08 9.2755854e-09 0.00012314055)
(-3.5698074e-07 2.8697759e-10 7.8654281e-05)
(-3.5622722e-07 4.1839322e-08 7.6848874e-05)
(1.1850214e-06 -9.4878958e-08 0.00018534176)
(5.9552318e-07 1.6067593e-10 0.00016969571)
(5.9498055e-07 -3.9324344e-08 0.00016578639)
(1.8595604e-06 4.6045729e-11 0.00020161189)
(1.8584806e-06 -1.5901917e-07 0.00019695961)
(2.4801398e-06 -2.2055445e-07 0.0001897045)
(3.8041339e-08 -8.8177424e-09 0.00012314307)
(-3.3858824e-07 -7.8447244e-08 7.8649623e-05)
(-3.5628221e-07 -4.1418481e-08 7.685035e-05)
(1.1849653e-06 9.5093642e-08 0.00018534578)
(5.9550157e-07 8.4570841e-08 0.00016968235)
(5.9494231e-07 3.9439951e-08 0.00016578998)
(1.8317754e-06 3.2130185e-07 0.00020159357)
(1.8584534e-06 1.5888144e-07 0.000196964)
(2.4801154e-06 2.2044413e-07 0.00018970866)
(5.9724487e-08 -1.4115709e-08 0.00012312437)
(-2.9283829e-07 -1.3847112e-07 7.863601e-05)
(-3.2010108e-07 -1.1345537e-07 7.6839746e-05)
(1.1589271e-06 2.9645422e-07 0.00018531076)
(5.8471939e-07 1.9037845e-07 0.00016964445)
(5.9459867e-07 1.3158626e-07 0.00016576052)
(1.7403462e-06 6.551195e-07 0.00020154246)
(1.8028252e-06 4.8554555e-07 0.00019692418)
(2.3956292e-06 6.6613933e-07 0.0001896723)
(8.2640901e-08 8.475979e-09 0.0001230957)
(-2.4222706e-07 -1.7557596e-07 7.8621731e-05)
(-2.6629487e-07 -1.6056367e-07 7.682348e-05)
(1.0878342e-06 5.2046687e-07 0.00018525847)
(5.3974588e-07 3.1891942e-07 0.00016960527)
(5.7268281e-07 2.5202573e-07 0.00016571632)
(1.5693804e-06 9.9550707e-07 0.00020148984)
(1.675535e-06 8.2762149e-07 0.00019686488)
(2.2151988e-06 1.1168658e-06 0.00018961799)
(8.1499779e-08 4.9186122e-08 0.00012307478)
(-2.1943013e-07 -1.8922801e-07 7.6811453e-05)
(-2.0393769e-07 -2.0418398e-07 7.8615538e-05)
(9.517689e-07 7.5053241e-07 0.00018522065)
(5.0504811e-07 3.8719999e-07 0.00016568428)
(4.4757353e-07 4.4535031e-07 0.00016958857)
(1.4618937e-06 1.1652553e-06 0.00019682204)
(1.3153653e-06 1.3119219e-06 0.00020146745)
(1.9308985e-06 1.5504562e-06 0.00018957877)
(8.2537157e-08 -4.7829449e-08 0.00011738348)
(-2.419608e-07 1.766767e-07 7.4998084e-05)
(-2.1982311e-07 1.9074854e-07 7.3187668e-05)
(-2.0321944e-07 2.0582612e-07 7.4999598e-05)
(9.5246249e-07 -7.4851242e-07 0.00017663638)
(5.3996673e-07 -3.1731622e-07 0.00016175872)
(5.0427176e-07 -3.854477e-07 0.00015783254)
(4.4901159e-07 -4.4304271e-07 0.00016175966)
(1.5698056e-06 -9.9494018e-07 0.00019215138)
(1.4613789e-06 -1.163869e-06 0.00018747542)
(1.3177635e-06 -1.3100899e-06 0.00019215081)
(1.9317227e-06 -1.5493144e-06 0.0001807798)
(8.2426899e-08 -7.6559405e-09 0.00011741152)
(-2.9227189e-07 1.388237e-07 7.5017536e-05)
(-2.67024e-07 1.6067097e-07 7.3202465e-05)
(1.0871881e-06 -5.1982168e-07 0.00017668644)
(5.8416098e-07 -1.8956262e-07 0.00016181044)
(5.7101317e-07 -2.5282729e-07 0.00015787415)
(1.7392734e-06 -6.5537606e-07 0.00019221972)
(1.6736175e-06 -8.2899601e-07 0.00018753122)
(2.2147654e-06 -1.1173082e-06 0.00018083369)
(5.8549e-08 1.4620792e-08 0.00011745104)
(-3.3737878e-07 7.8525922e-08 7.5036191e-05)
(-3.2001406e-07 1.1282299e-07 7.3224096e-05)
(1.1576741e-06 -2.9645891e-07 0.00017675476)
(5.9452926e-07 -8.4245568e-08 0.00016185967)
(5.9352578e-07 -1.3347691e-07 0.00015793141)
(1.8298708e-06 -3.2168949e-07 0.00019228441)
(1.8011446e-06 -4.8789969e-07 0.0001876065)
(2.3948144e-06 -6.6701448e-07 0.00018090485)
(3.6325655e-08 9.1285989e-09 0.00011747556)
(-3.5552867e-07 1.2694762e-10 7.5043993e-05)
(-3.5534133e-07 4.1185605e-08 7.3237243e-05)
(1.1835237e-06 -9.5195409e-08 0.00017679871)
(5.9439968e-07 -4.9997325e-11 0.00016188064)
(5.9486138e-07 -4.0421128e-08 0.00015796801)
(1.8573736e-06 -1.8794391e-10 0.00019231194)
(1.8575735e-06 -1.6015955e-07 0.00018765509)
(2.479311e-06 -2.2104068e-07 0.00018095037)
(3.630158e-08 -9.0426459e-09 0.00011747799)
(-3.3744152e-07 -7.8202247e-08 7.5039708e-05)
(-3.5536304e-07 -4.1112993e-08 7.3238608e-05)
(1.1835201e-06 9.4964132e-08 0.00017680258)
(5.9447992e-07 8.4242729e-08 0.00016186812)
(5.9485657e-07 4.0174567e-08 0.00015797137)
(1.8298434e-06 3.2141589e-07 0.00019229476)
(1.8575741e-06 1.5971414e-07 0.00018765922)
(2.4793305e-06 2.2054947e-07 0.00018095436)
(5.8446806e-08 -1.4411926e-08 0.0001174605)
(-2.9240538e-07 -1.3832762e-07 7.5027014e-05)
(-3.2007193e-07 -1.1264776e-07 7.3229509e-05)
(1.1576246e-06 2.9639414e-07 0.00017676966)
(5.8396326e-07 1.8985288e-07 0.00016183244)
(5.934854e-07 1.3336018e-07 0.00015794441)
(1.7390962e-06 6.5543578e-07 0.00019224666)
(1.8011207e-06 4.8756887e-07 0.00018762242)
(2.3948373e-06 6.6666275e-07 0.00018092021)
(8.2159541e-08 8.1475035e-09 0.00011743355)
(-2.4231238e-07 -1.7598939e-07 7.5013608e-05)
(-2.6716468e-07 -1.6025094e-07 7.3215386e-05)
(1.0869419e-06 5.2019963e-07 0.00017672041)
(5.394247e-07 3.1815243e-07 0.00016179548)
(5.7075106e-07 2.5313418e-07 0.00015790382)
(1.5691458e-06 9.9572767e-07 0.00019219708)
(1.6733657e-06 8.2910586e-07 0.00018756758)
(2.2146379e-06 1.1173462e-06 0.00018086913)
(8.1809314e-08 4.8833834e-08 0.00011741381)
(-2.2031342e-07 -1.9006634e-07 7.32049e-05)
(-2.0393353e-07 -2.0508331e-07 7.5007774e-05)
(9.5155119e-07 7.4985197e-07 0.00017668473)
(5.0364368e-07 3.8642433e-07 0.00015787434)
(4.4771038e-07 4.443513e-07 0.0001617797)
(1.4605885e-06 1.1648494e-06 0.00018752792)
(1.3161224e-06 1.3116566e-06 0.00019217595)
(1.9309593e-06 1.5504652e-06 0.00018083218)
(7.9264237e-08 -4.6638617e-08 0.00011172538)
(-2.4376819e-07 1.7641553e-07 7.1392715e-05)
(-2.2076934e-07 1.914214e-07 6.9584735e-05)
(-2.0412272e-07 2.0734216e-07 7.1394548e-05)
(9.4902779e-07 -7.4828833e-07 0.00016810076)
(5.3665356e-07 -3.1896141e-07 0.00015394932)
(5.0318509e-07 -3.8548658e-07 0.00015003188)
(4.4760197e-07 -4.4113033e-07 0.00015395101)
(1.5661892e-06 -9.9643177e-07 0.00018285676)
(1.460179e-06 -1.1641591e-06 0.00017819318)
(1.3159314e-06 -1.3081746e-06 0.00018285715)
(1.9282272e-06 -1.5492441e-06 0.00017203161)
(7.9629926e-08 -9.4440988e-09 0.00011175102)
(-2.9366907e-07 1.3731659e-07 7.1410331e-05)
(-2.6717623e-07 1.5995354e-07 6.9598333e-05)
(1.0834212e-06 -5.2269735e-07 0.00016814677)
(5.8170441e-07 -1.9354197e-07 0.00015399671)
(5.7000187e-07 -2.5509499e-07 0.00015006994)
(1.7365126e-06 -6.5904958e-07 0.00018291961)
(1.6719322e-06 -8.3151932e-07 0.0001782444)
(2.2104662e-06 -1.1196795e-06 0.00017208123)
(5.8311464e-08 1.1519826e-08 0.00011178709)
(-3.3764491e-07 7.7148349e-08 7.1427155e-05)
(-3.1829177e-07 1.1145646e-07 6.9618448e-05)
(1.1555675e-06 -3.0045271e-07 0.00016820945)
(5.9427927e-07 -8.7537719e-08 0.00015404169)
(5.9419588e-07 -1.3641071e-07 0.00015012256)
(1.8291763e-06 -3.2471839e-07 0.00018297899)
(1.8004488e-06 -4.9099464e-07 0.0001783137)
(2.3911385e-06 -6.7026409e-07 0.00017214664)
(3.8630586e-08 7.5617546e-09 0.00011180923)
(-3.5517561e-07 -6.2297853e-11 7.143419e-05)
(-3.520329e-07 4.0454249e-08 6.9630715e-05)
(1.1834462e-06 -9.7059653e-08 0.00016824962)
(5.9531866e-07 -2.032401e-10 0.00015406087)
(5.9716088e-07 -4.1819214e-08 0.00015015616)
(1.8577745e-06 -2.6307727e-10 0.00018300431)
(1.8580375e-06 -1.6160561e-07 0.00017835838)
(2.476848e-06 -2.2248136e-07 0.0001721884)
(3.8630991e-08 -7.8139732e-09 0.00011181156)
(-3.3766547e-07 -7.7205463e-08 7.1430539e-05)
(-3.5203875e-07 -4.0617965e-08 6.9632102e-05)
(1.1834517e-06 9.6603446e-08 0.00016825331)
(5.9427788e-07 8.7205362e-08 0.00015404977)
(5.9718065e-07 4.1274019e-08 0.00015015947)
(1.8291747e-06 3.2424565e-07 0.00018298885)
(1.8580621e-06 1.6086502e-07 0.00017836242)
(2.476859e-06 2.2196939e-07 0.00017219221)
(5.8297263e-08 -1.1668809e-08 0.00011179615)
(-2.9373646e-07 -1.3721189e-07 7.1419426e-05)
(-3.1830085e-07 -1.1150041e-07 6.9623861e-05)
(1.1555775e-06 3.000817e-07 0.00016822367)
(5.8160327e-07 1.9343331e-07 0.00015401772)
(5.9423214e-07 1.3601579e-07 0.00015013528)
(1.7364147e-06 6.587678e-07 0.00018294527)
(1.8005032e-06 4.9037497e-07 0.00017832917)
(2.3911848e-06 6.6976168e-07 0.00017216127)
(7.9431882e-08 9.6477331e-09 0.00011177208)
(-2.4403107e-07 -1.7602532e-07 7.1407616e-05)
(-2.672489e-07 -1.5971728e-07 6.9611049e-05)
(1.0832219e-06 5.2277662e-07 0.00016817915)
(5.3634172e-07 3.1935453e-07 0.00015398442)
(5.6985091e-07 2.5517447e-07 0.00015009874)
(1.5658483e-06 9.9667247e-07 0.00018290031)
(1.671805e-06 8.3137911e-07 0.00017827955)
(2.2103675e-06 1.1195294e-06 0.00017211494)
(7.8813913e-08 4.7233955e-08 0.0001117544)
(-2.2112894e-07 -1.9090354e-07 6.9601557e-05)
(-2.0470627e-07 -2.0669867e-07 7.1402468e-05)
(9.4859406e-07 7.4896345e-07 0.00016814689)
(5.0275889e-07 3.8623066e-07 0.00015007223)
(4.4664181e-07 4.4212742e-07 0.00015397018)
(1.4596344e-06 1.1648544e-06 0.0001782437)
(1.3148104e-06 1.3092321e-06 0.00018288113)
(1.9280151e-06 1.5496582e-06 0.00017208148)
(8.0316716e-08 -4.7021959e-08 0.00010607576)
(-2.4315781e-07 1.7648458e-07 6.779159e-05)
(-2.1997143e-07 1.9129029e-07 6.5985718e-05)
(-2.0434775e-07 2.0790311e-07 6.7793691e-05)
(9.4980047e-07 -7.4852649e-07 0.00015958136)
(5.3778468e-07 -3.1974875e-07 0.00014615334)
(5.0419008e-07 -3.8573565e-07 0.00014224195)
(4.4876361e-07 -4.41319e-07 0.00014615562)
(1.5668759e-06 -9.9782012e-07 0.00017358145)
(1.4611315e-06 -1.1646813e-06 0.0001689269)
(1.3175939e-06 -1.3085551e-06 0.00017358261)
(1.9280357e-06 -1.5489004e-06 0.00016330217)
(8.1433044e-08 -1.0684437e-08 0.00010609872)
(-2.9080017e-07 1.3650257e-07 6.7807408e-05)
(-2.6542373e-07 1.5951468e-07 6.5998373e-05)
(1.0840461e-06 -5.243624e-07 0.00015962354)
(5.8371927e-07 -1.9500673e-07 0.00014619664)
(5.7139418e-07 -2.5549146e-07 0.00014227768)
(1.7368254e-06 -6.6115554e-07 0.00017363925)
(1.6727883e-06 -8.3215296e-07 0.00016897497)
(2.209259e-06 -1.1210814e-06 0.00016334792)
(6.1624821e-08 1.0157598e-08 0.00010613121)
(-3.3237285e-07 7.6304093e-08 6.7822594e-05)
(-3.1531753e-07 1.108623e-07 6.6017049e-05)
(1.1571425e-06 -3.0232271e-07 0.00015968106)
(5.9746769e-07 -8.8733655e-08 0.00014623779)
(5.9606583e-07 -1.3686189e-07 0.00014232697)
(1.8296179e-06 -3.2633614e-07 0.00017369385)
(1.8012074e-06 -4.9158606e-07 0.00016903986)
(2.3900157e-06 -6.7199188e-07 0.00016340815)
(4.295108e-08 6.9170047e-09 0.00010615117)
(-3.4889606e-07 -1.1020599e-10 6.7829003e-05)
(-3.4826413e-07 4.0146113e-08 6.6028447e-05)
(1.1857612e-06 -9.7983165e-08 0.00015971792)
(5.9902311e-07 -3.4976782e-10 0.00014625542)
(5.9931131e-07 -4.205652e-08 0.00014235847)
(1.8583255e-06 -4.8398326e-10 0.0001737172)
(1.8587024e-06 -1.6188638e-07 0.00016908166)
(2.475935e-06 -2.2338505e-07 0.00016344658)
(4.2973209e-08 -7.3640131e-09 0.00010615341)
(-3.3237096e-07 -7.6435892e-08 6.7825846e-05)
(-3.4826315e-07 -4.044642e-08 6.6029708e-05)
(1.1858055e-06 9.7157926e-08 0.00015972145)
(5.9751916e-07 8.8155361e-08 0.00014624552)
(5.9934497e-07 4.1327773e-08 0.00014236154)
(1.8296919e-06 3.2548201e-07 0.00017370327)
(1.8587421e-06 1.6095328e-07 0.00016908542)
(2.4759892e-06 2.2244269e-07 0.00016345021)
(6.1663448e-08 -1.0439919e-08 0.00010613988)
(-2.9081508e-07 -1.3641382e-07 6.7816122e-05)
(-3.1530391e-07 -1.110338e-07 6.6022021e-05)
(1.1572455e-06 3.0169037e-07 0.00015969465)
(5.8371061e-07 1.9478761e-07 0.00014621671)
(5.9614816e-07 1.3629189e-07 0.00014233883)
(1.7368521e-06 6.6067295e-07 0.00017366376)
(1.8013149e-06 4.9076724e-07 0.00016905435)
(2.3901591e-06 6.7118242e-07 0.00016342211)
(8.1363676e-08 1.0776401e-08 0.00010611884)
(-2.4332822e-07 -1.7611918e-07 6.7805844e-05)
(-2.6547411e-07 -1.5937826e-07 6.6010174e-05)
(1.0840325e-06 5.2426179e-07 0.00015965446)
(5.3753155e-07 3.2016054e-07 0.00014618684)
(5.7130057e-07 2.5543413e-07 0.00014230467)
(1.5665659e-06 9.9810254e-07 0.00017362302)
(1.672741e-06 8.3184006e-07 0.00016900805)
(2.2093309e-06 1.1207185e-06 0.0001633801)
(7.992684e-08 4.7636729e-08 0.00010610346)
(-2.2026373e-07 -1.9085826e-07 6.6001431e-05)
(-2.0471463e-07 -2.0745731e-07 6.780138e-05)
(9.4933443e-07 7.4934809e-07 0.00015962539)
(5.0390682e-07 3.8631072e-07 0.00014227994)
(4.4794959e-07 4.4217695e-07 0.00014617408)
(1.4607997e-06 1.1651292e-06 0.00016897461)
(1.3165095e-06 1.3095821e-06 0.00017360565)
(1.9276981e-06 1.5495537e-06 0.00016334975)
(8.1345199e-08 -4.7247566e-08 0.00010042771)
(-2.4118879e-07 1.7588971e-07 6.4190731e-05)
(-2.1960286e-07 1.9183659e-07 6.2382486e-05)
(-2.0266104e-07 2.0692475e-07 6.4192445e-05)
(9.5066612e-07 -7.487914e-07 0.00015106995)
(5.3905793e-07 -3.1959236e-07 0.00013836359)
(5.046156e-07 -3.8449725e-07 0.00013444677)
(4.4971868e-07 -4.4162844e-07 0.00013836543)
(1.5679867e-06 -9.9759877e-07 0.00016431796)
(1.4618763e-06 -1.1634708e-06 0.00015965653)
(1.3182141e-06 -1.3089412e-06 0.00016431891)
(1.9285948e-06 -1.5492494e-06 0.00015458436)
(8.2787391e-08 -1.0281653e-08 0.00010045005)
(-2.8892332e-07 1.3633054e-07 6.4206268e-05)
(-2.6514741e-07 1.6059371e-07 6.239453e-05)
(1.0854284e-06 -5.2358814e-07 0.00015111023)
(5.8496536e-07 -1.9438676e-07 0.00013840522)
(5.7182512e-07 -2.5360062e-07 0.00013448086)
(1.7381083e-06 -6.6031233e-07 0.00016437304)
(1.6737641e-06 -8.3020358e-07 0.00015970239)
(2.2104394e-06 -1.120244e-06 0.00015462789)
(6.2716732e-08 1.0612872e-08 0.00010048184)
(-3.3088692e-07 7.6322795e-08 6.4221268e-05)
(-3.1554528e-07 1.1193505e-07 6.2412559e-05)
(1.1581076e-06 -3.0145894e-07 0.00015116536)
(5.9830399e-07 -8.8193093e-08 0.00013844489)
(5.9601277e-07 -1.3514391e-07 0.00013452823)
(1.8305958e-06 -3.2559558e-07 0.00016442515)
(1.8019428e-06 -4.8978795e-07 0.00015976473)
(2.3908242e-06 -6.7106336e-07 0.0001546854)
(4.3753503e-08 7.097071e-09 0.00010050155)
(-3.4763146e-07 -1.9858922e-10 6.4227605e-05)
(-3.4895206e-07 4.0562092e-08 6.2423552e-05)
(1.1862993e-06 -9.7577646e-08 0.00015120074)
(5.9963133e-07 -3.8623226e-10 0.00013846191)
(5.988178e-07 -4.1418016e-08 0.00013455853)
(1.8591164e-06 -4.5488718e-10 0.00016444743)
(1.8591801e-06 -1.6122067e-07 0.00015980489)
(2.4763378e-06 -2.229046e-07 0.00015472203)
(4.3779396e-08 -7.6678834e-09 0.00010050369)
(-3.3087812e-07 -7.6643022e-08 6.4224379e-05)
(-3.4893746e-07 -4.0973582e-08 6.2424813e-05)
(1.1863327e-06 9.6745462e-08 0.00015120412)
(5.9836213e-07 8.7505467e-08 0.00013845228)
(5.9886905e-07 4.0527617e-08 0.00013456153)
(1.8306613e-06 3.2473735e-07 0.00016443416)
(1.8592402e-06 1.6009391e-07 0.00015980855)
(2.4763731e-06 2.2207658e-07 0.0001547255)
(6.2783301e-08 -1.1059603e-08 0.00010049013)
(-2.8893968e-07 -1.3646763e-07 6.4214581e-05)
(-3.1549306e-07 -1.1221073e-07 6.2417468e-05)
(1.1582143e-06 3.0071345e-07 0.00015117835)
(5.8497542e-07 1.9394861e-07 0.00013842437)
(5.9614338e-07 1.3442576e-07 0.00013453976)
(1.7381516e-06 6.5964109e-07 0.00016439646)
(1.8021068e-06 4.8879038e-07 0.00015977876)
(2.3909639e-06 6.7021828e-07 0.00015469875)
(8.2683381e-08 1.0257593e-08 0.00010046922)
(-2.4136679e-07 -1.7567801e-07 6.420427e-05)
(-2.6513713e-07 -1.6054878e-07 6.2406024e-05)
(1.0853632e-06 5.2335711e-07 0.00015113975)
(5.3893999e-07 3.1969014e-07 0.00013839548)
(5.7180197e-07 2.5341809e-07 0.00013450691)
(1.5679352e-06 9.9742596e-07 0.0001643576)
(1.6738002e-06 8.2973336e-07 0.0001597343)
(2.2104885e-06 1.1197956e-06 0.00015465868)
(8.1106332e-08 4.7592342e-08 0.00010045401)
(-2.1982113e-07 -1.9148956e-07 6.2397561e-05)
(-2.0307286e-07 -2.0638525e-07 6.4199814e-05)
(9.5058537e-07 7.4905054e-07 0.00015111184)
(5.0440229e-07 3.8498273e-07 0.0001344831)
(4.490655e-07 4.4235577e-07 0.00013838314)
(1.4616295e-06 1.163797e-06 0.00015970217)
(1.3175284e-06 1.3095901e-06 0.00016434102)
(1.9287969e-06 1.5491958e-06 0.00015462973)
(8.0485467e-08 -4.4740797e-08 9.4778121e-05)
(-2.4247429e-07 1.7816596e-07 6.0589944e-05)
(-2.1929202e-07 1.9266145e-07 5.8782367e-05)
(-2.0403854e-07 2.0845128e-07 6.0591484e-05)
(9.5077524e-07 -7.4592165e-07 0.00014255112)
(5.3870052e-07 -3.1654147e-07 0.00013056856)
(5.0614846e-07 -3.8330679e-07 0.00012665079)
(4.489744e-07 -4.3968582e-07 0.00013056999)
(1.568661e-06 -9.9457955e-07 0.00015504531)
(1.4643867e-06 -1.1627571e-06 0.0001503816)
(1.3182722e-06 -1.3071339e-06 0.00015504573)
(1.9295899e-06 -1.5466935e-06 0.00014585584)
(8.159423e-08 -7.4430052e-09 9.4799337e-05)
(-2.9073143e-07 1.387004e-07 6.0604657e-05)
(-2.6557363e-07 1.6251371e-07 5.8794725e-05)
(1.085186e-06 -5.2038632e-07 0.00014258988)
(5.8413904e-07 -1.9131287e-07 0.00013060847)
(5.731778e-07 -2.5037064e-07 0.00012668445)
(1.7385886e-06 -6.5730593e-07 0.00015509845)
(1.6766528e-06 -8.2729363e-07 0.00015042651)
(2.2112519e-06 -1.1175197e-06 0.00014589788)
(6.1055633e-08 1.3019945e-08 9.4829436e-05)
(-3.3328971e-07 7.7781715e-08 6.0618774e-05)
(-3.1756014e-07 1.1398893e-07 5.8812793e-05)
(1.1574657e-06 -2.9870388e-07 0.00014264291)
(5.9693676e-07 -8.6329854e-08 0.00013064643)
(5.9572502e-07 -1.3168306e-07 0.0001267308)
(1.8308547e-06 -3.237979e-07 0.00015514874)
(1.8037837e-06 -4.86556e-07 0.00015048723)
(2.3915777e-06 -6.6868505e-07 0.0001459535)
(4.1758821e-08 7.9670722e-09 9.4847922e-05)
(-3.5025731e-07 -2.2111307e-10 6.0624702e-05)
(-3.5214813e-07 4.1417175e-08 5.8823843e-05)
(1.1853096e-06 -9.6638437e-08 0.00014267689)
(5.9805969e-07 -5.1136732e-10 0.00013066266)
(5.9710382e-07 -3.9977346e-08 0.00012676045)
(1.8593099e-06 -6.7778719e-10 0.0001551702)
(1.8599426e-06 -1.5987708e-07 0.00015052639)
(2.4769912e-06 -2.2215412e-07 0.00014598894)
(4.1809452e-08 -8.6860285e-09 9.484995e-05)
(-3.3323531e-07 -7.8130572e-08 6.0621723e-05)
(-3.5212378e-07 -4.1899482e-08 5.8824974e-05)
(1.1853919e-06 9.5458499e-08 0.00014268009)
(5.9705431e-07 8.5439293e-08 0.00013065342)
(5.9716822e-07 3.8978064e-08 0.00012676319)
(1.8310059e-06 3.2256831e-07 0.00015515728)
(1.8600188e-06 1.5860592e-07 0.00015052976)
(2.4770844e-06 2.2085148e-07 0.00014599223)
(6.1175187e-08 -1.355535e-08 9.4837287e-05)
(-2.9064842e-07 -1.3880429e-07 6.0612536e-05)
(-3.1748064e-07 -1.1433236e-07 5.8817249e-05)
(1.157673e-06 2.9774513e-07 0.00014265522)
(5.8424716e-07 1.9082378e-07 0.00013062661)
(5.9588978e-07 1.3086452e-07 0.00012674142)
(1.7387529e-06 6.5649054e-07 0.00015512067)
(1.8039914e-06 4.8542422e-07 0.00015050023)
(2.3918282e-06 6.6754812e-07 0.00014596614)
(8.1649062e-08 7.3154582e-09 9.4817508e-05)
(-2.4251572e-07 -1.7796863e-07 6.0602767e-05)
(-2.6552483e-07 -1.6252053e-07 5.8805289e-05)
(1.0853248e-06 5.2000314e-07 0.00014261787)
(5.3857811e-07 3.16752e-07 0.00013059876)
(5.7319465e-07 2.5010871e-07 0.00012670862)
(1.5685091e-06 9.9459665e-07 0.0001550829)
(1.6767422e-06 8.2671279e-07 0.00015045622)
(2.2114802e-06 1.1168781e-06 0.0001459271)
(8.023651e-08 4.5178498e-08 9.4803028e-05)
(-2.1946737e-07 -1.9236125e-07 5.8796406e-05)
(-2.0423069e-07 -2.0819702e-07 6.0598528e-05)
(9.5046121e-07 7.4653038e-07 0.00014259081)
(5.0598658e-07 3.8371216e-07 0.00012668478)
(4.4834934e-07 4.4032594e-07 0.00013058685)
(1.4642102e-06 1.1629719e-06 0.00015042437)
(1.3174259e-06 1.3078937e-06 0.00015506676)
(1.9293862e-06 1.5471629e-06 0.00014589888)
(8.3553579e-08 -4.5562978e-08 8.9118586e-05)
(-2.4119463e-07 1.788011e-07 5.6984133e-05)
(-2.1707665e-07 1.9154728e-07 5.517254e-05)
(-2.0259619e-07 2.0789878e-07 5.6984932e-05)
(9.543588e-07 -7.4660591e-07 0.00013401803)
(5.4203981e-07 -3.1500887e-07 0.00012276124)
(5.0898545e-07 -3.8389266e-07 0.00011883822)
(4.5117224e-07 -4.4101942e-07 0.00012276154)
(1.5734347e-06 -9.9387374e-07 0.00014575758)
(1.4673757e-06 -1.1631361e-06 0.00014109029)
(1.3212648e-06 -1.3096272e-06 0.00014575694)
(1.9332291e-06 -1.5477061e-06 0.00013711262)
(8.3735046e-08 -5.1952582e-09 8.914035e-05)
(-2.9127192e-07 1.4053174e-07 5.6999378e-05)
(-2.6436896e-07 1.6257571e-07 5.5184124e-05)
(1.0893043e-06 -5.1726288e-07 0.00013405645)
(5.8611211e-07 -1.8747012e-07 0.00012280107)
(5.7572732e-07 -2.4935805e-07 0.00011887048)
(1.7428791e-06 -6.5402952e-07 0.00014580991)
(1.6800788e-06 -8.260183e-07 0.00014113339)
(2.2164316e-06 -1.1149105e-06 0.00013715389)
(5.9881971e-08 1.6244227e-08 8.9171006e-05)
(-3.3606978e-07 7.9381755e-08 5.7014015e-05)
(-3.1829987e-07 1.1470616e-07 5.520133e-05)
(1.159323e-06 -2.9467207e-07 0.00013410895)
(5.9632214e-07 -8.3135447e-08 0.00012283899)
(5.9684099e-07 -1.3009426e-07 0.00011891526)
(1.8332031e-06 -3.2091983e-07 0.00014585948)
(1.8065286e-06 -4.8483182e-07 0.00014119207)
(2.3958431e-06 -6.6533249e-07 0.00013720854)
(3.787804e-08 9.4708654e-09 8.9190011e-05)
(-3.5401564e-07 -2.6762002e-10 5.7020157e-05)
(-3.54412e-07 4.1796882e-08 5.5211945e-05)
(1.1850331e-06 -9.476536e-08 0.00013414273)
(5.9620559e-07 -4.9253027e-10 0.00012285516)
(5.9690871e-07 -3.9257096e-08 0.00011894403)
(1.860642e-06 -5.9682578e-10 0.0001458806)
(1.8618296e-06 -1.5912635e-07 0.00014122999)
(2.480056e-06 -2.205617e-07 0.0001372435)
(3.7924494e-08 -1.0220734e-08 8.9191917e-05)
(-3.3602335e-07 -7.9843335e-08 5.7016792e-05)
(-3.5438902e-07 -4.2325499e-08 5.5213082e-05)
(1.1850957e-06 9.3680579e-08 0.00013414573)
(5.9642838e-07 8.2236397e-08 0.00012284556)
(5.9698035e-07 3.8145449e-08 0.00011894672)
(1.8333293e-06 3.1978161e-07 0.00014586751)
(1.8619142e-06 1.5772862e-07 0.00014123326)
(2.4801241e-06 2.1945039e-07 0.00013724659)
(6.0003742e-08 -1.6860183e-08 8.917839e-05)
(-2.91216e-07 -1.4080373e-07 5.7006797e-05)
(-3.1822365e-07 -1.1508557e-07 5.520575e-05)
(1.1595076e-06 2.936927e-07 0.00013412053)
(5.8620675e-07 1.8682892e-07 0.00012281812)
(5.970298e-07 1.2917646e-07 0.00011892557)
(1.7430303e-06 6.5308995e-07 0.0001458308)
(1.8067673e-06 4.8357289e-07 0.00014120462)
(2.3960701e-06 6.6423188e-07 0.00013722043)
(8.369874e-08 5.0349018e-09 8.9157439e-05)
(-2.4128253e-07 -1.7870071e-07 5.6996215e-05)
(-2.6434378e-07 -1.6259239e-07 5.5194435e-05)
(1.0893338e-06 5.1684334e-07 0.00013408276)
(5.42027e-07 3.1492809e-07 0.00012278963)
(5.7575948e-07 2.4904487e-07 0.00011889374)
(1.573521e-06 9.9346011e-07 0.00014579293)
(1.6802065e-06 8.2534426e-07 0.0001411619)
(2.2165889e-06 1.1142639e-06 0.00013718136)
(8.3401656e-08 4.5775617e-08 8.9142022e-05)
(-2.172814e-07 -1.9121882e-07 5.5186033e-05)
(-2.0296631e-07 -2.0741681e-07 5.6991611e-05)
(9.5440174e-07 7.4667611e-07 0.00013405534)
(5.0883892e-07 3.8428584e-07 0.00011887059)
(4.5058495e-07 4.4165177e-07 0.00012277741)
(1.4672837e-06 1.1632567e-06 0.00014113094)
(1.3207006e-06 1.3101286e-06 0.00014577671)
(1.9335614e-06 1.5474635e-06 0.00013715306)
(8.5490263e-08 -4.6426208e-08 8.3455906e-05)
(-2.3902412e-07 1.7715622e-07 5.33747e-05)
(-2.1571785e-07 1.9067772e-07 5.1566946e-05)
(-2.0005038e-07 2.0574771e-07 5.3375523e-05)
(9.5640671e-07 -7.4673352e-07 0.00012548281)
(5.4415144e-07 -3.1603519e-07 0.00011494955)
(5.1007217e-07 -3.8421548e-07 0.00011103492)
(4.5356483e-07 -4.4209023e-07 0.00011494976)
(1.5751384e-06 -9.9361438e-07 0.00013646796)
(1.4682916e-06 -1.1632255e-06 0.00013181084)
(1.3228217e-06 -1.3094677e-06 0.00013646716)
(1.9346435e-06 -1.5468511e-06 0.0001283688)
(8.5342475e-08 -6.4048647e-09 8.3476052e-05)
(-2.902335e-07 1.3955454e-07 5.3388687e-05)
(-2.6334251e-07 1.6177731e-07 5.1577975e-05)
(1.0908519e-06 -5.1794747e-07 0.00012551889)
(5.8786498e-07 -1.8859119e-07 0.00011498684)
(5.7654252e-07 -2.4977706e-07 0.00011106507)
(1.7448176e-06 -6.5420208e-07 0.00013651735)
(1.6808834e-06 -8.2621486e-07 0.00013185111)
(2.21746e-06 -1.1147469e-06 0.00012840772)
(6.1493022e-08 1.5273348e-08 8.350459e-05)
(-3.362745e-07 7.8963212e-08 5.3402185e-05)
(-3.1770914e-07 1.1412358e-07 5.159413e-05)
(1.1608674e-06 -2.9526426e-07 0.00012556829)
(5.9788635e-07 -8.3926638e-08 0.0001150224)
(5.973906e-07 -1.3052292e-07 0.00011110661)
(1.8355141e-06 -3.2125314e-07 0.00013656417)
(1.8072369e-06 -4.8511764e-07 0.00013190568)
(2.3969718e-06 -6.6530501e-07 0.00012845935)
(3.9356022e-08 9.0485453e-09 8.3522368e-05)
(-3.5478446e-07 -2.7092161e-10 5.3407865e-05)
(-3.5415993e-07 4.1570049e-08 5.1604045e-05)
(1.1864454e-06 -9.5117449e-08 0.0001256001)
(5.9768632e-07 -6.2855912e-10 0.00011503758)
(5.9730089e-07 -3.9460996e-08 0.00011113325)
(1.8631052e-06 -8.0888769e-10 0.0001365841)
(1.8625148e-06 -1.5927947e-07 0.00013194087)
(2.4811122e-06 -2.2072324e-07 0.00012849231)
(3.9417143e-08 -9.924202e-09 8.3524149e-05)
(-3.3622458e-07 -7.9395684e-08 5.3404778e-05)
(-3.541378e-07 -4.2151703e-08 5.1605026e-05)
(1.1865422e-06 9.3698746e-08 0.00012560291)
(5.9803483e-07 8.2823229e-08 0.00011502856)
(5.9737724e-07 3.8259434e-08 0.00011113566)
(1.8357034e-06 3.1977061e-07 0.0001365717)
(1.8626039e-06 1.5778876e-07 0.00013194383)
(2.4812217e-06 2.1917781e-07 0.0001284952)
(6.1645765e-08 -1.5938609e-08 8.3511502e-05)
(-2.9017536e-07 -1.3970967e-07 5.3395622e-05)
(-3.1763646e-07 -1.1454453e-07 5.1598009e-05)
(1.1611261e-06 2.940786e-07 0.00012557914)
(5.8801258e-07 1.8794811e-07 0.00011500282)
(5.9759277e-07 1.2952995e-07 0.00011111594)
(1.7450505e-06 6.531628e-07 0.00013653697)
(1.8074928e-06 4.8376727e-07 0.00013191713)
(2.3972861e-06 6.6391149e-07 0.00012847051)
(8.5407177e-08 6.2272945e-09 8.3492058e-05)
(-2.3911844e-07 -1.7694107e-07 5.3385981e-05)
(-2.6334483e-07 -1.6180074e-07 5.1587193e-05)
(1.091038e-06 5.1741752e-07 0.00012554358)
(5.4405889e-07 3.1618087e-07 0.00011497613)
(5.7656705e-07 2.49436e-07 0.00011108629)
(1.5751089e-06 9.9344023e-07 0.00013650112)
(1.6810189e-06 8.2548704e-07 0.00013187733)
(2.2177763e-06 1.1139089e-06 0.00012843356)
(8.5232208e-08 4.6885789e-08 8.3477814e-05)
(-2.1593731e-07 -1.903414e-07 5.1579151e-05)
(-2.0029416e-07 -2.053678e-07 5.3381783e-05)
(9.5619021e-07 7.4723653e-07 0.00012551776)
(5.099765e-07 3.8454065e-07 0.0001110647)
(4.5294409e-07 4.4278232e-07 0.00011496465)
(1.46831e-06 1.1632133e-06 0.00013184845)
(1.3221137e-06 1.3101305e-06 0.00013648571)
(1.9346372e-06 1.5471083e-06 0.00012840677)
(8.5495404e-08 -4.6349812e-08 7.7797343e-05)
(-2.3882799e-07 1.7710879e-07 4.9766555e-05)
(-2.1693156e-07 1.9174766e-07 4.7955304e-05)
(-1.9965771e-07 2.0633093e-07 4.9767308e-05)
(9.5629929e-07 -7.46969e-07 0.00011695576)
(5.4390877e-07 -3.1577548e-07 0.00010714403)
(5.0884563e-07 -3.8318575e-07 0.00010322283)
(4.5375707e-07 -4.4135859e-07 0.00010714425)
(1.575118e-06 -9.9418029e-07 0.00012718801)
(1.4673551e-06 -1.1624911e-06 0.00012252378)
(1.3234816e-06 -1.309517e-06 0.00012718742)
(1.9347342e-06 -1.5476735e-06 0.00011963541)
(8.5019142e-08 -6.1217672e-09 7.7815834e-05)
(-2.8968408e-07 1.3908577e-07 4.9779358e-05)
(-2.6456734e-07 1.6180557e-07 4.7964638e-05)
(1.0908249e-06 -5.178298e-07 0.00011698895)
(5.8743371e-07 -1.8838597e-07 0.00010717837)
(5.7481947e-07 -2.5034571e-07 0.00010324982)
(1.7443474e-06 -6.5456938e-07 0.00012723354)
(1.6791548e-06 -8.2705953e-07 0.00012256013)
(2.2178019e-06 -1.1150412e-06 0.00011967125)
(6.0481363e-08 1.5392827e-08 7.7842068e-05)
(-3.3523652e-07 7.8536789e-08 4.9791671e-05)
(-3.1817092e-07 1.135898e-07 4.7978725e-05)
(1.1604265e-06 -2.9534361e-07 0.00011703452)
(5.9724649e-07 -8.3786042e-08 0.00010721109)
(5.9629056e-07 -1.3176712e-07 0.00010328745)
(1.8345767e-06 -3.2136489e-07 0.00012727671)
(1.8058073e-06 -4.8651816e-07 0.00012260991)
(2.3970494e-06 -6.6568352e-07 0.00011971891)
(3.8033401e-08 9.0870348e-09 7.7858314e-05)
(-3.5351484e-07 -3.2219523e-10 4.9796828e-05)
(-3.5384401e-07 4.1248086e-08 4.798724e-05)
(1.1859092e-06 -9.5104195e-08 0.00011706375)
(5.9698137e-07 -5.8404446e-10 0.00010722506)
(5.970266e-07 -4.0080691e-08 0.00010331148)
(1.8619993e-06 -6.9094061e-10 0.00012729507)
(1.8617105e-06 -1.5992702e-07 0.00012264187)
(2.4811932e-06 -2.2076757e-07 0.00011974922)
(3.8089e-08 -9.9784807e-09 7.7859983e-05)
(-3.3519375e-07 -7.9096072e-08 4.9794089e-05)
(-3.538153e-07 -4.1892663e-08 4.7988211e-05)
(1.1859805e-06 9.383653e-08 0.00011706639)
(5.9737181e-07 8.2720607e-08 0.00010721688)
(5.9710082e-07 3.8886135e-08 0.0001033138)
(1.8347254e-06 3.2004469e-07 0.00012728379)
(1.8617917e-06 1.5850357e-07 0.00012264471)
(2.4812678e-06 2.1950605e-07 0.00011975195)
(6.0625847e-08 -1.6120698e-08 7.7848549e-05)
(-2.8964836e-07 -1.394316e-07 4.9785827e-05)
(-3.1808317e-07 -1.1406563e-07 4.7982524e-05)
(1.1606404e-06 2.941976e-07 0.00011704472)
(5.8754967e-07 1.87608e-07 0.00010719337)
(5.9648077e-07 1.3078644e-07 0.00010329643)
(1.7445403e-06 6.5345062e-07 0.00012725204)
(1.8060348e-06 4.8523641e-07 0.00012262087)
(2.3973075e-06 6.64425e-07 0.00011972945)
(8.4961744e-08 5.9350259e-09 7.7830827e-05)
(-2.3895634e-07 -1.7700951e-07 4.9777029e-05)
(-2.6455454e-07 -1.6186585e-07 4.7973539e-05)
(1.0908546e-06 5.1732926e-07 0.0001170122)
(5.439459e-07 3.1559192e-07 0.00010716893)
(5.7481314e-07 2.500269e-07 0.00010327011)
(1.5753327e-06 9.9356984e-07 0.0001272192)
(1.6792344e-06 8.2639701e-07 0.0001225852)
(2.2179811e-06 1.1143032e-06 0.0001196957)
(8.5380714e-08 4.6506104e-08 7.781776e-05)
(-2.1717107e-07 -1.9142207e-07 4.7966785e-05)
(-2.000876e-07 -2.0574125e-07 4.9773153e-05)
(9.5650651e-07 7.4684308e-07 0.0001169885)
(5.0865857e-07 3.8357244e-07 0.00010325086)
(4.5321225e-07 4.4198905e-07 0.00010715834)
(1.4672553e-06 1.1625654e-06 0.00012255924)
(1.3230686e-06 1.309897e-06 0.00012720501)
(1.9353086e-06 1.5471517e-06 0.00011967116)
(8.2831939e-08 -4.4146012e-08 7.2137413e-05)
(-2.4151092e-07 1.7817607e-07 4.6158446e-05)
(-2.1840197e-07 1.9306175e-07 4.435282e-05)
(-2.0159853e-07 2.0862125e-07 4.6159428e-05)
(9.5409886e-07 -7.4484945e-07 0.0001084237)
(5.4114979e-07 -3.1569101e-07 9.9334346e-05)
(5.0739542e-07 -3.8231413e-07 9.5422853e-05)
(4.5267384e-07 -4.3868656e-07 9.9335063e-05)
(1.5724392e-06 -9.9383229e-07 0.00011790133)
(1.4659892e-06 -1.1617805e-06 0.00011324676)
(1.3226342e-06 -1.3065041e-06 0.00011790142)
(1.933114e-06 -1.5456246e-06 0.00011089515)
(8.2186054e-08 -6.8133775e-09 7.2153644e-05)
(-2.9196205e-07 1.3893807e-07 4.6169494e-05)
(-2.6535646e-07 1.6167396e-07 4.4361247e-05)
(1.0872596e-06 -5.1928006e-07 0.0001084532)
(5.8500386e-07 -1.9055322e-07 9.9364761e-05)
(5.732762e-07 -2.5170644e-07 9.5447014e-05)
(1.7416397e-06 -6.565765e-07 0.00011794195)
(1.6770828e-06 -8.2861423e-07 0.00011327937)
(2.2142002e-06 -1.1163502e-06 0.00011092715)
(5.9772806e-08 1.3564758e-08 7.2176722e-05)
(-3.3643769e-07 7.8000187e-08 4.6180091e-05)
(-3.1715973e-07 1.1267567e-07 4.4373707e-05)
(1.1582111e-06 -2.9786539e-07 0.00010849373)
(5.9651155e-07 -8.59043e-08 9.9393674e-05)
(5.962327e-07 -1.339418e-07 9.5480264e-05)
(1.8332941e-06 -3.2338697e-07 0.0001179804)
(1.8045066e-06 -4.8879568e-07 0.00011332357)
(2.3939004e-06 -6.6782209e-07 0.00011096974)
(3.9308514e-08 8.1240991e-09 7.2190815e-05)
(-3.5414203e-07 -3.3645835e-10 4.6184521e-05)
(-3.5131531e-07 4.0748279e-08 4.4381214e-05)
(1.1852447e-06 -9.6371014e-08 0.00010851958)
(5.9715711e-07 -6.2519059e-10 9.9406023e-05)
(5.9843764e-07 -4.108572e-08 9.5501418e-05)
(1.8615183e-06 -7.449123e-10 0.00011799676)
(1.8614052e-06 -1.6094557e-07 0.00011335187)
(2.4789272e-06 -2.2184524e-07 0.00011099668)
(3.9372833e-08 -9.0574082e-09 7.2192367e-05)
(-3.363645e-07 -7.8559091e-08 4.6182343e-05)
(-3.5128213e-07 -4.1424163e-08 4.4382058e-05)
(1.1853311e-06 9.5025377e-08 0.00010852204)
(5.9664759e-07 8.4808699e-08 9.9399059e-05)
(5.9850763e-07 3.9935241e-08 9.5503485e-05)
(1.8334482e-06 3.2202932e-07 0.00011798699)
(1.8614773e-06 1.5961412e-07 0.00011335441)
(2.4790146e-06 2.2050522e-07 0.00011099921)
(5.9926754e-08 -1.427492e-08 7.2182756e-05)
(-2.9187057e-07 -1.3919306e-07 4.6175516e-05)
(-3.1706322e-07 -1.1317865e-07 4.4377049e-05)
(1.1584284e-06 2.9675915e-07 0.00010850323)
(5.8511234e-07 1.8993229e-07 9.9378731e-05)
(5.9640333e-07 1.3300666e-07 9.5488305e-05)
(1.7417914e-06 6.5565847e-07 0.00011795918)
(1.8047012e-06 4.8760626e-07 0.00011333344)
(2.3941406e-06 6.666354e-07 0.00011097954)
(8.22341e-08 6.618826e-09 7.21676e-05)
(-2.4159822e-07 -1.7802672e-07 4.6168172e-05)
(-2.6533625e-07 -1.6174639e-07 4.4369187e-05)
(1.0873569e-06 5.1883545e-07 0.00010847486)
(5.4095086e-07 3.1589425e-07 9.9357495e-05)
(5.7322644e-07 2.5143494e-07 9.5465309e-05)
(1.5722486e-06 9.9378663e-07 0.00011793037)
(1.6770955e-06 8.2803948e-07 0.00011330208)
(2.2143816e-06 1.1157063e-06 0.00011094997)
(8.2468347e-08 4.4658266e-08 7.2156366e-05)
(-2.1865608e-07 -1.9274499e-07 4.436328e-05)
(-2.0194107e-07 -2.0823626e-07 4.6164901e-05)
(9.5367397e-07 7.4550045e-07 0.00010845414)
(5.071363e-07 3.8273799e-07 9.544847e-05)
(4.5182113e-07 4.3952877e-07 9.9348225e-05)
(1.46578e-06 1.1619312e-06 0.00011327922)
(1.3216693e-06 1.3073575e-06 0.00011791784)
(1.9328391e-06 1.5461196e-06 0.00011092846)
(8.2624872e-08 -4.4194625e-08 6.6482251e-05)
(-2.4119646e-07 1.7813352e-07 4.2553966e-05)
(-2.1771456e-07 1.9314809e-07 4.0747802e-05)
(-2.0167964e-07 2.0971983e-07 4.2555006e-05)
(9.5328953e-07 -7.4522584e-07 9.9897991e-05)
(5.4078809e-07 -3.1641925e-07 9.1531458e-05)
(5.0823718e-07 -3.8211753e-07 8.7622955e-05)
(4.5282446e-07 -4.3780533e-07 9.1532405e-05)
(1.5715816e-06 -9.9512067e-07 0.00010862114)
(1.4666313e-06 -1.161524e-06 0.00010397301)
(1.3229734e-06 -1.3059819e-06 0.00010862154)
(1.9317116e-06 -1.5459847e-06 0.00010216001)
(8.3058674e-08 -7.7740905e-09 6.6496504e-05)
(-2.8955358e-07 1.378274e-07 4.2563719e-05)
(-2.6386631e-07 1.6125036e-07 4.0755425e-05)
(1.0869924e-06 -5.2061952e-07 9.9924421e-05)
(5.8571616e-07 -1.9215058e-07 9.1558593e-05)
(5.7429577e-07 -2.5211267e-07 8.764501e-05)
(1.7408788e-06 -6.5856049e-07 0.00010865756)
(1.6773947e-06 -8.2899892e-07 0.00010400278)
(2.2127207e-06 -1.1174953e-06 0.00010218881)
(6.2221762e-08 1.2102866e-08 6.6516803e-05)
(-3.3172446e-07 7.6999888e-08 4.2573112e-05)
(-3.1445818e-07 1.1201966e-07 4.0767023e-05)
(1.1588407e-06 -2.9971724e-07 9.9960659e-05)
(5.9855043e-07 -8.7115352e-08 9.1584388e-05)
(5.9781985e-07 -1.3459467e-07 8.7675796e-05)
(1.8329234e-06 -3.2476463e-07 0.00010869199)
(1.8047953e-06 -4.8942054e-07 0.00010404353)
(2.3924536e-06 -6.6946298e-07 0.00010222699)
(4.3032664e-08 7.4924671e-09 6.6529237e-05)
(-3.4845625e-07 -3.5460103e-10 4.2577077e-05)
(-3.4779329e-07 4.0441953e-08 4.0774092e-05)
(1.186794e-06 -9.7102335e-08 9.9983777e-05)
(5.9978061e-07 -5.4127468e-10 9.1595434e-05)
(6.0044646e-07 -4.1400253e-08 8.7695466e-05)
(1.8613544e-06 -5.9999505e-10 0.00010870666)
(1.86174e-06 -1.6124598e-07 0.00010406964)
(2.4778206e-06 -2.224429e-07 0.00010225112)
(4.308701e-08 -8.3730216e-09 6.6530659e-05)
(-3.3166666e-07 -7.7626105e-08 4.2575194e-05)
(-3.4776357e-07 -4.1125715e-08 4.0774956e-05)
(1.1868525e-06 9.5969832e-08 9.9986016e-05)
(5.9865466e-07 8.6129477e-08 9.1589317e-05)
(6.0052136e-07 4.0182296e-08 8.7697477e-05)
(1.8330331e-06 3.236195e-07 0.00010869801)
(1.8618177e-06 1.598381e-07 0.00010407208)
(2.4778725e-06 2.2142496e-07 0.00010225342)
(6.2352318e-08 -1.2815128e-08 6.6522345e-05)
(-2.8949474e-07 -1.382287e-07 4.2569283e-05)
(-3.1437269e-07 -1.1252403e-07 4.0770373e-05)
(1.1590035e-06 2.987085e-07 9.9969353e-05)
(5.8578109e-07 1.9144056e-07 9.1571402e-05)
(5.9800618e-07 1.3359859e-07 8.7683553e-05)
(1.7409847e-06 6.5759715e-07 0.00010867334)
(1.8050109e-06 4.8815035e-07 0.00010405295)
(2.3926322e-06 6.6845229e-07 0.00010223593)
(8.2959659e-08 7.6175606e-09 6.6509334e-05)
(-2.4132307e-07 -1.7806818e-07 4.256296e-05)
(-2.6388506e-07 -1.612999e-07 4.076319e-05)
(1.0869154e-06 5.2025506e-07 9.9944275e-05)
(5.4072529e-07 3.1629972e-07 9.1552706e-05)
(5.7424496e-07 2.5181959e-07 8.7662464e-05)
(1.5716357e-06 9.9465543e-07 0.00010864777)
(1.6774232e-06 8.2837272e-07 0.00010402429)
(2.2127484e-06 1.1169937e-06 0.00010220969)
(8.2425859e-08 4.4379089e-08 6.6499697e-05)
(-2.180246e-07 -1.9277814e-07 4.0757788e-05)
(-2.0221062e-07 -2.0912597e-07 4.2560118e-05)
(9.5331894e-07 7.4521531e-07 9.9925927e-05)
(5.0797896e-07 3.8253657e-07 8.7646994e-05)
(4.520792e-07 4.3855514e-07 9.1544464e-05)
(1.4664789e-06 1.1616033e-06 0.00010400335)
(1.3223067e-06 1.3065503e-06 0.00010863653)
(1.9320365e-06 1.5456731e-06 0.00010219052)
(8.4561844e-08 -4.4032578e-08 6.0830239e-05)
(-2.3933992e-07 1.7782662e-07 3.8950393e-05)
(-2.169644e-07 1.935728e-07 3.7144546e-05)
(-2.001136e-07 2.0883022e-07 3.8951057e-05)
(9.5555794e-07 -7.4437393e-07 9.1381892e-05)
(5.4298933e-07 -3.1594754e-07 8.3736154e-05)
(5.0920623e-07 -3.8102416e-07 7.9827986e-05)
(4.5490816e-07 -4.3790601e-07 8.373657e-05)
(1.5733684e-06 -9.9401565e-07 9.9354071e-05)
(1.4677184e-06 -1.1602332e-06 9.470635e-05)
(1.3247553e-06 -1.3052942e-06 9.9354035e-05)
(1.9336055e-06 -1.5446256e-06 9.3437768e-05)
(8.476089e-08 -7.6715795e-09 6.0843865e-05)
(-2.8777349e-07 1.3784741e-07 3.895982e-05)
(-2.6319584e-07 1.6204908e-07 3.7151809e-05)
(1.0886565e-06 -5.2009877e-07 9.1406607e-05)
(5.8759815e-07 -1.9166121e-07 8.3761692e-05)
(5.7524575e-07 -2.505428e-07 7.9848758e-05)
(1.7422223e-06 -6.5765235e-07 9.9387981e-05)
(1.6786282e-06 -8.2721813e-07 9.4734258e-05)
(2.213844e-06 -1.1167165e-06 9.3464558e-05)
(6.3877973e-08 1.2320069e-08 6.0863318e-05)
(-3.3020682e-07 7.7067774e-08 3.896893e-05)
(-3.1416378e-07 1.1280812e-07 3.7162534e-05)
(1.1602799e-06 -2.9919425e-07 9.1440542e-05)
(6.0011152e-07 -8.688124e-08 8.3786014e-05)
(5.9836546e-07 -1.3321753e-07 7.9877305e-05)
(1.833918e-06 -3.243415e-07 9.9420063e-05)
(1.8057805e-06 -4.8788894e-07 9.4772084e-05)
(2.3932671e-06 -6.6878967e-07 9.3500139e-05)
(4.4458009e-08 7.5447118e-09 6.0875347e-05)
(-3.4710019e-07 -3.4817353e-10 3.8972773e-05)
(-3.4782677e-07 4.0782008e-08 3.7168997e-05)
(1.1878844e-06 -9.7012057e-08 9.1462232e-05)
(6.0118458e-07 -6.9802337e-10 8.3796433e-05)
(6.0064872e-07 -4.0858649e-08 7.9895516e-05)
(1.8621981e-06 -8.2642647e-10 9.9433726e-05)
(1.8624983e-06 -1.6065551e-07 9.4796298e-05)
(2.4782457e-06 -2.2233821e-07 9.3522614e-05)
(4.4527155e-08 -8.5516699e-09 6.0876664e-05)
(-3.301476e-07 -7.7639418e-08 3.8970859e-05)
(-3.4780381e-07 -4.1427441e-08 3.7169713e-05)
(1.1879802e-06 9.5522583e-08 9.14643e-05)
(6.0026779e-07 8.5653275e-08 8.3790566e-05)
(6.007235e-07 3.9626995e-08 7.9897257e-05)
(1.8340972e-06 3.2282507e-07 9.9425615e-05)
(1.862579e-06 1.5919834e-07 9.4798431e-05)
(2.478342e-06 2.2086282e-07 9.3524733e-05)
(6.4045919e-08 -1.3088186e-08 6.0868439e-05)
(-2.8772662e-07 -1.3809477e-07 3.8964957e-05)
(-3.1409908e-07 -1.1326841e-07 3.716536e-05)
(1.1605304e-06 2.9794563e-07 9.1448562e-05)
(5.8772568e-07 1.909408e-07 8.3773491e-05)
(5.9855135e-07 1.3221599e-07 7.9884085e-05)
(1.7424139e-06 6.5658445e-07 9.9402523e-05)
(1.8060069e-06 4.8657204e-07 9.4780394e-05)
(2.3935461e-06 6.6744782e-07 9.3508379e-05)
(8.4783393e-08 7.4875389e-09 6.0855677e-05)
(-2.3951852e-07 -1.7760728e-07 3.8958664e-05)
(-2.6326369e-07 -1.6203699e-07 3.7158491e-05)
(1.0887626e-06 5.1957866e-07 9.1424885e-05)
(5.4279488e-07 3.161124e-07 8.3755674e-05)
(5.751728e-07 2.5027556e-07 7.9864137e-05)
(1.5732548e-06 9.938327e-07 9.9378545e-05)
(1.6786577e-06 8.2657424e-07 9.475339e-05)
(2.2140617e-06 1.115965e-06 9.3483798e-05)
(8.4149255e-08 4.4600508e-08 6.0846246e-05)
(-2.1733607e-07 -1.9312527e-07 3.71533e-05)
(-2.0060499e-07 -2.0824996e-07 3.8955835e-05)
(9.5519012e-07 7.4495026e-07 9.1407527e-05)
(5.0893305e-07 3.8146689e-07 7.9849446e-05)
(4.5398355e-07 4.3886856e-07 8.374777e-05)
(1.467604e-06 1.1602752e-06 9.4733579e-05)
(1.3238281e-06 1.3061441e-06 9.9367925e-05)
(1.9334703e-06 1.5449484e-06 9.3465794e-05)
(8.3793306e-08 -4.2243748e-08 5.5174589e-05)
(-2.3975726e-07 1.7938826e-07 3.5343541e-05)
(-2.1663426e-07 1.9457293e-07 3.3532787e-05)
(-2.0044703e-07 2.1021027e-07 3.5343973e-05)
(9.5545155e-07 -7.4293415e-07 8.2860478e-05)
(5.4272341e-07 -3.1370897e-07 7.5935514e-05)
(5.1074621e-07 -3.7939968e-07 7.2019562e-05)
(4.5438337e-07 -4.3615521e-07 7.5935417e-05)
(1.5739149e-06 -9.9200052e-07 9.0081965e-05)
(1.4700906e-06 -1.1587289e-06 8.5426098e-05)
(1.3246797e-06 -1.3039902e-06 9.008133e-05)
(1.9341096e-06 -1.5437895e-06 8.4710706e-05)
(8.4137571e-08 -5.1369863e-09 5.5187218e-05)
(-2.8858292e-07 1.3943338e-07 3.5352252e-05)
(-2.6369649e-07 1.6402235e-07 3.3539875e-05)
(1.0892692e-06 -5.1732574e-07 8.2883669e-05)
(5.872181e-07 -1.8915728e-07 7.5959405e-05)
(5.7653145e-07 -2.4718937e-07 7.2039251e-05)
(1.7431047e-06 -6.5519088e-07 9.0113884e-05)
(1.6813409e-06 -8.2390234e-07 8.5452391e-05)
(2.2155074e-06 -1.1143419e-06 8.4735936e-05)
(6.2656354e-08 1.4376276e-08 5.5205206e-05)
(-3.3146604e-07 7.8124098e-08 3.5360613e-05)
(-3.162725e-07 1.1485571e-07 3.3550583e-05)
(1.1604291e-06 -2.9683151e-07 8.2915538e-05)
(5.9929456e-07 -8.5162861e-08 7.5982123e-05)
(5.9812502e-07 -1.2980546e-07 7.2066738e-05)
(1.8346642e-06 -3.2259011e-07 9.0144102e-05)
(1.8075995e-06 -4.8452592e-07 8.5488565e-05)
(2.394857e-06 -6.6672173e-07 8.4769565e-05)
(4.2960333e-08 8.3927404e-09 5.5216223e-05)
(-3.4853142e-07 -3.1906823e-10 3.5364107e-05)
(-3.5110762e-07 4.1656598e-08 3.3557119e-05)
(1.1877775e-06 -9.5974532e-08 8.2935876e-05)
(6.0017573e-07 -5.5864706e-10 7.5991825e-05)
(5.9911684e-07 -3.9415721e-08 7.2084334e-05)
(1.8628626e-06 -6.5272019e-10 9.0156937e-05)
(1.8634085e-06 -1.5925069e-07 8.5511757e-05)
(2.479824e-06 -2.213848e-07 8.4790807e-05)
(4.3010768e-08 -9.247175e-09 5.5217428e-05)
(-3.3143515e-07 -7.8670133e-08 3.5362372e-05)
(-3.5108541e-07 -4.2272213e-08 3.3557822e-05)
(1.1878392e-06 9.4779774e-08 8.2937771e-05)
(5.9939981e-07 8.4156241e-08 7.59863e-05)
(5.9918856e-07 3.8230857e-08 7.2085988e-05)
(1.8347896e-06 3.213495e-07 9.0149195e-05)
(1.8634907e-06 1.5779511e-07 8.5513764e-05)
(2.4798846e-06 2.2025042e-07 8.479275e-05)
(6.2773359e-08 -1.5046337e-08 5.5209896e-05)
(-2.8858926e-07 -1.3973934e-07 3.5356931e-05)
(-3.1621229e-07 -1.1528606e-07 3.355332e-05)
(1.1606032e-06 2.9577179e-07 8.2922896e-05)
(5.8726811e-07 1.8845607e-07 7.5970212e-05)
(5.9829836e-07 1.2884851e-07 7.2073147e-05)
(1.7432314e-06 6.5415203e-07 9.0127236e-05)
(1.8078277e-06 4.8321161e-07 8.5496362e-05)
(2.3950678e-06 6.6559321e-07 8.4777137e-05)
(8.3977598e-08 5.0745454e-09 5.5198011e-05)
(-2.3999359e-07 -1.7918442e-07 3.5351037e-05)
(-2.6378139e-07 -1.6397019e-07 3.3546225e-05)
(1.0891737e-06 5.1697183e-07 8.2900431e-05)
(5.4262849e-07 3.1363709e-07 7.5953335e-05)
(5.764247e-07 2.4697003e-07 7.2053663e-05)
(1.5740158e-06 9.9147745e-07 9.0104376e-05)
(1.6813571e-06 8.2326983e-07 8.5470285e-05)
(2.2155618e-06 1.1137765e-06 8.4753655e-05)
(8.3518675e-08 4.2532352e-08 5.5189138e-05)
(-2.1704289e-07 -1.9408296e-07 3.3540829e-05)
(-2.0112711e-07 -2.0940395e-07 3.5348354e-05)
(9.555081e-07 7.4291545e-07 8.2883874e-05)
(5.1043072e-07 3.7987073e-07 7.2039248e-05)
(4.5355418e-07 4.370409e-07 7.5945776e-05)
(1.4699635e-06 1.1587629e-06 8.5451088e-05)
(1.3240287e-06 1.3045835e-06 9.0094161e-05)
(1.934555e-06 1.5433579e-06 8.473639e-05)
(8.6664449e-08 -4.1635821e-08 4.9511454e-05)
(-2.3942017e-07 1.8092863e-07 3.1732551e-05)
(-2.1495945e-07 1.9408939e-07 2.9921959e-05)
(-1.998741e-07 2.102538e-07 3.1732455e-05)
(9.5945981e-07 -7.4124769e-07 7.4328359e-05)
(5.459184e-07 -3.1085041e-07 6.8125432e-05)
(5.1323479e-07 -3.7900611e-07 6.4206779e-05)
(4.5664792e-07 -4.3621586e-07 6.8124529e-05)
(1.5785302e-06 -9.8912899e-07 8.0798335e-05)
(1.4729135e-06 -1.1579089e-06 7.6137748e-05)
(1.3277976e-06 -1.304156e-06 8.0796932e-05)
(1.938741e-06 -1.5420821e-06 7.5972669e-05)
(8.5546564e-08 -2.3991713e-09 4.9523948e-05)
(-2.9030695e-07 1.420428e-07 3.1741316e-05)
(-2.6305858e-07 1.6475706e-07 2.9928351e-05)
(1.0926421e-06 -5.1343698e-07 7.4350499e-05)
(5.8873616e-07 -1.8472066e-07 6.8148448e-05)
(5.7873044e-07 -2.4506202e-07 6.4224832e-05)
(1.7468265e-06 -6.5086533e-07 8.0828649e-05)
(1.6845987e-06 -8.2136776e-07 7.6161853e-05)
(2.2203252e-06 -1.1109122e-06 7.5996535e-05)
(6.1169117e-08 1.7844035e-08 4.9541683e-05)
(-3.3557141e-07 8.0101054e-08 3.1749773e-05)
(-3.1764093e-07 1.1611752e-07 2.9937797e-05)
(1.1618469e-06 -2.9242709e-07 7.4380984e-05)
(5.9838061e-07 -8.1903783e-08 6.8170399e-05)
(5.9876438e-07 -1.272607e-07 6.4249719e-05)
(1.836687e-06 -3.1949102e-07 8.0857427e-05)
(1.8101109e-06 -4.8175186e-07 7.6194727e-05)
(2.3990048e-06 -6.6293471e-07 7.6028477e-05)
(3.9006392e-08 9.9079163e-09 4.9552695e-05)
(-3.5366007e-07 -3.1903243e-10 3.1753315e-05)
(-3.5407641e-07 4.2263754e-08 2.9943595e-05)
(1.1872484e-06 -9.4166923e-08 7.4400541e-05)
(5.9813343e-07 -6.519443e-10 6.8179749e-05)
(5.9830406e-07 -3.8286939e-08 6.4265712e-05)
(1.8640416e-06 -8.2548728e-10 8.086962e-05)
(1.8649805e-06 -1.5807292e-07 7.6215861e-05)
(2.4829312e-06 -2.1990939e-07 7.6048737e-05)
(3.9068984e-08 -1.0838928e-08 4.9553775e-05)
(-3.3551648e-07 -8.0618516e-08 3.1751352e-05)
(-3.5405245e-07 -4.2866701e-08 2.9944168e-05)
(1.187342e-06 9.2726659e-08 7.4402241e-05)
(5.9852156e-07 8.0760853e-08 6.8174148e-05)
(5.9837595e-07 3.7109695e-08 6.4267113e-05)
(1.8368692e-06 3.1797339e-07 8.0862006e-05)
(1.8650678e-06 1.5657393e-07 7.6217581e-05)
(2.4830322e-06 2.1841702e-07 7.6050481e-05)
(6.1312382e-08 -1.8540324e-08 4.9545895e-05)
(-2.9027397e-07 -1.4223945e-07 3.1745512e-05)
(-3.1757858e-07 -1.1653139e-07 2.9940068e-05)
(1.1620847e-06 2.9122595e-07 7.4387599e-05)
(5.8882687e-07 1.8406426e-07 6.8158155e-05)
(5.9893321e-07 1.2631667e-07 6.4255196e-05)
(1.7470153e-06 6.4978193e-07 8.0840677e-05)
(1.8103483e-06 4.8040663e-07 7.6201459e-05)
(2.3992919e-06 6.6158148e-07 7.6035294e-05)
(8.5506329e-08 2.2963617e-09 4.9533638e-05)
(-2.3964266e-07 -1.806425e-07 3.1739248e-05)
(-2.631433e-07 -1.6468285e-07 2.993372e-05)
(1.0926984e-06 5.1297564e-07 7.4365583e-05)
(5.4566214e-07 3.1106606e-07 6.8141402e-05)
(5.7860957e-07 2.4486196e-07 6.423724e-05)
(1.5784033e-06 9.8892394e-07 8.0818478e-05)
(1.6846186e-06 8.2071737e-07 7.6177387e-05)
(2.2205277e-06 1.110169e-06 7.6012531e-05)
(8.6162398e-08 4.226637e-08 4.9524454e-05)
(-2.1539199e-07 -1.9356897e-07 2.9928919e-05)
(-2.0050244e-07 -2.0954944e-07 3.1736404e-05)
(9.5903796e-07 7.4184619e-07 7.4349321e-05)
(5.1286243e-07 3.7952821e-07 6.4223985e-05)
(4.5557769e-07 4.3730219e-07 6.8133883e-05)
(1.4727362e-06 1.1579773e-06 7.6159683e-05)
(1.3267972e-06 1.3050653e-06 8.0808519e-05)
(1.9385997e-06 1.5423735e-06 7.5995751e-05)
(8.815094e-08 -4.2528992e-08 4.3841305e-05)
(-2.3739081e-07 1.7972399e-07 2.8117481e-05)
(-2.1421643e-07 1.9360099e-07 2.6308219e-05)
(-1.9759219e-07 2.0861632e-07 2.8117589e-05)
(9.6077191e-07 -7.4174151e-07 6.5783628e-05)
(5.4747979e-07 -3.1106001e-07 6.0303721e-05)
(5.1362466e-07 -3.7889368e-07 5.639048e-05)
(4.5798412e-07 -4.3689784e-07 6.0303109e-05)
(1.5800477e-06 -9.8853518e-07 7.1499212e-05)
(1.4729098e-06 -1.1572763e-06 6.6846058e-05)
(1.3285329e-06 -1.3042177e-06 7.1498075e-05)
(1.9398437e-06 -1.542221e-06 6.7219999e-05)
(8.716583e-08 -2.429468e-09 4.3851938e-05)
(-2.8926111e-07 1.415611e-07 2.8124819e-05)
(-2.6259092e-07 1.6453839e-07 2.6313567e-05)
(1.0946537e-06 -5.1264434e-07 6.5802931e-05)
(5.901165e-07 -1.8430653e-07 6.0323715e-05)
(5.7907474e-07 -2.4464626e-07 5.6405713e-05)
(1.7489174e-06 -6.4973265e-07 7.1525888e-05)
(1.6847751e-06 -8.2050015e-07 6.6866559e-05)
(2.222641e-06 -1.1096653e-06 6.7240939e-05)
(6.2079329e-08 1.809221e-08 4.3867191e-05)
(-3.3578418e-07 8.0096137e-08 2.8131957e-05)
(-3.1772911e-07 1.1610462e-07 2.6321785e-05)
(1.1634003e-06 -2.914741e-07 6.5829646e-05)
(5.9913422e-07 -8.1366936e-08 6.0342854e-05)
(5.9875187e-07 -1.2681059e-07 5.6427197e-05)
(1.8387506e-06 -3.1854831e-07 7.155127e-05)
(1.8101899e-06 -4.8101665e-07 6.6895064e-05)
(2.4013494e-06 -6.6169087e-07 6.7269093e-05)
(3.9259457e-08 1.010344e-08 4.3876709e-05)
(-3.5446844e-07 -3.0871841e-10 2.813496e-05)
(-3.5464274e-07 4.2294457e-08 2.6326818e-05)
(1.1882823e-06 -9.3648617e-08 6.5846819e-05)
(5.9854023e-07 -5.5420151e-10 6.0351025e-05)
(5.9795252e-07 -3.808815e-08 5.6441019e-05)
(1.8659982e-06 -6.9924927e-10 7.156203e-05)
(1.8649125e-06 -1.5778168e-07 6.6913382e-05)
(2.4850796e-06 -2.1927824e-07 6.7286948e-05)
(3.9308821e-08 -1.0937766e-08 4.3877658e-05)
(-3.3574816e-07 -8.0618504e-08 2.8133344e-05)
(-3.546227e-07 -4.2887967e-08 2.6327372e-05)
(1.1883501e-06 9.2419148e-08 6.5848314e-05)
(5.9923756e-07 8.0373369e-08 6.0346152e-05)
(5.980241e-07 3.6903927e-08 5.6442314e-05)
(1.8388933e-06 3.1722537e-07 7.1555308e-05)
(1.8650014e-06 1.5625824e-07 6.6914956e-05)
(2.4851534e-06 2.1803698e-07 6.7288486e-05)
(6.2186774e-08 -1.8735008e-08 4.3870896e-05)
(-2.8926505e-07 -1.4182794e-07 2.812851e-05)
(-3.1767741e-07 -1.1650958e-07 2.6323941e-05)
(1.1635815e-06 2.9039804e-07 6.5835475e-05)
(5.9014981e-07 1.8363818e-07 6.0332253e-05)
(5.9892185e-07 1.2585641e-07 5.6432222e-05)
(1.7490598e-06 6.4864656e-07 7.1536492e-05)
(1.8104364e-06 4.796386e-07 6.6901191e-05)
(2.4015867e-06 6.6048514e-07 6.7275109e-05)
(8.6983149e-08 2.4035443e-09 4.3860461e-05)
(-2.3765091e-07 -1.7946706e-07 2.8123373e-05)
(-2.6270671e-07 -1.6444106e-07 2.6318545e-05)
(1.0945512e-06 5.1229463e-07 6.5816213e-05)
(5.4731396e-07 3.1106219e-07 6.0317759e-05)
(5.7893819e-07 2.44453e-07 5.6416973e-05)
(1.5801026e-06 9.8803426e-07 7.1516952e-05)
(1.6847953e-06 8.1983377e-07 6.6880602e-05)
(2.2227167e-06 1.1090523e-06 6.7255044e-05)
(8.779154e-08 4.2894726e-08 4.3852732e-05)
(-2.1467385e-07 -1.9305265e-07 2.6314481e-05)
(-1.9833381e-07 -2.0776881e-07 2.8121079e-05)
(9.6072158e-07 7.4180892e-07 6.5802063e-05)
(5.1328354e-07 3.7937518e-07 5.6405779e-05)
(4.5704794e-07 4.3786024e-07 6.0311314e-05)
(1.4728072e-06 1.1572588e-06 6.6865533e-05)
(1.3278051e-06 1.3048664e-06 7.1508248e-05)
(1.9401987e-06 1.5418607e-06 6.7240319e-05)
(8.7559127e-08 -4.1823815e-08 3.8177281e-05)
(-2.3821333e-07 1.802142e-07 2.4505229e-05)
(-2.166897e-07 1.9491277e-07 2.2695818e-05)
(-1.9841622e-07 2.0926968e-07 2.450546e-05)
(9.600439e-07 -7.4066895e-07 5.7249503e-05)
(5.4664958e-07 -3.1033152e-07 5.2490993e-05)
(5.1028535e-07 -3.7771218e-07 4.8577923e-05)
(4.5730273e-07 -4.3607868e-07 5.2490787e-05)
(1.578697e-06 -9.8764092e-07 6.2211868e-05)
(1.4687117e-06 -1.1557155e-06 5.7559623e-05)
(1.3275994e-06 -1.3030048e-06 6.2211321e-05)
(1.9388685e-06 -1.5408585e-06 5.8479582e-05)
(8.6085485e-08 -2.0700252e-09 3.818602e-05)
(-2.899345e-07 1.4179273e-07 2.4511256e-05)
(-2.6496751e-07 1.6495073e-07 2.2699751e-05)
(1.0933552e-06 -5.1226357e-07 5.72655e-05)
(5.8906293e-07 -1.8387259e-07 5.2507634e-05)
(5.7551215e-07 -2.4477609e-07 4.8590042e-05)
(1.7470754e-06 -6.4928196e-07 6.2234166e-05)
(1.6799955e-06 -8.2040727e-07 5.7576138e-05)
(2.2210272e-06 -1.1092128e-06 5.849696e-05)
(6.0793411e-08 1.8352655e-08 3.8198689e-05)
(-3.3622487e-07 8.0123504e-08 2.4517092e-05)
(-3.1945481e-07 1.1596775e-07 2.2705842e-05)
(1.1620686e-06 -2.9129506e-07 5.7287877e-05)
(5.9802104e-07 -8.1236376e-08 5.2523604e-05)
(5.9574288e-07 -1.2755718e-07 4.8607154e-05)
(1.8367014e-06 -3.184469e-07 6.2255459e-05)
(1.8056126e-06 -4.816351e-07 5.7599223e-05)
(2.3997518e-06 -6.6151583e-07 5.8520574e-05)
(3.7829726e-08 1.0158198e-08 3.8206511e-05)
(-3.5479678e-07 -3.1045469e-10 2.451953e-05)
(-3.5572263e-07 4.2163009e-08 2.2709431e-05)
(1.1869475e-06 -9.3690982e-08 5.7302213e-05)
(5.9742997e-07 -6.5993579e-10 5.2530425e-05)
(5.9561361e-07 -3.8500244e-08 4.8618084e-05)
(1.8639061e-06 -8.5083266e-10 6.2264491e-05)
(1.8607868e-06 -1.5815357e-07 5.7613989e-05)
(2.4835394e-06 -2.1935436e-07 5.85355e-05)
(3.7890157e-08 -1.1086161e-08 3.820733e-05)
(-3.3618421e-07 -8.0624956e-08 2.4518295e-05)
(-3.5570561e-07 -4.2746193e-08 2.2709866e-05)
(1.187041e-06 9.22195e-08 5.7303502e-05)
(5.9816195e-07 8.0075087e-08 5.2526456e-05)
(5.9568758e-07 3.7276319e-08 4.8619143e-05)
(1.8368922e-06 3.1687316e-07 6.2258955e-05)
(1.8608796e-06 1.5657246e-07 5.7615291e-05)
(2.4836433e-06 2.1780369e-07 5.8536825e-05)
(6.0932048e-08 -1.9048198e-08 3.8201898e-05)
(-2.8993431e-07 -1.4197984e-07 2.4514454e-05)
(-3.1941137e-07 -1.1636107e-07 2.2707568e-05)
(1.1623127e-06 2.9005025e-07 5.7292925e-05)
(5.8914953e-07 1.8318152e-07 5.2515023e-05)
(5.9592163e-07 1.2656893e-07 4.8611315e-05)
(1.7472829e-06 6.4811754e-07 6.224337e-05)
(1.8058722e-06 4.8020581e-07 5.760435e-05)
(2.400058e-06 6.6008371e-07 5.8525786e-05)
(8.6002692e-08 1.9999365e-09 3.8193397e-05)
(-2.3848637e-07 -1.7988578e-07 2.4510303e-05)
(-2.6509647e-07 -1.6484478e-07 2.2703807e-05)
(1.0933915e-06 5.1179121e-07 5.7277017e-05)
(5.4641647e-07 3.1049725e-07 5.25031e-05)
(5.7539013e-07 2.4456152e-07 4.8599427e-05)
(1.5786527e-06 9.8731472e-07 6.2227218e-05)
(1.6800402e-06 8.1970242e-07 5.7587982e-05)
(2.2212389e-06 1.1084204e-06 5.8509228e-05)
(8.7060754e-08 4.2442068e-08 3.8187104e-05)
(-2.1715234e-07 -1.9435777e-07 2.2700975e-05)
(-1.9913583e-07 -2.0842856e-07 2.4508498e-05)
(9.5972724e-07 7.4114186e-07 5.7265391e-05)
(5.0996092e-07 3.7819434e-07 4.8590784e-05)
(4.5622531e-07 4.3720556e-07 5.2497932e-05)
(1.4686455e-06 1.155675e-06 5.7576122e-05)
(1.3266698e-06 1.3038698e-06 6.2220183e-05)
(1.9389057e-06 1.5409372e-06 5.8497142e-05)
(8.2234468e-08 -3.9930968e-08 3.2515989e-05)
(-2.4225218e-07 1.8142571e-07 2.0894849e-05)
(-2.2108344e-07 1.9713066e-07 1.9089117e-05)
(-2.0201423e-07 2.1188963e-07 2.089542e-05)
(9.5352244e-07 -7.3922904e-07 4.8718975e-05)
(5.4057459e-07 -3.1004921e-07 4.4681075e-05)
(5.0524922e-07 -3.7692928e-07 4.0776867e-05)
(4.5229701e-07 -4.3341118e-07 4.4681602e-05)
(1.571083e-06 -9.8692191e-07 5.2928376e-05)
(1.4625557e-06 -1.154717e-06 4.8287257e-05)
(1.3214211e-06 -1.2997006e-06 5.292879e-05)
(1.9314285e-06 -1.538922e-06 4.9742759e-05)
(8.1109187e-08 -2.0565948e-09 3.2522347e-05)
(-2.9338444e-07 1.4177749e-07 2.0899073e-05)
(-2.6875189e-07 1.654013e-07 1.9091857e-05)
(1.0866659e-06 -5.1286217e-07 4.8731137e-05)
(5.835328e-07 -1.8526577e-07 4.4693757e-05)
(5.7056731e-07 -2.462731e-07 4.0785934e-05)
(1.7395665e-06 -6.5033181e-07 5.2945747e-05)
(1.6732109e-06 -8.2182325e-07 4.8299852e-05)
(2.212835e-06 -1.1091598e-06 4.9756146e-05)
(5.7248661e-08 1.7261433e-08 3.2531878e-05)
(-3.3859958e-07 7.9759933e-08 2.0903203e-05)
(-3.2154407e-07 1.1538966e-07 1.9096502e-05)
(1.1562291e-06 -2.9295801e-07 4.8748564e-05)
(5.9379347e-07 -8.2601365e-08 4.4706011e-05)
(5.9230405e-07 -1.2983275e-07 4.0799258e-05)
(1.8300715e-06 -3.1959895e-07 5.2962458e-05)
(1.7995335e-06 -4.838555e-07 4.8318093e-05)
(2.3915731e-06 -6.6258043e-07 4.9774765e-05)
(3.5770105e-08 9.5764063e-09 3.253764e-05)
(-3.5662738e-07 -3.007219e-10 2.0904925e-05)
(-3.5637451e-07 4.1779362e-08 1.9099243e-05)
(1.1822627e-06 -9.4473681e-08 4.8759651e-05)
(5.9388737e-07 -5.9738737e-10 4.4711276e-05)
(5.9362029e-07 -3.9544097e-08 4.0807769e-05)
(1.8577869e-06 -7.604137e-10 5.2969575e-05)
(1.8556305e-06 -1.591648e-07 4.8329709e-05)
(2.4759142e-06 -2.1986973e-07 4.9786428e-05)
(3.5820694e-08 -1.0438784e-08 3.253834e-05)
(-3.3857519e-07 -8.025785e-08 2.0904221e-05)
(-3.5635569e-07 -4.2371838e-08 1.9099614e-05)
(1.1823371e-06 9.3147214e-08 4.8760759e-05)
(5.9390841e-07 8.1536408e-08 4.4708463e-05)
(5.9369339e-07 3.8353525e-08 4.0808665e-05)
(1.8302322e-06 3.1816908e-07 5.2965474e-05)
(1.8557202e-06 1.5764036e-07 4.8330808e-05)
(2.4759978e-06 2.1850253e-07 4.9787571e-05)
(5.7362289e-08 -1.7923785e-08 3.2534625e-05)
(-2.9341491e-07 -1.4201097e-07 2.0901779e-05)
(-3.214962e-07 -1.1579507e-07 1.9097972e-05)
(1.1564324e-06 2.9179707e-07 4.8752915e-05)
(5.8358247e-07 1.8456372e-07 4.4700095e-05)
(5.9247733e-07 1.2887529e-07 4.0802795e-05)
(1.7397407e-06 6.4917777e-07 5.2953698e-05)
(1.7997813e-06 4.824807e-07 4.8322453e-05)
(2.3918421e-06 6.6125864e-07 4.9779279e-05)
(8.0938662e-08 2.0247716e-09 3.2528642e-05)
(-2.4254628e-07 -1.8112958e-07 2.0899104e-05)
(-2.6887674e-07 -1.6530233e-07 1.9095294e-05)
(1.0866015e-06 5.1245261e-07 4.8741051e-05)
(5.4042008e-07 3.1006422e-07 4.4691395e-05)
(5.7043089e-07 2.4608754e-07 4.0793902e-05)
(1.5711794e-06 9.8639436e-07 5.2941562e-05)
(1.6732307e-06 8.211715e-07 4.830999e-05)
(2.2129664e-06 1.1084557e-06 4.9766804e-05)
(8.1888843e-08 4.030646e-08 3.2524282e-05)
(-2.2154529e-07 -1.965771e-07 1.9093319e-05)
(-2.0270339e-07 -2.1106211e-07 2.0898022e-05)
(9.5352666e-07 7.3927617e-07 4.8732519e-05)
(5.0493913e-07 3.7739714e-07 4.0787557e-05)
(4.51448e-07 4.3431711e-07 4.4687814e-05)
(1.4625071e-06 1.1546706e-06 4.8301102e-05)
(1.3208148e-06 1.3002497e-06 5.293651e-05)
(1.9318559e-06 1.5385058e-06 4.9757867e-05)
(7.8436177e-08 -3.9029769e-08 2.6835927e-05)
(-2.465219e-07 1.827221e-07 1.7267871e-05)
(-2.2776463e-07 2.0118943e-07 1.5469173e-05)
(-2.061473e-07 2.149653e-07 1.7268385e-05)
(9.489916e-07 -7.3898869e-07 4.0169655e-05)
(5.3642506e-07 -3.1117141e-07 3.6851491e-05)
(4.9979473e-07 -3.7549428e-07 3.2978308e-05)
(4.4901824e-07 -4.3220614e-07 3.6852133e-05)
(1.5654792e-06 -9.8809731e-07 4.3628154e-05)
(1.4617013e-06 -1.157745e-06 3.9026805e-05)
(1.3174776e-06 -1.2982394e-06 4.3628859e-05)
(1.9258131e-06 -1.5380564e-06 4.0991339e-05)
(7.7925836e-08 -3.3612457e-09 2.6840672e-05)
(-2.9590723e-07 1.4147667e-07 1.727111e-05)
(-2.7549131e-07 1.6747903e-07 1.5471385e-05)
(1.081818e-06 -5.1526168e-07 4.0179021e-05)
(5.8045915e-07 -1.8783083e-07 3.686136e-05)
(5.6488344e-07 -2.4667249e-07 3.2985579e-05)
(1.7339442e-06 -6.5302007e-07 4.3641796e-05)
(1.672305e-06 -8.256194e-07 3.9036839e-05)
(2.2059707e-06 -1.1109853e-06 4.1001755e-05)
(5.6155696e-08 1.5278004e-08 2.684807e-05)
(-3.3900908e-07 7.9045046e-08 1.7274385e-05)
(-3.2753741e-07 1.1603673e-07 1.5475205e-05)
(1.1528048e-06 -2.9585348e-07 4.0192803e-05)
(5.9243075e-07 -8.467172e-08 3.6871032e-05)
(5.8729282e-07 -1.3095017e-07 3.2996385e-05)
(1.8252413e-06 -3.2174087e-07 4.3655056e-05)
(1.7992426e-06 -4.8705879e-07 3.905163e-05)
(2.3849971e-06 -6.649597e-07 4.1016579e-05)
(3.6271654e-08 8.6421174e-09 2.6852611e-05)
(-3.5611822e-07 -3.1606774e-10 1.7275773e-05)
(-3.617417e-07 4.1831383e-08 1.5477479e-05)
(1.1800868e-06 -9.5769024e-08 4.0201598e-05)
(5.933098e-07 -6.2139853e-10 3.6875203e-05)
(5.8923598e-07 -4.0151958e-08 3.3003316e-05)
(1.853382e-06 -7.8890663e-10 4.3660698e-05)
(1.8558794e-06 -1.6046924e-07 3.9061011e-05)
(2.4698419e-06 -2.2095717e-07 4.1025834e-05)
(3.6332783e-08 -9.547016e-09 2.6853158e-05)
(-3.3896174e-07 -7.9570536e-08 1.7275188e-05)
(-3.617099e-07 -4.255391e-08 1.5477764e-05)
(1.1801757e-06 9.438704e-08 4.0202469e-05)
(5.9256515e-07 8.3573301e-08 3.6872987e-05)
(5.8932846e-07 3.8749124e-08 3.3004018e-05)
(1.8254166e-06 3.2027831e-07 4.3657475e-05)
(1.8559869e-06 1.5874571e-07 3.9061879e-05)
(2.4699357e-06 2.1953906e-07 4.1026734e-05)
(5.6293003e-08 -1.5955971e-08 2.6850262e-05)
(-2.9589008e-07 -1.4170355e-07 1.727327e-05)
(-3.2745515e-07 -1.1656982e-07 1.5476361e-05)
(1.1530295e-06 2.9469278e-07 4.0196298e-05)
(5.8053835e-07 1.8716716e-07 3.6866469e-05)
(5.8751334e-07 1.2979299e-07 3.2999227e-05)
(1.7341275e-06 6.5192986e-07 4.3648282e-05)
(1.7995327e-06 4.8549555e-07 3.905516e-05)
(2.3852689e-06 6.6365949e-07 4.1020217e-05)
(7.7827607e-08 3.3093945e-09 2.6845748e-05)
(-2.4676295e-07 -1.824429e-07 1.7271239e-05)
(-2.755833e-07 -1.6747979e-07 1.5474123e-05)
(1.0818143e-06 5.1487043e-07 4.0187099e-05)
(5.3623001e-07 3.1129347e-07 3.6859802e-05)
(5.6476969e-07 2.4634878e-07 3.299203e-05)
(1.5654643e-06 9.8776124e-07 4.3638913e-05)
(1.6723291e-06 8.2483541e-07 3.904519e-05)
(2.2061158e-06 1.1103223e-06 4.1010537e-05)
(7.7953107e-08 3.9633e-08 2.6842542e-05)
(-2.2825677e-07 -2.00661e-07 1.5472499e-05)
(-2.0697485e-07 -2.1404639e-07 1.7270481e-05)
(9.4870674e-07 7.394411e-07 4.0180605e-05)
(4.9936193e-07 3.7599569e-07 3.2986973e-05)
(4.4783129e-07 4.3343088e-07 3.6857212e-05)
(1.4614731e-06 1.1577567e-06 3.903817e-05)
(1.3164414e-06 1.2992028e-06 4.3635197e-05)
(1.9258883e-06 1.5381235e-06 4.1003704e-05)
(6.9847031e-08 -3.4194426e-08 2.1332364e-05)
(-2.5563526e-07 1.8743227e-07 1.3769664e-05)
(-2.2267627e-07 1.9565957e-07 1.1889487e-05)
(-2.1407511e-07 2.2143147e-07 1.3770022e-05)
(9.4742426e-07 -7.4098191e-07 3.1856586e-05)
(5.2994228e-07 -3.0948875e-07 2.92502e-05)
(5.1972742e-07 -3.9465176e-07 2.5126693e-05)
(4.4310068e-07 -4.2930234e-07 2.9250801e-05)
(1.5701529e-06 -9.9442148e-07 3.457373e-05)
(1.4937793e-06 -1.1874592e-06 2.9660893e-05)
(1.3210215e-06 -1.3054279e-06 3.4574607e-05)
(1.9369404e-06 -1.5506978e-06 3.2465133e-05)
(6.838168e-08 -1.724524e-10 2.1336312e-05)
(-3.0604351e-07 1.4440995e-07 1.3772433e-05)
(-2.6934508e-07 1.6327546e-07 1.1891016e-05)
(1.0803782e-06 -5.172028e-07 3.1864174e-05)
(5.7343521e-07 -1.8712593e-07 2.9258355e-05)
(5.8830677e-07 -2.6119248e-07 2.5131819e-05)
(1.7393232e-06 -6.5780873e-07 3.4584901e-05)
(1.7096975e-06 -8.4803747e-07 2.9668019e-05)
(2.218908e-06 -1.1207765e-06 3.2473609e-05)
(4.5854588e-08 1.6942571e-08 2.1342645e-05)
(-3.4986157e-07 8.0424469e-08 1.3775259e-05)
(-3.2059267e-07 1.1336201e-07 1.1893604e-05)
(1.1513434e-06 -2.9739216e-07 3.1875632e-05)
(5.8505934e-07 -8.4500237e-08 2.9266411e-05)
(6.1326198e-07 -1.4015167e-07 2.5139496e-05)
(1.8310622e-06 -3.243603e-07 3.4595846e-05)
(1.84044e-06 -5.0117467e-07 2.9678513e-05)
(2.3990924e-06 -6.7129147e-07 3.2485992e-05)
(2.5533383e-08 9.0812594e-09 2.1346532e-05)
(-3.6724545e-07 -4.2813856e-10 1.3776455e-05)
(-3.5432745e-07 4.0935612e-08 1.1895035e-05)
(1.1786186e-06 -9.6429567e-08 3.1882904e-05)
(5.8582054e-07 -8.0746452e-10 2.9269904e-05)
(6.1660112e-07 -4.328768e-08 2.5144329e-05)
(1.8593647e-06 -9.5812343e-10 3.4600501e-05)
(1.8991047e-06 -1.6528064e-07 2.9685162e-05)
(2.4845356e-06 -2.2320473e-07 3.2493619e-05)
(2.5615647e-08 -1.028411e-08 2.1347022e-05)
(-3.4979033e-07 -8.1176961e-08 1.3775988e-05)
(-3.5430866e-07 -4.1522473e-08 1.1895277e-05)
(1.1787309e-06 9.4691563e-08 3.1883667e-05)
(5.8524096e-07 8.3026178e-08 2.9268129e-05)
(6.1668084e-07 4.206778e-08 2.5144859e-05)
(1.8312836e-06 3.2254504e-07 3.4597953e-05)
(1.8991991e-06 1.6374244e-07 2.9685799e-05)
(2.4846508e-06 2.2149856e-07 3.2494398e-05)
(4.6052022e-08 -1.7929914e-08 2.1344586e-05)
(-3.0600788e-07 -1.4486742e-07 1.3774345e-05)
(-3.2054046e-07 -1.1376822e-07 1.1894545e-05)
(1.1516371e-06 2.9584307e-07 3.1878687e-05)
(5.7355277e-07 1.8609393e-07 2.9262787e-05)
(6.1345545e-07 1.3918687e-07 2.5141589e-05)
(1.7395411e-06 6.5634555e-07 3.4590545e-05)
(1.8406964e-06 4.9982332e-07 2.9681041e-05)
(2.3994363e-06 6.696496e-07 3.2489156e-05)
(6.8278597e-08 -9.0052102e-11 2.1340711e-05)
(-2.5591447e-07 -1.8727883e-07 1.377257e-05)
(-2.6943351e-07 -1.6320914e-07 1.1893152e-05)
(1.0803389e-06 5.1652162e-07 3.1871177e-05)
(5.2970135e-07 3.0938088e-07 2.9257303e-05)
(5.8822791e-07 2.6100609e-07 2.5136497e-05)
(1.5700886e-06 9.9380115e-07 3.4582988e-05)
(1.7097664e-06 8.4742264e-07 2.9673842e-05)
(2.2190439e-06 1.1198534e-06 3.2481288e-05)
(6.9370316e-08 3.4593216e-08 2.1337977e-05)
(-2.2305254e-07 -1.9518079e-07 1.1892087e-05)
(-2.1484811e-07 -2.2060047e-07 1.3771935e-05)
(9.4711892e-07 7.4111343e-07 3.1865908e-05)
(5.1952954e-07 3.9509823e-07 2.513289e-05)
(4.4199252e-07 4.3038445e-07 2.9255252e-05)
(1.4938334e-06 1.1874274e-06 2.9668763e-05)
(1.3200737e-06 1.3062443e-06 3.4580094e-05)
(1.9370035e-06 1.5504535e-06 3.2475775e-05)
(9.9186467e-08 -6.0181714e-08 1.4981855e-05)
(-2.3558948e-07 1.7325281e-07 9.6843953e-06)
(-2.6130304e-07 2.261882e-07 7.9737027e-06)
(-1.9750749e-07 2.0308946e-07 9.6849613e-06)
(1.0001749e-06 -7.8717051e-07 2.2362262e-05)
(5.7763465e-07 -3.4333555e-07 2.0528586e-05)
(4.7046448e-07 -3.5691328e-07 1.7038627e-05)
(4.8299759e-07 -4.7256623e-07 2.0529127e-05)
(1.6315968e-06 -1.037911e-06 2.4273067e-05)
(1.4611844e-06 -1.1640678e-06 2.0213875e-05)
(1.3725773e-06 -1.360999e-06 2.4273253e-05)
(1.994796e-06 -1.6012755e-06 2.2782446e-05)
(1.0263798e-07 -1.9469173e-08 1.4984025e-05)
(-2.8318661e-07 1.3474506e-07 9.6856669e-06)
(-3.1340929e-07 1.8576651e-07 7.9740153e-06)
(1.1416867e-06 -5.5168676e-07 2.2366583e-05)
(6.2742724e-07 -2.1054824e-07 2.0533013e-05)
(5.3177936e-07 -2.3447734e-07 1.7041227e-05)
(1.8087724e-06 -6.8798915e-07 2.427923e-05)
(1.6718492e-06 -8.3251104e-07 2.0217614e-05)
(2.2861762e-06 -1.1585503e-06 2.2787174e-05)
(8.3827286e-08 5.0042776e-09 1.4987122e-05)
(-3.2504664e-07 7.5522258e-08 9.6867206e-06)
(-3.6789735e-07 1.2688181e-07 7.9748914e-06)
(1.2189431e-06 -3.1885522e-07 2.2372667e-05)
(6.4318606e-07 -9.6528927e-08 2.0537179e-05)
(5.5250162e-07 -1.2496717e-07 1.7045377e-05)
(1.9056657e-06 -3.3989052e-07 2.428509e-05)
(1.7997314e-06 -4.9318376e-07 2.0224262e-05)
(2.4731084e-06 -6.9483473e-07 2.2793624e-05)
(6.5684138e-08 5.1434433e-09 1.4988792e-05)
(-3.417008e-07 -1.741636e-10 9.6870984e-06)
(-4.0261467e-07 4.5300444e-08 7.9748372e-06)
(1.2496218e-06 -1.036109e-07 2.2376427e-05)
(6.4540421e-07 -4.2900434e-10 2.0538874e-05)
(5.5453844e-07 -3.8776854e-08 1.7047586e-05)
(1.935746e-06 -5.9386208e-10 2.4287527e-05)
(1.8577143e-06 -1.6329429e-07 2.0227771e-05)
(2.5620988e-06 -2.3114016e-07 2.2797712e-05)
(6.5721021e-08 -5.7306148e-09 1.498898e-05)
(-3.2504612e-07 -7.5767489e-08 9.6870244e-06)
(-4.0255424e-07 -4.6328222e-08 7.9749389e-06)
(1.2496839e-06 1.025971e-07 2.2376724e-05)
(6.4327448e-07 9.5829667e-08 2.0537875e-05)
(5.5472093e-07 3.6483756e-08 1.7047848e-05)
(1.9057878e-06 3.3884605e-07 2.4285947e-05)
(1.8579242e-06 1.6051981e-07 2.0228118e-05)
(2.5621663e-06 2.3004715e-07 2.279801e-05)
(8.3906927e-08 -5.3645907e-09 1.4987929e-05)
(-2.8320586e-07 -1.3475586e-07 9.6865249e-06)
(-3.6772585e-07 -1.2776442e-07 7.9753759e-06)
(1.219105e-06 3.1809782e-07 2.2373921e-05)
(6.2750221e-07 2.1023692e-07 2.0534936e-05)
(5.5297703e-07 1.2291748e-07 1.7046719e-05)
(1.8089549e-06 6.8729879e-07 2.4281536e-05)
(1.8003203e-06 4.9054998e-07 2.0226054e-05)
(2.4733072e-06 6.9392321e-07 2.2794884e-05)
(1.0256496e-07 1.9613246e-08 1.4986012e-05)
(-2.3573961e-07 -1.7291545e-07 9.685831e-06)
(-3.1346037e-07 -1.8602899e-07 7.9752465e-06)
(1.1417659e-06 5.5160325e-07 2.2369554e-05)
(5.7767032e-07 3.4359323e-07 2.0531824e-05)
(5.3182237e-07 2.3350687e-07 1.7044474e-05)
(1.6318701e-06 1.0377508e-06 2.4276975e-05)
(1.6720425e-06 8.3091992e-07 2.0222578e-05)
(2.2863763e-06 1.1582095e-06 2.2790119e-05)
(9.9038159e-08 6.0669784e-08 1.4984571e-05)
(-2.617751e-07 -2.2590576e-07 7.9748353e-06)
(-1.9799937e-07 -2.0245575e-07 9.6856137e-06)
(1.0004081e-06 7.8752564e-07 2.2366428e-05)
(4.6994557e-07 3.5702405e-07 1.7042707e-05)
(4.8232677e-07 4.7335841e-07 2.0530728e-05)
(1.4607137e-06 1.1636333e-06 2.0220025e-05)
(1.3720828e-06 1.361479e-06 2.4275309e-05)
(1.9954027e-06 1.6012355e-06 2.2786736e-05)
(-2.1303159e-08 3.6788739e-08 1.1247531e-05)
(-3.3692198e-07 2.3977814e-07 7.4254035e-06)
(-3.4136014e-08 3.9816822e-08 5.0152394e-06)
(-2.8386379e-07 2.8854368e-07 7.4247837e-06)
(8.7188492e-07 -6.8502124e-07 1.6526677e-05)
(4.322879e-07 -2.5019106e-07 1.5244148e-05)
(6.4230355e-07 -4.9931924e-07 9.1143651e-06)
(3.5973588e-07 -3.5071516e-07 1.5244118e-05)
(1.51224e-06 -9.6366511e-07 1.7862144e-05)
(1.5886031e-06 -1.2706445e-06 1.0482102e-05)
(1.271841e-06 -1.2616634e-06 1.7863972e-05)
(1.9094517e-06 -1.5345019e-06 1.6720464e-05)
(-3.6061586e-08 5.1165076e-08 1.1248579e-05)
(-3.9603976e-07 1.7970794e-07 7.4259223e-06)
(-5.0621611e-08 4.591083e-08 5.0156843e-06)
(9.9323774e-07 -4.7879606e-07 1.6529398e-05)
(4.6498873e-07 -1.4903332e-07 1.5247437e-05)
(7.2993904e-07 -3.4302854e-07 9.1134912e-06)
(1.6745355e-06 -6.4011151e-07 1.7867629e-05)
(1.8179722e-06 -9.1515257e-07 1.048104e-05)
(2.1859531e-06 -1.112426e-06 1.6724366e-05)
(-6.6401023e-08 4.6992083e-08 1.1251232e-05)
(-4.4397295e-07 9.7872833e-08 7.4263678e-06)
(-7.7646683e-08 3.9487497e-08 5.0151867e-06)
(1.0577266e-06 -2.7656582e-07 1.6535316e-05)
(4.7164487e-07 -6.6821113e-08 1.5250689e-05)
(7.7144564e-07 -1.939046e-07 9.1116478e-06)
(1.763603e-06 -3.1738606e-07 1.7873217e-05)
(1.9610433e-06 -5.4650768e-07 1.0477846e-05)
(2.3637549e-06 -6.6910906e-07 1.6732405e-05)
(-8.9108817e-08 1.8415942e-08 1.1252101e-05)
(-4.6224363e-07 -8.507035e-10 7.4263423e-06)
(-9.7178871e-08 1.5430197e-08 5.0148421e-06)
(1.0833676e-06 -9.0725354e-08 1.6538101e-05)
(4.7141814e-07 -1.8623801e-09 1.5251948e-05)
(7.8504644e-07 -6.2720523e-08 9.1103942e-06)
(1.7916428e-06 -2.1833626e-09 1.7875198e-05)
(2.0274735e-06 -1.8207123e-07 1.0476478e-05)
(2.4491916e-06 -2.2379488e-07 1.6735745e-05)
(-8.8876106e-08 -2.1118067e-08 1.1252354e-05)
(-4.4375022e-07 -9.9493454e-08 7.4267877e-06)
(-9.7098768e-08 -1.665148e-08 5.014951e-06)
(1.0836976e-06 8.668169e-08 1.6538504e-05)
(4.7220098e-07 6.324907e-08 1.5251776e-05)
(7.8529776e-07 5.9843741e-08 9.1105764e-06)
(1.7642623e-06 3.1311467e-07 1.7874663e-05)
(2.0277534e-06 1.7866397e-07 1.0476685e-05)
(2.4495291e-06 2.1973973e-07 1.6736154e-05)
(-6.5778084e-08 -4.9518578e-08 1.1252474e-05)
(-3.958218e-07 -1.8102873e-07 7.4270922e-06)
(-7.7415188e-08 -4.0623298e-08 5.0154509e-06)
(1.0586349e-06 2.7265439e-07 1.6537439e-05)
(4.6552988e-07 1.460909e-07 1.5250481e-05)
(7.7212674e-07 1.9122285e-07 9.1118279e-06)
(1.6752228e-06 6.3636914e-07 1.7872418e-05)
(1.9618364e-06 5.4319714e-07 1.0477892e-05)
(2.364748e-06 6.6500712e-07 1.673474e-05)
(-3.5924803e-08 -5.2485192e-08 1.1251535e-05)
(-3.3734164e-07 -2.4002234e-07 7.4267448e-06)
(-5.0591982e-08 -4.6490949e-08 5.0160424e-06)
(9.9342506e-07 4.7634819e-07 1.6535075e-05)
(4.3174683e-07 2.4911921e-07 1.5248734e-05)
(7.3028762e-07 3.4138845e-07 9.1133541e-06)
(1.5116906e-06 9.6180003e-07 1.7869812e-05)
(1.818502e-06 9.1281647e-07 1.0479243e-05)
(2.1864174e-06 1.1095961e-06 1.6731978e-05)
(-2.2160368e-08 -3.6894199e-08 1.125048e-05)
(-3.4627134e-08 -3.9760211e-08 5.0164754e-06)
(-2.8451639e-07 -2.8786146e-07 7.4265969e-06)
(8.70725e-07 6.8440535e-07 1.6533197e-05)
(6.4179118e-07 4.9913918e-07 9.1145471e-06)
(3.5849847e-07 3.5181277e-07 1.5248216e-05)
(1.5879218e-06 1.2700436e-06 1.0480297e-05)
(1.2705433e-06 1.2627353e-06 1.7869032e-05)
(1.9084179e-06 1.5335854e-06 1.6729887e-05)
(4.8941306e-07 -3.8171305e-07 -2.4620403e-06)
(2.4918681e-07 -1.4919833e-07 -1.722428e-06)
(-1.146346e-07 9.8974785e-08 -2.1514053e-06)
(2.1035192e-07 -2.0657731e-07 -1.7176112e-06)
(1.221763e-06 -9.7241061e-07 -3.1436918e-06)
(9.1785048e-07 -5.7401435e-07 -3.2361058e-06)
(2.7118958e-07 -2.0950187e-07 2.280036e-06)
(7.7019655e-07 -7.6224831e-07 -3.230152e-06)
(1.8595885e-06 -1.1963122e-06 -3.0560918e-06)
(8.4059131e-07 -6.7411864e-07 1.5061034e-06)
(1.5658092e-06 -1.5570867e-06 -3.0553135e-06)
(2.1513412e-06 -1.7341283e-06 -2.7433329e-06)
(5.5371636e-07 -2.6253818e-07 -2.4660795e-06)
(2.6397259e-07 -8.9995822e-08 -1.7253271e-06)
(-1.3647209e-07 8.072835e-08 -2.1531495e-06)
(1.3970655e-06 -6.953552e-07 -3.1518607e-06)
(1.0113027e-06 -3.7412592e-07 -3.2460161e-06)
(3.0723598e-07 -1.4283163e-07 2.2893371e-06)
(2.0654799e-06 -8.0274434e-07 -3.0700607e-06)
(9.6140753e-07 -4.8719222e-07 1.5069536e-06)
(2.465447e-06 -1.2639783e-06 -2.7534966e-06)
(5.8264782e-07 -1.4813111e-07 -2.4746936e-06)
(2.6438781e-07 -4.0554024e-08 -1.7289756e-06)
(-1.5891174e-07 5.5112168e-08 -2.1575823e-06)
(1.5022796e-06 -4.1171927e-07 -3.1675019e-06)
(1.0573095e-06 -1.8243455e-07 -3.2561278e-06)
(3.232261e-07 -7.917781e-08 2.3009237e-06)
(2.1828071e-06 -4.0136797e-07 -3.0841734e-06)
(1.0373169e-06 -2.9121554e-07 1.5026407e-06)
(2.6718103e-06 -7.6443119e-07 -2.7726043e-06)
(5.9114391e-07 -4.7619272e-08 -2.4796904e-06)
(2.6284465e-07 -3.4045771e-10 -1.7301548e-06)
(-1.7353904e-07 1.9910268e-08 -2.1599597e-06)
(1.5486628e-06 -1.3636419e-07 -3.1760163e-06)
(1.0704831e-06 -9.7630006e-10 -3.2599655e-06)
(3.2708612e-07 -2.4954117e-08 2.3114151e-06)
(2.2203758e-06 -1.1909081e-09 -3.0888681e-06)
(1.0720101e-06 -9.6671382e-08 1.4982068e-06)
(2.77182e-06 -2.5614262e-07 -2.781057e-06)
(5.9126792e-07 4.626084e-08 -2.4796454e-06)
(2.6446498e-07 3.9875643e-08 -1.7290049e-06)
(-1.7360665e-07 -1.9345318e-08 -2.1598334e-06)
(1.5488614e-06 1.3413151e-07 -3.1760202e-06)
(1.0576691e-06 1.8053305e-07 -3.2568103e-06)
(3.2707456e-07 2.522541e-08 2.311578e-06)
(2.1832031e-06 3.9901285e-07 -3.0853151e-06)
(1.0720187e-06 9.6708167e-08 1.4983433e-06)
(2.7720366e-06 2.5378517e-07 -2.7810735e-06)
(5.8299066e-07 1.4689118e-07 -2.4754377e-06)
(2.6408549e-07 8.9425276e-08 -1.7258599e-06)
(-1.590829e-07 -5.4556242e-08 -2.1575697e-06)
(1.5028496e-06 4.0964979e-07 -3.1693139e-06)
(1.0118814e-06 3.725378e-07 -3.2488972e-06)
(3.2317958e-07 7.9551926e-08 2.3004377e-06)
(2.0661825e-06 8.0068945e-07 -3.0764651e-06)
(1.0373085e-06 2.9140796e-07 1.501872e-06)
(2.672447e-06 7.6220863e-07 -2.7749283e-06)
(5.5400263e-07 2.616859e-07 -2.4687061e-06)
(2.4901467e-07 1.491041e-07 -1.7221763e-06)
(-1.3643302e-07 -8.0544328e-08 -2.1537036e-06)
(1.3978625e-06 6.9389758e-07 -3.1592705e-06)
(9.1812507e-07 5.7343107e-07 -3.2404772e-06)
(3.0766823e-07 1.4270613e-07 2.2849206e-06)
(1.8599413e-06 1.1953224e-06 -3.0671814e-06)
(9.6192453e-07 4.8696724e-07 1.5028681e-06)
(2.4662559e-06 1.2622054e-06 -2.7658667e-06)
(4.8920301e-07 3.8164945e-07 -2.463448e-06)
(-1.1441637e-07 -9.9069423e-08 -2.1508013e-06)
(2.1034969e-07 2.0661282e-07 -1.7203373e-06)
(1.2218689e-06 9.7236573e-07 -3.1516221e-06)
(2.7173562e-07 2.0957357e-07 2.275256e-06)
(7.7013997e-07 7.624049e-07 -3.2364514e-06)
(8.4133838e-07 6.7416485e-07 1.5014681e-06)
(1.5658832e-06 1.5570106e-06 -3.0627269e-06)
(2.1514725e-06 1.7337782e-06 -2.7590075e-06)
(-3.5733979e-07 2.911963e-07 1.9813138e-05)
(-4.0503995e-07 2.6656056e-07 3.1960331e-05)
(-3.4182974e-07 3.4098078e-07 3.1897175e-05)
(-6.6079372e-08 5.3730515e-08 -1.4943482e-11)
(-8.6798743e-08 6.9782472e-08 1.2616484e-05)
(-3.383757e-07 2.2239018e-07 7.273475e-06)
(-2.8453998e-07 2.8387516e-07 7.2852883e-06)
(-6.3441105e-08 5.1739252e-08 2.0107737e-10)
(-2.0368298e-09 -1.103861e-09 1.8108525e-05)
(6.0900308e-10 -1.934517e-09 1.8108619e-05)
(4.5636133e-08 -3.819909e-08 2.4751583e-05)
(-3.6437586e-09 2.7344952e-09 1.5065066e-10)
(-4.1137189e-07 2.1554904e-07 1.9857275e-05)
(-4.5327925e-07 1.8369003e-07 3.2100277e-05)
(-7.6026723e-08 3.9765361e-08 -1.5952589e-11)
(-1.0244229e-07 5.1463092e-08 1.2595958e-05)
(-3.7994695e-07 1.535298e-07 7.2390879e-06)
(-7.3279597e-08 3.8301251e-08 2.0161048e-10)
(-5.152853e-09 3.8966522e-10 1.8086738e-05)
(4.8891888e-08 -2.7675681e-08 2.4783427e-05)
(-4.7335102e-09 2.0838648e-09 1.5142353e-10)
(-4.5007573e-07 1.33636e-07 1.9922445e-05)
(-4.8444096e-07 9.3980495e-08 3.2247717e-05)
(-8.3172854e-08 2.4585421e-08 -1.7447094e-11)
(-1.1409274e-07 3.2956634e-08 1.2560003e-05)
(-4.0679299e-07 7.8895423e-08 7.2045902e-06)
(-8.0268546e-08 2.3833708e-08 2.0226591e-10)
(-8.7426422e-09 1.1644324e-09 1.8059329e-05)
(4.8849603e-08 -1.5114448e-08 2.4815887e-05)
(-5.804544e-09 1.6171435e-09 1.5252694e-10)
(-4.7121121e-07 4.5868546e-08 1.9974001e-05)
(-4.9540099e-07 9.3847643e-10 3.231172e-05)
(-8.7045558e-08 8.4233613e-09 -1.8625987e-11)
(-1.2117399e-07 1.1948185e-08 1.2533838e-05)
(-4.1632362e-07 1.3053711e-09 7.1906057e-06)
(-8.4095795e-08 8.2150643e-09 2.0274679e-10)
(-1.051981e-08 1.2929333e-09 1.8047323e-05)
(4.6995288e-08 -4.2506591e-09 2.4828883e-05)
(-6.6606092e-09 7.2940296e-10 1.533821e-10)
(-4.714057e-07 -4.3670741e-08 1.997406e-05)
(-4.8476172e-07 -9.2161024e-08 3.2247411e-05)
(-8.7080394e-08 -8.0527677e-09 -1.8622919e-11)
(-1.2138036e-07 -9.4126652e-09 1.253394e-05)
(-4.0721226e-07 -7.6344434e-08 7.2047572e-06)
(-8.4138564e-08 -7.7047032e-09 2.0274231e-10)
(-9.1410777e-09 1.4139892e-09 1.8059258e-05)
(4.6827674e-08 6.3873612e-09 2.4828936e-05)
(-6.6988826e-09 -2.2755536e-10 1.533684e-10)
(-4.5064693e-07 -1.3146806e-07 1.9922236e-05)
(-4.5363564e-07 -1.821099e-07 3.2095946e-05)
(-8.3266294e-08 -2.4229794e-08 -1.7419653e-11)
(-1.1471997e-07 -3.0327174e-08 1.2560001e-05)
(-3.802712e-07 -1.5136782e-07 7.2383294e-06)
(-8.0394858e-08 -2.3317253e-08 2.0224626e-10)
(-5.5023789e-09 1.9197908e-09 1.8083255e-05)
(4.827255e-08 1.7518614e-08 2.4815937e-05)
(-5.9265952e-09 -1.0830014e-09 1.5247816e-10)
(-4.1122876e-07 -2.1464547e-07 1.9852304e-05)
(-4.0467208e-07 -2.6627807e-07 3.1952013e-05)
(-7.6031448e-08 -3.9606831e-08 -1.5807628e-11)
(-1.0234458e-07 -5.0389892e-08 1.2591765e-05)
(-3.3775844e-07 -2.2171711e-07 7.2715904e-06)
(-7.3221533e-08 -3.8101025e-08 2.0149671e-10)
(-1.1803404e-09 1.8794121e-09 1.8101324e-05)
(4.9026622e-08 2.8952782e-08 2.4782659e-05)
(-4.6955775e-09 -1.8238475e-09 1.5122267e-10)
(-3.5632062e-07 -2.9112292e-07 1.980774e-05)
(-3.4061304e-07 -3.4201614e-07 3.1895245e-05)
(-6.5933079e-08 -5.3782233e-08 -1.4778968e-11)
(-8.5831166e-08 -6.9792882e-08 1.2611679e-05)
(-2.8276679e-07 -2.85445e-07 7.2855485e-06)
(-6.3232083e-08 -5.1699785e-08 2.0093632e-10)
(2.6047686e-09 1.5036865e-10 1.8107648e-05)
(4.7016698e-08 3.8787563e-08 2.4750486e-05)
(-3.3401843e-09 -2.675684e-09 1.5030223e-10)
(7.382601e-08 1.0604023e-07 0.00016417826)
(-6.2203478e-09 1.037105e-08 0.00010503849)
(-1.5381257e-07 -1.7785672e-07 0.00010228771)
(5.9368657e-07 7.4852338e-07 0.00024588486)
(-1.1611961e-07 -1.2869585e-07 0.00022528014)
(2.0227457e-07 2.6852552e-07 0.00022001922)
(1.0075827e-06 1.5633121e-06 0.00026715166)
(9.3401309e-07 1.1631566e-06 0.00026100192)
(1.1455376e-06 1.4207817e-06 0.00025193121)
(4.2301376e-08 1.2190658e-07 0.00016418463)
(-9.8828294e-09 1.9339707e-09 0.00010504379)
(-1.2572239e-07 -2.0992269e-07 0.00010230006)
(4.1786815e-07 8.6258508e-07 0.0002459041)
(-8.4559348e-08 -1.3382128e-07 0.00022530043)
(1.3461191e-07 3.1378712e-07 0.0002200519)
(6.5019797e-07 1.7147089e-06 0.00026718419)
(6.5984161e-07 1.3222575e-06 0.00026104276)
(8.2168822e-07 1.6290675e-06 0.00025195619)
(1.2231571e-08 1.1995254e-07 0.00016419873)
(-6.1573954e-09 -5.0249815e-09 0.00010505268)
(-8.7560184e-08 -2.4337888e-07 0.00010232267)
(2.2423956e-07 9.2206972e-07 0.00024593714)
(-4.8957816e-08 -1.6290168e-07 0.00022532423)
(6.7677701e-08 3.2554654e-07 0.00022010183)
(3.0682291e-07 1.8109007e-06 0.00026722654)
(3.7319754e-07 1.4182502e-06 0.00026110578)
(4.633286e-07 1.7613778e-06 0.00025199688)
(-1.3945544e-09 1.0959649e-07 0.00016421508)
(-4.5982779e-10 -5.8534755e-09 0.00010505784)
(-3.26991e-08 -2.6382739e-07 0.0001023424)
(6.2667231e-08 9.3402945e-07 0.00024596966)
(-9.5948266e-10 -1.8439274e-07 0.00022533575)
(1.674259e-08 3.1026885e-07 0.00022013965)
(-4.2675483e-10 1.8500197e-06 0.00026724802)
(1.1644805e-07 1.4709547e-06 0.00026115604)
(1.4018065e-07 1.8196762e-06 0.00025203561)
(-9.2122243e-11 1.0944181e-07 0.00016421539)
(5.1117991e-09 -5.2361995e-09 0.00010505311)
(3.1613605e-08 -2.6392069e-07 0.00010234244)
(-6.4144618e-08 9.3386033e-07 0.00024596987)
(4.6936857e-08 -1.6327815e-07 0.00022532483)
(-1.8584103e-08 3.1010654e-07 0.00022013965)
(-3.0776785e-07 1.8106971e-06 0.00026722661)
(-1.1731231e-07 1.4708753e-06 0.00026115595)
(-1.4105882e-07 1.8195791e-06 0.00025203557)
(-1.3676055e-08 1.1947823e-07 0.00016419945)
(8.9599334e-09 1.584912e-09 0.00010504444)
(8.6491284e-08 -2.4365391e-07 0.00010232272)
(-2.2563664e-07 9.216706e-07 0.0002459376)
(8.2798096e-08 -1.3446872e-07 0.0002253013)
(-6.9423407e-08 3.2507395e-07 0.00022010172)
(-6.5096389e-07 1.7144255e-06 0.00026718423)
(-3.739968e-07 1.4180834e-06 0.00026110542)
(-4.6405211e-07 1.7611764e-06 0.00025199672)
(-4.3568447e-08 1.2123521e-07 0.00016418544)
(5.3685451e-09 9.8604541e-09 0.00010503924)
(1.2473784e-07 -2.1035404e-07 0.00010230011)
(-4.1910242e-07 8.619812e-07 0.00024590456)
(1.1463419e-07 -1.2956698e-07 0.00022528112)
(-1.3610636e-07 3.1306501e-07 0.00022005166)
(-1.0083496e-06 1.562868e-06 0.00026715171)
(-6.605696e-07 1.3219721e-06 0.00026104216)
(-8.2232313e-07 1.6288182e-06 0.00025195597)
(-7.4734597e-08 1.0523941e-07 0.00016417919)
(1.5299318e-07 -1.7843404e-07 0.00010228784)
(-4.7437689e-09 6.3834798e-09 0.00010503802)
(-5.9462399e-07 7.4779347e-07 0.00024588544)
(-2.0337996e-07 2.676598e-07 0.00022001894)
(1.3236106e-07 -1.2954239e-07 0.0002252738)
(-9.3460784e-07 1.162748e-06 0.00026100117)
(-1.323102e-06 1.3285477e-06 0.00026714084)
(-1.1460474e-06 1.4204356e-06 0.00025193115)
(7.6184244e-09 2.4584115e-08 0.00015695599)
(-2.780382e-07 -3.9518936e-07 0.00010029673)
(-2.4020545e-07 -2.7817735e-07 9.9093694e-05)
(6.1779849e-07 7.7472937e-07 0.00023557331)
(4.4956539e-07 7.1355171e-07 0.00021598502)
(5.0391453e-07 6.4448277e-07 0.00021336959)
(5.8093709e-07 9.2155311e-07 0.00025590602)
(9.8785157e-07 1.2388999e-06 0.00025295808)
(1.3026835e-06 1.6094936e-06 0.00024106136)
(-1.3833868e-08 1.7893353e-08 0.00015697663)
(-2.0358181e-07 -4.5534313e-07 0.00010031176)
(-1.9728104e-07 -3.2956458e-07 9.9106438e-05)
(4.3455291e-07 8.814612e-07 0.00023560492)
(2.876704e-07 7.7302958e-07 0.00021601796)
(3.4155027e-07 7.2887737e-07 0.00021339875)
(3.8208741e-07 1.0225221e-06 0.0002559458)
(7.0252341e-07 1.4222939e-06 0.00025299551)
(9.4582517e-07 1.8425915e-06 0.00024109231)
(-2.148111e-08 -3.8311888e-09 0.00015700318)
(-1.0869915e-07 -5.0342901e-07 0.00010032387)
(-1.3461677e-07 -3.8330339e-07 9.9122231e-05)
(2.5259342e-07 9.3874963e-07 0.00023564496)
(1.3793831e-07 7.9805917e-07 0.00021604826)
(1.8863153e-07 7.6516674e-07 0.00021343811)
(1.8875229e-07 1.0737869e-06 0.00025597789)
(4.1354546e-07 1.5321272e-06 0.00025304398)
(5.7069089e-07 1.9923315e-06 0.00024113021)
(-1.0294874e-08 -2.1234108e-08 0.00015701762)
(-5.5007198e-10 -5.2206345e-07 0.00010032769)
(-4.856783e-08 -4.1828693e-07 9.9130776e-05)
(8.2097802e-08 9.6203701e-07 0.00023566636)
(-7.9148997e-10 8.050477e-07 0.00021605958)
(5.8963216e-08 7.7617318e-07 0.00021346315)
(-3.4379198e-10 1.0885254e-06 0.00025598815)
(1.3587145e-07 1.5796269e-06 0.00025307224)
(1.9079895e-07 2.0646744e-06 0.00024114819)
(8.8698275e-09 -2.1351594e-08 0.00015701746)
(1.0752221e-07 -5.0359972e-07 0.00010032373)
(4.7523994e-08 -4.1836551e-07 9.9130803e-05)
(-8.3340699e-08 9.6195093e-07 0.00023566619)
(-1.3957257e-07 7.9778683e-07 0.00021604785)
(-5.979759e-08 7.7609851e-07 0.00021346307)
(-1.8954846e-07 1.0737286e-06 0.00025597769)
(-1.3558522e-07 1.5796678e-06 0.00025307225)
(-1.9091652e-07 2.0647068e-06 0.00024114815)
(2.0159727e-08 -4.2216184e-09 0.00015700282)
(2.0255903e-07 -4.5565591e-07 0.00010031161)
(1.3358309e-07 -3.8355195e-07 9.9122331e-05)
(-2.5375951e-07 9.3851468e-07 0.00023564452)
(-2.8902517e-07 7.7253288e-07 0.00021601733)
(-1.8942088e-07 7.6494159e-07 0.00021343791)
(-3.8271763e-07 1.0224068e-06 0.00025594543)
(-4.1331385e-07 1.53224e-06 0.00025304396)
(-5.7081995e-07 1.9923906e-06 0.00024113004)
(1.2694274e-08 1.7298178e-08 0.00015697626)
(2.7703639e-07 -3.9572078e-07 0.0001002967)
(1.9627568e-07 -3.2999956e-07 9.9106723e-05)
(-4.3553682e-07 8.8101992e-07 0.00023560435)
(-4.5072768e-07 7.1280164e-07 0.00021598433)
(-3.4225671e-07 7.2849734e-07 0.00021339856)
(-5.8154667e-07 9.2126571e-07 0.00025590546)
(-7.0237901e-07 1.4223957e-06 0.00025299545)
(-9.4594837e-07 1.842607e-06 0.00024109192)
(-8.5084e-09 2.3799255e-08 0.00015695569)
(2.3926219e-07 -2.7881999e-07 9.9094162e-05)
(3.3731878e-07 -3.3681072e-07 0.00010029006)
(-6.1854982e-07 7.7415397e-07 0.00023557263)
(-5.0449861e-07 6.4396815e-07 0.00021336939)
(-6.0204636e-07 6.0243714e-07 0.00021597036)
(-9.8779661e-07 1.2389363e-06 0.00025295784)
(-7.7003022e-07 7.6816418e-07 0.00025588742)
(-1.3027538e-06 1.609442e-06 0.0002410606)
(9.6060134e-08 1.463719e-07 0.00015236425)
(-1.6208617e-07 -2.1045759e-07 9.7312918e-05)
(-1.8956555e-07 -2.1557841e-07 9.4824168e-05)
(8.7011906e-07 1.1038969e-06 0.00022921523)
(3.9249782e-07 6.6331518e-07 0.00020991445)
(4.2868888e-07 5.5743567e-07 0.00020483074)
(1.1069808e-06 1.7442793e-06 0.00024930773)
(1.2363045e-06 1.5469359e-06 0.00024344313)
(1.6821823e-06 2.0935113e-06 0.00023468292)
(3.9964516e-08 1.5928758e-07 0.00015239071)
(-1.3192335e-07 -2.5573444e-07 9.7331602e-05)
(-1.6174039e-07 -2.6000316e-07 9.4838206e-05)
(6.0639738e-07 1.263592e-06 0.00022925757)
(2.3791587e-07 7.2401983e-07 0.00020995986)
(2.8262311e-07 6.3445692e-07 0.00020486666)
(7.3016127e-07 1.9361671e-06 0.00024936492)
(8.8147045e-07 1.773917e-06 0.00024349003)
(1.212698e-06 2.4021595e-06 0.0002347258)
(3.0783591e-09 1.4514785e-07 0.00015242675)
(-7.661931e-08 -2.9746269e-07 9.7349926e-05)
(-1.1486873e-07 -3.1054366e-07 9.4857271e-05)
(3.4755427e-07 1.3514806e-06 0.0002293162)
(1.0738185e-07 7.4476037e-07 0.0002100038)
(1.5024737e-07 6.644123e-07 0.00020491589)
(3.5893018e-07 2.0408339e-06 0.00024942112)
(5.1938378e-07 1.9118852e-06 0.00024355487)
(7.2383071e-07 2.5990468e-06 0.00023478569)
(-3.7762201e-09 1.284636e-07 0.00015245047)
(-4.3535232e-10 -3.1432243e-07 9.7357449e-05)
(-4.2534964e-08 -3.4409498e-07 9.4870215e-05)
(1.1207389e-07 1.3867321e-06 0.0002293561)
(3.2136224e-11 7.482264e-07 0.00021002144)
(4.5624713e-08 6.6971718e-07 0.00020494905)
(7.0617458e-10 2.0732399e-06 0.00024944403)
(1.7084414e-07 1.9737848e-06 0.00024359925)
(2.4021626e-07 2.6919652e-06 0.00023482689)
(3.3205296e-09 1.2840697e-07 0.0001524505)
(7.5733202e-08 -2.976162e-07 9.7350066e-05)
(4.1265675e-08 -3.4420769e-07 9.4870327e-05)
(-1.1139818e-07 1.3867817e-06 0.00022935609)
(-1.0734355e-07 7.4473871e-07 0.00021000373)
(-4.5705977e-08 6.6969084e-07 0.00020494908)
(-3.576003e-07 2.0410493e-06 0.0002494211)
(-1.6951162e-07 1.9738866e-06 0.0002435993)
(-2.3809104e-07 2.6921401e-06 0.0002348269)
(-3.5586576e-09 1.4497611e-07 0.00015242683)
(1.3098813e-07 -2.5607152e-07 9.7331876e-05)
(1.1359929e-07 -3.1089117e-07 9.4857615e-05)
(-3.469704e-07 1.3516207e-06 0.00022931613)
(-2.3795729e-07 7.2395329e-07 0.00020995969)
(-1.5036169e-07 6.6432462e-07 0.00020491598)
(-7.2905523e-07 1.9365392e-06 0.0002493648)
(-5.1818931e-07 1.9121651e-06 0.00024355498)
(-7.2187499e-07 2.599544e-06 0.00023478565)
(-4.0492203e-08 1.5897105e-07 0.00015239081)
(1.6112321e-07 -2.1101438e-07 9.7313307e-05)
(1.6048839e-07 -2.6060575e-07 9.4838778e-05)
(-6.0599789e-07 1.2637613e-06 0.00022925737)
(-3.9263988e-07 6.6316256e-07 0.00020991414)
(-2.8280295e-07 6.3427626e-07 0.00020486679)
(-1.1061926e-06 1.7446925e-06 0.00024930737)
(-8.8053045e-07 1.7742815e-06 0.00024349009)
(-1.2110737e-06 2.4028831e-06 0.00023472552)
(-9.6615521e-08 1.4588729e-07 0.00015236431)
(1.8839047e-07 -2.1644328e-07 9.4824949e-05)
(1.817864e-07 -1.7966541e-07 9.7305561e-05)
(-8.6992759e-07 1.1040085e-06 0.00022921477)
(-4.2891584e-07 5.5712983e-07 0.00020483089)
(-5.4457838e-07 5.496539e-07 0.00020989499)
(-1.2356539e-06 1.5472639e-06 0.00024344301)
(-1.4564732e-06 1.4625934e-06 0.00024928335)
(-1.6809645e-06 2.0943136e-06 0.00023468222)
(3.6512162e-08 6.5196131e-08 0.00014544389)
(-1.9105144e-07 -2.6411134e-07 9.2857814e-05)
(-2.0168122e-07 -2.3344333e-07 9.124301e-05)
(7.5249693e-07 9.4872727e-07 0.00021900072)
(3.1604885e-07 5.293671e-07 0.00020049692)
(3.8326688e-07 4.9582881e-07 0.00019689709)
(1.0082044e-06 1.5767866e-06 0.00023827647)
(1.1692965e-06 1.4588935e-06 0.00023395125)
(1.5726372e-06 1.948429e-06 0.00022421231)
(1.584645e-09 6.5277916e-08 0.00014546461)
(-1.4748052e-07 -3.1384399e-07 9.287202e-05)
(-1.6805911e-07 -2.8032162e-07 9.125519e-05)
(5.2592947e-07 1.0849653e-06 0.00021903911)
(1.9119601e-07 5.7545516e-07 0.00020053639)
(2.5265513e-07 5.6335491e-07 0.00019693063)
(6.6740429e-07 1.7496329e-06 0.00023833042)
(8.34881e-07 1.6725132e-06 0.00023399653)
(1.1376978e-06 2.2350845e-06 0.00022425241)
(-1.6865724e-08 4.4295158e-08 0.00014549315)
(-8.2689061e-08 -3.5697518e-07 9.2885728e-05)
(-1.169895e-07 -3.316059e-07 9.1271994e-05)
(3.0229944e-07 1.1590006e-06 0.00021909235)
(8.6033731e-08 5.8896173e-07 0.00020057495)
(1.3426872e-07 5.8799034e-07 0.00019697744)
(3.2917969e-07 1.8439723e-06 0.00023838331)
(4.928355e-07 1.8021309e-06 0.00023405987)
(6.8172202e-07 2.4192853e-06 0.00022430815)
(-9.8423058e-09 2.4753158e-08 0.0001455122)
(-8.0570703e-10 -3.7415471e-07 9.2891246e-05)
(-4.2921513e-08 -3.6545845e-07 9.1283407e-05)
(9.7673167e-08 1.1878549e-06 0.00021912879)
(-7.5606546e-11 5.9030263e-07 0.00020059054)
(4.0936242e-08 5.9097605e-07 0.00019700954)
(6.630647e-10 1.8731709e-06 0.00023840479)
(1.6262941e-07 1.8601048e-06 0.00023410357)
(2.2694888e-07 2.5068497e-06 0.00022434637)
(8.9224957e-09 2.4649517e-08 0.00014551215)
(8.1082673e-08 -3.5727261e-07 9.2885748e-05)
(4.1476814e-08 -3.6558492e-07 9.1283325e-05)
(-9.712518e-08 1.1878813e-06 0.00021912868)
(-8.6209841e-08 5.8888122e-07 0.00020057472)
(-4.044994e-08 5.9100691e-07 0.00019700931)
(-3.279321e-07 1.8441492e-06 0.00023838309)
(-1.6038726e-07 1.8602892e-06 0.00023410337)
(-2.247131e-07 2.5070296e-06 0.00022434631)
(1.5952101e-08 4.3973479e-08 0.00014549303)
(1.459141e-07 -3.1444865e-07 9.2872086e-05)
(1.155658e-07 -3.3199078e-07 9.1271762e-05)
(-3.01832e-07 1.1590576e-06 0.00021909202)
(-1.914216e-07 5.7526535e-07 0.00020053596)
(-1.338639e-07 5.8805766e-07 0.00019697677)
(-6.6634966e-07 1.7499172e-06 0.00023832994)
(-4.9079425e-07 1.8026412e-06 0.00023405921)
(-6.7966087e-07 2.4197855e-06 0.00022430791)
(-2.4729625e-09 6.4726907e-08 0.00014546445)
(1.8958078e-07 -2.650261e-07 9.2857954e-05)
(1.6669317e-07 -2.8097208e-07 9.1254837e-05)
(-5.2559872e-07 1.0849851e-06 0.00021903855)
(-3.1632366e-07 5.2902765e-07 0.00020049634)
(-2.5239225e-07 5.6339823e-07 0.00019692956)
(-1.0074122e-06 1.5770609e-06 0.00023827565)
(-8.3319634e-07 1.6732131e-06 0.00023399534)
(-1.1359529e-06 2.2357876e-06 0.00022425185)
(-3.7315745e-08 6.4419029e-08 0.00014544372)
(2.00441e-07 -2.343469e-07 9.1242561e-05)
(2.2429815e-07 -2.2399634e-07 9.2851897e-05)
(-7.5229319e-07 9.486397e-07 0.0002189999)
(-3.8314463e-07 4.9577659e-07 0.00019689565)
(-4.3814673e-07 4.3897748e-07 0.00020047946)
(-1.1680327e-06 1.4596157e-06 0.00023394943)
(-1.3221808e-06 1.3233395e-06 0.00023825243)
(-1.5712694e-06 1.9491889e-06 0.00022421126)
(4.4050531e-08 7.3702104e-08 0.0001400939)
(-1.8027432e-07 -2.485471e-07 8.9470538e-05)
(-1.9622711e-07 -2.2696315e-07 8.762945e-05)
(7.4746069e-07 9.4178916e-07 0.00021089146)
(3.1804725e-07 5.3131954e-07 0.00019308947)
(3.8220877e-07 4.9442144e-07 0.00018910358)
(9.9466196e-07 1.5559201e-06 0.00022943665)
(1.1595061e-06 1.4470348e-06 0.00022468902)
(1.549227e-06 1.9192145e-06 0.00021587565)
(7.3985114e-09 7.4957754e-08 0.00014011491)
(-1.4005107e-07 -2.9701224e-07 8.948499e-05)
(-1.6440309e-07 -2.7298058e-07 8.7641096e-05)
(5.222604e-07 1.076895e-06 0.00021092979)
(1.9280581e-07 5.7735582e-07 0.00019312956)
(2.5142493e-07 5.6187916e-07 0.00018913638)
(6.5812695e-07 1.7262988e-06 0.00022949044)
(8.2702334e-07 1.6593478e-06 0.00022473324)
(1.1203188e-06 2.2016722e-06 0.00021591523)
(-1.2974247e-08 5.460025e-08 0.00014014427)
(-7.8837382e-08 -3.3972794e-07 8.9499106e-05)
(-1.1489867e-07 -3.2413544e-07 8.7657179e-05)
(3.0033527e-07 1.1498153e-06 0.0002109836)
(8.7223106e-08 5.9063291e-07 0.00019316906)
(1.3347099e-07 5.8606711e-07 0.00018918231)
(3.2482824e-07 1.8189142e-06 0.00022954365)
(4.8790407e-07 1.787719e-06 0.00022479541)
(6.7130861e-07 2.3826768e-06 0.000215971)
(-8.1985175e-09 3.5261932e-08 0.00014016416)
(-6.2817885e-10 -3.5684973e-07 8.9504771e-05)
(-4.2105795e-08 -3.5812854e-07 8.7667997e-05)
(9.7562883e-08 1.177982e-06 0.00021102077)
(5.7606921e-10 5.9191635e-07 0.00019318503)
(4.102557e-08 5.8871548e-07 0.00018921382)
(1.592718e-09 1.8475774e-06 0.00022956531)
(1.6141851e-07 1.8450092e-06 0.00022483843)
(2.2408193e-07 2.4685006e-06 0.00021600963)
(8.1175006e-09 3.5249019e-08 0.00014016399)
(7.7581653e-08 -3.3994063e-07 8.9498886e-05)
(4.1121781e-08 -3.5820667e-07 8.7667828e-05)
(-9.5416721e-08 1.1781682e-06 0.00021102053)
(-8.6149011e-08 5.9081288e-07 0.00019316855)
(-3.9384476e-08 5.8885889e-07 0.00018921349)
(-3.2178736e-07 1.8194329e-06 0.00022954316)
(-1.5764865e-07 1.8453321e-06 0.00022483812)
(-2.1990443e-07 2.4688548e-06 0.00021600948)
(1.2842154e-08 5.4544971e-08 0.00014014378)
(1.3882693e-07 -2.9744336e-07 8.9484572e-05)
(1.139311e-07 -3.2437176e-07 8.765669e-05)
(-2.9838828e-07 1.1503265e-06 0.00021098286)
(-1.9191408e-07 5.7765543e-07 0.00019312857)
(-1.3197723e-07 5.8646273e-07 0.00018918132)
(-6.5545711e-07 1.7272239e-06 0.0002294894)
(-4.8442215e-07 1.7886325e-06 0.00022479444)
(-6.6744846e-07 2.3836791e-06 0.00021597048)
(-7.6132253e-09 7.481638e-08 0.0001401141)
(1.7910934e-07 -2.4920615e-07 8.9469953e-05)
(1.6347665e-07 -2.7337707e-07 8.764032e-05)
(-5.2067029e-07 1.0776039e-06 0.00021092852)
(-3.1742606e-07 5.3162384e-07 0.00019308803)
(-2.5019692e-07 5.6243662e-07 0.00018913478)
(-9.9254174e-07 1.5570434e-06 0.00022943495)
(-8.2406134e-07 1.6606729e-06 0.00022473151)
(-1.1170331e-06 2.2031248e-06 0.00021591417)
(-4.4332594e-08 7.3426922e-08 0.00014009281)
(1.9538438e-07 -2.2750935e-07 8.762842e-05)
(2.1080706e-07 -2.1038867e-07 8.9463795e-05)
(-7.4629443e-07 9.4252429e-07 0.00021088963)
(-3.8129909e-07 4.9501569e-07 0.00018910141)
(-4.3989941e-07 4.4135532e-07 0.00019307101)
(-1.1571946e-06 1.4485359e-06 0.00022468645)
(-1.3041048e-06 1.3063369e-06 0.00022941205)
(-1.5466613e-06 1.920859e-06 0.00021587386)
(4.1512631e-08 7.1005296e-08 0.00013437454)
(-1.8204449e-07 -2.5027376e-07 8.5825914e-05)
(-1.9451617e-07 -2.2479991e-07 8.4039186e-05)
(7.4296656e-07 9.370639e-07 0.00020225214)
(3.1349946e-07 5.2634031e-07 0.0001851894)
(3.8367656e-07 4.9729499e-07 0.0001813114)
(9.9022397e-07 1.5515045e-06 0.00022002573)
(1.1620951e-06 1.4514123e-06 0.00021540683)
(1.5444131e-06 1.9142804e-06 0.00020701947)
(4.5866689e-09 7.2216538e-08 0.00013439446)
(-1.4183457e-07 -2.9903807e-07 8.5839458e-05)
(-1.6427317e-07 -2.7090364e-07 8.405136e-05)
(5.1778108e-07 1.0720688e-06 0.00020228957)
(1.8890574e-07 5.7187789e-07 0.00018522826)
(2.5033115e-07 5.6516581e-07 0.00018134449)
(6.542852e-07 1.7217592e-06 0.00022007851)
(8.2679659e-07 1.6647073e-06 0.0002154511)
(1.115708e-06 2.1967928e-06 0.00020705845)
(-1.5095375e-08 5.1416262e-08 0.00013442218)
(-7.9820884e-08 -3.4221187e-07 8.5852524e-05)
(-1.1549202e-07 -3.2310925e-07 8.406807e-05)
(2.9710812e-07 1.1444173e-06 0.00020234207)
(8.5157275e-08 5.845404e-07 0.00018526643)
(1.3156578e-07 5.8810429e-07 0.00018139072)
(3.2280452e-07 1.8141021e-06 0.00022013066)
(4.8661587e-07 1.7924162e-06 0.00021551329)
(6.6806554e-07 2.3774997e-06 0.00020711337)
(-8.7440587e-09 3.1837824e-08 0.00013444065)
(-3.5960704e-10 -3.5949044e-07 8.5857642e-05)
(-4.2195956e-08 -3.5796404e-07 8.4079234e-05)
(9.6721332e-08 1.1722156e-06 0.00020237818)
(1.060304e-09 5.8562803e-07 0.00018528174)
(4.054222e-08 5.8953228e-07 0.00018142231)
(2.173107e-09 1.8427166e-06 0.00022015179)
(1.6121447e-07 1.8488313e-06 0.00021555622)
(2.2324596e-07 2.4631525e-06 0.00020715132)
(9.4239165e-09 3.1894777e-08 0.00013444037)
(7.9099337e-08 -3.4231875e-07 8.5852122e-05)
(4.205124e-08 -3.5796087e-07 8.4078978e-05)
(-9.3498195e-08 1.1724942e-06 0.0002023778)
(-8.313156e-08 5.8489246e-07 0.00018526567)
(-3.7512606e-08 5.8980248e-07 0.00018142185)
(-3.1862599e-07 1.8148134e-06 0.00022012991)
(-1.5588331e-07 1.8492886e-06 0.00021555578)
(-2.1797912e-07 2.4635933e-06 0.00020715107)
(1.5711512e-08 5.1570854e-08 0.00013442137)
(1.4114926e-07 -2.9924618e-07 8.5838687e-05)
(1.1533144e-07 -3.2310553e-07 8.406733e-05)
(-2.9411808e-07 1.1452052e-06 0.00020234095)
(-1.8709578e-07 5.7252295e-07 0.00018522679)
(-1.287486e-07 5.8887059e-07 0.00018138936)
(-6.5052956e-07 1.723065e-06 0.00022007696)
(-4.8164534e-07 1.7937229e-06 0.00021551192)
(-6.6315854e-07 2.3787571e-06 0.00020711254)
(-4.083856e-09 7.2430934e-08 0.00013439315)
(1.8140172e-07 -2.5058322e-07 8.5824823e-05)
(1.6408779e-07 -2.7091204e-07 8.4050192e-05)
(-5.1521645e-07 1.0732306e-06 0.00020228769)
(-3.1203327e-07 5.271539e-07 0.00018518727)
(-2.4790654e-07 5.6630753e-07 0.00018134231)
(-9.8711706e-07 1.5531762e-06 0.00022002333)
(-8.2248652e-07 1.6666483e-06 0.00021544876)
(-1.1114567e-06 2.1986518e-06 0.0002070569)
(-4.1140604e-08 7.1226212e-08 0.00013437278)
(1.9431168e-07 -2.2483506e-07 8.4037662e-05)
(2.1262032e-07 -2.1189644e-07 8.5818934e-05)
(-7.4093869e-07 9.3840652e-07 0.00020224952)
(-3.8175366e-07 4.9863411e-07 0.00018130849)
(-4.3475461e-07 4.3693182e-07 0.00018517064)
(-1.1586363e-06 1.4536926e-06 0.00021540349)
(-1.2990873e-06 1.3022359e-06 0.00022000075)
(-1.5410023e-06 1.9164499e-06 0.00020701706)
(4.8306304e-08 8.0028883e-08 0.00012875503)
(-1.7862907e-07 -2.4416735e-07 8.22446e-05)
(-1.9030678e-07 -2.2063306e-07 8.0423206e-05)
(7.5145429e-07 9.4896061e-07 0.00019377837)
(3.1827126e-07 5.3763499e-07 0.00017743723)
(3.8874736e-07 5.0284652e-07 0.00017349851)
(9.9697226e-07 1.5657787e-06 0.00021080223)
(1.1679689e-06 1.458343e-06 0.0002061175)
(1.5527531e-06 1.926135e-06 0.00019834266)
(6.9469036e-09 8.1201719e-08 0.00012877639)
(-1.4078633e-07 -2.9378835e-07 8.2259304e-05)
(-1.6168933e-07 -2.6715686e-07 8.043489e-05)
(5.209395e-07 1.0855322e-06 0.00019381661)
(1.8957227e-07 5.8282675e-07 0.00017747733)
(2.532739e-07 5.7122807e-07 0.00017353111)
(6.5650352e-07 1.7364791e-06 0.00021085568)
(8.3026609e-07 1.6729827e-06 0.00020616116)
(1.1192303e-06 2.2109927e-06 0.00019838209)
(-1.5397863e-08 5.779126e-08 0.00012880595)
(-7.9696788e-08 -3.384945e-07 8.227349e-05)
(-1.1423324e-07 -3.2071899e-07 8.0450995e-05)
(2.9717949e-07 1.1566623e-06 0.00019387021)
(8.4678955e-08 5.9356519e-07 0.00017751666)
(1.3297188e-07 5.9356278e-07 0.00017357673)
(3.2326386e-07 1.8275223e-06 0.00021090846)
(4.8839669e-07 1.8009181e-06 0.00020622254)
(6.687731e-07 2.3917818e-06 0.00019843764)
(-8.8067797e-09 3.57859e-08 0.00012882566)
(2.0889771e-10 -3.5643179e-07 8.2279025e-05)
(-4.1475566e-08 -3.5668804e-07 8.046178e-05)
(9.6895925e-08 1.1828258e-06 0.00019390703)
(1.9606704e-09 5.9372329e-07 0.00017753236)
(4.1475637e-08 5.9425707e-07 0.00017360792)
(3.15092e-09 1.8554292e-06 0.00021092976)
(1.6231441e-07 1.8570883e-06 0.00020626489)
(2.2369238e-07 2.4767294e-06 0.00019847601)
(1.0941101e-08 3.5981585e-08 0.00012882527)
(8.0071024e-08 -3.383891e-07 8.2272907e-05)
(4.2596486e-08 -3.5656479e-07 8.0461448e-05)
(-9.180311e-08 1.183272e-06 0.00019390651)
(-8.0912598e-08 5.9423877e-07 0.00017751562)
(-3.6560802e-08 5.9470128e-07 0.00017360735)
(-3.1719161e-07 1.828565e-06 0.00021090742)
(-1.5503008e-07 1.8577148e-06 0.00020626432)
(-2.1671064e-07 2.4773142e-06 0.00019847563)
(1.738508e-08 5.8342204e-08 0.0001288048)
(1.4110988e-07 -2.9359148e-07 8.2258183e-05)
(1.1526076e-07 -3.2036913e-07 8.0450024e-05)
(-2.9242374e-07 1.1579374e-06 0.00019386866)
(-1.8616269e-07 5.8408053e-07 0.00017747529)
(-1.2838687e-07 5.948295e-07 0.00017357503)
(-6.509983e-07 1.7384128e-06 0.00021085355)
(-4.8158746e-07 1.8027107e-06 0.00020622083)
(-6.6223996e-07 2.3934538e-06 0.00019843645)
(-5.2346706e-09 8.2029319e-08 0.00012877453)
(1.7884018e-07 -2.4392936e-07 8.2243007e-05)
(1.6254525e-07 -2.6663343e-07 8.0433347e-05)
(-5.1680726e-07 1.08744e-06 0.00019381403)
(-3.1544368e-07 5.3926639e-07 0.00017743429)
(-2.4930274e-07 5.7313263e-07 0.00017352835)
(-9.923605e-07 1.5682948e-06 0.00021079898)
(-8.2433374e-07 1.675664e-06 0.00020615825)
(-1.1135242e-06 2.2134889e-06 0.00019837994)
(-4.694479e-08 8.1003826e-08 0.00012875254)
(1.9094422e-07 -2.2001488e-07 8.0421171e-05)
(2.0739721e-07 -2.0622498e-07 8.2236528e-05)
(-7.4813165e-07 9.5122115e-07 0.00019377479)
(-3.8557542e-07 5.0511223e-07 0.00017349481)
(-4.4328886e-07 4.4630687e-07 0.00017741698)
(-1.1631783e-06 1.4615204e-06 0.00020611337)
(-1.3099003e-06 1.3139864e-06 0.00021077596)
(-1.5481205e-06 1.9290853e-06 0.00019833943)
(5.0531523e-08 8.0396814e-08 0.00012307441)
(-1.752442e-07 -2.4236854e-07 7.8621199e-05)
(-1.8843543e-07 -2.2004493e-07 7.6811201e-05)
(7.5363155e-07 9.4919763e-07 0.00018522009)
(3.2146702e-07 5.3796098e-07 0.00016960433)
(3.9024451e-07 5.0249293e-07 0.00016568381)
(9.9950578e-07 1.566714e-06 0.00020148861)
(1.1696016e-06 1.4583157e-06 0.0001968214)
(1.5549095e-06 1.9271763e-06 0.00018957815)
(1.0018136e-08 8.1807763e-08 0.00012309462)
(-1.3801155e-07 -2.928963e-07 7.8635007e-05)
(-1.596241e-07 -2.6670984e-07 7.6822742e-05)
(5.2393737e-07 1.0859032e-06 0.00018525687)
(1.9317973e-07 5.8340791e-07 0.00016964274)
(2.5542029e-07 5.7071677e-07 0.00016571497)
(6.5945435e-07 1.738536e-06 0.0002015403)
(8.3247803e-07 1.6729056e-06 0.00019686311)
(1.1217498e-06 2.2124127e-06 0.00018961628)
(-1.2432268e-08 5.9196726e-08 0.00012312278)
(-7.7901326e-08 -3.385371e-07 7.8648401e-05)
(-1.124124e-07 -3.2029908e-07 7.6838627e-05)
(3.0009646e-07 1.1576869e-06 0.0001853085)
(8.7442928e-08 5.9471362e-07 0.00016968049)
(1.3515307e-07 5.9328511e-07 0.00016575858)
(3.256449e-07 1.8308367e-06 0.00020159134)
(4.9058701e-07 1.8012035e-06 0.00019692173)
(6.7109054e-07 2.3938336e-06 0.00018967002)
(-7.087911e-09 3.7828552e-08 0.00012314166)
(9.1020261e-10 -3.5682172e-07 7.8653614e-05)
(-4.0341741e-08 -3.5625839e-07 7.6849242e-05)
(9.8680241e-08 1.1844041e-06 0.00018534398)
(2.9507049e-09 5.952311e-07 0.00016969553)
(4.2956115e-08 5.9428815e-07 0.00016578838)
(4.13085e-09 1.859368e-06 0.00020161189)
(1.6376175e-07 1.8577872e-06 0.00019696213)
(2.2511147e-07 2.4792343e-06 0.00018970704)
(1.0904054e-08 3.8183915e-08 0.00012314123)
(7.9638556e-08 -3.3817675e-07 7.8647741e-05)
(4.2838121e-08 -3.560094e-07 7.6848904e-05)
(-9.1620074e-08 1.1850268e-06 0.0001853434)
(-8.1756443e-08 5.9574162e-07 0.00016967933)
(-3.6141705e-08 5.9490113e-07 0.00016578778)
(-3.1766856e-07 1.8322042e-06 0.00020159019)
(-1.5467541e-07 1.8585617e-06 0.00019696154)
(-2.1650374e-07 2.4799478e-06 0.00018970662)
(1.5987208e-08 6.0207663e-08 0.00012312149)
(1.3956393e-07 -2.92223e-07 7.8633735e-05)
(1.1472906e-07 -3.1958762e-07 7.683764e-05)
(-2.9350266e-07 1.1594662e-06 0.00018530678)
(-1.8804503e-07 5.8532047e-07 0.00016964048)
(-1.2878895e-07 5.9503572e-07 0.00016575681)
(-6.5222851e-07 1.7410718e-06 0.00020153796)
(-4.8208144e-07 1.8034179e-06 0.00019691994)
(-6.6302812e-07 2.3958715e-06 0.0001896687)
(-6.9501108e-09 8.3332643e-08 0.00012309254)
(1.7649144e-07 -2.4148834e-07 7.861939e-05)
(1.6160743e-07 -2.6563513e-07 7.6821174e-05)
(-5.1820834e-07 1.0885744e-06 0.00018525402)
(-3.1719562e-07 5.4047031e-07 0.00016960106)
(-2.4989285e-07 5.7335581e-07 0.00016571211)
(-9.9343691e-07 1.5700282e-06 0.00020148506)
(-8.2504466e-07 1.6762285e-06 0.00019686008)
(-1.1146954e-06 2.2154609e-06 0.00018961394)
(-4.8096981e-08 8.2214955e-08 0.00012307163)
(1.8998236e-07 -2.1875788e-07 7.6809137e-05)
(2.0485044e-07 -2.0320779e-07 7.8613279e-05)
(-7.490311e-07 9.5237261e-07 0.00018521617)
(-3.8581302e-07 5.0564448e-07 0.00016567998)
(-4.4429575e-07 4.4811013e-07 0.00016958443)
(-1.1635676e-06 1.4622663e-06 0.00019681713)
(-1.3106285e-06 1.31554e-06 0.00020146274)
(-1.549167e-06 1.9307811e-06 0.00018957467)
(5.127568e-08 7.9787485e-08 0.00011741345)
(-1.7463052e-07 -2.4317293e-07 7.5013112e-05)
(-1.8832611e-07 -2.2171595e-07 7.3204651e-05)
(7.5410936e-07 9.4799786e-07 0.00017668418)
(3.2199178e-07 5.3672317e-07 0.00016179455)
(3.9070955e-07 5.0005291e-07 0.00015787385)
(1.0008836e-06 1.5656367e-06 0.00019219586)
(1.170345e-06 1.4560379e-06 0.00018752727)
(1.5557429e-06 1.9265266e-06 0.00018083156)
(1.0881136e-08 8.0641692e-08 0.00011743251)
(-1.3681486e-07 -2.9295611e-07 7.502608e-05)
(-1.5827936e-07 -2.6815718e-07 7.3214655e-05)
(5.2493269e-07 1.0842542e-06 0.00017671883)
(1.9399616e-07 5.8200206e-07 0.00016183075)
(2.5788373e-07 5.6801539e-07 0.00015790241)
(6.60984e-07 1.7366613e-06 0.0001922445)
(8.3521147e-07 1.6699896e-06 0.00018756574)
(1.1231333e-06 2.2112771e-06 0.00018086742)
(-1.1542731e-08 5.7488871e-08 0.00011745897)
(-7.6663474e-08 -3.3765988e-07 7.5038574e-05)
(-1.1057743e-07 -3.206208e-07 7.3228389e-05)
(3.0131356e-07 1.1558762e-06 0.00017676742)
(8.8408989e-08 5.9330902e-07 0.00016186626)
(1.3828747e-07 5.916897e-07 0.00015794234)
(3.2695162e-07 1.8285026e-06 0.0001922925)
(4.9386892e-07 1.7989994e-06 0.00018761983)
(6.7255073e-07 2.3926222e-06 0.00018091791)
(-6.235363e-09 3.5896511e-08 0.00011747663)
(1.5869262e-09 -3.5544605e-07 7.5043396e-05)
(-3.9099004e-08 -3.5548202e-07 7.323746e-05)
(9.9740517e-08 1.1826903e-06 0.00017680074)
(3.8638244e-09 5.939582e-07 0.00016188036)
(4.4948751e-08 5.9398704e-07 0.00015796953)
(4.9554488e-09 1.8569809e-06 0.00019231177)
(1.657693e-07 1.856637e-06 0.00018765706)
(2.261198e-07 2.4781851e-06 0.00018095266)
(1.1632074e-08 3.6393015e-08 0.00011747618)
(7.9716512e-08 -3.370643e-07 7.503791e-05)
(4.2959857e-08 -3.5510831e-07 7.3237127e-05)
(-9.0944321e-08 1.1834545e-06 0.00017680013)
(-8.094548e-08 5.9463898e-07 0.00016186505)
(-3.6177871e-08 5.9477261e-07 0.00015796891)
(-3.1736507e-07 1.8301184e-06 0.00019229127)
(-1.5480783e-07 1.8575642e-06 0.00018765643)
(-2.1621175e-07 2.4789891e-06 0.00018095221)
(1.6580244e-08 5.8905046e-08 0.00011745764)
(1.3956247e-07 -2.9184322e-07 7.5024798e-05)
(1.1416666e-07 -3.1955259e-07 7.3227415e-05)
(-2.9308176e-07 1.1580614e-06 0.00017676561)
(-1.8724081e-07 5.844786e-07 0.00016182839)
(-1.3009742e-07 5.9393277e-07 0.00015794051)
(-6.5227306e-07 1.7396621e-06 0.00019224203)
(-4.8360405e-07 1.8016474e-06 0.00018761793)
(-6.6324899e-07 2.3949176e-06 0.00018091649)
(-6.5119162e-09 8.2782709e-08 0.00011743037)
(1.768939e-07 -2.4170449e-07 7.5011293e-05)
(1.6136477e-07 -2.6654425e-07 7.321311e-05)
(-5.1774454e-07 1.0875444e-06 0.00017671584)
(-3.1632851e-07 5.3998827e-07 0.00016179114)
(-2.5077029e-07 5.7139536e-07 0.00015789946)
(-9.9351004e-07 1.5695795e-06 0.00019219212)
(-8.262315e-07 1.6739656e-06 0.00018756255)
(-1.1149485e-06 2.2147226e-06 0.00018086492)
(-4.7783969e-08 8.234994e-08 0.0001174106)
(1.9074948e-07 -2.1978643e-07 7.320262e-05)
(2.0563682e-07 -2.0345417e-07 7.5005505e-05)
(-7.4828863e-07 9.5192592e-07 0.00017668007)
(-3.8500706e-07 5.0408541e-07 0.0001578699)
(-4.4332564e-07 4.4795562e-07 0.00016177538)
(-1.1630418e-06 1.4607642e-06 0.00018752279)
(-1.310306e-06 1.3159888e-06 0.00019217102)
(-1.549013e-06 1.9306219e-06 0.00018082788)
(5.0763449e-08 7.5896089e-08 0.00011175405)
(-1.7369278e-07 -2.4555193e-07 7.1407169e-05)
(-1.8829511e-07 -2.2324943e-07 6.9601367e-05)
(7.5445568e-07 9.4401498e-07 0.00016814634)
(3.2452479e-07 5.3273356e-07 0.00015398351)
(3.9182889e-07 4.9807719e-07 0.00015007181)
(1.0030937e-06 1.5614468e-06 0.00018289909)
(1.1716826e-06 1.4539628e-06 0.00017824311)
(1.5559136e-06 1.9227537e-06 0.00017208086)
(1.357654e-08 7.7268925e-08 0.00011177109)
(-1.3468222e-07 -2.9472732e-07 7.1418588e-05)
(-1.5679827e-07 -2.6876218e-07 6.9610491e-05)
(5.2885604e-07 1.0797795e-06 0.00016817758)
(1.9896499e-07 5.7903384e-07 0.00015401605)
(2.6135673e-07 5.6631484e-07 0.00015009752)
(6.6562306e-07 1.7333531e-06 0.00018294311)
(8.3893073e-07 1.6675822e-06 0.0001782779)
(1.1263689e-06 2.2063725e-06 0.00017211322)
(-7.5985156e-09 5.6961093e-08 0.0001117947)
(-7.4678037e-08 -3.3811135e-07 7.1429534e-05)
(-1.0848882e-07 -3.1915897e-07 6.9623027e-05)
(3.0634756e-07 1.1533645e-06 0.00016822143)
(9.2717401e-08 5.9278815e-07 0.00015404791)
(1.4237271e-07 5.9194828e-07 0.00015013352)
(3.3104114e-07 1.8274618e-06 0.00018298654)
(4.9812042e-07 1.797832e-06 0.00017832688)
(6.7669439e-07 2.3885419e-06 0.00017215892)
(-3.8929333e-09 3.8094233e-08 0.00011181027)
(2.2787795e-09 -3.5514417e-07 7.1433716e-05)
(-3.7752804e-08 -3.5227563e-07 6.9631341e-05)
(1.0262561e-07 1.1824164e-06 0.00016825141)
(4.9126409e-09 5.9480188e-07 0.0001540605)
(4.7353705e-08 5.9610895e-07 0.00015015804)
(6.0102518e-09 1.8572209e-06 0.00018300392)
(1.682529e-07 1.8568463e-06 0.0001783606)
(2.285087e-07 2.475466e-06 0.00017219037)
(1.1015936e-08 3.8752719e-08 0.00011180983)
(7.9068305e-08 -3.3726636e-07 7.1428908e-05)
(4.2918657e-08 -3.5177847e-07 6.9631045e-05)
(-9.1732313e-08 1.1833652e-06 0.00016825079)
(-8.3227799e-08 5.9448533e-07 0.00015404669)
(-3.6497713e-08 5.970842e-07 0.00015015744)
(-3.1941234e-07 1.8294191e-06 0.00018298526)
(-1.5512682e-07 1.8579576e-06 0.00017835998)
(-2.1679286e-07 2.4764118e-06 0.00017218987)
(1.4233024e-08 5.8839362e-08 0.0001117934)
(1.386184e-07 -2.9315526e-07 7.1417382e-05)
(1.1328962e-07 -3.1773849e-07 6.9622164e-05)
(-2.9616787e-07 1.156073e-06 0.00016821957)
(-1.9040608e-07 5.8218488e-07 0.00015401367)
(-1.3223995e-07 5.9473271e-07 0.00015013178)
(-6.5508123e-07 1.7369796e-06 0.00018294053)
(-4.858288e-07 1.8010039e-06 0.000178325)
(-6.6570189e-07 2.3912385e-06 0.00017215739)
(-7.8474027e-09 8.0098429e-08 0.000111769)
(1.769332e-07 -2.4348123e-07 7.1405459e-05)
(1.6092193e-07 -2.6662084e-07 6.9609127e-05)
(-5.1999518e-07 1.0838492e-06 0.00016817453)
(-3.1737744e-07 5.3687746e-07 0.00015398008)
(-2.5256587e-07 5.7050752e-07 0.00015009472)
(-9.9419217e-07 1.566201e-06 0.00018289522)
(-8.2818174e-07 1.6723452e-06 0.00017827477)
(-1.1167098e-06 2.2104132e-06 0.00017211056)
(-4.6219388e-08 7.9267656e-08 0.00011175127)
(1.9152978e-07 -2.2069382e-07 6.9599584e-05)
(2.0713159e-07 -2.0441942e-07 7.1400338e-05)
(-7.4731812e-07 9.4885249e-07 0.00016814216)
(-3.847973e-07 5.0307336e-07 0.00015006807)
(-4.4115418e-07 4.4667132e-07 0.00015396584)
(-1.1629484e-06 1.4596207e-06 0.00017823875)
(-1.3078277e-06 1.3144222e-06 0.00018287604)
(-1.5479895e-06 1.9275374e-06 0.00017207699)
(5.2251366e-08 7.6106469e-08 0.00010610317)
(-1.7292905e-07 -2.4543797e-07 6.780548e-05)
(-1.8752942e-07 -2.2297831e-07 6.6001247e-05)
(7.5625217e-07 9.4357162e-07 0.0001596249)
(3.2676556e-07 5.3292531e-07 0.00014618603)
(3.9310211e-07 4.9823032e-07 0.00014227952)
(1.0060549e-06 1.561077e-06 0.00017362192)
(1.1732335e-06 1.4540507e-06 0.00016897403)
(1.5571123e-06 1.9213335e-06 0.00016334919)
(1.5884502e-08 7.854085e-08 0.00010611799)
(-1.3300357e-07 -2.9219951e-07 6.7815443e-05)
(-1.5567415e-07 -2.674145e-07 6.6009636e-05)
(5.3187642e-07 1.0797043e-06 0.00015965306)
(2.018059e-07 5.8045549e-07 0.00014621523)
(2.6291162e-07 5.6703237e-07 0.00014230345)
(6.6912325e-07 1.733016e-06 0.0001736618)
(8.4076853e-07 1.6677029e-06 0.00016900639)
(1.1289756e-06 2.2044894e-06 0.00016337854)
(-5.2057122e-09 5.9929191e-08 0.00010613865)
(-7.3089641e-08 -3.3301949e-07 6.7825059e-05)
(-1.0724506e-07 -3.1641008e-07 6.6021207e-05)
(3.0948758e-07 1.1544703e-06 0.00015969265)
(9.5075843e-08 5.9565397e-07 0.00014624391)
(1.4393319e-07 5.934146e-07 0.00014233704)
(3.338127e-07 1.827519e-06 0.0001737012)
(4.998785e-07 1.798112e-06 0.000169052)
(6.7954428e-07 2.3869502e-06 0.00016341998)
(-2.4075693e-09 4.2278396e-08 0.00010615238)
(2.8974182e-09 -3.4890997e-07 6.7828766e-05)
(-3.6882348e-08 -3.4858733e-07 6.6028938e-05)
(1.0457323e-07 1.1845085e-06 0.00015971981)
(5.9564562e-09 5.9839134e-07 0.00014625525)
(4.8572535e-08 5.9808032e-07 0.00014235998)
(7.1264089e-09 1.8575831e-06 0.00017371698)
(1.6959e-07 1.8572515e-06 0.00016908344)
(2.3031119e-07 2.4742938e-06 0.00016344856)
(1.1176323e-08 4.3090313e-08 0.00010615198)
(7.8676862e-08 -3.3194468e-07 6.7824509e-05)
(4.3173156e-08 -3.4798143e-07 6.6028668e-05)
(-9.1529e-08 1.1856482e-06 0.00015971922)
(-8.3562124e-08 5.9771942e-07 0.00014624277)
(-3.5779016e-08 5.9923193e-07 0.00014235941)
(-3.2001477e-07 1.8298468e-06 0.00017369997)
(-1.5436034e-07 1.858542e-06 0.00016908282)
(-2.1658004e-07 2.4754047e-06 0.00016344808)
(1.3376943e-08 6.2248001e-08 0.00010613747)
(1.3800959e-07 -2.9020238e-07 6.7814385e-05)
(1.1308899e-07 -3.1467955e-07 6.6020418e-05)
(-2.9728915e-07 1.1577251e-06 0.00015969089)
(-1.9141861e-07 5.8429099e-07 0.00014621301)
(-1.3199456e-07 5.9670213e-07 0.00014233535)
(-6.5660672e-07 1.7373319e-06 0.00017365934)
(-4.856173e-07 1.8017941e-06 0.00016905014)
(-6.6664891e-07 2.3901194e-06 0.00016341848)
(-8.8238009e-09 8.2034847e-08 0.0001061161)
(1.7705405e-07 -2.4280697e-07 6.7803986e-05)
(1.606888e-07 -2.6480869e-07 6.6008385e-05)
(-5.2124702e-07 1.0846013e-06 0.00015965017)
(-3.1808035e-07 5.3797706e-07 0.00014618283)
(-2.5256048e-07 5.7197932e-07 0.00014230072)
(-9.9546743e-07 1.5667476e-06 0.00017361824)
(-8.2830033e-07 1.6732306e-06 0.00016900328)
(-1.1176271e-06 2.2092475e-06 0.00016337596)
(-4.6649365e-08 8.0273562e-08 0.00010610065)
(1.9145542e-07 -2.198741e-07 6.5999608e-05)
(2.0779862e-07 -2.045681e-07 6.7799526e-05)
(-7.4767944e-07 9.4940295e-07 0.00015962096)
(-3.8483338e-07 5.0411812e-07 0.00014227588)
(-4.4127961e-07 4.4772105e-07 0.00014617005)
(-1.1631092e-06 1.4606104e-06 0.00016896971)
(-1.3081948e-06 1.3157868e-06 0.00017360083)
(-1.5477832e-06 1.9269822e-06 0.00016334548)
(5.3024811e-08 7.6608794e-08 0.00010045374)
(-1.7182893e-07 -2.4391619e-07 6.4203941e-05)
(-1.8749181e-07 -2.2308424e-07 6.2397402e-05)
(7.5701163e-07 9.4393706e-07 0.00015111135)
(3.2736269e-07 5.3359571e-07 0.00013839468)
(3.9299846e-07 4.9770762e-07 0.0001344827)
(1.0065126e-06 1.5616326e-06 0.0001643565)
(1.1733108e-06 1.4536926e-06 0.0001597016)
(1.5577539e-06 1.92158e-06 0.00015462917)
(1.6256345e-08 7.9370275e-08 0.00010046842)
(-1.3236902e-07 -2.9060845e-07 6.4213972e-05)
(-1.561165e-07 -2.6746514e-07 6.2405563e-05)
(5.3210954e-07 1.0803797e-06 0.00015113836)
(2.0206919e-07 5.8122046e-07 0.00013842292)
(2.6222235e-07 5.6679071e-07 0.00013450575)
(6.6924715e-07 1.7337397e-06 0.0001643945)
(8.401805e-07 1.6678707e-06 0.00015973269)
(1.1291146e-06 2.2049962e-06 0.00015465711)
(-4.9382008e-09 6.0757574e-08 0.00010048897)
(-7.2629327e-08 -3.3166135e-07 6.4223692e-05)
(-1.0770517e-07 -3.1681351e-07 6.2416791e-05)
(3.0963035e-07 1.1550294e-06 0.00015117637)
(9.547996e-08 5.9622739e-07 0.0001384507)
(1.4337524e-07 5.9296424e-07 0.00013453808)
(3.3415911e-07 1.82814e-06 0.00016443205)
(4.9939841e-07 1.7983345e-06 0.00015977649)
(6.7961276e-07 2.3873187e-06 0.00015469658)
(-1.8926144e-09 4.2973139e-08 0.00010050274)
(3.4086059e-09 -3.47659e-07 6.4227465e-05)
(-3.6770211e-08 -3.4931882e-07 6.2424238e-05)
(1.0518092e-07 1.1848414e-06 0.00015120247)
(6.8566113e-09 5.9891925e-07 0.00013846171)
(4.8946891e-08 5.9742869e-07 0.00013456013)
(8.1194794e-09 1.858208e-06 0.00016444707)
(1.7007975e-07 1.8574726e-06 0.00015980665)
(2.3087819e-07 2.4744256e-06 0.00015472377)
(1.2059615e-08 4.3915674e-08 0.00010050237)
(7.9201559e-08 -3.3039481e-07 6.4223195e-05)
(4.4097759e-08 -3.486105e-07 6.2423995e-05)
(-9.0249859e-08 1.1861471e-06 0.00015120189)
(-8.2229512e-08 5.9860755e-07 0.0001384496)
(-3.4194307e-08 5.9876172e-07 0.00013455958)
(-3.1844136e-07 1.8307898e-06 0.00016443083)
(-1.5259664e-07 1.8589591e-06 0.00015980604)
(-2.1529546e-07 2.4756855e-06 0.00015472328)
(1.4403445e-08 6.3447814e-08 0.00010048786)
(1.3824714e-07 -2.8825863e-07 6.4213013e-05)
(1.1450865e-07 -3.1479074e-07 6.2416082e-05)
(-2.9567948e-07 1.1587546e-06 0.00015117464)
(-1.9013389e-07 5.8563317e-07 0.00013842077)
(-1.2961658e-07 5.9676833e-07 0.00013453646)
(-6.5500775e-07 1.7386447e-06 0.00016439204)
(-4.8303491e-07 1.8025739e-06 0.00015977465)
(-6.6498822e-07 2.3909093e-06 0.00015469506)
(-8.0934058e-09 8.3416333e-08 0.00010046664)
(1.7666134e-07 -2.4082596e-07 6.4202581e-05)
(1.6194815e-07 -2.6442097e-07 6.240444e-05)
(-5.1997525e-07 1.0859737e-06 0.00015113552)
(-3.174059e-07 5.3939362e-07 0.00013839157)
(-2.5030658e-07 5.7251056e-07 0.00013450314)
(-9.9449102e-07 1.5680607e-06 0.00016435281)
(-8.2588773e-07 1.6742319e-06 0.00015972963)
(-1.1162627e-06 2.2103765e-06 0.00015465449)
(-4.6570014e-08 8.1419417e-08 0.00010045135)
(1.9204756e-07 -2.1946162e-07 6.2395929e-05)
(2.066679e-07 -2.0300464e-07 6.4198123e-05)
(-7.4725502e-07 9.505743e-07 0.00015110747)
(-3.8349851e-07 5.0450646e-07 0.00013447921)
(-4.4145076e-07 4.4868909e-07 0.0001383792)
(-1.1617235e-06 1.4612333e-06 0.00015969736)
(-1.3081203e-06 1.3165869e-06 0.00016433619)
(-1.5472142e-06 1.9279431e-06 0.00015462541)
(5.1672906e-08 7.4858873e-08 9.4802758e-05)
(-1.7337179e-07 -2.4556808e-07 6.0602457e-05)
(-1.8774071e-07 -2.2324061e-07 5.8796238e-05)
(7.5606624e-07 9.4249741e-07 0.00014259032)
(3.2591991e-07 5.3220268e-07 0.00013059797)
(3.9293697e-07 4.9828431e-07 0.00012668435)
(1.0054879e-06 1.5609338e-06 0.00015508179)
(1.1739093e-06 1.4550691e-06 0.00015042377)
(1.5573864e-06 1.9207645e-06 0.00014589832)
(1.4463602e-08 7.7701006e-08 9.4816728e-05)
(-1.3394366e-07 -2.92637e-07 6.061196e-05)
(-1.5741386e-07 -2.682103e-07 5.8804797e-05)
(5.3046247e-07 1.0793706e-06 0.00014261647)
(2.0048418e-07 5.7980029e-07 0.00013062515)
(2.6021343e-07 5.6744924e-07 0.00012670737)
(6.6796265e-07 1.7334532e-06 0.00015511868)
(8.386814e-07 1.6699081e-06 0.00015045451)
(1.1280016e-06 2.2049263e-06 0.00014592552)
(-6.3113529e-09 5.8780283e-08 9.4836157e-05)
(-7.3421575e-08 -3.3415665e-07 6.0621072e-05)
(-1.0917095e-07 -3.1899493e-07 5.8816508e-05)
(3.0834656e-07 1.1538947e-06 0.00014265321)
(9.485059e-08 5.94566e-07 0.00013065181)
(1.4107833e-07 5.9227107e-07 0.00012673959)
(3.3375246e-07 1.8279847e-06 0.0001551551)
(4.9751078e-07 1.7996384e-06 0.00015049779)
(6.7873695e-07 2.3874981e-06 0.00014596395)
(-1.9287812e-09 4.0875671e-08 9.4848998e-05)
(3.9364998e-09 -3.502696e-07 6.0624568e-05)
(-3.7122898e-08 -3.5255338e-07 5.8824272e-05)
(1.0539527e-07 1.1836566e-06 0.00014267835)
(7.9185371e-09 5.9727515e-07 0.00013066232)
(4.8506829e-08 5.9555052e-07 0.00012676151)
(9.3824006e-09 1.8582295e-06 0.00015516963)
(1.6989531e-07 1.8579602e-06 0.00015052756)
(2.3127595e-07 2.474805e-06 0.00014599039)
(1.3672476e-08 4.1969088e-08 9.4848631e-05)
(8.1013363e-08 -3.3268554e-07 6.0620597e-05)
(4.5395832e-08 -3.5175137e-07 5.8824031e-05)
(-8.8144366e-08 1.1851749e-06 0.00014267777)
(-7.9547504e-08 5.9733142e-07 0.00013065071)
(-3.1889487e-08 5.9705573e-07 0.00012676096)
(-3.1558938e-07 1.8310677e-06 0.00015515386)
(-1.5022581e-07 1.8596361e-06 0.00015052695)
(-2.1325617e-07 2.4762741e-06 0.00014598988)
(1.7242766e-08 6.190261e-08 9.4835076e-05)
(1.4073222e-07 -2.899068e-07 6.0611048e-05)
(1.1684907e-07 -3.1670497e-07 5.8815804e-05)
(-2.9223246e-07 1.1582268e-06 0.00014265149)
(-1.8670445e-07 5.8492839e-07 0.00013062302)
(-1.2558639e-07 5.9656545e-07 0.00012673797)
(-6.5151248e-07 1.7391627e-06 0.00015511621)
(-4.7910644e-07 1.8044168e-06 0.00015049595)
(-6.6183011e-07 2.391686e-06 0.0001459624)
(-5.0378627e-09 8.2398186e-08 9.4814995e-05)
(1.7895206e-07 -2.4197462e-07 6.0601168e-05)
(1.6398891e-07 -2.647659e-07 5.8803685e-05)
(-5.1645218e-07 1.0858789e-06 0.00014261365)
(-3.1442826e-07 5.3894532e-07 0.0001305949)
(-2.4680746e-07 5.7390251e-07 0.00012670477)
(-9.9160324e-07 1.5684251e-06 0.00015507811)
(-8.2261662e-07 1.6770745e-06 0.00015045146)
(-1.1131505e-06 2.2112069e-06 0.00014592289)
(-4.42239e-08 8.0447056e-08 9.4800453e-05)
(1.9286741e-07 -2.1914568e-07 5.8794785e-05)
(2.0837531e-07 -2.0426506e-07 6.0596933e-05)
(-7.4480956e-07 9.502265e-07 0.00014258648)
(-3.8226503e-07 5.0594718e-07 0.00012668087)
(-4.3957105e-07 4.476976e-07 0.00013058298)
(-1.1609011e-06 1.4635576e-06 0.00015041953)
(-1.3065699e-06 1.316063e-06 0.00015506197)
(-1.5452166e-06 1.9282048e-06 0.00014589456)
(5.3025633e-08 7.7396275e-08 8.9141731e-05)
(-1.7354704e-07 -2.4470446e-07 5.6995879e-05)
(-1.85993e-07 -2.2155249e-07 5.5185854e-05)
(7.5726713e-07 9.4554723e-07 0.00013405482)
(3.2511924e-07 5.3493496e-07 0.00012278877)
(3.9467136e-07 5.0016431e-07 0.00011887012)
(1.0055001e-06 1.5651043e-06 0.00014579175)
(1.1755137e-06 1.4570158e-06 0.0001411303)
(1.5587591e-06 1.924016e-06 0.00013715247)
(1.2992411e-08 7.9298889e-08 8.9156603e-05)
(-1.3537034e-07 -2.9343792e-07 5.7006174e-05)
(-1.5683425e-07 -2.673808e-07 5.5193916e-05)
(5.2841644e-07 1.0827205e-06 0.00013408127)
(1.9752029e-07 5.812757e-07 0.00012281655)
(2.6038738e-07 5.6930138e-07 0.00011889241)
(6.6570146e-07 1.7371311e-06 0.00014582869)
(8.3870623e-07 1.6725144e-06 0.00014116008)
(1.1265026e-06 2.2093261e-06 0.0001371797)
(-8.8345752e-09 5.7342969e-08 8.9177171e-05)
(-7.459606e-08 -3.3704951e-07 5.7016068e-05)
(-1.0929868e-07 -3.1993466e-07 5.5204978e-05)
(3.0535121e-07 1.1553148e-06 0.00013411838)
(9.2589989e-08 5.9367591e-07 0.00012284377)
(1.4057641e-07 5.9297471e-07 0.00011892362)
(3.3199047e-07 1.8299356e-06 0.00014586515)
(4.9699089e-07 1.8018444e-06 0.00014120201)
(6.7646509e-07 2.3912587e-06 0.00013721812)
(-2.7759389e-09 3.6885248e-08 8.9190831e-05)
(4.3564773e-09 -3.5403615e-07 5.7019903e-05)
(-3.701896e-08 -3.5488322e-07 5.5212358e-05)
(1.0452651e-07 1.1831505e-06 0.00013414378)
(8.7244898e-09 5.9532456e-07 0.00012285452)
(4.8687699e-08 5.9516502e-07 0.00011894489)
(1.0308582e-08 1.8593576e-06 0.00014587971)
(1.7016244e-07 1.859535e-06 0.00014123085)
(2.3076156e-07 2.4775501e-06 0.00013724457)
(1.5732323e-08 3.809119e-08 8.9190473e-05)
(8.2995337e-08 -3.3542067e-07 5.7015603e-05)
(4.6157023e-08 -3.5399802e-07 5.5212114e-05)
(-8.5550713e-08 1.1848189e-06 0.00013414322)
(-7.5732911e-08 5.967203e-07 0.0001228427)
(-3.0417719e-08 5.9681864e-07 0.00011894434)
(-3.1203765e-07 1.8333153e-06 0.00014586395)
(-1.4860648e-07 1.8613681e-06 0.00014123024)
(-2.1096495e-07 2.4791607e-06 0.00013724409)
(2.088861e-08 6.0784703e-08 8.917612e-05)
(1.4287189e-07 -2.9041842e-07 5.7005279e-05)
(1.177774e-07 -3.1740793e-07 5.5204266e-05)
(-2.8763337e-07 1.1600722e-06 0.0001341167)
(-1.8235472e-07 5.8691504e-07 0.00012281447)
(-1.2354393e-07 5.9769253e-07 0.00011892199)
(-6.476433e-07 1.7433828e-06 0.00014582629)
(-4.7681961e-07 1.8070713e-06 0.00014120016)
(-6.5789695e-07 2.395847e-06 0.00013721664)
(-2.611811e-09 8.4469399e-08 8.9154913e-05)
(1.7970015e-07 -2.4073743e-07 5.6994613e-05)
(1.6409039e-07 -2.6358233e-07 5.5192791e-05)
(-5.1302857e-07 1.0898577e-06 0.00013407852)
(-3.1249254e-07 5.4233561e-07 0.00012278577)
(-2.4565095e-07 5.7639031e-07 0.00011888979)
(-9.9027867e-07 1.5732901e-06 0.00014578816)
(-8.2109869e-07 1.6803538e-06 0.00014115701)
(-1.1102061e-06 2.2161976e-06 0.00013717716)
(-4.4840431e-08 8.3533184e-08 8.9139476e-05)
(1.9164606e-07 -2.1703952e-07 5.5184386e-05)
(2.0751963e-07 -2.0308827e-07 5.6990039e-05)
(-7.4492806e-07 9.5400149e-07 0.00013405106)
(-3.8294381e-07 5.0858119e-07 0.00011886662)
(-4.4096622e-07 4.4971621e-07 0.00012277361)
(-1.1612566e-06 1.4663009e-06 0.00014112604)
(-1.3088267e-06 1.3190221e-06 0.00014577202)
(-1.5454262e-06 1.9321345e-06 0.00013714883)
(5.5133472e-08 7.8394989e-08 8.3477484e-05)
(-1.7108066e-07 -2.4302478e-07 5.3385593e-05)
(-1.8445988e-07 -2.207506e-07 5.1578945e-05)
(7.5925104e-07 9.4613185e-07 0.00012551717)
(3.2775595e-07 5.3599253e-07 0.00011497516)
(3.9616588e-07 5.0025855e-07 0.00011106419)
(1.0070521e-06 1.5655434e-06 0.0001364998)
(1.1768642e-06 1.4568423e-06 0.00013184775)
(1.5598428e-06 1.9238533e-06 0.00012840611)
(1.5251505e-08 8.0403282e-08 8.3491105e-05)
(-1.335649e-07 -2.9271523e-07 5.3394897e-05)
(-1.5534481e-07 -2.6676597e-07 5.1586594e-05)
(5.3050783e-07 1.0835212e-06 0.0001255419)
(2.0004196e-07 5.8241247e-07 0.00011500102)
(2.620845e-07 5.6934416e-07 0.0001110848)
(6.6736792e-07 1.7383191e-06 0.00013653458)
(8.4029986e-07 1.6724082e-06 0.00013187534)
(1.1276722e-06 2.20955e-06 0.00012843172)
(-6.8952976e-09 5.8624626e-08 8.3510092e-05)
(-7.35214e-08 -3.3740927e-07 5.3403902e-05)
(-1.0810042e-07 -3.1956553e-07 5.1597096e-05)
(3.071975e-07 1.156353e-06 0.00012557668)
(9.4446668e-08 5.9490967e-07 0.00011502642)
(1.4215332e-07 5.9306831e-07 0.00011111373)
(3.3344173e-07 1.8317889e-06 0.00013656891)
(4.9853817e-07 1.8019522e-06 0.00013191424)
(6.7762001e-07 2.3918085e-06 0.0001284679)
(-1.6340351e-09 3.822896e-08 8.352279e-05)
(4.8064305e-09 -3.5484424e-07 5.3407389e-05)
(-3.6304854e-08 -3.5471264e-07 5.1604078e-05)
(1.0579192e-07 1.1843017e-06 0.00012560052)
(9.5773839e-09 5.9666161e-07 0.00011503645)
(4.9806471e-08 5.9534019e-07 0.00011113344)
(1.127441e-08 1.8615483e-06 0.00013658259)
(1.7133807e-07 1.8598597e-06 0.00013194097)
(2.317756e-07 2.4782483e-06 0.00012849275)
(1.5877539e-08 3.9553188e-08 8.3522419e-05)
(8.2788356e-08 -3.3561631e-07 5.3403417e-05)
(4.6300015e-08 -3.5374738e-07 5.1603838e-05)
(-8.50066e-08 1.1861266e-06 0.00012559993)
(-7.593853e-08 5.9824932e-07 0.00011502532)
(-2.9929052e-08 5.971376e-07 0.00011113289)
(-3.1161464e-07 1.8354801e-06 0.00013656766)
(-1.4797396e-07 1.8618426e-06 0.00013194037)
(-2.1015458e-07 2.4800033e-06 0.00012849224)
(2.0150248e-08 6.2405594e-08 8.3508999e-05)
(1.418411e-07 -2.8939173e-07 5.3393963e-05)
(1.1737452e-07 -3.1681058e-07 5.1596396e-05)
(-2.8778124e-07 1.1615597e-06 0.00012557494)
(-1.8338375e-07 5.8860279e-07 0.00011499886)
(-1.2362313e-07 5.9819637e-07 0.00011111213)
(-6.4760162e-07 1.7451529e-06 0.00013653207)
(-4.7667416e-07 1.8076062e-06 0.00013191242)
(-6.5732842e-07 2.3968123e-06 0.00012846635)
(-3.830934e-09 8.6087526e-08 8.3489346e-05)
(1.7787233e-07 -2.3865657e-07 5.338427e-05)
(1.6328247e-07 -2.6262524e-07 5.1585483e-05)
(-5.1363087e-07 1.0913421e-06 0.00012553903)
(-3.1387332e-07 5.4412812e-07 0.00011497205)
(-2.4605401e-07 5.7704931e-07 0.00011108223)
(-9.9037152e-07 1.5745072e-06 0.00013649607)
(-8.212136e-07 1.6808884e-06 0.00013187232)
(-1.1098439e-06 2.2170554e-06 0.00012842906)
(-4.6118365e-08 8.5152309e-08 8.3475139e-05)
(1.9064621e-07 -2.1583197e-07 5.1577488e-05)
(2.053269e-07 -2.0059696e-07 5.3380138e-05)
(-7.4569781e-07 9.5541588e-07 0.00012551327)
(-3.8341044e-07 5.094068e-07 0.00011106074)
(-4.4235178e-07 4.5166913e-07 0.00011496071)
(-1.161408e-06 1.4668862e-06 0.00013184357)
(-1.3090783e-06 1.3198971e-06 0.00013648085)
(-1.5452313e-06 1.932744e-06 0.00012840233)
(5.5639431e-08 7.7802487e-08 7.7817406e-05)
(-1.7049516e-07 -2.4330938e-07 4.9776601e-05)
(-1.8487951e-07 -2.2253629e-07 4.7966544e-05)
(7.600663e-07 9.4541379e-07 0.00011698788)
(3.2833819e-07 5.3503946e-07 0.00010716789)
(3.9634082e-07 4.9796464e-07 0.00010325028)
(1.0084627e-06 1.5647922e-06 0.00012721781)
(1.1774487e-06 1.4547014e-06 0.00012255847)
(1.561064e-06 1.923485e-06 0.00011967048)
(1.5885361e-08 7.9426984e-08 7.7829809e-05)
(-1.3263642e-07 -2.9247526e-07 4.9785027e-05)
(-1.5471891e-07 -2.6836957e-07 4.7972841e-05)
(5.3165963e-07 1.0825669e-06 0.00011701043)
(2.0083791e-07 5.8138078e-07 0.00010719146)
(2.638501e-07 5.668656e-07 0.00010326844)
(6.6887363e-07 1.7371018e-06 0.00012724953)
(8.4245022e-07 1.6697709e-06 0.000122583)
(1.129248e-06 2.2089373e-06 0.00011969381)
(-6.2239506e-09 5.729458e-08 7.7847039e-05)
(-7.2643748e-08 -3.3652006e-07 4.9793106e-05)
(-1.0698932e-07 -3.2024021e-07 4.7981471e-05)
(3.0843292e-07 1.1553735e-06 0.00011704213)
(9.531201e-08 5.9392656e-07 0.00010721458)
(1.4446363e-07 5.9149878e-07 0.00010329395)
(3.3473012e-07 1.8303478e-06 0.00012728083)
(5.0110144e-07 1.7998929e-06 0.00012261766)
(6.7917388e-07 2.3912484e-06 0.00011972675)
(-9.9734242e-10 3.6769261e-08 7.7858481e-05)
(5.2171558e-09 -3.5361734e-07 4.9796195e-05)
(-3.5547733e-08 -3.5448422e-07 4.7987106e-05)
(1.0680178e-07 1.1834635e-06 0.00011706381)
(1.0336545e-08 5.9580586e-07 0.00010722368)
(5.1236816e-08 5.9481886e-07 0.00010331125)
(1.2120637e-08 1.8601399e-06 0.00012729328)
(1.7287041e-07 1.8586451e-06 0.00012264146)
(2.328933e-07 2.4778938e-06 0.00011974936)
(1.6400846e-08 3.82009e-08 7.7858124e-05)
(8.2702555e-08 -3.3458155e-07 4.9792631e-05)
(4.6296347e-08 -3.534523e-07 4.7986865e-05)
(-8.4414382e-08 1.1854262e-06 0.00011706325)
(-7.5340797e-08 5.9752671e-07 0.00010721352)
(-3.0071617e-08 5.9672781e-07 0.00010331072)
(-3.112688e-07 1.8343055e-06 0.00012727964)
(-1.4815463e-07 1.8607339e-06 0.00012264087)
(-2.0969569e-07 2.4797703e-06 0.00011974888)
(2.0552185e-08 6.1380282e-08 7.7845988e-05)
(1.4161974e-07 -2.8888326e-07 4.9784111e-05)
(1.1696918e-07 -3.1729412e-07 4.7980766e-05)
(-2.8752918e-07 1.1609702e-06 0.00011704046)
(-1.8287435e-07 5.8804904e-07 0.0001071894)
(-1.2472995e-07 5.969446e-07 0.00010329238)
(-6.4763892e-07 1.7444231e-06 0.00012724715)
(-4.7796639e-07 1.8058485e-06 0.00012261588)
(-6.5741015e-07 2.3965955e-06 0.00011972529)
(-3.5505042e-09 8.5563666e-08 7.7828116e-05)
(1.7786675e-07 -2.3859198e-07 4.9775299e-05)
(1.6327383e-07 -2.6393897e-07 4.7971714e-05)
(-5.1350452e-07 1.0909642e-06 0.00011700769)
(-3.1338473e-07 5.4379075e-07 0.00010716491)
(-2.4676939e-07 5.750489e-07 0.0001032659)
(-9.905594e-07 1.5743801e-06 0.00012721426)
(-8.2223899e-07 1.6787046e-06 0.00012258003)
(-1.1101374e-06 2.216948e-06 0.00011969131)
(-4.5917397e-08 8.5085048e-08 7.7815147e-05)
(1.9156395e-07 -2.1727005e-07 4.7965054e-05)
(2.0554915e-07 -2.0059645e-07 4.977153e-05)
(-7.4550707e-07 9.5536201e-07 0.00011698416)
(-3.8273751e-07 5.0767999e-07 0.00010324687)
(-4.4182459e-07 4.5152473e-07 0.00010715457)
(-1.1610597e-06 1.4652828e-06 0.00012255435)
(-1.3090981e-06 1.3203138e-06 0.00012720039)
(-1.5454161e-06 1.9329532e-06 0.00011966693)
(5.4701536e-08 7.411551e-08 7.2155981e-05)
(-1.7080445e-07 -2.4645691e-07 4.6167714e-05)
(-1.8552002e-07 -2.2459196e-07 4.4363042e-05)
(7.5989038e-07 9.4155747e-07 0.00010845346)
(3.2979985e-07 5.3117561e-07 9.9356356e-05)
(3.9673727e-07 4.9538381e-07 9.544785e-05)
(1.0098822e-06 1.560737e-06 0.00011792886)
(1.1781758e-06 1.4520122e-06 0.00011327838)
(1.5611057e-06 1.9200327e-06 0.00011092773)
(1.7503181e-08 7.6129099e-08 7.2166495e-05)
(-1.3171794e-07 -2.9503522e-07 4.6174661e-05)
(-1.5389988e-07 -2.6955233e-07 4.4368499e-05)
(5.3434294e-07 1.0782713e-06 0.00010847292)
(2.0426426e-07 5.7832639e-07 9.937663e-05)
(2.6649267e-07 5.6449707e-07 9.5463528e-05)
(6.7220622e-07 1.7336028e-06 0.00011795643)
(8.4542617e-07 1.6666764e-06 0.0001132997)
(1.1317074e-06 2.2045161e-06 0.00011094791)
(-3.5496765e-09 5.6243149e-08 7.2181116e-05)
(-7.1548721e-08 -3.3787236e-07 4.6181285e-05)
(-1.0548995e-07 -3.1944505e-07 4.4376009e-05)
(3.1202832e-07 1.1526094e-06 0.00010850037)
(9.8296924e-08 5.9281885e-07 9.93965e-05)
(1.4773645e-07 5.9093176e-07 9.5485647e-05)
(3.3761829e-07 1.8285292e-06 0.00011798367)
(5.0458588e-07 1.7978824e-06 0.00011332995)
(6.8229741e-07 2.3874411e-06 0.00011097658)
(5.2996791e-10 3.7873257e-08 7.2190694e-05)
(5.5599596e-09 -3.543167e-07 4.618378e-05)
(-3.4637744e-08 -3.5204152e-07 4.4380947e-05)
(1.0874065e-07 1.1824585e-06 0.0001085191)
(1.0865036e-08 5.9575218e-07 9.9404271e-05)
(5.3007949e-08 5.9595616e-07 9.5500676e-05)
(1.2625367e-08 1.859255e-06 0.00011799448)
(1.7472438e-07 1.8578638e-06 0.00011335075)
(2.3454456e-07 2.4751471e-06 0.00011099626)
(1.574211e-08 3.9380884e-08 7.2190363e-05)
(8.2276755e-08 -3.3582121e-07 4.6180848e-05)
(4.6025835e-08 -3.5095321e-07 4.4380746e-05)
(-8.5317128e-08 1.1845012e-06 0.00010851857)
(-7.7295009e-08 5.9658845e-07 9.9395507e-05)
(-3.0756401e-08 5.9796106e-07 9.5500204e-05)
(-3.1316706e-07 1.8326286e-06 0.00011798254)
(-1.4887106e-07 1.8600456e-06 0.00011335021)
(-2.1047411e-07 2.4770783e-06 0.0001109958)
(1.8697366e-08 6.0547686e-08 7.218014e-05)
(1.4132058e-07 -2.9122925e-07 4.6173816e-05)
(1.1607575e-07 -3.1633548e-07 4.4375422e-05)
(-2.9013903e-07 1.1584365e-06 0.0001084988)
(-1.853481e-07 5.8531469e-07 9.9374688e-05)
(-1.2697361e-07 5.966544e-07 9.5484254e-05)
(-6.500408e-07 1.7411937e-06 0.00011795416)
(-4.8036504e-07 1.8041059e-06 0.00011332832)
(-6.5969247e-07 2.392946e-06 0.00011097518)
(-4.4383346e-09 8.2602358e-08 7.2164919e-05)
(1.7871694e-07 -2.4144751e-07 4.6166508e-05)
(1.6299525e-07 -2.648692e-07 4.4367563e-05)
(-5.1529275e-07 1.0870254e-06 0.00010847033)
(-3.1401224e-07 5.4036156e-07 9.9353547e-05)
(-2.4849281e-07 5.7310584e-07 9.5461266e-05)
(-9.9113825e-07 1.5706964e-06 0.00011792548)
(-8.2422931e-07 1.6760223e-06 0.00011329698)
(-1.1118101e-06 2.2127744e-06 0.00011094553)
(-4.437178e-08 8.1811212e-08 7.2153869e-05)
(1.9265113e-07 -2.1901586e-07 4.4361803e-05)
(2.0784246e-07 -2.0275744e-07 4.6163393e-05)
(-7.4455929e-07 9.5194801e-07 0.00010844993)
(-3.8237077e-07 5.0561739e-07 9.5444801e-05)
(-4.3974632e-07 4.4956344e-07 9.9344656e-05)
(-1.1609443e-06 1.4630962e-06 0.0001132746)
(-1.306971e-06 1.3182114e-06 0.00011791342)
(-1.5447465e-06 1.9298149e-06 0.00011092434)
(5.5416228e-08 7.3232816e-08 6.649927e-05)
(-1.7016214e-07 -2.4665435e-07 4.2562474e-05)
(-1.8481927e-07 -2.2456997e-07 4.0757538e-05)
(7.6102994e-07 9.3995901e-07 9.9925156e-05)
(3.3152395e-07 5.2996985e-07 9.1551418e-05)
(3.9804933e-07 4.9492523e-07 8.7646309e-05)
(1.0122536e-06 1.5589184e-06 0.00010864605)
(1.1796283e-06 1.4511256e-06 0.00010400242)
(1.562105e-06 1.9179165e-06 0.00010218969)
(1.9496258e-08 7.6262402e-08 6.6508113e-05)
(-1.3011418e-07 -2.929506e-07 4.2568381e-05)
(-1.5271345e-07 -2.6851456e-07 4.0762476e-05)
(5.3715532e-07 1.0769008e-06 9.9942077e-05)
(2.0696729e-07 5.7833639e-07 9.1569026e-05)
(2.6837512e-07 5.6456858e-07 8.766051e-05)
(6.7547622e-07 1.7319099e-06 0.0001086702)
(8.4748785e-07 1.6657711e-06 0.00010402167)
(1.1343701e-06 2.2018309e-06 0.00010220734)
(-1.2571742e-09 5.8333052e-08 6.6520533e-05)
(-7.0114919e-08 -3.3330928e-07 4.2574078e-05)
(-1.0421811e-07 -3.1696719e-07 4.0769319e-05)
(3.1511333e-07 1.1525853e-06 9.99661e-05)
(1.0050176e-07 5.9444867e-07 9.1586381e-05)
(1.4956744e-07 5.9195815e-07 8.7680667e-05)
(3.4016814e-07 1.82751e-06 0.00010869415)
(5.0654672e-07 1.7973394e-06 0.00010404911)
(6.8520691e-07 2.3851634e-06 0.0001022325)
(1.7679045e-09 4.1438124e-08 6.6528766e-05)
(5.8564999e-09 -3.4867887e-07 4.2576257e-05)
(-3.3946487e-08 -3.4859279e-07 4.0773873e-05)
(1.1040149e-07 1.1836167e-06 9.9982571e-05)
(1.1422628e-08 5.9815754e-07 9.159319e-05)
(5.4047545e-08 5.9766534e-07 8.7694445e-05)
(1.3257463e-08 1.8586446e-06 0.00010870366)
(1.7585517e-07 1.857637e-06 0.00010406804)
(2.3612388e-07 2.4734376e-06 0.00010224985)
(1.5350761e-08 4.3026698e-08 6.6528476e-05)
(8.1420352e-08 -3.3115069e-07 4.257371e-05)
(4.5842977e-08 -3.474557e-07 4.0773714e-05)
(-8.5791169e-08 1.1857682e-06 9.9982086e-05)
(-7.8413285e-08 5.984218e-07 9.1585484e-05)
(-3.0803155e-08 5.9976724e-07 8.7694047e-05)
(-3.1448257e-07 1.8318286e-06 0.00010869309)
(-1.4885369e-07 1.8599295e-06 0.00010406757)
(-2.1087486e-07 2.4754695e-06 0.00010224942)
(1.7206276e-08 6.2871967e-08 6.6519674e-05)
(1.4024638e-07 -2.8894162e-07 4.2567666e-05)
(1.1529529e-07 -3.1371318e-07 4.076885e-05)
(-2.9209561e-07 1.1587265e-06 9.9964652e-05)
(-1.8705204e-07 5.8570801e-07 9.156726e-05)
(-1.2783874e-07 5.9796846e-07 8.7679482e-05)
(-6.5216759e-07 1.7399118e-06 0.00010866807)
(-4.8120565e-07 1.8038894e-06 0.00010404769)
(-6.6147413e-07 2.3909588e-06 0.00010223117)
(-5.7224748e-09 8.3095994e-08 6.6506716e-05)
(1.7852512e-07 -2.413718e-07 4.2561449e-05)
(1.6226013e-07 -2.6359982e-07 4.0761721e-05)
(-5.1709651e-07 1.0861357e-06 9.9939679e-05)
(-3.1488232e-07 5.3966818e-07 9.1548839e-05)
(-2.4947769e-07 5.7363839e-07 8.7658561e-05)
(-9.9251713e-07 1.5694235e-06 0.00010864284)
(-8.2524122e-07 1.6756363e-06 0.00010401926)
(-1.1134496e-06 2.2105319e-06 0.00010220504)
(-4.4513083e-08 8.136522e-08 6.6497378e-05)
(1.923344e-07 -2.1869569e-07 4.0756526e-05)
(2.0845883e-07 -2.0334331e-07 4.2558822e-05)
(-7.4486644e-07 9.5092814e-07 9.992185e-05)
(-3.8290484e-07 5.0575116e-07 8.7643637e-05)
(-4.3934112e-07 4.4915213e-07 9.1541152e-05)
(-1.1614702e-06 1.4628697e-06 0.00010399901)
(-1.306814e-06 1.3179964e-06 0.00010863231)
(-1.5448773e-06 1.9282276e-06 0.00010218641)
(5.6876067e-08 7.39044e-08 6.0845791e-05)
(-1.6890314e-07 -2.4540549e-07 3.8958158e-05)
(-1.8442793e-07 -2.2449502e-07 3.7153028e-05)
(7.6263173e-07 9.4019558e-07 9.1406692e-05)
(3.3303976e-07 5.3076432e-07 8.3754284e-05)
(3.9857108e-07 4.9449338e-07 7.9848692e-05)
(1.0134458e-06 1.5589187e-06 9.9376681e-05)
(1.1802286e-06 1.4504999e-06 9.4732557e-05)
(1.5633529e-06 1.9175586e-06 9.3464891e-05)
(2.0597659e-08 7.7339812e-08 6.0854383e-05)
(-1.2925384e-07 -2.9152097e-07 3.8964028e-05)
(-1.5272754e-07 -2.6829805e-07 3.7157714e-05)
(5.3831378e-07 1.0775135e-06 9.142251e-05)
(2.0802104e-07 5.7941141e-07 8.3770945e-05)
(2.683596e-07 5.6448244e-07 7.9861986e-05)
(6.7628693e-07 1.7321356e-06 9.9399127e-05)
(8.4750444e-07 1.6656194e-06 9.4750491e-05)
(1.135246e-06 2.2016982e-06 9.3481251e-05)
(-5.1580745e-10 5.9597935e-08 6.0866541e-05)
(-6.9610504e-08 -3.3193969e-07 3.8969728e-05)
(-1.0440619e-07 -3.1688685e-07 3.716421e-05)
(3.1587258e-07 1.1533054e-06 9.1445074e-05)
(1.0118431e-07 5.9555552e-07 8.3787438e-05)
(1.4936534e-07 5.9187867e-07 7.9880909e-05)
(3.4074737e-07 1.8277561e-06 9.9421454e-05)
(5.0636577e-07 1.7973487e-06 9.4776144e-05)
(6.8578065e-07 2.3850173e-06 9.3504684e-05)
(2.2141169e-09 4.2680451e-08 6.0874695e-05)
(6.0703451e-09 -3.473693e-07 3.8971947e-05)
(-3.3972392e-08 -3.4868724e-07 3.7168496e-05)
(1.109371e-07 1.1842622e-06 9.1460605e-05)
(1.1860579e-08 5.992718e-07 8.3793976e-05)
(5.4113156e-08 5.9751269e-07 7.9893855e-05)
(1.3776002e-08 1.8589159e-06 9.9430375e-05)
(1.7597052e-07 1.8577018e-06 9.4793875e-05)
(2.3660778e-07 2.4731551e-06 9.3520864e-05)
(1.5548032e-08 4.4334341e-08 6.0874488e-05)
(8.1341319e-08 -3.2969473e-07 3.8969472e-05)
(4.6139456e-08 -3.4752094e-07 3.7168391e-05)
(-8.5375601e-08 1.1865128e-06 9.146024e-05)
(-7.8219867e-08 5.9971061e-07 8.3786758e-05)
(-3.0270258e-08 5.9968425e-07 7.9893563e-05)
(-3.1402447e-07 1.8322934e-06 9.9420632e-05)
(-1.4822368e-07 1.8600879e-06 9.4793525e-05)
(-2.1036311e-07 2.4752926e-06 9.3520533e-05)
(1.7108477e-08 6.4336162e-08 6.0865916e-05)
(1.3980058e-07 -2.8733835e-07 3.8963521e-05)
(1.1576795e-07 -3.1353938e-07 3.7163894e-05)
(-2.9190052e-07 1.159747e-06 9.1443962e-05)
(-1.8723977e-07 5.8714925e-07 8.3769581e-05)
(-1.2701069e-07 5.9810701e-07 7.9880025e-05)
(-6.5195041e-07 1.7405729e-06 9.9397438e-05)
(-4.8025206e-07 1.8041845e-06 9.4775056e-05)
(-6.6104642e-07 2.3911301e-06 9.350365e-05)
(-6.198472e-09 8.4508758e-08 6.0853339e-05)
(1.7765139e-07 -2.3986599e-07 3.895741e-05)
(1.6257155e-07 -2.6321419e-07 3.7157187e-05)
(-5.1732029e-07 1.0872488e-06 9.1420618e-05)
(-3.1557616e-07 5.4100414e-07 8.3752238e-05)
(-2.4881066e-07 5.7393233e-07 7.9860485e-05)
(-9.9272544e-07 1.5700579e-06 9.9374068e-05)
(-8.2445942e-07 1.6759661e-06 9.4748579e-05)
(-1.1133374e-06 2.2109206e-06 9.3479416e-05)
(-4.5402115e-08 8.2494819e-08 6.084433e-05)
(1.9223094e-07 -2.1837383e-07 3.7152287e-05)
(2.0718166e-07 -2.0214623e-07 3.8954859e-05)
(-7.4560127e-07 9.5184028e-07 9.1403996e-05)
(-3.8278958e-07 5.0585428e-07 7.9846546e-05)
(-4.4052299e-07 4.5014061e-07 8.374506e-05)
(-1.161285e-06 1.4628975e-06 9.4729733e-05)
(-1.3074525e-06 1.3183691e-06 9.9364375e-05)
(-1.5451926e-06 1.9285627e-06 9.3462165e-05)
(5.5882299e-08 7.2346143e-08 5.5188654e-05)
(-1.6980592e-07 -2.4635063e-07 3.5350505e-05)
(-1.8462751e-07 -2.2483258e-07 3.354055e-05)
(7.6224706e-07 9.3902286e-07 8.2882968e-05)
(3.3199539e-07 5.2946384e-07 7.5951838e-05)
(3.9864634e-07 4.9451913e-07 7.2038458e-05)
(1.0128309e-06 1.5581539e-06 9.0102342e-05)
(1.1808141e-06 1.450924e-06 8.5450006e-05)
(1.563563e-06 1.9169304e-06 8.4735405e-05)
(1.9190985e-08 7.5883583e-08 5.5196635e-05)
(-1.3033538e-07 -2.9264739e-07 3.5355958e-05)
(-1.5393095e-07 -2.6922741e-07 3.3545432e-05)
(5.3721773e-07 1.0767802e-06 8.2897855e-05)
(2.0670514e-07 5.7817958e-07 7.5967475e-05)
(2.6663194e-07 5.6463912e-07 7.2051415e-05)
(6.7525485e-07 1.7317795e-06 9.0123533e-05)
(8.4614238e-07 1.6667441e-06 8.5467219e-05)
(1.1346617e-06 2.20176e-06 8.4750875e-05)
(-1.7615285e-09 5.7959857e-08 5.5207884e-05)
(-7.0319276e-08 -3.3332667e-07 3.5361191e-05)
(-1.0589527e-07 -3.1918893e-07 3.3552163e-05)
(3.1475726e-07 1.1526037e-06 8.2919123e-05)
(1.0033957e-07 5.9421305e-07 7.5982934e-05)
(1.4715545e-07 5.9092736e-07 7.206985e-05)
(3.4005905e-07 1.8275825e-06 9.0144641e-05)
(5.0443945e-07 1.7979936e-06 8.5491883e-05)
(6.8504023e-07 2.3854174e-06 8.4773102e-05)
(1.784294e-09 4.0976559e-08 5.5215333e-05)
(6.1266954e-09 -3.4883985e-07 3.5363221e-05)
(-3.461805e-08 -3.5201609e-07 3.3556631e-05)
(1.1058755e-07 1.1835863e-06 8.2933746e-05)
(1.2020696e-08 5.9791366e-07 7.5989089e-05)
(5.3209742e-08 5.9554622e-07 7.208249e-05)
(1.4002648e-08 1.8588579e-06 9.0153123e-05)
(1.7522783e-07 1.8577253e-06 8.5508978e-05)
(2.3642039e-07 2.4737966e-06 8.4788476e-05)
(1.6196126e-08 4.266192e-08 5.5215197e-05)
(8.2178946e-08 -3.3104557e-07 3.5361034e-05)
(4.6851133e-08 -3.5083644e-07 3.3556585e-05)
(-8.4636191e-08 1.1859001e-06 8.2933485e-05)
(-7.702806e-08 5.984736e-07 7.5982448e-05)
(-2.9067709e-08 5.9777212e-07 7.2082321e-05)
(-3.1285657e-07 1.8322801e-06 9.0144031e-05)
(-1.4701064e-07 1.8602033e-06 8.5508767e-05)
(-2.0969719e-07 2.4760202e-06 8.4788236e-05)
(1.861428e-08 6.2804655e-08 5.5207465e-05)
(1.4104883e-07 -2.8837609e-07 3.5355637e-05)
(1.1736672e-07 -3.157877e-07 3.3552017e-05)
(-2.9034351e-07 1.1592464e-06 8.2918309e-05)
(-1.8551353e-07 5.861489e-07 7.5966472e-05)
(-1.2443471e-07 5.9733683e-07 7.2069316e-05)
(-6.5037628e-07 1.7405483e-06 9.0122239e-05)
(-4.7779114e-07 1.8051175e-06 8.5491197e-05)
(-6.5978316e-07 2.3917926e-06 8.4772329e-05)
(-4.474861e-09 8.3258795e-08 5.5195903e-05)
(1.7875474e-07 -2.406516e-07 3.5350005e-05)
(1.6394868e-07 -2.6401798e-07 3.3545163e-05)
(-5.1571163e-07 1.0868743e-06 8.2896414e-05)
(-3.140647e-07 5.400777e-07 7.5950268e-05)
(-2.4661747e-07 5.7443525e-07 7.2050443e-05)
(-9.9151024e-07 1.5697943e-06 9.0100247e-05)
(-8.2246614e-07 1.6775981e-06 8.5465914e-05)
(-1.1121675e-06 2.2114228e-06 8.4749435e-05)
(-4.4060892e-08 8.1252424e-08 5.518757e-05)
(1.9265051e-07 -2.1848951e-07 3.3540122e-05)
(2.0790597e-07 -2.0307138e-07 3.5347659e-05)
(-7.4466454e-07 9.5117906e-07 8.2880808e-05)
(-3.8232761e-07 5.0641204e-07 7.2036949e-05)
(-4.3962235e-07 4.4880702e-07 7.5943595e-05)
(-1.1611649e-06 1.464044e-06 8.5447906e-05)
(-1.3070426e-06 1.3174333e-06 9.0091176e-05)
(-1.5447765e-06 1.9285249e-06 8.4733148e-05)
(5.6952503e-08 7.3835874e-08 4.9523975e-05)
(-1.7043629e-07 -2.4658151e-07 3.1738729e-05)
(-1.8348887e-07 -2.2370452e-07 2.9928684e-05)
(7.6329334e-07 9.4065061e-07 7.4348402e-05)
(3.3126065e-07 5.3105248e-07 6.8139895e-05)
(3.9971004e-07 4.9569662e-07 6.4223281e-05)
(1.0125923e-06 1.5605471e-06 8.0816402e-05)
(1.1818227e-06 1.4520087e-06 7.6158697e-05)
(1.5649374e-06 1.9187509e-06 7.5994745e-05)
(1.7698669e-08 7.6578256e-08 4.9532278e-05)
(-1.3212948e-07 -2.9467328e-07 3.1744565e-05)
(-1.5404846e-07 -2.6893695e-07 2.993305e-05)
(5.3523361e-07 1.0788067e-06 7.4362973e-05)
(2.0389404e-07 5.7871325e-07 6.8155402e-05)
(2.6583456e-07 5.6586078e-07 6.4235232e-05)
(6.7287279e-07 1.7339815e-06 8.0836898e-05)
(8.4522542e-07 1.6685704e-06 7.6174589e-05)
(1.1332537e-06 2.2048161e-06 7.6009689e-05)
(-4.2926982e-09 5.5999862e-08 4.9543911e-05)
(-7.1858098e-08 -3.3754547e-07 3.1750207e-05)
(-1.0673401e-07 -3.2072639e-07 2.9939087e-05)
(3.1174807e-07 1.1530238e-06 7.4383777e-05)
(9.7946332e-08 5.926785e-07 6.8170765e-05)
(1.4553776e-07 5.9089977e-07 6.4252245e-05)
(3.3799391e-07 1.828463e-06 8.0857355e-05)
(5.0278693e-07 1.7993484e-06 7.6197364e-05)
(6.8272204e-07 2.3880936e-06 7.6031165e-05)
(6.1296554e-10 3.6761757e-08 4.9551713e-05)
(6.1298699e-09 -3.5401115e-07 3.1752458e-05)
(-3.5123178e-08 -3.5504792e-07 2.9943158e-05)
(1.0929449e-07 1.1823469e-06 7.4398161e-05)
(1.2151016e-08 5.9540841e-07 6.8176968e-05)
(5.236291e-08 5.9426219e-07 6.4263986e-05)
(1.423864e-08 1.8590757e-06 8.0865668e-05)
(1.7441292e-07 1.8583211e-06 7.6213211e-05)
(2.3549083e-07 2.4756902e-06 7.6046095e-05)
(1.7509314e-08 3.8479927e-08 4.9551659e-05)
(8.3754232e-08 -3.3523548e-07 3.1750152e-05)
(4.7198358e-08 -3.5387587e-07 2.9943155e-05)
(-8.2966721e-08 1.1847415e-06 7.4398035e-05)
(-7.4330416e-08 5.9706623e-07 6.8170518e-05)
(-2.8369099e-08 5.9650385e-07 6.4263934e-05)
(-3.1027798e-07 1.8333779e-06 8.0857036e-05)
(-1.4624727e-07 1.860851e-06 7.621315e-05)
(-2.0823351e-07 2.4780342e-06 7.6045989e-05)
(2.1357515e-08 6.0962973e-08 4.954373e-05)
(1.4295485e-07 -2.9031334e-07 3.1744437e-05)
(1.181095e-07 -3.1732999e-07 2.9939071e-05)
(-2.8687747e-07 1.1599288e-06 7.4383352e-05)
(-1.8228751e-07 5.8697562e-07 6.8154847e-05)
(-1.2286296e-07 5.9738326e-07 6.4252055e-05)
(-6.4737592e-07 1.7432116e-06 8.0836148e-05)
(-4.7608743e-07 1.8066499e-06 7.6197117e-05)
(-6.5686737e-07 2.3948398e-06 7.6030778e-05)
(-2.6615551e-09 8.4204234e-08 4.9531914e-05)
(1.7958005e-07 -2.4069339e-07 3.1738491e-05)
(1.6406959e-07 -2.6368543e-07 2.9932993e-05)
(-5.131445e-07 1.0893884e-06 7.4362127e-05)
(-3.1279212e-07 5.4217172e-07 6.8138928e-05)
(-2.4569864e-07 5.7585269e-07 6.4234812e-05)
(-9.9053323e-07 1.5729168e-06 8.0815035e-05)
(-8.2132701e-07 1.6797788e-06 7.6173987e-05)
(-1.1100584e-06 2.2151183e-06 7.6008839e-05)
(-4.4720299e-08 8.3163214e-08 4.9523344e-05)
(1.916105e-07 -2.172272e-07 2.992854e-05)
(2.0752264e-07 -2.0290807e-07 3.1736013e-05)
(-7.4502196e-07 9.535443e-07 7.4346967e-05)
(-3.8310397e-07 5.0796698e-07 6.4222496e-05)
(-4.4103729e-07 4.4979283e-07 6.8132384e-05)
(-1.1617716e-06 1.4656977e-06 7.6157516e-05)
(-1.3089936e-06 1.3188881e-06 8.0806351e-05)
(-1.5453536e-06 1.9312428e-06 7.5993203e-05)
(5.8260245e-08 7.4861482e-08 4.3852386e-05)
(-1.6885605e-07 -2.448869e-07 2.8123017e-05)
(-1.8284148e-07 -2.2309979e-07 2.6314375e-05)
(7.6433847e-07 9.413086e-07 6.5801341e-05)
(3.3215348e-07 5.3192117e-07 6.0316597e-05)
(3.9993569e-07 4.9575378e-07 5.6405354e-05)
(1.0128304e-06 1.5611088e-06 7.1515288e-05)
(1.1816262e-06 1.4515337e-06 6.6864883e-05)
(1.5656601e-06 1.9190908e-06 6.7239514e-05)
(1.84149e-08 7.7602306e-08 4.3859481e-05)
(-1.3140997e-07 -2.9384706e-07 2.8127866e-05)
(-1.5370522e-07 -2.68575e-07 2.6318249e-05)
(5.3549119e-07 1.0797885e-06 6.5814164e-05)
(2.0412831e-07 5.7942903e-07 6.0330139e-05)
(2.6572307e-07 5.6588384e-07 5.6415769e-05)
(6.725508e-07 1.7350014e-06 7.1533471e-05)
(8.4473992e-07 1.6682154e-06 6.6878768e-05)
(1.1331677e-06 2.2058001e-06 6.7252771e-05)
(-4.1361397e-09 5.6567079e-08 4.3869482e-05)
(-7.176418e-08 -3.3787709e-07 2.8132597e-05)
(-1.0670575e-07 -3.2086749e-07 2.6323536e-05)
(3.1145565e-07 1.153797e-06 6.583249e-05)
(9.7754252e-08 5.9291546e-07 6.0343605e-05)
(1.4516388e-07 5.9063148e-07 5.64305e-05)
(3.3750166e-07 1.8295378e-06 7.1551645e-05)
(5.0215479e-07 1.7989065e-06 6.6898558e-05)
(6.8220993e-07 2.3892263e-06 6.727182e-05)
(4.5470535e-10 3.6763539e-08 4.3876269e-05)
(5.9619095e-09 -3.5491219e-07 2.8134521e-05)
(-3.5290528e-08 -3.556594e-07 2.6327073e-05)
(1.0890892e-07 1.1826948e-06 6.5845223e-05)
(1.1863364e-08 5.9535196e-07 6.0349125e-05)
(5.1921608e-08 5.9365472e-07 5.6440682e-05)
(1.3943158e-08 1.860089e-06 7.1559125e-05)
(1.7385354e-07 1.8576961e-06 6.6912353e-05)
(2.3505261e-07 2.4766519e-06 6.7285087e-05)
(1.7219631e-08 3.8453462e-08 4.3876305e-05)
(8.3358801e-08 -3.3561062e-07 2.8132646e-05)
(4.6925138e-08 -3.5452622e-07 2.6327125e-05)
(-8.3159049e-08 1.1850736e-06 6.5845251e-05)
(-7.4651701e-08 5.9726301e-07 6.0343628e-05)
(-2.8737068e-08 5.9583829e-07 5.6440762e-05)
(-3.1031213e-07 1.8344628e-06 7.1551672e-05)
(-1.4658792e-07 1.860182e-06 6.6912454e-05)
(-2.0831885e-07 2.4790123e-06 6.7285142e-05)
(2.0848446e-08 6.147049e-08 4.3869568e-05)
(1.4202417e-07 -2.895412e-07 2.8127947e-05)
(1.1769961e-07 -3.1757272e-07 2.6323684e-05)
(-2.8703696e-07 1.1606841e-06 6.5832523e-05)
(-1.8286991e-07 5.8766483e-07 6.033012e-05)
(-1.2318602e-07 5.9696827e-07 5.6430712e-05)
(-6.4740638e-07 1.7442997e-06 7.1533405e-05)
(-4.7623628e-07 1.8061019e-06 6.6898805e-05)
(-6.5676398e-07 2.3960442e-06 6.7271913e-05)
(-3.5701905e-09 8.5199715e-08 4.3859558e-05)
(1.7790673e-07 -2.3901158e-07 2.8123092e-05)
(1.6344637e-07 -2.6344801e-07 2.6318476e-05)
(-5.136403e-07 1.0904239e-06 6.5814069e-05)
(-3.1381442e-07 5.4310839e-07 6.0316415e-05)
(-2.460907e-07 5.7570981e-07 5.6416032e-05)
(-9.9088604e-07 1.5736731e-06 7.1514923e-05)
(-8.2141487e-07 1.679322e-06 6.6879007e-05)
(-1.1101815e-06 2.2162824e-06 6.7252709e-05)
(-4.604719e-08 8.4261712e-08 4.3852364e-05)
(1.9080072e-07 -2.1671991e-07 2.6314647e-05)
(2.0536663e-07 -2.010562e-07 2.8121099e-05)
(-7.4606603e-07 9.5440409e-07 6.580093e-05)
(-3.8360844e-07 5.0792376e-07 5.6405546e-05)
(-4.4243155e-07 4.5057211e-07 6.0310823e-05)
(-1.1618984e-06 1.4652017e-06 6.6864907e-05)
(-1.3098742e-06 1.3190477e-06 7.1507359e-05)
(-1.546047e-06 1.9319181e-06 6.7239048e-05)
(5.7635339e-08 7.4266257e-08 3.8187001e-05)
(-1.6944386e-07 -2.4561545e-07 2.4510242e-05)
(-1.8473162e-07 -2.2509324e-07 2.2701024e-05)
(7.6349015e-07 9.4043738e-07 5.7265053e-05)
(3.3137217e-07 5.3113425e-07 5.250261e-05)
(3.9764687e-07 4.9337208e-07 4.8590727e-05)
(1.0119054e-06 1.559717e-06 6.2226377e-05)
(1.1787755e-06 1.4484715e-06 5.7575931e-05)
(1.5646152e-06 1.9178427e-06 5.8496738e-05)
(1.7803231e-08 7.671199e-08 3.8193116e-05)
(-1.3175561e-07 -2.9445322e-07 2.4514362e-05)
(-1.5472543e-07 -2.7062245e-07 2.2703958e-05)
(5.347501e-07 1.0786805e-06 5.7276071e-05)
(2.0340334e-07 5.7846954e-07 5.2514164e-05)
(2.6467565e-07 5.6303677e-07 4.8599284e-05)
(6.7174825e-07 1.7331844e-06 6.2241881e-05)
(8.4329881e-07 1.6643168e-06 5.7587471e-05)
(1.1323433e-06 2.2042692e-06 5.8508102e-05)
(-4.7030279e-09 5.5347052e-08 3.8201548e-05)
(-7.1997725e-08 -3.382981e-07 2.4518278e-05)
(-1.0712336e-07 -3.2241113e-07 2.270784e-05)
(3.108008e-07 1.1524937e-06 5.7291612e-05)
(9.7119219e-08 5.9180403e-07 5.2525565e-05)
(1.4481641e-07 5.8807524e-07 4.8611204e-05)
(3.3679217e-07 1.8273952e-06 6.2257305e-05)
(5.0152162e-07 1.7949389e-06 5.7603726e-05)
(6.8153535e-07 2.3875273e-06 5.8524226e-05)
(-1.1301612e-11 3.5317663e-08 3.8207204e-05)
(5.6877777e-09 -3.552733e-07 2.4519871e-05)
(-3.5592377e-08 -3.5667747e-07 2.2710357e-05)
(1.0831105e-07 1.1812659e-06 5.7302393e-05)
(1.1339901e-08 5.9413411e-07 5.2530289e-05)
(5.1458854e-08 5.9154838e-07 4.861941e-05)
(1.3337499e-08 1.8577788e-06 6.2263726e-05)
(1.7321317e-07 1.8539516e-06 5.7615058e-05)
(2.3444776e-07 2.4748699e-06 5.8535465e-05)
(1.6892314e-08 3.6936236e-08 3.8207319e-05)
(8.3068091e-08 -3.3612933e-07 2.4518426e-05)
(4.6511386e-08 -3.5561396e-07 2.2710455e-05)
(-8.3690613e-08 1.1835559e-06 5.7302549e-05)
(-7.501414e-08 5.9598597e-07 5.252583e-05)
(-2.9686926e-08 5.9360124e-07 4.8619601e-05)
(-3.1076066e-07 1.8321591e-06 6.2257623e-05)
(-1.4759136e-07 1.8562949e-06 5.7615293e-05)
(-2.0886393e-07 2.4771591e-06 5.8535649e-05)
(2.0698906e-08 6.0054368e-08 3.820188e-05)
(1.4191498e-07 -2.903213e-07 2.4514649e-05)
(1.1743951e-07 -3.1931908e-07 2.2708132e-05)
(-2.8740469e-07 1.1591391e-06 5.7292045e-05)
(-1.8300285e-07 5.8641681e-07 5.2514646e-05)
(-1.2417564e-07 5.9403452e-07 4.8611765e-05)
(-6.4761019e-07 1.7422044e-06 6.2242424e-05)
(-4.7716523e-07 1.8017217e-06 5.7604395e-05)
(-6.5713836e-07 2.3941525e-06 5.8524721e-05)
(-3.5387817e-09 8.403735e-08 3.8193626e-05)
(1.7814163e-07 -2.3995177e-07 2.4510647e-05)
(1.6386306e-07 -2.6581161e-07 2.2704439e-05)
(-5.1373247e-07 1.0889857e-06 5.7276679e-05)
(-3.1369033e-07 5.4198398e-07 5.2503222e-05)
(-2.4623661e-07 5.7227905e-07 4.8600164e-05)
(-9.9074669e-07 1.571961e-06 6.2226983e-05)
(-8.2138131e-07 1.6747871e-06 5.7588464e-05)
(-1.1102261e-06 2.2144944e-06 5.8508755e-05)
(-4.5833121e-08 8.3385287e-08 3.8187628e-05)
(1.9219448e-07 -2.1910794e-07 2.2701678e-05)
(2.0593202e-07 -2.0191878e-07 2.4508988e-05)
(-7.4581475e-07 9.5320174e-07 5.7265692e-05)
(-3.8231319e-07 5.0482241e-07 4.8591849e-05)
(-4.4204361e-07 4.4961456e-07 5.249856e-05)
(-1.1602421e-06 1.4613559e-06 5.7577103e-05)
(-1.3092739e-06 1.3177729e-06 6.2220668e-05)
(-1.5456412e-06 1.9304234e-06 5.8497351e-05)
(5.3991359e-08 7.0374973e-08 3.2524436e-05)
(-1.7172672e-07 -2.489505e-07 2.0899344e-05)
(-1.881588e-07 -2.2848333e-07 1.909348e-05)
(7.5943372e-07 9.3615078e-07 4.8732612e-05)
(3.2888329e-07 5.2667472e-07 4.469165e-05)
(3.9437573e-07 4.9048215e-07 4.0787791e-05)
(1.008606e-06 1.5541468e-06 5.2941665e-05)
(1.1748395e-06 1.4449521e-06 4.8301291e-05)
(1.5599211e-06 1.9128375e-06 4.975792e-05)
(1.6277032e-08 7.2594883e-08 3.2529105e-05)
(-1.3278047e-07 -2.974623e-07 2.0902252e-05)
(-1.5642641e-07 -2.737031e-07 1.9095765e-05)
(5.3318626e-07 1.0733929e-06 4.8741351e-05)
(2.0283164e-07 5.7400923e-07 4.470064e-05)
(2.6369858e-07 5.59687e-07 4.0794604e-05)
(6.7056576e-07 1.7271378e-06 5.2953986e-05)
(8.418528e-07 1.6596299e-06 4.8310574e-05)
(1.1301146e-06 2.1977114e-06 4.9767003e-05)
(-4.9384438e-09 5.2375409e-08 3.2535412e-05)
(-7.2414419e-08 -3.4044874e-07 2.0904953e-05)
(-1.0762789e-07 -3.2410921e-07 1.9098733e-05)
(3.1059701e-07 1.1476853e-06 4.8753511e-05)
(9.7020392e-08 5.8826088e-07 4.4709439e-05)
(1.4497404e-07 5.8569593e-07 4.0803973e-05)
(3.3628832e-07 1.8218511e-06 5.2966187e-05)
(5.013048e-07 1.7904514e-06 4.83235e-05)
(6.8072911e-07 2.3806854e-06 4.9779751e-05)
(-3.1555437e-10 3.3572456e-08 3.2539572e-05)
(5.2474928e-09 -3.5701408e-07 2.0906065e-05)
(-3.5930352e-08 -3.5717531e-07 1.9100687e-05)
(1.0784958e-07 1.1772863e-06 4.8761935e-05)
(1.0452532e-08 5.9103148e-07 4.4713143e-05)
(5.1079503e-08 5.9019947e-07 4.081046e-05)
(1.2301296e-08 1.8524939e-06 5.2971347e-05)
(1.7257015e-07 1.8499813e-06 4.8332552e-05)
(2.3371397e-07 2.4683115e-06 4.9788643e-05)
(1.5877731e-08 3.5061919e-08 3.2539758e-05)
(8.2616938e-08 -3.3845441e-07 2.0905191e-05)
(4.5859528e-08 -3.5621097e-07 1.910082e-05)
(-8.5151506e-08 1.1793908e-06 4.8762204e-05)
(-7.6665706e-08 5.9210054e-07 4.4709919e-05)
(-3.1341384e-08 5.9204978e-07 4.0810734e-05)
(-3.123027e-07 1.8262213e-06 5.2966764e-05)
(-1.4936994e-07 1.8520838e-06 4.8332884e-05)
(-2.1012212e-07 2.4704117e-06 4.9788938e-05)
(1.9652161e-08 5.6698593e-08 3.2535968e-05)
(1.4211185e-07 -2.9367596e-07 2.0902729e-05)
(1.1698114e-07 -3.2131483e-07 1.9099136e-05)
(-2.8907229e-07 1.1537802e-06 4.8754303e-05)
(-1.8410545e-07 5.8128305e-07 4.4701581e-05)
(-1.2631477e-07 5.9105155e-07 4.0804794e-05)
(-6.4839223e-07 1.7353868e-06 5.2955086e-05)
(-4.7931048e-07 1.7965193e-06 4.8324475e-05)
(-6.5827476e-07 2.3867512e-06 4.9780604e-05)
(-3.2127913e-09 7.9292982e-08 3.2530018e-05)
(1.7967369e-07 -2.4378845e-07 2.0900057e-05)
(1.6466419e-07 -2.6938249e-07 1.9096439e-05)
(-5.1392984e-07 1.0828051e-06 4.874261e-05)
(-3.1273576e-07 5.3655548e-07 4.4693013e-05)
(-2.4712159e-07 5.679456e-07 4.0795948e-05)
(-9.8926769e-07 1.5652885e-06 5.2943192e-05)
(-8.2216729e-07 1.6689463e-06 4.8312127e-05)
(-1.1098376e-06 2.2070353e-06 4.9768319e-05)
(-4.3251922e-08 7.8662188e-08 3.2525681e-05)
(1.9483362e-07 -2.2315428e-07 1.9094421e-05)
(2.0886882e-07 -2.0517092e-07 2.0898958e-05)
(-7.4334165e-07 9.4773971e-07 4.8734261e-05)
(-3.8070116e-07 5.0063386e-07 4.0789622e-05)
(-4.3859125e-07 4.4554305e-07 4.4689536e-05)
(-1.158328e-06 1.4563311e-06 4.8303335e-05)
(-1.3050335e-06 1.3128168e-06 5.2938353e-05)
(-1.5426311e-06 1.9242414e-06 4.9759578e-05)
(5.1170146e-08 6.8264231e-08 2.6842828e-05)
(-1.744669e-07 -2.5217973e-07 1.7271623e-05)
(-1.9365863e-07 -2.3401796e-07 1.5472703e-05)
(7.5638842e-07 9.3415321e-07 4.0180943e-05)
(3.2717277e-07 5.2470163e-07 3.6860467e-05)
(3.9002097e-07 4.8745647e-07 3.2987345e-05)
(1.00649e-06 1.5512806e-06 4.3639565e-05)
(1.1743844e-06 1.4470978e-06 3.9038551e-05)
(1.556137e-06 1.9099883e-06 4.100402e-05)
(1.5387852e-08 7.0812575e-08 2.6846586e-05)
(-1.3381023e-07 -2.9931556e-07 1.7274008e-05)
(-1.6004317e-07 -2.7959931e-07 1.5474716e-05)
(5.3240988e-07 1.0708083e-06 4.01881e-05)
(2.0271534e-07 5.7254198e-07 3.6867772e-05)
(2.61011e-07 5.5593309e-07 3.299312e-05)
(6.7013554e-07 1.7237627e-06 4.3649587e-05)
(8.4204564e-07 1.6612882e-06 3.9046318e-05)
(1.1286677e-06 2.19349e-06 4.1011486e-05)
(-4.8124409e-09 5.2121749e-08 2.6851607e-05)
(-7.274086e-08 -3.4053369e-07 1.7276258e-05)
(-1.0961341e-07 -3.2963494e-07 1.5477299e-05)
(3.1080043e-07 1.1458384e-06 4.0197943e-05)
(9.6993752e-08 5.8792122e-07 3.6874933e-05)
(1.4341939e-07 5.819642e-07 3.3000977e-05)
(3.3597855e-07 1.8187155e-06 4.3659495e-05)
(5.0142043e-07 1.7921003e-06 3.9057009e-05)
(6.8035612e-07 2.3762281e-06 4.102181e-05)
(-6.269695e-10 3.4517929e-08 2.6855018e-05)
(4.6989878e-09 -3.5638765e-07 1.7277237e-05)
(-3.6883049e-08 -3.6237139e-07 1.5479022e-05)
(1.073123e-07 1.1761863e-06 4.0204841e-05)
(9.3074169e-09 5.9110098e-07 3.6878027e-05)
(4.9873232e-08 5.8655865e-07 3.3006444e-05)
(1.0917002e-08 1.849389e-06 4.3663768e-05)
(1.7176544e-07 1.8516268e-06 3.9064517e-05)
(2.3289694e-07 2.4639528e-06 4.1029084e-05)
(1.4507956e-08 3.5837529e-08 2.6855245e-05)
(8.1859615e-08 -3.3876156e-07 1.7276546e-05)
(4.5674808e-08 -3.6152074e-07 1.5479172e-05)
(-8.7139709e-08 1.1780335e-06 4.0205173e-05)
(-7.8901849e-08 5.9129732e-07 3.6875536e-05)
(-3.250854e-08 5.881717e-07 3.3006761e-05)
(-3.1472899e-07 1.8225238e-06 4.3660212e-05)
(-1.514123e-07 1.8534433e-06 3.9064896e-05)
(-2.1199079e-07 2.465777e-06 4.1029437e-05)
(1.7886934e-08 5.5934812e-08 2.6852288e-05)
(1.4210739e-07 -2.9597136e-07 1.7274591e-05)
(1.1786167e-07 -3.2718151e-07 1.5477751e-05)
(-2.9174045e-07 1.1511671e-06 4.0198934e-05)
(-1.8615765e-07 5.7890213e-07 3.6868972e-05)
(-1.2706932e-07 5.8661419e-07 3.3001925e-05)
(-6.5059065e-07 1.730914e-06 4.3650992e-05)
(-4.8220025e-07 1.797322e-06 3.9058132e-05)
(-6.6052627e-07 2.3814767e-06 4.1022853e-05)
(-3.8632009e-09 7.6674539e-08 2.6847721e-05)
(1.814739e-07 -2.4766448e-07 1.7272501e-05)
(1.6725232e-07 -2.7583746e-07 1.5475474e-05)
(-5.1547814e-07 1.0789772e-06 4.0189721e-05)
(-3.130154e-07 5.3326672e-07 3.6862246e-05)
(-2.4659561e-07 5.6304993e-07 3.2994687e-05)
(-9.895878e-07 1.5608631e-06 4.3641603e-05)
(-8.2497365e-07 1.6692503e-06 3.904814e-05)
(-1.1108817e-06 2.2015043e-06 4.1013159e-05)
(-4.1792705e-08 7.5439641e-08 2.6844405e-05)
(1.9944063e-07 -2.2942934e-07 1.5473762e-05)
(2.1235609e-07 -2.0895291e-07 1.7271647e-05)
(-7.4238362e-07 9.4411329e-07 4.0183151e-05)
(-3.7825558e-07 4.9611959e-07 3.29895e-05)
(-4.3668346e-07 4.430625e-07 3.6859533e-05)
(-1.160224e-06 1.4567342e-06 3.9041007e-05)
(-1.3028112e-06 1.3099105e-06 4.3637795e-05)
(-1.5411272e-06 1.9197027e-06 4.1006247e-05)
(4.3938834e-08 6.1548684e-08 2.133831e-05)
(-1.8074768e-07 -2.6032041e-07 1.377301e-05)
(-1.8959749e-07 -2.276331e-07 1.1892322e-05)
(7.5478083e-07 9.3545435e-07 3.1866345e-05)
(3.2227678e-07 5.2042927e-07 2.925813e-05)
(4.062176e-07 5.1013114e-07 2.5133333e-05)
(1.0089834e-06 1.5588077e-06 3.4583871e-05)
(1.2005597e-06 1.4825818e-06 2.9669242e-05)
(1.5649866e-06 1.9242984e-06 3.247619e-05)
(9.7978128e-09 6.2608998e-08 2.1341683e-05)
(-1.383043e-07 -3.0880441e-07 1.3775191e-05)
(-1.5722556e-07 -2.7263155e-07 1.1893838e-05)
(5.3083106e-07 1.0715586e-06 3.1872461e-05)
(1.9891808e-07 5.6712917e-07 2.9264394e-05)
(2.7274876e-07 5.8126047e-07 2.513779e-05)
(6.7134483e-07 1.7314044e-06 3.4592277e-05)
(8.6118529e-07 1.7012087e-06 2.9675251e-05)
(1.1348392e-06 2.2090709e-06 3.248252e-05)
(-8.609491e-09 4.267931e-08 2.1346138e-05)
(-7.5327113e-08 -3.5106993e-07 1.3777205e-05)
(-1.0807381e-07 -3.2227927e-07 1.189563e-05)
(3.0926584e-07 1.145962e-06 3.1880762e-05)
(9.442165e-08 5.8155369e-07 2.9270479e-05)
(1.5030152e-07 6.0909877e-07 2.5143648e-05)
(3.3584343e-07 1.8261826e-06 3.4600527e-05)
(5.1280539e-07 1.8350493e-06 2.9683305e-05)
(6.8356184e-07 2.3924459e-06 3.2491172e-05)
(-2.5188651e-09 2.4194956e-08 2.1349131e-05)
(4.1112614e-09 -3.6741639e-07 1.3778078e-05)
(-3.6741707e-08 -3.54817e-07 1.189672e-05)
(1.0588238e-07 1.1757148e-06 3.1886541e-05)
(8.0805429e-09 5.8419638e-07 2.9273135e-05)
(5.1420155e-08 6.1457822e-07 2.514763e-05)
(9.4552114e-09 1.8565632e-06 3.4604122e-05)
(1.7468219e-07 1.8960654e-06 2.9688884e-05)
(2.3301883e-07 2.4802316e-06 3.2497229e-05)
(1.4597826e-08 2.5336483e-08 2.1349381e-05)
(8.3289837e-08 -3.4952971e-07 1.3777523e-05)
(4.4341653e-08 -3.5408341e-07 1.1896888e-05)
(-8.8395808e-08 1.1772973e-06 3.1886908e-05)
(-7.8745491e-08 5.8445142e-07 2.9271148e-05)
(-3.6534233e-08 6.1595125e-07 2.5147983e-05)
(-3.1747565e-07 1.8294217e-06 3.4601315e-05)
(-1.572906e-07 1.8975998e-06 2.9689301e-05)
(-2.1495136e-07 2.4817745e-06 3.2497612e-05)
(1.9936007e-08 4.5963798e-08 2.1346886e-05)
(1.4550249e-07 -3.0591756e-07 1.377583e-05)
(1.1517404e-07 -3.2017245e-07 1.1896132e-05)
(-2.9281578e-07 1.1505083e-06 3.1881853e-05)
(-1.8466231e-07 5.7255606e-07 2.9265722e-05)
(-1.3633749e-07 6.1304408e-07 2.51447e-05)
(-6.5455876e-07 1.7374535e-06 3.4593826e-05)
(-4.9644461e-07 1.8394442e-06 2.968454e-05)
(-6.6649663e-07 2.3968679e-06 3.2492301e-05)
(1.0239911e-10 6.7617858e-08 2.1342922e-05)
(1.8677069e-07 -2.5645915e-07 1.3773966e-05)
(1.6338218e-07 -2.6942714e-07 1.1894675e-05)
(-5.1634033e-07 1.0784772e-06 3.187425e-05)
(-3.1020307e-07 5.2767815e-07 2.9260095e-05)
(-2.605246e-07 5.872611e-07 2.5139526e-05)
(-9.9461236e-07 1.5668517e-06 3.4586127e-05)
(-8.4676258e-07 1.7078725e-06 2.9677264e-05)
(-1.1196604e-06 2.2157788e-06 3.2484343e-05)
(-3.5974512e-08 6.7618428e-08 2.1340022e-05)
(1.944835e-07 -2.2376528e-07 1.1893485e-05)
(2.1942161e-07 -2.1629294e-07 1.3773197e-05)
(-7.4293658e-07 9.4381191e-07 3.1868783e-05)
(-3.9633849e-07 5.173795e-07 2.5135711e-05)
(-4.3260388e-07 4.3846013e-07 2.9257809e-05)
(-1.1887268e-06 1.4905883e-06 2.9671964e-05)
(-1.3086476e-06 1.3151539e-06 3.4582988e-05)
(-1.5523352e-06 1.9323609e-06 3.2478634e-05)
(6.7911075e-08 9.3002364e-08 1.498489e-05)
(-1.6782458e-07 -2.3914926e-07 9.6862506e-06)
(-2.2162887e-07 -2.6526807e-07 7.9750517e-06)
(7.9807717e-07 9.9146597e-07 2.2366869e-05)
(3.5363002e-07 5.7052836e-07 2.0532637e-05)
(3.6550352e-07 4.6281261e-07 1.7043153e-05)
(1.0495232e-06 1.6233003e-06 2.4277879e-05)
(1.1735779e-06 1.4522811e-06 2.0220556e-05)
(1.6124706e-06 1.9856808e-06 2.2787154e-05)
(2.7344257e-08 9.8199121e-08 1.4986938e-05)
(-1.2959332e-07 -2.853662e-07 9.687323e-06)
(-1.8135862e-07 -3.1591701e-07 7.9758712e-06)
(5.6277229e-07 1.1350748e-06 2.2370835e-05)
(2.2033303e-07 6.225739e-07 2.0536487e-05)
(2.4264366e-07 5.2649718e-07 1.7045763e-05)
(6.9909638e-07 1.8028624e-06 2.428327e-05)
(8.4158217e-07 1.6656491e-06 2.022412e-05)
(1.1699402e-06 2.2788334e-06 2.2791339e-05)
(2.0252976e-09 8.1325989e-08 1.4989376e-05)
(-7.1100142e-08 -3.2602236e-07 9.6881398e-06)
(-1.2315368e-07 -3.6908179e-07 7.9763398e-06)
(3.2874674e-07 1.2148386e-06 2.2375933e-05)
(1.0495441e-07 6.4048958e-07 2.0540058e-05)
(1.3191425e-07 5.4960765e-07 1.7048716e-05)
(3.4951298e-07 1.9020958e-06 2.4288407e-05)
(5.0102478e-07 1.7961359e-06 2.0228457e-05)
(7.0499497e-07 2.4681281e-06 2.2796815e-05)
(5.4474443e-10 6.4688303e-08 1.4990864e-05)
(3.5089154e-09 -3.4179457e-07 9.6885006e-06)
(-4.2202592e-08 -4.0293671e-07 7.9761673e-06)
(1.1167176e-07 1.2475275e-06 2.2379364e-05)
(6.8316604e-09 6.4427308e-07 2.0541663e-05)
(4.4582775e-08 5.5313757e-07 1.7050416e-05)
(7.9579747e-09 1.9339045e-06 2.4290709e-05)
(1.6996418e-07 1.8557442e-06 2.0231224e-05)
(2.3941564e-07 2.5590418e-06 2.280057e-05)
(9.6946389e-09 6.565122e-08 1.4991136e-05)
(7.7888741e-08 -3.2471202e-07 9.6884872e-06)
(4.8594733e-08 -4.0231927e-07 7.9763347e-06)
(-9.6930144e-08 1.2488539e-06 2.2379766e-05)
(-9.1714921e-08 6.4292312e-07 2.0540791e-05)
(-3.2202767e-08 5.5427627e-07 1.7050773e-05)
(-3.3407244e-07 1.9047969e-06 2.4289268e-05)
(-1.5555295e-07 1.8570126e-06 2.0231646e-05)
(-2.2425836e-07 2.5603211e-06 2.2800984e-05)
(7.5442264e-09 8.4090771e-08 1.4990188e-05)
(1.3568937e-07 -2.8292638e-07 9.6880155e-06)
(1.2910432e-07 -3.6731419e-07 7.9768416e-06)
(-3.1492291e-07 1.2186378e-06 2.2377125e-05)
(-2.0835192e-07 6.2711275e-07 2.0537937e-05)
(-1.2032502e-07 5.5287637e-07 1.7049778e-05)
(-6.8505941e-07 1.8078878e-06 2.4284963e-05)
(-4.8750082e-07 1.7997638e-06 2.0229705e-05)
(-6.9072443e-07 2.4717866e-06 2.2798035e-05)
(-1.9032846e-08 1.0239013e-07 1.4988275e-05)
(1.7288396e-07 -2.3591183e-07 9.6872785e-06)
(1.8648537e-07 -3.1324422e-07 7.9767039e-06)
(-5.506714e-07 1.1408313e-06 2.2372785e-05)
(-3.4354857e-07 5.7656241e-07 2.0534767e-05)
(-2.3253556e-07 5.3145915e-07 1.7047505e-05)
(-1.0375951e-06 1.6299546e-06 2.4280341e-05)
(-8.2971569e-07 1.6711425e-06 2.0226148e-05)
(-1.1573292e-06 2.2843634e-06 2.2793314e-05)
(-6.1284278e-08 9.8045874e-08 1.4986718e-05)
(2.256678e-07 -2.6206125e-07 7.9761991e-06)
(2.0179342e-07 -1.9888908e-07 9.6869523e-06)
(-7.8827323e-07 9.9838015e-07 2.2369512e-05)
(-3.5736557e-07 4.6880762e-07 1.7045519e-05)
(-4.7456381e-07 4.8003534e-07 2.0533468e-05)
(-1.1638982e-06 1.4588842e-06 2.0223281e-05)
(-1.362708e-06 1.3688051e-06 2.4278449e-05)
(-1.6020601e-06 1.9922996e-06 2.2789797e-05)
(-3.1469055e-08 -2.6662821e-08 1.1250897e-05)
(-2.3612179e-07 -3.3991077e-07 7.4272791e-06)
(-3.5884223e-08 -3.7818798e-08 5.0168176e-06)
(6.9225258e-07 8.6413011e-07 1.6533823e-05)
(2.5675558e-07 4.2639495e-07 1.5249829e-05)
(5.0695747e-07 6.3520666e-07 9.1152413e-06)
(9.7068441e-07 1.5054048e-06 1.7871156e-05)
(1.2790667e-06 1.5802762e-06 1.0481131e-05)
(1.5419905e-06 1.901239e-06 1.6730539e-05)
(-4.6496238e-08 -3.9250858e-08 1.1252743e-05)
(-1.7687479e-07 -3.9748809e-07 7.4281014e-06)
(-4.2278503e-08 -5.287328e-08 5.0170403e-06)
(4.8495313e-07 9.8842629e-07 1.6536887e-05)
(1.5417696e-07 4.617475e-07 1.525255e-05)
(3.4979291e-07 7.253696e-07 9.1153767e-06)
(6.457501e-07 1.6707267e-06 1.7874967e-05)
(9.2248759e-07 1.812715e-06 1.0481673e-05)
(1.1186793e-06 2.1808428e-06 1.673387e-05)
(-4.3385398e-08 -6.7828808e-08 1.1254339e-05)
(-9.5390504e-08 -4.4451833e-07 7.4281752e-06)
(-3.6473422e-08 -7.8728597e-08 5.0170111e-06)
(2.8145271e-07 1.0553776e-06 1.6540242e-05)
(7.1266057e-08 4.7002928e-07 1.525463e-05)
(1.994723e-07 7.6900262e-07 9.1149908e-06)
(3.2240656e-07 1.7615904e-06 1.7878185e-05)
(5.5269154e-07 1.9580518e-06 1.0481692e-05)
(6.7415414e-07 2.360925e-06 1.6737676e-05)
(-1.5250439e-08 -8.9699394e-08 1.1254724e-05)
(2.9079377e-09 -4.6223599e-07 7.4280458e-06)
(-1.2932269e-08 -9.7553605e-08 5.0169478e-06)
(9.5125872e-08 1.0821192e-06 1.6542072e-05)
(5.5813689e-09 4.7070988e-07 1.5255482e-05)
(6.7249812e-08 7.8380181e-07 9.1146237e-06)
(6.4811043e-09 1.7906123e-06 1.7879565e-05)
(1.8722803e-07 2.025776e-06 1.0481545e-05)
(2.2838545e-07 2.4473725e-06 1.6739892e-05)
(2.3647262e-08 -8.8909805e-08 1.125496e-05)
(1.0100826e-07 -4.4343092e-07 7.4284734e-06)
(1.8439739e-08 -9.7026273e-08 5.0171046e-06)
(-8.3115903e-08 1.0832034e-06 1.6542426e-05)
(-6.0455136e-08 4.7201982e-07 1.5255276e-05)
(-5.6682062e-08 7.847498e-07 9.1149769e-06)
(-3.0984138e-07 1.7638003e-06 1.7878946e-05)
(-1.7499097e-07 2.0268337e-06 1.0481959e-05)
(-2.1609733e-07 2.4484142e-06 1.674026e-05)
(5.1219798e-08 -6.5561842e-08 1.1255046e-05)
(1.8189527e-07 -3.9547114e-07 7.4286997e-06)
(4.1579198e-08 -7.7226635e-08 5.017487e-06)
(-2.7020526e-07 1.0584836e-06 1.6541294e-05)
(-1.444085e-07 4.6546208e-07 1.525383e-05)
(-1.8958535e-07 7.7172126e-07 9.1160509e-06)
(-6.3435381e-07 1.6748418e-06 1.7876461e-05)
(-5.4122253e-07 1.961073e-06 1.0482931e-05)
(-6.6260198e-07 2.3639061e-06 1.673876e-05)
(5.3285014e-08 -3.5816409e-08 1.1253912e-05)
(2.40268e-07 -3.3724165e-07 7.4281749e-06)
(4.6643504e-08 -5.062281e-08 5.0178416e-06)
(-4.7512694e-07 9.9314077e-07 1.6538607e-05)
(-2.4854012e-07 4.313537e-07 1.525171e-05)
(-3.4117406e-07 7.2948751e-07 9.1171371e-06)
(-9.6102361e-07 1.5108782e-06 1.7873327e-05)
(-9.1244409e-07 1.8172782e-06 1.0483717e-05)
(-1.1084973e-06 2.1853625e-06 1.6735618e-05)
(3.6880898e-08 -2.251113e-08 1.1252502e-05)
(3.9294038e-08 -3.5148093e-08 5.0179511e-06)
(2.8761769e-07 -2.8491616e-07 7.4277739e-06)
(-6.8429436e-07 8.6983387e-07 1.6536153e-05)
(-5.0000027e-07 6.4018313e-07 9.1176817e-06)
(-3.5215605e-07 3.5736501e-07 1.5250638e-05)
(-1.2708733e-06 1.5857587e-06 1.0483942e-05)
(-1.2629596e-06 1.2688348e-06 1.7871791e-05)
(-1.5336028e-06 1.9066966e-06 1.6732863e-05)
(3.8785375e-07 4.8402276e-07 -2.4628931e-06)
(1.533106e-07 2.4609765e-07 -1.7214525e-06)
(-9.6267106e-08 -1.1674792e-07 -2.1505104e-06)
(9.8133192e-07 1.2142457e-06 -3.1507963e-06)
(5.8204005e-07 9.119545e-07 -3.2389966e-06)
(2.1523089e-07 2.6699333e-07 2.2758888e-06)
(1.205147e-06 1.8527773e-06 -3.0654044e-06)
(6.8030269e-07 8.3616233e-07 1.5019865e-06)
(1.7429026e-06 2.1435967e-06 -2.7581723e-06)
(2.6826519e-07 5.5025898e-07 -2.4670728e-06)
(9.3650552e-08 2.6214885e-07 -1.7244539e-06)
(-7.759172e-08 -1.3809128e-07 -2.1528443e-06)
(7.0333212e-07 1.3921473e-06 -3.1568439e-06)
(3.8112618e-07 1.0076051e-06 -3.2460289e-06)
(1.4865948e-07 3.0423937e-07 2.2867661e-06)
(8.1048617e-07 2.0610896e-06 -3.0730312e-06)
(4.9344272e-07 9.5811027e-07 1.5043846e-06)
(1.2717371e-06 2.4601705e-06 -2.7634148e-06)
(1.5311026e-07 5.8077166e-07 -2.472828e-06)
(4.365434e-08 2.6346085e-07 -1.7269979e-06)
(-5.1816671e-08 -1.6003189e-07 -2.1561771e-06)
(4.1856085e-07 1.4991693e-06 -3.1654483e-06)
(1.8818846e-07 1.0552073e-06 -3.2527401e-06)
(8.5096175e-08 3.2114253e-07 2.3033593e-06)
(4.0778933e-07 2.1800956e-06 -3.080461e-06)
(2.9751573e-07 1.0349471e-06 1.5042781e-06)
(7.7120443e-07 2.668286e-06 -2.7710294e-06)
(5.1458594e-08 5.9034301e-07 -2.4762222e-06)
(2.6366043e-09 2.6253317e-07 -1.727721e-06)
(-1.7148121e-08 -1.7397045e-07 -2.1579534e-06)
(1.4163247e-07 1.5469231e-06 -3.1709753e-06)
(5.0354654e-09 1.0693878e-06 -3.2550947e-06)
(2.9713737e-08 3.2621204e-07 2.3154144e-06)
(5.7990823e-09 2.2187723e-06 -3.0831114e-06)
(1.0179172e-07 1.0709017e-06 1.501511e-06)
(2.6140752e-07 2.7695321e-06 -2.7759942e-06)
(-4.3887891e-08 5.9103025e-07 -2.4758616e-06)
(-3.8581487e-08 2.6441804e-07 -1.7265259e-06)
(2.1335849e-08 -1.7357194e-07 -2.1577156e-06)
(-1.308666e-07 1.5478435e-06 -3.1704493e-06)
(-1.7844471e-07 1.0569026e-06 -3.2517635e-06)
(-2.1974533e-08 3.2692518e-07 2.3158565e-06)
(-3.9656155e-07 2.1819808e-06 -3.0793403e-06)
(-9.3084282e-08 1.0716892e-06 1.5018304e-06)
(-2.5044478e-07 2.7704149e-06 -2.7754719e-06)
(-1.4606269e-07 5.8273309e-07 -2.4717509e-06)
(-8.9147866e-08 2.6390584e-07 -1.7235134e-06)
(5.5665236e-08 -1.5890784e-07 -2.1554674e-06)
(-4.0848057e-07 1.5018013e-06 -3.1638795e-06)
(-3.723187e-07 1.0107545e-06 -3.2440917e-06)
(-7.7893528e-08 3.2318096e-07 2.3046842e-06)
(-8.0030957e-07 2.0645815e-06 -3.070809e-06)
(-2.8939438e-07 1.0371939e-06 1.5052547e-06)
(-7.609021e-07 2.6708044e-06 -2.7694731e-06)
(-2.6218642e-07 5.5320404e-07 -2.4652939e-06)
(-1.4964504e-07 2.4837398e-07 -1.7200532e-06)
(8.0817541e-08 -1.3644142e-07 -2.1516691e-06)
(-6.9452323e-07 1.396112e-06 -3.1542582e-06)
(-5.7462916e-07 9.1612066e-07 -3.2361342e-06)
(-1.424629e-07 3.0729837e-07 2.2889833e-06)
(-1.1965277e-06 1.8573738e-06 -3.0621232e-06)
(-4.8642049e-07 9.6148652e-07 1.5060635e-06)
(-1.2626589e-06 2.4639635e-06 -2.7608536e-06)
(-3.8302577e-07 4.8753409e-07 -2.4604418e-06)
(9.8700399e-08 -1.1486068e-07 -2.1488853e-06)
(-2.0764615e-07 2.0905723e-07 -1.7185009e-06)
(-9.741666e-07 1.2190001e-06 -3.1472457e-06)
(-2.1035268e-07 2.7062654e-07 2.2790054e-06)
(-7.643792e-07 7.6701841e-07 -3.2327294e-06)
(-6.747178e-07 8.40173e-07 1.5044098e-06)
(-1.5590824e-06 1.5620711e-06 -3.0584662e-06)
(-1.7353963e-06 2.1481406e-06 -2.7546651e-06)
(-2.8889925e-07 -3.5814811e-07 1.9807924e-05)
(-2.647257e-07 -4.0574579e-07 3.1952035e-05)
(-5.3476194e-08 -6.618727e-08 -1.478298e-11)
(-6.69614e-08 -8.8125768e-08 1.2612214e-05)
(-2.1870226e-07 -3.3977018e-07 7.2722886e-06)
(-5.1112276e-08 -6.3712489e-08 2.009396e-10)
(4.6877773e-09 -3.0081913e-09 1.8102679e-05)
(4.1134358e-08 4.5158574e-08 2.4750524e-05)
(-2.1351511e-09 -3.7775941e-09 1.5029671e-10)
(-2.1233308e-07 -4.1246803e-07 1.9852823e-05)
(-1.8063419e-07 -4.5430728e-07 3.2095964e-05)
(-3.9292195e-08 -7.6206807e-08 -1.5817161e-11)
(-4.7391388e-08 -1.0386725e-07 1.2593274e-05)
(-1.4844299e-07 -3.8147138e-07 7.2396498e-06)
(-3.7486113e-08 -7.3543987e-08 2.0150341e-10)
(4.7309349e-09 -6.5763195e-09 1.8085721e-05)
(3.1496546e-08 4.7841814e-08 2.4782706e-05)
(-1.2458989e-09 -4.9878446e-09 1.5120534e-10)
(-1.2941426e-07 -4.5126776e-07 1.9923022e-05)
(-9.1003115e-08 -4.8506759e-07 3.2247422e-05)
(-2.3955383e-08 -8.3359509e-08 -1.7434397e-11)
(-2.7584477e-08 -1.1543344e-07 1.2562264e-05)
(-7.3963889e-08 -4.0765636e-07 7.2065888e-06)
(-2.2766192e-08 -8.0551714e-08 2.0225348e-10)
(3.8378741e-09 -9.4905505e-09 1.8062489e-05)
(1.992994e-08 4.7800773e-08 2.4815835e-05)
(-5.4222146e-10 -6.0645203e-09 1.5244647e-10)
(-4.2206633e-08 -4.7153244e-07 1.9975068e-05)
(1.5978187e-09 -4.9548401e-07 3.2311754e-05)
(-7.8637714e-09 -8.7110122e-08 -1.8640101e-11)
(-7.3423677e-09 -1.2141809e-07 1.2536723e-05)
(2.7668277e-09 -4.1625898e-07 7.1928337e-06)
(-7.3049248e-09 -8.416022e-08 2.027492e-10)
(2.9676503e-09 -1.0329703e-08 1.8050978e-05)
(8.3124572e-09 4.6970781e-08 2.4828595e-05)
(1.9847377e-10 -6.7039775e-09 1.5332382e-10)
(4.6498333e-08 -4.7111143e-07 1.9975194e-05)
(9.4052964e-08 -4.844853e-07 3.2247514e-05)
(8.4939418e-09 -8.7049616e-08 -1.8642887e-11)
(1.3015045e-08 -1.2083727e-07 1.2536921e-05)
(7.9278322e-08 -4.0657882e-07 7.2070173e-06)
(8.398009e-09 -8.4049638e-08 2.0274803e-10)
(1.8693587e-09 -8.3176691e-09 1.8062865e-05)
(-3.1251709e-09 4.7517944e-08 2.4828303e-05)
(9.744938e-10 -6.5837512e-09 1.5331817e-10)
(1.3335495e-07 -4.500758e-07 1.9923404e-05)
(1.8326979e-07 -4.5326404e-07 3.2096173e-05)
(2.4528725e-08 -8.3190352e-08 -1.7442767e-11)
(3.2818646e-08 -1.1377574e-07 1.2562872e-05)
(1.5312273e-07 -3.7949091e-07 7.2405103e-06)
(2.3773861e-08 -8.0236515e-08 2.0225088e-10)
(3.1539623e-10 -4.4063713e-09 1.8086553e-05)
(-1.5119239e-08 4.9369408e-08 2.4815042e-05)
(1.6265504e-09 -5.7212986e-09 1.5242846e-10)
(2.156156e-07 -4.1071593e-07 1.9853487e-05)
(2.6675404e-07 -4.044613e-07 3.1952405e-05)
(3.9761086e-08 -7.5963603e-08 -1.5829e-11)
(5.1790018e-08 -1.0139136e-07 1.2594361e-05)
(2.2241917e-07 -3.3721542e-07 7.2735923e-06)
(3.8331683e-08 -7.3075271e-08 2.0149963e-10)
(-6.5881696e-10 -1.8005876e-10 1.8104139e-05)
(-2.7418216e-08 5.0218022e-08 2.4781632e-05)
(2.1603174e-09 -4.4726284e-09 1.5117515e-10)
(2.9132354e-07 -3.5615222e-07 1.9808902e-05)
(3.4194981e-07 -3.4077261e-07 3.1895801e-05)
(5.3812273e-08 -6.5920833e-08 -1.479542e-11)
(7.0242737e-08 -8.5226698e-08 1.2613892e-05)
(2.8532933e-07 -2.8276806e-07 7.2872965e-06)
(5.174287e-08 -6.3167293e-08 2.0093492e-10)
(1.837181e-10 3.1596276e-09 1.8109902e-05)
(-3.8052507e-08 4.7992042e-08 2.4749475e-05)
(2.8211941e-09 -3.1713664e-09 1.5025515e-10)
(-1.0320642e-07 7.7134804e-08 0.00016417981)
(-8.4891037e-09 -3.8684314e-09 0.00010503987)
(1.794382e-07 -1.5191389e-07 0.00010228775)
(-7.4400912e-07 5.9905987e-07 0.00024588658)
(1.314236e-07 -1.117232e-07 0.00022528275)
(-2.6618953e-07 2.0504518e-07 0.00022001903)
(-1.558468e-06 1.0137239e-06 0.00026715426)
(-1.1610051e-06 9.3639578e-07 0.00026100144)
(-1.4165979e-06 1.1504265e-06 0.00025193265)
(-1.1999057e-07 4.5603103e-08 0.00016418706)
(-5.7644027e-10 -7.8742549e-09 0.00010504553)
(2.1109503e-07 -1.2387264e-07 0.00010229983)
(-8.5959147e-07 4.230221e-07 0.00024590758)
(1.3518602e-07 -8.0586925e-08 0.00022530413)
(-3.1209825e-07 1.374377e-07 0.00022005183)
(-1.7114322e-06 6.5522902e-07 0.00026718863)
(-1.320585e-06 6.6197803e-07 0.00026104285)
(-1.6262065e-06 8.2619618e-07 0.00025195997)
(-1.1896494e-07 1.484409e-08 0.00016420171)
(5.9180318e-09 -4.8054216e-09 0.00010505459)
(2.4413332e-07 -8.6066069e-08 0.00010232225)
(-9.205758e-07 2.2815324e-07 0.00024594178)
(1.6310151e-07 -4.6201083e-08 0.00022532851)
(-3.2454659e-07 7.0066814e-08 0.00022010188)
(-1.8089205e-06 3.0983235e-07 0.00026723208)
(-1.4170245e-06 3.7479339e-07 0.00026110637)
(-1.7597655e-06 4.6667496e-07 0.00025200223)
(-1.0932504e-07 2.4523196e-11 0.00016421825)
(6.4899425e-09 -2.9346264e-11 0.00010505972)
(2.64267e-07 -3.179461e-08 0.00010234188)
(-9.3359053e-07 6.4528985e-08 0.00024597481)
(1.840027e-07 -4.4566005e-12 0.00022534007)
(-3.0981821e-07 1.8295731e-08 0.00022013979)
(-1.8486486e-06 -1.3800028e-10 0.0002672539)
(-1.4700517e-06 1.1726954e-07 0.00026115697)
(-1.8189775e-06 1.4163882e-07 0.00025204173)
(-1.0931986e-07 -5.6943682e-11 0.00016421838)
(5.9271855e-09 4.7215434e-09 0.00010505474)
(2.6427097e-07 3.1844594e-08 0.0001023419)
(-9.3359517e-07 -6.4666694e-08 0.00024597489)
(1.6312126e-07 4.6152282e-08 0.00022532864)
(-3.0984491e-07 -1.8064458e-08 0.00022013982)
(-1.8089323e-06 -3.1012242e-07 0.00026723205)
(-1.4700525e-06 -1.1737033e-07 0.00026115699)
(-1.8189611e-06 -1.4186655e-07 0.00025204167)
(-1.1896434e-07 -1.4971419e-08 0.00016420188)
(-5.4390398e-10 7.6905498e-09 0.00010504565)
(2.4413401e-07 8.6065544e-08 0.00010232225)
(-9.2056468e-07 -2.2837286e-07 0.0002459418)
(1.3528793e-07 8.0431883e-08 0.00022530411)
(-3.2459576e-07 -6.9925505e-08 0.00022010187)
(-1.7114196e-06 -6.5560379e-07 0.00026718844)
(-1.4170315e-06 -3.7492215e-07 0.00026110637)
(-1.759742e-06 -4.6692505e-07 0.00025200196)
(-1.1992998e-07 -4.5805345e-08 0.000164187)
(-8.3804673e-09 3.6494537e-09 0.00010503983)
(2.1111704e-07 1.238222e-07 0.00010229975)
(-8.5949943e-07 -4.2329773e-07 0.00024590735)
(1.3168706e-07 1.1151189e-07 0.00022528242)
(-3.120962e-07 -1.3738772e-07 0.00022005167)
(-1.5583013e-06 -1.0141348e-06 0.00026715396)
(-1.3205516e-06 -6.6213314e-07 0.00026104275)
(-1.6261222e-06 -8.2645626e-07 0.00025195954)
(-1.0297007e-07 -7.7437635e-08 0.00016417951)
(1.7954762e-07 1.5181636e-07 0.00010228759)
(-4.4262192e-09 -6.6607084e-09 0.00010503782)
(-7.4365433e-07 -5.9940636e-07 0.00024588618)
(-2.6604061e-07 -2.0510639e-07 0.00022001873)
(1.3295473e-07 1.292168e-07 0.00022527319)
(-1.1608017e-06 -9.365862e-07 0.00026100122)
(-1.3226046e-06 -1.3289872e-06 0.00026714051)
(-1.4162785e-06 -1.1507232e-06 0.00025193227)
(-2.3395098e-08 8.8648362e-09 0.00015695586)
(3.9610203e-07 -2.7658124e-07 0.00010029696)
(2.8000731e-07 -2.3788394e-07 9.9094529e-05)
(-7.7473162e-07 6.1755375e-07 0.00023557283)
(-7.1220684e-07 4.5082995e-07 0.00021598479)
(-6.4143991e-07 5.07352e-07 0.00021336992)
(-9.2254019e-07 5.793582e-07 0.00025590584)
(-1.2369796e-06 9.9001459e-07 0.00025295836)
(-1.6109622e-06 1.3006953e-06 0.00024106068)
(-1.69016e-08 -1.2508173e-08 0.0001569768)
(4.5590474e-07 -2.0226624e-07 0.0001003121)
(3.3081173e-07 -1.9502229e-07 9.9107771e-05)
(-8.8107254e-07 4.3435177e-07 0.00023560501)
(-7.7170519e-07 2.8889847e-07 0.00021601823)
(-7.2662247e-07 3.4488587e-07 0.00021340011)
(-1.0229098e-06 3.8075406e-07 0.00025594628)
(-1.4209268e-06 7.0448248e-07 0.000252997)
(-1.8433161e-06 9.4380189e-07 0.00024109231)
(4.6099161e-09 -2.0231924e-08 0.00015700365)
(5.0373856e-07 -1.0761249e-07 0.0001003243)
(3.8398662e-07 -1.3280472e-07 9.9123916e-05)
(-9.3802336e-07 2.5267244e-07 0.00023564563)
(-7.9679375e-07 1.3916136e-07 0.00021604896)
(-7.6372866e-07 1.9123111e-07 0.00021344027)
(-1.073626e-06 1.8819346e-07 0.00025597894)
(-1.5312649e-06 4.1490258e-07 0.00025304642)
(-1.9922838e-06 5.6916134e-07 0.00024113091)
(2.1783656e-08 -9.2613161e-09 0.0001570183)
(5.2221746e-07 6.7847579e-11 0.00010032816)
(4.1859682e-07 -4.7500307e-08 9.9132617e-05)
(-9.6112364e-07 8.2620354e-08 0.00023566744)
(-8.0393797e-07 2.2954571e-10 0.00021606052)
(-7.752904e-07 6.0333008e-08 0.00021346577)
(-1.0881646e-06 2.6777881e-11 0.00025598949)
(-1.5790178e-06 1.3635476e-07 0.00025307522)
(-2.064096e-06 1.9024335e-07 0.0002411494)
(2.1755958e-08 9.5716733e-09 0.0001570182)
(5.0373239e-07 1.0775425e-07 0.00010032415)
(4.1858777e-07 4.7724841e-08 9.9132522e-05)
(-9.6116103e-07 -8.2347183e-08 0.00023566739)
(-7.9688997e-07 -1.3873716e-07 0.0002160488)
(-7.7532931e-07 -5.9884608e-08 0.00021346568)
(-1.0736226e-06 -1.8812937e-07 0.00025597897)
(-1.5790293e-06 -1.3604849e-07 0.00025307521)
(-2.0640973e-06 -1.902786e-07 0.0002411495)
(4.5209351e-09 2.0485141e-08 0.00015700345)
(4.5590844e-07 2.0236634e-07 0.00010031188)
(3.8396383e-07 1.3301147e-07 9.912368e-05)
(-9.3809751e-07 -2.5243669e-07 0.00023564555)
(-7.7184253e-07 -2.8858058e-07 0.00021601805)
(-7.638309e-07 -1.9084305e-07 0.00021344007)
(-1.022884e-06 -3.8069109e-07 0.00025594634)
(-1.5312961e-06 -4.1458851e-07 0.00025304639)
(-1.9922837e-06 -5.6916237e-07 0.00024113119)
(-1.698999e-08 1.2680315e-08 0.00015697663)
(3.9611135e-07 2.7667247e-07 0.00010029677)
(3.3078422e-07 1.9519484e-07 9.9107455e-05)
(-8.811399e-07 -4.3418229e-07 0.00023560496)
(-7.1233241e-07 -4.5061049e-07 0.00021598469)
(-7.2673596e-07 -3.4460571e-07 0.00021339988)
(-9.2247965e-07 -5.792779e-07 0.00025590581)
(-1.4209794e-06 -7.0418598e-07 0.00025299687)
(-1.8432964e-06 -9.4376539e-07 0.00024109259)
(-2.3458518e-08 -8.7907277e-09 0.00015695575)
(2.7999173e-07 2.380118e-07 9.9094157e-05)
(3.3740089e-07 3.3684147e-07 0.00010028991)
(-7.7473333e-07 -6.17454e-07 0.00023557274)
(-6.4150797e-07 -5.0720007e-07 0.00021336965)
(-6.0204019e-07 -6.0236779e-07 0.00021597032)
(-1.2370272e-06 -9.897598e-07 0.00025295801)
(-7.6983731e-07 -7.681379e-07 0.0002558872)
(-1.6109142e-06 -1.3006278e-06 0.00024106072)
(-1.4266132e-07 1.005071e-07 0.00015236441)
(2.1266594e-07 -1.5889612e-07 9.7313514e-05)
(2.1755809e-07 -1.8710566e-07 9.4824797e-05)
(-1.0989064e-06 8.7599228e-07 0.00022921487)
(-6.5930789e-07 3.9809314e-07 0.00020991435)
(-5.5444717e-07 4.3210771e-07 0.00020483049)
(-1.7399556e-06 1.1127627e-06 0.00024930754)
(-1.5439046e-06 1.2395482e-06 0.00024344242)
(-2.0892929e-06 1.686861e-06 0.00023468228)
(-1.5687506e-07 4.4252009e-08 0.00015239111)
(2.5710041e-07 -1.2917269e-07 9.7332267e-05)
(2.6139008e-07 -1.593053e-07 9.4838346e-05)
(-1.2602931e-06 6.1189813e-07 0.00022925764)
(-7.2165402e-07 2.4262762e-07 0.00020996008)
(-6.3245063e-07 2.8592044e-07 0.00020486565)
(-1.933556e-06 7.348116e-07 0.00024936515)
(-1.7718117e-06 8.8437035e-07 0.00024348843)
(-2.3993138e-06 1.2168601e-06 0.00023472572)
(-1.4401454e-07 6.2832133e-09 0.0001524273)
(2.9814787e-07 -7.4813211e-08 9.7350585e-05)
(3.1133499e-07 -1.1282675e-07 9.4856962e-05)
(-1.3498087e-06 3.5143174e-07 0.00022931659)
(-7.437079e-07 1.1013989e-07 0.00021000424)
(-6.6337391e-07 1.5274558e-07 0.00020491425)
(-2.0395284e-06 3.6133998e-07 0.00024942162)
(-1.9106281e-06 5.2131437e-07 0.00024355254)
(-2.597475e-06 7.2646189e-07 0.00023478604)
(-1.281373e-07 -2.3486979e-09 0.00015245107)
(3.1469954e-07 1.4035065e-10 9.7358011e-05)
(3.4445677e-07 -4.1155366e-08 9.4869534e-05)
(-1.386028e-06 1.1340955e-07 0.00022935666)
(-7.4768952e-07 2.0441636e-10 0.00021002194)
(-6.693071e-07 4.682619e-08 0.00020494698)
(-2.0723604e-06 2.6412183e-10 0.00024944463)
(-1.973004e-06 1.7137593e-07 0.00024359646)
(-2.6910749e-06 2.4060012e-07 0.00023482748)
(-1.2815966e-07 2.7061926e-09 0.00015245101)
(2.9812485e-07 7.5089515e-08 9.7350437e-05)
(3.4439563e-07 4.1873246e-08 9.4869383e-05)
(-1.3860483e-06 -1.1292601e-07 0.00022935663)
(-7.4374867e-07 -1.0974815e-07 0.00021000415)
(-6.6938285e-07 -4.6006509e-08 0.00020494682)
(-2.0395697e-06 -3.6080709e-07 0.00024942159)
(-1.9730741e-06 -1.7050377e-07 0.00024359636)
(-2.6910925e-06 -2.4015832e-07 0.00023482753)
(-1.4407809e-07 -5.9543614e-09 0.00015242714)
(2.5705753e-07 1.2942509e-07 9.7331975e-05)
(3.1115726e-07 1.1351035e-07 9.485652e-05)
(-1.3498724e-06 -3.5096481e-07 0.0002293165)
(-7.2172144e-07 -2.4230355e-07 0.0002099599)
(-6.6358763e-07 -1.5199584e-07 0.00020491378)
(-1.9336533e-06 -7.3429332e-07 0.00024936502)
(-1.9108325e-06 -5.2047913e-07 0.00024355223)
(-2.5975428e-06 -7.2600188e-07 0.00023478615)
(-1.5696377e-07 -4.3994034e-08 0.00015239083)
(2.1260946e-07 1.5911145e-07 9.731308e-05)
(2.6111216e-07 1.5991498e-07 9.483764e-05)
(-1.2603993e-06 -6.1149448e-07 0.00022925742)
(-6.5936959e-07 -3.978717e-07 0.00020991404)
(-6.3275683e-07 -2.853123e-07 0.00020486488)
(-1.7401199e-06 -1.112286e-06 0.0002493072)
(-1.7721373e-06 -8.8362691e-07 0.0002434878)
(-2.3994578e-06 -1.2164054e-06 0.00023472573)
(-1.4273504e-07 -1.0034679e-07 0.00015236398)
(2.1721272e-07 1.8760785e-07 9.4823846e-05)
(1.8173954e-07 1.7982281e-07 9.7304983e-05)
(-1.0990234e-06 -8.7568927e-07 0.00022921445)
(-5.5476882e-07 -4.3168627e-07 0.00020482942)
(-5.445669e-07 -5.4956506e-07 0.00020989455)
(-1.5443055e-06 -1.2389393e-06 0.00024344136)
(-1.4566752e-06 -1.4622097e-06 0.00024928273)
(-2.0895158e-06 -1.6864408e-06 0.00023468204)
(-6.3906847e-08 3.7877996e-08 0.00014544337)
(2.6529813e-07 -1.893037e-07 9.2857617e-05)
(2.3467845e-07 -2.0007889e-07 9.1242503e-05)
(-9.4771306e-07 7.5329886e-07 0.00021899921)
(-5.2834147e-07 3.1722682e-07 0.00020049531)
(-4.9475386e-07 3.8437227e-07 0.00019689536)
(-1.5759445e-06 1.0086096e-06 0.000238274)
(-1.4580198e-06 1.1697965e-06 0.0002339489)
(-1.9483001e-06 1.5722134e-06 0.00022421032)
(-6.4312772e-08 3.0112556e-09 0.00014546344)
(3.1466134e-07 -1.4574231e-07 9.2871438e-05)
(2.8122929e-07 -1.6637147e-07 9.1254651e-05)
(-1.0841811e-06 5.2664585e-07 0.00021903658)
(-5.7476785e-07 1.922975e-07 0.00020053402)
(-5.6266239e-07 2.536999e-07 0.00019692871)
(-1.7488745e-06 6.6759696e-07 0.00023832691)
(-1.6718388e-06 8.3506583e-07 0.00023399383)
(-2.234926e-06 1.1370175e-06 0.00022424921)
(-4.3669899e-08 -1.5520637e-08 0.00014549148)
(3.5744077e-07 -8.1087057e-08 9.2884842e-05)
(3.321649e-07 -1.1536386e-07 9.1271434e-05)
(-1.1584075e-06 3.0286853e-07 0.00021908904)
(-5.8856698e-07 8.6959727e-08 0.00020057207)
(-5.8763156e-07 1.3510562e-07 0.00019697542)
(-1.8432402e-06 3.292141e-07 0.00023837913)
(-1.801543e-06 4.9269394e-07 0.00023405697)
(-2.4190042e-06 6.809196e-07 0.00022430405)
(-2.4427714e-08 -8.6729499e-09 0.00014551022)
(3.7432777e-07 5.6258527e-10 9.2890172e-05)
(3.6570872e-07 -4.1457859e-08 9.1282839e-05)
(-1.1874033e-06 9.8086131e-08 0.00021912509)
(-5.901191e-07 5.9791888e-10 0.00020058748)
(-5.9084378e-07 4.1495549e-08 0.00019700756)
(-1.8724532e-06 5.9052897e-10 0.00023840042)
(-1.8594966e-06 1.6222231e-07 0.00023410069)
(-2.5064156e-06 2.2618058e-07 0.00022434183)
(-2.4549684e-08 9.8499583e-09 0.00014551011)
(3.5722855e-07 8.2194424e-08 9.2884617e-05)
(3.6559089e-07 4.2716395e-08 9.1282772e-05)
(-1.1875302e-06 -9.6878706e-08 0.00021912501)
(-5.88811e-07 -8.5803799e-08 0.00020057184)
(-5.909738e-07 -4.0201043e-08 0.0001970075)
(-1.8434686e-06 -3.2806191e-07 0.00023837906)
(-1.859614e-06 -1.6098953e-07 0.00023410073)
(-2.5064982e-06 -2.2534964e-07 0.00022434189)
(-4.4023669e-08 1.6615563e-08 0.00014549116)
(3.1425754e-07 1.4676194e-07 9.2871022e-05)
(3.3181985e-07 1.1656687e-07 9.1271255e-05)
(-1.1587638e-06 -3.0175238e-07 0.00021908881)
(-5.7520914e-07 -1.9128897e-07 0.00020053358)
(-5.88006e-07 -1.3389583e-07 0.00019697527)
(-1.7492952e-06 -6.6656273e-07 0.0002383267)
(-1.8018803e-06 -4.9151968e-07 0.00023405705)
(-2.4192372e-06 -6.8013959e-07 0.00022430414)
(-6.4844999e-08 -2.071352e-09 0.00014546295)
(2.6473161e-07 1.9020021e-07 9.2857053e-05)
(2.8068216e-07 1.6746051e-07 9.1254404e-05)
(-1.0847091e-06 -5.2570173e-07 0.00021903617)
(-5.289079e-07 -3.1641634e-07 0.00020049471)
(-5.6322883e-07 -2.5265207e-07 0.00019692849)
(-1.5765046e-06 -1.0077342e-06 0.00023827357)
(-1.6723686e-06 -8.340112e-07 0.00023399385)
(-2.235277e-06 -1.1363367e-06 0.00022424918)
(-6.4542457e-08 -3.7147112e-08 0.00014544272)
(2.3397975e-07 2.0099424e-07 9.1242231e-05)
(2.2363223e-07 2.2471247e-07 9.2851216e-05)
(-9.4832232e-07 -7.525791e-07 0.00021899858)
(-4.9542833e-07 -3.8355177e-07 0.0001968951)
(-4.387272e-07 -4.3841469e-07 0.00020047871)
(-1.4586793e-06 -1.1689168e-06 0.00023394875)
(-1.3227905e-06 -1.3226741e-06 0.00023825169)
(-1.9487122e-06 -1.5716617e-06 0.00022420999)
(-7.2593834e-08 4.5334877e-08 0.00014009268)
(2.4954971e-07 -1.7866234e-07 8.9469855e-05)
(2.2803461e-07 -1.9477737e-07 8.7628348e-05)
(-9.4085753e-07 7.4828138e-07 0.00021088933)
(-5.3051763e-07 3.1910942e-07 0.00019308761)
(-4.9338397e-07 3.832845e-07 0.00018910117)
(-1.5551627e-06 9.9501872e-07 0.00022943422)
(-1.4460368e-06 1.1600642e-06 0.00022468605)
(-1.9189476e-06 1.5488933e-06 0.00021587344)
(-7.422822e-08 8.6710343e-09 0.00014011372)
(2.976723e-07 -1.3844996e-07 8.9484358e-05)
(2.7376579e-07 -1.6287573e-07 8.7640097e-05)
(-1.0763628e-06 5.2281753e-07 0.00021092768)
(-5.7697681e-07 1.9362343e-07 0.00019312775)
(-5.6128806e-07 2.5233202e-07 0.00018913408)
(-1.7257823e-06 6.5801023e-07 0.00022948806)
(-1.6586736e-06 8.2711381e-07 0.00022473038)
(-2.2015989e-06 1.1194993e-06 0.00021591301)
(-5.4214569e-08 -1.1865717e-08 0.00014014315)
(3.4007442e-07 -7.7335461e-08 8.9498528e-05)
(3.2461188e-07 -1.1343512e-07 8.7656292e-05)
(-1.1495506e-06 3.0050617e-07 0.00021098157)
(-5.9053337e-07 8.7713507e-08 0.00019316737)
(-5.8582843e-07 1.3402472e-07 0.00018918018)
(-1.8184485e-06 3.2426079e-07 0.00022954141)
(-1.7871963e-06 4.8743679e-07 0.00022479275)
(-2.3825948e-06 6.7003845e-07 0.00021596886)
(-3.5130565e-08 -7.3313517e-09 0.00014016313)
(3.5693277e-07 6.8215179e-10 8.9504253e-05)
(3.583342e-07 -4.0807408e-08 8.7667235e-05)
(-1.1778122e-06 9.7331778e-08 0.00021101891)
(-5.9193543e-07 6.8073849e-10 0.00019318353)
(-5.8866032e-07 4.1137353e-08 0.00018921195)
(-1.8470134e-06 6.2592756e-10 0.00022956332)
(-1.8444343e-06 1.6041132e-07 0.00022483606)
(-2.4682274e-06 2.2248938e-07 0.00021600767)
(-3.5263366e-08 8.7057354e-09 0.00014016309)
(3.3982554e-07 7.8680655e-08 8.949844e-05)
(3.5820764e-07 4.2186289e-08 8.7667215e-05)
(-1.1779356e-06 -9.6010976e-08 0.00021101892)
(-5.9079173e-07 -8.6376109e-08 0.00019316729)
(-5.8879373e-07 -3.9732326e-08 0.00018921194)
(-1.8186723e-06 -3.2301987e-07 0.00022954152)
(-1.8445501e-06 -1.5911186e-07 0.00022483616)
(-2.4683007e-06 -2.2166965e-07 0.00021600779)
(-5.4605365e-08 1.3175521e-08 0.00014014305)
(2.9718933e-07 1.3970925e-07 8.9484215e-05)
(3.2424393e-07 1.1474364e-07 8.7656254e-05)
(-1.1499145e-06 -2.9923992e-07 0.00021098159)
(-5.774707e-07 -1.9238864e-07 0.00019312763)
(-5.8621436e-07 -1.327067e-07 0.00018918019)
(-1.7262221e-06 -6.5683212e-07 0.00022948819)
(-1.7875312e-06 -4.8619469e-07 0.000224793)
(-2.3828122e-06 -6.692288e-07 0.00021596916)
(-7.4844618e-08 -7.4921855e-09 0.00014011359)
(2.4885995e-07 1.7978577e-07 8.9469701e-05)
(2.7319006e-07 1.6404399e-07 8.7640094e-05)
(-1.076943e-06 -5.2166531e-07 0.00021092766)
(-5.3120608e-07 -3.1803118e-07 0.00019308746)
(-5.6187614e-07 -2.5118089e-07 0.00018913414)
(-1.5558024e-06 -9.9394499e-07 0.00022943425)
(-1.6592059e-06 -8.2598999e-07 0.0002247307)
(-2.2019673e-06 -1.1187225e-06 0.00021591329)
(-7.3373599e-08 -4.436204e-08 0.00014009253)
(2.2731731e-07 1.9573677e-07 8.7628432e-05)
(2.0998837e-07 2.112933e-07 8.9463665e-05)
(-9.4159843e-07 -7.4731517e-07 0.00021088923)
(-4.9408891e-07 -3.8237424e-07 0.00018910132)
(-4.4068615e-07 -4.4051677e-07 0.00019307084)
(-1.446706e-06 -1.1591222e-06 0.00022468633)
(-1.3048792e-06 -1.3054493e-06 0.0002294119)
(-1.9194481e-06 -1.5481907e-06 0.00021587348)
(-6.9920816e-08 4.2694067e-08 0.00013437262)
(2.511688e-07 -1.8061811e-07 8.5824655e-05)
(2.2570458e-07 -1.9329122e-07 8.4037555e-05)
(-9.359767e-07 7.4380403e-07 0.0002022492)
(-5.2546035e-07 3.1449945e-07 0.00018518679)
(-4.9628342e-07 3.8458827e-07 0.00018130821)
(-1.5505436e-06 9.9058407e-07 0.00022002258)
(-1.4503366e-06 1.1625085e-06 0.00021540306)
(-1.9137171e-06 1.5441751e-06 0.00020701664)
(-7.1481583e-08 5.7178569e-09 0.00013439268)
(2.9964863e-07 -1.4042323e-07 8.5838334e-05)
(2.7155422e-07 -1.6303584e-07 8.4049863e-05)
(-1.0713994e-06 5.182705e-07 0.00020228679)
(-5.7141379e-07 1.8958062e-07 0.00018522585)
(-5.6462178e-07 2.5094343e-07 0.00018134148)
(-1.7210676e-06 6.5405137e-07 0.00022007558)
(-1.6640004e-06 8.2659449e-07 0.00021544754)
(-2.1964869e-06 1.1148889e-06 0.00020705576)
(-5.1000647e-08 -1.4190488e-08 0.00013442058)
(3.4255338e-07 -7.8531417e-08 8.5851556e-05)
(3.2350095e-07 -1.1438242e-07 8.4066753e-05)
(-1.1440237e-06 2.9707307e-07 0.00020233954)
(-5.8433801e-07 8.5372264e-08 0.00018526428)
(-5.8789328e-07 1.3166399e-07 0.000181388)
(-1.8134633e-06 3.2193069e-07 0.00022012804)
(-1.7918581e-06 4.8566289e-07 0.00021551007)
(-2.3772272e-06 6.6663186e-07 0.0002071109)
(-3.1641013e-08 -8.1803653e-09 0.00013443928)
(3.5961404e-07 6.9059198e-10 8.5856853e-05)
(3.5815085e-07 -4.131942e-08 8.4078132e-05)
(-1.1718898e-06 9.6091057e-08 0.00020237598)
(-5.8548851e-07 7.1760576e-10 0.00018527994)
(-5.8943372e-07 4.0016492e-08 0.00018141998)
(-1.8419235e-06 6.6583624e-10 0.00022014959)
(-1.8481545e-06 1.594992e-07 0.00021555347)
(-2.4626819e-06 2.2126784e-07 0.00020714917)
(-3.1775463e-08 9.5884436e-09 0.00013443928)
(3.4230687e-07 7.9878019e-08 8.5851536e-05)
(3.5803102e-07 4.2631335e-08 8.4078127e-05)
(-1.172017e-06 -9.4705422e-08 0.00020237603)
(-5.8460035e-07 -8.3980111e-08 0.00018526429)
(-5.8956099e-07 -3.8668005e-08 0.00018142)
(-1.8136906e-06 -3.206287e-07 0.00022012822)
(-1.8482626e-06 -1.5826527e-07 0.00021555358)
(-2.4627605e-06 -2.203685e-07 0.00020714932)
(-5.1386764e-08 1.5499799e-08 0.00013442059)
(2.9918821e-07 1.4163995e-07 8.583833e-05)
(3.2315709e-07 1.1561031e-07 8.4066756e-05)
(-1.1443881e-06 -2.957797e-07 0.00020233968)
(-5.7189458e-07 -1.8834499e-07 0.00018522589)
(-5.8825727e-07 -1.3041561e-07 0.00018138806)
(-1.7214945e-06 -6.5286539e-07 0.00022007587)
(-1.7921663e-06 -4.8449836e-07 0.00021551038)
(-2.3774518e-06 -6.6577469e-07 0.00020711128)
(-7.2061093e-08 -4.594317e-09 0.00013439274)
(2.5054884e-07 1.8164726e-07 8.5824714e-05)
(2.7103198e-07 1.6410311e-07 8.4049917e-05)
(-1.0719491e-06 -5.1715173e-07 0.00020228699)
(-5.2608662e-07 -3.1348419e-07 0.0001851869)
(-5.6516043e-07 -2.4988296e-07 0.00018134161)
(-1.551123e-06 -9.8956648e-07 0.00022002289)
(-1.6644765e-06 -8.2556795e-07 0.00021544795)
(-2.196842e-06 -1.1141169e-06 0.0002070562)
(-7.0601651e-08 -4.1827481e-08 0.00013437275)
(2.2508007e-07 1.9413577e-07 8.4037693e-05)
(2.1194229e-07 2.1266881e-07 8.5819088e-05)
(-9.366235e-07 -7.4292908e-07 0.00020224943)
(-4.9690186e-07 -3.8378407e-07 0.00018130842)
(-4.3540031e-07 -4.3620673e-07 0.00018517084)
(-1.4509104e-06 -1.1616786e-06 0.00021540343)
(-1.2997235e-06 -1.3014572e-06 0.000220001)
(-1.9141569e-06 -1.5435299e-06 0.00020701695)
(-7.9117854e-08 4.9201555e-08 0.00012875233)
(2.4486209e-07 -1.7754148e-07 8.2242766e-05)
(2.2130095e-07 -1.8941957e-07 8.0421046e-05)
(-9.4798017e-07 7.5196669e-07 0.00019377442)
(-5.369149e-07 3.1886181e-07 0.0001774337)
(-5.0201542e-07 3.8930395e-07 0.0001734945)
(-1.5649186e-06 9.9688077e-07 0.00021079811)
(-1.4573566e-06 1.1680085e-06 0.00020611291)
(-1.9255519e-06 1.5522359e-06 0.00019833896)
(-8.0660248e-08 7.6369826e-09 0.00012877392)
(2.9422846e-07 -1.3983053e-07 8.2257686e-05)
(2.6758051e-07 -1.6093583e-07 8.0432964e-05)
(-1.0850116e-06 5.2090692e-07 0.00019381296)
(-5.8252305e-07 1.8963864e-07 0.00017747413)
(-5.7089651e-07 2.5330985e-07 0.00017352745)
(-1.7358952e-06 6.556072e-07 0.00021085194)
(-1.6724093e-06 8.2947407e-07 0.00020615695)
(-2.2107197e-06 1.1179606e-06 0.00019837866)
(-5.7524719e-08 -1.5094916e-08 0.0001288038)
(3.3873949e-07 -7.8960067e-08 8.2272135e-05)
(3.2094848e-07 -1.1374177e-07 8.044936e-05)
(-1.1563861e-06 2.964082e-07 0.00019386698)
(-5.9344755e-07 8.408886e-08 0.00017751391)
(-5.9351162e-07 1.3226656e-07 0.00017357354)
(-1.8269171e-06 3.2151458e-07 0.00021090524)
(-1.8004532e-06 4.8662405e-07 0.00020621886)
(-2.3915265e-06 6.6668977e-07 0.0001984346)
(-3.5639952e-08 -8.9933052e-09 0.00012882389)
(3.5656516e-07 6.2098072e-10 8.2277973e-05)
(3.5682246e-07 -4.1327444e-08 8.0460486e-05)
(-1.1825044e-06 9.5319832e-08 0.00019390433)
(-5.9352271e-07 6.3249623e-10 0.00017753015)
(-5.9418473e-07 3.9939231e-08 0.0001736053)
(-1.8545193e-06 5.67882e-10 0.00021092716)
(-1.8563819e-06 1.5956413e-07 0.00020626185)
(-2.4761897e-06 2.2086439e-07 0.00019847345)
(-3.5758732e-08 1.0244058e-08 0.00012882393)
(3.385185e-07 8.0172418e-08 8.227219e-05)
(3.5672799e-07 4.2376738e-08 8.0460532e-05)
(-1.1826154e-06 -9.4121066e-08 0.00019390444)
(-5.9368131e-07 -8.2859698e-08 0.00017751402)
(-5.9428229e-07 -3.888024e-08 0.00017360539)
(-1.8271097e-06 -3.2040009e-07 0.00021090554)
(-1.8564612e-06 -1.5861259e-07 0.00020626204)
(-2.4762539e-06 -2.2011342e-07 0.00019847365)
(-5.7870093e-08 1.6254001e-08 0.00012880395)
(2.938211e-07 1.4091305e-07 8.2257823e-05)
(3.2068002e-07 1.1471454e-07 8.0449516e-05)
(-1.1567029e-06 -2.9528944e-07 0.00019386729)
(-5.8294846e-07 -1.8855673e-07 0.00017747438)
(-5.9378787e-07 -1.3129667e-07 0.00017357381)
(-1.7362547e-06 -6.5459736e-07 0.00021085247)
(-1.8006762e-06 -4.8573249e-07 0.00020621938)
(-2.391712e-06 -6.6596868e-07 0.00019843513)
(-8.117285e-08 -6.6496018e-09 0.00012877419)
(2.4431754e-07 1.7845077e-07 8.2243019e-05)
(2.6718241e-07 1.6176486e-07 8.0433265e-05)
(-1.0854892e-06 -5.1994403e-07 0.00019381343)
(-5.3746809e-07 -3.1797876e-07 0.00017743409)
(-5.7129278e-07 -2.5250647e-07 0.00017352792)
(-1.5654075e-06 -9.9601453e-07 0.00021079874)
(-1.6727458e-06 -8.2870195e-07 0.00020615769)
(-2.2110153e-06 -1.1173063e-06 0.00019837934)
(-7.9719006e-08 -4.8450497e-08 0.00012875273)
(2.2084108e-07 1.9005658e-07 8.042152e-05)
(2.0681227e-07 2.0689691e-07 8.2236911e-05)
(-9.485404e-07 -7.5121942e-07 0.00019377497)
(-5.0244769e-07 -3.8872078e-07 0.00017349517)
(-4.4385384e-07 -4.4568847e-07 0.0001774175)
(-1.4577456e-06 -1.1674009e-06 0.00020611373)
(-1.3104323e-06 -1.3133306e-06 0.00021077657)
(-1.9259226e-06 -1.5516847e-06 0.00019833956)
(-7.9757224e-08 5.1042126e-08 0.0001230714)
(2.4279137e-07 -1.7465216e-07 7.8619112e-05)
(2.2050145e-07 -1.8790751e-07 7.6808984e-05)
(-9.4838969e-07 7.537468e-07 0.00018521578)
(-5.3748518e-07 3.2151858e-07 0.00016960043)
(-5.0181364e-07 3.9041603e-07 0.00016567963)
(-1.5659857e-06 9.9888729e-07 0.00020148417)
(-1.4573701e-06 1.1692593e-06 0.00019681664)
(-1.9265655e-06 1.554077e-06 0.00018957421)
(-8.1541731e-08 1.0106834e-08 0.00012309188)
(2.9311472e-07 -1.3770943e-07 7.8633163e-05)
(2.6692083e-07 -1.5939383e-07 7.6820708e-05)
(-1.0855857e-06 5.2326309e-07 0.00018525289)
(-5.8331989e-07 1.9246556e-07 0.00016963922)
(-5.7056862e-07 2.5485065e-07 0.00016571108)
(-1.7380746e-06 6.5780251e-07 0.00020153628)
(-1.67241e-06 8.3111521e-07 0.00019685866)
(-2.2121585e-06 1.1199832e-06 0.00018961264)
(-5.9131431e-08 -1.2936301e-08 0.00012312039)
(3.3866328e-07 -7.796201e-08 7.8646858e-05)
(3.2037715e-07 -1.1259724e-07 7.6836846e-05)
(-1.1575509e-06 2.9843955e-07 0.000185305)
(-5.946984e-07 8.5838193e-08 0.00016967747)
(-5.9336445e-07 1.3362019e-07 0.00016575511)
(-1.8302623e-06 3.2291224e-07 0.00020158789)
(-1.8007783e-06 4.8804622e-07 0.00019691777)
(-2.3935717e-06 6.6831899e-07 0.0001896668)
(-3.7736167e-08 -8.254442e-09 0.00012313971)
(3.5698598e-07 4.301611e-10 7.865242e-05)
(3.56356e-07 -4.0995343e-08 7.6847774e-05)
(-1.184076e-06 9.6004722e-08 0.00018534106)
(-5.9494035e-07 4.3129138e-10 0.00016969312)
(-5.9421381e-07 4.0394707e-08 0.00016578546)
(-1.8583178e-06 3.8641954e-10 0.00020160912)
(-1.8570127e-06 1.6006205e-07 0.00019695879)
(-2.4785961e-06 2.2141749e-07 0.00018970436)
(-3.7813668e-08 9.1112062e-09 0.00012313976)
(3.3851665e-07 7.8795261e-08 7.8646934e-05)
(3.562907e-07 4.1735673e-08 7.6847798e-05)
(-1.184145e-06 -9.5191148e-08 0.00018534118)
(-5.9484432e-07 -8.5009172e-08 0.0001696776)
(-5.9428215e-07 -3.9628374e-08 0.00016578552)
(-1.8303767e-06 -3.2216073e-07 0.0002015882)
(-1.8570681e-06 -1.5934338e-07 0.00019695895)
(-2.4786349e-06 -2.2091118e-07 0.00018970456)
(-5.9351049e-08 1.3713645e-08 0.00012312057)
(2.9285393e-07 1.3843252e-07 7.863334e-05)
(3.2019485e-07 1.1327269e-07 7.6836933e-05)
(-1.1577416e-06 -2.9769751e-07 0.00018530533)
(-5.8357073e-07 -1.9176542e-07 0.0001696395)
(-5.9355321e-07 -1.3293399e-07 0.00016575528)
(-1.7382767e-06 -6.571439e-07 0.00020153682)
(-1.8009308e-06 -4.8738347e-07 0.00019691818)
(-2.3936793e-06 -6.6784376e-07 0.00018966734)
(-8.1848759e-08 -9.4747943e-09 0.00012309219)
(2.4246279e-07 1.7523155e-07 7.8619422e-05)
(2.6666097e-07 1.5994995e-07 7.682089e-05)
(-1.0858529e-06 -5.226557e-07 0.00018525339)
(-5.377792e-07 -3.2098731e-07 0.00016960087)
(-5.7082413e-07 -2.5431e-07 0.00016571137)
(-1.5662376e-06 -9.9835148e-07 0.00020148481)
(-1.6726305e-06 -8.3055889e-07 0.00019685922)
(-2.2123191e-06 -1.1195719e-06 0.00018961332)
(-8.0081098e-08 -5.0598367e-08 0.00012307186)
(2.2022173e-07 1.8831019e-07 7.6809289e-05)
(2.0453258e-07 2.0360389e-07 7.8613737e-05)
(-9.4866368e-07 -7.5331368e-07 0.00018521637)
(-5.0206189e-07 -3.9005898e-07 0.00016568005)
(-4.4453542e-07 -4.477858e-07 0.00016958502)
(-1.4576064e-06 -1.1688418e-06 0.0001968172)
(-1.3108587e-06 -1.3151679e-06 0.00020146339)
(-1.9267455e-06 -1.5537539e-06 0.00018957481)
(-7.9281973e-08 5.1460774e-08 0.00011741036)
(2.4343467e-07 -1.7443884e-07 7.5010986e-05)
(2.2201318e-07 -1.8809295e-07 7.3202472e-05)
(-9.4721782e-07 7.5385927e-07 0.00017667965)
(-5.3634969e-07 3.2157478e-07 0.00016179045)
(-4.9948079e-07 3.9053303e-07 0.00015786955)
(-1.5649055e-06 9.9982439e-07 0.00019219116)
(-1.4550972e-06 1.1696406e-06 0.00018752229)
(-1.9257992e-06 1.5546206e-06 0.00018082739)
(-8.0539298e-08 1.0466875e-08 0.00011742965)
(2.9303014e-07 -1.3706337e-07 7.5024175e-05)
(2.6818565e-07 -1.5851435e-07 7.3212658e-05)
(-1.0839997e-06 5.2372457e-07 0.00017671462)
(-5.8201523e-07 1.9262239e-07 0.00016182701)
(-5.6802839e-07 2.567319e-07 0.0001578984)
(-1.7361976e-06 6.5874293e-07 0.00019224022)
(-1.6695538e-06 8.3328259e-07 0.0001875611)
(-2.2109313e-06 1.1209815e-06 0.00018086354)
(-5.7546744e-08 -1.2727495e-08 0.00011745645)
(3.3771461e-07 -7.7414939e-08 7.5036957e-05)
(3.2056039e-07 -1.1139381e-07 7.3226646e-05)
(-1.1557723e-06 2.9894551e-07 0.00017676367)
(-5.9332251e-07 8.595329e-08 0.00016186303)
(-5.918914e-07 1.3593297e-07 0.00015793879)
(-1.8278714e-06 3.2347345e-07 0.00019228878)
(-1.7986061e-06 4.9054854e-07 0.0001876157)
(-2.3922566e-06 6.6928386e-07 0.00018091445)
(-3.5821046e-08 -8.2401125e-09 0.00011747454)
(3.5566071e-07 3.1302602e-10 7.5042122e-05)
(3.5554529e-07 -4.0523911e-08 7.3236034e-05)
(-1.1822977e-06 9.6188317e-08 0.00017679759)
(-5.9355563e-07 3.4063637e-10 0.00016187774)
(-5.9390833e-07 4.1353423e-08 0.00015796656)
(-1.855763e-06 3.3572263e-10 0.00019230876)
(-1.8557886e-06 1.6109693e-07 0.00018765359)
(-2.4773928e-06 2.2181865e-07 0.00018094975)
(-3.5880458e-08 8.8889697e-09 0.00011747459)
(3.3760936e-07 7.8019018e-08 7.5037023e-05)
(3.5550544e-07 4.0992772e-08 7.3236066e-05)
(-1.1823552e-06 -9.5516198e-08 0.0001767977)
(-5.9343907e-07 -8.5302751e-08 0.00016186315)
(-5.9395136e-07 -4.0850661e-08 0.00015796662)
(-1.8279692e-06 -3.2282244e-07 0.00019228908)
(-1.8558232e-06 -1.6059056e-07 0.00018765375)
(-2.4774317e-06 -2.2131678e-07 0.00018094995)
(-5.7713803e-08 1.3306681e-08 0.00011745661)
(2.9284658e-07 1.3757714e-07 7.5024328e-05)
(3.2045218e-07 1.1181116e-07 7.3226759e-05)
(-1.1559296e-06 -2.9833999e-07 0.00017676398)
(-5.8221279e-07 -1.9208574e-07 0.00016182727)
(-5.9200555e-07 -1.3549913e-07 0.00015793899)
(-1.7363709e-06 -6.5817639e-07 0.00019224073)
(-1.798698e-06 -4.9009125e-07 0.00018761614)
(-2.3923655e-06 -6.6881607e-07 0.00018091496)
(-8.0766482e-08 -1.001189e-08 0.00011742993)
(2.4321148e-07 1.7483648e-07 7.5011256e-05)
(2.6804162e-07 1.5883885e-07 7.321288e-05)
(-1.0842181e-06 -5.2324008e-07 0.00017671507)
(-5.3657452e-07 -3.2118576e-07 0.00016179085)
(-5.6816735e-07 -2.564197e-07 0.00015789876)
(-1.5651226e-06 -9.9936841e-07 0.00019219176)
(-1.669678e-06 -8.3291482e-07 0.00018756171)
(-2.2110962e-06 -1.1205784e-06 0.00018086418)
(-7.9509689e-08 -5.1162671e-08 0.00011741076)
(2.2187938e-07 1.8830211e-07 7.3202827e-05)
(2.0543852e-07 2.037067e-07 7.5005903e-05)
(-9.4743828e-07 -7.5352689e-07 0.00017668019)
(-4.995825e-07 -3.903677e-07 0.00015787007)
(-4.4349602e-07 -4.4774178e-07 0.00016177591)
(-1.4552119e-06 -1.1693843e-06 0.00018752294)
(-1.3105087e-06 -1.3156751e-06 0.00019217159)
(-1.9259921e-06 -1.5543032e-06 0.00018082795)
(-7.5562756e-08 5.0664138e-08 0.00011175102)
(2.4562691e-07 -1.7386977e-07 7.1405158e-05)
(2.233937e-07 -1.8830054e-07 6.9599441e-05)
(-9.4332451e-07 7.5386397e-07 0.00016814172)
(-5.3253373e-07 3.2363472e-07 0.00015397936)
(-4.9764601e-07 3.9130943e-07 0.00015006771)
(-1.5607899e-06 1.0015369e-06 0.00018289422)
(-1.4530808e-06 1.1705818e-06 0.00017823825)
(-1.9219593e-06 1.5544781e-06 0.00017207648)
(-7.738805e-08 1.2642327e-08 0.00011176827)
(2.9462286e-07 -1.354814e-07 7.141677e-05)
(2.6860678e-07 -1.5744215e-07 6.9608691e-05)
(-1.0796867e-06 5.2703416e-07 0.00016817326)
(-5.7923197e-07 1.9684067e-07 0.00015401225)
(-5.6653032e-07 2.5960267e-07 0.00015009366)
(-1.7329855e-06 6.6262028e-07 0.00018293864)
(-1.6672714e-06 8.3635421e-07 0.00017827331)
(-2.206031e-06 1.1236902e-06 0.00017210912)
(-5.7198059e-08 -9.538972e-09 0.0001117922)
(3.380627e-07 -7.6151713e-08 7.1427975e-05)
(3.189516e-07 -1.0988261e-07 6.962142e-05)
(-1.1533847e-06 3.0308868e-07 0.00016821756)
(-5.9289353e-07 8.9244063e-08 0.0001540446)
(-5.9231088e-07 1.3915165e-07 0.00015013004)
(-1.8268477e-06 3.265448e-07 0.00018298264)
(-1.7975281e-06 4.9389307e-07 0.00017832274)
(-2.3881645e-06 6.7267922e-07 0.00017215525)
(-3.8067655e-08 -6.8553046e-09 0.00011180818)
(3.5538992e-07 1.5861734e-10 7.1432472e-05)
(3.5229066e-07 -3.989725e-08 6.9629985e-05)
(-1.1820098e-06 9.7942165e-08 0.00016824814)
(-5.9430448e-07 1.6724713e-10 0.0001540578)
(-5.9605177e-07 4.2660848e-08 0.00015015506)
(-1.8558494e-06 1.7369584e-10 0.00018300073)
(-1.8559558e-06 1.6244515e-07 0.00017835706)
(-2.4745649e-06 2.2326256e-07 0.00017218726)
(-3.8093769e-08 7.1769121e-09 0.00011180822)
(3.3801631e-07 7.6451896e-08 7.142802e-05)
(3.5227298e-07 4.013673e-08 6.9629986e-05)
(-1.1820323e-06 -9.7605433e-08 0.00016824824)
(-5.9293868e-07 -8.8935204e-08 0.0001540447)
(-5.9606802e-07 -4.2431338e-08 0.00015015508)
(-1.8268798e-06 -3.2621471e-07 0.0001829829)
(-1.8559638e-06 -1.622086e-07 0.00017835717)
(-2.4745812e-06 -2.2298804e-07 0.00017218744)
(-5.7265643e-08 9.8067253e-09 0.00011179232)
(2.9455189e-07 1.3571505e-07 7.1416881e-05)
(3.1890761e-07 1.100844e-07 6.9621436e-05)
(-1.1534396e-06 -3.0280529e-07 0.00016821783)
(-5.7929158e-07 -1.9662151e-07 0.00015401246)
(-5.9234701e-07 -1.3897408e-07 0.00015013011)
(-1.7330307e-06 -6.6235562e-07 0.00018293909)
(-1.7975438e-06 -4.936895e-07 0.00017832302)
(-2.3882059e-06 -6.7243416e-07 0.00017215572)
(-7.74581e-08 -1.2467984e-08 0.0001117685)
(2.4556252e-07 1.740204e-07 7.1405363e-05)
(2.6856169e-07 1.5757727e-07 6.9608754e-05)
(-1.0797401e-06 -5.2684425e-07 0.00016817365)
(-5.3256182e-07 -3.2352784e-07 0.00015397969)
(-5.6654932e-07 -2.5951601e-07 0.0001500938)
(-1.5608214e-06 -1.0013545e-06 0.00018289475)
(-1.667277e-06 -8.3621099e-07 0.00017827369)
(-2.2060839e-06 -1.1234982e-06 0.00017210971)
(-7.558743e-08 -5.0600121e-08 0.00011175135)
(2.2338134e-07 1.8835694e-07 6.9599575e-05)
(2.0712015e-07 2.0447373e-07 7.1400647e-05)
(-9.4332931e-07 -7.5378386e-07 0.00016814219)
(-4.975995e-07 -3.9132692e-07 0.00015006793)
(-4.4108794e-07 -4.4668623e-07 0.00015396628)
(-1.453048e-06 -1.1705106e-06 0.0001782386)
(-1.3078029e-06 -1.3143366e-06 0.00018287654)
(-1.9220009e-06 -1.5543504e-06 0.00017207699)
(-7.5919911e-08 5.187763e-08 0.00010610042)
(2.4535818e-07 -1.7339192e-07 6.7803712e-05)
(2.2300287e-07 -1.8770656e-07 6.5999476e-05)
(-9.4300026e-07 7.5526993e-07 0.00015962055)
(-5.3290118e-07 3.2539445e-07 0.00014618214)
(-4.9790917e-07 3.9228192e-07 0.00014227553)
(-1.5605348e-06 1.0039436e-06 0.00017361728)
(-1.4532153e-06 1.1717569e-06 0.00016896921)
(-1.9205547e-06 1.5552692e-06 0.00016334499)
(-7.8851048e-08 1.4477734e-08 0.00010611542)
(2.9194091e-07 -1.3424276e-07 6.7813827e-05)
(2.67106e-07 -1.5663793e-07 6.6007985e-05)
(-1.0797851e-06 5.2942262e-07 0.00015964896)
(-5.8083467e-07 1.9895698e-07 0.00014621165)
(-5.6742195e-07 2.6061905e-07 0.0001422997)
(-1.7327689e-06 6.6532215e-07 0.00017365751)
(-1.6675083e-06 8.375739e-07 0.00016900186)
(-2.2042098e-06 1.1256829e-06 0.00016337459)
(-6.0322318e-08 -7.8195057e-09 0.00010613634)
(3.3287701e-07 -7.5148135e-08 6.7823655e-05)
(3.160764e-07 -1.0910633e-07 6.6019736e-05)
(-1.154622e-06 3.05348e-07 0.00015968896)
(-5.9585243e-07 9.0643354e-08 0.00014624076)
(-5.9391866e-07 1.3993184e-07 0.00014233367)
(-1.8269373e-06 3.2828086e-07 0.00017369743)
(-1.7978932e-06 4.9478519e-07 0.00016904792)
(-2.386599e-06 6.7469886e-07 0.00016341642)
(-4.2297327e-08 -6.2184476e-09 0.00010615042)
(3.4917376e-07 8.3790171e-11 6.7827621e-05)
(3.4855755e-07 -3.9619333e-08 6.6027699e-05)
(-1.1840987e-06 9.8789048e-08 0.00015971666)
(-5.978154e-07 6.7279081e-11 0.00014625264)
(-5.9804134e-07 4.2889242e-08 0.00014235711)
(-1.8560705e-06 6.5935135e-11 0.00017371385)
(-1.8563219e-06 1.627006e-07 0.00016907995)
(-2.4733038e-06 2.2404176e-07 0.00016344552)
(-4.2307533e-08 6.3657046e-09 0.00010615044)
(3.3285883e-07 7.5303825e-08 6.7823663e-05)
(3.4855421e-07 3.9713861e-08 6.6027701e-05)
(-1.1841024e-06 -9.8660036e-08 0.00015971671)
(-5.958634e-07 -9.0526449e-08 0.0001462408)
(-5.9803987e-07 -4.2851104e-08 0.00014235713)
(-1.8269317e-06 -3.2815698e-07 0.00017369761)
(-1.85631e-06 -1.6267597e-07 0.00016908005)
(-2.4733042e-06 -2.2393796e-07 0.00016344566)
(-6.0344984e-08 7.9285457e-09 0.0001061364)
(2.9192105e-07 1.3435022e-07 6.7813865e-05)
(3.1607342e-07 1.0917387e-07 6.6019755e-05)
(-1.1546245e-06 -3.052523e-07 0.00015968912)
(-5.8083331e-07 -1.9890454e-07 0.00014621175)
(-5.9390372e-07 -1.3993151e-07 0.00014233374)
(-1.7327467e-06 -6.6523594e-07 0.00017365782)
(-1.7978523e-06 -4.9477815e-07 0.00016904818)
(-2.3865971e-06 -6.7460642e-07 0.00016341677)
(-7.8856864e-08 -1.4435278e-08 0.00010611553)
(2.4535866e-07 1.7344244e-07 6.7803808e-05)
(2.6712288e-07 1.5665857e-07 6.6008047e-05)
(-1.0797637e-06 -5.2938753e-07 0.0001596492)
(-5.3285384e-07 -3.2541992e-07 0.00014618232)
(-5.6736393e-07 -2.6068483e-07 0.00014229983)
(-1.5604823e-06 -1.0039028e-06 0.00017361762)
(-1.6674274e-06 -8.3760028e-07 0.0001690022)
(-2.2042012e-06 -1.125615e-06 0.00016337501)
(-7.5874218e-08 -5.1910855e-08 0.0001061006)
(2.2306463e-07 1.8767474e-07 6.5999605e-05)
(2.0785152e-07 2.0455562e-07 6.7799693e-05)
(-9.4292345e-07 -7.5530423e-07 0.00015962082)
(-4.9776924e-07 -3.9241974e-07 0.00014227574)
(-4.4114066e-07 -4.4782742e-07 0.00014617029)
(-1.4530764e-06 -1.1718217e-06 0.00016896953)
(-1.3080862e-06 -1.3158007e-06 0.00017360112)
(-1.9205292e-06 -1.5552327e-06 0.00016334533)
(-7.6513703e-08 5.2462768e-08 0.00010045113)
(2.4371515e-07 -1.725023e-07 6.4202322e-05)
(2.2298585e-07 -1.8781879e-07 6.2395808e-05)
(-9.4341089e-07 7.5574999e-07 0.00015110706)
(-5.3368399e-07 3.2562752e-07 0.00013839089)
(-4.9753452e-07 3.9186368e-07 0.00013447888)
(-1.5611422e-06 1.0039566e-06 0.00016435186)
(-1.452973e-06 1.1714024e-06 0.00015969688)
(-1.9207558e-06 1.5555903e-06 0.00015462493)
(-7.982647e-08 1.4474179e-08 0.00010046598)
(2.9022298e-07 -1.3395939e-07 6.4212487e-05)
(2.6700516e-07 -1.5736782e-07 6.240407e-05)
(-1.0805836e-06 5.2913543e-07 0.00015113431)
(-5.8173633e-07 1.986209e-07 0.00013841942)
(-5.6738656e-07 2.5937373e-07 0.00013450216)
(-1.7335754e-06 6.6475572e-07 0.00016439022)
(-1.6678555e-06 8.3629332e-07 0.00015972825)
(-2.2047485e-06 1.1252814e-06 0.00015465312)
(-6.1274735e-08 -8.115478e-09 0.00010048677)
(3.3143999e-07 -7.5170909e-08 6.4222394e-05)
(3.1635598e-07 -1.0998781e-07 6.241545e-05)
(-1.155281e-06 3.0472797e-07 0.00015117272)
(-5.964944e-07 9.0226053e-08 0.00013844762)
(-5.9363305e-07 1.3858103e-07 0.00013453484)
(-1.8275737e-06 3.2770627e-07 0.00016442828)
(-1.7982491e-06 4.9335758e-07 0.00015977249)
(-2.3869826e-06 6.7400604e-07 0.00015469299)
(-4.3023087e-08 -6.4276663e-09 0.00010050087)
(3.4793821e-07 1.3348685e-11 6.4226395e-05)
(3.4924211e-07 -4.0038417e-08 6.2423092e-05)
(-1.1844168e-06 9.8427325e-08 0.00015119934)
(-5.9826415e-07 -2.461373e-11 0.00013845914)
(-5.9742419e-07 4.2274872e-08 0.00013455735)
(-1.856559e-06 -3.8625505e-11 0.00016444393)
(-1.8565336e-06 1.6203368e-07 0.00015980323)
(-2.4733499e-06 2.236598e-07 0.0001547207)
(-4.3017563e-08 6.4139683e-09 0.00010050087)
(3.3144958e-07 7.5188834e-08 6.4222385e-05)
(3.4924896e-07 4.0035925e-08 6.2423077e-05)
(-1.1844016e-06 -9.8493477e-08 0.00015119939)
(-5.9647002e-07 -9.0289365e-08 0.00013844764)
(-5.9740859e-07 -4.238358e-08 0.00013455735)
(-1.8275286e-06 -3.2778776e-07 0.00016442843)
(-1.856503e-06 -1.6220395e-07 0.00015980329)
(-2.4733337e-06 -2.2373255e-07 0.00015472082)
(-6.1250676e-08 8.072639e-09 0.0001004868)
(2.902556e-07 1.3394293e-07 6.4212488e-05)
(3.1638219e-07 1.0996659e-07 6.2415416e-05)
(-1.1552279e-06 -3.0481786e-07 0.00015117284)
(-5.8166693e-07 -1.9873342e-07 0.00013841947)
(-5.9357749e-07 -1.3871581e-07 0.00013453484)
(-1.7334766e-06 -6.6485898e-07 0.00016439046)
(-1.7981548e-06 -4.9353065e-07 0.00015977267)
(-2.3869316e-06 -6.7408256e-07 0.0001546933)
(-7.975904e-08 -1.4566515e-08 0.00010046602)
(2.4378902e-07 1.7244705e-07 6.4202356e-05)
(2.6706611e-07 1.5731507e-07 6.2404045e-05)
(-1.0804728e-06 -5.2926684e-07 0.00015113447)
(-5.3353894e-07 -3.2579722e-07 0.00013839097)
(-5.6726777e-07 -2.5955151e-07 0.00013450216)
(-1.5609786e-06 -1.0040832e-06 0.00016435209)
(-1.6676944e-06 -8.3647026e-07 0.00015972845)
(-2.2046601e-06 -1.1253668e-06 0.00015465347)
(-7.6372708e-08 -5.2607753e-08 0.00010045121)
(2.2310138e-07 1.8773274e-07 6.2395816e-05)
(2.0680767e-07 2.0291023e-07 6.4198202e-05)
(-9.432155e-07 -7.5592513e-07 0.00015110721)
(-4.9732226e-07 -3.9208384e-07 0.00013447891)
(-4.4119058e-07 -4.4891246e-07 0.00013837931)
(-1.4527394e-06 -1.171579e-06 0.00015969702)
(-1.307872e-06 -1.3167389e-06 0.00016433635)
(-1.9206226e-06 -1.5556858e-06 0.00015462516)
(-7.4944603e-08 5.0839968e-08 9.4800252e-05)
(2.4521165e-07 -1.7427538e-07 6.0600937e-05)
(2.2301552e-07 -1.8821875e-07 5.8794678e-05)
(-9.4219753e-07 7.5434559e-07 0.00014258609)
(-5.325355e-07 3.2367403e-07 0.00013059427)
(-4.9829173e-07 3.9145512e-07 0.00012668057)
(-1.5606891e-06 1.0022484e-06 0.00015507721)
(-1.454513e-06 1.1715217e-06 0.00015041909)
(-1.9201173e-06 1.5546639e-06 0.00014589411)
(-7.8371824e-08 1.2221486e-08 9.4814391e-05)
(2.9210203e-07 -1.3589434e-07 6.0610573e-05)
(2.6760287e-07 -1.5894028e-07 5.8803357e-05)
(-1.0798433e-06 5.2676581e-07 0.00014261252)
(-5.8055186e-07 1.9628284e-07 0.00013062177)
(-5.6827049e-07 2.5679313e-07 0.00012670387)
(-1.73352e-06 6.6251831e-07 0.00015511449)
(-1.6701074e-06 8.3406994e-07 0.00015045018)
(-2.2048918e-06 1.1233519e-06 0.0001459216)
(-5.946796e-08 -1.0128897e-08 9.4834069e-05)
(3.3384236e-07 -7.6437936e-08 6.0619863e-05)
(3.1842096e-07 -1.1184273e-07 5.8815236e-05)
(-1.1543491e-06 3.0247076e-07 0.00014264967)
(-5.9496492e-07 8.8630048e-08 0.00013064884)
(-5.9311461e-07 1.3550439e-07 0.00012673649)
(-1.827528e-06 3.2611055e-07 0.00015515143)
(-1.7997121e-06 4.9051913e-07 0.00015049394)
(-2.3873055e-06 6.7206951e-07 0.00014596043)
(-4.0984322e-08 -7.2484418e-09 9.4847224e-05)
(3.5055215e-07 -1.4080826e-11 6.062357e-05)
(3.5243314e-07 -4.086756e-08 5.8823204e-05)
(-1.1832747e-06 9.7469151e-08 0.00014267534)
(-5.9657261e-07 -8.0806548e-11 0.00013065986)
(-5.9559132e-07 4.0894994e-08 0.00012675889)
(-1.8564833e-06 -1.301549e-10 0.00015516659)
(-1.8570358e-06 1.6072557e-07 0.00015052431)
(-2.473711e-06 2.2280509e-07 0.0001459874)
(-4.097096e-08 7.1528984e-09 9.4847217e-05)
(3.3386405e-07 7.6405255e-08 6.0619837e-05)
(3.5244655e-07 4.0806872e-08 5.8823192e-05)
(-1.1832455e-06 -9.7680926e-08 0.00014267536)
(-5.9492058e-07 -8.8798086e-08 0.00013064883)
(-5.9556529e-07 -4.111162e-08 0.00012675889)
(-1.82745e-06 -3.2636442e-07 0.00015515154)
(-1.8569899e-06 -1.6105449e-07 0.00015052438)
(-2.4736773e-06 -2.2305871e-07 0.0001459875)
(-5.9422415e-08 1.0014709e-08 9.4834056e-05)
(2.9215535e-07 1.3583976e-07 6.0610542e-05)
(3.1846573e-07 1.1176939e-07 5.8815211e-05)
(-1.1542574e-06 -3.0268929e-07 0.00014264975)
(-5.8044918e-07 -1.9647754e-07 0.00013062176)
(-5.9302954e-07 -1.3573679e-07 0.00012673649)
(-1.7333645e-06 -6.627629e-07 0.00015511466)
(-1.7995744e-06 -4.9083681e-07 0.00015049412)
(-2.3872063e-06 -6.7230738e-07 0.00014596069)
(-7.827612e-08 -1.2365124e-08 9.4814391e-05)
(2.4530997e-07 1.7419823e-07 6.0600928e-05)
(2.6769133e-07 1.5884621e-07 5.8803347e-05)
(-1.0796806e-06 -5.2699214e-07 0.00014261261)
(-5.3235527e-07 -3.2389376e-07 0.00013059429)
(-5.681086e-07 -2.5704977e-07 0.0001267039)
(-1.5604619e-06 -1.0024701e-06 0.00015507737)
(-1.6698825e-06 -8.3436569e-07 0.00015045039)
(-2.2047372e-06 -1.1235594e-06 0.00014592188)
(-7.4777198e-08 -5.1012389e-08 9.4800275e-05)
(2.2316383e-07 1.8810442e-07 5.8794705e-05)
(2.0853821e-07 2.0416518e-07 6.0596959e-05)
(-9.4195324e-07 -7.545728e-07 0.00014258617)
(-4.9802993e-07 -3.9173134e-07 0.00012668063)
(-4.3928841e-07 -4.4793628e-07 0.00013058302)
(-1.4542058e-06 -1.1717849e-06 0.00015041925)
(-1.3062739e-06 -1.3162579e-06 0.00015506205)
(-1.9199208e-06 -1.5548304e-06 0.00014589427)
(-7.760725e-08 5.1969918e-08 8.9139295e-05)
(2.4422714e-07 -1.7464975e-07 5.6994406e-05)
(2.211899e-07 -1.866569e-07 5.5184291e-05)
(-9.4537191e-07 7.5518722e-07 0.00013405071)
(-5.3543187e-07 3.2246144e-07 0.0001227852)
(-5.0038727e-07 3.9278838e-07 0.00011886636)
(-1.5649944e-06 1.0017372e-06 0.00014578734)
(-1.4566571e-06 1.172606e-06 0.00014112565)
(-1.9234323e-06 1.5556081e-06 0.00013714841)
(-8.0128773e-08 1.0371526e-08 8.9154371e-05)
(2.9278733e-07 -1.3762786e-07 5.7004851e-05)
(2.6662978e-07 -1.5865344e-07 5.5192497e-05)
(-1.0833696e-06 5.2415197e-07 0.0001340775)
(-5.8219334e-07 1.9271683e-07 0.00012281333)
(-5.7035545e-07 2.5638116e-07 0.00011888898)
(-1.737342e-06 6.5953152e-07 0.00014582472)
(-1.6729373e-06 8.3338287e-07 0.00014115585)
(-2.2094112e-06 1.1212282e-06 0.00013717598)
(-5.8155779e-08 -1.3170142e-08 8.917521e-05)
(3.3666728e-07 -7.8007729e-08 5.7014933e-05)
(3.1925618e-07 -1.1235156e-07 5.5203745e-05)
(-1.1559034e-06 2.9872249e-07 0.00013411505)
(-5.9416409e-07 8.5611059e-08 0.000122841)
(-5.9398709e-07 1.3426349e-07 0.00011892064)
(-1.8295441e-06 3.2345811e-07 0.00014586172)
(-1.8020783e-06 4.8912944e-07 0.00014119833)
(-2.3911496e-06 6.6900003e-07 0.00013721484)
(-3.70315e-08 -8.7160315e-09 8.918919e-05)
(3.5432855e-07 -4.5345512e-11 5.701898e-05)
(3.5472921e-07 -4.1201953e-08 5.5211339e-05)
(-1.1827875e-06 9.5713094e-08 0.00013414099)
(-5.9457745e-07 -1.332347e-10 0.00012285226)
(-5.9525217e-07 4.0237468e-08 0.00011894242)
(-1.8575333e-06 -1.9799757e-10 0.00014587691)
(-1.8586425e-06 1.6002227e-07 0.0001412278)
(-2.476432e-06 2.213695e-07 0.00013724182)
(-3.700992e-08 8.537261e-09 8.9189185e-05)
(3.367023e-07 7.7913811e-08 5.7014908e-05)
(3.5474645e-07 4.1107826e-08 5.5211322e-05)
(-1.1827465e-06 -9.6044827e-08 0.00013414102)
(-5.940994e-07 -8.5881577e-08 0.00012284099)
(-5.9521961e-07 -4.0516458e-08 0.00011894241)
(-1.8294399e-06 -3.2384441e-07 0.00014586183)
(-1.8585874e-06 -1.6044066e-07 0.00014122786)
(-2.4763858e-06 -2.2175036e-07 0.00013724192)
(-5.8086041e-08 1.2977953e-08 8.9175201e-05)
(2.92866e-07 1.3751811e-07 5.7004821e-05)
(3.1931183e-07 1.1224802e-07 5.5203705e-05)
(-1.1557773e-06 -2.990536e-07 0.00013411513)
(-5.8205131e-07 -1.9300569e-07 0.00012281333)
(-5.9388363e-07 -1.3455269e-07 0.00011892062)
(-1.7371358e-06 -6.5989817e-07 0.00014582489)
(-1.8019147e-06 -4.8952972e-07 0.00014119848)
(-2.3910141e-06 -6.6935717e-07 0.00013721509)
(-7.9994949e-08 -1.0585251e-08 8.9154371e-05)
(2.4436139e-07 1.7452481e-07 5.6994394e-05)
(2.6673421e-07 1.5853484e-07 5.5192459e-05)
(-1.0831517e-06 -5.2447998e-07 0.00013407759)
(-5.3519409e-07 -3.2276598e-07 0.00012278522)
(-5.7016603e-07 -2.5668668e-07 0.00011888898)
(-1.564693e-06 -1.002069e-06 0.00014578749)
(-1.6726723e-06 -8.3375101e-07 0.00014115602)
(-2.2091983e-06 -1.1215433e-06 0.00013717625)
(-7.738933e-08 -5.2202733e-08 8.9139313e-05)
(2.2135538e-07 1.8652626e-07 5.5184278e-05)
(2.0772562e-07 2.0295105e-07 5.6990056e-05)
(-9.4505297e-07 -7.5550369e-07 0.00013405078)
(-5.0009291e-07 -3.9310319e-07 0.00011886636)
(-4.4060919e-07 -4.5002784e-07 0.00012277364)
(-1.4563004e-06 -1.1729285e-06 0.00014112575)
(-1.308434e-06 -1.3193127e-06 0.00014577207)
(-1.9231564e-06 -1.5558694e-06 0.00013714856)
(-7.8838299e-08 5.3723576e-08 8.3474981e-05)
(2.4238415e-07 -1.7246753e-07 5.3384086e-05)
(2.202189e-07 -1.8537074e-07 5.1577411e-05)
(-9.4624979e-07 7.5661512e-07 0.00012551296)
(-5.3677766e-07 3.2451708e-07 0.00011497155)
(-5.0078634e-07 3.9378074e-07 0.00011106053)
(-1.5657233e-06 1.0025753e-06 0.00013649533)
(-1.4567879e-06 1.1733254e-06 0.00013184324)
(-1.9235103e-06 1.5560648e-06 0.00012840196)
(-8.1457197e-08 1.2141977e-08 8.3488866e-05)
(2.9193026e-07 -1.3619403e-07 5.3393576e-05)
(2.6585595e-07 -1.5751078e-07 5.1585241e-05)
(-1.0844528e-06 5.2551706e-07 0.00012553812)
(-5.8356817e-07 1.9450981e-07 0.00011499784)
(-5.706932e-07 2.5740539e-07 0.00011108158)
(-1.7387719e-06 6.6033666e-07 0.00013653065)
(-1.6731351e-06 8.341766e-07 0.00013187136)
(-2.2098692e-06 1.1216222e-06 0.000128428)
(-5.9595181e-08 -1.1821489e-08 8.3508177e-05)
(3.3695554e-07 -7.736294e-08 5.3402798e-05)
(3.1878131e-07 -1.1156983e-07 5.1595958e-05)
(-1.1571366e-06 2.9971542e-07 0.00012557345)
(-5.9552524e-07 8.6641562e-08 0.00011502376)
(-5.9428631e-07 1.3505033e-07 0.00011111101)
(-1.8315259e-06 3.2395319e-07 0.00013656563)
(-1.8024035e-06 4.8976486e-07 0.00013191089)
(-2.3918557e-06 6.692716e-07 0.00012846471)
(-3.8428944e-08 -8.2202078e-09 8.3521233e-05)
(3.5514625e-07 -4.7251149e-11 5.3406517e-05)
(3.5453026e-07 -4.0935732e-08 5.1603169e-05)
(-1.1839962e-06 9.6059354e-08 0.00012559788)
(-5.9589686e-07 -1.4276336e-10 0.00011503434)
(-5.9549753e-07 4.0517105e-08 0.00011113126)
(-1.8596994e-06 -2.1918336e-10 0.00013657999)
(-1.8590463e-06 1.6024593e-07 0.00013193829)
(-2.477161e-06 2.2144883e-07 0.00012849016)
(-3.8405726e-08 8.0294733e-09 8.3521233e-05)
(3.3699217e-07 7.7265462e-08 5.3402781e-05)
(3.5455079e-07 4.080805e-08 5.1603159e-05)
(-1.1839514e-06 -9.6422433e-08 0.00012559791)
(-5.9545576e-07 -8.6930107e-08 0.00011502377)
(-5.954589e-07 -4.0851482e-08 0.00011113126)
(-1.8314124e-06 -3.2438033e-07 0.00013656575)
(-1.8589838e-06 -1.6073239e-07 0.00013193836)
(-2.4771101e-06 -2.2186851e-07 0.00012849026)
(-5.9521605e-08 1.1620571e-08 8.3508182e-05)
(2.9201109e-07 1.3608308e-07 5.339356e-05)
(3.1884625e-07 1.114346e-07 5.1595939e-05)
(-1.1570007e-06 -3.0007282e-07 0.00012557354)
(-5.8341873e-07 -1.9481246e-07 0.00011499787)
(-5.9416554e-07 -1.3539243e-07 0.00011111101)
(-1.7385496e-06 -6.6073839e-07 0.00013653085)
(-1.8022186e-06 -4.9023081e-07 0.00013191105)
(-2.3917081e-06 -6.6966248e-07 0.00012846498)
(-8.1320177e-08 -1.2359506e-08 8.348889e-05)
(2.4251771e-07 1.7234634e-07 5.3384095e-05)
(2.6597389e-07 1.5736447e-07 5.1585237e-05)
(-1.0842226e-06 -5.258641e-07 0.00012553825)
(-5.3653477e-07 -3.2482841e-07 0.0001149716)
(-5.7047731e-07 -2.5775898e-07 0.0001110816)
(-1.5654042e-06 -1.0029326e-06 0.00013649552)
(-1.6728366e-06 -8.3460568e-07 0.00013187155)
(-2.2096399e-06 -1.121964e-06 0.00012842829)
(-7.8623617e-08 -5.395212e-08 8.3475033e-05)
(2.203986e-07 1.8521875e-07 5.1577443e-05)
(2.055224e-07 2.0047187e-07 5.3380183e-05)
(-9.4592346e-07 -7.5693961e-07 0.00012551308)
(-5.0046032e-07 -3.9413561e-07 0.00011106058)
(-4.4200055e-07 -4.51977e-07 0.0001149608)
(-1.4563891e-06 -1.1737009e-06 0.00013184336)
(-1.3086758e-06 -1.3201995e-06 0.00013648096)
(-1.9232204e-06 -1.5563421e-06 0.00012840215)
(-7.8502158e-08 5.3854984e-08 7.7815027e-05)
(2.4250072e-07 -1.7219649e-07 4.9775154e-05)
(2.2181819e-07 -1.8609617e-07 4.7964993e-05)
(-9.4585101e-07 7.568584e-07 0.00011698393)
(-5.3614022e-07 3.24499e-07 0.00010716453)
(-4.9884023e-07 3.9338607e-07 0.00010324671)
(-1.5652941e-06 1.0032632e-06 0.0001272137)
(-1.4550086e-06 1.1732207e-06 0.0001225541)
(-1.9234074e-06 1.5566531e-06 0.00011966664)
(-8.0727762e-08 1.2262882e-08 7.7827747e-05)
(2.9155802e-07 -1.3566192e-07 4.9783796e-05)
(2.6730501e-07 -1.5726603e-07 4.797152e-05)
(-1.0838155e-06 5.259252e-07 0.000117007)
(-5.8280138e-07 1.9456535e-07 0.00010718861)
(-5.6851634e-07 2.5849035e-07 0.00010326542)
(-1.737836e-06 6.609866e-07 0.00012724604)
(-1.6708206e-06 8.3555359e-07 0.00012257931)
(-2.209534e-06 1.1224246e-06 0.00011969048)
(-5.8437002e-08 -1.1751411e-08 7.7845336e-05)
(3.3600276e-07 -7.692478e-08 4.9792111e-05)
(3.1936764e-07 -1.1087266e-07 4.7980402e-05)
(-1.1563827e-06 3.0010399e-07 0.00011703929)
(-5.9469167e-07 8.6697534e-08 0.00010721228)
(-5.929111e-07 1.3664717e-07 0.00010329151)
(-1.8302536e-06 3.2432845e-07 0.00012727802)
(-1.8005669e-06 4.915539e-07 0.0001226147)
(-2.3915005e-06 6.6997585e-07 0.00011972401)
(-3.7031951e-08 -8.2136912e-09 7.7857148e-05)
(3.5393637e-07 -7.8810862e-11 4.9795437e-05)
(3.542892e-07 -4.0581878e-08 4.7986288e-05)
(-1.1832453e-06 9.619902e-08 0.00011706158)
(-5.9504915e-07 -1.8853369e-10 0.00010722191)
(-5.9504715e-07 4.1278583e-08 0.0001033094)
(-1.8583165e-06 -2.6596587e-10 0.00012729113)
(-1.8579394e-06 1.6108226e-07 0.00012263921)
(-2.4768936e-06 2.2171461e-07 0.00011974722)
(-3.7001052e-08 7.946479e-09 7.7857146e-05)
(3.3605053e-07 7.676474e-08 4.9792098e-05)
(3.5430889e-07 4.0444526e-08 4.7986281e-05)
(-1.1831908e-06 -9.6653958e-08 0.00011706161)
(-5.9460333e-07 -8.7077479e-08 0.00010721227)
(-5.9501453e-07 -4.1561949e-08 0.0001033094)
(-1.8301204e-06 -3.2484952e-07 0.00012727811)
(-1.8578867e-06 -1.6147628e-07 0.00012263927)
(-2.4768356e-06 -2.222003e-07 0.00011974731)
(-5.834042e-08 1.1475249e-08 7.7845335e-05)
(2.9165994e-07 1.3549171e-07 4.9783786e-05)
(3.1942994e-07 1.1072725e-07 4.7980392e-05)
(-1.1562179e-06 -3.0055337e-07 0.00011703936)
(-5.8261489e-07 -1.9495666e-07 0.00010718861)
(-5.9280724e-07 -1.3694491e-07 0.00010329152)
(-1.7375744e-06 -6.6148118e-07 0.00012724619)
(-1.8004095e-06 -4.9193782e-07 0.00012261484)
(-2.3913313e-06 -6.7043509e-07 0.00011972422)
(-8.0553283e-08 -1.2551396e-08 7.7827758e-05)
(2.4266395e-07 1.7202067e-07 4.9775167e-05)
(2.6741839e-07 1.5710917e-07 4.7971527e-05)
(-1.0835376e-06 -5.2636183e-07 0.00011700707)
(-5.3584271e-07 -3.2489386e-07 0.00010716454)
(-5.6832586e-07 -2.5880797e-07 0.00010326544)
(-1.5649157e-06 -1.0037108e-06 0.00012721381)
(-1.6705632e-06 -8.3591541e-07 0.00012257947)
(-2.2092675e-06 -1.1228367e-06 0.0001196907)
(-7.8236893e-08 -5.4147257e-08 7.7815057e-05)
(2.2199203e-07 1.8593215e-07 4.7965035e-05)
(2.0578126e-07 2.0042307e-07 4.9771578e-05)
(-9.4545824e-07 -7.5726736e-07 0.00011698398)
(-4.985457e-07 -3.9371468e-07 0.00010324676)
(-4.4140199e-07 -4.5190773e-07 0.0001071546)
(-1.4546597e-06 -1.1735459e-06 0.0001225542)
(-1.3086149e-06 -1.320701e-06 0.00012720041)
(-1.9230624e-06 -1.5570016e-06 0.00011966673)
(-7.5119878e-08 5.2447199e-08 7.21538e-05)
(2.454723e-07 -1.7288268e-07 4.6166422e-05)
(2.2363898e-07 -1.8709514e-07 4.4361786e-05)
(-9.4238454e-07 7.5599794e-07 0.00010844979)
(-5.326145e-07 3.2530526e-07 9.9353318e-05)
(-4.9673667e-07 3.9308963e-07 9.5444739e-05)
(-1.5616052e-06 1.0039385e-06 0.00011792511)
(-1.452859e-06 1.1731091e-06 0.00011327447)
(-1.9203103e-06 1.5559776e-06 0.00011092414)
(-7.76679e-08 1.3355684e-08 7.2164696e-05)
(2.9400579e-07 -1.3514577e-07 4.6173615e-05)
(2.6831082e-07 -1.5685891e-07 4.4367496e-05)
(-1.0798237e-06 5.2789809e-07 0.00010846989)
(-5.7998052e-07 1.9733335e-07 9.9374186e-05)
(-5.6652991e-07 2.6037128e-07 9.5461057e-05)
(-1.7346036e-06 6.636237e-07 0.00011795342)
(-1.6681771e-06 8.3765587e-07 0.0001132966)
(-2.2053962e-06 1.1241954e-06 0.00011094497)
(-5.7524241e-08 -9.5873321e-09 7.2179715e-05)
(3.3731695e-07 -7.6210635e-08 4.6180485e-05)
(3.1847956e-07 -1.0978204e-07 4.4375258e-05)
(-1.153803e-06 3.0305771e-07 0.00010849802)
(-5.9370089e-07 8.9105321e-08 9.9394646e-05)
(-5.925826e-07 1.3919492e-07 9.5483813e-05)
(-1.8285979e-06 3.2665627e-07 0.0001179814)
(-1.7988686e-06 4.9424184e-07 0.00011332766)
(-2.3878835e-06 6.7252731e-07 0.00011097431)
(-3.8180713e-08 -7.1198655e-09 7.218967e-05)
(3.546592e-07 -5.7979544e-11 4.6183206e-05)
(3.5183276e-07 -4.002792e-08 4.4380423e-05)
(-1.1823224e-06 9.7642886e-08 0.00010851739)
(-5.9502409e-07 -9.3426053e-11 9.9402952e-05)
(-5.9628844e-07 4.2451085e-08 9.5499413e-05)
(-1.8575259e-06 -1.283758e-10 0.00011799287)
(-1.8573412e-06 1.6230953e-07 0.00011334918)
(-2.4742669e-06 2.229761e-07 0.00011099461)
(-3.8163414e-08 6.9691737e-09 7.2189665e-05)
(3.3735042e-07 7.6091724e-08 4.6180468e-05)
(3.5184951e-07 3.990013e-08 4.438041e-05)
(-1.1822934e-06 -9.7863326e-08 0.00010851741)
(-5.9365388e-07 -8.9300632e-08 9.9394637e-05)
(-5.9626368e-07 -4.2667771e-08 9.5499406e-05)
(-1.8285213e-06 -3.269108e-07 0.00011798148)
(-1.8572998e-06 -1.6260023e-07 0.00011334923)
(-2.4742406e-06 -2.2315743e-07 0.00011099469)
(-5.7466812e-08 9.4202818e-09 7.2179707e-05)
(2.94079e-07 1.350151e-07 4.6173597e-05)
(3.1853321e-07 1.0964504e-07 4.4375227e-05)
(-1.1537116e-06 -3.0328956e-07 0.00010849808)
(-5.7987381e-07 -1.975545e-07 9.9374177e-05)
(-5.9250145e-07 -1.3943126e-07 9.54838e-05)
(-1.7344502e-06 -6.6387492e-07 0.00011795354)
(-1.7987434e-06 -4.9453056e-07 0.00011332778)
(-2.3878048e-06 -6.7270496e-07 0.00011097449)
(-7.75553e-08 -1.3546143e-08 7.2164696e-05)
(2.4559406e-07 1.7274099e-07 4.6166423e-05)
(2.684106e-07 1.5670804e-07 4.4367469e-05)
(-1.0796603e-06 -5.2814288e-07 0.00010846995)
(-5.3243026e-07 -3.2555159e-07 9.9353319e-05)
(-5.6637421e-07 -2.6063605e-07 9.5461053e-05)
(-1.5613788e-06 -1.0041755e-06 0.0001179252)
(-1.6679688e-06 -8.3793611e-07 0.00011329673)
(-2.20527e-06 -1.124361e-06 0.00011094516)
(-7.4935138e-08 -5.2656779e-08 7.2153814e-05)
(2.2379627e-07 1.8693245e-07 4.4361783e-05)
(2.0802318e-07 2.0260866e-07 4.6163422e-05)
(-9.4214027e-07 -7.5624722e-07 0.00010844982)
(-4.9648522e-07 -3.9337747e-07 9.5444753e-05)
(-4.3946704e-07 -4.498236e-07 9.9344666e-05)
(-1.4525703e-06 -1.1733708e-06 0.00011327455)
(-1.3066781e-06 -1.318425e-06 0.00011791343)
(-1.9201459e-06 -1.5561221e-06 0.00011092422)
(-7.4667202e-08 5.2610968e-08 6.6497369e-05)
(2.4543061e-07 -1.7263885e-07 4.2561441e-05)
(2.2329852e-07 -1.8680184e-07 4.0756549e-05)
(-9.4140985e-07 7.5629167e-07 9.9921803e-05)
(-5.3193385e-07 3.2622347e-07 9.1548783e-05)
(-4.9697141e-07 3.9353319e-07 8.7643668e-05)
(-1.5604136e-06 1.0053359e-06 0.00010864269)
(-1.4528065e-06 1.1734927e-06 0.000103999)
(-1.9188271e-06 1.5560533e-06 0.00010218631)
(-7.8146016e-08 1.4723298e-08 6.6506668e-05)
(2.9176199e-07 -1.3396414e-07 4.2567617e-05)
(2.6704545e-07 -1.5611108e-07 4.0761771e-05)
(-1.0789747e-06 5.2978431e-07 9.9939519e-05)
(-5.8037929e-07 1.9920276e-07 9.1567085e-05)
(-5.6713497e-07 2.6134631e-07 8.7658619e-05)
(-1.7334081e-06 6.6591467e-07 0.00010866773)
(-1.6679531e-06 8.3863272e-07 0.00010401922)
(-2.2032699e-06 1.1258903e-06 0.00010220477)
(-5.9829429e-08 -7.90346e-09 6.6519524e-05)
(3.3268485e-07 -7.5163427e-08 4.2573559e-05)
(3.158817e-07 -1.0890884e-07 4.0768872e-05)
(-1.1541334e-06 3.0526108e-07 9.9964308e-05)
(-5.9555662e-07 9.0559963e-08 9.1585072e-05)
(-5.9394409e-07 1.4021153e-07 8.7679461e-05)
(-1.8279109e-06 3.2834046e-07 0.00010869249)
(-1.7988031e-06 4.9524133e-07 0.00010404754)
(-2.3860241e-06 6.7454074e-07 0.00010223072)
(-4.1837335e-08 -6.3955498e-09 6.652813e-05)
(3.4902392e-07 -6.968598e-11 4.2575937e-05)
(3.483517e-07 -3.9641073e-08 4.077363e-05)
(-1.1836717e-06 9.8572721e-08 9.9981436e-05)
(-5.9752042e-07 -1.226019e-10 9.1592397e-05)
(-5.981643e-07 4.2870032e-08 8.7693791e-05)
(-1.8571052e-06 -1.6334269e-10 0.00010870266)
(-1.857411e-06 1.6270937e-07 0.00010406718)
(-2.4728317e-06 2.2382852e-07 0.00010224873)
(-4.1815946e-08 6.2034014e-09 6.6528123e-05)
(3.3272112e-07 7.5020903e-08 4.2573534e-05)
(3.4836637e-07 3.9531455e-08 4.0773608e-05)
(-1.1836365e-06 -9.8858389e-08 9.9981457e-05)
(-5.9549877e-07 -9.0812492e-08 9.1585067e-05)
(-5.9813835e-07 -4.3096267e-08 8.7693776e-05)
(-1.8278214e-06 -3.2866344e-07 0.00010869257)
(-1.8573661e-06 -1.6303502e-07 0.00010406722)
(-2.4728007e-06 -2.2406229e-07 0.00010224881)
(-5.9760142e-08 7.6970563e-09 6.6519511e-05)
(2.9184117e-07 1.3380948e-07 4.2567582e-05)
(3.1592917e-07 1.0878935e-07 4.0768816e-05)
(-1.154024e-06 -3.0555468e-07 9.9964366e-05)
(-5.8025092e-07 -1.9947848e-07 9.1567084e-05)
(-5.9386041e-07 -1.4045396e-07 8.7679424e-05)
(-1.7332286e-06 -6.6623118e-07 0.00010866786)
(-1.7986687e-06 -4.9555975e-07 0.00010404763)
(-2.3859317e-06 -6.7476814e-07 0.00010223091)
(-7.8013838e-08 -1.4951052e-08 6.6506661e-05)
(2.4556251e-07 1.7247209e-07 4.2561416e-05)
(2.6713527e-07 1.5597583e-07 4.0761701e-05)
(-1.0787814e-06 -5.3008758e-07 9.9939596e-05)
(-5.3171578e-07 -3.2652253e-07 9.15488e-05)
(-5.6697625e-07 -2.616148e-07 8.7658571e-05)
(-1.5601462e-06 -1.0056362e-06 0.00010864282)
(-1.6677312e-06 -8.3893748e-07 0.00010401931)
(-2.2031199e-06 -1.1261044e-06 0.00010220499)
(-7.445416e-08 -5.285645e-08 6.6497379e-05)
(2.2344182e-07 1.8665288e-07 4.0756481e-05)
(2.0865538e-07 2.0316856e-07 4.2558818e-05)
(-9.4112123e-07 -7.5659771e-07 9.9921874e-05)
(-4.9671677e-07 -3.9382344e-07 8.7643618e-05)
(-4.3901215e-07 -4.4946391e-07 9.154119e-05)
(-1.4525007e-06 -1.1737745e-06 0.00010399904)
(-1.3064601e-06 -1.3182725e-06 0.00010863239)
(-1.9186247e-06 -1.5562477e-06 0.00010218645)
(-7.5923762e-08 5.3365762e-08 6.0844385e-05)
(2.4387074e-07 -1.7183346e-07 3.8957483e-05)
(2.2285088e-07 -1.868479e-07 3.7152343e-05)
(-9.4254834e-07 7.568064e-07 9.1404058e-05)
(-5.3343542e-07 3.2676153e-07 8.3752371e-05)
(-4.973707e-07 3.9309545e-07 7.9846658e-05)
(-1.561307e-06 1.0053419e-06 9.9374155e-05)
(-1.4532249e-06 1.1729133e-06 9.4729828e-05)
(-1.9194446e-06 1.5561187e-06 9.3462183e-05)
(-7.9643385e-08 1.5120418e-08 6.0853482e-05)
(2.9014208e-07 -1.3352331e-07 3.8963631e-05)
(2.6658499e-07 -1.5654706e-07 3.7157337e-05)
(-1.0802733e-06 5.298777e-07 9.1420777e-05)
(-5.8193675e-07 1.9936248e-07 8.3769777e-05)
(-5.6764905e-07 2.6041912e-07 7.9860784e-05)
(-1.7342974e-06 6.6565345e-07 9.9397565e-05)
(-1.6686166e-06 8.3754716e-07 9.4748841e-05)
(-2.2039295e-06 1.1256368e-06 9.347947e-05)
(-6.1337652e-08 -7.7544884e-09 6.0866074e-05)
(3.3123139e-07 -7.497824e-08 3.8969552e-05)
(3.1568249e-07 -1.0942402e-07 3.7164082e-05)
(-1.1552993e-06 3.0512618e-07 9.1444128e-05)
(-5.9694014e-07 9.0554252e-08 8.3786878e-05)
(-5.9422751e-07 1.3929107e-07 7.9880398e-05)
(-1.8285997e-06 3.2809026e-07 9.9420687e-05)
(-1.799375e-06 4.9418631e-07 9.4775401e-05)
(-2.386453e-06 6.7417326e-07 9.3503714e-05)
(-4.3190385e-08 -6.3529389e-09 6.087455e-05)
(3.4769383e-07 -3.8438694e-11 3.8971917e-05)
(3.4840981e-07 -3.9850216e-08 3.7168537e-05)
(-1.1845746e-06 9.8488655e-08 9.1460257e-05)
(-5.9877897e-07 -1.0104422e-10 8.3793841e-05)
(-5.9820581e-07 4.2502104e-08 7.9893836e-05)
(-1.8576659e-06 -1.6135141e-10 9.9430172e-05)
(-1.8578451e-06 1.6227543e-07 9.479379e-05)
(-2.4729431e-06 2.2365363e-07 9.3520513e-05)
(-4.3173155e-08 6.2115891e-09 6.0874536e-05)
(3.3125634e-07 7.4896269e-08 3.8969514e-05)
(3.4841928e-07 3.9798164e-08 3.7168515e-05)
(-1.1845409e-06 -9.87531e-08 9.1460267e-05)
(-5.9688978e-07 -9.0763522e-08 8.3786853e-05)
(-5.9818307e-07 -4.269297e-08 7.9893818e-05)
(-1.8285107e-06 -3.2840776e-07 9.9420746e-05)
(-1.8577993e-06 -1.6260744e-07 9.4793819e-05)
(-2.4729114e-06 -2.2389521e-07 9.3520575e-05)
(-6.1281824e-08 7.6000683e-09 6.0866035e-05)
(2.9019944e-07 1.3342506e-07 3.8963567e-05)
(3.1571488e-07 1.0935908e-07 3.7164022e-05)
(-1.1551962e-06 -3.0539338e-07 9.144415e-05)
(-5.8182414e-07 -1.9959454e-07 8.3769732e-05)
(-5.9415348e-07 -1.3949921e-07 7.988035e-05)
(-1.7341209e-06 -6.6595992e-07 9.9397645e-05)
(-1.7992386e-06 -4.9450942e-07 9.4775469e-05)
(-2.3863603e-06 -6.7440141e-07 9.3503863e-05)
(-7.9535298e-08 -1.5297077e-08 6.0853427e-05)
(2.4397005e-07 1.7171885e-07 3.895741e-05)
(2.6665149e-07 1.5646059e-07 3.7157257e-05)
(-1.0800935e-06 -5.3015027e-07 9.1420789e-05)
(-5.3324311e-07 -3.2701703e-07 8.3752315e-05)
(-5.675049e-07 -2.606573e-07 7.9860716e-05)
(-1.5610483e-06 -1.0056263e-06 9.9374202e-05)
(-1.6683914e-06 -8.378555e-07 9.47489e-05)
(-2.2037825e-06 -1.1258446e-06 9.3479618e-05)
(-7.5747594e-08 -5.3561497e-08 6.0844321e-05)
(2.2296438e-07 1.8674048e-07 3.715226e-05)
(2.0733273e-07 2.0202071e-07 3.8954787e-05)
(-9.4228376e-07 -7.5707766e-07 9.1404037e-05)
(-4.9713313e-07 -3.9336131e-07 7.9846581e-05)
(-4.4023129e-07 -4.5040956e-07 8.3744995e-05)
(-1.4529135e-06 -1.173198e-06 9.4729828e-05)
(-1.3071161e-06 -1.3186242e-06 9.9364348e-05)
(-1.9192519e-06 -1.5562998e-06 9.3462239e-05)
(-7.4972026e-08 5.1690276e-08 5.5187675e-05)
(2.4450611e-07 -1.7314807e-07 3.5350142e-05)
(2.2277519e-07 -1.8749584e-07 3.3540206e-05)
(-9.4234363e-07 7.5537275e-07 8.2880955e-05)
(-5.328646e-07 3.2481593e-07 7.5950552e-05)
(-4.9833384e-07 3.9217815e-07 7.2037125e-05)
(-1.561513e-06 1.0036249e-06 9.0100522e-05)
(-1.4548693e-06 1.1722695e-06 8.5448081e-05)
(-1.9199155e-06 1.5551861e-06 8.4733252e-05)
(-7.8598461e-08 1.3092928e-08 5.5196194e-05)
(2.9109449e-07 -1.3493786e-07 3.5355872e-05)
(2.6726269e-07 -1.5814045e-07 3.3545396e-05)
(-1.0802578e-06 5.278325e-07 8.2896821e-05)
(-5.8118761e-07 1.9730603e-07 7.596696e-05)
(-5.6845382e-07 2.5781629e-07 7.2050935e-05)
(-1.7346573e-06 6.6371342e-07 9.0122728e-05)
(-1.6706647e-06 8.3510436e-07 8.5466415e-05)
(-2.2048803e-06 1.1240352e-06 8.4749739e-05)
(-5.9925525e-08 -9.4465194e-09 5.5207863e-05)
(3.3254682e-07 -7.5879022e-08 3.5361299e-05)
(3.1787004e-07 -1.1116806e-07 3.3552349e-05)
(-1.1550606e-06 3.0331171e-07 8.2918873e-05)
(-5.9587832e-07 8.9245056e-08 7.5982989e-05)
(-5.9365781e-07 1.3646265e-07 7.2070014e-05)
(-1.8289155e-06 3.2680739e-07 9.0144599e-05)
(-1.8006464e-06 4.9146745e-07 8.549194e-05)
(-2.387505e-06 6.726725e-07 8.4772787e-05)
(-4.1595834e-08 -6.9909267e-09 5.5215583e-05)
(3.4913622e-07 -1.119494e-11 3.536343e-05)
(3.5170081e-07 -4.0579212e-08 3.3556938e-05)
(-1.1841861e-06 9.7776705e-08 8.2934026e-05)
(-5.9759848e-07 -8.5875888e-11 7.598948e-05)
(-5.9645058e-07 4.1308565e-08 7.208305e-05)
(-1.8579627e-06 -1.6837431e-10 9.0153548e-05)
(-1.8582828e-06 1.6110469e-07 8.5509583e-05)
(-2.4740542e-06 2.2304101e-07 8.4788723e-05)
(-4.1582872e-08 6.8922183e-09 5.5215561e-05)
(3.3256262e-07 7.5849668e-08 3.5361253e-05)
(3.517048e-07 4.059194e-08 3.3556914e-05)
(-1.1841533e-06 -9.8032557e-08 8.2934024e-05)
(-5.9583356e-07 -8.942641e-08 7.5982945e-05)
(-5.9643169e-07 -4.1455934e-08 7.2083027e-05)
(-1.8288232e-06 -3.2713997e-07 9.0144632e-05)
(-1.8582348e-06 -1.6145711e-07 8.5509604e-05)
(-2.4740195e-06 -2.2331117e-07 8.4788769e-05)
(-5.9881365e-08 9.3293343e-09 5.5207803e-05)
(2.9113548e-07 1.3488607e-07 3.5355792e-05)
(3.1788643e-07 1.1116508e-07 3.3552284e-05)
(-1.1549588e-06 -3.0357485e-07 8.2918863e-05)
(-5.8108309e-07 -1.9751774e-07 7.5966881e-05)
(-5.9359465e-07 -1.3663034e-07 7.2069953e-05)
(-1.7344718e-06 -6.6403878e-07 9.0122766e-05)
(-1.8005029e-06 -4.9180915e-07 8.5491987e-05)
(-2.3874026e-06 -6.7293135e-07 8.4772898e-05)
(-7.8505297e-08 -1.3241678e-08 5.5196108e-05)
(2.4458559e-07 1.7307063e-07 3.5350045e-05)
(2.6730435e-07 1.5811073e-07 3.3545306e-05)
(-1.0800755e-06 -5.2810813e-07 8.2896789e-05)
(-5.3267715e-07 -3.250615e-07 7.595045e-05)
(-5.6832588e-07 -2.580164e-07 7.2050843e-05)
(-1.5612355e-06 -1.0039328e-06 9.010052e-05)
(-1.6704294e-06 -8.3542473e-07 8.5466442e-05)
(-2.2047143e-06 -1.1242761e-06 8.474984e-05)
(-7.480772e-08 -5.1870737e-08 5.5187572e-05)
(2.2285888e-07 1.8743615e-07 3.3540104e-05)
(2.0804021e-07 2.0297059e-07 3.5347557e-05)
(-9.4206622e-07 -7.5565622e-07 8.2880883e-05)
(-4.9811593e-07 -3.9240948e-07 7.203701e-05)
(-4.393233e-07 -4.4907904e-07 7.5943475e-05)
(-1.454547e-06 -1.1725576e-06 8.5448039e-05)
(-1.3066704e-06 -1.3177176e-06 9.0091099e-05)
(-1.9196898e-06 -1.5554029e-06 8.4733263e-05)
(-7.7181844e-08 5.2003543e-08 4.9523479e-05)
(2.4437936e-07 -1.7420875e-07 3.1738667e-05)
(2.2127498e-07 -1.8674076e-07 2.9928635e-05)
(-9.4515188e-07 7.5524768e-07 7.4347165e-05)
(-5.3531205e-07 3.2310975e-07 6.8139305e-05)
(-5.0037426e-07 3.9239746e-07 6.4222702e-05)
(-1.5650811e-06 1.0021744e-06 8.0815429e-05)
(-1.457104e-06 1.1722409e-06 7.6157733e-05)
(-1.9231093e-06 1.555283e-06 7.599336e-05)
(-7.9755745e-08 1.0958231e-08 4.9532297e-05)
(2.9292828e-07 -1.3704382e-07 3.1744754e-05)
(2.6676595e-07 -1.5854822e-07 2.9933262e-05)
(-1.0831221e-06 5.2483996e-07 7.4362693e-05)
(-5.8226805e-07 1.9374167e-07 6.8155532e-05)
(-5.702354e-07 2.5635594e-07 6.4235402e-05)
(-1.7376927e-06 6.6036607e-07 8.0836885e-05)
(-1.6733206e-06 8.333666e-07 7.6174622e-05)
(-2.2090006e-06 1.1215296e-06 7.6009305e-05)
(-5.8210316e-08 -1.2402486e-08 4.9544293e-05)
(3.3668551e-07 -7.7560656e-08 3.1750548e-05)
(3.1932399e-07 -1.1214504e-07 2.9939467e-05)
(-1.1560058e-06 2.9958935e-07 7.4384196e-05)
(-5.9465477e-07 8.6412409e-08 6.8171372e-05)
(-5.9394564e-07 1.3446796e-07 6.4252931e-05)
(-1.8303462e-06 3.2412038e-07 8.0857993e-05)
(-1.8025502e-06 4.8931052e-07 7.6198098e-05)
(-2.3909348e-06 6.6954477e-07 7.6031517e-05)
(-3.7498852e-08 -8.3246366e-09 4.9552291e-05)
(3.5426788e-07 2.5504843e-11 3.1752851e-05)
(3.5470395e-07 -4.1052281e-08 2.9943609e-05)
(-1.1832643e-06 9.612894e-08 7.4398989e-05)
(-5.9528738e-07 -5.8813704e-11 6.8177795e-05)
(-5.9534995e-07 4.0407702e-08 6.4264939e-05)
(-1.8585598e-06 -1.8315455e-10 8.0866632e-05)
(-1.859252e-06 1.6014025e-07 7.6214329e-05)
(-2.4764677e-06 2.2164682e-07 7.6046887e-05)
(-3.7492005e-08 8.2919462e-09 4.9552271e-05)
(3.3668896e-07 7.7605487e-08 3.1750506e-05)
(3.5470334e-07 4.1122428e-08 2.9943589e-05)
(-1.1832322e-06 -9.6369041e-08 7.4398989e-05)
(-5.9461919e-07 -8.6537572e-08 6.8171333e-05)
(-5.9533403e-07 -4.0516584e-08 6.4264921e-05)
(-1.8302479e-06 -3.244768e-07 8.0858028e-05)
(-1.8592013e-06 -1.6051397e-07 7.621435e-05)
(-2.4764275e-06 -2.2197016e-07 7.6046933e-05)
(-5.8184084e-08 1.2350161e-08 4.954424e-05)
(2.9294397e-07 1.3706622e-07 3.1744682e-05)
(3.1932708e-07 1.1219648e-07 2.9939414e-05)
(-1.1559066e-06 -2.9983345e-07 7.4384192e-05)
(-5.821836e-07 -1.9389268e-07 6.8155462e-05)
(-5.9389082e-07 -1.3460023e-07 6.4252881e-05)
(-1.7375001e-06 -6.60701e-07 8.0836926e-05)
(-1.8023982e-06 -4.8967193e-07 7.6198147e-05)
(-2.390817e-06 -6.6984931e-07 7.6031627e-05)
(-7.9692437e-08 -1.1041524e-08 4.9532219e-05)
(2.4442118e-07 1.7420282e-07 3.1738578e-05)
(2.667875e-07 1.5856737e-07 2.9933191e-05)
(-1.0829485e-06 -5.2508533e-07 7.4362667e-05)
(-5.3515933e-07 -3.2328719e-07 6.813921e-05)
(-5.7011952e-07 -2.5652364e-07 6.4235331e-05)
(-1.5648049e-06 -1.0024693e-06 8.0815428e-05)
(-1.6730728e-06 -8.3370115e-07 7.6174657e-05)
(-2.2088167e-06 -1.1217964e-06 7.6009404e-05)
(-7.7059345e-08 -5.2119984e-08 4.9523383e-05)
(2.2133567e-07 1.8672088e-07 2.9928561e-05)
(2.0761048e-07 2.028703e-07 3.1735918e-05)
(-9.4489637e-07 -7.5548687e-07 7.4347094e-05)
(-5.0017055e-07 -3.9260063e-07 6.4222618e-05)
(-4.4079359e-07 -4.4999042e-07 6.8132267e-05)
(-1.4567676e-06 -1.1725355e-06 7.615771e-05)
(-1.3086455e-06 -1.319135e-06 8.0806269e-05)
(-1.9228755e-06 -1.5554995e-06 7.5993366e-05)
(-7.869673e-08 5.2838691e-08 4.3852514e-05)
(2.4246278e-07 -1.7287367e-07 2.8123287e-05)
(2.2049693e-07 -1.8625679e-07 2.631475e-05)
(-9.4663173e-07 7.5558216e-07 6.5801156e-05)
(-5.3674658e-07 3.2346467e-07 6.0316843e-05)
(-5.008731e-07 3.9226587e-07 5.6405768e-05)
(-1.5664491e-06 1.0017652e-06 7.1515389e-05)
(-1.4572569e-06 1.1716269e-06 6.6865145e-05)
(-1.9244441e-06 1.5552519e-06 6.7239236e-05)
(-8.1055558e-08 1.1361495e-08 4.385999e-05)
(2.9200518e-07 -1.3643878e-07 2.8128308e-05)
(2.6633524e-07 -1.5827007e-07 2.6318773e-05)
(-1.0846393e-06 5.2461928e-07 6.5814727e-05)
(-5.8331173e-07 1.9369186e-07 6.0330918e-05)
(-5.7050161e-07 2.5608139e-07 5.6416674e-05)
(-1.7392574e-06 6.596866e-07 7.1534298e-05)
(-1.6733795e-06 8.3268879e-07 6.6879712e-05)
(-2.2107159e-06 1.1209389e-06 6.7253276e-05)
(-5.8904456e-08 -1.2337564e-08 4.3870227e-05)
(3.3698596e-07 -7.7425235e-08 2.8133121e-05)
(3.1945605e-07 -1.1205618e-07 2.6324136e-05)
(-1.1570991e-06 2.9912672e-07 6.5833541e-05)
(-5.9507859e-07 8.6235336e-08 6.0344684e-05)
(-5.9379688e-07 1.3417281e-07 5.6431698e-05)
(-1.8317926e-06 3.2360177e-07 7.1552898e-05)
(-1.8023767e-06 4.8875363e-07 6.6899926e-05)
(-2.3925804e-06 6.6883132e-07 6.7272839e-05)
(-3.7571458e-08 -8.3424647e-09 4.38771e-05)
(3.5513894e-07 4.5628176e-11 2.8135043e-05)
(3.5531218e-07 -4.1033485e-08 2.6327675e-05)
(-1.1838329e-06 9.5894934e-08 6.5846496e-05)
(-5.9539105e-07 -4.8301854e-11 6.0350276e-05)
(-5.9483433e-07 4.0285662e-08 5.6441972e-05)
(-1.8598864e-06 -1.9073915e-10 7.1560509e-05)
(-1.8588465e-06 1.5992051e-07 6.6913882e-05)
(-2.4778193e-06 2.213189e-07 6.7286344e-05)
(-3.7567235e-08 8.3399799e-09 4.3877087e-05)
(3.3698375e-07 7.7508258e-08 2.8133091e-05)
(3.553089e-07 4.1137425e-08 2.6327662e-05)
(-1.1838004e-06 -9.6132427e-08 6.5846499e-05)
(-5.9504529e-07 -8.6342041e-08 6.0344656e-05)
(-5.9482003e-07 -4.0367929e-08 5.6441961e-05)
(-1.8316893e-06 -3.2397476e-07 7.1552933e-05)
(-1.8587947e-06 -1.6029561e-07 6.6913905e-05)
(-2.4777751e-06 -2.2167345e-07 6.7286387e-05)
(-5.888503e-08 1.2309762e-08 4.387019e-05)
(2.9201203e-07 1.3649209e-07 2.8128258e-05)
(3.1945177e-07 1.1213785e-07 2.6324102e-05)
(-1.1569971e-06 -2.9937299e-07 6.5833545e-05)
(-5.832286e-07 -1.9383333e-07 6.0330869e-05)
(-5.9374693e-07 -1.3428157e-07 5.643167e-05)
(-1.7390518e-06 -6.6004382e-07 7.1534341e-05)
(-1.8022212e-06 -4.8911753e-07 6.6899981e-05)
(-2.3924496e-06 -6.6916905e-07 6.7272941e-05)
(-8.0998732e-08 -1.1430725e-08 4.3859939e-05)
(2.4249664e-07 1.7288869e-07 2.8123232e-05)
(2.6634668e-07 1.5831309e-07 2.6318733e-05)
(-1.0844567e-06 -5.2487561e-07 6.5814717e-05)
(-5.3658867e-07 -3.2364469e-07 6.0316782e-05)
(-5.7039152e-07 -2.5623269e-07 5.6416637e-05)
(-1.566148e-06 -1.0020892e-06 7.1515399e-05)
(-1.6731249e-06 -8.3302943e-07 6.6879762e-05)
(-2.2105079e-06 -1.1212424e-06 6.7253369e-05)
(-7.8574193e-08 -5.2954505e-08 4.3852457e-05)
(2.2054672e-07 1.8625379e-07 2.6314716e-05)
(2.0545348e-07 2.0102746e-07 2.8121047e-05)
(-9.463547e-07 -7.5584309e-07 6.5801115e-05)
(-5.0067308e-07 -3.9246167e-07 5.6405729e-05)
(-4.421678e-07 -4.5078639e-07 6.0310756e-05)
(-1.4569084e-06 -1.1719319e-06 6.6865151e-05)
(-1.3094827e-06 -1.319331e-06 7.1507306e-05)
(-1.9241713e-06 -1.5555086e-06 6.7239251e-05)
(-7.8208991e-08 5.2160135e-08 3.8187773e-05)
(2.431709e-07 -1.734454e-07 2.4510839e-05)
(2.2260943e-07 -1.8798375e-07 2.2701772e-05)
(-9.4599707e-07 7.5466471e-07 5.7265912e-05)
(-5.3607902e-07 3.2269981e-07 5.250364e-05)
(-4.9831006e-07 3.903252e-07 4.8592053e-05)
(-1.5652928e-06 1.0008768e-06 6.2227442e-05)
(-1.4540443e-06 1.1692183e-06 5.7577325e-05)
(-1.9235493e-06 1.5541603e-06 5.8497535e-05)
(-8.0180656e-08 1.0827964e-08 3.8194051e-05)
(2.9263089e-07 -1.3667348e-07 2.4515012e-05)
(2.6849563e-07 -1.5905689e-07 2.2704713e-05)
(-1.0836382e-06 5.239955e-07 5.7277328e-05)
(-5.8238634e-07 1.931675e-07 5.2515444e-05)
(-5.6747737e-07 2.5550963e-07 4.8600764e-05)
(-1.7375771e-06 6.5912499e-07 6.2243323e-05)
(-1.6693309e-06 8.3182093e-07 5.758913e-05)
(-2.2094131e-06 1.1202542e-06 5.8509318e-05)
(-5.766481e-08 -1.2679515e-08 3.8202547e-05)
(3.3742632e-07 -7.745142e-08 2.4518923e-05)
(3.2107874e-07 -1.1217938e-07 2.2708562e-05)
(-1.1558478e-06 2.9879221e-07 5.7293077e-05)
(-5.9399082e-07 8.5986067e-08 5.2526931e-05)
(-5.9112281e-07 1.3441416e-07 4.8612715e-05)
(-1.8297654e-06 3.2333566e-07 6.2258906e-05)
(-1.798321e-06 4.8881222e-07 5.7605484e-05)
(-2.391049e-06 6.6849128e-07 5.8525666e-05)
(-3.6130737e-08 -8.4481436e-09 3.8208171e-05)
(3.5548203e-07 6.020208e-11 2.4520458e-05)
(3.5635453e-07 -4.0993832e-08 2.2711009e-05)
(-1.1824802e-06 9.5802843e-08 5.7303881e-05)
(-5.9425623e-07 -3.0906251e-11 5.2531585e-05)
(-5.9271101e-07 4.0498389e-08 4.862083e-05)
(-1.8577443e-06 -1.8330122e-10 6.2265281e-05)
(-1.8551222e-06 1.6006326e-07 5.7616749e-05)
(-2.4762155e-06 2.2122451e-07 5.8536937e-05)
(-3.6128541e-08 8.4759924e-09 3.8208167e-05)
(3.3741949e-07 7.7561487e-08 2.4518909e-05)
(3.563517e-07 4.1094571e-08 2.2711002e-05)
(-1.1824487e-06 -9.6017164e-08 5.7303893e-05)
(-5.9396207e-07 -8.6059442e-08 5.2526923e-05)
(-5.9269511e-07 -4.0590272e-08 4.8620823e-05)
(-1.8296629e-06 -3.2369444e-07 6.2258953e-05)
(-1.8550674e-06 -1.6046153e-07 5.761677e-05)
(-2.476171e-06 -2.2157362e-07 5.8536982e-05)
(-5.7652028e-08 1.2680733e-08 3.8202537e-05)
(2.9262939e-07 1.3674927e-07 2.4514992e-05)
(3.2107578e-07 1.122572e-07 2.2708546e-05)
(-1.1557502e-06 -2.9901483e-07 5.7293106e-05)
(-5.8231215e-07 -1.9327958e-07 5.2515434e-05)
(-5.9106867e-07 -1.3453299e-07 4.8612698e-05)
(-1.7373738e-06 -6.5946951e-07 6.2243392e-05)
(-1.7981571e-06 -4.8919908e-07 5.7605535e-05)
(-2.3909186e-06 -6.6882123e-07 5.8525776e-05)
(-8.0135174e-08 -1.0871781e-08 3.8194041e-05)
(2.4319271e-07 1.7347872e-07 2.4510825e-05)
(2.6850937e-07 1.590953e-07 2.2704698e-05)
(-1.083464e-06 -5.2423021e-07 5.7277358e-05)
(-5.3593456e-07 -3.2285535e-07 5.2503633e-05)
(-5.6735984e-07 -2.5567267e-07 4.8600744e-05)
(-1.5649966e-06 -1.0011899e-06 6.2227495e-05)
(-1.6690625e-06 -8.321851e-07 5.7589178e-05)
(-2.2092075e-06 -1.1205496e-06 5.8509431e-05)
(-7.8103334e-08 -5.225382e-08 3.8187769e-05)
(2.2266123e-07 1.8797674e-07 2.2701769e-05)
(2.0600133e-07 2.0190665e-07 2.4508987e-05)
(-9.4573361e-07 -7.5490671e-07 5.7265927e-05)
(-4.9809969e-07 -3.9053408e-07 4.8592036e-05)
(-4.4179748e-07 -4.4980901e-07 5.2498558e-05)
(-1.4536766e-06 -1.1695465e-06 5.7577337e-05)
(-1.3088903e-06 -1.3180472e-06 6.2220676e-05)
(-1.9232819e-06 -1.5544095e-06 5.8497588e-05)
(-7.390415e-08 4.9071105e-08 3.2525818e-05)
(2.4675883e-07 -1.7534703e-07 2.0900238e-05)
(2.2638019e-07 -1.9095841e-07 1.909451e-05)
(-9.4113693e-07 7.5146196e-07 4.8734467e-05)
(-5.3114115e-07 3.2101911e-07 4.4693407e-05)
(-4.9465707e-07 3.8805534e-07 4.0789811e-05)
(-1.5591864e-06 9.9855693e-07 5.2943627e-05)
(-1.4496453e-06 1.1665288e-06 4.8303541e-05)
(-1.9179855e-06 1.5504017e-06 4.9759754e-05)
(-7.5750591e-08 9.9224059e-09 3.2530423e-05)
(2.9581228e-07 -1.372817e-07 2.090308e-05)
(2.7185721e-07 -1.6024887e-07 1.9096703e-05)
(-1.0779113e-06 5.2335886e-07 4.8743227e-05)
(-5.7759723e-07 1.9345923e-07 4.4702348e-05)
(-5.6354488e-07 2.5562467e-07 4.0796513e-05)
(-1.7311562e-06 6.5896599e-07 5.2955954e-05)
(-1.6639501e-06 8.3169521e-07 4.8312753e-05)
(-2.2024214e-06 1.1190095e-06 4.9768863e-05)
(-5.450685e-08 -1.2266353e-08 3.2536622e-05)
(3.3966076e-07 -7.7440224e-08 2.0905691e-05)
(3.2294e-07 -1.1216323e-07 1.9099563e-05)
(-1.150777e-06 2.9954548e-07 4.8755308e-05)
(-5.9028955e-07 8.6764895e-08 4.4711014e-05)
(-5.8838877e-07 1.3567829e-07 4.0805709e-05)
(-1.8240383e-06 3.2386237e-07 5.2968042e-05)
(-1.7933927e-06 4.8992027e-07 4.8325519e-05)
(-2.3839467e-06 6.6868742e-07 4.9781534e-05)
(-3.4329451e-08 -8.104301e-09 3.254063e-05)
(3.5722013e-07 4.2750818e-11 2.0906691e-05)
(3.5690337e-07 -4.0830675e-08 1.9101395e-05)
(-1.178424e-06 9.6291819e-08 4.8763556e-05)
(-5.9116593e-07 -5.7400161e-11 4.4714508e-05)
(-5.9123487e-07 4.1181079e-08 4.0811967e-05)
(-1.8524716e-06 -2.1335245e-10 5.2972978e-05)
(-1.8509745e-06 1.6069064e-07 4.8334331e-05)
(-2.4695841e-06 2.2148049e-07 4.979025e-05)
(-3.4323111e-08 8.0891507e-09 3.2540627e-05)
(3.3966038e-07 7.751592e-08 2.0905687e-05)
(3.5690217e-07 4.0906968e-08 1.9101396e-05)
(-1.1783872e-06 -9.6561853e-08 4.8763562e-05)
(-5.9025042e-07 -8.6891563e-08 4.4711005e-05)
(-5.9122064e-07 -4.126308e-08 4.0811964e-05)
(-1.8239237e-06 -3.2428172e-07 5.2968073e-05)
(-1.8509228e-06 -1.6106389e-07 4.8334348e-05)
(-2.4695344e-06 -2.2188104e-07 4.979028e-05)
(-5.4481837e-08 1.2224804e-08 3.2536617e-05)
(2.9582347e-07 1.3732477e-07 2.0903079e-05)
(3.2294159e-07 1.1221801e-07 1.909957e-05)
(-1.1506629e-06 -2.9982464e-07 4.8755324e-05)
(-5.7750154e-07 -1.936249e-07 4.4702336e-05)
(-5.8833885e-07 -1.357913e-07 4.0805707e-05)
(-1.7309275e-06 -6.5937193e-07 5.2955998e-05)
(-1.7932365e-06 -4.9028753e-07 4.8325564e-05)
(-2.3837999e-06 -6.690702e-07 4.9781609e-05)
(-7.5684046e-08 -1.0007783e-08 3.2530423e-05)
(2.4679888e-07 1.7535061e-07 2.0900249e-05)
(2.718777e-07 1.6026698e-07 1.9096725e-05)
(-1.077708e-06 -5.2365047e-07 4.8743243e-05)
(-5.3096309e-07 -3.2122759e-07 4.4693399e-05)
(-5.6343116e-07 -2.5578721e-07 4.0796516e-05)
(-1.5588501e-06 -9.98931e-07 5.2943655e-05)
(-1.6636905e-06 -8.320477e-07 4.8312799e-05)
(-2.2021867e-06 -1.119359e-06 4.9768933e-05)
(-7.3769177e-08 -4.9203584e-08 3.2525827e-05)
(2.2643965e-07 1.9093466e-07 1.9094553e-05)
(2.0895989e-07 2.0513387e-07 2.0898987e-05)
(-9.4083102e-07 -7.517594e-07 4.8734471e-05)
(-4.9444783e-07 -3.8826918e-07 4.0789826e-05)
(-4.3829987e-07 -4.4578667e-07 4.4689534e-05)
(-1.4492843e-06 -1.1668538e-06 4.8303563e-05)
(-1.304595e-06 -1.3131481e-06 5.2938339e-05)
(-1.9176747e-06 -1.5507045e-06 4.9759768e-05)
(-7.1068218e-08 4.7133354e-08 2.6844529e-05)
(2.5039856e-07 -1.7750432e-07 1.7272668e-05)
(2.3239826e-07 -1.9587995e-07 1.5473839e-05)
(-9.3806878e-07 7.4980313e-07 4.0183335e-05)
(-5.2829813e-07 3.2059726e-07 3.6862601e-05)
(-4.9063096e-07 3.8499923e-07 3.298966e-05)
(-1.5552807e-06 9.9803098e-07 4.3641996e-05)
(-1.4506088e-06 1.1677053e-06 3.9041181e-05)
(-1.9140258e-06 1.5481614e-06 4.1006408e-05)
(-7.3421861e-08 9.9991533e-09 2.6848093e-05)
(2.9793734e-07 -1.3769853e-07 1.727492e-05)
(2.7811095e-07 -1.6321959e-07 1.5475704e-05)
(-1.0744916e-06 5.2406341e-07 4.0190279e-05)
(-5.7552123e-07 1.9467787e-07 3.6869672e-05)
(-5.5901795e-07 2.5434752e-07 3.2995167e-05)
(-1.7270206e-06 6.6015703e-07 4.3651785e-05)
(-1.6646548e-06 8.3360569e-07 3.9048672e-05)
(-2.1973004e-06 1.119162e-06 4.1013657e-05)
(-5.3923838e-08 -1.1175658e-08 2.6852901e-05)
(3.3987572e-07 -7.7174861e-08 1.7277029e-05)
(3.2867089e-07 -1.13507e-07 1.5478131e-05)
(-1.1484015e-06 3.0121985e-07 4.019986e-05)
(-5.8962641e-07 8.8026221e-08 3.6876565e-05)
(-5.8418169e-07 1.3551653e-07 3.3002722e-05)
(-1.8204677e-06 3.2511477e-07 4.3661408e-05)
(-1.7944146e-06 4.9171563e-07 3.905904e-05)
(-2.3788918e-06 6.698893e-07 4.1023717e-05)
(-3.5151958e-08 -7.5136009e-09 2.6856091e-05)
(3.5660089e-07 3.4272666e-11 1.7277866e-05)
(3.6216474e-07 -4.1197049e-08 1.5479701e-05)
(-1.1771009e-06 9.7132874e-08 4.0206459e-05)
(-5.9117262e-07 -2.3242353e-11 3.6879364e-05)
(-5.8740774e-07 4.125113e-08 3.3007874e-05)
(-1.8492433e-06 -1.6035536e-10 4.3665351e-05)
(-1.8523269e-06 1.6142658e-07 3.9066196e-05)
(-2.4649448e-06 2.2214106e-07 4.1030687e-05)
(-3.5149983e-08 7.5260838e-09 2.685609e-05)
(3.3987586e-07 7.7233516e-08 1.7277033e-05)
(3.6216726e-07 4.1227751e-08 1.5479702e-05)
(-1.177074e-06 -9.7312567e-08 4.0206462e-05)
(-5.8960252e-07 -8.8088612e-08 3.6876557e-05)
(-5.8739538e-07 -4.1324729e-08 3.3007868e-05)
(-1.8203749e-06 -3.2543321e-07 4.3661427e-05)
(-1.8522794e-06 -1.6176408e-07 3.9066205e-05)
(-2.4649084e-06 -2.2241678e-07 4.1030707e-05)
(-5.3909965e-08 1.1159178e-08 2.6852903e-05)
(2.9794754e-07 1.3773008e-07 1.7274934e-05)
(3.2868301e-07 1.1351934e-07 1.5478139e-05)
(-1.148316e-06 -3.0141736e-07 4.0199868e-05)
(-5.7545428e-07 -1.9478513e-07 3.6869662e-05)
(-5.8413578e-07 -1.356265e-07 3.300271e-05)
(-1.7268331e-06 -6.6047152e-07 4.3651811e-05)
(-1.7942688e-06 -4.9205424e-07 3.9059062e-05)
(-2.378782e-06 -6.7015884e-07 4.1023763e-05)
(-7.3372795e-08 -1.006302e-08 2.6848102e-05)
(2.5043604e-07 1.7749877e-07 1.7272699e-05)
(2.7814698e-07 1.6320097e-07 1.5475726e-05)
(-1.07433e-06 -5.2428612e-07 4.0190286e-05)
(-5.2815703e-07 -3.2075927e-07 3.6862597e-05)
(-5.5890664e-07 -2.5451415e-07 3.2995155e-05)
(-1.5549984e-06 -9.9833102e-07 4.3642008e-05)
(-1.6644074e-06 -8.3394009e-07 3.904869e-05)
(-2.1971206e-06 -1.1194165e-06 4.1013694e-05)
(-7.0954448e-08 -4.7247868e-08 2.6844552e-05)
(2.3247658e-07 1.9582585e-07 1.547388e-05)
(2.1243857e-07 2.0891242e-07 1.7271699e-05)
(-9.3781325e-07 -7.5004722e-07 4.0183336e-05)
(-4.9041756e-07 -3.8522507e-07 3.2989658e-05)
(-4.3643754e-07 -4.4326756e-07 3.6859538e-05)
(-1.4502556e-06 -1.1680245e-06 3.9041179e-05)
(-1.3024383e-06 -1.3101818e-06 4.3637777e-05)
(-1.9137806e-06 -1.5483911e-06 4.10064e-05)
(-6.360054e-08 4.0875273e-08 2.1340124e-05)
(2.5897237e-07 -1.8313956e-07 1.3774108e-05)
(2.2651021e-07 -1.9119808e-07 1.1893551e-05)
(-9.3825741e-07 7.497298e-07 3.1868931e-05)
(-5.2311888e-07 3.1712757e-07 2.9260383e-05)
(-5.1228914e-07 4.0257171e-07 2.5135844e-05)
(-1.5617089e-06 1.0022886e-06 3.458644e-05)
(-1.4848907e-06 1.1956331e-06 2.9672107e-05)
(-1.9271763e-06 1.5587174e-06 3.247876e-05)
(-6.4641437e-08 5.481451e-09 2.1343233e-05)
(3.0771714e-07 -1.4151744e-07 1.3776115e-05)
(2.7151821e-07 -1.5969954e-07 1.1894876e-05)
(-1.0743567e-06 5.2412748e-07 3.1874701e-05)
(-5.6946894e-07 1.9234963e-07 2.9266305e-05)
(-5.8353557e-07 2.6760754e-07 2.5139931e-05)
(-1.7338425e-06 6.6314288e-07 3.4594475e-05)
(-1.7035801e-06 8.5461842e-07 2.9677704e-05)
(-2.2119145e-06 1.1270993e-06 3.2484743e-05)
(-4.4136585e-08 -1.3919517e-08 2.1347414e-05)
(3.5055172e-07 -7.9128092e-08 1.3777956e-05)
(3.215316e-07 -1.1127022e-07 1.1896473e-05)
(-1.1479618e-06 3.0128378e-07 3.1882629e-05)
(-5.8292185e-07 8.683112e-08 2.9272037e-05)
(-6.108075e-07 1.4390497e-07 2.5145393e-05)
(-1.827451e-06 3.2663417e-07 3.4602333e-05)
(-1.8366967e-06 5.0492416e-07 2.9685316e-05)
(-2.3944486e-06 6.7479418e-07 3.249302e-05)
(-2.4703692e-08 -8.4603675e-09 2.1350141e-05)
(3.67643e-07 -5.7742603e-12 1.3778667e-05)
(3.5467844e-07 -4.0430746e-08 1.1897379e-05)
(-1.1763845e-06 9.7137478e-08 3.1888033e-05)
(-5.8419761e-07 -5.3267235e-11 2.9274347e-05)
(-6.1521916e-07 4.4154549e-08 2.5148987e-05)
(-1.8562453e-06 -1.8170144e-10 3.4605536e-05)
(-1.89644e-06 1.6597332e-07 2.9690454e-05)
(-2.4808849e-06 2.2379053e-07 3.2498699e-05)
(-2.4695932e-08 8.4067518e-09 2.135014e-05)
(3.5056672e-07 7.9110002e-08 1.3777961e-05)
(3.5468577e-07 4.0411688e-08 1.1897378e-05)
(-1.1763532e-06 -9.7363839e-08 3.1888033e-05)
(-5.828873e-07 -8.6953246e-08 2.9272027e-05)
(-6.1520836e-07 -4.4223621e-08 2.5148972e-05)
(-1.8273498e-06 -3.2699537e-07 3.4602346e-05)
(-1.896395e-06 -1.6629355e-07 2.9690449e-05)
(-2.4808468e-06 -2.2408343e-07 3.2498713e-05)
(-4.4104701e-08 1.3837547e-08 2.1347413e-05)
(3.0775533e-07 1.4147907e-07 1.3776129e-05)
(3.2155686e-07 1.112367e-07 1.1896472e-05)
(-1.1478614e-06 -3.0153155e-07 3.188263e-05)
(-5.6937829e-07 -1.9251991e-07 2.9266289e-05)
(-6.1076443e-07 -1.4401881e-07 2.5145353e-05)
(-1.7336352e-06 -6.6350542e-07 3.4594488e-05)
(-1.8365552e-06 -5.052544e-07 2.9685298e-05)
(-2.3943315e-06 -6.750866e-07 3.249305e-05)
(-6.4561705e-08 -5.6085758e-09 2.1343236e-05)
(2.590478e-07 1.8307456e-07 1.3774134e-05)
(2.7157371e-07 1.5964279e-07 1.189488e-05)
(-1.0741664e-06 -5.2440474e-07 3.1874696e-05)
(-5.2293816e-07 -3.1735367e-07 2.9260365e-05)
(-5.8342197e-07 -2.6778937e-07 2.5139874e-05)
(-1.5613919e-06 -1.0026403e-06 3.4586437e-05)
(-1.703333e-06 -8.5495713e-07 2.9677664e-05)
(-2.2117175e-06 -1.1273847e-06 3.2484759e-05)
(-6.3441422e-08 -4.1049849e-08 2.1340134e-05)
(2.2661145e-07 1.9111433e-07 1.1893563e-05)
(2.1955013e-07 2.1620299e-07 1.3773238e-05)
(-9.3795371e-07 -7.5003284e-07 3.1868915e-05)
(-5.1206013e-07 -4.0282559e-07 2.5135781e-05)
(-4.3229711e-07 -4.3873024e-07 2.9257796e-05)
(-1.4845244e-06 -1.1959707e-06 2.9672037e-05)
(-1.3082184e-06 -1.3154811e-06 3.4582958e-05)
(-1.9268968e-06 -1.558987e-06 3.2478735e-05)
(-9.4292329e-08 6.5843749e-08 1.4986829e-05)
(2.3824234e-07 -1.6953544e-07 9.687436e-06)
(2.6461607e-07 -2.226165e-07 7.9762614e-06)
(-9.9316312e-07 7.9461011e-07 2.2369667e-05)
(-5.7229498e-07 3.4995668e-07 2.0535069e-05)
(-4.6399833e-07 3.6323507e-07 1.7045604e-05)
(-1.6251002e-06 1.0446924e-06 2.4280669e-05)
(-1.4534484e-06 1.170438e-06 2.022333e-05)
(-1.9874289e-06 1.60799e-06 2.278994e-05)
(-9.9623149e-08 2.4156398e-08 1.4988613e-05)
(2.8457915e-07 -1.3208269e-07 9.6883327e-06)
(3.1517209e-07 -1.831173e-07 7.9768934e-06)
(-1.1369609e-06 5.5781647e-07 2.2373258e-05)
(-6.242348e-07 2.1532298e-07 2.0538551e-05)
(-5.2797441e-07 2.3908877e-07 1.7047774e-05)
(-1.8044587e-06 6.9281289e-07 2.4285639e-05)
(-1.6670602e-06 8.3699671e-07 2.0226323e-05)
(-2.2807086e-06 1.1641092e-06 2.2793756e-05)
(-8.2402727e-08 -2.1546343e-09 1.4990762e-05)
(3.2564759e-07 -7.4218369e-08 9.6889692e-06)
(3.6854814e-07 -1.2563482e-07 7.9771671e-06)
(-1.2162387e-06 3.2249275e-07 2.2377938e-05)
(-6.4147963e-07 9.8841309e-08 2.0541731e-05)
(-5.5082123e-07 1.2710571e-07 1.7050267e-05)
(-1.9028575e-06 3.4209479e-07 2.4290326e-05)
(-1.7971583e-06 4.9508656e-07 2.023008e-05)
(-2.469458e-06 6.9808426e-07 2.2798815e-05)
(-6.5044551e-08 -4.3772875e-09 1.4991962e-05)
(3.420317e-07 -2.114694e-11 9.6891562e-06)
(4.028636e-07 -4.5260005e-08 7.9768117e-06)
(-1.2479225e-06 1.0447465e-07 2.2380946e-05)
(-6.4417037e-07 -2.5859885e-11 2.0542951e-05)
(-5.5359378e-07 3.8725062e-08 1.7051536e-05)
(-1.9333931e-06 -1.5002261e-10 2.4292181e-05)
(-1.855844e-06 1.6295426e-07 2.0232322e-05)
(-2.5593441e-06 2.3183755e-07 2.2802142e-05)
(-6.5039694e-08 4.3432503e-09 1.4991961e-05)
(3.256668e-07 7.4175707e-08 9.6889813e-06)
(4.0287887e-07 4.5165725e-08 7.9768184e-06)
(-1.2478998e-06 -1.0463279e-07 2.2380939e-05)
(-6.4145874e-07 -9.8910631e-08 2.0541715e-05)
(-5.5358524e-07 -3.8779432e-08 1.7051521e-05)
(-1.9027702e-06 -3.4239426e-07 2.4290318e-05)
(-1.8558033e-06 -1.632303e-07 2.0232309e-05)
(-2.5593147e-06 -2.3204742e-07 2.280214e-05)
(-8.2381301e-08 2.0865319e-09 1.4990763e-05)
(2.8462506e-07 1.3202266e-07 9.6883609e-06)
(3.6859505e-07 1.2553252e-07 7.977192e-06)
(-1.2161595e-06 -3.2268578e-07 2.2377922e-05)
(-6.2416475e-07 -2.1545876e-07 2.0538528e-05)
(-5.5078295e-07 -1.2721713e-07 1.7050232e-05)
(-1.8042722e-06 -6.9313264e-07 2.4285624e-05)
(-1.7970259e-06 -4.9538719e-07 2.0230048e-05)
(-2.4693633e-06 -6.9830845e-07 2.2798806e-05)
(-9.9555174e-08 -2.4275843e-08 1.4988623e-05)
(2.3832233e-07 1.6946182e-07 9.6874851e-06)
(3.1525933e-07 1.8300425e-07 7.9769439e-06)
(-1.1367971e-06 -5.5805887e-07 2.2373238e-05)
(-5.7213594e-07 -3.5016273e-07 2.0535054e-05)
(-5.2785846e-07 -2.3928634e-07 1.7047736e-05)
(-1.6248053e-06 -1.0450156e-06 2.4280649e-05)
(-1.6668174e-06 -8.3732858e-07 2.0226277e-05)
(-2.2805383e-06 -1.164348e-06 2.279373e-05)
(-9.4144063e-08 -6.6019429e-08 1.4986857e-05)
(2.6475406e-07 2.2248997e-07 7.9763465e-06)
(2.0192363e-07 1.987968e-07 9.6870248e-06)
(-9.9287837e-07 -7.9490039e-07 2.2369652e-05)
(-4.6374714e-07 -3.6352739e-07 1.704559e-05)
(-4.742681e-07 -4.8030474e-07 2.0533474e-05)
(-1.453066e-06 -1.1707961e-06 2.0223284e-05)
(-1.3622901e-06 -1.3691235e-06 2.427843e-05)
(-1.9871679e-06 -1.6082376e-06 2.2789895e-05)
(2.6058706e-08 -3.2572856e-08 1.1252467e-05)
(3.3940174e-07 -2.371855e-07 7.4281677e-06)
(3.7012624e-08 -3.7049952e-08 5.0179291e-06)
(-8.6482448e-07 6.9035929e-07 1.6536046e-05)
(-4.273152e-07 2.5457115e-07 1.5251601e-05)
(-6.3666099e-07 5.0431813e-07 9.1176103e-06)
(-1.506206e-06 9.677577e-07 1.7873047e-05)
(-1.5817432e-06 1.2757168e-06 1.0483799e-05)
(-1.9019999e-06 1.5392718e-06 1.6732678e-05)
(3.8383589e-08 -4.8535773e-08 1.1253829e-05)
(3.9698106e-07 -1.7866278e-07 7.428707e-06)
(5.203916e-08 -4.4104675e-08 5.0177903e-06)
(-9.8947758e-07 4.8181382e-07 1.6538328e-05)
(-4.6279682e-07 1.5077581e-07 1.5253671e-05)
(-7.2689581e-07 3.4611834e-07 9.1169568e-06)
(-1.6715816e-06 6.4146512e-07 1.7876004e-05)
(-1.8142072e-06 9.1796385e-07 1.0483339e-05)
(-2.1818584e-06 1.1148112e-06 1.6735123e-05)
(6.7073371e-08 -4.6412294e-08 1.1254976e-05)
(4.4427756e-07 -9.7855785e-08 7.428538e-06)
(7.8140821e-08 -3.8858859e-08 5.0174464e-06)
(-1.056272e-06 2.7699827e-07 1.6540962e-05)
(-4.7071894e-07 6.665698e-08 1.5255181e-05)
(-7.7014521e-07 1.9492522e-07 9.1158561e-06)
(-1.7619589e-06 3.1682526e-07 1.7878493e-05)
(-1.9590463e-06 5.4721078e-07 1.0482459e-05)
(-2.3616918e-06 6.6916344e-07 1.6738121e-05)
(8.942942e-08 -1.9169977e-08 1.1254998e-05)
(4.6248558e-07 -8.8317018e-11 7.4282281e-06)
(9.7411462e-08 -1.569006e-08 5.0171437e-06)
(-1.0823454e-06 8.9483269e-08 1.6542216e-05)
(-4.7057613e-07 -4.7722035e-11 1.52556e-05)
(-7.8421648e-07 6.2117263e-08 9.1149198e-06)
(-1.7900112e-06 -1.4626862e-10 1.7879345e-05)
(-2.0258924e-06 1.811483e-07 1.0481607e-05)
(-2.4474315e-06 2.2246725e-07 1.6739706e-05)
(8.9441492e-08 1.9053665e-08 1.1254986e-05)
(4.4432425e-07 9.7683284e-08 7.4285469e-06)
(9.7435539e-08 1.5521159e-08 5.0171509e-06)
(-1.0823212e-06 -8.9651382e-08 1.6542186e-05)
(-4.706885e-07 -6.6775778e-08 1.525513e-05)
(-7.8422142e-07 -6.208027e-08 9.1148893e-06)
(-1.7618685e-06 -3.171252e-07 1.7878439e-05)
(-2.0258624e-06 -1.8127993e-07 1.0481565e-05)
(-2.447406e-06 -2.2262597e-07 1.6739674e-05)
(6.7116625e-08 4.62605e-08 1.1254949e-05)
(3.970771e-07 1.7848872e-07 7.4287319e-06)
(7.8210149e-08 3.8696607e-08 5.0174731e-06)
(-1.0561856e-06 -2.772146e-07 1.6540886e-05)
(-4.6270284e-07 -1.5097232e-07 1.5253588e-05)
(-7.7014832e-07 -1.9494918e-07 9.115779e-06)
(-1.671382e-06 -6.418035e-07 1.7875905e-05)
(-1.9589478e-06 -5.4736912e-07 1.0482347e-05)
(-2.3616043e-06 -6.6935528e-07 1.6738033e-05)
(3.8490774e-08 4.8331767e-08 1.1253802e-05)
(3.3954775e-07 2.3701848e-07 7.4282183e-06)
(5.2150006e-08 4.3957629e-08 5.0178397e-06)
(-9.8929027e-07 -4.8210106e-07 1.6538222e-05)
(-4.2710659e-07 -2.5485535e-07 1.5251512e-05)
(-7.2684858e-07 -3.4623301e-07 9.1168529e-06)
(-1.5058739e-06 -9.681263e-07 1.7872921e-05)
(-1.8140254e-06 -9.1815685e-07 1.0483176e-05)
(-2.1816854e-06 -1.1150491e-06 1.6734982e-05)
(2.6268333e-08 3.2309716e-08 1.1252461e-05)
(3.7159092e-08 3.6919173e-08 5.0180073e-06)
(2.8782325e-07 2.8475214e-07 7.4278566e-06)
(-8.6448325e-07 -6.9072228e-07 1.6535938e-05)
(-6.3650552e-07 -5.0453506e-07 9.1175108e-06)
(-3.5177021e-07 -3.5772902e-07 1.5250572e-05)
(-1.5814532e-06 -1.2759442e-06 1.0483616e-05)
(-1.2624617e-06 -1.2692248e-06 1.7871659e-05)
(-1.901705e-06 -1.5395579e-06 1.6732499e-05)
(-4.8572917e-07 3.85236e-07 -2.4603813e-06)
(-2.4724429e-07 1.5135908e-07 -1.7199397e-06)
(1.1601678e-07 -9.7276956e-08 -2.148758e-06)
(-1.2164883e-06 9.7726422e-07 -3.1471994e-06)
(-9.1403229e-07 5.7788206e-07 -3.235992e-06)
(-2.6830767e-07 2.1322429e-07 2.279224e-06)
(-1.8549502e-06 1.2001746e-06 -3.0620571e-06)
(-8.3733624e-07 6.7820472e-07 1.5046231e-06)
(-2.1456681e-06 1.7384632e-06 -2.7546552e-06)
(-5.5178827e-07 2.6487026e-07 -2.4650988e-06)
(-2.6308199e-07 9.1183149e-08 -1.7232717e-06)
(1.373019e-07 -7.915437e-08 -2.1512913e-06)
(-1.3941534e-06 6.983107e-07 -3.1540948e-06)
(-1.0092481e-06 3.7625087e-07 -3.2437683e-06)
(-3.0559958e-07 1.4582063e-07 2.2896211e-06)
(-2.0627437e-06 8.0471708e-07 -3.0706183e-06)
(-9.5939758e-07 4.9042504e-07 1.5066836e-06)
(-2.4620337e-06 1.2664369e-06 -2.760794e-06)
(-5.8177248e-07 1.4926171e-07 -2.4713819e-06)
(-2.6396189e-07 4.091828e-08 -1.7261256e-06)
(1.5943549e-07 -5.3808001e-08 -2.1548449e-06)
(-1.5004748e-06 4.1302343e-07 -3.1635264e-06)
(-1.0560915e-06 1.8304597e-07 -3.251181e-06)
(-3.2216837e-07 8.1630402e-08 2.3057098e-06)
(-2.1808547e-06 4.0174535e-07 -3.0789121e-06)
(-1.0359283e-06 2.9374309e-07 1.5062287e-06)
(-2.6694872e-06 7.6547441e-07 -2.7692777e-06)
(-5.9065083e-07 4.7540511e-08 -2.4752512e-06)
(-2.6251604e-07 -1.0319984e-10 -1.7271181e-06)
(1.7373266e-07 -1.9367228e-08 -2.1568524e-06)
(-1.5473086e-06 1.3608716e-07 -3.1697888e-06)
(-1.0694107e-06 5.5510144e-11 -3.2541436e-06)
(-3.2665692e-07 2.591918e-08 2.3172666e-06)
(-2.218523e-06 -1.5106332e-11 -3.08229e-06)
(-1.0712695e-06 9.7543546e-08 1.5031067e-06)
(-2.7698538e-06 2.5574786e-07 -2.7750066e-06)
(-5.906524e-07 -4.7561479e-08 -2.4752856e-06)
(-2.6390746e-07 -4.1115604e-08 -1.7261411e-06)
(1.7375632e-07 1.9097466e-08 -2.1568496e-06)
(-1.5473116e-06 -1.3601115e-07 -3.1698608e-06)
(-1.0561203e-06 -1.8296125e-07 -3.2512944e-06)
(-3.2668035e-07 -2.5813912e-08 2.3172315e-06)
(-2.1808068e-06 -4.0178242e-07 -3.0790691e-06)
(-1.0712762e-06 -9.7511927e-08 1.5030563e-06)
(-2.769858e-06 -2.5563133e-07 -2.7750942e-06)
(-5.8177142e-07 -1.4930625e-07 -2.4714746e-06)
(-2.629857e-07 -9.1347599e-08 -1.7232964e-06)
(1.5949431e-07 5.3585579e-08 -2.1548359e-06)
(-1.500477e-06 -4.1298998e-07 -3.1637242e-06)
(-1.0092819e-06 -3.7623057e-07 -3.2439721e-06)
(-3.222376e-07 -8.1545808e-08 2.3056112e-06)
(-2.0626459e-06 -8.0476944e-07 -3.0709026e-06)
(-1.035942e-06 -2.937236e-07 1.5060949e-06)
(-2.669493e-06 -7.6538538e-07 -2.7695202e-06)
(-5.5176908e-07 -2.6494639e-07 -2.4652313e-06)
(-2.4712486e-07 -1.5148186e-07 -1.719964e-06)
(1.3736351e-07 7.9013376e-08 -2.1512726e-06)
(-1.3941263e-06 -6.9833649e-07 -3.1543838e-06)
(-9.1402836e-07 -5.7794293e-07 -3.2362503e-06)
(-3.05696e-07 -1.4576408e-07 2.2894866e-06)
(-1.8547995e-06 -1.2002412e-06 -3.0624221e-06)
(-9.5941446e-07 -4.9042e-07 1.5065019e-06)
(-2.4620314e-06 -1.2663858e-06 -2.7611516e-06)
(-4.8567029e-07 -3.8534614e-07 -2.4605269e-06)
(1.1603874e-07 9.7223128e-08 -2.1487241e-06)
(-2.0753055e-07 -2.0913156e-07 -1.71852e-06)
(-1.2163983e-06 -9.7735559e-07 -3.1475318e-06)
(-2.6841133e-07 -2.1321062e-07 2.2791076e-06)
(-7.6430369e-07 -7.6714281e-07 -3.2330102e-06)
(-8.373447e-07 -6.7822167e-07 1.504443e-06)
(-1.5588858e-06 -1.5621373e-06 -3.0588695e-06)
(-2.1456371e-06 -1.7384567e-06 -2.7550742e-06)
(3.5781297e-07 -2.892758e-07 1.9809027e-05)
(4.0535805e-07 -2.6536677e-07 3.195272e-05)
(6.6130557e-08 -5.3552215e-08 -1.4790056e-11)
(8.7859271e-08 -6.6990079e-08 1.2613999e-05)
(3.3915872e-07 -2.1942489e-07 7.2737478e-06)
(6.3624136e-08 -5.1177989e-08 2.0093102e-10)
(2.6953414e-09 4.5177696e-09 1.8104388e-05)
(-4.5089094e-08 4.1607407e-08 2.4749675e-05)
(3.767132e-09 -2.084556e-09 1.5024645e-10)
(4.1188399e-07 -2.1333137e-07 1.9853837e-05)
(4.5383435e-07 -1.817707e-07 3.2096725e-05)
(7.6110976e-08 -3.9468113e-08 -1.5814173e-11)
(1.0320434e-07 -4.8220177e-08 1.2594657e-05)
(3.807061e-07 -1.4994419e-07 7.2408281e-06)
(7.3392848e-08 -3.7703282e-08 2.0148874e-10)
(5.9346731e-09 3.6438268e-09 1.8086977e-05)
(-4.8208823e-08 3.1246088e-08 2.4782146e-05)
(4.8786099e-09 -1.3601318e-09 1.5115109e-10)
(4.5070793e-07 -1.3101306e-07 1.9923931e-05)
(4.847217e-07 -9.2546257e-08 3.2248202e-05)
(8.3269913e-08 -2.4223606e-08 -1.7419915e-11)
(1.1471014e-07 -2.9280203e-08 1.2563316e-05)
(4.0705781e-07 -7.6173947e-08 7.2075213e-06)
(8.0403478e-08 -2.313485e-08 2.022341e-10)
(8.8878347e-09 1.77527e-09 1.8063411e-05)
(-4.8322583e-08 1.8796303e-08 2.4815644e-05)
(5.924141e-09 -8.4971266e-10 1.5238839e-10)
(4.7123065e-07 -4.428074e-08 1.9975864e-05)
(4.9541464e-07 -1.961298e-10 3.2312497e-05)
(8.7063502e-08 -8.1987127e-09 -1.8615578e-11)
(1.2096932e-07 -9.835046e-09 1.2537526e-05)
(4.1608707e-07 1.0820252e-11 7.1935605e-06)
(8.407341e-08 -7.8006447e-09 2.027246e-10)
(1.0132053e-08 9.7017445e-12 1.8051669e-05)
(-4.7314862e-08 6.2653714e-09 2.4828768e-05)
(6.6079546e-09 -3.0069272e-10 1.5326477e-10)
(4.7122631e-07 4.412963e-08 1.9975867e-05)
(4.8476163e-07 9.2194193e-08 3.2248165e-05)
(8.7067814e-08 8.1268123e-09 -1.8610124e-11)
(1.2094252e-07 9.8972802e-09 1.2537536e-05)
(4.0700791e-07 7.6208177e-08 7.2075679e-06)
(8.4068019e-08 7.8136552e-09 2.0272141e-10)
(8.8329653e-09 -1.7538069e-09 1.8063387e-05)
(-4.7360657e-08 -5.9939602e-09 2.4828737e-05)
(6.6013841e-09 3.1238458e-10 1.532574e-10)
(4.5068425e-07 1.3090962e-07 1.9923934e-05)
(4.538754e-07 1.8153278e-07 3.2096672e-05)
(8.3279066e-08 2.4167353e-08 -1.7405907e-11)
(1.1462826e-07 2.9351832e-08 1.2563329e-05)
(3.8059579e-07 1.5001223e-07 7.2409005e-06)
(8.0385797e-08 2.3151409e-08 2.0222539e-10)
(5.8275414e-09 -3.6174664e-09 1.8086929e-05)
(-4.844384e-08 -1.8564652e-08 2.4815567e-05)
(5.9060057e-09 8.6071651e-10 1.523703e-10)
(4.1180946e-07 2.1330667e-07 1.9853849e-05)
(4.0533815e-07 2.6527191e-07 3.1952703e-05)
(7.6114628e-08 3.9437979e-08 -1.5793777e-11)
(1.0306444e-07 4.8309028e-08 1.259467e-05)
(3.3897324e-07 2.19528e-07 7.2738285e-06)
(7.3361535e-08 3.7725887e-08 2.0147768e-10)
(2.5375791e-09 -4.4895436e-09 1.8104367e-05)
(-4.8379587e-08 -3.1078191e-08 2.4782065e-05)
(4.8495441e-09 1.3703694e-09 1.5112438e-10)
(3.5765329e-07 2.8932651e-07 1.9809077e-05)
(3.4179881e-07 3.4081504e-07 3.1895869e-05)
(6.6115437e-08 5.3549647e-08 -1.4765134e-11)
(8.7655922e-08 6.7078124e-08 1.2614047e-05)
(2.8504864e-07 2.8289711e-07 7.2873781e-06)
(6.3577051e-08 5.1203078e-08 2.0091688e-10)
(-2.3794489e-11 -3.1335435e-09 1.8109972e-05)
(-4.5266759e-08 -4.1523284e-08 2.4749675e-05)
(3.7294422e-09 2.0912693e-09 1.5021452e-10)
(-7.4149526e-08 -1.056493e-07 0.00016417868)
(5.9518436e-09 -1.0165996e-08 0.00010503885)
(1.5328366e-07 1.7828484e-07 0.0001022876)
(-5.9386229e-07 -7.4820946e-07 0.00024588489)
(1.1567589e-07 1.2914793e-07 0.00022528014)
(-2.0292627e-07 -2.6785743e-07 0.00022001851)
(-1.0075196e-06 -1.56327e-06 0.00026715124)
(-9.3412662e-07 -1.1629655e-06 0.0002610008)
(-1.1454041e-06 -1.4207358e-06 0.00025193083)
(-4.2605337e-08 -1.2168106e-07 0.00016418458)
(9.7756099e-09 -1.8710797e-09 0.00010504379)
(1.252496e-07 2.101728e-07 0.00010229971)
(-4.1796511e-07 -8.6238848e-07 0.00024590364)
(8.4255602e-08 1.3406628e-07 0.00022529973)
(-1.3526178e-07 -3.1334443e-07 0.00022005095)
(-6.4986648e-07 -1.7147654e-06 0.00026718326)
(-6.5981718e-07 -1.3221734e-06 0.00026104149)
(-8.2144795e-07 -1.6290793e-06 0.00025195546)
(-1.2464126e-08 -1.1982932e-07 0.00016419809)
(6.0344461e-09 5.0582694e-09 0.00010505212)
(8.7186379e-08 2.4349333e-07 0.00010232201)
(-2.2424404e-07 -9.219863e-07 0.00024593596)
(4.8631522e-08 1.630552e-07 0.00022532226)
(-6.8261199e-08 -3.253098e-07 0.00022010039)
(-3.0643651e-07 -1.810905e-06 0.00026722439)
(-3.7302053e-07 -1.4182492e-06 0.00026110407)
(-4.6297078e-07 -1.7614047e-06 0.00025199556)
(1.2222725e-09 -1.0955934e-07 0.00016421321)
(5.0073555e-10 5.8634747e-09 0.00010505621)
(3.2381013e-08 2.6385409e-07 0.0001023411)
(-6.2567171e-08 -9.3399033e-07 0.00024596671)
(7.1515769e-10 1.8441528e-07 0.00022533121)
(-1.7246473e-08 -3.1020578e-07 0.00022013686)
(1.1104696e-09 -1.8499409e-06 0.00026724283)
(-1.1614511e-07 -1.4709517e-06 0.00026115277)
(-1.3972118e-07 -1.8196551e-06 0.00025203255)
(-1.4621384e-10 -1.0951099e-07 0.00016421113)
(-5.2656828e-09 5.2329219e-09 0.0001050502)
(-3.1937331e-08 2.6389761e-07 0.00010233982)
(6.4195383e-08 -9.3382045e-07 0.0002459631)
(-4.7123155e-08 1.6322608e-07 0.00022531692)
(1.7961015e-08 -3.1020899e-07 0.00022013375)
(3.0826653e-07 -1.8105894e-06 0.0002672171)
(1.1762687e-07 -1.4708535e-06 0.00026114866)
(1.4148424e-07 -1.819535e-06 0.00025202828)
(1.3663642e-08 -1.1962724e-07 0.00016419296)
(-9.2415056e-09 -1.7827789e-09 0.00010504222)
(-8.6823047e-08 2.4368567e-07 0.0001023189)
(2.2592639e-07 -9.2150829e-07 0.00024592697)
(-8.2381942e-08 1.3403573e-07 0.00022529445)
(6.929821e-08 -3.2503675e-07 0.00022009282)
(6.509964e-07 -1.7144062e-06 0.00026717578)
(3.7455479e-07 -1.4178126e-06 0.00026109385)
(4.6475211e-07 -1.7611132e-06 0.00025198467)
(4.3450711e-08 -1.2175314e-07 0.00016418299)
(-5.5539785e-09 -1.0414658e-08 0.00010503831)
(-1.2556555e-07 2.0978914e-07 0.00010229881)
(4.1915571e-07 -8.6271745e-07 0.00024589992)
(-1.1471898e-07 1.2904741e-07 0.00022527818)
(1.3546897e-07 -3.1409754e-07 0.00022004782)
(1.0090129e-06 -1.5626028e-06 0.00026714835)
(6.5929846e-07 -1.3226655e-06 0.00026103716)
(8.2261419e-07 -1.6290782e-06 0.00025195019)
(7.3821848e-08 -1.0582991e-07 0.00016417793)
(-1.5395629e-07 1.7728795e-07 0.00010228687)
(5.9484442e-07 -7.4807614e-07 0.00024588379)
(2.0264133e-07 -2.6826232e-07 0.00022001856)
(9.3545478e-07 -1.1625953e-06 0.00026100195)
(1.1467595e-06 -1.4204387e-06 0.00025192997)
(-8.4365808e-09 -2.3837747e-08 0.00015695562)
(2.7723345e-07 3.9571051e-07 0.00010029658)
(2.3930826e-07 2.78885e-07 9.9093721e-05)
(-6.1838077e-07 -7.7415507e-07 0.00023557247)
(-4.5049904e-07 -7.1284099e-07 0.00021598434)
(-5.0441912e-07 -6.4395592e-07 0.00021336905)
(-5.8116793e-07 -9.2126533e-07 0.00025590502)
(-9.8777108e-07 -1.2387684e-06 0.00025295719)
(-1.3026145e-06 -1.6093829e-06 0.00024106032)
(1.3010749e-08 -1.7442995e-08 0.0001569762)
(2.0295988e-07 4.5559629e-07 0.0001003114)
(1.9645162e-07 3.2999497e-07 9.9106188e-05)
(-4.3507858e-07 -8.8109694e-07 0.0002356041)
(-2.8846778e-07 -7.7264883e-07 0.00021601718)
(-3.4191332e-07 -7.2860172e-07 0.00021339811)
(-3.8208352e-07 -1.0224343e-06 0.00025594465)
(-7.0217986e-07 -1.4223243e-06 0.00025299453)
(-9.4565688e-07 -1.8425597e-06 0.00024109137)
(2.0757689e-08 4.0499745e-09 0.0001570025)
(1.0812024e-07 5.0353897e-07 0.00010032307)
(1.3394458e-07 3.8350286e-07 9.9121549e-05)
(-2.5301267e-07 -9.3860377e-07 0.00023564386)
(-1.387101e-07 -7.9790995e-07 0.00021604681)
(-1.8875501e-07 -7.6508034e-07 0.00021343706)
(-1.8867846e-07 -1.0737735e-06 0.00025597584)
(-4.1288046e-07 -1.5322405e-06 0.00025304253)
(-5.7040167e-07 -1.9923526e-06 0.00024112908)
(9.6417173e-09 2.1219635e-08 0.00015701608)
(9.6238621e-11 5.2205717e-07 0.00010032595)
(4.806699e-08 4.1833029e-07 9.912934e-05)
(-8.2414851e-08 -9.6202757e-07 0.00023566397)
(2.2464931e-10 -8.0510901e-07 0.00021605614)
(-5.8832639e-08 -7.7618649e-07 0.00021346084)
(6.2476277e-10 -1.0885788e-06 0.00025598342)
(-1.348795e-07 -1.5796941e-06 0.0002530692)
(-1.9040379e-07 -2.0647165e-06 0.00024114577)
(-9.5624344e-09 2.1185405e-08 0.00015701386)
(-1.0818695e-07 5.035793e-07 0.00010032071)
(-4.7960867e-08 4.1831661e-07 9.912798e-05)
(8.2965052e-08 -9.6207264e-07 0.00023566043)
(1.3884212e-07 -7.9783275e-07 0.00021604161)
(6.007611e-08 -7.7612063e-07 0.00021345784)
(1.8964702e-07 -1.0735974e-06 0.00025596884)
(1.3670493e-07 -1.5796166e-06 0.00025306527)
(1.9124894e-07 -2.0647356e-06 0.00024114196)
(-2.0536523e-08 4.2032838e-09 0.0001569972)
(-2.0303326e-07 4.5548806e-07 0.00010030914)
(-1.3384701e-07 3.8357569e-07 9.9118343e-05)
(2.5384112e-07 -9.3820929e-07 0.00023563524)
(2.8830117e-07 -7.7290589e-07 0.00021601185)
(1.9004737e-07 -7.6463344e-07 0.00021343011)
(3.8249506e-07 -1.0226324e-06 0.00025593756)
(4.1492381e-07 -1.5316413e-06 0.00025303289)
(5.7168296e-07 -1.9919034e-06 0.00024111946)
(-1.408659e-08 -1.8290741e-08 0.00015697413)
(-2.7791906e-07 3.9504728e-07 0.00010029562)
(-1.9704983e-07 3.2942688e-07 9.910534e-05)
(4.3362842e-07 -8.8210356e-07 0.00023560033)
(4.5022212e-07 -7.1339203e-07 0.00021598315)
(3.4167218e-07 -7.2913798e-07 0.00021339548)
(5.811199e-07 -9.2163089e-07 0.00025590461)
(7.0222897e-07 -1.4228629e-06 0.00025299053)
(9.4403305e-07 -1.8437253e-06 0.00024108759)
(7.5546261e-09 -2.4774347e-08 0.00015695588)
(-2.4089356e-07 2.775683e-07 9.9093572e-05)
(6.1856886e-07 -7.7452478e-07 0.00023557464)
(5.0455792e-07 -6.4415937e-07 0.0002133711)
(9.8876452e-07 -1.2380531e-06 0.00025296055)
(1.3039676e-06 -1.6084054e-06 0.00024106519)
(-9.6618764e-08 -1.4583905e-07 0.00015236372)
(1.6112061e-07 2.1110352e-07 9.7312581e-05)
(1.8802884e-07 2.168084e-07 9.482377e-05)
(-8.6999256e-07 -1.1038323e-06 0.00022921413)
(-3.9248217e-07 -6.6319064e-07 0.00020991355)
(-4.2915777e-07 -5.5690706e-07 0.00020482952)
(-1.1063753e-06 -1.744434e-06 0.00024930646)
(-1.2360625e-06 -1.546829e-06 0.0002434415)
(-1.6812412e-06 -2.0939768e-06 0.00023468167)
(-4.0339089e-08 -1.5901952e-07 0.00015239006)
(1.3109385e-07 2.560903e-07 9.7330956e-05)
(1.6018228e-07 2.6082015e-07 9.4837364e-05)
(-6.0591318e-07 -1.2637241e-06 0.00022925651)
(-2.3754998e-07 -7.2406162e-07 0.00020995885)
(-2.8285642e-07 -6.342299e-07 0.00020486511)
(-7.2909963e-07 -1.9364225e-06 0.00024936353)
(-8.8084259e-07 -1.7740386e-06 0.00024348813)
(-1.2113178e-06 -2.4026699e-06 0.00023472471)
(-3.1613399e-09 -1.4507496e-07 0.00015242578)
(7.6043815e-08 2.9759191e-07 9.7348736e-05)
(1.1343728e-07 3.1096872e-07 9.4855864e-05)
(-3.4661371e-07 -1.3516726e-06 0.00022931487)
(-1.0657712e-07 -7.4484142e-07 0.00021000211)
(-1.501337e-07 -6.6438502e-07 0.00020491374)
(-3.5733301e-07 -2.0410301e-06 0.00024941888)
(-5.182851e-07 -1.9120888e-06 0.0002435524)
(-7.2197072e-07 -2.5994602e-06 0.00023478449)
(4.0418872e-09 -1.2845628e-07 0.00015244858)
(1.2556238e-10 3.143233e-07 9.7355233e-05)
(4.1331348e-08 3.4420484e-07 9.4867883e-05)
(-1.1064903e-07 -1.3868246e-06 0.00022935352)
(1.1846128e-09 -7.4819987e-07 0.00021001783)
(-4.5127051e-08 -6.6975182e-07 0.00020494542)
(1.3825238e-09 -2.0732015e-06 0.00024943925)
(-1.6926346e-07 -1.9738937e-06 0.00024359507)
(-2.3788159e-07 -2.6921112e-06 0.00023482447)
(-2.7960582e-09 -1.2836629e-07 0.00015244659)
(-7.5870734e-08 2.9759142e-07 9.7346644e-05)
(-4.2235408e-08 3.4408491e-07 9.4866449e-05)
(1.1315722e-07 -1.3866202e-06 0.00022935029)
(1.0881384e-07 -7.4443885e-07 0.00020999754)
(4.648177e-08 -6.6967123e-07 0.00020494236)
(3.6000966e-07 -2.0405736e-06 0.00024941252)
(1.7141351e-07 -1.9737636e-06 0.00024359114)
(2.4072127e-07 -2.6918917e-06 0.00023482092)
(4.3095221e-09 -1.4473207e-07 0.00015242115)
(-1.3106173e-07 2.558936e-07 9.7329368e-05)
(-1.1427409e-07 3.1068856e-07 9.4852399e-05)
(3.4909427e-07 -1.3509761e-06 0.00022930719)
(2.3943355e-07 -7.2361759e-07 0.00020995495)
(1.5150155e-07 -6.6403003e-07 0.00020490643)
(7.3148442e-07 -1.9358713e-06 0.00024935735)
(5.2053406e-07 -1.9115448e-06 0.00024354262)
(7.2490489e-07 -2.5986569e-06 0.00023477556)
(4.0558788e-08 -1.592578e-07 0.00015238945)
(-1.6172428e-07 2.1047946e-07 9.7312908e-05)
(-1.6127521e-07 2.5993948e-07 9.4836268e-05)
(6.0707893e-07 -1.2636243e-06 0.00022925417)
(3.9371046e-07 -6.6267386e-07 0.00020991473)
(2.8333379e-07 -6.3445685e-07 0.00020486218)
(1.1083337e-06 -1.7433098e-06 0.00024930679)
(8.8203859e-07 -1.7740479e-06 0.00024348359)
(1.2128934e-06 -2.4023737e-06 0.00023472112)
(9.5912574e-08 -1.4631943e-07 0.00015236621)
(-1.892765e-07 2.1577888e-07 9.4823711e-05)
(8.7085682e-07 -1.1028879e-06 0.000229218)
(4.299324e-07 -5.5646546e-07 0.00020483146)
(1.2381413e-06 -1.5453259e-06 0.00024344394)
(1.683705e-06 -2.0917747e-06 0.00023468618)
(-3.7957654e-08 -6.392358e-08 0.00014544293)
(1.8888708e-07 2.6553602e-07 9.2857151e-05)
(1.9966956e-07 2.3503793e-07 9.1242289e-05)
(-7.5287789e-07 -9.4816487e-07 0.00021899903)
(-3.1681641e-07 -5.2870184e-07 0.0002004954)
(-3.83817e-07 -4.952156e-07 0.00019689535)
(-1.0079826e-06 -1.5766166e-06 0.00023827456)
(-1.1687402e-06 -1.4589586e-06 0.00023394906)
(-1.571682e-06 -1.9487892e-06 0.00022421052)
(-3.0150428e-09 -6.4458305e-08 0.00014546347)
(1.4529066e-07 3.1474282e-07 9.287108e-05)
(1.659558e-07 2.8141271e-07 9.125454e-05)
(-5.2605086e-07 -1.0847491e-06 0.00021903739)
(-1.9171779e-07 -5.7514257e-07 0.00020053464)
(-2.5293659e-07 -5.6309607e-07 0.00019692917)
(-6.6677346e-07 -1.7496864e-06 0.00023832838)
(-8.3383611e-07 -1.6727999e-06 0.00023399474)
(-1.1362872e-06 -2.2355407e-06 0.00022425072)
(1.5601613e-08 -4.3888772e-08 0.00014549166)
(8.0628352e-08 3.573815e-07 9.2884284e-05)
(1.1498486e-07 3.3219689e-07 9.1271322e-05)
(-3.0205404e-07 -1.1590041e-06 0.00021909031)
(-8.6234392e-08 -5.8888459e-07 0.00020057243)
(-1.3416101e-07 -5.8795965e-07 0.00019697603)
(-3.2810281e-07 -1.8440845e-06 0.00023838044)
(-4.9123998e-07 -1.8024541e-06 0.00023405819)
(-6.7984953e-07 -2.4196768e-06 0.00022430626)
(8.8340859e-09 -2.4664558e-08 0.00014550977)
(-1.0290101e-09 3.7414146e-07 9.2888832e-05)
(4.1167593e-08 3.6562316e-07 9.1282393e-05)
(-9.7043829e-08 -1.1879352e-06 0.00021912546)
(1.8173315e-10 -5.9034158e-07 0.00020058605)
(-4.0401602e-08 -5.9101733e-07 0.00019700738)
(7.8787559e-10 -1.8731914e-06 0.00023839944)
(-1.605059e-07 -1.8602539e-06 0.00023410098)
(-2.24679e-07 -2.5070038e-06 0.00022434324)
(-9.6811767e-09 -2.4786649e-08 0.00014550773)
(-8.2657094e-08 3.5695929e-07 9.2882174e-05)
(-4.2903257e-08 3.6542524e-07 9.1281414e-05)
(9.8023409e-08 -1.1879181e-06 0.0002191222)
(8.6541402e-08 -5.8888609e-07 0.00020056764)
(4.1319817e-08 -5.9098235e-07 0.00019700492)
(3.2962365e-07 -1.8439054e-06 0.00023837407)
(1.6285517e-07 -1.860119e-06 0.00023409774)
(2.2717085e-07 -2.5068522e-06 0.00022433968)
(-1.62817e-08 -4.4126721e-08 0.00014548684)
(-1.4699055e-07 3.1388773e-07 9.2869431e-05)
(-1.165116e-07 3.3171564e-07 9.1269162e-05)
(3.0317424e-07 -1.1588099e-06 0.00021908243)
(1.9204238e-07 -5.7530629e-07 0.0002005302)
(1.3518761e-07 -5.8772102e-07 0.00019697047)
(6.682244e-07 -1.749538e-06 0.00023832211)
(4.9371931e-07 -1.8018777e-06 0.0002340504)
(6.8244414e-07 -2.4190554e-06 0.00022429728)
(2.095787e-09 -6.5250058e-08 0.00014546246)
(-1.9051915e-07 2.6432072e-07 9.2857367e-05)
(-1.6741776e-07 2.8037251e-07 9.1255343e-05)
(5.2653863e-07 -1.0850786e-06 0.00021903459)
(3.1694803e-07 -5.289291e-07 0.00020049568)
(2.5340705e-07 -5.6328705e-07 0.00019692866)
(1.0093528e-06 -1.576207e-06 0.00023827457)
(8.3556452e-07 -1.6725392e-06 0.00023399315)
(1.1379577e-06 -2.235242e-06 0.00022424697)
(3.8095709e-08 -6.4003764e-08 0.00014544483)
(-2.005618e-07 2.3424254e-07 9.1244365e-05)
(7.548169e-07 -9.4715373e-07 0.00021900213)
(3.8521421e-07 -4.9445518e-07 0.00019690008)
(1.1717008e-06 -1.4571469e-06 0.00023395488)
(1.574955e-06 -1.946777e-06 0.00022421443)
(-4.5173424e-08 -7.2712221e-08 0.00014009265)
(1.7825082e-07 2.498568e-07 8.9469845e-05)
(1.9462109e-07 2.282109e-07 8.7628618e-05)
(-7.47105e-07 -9.4180236e-07 0.00021088941)
(-3.182074e-07 -5.3104873e-07 0.00019308781)
(-3.8200347e-07 -4.9438504e-07 0.00018910166)
(-9.9336749e-07 -1.5563854e-06 0.00022943459)
(-1.1579164e-06 -1.4478305e-06 0.00022468665)
(-1.5472577e-06 -1.9202836e-06 0.00021587358)
(-8.3830379e-09 -7.438749e-08 0.00014011391)
(1.3808531e-07 2.9781518e-07 8.9484409e-05)
(1.6278893e-07 2.7380548e-07 8.7640606e-05)
(-5.2141849e-07 -1.0771605e-06 0.00021092816)
(-1.9252142e-07 -5.7735298e-07 0.00019312814)
(-2.5076394e-07 -5.6208632e-07 0.00018913507)
(-6.5617542e-07 -1.7268319e-06 0.00022948873)
(-8.2470943e-07 -1.6602263e-06 0.00022473161)
(-1.1176393e-06 -2.2027176e-06 0.00021591359)
(1.2295692e-08 -5.4364472e-08 0.00014014335)
(7.7082949e-08 3.4008846e-07 8.9498424e-05)
(1.1344786e-07 3.2456191e-07 8.7656923e-05)
(-2.9891882e-07 -1.1501383e-06 0.00021098213)
(-8.6455459e-08 -5.9070635e-07 0.00019316736)
(-1.3227084e-07 -5.8633235e-07 0.00018918138)
(-3.2225329e-07 -1.8192621e-06 0.00022954164)
(-4.8485624e-07 -1.7884229e-06 0.00022479425)
(-6.6795204e-07 -2.3834559e-06 0.00021596954)
(7.934819e-09 -3.5227159e-08 0.00014016275)
(-7.3605853e-10 3.5686785e-07 8.9503534e-05)
(4.0955696e-08 3.582456e-07 8.7667628e-05)
(-9.5570871e-08 -1.1781487e-06 0.00021101855)
(7.0382157e-10 -5.9189514e-07 0.00019318192)
(-3.9292727e-08 -5.8883818e-07 0.00018921245)
(1.5417139e-09 -1.8475374e-06 0.00022956142)
(-1.5772278e-07 -1.8452698e-06 0.00022483669)
(-2.2016139e-07 -2.4687691e-06 0.00021600736)
(-7.9667555e-09 -3.5261135e-08 0.00014016108)
(-7.8529698e-08 3.3978901e-07 8.9496876e-05)
(-4.191168e-08 3.5812961e-07 8.7666733e-05)
(9.7831211e-08 -1.1780017e-06 0.00021101576)
(8.7802145e-08 -5.9048978e-07 0.00019316339)
(4.149779e-08 -5.8867336e-07 0.00018921015)
(3.252711e-07 -1.8187885e-06 0.00022953625)
(1.6172799e-07 -1.8449779e-06 0.00022483365)
(2.2411231e-07 -2.4684776e-06 0.00021600424)
(-1.2180793e-08 -5.4362492e-08 0.00014013955)
(-1.392019e-07 2.9721994e-07 8.9483705e-05)
(-1.1425398e-07 3.2431507e-07 8.7654971e-05)
(3.0128739e-07 -1.1495609e-06 0.00021097559)
(1.9391394e-07 -5.7705186e-07 0.00019312506)
(1.3449182e-07 -5.8572486e-07 0.0001891762)
(6.5915874e-07 -1.7260515e-06 0.0002294842)
(4.8887397e-07 -1.7874003e-06 0.000224787)
(6.7197063e-07 -2.3824308e-06 0.00021596182)
(8.2282436e-09 -7.4772628e-08 0.00014011416)
(-1.7936148e-07 2.4897653e-07 8.947121e-05)
(-1.6359497e-07 2.7319837e-07 8.7641599e-05)
(5.2312892e-07 -1.0768146e-06 0.00021092713)
(3.1942078e-07 -5.3060313e-07 0.00019308983)
(2.5233292e-07 -5.6161323e-07 0.00018913492)
(9.9621747e-07 -1.5550389e-06 0.00022943693)
(8.278574e-07 -1.6591697e-06 0.0002247306)
(1.1207327e-06 -2.2016922e-06 0.00021591169)
(4.5485778e-08 -7.2700152e-08 0.00014009613)
(-1.9507358e-07 2.2789509e-07 8.7631081e-05)
(7.4955553e-07 -9.4033748e-07 0.00021089479)
(3.8409959e-07 -4.9293083e-07 0.00018910701)
(1.161764e-06 -1.4452004e-06 0.00022469332)
(1.5513364e-06 -1.9176149e-06 0.00021588013)
(-4.1801265e-08 -7.0646839e-08 0.000134373)
(1.807652e-07 2.5109187e-07 8.5825063e-05)
(1.9368451e-07 2.2542348e-07 8.403789e-05)
(-7.4156741e-07 -9.378102e-07 0.00020224974)
(-3.1258007e-07 -5.267106e-07 0.00018518752)
(-3.82329e-07 -4.981119e-07 0.00018130877)
(-9.8771007e-07 -1.5526502e-06 0.00022002349)
(-1.1592174e-06 -1.4531016e-06 0.00021540375)
(-1.5414683e-06 -1.9159686e-06 0.00020701715)
(-4.5960742e-09 -7.212546e-08 0.00013439341)
(1.4068658e-07 2.9950664e-07 8.5838924e-05)
(1.6356925e-07 2.7124911e-07 8.4050464e-05)
(-5.1569601e-07 -1.0729055e-06 0.00020228788)
(-1.873947e-07 -5.7232634e-07 0.00018522692)
(-2.4830983e-07 -5.6604876e-07 0.00018134257)
(-6.5093341e-07 -1.7227849e-06 0.00022007692)
(-8.2295515e-07 -1.6662991e-06 0.00021544889)
(-1.1118582e-06 -2.1983456e-06 0.00020705681)
(1.5464919e-08 -5.1469023e-08 0.00013442146)
(7.8893214e-08 3.4241094e-07 8.5852097e-05)
(1.1502874e-07 3.2324156e-07 8.4067498e-05)
(-2.9432278e-07 -1.1450887e-06 0.00020234086)
(-8.3097968e-08 -5.8483435e-07 0.00018526513)
(-1.2886385e-07 -5.8879967e-07 0.00018138934)
(-3.1873173e-07 -1.8147005e-06 0.00022012909)
(-4.8188124e-07 -1.7935764e-06 0.00021551171)
(-6.6339765e-07 -2.3786093e-06 0.00020711216)
(9.5236154e-09 -3.1886028e-08 0.00013443971)
(-2.4030279e-10 3.5951222e-07 8.5856872e-05)
(4.2047976e-08 3.5798763e-07 8.4078682e-05)
(-9.3327488e-08 -1.172475e-06 0.00020237654)
(1.4779098e-09 -5.8558701e-07 0.00018527936)
(-3.7254973e-08 -5.8980241e-07 0.00018142071)
(2.4518712e-09 -1.842664e-06 0.00022014869)
(-1.5577033e-07 -1.8492476e-06 0.00021555432)
(-2.1794934e-07 -2.4635341e-06 0.00020714957)
(-8.3153132e-09 -3.1800254e-08 0.0001344382)
(-7.9411704e-08 3.4230715e-07 8.5850791e-05)
(-4.1884833e-08 3.5798582e-07 8.4077906e-05)
(9.7242491e-08 -1.1721694e-06 0.00020237399)
(8.589945e-08 -5.8433387e-07 0.00018526161)
(4.1138873e-08 -5.8948078e-07 0.00018141865)
(3.23461e-07 -1.8139145e-06 0.00022012418)
(1.6166662e-07 -1.848787e-06 0.00021555155)
(2.2353285e-07 -2.463099e-06 0.00020714668)
(-1.4235274e-08 -5.1124372e-08 0.00013441815)
(-1.4103901e-07 2.9930724e-07 8.5838673e-05)
(-1.1479806e-07 3.2332271e-07 8.4065894e-05)
(2.9816458e-07 -1.144066e-06 0.00020233499)
(1.8997931e-07 -5.7146941e-07 0.00018522468)
(1.3264287e-07 -5.8774338e-07 0.00018138482)
(6.5531276e-07 -1.7214046e-06 0.0002200732)
(4.8764804e-07 -1.7920769e-06 0.00021550522)
(6.688629e-07 -2.3771945e-06 0.00020710507)
(5.4444117e-09 -7.1868508e-08 0.0001343944)
(-1.8121706e-07 2.5084608e-07 8.5827097e-05)
(-1.6346434e-07 2.7117494e-07 8.4051903e-05)
(5.1868075e-07 -1.0717497e-06 0.00020228781)
(3.1462053e-07 -5.2550375e-07 0.00018519063)
(2.5125644e-07 -5.6485584e-07 0.00018134327)
(9.9148238e-07 -1.5505593e-06 0.00022002678)
(8.2763928e-07 -1.6644893e-06 0.00021544877)
(1.1162014e-06 -2.1966307e-06 0.00020705562)
(4.310366e-08 -6.9596624e-08 0.00013437742)
(-1.9331788e-07 2.2585156e-07 8.404078e-05)
(7.4506189e-07 -9.3525638e-07 0.00020225621)
(3.8563268e-07 -4.9566107e-07 0.0001813148)
(1.16439e-06 -1.4494643e-06 0.0002154111)
(1.5463912e-06 -1.9125275e-06 0.00020702435)
(-4.7521e-08 -8.0511637e-08 0.00012875305)
(1.7829619e-07 2.4436947e-07 8.2243498e-05)
(1.9050697e-07 2.2044025e-07 8.0421816e-05)
(-7.4867321e-07 -9.5072258e-07 0.00019377538)
(-3.1591973e-07 -5.3889893e-07 0.0001774349)
(-3.859378e-07 -5.047625e-07 0.00017349565)
(-9.9285516e-07 -1.567855e-06 0.00021079952)
(-1.1635444e-06 -1.4611068e-06 0.00020611418)
(-1.5485153e-06 -1.9286723e-06 0.00019833983)
(-5.6729378e-09 -8.1786129e-08 0.0001287751)
(1.4073081e-07 2.9381264e-07 8.2258682e-05)
(1.6221828e-07 2.6686049e-07 8.0434111e-05)
(-5.1721094e-07 -1.0871825e-06 0.0001938146)
(-1.8641108e-07 -5.8393528e-07 0.00017747581)
(-2.4949078e-07 -5.7298993e-07 0.0001735293)
(-6.5132293e-07 -1.7381869e-06 0.00021085392)
(-8.245797e-07 -1.6754389e-06 0.00020615902)
(-1.1138635e-06 -2.2132275e-06 0.00019838017)
(1.7196156e-08 -5.8279908e-08 0.00012880522)
(7.9930474e-08 3.3846783e-07 8.2273157e-05)
(1.1512564e-07 3.2044748e-07 8.0450748e-05)
(-2.9257639e-07 -1.1578661e-06 0.00019386898)
(-8.0856003e-08 -5.9421522e-07 0.0001775155)
(-1.2831135e-07 -5.9481958e-07 0.00017357577)
(-3.1725596e-07 -1.8284805e-06 0.00021090705)
(-4.8161829e-07 -1.8026336e-06 0.00020622136)
(-6.6243709e-07 -2.3933284e-06 0.00019843642)
(1.1086264e-08 -3.6000556e-08 0.00012882496)
(3.9329145e-10 3.5645859e-07 8.2278549e-05)
(4.2715082e-08 3.5657412e-07 8.0461758e-05)
(-9.1603607e-08 -1.1832836e-06 0.00019390571)
(2.3947358e-09 -5.9371245e-07 0.00017753047)
(-3.6159566e-08 -5.947189e-07 0.00017360708)
(3.444417e-09 -1.855396e-06 0.00021092723)
(-1.5475319e-07 -1.8576981e-06 0.00020626371)
(-2.1666649e-07 -2.4772649e-06 0.00019847456)
(-8.3323706e-09 -3.5768559e-08 0.00012882363)
(-7.9209077e-08 3.3861299e-07 8.2272063e-05)
(-4.1106856e-08 3.5671166e-07 8.0461079e-05)
(9.7429708e-08 -1.1828098e-06 0.00019390342)
(8.5456418e-08 -5.9338968e-07 0.0001775124)
(4.2146e-08 -5.9420374e-07 0.0001736052)
(3.2392945e-07 -1.8273581e-06 0.00021090267)
(1.6286382e-07 -1.8570442e-06 0.00020626117)
(2.2396403e-07 -2.4766848e-06 0.00019847194)
(-1.4492867e-08 -5.7520947e-08 0.00012880237)
(-1.399005e-07 2.94078e-07 8.2258712e-05)
(-1.1356404e-07 3.2092586e-07 8.0449378e-05)
(2.9824535e-07 -1.1563532e-06 0.0001938638)
(1.9074283e-07 -5.8246406e-07 0.00017747414)
(1.3403203e-07 -5.9321435e-07 0.00017357173)
(6.5759849e-07 -1.7361736e-06 0.00021085092)
(4.8943362e-07 -1.8005914e-06 0.00020621544)
(6.6954597e-07 -2.3915e-06 0.00019843005)
(7.8106489e-09 -8.0949529e-08 0.00012877646)
(-1.7774645e-07 2.4471951e-07 8.2245767e-05)
(-1.6097671e-07 2.6740926e-07 8.0435677e-05)
(5.2182459e-07 -1.08535e-06 0.00019381512)
(3.1961704e-07 -5.368044e-07 0.00017743845)
(2.5411939e-07 -5.7095331e-07 0.00017353026)
(9.9846286e-07 -1.5648171e-06 0.00021080336)
(8.3104362e-07 -1.672805e-06 0.00020615925)
(1.1196683e-06 -2.210944e-06 0.00019837962)
(4.9871787e-08 -7.8789512e-08 0.00012875774)
(-1.8931847e-07 2.2155003e-07 8.0424893e-05)
(7.5364751e-07 -9.4724604e-07 0.00019378223)
(3.9046493e-07 -5.014191e-07 0.00017350193)
(1.1699862e-06 -1.4566494e-06 0.00020612173)
(1.5549199e-06 -1.9243632e-06 0.00019834736)
(-4.8348377e-08 -8.1962479e-08 0.00012307222)
(1.762445e-07 2.4171846e-07 7.8619971e-05)
(1.8975048e-07 2.1899928e-07 7.6809565e-05)
(-7.4923043e-07 -9.5212422e-07 0.00018521681)
(-3.173034e-07 -5.4032315e-07 0.00016960176)
(-3.8596686e-07 -5.0547133e-07 0.00016568051)
(-9.9358297e-07 -1.5698105e-06 0.00020148565)
(-1.1637588e-06 -1.4620035e-06 0.00019681763)
(-1.5493241e-06 -1.9305644e-06 0.0001895751)
(-7.0508796e-09 -8.3243422e-08 0.00012309321)
(1.3946718e-07 2.923129e-07 7.8634339e-05)
(1.614879e-07 2.6573621e-07 7.682168e-05)
(-5.182479e-07 -1.0884851e-06 0.00018525467)
(-1.8792943e-07 -5.8530488e-07 0.0001696411)
(-2.4987344e-07 -5.7333114e-07 0.00016571268)
(-6.5219641e-07 -1.7409892e-06 0.00020153838)
(-8.2511701e-07 -1.676107e-06 0.00019686048)
(-1.1147681e-06 -2.2153493e-06 0.00018961419)
(1.6101698e-08 -6.0213665e-08 0.00012312202)
(7.9726482e-08 3.3819285e-07 7.8648116e-05)
(1.1477584e-07 3.1959603e-07 7.6838086e-05)
(-2.9331055e-07 -1.1594757e-06 0.00018530719)
(-8.1383019e-08 -5.9576376e-07 0.00016967935)
(-1.2853474e-07 -5.9508896e-07 0.00016575716)
(-3.1740126e-07 -1.8321865e-06 0.00020158991)
(-4.8196391e-07 -1.8033983e-06 0.00019692007)
(-6.6295125e-07 -2.3958402e-06 0.00018966871)
(1.1269656e-08 -3.820083e-08 0.00012314107)
(1.2153831e-09 3.5682784e-07 7.8653301e-05)
(4.3085895e-08 3.5599221e-07 7.6848958e-05)
(-9.1141674e-08 -1.1850436e-06 0.00018534275)
(3.5928695e-09 -5.952064e-07 0.00016969387)
(-3.561592e-08 -5.9494086e-07 0.00016578717)
(4.6770771e-09 -1.8593405e-06 0.00020160954)
(-1.5429711e-07 -1.8585694e-06 0.00019696058)
(-2.1620569e-07 -2.4799376e-06 0.00018970563)
(-6.5288931e-09 -3.7780575e-08 0.00012313987)
(-7.7443168e-08 3.3863078e-07 7.8647173e-05)
(-3.9917571e-08 3.5627501e-07 7.6848366e-05)
(9.9371358e-08 -1.1843507e-06 0.00018534064)
(8.8261555e-08 -5.9451424e-07 0.00016967655)
(4.3681358e-08 -5.9423996e-07 0.00016578548)
(3.2642276e-07 -1.8306587e-06 0.00020158587)
(1.6435388e-07 -1.8577544e-06 0.00019695826)
(2.2557548e-07 -2.4791872e-06 0.00018970319)
(-1.1614314e-08 -5.8922859e-08 0.00012311947)
(-1.3734319e-07 2.9313736e-07 7.8634545e-05)
(-1.1176489e-07 3.2048772e-07 7.6836949e-05)
(3.0113808e-07 -1.1573532e-06 0.00018530246)
(1.9415279e-07 -5.8304901e-07 0.00016963976)
(1.3619825e-07 -5.9295011e-07 0.00016575359)
(6.6041925e-07 -1.7382357e-06 0.00020153578)
(4.9160891e-07 -1.8008955e-06 0.00019691474)
(6.7192546e-07 -2.3935487e-06 0.00018966279)
(1.0708068e-08 -8.1529486e-08 0.00012309475)
(-1.7464491e-07 2.428394e-07 7.8622347e-05)
(-1.5900616e-07 2.668795e-07 7.6823453e-05)
(5.2468576e-07 -1.0856483e-06 0.00018525546)
(3.2237931e-07 -5.3729321e-07 0.00016960547)
(2.5616833e-07 -5.705101e-07 0.00016571407)
(1.0005228e-06 -1.5659962e-06 0.00020148963)
(8.3316653e-07 -1.6727912e-06 0.00019686123)
(1.1221834e-06 -2.2123055e-06 0.00018961394)
(5.1684918e-08 -7.9340188e-08 0.00012307695)
(-1.8760407e-07 2.2078442e-07 7.6812695e-05)
(7.5519851e-07 -9.4783413e-07 0.00018522368)
(3.9180445e-07 -5.0121835e-07 0.00016568689)
(1.1714949e-06 -1.4567427e-06 0.00019682529)
(1.5564338e-06 -1.9258504e-06 0.00018958258)
(-4.7937436e-08 -8.2207624e-08 0.00011741111)
(1.7677221e-07 2.4182834e-07 7.5011792e-05)
(1.9067758e-07 2.1988006e-07 7.3203104e-05)
(-7.4844303e-07 -9.5175154e-07 0.00017668064)
(-3.1637682e-07 -5.3992311e-07 0.00016179175)
(-3.850025e-07 -5.0405886e-07 0.00015787055)
(-9.9364554e-07 -1.5694008e-06 0.00019219263)
(-1.1631004e-06 -1.4606261e-06 0.00018752341)
(-1.5491982e-06 -1.9304047e-06 0.00018082825)
(-6.5271489e-09 -8.2768475e-08 0.00011743094)
(1.3958031e-07 2.9186537e-07 7.5025305e-05)
(1.6140009e-07 2.665461e-07 7.3213673e-05)
(-5.1776352e-07 -1.0875032e-06 0.00017671639)
(-1.8709232e-07 -5.8451878e-07 0.00016182891)
(-2.5060194e-07 -5.714687e-07 0.00015790015)
(-6.5226607e-07 -1.7396009e-06 0.00019224236)
(-8.2617991e-07 -1.6739291e-06 0.00018756309)
(-1.1150768e-06 -2.2146043e-06 0.00018086511)
(1.6756719e-08 -5.8960371e-08 0.00011745807)
(7.9902724e-08 3.3704349e-07 7.5038185e-05)
(1.1434226e-07 3.1950551e-07 7.3227913e-05)
(-2.9290429e-07 -1.1581027e-06 0.00017676591)
(-8.0565736e-08 -5.9470445e-07 0.00016186498)
(-1.2972483e-07 -5.9404195e-07 0.000157941)
(-3.1716142e-07 -1.8301192e-06 0.00019229092)
(-4.8338971e-07 -1.8016772e-06 0.00018761822)
(-6.6326365e-07 -2.3948802e-06 0.00018091643)
(1.2032633e-08 -3.6444784e-08 0.00011747594)
(1.9670953e-09 3.5543936e-07 7.5043003e-05)
(4.329147e-08 3.5506703e-07 7.3237222e-05)
(-9.0517395e-08 -1.1835023e-06 0.00017679941)
(4.4936292e-09 -5.9397442e-07 0.00016187866)
(-3.5582144e-08 -5.9483998e-07 0.00015796844)
(5.408835e-09 -1.8569833e-06 0.00019230943)
(-1.5437515e-07 -1.8575988e-06 0.00018765564)
(-2.1604144e-07 -2.4789872e-06 0.00018095119)
(-5.6518591e-09 -3.5878583e-08 0.00011747481)
(-7.6138091e-08 3.3775394e-07 7.50373e-05)
(-3.8648884e-08 3.5548614e-07 7.3236617e-05)
(1.0037093e-07 -1.1826784e-06 0.00017679744)
(8.9233353e-08 -5.9315054e-07 0.00016186238)
(4.5687295e-08 -5.9395871e-07 0.00015796681)
(3.2765142e-07 -1.828367e-06 0.00019228716)
(1.6636778e-07 -1.8566256e-06 0.00018765343)
(2.2644964e-07 -2.4781704e-06 0.0001809489)
(-1.0678442e-08 -5.7237503e-08 0.0001174557)
(-1.3604425e-07 2.9314527e-07 7.5025526e-05)
(-1.0996538e-07 3.2078294e-07 7.3226699e-05)
(3.0234563e-07 -1.1555866e-06 0.00017676153)
(1.9505161e-07 -5.8172191e-07 0.00016182777)
(1.3928995e-07 -5.9139013e-07 0.00015793752)
(6.6197109e-07 -1.7364393e-06 0.00019224007)
(4.948502e-07 -1.7987264e-06 0.00018761311)
(6.7332037e-07 -2.3923749e-06 0.00018091093)
(1.1540763e-08 -8.051814e-08 0.00011743249)
(-1.7400761e-07 2.4345949e-07 7.5014078e-05)
(-1.577576e-07 2.6824708e-07 7.3215129e-05)
(5.2562692e-07 -1.0841956e-06 0.00017671734)
(3.2306626e-07 -5.3612428e-07 0.00016179547)
(2.5853302e-07 -5.678926e-07 0.00015790133)
(1.0021435e-06 -1.5648709e-06 0.00019219669)
(8.3580827e-07 -1.6699523e-06 0.00018756373)
(1.1234707e-06 -2.2113192e-06 0.00018086509)
(5.2508016e-08 -7.8856372e-08 0.00011741571)
(-1.8765828e-07 2.2228054e-07 7.3205913e-05)
(7.5601627e-07 -9.4655247e-07 0.00017668743)
(3.9212208e-07 -4.9894466e-07 0.00015787663)
(1.1721042e-06 -1.4546066e-06 0.00018753082)
(1.5577902e-06 -1.9248922e-06 0.00018083568)
(-4.614594e-08 -7.9301755e-08 0.00011175169)
(1.7700731e-07 2.4346021e-07 7.1405847e-05)
(1.9158506e-07 2.2067782e-07 6.9599789e-05)
(-7.472252e-07 -9.4887488e-07 0.00016814264)
(-3.1717026e-07 -5.3697999e-07 0.00015398059)
(-3.8463536e-07 -5.0318029e-07 0.00015006835)
(-9.9407479e-07 -1.5661975e-06 0.00018289566)
(-1.1628465e-06 -1.4596213e-06 0.00017823902)
(-1.5479938e-06 -1.9274786e-06 0.00017207732)
(-7.6384549e-09 -8.0195631e-08 0.00011176946)
(1.3880982e-07 2.9308857e-07 7.1417759e-05)
(1.6107112e-07 2.6655672e-07 6.960936e-05)
(-5.1976068e-07 -1.0839419e-06 0.00016817499)
(-1.9001675e-07 -5.8232588e-07 0.00015401408)
(-2.5225166e-07 -5.7066345e-07 0.00015009499)
(-6.5482261e-07 -1.737034e-06 0.00018294079)
(-8.2797598e-07 -1.6723998e-06 0.00017827492)
(-1.1166408e-06 -2.2104149e-06 0.00017211073)
(1.4598262e-08 -5.8945875e-08 0.00011179371)
(7.9378896e-08 3.3720089e-07 7.1429047e-05)
(1.135475e-07 3.1766242e-07 6.9622298e-05)
(-2.9575946e-07 -1.1561858e-06 0.00016821979)
(-8.2653364e-08 -5.9459355e-07 0.00015404653)
(-1.3175433e-07 -5.9488033e-07 0.0001501318)
(-3.1898209e-07 -1.82948e-06 0.00018298487)
(-4.8548613e-07 -1.8010809e-06 0.00017832487)
(-6.6551776e-07 -2.3912789e-06 0.00017215733)
(1.1536711e-08 -3.8810366e-08 0.00011180949)
(2.7003475e-09 3.5511372e-07 7.1433203e-05)
(4.3286438e-08 3.5173168e-07 6.9630779e-05)
(-9.1128999e-08 -1.1834335e-06 0.00016825003)
(5.6474806e-09 -5.9482466e-07 0.00015405878)
(-3.5840257e-08 -5.9715986e-07 0.00015015654)
(6.626072e-09 -1.8572416e-06 0.00018300163)
(-1.5461147e-07 -1.8580077e-06 0.00017835879)
(-2.1644148e-07 -2.4764473e-06 0.00017218889)
(-3.295206e-09 -3.8070006e-08 0.00011180841)
(-7.4222851e-08 3.3816734e-07 7.1428166e-05)
(-3.7325351e-08 3.5227802e-07 6.9630192e-05)
(1.0333612e-07 -1.1824001e-06 0.00016824818)
(9.35156e-08 -5.9264226e-07 0.0001540441)
(4.8084524e-08 -5.9608248e-07 0.00015015501)
(3.317925e-07 -1.8273385e-06 0.00018298138)
(1.6886706e-07 -1.85684e-06 0.00017835673)
(2.289688e-07 -2.4754597e-06 0.00017218677)
(-6.8609115e-09 -5.674115e-08 0.00011179145)
(-1.3413651e-07 2.9486583e-07 7.1417901e-05)
(-1.079674e-07 3.1929893e-07 6.9621119e-05)
(3.0730435e-07 -1.1530964e-06 0.00016821572)
(1.9980628e-07 -5.7879023e-07 0.0001540131)
(1.4328473e-07 -5.9167737e-07 0.00015012857)
(6.6646489e-07 -1.7331609e-06 0.0001829388)
(4.9903154e-07 -1.7975889e-06 0.00017832013)
(6.774741e-07 -2.3883162e-06 0.00017215224)
(1.4065532e-08 -7.714279e-08 0.00011177094)
(-1.7332884e-07 2.4578438e-07 7.1407949e-05)
(-1.5641306e-07 2.6881838e-07 6.9610723e-05)
(5.2941179e-07 -1.0796817e-06 0.00016817607)
(3.2522626e-07 -5.322924e-07 0.00015398431)
(2.6187264e-07 -5.6624107e-07 0.00015009625)
(1.0039174e-06 -1.5609258e-06 0.00018289984)
(8.3940909e-07 -1.6675981e-06 0.00017827577)
(1.1266889e-06 -2.2063788e-06 0.00017211097)
(5.1597503e-08 -7.5171091e-08 0.00011175613)
(-1.8780227e-07 2.2372289e-07 6.9602331e-05)
(7.5573479e-07 -9.4295266e-07 0.00016814941)
(3.9301979e-07 -4.971231e-07 0.00015007418)
(1.1731889e-06 -1.4527277e-06 0.00017824627)
(1.5572999e-06 -1.9215971e-06 0.00017208481)
(-4.6514957e-08 -8.0368937e-08 0.00010610089)
(1.7717828e-07 2.4275194e-07 6.7804205e-05)
(1.915862e-07 2.1979914e-07 6.5999804e-05)
(-7.4751421e-07 -9.4949847e-07 0.00015962123)
(-3.1781949e-07 -5.381321e-07 0.00014618311)
(-3.8457331e-07 -5.0431102e-07 0.00014227614)
(-9.9528302e-07 -1.5668025e-06 0.00017361844)
(-1.162892e-06 -1.4607107e-06 0.00016896994)
(-1.5477265e-06 -1.9269816e-06 0.00016334564)
(-8.5762265e-09 -8.2161703e-08 0.00010611634)
(1.3822473e-07 2.9012907e-07 6.7814575e-05)
(1.6090324e-07 2.6471351e-07 6.600861e-05)
(-5.2096443e-07 -1.0847304e-06 0.00015965039)
(-1.9100941e-07 -5.8445313e-07 0.00014621317)
(-2.5215527e-07 -5.7218815e-07 0.00014230098)
(-6.5631579e-07 -1.7374097e-06 0.00017365935)
(-8.2798205e-07 -1.6733498e-06 0.00016900341)
(-1.1175157e-06 -2.209278e-06 0.00016337595)
(1.3750292e-08 -6.2363096e-08 0.00010613755)
(7.8983811e-08 3.3188889e-07 6.7824457e-05)
(1.1339062e-07 3.1459498e-07 6.6020552e-05)
(-2.9686923e-07 -1.1578473e-06 0.00015969086)
(-8.3005217e-08 -5.978323e-07 0.00014624236)
(-1.3143834e-07 -5.9687522e-07 0.00014233537)
(-3.195982e-07 -1.8299109e-06 0.00017369934)
(-4.851784e-07 -1.8019045e-06 0.00016904999)
(-6.6645376e-07 -2.3901661e-06 0.00016341823)
(1.1674952e-08 -4.3148169e-08 0.00010615143)
(3.2926881e-09 3.4889601e-07 6.7828083e-05)
(4.355328e-08 3.479393e-07 6.6028418e-05)
(-9.0957516e-08 -1.185714e-06 0.00015971822)
(6.6412246e-09 -5.9841789e-07 0.00014625334)
(-3.5084716e-08 -5.9931506e-07 0.00014235854)
(7.6779616e-09 -1.8576064e-06 0.00017371451)
(-1.5378117e-07 -1.8586033e-06 0.00016908166)
(-2.1625991e-07 -2.4754369e-06 0.00016344693)
(-1.8553384e-09 -4.2258558e-08 0.00010615037)
(-7.2668048e-08 3.330915e-07 6.7823559e-05)
(-3.6483787e-08 3.4859418e-07 6.6027829e-05)
(1.0521045e-07 -1.1844966e-06 0.00015971645)
(9.5814249e-08 -5.9552373e-07 0.00014624)
(4.9291032e-08 -5.9805951e-07 0.00014235705)
(3.3447148e-07 -1.8274159e-06 0.000173696)
(1.7021619e-07 -1.85725e-06 0.00016907968)
(2.3069387e-07 -2.4742925e-06 0.00016344489)
(-4.5225078e-09 -5.9728591e-08 0.00010613531)
(-1.324781e-07 2.9232535e-07 6.781458e-05)
(-1.0680123e-07 3.1653837e-07 6.6019322e-05)
(3.1035604e-07 -1.1542307e-06 0.00015968692)
(2.0261792e-07 -5.8026121e-07 0.00014621212)
(1.4477115e-07 -5.9317137e-07 0.0001423322)
(6.699053e-07 -1.7328841e-06 0.00017365739)
(5.0073008e-07 -1.7978956e-06 0.00016904543)
(6.8023172e-07 -2.38675e-06 0.00016341336)
(1.6281993e-08 -7.8514372e-08 0.00010611758)
(-1.7260377e-07 2.45609e-07 6.7806001e-05)
(-1.5538983e-07 2.6746746e-07 6.6009673e-05)
(5.3231297e-07 -1.0797376e-06 0.0001596513)
(3.2750824e-07 -5.3251416e-07 0.00014618647)
(2.6333486e-07 -5.6698333e-07 0.00014230192)
(1.0069632e-06 -1.5605476e-06 0.00017362231)
(8.4115833e-07 -1.6677491e-06 0.00016900404)
(1.1291638e-06 -2.2046043e-06 0.00016337613)
(5.3100375e-08 -7.5434084e-08 0.00010610487)
(-1.8715351e-07 2.2342108e-07 6.6001983e-05)
(7.5767627e-07 -9.4246489e-07 0.00015962749)
(3.9412072e-07 -4.9738554e-07 0.00014228146)
(1.1745074e-06 -1.4529872e-06 0.0001689767)
(1.5587353e-06 -1.9200391e-06 0.00016335269)
(-4.6325656e-08 -8.1600532e-08 0.00010045146)
(1.7687897e-07 2.407131e-07 6.4202691e-05)
(1.9223574e-07 2.1935237e-07 6.2395976e-05)
(-7.4694786e-07 -9.5078065e-07 0.00015110758)
(-3.1700614e-07 -5.3963708e-07 0.00013839168)
(-3.831656e-07 -5.0475059e-07 0.00013447925)
(-9.9414264e-07 -1.5682234e-06 0.00016435285)
(-1.1614123e-06 -1.4614039e-06 0.00015969738)
(-1.5470251e-06 -1.9280494e-06 0.00015462544)
(-7.7307865e-09 -8.3600738e-08 0.00010046673)
(1.3854821e-07 2.8815214e-07 6.4213085e-05)
(1.6221738e-07 2.6431006e-07 6.24045e-05)
(-5.1953651e-07 -1.0861816e-06 0.00015113555)
(-1.8958193e-07 -5.8585272e-07 0.00013842074)
(-2.498394e-07 -5.7274303e-07 0.00013450316)
(-6.5453945e-07 -1.7387971e-06 0.00016439186)
(-8.254923e-07 -1.6743847e-06 0.00015972953)
(-1.1159992e-06 -2.2104872e-06 0.00015465434)
(1.4880864e-08 -6.3593088e-08 0.00010048779)
(7.9569647e-08 3.3032524e-07 6.4223039e-05)
(1.1485555e-07 3.1470552e-07 6.2416059e-05)
(-2.9510379e-07 -1.1589231e-06 0.00015117441)
(-8.1546239e-08 -5.9874873e-07 0.00013844902)
(-1.290192e-07 -5.9694575e-07 0.00013453626)
(-3.1785e-07 -1.8308952e-06 0.00016443002)
(-4.825494e-07 -1.8026923e-06 0.00015977429)
(-6.6462987e-07 -2.3910075e-06 0.00015469465)
(1.2628448e-08 -4.3981685e-08 0.0001005017)
(3.8146591e-09 3.4763769e-07 6.4226724e-05)
(4.4506991e-08 3.4857751e-07 6.2423636e-05)
(-8.9546014e-08 -1.1862301e-06 0.00015120075)
(7.6159961e-09 -5.9895495e-07 0.00013845972)
(-3.3487156e-08 -5.988407e-07 0.00013455857)
(8.810199e-09 -1.8582444e-06 0.00016444453)
(-1.5201056e-07 -1.8590179e-06 0.00015980474)
(-2.1481677e-07 -2.4757402e-06 0.000154722)
(-1.3357655e-09 -4.2957119e-08 0.00010050071)
(-7.2274382e-08 3.3171139e-07 6.4222191e-05)
(-3.6362503e-08 3.4933754e-07 6.2423125e-05)
(1.0589022e-07 -1.184831e-06 0.0001511991)
(9.6200319e-08 -5.9611302e-07 0.00013844683)
(4.964974e-08 -5.9740683e-07 0.00013455726)
(3.3487387e-07 -1.8280459e-06 0.00016442693)
(1.7067299e-07 -1.8574742e-06 0.00015980297)
(2.3138374e-07 -2.4744243e-06 0.00015472011)
(-4.3487402e-09 -6.0588405e-08 0.00010048569)
(-1.3202865e-07 2.9072092e-07 6.4213068e-05)
(-1.0727135e-07 3.1694788e-07 6.2415033e-05)
(3.1045152e-07 -1.15481e-06 0.00015117077)
(2.0271137e-07 -5.8104267e-07 0.00013841978)
(1.4417624e-07 -5.9273224e-07 0.00013453352)
(6.6991092e-07 -1.7336169e-06 0.00016439012)
(5.0018572e-07 -1.7981392e-06 0.00015977027)
(6.8031567e-07 -2.3871308e-06 0.00015469014)
(1.6564969e-08 -7.9296648e-08 0.00010046787)
(-1.7168854e-07 2.4411087e-07 6.4204301e-05)
(-1.5586191e-07 2.6749709e-07 6.2405717e-05)
(5.3247976e-07 -1.0803289e-06 0.00015113647)
(3.2779658e-07 -5.3329039e-07 0.00013839482)
(2.6258839e-07 -5.6678154e-07 0.00013450443)
(1.0070109e-06 -1.5613168e-06 0.00016435661)
(8.4047561e-07 -1.6679755e-06 0.00015973062)
(1.1293173e-06 -2.2050413e-06 0.00015465465)
(5.3591429e-08 -7.6047051e-08 0.0001004551)
(-1.8717382e-07 2.2346324e-07 6.2398115e-05)
(7.5788024e-07 -9.4314598e-07 0.0001511135)
(3.9395587e-07 -4.9693324e-07 0.00013448453)
(1.1744865e-06 -1.4527197e-06 0.00015970416)
(1.5587127e-06 -1.9207523e-06 0.00015463226)
(-4.3964462e-08 -8.0633512e-08 9.4800496e-05)
(1.7918925e-07 2.4186903e-07 6.0601219e-05)
(1.9308961e-07 2.1902129e-07 5.8794851e-05)
(-7.4447684e-07 -9.5044195e-07 0.00014258651)
(-3.1403178e-07 -5.3917596e-07 0.00013059494)
(-3.8188419e-07 -5.0622436e-07 0.00012668095)
(-9.9124688e-07 -1.5685847e-06 0.00015507807)
(-1.1605188e-06 -1.4637811e-06 0.00015041958)
(-1.544993e-06 -1.9283292e-06 0.00014589454)
(-4.6781104e-09 -8.2572488e-08 9.4815022e-05)
(1.4104914e-07 2.8981636e-07 6.0611057e-05)
(1.6428986e-07 2.6465153e-07 5.8803761e-05)
(-5.1602982e-07 -1.0860633e-06 0.0001426136)
(-1.8618981e-07 -5.8511962e-07 0.00013062293)
(-2.4630132e-07 -5.741487e-07 0.00012670482)
(-6.5109567e-07 -1.7392832e-06 0.00015511597)
(-8.2216464e-07 -1.6772509e-06 0.00015045138)
(-1.1129074e-06 -2.2112938e-06 0.00014592268)
(1.7699478e-08 -6.2032989e-08 9.4834942e-05)
(8.1399079e-08 3.3263734e-07 6.0620384e-05)
(1.1722169e-07 3.1662512e-07 5.8815784e-05)
(-2.9172416e-07 -1.1583588e-06 0.00014265119)
(-7.893111e-08 -5.9744568e-07 0.00013065009)
(-1.249643e-07 -5.967441e-07 0.0001267378)
(-3.151143e-07 -1.8311384e-06 0.00015515301)
(-4.785884e-07 -1.8045393e-06 0.00015049561)
(-6.6156394e-07 -2.3917423e-06 0.00014596195)
(1.4212346e-08 -4.2024557e-08 9.4847923e-05)
(4.3745717e-09 3.5027664e-07 6.0623794e-05)
(4.582118e-08 3.5172903e-07 5.8823653e-05)
(-8.7552749e-08 -1.1852312e-06 0.0001426766)
(8.6069022e-09 -5.972965e-07 0.00013066035)
(-3.1175047e-08 -5.9713153e-07 0.00012675998)
(9.9139263e-09 -1.8582533e-06 0.00015516713)
(-1.4963654e-07 -1.8596918e-06 0.00015052569)
(-2.1294222e-07 -2.4762984e-06 0.0001459886)
(-1.3813789e-09 -4.0853953e-08 9.4846993e-05)
(-7.2997263e-08 3.3424735e-07 6.0619573e-05)
(-3.6710911e-08 3.5258371e-07 5.8823113e-05)
(1.059839e-07 -1.1836433e-06 0.00014267507)
(9.5541331e-08 -5.9444477e-07 0.00013064805)
(4.920018e-08 -5.9552813e-07 0.00012675868)
(3.3431786e-07 -1.8279048e-06 0.00015515015)
(1.7046284e-07 -1.8579639e-06 0.00015052397)
(2.3157702e-07 -2.4748098e-06 0.00014598685)
(-5.6716011e-09 -5.8594047e-08 9.4832961e-05)
(-1.3344863e-07 2.9275183e-07 6.061101e-05)
(-1.0874246e-07 3.1913721e-07 5.8814631e-05)
(3.0911318e-07 -1.1536836e-06 0.00014264781)
(2.0121296e-07 -5.7965214e-07 0.00013062206)
(1.4185733e-07 -5.9204526e-07 0.00012673502)
(6.6859572e-07 -1.7333961e-06 0.00015511443)
(4.982475e-07 -1.799459e-06 0.00015049168)
(6.7928723e-07 -2.3873415e-06 0.00014595778)
(1.4776655e-08 -7.7738505e-08 9.4816078e-05)
(-1.7311664e-07 2.4566613e-07 6.0602677e-05)
(-1.5716622e-07 2.6823412e-07 5.8804574e-05)
(5.3074607e-07 -1.0794985e-06 0.00014261455)
(3.2656791e-07 -5.3188538e-07 0.00013059793)
(2.6054941e-07 -5.6745925e-07 0.00012670564)
(1.0062258e-06 -1.5605375e-06 0.00015508176)
(8.3890966e-07 -1.6700492e-06 0.00015045209)
(1.1280028e-06 -2.2051539e-06 0.00014592313)
(5.2402945e-08 -7.4320605e-08 9.480389e-05)
(-1.8744792e-07 2.2358247e-07 5.8796597e-05)
(7.5732876e-07 -9.4154783e-07 0.00014259219)
(3.9383659e-07 -4.9756816e-07 0.00012668567)
(1.1749888e-06 -1.4541776e-06 0.00015042579)
(1.558851e-06 -1.919613e-06 0.00014590116)
(-4.4520209e-08 -8.3769079e-08 8.9139504e-05)
(1.7998417e-07 2.4060557e-07 5.6994647e-05)
(1.9188141e-07 2.1690854e-07 5.5184398e-05)
(-7.4450141e-07 -9.5429224e-07 0.00013405108)
(-3.1200508e-07 -5.4262619e-07 0.00012278579)
(-3.8252999e-07 -5.0888563e-07 0.00011886663)
(-9.8980169e-07 -1.5735296e-06 0.00014578809)
(-1.1608201e-06 -1.4665692e-06 0.00014112602)
(-1.5451013e-06 -1.9323397e-06 0.00013714878)
(-2.1838662e-09 -8.4680473e-08 8.9154919e-05)
(1.4323207e-07 2.9031319e-07 5.7005266e-05)
(1.6439505e-07 2.6347008e-07 5.5192798e-05)
(-5.1249385e-07 -1.0901013e-06 0.00013407845)
(-1.8173686e-07 -5.871503e-07 0.00012281436)
(-2.4511582e-07 -5.7665221e-07 0.00011888975)
(-6.470838e-07 -1.7435637e-06 0.00014582603)
(-8.2059281e-07 -1.6805602e-06 0.00014115685)
(-1.1098386e-06 -2.2163492e-06 0.00013717693)
(2.1412824e-08 -6.0937754e-08 8.9175972e-05)
(8.3408915e-08 3.3536643e-07 5.7015373e-05)
(1.1814045e-07 3.1733612e-07 5.5204172e-05)
(-2.8700005e-07 -1.160244e-06 0.0001341164)
(-7.5012803e-08 -5.9686041e-07 0.0001228421)
(-1.2290333e-07 -5.9787537e-07 0.00011892174)
(-3.1140595e-07 -1.8334226e-06 0.00014586313)
(-4.7625511e-07 -1.8072078e-06 0.00014119975)
(-6.574853e-07 -2.3959477e-06 0.00013721619)
(1.6323466e-08 -3.8156385e-08 8.9189783e-05)
(4.785758e-09 3.540371e-07 5.7019135e-05)
(4.655989e-08 3.5398493e-07 5.5211688e-05)
(-8.4836099e-08 -1.1848936e-06 0.00013414211)
(9.4862038e-09 -5.9535661e-07 0.00012285266)
(-2.969925e-08 -5.9689014e-07 0.00011894334)
(1.0981326e-08 -1.8593931e-06 0.00014587735)
(-1.4798519e-07 -1.8614245e-06 0.00014122898)
(-2.1049344e-07 -2.4792051e-06 0.00013724288)
(-2.2226958e-09 -3.6870026e-08 8.9188915e-05)
(-7.4245026e-08 3.3711845e-07 5.7014604e-05)
(-3.6641957e-08 3.5491939e-07 5.5211233e-05)
(1.0520069e-07 -1.1831393e-06 0.00013414069)
(9.3276858e-08 -5.9356791e-07 0.00012284022)
(4.9362973e-08 -5.9513684e-07 0.00011894221)
(3.3262748e-07 -1.8298601e-06 0.0001458605)
(1.7073539e-07 -1.8595331e-06 0.00014122749)
(2.3120271e-07 -2.4775508e-06 0.00013724127)
(-8.2690168e-09 -5.7181788e-08 8.9174124e-05)
(-1.3505059e-07 2.9354661e-07 5.7005209e-05)
(-1.0891869e-07 3.2007639e-07 5.5203253e-05)
(3.0609978e-07 -1.1551152e-06 0.00013411329)
(1.9809564e-07 -5.8113011e-07 0.00012281361)
(1.4130969e-07 -5.9275367e-07 0.00011891942)
(6.6623161e-07 -1.7370683e-06 0.00014582469)
(4.9769414e-07 -1.8016693e-06 0.0001411964)
(6.7705743e-07 -2.391103e-06 0.00013721236)
(1.3264441e-08 -7.9252141e-08 8.9155929e-05)
(-1.7344076e-07 2.4485243e-07 5.6996006e-05)
(-1.5662945e-07 2.6743361e-07 5.519383e-05)
(5.286908e-07 -1.0827254e-06 0.00013407944)
(3.2545906e-07 -5.347121e-07 0.00012278871)
(2.6069188e-07 -5.6929253e-07 0.00011889101)
(1.0058282e-06 -1.5649122e-06 0.00014579172)
(8.3890155e-07 -1.672645e-06 0.0001411581)
(1.1265693e-06 -2.2094471e-06 0.00013717748)
(5.3507333e-08 -7.6926184e-08 8.9142739e-05)
(-1.8571407e-07 2.2195575e-07 5.5186213e-05)
(7.5798445e-07 -9.4489758e-07 0.00013405656)
(3.9554309e-07 -4.9942225e-07 0.00011887145)
(1.1765038e-06 -1.4561612e-06 0.00014113235)
(1.5595396e-06 -1.9233362e-06 0.00013715519)
(-4.5815359e-08 -8.5374741e-08 8.3475214e-05)
(1.7812751e-07 2.385457e-07 5.3384339e-05)
(1.9089233e-07 2.1568727e-07 5.1577559e-05)
(-7.4527789e-07 -9.5570256e-07 0.00012551335)
(-3.134136e-07 -5.4440289e-07 0.00011497213)
(-3.8296431e-07 -5.0974117e-07 0.00011106081)
(-9.8990604e-07 -1.5747428e-06 0.00013649607)
(-1.1609247e-06 -1.4671969e-06 0.00013184359)
(-1.5449031e-06 -1.932954e-06 0.00012840234)
(-3.4405938e-09 -8.6277875e-08 8.3489409e-05)
(1.4214959e-07 2.8931245e-07 5.3393994e-05)
(1.6359035e-07 2.6250618e-07 5.1585566e-05)
(-5.1312565e-07 -1.0915709e-06 0.00012553905)
(-1.82825e-07 -5.8881285e-07 0.00011499884)
(-2.4549028e-07 -5.7733038e-07 0.00011108228)
(-6.4708761e-07 -1.7453166e-06 0.00013653191)
(-8.2066045e-07 -1.681125e-06 0.00013187222)
(-1.1094917e-06 -2.2172017e-06 0.00012842891)
(2.0614394e-08 -6.2534717e-08 8.3508921e-05)
(8.313568e-08 3.3558661e-07 5.3403247e-05)
(1.1773037e-07 3.1673706e-07 5.1596397e-05)
(-2.8720812e-07 -1.1617085e-06 0.00012557474)
(-7.5308101e-08 -5.9836209e-07 0.00011502484)
(-1.2296295e-07 -5.9838775e-07 0.00011111198)
(-3.1106916e-07 -1.8355643e-06 0.00013656698)
(-4.7606788e-07 -1.8077591e-06 0.00013191209)
(-6.5696116e-07 -2.3968991e-06 0.00012846599)
(1.6398084e-08 -3.9597774e-08 8.3521835e-05)
(5.1803359e-09 3.5486632e-07 5.3406715e-05)
(4.6685268e-08 3.5373433e-07 5.1603527e-05)
(-8.4379307e-08 -1.1861775e-06 0.00012559897)
(1.0241156e-08 -5.9667309e-07 0.00011503479)
(-2.9202343e-08 -5.972094e-07 0.00011113203)
(1.1832531e-08 -1.8615676e-06 0.00013658048)
(-1.4732125e-07 -1.8619032e-06 0.00013193924)
(-2.097609e-07 -2.4800321e-06 0.00012849119)
(-1.1397796e-09 -3.8198632e-08 8.3521059e-05)
(-7.3179731e-08 3.3750542e-07 5.340257e-05)
(-3.5955919e-08 3.5474706e-07 5.1603075e-05)
(1.0636724e-07 -1.184275e-06 0.00012559771)
(9.5073858e-08 -5.9478735e-07 0.00011502317)
(5.0474459e-08 -5.9530912e-07 0.00011113094)
(3.3398128e-07 -1.8317075e-06 0.00013656466)
(1.7192437e-07 -1.8598545e-06 0.00013193781)
(2.3210953e-07 -2.4782429e-06 0.00012848974)
(-6.347415e-09 -5.8451602e-08 8.3507288e-05)
(-1.3317756e-07 2.9285179e-07 5.3394005e-05)
(-1.0775917e-07 3.1970204e-07 5.1595433e-05)
(3.0788357e-07 -1.1561475e-06 0.000125572)
(2.0067751e-07 -5.8225641e-07 0.00011499829)
(1.4285935e-07 -5.9284849e-07 0.00011110966)
(6.6792075e-07 -1.738261e-06 0.0001365309)
(4.9922588e-07 -1.8017782e-06 0.00013190883)
(6.7812801e-07 -2.3916567e-06 0.00012846259)
(1.550289e-08 -8.0416853e-08 8.3490463e-05)
(-1.7089746e-07 2.4320311e-07 5.3385676e-05)
(-1.5516473e-07 2.6684517e-07 5.1586294e-05)
(5.3072247e-07 -1.0836111e-06 0.0001255402)
(3.2832826e-07 -5.3564074e-07 0.00011497504)
(2.6237803e-07 -5.6930473e-07 0.00011108307)
(1.0076518e-06 -1.5651833e-06 0.00013649977)
(8.4048875e-07 -1.6725129e-06 0.00013187307)
(1.1276336e-06 -2.2097553e-06 0.00012842969)
(5.5841498e-08 -7.7792303e-08 8.3478353e-05)
(-1.8420063e-07 2.2118891e-07 5.1579075e-05)
(7.6039258e-07 -9.4518613e-07 0.00012551873)
(3.9695888e-07 -4.9953817e-07 0.00011106503)
(1.1777269e-06 -1.4560641e-06 0.00013184926)
(1.5611275e-06 -1.922802e-06 0.00012840866)
(-4.5552242e-08 -8.5361383e-08 7.7815192e-05)
(1.7816516e-07 2.3843937e-07 4.9775371e-05)
(1.9180385e-07 2.1711097e-07 4.7965134e-05)
(-7.4500118e-07 -9.5572443e-07 0.00011698416)
(-3.1283586e-07 -5.4413053e-07 0.00010716492)
(-3.8232821e-07 -5.0799665e-07 0.00010324693)
(-9.8998793e-07 -1.5746921e-06 0.00012721416)
(-1.1606325e-06 -1.4655587e-06 0.00012255434)
(-1.5450111e-06 -1.9332319e-06 0.00011966683)
(-3.0890357e-09 -8.5796188e-08 7.7828144e-05)
(1.4197437e-07 2.8877022e-07 4.9784151e-05)
(1.635769e-07 2.638029e-07 4.7971813e-05)
(-5.1289391e-07 -1.0912563e-06 0.00011700761)
(-1.8221027e-07 -5.8831094e-07 0.0001071893)
(-2.4624753e-07 -5.7532074e-07 0.00010326594)
(-6.4699211e-07 -1.7446496e-06 0.00012724687)
(-8.2174623e-07 -1.6789207e-06 0.00012257992)
(-1.1096836e-06 -2.2171556e-06 0.00011969103)
(2.1089639e-08 -6.1538573e-08 7.7845882e-05)
(8.3087655e-08 3.345264e-07 4.979249e-05)
(1.173237e-07 3.1720089e-07 4.7980808e-05)
(-2.8683458e-07 -1.1611657e-06 0.00011704017)
(-7.459772e-08 -5.9767445e-07 0.00010721299)
(-1.2411226e-07 -5.9713706e-07 0.00010329225)
(-3.1056843e-07 -1.8344323e-06 0.00012727886)
(-4.7741935e-07 -1.8059959e-06 0.00012261556)
(-6.569149e-07 -2.39673e-06 0.00011972479)
(1.6982448e-08 -3.8262059e-08 7.7857547e-05)
(5.5970062e-09 3.536166e-07 4.9795593e-05)
(4.6685109e-08 3.5341808e-07 4.7986659e-05)
(-8.3660381e-08 -1.1855035e-06 0.00011706223)
(1.1093475e-08 -5.958352e-07 0.00010722203)
(-2.9382008e-08 -5.9681118e-07 0.00010330998)
(1.2832396e-08 -1.8601762e-06 0.00012729115)
(-1.4755224e-07 -1.8608026e-06 0.00012263985)
(-2.0915103e-07 -2.4798261e-06 0.00011974772)
(-4.8019621e-10 -3.6750261e-08 7.7856837e-05)
(-7.2361449e-08 3.3658163e-07 4.9791895e-05)
(-3.5186631e-08 3.5449854e-07 4.7986336e-05)
(1.074814e-07 -1.183444e-06 0.00011706106)
(9.5963024e-08 -5.9381734e-07 0.00010721145)
(5.1886411e-08 -5.9480517e-07 0.0001033091)
(3.3536696e-07 -1.8302698e-06 0.00012727669)
(1.7342975e-07 -1.8586556e-06 0.00012263865)
(2.3338251e-07 -2.477889e-06 0.00011974636)
(-5.7241588e-09 -5.7141533e-08 7.7844387e-05)
(-1.3241339e-07 2.9259125e-07 4.9784205e-05)
(-1.0661999e-07 3.2036248e-07 4.7980208e-05)
(3.0913763e-07 -1.1551733e-06 0.00011703762)
(2.0133256e-07 -5.8122417e-07 0.00010718876)
(1.4518637e-07 -5.9128891e-07 0.0001032905)
(6.6934063e-07 -1.7370323e-06 0.00012724591)
(5.0180104e-07 -1.799726e-06 0.00012261294)
(6.7976526e-07 -2.39109e-06 0.0001197216)
(1.612784e-08 -7.9335431e-08 7.78291e-05)
(-1.7044601e-07 2.4351014e-07 4.9776617e-05)
(-1.5449687e-07 2.6842935e-07 4.7972957e-05)
(5.319145e-07 -1.0825115e-06 0.00011700863)
(3.2857074e-07 -5.3482042e-07 0.00010716751)
(2.6418873e-07 -5.668269e-07 0.00010326732)
(1.0086378e-06 -1.564665e-06 0.00012721751)
(8.4267873e-07 -1.6698704e-06 0.00012258141)
(1.1293378e-06 -2.2090062e-06 0.00011969171)
(5.6033716e-08 -7.7329519e-08 7.7818e-05)
(-1.8456995e-07 2.2296192e-07 4.7966883e-05)
(7.6057686e-07 -9.4485926e-07 0.00011698901)
(3.9723113e-07 -4.971995e-07 0.00010325131)
(1.1784098e-06 -1.4538603e-06 0.00012256016)
(1.5615902e-06 -1.922979e-06 0.00011967258)
(-4.4103766e-08 -8.2022062e-08 7.2153894e-05)
(1.7895964e-07 2.4130622e-07 4.6166556e-05)
(1.9287405e-07 2.1885209e-07 4.4361827e-05)
(-7.4423308e-07 -9.5218396e-07 0.00010844992)
(-3.1363304e-07 -5.4060802e-07 9.9353544e-05)
(-3.8200928e-07 -5.0590615e-07 9.5444828e-05)
(-9.9079093e-07 -1.5708753e-06 0.00011792537)
(-1.1605834e-06 -1.4633271e-06 0.00011327459)
(-1.544558e-06 -1.9299323e-06 0.00011092423)
(-4.0875063e-09 -8.2789223e-08 7.2164927e-05)
(1.4162355e-07 2.9111301e-07 4.6173832e-05)
(1.6328438e-07 2.6472206e-07 4.4367591e-05)
(-5.1489049e-07 -1.0872266e-06 0.00010847024)
(-1.8487262e-07 -5.8551684e-07 9.937458e-05)
(-2.4801943e-07 -5.7336324e-07 9.5461272e-05)
(-6.4964534e-07 -1.7413315e-06 0.00011795389)
(-8.2380353e-07 -1.6762119e-06 0.00011329689)
(-1.1116062e-06 -2.212865e-06 0.00011094527)
(1.9122637e-08 -6.0684795e-08 7.2180024e-05)
(8.2629425e-08 3.3575005e-07 4.6180697e-05)
(1.1642333e-07 3.1622533e-07 4.4375377e-05)
(-2.8966798e-07 -1.1585832e-06 0.00010849852)
(-7.6739964e-08 -5.9671435e-07 9.9394995e-05)
(-1.2639739e-07 -5.9684626e-07 9.5484089e-05)
(-3.1272704e-07 -1.8327157e-06 0.00011798181)
(-4.7987711e-07 -1.8042451e-06 0.00011332803)
(-6.5946853e-07 -2.3930133e-06 0.00011097472)
(1.6231267e-08 -3.9445414e-08 7.2189811e-05)
(5.9524249e-09 3.5429762e-07 4.6183203e-05)
(4.6417936e-08 3.5089881e-07 4.4380427e-05)
(-8.4777213e-08 -1.184574e-06 0.00010851762)
(1.1478134e-08 -5.9579196e-07 9.9402735e-05)
(-3.0092612e-08 -5.9805515e-07 9.5499423e-05)
(1.3111429e-08 -1.8592971e-06 0.0001179925)
(-1.4830989e-07 -1.8601206e-06 0.00011334922)
(-2.1020178e-07 -2.477119e-06 0.00011099472)
(1.0175784e-09 -3.7869134e-08 7.2189154e-05)
(-7.11689e-08 3.3793392e-07 4.618014e-05)
(-3.4258962e-08 3.520369e-07 4.4380024e-05)
(1.0927092e-07 -1.1824663e-06 0.00010851655)
(9.8920119e-08 -5.9272312e-07 9.9393579e-05)
(5.365879e-08 -5.9595617e-07 9.5498481e-05)
(3.3813994e-07 -1.8284695e-06 0.00011797982)
(1.752725e-07 -1.8578862e-06 0.000113348)
(2.3480935e-07 -2.4751712e-06 0.00011099347)
(-2.9601447e-09 -5.6083177e-08 7.2178636e-05)
(-1.3125404e-07 2.9514112e-07 4.6173858e-05)
(-1.0508197e-07 3.1955639e-07 4.4374494e-05)
(3.1274318e-07 -1.1524215e-06 0.00010849618)
(2.0496738e-07 -5.7817654e-07 9.9374073e-05)
(1.484981e-07 -5.9072234e-07 9.5482065e-05)
(6.728135e-07 -1.7335424e-06 0.00011795304)
(5.0531423e-07 -1.797715e-06 0.00011332524)
(6.8282022e-07 -2.3873035e-06 0.0001109718)
(1.7832784e-08 -7.6146801e-08 7.216577e-05)
(-1.7053216e-07 2.4660139e-07 4.6167645e-05)
(-1.5361932e-07 2.6959615e-07 4.4368077e-05)
(5.3464209e-07 -1.0783563e-06 0.00010847119)
(3.3050539e-07 -5.307834e-07 9.9355894e-05)
(2.6689392e-07 -5.6444716e-07 9.5461805e-05)
(1.0106116e-06 -1.5603104e-06 0.0001179285)
(8.4570949e-07 -1.6667597e-06 0.00011329759)
(1.1317478e-06 -2.2047065e-06 0.00011094595)
(5.5542222e-08 -7.346508e-08 7.2156402e-05)
(-1.8515908e-07 2.2499558e-07 4.4362914e-05)
(7.6123052e-07 -9.40508e-07 0.00010845438)
(3.9769685e-07 -4.9459494e-07 9.5448245e-05)
(1.179221e-06 -1.4511183e-06 0.00011327943)
(1.5626171e-06 -1.9188246e-06 0.00011092964)
(-4.4205198e-08 -8.1610759e-08 6.6497401e-05)
(1.787914e-07 2.4120422e-07 4.2561456e-05)
(1.925396e-07 2.1854356e-07 4.0756461e-05)
(-7.4447562e-07 -9.5121965e-07 9.9921896e-05)
(-3.1443139e-07 -5.3996472e-07 9.154888e-05)
(-3.825371e-07 -5.0604306e-07 8.7643579e-05)
(-9.9208053e-07 -1.5696633e-06 0.00010864285)
(-1.1610858e-06 -1.4631187e-06 0.00010399895)
(-1.5446287e-06 -1.9283974e-06 0.00010218642)
(-5.3169601e-09 -8.3315097e-08 6.6506728e-05)
(1.4058049e-07 2.888004e-07 4.2567638e-05)
(1.6252861e-07 2.6346123e-07 4.0761638e-05)
(-5.1660217e-07 -1.0863892e-06 9.993968e-05)
(-1.8647737e-07 -5.8595535e-07 9.1567217e-05)
(-2.4899084e-07 -5.7389995e-07 8.7658461e-05)
(-6.5164642e-07 -1.740104e-06 0.00010866795)
(-8.2478188e-07 -1.6758417e-06 0.0001040191)
(-1.1131536e-06 -2.2106745e-06 0.00010220495)
(1.7699711e-08 -6.303508e-08 6.6519575e-05)
(8.1804234e-08 3.310579e-07 4.2573519e-05)
(1.1562022e-07 3.1360836e-07 4.0768681e-05)
(-2.9150205e-07 -1.158916e-06 9.9964489e-05)
(-7.7734225e-08 -5.9858073e-07 9.1585079e-05)
(-1.2724364e-07 -5.9816121e-07 8.7679208e-05)
(-3.1387933e-07 -1.8319546e-06 0.00010869256)
(-4.8067667e-07 -1.8040378e-06 0.00010404733)
(-6.6111915e-07 -2.3910704e-06 0.00010223092)
(1.5911718e-08 -4.3107043e-08 6.6527973e-05)
(6.2588817e-09 3.4863889e-07 4.2575662e-05)
(4.6213702e-08 3.4740295e-07 4.0773293e-05)
(-8.5104222e-08 -1.1858658e-06 9.998132e-05)
(1.2158431e-08 -5.9821207e-07 9.1591847e-05)
(-3.0117897e-08 -5.9985611e-07 8.7693217e-05)
(1.3920791e-08 -1.8587003e-06 0.00010870199)
(-1.4824905e-07 -1.8600041e-06 0.00010406658)
(-2.1043164e-07 -2.4755361e-06 0.00010224861)
(2.3032531e-09 -4.1440783e-08 6.6527348e-05)
(-6.9782191e-08 3.3333961e-07 4.2572949e-05)
(-3.3586761e-08 3.485867e-07 4.077294e-05)
(1.110717e-07 -1.1836262e-06 9.9980328e-05)
(1.0118704e-07 -5.9435619e-07 9.1583758e-05)
(5.4711338e-08 -5.9765505e-07 8.7692386e-05)
(3.4081681e-07 -1.8274466e-06 0.00010869076)
(1.7643503e-07 -1.8576506e-06 0.00010406549)
(2.3657655e-07 -2.4734583e-06 0.00010224748)
(-6.8378278e-10 -5.8178583e-08 6.6518236e-05)
(-1.2979543e-07 2.9303873e-07 4.2567549e-05)
(-1.0382825e-07 3.1707694e-07 4.0767937e-05)
(3.1588718e-07 -1.1523892e-06 9.996234e-05)
(2.07557e-07 -5.7817418e-07 9.1566722e-05)
(1.5032278e-07 -5.9173998e-07 8.7677482e-05)
(6.7601838e-07 -1.7318309e-06 0.00010866721)
(5.072792e-07 -1.797165e-06 0.00010404492)
(6.8584837e-07 -2.3850092e-06 0.00010222829)
(1.9847328e-08 -7.6152919e-08 6.6507412e-05)
(-1.6999968e-07 2.4681898e-07 4.2562314e-05)
(-1.524341e-07 2.6859332e-07 4.0762213e-05)
(5.3753193e-07 -1.076826e-06 9.9940564e-05)
(3.3188747e-07 -5.2971946e-07 9.1551038e-05)
(2.6878071e-07 -5.6448054e-07 8.7659212e-05)
(1.0125664e-06 -1.5587277e-06 0.00010864585)
(8.477767e-07 -1.6658239e-06 0.00010402009)
(1.1345702e-06 -2.2018724e-06 0.0001022057)
(5.5911923e-08 -7.2736204e-08 6.6499637e-05)
(-1.8443341e-07 2.2504782e-07 4.075742e-05)
(7.6170069e-07 -9.3933707e-07 9.9926096e-05)
(3.9899349e-07 -4.9409835e-07 8.7646778e-05)
(1.1806081e-06 -1.4502468e-06 0.00010400357)
(1.5628245e-06 -1.9172801e-06 0.00010219164)
(-4.5144042e-08 -8.2694327e-08 6.0844256e-05)
(1.7785573e-07 2.3974483e-07 3.8957332e-05)
(1.924026e-07 2.1825507e-07 3.7152207e-05)
(-7.4524528e-07 -9.5209659e-07 9.1403925e-05)
(-3.1517721e-07 -5.4125824e-07 8.375215e-05)
(-3.8243642e-07 -5.0612946e-07 7.9846457e-05)
(-9.9232124e-07 -1.5702712e-06 9.9373949e-05)
(-1.1608898e-06 -1.4631503e-06 9.4729647e-05)
(-1.5449605e-06 -1.9287167e-06 9.3462085e-05)
(-5.8537996e-09 -8.4687567e-08 6.0853238e-05)
(1.4005644e-07 2.872375e-07 3.89634e-05)
(1.6280577e-07 2.6310008e-07 3.7157097e-05)
(-5.1687097e-07 -1.0874691e-06 9.1420483e-05)
(-1.8673694e-07 -5.8735475e-07 8.37694e-05)
(-2.483304e-07 -5.7418455e-07 7.9860361e-05)
(-6.5148501e-07 -1.7407343e-06 9.9397186e-05)
(-8.2398059e-07 -1.6761763e-06 9.4748403e-05)
(-1.1130644e-06 -2.2110475e-06 9.3479216e-05)
(1.753061e-08 -6.4463515e-08 6.0865702e-05)
(8.1641676e-08 3.2963214e-07 3.8969196e-05)
(1.1606089e-07 3.1345139e-07 3.7163733e-05)
(-2.9136972e-07 -1.1599028e-06 9.1443664e-05)
(-7.7635455e-08 -5.9983038e-07 8.3786238e-05)
(-1.2641397e-07 -5.9829297e-07 7.9879748e-05)
(-3.1351035e-07 -1.8323877e-06 9.9419999e-05)
(-4.7969688e-07 -1.8043341e-06 9.4774706e-05)
(-6.6073214e-07 -2.391223e-06 9.3503296e-05)
(1.6037054e-08 -4.4384519e-08 6.0873902e-05)
(6.4128448e-09 3.4735037e-07 3.8971303e-05)
(4.6485146e-08 3.4747909e-07 3.7167998e-05)
(-8.4771094e-08 -1.186579e-06 9.1459386e-05)
(1.2494069e-08 -5.9929625e-07 8.37926e-05)
(-2.9575312e-08 -5.9976462e-07 7.9892768e-05)
(1.4323272e-08 -1.8589491e-06 9.9428696e-05)
(-1.4758953e-07 -1.8601575e-06 9.4792591e-05)
(-2.0998908e-07 -2.4753406e-06 9.3519664e-05)
(2.6939208e-09 -4.265784e-08 6.0873277e-05)
(-6.9272141e-08 3.319974e-07 3.8968596e-05)
(-3.3627785e-08 3.486897e-07 3.7167597e-05)
(1.115116e-07 -1.1842498e-06 9.1458409e-05)
(1.018081e-07 -5.9544162e-07 8.3784895e-05)
(5.4788801e-08 -5.9748978e-07 7.9891874e-05)
(3.4130118e-07 -1.8276808e-06 9.9418203e-05)
(1.7657399e-07 -1.8577035e-06 9.4791458e-05)
(2.3695615e-07 -2.4731677e-06 9.3518567e-05)
(4.6707004e-11 -5.9423399e-08 6.0864319e-05)
(-1.2883097e-07 2.9165143e-07 3.8963154e-05)
(-1.0402229e-07 3.1700837e-07 3.7162801e-05)
(3.1658421e-07 -1.1530988e-06 9.144149e-05)
(2.086966e-07 -5.7922396e-07 8.3768664e-05)
(1.5012673e-07 -5.9164575e-07 7.9877745e-05)
(6.7687915e-07 -1.7320457e-06 9.939623e-05)
(5.0710477e-07 -1.7971624e-06 9.4772073e-05)
(6.8633354e-07 -2.3848676e-06 9.3500713e-05)
(2.0933169e-08 -7.7289897e-08 6.0853578e-05)
(-1.6862459e-07 2.4564771e-07 3.8957862e-05)
(-1.5243422e-07 2.6842392e-07 3.715716e-05)
(5.3861882e-07 -1.0775222e-06 9.1420934e-05)
(3.3371111e-07 -5.3030975e-07 8.37537e-05)
(2.6878744e-07 -5.6434986e-07 7.9860258e-05)
(1.0140919e-06 -1.5584897e-06 9.9376277e-05)
(8.4780693e-07 -1.6656381e-06 9.474851e-05)
(1.1353186e-06 -2.201833e-06 9.347962e-05)
(5.773391e-08 -7.3149133e-08 6.0845906e-05)
(-1.8400509e-07 2.2505708e-07 3.7152655e-05)
(7.6388927e-07 -9.3911902e-07 9.1407283e-05)
(3.9951967e-07 -4.9362011e-07 7.9848642e-05)
(1.1811693e-06 -1.4496222e-06 9.4733115e-05)
(1.5647246e-06 -1.9164142e-06 9.3466475e-05)
(-4.3803537e-08 -8.1449893e-08 5.5187452e-05)
(1.789523e-07 2.4054255e-07 3.5349896e-05)
(1.927924e-07 2.1840714e-07 3.3540018e-05)
(-7.4427722e-07 -9.5145624e-07 8.2880683e-05)
(-3.1363598e-07 -5.4034707e-07 7.5950119e-05)
(-3.8199771e-07 -5.0665533e-07 7.2036812e-05)
(-9.9104431e-07 -1.5700413e-06 9.0100078e-05)
(-1.1607641e-06 -1.4642897e-06 8.5447771e-05)
(-1.5444916e-06 -1.9287159e-06 8.4733028e-05)
(-4.1123733e-09 -8.344668e-08 5.5195755e-05)
(1.4131302e-07 2.8827777e-07 3.5355488e-05)
(1.6415909e-07 2.6392859e-07 3.354505e-05)
(-5.1520407e-07 -1.0871214e-06 8.289622e-05)
(-1.8494854e-07 -5.863777e-07 7.5966226e-05)
(-2.4616458e-07 -5.7465965e-07 7.2050269e-05)
(-6.4981363e-07 -1.7407441e-06 9.0121935e-05)
(-8.2199221e-07 -1.6777929e-06 8.5465689e-05)
(-1.1118151e-06 -2.2115856e-06 8.4749194e-05)
(1.9075821e-08 -6.2946434e-08 5.5207208e-05)
(8.249848e-08 3.3098204e-07 3.5360748e-05)
(1.176473e-07 3.1571444e-07 3.3551853e-05)
(-2.8972206e-07 -1.1594284e-06 8.2917952e-05)
(-7.6347311e-08 -5.9861485e-07 7.5981881e-05)
(-1.2386578e-07 -5.9750255e-07 7.2069014e-05)
(-3.122066e-07 -1.8323999e-06 9.0143362e-05)
(-4.7725241e-07 -1.8052508e-06 8.549082e-05)
(-6.5935714e-07 -2.3919151e-06 8.4771929e-05)
(1.6740799e-08 -4.272433e-08 5.5214598e-05)
(6.4807988e-09 3.4881936e-07 3.5362605e-05)
(4.7198383e-08 3.5080359e-07 3.3556249e-05)
(-8.3910223e-08 -1.1859821e-06 8.2932606e-05)
(1.2766229e-08 -5.9794676e-07 7.598773e-05)
(-2.8396309e-08 -5.9784174e-07 7.2081592e-05)
(1.470744e-08 -1.8588962e-06 9.0151485e-05)
(-1.464016e-07 -1.8602618e-06 8.5507901e-05)
(-2.0917633e-07 -2.4760828e-06 8.4787344e-05)
(2.3158125e-09 -4.0958622e-08 5.5213974e-05)
(-7.0010822e-08 3.3337663e-07 3.5360135e-05)
(-3.4256252e-08 3.5202754e-07 3.3555914e-05)
(1.1129285e-07 -1.1835698e-06 8.2931633e-05)
(1.0103839e-07 -5.9409432e-07 7.5980502e-05)
(5.3875476e-08 -5.9551904e-07 7.2080789e-05)
(3.4073533e-07 -1.8274962e-06 9.0141563e-05)
(1.7580688e-07 -1.8577239e-06 8.5506869e-05)
(2.3693663e-07 -2.4737983e-06 8.4786265e-05)
(-1.1874304e-09 -5.7781875e-08 5.5205788e-05)
(-1.3002541e-07 2.9278726e-07 3.5355119e-05)
(-1.0547685e-07 3.1932624e-07 3.3551104e-05)
(3.1554335e-07 -1.15238e-06 8.2915739e-05)
(2.0730392e-07 -5.7796736e-07 7.5965233e-05)
(1.4792955e-07 -5.9068729e-07 7.2067248e-05)
(6.7579941e-07 -1.7316641e-06 9.0120751e-05)
(5.0516406e-07 -1.7978077e-06 8.5488454e-05)
(6.8570584e-07 -2.3852439e-06 8.4769364e-05)
(1.9584998e-08 -7.5695314e-08 5.5195768e-05)
(-1.6960315e-07 2.4663925e-07 3.535014e-05)
(-1.5358487e-07 2.6937876e-07 3.3545253e-05)
(5.3762949e-07 -1.0766248e-06 8.2896231e-05)
(3.323729e-07 -5.2913269e-07 7.5951051e-05)
(2.670942e-07 -5.6448724e-07 7.2050258e-05)
(1.013106e-06 -1.5579412e-06 9.0101753e-05)
(8.4644393e-07 -1.6667596e-06 8.5465886e-05)
(1.1348944e-06 -2.2017474e-06 8.4749245e-05)
(5.6431091e-08 -7.1731421e-08 5.5188545e-05)
(-1.8415163e-07 2.254293e-07 3.3540368e-05)
(7.6288305e-07 -9.3835357e-07 8.2883218e-05)
(3.9962788e-07 -4.9362119e-07 7.2038581e-05)
(1.1817464e-06 -1.4500485e-06 8.5450727e-05)
(1.5641778e-06 -1.9163395e-06 8.4736633e-05)
(-4.4518993e-08 -8.3298728e-08 4.9523229e-05)
(1.797278e-07 2.4063534e-07 3.1738389e-05)
(1.9173096e-07 2.1717411e-07 2.992847e-05)
(-7.44684e-07 -9.5376113e-07 7.4346838e-05)
(-3.1244781e-07 -5.4236355e-07 6.8138777e-05)
(-3.8279109e-07 -5.0818485e-07 6.4222399e-05)
(-9.9013188e-07 -1.5731054e-06 8.0814859e-05)
(-1.1613619e-06 -1.4659399e-06 7.6157411e-05)
(-1.545092e-06 -1.9314028e-06 7.5993076e-05)
(-2.37113e-09 -8.4336419e-08 4.9531769e-05)
(1.431752e-07 2.9025167e-07 3.17443e-05)
(1.6426496e-07 2.6361535e-07 2.9932917e-05)
(-5.1272794e-07 -1.0895654e-06 7.4361929e-05)
(-1.8183898e-07 -5.8713347e-07 6.8154608e-05)
(-2.4526703e-07 -5.7605481e-07 6.4234688e-05)
(-6.4693093e-07 -1.7433419e-06 8.0835846e-05)
(-8.2085595e-07 -1.6799613e-06 7.6173804e-05)
(-1.1097836e-06 -2.2152264e-06 7.6008593e-05)
(2.1737633e-08 -6.1062769e-08 4.9543489e-05)
(8.4047466e-08 3.3519592e-07 3.1749894e-05)
(1.1838608e-07 3.1726819e-07 2.9938941e-05)
(-2.8639115e-07 -1.1600481e-06 7.4383008e-05)
(-7.3792438e-08 -5.9715584e-07 6.8169994e-05)
(-1.2231692e-07 -5.9753222e-07 6.425181e-05)
(-3.0980071e-07 -1.8334455e-06 8.085641e-05)
(-4.7556507e-07 -1.8067686e-06 7.6196795e-05)
(-6.5658403e-07 -2.3949053e-06 7.6030389e-05)
(1.7976093e-08 -3.8518812e-08 4.9551116e-05)
(6.4956339e-09 3.5401031e-07 3.1751909e-05)
(4.7555228e-08 3.5385092e-07 2.9942843e-05)
(-8.2410811e-08 -1.1847855e-06 7.439723e-05)
(1.275785e-08 -5.9541729e-07 6.8175739e-05)
(-2.7717849e-08 -5.9656379e-07 6.4263275e-05)
(1.4743338e-08 -1.8590938e-06 8.0864183e-05)
(-1.4566542e-07 -1.8608983e-06 7.6212366e-05)
(-2.0791861e-07 -2.4780622e-06 7.6045167e-05)
(1.1015506e-09 -3.6734785e-08 4.9550494e-05)
(-7.1468974e-08 3.3762798e-07 3.1749264e-05)
(-3.4735605e-08 3.5506934e-07 2.9942441e-05)
(1.0983483e-07 -1.1823259e-06 7.4396257e-05)
(9.8572136e-08 -5.9255195e-07 6.8168575e-05)
(5.3021072e-08 -5.9422951e-07 6.426238e-05)
(3.3850824e-07 -1.8283831e-06 8.0854586e-05)
(1.7496387e-07 -1.8583149e-06 7.6211247e-05)
(2.3577193e-07 -2.4756994e-06 7.6044101e-05)
(-3.6803382e-09 -5.5809112e-08 4.9542028e-05)
(-1.3162619e-07 2.9484258e-07 3.1743799e-05)
(-1.0627175e-07 3.2088204e-07 2.993795e-05)
(3.1245788e-07 -1.1528082e-06 7.4380734e-05)
(2.0460436e-07 -5.7850173e-07 6.8153346e-05)
(1.4632799e-07 -5.9064975e-07 6.4249676e-05)
(6.7343477e-07 -1.7338906e-06 8.0834378e-05)
(5.0349667e-07 -1.7991587e-06 7.6194074e-05)
(6.8322031e-07 -2.3879517e-06 7.6027813e-05)
(1.8122315e-08 -7.6484429e-08 4.9531447e-05)
(-1.7005724e-07 2.468808e-07 3.1738339e-05)
(-1.5365109e-07 2.6910481e-07 2.9932536e-05)
(5.355712e-07 -1.0787895e-06 7.4361454e-05)
(3.3198666e-07 -5.3055911e-07 6.8139063e-05)
(2.6632629e-07 -5.6569927e-07 6.4233695e-05)
(1.0132155e-06 -1.5601206e-06 8.0815774e-05)
(8.4551712e-07 -1.6685903e-06 7.6172907e-05)
(1.1332939e-06 -2.2049595e-06 7.6008209e-05)
(5.7895969e-08 -7.3020044e-08 4.9523744e-05)
(-1.8296398e-07 2.2432343e-07 2.9928219e-05)
(7.6457719e-07 -9.3955214e-07 7.4348462e-05)
(4.0075673e-07 -4.9475748e-07 6.4222953e-05)
(1.1827969e-06 -1.4510964e-06 7.6158898e-05)
(1.5662657e-06 -1.9176284e-06 7.5995743e-05)
(-4.5832198e-08 -8.4409035e-08 4.3852303e-05)
(1.7806525e-07 2.3895286e-07 2.8123043e-05)
(1.9091169e-07 2.1667743e-07 2.6314621e-05)
(-7.4568738e-07 -9.5465187e-07 6.580085e-05)
(-3.1342736e-07 -5.4332775e-07 6.0316335e-05)
(-3.8329203e-07 -5.0814319e-07 5.6405504e-05)
(-9.904171e-07 -1.573902e-06 7.1514799e-05)
(-1.1614678e-06 -1.4654583e-06 6.6864845e-05)
(-1.5457278e-06 -1.9321196e-06 6.7238951e-05)
(-3.2470902e-09 -8.5352091e-08 4.3859482e-05)
(1.4226976e-07 2.8947348e-07 2.8127872e-05)
(1.636351e-07 2.6338387e-07 2.6318446e-05)
(-5.1315739e-07 -1.0906365e-06 6.5813945e-05)
(-1.8234854e-07 -5.8785481e-07 6.0329978e-05)
(-2.4564358e-07 -5.759195e-07 5.6415968e-05)
(-6.4686228e-07 -1.7444687e-06 7.1533187e-05)
(-8.2091106e-07 -1.6795201e-06 6.6878878e-05)
(-1.1098255e-06 -2.21643e-06 6.725252e-05)
(2.1281296e-08 -6.159157e-08 4.3869418e-05)
(8.3686538e-08 3.3556589e-07 2.8132466e-05)
(1.1797248e-07 3.1751479e-07 2.6323605e-05)
(-2.8645509e-07 -1.1608353e-06 6.5832288e-05)
(-7.4010512e-08 -5.9737869e-07 6.0343251e-05)
(-1.2261338e-07 -5.971237e-07 5.6430543e-05)
(-3.0970235e-07 -1.8345577e-06 7.1551189e-05)
(-4.7567146e-07 -1.806231e-06 6.6898556e-05)
(-6.5637158e-07 -2.3961407e-06 6.7271618e-05)
(1.7753578e-08 -3.8507181e-08 4.3875894e-05)
(6.3547165e-09 3.5490947e-07 2.813408e-05)
(4.7280949e-08 3.5450503e-07 2.6326888e-05)
(-8.2480392e-08 -1.1851358e-06 6.5844627e-05)
(1.2586237e-08 -5.953705e-07 6.034814e-05)
(-2.8051329e-08 -5.9589821e-07 5.6440245e-05)
(1.4597838e-08 -1.8601122e-06 7.1557905e-05)
(-1.4595844e-07 -1.8602304e-06 6.6911814e-05)
(-2.0786521e-07 -2.4790544e-06 6.7284491e-05)
(1.0061919e-09 -3.6740271e-08 4.3875265e-05)
(-7.1384559e-08 3.3795544e-07 2.8131797e-05)
(-3.4904131e-08 3.556854e-07 2.6326508e-05)
(1.0957913e-07 -1.1826698e-06 6.5843647e-05)
(9.8463587e-08 -5.9278235e-07 6.0341776e-05)
(5.2611465e-08 -5.9361369e-07 5.6439382e-05)
(3.3813554e-07 -1.8294451e-06 7.1549308e-05)
(1.744458e-07 -1.857681e-06 6.691073e-05)
(2.3548853e-07 -2.4766494e-06 6.7283432e-05)
(-3.4985668e-09 -5.6370161e-08 4.3867883e-05)
(-1.3099059e-07 2.9402727e-07 2.8127198e-05)
(-1.0624968e-07 3.2102869e-07 2.6322659e-05)
(3.1224452e-07 -1.1535625e-06 6.5829911e-05)
(2.0479083e-07 -5.791925e-07 6.0328408e-05)
(1.4596892e-07 -5.9037051e-07 5.6428448e-05)
(6.7308819e-07 -1.7348837e-06 7.1531342e-05)
(5.0288262e-07 -1.7987072e-06 6.6895874e-05)
(6.8281358e-07 -2.3890593e-06 6.7268983e-05)
(1.8892377e-08 -7.7391929e-08 4.3858774e-05)
(-1.6854139e-07 2.452215e-07 2.8122654e-05)
(-1.5330628e-07 2.6877563e-07 2.6317969e-05)
(5.3592597e-07 -1.0796326e-06 6.5812895e-05)
(3.3264262e-07 -5.3153117e-07 6.0315908e-05)
(2.6623107e-07 -5.6568738e-07 5.6414705e-05)
(1.0131554e-06 -1.5608572e-06 7.1514797e-05)
(8.4504947e-07 -1.6682054e-06 6.6877611e-05)
(1.1333457e-06 -2.2058175e-06 6.725157e-05)
(5.8924875e-08 -7.4186299e-08 4.3852181e-05)
(-1.8231524e-07 2.2376261e-07 2.6314007e-05)
(7.6508376e-07 -9.4056337e-07 6.5801431e-05)
(4.0093232e-07 -4.9482114e-07 5.6405153e-05)
(1.1825169e-06 -1.4506657e-06 6.6865174e-05)
(1.5663465e-06 -1.9184356e-06 6.7240475e-05)
(-4.5640141e-08 -8.351399e-08 3.8187628e-05)
(1.7827423e-07 2.3990959e-07 2.4510654e-05)
(1.9230555e-07 2.1906329e-07 2.270169e-05)
(-7.454529e-07 -9.5343443e-07 5.7265682e-05)
(-3.1332587e-07 -5.421858e-07 5.2503216e-05)
(-3.8198248e-07 -5.0505504e-07 4.8591835e-05)
(-9.9029089e-07 -1.5721805e-06 6.2226936e-05)
(-1.1597865e-06 -1.4616343e-06 5.7577061e-05)
(-1.5453288e-06 -1.9306205e-06 5.8497313e-05)
(-3.2414444e-09 -8.4173608e-08 3.8193619e-05)
(1.4212394e-07 2.9026984e-07 2.4514636e-05)
(1.6404823e-07 2.6574709e-07 2.2704454e-05)
(-5.132681e-07 -1.0891859e-06 5.7276636e-05)
(-1.8251355e-07 -5.8658832e-07 5.251459e-05)
(-2.4577052e-07 -5.7250033e-07 4.860014e-05)
(-6.4709136e-07 -1.7423605e-06 6.2242299e-05)
(-8.208464e-07 -1.6750034e-06 5.7588371e-05)
(-1.1098766e-06 -2.2146392e-06 5.8508641e-05)
(2.1100415e-08 -6.0159124e-08 3.8201809e-05)
(8.335405e-08 3.3609789e-07 2.451832e-05)
(1.1770404e-07 3.1926217e-07 2.2708111e-05)
(-2.8684965e-07 -1.1592752e-06 5.7291907e-05)
(-7.4418301e-08 -5.9608156e-07 5.2525569e-05)
(-1.2358331e-07 -5.9419539e-07 4.8611657e-05)
(-3.1019623e-07 -1.832238e-06 6.2257267e-05)
(-4.7656817e-07 -1.8018608e-06 5.7604204e-05)
(-6.5676151e-07 -2.394243e-06 5.8524517e-05)
(1.7391546e-08 -3.6972957e-08 3.8207021e-05)
(6.0465002e-09 3.5528081e-07 2.4519535e-05)
(4.6855893e-08 3.5559376e-07 2.2710297e-05)
(-8.3052825e-08 -1.1836009e-06 5.7302072e-05)
(1.2005887e-08 -5.9413459e-07 5.2529496e-05)
(-2.8984447e-08 -5.9365887e-07 4.861919e-05)
(1.3923978e-08 -1.8577891e-06 6.2262726e-05)
(-1.469339e-07 -1.8563437e-06 5.7614761e-05)
(-2.0844505e-07 -2.4771924e-06 5.8535134e-05)
(5.071045e-10 -3.5278337e-08 3.8206385e-05)
(-7.1619079e-08 3.3839022e-07 2.4517622e-05)
(-3.5218675e-08 3.5670362e-07 2.2709894e-05)
(1.0892412e-07 -1.1812268e-06 5.7301082e-05)
(9.7787915e-08 -5.9165833e-07 5.2524026e-05)
(5.2154813e-08 -5.9149948e-07 4.861829e-05)
(3.3736465e-07 -1.8272962e-06 6.2255323e-05)
(1.7382008e-07 -1.8539296e-06 5.7613646e-05)
(2.3482087e-07 -2.4748632e-06 5.8534073e-05)
(-4.0822943e-09 -5.514067e-08 3.8200195e-05)
(-1.3128382e-07 2.9464994e-07 2.4513791e-05)
(-1.0668383e-07 3.2257084e-07 2.2707047e-05)
(3.1154275e-07 -1.1522551e-06 5.7289411e-05)
(2.04109e-07 -5.7822539e-07 5.2512655e-05)
(1.4560942e-07 -5.8780999e-07 4.8609347e-05)
(6.7231054e-07 -1.7330663e-06 6.224004e-05)
(5.0224354e-07 -1.7947358e-06 5.760132e-05)
(6.8207855e-07 -2.3873652e-06 5.8521798e-05)
(1.8247963e-08 -7.6557208e-08 3.8192472e-05)
(-1.6907698e-07 2.4598158e-07 2.4509877e-05)
(-1.5434613e-07 2.7083032e-07 2.2703559e-05)
(5.351193e-07 -1.0785938e-06 5.7274932e-05)
(3.3204339e-07 -5.3062463e-07 5.2501903e-05)
(2.6516758e-07 -5.6283767e-07 4.8598069e-05)
(1.0124409e-06 -1.5593166e-06 6.2225854e-05)
(8.4359513e-07 -1.6643075e-06 5.7586188e-05)
(1.1324259e-06 -2.2043576e-06 5.8507051e-05)
(5.8538658e-08 -7.3420912e-08 3.8186697e-05)
(-1.8422115e-07 2.2577121e-07 2.2700536e-05)
(7.6463926e-07 -9.3938689e-07 5.7264963e-05)
(3.9863537e-07 -4.9243491e-07 4.8590227e-05)
(1.1796453e-06 -1.4476166e-06 5.7575846e-05)
(1.5657514e-06 -1.9168406e-06 5.8497438e-05)
(-4.302255e-08 -7.8824289e-08 3.2525699e-05)
(1.7982946e-07 2.4372669e-07 2.0900097e-05)
(1.9495126e-07 2.230969e-07 1.9094485e-05)
(-7.4292421e-07 -9.4802281e-07 4.8734242e-05)
(-3.1231454e-07 -5.3680026e-07 4.4693008e-05)
(-3.8036839e-07 -5.0087361e-07 4.0789648e-05)
(-9.8874174e-07 -1.5655581e-06 5.2943129e-05)
(-1.1578753e-06 -1.4566113e-06 4.8303317e-05)
(-1.5422604e-06 -1.924488e-06 4.9759511e-05)
(-2.8740564e-09 -7.9455695e-08 3.2530031e-05)
(1.4234199e-07 2.9361035e-07 2.0902757e-05)
(1.6485299e-07 2.6930859e-07 1.9096515e-05)
(-5.1339741e-07 -1.083048e-06 4.8742562e-05)
(-1.8354991e-07 -5.8148818e-07 4.4701533e-05)
(-2.4665134e-07 -5.6817457e-07 4.0795973e-05)
(-6.4778899e-07 -1.7355821e-06 5.2954951e-05)
(-8.2163175e-07 -1.6691673e-06 4.8312072e-05)
(-1.1094142e-06 -2.2072225e-06 4.9768182e-05)
(2.0096521e-08 -5.6821379e-08 3.2535928e-05)
(8.2918491e-08 3.3841299e-07 2.0905142e-05)
(1.1724382e-07 3.2125049e-07 1.9099191e-05)
(-2.8843892e-07 -1.1539473e-06 4.875417e-05)
(-7.599689e-08 -5.9221759e-07 4.4709693e-05)
(-1.2571857e-07 -5.9121942e-07 4.0804759e-05)
(-3.116409e-07 -1.8263247e-06 5.2966425e-05)
(-4.7871087e-07 -1.7966636e-06 4.8324343e-05)
(-6.5780871e-07 -2.3868723e-06 4.9780383e-05)
(1.6416923e-08 -3.5107895e-08 3.2539522e-05)
(5.6080609e-09 3.5701249e-07 2.090582e-05)
(4.6195274e-08 3.5618289e-07 1.9100773e-05)
(-8.4428446e-08 -1.1794521e-06 4.8761775e-05)
(1.1186405e-08 -5.9103993e-07 4.4712458e-05)
(-3.0636586e-08 -5.9211456e-07 4.0810459e-05)
(1.2986728e-08 -1.8525107e-06 5.2970452e-05)
(-1.4870868e-07 -1.8521386e-06 4.8332478e-05)
(-2.095999e-07 -2.4704595e-06 4.9788441e-05)
(2.2838284e-10 -3.3535933e-08 3.2538888e-05)
(-7.206231e-08 3.4052601e-07 2.0904427e-05)
(-3.557185e-08 3.5719082e-07 1.9100405e-05)
(1.0854049e-07 -1.1772476e-06 4.8760789e-05)
(9.7724197e-08 -5.8811598e-07 4.4708104e-05)
(5.1776316e-08 -5.9015771e-07 4.0809618e-05)
(3.369311e-07 -1.8217482e-06 5.2964449e-05)
(1.73182e-07 -1.8499647e-06 4.8331436e-05)
(2.3419291e-07 -2.4683e-06 4.9787391e-05)
(-4.3305062e-09 -5.2172629e-08 3.2534256e-05)
(-1.3239348e-07 2.9764964e-07 2.0901758e-05)
(-1.0720236e-07 3.2425467e-07 1.9098195e-05)
(3.1136823e-07 -1.147444e-06 4.8751593e-05)
(2.034765e-07 -5.7376263e-07 4.4699262e-05)
(1.4576987e-07 -5.8543597e-07 4.0802546e-05)
(6.7109567e-07 -1.7270141e-06 5.2952324e-05)
(5.0203302e-07 -1.7902518e-06 4.8321594e-05)
(6.8133359e-07 -2.3805136e-06 4.9777618e-05)
(1.6723074e-08 -7.2382648e-08 3.252846e-05)
(-1.7143058e-07 2.4931858e-07 2.0898944e-05)
(-1.5604894e-07 2.738932e-07 1.9095544e-05)
(5.3359094e-07 -1.0732336e-06 4.8740237e-05)
(3.2937345e-07 -5.2626202e-07 4.4690827e-05)
(2.6419796e-07 -5.5949045e-07 4.0793674e-05)
(1.0089244e-06 -1.553893e-06 5.2941013e-05)
(8.4216237e-07 -1.6596206e-06 4.8309629e-05)
(1.1302771e-06 -2.1977316e-06 4.9766006e-05)
(5.4636242e-08 -6.9685142e-08 3.2523966e-05)
(-1.8763533e-07 2.2914477e-07 1.9093033e-05)
(7.6015052e-07 -9.3541417e-07 4.8732251e-05)
(3.953511e-07 -4.8957021e-07 4.0787252e-05)
(1.1756997e-06 -1.4441276e-06 4.8301138e-05)
(1.56057e-06 -1.9122096e-06 4.9758309e-05)
(-4.15897e-08 -7.5586729e-08 2.684444e-05)
(1.8161779e-07 2.4759953e-07 1.7272569e-05)
(1.9957856e-07 2.2934774e-07 1.5473826e-05)
(-7.4202262e-07 -9.4435512e-07 4.0183139e-05)
(-3.126434e-07 -5.3348391e-07 3.6862257e-05)
(-3.7790958e-07 -4.9637573e-07 3.2989513e-05)
(-9.8913288e-07 -1.5610895e-06 4.3641551e-05)
(-1.1597707e-06 -1.4570179e-06 3.9040979e-05)
(-1.5408289e-06 -1.9198954e-06 4.1006177e-05)
(-3.5565453e-09 -7.6825026e-08 2.684776e-05)
(1.4231781e-07 2.9590327e-07 1.7274655e-05)
(1.6746271e-07 2.7574411e-07 1.5475553e-05)
(-5.150092e-07 -1.0791904e-06 4.0189693e-05)
(-1.856605e-07 -5.790879e-07 3.6868955e-05)
(-2.4610076e-07 -5.6329671e-07 3.2994709e-05)
(-6.5006896e-07 -1.7310795e-06 4.3650889e-05)
(-8.2442544e-07 -1.6694808e-06 3.9048092e-05)
(-1.1105369e-06 -2.2016544e-06 4.1013038e-05)
(1.8291335e-08 -5.6050737e-08 2.6852292e-05)
(8.2137095e-08 3.3871445e-07 1.7276555e-05)
(1.1814728e-07 3.2710119e-07 1.547782e-05)
(-2.9117912e-07 -1.1513161e-06 4.0198844e-05)
(-7.8296724e-08 -5.9140728e-07 3.6875383e-05)
(-1.2643703e-07 -5.8679789e-07 3.3001914e-05)
(-3.1415496e-07 -1.8226141e-06 4.3659949e-05)
(-4.8157433e-07 -1.7974774e-06 3.9058039e-05)
(-6.6014614e-07 -2.3815767e-06 4.1022668e-05)
(1.5000861e-08 -3.5885548e-08 2.6855096e-05)
(5.0324238e-09 3.5637672e-07 1.7277093e-05)
(4.6036609e-08 3.6147984e-07 1.5479166e-05)
(-8.6495902e-08 -1.1780923e-06 4.020485e-05)
(9.9757299e-09 -5.9111522e-07 3.6877508e-05)
(-3.1755046e-08 -5.882468e-07 3.3006574e-05)
(1.1512162e-08 -1.8494099e-06 4.3663058e-05)
(-1.5070882e-07 -1.8535058e-06 3.9064599e-05)
(-2.1156062e-07 -2.4658215e-06 4.1029032e-05)
(-1.2369442e-10 -3.449222e-08 2.6854512e-05)
(-7.2401274e-08 3.4059909e-07 1.7275886e-05)
(-3.6492611e-08 3.6237884e-07 1.5478832e-05)
(1.0793115e-07 -1.1761605e-06 4.020394e-05)
(9.7655547e-08 -5.8778922e-07 3.6873887e-05)
(5.063363e-08 -5.8651592e-07 3.3005815e-05)
(3.3655373e-07 -1.8186259e-06 4.3658104e-05)
(1.7243767e-07 -1.8516069e-06 3.9063666e-05)
(2.3328976e-07 -2.4639543e-06 4.1028068e-05)
(-4.205185e-09 -5.1928791e-08 2.6850711e-05)
(-1.3337292e-07 2.9947277e-07 1.7273637e-05)
(-1.091447e-07 3.2978109e-07 1.5476885e-05)
(3.1155153e-07 -1.1456091e-06 4.0196413e-05)
(2.0340066e-07 -5.7231698e-07 3.6866641e-05)
(1.443004e-07 -5.816803e-07 3.2999859e-05)
(6.7068441e-07 -1.7236596e-06 4.3648247e-05)
(5.0223392e-07 -1.7918704e-06 3.9055522e-05)
(6.8092505e-07 -2.3760676e-06 4.1020087e-05)
(1.5830011e-08 -7.0663499e-08 2.6846037e-05)
(-1.7412545e-07 2.5248734e-07 1.7271253e-05)
(-1.5963371e-07 2.7978113e-07 1.547447e-05)
(5.3280112e-07 -1.0707268e-06 4.0187165e-05)
(3.2778525e-07 -5.242538e-07 3.6859681e-05)
(2.6157623e-07 -5.5570777e-07 3.2992261e-05)
(1.0069774e-06 -1.5509426e-06 4.3638973e-05)
(8.4241187e-07 -1.6612369e-06 3.9045534e-05)
(1.1287906e-06 -2.193571e-06 4.1010701e-05)
(5.2065106e-08 -6.7449665e-08 2.684231e-05)
(-1.9308916e-07 2.3470023e-07 1.5472206e-05)
(7.575177e-07 -9.3316183e-07 4.0180498e-05)
(3.9113117e-07 -4.8640473e-07 3.2986751e-05)
(1.1754041e-06 -1.4460682e-06 3.9038364e-05)
(1.557252e-06 -1.9090546e-06 4.1004292e-05)
(-3.5710521e-08 -6.7820165e-08 2.1340041e-05)
(1.8696742e-07 2.5635433e-07 1.3774018e-05)
(1.9464479e-07 2.2366311e-07 1.1893505e-05)
(-7.4250355e-07 -9.441133e-07 3.1868757e-05)
(-3.0974547e-07 -5.2795621e-07 2.9260086e-05)
(-3.9595945e-07 -5.1767e-07 2.513565e-05)
(-9.9407442e-07 -1.5671334e-06 3.4586071e-05)
(-1.1882429e-06 -1.4908984e-06 2.9671869e-05)
(-1.5519801e-06 -1.9325988e-06 3.2478559e-05)
(4.8874466e-10 -6.781506e-08 2.1342944e-05)
(1.4577447e-07 3.0581764e-07 1.3775876e-05)
(1.6361393e-07 2.6932055e-07 1.1894696e-05)
(-5.1576934e-07 -1.0787455e-06 3.1874212e-05)
(-1.8404945e-07 -5.7279343e-07 2.9265698e-05)
(-2.5997748e-07 -5.8754168e-07 2.5139467e-05)
(-6.5391976e-07 -1.7376679e-06 3.4593736e-05)
(-8.461638e-07 -1.7081308e-06 2.9677151e-05)
(-1.1192286e-06 -2.215974e-06 3.2484233e-05)
(2.0440229e-08 -4.6114549e-08 2.1346883e-05)
(8.3638882e-08 3.494598e-07 1.3777523e-05)
(1.1547481e-07 3.2008484e-07 1.1896135e-05)
(-2.9211911e-07 -1.1506999e-06 3.1881778e-05)
(-7.7993971e-08 -5.8459414e-07 2.9271025e-05)
(-1.3564325e-07 -6.1325312e-07 2.5144618e-05)
(-3.1674717e-07 -1.8295433e-06 3.4601112e-05)
(-4.9575697e-07 -1.839621e-06 2.96844e-05)
(-6.6599506e-07 -2.3970042e-06 3.2492155e-05)
(1.521171e-08 -2.5400891e-08 2.1349261e-05)
(4.5280904e-09 3.6739392e-07 1.3777952e-05)
(4.4705734e-08 3.54038e-07 1.1896821e-05)
(-8.7581497e-08 -1.1773745e-06 3.1886659e-05)
(8.924359e-09 -5.8421408e-07 2.927273e-05)
(-3.5725039e-08 -6.1603948e-07 2.514777e-05)
(1.024123e-08 -1.8565842e-06 3.4603577e-05)
(-1.5652896e-07 -1.8976741e-06 2.9689016e-05)
(-2.1436235e-07 -2.4818341e-06 3.2497308e-05)
(-1.8806054e-09 -2.4160993e-08 2.1348725e-05)
(-7.4902046e-08 3.5113944e-07 1.3776873e-05)
(-3.6374704e-08 3.5481398e-07 1.1896503e-05)
(1.0669714e-07 -1.1756701e-06 3.1885842e-05)
(9.5270464e-08 -5.8138448e-07 2.9269635e-05)
(5.220086e-08 -6.1454779e-07 2.5147094e-05)
(3.3662601e-07 -1.826047e-06 3.4599436e-05)
(1.7538251e-07 -1.8960582e-06 2.9688195e-05)
(2.3359878e-07 -2.4802133e-06 3.2496458e-05)
(-7.875119e-09 -4.2449302e-08 2.1345381e-05)
(-1.3781701e-07 3.0899455e-07 1.3774784e-05)
(-1.0767197e-07 3.223924e-07 1.1895251e-05)
(3.1020696e-07 -1.1456647e-06 3.1879531e-05)
(1.9974955e-07 -5.668149e-07 2.9263369e-05)
(1.5113453e-07 -6.0885718e-07 2.514278e-05)
(6.7205543e-07 -1.731192e-06 3.4591164e-05)
(5.1358816e-07 -1.8348661e-06 2.9682169e-05)
(6.8431348e-07 -2.3922191e-06 3.2489836e-05)
(1.033845e-08 -6.2372382e-08 2.1341055e-05)
(-1.8039593e-07 2.6068607e-07 1.3772488e-05)
(-1.5690014e-07 2.7275437e-07 1.189364e-05)
(5.313571e-07 -1.0713264e-06 3.1871558e-05)
(3.2294023e-07 -5.1986569e-07 2.9257237e-05)
(2.7324458e-07 -5.8112147e-07 2.5137239e-05)
(1.0094881e-06 -1.558326e-06 3.4583265e-05)
(8.6152256e-07 -1.7012603e-06 2.9674689e-05)
(1.1350898e-06 -2.2090131e-06 3.2481888e-05)
(4.4761651e-08 -6.0699955e-08 2.1337596e-05)
(-1.8914913e-07 2.2817945e-07 1.1891976e-05)
(7.5578629e-07 -9.3436761e-07 3.1865746e-05)
(4.0717254e-07 -5.0932625e-07 2.5132929e-05)
(1.2014372e-06 -1.4818674e-06 2.9669021e-05)
(1.5659837e-06 -1.9232416e-06 3.2476424e-05)
(-6.1027805e-08 -9.8250847e-08 1.4986771e-05)
(1.7306845e-07 2.3581568e-07 9.6873723e-06)
(2.2586753e-07 2.6192946e-07 7.9763212e-06)
(-7.8784885e-07 -9.9868337e-07 2.2369515e-05)
(-3.4309671e-07 -5.7684504e-07 2.0534805e-05)
(-3.5693201e-07 -4.6915241e-07 1.7045549e-05)
(-1.0370645e-06 -1.630233e-06 2.4280337e-05)
(-1.1633645e-06 -1.4592356e-06 2.0223253e-05)
(-1.6017105e-06 -1.9925311e-06 2.2789742e-05)
(-1.8655242e-08 -1.0259083e-07 1.4988353e-05)
(1.3593549e-07 2.8283794e-07 9.6881209e-06)
(1.8675969e-07 3.1311674e-07 7.9768587e-06)
(-5.500999e-07 -1.1411068e-06 2.2372816e-05)
(-2.0774221e-07 -6.2735807e-07 2.0538004e-05)
(-2.3188457e-07 -5.3180151e-07 1.7047591e-05)
(-6.8442675e-07 -1.8081037e-06 2.428498e-05)
(-8.2901526e-07 -1.6714537e-06 2.0226163e-05)
(-1.156892e-06 -2.2845598e-06 2.2793271e-05)
(8.0242963e-09 -8.4240066e-08 1.4990279e-05)
(7.8178703e-08 3.246539e-07 9.6885793e-06)
(1.2946034e-07 3.672126e-07 7.9770157e-06)
(-3.142384e-07 -1.2188355e-06 2.2377179e-05)
(-9.0998299e-08 -6.4307163e-07 2.0540842e-05)
(-1.1946319e-07 -5.5313775e-07 1.7049914e-05)
(-3.3338452e-07 -1.9049214e-06 2.4289267e-05)
(-4.8664351e-07 -1.7999874e-06 2.0229772e-05)
(-6.902266e-07 -2.4719231e-06 2.279802e-05)
(1.0244425e-08 -6.5715179e-08 1.4991187e-05)
(3.8215857e-09 3.4176843e-07 9.6885352e-06)
(4.9041512e-08 4.0227017e-07 7.9764973e-06)
(-9.6172695e-08 -1.2489396e-06 2.2379763e-05)
(7.5765493e-09 -6.4431438e-07 2.0541598e-05)
(-3.1143327e-08 -5.5438305e-07 1.7050899e-05)
(8.6399778e-09 -1.9339525e-06 2.4290554e-05)
(-1.5453186e-07 -1.857102e-06 2.0231704e-05)
(-2.2371142e-07 -2.5603856e-06 2.2800926e-05)
(1.0432474e-09 -6.4679023e-08 1.4990785e-05)
(-7.0849816e-08 3.2604415e-07 9.6881124e-06)
(-4.1712327e-08 4.0295548e-07 7.976264e-06)
(1.1233907e-07 -1.2475289e-06 2.2379149e-05)
(1.0559196e-07 -6.4041362e-07 2.0539848e-05)
(4.5708479e-08 -5.5305528e-07 1.7050411e-05)
(3.5009096e-07 -1.9020679e-06 2.4288023e-05)
(1.7102958e-07 -1.8556774e-06 2.0231123e-05)
(2.3987844e-07 -2.5590629e-06 2.2800283e-05)
(2.513922e-09 -8.1197223e-08 1.4989223e-05)
(-1.2932989e-07 2.8542158e-07 9.6874414e-06)
(-1.2258591e-07 3.6927862e-07 7.976263e-06)
(3.2941945e-07 -1.2147004e-06 2.2375558e-05)
(2.2086532e-07 -6.224954e-07 2.0536539e-05)
(1.3318854e-07 -5.4916818e-07 1.7048438e-05)
(6.9954625e-07 -1.8029301e-06 2.4283144e-05)
(5.0227631e-07 -1.7957299e-06 2.02281e-05)
(7.0553996e-07 -2.4680434e-06 2.2796294e-05)
(2.7625485e-08 -9.8181746e-08 1.4987287e-05)
(-1.6764316e-07 2.3929189e-07 9.6865654e-06)
(-1.8088867e-07 3.1621615e-07 7.975523e-06)
(5.6306735e-07 -1.1351878e-06 2.237114e-05)
(3.5408319e-07 -5.703744e-07 2.0533099e-05)
(2.4348317e-07 -5.2598722e-07 1.7044996e-05)
(1.0499084e-06 -1.623341e-06 2.4278236e-05)
(8.4223244e-07 -1.6652433e-06 2.0223854e-05)
(1.1700624e-06 -2.2790857e-06 2.2791499e-05)
(6.8522108e-08 -9.2557717e-08 1.498536e-05)
(-2.2122959e-07 2.6602734e-07 7.9741002e-06)
(7.9891087e-07 -9.9103803e-07 2.2367386e-05)
(3.6650524e-07 -4.6142428e-07 1.7042076e-05)
(1.174508e-06 -1.4506907e-06 2.0220126e-05)
(1.6133212e-06 -1.9853571e-06 2.2787568e-05)
(3.7230559e-08 2.2217465e-08 1.1252528e-05)
(2.4054e-07 3.3709033e-07 7.4282866e-06)
(3.9469905e-08 3.5039152e-08 5.0180499e-06)
(-6.8375855e-07 -8.7023293e-07 1.6536065e-05)
(-2.4793073e-07 -4.3174209e-07 1.5251686e-05)
(-4.9969301e-07 -6.4045708e-07 9.1175974e-06)
(-9.6034024e-07 -1.5112481e-06 1.7873215e-05)
(-1.2704705e-06 -1.5859873e-06 1.0483754e-05)
(-1.5331632e-06 -1.9070006e-06 1.6732669e-05)
(5.38111e-08 3.5527299e-08 1.1253974e-05)
(1.8225839e-07 3.9533934e-07 7.4288269e-06)
(4.6852886e-08 5.0531771e-08 5.0179421e-06)
(-4.7435171e-07 -9.9352634e-07 1.653856e-05)
(-1.4353351e-07 -4.6580817e-07 1.5253847e-05)
(-3.4067787e-07 -7.297699e-07 9.1170591e-06)
(-6.334518e-07 -1.6751502e-06 1.7876386e-05)
(-9.119157e-07 -1.8174852e-06 1.0483525e-05)
(-1.1078756e-06 -2.185654e-06 1.6735448e-05)
(5.1941929e-08 6.533735e-08 1.1255128e-05)
(1.0148324e-07 4.43346e-07 7.4285875e-06)
(4.183062e-08 7.7158373e-08 5.0175546e-06)
(-2.6917275e-07 -1.0587787e-06 1.6541284e-05)
(-5.93023e-08 -4.722283e-07 1.5255297e-05)
(-1.8890501e-07 -7.7193807e-07 9.1159385e-06)
(-3.0869981e-07 -1.7639778e-06 1.7878883e-05)
(-5.4057806e-07 -1.9612203e-06 1.0482703e-05)
(-6.6177644e-07 -2.36413e-06 1.6738641e-05)
(2.4589699e-08 8.8816016e-08 1.1255014e-05)
(3.527402e-09 4.6223198e-07 7.4280918e-06)
(1.875968e-08 9.6991179e-08 5.0170987e-06)
(-8.1792722e-08 -1.0833192e-06 1.6542395e-05)
(7.0126361e-09 -4.7069191e-07 1.5255404e-05)
(-5.5812539e-08 -7.8483509e-07 9.1147609e-06)
(7.8826468e-09 -1.7905849e-06 1.787941e-05)
(-1.742063e-07 -2.0268899e-06 1.0481619e-05)
(-2.150148e-07 -2.4485015e-06 1.6740152e-05)
(-1.4147889e-08 8.9797006e-08 1.1254641e-05)
(-9.4678654e-08 4.4469338e-07 7.4279843e-06)
(-1.2568756e-08 9.7562485e-08 5.0168541e-06)
(9.6650553e-08 -1.0819678e-06 1.6541871e-05)
(7.2887002e-08 -4.6961005e-07 1.5254193e-05)
(6.8198299e-08 -7.8372014e-07 9.1142644e-06)
(3.2400475e-07 -1.761171e-06 1.7877737e-05)
(1.8806476e-07 -2.0257208e-06 1.0481e-05)
(2.2964782e-07 -2.4472414e-06 1.6739665e-05)
(-4.2043093e-08 6.8315122e-08 1.12538e-05)
(-1.7608162e-07 3.9793656e-07 7.427254e-06)
(-3.6058967e-08 7.8873741e-08 5.0170727e-06)
(2.8330412e-07 -1.0546638e-06 1.6539558e-05)
(1.5582715e-07 -4.6084509e-07 1.5250949e-05)
(2.0054046e-07 -7.6860878e-07 9.1148344e-06)
(6.4730442e-07 -1.6698003e-06 1.7873931e-05)
(5.5367362e-07 -1.9577337e-06 1.0481129e-05)
(6.7576088e-07 -2.3602876e-06 1.6737207e-05)
(-4.543558e-08 3.9963995e-08 1.1250867e-05)
(-2.3560789e-07 3.4070984e-07 7.4253188e-06)
(-4.1891414e-08 5.3188776e-08 5.0179831e-06)
(4.8612383e-07 -9.873448e-07 1.6534924e-05)
(2.5787933e-07 -4.2482275e-07 1.5246939e-05)
(3.5046852e-07 -7.2481225e-07 9.116827e-06)
(9.715961e-07 -1.5035507e-06 1.7869486e-05)
(9.23023e-07 -1.8122474e-06 1.0481733e-05)
(1.1194328e-06 -2.1799688e-06 1.6733344e-05)
(-3.0631136e-08 2.827476e-08 1.1247975e-05)
(-3.5732964e-08 3.8469417e-08 5.0189714e-06)
(6.9334165e-07 -8.6157104e-07 1.6531203e-05)
(5.0764576e-07 -6.3386712e-07 9.1176651e-06)
(1.2794785e-06 -1.5788126e-06 1.0481726e-05)
(1.5431831e-06 -1.8983575e-06 1.6730485e-05)
(-3.829217e-07 -4.8765246e-07 -2.4605908e-06)
(-1.4955112e-07 -2.4840954e-07 -1.7200756e-06)
(9.8642208e-08 1.1488314e-07 -2.148839e-06)
(-9.7400333e-07 -1.2191163e-06 -3.1475951e-06)
(-5.7446056e-07 -9.1627071e-07 -3.236431e-06)
(-2.1045592e-07 -2.7063403e-07 2.2789331e-06)
(-1.1963009e-06 -1.8574243e-06 -3.0625498e-06)
(-6.7472366e-07 -8.4019345e-07 1.5042543e-06)
(-1.735343e-06 -2.1481514e-06 -2.7551106e-06)
(-2.6202891e-07 -5.5331451e-07 -2.4654584e-06)
(-8.9085719e-08 -2.6391847e-07 -1.7235632e-06)
(8.0661127e-08 1.3650081e-07 -2.1516291e-06)
(-6.9428028e-07 -1.3962294e-06 -3.1546299e-06)
(-3.7206347e-07 -1.0108878e-06 -3.2444301e-06)
(-1.4254985e-07 -3.0732356e-07 2.2889245e-06)
(-8.0007807e-07 -2.0646102e-06 -3.0712827e-06)
(-4.8641883e-07 -9.6151095e-07 1.5059189e-06)
(-1.2625812e-06 -2.4639849e-06 -2.7613202e-06)
(-1.4586785e-07 -5.8281033e-07 -2.4719685e-06)
(-3.8539584e-08 -2.6442555e-07 -1.7266353e-06)
(5.5407733e-08 1.5896583e-07 -2.1554637e-06)
(-4.081899e-07 -1.501882e-06 -3.1643175e-06)
(-1.7811992e-07 -1.0569815e-06 -3.252193e-06)
(-7.7990061e-08 -3.2320044e-07 2.3045701e-06)
(-3.9633954e-07 -2.1819934e-06 -3.0799197e-06)
(-2.894211e-07 -1.0372048e-06 1.5050656e-06)
(-7.6082686e-07 -2.6708207e-06 -2.7699968e-06)
(-4.3652807e-08 -5.9106276e-07 -2.4761764e-06)
(2.6728159e-09 -2.6255535e-07 -1.7278796e-06)
(2.1008159e-08 1.735886e-07 -2.1577785e-06)
(-1.3053358e-07 -1.5478765e-06 -3.1710175e-06)
(5.3804178e-09 -1.0694094e-06 -3.2556018e-06)
(-2.208957e-08 -3.269386e-07 2.3156265e-06)
(5.9818962e-09 -2.2188007e-06 -3.0838395e-06)
(-9.3157402e-08 -1.0717004e-06 1.5015311e-06)
(-2.5035393e-07 -2.7704338e-06 -2.7761197e-06)
(5.1655691e-08 -5.9034734e-07 -2.4765661e-06)
(4.3640962e-08 -2.6349794e-07 -1.726806e-06)
(-1.7545402e-08 1.739049e-07 -2.1580611e-06)
(1.4189617e-07 -1.546934e-06 -3.1716383e-06)
(1.8846776e-07 -1.0551742e-06 -3.2527526e-06)
(2.9480939e-08 -3.2626976e-07 2.3150877e-06)
(4.0789442e-07 -2.1801649e-06 -3.0810337e-06)
(1.015714e-07 -1.0709751e-06 1.5010634e-06)
(2.6143791e-07 -2.7695838e-06 -2.7768196e-06)
(1.5324374e-07 -5.8074481e-07 -2.4723006e-06)
(9.360338e-08 -2.6215839e-07 -1.7225436e-06)
(-5.2321587e-08 1.5985212e-07 -2.1561863e-06)
(4.1875919e-07 -1.4991559e-06 -3.1653604e-06)
(3.8121294e-07 -1.0075623e-06 -3.2429805e-06)
(8.4662247e-08 -3.2134563e-07 2.3034183e-06)
(8.105035e-07 -2.0612115e-06 -3.072317e-06)
(2.9705716e-07 -1.0352324e-06 1.5037428e-06)
(7.7125048e-07 -2.6683529e-06 -2.7717959e-06)
(2.6830672e-07 -5.5019183e-07 -2.4626669e-06)
(1.5336427e-07 -2.459074e-07 -1.7163705e-06)
(-7.7990723e-08 1.3790487e-07 -2.1520385e-06)
(7.0337154e-07 -1.3921914e-06 -3.1531273e-06)
(5.8224569e-07 -9.1165873e-07 -3.2320836e-06)
(1.4816759e-07 -3.0450079e-07 2.2867584e-06)
(1.2050965e-06 -1.8527641e-06 -3.062918e-06)
(4.931849e-07 -9.5838759e-07 1.5047162e-06)
(1.2716597e-06 -2.4602261e-06 -2.7640173e-06)
(3.8786986e-07 -4.8368737e-07 -2.4553455e-06)
(-9.6854802e-08 1.1625305e-07 -2.1479667e-06)
(9.8139477e-07 -1.2140574e-06 -3.1450339e-06)
(2.1459534e-07 -2.6794251e-07 2.2770284e-06)
(6.7928062e-07 -8.3774316e-07 1.5028291e-06)
(1.7427781e-06 -2.143293e-06 -2.7601417e-06)
(2.91042e-07 3.5626478e-07 1.9809002e-05)
(2.664284e-07 4.0458989e-07 3.1952549e-05)
(5.3766615e-08 6.5940668e-08 -1.4769795e-11)
(6.996851e-08 8.5313551e-08 1.2613996e-05)
(2.2203839e-07 3.3734795e-07 7.2736659e-06)
(5.1677176e-08 6.3194452e-08 2.0092102e-10)
(-9.084815e-10 1.9853254e-10 1.8104294e-05)
(-3.8208907e-08 -4.7975034e-08 2.4749587e-05)
(2.7754352e-09 3.1757567e-09 1.502223e-10)
(2.1520458e-07 4.108442e-07 1.9853607e-05)
(1.8275008e-07 4.5341165e-07 3.2096329e-05)
(3.9679669e-08 7.5992953e-08 -1.5805235e-11)
(5.1460124e-08 1.0145631e-07 1.2594485e-05)
(1.5262909e-07 3.7960272e-07 7.2405649e-06)
(3.8249422e-08 7.3098306e-08 2.0148655e-10)
(9.8718744e-12 4.4203228e-09 1.8086712e-05)
(-2.751879e-08 -5.0251623e-08 2.4781814e-05)
(2.1102779e-09 4.4731395e-09 1.511449e-10)
(1.3280071e-07 4.5018245e-07 1.9923499e-05)
(9.3360534e-08 4.8458008e-07 3.2247617e-05)
(2.4411159e-08 8.3216246e-08 -1.7424975e-11)
(3.2405079e-08 1.1382598e-07 1.2562961e-05)
(7.8660106e-08 4.066413e-07 7.2070511e-06)
(2.3670217e-08 8.0253485e-08 2.022413e-10)
(1.4744694e-09 8.3227757e-09 1.8062961e-05)
(-1.5203616e-08 -4.9405999e-08 2.4815197e-05)
(1.5651174e-09 5.7221046e-09 1.524068e-10)
(4.5817611e-08 4.7114884e-07 1.9975239e-05)
(7.7572816e-10 4.9545719e-07 3.2311781e-05)
(8.3482905e-09 8.705883e-08 -1.8633048e-11)
(1.2495281e-08 1.2084942e-07 1.2536961e-05)
(1.9914532e-09 4.162092e-07 7.1928465e-06)
(8.2717652e-09 8.4054238e-08 2.0274228e-10)
(2.4093013e-09 1.0273217e-08 1.8050992e-05)
(-3.2486661e-09 -4.7544857e-08 2.4828374e-05)
(8.9374065e-10 6.5819622e-09 1.5330567e-10)
(-4.3037849e-08 4.7143403e-07 1.9975063e-05)
(-9.1919061e-08 4.8485368e-07 3.224758e-05)
(-8.0319508e-09 8.7090156e-08 -1.8633497e-11)
(-8.058304e-09 1.2130732e-07 1.253671e-05)
(-7.4931841e-08 4.0735754e-07 7.2065316e-06)
(-7.4684477e-09 8.4135738e-08 2.0274352e-10)
(3.0732739e-09 9.2026937e-09 1.8062477e-05)
(8.0225219e-09 -4.7047651e-08 2.4828549e-05)
(7.6929006e-11 6.6832354e-09 1.5331231e-10)
(-1.304993e-07 4.5089882e-07 1.9923131e-05)
(-1.8163768e-07 4.5388736e-07 3.2093489e-05)
(-2.4155383e-08 8.3293327e-08 -1.7425796e-11)
(-2.8672628e-08 1.1493469e-07 1.2562207e-05)
(-1.4968309e-07 3.8086382e-07 7.2384385e-06)
(-2.2996012e-08 8.0455499e-08 2.022363e-10)
(3.7374164e-09 6.0428363e-09 1.8082888e-05)
(1.9251673e-08 -4.8183768e-08 2.4815647e-05)
(-7.4776479e-10 5.9660667e-09 1.5240162e-10)
(-2.1326166e-07 4.1196432e-07 1.9848988e-05)
(-2.6548022e-07 4.0505774e-07 3.1947035e-05)
(-3.9460174e-08 7.6121201e-08 -1.5817837e-11)
(-4.8208855e-08 1.0341841e-07 1.2589313e-05)
(-2.1962646e-07 3.3852528e-07 7.2698533e-06)
(-3.7688021e-08 7.3423335e-08 2.0148385e-10)
(3.7354036e-09 1.3618592e-09 1.8096985e-05)
(3.1430869e-08 -4.8129187e-08 2.478149e-05)
(-1.3554503e-09 4.9052111e-09 1.5117755e-10)
(-2.9009719e-07 3.5632212e-07 1.9804245e-05)
(-5.3686465e-08 6.595214e-08 -1.4686189e-11)
(-6.8812512e-08 8.5597451e-08 1.2608099e-05)
(-5.1409701e-08 6.324774e-08 2.0081103e-10)
(3.9529782e-08 -4.8463922e-08 2.4749252e-05)
(-2.500373e-09 3.1355578e-09 1.4995694e-10)
(1.6706549e-06 -1.3526621e-06 0.00020784502)
(1.9737765e-06 -1.2859225e-06 0.00023979701)
(2.0401178e-06 -1.657909e-06 0.00023431036)
(1.6545359e-06 -1.6574378e-06 0.00023980463)
(1.607342e-06 -1.3037378e-06 0.00012406434)
(1.4473519e-06 -9.3276385e-07 0.00017551324)
(1.6836478e-06 -1.3626503e-06 0.00017084076)
(1.2263357e-06 -1.2283523e-06 0.00017551492)
(2.0742126e-06 -1.367408e-06 7.1161869e-05)
(2.1330977e-06 -1.7409332e-06 6.9109488e-05)
(1.7517705e-06 -1.7527224e-06 7.1159581e-05)
(1.9141841e-06 -9.7814869e-07 0.00020789018)
(2.2148425e-06 -8.6537484e-07 0.00023985493)
(2.348485e-06 -1.213371e-06 0.00023436776)
(1.8412634e-06 -9.5192307e-07 0.00012409675)
(1.5858035e-06 -6.1407668e-07 0.00017555784)
(1.9197815e-06 -9.8414403e-07 0.00017088449)
(2.312188e-06 -9.4015154e-07 7.1181399e-05)
(2.4464778e-06 -1.2871221e-06 6.9125048e-05)
(2.0727012e-06 -5.7439465e-07 0.00020794659)
(2.3419464e-06 -4.2451665e-07 0.00023991314)
(2.5513272e-06 -7.2493171e-07 0.00023444634)
(1.9956393e-06 -5.7582227e-07 0.00012413036)
(1.6814849e-06 -3.0948629e-07 0.00017559404)
(2.073586e-06 -5.9086079e-07 0.00017093819)
(2.4523858e-06 -4.8669404e-07 7.1194259e-05)
(2.6602751e-06 -7.9020442e-07 6.9147294e-05)
(2.1537924e-06 -1.8501802e-07 0.00020798372)
(2.374329e-06 7.550937e-10 0.00023994024)
(2.6362486e-06 -2.3566016e-07 0.00023450017)
(2.0772741e-06 -1.9237545e-07 0.00012414535)
(1.7265487e-06 6.9853193e-10 0.00017560859)
(2.1669947e-06 -1.9792769e-07 0.00017097613)
(2.4994857e-06 3.1677898e-10 7.1197912e-05)
(2.7654154e-06 -2.661602e-07 6.9165868e-05)
(2.1537089e-06 1.8639702e-07 0.00020798792)
(2.3416186e-06 4.2639272e-07 0.00023992539)
(2.636205e-06 2.3657465e-07 0.00023450511)
(2.0772089e-06 1.9334036e-07 0.00012414764)
(1.6812963e-06 3.1090522e-07 0.00017560221)
(2.1669058e-06 1.9891226e-07 0.00017097947)
(2.4522069e-06 4.8736082e-07 7.1197194e-05)
(2.7653399e-06 2.6677451e-07 6.9167096e-05)
(2.07223e-06 5.7623183e-07 0.00020796284)
(2.2143751e-06 8.6762374e-07 0.00023988755)
(2.5510295e-06 7.2601509e-07 0.00023446571)
(1.9953686e-06 5.7691593e-07 0.00012413925)
(1.5853049e-06 6.1499206e-07 0.00017557944)
(2.0733579e-06 5.9165064e-07 0.00017095131)
(2.3120239e-06 9.4082777e-07 7.1189224e-05)
(2.6600773e-06 7.9068774e-07 6.9152028e-05)
(1.9137054e-06 9.7933436e-07 0.00020792821)
(1.9731514e-06 1.2879955e-06 0.00023985295)
(2.3482558e-06 1.2143722e-06 0.00023441385)
(1.841035e-06 9.5230877e-07 0.00012411747)
(1.4468669e-06 9.3334128e-07 0.00017555171)
(1.9194509e-06 9.8419417e-07 0.00017091528)
(2.0744866e-06 1.3677329e-06 7.117541e-05)
(2.4464594e-06 1.2872326e-06 6.9136254e-05)
(1.6703296e-06 1.3540219e-06 0.00020790146)
(2.0408073e-06 1.6578908e-06 0.00023437846)
(1.6542314e-06 1.6577341e-06 0.00023983824)
(1.6072668e-06 1.3040425e-06 0.00012409596)
(1.6844891e-06 1.3620462e-06 0.00017089051)
(1.2260586e-06 1.2290141e-06 0.00017553825)
(2.1337684e-06 1.7405201e-06 6.9126826e-05)
(1.7521648e-06 1.7525439e-06 7.1168068e-05)
(2.1417426e-06 -1.7406566e-06 0.00019786408)
(2.4173754e-06 -1.5825776e-06 0.00022924241)
(2.3580585e-06 -1.9115511e-06 0.00022630651)
(2.0430424e-06 -2.0430576e-06 0.00022925366)
(2.4385931e-06 -1.9878433e-06 0.00011702123)
(2.1589244e-06 -1.4109553e-06 0.0001663486)
(2.4471757e-06 -1.9878102e-06 0.0001640282)
(1.8196233e-06 -1.8195285e-06 0.00016636012)
(2.5075177e-06 -1.6560926e-06 6.7022383e-05)
(2.7202628e-06 -2.2204443e-06 6.5962169e-05)
(2.1208338e-06 -2.1220247e-06 6.7026075e-05)
(2.4553518e-06 -1.2735124e-06 0.00019790686)
(2.6854769e-06 -1.0732014e-06 0.00022929888)
(2.7030195e-06 -1.3917455e-06 0.00022635985)
(2.7961535e-06 -1.4640624e-06 0.00011704575)
(2.4086412e-06 -9.6016059e-07 0.00016638608)
(2.8101497e-06 -1.4561998e-06 0.00016406478)
(2.7949171e-06 -1.1343993e-06 6.7035621e-05)
(3.1190488e-06 -1.6398729e-06 6.5974461e-05)
(2.6634899e-06 -7.7512718e-07 0.00019795519)
(2.8451133e-06 -5.4188756e-07 0.00022934432)
(2.9291734e-06 -8.4101371e-07 0.00022642531)
(3.0399749e-06 -8.9655101e-07 0.00011707213)
(2.5584036e-06 -4.8648005e-07 0.00016641577)
(3.0550309e-06 -8.858326e-07 0.00016410435)
(2.9710753e-06 -5.7709254e-07 6.7046377e-05)
(3.3947566e-06 -1.0055269e-06 6.5988077e-05)
(2.7672047e-06 -2.6014167e-07 0.00019797925)
(2.8987938e-06 2.4282734e-10 0.00022936148)
(3.0409688e-06 -2.8080886e-07 0.00022646127)
(3.1630882e-06 -3.0194016e-07 0.00011708576)
(2.6080715e-06 3.5927617e-10 0.00016642786)
(3.1766587e-06 -2.968414e-07 0.00016412646)
(3.0305295e-06 3.4885903e-10 6.7050665e-05)
(3.5352581e-06 -3.3864223e-07 6.599439e-05)
(2.7671329e-06 2.6065805e-07 0.00019798334)
(2.8450567e-06 5.4222658e-07 0.00022935636)
(3.0409268e-06 2.8109255e-07 0.00022646611)
(3.1629996e-06 3.0258015e-07 0.00011708806)
(2.558237e-06 4.8702642e-07 0.00016642405)
(3.1765617e-06 2.9748607e-07 0.00016412981)
(2.970959e-06 5.7763263e-07 6.7049386e-05)
(3.5351683e-06 3.3942228e-07 6.5995625e-05)
(2.6633842e-06 7.75147e-07 0.00019797142)
(2.6854265e-06 1.0730121e-06 0.00022933173)
(2.9291456e-06 8.4095217e-07 0.0002264442)
(3.0398149e-06 8.9673364e-07 0.00011708115)
(2.4085721e-06 9.6010722e-07 0.0001664084)
(3.0548187e-06 8.8605248e-07 0.00016411725)
(2.7948257e-06 1.1344125e-06 6.7043749e-05)
(3.3945951e-06 1.0059668e-06 6.5992755e-05)
(2.4552322e-06 1.2733605e-06 0.00019794577)
(2.418e-06 1.5821768e-06 0.00022930052)
(2.7028152e-06 1.3916771e-06 0.00022640428)
(2.7961297e-06 1.4638907e-06 0.00011706725)
(2.1595906e-06 1.410318e-06 0.00016639059)
(2.8100005e-06 1.4560732e-06 0.00016409457)
(2.5077903e-06 1.6556245e-06 6.7037272e-05)
(3.1189524e-06 1.6398655e-06 6.5985316e-05)
(2.1436457e-06 1.7387099e-06 0.00019792519)
(2.3590964e-06 1.9107606e-06 0.00022637307)
(2.0440931e-06 2.0420503e-06 0.0002292861)
(2.4399335e-06 1.9863194e-06 0.00011705674)
(2.4480988e-06 1.9866534e-06 0.0001640773)
(1.8207661e-06 1.8181548e-06 0.00016638272)
(2.7209132e-06 2.2197603e-06 6.597923e-05)
(2.121615e-06 2.1211887e-06 6.7034486e-05)
(2.6863794e-06 -2.1774772e-06 0.00019233756)
(2.6469089e-06 -1.7175292e-06 0.00022306156)
(2.3842034e-06 -1.9264799e-06 0.00021781088)
(2.2262007e-06 -2.228655e-06 0.00022306375)
(3.0065379e-06 -2.4482567e-06 0.00011364884)
(3.1010535e-06 -2.0301582e-06 0.00016159626)
(2.8740379e-06 -2.3344624e-06 0.00015770672)
(2.6148171e-06 -2.6168269e-06 0.0001615993)
(3.3336094e-06 -2.2025953e-06 6.498398e-05)
(3.1262717e-06 -2.5515728e-06 6.3344737e-05)
(2.8188777e-06 -2.8203948e-06 6.498418e-05)
(3.0840072e-06 -1.5884071e-06 0.00019238737)
(2.9489579e-06 -1.1564766e-06 0.00022313156)
(2.7362604e-06 -1.40009e-06 0.0002178696)
(3.4498886e-06 -1.8012529e-06 0.0001136776)
(3.4584206e-06 -1.3788898e-06 0.00016164158)
(3.2977326e-06 -1.7117688e-06 0.0001577467)
(3.7203441e-06 -1.5090938e-06 6.500011e-05)
(3.5853971e-06 -1.8862083e-06 6.3358424e-05)
(3.3490163e-06 -9.6027946e-07 0.00019244876)
(3.1262286e-06 -5.7845351e-07 0.00022319596)
(2.9674714e-06 -8.4286166e-07 0.00021794501)
(3.7542866e-06 -1.0991968e-06 0.00011371189)
(3.674132e-06 -6.9500155e-07 0.0001616816)
(3.5853339e-06 -1.040702e-06 0.00015779292)
(3.9597295e-06 -7.663134e-07 6.5014758e-05)
(3.9055993e-06 -1.15683e-06 6.3375171e-05)
(3.4792917e-06 -3.203412e-07 0.00019248777)
(3.1839863e-06 1.2596287e-10 0.00022322335)
(3.0796626e-06 -2.8044628e-07 0.00021799267)
(3.907993e-06 -3.6887491e-07 0.00011373359)
(3.7457459e-06 3.6024314e-10 0.00016169882)
(3.7291283e-06 -3.4841337e-07 0.00015782209)
(4.0405269e-06 4.8196091e-10 6.502105e-05)
(4.0695625e-06 -3.8946046e-07 6.3385515e-05)
(3.4792177e-06 3.2075184e-07 0.00019249177)
(3.1261532e-06 5.7865123e-07 0.00022320743)
(3.0796239e-06 2.8079195e-07 0.00021799735)
(3.9078835e-06 3.6965759e-07 0.0001137358)
(3.6739337e-06 6.9559972e-07 0.00016168936)
(3.7290187e-06 3.4921552e-07 0.00015782527)
(3.9595591e-06 7.6717198e-07 6.5017528e-05)
(4.0694583e-06 3.9046092e-07 6.3386636e-05)
(3.3488414e-06 9.6040513e-07 0.00019246399)
(2.9487477e-06 1.1566076e-06 0.00022316148)
(2.9673701e-06 8.4307857e-07 0.00021796286)
(3.7540198e-06 1.0996565e-06 0.00011372025)
(3.4580793e-06 1.3791554e-06 0.00016166144)
(3.5850562e-06 1.0412407e-06 0.00015780496)
(3.7201338e-06 1.5096196e-06 6.5007181e-05)
(3.9053561e-06 1.1575987e-06 6.3379378e-05)
(3.0837058e-06 1.5883283e-06 0.00019242183)
(2.6464052e-06 1.71814e-06 0.0002231137)
(2.7360217e-06 1.4003523e-06 0.00021791047)
(3.4496043e-06 1.8012567e-06 0.00011369623)
(3.100652e-06 2.0302747e-06 0.00016163246)
(3.2973807e-06 1.7120006e-06 0.00015777358)
(3.3336295e-06 2.2027639e-06 6.499656e-05)
(3.5851874e-06 1.8866013e-06 6.3367878e-05)
(2.6862269e-06 2.1773067e-06 0.00019239129)
(2.3838851e-06 1.9271932e-06 0.00021787259)
(2.2262768e-06 2.2286978e-06 0.00022309327)
(3.0066213e-06 2.4478132e-06 0.00011367911)
(2.8737449e-06 2.3346734e-06 0.00015775108)
(2.6150912e-06 2.6164257e-06 0.0001616201)
(3.1263337e-06 2.5517619e-06 6.3359826e-05)
(2.8195028e-06 2.8199041e-06 6.4992122e-05)
(2.6053148e-06 -2.1109165e-06 0.00018360255)
(2.4738971e-06 -1.607163e-06 0.00021303527)
(2.2889031e-06 -1.8477836e-06 0.00020912064)
(2.0857111e-06 -2.080437e-06 0.0002130392)
(3.0118935e-06 -2.4525836e-06 0.00010829562)
(3.071363e-06 -2.0147394e-06 0.00015418622)
(2.82741e-06 -2.2959789e-06 0.00015135537)
(2.5944302e-06 -2.5908319e-06 0.00015419099)
(3.3785462e-06 -2.2344069e-06 6.1896382e-05)
(3.10651e-06 -2.5351182e-06 6.0766967e-05)
(2.8590392e-06 -2.8575762e-06 6.1897362e-05)
(2.9883123e-06 -1.5439348e-06 0.00018364758)
(2.7548556e-06 -1.084294e-06 0.00021309938)
(2.6253166e-06 -1.3440665e-06 0.0002091776)
(3.4542089e-06 -1.8077931e-06 0.00010832109)
(3.4251655e-06 -1.3717952e-06 0.00015422695)
(3.2431149e-06 -1.685267e-06 0.00015139394)
(3.7711149e-06 -1.5327539e-06 6.1910671e-05)
(3.5623111e-06 -1.8748876e-06 6.0780185e-05)
(3.2456437e-06 -9.3597944e-07 0.00018370294)
(2.920418e-06 -5.434093e-07 0.0002131584)
(2.8466538e-06 -8.0990806e-07 0.00020925107)
(3.7599736e-06 -1.1052837e-06 0.00010835112)
(3.6403545e-06 -6.9295089e-07 0.00015426255)
(3.5262564e-06 -1.0257119e-06 0.00015143848)
(4.0155591e-06 -7.7919453e-07 6.1923325e-05)
(3.8810559e-06 -1.1504425e-06 6.0796306e-05)
(3.3731485e-06 -3.1281738e-07 0.00018373785)
(2.9745398e-06 3.0852388e-10 0.00021318362)
(2.9541495e-06 -2.6966089e-07 0.00020929765)
(3.9154359e-06 -3.7138477e-07 0.00010836978)
(3.7121981e-06 5.1982167e-10 0.00015427789)
(3.6682848e-06 -3.4366044e-07 0.00015146653)
(4.0984654e-06 5.686031e-10 6.1928672e-05)
(4.0448173e-06 -3.8745278e-07 6.0806165e-05)
(3.3730631e-06 3.1355328e-07 0.00018374176)
(2.9203083e-06 5.4399918e-07 0.00021316959)
(2.9540954e-06 2.7021206e-07 0.00020930225)
(3.9153133e-06 3.7240147e-07 0.00010837192)
(3.6401244e-06 6.9389942e-07 0.00015427012)
(3.668168e-06 3.4460408e-07 0.00015146964)
(4.0153558e-06 7.802369e-07 6.1925961e-05)
(4.0447062e-06 3.8850579e-07 6.0807242e-05)
(3.2454046e-06 9.3659873e-07 0.00018371779)
(2.7546429e-06 1.0848407e-06 0.00021312849)
(2.846483e-06 8.1043737e-07 0.00020926865)
(3.7596531e-06 1.1061096e-06 0.00010835921)
(3.4247927e-06 1.3725037e-06 0.00015424628)
(3.5259264e-06 1.0265123e-06 0.00015145033)
(3.7708127e-06 1.5335336e-06 6.1917437e-05)
(3.8807702e-06 1.1513383e-06 6.0800392e-05)
(2.9879693e-06 1.5444793e-06 0.00018368111)
(2.4736145e-06 1.6078699e-06 0.000213086)
(2.6250138e-06 1.3446557e-06 0.00020921809)
(3.4538206e-06 1.8083541e-06 0.00010833914)
(3.0709661e-06 2.0152954e-06 0.00015422152)
(3.2426582e-06 1.6858578e-06 0.00015142068)
(3.3783182e-06 2.2349104e-06 6.1908496e-05)
(3.561975e-06 1.8755043e-06 6.0789547e-05)
(2.6047469e-06 2.1119225e-06 0.00018365489)
(2.2883351e-06 1.8489684e-06 0.00020918175)
(2.084066e-06 2.08206e-06 0.00021306845)
(3.0113752e-06 2.4532617e-06 0.00010832505)
(2.8267685e-06 2.2967808e-06 0.0001513995)
(2.5929412e-06 2.5920481e-06 0.0001542114)
(3.1061993e-06 2.5356916e-06 6.0781904e-05)
(2.8583116e-06 2.8583702e-06 6.1904919e-05)
(2.5510839e-06 -2.0657432e-06 0.00017674956)
(2.441025e-06 -1.5840341e-06 0.0002050995)
(2.2741162e-06 -1.83479e-06 0.0002008501)
(2.0570534e-06 -2.0520848e-06 0.00020510371)
(2.9485676e-06 -2.4002437e-06 0.00010419078)
(2.9996729e-06 -1.9658729e-06 0.00014841707)
(2.7876057e-06 -2.2625284e-06 0.00014534231)
(2.5329121e-06 -2.5296695e-06 0.00014842246)
(3.2905893e-06 -2.1751947e-06 5.9552641e-05)
(3.0510445e-06 -2.4890974e-06 5.8313071e-05)
(2.7841483e-06 -2.7829045e-06 5.9554154e-05)
(2.9260983e-06 -1.5099761e-06 0.00017679564)
(2.7179335e-06 -1.0682848e-06 0.00020516477)
(2.6087533e-06 -1.3337957e-06 0.00020090658)
(3.3816991e-06 -1.7685581e-06 0.00010421639)
(3.3448337e-06 -1.3378589e-06 0.00014845852)
(3.1978226e-06 -1.6598857e-06 0.00014538041)
(3.672673e-06 -1.4916574e-06 5.9566993e-05)
(3.4989215e-06 -1.8404317e-06 5.8325905e-05)
(3.1775288e-06 -9.1488954e-07 0.00017685192)
(2.8808002e-06 -5.352189e-07 0.00020522473)
(2.8286089e-06 -8.0336934e-07 0.00020097891)
(3.6808141e-06 -1.0809388e-06 0.00010424622)
(3.5544329e-06 -6.7556124e-07 0.00014849456)
(3.4769513e-06 -1.0098957e-06 0.00014542399)
(3.9104672e-06 -7.5812527e-07 5.957963e-05)
(3.8121056e-06 -1.1291274e-06 5.8341294e-05)
(3.3018234e-06 -3.0567957e-07 0.00017688734)
(2.933929e-06 3.1164851e-10 0.00020525023)
(2.9353052e-06 -2.6745691e-07 0.00020102477)
(3.8327274e-06 -3.6314774e-07 0.00010426466)
(3.6243285e-06 4.8536761e-10 0.00014850997)
(3.6168908e-06 -3.383485e-07 0.00014545139)
(3.9910963e-06 5.2435663e-10 5.9584937e-05)
(3.9730077e-06 -3.8029614e-07 5.8350709e-05)
(3.3017302e-06 3.0643761e-07 0.00017689111)
(2.8806546e-06 5.3586253e-07 0.00020523562)
(2.9352591e-06 2.6785174e-07 0.00020102905)
(3.8326083e-06 3.6412573e-07 0.00010426669)
(3.5541886e-06 6.764951e-07 0.00014850187)
(3.6168043e-06 3.3905692e-07 0.00014545426)
(3.9102564e-06 7.5911911e-07 5.9582104e-05)
(3.9729199e-06 3.8111886e-07 5.8351651e-05)
(3.1772442e-06 9.155929e-07 0.00017686636)
(2.7176236e-06 1.0689756e-06 0.00020519349)
(2.8284735e-06 8.0372992e-07 0.00020099543)
(3.6804699e-06 1.0817937e-06 0.00010425399)
(3.3443706e-06 1.3386606e-06 0.00014847757)
(3.4767065e-06 1.0104874e-06 0.000145435)
(3.6723174e-06 1.4924774e-06 5.9573542e-05)
(3.8118784e-06 1.1298331e-06 5.8344934e-05)
(2.9256535e-06 1.5105965e-06 0.0001768289)
(2.440473e-06 1.5850478e-06 0.00020515008)
(2.6084704e-06 1.3342677e-06 0.0002009451)
(3.3812184e-06 1.7691641e-06 0.00010423424)
(2.9990222e-06 1.9666343e-06 0.00014845238)
(3.1974417e-06 1.6603754e-06 0.00014540565)
(3.2902274e-06 2.1757963e-06 5.9564673e-05)
(3.4986314e-06 1.8409592e-06 5.8334481e-05)
(2.5504027e-06 2.0666914e-06 0.00017680203)
(2.2735809e-06 1.8358134e-06 0.00020090889)
(2.0559311e-06 2.0532346e-06 0.00020513176)
(2.9479747e-06 2.4008132e-06 0.00010422033)
(2.7870112e-06 2.2632526e-06 0.00014538462)
(2.5319108e-06 2.5304823e-06 0.00014844173)
(3.0507201e-06 2.4896272e-06 5.8327137e-05)
(2.7836908e-06 2.7833829e-06 5.9560943e-05)
(2.5440979e-06 -2.0590339e-06 0.00016950249)
(2.4424169e-06 -1.58364e-06 0.00019668593)
(2.2806963e-06 -1.838056e-06 0.00019254861)
(2.0579602e-06 -2.0519944e-06 0.0001966891)
(2.9322346e-06 -2.385928e-06 9.9915344e-05)
(2.9862576e-06 -1.9557718e-06 0.00014233207)
(2.7857558e-06 -2.2592209e-06 0.00013934495)
(2.5214234e-06 -2.5170412e-06 0.00014233645)
(3.2597137e-06 -2.1538287e-06 5.7104088e-05)
(3.0390344e-06 -2.4781797e-06 5.5907432e-05)
(2.7579038e-06 -2.7556602e-06 5.7105177e-05)
(2.9188252e-06 -1.5042018e-06 0.0001695476)
(2.7200473e-06 -1.0673057e-06 0.00019674976)
(2.61687e-06 -1.3345068e-06 0.00019260448)
(3.3635708e-06 -1.7576084e-06 9.9940423e-05)
(3.3305123e-06 -1.3305148e-06 0.00014237258)
(3.1964601e-06 -1.6562445e-06 0.00013938264)
(3.6387571e-06 -1.4769267e-06 5.7118173e-05)
(3.4858524e-06 -1.8318768e-06 5.5920307e-05)
(3.1699377e-06 -9.1108834e-07 0.00016960257)
(2.8832925e-06 -5.3454952e-07 0.00019680838)
(2.8371463e-06 -8.0286066e-07 0.00019267638)
(3.6615825e-06 -1.0741859e-06 9.9969603e-05)
(3.5395831e-06 -6.7175657e-07 0.00014240789)
(3.4756697e-06 -1.0070553e-06 0.00013942625)
(3.8747707e-06 -7.5066862e-07 5.7130585e-05)
(3.7984234e-06 -1.1237114e-06 5.5935971e-05)
(3.2941706e-06 -3.0444011e-07 0.00016963731)
(2.936604e-06 1.1459563e-10 0.00019683328)
(2.9437492e-06 -2.672086e-07 0.00019272217)
(3.8131101e-06 -3.6097564e-07 9.9987729e-05)
(3.6093565e-06 2.5082956e-10 0.00014242297)
(3.6155095e-06 -3.3738962e-07 0.00013945384)
(3.9548307e-06 3.1787871e-10 5.7135784e-05)
(3.9590479e-06 -3.7853283e-07 5.5945644e-05)
(3.2941285e-06 3.0478496e-07 0.00016964086)
(2.8832363e-06 5.3476154e-07 0.00019681865)
(2.9437351e-06 2.6722293e-07 0.00019272641)
(3.8130544e-06 3.6152818e-07 9.9989642e-05)
(3.5394783e-06 6.72212e-07 0.00014241477)
(3.615463e-06 3.3771896e-07 0.00013945672)
(3.8746553e-06 7.5125946e-07 5.7132908e-05)
(3.9589901e-06 3.7907928e-07 5.5946642e-05)
(3.1698323e-06 9.1133412e-07 0.00016961618)
(2.7199139e-06 1.067506e-06 0.00019677682)
(2.8371071e-06 8.0286574e-07 0.00019269263)
(3.6614396e-06 1.0746232e-06 9.9976917e-05)
(3.3303229e-06 1.3308585e-06 0.00014239046)
(3.4755396e-06 1.0073076e-06 0.0001394372)
(3.6385738e-06 1.4773921e-06 5.7124281e-05)
(3.798277e-06 1.1241784e-06 5.5939743e-05)
(2.918597e-06 1.5045384e-06 0.00016957886)
(2.4421583e-06 1.5841085e-06 0.00019673369)
(2.6167079e-06 1.3347233e-06 0.00019264204)
(3.3633567e-06 1.758007e-06 9.9957118e-05)
(2.9859602e-06 1.9561828e-06 0.00014236523)
(3.196224e-06 1.6565095e-06 0.00013940744)
(3.2594983e-06 2.1542288e-06 5.7115297e-05)
(3.4856587e-06 1.8322509e-06 5.5928962e-05)
(2.5436209e-06 2.0598102e-06 0.00016955201)
(2.2801863e-06 1.8390135e-06 0.0001926056)
(2.0565338e-06 2.0535019e-06 0.00019671541)
(2.9318245e-06 2.3865456e-06 9.9943072e-05)
(2.7852145e-06 2.2599167e-06 0.00013938607)
(2.5201125e-06 2.5182816e-06 0.00014235449)
(3.038736e-06 2.4786827e-06 5.5921331e-05)
(2.7571526e-06 2.7564419e-06 5.7111491e-05)
(2.5545399e-06 -2.0646554e-06 0.0001624037)
(2.4557489e-06 -1.5880554e-06 0.00018844528)
(2.2872356e-06 -1.8422314e-06 0.00018424983)
(2.0677329e-06 -2.061177e-06 0.00018844738)
(2.9393936e-06 -2.3898602e-06 9.5737245e-05)
(2.9964629e-06 -1.9589485e-06 0.00013637494)
(2.791802e-06 -2.2631187e-06 0.0001333352)
(2.5285729e-06 -2.5238195e-06 0.00013637863)
(3.2655102e-06 -2.1557253e-06 5.4710051e-05)
(3.0448289e-06 -2.4821604e-06 5.3483331e-05)
(2.7618178e-06 -2.7594498e-06 5.471089e-05)
(2.93138e-06 -1.5062581e-06 0.00016244847)
(2.7346597e-06 -1.0684373e-06 0.0001885089)
(2.6248182e-06 -1.3364824e-06 0.00018430444)
(3.3727107e-06 -1.7592643e-06 9.5762322e-05)
(3.3422295e-06 -1.331322e-06 0.00013641542)
(3.2040377e-06 -1.658354e-06 0.000133372)
(3.6459472e-06 -1.4776302e-06 5.4724271e-05)
(3.4932479e-06 -1.8345267e-06 5.3495907e-05)
(3.1831437e-06 -9.1104179e-07 0.00016250352)
(2.8978364e-06 -5.3443404e-07 0.00018856757)
(2.8454656e-06 -8.0349493e-07 0.00018437479)
(3.6719298e-06 -1.0745203e-06 9.5791878e-05)
(3.5517919e-06 -6.7173331e-07 0.00013645093)
(3.4840858e-06 -1.0080403e-06 0.00013341459)
(3.8828329e-06 -7.509175e-07 5.4736924e-05)
(3.8071445e-06 -1.1253247e-06 5.3511157e-05)
(3.3071497e-06 -3.0430105e-07 0.00016253843)
(2.9508977e-06 -8.8847135e-11 0.00018859246)
(2.9519156e-06 -2.6736896e-07 0.00018441956)
(3.8238301e-06 -3.6105789e-07 9.5810372e-05)
(3.6216219e-06 8.8124946e-11 0.0001364661)
(3.6241919e-06 -3.3773805e-07 0.00013344144)
(3.9632088e-06 2.3650976e-10 5.4742248e-05)
(3.9684608e-06 -3.7914625e-07 5.3520513e-05)
(3.3071305e-06 3.0429969e-07 0.00016254186)
(2.8978263e-06 5.3430723e-07 0.0001885775)
(2.9519186e-06 2.6714265e-07 0.00018442353)
(3.8237864e-06 3.6138051e-07 9.5812235e-05)
(3.5517088e-06 6.7191739e-07 0.00013645761)
(3.6241674e-06 3.3782064e-07 0.00013344412)
(3.8827369e-06 7.5137666e-07 5.4739196e-05)
(3.9684232e-06 3.7950445e-07 5.3521409e-05)
(3.1830754e-06 9.1105196e-07 0.00016251669)
(2.7345827e-06 1.0684817e-06 0.00018853505)
(2.8454825e-06 8.0326597e-07 0.00018439008)
(3.6717974e-06 1.0748015e-06 9.5798983e-05)
(3.34204e-06 1.3315268e-06 0.00013643274)
(3.4840199e-06 1.0080614e-06 0.00013342483)
(3.6457777e-06 1.4780366e-06 5.4730234e-05)
(3.8070542e-06 1.125624e-06 5.3514591e-05)
(2.9312088e-06 1.5064023e-06 0.0001624787)
(2.4554088e-06 1.588652e-06 0.00018849127)
(2.6247495e-06 1.3365083e-06 0.00018434003)
(3.3724972e-06 1.7595056e-06 9.5778527e-05)
(2.9960672e-06 1.9593726e-06 0.00013640697)
(3.2038908e-06 1.6584402e-06 0.00013339538)
(3.2653026e-06 2.156099e-06 5.472093e-05)
(3.4931319e-06 1.8347815e-06 5.3503925e-05)
(2.5539482e-06 2.0655182e-06 0.00016245134)
(2.2869527e-06 1.8429324e-06 0.0001843039)
(2.0664238e-06 2.0625274e-06 0.00018847264)
(2.9389213e-06 2.3904084e-06 9.5764e-05)
(2.7914483e-06 2.2635872e-06 0.00013337419)
(2.5274233e-06 2.5248229e-06 0.00013639595)
(3.0446488e-06 2.4825399e-06 5.3496346e-05)
(2.7612582e-06 2.7600258e-06 5.4716959e-05)
(2.556954e-06 -2.067329e-06 0.00015522231)
(2.4569607e-06 -1.5896701e-06 0.00018011718)
(2.288699e-06 -1.8434204e-06 0.00017593422)
(2.0689408e-06 -2.0625037e-06 0.00018011902)
(2.9429737e-06 -2.3929e-06 9.1494768e-05)
(2.9999376e-06 -1.9616824e-06 0.00013034025)
(2.7937578e-06 -2.2645981e-06 0.00012731079)
(2.5316571e-06 -2.5267378e-06 0.00013034378)
(3.2729426e-06 -2.1603986e-06 5.2275169e-05)
(3.0485018e-06 -2.4848992e-06 5.1054481e-05)
(2.7679901e-06 -2.7651928e-06 5.2275986e-05)
(2.9346823e-06 -1.5084638e-06 0.00015526548)
(2.7363186e-06 -1.0698526e-06 0.00018017867)
(2.6261253e-06 -1.3379261e-06 0.00017598643)
(3.3772903e-06 -1.7616927e-06 9.1519045e-05)
(3.3465204e-06 -1.333556e-06 0.00013037935)
(3.2060984e-06 -1.6599001e-06 0.000127346)
(3.6548832e-06 -1.4811627e-06 5.2288959e-05)
(3.4975771e-06 -1.8367778e-06 5.106658e-05)
(3.1870865e-06 -9.1283302e-07 0.00015531867)
(2.899763e-06 -5.353127e-07 0.00018023537)
(2.8469105e-06 -8.0474855e-07 0.00017605393)
(3.6773003e-06 -1.0763493e-06 9.1547705e-05)
(3.5566794e-06 -6.7306426e-07 0.00013041356)
(3.4864535e-06 -1.0092909e-06 0.00012738693)
(3.8929034e-06 -7.5289367e-07 5.2301146e-05)
(3.8121084e-06 -1.1268925e-06 5.1081402e-05)
(3.3114969e-06 -3.0499592e-07 0.0001553522)
(2.9529327e-06 -1.3983542e-10 0.00018025937)
(2.9535424e-06 -2.6793327e-07 0.00017609681)
(3.8296433e-06 -3.61782e-07 9.1565327e-05)
(3.626736e-06 -8.0415813e-12 0.00013042808)
(3.6267846e-06 -3.3829102e-07 0.00012741262)
(3.973675e-06 1.2199241e-10 5.2306198e-05)
(3.9737586e-06 -3.7977221e-07 5.109039e-05)
(3.3114946e-06 3.0485345e-07 0.0001553555)
(2.8997834e-06 5.350321e-07 0.0001802449)
(2.9535643e-06 2.6750357e-07 0.0001761007)
(3.8296299e-06 3.6189925e-07 9.1567115e-05)
(3.5566636e-06 6.7302671e-07 0.00013041998)
(3.6267831e-06 3.3815002e-07 0.00012741526)
(3.8928661e-06 7.5311945e-07 5.2303325e-05)
(3.9737396e-06 3.7994272e-07 5.1091302e-05)
(3.1871033e-06 9.1261406e-07 0.00015533132)
(2.7363367e-06 1.069622e-06 0.00018020383)
(2.8469753e-06 8.043477e-07 0.00017606885)
(3.6772766e-06 1.076387e-06 9.1554529e-05)
(3.3464867e-06 1.3334834e-06 0.00013039604)
(3.4864515e-06 1.0091182e-06 0.00012739699)
(3.6548361e-06 1.4813353e-06 5.2294697e-05)
(3.8120707e-06 1.1270229e-06 5.1084851e-05)
(2.9346368e-06 1.5084311e-06 0.0001552946)
(2.4569767e-06 1.5897589e-06 0.00018016139)
(2.6261131e-06 1.3378284e-06 0.00017602103)
(3.3772341e-06 1.7617881e-06 9.1534667e-05)
(2.9998803e-06 1.9617415e-06 0.00013037109)
(3.206038e-06 1.6598419e-06 0.00012736888)
(3.2729039e-06 2.1605845e-06 5.228564e-05)
(3.4975341e-06 1.8368977e-06 5.107456e-05)
(2.5568875e-06 2.0676181e-06 0.00015526811)
(2.2884298e-06 1.8440744e-06 0.00017598647)
(2.0680423e-06 2.0634598e-06 0.0001801433)
(2.9428561e-06 2.3931551e-06 9.1520506e-05)
(2.7934608e-06 2.2650105e-06 0.0001273486)
(2.5307948e-06 2.5275107e-06 0.0001303604)
(3.0483856e-06 2.4852043e-06 5.1067235e-05)
(2.7674942e-06 2.765715e-06 5.2281778e-05)
(2.5582293e-06 -2.0675457e-06 0.00014805424)
(2.4584946e-06 -1.5907317e-06 0.00017180386)
(2.2878481e-06 -1.843647e-06 0.00016761977)
(2.0710273e-06 -2.0632508e-06 0.00017180587)
(2.9450682e-06 -2.3941169e-06 8.72593e-05)
(3.0004592e-06 -1.9620064e-06 0.00012431667)
(2.7926961e-06 -2.2644185e-06 0.00012128632)
(2.5325944e-06 -2.5267215e-06 0.00012432024)
(3.2734951e-06 -2.1607412e-06 4.9845429e-05)
(3.0485315e-06 -2.4851943e-06 4.8623867e-05)
(2.7686482e-06 -2.7654674e-06 4.9846283e-05)
(2.9350944e-06 -1.5094334e-06 0.00014809507)
(2.7373934e-06 -1.0711884e-06 0.000171862)
(2.6242628e-06 -1.3396319e-06 0.00016766853)
(3.3790825e-06 -1.7630544e-06 8.7282289e-05)
(3.3466421e-06 -1.3341602e-06 0.00012435359)
(3.204026e-06 -1.6608841e-06 0.00012131916)
(3.6552268e-06 -1.4814818e-06 4.9858435e-05)
(3.4969929e-06 -1.8374737e-06 4.8635051e-05)
(3.1873838e-06 -9.1367596e-07 0.00014814526)
(2.9009049e-06 -5.3628733e-07 0.00017191554)
(2.8450837e-06 -8.0674353e-07 0.00016773126)
(3.67917e-06 -1.0773132e-06 8.7309272e-05)
(3.5567483e-06 -6.7356384e-07 0.00012438582)
(3.4841171e-06 -1.0105485e-06 0.00012135701)
(3.8930927e-06 -7.5312142e-07 4.9869879e-05)
(3.8111898e-06 -1.1275719e-06 4.8648584e-05)
(3.3118421e-06 -3.0546501e-07 0.00014817685)
(2.9541741e-06 -2.9380872e-10 0.00017193822)
(2.9521899e-06 -2.6884297e-07 0.00016777104)
(3.8316158e-06 -3.6222744e-07 8.7325847e-05)
(3.6268316e-06 -1.3717833e-10 0.00012439952)
(3.624611e-06 -3.3888733e-07 0.00012138075)
(3.9738231e-06 4.7674966e-11 4.9874638e-05)
(3.9727877e-06 -3.8008068e-07 4.8656801e-05)
(3.311865e-06 3.0503671e-07 0.00014818002)
(2.9009646e-06 5.3577072e-07 0.00017192469)
(2.9522218e-06 2.6829728e-07 0.0001677747)
(3.8316173e-06 3.6213895e-07 8.7327572e-05)
(3.5567547e-06 6.7331737e-07 0.00012439199)
(3.6246215e-06 3.386124e-07 0.00012138322)
(3.8930694e-06 7.532162e-07 4.9871989e-05)
(3.9727804e-06 3.8013156e-07 4.8657645e-05)
(3.187429e-06 9.1332097e-07 0.0001481574)
(2.7374278e-06 1.0709206e-06 0.00017188611)
(2.8451745e-06 8.0624304e-07 0.00016774533)
(3.679166e-06 1.0772352e-06 8.7315842e-05)
(3.3466094e-06 1.3340115e-06 0.00012436962)
(3.4841489e-06 1.0102567e-06 0.00012136646)
(3.6551869e-06 1.4815749e-06 4.9863978e-05)
(3.8111856e-06 1.1275929e-06 4.8651801e-05)
(2.9350692e-06 1.5093113e-06 0.000148123)
(2.4582427e-06 1.5911311e-06 0.00017184621)
(2.6242845e-06 1.3394574e-06 0.00016770124)
(3.3790481e-06 1.7630268e-06 8.7297307e-05)
(3.0002222e-06 1.9622072e-06 0.00012434625)
(3.2040126e-06 1.6607275e-06 0.00012134073)
(3.2734319e-06 2.1608945e-06 4.9855522e-05)
(3.497e-06 1.8375002e-06 4.8642525e-05)
(2.5577115e-06 2.0683084e-06 0.00014809811)
(2.2875901e-06 1.844264e-06 0.00016766938)
(2.0697257e-06 2.0645643e-06 0.00017182917)
(2.9447416e-06 2.3945551e-06 8.728401e-05)
(2.7924389e-06 2.2647681e-06 0.00012132221)
(2.5315365e-06 2.5276767e-06 0.00012433621)
(3.0484733e-06 2.4854298e-06 4.8635949e-05)
(2.7682081e-06 2.7659504e-06 4.9851892e-05)
(2.5550823e-06 -2.0674097e-06 0.00014088263)
(2.4542222e-06 -1.5916409e-06 0.00016348549)
(2.2861473e-06 -1.8435817e-06 0.00015931282)
(2.0689096e-06 -2.0613696e-06 0.00016348817)
(2.9427444e-06 -2.3936766e-06 8.3022335e-05)
(2.9967823e-06 -1.962519e-06 0.00011828998)
(2.7902217e-06 -2.2634268e-06 0.000115268)
(2.5309141e-06 -2.5250343e-06 0.00011829389)
(3.2723681e-06 -2.1614196e-06 4.7414701e-05)
(3.0467536e-06 -2.4842485e-06 4.6197068e-05)
(2.7686723e-06 -2.7651874e-06 4.7415753e-05)
(2.930814e-06 -1.5111896e-06 0.00014092024)
(2.7325944e-06 -1.0736389e-06 0.00016353899)
(2.6214706e-06 -1.3414454e-06 0.00015935777)
(3.3754685e-06 -1.7638245e-06 8.3043352e-05)
(3.342082e-06 -1.3358694e-06 0.00011832391)
(3.2001322e-06 -1.6614765e-06 0.00011529833)
(3.6533585e-06 -1.4825911e-06 4.7426568e-05)
(3.4939194e-06 -1.8373137e-06 4.6207324e-05)
(3.1830181e-06 -9.1611457e-07 0.00014096635)
(2.8965717e-06 -5.3827991e-07 0.00016358819)
(2.8422648e-06 -8.09034e-07 0.00015941567)
(3.6748715e-06 -1.0785422e-06 8.3068074e-05)
(3.5521599e-06 -6.7496646e-07 0.0001183535)
(3.4795565e-06 -1.0117181e-06 0.00011533327)
(3.8910092e-06 -7.5390484e-07 4.7437068e-05)
(3.8071036e-06 -1.1277391e-06 4.6219808e-05)
(3.3080788e-06 -3.0651265e-07 0.00014099537)
(2.950238e-06 -2.5663345e-10 0.00016360907)
(2.9497774e-06 -2.6989468e-07 0.00015945236)
(3.8273451e-06 -3.6277225e-07 8.3083354e-05)
(3.622401e-06 -1.4279174e-10 0.00011836614)
(3.6199778e-06 -3.3947464e-07 0.00011535522)
(3.971745e-06 1.8027848e-12 4.7441462e-05)
(3.9682652e-06 -3.8020023e-07 4.6227433e-05)
(3.3080986e-06 3.0612027e-07 0.00014099839)
(2.8966296e-06 5.3777623e-07 0.00016359689)
(2.9498219e-06 2.6917871e-07 0.00015945591)
(3.8273562e-06 3.6263595e-07 8.3085e-05)
(3.5521912e-06 6.7466944e-07 0.00011835937)
(3.6200002e-06 3.3905507e-07 0.00011535764)
(3.8910179e-06 7.5389785e-07 4.7439092e-05)
(3.9682678e-06 3.8016534e-07 4.6228285e-05)
(3.1830951e-06 9.1567708e-07 0.00014097789)
(2.7326717e-06 1.0732336e-06 0.0001635619)
(2.8424026e-06 8.0835255e-07 0.00015942927)
(3.6749182e-06 1.0783524e-06 8.3074339e-05)
(3.3421285e-06 1.3355807e-06 0.00011833914)
(3.4796298e-06 1.0112732e-06 0.00011534247)
(3.6533948e-06 1.4825611e-06 4.7431866e-05)
(3.8071298e-06 1.1276728e-06 4.6223016e-05)
(2.9308488e-06 1.5109813e-06 0.00014094678)
(2.4542745e-06 1.5916289e-06 0.00016352575)
(2.6215733e-06 1.3411104e-06 0.00015938928)
(3.3755128e-06 1.7637299e-06 8.3057643e-05)
(2.9968041e-06 1.9624281e-06 0.00011831812)
(3.2001846e-06 1.6611865e-06 0.00011531922)
(3.2724321e-06 2.1614506e-06 4.742434e-05)
(3.4939746e-06 1.8372686e-06 4.621469e-05)
(2.5550655e-06 2.0675977e-06 0.00014092437)
(2.2860796e-06 1.8439818e-06 0.00015936041)
(2.0681013e-06 2.0621981e-06 0.0001635103)
(2.9427296e-06 2.3938034e-06 8.304587e-05)
(2.7901112e-06 2.2635988e-06 0.00011530252)
(2.5302027e-06 2.5256613e-06 0.00011830912)
(3.0467757e-06 2.4843963e-06 4.6208826e-05)
(2.7683309e-06 2.7655687e-06 4.7421161e-05)
(2.5541486e-06 -2.0665663e-06 0.00013372689)
(2.4539718e-06 -1.5925246e-06 0.00015518576)
(2.2866344e-06 -1.8439218e-06 0.00015102202)
(2.0698199e-06 -2.0610154e-06 0.00015518893)
(2.9413005e-06 -2.3925797e-06 7.8794317e-05)
(2.9940629e-06 -1.961649e-06 0.0001122767)
(2.7891825e-06 -2.2625159e-06 0.00010926141)
(2.5296267e-06 -2.5228258e-06 0.00011228081)
(3.2686249e-06 -2.1596634e-06 4.4989525e-05)
(3.0453762e-06 -2.4831017e-06 4.377464e-05)
(2.7663121e-06 -2.762416e-06 4.4990695e-05)
(2.928517e-06 -1.5118975e-06 0.00013376174)
(2.7317407e-06 -1.075393e-06 0.00015523513)
(2.6217498e-06 -1.3419741e-06 0.00015106427)
(3.3726175e-06 -1.7637612e-06 7.8813708e-05)
(3.3381501e-06 -1.336013e-06 0.00011230803)
(3.1984543e-06 -1.6609529e-06 0.00010929005)
(3.648037e-06 -1.4815617e-06 4.5000369e-05)
(3.4916331e-06 -1.8364905e-06 4.3784314e-05)
(3.1801392e-06 -9.1717699e-07 0.00013380425)
(2.8956625e-06 -5.3968481e-07 0.00015528047)
(2.8423591e-06 -8.0957818e-07 0.00015111852)
(3.6709324e-06 -1.0787799e-06 7.8836202e-05)
(3.5475454e-06 -6.753663e-07 0.00011233525)
(3.4772201e-06 -1.0115066e-06 0.00010932276)
(3.8844755e-06 -7.5345124e-07 4.5009912e-05)
(3.8037974e-06 -1.1272005e-06 4.379589e-05)
(3.3049521e-06 -3.0711938e-07 0.000133831)
(2.9493616e-06 -4.6473153e-10 0.00015529976)
(2.9497258e-06 -2.7014339e-07 0.00015115281)
(3.8227613e-06 -3.6296637e-07 7.8850147e-05)
(3.6175771e-06 -2.822537e-10 0.00011234691)
(3.617206e-06 -3.3944332e-07 0.00010934324)
(3.964788e-06 -3.8446324e-11 4.5013948e-05)
(3.9642772e-06 -3.800176e-07 4.3802933e-05)
(3.3049998e-06 3.0637616e-07 0.00013383387)
(2.8957809e-06 5.3882077e-07 0.00015528876)
(2.9497803e-06 2.6929675e-07 0.00015115612)
(3.8227828e-06 3.6264701e-07 7.8851716e-05)
(3.5476044e-06 6.7482628e-07 0.00011234085)
(3.6172372e-06 3.3891598e-07 0.00010934548)
(3.8844919e-06 7.5337568e-07 4.5011848e-05)
(3.964287e-06 3.7992316e-07 4.3803703e-05)
(3.1802724e-06 9.1648782e-07 0.00013381526)
(2.7319039e-06 1.0747812e-06 0.00015525699)
(2.8425377e-06 8.0874725e-07 0.00015113129)
(3.6709951e-06 1.0784595e-06 7.8842182e-05)
(3.3382258e-06 1.335575e-06 0.00011232258)
(3.4773271e-06 1.0109383e-06 0.00010933135)
(3.6480769e-06 1.4814927e-06 4.5005443e-05)
(3.8038471e-06 1.127069e-06 4.3798825e-05)
(2.928638e-06 1.5114811e-06 0.00013378709)
(2.4539791e-06 1.5925643e-06 0.00015522418)
(2.6219207e-06 1.3415081e-06 0.00015109402)
(3.3726882e-06 1.7635234e-06 7.8827374e-05)
(2.9940296e-06 1.9615518e-06 0.00011230359)
(3.1985584e-06 1.6605599e-06 0.00010930971)
(3.2686858e-06 2.1596639e-06 4.4998764e-05)
(3.4917244e-06 1.8363973e-06 4.3791159e-05)
(2.5539648e-06 2.0669321e-06 0.00013376674)
(2.2867683e-06 1.8440977e-06 0.00015106711)
(2.0689238e-06 2.0619267e-06 0.00015521014)
(2.9411952e-06 2.3927472e-06 7.8816826e-05)
(2.7892152e-06 2.2625156e-06 0.00010929412)
(2.5288872e-06 2.5234464e-06 0.00011229544)
(3.0454625e-06 2.4831796e-06 4.3785715e-05)
(2.7660378e-06 2.7627254e-06 4.4995918e-05)
(2.5544229e-06 -2.0667508e-06 0.000126582)
(2.4549824e-06 -1.5925152e-06 0.000146899)
(2.2877442e-06 -1.8431553e-06 0.00014272815)
(2.07038e-06 -2.0616464e-06 0.00014690198)
(2.9413923e-06 -2.3924922e-06 7.457379e-05)
(2.9940591e-06 -1.9610926e-06 0.00010627336)
(2.7898242e-06 -2.2617444e-06 0.00010325213)
(2.5295438e-06 -2.5225866e-06 0.0001062773)
(3.2687037e-06 -2.1594507e-06 4.2568537e-05)
(3.0459039e-06 -2.4828749e-06 4.1350875e-05)
(2.766591e-06 -2.7622837e-06 4.2569705e-05)
(2.9292426e-06 -1.511102e-06 0.00012661525)
(2.7329551e-06 -1.0747375e-06 0.00014694608)
(2.6231735e-06 -1.3405466e-06 0.00014276854)
(3.3727766e-06 -1.7631575e-06 7.45923e-05)
(3.338057e-06 -1.3351584e-06 0.00010630334)
(3.1993238e-06 -1.6597479e-06 0.00010327954)
(3.6477643e-06 -1.4812334e-06 4.2578918e-05)
(3.4922704e-06 -1.8360595e-06 4.1360107e-05)
(3.1805176e-06 -9.1636866e-07 0.00012665596)
(2.8966129e-06 -5.3907097e-07 0.00014698933)
(2.8437314e-06 -8.0820803e-07 0.00014282078)
(3.67069e-06 -1.0782355e-06 7.4613849e-05)
(3.5470507e-06 -6.7472527e-07 0.00010632935)
(3.478049e-06 -1.0103942e-06 0.00010331121)
(3.8837138e-06 -7.5318926e-07 4.2588014e-05)
(3.8044097e-06 -1.1267824e-06 4.1371374e-05)
(3.3049433e-06 -3.066992e-07 0.00012668145)
(2.950143e-06 -3.8685817e-10 0.0001470077)
(2.9509883e-06 -2.696362e-07 0.00014285377)
(3.8221212e-06 -3.6270977e-07 7.4627013e-05)
(3.6168657e-06 -2.5007788e-10 0.00010634045)
(3.61793e-06 -3.3903311e-07 0.00010333099)
(3.9637761e-06 -5.7551923e-11 4.2591819e-05)
(3.9648136e-06 -3.798665e-07 4.1378198e-05)
(3.304982e-06 3.0606838e-07 0.00012668419)
(2.8967205e-06 5.3829321e-07 0.00014699725)
(2.9510614e-06 2.6862014e-07 0.00014285698)
(3.8221461e-06 3.6240568e-07 7.4628511e-05)
(3.5471234e-06 6.7420321e-07 0.00010633471)
(3.6179758e-06 3.3836499e-07 0.00010333318)
(3.8837525e-06 7.5306154e-07 4.2589862e-05)
(3.9648303e-06 3.7969431e-07 4.1378965e-05)
(3.180669e-06 9.1565822e-07 0.00012666649)
(2.7331476e-06 1.074038e-06 0.00014696701)
(2.8439613e-06 8.072253e-07 0.0001428331)
(3.6707879e-06 1.077855e-06 7.4619566e-05)
(3.3381945e-06 1.3346303e-06 0.00010631729)
(3.4781966e-06 1.0096981e-06 0.00010331954)
(3.6478642e-06 1.4810808e-06 4.2583787e-05)
(3.8044796e-06 1.1265787e-06 4.1374273e-05)
(2.9293983e-06 1.5106604e-06 0.00012663955)
(2.4553037e-06 1.5921505e-06 0.00014693572)
(2.6234179e-06 1.3399552e-06 0.00014279722)
(3.3729003e-06 1.7629071e-06 7.4605423e-05)
(2.9942759e-06 1.9607266e-06 0.00010629913)
(3.1994867e-06 1.6592452e-06 0.00010329861)
(3.2688683e-06 2.1593632e-06 4.2577405e-05)
(3.4923926e-06 1.8359014e-06 4.1366849e-05)
(2.5547498e-06 2.0665415e-06 0.00012662009)
(2.2879328e-06 1.8432646e-06 0.00014277129)
(2.0699594e-06 2.0621012e-06 0.00014692233)
(2.9415811e-06 2.392373e-06 7.4595342e-05)
(2.7899074e-06 2.2616766e-06 0.00010328354)
(2.5291026e-06 2.5229175e-06 0.00010629132)
(3.0460243e-06 2.4829065e-06 4.1361603e-05)
(2.7663588e-06 2.7625418e-06 4.2574695e-05)
(2.5560103e-06 -2.0651186e-06 0.00011942661)
(2.4565477e-06 -1.5902775e-06 0.00013860096)
(2.2906051e-06 -1.8429098e-06 0.00013442691)
(2.0712678e-06 -2.0604259e-06 0.0001386034)
(2.942771e-06 -2.3918253e-06 7.0346332e-05)
(2.9956044e-06 -1.9596304e-06 0.00010026106)
(2.7918801e-06 -2.2613435e-06 9.7238689e-05)
(2.5303598e-06 -2.5219266e-06 0.00010026456)
(3.2698081e-06 -2.1589786e-06 4.0144131e-05)
(3.047566e-06 -2.4830681e-06 3.8927129e-05)
(2.7671152e-06 -2.7622526e-06 4.0145156e-05)
(2.9309198e-06 -1.5093233e-06 0.00011945879)
(2.7345701e-06 -1.07253e-06 0.00013864654)
(2.626998e-06 -1.3384701e-06 0.00013446638)
(3.3745111e-06 -1.7623275e-06 7.036429e-05)
(3.3398703e-06 -1.3336478e-06 0.0001002902)
(3.2024048e-06 -1.6581057e-06 9.7265546e-05)
(3.6492998e-06 -1.4806811e-06 4.0154281e-05)
(3.4948623e-06 -1.8356614e-06 3.8936331e-05)
(3.1824301e-06 -9.1472141e-07 0.00011949833)
(2.8983107e-06 -5.3776905e-07 0.00013868847)
(2.8474985e-06 -8.0585407e-07 0.0001345173)
(3.6728833e-06 -1.0774001e-06 7.0385362e-05)
(3.5491057e-06 -6.73816e-07 0.00010031559)
(3.4815301e-06 -1.0086649e-06 9.7296561e-05)
(3.8856314e-06 -7.5284756e-07 4.0163244e-05)
(3.8077842e-06 -1.1263028e-06 3.8947458e-05)
(3.3070003e-06 -3.0620799e-07 0.00011952316)
(2.9519108e-06 -6.3420825e-10 0.00013870625)
(2.9544024e-06 -2.6866881e-07 0.00013454955)
(3.8246732e-06 -3.6246785e-07 7.0398363e-05)
(3.6190415e-06 -4.2312834e-10 0.00010032643)
(3.6214798e-06 -3.383478e-07 9.7316043e-05)
(3.965868e-06 -1.1617959e-10 4.0166998e-05)
(3.9686677e-06 -3.7968709e-07 3.8954269e-05)
(3.307081e-06 3.0515455e-07 0.00011952576)
(2.8984994e-06 5.3658115e-07 0.00013869597)
(2.9544914e-06 2.6751323e-07 0.00013455252)
(3.8247175e-06 3.6192977e-07 7.0399781e-05)
(3.5492202e-06 6.7300502e-07 0.00010032067)
(3.6215376e-06 3.3756443e-07 9.7318051e-05)
(3.885675e-06 7.526207e-07 4.0164998e-05)
(3.9686896e-06 3.7945272e-07 3.895496e-05)
(3.1826548e-06 9.1375255e-07 0.00011950831)
(2.7348562e-06 1.0716441e-06 0.0001386664)
(2.8477709e-06 8.0474833e-07 0.00013452875)
(3.6730107e-06 1.0768807e-06 7.0390783e-05)
(3.3400441e-06 1.3329749e-06 0.00010030345)
(3.4817113e-06 1.007865e-06 9.7304278e-05)
(3.6493902e-06 1.4804766e-06 4.0158917e-05)
(3.8078693e-06 1.1260407e-06 3.89501e-05)
(2.9311715e-06 1.508671e-06 0.00011948187)
(2.4566759e-06 1.5901349e-06 0.00013863583)
(2.6272957e-06 1.337788e-06 0.00013449316)
(3.3746771e-06 1.7619179e-06 7.0376781e-05)
(2.9956745e-06 1.9593645e-06 0.00010028556)
(3.2026134e-06 1.6575248e-06 9.7283291e-05)
(3.26993e-06 2.1588739e-06 4.0152588e-05)
(3.4950042e-06 1.8354566e-06 3.894253e-05)
(2.5559299e-06 2.0653487e-06 0.00011946279)
(2.2908553e-06 1.8429385e-06 0.00013446741)
(2.0705327e-06 2.0611778e-06 0.00013862273)
(2.9427571e-06 2.3918844e-06 7.0366845e-05)
(2.7920113e-06 2.2612165e-06 9.7268183e-05)
(2.5297758e-06 2.5224042e-06 0.00010027789)
(3.0477028e-06 2.4830695e-06 3.8937169e-05)
(2.7669385e-06 2.7624653e-06 4.0149918e-05)
(2.5593264e-06 -2.0660932e-06 0.00011225986)
(2.4616972e-06 -1.5901323e-06 0.00013028916)
(2.2930732e-06 -1.8430032e-06 0.00012611316)
(2.0741823e-06 -2.0632164e-06 0.00013029066)
(2.9458194e-06 -2.392862e-06 6.6113701e-05)
(2.9992266e-06 -1.9589982e-06 9.4240187e-05)
(2.7936199e-06 -2.2611368e-06 9.1215128e-05)
(2.5321662e-06 -2.5233749e-06 9.4242962e-05)
(3.2729843e-06 -2.1592054e-06 3.7717041e-05)
(3.0492681e-06 -2.4833861e-06 3.6497345e-05)
(2.7690234e-06 -2.763591e-06 3.771777e-05)
(2.936114e-06 -1.5073649e-06 0.00011229133)
(2.7405717e-06 -1.0702216e-06 0.00013033383)
(2.630225e-06 -1.3371979e-06 0.00012615094)
(3.3793421e-06 -1.761587e-06 6.6131404e-05)
(3.3446466e-06 -1.3317124e-06 9.4268779e-05)
(3.2050593e-06 -1.6570103e-06 9.1240728e-05)
(3.6537555e-06 -1.4802949e-06 3.7727093e-05)
(3.497632e-06 -1.8355192e-06 3.6506082e-05)
(3.1877007e-06 -9.1226556e-07 0.00011233016)
(2.9037975e-06 -5.3568336e-07 0.00013037503)
(2.8505842e-06 -8.0432055e-07 0.0001262)
(3.6786374e-06 -1.0763517e-06 6.6152303e-05)
(3.5540896e-06 -6.722542e-07 9.4293828e-05)
(3.4845655e-06 -1.0075366e-06 9.1270607e-05)
(3.8909488e-06 -7.52496e-07 3.7736015e-05)
(3.8115084e-06 -1.1261207e-06 3.6516815e-05)
(3.3118262e-06 -3.050385e-07 0.00011235465)
(2.9569776e-06 -5.2455567e-10 0.00013039248)
(2.9570326e-06 -2.6802392e-07 0.0001262311)
(3.8307148e-06 -3.6195992e-07 6.6165304e-05)
(3.623974e-06 -3.6382604e-10 9.4304498e-05)
(3.6245068e-06 -3.3790038e-07 9.1289335e-05)
(3.9714891e-06 -1.1873533e-10 3.7739769e-05)
(3.9728667e-06 -3.7962789e-07 3.652336e-05)
(3.3118926e-06 3.0415289e-07 0.0001123571)
(2.9039641e-06 5.346422e-07 0.00013038209)
(2.9571302e-06 2.6675112e-07 0.00012623397)
(3.8307583e-06 3.6147826e-07 6.6166645e-05)
(3.5542082e-06 6.7151187e-07 9.4298609e-05)
(3.6245708e-06 3.37038e-07 9.1291297e-05)
(3.891008e-06 7.5224692e-07 3.7737679e-05)
(3.9728925e-06 3.7936778e-07 3.652406e-05)
(3.1879285e-06 9.1132829e-07 0.00011233955)
(2.7408679e-06 1.0692916e-06 0.0001303525)
(2.8508905e-06 8.0308598e-07 0.00012621102)
(3.678789e-06 1.0758102e-06 6.6157421e-05)
(3.3448698e-06 1.3309872e-06 9.4281258e-05)
(3.4847696e-06 1.0066485e-06 9.1278091e-05)
(3.6538939e-06 1.4800283e-06 3.7731477e-05)
(3.8116059e-06 1.1258313e-06 3.6519455e-05)
(2.9363708e-06 1.5067554e-06 0.00011231304)
(2.4621438e-06 1.5895825e-06 0.00013032192)
(2.6305729e-06 1.3364144e-06 0.00012617656)
(3.3795416e-06 1.7612171e-06 6.6143168e-05)
(2.9995451e-06 1.9584833e-06 9.4263237e-05)
(3.205296e-06 1.6563656e-06 9.1257845e-05)
(3.2731885e-06 2.1590357e-06 3.7725028e-05)
(3.4977899e-06 1.8353047e-06 3.65122e-05)
(2.5597657e-06 2.0657464e-06 0.00011229386)
(2.2934332e-06 1.8429163e-06 0.0001261516)
(2.0738767e-06 2.0635567e-06 0.00013030879)
(2.9460855e-06 2.3926637e-06 6.6133012e-05)
(2.7938162e-06 2.2609276e-06 9.1243228e-05)
(2.5318103e-06 2.5236276e-06 9.425549e-05)
(3.0494261e-06 2.483374e-06 3.6507042e-05)
(2.7688211e-06 2.7638178e-06 3.7722288e-05)
(2.5602932e-06 -2.0650668e-06 0.0001050919)
(2.4622778e-06 -1.5890606e-06 0.00012197637)
(2.2939594e-06 -1.8431191e-06 0.00011780922)
(2.0748624e-06 -2.0620906e-06 0.00012197769)
(2.9463963e-06 -2.3920845e-06 6.1878072e-05)
(3.0000259e-06 -1.958292e-06 8.8216627e-05)
(2.7938737e-06 -2.2607356e-06 8.5198156e-05)
(2.532766e-06 -2.5226832e-06 8.8219257e-05)
(3.274298e-06 -2.1591277e-06 3.5286969e-05)
(3.0496672e-06 -2.4831508e-06 3.4070429e-05)
(2.7697336e-06 -2.76374e-06 3.5287691e-05)
(2.9369125e-06 -1.5070152e-06 0.00010512152)
(2.7409185e-06 -1.0696593e-06 0.00012201854)
(2.6311075e-06 -1.3373153e-06 0.00011784457)
(3.3801564e-06 -1.761204e-06 6.1894774e-05)
(3.3455882e-06 -1.3313629e-06 8.824356e-05)
(3.2053705e-06 -1.6567563e-06 8.5222177e-05)
(3.6558085e-06 -1.4803219e-06 3.5296455e-05)
(3.4983129e-06 -1.8353819e-06 3.4078702e-05)
(3.1887193e-06 -9.1211064e-07 0.00010515812)
(2.9040438e-06 -5.3554528e-07 0.00012205742)
(2.851423e-06 -8.0450532e-07 0.00011789029)
(3.6798486e-06 -1.0761486e-06 6.1914515e-05)
(3.5551787e-06 -6.7219996e-07 8.8267072e-05)
(3.4849493e-06 -1.0074891e-06 8.5249953e-05)
(3.8935579e-06 -7.5259069e-07 3.5304813e-05)
(3.8124961e-06 -1.1261242e-06 3.4088702e-05)
(3.3128706e-06 -3.0513672e-07 0.00010518106)
(2.9571877e-06 -7.5473046e-10 0.00012207384)
(2.9578599e-06 -2.6812163e-07 0.00011791915)
(3.8320575e-06 -3.6197552e-07 6.1926564e-05)
(3.6251042e-06 -5.0495021e-10 8.827703e-05)
(3.6249274e-06 -3.3791283e-07 8.5267222e-05)
(3.9742701e-06 -1.4374086e-10 3.5308274e-05)
(3.9739932e-06 -3.796505e-07 3.4094687e-05)
(3.3129662e-06 3.0388704e-07 0.00010518336)
(2.904274e-06 5.3411314e-07 0.00012206405)
(2.9579598e-06 2.667879e-07 0.00011792177)
(3.8321105e-06 3.6133228e-07 6.1927822e-05)
(3.5553217e-06 6.7122419e-07 8.8271565e-05)
(3.6249934e-06 3.3700901e-07 8.5268994e-05)
(3.8936175e-06 7.5231228e-07 3.5306376e-05)
(3.9740215e-06 3.7937626e-07 3.4095295e-05)
(3.1889997e-06 9.1092447e-07 0.00010516695)
(2.7412886e-06 1.06854e-06 0.00012203611)
(2.8517425e-06 8.0320141e-07 0.00011790042)
(3.6800064e-06 1.0755119e-06 6.1919326e-05)
(3.3458141e-06 1.3305345e-06 8.8255317e-05)
(3.4851636e-06 1.0065522e-06 8.5256779e-05)
(3.6559286e-06 1.4800767e-06 3.5300589e-05)
(3.8126016e-06 1.1258186e-06 3.4091032e-05)
(2.9372404e-06 1.5061965e-06 0.00010514198)
(2.4625669e-06 1.5886968e-06 0.00012200718)
(2.6314677e-06 1.336492e-06 0.00011786833)
(3.3803578e-06 1.7607157e-06 6.1905872e-05)
(3.0001917e-06 1.9578753e-06 8.8238345e-05)
(3.2056138e-06 1.6560935e-06 8.5237961e-05)
(3.2744598e-06 2.1589958e-06 3.5294507e-05)
(3.4984765e-06 1.8351735e-06 3.408422e-05)
(2.5603847e-06 2.0650965e-06 0.00010512388)
(2.2944469e-06 1.8428855e-06 0.00011784503)
(2.0742979e-06 2.0626909e-06 0.00012199471)
(2.9464627e-06 2.3920425e-06 6.1896265e-05)
(2.7941461e-06 2.2604364e-06 8.5224334e-05)
(2.5322703e-06 2.5230499e-06 8.8231013e-05)
(3.0498411e-06 2.4831274e-06 3.4079368e-05)
(2.7695606e-06 2.7639383e-06 3.5291932e-05)
(2.5604054e-06 -2.0657579e-06 9.7933025e-05)
(2.4634427e-06 -1.5903809e-06 0.00011367396)
(2.2935409e-06 -1.8427742e-06 0.00010950087)
(2.0762127e-06 -2.0632767e-06 0.00011367547)
(2.946811e-06 -2.3925034e-06 5.7647696e-05)
(2.9997772e-06 -1.9583582e-06 8.2200377e-05)
(2.7934758e-06 -2.2603725e-06 7.9176978e-05)
(2.5329294e-06 -2.5224006e-06 8.2203131e-05)
(3.2740525e-06 -2.1588497e-06 3.285947e-05)
(3.0495798e-06 -2.4829595e-06 3.1639853e-05)
(2.7698274e-06 -2.7631535e-06 3.2860278e-05)
(2.9372662e-06 -1.5072062e-06 9.7960337e-05)
(2.7422643e-06 -1.0705647e-06 0.00011371287)
(2.6297775e-06 -1.3382012e-06 0.00010953283)
(3.3806798e-06 -1.7613812e-06 5.7663134e-05)
(3.3453228e-06 -1.3314469e-06 8.2225221e-05)
(3.2041054e-06 -1.657321e-06 7.919866e-05)
(3.6554118e-06 -1.4801892e-06 3.2868204e-05)
(3.497626e-06 -1.8356034e-06 3.1647201e-05)
(3.1889197e-06 -9.1240193e-07 9.7994086e-05)
(2.9054515e-06 -5.3597348e-07 0.0001137487)
(2.8500315e-06 -8.057205e-07 0.00010957452)
(3.6803422e-06 -1.0764098e-06 5.7681293e-05)
(3.5548893e-06 -6.722246e-07 8.2246833e-05)
(3.483416e-06 -1.008292e-06 7.9223947e-05)
(3.8930628e-06 -7.5252061e-07 3.2875842e-05)
(3.8114498e-06 -1.126426e-06 3.1656253e-05)
(3.3130911e-06 -3.0515041e-07 9.8015126e-05)
(2.9586245e-06 -5.8633141e-10 0.00011376383)
(2.9567856e-06 -2.6863828e-07 0.00010960069)
(3.8326064e-06 -3.620293e-07 5.7692307e-05)
(3.6248139e-06 -4.0594686e-10 8.2255976e-05)
(3.6234866e-06 -3.3825455e-07 7.9239569e-05)
(3.9737442e-06 -1.3334372e-10 3.2879001e-05)
(3.9728606e-06 -3.797785e-07 3.1661622e-05)
(3.3131623e-06 3.0416245e-07 9.8017289e-05)
(2.9056336e-06 5.348057e-07 0.00011375496)
(2.9568728e-06 2.6743547e-07 0.00010960319)
(3.8326532e-06 3.6149181e-07 5.7693489e-05)
(3.5550198e-06 6.7139566e-07 8.2251073e-05)
(3.6235461e-06 3.3742765e-07 7.9241275e-05)
(3.8931322e-06 7.5224342e-07 3.2877307e-05)
(3.9728878e-06 3.7951043e-07 3.1662222e-05)
(3.1891714e-06 9.1134662e-07 9.8002427e-05)
(2.7425983e-06 1.0694999e-06 0.00011372952)
(2.8503095e-06 8.0454835e-07 0.0001095842)
(3.6805082e-06 1.0758019e-06 5.7685828e-05)
(3.3455733e-06 1.330631e-06 8.2236375e-05)
(3.4836084e-06 1.0074364e-06 7.923051e-05)
(3.6555705e-06 1.4798969e-06 3.2872116e-05)
(3.8115516e-06 1.1261315e-06 3.1658539e-05)
(2.9375457e-06 1.5065408e-06 9.7979759e-05)
(2.4640378e-06 1.589635e-06 0.00011370311)
(2.6300646e-06 1.337502e-06 0.00010955556)
(3.3808876e-06 1.7609969e-06 5.7673682e-05)
(3.0001859e-06 1.9577253e-06 8.2220973e-05)
(3.2043079e-06 1.6567399e-06 7.9213884e-05)
(3.274283e-06 2.1586677e-06 3.2866617e-05)
(3.497779e-06 1.8354118e-06 3.1652629e-05)
(2.5610508e-06 2.0651764e-06 9.7963264e-05)
(2.2938853e-06 1.8426886e-06 0.00010953473)
(2.0760948e-06 2.0634394e-06 0.00011369167)
(2.9471672e-06 2.3922015e-06 5.7664925e-05)
(2.793655e-06 2.2601839e-06 7.9201837e-05)
(2.5326535e-06 2.52255e-06 8.2214278e-05)
(3.0497202e-06 2.4829779e-06 3.1648422e-05)
(2.769607e-06 2.7633932e-06 3.2864255e-05)
(2.5594823e-06 -2.0643633e-06 9.0767844e-05)
(2.4605079e-06 -1.5896681e-06 0.00010536389)
(2.292039e-06 -1.8419261e-06 0.00010119756)
(2.0754528e-06 -2.0601194e-06 0.00010536591)
(2.9462047e-06 -2.3917713e-06 5.3413724e-05)
(2.9983364e-06 -1.9585442e-06 7.6178572e-05)
(2.7920717e-06 -2.2595106e-06 7.3160587e-05)
(2.5331058e-06 -2.5208858e-06 7.6181629e-05)
(3.2735011e-06 -2.1591933e-06 3.0429595e-05)
(3.0486461e-06 -2.4822973e-06 2.9213142e-05)
(2.7701431e-06 -2.7627685e-06 3.04306e-05)
(2.9343378e-06 -1.5084768e-06 9.0792255e-05)
(2.7381843e-06 -1.0718413e-06 0.00010539869)
(2.6270549e-06 -1.3392698e-06 0.00010122635)
(3.378488e-06 -1.7621449e-06 5.3427423e-05)
(3.3427695e-06 -1.3327956e-06 7.6200765e-05)
(3.2013402e-06 -1.6579088e-06 7.3180193e-05)
(3.6540578e-06 -1.4808896e-06 3.0437337e-05)
(3.4954972e-06 -1.8356301e-06 2.9219779e-05)
(3.1858292e-06 -9.1413935e-07 9.0822426e-05)
(2.9015864e-06 -5.3733114e-07 0.00010543067)
(2.8471908e-06 -8.0737786e-07 0.0001012635)
(3.6775269e-06 -1.0773347e-06 5.3443614e-05)
(3.5522027e-06 -6.7338541e-07 7.6220028e-05)
(3.4800317e-06 -1.0093255e-06 7.3202634e-05)
(3.8913758e-06 -7.5304109e-07 3.0444123e-05)
(3.8083681e-06 -1.1266512e-06 2.9227721e-05)
(3.3103966e-06 -3.0599916e-07 9.0841132e-05)
(2.9550449e-06 -6.2604502e-10 0.00010544418)
(2.9542758e-06 -2.6935923e-07 0.00010128676)
(3.8297439e-06 -3.6247202e-07 5.3453406e-05)
(3.6222221e-06 -4.3009474e-10 7.6228187e-05)
(3.620025e-06 -3.3870749e-07 7.3216484e-05)
(3.9720046e-06 -1.3875584e-10 3.0446922e-05)
(3.9693554e-06 -3.7987836e-07 2.9232433e-05)
(3.3104732e-06 3.0495736e-07 9.0843137e-05)
(2.9017634e-06 5.361536e-07 0.0001054365)
(2.9543494e-06 2.6830181e-07 0.000101289)
(3.8297912e-06 3.6191241e-07 5.3454502e-05)
(3.5523184e-06 6.7256036e-07 7.6223972e-05)
(3.6200765e-06 3.3797342e-07 7.3218001e-05)
(3.8914314e-06 7.527753e-07 3.0445487e-05)
(3.9693797e-06 3.796301e-07 2.9232955e-05)
(3.1860474e-06 9.1316655e-07 9.0830187e-05)
(2.738442e-06 1.0709691e-06 0.00010541422)
(2.8474227e-06 8.0635446e-07 0.00010127223)
(3.6776641e-06 1.0767922e-06 5.3447837e-05)
(3.3429353e-06 1.3321225e-06 7.6211192e-05)
(3.4801972e-06 1.0085681e-06 7.3208523e-05)
(3.6541653e-06 1.4806681e-06 3.0441004e-05)
(3.8084607e-06 1.1263806e-06 2.9229735e-05)
(2.9345531e-06 1.5078648e-06 9.0810419e-05)
(2.4605892e-06 1.5895609e-06 0.0001053911)
(2.627258e-06 1.3387122e-06 0.000101247)
(3.3786464e-06 1.7617601e-06 5.3437309e-05)
(2.9983757e-06 1.9583077e-06 7.6197847e-05)
(3.2014942e-06 1.6574265e-06 7.319396e-05)
(3.2736225e-06 2.1591144e-06 3.0436309e-05)
(3.4956299e-06 1.8354666e-06 2.9224616e-05)
(2.5593409e-06 2.0646544e-06 9.0796088e-05)
(2.2922478e-06 1.8419694e-06 0.00010122862)
(2.0745954e-06 2.0609887e-06 0.00010538102)
(2.9461533e-06 2.3918896e-06 5.342986e-05)
(2.7921595e-06 2.2594301e-06 7.3183409e-05)
(2.5324169e-06 2.5214709e-06 7.6192033e-05)
(3.0487442e-06 2.4823601e-06 2.9220993e-05)
(2.7698947e-06 2.7630608e-06 3.0434324e-05)
(2.5575823e-06 -2.0641159e-06 8.3606643e-05)
(2.4591563e-06 -1.5906652e-06 9.7058414e-05)
(2.292216e-06 -1.8414354e-06 9.2899441e-05)
(2.075307e-06 -2.0595595e-06 9.706051e-05)
(2.9442663e-06 -2.3908104e-06 4.9182172e-05)
(2.9955616e-06 -1.9581444e-06 7.0160606e-05)
(2.7915635e-06 -2.2585471e-06 6.7147882e-05)
(2.5318651e-06 -2.5189678e-06 7.016355e-05)
(3.2709643e-06 -2.1582514e-06 2.800192e-05)
(3.0477976e-06 -2.4812365e-06 2.6787218e-05)
(2.768982e-06 -2.760762e-06 2.8002896e-05)
(2.9318721e-06 -1.5089128e-06 8.3628714e-05)
(2.7366419e-06 -1.0733923e-06 9.7089698e-05)
(2.6267326e-06 -1.3394238e-06 9.2925758e-05)
(3.3755135e-06 -1.7618545e-06 4.9194504e-05)
(3.3391287e-06 -1.333163e-06 7.0180561e-05)
(3.2000963e-06 -1.6575359e-06 6.7165839e-05)
(3.6501715e-06 -1.4805114e-06 2.8008802e-05)
(3.493787e-06 -1.8349677e-06 2.6793265e-05)
(3.1828032e-06 -9.1512572e-07 8.3655763e-05)
(2.9000742e-06 -5.3841064e-07 9.7118374e-05)
(2.8466088e-06 -8.0781495e-07 9.2959982e-05)
(3.673492e-06 -1.0775563e-06 4.9208813e-05)
(3.5480284e-06 -6.7376288e-07 7.0197796e-05)
(3.4781554e-06 -1.0092947e-06 6.7186615e-05)
(3.8864667e-06 -7.5288834e-07 2.8014794e-05)
(3.8057222e-06 -1.1262528e-06 2.6800626e-05)
(3.3072394e-06 -3.0633606e-07 8.3672542e-05)
(2.953577e-06 -4.4154967e-10 9.7130495e-05)
(2.9535723e-06 -2.6958e-07 9.2981386e-05)
(3.825159e-06 -3.6253646e-07 4.9217517e-05)
(3.6178781e-06 -3.1380126e-10 7.0205113e-05)
(3.6177646e-06 -3.3873206e-07 6.7199415e-05)
(3.9667303e-06 -1.1389867e-10 2.80173e-05)
(3.9660837e-06 -3.7973115e-07 2.6805012e-05)
(3.3072895e-06 3.055864e-07 8.367436e-05)
(2.9001986e-06 5.3753028e-07 9.7123672e-05)
(2.9536503e-06 2.684619e-07 9.2983512e-05)
(3.8251968e-06 3.6211216e-07 4.9218515e-05)
(3.5481255e-06 6.7311844e-07 7.0201388e-05)
(3.6178178e-06 3.3797333e-07 6.7200873e-05)
(3.8865251e-06 7.5265056e-07 2.8016051e-05)
(3.9661084e-06 3.7949334e-07 2.680554e-05)
(3.1829843e-06 9.1431811e-07 8.3662833e-05)
(2.7368547e-06 1.0726005e-06 9.7103875e-05)
(2.8468605e-06 8.0671698e-07 9.2968233e-05)
(3.6736275e-06 1.0770725e-06 4.9212673e-05)
(3.3393107e-06 1.3325288e-06 7.0190089e-05)
(3.4783295e-06 1.0085019e-06 6.7192244e-05)
(3.6503046e-06 1.4802622e-06 2.801218e-05)
(3.8058162e-06 1.1259905e-06 2.6802636e-05)
(2.9320243e-06 1.5084905e-06 8.3645314e-05)
(2.4595428e-06 1.5901766e-06 9.7083297e-05)
(2.6269591e-06 1.3388124e-06 9.2945192e-05)
(3.3756634e-06 1.7616034e-06 4.9203564e-05)
(2.9958381e-06 1.9577079e-06 7.0178266e-05)
(3.2002539e-06 1.6570389e-06 6.7178939e-05)
(3.2711353e-06 2.1581375e-06 2.8008115e-05)
(3.4939162e-06 1.8348292e-06 2.6798025e-05)
(2.5580073e-06 2.0637769e-06 8.3632514e-05)
(2.2925064e-06 1.8413822e-06 9.2928336e-05)
(2.0749094e-06 2.0599724e-06 9.7074219e-05)
(2.9444997e-06 2.3906704e-06 4.9196997e-05)
(2.7916854e-06 2.2584179e-06 6.7169227e-05)
(2.5313901e-06 2.5193375e-06 7.0173034e-05)
(3.0478893e-06 2.4813176e-06 2.6794708e-05)
(2.7686707e-06 2.7611098e-06 2.8006351e-05)
(2.5590516e-06 -2.0628273e-06 7.6456748e-05)
(2.4603454e-06 -1.5893655e-06 8.8766736e-05)
(2.2933561e-06 -1.8403699e-06 8.4607546e-05)
(2.0766887e-06 -2.0583457e-06 8.8768367e-05)
(2.9451754e-06 -2.3900148e-06 4.4957283e-05)
(2.9965653e-06 -1.9572376e-06 6.4152335e-05)
(2.7925237e-06 -2.2576768e-06 6.113847e-05)
(2.5329399e-06 -2.5181414e-06 6.4154861e-05)
(3.270932e-06 -2.1574856e-06 2.5577469e-05)
(3.048507e-06 -2.4807811e-06 2.4361738e-05)
(2.7690993e-06 -2.759957e-06 2.5578322e-05)
(2.9326237e-06 -1.5081787e-06 7.6477321e-05)
(2.7372662e-06 -1.0724758e-06 8.8795866e-05)
(2.6281211e-06 -1.3379386e-06 8.4632242e-05)
(3.3759445e-06 -1.7613292e-06 4.4968777e-05)
(3.3396339e-06 -1.3324305e-06 6.4170993e-05)
(3.2012942e-06 -1.656392e-06 6.1155383e-05)
(3.6496946e-06 -1.4798461e-06 2.5583915e-05)
(3.4946638e-06 -1.8344416e-06 2.4367468e-05)
(3.1831591e-06 -9.1448119e-07 7.6502631e-05)
(2.9003002e-06 -5.3800446e-07 8.8822578e-05)
(2.8479068e-06 -8.0654917e-07 8.4664139e-05)
(3.6734985e-06 -1.0770558e-06 4.4982184e-05)
(3.548063e-06 -6.7339512e-07 6.4187109e-05)
(3.4793395e-06 -1.0083338e-06 6.1174795e-05)
(3.8854556e-06 -7.5250882e-07 2.5589516e-05)
(3.806651e-06 -1.1258312e-06 2.4374313e-05)
(3.3071793e-06 -3.0621948e-07 7.6518278e-05)
(2.9536437e-06 -6.9043484e-10 8.8833847e-05)
(2.9547591e-06 -2.6909888e-07 8.4684074e-05)
(3.8247319e-06 -3.6240095e-07 4.499024e-05)
(3.6177028e-06 -4.5799261e-10 6.4193918e-05)
(3.6188834e-06 -3.3835827e-07 6.1186734e-05)
(3.9654615e-06 -1.3044198e-10 2.5591834e-05)
(3.9670022e-06 -3.7956167e-07 2.4378357e-05)
(3.3072616e-06 3.0509229e-07 7.6519953e-05)
(2.9005002e-06 5.3669203e-07 8.8827458e-05)
(2.9548418e-06 2.6791541e-07 8.4685952e-05)
(3.8247796e-06 3.618268e-07 4.499116e-05)
(3.5481883e-06 6.7251096e-07 6.4190422e-05)
(3.6189382e-06 3.3757325e-07 6.1188005e-05)
(3.8855127e-06 7.5226213e-07 2.5590678e-05)
(3.9670264e-06 3.79338e-07 2.4378794e-05)
(3.1834039e-06 9.1339794e-07 7.6509148e-05)
(2.7375701e-06 1.0714617e-06 8.8808933e-05)
(2.8481762e-06 8.0538181e-07 8.4671485e-05)
(3.6736404e-06 1.0764845e-06 4.4985748e-05)
(3.3398161e-06 1.3316954e-06 6.4179793e-05)
(3.47952e-06 1.0075108e-06 6.1179752e-05)
(3.6498033e-06 1.4796496e-06 2.5587045e-05)
(3.8067433e-06 1.1255824e-06 2.4376009e-05)
(2.9328646e-06 1.5074973e-06 7.649264e-05)
(2.4605359e-06 1.5890966e-06 8.878963e-05)
(2.6283668e-06 1.337282e-06 8.4649683e-05)
(3.3760959e-06 1.7609506e-06 4.4977156e-05)
(2.9966477e-06 1.9569281e-06 6.4168621e-05)
(3.2014529e-06 1.6558857e-06 6.1167051e-05)
(3.2710473e-06 2.157444e-06 2.5583202e-05)
(3.494785e-06 1.8343299e-06 2.4371582e-05)
(2.559024e-06 2.0629716e-06 7.6480545e-05)
(2.2937199e-06 1.8402348e-06 8.4633682e-05)
(2.0759207e-06 2.0591314e-06 8.8781044e-05)
(2.9451465e-06 2.3900979e-06 4.4970951e-05)
(2.7926751e-06 2.257509e-06 6.1157759e-05)
(2.5322478e-06 2.5187002e-06 6.416364e-05)
(3.0485889e-06 2.4808802e-06 2.4368408e-05)
(2.7687867e-06 2.7603109e-06 2.5581528e-05)
(2.5596626e-06 -2.0621635e-06 6.9302113e-05)
(2.4616938e-06 -1.5880868e-06 8.0470815e-05)
(2.2961218e-06 -1.8393178e-06 7.6305047e-05)
(2.0771338e-06 -2.0579402e-06 8.0471837e-05)
(2.9458434e-06 -2.3894057e-06 4.0728075e-05)
(2.9977285e-06 -1.9561134e-06 5.8139324e-05)
(2.7952083e-06 -2.2571374e-06 5.5120894e-05)
(2.5334249e-06 -2.5175787e-06 5.8141374e-05)
(3.2725566e-06 -2.1572603e-06 2.315005e-05)
(3.0506759e-06 -2.480869e-06 2.1932305e-05)
(2.7701926e-06 -2.7599559e-06 2.3150749e-05)
(2.9344261e-06 -1.5062661e-06 6.9321555e-05)
(2.7393341e-06 -1.0706089e-06 8.049837e-05)
(2.6318021e-06 -1.3353762e-06 7.6328327e-05)
(3.3775198e-06 -1.760144e-06 4.0738977e-05)
(3.3415168e-06 -1.331039e-06 5.8157087e-05)
(3.2051315e-06 -1.6547495e-06 5.5136876e-05)
(3.6519821e-06 -1.4795513e-06 2.3156238e-05)
(3.4979855e-06 -1.8340391e-06 2.1937793e-05)
(3.185236e-06 -9.1288393e-07 6.9345653e-05)
(2.9025589e-06 -5.3663524e-07 8.0523697e-05)
(2.8515943e-06 -8.0396291e-07 7.6358882e-05)
(3.6755926e-06 -1.076167e-06 4.0751849e-05)
(3.550334e-06 -6.7240787e-07 5.8172522e-05)
(3.4837588e-06 -1.0066619e-06 5.5155711e-05)
(3.8883184e-06 -7.5227439e-07 2.3161652e-05)
(3.8110017e-06 -1.1253927e-06 2.1944582e-05)
(3.3094754e-06 -3.0547427e-07 6.9360575e-05)
(2.9559506e-06 -5.0943025e-10 8.0534355e-05)
(2.9581882e-06 -2.680306e-07 7.6378019e-05)
(3.8272594e-06 -3.619983e-07 4.0759633e-05)
(3.6201165e-06 -3.4228068e-10 5.8179026e-05)
(3.6235137e-06 -3.3767348e-07 5.5167338e-05)
(3.9685667e-06 -1.0123633e-10 2.316388e-05)
(3.9719941e-06 -3.7938826e-07 2.1948633e-05)
(3.3095321e-06 3.0463296e-07 6.9362111e-05)
(2.9027067e-06 5.3562159e-07 8.0528185e-05)
(2.9582742e-06 2.6683069e-07 7.6379777e-05)
(3.827297e-06 3.6156152e-07 4.0760474e-05)
(3.5504394e-06 6.7170849e-07 5.8175566e-05)
(3.6235716e-06 3.3687261e-07 5.5168538e-05)
(3.8883745e-06 7.5206489e-07 2.3162709e-05)
(3.972018e-06 3.7915633e-07 2.1949059e-05)
(3.1854415e-06 9.1197684e-07 6.9351647e-05)
(2.7395903e-06 1.0696936e-06 8.0510421e-05)
(2.8518711e-06 8.0278381e-07 7.6365747e-05)
(3.6757288e-06 1.0756651e-06 4.0755117e-05)
(3.341711e-06 1.3303563e-06 5.8165212e-05)
(3.4839469e-06 1.0058278e-06 5.5160383e-05)
(3.6521083e-06 1.4793359e-06 2.3159114e-05)
(3.8110933e-06 1.1251376e-06 2.1946223e-05)
(2.9346002e-06 1.5057902e-06 6.9335709e-05)
(2.4621787e-06 1.587468e-06 8.0491889e-05)
(2.6320484e-06 1.3347199e-06 7.6344626e-05)
(3.3776571e-06 1.7599071e-06 4.0746722e-05)
(2.9980397e-06 1.9556246e-06 5.815435e-05)
(3.2052953e-06 1.6542467e-06 5.5147892e-05)
(3.2727125e-06 2.1571877e-06 2.3155329e-05)
(3.4980999e-06 1.8339296e-06 2.1941773e-05)
(2.5601908e-06 2.0617042e-06 6.9324e-05)
(2.2964934e-06 1.8391636e-06 7.6329074e-05)
(2.0768263e-06 2.0582764e-06 8.0483574e-05)
(2.9460917e-06 2.3892408e-06 4.074066e-05)
(2.7953629e-06 2.2569712e-06 5.5138719e-05)
(2.5329508e-06 2.5179238e-06 5.814947e-05)
(3.0507406e-06 2.4809788e-06 2.1938536e-05)
(2.7698214e-06 2.7603573e-06 2.3153666e-05)
(2.5644829e-06 -2.06122e-06 6.2138843e-05)
(2.4668376e-06 -1.5857122e-06 7.2164529e-05)
(2.2989029e-06 -1.8384626e-06 6.7993262e-05)
(2.0804782e-06 -2.0580453e-06 7.2164832e-05)
(2.9501094e-06 -2.3896242e-06 3.649443e-05)
(3.0031194e-06 -1.9550157e-06 5.211947e-05)
(2.798062e-06 -2.2568574e-06 4.9096866e-05)
(2.536778e-06 -2.5185278e-06 5.2120944e-05)
(3.2764455e-06 -2.1571375e-06 2.0719958e-05)
(3.0531027e-06 -2.4811678e-06 1.9500184e-05)
(2.7723987e-06 -2.7609644e-06 2.0720421e-05)
(2.9401156e-06 -1.5039595e-06 6.2157201e-05)
(2.7446777e-06 -1.0672628e-06 7.2190618e-05)
(2.6354917e-06 -1.3331282e-06 6.8014517e-05)
(3.3832669e-06 -1.7593642e-06 3.6504839e-05)
(3.34792e-06 -1.3290554e-06 5.2136349e-05)
(3.209274e-06 -1.6534236e-06 4.9111439e-05)
(3.657388e-06 -1.4789554e-06 2.0725909e-05)
(3.5018864e-06 -1.8338352e-06 1.9505231e-05)
(3.1912284e-06 -9.1021166e-07 6.218012e-05)
(2.9074411e-06 -5.3429603e-07 7.2214692e-05)
(2.8552959e-06 -8.0161394e-07 6.8042248e-05)
(3.6825469e-06 -1.0750239e-06 3.6517218e-05)
(3.5571258e-06 -6.7098974e-07 5.215111e-05)
(3.4886318e-06 -1.0052377e-06 4.9128457e-05)
(3.8948048e-06 -7.5186482e-07 2.0731143e-05)
(3.8162481e-06 -1.1251231e-06 1.9511315e-05)
(3.3151968e-06 -3.0446228e-07 6.2194383e-05)
(2.9605176e-06 -7.0733848e-10 7.2224797e-05)
(2.9615129e-06 -2.6706221e-07 6.8059646e-05)
(3.8346958e-06 -3.615741e-07 3.6524781e-05)
(3.6269696e-06 -4.7437089e-10 5.2157315e-05)
(3.6285755e-06 -3.3709555e-07 4.9138957e-05)
(3.9754453e-06 -1.389808e-10 2.0733309e-05)
(3.977961e-06 -3.7929323e-07 1.9514938e-05)
(3.3152854e-06 3.0330279e-07 6.2195763e-05)
(2.9076516e-06 5.3295179e-07 7.2218732e-05)
(2.9616061e-06 2.6580084e-07 6.8061165e-05)
(3.834748e-06 3.6097597e-07 3.6525537e-05)
(3.5572622e-06 6.7007503e-07 5.2153854e-05)
(3.628639e-06 3.3624592e-07 4.9139986e-05)
(3.8948614e-06 7.5160123e-07 2.0732096e-05)
(3.9779859e-06 3.7903914e-07 1.951529e-05)
(3.1914883e-06 9.0910554e-07 6.2185522e-05)
(2.7449962e-06 1.066216e-06 7.2201501e-05)
(2.8555877e-06 8.0038964e-07 6.8048219e-05)
(3.6827009e-06 1.0744367e-06 3.6520166e-05)
(3.3481219e-06 1.3282943e-06 5.2143704e-05)
(3.488832e-06 1.0043689e-06 4.9132491e-05)
(3.6574935e-06 1.4787442e-06 2.0728517e-05)
(3.8163411e-06 1.1248527e-06 1.9512691e-05)
(2.9403641e-06 1.503283e-06 6.2170012e-05)
(2.4670455e-06 1.5854066e-06 7.2183531e-05)
(2.6357509e-06 1.3324416e-06 6.8028765e-05)
(3.3834274e-06 1.7589971e-06 3.6511865e-05)
(3.0032183e-06 1.9546975e-06 5.2133059e-05)
(3.2094497e-06 1.6528973e-06 4.9121014e-05)
(3.2765412e-06 2.157102e-06 2.0724744e-05)
(3.5019991e-06 1.8337144e-06 1.9508615e-05)
(2.5644698e-06 2.0613498e-06 6.215857e-05)
(2.2992315e-06 1.8383437e-06 6.8014451e-05)
(2.0797004e-06 2.0588418e-06 7.217543e-05)
(2.950079e-06 2.3897299e-06 3.6505801e-05)
(2.7981876e-06 2.2567182e-06 4.9112589e-05)
(2.5360589e-06 2.5191309e-06 5.2128244e-05)
(3.0531509e-06 2.4812872e-06 1.9505643e-05)
(2.772031e-06 2.7613657e-06 2.0723041e-05)
(2.5653436e-06 -2.0610661e-06 5.4962877e-05)
(2.4681977e-06 -1.5849166e-06 6.3842884e-05)
(2.2987673e-06 -1.8376597e-06 5.967916e-05)
(2.0809054e-06 -2.0580097e-06 6.384328e-05)
(2.9508924e-06 -2.38923e-06 3.2252783e-05)
(3.0047599e-06 -1.9544503e-06 4.6088267e-05)
(2.7980155e-06 -2.2561231e-06 4.3071359e-05)
(2.537484e-06 -2.5185312e-06 4.6089691e-05)
(3.2789106e-06 -2.1573157e-06 1.8284862e-05)
(3.0530814e-06 -2.480501e-06 1.706758e-05)
(2.7738223e-06 -2.7615213e-06 1.8285312e-05)
(2.9423331e-06 -1.5027323e-06 5.4978921e-05)
(2.7467547e-06 -1.0659184e-06 6.3865834e-05)
(2.6356888e-06 -1.3321363e-06 5.9697269e-05)
(3.3853316e-06 -1.7584843e-06 3.2261905e-05)
(3.3505645e-06 -1.328206e-06 4.6103055e-05)
(3.2097196e-06 -1.6526214e-06 4.3083749e-05)
(3.6611518e-06 -1.4790234e-06 1.8290098e-05)
(3.5024771e-06 -1.8332622e-06 1.707187e-05)
(3.193928e-06 -9.0914646e-07 5.499905e-05)
(2.9095888e-06 -5.3326479e-07 6.3887044e-05)
(2.8555924e-06 -8.0083068e-07 5.9721307e-05)
(3.6854875e-06 -1.0744e-06 3.2272833e-05)
(3.5602761e-06 -6.7036157e-07 4.6115979e-05)
(3.4894545e-06 -1.0046588e-06 4.3098497e-05)
(3.8995365e-06 -7.5188536e-07 1.8294689e-05)
(3.8174771e-06 -1.1247906e-06 1.7077219e-05)
(3.3180126e-06 -3.0394287e-07 5.5011523e-05)
(2.9626013e-06 -5.7305884e-10 6.3895942e-05)
(2.9618031e-06 -2.6676513e-07 5.9736352e-05)
(3.8380575e-06 -3.613007e-07 3.2279398e-05)
(3.6302444e-06 -3.9307719e-10 4.6121391e-05)
(3.6295812e-06 -3.3688402e-07 4.3107542e-05)
(3.9805015e-06 -1.2459182e-10 1.8296559e-05)
(3.9795545e-06 -3.7918809e-07 1.7080357e-05)
(3.3180826e-06 3.0299139e-07 5.5012742e-05)
(2.909761e-06 5.3213806e-07 6.389061e-05)
(2.9618985e-06 2.6547095e-07 5.9737729e-05)
(3.8381036e-06 3.6079306e-07 3.2280067e-05)
(3.5604007e-06 6.6957245e-07 4.6118404e-05)
(3.6296464e-06 3.3601525e-07 4.3108487e-05)
(3.8995959e-06 7.5163441e-07 1.8295535e-05)
(3.9795802e-06 3.7893172e-07 1.7080697e-05)
(3.1941622e-06 9.0815999e-07 5.5003822e-05)
(2.7470403e-06 1.064929e-06 6.3875437e-05)
(2.8558962e-06 7.9956227e-07 5.9726701e-05)
(3.6856424e-06 1.0738496e-06 3.2275442e-05)
(3.3507828e-06 1.3274662e-06 4.6109553e-05)
(3.4896636e-06 1.0037624e-06 4.3102186e-05)
(3.6612773e-06 1.4787824e-06 1.8292409e-05)
(3.8175734e-06 1.1245149e-06 1.7078533e-05)
(2.9425341e-06 1.5022036e-06 5.4990226e-05)
(2.468652e-06 1.5843077e-06 6.3859628e-05)
(2.6359604e-06 1.3314206e-06 5.9710089e-05)
(3.3854868e-06 1.7582166e-06 3.2268115e-05)
(3.005052e-06 1.9539694e-06 4.6100257e-05)
(3.2099036e-06 1.6520858e-06 4.3092462e-05)
(3.279046e-06 2.1572447e-06 1.8289099e-05)
(3.5025901e-06 1.8331499e-06 1.7075052e-05)
(2.565802e-06 2.0606708e-06 5.4980259e-05)
(2.2991987e-06 1.8374199e-06 5.9697926e-05)
(2.0805404e-06 2.0584002e-06 6.3852558e-05)
(2.9511024e-06 2.3891077e-06 3.2262821e-05)
(2.7982054e-06 2.2559147e-06 4.3085362e-05)
(2.5369759e-06 2.5189245e-06 4.6096094e-05)
(3.0531382e-06 2.4806127e-06 1.707253e-05)
(2.7734294e-06 2.7619387e-06 1.828763e-05)
(2.5642324e-06 -2.0596269e-06 4.7797548e-05)
(2.4668931e-06 -1.5839269e-06 5.55333e-05)
(2.2942317e-06 -1.8356769e-06 5.1370467e-05)
(2.0799624e-06 -2.056566e-06 5.5534083e-05)
(2.9498267e-06 -2.3880466e-06 2.8017341e-05)
(3.0035135e-06 -1.9534848e-06 4.0065755e-05)
(2.7939689e-06 -2.2542003e-06 3.70485e-05)
(2.5364187e-06 -2.5171844e-06 4.006735e-05)
(3.2770104e-06 -2.1559037e-06 1.5852972e-05)
(3.0492793e-06 -2.4781668e-06 1.4634563e-05)
(2.7720729e-06 -2.7597223e-06 1.5853495e-05)
(2.9407038e-06 -1.5021364e-06 4.7810828e-05)
(2.7451645e-06 -1.0655039e-06 5.5552447e-05)
(2.630308e-06 -1.3315536e-06 5.1385044e-05)
(3.3840438e-06 -1.7578497e-06 2.8024925e-05)
(3.349182e-06 -1.327686e-06 4.0078042e-05)
(3.2048076e-06 -1.6518257e-06 3.7058473e-05)
(3.6592032e-06 -1.4780593e-06 1.5857311e-05)
(3.4978269e-06 -1.8317858e-06 1.4637983e-05)
(3.1923208e-06 -9.088415e-07 4.7827612e-05)
(2.908028e-06 -5.3320722e-07 5.5570191e-05)
(2.8500235e-06 -8.0100595e-07 5.1404508e-05)
(3.6843061e-06 -1.0740232e-06 2.8034004e-05)
(3.5589541e-06 -6.7019058e-07 4.0088774e-05)
(3.4841569e-06 -1.004525e-06 3.7070267e-05)
(3.8976284e-06 -7.5141865e-07 1.5861091e-05)
(3.8122583e-06 -1.1239953e-06 1.4642175e-05)
(3.3164819e-06 -3.0395266e-07 4.7837965e-05)
(2.9610979e-06 -7.4090801e-10 5.5577637e-05)
(2.956398e-06 -2.6695517e-07 5.1416602e-05)
(3.8369977e-06 -3.6122791e-07 2.8039439e-05)
(3.6289807e-06 -4.9420417e-10 4.0093272e-05)
(3.6242648e-06 -3.369194e-07 3.7077422e-05)
(3.9786325e-06 -1.4174144e-10 1.5862637e-05)
(3.9741307e-06 -3.789364e-07 1.4644571e-05)
(3.3165742e-06 3.027412e-07 4.7839014e-05)
(2.9082511e-06 5.3178822e-07 5.5573277e-05)
(2.9564984e-06 2.6559375e-07 5.1417751e-05)
(3.8370518e-06 3.6060821e-07 2.8040016e-05)
(3.5591005e-06 6.6923131e-07 4.0090875e-05)
(3.6243322e-06 3.3601497e-07 3.7078201e-05)
(3.8976889e-06 7.5114874e-07 1.5861828e-05)
(3.9741568e-06 3.7868006e-07 1.464484e-05)
(3.1926008e-06 9.0766334e-07 4.7831748e-05)
(2.7455147e-06 1.0643598e-06 5.5560794e-05)
(2.8503427e-06 7.9967336e-07 5.1409063e-05)
(3.6844703e-06 1.0734023e-06 2.8036271e-05)
(3.349409e-06 1.3268671e-06 4.0083706e-05)
(3.4843719e-06 1.0035947e-06 3.7073354e-05)
(3.6593177e-06 1.4778383e-06 1.5859339e-05)
(3.8123555e-06 1.1237213e-06 1.4643235e-05)
(2.9409745e-06 1.5014223e-06 4.7820684e-05)
(2.4672227e-06 1.5834568e-06 5.5547823e-05)
(2.6306052e-06 1.3307842e-06 5.1395977e-05)
(3.3842125e-06 1.7574816e-06 2.8030359e-05)
(3.0036917e-06 1.9530766e-06 4.0076192e-05)
(3.2049991e-06 1.6512604e-06 3.706587e-05)
(3.2771192e-06 2.1558626e-06 1.585668e-05)
(3.4979421e-06 1.8316762e-06 1.4640625e-05)
(2.5643882e-06 2.059568e-06 4.7812611e-05)
(2.294698e-06 1.8354041e-06 5.1386514e-05)
(2.079327e-06 2.057229e-06 5.5542161e-05)
(2.9498706e-06 2.388076e-06 2.802607e-05)
(2.7941773e-06 2.2539625e-06 3.70605e-05)
(2.5357587e-06 2.5177191e-06 4.0072919e-05)
(3.0493461e-06 2.4782739e-06 1.4638765e-05)
(2.7716806e-06 2.7601416e-06 1.5855511e-05)
(2.5567509e-06 -2.057152e-06 4.0634703e-05)
(2.4582929e-06 -1.5823771e-06 4.7226725e-05)
(2.2867134e-06 -1.8333855e-06 4.307255e-05)
(2.0731792e-06 -2.0526091e-06 4.722827e-05)
(2.9428566e-06 -2.3848224e-06 2.3782841e-05)
(2.9958008e-06 -1.9517484e-06 3.4044879e-05)
(2.7866675e-06 -2.2513843e-06 3.1033971e-05)
(2.5305377e-06 -2.5134515e-06 3.4046943e-05)
(3.2704502e-06 -2.1535196e-06 1.3421549e-05)
(3.042587e-06 -2.4746267e-06 1.2206903e-05)
(2.7671378e-06 -2.7559052e-06 1.3422307e-05)
(2.9320336e-06 -1.5013504e-06 4.0644929e-05)
(2.735813e-06 -1.0655559e-06 4.7241707e-05)
(2.6214133e-06 -1.3316044e-06 4.3083794e-05)
(3.3755107e-06 -1.7560779e-06 2.3788626e-05)
(3.340351e-06 -1.3273096e-06 3.4054436e-05)
(3.1957743e-06 -1.650976e-06 3.1041709e-05)
(3.6512745e-06 -1.4767755e-06 1.3424879e-05)
(3.4892403e-06 -1.8296545e-06 1.2209525e-05)
(3.1830594e-06 -9.0918737e-07 4.0658118e-05)
(2.8986339e-06 -5.3366697e-07 4.7255667e-05)
(2.8408e-06 -8.0208471e-07 4.3099271e-05)
(3.6746359e-06 -1.0733725e-06 2.3795713e-05)
(3.5496667e-06 -6.7028895e-07 3.406278e-05)
(3.474125e-06 -1.0046923e-06 3.105106e-05)
(3.8888924e-06 -7.5085329e-07 1.3427779e-05)
(3.8020956e-06 -1.1228787e-06 1.2212852e-05)
(3.3072928e-06 -3.0416846e-07 4.0666134e-05)
(2.9518227e-06 -6.4289029e-10 4.7261536e-05)
(2.947368e-06 -2.6750747e-07 4.3108797e-05)
(3.826941e-06 -3.6104868e-07 2.3799851e-05)
(3.6196235e-06 -4.309096e-10 3.4066276e-05)
(3.6139078e-06 -3.3709275e-07 3.1056651e-05)
(3.9696558e-06 -1.259371e-10 1.342894e-05)
(3.9631476e-06 -3.7858013e-07 1.2214712e-05)
(3.3073701e-06 3.0311408e-07 4.066704e-05)
(2.8988271e-06 5.3241016e-07 4.7258344e-05)
(2.9474621e-06 2.6622e-07 4.3109765e-05)
(3.8269886e-06 3.605051e-07 2.3800346e-05)
(3.5497992e-06 6.6943175e-07 3.4064598e-05)
(3.6139718e-06 3.3623353e-07 3.1057308e-05)
(3.8889529e-06 7.5060484e-07 1.3428407e-05)
(3.9631726e-06 3.7833067e-07 1.221494e-05)
(3.1833149e-06 9.0810286e-07 4.0661708e-05)
(2.7361351e-06 1.0644648e-06 4.7248983e-05)
(2.8410988e-06 8.0082752e-07 4.3103147e-05)
(3.6747926e-06 1.0727883e-06 2.3797671e-05)
(3.3405775e-06 1.3265198e-06 3.405938e-05)
(3.4743301e-06 1.0038083e-06 3.1053692e-05)
(3.6513998e-06 1.4765466e-06 1.3426636e-05)
(3.8021898e-06 1.1226104e-06 1.2213761e-05)
(2.9322659e-06 1.5007373e-06 4.0653543e-05)
(2.4587949e-06 1.5817044e-06 4.7239329e-05)
(2.6216737e-06 1.3309107e-06 4.3093216e-05)
(3.3756653e-06 1.7557775e-06 2.3793378e-05)
(2.9961077e-06 1.9512263e-06 3.4053974e-05)
(3.19595e-06 1.6504629e-06 3.1048134e-05)
(3.2705922e-06 2.1534553e-06 1.3424773e-05)
(3.489348e-06 1.8295548e-06 1.221185e-05)
(2.55726e-06 2.056692e-06 4.0647754e-05)
(2.2871973e-06 1.833105e-06 4.3086163e-05)
(2.0729087e-06 2.0529077e-06 4.7235335e-05)
(2.9430825e-06 2.3846556e-06 2.3790424e-05)
(2.7868936e-06 2.2511531e-06 3.1044233e-05)
(2.5300963e-06 2.5137646e-06 3.4051786e-05)
(3.04265e-06 2.4747378e-06 1.2210516e-05)
(2.7667752e-06 2.7562896e-06 1.3424033e-05)
(2.5492211e-06 -2.0543626e-06 3.3458617e-05)
(2.450299e-06 -1.5817075e-06 3.8908172e-05)
(2.2923957e-06 -1.8415931e-06 3.4797802e-05)
(2.0673689e-06 -2.0491746e-06 3.8909835e-05)
(2.9345554e-06 -2.3806488e-06 1.9535797e-05)
(2.9870835e-06 -1.9498771e-06 2.8010603e-05)
(2.7961946e-06 -2.2621897e-06 2.5029113e-05)
(2.5241396e-06 -2.5091511e-06 2.8012632e-05)
(3.2616919e-06 -2.1502811e-06 1.0981188e-05)
(3.0514444e-06 -2.4838941e-06 9.7748242e-06)
(2.7605559e-06 -2.7508786e-06 1.0981934e-05)
(2.9225515e-06 -1.5012178e-06 3.3466677e-05)
(2.7268693e-06 -1.0666986e-06 3.8920032e-05)
(2.6276293e-06 -1.3390367e-06 3.4806867e-05)
(3.3649245e-06 -1.7540758e-06 1.9540401e-05)
(3.3300296e-06 -1.3270914e-06 2.8018224e-05)
(3.2061036e-06 -1.6599069e-06 2.5035533e-05)
(3.6404184e-06 -1.4748819e-06 1.0983852e-05)
(3.4986049e-06 -1.836841e-06 9.7771186e-06)
(3.1728173e-06 -9.1001234e-07 3.3477216e-05)
(2.8896263e-06 -5.348713e-07 3.8931153e-05)
(2.8478072e-06 -8.0736479e-07 3.4819531e-05)
(3.6624129e-06 -1.0725657e-06 1.9545997e-05)
(3.5385089e-06 -6.7057341e-07 2.8024874e-05)
(3.4850952e-06 -1.0106233e-06 2.5043322e-05)
(3.8764696e-06 -7.4998203e-07 1.0986162e-05)
(3.8114869e-06 -1.1273771e-06 9.779983e-06)
(3.2968331e-06 -3.0465253e-07 3.3483584e-05)
(2.9428926e-06 -6.6319942e-10 3.8935808e-05)
(2.954917e-06 -2.6946462e-07 3.4827244e-05)
(3.8138322e-06 -3.6086788e-07 1.9549267e-05)
(3.6082162e-06 -4.4576963e-10 2.8027645e-05)
(3.6252119e-06 -3.3920368e-07 2.504792e-05)
(3.9566595e-06 -1.3291271e-10 1.09871e-05)
(3.972402e-06 -3.8011879e-07 9.7815951e-06)
(3.2969154e-06 3.035602e-07 3.3484293e-05)
(2.8898223e-06 5.3360225e-07 3.8933301e-05)
(2.9550253e-06 2.6803115e-07 3.4828009e-05)
(3.8138821e-06 3.6030055e-07 1.9549651e-05)
(3.5386418e-06 6.6970615e-07 2.8026327e-05)
(3.6252875e-06 3.382365e-07 2.5048433e-05)
(3.8765259e-06 7.4972509e-07 1.098666e-05)
(3.972432e-06 3.7981807e-07 9.7817689e-06)
(3.1730667e-06 9.0895584e-07 3.3480107e-05)
(2.7271718e-06 1.0656802e-06 3.8926006e-05)
(2.8481399e-06 8.0597018e-07 3.4822684e-05)
(3.6625669e-06 1.0719979e-06 1.9547567e-05)
(3.33024e-06 1.3263488e-06 2.8022294e-05)
(3.4853315e-06 1.0096365e-06 2.5045457e-05)
(3.640528e-06 1.4746634e-06 1.09853e-05)
(3.8115958e-06 1.127059e-06 9.7807088e-06)
(2.9227723e-06 1.5006331e-06 3.3473817e-05)
(2.4506331e-06 1.5812681e-06 3.8918568e-05)
(2.6278913e-06 1.3382521e-06 3.4814737e-05)
(3.3650779e-06 1.7537743e-06 1.9544355e-05)
(2.9872835e-06 1.9494975e-06 2.8018164e-05)
(3.2062995e-06 1.6593198e-06 2.5040933e-05)
(3.2618011e-06 2.1502364e-06 1.0983881e-05)
(3.4987291e-06 1.8366983e-06 9.7790724e-06)
(2.5494168e-06 2.0543063e-06 3.3469404e-05)
(2.2926951e-06 1.8414202e-06 3.480916e-05)
(2.0666735e-06 2.0498869e-06 3.8915645e-05)
(2.9346216e-06 2.3806955e-06 1.9542109e-05)
(2.79631e-06 2.2620303e-06 2.5037789e-05)
(2.5234231e-06 2.5097507e-06 2.8016583e-05)
(3.0514845e-06 2.4840201e-06 9.777913e-06)
(2.7601136e-06 2.7513498e-06 1.0983317e-05)
(2.5732017e-06 -2.0771845e-06 2.6472839e-05)
(2.4707473e-06 -1.5984608e-06 3.0799428e-05)
(2.3283139e-06 -1.8743058e-06 2.6375225e-05)
(2.0844971e-06 -2.0697377e-06 3.0801214e-05)
(2.9620506e-06 -2.405566e-06 1.5421487e-05)
(3.015828e-06 -1.9716604e-06 2.2148467e-05)
(2.8321699e-06 -2.2943803e-06 1.8966488e-05)
(2.5485019e-06 -2.5363768e-06 2.2150487e-05)
(3.2886834e-06 -2.170015e-06 8.6327275e-06)
(3.0903588e-06 -2.5174871e-06 7.382151e-06)
(2.7836381e-06 -2.7758612e-06 8.6334516e-06)
(2.9499715e-06 -1.518459e-06 2.6479575e-05)
(2.749673e-06 -1.0785809e-06 3.0809308e-05)
(2.669334e-06 -1.3636089e-06 2.638158e-05)
(3.3961254e-06 -1.7726959e-06 1.5425464e-05)
(3.3618566e-06 -1.3422993e-06 2.215503e-05)
(3.2476748e-06 -1.6839555e-06 1.8970891e-05)
(3.6700517e-06 -1.4884932e-06 8.6351905e-06)
(3.5431961e-06 -1.8617962e-06 7.3837904e-06)
(3.202516e-06 -9.208478e-07 2.6488602e-05)
(2.9138779e-06 -5.4107265e-07 3.0818606e-05)
(2.8935506e-06 -8.2277794e-07 2.6390462e-05)
(3.6960031e-06 -1.0841138e-06 1.5430443e-05)
(3.5721696e-06 -6.784066e-07 2.2160769e-05)
(3.5304613e-06 -1.0256187e-06 1.8976378e-05)
(3.9075657e-06 -7.5691575e-07 8.6373397e-06)
(3.8598677e-06 -1.142821e-06 7.3859542e-06)
(3.3276627e-06 -3.0838613e-07 2.6493945e-05)
(2.9676422e-06 -7.8833068e-10 3.082247e-05)
(3.0027639e-06 -2.7472055e-07 2.6395934e-05)
(3.8485472e-06 -3.6480405e-07 1.5433277e-05)
(3.6424823e-06 -5.3873853e-10 2.2163133e-05)
(3.6724966e-06 -3.4429911e-07 1.8979706e-05)
(3.9882015e-06 -1.7718594e-10 8.6381958e-06)
(4.0226441e-06 -3.8534984e-07 7.3872733e-06)
(3.3277664e-06 3.0707785e-07 2.649456e-05)
(2.9141195e-06 5.3953334e-07 3.0820469e-05)
(3.0028591e-06 2.7343153e-07 2.6396474e-05)
(3.8486125e-06 3.6410115e-07 1.5433618e-05)
(3.5723451e-06 6.7733869e-07 2.2162049e-05)
(3.6725587e-06 3.4345695e-07 1.8980085e-05)
(3.9076459e-06 7.565662e-07 8.6377984e-06)
(4.0226666e-06 3.8512358e-07 7.3874237e-06)
(3.2028384e-06 9.1952354e-07 2.6491129e-05)
(2.750028e-06 1.077271e-06 3.0814539e-05)
(2.8938437e-06 8.2156345e-07 2.6392647e-05)
(3.6962095e-06 1.0833778e-06 1.5431843e-05)
(3.362131e-06 1.341342e-06 2.2158661e-05)
(3.5306541e-06 1.0247763e-06 1.897789e-05)
(3.6702055e-06 1.4881781e-06 8.6365308e-06)
(3.8599542e-06 1.1425768e-06 7.3865275e-06)
(2.9502285e-06 1.5176825e-06 2.6485899e-05)
(2.471076e-06 1.5977936e-06 3.0808485e-05)
(2.6696055e-06 1.3629764e-06 2.6386845e-05)
(3.3963248e-06 1.7722827e-06 1.542904e-05)
(3.0160508e-06 1.9711274e-06 2.2155186e-05)
(3.24785e-06 1.6834782e-06 1.8974501e-05)
(3.2888197e-06 2.1699216e-06 8.6352071e-06)
(3.5433068e-06 1.8617006e-06 7.3851507e-06)
(2.5734164e-06 2.0769049e-06 2.6482268e-05)
(2.3288604e-06 1.8740672e-06 2.6382772e-05)
(2.0838608e-06 2.0703677e-06 3.0806189e-05)
(2.9621576e-06 2.4054986e-06 1.542712e-05)
(2.8324652e-06 2.2941419e-06 1.897215e-05)
(2.5478418e-06 2.5369214e-06 2.2153906e-05)
(3.0904703e-06 2.5175659e-06 7.3841951e-06)
(2.7832341e-06 2.7762974e-06 8.634695e-06)
(2.617623e-06 -2.1164005e-06 1.8532877e-05)
(2.5257006e-06 -1.6374559e-06 2.1603754e-05)
(2.3300631e-06 -1.8787843e-06 1.807284e-05)
(2.1305038e-06 -2.1195857e-06 2.1603929e-05)
(3.0094471e-06 -2.4464358e-06 1.0714136e-05)
(3.06389e-06 -2.0055823e-06 1.5462692e-05)
(2.8567711e-06 -2.317093e-06 1.2858953e-05)
(2.5887024e-06 -2.5797972e-06 1.5462881e-05)
(3.3451149e-06 -2.2087665e-06 5.9153657e-06)
(3.1159464e-06 -2.5401843e-06 4.7782844e-06)
(2.8311543e-06 -2.8253579e-06 5.9152846e-06)
(3.0018431e-06 -1.5477088e-06 1.853632e-05)
(2.8118242e-06 -1.1056473e-06 2.1608914e-05)
(2.6704443e-06 -1.3687794e-06 1.8076832e-05)
(3.4510778e-06 -1.8030724e-06 1.0716111e-05)
(3.4161258e-06 -1.3657843e-06 1.5465892e-05)
(3.2749482e-06 -1.7022168e-06 1.2862599e-05)
(3.7332954e-06 -1.5152411e-06 5.9166127e-06)
(3.5719386e-06 -1.8792735e-06 4.7798636e-06)
(3.2595933e-06 -9.3910635e-07 1.8540763e-05)
(2.9805661e-06 -5.5502584e-07 2.1613739e-05)
(2.894837e-06 -8.2736985e-07 1.8083327e-05)
(3.7561581e-06 -1.1030018e-06 1.0718625e-05)
(3.6302638e-06 -6.9049702e-07 1.5468808e-05)
(3.5598564e-06 -1.0378768e-06 1.2867217e-05)
(3.9749907e-06 -7.7064307e-07 5.9178269e-06)
(3.8905681e-06 -1.1540065e-06 4.7819418e-06)
(3.3874502e-06 -3.1455924e-07 1.8543598e-05)
(3.0358731e-06 -5.115292e-10 2.1615752e-05)
(3.0046065e-06 -2.7689643e-07 1.8086407e-05)
(3.9113709e-06 -3.7119433e-07 1.0720278e-05)
(3.7018608e-06 -3.1366032e-10 1.5470047e-05)
(3.7031296e-06 -3.4886033e-07 1.2869203e-05)
(4.0570339e-06 -5.3599153e-11 5.9183645e-06)
(4.0541676e-06 -3.89268e-07 4.782723e-06)
(3.3875048e-06 3.1373632e-07 1.8543828e-05)
(2.9807051e-06 5.5409581e-07 2.1614456e-05)
(3.0048085e-06 2.7448118e-07 1.8086697e-05)
(3.9113979e-06 3.7082643e-07 1.0720408e-05)
(3.6303363e-06 6.899133e-07 1.5469288e-05)
(3.7032623e-06 3.4726823e-07 1.2869389e-05)
(3.9750151e-06 7.7054414e-07 5.9180055e-06)
(4.054213e-06 3.8881103e-07 4.7827842e-06)
(3.259756e-06 9.3837329e-07 1.8541729e-05)
(2.8120883e-06 1.1049735e-06 2.1610844e-05)
(2.8954463e-06 8.2496545e-07 1.8084956e-05)
(3.7562384e-06 1.1026501e-06 1.0719155e-05)
(3.4162664e-06 1.3653064e-06 1.5467131e-05)
(3.5602717e-06 1.036214e-06 1.286834e-05)
(3.7333662e-06 1.5151499e-06 5.9170456e-06)
(3.890734e-06 1.1534916e-06 4.7823269e-06)
(3.0020452e-06 1.5473821e-06 1.8538514e-05)
(2.5262636e-06 1.6371367e-06 2.1607122e-05)
(2.6709152e-06 1.3672139e-06 1.8082015e-05)
(3.4511786e-06 1.8029183e-06 1.0717253e-05)
(3.0642301e-06 2.0052597e-06 1.5464911e-05)
(3.2753094e-06 1.7010708e-06 1.2866429e-05)
(3.3452784e-06 2.2087266e-06 5.9160906e-06)
(3.5721382e-06 1.8789414e-06 4.7813882e-06)
(2.6182425e-06 2.1161967e-06 1.8536252e-05)
(2.3300769e-06 1.8782897e-06 1.8079876e-05)
(2.1302644e-06 2.1198546e-06 2.160577e-05)
(3.0097287e-06 2.4463261e-06 1.071594e-05)
(2.8567105e-06 2.316684e-06 1.2865025e-05)
(2.5883389e-06 2.5800174e-06 1.5464123e-05)
(3.115989e-06 2.5401878e-06 4.7806696e-06)
(2.8308708e-06 2.8256588e-06 5.9157227e-06)
(2.613909e-06 -2.1161588e-06 1.3616191e-05)
(2.4819824e-06 -1.6135834e-06 1.5817774e-05)
(2.2154932e-06 -1.787087e-06 8.9500129e-06)
(2.0946058e-06 -2.084483e-06 1.5821789e-05)
(3.0201864e-06 -2.4574911e-06 7.9422749e-06)
(3.0705417e-06 -2.014411e-06 1.1415174e-05)
(2.571916e-06 -2.0856035e-06 6.6663345e-06)
(2.5955853e-06 -2.5875538e-06 1.1419638e-05)
(3.3433374e-06 -2.2102845e-06 4.4203087e-06)
(2.8552584e-06 -2.3286102e-06 2.7848357e-06)
(2.8304307e-06 -2.8258974e-06 4.4221183e-06)
(2.9947064e-06 -1.550632e-06 1.3620738e-05)
(2.761292e-06 -1.0922221e-06 1.5824147e-05)
(2.5388834e-06 -1.3034657e-06 8.9482554e-06)
(3.461254e-06 -1.8132943e-06 7.9460297e-06)
(3.4216026e-06 -1.3741335e-06 1.1420893e-05)
(2.9478407e-06 -1.5320463e-06 6.6637215e-06)
(3.7297765e-06 -1.5173074e-06 4.4231975e-06)
(3.2719346e-06 -1.7230353e-06 2.7840668e-06)
(3.250951e-06 -9.4308287e-07 1.3627981e-05)
(2.9268089e-06 -5.4984198e-07 1.5829933e-05)
(2.7525012e-06 -7.8905391e-07 8.9448286e-06)
(3.7659567e-06 -1.1105379e-06 7.9510071e-06)
(3.6354686e-06 -6.9593086e-07 1.1425242e-05)
(3.2031414e-06 -9.3416014e-07 6.661182e-06)
(3.9700895e-06 -7.7213298e-07 4.4253286e-06)
(3.5618291e-06 -1.0581676e-06 2.7834695e-06)
(3.3785992e-06 -3.1694101e-07 1.3630582e-05)
(2.981438e-06 -1.9097502e-09 1.5831732e-05)
(2.8569614e-06 -2.646138e-07 8.9438766e-06)
(3.9208927e-06 -3.7428435e-07 7.9526112e-06)
(3.7071642e-06 -1.2862058e-09 1.1426468e-05)
(3.3308471e-06 -3.1423237e-07 6.6607467e-06)
(4.0515871e-06 -4.070153e-10 4.4258446e-06)
(3.7097319e-06 -3.5700097e-07 2.7837656e-06)
(3.3788805e-06 3.1375666e-07 1.363089e-05)
(2.9274661e-06 5.460316e-07 1.5831246e-05)
(2.8572407e-06 2.6156918e-07 8.9440561e-06)
(3.9210508e-06 3.7259565e-07 7.9527783e-06)
(3.6359307e-06 6.9332792e-07 1.1426168e-05)
(3.3310242e-06 3.122069e-07 6.6608975e-06)
(3.9702684e-06 7.7130052e-07 4.4256576e-06)
(3.709796e-06 3.5641226e-07 2.7838418e-06)
(3.2518106e-06 9.39748e-07 1.3629912e-05)
(2.7621666e-06 1.0887907e-06 1.5829259e-05)
(2.7533419e-06 7.8601382e-07 8.9447266e-06)
(3.766462e-06 1.1087042e-06 7.9520991e-06)
(3.4222819e-06 1.3716991e-06 1.1424794e-05)
(3.2037006e-06 9.3205852e-07 6.6611094e-06)
(3.7300944e-06 1.516496e-06 4.4247816e-06)
(3.5620561e-06 1.0575123e-06 2.7835012e-06)
(2.9953595e-06 1.5482592e-06 1.3627816e-05)
(2.4819331e-06 1.611806e-06 1.5826952e-05)
(2.5397091e-06 1.3012447e-06 8.9452672e-06)
(3.4617483e-06 1.8119818e-06 7.9504379e-06)
(3.0705474e-06 2.0131124e-06 1.1423113e-05)
(2.9484573e-06 1.5304365e-06 6.6611147e-06)
(3.3434397e-06 2.2099603e-06 4.4236201e-06)
(3.2722411e-06 1.7225383e-06 2.7828962e-06)
(2.6132209e-06 2.1154414e-06 1.3626219e-05)
(2.2153424e-06 1.7865283e-06 8.945676e-06)
(2.0934109e-06 2.0856112e-06 1.5826271e-05)
(3.0199456e-06 2.4572417e-06 7.9491469e-06)
(2.5717006e-06 2.0852396e-06 6.6611412e-06)
(2.5945915e-06 2.5883931e-06 1.1422611e-05)
(2.8553057e-06 2.3286145e-06 2.7824693e-06)
(2.8300891e-06 2.826269e-06 4.4231774e-06)
(1.9986793e-06 -1.6130387e-06 -2.4044458e-06)
(2.2495596e-06 -1.4600178e-06 -2.5052392e-06)
(1.2787753e-06 -1.0345042e-06 9.3504201e-06)
(1.8968289e-06 -1.8886238e-06 -2.5118108e-06)
(2.5491348e-06 -2.0732939e-06 -2.0242722e-06)
(2.4420207e-06 -1.597e-06 -2.3132602e-06)
(1.5686713e-06 -1.275633e-06 -8.5280845e-07)
(2.0621937e-06 -2.0561448e-06 -2.322622e-06)
(2.7817395e-06 -1.8389153e-06 -1.7402573e-06)
(1.7445764e-06 -1.4251229e-06 2.303048e-06)
(2.3551843e-06 -2.3519814e-06 -1.7445885e-06)
(2.2917344e-06 -1.1777878e-06 -2.4162693e-06)
(2.5044957e-06 -9.8788686e-07 -2.5204145e-06)
(1.4642037e-06 -7.5704002e-07 9.3874111e-06)
(2.9218301e-06 -1.5289364e-06 -2.0335244e-06)
(2.7212457e-06 -1.0870386e-06 -2.3269736e-06)
(1.7964921e-06 -9.3956542e-07 -8.5327356e-07)
(3.1015297e-06 -1.2617076e-06 -1.7466258e-06)
(1.9977682e-06 -1.0560404e-06 2.3270686e-06)
(2.4864751e-06 -7.1390622e-07 -2.4333451e-06)
(2.6549946e-06 -4.9736403e-07 -2.5339413e-06)
(1.5870347e-06 -4.5909885e-07 9.4286532e-06)
(3.1775951e-06 -9.3584183e-07 -2.0444128e-06)
(2.889436e-06 -5.4977478e-07 -2.3369728e-06)
(1.9509345e-06 -5.7384817e-07 -8.5136596e-07)
(3.2985419e-06 -6.4187324e-07 -1.7509521e-06)
(2.1734178e-06 -6.4921714e-07 2.3573296e-06)
(2.5817844e-06 -2.3949546e-07 -2.43981e-06)
(2.7043825e-06 -1.1163414e-09 -2.5378153e-06)
(1.6465824e-06 -1.5382659e-07 9.4539759e-06)
(3.3061832e-06 -3.1527427e-07 -2.0478888e-06)
(2.9452773e-06 -7.2252543e-10 -2.3395269e-06)
(2.0274699e-06 -1.9294277e-07 -8.4719399e-07)
(3.3648436e-06 -1.6917105e-10 -1.7517965e-06)
(2.262447e-06 -2.1902626e-07 2.3762179e-06)
(2.5819574e-06 2.3760685e-07 -2.4397786e-06)
(2.6554418e-06 4.9516849e-07 -2.5351341e-06)
(1.6466163e-06 1.5360761e-07 9.4541094e-06)
(3.3062675e-06 3.1433666e-07 -2.0478196e-06)
(2.8896966e-06 5.4831879e-07 -2.3377753e-06)
(2.0274601e-06 1.9296733e-07 -8.4704693e-07)
(3.2986457e-06 6.4150392e-07 -1.7511393e-06)
(2.2624279e-06 2.1928466e-07 2.3763257e-06)
(2.4870084e-06 7.1209434e-07 -2.4353728e-06)
(2.5053294e-06 9.8594778e-07 -2.5285087e-06)
(1.5870898e-06 4.5911691e-07 9.4279345e-06)
(3.1778711e-06 9.3490408e-07 -2.0454776e-06)
(2.7217697e-06 1.0856938e-06 -2.3334382e-06)
(1.9508756e-06 5.7402882e-07 -8.5173437e-07)
(3.1017592e-06 1.2613331e-06 -1.7492562e-06)
(2.1733589e-06 6.4950373e-07 2.3573655e-06)
(2.2925715e-06 1.1763549e-06 -2.4288044e-06)
(2.2503008e-06 1.4589793e-06 -2.5215873e-06)
(1.4646384e-06 7.5678261e-07 9.3806513e-06)
(2.9222708e-06 1.5281379e-06 -2.041591e-06)
(2.4424673e-06 1.5962465e-06 -2.3288233e-06)
(1.7965849e-06 9.3950668e-07 -8.5710482e-07)
(2.7820132e-06 1.8387137e-06 -1.7469571e-06)
(1.9977739e-06 1.0561772e-06 2.3254643e-06)
(1.9989875e-06 1.6128203e-06 -2.4238234e-06)
(1.2794302e-06 1.034589e-06 9.3408593e-06)
(1.8969326e-06 1.8887312e-06 -2.5182174e-06)
(2.5492855e-06 2.073246e-06 -2.0385528e-06)
(1.5690164e-06 1.2756856e-06 -8.6081186e-07)
(2.0620675e-06 2.0562486e-06 -2.3265451e-06)
(1.7447238e-06 1.4252194e-06 2.2996736e-06)
(2.3551061e-06 2.3521815e-06 -1.7458117e-06)
(8.0068198e-07 -6.5757433e-07 3.7300891e-05)
(5.3106582e-07 -3.5607258e-07 3.0060563e-05)
(4.527256e-07 -4.5404347e-07 3.0029854e-05)
(9.3677062e-08 -7.6946691e-08 1.1147046e-12)
(7.4551158e-07 -6.1212949e-07 1.511062e-05)
(9.8654088e-07 -6.6008089e-07 4.4763456e-05)
(8.3863575e-07 -8.4015732e-07 4.4663488e-05)
(1.8136566e-07 -1.4896583e-07 5.354006e-11)
(9.2214223e-07 -6.1632631e-07 -1.4850734e-05)
(7.8346436e-07 -7.8386955e-07 -1.482731e-05)
(1.6784029e-07 -1.3774288e-07 5.188901e-10)
(9.1341247e-07 -4.8902839e-07 3.7434512e-05)
(5.8853855e-07 -2.4462203e-07 3.0135563e-05)
(1.0657357e-07 -5.7167287e-08 1.5407381e-12)
(8.5084444e-07 -4.5501877e-07 1.5188128e-05)
(1.0969607e-06 -4.5486706e-07 4.4988795e-05)
(2.0712115e-07 -1.1082668e-07 5.3527895e-11)
(1.026752e-06 -4.2520802e-07 -1.4899439e-05)
(1.9185673e-07 -1.0252743e-07 5.1966709e-10)
(9.9040904e-07 -3.0043355e-07 3.7600598e-05)
(6.2263893e-07 -1.2400259e-07 3.0198115e-05)
(1.1522901e-07 -3.495002e-08 2.2713139e-12)
(9.2301011e-07 -2.7991468e-07 1.5288324e-05)
(1.1641006e-06 -2.3170349e-07 4.518831e-05)
(2.247786e-07 -6.8188537e-08 5.3637553e-11)
(1.0914634e-06 -2.1699279e-07 -1.4934977e-05)
(2.0858275e-07 -6.3240789e-08 5.2040653e-10)
(1.0284691e-06 -1.0096619e-07 3.7696019e-05)
(6.3360093e-07 9.4933634e-10 3.0219353e-05)
(1.1933939e-07 -1.1677909e-08 2.9766125e-12)
(9.5899324e-07 -9.4216241e-08 1.5352586e-05)
(1.186294e-06 8.0042299e-10 4.5262764e-05)
(2.3351595e-07 -2.2943093e-08 5.3826582e-11)
(1.113205e-06 4.6281809e-10 -1.4945091e-05)
(2.170689e-07 -2.1341419e-08 5.2059022e-10)
(1.0283143e-06 1.0265378e-07 3.7696075e-05)
(6.2227948e-07 1.2599295e-07 3.0198265e-05)
(1.1930786e-07 1.2044002e-08 2.9714533e-12)
(9.5886614e-07 9.5429553e-08 1.5352649e-05)
(1.1637689e-06 2.3337524e-07 4.518853e-05)
(2.3348661e-07 2.3250505e-08 5.382662e-11)
(1.0912785e-06 2.1792006e-07 -1.4934863e-05)
(2.1705191e-07 2.1518165e-08 5.205907e-10)
(9.8986585e-07 3.0243547e-07 3.7600912e-05)
(5.8813199e-07 2.4650212e-07 3.0137698e-05)
(1.1511558e-07 3.5385308e-08 2.2497437e-12)
(9.225815e-07 2.8130348e-07 1.5288595e-05)
(1.0964121e-06 4.5648398e-07 4.4990051e-05)
(2.2467479e-07 6.8552001e-08 5.3634339e-11)
(1.0264327e-06 4.2608923e-07 -1.4899031e-05)
(2.0852601e-07 6.3434036e-08 5.2040953e-10)
(9.1307448e-07 4.9012013e-07 3.7437601e-05)
(5.3143521e-07 3.5695427e-07 3.0064637e-05)
(1.0655621e-07 5.7399932e-08 1.4026553e-12)
(8.504295e-07 4.5584925e-07 1.5189521e-05)
(9.8656486e-07 6.607901e-07 4.476581e-05)
(2.0703155e-07 1.1104558e-07 5.3511085e-11)
(9.2207748e-07 6.1667229e-07 -1.4850043e-05)
(1.9180101e-07 1.0265041e-07 5.1968376e-10)
(8.0131981e-07 6.5788914e-07 3.7304254e-05)
(4.5430903e-07 4.5248098e-07 3.0030787e-05)
(9.3850649e-08 7.7044359e-08 8.5539218e-13)
(7.4571692e-07 6.1221467e-07 1.5112273e-05)
(8.3991696e-07 8.3892207e-07 4.4664084e-05)
(1.8147365e-07 1.4901537e-07 5.3489826e-11)
(7.8391887e-07 7.8343077e-07 -1.4827045e-05)
(1.6786382e-07 1.3776821e-07 5.1895091e-10)
(1.3504454e-06 1.6733476e-06 0.00020790044)
(1.2840594e-06 1.9756684e-06 0.00023985085)
(1.6570672e-06 2.0415064e-06 0.00023437795)
(1.3021823e-06 1.6088756e-06 0.00012409535)
(9.3029799e-07 1.4493206e-06 0.00017555012)
(1.3618605e-06 1.6846954e-06 0.00017089021)
(1.3672618e-06 2.0747849e-06 7.1174814e-05)
(1.7405248e-06 2.1337448e-06 6.912688e-05)
(9.7600544e-07 1.9156667e-06 0.00020792553)
(8.6414007e-07 2.2156345e-06 0.00023988397)
(1.2136116e-06 2.3487319e-06 0.00023441244)
(9.5059526e-07 1.8420908e-06 0.00012411589)
(6.1248745e-07 1.5870147e-06 0.00017557678)
(9.8408783e-07 1.9196045e-06 0.00017091448)
(9.4036608e-07 2.3121703e-06 7.1188241e-05)
(1.2872147e-06 2.4464049e-06 6.9136424e-05)
(5.7355273e-07 2.0733478e-06 0.00020795926)
(4.2377924e-07 2.341925e-06 0.00023992166)
(7.2528772e-07 2.5513952e-06 0.00023446394)
(5.7551938e-07 1.9960079e-06 0.00012413716)
(3.0915582e-07 1.6824653e-06 0.00017559934)
(5.9148385e-07 2.0735794e-06 0.00017095039)
(4.8687758e-07 2.4522272e-06 7.1196145e-05)
(7.9058037e-07 2.6600175e-06 6.915239e-05)
(1.8482179e-07 2.1541898e-06 0.0002079849)
(-3.8545185e-10 2.3741601e-06 0.00023993935)
(2.3590674e-07 2.6364448e-06 0.00023450441)
(1.9250228e-07 2.077489e-06 0.00012414579)
(1.1671339e-10 1.7274203e-06 0.00017560743)
(1.9861123e-07 2.167116e-06 0.00017097933)
(-4.5116474e-12 2.4993819e-06 7.1197477e-05)
(2.6657228e-07 2.7652249e-06 6.9167878e-05)
(-1.851499e-07 2.1541625e-06 0.00020798471)
(-4.2455155e-07 2.3418126e-06 0.00023992142)
(-2.3611483e-07 2.6364457e-06 0.00023450429)
(-1.9242968e-07 2.0774947e-06 0.00012414559)
(-3.0890633e-07 1.6824818e-06 0.00017559895)
(-1.9825863e-07 2.1671625e-06 0.00017097923)
(-4.868819e-07 2.4522053e-06 7.1195958e-05)
(-2.6634848e-07 2.765229e-06 6.9167838e-05)
(-5.7368588e-07 2.0733103e-06 0.00020795883)
(-8.6467571e-07 2.2154998e-06 0.0002398836)
(-7.2541862e-07 2.5513982e-06 0.00023446355)
(-5.7529735e-07 1.9960262e-06 0.00012413677)
(-6.120914e-07 1.5871135e-06 0.00017557629)
(-5.910781e-07 2.0736988e-06 0.00017095011)
(-9.4026981e-07 2.3121539e-06 7.1188019e-05)
(-7.9034216e-07 2.6600273e-06 6.9152285e-05)
(-9.760986e-07 1.9156745e-06 0.00020792512)
(-1.2845229e-06 1.9754637e-06 0.00023985055)
(-1.2137071e-06 2.3487343e-06 0.0002344118)
(-9.5037632e-07 1.8421616e-06 0.00012411557)
(-9.3004697e-07 1.4493959e-06 0.00017554983)
(-9.8377224e-07 1.9197768e-06 0.00017091407)
(-1.3671748e-06 2.0747345e-06 7.1174704e-05)
(-1.2870104e-06 2.4463968e-06 6.9136298e-05)
(-1.3505669e-06 1.6732762e-06 0.00020790027)
(-1.6571051e-06 2.0414599e-06 0.00023437709)
(-1.654468e-06 1.6575018e-06 0.00023983826)
(-1.3020614e-06 1.6088708e-06 0.00012409526)
(-1.361682e-06 1.6847867e-06 0.00017088968)
(-1.2259038e-06 1.2290192e-06 0.00017553833)
(-1.7403761e-06 2.1336666e-06 6.9126754e-05)
(-1.752063e-06 1.7524436e-06 7.1168169e-05)
(1.7412955e-06 2.1415427e-06 0.00019792466)
(1.5844382e-06 2.4167217e-06 0.00022929934)
(1.910667e-06 2.359329e-06 0.00022637222)
(1.987988e-06 2.4385148e-06 0.00011705647)
(1.4129866e-06 2.1575521e-06 0.00016638973)
(1.9873587e-06 2.4474837e-06 0.00016407661)
(1.6560312e-06 2.5074486e-06 6.7037094e-05)
(2.2197959e-06 2.7208922e-06 6.5978952e-05)
(1.2758486e-06 2.4539356e-06 0.00019794426)
(1.0750491e-06 2.6849969e-06 0.00022932972)
(1.3917524e-06 2.7031758e-06 0.00022640191)
(1.4654485e-06 2.795135e-06 0.00011706648)
(9.6236616e-07 2.4072265e-06 0.00016640694)
(1.4567726e-06 2.8095283e-06 0.00016409266)
(1.1347539e-06 2.7945636e-06 6.7043487e-05)
(1.6398938e-06 3.1189486e-06 6.5984551e-05)
(7.7695784e-07 2.6629241e-06 0.00019796947)
(5.4332701e-07 2.8453852e-06 0.00022935458)
(8.4125484e-07 2.929625e-06 0.00022644109)
(8.9783449e-07 3.0392899e-06 0.0001170802)
(4.8820255e-07 2.5575213e-06 0.00016642282)
(8.8666723e-07 3.0545121e-06 0.00016411475)
(5.7774309e-07 2.9707773e-06 6.7049335e-05)
(1.0059691e-06 3.3946029e-06 6.5991789e-05)
(2.6127487e-07 2.7671957e-06 0.0001979823)
(2.441646e-10 2.8994058e-06 0.00022936261)
(2.8161291e-07 3.0415375e-06 0.00022646394)
(3.0290278e-07 3.1627273e-06 0.00011708774)
(2.9448582e-10 2.6075787e-06 0.0001664288)
(2.9791851e-07 3.1763723e-06 0.00016412802)
(2.6010138e-10 3.0303327e-06 6.7051505e-05)
(3.393764e-07 3.5351564e-06 6.5994987e-05)
(-2.6080534e-07 2.7672815e-06 0.00019798239)
(-5.42947e-07 2.8454905e-06 0.00022935455)
(-2.8004087e-07 3.0416841e-06 0.00022646399)
(-3.0239917e-07 3.1627891e-06 0.00011708788)
(-4.8773295e-07 2.5576628e-06 0.00016642306)
(-2.9655183e-07 3.1765077e-06 0.0001641282)
(-5.7729447e-07 2.9708096e-06 6.7049528e-05)
(-3.3868016e-07 3.535187e-06 6.5995141e-05)
(-7.7655925e-07 2.663107e-06 0.00019796959)
(-1.07465e-06 2.6851733e-06 0.00022932952)
(-8.3979942e-07 2.9300248e-06 0.00022644114)
(-8.9741081e-07 3.039403e-06 0.00011708049)
(-9.6196568e-07 2.4074503e-06 0.00016640717)
(-8.8544081e-07 3.0548577e-06 0.00016411514)
(-1.1343703e-06 2.7945972e-06 6.7043762e-05)
(-1.0053501e-06 3.3946753e-06 6.5992181e-05)
(-1.2755592e-06 2.4541427e-06 0.00019794417)
(-1.5841448e-06 2.4168563e-06 0.00022929876)
(-1.390512e-06 2.7037382e-06 0.00022640177)
(-1.4651612e-06 2.7952585e-06 0.00011706671)
(-1.4127693e-06 2.1577229e-06 0.00016638967)
(-1.455792e-06 2.8099865e-06 0.00016409301)
(-1.6557771e-06 2.5074047e-06 6.7037331e-05)
(-1.639402e-06 3.1190026e-06 6.5985065e-05)
(-1.7410696e-06 2.1417015e-06 0.00019792413)
(-1.9096675e-06 2.3599542e-06 0.00022637165)
(-2.0437977e-06 2.0421688e-06 0.00022928498)
(-1.9878001e-06 2.4385574e-06 0.00011705645)
(-1.986631e-06 2.4479246e-06 0.00016407667)
(-1.8206179e-06 1.81825e-06 0.00016638222)
(-2.2194297e-06 2.7208659e-06 6.5979471e-05)
(-2.121425e-06 2.1210497e-06 6.703461e-05)
(2.1753285e-06 2.6879524e-06 0.00019239076)
(1.7157528e-06 2.6483466e-06 0.00022311258)
(1.9270343e-06 2.3840607e-06 0.00021787275)
(2.446886e-06 3.0073981e-06 0.00011367883)
(2.0289234e-06 3.101661e-06 0.00016163165)
(2.334468e-06 2.8739079e-06 0.00015775128)
(2.2023681e-06 3.3339813e-06 6.499636e-05)
(2.5515218e-06 3.1265107e-06 6.3360046e-05)
(1.5866086e-06 3.0848903e-06 0.00019242044)
(1.1549171e-06 2.9500275e-06 0.00022315967)
(1.4003958e-06 2.7361219e-06 0.00021791103)
(1.800416e-06 3.4500946e-06 0.0001136955)
(1.3781873e-06 3.4586548e-06 0.00016166015)
(1.7118802e-06 3.2974331e-06 0.00015777426)
(1.509289e-06 3.7204073e-06 6.5006914e-05)
(1.8863301e-06 3.5852729e-06 6.336856e-05)
(9.5950766e-07 3.3494718e-06 0.00019246231)
(5.7825835e-07 3.1269343e-06 0.00022320602)
(8.4352655e-07 2.9673931e-06 0.00021796417)
(1.099166e-06 3.754211e-06 0.00011371943)
(6.9537779e-07 3.6741709e-06 0.0001616884)
(1.0413525e-06 3.5849883e-06 0.00015780638)
(7.6696412e-07 3.9597465e-06 6.5017489e-05)
(1.1573436e-06 3.9053328e-06 6.3380583e-05)
(3.2108618e-07 3.4795625e-06 0.0001924911)
(1.3816883e-09 3.1846968e-06 0.0002232249)
(2.8177305e-07 3.0796901e-06 0.00021800044)
(3.6971842e-07 3.9078882e-06 0.00011373563)
(1.1207093e-09 3.7458973e-06 0.00016169997)
(3.4967216e-07 3.7288929e-06 0.00015782811)
(4.6380862e-10 4.0406398e-06 6.5021873e-05)
(3.9027718e-07 4.0693212e-06 6.3388545e-05)
(-3.1861609e-07 3.4797667e-06 0.00019249116)
(-5.7559896e-07 3.127378e-06 0.00022320599)
(-2.7891919e-07 3.0799223e-06 0.0002180005)
(-3.6815426e-07 3.9080017e-06 0.00011373575)
(-6.9323668e-07 3.674514e-06 0.00016168858)
(-3.4755557e-07 3.7290449e-06 0.00015782828)
(-7.6608278e-07 3.95982e-06 6.5017732e-05)
(-3.8950491e-07 4.0693342e-06 6.3388715e-05)
(-9.5722826e-07 3.3500527e-06 0.0001924624)
(-1.1525513e-06 2.9508423e-06 0.00022315946)
(-8.4086866e-07 2.9680537e-06 0.00021796427)
(-1.0977399e-06 3.7545209e-06 0.00011371973)
(-1.3763192e-06 3.4592605e-06 0.00016166036)
(-1.0393982e-06 3.5854085e-06 0.0001578068)
(-1.5085297e-06 3.7205134e-06 6.5007333e-05)
(-1.1566342e-06 3.9053591e-06 6.3381051e-05)
(-1.5846903e-06 3.0857321e-06 0.00019242036)
(-1.7138212e-06 2.6493907e-06 0.00022311199)
(-1.3981098e-06 2.7370924e-06 0.00021791094)
(-1.7992373e-06 3.4505065e-06 0.00011369584)
(-2.0274416e-06 3.1023834e-06 0.00016163168)
(-1.7102198e-06 3.2980132e-06 0.0001577747)
(-2.2017703e-06 3.334049e-06 6.499686e-05)
(-1.8857251e-06 3.5852623e-06 6.3369214e-05)
(-2.1738504e-06 2.6888903e-06 0.0001923903)
(-1.9252098e-06 2.3851745e-06 0.00021787226)
(-2.2248426e-06 2.2297786e-06 0.00022309215)
(-2.4459913e-06 3.0077912e-06 0.00011367904)
(-2.3331505e-06 2.8745051e-06 0.00015775151)
(-2.6140191e-06 2.6170871e-06 0.00016161981)
(-2.5510212e-06 3.1264102e-06 6.3360764e-05)
(-2.8190567e-06 2.8198597e-06 6.4992626e-05)
(2.1135349e-06 2.6033566e-06 0.00018365527)
(1.6100556e-06 2.4720081e-06 0.00021308683)
(1.8515475e-06 2.2861279e-06 0.00020918165)
(2.4537132e-06 3.010903e-06 0.00010832533)
(2.0162405e-06 3.0702269e-06 0.00015422225)
(2.2980709e-06 2.8256591e-06 0.00015139938)
(2.2347475e-06 3.3782607e-06 6.1908927e-05)
(2.5358019e-06 3.1060106e-06 6.0781847e-05)
(1.5461161e-06 2.9869244e-06 0.0001836823)
(1.0869368e-06 2.7535248e-06 0.0002131303)
(1.3473412e-06 2.6233544e-06 0.0002092179)
(1.8087394e-06 3.4533491e-06 0.00010834003)
(1.3733855e-06 3.424235e-06 0.00015424787)
(1.6871906e-06 3.2418062e-06 0.00015142047)
(1.533292e-06 3.7706207e-06 6.1918341e-05)
(1.8755354e-06 3.5617008e-06 6.0789435e-05)
(9.3805032e-07 3.2447083e-06 0.00018372001)
(5.4573073e-07 2.919638e-06 0.0002131729)
(8.1292896e-07 2.8453946e-06 0.0002092688)
(1.1063984e-06 3.7591716e-06 0.00010836083)
(6.9460749e-07 3.6397113e-06 0.00015427293)
(1.0277491e-06 3.5253329e-06 0.00015145038)
(7.7995644e-07 4.0150182e-06 6.1927451e-05)
(1.1513047e-06 3.8803963e-06 6.0800378e-05)
(3.1465381e-07 3.3726246e-06 0.00018374569)
(1.4977659e-09 2.974159e-06 0.0002131902)
(2.7224698e-07 2.9534865e-06 0.00020930387)
(3.7259222e-07 3.914787e-06 0.00010837464)
(1.018936e-09 3.711839e-06 0.00015428309)
(3.456354e-07 3.6677579e-06 0.00015147079)
(3.2286839e-10 4.0979873e-06 6.1931113e-05)
(3.8844272e-07 4.0442182e-06 6.0807647e-05)
(-3.1215313e-07 3.3728066e-06 0.00018374573)
(-5.4284367e-07 2.9200944e-06 0.0002131728)
(-2.6827423e-07 2.9538124e-06 0.00020930379)
(-3.7125826e-07 3.914839e-06 0.00010837475)
(-6.9264618e-07 3.6399468e-06 0.00015427308)
(-3.4289622e-07 3.6679435e-06 0.00015147084)
(-7.7933439e-07 4.0149881e-06 6.1927676e-05)
(-3.8749454e-07 4.044222e-06 6.0807728e-05)
(-9.3571888e-07 3.2452144e-06 0.00018372003)
(-1.0843402e-06 2.7543494e-06 0.00021312995)
(-8.0923209e-07 2.8463155e-06 0.00020926846)
(-1.1051495e-06 3.7593018e-06 0.0001083611)
(-1.3716218e-06 3.4246369e-06 0.00015424801)
(-1.0251956e-06 3.5258446e-06 0.00015145042)
(-1.5327255e-06 3.7705349e-06 6.1918709e-05)
(-1.1504049e-06 3.8803963e-06 6.0800572e-05)
(-1.5440913e-06 2.9876408e-06 0.0001836821)
(-1.6078849e-06 2.473044e-06 0.00021308604)
(-1.3441498e-06 2.6247007e-06 0.00020921707)
(-1.8076361e-06 3.4534932e-06 0.00010834029)
(-2.0147517e-06 3.0706774e-06 0.00015422214)
(-1.6849694e-06 3.2425237e-06 0.00015142024)
(-2.2342435e-06 3.3780795e-06 6.1909312e-05)
(-1.8747133e-06 3.5616565e-06 6.0789613e-05)
(-2.1118751e-06 2.6041356e-06 0.00018365461)
(-1.8489886e-06 2.2876694e-06 0.00020918011)
(-2.0823662e-06 2.0831235e-06 0.00021306709)
(-2.4527607e-06 3.0109826e-06 0.00010832538)
(-2.2962442e-06 2.8264201e-06 0.00015139863)
(-2.5917255e-06 2.592423e-06 0.00015421087)
(-2.5350532e-06 3.1058813e-06 6.0781873e-05)
(-2.8578408e-06 2.8580654e-06 6.190522e-05)
(2.0689479e-06 2.5484748e-06 0.0001768017)
(1.5880066e-06 2.4382923e-06 0.00020514947)
(1.8389331e-06 2.2709184e-06 0.00020090847)
(2.4017439e-06 2.9471143e-06 0.0001042201)
(1.9682019e-06 2.9978732e-06 0.00014845182)
(2.2650444e-06 2.7854934e-06 0.00014538424)
(2.1760335e-06 3.2898669e-06 5.9564399e-05)
(2.4901402e-06 3.0501815e-06 5.8326953e-05)
(1.512974e-06 2.9241778e-06 0.00017682806)
(1.0719612e-06 2.7160321e-06 0.00020519261)
(1.3375857e-06 2.6064387e-06 0.00020094398)
(1.7700926e-06 3.3804543e-06 0.00010423364)
(1.3402602e-06 3.3435188e-06 0.00014847673)
(1.662291e-06 3.1962795e-06 0.00014540464)
(1.4926601e-06 3.6718847e-06 5.9573123e-05)
(1.8414283e-06 3.4980734e-06 5.8333993e-05)
(9.1786604e-07 3.1762449e-06 0.0001768655)
(5.3854644e-07 2.8796481e-06 0.00020523536)
(8.0694673e-07 2.8271092e-06 0.00020099412)
(1.0826622e-06 3.6798094e-06 0.00010425336)
(6.7795477e-07 3.5536174e-06 0.00014850146)
(1.0123727e-06 3.4759145e-06 0.00014543382)
(7.5924156e-07 3.9097442e-06 5.9581816e-05)
(1.130248e-06 3.8112912e-06 5.8344326e-05)
(3.0840111e-07 3.3011247e-06 0.00017689133)
(2.4850095e-09 2.9333622e-06 0.0002052528)
(2.7069578e-07 2.934488e-06 0.0002010288)
(3.6488614e-07 3.8320056e-06 0.00010426667)
(1.7289386e-09 3.6239356e-06 0.00014851155)
(3.407768e-07 3.6163111e-06 0.00014545381)
(6.3059389e-10 3.990491e-06 5.9585352e-05)
(3.8148836e-07 3.972285e-06 5.8351268e-05)
(-3.041895e-07 3.3014535e-06 0.00017689131)
(-5.3376172e-07 2.8804389e-06 0.00020523514)
(-2.6521734e-07 2.9349394e-06 0.00020102866)
(-3.6252277e-07 3.8321368e-06 0.00010426673)
(-6.746215e-07 3.5540796e-06 0.00014850149)
(-3.3689963e-07 3.6165829e-06 0.0001454538)
(-7.5801245e-07 3.9097787e-06 5.958193e-05)
(-3.7995085e-07 3.9723169e-06 5.8351308e-05)
(-9.1394587e-07 3.1771685e-06 0.00017686535)
(-1.0676694e-06 2.7174746e-06 0.00020519201)
(-8.0184127e-07 2.8283898e-06 0.00020099362)
(-1.0804409e-06 3.680166e-06 0.00010425345)
(-1.3372497e-06 3.3443458e-06 0.0001484766)
(-1.0087386e-06 3.4766744e-06 0.0001454337)
(-1.4915055e-06 3.6719258e-06 5.9573259e-05)
(-1.1287663e-06 3.8113749e-06 5.8344397e-05)
(-1.5095828e-06 2.92552e-06 0.00017682752)
(-1.5844538e-06 2.440126e-06 0.00020514824)
(-1.333162e-06 2.6083289e-06 0.00020094288)
(-1.7681238e-06 3.380947e-06 0.00010423358)
(-1.965667e-06 2.9988849e-06 0.00014845126)
(-1.6590974e-06 3.197383e-06 0.00014540415)
(-2.1749809e-06 3.2898652e-06 5.9564421e-05)
(-1.8400416e-06 3.4981686e-06 5.8333969e-05)
(-2.066214e-06 2.5499891e-06 0.00017680052)
(-1.8353775e-06 2.2731107e-06 0.00020090655)
(-2.0532014e-06 2.0551554e-06 0.00020512976)
(-2.4000711e-06 2.9476169e-06 0.00010421967)
(-2.2623956e-06 2.7867327e-06 0.00014538311)
(-2.5298812e-06 2.5314813e-06 0.00014844056)
(-2.4888585e-06 3.0502424e-06 5.8326699e-05)
(-2.782721e-06 2.7832973e-06 5.9560746e-05)
(2.0624667e-06 2.541369e-06 0.00016955159)
(1.5874858e-06 2.4397125e-06 0.00019673286)
(1.8427773e-06 2.2769852e-06 0.00019260511)
(2.3879089e-06 2.9306029e-06 9.9942787e-05)
(1.9582314e-06 2.9844901e-06 0.00014236451)
(2.2623346e-06 2.7831662e-06 0.00013938565)
(2.1549192e-06 3.2587987e-06 5.7114965e-05)
(2.4796857e-06 3.0377724e-06 5.5921146e-05)
(1.5073942e-06 2.9168765e-06 0.00016957775)
(1.0709933e-06 2.7181346e-06 0.0001967755)
(1.338773e-06 2.6142547e-06 0.00019264074)
(1.759427e-06 3.3623165e-06 9.9956364e-05)
(1.3330023e-06 3.3292441e-06 0.00014238931)
(1.6591221e-06 3.1946448e-06 0.00013940633)
(1.478055e-06 3.6378772e-06 5.7123741e-05)
(1.8332491e-06 3.484758e-06 5.5928476e-05)
(9.1416323e-07 3.1686737e-06 0.00016961486)
(5.3804688e-07 2.8821251e-06 0.00019681772)
(8.0687968e-07 2.8354509e-06 0.00019269105)
(1.0760238e-06 3.6605937e-06 9.9976009e-05)
(6.7427615e-07 3.5387801e-06 0.00014241389)
(1.0099294e-06 3.4744554e-06 0.00013943587)
(7.5187191e-07 3.8739552e-06 5.7132425e-05)
(1.1251297e-06 3.7974359e-06 5.5939144e-05)
(3.0738499e-07 3.2934618e-06 0.0001696404)
(2.991638e-09 2.9360333e-06 0.00019683488)
(2.7089957e-07 2.9428056e-06 0.0001927258)
(3.6284738e-07 3.8123633e-06 9.9989213e-05)
(2.1465837e-09 3.608948e-06 0.00014242385)
(3.4017933e-07 3.6148028e-06 0.0001394561)
(9.0518575e-10 3.9541103e-06 5.7135911e-05)
(3.7995991e-07 3.9581843e-06 5.5946286e-05)
(-3.0224032e-07 3.2938549e-06 0.0001696403)
(-5.3227234e-07 2.8830614e-06 0.00019681733)
(-2.6414523e-07 2.943356e-06 0.00019272558)
(-3.5978402e-07 3.8125311e-06 9.9989212e-05)
(-6.7011963e-07 3.5393454e-06 0.00014241377)
(-3.3524062e-07 3.6151486e-06 0.00013945602)
(-7.5009388e-07 3.8740338e-06 5.7132448e-05)
(-3.7773379e-07 3.9582507e-06 5.5946286e-05)
(-9.0934167e-07 3.1697855e-06 0.00016961448)
(-1.065767e-06 2.7198583e-06 0.00019677459)
(-8.0055772e-07 2.8370178e-06 0.00019269028)
(-1.0731115e-06 3.6610597e-06 9.9975933e-05)
(-1.3291952e-06 3.3302764e-06 0.00014238891)
(-1.0052728e-06 3.4754288e-06 0.00013943554)
(-1.4763489e-06 3.6380118e-06 5.7123706e-05)
(-1.1229725e-06 3.7976212e-06 5.5939101e-05)
(-1.5031634e-06 2.9185207e-06 0.00016957686)
(-1.5830935e-06 2.4419382e-06 0.00019673121)
(-1.3332467e-06 2.6165884e-06 0.00019263924)
(-1.7567889e-06 3.3629946e-06 9.9956035e-05)
(-1.9549538e-06 2.9858011e-06 0.00014236358)
(-1.6549826e-06 3.1960852e-06 0.00013940552)
(-2.1533212e-06 3.2589446e-06 5.7114754e-05)
(-1.8312143e-06 3.4850187e-06 5.5928278e-05)
(-2.0589865e-06 2.5432755e-06 0.00016954996)
(-1.8382764e-06 2.2797275e-06 0.00019260268)
(-2.0530871e-06 2.0558895e-06 0.00019671289)
(-2.3856085e-06 2.9313624e-06 9.994202e-05)
(-2.2588492e-06 2.7848324e-06 0.00013938412)
(-2.5174192e-06 2.5196568e-06 0.00014235287)
(-2.4777987e-06 3.038052e-06 5.5920685e-05)
(-2.7556573e-06 2.7565592e-06 5.7111015e-05)
(2.0690456e-06 2.5509515e-06 0.00016245082)
(1.5930078e-06 2.4522542e-06 0.00018849021)
(1.8475266e-06 2.283047e-06 0.00018430329)
(2.3924571e-06 2.9371062e-06 9.5763656e-05)
(1.9622822e-06 2.9939581e-06 0.00013640608)
(2.2667813e-06 2.7887369e-06 0.00013337368)
(2.1573669e-06 3.2641666e-06 5.4720538e-05)
(2.4841109e-06 3.0431938e-06 5.3496115e-05)
(1.5102101e-06 2.9288972e-06 0.0001624773)
(1.0730176e-06 2.7322696e-06 0.00018853329)
(1.3414657e-06 2.6217471e-06 0.00018433836)
(1.7616643e-06 3.370979e-06 9.5777608e-05)
(1.3345789e-06 3.3404714e-06 0.00013643128)
(1.6618943e-06 3.2017943e-06 0.000133394)
(1.4792966e-06 3.6447435e-06 5.472958e-05)
(1.8363881e-06 3.4918397e-06 5.35033e-05)
(9.1486018e-07 3.1814965e-06 0.00016251492)
(5.3864069e-07 2.8963664e-06 0.00018857594)
(8.0820783e-07 2.8434462e-06 0.00018438791)
(1.0769472e-06 3.6706008e-06 9.579782e-05)
(6.7487197e-07 3.5506752e-06 0.00013645628)
(1.0115315e-06 3.4825751e-06 0.00013342304)
(7.5255779e-07 3.8817977e-06 5.4738555e-05)
(1.1271809e-06 3.8059283e-06 5.3513765e-05)
(3.0783706e-07 3.3062067e-06 0.00016254081)
(3.7586969e-09 2.9501461e-06 0.00018859323)
(2.7170864e-07 2.9507662e-06 0.00018442208)
(3.6339528e-07 3.8228608e-06 9.5811469e-05)
(2.7881854e-09 3.6210094e-06 0.00013646639)
(3.4107835e-07 3.6232917e-06 0.00013344283)
(1.3174235e-09 3.9623262e-06 5.4742165e-05)
(3.8094542e-07 3.9674278e-06 5.3520727e-05)
(-3.0128787e-07 3.3067088e-06 0.00016254062)
(-5.3137644e-07 2.89754e-06 0.00018857535)
(-2.6350836e-07 2.9514281e-06 0.00018442178)
(-3.5927956e-07 3.8230995e-06 9.5811408e-05)
(-6.6946582e-07 3.5514226e-06 0.00013645601)
(-3.3489353e-07 3.6237273e-06 0.00013344269)
(-7.4997143e-07 3.881967e-06 5.4738499e-05)
(-3.7786755e-07 3.9675423e-06 5.3520697e-05)
(-9.087008e-07 3.1829199e-06 0.00016251426)
(-1.0664078e-06 2.7344414e-06 0.00018853197)
(-8.0051677e-07 2.8453322e-06 0.00018438692)
(-1.0730243e-06 3.6712683e-06 9.5797567e-05)
(-1.3296013e-06 3.3418481e-06 0.00013643057)
(-1.0056888e-06 3.4838064e-06 0.00013342253)
(-1.4768197e-06 3.6450511e-06 5.4729391e-05)
(-1.124202e-06 3.806252e-06 5.3513632e-05)
(-1.5047705e-06 2.9310204e-06 0.00016247597)
(-1.5874096e-06 2.45508e-06 0.00018848795)
(-1.3347162e-06 2.6245657e-06 0.00018433648)
(-1.7580967e-06 3.3719688e-06 9.5776991e-05)
(-1.9579669e-06 2.9957323e-06 0.00013640468)
(-1.6566829e-06 3.203628e-06 0.00013339289)
(-2.1550621e-06 3.2645482e-06 5.4720106e-05)
(-1.8335893e-06 3.4923137e-06 5.3502957e-05)
(-2.0645303e-06 2.5534438e-06 0.00016244858)
(-1.841998e-06 2.2863723e-06 0.00018430033)
(-2.0619795e-06 2.065598e-06 0.00018846935)
(-2.389336e-06 2.9382492e-06 9.5762501e-05)
(-2.262378e-06 2.7908796e-06 0.00013337174)
(-2.5238481e-06 2.526729e-06 0.00013639373)
(-2.4815389e-06 3.043736e-06 5.3495452e-05)
(-2.7591326e-06 2.760418e-06 5.4716209e-05)
(2.0718816e-06 2.5532682e-06 0.00015526757)
(1.5948963e-06 2.4532621e-06 0.00018016029)
(1.849343e-06 2.2839449e-06 0.00017598588)
(2.3958654e-06 2.9404808e-06 9.1520154e-05)
(1.9654278e-06 2.9972164e-06 0.00013037018)
(2.2688755e-06 2.7901718e-06 0.00012734811)
(2.1624639e-06 3.2713131e-06 5.2285243e-05)
(2.4873201e-06 3.0464576e-06 5.1067035e-05)
(1.5130372e-06 2.9318519e-06 0.00015529315)
(1.0749645e-06 2.7336196e-06 0.00018020197)
(1.3435228e-06 2.6226477e-06 0.00017601943)
(1.7646636e-06 3.3752921e-06 9.1533724e-05)
(1.3373347e-06 3.3445225e-06 0.00013039452)
(1.6640238e-06 3.2034841e-06 0.00012736759)
(1.4832237e-06 3.6534584e-06 5.2294031e-05)
(1.8390887e-06 3.4958617e-06 5.1074025e-05)
(9.1722048e-07 3.1852071e-06 0.00015532944)
(5.4015692e-07 2.8980643e-06 0.00018024317)
(8.1004827e-07 2.8446025e-06 0.00017606678)
(1.0792467e-06 3.6757973e-06 9.1553318e-05)
(6.7675632e-07 3.5553852e-06 0.00013041853)
(1.0133255e-06 3.4846766e-06 0.00012739534)
(7.5491002e-07 3.8916892e-06 5.2302657e-05)
(1.129165e-06 3.8106628e-06 5.1084167e-05)
(3.0914079e-07 3.310395e-06 0.00015535426)
(4.4404265e-09 2.9520442e-06 0.00018025982)
(2.7280386e-07 2.9521961e-06 0.00017609936)
(3.6457923e-07 3.8285512e-06 9.1566263e-05)
(3.3950883e-09 3.6260081e-06 0.00013042817)
(3.4210732e-07 3.6256977e-06 0.00012741415)
(1.7582898e-09 3.9726438e-06 5.2306056e-05)
(3.8193309e-07 3.9725496e-06 5.1090807e-05)
(-3.01304e-07 3.3109901e-06 0.00015535405)
(-5.3156299e-07 2.8994321e-06 0.00018024252)
(-2.6340944e-07 2.9529385e-06 0.00017609904)
(-3.5941583e-07 3.8288581e-06 9.1566188e-05)
(-6.701637e-07 3.5562991e-06 0.00013041822)
(-3.3482768e-07 3.6262034e-06 0.00012741401)
(-7.514564e-07 3.8919546e-06 5.2302585e-05)
(-3.7800867e-07 3.9727089e-06 5.109078e-05)
(-9.0984403e-07 3.1868978e-06 0.00015532872)
(-1.0671403e-06 2.7361496e-06 0.00018020053)
(-8.0122214e-07 2.8467181e-06 0.00017606573)
(-1.0743252e-06 3.6766628e-06 9.1553025e-05)
(-1.3312647e-06 3.3462082e-06 0.00013039372)
(-1.0064379e-06 3.4861106e-06 0.00012739481)
(-1.479929e-06 3.653946e-06 5.229381e-05)
(-1.1253692e-06 3.8111152e-06 5.1084044e-05)
(-1.5065124e-06 2.9343766e-06 0.0001552917)
(-1.5882476e-06 2.4565593e-06 0.00018015787)
(-1.3357456e-06 2.6258156e-06 0.00017601747)
(-1.7601896e-06 3.3765812e-06 9.1533043e-05)
(-1.9601554e-06 2.9994007e-06 0.00013036867)
(-1.657859e-06 3.2056264e-06 0.00012736644)
(-2.1594138e-06 3.271937e-06 5.2284767e-05)
(-1.8355287e-06 3.4965333e-06 5.1073701e-05)
(-2.0664577e-06 2.5562369e-06 0.00015526519)
(-1.8429279e-06 2.2876927e-06 0.00017598283)
(-2.0627504e-06 2.0670371e-06 0.00018013983)
(-2.3919637e-06 2.9419844e-06 9.1518922e-05)
(-2.2636418e-06 2.7926907e-06 0.00012734615)
(-2.5264326e-06 2.5298637e-06 0.00013035806)
(-2.4840626e-06 3.0472416e-06 5.1066407e-05)
(-2.7647161e-06 2.7663779e-06 5.2280978e-05)
(2.0731815e-06 2.5535589e-06 0.00014809758)
(1.5969218e-06 2.4540303e-06 0.0001718451)
(1.8502372e-06 2.2824976e-06 0.00016766877)
(2.3978211e-06 2.9418765e-06 8.7283677e-05)
(1.9665363e-06 2.9970642e-06 0.00012434537)
(2.2693015e-06 2.7885686e-06 0.00012132173)
(2.163304e-06 3.2714343e-06 4.9855166e-05)
(2.4880665e-06 3.0460885e-06 4.8635762e-05)
(1.5145858e-06 2.9318408e-06 0.00014812157)
(1.0769634e-06 2.7343107e-06 0.00017188424)
(1.3459167e-06 2.620332e-06 0.00016769958)
(1.7665021e-06 3.3766992e-06 8.7296416e-05)
(1.3385391e-06 3.3442491e-06 0.00012436814)
(1.6656297e-06 3.2009896e-06 0.00012133944)
(1.4840116e-06 3.6534875e-06 4.9863386e-05)
(1.8402478e-06 3.4949533e-06 4.8642023e-05)
(9.1862664e-07 3.1851888e-06 0.00014815554)
(5.4161497e-07 2.898949e-06 0.00017192289)
(8.1272396e-07 2.8424454e-06 0.00016774312)
(1.0807073e-06 3.6773677e-06 8.7314702e-05)
(6.777244e-07 3.5551785e-06 0.00012439058)
(1.0151915e-06 3.4820241e-06 0.00012136478)
(7.5554103e-07 3.8916518e-06 4.9871414e-05)
(1.1302939e-06 3.8094902e-06 4.8651154e-05)
(3.100087e-07 3.3105233e-06 0.00014817875)
(4.9541022e-09 2.9530904e-06 0.00017193847)
(2.7434505e-07 2.95062e-06 0.00016777307)
(3.6540511e-07 3.8303039e-06 8.7326781e-05)
(3.8841107e-09 3.6258931e-06 0.00012439956)
(3.4326007e-07 3.623298e-06 0.00012138199)
(2.164881e-09 3.9726148e-06 4.987458e-05)
(3.8265092e-07 3.9713809e-06 4.8657164e-05)
(-3.0117061e-07 3.3111766e-06 0.00014817851)
(-5.3201031e-07 2.9004349e-06 0.00017192217)
(-2.6365145e-07 2.9514506e-06 0.0001677727)
(-3.5934664e-07 3.8306564e-06 8.7326697e-05)
(-6.7016906e-07 3.5562004e-06 0.00012439022)
(-3.3481131e-07 3.6238774e-06 0.00012138181)
(-7.512858e-07 3.8919958e-06 4.9871342e-05)
(-3.7784436e-07 3.9715854e-06 4.8657136e-05)
(-9.102882e-07 3.1870472e-06 0.00014815474)
(-1.0681859e-06 2.7370637e-06 0.00017188267)
(-8.026675e-07 2.8448117e-06 0.00016774194)
(-1.0749213e-06 3.6783662e-06 8.7314384e-05)
(-1.3315589e-06 3.3461388e-06 0.00012436727)
(-1.0071913e-06 3.4836696e-06 0.00012136418)
(-1.4799535e-06 3.6541228e-06 4.9863169e-05)
(-1.1256489e-06 3.8100718e-06 4.8651031e-05)
(-1.5071671e-06 2.9346257e-06 0.00014812)
(-1.5893971e-06 2.4576363e-06 0.00017184251)
(-1.3370338e-06 2.623877e-06 0.00016769742)
(-1.7612179e-06 3.3781936e-06 8.7295703e-05)
(-1.9604264e-06 2.9995303e-06 0.00012434378)
(-1.6584549e-06 3.2034502e-06 0.0001213382)
(-2.1595461e-06 3.2722596e-06 4.9854705e-05)
(-1.8358995e-06 3.4958202e-06 4.8641709e-05)
(-2.0669535e-06 2.5568547e-06 0.00014809507)
(-1.8428782e-06 2.2866936e-06 0.00016766549)
(-2.0636563e-06 2.0685063e-06 0.00017182548)
(-2.3931827e-06 2.9436372e-06 8.7282418e-05)
(-2.263193e-06 2.7914681e-06 0.00012131967)
(-2.52643e-06 2.5303602e-06 0.00012433379)
(-2.4841014e-06 3.0471067e-06 4.8635162e-05)
(-2.7647932e-06 2.7668437e-06 4.9851124e-05)
(2.0732347e-06 2.5502575e-06 0.00014092384)
(1.5982527e-06 2.4494538e-06 0.00016352463)
(1.8509435e-06 2.2801449e-06 0.00015935985)
(2.397703e-06 2.9393149e-06 8.3045557e-05)
(1.9675178e-06 2.99308e-06 0.00011831726)
(2.2689776e-06 2.78551e-06 0.0001153021)
(2.1644164e-06 3.2700041e-06 4.7424025e-05)
(2.4875922e-06 3.0438987e-06 4.620868e-05)
(1.5170738e-06 2.9271098e-06 0.00014094535)
(1.0801294e-06 2.7291078e-06 0.00016355998)
(1.3486389e-06 2.6169681e-06 0.00015938775)
(1.767883e-06 3.3727267e-06 8.3056803e-05)
(1.340887e-06 3.3393423e-06 0.0001183377)
(1.6669972e-06 3.1965813e-06 0.00011531809)
(1.4855703e-06 3.6513532e-06 4.7431349e-05)
(1.8406118e-06 3.4915223e-06 4.6214307e-05)
(9.2179228e-07 3.180496e-06 0.00014097602)
(5.4444219e-07 2.894318e-06 0.00016359496)
(8.1590662e-07 2.839224e-06 0.00015942724)
(1.0824987e-06 3.6727997e-06 8.3073263e-05)
(6.7982841e-07 3.5503224e-06 0.00011835797)
(1.0171167e-06 3.4770853e-06 0.00011534101)
(7.5678321e-07 3.8893427e-06 4.7438606e-05)
(1.1309696e-06 3.8051213e-06 4.6222552e-05)
(3.1184594e-07 3.306532e-06 0.00014099702)
(5.7421105e-09 2.9489807e-06 0.00016360903)
(2.7623064e-07 2.9479562e-06 0.00015945446)
(3.6653601e-07 3.825829e-06 8.3084247e-05)
(4.5664036e-09 3.6212826e-06 0.00011836608)
(3.4455347e-07 3.6184047e-06 0.00011535667)
(2.642031e-09 3.9703516e-06 4.7441477e-05)
(3.832465e-07 3.9666381e-06 4.6228034e-05)
(-3.0154084e-07 3.3072896e-06 0.00014099675)
(-5.333062e-07 2.8960271e-06 0.00016359415)
(-2.6382639e-07 2.9489169e-06 0.00015945407)
(-3.5931975e-07 3.8262533e-06 8.3084149e-05)
(-6.7094332e-07 3.5515238e-06 0.00011835756)
(-3.3465262e-07 3.6190841e-06 0.00011535649)
(-7.5159188e-07 3.8897838e-06 4.7438535e-05)
(-3.7746318e-07 3.9668937e-06 4.6228014e-05)
(-9.1207345e-07 3.1826509e-06 0.00014097512)
(-1.0699628e-06 2.7322682e-06 0.00016355824)
(-8.0423681e-07 2.8419614e-06 0.00015942602)
(-1.0756134e-06 3.6740039e-06 8.3072913e-05)
(-1.3326887e-06 3.3415602e-06 0.00011833676)
(-1.0077398e-06 3.4790172e-06 0.00011534041)
(-1.4806342e-06 3.6521669e-06 4.7431143e-05)
(-1.1253867e-06 3.8058487e-06 4.6222459e-05)
(-1.5084347e-06 2.9303329e-06 0.00014094365)
(-1.5895427e-06 2.4535842e-06 0.00016352182)
(-1.3383251e-06 2.6210701e-06 0.00015938555)
(-1.761607e-06 3.3745254e-06 8.3056059e-05)
(-1.9603503e-06 2.9959701e-06 0.00011831559)
(-1.6585862e-06 3.1994705e-06 0.00011531688)
(-2.1598641e-06 3.2710618e-06 4.7423593e-05)
(-1.8353978e-06 3.4926077e-06 4.6214056e-05)
(-2.0659951e-06 2.5540588e-06 0.00014092118)
(-1.8423936e-06 2.285e-06 0.00015935656)
(-2.0610901e-06 2.0666861e-06 0.00016350637)
(-2.3922143e-06 2.9414294e-06 8.3044281e-05)
(-2.2618182e-06 2.7889166e-06 0.00011530012)
(-2.5242318e-06 2.5287888e-06 0.00011830662)
(-2.4828561e-06 3.045175e-06 4.6208188e-05)
(-2.7642228e-06 2.7667095e-06 4.7420446e-05)
(2.0736392e-06 2.548239e-06 0.00013376627)
(1.600425e-06 2.4482636e-06 0.00015522315)
(1.8521118e-06 2.279935e-06 0.00015106655)
(2.3974187e-06 2.937105e-06 7.881656e-05)
(1.9676456e-06 2.9895532e-06 0.00011230284)
(2.2687719e-06 2.7838514e-06 0.00010929371)
(2.1632347e-06 3.2657861e-06 4.4998514e-05)
(2.486932e-06 3.0420898e-06 4.378558e-05)
(1.5187336e-06 2.9241767e-06 0.00013378581)
(1.0829732e-06 2.7276817e-06 0.00015525524)
(1.3501677e-06 2.61662e-06 0.00015109249)
(1.7685041e-06 3.3693518e-06 7.882666e-05)
(1.341926e-06 3.3348629e-06 0.00011232132)
(1.6673067e-06 3.1943454e-06 0.0001093086)
(1.4851253e-06 3.6456571e-06 4.500504e-05)
(1.8403288e-06 3.4888562e-06 4.3790801e-05)
(9.2377553e-07 3.1771632e-06 0.00013381359)
(5.4675386e-07 2.8930494e-06 0.00015528701)
(8.1742516e-07 2.8388823e-06 0.00015112921)
(1.083437e-06 3.6684611e-06 7.884128e-05)
(6.8100275e-07 3.5453343e-06 0.00011233964)
(1.0177111e-06 3.4743372e-06 0.00010932991)
(7.568642e-07 3.8825298e-06 4.5011504e-05)
(1.1309518e-06 3.8015083e-06 4.3798383e-05)
(3.1320319e-07 3.3031227e-06 0.00013383269)
(6.6688453e-09 2.9478925e-06 0.00015529979)
(2.7738647e-07 2.9476355e-06 0.00015115451)
(3.6732689e-07 3.8209645e-06 7.885114e-05)
(5.3398829e-09 3.6162062e-06 0.000112347)
(3.4527719e-07 3.615346e-06 0.00010934443)
(3.1441125e-09 3.9631802e-06 4.5014097e-05)
(3.83556e-07 3.9624038e-06 4.380344e-05)
(-3.0120224e-07 3.3040062e-06 0.00013383241)
(-5.3381136e-07 2.8950393e-06 0.0001552862)
(-2.631838e-07 2.9487357e-06 0.00015115411)
(-3.5883718e-07 3.8214681e-06 7.8851051e-05)
(-6.7060661e-07 3.5467449e-06 0.00011233925)
(-3.3387088e-07 3.6161291e-06 0.00010934425)
(-7.5068713e-07 3.883072e-06 4.5011454e-05)
(-3.7678754e-07 3.9627085e-06 4.3803424e-05)
(-9.1244709e-07 3.1796798e-06 0.0001338127)
(-1.0711451e-06 2.7313654e-06 0.00015525352)
(-8.0406138e-07 2.8420172e-06 0.00015112795)
(-1.0753346e-06 3.6698934e-06 7.8840962e-05)
(-1.3323272e-06 3.3374698e-06 0.00011232042)
(-1.0069073e-06 3.4765653e-06 0.00010932929)
(-1.4792596e-06 3.6466581e-06 4.5004885e-05)
(-1.1244215e-06 3.802376e-06 4.3798303e-05)
(-1.5086479e-06 2.9279479e-06 0.00013378417)
(-1.5902688e-06 2.453092e-06 0.00015522042)
(-1.3383553e-06 2.6213174e-06 0.00015109024)
(-1.7611163e-06 3.3714946e-06 7.8825991e-05)
(-1.9592403e-06 2.9929605e-06 0.00011230127)
(-1.6576149e-06 3.1976775e-06 0.00010930739)
(-2.1578352e-06 3.2670913e-06 4.4998172e-05)
(-1.8342378e-06 3.4901516e-06 4.3790577e-05)
(-2.0651699e-06 2.5527019e-06 0.00013376375)
(-1.8423205e-06 2.2854919e-06 0.00015106322)
(-2.060731e-06 2.067192e-06 0.00015520636)
(-2.3909575e-06 2.9396329e-06 7.8815419e-05)
(-2.2605239e-06 2.78778e-06 0.00010929176)
(-2.5218768e-06 2.5271473e-06 0.00011229313)
(-2.4814112e-06 3.0436135e-06 4.3785134e-05)
(-2.7611821e-06 2.7641376e-06 4.499534e-05)
(2.0741081e-06 2.5482805e-06 0.00012661962)
(1.6009663e-06 2.4488834e-06 0.00014693469)
(1.8525501e-06 2.2800181e-06 0.00014277074)
(2.3977072e-06 2.9369055e-06 7.4595088e-05)
(1.9676373e-06 2.9891747e-06 0.00010629839)
(2.2689651e-06 2.7836493e-06 0.00010328316)
(2.1634783e-06 3.2655257e-06 4.2577179e-05)
(2.4872694e-06 3.0421041e-06 4.1361487e-05)
(1.5188202e-06 2.9243542e-06 0.00012663828)
(1.083194e-06 2.7284095e-06 0.00014696522)
(1.3499806e-06 2.6172896e-06 0.00014279571)
(1.7685849e-06 3.3690849e-06 7.4604742e-05)
(1.3418067e-06 3.3343514e-06 0.00010631606)
(1.6670914e-06 3.1945648e-06 0.00010329757)
(1.4852674e-06 3.645075e-06 4.2583426e-05)
(1.8404741e-06 3.4890618e-06 4.1366547e-05)
(9.2382659e-07 3.1771474e-06 0.00012666481)
(5.4712872e-07 2.8936518e-06 0.00014699543)
(8.172508e-07 2.8397531e-06 0.00014283106)
(1.0835165e-06 3.6678871e-06 7.4618705e-05)
(6.811611e-07 3.5445124e-06 0.00010633351)
(1.0175546e-06 3.474698e-06 0.00010331819)
(7.5708868e-07 3.8814926e-06 4.2589567e-05)
(1.1310953e-06 3.8017687e-06 4.1373922e-05)
(3.1369472e-07 3.3028405e-06 0.00012668296)
(7.5442902e-09 2.9484775e-06 0.00014700754)
(2.7793147e-07 2.9486137e-06 0.00014285538)
(3.6772098e-07 3.8200613e-06 7.4627963e-05)
(6.0752331e-09 3.6152685e-06 0.00010634048)
(3.4571566e-07 3.615758e-06 0.00010333223)
(3.6294419e-09 3.961932e-06 4.2592e-05)
(3.8391848e-07 3.9626561e-06 4.1378821e-05)
(-3.0008556e-07 3.303841e-06 0.00012668268)
(-5.3248941e-07 2.8959001e-06 0.00014699459)
(-2.616711e-07 2.9498794e-06 0.00014285498)
(-3.5801147e-07 3.8206384e-06 7.4627875e-05)
(-6.6933404e-07 3.5461156e-06 0.00010633312)
(-3.3263034e-07 3.6166607e-06 0.00010333205)
(-7.4995908e-07 3.8821244e-06 4.2589527e-05)
(-3.7611581e-07 3.9630128e-06 4.1378813e-05)
(-9.1098657e-07 3.1799958e-06 0.0001266639)
(-1.0698292e-06 2.7325651e-06 0.00014696345)
(-8.0195799e-07 2.8433593e-06 0.00014282978)
(-1.0742544e-06 3.6695287e-06 7.461839e-05)
(-1.3308955e-06 3.3373107e-06 0.00010631515)
(-1.005164e-06 3.4772671e-06 0.00010331758)
(-1.4785035e-06 3.6462405e-06 4.2583292e-05)
(-1.1235706e-06 3.8027847e-06 4.1373867e-05)
(-1.5074013e-06 2.9286149e-06 0.00012663661)
(-1.5895088e-06 2.454316e-06 0.00014693188)
(-1.3364752e-06 2.6226914e-06 0.00014279346)
(-1.7601488e-06 3.3715371e-06 7.4604083e-05)
(-1.9580939e-06 2.993034e-06 0.00010629682)
(-1.6559831e-06 3.1984073e-06 0.00010329639)
(-2.1572605e-06 3.2670434e-06 4.2576872e-05)
(-1.8334625e-06 3.4905799e-06 4.1366369e-05)
(-2.064538e-06 2.5533051e-06 0.00012661707)
(-1.8413732e-06 2.2864045e-06 0.00014276742)
(-2.0607432e-06 2.0679931e-06 0.00014691847)
(-2.3903436e-06 2.9397908e-06 7.4593971e-05)
(-2.2595233e-06 2.7881803e-06 0.00010328126)
(-2.5211609e-06 2.527089e-06 0.00010628902)
(-2.4809253e-06 3.043892e-06 4.136111e-05)
(-2.7607799e-06 2.7641783e-06 4.2574167e-05)
(2.0743595e-06 2.5482282e-06 0.00011946234)
(1.6006402e-06 2.4490463e-06 0.00013863479)
(1.8535488e-06 2.2818075e-06 0.00013446685)
(2.3982009e-06 2.9372236e-06 7.0366603e-05)
(1.9675963e-06 2.9895905e-06 0.00010028485)
(2.2695692e-06 2.7848231e-06 9.7267789e-05)
(2.1637004e-06 3.2660176e-06 4.0152385e-05)
(2.4880522e-06 3.0432184e-06 3.8937057e-05)
(1.5183887e-06 2.9251734e-06 0.00011948062)
(1.0825536e-06 2.7292516e-06 0.00013866459)
(1.3492235e-06 2.6202961e-06 0.00013449159)
(1.7686419e-06 3.3701687e-06 7.0376133e-05)
(1.3415127e-06 3.3354619e-06 0.00010030224)
(1.6664931e-06 3.1969463e-06 9.7282223e-05)
(1.4853868e-06 3.6461344e-06 4.0158598e-05)
(1.840672e-06 3.4911867e-06 3.8942237e-05)
(9.2347145e-07 3.1784834e-06 0.00011950663)
(5.4708879e-07 2.8949107e-06 0.00013869407)
(8.1614536e-07 2.8429747e-06 0.0001345266)
(1.0835783e-06 3.6695963e-06 7.0389963e-05)
(6.8125933e-07 3.5461138e-06 0.00010031948)
(1.0168127e-06 3.4776682e-06 9.7302872e-05)
(7.5733727e-07 3.8830492e-06 4.0164747e-05)
(1.1311848e-06 3.804756e-06 3.894975e-05)
(3.1419263e-07 3.3045732e-06 0.00011952447)
(8.7281428e-09 2.9500195e-06 0.00013870589)
(2.7804025e-07 2.951709e-06 0.0001345507)
(3.6819268e-07 3.8222838e-06 7.039925e-05)
(7.0203781e-09 3.6171514e-06 0.00010032638)
(3.458924e-07 3.6189555e-06 9.7316976e-05)
(4.1793827e-09 3.9637371e-06 4.0167202e-05)
(3.8425416e-07 3.9661886e-06 3.8954785e-05)
(-2.9845473e-07 3.3057411e-06 0.00011952418)
(-5.3015303e-07 2.8975388e-06 0.00013869321)
(-2.5973596e-07 2.9531387e-06 0.00013455029)
(-3.5698649e-07 3.8229593e-06 7.039916e-05)
(-6.6759181e-07 3.5479861e-06 0.00010031907)
(-3.3114647e-07 3.6199751e-06 9.7316795e-05)
(-7.4912813e-07 3.8837924e-06 4.0164711e-05)
(-3.7543609e-07 3.9665946e-06 3.8954776e-05)
(-9.086266e-07 3.1818107e-06 0.0001195057)
(-1.0670989e-06 2.7341128e-06 0.00013866279)
(-7.9893539e-07 2.8470476e-06 0.00013452532)
(-1.072892e-06 3.67152e-06 7.0389647e-05)
(-1.3289066e-06 3.338922e-06 0.00010030133)
(-1.002852e-06 3.4805705e-06 9.7302268e-05)
(-1.4776033e-06 3.6475077e-06 4.0158474e-05)
(-1.1226832e-06 3.8059126e-06 3.8949693e-05)
(-1.505192e-06 2.9301571e-06 0.00011947894)
(-1.5873988e-06 2.4554129e-06 0.00013863196)
(-1.334035e-06 2.6263955e-06 0.00013448934)
(-1.7589153e-06 3.3730481e-06 7.0375486e-05)
(-1.9565748e-06 2.9941145e-06 0.00010028329)
(-1.6539821e-06 3.2012873e-06 9.7281055e-05)
(-2.1565534e-06 3.2678119e-06 4.0152104e-05)
(-1.8327549e-06 3.4929158e-06 3.8942061e-05)
(-2.0633087e-06 2.5541206e-06 0.00011945979)
(-1.8409943e-06 2.2890156e-06 0.00013446354)
(-2.0598966e-06 2.0681034e-06 0.00013861887)
(-2.3897236e-06 2.9406233e-06 7.0365521e-05)
(-2.2589438e-06 2.7899422e-06 9.7265923e-05)
(-2.520616e-06 2.5273127e-06 0.00010027563)
(-2.4808968e-06 3.0452562e-06 3.893669e-05)
(-2.7605402e-06 2.7644087e-06 4.0149434e-05)
(2.0757022e-06 2.5512329e-06 0.00011229339)
(1.6011389e-06 2.4537152e-06 0.00013032084)
(1.8547305e-06 2.2833397e-06 0.000126151)
(2.3996833e-06 2.9399127e-06 6.6132769e-05)
(1.967585e-06 2.9927654e-06 9.4262504e-05)
(2.2702565e-06 2.7857575e-06 9.1242823e-05)
(2.1644164e-06 3.2687931e-06 3.7724832e-05)
(2.4889501e-06 3.0443877e-06 3.6506934e-05)
(1.5174474e-06 2.9297097e-06 0.00011231174)
(1.0812329e-06 2.734669e-06 0.00013035061)
(1.3491102e-06 2.6227517e-06 0.00012617491)
(1.7686605e-06 3.37449e-06 6.6142519e-05)
(1.34038e-06 3.3397358e-06 9.4280023e-05)
(1.6663441e-06 3.1989117e-06 9.1256747e-05)
(1.4854873e-06 3.6502148e-06 3.7731172e-05)
(1.8411221e-06 3.4934782e-06 3.651192e-05)
(9.2195922e-07 3.1832733e-06 0.00011233782)
(5.460685e-07 2.8999722e-06 0.00013038007)
(8.1568482e-07 2.8455134e-06 0.00012620874)
(1.0831912e-06 3.6749355e-06 6.6156598e-05)
(6.8054134e-07 3.5506879e-06 9.4297377e-05)
(1.0165594e-06 3.4801764e-06 9.1276645e-05)
(7.5748073e-07 3.8880186e-06 3.7737444e-05)
(1.1315517e-06 3.8080659e-06 3.651913e-05)
(3.1397216e-07 3.3090508e-06 0.00011235572)
(9.5900081e-09 2.954823e-06 0.00013039189)
(2.7831855e-07 2.9539756e-06 0.00012623199)
(3.6834966e-07 3.8279768e-06 6.6166098e-05)
(7.7374644e-09 3.6217774e-06 9.430434e-05)
(3.4620891e-07 3.621586e-06 9.1290175e-05)
(4.6459636e-09 3.9690459e-06 3.7739972e-05)
(3.8468739e-07 3.9700267e-06 3.6523926e-05)
(-2.9665826e-07 3.3103315e-06 0.00011235545)
(-5.2746268e-07 2.9028522e-06 0.00013037926)
(-2.5828175e-07 2.9555371e-06 0.00012623158)
(-3.5596079e-07 3.8287202e-06 6.6166019e-05)
(-6.6547887e-07 3.5527421e-06 9.4297004e-05)
(-3.3002746e-07 3.6227006e-06 9.1289993e-05)
(-7.4835594e-07 3.8888408e-06 3.7737417e-05)
(-3.7494125e-07 3.9704737e-06 3.6523915e-05)
(-9.0563131e-07 3.1869199e-06 0.00011233695)
(-1.0642638e-06 2.7399906e-06 0.0001303489)
(-7.9684185e-07 2.8499627e-06 0.00012620746)
(-1.0713791e-06 3.6770519e-06 6.6156316e-05)
(-1.3264924e-06 3.3435282e-06 9.4279173e-05)
(-1.0012363e-06 3.4833499e-06 9.1276041e-05)
(-1.4768386e-06 3.6517329e-06 3.7731068e-05)
(-1.1221554e-06 3.8093396e-06 3.6519067e-05)
(-1.5029412e-06 2.9351642e-06 0.00011231015)
(-1.5866159e-06 2.4606706e-06 0.00013031812)
(-1.3324765e-06 2.6294163e-06 0.00012617266)
(-1.7579139e-06 3.3776536e-06 6.6141923e-05)
(-1.9554512e-06 2.9977142e-06 9.4261036e-05)
(-1.6526079e-06 3.2036591e-06 9.1255579e-05)
(-2.1564793e-06 3.2707733e-06 3.7724578e-05)
(-1.8323729e-06 3.4953827e-06 3.6511736e-05)
(-2.0635685e-06 2.5576649e-06 0.00011229096)
(-1.8409781e-06 2.2912173e-06 0.00012614771)
(-2.0622333e-06 2.0710932e-06 0.00013030506)
(-2.3903241e-06 2.9436392e-06 6.6131754e-05)
(-2.258586e-06 2.7913567e-06 9.1240963e-05)
(-2.5217367e-06 2.5289775e-06 9.4253332e-05)
(-2.4810441e-06 3.0466325e-06 3.6506561e-05)
(-2.7617205e-06 2.7659564e-06 3.7721838e-05)
(2.0762873e-06 2.5507665e-06 0.00010512337)
(1.6016712e-06 2.4530668e-06 0.00012200599)
(1.8559393e-06 2.2832613e-06 0.0001178444)
(2.3999277e-06 2.9394998e-06 6.1896005e-05)
(1.9680975e-06 2.9925174e-06 8.8237552e-05)
(2.2707703e-06 2.7851744e-06 8.5223912e-05)
(2.1650203e-06 3.2694973e-06 3.52943e-05)
(2.4893202e-06 3.0442111e-06 3.4079257e-05)
(1.5181845e-06 2.929703e-06 0.00010514056)
(1.0819167e-06 2.7342793e-06 0.00012203401)
(1.3504612e-06 2.6227746e-06 0.00011786657)
(1.7690487e-06 3.3746269e-06 6.1905171e-05)
(1.3410501e-06 3.3399627e-06 8.8253959e-05)
(1.6670903e-06 3.1984605e-06 8.523681e-05)
(1.4861682e-06 3.6517508e-06 3.5300258e-05)
(1.8416007e-06 3.4936208e-06 3.4083927e-05)
(9.2280819e-07 3.1836965e-06 0.00010516501)
(5.4687037e-07 2.8997304e-06 0.00012206171)
(8.1698088e-07 2.8457308e-06 0.00011789796)
(1.083746e-06 3.675598e-06 6.1918412e-05)
(6.8129083e-07 3.551261e-06 8.8270139e-05)
(1.0174072e-06 3.4799604e-06 8.5255226e-05)
(7.5812723e-07 3.8901995e-06 3.5306094e-05)
(1.1321068e-06 3.8085752e-06 3.4090673e-05)
(3.1480843e-07 3.3096825e-06 0.00010518168)
(1.0464468e-08 2.9546918e-06 0.00012207277)
(2.7933125e-07 2.9543705e-06 0.00011791949)
(3.6895595e-07 3.8288886e-06 6.1927133e-05)
(8.459261e-09 3.6225098e-06 8.8276569e-05)
(3.4697201e-07 3.6215362e-06 8.5267677e-05)
(5.1095601e-09 3.9714545e-06 3.5308391e-05)
(3.8518939e-07 3.9707235e-06 3.4095082e-05)
(-2.9590242e-07 3.3110772e-06 0.00010518139)
(-5.2656186e-07 2.9028682e-06 0.00012206085)
(-2.5767943e-07 2.9560522e-06 0.00011791909)
(-3.5538355e-07 3.8297005e-06 6.1927042e-05)
(-6.6481902e-07 3.5535009e-06 8.8269733e-05)
(-3.2945039e-07 3.622737e-06 8.52675e-05)
(-7.4809148e-07 3.8911016e-06 3.530605e-05)
(-3.7456727e-07 3.9712082e-06 3.4095069e-05)
(-9.0496767e-07 3.1876712e-06 0.00010516409)
(-1.0633796e-06 2.740084e-06 0.00012203222)
(-7.9661583e-07 2.8505231e-06 0.00011789672)
(-1.0708001e-06 3.6779109e-06 6.1918093e-05)
(-1.3258525e-06 3.3441019e-06 8.8253047e-05)
(-1.0008114e-06 3.4833796e-06 8.5254641e-05)
(-1.4766554e-06 3.6534177e-06 3.5300121e-05)
(-1.1218654e-06 3.8099567e-06 3.4090607e-05)
(-1.502317e-06 2.9356576e-06 0.00010513889)
(-1.5857839e-06 2.4606699e-06 0.00012200317)
(-1.3324783e-06 2.629954e-06 0.00011786439)
(-1.7572625e-06 3.3780886e-06 6.1904519e-05)
(-1.9548033e-06 2.9979295e-06 8.8236001e-05)
(-1.6522066e-06 3.2035762e-06 8.5235677e-05)
(-2.1562891e-06 3.2716752e-06 3.5294002e-05)
(-1.8320637e-06 3.4956872e-06 3.4083741e-05)
(-2.0629925e-06 2.5578074e-06 0.00010512084)
(-1.8410638e-06 2.2917487e-06 0.0001178412)
(-2.0615355e-06 2.070958e-06 0.00012199085)
(-2.3896524e-06 2.943587e-06 6.1894922e-05)
(-2.258116e-06 2.7912095e-06 8.5222111e-05)
(-2.5212157e-06 2.5289194e-06 8.8228761e-05)
(-2.4807013e-06 3.046648e-06 3.4078885e-05)
(-2.7617497e-06 2.7662968e-06 3.5291431e-05)
(2.0773768e-06 2.5505125e-06 9.7962748e-05)
(1.6037096e-06 2.4536416e-06 0.0001137019)
(1.8567828e-06 2.2817469e-06 0.00010953406)
(2.4008409e-06 2.9394832e-06 5.7664667e-05)
(1.9688543e-06 2.9917215e-06 8.2220181e-05)
(2.2714015e-06 2.7838465e-06 7.9201388e-05)
(2.1652778e-06 3.2687501e-06 3.2866412e-05)
(2.4897728e-06 3.0434843e-06 3.16483e-05)
(1.5195246e-06 2.9292435e-06 9.7978338e-05)
(1.0839e-06 2.734891e-06 0.00011372739)
(1.3524922e-06 2.6205753e-06 0.00010955367)
(1.7700622e-06 3.3745064e-06 5.7672987e-05)
(1.34199e-06 3.3390589e-06 8.2235014e-05)
(1.6685919e-06 3.1964153e-06 7.9212654e-05)
(1.4865361e-06 3.6508599e-06 3.2871785e-05)
(1.8424081e-06 3.492337e-06 3.1652305e-05)
(9.2410232e-07 3.1832715e-06 9.800047e-05)
(5.4839382e-07 2.9005716e-06 0.00011375257)
(8.1921003e-07 2.8436747e-06 0.00010958153)
(1.0846888e-06 3.675532e-06 5.7684914e-05)
(6.8216553e-07 3.5504163e-06 8.2249625e-05)
(1.0190351e-06 3.4777788e-06 7.9228832e-05)
(7.5854129e-07 3.8892234e-06 3.2877014e-05)
(1.1329244e-06 3.8069707e-06 3.1658129e-05)
(3.1574978e-07 3.3094132e-06 9.801556e-05)
(1.1207612e-08 2.9557235e-06 0.00011376262)
(2.8062233e-07 2.9527962e-06 0.00010960065)
(3.6964715e-07 3.8289346e-06 5.7692778e-05)
(9.0798074e-09 3.6217607e-06 8.2255432e-05)
(3.4795325e-07 3.6195561e-06 7.9239789e-05)
(5.523289e-09 3.9704768e-06 3.2879075e-05)
(3.8573748e-07 3.9690694e-06 3.166194e-05)
(-2.9548058e-07 3.3109002e-06 9.8015292e-05)
(-5.2664582e-07 2.9039157e-06 0.00011375177)
(-2.5784661e-07 2.9545524e-06 0.00010960026)
(-3.5503969e-07 3.8298013e-06 5.7692692e-05)
(-6.6448596e-07 3.5528031e-06 8.2249249e-05)
(-3.2945027e-07 3.6208126e-06 7.9239607e-05)
(-7.4769274e-07 3.8901917e-06 3.2876966e-05)
(-3.7438924e-07 3.9695829e-06 3.1661913e-05)
(-9.0497947e-07 3.1875064e-06 9.7999621e-05)
(-1.0640563e-06 2.7410717e-06 0.00011372572)
(-7.9777961e-07 2.8486787e-06 0.00010958032)
(-1.070756e-06 3.678e-06 5.7684616e-05)
(-1.3256795e-06 3.3434663e-06 8.2234168e-05)
(-1.0015004e-06 3.4813572e-06 7.9228237e-05)
(-1.4762527e-06 3.6526483e-06 3.2871644e-05)
(-1.1219774e-06 3.8084343e-06 3.1658025e-05)
(-1.5025211e-06 2.9355805e-06 9.7976788e-05)
(-1.5867114e-06 2.4617233e-06 0.00011369928)
(-1.333548e-06 2.6280725e-06 0.00010955154)
(-1.7573762e-06 3.3781968e-06 5.7672376e-05)
(-1.9545868e-06 2.997476e-06 8.2218742e-05)
(-1.6528458e-06 3.2017714e-06 7.9211517e-05)
(-2.1558385e-06 3.2710852e-06 3.2866115e-05)
(-1.8322031e-06 3.4945283e-06 3.1652062e-05)
(-2.0631351e-06 2.5579895e-06 9.7960405e-05)
(-1.8410825e-06 2.2906102e-06 0.00010953094)
(-2.0624499e-06 2.0721996e-06 0.00011368809)
(-2.3897788e-06 2.9438333e-06 5.7663656e-05)
(-2.2579866e-06 2.7901685e-06 7.9199598e-05)
(-2.5207886e-06 2.5287746e-06 8.2212189e-05)
(-2.480537e-06 3.0460715e-06 3.1647861e-05)
(-2.7611618e-06 2.7659184e-06 3.2863764e-05)
(2.0777701e-06 2.5479339e-06 9.0795538e-05)
(1.6046036e-06 2.4493357e-06 0.00010538979)
(1.8572419e-06 2.2790122e-06 0.00010122789)
(2.4012581e-06 2.9377415e-06 5.3429593e-05)
(1.9702743e-06 2.9891217e-06 7.6197011e-05)
(2.2716344e-06 2.7813933e-06 7.3182945e-05)
(2.166314e-06 3.2674652e-06 3.0436102e-05)
(2.4898113e-06 3.0418207e-06 2.922088e-05)
(1.5217303e-06 2.9254827e-06 9.0808897e-05)
(1.086254e-06 2.7300116e-06 0.0001054119)
(1.3548229e-06 2.6168431e-06 0.00010124495)
(1.7715101e-06 3.3715727e-06 5.3436583e-05)
(1.3442409e-06 3.3357167e-06 7.620974e-05)
(1.6701996e-06 3.1927381e-06 7.3192679e-05)
(1.4878361e-06 3.6488456e-06 3.0440664e-05)
(1.8430549e-06 3.4894975e-06 2.9224314e-05)
(9.2667747e-07 3.1794986e-06 9.0828063e-05)
(5.5044056e-07 2.8961089e-06 0.00010543381)
(8.2192872e-07 2.8400555e-06 0.0001012693)
(1.0862679e-06 3.6720478e-06 5.3446865e-05)
(6.839365e-07 3.5470982e-06 7.6222376e-05)
(1.0209215e-06 3.4736201e-06 7.3206743e-05)
(7.5951101e-07 3.8869382e-06 3.0445168e-05)
(1.1336689e-06 3.8032061e-06 2.9229344e-05)
(3.170854e-07 3.3061745e-06 9.0841157e-05)
(1.1587702e-08 2.9516364e-06 0.00010544254)
(2.8207439e-07 2.9496857e-06 0.00010128606)
(3.705101e-07 3.825483e-06 5.3453687e-05)
(9.4398876e-09 3.6186114e-06 7.6227398e-05)
(3.490076e-07 3.6154337e-06 7.3216325e-05)
(5.8352651e-09 3.968176e-06 3.0446933e-05)
(3.8623018e-07 3.9649137e-06 2.9232663e-05)
(-2.9607407e-07 3.3076996e-06 9.0840897e-05)
(-5.2794204e-07 2.8995332e-06 0.00010543304)
(-2.583618e-07 2.9515085e-06 0.00010128569)
(-3.5522871e-07 3.8263774e-06 5.3453598e-05)
(-6.6554405e-07 3.5495531e-06 7.6222007e-05)
(-3.296773e-07 3.6167422e-06 7.3216155e-05)
(-7.4804326e-07 3.8879512e-06 3.0445107e-05)
(-3.7425191e-07 3.9654573e-06 2.9232636e-05)
(-9.0683276e-07 3.1838447e-06 9.0827243e-05)
(-1.0656883e-06 2.7363469e-06 0.0001054103)
(-7.9959489e-07 2.8452514e-06 0.00010126816)
(-1.0716746e-06 3.6745969e-06 5.3446563e-05)
(-1.3272404e-06 3.3402564e-06 7.6208921e-05)
(-1.0025844e-06 3.4773487e-06 7.3206189e-05)
(-1.4769487e-06 3.6507199e-06 3.0440504e-05)
(-1.1221053e-06 3.8047555e-06 2.9229244e-05)
(-1.5040395e-06 2.9319966e-06 9.080741e-05)
(-1.5869264e-06 2.4576356e-06 0.00010538728)
(-1.3350398e-06 2.6246361e-06 0.00010124296)
(-1.7581881e-06 3.3753923e-06 5.3435981e-05)
(-1.9553537e-06 2.9950634e-06 7.6195629e-05)
(-1.6536988e-06 3.198325e-06 7.3191628e-05)
(-2.1562957e-06 3.2699197e-06 3.0435789e-05)
(-1.8322585e-06 3.4918188e-06 2.922409e-05)
(-2.0628912e-06 2.5556392e-06 9.0793299e-05)
(-1.8407968e-06 2.2882367e-06 0.00010122497)
(-2.0603258e-06 2.0700166e-06 0.00010537759)
(-2.3895972e-06 2.9422576e-06 5.3428611e-05)
(-2.2575347e-06 2.7879968e-06 7.3181296e-05)
(-2.5199483e-06 2.5279236e-06 7.6190035e-05)
(-2.4800194e-06 3.0445637e-06 2.9220486e-05)
(-2.7609041e-06 2.7657263e-06 3.0433828e-05)
(2.0781428e-06 2.5454145e-06 8.3631896e-05)
(1.6065566e-06 2.4471193e-06 9.7081805e-05)
(1.8583058e-06 2.2777424e-06 9.2927526e-05)
(2.4009493e-06 2.935163e-06 4.9196705e-05)
(1.9707497e-06 2.985549e-06 7.0177336e-05)
(2.2719386e-06 2.7796358e-06 6.7168723e-05)
(2.1659994e-06 3.2642219e-06 2.8007893e-05)
(2.4895573e-06 3.0401145e-06 2.6794585e-05)
(1.523517e-06 2.9219346e-06 8.3643587e-05)
(1.0890386e-06 2.7274871e-06 9.7101187e-05)
(1.3564895e-06 2.6152764e-06 9.2942918e-05)
(1.7721726e-06 3.3677074e-06 4.9202759e-05)
(1.3455673e-06 3.3311836e-06 7.0188447e-05)
(1.6710262e-06 3.1903447e-06 6.7177542e-05)
(1.4879915e-06 3.6442286e-06 2.8011806e-05)
(1.8431017e-06 3.4869097e-06 2.6797694e-05)
(9.2874202e-07 3.1756072e-06 8.3660375e-05)
(5.5261999e-07 2.8938161e-06 9.7120458e-05)
(8.235592e-07 2.8385198e-06 9.2964964e-05)
(1.087201e-06 3.6671971e-06 4.9211564e-05)
(6.8515422e-07 3.542121e-06 7.01995e-05)
(1.0218309e-06 3.4707661e-06 6.7190292e-05)
(7.5981862e-07 3.8812946e-06 2.8015668e-05)
(1.1338223e-06 3.7996994e-06 2.6802202e-05)
(3.1826844e-07 3.3023041e-06 8.3671915e-05)
(1.2143911e-08 2.9495544e-06 9.712814e-05)
(2.8304336e-07 2.9482425e-06 9.2980168e-05)
(3.7114583e-07 3.8201379e-06 4.9217494e-05)
(9.9065289e-09 3.6135632e-06 7.0203902e-05)
(3.496418e-07 3.6123319e-06 6.7198989e-05)
(6.1529657e-09 3.9621949e-06 2.8017203e-05)
(3.864681e-07 3.9608152e-06 2.6805201e-05)
(-2.9623494e-07 3.3039096e-06 8.3671657e-05)
(-5.2903123e-07 2.8974186e-06 9.7119703e-05)
(-2.5829221e-07 2.9501632e-06 9.2979845e-05)
(-3.5507991e-07 3.8210853e-06 4.9217397e-05)
(-6.6584465e-07 3.5447099e-06 7.0199127e-05)
(-3.2944817e-07 3.6137177e-06 6.7198839e-05)
(-7.4772338e-07 3.8823787e-06 2.8015589e-05)
(-3.7391288e-07 3.9614043e-06 2.6805169e-05)
(-9.0791322e-07 3.1801844e-06 8.3659561e-05)
(-1.0674509e-06 2.7341556e-06 9.7099614e-05)
(-8.0020548e-07 2.8440039e-06 9.2963949e-05)
(-1.071847e-06 3.6698975e-06 4.9211243e-05)
(-1.3276985e-06 3.3359724e-06 7.0187625e-05)
(-1.002645e-06 3.4747197e-06 6.7189795e-05)
(-1.4764994e-06 3.6462331e-06 2.8011617e-05)
(-1.121691e-06 3.801378e-06 2.680209e-05)
(-1.5049202e-06 2.9287987e-06 8.3642118e-05)
(-1.5879714e-06 2.4558595e-06 9.7079335e-05)
(-1.335737e-06 2.6235244e-06 9.2941109e-05)
(-1.7581366e-06 3.3717532e-06 4.9202139e-05)
(-1.9550402e-06 2.9918174e-06 7.0175964e-05)
(-1.6537123e-06 3.1962804e-06 6.7176586e-05)
(-2.1554111e-06 3.266844e-06 2.8007552e-05)
(-1.831755e-06 3.4894233e-06 2.6797456e-05)
(-2.0624723e-06 2.5535352e-06 8.3629687e-05)
(-1.8409827e-06 2.287541e-06 9.2924834e-05)
(-2.0598826e-06 2.0694737e-06 9.7070836e-05)
(-2.3886397e-06 2.9399436e-06 4.9195715e-05)
(-2.2570855e-06 2.7866702e-06 6.7167203e-05)
(-2.5182354e-06 2.5261394e-06 7.0171063e-05)
(-2.4792373e-06 3.0430827e-06 2.6794181e-05)
(-2.7591518e-06 2.7639521e-06 2.8005835e-05)
(2.0790545e-06 2.5448046e-06 7.6479879e-05)
(1.6073615e-06 2.4464827e-06 8.8788014e-05)
(1.8590099e-06 2.2771998e-06 8.4632791e-05)
(2.401567e-06 2.9345896e-06 4.4970636e-05)
(1.9714285e-06 2.9849551e-06 6.4167625e-05)
(2.2725084e-06 2.7791338e-06 6.1157204e-05)
(2.1661192e-06 3.2631628e-06 2.5582952e-05)
(2.4900067e-06 3.039801e-06 2.4368255e-05)
(1.5241427e-06 2.9213715e-06 7.6490781e-05)
(1.0895867e-06 2.7268958e-06 8.8806024e-05)
(1.3566612e-06 2.6151897e-06 8.4647177e-05)
(1.7725874e-06 3.3669673e-06 4.4976288e-05)
(1.3460077e-06 3.3304563e-06 6.4178033e-05)
(1.6711823e-06 3.1901567e-06 6.1165506e-05)
(1.4880487e-06 3.6427461e-06 2.558662e-05)
(1.8433221e-06 3.486688e-06 2.4371165e-05)
(9.2915172e-07 3.1748929e-06 7.6506503e-05)
(5.5306202e-07 2.8931267e-06 8.8823965e-05)
(8.2352605e-07 2.8386503e-06 8.4667867e-05)
(1.0874686e-06 3.6661329e-06 4.4984547e-05)
(6.8550186e-07 3.5411376e-06 6.4188382e-05)
(1.0218252e-06 3.4707277e-06 6.1177573e-05)
(7.5991941e-07 3.8793295e-06 2.5590228e-05)
(1.1339367e-06 3.7995121e-06 2.4375443e-05)
(3.1866327e-07 3.3013726e-06 7.6517289e-05)
(1.2628063e-08 2.9488487e-06 8.8831152e-05)
(2.8321551e-07 2.9484905e-06 8.4682163e-05)
(3.7142972e-07 3.8187502e-06 4.4990028e-05)
(1.0304789e-08 3.6124847e-06 6.4192513e-05)
(3.4979157e-07 3.6123695e-06 6.1185819e-05)
(6.4130546e-09 3.9600242e-06 2.5591646e-05)
(3.866176e-07 3.9606441e-06 2.4378274e-05)
(-2.9574991e-07 3.303073e-06 7.6517103e-05)
(-5.2850276e-07 2.8969376e-06 8.8823387e-05)
(-2.5773395e-07 2.9505101e-06 8.4681924e-05)
(-3.5470675e-07 3.8197687e-06 4.4989962e-05)
(-6.6539536e-07 3.5438953e-06 6.4188114e-05)
(-3.2899567e-07 3.6138427e-06 6.1185719e-05)
(-7.4730595e-07 3.8805174e-06 2.5590166e-05)
(-3.7366392e-07 3.961297e-06 2.4378251e-05)
(-9.0743806e-07 3.1797515e-06 7.6505893e-05)
(-1.0670311e-06 2.7339747e-06 8.8804779e-05)
(-7.9941948e-07 2.8444308e-06 8.4667092e-05)
(-1.0714582e-06 3.6690389e-06 4.4984313e-05)
(-1.3273447e-06 3.3355699e-06 6.4177408e-05)
(-1.0020221e-06 3.4749376e-06 6.1177217e-05)
(-1.4760428e-06 3.6449419e-06 2.5586463e-05)
(-1.1214035e-06 3.801371e-06 2.4375353e-05)
(-1.5046688e-06 2.9286883e-06 7.6489623e-05)
(-1.5878373e-06 2.4558119e-06 8.8785983e-05)
(-1.3351331e-06 2.6239221e-06 8.4645727e-05)
(-1.7579014e-06 3.37133e-06 4.4975801e-05)
(-1.9549417e-06 2.9916763e-06 6.4166522e-05)
(-1.6532322e-06 3.1964967e-06 6.1164763e-05)
(-2.1550225e-06 3.2660347e-06 2.5582653e-05)
(-1.8315638e-06 3.4894678e-06 2.4370956e-05)
(-2.062543e-06 2.5535136e-06 7.6478055e-05)
(-1.840915e-06 2.2876341e-06 8.4630525e-05)
(-2.0600296e-06 2.0693465e-06 8.8778164e-05)
(-2.3886224e-06 2.9397616e-06 4.4969814e-05)
(-2.257009e-06 2.7866778e-06 6.1155936e-05)
(-2.5183574e-06 2.5260351e-06 6.4161984e-05)
(-2.4792543e-06 3.0430771e-06 2.4367876e-05)
(-2.7587656e-06 2.7634265e-06 2.558106e-05)
(2.0794002e-06 2.5443496e-06 6.9323274e-05)
(1.6074086e-06 2.4465006e-06 8.0490123e-05)
(1.8600018e-06 2.2779758e-06 7.632813e-05)
(2.4018803e-06 2.9342382e-06 4.0740304e-05)
(1.9714596e-06 2.9848686e-06 5.8153256e-05)
(2.2736258e-06 2.7801027e-06 5.5138124e-05)
(2.1666599e-06 3.2636928e-06 2.3155016e-05)
(2.4910969e-06 3.0407592e-06 2.1938348e-05)
(1.5238273e-06 2.9216272e-06 6.9333675e-05)
(1.0891427e-06 2.7275406e-06 8.0507239e-05)
(1.3559641e-06 2.6171097e-06 7.6341969e-05)
(1.7724921e-06 3.3671918e-06 4.0745736e-05)
(1.3456947e-06 3.3309659e-06 5.8163272e-05)
(1.6709726e-06 3.1923296e-06 5.5146234e-05)
(1.4883111e-06 3.6438257e-06 2.3158571e-05)
(1.8436838e-06 3.4886438e-06 2.1941255e-05)
(9.2868723e-07 3.175647e-06 6.9348747e-05)
(5.5273731e-07 2.894195e-06 8.0524334e-05)
(8.2230331e-07 2.8408693e-06 7.6361915e-05)
(1.0872896e-06 3.6669079e-06 4.0753745e-05)
(6.8528365e-07 3.5421225e-06 5.8173287e-05)
(1.0211705e-06 3.4735907e-06 5.5158043e-05)
(7.6006296e-07 3.88094e-06 2.3162102e-05)
(1.1340015e-06 3.8023933e-06 2.194551e-05)
(3.1858313e-07 3.3025163e-06 6.9359134e-05)
(1.2874469e-08 2.9501457e-06 8.0531225e-05)
(2.8279646e-07 2.9506766e-06 7.6375754e-05)
(3.7144582e-07 3.8200124e-06 4.0759134e-05)
(1.0509086e-08 3.6137252e-06 5.8177322e-05)
(3.4958752e-07 3.6155568e-06 5.5166175e-05)
(6.5513773e-09 3.9619165e-06 2.31635e-05)
(3.8668012e-07 3.9641454e-06 2.1948373e-05)
(-2.9521683e-07 3.3043077e-06 6.9359006e-05)
(-5.2766572e-07 2.8981928e-06 8.0523904e-05)
(-2.5678014e-07 2.9528096e-06 7.6375622e-05)
(-3.5437844e-07 3.8211149e-06 4.0759093e-05)
(-6.6475488e-07 3.5450552e-06 5.8173104e-05)
(-3.283869e-07 3.6171367e-06 5.5166142e-05)
(-7.4716798e-07 3.8822682e-06 2.3162054e-05)
(-3.7351376e-07 3.9648871e-06 2.1948368e-05)
(-9.0648806e-07 3.1807761e-06 6.9348304e-05)
(-1.0660272e-06 2.7349898e-06 8.0506271e-05)
(-7.9761718e-07 2.8469925e-06 7.6361447e-05)
(-1.0709184e-06 3.6700551e-06 4.0753584e-05)
(-1.3265732e-06 3.3364152e-06 5.8162809e-05)
(-1.0009297e-06 3.478116e-06 5.5157879e-05)
(-1.4760061e-06 3.6462767e-06 2.3158438e-05)
(-1.1212427e-06 3.8045046e-06 2.1945471e-05)
(-1.5038177e-06 2.9293784e-06 6.9332774e-05)
(-1.5872759e-06 2.4563608e-06 8.0488458e-05)
(-1.3337853e-06 2.6264119e-06 7.6340985e-05)
(-1.7574131e-06 3.37192e-06 4.0745358e-05)
(-1.9544678e-06 2.9920508e-06 5.8152366e-05)
(-1.6525251e-06 3.1991737e-06 5.5145782e-05)
(-2.1552277e-06 3.2668891e-06 2.3154739e-05)
(-1.8316653e-06 3.4917992e-06 2.1941117e-05)
(-2.0623098e-06 2.5536135e-06 6.9321754e-05)
(-1.841193e-06 2.2891744e-06 7.632642e-05)
(-2.0603076e-06 2.0691202e-06 8.0481092e-05)
(-2.3884974e-06 2.9398453e-06 4.0739605e-05)
(-2.2575568e-06 2.7882923e-06 5.5137202e-05)
(-2.5185143e-06 2.5257812e-06 5.8148046e-05)
(-2.4800157e-06 3.0444725e-06 2.193804e-05)
(-2.7594061e-06 2.7638093e-06 2.3153209e-05)
(2.0811505e-06 2.5465334e-06 6.2157824e-05)
(1.6076085e-06 2.4492272e-06 7.2181722e-05)
(1.8609799e-06 2.278928e-06 6.801359e-05)
(2.4038408e-06 2.9365974e-06 3.6505414e-05)
(1.9722889e-06 2.988133e-06 5.2131921e-05)
(2.2748252e-06 2.7813599e-06 4.9112045e-05)
(2.1675355e-06 3.2661011e-06 2.0724367e-05)
(2.4922937e-06 3.0420332e-06 1.9505451e-05)
(1.5232218e-06 2.9254381e-06 6.2167922e-05)
(1.0875882e-06 2.7310815e-06 7.2198239e-05)
(1.3552813e-06 2.6191513e-06 6.802634e-05)
(1.7728109e-06 3.3712357e-06 3.6510792e-05)
(1.3450694e-06 3.3355265e-06 5.214168e-05)
(1.6708416e-06 3.1948561e-06 4.9119493e-05)
(1.488419e-06 3.6476068e-06 2.0727855e-05)
(1.8441105e-06 3.4911431e-06 1.9508081e-05)
(9.2726211e-07 3.1799346e-06 6.2182534e-05)
(5.5136473e-07 2.8975553e-06 7.2214772e-05)
(8.2103316e-07 2.8430671e-06 6.8044715e-05)
(1.0869445e-06 3.6721052e-06 3.6518658e-05)
(6.8459237e-07 3.5472012e-06 5.2151459e-05)
(1.0205383e-06 3.4768054e-06 4.9130328e-05)
(7.6001395e-07 3.8857188e-06 2.0731327e-05)
(1.1340996e-06 3.8059907e-06 1.9511933e-05)
(3.1803569e-07 3.3067003e-06 6.2192674e-05)
(1.3157805e-08 2.9533462e-06 7.2221515e-05)
(2.8220067e-07 2.9526034e-06 6.8057497e-05)
(3.7131438e-07 3.8257157e-06 3.6524028e-05)
(1.0705317e-08 3.6189691e-06 5.2155457e-05)
(3.4926603e-07 3.6189536e-06 4.9137792e-05)
(6.6229385e-09 3.9671159e-06 2.0732739e-05)
(3.866782e-07 3.9683294e-06 1.9514521e-05)
(-2.9418273e-07 3.3086199e-06 6.2192643e-05)
(-5.2569876e-07 2.9018207e-06 7.2214578e-05)
(-2.5613406e-07 2.9548186e-06 6.8057492e-05)
(-3.5397339e-07 3.8269345e-06 3.6524036e-05)
(-6.6364975e-07 3.5503796e-06 5.2151424e-05)
(-3.280641e-07 3.6206232e-06 4.9137836e-05)
(-7.4696679e-07 3.8872469e-06 2.0731317e-05)
(-3.735704e-07 3.9691609e-06 1.9514535e-05)
(-9.0453024e-07 3.1854488e-06 6.2182369e-05)
(-1.0638058e-06 2.7390713e-06 7.2197716e-05)
(-7.9621887e-07 2.8494482e-06 6.8044622e-05)
(-1.0702734e-06 3.6755918e-06 3.6518636e-05)
(-1.3254743e-06 3.3414582e-06 5.2141493e-05)
(-1.0002412e-06 3.4816009e-06 4.9130395e-05)
(-1.4759296e-06 3.6504295e-06 2.0727789e-05)
(-1.1213787e-06 3.8083595e-06 1.9511949e-05)
(-1.5025978e-06 2.9338254e-06 6.2167446e-05)
(-1.5867184e-06 2.4598913e-06 7.2180652e-05)
(-1.332839e-06 2.6289098e-06 6.8025959e-05)
(-1.7573747e-06 3.376495e-06 3.6510623e-05)
(-1.9547342e-06 2.9960043e-06 5.21314e-05)
(-1.652234e-06 3.2021471e-06 4.9119414e-05)
(-2.1558496e-06 3.2697858e-06 2.0724173e-05)
(-1.8320767e-06 3.4946884e-06 1.9508032e-05)
(-2.0633525e-06 2.5566487e-06 6.2156821e-05)
(-1.8417509e-06 2.2907832e-06 6.8012672e-05)
(-2.0623467e-06 2.0706974e-06 7.2173613e-05)
(-2.3900083e-06 2.9428673e-06 3.650496e-05)
(-2.2584529e-06 2.7901461e-06 4.9111617e-05)
(-2.5209512e-06 2.5278188e-06 5.2127227e-05)
(-2.4810892e-06 3.0462097e-06 1.9505258e-05)
(-2.761238e-06 2.7653488e-06 2.0722656e-05)
(2.0816163e-06 2.5466058e-06 5.4979672e-05)
(1.6076491e-06 2.4495224e-06 6.3858183e-05)
(1.8606416e-06 2.2782403e-06 5.9697363e-05)
(2.4040842e-06 2.9365349e-06 3.2262505e-05)
(1.9724803e-06 2.9886821e-06 4.6099355e-05)
(2.2745093e-06 2.7807522e-06 4.3085023e-05)
(2.1682502e-06 3.2674882e-06 1.8288769e-05)
(2.491957e-06 3.0414834e-06 1.7072405e-05)
(1.5230524e-06 2.9262682e-06 5.4988581e-05)
(1.0871054e-06 2.731808e-06 6.3872837e-05)
(1.3546972e-06 2.6186564e-06 5.9708513e-05)
(1.7726491e-06 3.3719632e-06 3.226723e-05)
(1.3448557e-06 3.336737e-06 4.6107947e-05)
(1.6703508e-06 3.1945315e-06 4.309152e-05)
(1.4887875e-06 3.6499423e-06 1.829182e-05)
(1.8437121e-06 3.4909433e-06 1.7074703e-05)
(9.2681936e-07 3.1811728e-06 5.5001477e-05)
(5.5081678e-07 2.8983247e-06 6.3887505e-05)
(8.2037803e-07 2.8426048e-06 5.9724472e-05)
(1.086669e-06 3.6734447e-06 3.2274183e-05)
(6.8428397e-07 3.5487421e-06 4.6116532e-05)
(1.0200268e-06 3.4766823e-06 4.3100883e-05)
(7.6013512e-07 3.8887262e-06 1.8294843e-05)
(1.1337667e-06 3.8061481e-06 1.7078043e-05)
(3.1768022e-07 3.3079852e-06 5.5010397e-05)
(1.2919629e-08 2.9540763e-06 6.389356e-05)
(2.8167926e-07 2.9520603e-06 5.9735584e-05)
(3.7109151e-07 3.827291e-06 3.2278822e-05)
(1.0506097e-08 3.6206076e-06 4.6120072e-05)
(3.4885495e-07 3.6188775e-06 4.3107312e-05)
(6.4900374e-09 3.9703744e-06 1.8296057e-05)
(3.8642492e-07 3.9686576e-06 1.7080244e-05)
(-2.9426228e-07 3.3099483e-06 5.5010486e-05)
(-5.2557476e-07 2.9026612e-06 6.3887612e-05)
(-2.5639921e-07 2.9542613e-06 5.9735716e-05)
(-3.5408135e-07 3.8285773e-06 3.2278892e-05)
(-6.6370438e-07 3.5520335e-06 4.6116688e-05)
(-3.2830676e-07 3.6205607e-06 4.3107442e-05)
(-7.4734119e-07 3.8904009e-06 1.829489e-05)
(-3.7374952e-07 3.9695331e-06 1.7080284e-05)
(-9.0443551e-07 3.1868292e-06 5.5001674e-05)
(-1.0636031e-06 2.7399696e-06 6.387291e-05)
(-7.9625133e-07 2.848962e-06 5.9724801e-05)
(-1.0702825e-06 3.677132e-06 3.2274348e-05)
(-1.325522e-06 3.3429018e-06 4.6108143e-05)
(-1.0003174e-06 3.4815264e-06 4.3101219e-05)
(-1.4765079e-06 3.6530397e-06 1.8291866e-05)
(-1.1214556e-06 3.8086438e-06 1.7078142e-05)
(-1.5026185e-06 2.934921e-06 5.4988705e-05)
(-1.586833e-06 2.4604955e-06 6.385799e-05)
(-1.332767e-06 2.6284272e-06 5.9708855e-05)
(-1.7574026e-06 3.3775448e-06 3.2267374e-05)
(-1.9550256e-06 2.9969077e-06 4.6099403e-05)
(-1.6522065e-06 3.2019233e-06 4.3091911e-05)
(-2.1566801e-06 3.2715371e-06 1.8288742e-05)
(-1.8320349e-06 3.4946828e-06 1.7074803e-05)
(-2.0638005e-06 2.5571208e-06 5.4979494e-05)
(-1.8417035e-06 2.2901925e-06 5.9697489e-05)
(-2.0630268e-06 2.0707059e-06 6.3851865e-05)
(-2.3902865e-06 2.9432179e-06 3.226248e-05)
(-2.258425e-06 2.7897041e-06 4.3085286e-05)
(-2.5217505e-06 2.5280614e-06 4.609581e-05)
(-2.4810048e-06 3.0458921e-06 1.7072436e-05)
(-2.7625762e-06 2.766317e-06 1.8287458e-05)
(2.0804395e-06 2.5451688e-06 4.7812345e-05)
(1.6066813e-06 2.4480444e-06 5.5547113e-05)
(1.8574946e-06 2.2747426e-06 5.1386363e-05)
(2.4030108e-06 2.9352232e-06 2.802593e-05)
(1.9714761e-06 2.9872023e-06 4.0075799e-05)
(2.2716529e-06 2.777536e-06 3.7060445e-05)
(2.1667995e-06 3.2653514e-06 1.5856528e-05)
(2.4890947e-06 3.0381713e-06 1.4638741e-05)
(1.5221141e-06 2.9245572e-06 4.7819953e-05)
(1.0863444e-06 2.7301228e-06 5.5559559e-05)
(1.3529011e-06 2.6141189e-06 5.1395587e-05)
(1.7717782e-06 3.3704428e-06 2.8029972e-05)
(1.3440612e-06 3.3350789e-06 4.0083037e-05)
(1.6685998e-06 3.190305e-06 3.7065746e-05)
(1.487686e-06 3.6475645e-06 1.5859072e-05)
(1.8417026e-06 3.4867108e-06 1.4640567e-05)
(9.2608291e-07 3.1793074e-06 4.7830772e-05)
(5.5018625e-07 2.8965469e-06 5.5571954e-05)
(8.1942478e-07 2.8376729e-06 5.1408634e-05)
(1.0860058e-06 3.6718298e-06 2.8035743e-05)
(6.8366791e-07 3.5469999e-06 4.0090216e-05)
(1.0190029e-06 3.4719239e-06 3.7073289e-05)
(7.5942357e-07 3.8862047e-06 1.5861545e-05)
(1.1324648e-06 3.8012738e-06 1.4643184e-05)
(3.1710042e-07 3.3060527e-06 4.7838272e-05)
(1.2370791e-08 2.9522424e-06 5.557714e-05)
(2.8094382e-07 2.9471142e-06 5.1417729e-05)
(3.7061821e-07 3.8256505e-06 2.8039611e-05)
(1.0051273e-08 3.6188281e-06 4.0093226e-05)
(3.4815199e-07 3.6139723e-06 3.7078477e-05)
(6.1903046e-09 3.9678157e-06 1.5862557e-05)
(3.8573132e-07 3.9635163e-06 1.4644892e-05)
(-2.9468787e-07 3.3079725e-06 4.7838455e-05)
(-5.2599629e-07 2.9007738e-06 5.5572306e-05)
(-2.5717686e-07 2.9491944e-06 5.1417973e-05)
(-3.5436462e-07 3.826929e-06 2.8039728e-05)
(-6.6396817e-07 3.5502403e-06 4.0090526e-05)
(-3.2884319e-07 3.6155708e-06 3.7078677e-05)
(-7.4721969e-07 3.8879033e-06 1.5861639e-05)
(-3.7385266e-07 3.9643576e-06 1.4644954e-05)
(-9.0462694e-07 3.1848484e-06 4.7831268e-05)
(-1.0637646e-06 2.7380998e-06 5.5560151e-05)
(-7.9674081e-07 2.8436815e-06 5.1409319e-05)
(-1.0703348e-06 3.6754978e-06 2.8036061e-05)
(-1.3255195e-06 3.3411589e-06 4.0083565e-05)
(-1.0004854e-06 3.4765231e-06 3.7073849e-05)
(-1.4759645e-06 3.6507075e-06 1.5859224e-05)
(-1.1209323e-06 3.80367e-06 1.4643354e-05)
(-1.5024668e-06 2.9330597e-06 4.7820616e-05)
(-1.586597e-06 2.4588158e-06 5.5547761e-05)
(-1.3322822e-06 2.6233536e-06 5.1396579e-05)
(-1.7571664e-06 3.3760043e-06 2.8030397e-05)
(-1.9546753e-06 2.9953384e-06 4.0076396e-05)
(-1.6515581e-06 3.197318e-06 3.7066555e-05)
(-2.1557241e-06 3.2694615e-06 1.5856681e-05)
(-1.8307689e-06 3.4902955e-06 1.4640802e-05)
(-2.0632212e-06 2.5555478e-06 4.7812996e-05)
(-1.8396902e-06 2.286038e-06 5.1387494e-05)
(-2.0623227e-06 2.0693783e-06 5.5542671e-05)
(-2.3897243e-06 2.9418977e-06 2.8026347e-05)
(-2.2565488e-06 2.7860205e-06 3.706137e-05)
(-2.5210072e-06 2.5267916e-06 4.0073438e-05)
(-2.4788357e-06 3.0423862e-06 1.4638993e-05)
(-2.7612115e-06 2.7645866e-06 1.5855611e-05)
(2.0756008e-06 2.5398773e-06 4.0647849e-05)
(1.6027498e-06 2.4414895e-06 4.723947e-05)
(1.8524436e-06 2.2697956e-06 4.3086349e-05)
(2.3982061e-06 2.929813e-06 2.3790487e-05)
(1.967904e-06 2.9812301e-06 3.4054164e-05)
(2.2666363e-06 2.7724087e-06 3.1044399e-05)
(2.1633993e-06 3.2599313e-06 1.3424828e-05)
(2.4842289e-06 3.0329189e-06 1.2210561e-05)
(1.5194976e-06 2.9174899e-06 4.0653861e-05)
(1.0844135e-06 2.7223435e-06 4.7249349e-05)
(1.3503425e-06 2.607405e-06 4.3093799e-05)
(1.7687561e-06 3.3632544e-06 2.3793584e-05)
(1.3421251e-06 3.3277442e-06 3.4059814e-05)
(1.6657069e-06 3.183292e-06 3.104865e-05)
(1.4855049e-06 3.6408251e-06 1.3426765e-05)
(1.8383965e-06 3.4796904e-06 1.2211995e-05)
(9.2483804e-07 3.1714692e-06 4.0662344e-05)
(5.4916542e-07 2.8884667e-06 4.7259152e-05)
(8.182955e-07 2.8302977e-06 4.3104199e-05)
(1.0842529e-06 3.6635111e-06 2.3798066e-05)
(6.8258389e-07 3.5390831e-06 3.4065411e-05)
(1.0174489e-06 3.4637991e-06 3.1054606e-05)
(7.5815349e-07 3.8787093e-06 1.3428653e-05)
(1.1303738e-06 3.7928335e-06 1.2214025e-05)
(3.1624042e-07 3.2981203e-06 4.0668228e-05)
(1.1407915e-08 2.9440902e-06 4.7263327e-05)
(2.7998222e-07 2.9396512e-06 4.3111493e-05)
(3.6966304e-07 3.8169227e-06 2.3801054e-05)
(9.2679004e-09 3.6107222e-06 3.4067807e-05)
(3.471223e-07 3.6054023e-06 3.1058743e-05)
(5.6941029e-09 3.960059e-06 1.3429423e-05)
(3.8465874e-07 3.9543368e-06 1.2215368e-05)
(-2.9557514e-07 3.2998788e-06 4.0668493e-05)
(-5.2687776e-07 2.8923339e-06 4.7259722e-05)
(-2.5848832e-07 2.9415048e-06 4.3111815e-05)
(-3.5469123e-07 3.8180895e-06 2.3801209e-05)
(-6.6443443e-07 3.5420451e-06 3.4065855e-05)
(-3.2965703e-07 3.606818e-06 3.1058988e-05)
(-7.4693401e-07 3.8802506e-06 1.3428786e-05)
(-3.7393552e-07 3.9550656e-06 1.2215441e-05)
(-9.0508973e-07 3.1765343e-06 4.0663106e-05)
(-1.063666e-06 2.72962e-06 4.7250418e-05)
(-7.9783208e-07 2.8356369e-06 4.3105136e-05)
(-1.0698389e-06 3.6668521e-06 2.3798511e-05)
(-1.3250866e-06 3.3332849e-06 3.4060641e-05)
(-1.0007365e-06 3.467862e-06 3.1055314e-05)
(-1.4747476e-06 3.6436682e-06 1.3427008e-05)
(-1.1199768e-06 3.7949039e-06 1.2214233e-05)
(-1.5014794e-06 2.9252308e-06 4.0655026e-05)
(-1.5843816e-06 2.4512678e-06 4.724092e-05)
(-1.331835e-06 2.6155697e-06 4.3095263e-05)
(-1.7553566e-06 3.3682993e-06 2.3794256e-05)
(-1.9525344e-06 2.9886079e-06 3.4055277e-05)
(-1.6503972e-06 3.1894581e-06 3.1049746e-05)
(-2.1532671e-06 3.2636308e-06 1.3425145e-05)
(-1.8285706e-06 3.4827754e-06 1.2212307e-05)
(-2.0599011e-06 2.5492704e-06 4.0649303e-05)
(-1.8365876e-06 2.2797127e-06 4.3088233e-05)
(-2.0574684e-06 2.0638652e-06 4.7237047e-05)
(-2.3860823e-06 2.935832e-06 2.3791315e-05)
(-2.2531717e-06 2.7798202e-06 3.1045796e-05)
(-2.5166957e-06 2.5219363e-06 3.4053096e-05)
(-2.4750694e-06 3.0365266e-06 1.2210949e-05)
(-2.75725e-06 2.7602642e-06 1.3424394e-05)
(2.0702191e-06 2.5349085e-06 3.3469691e-05)
(1.5990469e-06 2.4362322e-06 3.8919182e-05)
(1.8573991e-06 2.2784335e-06 3.4809505e-05)
(2.3920962e-06 2.9235872e-06 1.9542269e-05)
(1.9635881e-06 2.9749908e-06 2.8018647e-05)
(2.2747983e-06 2.7845155e-06 2.5038044e-05)
(2.1586553e-06 3.2530529e-06 1.0984013e-05)
(2.4918322e-06 3.0436194e-06 9.7779731e-06)
(1.5165454e-06 2.910611e-06 3.3474682e-05)
(1.082685e-06 2.7158711e-06 3.8927246e-05)
(1.3544574e-06 2.6163336e-06 3.4815766e-05)
(1.7648024e-06 3.3549513e-06 1.9544839e-05)
(1.3396706e-06 3.3198666e-06 2.8023271e-05)
(1.6720405e-06 3.1961844e-06 2.5041698e-05)
(1.4823401e-06 3.6320762e-06 1.0985572e-05)
(1.844089e-06 3.4911143e-06 9.7792574e-06)
(9.2332542e-07 3.1635628e-06 3.3481561e-05)
(5.4811816e-07 2.8815622e-06 3.8935227e-05)
(8.2075685e-07 2.8395769e-06 3.482439e-05)
(1.081866e-06 3.6536242e-06 1.9548388e-05)
(6.8111718e-07 3.5302505e-06 2.8027833e-05)
(1.0212011e-06 3.4771617e-06 2.504673e-05)
(7.562896e-07 3.868573e-06 1.0987093e-05)
(1.1336544e-06 3.8044432e-06 9.7810279e-06)
(3.150837e-07 3.2897622e-06 3.3486408e-05)
(1.0098255e-08 2.9369506e-06 3.8938701e-05)
(2.7999983e-07 2.9490577e-06 3.4830454e-05)
(3.6834312e-07 3.8061467e-06 1.9550847e-05)
(8.2081451e-09 3.6014582e-06 2.8029844e-05)
(3.4770689e-07 3.6188896e-06 2.5050249e-05)
(5.035362e-09 3.9493383e-06 1.0987754e-05)
(3.8530262e-07 3.9658588e-06 9.7822457e-06)
(-2.9678796e-07 3.2912729e-06 3.3486712e-05)
(-5.2842092e-07 2.8848932e-06 3.8935908e-05)
(-2.6120051e-07 2.9506377e-06 3.4830812e-05)
(-3.5509225e-07 3.8071267e-06 1.9551016e-05)
(-6.6506523e-07 3.5327719e-06 2.8028336e-05)
(-3.3243477e-07 3.6200793e-06 2.505051e-05)
(-7.463757e-07 3.8698335e-06 1.0987237e-05)
(-3.7597067e-07 3.9664393e-06 9.7823197e-06)
(-9.0589565e-07 3.1678992e-06 3.3482452e-05)
(-1.0644365e-06 2.7221089e-06 3.8928563e-05)
(-8.0292418e-07 2.8441118e-06 3.4825439e-05)
(-1.0691374e-06 3.6564225e-06 1.954888e-05)
(-1.3246654e-06 3.3245638e-06 2.8024236e-05)
(-1.0066349e-06 3.4805663e-06 2.5047493e-05)
(-1.472861e-06 3.6343941e-06 1.0985844e-05)
(-1.1246231e-06 3.8060887e-06 9.7812414e-06)
(-1.5007427e-06 2.9171986e-06 3.3476098e-05)
(-1.5830239e-06 2.4445541e-06 3.8921058e-05)
(-1.3384467e-06 2.6232251e-06 3.4817444e-05)
(-1.7530299e-06 3.3591566e-06 1.9545613e-05)
(-1.9501597e-06 2.9812064e-06 2.802001e-05)
(-1.6587881e-06 3.2013244e-06 2.5042905e-05)
(-2.1497874e-06 3.2560559e-06 1.0984388e-05)
(-1.8355959e-06 3.4935598e-06 9.7795875e-06)
(-2.056591e-06 2.5428385e-06 3.3471558e-05)
(-1.8438361e-06 2.2867359e-06 3.4811727e-05)
(-2.0533716e-06 2.0591347e-06 3.8918001e-05)
(-2.3815479e-06 2.9285743e-06 1.9543277e-05)
(-2.2632774e-06 2.7906534e-06 2.5039627e-05)
(-2.5118704e-06 2.516587e-06 2.8018282e-05)
(-2.4839996e-06 3.0464718e-06 9.7783946e-06)
(-2.7518955e-06 2.7545636e-06 1.0983777e-05)
(2.0897397e-06 2.5618669e-06 2.6482612e-05)
(1.6122431e-06 2.4596284e-06 3.0809262e-05)
(1.8867426e-06 2.3176628e-06 2.6383178e-05)
(2.4146579e-06 2.9534598e-06 1.5427299e-05)
(1.9825594e-06 3.0064114e-06 2.2155744e-05)
(2.3042084e-06 2.8233131e-06 1.8972435e-05)
(2.1767308e-06 3.282071e-06 8.6353389e-06)
(2.5236798e-06 3.0844535e-06 7.3842613e-06)
(1.5306964e-06 2.9407143e-06 2.6486923e-05)
(1.0913006e-06 2.7411912e-06 3.0816075e-05)
(1.3759888e-06 2.6606421e-06 2.6388045e-05)
(1.7812993e-06 3.3885366e-06 1.5429577e-05)
(1.3523388e-06 3.354206e-06 2.2159772e-05)
(1.6936636e-06 3.2401617e-06 1.8975347e-05)
(1.4945114e-06 3.6638799e-06 8.6368018e-06)
(1.8675975e-06 3.5376358e-06 7.3853522e-06)
(9.3150517e-07 3.1956058e-06 2.6492812e-05)
(5.5180614e-07 2.9078432e-06 3.0822768e-05)
(8.33644e-07 2.8873374e-06 2.6394589e-05)
(1.0916094e-06 3.6895471e-06 1.5432736e-05)
(6.8698984e-07 3.5661636e-06 2.2163717e-05)
(1.0342078e-06 3.524625e-06 1.8979271e-05)
(7.620991e-07 3.9018696e-06 8.6382265e-06)
(1.1479323e-06 3.8547786e-06 7.3868715e-06)
(3.1699376e-07 3.3225499e-06 2.6496924e-05)
(8.7136501e-09 2.9633384e-06 3.082571e-05)
(2.8347422e-07 2.9984935e-06 2.6399142e-05)
(3.7099995e-07 3.8430431e-06 1.5434887e-05)
(7.0750917e-09 3.6377103e-06 2.2165468e-05)
(3.5137993e-07 3.6680211e-06 1.8981992e-05)
(4.3033166e-09 3.9829869e-06 8.6388372e-06)
(3.8965964e-07 4.0180198e-06 7.3879295e-06)
(-3.0121676e-07 3.3238089e-06 2.6497245e-05)
(-5.3484183e-07 2.9106331e-06 3.0823497e-05)
(-2.6748038e-07 2.9998087e-06 2.6399525e-05)
(-3.5961722e-07 3.8438326e-06 1.543506e-05)
(-6.7317774e-07 3.5682417e-06 2.2164241e-05)
(-3.3841243e-07 3.6689961e-06 1.8982266e-05)
(-7.5363522e-07 3.9028381e-06 8.6383715e-06)
(-3.8183553e-07 4.0184627e-06 7.3880071e-06)
(-9.1653448e-07 3.1992087e-06 2.6493753e-05)
(-1.0756807e-06 2.7463904e-06 3.0817491e-05)
(-8.1852791e-07 2.8911025e-06 2.6395717e-05)
(-1.0807103e-06 3.6917977e-06 1.543324e-05)
(-1.3395033e-06 3.3580627e-06 2.2160782e-05)
(-1.0218848e-06 3.527411e-06 1.8980074e-05)
(-1.4864522e-06 3.6656589e-06 8.6370769e-06)
(-1.1403803e-06 3.8560335e-06 7.3870957e-06)
(-1.5172334e-06 2.9461568e-06 2.6488428e-05)
(-1.598666e-06 2.4665185e-06 3.0811294e-05)
(-1.362517e-06 2.6663367e-06 2.6389858e-05)
(-1.771291e-06 3.3919078e-06 1.5430375e-05)
(-1.9711911e-06 3.0114895e-06 2.2157182e-05)
(-1.6825381e-06 3.2443519e-06 1.8976628e-05)
(-2.1692587e-06 3.2843756e-06 8.6357216e-06)
(-1.8605416e-06 3.5395012e-06 7.3857038e-06)
(-2.0782791e-06 2.5683737e-06 2.6484608e-05)
(-1.8754587e-06 2.3244841e-06 2.6385593e-05)
(-2.0727576e-06 2.0779661e-06 3.0808758e-05)
(-2.405807e-06 2.9574455e-06 1.5428347e-05)
(-2.2946592e-06 2.8282961e-06 1.8974127e-05)
(-2.538225e-06 2.5424763e-06 2.2155709e-05)
(-2.5172544e-06 3.086632e-06 7.3847161e-06)
(-2.7764297e-06 2.7787675e-06 8.635165e-06)
(2.1261054e-06 2.6094416e-06 1.8536574e-05)
(1.6484114e-06 2.5175248e-06 2.1607873e-05)
(1.888e-06 2.3215985e-06 1.8080344e-05)
(2.4533314e-06 3.003198e-06 1.0716093e-05)
(2.0141083e-06 3.0570097e-06 1.5465411e-05)
(2.3243472e-06 2.84987e-06 1.2865345e-05)
(2.2139489e-06 3.3403255e-06 5.91618e-06)
(2.5447894e-06 3.1115712e-06 4.7807409e-06)
(1.557568e-06 2.9949085e-06 1.853946e-05)
(1.1160685e-06 2.8054407e-06 2.1612293e-05)
(1.3773945e-06 2.6641803e-06 1.808338e-05)
(1.8099309e-06 3.4454571e-06 1.0717705e-05)
(1.3739519e-06 3.410463e-06 1.5468103e-05)
(1.7090095e-06 3.2696699e-06 1.2867366e-05)
(1.5200874e-06 3.7288376e-06 5.9172264e-06)
(1.8834863e-06 3.5680823e-06 4.7815993e-06)
(9.4790529e-07 3.2544551e-06 1.8543235e-05)
(5.6397282e-07 2.9761019e-06 2.1616529e-05)
(8.3476322e-07 2.8906219e-06 1.8087093e-05)
(1.1091574e-06 3.751465e-06 1.0719883e-05)
(6.9763854e-07 3.625946e-06 1.5470691e-05)
(1.0438219e-06 3.5559678e-06 1.2869813e-05)
(7.7491659e-07 3.9709664e-06 5.9182848e-06)
(1.1577265e-06 3.8871319e-06 4.7826645e-06)
(3.2178695e-07 3.3838202e-06 1.8545837e-05)
(7.2943397e-09 3.0328532e-06 2.1618454e-05)
(2.8313298e-07 3.0017161e-06 1.8089467e-05)
(3.763769e-07 3.9075089e-06 1.0721397e-05)
(5.9052141e-09 3.6985937e-06 1.5471889e-05)
(3.5401175e-07 3.7001857e-06 1.2871305e-05)
(3.5287818e-09 4.0534205e-06 5.9187721e-06)
(3.9251806e-07 4.0510619e-06 4.7832358e-06)
(-3.0860156e-07 3.3848515e-06 1.8546177e-05)
(-5.4978947e-07 2.9783997e-06 2.161731e-05)
(-2.6995701e-07 3.0027918e-06 1.8089852e-05)
(-3.6694109e-07 3.9081351e-06 1.0721579e-05)
(-6.86127e-07 3.6276354e-06 1.5471243e-05)
(-3.4337469e-07 3.7009772e-06 1.2871579e-05)
(-7.6798544e-07 3.9716994e-06 5.918441e-06)
(-3.8624651e-07 4.0513992e-06 4.7833166e-06)
(-9.3543571e-07 3.2574036e-06 1.8544233e-05)
(-1.1030751e-06 2.8097113e-06 2.1613814e-05)
(-8.2233922e-07 2.8937005e-06 1.8088224e-05)
(-1.1001536e-06 3.753252e-06 1.0720415e-05)
(-1.3633158e-06 3.4135918e-06 1.5469173e-05)
(-1.0337462e-06 3.55823e-06 1.2870615e-05)
(-1.513524e-06 3.7301849e-06 5.9175252e-06)
(-1.1516949e-06 3.8880883e-06 4.7828986e-06)
(-1.546432e-06 2.9993502e-06 1.8541063e-05)
(-1.6372042e-06 2.5231692e-06 2.1610059e-05)
(-1.3663731e-06 2.6688371e-06 1.8085194e-05)
(-1.8017249e-06 3.4481311e-06 1.0718553e-05)
(-2.0047764e-06 3.0611215e-06 1.5466939e-05)
(-1.6999735e-06 3.2730721e-06 1.2868641e-05)
(-2.2079248e-06 3.3420748e-06 5.916599e-06)
(-1.8778953e-06 3.5695074e-06 4.7819654e-06)
(-2.1167298e-06 2.6147375e-06 1.8538702e-05)
(-1.878827e-06 2.3271926e-06 1.8082741e-05)
(-2.121211e-06 2.1260567e-06 2.1608521e-05)
(-2.4461679e-06 3.0063594e-06 1.0717208e-05)
(-2.3166714e-06 2.8539265e-06 1.2867013e-05)
(-2.5805658e-06 2.5845009e-06 1.5466034e-05)
(-2.5397635e-06 3.1132425e-06 4.7812099e-06)
(-2.8254787e-06 2.8275361e-06 5.916237e-06)
(2.1229084e-06 2.6067042e-06 1.362676e-05)
(1.6204529e-06 2.4754408e-06 1.5828166e-05)
(1.7950876e-06 2.2079111e-06 8.946404e-06)
(2.4624909e-06 3.015169e-06 7.9494523e-06)
(2.0198893e-06 3.0652731e-06 1.1424006e-05)
(2.0916373e-06 2.5660907e-06 6.6616809e-06)
(2.2139008e-06 3.3399089e-06 4.4239113e-06)
(2.3320952e-06 2.8520483e-06 2.7826719e-06)
(1.5561964e-06 2.9901275e-06 1.362939e-05)
(1.0976994e-06 2.7572488e-06 1.5831566e-05)
(1.3102648e-06 2.5338509e-06 8.9473911e-06)
(1.8174143e-06 3.457655e-06 7.9513278e-06)
(1.37862e-06 3.4181353e-06 1.1426495e-05)
(1.5371614e-06 2.9439481e-06 6.6626903e-06)
(1.5203525e-06 3.7269605e-06 4.4253372e-06)
(1.7260514e-06 3.2693397e-06 2.7834885e-06)
(9.4762521e-07 3.247993e-06 1.3632359e-05)
(5.5462856e-07 2.9241533e-06 1.5834435e-05)
(7.9475148e-07 2.7491979e-06 8.9480528e-06)
(1.1140061e-06 3.7631465e-06 7.9534851e-06)
(6.9997418e-07 3.6329385e-06 1.142852e-05)
(9.3859893e-07 3.2003962e-06 6.6635782e-06)
(7.7488212e-07 3.9675632e-06 4.4264276e-06)
(1.0608556e-06 3.5595734e-06 2.7844291e-06)
(3.2110308e-07 3.3764081e-06 1.3634004e-05)
(5.8999406e-09 2.9795573e-06 1.5835667e-05)
(2.6936224e-07 2.8546541e-06 8.948314e-06)
(3.7749359e-07 3.9184969e-06 7.9545417e-06)
(4.7485313e-09 3.7052045e-06 1.142935e-05)
(3.1811264e-07 3.3288241e-06 6.6640552e-06)
(2.7531019e-09 4.0492829e-06 4.4267868e-06)
(3.5941074e-07 3.7077156e-06 2.7850272e-06)
(-3.1047444e-07 3.377245e-06 1.3634307e-05)
(-5.4316455e-07 2.9260198e-06 1.5835133e-05)
(-2.5822605e-07 2.8555515e-06 8.9486895e-06)
(-3.6999311e-07 3.9189979e-06 7.9547032e-06)
(-6.9073112e-07 3.6343114e-06 1.1429012e-05)
(-3.0927344e-07 3.3294993e-06 6.6643127e-06)
(-7.6948631e-07 3.9681287e-06 4.4265646e-06)
(-3.5446476e-07 3.7079935e-06 2.7850984e-06)
(-9.3759473e-07 3.2503884e-06 1.3633248e-05)
(-1.0872197e-06 2.760726e-06 1.5832919e-05)
(-7.8426689e-07 2.7517645e-06 8.9491681e-06)
(-1.1068748e-06 3.764578e-06 7.9539565e-06)
(-1.3701188e-06 3.4206819e-06 1.1427442e-05)
(-9.3026707e-07 3.2023212e-06 6.6643423e-06)
(-1.5152772e-06 3.7280015e-06 4.4255982e-06)
(-1.0561358e-06 3.5603595e-06 2.7846416e-06)
(-1.5472756e-06 2.9937484e-06 1.3630807e-05)
(-1.6114377e-06 2.4800676e-06 1.5830094e-05)
(-1.3009908e-06 2.5377309e-06 8.9492116e-06)
(-1.8109629e-06 3.4598035e-06 7.9520731e-06)
(-2.012484e-06 3.0686376e-06 1.1425343e-05)
(-1.5297633e-06 2.946834e-06 6.6639346e-06)
(-2.2092938e-06 3.341266e-06 4.4242737e-06)
(-1.7217453e-06 3.2705053e-06 2.7838368e-06)
(-2.1154365e-06 2.6110622e-06 1.3628617e-05)
(-1.7873846e-06 2.2125841e-06 8.9488704e-06)
(-2.0861472e-06 2.0907741e-06 1.5828667e-05)
(-2.4569199e-06 3.0177304e-06 7.9504195e-06)
(-2.0854374e-06 2.5695257e-06 6.6633623e-06)
(-2.5884837e-06 2.5921094e-06 1.1424258e-05)
(-2.3283118e-06 2.8534073e-06 2.7831482e-06)
(-2.826028e-06 2.8277389e-06 4.4236165e-06)
(1.6203245e-06 1.9924654e-06 -2.42315e-06)
(1.4679246e-06 2.2434896e-06 -2.5200495e-06)
(1.0399871e-06 1.2748089e-06 9.3406208e-06)
(2.0778783e-06 2.5451432e-06 -2.038161e-06)
(1.6026048e-06 2.4376119e-06 -2.327711e-06)
(1.2793442e-06 1.5658488e-06 -8.6087129e-07)
(1.8417742e-06 2.7793792e-06 -1.74653e-06)
(1.4269926e-06 1.7430974e-06 2.2992973e-06)
(1.1841849e-06 2.2874594e-06 -2.4268261e-06)
(9.9480853e-07 2.5002311e-06 -2.5255379e-06)
(7.6244587e-07 1.4611238e-06 9.37996e-06)
(1.5329231e-06 2.9188447e-06 -2.0404378e-06)
(1.0920506e-06 2.7180938e-06 -2.3312857e-06)
(9.4335756e-07 1.7941054e-06 -8.5727007e-07)
(1.2643405e-06 3.0995041e-06 -1.748425e-06)
(1.0579853e-06 1.9963652e-06 2.3243819e-06)
(7.1951637e-07 2.4834225e-06 -2.4322248e-06)
(5.0311252e-07 2.6520107e-06 -2.5309338e-06)
(4.6447344e-07 1.5847651e-06 9.4268696e-06)
(9.3946849e-07 3.1752378e-06 -2.0436362e-06)
(5.5412882e-07 2.8871777e-06 -2.3347223e-06)
(5.7773923e-07 1.9491414e-06 -8.5196341e-07)
(6.4426814e-07 3.2967847e-06 -1.7499491e-06)
(6.512302e-07 2.1721989e-06 2.3557069e-06)
(2.4397083e-07 2.5797049e-06 -2.4356692e-06)
(5.2682462e-09 2.7022544e-06 -2.5328188e-06)
(1.5811922e-07 1.6453269e-06 9.4528512e-06)
(3.1835019e-07 3.3043495e-06 -2.0454022e-06)
(4.1201706e-09 2.943684e-06 -2.3358577e-06)
(1.9621846e-07 2.0263928e-06 -8.4722026e-07)
(2.2107024e-09 3.3633265e-06 -1.7503385e-06)
(2.2081767e-07 2.2614961e-06 2.3743035e-06)
(-2.3461878e-07 2.5804541e-06 -2.435249e-06)
(-4.9289114e-07 2.6536203e-06 -2.5299587e-06)
(-1.5055612e-07 1.6459816e-06 9.4526478e-06)
(-3.1202996e-07 3.3047971e-06 -2.0451604e-06)
(-5.4614215e-07 2.8884164e-06 -2.334027e-06)
(-1.9039894e-07 2.0268784e-06 -8.4721214e-07)
(-6.3996417e-07 3.2972899e-06 -1.7496862e-06)
(-2.1776696e-07 2.2616936e-06 2.3740774e-06)
(-7.1073494e-07 2.4855566e-06 -2.4309736e-06)
(-9.8548429e-07 2.5032176e-06 -2.5236083e-06)
(-4.5737336e-07 1.5866411e-06 9.4263001e-06)
(-9.3350958e-07 3.1765073e-06 -2.042916e-06)
(-1.0847801e-06 2.7203747e-06 -2.3299096e-06)
(-5.7227988e-07 1.9505269e-06 -8.5192374e-07)
(-1.2603649e-06 3.1004249e-06 -1.7479039e-06)
(-6.4834905e-07 2.172756e-06 2.3550505e-06)
(-1.1764553e-06 2.2906591e-06 -2.4247695e-06)
(-1.4599295e-06 2.2474348e-06 -2.5172104e-06)
(-7.5622357e-07 1.4639656e-06 9.3791374e-06)
(-1.5276245e-06 2.9207294e-06 -2.0392533e-06)
(-1.5963825e-06 2.4405867e-06 -2.3256861e-06)
(-9.3857316e-07 1.7961849e-06 -8.5715769e-07)
(-1.8382756e-06 2.780557e-06 -1.7457609e-06)
(-1.0554178e-06 1.9971848e-06 2.3233473e-06)
(-1.6139352e-06 1.9962762e-06 -2.4203396e-06)
(-1.0349231e-06 1.2782296e-06 9.339691e-06)
(-1.8904941e-06 1.8930988e-06 -2.5145493e-06)
(-2.0734113e-06 2.5473547e-06 -2.0365406e-06)
(-1.2754386e-06 1.568318e-06 -8.6064457e-07)
(-2.0570484e-06 2.0594838e-06 -2.3239276e-06)
(-1.4248223e-06 1.744036e-06 2.297953e-06)
(-2.3521468e-06 2.3534251e-06 -1.7448126e-06)
(6.5945455e-07 8.0005453e-07 3.7302321e-05)
(3.5908649e-07 5.3010981e-07 3.0063637e-05)
(7.7451956e-08 9.3528047e-08 8.4004208e-13)
(6.1302762e-07 7.4504533e-07 1.5110221e-05)
(6.6192636e-07 9.8578065e-07 4.4759199e-05)
(1.4923366e-07 1.8129243e-07 5.3489535e-11)
(6.1720501e-07 9.2166493e-07 -1.4851458e-05)
(1.3787102e-07 1.6777289e-07 5.1897993e-10)
(4.9182453e-07 9.122113e-07 3.7431952e-05)
(2.4868148e-07 5.8739955e-07 3.0135691e-05)
(5.7843948e-08 1.0634895e-07 1.3578197e-12)
(4.5673468e-07 8.4994216e-07 1.5183545e-05)
(4.57677e-07 1.0958748e-06 4.4977417e-05)
(1.1128419e-07 2.0689859e-07 5.351013e-11)
(4.2662901e-07 1.0261081e-06 -1.4901725e-05)
(1.0275762e-07 1.9172541e-07 5.1976425e-10)
(3.0410061e-07 9.8942938e-07 3.7591973e-05)
(1.2792689e-07 6.2211556e-07 3.0195301e-05)
(3.5811335e-08 1.150297e-07 2.179861e-12)
(2.82188e-07 9.2229036e-07 1.5279238e-05)
(2.3451275e-07 1.1634832e-06 4.5171022e-05)
(6.879277e-08 2.2459382e-07 5.3633457e-11)
(2.1842006e-07 1.0910395e-06 -1.4938506e-05)
(6.3538969e-08 2.0846724e-07 5.2053211e-10)
(1.040657e-07 1.0282593e-06 3.7684617e-05)
(2.3379281e-09 6.3386108e-07 3.0215624e-05)
(1.2391436e-08 1.1932721e-07 2.8833442e-12)
(9.6214896e-08 9.5875435e-07 1.5340846e-05)
(1.730766e-09 1.1862204e-06 4.524201e-05)
(2.3467477e-08 2.3345525e-07 5.3826468e-11)
(8.6731068e-10 1.1130294e-06 -1.4949174e-05)
(2.1611292e-08 2.1700779e-07 5.2073628e-10)
(-1.0002656e-07 1.0286634e-06 3.7683081e-05)
(-1.2340747e-07 6.2305475e-07 3.0194029e-05)
(-1.1465483e-08 1.1942315e-07 2.875882e-12)
(-9.3639637e-08 9.5900077e-07 1.5339538e-05)
(-2.311639e-07 1.1641228e-06 4.516629e-05)
(-2.2781724e-08 2.3352083e-07 5.3827083e-11)
(-2.1674285e-07 1.0912994e-06 -1.4938916e-05)
(-2.1269799e-08 2.1703418e-07 5.207405e-10)
(-3.0032403e-07 9.9059299e-07 3.7587523e-05)
(-2.4462617e-07 5.8916078e-07 3.0133356e-05)
(-3.4946446e-08 1.1530627e-07 2.1579696e-12)
(-2.7978952e-07 9.229949e-07 1.5275393e-05)
(-4.5466057e-07 1.0970689e-06 4.4968269e-05)
(-6.815096e-08 2.2478247e-07 5.3635284e-11)
(-4.2511653e-07 1.0265811e-06 -1.4902582e-05)
(-6.3219264e-08 2.0854169e-07 5.2054581e-10)
(-4.8856641e-07 9.139853e-07 3.7424956e-05)
(-3.5576579e-07 5.3245793e-07 3.0060574e-05)
(-5.7099965e-08 1.0677167e-07 1.3207279e-12)
(-4.546778e-07 8.5099948e-07 1.5177365e-05)
(-6.5943368e-07 9.8735941e-07 4.4746168e-05)
(-1.1072885e-07 2.0718523e-07 5.3512182e-11)
(-6.1594205e-07 9.2226157e-07 -1.4852823e-05)
(-1.024794e-07 1.9183471e-07 5.1979007e-10)
(-6.5691397e-07 8.0219233e-07 3.7293274e-05)
(-4.519193e-07 4.5506301e-07 3.0027328e-05)
(-7.6875639e-08 9.4039449e-08 7.8913892e-13)
(-6.1143065e-07 7.4628885e-07 1.5101978e-05)
(-8.3808188e-07 8.4063254e-07 4.46478e-05)
(-1.4879763e-07 1.8163586e-07 5.34923e-11)
(-7.8295049e-07 7.8403174e-07 -1.4829014e-05)
(-1.3764673e-07 1.6789614e-07 5.1901997e-10)
(-1.6703938e-06 1.3538557e-06 0.00020790174)
(-1.9732255e-06 1.287622e-06 0.00023985347)
(-2.0407563e-06 1.65778e-06 0.00023437749)
(-1.6072052e-06 1.3039536e-06 0.00012409623)
(-1.4468075e-06 9.3316207e-07 0.00017555231)
(-1.6844014e-06 1.3620191e-06 0.00017088993)
(-2.0743674e-06 1.3675332e-06 7.1175805e-05)
(-2.1336397e-06 1.7403445e-06 6.9126739e-05)
(-1.9136754e-06 9.7904736e-07 0.00020792906)
(-2.2142837e-06 8.6718551e-07 0.00023988864)
(-2.3481327e-06 1.214154e-06 0.00023441291)
(-1.8409557e-06 9.5211176e-07 0.00012411821)
(-1.5852447e-06 6.1469545e-07 0.00017558064)
(-1.9193916e-06 9.8399472e-07 0.00017091477)
(-2.3118363e-06 9.405956e-07 7.1189941e-05)
(-2.4463032e-06 1.2869525e-06 6.9136266e-05)
(-2.0721904e-06 5.7578212e-07 0.00020796429)
(-2.3414757e-06 4.2573809e-07 0.00023992755)
(-2.5508801e-06 7.256606e-07 0.00023446514)
(-1.9952977e-06 5.7659727e-07 0.00012414044)
(-1.6812707e-06 3.103538e-07 0.0001756042)
(-2.0733125e-06 5.9125844e-07 0.00017095117)
(-2.4519728e-06 4.8704836e-07 7.1198273e-05)
(-2.6598717e-06 7.9032237e-07 6.9152256e-05)
(-2.1536516e-06 1.8571238e-07 0.00020799065)
(-2.3741178e-06 -1.0185403e-10 0.00023994565)
(-2.6360165e-06 2.3606796e-07 0.00023450608)
(-2.0770981e-06 1.9284804e-07 0.00012414953)
(-1.726481e-06 -1.2790955e-10 0.00017561263)
(-2.1668106e-06 1.9832893e-07 0.00017098042)
(-2.4991762e-06 -5.5666267e-11 7.1199765e-05)
(-2.7650531e-06 2.6635729e-07 6.9167794e-05)
(-2.1536373e-06 -1.8593262e-07 0.00020799047)
(-2.3414245e-06 -4.2591592e-07 0.00023992728)
(-2.6360029e-06 -2.3622436e-07 0.00023450611)
(-2.0770824e-06 -1.9302454e-07 0.00012414937)
(-1.6812934e-06 -3.1056835e-07 0.00017560381)
(-2.1667997e-06 -1.9858983e-07 0.00017098042)
(-2.451951e-06 -4.8713474e-07 7.1198133e-05)
(-2.7650386e-06 -2.6651567e-07 6.91678e-05)
(-2.0721687e-06 -5.7596904e-07 0.0002079638)
(-2.2141692e-06 -8.6735731e-07 0.00023988815)
(-2.5508465e-06 -7.2578215e-07 0.00023446517)
(-1.9952755e-06 -5.7672942e-07 0.00012414007)
(-1.5852776e-06 -6.1487168e-07 0.00017558011)
(-2.0732951e-06 -5.9144937e-07 0.00017095118)
(-2.3118018e-06 -9.4067018e-07 7.1189775e-05)
(-2.6598427e-06 -7.904447e-07 6.9152282e-05)
(-1.9136103e-06 -9.7918909e-07 0.00020792852)
(-1.972968e-06 -1.2877755e-06 0.00023985298)
(-2.3480588e-06 -1.2142283e-06 0.00023441287)
(-1.840919e-06 -9.52199e-07 0.00012411788)
(-1.4468155e-06 -9.332893e-07 0.00017555193)
(-1.9193638e-06 -9.8409633e-07 0.00017091478)
(-2.0743044e-06 -1.3675981e-06 7.1175748e-05)
(-2.4462711e-06 -1.2870336e-06 6.9136298e-05)
(-1.670194e-06 -1.3539738e-06 0.00020790139)
(-2.0405788e-06 -1.6578278e-06 0.00023437734)
(-1.653972e-06 -1.6576526e-06 0.00023983789)
(-1.6071326e-06 -1.3040072e-06 0.00012409611)
(-1.6843581e-06 -1.3620488e-06 0.00017088985)
(-1.2258902e-06 -1.2290779e-06 0.00017553817)
(-2.1336035e-06 -1.7403861e-06 6.9126736e-05)
(-1.7519749e-06 -1.7524806e-06 7.1168262e-05)
(-2.1434966e-06 1.7387819e-06 0.00019792411)
(-2.4177921e-06 1.5821584e-06 0.00022929888)
(-2.3583652e-06 1.9113343e-06 0.00022637198)
(-2.4398318e-06 1.9862501e-06 0.00011705641)
(-2.1595376e-06 1.4102181e-06 0.00016638965)
(-2.4476055e-06 1.9869695e-06 0.00016407699)
(-2.5076467e-06 1.6553355e-06 6.703729e-05)
(-2.7206385e-06 2.2196078e-06 6.5979711e-05)
(-2.4551426e-06 1.2732636e-06 0.0001979443)
(-2.6852383e-06 1.0728912e-06 0.00022932997)
(-2.702325e-06 1.3920896e-06 0.00022640283)
(-2.7960571e-06 1.4636423e-06 0.0001170667)
(-2.408522e-06 9.5982433e-07 0.00016640735)
(-2.8096706e-06 1.4561713e-06 0.000164094)
(-2.7946511e-06 1.1340001e-06 6.7043792e-05)
(-3.1187071e-06 1.6395659e-06 6.5985783e-05)
(-2.6633014e-06 7.7487243e-07 0.00019797012)
(-2.8448794e-06 5.419231e-07 0.00022935546)
(-2.9288121e-06 8.4114736e-07 0.00022644295)
(-3.0397184e-06 8.9631904e-07 0.00011708072)
(-2.5581376e-06 4.86521e-07 0.00016642366)
(-3.0545529e-06 8.8591316e-07 0.00016411684)
(-2.97071e-06 5.7711598e-07 6.7049749e-05)
(-3.394312e-06 1.0055479e-06 6.5993363e-05)
(-2.7669785e-06 2.6026041e-07 0.00019798339)
(-2.8985692e-06 -6.4120992e-11 0.00022936384)
(-3.0406538e-06 2.8106929e-07 0.00022646638)
(-3.1627875e-06 3.0207539e-07 0.00011708849)
(-2.6078484e-06 -1.3935582e-10 0.00016642985)
(-3.176245e-06 2.9716672e-07 0.00016413053)
(-3.0301753e-06 -1.0628924e-10 6.7051952e-05)
(-3.5347947e-06 3.3896272e-07 6.5996703e-05)
(-2.7669635e-06 -2.6045656e-07 0.00019798359)
(-2.8448829e-06 -5.4202653e-07 0.00022935576)
(-3.0406632e-06 -2.8094842e-07 0.0002264665)
(-3.1627626e-06 -3.0231782e-07 0.00011708865)
(-2.5580868e-06 -4.867575e-07 0.00016642404)
(-3.1762356e-06 -2.9715714e-07 0.00016413067)
(-2.9706883e-06 -5.7731e-07 6.7049904e-05)
(-3.5347943e-06 -3.3899855e-07 6.5996747e-05)
(-2.6632585e-06 -7.7499353e-07 0.0001979706)
(-2.6852367e-06 -1.0729369e-06 0.00022933042)
(-2.9288464e-06 -8.4098504e-07 0.00022644326)
(-3.039657e-06 -8.9648965e-07 0.0001170811)
(-2.4084381e-06 -9.5995441e-07 0.00016640786)
(-3.0545416e-06 -8.8583181e-07 0.00016411717)
(-2.7946209e-06 -1.1341376e-06 6.704399e-05)
(-3.3943197e-06 -1.0055465e-06 6.5993441e-05)
(-2.4550847e-06 -1.2732864e-06 0.00019794476)
(-2.4178005e-06 -1.582124e-06 0.00022929919)
(-2.7023953e-06 -1.3918853e-06 0.00022640311)
(-2.7959868e-06 -1.4637129e-06 0.00011706703)
(-2.1594595e-06 -1.4102202e-06 0.00016638996)
(-2.8096928e-06 -1.4559953e-06 0.00016409424)
(-2.5076382e-06 -1.6553979e-06 6.7037372e-05)
(-3.1187459e-06 -1.6395096e-06 6.5985773e-05)
(-2.1434514e-06 -1.7387219e-06 0.00019792425)
(-2.3584874e-06 -1.9111022e-06 0.00022637199)
(-2.0437817e-06 -2.042112e-06 0.00022928493)
(-2.4397884e-06 -1.9862377e-06 0.00011705646)
(-2.4477015e-06 -1.9867168e-06 0.0001640769)
(-1.8205339e-06 -1.8181844e-06 0.00016638211)
(-2.7207359e-06 -2.2195014e-06 6.5979503e-05)
(-2.1214501e-06 -2.1210693e-06 6.7034475e-05)
(-2.6851847e-06 2.1781536e-06 0.00019239037)
(-2.6454272e-06 1.7190938e-06 0.00022311209)
(-2.382541e-06 1.9282566e-06 0.00021787162)
(-3.0059749e-06 2.4480677e-06 0.00011367913)
(-3.0999105e-06 2.0307465e-06 0.00016163185)
(-2.872744e-06 2.3351425e-06 0.00015775097)
(-3.3332715e-06 2.2025735e-06 6.4997049e-05)
(-3.1258985e-06 2.551532e-06 6.3360532e-05)
(-3.0830119e-06 1.5889569e-06 0.00019242059)
(-2.9481284e-06 1.1573012e-06 0.00022315972)
(-2.7350927e-06 1.4012157e-06 0.00021790917)
(-3.4491163e-06 1.801315e-06 0.00011369612)
(-3.4575471e-06 1.3793657e-06 0.00016166076)
(-3.296604e-06 1.7122591e-06 0.00015777325)
(-3.7197905e-06 1.5092886e-06 6.5007719e-05)
(-3.5847525e-06 1.8862466e-06 6.3368584e-05)
(-3.3483603e-06 9.6074746e-07 0.00019246286)
(-3.1257478e-06 5.790151e-07 0.00022320646)
(-2.9667364e-06 8.4363797e-07 0.00021796174)
(-3.7535797e-06 1.0995189e-06 0.00011372025)
(-3.67347e-06 6.9555111e-07 0.00016168925)
(-3.5843845e-06 1.0412699e-06 0.00015780478)
(-3.9591635e-06 7.6675002e-07 6.5018314e-05)
(-3.904862e-06 1.1571679e-06 6.338019e-05)
(-3.4788019e-06 3.2080963e-07 0.00019249186)
(-3.183634e-06 1.7428878e-10 0.00022322553)
(-3.0791431e-06 2.8100878e-07 0.00021799769)
(-3.9073954e-06 3.6938362e-07 0.0001137365)
(-3.7452296e-06 1.4200279e-10 0.00016170087)
(-3.7283434e-06 3.4906499e-07 0.00015782612)
(-4.040044e-06 6.6176352e-11 6.5022615e-05)
(-4.0688697e-06 3.9004101e-07 6.3387829e-05)
(-3.4788112e-06 -3.2048185e-07 0.00019249195)
(-3.1257837e-06 -5.7864959e-07 0.00022320663)
(-3.0791787e-06 -2.8055978e-07 0.00021799775)
(-3.9074041e-06 -3.6916621e-07 0.00011373654)
(-3.6734969e-06 -6.9523975e-07 0.00016168937)
(-3.7283766e-06 -3.4864893e-07 0.00015782617)
(-3.9591901e-06 -7.6660246e-07 6.5018295e-05)
(-4.0688969e-06 -3.8976245e-07 6.3387806e-05)
(-3.3484094e-06 -9.6037698e-07 0.00019246305)
(-2.9482249e-06 -1.1569118e-06 0.00022315993)
(-2.966848e-06 -8.4319009e-07 0.00021796182)
(-3.7536226e-06 -1.0992601e-06 0.00011372031)
(-3.4576345e-06 -1.378996e-06 0.00016166087)
(-3.5844964e-06 -1.0408344e-06 0.00015780483)
(-3.719862e-06 -1.509106e-06 6.5007624e-05)
(-3.9049506e-06 -1.1568752e-06 6.3380082e-05)
(-3.0831412e-06 -1.5885419e-06 0.0001924207)
(-2.6456128e-06 -1.7186893e-06 0.00022311214)
(-2.7352843e-06 -1.4007908e-06 0.00021790907)
(-3.4492269e-06 -1.801e-06 0.00011369607)
(-3.1001095e-06 -2.0303117e-06 0.00016163177)
(-3.2968146e-06 -1.7118066e-06 0.00015777309)
(-3.3334157e-06 -2.2023491e-06 6.4996802e-05)
(-3.5849181e-06 -1.8859377e-06 6.33683e-05)
(-2.6854284e-06 -2.1777122e-06 0.00019239022)
(-2.3828017e-06 -1.927876e-06 0.00021787112)
(-2.2251158e-06 -2.2293996e-06 0.00022309193)
(-3.0061942e-06 -2.4477052e-06 0.00011367885)
(-2.8730735e-06 -2.334694e-06 0.0001577504)
(-2.6143612e-06 -2.6166267e-06 0.00016161942)
(-3.1261556e-06 -2.5512175e-06 6.3359979e-05)
(-2.819294e-06 -2.8196113e-06 6.4992179e-05)
(-2.6034446e-06 2.1126093e-06 0.0001836537)
(-2.4723577e-06 1.6087881e-06 0.00021308414)
(-2.2864326e-06 1.8504436e-06 0.00020917946)
(-3.0105358e-06 2.4532135e-06 0.00010832481)
(-3.0699641e-06 2.015501e-06 0.00015422059)
(-2.8253206e-06 2.2974231e-06 0.00015139812)
(-3.3778273e-06 2.2344846e-06 6.1908699e-05)
(-3.1054883e-06 2.5354493e-06 6.0781709e-05)
(-2.986949e-06 1.5449686e-06 0.00018367958)
(-2.7537346e-06 1.0854894e-06 0.00021312653)
(-2.6236816e-06 1.3458494e-06 0.00020921527)
(-3.4530199e-06 1.8081637e-06 0.00010833871)
(-3.4239067e-06 1.3725094e-06 0.00015424527)
(-3.2414939e-06 1.6862704e-06 0.00015141886)
(-3.7702457e-06 1.5330345e-06 6.1917636e-05)
(-3.5612455e-06 1.8751604e-06 6.0789181e-05)
(-3.2445601e-06 9.3683921e-07 0.00018371642)
(-2.9196213e-06 5.4430872e-07 0.00021316847)
(-2.8455611e-06 8.1119044e-07 0.00020926591)
(-3.7588185e-06 1.1058161e-06 0.00010835888)
(-3.6392599e-06 6.937348e-07 0.0001542697)
(-3.524921e-06 1.0266503e-06 0.00015144854)
(-4.0146804e-06 7.7975022e-07 6.1926387e-05)
(-3.8799731e-06 1.1509436e-06 6.0800024e-05)
(-3.3722848e-06 3.1355824e-07 0.00018374167)
(-2.9739287e-06 2.6184483e-10 0.00021318563)
(-2.9533856e-06 2.7045789e-07 0.00020930095)
(-3.9144001e-06 3.7209335e-07 0.00010837232)
(-3.7112879e-06 2.6327057e-10 0.00015427966)
(-3.667194e-06 3.4449896e-07 0.00015146888)
(-4.0976943e-06 2.0551078e-10 6.1929855e-05)
(-4.0438181e-06 3.8814658e-07 6.0807222e-05)
(-3.3723414e-06 -3.130206e-07 0.00018374178)
(-2.9197288e-06 -5.4379393e-07 0.00021316866)
(-2.9534352e-06 -2.6995612e-07 0.00020930111)
(-3.9144525e-06 -3.716153e-07 0.00010837239)
(-3.6393753e-06 -6.9320858e-07 0.00015426988)
(-3.6672481e-06 -3.4395674e-07 0.00015146904)
(-4.0147675e-06 -7.7933654e-07 6.1926411e-05)
(-4.043865e-06 -3.8769039e-07 6.0807278e-05)
(-3.2447269e-06 -9.3632392e-07 0.00018371667)
(-2.7539323e-06 -1.0850256e-06 0.00021312675)
(-2.8457074e-06 -8.1069972e-07 0.00020926629)
(-3.7589803e-06 -1.1053469e-06 0.00010835901)
(-3.4241349e-06 -1.3720074e-06 0.00015424546)
(-3.5250896e-06 -1.0261074e-06 0.00015144893)
(-3.7704242e-06 -1.5326254e-06 6.1917609e-05)
(-3.8801168e-06 -1.1504869e-06 6.0800147e-05)
(-2.987212e-06 -1.5445009e-06 0.00018367973)
(-2.472623e-06 -1.6083874e-06 0.00021308415)
(-2.6239211e-06 -1.345387e-06 0.00020921564)
(-3.4532898e-06 -1.8077184e-06 0.00010833874)
(-3.070305e-06 -2.0150347e-06 0.00015422055)
(-3.2417847e-06 -1.6857376e-06 0.0001514192)
(-3.3781052e-06 -2.2340868e-06 6.190851e-05)
(-3.5614944e-06 -1.8747114e-06 6.0789258e-05)
(-2.6037822e-06 -2.1122145e-06 0.00018365351)
(-2.2867484e-06 -1.8500339e-06 0.00020917954)
(-2.0826549e-06 -2.0828152e-06 0.00021306671)
(-3.0109124e-06 -2.4528192e-06 0.00010832455)
(-2.8257384e-06 -2.2969321e-06 0.00015139816)
(-2.5921584e-06 -2.5920332e-06 0.0001542104)
(-3.1058451e-06 -2.5350298e-06 6.0781625e-05)
(-2.8582132e-06 -2.8577065e-06 6.1904791e-05)
(-2.5483395e-06 2.0681102e-06 0.00017680013)
(-2.4385376e-06 1.586734e-06 0.00020514741)
(-2.2709367e-06 1.8379535e-06 0.0002009061)
(-2.9465803e-06 2.4012075e-06 0.00010421945)
(-2.9974504e-06 1.9674257e-06 0.00014845065)
(-2.7849159e-06 2.2644088e-06 0.00014538276)
(-3.2893017e-06 2.1756003e-06 5.9564251e-05)
(-3.0495222e-06 2.4896125e-06 5.8326588e-05)
(-2.9241507e-06 1.5116997e-06 0.00017682649)
(-2.7163083e-06 1.0701983e-06 0.00020519058)
(-2.6066327e-06 1.3360439e-06 0.00020094166)
(-3.3800172e-06 1.7693706e-06 0.00010423302)
(-3.3431146e-06 1.339138e-06 0.00014847559)
(-3.1958031e-06 1.6612687e-06 0.00014540324)
(-3.6713757e-06 1.492195e-06 5.957301e-05)
(-3.4974728e-06 1.8408583e-06 5.833369e-05)
(-3.1761237e-06 9.1623222e-07 0.00017686399)
(-2.879729e-06 5.3645304e-07 0.00020523344)
(-2.8272274e-06 8.048993e-07 0.00020099194)
(-3.6793631e-06 1.0817915e-06 0.00010425277)
(-3.5530909e-06 6.766048e-07 0.0001485004)
(-3.4753754e-06 1.0110062e-06 0.00014543252)
(-3.9092576e-06 7.5879692e-07 5.9581722e-05)
(-3.8107127e-06 1.1296662e-06 5.8344074e-05)
(-3.3007727e-06 3.065683e-07 0.00017688994)
(-2.9331154e-06 2.2801332e-10 0.0002052511)
(-2.9343217e-06 2.6829735e-07 0.00020102685)
(-3.8314932e-06 3.6395452e-07 0.00010426614)
(-3.6232277e-06 2.6919033e-10 0.0001485106)
(-3.6156003e-06 3.3918081e-07 0.00014545266)
(-3.9900271e-06 2.4464067e-10 5.9585264e-05)
(-3.9717148e-06 3.8093987e-07 5.8351062e-05)
(-3.3008186e-06 -3.0606186e-07 0.00017689011)
(-2.8798155e-06 -5.3598518e-07 0.00020523373)
(-2.9343676e-06 -2.6778702e-07 0.00020102704)
(-3.8315441e-06 -3.6343391e-07 0.00010426626)
(-3.5531967e-06 -6.7605375e-07 0.0001485007)
(-3.615653e-06 -3.3860179e-07 0.00014545286)
(-3.9093597e-06 -7.5830409e-07 5.9581838e-05)
(-3.9717664e-06 -3.8043357e-07 5.8351149e-05)
(-3.1762695e-06 -9.1571327e-07 0.0001768644)
(-2.7164912e-06 -1.0697218e-06 0.00020519098)
(-2.8273655e-06 -8.0439247e-07 0.00020099242)
(-3.6795251e-06 -1.0812641e-06 0.00010425307)
(-3.3433419e-06 -1.3385741e-06 0.00014847601)
(-3.4755409e-06 -1.010426e-06 0.000145433)
(-3.6715873e-06 -1.4917043e-06 5.9573163e-05)
(-3.8108688e-06 -1.1291669e-06 5.834429e-05)
(-2.9244152e-06 -1.5111708e-06 0.00017682688)
(-2.438835e-06 -1.586252e-06 0.00020514767)
(-2.6068692e-06 -1.3355522e-06 0.00020094219)
(-3.3803048e-06 -1.7688429e-06 0.00010423329)
(-2.9978251e-06 -1.9668577e-06 0.0001484509)
(-3.1960917e-06 -1.6606971e-06 0.00014540377)
(-3.2896331e-06 -2.1751244e-06 5.9564324e-05)
(-3.497737e-06 -1.84038e-06 5.8333927e-05)
(-2.5487347e-06 -2.0676038e-06 0.00017680023)
(-2.2712638e-06 -1.8375046e-06 0.00020090642)
(-2.0536033e-06 -2.0547166e-06 0.00020512966)
(-2.947006e-06 -2.4007136e-06 0.0001042195)
(-2.7853332e-06 -2.2638799e-06 0.00014538307)
(-2.5304011e-06 -2.530965e-06 0.00014844045)
(-3.0498896e-06 -2.4891809e-06 5.8326737e-05)
(-2.7831641e-06 -2.7828742e-06 5.9560658e-05)
(-2.5409295e-06 2.0616759e-06 0.00016954959)
(-2.4396468e-06 1.5862854e-06 0.00019673041)
(-2.2767795e-06 1.8417462e-06 0.00019260222)
(-2.9298681e-06 2.3872549e-06 9.9941802e-05)
(-2.983829e-06 1.9573943e-06 0.00014236297)
(-2.7824161e-06 2.2615469e-06 0.00013938377)
(-3.2580866e-06 2.1542806e-06 5.7114562e-05)
(-3.0369911e-06 2.4789234e-06 5.5920565e-05)
(-2.9165998e-06 1.5060926e-06 0.00016957585)
(-2.7181641e-06 1.069182e-06 0.0001967732)
(-2.6142922e-06 1.3370579e-06 0.000192638)
(-3.361682e-06 1.7585571e-06 9.9955468e-05)
(-3.3286262e-06 1.3317517e-06 0.0001423879)
(-3.1940257e-06 1.6578665e-06 0.00013940458)
(-3.6372026e-06 1.477379e-06 5.7123408e-05)
(-3.4840226e-06 1.8324147e-06 5.5927972e-05)
(-3.1683449e-06 9.1237398e-07 0.00016961313)
(-2.8819911e-06 5.3571863e-07 0.00019681565)
(-2.8354405e-06 8.0448805e-07 0.00019268855)
(-3.6599567e-06 1.0749529e-06 9.9975217e-05)
(-3.5380522e-06 6.7268636e-07 0.00014241264)
(-3.4737801e-06 1.0082202e-06 0.0001394343)
(-3.8732906e-06 7.5119884e-07 5.7132159e-05)
(-3.7967043e-06 1.1242517e-06 5.5938727e-05)
(-3.2929049e-06 3.0521995e-07 0.00016963889)
(-2.9355418e-06 2.7594359e-10 0.00019683313)
(-2.9424809e-06 2.6795509e-07 0.00019272366)
(-3.8116551e-06 3.616354e-07 9.9988544e-05)
(-3.6080151e-06 3.0496858e-10 0.00014242281)
(-3.6139274e-06 3.3811015e-07 0.00013945477)
(-3.9534535e-06 2.5871445e-10 5.7135709e-05)
(-3.957436e-06 3.7907874e-07 5.594596e-05)
(-3.2929566e-06 -3.0463696e-07 0.00016963908)
(-2.8820889e-06 -5.3516879e-07 0.00019681598)
(-2.9425255e-06 -2.6745451e-07 0.00019272386)
(-3.8117096e-06 -3.6107042e-07 9.9988685e-05)
(-3.538165e-06 -6.7207665e-07 0.00014241298)
(-3.6139794e-06 -3.3754324e-07 0.00013945498)
(-3.8733961e-06 -7.5068649e-07 5.7132313e-05)
(-3.9574864e-06 -3.7858553e-07 5.5946055e-05)
(-3.1685006e-06 -9.1180527e-07 0.0001696136)
(-2.7183548e-06 -1.0686631e-06 0.0001967737)
(-2.8355728e-06 -8.0399955e-07 0.00019268906)
(-3.6601236e-06 -1.0744026e-06 9.9975568e-05)
(-3.3288526e-06 -1.3311648e-06 0.00014238841)
(-3.4739407e-06 -1.0076628e-06 0.00013943482)
(-3.6374112e-06 -1.4768925e-06 5.7123641e-05)
(-3.7968545e-06 -1.1237739e-06 5.5938967e-05)
(-2.9168576e-06 -1.5055566e-06 0.00016957637)
(-2.4399251e-06 -1.5858091e-06 0.00019673083)
(-2.6145101e-06 -1.3365999e-06 0.00019263858)
(-3.3619576e-06 -1.7580399e-06 9.9955855e-05)
(-2.9841715e-06 -1.9568451e-06 0.00014236339)
(-3.1942947e-06 -1.6573349e-06 0.00013940515)
(-3.2583931e-06 -2.1538373e-06 5.7114766e-05)
(-3.4842688e-06 -1.8319711e-06 5.5928245e-05)
(-2.5412775e-06 -2.0612035e-06 0.0001695499)
(-2.2770671e-06 -1.8413451e-06 0.0001926026)
(-2.053419e-06 -2.0554978e-06 0.00019671306)
(-2.9302444e-06 -2.3868018e-06 9.9942039e-05)
(-2.7827892e-06 -2.2610728e-06 0.00013938413)
(-2.5178531e-06 -2.5191912e-06 0.00014235302)
(-3.0373213e-06 -2.4785377e-06 5.5920752e-05)
(-2.7560394e-06 -2.7561908e-06 5.7111111e-05)
(-2.5504208e-06 2.0680052e-06 0.00016244817)
(-2.4521247e-06 1.5915023e-06 0.00018848708)
(-2.2827352e-06 1.8462651e-06 0.00018429987)
(-2.9362709e-06 2.3915291e-06 9.5762262e-05)
(-2.993225e-06 1.9611134e-06 0.00013640402)
(-2.7879049e-06 2.2657128e-06 0.00013337138)
(-3.2633477e-06 2.1564303e-06 5.4719887e-05)
(-3.04231e-06 2.48306e-06 5.349533e-05)
(-2.9285716e-06 1.5085294e-06 0.00016247487)
(-2.7322611e-06 1.070737e-06 0.00018853044)
(-2.6217293e-06 1.3393712e-06 0.00018433521)
(-3.3702558e-06 1.7604401e-06 9.5776363e-05)
(-3.3397883e-06 1.3328807e-06 0.00013642945)
(-3.2011152e-06 1.6602411e-06 0.00013339193)
(-3.6439465e-06 1.4782709e-06 5.4729041e-05)
(-3.4909932e-06 1.8352035e-06 5.3502645e-05)
(-3.1811114e-06 9.1253965e-07 0.00016251277)
(-2.8961589e-06 5.3566514e-07 0.00018857347)
(-2.8433742e-06 8.0526773e-07 0.00018438514)
(-3.6698576e-06 1.0754348e-06 9.5796758e-05)
(-3.5498465e-06 6.7271324e-07 0.00013645472)
(-3.4818191e-06 1.0093017e-06 0.00013342126)
(-3.880979e-06 7.5148859e-07 5.4738137e-05)
(-3.8050569e-06 1.1258965e-06 5.3513251e-05)
(-3.3055329e-06 3.0498507e-07 0.00016253902)
(-2.9494824e-06 2.2346527e-10 0.00018859123)
(-2.9503142e-06 2.6804671e-07 0.00018441978)
(-3.8220007e-06 3.6165651e-07 9.5810619e-05)
(-3.6198977e-06 2.6190305e-10 0.00013646516)
(-3.622272e-06 3.3837114e-07 0.00013344141)
(-3.9614703e-06 2.3461135e-10 5.4741874e-05)
(-3.9664953e-06 3.7961072e-07 5.3520362e-05)
(-3.305577e-06 -3.0450051e-07 0.00016253925)
(-2.8962403e-06 -5.3521407e-07 0.00018857389)
(-2.9503458e-06 -2.6767449e-07 0.00018442004)
(-3.822051e-06 -3.6116123e-07 9.5810792e-05)
(-3.5499486e-06 -6.7218691e-07 0.00013645514)
(-3.622311e-06 -3.3792675e-07 0.00013344166)
(-3.8810752e-06 -7.5102416e-07 5.4738338e-05)
(-3.9665364e-06 -3.7920595e-07 5.3520487e-05)
(-3.1812469e-06 -9.1206191e-07 0.00016251337)
(-2.7324211e-06 -1.0703079e-06 0.0001885311)
(-2.8434677e-06 -8.049047e-07 0.00018438579)
(-3.6700126e-06 -1.0749528e-06 9.5797204e-05)
(-3.3399927e-06 -1.3323752e-06 0.0001364301)
(-3.4819402e-06 -1.0088644e-06 0.00013342192)
(-3.6441354e-06 -1.4778336e-06 5.4729362e-05)
(-3.8051793e-06 -1.1255064e-06 5.3513578e-05)
(-2.928798e-06 -1.5080745e-06 0.00016247558)
(-2.4523643e-06 -1.5911008e-06 0.00018848772)
(-2.6218817e-06 -1.3390338e-06 0.00018433602)
(-3.3705101e-06 -1.7599895e-06 9.5776893e-05)
(-2.9935362e-06 -1.9606394e-06 0.00013640464)
(-3.2013172e-06 -1.6598246e-06 0.00013339272)
(-3.2636241e-06 -2.1560346e-06 5.4720208e-05)
(-3.4911918e-06 -1.8348444e-06 5.3503058e-05)
(-2.550732e-06 -2.0676013e-06 0.00016244872)
(-2.2829331e-06 -1.8459736e-06 0.00018430055)
(-2.0622693e-06 -2.0652663e-06 0.00018846976)
(-2.9366185e-06 -2.3911388e-06 9.5762671e-05)
(-2.7881851e-06 -2.2653412e-06 0.00013337202)
(-2.5242432e-06 -2.5263312e-06 0.0001363941)
(-3.0425743e-06 -2.4827502e-06 5.3495706e-05)
(-2.7594754e-06 -2.7600924e-06 5.4716441e-05)
(-2.5526433e-06 2.0705818e-06 0.00015526479)
(-2.4530421e-06 1.5930755e-06 0.000180157)
(-2.2834803e-06 1.8478493e-06 0.00017598234)
(-2.9395642e-06 2.394644e-06 9.1518684e-05)
(-2.99642e-06 1.9639025e-06 0.00013036801)
(-2.7892227e-06 2.2675312e-06 0.00012734578)
(-3.2703914e-06 2.1611803e-06 5.2284546e-05)
(-3.0454471e-06 2.4859796e-06 5.1066277e-05)
(-2.9314621e-06 1.5109598e-06 0.0001552906)
(-2.7335343e-06 1.0722203e-06 0.000180199)
(-2.6225093e-06 1.3410938e-06 0.00017601613)
(-3.3744858e-06 1.7630449e-06 9.1532417e-05)
(-3.3437659e-06 1.3351611e-06 0.0001303926)
(-3.2027009e-06 1.6620042e-06 0.00012736544)
(-3.6525344e-06 1.4817881e-06 5.2293455e-05)
(-3.4948805e-06 1.8375538e-06 5.1073362e-05)
(-3.1847379e-06 9.1436263e-07 0.00015532722)
(-2.897742e-06 5.3655956e-07 0.00018024061)
(-2.8444044e-06 8.0665768e-07 0.00017606383)
(-3.6749365e-06 1.077247e-06 9.1552212e-05)
(-3.5544329e-06 6.7400492e-07 0.00013041692)
(-3.483798e-06 1.0106359e-06 0.00012739346)
(-3.8907009e-06 7.5337555e-07 5.2302213e-05)
(-3.809629e-06 1.1274753e-06 5.1083619e-05)
(-3.3095679e-06 3.0562033e-07 0.00015535243)
(-2.9511736e-06 1.4978102e-10 0.00018025776)
(-2.9515728e-06 2.6857434e-07 0.00017609687)
(-3.8275084e-06 3.62274e-07 9.1565387e-05)
(-3.6246839e-06 1.8442614e-10 0.00013042691)
(-3.6245042e-06 3.3885219e-07 0.0001274126)
(-3.9715612e-06 1.7153203e-10 5.2305752e-05)
(-3.9714118e-06 3.8014797e-07 5.1090386e-05)
(-3.3095934e-06 -3.0528822e-07 0.00015535266)
(-2.8977887e-06 -5.3626026e-07 0.00018024103)
(-2.9516e-06 -2.6824066e-07 0.00017609709)
(-3.8275406e-06 -3.6192016e-07 9.1565565e-05)
(-3.5544938e-06 -6.7363509e-07 0.00013041735)
(-3.6245347e-06 -3.3847709e-07 0.00012741283)
(-3.8907697e-06 -7.5303726e-07 5.2302423e-05)
(-3.9714437e-06 -3.7982781e-07 5.1090496e-05)
(-3.1848154e-06 -9.1403959e-07 0.00015532782)
(-2.7336209e-06 -1.0719472e-06 0.00018019965)
(-2.8444833e-06 -8.0633965e-07 0.0001760644)
(-3.6750355e-06 -1.0769045e-06 9.1552667e-05)
(-3.3438859e-06 -1.3348094e-06 0.00013039326)
(-3.4838922e-06 -1.0102699e-06 0.00012739404)
(-3.6526675e-06 -1.4814735e-06 5.2293793e-05)
(-3.8097239e-06 -1.127168e-06 5.1083901e-05)
(-2.9315869e-06 -1.5106593e-06 0.00015529131)
(-2.4531629e-06 -1.5928331e-06 0.00018015764)
(-2.6226335e-06 -1.3408088e-06 0.00017601679)
(-3.3746452e-06 -1.7627267e-06 9.1532961e-05)
(-2.9966006e-06 -1.9635741e-06 0.00013036864)
(-3.2028567e-06 -1.6616592e-06 0.00012736611)
(-3.2705832e-06 -2.1608992e-06 5.2284892e-05)
(-3.4950333e-06 -1.8372725e-06 5.1073701e-05)
(-2.5528079e-06 -2.0703207e-06 0.00015526534)
(-2.2836355e-06 -1.8476131e-06 0.00017598283)
(-2.0628784e-06 -2.0668519e-06 0.00018014024)
(-2.9397789e-06 -2.394367e-06 9.1519115e-05)
(-2.7894379e-06 -2.2672251e-06 0.00012734625)
(-2.5266576e-06 -2.5295866e-06 0.00013035845)
(-3.0456493e-06 -2.4857381e-06 5.1066551e-05)
(-2.7649503e-06 -2.7661492e-06 5.2281241e-05)
(-2.5527635e-06 2.0716377e-06 0.00014809465)
(-2.4536346e-06 1.5948389e-06 0.0001718416)
(-2.2818711e-06 1.8484955e-06 0.00016766499)
(-2.9407955e-06 2.3963262e-06 8.7282175e-05)
(-2.9961163e-06 1.9647158e-06 0.0001243431)
(-2.7874722e-06 2.2676774e-06 0.0001213193)
(-3.2703578e-06 2.1617219e-06 4.9854479e-05)
(-3.0449159e-06 2.4864451e-06 4.8635039e-05)
(-2.9312954e-06 1.5122069e-06 0.00014811886)
(-2.734057e-06 1.0738943e-06 0.00017188104)
(-2.6200736e-06 1.343122e-06 0.00016769606)
(-3.3757315e-06 1.7645581e-06 8.7295058e-05)
(-3.3433406e-06 1.3360114e-06 0.00012436611)
(-3.2000849e-06 1.6632309e-06 0.00012133721)
(-3.6523946e-06 1.4822279e-06 4.9862802e-05)
(-3.4938121e-06 1.8383672e-06 4.864139e-05)
(-3.1845597e-06 9.1539739e-07 0.00014815315)
(-2.8984457e-06 5.3761333e-07 0.00017192012)
(-2.8421233e-06 8.0883825e-07 0.00016773998)
(-3.6763326e-06 1.0783274e-06 8.7313534e-05)
(-3.5540546e-06 6.7455113e-07 0.00012438885)
(-3.4810121e-06 1.0120186e-06 0.00012136283)
(-3.8904662e-06 7.536122e-07 4.987095e-05)
(-3.808276e-06 1.1281965e-06 4.8650632e-05)
(-3.3095079e-06 3.0604157e-07 0.00014817676)
(-2.9519992e-06 1.8542942e-10 0.00017193622)
(-2.9498227e-06 2.6949574e-07 0.00016777044)
(-3.8290558e-06 3.626666e-07 8.7325839e-05)
(-3.6243551e-06 1.9301392e-10 0.00012439819)
(-3.6219214e-06 3.3942519e-07 0.00012138038)
(-3.9712944e-06 1.5018045e-10 4.9874247e-05)
(-3.9700233e-06 3.8040577e-07 4.8656767e-05)
(-3.3095388e-06 -3.056648e-07 0.00014817698)
(-2.8985078e-06 -5.3724708e-07 0.00017192051)
(-2.949846e-06 -2.6920145e-07 0.00016777066)
(-3.8290884e-06 -3.6232513e-07 8.7326007e-05)
(-3.5541211e-06 -6.7416631e-07 0.00012438925)
(-3.621945e-06 -3.3911341e-07 0.00012138061)
(-3.8905257e-06 -7.5331564e-07 4.9871147e-05)
(-3.9700473e-06 -3.8015933e-07 4.8656876e-05)
(-3.1846529e-06 -9.1503561e-07 0.00014815372)
(-2.7341746e-06 -1.0735617e-06 0.00017188166)
(-2.8421902e-06 -8.0856336e-07 0.00016774056)
(-3.6764321e-06 -1.0779991e-06 8.7313965e-05)
(-3.3434723e-06 -1.3356479e-06 0.00012436673)
(-3.481085e-06 -1.011716e-06 0.0001213634)
(-3.6525101e-06 -1.4819511e-06 4.9863116e-05)
(-3.8083476e-06 -1.12796e-06 4.8650914e-05)
(-2.9314465e-06 -1.5118753e-06 0.00014811953)
(-2.4538012e-06 -1.5945482e-06 0.00017184219)
(-2.6201764e-06 -1.3428833e-06 0.00016769675)
(-3.3758925e-06 -1.7642562e-06 8.7295568e-05)
(-2.9963144e-06 -1.9643815e-06 0.00012434369)
(-3.2002058e-06 -1.6629471e-06 0.00012133789)
(-3.2705252e-06 -2.1614737e-06 4.9854794e-05)
(-3.4939274e-06 -1.8381502e-06 4.8641739e-05)
(-2.5529655e-06 -2.0713533e-06 0.00014809516)
(-2.2819969e-06 -1.8483051e-06 0.00016766555)
(-2.0638486e-06 -2.0682808e-06 0.00017182585)
(-2.9410126e-06 -2.396067e-06 8.7282568e-05)
(-2.7876409e-06 -2.2674256e-06 0.00012131983)
(-2.5266808e-06 -2.5300808e-06 0.00012433414)
(-3.0450697e-06 -2.4862575e-06 4.8635337e-05)
(-2.764999e-06 -2.7666404e-06 4.9851351e-05)
(-2.5493275e-06 2.0714104e-06 0.00014092076)
(-2.4489568e-06 1.5958111e-06 0.00016352087)
(-2.2794311e-06 1.8488745e-06 0.00015935607)
(-2.9380838e-06 2.3959168e-06 8.304404e-05)
(-2.9920189e-06 1.9653272e-06 0.0001183149)
(-2.7842943e-06 2.2670157e-06 0.00011529976)
(-3.2687629e-06 2.1625025e-06 4.7423374e-05)
(-3.0425505e-06 2.4856703e-06 4.6208072e-05)
(-2.9264825e-06 1.5142536e-06 0.00014094248)
(-2.7287799e-06 1.0765211e-06 0.00016355654)
(-2.6166748e-06 1.3453376e-06 0.00015938419)
(-3.3716326e-06 1.7655358e-06 8.3055416e-05)
(-3.3383322e-06 1.3378478e-06 0.00011833557)
(-3.195593e-06 1.6641215e-06 0.00011531591)
(-3.6500896e-06 1.483379e-06 4.7430784e-05)
(-3.4902144e-06 1.8383556e-06 4.6213755e-05)
(-3.1797734e-06 9.1795714e-07 0.00014097347)
(-2.8936992e-06 5.3972196e-07 0.00016359197)
(-2.8388482e-06 8.1132633e-07 0.00015942403)
(-3.6716197e-06 1.0796058e-06 8.3072053e-05)
(-3.5490552e-06 6.7600706e-07 0.00011835613)
(-3.475971e-06 1.0133248e-06 0.00011533907)
(-3.887955e-06 7.5437685e-07 4.7438146e-05)
(-3.8037218e-06 1.1284237e-06 4.6222076e-05)
(-3.3053509e-06 3.0712622e-07 0.00014099488)
(-2.9476699e-06 1.1013446e-10 0.00016360658)
(-2.9470177e-06 2.7051749e-07 0.00015945172)
(-3.8243778e-06 3.6318985e-07 8.3083255e-05)
(-3.6195116e-06 1.2084301e-10 0.00011836461)
(-3.6168541e-06 3.3997418e-07 0.00011535503)
(-3.9687762e-06 9.7531824e-11 4.7441135e-05)
(-3.9650527e-06 3.8049188e-07 4.622765e-05)
(-3.3053656e-06 -3.068968e-07 0.00014099509)
(-2.8937295e-06 -5.3950771e-07 0.00016359233)
(-2.9470273e-06 -2.7036602e-07 0.0001594519)
(-3.8243957e-06 -3.6297305e-07 8.3083407e-05)
(-3.5490874e-06 -6.757661e-07 0.0001183565)
(-3.6168651e-06 -3.3978955e-07 0.00011535521)
(-3.8879923e-06 -7.5418427e-07 4.7438321e-05)
(-3.9650682e-06 -3.8032903e-07 4.6227733e-05)
(-3.179817e-06 -9.1774052e-07 0.00014097399)
(-2.7288331e-06 -1.0763372e-06 0.00016355712)
(-2.8388751e-06 -8.1118639e-07 0.00015942448)
(-3.6716747e-06 -1.0793977e-06 8.3072442e-05)
(-3.338396e-06 -1.3376207e-06 0.00011833614)
(-3.4760065e-06 -1.0131421e-06 0.00011533953)
(-3.6501621e-06 -1.4831995e-06 4.7431062e-05)
(-3.8037688e-06 -1.1282659e-06 4.6222288e-05)
(-2.9265505e-06 -1.5140603e-06 0.0001409431)
(-2.4490251e-06 -1.5956633e-06 0.00016352143)
(-2.6167145e-06 -1.3452206e-06 0.0001593847)
(-3.3717211e-06 -1.7653436e-06 8.3055875e-05)
(-2.9921167e-06 -1.9651165e-06 0.00011831544)
(-3.1956554e-06 -1.6639447e-06 0.00011531642)
(-3.2688681e-06 -2.1623407e-06 4.7423647e-05)
(-3.4902913e-06 -1.8382081e-06 4.6213998e-05)
(-2.5494153e-06 -2.0712488e-06 0.00014092123)
(-2.2794761e-06 -1.8487873e-06 0.00015935642)
(-2.0611546e-06 -2.0665872e-06 0.00016350673)
(-2.9382041e-06 -2.3957486e-06 8.3044389e-05)
(-2.7843884e-06 -2.2668521e-06 0.00011530009)
(-2.5243574e-06 -2.5286094e-06 0.00011830693)
(-3.042656e-06 -2.4855391e-06 4.6208243e-05)
(-2.7643531e-06 -2.7665754e-06 4.7420632e-05)
(-2.5472378e-06 2.0714307e-06 0.00013376335)
(-2.4477493e-06 1.5975026e-06 0.00015521952)
(-2.279159e-06 1.8496894e-06 0.00015106275)
(-2.9357297e-06 2.3952855e-06 7.88152e-05)
(-2.9884057e-06 1.9650056e-06 0.00011230063)
(-2.7825187e-06 2.2664519e-06 0.00010929142)
(-3.2643693e-06 2.1609735e-06 4.4997977e-05)
(-3.0405531e-06 2.4847001e-06 4.3785027e-05)
(-2.9235134e-06 1.5153714e-06 0.00013378307)
(-2.7273407e-06 1.0786994e-06 0.00015525189)
(-2.6163206e-06 1.3463226e-06 0.00015108892)
(-3.3681344e-06 1.7657073e-06 7.8825401e-05)
(-3.3337697e-06 1.3382993e-06 0.00011231931)
(-3.1932805e-06 1.663931e-06 0.00010930647)
(-3.6442131e-06 1.4825151e-06 4.5004564e-05)
(-3.4873729e-06 1.8376916e-06 4.3790298e-05)
(-3.1763785e-06 9.1923277e-07 0.00013381114)
(-2.8923528e-06 5.4118599e-07 0.00015528407)
(-2.8384783e-06 8.121055e-07 0.000151126)
(-3.6671394e-06 1.079989e-06 7.8840166e-05)
(-3.5439355e-06 6.7645928e-07 0.0001123379)
(-3.4731285e-06 1.0132749e-06 0.000109328)
(-3.880932e-06 7.539733e-07 4.5011105e-05)
(-3.799919e-06 1.1279555e-06 4.3797947e-05)
(-3.3017924e-06 3.0762775e-07 0.00013383061)
(-2.9463752e-06 4.2688846e-11 0.00015529736)
(-2.9465737e-06 2.7076323e-07 0.00015115178)
(-3.8193148e-06 3.6333332e-07 7.885021e-05)
(-3.6142076e-06 6.5905433e-11 0.00011234558)
(-3.6136283e-06 3.3992903e-07 0.00010934282)
(-3.9613448e-06 6.6523665e-11 4.5013789e-05)
(-3.96059e-06 3.8029377e-07 4.3803087e-05)
(-3.3017969e-06 -3.0752097e-07 0.00013383077)
(-2.8923608e-06 -5.411e-07 0.00015528436)
(-2.94657e-06 -2.7075501e-07 0.00015115194)
(-3.8193263e-06 -3.6320281e-07 7.8850334e-05)
(-3.5439515e-06 -6.7632358e-07 0.0001123382)
(-3.6136284e-06 -3.3986339e-07 0.00010934299)
(-3.8809581e-06 -7.5384031e-07 4.5011246e-05)
(-3.9605989e-06 -3.8019892e-07 4.3803165e-05)
(-3.1763944e-06 -9.191258e-07 0.00013381155)
(-2.7273549e-06 -1.0786247e-06 0.00015525234)
(-2.8384672e-06 -8.1209795e-07 0.00015112641)
(-3.6671762e-06 -1.0798593e-06 7.8840479e-05)
(-3.3338051e-06 -1.3381638e-06 0.00011231976)
(-3.4731325e-06 -1.0132022e-06 0.00010932842)
(-3.6442651e-06 -1.4823876e-06 4.5004782e-05)
(-3.7999472e-06 -1.1278608e-06 4.3798146e-05)
(-2.9235428e-06 -1.5152684e-06 0.00013378355)
(-2.4477696e-06 -1.5974406e-06 0.00015521993)
(-2.6163023e-06 -1.3463198e-06 0.00015108939)
(-3.3681973e-06 -1.7655815e-06 7.8825757e-05)
(-2.9884685e-06 -1.9648697e-06 0.00011230103)
(-3.193295e-06 -1.6638493e-06 0.00010930694)
(-3.2644487e-06 -2.1608532e-06 4.4998177e-05)
(-3.4874212e-06 -1.8375983e-06 4.3790528e-05)
(-2.547284e-06 -2.0713376e-06 0.00013376368)
(-2.2791315e-06 -1.8496946e-06 0.00015106307)
(-2.0607483e-06 -2.0671535e-06 0.00015520658)
(-2.935822e-06 -2.3951695e-06 7.8815441e-05)
(-2.7825533e-06 -2.266365e-06 0.00010929173)
(-2.521968e-06 -2.5270245e-06 0.00011229331)
(-3.0406239e-06 -2.4846118e-06 4.3785194e-05)
(-2.7612862e-06 -2.7640323e-06 4.4995452e-05)
(-2.5471705e-06 2.0715719e-06 0.00012661667)
(-2.4483205e-06 1.597624e-06 0.00014693098)
(-2.2792701e-06 1.8496832e-06 0.00014276696)
(-2.9353698e-06 2.395253e-06 7.4593757e-05)
(-2.9879219e-06 1.9645855e-06 0.00010629619)
(-2.782259e-06 2.2662144e-06 0.00010328093)
(-3.2639218e-06 2.1608713e-06 4.2576681e-05)
(-3.0403979e-06 2.4846918e-06 4.1361007e-05)
(-2.923643e-06 1.5149555e-06 0.00012663552)
(-2.7280485e-06 1.0782996e-06 0.00014696181)
(-2.6170701e-06 1.3454695e-06 0.00014279217)
(-3.3677412e-06 1.7653571e-06 7.4603503e-05)
(-3.3331713e-06 1.3376204e-06 0.00010631405)
(-3.19348e-06 1.6631262e-06 0.00010329549)
(-3.6434468e-06 1.4822428e-06 4.2582978e-05)
(-3.487423e-06 1.8374213e-06 4.1366101e-05)
(-3.1763011e-06 9.1860732e-07 0.00012666233)
(-2.8928828e-06 5.4075287e-07 0.00014699243)
(-2.8393886e-06 8.1105006e-07 0.00014282787)
(-3.6664272e-06 1.0795291e-06 7.4617602e-05)
(-3.5429846e-06 6.7592114e-07 0.00010633176)
(-3.4734401e-06 1.0123754e-06 0.00010331633)
(-3.8796873e-06 7.5372106e-07 4.2589183e-05)
(-3.8000092e-06 1.127617e-06 4.1373524e-05)
(-3.3013678e-06 3.0729586e-07 0.00012668085)
(-2.9467673e-06 -3.3350137e-11 0.00014700505)
(-2.9474692e-06 2.7025223e-07 0.00014285266)
(-3.8182195e-06 3.6309748e-07 7.4627032e-05)
(-3.6130487e-06 1.624173e-12 0.00010633904)
(-3.6139021e-06 3.3950066e-07 0.00010333065)
(-3.9598441e-06 2.9317502e-11 4.2591693e-05)
(-3.9606322e-06 3.801216e-07 4.1378485e-05)
(-3.3013582e-06 -3.0732868e-07 0.000126681)
(-2.8928613e-06 -5.4081645e-07 0.00014699269)
(-2.9474495e-06 -2.7040986e-07 0.0001428528)
(-3.8182199e-06 -3.6306793e-07 7.4627143e-05)
(-3.5429741e-06 -6.7591115e-07 0.00010633203)
(-3.6138894e-06 -3.3956762e-07 0.00010333079)
(-3.8796991e-06 -7.5366064e-07 4.2589307e-05)
(-3.9606349e-06 -3.8009417e-07 4.1378549e-05)
(-3.1762751e-06 -9.1863319e-07 0.00012666271)
(-2.728005e-06 -1.0783636e-06 0.0001469622)
(-2.8393318e-06 -8.1119556e-07 0.00014282821)
(-3.6664316e-06 -1.0794943e-06 7.461788e-05)
(-3.3331552e-06 -1.3375996e-06 0.00010631444)
(-3.4734076e-06 -1.0124251e-06 0.00010331668)
(-3.6434717e-06 -1.4821815e-06 4.2583165e-05)
(-3.8000199e-06 -1.1275848e-06 4.1373683e-05)
(-2.923605e-06 -1.5149717e-06 0.00012663592)
(-2.4482564e-06 -1.5976851e-06 0.00014693131)
(-2.6169837e-06 -1.3455938e-06 0.00014279252)
(-3.367753e-06 -1.7653144e-06 7.4603807e-05)
(-2.987911e-06 -1.9645486e-06 0.00010629652)
(-3.1934404e-06 -1.6631466e-06 0.00010329586)
(-3.263963e-06 -2.160808e-06 4.2576843e-05)
(-3.4874452e-06 -1.8373813e-06 4.1366271e-05)
(-2.5471264e-06 -2.0715793e-06 0.00012661691)
(-2.2791638e-06 -1.8497812e-06 0.00014276715)
(-2.0606521e-06 -2.0680573e-06 0.00014691858)
(-2.9353957e-06 -2.3952044e-06 7.4593937e-05)
(-2.7822306e-06 -2.2662032e-06 0.00010328112)
(-2.5211602e-06 -2.5270449e-06 0.00010628912)
(-3.0404378e-06 -2.484645e-06 4.1361102e-05)
(-2.760838e-06 -2.7641183e-06 4.2574237e-05)
(-2.5471947e-06 2.0712736e-06 0.00011945942)
(-2.4486415e-06 1.5966047e-06 0.00013863111)
(-2.2811459e-06 1.850177e-06 0.00013446312)
(-2.9356272e-06 2.3952953e-06 7.036532e-05)
(-2.9883669e-06 1.963934e-06 0.0001002827)
(-2.7834171e-06 2.2663419e-06 9.7265617e-05)
(-3.2642769e-06 2.1606765e-06 4.0151924e-05)
(-3.0413678e-06 2.4851054e-06 3.8936592e-05)
(-2.9245671e-06 1.5137693e-06 0.00011947791)
(-2.7290308e-06 1.0767307e-06 0.00013866123)
(-2.6202065e-06 1.3439958e-06 0.00013448814)
(-3.3687845e-06 1.7648432e-06 7.0374941e-05)
(-3.3343005e-06 1.3365518e-06 0.00010030029)
(-3.1958809e-06 1.6619038e-06 9.7280222e-05)
(-3.6443655e-06 1.4818777e-06 4.0158177e-05)
(-3.4894214e-06 1.8371899e-06 3.8941805e-05)
(-3.1776859e-06 9.1730363e-07 0.00011950422)
(-2.8941717e-06 5.3957973e-07 0.00013869114)
(-2.8426909e-06 8.0903364e-07 0.00013452354)
(-3.6680655e-06 1.078907e-06 7.0388902e-05)
(-3.5445283e-06 6.7510254e-07 0.00010031778)
(-3.4763979e-06 1.0108741e-06 9.7301106e-05)
(-3.8810715e-06 7.5342757e-07 4.0164382e-05)
(-3.8028589e-06 1.1272226e-06 3.8949367e-05)
(-3.303019e-06 3.0669396e-07 0.00011952242)
(-2.9481554e-06 -1.2402306e-10 0.00013870347)
(-2.9505191e-06 2.6930383e-07 0.00013454813)
(-3.8202959e-06 3.627969e-07 7.0398354e-05)
(-3.614744e-06 -6.7511559e-11 0.00010032498)
(-3.6169984e-06 3.3881655e-07 9.7315496e-05)
(-3.9614231e-06 -1.3757287e-12 4.0166904e-05)
(-3.9639909e-06 3.7993318e-07 3.8954464e-05)
(-3.3029947e-06 -3.0688564e-07 0.00011952255)
(-2.8941176e-06 -5.3981466e-07 0.00013869137)
(-2.9504847e-06 -2.6961187e-07 0.00013454826)
(-3.8202873e-06 -3.6286665e-07 7.0398452e-05)
(-3.5444947e-06 -6.752236e-07 0.00010031802)
(-3.6169748e-06 -3.3899881e-07 9.7315633e-05)
(-3.8810737e-06 -7.534255e-07 4.016449e-05)
(-3.9639889e-06 -3.7995867e-07 3.8954527e-05)
(-3.1776194e-06 -9.1747207e-07 0.00011950454)
(-2.7289312e-06 -1.0769363e-06 0.00013866156)
(-2.8425927e-06 -8.0931603e-07 0.00013452387)
(-3.6680453e-06 -1.0789616e-06 7.0389145e-05)
(-3.3342451e-06 -1.336641e-06 0.00010030063)
(-3.4763345e-06 -1.011029e-06 9.7301447e-05)
(-3.6443738e-06 -1.4818661e-06 4.0158336e-05)
(-3.802856e-06 -1.1272391e-06 3.8949524e-05)
(-2.9244743e-06 -1.5138955e-06 0.00011947825)
(-2.448515e-06 -1.5967627e-06 0.00013863138)
(-2.6200595e-06 -1.3442319e-06 0.00013448849)
(-3.3687633e-06 -1.764871e-06 7.03752e-05)
(-2.9883125e-06 -1.963976e-06 0.00010028297)
(-3.1957964e-06 -1.662011e-06 9.7280586e-05)
(-3.2642991e-06 -2.160651e-06 4.0152053e-05)
(-3.4894238e-06 -1.8371908e-06 3.8941975e-05)
(-2.5470993e-06 -2.0713491e-06 0.00011945961)
(-2.2809705e-06 -1.8503554e-06 0.00013446331)
(-2.0597608e-06 -2.068213e-06 0.00013861893)
(-2.9356216e-06 -2.3952937e-06 7.0365456e-05)
(-2.7833376e-06 -2.2663946e-06 9.7265811e-05)
(-2.5205838e-06 -2.5273127e-06 0.00010027568)
(-3.0413849e-06 -2.4850901e-06 3.893669e-05)
(-2.7605822e-06 -2.764374e-06 4.014947e-05)
(-2.5501907e-06 2.0721819e-06 0.00011229062)
(-2.4533703e-06 1.5965726e-06 0.00013031734)
(-2.2827959e-06 1.8508261e-06 0.00012614731)
(-2.9382213e-06 2.3963859e-06 6.6131563e-05)
(-2.9915178e-06 1.9634308e-06 9.4260486e-05)
(-2.7843728e-06 2.2665333e-06 9.1240679e-05)
(-3.266919e-06 2.1610096e-06 3.7724404e-05)
(-3.0424293e-06 2.4856174e-06 3.6506465e-05)
(-2.9291445e-06 1.5122401e-06 0.0001123092)
(-2.7345197e-06 1.0747087e-06 0.00013034747)
(-2.6228055e-06 1.3431935e-06 0.00012617157)
(-3.3730475e-06 1.7643824e-06 6.6141412e-05)
(-3.3385635e-06 1.3348085e-06 9.4278212e-05)
(-3.1978952e-06 1.6611526e-06 9.1254805e-05)
(-3.648323e-06 1.4815481e-06 3.7730781e-05)
(-3.4916274e-06 1.8372144e-06 3.6511485e-05)
(-3.1824919e-06 9.1506842e-07 0.00011233559)
(-2.8992393e-06 5.3772105e-07 0.00013037737)
(-2.8453227e-06 8.0775746e-07 0.00012620584)
(-3.6733374e-06 1.0779624e-06 6.6155625e-05)
(-3.5490472e-06 6.7367823e-07 9.4295825e-05)
(-3.4789258e-06 1.0099326e-06 9.1274963e-05)
(-3.8859022e-06 7.5310322e-07 3.7737104e-05)
(-3.8060791e-06 1.1271318e-06 3.6518744e-05)
(-3.307428e-06 3.0565485e-07 0.00011235386)
(-2.9528433e-06 -1.842636e-10 0.00013038969)
(-2.9527724e-06 2.6868845e-07 0.0001262296)
(-3.8258734e-06 3.6234075e-07 6.6165283e-05)
(-3.6192274e-06 -1.1412095e-10 9.430308e-05)
(-3.6195759e-06 3.383928e-07 9.1288788e-05)
(-3.9665565e-06 -2.3861708e-11 3.7739693e-05)
(-3.9677125e-06 3.7989049e-07 3.65236e-05)
(-3.3073928e-06 -3.059534e-07 0.00011235399)
(-2.8991614e-06 -5.3807311e-07 0.0001303776)
(-2.95273e-06 -2.6907443e-07 0.00012622972)
(-3.8258575e-06 -3.6247969e-07 6.616538e-05)
(-3.5489946e-06 -6.7388978e-07 9.4296057e-05)
(-3.6195466e-06 -3.3863256e-07 9.1288919e-05)
(-3.8858957e-06 -7.5314496e-07 3.7737208e-05)
(-3.9677081e-06 -3.7994079e-07 3.6523657e-05)
(-3.1823936e-06 -9.1533638e-07 0.00011233591)
(-2.734374e-06 -1.0750214e-06 0.0001303478)
(-2.8452019e-06 -8.0811158e-07 0.00012620615)
(-3.6732956e-06 -1.0780812e-06 6.6155863e-05)
(-3.3384716e-06 -1.3349797e-06 9.427855e-05)
(-3.4788461e-06 -1.0101405e-06 9.1275284e-05)
(-3.6483146e-06 -1.4815764e-06 3.7730932e-05)
(-3.8060693e-06 -1.1271712e-06 3.6518883e-05)
(-2.9290012e-06 -1.512455e-06 0.00011230954)
(-2.4531764e-06 -1.5968262e-06 0.00013031759)
(-2.6226234e-06 -1.3434927e-06 0.00012617189)
(-3.3729924e-06 -1.7644665e-06 6.6141661e-05)
(-2.9914106e-06 -1.9635448e-06 9.426074e-05)
(-3.1977854e-06 -1.6613062e-06 9.1255137e-05)
(-3.2669176e-06 -2.1610187e-06 3.7724519e-05)
(-3.4916195e-06 -1.837235e-06 3.6511627e-05)
(-2.5500267e-06 -2.072334e-06 0.00011229078)
(-2.282576e-06 -1.8510569e-06 0.00012614747)
(-2.0620088e-06 -2.0712849e-06 0.0001303051)
(-2.9381707e-06 -2.3964309e-06 6.6131683e-05)
(-2.7842619e-06 -2.2666234e-06 9.1240829e-05)
(-2.5216366e-06 -2.5290372e-06 9.4253362e-05)
(-3.0424347e-06 -2.4856168e-06 3.6506524e-05)
(-2.7617336e-06 -2.7659495e-06 3.7721854e-05)
(-2.5498704e-06 2.0721717e-06 0.00010512053)
(-2.4529254e-06 1.5964108e-06 0.00012200246)
(-2.2829326e-06 1.8514081e-06 0.00011784087)
(-2.9378185e-06 2.3961406e-06 6.1894742e-05)
(-2.9913657e-06 1.9633343e-06 8.8235491e-05)
(-2.7838964e-06 2.26648e-06 8.5221863e-05)
(-3.2675647e-06 2.1611831e-06 3.5293828e-05)
(-3.0422134e-06 2.4855646e-06 3.4078795e-05)
(-2.9292867e-06 1.5122727e-06 0.00010513802)
(-2.7342963e-06 1.0745859e-06 0.00012203092)
(-2.6230513e-06 1.343793e-06 0.00011786347)
(-3.3732131e-06 1.7642247e-06 6.1904036e-05)
(-3.338871e-06 1.334796e-06 8.8252156e-05)
(-3.1975713e-06 1.6612535e-06 8.5235009e-05)
(-3.6498074e-06 1.4817739e-06 3.5299832e-05)
(-3.4917593e-06 1.8372491e-06 3.4083505e-05)
(-3.1830093e-06 9.1513568e-07 0.00010516284)
(-2.8990721e-06 5.3764773e-07 0.00012205913)
(-2.8456992e-06 8.0822537e-07 0.00011789535)
(-3.6740095e-06 1.077931e-06 6.1917437e-05)
(-3.549643e-06 6.7370199e-07 8.8268634e-05)
(-3.4788041e-06 1.0100884e-06 8.5253717e-05)
(-3.8880161e-06 7.5328167e-07 3.5305729e-05)
(-3.8065795e-06 1.1272319e-06 3.4090305e-05)
(-3.3080594e-06 3.0567552e-07 0.00010517992)
(-2.9526615e-06 -2.0159514e-10 0.00012207073)
(-2.9532191e-06 2.6885524e-07 0.00011791742)
(-3.826746e-06 3.6234405e-07 6.1926338e-05)
(-3.6198957e-06 -1.2469452e-10 8.8275383e-05)
(-3.6195505e-06 3.3845695e-07 8.5266475e-05)
(-3.9688642e-06 -2.6034486e-11 3.5308096e-05)
(-3.9683792e-06 3.7994052e-07 3.4094777e-05)
(-3.3080217e-06 -3.0600267e-07 0.00010518005)
(-2.8989874e-06 -5.3803321e-07 0.00012205936)
(-2.9531723e-06 -2.6928124e-07 0.00011791754)
(-3.8267295e-06 -3.6249629e-07 6.1926435e-05)
(-3.5495873e-06 -6.7393441e-07 8.8268869e-05)
(-3.6195186e-06 -3.3872298e-07 8.5266602e-05)
(-3.8880089e-06 -7.5332783e-07 3.5305831e-05)
(-3.9683737e-06 -3.7999952e-07 3.4094834e-05)
(-3.1829042e-06 -9.1542903e-07 0.00010516317)
(-2.7341386e-06 -1.0749278e-06 0.00012203126)
(-2.8455655e-06 -8.0861906e-07 0.00011789565)
(-3.673966e-06 -1.0780618e-06 6.1917676e-05)
(-3.3387735e-06 -1.334986e-06 8.82525e-05)
(-3.4787163e-06 -1.0103223e-06 8.525403e-05)
(-3.6497982e-06 -1.4818058e-06 3.5299982e-05)
(-3.8065664e-06 -1.1272794e-06 3.4090444e-05)
(-2.929134e-06 -1.5125085e-06 0.00010513837)
(-2.4527177e-06 -1.5966868e-06 0.00012200274)
(-2.6228481e-06 -1.344131e-06 0.00011786378)
(-3.3731559e-06 -1.7643186e-06 6.1904289e-05)
(-2.9912533e-06 -1.9634625e-06 8.8235762e-05)
(-3.1974485e-06 -1.6614324e-06 8.5235335e-05)
(-3.267564e-06 -2.1611934e-06 3.5293943e-05)
(-3.4917466e-06 -1.8372766e-06 3.408365e-05)
(-2.5496993e-06 -2.072337e-06 0.00010512072)
(-2.2826844e-06 -1.8516753e-06 0.00011784103)
(-2.0613021e-06 -2.071163e-06 0.00012199094)
(-2.9377689e-06 -2.3961904e-06 6.1894874e-05)
(-2.7837683e-06 -2.2665932e-06 8.522202e-05)
(-2.5211165e-06 -2.5289862e-06 8.8228821e-05)
(-3.0422132e-06 -2.4855686e-06 3.4078864e-05)
(-2.7617686e-06 -2.766287e-06 3.5291451e-05)
(-2.5497909e-06 2.0726613e-06 9.7960155e-05)
(-2.4537369e-06 1.5977615e-06 0.00011369873)
(-2.2816923e-06 1.8515915e-06 0.00010953068)
(-2.9378568e-06 2.39655e-06 5.7663504e-05)
(-2.9907096e-06 1.9634849e-06 8.2218327e-05)
(-2.7827554e-06 2.2665201e-06 7.9199396e-05)
(-3.2668272e-06 2.1610022e-06 3.2865956e-05)
(-3.0415321e-06 2.4855695e-06 3.1647776e-05)
(-2.9290266e-06 1.5129194e-06 9.7976101e-05)
(-2.7351249e-06 1.0757929e-06 0.00011372471)
(-2.6211062e-06 1.3451305e-06 0.00010955084)
(-3.3731858e-06 1.7646964e-06 5.7671972e-05)
(-3.338109e-06 1.3350787e-06 8.2233448e-05)
(-3.1957205e-06 1.6621543e-06 7.9210974e-05)
(-3.6489492e-06 1.4816962e-06 3.2871381e-05)
(-3.490556e-06 1.8376234e-06 3.1651838e-05)
(-3.182741e-06 9.1569062e-07 9.7998635e-05)
(-2.9000501e-06 5.3836879e-07 0.00011375041)
(-2.8438307e-06 8.0979697e-07 0.00010957927)
(-3.6740318e-06 1.0783156e-06 5.7684072e-05)
(-3.5488946e-06 6.7390873e-07 8.2248367e-05)
(-3.476786e-06 1.01115e-06 7.922749e-05)
(-3.8870685e-06 7.5325487e-07 3.2876673e-05)
(-3.8050666e-06 1.1276421e-06 3.1657734e-05)
(-3.3078642e-06 3.0588733e-07 9.801413e-05)
(-2.9537225e-06 -2.241653e-10 0.00011376098)
(-2.9517559e-06 2.6958619e-07 0.00010959894)
(-3.826843e-06 3.6248778e-07 5.7692114e-05)
(-3.6191707e-06 -1.4027978e-10 8.2254476e-05)
(-3.6176871e-06 3.3894632e-07 7.9238775e-05)
(-3.9678882e-06 -3.2566872e-11 3.2878803e-05)
(-3.9668074e-06 3.8011857e-07 3.1661621e-05)
(-3.3078221e-06 -3.0625217e-07 9.8014244e-05)
(-2.8999547e-06 -5.3880114e-07 0.0001137506)
(-2.9517232e-06 -2.6987178e-07 0.00010959905)
(-3.8268239e-06 -3.6266183e-07 5.76922e-05)
(-3.5488312e-06 -6.7417311e-07 8.2248572e-05)
(-3.6176641e-06 -3.3911295e-07 7.923889e-05)
(-3.8870574e-06 -7.5331389e-07 3.2876765e-05)
(-3.9668048e-06 -3.8014317e-07 3.1661673e-05)
(-3.182622e-06 -9.160242e-07 9.7998913e-05)
(-2.7349448e-06 -1.0761849e-06 0.00011372498)
(-2.8437366e-06 -8.1006442e-07 0.00010957953)
(-3.6739801e-06 -1.078469e-06 5.7684281e-05)
(-3.3379957e-06 -1.335302e-06 8.2233739e-05)
(-3.4767238e-06 -1.0112932e-06 7.9227772e-05)
(-3.6489324e-06 -1.48174e-06 3.2871512e-05)
(-3.8050617e-06 -1.1276572e-06 3.165786e-05)
(-2.9288492e-06 -1.5131985e-06 9.797638e-05)
(-2.4534926e-06 -1.5980915e-06 0.00011369891)
(-2.6209623e-06 -1.3453636e-06 0.0001095511)
(-3.3731144e-06 -1.7648138e-06 5.7672184e-05)
(-2.9905714e-06 -1.9636486e-06 8.2218532e-05)
(-3.1956365e-06 -1.6622558e-06 7.9211262e-05)
(-3.2668148e-06 -2.1610236e-06 3.2866051e-05)
(-3.4905559e-06 -1.8376219e-06 3.1651969e-05)
(-2.5495813e-06 -2.0728729e-06 9.7960263e-05)
(-2.2815162e-06 -1.8517786e-06 0.0001095308)
(-2.0621614e-06 -2.0724609e-06 0.00011368806)
(-2.9377851e-06 -2.3966244e-06 5.766359e-05)
(-2.782675e-06 -2.2665723e-06 7.919952e-05)
(-2.5206505e-06 -2.5288783e-06 8.2212179e-05)
(-3.0415474e-06 -2.4855494e-06 3.1647835e-05)
(-2.7611643e-06 -2.7659187e-06 3.2863765e-05)
(-2.5475006e-06 2.0724047e-06 9.0793119e-05)
(-2.4497249e-06 1.5979871e-06 0.0001053869)
(-2.2794214e-06 1.8512495e-06 0.00010122481)
(-2.9362882e-06 2.3964274e-06 5.3428493e-05)
(-2.9883526e-06 1.9643174e-06 7.6195321e-05)
(-2.7806577e-06 2.2660596e-06 7.3181161e-05)
(-3.2656597e-06 2.1615944e-06 3.0435654e-05)
(-3.0400402e-06 2.4851114e-06 2.9220422e-05)
(-2.9255164e-06 1.5145249e-06 9.0806923e-05)
(-2.7304717e-06 1.0775701e-06 0.0001054096)
(-2.6177809e-06 1.3466741e-06 0.00010124253)
(-3.3704383e-06 1.7656535e-06 5.343567e-05)
(-3.3349837e-06 1.3368183e-06 7.6208393e-05)
(-3.1923894e-06 1.6631005e-06 7.3191273e-05)
(-3.6470749e-06 1.4826002e-06 3.044028e-05)
(-3.4879309e-06 1.8378182e-06 2.9223923e-05)
(-3.1791635e-06 9.1778137e-07 9.0826549e-05)
(-2.89575e-06 5.3999834e-07 0.00010543209)
(-2.8405213e-06 8.118347e-07 0.00010126753)
(-3.670728e-06 1.0794825e-06 5.3446151e-05)
(-3.5457607e-06 6.7528815e-07 7.6221367e-05)
(-3.4729282e-06 1.0124639e-06 7.3205714e-05)
(-3.8849289e-06 7.5388704e-07 3.0444855e-05)
(-3.8015322e-06 1.1279907e-06 2.9229029e-05)
(-3.3047795e-06 3.0690049e-07 9.0840069e-05)
(-2.9497681e-06 -6.2373857e-11 0.00010544134)
(-2.9488665e-06 2.7053542e-07 0.00010128486)
(-3.8235593e-06 3.6303761e-07 5.3453162e-05)
(-3.616184e-06 -2.6338675e-11 7.6226691e-05)
(-3.6138129e-06 3.3956208e-07 7.3215631e-05)
(-3.9657244e-06 7.7216323e-12 3.0446693e-05)
(-3.9628745e-06 3.802813e-07 2.9232424e-05)
(-3.3047646e-06 -3.0698779e-07 9.084017e-05)
(-2.8957187e-06 -5.4011846e-07 0.00010543226)
(-2.9488488e-06 -2.7067707e-07 0.00010128496)
(-3.8235549e-06 -3.6305575e-07 5.3453237e-05)
(-3.5457393e-06 -6.7533152e-07 7.6221547e-05)
(-3.6138002e-06 -3.3962166e-07 7.3215731e-05)
(-3.8849325e-06 -7.5386712e-07 3.0444934e-05)
(-3.9628758e-06 -3.8026203e-07 2.9232465e-05)
(-3.1791225e-06 -9.1785742e-07 9.0826794e-05)
(-2.7304131e-06 -1.0776799e-06 0.00010540984)
(-2.8404699e-06 -8.1196965e-07 0.00010126777)
(-3.670719e-06 -1.0794901e-06 5.3446333e-05)
(-3.3349509e-06 -1.3368394e-06 7.6208649e-05)
(-3.4728955e-06 -1.0125076e-06 7.3205957e-05)
(-3.6470866e-06 -1.4825702e-06 3.044039e-05)
(-3.8015383e-06 -1.1279643e-06 2.9229129e-05)
(-2.9254606e-06 -1.5145777e-06 9.0807168e-05)
(-2.4496498e-06 -1.5980763e-06 0.00010538706)
(-2.6177019e-06 -1.346794e-06 0.00010124278)
(-3.3704343e-06 -1.7656415e-06 5.3435852e-05)
(-2.9883279e-06 -1.9643054e-06 7.6195497e-05)
(-3.1923506e-06 -1.6631156e-06 7.3191522e-05)
(-3.2656878e-06 -2.1615504e-06 3.0435728e-05)
(-3.487948e-06 -1.8377796e-06 2.9224021e-05)
(-2.5474481e-06 -2.072428e-06 9.0793208e-05)
(-2.2793247e-06 -1.8513483e-06 0.00010122493)
(-2.0602469e-06 -2.0700824e-06 0.00010537756)
(-2.9363039e-06 -2.3963934e-06 5.3428559e-05)
(-2.7806329e-06 -2.2660428e-06 7.318127e-05)
(-2.5199519e-06 -2.5278822e-06 7.6190015e-05)
(-3.0400767e-06 -2.4850607e-06 2.9220453e-05)
(-2.7609564e-06 -2.7656722e-06 3.0433814e-05)
(-2.5455135e-06 2.0719337e-06 8.3629582e-05)
(-2.4480869e-06 1.5990169e-06 9.7079129e-05)
(-2.2789357e-06 1.851276e-06 9.292478e-05)
(-2.9340617e-06 2.3954651e-06 4.9195637e-05)
(-2.98524e-06 1.9640233e-06 7.0175772e-05)
(-2.7795143e-06 2.2654995e-06 6.7167133e-05)
(-3.2626863e-06 2.1607736e-06 2.800745e-05)
(-3.0386826e-06 2.4842939e-06 2.6794135e-05)
(-2.9224718e-06 1.5154636e-06 8.3641838e-05)
(-2.7284381e-06 1.079461e-06 9.7099235e-05)
(-2.6168928e-06 1.3473249e-06 9.2940965e-05)
(-3.3669561e-06 1.7656965e-06 4.9201934e-05)
(-3.3308812e-06 1.3374205e-06 7.0187303e-05)
(-3.1905762e-06 1.6631129e-06 6.7176412e-05)
(-3.642763e-06 1.4823024e-06 2.8011447e-05)
(-3.48574e-06 1.8373719e-06 2.6797338e-05)
(-3.1756883e-06 9.1907705e-07 8.3659168e-05)
(-2.8938253e-06 5.4140958e-07 9.7119165e-05)
(-2.839508e-06 8.125836e-07 9.2963737e-05)
(-3.6662469e-06 1.079864e-06 4.9210979e-05)
(-3.5411485e-06 6.7588538e-07 7.0198741e-05)
(-3.4705737e-06 1.0126758e-06 6.7189583e-05)
(-3.8795927e-06 7.5380556e-07 2.8015397e-05)
(-3.7984329e-06 1.1277301e-06 2.6801941e-05)
(-3.3012249e-06 3.0746458e-07 8.3671172e-05)
(-2.9479437e-06 -8.0714432e-11 9.7127383e-05)
(-2.9477988e-06 2.7084294e-07 9.2979528e-05)
(-3.8185431e-06 3.6321992e-07 4.9217118e-05)
(-3.6114278e-06 -3.3620644e-11 7.0203457e-05)
(-3.6111194e-06 3.3966695e-07 6.7198621e-05)
(-3.9600257e-06 1.1076683e-11 2.8017011e-05)
(-3.9591626e-06 3.8019237e-07 2.6805023e-05)
(-3.3012078e-06 -3.0757838e-07 8.3671267e-05)
(-2.8937877e-06 -5.4156575e-07 9.7119334e-05)
(-2.9477789e-06 -2.7101088e-07 9.2979613e-05)
(-3.8185385e-06 -3.6324274e-07 4.9217185e-05)
(-3.5411249e-06 -6.759433e-07 7.0198907e-05)
(-3.6111071e-06 -3.3973005e-07 6.7198706e-05)
(-3.8795966e-06 -7.5377929e-07 2.8015462e-05)
(-3.9591653e-06 -3.8015646e-07 2.6805055e-05)
(-3.1756408e-06 -9.1917834e-07 8.3659405e-05)
(-2.7283661e-06 -1.0796063e-06 9.7099489e-05)
(-2.8394512e-06 -8.1274022e-07 9.2963945e-05)
(-3.666237e-06 -1.0798764e-06 4.9211142e-05)
(-3.3308429e-06 -1.3374569e-06 7.0187546e-05)
(-3.4705423e-06 -1.0127212e-06 6.7189788e-05)
(-3.6427747e-06 -1.4822671e-06 2.8011538e-05)
(-3.7984433e-06 -1.1276876e-06 2.6802016e-05)
(-2.9224034e-06 -1.5155426e-06 8.3642093e-05)
(-2.4479878e-06 -1.5991439e-06 9.7079342e-05)
(-2.6168056e-06 -1.347463e-06 9.294118e-05)
(-3.3669492e-06 -1.7656912e-06 4.9202103e-05)
(-2.9852035e-06 -1.96403e-06 7.0175959e-05)
(-3.1905393e-06 -1.6631293e-06 6.7176614e-05)
(-3.2627128e-06 -2.1607264e-06 2.8007508e-05)
(-3.4857641e-06 -1.8373188e-06 2.6797402e-05)
(-2.5454379e-06 -2.0719871e-06 8.3629724e-05)
(-2.2788271e-06 -1.8513916e-06 9.2924878e-05)
(-2.0597623e-06 -2.0695819e-06 9.7070914e-05)
(-2.9340694e-06 -2.3954416e-06 4.9195713e-05)
(-2.7794906e-06 -2.2654848e-06 6.7167204e-05)
(-2.5182153e-06 -2.5261215e-06 7.0171096e-05)
(-3.0387281e-06 -2.4842305e-06 2.6794131e-05)
(-2.7591989e-06 -2.7638975e-06 2.8005818e-05)
(-2.5457678e-06 2.071786e-06 7.6478035e-05)
(-2.4483373e-06 1.5986883e-06 8.8785981e-05)
(-2.2794295e-06 1.8508348e-06 8.4630559e-05)
(-2.9341031e-06 2.3953093e-06 4.4969779e-05)
(-2.9853819e-06 1.9637906e-06 6.4166463e-05)
(-2.7798687e-06 2.2651359e-06 6.1155923e-05)
(-3.2621042e-06 2.1603409e-06 2.5582587e-05)
(-3.0389189e-06 2.4841578e-06 2.4367846e-05)
(-2.9226626e-06 1.5151065e-06 7.6489586e-05)
(-2.7285582e-06 1.0790028e-06 8.8804788e-05)
(-2.6176752e-06 1.3464505e-06 8.464584e-05)
(-3.3668266e-06 1.7654305e-06 4.4975719e-05)
(-3.3308037e-06 1.3370717e-06 6.4177334e-05)
(-3.1911729e-06 1.6624515e-06 6.116475e-05)
(-3.6417802e-06 1.4819042e-06 2.558636e-05)
(-3.4861099e-06 1.837123e-06 2.4370882e-05)
(-3.1755784e-06 9.1867615e-07 7.6505874e-05)
(-2.8936661e-06 5.4107516e-07 8.8823384e-05)
(-2.8403028e-06 8.1172136e-07 8.4667283e-05)
(-3.6657472e-06 1.0795785e-06 4.4984234e-05)
(-3.5407082e-06 6.7562565e-07 6.4188063e-05)
(-3.4712036e-06 1.0120318e-06 6.1177256e-05)
(-3.8781143e-06 7.5355378e-07 2.559006e-05)
(-3.7988317e-06 1.127488e-06 2.437527e-05)
(-3.3007607e-06 3.0728743e-07 7.6517088e-05)
(-2.9476315e-06 -8.7214798e-11 8.8831033e-05)
(-2.9485392e-06 2.7047996e-07 8.4682123e-05)
(-3.8176543e-06 3.6310328e-07 4.4989911e-05)
(-3.610797e-06 -2.8551159e-11 6.4192458e-05)
(-3.6117098e-06 3.3939916e-07 6.1185816e-05)
(-3.9583018e-06 2.5139472e-11 2.5591548e-05)
(-3.9595371e-06 3.8009711e-07 2.4378184e-05)
(-3.3007443e-06 -3.0740459e-07 7.6517169e-05)
(-2.8936275e-06 -5.4124201e-07 8.8823524e-05)
(-2.9485168e-06 -2.7067549e-07 8.4682197e-05)
(-3.8176523e-06 -3.6310848e-07 4.4989967e-05)
(-3.5406887e-06 -6.7567313e-07 6.4188201e-05)
(-3.6116977e-06 -3.3946552e-07 6.1185891e-05)
(-3.8781239e-06 -7.5350046e-07 2.5590112e-05)
(-3.9595418e-06 -3.8004164e-07 2.4378214e-05)
(-3.1755339e-06 -9.1877578e-07 7.6506069e-05)
(-2.728486e-06 -1.0791532e-06 8.8804987e-05)
(-2.840239e-06 -8.1190253e-07 8.4667464e-05)
(-3.6657454e-06 -1.0795723e-06 4.4984367e-05)
(-3.3307739e-06 -1.3370964e-06 6.4177526e-05)
(-3.471173e-06 -1.0120798e-06 6.1177436e-05)
(-3.6418031e-06 -1.4818439e-06 2.5586427e-05)
(-3.7988481e-06 -1.127427e-06 2.4375339e-05)
(-2.9226011e-06 -1.5151792e-06 7.6489779e-05)
(-2.4482412e-06 -1.5988144e-06 8.8786124e-05)
(-2.6175768e-06 -1.34661e-06 8.4646021e-05)
(-3.3668332e-06 -1.7654064e-06 4.4975844e-05)
(-2.9853591e-06 -1.9637838e-06 6.4166588e-05)
(-3.1911367e-06 -1.6624703e-06 6.1164924e-05)
(-3.2621477e-06 -2.1602709e-06 2.5582616e-05)
(-3.4861434e-06 -1.8370536e-06 2.437094e-05)
(-2.5457049e-06 -2.0718286e-06 7.6478107e-05)
(-2.279305e-06 -1.8509687e-06 8.4630629e-05)
(-2.0599162e-06 -2.0694499e-06 8.8778165e-05)
(-2.9341308e-06 -2.3952666e-06 4.4969807e-05)
(-2.779845e-06 -2.2651237e-06 6.1155975e-05)
(-2.5183573e-06 -2.5260028e-06 6.4161954e-05)
(-3.0389765e-06 -2.4840806e-06 2.4367843e-05)
(-2.7588364e-06 -2.7633509e-06 2.5581013e-05)
(-2.5463396e-06 2.0711106e-06 6.9321797e-05)
(-2.4493761e-06 1.5976737e-06 8.0488609e-05)
(-2.2814588e-06 1.8506354e-06 7.6326519e-05)
(-2.9345572e-06 2.3948857e-06 4.0739602e-05)
(-2.9862026e-06 1.9629798e-06 5.8152404e-05)
(-2.7819125e-06 2.2653022e-06 5.513723e-05)
(-3.2632999e-06 2.1603773e-06 2.3154702e-05)
(-3.0406298e-06 2.4846843e-06 2.1938023e-05)
(-2.9238168e-06 1.5139095e-06 6.9332916e-05)
(-2.730026e-06 1.0776879e-06 8.0506571e-05)
(-2.6206213e-06 1.3447184e-06 7.634129e-05)
(-3.3678443e-06 1.7647416e-06 4.0745367e-05)
(-3.332117e-06 1.336091e-06 5.8162917e-05)
(-3.1943019e-06 1.6614586e-06 5.5145892e-05)
(-3.6435383e-06 1.4817955e-06 2.3158387e-05)
(-3.4888364e-06 1.837077e-06 2.1941082e-05)
(-3.1770602e-06 9.1755466e-07 6.9348563e-05)
(-2.8953611e-06 5.4016242e-07 8.0524304e-05)
(-2.8432936e-06 8.0972232e-07 7.6361953e-05)
(-3.6672485e-06 1.0789673e-06 4.0753645e-05)
(-3.5423711e-06 6.74959e-07 5.8173302e-05)
(-3.4748612e-06 1.0108052e-06 5.5158117e-05)
(-3.8803699e-06 7.5344882e-07 2.3162017e-05)
(-3.8024442e-06 1.1272758e-06 2.1945451e-05)
(-3.3024824e-06 3.0682654e-07 6.9359341e-05)
(-2.9494184e-06 -1.0733235e-10 8.0531586e-05)
(-2.9512923e-06 2.6960341e-07 7.6376251e-05)
(-3.8195549e-06 3.6286052e-07 4.0759214e-05)
(-3.6126082e-06 -3.6013818e-11 5.8177558e-05)
(-3.6155409e-06 3.3886043e-07 5.5166508e-05)
(-3.9607768e-06 3.1167576e-11 2.3163478e-05)
(-3.9636953e-06 3.8000053e-07 2.1948385e-05)
(-3.3024632e-06 -3.0697122e-07 6.9359407e-05)
(-2.895314e-06 -5.4036969e-07 8.0524415e-05)
(-2.9512642e-06 -2.6985606e-07 7.6376315e-05)
(-3.8195528e-06 -3.6286717e-07 4.075926e-05)
(-3.5423487e-06 -6.7502186e-07 5.8173416e-05)
(-3.6155259e-06 -3.3895601e-07 5.5166574e-05)
(-3.8803818e-06 -7.5338399e-07 2.316206e-05)
(-3.9637013e-06 -3.7993912e-07 2.1948412e-05)
(-3.1770069e-06 -9.1768322e-07 6.9348721e-05)
(-2.7299354e-06 -1.0778796e-06 8.0506727e-05)
(-2.8432129e-06 -8.0995723e-07 7.6362109e-05)
(-3.6672459e-06 -1.0789641e-06 4.0753756e-05)
(-3.3320801e-06 -1.3361327e-06 5.8163073e-05)
(-3.4748225e-06 -1.0108802e-06 5.5158275e-05)
(-3.6435652e-06 -1.4817256e-06 2.3158442e-05)
(-3.802464e-06 -1.1272088e-06 2.1945511e-05)
(-2.9237385e-06 -1.5140125e-06 6.9333066e-05)
(-2.4492493e-06 -1.5978412e-06 8.0488708e-05)
(-2.6204979e-06 -1.3449214e-06 7.6341438e-05)
(-3.3678481e-06 -1.7647228e-06 4.0745467e-05)
(-2.9861662e-06 -1.962992e-06 5.8152494e-05)
(-3.1942547e-06 -1.6614983e-06 5.5146037e-05)
(-3.2633476e-06 -2.1603006e-06 2.3154721e-05)
(-3.4888758e-06 -1.8370016e-06 2.1941129e-05)
(-2.5462485e-06 -2.0711851e-06 6.9321833e-05)
(-2.2813064e-06 -1.8507986e-06 7.6326553e-05)
(-2.0601467e-06 -2.0692647e-06 8.0481056e-05)
(-2.9345777e-06 -2.3948516e-06 4.0739611e-05)
(-2.7818778e-06 -2.2653039e-06 5.5137254e-05)
(-2.5184902e-06 -2.5257706e-06 5.8147991e-05)
(-3.0406951e-06 -2.4846023e-06 2.193801e-05)
(-2.7594786e-06 -2.7637312e-06 2.3153158e-05)
(-2.5498217e-06 2.0717369e-06 6.21569e-05)
(-2.4533623e-06 1.596707e-06 7.21809e-05)
(-2.2836252e-06 1.8506175e-06 6.8012807e-05)
(-2.9379586e-06 2.3960818e-06 3.6504976e-05)
(-2.9905912e-06 1.9629157e-06 5.2131499e-05)
(-2.7842539e-06 2.2657296e-06 4.9111668e-05)
(-3.2665661e-06 2.1607854e-06 2.0724155e-05)
(-3.0427264e-06 2.4854548e-06 1.9505249e-05)
(-2.9287092e-06 1.5123661e-06 6.2167702e-05)
(-2.7345414e-06 1.0751934e-06 7.2198216e-05)
(-2.6236188e-06 1.3432522e-06 6.8026378e-05)
(-3.3728535e-06 1.7644776e-06 3.6510692e-05)
(-3.337624e-06 1.3347792e-06 5.2141726e-05)
(-3.1977594e-06 1.6607617e-06 4.9119596e-05)
(-3.6481424e-06 1.4815907e-06 2.0727779e-05)
(-3.4921413e-06 1.8372493e-06 1.9508022e-05)
(-3.1821858e-06 9.1543801e-07 6.2182826e-05)
(-2.8994328e-06 5.3814688e-07 7.221529e-05)
(-2.8461961e-06 8.079473e-07 6.8045327e-05)
(-3.6732828e-06 1.0782152e-06 3.6518799e-05)
(-3.5482095e-06 6.7381213e-07 5.2151815e-05)
(-3.4788335e-06 1.0098273e-06 4.9130756e-05)
(-3.8858914e-06 7.5321414e-07 2.0731341e-05)
(-3.80678e-06 1.1272477e-06 1.951197e-05)
(-3.3072998e-06 3.058677e-07 6.2193267e-05)
(-2.9531437e-06 -1.4538015e-10 7.2222308e-05)
(-2.953743e-06 2.6880896e-07 6.8058422e-05)
(-3.8259575e-06 3.6249689e-07 3.6524304e-05)
(-3.6184592e-06 -5.8690541e-11 5.2155958e-05)
(-3.6195507e-06 3.3841745e-07 4.9138385e-05)
(-3.9666198e-06 3.0600654e-11 2.0732799e-05)
(-3.9685283e-06 3.7997976e-07 1.9514608e-05)
(-3.3072747e-06 -3.060712e-07 6.219333e-05)
(-2.8993715e-06 -5.3842462e-07 7.22154e-05)
(-2.9537087e-06 -2.691204e-07 6.8058483e-05)
(-3.8259532e-06 -3.6252546e-07 3.652435e-05)
(-3.5481791e-06 -6.739159e-07 5.2151926e-05)
(-3.6195323e-06 -3.3854679e-07 4.9138449e-05)
(-3.8859056e-06 -7.5314897e-07 2.0731385e-05)
(-3.9685349e-06 -3.7991817e-07 1.9514635e-05)
(-3.1821163e-06 -9.1561835e-07 6.2182981e-05)
(-2.7344279e-06 -1.0754396e-06 7.2198367e-05)
(-2.8460971e-06 -8.0823742e-07 6.8045475e-05)
(-3.6732747e-06 -1.0782297e-06 3.6518908e-05)
(-3.3375759e-06 -1.3348504e-06 5.2141879e-05)
(-3.4787853e-06 -1.0099339e-06 4.9130909e-05)
(-3.648175e-06 -1.4815174e-06 2.0727835e-05)
(-3.8068011e-06 -1.1271804e-06 1.9512032e-05)
(-2.9286121e-06 -1.5125034e-06 6.2167849e-05)
(-2.4532156e-06 -1.5969025e-06 7.2180993e-05)
(-2.6234683e-06 -1.3435004e-06 6.802652e-05)
(-3.3728532e-06 -1.7644676e-06 3.6510791e-05)
(-2.9905485e-06 -1.9629407e-06 5.2131587e-05)
(-3.1976985e-06 -1.6608273e-06 4.9119742e-05)
(-3.2666245e-06 -2.1607026e-06 2.0724179e-05)
(-3.4921833e-06 -1.8371735e-06 1.9508077e-05)
(-2.5497206e-06 -2.0718234e-06 6.2156933e-05)
(-2.2834426e-06 -1.850812e-06 6.8012847e-05)
(-2.0621875e-06 -2.0708386e-06 7.2173569e-05)
(-2.9379817e-06 -2.3960471e-06 3.6504988e-05)
(-2.7842046e-06 -2.2657499e-06 4.9111705e-05)
(-2.5209365e-06 -2.5278033e-06 5.2127173e-05)
(-3.0427951e-06 -2.4853729e-06 1.9505253e-05)
(-2.7613269e-06 -2.7652636e-06 2.0722613e-05)
(-2.5508926e-06 2.0715572e-06 5.4979597e-05)
(-2.4545686e-06 1.5961346e-06 6.3858301e-05)
(-2.2836487e-06 1.8498931e-06 5.9697643e-05)
(-2.9387804e-06 2.3959046e-06 3.2262511e-05)
(-2.9920313e-06 1.962663e-06 4.6099544e-05)
(-2.7843376e-06 2.2651475e-06 4.3085354e-05)
(-3.2687231e-06 2.1612873e-06 1.8288744e-05)
(-3.0427838e-06 2.4850114e-06 1.7072437e-05)
(-2.9303449e-06 1.5117854e-06 5.4989038e-05)
(-2.7359536e-06 1.0743642e-06 6.3873543e-05)
(-2.623656e-06 1.3424934e-06 5.9709334e-05)
(-3.3743796e-06 1.7640911e-06 3.2267488e-05)
(-3.3395762e-06 1.3343424e-06 4.6108465e-05)
(-3.1980143e-06 1.6601865e-06 4.3092142e-05)
(-3.6511982e-06 1.4818928e-06 1.8291894e-05)
(-3.4925235e-06 1.8368735e-06 1.7074822e-05)
(-3.1840501e-06 9.1483673e-07 5.500227e-05)
(-2.900719e-06 5.3754211e-07 6.388855e-05)
(-2.8461311e-06 8.0735189e-07 5.9725622e-05)
(-3.6753113e-06 1.0778828e-06 3.227459e-05)
(-3.5503609e-06 6.7349549e-07 4.6117226e-05)
(-3.479191e-06 1.0094071e-06 4.3101666e-05)
(-3.8895429e-06 7.5337828e-07 1.829497e-05)
(-3.8074708e-06 1.1270287e-06 1.7078209e-05)
(-3.309091e-06 3.0560373e-07 5.5011333e-05)
(-2.9543086e-06 -1.6692762e-10 6.3894705e-05)
(-2.953535e-06 2.6857471e-07 5.9736849e-05)
(-3.8281237e-06 3.6236808e-07 3.2279283e-05)
(-3.6206238e-06 -7.0480413e-11 4.61208e-05)
(-3.6198951e-06 3.3825988e-07 4.3108132e-05)
(-3.9704434e-06 3.0987194e-11 1.8296197e-05)
(-3.9693374e-06 3.7991336e-07 1.7080423e-05)
(-3.3090622e-06 -3.0584096e-07 5.5011394e-05)
(-2.9006474e-06 -5.37863e-07 6.3888651e-05)
(-2.9534979e-06 -2.6890818e-07 5.9736907e-05)
(-3.8281182e-06 -3.6240843e-07 3.2279327e-05)
(-3.5503254e-06 -6.7362338e-07 4.6117332e-05)
(-3.6198754e-06 -3.3840029e-07 4.3108192e-05)
(-3.8895569e-06 -7.5331291e-07 1.8295014e-05)
(-3.9693444e-06 -3.7984914e-07 1.7080448e-05)
(-3.1839689e-06 -9.1505211e-07 5.5002414e-05)
(-2.7358181e-06 -1.074655e-06 6.3873682e-05)
(-2.8460239e-06 -8.0766297e-07 5.9725761e-05)
(-3.6752995e-06 -1.0779108e-06 3.2274695e-05)
(-3.3395163e-06 -1.3344404e-06 4.6108611e-05)
(-3.4791389e-06 -1.0095248e-06 4.3101811e-05)
(-3.6512296e-06 -1.4818214e-06 1.8291953e-05)
(-3.8074925e-06 -1.1269597e-06 1.7078271e-05)
(-2.930226e-06 -1.5119597e-06 5.4989175e-05)
(-2.4543863e-06 -1.5963754e-06 6.3858387e-05)
(-2.6234919e-06 -1.3427627e-06 5.9709471e-05)
(-3.3743711e-06 -1.7640972e-06 3.2267587e-05)
(-2.9919683e-06 -1.9627169e-06 4.6099634e-05)
(-3.1979462e-06 -1.6602643e-06 4.3092284e-05)
(-3.2687779e-06 -2.1612088e-06 1.8288777e-05)
(-3.492566e-06 -1.8367976e-06 1.7074882e-05)
(-2.5507574e-06 -2.0716821e-06 5.4979635e-05)
(-2.283446e-06 -1.8501088e-06 5.9697691e-05)
(-2.0628154e-06 -2.0708922e-06 6.3851833e-05)
(-2.9387888e-06 -2.3958888e-06 3.2262534e-05)
(-2.784277e-06 -2.2651807e-06 4.3085403e-05)
(-2.5217041e-06 -2.5280765e-06 4.6095775e-05)
(-3.0428521e-06 -2.4849307e-06 1.7072454e-05)
(-2.7626574e-06 -2.7662386e-06 1.8287434e-05)
(-2.549861e-06 2.0703746e-06 4.78131e-05)
(-2.4534227e-06 1.5952188e-06 5.5548071e-05)
(-2.2800834e-06 1.8471901e-06 5.1387641e-05)
(-2.9378909e-06 2.3948841e-06 2.8026381e-05)
(-2.9909313e-06 1.9617525e-06 4.0076543e-05)
(-2.7811508e-06 2.2627008e-06 3.7061437e-05)
(-3.2670056e-06 2.1599656e-06 1.5856693e-05)
(-3.0396249e-06 2.4824644e-06 1.4638997e-05)
(-2.9289429e-06 1.511001e-06 4.7820954e-05)
(-2.7345117e-06 1.0738351e-06 5.5560795e-05)
(-2.6190487e-06 1.3412479e-06 5.1397041e-05)
(-3.3732321e-06 1.7633878e-06 2.8030522e-05)
(-3.3382361e-06 1.3337784e-06 4.0083904e-05)
(-3.1938165e-06 1.6589163e-06 3.7066785e-05)
(-3.6492154e-06 1.4809947e-06 1.585927e-05)
(-3.4884447e-06 1.8352079e-06 1.4640829e-05)
(-3.1824404e-06 9.1441091e-07 4.7831885e-05)
(-2.8991563e-06 5.373166e-07 5.5573295e-05)
(-2.841181e-06 8.0704712e-07 5.141013e-05)
(-3.6740319e-06 1.0774847e-06 2.8036324e-05)
(-3.548909e-06 6.7323356e-07 4.0091105e-05)
(-3.4744973e-06 1.0089292e-06 3.7074301e-05)
(-3.8873916e-06 7.5292541e-07 1.586175e-05)
(-3.8027644e-06 1.1260963e-06 1.4643436e-05)
(-3.3074115e-06 3.0547348e-07 4.783937e-05)
(-2.9527213e-06 -1.6654029e-10 5.5578424e-05)
(-2.9486624e-06 2.6856271e-07 5.141914e-05)
(-3.8268032e-06 3.6224237e-07 2.8040164e-05)
(-3.6191442e-06 -6.8995814e-11 4.0094047e-05)
(-3.6151183e-06 3.3815331e-07 3.7079397e-05)
(-3.9682377e-06 3.3703795e-11 1.5862746e-05)
(-3.9643891e-06 3.7960864e-07 1.4645119e-05)
(-3.3073825e-06 -3.0571011e-07 4.7839428e-05)
(-2.8990843e-06 -5.3763623e-07 5.5573394e-05)
(-2.9486226e-06 -2.6891904e-07 5.1419187e-05)
(-3.8267982e-06 -3.6227948e-07 2.8040208e-05)
(-3.5488738e-06 -6.7335868e-07 4.0091208e-05)
(-3.6150969e-06 -3.3831123e-07 3.7079449e-05)
(-3.8874066e-06 -7.5285535e-07 1.5861796e-05)
(-3.9643952e-06 -3.7955198e-07 1.4645143e-05)
(-3.1823595e-06 -9.1462353e-07 4.7832028e-05)
(-2.7343762e-06 -1.074124e-06 5.5560938e-05)
(-2.8410662e-06 -8.0738042e-07 5.1410245e-05)
(-3.6740214e-06 -1.077509e-06 2.803643e-05)
(-3.3381768e-06 -1.3338736e-06 4.0084052e-05)
(-3.47444e-06 -1.0090642e-06 3.7074429e-05)
(-3.6492487e-06 -1.4809199e-06 1.5859336e-05)
(-3.8027834e-06 -1.1260347e-06 1.4643497e-05)
(-2.9288254e-06 -1.5111717e-06 4.78211e-05)
(-2.4532416e-06 -1.5954579e-06 5.5548175e-05)
(-2.6188717e-06 -1.3415397e-06 5.1397151e-05)
(-3.3732255e-06 -1.7633902e-06 2.803063e-05)
(-2.9908694e-06 -1.9618036e-06 4.0076651e-05)
(-3.1937391e-06 -1.6590112e-06 3.7066912e-05)
(-3.2670635e-06 -2.1598844e-06 1.5856741e-05)
(-3.488483e-06 -1.8351389e-06 1.4640893e-05)
(-2.5497286e-06 -2.0704955e-06 4.7813165e-05)
(-2.2798617e-06 -1.8474286e-06 5.1387673e-05)
(-2.0621125e-06 -2.0695646e-06 5.5542678e-05)
(-2.9379025e-06 -2.3948638e-06 2.8026429e-05)
(-2.7810769e-06 -2.2627503e-06 3.7061484e-05)
(-2.5209625e-06 -2.5268038e-06 4.0073443e-05)
(-3.0396881e-06 -2.4823889e-06 1.4639027e-05)
(-2.761298e-06 -2.7645054e-06 1.5855614e-05)
(-2.5441284e-06 2.0663977e-06 4.0649407e-05)
(-2.4463979e-06 1.5922303e-06 4.7241223e-05)
(-2.2743342e-06 1.8433703e-06 4.3088373e-05)
(-2.9322376e-06 2.3907498e-06 2.3791353e-05)
(-2.9846372e-06 1.9589773e-06 3.405543e-05)
(-2.7754248e-06 2.2587298e-06 3.1045865e-05)
(-3.2614731e-06 2.1570954e-06 1.3425167e-05)
(-3.0340796e-06 2.478305e-06 1.2210959e-05)
(-2.9215293e-06 1.509264e-06 4.0655364e-05)
(-2.7264014e-06 1.0728708e-06 4.7251054e-05)
(-2.611684e-06 1.3399553e-06 4.3095707e-05)
(-3.3658468e-06 1.7610204e-06 2.3794392e-05)
(-3.330677e-06 1.3326382e-06 3.4060991e-05)
(-3.1862964e-06 1.6570545e-06 3.1049983e-05)
(-3.6424028e-06 1.4793231e-06 1.3427073e-05)
(-3.4811486e-06 1.8325482e-06 1.2212352e-05)
(-3.1743969e-06 9.1405124e-07 4.066373e-05)
(-2.8909165e-06 5.37262e-07 4.7260721e-05)
(-2.8333789e-06 8.0717551e-07 4.3105927e-05)
(-3.6656024e-06 1.076381e-06 2.3798792e-05)
(-3.5408952e-06 6.7293724e-07 3.4066457e-05)
(-3.4660251e-06 1.0083845e-06 3.1055777e-05)
(-3.879887e-06 7.5215439e-07 1.3428924e-05)
(-3.7941211e-06 1.1246223e-06 1.221434e-05)
(-3.2994315e-06 3.0548416e-07 4.0669441e-05)
(-2.9445878e-06 -1.8934884e-10 4.726468e-05)
(-2.9410158e-06 2.6880492e-07 4.3112982e-05)
(-3.8180691e-06 3.619252e-07 2.3801675e-05)
(-3.6110783e-06 -8.7613113e-11 3.4068686e-05)
(-3.6063867e-06 3.3808899e-07 3.1059731e-05)
(-3.9605474e-06 2.3627441e-11 1.3429651e-05)
(-3.955109e-06 3.7912745e-07 1.2215637e-05)
(-3.2993984e-06 -3.0576178e-07 4.0669484e-05)
(-2.8908347e-06 -5.3762807e-07 4.7260789e-05)
(-2.9409807e-06 -2.691153e-07 4.3113017e-05)
(-3.8180614e-06 -3.6199071e-07 2.3801711e-05)
(-3.5408526e-06 -6.731e-07 3.4066538e-05)
(-3.6063671e-06 -3.3822587e-07 3.1059773e-05)
(-3.8798974e-06 -7.5210412e-07 1.3428967e-05)
(-3.9551145e-06 -3.7907673e-07 1.2215661e-05)
(-3.1743031e-06 -9.1430617e-07 4.0663835e-05)
(-2.7262448e-06 -1.073208e-06 4.7251147e-05)
(-2.8332764e-06 -8.0747014e-07 4.3106011e-05)
(-3.6655835e-06 -1.0764339e-06 2.3798879e-05)
(-3.3306019e-06 -1.3327719e-06 3.4061106e-05)
(-3.4659724e-06 -1.0085017e-06 3.1055884e-05)
(-3.6424269e-06 -1.4792668e-06 1.3427136e-05)
(-3.7941379e-06 -1.1245659e-06 1.2214401e-05)
(-2.9213885e-06 -1.5094782e-06 4.0655465e-05)
(-2.4461825e-06 -1.5925187e-06 4.7241275e-05)
(-2.6115227e-06 -1.3402196e-06 4.3095784e-05)
(-3.3658255e-06 -1.7610512e-06 2.3794482e-05)
(-2.9845503e-06 -1.9590667e-06 3.4055509e-05)
(-3.1862248e-06 -1.6571367e-06 3.105009e-05)
(-3.261518e-06 -2.1570304e-06 1.3425219e-05)
(-3.481184e-06 -1.8324833e-06 1.2212423e-05)
(-2.543961e-06 -2.0665616e-06 4.0649436e-05)
(-2.2741267e-06 -1.8435937e-06 4.3088384e-05)
(-2.0572095e-06 -2.064099e-06 4.723701e-05)
(-2.9322282e-06 -2.3907559e-06 2.3791393e-05)
(-2.7753554e-06 -2.2587718e-06 3.1045911e-05)
(-2.5166167e-06 -2.521984e-06 3.4053086e-05)
(-3.0341395e-06 -2.4782319e-06 1.2211008e-05)
(-2.7573208e-06 -2.7601954e-06 1.3424411e-05)
(-2.5382025e-06 2.0624334e-06 3.3471658e-05)
(-2.4401563e-06 1.590083e-06 3.8921339e-05)
(-2.2818724e-06 1.849944e-06 3.4811847e-05)
(-2.9253547e-06 2.3857175e-06 1.9543318e-05)
(-2.9776137e-06 1.9559416e-06 2.8020163e-05)
(-2.7866788e-06 2.268266e-06 2.5039692e-05)
(-3.2541386e-06 2.1531743e-06 1.098442e-05)
(-3.0443064e-06 2.4868397e-06 9.7784093e-06)
(-2.9138414e-06 1.5077309e-06 3.3476423e-05)
(-2.7191822e-06 1.0726988e-06 3.8929158e-05)
(-2.6196903e-06 1.3457221e-06 3.4817829e-05)
(-3.3569407e-06 1.7580831e-06 1.9545757e-05)
(-3.3221699e-06 1.3314272e-06 2.8024584e-05)
(-3.1984267e-06 1.6647275e-06 2.5043125e-05)
(-3.6332489e-06 1.4769113e-06 1.0985927e-05)
(-3.492088e-06 1.8390741e-06 9.7796419e-06)
(-3.1659239e-06 9.1392118e-07 3.3483052e-05)
(-2.8835612e-06 5.3770828e-07 3.8936857e-05)
(-2.8420195e-06 8.1123761e-07 3.4826139e-05)
(-3.6552543e-06 1.0749669e-06 1.9549167e-05)
(-3.5316509e-06 6.7265572e-07 2.8028932e-05)
(-3.4788179e-06 1.0134142e-06 2.5047923e-05)
(-3.8694566e-06 7.5099846e-07 1.0987395e-05)
(-3.8053212e-06 1.1286767e-06 9.7813588e-06)
(-3.2907776e-06 3.0562621e-07 3.3487635e-05)
(-2.9372934e-06 -1.2204943e-10 3.8940022e-05)
(-2.9500912e-06 2.70294e-07 3.4831874e-05)
(-3.8070146e-06 3.6152402e-07 1.9551486e-05)
(-3.6016356e-06 -4.9292146e-11 2.8030723e-05)
(-3.6195357e-06 3.3985039e-07 2.5051207e-05)
(-3.9496711e-06 2.6939478e-11 1.0988004e-05)
(-3.9663473e-06 3.8049158e-07 9.782523e-06)
(-3.2907549e-06 -3.0579582e-07 3.3487665e-05)
(-2.8835056e-06 -5.3794619e-07 3.89369e-05)
(-2.950063e-06 -2.7053619e-07 3.4831895e-05)
(-3.8070108e-06 -3.6154586e-07 1.9551514e-05)
(-3.5316216e-06 -6.7274461e-07 2.8028992e-05)
(-3.6195184e-06 -3.3995915e-07 2.5051238e-05)
(-3.8694685e-06 -7.509412e-07 1.0987434e-05)
(-3.9663514e-06 -3.8045474e-07 9.7825437e-06)
(-3.1658593e-06 -9.1407719e-07 3.3483124e-05)
(-2.7190742e-06 -1.0729223e-06 3.892921e-05)
(-2.8419351e-06 -8.1147387e-07 3.4826188e-05)
(-3.6552461e-06 -1.0749785e-06 1.9549238e-05)
(-3.3221206e-06 -1.3314928e-06 2.8024669e-05)
(-3.4787712e-06 -1.013507e-06 2.5047999e-05)
(-3.6332769e-06 -1.4768464e-06 1.0985987e-05)
(-3.8053337e-06 -1.1286322e-06 9.7814122e-06)
(-2.9137448e-06 -1.5078609e-06 3.3476488e-05)
(-2.440004e-06 -1.5902806e-06 3.8921354e-05)
(-2.6195529e-06 -1.3459431e-06 3.4817864e-05)
(-3.3569371e-06 -1.7580767e-06 1.9545832e-05)
(-2.9775614e-06 -1.9559736e-06 2.802022e-05)
(-3.1983628e-06 -1.6647905e-06 2.50432e-05)
(-3.2541898e-06 -2.1531002e-06 1.0984476e-05)
(-3.4921178e-06 -1.8390179e-06 9.7797054e-06)
(-2.5380881e-06 -2.062531e-06 3.3471664e-05)
(-2.2816865e-06 -1.850142e-06 3.4811827e-05)
(-2.0531864e-06 -2.0592987e-06 3.8917944e-05)
(-2.9253675e-06 -2.3856919e-06 1.9543356e-05)
(-2.7866157e-06 -2.2682956e-06 2.5039718e-05)
(-2.5118341e-06 -2.5165871e-06 2.8018271e-05)
(-3.0443602e-06 -2.4867719e-06 9.7784594e-06)
(-2.7519764e-06 -2.7544849e-06 1.0983809e-05)
(-2.5641676e-06 2.0835312e-06 2.6484689e-05)
(-2.4625138e-06 1.6049961e-06 3.0811519e-05)
(-2.3200034e-06 1.8810319e-06 2.6385699e-05)
(-2.9545507e-06 2.4095055e-06 1.5428383e-05)
(-3.008203e-06 1.9763474e-06 2.2157311e-05)
(-2.8246386e-06 2.2991837e-06 1.897419e-05)
(-3.282654e-06 2.1721924e-06 8.6357553e-06)
(-3.0847085e-06 2.5197255e-06 7.3847351e-06)
(-2.9430702e-06 1.5234549e-06 2.6488695e-05)
(-2.7436887e-06 1.0830103e-06 3.0817982e-05)
(-2.6630516e-06 1.3690618e-06 2.6390197e-05)
(-3.3898631e-06 1.7757298e-06 1.5430501e-05)
(-3.3558074e-06 1.3454676e-06 2.2161081e-05)
(-3.2416341e-06 1.6878413e-06 1.8976838e-05)
(-3.6645637e-06 1.4899361e-06 8.6371605e-06)
(-3.5381383e-06 1.863527e-06 7.3857689e-06)
(-3.1973253e-06 9.2359702e-07 2.6494264e-05)
(-2.9093242e-06 5.4297229e-07 3.0824311e-05)
(-2.8891096e-06 8.2586578e-07 2.6396342e-05)
(-3.6906315e-06 1.0857837e-06 1.5433496e-05)
(-3.5670682e-06 6.7979469e-07 2.2164769e-05)
(-3.5256914e-06 1.0278278e-06 1.8980483e-05)
(-3.9023545e-06 7.5759216e-07 8.6385276e-06)
(-3.8552341e-06 1.1438222e-06 7.387226e-06)
(-3.3231913e-06 3.0888603e-07 2.6498063e-05)
(-2.9634544e-06 -1.2412134e-10 3.0826895e-05)
(-2.9991623e-06 2.7532434e-07 2.6400497e-05)
(-3.8435375e-06 3.65159e-07 1.5435488e-05)
(-3.6376181e-06 -6.2135731e-11 2.2166273e-05)
(-3.6683004e-06 3.4477869e-07 1.898293e-05)
(-3.9830548e-06 8.1181476e-12 8.6390822e-06)
(-4.0181922e-06 3.856357e-07 7.3882214e-06)
(-3.3231669e-06 -3.0906728e-07 2.6498085e-05)
(-2.9092665e-06 -5.4321606e-07 3.0824339e-05)
(-2.9991388e-06 -2.7552121e-07 2.6400499e-05)
(-3.8435302e-06 -3.6520999e-07 1.5435512e-05)
(-3.5670331e-06 -6.7990858e-07 2.2164816e-05)
(-3.6682834e-06 -3.4488101e-07 1.8982946e-05)
(-3.9023587e-06 -7.5757017e-07 8.6385625e-06)
(-4.018194e-06 -3.8562609e-07 7.3882368e-06)
(-3.1972543e-06 -9.2376869e-07 2.6494316e-05)
(-2.7435731e-06 -1.0832482e-06 3.0818011e-05)
(-2.8890361e-06 -8.2606822e-07 2.6396341e-05)
(-3.6906135e-06 -1.0858237e-06 1.5433554e-05)
(-3.3557451e-06 -1.3455598e-06 2.2161145e-05)
(-3.5256459e-06 -1.027918e-06 1.8980518e-05)
(-3.6645774e-06 -1.4899019e-06 8.6372155e-06)
(-3.8552397e-06 -1.143802e-06 7.3872653e-06)
(-2.9429593e-06 -1.5236058e-06 2.6488736e-05)
(-2.4623432e-06 -1.6052168e-06 3.0811513e-05)
(-2.6629237e-06 -1.3692659e-06 2.6390165e-05)
(-3.3898429e-06 -1.7757493e-06 1.5430562e-05)
(-3.0081298e-06 -1.9764059e-06 2.215735e-05)
(-3.2415691e-06 -1.6879063e-06 1.897686e-05)
(-3.2826869e-06 -2.1721419e-06 8.6358086e-06)
(-3.5381591e-06 -1.8634895e-06 7.3858145e-06)
(-2.5640264e-06 -2.0836559e-06 2.648468e-05)
(-2.3198153e-06 -1.8812326e-06 2.6385613e-05)
(-2.072536e-06 -2.0781625e-06 3.0808692e-05)
(-2.9545405e-06 -2.4095035e-06 1.5428414e-05)
(-2.8245693e-06 -2.2992217e-06 1.8974166e-05)
(-2.5381565e-06 -2.5425034e-06 2.2155693e-05)
(-3.0847529e-06 -2.5196705e-06 7.3847684e-06)
(-2.7764897e-06 -2.7787059e-06 8.6352e-06)
(-2.6108018e-06 2.1215734e-06 1.8538811e-05)
(-2.519402e-06 1.6430014e-06 2.1610325e-05)
(-2.3229404e-06 1.8840502e-06 1.8082736e-05)
(-3.0036947e-06 2.449501e-06 1.0717273e-05)
(-3.0580245e-06 2.0094602e-06 1.5467128e-05)
(-2.8505138e-06 2.3208181e-06 1.2867001e-05)
(-3.3405075e-06 2.2104512e-06 5.9166795e-06)
(-3.1115667e-06 2.5418574e-06 4.7812131e-06)
(-2.9964235e-06 1.5520536e-06 1.8541407e-05)
(-2.8071347e-06 1.1096301e-06 2.1614375e-05)
(-2.6657036e-06 1.3723624e-06 1.8085218e-05)
(-3.4461922e-06 1.8056424e-06 1.0718758e-05)
(-3.4114074e-06 1.3686038e-06 1.5469578e-05)
(-3.2704912e-06 1.70472e-06 1.2868634e-05)
(-3.729117e-06 1.5164695e-06 5.9176936e-06)
(-3.568262e-06 1.8803747e-06 4.7819863e-06)
(-3.2555575e-06 9.4164957e-07 1.8544852e-05)
(-2.9770673e-06 5.5685425e-07 2.161821e-05)
(-2.8917708e-06 8.2882691e-07 1.8088372e-05)
(-3.7520595e-06 1.1045282e-06 1.0720784e-05)
(-3.6263909e-06 6.9183372e-07 1.5471902e-05)
(-3.5565331e-06 1.0389057e-06 1.2870696e-05)
(-3.9711119e-06 7.712767e-07 5.918706e-06)
(-3.8872764e-06 1.1545058e-06 4.7829639e-06)
(-3.3841052e-06 3.151409e-07 1.8547114e-05)
(-3.0327367e-06 -8.154717e-11 2.1619733e-05)
(-3.0020585e-06 2.7660229e-07 1.8090249e-05)
(-3.907666e-06 3.7159912e-07 1.0722135e-05)
(-3.6982527e-06 -4.7091856e-11 1.5472832e-05)
(-3.7001589e-06 3.4870572e-07 1.2871848e-05)
(-4.0532562e-06 -2.8639182e-12 5.9191361e-06)
(-4.0509905e-06 3.8930056e-07 4.7834572e-06)
(-3.3840871e-06 -3.1525868e-07 1.8547119e-05)
(-2.9770264e-06 -5.5701751e-07 2.1618204e-05)
(-3.0020429e-06 -2.767139e-07 1.8090234e-05)
(-3.9076596e-06 -3.7164157e-07 1.0722151e-05)
(-3.6263625e-06 -6.9191779e-07 1.5471925e-05)
(-3.7001429e-06 -3.4878477e-07 1.2871855e-05)
(-3.971114e-06 -7.71274e-07 5.9187388e-06)
(-4.0509889e-06 -3.8932952e-07 4.7834756e-06)
(-3.2555038e-06 -9.4176882e-07 1.8544863e-05)
(-2.8070448e-06 -1.1098093e-06 2.1614354e-05)
(-2.8917166e-06 -8.2896266e-07 1.808833e-05)
(-3.7520456e-06 -1.1045613e-06 1.0720824e-05)
(-3.4113561e-06 -1.3686745e-06 1.5469609e-05)
(-3.5564897e-06 -1.0389792e-06 1.2870711e-05)
(-3.7291277e-06 -1.516451e-06 5.9177496e-06)
(-3.887272e-06 -1.1545201e-06 4.7830154e-06)
(-2.9963337e-06 -1.5521678e-06 1.8541405e-05)
(-2.5192573e-06 -1.643185e-06 2.1610277e-05)
(-2.665594e-06 -1.3725294e-06 1.8085138e-05)
(-3.4461777e-06 -1.8056564e-06 1.0718804e-05)
(-3.0579648e-06 -2.009503e-06 1.5467146e-05)
(-3.2704248e-06 -1.7047784e-06 1.286864e-05)
(-3.34054e-06 -2.2104092e-06 5.9167443e-06)
(-3.5682698e-06 -1.8803641e-06 4.7820571e-06)
(-2.6106774e-06 -2.1216809e-06 1.8538783e-05)
(-2.3227514e-06 -1.8842495e-06 1.8082622e-05)
(-2.1210025e-06 -2.1262407e-06 2.1608447e-05)
(-3.0036922e-06 -2.449497e-06 1.0717309e-05)
(-2.8504332e-06 -2.3208625e-06 1.2866983e-05)
(-2.5805089e-06 -2.5845218e-06 1.5466027e-05)
(-3.1115976e-06 -2.5418212e-06 4.7812899e-06)
(-2.8255425e-06 -2.8274777e-06 5.9162992e-06)
(-2.6073291e-06 2.119961e-06 1.3628418e-05)
(-2.476443e-06 1.6168606e-06 1.5829707e-05)
(-2.2093541e-06 1.7913808e-06 8.9487011e-06)
(-3.0153215e-06 2.4598626e-06 7.9502829e-06)
(-3.0657336e-06 2.0167039e-06 1.1424995e-05)
(-2.5667827e-06 2.0887496e-06 6.6632019e-06)
(-3.3399106e-06 2.2113428e-06 4.4241182e-06)
(-2.8520733e-06 2.3299653e-06 2.7830633e-06)
(-2.9909501e-06 1.5523853e-06 1.3630271e-05)
(-2.7582386e-06 1.0931397e-06 1.5832266e-05)
(-2.5353327e-06 1.3056772e-06 8.9487587e-06)
(-3.4579983e-06 1.8143346e-06 7.9517038e-06)
(-3.4185868e-06 1.3747394e-06 1.1426849e-05)
(-2.9447161e-06 1.5335795e-06 6.6635012e-06)
(-3.7270119e-06 1.5176219e-06 4.4253302e-06)
(-3.2694982e-06 1.7236968e-06 2.7836039e-06)
(-3.2485905e-06 9.4302368e-07 1.3632538e-05)
(-2.9246845e-06 5.4924561e-07 1.5834423e-05)
(-2.7502685e-06 7.8951571e-07 8.9485801e-06)
(-3.7633988e-06 1.1105291e-06 7.9534617e-06)
(-3.6330371e-06 6.9552875e-07 1.1428352e-05)
(-3.2008785e-06 9.344773e-07 6.663764e-06)
(-3.9674942e-06 7.7206534e-07 4.4262563e-06)
(-3.5596863e-06 1.0583453e-06 2.7843188e-06)
(-3.3764178e-06 3.1590989e-07 1.3633646e-05)
(-2.9792651e-06 -4.5157595e-11 1.5835149e-05)
(-2.8549991e-06 2.6381467e-07 8.9481818e-06)
(-3.9184147e-06 3.7375203e-07 7.9542256e-06)
(-3.7046837e-06 -4.4258142e-11 1.1428829e-05)
(-3.3287594e-06 3.1370165e-07 6.6637704e-06)
(-4.0489651e-06 -3.3887699e-11 4.4265212e-06)
(-3.7076378e-06 3.5685851e-07 2.7847676e-06)
(-3.3764019e-06 -3.1598256e-07 1.3633625e-05)
(-2.9246521e-06 -5.4934664e-07 1.5834359e-05)
(-2.8550054e-06 -2.6374771e-07 8.9481302e-06)
(-3.9184043e-06 -3.7381799e-07 7.9542293e-06)
(-3.6330034e-06 -6.9561089e-07 1.1428338e-05)
(-3.3287468e-06 -3.137017e-07 6.6637488e-06)
(-3.967484e-06 -7.7212194e-07 4.4262836e-06)
(-3.7076352e-06 -3.5692939e-07 2.7847777e-06)
(-3.2485398e-06 -9.4311173e-07 1.3632479e-05)
(-2.7581564e-06 -1.0932827e-06 1.5832138e-05)
(-2.7502781e-06 -7.8948314e-07 8.9484376e-06)
(-3.763372e-06 -1.1105864e-06 7.9534706e-06)
(-3.4185219e-06 -1.374816e-06 1.1426812e-05)
(-3.2008458e-06 -9.3446974e-07 6.6637049e-06)
(-3.7270006e-06 -1.5176538e-06 4.4253767e-06)
(-3.5596796e-06 -1.0583934e-06 2.7843492e-06)
(-2.9908543e-06 -1.5524915e-06 1.3630164e-05)
(-2.4762872e-06 -1.6170454e-06 1.5829519e-05)
(-2.5353254e-06 -1.305694e-06 8.9485385e-06)
(-3.4579618e-06 -1.8143732e-06 7.9517032e-06)
(-3.0656458e-06 -2.0167644e-06 1.1424923e-05)
(-2.944673e-06 -1.5335536e-06 6.6634047e-06)
(-3.3399156e-06 -2.2113397e-06 4.4241713e-06)
(-3.2695091e-06 -1.7237063e-06 2.7836476e-06)
(-2.6071741e-06 -2.1200893e-06 1.3628264e-05)
(-2.2092975e-06 -1.7914548e-06 8.9484304e-06)
(-2.0858864e-06 -2.090997e-06 1.5828437e-05)
(-3.0152848e-06 -2.4598845e-06 7.9502629e-06)
(-2.5667418e-06 -2.0887082e-06 6.6630753e-06)
(-2.5883754e-06 -2.5921599e-06 1.142415e-05)
(-2.8521186e-06 -2.329933e-06 2.7831134e-06)
(-2.8260628e-06 -2.8277077e-06 4.4236664e-06)
(-1.994033e-06 1.6167198e-06 -2.4203444e-06)
(-2.2454228e-06 1.4632048e-06 -2.5172006e-06)
(-1.275666e-06 1.0381001e-06 9.3399333e-06)
(-2.5456919e-06 2.0754626e-06 -2.0365426e-06)
(-2.438621e-06 1.5993052e-06 -2.3256877e-06)
(-1.566075e-06 1.2781713e-06 -8.6047112e-07)
(-2.7795686e-06 1.8398364e-06 -1.74575e-06)
(-1.7429765e-06 1.4261164e-06 2.2980878e-06)
(-2.2889351e-06 1.1798479e-06 -2.4247566e-06)
(-2.5018096e-06 9.8950996e-07 -2.5235311e-06)
(-1.4621127e-06 7.5987799e-07 9.3797997e-06)
(-2.9194599e-06 1.5300685e-06 -2.0392419e-06)
(-2.7189062e-06 1.0881963e-06 -2.3298668e-06)
(-1.7945378e-06 9.4163799e-07 -8.5666519e-07)
(-3.0997331e-06 1.2621856e-06 -1.7478631e-06)
(-1.9963973e-06 1.0568789e-06 2.3237168e-06)
(-2.484409e-06 7.1476602e-07 -2.4308665e-06)
(-2.652907e-06 4.9766673e-07 -2.5297061e-06)
(-1.5855589e-06 4.6132854e-07 9.4272008e-06)
(-3.1756559e-06 9.3632024e-07 -2.0428435e-06)
(-2.8875061e-06 5.5000041e-07 -2.3338562e-06)
(-1.9495165e-06 5.7548088e-07 -8.5120284e-07)
(-3.296895e-06 6.4199578e-07 -1.7495825e-06)
(-2.1722531e-06 6.498953e-07 2.3555462e-06)
(-2.5799859e-06 2.3920305e-07 -2.4349325e-06)
(-2.7023489e-06 9.2719894e-11 -2.5322461e-06)
(-1.6456701e-06 1.5458932e-07 9.4535457e-06)
(-3.3043926e-06 3.1512191e-07 -2.0449574e-06)
(-2.9433891e-06 2.6821581e-11 -2.3354505e-06)
(-2.0264721e-06 1.9352379e-07 -8.4638615e-07)
(-3.3632093e-06 -4.8485159e-11 -1.7501306e-06)
(-2.2614455e-06 2.1930652e-07 2.3745361e-06)
(-2.5799911e-06 -2.39063e-07 -2.4350054e-06)
(-2.6529492e-06 -4.9749578e-07 -2.5298775e-06)
(-1.6457093e-06 -1.5426591e-07 9.4534953e-06)
(-3.3043872e-06 -3.1512618e-07 -2.044988e-06)
(-2.887489e-06 -5.4993787e-07 -2.3339585e-06)
(-2.0264804e-06 -1.9337616e-07 -8.4642046e-07)
(-3.296892e-06 -6.4207814e-07 -1.7495927e-06)
(-2.2614442e-06 -2.1937038e-07 2.3745378e-06)
(-2.4844239e-06 -7.1463401e-07 -2.4310675e-06)
(-2.5018832e-06 -9.893761e-07 -2.5238435e-06)
(-1.5856611e-06 -4.6105554e-07 9.427064e-06)
(-3.1756456e-06 -9.3630376e-07 -2.0429262e-06)
(-2.7188858e-06 -1.0881088e-06 -2.3300523e-06)
(-1.9495397e-06 -5.7534285e-07 -8.5128909e-07)
(-3.0997423e-06 -1.2622264e-06 -1.7478795e-06)
(-2.1722481e-06 -6.4993912e-07 2.3555561e-06)
(-2.2889633e-06 -1.1797237e-06 -2.425054e-06)
(-2.2455089e-06 -1.463118e-06 -2.5176073e-06)
(-1.462248e-06 -7.596837e-07 9.3796027e-06)
(-2.9194647e-06 -1.5300136e-06 -2.0393627e-06)
(-2.4386199e-06 -1.5991845e-06 -2.3259289e-06)
(-1.7945754e-06 -9.4151036e-07 -8.5677944e-07)
(-2.7796154e-06 -1.8398231e-06 -1.7457685e-06)
(-1.9964093e-06 -1.0568875e-06 2.3237342e-06)
(-1.9940732e-06 -1.6166101e-06 -2.4206955e-06)
(-1.2757886e-06 -1.0380029e-06 9.3397193e-06)
(-1.8905807e-06 -1.893052e-06 -2.5150046e-06)
(-2.5457346e-06 -2.0753688e-06 -2.0366837e-06)
(-1.5661237e-06 -1.2780629e-06 -8.6058427e-07)
(-2.0570968e-06 -2.0593322e-06 -2.3241987e-06)
(-1.7430201e-06 -1.4260867e-06 2.2981084e-06)
(-2.3522593e-06 -2.3533599e-06 -1.7448318e-06)
(-7.996282e-07 6.6004205e-07 3.7293624e-05)
(-5.300425e-07 3.5933501e-07 3.0061015e-05)
(-9.3473532e-08 7.7563185e-08 7.9136813e-13)
(-7.4464388e-07 6.1342139e-07 1.5102233e-05)
(-9.8542437e-07 6.6232373e-07 4.4746951e-05)
(-1.8117785e-07 1.4935736e-07 5.3491882e-11)
(-9.2139779e-07 6.1714463e-07 -1.4852712e-05)
(-1.6769902e-07 1.3788012e-07 5.1900975e-10)
(-9.1221099e-07 4.9189753e-07 3.7425829e-05)
(-5.8762519e-07 2.4822216e-07 3.0134019e-05)
(-1.0637486e-07 5.7834687e-08 1.3262418e-12)
(-8.4984519e-07 4.5678269e-07 1.5178005e-05)
(-1.0958734e-06 4.5752318e-07 4.4969342e-05)
(-2.0687139e-07 1.1132167e-07 5.351131e-11)
(-1.0259789e-06 4.2631342e-07 -1.490239e-05)
(-1.9168816e-07 1.0272478e-07 5.1975912e-10)
(-9.8965357e-07 3.0345504e-07 3.7588384e-05)
(-6.2236693e-07 1.2663764e-07 3.0194553e-05)
(-1.1509065e-07 3.5645155e-08 2.1626797e-12)
(-9.2235651e-07 2.8174891e-07 1.5276017e-05)
(-1.1636117e-06 2.336443e-07 4.5166733e-05)
(-2.2461918e-07 6.8700187e-08 5.3634303e-11)
(-1.090942e-06 2.1780842e-07 -1.4938721e-05)
(-2.0844889e-07 6.3450141e-08 5.2050074e-10)
(-1.0284254e-06 1.0260638e-07 3.7683187e-05)
(-6.33834e-07 2.0569492e-10 3.021562e-05)
(-1.1936439e-07 1.2053984e-08 2.8762127e-12)
(-9.5878817e-07 9.5230227e-08 1.5339548e-05)
(-1.1861928e-06 9.8288988e-11 4.5240661e-05)
(-2.3348013e-07 2.3222067e-08 5.3825945e-11)
(-1.1128481e-06 -2.9618967e-11 -1.4949097e-05)
(-2.1698492e-07 2.1462771e-08 5.2068858e-10)
(-1.0284637e-06 -1.0227444e-07 3.7683165e-05)
(-6.2245694e-07 -1.2625691e-07 3.0194476e-05)
(-1.1937503e-07 -1.1966061e-08 2.8737756e-12)
(-9.5879546e-07 -9.5140179e-08 1.5339555e-05)
(-1.1636522e-06 -2.3346196e-07 4.5166757e-05)
(-2.3348513e-07 -2.3177775e-08 5.3825672e-11)
(-1.0909333e-06 -2.1786119e-07 -1.4938701e-05)
(-2.1698454e-07 -2.1471592e-08 5.2068934e-10)
(-9.8975165e-07 -3.0317176e-07 3.7588352e-05)
(-5.8777454e-07 -2.4792258e-07 3.0133916e-05)
(-1.151181e-07 -3.5570507e-08 2.1575346e-12)
(-9.2237468e-07 -2.8166666e-07 1.5276053e-05)
(-1.095942e-06 -4.5737572e-07 4.4969397e-05)
(-2.2463221e-07 -6.86624e-08 5.363355e-11)
(-1.0259686e-06 -4.2634461e-07 -1.4902351e-05)
(-2.0844697e-07 -6.3456544e-08 5.2050065e-10)
(-9.1233887e-07 -4.9169053e-07 3.7425813e-05)
(-5.3020308e-07 -3.5914648e-07 3.006096e-05)
(-1.0641053e-07 -5.7781464e-08 1.3188841e-12)
(-8.4987329e-07 -4.5670856e-07 1.5178061e-05)
(-9.8550195e-07 -6.6222314e-07 4.4747019e-05)
(-2.0688868e-07 -1.112935e-07 5.3510937e-11)
(-9.2139979e-07 -6.1714726e-07 -1.4852664e-05)
(-1.9168776e-07 -1.0272663e-07 5.1976025e-10)
(-7.9974217e-07 -6.5993185e-07 3.7293653e-05)
(-4.520407e-07 -4.5498801e-07 3.0027373e-05)
(-9.3505017e-08 -7.7536639e-08 7.822725e-13)
(-7.4467656e-07 -6.1336269e-07 1.5102292e-05)
(-8.3814694e-07 -8.4058286e-07 4.4647852e-05)
(-1.8119395e-07 -1.4934177e-07 5.3490828e-11)
(-7.8297812e-07 -7.8400857e-07 -1.482897e-05)
(-1.6770172e-07 -1.3787713e-07 5.1900995e-10)
(-1.3502283e-06 -1.6733445e-06 0.00020790009)
(-1.2838074e-06 -1.9755978e-06 0.00023985019)
(-1.6567787e-06 -2.0414976e-06 0.00023437678)
(-1.301983e-06 -1.6088642e-06 0.0001240953)
(-9.3007861e-07 -1.4493739e-06 0.00017554978)
(-1.3616333e-06 -1.6847446e-06 0.00017088945)
(-1.367089e-06 -2.0747484e-06 7.1174904e-05)
(-1.7403547e-06 -2.1336764e-06 6.9126684e-05)
(-9.7570987e-07 -1.9156934e-06 0.00020792489)
(-8.6375061e-07 -2.215634e-06 0.00023988287)
(-1.2132533e-06 -2.3487603e-06 0.00023441124)
(-9.503459e-07 -1.8421068e-06 0.00012411568)
(-6.1211269e-07 -1.5870772e-06 0.00017557613)
(-9.8376633e-07 -1.9196844e-06 0.00017091365)
(-9.4014671e-07 -2.3121873e-06 7.1188223e-05)
(-1.2870173e-06 -2.4463964e-06 6.9136147e-05)
(-5.7316909e-07 -2.0733391e-06 0.00020795816)
(-4.2338648e-07 -2.3419035e-06 0.00023991944)
(-7.248447e-07 -2.5514292e-06 0.00023446245)
(-5.7520788e-07 -1.9959842e-06 0.0001241367)
(-3.0875997e-07 -1.6824444e-06 0.00017559791)
(-5.9105216e-07 -2.0736162e-06 0.00017094934)
(-4.8666647e-07 -2.4522631e-06 7.1195868e-05)
(-7.9034038e-07 -2.6600515e-06 6.9151991e-05)
(-1.8437861e-07 -2.1541415e-06 0.00020798236)
(8.5291114e-10 -2.3741469e-06 0.00023993419)
(-2.3538044e-07 -2.6364648e-06 0.00023450156)
(-1.9216573e-07 -2.0774365e-06 0.00012414453)
(3.8197603e-10 -1.7272958e-06 0.00017560386)
(-1.9810088e-07 -2.1670993e-06 0.0001709773)
(2.4942684e-10 -2.4994452e-06 7.119643e-05)
(-2.6628888e-07 -2.7652822e-06 6.9167103e-05)
(1.854791e-07 -2.154022e-06 0.00020797851)
(4.2504656e-07 -2.3417264e-06 0.00023991163)
(2.365438e-07 -2.6364372e-06 0.00023449756)
(1.9270073e-07 -2.0773641e-06 0.0001241422)
(3.0928843e-07 -1.6822896e-06 0.00017559183)
(1.9872495e-07 -2.1670244e-06 0.00017097431)
(4.8705655e-07 -2.4522575e-06 7.1193515e-05)
(2.665927e-07 -2.7652931e-06 6.916596e-05)
(5.7427939e-07 -2.0730572e-06 0.0002079481)
(8.6572237e-07 -2.2157255e-06 0.00023987429)
(7.2635647e-07 -2.5510515e-06 0.00023445213)
(5.7564069e-07 -1.9958858e-06 0.00012413054)
(6.1219643e-07 -1.5867727e-06 0.00017556891)
(5.918574e-07 -2.0733786e-06 0.00017094144)
(9.4055122e-07 -2.3121971e-06 7.1185433e-05)
(7.9075795e-07 -2.6600098e-06 6.9148844e-05)
(9.7658489e-07 -1.9157579e-06 0.00020791912)
(1.2854829e-06 -1.9759439e-06 0.00023984694)
(1.2133099e-06 -2.3495031e-06 0.00023440668)
(9.5036125e-07 -1.8420846e-06 0.00012411175)
(9.3072351e-07 -1.4483399e-06 0.00017554711)
(9.8281463e-07 -1.9199563e-06 0.0001709093)
(1.3673317e-06 -2.0749813e-06 7.1173322e-05)
(1.2866928e-06 -2.4466678e-06 6.913437e-05)
(1.3513804e-06 -1.6728507e-06 0.00020789989)
(1.6583369e-06 -2.0408739e-06 0.00023437953)
(1.3027407e-06 -1.6083105e-06 0.00012409493)
(1.3628758e-06 -1.6837634e-06 0.0001708936)
(1.7405368e-06 -2.1338298e-06 6.9126952e-05)
(-1.7410088e-06 -2.1416009e-06 0.00019792384)
(-1.5840959e-06 -2.4167756e-06 0.00022929836)
(-1.9098151e-06 -2.3597382e-06 0.00022637128)
(-1.9877775e-06 -2.4384935e-06 0.00011705616)
(-1.4126999e-06 -2.157599e-06 0.00016638916)
(-1.9868022e-06 -2.4476421e-06 0.00016407617)
(-1.6558574e-06 -2.5073939e-06 6.7036977e-05)
(-2.2196015e-06 -2.7207369e-06 6.5979023e-05)
(-1.2754673e-06 -2.4540231e-06 0.00019794355)
(-1.0745423e-06 -2.6850981e-06 0.00022932879)
(-1.3906323e-06 -2.7035712e-06 0.0002264011)
(-1.4651679e-06 -2.7951727e-06 0.00011706613)
(-9.6190993e-07 -2.4073125e-06 0.00016640632)
(-1.4560244e-06 -2.8097307e-06 0.00016409217)
(-1.1344956e-06 -2.7945886e-06 6.7043236e-05)
(-1.6396419e-06 -3.1188838e-06 6.5984411e-05)
(-7.7646172e-07 -2.6629877e-06 0.00019796864)
(-5.4276821e-07 -2.8454564e-06 0.00022935302)
(-8.398555e-07 -2.9299211e-06 0.00022644011)
(-8.9745255e-07 -3.0393191e-06 0.00011707969)
(-4.8766717e-07 -2.5575599e-06 0.00016642169)
(-8.8569841e-07 -3.0546754e-06 0.000164114)
(-5.7743183e-07 -2.9708324e-06 6.7048791e-05)
(-1.0056279e-06 -3.394601e-06 6.5991357e-05)
(-2.6067834e-07 -2.7672197e-06 0.00019798044)
(5.0057761e-10 -2.89943e-06 0.00022935864)
(-2.7995329e-07 -3.0416481e-06 0.00022646174)
(-3.0243517e-07 -3.1627371e-06 0.00011708657)
(4.0626621e-10 -2.6075481e-06 0.00016642583)
(-2.9673394e-07 -3.1764299e-06 0.00016412627)
(1.509464e-10 -3.0303908e-06 6.7050181e-05)
(-3.3893056e-07 -3.5351753e-06 6.5994003e-05)
(2.6136466e-07 -2.7672067e-06 0.00019797731)
(5.4361411e-07 -2.8452615e-06 0.00022934654)
(2.8180654e-07 -3.0415224e-06 0.00022645813)
(3.0282727e-07 -3.1627044e-06 0.00011708475)
(4.8840106e-07 -2.5574355e-06 0.00016641689)
(2.9780986e-07 -3.1763764e-06 0.00016412361)
(5.7764681e-07 -2.9708304e-06 6.7046864e-05)
(3.3915778e-07 -3.5351803e-06 6.5992908e-05)
(7.7766407e-07 -2.6626252e-06 0.00019796048)
(1.074548e-06 -2.685201e-06 0.00022932235)
(8.4201055e-07 -2.9292664e-06 0.00022643094)
(8.9823735e-07 -3.0391088e-06 0.00011707475)
(9.6209042e-07 -2.4074819e-06 0.00016640115)
(8.8714125e-07 -3.0543222e-06 0.00016410692)
(1.1345098e-06 -2.7946738e-06 6.7041059e-05)
(1.0060345e-06 -3.3945725e-06 6.5988335e-05)
(1.2736747e-06 -2.45493e-06 0.00019794006)
(1.5843187e-06 -2.416356e-06 0.00022929957)
(1.3904859e-06 -2.7038101e-06 0.00022639715)
(1.4639116e-06 -2.7958145e-06 0.00011706365)
(1.4124839e-06 -2.1578322e-06 0.00016639145)
(1.4555481e-06 -2.8101938e-06 0.00016408797)
(1.6554611e-06 -2.5075942e-06 6.703699e-05)
(1.6390961e-06 -3.119203e-06 6.5982245e-05)
(1.742634e-06 -2.1404625e-06 0.00019793073)
(1.9125291e-06 -2.357553e-06 0.00022637646)
(1.9884272e-06 -2.4381703e-06 0.00011706087)
(1.9883928e-06 -2.4465743e-06 0.00016408195)
(2.2199116e-06 -2.7206637e-06 6.5979451e-05)
(-2.1742136e-06 -2.6884719e-06 0.00019238984)
(-1.7141566e-06 -2.6490756e-06 0.0002231115)
(-1.9255118e-06 -2.384869e-06 0.00021787129)
(-2.4463389e-06 -3.0074201e-06 0.00011367849)
(-2.0279335e-06 -3.1019563e-06 0.000161631)
(-2.3335956e-06 -2.8741045e-06 0.00015775043)
(-2.2021105e-06 -3.333806e-06 6.4996219e-05)
(-2.5513736e-06 -3.1261176e-06 6.3359912e-05)
(-1.5851237e-06 -3.0854078e-06 0.00019241966)
(-1.1528631e-06 -2.950635e-06 0.00022315872)
(-1.3983907e-06 -2.7368912e-06 0.00021790955)
(-1.7996915e-06 -3.4501947e-06 0.00011369507)
(-1.3768922e-06 -3.4589486e-06 0.00016165944)
(-1.7107374e-06 -3.2977226e-06 0.00015777321)
(-1.5089368e-06 -3.7203228e-06 6.5006532e-05)
(-1.8861493e-06 -3.5850303e-06 6.3368111e-05)
(-9.5763322e-07 -3.3498652e-06 0.00019246145)
(-5.7575083e-07 -3.1272709e-06 0.00022320455)
(-8.4105388e-07 -2.9679621e-06 0.00021796242)
(-1.0982264e-06 -3.7543234e-06 0.00011371878)
(-6.9375324e-07 -3.6743544e-06 0.00016168717)
(-1.0399048e-06 -3.5852689e-06 0.00015780495)
(-7.6648108e-07 -3.9597096e-06 6.5016698e-05)
(-1.1570776e-06 -3.9052172e-06 6.3379747e-05)
(-3.1883541e-07 -3.4796937e-06 0.00019248926)
(1.4953763e-09 -3.1846206e-06 0.00022322117)
(-2.7890071e-07 -3.0798984e-06 0.00021799736)
(-3.6854672e-07 -3.9079252e-06 0.00011373425)
(7.9513519e-10 -3.7458539e-06 0.00016169693)
(-3.4792243e-07 -3.7290494e-06 0.00015782556)
(1.5220833e-10 -4.0405938e-06 6.5020192e-05)
(-3.8988864e-07 -4.069287e-06 6.3387051e-05)
(3.2107956e-07 -3.4795183e-06 0.00019248623)
(5.786955e-07 -3.1267284e-06 0.0002231984)
(2.8197577e-07 -3.0796689e-06 0.00021799374)
(3.69461e-07 -3.9078743e-06 0.00011373239)
(6.9532968e-07 -3.6741134e-06 0.00016168236)
(3.4947669e-07 -3.7289845e-06 0.00015782282)
(7.6676926e-07 -3.9597141e-06 6.5014599e-05)
(3.8998165e-07 -4.0693283e-06 6.3385881e-05)
(9.6003701e-07 -3.3492403e-06 0.00019245353)
(1.1555027e-06 -2.9498523e-06 0.00022315233)
(8.4423531e-07 -2.9671424e-06 0.00021795301)
(1.0992886e-06 -3.7541156e-06 0.00011371371)
(1.3782977e-06 -3.4586326e-06 0.00016165361)
(1.041656e-06 -3.5849788e-06 0.00015779753)
(1.509198e-06 -3.7203565e-06 6.5003705e-05)
(1.157319e-06 -3.9053182e-06 6.3376438e-05)
(1.5862569e-06 -3.0851284e-06 0.0001924153)
(1.716901e-06 -2.6472814e-06 0.00022311194)
(1.4003628e-06 -2.7363698e-06 0.0002179047)
(1.7998945e-06 -3.4502748e-06 0.0001136914)
(2.0294527e-06 -3.100992e-06 0.00016163068)
(1.7115769e-06 -3.2977849e-06 0.00015776793)
(2.2023345e-06 -3.3338092e-06 6.4994711e-05)
(1.886005e-06 -3.5853388e-06 6.3365245e-05)
(2.1768028e-06 -2.686241e-06 0.0001923942)
(1.9290546e-06 -2.3823407e-06 0.0002178748)
(2.4475847e-06 -3.0065762e-06 0.00011368024)
(2.3359962e-06 -2.8726985e-06 0.00015775361)
(2.5520231e-06 -3.1260597e-06 6.3359081e-05)
(-2.1122522e-06 -2.6038401e-06 0.00018365395)
(-1.6081564e-06 -2.4728343e-06 0.00021308523)
(-1.8493529e-06 -2.2873419e-06 0.0002091798)
(-2.4532222e-06 -3.0106732e-06 0.00010832475)
(-2.015246e-06 -3.0703968e-06 0.00015422123)
(-2.2967689e-06 -2.8260152e-06 0.00015139825)
(-2.2346943e-06 -3.3777882e-06 6.1908643e-05)
(-2.5355055e-06 -3.1055252e-06 6.0781587e-05)
(-1.5444546e-06 -2.9874703e-06 0.00018368104)
(-1.0845345e-06 -2.7542452e-06 0.00021312871)
(-1.3445068e-06 -2.624482e-06 0.00020921642)
(-1.8081383e-06 -3.4533078e-06 0.00010833934)
(-1.3721101e-06 -3.4245025e-06 0.00015424673)
(-1.6855481e-06 -3.2422577e-06 0.00015141953)
(-1.533209e-06 -3.7703422e-06 6.1917856e-05)
(-1.8752224e-06 -3.5614006e-06 6.078918e-05)
(-9.3600644e-07 -3.245174e-06 0.00018371857)
(-5.4290101e-07 -2.9200752e-06 0.00021317068)
(-8.0951362e-07 -2.8462139e-06 0.00020926746)
(-1.1056261e-06 -3.7592595e-06 0.00010835991)
(-6.9304407e-07 -3.6399623e-06 0.00015427123)
(-1.0257421e-06 -3.5257442e-06 0.00015144949)
(-7.7978975e-07 -4.0149043e-06 6.1926601e-05)
(-1.1509081e-06 -3.8802611e-06 6.080007e-05)
(-3.1228317e-07 -3.3728731e-06 0.00018374322)
(1.603901e-09 -2.9741875e-06 0.0002131857)
(-2.6838589e-07 -2.9538005e-06 0.00020930168)
(-3.7162194e-07 -3.9149299e-06 0.000108373)
(7.8110472e-10 -3.7119777e-06 0.0001542796)
(-3.4329278e-07 -3.6679985e-06 0.00015146925)
(-4.3632529e-11 -4.0979933e-06 6.1929441e-05)
(-3.8790903e-07 -4.044202e-06 6.0807038e-05)
(3.1466933e-07 -3.3727533e-06 0.00018374021)
(5.4603986e-07 -2.9196018e-06 0.00021316449)
(2.7230009e-07 -2.9535175e-06 0.00020929855)
(3.723663e-07 -3.9149715e-06 0.00010837121)
(6.9460983e-07 -3.6398804e-06 0.00015426652)
(3.4542771e-07 -3.6679121e-06 0.00015146699)
(7.7973017e-07 -4.015063e-06 6.1924652e-05)
(3.881578e-07 -4.0442631e-06 6.0806195e-05)
(9.3854437e-07 -3.2447152e-06 0.00018371068)
(1.087369e-06 -2.7535519e-06 0.00021312221)
(8.1349035e-07 -2.8452396e-06 0.0002092595)
(1.1065829e-06 -3.7593289e-06 0.00010835502)
(1.3735938e-06 -3.4244663e-06 0.00015424113)
(1.028068e-06 -3.5253964e-06 0.0001514435)
(1.5332455e-06 -3.7706349e-06 6.1915343e-05)
(1.151342e-06 -3.8804129e-06 6.0797736e-05)
(1.5461232e-06 -2.9872695e-06 0.00018367676)
(1.6109162e-06 -2.4715827e-06 0.00021308525)
(1.3474376e-06 -2.6235581e-06 0.00020921385)
(1.8086802e-06 -3.4536778e-06 0.00010833604)
(2.0169012e-06 -3.0700603e-06 0.0001542211)
(1.6871774e-06 -3.2420905e-06 0.00015141661)
(2.2349101e-06 -3.3780792e-06 6.190754e-05)
(1.8754556e-06 -3.5617056e-06 6.0787923e-05)
(2.1155841e-06 -2.6021073e-06 0.00018365798)
(1.8536449e-06 -2.2846408e-06 0.000209186)
(2.4551288e-06 -3.0101543e-06 0.00010832672)
(2.2998039e-06 -2.8245474e-06 0.00015140434)
(2.5365731e-06 -3.1054148e-06 6.0782778e-05)
(-2.066727e-06 -2.5495538e-06 0.0001768002)
(-1.5849388e-06 -2.4397665e-06 0.00020514776)
(-1.835772e-06 -2.2727407e-06 0.00020090655)
(-2.4006184e-06 -2.9472035e-06 0.00010421941)
(-1.9663087e-06 -2.998473e-06 0.00014845078)
(-2.2629199e-06 -2.7862916e-06 0.00014538309)
(-2.1755107e-06 -3.2895315e-06 5.9564178e-05)
(-2.4893082e-06 -3.0498905e-06 5.832672e-05)
(-1.5101592e-06 -2.9252134e-06 0.00017682687)
(-1.0681511e-06 -2.7172435e-06 0.00020519117)
(-1.333566e-06 -2.6080709e-06 0.00020094263)
(-1.7687422e-06 -3.3806712e-06 0.0001042331)
(-1.3379215e-06 -3.3440997e-06 0.00014847585)
(-1.6596723e-06 -3.1970807e-06 0.00014540389)
(-1.492056e-06 -3.6717185e-06 5.9572928e-05)
(-1.8405279e-06 -3.4979274e-06 5.8333914e-05)
(-9.1449027e-07 -3.1770204e-06 0.00017686442)
(-5.3415055e-07 -2.8803348e-06 0.0002052336)
(-8.021725e-07 -2.8282554e-06 0.00020099311)
(-1.0810387e-06 -3.6800541e-06 0.00010425285)
(-6.7521605e-07 -3.5540092e-06 0.00014850033)
(-1.0092708e-06 -3.4765314e-06 0.0001454333)
(-7.5850618e-07 -3.9097012e-06 5.958149e-05)
(-1.1292231e-06 -3.811256e-06 5.8344334e-05)
(-3.0456975e-07 -3.3014523e-06 0.00017688954)
(2.3055967e-09 -2.9333538e-06 0.00020524915)
(-2.6536613e-07 -2.9348981e-06 0.00020102714)
(-3.629798e-07 -3.8321806e-06 0.00010426572)
(1.3483478e-09 -3.6240064e-06 0.00014850899)
(-3.3726818e-07 -3.6165824e-06 0.00014545283)
(2.889182e-10 -3.9905099e-06 5.9584454e-05)
(-3.8029667e-07 -3.9723042e-06 5.8351102e-05)
(3.0823333e-07 -3.3012039e-06 0.00017688689)
(5.3867774e-07 -2.8795963e-06 0.00020522817)
(2.7073851e-07 -2.9344829e-06 0.00020102418)
(3.6463109e-07 -3.8321346e-06 0.0001042642)
(6.7790464e-07 -3.5536982e-06 0.0001484963)
(3.406117e-07 -3.6163863e-06 0.0001454507)
(7.5911715e-07 -3.9097814e-06 5.9579945e-05)
(3.8128909e-07 -3.9723206e-06 5.8350317e-05)
(9.1826482e-07 -3.1761873e-06 0.00017685759)
(1.0724018e-06 -2.7159665e-06 0.00020518609)
(8.0749907e-07 -2.8269115e-06 0.0002009856)
(1.0828755e-06 -3.6798647e-06 0.00010424876)
(1.3405472e-06 -3.3435574e-06 0.00014847158)
(1.0127146e-06 -3.4758796e-06 0.00014542765)
(1.4927919e-06 -3.6718389e-06 5.9571223e-05)
(1.1303643e-06 -3.8112829e-06 5.8342155e-05)
(1.5130497e-06 -2.9243198e-06 0.00017682427)
(1.5890734e-06 -2.4376145e-06 0.00020514997)
(1.3377569e-06 -2.6064893e-06 0.00020094051)
(1.7701364e-06 -3.3805607e-06 0.00010423113)
(1.9690118e-06 -2.9973796e-06 0.00014845281)
(1.6623635e-06 -3.1963873e-06 0.00014540137)
(2.1763874e-06 -3.2895743e-06 5.9564389e-05)
(1.8414648e-06 -3.4980283e-06 5.8332839e-05)
(2.0707454e-06 -2.5471445e-06 0.00017680689)
(1.840832e-06 -2.2693982e-06 0.00020091356)
(2.4029339e-06 -2.94627e-06 0.00010422352)
(2.266633e-06 -2.7842931e-06 0.00014538984)
(2.4909202e-06 -3.0495554e-06 5.832831e-05)
(-2.0593921e-06 -2.5428996e-06 0.00016954996)
(-1.5834413e-06 -2.4416472e-06 0.00019673109)
(-1.8386025e-06 -2.2794133e-06 0.00019260272)
(-2.3860536e-06 -2.9310043e-06 9.9942028e-05)
(-1.9554429e-06 -2.9854487e-06 0.00014236344)
(-2.2592966e-06 -2.7844518e-06 0.00013938414)
(-2.1537463e-06 -3.2586725e-06 5.7114742e-05)
(-2.4781874e-06 -3.0377498e-06 5.5920732e-05)
(-1.5035676e-06 -2.9182704e-06 0.0001695766)
(-1.0660463e-06 -2.7196868e-06 0.0001967742)
(-1.3335531e-06 -2.6163825e-06 0.000192639)
(-1.757251e-06 -3.3627616e-06 9.9955878e-05)
(-1.3296551e-06 -3.3300672e-06 0.00014238857)
(-1.6554497e-06 -3.1958349e-06 0.00013940526)
(-1.4767576e-06 -3.6378524e-06 5.712364e-05)
(-1.8316179e-06 -3.4848202e-06 5.5928225e-05)
(-9.0966239e-07 -3.1696622e-06 0.00016961401)
(-5.324093e-07 -2.8829813e-06 0.00019681631)
(-8.0077067e-07 -2.8369184e-06 0.00019268975)
(-1.0735163e-06 -3.6609534e-06 9.9975687e-05)
(-6.7046805e-07 -3.5392642e-06 0.00014241306)
(-1.0056778e-06 -3.4753161e-06 0.00013943511)
(-7.5042916e-07 -3.8739746e-06 5.7132291e-05)
(-1.1233342e-06 -3.7975289e-06 5.5939006e-05)
(-3.0237842e-07 -3.2938254e-06 0.00016963904)
(3.0667008e-09 -2.9359958e-06 0.00019683184)
(-2.6417192e-07 -2.943325e-06 0.00019272405)
(-3.6004673e-07 -3.8125276e-06 9.9988594e-05)
(1.9933983e-09 -3.6089521e-06 0.00014242181)
(-3.3548191e-07 -3.6151498e-06 0.00013945501)
(7.0152688e-10 -3.9541144e-06 5.7135307e-05)
(-3.7798598e-07 -3.9582444e-06 5.5946024e-05)
(3.0743131e-07 -3.2934611e-06 0.00016963657)
(5.3836912e-07 -2.8820028e-06 0.00019681126)
(2.7104487e-07 -2.9427858e-06 0.00019272131)
(3.6274391e-07 -3.8124031e-06 9.9987175e-05)
(6.7437344e-07 -3.5387657e-06 0.00014240931)
(3.401182e-07 -3.6148552e-06 0.00013945304)
(7.5182906e-07 -3.8739621e-06 5.7130862e-05)
(3.7983753e-07 -3.9582094e-06 5.5945303e-05)
(9.1466607e-07 -3.1685225e-06 0.00016960765)
(1.0714728e-06 -2.7179722e-06 0.00019676968)
(8.074801e-07 -2.8352311e-06 0.00019268288)
(1.0762896e-06 -3.6605601e-06 9.9971885e-05)
(1.3333049e-06 -3.3292061e-06 0.00014238469)
(1.0103216e-06 -3.4743919e-06 0.00013942994)
(1.4781915e-06 -3.6378217e-06 5.7122091e-05)
(1.1252891e-06 -3.7974128e-06 5.5937018e-05)
(1.5075575e-06 -2.9168839e-06 0.00016957447)
(1.5882858e-06 -2.4390568e-06 0.00019673376)
(1.3389559e-06 -2.6142692e-06 0.00019263756)
(1.7595289e-06 -3.3623419e-06 9.9954164e-05)
(1.9588876e-06 -2.9840215e-06 0.00014236562)
(1.6592124e-06 -3.1947269e-06 0.00013940328)
(2.1552486e-06 -3.2585091e-06 5.7115022e-05)
(1.8333065e-06 -3.4847067e-06 5.5927381e-05)
(2.0641612e-06 -2.5399838e-06 0.00016955679)
(1.8446935e-06 -2.2753949e-06 0.00019261004)
(2.3891434e-06 -2.9296813e-06 9.9946092e-05)
(2.2639532e-06 -2.7819188e-06 0.00013939096)
(2.4804923e-06 -3.0371235e-06 5.5922372e-05)
(-2.0648973e-06 -2.5531239e-06 0.00016244882)
(-1.5877208e-06 -2.454833e-06 0.0001884881)
(-1.8422142e-06 -2.2861504e-06 0.00018430075)
(-2.3897467e-06 -2.9379478e-06 9.5762696e-05)
(-1.9584169e-06 -2.9954373e-06 0.00013640478)
(-2.2627131e-06 -2.7905811e-06 0.0001333721)
(-2.1554439e-06 -3.2643099e-06 5.4720238e-05)
(-2.4818481e-06 -3.0434949e-06 5.3495731e-05)
(-1.5051403e-06 -2.9308158e-06 0.00016247597)
(-1.0666627e-06 -2.7343013e-06 0.00018853187)
(-1.3349011e-06 -2.6244295e-06 0.00018433668)
(-1.7585238e-06 -3.3717868e-06 9.5777028e-05)
(-1.3300286e-06 -3.341688e-06 0.00013643048)
(-1.6570282e-06 -3.2034337e-06 0.00013339304)
(-1.4771864e-06 -3.6449156e-06 5.4729473e-05)
(-1.8339078e-06 -3.4921568e-06 5.3503175e-05)
(-9.0899879e-07 -3.182834e-06 0.00016251408)
(-5.3151314e-07 -2.8974826e-06 0.00018857466)
(-8.0060709e-07 -2.8452757e-06 0.0001843869)
(-1.0733982e-06 -3.6712083e-06 9.5797525e-05)
(-6.6979548e-07 -3.5513859e-06 0.00013645558)
(-1.0059755e-06 -3.4837218e-06 0.00013342257)
(-7.5026973e-07 -3.8819236e-06 5.4738496e-05)
(-1.124483e-06 -3.8061803e-06 5.3513842e-05)
(-3.0141835e-07 -3.3067154e-06 0.0001625397)
(3.8135804e-09 -2.9501324e-06 0.00018859063)
(-2.6342384e-07 -2.9514147e-06 0.00018442085)
(-3.5951466e-07 -3.8231424e-06 9.5811021e-05)
(2.6473478e-09 -3.6210588e-06 0.0001364647)
(-3.3503277e-07 -3.6237326e-06 0.00013344222)
(1.1518647e-09 -3.9623409e-06 5.4741735e-05)
(-3.78053e-07 -3.967539e-06 5.3520769e-05)
(3.0787546e-07 -3.3062445e-06 0.00016253744)
(5.3893607e-07 -2.8962743e-06 0.00018857008)
(2.7193502e-07 -2.950746e-06 0.00018441831)
(3.6332006e-07 -3.8229444e-06 9.5809729e-05)
(6.7498841e-07 -3.5507017e-06 0.00013645217)
(3.4108731e-07 -3.6233327e-06 0.0001334404)
(7.5256149e-07 -3.8818079e-06 5.4737201e-05)
(3.8086627e-07 -3.9674454e-06 5.3520102e-05)
(9.1535633e-07 -3.1813848e-06 0.00016250831)
(1.073514e-06 -2.7321468e-06 0.000188528)
(8.0883626e-07 -2.8432285e-06 0.00018438054)
(1.0772494e-06 -3.6705979e-06 9.5794078e-05)
(1.3349309e-06 -3.3404567e-06 0.00013642712)
(1.0119423e-06 -3.4825028e-06 0.00013341778)
(1.4794898e-06 -3.6446777e-06 5.4728137e-05)
(1.1273484e-06 -3.8059009e-06 5.3511998e-05)
(1.5103153e-06 -2.9289777e-06 0.00016247441)
(1.5940198e-06 -2.4515256e-06 0.00018849122)
(1.341643e-06 -2.6217723e-06 0.00018433559)
(1.7617377e-06 -3.3710365e-06 9.577569e-05)
(1.9630671e-06 -2.9934402e-06 0.00013640736)
(1.661973e-06 -3.2018801e-06 0.00013339136)
(2.1577269e-06 -3.2638726e-06 5.4720703e-05)
(1.8364322e-06 -3.4918014e-06 5.3502433e-05)
(2.0708952e-06 -2.54951e-06 0.00016245591)
(1.8492555e-06 -2.281637e-06 0.00018430815)
(2.3936987e-06 -2.9361854e-06 9.5766957e-05)
(2.2682311e-06 -2.7876372e-06 0.00013337902)
(2.4848275e-06 -3.042634e-06 5.3497457e-05)
(-2.0666401e-06 -2.5560342e-06 0.00015526545)
(-1.5883572e-06 -2.4564353e-06 0.00018015802)
(-1.8430902e-06 -2.2875209e-06 0.00017598301)
(-2.3922132e-06 -2.9417652e-06 9.1519146e-05)
(-1.9604041e-06 -2.9991906e-06 0.0001303688)
(-2.2638986e-06 -2.7924442e-06 0.00012734631)
(-2.1596703e-06 -3.2717702e-06 5.2284938e-05)
(-2.4842978e-06 -3.0470537e-06 5.106656e-05)
(-1.5066723e-06 -2.93425e-06 0.00015529172)
(-1.06717e-06 -2.7360934e-06 0.00018020044)
(-1.3358742e-06 -2.6257168e-06 0.0001760174)
(-1.7604409e-06 -3.3764389e-06 9.1533116e-05)
(-1.3314797e-06 -3.3460851e-06 0.00013039366)
(-1.6581227e-06 -3.2054622e-06 0.00012736637)
(-1.4801687e-06 -3.6538501e-06 5.2293935e-05)
(-1.8357698e-06 -3.4964101e-06 5.1073771e-05)
(-9.0992328e-07 -3.1868435e-06 0.00015532855)
(-5.3146324e-07 -2.8994135e-06 0.00018024186)
(-8.0126312e-07 -2.8466837e-06 0.00017606542)
(-1.0745284e-06 -3.6765972e-06 9.1553023e-05)
(-6.7028907e-07 -3.5562507e-06 0.00013041784)
(-1.0066528e-06 -3.486033e-06 0.0001273946)
(-7.5164228e-07 -3.8919195e-06 5.2302634e-05)
(-1.1255801e-06 -3.8110566e-06 5.1084093e-05)
(-3.0122865e-07 -3.3109805e-06 0.00015535318)
(4.7114126e-09 -2.9520245e-06 0.00018025734)
(-2.6329092e-07 -2.9529345e-06 0.00017609786)
(-3.5950878e-07 -3.8288535e-06 9.1565864e-05)
(3.4172973e-09 -3.6260051e-06 0.0001304266)
(-3.3491714e-07 -3.6261956e-06 0.0001274133)
(1.6670302e-09 -3.9726433e-06 5.2305704e-05)
(-3.781431e-07 -3.9727014e-06 5.1090699e-05)
(3.0933816e-07 -3.3103814e-06 0.00015535107)
(5.4060288e-07 -2.8979412e-06 0.00018023757)
(2.7304709e-07 -2.9521791e-06 0.00017609552)
(3.645884e-07 -3.8285639e-06 9.1564653e-05)
(6.7695599e-07 -3.555348e-06 0.00013041466)
(3.4213651e-07 -3.625716e-06 0.00012741162)
(7.5492766e-07 -3.8916825e-06 5.2301427e-05)
(3.8187652e-07 -3.9725552e-06 5.1090086e-05)
(9.1776941e-07 -3.1850478e-06 0.00015532316)
(1.0754659e-06 -2.7334705e-06 0.00018019692)
(8.1068112e-07 -2.8443857e-06 0.00017605958)
(1.0795356e-06 -3.6757387e-06 9.1549803e-05)
(1.3376444e-06 -3.3444794e-06 0.00013039061)
(1.0137291e-06 -3.4845829e-06 0.0001273902)
(1.4833547e-06 -3.6534119e-06 5.2292728e-05)
(1.1293247e-06 -3.8106266e-06 5.1082407e-05)
(1.5131836e-06 -2.9318738e-06 0.00015529044)
(1.5955693e-06 -2.4527538e-06 0.00018016125)
(1.3436731e-06 -2.6226899e-06 0.00017601678)
(1.7647307e-06 -3.3753156e-06 9.1531981e-05)
(1.9659555e-06 -2.9968647e-06 0.00013037151)
(1.6640537e-06 -3.2035703e-06 0.0001273651)
(2.1627156e-06 -3.2711084e-06 5.2285494e-05)
(1.8390873e-06 -3.49583e-06 5.1073231e-05)
(2.0732184e-06 -2.5522093e-06 0.00015527249)
(1.8510531e-06 -2.2825501e-06 0.00017599049)
(2.3968192e-06 -2.9397702e-06 9.1523421e-05)
(2.2702704e-06 -2.7890846e-06 0.00012735327)
(2.4879746e-06 -3.0459228e-06 5.1068357e-05)
(-2.0671867e-06 -2.556635e-06 0.00014809529)
(-1.5895906e-06 -2.4574815e-06 0.00017184262)
(-1.8430068e-06 -2.286562e-06 0.00016766579)
(-2.3934374e-06 -2.9434365e-06 8.7282603e-05)
(-1.9607101e-06 -2.9993219e-06 0.00012434386)
(-2.2633972e-06 -2.7912646e-06 0.00012131992)
(-2.1597728e-06 -3.2721106e-06 4.9854834e-05)
(-2.4842815e-06 -3.0469591e-06 4.8635353e-05)
(-1.5073975e-06 -2.9344856e-06 0.00014811998)
(-1.0683287e-06 -2.7369854e-06 0.00017188253)
(-1.3371317e-06 -2.6238085e-06 0.0001676975)
(-1.7614814e-06 -3.3780669e-06 8.7295731e-05)
(-1.3318266e-06 -3.3460183e-06 0.00012436717)
(-1.6586677e-06 -3.2033131e-06 0.00012133824)
(-1.4801688e-06 -3.6540356e-06 4.9863245e-05)
(-1.8360859e-06 -3.4957216e-06 4.8641824e-05)
(-9.1046381e-07 -3.1869864e-06 0.00014815453)
(-5.3205088e-07 -2.9004114e-06 0.00017192149)
(-8.0268771e-07 -2.8447976e-06 0.00016774179)
(-1.0751495e-06 -3.6783141e-06 8.731433e-05)
(-6.7036571e-07 -3.5561597e-06 0.0001243898)
(-1.0073662e-06 -3.4836035e-06 0.00012136408)
(-7.5145608e-07 -3.8919627e-06 4.9871336e-05)
(-1.1258134e-06 -3.8100226e-06 4.865112e-05)
(-3.012168e-07 -3.3111743e-06 0.00014817762)
(5.0709047e-09 -2.9530891e-06 0.00017193604)
(-2.6352772e-07 -2.9514607e-06 0.00016777172)
(-3.5947931e-07 -3.8306656e-06 8.7326326e-05)
(3.8233443e-09 -3.6259064e-06 0.00012439799)
(-3.3487964e-07 -3.623869e-06 0.00012138123)
(2.0793002e-09 -3.9726133e-06 4.9874185e-05)
(-3.7794854e-07 -3.9715757e-06 4.8657082e-05)
(3.1008361e-07 -3.3105356e-06 0.00014817564)
(5.4193627e-07 -2.8988599e-06 0.00017191749)
(2.7457915e-07 -2.9506167e-06 0.00016776949)
(3.653708e-07 -3.8303336e-06 8.7325178e-05)
(6.7785802e-07 -3.5551598e-06 0.00012438681)
(3.432889e-07 -3.6233117e-06 0.00012137961)
(7.555617e-07 -3.8916408e-06 4.9870177e-05)
(3.8260334e-07 -3.9713804e-06 4.8656464e-05)
(9.1911838e-07 -3.1850511e-06 0.00014814948)
(1.0774344e-06 -2.734207e-06 0.00017187936)
(8.133374e-07 -2.8422468e-06 0.00016773626)
(1.0809888e-06 -3.6773155e-06 8.7311279e-05)
(1.3388327e-06 -3.3442143e-06 0.00012436434)
(1.0155747e-06 -3.4819292e-06 0.00012135983)
(1.4841507e-06 -3.6534198e-06 4.9862079e-05)
(1.1304402e-06 -3.8094524e-06 4.8649411e-05)
(1.5146119e-06 -2.9319324e-06 0.00014811891)
(1.5978756e-06 -2.453342e-06 0.00017184595)
(1.3460332e-06 -2.6204062e-06 0.00016769691)
(1.7664751e-06 -3.376752e-06 8.7294687e-05)
(1.967208e-06 -2.9965655e-06 0.00012434658)
(1.6656138e-06 -3.2010898e-06 0.00012133689)
(2.1635542e-06 -3.2711734e-06 4.985535e-05)
(1.8402061e-06 -3.4949338e-06 4.8641114e-05)
(2.0749517e-06 -2.552138e-06 0.00014810222)
(1.8519253e-06 -2.2811365e-06 0.00016767308)
(2.3989433e-06 -2.9409901e-06 8.7286746e-05)
(2.2706354e-06 -2.7875141e-06 0.00012132651)
(2.4886577e-06 -3.0455918e-06 4.8636894e-05)
(-2.0660904e-06 -2.5539383e-06 0.00014092139)
(-1.5895829e-06 -2.4535339e-06 0.00016352194)
(-1.8424304e-06 -2.2849497e-06 0.00015935664)
(-2.3923567e-06 -2.9412941e-06 8.3044433e-05)
(-1.9604915e-06 -2.9958328e-06 0.00011831566)
(-2.2619397e-06 -2.7887792e-06 0.00011530017)
(-2.1600085e-06 -3.2709616e-06 4.7423681e-05)
(-2.4829841e-06 -3.0450677e-06 4.6208237e-05)
(-1.5085121e-06 -2.930262e-06 0.00014094364)
(-1.0699371e-06 -2.7322642e-06 0.00016355815)
(-1.3383283e-06 -2.6210589e-06 0.00015938541)
(-1.7617523e-06 -3.374434e-06 8.3056062e-05)
(-1.3328093e-06 -3.3414772e-06 0.00011833665)
(-1.6587167e-06 -3.1993758e-06 0.0001153167)
(-1.4807702e-06 -3.6521061e-06 4.7431173e-05)
(-1.8355352e-06 -3.4925327e-06 4.6214013e-05)
(-9.1209128e-07 -3.1826261e-06 0.00014097493)
(-5.3317218e-07 -2.8960446e-06 0.00016359353)
(-8.041693e-07 -2.8419807e-06 0.00015942564)
(-1.0757297e-06 -3.6739573e-06 8.3072834e-05)
(-6.7100026e-07 -3.5514877e-06 0.00011835715)
(-1.0078428e-06 -3.4789722e-06 0.00011534008)
(-7.5169653e-07 -3.8897567e-06 4.7438478e-05)
(-1.1255122e-06 -3.8058087e-06 4.6222371e-05)
(-3.0143885e-07 -3.3072903e-06 0.00014099591)
(6.0152338e-09 -2.9489887e-06 0.00016360675)
(-2.6363341e-07 -2.9489402e-06 0.00015945287)
(-3.5936099e-07 -3.8262422e-06 8.3083757e-05)
(4.6149189e-09 -3.6212744e-06 0.00011836456)
(-3.3466891e-07 -3.6190805e-06 0.00011535567)
(2.593619e-09 -3.9703429e-06 4.7441034e-05)
(-3.7754399e-07 -3.9668838e-06 4.6227774e-05)
(3.1203347e-07 -3.306524e-06 0.00014099405)
(5.4486479e-07 -2.8942257e-06 0.00016358983)
(2.7649918e-07 -2.9479557e-06 0.00015945079)
(3.6655323e-07 -3.8258255e-06 8.3082663e-05)
(6.8001197e-07 -3.5502787e-06 0.00011835432)
(3.4460245e-07 -3.6184171e-06 0.00011535414)
(7.5679903e-07 -3.8893278e-06 4.7437347e-05)
(3.8320129e-07 -3.9666349e-06 4.6227179e-05)
(9.2230025e-07 -3.1803498e-06 0.00014097022)
(1.0805851e-06 -2.7290058e-06 0.00016355534)
(8.1650044e-07 -2.8390387e-06 0.0001594205)
(1.0827517e-06 -3.6727312e-06 8.3069929e-05)
(1.3411372e-06 -3.3393094e-06 0.00011833401)
(1.0174729e-06 -3.4770005e-06 0.00011533608)
(1.4856519e-06 -3.6513156e-06 4.7430009e-05)
(1.1310897e-06 -3.80509e-06 4.622073e-05)
(1.5171376e-06 -2.9271721e-06 0.00014094278)
(1.5988929e-06 -2.448996e-06 0.00016352546)
(1.3487137e-06 -2.6170617e-06 0.0001593851)
(1.7678605e-06 -3.3727703e-06 8.3055066e-05)
(1.9679586e-06 -2.9927618e-06 0.00011831835)
(1.6669405e-06 -3.196705e-06 0.00011531554)
(2.1645782e-06 -3.2698407e-06 4.7424101e-05)
(1.8405367e-06 -3.4915271e-06 4.6213346e-05)
(2.0744825e-06 -2.5492575e-06 0.00014092825)
(1.852452e-06 -2.2789331e-06 0.00015936385)
(2.3985299e-06 -2.9386716e-06 8.3048404e-05)
(2.2701675e-06 -2.7845849e-06 0.00011530654)
(2.4881102e-06 -3.0434754e-06 4.6209663e-05)
(-2.0652281e-06 -2.5526293e-06 0.00013376382)
(-1.5902723e-06 -2.4530785e-06 0.00015522041)
(-1.8422757e-06 -2.2855112e-06 0.0001510633)
(-2.3910751e-06 -2.9395361e-06 7.8815473e-05)
(-1.9593557e-06 -2.9928628e-06 0.00011230122)
(-2.2605799e-06 -2.7877e-06 0.00010929181)
(-2.1579589e-06 -3.2670076e-06 4.4998187e-05)
(-2.4815026e-06 -3.0435366e-06 4.3785194e-05)
(-1.5087012e-06 -2.9279071e-06 0.00013378404)
(-1.0711046e-06 -2.7313784e-06 0.00015525329)
(-1.3382738e-06 -2.6213533e-06 0.00015109011)
(-1.7612463e-06 -3.3714301e-06 7.88259e-05)
(-1.3324398e-06 -3.3374134e-06 0.00011232019)
(-1.6576797e-06 -3.1976214e-06 0.00010930723)
(-1.4793861e-06 -3.6466041e-06 4.5004838e-05)
(-1.8343413e-06 -3.4900949e-06 4.3790557e-05)
(-9.1246299e-07 -3.1796733e-06 0.00013381238)
(-5.3369377e-07 -2.8950629e-06 0.00015528545)
(-8.0391427e-07 -2.8420627e-06 0.00015112758)
(-1.0754504e-06 -3.6698675e-06 7.884078e-05)
(-6.7067827e-07 -3.5467305e-06 0.00011233871)
(-1.0069517e-06 -3.4765426e-06 0.00010932899)
(-7.5079434e-07 -3.883048e-06 4.5011311e-05)
(-1.1245205e-06 -3.8023442e-06 4.3798241e-05)
(-3.0112715e-07 -3.3040222e-06 0.00013383145)
(6.8887267e-09 -2.9479075e-06 0.00015529742)
(-2.6292737e-07 -2.9487682e-06 0.00015115294)
(-3.5889384e-07 -3.8214772e-06 7.8850551e-05)
(5.3508299e-09 -3.6162232e-06 0.00011234538)
(-3.3384403e-07 -3.6161359e-06 0.00010934346)
(3.0842989e-09 -3.9631758e-06 4.5013574e-05)
(-3.7685365e-07 -3.9627006e-06 4.3803212e-05)
(3.1333277e-07 -3.3031375e-06 0.00013382966)
(5.4710093e-07 -2.8929744e-06 0.00015528192)
(2.7768629e-07 -2.9476365e-06 0.00015115096)
(3.6731473e-07 -3.8209855e-06 7.8849487e-05)
(6.8113972e-07 -3.5453225e-06 0.00011233599)
(3.4534287e-07 -3.6153655e-06 0.00010934198)
(7.5686776e-07 -3.8825213e-06 4.5010195e-05)
(3.835093e-07 -3.9624017e-06 4.3802624e-05)
(9.2422072e-07 -3.1770493e-06 0.00013380786)
(1.0833717e-06 -2.7276152e-06 0.0001552506)
(8.179975e-07 -2.8387103e-06 0.00015112268)
(1.083663e-06 -3.668418e-06 7.8837954e-05)
(1.3421424e-06 -3.3348655e-06 0.00011231762)
(1.0180417e-06 -3.4742716e-06 0.00010932513)
(1.4851983e-06 -3.6456228e-06 4.5003658e-05)
(1.1310469e-06 -3.8014872e-06 4.3796616e-05)
(1.5186789e-06 -2.9243146e-06 0.00013378317)
(1.6011671e-06 -2.4477375e-06 0.00015522374)
(1.3502083e-06 -2.6167259e-06 0.00015108974)
(1.768397e-06 -3.369441e-06 7.8824866e-05)
(1.9681376e-06 -2.9892041e-06 0.00011230371)
(1.6672256e-06 -3.1944949e-06 0.00010930602)
(2.1633786e-06 -3.2656229e-06 4.4998499e-05)
(1.8402336e-06 -3.4888841e-06 4.3789805e-05)
(2.0750882e-06 -2.5471e-06 0.00013377031)
(1.8534232e-06 -2.2788841e-06 0.00015107015)
(2.3983133e-06 -2.9364097e-06 7.8819169e-05)
(2.2698223e-06 -2.7830628e-06 0.00010929785)
(2.4873939e-06 -3.041731e-06 4.3786487e-05)
(-2.0644863e-06 -2.5533116e-06 0.00012661704)
(-1.5893806e-06 -2.4543835e-06 0.00014693175)
(-1.8412531e-06 -2.2864796e-06 0.00014276735)
(-2.3903837e-06 -2.9397435e-06 7.459396e-05)
(-1.958102e-06 -2.9929939e-06 0.00010629668)
(-2.2595182e-06 -2.788148e-06 0.00010328118)
(-2.1573329e-06 -3.2669926e-06 4.2576842e-05)
(-2.4809851e-06 -3.0438444e-06 4.1361089e-05)
(-1.5073283e-06 -2.9286299e-06 0.00012663636)
(-1.0696386e-06 -2.7326345e-06 0.00014696309)
(-1.3363367e-06 -2.6227508e-06 0.00014279317)
(-1.7601944e-06 -3.371503e-06 7.4603922e-05)
(-1.3308912e-06 -3.3372886e-06 0.00010631483)
(-1.655999e-06 -3.1983738e-06 0.00010329609)
(-1.4785785e-06 -3.6462062e-06 4.2583198e-05)
(-1.8335378e-06 -3.4905414e-06 4.1366265e-05)
(-9.1086643e-07 -3.1800202e-06 0.00012666346)
(-5.3221166e-07 -2.8959529e-06 0.00014699371)
(-8.0178394e-07 -2.8434063e-06 0.00014282927)
(-1.0742858e-06 -3.6695136e-06 7.4618133e-05)
(-6.6928881e-07 -3.5461123e-06 0.00010633248)
(-1.0051808e-06 -3.4772488e-06 0.00010331715)
(-7.5002221e-07 -3.8821075e-06 4.2589342e-05)
(-1.1236489e-06 -3.8027622e-06 4.1373725e-05)
(-2.9987709e-07 -3.3038625e-06 0.00012668162)
(7.9109905e-09 -2.9484959e-06 0.00014700512)
(-2.6142553e-07 -2.9499053e-06 0.00014285372)
(-3.5799482e-07 -3.8206406e-06 7.4627313e-05)
(6.1825176e-09 -3.6152777e-06 0.00010633882)
(-3.3260365e-07 -3.616663e-06 0.00010333118)
(3.5938276e-09 -3.9619264e-06 4.2591458e-05)
(-3.7617264e-07 -3.9630087e-06 4.1378544e-05)
(3.139304e-07 -3.3028425e-06 0.00012667995)
(5.4757069e-07 -2.8935722e-06 0.00014699044)
(2.78184e-07 -2.948615e-06 0.00014285193)
(3.6775361e-07 -3.820067e-06 7.4626313e-05)
(6.8134491e-07 -3.5444931e-06 0.00010632994)
(3.4575232e-07 -3.6157753e-06 0.00010332984)
(7.5708406e-07 -3.8814878e-06 4.2588291e-05)
(3.8386753e-07 -3.9626576e-06 4.1378016e-05)
(9.2428798e-07 -3.1770352e-06 0.00012665926)
(1.0835724e-06 -2.728342e-06 0.00014696068)
(8.1775002e-07 -2.8395996e-06 0.00014282488)
(1.0837185e-06 -3.6678468e-06 7.4615487e-05)
(1.3419877e-06 -3.3343714e-06 0.00010631248)
(1.0178337e-06 -3.4746415e-06 0.00010331368)
(1.485291e-06 -3.6450759e-06 4.2582108e-05)
(1.1311741e-06 -3.8017554e-06 4.1372279e-05)
(1.5188283e-06 -2.92446e-06 0.00012663568)
(1.6013694e-06 -2.4486027e-06 0.00014693509)
(1.3499258e-06 -2.6174447e-06 0.00014279328)
(1.7685152e-06 -3.3691726e-06 7.4603023e-05)
(1.9679067e-06 -2.9890237e-06 0.0001062992)
(1.6669348e-06 -3.1947449e-06 0.00010329531)
(2.1635571e-06 -3.2654543e-06 4.2577194e-05)
(1.8403459e-06 -3.4891061e-06 4.1365752e-05)
(2.0750239e-06 -2.5475831e-06 0.00012662336)
(1.8537948e-06 -2.2790204e-06 0.00014277426)
(2.3983338e-06 -2.9364583e-06 7.4597584e-05)
(2.2699453e-06 -2.7829012e-06 0.00010328728)
(2.4876908e-06 -3.0417727e-06 4.13625e-05)
(-2.0632309e-06 -2.5541521e-06 0.00011945972)
(-1.5872692e-06 -2.4554795e-06 0.00013863179)
(-1.8408095e-06 -2.2891383e-06 0.00013446349)
(-2.3897451e-06 -2.9405997e-06 7.0365473e-05)
(-1.9565795e-06 -2.9940876e-06 0.00010028311)
(-2.2588902e-06 -2.7899501e-06 9.7265857e-05)
(-2.156617e-06 -3.267776e-06 4.0152042e-05)
(-2.4809342e-06 -3.0452303e-06 3.8936675e-05)
(-1.5051395e-06 -2.9301629e-06 0.00011947866)
(-1.066973e-06 -2.7341516e-06 0.0001386624)
(-1.3338486e-06 -2.6264738e-06 0.00013448908)
(-1.7589653e-06 -3.3730191e-06 7.0375292e-05)
(-1.3289411e-06 -3.3388932e-06 0.00010030097)
(-1.6539609e-06 -3.201273e-06 9.7280785e-05)
(-1.4776801e-06 -3.6474817e-06 4.0158348e-05)
(-1.8328118e-06 -3.4928904e-06 3.8941961e-05)
(-9.0858787e-07 -3.1818102e-06 0.00011950524)
(-5.300158e-07 -2.8975579e-06 0.00013869233)
(-7.9873962e-07 -2.8470944e-06 0.00013452485)
(-1.0729572e-06 -3.6715005e-06 7.0389358e-05)
(-6.6763267e-07 -3.5479723e-06 0.00010031842)
(-1.0028502e-06 -3.4805566e-06 9.7301859e-05)
(-7.4920348e-07 -3.8837821e-06 4.0164493e-05)
(-1.12275e-06 -3.8058968e-06 3.8949547e-05)
(-2.983906e-07 -3.3057455e-06 0.00011952312)
(8.8941507e-09 -2.9500284e-06 0.00013870355)
(-2.5949939e-07 -2.953158e-06 0.0001345491)
(-3.5703312e-07 -3.8229581e-06 7.0398577e-05)
(7.0060047e-09 -3.6171618e-06 0.00010032474)
(-3.3112392e-07 -3.6199755e-06 9.7315952e-05)
(4.1268484e-09 -3.9637401e-06 4.0166643e-05)
(-3.7549099e-07 -3.9665938e-06 3.8954489e-05)
(3.1424576e-07 -3.3045848e-06 0.00011952156)
(5.4731767e-07 -2.8948541e-06 0.0001386893)
(2.7825538e-07 -2.9517099e-06 0.00013454738)
(3.6814594e-07 -3.8222941e-06 7.0397635e-05)
(6.8131774e-07 -3.5461085e-06 0.00010031604)
(3.4590295e-07 -3.6189739e-06 9.7314649e-05)
(7.5732112e-07 -3.8830519e-06 4.0163493e-05)
(3.841948e-07 -3.9661942e-06 3.8953953e-05)
(9.2379135e-07 -3.1783948e-06 0.00011950133)
(1.0827915e-06 -2.7292492e-06 0.00013866025)
(8.16585e-07 -2.8428357e-06 0.00013452062)
(1.0837323e-06 -3.6695569e-06 7.038687e-05)
(1.3416094e-06 -3.3355011e-06 0.00010029882)
(1.0170486e-06 -3.4776236e-06 9.7298467e-05)
(1.4854151e-06 -3.6461226e-06 4.0157312e-05)
(1.1312466e-06 -3.8047506e-06 3.8948067e-05)
(1.5181606e-06 -2.9253863e-06 0.00011947813)
(1.6012365e-06 -2.4486112e-06 0.00013863514)
(1.3490981e-06 -2.6204869e-06 0.00013448899)
(1.7684201e-06 -3.3702938e-06 7.0374478e-05)
(1.9679569e-06 -2.9893027e-06 0.00010028561)
(1.6662846e-06 -3.1971533e-06 9.7279799e-05)
(2.1637809e-06 -3.2658914e-06 4.0152386e-05)
(1.8405215e-06 -3.4912417e-06 3.8941257e-05)
(2.0756666e-06 -2.5471769e-06 0.00011946588)
(1.8547081e-06 -2.2808757e-06 0.00013446993)
(2.3989789e-06 -2.9365894e-06 7.036898e-05)
(2.2704855e-06 -2.7841206e-06 9.7271465e-05)
(2.4884475e-06 -3.0429008e-06 3.8937838e-05)
(-2.063404e-06 -2.5577596e-06 0.00011229086)
(-1.5863744e-06 -2.4608049e-06 0.00013031793)
(-1.8407423e-06 -2.2913809e-06 0.00012614761)
(-2.3902912e-06 -2.9436516e-06 6.613168e-05)
(-1.955373e-06 -2.9977338e-06 9.4260827e-05)
(-2.2584986e-06 -2.7913922e-06 9.1240844e-05)
(-2.1565105e-06 -3.2707576e-06 3.772449e-05)
(-2.4810714e-06 -3.0466157e-06 3.6506498e-05)
(-1.5027835e-06 -2.9352179e-06 0.00011230985)
(-1.0640021e-06 -2.7400793e-06 0.0001303485)
(-1.3322349e-06 -2.6295239e-06 0.00012617235)
(-1.757902e-06 -3.3776484e-06 6.6141701e-05)
(-1.3264312e-06 -3.3435303e-06 9.4278794e-05)
(-1.6525533e-06 -3.2036634e-06 9.1255247e-05)
(-1.4768829e-06 -3.6517187e-06 3.7730911e-05)
(-1.8324234e-06 -3.4953614e-06 3.6511578e-05)
(-9.0547099e-07 -3.1869489e-06 0.00011233648)
(-5.271689e-07 -2.9028989e-06 0.00013037842)
(-7.9659226e-07 -2.8500257e-06 0.00012620694)
(-1.071379e-06 -3.6770431e-06 6.6156004e-05)
(-6.6541633e-07 -3.5527419e-06 9.4296359e-05)
(-1.0012055e-06 -3.4833469e-06 9.1275571e-05)
(-7.4840394e-07 -3.8888342e-06 3.7737171e-05)
(-1.1222215e-06 -3.8093247e-06 3.6518856e-05)
(-2.9646292e-07 -3.3103442e-06 0.00011235444)
(9.9135644e-09 -2.9548344e-06 0.00013038971)
(-2.5799915e-07 -2.9555603e-06 0.00012623042)
(-3.5594576e-07 -3.8287174e-06 6.616544e-05)
(7.8173261e-09 -3.6217858e-06 9.4302794e-05)
(-3.2998286e-07 -3.6227071e-06 9.1289135e-05)
(4.605446e-09 -3.9690477e-06 3.7739406e-05)
(-3.7500038e-07 -3.9704733e-06 3.6523576e-05)
(3.1414424e-07 -3.3090528e-06 0.000112353)
(5.4641256e-07 -2.8999071e-06 0.00013037563)
(2.7855894e-07 -2.9539729e-06 0.0001262289)
(3.683469e-07 -3.82798e-06 6.6164559e-05)
(6.8065481e-07 -3.5506818e-06 9.4294149e-05)
(3.4622888e-07 -3.6216093e-06 9.1287979e-05)
(7.574498e-07 -3.8880259e-06 3.7736225e-05)
(3.846198e-07 -3.9700338e-06 3.6523105e-05)
(9.2231759e-07 -3.1831868e-06 0.00011233286)
(1.0814694e-06 -2.7346572e-06 0.00013034658)
(8.1611367e-07 -2.8453771e-06 0.00012620325)
(1.0833307e-06 -3.6749078e-06 6.6153675e-05)
(1.3404554e-06 -3.3397991e-06 9.4276808e-05)
(1.0167821e-06 -3.4801436e-06 9.1272594e-05)
(1.4854654e-06 -3.6502369e-06 3.772992e-05)
(1.1315987e-06 -3.8080671e-06 3.6517568e-05)
(1.5173327e-06 -2.9298778e-06 0.00011230942)
(1.6013808e-06 -2.4535406e-06 0.00013032122)
(1.3489768e-06 -2.622934e-06 0.00012617274)
(1.7685155e-06 -3.3746137e-06 6.6140939e-05)
(1.9677351e-06 -2.9926897e-06 9.4263229e-05)
(1.6661382e-06 -3.1991244e-06 9.1254706e-05)
(2.1644469e-06 -3.2687461e-06 3.7724789e-05)
(1.840974e-06 -3.4935427e-06 3.651112e-05)
(2.0764676e-06 -2.5506459e-06 0.00011229676)
(1.8558013e-06 -2.2824709e-06 0.00012615409)
(2.4002217e-06 -2.9395275e-06 6.6134989e-05)
(2.2711222e-06 -2.7851106e-06 9.1246459e-05)
(2.4893415e-06 -3.0440922e-06 3.6507756e-05)
(-2.0628298e-06 -2.5579074e-06 0.00010512079)
(-1.5855473e-06 -2.4608074e-06 0.00012200304)
(-1.8407933e-06 -2.2919447e-06 0.00011784111)
(-2.3896287e-06 -2.9435987e-06 6.1894871e-05)
(-1.9547401e-06 -2.9979493e-06 8.8235836e-05)
(-2.2580085e-06 -2.7912651e-06 8.5222015e-05)
(-2.1563358e-06 -3.2716527e-06 3.5293922e-05)
(-2.480724e-06 -3.0466333e-06 3.4078843e-05)
(-1.502176e-06 -2.9357115e-06 0.00010513864)
(-1.0631468e-06 -2.7401675e-06 0.0001220319)
(-1.3321967e-06 -2.6300879e-06 0.0001178641)
(-1.7572719e-06 -3.3780808e-06 6.1904327e-05)
(-1.3258266e-06 -3.344102e-06 8.8252724e-05)
(-1.6521307e-06 -3.2035968e-06 8.5235385e-05)
(-1.4767263e-06 -3.6533961e-06 3.5299975e-05)
(-1.8321118e-06 -3.4956655e-06 3.4083615e-05)
(-9.0484645e-07 -3.1876987e-06 0.00010516369)
(-5.2633049e-07 -2.9029065e-06 0.00012206013)
(-7.9632449e-07 -2.8506035e-06 0.00011789623)
(-1.0708353e-06 -3.6779026e-06 6.1917818e-05)
(-6.6481396e-07 -3.5535032e-06 8.8269166e-05)
(-1.0007601e-06 -3.4833887e-06 8.5254224e-05)
(-7.4817343e-07 -3.8910919e-06 3.5305824e-05)
(-1.1219322e-06 -3.8099398e-06 3.4090439e-05)
(-2.9577039e-07 -3.3110936e-06 0.0001051805)
(1.0693721e-08 -2.9547012e-06 0.0001220708)
(-2.5735621e-07 -2.9560829e-06 0.00011791799)
(-3.5541231e-07 -3.8297067e-06 6.1926523e-05)
(8.4690964e-09 -3.6225312e-06 8.8275169e-05)
(-3.293866e-07 -3.6227518e-06 8.5266715e-05)
(5.0402627e-09 -3.9714595e-06 3.5307869e-05)
(-3.7462962e-07 -3.9712058e-06 3.4094783e-05)
(3.1489656e-07 -3.3096985e-06 0.0001051792)
(5.4711653e-07 -2.8996724e-06 0.00012205763)
(2.7960424e-07 -2.9543665e-06 0.00011791654)
(3.6891079e-07 -3.8289083e-06 6.1925726e-05)
(6.8134844e-07 -3.551272e-06 8.8267176e-05)
(3.4700709e-07 -3.6215656e-06 8.5265606e-05)
(7.5809029e-07 -3.8902099e-06 3.5304967e-05)
(3.8511681e-07 -3.9707291e-06 3.4094326e-05)
(9.2310494e-07 -3.1836254e-06 0.00010516045)
(1.0821259e-06 -2.7342747e-06 0.00012203032)
(8.1742148e-07 -2.8455922e-06 0.00011789268)
(1.0838725e-06 -3.6755792e-06 6.1915716e-05)
(1.3411272e-06 -3.3400231e-06 8.8251022e-05)
(1.0176324e-06 -3.4799366e-06 8.5251346e-05)
(1.4861775e-06 -3.6517577e-06 3.5299109e-05)
(1.1321441e-06 -3.8085779e-06 3.4089176e-05)
(1.5179534e-06 -2.9299176e-06 0.00010513847)
(1.6021577e-06 -2.4526942e-06 0.00012200641)
(1.3503545e-06 -2.6229326e-06 0.00011786423)
(1.7688304e-06 -3.3747644e-06 6.1903747e-05)
(1.9683965e-06 -2.9922998e-06 8.8238322e-05)
(1.6669148e-06 -3.1986695e-06 8.5234686e-05)
(2.1650884e-06 -3.26941e-06 3.52943e-05)
(1.8414658e-06 -3.4936843e-06 3.4083066e-05)
(2.0774601e-06 -2.5498395e-06 0.0001051266)
(1.8568845e-06 -2.2824895e-06 0.00011784703)
(2.4006475e-06 -2.9389392e-06 6.1898161e-05)
(2.2715721e-06 -2.7846013e-06 8.5227212e-05)
(2.4897059e-06 -3.0439311e-06 3.4079992e-05)
(-2.0629159e-06 -2.5581365e-06 9.7960262e-05)
(-1.5863952e-06 -2.4619162e-06 0.00011369902)
(-1.8408919e-06 -2.2907497e-06 0.00010953081)
(-2.3897226e-06 -2.9438695e-06 5.766356e-05)
(-1.9544673e-06 -2.9975319e-06 8.2218505e-05)
(-2.2579319e-06 -2.7901792e-06 7.9199483e-05)
(-2.1558627e-06 -3.2710713e-06 3.2866018e-05)
(-2.4805761e-06 -3.0460382e-06 3.1647816e-05)
(-1.5023021e-06 -2.9356767e-06 9.7976439e-05)
(-1.0637141e-06 -2.7412033e-06 0.00011372525)
(-1.3333505e-06 -2.628171e-06 0.00010955122)
(-1.7573417e-06 -3.37821e-06 5.7672139e-05)
(-1.3255776e-06 -3.3434962e-06 8.2233766e-05)
(-1.6528242e-06 -3.2017615e-06 7.9211218e-05)
(-1.476296e-06 -3.6526316e-06 3.2871485e-05)
(-1.8322666e-06 -3.4944933e-06 3.1651941e-05)
(-9.0475691e-07 -3.1875653e-06 9.7999106e-05)
(-5.2627292e-07 -2.9039864e-06 0.0001137509)
(-7.9756914e-07 -2.8487439e-06 0.00010957982)
(-1.0707371e-06 -3.6780051e-06 5.7684293e-05)
(-6.6438661e-07 -3.5528227e-06 8.2248606e-05)
(-1.0014998e-06 -3.4813484e-06 7.9227828e-05)
(-7.4774647e-07 -3.8901808e-06 3.2876733e-05)
(-1.1220565e-06 -3.8084088e-06 3.1657873e-05)
(-2.9522557e-07 -3.3109301e-06 9.8014298e-05)
(1.1600081e-08 -2.9557409e-06 0.00011376057)
(-2.5759204e-07 -2.954585e-06 0.00010959921)
(-3.5500911e-07 -3.8298102e-06 5.7692138e-05)
(9.1900406e-09 -3.6217836e-06 8.2254003e-05)
(-3.2942818e-07 -3.620819e-06 7.923888e-05)
(5.4723608e-09 -3.9704749e-06 3.2878572e-05)
(-3.7445953e-07 -3.9695746e-06 3.1661673e-05)
(3.1596979e-07 -3.3094223e-06 9.8013072e-05)
(5.4878551e-07 -2.9005024e-06 0.00011374854)
(2.8085449e-07 -2.9528039e-06 0.00010959794)
(3.6965532e-07 -3.8289497e-06 5.7691396e-05)
(6.8230004e-07 -3.5504246e-06 8.2246744e-05)
(3.4796517e-07 -3.619581e-06 7.9237931e-05)
(7.584982e-07 -3.8892302e-06 3.2875957e-05)
(3.8566379e-07 -3.9690703e-06 3.1661309e-05)
(9.2447592e-07 -3.1831946e-06 9.7996048e-05)
(1.0841448e-06 -2.7348661e-06 0.00011372373)
(8.1965387e-07 -2.8435411e-06 0.00010957679)
(1.0848235e-06 -3.6755217e-06 5.7682346e-05)
(1.3420711e-06 -3.3391389e-06 8.2232196e-05)
(1.019267e-06 -3.4777434e-06 7.9225418e-05)
(1.4865003e-06 -3.6508897e-06 3.2870739e-05)
(1.1329721e-06 -3.8069651e-06 3.1656894e-05)
(1.5194713e-06 -2.9293917e-06 9.7976261e-05)
(1.6038365e-06 -2.4535517e-06 0.00011370208)
(1.3524234e-06 -2.6207213e-06 0.00010955188)
(1.769964e-06 -3.3746312e-06 5.7671659e-05)
(1.9689549e-06 -2.9917269e-06 8.2220885e-05)
(1.6684424e-06 -3.196598e-06 7.9211109e-05)
(2.1653042e-06 -3.2687253e-06 3.2866481e-05)
(1.8422873e-06 -3.4923829e-06 3.1651819e-05)
(2.0779595e-06 -2.5501047e-06 9.7965653e-05)
(1.8578509e-06 -2.2808815e-06 0.00010953678)
(2.4013119e-06 -2.9391908e-06 5.7666732e-05)
(2.2722809e-06 -2.7831884e-06 7.9204865e-05)
(2.4901899e-06 -3.0431628e-06 3.1649282e-05)
(-2.0628601e-06 -2.5556365e-06 9.0793159e-05)
(-1.586855e-06 -2.4576803e-06 0.00010538704)
(-1.8406931e-06 -2.2883132e-06 0.00010122489)
(-2.3896448e-06 -2.9422082e-06 5.342851e-05)
(-1.9553987e-06 -2.9950071e-06 7.6195401e-05)
(-2.2575407e-06 -2.7879566e-06 7.3181197e-05)
(-2.1563749e-06 -3.2698648e-06 3.0435685e-05)
(-2.480081e-06 -3.044507e-06 2.9220422e-05)
(-1.504036e-06 -2.9319826e-06 9.0807084e-05)
(-1.0656196e-06 -2.7363799e-06 0.00010540987)
(-1.3349299e-06 -2.6246959e-06 0.00010124272)
(-1.758269e-06 -3.3753435e-06 5.343575e-05)
(-1.3273188e-06 -3.3402082e-06 7.6208542e-05)
(-1.6537374e-06 -3.1982814e-06 7.3191368e-05)
(-1.477047e-06 -3.6506766e-06 3.0440341e-05)
(-1.8323431e-06 -3.4917677e-06 2.9223953e-05)
(-9.0684231e-07 -3.1838364e-06 9.0826765e-05)
(-5.2785719e-07 -2.8995585e-06 0.00010543224)
(-7.9946273e-07 -2.8453007e-06 0.00010126776)
(-1.0717738e-06 -3.6745644e-06 5.3446253e-05)
(-6.6562872e-07 -3.5495294e-06 7.6221403e-05)
(-1.002636e-06 -3.4773216e-06 7.3205821e-05)
(-7.4814387e-07 -3.8879273e-06 3.0444874e-05)
(-1.122201e-06 -3.8047203e-06 2.9229066e-05)
(-2.96052e-07 -3.3077054e-06 9.0839971e-05)
(1.1711379e-08 -2.9516588e-06 0.00010544064)
(-2.5816522e-07 -2.9515431e-06 0.00010128474)
(-3.5530741e-07 -3.8263707e-06 5.3453069e-05)
(9.3883738e-09 -3.6186196e-06 7.622606e-05)
(-3.2969248e-07 -3.6167411e-06 7.3215458e-05)
(5.7588776e-09 -3.9681704e-06 3.0446445e-05)
(-3.7433182e-07 -3.9654433e-06 2.9232349e-05)
(3.1710903e-07 -3.3061926e-06 9.0838841e-05)
(5.5064662e-07 -2.8960669e-06 0.00010543007)
(2.8228234e-07 -2.9497032e-06 0.0001012835)
(3.7044054e-07 -3.8254933e-06 5.3452386e-05)
(6.8397535e-07 -3.5470931e-06 7.6219692e-05)
(3.4900577e-07 -3.6154546e-06 7.3214505e-05)
(7.5948151e-07 -3.886936e-06 3.0444166e-05)
(3.8615641e-07 -3.9649101e-06 2.923196e-05)
(9.2698237e-07 -3.179415e-06 9.0823959e-05)
(1.0865065e-06 -2.7299968e-06 0.00010540852)
(8.2239316e-07 -2.8399212e-06 0.00010126474)
(1.0864113e-06 -3.6720087e-06 5.3444468e-05)
(1.3443527e-06 -3.3357377e-06 7.6207134e-05)
(1.0211721e-06 -3.473572e-06 7.3203361e-05)
(1.4878715e-06 -3.648826e-06 3.0439683e-05)
(1.1337302e-06 -3.8031909e-06 2.9227998e-05)
(1.5215586e-06 -2.9256506e-06 9.080699e-05)
(1.6052461e-06 -2.4488579e-06 0.00010538998)
(1.3548059e-06 -2.6169704e-06 0.0001012429)
(1.7713331e-06 -3.3716684e-06 5.3435363e-05)
(1.970675e-06 -2.988793e-06 7.6197714e-05)
(1.6700878e-06 -3.1928928e-06 7.3190837e-05)
(2.1664291e-06 -3.2673176e-06 3.0436184e-05)
(1.8429532e-06 -3.4895207e-06 2.9223536e-05)
(2.079137e-06 -2.5468205e-06 9.0798278e-05)
(1.8584124e-06 -2.2780667e-06 0.00010123013)
(2.402091e-06 -2.937059e-06 5.3431564e-05)
(2.2725872e-06 -2.780657e-06 7.3185873e-05)
(2.4902606e-06 -3.0414519e-06 2.9221545e-05)
(-2.0623998e-06 -2.5535671e-06 8.3629655e-05)
(-1.5878307e-06 -2.4559501e-06 9.7079261e-05)
(-1.8408583e-06 -2.2876359e-06 9.2924755e-05)
(-2.3886695e-06 -2.9399086e-06 4.9195655e-05)
(-1.9550425e-06 -2.9917882e-06 7.0175833e-05)
(-2.2570886e-06 -2.7866351e-06 6.7167081e-05)
(-2.1554795e-06 -3.2667902e-06 2.8007456e-05)
(-2.4793095e-06 -3.0430159e-06 2.6794083e-05)
(-1.5048481e-06 -2.9288211e-06 8.3641948e-05)
(-1.0672744e-06 -2.7342331e-06 9.7099403e-05)
(-1.3355918e-06 -2.6236042e-06 9.294088e-05)
(-1.7581855e-06 -3.3717204e-06 4.9201973e-05)
(-1.3277087e-06 -3.3359505e-06 7.0187376e-05)
(-1.6537403e-06 -3.1962454e-06 6.717631e-05)
(-1.4765802e-06 -3.6461907e-06 2.8011466e-05)
(-1.8318506e-06 -3.4893647e-06 2.6797281e-05)
(-9.0782062e-07 -3.1802069e-06 8.3659275e-05)
(-5.2879229e-07 -2.8974762e-06 9.7119174e-05)
(-8.0002495e-07 -2.8440691e-06 9.2963566e-05)
(-1.0718982e-06 -3.6698782e-06 4.921101e-05)
(-6.6583275e-07 -3.5447043e-06 7.0198679e-05)
(-1.0026788e-06 -3.4747024e-06 6.718941e-05)
(-7.4780204e-07 -3.8823527e-06 2.8015367e-05)
(-1.1217973e-06 -3.8013378e-06 2.6801865e-05)
(-2.960749e-07 -3.3039309e-06 8.3670968e-05)
(1.245725e-08 -2.9495843e-06 9.7126609e-05)
(-2.5803899e-07 -2.9502053e-06 9.2978974e-05)
(-3.5509666e-07 -3.821084e-06 4.921696e-05)
(9.9684336e-09 -3.6135748e-06 7.0202778e-05)
(-3.2943826e-07 -3.6137261e-06 6.7198154e-05)
(6.0937219e-09 -3.9621829e-06 2.8016735e-05)
(-3.7400029e-07 -3.9613878e-06 2.6804839e-05)
(3.1845012e-07 -3.3023153e-06 8.3669947e-05)
(5.530036e-07 -2.8937582e-06 9.711724e-05)
(2.8330121e-07 -2.9482581e-06 9.2977872e-05)
(3.7114026e-07 -3.8201461e-06 4.9216335e-05)
(6.8528907e-07 -3.5421139e-06 7.0197126e-05)
(3.4966637e-07 -3.6123606e-06 6.7197311e-05)
(7.5978572e-07 -3.881288e-06 2.8014715e-05)
(3.8639166e-07 -3.9608097e-06 2.6804509e-05)
(9.291539e-07 -3.1755139e-06 8.3656752e-05)
(1.0893495e-06 -2.7274479e-06 9.7098287e-05)
(8.2404811e-07 -2.8383828e-06 9.2960935e-05)
(1.0873688e-06 -3.6671671e-06 4.9209385e-05)
(1.3456987e-06 -3.3312263e-06 7.0186131e-05)
(1.0220981e-06 -3.4707268e-06 6.7187277e-05)
(1.4879852e-06 -3.6442275e-06 2.801086e-05)
(1.1338838e-06 -3.7996827e-06 2.6800982e-05)
(1.5235516e-06 -2.9220332e-06 8.3641973e-05)
(1.6068375e-06 -2.4469339e-06 9.7082193e-05)
(1.3564997e-06 -2.615383e-06 9.2941379e-05)
(1.7721356e-06 -3.3677896e-06 4.9201651e-05)
(1.9709626e-06 -2.9854486e-06 7.0178073e-05)
(1.670952e-06 -3.1904941e-06 6.7176124e-05)
(2.1660808e-06 -3.2641249e-06 2.800793e-05)
(1.8430239e-06 -3.4869257e-06 2.6797115e-05)
(2.0788985e-06 -2.5448449e-06 8.3634589e-05)
(1.8594058e-06 -2.2768455e-06 9.2929815e-05)
(2.4015344e-06 -2.9347549e-06 4.9198557e-05)
(2.272872e-06 -2.7789334e-06 6.7171608e-05)
(2.4900271e-06 -3.0397395e-06 2.6795285e-05)
(-2.0624886e-06 -2.5535347e-06 7.6477953e-05)
(-1.5877101e-06 -2.4558952e-06 8.8785829e-05)
(-1.8407674e-06 -2.2877459e-06 8.4630432e-05)
(-2.3886794e-06 -2.9397092e-06 4.4969708e-05)
(-1.9549733e-06 -2.9916336e-06 6.416633e-05)
(-2.2570092e-06 -2.7866465e-06 6.1155814e-05)
(-2.1551234e-06 -3.2659623e-06 2.5582526e-05)
(-2.4793405e-06 -3.043e-06 2.436779e-05)
(-1.5046198e-06 -2.9287036e-06 7.6489381e-05)
(-1.0668821e-06 -2.7340427e-06 8.8804487e-05)
(-1.3349537e-06 -2.6240178e-06 8.4645499e-05)
(-1.7579845e-06 -3.3712855e-06 4.4975589e-05)
(-1.3273977e-06 -3.3355391e-06 6.4177097e-05)
(-1.6532518e-06 -3.1964682e-06 6.1164504e-05)
(-1.4761644e-06 -3.6448854e-06 2.5586282e-05)
(-1.8316733e-06 -3.4894027e-06 2.4370807e-05)
(-9.0738183e-07 -3.1797707e-06 7.6505534e-05)
(-5.2832026e-07 -2.8969853e-06 8.8822796e-05)
(-7.9919665e-07 -2.8445068e-06 8.4666723e-05)
(-1.0715515e-06 -3.6690167e-06 4.4984033e-05)
(-6.654436e-07 -3.5438897e-06 6.4187615e-05)
(-1.0020421e-06 -3.4749281e-06 6.1176864e-05)
(-7.4742871e-07 -3.8804852e-06 2.5589916e-05)
(-1.1215222e-06 -3.8013278e-06 2.4375167e-05)
(-2.9564637e-07 -3.3030988e-06 7.6516374e-05)
(1.2848071e-08 -2.948877e-06 8.8829646e-05)
(-2.5743477e-07 -2.9505551e-06 8.4681095e-05)
(-3.5476846e-07 -3.8197769e-06 4.4989493e-05)
(1.0295568e-08 -3.6125102e-06 6.4191394e-05)
(-3.2896661e-07 -3.6138587e-06 6.1185083e-05)
(6.320963e-09 -3.9600143e-06 2.5591172e-05)
(-3.7375934e-07 -3.9612805e-06 2.437797e-05)
(3.1876363e-07 -3.3014008e-06 7.6515393e-05)
(5.5334109e-07 -2.89308e-06 8.8820923e-05)
(2.8351186e-07 -2.9485008e-06 8.4679984e-05)
(3.7138509e-07 -3.818777e-06 4.4988902e-05)
(6.8558287e-07 -3.5411491e-06 6.4186127e-05)
(3.4983663e-07 -3.6124046e-06 6.1184238e-05)
(7.5988713e-07 -3.8793239e-06 2.5589312e-05)
(3.8653948e-07 -3.9606393e-06 2.4377642e-05)
(9.2949902e-07 -3.1748194e-06 7.6503102e-05)
(1.0898726e-06 -2.7268638e-06 8.8803273e-05)
(8.2403195e-07 -2.8385071e-06 8.4664002e-05)
(1.0876321e-06 -3.6661116e-06 4.4982493e-05)
(1.3461575e-06 -3.3304869e-06 6.4175842e-05)
(1.0221058e-06 -3.4706954e-06 6.1174685e-05)
(1.4880974e-06 -3.642722e-06 2.5585721e-05)
(1.1340011e-06 -3.7994954e-06 2.4374274e-05)
(1.5240392e-06 -2.9215198e-06 7.6489221e-05)
(1.6079426e-06 -2.4460432e-06 8.8788242e-05)
(1.3566905e-06 -2.6152764e-06 8.4645388e-05)
(1.7724761e-06 -3.367058e-06 4.4975228e-05)
(1.9718308e-06 -2.9846653e-06 6.4168234e-05)
(1.6711393e-06 -3.1903016e-06 6.1163923e-05)
(2.1662674e-06 -3.2630092e-06 2.5582962e-05)
(1.843268e-06 -3.4866974e-06 2.4370488e-05)
(2.0803377e-06 -2.5437813e-06 7.6482234e-05)
(1.8600481e-06 -2.2763441e-06 8.4634545e-05)
(2.4024052e-06 -2.9339403e-06 4.4972287e-05)
(2.2734286e-06 -2.7784595e-06 6.1159647e-05)
(2.4904982e-06 -3.0394192e-06 2.4368818e-05)
(-2.0622115e-06 -2.5536668e-06 6.9321626e-05)
(-1.5870784e-06 -2.4564834e-06 8.0488271e-05)
(-1.8410242e-06 -2.289298e-06 7.6326291e-05)
(-2.388539e-06 -2.939805e-06 4.0739489e-05)
(-1.9544594e-06 -2.9920314e-06 5.8152157e-05)
(-2.2575504e-06 -2.7882667e-06 5.5137055e-05)
(-2.1553243e-06 -3.2668181e-06 2.3154617e-05)
(-2.4801105e-06 -3.0443925e-06 2.1937947e-05)
(-1.5037034e-06 -2.9294241e-06 6.9332509e-05)
(-1.065777e-06 -2.7350922e-06 8.0505942e-05)
(-1.3336009e-06 -2.6265039e-06 7.6340721e-05)
(-1.7574684e-06 -3.3718892e-06 4.0745143e-05)
(-1.3265638e-06 -3.3364062e-06 5.8162484e-05)
(-1.6525465e-06 -3.199144e-06 5.5145503e-05)
(-1.4761149e-06 -3.646224e-06 2.3158267e-05)
(-1.8317829e-06 -3.4917339e-06 2.1940966e-05)
(-9.0633982e-07 -3.1808187e-06 6.9347917e-05)
(-5.2734485e-07 -2.8982622e-06 8.0523279e-05)
(-7.9740934e-07 -2.8470578e-06 7.6361054e-05)
(-1.070969e-06 -3.670044e-06 4.0753304e-05)
(-6.6471573e-07 -3.5450635e-06 5.8172597e-05)
(-1.0009605e-06 -3.478102e-06 5.5157518e-05)
(-7.4727054e-07 -3.8822385e-06 2.3161824e-05)
(-1.1213673e-06 -3.8044639e-06 2.1945294e-05)
(-2.9499198e-07 -3.3043425e-06 6.9358262e-05)
(1.3263826e-08 -2.9501727e-06 8.0529742e-05)
(-2.5651414e-07 -2.9528462e-06 7.6374836e-05)
(-3.5438446e-07 -3.8211267e-06 4.0758636e-05)
(1.0603031e-08 -3.6137508e-06 5.817624e-05)
(-3.2837687e-07 -3.6171489e-06 5.5165552e-05)
(6.477851e-09 -3.9619052e-06 2.316307e-05)
(-3.7361211e-07 -3.9648748e-06 2.1948128e-05)
(3.1882426e-07 -3.302533e-06 6.9357312e-05)
(5.5317562e-07 -2.894126e-06 8.0521441e-05)
(2.8305195e-07 -2.9506872e-06 7.6373813e-05)
(3.7145991e-07 -3.8200355e-06 4.0758076e-05)
(6.8545193e-07 -3.5421291e-06 5.8171171e-05)
(3.4961095e-07 -3.615591e-06 5.5164797e-05)
(7.6003118e-07 -3.8809341e-06 2.3161279e-05)
(3.8660286e-07 -3.9641457e-06 2.1947864e-05)
(9.291312e-07 -3.17556e-06 6.9345559e-05)
(1.0894764e-06 -2.7274822e-06 8.050461e-05)
(8.2277213e-07 -2.8407344e-06 7.6358583e-05)
(1.0874761e-06 -3.6668928e-06 4.0751855e-05)
(1.3458585e-06 -3.3310167e-06 5.8161239e-05)
(1.0214335e-06 -3.4735602e-06 5.5155612e-05)
(1.4883233e-06 -3.6438216e-06 2.3157785e-05)
(1.134072e-06 -3.8023798e-06 2.1944602e-05)
(1.5239168e-06 -2.92171e-06 6.9332183e-05)
(1.6076369e-06 -2.4463449e-06 8.0490186e-05)
(1.3559665e-06 -2.6172092e-06 7.6340711e-05)
(1.7725132e-06 -3.3672688e-06 4.0744785e-05)
(1.9716806e-06 -2.9847991e-06 5.8153804e-05)
(1.6709199e-06 -3.1924761e-06 5.5145197e-05)
(2.166779e-06 -3.2635878e-06 2.3155084e-05)
(1.843642e-06 -3.4886496e-06 2.1940936e-05)
(2.0800875e-06 -2.5438575e-06 6.9325338e-05)
(1.8610088e-06 -2.2771393e-06 7.632993e-05)
(2.402476e-06 -2.9338544e-06 4.0741847e-05)
(2.2745348e-06 -2.7794273e-06 5.5140653e-05)
(2.4916037e-06 -3.0403632e-06 2.1939111e-05)
(-2.0632712e-06 -2.5566883e-06 6.2156691e-05)
(-1.5865675e-06 -2.459981e-06 7.2180459e-05)
(-1.8415592e-06 -2.29092e-06 6.8012563e-05)
(-2.3900665e-06 -2.9428168e-06 3.6504851e-05)
(-1.9547632e-06 -2.9959647e-06 5.2131197e-05)
(-2.2584365e-06 -2.79013e-06 4.9111499e-05)
(-2.1559683e-06 -3.2697094e-06 2.0724062e-05)
(-2.4811878e-06 -3.0461307e-06 1.9505192e-05)
(-1.5025465e-06 -2.9338372e-06 6.2167183e-05)
(-1.0636661e-06 -2.7391253e-06 7.2197389e-05)
(-1.3326497e-06 -2.6289991e-06 6.802573e-05)
(-1.757467e-06 -3.376448e-06 3.651042e-05)
(-1.3255392e-06 -3.3414221e-06 5.2141182e-05)
(-1.6522547e-06 -3.2021188e-06 4.9119178e-05)
(-1.4760648e-06 -3.6503754e-06 2.0727635e-05)
(-1.8321978e-06 -3.4946254e-06 1.9507914e-05)
(-9.0450023e-07 -3.1854539e-06 6.2181997e-05)
(-5.2556102e-07 -2.90185e-06 7.221399e-05)
(-7.9602854e-07 -2.849503e-06 6.8044279e-05)
(-1.0703828e-06 -3.6755654e-06 3.6518375e-05)
(-6.6372485e-07 -3.5503664e-06 5.2150953e-05)
(-1.0002823e-06 -3.481584e-06 4.9130084e-05)
(-7.4709648e-07 -3.8872219e-06 2.0731114e-05)
(-1.1215054e-06 -3.8083227e-06 1.9511804e-05)
(-2.941314e-07 -3.3086335e-06 6.2191958e-05)
(1.3308873e-08 -2.953366e-06 7.2220169e-05)
(-2.5590681e-07 -2.9548462e-06 6.805679e-05)
(-3.5405673e-07 -3.8269388e-06 3.6523622e-05)
(1.0659936e-08 -3.6189898e-06 5.2154481e-05)
(-3.280746e-07 -3.6206322e-06 4.913731e-05)
(6.5312908e-09 -3.9671152e-06 2.0732363e-05)
(-3.7366899e-07 -3.9691531e-06 1.951432e-05)
(3.1807341e-07 -3.3067265e-06 6.2191036e-05)
(5.5156544e-07 -2.897516e-06 7.2212174e-05)
(2.8240637e-07 -2.9526134e-06 6.8055725e-05)
(3.7124827e-07 -3.8257405e-06 3.6523086e-05)
(6.8463365e-07 -3.5472133e-06 5.2149571e-05)
(3.4926429e-07 -3.6189871e-06 4.9136521e-05)
(7.599882e-07 -3.8857215e-06 2.0730606e-05)
(3.8660385e-07 -3.9683343e-06 1.9514032e-05)
(9.275538e-07 -3.1798686e-06 6.2179686e-05)
(1.0877989e-06 -2.7310724e-06 7.2195884e-05)
(8.2145755e-07 -2.8429387e-06 6.8041611e-05)
(1.0870945e-06 -3.6720828e-06 3.6516983e-05)
(1.3451824e-06 -3.3355635e-06 5.2139888e-05)
(1.0207817e-06 -3.476775e-06 4.9128033e-05)
(1.4884805e-06 -3.6475844e-06 2.0727181e-05)
(1.1341792e-06 -3.8059788e-06 1.9511024e-05)
(1.52308e-06 -2.9255976e-06 6.2166607e-05)
(1.6081224e-06 -2.4488221e-06 7.2181749e-05)
(1.3552398e-06 -2.6192691e-06 6.8024903e-05)
(1.7727008e-06 -3.371322e-06 3.6509981e-05)
(1.9726649e-06 -2.9878461e-06 5.2132453e-05)
(1.6707636e-06 -3.1950062e-06 4.9118284e-05)
(2.1677102e-06 -3.2659302e-06 2.0724473e-05)
(1.8440732e-06 -3.4911461e-06 1.9507594e-05)
(2.0823894e-06 -2.5455256e-06 6.2159663e-05)
(1.8620146e-06 -2.278059e-06 6.801492e-05)
(2.4046837e-06 -2.9359334e-06 3.650684e-05)
(2.2757523e-06 -2.78065e-06 4.9114079e-05)
(2.4928156e-06 -3.0416208e-06 1.9505981e-05)
(-2.0636702e-06 -2.557198e-06 5.497939e-05)
(-1.5866098e-06 -2.4606273e-06 6.3857834e-05)
(-1.8414827e-06 -2.2903512e-06 5.9697407e-05)
(-2.3903212e-06 -2.9431874e-06 3.2262398e-05)
(-1.9550083e-06 -2.996898e-06 4.6099241e-05)
(-2.2583915e-06 -2.7897011e-06 4.3085199e-05)
(-2.1567852e-06 -3.2714687e-06 1.828866e-05)
(-2.4811022e-06 -3.0458152e-06 1.7072391e-05)
(-1.5024993e-06 -2.9349668e-06 5.4988493e-05)
(-1.063365e-06 -2.740059e-06 6.3872651e-05)
(-1.3325368e-06 -2.6285371e-06 5.9708668e-05)
(-1.7574603e-06 -3.3775169e-06 3.2267213e-05)
(-1.3255217e-06 -3.3428916e-06 4.6107895e-05)
(-1.6522035e-06 -3.2019075e-06 4.3091719e-05)
(-1.4766223e-06 -3.6529932e-06 1.8291748e-05)
(-1.8321537e-06 -3.4946219e-06 1.707471e-05)
(-9.0431539e-07 -3.1868595e-06 5.5001383e-05)
(-5.2530763e-07 -2.9027118e-06 6.3887149e-05)
(-7.9601078e-07 -2.8490309e-06 5.9724519e-05)
(-1.0703451e-06 -3.6771198e-06 3.2274143e-05)
(-6.6369373e-07 -3.5520362e-06 4.6116316e-05)
(-1.0003298e-06 -3.4815185e-06 4.3100961e-05)
(-7.474448e-07 -3.8903797e-06 1.8294728e-05)
(-1.1215796e-06 -3.8086085e-06 1.7078021e-05)
(-2.9409675e-07 -3.3099714e-06 5.5009943e-05)
(1.3224235e-08 -2.9540943e-06 6.3892459e-05)
(-2.5611652e-07 -2.9542929e-06 5.9735136e-05)
(-3.541079e-07 -3.8285869e-06 3.2278562e-05)
(1.0557706e-08 -3.6206295e-06 4.6119272e-05)
(-3.2828559e-07 -3.6205739e-06 4.3107006e-05)
(6.4209889e-09 -3.9703722e-06 1.8295742e-05)
(-3.7384495e-07 -3.969526e-06 1.7080102e-05)
(3.1784635e-07 -3.3080006e-06 5.5009039e-05)
(5.511603e-07 -2.8982632e-06 6.3885329e-05)
(2.8193476e-07 -2.9520638e-06 5.9734112e-05)
(3.7108269e-07 -3.8273127e-06 3.2278035e-05)
(6.8440649e-07 -3.5487488e-06 4.6114944e-05)
(3.4888219e-07 -3.6189108e-06 4.3106259e-05)
(7.6011446e-07 -3.8887268e-06 1.8294224e-05)
(3.8635359e-07 -3.9686621e-06 1.7079839e-05)
(9.2719917e-07 -3.181092e-06 5.4999071e-05)
(1.0873634e-06 -2.7317721e-06 6.3870885e-05)
(8.2082894e-07 -2.8424679e-06 5.9721918e-05)
(1.0868434e-06 -3.6734261e-06 3.2272755e-05)
(1.3449853e-06 -3.3367881e-06 4.6106447e-05)
(1.0202848e-06 -3.4766525e-06 4.3099008e-05)
(1.4888201e-06 -3.6499344e-06 1.8291235e-05)
(1.1338452e-06 -3.8061362e-06 1.7077313e-05)
(1.5230717e-06 -2.9263709e-06 5.4987522e-05)
(1.6078752e-06 -2.4493467e-06 6.3858322e-05)
(1.3546822e-06 -2.6187536e-06 5.9707536e-05)
(1.7726473e-06 -3.3720372e-06 3.2266557e-05)
(1.9727068e-06 -2.9885745e-06 4.6099898e-05)
(1.6703001e-06 -3.1946758e-06 4.3090717e-05)
(2.1683979e-06 -3.267358e-06 1.8288866e-05)
(1.843689e-06 -3.4909434e-06 1.7074423e-05)
(2.0823465e-06 -2.5460435e-06 5.4981382e-05)
(1.8615728e-06 -2.2774471e-06 5.9698665e-05)
(2.4047111e-06 -2.9360978e-06 3.22638e-05)
(2.2753857e-06 -2.780097e-06 4.3086958e-05)
(2.492477e-06 -3.0410802e-06 1.7072958e-05)
(-2.0630939e-06 -2.5556225e-06 4.7812943e-05)
(-1.5863754e-06 -2.4589485e-06 5.5547663e-05)
(-1.8394428e-06 -2.2862194e-06 5.1387416e-05)
(-2.3897641e-06 -2.9418623e-06 2.8026307e-05)
(-1.9546629e-06 -2.9953248e-06 4.0076294e-05)
(-2.2564979e-06 -2.786032e-06 3.7061304e-05)
(-2.1558392e-06 -3.2693895e-06 1.5856637e-05)
(-2.4789289e-06 -3.0423126e-06 1.4638974e-05)
(-1.5023508e-06 -2.9331047e-06 4.7820472e-05)
(-1.0635347e-06 -2.7381882e-06 5.5559968e-05)
(-1.332016e-06 -2.6234841e-06 5.1396412e-05)
(-1.7572324e-06 -3.3759716e-06 2.803029e-05)
(-1.3255329e-06 -3.341144e-06 4.008339e-05)
(-1.6515338e-06 -3.1973142e-06 3.7066403e-05)
(-1.4760954e-06 -3.650657e-06 1.5859147e-05)
(-1.8308852e-06 -3.4902357e-06 1.4640746e-05)
(-9.0451826e-07 -3.1848773e-06 4.7831056e-05)
(-5.2575498e-07 -2.9008209e-06 5.5571946e-05)
(-7.9645964e-07 -2.8437641e-06 5.1409073e-05)
(-1.0704128e-06 -3.6754823e-06 2.8035916e-05)
(-6.6398482e-07 -3.55024e-06 4.0090242e-05)
(-1.0004761e-06 -3.4765231e-06 3.7073644e-05)
(-7.4734475e-07 -3.8878804e-06 1.5861524e-05)
(-1.1210567e-06 -3.8036344e-06 1.4643278e-05)
(-2.9454957e-07 -3.3079957e-06 4.7838025e-05)
(1.2621852e-08 -2.9522596e-06 5.5576224e-05)
(-2.5685485e-07 -2.9492306e-06 5.1417464e-05)
(-3.5441312e-07 -3.8269396e-06 2.8039474e-05)
(1.0061844e-08 -3.6188527e-06 4.0092569e-05)
(-3.2880205e-07 -3.6155878e-06 3.7078315e-05)
(6.1021271e-09 -3.9678153e-06 1.5862308e-05)
(-3.7395021e-07 -3.9643499e-06 1.4644826e-05)
(3.1721713e-07 -3.3060743e-06 4.783713e-05)
(5.5046366e-07 -2.896492e-06 5.55701e-05)
(2.8122623e-07 -2.9471147e-06 5.1416429e-05)
(3.7058454e-07 -3.8256779e-06 2.8038957e-05)
(6.837533e-07 -3.5470122e-06 4.0088874e-05)
(3.481928e-07 -3.6140064e-06 3.7077564e-05)
(7.5940034e-07 -3.8862068e-06 1.586103e-05)
(3.8565749e-07 -3.9635201e-06 1.4644559e-05)
(9.2641645e-07 -3.1792361e-06 4.7828717e-05)
(1.0865816e-06 -2.730094e-06 5.5557883e-05)
(8.1988085e-07 -2.8375338e-06 5.1406354e-05)
(1.0861705e-06 -3.6718123e-06 2.8034533e-05)
(1.3441927e-06 -3.3351198e-06 4.0081773e-05)
(1.0192623e-06 -3.4718954e-06 3.7071628e-05)
(1.4877459e-06 -3.6475453e-06 1.5858593e-05)
(1.13254e-06 -3.8012622e-06 1.4642543e-05)
(1.5220293e-06 -2.9246961e-06 4.7819056e-05)
(1.6071017e-06 -2.4477035e-06 5.5547184e-05)
(1.3528815e-06 -2.6142158e-06 5.1394553e-05)
(1.771712e-06 -3.3705251e-06 2.8029423e-05)
(1.9718149e-06 -2.9869729e-06 4.0076283e-05)
(1.6685473e-06 -3.1904502e-06 3.7064936e-05)
(2.1669777e-06 -3.2651928e-06 1.5856636e-05)
(1.8416794e-06 -3.4867133e-06 1.4640269e-05)
(2.08153e-06 -2.5442986e-06 4.7813769e-05)
(1.8584101e-06 -2.273965e-06 5.1387265e-05)
(2.4038034e-06 -2.9346264e-06 2.8027054e-05)
(2.2725168e-06 -2.7768963e-06 3.706203e-05)
(2.4896115e-06 -3.0377794e-06 1.4639198e-05)
(-2.0597266e-06 -2.5493847e-06 4.0649228e-05)
(-1.5840952e-06 -2.4514433e-06 4.7240788e-05)
(-1.8363502e-06 -2.2798881e-06 4.3088153e-05)
(-2.3860952e-06 -2.9358194e-06 2.3791281e-05)
(-1.9524778e-06 -2.988625e-06 3.4055176e-05)
(-2.2531237e-06 -2.779828e-06 3.1045751e-05)
(-2.1533651e-06 -3.2635671e-06 1.3425124e-05)
(-2.4751599e-06 -3.0364536e-06 1.2210962e-05)
(-1.5013029e-06 -2.9253093e-06 4.0654869e-05)
(-1.0633542e-06 -2.7297425e-06 4.7250205e-05)
(-1.331573e-06 -2.6157004e-06 4.3095111e-05)
(-1.7553902e-06 -3.3682846e-06 2.3794166e-05)
(-1.3250459e-06 -3.3332935e-06 3.4060473e-05)
(-1.6503735e-06 -3.1894523e-06 3.1049633e-05)
(-1.4748612e-06 -3.6436218e-06 1.3426961e-05)
(-1.8286855e-06 -3.4827146e-06 1.2212295e-05)
(-9.0490736e-07 -3.1765868e-06 4.0662884e-05)
(-5.2653651e-07 -2.8924016e-06 4.7259347e-05)
(-7.9754968e-07 -2.8357226e-06 4.3104919e-05)
(-1.06988e-06 -3.6668481e-06 2.3798387e-05)
(-6.6438721e-07 -3.5420584e-06 3.4065589e-05)
(-1.0007266e-06 -3.4678606e-06 3.1055162e-05)
(-7.4704329e-07 -3.8802278e-06 1.3428708e-05)
(-1.1201023e-06 -3.7948664e-06 1.2214208e-05)
(-2.9535047e-07 -3.2999119e-06 4.0668075e-05)
(1.1770178e-08 -2.9441098e-06 4.7262469e-05)
(-2.5815909e-07 -2.941545e-06 4.3111382e-05)
(-3.547e-07 -3.8181043e-06 2.3800988e-05)
(9.3454854e-09 -3.6107487e-06 3.4067217e-05)
(-3.2961441e-07 -3.6068332e-06 3.1058709e-05)
(5.6158876e-09 -3.9600556e-06 1.342923e-05)
(-3.7403747e-07 -3.9550561e-06 1.2215379e-05)
(3.1644732e-07 -3.2981361e-06 4.0667198e-05)
(5.4954097e-07 -2.8884002e-06 4.7257495e-05)
(2.8027833e-07 -2.9396542e-06 4.3110414e-05)
(3.6966571e-07 -3.8169479e-06 2.3800489e-05)
(6.8272155e-07 -3.5390919e-06 3.4064241e-05)
(3.4716539e-07 -3.6054348e-06 3.1058019e-05)
(7.5812708e-07 -3.8787096e-06 1.3428234e-05)
(3.8457704e-07 -3.9543403e-06 1.2215145e-05)
(9.2522547e-07 -3.1713905e-06 4.0660547e-05)
(1.0846813e-06 -2.7223026e-06 4.7247848e-05)
(8.1876983e-07 -2.8301578e-06 4.3102345e-05)
(1.0844261e-06 -3.6634962e-06 2.3797035e-05)
(1.3422625e-06 -3.3277945e-06 3.4058731e-05)
(1.0177115e-06 -3.4637699e-06 3.10533e-05)
(1.4855386e-06 -3.6408181e-06 1.3426387e-05)
(1.130439e-06 -3.7928236e-06 1.2213571e-05)
(1.5195122e-06 -2.9175963e-06 4.0653063e-05)
(1.6029736e-06 -2.4413188e-06 4.7239416e-05)
(1.3503503e-06 -2.6074986e-06 4.3093064e-05)
(1.7687511e-06 -3.363329e-06 2.3793141e-05)
(1.9681296e-06 -2.9811303e-06 3.4054591e-05)
(1.6656674e-06 -3.1834376e-06 3.1048162e-05)
(2.163549e-06 -3.2598114e-06 1.3424969e-05)
(1.8383699e-06 -3.4796929e-06 1.2211897e-05)
(2.076305e-06 -2.5393488e-06 4.0648997e-05)
(1.8533454e-06 -2.2690525e-06 4.3087128e-05)
(2.3988114e-06 -2.9293957e-06 2.3791484e-05)
(2.267497e-06 -2.7717882e-06 3.1045906e-05)
(2.484747e-06 -3.0325241e-06 1.2211092e-05)
(-2.056476e-06 -2.5429028e-06 3.3471484e-05)
(-1.5828156e-06 -2.4446813e-06 3.8920929e-05)
(-1.843613e-06 -2.2869006e-06 3.4811638e-05)
(-2.381588e-06 -2.9285359e-06 1.954326e-05)
(-1.9501503e-06 -2.9811874e-06 2.8019929e-05)
(-2.2632325e-06 -2.7906542e-06 2.5039586e-05)
(-2.1498982e-06 -3.2559837e-06 1.0984393e-05)
(-2.4840847e-06 -3.0464012e-06 9.7784204e-06)
(-1.5006311e-06 -2.9172408e-06 3.3475963e-05)
(-1.0642099e-06 -2.7222001e-06 3.8928372e-05)
(-1.3381872e-06 -2.6233553e-06 3.4817307e-05)
(-1.7530953e-06 -3.359121e-06 1.9545555e-05)
(-1.3246791e-06 -3.3245452e-06 2.8024107e-05)
(-1.658762e-06 -3.2013151e-06 2.5042818e-05)
(-1.4729918e-06 -3.6343406e-06 1.0985833e-05)
(-1.8357061e-06 -3.4934994e-06 9.7795959e-06)
(-9.0578481e-07 -3.1679286e-06 3.3482268e-05)
(-5.2816878e-07 -2.8849476e-06 3.8935588e-05)
(-8.0263072e-07 -2.8442021e-06 3.4825265e-05)
(-1.069216e-06 -3.6564036e-06 1.9548798e-05)
(-6.650778e-07 -3.5327687e-06 2.802813e-05)
(-1.0066163e-06 -3.4805626e-06 2.5047384e-05)
(-7.465052e-07 -3.869807e-06 1.0987202e-05)
(-1.1247444e-06 -3.8060504e-06 9.7812442e-06)
(-2.9664079e-07 -3.2912967e-06 3.3486371e-05)
(1.0370401e-08 -2.936974e-06 3.893799e-05)
(-2.6084483e-07 -2.9506819e-06 3.483048e-05)
(-3.551436e-07 -3.8071333e-06 1.9550857e-05)
(8.222662e-09 -3.6014793e-06 2.8029378e-05)
(-3.3237557e-07 -3.6200906e-06 2.505031e-05)
(4.9349614e-09 -3.9493357e-06 1.0987628e-05)
(-3.760677e-07 -3.9664283e-06 9.7822946e-06)
(3.152162e-07 -3.2897828e-06 3.3485571e-05)
(5.484223e-07 -2.8815093e-06 3.8933874e-05)
(2.8033854e-07 -2.9490566e-06 3.4829621e-05)
(3.683039e-07 -3.8061722e-06 1.9550411e-05)
(6.8120344e-07 -3.5302612e-06 2.8026904e-05)
(3.4777535e-07 -3.6189125e-06 2.5049703e-05)
(7.5624562e-07 -3.868577e-06 1.098679e-05)
(3.8522776e-07 -3.9658592e-06 9.7820949e-06)
(9.2367987e-07 -3.1634883e-06 3.3480116e-05)
(1.0829417e-06 -2.7158474e-06 3.8926049e-05)
(8.2129517e-07 -2.8394107e-06 3.4822952e-05)
(1.0820247e-06 -3.6536102e-06 1.9547588e-05)
(1.3397946e-06 -3.3199167e-06 2.8022462e-05)
(1.0215027e-06 -3.4771078e-06 2.5045737e-05)
(1.4823723e-06 -3.6320646e-06 1.0985333e-05)
(1.1337321e-06 -3.8044257e-06 9.7806992e-06)
(1.516501e-06 -2.9107471e-06 3.3474112e-05)
(1.5994482e-06 -2.4359426e-06 3.8919171e-05)
(1.3544981e-06 -2.6163883e-06 3.481525e-05)
(1.7647501e-06 -3.355042e-06 1.9544581e-05)
(1.9639108e-06 -2.9747977e-06 2.801914e-05)
(1.6720031e-06 -3.1962992e-06 2.5041421e-05)
(2.1588171e-06 -3.2529009e-06 1.0984238e-05)
(1.8440529e-06 -3.4911095e-06 9.7792484e-06)
(2.0712937e-06 -2.5340933e-06 3.3470724e-05)
(1.8584842e-06 -2.2774659e-06 3.4810279e-05)
(2.3928937e-06 -2.9230154e-06 1.9543233e-05)
(2.2757726e-06 -2.7837302e-06 2.5039536e-05)
(2.4923813e-06 -3.0431753e-06 9.7785583e-06)
(-2.0781204e-06 -2.5684683e-06 2.6484535e-05)
(-1.5983973e-06 -2.4666822e-06 3.0811174e-05)
(-1.8752154e-06 -2.3246646e-06 2.6385454e-05)
(-2.4058169e-06 -2.9574272e-06 1.5428335e-05)
(-1.9711361e-06 -3.0114956e-06 2.2157112e-05)
(-2.2946009e-06 -2.8283082e-06 1.8974049e-05)
(-2.1693472e-06 -3.2843143e-06 8.6357349e-06)
(-2.5173323e-06 -3.0865682e-06 7.3847277e-06)
(-1.5170557e-06 -2.9462288e-06 2.6488311e-05)
(-1.0753625e-06 -2.7465161e-06 3.0817333e-05)
(-1.3622161e-06 -2.6664888e-06 2.6389688e-05)
(-1.771317e-06 -3.3918887e-06 1.5430331e-05)
(-1.3394533e-06 -3.3580647e-06 2.2160679e-05)
(-1.6824908e-06 -3.2443554e-06 1.8976514e-05)
(-1.4865581e-06 -3.6656116e-06 8.6370756e-06)
(-1.8606484e-06 -3.5394439e-06 7.3856966e-06)
(-9.1633141e-07 -3.1992605e-06 2.649361e-05)
(-5.3446431e-07 -2.9107091e-06 3.0823255e-05)
(-8.1817872e-07 -2.8912114e-06 2.6395534e-05)
(-1.080738e-06 -3.6917892e-06 1.543318e-05)
(-6.7310641e-07 -3.5682486e-06 2.2164086e-05)
(-1.0218412e-06 -3.5274174e-06 1.8979948e-05)
(-7.5373628e-07 -3.9028128e-06 8.6383494e-06)
(-1.1405036e-06 -3.8559956e-06 7.3870775e-06)
(-3.0094871e-07 -3.3238385e-06 2.6496992e-05)
(9.1436846e-09 -2.9633577e-06 3.0825178e-05)
(-2.6706638e-07 -2.9998639e-06 2.6399243e-05)
(-3.5960424e-07 -3.8438397e-06 1.5434942e-05)
(7.1934518e-09 -3.6377232e-06 2.2165116e-05)
(-3.3833131e-07 -3.6690146e-06 1.8982077e-05)
(4.2359472e-09 -3.9829788e-06 8.638739e-06)
(-3.8194186e-07 -4.0184526e-06 7.3879577e-06)
(3.1726823e-07 -3.322548e-06 2.6496293e-05)
(5.5228258e-07 -2.9077474e-06 3.0821744e-05)
(2.8385354e-07 -2.9985013e-06 2.6398506e-05)
(3.7103465e-07 -3.843053e-06 1.5434553e-05)
(6.8718603e-07 -3.5661392e-06 2.2163008e-05)
(3.5145517e-07 -3.6680524e-06 1.8981547e-05)
(7.6208803e-07 -3.90186e-06 8.6379833e-06)
(3.8956478e-07 -4.0180243e-06 7.3877717e-06)
(9.3199427e-07 -3.195472e-06 2.6491709e-05)
(1.0916954e-06 -2.7410725e-06 3.0815184e-05)
(8.3418508e-07 -2.8872017e-06 2.6393524e-05)
(1.0918337e-06 -3.689498e-06 1.5432114e-05)
(1.3525448e-06 -3.3541893e-06 2.2159183e-05)
(1.034488e-06 -3.5245975e-06 1.8978482e-05)
(1.4945656e-06 -3.6638507e-06 8.6366164e-06)
(1.1479747e-06 -3.8547769e-06 7.3865556e-06)
(1.530742e-06 -2.9407435e-06 2.6486539e-05)
(1.6126629e-06 -2.4592075e-06 3.0809367e-05)
(1.37605e-06 -2.660766e-06 2.6387646e-05)
(1.7812871e-06 -3.3885733e-06 1.5429416e-05)
(1.9828854e-06 -3.0061262e-06 2.2156311e-05)
(1.6936298e-06 -3.2403335e-06 1.8975015e-05)
(2.1768984e-06 -3.2818969e-06 8.6355811e-06)
(1.8675401e-06 -3.5376616e-06 7.3851981e-06)
(2.090734e-06 -2.5609406e-06 2.6483652e-05)
(1.8876996e-06 -2.316987e-06 2.6383505e-05)
(2.415418e-06 -2.9528399e-06 1.5428259e-05)
(2.305074e-06 -2.8227622e-06 1.8973064e-05)
(2.5241621e-06 -3.0841117e-06 7.3843745e-06)
(-2.11658e-06 -2.6148273e-06 1.853865e-05)
(-1.6369383e-06 -2.5233323e-06 2.1609976e-05)
(-1.8785476e-06 -2.3273998e-06 1.8082609e-05)
(-2.446188e-06 -3.0063398e-06 1.0717228e-05)
(-2.0047355e-06 -3.0611249e-06 1.5466916e-05)
(-2.3165858e-06 -2.8539547e-06 1.2866975e-05)
(-2.2080265e-06 -3.3420114e-06 5.9166556e-06)
(-2.5398304e-06 -3.1131899e-06 4.7812852e-06)
(-1.5462571e-06 -2.9994259e-06 1.8541011e-05)
(-1.1027522e-06 -2.8098436e-06 2.1613749e-05)
(-1.3659827e-06 -2.6690339e-06 1.8085085e-05)
(-1.8017666e-06 -3.4481134e-06 1.0718567e-05)
(-1.3632841e-06 -3.4135962e-06 1.5469157e-05)
(-1.6998731e-06 -3.2730997e-06 1.2868611e-05)
(-1.5136539e-06 -3.7301347e-06 5.9175809e-06)
(-1.8779925e-06 -3.5694575e-06 4.7820445e-06)
(-9.3524389e-07 -3.2574605e-06 1.8544206e-05)
(-5.4942759e-07 -2.9784841e-06 2.1617246e-05)
(-8.2183435e-07 -2.8938516e-06 1.8088174e-05)
(-1.1002097e-06 -3.7532459e-06 1.0720441e-05)
(-6.8609623e-07 -3.6276493e-06 1.5471231e-05)
(-1.0336132e-06 -3.5582598e-06 1.2870628e-05)
(-7.6812834e-07 -3.9716739e-06 5.9184929e-06)
(-1.1518051e-06 -3.8880561e-06 4.7829921e-06)
(-3.0837414e-07 -3.3848933e-06 1.8546129e-05)
(7.6657286e-09 -3.0328982e-06 2.1618267e-05)
(-2.6930638e-07 -3.0028617e-06 1.8089826e-05)
(-3.6697987e-07 -3.9081523e-06 1.0721593e-05)
(5.9488278e-09 -3.698631e-06 1.5471791e-05)
(-3.4315361e-07 -3.7010058e-06 1.2871622e-05)
(3.3994548e-09 -4.0534229e-06 5.9187859e-06)
(-3.8632699e-07 -4.0513935e-06 4.7834198e-06)
(3.2196684e-07 -3.3838582e-06 1.8545602e-05)
(5.6432574e-07 -2.9760895e-06 2.1616109e-05)
(2.8383506e-07 -3.0016732e-06 1.8089326e-05)
(3.7632479e-07 -3.9075487e-06 1.0721299e-05)
(6.9771591e-07 -3.6259911e-06 1.5470407e-05)
(3.5428638e-07 -3.700189e-06 1.2871279e-05)
(7.7482125e-07 -3.9709895e-06 5.918216e-06)
(3.924709e-07 -4.0510617e-06 4.7833138e-06)
(9.482413e-07 -3.2544379e-06 1.8542767e-05)
(1.1163168e-06 -2.8055326e-06 2.1612064e-05)
(8.3570171e-07 -2.8903023e-06 1.8086822e-05)
(1.109259e-06 -3.7514916e-06 1.0719627e-05)
(1.3740283e-06 -3.4106097e-06 1.5467901e-05)
(1.0443598e-06 -3.5558313e-06 1.2869743e-05)
(1.520044e-06 -3.7288804e-06 5.9171701e-06)
(1.1578477e-06 -3.887103e-06 4.7827369e-06)
(1.5575502e-06 -2.9951752e-06 1.8539491e-05)
(1.6487547e-06 -2.5175667e-06 2.1608092e-05)
(1.3776662e-06 -2.6639476e-06 1.8083757e-05)
(1.8098563e-06 -3.4456268e-06 1.0717698e-05)
(2.0143633e-06 -3.0570841e-06 1.546553e-05)
(1.7090749e-06 -3.2696352e-06 1.2868057e-05)
(2.2140328e-06 -3.3402997e-06 5.9161795e-06)
(1.8834393e-06 -3.5680592e-06 4.7821121e-06)
(2.1269487e-06 -2.6091596e-06 1.853687e-05)
(1.8891294e-06 -2.3200294e-06 1.8081446e-05)
(2.4539271e-06 -3.0029317e-06 1.0716211e-05)
(2.3253408e-06 -2.8487058e-06 1.2867562e-05)
(2.5452968e-06 -3.1110626e-06 4.7818745e-06)
(-2.115213e-06 -2.6111981e-06 1.3628433e-05)
(-1.6110473e-06 -2.480299e-06 1.5829857e-05)
(-1.7872658e-06 -2.2126883e-06 8.9485712e-06)
(-2.4568898e-06 -3.0177378e-06 7.9503803e-06)
(-2.0123525e-06 -3.0686807e-06 1.1425221e-05)
(-2.0854171e-06 -2.5694674e-06 6.663212e-06)
(-2.2093643e-06 -3.3412216e-06 4.4243201e-06)
(-2.3284136e-06 -2.8533435e-06 2.783196e-06)
(-1.5469545e-06 -2.9938879e-06 1.3630634e-05)
(-1.086662e-06 -2.7609348e-06 1.583272e-05)
(-1.300785e-06 -2.5378492e-06 8.9489057e-06)
(-1.8109248e-06 -3.4598148e-06 7.9520355e-06)
(-1.3699321e-06 -3.4207285e-06 1.1427342e-05)
(-1.5297586e-06 -2.9467824e-06 6.6637734e-06)
(-1.5153644e-06 -3.7279657e-06 4.4256489e-06)
(-1.7219027e-06 -3.2704357e-06 2.7838768e-06)
(-9.3714629e-07 -3.2505051e-06 1.3633124e-05)
(-5.4240596e-07 -2.9261485e-06 1.583498e-05)
(-7.8397123e-07 -2.7518617e-06 8.9488526e-06)
(-1.1067991e-06 -3.7645979e-06 7.9539443e-06)
(-6.9044117e-07 -3.634349e-06 1.1428949e-05)
(-9.3026354e-07 -3.2022905e-06 6.664169e-06)
(-7.6955536e-07 -3.9681121e-06 4.4266211e-06)
(-1.0563323e-06 -3.5603076e-06 2.7846642e-06)
(-3.0982979e-07 -3.3772998e-06 1.3634215e-05)
(6.8826546e-09 -2.979538e-06 1.5835489e-05)
(-2.5779734e-07 -2.8555976e-06 8.9483121e-06)
(-3.698132e-07 -3.9190198e-06 7.954708e-06)
(5.1986222e-09 -3.7051988e-06 1.1429279e-05)
(-3.092036e-07 -3.3294984e-06 6.6640894e-06)
(2.7537719e-09 -4.0492745e-06 4.4268298e-06)
(-3.5464917e-07 -3.7079781e-06 2.7850813e-06)
(3.218999e-07 -3.3763291e-06 1.3633847e-05)
(5.5580684e-07 -2.9238232e-06 1.5834166e-05)
(2.6985501e-07 -2.8546167e-06 8.9477663e-06)
(3.7777693e-07 -3.9184752e-06 7.9545078e-06)
(7.0060649e-07 -3.6327802e-06 1.1428444e-05)
(3.1824309e-07 -3.3288341e-06 6.6636885e-06)
(7.7498158e-07 -3.9675248e-06 4.4264658e-06)
(3.5926232e-07 -3.7077194e-06 2.7849258e-06)
(9.4877104e-07 -3.2475716e-06 1.363217e-05)
(1.0987696e-06 -2.7565577e-06 1.5831491e-05)
(7.9544882e-07 -2.7489274e-06 8.9472874e-06)
(1.1145708e-06 -3.7629679e-06 7.9534793e-06)
(1.3792553e-06 -3.4177718e-06 1.142691e-05)
(9.389692e-07 -3.2003101e-06 6.6629293e-06)
(1.5205451e-06 -3.7268344e-06 4.4256882e-06)
(1.0608681e-06 -3.5595619e-06 2.7841706e-06)
(1.556554e-06 -2.9895989e-06 1.3629916e-05)
(1.6212629e-06 -2.4737608e-06 1.5828962e-05)
(1.3104576e-06 -2.5335191e-06 8.9461472e-06)
(1.8175278e-06 -3.4574641e-06 7.9520974e-06)
(2.0204576e-06 -3.0641565e-06 1.1426319e-05)
(1.5372325e-06 -2.9438655e-06 6.6610617e-06)
(2.2141516e-06 -3.3394866e-06 4.4251909e-06)
(1.7259796e-06 -3.2692919e-06 2.7825588e-06)
(2.1241943e-06 -2.60426e-06 1.3629334e-05)
(1.795813e-06 -2.2063304e-06 8.9440243e-06)
(2.4634894e-06 -3.0138671e-06 7.9522778e-06)
(2.0923095e-06 -2.5650163e-06 6.6574677e-06)
(2.3324551e-06 -2.8515881e-06 2.7804886e-06)
(-1.6140056e-06 -1.9961699e-06 -2.4207154e-06)
(-1.4600133e-06 -2.247413e-06 -2.5176899e-06)
(-1.0350089e-06 -1.2782046e-06 9.3394842e-06)
(-2.0735235e-06 -2.547227e-06 -2.0366922e-06)
(-1.5965054e-06 -2.4404224e-06 -2.3259745e-06)
(-1.2755038e-06 -1.5682247e-06 -8.607457e-07)
(-1.8384738e-06 -2.7804617e-06 -1.7457848e-06)
(-1.4249195e-06 -1.7439766e-06 2.2979692e-06)
(-1.1765569e-06 -2.290571e-06 -2.4251622e-06)
(-9.8557098e-07 -2.5032111e-06 -2.5241206e-06)
(-7.5624384e-07 -1.4639918e-06 9.3789358e-06)
(-1.5278157e-06 -2.9206002e-06 -2.0394165e-06)
(-1.0849859e-06 -2.7202344e-06 -2.3302247e-06)
(-9.3864653e-07 -1.7961163e-06 -8.5725051e-07)
(-1.260648e-06 -3.1003324e-06 -1.7479447e-06)
(-1.0555714e-06 -1.997117e-06 2.3233567e-06)
(-7.1087993e-07 -2.4854955e-06 -2.431409e-06)
(-4.9297648e-07 -2.6536244e-06 -2.5305496e-06)
(-4.5735883e-07 -1.5866736e-06 9.4260675e-06)
(-9.3377818e-07 -3.1764098e-06 -2.0431114e-06)
(-5.4640485e-07 -2.888338e-06 -2.3344059e-06)
(-5.7237789e-07 -1.9504803e-06 -8.520419e-07)
(-6.4030495e-07 -3.2972335e-06 -1.7497665e-06)
(-6.4855896e-07 -2.172699e-06 2.3550427e-06)
(-2.3476352e-07 -2.5804419e-06 -2.435784e-06)
(5.1775539e-09 -2.7022823e-06 -2.5335622e-06)
(-1.5052703e-07 -1.6460056e-06 9.4523361e-06)
(-3.1232294e-07 -3.3047654e-06 -2.0454272e-06)
(3.8423195e-09 -2.943699e-06 -2.3363705e-06)
(-1.9051352e-07 -2.0268645e-06 -8.474032e-07)
(1.860634e-09 -3.3633233e-06 -1.7504938e-06)
(-2.1800865e-07 -2.2616716e-06 2.374034e-06)
(2.4379864e-07 -2.5797582e-06 -2.436391e-06)
(5.0303658e-07 -2.6520509e-06 -2.5319071e-06)
(1.5805946e-07 -1.6453718e-06 9.452397e-06)
(3.1805207e-07 -3.3043939e-06 -2.0458071e-06)
(5.5391193e-07 -2.8872769e-06 -2.3355905e-06)
(1.9604685e-07 -2.0264345e-06 -8.4755287e-07)
(6.439724e-07 -3.2968276e-06 -1.7502946e-06)
(2.205572e-07 -2.2615139e-06 2.3741915e-06)
(7.1944504e-07 -2.4835049e-06 -2.4333447e-06)
(9.9469636e-07 -2.5002902e-06 -2.5273322e-06)
(4.6426436e-07 -1.5849273e-06 9.4263047e-06)
(9.3929141e-07 -3.1753244e-06 -2.0444499e-06)
(1.0919378e-06 -2.7182545e-06 -2.3338304e-06)
(5.7748351e-07 -1.949293e-06 -8.5261615e-07)
(1.2641484e-06 -3.0995463e-06 -1.7498487e-06)
(6.509579e-07 -2.1722825e-06 2.3554407e-06)
(1.1841074e-06 -2.2875998e-06 -2.4300428e-06)
(1.4678629e-06 -2.2433657e-06 -2.5243291e-06)
(7.6251967e-07 -1.4612013e-06 9.3776833e-06)
(1.5328292e-06 -2.9189401e-06 -2.043603e-06)
(1.6025958e-06 -2.437693e-06 -2.3357e-06)
(9.4352236e-07 -1.7941416e-06 -8.5886156e-07)
(1.8417237e-06 -2.7793523e-06 -1.7507794e-06)
(1.0579614e-06 -1.9963847e-06 2.3232985e-06)
(1.6204489e-06 -1.9922683e-06 -2.432191e-06)
(1.0391558e-06 -1.2761487e-06 9.3362815e-06)
(2.0780255e-06 -2.5450413e-06 -2.0472694e-06)
(1.2786341e-06 -1.5669295e-06 -8.6652325e-07)
(1.4267144e-06 -1.7434803e-06 2.2963414e-06)
(-6.5698092e-07 -8.0216366e-07 3.7293342e-05)
(-3.5580437e-07 -5.3247034e-07 3.0060714e-05)
(-7.6893687e-08 -9.4034948e-08 7.7966606e-13)
(-6.1146587e-07 -7.4624558e-07 1.5102015e-05)
(-6.5946399e-07 -9.8735166e-07 4.4746199e-05)
(-1.4880804e-07 -1.8163108e-07 5.3491182e-11)
(-6.1600358e-07 -9.2222382e-07 -1.4852789e-05)
(-1.3765532e-07 -1.6788966e-07 5.1902083e-10)
(-4.8854977e-07 -9.1401498e-07 3.742506e-05)
(-2.4458235e-07 -5.8921122e-07 3.013353e-05)
(-5.7095268e-08 -1.0678239e-07 1.312022e-12)
(-4.5470355e-07 -8.509741e-07 1.5177394e-05)
(-4.5465911e-07 -1.0970801e-06 4.4968298e-05)
(-1.1072811e-07 -2.0718853e-07 5.3511225e-11)
(-4.2521706e-07 -1.0265405e-06 -1.4902553e-05)
(-1.0249373e-07 -1.9182725e-07 5.1979072e-10)
(-3.002586e-07 -9.9062753e-07 3.7587622e-05)
(-1.2333357e-07 -6.2309671e-07 3.0194155e-05)
(-3.4927265e-08 -1.1531821e-07 2.1506964e-12)
(-2.798244e-07 -9.2297584e-07 1.5275422e-05)
(-2.3116302e-07 -1.1641308e-06 4.5166321e-05)
(-6.8144717e-08 -2.2478627e-07 5.3634461e-11)
(-2.168849e-07 -1.0912706e-06 -1.4938891e-05)
(-6.3240966e-08 -2.085347e-07 5.2054489e-10)
(-9.9966567e-08 -1.0286806e-06 3.7683139e-05)
(2.3344049e-09 -6.3390218e-07 3.0215635e-05)
(-1.1445358e-08 -1.1942982e-07 2.8704939e-12)
(-9.3701643e-08 -9.5899021e-07 1.5339566e-05)
(1.6656622e-09 -1.1862334e-06 4.5242029e-05)
(-2.2778127e-08 -2.3352209e-07 5.3826365e-11)
(6.8256334e-10 -1.1130285e-06 -1.4949159e-05)
(-2.1298578e-08 -2.1703096e-07 5.2073988e-10)
(1.0400679e-07 -1.0282931e-06 3.7684588e-05)
(1.2776785e-07 -6.2227449e-07 3.01951e-05)
(1.2384101e-08 -1.1933692e-07 2.8727924e-12)
(9.608176e-08 -9.5877325e-07 1.5340852e-05)
(2.3434201e-07 -1.1635702e-06 4.5171042e-05)
(2.3451241e-08 -2.3345915e-07 5.3825598e-11)
(2.1820734e-07 -1.0910933e-06 -1.4938502e-05)
(2.1574157e-08 -2.1701065e-07 5.2073488e-10)
(3.0370894e-07 -9.8966541e-07 3.7591819e-05)
(2.4843158e-07 -5.8768757e-07 3.0136691e-05)
(3.5731752e-08 -1.1508821e-07 2.1418542e-12)
(2.8183181e-07 -9.2242122e-07 1.5279257e-05)
(4.5748195e-07 -1.0959989e-06 4.497801e-05)
(6.8716073e-08 -2.2462955e-07 5.3627097e-11)
(4.2639118e-07 -1.026224e-06 -1.4901641e-05)
(6.3475155e-08 -2.0848905e-07 5.2053579e-10)
(4.9214716e-07 -9.1220625e-07 3.7433707e-05)
(3.5862843e-07 -5.315232e-07 3.0065946e-05)
(5.7900715e-08 -1.0637177e-07 1.2804639e-12)
(4.5697511e-07 -8.4991464e-07 1.51842e-05)
(6.6154803e-07 -9.8672354e-07 4.4760459e-05)
(1.1136027e-07 -2.0687984e-07 5.349363e-11)
(6.1697789e-07 -9.2207662e-07 -1.4851269e-05)
(1.0277531e-07 -1.9172971e-07 5.1978678e-10)
(6.5778373e-07 -8.0265553e-07 3.730415e-05)
(7.7110676e-08 -9.4133273e-08 5.2034852e-13)
(6.1181081e-07 -7.4651355e-07 1.5111009e-05)
(1.4892233e-07 -1.8174289e-07 5.3422033e-11)
(1.3773427e-07 -1.6795199e-07 5.1907014e-10)
(3.9906112e-15 -3.3473455e-15 1.0981932e-10)
(-3.8017048e-15 2.4332526e-15 1.0983094e-10)
(-5.2902593e-15 4.2607925e-15 1.4498115e-10)
(-3.2059967e-15 3.195108e-15 1.0983076e-10)
(5.3180725e-14 -4.357432e-14 1.0978739e-10)
(3.033904e-14 -2.0180458e-14 1.0980747e-10)
(1.9073945e-14 -1.5625985e-14 1.4498196e-10)
(2.5729753e-14 -2.5716387e-14 1.0980751e-10)
(6.3631742e-14 -4.2392595e-14 1.0976664e-10)
(3.6546775e-14 -2.9926379e-14 1.4493679e-10)
(5.4092985e-14 -5.4065827e-14 1.097667e-10)
(5.2038896e-14 -4.257626e-14 1.0975252e-10)
(4.7459401e-15 -2.6904884e-15 1.0981947e-10)
(-4.2011606e-15 1.60607e-15 1.0983145e-10)
(-6.0315574e-15 3.063437e-15 1.4498125e-10)
(6.070225e-14 -3.234195e-14 1.0978731e-10)
(3.3794579e-14 -1.3881312e-14 1.0980738e-10)
(2.1818996e-14 -1.1619451e-14 1.4498184e-10)
(7.0645882e-14 -2.9117511e-14 1.0976652e-10)
(4.1680682e-14 -2.2170567e-14 1.4493665e-10)
(5.9346035e-14 -3.147334e-14 1.0975243e-10)
(5.5140212e-15 -1.8054516e-15 1.0981974e-10)
(-4.4109933e-15 7.8253956e-16 1.0983203e-10)
(-6.476731e-15 1.8172123e-15 1.449814e-10)
(6.5861341e-14 -1.9868111e-14 1.0978718e-10)
(3.5951698e-14 -7.0687707e-15 1.0980726e-10)
(2.3749366e-14 -7.1545152e-15 1.4498166e-10)
(7.4911165e-14 -1.4799346e-14 1.0976639e-10)
(4.5169038e-14 -1.3594553e-14 1.4493647e-10)
(6.4270793e-14 -1.9266564e-14 1.097523e-10)
(6.0320374e-15 -6.4535698e-16 1.0981996e-10)
(-4.4703295e-15 -5.3438859e-19 1.098323e-10)
(-6.6679057e-15 5.9736407e-16 1.4498153e-10)
(6.8478759e-14 -6.6935911e-15 1.0978706e-10)
(3.6690049e-14 -4.5601584e-20 1.0980721e-10)
(2.475764e-14 -2.415854e-15 1.4498152e-10)
(7.633654e-14 3.428657e-18 1.0976633e-10)
(4.6918137e-14 -4.5729567e-15 1.4493634e-10)
(6.6709695e-14 -6.4709514e-15 1.0975219e-10)
(6.0320083e-15 6.4418964e-16 1.0981996e-10)
(-4.4112935e-15 -7.8294854e-16 1.0983203e-10)
(-6.6678266e-15 -5.9854279e-16 1.4498153e-10)
(6.8477659e-14 6.7040375e-15 1.0978706e-10)
(3.5951231e-14 7.0680433e-15 1.0980726e-10)
(2.4757471e-14 2.416829e-15 1.4498152e-10)
(7.4910454e-14 1.4804396e-14 1.0976639e-10)
(4.6917139e-14 4.5835898e-15 1.4493634e-10)
(6.6707509e-14 6.494935e-15 1.0975219e-10)
(5.5131875e-15 1.8044668e-15 1.0981974e-10)
(-4.2059178e-15 -1.6038809e-15 1.0983144e-10)
(-6.4771597e-15 -1.8169444e-15 1.449814e-10)
(6.585819e-14 1.9873839e-14 1.0978718e-10)
(3.378596e-14 1.3873501e-14 1.0980738e-10)
(2.3748593e-14 7.1539432e-15 1.4498166e-10)
(7.0647683e-14 2.9115134e-14 1.0976653e-10)
(4.5166924e-14 1.3601317e-14 1.4493647e-10)
(6.4265756e-14 1.9286708e-14 1.097523e-10)
(4.7308831e-15 2.6798771e-15 1.0981947e-10)
(-3.8061e-15 -2.4376979e-15 1.0983093e-10)
(-6.0359081e-15 -3.0647432e-15 1.4498124e-10)
(6.0688284e-14 3.233375e-14 1.0978732e-10)
(3.0321086e-14 2.0169035e-14 1.0980748e-10)
(2.1809388e-14 1.1610374e-14 1.4498184e-10)
(6.3628261e-14 4.2399142e-14 1.0976666e-10)
(4.1680469e-14 2.2173214e-14 1.4493667e-10)
(5.9355916e-14 3.1498281e-14 1.0975244e-10)
(3.9758713e-15 3.335851e-15 1.0981932e-10)
(-5.291415e-15 -4.2665042e-15 1.4498114e-10)
(-3.2004928e-15 -3.2015936e-15 1.0983075e-10)
(5.3157652e-14 4.358087e-14 1.097874e-10)
(1.9060694e-14 1.5623238e-14 1.4498197e-10)
(2.572133e-14 2.572116e-14 1.0980751e-10)
(3.6538133e-14 2.9940714e-14 1.449368e-10)
(5.4077343e-14 5.4082212e-14 1.0976671e-10)
(5.204255e-14 4.2606678e-14 1.0975253e-10)
(4.8551047e-15 -3.9711634e-15 1.4745111e-10)
(1.8235853e-15 -1.2226017e-15 1.4745211e-10)
(1.5433477e-15 -1.5440913e-15 1.4745209e-10)
(1.1058047e-14 -9.0562427e-15 1.4743528e-10)
(8.6531855e-15 -5.7566689e-15 1.4745006e-10)
(7.3341505e-15 -7.332274e-15 1.474501e-10)
(8.3855585e-15 -5.577369e-15 1.4742e-10)
(7.1261303e-15 -7.1235761e-15 1.4742006e-10)
(6.0769366e-15 -4.9817969e-15 1.4740692e-10)
(5.5863776e-15 -2.9588127e-15 1.4745109e-10)
(2.0513815e-15 -8.5717162e-16 1.4745215e-10)
(1.263192e-14 -6.7127453e-15 1.4743519e-10)
(9.6581282e-15 -3.9688484e-15 1.4744996e-10)
(9.3072538e-15 -3.8234467e-15 1.4741989e-10)
(6.9117054e-15 -3.681011e-15 1.4740683e-10)
(6.1265014e-15 -1.8324538e-15 1.4745105e-10)
(2.2079805e-15 -4.4594126e-16 1.4745219e-10)
(1.3713959e-14 -4.1213269e-15 1.4743507e-10)
(1.0295983e-14 -2.0264559e-15 1.4744986e-10)
(9.8662647e-15 -1.9404846e-15 1.4741979e-10)
(7.4655545e-15 -2.248162e-15 1.4740673e-10)
(6.4212493e-15 -6.2163193e-16 1.4745103e-10)
(2.2652583e-15 6.4267561e-20 1.4745221e-10)
(1.4265068e-14 -1.3882668e-15 1.4743498e-10)
(1.051632e-14 9.3245208e-20 1.4744981e-10)
(1.0053285e-14 3.2000257e-20 1.4741974e-10)
(7.7370229e-15 -7.5381192e-16 1.4740665e-10)
(6.421095e-15 6.2255026e-16 1.4745103e-10)
(2.2078262e-15 4.4612406e-16 1.4745219e-10)
(1.4264931e-14 1.3892797e-15 1.4743498e-10)
(1.0295751e-14 2.0264683e-15 1.4744986e-10)
(9.8663334e-15 1.940279e-15 1.4741979e-10)
(7.7369907e-15 7.5451647e-16 1.4740665e-10)
(6.1259175e-15 1.8331469e-15 1.4745105e-10)
(2.0504508e-15 8.5743846e-16 1.4745214e-10)
(1.3713569e-14 4.1215877e-15 1.4743507e-10)
(9.6564261e-15 3.967778e-15 1.4744996e-10)
(9.30764e-15 3.8225475e-15 1.474199e-10)
(7.4656946e-15 2.2483205e-15 1.4740673e-10)
(5.5835847e-15 2.957811e-15 1.4745109e-10)
(1.8223609e-15 1.2219326e-15 1.474521e-10)
(1.2629752e-14 6.7119623e-15 1.474352e-10)
(8.6500155e-15 5.7550413e-15 1.4745006e-10)
(8.3853503e-15 5.5779142e-15 1.4742001e-10)
(6.913634e-15 3.6821864e-15 1.4740684e-10)
(4.8520995e-15 3.970272e-15 1.4745111e-10)
(1.5433972e-15 1.5437136e-15 1.4745209e-10)
(1.1055246e-14 9.0565991e-15 1.4743529e-10)
(7.3324148e-15 7.3330905e-15 1.474501e-10)
(7.124241e-15 7.1253471e-15 1.4742006e-10)
(6.0777111e-15 4.9846979e-15 1.4740692e-10)
(3.338499e-15 3.9745552e-15 1.0981932e-10)
(-2.4362521e-15 -3.8066499e-15 1.0983093e-10)
(-4.2652203e-15 -5.292182e-15 1.4498114e-10)
(4.3577608e-14 5.3162634e-14 1.097874e-10)
(2.0170376e-14 3.0322621e-14 1.0980748e-10)
(1.5623407e-14 1.9061835e-14 1.4498197e-10)
(4.2395104e-14 6.3634509e-14 1.0976666e-10)
(2.9934728e-14 3.6544845e-14 1.449368e-10)
(4.2598821e-14 5.205176e-14 1.0975253e-10)
(2.6831496e-15 4.7311886e-15 1.0981947e-10)
(-1.6023482e-15 -4.2059073e-15 1.0983144e-10)
(-3.0631851e-15 -6.0360356e-15 1.4498124e-10)
(3.2330925e-14 6.0695629e-14 1.0978732e-10)
(1.3875249e-14 3.3789268e-14 1.0980738e-10)
(1.1611192e-14 2.1812167e-14 1.4498184e-10)
(2.911119e-14 7.0655495e-14 1.0976653e-10)
(2.2167251e-14 4.1688276e-14 1.4493666e-10)
(3.1490021e-14 5.9367486e-14 1.0975244e-10)
(1.8075798e-15 5.5148378e-15 1.0981974e-10)
(-7.8151759e-16 -4.4108556e-15 1.0983203e-10)
(-1.8153531e-15 -6.4766988e-15 1.449814e-10)
(1.986987e-14 6.5867636e-14 1.0978718e-10)
(7.0693722e-15 3.5955959e-14 1.0980726e-10)
(7.1546177e-15 2.3752875e-14 1.4498166e-10)
(1.4799599e-14 7.4919523e-14 1.0976639e-10)
(1.359448e-14 4.5175701e-14 1.4493647e-10)
(1.9275941e-14 6.4279565e-14 1.097523e-10)
(6.4664685e-16 6.0344777e-15 1.0981996e-10)
(7.0365109e-19 -4.4696494e-15 1.098323e-10)
(-5.9706996e-16 -6.6669162e-15 1.4498153e-10)
(6.6976132e-15 6.8488045e-14 1.0978706e-10)
(3.7142262e-19 3.6695468e-14 1.0980721e-10)
(2.416718e-15 2.4762731e-14 1.4498152e-10)
(-2.7874614e-18 7.6345913e-14 1.0976633e-10)
(4.5750866e-15 4.6926119e-14 1.4493633e-10)
(6.4798179e-15 6.6721963e-14 1.0975219e-10)
(-6.4378268e-16 6.0346879e-15 1.0981996e-10)
(7.8293674e-16 -4.410645e-15 1.0983203e-10)
(5.9855238e-16 -6.6667403e-15 1.4498153e-10)
(-6.702823e-15 6.8488238e-14 1.0978706e-10)
(-7.0687864e-15 3.5956623e-14 1.0980727e-10)
(-2.4170212e-15 2.4763049e-14 1.4498152e-10)
(-1.4805481e-14 7.4919994e-14 1.0976639e-10)
(-4.5832293e-15 4.6926075e-14 1.4493633e-10)
(-6.4909729e-15 6.6722177e-14 1.0975219e-10)
(-1.8048068e-15 5.5155513e-15 1.0981974e-10)
(1.6037795e-15 -4.2054134e-15 1.0983144e-10)
(1.8167905e-15 -6.4761555e-15 1.449814e-10)
(-1.9875695e-14 6.5868143e-14 1.0978718e-10)
(-1.387513e-14 3.3790586e-14 1.0980738e-10)
(-7.1552229e-15 2.3753811e-14 1.4498166e-10)
(-2.9117869e-14 7.0656179e-14 1.0976653e-10)
(-1.3603058e-14 4.5175471e-14 1.4493647e-10)
(-1.9288234e-14 6.4279912e-14 1.097523e-10)
(-2.6807074e-15 4.7325653e-15 1.0981947e-10)
(2.4375729e-15 -3.8057865e-15 1.0983094e-10)
(3.064489e-15 -6.0350949e-15 1.4498124e-10)
(-3.2337952e-14 6.0696107e-14 1.0978732e-10)
(-2.0171127e-14 3.0324508e-14 1.0980748e-10)
(-1.1612428e-14 2.1813627e-14 1.4498184e-10)
(-4.240292e-14 6.3634868e-14 1.0976666e-10)
(-2.2176608e-14 4.1687503e-14 1.4493666e-10)
(-3.1504284e-14 5.9367027e-14 1.0975244e-10)
(-3.3368441e-15 3.9767261e-15 1.0981932e-10)
(4.2662234e-15 -5.290846e-15 1.4498114e-10)
(3.2015014e-15 -3.2003643e-15 1.0983075e-10)
(-4.3586219e-14 5.3162521e-14 1.097874e-10)
(-1.5625585e-14 1.9063638e-14 1.4498197e-10)
(-2.5723239e-14 2.5723443e-14 1.0980751e-10)
(-2.994494e-14 3.6542991e-14 1.449368e-10)
(-5.4086243e-14 5.4081718e-14 1.0976671e-10)
(-4.2615245e-14 5.2049062e-14 1.0975253e-10)
(3.9690852e-15 4.8534986e-15 1.4745111e-10)
(1.2217087e-15 1.8227968e-15 1.474521e-10)
(9.0544926e-15 1.1057864e-14 1.4743529e-10)
(5.7548912e-15 8.6514335e-15 1.4745006e-10)
(5.577669e-15 8.3876655e-15 1.4742001e-10)
(4.9815364e-15 6.0814706e-15 1.4740692e-10)
(2.9567346e-15 5.5852207e-15 1.4745108e-10)
(8.5726433e-16 2.0509963e-15 1.4745214e-10)
(6.7101622e-15 1.263297e-14 1.474352e-10)
(3.9678385e-15 9.6586251e-15 1.4744996e-10)
(3.8226819e-15 9.3112765e-15 1.4741989e-10)
(3.6794475e-15 6.9180737e-15 1.4740683e-10)
(1.8320577e-15 6.1277111e-15 1.4745105e-10)
(4.4595906e-16 2.2084424e-15 1.4745219e-10)
(4.1198442e-15 1.3717306e-14 1.4743507e-10)
(2.0264142e-15 1.0298581e-14 1.4744985e-10)
(1.9402781e-15 9.8711206e-15 1.4741978e-10)
(2.2457879e-15 7.4707563e-15 1.4740672e-10)
(6.2137134e-16 6.422898e-15 1.4745103e-10)
(-1.1306513e-19 2.2658811e-15 1.4745221e-10)
(1.3873999e-15 1.4268941e-14 1.4743498e-10)
(-2.7604668e-19 1.0519459e-14 1.4744981e-10)
(-4.5889639e-19 1.0058785e-14 1.4741973e-10)
(7.5200364e-16 7.742445e-15 1.4740664e-10)
(-6.2291294e-16 6.4228507e-15 1.4745103e-10)
(-4.4619729e-16 2.2084718e-15 1.4745219e-10)
(-1.3903191e-15 1.4268986e-14 1.4743498e-10)
(-2.0270599e-15 1.029896e-14 1.4744985e-10)
(-1.941388e-15 9.8719649e-15 1.4741978e-10)
(-7.5635783e-16 7.7425553e-15 1.4740664e-10)
(-1.8336157e-15 6.1275804e-15 1.4745105e-10)
(-8.5754058e-16 2.051057e-15 1.4745214e-10)
(-4.1228642e-15 1.3717437e-14 1.4743507e-10)
(-3.9687571e-15 9.6593416e-15 1.4744996e-10)
(-3.824328e-15 9.3128317e-15 1.4741989e-10)
(-2.2502796e-15 7.4710663e-15 1.4740672e-10)
(-2.9583424e-15 5.5850258e-15 1.4745108e-10)
(-1.22206e-15 1.8228835e-15 1.474521e-10)
(-6.7133791e-15 1.2633154e-14 1.474352e-10)
(-5.7562497e-15 8.6523889e-15 1.4745006e-10)
(-5.5801146e-15 8.3896665e-15 1.4742001e-10)
(-3.6841847e-15 6.9185063e-15 1.4740683e-10)
(-3.970791e-15 4.853252e-15 1.4745111e-10)
(-1.5438502e-15 1.5438081e-15 1.4745209e-10)
(-9.0579819e-15 1.1058029e-14 1.4743529e-10)
(-7.3343142e-15 7.3341383e-15 1.474501e-10)
(-7.1276053e-15 7.1274643e-15 1.4742006e-10)
(-4.9865713e-15 6.0818921e-15 1.4740691e-10)
(-3.9754205e-15 3.3385911e-15 1.0981932e-10)
(3.8066231e-15 -2.4362645e-15 1.0983094e-10)
(5.2919413e-15 -4.2648944e-15 1.4498114e-10)
(-5.3167871e-14 4.3579466e-14 1.097874e-10)
(-3.0324308e-14 2.0171362e-14 1.0980748e-10)
(-1.9063996e-14 1.5625062e-14 1.4498197e-10)
(-6.3638076e-14 4.2397386e-14 1.0976666e-10)
(-3.6549005e-14 2.9937293e-14 1.449368e-10)
(-5.2060707e-14 4.2600391e-14 1.0975253e-10)
(-4.731745e-15 2.6826864e-15 1.0981947e-10)
(4.2059497e-15 -1.6024417e-15 1.0983144e-10)
(6.0358801e-15 -3.0630598e-15 1.4498124e-10)
(-6.0699782e-14 3.2330336e-14 1.0978732e-10)
(-3.3790375e-14 1.3875454e-14 1.0980738e-10)
(-2.1813803e-14 1.1611813e-14 1.4498184e-10)
(-7.0658135e-14 2.9111862e-14 1.0976653e-10)
(-4.169165e-14 2.2167874e-14 1.4493666e-10)
(-5.9374961e-14 3.1487386e-14 1.0975244e-10)
(-5.5150309e-15 1.8068201e-15 1.0981974e-10)
(4.4109491e-15 -7.8163727e-16 1.0983203e-10)
(6.4766455e-15 -1.8153627e-15 1.449814e-10)
(-6.5870213e-14 1.9867737e-14 1.0978718e-10)
(-3.5956491e-14 7.0691651e-15 1.0980727e-10)
(-2.3753851e-14 7.1545781e-15 1.4498166e-10)
(-7.4921094e-14 1.4799274e-14 1.0976639e-10)
(-4.5177904e-14 1.3593785e-14 1.4493647e-10)
(-6.4284453e-14 1.9270521e-14 1.097523e-10)
(-6.0343591e-15 6.4581969e-16 1.0981996e-10)
(4.4697663e-15 5.9046529e-19 1.098323e-10)
(6.6669544e-15 -5.9714718e-16 1.4498153e-10)
(-6.848905e-14 6.6948523e-15 1.0978707e-10)
(-3.6695566e-14 3.6304082e-20 1.0980721e-10)
(-2.4763104e-14 2.4163774e-15 1.4498152e-10)
(-7.6346545e-14 -3.5591513e-18 1.0976633e-10)
(-4.6927127e-14 4.5737445e-15 1.4493633e-10)
(-6.6724002e-14 6.4731889e-15 1.0975219e-10)
(-6.0343708e-15 -6.4453521e-16 1.0981996e-10)
(4.4107624e-15 7.8283701e-16 1.0983203e-10)
(6.6668395e-15 5.9845211e-16 1.4498153e-10)
(-6.8488019e-14 -6.7055286e-15 1.0978707e-10)
(-3.5956476e-14 -7.069093e-15 1.0980727e-10)
(-2.4763e-14 -2.417409e-15 1.4498153e-10)
(-7.4919968e-14 -1.480633e-14 1.0976639e-10)
(-4.6926134e-14 -4.5846962e-15 1.4493633e-10)
(-6.672179e-14 -6.4975383e-15 1.0975219e-10)
(-5.5151462e-15 -1.8054411e-15 1.0981974e-10)
(4.2055213e-15 1.6036866e-15 1.0983144e-10)
(6.4762837e-15 1.8166816e-15 1.449814e-10)
(-6.5867178e-14 -1.9878002e-14 1.0978718e-10)
(-3.3790355e-14 -1.3875363e-14 1.0980738e-10)
(-2.3753552e-14 -7.1555403e-15 1.4498166e-10)
(-7.0655793e-14 -2.9118625e-14 1.0976653e-10)
(-4.5174942e-14 -1.3604363e-14 1.4493647e-10)
(-6.4277854e-14 -1.9294019e-14 1.097523e-10)
(-4.7321343e-15 -2.681242e-15 1.0981947e-10)
(3.8058852e-15 2.4374812e-15 1.0983094e-10)
(6.0352314e-15 3.0643706e-15 1.4498124e-10)
(-6.0694801e-14 -3.2339824e-14 1.0978732e-10)
(-3.0324287e-14 -2.0171312e-14 1.0980748e-10)
(-2.1813325e-14 -1.1612671e-14 1.4498184e-10)
(-6.3634338e-14 -4.2403565e-14 1.0976666e-10)
(-4.1686708e-14 -2.2177691e-14 1.4493666e-10)
(-5.9364013e-14 -3.150913e-14 1.0975244e-10)
(-3.9762834e-15 -3.3373155e-15 1.0981932e-10)
(5.2909806e-15 4.2660957e-15 1.4498114e-10)
(3.2004571e-15 3.2014087e-15 1.0983075e-10)
(-5.3161083e-14 -4.3587799e-14 1.097874e-10)
(-1.9063375e-14 -1.562581e-14 1.4498197e-10)
(-2.5723257e-14 -2.5723425e-14 1.0980751e-10)
(-3.6542115e-14 -2.9945877e-14 1.449368e-10)
(-5.4081137e-14 -5.4086824e-14 1.0976671e-10)
(-5.2045497e-14 -4.261934e-14 1.0975253e-10)
(-4.8539323e-15 3.9699458e-15 1.4745111e-10)
(-1.8229209e-15 1.222e-15 1.474521e-10)
(-1.1059041e-14 9.05664e-15 1.4743529e-10)
(-8.6524767e-15 5.7559952e-15 1.4745006e-10)
(-8.3896325e-15 5.5798149e-15 1.4742001e-10)
(-6.0830485e-15 4.9849747e-15 1.4740691e-10)
(-5.5855238e-15 2.9573495e-15 1.4745108e-10)
(-2.0510889e-15 8.5744767e-16 1.4745214e-10)
(-1.263383e-14 6.711767e-15 1.474352e-10)
(-9.6593645e-15 3.9684537e-15 1.4744996e-10)
(-9.3127156e-15 3.8239479e-15 1.4741989e-10)
(-6.9192438e-15 3.6822156e-15 1.4740683e-10)
(-6.1278768e-15 1.8324955e-15 1.4745105e-10)
(-2.2084936e-15 4.4605838e-16 1.4745219e-10)
(-1.3717829e-14 4.1210547e-15 1.4743507e-10)
(-1.0298989e-14 2.0267121e-15 1.4744985e-10)
(-9.8719598e-15 1.9409501e-15 1.4741978e-10)
(-7.4715048e-15 2.2480325e-15 1.4740672e-10)
(-6.4229541e-15 6.2169796e-16 1.4745103e-10)
(-2.2658928e-15 -7.085401e-20 1.4745221e-10)
(-1.4269193e-14 1.3883611e-15 1.4743498e-10)
(-1.0519592e-14 -1.4081106e-19 1.4744981e-10)
(-1.0059109e-14 -1.080952e-19 1.4741973e-10)
(-7.7428605e-15 7.5388172e-16 1.4740664e-10)
(-6.4228469e-15 -6.2265147e-16 1.4745103e-10)
(-2.2084548e-15 -4.461907e-16 1.4745219e-10)
(-1.4269087e-14 -1.3895047e-15 1.4743498e-10)
(-1.0298924e-14 -2.026986e-15 1.4744985e-10)
(-9.8719579e-15 -1.9411699e-15 1.4741978e-10)
(-7.7427984e-15 -7.5472995e-16 1.4740664e-10)
(-6.1275687e-15 -1.8333977e-15 1.4745105e-10)
(-2.0510239e-15 -8.5755548e-16 1.4745214e-10)
(-1.3717517e-14 -4.122151e-15 1.4743507e-10)
(-9.659246e-15 -3.9687043e-15 1.4744996e-10)
(-9.3126991e-15 -3.8241633e-15 1.4741989e-10)
(-7.4713206e-15 -2.2488508e-15 1.4740672e-10)
(-5.5850454e-15 -2.9581655e-15 1.4745108e-10)
(-1.8228455e-15 -1.2220876e-15 1.474521e-10)
(-1.2633321e-14 -6.7127705e-15 1.474352e-10)
(-8.6523132e-15 -5.7562231e-15 1.4745006e-10)
(-8.3895661e-15 -5.5800104e-15 1.4742001e-10)
(-6.9189282e-15 -3.6829653e-15 1.4740683e-10)
(-4.853324e-15 -3.9706628e-15 1.4745111e-10)
(-1.5437733e-15 -1.5438851e-15 1.4745209e-10)
(-1.1058344e-14 -9.0575077e-15 1.4743529e-10)
(-7.3341169e-15 -7.3343356e-15 1.474501e-10)
(-7.1274695e-15 -7.1276003e-15 1.4742006e-10)
(-6.0825756e-15 -4.9856044e-15 1.4740691e-10)
(-3.3381208e-15 -3.9758621e-15 1.0981932e-10)
(2.4363532e-15 3.8065262e-15 1.0983094e-10)
(4.2650211e-15 5.2918075e-15 1.4498114e-10)
(-4.3577886e-14 -5.3169308e-14 1.097874e-10)
(-2.017118e-14 -3.0324527e-14 1.0980748e-10)
(-1.5624838e-14 -1.9064258e-14 1.4498197e-10)
(-4.2396743e-14 -6.3638606e-14 1.0976666e-10)
(-2.9936357e-14 -3.6549881e-14 1.449368e-10)
(-4.2596299e-14 -5.2064274e-14 1.0975253e-10)
(-2.6821561e-15 -4.7321745e-15 1.0981947e-10)
(1.6025282e-15 4.2058439e-15 1.0983144e-10)
(3.0631744e-15 6.0357453e-15 1.4498124e-10)
(-3.2328466e-14 -6.0701087e-14 1.0978732e-10)
(-1.3875226e-14 -3.3790604e-14 1.0980738e-10)
(-1.1611573e-14 -2.1814104e-14 1.4498184e-10)
(-2.9111111e-14 -7.0658521e-14 1.0976653e-10)
(-2.2166793e-14 -4.1692444e-14 1.4493666e-10)
(-3.1482544e-14 -5.9377976e-14 1.0975244e-10)
(-1.8061927e-15 -5.5154354e-15 1.0981974e-10)
(7.8172751e-16 4.4108329e-15 1.0983203e-10)
(1.8154632e-15 6.4765194e-15 1.449814e-10)
(-1.9865436e-14 -6.5871177e-14 1.0978718e-10)
(-7.0688693e-15 -3.5956636e-14 1.0980727e-10)
(-7.1542684e-15 -2.3754108e-14 1.4498166e-10)
(-1.4798437e-14 -7.4921118e-14 1.0976639e-10)
(-1.3592487e-14 -4.5178432e-14 1.4493647e-10)
(-1.9264742e-14 -6.428651e-14 1.097523e-10)
(-6.4508351e-16 -6.0346733e-15 1.0981996e-10)
(-5.6191068e-19 4.4696346e-15 1.098323e-10)
(5.9722398e-16 6.6668581e-15 1.4498153e-10)
(-6.6921646e-15 -6.8489263e-14 1.0978706e-10)
(2.1166848e-19 -3.6695476e-14 1.0980721e-10)
(-2.416018e-15 -2.476315e-14 1.4498152e-10)
(4.2637387e-18 -7.6345924e-14 1.0976633e-10)
(-4.5723051e-15 -4.6927067e-14 1.4493633e-10)
(-6.4666409e-15 -6.672439e-14 1.0975219e-10)
(6.4506703e-16 -6.0344986e-15 1.0981996e-10)
(-7.8297008e-16 4.4107454e-15 1.0983203e-10)
(-5.9860766e-16 6.6667909e-15 1.4498153e-10)
(6.7080895e-15 -6.8487036e-14 1.0978706e-10)
(7.0684226e-15 -3.5956365e-14 1.0980726e-10)
(2.4175417e-15 -2.4762632e-14 1.4498152e-10)
(1.4805273e-14 -7.4918844e-14 1.0976639e-10)
(4.585895e-15 -4.6925157e-14 1.4493633e-10)
(6.503933e-15 -6.671979e-14 1.0975219e-10)
(1.8057856e-15 -5.5152982e-15 1.0981974e-10)
(-1.6016061e-15 4.2094241e-15 1.0983144e-10)
(-1.8160693e-15 6.4766408e-15 1.449814e-10)
(1.987657e-14 -6.5866062e-14 1.0978718e-10)
(1.3868172e-14 -3.3783391e-14 1.0980738e-10)
(7.1540848e-15 -2.3753084e-14 1.4498166e-10)
(2.9109887e-14 -7.0656956e-14 1.0976654e-10)
(1.3601937e-14 -4.5173633e-14 1.4493647e-10)
(1.9296094e-14 -6.427339e-14 1.097523e-10)
(2.6729589e-15 -4.7196474e-15 1.0981947e-10)
(-2.4408597e-15 3.8095921e-15 1.0983093e-10)
(-3.0652006e-15 6.0393277e-15 1.4498124e-10)
(3.2325233e-14 -6.0685038e-14 1.0978733e-10)
(2.0161546e-14 -3.0308497e-14 1.0980748e-10)
(1.1603087e-14 -2.1804824e-14 1.4498185e-10)
(4.2401994e-14 -6.3630126e-14 1.0976667e-10)
(2.2170686e-14 -4.1687686e-14 1.4493668e-10)
(3.1513715e-14 -5.9373566e-14 1.0975245e-10)
(3.3296972e-15 -3.9639155e-15 1.0981932e-10)
(-4.2706275e-15 5.2923744e-15 1.4498114e-10)
(4.3587279e-14 -5.314309e-14 1.0978741e-10)
(1.5622565e-14 -1.9051076e-14 1.4498197e-10)
(2.9949019e-14 -3.6535568e-14 1.4493682e-10)
(4.2625757e-14 -5.2050462e-14 1.0975254e-10)
(-3.9700747e-15 -4.8538599e-15 1.4745111e-10)
(-1.2219741e-15 -1.8229581e-15 1.474521e-10)
(-9.0571147e-15 -1.1058725e-14 1.4743529e-10)
(-5.7560232e-15 -8.6525516e-15 1.4745006e-10)
(-5.5799205e-15 -8.3897323e-15 1.4742001e-10)
(-4.9859422e-15 -6.0823648e-15 1.4740691e-10)
(-2.9575293e-15 -5.5855032e-15 1.4745108e-10)
(-8.5743841e-16 -2.0511203e-15 1.4745214e-10)
(-6.712378e-15 -1.2633661e-14 1.474352e-10)
(-3.9685119e-15 -9.6594588e-15 1.4744996e-10)
(-3.8241174e-15 -9.3128474e-15 1.4741989e-10)
(-3.6834371e-15 -6.9188212e-15 1.4740683e-10)
(-1.8327229e-15 -6.1278864e-15 1.4745105e-10)
(-4.4608392e-16 -2.2085083e-15 1.4745219e-10)
(-4.1217766e-15 -1.3717747e-14 1.4743507e-10)
(-2.0268056e-15 -1.0299024e-14 1.4744985e-10)
(-1.9411865e-15 -9.8719679e-15 1.4741978e-10)
(-2.2494687e-15 -7.4712496e-15 1.4740672e-10)
(-6.2199353e-16 -6.4229545e-15 1.4745103e-10)
(-3.9549001e-20 -2.265882e-15 1.4745221e-10)
(-1.3892111e-15 -1.4269092e-14 1.4743498e-10)
(-7.4446913e-20 -1.0519459e-14 1.4744981e-10)
(-3.1923762e-19 -1.0058803e-14 1.4741973e-10)
(-7.5554037e-16 -7.7426207e-15 1.4740664e-10)
(6.2218777e-16 -6.4227828e-15 1.4745103e-10)
(4.4591106e-16 -2.2084113e-15 1.4745219e-10)
(1.3884067e-15 -1.4268848e-14 1.4743498e-10)
(2.0263689e-15 -1.0298592e-14 1.4744985e-10)
(1.9401298e-15 -9.8712804e-15 1.4741978e-10)
(7.5273377e-16 -7.7424298e-15 1.4740664e-10)
(1.8326643e-15 -6.1274365e-15 1.4745105e-10)
(8.5730094e-16 -2.0504021e-15 1.4745214e-10)
(4.12018e-15 -1.3717268e-14 1.4743507e-10)
(3.9669432e-15 -9.6576004e-15 1.4744996e-10)
(3.8219184e-15 -9.3118201e-15 1.474199e-10)
(2.2459267e-15 -7.4708661e-15 1.4740672e-10)
(2.956033e-15 -5.5830804e-15 1.4745109e-10)
(1.2211454e-15 -1.8219735e-15 1.474521e-10)
(6.7098175e-15 -1.2631459e-14 1.4743521e-10)
(5.7539242e-15 -8.649195e-15 1.4745007e-10)
(5.5783887e-15 -8.3875792e-15 1.4742002e-10)
(3.6805091e-15 -6.9197601e-15 1.4740684e-10)
(3.968854e-15 -4.8512461e-15 1.4745111e-10)
(9.0554975e-15 -1.1055721e-14 1.474353e-10)
(4.9841396e-15 -6.0818441e-15 1.4740692e-10)
(7.2565921e-15 -5.8070453e-15 1.0974209e-10)
(4.4287423e-14 -2.9471094e-14 1.097412e-10)
(2.2369937e-14 -1.8286516e-14 1.4489747e-10)
(3.7648124e-14 -3.7647276e-14 1.0974125e-10)
(-1.4375895e-13 1.1815649e-13 1.0993326e-10)
(-7.2915902e-14 4.8800368e-14 1.0974271e-10)
(-4.2627458e-14 3.5050692e-14 1.44886e-10)
(-6.1942796e-14 6.1942252e-14 1.0974273e-10)
(-4.1080664e-14 2.7422789e-14 1.1012744e-10)
(-2.5866431e-14 2.1319178e-14 1.4503005e-10)
(-3.4894281e-14 3.4894475e-14 1.1012698e-10)
(8.1865729e-15 -4.0689475e-15 1.0974202e-10)
(4.9126752e-14 -2.0201812e-14 1.097411e-10)
(2.5487906e-14 -1.3470366e-14 1.4489736e-10)
(-1.643607e-13 8.8194286e-14 1.0993369e-10)
(-8.1306421e-14 3.3774738e-14 1.0974266e-10)
(-4.8774349e-14 2.6212258e-14 1.4488595e-10)
(-4.5731495e-14 1.8910991e-14 1.1012838e-10)
(-2.9549967e-14 1.5964959e-14 1.4503034e-10)
(8.6243593e-15 -2.3427459e-15 1.0974193e-10)
(5.2036116e-14 -1.0255566e-14 1.0974099e-10)
(2.7546147e-14 -8.2165765e-15 1.4489721e-10)
(-1.7893699e-13 5.4534503e-14 1.0993415e-10)
(-8.6597933e-14 1.7286726e-14 1.097426e-10)
(-5.3166629e-14 1.6255412e-14 1.4488588e-10)
(-4.8630009e-14 9.6500515e-15 1.101291e-10)
(-3.2188038e-14 9.8685078e-15 1.4503067e-10)
(8.761304e-15 -7.5006124e-16 1.0974186e-10)
(5.3001162e-14 4.6864842e-18 1.0974094e-10)
(2.8551925e-14 -2.7525167e-15 1.4489712e-10)
(-1.8646203e-13 1.8441131e-14 1.0993435e-10)
(-8.8404087e-14 2.2478642e-18 1.0974258e-10)
(-5.5454458e-14 5.514156e-15 1.4488584e-10)
(-4.9618916e-14 5.6554069e-19 1.1012933e-10)
(-3.3549513e-14 3.3207231e-15 1.4503085e-10)
(8.7593085e-15 7.6987616e-16 1.0974186e-10)
(5.2034825e-14 1.0264259e-14 1.0974099e-10)
(2.8550617e-14 2.7662096e-15 1.4489712e-10)
(-1.8646283e-13 -1.8433156e-14 1.0993435e-10)
(-8.6598609e-14 -1.7282393e-14 1.097426e-10)
(-5.5455133e-14 -5.5074243e-15 1.4488584e-10)
(-4.8630209e-14 -9.6488666e-15 1.101291e-10)
(-3.3549675e-14 -3.3190673e-15 1.4503085e-10)
(8.6192779e-15 2.3614414e-15 1.0974193e-10)
(4.9128522e-14 2.0212705e-14 1.097411e-10)
(2.754286e-14 8.2291684e-15 1.4489721e-10)
(-1.7893907e-13 -5.4526572e-14 1.0993415e-10)
(-8.1307341e-14 -3.3769445e-14 1.0974266e-10)
(-5.3168285e-14 -1.6248942e-14 1.4488588e-10)
(-4.5732013e-14 -1.8909046e-14 1.1012838e-10)
(-3.2188506e-14 -9.8667426e-15 1.4503067e-10)
(8.181289e-15 4.0894564e-15 1.0974202e-10)
(4.4291859e-14 2.9484519e-14 1.097412e-10)
(2.5487972e-14 1.3485827e-14 1.4489736e-10)
(-1.6436356e-13 -8.8185008e-14 1.0993368e-10)
(-7.2916793e-14 -4.8796422e-14 1.0974271e-10)
(-4.8776767e-14 -2.6204793e-14 1.4488595e-10)
(-4.1080598e-14 -2.742171e-14 1.1012743e-10)
(-2.9551207e-14 -1.5962633e-14 1.4503033e-10)
(7.2523294e-15 5.8156559e-15 1.0974209e-10)
(2.2370287e-14 1.8296718e-14 1.4489747e-10)
(3.7645241e-14 3.7651088e-14 1.0974125e-10)
(-1.437596e-13 -1.1815443e-13 1.0993326e-10)
(-4.2628874e-14 -3.5048787e-14 1.44886e-10)
(-6.1943979e-14 -6.1942321e-14 1.0974273e-10)
(-2.5866383e-14 -2.1319513e-14 1.4503005e-10)
(-3.4893429e-14 -3.4895317e-14 1.1012698e-10)
(-6.0441491e-15 4.950226e-15 1.4739539e-10)
(-2.094019e-15 1.410147e-15 1.4739643e-10)
(-1.7667504e-15 1.7665155e-15 1.4739646e-10)
(-2.2312589e-14 1.8293259e-14 1.4742562e-10)
(-1.921884e-14 1.2832811e-14 1.4739428e-10)
(-1.6311393e-14 1.6310026e-14 1.4739428e-10)
(-9.6312405e-15 6.4037031e-15 1.4745757e-10)
(-8.1670331e-15 8.165225e-15 1.474575e-10)
(-6.9466396e-15 3.6978001e-15 1.4739534e-10)
(-2.3765298e-15 9.9921257e-16 1.4739635e-10)
(-2.5531748e-14 1.3616235e-14 1.4742568e-10)
(-2.1437442e-14 8.8717825e-15 1.4739426e-10)
(-1.0730949e-14 4.4118019e-15 1.4745772e-10)
(-7.601462e-15 2.2976781e-15 1.4739529e-10)
(-2.5733362e-15 5.2293176e-16 1.4739627e-10)
(-2.7791396e-14 8.4078948e-15 1.4742575e-10)
(-2.2833259e-14 4.5392436e-15 1.4739424e-10)
(-1.1413128e-14 2.2538178e-15 1.4745785e-10)
(-7.947494e-15 7.8153606e-16 1.4739525e-10)
(-2.6442641e-15 3.4056333e-20 1.4739624e-10)
(-2.895294e-14 2.8445461e-15 1.4742579e-10)
(-2.3309297e-14 5.0899277e-20 1.4739423e-10)
(-1.164467e-14 1.5960988e-21 1.474579e-10)
(-7.9475354e-15 -7.8087173e-16 1.4739525e-10)
(-2.5731823e-15 -5.2298365e-16 1.4739627e-10)
(-2.895297e-14 -2.8441011e-15 1.4742579e-10)
(-2.2833171e-14 -4.539196e-15 1.4739424e-10)
(-1.1413098e-14 -2.2538417e-15 1.4745785e-10)
(-7.6014102e-15 -2.2972468e-15 1.4739529e-10)
(-2.3754348e-15 -9.989969e-16 1.4739635e-10)
(-2.7791392e-14 -8.4075421e-15 1.4742575e-10)
(-2.1436931e-14 -8.8715279e-15 1.4739426e-10)
(-1.0730831e-14 -4.411724e-15 1.4745772e-10)
(-6.9456691e-15 -3.6968183e-15 1.4739535e-10)
(-2.0927206e-15 -1.4087211e-15 1.4739643e-10)
(-2.553135e-14 -1.3615438e-14 1.4742568e-10)
(-1.9218276e-14 -1.2832055e-14 1.4739428e-10)
(-9.6311295e-15 -6.4034435e-15 1.4745757e-10)
(-6.0439834e-15 -4.9487197e-15 1.4739539e-10)
(-1.7673317e-15 -1.7657681e-15 1.4739646e-10)
(-2.2312408e-14 -1.8292551e-14 1.4742562e-10)
(-1.6311707e-14 -1.630979e-14 1.4739428e-10)
(-8.167104e-15 -8.1651561e-15 1.474575e-10)
(5.8168165e-15 7.2538414e-15 1.0974209e-10)
(2.9478805e-14 4.4298237e-14 1.097412e-10)
(1.8290857e-14 2.2376517e-14 1.4489747e-10)
(-1.1813407e-13 -1.43771e-13 1.0993325e-10)
(-4.8796054e-14 -7.291201e-14 1.097427e-10)
(-3.5046305e-14 -4.2628941e-14 1.44886e-10)
(-2.7419234e-14 -4.1081643e-14 1.101274e-10)
(-2.1307679e-14 -2.5876085e-14 1.4503004e-10)
(4.090749e-15 8.1867388e-15 1.0974202e-10)
(2.0206607e-14 4.9135434e-14 1.0974109e-10)
(1.3479536e-14 2.5494942e-14 1.4489735e-10)
(-8.8160888e-14 -1.6436292e-13 1.0993366e-10)
(-3.3768581e-14 -8.129912e-14 1.0974265e-10)
(-2.6201467e-14 -4.8773561e-14 1.4488594e-10)
(-1.8906313e-14 -4.5732058e-14 1.1012832e-10)
(-1.5950025e-14 -2.9557904e-14 1.4503031e-10)
(2.3600107e-15 8.6283028e-15 1.0974192e-10)
(1.0257271e-14 5.2041871e-14 1.0974098e-10)
(8.2215461e-15 2.7550347e-14 1.448972e-10)
(-5.4504711e-14 -1.789261e-13 1.0993411e-10)
(-1.7282577e-14 -8.6587414e-14 1.097426e-10)
(-1.6246572e-14 -5.3161861e-14 1.4488587e-10)
(-9.6462651e-15 -4.8629192e-14 1.1012903e-10)
(-9.8549265e-15 -3.2191965e-14 1.4503064e-10)
(7.6344675e-16 8.7700435e-15 1.0974185e-10)
(-3.3681807e-18 5.3007629e-14 1.0974094e-10)
(2.7565806e-15 2.8557781e-14 1.448971e-10)
(-1.8418966e-14 -1.8644e-13 1.099343e-10)
(-1.7723868e-19 -8.8390966e-14 1.0974257e-10)
(-5.507566e-15 -5.5446398e-14 1.4488583e-10)
(2.6015146e-18 -4.9616906e-14 1.1012924e-10)
(-3.3095064e-15 -3.3550327e-14 1.4503082e-10)
(-7.6245673e-16 8.7711102e-15 1.0974185e-10)
(-1.0264206e-14 5.204162e-14 1.0974098e-10)
(-2.7642392e-15 2.8557636e-14 1.448971e-10)
(1.8444052e-14 -1.8643395e-13 1.099343e-10)
(1.7281395e-14 -8.6584084e-14 1.097426e-10)
(5.5105609e-15 -5.5444871e-14 1.4488583e-10)
(9.6510232e-15 -4.8627249e-14 1.1012901e-10)
(3.3269425e-15 -3.3548346e-14 1.4503081e-10)
(-2.3606626e-15 8.6311203e-15 1.0974192e-10)
(-2.0214017e-14 4.9134796e-14 1.0974109e-10)
(-8.2296504e-15 2.7549793e-14 1.448972e-10)
(5.4524794e-14 -1.7890916e-13 1.099341e-10)
(3.3765147e-14 -8.1293205e-14 1.0974265e-10)
(1.6248088e-14 -5.315765e-14 1.4488587e-10)
(1.8909864e-14 -4.5728612e-14 1.1012828e-10)
(9.8707133e-15 -3.2186406e-14 1.4503063e-10)
(-4.0943941e-15 8.1903396e-15 1.0974202e-10)
(-2.948689e-14 4.42969e-14 1.097412e-10)
(-1.3488416e-14 2.5493645e-14 1.4489735e-10)
(8.8172004e-14 -1.6433835e-13 1.0993364e-10)
(4.8789428e-14 -7.2904775e-14 1.097427e-10)
(2.6200352e-14 -4.876763e-14 1.4488593e-10)
(2.7421118e-14 -4.1077422e-14 1.1012735e-10)
(1.5962855e-14 -2.9549817e-14 1.450303e-10)
(-5.8242654e-15 7.2566631e-15 1.0974208e-10)
(-1.8300622e-14 2.2373906e-14 1.4489746e-10)
(-3.7653999e-14 3.7648633e-14 1.0974124e-10)
(1.18134e-13 -1.4374335e-13 1.0993322e-10)
(3.5041943e-14 -4.2622668e-14 1.4488599e-10)
(6.1933888e-14 -6.1935302e-14 1.0974272e-10)
(2.1316828e-14 -2.5866936e-14 1.4503001e-10)
(3.4893559e-14 -3.4891146e-14 1.101269e-10)
(-4.9527478e-15 -6.0394504e-15 1.4739538e-10)
(-1.4093078e-15 -2.0898008e-15 1.4739642e-10)
(-1.8296114e-14 -2.2308148e-14 1.4742561e-10)
(-1.2832907e-14 -1.9214898e-14 1.4739427e-10)
(-6.4051581e-15 -9.6289844e-15 1.4745756e-10)
(-3.7004392e-15 -6.9406198e-15 1.4739534e-10)
(-9.9913136e-16 -2.3710435e-15 1.4739634e-10)
(-1.3618482e-14 -2.5526326e-14 1.4742567e-10)
(-8.8718709e-15 -2.1431982e-14 1.4739425e-10)
(-4.4131677e-15 -1.072852e-14 1.4745771e-10)
(-2.3005815e-15 -7.5959395e-15 1.4739528e-10)
(-5.2321227e-16 -2.5675063e-15 1.4739626e-10)
(-8.4102848e-15 -2.778567e-14 1.4742573e-10)
(-4.5396066e-15 -2.2826846e-14 1.4739422e-10)
(-2.2549916e-15 -1.1410638e-14 1.4745783e-10)
(-7.8401311e-16 -7.9418333e-15 1.4739523e-10)
(-6.8986264e-19 -2.6377458e-15 1.4739622e-10)
(-2.8467415e-15 -2.8946737e-14 1.4742576e-10)
(-8.7388209e-19 -2.3302041e-14 1.4739421e-10)
(-8.5880924e-19 -1.1642067e-14 1.4745787e-10)
(7.7856641e-16 -7.9417648e-15 1.4739523e-10)
(5.2160044e-16 -2.5664636e-15 1.4739625e-10)
(2.8418719e-15 -2.8946456e-14 1.4742576e-10)
(4.5375882e-15 -2.2825605e-14 1.4739422e-10)
(2.2532076e-15 -1.1410381e-14 1.4745782e-10)
(2.2950346e-15 -7.5957581e-15 1.4739527e-10)
(9.9687792e-16 -2.3691318e-15 1.4739633e-10)
(8.405168e-15 -2.77849e-14 1.4742572e-10)
(8.8691046e-15 -2.1429724e-14 1.4739424e-10)
(4.4112104e-15 -1.0728071e-14 1.474577e-10)
(3.6947195e-15 -6.9403826e-15 1.4739533e-10)
(1.4061141e-15 -2.0873465e-15 1.4739642e-10)
(1.3612944e-14 -2.5525248e-14 1.4742565e-10)
(1.282906e-14 -1.9212017e-14 1.4739426e-10)
(6.4029692e-15 -9.6284414e-15 1.4745755e-10)
(4.946823e-15 -6.0392505e-15 1.4739537e-10)
(1.7630631e-15 -1.7631808e-15 1.4739645e-10)
(1.8290088e-14 -2.2307001e-14 1.474256e-10)
(1.6306643e-14 -1.6306772e-14 1.4739427e-10)
(8.1646794e-15 -8.16463e-15 1.4745748e-10)
(-7.2635917e-15 5.8157775e-15 1.0974208e-10)
(-4.4301113e-14 2.9480483e-14 1.097412e-10)
(-2.2380762e-14 1.8292152e-14 1.4489746e-10)
(1.437482e-13 -1.1812869e-13 1.0993322e-10)
(7.290369e-14 -4.8791152e-14 1.097427e-10)
(4.2621312e-14 -3.5043706e-14 1.4488599e-10)
(4.1079234e-14 -2.7418335e-14 1.1012735e-10)
(2.5871799e-14 -2.1310888e-14 1.4503001e-10)
(-8.1952951e-15 4.0849366e-15 1.0974202e-10)
(-4.9137803e-14 2.0206812e-14 1.0974109e-10)
(-2.5498642e-14 1.3478743e-14 1.4489735e-10)
(1.6434263e-13 -8.8165717e-14 1.0993364e-10)
(8.1292303e-14 -3.3767064e-14 1.0974265e-10)
(4.8766747e-14 -2.6202299e-14 1.4488593e-10)
(4.5729649e-14 -1.8906986e-14 1.1012829e-10)
(2.955346e-14 -1.5955951e-14 1.450303e-10)
(-8.6340682e-15 2.3509179e-15 1.0974192e-10)
(-5.2043458e-14 1.0256431e-14 1.0974098e-10)
(-2.755291e-14 8.2192599e-15 1.448972e-10)
(1.7891184e-13 -5.4517055e-14 1.099341e-10)
(8.6582935e-14 -1.7283457e-14 1.097426e-10)
(5.3157024e-14 -1.6249969e-14 1.4488587e-10)
(4.862739e-14 -9.6483733e-15 1.1012901e-10)
(3.2188603e-14 -9.8630395e-15 1.4503063e-10)
(-8.7724033e-15 7.5289156e-16 1.0974185e-10)
(-5.3008379e-14 -4.7862382e-18 1.0974094e-10)
(-2.8559e-14 2.7535251e-15 1.448971e-10)
(1.864332e-13 -1.8435211e-14 1.099343e-10)
(8.8388938e-14 -2.2824169e-18 1.0974257e-10)
(5.5444017e-14 -5.5123363e-15 1.4488583e-10)
(4.9616122e-14 -5.649888e-19 1.1012923e-10)
(3.3548844e-14 -3.3189032e-15 1.4503081e-10)
(-8.7703279e-15 -7.7289947e-16 1.0974185e-10)
(-5.2041641e-14 -1.0265819e-14 1.0974098e-10)
(-2.8557637e-14 -2.7674337e-15 1.448971e-10)
(1.8643405e-13 1.8427198e-14 1.099343e-10)
(8.6584013e-14 1.7279016e-14 1.097426e-10)
(5.5444752e-14 5.5055185e-15 1.4488583e-10)
(4.8627646e-14 9.6472708e-15 1.1012901e-10)
(3.3549023e-14 3.3172267e-15 1.4503081e-10)
(-8.6279647e-15 -2.3700281e-15 1.0974192e-10)
(-4.913427e-14 -2.0215576e-14 1.0974109e-10)
(-2.7548891e-14 -8.2325864e-15 1.448972e-10)
(1.7891433e-13 5.4509408e-14 1.099341e-10)
(8.1294312e-14 3.3762989e-14 1.0974265e-10)
(5.3159176e-14 1.6243476e-14 1.4488587e-10)
(4.5730135e-14 1.890597e-14 1.1012829e-10)
(3.2189129e-14 9.8614418e-15 1.4503063e-10)
(-8.1856241e-15 -4.1023873e-15 1.0974202e-10)
(-4.4295997e-14 -2.9488276e-14 1.097412e-10)
(-2.5492168e-14 -1.349095e-14 1.4489735e-10)
(1.6434658e-13 8.8158752e-14 1.0993364e-10)
(7.2906372e-14 4.8787548e-14 1.097427e-10)
(4.8770116e-14 2.6196394e-14 1.4488593e-10)
(4.1079892e-14 2.7417437e-14 1.1012735e-10)
(2.9554287e-14 1.5954502e-14 1.450303e-10)
(-7.2508869e-15 -5.8310384e-15 1.0974208e-10)
(-2.2372064e-14 -1.8302781e-14 1.4489746e-10)
(-3.7647464e-14 -3.7655167e-14 1.0974124e-10)
(1.4375333e-13 1.1812259e-13 1.0993322e-10)
(4.2625665e-14 3.5038536e-14 1.4488599e-10)
(6.1937039e-14 6.1932154e-14 1.0974272e-10)
(2.5872865e-14 2.1309623e-14 1.4503001e-10)
(3.4894339e-14 3.4890366e-14 1.101269e-10)
(6.0378654e-15 -4.9486592e-15 1.4739537e-10)
(2.0874001e-15 -1.4064171e-15 1.4739642e-10)
(2.2305932e-14 -1.8291575e-14 1.474256e-10)
(1.9212064e-14 -1.282939e-14 1.4739426e-10)
(9.6285115e-15 -6.4030275e-15 1.4745755e-10)
(6.9394259e-15 -3.6969815e-15 1.4739533e-10)
(2.3692419e-15 -9.973172e-16 1.4739633e-10)
(2.5524559e-14 -1.361482e-14 1.4742566e-10)
(2.1429823e-14 -8.8696078e-15 1.4739424e-10)
(1.0728095e-14 -4.4114653e-15 1.474577e-10)
(7.5951426e-15 -2.2976628e-15 1.4739527e-10)
(2.5664167e-15 -5.2216558e-16 1.4739625e-10)
(2.7784457e-14 -8.4073695e-15 1.4742573e-10)
(2.2825523e-14 -4.5382655e-15 1.4739422e-10)
(1.1410312e-14 -2.2537416e-15 1.4745782e-10)
(7.9413478e-15 -7.8151289e-16 1.4739523e-10)
(2.6372908e-15 -9.2765871e-20 1.4739622e-10)
(2.8946039e-14 -2.8443765e-15 1.4742576e-10)
(2.3301485e-14 -9.088888e-20 1.4739421e-10)
(1.1641877e-14 -2.9964552e-20 1.4745787e-10)
(7.9414294e-15 7.8074739e-16 1.4739523e-10)
(2.5664323e-15 5.2198154e-16 1.4739625e-10)
(2.8946097e-14 2.8438662e-15 1.4742576e-10)
(2.2825574e-14 4.5380911e-15 1.4739422e-10)
(1.1410329e-14 2.2536844e-15 1.4745782e-10)
(7.5953785e-15 2.2969417e-15 1.4739527e-10)
(2.3692719e-15 9.9715162e-16 1.4739633e-10)
(2.7784625e-14 8.4068902e-15 1.4742573e-10)
(2.1429908e-14 8.8694604e-15 1.4739424e-10)
(1.0728121e-14 4.4114206e-15 1.474577e-10)
(6.9397848e-15 3.6963395e-15 1.4739533e-10)
(2.0874539e-15 1.4062833e-15 1.4739642e-10)
(2.5524812e-14 1.3614396e-14 1.4742566e-10)
(1.9212162e-14 1.2829273e-14 1.4739426e-10)
(9.6285382e-15 6.4029983e-15 1.4745755e-10)
(6.0383235e-15 4.948111e-15 1.4739537e-10)
(1.7631523e-15 1.7630915e-15 1.4739645e-10)
(2.2306245e-14 1.8291212e-14 1.474256e-10)
(1.6306743e-14 1.6306672e-14 1.4739427e-10)
(8.1647018e-15 8.1646076e-15 1.4745748e-10)
(-5.8090035e-15 -7.2693646e-15 1.0974208e-10)
(-2.9479098e-14 -4.4302013e-14 1.097412e-10)
(-1.8289993e-14 -2.2382603e-14 1.4489746e-10)
(1.181401e-13 1.4373823e-13 1.0993322e-10)
(4.8793032e-14 7.2902098e-14 1.097427e-10)
(3.5047113e-14 4.2618316e-14 1.4488599e-10)
(2.7422015e-14 4.1076766e-14 1.1012735e-10)
(2.1318093e-14 2.5865871e-14 1.4503001e-10)
(-4.076945e-15 -8.200006e-15 1.0974202e-10)
(-2.0205258e-14 -4.9138325e-14 1.0974109e-10)
(-1.3476211e-14 -2.5500117e-14 1.4489735e-10)
(8.8178968e-14 1.643344e-13 1.0993364e-10)
(3.3769219e-14 8.1291202e-14 1.0974265e-10)
(2.6206255e-14 4.8764263e-14 1.4488593e-10)
(1.8910876e-14 4.5728129e-14 1.1012828e-10)
(1.5964303e-14 2.9548991e-14 1.450303e-10)
(-2.3415574e-15 -8.6372191e-15 1.0974192e-10)
(-1.0254831e-14 -5.2043435e-14 1.0974098e-10)
(-8.2163301e-15 -2.755381e-14 1.448972e-10)
(5.4532436e-14 1.7890667e-13 1.099341e-10)
(1.7285828e-14 8.6583009e-14 1.097426e-10)
(1.6254576e-14 5.3155502e-14 1.4488587e-10)
(9.6521191e-15 4.8626995e-14 1.1012901e-10)
(9.8723062e-15 3.2185882e-14 1.4503063e-10)
(-7.4246317e-16 -8.7731845e-15 1.0974185e-10)
(6.1139768e-18 -5.300766e-14 1.0974094e-10)
(-2.7503538e-15 -2.8559001e-14 1.448971e-10)
(1.8452055e-14 1.8643311e-13 1.099343e-10)
(4.3551149e-18 8.8390949e-14 1.0974257e-10)
(5.5173622e-15 5.5444135e-14 1.4488583e-10)
(3.7200965e-18 4.9616903e-14 1.1012924e-10)
(3.3286067e-15 3.3548167e-14 1.4503081e-10)
(7.8325903e-16 -8.7680151e-15 1.0974185e-10)
(1.0265773e-14 -5.2040467e-14 1.0974098e-10)
(2.7702758e-15 -2.8556483e-14 1.448971e-10)
(-1.8411002e-14 1.8644083e-13 1.099343e-10)
(-1.7278221e-14 8.6588016e-14 1.097426e-10)
(-5.5008255e-15 5.5447089e-14 1.4488583e-10)
(-9.6451161e-15 4.8629404e-14 1.1012903e-10)
(-3.3078603e-15 3.3550493e-14 1.4503082e-10)
(2.3785534e-15 -8.6235351e-15 1.0974192e-10)
(2.0216816e-14 -4.913675e-14 1.097411e-10)
(8.2338322e-15 -2.7546992e-14 1.448972e-10)
(-5.4496824e-14 1.7892821e-13 1.0993411e-10)
(-3.3763049e-14 8.1299476e-14 1.0974265e-10)
(-1.6240092e-14 5.3163385e-14 1.4488587e-10)
(-1.8904419e-14 4.5732586e-14 1.1012832e-10)
(-9.8531999e-15 3.2192428e-14 1.4503064e-10)
(4.1119077e-15 -8.1827424e-15 1.0974202e-10)
(2.9491361e-14 -4.4301829e-14 1.097412e-10)
(1.3494672e-14 -2.549464e-14 1.4489736e-10)
(-8.8151547e-14 1.6436571e-13 1.0993366e-10)
(-4.8791314e-14 7.2911741e-14 1.097427e-10)
(-2.6193687e-14 4.8775422e-14 1.4488594e-10)
(-2.7418188e-14 4.1081581e-14 1.101274e-10)
(-1.5947716e-14 2.955912e-14 1.4503031e-10)
(5.8271115e-15 -7.2513588e-15 1.0974209e-10)
(1.8300725e-14 -2.2376256e-14 1.4489747e-10)
(-1.1813182e-13 1.4377148e-13 1.0993325e-10)
(-3.5043711e-14 4.2629571e-14 1.44886e-10)
(-2.1307998e-14 2.5876014e-14 1.4503004e-10)
(4.947371e-15 6.0387928e-15 1.4739537e-10)
(1.4062468e-15 2.0872932e-15 1.4739642e-10)
(1.8290451e-14 2.2306689e-14 1.474256e-10)
(1.2829176e-14 1.921192e-14 1.4739426e-10)
(6.4029976e-15 9.6284153e-15 1.4745755e-10)
(3.6953599e-15 6.9400247e-15 1.4739533e-10)
(9.9703954e-16 2.3691026e-15 1.4739633e-10)
(1.3613366e-14 2.5524995e-14 1.4742565e-10)
(8.8692487e-15 2.1429639e-14 1.4739424e-10)
(4.4112522e-15 1.0728045e-14 1.474577e-10)
(2.2957498e-15 7.5955232e-15 1.4739527e-10)
(5.2176957e-16 2.5664459e-15 1.4739625e-10)
(8.4056424e-15 2.7784733e-14 1.4742572e-10)
(4.5377511e-15 2.2825553e-14 1.4739422e-10)
(2.2532557e-15 1.1410365e-14 1.4745782e-10)
(7.7930807e-16 7.9416794e-15 1.4739523e-10)
(-5.642285e-19 2.6377176e-15 1.4739622e-10)
(2.8423643e-15 2.8946397e-14 1.4742576e-10)
(-7.3330835e-19 2.3302018e-14 1.4739421e-10)
(-8.2979353e-19 1.1642061e-14 1.4745787e-10)
(-7.8333682e-16 7.9418681e-15 1.4739523e-10)
(-5.232676e-16 2.5673485e-15 1.4739626e-10)
(-2.8462886e-15 2.8946767e-14 1.4742576e-10)
(-4.5395571e-15 2.2826744e-14 1.4739422e-10)
(-2.25502e-15 1.1410605e-14 1.4745783e-10)
(-2.3001717e-15 7.5958545e-15 1.4739528e-10)
(-9.9898603e-16 2.3699917e-15 1.4739634e-10)
(-8.4099554e-15 2.7785662e-14 1.4742573e-10)
(-8.8716217e-15 2.1431417e-14 1.4739425e-10)
(-4.4131119e-15 1.0728393e-14 1.4745771e-10)
(-3.6994427e-15 6.9395619e-15 1.4739534e-10)
(-1.4080054e-15 2.0886344e-15 1.4739643e-10)
(-1.3617696e-14 2.5525904e-14 1.4742567e-10)
(-1.2832112e-14 1.9214249e-14 1.4739427e-10)
(-6.4049109e-15 9.6288623e-15 1.4745756e-10)
(-4.9511775e-15 6.0391965e-15 1.4739538e-10)
(-1.8295393e-14 2.2307946e-14 1.4742561e-10)
)
;

boundaryField
{
    inlet
    {
        type            calculated;
        value           nonuniform List<vector> 
192
(
(5.7186277e-09 -4.8571143e-09 0.00010544295)
(7.2285574e-09 -4.1661956e-09 0.00010544942)
(8.7210578e-09 -2.7639474e-09 0.00010546045)
(9.2901605e-09 -8.8821491e-10 0.00010546801)
(9.2903735e-09 8.8823538e-10 0.00010547043)
(8.7217962e-09 2.7641816e-09 0.00010546939)
(7.2298765e-09 4.166956e-09 0.00010546867)
(5.7199472e-09 4.8582352e-09 0.0001054673)
(0 0 0.00022589583)
(0 0 0.00022592041)
(0 0 0.00022595679)
(0 0 0.0002259809)
(0 0 0.00022598622)
(0 0 0.00022597628)
(0 0 0.00022596389)
(0 0 0.00022595379)
(0 0 0.00026770349)
(0 0 0.00026774084)
(0 0 0.00026779839)
(0 0 0.00026784341)
(0 0 0.00026784952)
(0 0 0.00026782148)
(0 0 0.00026779266)
(0 0 0.00026777439)
(4.858166e-09 5.7199024e-09 0.00010546694)
(4.1668473e-09 7.2297054e-09 0.0001054678)
(2.7641405e-09 8.7215958e-09 0.0001054684)
(8.8833691e-10 9.2904761e-09 0.00010547036)
(-8.8818583e-10 9.2909285e-09 0.00010547061)
(-2.764385e-09 8.7225199e-09 0.00010546901)
(-4.1673278e-09 7.2304785e-09 0.00010546848)
(-4.8586376e-09 5.7203964e-09 0.00010546773)
(0 0 0.00022595289)
(0 0 0.00022596158)
(0 0 0.00022597344)
(0 0 0.00022598494)
(0 0 0.0002259853)
(0 0 0.00022597426)
(0 0 0.00022596246)
(0 0 0.00022595389)
(0 0 0.00026777304)
(0 0 0.00026778913)
(0 0 0.00026781684)
(0 0 0.00026784614)
(0 0 0.00026784619)
(0 0 0.00026781693)
(0 0 0.00026778911)
(0 0 0.00026777312)
(-5.7203951e-09 4.8586005e-09 0.00010546823)
(-7.2304443e-09 4.167296e-09 0.00010546985)
(-8.7225361e-09 2.7644114e-09 0.00010547098)
(-9.2912269e-09 8.8830533e-10 0.00010547314)
(-9.2912399e-09 -8.8830646e-10 0.00010547329)
(-8.7225586e-09 -2.7644184e-09 0.00010547124)
(-7.2304584e-09 -4.167304e-09 0.00010547004)
(-5.7204008e-09 -4.8586052e-09 0.00010546831)
(0 0 0.00022595504)
(0 0 0.00022596553)
(0 0 0.00022597859)
(0 0 0.00022599061)
(0 0 0.00022599079)
(0 0 0.00022597884)
(0 0 0.00022596555)
(0 0 0.00022595486)
(0 0 0.00026777479)
(0 0 0.00026779358)
(0 0 0.00026782315)
(0 0 0.00026785337)
(0 0 0.00026785343)
(0 0 0.00026782316)
(0 0 0.0002677935)
(0 0 0.00026777476)
(-4.8586388e-09 -5.7203978e-09 0.00010546772)
(-4.1673235e-09 -7.2304711e-09 0.00010546834)
(-2.7643776e-09 -8.7224965e-09 0.0001054687)
(-8.8818116e-10 -9.2908793e-09 0.00010547002)
(8.8832542e-10 -9.2903557e-09 0.00010546897)
(2.7640856e-09 -8.7214227e-09 0.00010546628)
(4.1668676e-09 -7.2297407e-09 0.00010546828)
(4.8581931e-09 -5.7199342e-09 0.00010546749)
(0 0 0.00022595354)
(0 0 0.00022596178)
(0 0 0.00022597302)
(0 0 0.00022598294)
(0 0 0.00022598003)
(0 0 0.00022596575)
(0 0 0.00022595932)
(0 0 0.00022595301)
(0 0 0.00026777318)
(0 0 0.00026778901)
(0 0 0.00026781626)
(0 0 0.00026784388)
(0 0 0.00026783981)
(0 0 0.00026780618)
(0 0 0.00026778485)
(0 0 0.00026777243)
(0 0 0.00024012322)
(0 0 0.00024016741)
(0 0 0.00024022513)
(0 0 0.00024026355)
(0 0 0.00024026862)
(0 0 0.00024024453)
(0 0 0.00024021316)
(0 0 0.00024018902)
(0 0 0.00017575975)
(0 0 0.0001758007)
(0 0 0.00017584026)
(0 0 0.00017585475)
(0 0 0.00017585808)
(0 0 0.00017585325)
(0 0 0.00017583084)
(0 0 0.00017580623)
(-2.0289388e-07 1.6642255e-07 7.1273034e-05)
(-2.3230765e-07 1.239965e-07 7.1294716e-05)
(-2.527878e-07 7.6633036e-08 7.1312027e-05)
(-2.6289738e-07 2.5931548e-08 7.1308646e-05)
(-2.6290187e-07 -2.5931991e-08 7.1309864e-05)
(-2.5280421e-07 -7.663801e-08 7.1316656e-05)
(-2.323434e-07 -1.2401559e-07 7.1305688e-05)
(-2.0293899e-07 -1.6645956e-07 7.1288882e-05)
(0 0 0.00024018763)
(0 0 0.00024020948)
(0 0 0.00024023951)
(0 0 0.00024026422)
(0 0 0.00024026408)
(0 0 0.00024023918)
(0 0 0.00024020908)
(0 0 0.00024018742)
(0 0 0.00017580511)
(0 0 0.00017582793)
(0 0 0.0001758493)
(0 0 0.00017585435)
(0 0 0.00017585409)
(0 0 0.00017584878)
(0 0 0.00017582748)
(0 0 0.00017580495)
(-1.6645891e-07 -2.0293873e-07 7.1288369e-05)
(-1.240148e-07 -2.3234261e-07 7.1304376e-05)
(-7.6637582e-08 -2.5280378e-07 7.131487e-05)
(-2.5931892e-08 -2.6290357e-07 7.1308115e-05)
(2.5932524e-08 -2.6290493e-07 7.1307985e-05)
(7.663933e-08 -2.52808e-07 7.1314622e-05)
(1.2401894e-07 -2.3234946e-07 7.1304172e-05)
(1.6646658e-07 -2.0294748e-07 7.1288323e-05)
(0 0 0.00024018922)
(0 0 0.00024021392)
(0 0 0.00024024589)
(0 0 0.00024027155)
(0 0 0.00024027145)
(0 0 0.00024024554)
(0 0 0.0002402135)
(0 0 0.000240189)
(0 0 0.0001758065)
(0 0 0.00017583172)
(0 0 0.00017585472)
(0 0 0.00017586056)
(0 0 0.00017586036)
(0 0 0.00017585424)
(0 0 0.00017583133)
(0 0 0.00017580643)
(2.0295098e-07 -1.6646896e-07 7.1289077e-05)
(2.3236007e-07 -1.240242e-07 7.1306226e-05)
(2.5282478e-07 -7.6644096e-08 7.1317502e-05)
(2.629255e-07 -2.5934278e-08 7.1311133e-05)
(2.6292523e-07 2.5934252e-08 7.1311061e-05)
(2.5282424e-07 7.664393e-08 7.1317348e-05)
(2.3235987e-07 1.2402409e-07 7.1306165e-05)
(2.0295141e-07 1.6646932e-07 7.1289229e-05)
(0 0 0.0002401874)
(0 0 0.00024020903)
(0 0 0.00024023862)
(0 0 0.00024026173)
(0 0 0.00024025749)
(0 0 0.00024022754)
(0 0 0.00024020339)
(0 0 0.00024018706)
(0 0 0.00017580515)
(0 0 0.0001758278)
(0 0 0.0001758489)
(0 0 0.00017585286)
(0 0 0.00017584957)
(0 0 0.00017584029)
(0 0 0.00017582238)
(0 0 0.00017580571)
(1.6646737e-07 2.0294845e-07 7.1288662e-05)
(1.2401974e-07 2.3235096e-07 7.1304632e-05)
(7.6639819e-08 2.5280962e-07 7.1315077e-05)
(2.5932521e-08 2.629049e-07 7.1307978e-05)
(-2.5931402e-08 2.6289861e-07 7.1306767e-05)
(-7.6634245e-08 2.5279277e-07 7.1311764e-05)
(-1.2401184e-07 2.3233707e-07 7.1302676e-05)
(-1.6645766e-07 2.0293721e-07 7.1287835e-05)
)
;
    }
    fsi_pia
    {
        type            calculated;
        value           nonuniform List<vector> 
960
(
(-2.0089346e-07 1.620035e-07 -1.8601738e-08)
(-2.3039149e-07 1.1552496e-07 -1.792866e-08)
(-2.5157548e-07 6.705807e-08 -1.8201816e-08)
(-2.6361927e-07 2.1590877e-08 -2.0333707e-08)
(-2.6361925e-07 -2.1591034e-08 -2.0333708e-08)
(-2.5157543e-07 -6.705822e-08 -1.8201819e-08)
(-2.303914e-07 -1.155251e-07 -1.7928665e-08)
(-2.0089335e-07 -1.6200361e-07 -1.8601744e-08)
(-3.2824605e-07 2.6467977e-07 -4.5806342e-08)
(-3.8809573e-07 1.9747985e-07 -4.512256e-08)
(-4.3695339e-07 1.2373076e-07 -4.4794502e-08)
(-4.6439629e-07 4.2432745e-08 -4.5653773e-08)
(-4.6439625e-07 -4.2433062e-08 -4.5653776e-08)
(-4.3695328e-07 -1.2373107e-07 -4.479451e-08)
(-3.8809555e-07 -1.9748012e-07 -4.5122573e-08)
(-3.2824581e-07 -2.6468e-07 -4.5806359e-08)
(-3.800502e-07 3.056129e-07 -5.5278737e-08)
(-4.5371464e-07 2.2945307e-07 -5.5170139e-08)
(-5.1569478e-07 1.4523185e-07 -5.4339487e-08)
(-5.5075214e-07 5.0165255e-08 -5.3074548e-08)
(-5.5075208e-07 -5.0165762e-08 -5.3074552e-08)
(-5.156946e-07 -1.4523233e-07 -5.4339501e-08)
(-4.5371435e-07 -2.2945351e-07 -5.5170162e-08)
(-3.8004981e-07 -3.0561327e-07 -5.5278767e-08)
(-3.7089707e-07 2.976631e-07 -5.369037e-08)
(-4.4295908e-07 2.223399e-07 -5.3488498e-08)
(-5.0380907e-07 1.397281e-07 -5.3078478e-08)
(-5.3853252e-07 4.8006651e-08 -5.2672817e-08)
(-5.3853243e-07 -4.8007328e-08 -5.2672824e-08)
(-5.0380882e-07 -1.3972875e-07 -5.3078498e-08)
(-4.4295868e-07 -2.2234048e-07 -5.348853e-08)
(-3.7089652e-07 -2.9766359e-07 -5.3690413e-08)
(-3.6759807e-07 2.9464255e-07 -4.1087442e-08)
(-4.394182e-07 2.1969867e-07 -4.1048272e-08)
(-5.0026795e-07 1.3781845e-07 -4.0925089e-08)
(-5.3520324e-07 4.7294776e-08 -4.0716825e-08)
(-5.3520314e-07 -4.7295603e-08 -4.0716833e-08)
(-5.0026764e-07 -1.3781923e-07 -4.0925114e-08)
(-4.3941769e-07 -2.1969937e-07 -4.1048312e-08)
(-3.6759739e-07 -2.9464314e-07 -4.1087495e-08)
(-3.6504492e-07 2.9265055e-07 -2.5868146e-08)
(-4.3646543e-07 2.1834222e-07 -2.5827862e-08)
(-4.9698792e-07 1.3704256e-07 -2.5744676e-08)
(-5.3163972e-07 4.7038566e-08 -2.5746784e-08)
(-5.3163959e-07 -4.7039525e-08 -2.5746794e-08)
(-4.9698755e-07 -1.3704347e-07 -2.5744703e-08)
(-4.3646483e-07 -2.1834303e-07 -2.5827906e-08)
(-3.650441e-07 -2.9265122e-07 -2.5868205e-08)
(-3.6127779e-07 2.8894914e-07 -8.7743176e-09)
(-4.3412005e-07 2.1585608e-07 -8.5191394e-09)
(-4.9669087e-07 1.3588966e-07 -8.1804884e-09)
(-5.3275512e-07 4.6743805e-08 -7.8640468e-09)
(-5.3275498e-07 -4.6744883e-08 -7.8640562e-09)
(-4.9669044e-07 -1.3589068e-07 -8.1805164e-09)
(-4.3411935e-07 -2.1585699e-07 -8.5191849e-09)
(-3.6127685e-07 -2.8894989e-07 -8.7743787e-09)
(-3.5786051e-07 2.8579461e-07 1.0230388e-08)
(-4.3112469e-07 2.134869e-07 1.0181314e-08)
(-4.9459478e-07 1.3446904e-07 1.0193793e-08)
(-5.3147024e-07 4.6270356e-08 1.0273656e-08)
(-5.3147008e-07 -4.6271539e-08 1.0273647e-08)
(-4.9459429e-07 -1.3447016e-07 1.0193765e-08)
(-4.3112391e-07 -2.134879e-07 1.018127e-08)
(-3.5785946e-07 -2.8579543e-07 1.0230328e-08)
(-3.5725888e-07 2.8530475e-07 2.8639876e-08)
(-4.3042417e-07 2.1312081e-07 2.8699231e-08)
(-4.9381748e-07 1.3424149e-07 2.873115e-08)
(-5.3065045e-07 4.6193164e-08 2.8704191e-08)
(-5.3065028e-07 -4.6194438e-08 2.8704182e-08)
(-4.9381695e-07 -1.3424269e-07 2.8731124e-08)
(-4.3042331e-07 -2.1312187e-07 2.8699189e-08)
(-3.5725773e-07 -2.8530563e-07 2.863982e-08)
(-3.5901172e-07 2.8712064e-07 4.8066966e-08)
(-4.3145199e-07 2.1449891e-07 4.7817395e-08)
(-4.9369585e-07 1.3504914e-07 4.7519871e-08)
(-5.2957139e-07 4.6458896e-08 4.7258487e-08)
(-5.295712e-07 -4.6460251e-08 4.725848e-08)
(-4.9369528e-07 -1.3505042e-07 4.7519848e-08)
(-4.3145106e-07 -2.1450005e-07 4.7817358e-08)
(-3.5901047e-07 -2.8712156e-07 4.8066917e-08)
(-3.5947446e-07 2.8816714e-07 6.6471751e-08)
(-4.2993426e-07 2.1505188e-07 6.6440129e-08)
(-4.8970629e-07 1.3504059e-07 6.6389924e-08)
(-5.2393524e-07 4.6369757e-08 6.6420971e-08)
(-5.2393504e-07 -4.6371182e-08 6.6420965e-08)
(-4.8970569e-07 -1.3504194e-07 6.6389905e-08)
(-4.2993328e-07 -2.1505307e-07 6.6440098e-08)
(-3.5947314e-07 -2.8816811e-07 6.647171e-08)
(-3.5815409e-07 2.8700333e-07 8.440397e-08)
(-4.2834543e-07 2.1400944e-07 8.4390488e-08)
(-4.8791553e-07 1.3425935e-07 8.4353359e-08)
(-5.2214819e-07 4.6072822e-08 8.4313207e-08)
(-5.2214797e-07 -4.6074304e-08 8.4313202e-08)
(-4.8791489e-07 -1.3426075e-07 8.4353344e-08)
(-4.283444e-07 -2.1401067e-07 8.4390464e-08)
(-3.5815271e-07 -2.8700433e-07 8.4403938e-08)
(-3.5939669e-07 2.8810355e-07 1.0238776e-07)
(-4.2984541e-07 2.1500481e-07 1.0238747e-07)
(-4.8960969e-07 1.3501133e-07 1.0234908e-07)
(-5.238343e-07 4.635963e-08 1.0222073e-07)
(-5.2383408e-07 -4.6361159e-08 1.0222073e-07)
(-4.8960903e-07 -1.3501277e-07 1.0234907e-07)
(-4.2984435e-07 -2.1500609e-07 1.0238746e-07)
(-3.5939525e-07 -2.8810458e-07 1.0238774e-07)
(-3.5880601e-07 2.8695014e-07 1.2074997e-07)
(-4.3121689e-07 2.1437144e-07 1.2096625e-07)
(-4.9344033e-07 1.3497038e-07 1.2117289e-07)
(-5.2930597e-07 4.6432311e-08 1.2133577e-07)
(-5.2930575e-07 -4.6433877e-08 1.2133577e-07)
(-4.9343966e-07 -1.3497186e-07 1.2117288e-07)
(-4.312158e-07 -2.1437275e-07 1.2096624e-07)
(-3.5880454e-07 -2.8695119e-07 1.2074996e-07)
(-3.5681761e-07 2.8494048e-07 1.4006524e-07)
(-4.299154e-07 2.1284595e-07 1.3997411e-07)
(-4.9325819e-07 1.3406785e-07 1.3986118e-07)
(-5.3006402e-07 4.6133181e-08 1.3980326e-07)
(-5.3006379e-07 -4.6134771e-08 1.3980326e-07)
(-4.9325751e-07 -1.3406935e-07 1.3986118e-07)
(-4.2991429e-07 -2.1284727e-07 1.3997411e-07)
(-3.5681613e-07 -2.8494155e-07 1.4006524e-07)
(-3.5680865e-07 2.8493207e-07 1.585198e-07)
(-4.2990487e-07 2.1283975e-07 1.5853121e-07)
(-4.932465e-07 1.340641e-07 1.5842931e-07)
(-5.3005165e-07 4.6131933e-08 1.5825704e-07)
(-5.3005143e-07 -4.6133535e-08 1.5825704e-07)
(-4.9324582e-07 -1.3406561e-07 1.5842931e-07)
(-4.2990377e-07 -2.1284108e-07 1.5853122e-07)
(-3.5680716e-07 -2.8493315e-07 1.5851981e-07)
(-3.5877928e-07 2.8692405e-07 1.7797953e-07)
(-4.3118477e-07 2.1435068e-07 1.7767242e-07)
(-4.9340339e-07 1.3495525e-07 1.7721525e-07)
(-5.2926526e-07 4.6426168e-08 1.7677804e-07)
(-5.2926503e-07 -4.6427768e-08 1.7677804e-07)
(-4.9340272e-07 -1.3495676e-07 1.7721526e-07)
(-4.3118368e-07 -2.1435202e-07 1.7767243e-07)
(-3.587778e-07 -2.8692514e-07 1.7797955e-07)
(-3.5935024e-07 2.8805783e-07 1.9627007e-07)
(-4.2979004e-07 2.1497105e-07 1.9618118e-07)
(-4.8954732e-07 1.3499253e-07 1.959734e-07)
(-5.2376873e-07 4.6354293e-08 1.9583195e-07)
(-5.2376851e-07 -4.6355876e-08 1.9583196e-07)
(-4.8954667e-07 -1.3499402e-07 1.9597342e-07)
(-4.2978897e-07 -2.1497238e-07 1.961812e-07)
(-3.593488e-07 -2.8805891e-07 1.962701e-07)
(-3.5808823e-07 2.8694038e-07 2.139805e-07)
(-4.2826728e-07 2.1396171e-07 2.1391759e-07)
(-4.8782786e-07 1.3422992e-07 2.1374784e-07)
(-5.2205524e-07 4.6062953e-08 2.1356605e-07)
(-5.2205503e-07 -4.6064505e-08 2.1356605e-07)
(-4.8782723e-07 -1.3423139e-07 2.1374786e-07)
(-4.2826625e-07 -2.1396302e-07 2.1391761e-07)
(-3.5808683e-07 -2.8694145e-07 2.1398053e-07)
(-3.5939413e-07 2.8808689e-07 2.3198586e-07)
(-4.2983854e-07 2.1498867e-07 2.3192794e-07)
(-4.8959873e-07 1.3499863e-07 2.3173162e-07)
(-5.238205e-07 4.63545e-08 2.3143061e-07)
(-5.2382029e-07 -4.6356004e-08 2.3143061e-07)
(-4.8959812e-07 -1.3500006e-07 2.3173164e-07)
(-4.2983755e-07 -2.1498994e-07 2.3192797e-07)
(-3.593928e-07 -2.8808793e-07 2.319859e-07)
(-3.5892658e-07 2.8702928e-07 2.5026018e-07)
(-4.3134451e-07 2.1442504e-07 2.5041903e-07)
(-4.9356822e-07 1.3500169e-07 2.504658e-07)
(-5.2943251e-07 4.6443009e-08 2.5045305e-07)
(-5.2943232e-07 -4.644445e-08 2.5045306e-07)
(-4.9356765e-07 -1.3500305e-07 2.5046582e-07)
(-4.3134358e-07 -2.1442625e-07 2.5041907e-07)
(-3.5892532e-07 -2.8703028e-07 2.5026023e-07)
(-3.5720924e-07 2.8524352e-07 2.6932582e-07)
(-4.3034151e-07 2.1306482e-07 2.6918808e-07)
(-4.9369335e-07 1.3419922e-07 2.6894117e-07)
(-5.3049618e-07 4.6177e-08 2.6873679e-07)
(-5.30496e-07 -4.6178361e-08 2.687368e-07)
(-4.9369281e-07 -1.3420051e-07 2.6894119e-07)
(-4.3034065e-07 -2.1306597e-07 2.6918812e-07)
(-3.5720808e-07 -2.8524448e-07 2.6932587e-07)
(-3.5789223e-07 2.8580095e-07 2.8748708e-07)
(-4.3112532e-07 2.1348488e-07 2.874588e-07)
(-4.9454639e-07 1.3446299e-07 2.8723292e-07)
(-5.3138163e-07 4.6267264e-08 2.8692069e-07)
(-5.3138147e-07 -4.6268528e-08 2.869207e-07)
(-4.945459e-07 -1.3446419e-07 2.8723295e-07)
(-4.3112453e-07 -2.1348596e-07 2.8745884e-07)
(-3.5789117e-07 -2.8580184e-07 2.8748713e-07)
(-3.6141726e-07 2.8904485e-07 3.0627997e-07)
(-4.3425285e-07 2.159279e-07 3.0593957e-07)
(-4.9680137e-07 1.3593561e-07 3.0535612e-07)
(-5.3284303e-07 4.6759841e-08 3.0476757e-07)
(-5.3284288e-07 -4.6760993e-08 3.0476758e-07)
(-4.9680094e-07 -1.3593671e-07 3.0535614e-07)
(-4.3425215e-07 -2.1592888e-07 3.0593961e-07)
(-3.6141631e-07 -2.8904567e-07 3.0628002e-07)
(-3.6556739e-07 2.9305507e-07 3.2260221e-07)
(-4.3708047e-07 2.186478e-07 3.2248591e-07)
(-4.9768253e-07 1.3724272e-07 3.2217296e-07)
(-5.3238363e-07 4.7110374e-08 3.2191804e-07)
(-5.323835e-07 -4.7111396e-08 3.2191805e-07)
(-4.9768215e-07 -1.3724369e-07 3.2217299e-07)
(-4.3707986e-07 -2.1864867e-07 3.2248594e-07)
(-3.6556657e-07 -2.9305581e-07 3.2260226e-07)
(-3.6963783e-07 2.9621513e-07 3.3598053e-07)
(-4.4186912e-07 2.2078854e-07 3.3588435e-07)
(-5.0306865e-07 1.384244e-07 3.3561092e-07)
(-5.3822493e-07 4.7479724e-08 3.3527643e-07)
(-5.3822482e-07 -4.7480601e-08 3.3527644e-07)
(-5.0306833e-07 -1.3842524e-07 3.3561094e-07)
(-4.4186861e-07 -2.2078929e-07 3.3588438e-07)
(-3.6963714e-07 -2.9621577e-07 3.3598057e-07)
(-3.7673272e-07 3.0224915e-07 3.4491863e-07)
(-4.4988164e-07 2.2557234e-07 3.4460596e-07)
(-5.1157205e-07 1.4155922e-07 3.4393251e-07)
(-5.4675792e-07 4.8574593e-08 3.4325754e-07)
(-5.4675783e-07 -4.8575307e-08 3.4325754e-07)
(-5.115718e-07 -1.415599e-07 3.4393253e-07)
(-4.4988123e-07 -2.2557296e-07 3.4460599e-07)
(-3.7673217e-07 -3.0224967e-07 3.4491867e-07)
(-3.9370036e-07 3.167838e-07 3.3857211e-07)
(-4.693295e-07 2.3774936e-07 3.3823928e-07)
(-5.3259886e-07 1.5034452e-07 3.3689072e-07)
(-5.6822335e-07 5.1894495e-08 3.3497469e-07)
(-5.6822329e-07 -5.189503e-08 3.3497469e-07)
(-5.3259867e-07 -1.5034503e-07 3.3689073e-07)
(-4.693292e-07 -2.3774982e-07 3.382393e-07)
(-3.9369996e-07 -3.1678419e-07 3.3857213e-07)
(-3.43392e-07 2.7722204e-07 3.0873607e-07)
(-4.0501582e-07 2.0685056e-07 3.0794985e-07)
(-4.5474774e-07 1.2960421e-07 3.0734343e-07)
(-4.8243729e-07 4.4465128e-08 3.0790952e-07)
(-4.8243726e-07 -4.4465465e-08 3.0790952e-07)
(-4.5474763e-07 -1.2960453e-07 3.0734344e-07)
(-4.0501563e-07 -2.0685085e-07 3.0794987e-07)
(-3.4339176e-07 -2.7722228e-07 3.0873609e-07)
(-1.4017405e-07 1.1343982e-07 1.5400295e-07)
(-1.6292465e-07 8.3438241e-08 1.5346614e-07)
(-1.8025042e-07 5.1075128e-08 1.521948e-07)
(-1.8979537e-07 1.7218087e-08 1.5123799e-07)
(-1.8979536e-07 -1.7218203e-08 1.5123799e-07)
(-1.8025038e-07 -5.1075239e-08 1.521948e-07)
(-1.6292459e-07 -8.3438341e-08 1.5346614e-07)
(-1.4017396e-07 -1.134399e-07 1.5400296e-07)
(-1.6200297e-07 -2.0089398e-07 -1.8601772e-08)
(-1.1552443e-07 -2.3039203e-07 -1.7928762e-08)
(-6.7057545e-08 -2.5157604e-07 -1.8201981e-08)
(-2.1590341e-08 -2.6361985e-07 -2.0333809e-08)
(2.1591654e-08 -2.6361992e-07 -2.0333657e-08)
(6.7058931e-08 -2.5157619e-07 -1.8201713e-08)
(1.1552581e-07 -2.3039216e-07 -1.7928604e-08)
(1.620043e-07 -2.0089406e-07 -1.8601734e-08)
(-2.646805e-07 -3.2824535e-07 -4.5806426e-08)
(-1.9748062e-07 -3.8809515e-07 -4.5122767e-08)
(-1.2373153e-07 -4.3695296e-07 -4.4794761e-08)
(-4.2433442e-08 -4.6439598e-07 -4.5653956e-08)
(4.2432462e-08 -4.6439604e-07 -4.5653845e-08)
(1.2373057e-07 -4.3695314e-07 -4.4794542e-08)
(1.9747972e-07 -3.8809539e-07 -4.5122647e-08)
(2.6467969e-07 -3.2824559e-07 -4.580648e-08)
(-3.0561452e-07 -3.8004866e-07 -5.5278784e-08)
(-2.2945476e-07 -4.5371336e-07 -5.5170213e-08)
(-1.4523344e-07 -5.1569383e-07 -5.4339539e-08)
(-5.0166658e-08 -5.507515e-07 -5.3074464e-08)
(5.0164518e-08 -5.5075161e-07 -5.3074304e-08)
(1.452312e-07 -5.1569416e-07 -5.433919e-08)
(2.2945252e-07 -4.5371384e-07 -5.5169867e-08)
(3.0561247e-07 -3.8004918e-07 -5.5278488e-08)
(-2.9766528e-07 -3.7089488e-07 -5.3690399e-08)
(-2.2234219e-07 -4.429571e-07 -5.3488488e-08)
(-1.3973034e-07 -5.0380737e-07 -5.3078388e-08)
(-4.8008713e-08 -5.3853112e-07 -5.2672603e-08)
(4.8005411e-08 -5.3853121e-07 -5.2672514e-08)
(1.3972693e-07 -5.0380765e-07 -5.3078132e-08)
(2.2233883e-07 -4.4295749e-07 -5.3488113e-08)
(2.9766216e-07 -3.7089526e-07 -5.3689954e-08)
(-2.9464445e-07 -3.6759603e-07 -4.1087542e-08)
(-2.1970055e-07 -4.3941636e-07 -4.1048399e-08)
(-1.3782015e-07 -5.0026644e-07 -4.0925046e-08)
(-4.7296236e-08 -5.3520206e-07 -4.0716437e-08)
(4.7294242e-08 -5.352021e-07 -4.0716135e-08)
(1.378178e-07 -5.0026653e-07 -4.0924254e-08)
(2.1969788e-07 -4.3941644e-07 -4.1047436e-08)
(2.9464171e-07 -3.6759603e-07 -4.1086646e-08)
(-2.9265261e-07 -3.6504259e-07 -2.5868154e-08)
(-2.1834416e-07 -4.3646332e-07 -2.5827757e-08)
(-1.3704416e-07 -4.9698625e-07 -2.5744385e-08)
(-4.7039772e-08 -5.3163852e-07 -2.5746112e-08)
(4.7038368e-08 -5.3163852e-07 -2.5745747e-08)
(1.3704199e-07 -4.9698622e-07 -2.574355e-08)
(2.1834124e-07 -4.3646321e-07 -2.5826783e-08)
(2.9264937e-07 -3.6504233e-07 -2.5867089e-08)
(-2.8895148e-07 -3.6127505e-07 -8.7743652e-09)
(-2.1585833e-07 -4.3411743e-07 -8.5190994e-09)
(-1.3589159e-07 -4.9668864e-07 -8.1801639e-09)
(-4.6745366e-08 -5.3275337e-07 -7.8633156e-09)
(4.674331e-08 -5.3275334e-07 -7.8630369e-09)
(1.358887e-07 -4.9668852e-07 -8.1793521e-09)
(2.1585467e-07 -4.3411718e-07 -8.517983e-09)
(2.8894753e-07 -3.6127461e-07 -8.7731766e-09)
(-2.8579666e-07 -3.5785795e-07 1.0230366e-08)
(-2.1348881e-07 -4.3112219e-07 1.018141e-08)
(-1.3447062e-07 -4.9459263e-07 1.0194167e-08)
(-4.6271582e-08 -5.3146854e-07 1.0274507e-08)
(4.6270244e-08 -5.3146847e-07 1.0274926e-08)
(1.3446837e-07 -4.9459241e-07 1.0195247e-08)
(2.1348569e-07 -4.3112178e-07 1.0182793e-08)
(2.8579315e-07 -3.5785731e-07 1.0231859e-08)
(-2.8530671e-07 -3.5725626e-07 2.8639857e-08)
(-2.1312257e-07 -4.3042155e-07 2.8699336e-08)
(-1.3424285e-07 -4.9381522e-07 2.8731578e-08)
(-4.6194139e-08 -5.3064869e-07 2.8705155e-08)
(4.6193313e-08 -5.3064858e-07 2.8705615e-08)
(1.342409e-07 -4.9381489e-07 2.8732784e-08)
(2.1311952e-07 -4.3042097e-07 2.870089e-08)
(2.8530316e-07 -3.5725541e-07 2.8641513e-08)
(-2.8712301e-07 -3.5900854e-07 4.8066959e-08)
(-2.1450098e-07 -4.3144878e-07 4.7817495e-08)
(-1.3505062e-07 -4.9369312e-07 4.7520251e-08)
(-4.6459804e-08 -5.2956932e-07 4.7259464e-08)
(4.6459119e-08 -5.2956917e-07 4.7260028e-08)
(1.3504831e-07 -4.9369267e-07 4.7521584e-08)
(2.1449711e-07 -4.3144803e-07 4.781905e-08)
(2.8711843e-07 -3.5900748e-07 4.8068562e-08)
(-2.8816985e-07 -3.5947082e-07 6.6471823e-08)
(-2.1505432e-07 -4.2993042e-07 6.6440468e-08)
(-1.350425e-07 -4.8970278e-07 6.6390677e-08)
(-4.6371148e-08 -5.2393234e-07 6.6422196e-08)
(4.6369494e-08 -5.2393217e-07 6.642249e-08)
(1.3503921e-07 -4.8970226e-07 6.6391575e-08)
(2.1504955e-07 -4.2992954e-07 6.6441818e-08)
(2.8816449e-07 -3.5946958e-07 6.6473421e-08)
(-2.8700502e-07 -3.5815134e-07 8.4403934e-08)
(-2.1401068e-07 -4.2834252e-07 8.439054e-08)
(-1.3425991e-07 -4.8791302e-07 8.4353845e-08)
(-4.6072829e-08 -5.2214631e-07 8.4314422e-08)
(4.6073934e-08 -5.2214611e-07 8.431501e-08)
(1.3425923e-07 -4.8791241e-07 8.43554e-08)
(2.1400825e-07 -4.2834149e-07 8.4392475e-08)
(2.8700174e-07 -3.5814992e-07 8.4405799e-08)
(-2.8810596e-07 -3.5939312e-07 1.0238791e-07)
(-2.1500651e-07 -4.2984181e-07 1.0238791e-07)
(-1.3501184e-07 -4.8960687e-07 1.0234978e-07)
(-4.6359081e-08 -5.2383252e-07 1.0222201e-07)
(4.6361403e-08 -5.238323e-07 1.0222262e-07)
(1.350115e-07 -4.896062e-07 1.0235109e-07)
(2.1500353e-07 -4.2984068e-07 1.0238933e-07)
(2.881017e-07 -3.5939154e-07 1.0238942e-07)
(-2.8695352e-07 -3.5880144e-07 1.2075013e-07)
(-2.1437409e-07 -4.3121228e-07 1.209668e-07)
(-1.3497174e-07 -4.9343655e-07 1.2117404e-07)
(-4.6432476e-08 -5.293033e-07 1.2133749e-07)
(4.6433472e-08 -5.2930309e-07 1.213377e-07)
(1.3497e-07 -4.9343588e-07 1.2117482e-07)
(2.1436975e-07 -4.3121113e-07 1.2096803e-07)
(2.8694798e-07 -3.5879978e-07 1.2075148e-07)
(-2.8494399e-07 -3.5681296e-07 1.4006551e-07)
(-2.1284862e-07 -4.2991084e-07 1.3997487e-07)
(-1.3406904e-07 -4.9325457e-07 1.3986242e-07)
(-4.6133005e-08 -5.3006153e-07 1.3980502e-07)
(4.6134979e-08 -5.3006132e-07 1.3980539e-07)
(1.3406847e-07 -4.9325393e-07 1.3986338e-07)
(2.1284555e-07 -4.2990969e-07 1.3997607e-07)
(2.8493969e-07 -3.5681125e-07 1.4006677e-07)
(-2.8493693e-07 -3.5680283e-07 1.5852016e-07)
(-2.1284361e-07 -4.2989955e-07 1.5853223e-07)
(-1.3406603e-07 -4.9324259e-07 1.5843097e-07)
(-4.6131986e-08 -5.300492e-07 1.5825931e-07)
(4.6133867e-08 -5.3004901e-07 1.5825956e-07)
(1.3406515e-07 -4.9324199e-07 1.584316e-07)
(2.1284002e-07 -4.2989847e-07 1.5853301e-07)
(2.8493198e-07 -3.5680114e-07 1.5852101e-07)
(-2.8693223e-07 -3.5877048e-07 1.7798006e-07)
(-2.1435758e-07 -4.3117725e-07 1.7767377e-07)
(-1.3495928e-07 -4.9339829e-07 1.7721708e-07)
(-4.6427155e-08 -5.2926243e-07 1.7678033e-07)
(4.6427939e-08 -5.2926228e-07 1.7678066e-07)
(1.3495649e-07 -4.933978e-07 1.7721761e-07)
(2.1435133e-07 -4.3117631e-07 1.7767407e-07)
(2.8692424e-07 -3.5876896e-07 1.7798029e-07)
(-2.8806954e-07 -3.5933845e-07 1.9627088e-07)
(-2.1498139e-07 -4.2978026e-07 1.9618339e-07)
(-1.3499918e-07 -4.8954064e-07 1.9597657e-07)
(-4.6356593e-08 -5.2376472e-07 1.9583536e-07)
(4.6356147e-08 -5.2376449e-07 1.9583502e-07)
(1.3499502e-07 -4.8953997e-07 1.9597593e-07)
(2.149736e-07 -4.2977921e-07 1.9618286e-07)
(2.8805984e-07 -3.59337e-07 1.9627061e-07)
(-2.869529e-07 -3.5807703e-07 2.1398109e-07)
(-2.1397287e-07 -4.2826011e-07 2.1391935e-07)
(-1.3423656e-07 -4.8782499e-07 2.1375097e-07)
(-4.6064683e-08 -5.2205483e-07 2.1357021e-07)
(4.6065618e-08 -5.2205388e-07 2.1356994e-07)
(1.3423389e-07 -4.8782258e-07 2.1375027e-07)
(2.1396636e-07 -4.2825729e-07 2.1391841e-07)
(2.8694407e-07 -3.5807451e-07 2.1398009e-07)
(-2.8810637e-07 -3.5937831e-07 2.3198662e-07)
(-2.1500688e-07 -4.2982946e-07 2.3192971e-07)
(-1.3500995e-07 -4.8959542e-07 2.3173339e-07)
(-4.6357493e-08 -5.2381951e-07 2.3143207e-07)
(4.6358578e-08 -5.2381742e-07 2.3143207e-07)
(1.3500546e-07 -4.8959004e-07 2.317329e-07)
(2.14996e-07 -4.2982326e-07 2.3192856e-07)
(2.8809138e-07 -3.5937374e-07 2.3198529e-07)
(-2.8705809e-07 -3.5890551e-07 2.5026026e-07)
(-2.1445419e-07 -4.3133594e-07 2.5041919e-07)
(-1.3502223e-07 -4.9357146e-07 2.5046602e-07)
(-4.6450173e-08 -5.2944164e-07 2.5045289e-07)
(4.6448759e-08 -5.2943783e-07 2.5045249e-07)
(1.350131e-07 -4.9356109e-07 2.5046514e-07)
(2.1443539e-07 -4.3132281e-07 2.5041823e-07)
(2.8703271e-07 -3.5889486e-07 2.5025919e-07)
(-2.8527504e-07 -3.5719055e-07 2.6932489e-07)
(-2.1309849e-07 -4.3034708e-07 2.6918567e-07)
(-1.3422425e-07 -4.9372835e-07 2.689387e-07)
(-4.618613e-08 -5.305505e-07 2.687351e-07)
(4.6184254e-08 -5.3054444e-07 2.6873501e-07)
(1.3421277e-07 -4.9371123e-07 2.6893845e-07)
(2.1307365e-07 -4.3032378e-07 2.6918526e-07)
(2.8524044e-07 -3.5716915e-07 2.6932394e-07)
(-2.8583707e-07 -3.5787034e-07 2.8748711e-07)
(-2.1352305e-07 -4.3113347e-07 2.8745868e-07)
(-1.3449192e-07 -4.9459513e-07 2.8723226e-07)
(-4.6278471e-08 -5.3145981e-07 2.8691952e-07)
(4.6274714e-08 -5.3145326e-07 2.8691927e-07)
(1.3447734e-07 -4.9457625e-07 2.8723152e-07)
(2.1349284e-07 -4.3110702e-07 2.8745758e-07)
(2.8579493e-07 -3.5784517e-07 2.8748584e-07)
(-2.8908141e-07 -3.6139327e-07 3.0628046e-07)
(-2.1596604e-07 -4.3425302e-07 3.0594108e-07)
(-1.3596425e-07 -4.9683155e-07 3.0535841e-07)
(-4.677138e-08 -5.3289372e-07 3.0476992e-07)
(4.6765725e-08 -5.3288821e-07 3.0476961e-07)
(1.3594874e-07 -4.9681587e-07 3.0535744e-07)
(2.1593688e-07 -4.3423163e-07 3.0593958e-07)
(2.8904224e-07 -3.6137394e-07 3.0627889e-07)
(-2.9308022e-07 -3.6555188e-07 3.2260225e-07)
(-2.1867392e-07 -4.3708021e-07 3.2248617e-07)
(-1.3726097e-07 -4.976963e-07 3.2217383e-07)
(-4.7116769e-08 -5.3240372e-07 3.2191904e-07)
(4.7114818e-08 -5.3239953e-07 3.2191849e-07)
(1.3725207e-07 -4.9768503e-07 3.2217287e-07)
(2.1865602e-07 -4.3706611e-07 3.2248543e-07)
(2.9305639e-07 -3.6554049e-07 3.2260169e-07)
(-2.9623388e-07 -3.6962398e-07 3.3598038e-07)
(-2.2080712e-07 -4.4186263e-07 3.3588351e-07)
(-1.384375e-07 -5.0306778e-07 3.3560874e-07)
(-4.7485546e-08 -5.3822569e-07 3.3527306e-07)
(4.7480621e-08 -5.3822375e-07 3.3527303e-07)
(1.3842924e-07 -5.0306287e-07 3.3560869e-07)
(2.2079487e-07 -4.4185721e-07 3.3588373e-07)
(2.9621919e-07 -3.6962051e-07 3.3598111e-07)
(-3.0226582e-07 -3.767178e-07 3.4491785e-07)
(-2.255881e-07 -4.4987011e-07 3.446038e-07)
(-1.41571e-07 -5.1156409e-07 3.4392959e-07)
(-4.8581133e-08 -5.4675235e-07 3.4325454e-07)
(4.857329e-08 -5.4675227e-07 3.4325508e-07)
(1.415614e-07 -5.115641e-07 3.4393105e-07)
(2.2557684e-07 -4.4987074e-07 3.4460578e-07)
(3.0225383e-07 -3.7671931e-07 3.4491988e-07)
(-3.1679346e-07 -3.9369178e-07 3.3857178e-07)
(-2.3775816e-07 -4.693236e-07 3.3823846e-07)
(-1.5035059e-07 -5.3259616e-07 3.3688986e-07)
(-5.1897382e-08 -5.6822303e-07 3.3497396e-07)
(5.1894564e-08 -5.6822344e-07 3.3497436e-07)
(1.503466e-07 -5.3259747e-07 3.3689129e-07)
(2.3775324e-07 -4.6932577e-07 3.3824104e-07)
(3.1678846e-07 -3.9369441e-07 3.3857512e-07)
(-2.7722255e-07 -3.4339221e-07 3.0873635e-07)
(-2.0685081e-07 -4.050175e-07 3.0795069e-07)
(-1.2960335e-07 -4.5475103e-07 3.0734474e-07)
(-4.4463043e-08 -4.8244172e-07 3.0791105e-07)
(4.4468563e-08 -4.8244215e-07 3.0791145e-07)
(1.2960891e-07 -4.5475231e-07 3.0734627e-07)
(2.0685668e-07 -4.0501948e-07 3.079537e-07)
(2.7722899e-07 -3.4339448e-07 3.0874067e-07)
(-1.1343732e-07 -1.4017676e-07 1.5400315e-07)
(-8.3435782e-08 -1.629277e-07 1.5346675e-07)
(-5.1072511e-08 -1.8025376e-07 1.5219577e-07)
(-1.7215267e-08 -1.8979896e-07 1.5123921e-07)
(1.7221321e-08 -1.8979918e-07 1.5123955e-07)
(5.1078898e-08 -1.8025437e-07 1.5219677e-07)
(8.3442597e-08 -1.6292854e-07 1.534684e-07)
(1.1344449e-07 -1.4017769e-07 1.5400539e-07)
(2.0089467e-07 -1.6200367e-07 -1.8601763e-08)
(2.3039276e-07 -1.1552515e-07 -1.7928705e-08)
(2.5157677e-07 -6.7058252e-08 -1.820188e-08)
(2.6362049e-07 -2.1590948e-08 -2.0333761e-08)
(2.6362047e-07 2.159114e-08 -2.033376e-08)
(2.5157672e-07 6.7058437e-08 -1.8201877e-08)
(2.3039268e-07 1.1552532e-07 -1.79287e-08)
(2.0089456e-07 1.6200382e-07 -1.8601757e-08)
(3.2824513e-07 -2.6468019e-07 -4.5806545e-08)
(3.88095e-07 -1.9748021e-07 -4.5122831e-08)
(4.3695281e-07 -1.23731e-07 -4.4794773e-08)
(4.6439578e-07 -4.24328e-08 -4.5653995e-08)
(4.6439575e-07 4.2433208e-08 -4.5653993e-08)
(4.3695271e-07 1.237314e-07 -4.4794766e-08)
(3.8809483e-07 1.9748058e-07 -4.512282e-08)
(3.282449e-07 2.6468052e-07 -4.580653e-08)
(3.8004803e-07 -3.0561371e-07 -5.5278488e-08)
(4.5371287e-07 -2.2945374e-07 -5.5169873e-08)
(5.1569342e-07 -1.4523225e-07 -5.4339164e-08)
(5.5075106e-07 -5.016533e-08 -5.3074138e-08)
(5.50751e-07 5.0166027e-08 -5.3074133e-08)
(5.1569324e-07 1.4523293e-07 -5.4339151e-08)
(4.5371259e-07 2.2945437e-07 -5.5169852e-08)
(3.8004765e-07 3.0561427e-07 -5.527846e-08)
(3.7089363e-07 -2.9766385e-07 -5.3689914e-08)
(4.4295594e-07 -2.2234052e-07 -5.3487998e-08)
(5.0380625e-07 -1.3972845e-07 -5.3077913e-08)
(5.3852996e-07 -4.8006666e-08 -5.2672162e-08)
(5.3852987e-07 4.800766e-08 -5.2672155e-08)
(5.0380601e-07 1.3972942e-07 -5.3077895e-08)
(4.4295555e-07 2.2234142e-07 -5.3487967e-08)
(3.708931e-07 2.9766466e-07 -5.3689873e-08)
(3.6759473e-07 -2.9464299e-07 -4.1086661e-08)
(4.3941525e-07 -2.1969901e-07 -4.1047431e-08)
(5.0026553e-07 -1.378186e-07 -4.0924035e-08)
(5.3520127e-07 -4.7294677e-08 -4.0715539e-08)
(5.3520117e-07 4.7295967e-08 -4.0715531e-08)
(5.0026523e-07 1.3781985e-07 -4.0924013e-08)
(4.3941475e-07 2.1970018e-07 -4.1047394e-08)
(3.6759406e-07 2.9464404e-07 -4.1086611e-08)
(3.6504087e-07 -2.9265078e-07 -2.5866991e-08)
(4.364619e-07 -2.1834238e-07 -2.5826505e-08)
(4.9698526e-07 -1.3704257e-07 -2.5743051e-08)
(5.3163787e-07 -4.7038368e-08 -2.5744858e-08)
(5.3163774e-07 4.7039949e-08 -2.574485e-08)
(4.9698489e-07 1.3704411e-07 -2.5743026e-08)
(4.364613e-07 2.1834382e-07 -2.5826463e-08)
(3.6504006e-07 2.9265208e-07 -2.5866934e-08)
(3.6127285e-07 -2.8894923e-07 -8.7731159e-09)
(4.3411553e-07 -2.1585611e-07 -8.5177627e-09)
(4.966872e-07 -1.3588955e-07 -8.1787918e-09)
(5.3275232e-07 -4.6743512e-08 -7.862039e-09)
(5.3275218e-07 4.6745374e-08 -7.8620299e-09)
(4.9668677e-07 1.3589136e-07 -8.1787649e-09)
(4.3411483e-07 2.158578e-07 -8.5177192e-09)
(3.6127191e-07 2.8895076e-07 -8.7730573e-09)
(3.5785586e-07 -2.8579455e-07 1.0231946e-08)
(4.3112047e-07 -2.1348678e-07 1.0183071e-08)
(4.9459147e-07 -1.3446881e-07 1.0195854e-08)
(5.3146785e-07 -4.626997e-08 1.0276032e-08)
(5.3146768e-07 4.6272092e-08 1.0276041e-08)
(4.9459099e-07 1.3447087e-07 1.019588e-08)
(4.3111969e-07 2.1348872e-07 1.0183114e-08)
(3.578548e-07 2.857963e-07 1.0232003e-08)
(3.5725402e-07 -2.8530451e-07 2.8641591e-08)
(4.3041977e-07 -2.1312052e-07 2.8701153e-08)
(4.9381416e-07 -1.3424112e-07 2.873341e-08)
(5.3064824e-07 -4.6192682e-08 2.8706796e-08)
(5.3064807e-07 4.6195042e-08 2.8706805e-08)
(4.9381363e-07 1.3424341e-07 2.8733434e-08)
(4.3041891e-07 2.1312267e-07 2.8701193e-08)
(3.5725286e-07 2.8530646e-07 2.8641645e-08)
(3.5900567e-07 -2.871202e-07 4.8068624e-08)
(4.3144653e-07 -2.1449845e-07 4.7819244e-08)
(4.9369188e-07 -1.3504863e-07 4.7522082e-08)
(5.29569e-07 -4.6458326e-08 4.7261144e-08)
(5.2956881e-07 4.6460894e-08 4.7261151e-08)
(4.936913e-07 1.3505113e-07 4.7522103e-08)
(4.314456e-07 2.145008e-07 4.7819279e-08)
(3.5900442e-07 2.8712233e-07 4.8068671e-08)
(3.5946749e-07 -2.8816655e-07 6.6473532e-08)
(4.2992769e-07 -2.1505126e-07 6.6442186e-08)
(4.8970106e-07 -1.3503996e-07 6.6392343e-08)
(5.2393159e-07 -4.6369106e-08 6.642371e-08)
(5.2393138e-07 4.6371852e-08 6.6423716e-08)
(4.8970045e-07 1.3504263e-07 6.6392361e-08)
(4.299267e-07 2.1505377e-07 6.6442215e-08)
(3.5946616e-07 2.8816883e-07 6.6473571e-08)
(3.5814908e-07 -2.8700256e-07 8.4405728e-08)
(4.2834095e-07 -2.1400865e-07 8.4392358e-08)
(4.879126e-07 -1.3425859e-07 8.4355608e-08)
(5.2214695e-07 -4.6072098e-08 8.4315873e-08)
(5.2214673e-07 4.6074985e-08 8.4315878e-08)
(4.8791197e-07 1.3426139e-07 8.4355621e-08)
(4.2833991e-07 2.1401129e-07 8.439238e-08)
(3.5814768e-07 2.8700496e-07 8.4405758e-08)
(3.5939057e-07 -2.8810261e-07 1.0238941e-07)
(4.2984016e-07 -2.1500385e-07 1.023893e-07)
(4.8960679e-07 -1.3501043e-07 1.0235117e-07)
(5.2383394e-07 -4.6358836e-08 1.0222323e-07)
(5.2383372e-07 4.6361829e-08 1.0222324e-07)
(4.8960613e-07 1.3501333e-07 1.0235118e-07)
(4.2983908e-07 2.1500659e-07 1.0238931e-07)
(3.5938913e-07 2.881051e-07 1.0238943e-07)
(3.587985e-07 -2.8694909e-07 1.207514e-07)
(4.3121003e-07 -2.1437034e-07 1.2096787e-07)
(4.9343571e-07 -1.3496936e-07 1.2117488e-07)
(5.2930393e-07 -4.6431459e-08 1.2133807e-07)
(5.293037e-07 4.6434519e-08 1.2133807e-07)
(4.9343504e-07 1.3497233e-07 1.2117488e-07)
(4.3120893e-07 2.1437314e-07 1.2096788e-07)
(3.5879702e-07 2.8695163e-07 1.2075141e-07)
(3.5681123e-07 -2.8493933e-07 1.4006658e-07)
(4.2990952e-07 -2.1284471e-07 1.3997561e-07)
(4.9325434e-07 -1.340667e-07 1.3986296e-07)
(5.3006251e-07 -4.6132283e-08 1.3980534e-07)
(5.3006228e-07 4.6135372e-08 1.3980534e-07)
(4.9325366e-07 1.340697e-07 1.3986296e-07)
(4.2990841e-07 2.1284753e-07 1.399756e-07)
(3.5680974e-07 2.8494189e-07 1.4006658e-07)
(3.5680148e-07 -2.8493087e-07 1.5852078e-07)
(4.2989811e-07 -2.1283838e-07 1.5853238e-07)
(4.9324182e-07 -1.3406281e-07 1.5843078e-07)
(5.3004946e-07 -4.6130979e-08 1.5825883e-07)
(5.3004923e-07 4.6134058e-08 1.5825882e-07)
(4.9324113e-07 1.340658e-07 1.5843077e-07)
(4.29897e-07 2.1284119e-07 1.5853237e-07)
(3.5679999e-07 2.8493342e-07 1.5852077e-07)
(3.5876893e-07 -2.8692298e-07 1.7797993e-07)
(4.3117492e-07 -2.1434939e-07 1.7767307e-07)
(4.9339621e-07 -1.3495399e-07 1.7721623e-07)
(5.2926131e-07 -4.6425232e-08 1.7677941e-07)
(5.2926108e-07 4.6428264e-08 1.767794e-07)
(4.9339553e-07 1.3495694e-07 1.7721622e-07)
(4.3117382e-07 2.1435216e-07 1.7767306e-07)
(3.5876745e-07 2.869255e-07 1.7797991e-07)
(3.5933798e-07 -2.8805697e-07 1.9627028e-07)
(4.2977803e-07 -2.1496998e-07 1.9618203e-07)
(4.8953788e-07 -1.3499142e-07 1.959749e-07)
(5.2376257e-07 -4.6353423e-08 1.9583381e-07)
(5.2376235e-07 4.6356371e-08 1.958338e-07)
(4.8953722e-07 1.3499428e-07 1.9597489e-07)
(4.2977696e-07 2.1497267e-07 1.9618201e-07)
(3.5933654e-07 2.8805941e-07 1.9627025e-07)
(3.5807662e-07 -2.8693916e-07 2.1397977e-07)
(4.2825574e-07 -2.1396051e-07 2.1391745e-07)
(4.8781833e-07 -1.3422857e-07 2.1374864e-07)
(5.2204822e-07 -4.6061948e-08 2.1356765e-07)
(5.2204801e-07 4.6064778e-08 2.1356764e-07)
(4.8781769e-07 1.3423132e-07 2.1374862e-07)
(4.282547e-07 2.1396309e-07 2.1391742e-07)
(3.5807522e-07 2.8694149e-07 2.1397973e-07)
(3.5937593e-07 -2.8808578e-07 2.3198487e-07)
(4.2982081e-07 -2.1498921e-07 2.3192737e-07)
(4.8958364e-07 -1.3499919e-07 2.3173112e-07)
(5.2380828e-07 -4.6354305e-08 2.3143003e-07)
(5.2380808e-07 4.6356986e-08 2.3143002e-07)
(4.8958303e-07 1.3500179e-07 2.317311e-07)
(4.2981982e-07 2.1499165e-07 2.3192734e-07)
(3.5937459e-07 2.8808799e-07 2.3198483e-07)
(3.5889858e-07 -2.8702553e-07 2.502589e-07)
(4.3132165e-07 -2.1442712e-07 2.504175e-07)
(4.9355515e-07 -1.350058e-07 2.504641e-07)
(5.2942776e-07 -4.6444665e-08 2.5045105e-07)
(5.2942757e-07 4.6447166e-08 2.5045104e-07)
(4.9355457e-07 1.3500822e-07 2.5046407e-07)
(4.3132071e-07 2.1442939e-07 2.5041746e-07)
(3.5889732e-07 2.870276e-07 2.5025886e-07)
(3.5717425e-07 -2.8523182e-07 2.6932373e-07)
(4.3032359e-07 -2.1306396e-07 2.6918467e-07)
(4.9370506e-07 -1.3420434e-07 2.6893744e-07)
(5.3053227e-07 -4.6179784e-08 2.6873359e-07)
(5.3053209e-07 4.6182078e-08 2.6873359e-07)
(4.9370453e-07 1.3420656e-07 2.6893742e-07)
(4.3032273e-07 2.1306605e-07 2.6918463e-07)
(3.5717308e-07 2.8523371e-07 2.6932368e-07)
(3.578504e-07 -2.8578632e-07 2.8748578e-07)
(4.3110704e-07 -2.1348327e-07 2.8745738e-07)
(4.9457011e-07 -1.3446918e-07 2.8723116e-07)
(5.3144074e-07 -4.6270887e-08 2.8691866e-07)
(5.3144058e-07 4.6272951e-08 2.8691865e-07)
(4.9456963e-07 1.3447118e-07 2.8723113e-07)
(4.3110625e-07 2.1348514e-07 2.8745734e-07)
(3.5784934e-07 2.8578802e-07 2.8748572e-07)
(3.6137783e-07 -2.8903513e-07 3.06279e-07)
(4.3423058e-07 -2.1592893e-07 3.0593979e-07)
(4.9680914e-07 -1.359422e-07 3.0535743e-07)
(5.3287582e-07 -4.6763272e-08 3.0476918e-07)
(5.3287568e-07 4.6765087e-08 3.0476917e-07)
(4.9680871e-07 1.3594396e-07 3.053574e-07)
(4.3422987e-07 2.1593057e-07 3.0593976e-07)
(3.6137689e-07 2.8903661e-07 3.0627895e-07)
(3.6554307e-07 -2.9305056e-07 3.2260189e-07)
(4.3706391e-07 -2.1864917e-07 3.2248602e-07)
(4.9767772e-07 -1.372462e-07 3.2217364e-07)
(5.3238748e-07 -4.711189e-08 3.2191899e-07)
(5.3238736e-07 4.7113439e-08 3.2191898e-07)
(4.9767735e-07 1.372477e-07 3.2217362e-07)
(4.3706331e-07 2.1865057e-07 3.2248598e-07)
(3.6554225e-07 2.9305182e-07 3.2260184e-07)
(3.6962201e-07 -2.9621501e-07 3.3598158e-07)
(4.4185481e-07 -2.2079014e-07 3.3588502e-07)
(5.0305674e-07 -1.384259e-07 3.3561052e-07)
(5.3821474e-07 -4.7480131e-08 3.3527513e-07)
(5.3821464e-07 4.7481404e-08 3.3527512e-07)
(5.0305643e-07 1.3842713e-07 3.356105e-07)
(4.4185431e-07 2.207913e-07 3.3588499e-07)
(3.6962133e-07 2.9621605e-07 3.3598154e-07)
(3.7671978e-07 -3.022517e-07 3.4492034e-07)
(4.4986873e-07 -2.2557473e-07 3.4460707e-07)
(5.1156018e-07 -1.4156072e-07 3.4393293e-07)
(5.4674752e-07 -4.8574986e-08 3.432574e-07)
(5.4674744e-07 4.8575978e-08 3.432574e-07)
(5.1155994e-07 1.4156168e-07 3.4393291e-07)
(4.4986833e-07 2.2557562e-07 3.4460704e-07)
(3.7671924e-07 3.0225251e-07 3.449203e-07)
(3.9369537e-07 -3.1678664e-07 3.3857573e-07)
(4.6932543e-07 -2.3775151e-07 3.3824285e-07)
(5.3259643e-07 -1.5034568e-07 3.3689406e-07)
(5.6822251e-07 -5.1894768e-08 3.349777e-07)
(5.6822245e-07 5.1895474e-08 3.349777e-07)
(5.3259625e-07 1.5034636e-07 3.3689404e-07)
(4.6932515e-07 2.3775215e-07 3.3824283e-07)
(3.9369498e-07 3.1678721e-07 3.3857571e-07)
(3.4339878e-07 -2.7722435e-07 3.087413e-07)
(4.0502315e-07 -2.0685232e-07 3.0795562e-07)
(4.5475563e-07 -1.2960521e-07 3.073493e-07)
(4.8244559e-07 -4.4465405e-08 3.0791512e-07)
(4.8244556e-07 4.4465828e-08 3.0791512e-07)
(4.5475552e-07 1.2960562e-07 3.0734929e-07)
(4.0502298e-07 2.068527e-07 3.0795561e-07)
(3.4339854e-07 2.7722469e-07 3.0874128e-07)
(1.4018133e-07 -1.1344077e-07 1.5400562e-07)
(1.6293196e-07 -8.3439039e-08 1.5346913e-07)
(1.8025762e-07 -5.1075662e-08 1.5219804e-07)
(1.8980243e-07 -1.7218269e-08 1.5124139e-07)
(1.8980242e-07 1.721841e-08 1.5124139e-07)
(1.8025758e-07 5.1075798e-08 1.5219803e-07)
(1.6293191e-07 8.3439165e-08 1.5346913e-07)
(1.4018125e-07 1.1344088e-07 1.5400562e-07)
(1.6200417e-07 2.0089419e-07 -1.8601727e-08)
(1.1552566e-07 2.3039226e-07 -1.7928596e-08)
(6.7058765e-08 2.5157626e-07 -1.8201705e-08)
(2.159148e-08 2.6361996e-07 -2.0333647e-08)
(-2.1590517e-08 2.6361985e-07 -2.03338e-08)
(-6.7057714e-08 2.5157601e-07 -1.8201972e-08)
(-1.1552458e-07 2.3039197e-07 -1.7928753e-08)
(-1.6200311e-07 2.0089389e-07 -1.8601765e-08)
(2.6467941e-07 3.2824587e-07 -4.5806462e-08)
(1.974794e-07 3.8809562e-07 -4.5122626e-08)
(1.2373022e-07 4.369533e-07 -4.4794519e-08)
(4.2432099e-08 4.6439614e-07 -4.5653821e-08)
(-4.2433806e-08 4.64396e-07 -4.5653932e-08)
(-1.2373188e-07 4.3695291e-07 -4.4794737e-08)
(-1.9748095e-07 3.8809504e-07 -4.5122745e-08)
(-2.6468079e-07 3.2824517e-07 -4.5806407e-08)
(3.05612e-07 3.8004966e-07 -5.5278454e-08)
(2.2945199e-07 4.5371424e-07 -5.5169827e-08)
(1.4523063e-07 5.1569444e-07 -5.4339146e-08)
(5.0163914e-08 5.5075178e-07 -5.3074259e-08)
(-5.0167265e-08 5.5075155e-07 -5.3074418e-08)
(-1.4523403e-07 5.1569376e-07 -5.4339495e-08)
(-2.294553e-07 4.5371318e-07 -5.5170171e-08)
(-3.05615e-07 3.8004838e-07 -5.5278747e-08)
(2.9766151e-07 3.7089596e-07 -5.3689904e-08)
(2.223381e-07 4.4295806e-07 -5.3488056e-08)
(1.3972613e-07 5.0380807e-07 -5.307807e-08)
(4.8004573e-08 5.3853147e-07 -5.2672449e-08)
(-4.8009553e-08 5.3853121e-07 -5.2672537e-08)
(-1.3973115e-07 5.038073e-07 -5.3078324e-08)
(-2.2234294e-07 4.4295688e-07 -5.3488429e-08)
(-2.9766594e-07 3.7089452e-07 -5.3690347e-08)
(2.9464089e-07 3.6759694e-07 -4.1086584e-08)
(2.1969694e-07 4.3941718e-07 -4.1047365e-08)
(1.3781678e-07 5.0026707e-07 -4.0924178e-08)
(4.7293182e-08 5.3520244e-07 -4.0716055e-08)
(-4.7297298e-08 5.352022e-07 -4.0716356e-08)
(-1.3782117e-07 5.0026637e-07 -4.0924968e-08)
(-2.197015e-07 4.394161e-07 -4.1048327e-08)
(-2.9464528e-07 3.6759559e-07 -4.1087477e-08)
(2.9264839e-07 3.6504346e-07 -2.586702e-08)
(2.1834012e-07 4.3646413e-07 -2.5826704e-08)
(1.3704077e-07 4.9698691e-07 -2.5743464e-08)
(4.7037096e-08 5.3163896e-07 -2.5745658e-08)
(-4.7041044e-08 5.3163872e-07 -2.5746022e-08)
(-1.3704539e-07 4.969862e-07 -2.5744298e-08)
(-2.1834529e-07 4.3646303e-07 -2.5827676e-08)
(-2.926536e-07 3.6504209e-07 -2.5868083e-08)
(2.8894639e-07 3.6127594e-07 -8.773105e-09)
(2.1585337e-07 4.3411827e-07 -8.5179012e-09)
(1.3588729e-07 4.9668935e-07 -8.1792632e-09)
(4.6741839e-08 5.3275387e-07 -7.8629442e-09)
(-4.6746837e-08 5.3275362e-07 -7.8632222e-09)
(-1.3589301e-07 4.9668861e-07 -8.1800735e-09)
(-2.1585964e-07 4.3411713e-07 -8.5190155e-09)
(-2.8895263e-07 3.6127451e-07 -8.7742911e-09)
(2.8579187e-07 3.5785883e-07 1.0231929e-08)
(2.1348422e-07 4.3112303e-07 1.0182874e-08)
(1.3446678e-07 4.9459336e-07 1.0195335e-08)
(4.6268591e-08 5.314691e-07 1.0275017e-08)
(-4.6273234e-08 5.3146885e-07 1.0274599e-08)
(-1.3447221e-07 4.9459261e-07 1.0194256e-08)
(-2.1349028e-07 4.3112188e-07 1.0181492e-08)
(-2.8579794e-07 3.5785736e-07 1.0230438e-08)
(2.8530175e-07 3.5725711e-07 2.8641579e-08)
(2.1311791e-07 4.3042237e-07 2.8700965e-08)
(1.3423915e-07 4.9381596e-07 2.8732865e-08)
(4.6191496e-08 5.306493e-07 2.87057e-08)
(-4.6195955e-08 5.3064905e-07 2.870524e-08)
(-1.342446e-07 4.9381523e-07 2.873166e-08)
(-2.1312418e-07 4.3042123e-07 2.8699413e-08)
(-2.8530812e-07 3.5725564e-07 2.8639925e-08)
(2.871169e-07 3.5900933e-07 4.806862e-08)
(2.1449537e-07 4.3144956e-07 4.7819117e-08)
(1.3504642e-07 4.9369385e-07 4.7521656e-08)
(4.6457157e-08 5.2956996e-07 4.7260104e-08)
(-4.6461765e-08 5.2956972e-07 4.7259539e-08)
(-1.350525e-07 4.9369315e-07 4.7520324e-08)
(-2.1450272e-07 4.3144846e-07 4.7817563e-08)
(-2.8712453e-07 3.5900789e-07 4.8067019e-08)
(2.8816286e-07 3.5947156e-07 6.6473468e-08)
(2.1504769e-07 4.2993118e-07 6.6441873e-08)
(1.350372e-07 4.8970352e-07 6.6391634e-08)
(4.6367409e-08 5.2393302e-07 6.6422552e-08)
(-4.6373232e-08 5.2393278e-07 6.6422259e-08)
(-1.3504451e-07 4.8970283e-07 6.6390738e-08)
(-2.1505616e-07 4.2993009e-07 6.6440525e-08)
(-2.8817147e-07 3.5947015e-07 6.6471873e-08)
(2.8700004e-07 3.5815201e-07 8.4405835e-08)
(2.1400631e-07 4.2834322e-07 8.4392517e-08)
(1.3425713e-07 4.8791374e-07 8.4355446e-08)
(4.6071749e-08 5.2214702e-07 8.4315057e-08)
(-4.6075012e-08 5.2214679e-07 8.431447e-08)
(-1.3426201e-07 4.8791308e-07 8.4353892e-08)
(-2.1401262e-07 4.2834218e-07 8.4390584e-08)
(-2.8700671e-07 3.5815065e-07 8.4403972e-08)
(2.8809994e-07 3.5939371e-07 1.0238944e-07)
(2.1500152e-07 4.2984248e-07 1.0238936e-07)
(1.3500932e-07 4.8960758e-07 1.0235112e-07)
(4.6359141e-08 5.2383324e-07 1.0222265e-07)
(-4.636134e-08 5.2383302e-07 1.0222204e-07)
(-1.3501401e-07 4.8960693e-07 1.0234981e-07)
(-2.1500851e-07 4.2984147e-07 1.0238793e-07)
(-2.8810772e-07 3.5939241e-07 1.0238793e-07)
(2.8694618e-07 3.58802e-07 1.2075149e-07)
(2.1436769e-07 4.3121296e-07 1.2096804e-07)
(1.3496777e-07 4.9343729e-07 1.2117483e-07)
(4.6431158e-08 5.2930405e-07 1.2133771e-07)
(-4.6434788e-08 5.2930381e-07 1.213375e-07)
(-1.3497396e-07 4.9343661e-07 1.2117405e-07)
(-2.1437614e-07 4.3121192e-07 1.2096681e-07)
(-2.8695532e-07 3.5880071e-07 1.2075014e-07)
(2.8493787e-07 3.5681349e-07 1.4006677e-07)
(2.1284347e-07 4.2991154e-07 1.3997607e-07)
(1.3406622e-07 4.9325535e-07 1.3986338e-07)
(4.6132639e-08 5.3006229e-07 1.3980539e-07)
(-4.6135343e-08 5.3006204e-07 1.3980502e-07)
(-1.3407129e-07 4.9325463e-07 1.3986242e-07)
(-2.1285069e-07 4.2991048e-07 1.3997487e-07)
(-2.8494581e-07 3.5681221e-07 1.4006551e-07)
(2.8493015e-07 3.5680337e-07 1.5852099e-07)
(2.1283794e-07 4.299003e-07 1.5853299e-07)
(1.3406289e-07 4.932434e-07 1.5843158e-07)
(4.6131527e-08 5.3004997e-07 1.5825954e-07)
(-4.6134325e-08 5.300497e-07 1.582593e-07)
(-1.3406828e-07 4.9324264e-07 1.5843096e-07)
(-2.1284568e-07 4.2989918e-07 1.5853221e-07)
(-2.8493874e-07 3.5680207e-07 1.5852015e-07)
(2.8692244e-07 3.5877115e-07 1.7798026e-07)
(2.1434927e-07 4.3117812e-07 1.7767404e-07)
(1.3495426e-07 4.9339918e-07 1.7721758e-07)
(4.6425623e-08 5.2926321e-07 1.7678063e-07)
(-4.642947e-08 5.2926291e-07 1.767803e-07)
(-1.3496151e-07 4.9339833e-07 1.7721705e-07)
(-2.1435963e-07 4.3117686e-07 1.7767374e-07)
(-2.8693403e-07 3.5876972e-07 1.7798003e-07)
(2.8805807e-07 3.5933912e-07 1.9627057e-07)
(2.1497158e-07 4.2978096e-07 1.9618282e-07)
(1.3499284e-07 4.895413e-07 1.9597588e-07)
(4.6353881e-08 5.2376538e-07 1.9583498e-07)
(-4.6358857e-08 5.2376517e-07 1.9583531e-07)
(-1.3500136e-07 4.8954066e-07 1.9597653e-07)
(-2.149834e-07 4.2977987e-07 1.9618335e-07)
(-2.880713e-07 3.5933768e-07 1.9627085e-07)
(2.8694236e-07 3.5807654e-07 2.1398005e-07)
(2.1396441e-07 4.2825896e-07 2.1391836e-07)
(1.3423178e-07 4.8782385e-07 2.1375021e-07)
(4.6063427e-08 5.2205472e-07 2.1356988e-07)
(-4.6066873e-08 5.2205525e-07 2.1357016e-07)
(-1.3423867e-07 4.8782499e-07 2.1375092e-07)
(-2.1397481e-07 4.2825971e-07 2.139193e-07)
(-2.869546e-07 3.5807627e-07 2.1398104e-07)
(2.8808975e-07 3.5937566e-07 2.3198523e-07)
(2.1499414e-07 4.2982483e-07 2.319285e-07)
(1.3500344e-07 4.8959123e-07 2.3173284e-07)
(4.6356485e-08 5.2381821e-07 2.31432e-07)
(-4.6359585e-08 5.2381989e-07 2.3143201e-07)
(-1.3501196e-07 4.8959539e-07 2.3173332e-07)
(-2.1500874e-07 4.2982906e-07 2.3192965e-07)
(-2.8810799e-07 3.5937756e-07 2.3198657e-07)
(2.8703117e-07 3.5889665e-07 2.5025913e-07)
(2.1443364e-07 4.3132427e-07 2.5041816e-07)
(1.3501121e-07 4.9356219e-07 2.5046507e-07)
(4.6446788e-08 5.2943855e-07 2.5045242e-07)
(-4.6452144e-08 5.2944197e-07 2.5045281e-07)
(-1.3502413e-07 4.9357141e-07 2.5046595e-07)
(-2.1445594e-07 4.3133553e-07 2.5041912e-07)
(-2.8705962e-07 3.5890478e-07 2.502602e-07)
(2.8523902e-07 3.5717078e-07 2.6932387e-07)
(2.1307203e-07 4.3032511e-07 2.6918519e-07)
(1.3421101e-07 4.9371222e-07 2.6893838e-07)
(4.6182427e-08 5.3054508e-07 2.6873493e-07)
(-4.6187957e-08 5.3055079e-07 2.6873502e-07)
(-1.3422601e-07 4.9372828e-07 2.6893862e-07)
(-2.1310011e-07 4.3034668e-07 2.691856e-07)
(-2.8527646e-07 3.5718985e-07 2.6932483e-07)
(2.8579364e-07 3.5784663e-07 2.8748578e-07)
(2.1349136e-07 4.3110821e-07 2.874575e-07)
(1.3447574e-07 4.9457714e-07 2.8723144e-07)
(4.6273049e-08 5.3145382e-07 2.8691919e-07)
(-4.6280135e-08 5.3146005e-07 2.8691943e-07)
(-1.3449352e-07 4.9459504e-07 2.8723218e-07)
(-2.1352453e-07 4.3113308e-07 2.874586e-07)
(-2.8583836e-07 3.5786968e-07 2.8748705e-07)
(2.8904109e-07 3.6137521e-07 3.0627883e-07)
(2.1593556e-07 4.3423267e-07 3.059395e-07)
(1.3594732e-07 4.9681664e-07 3.0535736e-07)
(4.6764241e-08 5.3288869e-07 3.0476953e-07)
(-4.6772864e-08 5.3289391e-07 3.0476983e-07)
(-1.3596568e-07 4.9683145e-07 3.0535833e-07)
(-2.1596736e-07 4.3425265e-07 3.0594101e-07)
(-2.8908257e-07 3.6139266e-07 3.062804e-07)
(2.9305539e-07 3.6554157e-07 3.2260163e-07)
(2.1865488e-07 4.3706699e-07 3.2248536e-07)
(1.3725084e-07 4.9768567e-07 3.2217279e-07)
(4.7113532e-08 5.3239993e-07 3.2191841e-07)
(-4.7118055e-08 5.3240386e-07 3.2191896e-07)
(-1.3726221e-07 4.9769619e-07 3.2217376e-07)
(-2.1867507e-07 4.3707987e-07 3.224861e-07)
(-2.9308122e-07 3.6555132e-07 3.2260219e-07)
(2.9621835e-07 3.696214e-07 3.3598106e-07)
(2.2079392e-07 4.4185792e-07 3.3588366e-07)
(1.3842821e-07 5.0306339e-07 3.3560863e-07)
(4.7479546e-08 5.3822406e-07 3.3527296e-07)
(-4.7486622e-08 5.3822579e-07 3.3527299e-07)
(-1.3843854e-07 5.0306767e-07 3.3560868e-07)
(-2.2080807e-07 4.4186233e-07 3.3588345e-07)
(-2.9623472e-07 3.6962349e-07 3.3598032e-07)
(3.0225317e-07 3.7672e-07 3.4491983e-07)
(2.2557609e-07 4.4987129e-07 3.4460573e-07)
(1.4156058e-07 5.115645e-07 3.4393099e-07)
(4.8572437e-08 5.467525e-07 3.4325502e-07)
(-4.8581988e-08 5.4675241e-07 3.4325448e-07)
(-1.4157183e-07 5.1156399e-07 3.4392954e-07)
(-2.2558886e-07 4.4986985e-07 3.4460375e-07)
(-3.0226648e-07 3.767174e-07 3.4491781e-07)
(3.1678798e-07 3.936949e-07 3.3857508e-07)
(2.3775269e-07 4.6932616e-07 3.38241e-07)
(1.5034601e-07 5.3259774e-07 3.3689124e-07)
(5.1893944e-08 5.682236e-07 3.3497432e-07)
(-5.1898004e-08 5.6822307e-07 3.3497392e-07)
(-1.5035119e-07 5.3259607e-07 3.3688982e-07)
(-2.3775872e-07 4.693234e-07 3.3823842e-07)
(-3.1679395e-07 3.9369148e-07 3.3857174e-07)
(2.772287e-07 3.4339477e-07 3.0874064e-07)
(2.0685635e-07 4.0501971e-07 3.0795368e-07)
(1.2960855e-07 4.5475248e-07 3.0734624e-07)
(4.4468185e-08 4.8244224e-07 3.0791142e-07)
(-4.4463424e-08 4.8244174e-07 3.0791102e-07)
(-1.2960372e-07 4.5475097e-07 3.0734472e-07)
(-2.0685116e-07 4.0501737e-07 3.0795067e-07)
(-2.7722285e-07 3.4339202e-07 3.0873632e-07)
(1.1344439e-07 1.4017778e-07 1.5400538e-07)
(8.3442485e-08 1.6292862e-07 1.5346839e-07)
(5.1078776e-08 1.8025442e-07 1.5219676e-07)
(1.7221193e-08 1.8979921e-07 1.5123954e-07)
(-1.7215396e-08 1.8979897e-07 1.512392e-07)
(-5.1072636e-08 1.8025374e-07 1.5219577e-07)
(-8.3435897e-08 1.6292765e-07 1.5346674e-07)
(-1.1343743e-07 1.4017669e-07 1.5400315e-07)
)
;
    }
    fsi_dura
    {
        type            calculated;
        value           nonuniform List<vector> 
960
(
(1.2808721e-06 -1.0490907e-06 2.1779074e-07)
(1.4666379e-06 -7.8070486e-07 2.183563e-07)
(1.5950637e-06 -4.8294834e-07 2.1877399e-07)
(1.6592259e-06 -1.6380372e-07 2.1785415e-07)
(1.6592259e-06 1.638037e-07 2.1785415e-07)
(1.5950637e-06 4.8294833e-07 2.1877399e-07)
(1.4666379e-06 7.8070485e-07 2.183563e-07)
(1.2808721e-06 1.0490906e-06 2.1779074e-07)
(2.2468982e-06 -1.839679e-06 2.8985616e-07)
(2.5738637e-06 -1.3671242e-06 2.8990367e-07)
(2.8036622e-06 -8.431586e-07 2.8966296e-07)
(2.921525e-06 -2.8504829e-07 2.8904696e-07)
(2.921525e-06 2.8504827e-07 2.8904696e-07)
(2.8036622e-06 8.4315858e-07 2.8966296e-07)
(2.5738637e-06 1.3671242e-06 2.8990367e-07)
(2.2468982e-06 1.839679e-06 2.8985616e-07)
(2.9635294e-06 -2.4252916e-06 2.5249163e-07)
(3.3967718e-06 -1.8014708e-06 2.5215056e-07)
(3.7033678e-06 -1.1106395e-06 2.5177213e-07)
(3.862236e-06 -3.7542947e-07 2.5174277e-07)
(3.862236e-06 3.7542944e-07 2.5174277e-07)
(3.7033678e-06 1.1106395e-06 2.5177213e-07)
(3.3967718e-06 1.8014708e-06 2.5215056e-07)
(2.9635294e-06 2.4252916e-06 2.5249163e-07)
(3.0880218e-06 -2.5267666e-06 2.0045642e-07)
(3.5399498e-06 -1.8765622e-06 2.003647e-07)
(3.8604052e-06 -1.1568483e-06 2.0013138e-07)
(4.0270868e-06 -3.9107082e-07 1.9980541e-07)
(4.0270868e-06 3.9107078e-07 1.9980541e-07)
(3.8604052e-06 1.1568483e-06 2.0013138e-07)
(3.5399498e-06 1.8765622e-06 2.003647e-07)
(3.0880218e-06 2.5267666e-06 2.0045642e-07)
(3.0264235e-06 -2.4762837e-06 1.7692344e-07)
(3.4693024e-06 -1.8389791e-06 1.7675418e-07)
(3.7834955e-06 -1.1335295e-06 1.7653926e-07)
(3.9469604e-06 -3.8313457e-07 1.7643185e-07)
(3.9469604e-06 3.8313452e-07 1.7643185e-07)
(3.7834955e-06 1.1335295e-06 1.7653926e-07)
(3.4693024e-06 1.8389791e-06 1.7675418e-07)
(3.0264235e-06 2.4762836e-06 1.7692344e-07)
(2.9915177e-06 -2.447383e-06 1.5745947e-07)
(3.4298072e-06 -1.8175857e-06 1.5735921e-07)
(3.741018e-06 -1.1204658e-06 1.5731832e-07)
(3.9030845e-06 -3.7875061e-07 1.5723785e-07)
(3.9030845e-06 3.7875055e-07 1.5723785e-07)
(3.741018e-06 1.1204657e-06 1.5731831e-07)
(3.4298072e-06 1.8175857e-06 1.5735921e-07)
(2.9915177e-06 2.447383e-06 1.5745947e-07)
(2.9939448e-06 -2.448888e-06 1.3258436e-07)
(3.4334627e-06 -1.8187013e-06 1.3256277e-07)
(3.7460869e-06 -1.1212809e-06 1.3246043e-07)
(3.9090431e-06 -3.790713e-07 1.3249331e-07)
(3.9090431e-06 3.7907123e-07 1.3249331e-07)
(3.7460869e-06 1.1212808e-06 1.3246043e-07)
(3.4334627e-06 1.8187013e-06 1.3256277e-07)
(2.9939448e-06 2.448888e-06 1.3258436e-07)
(2.9997105e-06 -2.4531478e-06 1.041501e-07)
(3.4407322e-06 -1.8218483e-06 1.0407326e-07)
(3.7546151e-06 -1.1233038e-06 1.040936e-07)
(3.9181587e-06 -3.7978634e-07 1.0409391e-07)
(3.9181587e-06 3.7978626e-07 1.0409391e-07)
(3.7546151e-06 1.1233038e-06 1.040936e-07)
(3.4407322e-06 1.8218482e-06 1.0407326e-07)
(2.9997105e-06 2.4531477e-06 1.0415009e-07)
(3.0017487e-06 -2.4546556e-06 7.5860338e-08)
(3.4430041e-06 -1.8229707e-06 7.5878265e-08)
(3.7570372e-06 -1.1239943e-06 7.5846353e-08)
(3.9206525e-06 -3.8001911e-07 7.5851198e-08)
(3.9206525e-06 3.8001903e-07 7.5851198e-08)
(3.7570372e-06 1.1239943e-06 7.5846352e-08)
(3.4430041e-06 1.8229706e-06 7.5878264e-08)
(3.0017487e-06 2.4546556e-06 7.5860336e-08)
(3.0013285e-06 -2.454454e-06 4.7083904e-08)
(3.4417269e-06 -1.822841e-06 4.7025321e-08)
(3.7549358e-06 -1.1238311e-06 4.7087673e-08)
(3.9181851e-06 -3.7993353e-07 4.7048743e-08)
(3.9181851e-06 3.7993344e-07 4.7048742e-08)
(3.7549358e-06 1.123831e-06 4.7087672e-08)
(3.4417269e-06 1.822841e-06 4.7025319e-08)
(3.0013285e-06 2.454454e-06 4.7083902e-08)
(2.9991589e-06 -2.4528632e-06 1.9266276e-08)
(3.4382083e-06 -1.8216746e-06 1.9249404e-08)
(3.7498844e-06 -1.1229807e-06 1.9189245e-08)
(3.9121757e-06 -3.7959811e-07 1.9192763e-08)
(3.9121757e-06 3.7959801e-07 1.9192763e-08)
(3.7498845e-06 1.1229806e-06 1.9189243e-08)
(3.4382083e-06 1.8216746e-06 1.9249402e-08)
(2.999159e-06 2.4528631e-06 1.9266273e-08)
(2.9991718e-06 -2.4528034e-06 -8.2541584e-09)
(3.4378375e-06 -1.8216031e-06 -8.3162984e-09)
(3.7489881e-06 -1.1228808e-06 -8.3707343e-09)
(3.9107913e-06 -3.7955333e-07 -8.4014634e-09)
(3.9107913e-06 3.7955323e-07 -8.4014639e-09)
(3.7489881e-06 1.1228807e-06 -8.370736e-09)
(3.4378375e-06 1.821603e-06 -8.3163009e-09)
(2.9991718e-06 2.4528033e-06 -8.2541614e-09)
(2.999617e-06 -2.4528046e-06 -3.5732033e-08)
(3.4386585e-06 -1.8216312e-06 -3.5838614e-08)
(3.75033e-06 -1.1229545e-06 -3.5891104e-08)
(3.9126197e-06 -3.7958959e-07 -3.5963659e-08)
(3.9126197e-06 3.7958949e-07 -3.596366e-08)
(3.75033e-06 1.1229544e-06 -3.5891106e-08)
(3.4386585e-06 1.8216311e-06 -3.5838617e-08)
(2.9996171e-06 2.4528045e-06 -3.5732037e-08)
(3.0020261e-06 -2.4541529e-06 -6.3579616e-08)
(3.44238e-06 -1.8226186e-06 -6.3643582e-08)
(3.7555598e-06 -1.1236947e-06 -6.3817447e-08)
(3.9187945e-06 -3.7988755e-07 -6.3846393e-08)
(3.9187945e-06 3.7988745e-07 -6.3846393e-08)
(3.7555598e-06 1.1236946e-06 -6.3817449e-08)
(3.44238e-06 1.8226186e-06 -6.3643585e-08)
(3.0020262e-06 2.4541528e-06 -6.357962e-08)
(3.0027857e-06 -2.4541842e-06 -9.2389142e-08)
(3.4439749e-06 -1.822626e-06 -9.252969e-08)
(3.7579626e-06 -1.1237851e-06 -9.260346e-08)
(3.9215542e-06 -3.7994914e-07 -9.2668525e-08)
(3.9215542e-06 3.7994904e-07 -9.2668526e-08)
(3.7579626e-06 1.123785e-06 -9.2603462e-08)
(3.443975e-06 1.8226259e-06 -9.2529694e-08)
(3.0027857e-06 2.4541841e-06 -9.2389146e-08)
(3.003118e-06 -2.4541621e-06 -1.2051366e-07)
(3.4443318e-06 -1.8226177e-06 -1.2056624e-07)
(3.7583393e-06 -1.1237837e-06 -1.2069968e-07)
(3.921942e-06 -3.7994933e-07 -1.2076259e-07)
(3.921942e-06 3.7994923e-07 -1.207626e-07)
(3.7583393e-06 1.1237836e-06 -1.2069968e-07)
(3.4443318e-06 1.8226176e-06 -1.2056625e-07)
(3.003118e-06 2.454162e-06 -1.2051366e-07)
(3.0030257e-06 -2.454079e-06 -1.492437e-07)
(3.4434579e-06 -1.8225896e-06 -1.4937224e-07)
(3.7567012e-06 -1.1236904e-06 -1.4941779e-07)
(3.9199722e-06 -3.7988914e-07 -1.4953793e-07)
(3.9199722e-06 3.7988905e-07 -1.4953793e-07)
(3.7567012e-06 1.1236903e-06 -1.4941779e-07)
(3.4434579e-06 1.8225895e-06 -1.4937225e-07)
(3.0030257e-06 2.454079e-06 -1.492437e-07)
(3.0012909e-06 -2.452652e-06 -1.7724421e-07)
(3.4404784e-06 -1.8215647e-06 -1.773298e-07)
(3.7522701e-06 -1.1229338e-06 -1.7749679e-07)
(3.9146268e-06 -3.7958559e-07 -1.7757196e-07)
(3.9146268e-06 3.795855e-07 -1.7757196e-07)
(3.7522701e-06 1.1229338e-06 -1.7749679e-07)
(3.4404784e-06 1.8215646e-06 -1.7732981e-07)
(3.001291e-06 2.4526519e-06 -1.7724422e-07)
(3.001521e-06 -2.4525056e-06 -2.0509477e-07)
(3.4404298e-06 -1.8214582e-06 -2.0521977e-07)
(3.7517814e-06 -1.1228281e-06 -2.0537141e-07)
(3.9136977e-06 -3.7954215e-07 -2.0546646e-07)
(3.9136977e-06 3.7954206e-07 -2.0546646e-07)
(3.7517814e-06 1.1228281e-06 -2.0537141e-07)
(3.4404298e-06 1.8214582e-06 -2.0521977e-07)
(3.001521e-06 2.4525056e-06 -2.0509478e-07)
(3.0021603e-06 -2.4523005e-06 -2.3273395e-07)
(3.4416196e-06 -1.821378e-06 -2.3288279e-07)
(3.7536497e-06 -1.1228619e-06 -2.3302836e-07)
(3.9161457e-06 -3.7957081e-07 -2.3317449e-07)
(3.9161457e-06 3.7957073e-07 -2.3317449e-07)
(3.7536497e-06 1.1228619e-06 -2.3302836e-07)
(3.4416196e-06 1.8213779e-06 -2.3288279e-07)
(3.0021603e-06 2.4523005e-06 -2.3273396e-07)
(3.0049648e-06 -2.4535132e-06 -2.608854e-07)
(3.446077e-06 -1.8223201e-06 -2.6095478e-07)
(3.7599724e-06 -1.1236121e-06 -2.6119902e-07)
(3.9236501e-06 -3.7988005e-07 -2.6129449e-07)
(3.9236501e-06 3.7987998e-07 -2.6129449e-07)
(3.7599724e-06 1.123612e-06 -2.6119902e-07)
(3.446077e-06 1.82232e-06 -2.6095479e-07)
(3.0049648e-06 2.4535131e-06 -2.608854e-07)
(3.0060905e-06 -2.4534824e-06 -2.9022692e-07)
(3.4484714e-06 -1.8223221e-06 -2.9033436e-07)
(3.7636922e-06 -1.1237407e-06 -2.9044595e-07)
(3.9281053e-06 -3.7996609e-07 -2.9055483e-07)
(3.9281053e-06 3.7996603e-07 -2.9055483e-07)
(3.7636922e-06 1.1237406e-06 -2.9044596e-07)
(3.4484714e-06 1.8223221e-06 -2.9033436e-07)
(3.0060906e-06 2.4534823e-06 -2.9022693e-07)
(3.0049765e-06 -2.4524131e-06 -3.1903681e-07)
(3.4474162e-06 -1.8215402e-06 -3.1902692e-07)
(3.7628153e-06 -1.1232761e-06 -3.1916978e-07)
(3.9273959e-06 -3.7981402e-07 -3.1926022e-07)
(3.927396e-06 3.7981396e-07 -3.1926023e-07)
(3.7628153e-06 1.123276e-06 -3.1916979e-07)
(3.4474163e-06 1.8215401e-06 -3.1902692e-07)
(3.0049765e-06 2.452413e-06 -3.1903682e-07)
(2.9993257e-06 -2.4486327e-06 -3.4812528e-07)
(3.4401282e-06 -1.8187312e-06 -3.481483e-07)
(3.7540586e-06 -1.1214423e-06 -3.4815961e-07)
(3.9178815e-06 -3.791577e-07 -3.4828403e-07)
(3.9178815e-06 3.7915765e-07 -3.4828403e-07)
(3.7540586e-06 1.1214422e-06 -3.4815961e-07)
(3.4401283e-06 1.8187311e-06 -3.4814831e-07)
(2.9993257e-06 2.4486326e-06 -3.4812529e-07)
(2.9917961e-06 -2.443803e-06 -3.7423903e-07)
(3.430359e-06 -1.8150976e-06 -3.7413999e-07)
(3.741966e-06 -1.1190306e-06 -3.7417245e-07)
(3.9043193e-06 -3.782847e-07 -3.7415942e-07)
(3.9043193e-06 3.7828466e-07 -3.7415942e-07)
(3.741966e-06 1.1190306e-06 -3.7417245e-07)
(3.430359e-06 1.8150976e-06 -3.7414e-07)
(2.9917962e-06 2.443803e-06 -3.7423903e-07)
(3.0129469e-06 -2.4623454e-06 -3.9404538e-07)
(3.4540188e-06 -1.8287382e-06 -3.938284e-07)
(3.7670581e-06 -1.1273101e-06 -3.9362427e-07)
(3.9299484e-06 -3.8105875e-07 -3.9349627e-07)
(3.9299485e-06 3.8105872e-07 -3.9349627e-07)
(3.7670581e-06 1.1273101e-06 -3.9362427e-07)
(3.4540188e-06 1.8287381e-06 -3.938284e-07)
(3.0129469e-06 2.4623454e-06 -3.9404538e-07)
(3.0774941e-06 -2.51603e-06 -4.1038638e-07)
(3.5280748e-06 -1.8686351e-06 -4.1017915e-07)
(3.8476868e-06 -1.1520462e-06 -4.0988315e-07)
(4.0139405e-06 -3.8947884e-07 -4.0954997e-07)
(4.0139405e-06 3.8947881e-07 -4.0954997e-07)
(3.8476869e-06 1.1520462e-06 -4.0988315e-07)
(3.5280748e-06 1.8686351e-06 -4.1017916e-07)
(3.0774941e-06 2.51603e-06 -4.1038638e-07)
(3.0426216e-06 -2.4887813e-06 -4.4767026e-07)
(3.4871955e-06 -1.8486632e-06 -4.4711544e-07)
(3.8016663e-06 -1.1396968e-06 -4.4650961e-07)
(3.9645735e-06 -3.8522744e-07 -4.4644558e-07)
(3.9645735e-06 3.8522742e-07 -4.4644558e-07)
(3.8016663e-06 1.1396968e-06 -4.4650961e-07)
(3.4871955e-06 1.8486632e-06 -4.4711544e-07)
(3.0426216e-06 2.4887812e-06 -4.4767026e-07)
(2.4521302e-06 -2.0074514e-06 -4.8335011e-07)
(2.8080351e-06 -1.4918456e-06 -4.8308252e-07)
(3.0579508e-06 -9.1998843e-07 -4.8252668e-07)
(3.1861036e-06 -3.1099309e-07 -4.8158179e-07)
(3.1861036e-06 3.1099307e-07 -4.8158179e-07)
(3.0579508e-06 9.1998842e-07 -4.8252668e-07)
(2.8080351e-06 1.4918456e-06 -4.8308252e-07)
(2.4521302e-06 2.0074514e-06 -4.8335011e-07)
(9.6983712e-07 -7.9447666e-07 -2.9633757e-07)
(1.1097361e-06 -5.9074645e-07 -2.9609462e-07)
(1.2072344e-06 -3.6459577e-07 -2.9587603e-07)
(1.2567434e-06 -1.2335004e-07 -2.9599346e-07)
(1.2567434e-06 1.2335004e-07 -2.9599346e-07)
(1.2072344e-06 3.6459576e-07 -2.9587603e-07)
(1.1097361e-06 5.9074644e-07 -2.9609462e-07)
(9.6983712e-07 7.9447666e-07 -2.9633757e-07)
(1.0491216e-06 1.2808383e-06 2.1779277e-07)
(7.8073431e-07 1.4666003e-06 2.1836229e-07)
(4.8297775e-07 1.5950222e-06 2.1878369e-07)
(1.6383455e-07 1.6591807e-06 2.1786723e-07)
(-1.6377014e-07 1.6591778e-06 2.1787018e-07)
(-4.8291115e-07 1.595014e-06 2.1879241e-07)
(-7.8066369e-07 1.466588e-06 2.1837643e-07)
(-1.0490457e-06 1.2808238e-06 2.1781186e-07)
(1.8397597e-06 2.2468106e-06 2.8986262e-07)
(1.3672012e-06 2.5737671e-06 2.8992282e-07)
(8.4323557e-07 2.8035557e-06 2.8969418e-07)
(2.85129e-07 2.9214093e-06 2.890892e-07)
(-2.849606e-07 2.921402e-06 2.8909877e-07)
(-8.4306165e-07 2.8035352e-06 2.8972251e-07)
(-1.3670171e-06 2.5737363e-06 2.899688e-07)
(-1.8395622e-06 2.2467743e-06 2.8992448e-07)
(2.4254588e-06 2.9633516e-06 2.525056e-07)
(1.8016324e-06 3.3965802e-06 2.5219198e-07)
(1.1108015e-06 3.7031608e-06 2.518396e-07)
(3.7559764e-07 3.8620146e-06 2.5183401e-07)
(-3.7525001e-07 3.8620031e-06 2.5185464e-07)
(-1.1104452e-06 3.7031281e-06 2.5190066e-07)
(-1.80126e-06 3.3965312e-06 2.5229112e-07)
(-2.4250652e-06 2.9632939e-06 2.5263904e-07)
(2.5270486e-06 3.0877293e-06 2.0047869e-07)
(1.876839e-06 3.5396432e-06 2.0043073e-07)
(1.157126e-06 3.8600827e-06 2.0023895e-07)
(3.9135565e-07 4.026749e-06 1.9995082e-07)
(-3.9077327e-07 4.0267363e-06 1.9998361e-07)
(-1.156534e-06 3.8600467e-06 2.0033614e-07)
(-1.876229e-06 3.5395892e-06 2.0058867e-07)
(-2.5264151e-06 3.0876656e-06 2.0069132e-07)
(2.4767055e-06 3.0259942e-06 1.7695353e-07)
(1.839398e-06 3.4688625e-06 1.7684342e-07)
(1.1339505e-06 3.7830428e-06 1.7668468e-07)
(3.8356283e-07 3.9464947e-06 1.7662848e-07)
(-3.8269414e-07 3.9464831e-06 1.7667286e-07)
(-1.1330731e-06 3.7830098e-06 1.7681615e-07)
(-1.8385043e-06 3.468813e-06 1.7705691e-07)
(-2.4757904e-06 3.0259358e-06 1.7724081e-07)
(2.4479668e-06 2.990931e-06 1.5749673e-07)
(1.8181699e-06 3.429215e-06 1.574697e-07)
(1.1210537e-06 3.7404178e-06 1.574982e-07)
(3.79346e-07 3.9024747e-06 1.5748088e-07)
(-3.7814393e-07 3.9024647e-06 1.5753553e-07)
(-1.1198443e-06 3.7403894e-06 1.5766005e-07)
(-1.8169467e-06 3.4291725e-06 1.577326e-07)
(-2.4467253e-06 2.9908808e-06 1.578507e-07)
(2.4496544e-06 2.993181e-06 1.3262795e-07)
(1.819472e-06 3.4326995e-06 1.3269203e-07)
(1.1220574e-06 3.7453214e-06 1.3267087e-07)
(3.7985574e-07 3.9082722e-06 1.3277748e-07)
(-3.7827622e-07 3.908264e-06 1.3284106e-07)
(-1.1204718e-06 3.745298e-06 1.3285926e-07)
(-1.817875e-06 3.4326644e-06 1.3299807e-07)
(-2.448042e-06 2.9931395e-06 1.3303986e-07)
(2.4541153e-06 2.998752e-06 1.0419941e-07)
(1.8228248e-06 3.4397812e-06 1.042194e-07)
(1.1242889e-06 3.7536681e-06 1.0433125e-07)
(3.8078e-07 3.9172107e-06 1.0441438e-07)
(-3.7878239e-07 3.9172042e-06 1.0448544e-07)
(-1.1222865e-06 3.7536497e-06 1.0454176e-07)
(-1.8208135e-06 3.4397537e-06 1.045613e-07)
(-2.4520919e-06 2.9987194e-06 1.0465958e-07)
(2.4558402e-06 3.0005799e-06 7.5914789e-08)
(1.8241694e-06 3.4418501e-06 7.6039513e-08)
(1.1252046e-06 3.7558939e-06 7.6108204e-08)
(3.8123905e-07 3.919513e-06 7.6203567e-08)
(-3.7878906e-07 3.9195084e-06 7.6280532e-08)
(-1.1227513e-06 3.7558809e-06 7.6336185e-08)
(-1.8217099e-06 3.4418305e-06 7.6409736e-08)
(-2.453372e-06 3.0005566e-06 7.6412972e-08)
(2.4558694e-06 2.9999355e-06 4.7143108e-08)
(1.8242755e-06 3.4403559e-06 4.7200437e-08)
(1.1252801e-06 3.7535818e-06 4.7371388e-08)
(3.8139352e-07 3.9168394e-06 4.7429321e-08)
(-3.7846347e-07 3.9168367e-06 4.7510558e-08)
(-1.1223485e-06 3.7535742e-06 4.7611913e-08)
(-1.8213405e-06 3.4403445e-06 4.7590874e-08)
(-2.4529294e-06 2.9999219e-06 4.7668354e-08)
(2.4545229e-06 2.9975267e-06 1.933009e-08)
(1.8233574e-06 3.4366038e-06 1.943787e-08)
(1.1246804e-06 3.7483023e-06 1.949364e-08)
(3.8130965e-07 3.9106057e-06 1.9599081e-08)
(-3.7787662e-07 3.9106048e-06 1.9682671e-08)
(-1.1212472e-06 3.7483e-06 1.9741282e-08)
(-1.8199236e-06 3.4366003e-06 1.9839997e-08)
(-2.4510879e-06 2.9975227e-06 1.9871002e-08)
(2.4547209e-06 2.997284e-06 -8.1857692e-09)
(1.8235455e-06 3.4359797e-06 -8.1147491e-09)
(1.1248414e-06 3.7471549e-06 -8.0465308e-09)
(3.8152603e-07 3.9089723e-06 -7.9713055e-09)
(-3.7757124e-07 3.9089731e-06 -7.8869939e-09)
(-1.1208881e-06 3.7471573e-06 -7.7968725e-09)
(-1.8195951e-06 3.4359836e-06 -7.7096731e-09)
(-2.4507739e-06 2.9972891e-06 -7.6412904e-09)
(2.4549922e-06 2.9974559e-06 -3.5658671e-08)
(1.8238412e-06 3.4365238e-06 -3.5623088e-08)
(1.1251813e-06 3.748217e-06 -3.5546633e-08)
(3.8182767e-07 3.9105196e-06 -3.5510705e-08)
(-3.7734352e-07 3.9105217e-06 -3.5428052e-08)
(-1.1207008e-06 3.7482232e-06 -3.5301993e-08)
(-1.8193675e-06 3.4365338e-06 -3.5226059e-08)
(-2.4505271e-06 2.9974689e-06 -3.5124657e-08)
(2.4566266e-06 2.9995667e-06 -6.3501035e-08)
(1.8251054e-06 3.4399344e-06 -6.3413512e-08)
(1.1261922e-06 3.7531253e-06 -6.3452218e-08)
(3.823928e-07 3.9163673e-06 -6.3371294e-08)
(-3.773775e-07 3.9163702e-06 -6.3292897e-08)
(-1.1211825e-06 3.7531341e-06 -6.3219807e-08)
(-1.8201062e-06 3.439949e-06 -6.3035773e-08)
(-2.4516417e-06 2.9995863e-06 -6.299237e-08)
(2.4569638e-06 2.9999952e-06 -9.2304915e-08)
(1.825399e-06 3.4411716e-06 -9.228424e-08)
(1.1265561e-06 3.7551481e-06 -9.2217464e-08)
(3.827206e-07 3.9187346e-06 -9.2173323e-08)
(-3.771788e-07 3.918738e-06 -9.2102083e-08)
(-1.121022e-06 3.7551587e-06 -9.2006008e-08)
(-1.8198798e-06 3.4411898e-06 -9.1939552e-08)
(-2.4514657e-06 3.0000202e-06 -9.183884e-08)
(2.4572715e-06 2.9999535e-06 -1.204239e-07)
(1.8256858e-06 3.4411084e-06 -1.2030609e-07)
(1.1268273e-06 3.7550665e-06 -1.2029494e-07)
(3.8298018e-07 3.9186428e-06 -1.2025177e-07)
(-3.7693003e-07 3.9186473e-06 -1.2019143e-07)
(-1.1207873e-06 3.7550804e-06 -1.2011506e-07)
(-1.8196658e-06 3.4411321e-06 -1.2001055e-07)
(-2.4512794e-06 2.9999859e-06 -1.2002024e-07)
(2.4575479e-06 2.9994312e-06 -1.4914966e-07)
(1.8259612e-06 3.4397315e-06 -1.4910135e-07)
(1.1270009e-06 3.7528658e-06 -1.4900162e-07)
(3.831654e-07 3.9160788e-06 -1.4902272e-07)
(-3.7664153e-07 3.9160876e-06 -1.4897719e-07)
(-1.1204907e-06 3.7528918e-06 -1.4886471e-07)
(-1.8194764e-06 3.4397722e-06 -1.4887255e-07)
(-2.451097e-06 2.9994822e-06 -1.4883005e-07)
(2.4565225e-06 2.9971869e-06 -1.7714972e-07)
(1.8252514e-06 3.4361331e-06 -1.7705908e-07)
(1.1265021e-06 3.7477301e-06 -1.7708588e-07)
(3.8308511e-07 3.9099877e-06 -1.7707384e-07)
(-3.76142e-07 3.9100106e-06 -1.7704712e-07)
(-1.1195765e-06 3.747794e-06 -1.7700324e-07)
(-1.8183561e-06 3.4362247e-06 -1.7691436e-07)
(-2.4496626e-06 2.9972889e-06 -1.7693618e-07)
(2.4568358e-06 2.9967923e-06 -2.0500846e-07)
(1.8254722e-06 3.4352968e-06 -2.0497348e-07)
(1.1266371e-06 3.7463344e-06 -2.0500112e-07)
(3.8323031e-07 3.9081058e-06 -2.0502643e-07)
(-3.759523e-07 3.9081639e-06 -2.0502037e-07)
(-1.1193821e-06 3.7464925e-06 -2.0497902e-07)
(-1.8182504e-06 3.435513e-06 -2.0492483e-07)
(-2.4496387e-06 2.9970164e-06 -2.0491923e-07)
(2.4571538e-06 2.9966567e-06 -2.3266955e-07)
(1.8257159e-06 3.435461e-06 -2.3269962e-07)
(1.1268692e-06 3.7469937e-06 -2.3275668e-07)
(3.833885e-07 3.9092796e-06 -2.3286155e-07)
(-3.7590423e-07 3.9094063e-06 -2.3287543e-07)
(-1.1194179e-06 3.7473375e-06 -2.3279436e-07)
(-1.8182988e-06 3.4359264e-06 -2.3274906e-07)
(-2.449728e-06 2.9971272e-06 -2.3271318e-07)
(2.4589317e-06 2.998557e-06 -2.6085777e-07)
(1.8269618e-06 3.4386391e-06 -2.6087627e-07)
(1.1277561e-06 3.7517078e-06 -2.610838e-07)
(3.8374851e-07 3.9150135e-06 -2.6117048e-07)
(-3.7622158e-07 3.9152386e-06 -2.6120143e-07)
(-1.120275e-06 3.752322e-06 -2.6117288e-07)
(-1.8195135e-06 3.4394782e-06 -2.6101293e-07)
(-2.4514133e-06 2.9994109e-06 -2.6102672e-07)
(2.4593527e-06 2.9989045e-06 -2.9023616e-07)
(1.8271719e-06 3.4398353e-06 -2.9036124e-07)
(1.1279273e-06 3.7537774e-06 -2.9048743e-07)
(3.8378789e-07 3.9175336e-06 -2.9061571e-07)
(-3.764134e-07 3.9178519e-06 -2.9065847e-07)
(-1.1206099e-06 3.7546517e-06 -2.9061283e-07)
(-1.8198842e-06 3.4410449e-06 -2.9056138e-07)
(-2.4519271e-06 3.0001555e-06 -2.9049961e-07)
(2.4583204e-06 2.9976141e-06 -3.1906728e-07)
(1.8263254e-06 3.4384056e-06 -3.1911569e-07)
(1.127326e-06 3.7522861e-06 -3.1931095e-07)
(3.8345909e-07 3.9160406e-06 -3.1944982e-07)
(-3.7646324e-07 3.916397e-06 -3.1949956e-07)
(-1.120391e-06 3.7532677e-06 -3.1945814e-07)
(-1.8194171e-06 3.4397707e-06 -3.1935371e-07)
(-2.4512413e-06 2.9990357e-06 -3.1938535e-07)
(2.4540077e-06 2.9926296e-06 -3.4817499e-07)
(1.823083e-06 3.4319737e-06 -3.482933e-07)
(1.1251308e-06 3.7446136e-06 -3.4839148e-07)
(3.8248405e-07 3.9077683e-06 -3.4859088e-07)
(-3.7609506e-07 3.9080831e-06 -3.4864452e-07)
(-1.1187946e-06 3.7454778e-06 -3.4855104e-07)
(-1.8167678e-06 3.4331678e-06 -3.4855416e-07)
(-2.4475418e-06 2.9938614e-06 -3.4852777e-07)
(2.4482475e-06 2.9863497e-06 -3.7431907e-07)
(1.8187593e-06 3.4238639e-06 -3.7437257e-07)
(1.1221945e-06 3.734625e-06 -3.7453625e-07)
(3.8117804e-07 3.896592e-06 -3.7462125e-07)
(-3.7559171e-07 3.8968086e-06 -3.7467706e-07)
(-1.1166437e-06 3.7352145e-06 -3.747033e-07)
(-1.8132213e-06 3.4246651e-06 -3.7464991e-07)
(-2.4426107e-06 2.9871574e-06 -3.7470359e-07)
(2.4657476e-06 3.0088812e-06 -3.9415089e-07)
(1.8316202e-06 3.4492784e-06 -3.9413396e-07)
(1.1298656e-06 3.761798e-06 -3.9409766e-07)
(3.8343831e-07 3.924458e-06 -3.9408667e-07)
(-3.7880767e-07 3.9245689e-06 -3.9414285e-07)
(-1.1252513e-06 3.762096e-06 -3.9426751e-07)
(-1.8270087e-06 3.4496736e-06 -3.9442031e-07)
(-2.4610843e-06 3.0092664e-06 -3.9455627e-07)
(2.5184567e-06 3.0746577e-06 -4.1049683e-07)
(1.870745e-06 3.5248147e-06 -4.1049794e-07)
(1.1539624e-06 3.8440872e-06 -4.1037422e-07)
(3.9129899e-07 4.0101679e-06 -4.1015872e-07)
(-3.8771979e-07 4.0102013e-06 -4.1021199e-07)
(-1.1503843e-06 3.8441742e-06 -4.105359e-07)
(-1.8671582e-06 3.5249228e-06 -4.1077265e-07)
(-2.5148386e-06 3.0747517e-06 -4.1088897e-07)
(2.4903538e-06 3.0408069e-06 -4.4776354e-07)
(1.8500557e-06 3.4851205e-06 -4.4738424e-07)
(1.1409879e-06 3.7993708e-06 -4.4692269e-07)
(3.8648103e-07 3.9621495e-06 -4.4695676e-07)
(-3.8398521e-07 3.9621429e-06 -4.4700146e-07)
(-1.1384841e-06 3.7993497e-06 -4.4705813e-07)
(-1.8475345e-06 3.4850832e-06 -4.4761381e-07)
(-2.4878046e-06 3.0407543e-06 -4.4809017e-07)
(2.0083038e-06 2.4511536e-06 -4.8341068e-07)
(1.4926107e-06 2.8069205e-06 -4.8325691e-07)
(9.2071128e-07 3.0567147e-06 -4.8279449e-07)
(3.1171047e-07 3.1847911e-06 -4.8191326e-07)
(-3.1026466e-07 3.1847769e-06 -4.8194241e-07)
(-9.1925728e-07 3.0566743e-06 -4.8288269e-07)
(-1.4911417e-06 2.8068595e-06 -4.8340591e-07)
(-2.0068148e-06 2.4510809e-06 -4.8362175e-07)
(7.9473948e-07 9.6953746e-07 -2.9635791e-07)
(5.9098471e-07 1.1093945e-06 -2.9615321e-07)
(3.6482421e-07 1.2068551e-06 -2.9596607e-07)
(1.2358065e-07 1.2563399e-06 -2.9610494e-07)
(-1.2311176e-07 1.2563344e-06 -2.9611487e-07)
(-3.6435251e-07 1.2068395e-06 -2.9599623e-07)
(-5.9050817e-07 1.1093712e-06 -2.9620413e-07)
(-7.9425684e-07 9.6951005e-07 -2.9642969e-07)
(-1.2807903e-06 1.0490762e-06 2.178141e-07)
(-1.4665506e-06 7.8069257e-07 2.1838303e-07)
(-1.5949723e-06 4.8294013e-07 2.1880302e-07)
(-1.6591323e-06 1.6380082e-07 2.1788433e-07)
(-1.6591323e-06 -1.6380082e-07 2.1788433e-07)
(-1.5949723e-06 -4.8294012e-07 2.1880302e-07)
(-1.4665506e-06 -7.8069257e-07 2.1838303e-07)
(-1.2807904e-06 -1.0490762e-06 2.178141e-07)
(-2.2466862e-06 1.8396426e-06 2.8993157e-07)
(-2.5736383e-06 1.3670934e-06 2.8998974e-07)
(-2.8034266e-06 8.4313802e-07 2.8975639e-07)
(-2.9212837e-06 2.8504107e-07 2.8914415e-07)
(-2.9212838e-06 -2.8504107e-07 2.8914415e-07)
(-2.8034266e-06 -8.4313802e-07 2.8975639e-07)
(-2.5736383e-06 -1.3670934e-06 2.8998974e-07)
(-2.2466862e-06 -1.8396426e-06 2.8993157e-07)
(-2.9631127e-06 2.4252338e-06 2.526543e-07)
(-3.3963338e-06 1.8014218e-06 2.5233623e-07)
(-3.7029133e-06 1.1106068e-06 2.5197366e-07)
(-3.8617727e-06 3.7541798e-07 2.5195239e-07)
(-3.8617727e-06 -3.7541798e-07 2.5195238e-07)
(-3.7029133e-06 -1.1106068e-06 2.5197366e-07)
(-3.3963338e-06 -1.8014218e-06 2.5233623e-07)
(-2.9631127e-06 -2.4252338e-06 2.526543e-07)
(-3.0873629e-06 2.5267028e-06 2.0071561e-07)
(-3.5392674e-06 1.8765082e-06 2.0066044e-07)
(-3.8597048e-06 1.1568122e-06 2.004523e-07)
(-4.0263767e-06 3.9105814e-07 2.0013916e-07)
(-4.0263767e-06 -3.9105815e-07 2.0013916e-07)
(-3.8597048e-06 -1.1568122e-06 2.004523e-07)
(-3.5392674e-06 -1.8765082e-06 2.0066044e-07)
(-3.0873629e-06 -2.5267028e-06 2.007156e-07)
(-3.025485e-06 2.4762252e-06 1.7727354e-07)
(-3.4683422e-06 1.8389295e-06 1.7715367e-07)
(-3.7825185e-06 1.1334964e-06 1.7697283e-07)
(-3.9459744e-06 3.8312293e-07 1.7688278e-07)
(-3.9459744e-06 -3.8312294e-07 1.7688278e-07)
(-3.7825185e-06 -1.1334964e-06 1.7697282e-07)
(-3.4683422e-06 -1.8389295e-06 1.7715367e-07)
(-3.025485e-06 -2.4762252e-06 1.7727353e-07)
(-2.990256e-06 2.4473327e-06 1.5789098e-07)
(-3.4285267e-06 1.8175431e-06 1.5785168e-07)
(-3.7397228e-06 1.1204373e-06 1.5785276e-07)
(-3.9017813e-06 3.7874059e-07 1.5779368e-07)
(-3.9017813e-06 -3.787406e-07 1.5779368e-07)
(-3.7397228e-06 -1.1204373e-06 1.5785276e-07)
(-3.4285267e-06 -1.8175431e-06 1.5785167e-07)
(-2.990256e-06 -2.4473328e-06 1.5789097e-07)
(-2.9923155e-06 2.4488463e-06 1.3308636e-07)
(-3.4318177e-06 1.8186659e-06 1.3313559e-07)
(-3.7444296e-06 1.1212572e-06 1.3308206e-07)
(-3.9073791e-06 3.7906296e-07 1.3313981e-07)
(-3.9073791e-06 -3.7906298e-07 1.3313981e-07)
(-3.7444296e-06 -1.1212572e-06 1.3308206e-07)
(-3.4318177e-06 -1.8186659e-06 1.3313559e-07)
(-2.9923155e-06 -2.4488463e-06 1.3308636e-07)
(-2.9976737e-06 2.453115e-06 1.0471089e-07)
(-3.4386828e-06 1.8218204e-06 1.0471312e-07)
(-3.7525557e-06 1.1232852e-06 1.0478791e-07)
(-3.9160938e-06 3.7977975e-07 1.0481594e-07)
(-3.9160938e-06 -3.7977977e-07 1.0481594e-07)
(-3.7525557e-06 -1.1232852e-06 1.0478791e-07)
(-3.4386828e-06 -1.8218204e-06 1.0471312e-07)
(-2.9976737e-06 -2.453115e-06 1.0471089e-07)
(-2.9992707e-06 2.4546322e-06 7.6467326e-08)
(-3.4405167e-06 1.8229507e-06 7.6570702e-08)
(-3.7545424e-06 1.1239809e-06 7.6597616e-08)
(-3.9181536e-06 3.8001437e-07 7.6632413e-08)
(-3.9181536e-06 -3.8001439e-07 7.6632412e-08)
(-3.7545424e-06 -1.123981e-06 7.6597614e-08)
(-3.4405167e-06 -1.8229507e-06 7.6570699e-08)
(-2.9992707e-06 -2.4546322e-06 7.6467323e-08)
(-2.9983827e-06 2.4544403e-06 4.7723693e-08)
(-3.4387754e-06 1.8228293e-06 4.7754981e-08)
(-3.7519795e-06 1.1238232e-06 4.7879164e-08)
(-3.915226e-06 3.7993073e-07 4.7871739e-08)
(-3.915226e-06 -3.7993075e-07 4.7871739e-08)
(-3.7519795e-06 -1.1238232e-06 4.7879163e-08)
(-3.4387754e-06 -1.8228293e-06 4.7754979e-08)
(-2.9983827e-06 -2.4544403e-06 4.772369e-08)
(-2.9957226e-06 2.4528592e-06 1.9924972e-08)
(-3.4347706e-06 1.8216714e-06 2.0000427e-08)
(-3.7464454e-06 1.1229785e-06 2.0003721e-08)
(-3.9087359e-06 3.7959733e-07 2.0039489e-08)
(-3.9087359e-06 -3.7959736e-07 2.0039489e-08)
(-3.7464454e-06 -1.1229786e-06 2.000372e-08)
(-3.4347706e-06 -1.8216714e-06 2.0000426e-08)
(-2.9957226e-06 -2.4528592e-06 1.9924971e-08)
(-2.9952285e-06 2.452809e-06 -7.5914673e-09)
(-3.4338977e-06 1.8216083e-06 -7.5609917e-09)
(-3.7450508e-06 1.1228845e-06 -7.551761e-09)
(-3.9068554e-06 3.7955462e-07 -7.5500919e-09)
(-3.9068554e-06 -3.7955465e-07 -7.5500921e-09)
(-3.7450509e-06 -1.1228845e-06 -7.5517615e-09)
(-3.4338977e-06 -1.8216083e-06 -7.5609925e-09)
(-2.9952286e-06 -2.452809e-06 -7.5914681e-09)
(-2.9951618e-06 2.452819e-06 -3.5081764e-08)
(-3.4342128e-06 1.8216444e-06 -3.5097282e-08)
(-3.7458915e-06 1.1229638e-06 -3.5087242e-08)
(-3.9081849e-06 3.7959294e-07 -3.5127974e-08)
(-3.9081849e-06 -3.7959297e-07 -3.5127974e-08)
(-3.7458915e-06 -1.1229639e-06 -3.5087242e-08)
(-3.4342128e-06 -1.8216444e-06 -3.5097282e-08)
(-2.9951619e-06 -2.452819e-06 -3.5081764e-08)
(-2.9970583e-06 2.4541749e-06 -6.2959435e-08)
(-3.4374294e-06 1.8226393e-06 -6.2935668e-08)
(-3.7506228e-06 1.1237096e-06 -6.3049033e-08)
(-3.913865e-06 3.7989291e-07 -6.3047159e-08)
(-3.913865e-06 -3.7989294e-07 -6.3047159e-08)
(-3.7506228e-06 -1.1237096e-06 -6.3049033e-08)
(-3.4374295e-06 -1.8226394e-06 -6.2935667e-08)
(-2.9970584e-06 -2.454175e-06 -6.2959434e-08)
(-2.9973129e-06 2.4542132e-06 -9.1818403e-08)
(-3.4385278e-06 1.8226537e-06 -9.1875688e-08)
(-3.7525361e-06 1.1238051e-06 -9.1891554e-08)
(-3.9161395e-06 3.7995643e-07 -9.1926951e-08)
(-3.9161395e-06 -3.7995645e-07 -9.192695e-08)
(-3.7525362e-06 -1.1238051e-06 -9.1891553e-08)
(-3.4385278e-06 -1.8226537e-06 -9.1875687e-08)
(-2.9973129e-06 -2.4542132e-06 -9.1818401e-08)
(-2.9971593e-06 2.4541993e-06 -1.2001411e-07)
(-3.4384069e-06 1.8226531e-06 -1.1998842e-07)
(-3.7524417e-06 1.1238092e-06 -1.2006633e-07)
(-3.9160598e-06 3.7995863e-07 -1.2010042e-07)
(-3.9160598e-06 -3.7995866e-07 -1.2010042e-07)
(-3.7524418e-06 -1.1238093e-06 -1.2006633e-07)
(-3.438407e-06 -1.8226531e-06 -1.1998842e-07)
(-2.9971594e-06 -2.4541994e-06 -1.200141e-07)
(-2.9966134e-06 2.4541331e-06 -1.4883878e-07)
(-3.437083e-06 1.8226379e-06 -1.4889408e-07)
(-3.7503555e-06 1.1237239e-06 -1.4888568e-07)
(-3.9136424e-06 3.7990111e-07 -1.4897715e-07)
(-3.9136424e-06 -3.7990113e-07 -1.4897715e-07)
(-3.7503555e-06 -1.123724e-06 -1.4888567e-07)
(-3.4370831e-06 -1.822638e-06 -1.4889407e-07)
(-2.9966134e-06 -2.4541332e-06 -1.4883877e-07)
(-2.9944656e-06 2.4527479e-06 -1.7695857e-07)
(-3.433682e-06 1.8216418e-06 -1.7697641e-07)
(-3.7454932e-06 1.1229832e-06 -1.7709011e-07)
(-3.9078594e-06 3.7960252e-07 -1.7713591e-07)
(-3.9078594e-06 -3.7960254e-07 -1.7713591e-07)
(-3.7454932e-06 -1.1229833e-06 -1.7709011e-07)
(-3.433682e-06 -1.8216418e-06 -1.7697641e-07)
(-2.9944657e-06 -2.452748e-06 -1.7695856e-07)
(-2.99433e-06 2.4526975e-06 -2.0495248e-07)
(-3.4332272e-06 1.8215972e-06 -2.050196e-07)
(-3.7445603e-06 1.1229096e-06 -2.0512075e-07)
(-3.906464e-06 3.7956868e-07 -2.0518607e-07)
(-3.906464e-06 -3.7956869e-07 -2.0518607e-07)
(-3.7445604e-06 -1.1229096e-06 -2.0512075e-07)
(-3.4332273e-06 -1.8215972e-06 -2.0501959e-07)
(-2.99433e-06 -2.4526976e-06 -2.0495248e-07)
(-2.9946573e-06 2.4526837e-06 -2.3275329e-07)
(-3.4339844e-06 1.8216334e-06 -2.3286489e-07)
(-3.7458762e-06 1.1229971e-06 -2.3297272e-07)
(-3.9082858e-06 3.7961153e-07 -2.330952e-07)
(-3.9082858e-06 -3.7961155e-07 -2.330952e-07)
(-3.7458762e-06 -1.1229971e-06 -2.3297272e-07)
(-3.4339844e-06 -1.8216334e-06 -2.3286489e-07)
(-2.9946574e-06 -2.4526838e-06 -2.3275329e-07)
(-2.9972059e-06 2.454204e-06 -2.6106904e-07)
(-3.4379162e-06 1.8227633e-06 -2.6113624e-07)
(-3.7513651e-06 1.1238279e-06 -2.6136653e-07)
(-3.9147436e-06 3.7993949e-07 -2.6144847e-07)
(-3.9147436e-06 -3.799395e-07 -2.6144847e-07)
(-3.7513651e-06 -1.1238279e-06 -2.6136653e-07)
(-3.4379163e-06 -1.8227633e-06 -2.6113623e-07)
(-2.9972059e-06 -2.454204e-06 -2.6106903e-07)
(-2.9982276e-06 2.4545083e-06 -2.9053991e-07)
(-3.4398407e-06 1.8229797e-06 -2.9067975e-07)
(-3.7541447e-06 1.1240502e-06 -2.9080192e-07)
(-3.9179054e-06 3.8004665e-07 -2.909064e-07)
(-3.9179055e-06 -3.8004666e-07 -2.9090639e-07)
(-3.7541447e-06 -1.1240502e-06 -2.9080192e-07)
(-3.4398407e-06 -1.8229797e-06 -2.9067975e-07)
(-2.9982276e-06 -2.4545083e-06 -2.905399e-07)
(-2.9973637e-06 2.453587e-06 -3.194203e-07)
(-3.4388469e-06 1.8222942e-06 -3.1945725e-07)
(-3.7530716e-06 1.1236273e-06 -3.1962641e-07)
(-3.9167973e-06 3.7990342e-07 -3.1972619e-07)
(-3.9167973e-06 -3.7990343e-07 -3.1972619e-07)
(-3.7530716e-06 -1.1236273e-06 -3.1962641e-07)
(-3.438847e-06 -1.8222942e-06 -3.1945724e-07)
(-2.9973637e-06 -2.453587e-06 -3.1942029e-07)
(-2.9924058e-06 2.4496382e-06 -3.4855533e-07)
(-3.4324213e-06 1.8193699e-06 -3.4863688e-07)
(-3.7454154e-06 1.1217383e-06 -3.4868889e-07)
(-3.9085719e-06 3.7923326e-07 -3.4883711e-07)
(-3.908572e-06 -3.7923326e-07 -3.4883711e-07)
(-3.7454154e-06 -1.1217383e-06 -3.4868889e-07)
(-3.4324213e-06 -1.8193699e-06 -3.4863687e-07)
(-2.9924059e-06 -2.4496382e-06 -3.4855533e-07)
(-2.9858828e-06 2.4444455e-06 -3.7472332e-07)
(-3.4240043e-06 1.8154982e-06 -3.7471031e-07)
(-3.7351315e-06 1.1192173e-06 -3.7480772e-07)
(-3.8971677e-06 3.7833385e-07 -3.7483078e-07)
(-3.8971678e-06 -3.7833385e-07 -3.7483078e-07)
(-3.7351315e-06 -1.1192173e-06 -3.7480772e-07)
(-3.4240043e-06 -1.8154982e-06 -3.747103e-07)
(-2.9858828e-06 -2.4444455e-06 -3.7472332e-07)
(-3.008156e-06 2.4626404e-06 -3.9456871e-07)
(-3.4490449e-06 1.8289164e-06 -3.944598e-07)
(-3.7619047e-06 1.1273924e-06 -3.9434042e-07)
(-3.9246862e-06 3.8108073e-07 -3.9425902e-07)
(-3.9246862e-06 -3.8108072e-07 -3.9425902e-07)
(-3.7619047e-06 -1.1273924e-06 -3.9434042e-07)
(-3.4490449e-06 -1.8289164e-06 -3.944598e-07)
(-3.008156e-06 -2.4626404e-06 -3.945687e-07)
(-3.073819e-06 2.5160888e-06 -4.108956e-07)
(-3.5243276e-06 1.8686586e-06 -4.1079533e-07)
(-3.8438726e-06 1.1520491e-06 -4.1058275e-07)
(-4.0100858e-06 3.8947746e-07 -4.1029577e-07)
(-4.0100858e-06 -3.8947746e-07 -4.1029577e-07)
(-3.8438726e-06 -1.1520491e-06 -4.1058274e-07)
(-3.5243276e-06 -1.8686586e-06 -4.1079532e-07)
(-3.073819e-06 -2.5160888e-06 -4.108956e-07)
(-3.0400361e-06 2.4887199e-06 -4.4809241e-07)
(-3.4845713e-06 1.8486048e-06 -4.4762333e-07)
(-3.7990091e-06 1.1396546e-06 -4.4708309e-07)
(-3.9618972e-06 3.8521207e-07 -4.4705476e-07)
(-3.9618972e-06 -3.8521207e-07 -4.4705476e-07)
(-3.7990091e-06 -1.1396546e-06 -4.4708309e-07)
(-3.4845714e-06 -1.8486048e-06 -4.4762333e-07)
(-3.0400361e-06 -2.4887199e-06 -4.4809241e-07)
(-2.450619e-06 2.0073779e-06 -4.8362149e-07)
(-2.8065029e-06 1.4917828e-06 -4.8340715e-07)
(-3.0564024e-06 9.1994621e-07 -4.8289143e-07)
(-3.1845464e-06 3.1097823e-07 -4.8196824e-07)
(-3.1845464e-06 -3.1097822e-07 -4.8196824e-07)
(-3.0564024e-06 -9.199462e-07 -4.8289143e-07)
(-2.8065029e-06 -1.4917828e-06 -4.8340715e-07)
(-2.450619e-06 -2.0073779e-06 -4.8362149e-07)
(-9.6934796e-07 7.9444928e-07 -2.9642932e-07)
(-1.109241e-06 5.9072325e-07 -2.9620377e-07)
(-1.2067349e-06 3.6458026e-07 -2.9599812e-07)
(-1.2562417e-06 1.233446e-07 -2.9612238e-07)
(-1.2562417e-06 -1.2334459e-07 -2.9612238e-07)
(-1.2067349e-06 -3.6458026e-07 -2.9599812e-07)
(-1.109241e-06 -5.9072324e-07 -2.9620377e-07)
(-9.6934796e-07 -7.9444928e-07 -2.9642932e-07)
(-1.0490457e-06 -1.2808238e-06 2.1781186e-07)
(-7.806637e-07 -1.466588e-06 2.1837643e-07)
(-4.8291115e-07 -1.595014e-06 2.1879241e-07)
(-1.6377015e-07 -1.6591778e-06 2.1787018e-07)
(1.6383455e-07 -1.6591807e-06 2.1786723e-07)
(4.8297774e-07 -1.5950222e-06 2.1878369e-07)
(7.8073431e-07 -1.4666003e-06 2.1836229e-07)
(1.0491216e-06 -1.2808383e-06 2.1779277e-07)
(-1.8395622e-06 -2.2467743e-06 2.8992448e-07)
(-1.3670171e-06 -2.5737363e-06 2.899688e-07)
(-8.4306166e-07 -2.8035352e-06 2.8972251e-07)
(-2.849606e-07 -2.9214021e-06 2.8909877e-07)
(2.8512899e-07 -2.9214093e-06 2.890892e-07)
(8.4323557e-07 -2.8035558e-06 2.8969418e-07)
(1.3672012e-06 -2.5737671e-06 2.8992282e-07)
(1.8397596e-06 -2.2468106e-06 2.8986262e-07)
(-2.4250652e-06 -2.9632939e-06 2.5263904e-07)
(-1.80126e-06 -3.3965312e-06 2.5229112e-07)
(-1.1104452e-06 -3.7031281e-06 2.5190066e-07)
(-3.7525002e-07 -3.8620031e-06 2.5185463e-07)
(3.7559763e-07 -3.8620146e-06 2.5183401e-07)
(1.1108015e-06 -3.7031608e-06 2.518396e-07)
(1.8016324e-06 -3.3965802e-06 2.5219198e-07)
(2.4254588e-06 -2.9633517e-06 2.525056e-07)
(-2.5264151e-06 -3.0876656e-06 2.0069132e-07)
(-1.8762291e-06 -3.5395892e-06 2.0058866e-07)
(-1.156534e-06 -3.8600467e-06 2.0033613e-07)
(-3.9077328e-07 -4.0267363e-06 1.9998361e-07)
(3.9135564e-07 -4.026749e-06 1.9995082e-07)
(1.157126e-06 -3.8600828e-06 2.0023895e-07)
(1.876839e-06 -3.5396432e-06 2.0043073e-07)
(2.5270486e-06 -3.0877293e-06 2.0047869e-07)
(-2.4757904e-06 -3.0259358e-06 1.7724081e-07)
(-1.8385043e-06 -3.468813e-06 1.770569e-07)
(-1.1330731e-06 -3.7830098e-06 1.7681614e-07)
(-3.8269416e-07 -3.9464831e-06 1.7667285e-07)
(3.8356282e-07 -3.9464947e-06 1.7662848e-07)
(1.1339505e-06 -3.7830429e-06 1.7668468e-07)
(1.839398e-06 -3.4688625e-06 1.7684342e-07)
(2.4767055e-06 -3.0259943e-06 1.7695353e-07)
(-2.4467253e-06 -2.9908809e-06 1.5785069e-07)
(-1.8169467e-06 -3.4291725e-06 1.577326e-07)
(-1.1198444e-06 -3.7403895e-06 1.5766005e-07)
(-3.7814395e-07 -3.9024648e-06 1.5753553e-07)
(3.7934598e-07 -3.9024747e-06 1.5748088e-07)
(1.1210537e-06 -3.7404178e-06 1.5749819e-07)
(1.8181699e-06 -3.429215e-06 1.574697e-07)
(2.4479668e-06 -2.9909311e-06 1.5749673e-07)
(-2.448042e-06 -2.9931395e-06 1.3303986e-07)
(-1.817875e-06 -3.4326644e-06 1.3299806e-07)
(-1.1204719e-06 -3.7452981e-06 1.3285926e-07)
(-3.7827624e-07 -3.9082641e-06 1.3284106e-07)
(3.7985571e-07 -3.9082723e-06 1.3277748e-07)
(1.1220574e-06 -3.7453215e-06 1.3267087e-07)
(1.819472e-06 -3.4326996e-06 1.3269203e-07)
(2.4496544e-06 -2.9931811e-06 1.3262795e-07)
(-2.4520919e-06 -2.9987194e-06 1.0465958e-07)
(-1.8208135e-06 -3.4397537e-06 1.0456129e-07)
(-1.1222865e-06 -3.7536498e-06 1.0454175e-07)
(-3.7878242e-07 -3.9172043e-06 1.0448544e-07)
(3.8077997e-07 -3.9172107e-06 1.0441438e-07)
(1.1242888e-06 -3.7536681e-06 1.0433125e-07)
(1.8228248e-06 -3.4397813e-06 1.042194e-07)
(2.4541153e-06 -2.9987521e-06 1.0419941e-07)
(-2.453372e-06 -3.0005566e-06 7.6412969e-08)
(-1.8217099e-06 -3.4418306e-06 7.6409732e-08)
(-1.1227514e-06 -3.755881e-06 7.6336182e-08)
(-3.787891e-07 -3.9195085e-06 7.628053e-08)
(3.8123902e-07 -3.919513e-06 7.6203565e-08)
(1.1252046e-06 -3.755894e-06 7.6108203e-08)
(1.8241694e-06 -3.4418502e-06 7.6039513e-08)
(2.4558402e-06 -3.0005799e-06 7.591479e-08)
(-2.4529294e-06 -2.9999219e-06 4.7668351e-08)
(-1.8213406e-06 -3.4403445e-06 4.7590872e-08)
(-1.1223485e-06 -3.7535743e-06 4.7611911e-08)
(-3.7846351e-07 -3.9168368e-06 4.7510556e-08)
(3.8139348e-07 -3.9168395e-06 4.742932e-08)
(1.1252801e-06 -3.7535819e-06 4.7371388e-08)
(1.8242755e-06 -3.440356e-06 4.7200438e-08)
(2.4558693e-06 -2.9999356e-06 4.714311e-08)
(-2.4510879e-06 -2.9975228e-06 1.9871001e-08)
(-1.8199237e-06 -3.4366004e-06 1.9839995e-08)
(-1.1212472e-06 -3.7483e-06 1.9741281e-08)
(-3.7787666e-07 -3.9106049e-06 1.9682671e-08)
(3.8130961e-07 -3.9106057e-06 1.9599081e-08)
(1.1246804e-06 -3.7483024e-06 1.9493641e-08)
(1.8233574e-06 -3.4366039e-06 1.9437872e-08)
(2.4545228e-06 -2.9975268e-06 1.9330093e-08)
(-2.4507739e-06 -2.9972891e-06 -7.6412911e-09)
(-1.8195951e-06 -3.4359837e-06 -7.7096736e-09)
(-1.1208882e-06 -3.7471574e-06 -7.7968727e-09)
(-3.7757129e-07 -3.9089732e-06 -7.8869935e-09)
(3.8152598e-07 -3.9089724e-06 -7.9713044e-09)
(1.1248413e-06 -3.747155e-06 -8.046529e-09)
(1.8235455e-06 -3.4359798e-06 -8.1147467e-09)
(2.4547209e-06 -2.9972841e-06 -8.1857662e-09)
(-2.4505272e-06 -2.997469e-06 -3.5124657e-08)
(-1.8193676e-06 -3.4365339e-06 -3.5226059e-08)
(-1.1207009e-06 -3.7482232e-06 -3.5301992e-08)
(-3.7734356e-07 -3.9105217e-06 -3.542805e-08)
(3.8182762e-07 -3.9105197e-06 -3.5510702e-08)
(1.1251812e-06 -3.7482171e-06 -3.554663e-08)
(1.8238412e-06 -3.4365239e-06 -3.5623085e-08)
(2.4549921e-06 -2.9974559e-06 -3.5658667e-08)
(-2.4516417e-06 -2.9995863e-06 -6.2992368e-08)
(-1.8201062e-06 -3.4399491e-06 -6.3035771e-08)
(-1.1211826e-06 -3.7531341e-06 -6.3219805e-08)
(-3.7737755e-07 -3.9163703e-06 -6.3292894e-08)
(3.8239275e-07 -3.9163674e-06 -6.337129e-08)
(1.1261922e-06 -3.7531254e-06 -6.3452214e-08)
(1.8251054e-06 -3.4399345e-06 -6.3413508e-08)
(2.4566265e-06 -2.9995668e-06 -6.3501031e-08)
(-2.4514657e-06 -3.0000203e-06 -9.1838837e-08)
(-1.8198799e-06 -3.4411898e-06 -9.1939549e-08)
(-1.121022e-06 -3.7551588e-06 -9.2006004e-08)
(-3.7717885e-07 -3.9187381e-06 -9.2102079e-08)
(3.8272055e-07 -3.9187347e-06 -9.2173319e-08)
(1.1265561e-06 -3.7551482e-06 -9.221746e-08)
(1.825399e-06 -3.4411717e-06 -9.2284235e-08)
(2.4569638e-06 -2.9999952e-06 -9.230491e-08)
(-2.4512794e-06 -2.999986e-06 -1.2002024e-07)
(-1.8196658e-06 -3.4411321e-06 -1.2001055e-07)
(-1.1207874e-06 -3.7550805e-06 -1.2011506e-07)
(-3.7693008e-07 -3.9186474e-06 -1.2019143e-07)
(3.8298013e-07 -3.9186429e-06 -1.2025177e-07)
(1.1268272e-06 -3.7550666e-06 -1.2029494e-07)
(1.8256858e-06 -3.4411084e-06 -1.2030608e-07)
(2.4572715e-06 -2.9999536e-06 -1.204239e-07)
(-2.451097e-06 -2.9994822e-06 -1.4883005e-07)
(-1.8194764e-06 -3.4397723e-06 -1.4887254e-07)
(-1.1204907e-06 -3.7528919e-06 -1.488647e-07)
(-3.7664158e-07 -3.9160877e-06 -1.4897718e-07)
(3.8316536e-07 -3.9160788e-06 -1.4902272e-07)
(1.1270009e-06 -3.7528659e-06 -1.4900161e-07)
(1.8259612e-06 -3.4397315e-06 -1.4910134e-07)
(2.4575479e-06 -2.9994313e-06 -1.4914965e-07)
(-2.4496626e-06 -2.9972889e-06 -1.7693617e-07)
(-1.8183562e-06 -3.4362247e-06 -1.7691436e-07)
(-1.1195766e-06 -3.747794e-06 -1.7700324e-07)
(-3.7614205e-07 -3.9100107e-06 -1.7704711e-07)
(3.8308506e-07 -3.9099878e-06 -1.7707383e-07)
(1.126502e-06 -3.7477302e-06 -1.7708587e-07)
(1.8252514e-06 -3.4361332e-06 -1.7705907e-07)
(2.4565225e-06 -2.997187e-06 -1.7714972e-07)
(-2.4496388e-06 -2.9970164e-06 -2.0491922e-07)
(-1.8182504e-06 -3.435513e-06 -2.0492483e-07)
(-1.1193822e-06 -3.7464925e-06 -2.0497901e-07)
(-3.7595234e-07 -3.9081639e-06 -2.0502036e-07)
(3.8323026e-07 -3.9081058e-06 -2.0502642e-07)
(1.126637e-06 -3.7463345e-06 -2.0500111e-07)
(1.8254722e-06 -3.4352969e-06 -2.0497347e-07)
(2.4568357e-06 -2.9967924e-06 -2.0500846e-07)
(-2.449728e-06 -2.9971272e-06 -2.3271317e-07)
(-1.8182989e-06 -3.4359264e-06 -2.3274905e-07)
(-1.1194179e-06 -3.7473375e-06 -2.3279435e-07)
(-3.7590427e-07 -3.9094064e-06 -2.3287542e-07)
(3.8338846e-07 -3.9092796e-06 -2.3286154e-07)
(1.1268691e-06 -3.7469937e-06 -2.3275667e-07)
(1.8257159e-06 -3.435461e-06 -2.3269961e-07)
(2.4571538e-06 -2.9966568e-06 -2.3266955e-07)
(-2.4514133e-06 -2.999411e-06 -2.6102671e-07)
(-1.8195136e-06 -3.4394782e-06 -2.6101292e-07)
(-1.1202751e-06 -3.752322e-06 -2.6117288e-07)
(-3.7622162e-07 -3.9152386e-06 -2.6120142e-07)
(3.8374847e-07 -3.9150135e-06 -2.6117047e-07)
(1.127756e-06 -3.7517078e-06 -2.6108379e-07)
(1.8269618e-06 -3.4386392e-06 -2.6087626e-07)
(2.4589317e-06 -2.9985571e-06 -2.6085776e-07)
(-2.4519271e-06 -3.0001555e-06 -2.904996e-07)
(-1.8198842e-06 -3.4410449e-06 -2.9056137e-07)
(-1.12061e-06 -3.7546517e-06 -2.9061282e-07)
(-3.7641344e-07 -3.9178519e-06 -2.9065846e-07)
(3.8378785e-07 -3.9175336e-06 -2.906157e-07)
(1.1279273e-06 -3.7537774e-06 -2.9048742e-07)
(1.8271719e-06 -3.4398354e-06 -2.9036123e-07)
(2.4593526e-06 -2.9989045e-06 -2.9023615e-07)
(-2.4512413e-06 -2.9990357e-06 -3.1938534e-07)
(-1.8194171e-06 -3.4397707e-06 -3.193537e-07)
(-1.1203911e-06 -3.7532677e-06 -3.1945813e-07)
(-3.7646327e-07 -3.916397e-06 -3.1949955e-07)
(3.8345905e-07 -3.9160406e-06 -3.1944981e-07)
(1.127326e-06 -3.7522861e-06 -3.1931095e-07)
(1.8263254e-06 -3.4384057e-06 -3.1911569e-07)
(2.4583203e-06 -2.9976141e-06 -3.1906727e-07)
(-2.4475418e-06 -2.9938614e-06 -3.4852777e-07)
(-1.8167679e-06 -3.4331678e-06 -3.4855416e-07)
(-1.1187947e-06 -3.7454778e-06 -3.4855104e-07)
(-3.7609509e-07 -3.9080831e-06 -3.4864451e-07)
(3.8248402e-07 -3.9077684e-06 -3.4859087e-07)
(1.1251307e-06 -3.7446136e-06 -3.4839147e-07)
(1.8230829e-06 -3.4319737e-06 -3.482933e-07)
(2.4540077e-06 -2.9926296e-06 -3.4817498e-07)
(-2.4426107e-06 -2.9871574e-06 -3.7470358e-07)
(-1.8132213e-06 -3.4246651e-06 -3.746499e-07)
(-1.1166438e-06 -3.7352146e-06 -3.7470329e-07)
(-3.7559174e-07 -3.8968087e-06 -3.7467705e-07)
(3.8117801e-07 -3.8965921e-06 -3.7462125e-07)
(1.1221945e-06 -3.734625e-06 -3.7453625e-07)
(1.8187593e-06 -3.4238639e-06 -3.7437256e-07)
(2.4482475e-06 -2.9863498e-06 -3.7431906e-07)
(-2.4610843e-06 -3.0092664e-06 -3.9455627e-07)
(-1.8270087e-06 -3.4496736e-06 -3.9442031e-07)
(-1.1252513e-06 -3.762096e-06 -3.942675e-07)
(-3.7880769e-07 -3.9245689e-06 -3.9414284e-07)
(3.8343828e-07 -3.9244581e-06 -3.9408667e-07)
(1.1298656e-06 -3.761798e-06 -3.9409765e-07)
(1.8316202e-06 -3.4492784e-06 -3.9413396e-07)
(2.4657476e-06 -3.0088812e-06 -3.9415089e-07)
(-2.5148387e-06 -3.0747517e-06 -4.1088897e-07)
(-1.8671582e-06 -3.5249228e-06 -4.1077265e-07)
(-1.1503843e-06 -3.8441742e-06 -4.1053589e-07)
(-3.8771981e-07 -4.0102013e-06 -4.1021198e-07)
(3.9129897e-07 -4.0101679e-06 -4.1015871e-07)
(1.1539624e-06 -3.8440872e-06 -4.1037422e-07)
(1.870745e-06 -3.5248147e-06 -4.1049794e-07)
(2.5184567e-06 -3.0746578e-06 -4.1049682e-07)
(-2.4878046e-06 -3.0407543e-06 -4.4809016e-07)
(-1.8475345e-06 -3.4850832e-06 -4.476138e-07)
(-1.1384842e-06 -3.7993497e-06 -4.4705812e-07)
(-3.8398522e-07 -3.9621429e-06 -4.4700146e-07)
(3.8648102e-07 -3.9621495e-06 -4.4695676e-07)
(1.1409879e-06 -3.7993708e-06 -4.4692269e-07)
(1.8500557e-06 -3.4851205e-06 -4.4738423e-07)
(2.4903538e-06 -3.0408069e-06 -4.4776354e-07)
(-2.0068148e-06 -2.4510809e-06 -4.8362175e-07)
(-1.4911417e-06 -2.8068595e-06 -4.8340591e-07)
(-9.1925729e-07 -3.0566743e-06 -4.8288269e-07)
(-3.1026467e-07 -3.1847769e-06 -4.8194241e-07)
(3.1171046e-07 -3.1847911e-06 -4.8191326e-07)
(9.2071127e-07 -3.0567147e-06 -4.8279449e-07)
(1.4926107e-06 -2.8069205e-06 -4.8325691e-07)
(2.0083038e-06 -2.4511536e-06 -4.8341068e-07)
(-7.9425685e-07 -9.6951005e-07 -2.9642969e-07)
(-5.9050818e-07 -1.1093712e-06 -2.9620413e-07)
(-3.6435252e-07 -1.2068395e-06 -2.9599623e-07)
(-1.2311177e-07 -1.2563344e-06 -2.9611487e-07)
(1.2358065e-07 -1.2563399e-06 -2.9610494e-07)
(3.648242e-07 -1.2068551e-06 -2.9596607e-07)
(5.9098471e-07 -1.1093945e-06 -2.9615321e-07)
(7.9473948e-07 -9.6953746e-07 -2.9635791e-07)
)
;
    }
    lid_wall_inner
    {
        type            calculated;
        value           uniform (0 0 0);
    }
    lid_wall_outer
    {
        type            calculated;
        value           uniform (0 0 0);
    }
    outlet_peri
    {
        type            calculated;
        value           nonuniform List<vector> 
192
(
(1.699055e-15 -1.3899177e-15 1.449701e-10)
(1.9592287e-15 -1.0386536e-15 1.4497012e-10)
(2.1556817e-15 -6.4636356e-16 1.4497015e-10)
(2.2653042e-15 -2.2025686e-16 1.4497018e-10)
(2.2652123e-15 2.2087983e-16 1.4497018e-10)
(2.1552577e-15 6.471484e-16 1.4497015e-10)
(1.9578269e-15 1.0383161e-15 1.4497011e-10)
(1.697667e-15 1.3894275e-15 1.4497009e-10)
(8.0696468e-15 -6.6001447e-15 1.4496518e-10)
(9.2477451e-15 -4.8966994e-15 1.4496512e-10)
(1.0080195e-14 -3.0127906e-15 1.4496504e-10)
(1.0516413e-14 -1.01678e-15 1.4496498e-10)
(1.0516228e-14 1.0180059e-15 1.4496498e-10)
(1.0079553e-14 3.0134215e-15 1.4496504e-10)
(9.2443497e-15 4.8954574e-15 1.4496512e-10)
(8.065785e-15 6.599504e-15 1.4496518e-10)
(7.8342061e-15 -6.4141955e-15 1.4494391e-10)
(8.9346714e-15 -4.7438944e-15 1.4494384e-10)
(9.6794629e-15 -2.9039003e-15 1.4494374e-10)
(1.0053321e-14 -9.7578779e-16 1.4494367e-10)
(1.005325e-14 9.7658381e-16 1.4494367e-10)
(9.6794485e-15 2.9038167e-15 1.4494374e-10)
(8.9346744e-15 4.7440718e-15 1.4494384e-10)
(7.8331282e-15 6.4160938e-15 1.4494392e-10)
(1.3887174e-15 1.6984096e-15 1.4497009e-10)
(1.0376235e-15 1.9585941e-15 1.4497011e-10)
(6.4645369e-16 2.1560121e-15 1.4497015e-10)
(2.2017697e-16 2.2659028e-15 1.4497017e-10)
(-2.2098766e-16 2.2658594e-15 1.4497017e-10)
(-6.472624e-16 2.155887e-15 1.4497014e-10)
(-1.0384384e-15 1.9583969e-15 1.4497011e-10)
(-1.3895516e-15 1.6981477e-15 1.4497009e-10)
(6.5978421e-15 8.0678797e-15 1.4496518e-10)
(4.8940263e-15 9.246957e-15 1.4496512e-10)
(3.0119767e-15 1.0082585e-14 1.4496504e-10)
(1.0163632e-15 1.0519449e-14 1.4496497e-10)
(-1.018665e-15 1.051947e-14 1.4496497e-10)
(-3.0143666e-15 1.0082646e-14 1.4496504e-10)
(-4.8965959e-15 9.2470356e-15 1.4496512e-10)
(-6.6006695e-15 8.0679213e-15 1.4496518e-10)
(6.4135933e-15 7.836361e-15 1.4494391e-10)
(4.7420306e-15 8.9387791e-15 1.4494384e-10)
(2.9019044e-15 9.6843658e-15 1.4494374e-10)
(9.7452162e-16 1.0058697e-14 1.4494366e-10)
(-9.7808596e-16 1.0058872e-14 1.4494366e-10)
(-2.9056617e-15 9.684864e-15 1.4494373e-10)
(-4.7461403e-15 8.9394963e-15 1.4494384e-10)
(-6.4181499e-15 7.8371232e-15 1.4494391e-10)
(-1.6985224e-15 1.3890947e-15 1.4497009e-10)
(-1.958682e-15 1.0379001e-15 1.4497011e-10)
(-2.1560673e-15 6.4664496e-16 1.4497015e-10)
(-2.2659261e-15 2.203037e-16 1.4497017e-10)
(-2.2658596e-15 -2.2090618e-16 1.4497017e-10)
(-2.1558763e-15 -6.4721195e-16 1.4497014e-10)
(-1.9583865e-15 -1.0384098e-15 1.4497011e-10)
(-1.6981461e-15 -1.3895397e-15 1.4497009e-10)
(-8.0689021e-15 6.5994123e-15 1.4496518e-10)
(-9.2477189e-15 4.8951163e-15 1.4496512e-10)
(-1.008305e-14 3.0127249e-15 1.4496504e-10)
(-1.051966e-14 1.0169078e-15 1.4496498e-10)
(-1.0519524e-14 -1.0182242e-15 1.4496498e-10)
(-1.0082654e-14 -3.0139824e-15 1.4496504e-10)
(-9.2470878e-15 -4.8962671e-15 1.4496512e-10)
(-8.0680681e-15 -6.6004206e-15 1.4496518e-10)
(-7.8381559e-15 6.4167104e-15 1.4494391e-10)
(-8.9401359e-15 4.7443759e-15 1.4494384e-10)
(-9.685231e-15 2.9036753e-15 1.4494373e-10)
(-1.0059146e-14 9.7592625e-16 1.4494366e-10)
(-1.0059072e-14 -9.7689268e-16 1.4494366e-10)
(-9.6850111e-15 -2.9046079e-15 1.4494373e-10)
(-8.9397602e-15 -4.7452322e-15 1.4494384e-10)
(-7.8376029e-15 -6.4174363e-15 1.4494391e-10)
(-1.3891073e-15 -1.6985235e-15 1.4497009e-10)
(-1.0379316e-15 -1.9586911e-15 1.4497011e-10)
(-6.4670504e-16 -2.1560755e-15 1.4497014e-10)
(-2.2041731e-16 -2.265923e-15 1.4497017e-10)
(2.2065067e-16 -2.2658409e-15 1.4497017e-10)
(6.4702139e-16 -2.1557854e-15 1.4497015e-10)
(1.0373016e-15 -1.9575608e-15 1.4497011e-10)
(1.3885038e-15 -1.6974015e-15 1.4497009e-10)
(-6.5996617e-15 -8.0687547e-15 1.4496518e-10)
(-4.8954477e-15 -9.2476655e-15 1.4496512e-10)
(-3.0131183e-15 -1.008304e-14 1.4496504e-10)
(-1.0173849e-15 -1.0519604e-14 1.4496497e-10)
(1.0175363e-15 -1.0519314e-14 1.4496498e-10)
(3.0126522e-15 -1.0082355e-14 1.4496504e-10)
(4.8933237e-15 -9.2444064e-15 1.4496513e-10)
(6.5980974e-15 -8.0649601e-15 1.4496519e-10)
(-6.4174245e-15 -7.8376759e-15 1.4494391e-10)
(-4.7452862e-15 -8.9398712e-15 1.4494384e-10)
(-2.9047372e-15 -9.6850828e-15 1.4494373e-10)
(-9.7715455e-16 -1.0058949e-14 1.4494366e-10)
(9.7535885e-16 -1.0058656e-14 1.4494366e-10)
(2.9018851e-15 -9.6845042e-15 1.4494374e-10)
(4.7423865e-15 -8.9389558e-15 1.4494385e-10)
(6.4156498e-15 -7.8353614e-15 1.4494392e-10)
(-1.9436267e-15 1.5927436e-15 1.4493072e-10)
(-2.2587663e-15 1.2060665e-15 1.4493068e-10)
(-2.5060073e-15 7.6407842e-16 1.4493062e-10)
(-2.6442515e-15 2.6375549e-16 1.4493057e-10)
(-2.6442767e-15 -2.6312564e-16 1.4493057e-10)
(-2.5058818e-15 -7.6376851e-16 1.4493062e-10)
(-2.2570766e-15 -1.2050405e-15 1.4493068e-10)
(-1.9430518e-15 -1.5904208e-15 1.4493073e-10)
(-1.7927944e-14 1.469513e-14 1.4493481e-10)
(-2.0528102e-14 1.0943007e-14 1.4493482e-10)
(-2.2362326e-14 6.7630303e-15 1.4493482e-10)
(-2.3309272e-14 2.289914e-15 1.4493482e-10)
(-2.3309321e-14 -2.2892132e-15 1.4493482e-10)
(-2.2362334e-14 -6.7624704e-15 1.4493482e-10)
(-2.0527552e-14 -1.0941901e-14 1.4493482e-10)
(-1.7927774e-14 -1.4694112e-14 1.4493481e-10)
(-8.9807353e-15 7.3518308e-15 1.4497289e-10)
(-1.027778e-14 5.4615105e-15 1.44973e-10)
(-1.1181921e-14 3.3673982e-15 1.4497313e-10)
(-1.1644664e-14 1.1385862e-15 1.449732e-10)
(-1.1644677e-14 -1.1384018e-15 1.449732e-10)
(-1.118192e-14 -3.3672617e-15 1.4497313e-10)
(-1.02777e-14 -5.4611171e-15 1.44973e-10)
(-8.9806913e-15 -7.3515582e-15 1.4497289e-10)
(-1.5939935e-15 -1.9387335e-15 1.4493072e-10)
(-1.2080907e-15 -2.2519141e-15 1.4493067e-10)
(-7.6656581e-16 -2.4999508e-15 1.4493061e-10)
(-2.6590082e-16 -2.6378381e-15 1.4493056e-10)
(2.609057e-16 -2.6376535e-15 1.4493056e-10)
(7.613814e-16 -2.4994338e-15 1.449306e-10)
(1.2025695e-15 -2.2511754e-15 1.4493067e-10)
(1.5880586e-15 -1.9379503e-15 1.4493072e-10)
(-1.469837e-14 -1.7922737e-14 1.4493481e-10)
(-1.0945592e-14 -2.052166e-14 1.4493481e-10)
(-6.765852e-15 -2.2355682e-14 1.4493481e-10)
(-2.2925101e-15 -2.3302158e-14 1.449348e-10)
(2.2865752e-15 -2.3301923e-14 1.449348e-10)
(6.7596918e-15 -2.2355038e-14 1.449348e-10)
(1.0939042e-14 -2.052076e-14 1.449348e-10)
(1.4691358e-14 -1.7921795e-14 1.449348e-10)
(-7.3547007e-15 -8.9775701e-15 1.4497289e-10)
(-5.4641214e-15 -1.0274715e-14 1.4497299e-10)
(-3.3699533e-15 -1.117912e-14 1.4497311e-10)
(-1.1406347e-15 -1.1642035e-14 1.4497317e-10)
(1.1368877e-15 -1.16421e-14 1.4497317e-10)
(3.3662312e-15 -1.1179319e-14 1.449731e-10)
(5.4604662e-15 -1.0275051e-14 1.4497298e-10)
(7.3511645e-15 -8.9780286e-15 1.4497287e-10)
(1.9366969e-15 -1.589782e-15 1.4493072e-10)
(2.2503634e-15 -1.2047036e-15 1.4493067e-10)
(2.4989302e-15 -7.6383386e-16 1.449306e-10)
(2.6372588e-15 -2.6362753e-16 1.4493056e-10)
(2.6373228e-15 2.6287402e-16 1.4493056e-10)
(2.499117e-15 7.6311552e-16 1.449306e-10)
(2.250665e-15 1.2040562e-15 1.4493067e-10)
(1.9371194e-15 1.5892391e-15 1.4493072e-10)
(1.7920325e-14 -1.4693351e-14 1.449348e-10)
(2.0519788e-14 -1.0941505e-14 1.449348e-10)
(2.2354428e-14 -6.7625355e-15 1.4493481e-10)
(2.3301442e-14 -2.2897467e-15 1.449348e-10)
(2.3301527e-14 2.2889672e-15 1.449348e-10)
(2.2354675e-14 6.7617996e-15 1.4493481e-10)
(2.0520166e-14 1.0940848e-14 1.449348e-10)
(1.7920805e-14 1.4692784e-14 1.449348e-10)
(8.9773232e-15 -7.3521025e-15 1.4497287e-10)
(1.0274536e-14 -5.4616815e-15 1.4497298e-10)
(1.117896e-14 -3.3677528e-15 1.449731e-10)
(1.1641864e-14 -1.138725e-15 1.4497317e-10)
(1.164189e-14 1.1384885e-15 1.4497317e-10)
(1.1179035e-14 3.3675315e-15 1.449731e-10)
(1.0274648e-14 5.4614894e-15 1.4497298e-10)
(8.9774605e-15 7.3519417e-15 1.4497287e-10)
(1.588601e-15 1.9375281e-15 1.4493072e-10)
(1.2032149e-15 2.2508746e-15 1.4493067e-10)
(7.620931e-16 2.4992479e-15 1.449306e-10)
(2.6163184e-16 2.6375852e-15 1.4493056e-10)
(-2.6525707e-16 2.6378499e-15 1.4493056e-10)
(-7.662902e-16 2.4998284e-15 1.4493061e-10)
(-1.2071532e-15 2.2503151e-15 1.4493068e-10)
(-1.5918305e-15 1.9383308e-15 1.4493073e-10)
(1.4691925e-14 1.7921316e-14 1.449348e-10)
(1.0939698e-14 2.0520382e-14 1.449348e-10)
(6.7604224e-15 2.2354791e-14 1.449348e-10)
(2.2873344e-15 2.3301834e-14 1.449348e-10)
(-2.2917989e-15 2.3302202e-14 1.449348e-10)
(-6.7653136e-15 2.2355663e-14 1.4493481e-10)
(-1.0944468e-14 2.0521032e-14 1.4493481e-10)
(-1.4697281e-14 1.7922483e-14 1.4493481e-10)
(7.3513249e-15 8.9778917e-15 1.4497287e-10)
(5.4606567e-15 1.0274939e-14 1.4497298e-10)
(3.3664479e-15 1.1179245e-14 1.449731e-10)
(1.1371086e-15 1.1642074e-14 1.4497317e-10)
(-1.1404447e-15 1.1642048e-14 1.4497317e-10)
(-3.3698349e-15 1.1179115e-14 1.4497311e-10)
(-5.4637461e-15 1.0274623e-14 1.4497299e-10)
(-7.3544317e-15 8.9775182e-15 1.4497289e-10)
)
;
    }
}


// ************************************************************************* //
