/*--------------------------------*- C++ -*----------------------------------*\
| =========                 |                                                 |
| \\      /  F ield         | OpenFOAM: The Open Source CFD Toolbox           |
|  \\    /   O peration     | Version:  2512                                  |
|   \\  /    A nd           | Website:  www.openfoam.com                      |
|    \\/     M anipulation  |                                                 |
\*---------------------------------------------------------------------------*/
FoamFile
{
    version     2.0;
    format      ascii;
    arch        "LSB;label=32;scalar=64";
    class       volScalarField;
    location    "0.532";
    object      magU;
}
// * * * * * * * * * * * * * * * * * * * * * * * * * * * * * * * * * * * * * //

dimensions      [0 1 -1 0 0 0 0];

internalField   nonuniform List<scalar> 
20352
(
0.00108649
0.00108585
0.00108506
0.00108417
0.00108321
0.00108221
0.00108121
0.00108025
0.00107937
0.0010786
0.00107797
0.00107751
0.00107722
0.00107713
0.00107724
0.00107753
0.00107801
0.00107864
0.00107942
0.0010803
0.00108126
0.00108226
0.00108326
0.00108422
0.00108511
0.00108589
0.00108652
0.00108699
0.00108728
0.00108738
0.00108727
0.00108697
0.00099869
0.000997665
0.000996404
0.000994957
0.000993379
0.000991733
0.000990082
0.000988489
0.000987015
0.000985713
0.000984634
0.000983816
0.000983291
0.000983077
0.000983183
0.000983604
0.000984326
0.000985322
0.000986555
0.00098798
0.000989543
0.000991185
0.000992844
0.000994454
0.000995954
0.000997284
0.000998391
0.000999231
0.000999771
0.000999989
0.000999876
0.000999437
0.000783561
0.000782349
0.000780841
0.000779099
0.000777193
0.000775197
0.000773188
0.000771242
0.000769434
0.000767829
0.000766486
0.000765454
0.000764769
0.000764456
0.000764528
0.00076498
0.000765798
0.000766953
0.000768403
0.000770097
0.000771971
0.000773956
0.000775977
0.000777955
0.000779812
0.000781474
0.000782874
0.000783955
0.000784671
0.000784995
0.000784912
0.000784427
0.000362926
0.000362116
0.000361089
0.000359887
0.000358561
0.000357163
0.000355748
0.000354369
0.000353079
0.000351923
0.000350943
0.000350173
0.00034964
0.000349361
0.000349348
0.000349599
0.000350108
0.000350857
0.000351821
0.000352966
0.000354251
0.000355631
0.000357052
0.00035846
0.000359799
0.000361016
0.00036206
0.000362886
0.00036346
0.000363757
0.000363765
0.000363483
0.00108723
0.00108621
0.00108504
0.00108377
0.00108245
0.00108112
0.00107985
0.00107866
0.00107762
0.00107676
0.00107612
0.00107571
0.00107555
0.00107566
0.00107602
0.00107663
0.00107745
0.00107846
0.00107962
0.00108088
0.0010822
0.00108353
0.00108481
0.001086
0.00108704
0.00108791
0.00108856
0.00108897
0.00108913
0.00108902
0.00108866
0.00108805
0.00100077
0.000998939
0.000996825
0.000994511
0.000992088
0.000989649
0.000987289
0.000985098
0.000983157
0.00098154
0.000980306
0.000979501
0.000979152
0.000979274
0.00097986
0.00098089
0.000982325
0.000984112
0.000986184
0.000988466
0.00099087
0.000993306
0.000995681
0.000997901
0.000999881
0.00100154
0.00100282
0.00100366
0.00100402
0.0010039
0.0010033
0.00100224
0.000786305
0.000784052
0.00078144
0.000778575
0.000775571
0.000772546
0.000769616
0.000766893
0.000764476
0.000762455
0.000760902
0.000759871
0.000759399
0.0007595
0.000760171
0.000761388
0.000763106
0.000765264
0.000767786
0.000770578
0.000773538
0.000776555
0.000779513
0.000782298
0.000784798
0.000786914
0.000788558
0.000789662
0.000790178
0.000790085
0.000789385
0.000788108
0.000365227
0.000363611
0.000361725
0.000359646
0.000357462
0.000355257
0.000353118
0.000351125
0.00034935
0.000347855
0.000346692
0.0003459
0.000345504
0.000345516
0.000345935
0.000346748
0.000347925
0.000349428
0.000351204
0.000353193
0.000355321
0.000357512
0.000359681
0.000361745
0.00036362
0.000365228
0.000366501
0.000367384
0.000367836
0.000367837
0.000367387
0.000366505
0.00108426
0.00108298
0.00108168
0.0010804
0.0010792
0.00107811
0.00107719
0.00107647
0.00107596
0.0010757
0.0010757
0.00107594
0.00107644
0.00107715
0.00107807
0.00107915
0.00108035
0.00108163
0.00108294
0.00108423
0.00108545
0.00108654
0.00108748
0.00108821
0.00108872
0.00108898
0.00108898
0.00108872
0.00108822
0.00108749
0.00108656
0.00108547
0.00099484
0.000992487
0.000990105
0.000987785
0.000985614
0.000983672
0.000982032
0.000980752
0.000979879
0.000979444
0.000979464
0.000979938
0.000980849
0.000982166
0.00098384
0.000985811
0.000988007
0.000990344
0.000992734
0.000995085
0.000997304
0.000999305
0.00100101
0.00100234
0.00100325
0.0010037
0.00100367
0.00100317
0.00100221
0.00100083
0.000999097
0.000997073
0.000778616
0.0007757
0.00077276
0.000769908
0.000767251
0.000764884
0.000762892
0.000761344
0.000760294
0.000759777
0.000759813
0.000760401
0.000761522
0.000763137
0.000765192
0.000767614
0.000770317
0.0007732
0.000776156
0.00077907
0.000781827
0.000784316
0.000786433
0.000788091
0.000789218
0.000789768
0.000789716
0.000789066
0.000787845
0.000786108
0.000783928
0.000781396
0.000359182
0.000357071
0.00035496
0.000352926
0.000351044
0.000349379
0.000347988
0.000346916
0.000346199
0.000345859
0.000345907
0.000346343
0.000347155
0.000348315
0.000349788
0.000351523
0.000353463
0.000355536
0.000357666
0.000359771
0.000361766
0.000363568
0.000365101
0.000366296
0.0003671
0.000367477
0.00036741
0.000366902
0.000365978
0.000364681
0.000363067
0.000361208
0.0010831
0.0010816
0.00108014
0.00107875
0.00107751
0.00107645
0.00107561
0.00107502
0.00107472
0.00107471
0.00107498
0.00107554
0.00107636
0.00107741
0.00107864
0.00108002
0.00108149
0.00108299
0.00108447
0.00108587
0.00108713
0.0010882
0.00108905
0.00108963
0.00108993
0.00108994
0.00108965
0.00108908
0.00108825
0.00108719
0.00108595
0.00108457
0.000992577
0.000989755
0.000987011
0.000984448
0.000982161
0.000980234
0.000978737
0.000977724
0.000977231
0.000977276
0.000977859
0.000978959
0.000980536
0.000982534
0.000984881
0.000987489
0.000990261
0.000993091
0.000995871
0.000998491
0.00100085
0.00100285
0.00100441
0.00100546
0.00100598
0.00100592
0.0010053
0.00100415
0.0010025
0.00100043
0.00099802
0.000995368
0.00077567
0.000772137
0.000768723
0.000765554
0.000762746
0.000760396
0.000758588
0.000757382
0.00075682
0.000756922
0.000757684
0.000759081
0.000761068
0.000763575
0.000766515
0.000769784
0.00077326
0.000776814
0.000780307
0.000783602
0.000786564
0.000789071
0.000791018
0.000792321
0.000792924
0.000792802
0.000791961
0.000790437
0.000788297
0.000785632
0.000782554
0.000779188
0.000356953
0.000354345
0.000351849
0.000349553
0.000347538
0.000345871
0.000344605
0.000343781
0.000343423
0.000343544
0.00034414
0.000345194
0.000346674
0.000348532
0.000350707
0.000353126
0.000355702
0.000358339
0.000360936
0.000363386
0.000365588
0.000367446
0.000368877
0.000369816
0.000370219
0.000370069
0.000369372
0.000368162
0.000366495
0.000364447
0.000362107
0.000359575
0.00108215
0.00108104
0.00107998
0.00107901
0.00107817
0.00107749
0.001077
0.00107671
0.00107665
0.0010768
0.00107717
0.00107774
0.00107849
0.00107939
0.00108041
0.00108151
0.00108264
0.00108376
0.00108483
0.00108581
0.00108665
0.00108733
0.00108782
0.0010881
0.00108816
0.00108799
0.00108762
0.00108704
0.00108629
0.00108538
0.00108437
0.00108328
0.000990431
0.000988317
0.000986333
0.000984552
0.00098304
0.000981852
0.000981031
0.000980608
0.000980598
0.000981001
0.000981804
0.000982977
0.000984479
0.000986254
0.000988236
0.000990352
0.00099252
0.000994658
0.000996681
0.000998509
0.00100007
0.0010013
0.00100215
0.00100259
0.00100259
0.00100217
0.00100133
0.0010001
0.000998554
0.000996736
0.000994723
0.000992593
0.000772811
0.000770162
0.000767695
0.000765502
0.00076366
0.000762234
0.000761273
0.000760811
0.000760863
0.000761428
0.000762489
0.000764007
0.000765932
0.000768195
0.000770715
0.0007734
0.000776147
0.000778852
0.000781407
0.000783709
0.000785663
0.000787188
0.000788219
0.000788713
0.000788647
0.000788027
0.000786879
0.000785252
0.000783215
0.000780853
0.000778262
0.000775546
0.000354635
0.000352675
0.000350875
0.000349298
0.000347999
0.000347018
0.000346388
0.000346129
0.00034625
0.000346745
0.000347601
0.00034879
0.000350273
0.000352001
0.000353915
0.000355944
0.000358014
0.000360044
0.000361953
0.000363661
0.000365096
0.000366192
0.000366903
0.000367194
0.000367053
0.000366487
0.000365522
0.000364201
0.000362583
0.000360739
0.000358746
0.000356684
0.0010843
0.00108402
0.00108368
0.00108329
0.00108287
0.00108243
0.001082
0.00108158
0.0010812
0.00108088
0.00108061
0.00108042
0.00108031
0.00108028
0.00108034
0.00108048
0.0010807
0.00108098
0.00108132
0.00108171
0.00108212
0.00108254
0.00108296
0.00108337
0.00108374
0.00108407
0.00108433
0.00108453
0.00108465
0.00108468
0.00108464
0.00108451
0.000994629
0.000994137
0.000993545
0.000992877
0.000992157
0.000991414
0.000990674
0.000989968
0.000989323
0.000988763
0.000988312
0.000987988
0.000987802
0.000987763
0.000987872
0.000988125
0.000988511
0.000989016
0.000989618
0.000990294
0.000991019
0.000991762
0.000992497
0.000993196
0.00099383
0.000994378
0.000994818
0.000995135
0.000995316
0.000995354
0.000995249
0.000995005
0.000778192
0.000777603
0.000776897
0.000776101
0.000775244
0.000774357
0.000773475
0.000772631
0.000771859
0.000771189
0.00077065
0.000770263
0.000770045
0.000770005
0.000770146
0.000770461
0.000770938
0.000771556
0.000772291
0.000773113
0.000773989
0.000774883
0.000775761
0.00077659
0.000777339
0.00077798
0.000778489
0.00077885
0.00077905
0.000779082
0.000778945
0.000778645
0.000358803
0.000358396
0.000357911
0.000357367
0.000356783
0.000356179
0.00035558
0.000355009
0.000354487
0.000354037
0.000353677
0.000353423
0.000353286
0.000353271
0.000353381
0.00035361
0.000353949
0.000354384
0.000354897
0.000355466
0.000356068
0.000356679
0.000357275
0.000357833
0.000358332
0.000358755
0.000359087
0.000359316
0.000359436
0.000359443
0.000359336
0.000359121
0.00108693
0.00108746
0.00108779
0.00108791
0.00108782
0.00108751
0.001087
0.00108632
0.00108549
0.00108454
0.0010835
0.00108243
0.00108136
0.00108033
0.00107938
0.00107855
0.00107786
0.00107735
0.00107703
0.00107691
0.001077
0.00107729
0.00107778
0.00107844
0.00107926
0.0010802
0.00108122
0.00108229
0.00108337
0.00108441
0.00108538
0.00108623
0.00100032
0.00100143
0.00100214
0.00100245
0.00100232
0.00100178
0.00100083
0.000999522
0.000997905
0.000996046
0.000994017
0.0009919
0.000989777
0.000987728
0.000985832
0.000984159
0.000982771
0.000981719
0.000981039
0.000980756
0.000980879
0.000981405
0.000982314
0.000983573
0.000985136
0.000986947
0.000988938
0.000991035
0.000993159
0.000995228
0.000997161
0.000998883
0.00078579
0.000787258
0.000788231
0.000788667
0.000788547
0.000787874
0.000786677
0.000785006
0.000782933
0.000780543
0.000777936
0.000775215
0.000772488
0.00076986
0.000767429
0.000765284
0.000763502
0.000762143
0.000761256
0.000760869
0.000760994
0.000761628
0.000762746
0.000764311
0.000766269
0.000768549
0.000771071
0.000773743
0.000776464
0.000779132
0.000781641
0.000783892
0.000364954
0.000366142
0.000366949
0.000367337
0.000367287
0.000366801
0.000365901
0.000364627
0.000363036
0.000361198
0.000359191
0.000357098
0.000355003
0.000352986
0.00035112
0.000349472
0.000348099
0.000347044
0.000346342
0.000346015
0.000346071
0.000346508
0.000347312
0.000348458
0.000349907
0.000351612
0.000353514
0.000355547
0.000357636
0.000359702
0.000361663
0.000363439
0.00108683
0.00108757
0.00108811
0.00108843
0.00108852
0.00108836
0.00108797
0.00108736
0.00108655
0.00108559
0.0010845
0.00108333
0.00108213
0.00108094
0.0010798
0.00107876
0.00107787
0.00107714
0.00107662
0.00107631
0.00107623
0.00107639
0.00107677
0.00107736
0.00107814
0.00107909
0.00108016
0.00108132
0.00108252
0.00108371
0.00108486
0.00108591
0.00100033
0.00100185
0.00100297
0.00100364
0.00100384
0.00100356
0.0010028
0.0010016
0.00100002
0.000998104
0.000995941
0.000993617
0.000991221
0.000988846
0.000986583
0.000984516
0.000982722
0.000981266
0.000980201
0.000979564
0.000979378
0.000979649
0.000980368
0.00098151
0.000983032
0.000984881
0.000986989
0.000989278
0.000991662
0.000994051
0.000996351
0.000998473
0.000785922
0.000787926
0.000789411
0.000790314
0.000790595
0.000790241
0.000789268
0.000787718
0.000785658
0.000783175
0.000780374
0.000777369
0.000774279
0.000771224
0.000768319
0.000765671
0.000763376
0.000761513
0.000760147
0.000759323
0.000759069
0.000759393
0.000760285
0.000761714
0.000763632
0.000765973
0.000768655
0.000771582
0.000774645
0.00077773
0.000780716
0.000783484
0.000365166
0.000366766
0.000367964
0.000368703
0.00036895
0.000368693
0.000367943
0.000366737
0.000365129
0.000363192
0.000361011
0.000358677
0.000356286
0.000353931
0.0003517
0.000349672
0.000347916
0.000346491
0.000345442
0.000344802
0.00034459
0.000344813
0.000345463
0.000346521
0.000347954
0.000349715
0.000351748
0.000353983
0.000356338
0.000358728
0.000361059
0.000363235
0.00108378
0.00108406
0.00108427
0.00108441
0.00108448
0.00108447
0.00108437
0.0010842
0.00108397
0.00108367
0.00108332
0.00108294
0.00108254
0.00108214
0.00108176
0.0010814
0.00108108
0.00108081
0.00108061
0.00108048
0.00108042
0.00108044
0.00108053
0.00108069
0.00108092
0.00108121
0.00108154
0.00108191
0.0010823
0.0010827
0.00108309
0.00108345
0.000994169
0.000994732
0.000995172
0.000995472
0.000995618
0.000995604
0.000995432
0.000995108
0.000994645
0.000994064
0.000993386
0.000992641
0.000991857
0.000991064
0.000990294
0.000989574
0.000988933
0.000988393
0.000987973
0.00098769
0.000987552
0.000987565
0.000987728
0.000988035
0.000988476
0.000989034
0.00098969
0.00099042
0.000991196
0.000991989
0.000992769
0.000993505
0.000777912
0.000778656
0.000779241
0.000779643
0.000779844
0.000779836
0.000779618
0.000779202
0.000778604
0.000777852
0.000776976
0.000776014
0.000775003
0.000773984
0.000772994
0.000772072
0.000771249
0.000770556
0.000770015
0.000769645
0.000769459
0.000769463
0.000769656
0.000770034
0.000770583
0.000771286
0.000772116
0.000773047
0.000774043
0.000775067
0.00077608
0.000777041
0.000358914
0.000359503
0.000359971
0.000360297
0.000360467
0.000360473
0.000360315
0.00036
0.000359544
0.000358966
0.000358292
0.000357551
0.000356772
0.000355987
0.000355224
0.000354513
0.000353878
0.00035334
0.000352918
0.000352626
0.000352472
0.000352462
0.000352596
0.000352871
0.000353278
0.000353804
0.000354432
0.00035514
0.000355903
0.000356693
0.000357479
0.00035823
0.00107999
0.00107955
0.00107922
0.00107901
0.00107894
0.00107899
0.00107917
0.00107948
0.0010799
0.00108041
0.001081
0.00108165
0.00108232
0.00108301
0.00108367
0.00108428
0.00108482
0.00108527
0.00108561
0.00108583
0.00108592
0.00108586
0.00108568
0.00108536
0.00108493
0.00108441
0.0010838
0.00108315
0.00108246
0.00108178
0.00108112
0.00108052
0.000986664
0.000985794
0.000985145
0.000984738
0.000984589
0.000984702
0.000985074
0.000985691
0.000986531
0.000987563
0.000988749
0.000990046
0.000991405
0.000992774
0.000994101
0.000995334
0.000996423
0.000997326
0.000998005
0.000998433
0.000998592
0.000998475
0.000998087
0.000997444
0.000996573
0.000995507
0.000994292
0.000992974
0.000991605
0.000990239
0.000988928
0.000987721
0.000768273
0.000767168
0.000766345
0.000765833
0.000765648
0.000765797
0.000766275
0.000767065
0.00076814
0.000769463
0.000770987
0.000772656
0.000774409
0.000776181
0.000777902
0.000779505
0.000780924
0.000782102
0.000782987
0.000783544
0.000783747
0.000783587
0.000783073
0.000782224
0.000781078
0.000779683
0.000778097
0.000776384
0.000774612
0.000772851
0.000771167
0.000769622
0.000351506
0.000350665
0.000350042
0.000349656
0.00034952
0.000349639
0.000350009
0.000350616
0.000351443
0.00035246
0.000353634
0.000354924
0.000356282
0.000357659
0.000359
0.000360253
0.000361364
0.000362287
0.000362982
0.000363416
0.000363572
0.00036344
0.000363027
0.000362353
0.000361446
0.000360346
0.000359101
0.000357763
0.000356385
0.000355021
0.000353723
0.000352537
0.00107828
0.0010775
0.0010769
0.00107651
0.00107634
0.0010764
0.00107668
0.00107718
0.00107788
0.00107874
0.00107975
0.00108086
0.00108203
0.00108322
0.00108437
0.00108545
0.0010864
0.00108721
0.00108782
0.00108822
0.0010884
0.00108833
0.00108804
0.00108752
0.00108681
0.00108592
0.0010849
0.00108378
0.0010826
0.00108142
0.00108028
0.00107922
0.000983278
0.00098172
0.000980536
0.000979767
0.000979443
0.000979573
0.000980153
0.000981164
0.000982568
0.000984317
0.000986345
0.000988579
0.000990934
0.000993322
0.000995651
0.000997828
0.000999767
0.00100139
0.00100263
0.00100344
0.00100378
0.00100364
0.00100303
0.00100196
0.00100049
0.000998681
0.000996596
0.000994322
0.00099195
0.000989572
0.000987277
0.000985153
0.000763924
0.000761939
0.000760437
0.000759466
0.000759061
0.000759234
0.000759981
0.000761276
0.000763075
0.000765318
0.000767925
0.000770805
0.000773851
0.000776949
0.000779979
0.000782821
0.000785359
0.000787488
0.000789116
0.000790174
0.000790616
0.000790423
0.000789603
0.000788193
0.000786252
0.000783866
0.000781133
0.000778165
0.000775082
0.000772004
0.000769047
0.000766321
0.000348146
0.000346639
0.000345504
0.000344776
0.000344477
0.000344617
0.000345192
0.000346183
0.000347562
0.000349283
0.000351291
0.000353517
0.000355883
0.000358301
0.000360678
0.000362917
0.000364924
0.000366612
0.000367905
0.000368743
0.000369088
0.000368923
0.000368256
0.000367119
0.000365564
0.000363662
0.000361497
0.00035916
0.000356748
0.000354355
0.000352071
0.000349977
0.00108055
0.00108009
0.00107972
0.00107945
0.00107929
0.00107925
0.00107934
0.00107954
0.00107985
0.00108026
0.00108076
0.00108132
0.00108193
0.00108255
0.00108317
0.00108377
0.00108431
0.00108478
0.00108515
0.00108542
0.00108557
0.0010856
0.0010855
0.00108529
0.00108497
0.00108455
0.00108405
0.00108349
0.00108288
0.00108227
0.00108166
0.00108108
0.000987548
0.000986628
0.000985896
0.000985377
0.000985092
0.000985049
0.000985252
0.000985693
0.000986358
0.000987221
0.000988253
0.000989414
0.000990662
0.000991948
0.000993224
0.000994438
0.000995544
0.000996496
0.000997255
0.000997792
0.000998085
0.000998121
0.0009979
0.000997431
0.000996734
0.000995838
0.000994779
0.000993599
0.000992345
0.000991065
0.000989808
0.000988621
0.000769291
0.000768115
0.000767183
0.00076653
0.000766177
0.000766137
0.000766412
0.000766994
0.000767863
0.000768989
0.000770335
0.000771851
0.000773482
0.000775167
0.000776841
0.000778437
0.00077989
0.000781141
0.000782137
0.000782836
0.000783208
0.000783238
0.000782925
0.000782283
0.000781342
0.000780141
0.000778731
0.000777169
0.000775519
0.000773844
0.000772209
0.000770672
0.000352153
0.000351249
0.00035054
0.000350049
0.000349794
0.000349782
0.000350014
0.000350484
0.000351176
0.00035207
0.000353134
0.000354332
0.000355622
0.000356955
0.000358281
0.000359545
0.000360697
0.000361686
0.00036247
0.000363013
0.000363293
0.000363296
0.000363022
0.000362486
0.000361712
0.000360734
0.000359596
0.000358344
0.00035703
0.000355706
0.000354422
0.000353223
0.00108536
0.00108565
0.00108581
0.00108583
0.00108573
0.00108549
0.00108513
0.00108467
0.00108413
0.00108352
0.00108286
0.0010822
0.00108154
0.00108092
0.00108035
0.00107986
0.00107948
0.0010792
0.00107904
0.00107901
0.00107911
0.00107933
0.00107967
0.00108012
0.00108066
0.00108126
0.00108191
0.00108258
0.00108324
0.00108388
0.00108446
0.00108496
0.000997218
0.000997789
0.000998116
0.000998185
0.000997992
0.000997545
0.000996864
0.000995975
0.000994916
0.000993729
0.000992461
0.000991163
0.000989885
0.000988676
0.00098758
0.000986639
0.000985886
0.000985348
0.000985044
0.000984984
0.000985171
0.000985597
0.000986247
0.000987098
0.00098812
0.000989274
0.000990519
0.000991808
0.000993092
0.000994321
0.000995448
0.000996427
0.000781805
0.000782552
0.000782985
0.000783084
0.000782844
0.000782275
0.000781401
0.000780259
0.000778899
0.000777377
0.000775756
0.000774102
0.000772479
0.00077095
0.000769569
0.000768387
0.000767444
0.000766772
0.000766393
0.000766318
0.00076655
0.000767079
0.000767888
0.000768948
0.000770224
0.000771671
0.000773238
0.000774867
0.000776498
0.000778068
0.000779514
0.000780778
0.000361879
0.000362463
0.000362806
0.000362891
0.000362715
0.000362284
0.000361618
0.000360746
0.000359708
0.000358549
0.000357317
0.000356064
0.000354839
0.000353686
0.000352649
0.000351763
0.000351057
0.000350553
0.000350267
0.000350207
0.000350373
0.00035076
0.000351356
0.00035214
0.000353088
0.000354168
0.000355342
0.00035657
0.000357806
0.000359002
0.00036011
0.000361083
0.00108833
0.00108915
0.00108971
0.00108997
0.00108993
0.0010896
0.00108898
0.0010881
0.001087
0.00108571
0.0010843
0.00108281
0.0010813
0.00107983
0.00107846
0.00107724
0.00107621
0.00107541
0.00107488
0.00107462
0.00107466
0.00107498
0.00107558
0.00107643
0.00107751
0.00107877
0.00108017
0.00108165
0.00108316
0.00108464
0.00108603
0.00108727
0.00100349
0.00100514
0.00100625
0.00100679
0.00100672
0.00100606
0.00100482
0.00100306
0.00100085
0.000998292
0.000995477
0.000992521
0.000989539
0.000986645
0.000983949
0.000981549
0.000979533
0.000977973
0.000976924
0.000976423
0.000976487
0.000977113
0.00097828
0.000979947
0.000982055
0.000984528
0.000987276
0.000990198
0.000993183
0.000996117
0.000998885
0.00100138
0.000790111
0.000792274
0.000793743
0.000794451
0.000794366
0.000793493
0.00079187
0.00078957
0.000786692
0.000783361
0.000779716
0.000775904
0.000772076
0.000768379
0.000764947
0.000761905
0.000759358
0.000757391
0.000756071
0.00075544
0.000755518
0.000756302
0.000757768
0.000759867
0.000762528
0.000765663
0.000769161
0.000772896
0.00077673
0.000780516
0.000784104
0.000787348
0.000368517
0.000370232
0.000371401
0.000371968
0.000371904
0.000371213
0.000369927
0.00036811
0.000365846
0.000363239
0.000360403
0.000357456
0.000354516
0.000351695
0.000349092
0.000346797
0.000344885
0.000343413
0.000342427
0.000341955
0.000342011
0.000342592
0.000343682
0.000345249
0.000347246
0.000349609
0.000352263
0.000355115
0.000358064
0.000360995
0.000363792
0.000366337
0.00108699
0.00108772
0.00108824
0.00108853
0.00108859
0.0010884
0.00108797
0.00108733
0.00108649
0.00108549
0.00108437
0.00108317
0.00108194
0.00108073
0.00107959
0.00107855
0.00107766
0.00107695
0.00107645
0.00107617
0.00107612
0.00107631
0.00107673
0.00107736
0.00107818
0.00107916
0.00108026
0.00108145
0.00108267
0.00108387
0.00108503
0.00108608
0.0010008
0.00100226
0.0010033
0.00100388
0.00100398
0.00100358
0.00100272
0.00100141
0.000999722
0.000997719
0.000995483
0.000993103
0.000990672
0.000988283
0.000986028
0.000983989
0.000982242
0.00098085
0.000979862
0.000979314
0.000979224
0.000979596
0.000980416
0.000981656
0.000983271
0.000985204
0.000987385
0.000989732
0.000992157
0.000994569
0.000996872
0.000998976
0.000786622
0.000788534
0.0007899
0.00079066
0.00079078
0.000790256
0.00078911
0.000787394
0.000785182
0.00078257
0.000779666
0.000776589
0.000773461
0.000770401
0.000767523
0.000764932
0.000762719
0.000760959
0.000759714
0.000759023
0.00075891
0.00075938
0.000760415
0.000761984
0.000764032
0.000766491
0.000769274
0.000772282
0.000775404
0.000778519
0.000781507
0.000784246
0.000365803
0.000367309
0.000368387
0.000368986
0.000369077
0.000368657
0.000367745
0.000366386
0.000364642
0.000362593
0.000360329
0.000357943
0.000355531
0.000353187
0.000350995
0.000349032
0.000347363
0.000346042
0.000345109
0.000344595
0.000344513
0.000344866
0.000345645
0.000346826
0.000348373
0.000350237
0.000352356
0.000354659
0.000357061
0.000359472
0.000361796
0.000363937
0.00108225
0.00108236
0.00108248
0.00108259
0.0010827
0.0010828
0.00108289
0.00108296
0.001083
0.00108302
0.00108302
0.001083
0.00108296
0.0010829
0.00108282
0.00108273
0.00108263
0.00108253
0.00108243
0.00108232
0.00108223
0.00108214
0.00108206
0.00108199
0.00108194
0.0010819
0.00108189
0.0010819
0.00108193
0.00108199
0.00108206
0.00108215
0.000991276
0.000991502
0.000991727
0.000991944
0.000992142
0.000992314
0.000992454
0.000992557
0.00099262
0.000992642
0.000992624
0.000992568
0.000992476
0.000992352
0.0009922
0.000992026
0.000991835
0.000991633
0.000991426
0.000991222
0.000991027
0.000990849
0.000990695
0.000990571
0.000990484
0.000990439
0.000990438
0.000990482
0.000990571
0.000990701
0.000990867
0.000991062
0.00077429
0.000774592
0.000774888
0.000775166
0.000775413
0.00077562
0.00077578
0.000775888
0.000775945
0.000775951
0.000775908
0.000775821
0.000775693
0.000775531
0.000775339
0.000775121
0.000774884
0.000774633
0.000774376
0.00077412
0.000773873
0.000773645
0.000773446
0.000773286
0.000773174
0.000773117
0.000773121
0.000773187
0.000773314
0.000773498
0.000773729
0.000773998
0.000356245
0.000356482
0.00035671
0.00035692
0.000357102
0.00035725
0.000357358
0.000357424
0.000357449
0.000357436
0.000357386
0.000357304
0.000357195
0.000357062
0.000356909
0.000356741
0.00035656
0.000356371
0.000356179
0.000355988
0.000355806
0.000355638
0.000355493
0.000355379
0.000355302
0.000355268
0.000355282
0.000355344
0.000355454
0.000355607
0.000355796
0.000356013
0.00107701
0.00107645
0.00107611
0.00107601
0.00107615
0.00107652
0.00107711
0.0010779
0.00107886
0.00107994
0.00108113
0.00108235
0.00108358
0.00108477
0.00108586
0.00108681
0.0010876
0.00108818
0.00108853
0.00108864
0.00108851
0.00108814
0.00108754
0.00108673
0.00108576
0.00108465
0.00108345
0.00108221
0.00108098
0.0010798
0.00107872
0.00107778
0.000981083
0.000979988
0.000979329
0.000979126
0.000979388
0.000980106
0.000981252
0.000982788
0.000984657
0.000986793
0.000989116
0.000991541
0.000993975
0.000996325
0.000998497
0.0010004
0.00100197
0.00100313
0.00100384
0.00100406
0.00100378
0.00100302
0.00100182
0.00100021
0.000998261
0.00099606
0.000993691
0.000991249
0.000988827
0.000986517
0.000984407
0.000982574
0.00076132
0.000759946
0.000759119
0.000758866
0.000759195
0.000760096
0.000761538
0.000763474
0.000765837
0.000768547
0.000771508
0.000774611
0.000777741
0.000780774
0.000783591
0.000786075
0.00078812
0.000789638
0.000790561
0.000790849
0.000790488
0.000789493
0.000787909
0.000785806
0.000783274
0.000780421
0.000777364
0.000774226
0.000771128
0.000768188
0.000765513
0.000763197
0.000346373
0.000345347
0.000344731
0.000344543
0.000344788
0.000345459
0.000346536
0.000347987
0.000349765
0.000351814
0.000354065
0.000356437
0.000358843
0.00036119
0.000363381
0.000365323
0.000366929
0.000368125
0.000368854
0.000369081
0.000368796
0.00036801
0.000366762
0.000365111
0.000363133
0.000360914
0.000358551
0.00035614
0.000353774
0.000351541
0.00034952
0.000347779
0.00107549
0.00107466
0.00107412
0.00107389
0.00107397
0.00107436
0.00107504
0.00107601
0.0010772
0.0010786
0.00108013
0.00108174
0.00108338
0.00108497
0.00108646
0.00108779
0.0010889
0.00108976
0.00109032
0.00109056
0.00109048
0.00109007
0.00108936
0.00108837
0.00108715
0.00108573
0.00108418
0.00108256
0.00108092
0.00107934
0.00107787
0.00107657
0.000978063
0.000976457
0.000975415
0.000974974
0.00097515
0.000975936
0.000977306
0.000979212
0.000981587
0.000984347
0.000987389
0.000990603
0.000993867
0.000997054
0.00100004
0.0010027
0.00100493
0.00100664
0.00100775
0.00100823
0.00100803
0.00100719
0.00100573
0.00100371
0.00100122
0.000998356
0.000995242
0.000991997
0.000988749
0.000985621
0.000982729
0.000980179
0.000757448
0.000755432
0.000754133
0.000753591
0.000753823
0.000754824
0.00075656
0.000758977
0.000761994
0.000765511
0.000769404
0.000773534
0.000777746
0.000781877
0.000785763
0.000789241
0.000792164
0.000794405
0.000795862
0.00079647
0.000796202
0.00079507
0.000793126
0.000790457
0.000787182
0.000783441
0.00077939
0.000775195
0.000771018
0.000767018
0.000763339
0.000760113
0.000343355
0.00034186
0.000340904
0.000340514
0.000340702
0.000341462
0.000342772
0.000344597
0.000346881
0.000349555
0.000352532
0.000355708
0.00035897
0.000362189
0.000365235
0.000367977
0.00037029
0.000372066
0.000373218
0.000373689
0.000373457
0.000372532
0.000370961
0.000368822
0.000366215
0.000363262
0.000360089
0.000356831
0.000353615
0.00035056
0.000347772
0.000345345
0.00107988
0.00107936
0.00107895
0.00107867
0.00107853
0.00107854
0.00107869
0.00107897
0.00107939
0.00107992
0.00108055
0.00108125
0.00108199
0.00108274
0.00108348
0.00108417
0.0010848
0.00108533
0.00108574
0.00108601
0.00108614
0.00108613
0.00108597
0.00108567
0.00108524
0.0010847
0.00108407
0.00108337
0.00108264
0.0010819
0.00108117
0.00108049
0.000986417
0.000985422
0.000984655
0.000984145
0.000983911
0.000983961
0.000984296
0.000984905
0.000985765
0.000986849
0.000988114
0.000989516
0.000991002
0.000992512
0.00099399
0.000995374
0.00099661
0.000997648
0.000998444
0.000998966
0.000999194
0.00099912
0.000998746
0.000998091
0.000997182
0.000996057
0.000994762
0.000993347
0.000991868
0.000990382
0.000988943
0.000987605
0.000767954
0.000766708
0.000765755
0.000765128
0.000764849
0.000764931
0.000765372
0.00076616
0.00076727
0.000768667
0.0007703
0.000772113
0.000774037
0.000775999
0.00077792
0.000779722
0.000781329
0.000782672
0.000783695
0.000784354
0.000784621
0.000784486
0.000783959
0.000783065
0.000781844
0.00078035
0.000778646
0.000776802
0.000774889
0.000772981
0.000771146
0.000769451
0.0003512
0.000350272
0.000349572
0.000349122
0.000348937
0.000349025
0.000349386
0.00035001
0.000350879
0.000351966
0.000353236
0.000354644
0.000356139
0.000357665
0.00035916
0.000360561
0.000361808
0.000362845
0.000363627
0.000364117
0.000364294
0.000364152
0.0003637
0.000362961
0.00036197
0.000360774
0.000359424
0.000357976
0.000356488
0.000355015
0.000353612
0.000352326
0.0010869
0.00108701
0.00108693
0.00108668
0.00108625
0.00108568
0.00108497
0.00108417
0.00108329
0.00108238
0.00108147
0.00108059
0.00107978
0.00107907
0.00107848
0.00107805
0.00107777
0.00107767
0.00107774
0.00107799
0.0010784
0.00107896
0.00107965
0.00108044
0.0010813
0.00108221
0.00108312
0.001084
0.00108482
0.00108555
0.00108615
0.00108661
0.00100041
0.00100068
0.00100059
0.00100014
0.00099935
0.000998253
0.000996892
0.000995325
0.000993614
0.000991828
0.000990037
0.000988311
0.000986715
0.000985308
0.000984142
0.000983257
0.000982685
0.000982444
0.000982544
0.000982979
0.000983733
0.00098478
0.000986082
0.000987592
0.000989256
0.000991011
0.000992793
0.000994533
0.000996164
0.000997622
0.000998847
0.000999789
0.000786006
0.000786398
0.000786317
0.000785768
0.00078477
0.000783369
0.000781624
0.00077961
0.000777413
0.000775122
0.000772829
0.000770625
0.000768591
0.000766801
0.000765318
0.000764191
0.000763456
0.000763136
0.00076324
0.000763763
0.000764686
0.000765977
0.000767592
0.000769478
0.000771567
0.000773786
0.000776054
0.000778286
0.000780394
0.000782294
0.000783907
0.000785163
0.000365181
0.000365527
0.000365505
0.000365113
0.00036437
0.000363308
0.000361977
0.000360436
0.000358753
0.000357
0.000355248
0.000353565
0.000352012
0.000350645
0.000349509
0.00034864
0.000348063
0.000347795
0.000347842
0.000348202
0.000348861
0.0003498
0.000350987
0.000352386
0.00035395
0.000355625
0.000357353
0.000359068
0.000360704
0.000362194
0.000363474
0.000364485
0.00109074
0.00109121
0.00109133
0.00109109
0.00109051
0.0010896
0.0010884
0.00108696
0.00108534
0.0010836
0.00108181
0.00108003
0.00107835
0.00107681
0.00107548
0.00107441
0.00107363
0.00107319
0.00107308
0.00107332
0.00107389
0.00107478
0.00107594
0.00107735
0.00107894
0.00108066
0.00108244
0.00108422
0.00108592
0.00108748
0.00108884
0.00108994
0.00100822
0.00100923
0.00100954
0.00100913
0.00100803
0.00100627
0.00100394
0.00100112
0.000997942
0.000994526
0.000991009
0.000987529
0.000984216
0.000981195
0.000978574
0.000976448
0.000974892
0.000973958
0.000973679
0.000974064
0.000975099
0.000976749
0.000978955
0.000981641
0.000984709
0.00098805
0.000991537
0.00099504
0.000998423
0.00100155
0.0010043
0.00100656
0.000796217
0.000797588
0.000798039
0.00079755
0.000796142
0.000793878
0.000790861
0.000787223
0.000783121
0.000778726
0.000774217
0.00076977
0.00076555
0.000761712
0.000758389
0.000755692
0.000753711
0.000752508
0.000752121
0.000752562
0.000753816
0.000755843
0.000758577
0.000761929
0.000765786
0.000770013
0.000774458
0.000778954
0.000783328
0.000787402
0.000791008
0.000793991
0.000373195
0.000374339
0.000374755
0.000374422
0.000373357
0.000371611
0.000369271
0.000366449
0.000363275
0.000359888
0.000356428
0.000353032
0.000349824
0.000346917
0.000344405
0.000342365
0.000340859
0.000339927
0.000339595
0.000339873
0.000340751
0.000342207
0.000344197
0.000346664
0.000349532
0.000352709
0.000356084
0.000359536
0.00036293
0.000366126
0.000368987
0.000371381
0.00108952
0.00108973
0.00108966
0.00108931
0.00108868
0.0010878
0.00108671
0.00108544
0.00108405
0.0010826
0.00108113
0.00107972
0.0010784
0.00107723
0.00107626
0.00107553
0.00107505
0.00107485
0.00107493
0.00107529
0.00107592
0.00107679
0.00107787
0.00107912
0.00108048
0.00108192
0.00108337
0.00108479
0.0010861
0.00108728
0.00108826
0.00108902
0.00100536
0.00100585
0.00100576
0.00100512
0.00100394
0.00100228
0.00100019
0.000997775
0.000995121
0.000992337
0.000989531
0.000986813
0.000984285
0.000982041
0.000980163
0.000978718
0.000977758
0.000977316
0.000977407
0.000978026
0.000979152
0.000980744
0.000982745
0.000985082
0.000987671
0.000990415
0.000993211
0.000995952
0.000998533
0.00100085
0.00100281
0.00100434
0.000792252
0.00079292
0.000792858
0.000792068
0.000790584
0.000788468
0.000785814
0.000782734
0.000779356
0.00077582
0.000772264
0.000768828
0.000765638
0.000762811
0.000760444
0.00075862
0.000757399
0.000756819
0.000756898
0.000757634
0.000758999
0.00076095
0.000763418
0.000766319
0.000769552
0.000773
0.000776537
0.000780029
0.000783337
0.00078633
0.000788882
0.000790886
0.000369821
0.000370389
0.000370394
0.000369832
0.000368731
0.00036714
0.000365135
0.000362805
0.000360254
0.000357588
0.000354915
0.000352339
0.000349952
0.000347839
0.000346068
0.000344697
0.000343766
0.000343302
0.000343319
0.000343814
0.000344772
0.000346163
0.000347945
0.00035006
0.000352439
0.000355001
0.000357653
0.000360296
0.000362826
0.000365137
0.000367131
0.000368717
0.00108528
0.0010849
0.00108442
0.00108387
0.00108326
0.00108262
0.00108197
0.00108134
0.00108074
0.00108022
0.00107977
0.00107944
0.00107921
0.00107912
0.00107915
0.00107931
0.0010796
0.00107999
0.00108049
0.00108105
0.00108167
0.00108232
0.00108298
0.00108361
0.00108419
0.0010847
0.00108513
0.00108546
0.00108567
0.00108576
0.00108572
0.00108556
0.000996495
0.000995737
0.000994818
0.000993773
0.000992641
0.000991468
0.000990297
0.000989175
0.000988144
0.000987246
0.000986515
0.00098598
0.00098566
0.000985568
0.000985707
0.000986071
0.000986646
0.000987409
0.000988331
0.000989376
0.000990503
0.000991671
0.000992833
0.000993947
0.00099497
0.000995862
0.00099659
0.000997127
0.000997451
0.00099755
0.000997419
0.000997063
0.000780514
0.00077955
0.000778392
0.000777085
0.000775679
0.000774229
0.000772792
0.000771424
0.000770179
0.000769106
0.000768246
0.000767632
0.000767289
0.000767227
0.000767449
0.000767945
0.000768695
0.000769668
0.000770828
0.000772129
0.000773521
0.000774952
0.000776368
0.000777716
0.000778945
0.000780008
0.000780866
0.000781486
0.000781843
0.000781924
0.000781723
0.000781247
0.000360459
0.000359725
0.000358862
0.000357902
0.000356882
0.000355844
0.000354827
0.000353872
0.000353015
0.000352292
0.000351728
0.000351347
0.000351161
0.000351178
0.000351395
0.000351805
0.00035239
0.000353127
0.000353988
0.00035494
0.000355947
0.00035697
0.000357971
0.000358913
0.000359759
0.000360479
0.000361045
0.000361435
0.000361634
0.000361632
0.00036143
0.000361034
0.00108178
0.00108105
0.00108037
0.00107978
0.00107928
0.00107891
0.00107866
0.00107856
0.00107861
0.00107881
0.00107914
0.00107961
0.00108018
0.00108084
0.00108157
0.00108234
0.00108311
0.00108386
0.00108456
0.00108518
0.00108569
0.00108607
0.00108632
0.00108641
0.00108634
0.00108613
0.00108578
0.0010853
0.00108471
0.00108404
0.00108331
0.00108255
0.000989557
0.000988078
0.000986736
0.00098558
0.000984653
0.000983989
0.000983612
0.000983538
0.000983768
0.000984295
0.000985102
0.000986157
0.000987424
0.000988854
0.000990393
0.000991983
0.000993562
0.000995069
0.000996443
0.000997631
0.000998585
0.000999266
0.000999648
0.000999715
0.000999466
0.000998911
0.000998072
0.000996985
0.000995692
0.000994245
0.0009927
0.000991118
0.000771575
0.000769671
0.000767961
0.000766507
0.00076536
0.000764561
0.00076414
0.000764111
0.000764478
0.000765227
0.000766333
0.000767757
0.00076945
0.000771347
0.00077338
0.00077547
0.000777537
0.000779498
0.000781275
0.000782796
0.000783999
0.000784833
0.000785266
0.00078528
0.000784874
0.000784067
0.000782894
0.000781403
0.000779656
0.000777721
0.000775677
0.000773602
0.000353589
0.000352122
0.000350827
0.000349747
0.000348919
0.000348372
0.000348124
0.000348184
0.00034855
0.000349211
0.000350146
0.000351323
0.000352702
0.000354234
0.000355863
0.000357528
0.000359163
0.000360703
0.000362085
0.00036325
0.000364149
0.000364742
0.000365005
0.000364927
0.00036451
0.000363775
0.000362755
0.000361492
0.000360042
0.000358463
0.000356819
0.000355173
0.00108179
0.00108137
0.00108099
0.00108066
0.00108041
0.00108023
0.00108013
0.00108012
0.0010802
0.00108037
0.00108062
0.00108095
0.00108133
0.00108176
0.00108222
0.00108269
0.00108316
0.0010836
0.001084
0.00108434
0.0010846
0.00108478
0.00108487
0.00108487
0.00108477
0.00108458
0.00108432
0.00108398
0.00108359
0.00108316
0.00108271
0.00108225
0.000989748
0.000988856
0.000988069
0.000987417
0.000986924
0.000986606
0.000986477
0.000986542
0.000986798
0.000987236
0.000987842
0.000988592
0.00098946
0.000990413
0.000991414
0.000992425
0.000993407
0.000994321
0.000995131
0.000995803
0.000996312
0.000996636
0.000996763
0.000996688
0.000996415
0.000995955
0.000995326
0.000994555
0.000993673
0.000992713
0.000991713
0.000990712
0.000771918
0.000770752
0.000769734
0.000768902
0.000768285
0.000767905
0.000767775
0.000767901
0.000768278
0.000768893
0.000769727
0.000770749
0.000771922
0.000773204
0.000774546
0.000775896
0.000777203
0.000778413
0.000779478
0.000780354
0.000781005
0.000781404
0.000781533
0.00078139
0.000780979
0.000780319
0.000779438
0.000778372
0.000777165
0.000775865
0.000774523
0.000773191
0.000353999
0.000353078
0.000352287
0.000351652
0.000351196
0.000350933
0.000350873
0.000351018
0.000351364
0.000351899
0.000352606
0.00035346
0.000354432
0.000355487
0.000356584
0.000357683
0.00035874
0.000359712
0.000360559
0.000361245
0.000361741
0.000362025
0.000362085
0.000361918
0.000361533
0.000360947
0.000360184
0.000359279
0.000358268
0.000357192
0.000356095
0.000355017
0.00108414
0.00108454
0.00108486
0.00108509
0.00108522
0.00108523
0.00108514
0.00108494
0.00108465
0.00108428
0.00108383
0.00108334
0.00108281
0.00108228
0.00108175
0.00108125
0.0010808
0.00108042
0.00108011
0.0010799
0.00107978
0.00107976
0.00107984
0.00108002
0.0010803
0.00108066
0.00108109
0.00108157
0.00108209
0.00108263
0.00108317
0.00108367
0.000994573
0.000995309
0.000995902
0.000996328
0.000996569
0.000996614
0.000996462
0.000996119
0.000995599
0.000994924
0.00099412
0.00099322
0.00099226
0.000991277
0.000990309
0.000989395
0.000988566
0.000987855
0.000987288
0.000986884
0.000986658
0.000986617
0.000986764
0.000987092
0.00098759
0.000988241
0.000989019
0.000989898
0.000990843
0.000991821
0.000992793
0.000993723
0.000778222
0.000779144
0.000779892
0.000780433
0.000780744
0.000780811
0.000780632
0.000780212
0.000779571
0.000778735
0.000777739
0.000776624
0.000775437
0.000774223
0.000773031
0.000771907
0.00077089
0.000770019
0.000769324
0.000768829
0.00076855
0.000768496
0.000768669
0.000769062
0.000769662
0.000770447
0.000771391
0.00077246
0.000773615
0.000774815
0.000776013
0.000777164
0.000358977
0.000359655
0.000360208
0.000360612
0.000360849
0.000360908
0.000360786
0.000360487
0.000360025
0.000359421
0.0003587
0.000357893
0.000357034
0.000356157
0.000355297
0.000354487
0.000353755
0.000353129
0.000352628
0.000352269
0.000352065
0.00035202
0.000352136
0.000352409
0.000352829
0.000353383
0.000354051
0.000354813
0.000355639
0.000356502
0.000357368
0.000358204
0.00108607
0.00108719
0.00108813
0.00108884
0.0010893
0.00108949
0.0010894
0.00108904
0.00108841
0.00108755
0.0010865
0.00108528
0.00108395
0.00108257
0.00108118
0.00107984
0.0010786
0.00107751
0.0010766
0.00107591
0.00107547
0.00107529
0.00107537
0.00107572
0.00107632
0.00107715
0.00107818
0.00107938
0.00108069
0.00108207
0.00108346
0.00108481
0.000998503
0.00100066
0.00100247
0.00100385
0.00100476
0.00100514
0.001005
0.00100432
0.00100314
0.00100152
0.000999505
0.000997191
0.000994666
0.000992031
0.000989388
0.000986838
0.000984477
0.000982392
0.000980659
0.000979341
0.000978485
0.000978121
0.000978262
0.000978901
0.000980018
0.000981572
0.000983508
0.000985755
0.000988232
0.000990845
0.000993496
0.000996082
0.000783321
0.00078608
0.000788402
0.000790189
0.000791364
0.000791876
0.000791701
0.000790848
0.000789355
0.000787285
0.000784727
0.000781789
0.000778592
0.000775265
0.000771936
0.000768734
0.000765777
0.000763172
0.000761009
0.000759364
0.000758293
0.000757829
0.00075799
0.000758768
0.000760139
0.000762057
0.000764455
0.00076725
0.000770344
0.000773624
0.000776966
0.000780241
0.000362897
0.000365
0.000366782
0.000368163
0.00036908
0.000369491
0.000369375
0.000368738
0.000367609
0.000366042
0.000364108
0.000361891
0.000359488
0.000356995
0.000354513
0.000352135
0.000349946
0.000348024
0.00034643
0.000345218
0.000344424
0.000344073
0.000344174
0.000344726
0.00034571
0.000347097
0.000348843
0.000350891
0.000353172
0.000355605
0.000358102
0.000360565
0.00108667
0.00108795
0.00108901
0.00108982
0.00109033
0.00109054
0.00109042
0.00108998
0.00108924
0.00108823
0.001087
0.00108558
0.00108404
0.00108244
0.00108083
0.00107929
0.00107786
0.00107661
0.00107558
0.0010748
0.00107432
0.00107413
0.00107425
0.00107468
0.00107539
0.00107637
0.00107757
0.00107896
0.00108048
0.00108207
0.00108367
0.00108522
0.000999554
0.001002
0.00100404
0.0010056
0.00100661
0.00100702
0.00100683
0.00100603
0.00100467
0.00100279
0.00100048
0.000997823
0.000994936
0.000991929
0.000988919
0.000986022
0.000983345
0.000980987
0.000979036
0.00097756
0.000976612
0.000976224
0.000976411
0.000977165
0.000978459
0.000980248
0.000982469
0.00098504
0.000987868
0.000990847
0.000993866
0.000996806
0.000784589
0.000787703
0.00079032
0.000792327
0.000793636
0.000794191
0.000793966
0.000792972
0.000791251
0.00078888
0.000785961
0.000782616
0.000778983
0.00077521
0.000771443
0.000767826
0.000764492
0.000761561
0.000759136
0.0007573
0.000756113
0.000755614
0.000755821
0.000756725
0.000758297
0.000760484
0.000763212
0.000766388
0.000769898
0.000773615
0.0007774
0.000781107
0.000363721
0.000366078
0.000368076
0.000369623
0.000370648
0.000371102
0.000370963
0.000370237
0.00036896
0.000367191
0.000365012
0.000362519
0.00035982
0.000357027
0.000354249
0.000351591
0.00034915
0.000347008
0.000345237
0.000343891
0.000343014
0.00034263
0.00034275
0.000343372
0.000344476
0.000346028
0.000347982
0.000350273
0.000352825
0.000355549
0.000358345
0.000361106
0.00108683
0.00108776
0.00108849
0.00108898
0.00108922
0.0010892
0.00108891
0.00108836
0.00108758
0.00108659
0.00108544
0.00108417
0.00108284
0.00108149
0.00108018
0.00107895
0.00107786
0.00107695
0.00107624
0.00107577
0.00107556
0.0010756
0.0010759
0.00107644
0.00107721
0.00107817
0.0010793
0.00108054
0.00108185
0.00108319
0.00108449
0.00108572
0.000999725
0.00100146
0.00100282
0.00100374
0.00100418
0.00100413
0.00100359
0.00100257
0.00100113
0.000999313
0.000997201
0.000994876
0.00099243
0.000989958
0.000987556
0.000985314
0.000983317
0.000981638
0.000980339
0.000979467
0.000979052
0.000979108
0.000979634
0.00098061
0.000982
0.000983755
0.000985809
0.000988088
0.000990506
0.000992973
0.000995394
0.000997674
0.000784729
0.000786914
0.000788624
0.000789787
0.000790352
0.000790295
0.000789617
0.000788348
0.000786541
0.000784273
0.000781638
0.000778743
0.000775704
0.000772642
0.000769674
0.000766911
0.000764454
0.000762392
0.000760798
0.000759726
0.000759212
0.000759274
0.000759908
0.000761094
0.000762789
0.000764934
0.000767454
0.000770259
0.000773245
0.000776303
0.000779314
0.000782161
0.000363765
0.00036538
0.00036665
0.00036752
0.000367948
0.000367915
0.000367422
0.000366492
0.000365166
0.000363502
0.000361574
0.000359463
0.000357255
0.000355037
0.000352896
0.00035091
0.000349149
0.000347674
0.000346535
0.000345767
0.000345396
0.000345432
0.000345874
0.000346707
0.000347904
0.000349427
0.000351225
0.000353235
0.000355386
0.0003576
0.000359792
0.000361875
0.00108654
0.00108697
0.00108724
0.00108731
0.00108721
0.00108692
0.00108646
0.00108584
0.00108509
0.00108423
0.00108331
0.00108235
0.0010814
0.00108049
0.00107966
0.00107894
0.00107836
0.00107794
0.00107769
0.00107763
0.00107776
0.00107807
0.00107854
0.00107916
0.00107991
0.00108075
0.00108165
0.00108259
0.00108352
0.00108441
0.00108524
0.00108595
0.000999152
0.000999917
0.00100036
0.00100046
0.00100022
0.000999644
0.000998754
0.000997586
0.000996187
0.000994612
0.000992924
0.000991189
0.000989473
0.000987843
0.00098636
0.000985081
0.000984053
0.000983315
0.000982892
0.000982801
0.000983043
0.000983611
0.000984481
0.000985623
0.000986994
0.000988541
0.000990208
0.000991932
0.000993647
0.000995288
0.00099679
0.000998095
0.000783996
0.000784934
0.000785469
0.000785578
0.000785257
0.000784518
0.000783391
0.000781923
0.000780174
0.000778214
0.000776122
0.000773979
0.00077187
0.000769873
0.000768065
0.000766512
0.000765271
0.000764385
0.000763886
0.000763792
0.000764105
0.000764813
0.000765891
0.000767301
0.00076899
0.000770898
0.000772954
0.000775082
0.0007772
0.000779227
0.000781083
0.000782694
0.000363263
0.000363925
0.000364291
0.000364346
0.000364085
0.000363521
0.000362678
0.00036159
0.000360305
0.000358875
0.000357359
0.000355817
0.000354308
0.000352889
0.000351613
0.000350524
0.000349662
0.000349056
0.000348726
0.000348683
0.000348928
0.000349453
0.000350238
0.000351258
0.000352477
0.000353851
0.000355331
0.000356862
0.000358386
0.000359845
0.000361179
0.000362335
0.00108533
0.00108536
0.00108528
0.00108509
0.00108481
0.00108444
0.001084
0.0010835
0.00108296
0.00108239
0.00108184
0.0010813
0.00108082
0.0010804
0.00108007
0.00107983
0.0010797
0.00107969
0.00107978
0.00107998
0.00108028
0.00108067
0.00108113
0.00108164
0.00108218
0.00108273
0.00108327
0.00108379
0.00108425
0.00108465
0.00108497
0.0010852
0.000996771
0.000996795
0.00099662
0.000996252
0.000995705
0.000995001
0.000994167
0.000993235
0.000992241
0.000991224
0.000990223
0.000989277
0.000988422
0.000987692
0.000987114
0.00098671
0.000986495
0.000986477
0.000986656
0.000987026
0.000987572
0.000988273
0.000989102
0.000990028
0.000991015
0.000992027
0.000993023
0.000993967
0.000994822
0.000995555
0.000996139
0.00099655
0.000780947
0.000780966
0.000780736
0.000780268
0.00077958
0.000778698
0.000777657
0.000776499
0.000775269
0.000774015
0.000772786
0.000771629
0.000770588
0.000769703
0.000769006
0.000768524
0.000768273
0.000768263
0.000768494
0.000768956
0.000769633
0.000770498
0.000771521
0.000772661
0.000773877
0.000775123
0.00077635
0.000777513
0.000778566
0.000779468
0.000780183
0.000780683
0.000360965
0.000360963
0.000360782
0.000360429
0.000359918
0.000359269
0.000358509
0.000357668
0.000356781
0.00035588
0.000355003
0.000354181
0.000353447
0.000352826
0.000352343
0.000352013
0.00035185
0.000351858
0.000352036
0.000352379
0.000352873
0.000353501
0.000354239
0.00035506
0.000355934
0.000356828
0.000357709
0.000358541
0.000359293
0.000359934
0.00036044
0.000360788
0.0010838
0.00108349
0.00108315
0.00108279
0.00108243
0.00108206
0.00108172
0.00108141
0.00108113
0.00108091
0.00108074
0.00108065
0.00108062
0.00108068
0.00108081
0.001081
0.00108126
0.00108158
0.00108193
0.00108231
0.0010827
0.00108309
0.00108345
0.00108378
0.00108405
0.00108426
0.00108441
0.00108448
0.00108448
0.00108441
0.00108426
0.00108406
0.000993767
0.000993212
0.000992597
0.000991946
0.000991284
0.000990636
0.000990026
0.000989477
0.00098901
0.000988643
0.00098839
0.000988261
0.000988261
0.000988391
0.000988647
0.000989019
0.000989492
0.000990048
0.000990667
0.000991324
0.000991994
0.00099265
0.000993267
0.000993821
0.00099429
0.000994655
0.000994904
0.000995026
0.000995018
0.00099488
0.000994618
0.000994242
0.000777099
0.000776417
0.000775666
0.000774875
0.000774073
0.000773291
0.000772559
0.000771904
0.000771351
0.000770922
0.000770632
0.000770494
0.000770512
0.000770687
0.000771012
0.000771474
0.000772057
0.000772738
0.00077349
0.000774286
0.000775093
0.000775882
0.00077662
0.00077728
0.000777836
0.000778266
0.000778553
0.000778688
0.000778664
0.000778483
0.000778152
0.000777684
0.000358034
0.000357549
0.00035702
0.000356467
0.000355911
0.000355372
0.000354872
0.00035443
0.000354061
0.00035378
0.000353598
0.000353521
0.000353553
0.000353693
0.000353935
0.000354272
0.000354689
0.000355171
0.0003557
0.000356255
0.000356815
0.000357359
0.000357865
0.000358313
0.000358686
0.000358969
0.000359151
0.000359226
0.000359189
0.000359044
0.000358796
0.000358455
0.00108272
0.00108207
0.00108145
0.00108087
0.00108035
0.00107992
0.00107958
0.00107936
0.00107925
0.00107926
0.00107939
0.00107964
0.00108001
0.00108047
0.00108101
0.00108162
0.00108226
0.00108291
0.00108356
0.00108416
0.00108471
0.00108516
0.00108552
0.00108576
0.00108586
0.00108584
0.00108568
0.0010854
0.00108501
0.00108453
0.00108397
0.00108336
0.000991718
0.000990542
0.000989409
0.000988364
0.000987444
0.000986685
0.000986114
0.000985753
0.000985614
0.000985702
0.000986016
0.000986544
0.000987266
0.000988156
0.000989181
0.000990302
0.000991477
0.00099266
0.000993806
0.00099487
0.00099581
0.000996588
0.000997175
0.000997545
0.000997685
0.00099759
0.000997262
0.000996716
0.000995974
0.000995064
0.000994024
0.000992894
0.000774506
0.000773059
0.000771676
0.000770407
0.000769301
0.000768397
0.000767729
0.000767321
0.000767188
0.000767335
0.000767756
0.000768437
0.000769354
0.000770473
0.000771753
0.000773146
0.000774599
0.000776056
0.000777462
0.000778759
0.000779898
0.000780833
0.000781525
0.000781947
0.000782082
0.000781925
0.000781482
0.000780771
0.000779821
0.000778672
0.000777368
0.000775961
0.000356069
0.000355037
0.00035406
0.000353176
0.000352416
0.000351808
0.000351373
0.000351126
0.000351077
0.000351227
0.000351572
0.000352098
0.000352789
0.000353618
0.000354557
0.000355571
0.000356621
0.000357667
0.000358668
0.000359584
0.000360379
0.000361019
0.000361479
0.000361739
0.000361788
0.000361625
0.000361256
0.000360697
0.000359972
0.00035911
0.000358146
0.000357119
0.00108292
0.00108198
0.00108105
0.00108018
0.0010794
0.00107874
0.00107822
0.00107785
0.00107766
0.00107765
0.00107782
0.00107817
0.00107869
0.00107935
0.00108013
0.00108101
0.00108194
0.0010829
0.00108385
0.00108474
0.00108555
0.00108624
0.00108679
0.00108716
0.00108735
0.00108734
0.00108714
0.00108677
0.00108623
0.00108554
0.00108474
0.00108386
0.000992232
0.000990464
0.000988744
0.000987139
0.000985707
0.000984501
0.000983567
0.000982938
0.000982637
0.000982675
0.000983052
0.000983753
0.000984754
0.000986017
0.000987497
0.000989138
0.000990879
0.000992651
0.000994389
0.000996022
0.000997488
0.000998728
0.000999693
0.00100034
0.00100065
0.00100061
0.00100022
0.000999486
0.000998451
0.000997153
0.000995643
0.000993981
0.000775212
0.000773011
0.000770881
0.000768902
0.000767147
0.00076568
0.000764553
0.000763806
0.000763466
0.000763544
0.000764039
0.000764932
0.000766193
0.000767777
0.000769626
0.000771672
0.000773839
0.000776045
0.000778205
0.000780234
0.000782052
0.000783585
0.00078477
0.000785559
0.000785918
0.000785834
0.000785309
0.000784365
0.000783042
0.000781393
0.000779486
0.000777398
0.000356651
0.000355047
0.000353507
0.000352087
0.000350839
0.000349806
0.000349024
0.00034852
0.00034831
0.000348401
0.000348791
0.000349466
0.000350404
0.000351573
0.000352931
0.000354431
0.000356017
0.000357629
0.000359206
0.000360685
0.000362005
0.000363112
0.000363959
0.00036451
0.00036474
0.00036464
0.000364213
0.000363479
0.00036247
0.000361227
0.000359803
0.000358257
0.00108392
0.00108289
0.00108184
0.00108082
0.00107986
0.00107901
0.00107828
0.0010777
0.00107731
0.00107711
0.00107711
0.00107732
0.00107772
0.00107831
0.00107906
0.00107994
0.00108092
0.00108197
0.00108304
0.00108409
0.00108507
0.00108596
0.00108671
0.00108729
0.00108768
0.00108786
0.00108783
0.0010876
0.00108717
0.00108656
0.00108579
0.0010849
0.000994172
0.00099221
0.000990231
0.000988311
0.00098652
0.000984926
0.000983589
0.000982556
0.000981866
0.000981545
0.000981603
0.000982041
0.000982842
0.000983978
0.000985407
0.000987076
0.000988923
0.000990878
0.000992867
0.000994812
0.000996637
0.000998271
0.000999648
0.00100071
0.00100142
0.00100175
0.00100168
0.00100122
0.00100038
0.000999209
0.000997741
0.00099604
0.000777675
0.000775211
0.000772735
0.000770344
0.000768125
0.00076616
0.000764521
0.000763265
0.000762437
0.000762066
0.000762166
0.000762734
0.00076375
0.000765178
0.000766969
0.000769057
0.000771367
0.000773812
0.000776299
0.000778733
0.000781017
0.00078306
0.00078478
0.000786105
0.000786981
0.000787371
0.000787258
0.000786649
0.000785568
0.000784061
0.00078219
0.000780033
0.000358513
0.000356688
0.000354868
0.000353121
0.000351513
0.000350099
0.000348929
0.000348044
0.000347472
0.000347232
0.000347333
0.000347772
0.000348534
0.000349595
0.000350918
0.000352458
0.00035416
0.000355962
0.000357797
0.000359593
0.000361279
0.000362786
0.00036405
0.000365017
0.000365645
0.000365908
0.000365792
0.000365304
0.000364464
0.000363311
0.000361894
0.000360272
0.00108514
0.00108439
0.00108356
0.0010827
0.00108183
0.00108099
0.0010802
0.00107949
0.00107889
0.00107843
0.00107812
0.00107799
0.00107802
0.00107823
0.00107861
0.00107913
0.00107979
0.00108056
0.00108141
0.00108229
0.00108319
0.00108406
0.00108486
0.00108557
0.00108616
0.0010866
0.00108688
0.001087
0.00108694
0.00108671
0.00108633
0.00108579
0.000996349
0.000994909
0.000993346
0.00099172
0.000990093
0.000988526
0.00098708
0.000985807
0.000984755
0.000983965
0.000983466
0.000983276
0.000983405
0.000983847
0.000984586
0.000985595
0.000986837
0.000988265
0.000989824
0.000991456
0.000993096
0.000994682
0.000996151
0.000997446
0.000998515
0.000999316
0.000999819
0.001
0.000999862
0.000999401
0.00099864
0.000997609
0.000780348
0.000778533
0.000776572
0.000774543
0.000772524
0.000770589
0.000768813
0.00076726
0.000765987
0.000765041
0.000764456
0.000764255
0.000764445
0.000765019
0.000765959
0.000767229
0.000768785
0.000770567
0.000772511
0.000774542
0.000776582
0.000778551
0.000780373
0.000781975
0.000783291
0.00078427
0.000784871
0.000785071
0.000784861
0.000784251
0.000783266
0.000781948
0.000360431
0.000359079
0.000357633
0.000356148
0.000354682
0.000353289
0.000352021
0.000350923
0.000350035
0.000349387
0.000349002
0.000348894
0.000349067
0.000349515
0.000350224
0.00035117
0.000352318
0.000353628
0.000355053
0.000356538
0.000358027
0.000359462
0.000360784
0.00036194
0.000362883
0.000363572
0.000363979
0.000364087
0.000363891
0.000363401
0.000362638
0.000361634
0.00108658
0.00108638
0.00108602
0.00108554
0.00108493
0.00108423
0.00108346
0.00108265
0.00108183
0.00108104
0.0010803
0.00107964
0.0010791
0.00107869
0.00107843
0.00107833
0.0010784
0.00107862
0.001079
0.00107951
0.00108013
0.00108085
0.00108163
0.00108243
0.00108324
0.00108401
0.00108473
0.00108536
0.00108588
0.00108628
0.00108653
0.00108664
0.000998995
0.000998598
0.000997931
0.00099702
0.000995901
0.000994618
0.000993219
0.00099176
0.000990297
0.000988886
0.000987581
0.000986434
0.000985487
0.000984775
0.000984327
0.000984158
0.000984275
0.000984673
0.000985336
0.00098624
0.000987349
0.000988623
0.000990013
0.000991464
0.000992924
0.000994334
0.000995642
0.000996797
0.000997753
0.000998475
0.000998932
0.000999108
0.000783631
0.000783133
0.000782303
0.000781175
0.000779792
0.00077821
0.000776491
0.000774702
0.000772913
0.000771193
0.000769607
0.000768215
0.000767069
0.000766213
0.000765676
0.000765479
0.000765628
0.000766118
0.00076693
0.000768034
0.000769389
0.000770944
0.000772642
0.000774418
0.000776204
0.000777933
0.000779537
0.000780953
0.000782126
0.00078301
0.000783568
0.000783778
0.000362822
0.000362457
0.000361855
0.000361041
0.000360048
0.000358915
0.000357688
0.000356417
0.000355149
0.000353935
0.000352819
0.000351843
0.000351043
0.000350448
0.000350079
0.000349948
0.00035006
0.00035041
0.000350987
0.000351768
0.000352727
0.000353828
0.00035503
0.00035629
0.000357558
0.000358787
0.000359928
0.000360936
0.00036177
0.000362397
0.000362791
0.000362934
0.00108793
0.00108829
0.00108842
0.00108832
0.001088
0.00108746
0.00108672
0.00108582
0.00108478
0.00108365
0.00108247
0.0010813
0.00108017
0.00107913
0.00107823
0.00107749
0.00107695
0.00107662
0.00107651
0.00107664
0.00107699
0.00107754
0.00107828
0.00107918
0.00108019
0.0010813
0.00108244
0.00108359
0.0010847
0.00108572
0.00108662
0.00108737
0.00100162
0.00100229
0.00100254
0.00100237
0.00100177
0.00100078
0.000999435
0.000997784
0.000995896
0.000993847
0.000991716
0.000989587
0.000987541
0.000985657
0.000984006
0.000982648
0.000981634
0.000981
0.000980768
0.000980947
0.000981529
0.000982493
0.000983803
0.000985409
0.000987254
0.000989269
0.000991378
0.000993502
0.000995559
0.00099747
0.000999159
0.00100056
0.000786975
0.00078783
0.000788165
0.000787966
0.000787241
0.000786018
0.00078435
0.000782305
0.000779967
0.000777431
0.000774798
0.000772171
0.000769651
0.000767332
0.0007653
0.000763628
0.000762376
0.000761586
0.000761285
0.000761485
0.000762176
0.000763334
0.000764918
0.000766871
0.000769124
0.000771595
0.000774193
0.000776819
0.000779374
0.000781757
0.000783874
0.000785637
0.000365336
0.000365988
0.00036626
0.000366139
0.000365631
0.000364756
0.000363554
0.000362077
0.000360387
0.000358554
0.000356655
0.000354762
0.000352949
0.000351282
0.000349821
0.000348616
0.000347709
0.000347129
0.000346894
0.000347013
0.000347479
0.000348279
0.000349384
0.000350757
0.000352352
0.000354112
0.000355974
0.00035787
0.000359725
0.000361467
0.000363025
0.000364334
0.00108889
0.00108966
0.00109014
0.00109033
0.00109021
0.00108979
0.00108908
0.00108811
0.00108691
0.00108553
0.00108403
0.00108247
0.00108091
0.00107941
0.00107803
0.00107682
0.00107584
0.0010751
0.00107465
0.0010745
0.00107465
0.00107509
0.00107581
0.00107677
0.00107795
0.00107929
0.00108075
0.00108227
0.00108381
0.00108529
0.00108666
0.00108788
0.00100357
0.00100501
0.00100593
0.00100629
0.00100607
0.00100528
0.00100395
0.00100214
0.000999928
0.000997393
0.000994642
0.000991782
0.000988926
0.000986183
0.000983656
0.000981438
0.000979612
0.000978244
0.00097738
0.000977053
0.000977273
0.000978031
0.0009793
0.000981035
0.000983171
0.000985633
0.000988329
0.000991159
0.000994017
0.000996792
0.000999376
0.00100167
0.00078951
0.000791343
0.000792519
0.000792985
0.000792722
0.000791739
0.00079008
0.000787817
0.000785045
0.000781881
0.000778455
0.000774903
0.000771366
0.000767977
0.000764861
0.000762132
0.000759885
0.000758197
0.000757127
0.000756709
0.000756957
0.000757863
0.000759394
0.0007615
0.000764107
0.000767125
0.000770446
0.000773949
0.000777502
0.000780968
0.000784211
0.000787098
0.000367295
0.00036868
0.00036958
0.000369952
0.000369779
0.000369069
0.000367854
0.000366191
0.000364154
0.000361834
0.000359328
0.000356741
0.000354172
0.00035172
0.000349472
0.000347507
0.00034589
0.000344673
0.000343894
0.000343577
0.000343731
0.000344351
0.000345418
0.000346898
0.000348745
0.000350897
0.000353282
0.000355815
0.000358402
0.000360945
0.00036334
0.000365488
0.00108888
0.00108979
0.00109042
0.00109074
0.00109074
0.00109042
0.00108979
0.00108886
0.00108768
0.00108628
0.00108474
0.00108311
0.00108145
0.00107983
0.00107832
0.00107697
0.00107584
0.00107496
0.00107437
0.00107408
0.00107412
0.00107447
0.00107512
0.00107604
0.0010772
0.00107856
0.00108006
0.00108164
0.00108327
0.00108486
0.00108636
0.00108772
0.00100346
0.00100515
0.00100631
0.00100689
0.00100688
0.00100626
0.00100507
0.00100335
0.00100118
0.000998633
0.000995825
0.000992864
0.000989866
0.000986945
0.000984213
0.000981771
0.00097971
0.000978102
0.000977007
0.000976463
0.000976488
0.00097708
0.000978219
0.000979863
0.000981952
0.000984412
0.000987153
0.000990073
0.000993062
0.000996008
0.000998794
0.00100131
0.0007893
0.000791423
0.000792888
0.000793629
0.000793614
0.000792844
0.000791351
0.000789202
0.000786488
0.000783325
0.000779842
0.000776182
0.000772487
0.000768899
0.000765553
0.000762569
0.000760053
0.000758093
0.000756755
0.000756084
0.000756102
0.000756808
0.000758177
0.000760165
0.000762703
0.000765702
0.000769058
0.000772649
0.000776341
0.000779993
0.000783462
0.000786608
0.000367063
0.000368637
0.000369729
0.000370289
0.00037029
0.000369731
0.000368639
0.000367066
0.000365082
0.000362776
0.000360248
0.000357601
0.000354943
0.000352373
0.000349985
0.000347864
0.00034608
0.000344691
0.000343741
0.00034326
0.000343261
0.000343744
0.000344695
0.000346085
0.000347868
0.000349988
0.000352374
0.000354943
0.0003576
0.000360245
0.000362773
0.000365079
0.00108827
0.00108917
0.00108982
0.00109018
0.00109025
0.00109001
0.00108947
0.00108866
0.00108761
0.00108634
0.00108492
0.00108341
0.00108186
0.00108034
0.0010789
0.00107761
0.0010765
0.00107563
0.00107503
0.00107471
0.00107468
0.00107496
0.00107551
0.00107633
0.00107737
0.0010786
0.00107997
0.00108144
0.00108295
0.00108444
0.00108586
0.00108716
0.0010021
0.00100372
0.00100487
0.0010055
0.00100559
0.00100513
0.00100414
0.00100267
0.00100076
0.000998496
0.000995975
0.000993292
0.000990555
0.000987867
0.000985332
0.000983044
0.000981089
0.000979538
0.000978446
0.000977853
0.000977778
0.000978225
0.000979176
0.000980597
0.000982436
0.000984626
0.000987087
0.000989729
0.000992452
0.000995153
0.000997727
0.00100007
0.000787433
0.00078944
0.000790866
0.000791652
0.000791762
0.000791192
0.000789967
0.000788138
0.000785785
0.000783006
0.000779914
0.000776636
0.000773301
0.000770036
0.000766964
0.000764199
0.000761839
0.000759968
0.00075865
0.000757929
0.000757832
0.000758359
0.000759494
0.000761196
0.000763408
0.000766053
0.000769035
0.000772248
0.000775571
0.000778879
0.000782041
0.000784932
0.000365499
0.000366945
0.000367977
0.000368548
0.000368632
0.000368226
0.000367348
0.000366038
0.000364355
0.000362373
0.000360177
0.000357857
0.000355506
0.000353214
0.000351066
0.000349139
0.000347498
0.0003462
0.000345285
0.000344783
0.00034471
0.000345067
0.000345844
0.000347016
0.000348545
0.00035038
0.00035246
0.00035471
0.00035705
0.00035939
0.000361639
0.000363705
0.00108811
0.00108905
0.00108973
0.00109014
0.00109026
0.00109007
0.00108958
0.00108882
0.0010878
0.00108656
0.00108516
0.00108366
0.00108211
0.00108058
0.00107912
0.0010778
0.00107666
0.00107575
0.0010751
0.00107474
0.00107467
0.0010749
0.00107541
0.00107619
0.0010772
0.0010784
0.00107975
0.00108121
0.00108271
0.00108421
0.00108564
0.00108696
0.00100173
0.00100343
0.00100467
0.0010054
0.00100559
0.00100523
0.00100434
0.00100295
0.00100112
0.000998925
0.00099645
0.000993796
0.000991067
0.000988369
0.000985804
0.00098347
0.000981453
0.000979827
0.00097865
0.000977965
0.000977795
0.000978146
0.000979005
0.000980339
0.000982101
0.000984227
0.000986639
0.000989248
0.000991956
0.000994662
0.00099726
0.00099965
0.000786924
0.000789027
0.000790568
0.00079148
0.000791725
0.00079129
0.000790196
0.000788489
0.000786243
0.00078355
0.000780524
0.000777286
0.000773965
0.000770689
0.000767582
0.000764759
0.000762322
0.000760356
0.00075893
0.000758093
0.000757872
0.000758276
0.000759289
0.000760877
0.000762986
0.000765541
0.000768453
0.000771615
0.000774913
0.000778219
0.000781407
0.000784349
0.000365068
0.000366586
0.000367707
0.000368379
0.000368571
0.000368275
0.000367505
0.000366295
0.0003647
0.000362791
0.000360649
0.000358364
0.000356028
0.00035373
0.000351557
0.000349587
0.000347889
0.000346519
0.000345522
0.000344931
0.000344763
0.000345024
0.000345706
0.000346787
0.000348231
0.000349992
0.00035201
0.000354215
0.000356527
0.000358859
0.00036112
0.000363219
0.00108855
0.00108954
0.00109026
0.00109068
0.00109078
0.00109056
0.00109002
0.00108918
0.00108807
0.00108674
0.00108523
0.00108361
0.00108195
0.00108031
0.00107875
0.00107735
0.00107614
0.00107518
0.0010745
0.00107413
0.00107407
0.00107433
0.0010749
0.00107576
0.00107685
0.00107816
0.00107962
0.00108118
0.0010828
0.0010844
0.00108593
0.00108733
0.00100269
0.00100453
0.00100587
0.00100665
0.00100684
0.00100644
0.00100545
0.00100392
0.00100191
0.000999502
0.000996795
0.000993896
0.000990919
0.00098798
0.000985191
0.000982656
0.00098047
0.000978712
0.000977445
0.000976714
0.000976544
0.000976942
0.00097789
0.000979356
0.000981287
0.000983611
0.000986246
0.000989093
0.000992047
0.000994996
0.000997826
0.00100043
0.000788187
0.000790502
0.000792198
0.000793199
0.000793463
0.000792977
0.000791763
0.000789874
0.000787391
0.000784419
0.000781081
0.000777515
0.000773861
0.000770262
0.000766851
0.000763756
0.000761087
0.000758937
0.00075738
0.000756469
0.000756234
0.000756682
0.000757798
0.000759544
0.00076186
0.000764666
0.000767865
0.00077134
0.000774965
0.000778603
0.000782111
0.00078535
0.000366066
0.000367782
0.000369054
0.000369822
0.000370052
0.000369732
0.000368877
0.000367527
0.000365745
0.000363609
0.000361213
0.000358657
0.000356045
0.000353478
0.000351053
0.000348854
0.000346959
0.000345429
0.000344313
0.000343647
0.000343451
0.00034373
0.000344475
0.000345664
0.00034726
0.00034921
0.00035145
0.000353903
0.000356482
0.000359089
0.000361624
0.000363983
0.00108926
0.00109011
0.00109066
0.00109091
0.00109082
0.00109041
0.00108969
0.00108868
0.00108742
0.00108596
0.00108436
0.00108268
0.00108099
0.00107936
0.00107785
0.00107652
0.00107542
0.0010746
0.00107408
0.00107388
0.00107401
0.00107446
0.00107522
0.00107624
0.00107749
0.00107892
0.00108048
0.00108211
0.00108375
0.00108535
0.00108683
0.00108815
0.00100413
0.00100575
0.00100681
0.00100728
0.00100714
0.00100638
0.00100505
0.00100319
0.00100088
0.000998216
0.000995305
0.000992261
0.000989202
0.000986248
0.000983508
0.000981087
0.000979071
0.000977535
0.000976534
0.000976101
0.000976253
0.000976982
0.000978263
0.000980048
0.000982273
0.000984856
0.000987704
0.00099071
0.000993762
0.000996743
0.000999537
0.00100203
0.000790067
0.000792125
0.000793496
0.000794119
0.000793966
0.000793043
0.000791392
0.000789082
0.000786214
0.000782909
0.000779301
0.000775537
0.000771765
0.000768127
0.00076476
0.000761785
0.000759308
0.000757413
0.000756165
0.000755606
0.000755753
0.000756601
0.000758122
0.000760264
0.000762952
0.000766094
0.000769579
0.00077328
0.000777058
0.000780769
0.000784267
0.00078741
0.000367543
0.000369101
0.000370159
0.000370665
0.000370596
0.000369955
0.000368773
0.000367103
0.000365023
0.000362625
0.000360011
0.00035729
0.000354569
0.000351952
0.000349534
0.0003474
0.000345619
0.00034425
0.000343336
0.000342905
0.000342968
0.000343524
0.000344557
0.000346033
0.000347906
0.000350115
0.000352586
0.000355233
0.000357959
0.00036066
0.000363228
0.000365556
0.00108976
0.00109017
0.0010903
0.00109013
0.00108966
0.00108892
0.00108792
0.00108671
0.00108533
0.00108382
0.00108226
0.0010807
0.00107921
0.00107785
0.00107666
0.00107571
0.00107501
0.00107461
0.00107451
0.00107472
0.00107523
0.00107602
0.00107705
0.00107828
0.00107966
0.00108115
0.00108267
0.00108419
0.00108563
0.00108696
0.00108812
0.00108906
0.00100512
0.00100592
0.00100617
0.00100585
0.00100498
0.00100358
0.00100172
0.000999466
0.000996915
0.000994165
0.000991325
0.000988505
0.000985813
0.000983352
0.000981212
0.000979473
0.000978199
0.000977434
0.000977207
0.000977524
0.000978374
0.000979726
0.00098153
0.000983719
0.000986213
0.00098892
0.000991737
0.000994558
0.000997276
0.000999783
0.00100198
0.00100378
0.000791341
0.000792379
0.000792714
0.000792332
0.000791248
0.000789508
0.000787188
0.000784383
0.000781212
0.000777803
0.000774291
0.000770813
0.000767502
0.00076448
0.000761856
0.000759723
0.000758155
0.000757206
0.000756907
0.000757268
0.000758277
0.000759898
0.000762075
0.000764733
0.000767778
0.000771099
0.000774574
0.000778072
0.000781458
0.000784599
0.000787366
0.000789646
0.000368558
0.000369355
0.000369633
0.00036938
0.000368607
0.000367348
0.000365661
0.000363622
0.000361319
0.000358848
0.000356311
0.000353806
0.000351428
0.000349262
0.000347383
0.000345855
0.000344726
0.000344033
0.000343796
0.000344023
0.000344707
0.000345825
0.000347343
0.00034921
0.000351364
0.000353732
0.000356227
0.000358758
0.000361226
0.000363532
0.000365579
0.00036728
0.00108955
0.00108935
0.00108889
0.00108819
0.00108727
0.00108617
0.00108492
0.00108358
0.00108219
0.00108081
0.00107947
0.00107826
0.0010772
0.00107634
0.00107573
0.00107538
0.00107531
0.00107552
0.001076
0.00107674
0.0010777
0.00107884
0.00108013
0.0010815
0.00108291
0.00108428
0.00108559
0.00108676
0.00108778
0.00108859
0.00108916
0.00108949
0.00100472
0.00100431
0.00100342
0.00100206
0.0010003
0.000998215
0.000995877
0.000993381
0.000990824
0.000988303
0.000985916
0.000983752
0.000981893
0.000980407
0.00097935
0.00097876
0.00097866
0.000979052
0.000979922
0.00098124
0.000982955
0.000985005
0.000987313
0.000989792
0.000992347
0.000994881
0.000997295
0.000999495
0.0010014
0.00100292
0.00100401
0.00100462
0.000790822
0.000790299
0.000789158
0.000787448
0.000785239
0.000782624
0.00077971
0.000776612
0.000773452
0.000770353
0.000767431
0.000764794
0.000762539
0.000760745
0.000759477
0.000758777
0.00075867
0.000759161
0.000760231
0.000761843
0.000763942
0.000766452
0.000769282
0.000772329
0.000775479
0.000778612
0.000781604
0.000784339
0.000786704
0.000788602
0.000789955
0.000790706
0.000368185
0.000367782
0.000366925
0.000365655
0.000364026
0.000362109
0.000359986
0.000357742
0.000355468
0.000353251
0.000351173
0.00034931
0.000347725
0.000346474
0.000345596
0.00034512
0.000345062
0.000345423
0.000346192
0.000347344
0.00034884
0.000350631
0.000352655
0.000354839
0.000357104
0.000359363
0.000361528
0.00036351
0.000365226
0.000366604
0.000367582
0.000368118
0.00108852
0.0010878
0.00108689
0.00108581
0.00108462
0.00108334
0.00108203
0.00108074
0.00107951
0.00107838
0.0010774
0.00107661
0.00107604
0.00107573
0.00107567
0.00107589
0.00107637
0.00107709
0.00107802
0.00107913
0.00108038
0.00108172
0.00108308
0.00108442
0.00108567
0.0010868
0.00108775
0.00108849
0.001089
0.00108926
0.00108926
0.00108901
0.00100264
0.00100122
0.000999433
0.000997349
0.000995052
0.000992631
0.00099018
0.000987791
0.000985554
0.000983553
0.000981862
0.000980544
0.000979647
0.000979206
0.000979237
0.000979739
0.000980696
0.000982071
0.000983816
0.000985866
0.000988143
0.000990562
0.00099303
0.000995451
0.00099773
0.000999777
0.00100151
0.00100286
0.00100378
0.00100422
0.00100418
0.00100364
0.000788108
0.000786272
0.000783988
0.000781348
0.00077846
0.000775439
0.000772401
0.000769463
0.000766734
0.000764313
0.000762288
0.000760731
0.000759697
0.000759221
0.000759321
0.000759994
0.000761217
0.000762948
0.000765125
0.000767671
0.000770493
0.000773488
0.000776541
0.000779534
0.000782351
0.000784877
0.000787009
0.00078866
0.00078976
0.000790262
0.000790146
0.000789418
0.000366065
0.000364649
0.000362917
0.000360943
0.000358811
0.000356606
0.000354413
0.000352316
0.00035039
0.000348704
0.000347315
0.000346271
0.000345604
0.000345337
0.000345478
0.000346024
0.000346957
0.000348246
0.00034985
0.000351713
0.00035377
0.000355946
0.000358161
0.000360328
0.00036236
0.000364173
0.00036569
0.000366846
0.000367588
0.000367884
0.00036772
0.000367105
0.00108734
0.00108655
0.00108562
0.00108457
0.00108345
0.00108229
0.00108115
0.00108005
0.00107904
0.00107815
0.00107742
0.00107688
0.00107655
0.00107646
0.0010766
0.00107698
0.00107758
0.00107838
0.00107934
0.00108044
0.00108162
0.00108284
0.00108405
0.00108519
0.00108622
0.0010871
0.00108779
0.00108827
0.00108853
0.00108857
0.00108837
0.00108796
0.00100021
0.000998646
0.000996813
0.000994788
0.000992651
0.000990482
0.000988364
0.000986376
0.000984592
0.000983078
0.000981891
0.000981075
0.00098066
0.000980663
0.000981085
0.000981911
0.000983111
0.000984642
0.000986446
0.000988457
0.000990598
0.000992786
0.000994936
0.000996965
0.000998791
0.00100034
0.00100156
0.00100239
0.0010028
0.00100278
0.00100232
0.00100146
0.000784898
0.000782877
0.000780543
0.00077799
0.000775319
0.000772634
0.000770036
0.000767623
0.000765482
0.00076369
0.000762313
0.000761398
0.000760979
0.00076107
0.000761669
0.000762756
0.000764293
0.000766226
0.000768484
0.000770987
0.000773639
0.000776342
0.00077899
0.000781478
0.000783708
0.000785588
0.00078704
0.000788005
0.000788443
0.000788334
0.000787685
0.000786523
0.000363508
0.000361955
0.000360196
0.000358304
0.000356354
0.000354422
0.00035258
0.000350896
0.000349428
0.000348228
0.000347335
0.00034678
0.000346582
0.000346746
0.000347269
0.000348132
0.000349309
0.000350758
0.000352431
0.000354268
0.000356201
0.000358158
0.000360063
0.000361838
0.000363411
0.000364715
0.000365693
0.000366304
0.000366519
0.00036633
0.000365745
0.00036479
0.0010872
0.00108682
0.00108629
0.00108562
0.00108483
0.00108396
0.00108304
0.00108208
0.00108114
0.00108024
0.00107941
0.00107871
0.00107815
0.00107776
0.00107757
0.00107757
0.00107777
0.00107816
0.00107873
0.00107945
0.0010803
0.00108123
0.00108222
0.00108321
0.00108416
0.00108504
0.00108582
0.00108646
0.00108696
0.00108729
0.00108744
0.00108741
0.000999848
0.000999097
0.000998063
0.000996785
0.000995313
0.000993705
0.00099202
0.000990324
0.000988681
0.000987153
0.000985798
0.000984669
0.000983807
0.000983248
0.000983011
0.000983106
0.000983531
0.000984269
0.000985293
0.000986564
0.000988035
0.000989647
0.00099134
0.000993048
0.000994704
0.000996244
0.000997607
0.000998743
0.000999605
0.00100016
0.00100039
0.00100029
0.000784362
0.0007834
0.000782098
0.000780507
0.000778692
0.000776723
0.000774677
0.000772633
0.000770668
0.000768857
0.000767267
0.000765957
0.000764975
0.000764358
0.000764129
0.000764296
0.000764853
0.00076578
0.000767045
0.000768599
0.000770386
0.000772338
0.000774382
0.000776439
0.00077843
0.000780276
0.000781904
0.00078325
0.00078426
0.000784893
0.000785125
0.000784945
0.000363031
0.000362299
0.000361337
0.000360185
0.00035889
0.000357504
0.000356081
0.000354676
0.000353341
0.000352126
0.000351076
0.000350227
0.000349611
0.000349249
0.000349155
0.000349331
0.000349771
0.000350462
0.000351377
0.000352486
0.000353747
0.000355114
0.000356536
0.000357958
0.000359325
0.000360582
0.000361678
0.00036257
0.00036322
0.0003636
0.000363696
0.000363504
0.0010884
0.00108864
0.00108864
0.00108841
0.00108796
0.0010873
0.00108645
0.00108545
0.00108431
0.0010831
0.00108186
0.00108063
0.00107948
0.00107845
0.00107758
0.00107691
0.00107646
0.00107625
0.00107629
0.00107658
0.00107709
0.00107781
0.00107871
0.00107975
0.00108089
0.00108207
0.00108326
0.00108442
0.0010855
0.00108648
0.0010873
0.00108796
0.00100226
0.00100272
0.00100276
0.00100237
0.00100157
0.00100037
0.000998843
0.000997035
0.000995022
0.000992881
0.000990698
0.000988557
0.00098654
0.000984726
0.000983181
0.000981964
0.00098112
0.000980679
0.000980657
0.000981054
0.000981853
0.000983026
0.000984528
0.000986302
0.000988282
0.000990394
0.000992558
0.000994693
0.000996717
0.000998552
0.00100013
0.00100138
0.000787462
0.000788085
0.000788178
0.000787735
0.000786775
0.000785338
0.000783481
0.000781283
0.000778832
0.000776226
0.00077357
0.000770965
0.000768511
0.0007663
0.000764413
0.000762918
0.000761867
0.000761297
0.000761227
0.000761659
0.000762576
0.000763946
0.000765719
0.000767832
0.000770209
0.000772762
0.000775395
0.000778011
0.000780507
0.000782786
0.000784756
0.000786336
0.000365398
0.000365901
0.000366026
0.000365766
0.000365132
0.000364152
0.000362868
0.000361335
0.000359618
0.000357787
0.000355916
0.000354079
0.000352344
0.000350775
0.000349429
0.00034835
0.000347577
0.000347133
0.000347033
0.00034728
0.000347865
0.000348768
0.000349958
0.000351394
0.000353027
0.000354799
0.000356644
0.000358495
0.000360278
0.000361925
0.000363366
0.000364541
0.00109024
0.00109083
0.00109111
0.00109105
0.00109067
0.00108997
0.00108897
0.00108771
0.00108624
0.00108461
0.00108288
0.00108113
0.00107943
0.00107785
0.00107646
0.0010753
0.00107442
0.00107385
0.00107363
0.00107374
0.00107419
0.00107495
0.001076
0.00107728
0.00107875
0.00108035
0.00108201
0.00108369
0.00108532
0.00108685
0.00108821
0.00108935
0.00100591
0.00100712
0.00100772
0.0010077
0.00100704
0.00100578
0.00100397
0.00100168
0.000998999
0.000996043
0.000992926
0.000989771
0.0009867
0.000983829
0.000981266
0.000979105
0.000977425
0.000976285
0.000975727
0.000975769
0.000976408
0.000977622
0.000979365
0.000981574
0.000984169
0.000987053
0.000990122
0.00099326
0.000996348
0.000999266
0.0010019
0.00100414
0.00079217
0.000793769
0.00079461
0.000794655
0.000793902
0.000792382
0.000790163
0.000787341
0.000784034
0.000780382
0.000776532
0.000772636
0.000768844
0.000765298
0.000762127
0.000759443
0.000757338
0.000755885
0.00075513
0.0007551
0.000755793
0.000757187
0.000759235
0.000761866
0.00076499
0.000768497
0.00077226
0.000776142
0.000779993
0.000783664
0.000787007
0.000789883
0.000368982
0.000370265
0.000370993
0.000371133
0.000370676
0.000369645
0.000368088
0.000366077
0.000363702
0.000361069
0.000358287
0.000355469
0.000352723
0.000350151
0.000347842
0.000345875
0.000344314
0.000343206
0.000342586
0.000342473
0.000342868
0.00034376
0.000345122
0.000346911
0.00034907
0.000351529
0.000354202
0.000356995
0.000359802
0.000362513
0.000365016
0.000367205
0.00109211
0.00109252
0.00109254
0.00109217
0.00109142
0.00109033
0.00108892
0.00108725
0.00108539
0.00108339
0.00108134
0.00107933
0.00107744
0.00107574
0.0010743
0.00107317
0.00107241
0.00107203
0.00107206
0.00107248
0.00107328
0.00107444
0.00107589
0.00107758
0.00107944
0.0010814
0.00108339
0.00108534
0.00108717
0.00108882
0.00109023
0.00109134
0.00100954
0.00101038
0.00101047
0.00100983
0.00100847
0.00100644
0.00100385
0.00100078
0.000997369
0.000993746
0.000990054
0.000986437
0.000983032
0.000979967
0.000977352
0.000975284
0.000973836
0.000973058
0.000972978
0.000973598
0.000974896
0.000976825
0.000979316
0.000982279
0.000985605
0.000989172
0.000992845
0.000996486
0.000999954
0.00100311
0.00100583
0.00100801
0.000796815
0.000797929
0.000798111
0.000797353
0.00079569
0.000793195
0.000789977
0.000786176
0.000781951
0.000777475
0.000772926
0.000768479
0.0007643
0.00076054
0.000757331
0.000754783
0.000752981
0.000751983
0.000751823
0.000752506
0.000754009
0.000756282
0.000759251
0.000762813
0.000766847
0.000771207
0.000775733
0.000780254
0.000784593
0.000788575
0.000792033
0.000794821
0.000372477
0.000373386
0.000373606
0.000373127
0.000371971
0.000370196
0.000367885
0.000365144
0.000362096
0.000358871
0.000355598
0.000352406
0.000349409
0.000346714
0.000344408
0.000342566
0.000341243
0.000340479
0.000340296
0.000340698
0.000341675
0.000343197
0.00034522
0.00034768
0.000350498
0.00035358
0.000356816
0.000360086
0.00036326
0.000366208
0.000368802
0.000370925
0.00109369
0.00109347
0.00109284
0.0010918
0.0010904
0.00108868
0.00108672
0.00108459
0.00108235
0.0010801
0.00107792
0.00107591
0.00107414
0.00107269
0.00107161
0.00107094
0.00107072
0.00107094
0.00107161
0.00107269
0.00107414
0.00107591
0.00107792
0.00108009
0.00108233
0.00108456
0.0010867
0.00108866
0.00109037
0.00109178
0.00109282
0.00109347
0.00101263
0.0010122
0.00101095
0.00100895
0.00100628
0.00100304
0.000999364
0.000995404
0.000991315
0.000987254
0.000983374
0.000979822
0.000976726
0.0009742
0.000972333
0.00097119
0.000970813
0.000971214
0.00097238
0.00097427
0.000976818
0.000979932
0.0009835
0.000987392
0.00099146
0.00099555
0.000999505
0.00100317
0.00100639
0.00100904
0.00101102
0.00101223
0.000800787
0.000800226
0.000798641
0.000796103
0.000792726
0.000788659
0.000784074
0.000779162
0.00077412
0.000769144
0.000764418
0.000760114
0.000756382
0.00075335
0.000751117
0.000749757
0.000749313
0.000749801
0.000751204
0.00075348
0.000756553
0.000760323
0.00076466
0.000769413
0.000774409
0.000779458
0.000784365
0.000788931
0.000792965
0.000796296
0.000798777
0.000800296
0.000375503
0.00037507
0.00037388
0.00037199
0.000369494
0.000366509
0.000363169
0.000359619
0.000356004
0.000352464
0.000349129
0.000346114
0.000343517
0.000341419
0.000339884
0.000338956
0.000338661
0.000339009
0.000339989
0.000341575
0.000343722
0.000346364
0.000349419
0.000352787
0.000356349
0.000359973
0.000363518
0.000366836
0.000369782
0.000372223
0.000374044
0.000375155
0.00109456
0.00109381
0.00109263
0.00109106
0.00108915
0.00108697
0.00108462
0.00108216
0.0010797
0.00107732
0.00107512
0.00107319
0.0010716
0.00107042
0.0010697
0.00106946
0.00106971
0.00107045
0.00107165
0.00107326
0.00107522
0.00107745
0.00107987
0.00108237
0.00108486
0.00108723
0.0010894
0.00109128
0.00109282
0.00109395
0.00109462
0.00109483
0.00101442
0.00101288
0.00101051
0.00100741
0.0010037
0.000999536
0.000995086
0.000990523
0.000986023
0.000981756
0.000977877
0.000974529
0.000971831
0.000969877
0.000968735
0.000968447
0.000969022
0.00097044
0.000972654
0.000975588
0.000979137
0.000983174
0.000987552
0.000992106
0.000996664
0.00100105
0.00100508
0.00100859
0.00101145
0.00101354
0.00101475
0.00101505
0.000803125
0.000801092
0.000798008
0.000794015
0.000789289
0.000784035
0.000778469
0.000772816
0.000767291
0.000762099
0.000757423
0.000753422
0.00075023
0.00074795
0.000746653
0.00074638
0.00074714
0.000748911
0.000751638
0.000755235
0.000759584
0.00076454
0.00076993
0.000775557
0.000781209
0.000786663
0.000791695
0.000796092
0.00079966
0.00080224
0.000803714
0.000804013
0.000377328
0.000375698
0.0003733
0.000370251
0.000366698
0.000362803
0.000358733
0.000354653
0.000350718
0.000347067
0.000343821
0.000341082
0.00033893
0.000337426
0.000336612
0.000336509
0.000337121
0.000338431
0.000340406
0.000342991
0.00034611
0.000349668
0.000353547
0.000357613
0.000361712
0.00036568
0.000369349
0.000372552
0.000375139
0.000376981
0.000377987
0.000378104
0.00109439
0.0010937
0.00109258
0.00109107
0.00108922
0.00108711
0.00108481
0.00108241
0.00107999
0.00107764
0.00107545
0.00107353
0.00107193
0.00107073
0.00106998
0.00106971
0.00106992
0.00107061
0.00107176
0.00107331
0.00107522
0.00107739
0.00107976
0.00108221
0.00108465
0.00108699
0.00108913
0.001091
0.00109254
0.00109368
0.00109438
0.00109462
0.001014
0.00101256
0.0010103
0.00100731
0.00100371
0.000999669
0.00099533
0.000990869
0.000986457
0.00098226
0.000978433
0.000975116
0.000972428
0.000970463
0.000969291
0.000968953
0.000969461
0.000970798
0.000972918
0.000975747
0.000979187
0.000983112
0.00098738
0.000991829
0.000996292
0.00100059
0.00100456
0.00100804
0.00101088
0.00101296
0.00101421
0.00101456
0.000802507
0.000800585
0.000797634
0.000793787
0.000789214
0.000784112
0.000778693
0.000773174
0.000767766
0.00076267
0.000758067
0.000754115
0.000750946
0.000748662
0.000747337
0.000747013
0.0007477
0.000749378
0.000751995
0.000755467
0.000759682
0.000764497
0.000769744
0.000775232
0.000780754
0.000786092
0.000791029
0.000795356
0.000798883
0.000801455
0.000802952
0.000803308
0.000376777
0.000375228
0.000372928
0.000369991
0.000366557
0.000362782
0.000358829
0.000354856
0.000351016
0.000347445
0.000344263
0.000341569
0.000339444
0.000337949
0.000337126
0.000336997
0.000337566
0.000338818
0.00034072
0.000343219
0.000346242
0.000349694
0.000353464
0.000357417
0.000361407
0.000365274
0.000368853
0.000371984
0.000374521
0.000376339
0.000377348
0.000377496
0.00109349
0.00109344
0.00109298
0.00109212
0.00109088
0.00108931
0.00108747
0.00108542
0.00108324
0.00108101
0.00107882
0.00107676
0.00107491
0.00107336
0.00107215
0.00107134
0.00107097
0.00107104
0.00107155
0.00107248
0.00107379
0.00107543
0.00107733
0.00107941
0.00108159
0.00108379
0.00108592
0.0010879
0.00108967
0.00109117
0.00109233
0.00109311
0.00101195
0.00101181
0.00101088
0.0010092
0.00100683
0.00100387
0.00100045
0.00099669
0.000992754
0.000988789
0.000984948
0.000981375
0.000978204
0.000975549
0.000973508
0.000972151
0.000971528
0.00097166
0.000972543
0.000974144
0.000976407
0.000979252
0.000982574
0.000986253
0.00099015
0.000994118
0.000998005
0.00100166
0.00100494
0.00100771
0.00100985
0.00101129
0.000799668
0.000799467
0.000798272
0.000796137
0.000793158
0.000789464
0.000785213
0.000780583
0.00077576
0.000770934
0.000766288
0.000761992
0.0007582
0.000755042
0.000752624
0.000751029
0.000750306
0.000750481
0.000751547
0.000753471
0.00075619
0.000759613
0.000763623
0.00076808
0.000772823
0.000777675
0.000782449
0.000786955
0.000791008
0.000794438
0.000797096
0.000798866
0.00037439
0.000374212
0.000373312
0.000371732
0.00036955
0.000366868
0.000363806
0.000360499
0.000357083
0.000353693
0.000350455
0.000347484
0.00034488
0.000342728
0.000341094
0.000340026
0.000339556
0.000339698
0.000340448
0.000341785
0.00034367
0.000346046
0.000348838
0.000351954
0.000355286
0.000358712
0.0003621
0.000365312
0.000368212
0.000370671
0.000372575
0.000373835
0.00109296
0.00109367
0.00109395
0.00109379
0.00109319
0.00109217
0.00109076
0.00108902
0.001087
0.00108478
0.00108246
0.00108013
0.00107788
0.00107581
0.00107401
0.00107253
0.00107144
0.00107077
0.00107056
0.0010708
0.00107149
0.00107259
0.00107405
0.00107583
0.00107783
0.00107999
0.00108223
0.00108447
0.00108662
0.00108862
0.00109039
0.00109185
0.00101076
0.00101214
0.00101271
0.00101245
0.00101136
0.0010095
0.00100694
0.00100379
0.00100017
0.000996229
0.00099213
0.00098803
0.000984087
0.000980451
0.000977253
0.000974612
0.000972619
0.000971346
0.000970835
0.000971103
0.00097214
0.000973908
0.000976344
0.000979361
0.00098285
0.000986684
0.000990722
0.000994814
0.000998803
0.00100253
0.00100586
0.00100864
0.000798004
0.000799787
0.000800565
0.0008003
0.000799004
0.000796736
0.000793596
0.000789723
0.000785283
0.000780464
0.000775461
0.000770471
0.000765684
0.000761276
0.000757402
0.000754196
0.000751765
0.000750187
0.000749513
0.000749764
0.00075093
0.000752973
0.000755826
0.000759395
0.000763559
0.000768174
0.000773073
0.000778077
0.000782993
0.000787626
0.000791787
0.000795297
0.000372948
0.000374335
0.000374997
0.000374899
0.000374046
0.00037248
0.000370277
0.000367542
0.000364399
0.000360989
0.000357454
0.000353935
0.000350566
0.000347467
0.000344741
0.000342477
0.000340744
0.000339593
0.000339055
0.000339146
0.000339863
0.000341184
0.000343071
0.000345467
0.000348299
0.000351474
0.000354886
0.000358411
0.000361916
0.000365259
0.0003683
0.000370904
0.0010938
0.00109487
0.00109547
0.00109555
0.00109513
0.0010942
0.0010928
0.00109098
0.0010888
0.00108635
0.00108374
0.00108106
0.00107842
0.00107595
0.00107372
0.00107183
0.00107035
0.00106934
0.00106882
0.00106882
0.00106934
0.00107035
0.0010718
0.00107364
0.00107579
0.00107817
0.00108069
0.00108327
0.00108581
0.00108822
0.00109041
0.00109229
0.00101248
0.00101455
0.00101573
0.00101594
0.00101519
0.0010135
0.00101095
0.00100764
0.00100371
0.000999325
0.000994664
0.00098991
0.000985247
0.000980853
0.000976888
0.000973497
0.000970799
0.000968887
0.000967826
0.000967651
0.000968367
0.000969949
0.00097234
0.000975457
0.00097919
0.000983407
0.000987956
0.000992669
0.000997367
0.00100187
0.001006
0.00100958
0.000800233
0.000802923
0.00080448
0.00080483
0.000803956
0.000801899
0.000798755
0.000794668
0.000789819
0.00078442
0.000778697
0.000772879
0.000767192
0.000761846
0.000757031
0.000752911
0.000749623
0.000747271
0.000745928
0.000745636
0.000746402
0.000748203
0.000750981
0.000754648
0.000759087
0.000764148
0.000769658
0.000775418
0.000781212
0.000786814
0.000791995
0.000796534
0.000374632
0.000376717
0.00037798
0.000378357
0.000377826
0.000376417
0.000374201
0.000371289
0.000367824
0.000363965
0.000359882
0.000355744
0.000351711
0.00034793
0.000344529
0.000341615
0.000339276
0.000337579
0.00033657
0.000336275
0.000336702
0.000337838
0.000339654
0.000342098
0.000345102
0.000348575
0.000352405
0.000356461
0.000360597
0.00036465
0.00036845
0.00037183
0.00109597
0.00109692
0.00109731
0.00109711
0.00109633
0.001095
0.00109315
0.00109087
0.00108824
0.00108535
0.00108232
0.00107928
0.00107636
0.00107366
0.00107129
0.00106935
0.0010679
0.00106701
0.0010667
0.00106697
0.00106783
0.00106922
0.0010711
0.00107339
0.00107599
0.00107882
0.00108175
0.0010847
0.00108755
0.0010902
0.00109254
0.00109449
0.00101696
0.00101876
0.00101947
0.00101907
0.00101757
0.00101504
0.00101158
0.00100735
0.00100252
0.000997286
0.000991863
0.000986461
0.000981287
0.000976532
0.000972368
0.00096894
0.000966367
0.000964736
0.000964101
0.000964481
0.000965865
0.000968203
0.000971417
0.000975395
0.000979998
0.000985063
0.000990405
0.000995825
0.00100111
0.00100606
0.00101047
0.00101416
0.000806164
0.000808472
0.000809405
0.000808919
0.000807038
0.000803851
0.000799511
0.000794218
0.000788207
0.000781736
0.000775072
0.000768476
0.000762193
0.000756449
0.000751438
0.000747323
0.000744234
0.000742265
0.000741474
0.000741886
0.000743488
0.000746232
0.000750034
0.000754777
0.000760308
0.000766441
0.000772962
0.000779632
0.000786192
0.000792378
0.000797927
0.000802594
0.000379313
0.000381072
0.000381813
0.000381494
0.000380133
0.000377805
0.000374632
0.000370774
0.000366418
0.000361761
0.000357002
0.000352327
0.000347907
0.000343892
0.000340407
0.000337555
0.000335414
0.000334039
0.000333465
0.000333707
0.000334758
0.000336593
0.000339165
0.000342404
0.000346219
0.000350493
0.000355088
0.000359839
0.000364565
0.000369071
0.000373156
0.000376627
0.00109829
0.00109894
0.00109895
0.00109829
0.001097
0.00109513
0.00109274
0.00108992
0.00108677
0.00108343
0.00108003
0.00107669
0.00107356
0.00107076
0.00106839
0.00106655
0.00106531
0.0010647
0.00106476
0.00106547
0.00106681
0.00106873
0.00107114
0.00107395
0.00107706
0.00108034
0.00108367
0.00108694
0.00109001
0.00109278
0.00109514
0.001097
0.00102177
0.00102295
0.00102288
0.00102154
0.001019
0.00101538
0.00101082
0.00100552
0.000999716
0.000993627
0.000987499
0.000981566
0.000976048
0.000971145
0.000967027
0.000963835
0.000961675
0.000960619
0.000960701
0.000961916
0.000964225
0.000967551
0.000971781
0.000976771
0.000982345
0.000988304
0.000994427
0.00100048
0.00100623
0.00101143
0.00101588
0.00101937
0.000812574
0.000814068
0.000813942
0.000812201
0.000808932
0.000804296
0.000798513
0.000791849
0.000784597
0.000777062
0.000769544
0.000762326
0.000755665
0.000749788
0.000744882
0.000741099
0.00073855
0.000737309
0.000737413
0.000738857
0.000741601
0.000745565
0.000750631
0.000756643
0.000763405
0.000770687
0.000778228
0.000785741
0.000792924
0.000799472
0.000805096
0.000809534
0.00038443
0.000385535
0.000385414
0.000384073
0.00038159
0.0003781
0.000373789
0.000368874
0.000363584
0.000358152
0.000352795
0.00034771
0.000343068
0.000339011
0.000335654
0.000333086
0.000331368
0.000330543
0.000330628
0.000331623
0.000333504
0.000336228
0.000339726
0.000343906
0.000348648
0.000353803
0.000359196
0.000364623
0.000369863
0.000374683
0.000378853
0.000382161
0.00109954
0.00109999
0.00109974
0.0010988
0.0010972
0.001095
0.00109229
0.00108916
0.00108574
0.00108216
0.00107855
0.00107508
0.00107187
0.00106904
0.00106672
0.00106497
0.00106388
0.00106348
0.00106377
0.00106476
0.0010664
0.00106863
0.00107135
0.00107446
0.00107785
0.00108137
0.00108491
0.00108833
0.0010915
0.00109431
0.00109664
0.00109841
0.00102433
0.00102512
0.00102455
0.00102265
0.00101951
0.00101526
0.00101009
0.00100422
0.000997886
0.000991354
0.000984875
0.000978694
0.000973037
0.000968105
0.000964066
0.000961056
0.000959174
0.000958481
0.000958997
0.000960708
0.000963555
0.000967445
0.000972248
0.000977798
0.000983902
0.000990338
0.000996865
0.00100323
0.00100919
0.00101448
0.00101889
0.00102222
0.000815976
0.000816959
0.000816193
0.000813719
0.000809659
0.000804213
0.000797641
0.000790243
0.000782343
0.000774267
0.000766332
0.000758829
0.000752018
0.000746124
0.00074133
0.000737778
0.00073557
0.000734768
0.000735394
0.000737431
0.000740822
0.00074547
0.000751236
0.000757943
0.000765372
0.000773267
0.000781341
0.000789279
0.000796756
0.000803448
0.000809049
0.000813294
0.000387116
0.000387831
0.000387213
0.000385299
0.000382198
0.000378083
0.000373172
0.000367709
0.000361948
0.000356133
0.000350491
0.000345221
0.000340492
0.000336441
0.000333177
0.00033078
0.000329305
0.000328785
0.000329232
0.000330635
0.000332965
0.000336167
0.000340162
0.000344846
0.000350082
0.000355705
0.000361516
0.000367291
0.000372786
0.000377747
0.000381929
0.000385111
0.00109944
0.00109979
0.00109945
0.00109843
0.00109677
0.00109452
0.00109178
0.00108865
0.00108525
0.0010817
0.00107816
0.00107475
0.00107163
0.0010689
0.00106668
0.00106504
0.00106405
0.00106374
0.00106413
0.00106519
0.00106689
0.00106915
0.0010719
0.00107502
0.00107838
0.00108188
0.00108536
0.00108871
0.0010918
0.00109451
0.00109674
0.00109841
0.00102397
0.0010246
0.00102388
0.00102187
0.00101864
0.00101434
0.00100917
0.00100332
0.000997057
0.000990621
0.000984265
0.000978229
0.000972733
0.00096797
0.000964105
0.000961267
0.000959548
0.000959005
0.000959653
0.000961473
0.000964403
0.000968347
0.000973171
0.00097871
0.000984769
0.000991126
0.000997544
0.00100377
0.00100957
0.00101468
0.00101891
0.00102205
0.000815418
0.000816198
0.000815263
0.000812661
0.000808519
0.000803042
0.000796488
0.000789154
0.000781358
0.000773422
0.000765654
0.000758338
0.000751727
0.000746038
0.000741448
0.000738092
0.000736069
0.000735433
0.000736204
0.000738358
0.000741835
0.000746535
0.000752318
0.000759001
0.000766367
0.000774159
0.00078209
0.000789852
0.000797125
0.00080359
0.000808954
0.000812962
0.000386571
0.000387149
0.000386426
0.000384444
0.000381315
0.00037721
0.000372346
0.000366962
0.000361304
0.000355613
0.000350107
0.000344979
0.000340394
0.000336484
0.000333355
0.000331082
0.000329721
0.000329299
0.000329828
0.000331295
0.000333667
0.000336889
0.00034088
0.000345533
0.000350711
0.000356248
0.000361946
0.000367583
0.000372921
0.000377711
0.000381716
0.000384725
0.00109845
0.00109873
0.00109837
0.00109737
0.00109578
0.00109365
0.00109106
0.00108811
0.00108491
0.00108159
0.00107828
0.00107511
0.00107221
0.00106969
0.00106764
0.00106615
0.00106527
0.00106503
0.00106544
0.00106648
0.00106812
0.00107028
0.00107287
0.00107581
0.00107897
0.00108224
0.00108549
0.00108861
0.00109147
0.00109397
0.00109602
0.00109753
0.00102176
0.00102226
0.00102153
0.00101959
0.00101654
0.00101251
0.00100766
0.00100221
0.000996382
0.000990401
0.000984503
0.000978912
0.00097383
0.00096944
0.000965892
0.000963307
0.00096177
0.000961332
0.000962005
0.000963768
0.000966561
0.000970291
0.000974831
0.000980022
0.000985681
0.000991599
0.000997556
0.00100332
0.00100866
0.00101335
0.00101721
0.00102005
0.00081238
0.000813012
0.000812069
0.000809597
0.000805717
0.000800614
0.000794526
0.000787725
0.000780505
0.00077316
0.000765974
0.000759212
0.000753108
0.000747866
0.00074365
0.000740589
0.000738772
0.000738251
0.00073904
0.000741118
0.000744424
0.000748859
0.000754288
0.000760538
0.0007674
0.000774634
0.000781972
0.000789127
0.000795804
0.000801714
0.00080659
0.000810203
0.000384054
0.000384531
0.000383825
0.000381977
0.000379088
0.000375314
0.000370846
0.000365902
0.000360704
0.000355471
0.000350404
0.000345682
0.000341458
0.000337859
0.000334982
0.000332903
0.000331672
0.000331317
0.000331847
0.00033325
0.000335492
0.000338517
0.000342248
0.000346579
0.00035138
0.000356493
0.000361733
0.000366896
0.000371763
0.000376111
0.000379726
0.000382422
0.00109738
0.00109758
0.00109717
0.00109619
0.00109466
0.00109263
0.0010902
0.00108744
0.00108446
0.00108139
0.00107833
0.00107542
0.00107277
0.00107048
0.00106864
0.00106732
0.00106657
0.00106642
0.00106687
0.0010679
0.00106948
0.00107153
0.00107398
0.00107672
0.00107967
0.00108269
0.00108569
0.00108855
0.00109117
0.00109343
0.00109527
0.00109661
0.00101949
0.00101982
0.00101902
0.00101712
0.00101421
0.00101042
0.0010059
0.00100084
0.000995448
0.000989942
0.000984531
0.000979421
0.000974798
0.000970827
0.000967647
0.000965366
0.000964061
0.000963773
0.000964513
0.000966256
0.000968941
0.000972479
0.000976746
0.000981593
0.000986845
0.000992309
0.00099778
0.00100304
0.00100789
0.00101212
0.00101555
0.00101805
0.000809324
0.000809736
0.000808715
0.00080631
0.000802636
0.000797866
0.000792217
0.000785939
0.000779297
0.00077256
0.000765989
0.000759824
0.000754281
0.000749546
0.000745769
0.000743068
0.000741523
0.00074118
0.000742048
0.000744103
0.000747281
0.000751487
0.000756589
0.00076242
0.000768782
0.00077545
0.000782173
0.000788687
0.000794724
0.000800024
0.000804349
0.000807499
0.00038161
0.000381919
0.000381163
0.000379383
0.000376676
0.000373181
0.000369073
0.000364545
0.000359798
0.000355028
0.000350418
0.000346131
0.000342308
0.000339064
0.000336491
0.000334658
0.000333611
0.000333376
0.00033396
0.000335346
0.000337502
0.000340369
0.000343872
0.000347906
0.000352346
0.000357043
0.000361824
0.000366501
0.000370874
0.000374745
0.000377925
0.000380255
0.0010967
0.0010968
0.00109633
0.00109533
0.00109381
0.00109183
0.00108948
0.00108683
0.001084
0.00108108
0.0010782
0.00107547
0.00107301
0.00107089
0.00106922
0.00106805
0.00106742
0.00106735
0.00106786
0.00106891
0.00107047
0.00107247
0.00107484
0.00107747
0.00108028
0.00108315
0.00108597
0.00108865
0.00109108
0.00109318
0.00109485
0.00109604
0.00101805
0.00101821
0.0010173
0.00101537
0.0010125
0.00100882
0.00100447
0.000999643
0.000994529
0.00098933
0.000984249
0.000979474
0.000975183
0.000971527
0.000968635
0.000966606
0.000965508
0.000965377
0.000966217
0.000968
0.000970664
0.000974119
0.000978243
0.000982891
0.000987895
0.000993068
0.000998215
0.00100314
0.00100763
0.00101152
0.00101463
0.00101684
0.000807426
0.000807616
0.000806465
0.000804027
0.000800417
0.000795802
0.00079039
0.000784417
0.000778133
0.000771789
0.00076563
0.000759881
0.000754742
0.000750386
0.000746952
0.000744549
0.00074325
0.000743092
0.00074408
0.000746185
0.000749342
0.000753454
0.000758389
0.000763984
0.000770046
0.000776357
0.000782679
0.000788761
0.000794352
0.000799211
0.000803122
0.000805904
0.000380134
0.000380274
0.000379425
0.000377629
0.000374983
0.000371619
0.000367703
0.000363415
0.000358942
0.000354467
0.00035016
0.000346172
0.000342634
0.000339654
0.000337317
0.000335688
0.000334808
0.000334699
0.000335365
0.000336789
0.000338933
0.00034174
0.00034513
0.000349003
0.000353234
0.000357676
0.000362166
0.000366524
0.000370563
0.000374099
0.000376963
0.00037901
0.00109652
0.00109653
0.00109599
0.00109492
0.00109335
0.00109135
0.00108898
0.00108634
0.00108354
0.00108067
0.00107786
0.00107521
0.00107283
0.00107082
0.00106925
0.00106817
0.00106764
0.00106766
0.00106824
0.00106936
0.00107096
0.00107299
0.00107536
0.00107798
0.00108075
0.00108358
0.00108634
0.00108894
0.00109129
0.00109329
0.00109487
0.00109596
0.00101769
0.00101768
0.00101663
0.00101459
0.00101164
0.00100791
0.00100356
0.000998761
0.000993709
0.000988604
0.000983642
0.000979009
0.000974874
0.000971385
0.000968663
0.000966801
0.000965863
0.000965879
0.000966848
0.000968738
0.000971482
0.000974988
0.000979132
0.000983767
0.000988724
0.000993819
0.000998857
0.00100364
0.00100798
0.00101169
0.00101463
0.00101665
0.00080697
0.000806958
0.000805633
0.000803057
0.000799353
0.000794689
0.000789275
0.000783344
0.000777143
0.000770918
0.000764908
0.00075933
0.000754379
0.00075022
0.000746987
0.00074478
0.000743667
0.000743681
0.000744821
0.000747053
0.000750308
0.000754485
0.000759449
0.000765035
0.000771049
0.000777271
0.000783466
0.000789386
0.000794786
0.000799432
0.000803116
0.000805669
0.0003798
0.000379794
0.000378819
0.000376927
0.000374217
0.000370824
0.000366912
0.000362661
0.000358253
0.000353866
0.000349665
0.000345798
0.000342389
0.000339542
0.00033734
0.000335841
0.000335085
0.00033509
0.000335858
0.000337368
0.00033958
0.000342434
0.000345849
0.000349721
0.000353924
0.000358311
0.000362717
0.000366964
0.00037087
0.000374255
0.000376956
0.000378837
0.00109691
0.00109682
0.00109616
0.00109496
0.00109327
0.00109114
0.00108865
0.00108591
0.00108301
0.00108007
0.00107721
0.00107454
0.00107217
0.00107018
0.00106865
0.00106765
0.0010672
0.00106732
0.00106801
0.00106924
0.00107096
0.0010731
0.00107558
0.00107831
0.00108117
0.00108407
0.00108688
0.00108952
0.00109188
0.00109386
0.0010954
0.00109643
0.00101856
0.00101836
0.0010171
0.00101482
0.00101163
0.00100765
0.00100307
0.000998058
0.000992826
0.000987575
0.000982508
0.000977812
0.000973659
0.000970195
0.00096754
0.000965784
0.000964986
0.000965172
0.000966336
0.000968437
0.000971405
0.000975138
0.000979504
0.00098435
0.000989498
0.000994756
0.000999922
0.00100479
0.00100917
0.00101288
0.00101575
0.00101767
0.000808194
0.000807945
0.000806341
0.00080346
0.000799437
0.000794456
0.000788741
0.000782538
0.000776103
0.000769691
0.000763544
0.000757883
0.000752903
0.000748768
0.000745609
0.000743523
0.000742574
0.000742789
0.000744161
0.000746649
0.000750178
0.000754638
0.000759885
0.000765744
0.000772011
0.000778457
0.000784835
0.000790888
0.000796363
0.000801019
0.000804646
0.000807077
0.000380845
0.000380665
0.000379478
0.00037735
0.000374389
0.000370748
0.000366599
0.000362134
0.000357542
0.000353008
0.000348698
0.000344761
0.000341322
0.000338484
0.000336325
0.000334904
0.000334255
0.000334396
0.000335322
0.000337011
0.000339418
0.000342479
0.000346106
0.00035019
0.000354596
0.000359171
0.000363738
0.000368113
0.000372104
0.000375523
0.000378205
0.00038001
0.00109735
0.00109713
0.00109633
0.00109498
0.00109313
0.00109084
0.00108821
0.00108534
0.00108234
0.00107932
0.00107641
0.00107372
0.00107135
0.0010694
0.00106794
0.00106702
0.00106667
0.00106692
0.00106774
0.00106911
0.00107098
0.00107326
0.00107587
0.00107872
0.00108169
0.00108467
0.00108755
0.00109022
0.00109258
0.00109454
0.00109603
0.00109698
0.00101962
0.00101918
0.00101763
0.00101504
0.00101153
0.00100725
0.00100237
0.000997097
0.00099164
0.000986214
0.000981023
0.000976259
0.000972095
0.000968675
0.000966117
0.000964507
0.000963899
0.000964311
0.00096573
0.000968108
0.000971365
0.000975389
0.00098004
0.000985152
0.000990539
0.000995998
0.00100132
0.00100629
0.00101071
0.00101439
0.00101718
0.00101895
0.000809745
0.000809168
0.000807186
0.000803893
0.000799447
0.00079405
0.000787946
0.000781394
0.000774665
0.000768021
0.000761711
0.000755958
0.000750957
0.000746871
0.000743826
0.000741915
0.000741194
0.000741684
0.00074337
0.000746202
0.000750095
0.000754928
0.000760546
0.000766761
0.000773355
0.000780085
0.000786691
0.000792903
0.000798457
0.000803108
0.00080664
0.000808889
0.000382221
0.000381783
0.000380292
0.000377829
0.000374523
0.000370542
0.000366076
0.000361329
0.0003565
0.000351779
0.000347337
0.000343323
0.000339861
0.000337051
0.000334968
0.000333666
0.000333177
0.000333512
0.000334664
0.000336603
0.000339282
0.000342627
0.000346545
0.000350916
0.000355596
0.000360418
0.000365197
0.000369731
0.00037382
0.000377267
0.0003799
0.000381581
0.00109708
0.00109676
0.00109587
0.00109444
0.00109253
0.00109021
0.00108758
0.00108472
0.00108176
0.00107881
0.00107599
0.0010734
0.00107115
0.00106932
0.00106798
0.00106719
0.00106696
0.0010673
0.00106821
0.00106965
0.00107156
0.00107387
0.00107648
0.0010793
0.00108223
0.00108515
0.00108795
0.00109053
0.00109278
0.00109463
0.00109599
0.00109682
0.00101925
0.00101858
0.00101684
0.00101408
0.00101045
0.00100608
0.00100117
0.000995911
0.000990515
0.00098519
0.000980138
0.000975545
0.000971574
0.000968365
0.000966027
0.000964639
0.000964245
0.000964859
0.000966461
0.000968995
0.000972376
0.000976489
0.000981188
0.000986307
0.000991656
0.000997035
0.00100223
0.00100704
0.00101127
0.00101473
0.00101728
0.00101881
0.000809392
0.000808515
0.000806261
0.00080274
0.000798116
0.000792603
0.000786442
0.000779896
0.000773232
0.000766706
0.00076056
0.000755011
0.000750243
0.00074641
0.000743632
0.000741991
0.000741536
0.00074228
0.000744201
0.000747241
0.000751309
0.000756278
0.000761986
0.00076824
0.000774819
0.000781478
0.000787955
0.000793985
0.000799308
0.000803687
0.000806919
0.000808852
0.000382095
0.000381409
0.00037969
0.000377029
0.000373566
0.000369474
0.000364947
0.000360187
0.000355391
0.000350745
0.000346412
0.000342536
0.000339235
0.000336602
0.000334707
0.000333599
0.000333304
0.000333829
0.000335163
0.00033727
0.000340099
0.000343571
0.000347587
0.000352023
0.000356729
0.000361535
0.000366251
0.000370677
0.000374612
0.000377866
0.000380274
0.000381709
0.00109551
0.0010952
0.0010944
0.00109312
0.00109141
0.00108934
0.00108699
0.00108445
0.00108181
0.00107919
0.00107669
0.0010744
0.00107241
0.00107079
0.00106962
0.00106893
0.00106874
0.00106907
0.0010699
0.00107119
0.0010729
0.00107496
0.00107729
0.0010798
0.0010824
0.00108499
0.00108747
0.00108975
0.00109175
0.00109337
0.00109457
0.00109529
0.00101609
0.00101545
0.00101385
0.00101138
0.00100813
0.00100425
0.000999882
0.000995217
0.000990435
0.000985723
0.000981258
0.000977205
0.00097371
0.000970896
0.00096886
0.000967672
0.000967371
0.000967967
0.000969439
0.000971738
0.000974783
0.00097847
0.000982668
0.000987225
0.000991972
0.000996731
0.00100131
0.00100554
0.00100924
0.00101225
0.00101446
0.00101575
0.000805274
0.00080442
0.000802365
0.000799205
0.000795084
0.000790188
0.00078473
0.000778939
0.000773047
0.000767284
0.000761861
0.00075697
0.000752779
0.000749424
0.000747012
0.000745617
0.000745281
0.000746015
0.000747797
0.00075057
0.00075425
0.000758718
0.000763827
0.0007694
0.000775237
0.000781119
0.000786816
0.000792092
0.000796724
0.000800507
0.00080327
0.000804884
0.000378906
0.000378229
0.000376657
0.000374273
0.000371197
0.000367578
0.000363583
0.000359388
0.000355164
0.000351073
0.000347262
0.000343856
0.000340964
0.000338668
0.000337034
0.000336104
0.000335903
0.000336436
0.00033769
0.00033963
0.000342206
0.000345343
0.000348948
0.000352905
0.000357077
0.000361311
0.000365438
0.000369286
0.000372679
0.000375457
0.000377483
0.000378653
0.00109303
0.00109294
0.00109244
0.00109155
0.00109029
0.00108873
0.00108691
0.00108491
0.0010828
0.00108068
0.00107862
0.0010767
0.001075
0.00107359
0.00107252
0.00107182
0.00107153
0.00107165
0.00107218
0.00107309
0.00107435
0.00107592
0.00107772
0.00107969
0.00108176
0.00108385
0.00108588
0.00108778
0.00108947
0.00109089
0.00109198
0.0010927
0.00101105
0.00101082
0.00100983
0.00100812
0.00100577
0.00100287
0.000999538
0.000995912
0.000992135
0.000988354
0.000984713
0.00098135
0.000978387
0.000975931
0.000974071
0.00097287
0.000972372
0.000972591
0.000973521
0.000975129
0.000977359
0.000980131
0.000983346
0.000986887
0.000990624
0.000994416
0.000998115
0.00100158
0.00100466
0.00100725
0.00100922
0.00101051
0.000798669
0.000798351
0.000797082
0.000794922
0.000791965
0.000788343
0.00078421
0.000779738
0.000775108
0.000770501
0.00076609
0.000762037
0.000758484
0.000755554
0.000753344
0.000751927
0.000751348
0.000751626
0.000752752
0.00075469
0.000757377
0.000760726
0.000764622
0.000768928
0.000773491
0.000778139
0.000782692
0.000786967
0.000790789
0.000793993
0.000796441
0.000798023
0.00037375
0.000373486
0.000372529
0.000370926
0.000368754
0.000366116
0.00036313
0.000359926
0.000356636
0.000353389
0.000350305
0.000347492
0.000345045
0.000343041
0.000341542
0.000340591
0.000340217
0.00034043
0.000341224
0.000342578
0.000344451
0.000346787
0.000349513
0.000352539
0.00035576
0.000359058
0.000362304
0.000365366
0.000368112
0.000370418
0.000372178
0.000373307
0.00109075
0.001091
0.00109093
0.00109052
0.0010898
0.00108879
0.00108753
0.00108606
0.00108445
0.00108276
0.00108106
0.00107942
0.00107789
0.00107655
0.00107543
0.00107459
0.00107405
0.00107383
0.00107394
0.00107437
0.00107511
0.00107613
0.00107737
0.0010788
0.00108037
0.00108202
0.00108369
0.00108531
0.00108682
0.00108817
0.0010893
0.00109017
0.00100653
0.00100699
0.00100683
0.00100608
0.00100477
0.00100294
0.00100068
0.000998066
0.000995214
0.000992234
0.000989241
0.000986351
0.000983673
0.000981306
0.000979336
0.000977836
0.000976858
0.000976437
0.000976587
0.000977302
0.000978558
0.000980309
0.000982491
0.000985026
0.000987821
0.000990772
0.000993767
0.00099669
0.000999429
0.00100187
0.00100392
0.0010055
0.000792846
0.000793409
0.000793225
0.000792303
0.000790683
0.000788435
0.000785655
0.000782459
0.000778978
0.000775353
0.000771723
0.000768228
0.000764997
0.000762146
0.000759776
0.000757969
0.000756786
0.000756268
0.000756432
0.000757272
0.000758761
0.000760847
0.000763462
0.000766511
0.000769888
0.000773469
0.000777118
0.000780696
0.000784059
0.000787071
0.000789607
0.00079156
0.00036932
0.00036974
0.000369622
0.000368973
0.000367825
0.000366228
0.000364256
0.000361995
0.00035954
0.000356992
0.000354451
0.000352013
0.000349765
0.000347787
0.000346145
0.000344892
0.000344068
0.000343699
0.000343795
0.000344356
0.000345363
0.000346785
0.000348577
0.00035068
0.000353022
0.00035552
0.000358082
0.000360608
0.000362997
0.00036515
0.000366972
0.000368383
0.00108918
0.00108972
0.00108998
0.00108994
0.00108962
0.00108901
0.00108814
0.00108705
0.00108578
0.00108439
0.00108292
0.00108144
0.00108
0.00107866
0.00107748
0.00107649
0.00107574
0.00107524
0.00107502
0.00107509
0.00107543
0.00107604
0.00107688
0.00107794
0.00107917
0.00108052
0.00108195
0.0010834
0.00108483
0.00108617
0.00108737
0.00108839
0.00100355
0.00100456
0.00100506
0.00100503
0.00100448
0.00100342
0.00100191
0.001
0.00099777
0.000995308
0.000992714
0.000990087
0.000987529
0.000985138
0.000983003
0.000981201
0.000979799
0.000978847
0.000978379
0.00097841
0.00097894
0.000979949
0.000981401
0.000983244
0.00098541
0.00098782
0.000990385
0.000993007
0.000995586
0.000998022
0.00100022
0.00100209
0.000789087
0.000790363
0.000791018
0.000791024
0.000790379
0.000789113
0.000787279
0.000784954
0.000782236
0.000779235
0.000776073
0.000772873
0.000769758
0.000766845
0.000764241
0.000762039
0.000760316
0.000759132
0.000758527
0.000758523
0.000759118
0.000760293
0.000762008
0.000764203
0.000766801
0.000769709
0.000772821
0.00077602
0.000779184
0.000782188
0.000784912
0.000787244
0.000366564
0.00036753
0.000368054
0.000368111
0.000367699
0.000366837
0.000365563
0.000363935
0.000362022
0.000359907
0.000357677
0.000355419
0.000353221
0.000351164
0.000349322
0.000347757
0.000346524
0.000345661
0.000345196
0.000345145
0.000345509
0.000346276
0.000347422
0.00034891
0.00035069
0.000352701
0.000354873
0.000357124
0.00035937
0.000361523
0.000363493
0.000365198
0.00108848
0.0010891
0.00108947
0.00108956
0.00108938
0.00108893
0.00108822
0.00108729
0.00108617
0.00108491
0.00108356
0.00108217
0.00108081
0.00107951
0.00107833
0.00107732
0.00107651
0.00107593
0.0010756
0.00107554
0.00107573
0.00107618
0.00107686
0.00107776
0.00107883
0.00108005
0.00108136
0.00108272
0.00108408
0.00108539
0.00108658
0.00108763
0.00100234
0.00100353
0.00100425
0.00100448
0.0010042
0.00100343
0.00100221
0.00100057
0.000998588
0.000996344
0.000993925
0.000991427
0.000988947
0.000986579
0.000984414
0.00098253
0.000980996
0.000979869
0.000979188
0.000978978
0.000979244
0.000979979
0.000981154
0.000982728
0.000984644
0.000986832
0.000989212
0.000991693
0.000994182
0.000996582
0.000998799
0.00100075
0.000787655
0.000789172
0.000790118
0.000790451
0.000790157
0.000789248
0.000787762
0.000785764
0.000783336
0.000780579
0.000777606
0.000774533
0.000771481
0.000768566
0.000765896
0.000763567
0.000761664
0.000760251
0.000759378
0.000759073
0.000759349
0.000760194
0.00076158
0.000763459
0.000765765
0.000768417
0.000771318
0.000774362
0.000777433
0.000780412
0.000783181
0.000785629
0.000365634
0.000366796
0.000367547
0.000367853
0.0003677
0.000367095
0.000366065
0.000364656
0.00036293
0.000360962
0.000358834
0.000356632
0.000354443
0.000352349
0.000350427
0.000348745
0.00034736
0.000346317
0.000345651
0.000345382
0.00034552
0.000346058
0.000346981
0.000348259
0.000349849
0.000351698
0.000353741
0.000355905
0.00035811
0.00036027
0.000362299
0.000364113
0.00108817
0.00108859
0.00108877
0.00108871
0.0010884
0.00108786
0.00108711
0.00108618
0.00108511
0.00108395
0.00108273
0.00108151
0.00108033
0.00107925
0.00107829
0.0010775
0.00107691
0.00107653
0.00107638
0.00107647
0.00107678
0.0010773
0.00107802
0.00107891
0.00107993
0.00108106
0.00108225
0.00108346
0.00108463
0.00108573
0.00108671
0.00108754
0.00100195
0.00100277
0.00100315
0.00100309
0.00100258
0.00100164
0.00100031
0.000998651
0.000996721
0.000994599
0.000992371
0.000990124
0.000987943
0.000985912
0.000984106
0.000982593
0.000981428
0.000980652
0.000980293
0.000980363
0.000980859
0.000981762
0.00098304
0.000984648
0.000986525
0.000988604
0.000990806
0.000993048
0.000995245
0.000997311
0.000999165
0.00100073
0.000787306
0.000788377
0.000788907
0.000788873
0.000788274
0.000787137
0.000785508
0.000783457
0.000781067
0.000778436
0.000775669
0.000772877
0.000770165
0.000767637
0.000765385
0.000763491
0.000762022
0.000761028
0.000760545
0.000760586
0.000761152
0.000762222
0.000763758
0.000765706
0.000767998
0.000770551
0.000773272
0.000776057
0.000778801
0.000781397
0.000783742
0.000785739
0.000365571
0.000366418
0.000366868
0.000366899
0.000366511
0.000365719
0.000364559
0.000363082
0.000361352
0.000359441
0.000357428
0.000355394
0.000353416
0.000351569
0.000349919
0.000348523
0.000347428
0.000346671
0.000346277
0.000346256
0.000346609
0.000347325
0.000348381
0.00034974
0.000351358
0.000353179
0.000355137
0.000357161
0.000359174
0.000361097
0.000362851
0.000364365
0.00108736
0.00108725
0.00108695
0.00108648
0.00108585
0.00108509
0.00108423
0.0010833
0.00108235
0.00108141
0.00108051
0.0010797
0.00107901
0.00107845
0.00107806
0.00107784
0.00107781
0.00107796
0.00107828
0.00107876
0.00107939
0.00108012
0.00108095
0.00108184
0.00108276
0.00108368
0.00108455
0.00108535
0.00108605
0.00108663
0.00108705
0.0010873
0.00100063
0.00100045
0.000999929
0.000999085
0.000997952
0.000996576
0.00099501
0.000993317
0.000991564
0.000989818
0.000988148
0.000986617
0.000985284
0.000984199
0.000983401
0.00098292
0.000982773
0.000982964
0.000983484
0.000984315
0.000985425
0.000986773
0.000988308
0.000989974
0.000991708
0.000993444
0.000995117
0.000996661
0.000998017
0.000999131
0.000999959
0.00100047
0.000785801
0.000785613
0.000784993
0.000783967
0.000782574
0.000780871
0.000778928
0.00077682
0.000774633
0.000772451
0.000770359
0.000768437
0.000766756
0.000765379
0.000764355
0.000763721
0.000763498
0.000763695
0.000764301
0.000765295
0.000766641
0.000768289
0.00077018
0.000772243
0.000774402
0.000776576
0.000778681
0.000780636
0.000782364
0.000783795
0.000784872
0.00078555
0.000364655
0.000364565
0.000364151
0.000363431
0.000362435
0.000361203
0.000359788
0.000358247
0.000356642
0.000355037
0.000353494
0.00035207
0.000350818
0.000349783
0.000349001
0.000348499
0.000348292
0.000348387
0.000348781
0.000349459
0.000350397
0.000351563
0.000352915
0.000354405
0.00035598
0.000357579
0.000359142
0.000360608
0.000361918
0.000363019
0.000363864
0.000364417
0.00108516
0.0010843
0.00108337
0.00108241
0.00108144
0.00108051
0.00107966
0.00107892
0.00107831
0.00107787
0.00107762
0.00107755
0.00107768
0.001078
0.0010785
0.00107915
0.00107994
0.00108082
0.00108177
0.00108275
0.00108371
0.00108463
0.00108546
0.00108617
0.00108675
0.00108717
0.00108741
0.00108747
0.00108734
0.00108703
0.00108655
0.00108592
0.000996707
0.000995112
0.000993387
0.000991597
0.00098981
0.000988096
0.000986518
0.000985136
0.000984004
0.000983164
0.000982648
0.000982476
0.000982654
0.000983178
0.000984027
0.000985169
0.000986561
0.000988151
0.000989878
0.000991674
0.00099347
0.000995198
0.00099679
0.000998184
0.000999326
0.00100017
0.00100069
0.00100085
0.00100066
0.00100013
0.000999264
0.000998109
0.000781002
0.000779029
0.000776891
0.000774671
0.000772454
0.000770322
0.000768357
0.000766631
0.000765208
0.000764141
0.00076347
0.00076322
0.000763402
0.000764009
0.00076502
0.0007664
0.000768096
0.000770046
0.000772175
0.000774404
0.000776645
0.000778812
0.000780818
0.000782585
0.000784043
0.000785133
0.000785812
0.000786053
0.000785848
0.000785206
0.000784153
0.000782733
0.000361239
0.000359811
0.00035826
0.000356645
0.000355029
0.000353472
0.000352032
0.000350761
0.000349706
0.000348904
0.000348383
0.000348163
0.000348251
0.000348647
0.000349336
0.000350295
0.00035149
0.000352878
0.000354409
0.000356023
0.000357661
0.000359257
0.000360748
0.000362074
0.00036318
0.000364022
0.000364564
0.000364784
0.000364674
0.00036424
0.000363499
0.000362485
0.00108139
0.00107987
0.00107846
0.0010772
0.00107613
0.00107529
0.00107472
0.00107445
0.00107448
0.00107481
0.00107543
0.00107632
0.00107745
0.00107877
0.00108024
0.00108179
0.00108337
0.00108492
0.00108637
0.00108766
0.00108875
0.00108958
0.00109014
0.00109039
0.00109033
0.00108997
0.00108932
0.0010884
0.00108725
0.00108593
0.00108447
0.00108294
0.000989853
0.000987043
0.000984415
0.000982066
0.000980082
0.000978534
0.000977478
0.000976953
0.000976979
0.000977555
0.000978663
0.000980263
0.000982298
0.000984696
0.000987366
0.000990209
0.000993117
0.000995976
0.000998673
0.0010011
0.00100316
0.00100477
0.00100587
0.0010064
0.00100636
0.00100573
0.00100456
0.00100288
0.00100076
0.000998303
0.000995593
0.00099274
0.000772537
0.000769059
0.000765811
0.000762912
0.000760462
0.000758548
0.000757235
0.000756569
0.000756573
0.000757249
0.000758576
0.00076051
0.000762986
0.000765918
0.000769201
0.000772715
0.000776327
0.000779896
0.000783282
0.000786345
0.000788958
0.000791012
0.000792419
0.000793119
0.000793084
0.000792316
0.000790852
0.000788755
0.000786115
0.000783044
0.000779667
0.000776119
0.000355058
0.000352534
0.000350184
0.000348089
0.00034632
0.000344933
0.000343974
0.000343474
0.000343448
0.000343898
0.000344813
0.000346164
0.00034791
0.000349994
0.000352346
0.000354883
0.00035751
0.000360127
0.000362628
0.000364909
0.00036687
0.000368425
0.000369504
0.000370058
0.000370062
0.000369518
0.000368452
0.000366916
0.000364978
0.000362725
0.000360254
0.000357664
0.00107706
0.00107527
0.00107375
0.00107256
0.00107172
0.00107129
0.00107126
0.00107164
0.00107243
0.00107358
0.00107507
0.00107684
0.00107882
0.00108093
0.0010831
0.00108524
0.00108727
0.00108911
0.00109068
0.00109193
0.00109279
0.00109324
0.00109325
0.00109284
0.00109201
0.0010908
0.00108925
0.00108744
0.00108544
0.00108331
0.00108116
0.00107904
0.000981954
0.000978685
0.000975911
0.000973729
0.000972216
0.000971424
0.00097138
0.000972087
0.000973521
0.000975634
0.000978351
0.000981578
0.000985199
0.00098908
0.000993075
0.000997031
0.00100079
0.00100421
0.00100714
0.00100946
0.00101108
0.00101192
0.00101196
0.00101118
0.00100963
0.00100738
0.0010045
0.00100113
0.00099741
0.000993477
0.00098949
0.0009856
0.000762784
0.000758786
0.000755405
0.000752754
0.000750918
0.000749957
0.000749903
0.000750757
0.000752494
0.00075506
0.000758371
0.000762318
0.000766766
0.000771556
0.000776511
0.000781443
0.000786154
0.00079045
0.000794149
0.000797089
0.000799141
0.000800212
0.000800253
0.000799265
0.000797294
0.00079443
0.000790801
0.000786565
0.000781902
0.000777002
0.000772059
0.000767261
0.000347937
0.000345094
0.000342702
0.000340835
0.000339547
0.000338874
0.000338835
0.000339434
0.000340653
0.00034246
0.000344802
0.000347609
0.000350791
0.000354243
0.00035784
0.000361445
0.000364914
0.000368098
0.000370855
0.000373058
0.000374599
0.000375403
0.000375432
0.000374685
0.0003732
0.000371051
0.000368343
0.000365202
0.000361768
0.000358185
0.000354598
0.00035114
0.00107375
0.00107202
0.00107067
0.00106976
0.00106932
0.00106935
0.00106987
0.00107084
0.00107224
0.00107401
0.0010761
0.00107841
0.00108088
0.0010834
0.00108588
0.00108822
0.00109033
0.00109213
0.00109354
0.0010945
0.00109499
0.00109496
0.00109443
0.00109341
0.00109195
0.00109011
0.00108796
0.00108559
0.0010831
0.00108057
0.0010781
0.0010758
0.000975827
0.000972717
0.000970319
0.000968713
0.000967953
0.000968066
0.000969047
0.000970864
0.000973454
0.00097673
0.000980577
0.000984858
0.000989417
0.000994083
0.000998676
0.00100302
0.00100692
0.00101024
0.00101283
0.00101458
0.00101541
0.00101528
0.00101421
0.00101223
0.00100945
0.00100596
0.00100192
0.000997504
0.000992877
0.000988223
0.000983721
0.000979539
0.000755204
0.000751455
0.000748581
0.000746673
0.00074579
0.000745959
0.000747175
0.000749401
0.00075257
0.000756581
0.000761303
0.000766578
0.000772218
0.000778017
0.000783751
0.000789191
0.000794108
0.000798289
0.000801548
0.000803736
0.00080475
0.000804545
0.000803129
0.000800571
0.000796989
0.000792546
0.000787439
0.000781886
0.000776114
0.000770352
0.000764817
0.000759708
0.000342405
0.000339799
0.000337824
0.000336532
0.000335958
0.000336118
0.000337007
0.000338603
0.000340863
0.000343726
0.000347107
0.000350902
0.000354984
0.000359208
0.000363411
0.000367422
0.000371063
0.000374168
0.000376585
0.000378194
0.00037891
0.000378698
0.000377569
0.000375582
0.00037284
0.000369479
0.000365657
0.000361547
0.000357323
0.000353151
0.000349187
0.000345566
0.00107315
0.00107159
0.00107044
0.00106974
0.00106951
0.00106975
0.00107046
0.00107161
0.00107316
0.00107505
0.00107721
0.00107956
0.00108202
0.0010845
0.00108689
0.00108911
0.00109106
0.00109268
0.00109389
0.00109465
0.00109492
0.0010947
0.00109398
0.00109279
0.00109119
0.00108924
0.00108701
0.0010846
0.00108211
0.00107962
0.00107724
0.00107505
0.000974682
0.000971914
0.000969885
0.000968664
0.000968293
0.000968783
0.000970117
0.00097225
0.000975109
0.000978595
0.000982586
0.000986937
0.000991488
0.000996068
0.0010005
0.0010046
0.00100821
0.00101118
0.00101338
0.00101471
0.00101512
0.00101459
0.00101315
0.00101085
0.00100779
0.0010041
0.000999944
0.00099548
0.000990889
0.000986348
0.000982031
0.000978095
0.000753788
0.000750469
0.000748056
0.000746624
0.000746215
0.000746844
0.00074849
0.000751104
0.000754602
0.000758874
0.000763777
0.000769143
0.000774779
0.000780473
0.000786004
0.000791145
0.000795678
0.000799405
0.000802156
0.000803806
0.000804277
0.000803548
0.000801652
0.000798679
0.000794764
0.000790085
0.000784844
0.000779261
0.000773563
0.000767969
0.000762687
0.000757906
0.000341409
0.000339124
0.000337485
0.000336536
0.000336302
0.000336789
0.000337984
0.000339857
0.000342356
0.00034541
0.000348927
0.000352794
0.000356878
0.000361028
0.000365082
0.000368867
0.000372214
0.000374966
0.000376988
0.000378175
0.000378468
0.00037785
0.000376355
0.000374059
0.000371079
0.000367559
0.000363662
0.000359558
0.000355416
0.000351395
0.00034764
0.000344276
0.00107542
0.00107409
0.00107309
0.00107244
0.00107216
0.00107228
0.00107278
0.00107363
0.00107481
0.00107627
0.00107797
0.00107983
0.00108179
0.00108379
0.00108573
0.00108756
0.00108918
0.00109056
0.00109162
0.00109232
0.00109264
0.00109256
0.00109208
0.00109122
0.00109
0.00108849
0.00108673
0.00108481
0.0010828
0.00108078
0.00107883
0.00107702
0.000979102
0.000976749
0.000974961
0.000973798
0.000973303
0.00097349
0.000974353
0.000975862
0.000977964
0.000980585
0.000983631
0.000986993
0.000990546
0.000994157
0.000997686
0.001001
0.00100395
0.00100643
0.00100834
0.00100959
0.00101013
0.00100993
0.00100901
0.00100741
0.00100518
0.00100243
0.000999267
0.000995818
0.000992222
0.000988619
0.000985147
0.000981935
0.000759385
0.000756561
0.00075442
0.000753031
0.00075244
0.000752666
0.000753702
0.000755514
0.000758043
0.000761206
0.000764896
0.000768983
0.000773321
0.000777747
0.000782091
0.000786179
0.000789842
0.000792924
0.000795292
0.00079684
0.0007975
0.000797241
0.000796076
0.000794058
0.000791278
0.000787856
0.00078394
0.000779693
0.000775287
0.000770894
0.000766679
0.000762797
0.000345714
0.000343765
0.000342293
0.000341344
0.000340944
0.000341106
0.000341825
0.00034308
0.000344835
0.000347037
0.000349616
0.000352488
0.000355553
0.000358697
0.000361801
0.000364737
0.00036738
0.000369612
0.00037133
0.000372451
0.000372923
0.000372721
0.000371858
0.000370374
0.000368343
0.000365859
0.000363034
0.00035999
0.000356854
0.000353749
0.000350789
0.000348081
0.00107779
0.00107666
0.00107576
0.00107512
0.00107476
0.0010747
0.00107493
0.00107544
0.00107621
0.00107722
0.00107843
0.00107978
0.00108125
0.00108277
0.00108428
0.00108573
0.00108706
0.00108823
0.00108917
0.00108987
0.00109028
0.00109039
0.00109019
0.00108968
0.00108889
0.00108785
0.00108659
0.00108517
0.00108366
0.0010821
0.00108057
0.00107911
0.00098389
0.000981894
0.000980273
0.000979086
0.000978373
0.000978161
0.000978456
0.000979246
0.000980504
0.000982185
0.000984227
0.000986557
0.000989089
0.000991728
0.000994374
0.000996926
0.000999282
0.00100135
0.00100304
0.00100429
0.00100505
0.00100528
0.00100498
0.00100415
0.00100284
0.00100108
0.000998967
0.000996572
0.000993995
0.000991337
0.000988701
0.000986187
0.000765538
0.000763141
0.000761183
0.000759733
0.000758841
0.000758538
0.000758832
0.000759715
0.000761156
0.000763106
0.000765497
0.000768245
0.00077125
0.000774402
0.000777581
0.000780663
0.000783527
0.000786056
0.000788145
0.000789705
0.00079067
0.000790998
0.000790677
0.000789719
0.000788166
0.000786085
0.000783564
0.000780706
0.000777628
0.000774451
0.000771299
0.000768291
0.000350517
0.00034886
0.000347495
0.000346466
0.000345808
0.000345541
0.000345674
0.000346203
0.000347111
0.000348368
0.000349934
0.000351755
0.000353769
0.000355902
0.000358075
0.000360204
0.000362203
0.00036399
0.000365488
0.00036663
0.000367368
0.000367666
0.000367513
0.000366915
0.000365899
0.000364512
0.000362815
0.000360879
0.000358787
0.000356622
0.000354469
0.000352409
0.00107719
0.00107613
0.00107533
0.0010748
0.00107456
0.00107463
0.00107499
0.00107563
0.00107653
0.00107764
0.00107893
0.00108036
0.00108186
0.0010834
0.0010849
0.00108632
0.00108759
0.00108868
0.00108953
0.00109011
0.0010904
0.00109038
0.00109005
0.00108942
0.00108851
0.00108736
0.00108602
0.00108454
0.00108298
0.0010814
0.00107987
0.00107845
0.000982846
0.000981011
0.000979582
0.00097861
0.000978131
0.00097816
0.000978696
0.00097972
0.000981194
0.000983064
0.000985265
0.000987714
0.000990322
0.000992991
0.000995617
0.0009981
0.00100034
0.00100225
0.00100375
0.00100477
0.00100529
0.00100526
0.00100471
0.00100364
0.0010021
0.00100015
0.000997883
0.000995378
0.000992736
0.000990061
0.000987457
0.000985022
0.000764288
0.000762098
0.000760385
0.000759208
0.000758606
0.000758602
0.000759194
0.000760362
0.000762067
0.00076425
0.000766835
0.000769728
0.000772825
0.00077601
0.00077916
0.000782151
0.000784864
0.000787187
0.000789022
0.000790291
0.000790941
0.000790942
0.000790297
0.000789032
0.000787203
0.000784887
0.000782181
0.000779195
0.00077605
0.000772869
0.000769772
0.000766877
0.000349625
0.00034813
0.000346951
0.000346126
0.000345682
0.000345634
0.000345983
0.000346718
0.000347816
0.000349241
0.000350945
0.00035287
0.000354947
0.000357101
0.000359248
0.000361304
0.000363185
0.000364811
0.000366112
0.000367031
0.000367526
0.000367574
0.000367176
0.000366348
0.000365128
0.000363572
0.000361746
0.000359728
0.0003576
0.000355446
0.000353348
0.000351384
0.00107391
0.00107276
0.00107199
0.00107161
0.00107164
0.00107208
0.0010729
0.00107408
0.00107556
0.00107729
0.00107921
0.00108125
0.00108333
0.00108538
0.00108731
0.00108906
0.00109055
0.00109173
0.00109256
0.00109299
0.00109301
0.00109261
0.00109181
0.00109064
0.00108913
0.00108735
0.00108538
0.00108328
0.00108115
0.00107907
0.00107712
0.00107538
0.000976631
0.000974665
0.000973338
0.000972695
0.000972758
0.000973524
0.000974966
0.000977033
0.000979652
0.00098273
0.000986155
0.000989803
0.000993537
0.000997214
0.00100069
0.00100383
0.0010065
0.00100859
0.00101002
0.00101072
0.00101066
0.00100985
0.00100832
0.00100613
0.00100337
0.00100017
0.000996642
0.000992937
0.000989197
0.000985566
0.00098218
0.000979166
0.000756515
0.000754198
0.000752643
0.000751902
0.000751997
0.000752925
0.000754657
0.000757137
0.000760284
0.00076399
0.000768128
0.00077255
0.000777093
0.000781581
0.000785838
0.000789687
0.000792965
0.000795531
0.00079727
0.000798104
0.000797994
0.000796947
0.00079501
0.00079227
0.000788849
0.000784894
0.000780572
0.000776058
0.00077153
0.00076716
0.000763108
0.000759519
0.000343804
0.000342252
0.000341224
0.000340751
0.000340846
0.000341507
0.000342715
0.000344435
0.000346616
0.000349188
0.000352069
0.000355158
0.000358345
0.000361507
0.000364515
0.000367242
0.000369567
0.000371382
0.000372601
0.000373164
0.000373043
0.000372246
0.000370811
0.000368809
0.000366335
0.0003635
0.00036043
0.000357251
0.000354089
0.000351063
0.000348281
0.000345835
0.00107058
0.0010691
0.00106812
0.00106767
0.00106778
0.00106842
0.00106958
0.00107121
0.00107324
0.00107561
0.00107821
0.00108096
0.00108376
0.00108651
0.00108909
0.0010914
0.00109337
0.0010949
0.00109595
0.00109646
0.00109641
0.00109581
0.00109466
0.00109303
0.00109096
0.00108853
0.00108585
0.00108303
0.00108018
0.0010774
0.00107481
0.00107251
0.000970692
0.000968126
0.000966435
0.000965675
0.00096587
0.000967014
0.000969067
0.000971959
0.000975591
0.000979837
0.000984546
0.000989548
0.000994657
0.000999677
0.00100441
0.00100866
0.00101226
0.00101506
0.00101692
0.00101777
0.00101757
0.00101633
0.0010141
0.00101098
0.0010071
0.00100263
0.000997752
0.000992659
0.000987553
0.00098263
0.000978073
0.000974046
0.000749292
0.000746262
0.000744281
0.000743409
0.000743671
0.000745058
0.000747529
0.000751008
0.000755387
0.000760525
0.00076625
0.000772363
0.000778641
0.000784843
0.000790719
0.000796022
0.00080052
0.000804009
0.000806325
0.000807359
0.000807059
0.00080544
0.00080258
0.000798613
0.000793722
0.000788126
0.000782066
0.000775792
0.000769552
0.000763581
0.000758094
0.000753278
0.000338642
0.0003366
0.000335285
0.00033473
0.000334947
0.000335932
0.000337659
0.000340084
0.00034314
0.000346739
0.000350773
0.000355107
0.000359589
0.000364047
0.000368298
0.000372155
0.000375437
0.000377982
0.000379659
0.000380379
0.000380102
0.000378845
0.000376673
0.0003737
0.000370076
0.000365974
0.000361582
0.000357085
0.000352661
0.000348474
0.000344665
0.000341355
0.00106842
0.00106645
0.00106507
0.00106433
0.00106426
0.00106485
0.00106608
0.0010679
0.00107024
0.00107301
0.00107611
0.00107943
0.00108285
0.00108623
0.00108946
0.0010924
0.00109495
0.001097
0.00109846
0.00109928
0.00109943
0.00109889
0.00109767
0.00109584
0.00109345
0.0010906
0.0010874
0.00108399
0.0010805
0.00107707
0.00107383
0.00107092
0.000967266
0.000963793
0.000961352
0.000960022
0.000959845
0.000960826
0.000962931
0.000966092
0.000970203
0.000975125
0.00098069
0.000986699
0.000992935
0.00099916
0.00100513
0.00101061
0.00101536
0.00101919
0.00102191
0.00102342
0.00102364
0.00102256
0.00102023
0.00101675
0.00101228
0.001007
0.00100115
0.000994965
0.000988686
0.00098256
0.000976814
0.000971656
0.000745374
0.000741241
0.000738345
0.000736767
0.000736551
0.000737703
0.000740188
0.000743937
0.000748838
0.000754744
0.000761466
0.000768782
0.000776434
0.000784135
0.00079158
0.000798459
0.000804467
0.000809327
0.000812806
0.000814733
0.00081501
0.000813623
0.000810641
0.000806212
0.000800549
0.000793917
0.000786614
0.000778951
0.000771238
0.000763771
0.00075682
0.00075062
0.000336112
0.000333284
0.00033131
0.000330234
0.000330081
0.000330853
0.000332534
0.000335083
0.000338439
0.000342516
0.000347201
0.000352353
0.0003578
0.000363346
0.000368768
0.000373831
0.000378297
0.000381941
0.000384568
0.000386032
0.000386251
0.000385209
0.000382968
0.000379652
0.000375441
0.000370552
0.000365219
0.000359683
0.000354171
0.000348891
0.000344025
0.000339724
0.00106681
0.00106448
0.00106282
0.00106188
0.00106168
0.00106223
0.00106352
0.00106548
0.00106805
0.00107112
0.00107458
0.00107831
0.00108217
0.00108602
0.00108972
0.00109311
0.00109607
0.00109848
0.00110025
0.00110129
0.00110157
0.00110107
0.0010998
0.00109782
0.0010952
0.00109203
0.00108846
0.00108462
0.00108067
0.00107677
0.00107306
0.0010697
0.000964784
0.000960684
0.000957728
0.00095601
0.000955583
0.00095646
0.000958611
0.000961968
0.00096642
0.000971821
0.000977989
0.000984708
0.000991737
0.000998813
0.00100566
0.001012
0.00101757
0.00102212
0.00102545
0.00102742
0.00102793
0.00102695
0.00102454
0.00102079
0.00101588
0.00101003
0.00100348
0.000996508
0.000989397
0.000982422
0.000975842
0.000969894
0.000742586
0.000737706
0.000734192
0.000732142
0.000731611
0.000732612
0.000735117
0.000739057
0.000744322
0.000750759
0.000758171
0.00076632
0.000774924
0.000783669
0.000792211
0.000800192
0.00080726
0.000813084
0.00081738
0.000819931
0.000820606
0.000819369
0.000816285
0.000811511
0.000805285
0.000797906
0.000789715
0.000781068
0.00077232
0.00076381
0.000755844
0.000748694
0.000334367
0.00033102
0.000328614
0.000327201
0.000326809
0.000327447
0.0003291
0.000331734
0.000335291
0.000339685
0.000344805
0.000350504
0.000356601
0.000362884
0.000369106
0.000374999
0.000380285
0.000384694
0.000387985
0.00038997
0.000390531
0.000389635
0.000387334
0.000383765
0.00037913
0.000373678
0.000367682
0.000361419
0.000355154
0.000349126
0.000343542
0.000338577
0.00106502
0.00106262
0.00106095
0.00106005
0.00105997
0.0010607
0.00106221
0.00106444
0.0010673
0.0010707
0.00107449
0.00107855
0.00108273
0.00108687
0.00109081
0.00109441
0.00109751
0.00110001
0.00110179
0.00110278
0.00110294
0.00110226
0.00110076
0.00109851
0.00109558
0.00109208
0.00108817
0.001084
0.00107974
0.00107555
0.0010716
0.00106805
0.000961644
0.000957464
0.000954539
0.000952959
0.000952774
0.000953987
0.00095656
0.000960412
0.000965417
0.000971412
0.000978196
0.000985531
0.000993154
0.00100078
0.0010081
0.00101482
0.00102065
0.00102534
0.00102868
0.00103051
0.00103074
0.00102937
0.00102645
0.00102213
0.00101659
0.00101008
0.00100289
0.000995301
0.00098763
0.000980168
0.00097319
0.000966944
0.000738816
0.00073388
0.000730439
0.000728583
0.000728362
0.000729779
0.000732799
0.000737339
0.000743277
0.00075044
0.000758613
0.000767532
0.000776887
0.000786332
0.000795491
0.000803973
0.000811393
0.000817396
0.000821683
0.000824032
0.00082432
0.000822531
0.000818759
0.000813202
0.000806139
0.000797911
0.000788897
0.000779488
0.000770067
0.00076099
0.000752578
0.00074511
0.000331711
0.000328372
0.000326057
0.000324813
0.000324662
0.000325609
0.000327634
0.000330698
0.000334734
0.00033965
0.000345321
0.000351586
0.000358244
0.000365058
0.000371754
0.000378034
0.000383592
0.000388132
0.000391397
0.000393195
0.000393414
0.000392042
0.000389163
0.00038495
0.000379645
0.000373535
0.000366924
0.000360115
0.000353389
0.000346993
0.00034114
0.000336001
0.00106395
0.00106156
0.00105993
0.00105912
0.00105915
0.00106001
0.00106168
0.0010641
0.00106715
0.00107074
0.00107472
0.00107896
0.0010833
0.00108757
0.00109162
0.00109529
0.00109843
0.00110092
0.00110266
0.00110357
0.00110362
0.00110279
0.00110113
0.00109869
0.00109556
0.00109188
0.00108778
0.00108343
0.00107901
0.00107469
0.00107064
0.00106702
0.000959615
0.000955489
0.000952684
0.000951289
0.000951344
0.000952846
0.000955749
0.00095996
0.000965346
0.000971729
0.000978894
0.000986591
0.000994541
0.00100244
0.00100998
0.00101684
0.00102274
0.0010274
0.00103063
0.00103225
0.00103221
0.0010305
0.00102719
0.00102245
0.00101649
0.00100957
0.00100199
0.000994058
0.000986095
0.000978404
0.000971266
0.000964932
0.00073628
0.00073144
0.000728174
0.000726565
0.000726655
0.00072844
0.000731875
0.000736869
0.000743287
0.000750945
0.00075961
0.000769003
0.000778795
0.000788617
0.000798074
0.000806755
0.000814259
0.000820223
0.000824343
0.000826403
0.000826292
0.000824018
0.000819701
0.000813567
0.000805926
0.000797147
0.000787634
0.000777794
0.000768023
0.000758685
0.000750105
0.000742561
0.000329824
0.000326589
0.00032443
0.000323388
0.000323482
0.000324711
0.000327052
0.000330458
0.000334861
0.000340157
0.000346213
0.000352854
0.000359866
0.000366992
0.000373938
0.000380388
0.000386018
0.000390519
0.000393632
0.000395166
0.000395025
0.000393219
0.00038986
0.000385152
0.000379365
0.000372812
0.000365816
0.000358692
0.000351725
0.000345167
0.000339226
0.000334068
0.00106492
0.00106248
0.00106078
0.00105986
0.00105976
0.00106048
0.001062
0.00106424
0.00106712
0.00107055
0.00107437
0.00107847
0.00108268
0.00108686
0.00109084
0.00109448
0.00109763
0.00110016
0.00110197
0.00110299
0.00110318
0.00110251
0.00110102
0.00109876
0.00109581
0.0010923
0.00108835
0.00108414
0.00107983
0.0010756
0.0010716
0.001068
0.000961319
0.000957098
0.000954146
0.000952554
0.000952372
0.000953604
0.000956211
0.000960109
0.000965174
0.000971239
0.000978102
0.000985522
0.000993231
0.00100094
0.00100834
0.00101514
0.00102104
0.00102578
0.00102916
0.001031
0.00103123
0.00102983
0.00102688
0.00102249
0.00101688
0.0010103
0.00100302
0.000995343
0.000987584
0.000980039
0.000972986
0.000966674
0.000738297
0.000733332
0.000729879
0.000728029
0.000727832
0.000729291
0.000732368
0.000736982
0.000743007
0.00075027
0.000758552
0.000767585
0.000777058
0.000786619
0.000795884
0.000804459
0.000811953
0.000818007
0.000822318
0.000824662
0.000824916
0.000823066
0.000819211
0.000813551
0.000806373
0.000798025
0.00078889
0.000779365
0.000769836
0.000760664
0.000752171
0.000744639
0.000331247
0.000327911
0.000325613
0.000324397
0.000324288
0.000325287
0.000327375
0.000330512
0.00033463
0.000339636
0.000345403
0.000351765
0.000358521
0.000365426
0.000372204
0.00037855
0.000384152
0.000388712
0.00039197
0.000393731
0.000393887
0.000392429
0.000389448
0.000385123
0.000379703
0.000373481
0.000366767
0.000359867
0.000353065
0.000346611
0.000340714
0.000335548
0.00106727
0.00106479
0.00106295
0.00106183
0.00106147
0.00106187
0.00106301
0.00106486
0.00106733
0.00107033
0.00107376
0.00107748
0.00108136
0.00108526
0.00108904
0.00109255
0.00109565
0.00109822
0.00110016
0.00110138
0.00110184
0.00110152
0.00110041
0.00109857
0.00109606
0.00109297
0.00108944
0.00108559
0.00108161
0.00107763
0.00107382
0.00107032
0.000965609
0.000961255
0.000958029
0.000956035
0.000955336
0.000955951
0.00095786
0.000961002
0.000965273
0.000970535
0.00097661
0.000983289
0.000990331
0.000997477
0.00100445
0.00101097
0.00101676
0.00102158
0.00102521
0.00102749
0.0010283
0.00102762
0.00102548
0.00102196
0.00101724
0.00101151
0.00100503
0.000998073
0.000990911
0.000983829
0.000977094
0.000970949
0.0007435
0.000738335
0.000734521
0.000732162
0.000731323
0.000732025
0.000734249
0.000737934
0.000742978
0.000749236
0.000756519
0.000764594
0.000773186
0.000781985
0.000790649
0.00079882
0.000806138
0.000812266
0.000816907
0.000819827
0.000820878
0.000820005
0.000817253
0.000812765
0.000806766
0.000799547
0.000791442
0.000782809
0.000774006
0.000765376
0.000757236
0.000749865
0.000335
0.000331484
0.000328898
0.000327298
0.000326718
0.000327169
0.000328643
0.000331107
0.00033451
0.00033877
0.000343779
0.000349399
0.000355453
0.000361733
0.000367999
0.000373983
0.000379407
0.000383997
0.000387507
0.000389737
0.000390555
0.000389914
0.000387852
0.000384491
0.000380024
0.000374692
0.000368767
0.000362526
0.000356236
0.000350142
0.000344458
0.000339362
0.00106933
0.00106689
0.00106503
0.00106382
0.0010633
0.00106348
0.00106435
0.00106588
0.001068
0.00107064
0.00107369
0.00107705
0.00108059
0.00108418
0.0010877
0.001091
0.00109397
0.00109648
0.00109843
0.00109974
0.00110037
0.00110027
0.00109945
0.00109794
0.00109579
0.00109308
0.00108993
0.00108646
0.00108281
0.00107913
0.00107556
0.00107226
0.00096929
0.000965006
0.000961721
0.000959542
0.00095854
0.000958745
0.000960148
0.000962704
0.000966329
0.000970901
0.000976267
0.000982242
0.000988612
0.000995144
0.00100159
0.00100769
0.00101319
0.00101787
0.00102152
0.00102397
0.00102512
0.00102491
0.00102336
0.00102052
0.00101653
0.00101156
0.00100583
0.000999584
0.000993065
0.000986537
0.000980248
0.00097443
0.000747943
0.000742839
0.000738932
0.000736335
0.000735122
0.000735324
0.000736936
0.000739912
0.000744167
0.000749577
0.000755975
0.000763159
0.000770886
0.000778878
0.000786832
0.000794427
0.000801339
0.000807255
0.000811899
0.000815045
0.000816535
0.000816295
0.000814337
0.000810759
0.000805739
0.000799518
0.000792385
0.000784654
0.000776652
0.000768697
0.000761086
0.000754091
0.000338175
0.000334677
0.000332004
0.000330221
0.000329367
0.000329462
0.000330503
0.000332465
0.000335305
0.000338953
0.000343315
0.000348268
0.000353659
0.000359307
0.000364999
0.000370504
0.000375576
0.000379969
0.000383459
0.000385855
0.000387023
0.000386895
0.00038548
0.000382859
0.000379178
0.000374636
0.000369462
0.000363902
0.0003582
0.000352584
0.000347262
0.00034241
0.0010701
0.00106782
0.00106608
0.00106496
0.00106448
0.00106467
0.00106551
0.00106697
0.00106898
0.00107148
0.00107437
0.00107754
0.00108088
0.00108426
0.00108757
0.00109067
0.00109345
0.0010958
0.00109762
0.00109884
0.0010994
0.00109929
0.00109851
0.00109706
0.00109502
0.00109246
0.00108949
0.00108621
0.00108277
0.00107931
0.00107596
0.00107285
0.000970572
0.000966594
0.000963559
0.000961565
0.000960678
0.000960925
0.000962297
0.000964747
0.000968194
0.000972523
0.000977585
0.000983206
0.000989182
0.000995293
0.00100131
0.00100698
0.00101209
0.00101641
0.00101976
0.00102199
0.001023
0.00102275
0.00102124
0.00101854
0.00101477
0.0010101
0.00100472
0.000998863
0.000992761
0.000986657
0.000980783
0.000975357
0.000749437
0.000744717
0.000741124
0.000738762
0.000737701
0.000737969
0.000739558
0.000742422
0.000746477
0.000751601
0.000757635
0.000764384
0.000771615
0.000779068
0.000786458
0.000793487
0.000799855
0.000805279
0.000809505
0.000812332
0.00081362
0.000813305
0.000811403
0.000808008
0.000803286
0.000797458
0.000790793
0.000783581
0.000776124
0.000768717
0.000761638
0.000755138
0.000339194
0.000335984
0.000333547
0.000331944
0.000331214
0.000331371
0.000332414
0.000334316
0.000337031
0.000340491
0.000344602
0.000349244
0.000354271
0.000359509
0.00036476
0.000369809
0.000374431
0.000378405
0.000381531
0.000383641
0.000384619
0.000384412
0.000383029
0.00038055
0.000377109
0.000372885
0.000368089
0.000362943
0.000357671
0.000352482
0.000347567
0.000343092
0.00106953
0.00106732
0.00106567
0.00106465
0.00106429
0.0010646
0.00106556
0.00106714
0.00106927
0.00107187
0.00107485
0.00107809
0.00108148
0.0010849
0.00108821
0.00109129
0.00109402
0.0010963
0.00109802
0.00109913
0.00109958
0.00109933
0.00109841
0.00109684
0.00109468
0.00109201
0.00108895
0.00108561
0.00108213
0.00107865
0.0010753
0.00107222
0.000969503
0.00096571
0.000962889
0.000961132
0.000960495
0.000960999
0.000962624
0.000965318
0.000968991
0.000973518
0.000978746
0.000984491
0.000990545
0.000996683
0.00100267
0.00100826
0.00101323
0.00101737
0.00102049
0.00102247
0.0010232
0.00102266
0.00102086
0.0010179
0.00101389
0.00100902
0.00100349
0.000997525
0.000991375
0.000985276
0.00097946
0.000974139
0.000748116
0.000743655
0.000740352
0.000738304
0.000737569
0.000738166
0.000740079
0.000743253
0.000747593
0.00075297
0.000759213
0.000766118
0.000773446
0.000780926
0.000788271
0.000795179
0.000801351
0.000806511
0.000810416
0.000812877
0.000813772
0.000813057
0.000810768
0.000807018
0.000801987
0.000795912
0.000789069
0.000781753
0.000774267
0.000766902
0.000759931
0.000753599
0.000338232
0.000335245
0.000333049
0.000331698
0.000331224
0.000331637
0.000332929
0.000335067
0.000337999
0.000341651
0.00034592
0.000350679
0.000355774
0.000361024
0.000366226
0.000371161
0.000375605
0.000379343
0.000382181
0.000383967
0.000384603
0.000384052
0.000382345
0.000379578
0.000375899
0.000371499
0.000366592
0.000361401
0.000356146
0.000351032
0.000346242
0.000341931
0.0010678
0.00106536
0.00106354
0.00106241
0.00106202
0.00106238
0.00106346
0.00106523
0.00106761
0.00107052
0.00107385
0.00107748
0.00108128
0.00108509
0.0010888
0.00109224
0.00109529
0.00109782
0.00109973
0.00110095
0.00110142
0.00110112
0.00110006
0.00109828
0.00109584
0.00109285
0.00108942
0.00108568
0.0010818
0.00107793
0.00107421
0.00107079
0.00096653
0.000962332
0.000959225
0.000957308
0.000956641
0.000957245
0.000959098
0.000962142
0.000966276
0.000971365
0.000977237
0.000983689
0.000990488
0.000997383
0.00100411
0.00101039
0.00101596
0.0010206
0.00102409
0.00102627
0.00102704
0.00102638
0.0010243
0.00102091
0.00101634
0.00101082
0.00100457
0.000997849
0.000990939
0.000984107
0.000977608
0.00097168
0.000744575
0.00073965
0.000736026
0.000733805
0.000733048
0.000733773
0.000735961
0.000739552
0.000744443
0.000750493
0.000757517
0.000765288
0.00077354
0.000781974
0.000790261
0.000798059
0.000805027
0.000810843
0.000815229
0.000817966
0.000818915
0.000818026
0.000815344
0.000811007
0.00080523
0.00079829
0.000790507
0.000782222
0.00077378
0.000765508
0.000757712
0.000750658
0.000335741
0.000332454
0.000330057
0.000328606
0.00032813
0.000328641
0.000330126
0.000332554
0.000335869
0.000339991
0.000344812
0.000350192
0.000355963
0.000361921
0.000367836
0.000373456
0.00037852
0.000382774
0.000385992
0.000387993
0.000388659
0.000387953
0.000385915
0.000382663
0.000378379
0.000373293
0.000367658
0.000361735
0.000355776
0.000350011
0.000344642
0.000339839
0.00106549
0.0010625
0.00106023
0.00105876
0.00105814
0.00105839
0.0010595
0.00106142
0.00106408
0.00106739
0.00107122
0.00107544
0.00107989
0.0010844
0.00108881
0.00109294
0.00109664
0.00109975
0.00110215
0.00110374
0.00110445
0.00110425
0.00110314
0.00110117
0.00109841
0.00109497
0.00109101
0.00108666
0.00108212
0.00107756
0.00107316
0.00106908
0.00096265
0.000957451
0.000953516
0.000950968
0.000949882
0.000950291
0.000952182
0.000955494
0.000960127
0.000965933
0.000972723
0.000980268
0.000988303
0.000996534
0.00100464
0.00101231
0.00101921
0.00102503
0.00102953
0.0010325
0.00103378
0.00103332
0.00103114
0.00102735
0.00102212
0.00101568
0.00100833
0.00100037
0.000992138
0.000983955
0.00097613
0.000968946
0.000740017
0.000733888
0.000729276
0.000726303
0.000725043
0.000725527
0.000727741
0.000731629
0.000737091
0.000743979
0.000752097
0.000761199
0.000770985
0.000781112
0.000791192
0.000800812
0.000809546
0.000816984
0.000822758
0.000826569
0.000828213
0.0008276
0.000824765
0.000819857
0.000813136
0.00080494
0.000795665
0.000785732
0.000775565
0.000765566
0.000756102
0.000747495
0.000332554
0.000328421
0.000325337
0.000323363
0.000322533
0.000322863
0.000324346
0.000326955
0.00033064
0.000335325
0.000340902
0.00034723
0.000354123
0.000361356
0.000368658
0.000375723
0.000382221
0.000387817
0.000392198
0.000395105
0.000396356
0.000395871
0.000393681
0.000389923
0.000384825
0.00037868
0.000371818
0.000364573
0.000357266
0.000350185
0.000343578
0.000337647
0.00106379
0.0010603
0.0010576
0.00105578
0.00105489
0.00105498
0.00105603
0.001058
0.00106083
0.00106441
0.00106862
0.00107329
0.00107827
0.00108336
0.00108838
0.00109312
0.00109741
0.00110107
0.00110394
0.00110591
0.0011069
0.00110685
0.00110578
0.00110371
0.00110074
0.00109699
0.00109261
0.00108779
0.0010827
0.00107757
0.00107258
0.00106793
0.000959903
0.000953757
0.000949007
0.000945797
0.000944222
0.000944325
0.000946105
0.000949506
0.000954429
0.000960723
0.00096819
0.000976585
0.00098562
0.000994969
0.00100428
0.00101317
0.00102128
0.00102825
0.00103375
0.00103754
0.00103942
0.00103931
0.00103722
0.00103323
0.00102755
0.00102043
0.00101221
0.00100324
0.000993899
0.000984554
0.000975564
0.000967252
0.000736842
0.000729564
0.000723973
0.000720209
0.00071836
0.000718467
0.000720529
0.000724496
0.000730273
0.000737717
0.000746628
0.000756751
0.000767769
0.000779307
0.000790935
0.00080218
0.000812546
0.000821542
0.000828714
0.00083368
0.000836166
0.000836033
0.000833287
0.000828082
0.000820705
0.000811544
0.000801059
0.000789745
0.000778096
0.000766583
0.000755633
0.000745615
0.000330349
0.000325401
0.000321632
0.000319105
0.000317861
0.000317918
0.000319274
0.000321908
0.00032578
0.00033082
0.00033693
0.00034397
0.000351755
0.000360046
0.000368549
0.000376916
0.000384758
0.000391668
0.00039725
0.000401159
0.00040314
0.000403058
0.000400919
0.000396866
0.000391164
0.000384162
0.000376259
0.000367862
0.000359358
0.000351092
0.000343353
0.000336378
0.00106394
0.00106038
0.0010576
0.0010557
0.00105474
0.00105474
0.00105572
0.00105763
0.00106041
0.00106396
0.00106815
0.00107283
0.00107783
0.00108297
0.00108804
0.00109286
0.00109723
0.00110097
0.00110392
0.00110597
0.00110703
0.00110705
0.00110603
0.001104
0.00110106
0.00109733
0.00109296
0.00108813
0.00108303
0.00107787
0.00107284
0.00106814
0.000960224
0.000953943
0.000949052
0.000945699
0.000943983
0.000943954
0.000945611
0.000948906
0.000953742
0.000959972
0.000967401
0.000975787
0.000984843
0.000994243
0.00100363
0.00101263
0.00102087
0.00102798
0.00103365
0.0010376
0.00103965
0.00103969
0.00103773
0.00103385
0.00102825
0.00102119
0.00101299
0.001004
0.000994617
0.000985203
0.000976121
0.000967698
0.000737264
0.000729819
0.000724057
0.000720121
0.000718105
0.000718054
0.000719968
0.000723805
0.000729472
0.000736829
0.000745682
0.000755779
0.000766806
0.000778391
0.000790104
0.000801471
0.000811996
0.00082118
0.000828561
0.000833749
0.000836457
0.000836533
0.000833972
0.000828919
0.000821651
0.000812555
0.000802089
0.00079075
0.000779039
0.00076743
0.000756356
0.000746195
0.000330674
0.000325607
0.000321717
0.000319072
0.000317712
0.000317658
0.00031891
0.00032145
0.000325237
0.000330207
0.000336263
0.000343269
0.000351044
0.000359353
0.000367903
0.000376349
0.000384302
0.000391353
0.000397099
0.000401187
0.00040335
0.000403441
0.000401456
0.000397527
0.000391911
0.000384957
0.000377063
0.00036864
0.000360081
0.000351736
0.000343902
0.000336819
0.00106567
0.00106249
0.00106001
0.00105833
0.0010575
0.00105756
0.00105849
0.00106027
0.00106284
0.0010661
0.00106994
0.00107422
0.00107878
0.00108345
0.00108805
0.00109241
0.00109634
0.00109969
0.00110232
0.00110412
0.00110501
0.00110496
0.00110396
0.00110206
0.00109934
0.00109591
0.00109192
0.00108753
0.0010829
0.00107823
0.00107369
0.00106945
0.000963074
0.000957499
0.000953187
0.000950271
0.000948839
0.000948935
0.000950554
0.000953649
0.000958126
0.000963846
0.000970625
0.000978237
0.000986417
0.000994867
0.00100327
0.00101128
0.00101856
0.00102482
0.00102975
0.00103313
0.00103481
0.0010347
0.00103281
0.00102922
0.00102412
0.00101772
0.00101033
0.00100225
0.000993821
0.000985385
0.000977257
0.000969734
0.000740596
0.000734011
0.000728948
0.00072554
0.000723873
0.000723987
0.000725879
0.000729503
0.000734766
0.000741532
0.000749612
0.000758764
0.000768695
0.00077906
0.000789471
0.000799503
0.00080872
0.000816692
0.000823027
0.000827397
0.000829569
0.000829425
0.000826973
0.000822345
0.000815787
0.000807635
0.000798288
0.00078818
0.000777748
0.000767412
0.000757558
0.000748523
0.000333004
0.000328554
0.000325161
0.000322892
0.000321786
0.000321863
0.000323122
0.00032554
0.000329073
0.000333652
0.000339177
0.000345511
0.000352476
0.000359851
0.000367369
0.00037472
0.000381567
0.000387563
0.000392378
0.000395724
0.000397395
0.000397283
0.000395395
0.000391851
0.00038687
0.000380745
0.000373811
0.000366416
0.000358896
0.000351556
0.000344656
0.000338415
0.00106769
0.00106493
0.0010628
0.00106137
0.00106069
0.00106079
0.00106167
0.00106328
0.00106559
0.00106851
0.00107194
0.00107574
0.00107977
0.0010839
0.00108795
0.00109177
0.0010952
0.00109811
0.00110037
0.00110189
0.0011026
0.00110248
0.00110153
0.00109979
0.00109734
0.00109428
0.00109074
0.00108685
0.00108278
0.00107867
0.00107469
0.00107099
0.000966331
0.000961553
0.000957893
0.000955467
0.00095435
0.000954577
0.000956142
0.000958995
0.00096305
0.000968174
0.000974201
0.000980923
0.000988102
0.000995473
0.00100275
0.00100965
0.00101588
0.00102117
0.0010253
0.00102806
0.00102934
0.00102908
0.00102728
0.00102404
0.00101949
0.00101385
0.00100736
0.0010003
0.000992963
0.000985628
0.000978578
0.00097207
0.000744361
0.000738746
0.000734474
0.000731663
0.000730388
0.000730683
0.00073254
0.000735911
0.000740705
0.000746788
0.00075398
0.000762057
0.000770749
0.000779745
0.000788703
0.000797257
0.000805037
0.000811685
0.000816883
0.000820371
0.000821971
0.000821598
0.000819272
0.000815114
0.000809334
0.000802219
0.000794104
0.000785353
0.000776339
0.000767421
0.000758928
0.000751158
0.000335564
0.000331812
0.000328985
0.000327147
0.000326334
0.000326564
0.000327832
0.000330113
0.000333359
0.000337495
0.000342421
0.000348002
0.000354068
0.000360416
0.000366806
0.000372974
0.000378636
0.000383513
0.000387342
0.00038991
0.000391063
0.000390734
0.000388941
0.000385792
0.000381468
0.000376208
0.000370286
0.000363986
0.000357583
0.000351334
0.000345461
0.000340154
0.00106935
0.00106669
0.00106459
0.00106314
0.00106237
0.00106233
0.00106301
0.0010644
0.00106643
0.00106906
0.00107217
0.00107566
0.0010794
0.00108324
0.00108704
0.00109065
0.00109392
0.00109673
0.00109894
0.00110047
0.00110126
0.00110128
0.00110052
0.00109902
0.00109684
0.00109408
0.00109086
0.00108729
0.00108352
0.0010797
0.00107597
0.00107248
0.000969051
0.000964429
0.000960823
0.00095835
0.000957089
0.00095708
0.000958325
0.000960784
0.00096438
0.000968998
0.000974484
0.000980651
0.000987278
0.000994122
0.00100092
0.0010074
0.00101331
0.00101838
0.00102239
0.00102518
0.0010266
0.00102661
0.00102518
0.0010224
0.00101839
0.00101333
0.00100743
0.00100095
0.00099416
0.000987323
0.000980701
0.000974538
0.000747528
0.000742078
0.000737856
0.000734981
0.000733534
0.000733554
0.000735041
0.000737957
0.000742219
0.000747708
0.000754258
0.000761663
0.000769675
0.000778009
0.000786349
0.00079436
0.000801699
0.000808038
0.000813079
0.000816576
0.000818355
0.000818324
0.000816486
0.000812933
0.000807844
0.000801466
0.000794099
0.000786074
0.000777733
0.000769409
0.000761419
0.000754043
0.000337681
0.000334026
0.000331222
0.000329335
0.000328406
0.000328454
0.000329481
0.000331464
0.000334359
0.000338099
0.000342588
0.000347703
0.000353286
0.000359151
0.000365078
0.000370827
0.000376139
0.000380759
0.000384449
0.000387006
0.000388286
0.000388214
0.000386794
0.000384109
0.00038031
0.000375604
0.000370234
0.000364456
0.000358527
0.000352685
0.000347147
0.000342094
0.00107085
0.00106797
0.00106561
0.00106385
0.00106276
0.00106237
0.0010627
0.00106374
0.00106546
0.00106781
0.00107069
0.00107401
0.00107763
0.00108143
0.00108526
0.00108897
0.0010924
0.00109543
0.00109792
0.00109976
0.00110089
0.00110126
0.00110085
0.00109969
0.00109783
0.00109534
0.00109234
0.00108894
0.00108528
0.00108149
0.00107774
0.00107414
0.000971761
0.000966666
0.000962513
0.000959438
0.00095754
0.000956879
0.000957478
0.000959319
0.000962345
0.000966459
0.000971527
0.000977378
0.000983808
0.000990583
0.000997449
0.00100414
0.00101038
0.00101592
0.00102051
0.00102395
0.00102609
0.00102683
0.00102613
0.00102403
0.00102063
0.00101608
0.00101057
0.00100435
0.000997685
0.000990832
0.000984062
0.000977627
0.000750818
0.000744742
0.000739817
0.000736185
0.00073395
0.000733171
0.000733872
0.000736034
0.000739599
0.000744467
0.000750495
0.0007575
0.000765254
0.000773491
0.000781908
0.000790178
0.000797959
0.000804912
0.000810716
0.000815096
0.000817834
0.000818791
0.00081792
0.000815263
0.000810955
0.00080521
0.000798303
0.000790552
0.000782298
0.000773883
0.000765636
0.000757858
0.000339991
0.000335838
0.000332495
0.000330044
0.000328538
0.000328012
0.000328476
0.000329921
0.000332316
0.000335607
0.000339716
0.000344534
0.000349923
0.000355712
0.000361698
0.00036765
0.000373315
0.000378432
0.000382745
0.000386027
0.000388093
0.000388824
0.000388178
0.000386191
0.000382979
0.000378721
0.000373644
0.000368003
0.00036206
0.000356069
0.000350263
0.000344846
0.00107211
0.00106902
0.00106641
0.00106436
0.00106296
0.00106225
0.00106226
0.00106301
0.00106446
0.00106657
0.00106927
0.00107245
0.001076
0.00107978
0.00108366
0.00108748
0.00109109
0.00109433
0.00109708
0.00109922
0.00110066
0.00110135
0.00110125
0.00110039
0.00109879
0.00109654
0.00109372
0.00109045
0.00108686
0.00108309
0.00107928
0.00107557
0.000974209
0.00096866
0.000963986
0.000960342
0.000957847
0.000956581
0.000956584
0.000957858
0.000960365
0.000964026
0.000968723
0.0009743
0.000980564
0.000987294
0.000994241
0.00100114
0.00100771
0.00101369
0.00101882
0.00102288
0.00102568
0.0010271
0.00102708
0.00102561
0.00102277
0.00101868
0.00101353
0.00100754
0.00100097
0.000994079
0.000987151
0.000980447
0.000753896
0.000747221
0.000741626
0.000737276
0.000734295
0.000732766
0.000732731
0.000734191
0.000737108
0.000741402
0.000746951
0.00075359
0.000761111
0.000769263
0.000777757
0.000786272
0.000794467
0.000801993
0.000808512
0.000813717
0.000817355
0.000819241
0.00081928
0.000817469
0.0008139
0.000808752
0.000802279
0.000794786
0.000786611
0.000778104
0.000769607
0.000761442
0.000342282
0.000337655
0.000333797
0.000330805
0.000328749
0.000327672
0.000327598
0.000328529
0.000330445
0.000333305
0.000337045
0.00034157
0.000346759
0.000352457
0.000358475
0.000364594
0.000370567
0.000376129
0.000381013
0.000384967
0.000387774
0.000389273
0.000389377
0.000388079
0.000385455
0.000381655
0.000376889
0.000371406
0.000365473
0.000359358
0.00035331
0.000347554
0.00107224
0.00106916
0.00106656
0.00106451
0.00106311
0.00106239
0.00106239
0.00106312
0.00106455
0.00106664
0.00106931
0.00107247
0.00107601
0.00107977
0.00108363
0.00108744
0.00109103
0.00109426
0.001097
0.00109913
0.00110057
0.00110125
0.00110116
0.00110031
0.00109873
0.00109649
0.0010937
0.00109045
0.00108689
0.00108314
0.00107936
0.00107568
0.000974473
0.00096895
0.000964293
0.000960655
0.000958154
0.000956871
0.000956847
0.000958086
0.00096055
0.000964162
0.000968805
0.000974324
0.00098053
0.000987201
0.000994093
0.00100094
0.00100747
0.00101341
0.00101852
0.00102257
0.00102537
0.00102681
0.00102681
0.00102538
0.00102259
0.00101856
0.00101346
0.00100754
0.00100103
0.000994202
0.00098733
0.000980672
0.000754251
0.000747609
0.000742032
0.000737686
0.000734695
0.000733143
0.000733071
0.000734483
0.000737342
0.00074157
0.000747045
0.000753604
0.000761042
0.000769111
0.000777524
0.000785964
0.000794094
0.000801567
0.000808051
0.000813239
0.00081688
0.000818792
0.000818875
0.000817125
0.000813632
0.000808571
0.000802189
0.000794789
0.000786703
0.000778278
0.000769854
0.000761749
0.000342587
0.000337984
0.000334139
0.000331148
0.000329081
0.000327983
0.000327879
0.00032877
0.000330638
0.000333442
0.000337119
0.000341576
0.000346692
0.000352315
0.00035826
0.000364309
0.000370218
0.000375729
0.000380576
0.000384512
0.000387321
0.000388844
0.000388991
0.000387753
0.000385203
0.000381486
0.000376806
0.000371409
0.000365557
0.000359514
0.000353528
0.000347822
0.00107075
0.00106787
0.00106551
0.00106374
0.00106263
0.00106223
0.00106255
0.0010636
0.00106533
0.0010677
0.00107061
0.00107395
0.00107762
0.00108146
0.00108533
0.00108908
0.00109255
0.0010956
0.0010981
0.00109995
0.00110106
0.0011014
0.00110096
0.00109977
0.00109787
0.00109536
0.00109233
0.0010889
0.00108522
0.00108142
0.00107765
0.00107405
0.00097159
0.000966464
0.000962286
0.000959192
0.000957282
0.000956616
0.000957219
0.000959073
0.00096212
0.000966266
0.000971373
0.00097727
0.00098375
0.000990578
0.000997498
0.00100424
0.00101053
0.0010161
0.00102073
0.00102419
0.00102633
0.00102707
0.00102636
0.00102424
0.0010208
0.00101621
0.00101066
0.0010044
0.000997679
0.000990779
0.000983966
0.000977492
0.000750643
0.000744523
0.000739562
0.000735901
0.000733646
0.000732857
0.000733558
0.00073573
0.000739316
0.000744216
0.000750287
0.000757344
0.000765156
0.000773456
0.00078194
0.000790275
0.000798119
0.000805128
0.00081098
0.000815396
0.000818157
0.000819124
0.000818246
0.000815568
0.000811226
0.000805436
0.000798475
0.000790666
0.00078235
0.000773873
0.000765566
0.000757733
0.000339905
0.000335717
0.000332344
0.000329867
0.000328342
0.000327803
0.00032826
0.000329706
0.000332109
0.000335416
0.000339548
0.000344397
0.000349823
0.000355655
0.000361688
0.00036769
0.000373405
0.00037857
0.000382928
0.000386245
0.000388339
0.000389087
0.000388445
0.000386451
0.000383219
0.000378932
0.000373818
0.000368134
0.000362146
0.000356109
0.000350258
0.000344799
0.00106873
0.00106603
0.00106392
0.00106246
0.0010617
0.00106168
0.0010624
0.00106385
0.00106598
0.0010687
0.00107194
0.00107556
0.00107944
0.00108343
0.00108736
0.00109109
0.00109447
0.00109734
0.00109959
0.00110112
0.00110187
0.0011018
0.00110094
0.00109932
0.00109701
0.00109412
0.00109076
0.00108707
0.00108319
0.00107928
0.00107547
0.00107191
0.000967704
0.000962954
0.00095927
0.000956769
0.00095553
0.000955595
0.000956961
0.00095959
0.0009634
0.000968269
0.000974036
0.000980504
0.000987443
0.000994596
0.00100169
0.00100844
0.00101457
0.00101981
0.00102394
0.00102676
0.00102816
0.00102806
0.00102648
0.00102348
0.00101921
0.00101385
0.00100764
0.00100085
0.000993747
0.000986624
0.000979746
0.000973365
0.000745801
0.000740173
0.000735839
0.00073292
0.000731496
0.000731606
0.000733247
0.000736379
0.000740917
0.000746733
0.000753656
0.000761468
0.000769908
0.000778677
0.00078744
0.000795842
0.000803522
0.000810133
0.00081536
0.000818946
0.00082071
0.000820559
0.000818503
0.000814647
0.000809185
0.000802386
0.000794573
0.000786096
0.000777318
0.00076859
0.00076024
0.00075256
0.000336307
0.000332503
0.000329604
0.000327675
0.000326757
0.000326868
0.000328008
0.000330153
0.00033326
0.000337259
0.000342049
0.000347502
0.000353452
0.0003597
0.000366013
0.00037213
0.000377776
0.000382672
0.000386562
0.000389228
0.000390517
0.000390351
0.00038874
0.000385779
0.000381639
0.000376549
0.000370773
0.00036459
0.000358275
0.000352082
0.000346235
0.000340925
0.00106794
0.00106534
0.00106334
0.00106202
0.00106141
0.00106155
0.00106244
0.00106405
0.00106632
0.00106919
0.00107255
0.00107627
0.00108022
0.00108425
0.00108819
0.0010919
0.00109521
0.001098
0.00110013
0.00110152
0.00110211
0.00110187
0.00110084
0.00109904
0.00109658
0.00109354
0.00109006
0.00108628
0.00108233
0.00107839
0.00107458
0.00107105
0.000966229
0.000961635
0.000958151
0.000955888
0.000954915
0.000955266
0.00095693
0.000959859
0.000963961
0.000969105
0.000975121
0.000981801
0.000988907
0.000996174
0.00100332
0.00101006
0.00101611
0.00102121
0.00102513
0.0010277
0.0010288
0.00102837
0.00102645
0.00102311
0.00101852
0.00101287
0.00100642
0.000999431
0.000992198
0.000985003
0.000978115
0.000971784
0.000743984
0.000738544
0.00073445
0.000731814
0.000730706
0.000731156
0.000733155
0.000736651
0.00074155
0.000747713
0.000754958
0.000763056
0.000771733
0.000780676
0.000789541
0.000797963
0.000805575
0.000812027
0.00081701
0.000820275
0.000821654
0.000821077
0.000818572
0.000814269
0.000808386
0.00080121
0.000793078
0.000784356
0.000775409
0.000766592
0.000758231
0.000750613
0.000334981
0.000331307
0.000328571
0.000326834
0.000326131
0.000326476
0.000327864
0.000330267
0.000333635
0.000337893
0.000342933
0.000348618
0.000354774
0.000361188
0.000367617
0.000373791
0.000379423
0.000384232
0.000387958
0.000390392
0.000391389
0.000390889
0.000388922
0.000385604
0.000381128
0.000375738
0.000369713
0.00036334
0.000356896
0.000350635
0.000344778
0.00033951
0.00106902
0.00106648
0.0010645
0.00106316
0.0010625
0.00106254
0.0010633
0.00106476
0.00106686
0.00106953
0.00107268
0.0010762
0.00107995
0.00108379
0.00108756
0.00109113
0.00109434
0.00109706
0.00109917
0.00110058
0.00110122
0.00110109
0.00110019
0.00109856
0.00109628
0.00109345
0.00109018
0.0010866
0.00108286
0.00107909
0.00107544
0.00107204
0.000968297
0.000963768
0.000960275
0.00095793
0.000956807
0.000956943
0.000958336
0.000960943
0.000964685
0.00096944
0.00097505
0.000981323
0.000988034
0.000994934
0.00100176
0.00100823
0.00101409
0.00101908
0.00102298
0.00102563
0.00102689
0.00102671
0.0010251
0.00102214
0.00101796
0.00101275
0.00100673
0.00100016
0.000993308
0.000986447
0.000979835
0.000973714
0.000746564
0.00074117
0.000737032
0.000734266
0.000732949
0.000733116
0.000734766
0.000737854
0.000742297
0.000747968
0.000754698
0.000762274
0.00077044
0.000778905
0.000787345
0.000795418
0.000802778
0.000809091
0.00081406
0.00081744
0.000819062
0.000818843
0.000816793
0.000813017
0.000807704
0.000801114
0.000793556
0.000785368
0.000776899
0.000768485
0.000760444
0.000753055
0.000336927
0.000333247
0.000330443
0.00032858
0.000327698
0.000327816
0.000328932
0.000331023
0.000334045
0.000337928
0.000342574
0.000347856
0.000353611
0.000359647
0.000365736
0.000371629
0.00037706
0.000381763
0.000385494
0.000388045
0.000389271
0.0003891
0.000387541
0.000384685
0.000380695
0.00037579
0.000370222
0.000364258
0.000358163
0.000352181
0.00034653
0.000341395
0.00107065
0.00106824
0.00106634
0.00106501
0.00106429
0.00106423
0.00106482
0.00106606
0.0010679
0.00107028
0.00107312
0.00107631
0.00107973
0.00108325
0.00108674
0.00109005
0.00109306
0.00109563
0.00109765
0.00109904
0.00109974
0.00109973
0.001099
0.00109761
0.00109561
0.00109308
0.00109014
0.00108689
0.00108348
0.00108002
0.00107664
0.00107348
0.000971312
0.000966989
0.000963589
0.000961223
0.000959968
0.000959864
0.000960917
0.000963095
0.00096633
0.000970516
0.000975513
0.00098115
0.000987223
0.000993509
0.000999768
0.00100575
0.00101121
0.00101592
0.00101968
0.00102231
0.00102371
0.00102381
0.0010226
0.00102014
0.00101655
0.00101198
0.00100663
0.00100072
0.000994504
0.000988223
0.000982118
0.000976413
0.000750279
0.000745101
0.000741041
0.000738218
0.000736714
0.000736569
0.000737789
0.000740342
0.000744156
0.00074912
0.000755084
0.000761856
0.00076921
0.000776882
0.000784584
0.000792008
0.000798841
0.000804782
0.000809556
0.000812937
0.000814758
0.000814928
0.000813438
0.000810362
0.000805852
0.000800125
0.000793447
0.000786118
0.000778451
0.000770753
0.00076332
0.000756417
0.000339681
0.000336116
0.000333329
0.000331391
0.000330345
0.000330216
0.000331006
0.000332699
0.000335256
0.000338616
0.000342691
0.000347368
0.000352502
0.000357924
0.000363432
0.000368807
0.000373814
0.000378218
0.000381797
0.000384363
0.000385773
0.000385948
0.000384877
0.00038262
0.000379304
0.000375105
0.00037024
0.000364941
0.000359445
0.000353979
0.000348749
0.000343933
0.00107129
0.00106914
0.00106746
0.00106632
0.00106576
0.00106579
0.00106643
0.00106766
0.00106943
0.00107169
0.00107436
0.00107734
0.00108051
0.00108376
0.00108695
0.00108997
0.00109269
0.00109499
0.00109678
0.00109797
0.00109852
0.0010984
0.00109764
0.00109627
0.00109435
0.00109196
0.00108919
0.00108617
0.001083
0.00107981
0.00107673
0.00107385
0.000972317
0.000968451
0.000965454
0.000963425
0.00096243
0.000962502
0.000963641
0.000965811
0.000968942
0.000972932
0.000977645
0.000982915
0.000988553
0.000994348
0.00100008
0.00100551
0.00101043
0.00101463
0.00101792
0.00102017
0.00102126
0.00102117
0.00101988
0.00101746
0.00101401
0.00100969
0.00100469
0.0009992
0.000993458
0.000987687
0.000982107
0.000976922
0.000751414
0.000746782
0.0007432
0.000740776
0.000739581
0.000739649
0.000740979
0.000743534
0.00074724
0.000751985
0.000757622
0.000763967
0.0007708
0.000777876
0.000784923
0.00079166
0.000797802
0.00080308
0.000807251
0.000810119
0.000811546
0.000811462
0.000809869
0.000806846
0.000802538
0.000797148
0.000790922
0.000784135
0.00077707
0.000770011
0.000763225
0.000756955
0.000340424
0.000337234
0.000334774
0.000333108
0.000332275
0.000332296
0.000333169
0.000334875
0.000337373
0.000340598
0.000344464
0.000348856
0.000353635
0.000358638
0.000363676
0.000368545
0.000373033
0.000376929
0.000380039
0.000382202
0.000383302
0.000383277
0.000382127
0.000379917
0.000376764
0.000372833
0.000368318
0.000363432
0.000358388
0.000353391
0.000348626
0.000344258
0.0010711
0.00106929
0.00106794
0.00106712
0.00106685
0.00106714
0.00106798
0.00106936
0.00107123
0.00107352
0.00107614
0.00107902
0.00108202
0.00108505
0.00108797
0.00109068
0.00109306
0.00109502
0.00109646
0.00109732
0.00109757
0.0010972
0.00109624
0.00109472
0.00109271
0.0010903
0.00108759
0.00108468
0.00108169
0.00107873
0.00107591
0.00107334
0.000971677
0.000968426
0.000966042
0.000964602
0.000964155
0.000964715
0.000966266
0.000968757
0.000972108
0.000976206
0.000980908
0.000986047
0.000991434
0.000996864
0.00100213
0.00100701
0.00101131
0.00101485
0.00101747
0.00101906
0.00101955
0.00101891
0.00101718
0.00101444
0.0010108
0.00100641
0.00100148
0.000996187
0.000990759
0.000985401
0.000980315
0.000975686
0.000750462
0.00074658
0.000743746
0.000742042
0.00074152
0.000742195
0.000744047
0.000747024
0.000751035
0.000755957
0.000761631
0.000767864
0.000774436
0.000781102
0.0007876
0.000793665
0.000799035
0.000803473
0.000806773
0.000808781
0.000809399
0.000808598
0.000806415
0.000802956
0.000798382
0.000792904
0.000786766
0.000780229
0.000773561
0.000767021
0.000760852
0.00075527
0.000339564
0.000336912
0.000334986
0.000333837
0.000333492
0.000333959
0.000335228
0.000337267
0.000340024
0.000343426
0.000347373
0.000351742
0.000356389
0.000361142
0.000365818
0.000370218
0.000374143
0.000377407
0.000379845
0.000381329
0.00038178
0.000381174
0.000379541
0.00037697
0.000373594
0.000369582
0.000365125
0.000360422
0.000355671
0.000351056
0.000346742
0.000342872
0.00107125
0.00106973
0.00106868
0.00106812
0.00106809
0.00106857
0.00106955
0.00107102
0.00107291
0.00107516
0.0010777
0.00108041
0.00108322
0.00108599
0.00108864
0.00109104
0.0010931
0.00109474
0.00109588
0.00109646
0.00109648
0.00109592
0.00109482
0.00109322
0.0010912
0.00108884
0.00108623
0.00108349
0.0010807
0.00107799
0.00107545
0.00107318
0.000971745
0.000969036
0.000967171
0.000966209
0.000966184
0.000967095
0.000968915
0.000971583
0.000975011
0.000979081
0.000983649
0.000988551
0.000993603
0.000998612
0.00100338
0.00100771
0.00101143
0.00101438
0.00101643
0.00101749
0.00101751
0.0010165
0.00101449
0.00101158
0.0010079
0.00100359
0.000998841
0.000993842
0.000988791
0.000983883
0.000979299
0.000975205
0.000750428
0.000747199
0.000744986
0.000743857
0.000743845
0.000744951
0.000747141
0.000750351
0.000754482
0.000759402
0.000764947
0.000770925
0.000777118
0.00078329
0.000789194
0.000794586
0.000799232
0.000802923
0.00080549
0.000806812
0.000806826
0.000805531
0.000802989
0.000799318
0.000794688
0.000789307
0.000783409
0.000777239
0.000771044
0.000765061
0.000759507
0.000754575
0.000339434
0.000337234
0.000335739
0.000334989
0.000335002
0.000335779
0.000337299
0.000339524
0.000342394
0.000345827
0.00034972
0.000353945
0.000358355
0.000362784
0.000367052
0.000370975
0.000374373
0.000377081
0.000378964
0.000379923
0.000379907
0.000378916
0.000377004
0.000374269
0.000370849
0.000366909
0.00036263
0.000358198
0.00035379
0.000349574
0.000345696
0.000342282
0.00107222
0.00107095
0.00107011
0.00106971
0.00106978
0.00107031
0.00107128
0.00107267
0.00107443
0.0010765
0.00107879
0.00108124
0.00108374
0.00108619
0.00108851
0.00109059
0.00109236
0.00109373
0.00109465
0.00109507
0.00109499
0.00109439
0.00109332
0.00109181
0.00108994
0.00108778
0.00108541
0.00108295
0.00108046
0.00107807
0.00107584
0.00107387
0.000973509
0.000971223
0.000969701
0.000968994
0.000969125
0.000970089
0.000971857
0.000974367
0.000977536
0.000981253
0.000985385
0.000989781
0.000994276
0.000998698
0.00100287
0.00100662
0.0010098
0.00101228
0.00101394
0.00101471
0.00101456
0.00101351
0.00101158
0.00100887
0.0010055
0.00100159
0.000997325
0.000992863
0.000988382
0.000984054
0.000980039
0.000976482
0.000752578
0.000749839
0.000748019
0.000747175
0.000747332
0.000748487
0.000750603
0.000753615
0.000757428
0.000761916
0.000766927
0.000772284
0.000777789
0.00078323
0.00078839
0.000793054
0.000797022
0.000800117
0.000802199
0.000803173
0.000802992
0.000801665
0.000799254
0.000795868
0.000791661
0.000786818
0.000781544
0.000776058
0.000770576
0.000765307
0.000760442
0.000756151
0.000341008
0.000339125
0.000337879
0.000337302
0.000337411
0.000338201
0.000339653
0.000341727
0.000344364
0.000347486
0.000350994
0.00035477
0.00035868
0.000362575
0.000366295
0.00036968
0.000372578
0.000374849
0.000376383
0.000377102
0.000376968
0.000375989
0.000374213
0.000371731
0.000368664
0.000365154
0.00036136
0.000357443
0.000353558
0.000349851
0.000346453
0.000343475
0.00107329
0.00107228
0.00107166
0.00107143
0.0010716
0.00107217
0.00107312
0.00107442
0.00107603
0.00107789
0.00107993
0.00108207
0.00108424
0.00108634
0.00108831
0.00109005
0.0010915
0.0010926
0.00109329
0.00109354
0.00109335
0.00109272
0.00109168
0.00109028
0.00108857
0.00108664
0.00108454
0.00108238
0.00108023
0.00107817
0.00107628
0.00107464
0.000975523
0.00097369
0.000972531
0.000972086
0.000972369
0.000973372
0.00097506
0.000977376
0.000980239
0.000983548
0.000987184
0.000991012
0.000994886
0.000998659
0.00100218
0.0010053
0.00100791
0.00100988
0.00101113
0.00101161
0.00101131
0.00101022
0.00100841
0.00100594
0.00100292
0.000999474
0.000995744
0.000991878
0.000988026
0.000984334
0.000980941
0.000977969
0.000755081
0.000752869
0.000751465
0.000750915
0.000751235
0.000752415
0.000754418
0.000757179
0.000760608
0.000764588
0.000768982
0.00077363
0.000778358
0.000782985
0.000787324
0.000791194
0.000794433
0.000796897
0.000798478
0.000799103
0.000798745
0.000797419
0.000795184
0.000792142
0.000788425
0.000784192
0.000779622
0.000774899
0.000770208
0.000765727
0.00076162
0.00075803
0.000342888
0.000341352
0.00034037
0.000339971
0.000340167
0.00034095
0.000342299
0.000344176
0.000346522
0.000349266
0.000352317
0.000355569
0.000358903
0.000362191
0.000365299
0.000368094
0.00037045
0.000372259
0.000373434
0.000373918
0.000373686
0.000372749
0.000371155
0.000368978
0.000366321
0.000363306
0.000360062
0.000356726
0.000353428
0.000350292
0.000347429
0.000344935
0.00107337
0.00107267
0.00107234
0.00107239
0.0010728
0.00107358
0.00107468
0.00107607
0.00107771
0.00107953
0.00108147
0.00108346
0.00108542
0.00108728
0.00108896
0.00109039
0.00109152
0.00109229
0.00109267
0.00109264
0.00109221
0.00109139
0.0010902
0.00108872
0.00108699
0.0010851
0.00108311
0.00108111
0.00107916
0.00107735
0.00107575
0.0010744
0.000975647
0.000974358
0.000973718
0.00097375
0.000974452
0.000975799
0.000977745
0.000980222
0.000983142
0.000986401
0.000989878
0.000993443
0.00099696
0.00100029
0.0010033
0.00100587
0.00100789
0.00100927
0.00100997
0.00100994
0.00100919
0.00100775
0.00100568
0.00100307
0.00100003
0.000996672
0.000993141
0.000989572
0.000986104
0.000982865
0.000979977
0.000977542
0.000755219
0.000753654
0.000752866
0.00075288
0.000753696
0.000755288
0.000757602
0.000760563
0.000764071
0.000768002
0.000772217
0.000776558
0.00078086
0.000784953
0.000788669
0.000791854
0.00079437
0.000796108
0.000796991
0.000796978
0.000796072
0.000794311
0.000791774
0.00078857
0.000784839
0.000780735
0.000776426
0.000772082
0.000767871
0.000763947
0.000760453
0.000757511
0.000342987
0.00034189
0.000341325
0.000341308
0.000341839
0.000342903
0.000344469
0.000346488
0.000348896
0.000351616
0.000354553
0.000357601
0.000360645
0.000363563
0.000366233
0.000368539
0.000370376
0.00037166
0.00037233
0.000372352
0.000371727
0.000370483
0.000368681
0.000366403
0.000363753
0.000360846
0.000357805
0.000354751
0.000351801
0.000349063
0.00034663
0.000344583
0.00107244
0.00107213
0.0010722
0.00107266
0.00107347
0.00107462
0.00107605
0.00107773
0.00107959
0.00108156
0.00108357
0.00108555
0.00108741
0.00108909
0.00109053
0.00109165
0.00109242
0.0010928
0.00109276
0.00109232
0.00109148
0.00109028
0.00108877
0.001087
0.00108507
0.00108304
0.00108099
0.00107901
0.00107717
0.00107553
0.00107417
0.00107313
0.000973873
0.000973267
0.000973349
0.000974116
0.000975541
0.000977575
0.000980145
0.000983162
0.000986515
0.000990083
0.000993731
0.000997318
0.00100071
0.00100376
0.00100635
0.00100837
0.00100975
0.00101041
0.00101033
0.00100951
0.001008
0.00100584
0.00100314
0.000999999
0.000996549
0.000992927
0.000989276
0.000985735
0.000982438
0.000979508
0.000977048
0.000975148
0.000752999
0.000752256
0.000752338
0.000753241
0.000754937
0.000757371
0.00076046
0.000764102
0.000768169
0.000772514
0.000776977
0.000781387
0.000785568
0.000789349
0.000792572
0.000795097
0.000796814
0.000797646
0.000797557
0.00079655
0.000794671
0.000792003
0.000788662
0.000784791
0.000780552
0.000776117
0.000771662
0.000767355
0.000763357
0.000759811
0.000756839
0.000754543
0.000341332
0.000340806
0.000340846
0.000341451
0.000342603
0.00034427
0.000346399
0.000348924
0.000351763
0.000354817
0.000357976
0.000361119
0.00036412
0.000366852
0.000369195
0.000371044
0.00037231
0.000372934
0.000372886
0.000372168
0.000370816
0.000368892
0.000366488
0.000363713
0.000360686
0.000357534
0.000354383
0.000351352
0.000348551
0.000346076
0.000344007
0.00034241
0.00107134
0.00107148
0.00107204
0.00107298
0.00107427
0.00107586
0.0010777
0.00107971
0.00108182
0.00108396
0.00108605
0.00108801
0.00108975
0.00109122
0.00109235
0.0010931
0.00109344
0.00109334
0.00109281
0.00109186
0.00109054
0.0010889
0.00108699
0.00108491
0.00108273
0.00108054
0.00107843
0.00107649
0.00107477
0.00107335
0.00107228
0.0010716
0.000971892
0.000972122
0.000973082
0.000974739
0.000977034
0.000979887
0.000983196
0.000986842
0.000990691
0.000994598
0.000998412
0.00100198
0.00100517
0.00100784
0.00100988
0.00101121
0.00101177
0.00101154
0.00101052
0.00100875
0.00100632
0.00100332
0.000999884
0.000996139
0.000992241
0.00098834
0.000984586
0.000981121
0.00097807
0.000975544
0.000973632
0.000972401
0.000750592
0.000750865
0.000752013
0.000754
0.00075676
0.000760204
0.000764213
0.00076865
0.000773353
0.000778149
0.000782851
0.000787271
0.000791227
0.000794549
0.000797094
0.000798747
0.000799436
0.000799127
0.000797837
0.000795624
0.000792586
0.000788857
0.000784596
0.000779982
0.000775201
0.000770441
0.00076588
0.000761687
0.000758009
0.000754972
0.000752678
0.000751203
0.000339624
0.000339814
0.000340607
0.000341978
0.000343889
0.000346282
0.000349082
0.000352198
0.000355522
0.000358932
0.000362297
0.000365479
0.000368341
0.000370756
0.000372611
0.000373817
0.000374316
0.000374084
0.000373131
0.000371506
0.000369286
0.000366577
0.000363501
0.000360192
0.000356786
0.000353418
0.000350213
0.000347284
0.00034473
0.000342631
0.000341053
0.00034004
0.00107036
0.00107094
0.00107195
0.00107334
0.00107507
0.00107708
0.00107927
0.00108159
0.00108393
0.00108622
0.00108837
0.00109028
0.0010919
0.00109315
0.00109399
0.00109438
0.0010943
0.00109375
0.00109275
0.00109133
0.00108957
0.00108751
0.00108525
0.00108288
0.00108049
0.00107817
0.00107602
0.00107412
0.00107254
0.00107134
0.00107056
0.00107023
0.000970287
0.000971306
0.000973085
0.000975564
0.000978656
0.00098225
0.000986219
0.000990415
0.000994683
0.000998857
0.00100277
0.00100628
0.00100922
0.00101148
0.00101296
0.0010136
0.00101337
0.00101228
0.00101038
0.00100774
0.00100448
0.00100074
0.000996654
0.0009924
0.00098814
0.000984037
0.000980244
0.000976901
0.000974126
0.000972017
0.000970649
0.000970065
0.000748732
0.00074996
0.0007521
0.000755083
0.000758813
0.000763165
0.00076799
0.000773114
0.000778348
0.00078349
0.000788334
0.000792677
0.000796334
0.000799143
0.000800977
0.000801753
0.000801436
0.000800039
0.000797628
0.000794312
0.000790239
0.000785586
0.000780547
0.000775329
0.000770134
0.000765161
0.000760588
0.000756577
0.000753264
0.000750757
0.000749137
0.000748455
0.000338407
0.000339269
0.000340756
0.000342829
0.000345425
0.000348465
0.000351852
0.00035547
0.000359187
0.00036286
0.000366339
0.000369472
0.000372117
0.000374149
0.000375468
0.00037601
0.000375746
0.000374691
0.000372898
0.000370455
0.000367481
0.000364111
0.000360493
0.000356778
0.000353113
0.000349633
0.000346459
0.000343696
0.00034143
0.000339728
0.00033864
0.000338196
0.00106921
0.00107009
0.00107143
0.00107317
0.00107526
0.00107761
0.00108013
0.00108273
0.00108532
0.00108779
0.00109006
0.00109203
0.00109363
0.00109479
0.00109547
0.00109563
0.00109528
0.00109441
0.00109306
0.00109129
0.00108916
0.00108676
0.00108418
0.00108153
0.00107891
0.00107642
0.00107416
0.00107222
0.00107067
0.00106955
0.00106893
0.00106881
0.000968407
0.000969942
0.000972288
0.000975366
0.000979067
0.00098326
0.000987795
0.000992503
0.000997206
0.00100172
0.00100587
0.00100947
0.00101239
0.0010145
0.0010157
0.00101594
0.00101522
0.00101356
0.00101104
0.00100776
0.00100386
0.000999502
0.000994862
0.000990124
0.000985472
0.000981082
0.000977113
0.000973709
0.00097099
0.000969048
0.000967952
0.000967735
0.000746562
0.000748395
0.000751199
0.000754886
0.000759338
0.000764406
0.000769915
0.000775665
0.000781441
0.000787013
0.000792154
0.000796645
0.000800287
0.000802916
0.000804409
0.000804697
0.000803767
0.000801663
0.000798482
0.000794371
0.000789512
0.000784117
0.00077841
0.000772621
0.000766971
0.00076167
0.000756905
0.000752838
0.000749603
0.000747302
0.000746007
0.000745758
0.000336988
0.00033825
0.000340178
0.00034272
0.000345803
0.000349332
0.000353192
0.00035725
0.000361356
0.000365345
0.000369049
0.000372302
0.00037495
0.000376862
0.000377943
0.000378135
0.00037743
0.000375863
0.000373517
0.000370508
0.00036698
0.000363095
0.000359022
0.000354927
0.000350965
0.000347279
0.000343992
0.000341206
0.000339005
0.000337449
0.000336583
0.000336428
0.00106756
0.00106868
0.0010703
0.00107236
0.00107479
0.00107751
0.00108039
0.00108334
0.00108625
0.00108901
0.00109151
0.00109365
0.00109535
0.00109653
0.00109716
0.00109721
0.00109666
0.00109554
0.0010939
0.00109179
0.0010893
0.00108654
0.0010836
0.0010806
0.00107767
0.00107492
0.00107245
0.00107035
0.00106871
0.00106758
0.001067
0.001067
0.000965594
0.000967492
0.000970289
0.000973891
0.000978175
0.000982989
0.000988161
0.000993497
0.000998796
0.00100385
0.00100845
0.00101242
0.00101557
0.00101778
0.00101895
0.00101902
0.001018
0.00101593
0.00101289
0.00100903
0.00100449
0.000999484
0.000994199
0.000988848
0.000983637
0.00097876
0.000974395
0.000970695
0.000967789
0.000965776
0.000964721
0.00096466
0.000743237
0.000745466
0.000748774
0.000753059
0.000758186
0.000763986
0.000770259
0.00077678
0.000783302
0.000789565
0.000795309
0.000800284
0.000804265
0.000807069
0.000808562
0.000808672
0.000807394
0.000804791
0.000800985
0.000796155
0.000790519
0.000784323
0.000777826
0.000771288
0.000764959
0.000759069
0.000753822
0.000749392
0.000745921
0.000743515
0.000742246
0.000742153
0.000334702
0.000336194
0.000338427
0.000341343
0.000344861
0.000348876
0.00035326
0.000357863
0.000362513
0.000367023
0.000371201
0.000374852
0.000377801
0.000379896
0.000381028
0.000381135
0.000380213
0.000378312
0.000375532
0.000372016
0.000367935
0.000363481
0.000358847
0.000354221
0.000349778
0.000345675
0.000342042
0.000338991
0.000336607
0.000334954
0.000334074
0.00033399
0.00106573
0.0010672
0.00106922
0.00107172
0.00107461
0.00107778
0.00108111
0.00108448
0.00108775
0.00109081
0.00109354
0.00109582
0.00109756
0.00109869
0.00109917
0.00109898
0.00109812
0.00109662
0.00109455
0.00109198
0.00108902
0.00108579
0.00108241
0.00107902
0.00107574
0.00107272
0.00107005
0.00106784
0.00106616
0.00106509
0.00106465
0.00106487
0.000962411
0.000964897
0.000968378
0.000972737
0.000977825
0.000983465
0.000989452
0.000995564
0.00100156
0.00100722
0.00101229
0.00101656
0.00101985
0.00102202
0.00102297
0.00102265
0.00102108
0.00101833
0.00101452
0.00100982
0.00100443
0.00099857
0.00099248
0.000986398
0.000980556
0.000975167
0.000970425
0.000966493
0.000963503
0.000961555
0.000960712
0.000961
0.000739451
0.000742352
0.000746449
0.00075162
0.000757703
0.000764502
0.000771783
0.00077928
0.000786707
0.000793762
0.000800144
0.000805567
0.00080978
0.00081258
0.000813831
0.000813471
0.000811518
0.000808069
0.000803291
0.000797412
0.0007907
0.000783447
0.000775957
0.000768525
0.000761429
0.000754921
0.000749219
0.000744504
0.000740921
0.000738576
0.000737536
0.000737831
0.000332061
0.000333977
0.00033672
0.00034022
0.000344385
0.000349094
0.000354197
0.000359518
0.000364857
0.000369994
0.000374699
0.000378748
0.000381934
0.000384087
0.00038509
0.000384885
0.000383486
0.000380972
0.000377478
0.00037319
0.00036832
0.000363096
0.000357744
0.000352478
0.00034749
0.000342948
0.000338991
0.000335731
0.000333254
0.00033162
0.000330869
0.000331017
0.00106433
0.0010664
0.00106904
0.00107216
0.00107565
0.00107938
0.0010832
0.00108697
0.00109055
0.00109379
0.00109657
0.00109878
0.00110032
0.00110113
0.00110118
0.00110047
0.00109902
0.00109688
0.00109415
0.00109094
0.00108737
0.00108359
0.00107974
0.00107597
0.00107243
0.00106926
0.00106657
0.00106445
0.00106299
0.00106223
0.0010622
0.00106292
0.000960047
0.000963601
0.000968202
0.000973697
0.000979898
0.000986587
0.000993517
0.00100043
0.00100704
0.00101309
0.00101832
0.0010225
0.00102544
0.00102702
0.00102716
0.00102585
0.00102316
0.0010192
0.00101415
0.00100824
0.00100172
0.000994842
0.000987895
0.00098114
0.000974827
0.000969182
0.000964397
0.000960634
0.000958015
0.000956622
0.000956501
0.000957655
0.000736674
0.000740843
0.000746284
0.000752836
0.000760295
0.000768413
0.000776906
0.000785454
0.000793716
0.000801341
0.000807988
0.000813345
0.000817152
0.000819218
0.000819438
0.000817802
0.000814394
0.000809386
0.000803025
0.000795611
0.00078748
0.000778979
0.000770453
0.000762224
0.000754587
0.000747798
0.000742071
0.000737577
0.000734446
0.000732765
0.000732579
0.000733893
0.000330129
0.00033291
0.000336581
0.000341052
0.000346203
0.000351883
0.000357906
0.000364054
0.000370078
0.000375715
0.000380695
0.00038476
0.000387689
0.000389316
0.000389546
0.000388367
0.000385849
0.000382137
0.000377437
0.000371996
0.000366079
0.000359954
0.000353873
0.000348064
0.000342722
0.000338011
0.000334061
0.000330971
0.000328814
0.000327636
0.000327464
0.000328301
0.00106394
0.00106677
0.00107014
0.00107396
0.00107806
0.00108231
0.00108653
0.00109057
0.00109426
0.00109747
0.00110006
0.00110192
0.00110298
0.00110319
0.00110254
0.00110106
0.00109881
0.00109587
0.00109237
0.00108845
0.00108427
0.00107999
0.00107578
0.00107179
0.00106818
0.00106509
0.00106262
0.00106086
0.00105988
0.00105971
0.00106034
0.00106178
0.000959533
0.000964486
0.000970466
0.000977275
0.000984675
0.000992399
0.00100015
0.00100764
0.00101454
0.00102057
0.00102546
0.00102899
0.001031
0.0010314
0.00103017
0.00102736
0.0010231
0.0010176
0.00101108
0.00100385
0.000996185
0.000988408
0.000980815
0.000973685
0.000967273
0.000961797
0.000957438
0.000954335
0.000952584
0.00095224
0.000953313
0.000955769
0.000736137
0.000742005
0.000749145
0.000757343
0.000766336
0.000775815
0.000785429
0.000794797
0.00080352
0.000811204
0.000817485
0.000822049
0.000824662
0.000825189
0.000823602
0.000819986
0.000814529
0.000807509
0.000799266
0.000790182
0.000780654
0.000771072
0.000761802
0.000753174
0.000745474
0.000738942
0.000733767
0.000730093
0.000728018
0.000727595
0.000728835
0.000731708
0.000329763
0.00033374
0.00033863
0.000344311
0.000350624
0.000357372
0.000364314
0.000371176
0.000377654
0.000383435
0.000388214
0.000391722
0.000393752
0.000394181
0.000392983
0.000390234
0.000386098
0.000380818
0.000374679
0.000367994
0.00036107
0.000354197
0.000347634
0.000341598
0.00033627
0.000331791
0.000328267
0.000325775
0.000324364
0.000324062
0.000324875
0.000326787
0.00106493
0.00106841
0.00107238
0.0010767
0.0010812
0.00108572
0.00109008
0.00109412
0.00109766
0.00110057
0.00110273
0.00110405
0.00110447
0.00110397
0.00110256
0.00110032
0.00109733
0.0010937
0.00108959
0.00108517
0.00108062
0.0010761
0.00107179
0.00106785
0.00106443
0.00106166
0.00105963
0.00105842
0.00105805
0.00105856
0.00105991
0.00106206
0.000961431
0.000967642
0.000974783
0.000982611
0.000990847
0.000999182
0.00100729
0.00101484
0.00102152
0.00102702
0.0010311
0.00103357
0.00103431
0.00103329
0.00103055
0.00102623
0.00102052
0.00101368
0.00100601
0.000997841
0.000989495
0.0009813
0.000973559
0.000966548
0.000960506
0.000955631
0.000952077
0.000949953
0.000949324
0.000950206
0.000952574
0.000956355
0.000738478
0.00074591
0.000754524
0.000764053
0.000774177
0.000784529
0.000794703
0.000804267
0.000812792
0.000819867
0.000825138
0.000828329
0.00082927
0.000827911
0.000824325
0.000818705
0.000811343
0.000802605
0.000792905
0.000782675
0.00077234
0.000762299
0.000752913
0.000744491
0.000737294
0.000731528
0.000727348
0.000724863
0.000724135
0.00072518
0.000727973
0.000732444
0.000331382
0.000336498
0.000342494
0.000349212
0.000356448
0.000363955
0.00037144
0.000378576
0.000385015
0.000390416
0.000394468
0.000396926
0.000397635
0.000396551
0.000393744
0.00038939
0.000383751
0.000377145
0.000369917
0.000362409
0.000354942
0.000347797
0.000341215
0.000335388
0.000330467
0.000326563
0.000323758
0.000322104
0.00032163
0.000322343
0.000324233
0.000327265
0.00106745
0.00107119
0.00107532
0.00107968
0.00108412
0.00108847
0.00109255
0.00109621
0.0010993
0.00110169
0.00110328
0.00110401
0.00110384
0.00110278
0.00110086
0.00109817
0.00109482
0.00109093
0.00108668
0.00108223
0.00107776
0.00107344
0.00106944
0.00106589
0.00106294
0.00106068
0.00105921
0.00105857
0.00105877
0.00105981
0.00106166
0.00106423
0.000965947
0.000972701
0.000980211
0.000988214
0.000996414
0.0010045
0.00101214
0.00101902
0.00102483
0.00102933
0.00103229
0.00103358
0.00103314
0.00103099
0.00102723
0.00102203
0.00101563
0.00100832
0.0010004
0.00099221
0.000984059
0.000976261
0.000969097
0.000962815
0.000957623
0.000953689
0.000951135
0.000950037
0.000950427
0.000952292
0.000955576
0.000960176
0.000743921
0.000752077
0.00076122
0.00077105
0.00078122
0.000791341
0.000800996
0.000809757
0.000817213
0.000822995
0.000826803
0.000828437
0.000827807
0.000824948
0.000820012
0.000813259
0.000805029
0.000795718
0.000785748
0.000775544
0.00076551
0.000756014
0.000747379
0.000739879
0.000733733
0.000729112
0.000726135
0.000724878
0.000725371
0.0007276
0.00073151
0.000737
0.000335169
0.000340863
0.000347318
0.000354346
0.000361715
0.000369149
0.000376333
0.00038293
0.000388596
0.000393016
0.000395924
0.000397139
0.000396584
0.000394295
0.000390415
0.000385181
0.000378893
0.000371888
0.000364507
0.000357076
0.000349888
0.00034319
0.000337189
0.000332046
0.000327883
0.000324787
0.00032282
0.000322015
0.000322385
0.000323925
0.000326607
0.000330381
0.00107109
0.00107449
0.00107816
0.00108198
0.00108579
0.00108946
0.00109283
0.00109578
0.00109819
0.00109996
0.00110101
0.0011013
0.00110082
0.00109957
0.00109761
0.00109502
0.00109191
0.00108839
0.00108461
0.00108073
0.00107689
0.00107325
0.00106994
0.00106708
0.00106478
0.00106313
0.00106217
0.00106195
0.00106247
0.00106369
0.00106559
0.00106809
0.000972302
0.000978484
0.000985203
0.000992217
0.000999262
0.00100606
0.00101234
0.00101783
0.0010223
0.00102553
0.0010274
0.00102781
0.00102673
0.00102423
0.00102041
0.00101545
0.00100956
0.00100299
0.000996034
0.000988953
0.000982026
0.000975511
0.000969642
0.00096462
0.000960615
0.000957755
0.000956131
0.000955792
0.000956748
0.000958967
0.000962378
0.000966872
0.000751548
0.000759061
0.000767284
0.000775933
0.000784687
0.000793199
0.00080111
0.000808066
0.00081374
0.000817851
0.000820193
0.000820643
0.000819178
0.000815874
0.0008109
0.000804504
0.000796993
0.000788712
0.000780019
0.00077127
0.000762801
0.000754914
0.000747876
0.000741907
0.000737186
0.000733846
0.000731977
0.000731627
0.000732806
0.000735481
0.000739579
0.000744987
0.000340543
0.000345839
0.000351687
0.000357901
0.000364257
0.000370501
0.000376358
0.000381545
0.000385792
0.000388864
0.000390581
0.000390841
0.000389627
0.000387012
0.000383151
0.000378261
0.000372604
0.000366459
0.000360107
0.000353811
0.000347806
0.000342295
0.000337442
0.000333379
0.000330205
0.000327992
0.000326785
0.000326609
0.000327466
0.000329339
0.000332189
0.000335954
0.00107443
0.00107697
0.00107971
0.00108255
0.00108538
0.00108808
0.00109057
0.00109274
0.0010945
0.00109578
0.00109654
0.00109673
0.00109634
0.00109539
0.00109391
0.00109196
0.00108962
0.00108698
0.00108415
0.00108125
0.00107838
0.00107567
0.00107322
0.00107111
0.00106942
0.00106823
0.00106756
0.00106744
0.00106787
0.00106883
0.00107028
0.00107217
0.000978016
0.000982629
0.00098761
0.000992775
0.000997929
0.00100287
0.0010074
0.00101133
0.00101449
0.00101675
0.001018
0.0010182
0.00101733
0.00101542
0.00101258
0.0010089
0.00100457
0.000999744
0.000994633
0.000989436
0.000984355
0.00097958
0.000975284
0.00097162
0.000968714
0.000966666
0.000965541
0.000965377
0.000966177
0.000967914
0.000970529
0.000973936
0.000758376
0.000763983
0.000770063
0.000776399
0.00078275
0.000788866
0.00079449
0.000799377
0.000803307
0.000806096
0.000807611
0.00080778
0.000806594
0.000804113
0.000800455
0.000795792
0.000790336
0.000784326
0.000778015
0.000771655
0.00076549
0.000759743
0.000754615
0.000750274
0.000746859
0.000744474
0.00074319
0.000743046
0.000744044
0.000746155
0.000749317
0.000753434
0.000345376
0.00034932
0.000353617
0.000358121
0.000362663
0.000367059
0.000371119
0.000374654
0.00037749
0.000379483
0.000380526
0.000380563
0.000379594
0.000377671
0.000374897
0.000371415
0.000367396
0.000363027
0.000358497
0.000353989
0.000349673
0.000345698
0.000342191
0.000339257
0.000336978
0.000335414
0.000334605
0.000334571
0.000335313
0.000336812
0.000339031
0.000341913
0.00107606
0.0010776
0.00107931
0.00108115
0.00108304
0.00108491
0.00108669
0.00108832
0.00108973
0.00109087
0.00109168
0.00109212
0.00109219
0.00109187
0.00109117
0.00109012
0.00108876
0.00108714
0.00108534
0.00108344
0.00108149
0.00107959
0.00107781
0.00107621
0.00107486
0.0010738
0.00107308
0.00107271
0.0010727
0.00107305
0.00107375
0.00107477
0.000980621
0.000983362
0.000986431
0.000989714
0.000993088
0.000996424
0.000999591
0.00100246
0.00100492
0.00100687
0.00100822
0.00100892
0.00100894
0.00100827
0.00100695
0.00100503
0.0010026
0.000999741
0.000996584
0.000993251
0.000989872
0.000986578
0.000983493
0.000980731
0.000978391
0.000976558
0.000975296
0.000974648
0.000974636
0.00097526
0.000976497
0.000978306
0.00076139
0.000764693
0.000768397
0.00077237
0.000776463
0.000780518
0.000784373
0.000787871
0.000790864
0.000793222
0.000794845
0.00079566
0.000795632
0.000794764
0.000793097
0.000790705
0.000787693
0.00078419
0.000780341
0.000776302
0.000772231
0.000768282
0.000764602
0.000761321
0.000758555
0.000756396
0.000754919
0.000754171
0.000754177
0.000754938
0.00075643
0.000758605
0.000347435
0.000349715
0.000352276
0.000355029
0.000357873
0.000360699
0.000363391
0.000365836
0.000367925
0.000369565
0.000370679
0.000371216
0.000371151
0.000370488
0.000369261
0.00036753
0.000365373
0.000362889
0.000360183
0.000357367
0.000354551
0.000351842
0.000349335
0.000347118
0.000345262
0.000343827
0.000342858
0.000342384
0.00034242
0.000342966
0.000344007
0.000345512
0.00107575
0.00107644
0.00107737
0.0010785
0.00107979
0.00108118
0.00108264
0.00108411
0.00108552
0.00108682
0.00108797
0.0010889
0.00108958
0.00108998
0.00109008
0.00108987
0.00108936
0.00108859
0.00108758
0.00108637
0.00108502
0.00108358
0.00108212
0.00108067
0.00107931
0.00107807
0.00107702
0.00107617
0.00107556
0.0010752
0.00107512
0.0010753
0.000979707
0.000980952
0.000982607
0.000984613
0.000986897
0.000989374
0.000991951
0.000994529
0.000997007
0.000999287
0.00100128
0.0010029
0.00100409
0.00100479
0.00100498
0.00100465
0.00100381
0.0010025
0.00100077
0.000998695
0.000996356
0.000993846
0.000991264
0.000988709
0.000986279
0.000984064
0.000982145
0.000980593
0.000979462
0.000978793
0.000978609
0.000978917
0.000760089
0.000761569
0.000763545
0.000765948
0.000768693
0.000771678
0.000774791
0.000777914
0.000780924
0.000783701
0.000786133
0.00078812
0.000789579
0.000790449
0.000790694
0.000790304
0.000789297
0.000787714
0.000785623
0.000783111
0.00078028
0.000777244
0.000774122
0.000771036
0.000768101
0.000765426
0.000763108
0.000761231
0.000759859
0.00075904
0.000758803
0.000759157
0.000346328
0.000347321
0.000348659
0.000350295
0.000352174
0.00035423
0.000356386
0.00035856
0.000360668
0.000362624
0.000364347
0.000365763
0.000366813
0.00036745
0.000367645
0.000367392
0.000366701
0.000365604
0.000364149
0.000362398
0.000360425
0.000358311
0.000356141
0.000353999
0.000351965
0.000350113
0.000348509
0.000347207
0.000346251
0.000345672
0.000345491
0.000345712
0.00107448
0.00107455
0.00107492
0.00107559
0.00107652
0.00107769
0.00107905
0.00108056
0.00108215
0.00108376
0.00108533
0.00108678
0.00108807
0.00108914
0.00108993
0.00109043
0.0010906
0.00109045
0.00108999
0.00108925
0.00108825
0.00108703
0.00108565
0.00108416
0.00108262
0.00108107
0.00107959
0.00107822
0.00107701
0.00107599
0.00107522
0.0010747
0.000977151
0.000977312
0.000978016
0.000979237
0.000980934
0.000983045
0.000985493
0.000988189
0.000991029
0.000993907
0.00099671
0.000999328
0.00100166
0.0010036
0.00100508
0.00100604
0.00100643
0.00100625
0.00100549
0.0010042
0.00100242
0.00100023
0.000997716
0.000994981
0.00099213
0.000989275
0.000986524
0.000983979
0.000981734
0.00097987
0.000978454
0.000977536
0.00075681
0.000756998
0.000757844
0.000759317
0.000761368
0.000763926
0.000766901
0.000770185
0.000773658
0.00077719
0.000780644
0.000783883
0.000786777
0.000789206
0.00079107
0.000792286
0.000792804
0.000792601
0.000791684
0.000790094
0.000787897
0.000785188
0.000782079
0.000778698
0.00077518
0.000771663
0.000768281
0.00076516
0.000762411
0.000760133
0.000758404
0.000757284
0.000343805
0.000343922
0.000344497
0.000345513
0.000346938
0.000348725
0.000350814
0.000353134
0.000355603
0.000358129
0.000360614
0.00036296
0.00036507
0.000366854
0.000368232
0.000369143
0.000369544
0.000369416
0.000368765
0.00036762
0.000366034
0.000364076
0.000361832
0.000359398
0.000356874
0.000354359
0.000351949
0.000349731
0.000347783
0.000346171
0.000344947
0.00034415
0.00107372
0.00107323
0.00107309
0.00107331
0.00107388
0.00107479
0.001076
0.00107746
0.00107913
0.00108093
0.00108279
0.00108465
0.00108641
0.00108801
0.00108938
0.00109047
0.00109124
0.00109166
0.00109172
0.00109142
0.00109078
0.00108983
0.0010886
0.00108715
0.00108552
0.00108378
0.00108199
0.00108023
0.00107854
0.00107699
0.00107564
0.00107453
0.000975668
0.000974847
0.000974657
0.000975107
0.000976181
0.000977844
0.000980035
0.000982676
0.00098567
0.000988907
0.000992264
0.000995611
0.000998819
0.00100176
0.00100431
0.00100638
0.00100786
0.00100872
0.0010089
0.00100841
0.00100726
0.0010055
0.00100321
0.00100048
0.000997414
0.000994145
0.000990795
0.000987493
0.000984362
0.000981519
0.000979066
0.000977092
0.000754928
0.000753941
0.000753722
0.000754276
0.000755586
0.000757609
0.000760276
0.000763497
0.00076716
0.000771132
0.000775267
0.000779409
0.000783395
0.000787066
0.000790269
0.00079287
0.000794756
0.000795844
0.000796086
0.000795472
0.000794027
0.000791817
0.000788937
0.000785511
0.000781683
0.000777609
0.000773452
0.00076937
0.000765518
0.000762035
0.000759044
0.000756648
0.00034237
0.000341683
0.000341534
0.000341928
0.000342851
0.000344277
0.000346162
0.000348446
0.000351054
0.000353898
0.000356876
0.000359876
0.000362781
0.00036547
0.000367829
0.000369753
0.000371152
0.00037196
0.000372139
0.00037168
0.000370605
0.000368963
0.000366833
0.00036431
0.000361507
0.000358541
0.000355532
0.000352598
0.000349846
0.000347371
0.000345258
0.000343573
0.00107431
0.0010733
0.00107263
0.00107235
0.00107245
0.00107294
0.0010738
0.001075
0.0010765
0.00107823
0.00108012
0.0010821
0.00108409
0.00108601
0.00108777
0.00108932
0.00109058
0.00109152
0.00109212
0.00109233
0.00109217
0.00109164
0.00109077
0.00108958
0.00108812
0.00108645
0.00108463
0.00108273
0.0010808
0.00107894
0.00107719
0.00107562
0.000976824
0.000975066
0.000973934
0.000973469
0.000973688
0.000974584
0.000976126
0.00097826
0.000980908
0.000983976
0.00098735
0.000990903
0.000994499
0.000998
0.00100127
0.00100417
0.00100658
0.00100842
0.0010096
0.00101008
0.00100983
0.00100887
0.00100724
0.001005
0.00100225
0.000999105
0.000995682
0.000992119
0.000988552
0.000985117
0.000981942
0.000979144
0.000756382
0.00075426
0.000752898
0.000752342
0.000752609
0.000753691
0.000755553
0.000758133
0.000761345
0.000765078
0.0007692
0.000773561
0.000777998
0.00078234
0.000786413
0.00079005
0.000793098
0.000795425
0.00079693
0.000797545
0.000797244
0.00079604
0.000793986
0.000791174
0.000787726
0.000783787
0.000779522
0.000775102
0.000770699
0.000766479
0.000762598
0.000759193
0.000343456
0.000341972
0.000341021
0.000340633
0.000340818
0.000341571
0.000342869
0.000344675
0.000346933
0.000349571
0.000352501
0.000355621
0.000358817
0.000361965
0.000364937
0.000367608
0.000369858
0.000371585
0.000372706
0.000373168
0.000372948
0.000372057
0.000370538
0.000368463
0.000365929
0.000363049
0.000359949
0.000356755
0.000353594
0.000350584
0.000347832
0.00034543
0.0010758
0.0010744
0.0010733
0.00107256
0.0010722
0.00107224
0.00107267
0.00107349
0.00107466
0.00107613
0.00107785
0.00107974
0.00108173
0.00108374
0.00108568
0.00108748
0.00108908
0.00109041
0.00109144
0.00109212
0.00109244
0.00109237
0.00109193
0.00109114
0.00109001
0.0010886
0.00108695
0.00108513
0.0010832
0.00108123
0.00107929
0.00107746
0.000979811
0.000977344
0.000975423
0.000974116
0.000973472
0.000973512
0.000974237
0.000975619
0.000977612
0.000980142
0.000983119
0.000986432
0.000989958
0.000993563
0.000997108
0.00100045
0.00100347
0.00100603
0.00100804
0.0010094
0.00101008
0.00101003
0.00100926
0.0010078
0.00100571
0.00100309
0.00100003
0.000996652
0.000993099
0.000989505
0.000986006
0.000982734
0.000760195
0.000757204
0.000754875
0.000753286
0.00075249
0.000752512
0.000753351
0.000754982
0.000757348
0.000760373
0.000763951
0.000767958
0.000772249
0.000776665
0.000781037
0.000785191
0.00078896
0.000792186
0.000794731
0.000796484
0.000797367
0.000797342
0.000796408
0.000794609
0.000792023
0.000788763
0.000784969
0.000780798
0.000776421
0.000772009
0.000767731
0.000763745
0.000346373
0.000344269
0.000342628
0.000341499
0.000340918
0.000340899
0.000341445
0.000342539
0.000344149
0.000346225
0.000348702
0.0003515
0.000354521
0.000357656
0.000360788
0.000363791
0.00036654
0.000368914
0.000370807
0.000372129
0.000372818
0.00037284
0.000372195
0.000370912
0.000369055
0.000366709
0.000363981
0.00036099
0.000357862
0.000354722
0.000351689
0.000348874
0.0010768
0.00107517
0.00107381
0.00107279
0.00107214
0.0010719
0.00107206
0.00107263
0.00107359
0.00107488
0.00107647
0.00107829
0.00108026
0.0010823
0.00108433
0.00108627
0.00108806
0.00108962
0.00109091
0.00109188
0.00109248
0.00109271
0.00109255
0.00109201
0.0010911
0.00108987
0.00108835
0.0010866
0.00108469
0.00108267
0.00108064
0.00107865
0.000981983
0.000979105
0.00097671
0.000974885
0.000973696
0.000973185
0.000973369
0.000974243
0.000975775
0.000977912
0.000980575
0.000983668
0.000987077
0.000990675
0.000994323
0.000997883
0.00100121
0.00100419
0.00100668
0.00100859
0.00100984
0.00101038
0.00101018
0.00100926
0.00100765
0.00100542
0.00100266
0.000999482
0.000996013
0.000992389
0.000988752
0.000985239
0.000763063
0.000759571
0.000756661
0.000754431
0.000752956
0.000752285
0.00075244
0.000753414
0.000755178
0.000757671
0.000760812
0.000764491
0.00076858
0.00077293
0.000777381
0.000781759
0.000785893
0.000789612
0.000792762
0.000795205
0.000796837
0.000797583
0.000797412
0.00079633
0.000794385
0.000791664
0.000788285
0.000784391
0.000780146
0.00077572
0.000771287
0.000767016
0.000348686
0.000346225
0.000344165
0.00034257
0.00034149
0.000340956
0.000340984
0.000341572
0.000342705
0.000344347
0.000346449
0.000348944
0.000351751
0.000354771
0.000357898
0.00036101
0.000363983
0.000366694
0.000369023
0.000370864
0.000372132
0.000372765
0.000372734
0.000372038
0.000370713
0.00036882
0.00036645
0.000363708
0.000360715
0.000357595
0.000354473
0.000351467
0.00107557
0.00107384
0.00107243
0.00107141
0.00107081
0.00107066
0.00107097
0.00107172
0.00107289
0.00107442
0.00107626
0.00107834
0.00108056
0.00108284
0.00108509
0.00108722
0.00108915
0.00109082
0.00109216
0.00109313
0.00109369
0.00109382
0.00109351
0.00109278
0.00109166
0.00109019
0.00108842
0.00108641
0.00108424
0.00108198
0.00107973
0.00107757
0.000979886
0.000976854
0.000974388
0.000972576
0.000971482
0.000971145
0.000971577
0.000972763
0.000974662
0.000977206
0.000980306
0.000983849
0.000987704
0.000991726
0.000995763
0.000999656
0.00100325
0.00100641
0.001009
0.00101091
0.00101207
0.00101242
0.00101195
0.00101069
0.00100868
0.00100601
0.00100279
0.000999144
0.000995229
0.000991192
0.00098719
0.000983374
0.000760575
0.000756915
0.000753934
0.000751731
0.000750378
0.000749919
0.000750369
0.000751713
0.00075391
0.000756888
0.000760548
0.000764765
0.000769392
0.000774259
0.000779185
0.000783976
0.000788441
0.000792393
0.000795663
0.000798107
0.000799618
0.000800127
0.000799611
0.000798095
0.000795647
0.000792377
0.000788428
0.00078397
0.000779186
0.000774269
0.000769409
0.000764789
0.000346987
0.000344428
0.000342335
0.000340771
0.000339784
0.0003394
0.000339632
0.000340473
0.000341898
0.000343868
0.000346322
0.000349184
0.00035236
0.00035574
0.000359199
0.000362603
0.000365813
0.000368691
0.000371107
0.000372947
0.000374125
0.000374581
0.000374295
0.00037328
0.000371587
0.000369299
0.000366522
0.000363383
0.000360018
0.000356566
0.000353161
0.00034993
0.00107189
0.00107015
0.00106886
0.00106809
0.00106785
0.00106817
0.00106903
0.0010704
0.00107223
0.00107445
0.00107697
0.00107968
0.00108249
0.00108528
0.00108793
0.00109035
0.00109244
0.00109414
0.00109536
0.00109608
0.00109627
0.00109592
0.00109504
0.00109368
0.00109188
0.00108971
0.00108725
0.0010846
0.00108185
0.00107911
0.00107647
0.00107403
0.000973069
0.000970061
0.000967862
0.000966548
0.000966165
0.000966726
0.000968213
0.000970576
0.000973735
0.00097758
0.000981975
0.000986761
0.000991758
0.000996777
0.00100162
0.0010061
0.00101002
0.00101323
0.00101559
0.001017
0.0010174
0.00101677
0.00101514
0.00101258
0.00100921
0.00100516
0.00100061
0.00099573
0.000990719
0.000985769
0.000981066
0.000976781
0.000752161
0.000748575
0.000745961
0.000744401
0.000743942
0.0007446
0.000746355
0.000749156
0.000752916
0.000757516
0.000762803
0.000768598
0.000774691
0.000780853
0.000786844
0.000792417
0.000797334
0.000801377
0.000804364
0.000806155
0.000806668
0.000805878
0.000803825
0.000800607
0.000796373
0.000791316
0.000785657
0.000779633
0.000773487
0.000767455
0.000761761
0.000756605
0.000340819
0.000338361
0.000336575
0.000335509
0.000335192
0.000335633
0.00033682
0.000338724
0.000341294
0.000344458
0.000348123
0.000352173
0.000356468
0.000360853
0.000365153
0.000369188
0.000372776
0.000375747
0.000377955
0.000379285
0.00037967
0.00037909
0.000377577
0.000375211
0.000372114
0.000368437
0.000364353
0.00036004
0.000355677
0.000351431
0.000347454
0.00034388
0.00106797
0.00106622
0.00106506
0.00106455
0.00106471
0.00106552
0.00106696
0.00106899
0.00107151
0.00107445
0.00107767
0.00108106
0.00108449
0.0010878
0.00109088
0.00109359
0.00109584
0.00109755
0.00109865
0.00109909
0.00109888
0.00109801
0.00109653
0.00109449
0.00109197
0.00108907
0.00108591
0.00108259
0.00107924
0.00107599
0.00107295
0.00107024
0.00096583
0.000962865
0.000960961
0.000960182
0.000960555
0.000962067
0.000964671
0.000968281
0.000972776
0.000978002
0.000983775
0.000989884
0.000996099
0.00100218
0.00100788
0.00101297
0.00101723
0.00102048
0.00102257
0.00102341
0.00102297
0.00102127
0.00101839
0.00101444
0.00100961
0.0010041
0.000998142
0.000991968
0.00098582
0.00097993
0.000974511
0.000969756
0.000743274
0.000739787
0.000737574
0.000736698
0.000737184
0.000739021
0.000742156
0.0007465
0.000751923
0.000758256
0.000765292
0.000772788
0.000780468
0.000788036
0.000795181
0.000801595
0.000806989
0.000811108
0.000813754
0.000814796
0.000814184
0.00081195
0.000808204
0.000803132
0.000796974
0.00079001
0.000782544
0.000774883
0.000767328
0.000760156
0.000753619
0.000747932
0.000334346
0.000332009
0.000330551
0.000330008
0.000330391
0.000331694
0.000333886
0.000336917
0.000340711
0.000345167
0.000350153
0.00035551
0.000361049
0.000366557
0.0003718
0.000376538
0.00038054
0.000383596
0.000385541
0.000386264
0.000385726
0.000383958
0.000381061
0.000377195
0.000372563
0.000367393
0.000361925
0.00035639
0.000351003
0.000345957
0.000341414
0.000337508
0.00106647
0.00106462
0.00106342
0.00106292
0.00106314
0.00106407
0.00106568
0.00106791
0.00107068
0.00107388
0.0010774
0.00108109
0.0010848
0.00108838
0.0010917
0.00109462
0.00109703
0.00109885
0.00109999
0.00110043
0.00110015
0.00109916
0.0010975
0.00109524
0.00109247
0.0010893
0.00108584
0.00108223
0.0010786
0.00107508
0.00107181
0.0010689
0.000963176
0.000960048
0.000958078
0.000957333
0.000957836
0.000959573
0.000962488
0.000966487
0.000971438
0.000977172
0.000983488
0.000990156
0.000996927
0.00100354
0.00100972
0.00101521
0.00101979
0.00102325
0.00102544
0.00102626
0.00102567
0.0010237
0.00102045
0.00101605
0.0010107
0.00100464
0.000998103
0.000991364
0.00098468
0.000978303
0.000972461
0.000967361
0.000740078
0.000736411
0.000734134
0.00073331
0.000733963
0.000736075
0.000739589
0.000744406
0.000750385
0.000757344
0.000765056
0.000773257
0.000781648
0.000789901
0.000797677
0.000804636
0.000810457
0.000814864
0.000817637
0.000818638
0.000817816
0.000815214
0.000810964
0.000805279
0.000798431
0.000790735
0.000782529
0.000774152
0.000765931
0.000758165
0.000751122
0.00074503
0.000332079
0.000329634
0.000328148
0.000327654
0.000328162
0.000329662
0.000332122
0.000335488
0.00033968
0.000344587
0.00035007
0.000355955
0.000362036
0.000368076
0.000373817
0.000378992
0.000383341
0.00038663
0.000388675
0.000389356
0.000388634
0.000386552
0.000383233
0.000378862
0.000373674
0.000367929
0.000361894
0.000355825
0.000349955
0.00034449
0.000339602
0.000335428
0.0010682
0.00106614
0.00106467
0.00106385
0.00106373
0.00106429
0.00106553
0.0010674
0.00106983
0.00107273
0.00107598
0.00107945
0.00108302
0.00108653
0.00108985
0.00109284
0.0010954
0.00109744
0.00109886
0.00109963
0.0010997
0.00109909
0.00109782
0.00109594
0.00109352
0.00109065
0.00108745
0.00108404
0.00108053
0.00107707
0.00107378
0.00107079
0.000966461
0.000962911
0.000960424
0.000959082
0.000958929
0.000959971
0.000962174
0.000965469
0.000969745
0.000974858
0.00098063
0.000986855
0.000993302
0.000999724
0.00100587
0.00101149
0.00101634
0.00102022
0.00102297
0.00102445
0.0010246
0.00102342
0.00102096
0.00101733
0.00101269
0.00100724
0.00100121
0.000994853
0.000988408
0.000982126
0.000976237
0.000970954
0.000744147
0.000739945
0.000737022
0.00073546
0.000735305
0.000736562
0.000739195
0.000743132
0.000748257
0.000754415
0.000761411
0.00076901
0.000776942
0.000784908
0.00079259
0.000799663
0.000805814
0.000810757
0.000814255
0.000816137
0.000816307
0.00081476
0.000811574
0.000806908
0.000800987
0.000794089
0.00078652
0.000778603
0.000770656
0.000762979
0.000755847
0.000749502
0.000335074
0.000332226
0.000330264
0.000329232
0.000329155
0.000330034
0.00033185
0.000334563
0.000338108
0.000342396
0.000347306
0.00035269
0.000358368
0.00036413
0.000369744
0.000374961
0.000379534
0.000383228
0.000385845
0.000387239
0.000387331
0.000386116
0.000383665
0.000380116
0.000375663
0.000370533
0.000364973
0.00035923
0.000353538
0.000348108
0.000343124
0.000338738
0.00107148
0.00106922
0.00106745
0.00106624
0.00106563
0.00106566
0.00106631
0.00106757
0.00106938
0.00107168
0.00107438
0.00107737
0.00108053
0.00108374
0.00108687
0.0010898
0.00109242
0.00109464
0.00109637
0.00109754
0.00109812
0.00109808
0.00109742
0.00109617
0.00109438
0.00109212
0.00108946
0.00108652
0.0010834
0.00108022
0.00107709
0.00107413
0.000972438
0.000968492
0.000965417
0.000963316
0.00096226
0.000962285
0.000963389
0.000965536
0.000968656
0.000972643
0.000977358
0.000982637
0.000988286
0.000994096
0.000999842
0.0010053
0.00101025
0.00101448
0.00101781
0.00102011
0.00102126
0.00102122
0.00102
0.00101764
0.00101425
0.00100998
0.001005
0.000999534
0.000993788
0.000987991
0.000982364
0.000977117
0.000751444
0.000746718
0.000743046
0.000740541
0.000739276
0.000739289
0.00074058
0.000743111
0.000746809
0.000751561
0.00075722
0.000763601
0.000770484
0.000777621
0.00078474
0.000791557
0.000797784
0.000803147
0.000807402
0.000810347
0.000811842
0.000811814
0.000810265
0.000807272
0.00080298
0.000797591
0.00079135
0.000784531
0.000777419
0.000770297
0.000763434
0.000757078
0.000340321
0.000337055
0.000334527
0.000332802
0.000331923
0.000331911
0.000332766
0.000334469
0.000336978
0.00034023
0.000344136
0.000348584
0.000353433
0.000358517
0.000363646
0.000368612
0.000373197
0.000377186
0.000380381
0.000382614
0.000383765
0.00038377
0.000382632
0.000380412
0.000377232
0.000373258
0.000368688
0.000363736
0.000358617
0.000353539
0.000348691
0.000344238
0.00107453
0.00107227
0.00107038
0.00106895
0.00106804
0.00106766
0.00106785
0.00106859
0.00106985
0.00107159
0.00107373
0.00107619
0.00107887
0.00108166
0.00108447
0.00108717
0.00108967
0.00109188
0.00109372
0.00109512
0.00109602
0.00109639
0.00109622
0.00109551
0.00109429
0.0010926
0.00109051
0.00108809
0.00108544
0.00108265
0.00107983
0.00107708
0.000977764
0.000973786
0.000970491
0.000967992
0.000966376
0.000965697
0.000965979
0.000967211
0.000969353
0.000972332
0.000976044
0.000980358
0.000985119
0.000990153
0.000995269
0.00100027
0.00100496
0.00100915
0.00101266
0.00101535
0.0010171
0.00101783
0.00101753
0.00101618
0.00101387
0.00101068
0.00100675
0.00100225
0.000997358
0.000992267
0.000987177
0.000982282
0.000757826
0.000753033
0.000749076
0.000746081
0.00074414
0.000743314
0.000743626
0.000745068
0.000747597
0.000751136
0.000755573
0.000760765
0.000766537
0.000772685
0.000778982
0.000785186
0.000791046
0.000796314
0.000800762
0.000804187
0.00080643
0.000807388
0.000807013
0.000805326
0.000802406
0.000798391
0.000793463
0.000787843
0.000781769
0.000775491
0.000769255
0.000763296
0.000344746
0.000341406
0.00033866
0.000336585
0.000335236
0.000334647
0.000334835
0.000335795
0.000337502
0.000339913
0.000342961
0.000346559
0.000350596
0.000354939
0.000359434
0.000363909
0.000368178
0.000372055
0.000375358
0.000377926
0.000379627
0.000380372
0.000380123
0.000378893
0.000376747
0.000373799
0.000370194
0.000366106
0.000361719
0.00035722
0.000352785
0.00034858
0.00107724
0.00107515
0.00107333
0.00107186
0.00107079
0.00107018
0.00107003
0.00107036
0.00107115
0.00107237
0.00107397
0.00107588
0.00107804
0.00108034
0.0010827
0.00108504
0.00108727
0.0010893
0.00109107
0.00109251
0.00109355
0.00109417
0.00109434
0.00109405
0.00109332
0.00109216
0.00109061
0.00108875
0.00108662
0.00108432
0.00108192
0.00107953
0.000982386
0.000978724
0.000975562
0.000973014
0.00097117
0.000970093
0.000969822
0.000970365
0.000971703
0.00097379
0.000976552
0.000979892
0.000983689
0.000987804
0.000992083
0.000996364
0.00100048
0.00100427
0.00100758
0.00101028
0.00101224
0.0010134
0.00101369
0.00101311
0.00101169
0.00100947
0.00100656
0.00100308
0.000999158
0.000994965
0.000990662
0.000986416
0.000763314
0.000758901
0.000755108
0.000752061
0.00074986
0.000748575
0.000748247
0.000748886
0.000750473
0.000752958
0.000756261
0.000760274
0.000764862
0.000769862
0.000775095
0.000780361
0.000785456
0.000790171
0.000794309
0.000797688
0.000800161
0.000801613
0.00080198
0.000801244
0.00079944
0.000796652
0.000793004
0.000788659
0.000783802
0.000778634
0.000773363
0.000768192
0.00034848
0.000345413
0.000342791
0.000340695
0.000339185
0.000338305
0.000338078
0.000338513
0.000339596
0.000341299
0.000343573
0.000346351
0.000349547
0.000353055
0.000356754
0.000360505
0.000364161
0.000367569
0.000370578
0.00037305
0.000374865
0.000375934
0.000376204
0.000375661
0.000374334
0.00037229
0.000369628
0.000366476
0.000362976
0.00035928
0.000355538
0.000351894
0.00107998
0.00107804
0.00107627
0.00107475
0.00107352
0.00107264
0.00107215
0.00107205
0.00107236
0.00107305
0.0010741
0.00107546
0.00107708
0.00107889
0.00108082
0.0010828
0.00108476
0.00108663
0.00108834
0.00108982
0.00109103
0.00109192
0.00109245
0.00109259
0.00109235
0.00109173
0.00109074
0.00108943
0.00108784
0.00108603
0.00108406
0.00108201
0.000987299
0.000983921
0.000980849
0.000978197
0.000976062
0.000974518
0.000973622
0.000973404
0.000973871
0.000975007
0.00097677
0.000979098
0.000981906
0.000985092
0.000988537
0.000992115
0.000995688
0.00099912
0.00100227
0.00100503
0.00100727
0.0010089
0.00100985
0.0010101
0.00100961
0.00100842
0.00100658
0.00100415
0.00100124
0.000997968
0.00099446
0.000990858
0.000769315
0.000765237
0.000761541
0.000758357
0.000755796
0.000753943
0.00075286
0.000752582
0.000753119
0.000754454
0.000756542
0.000759314
0.000762677
0.000766512
0.000770684
0.00077504
0.000779414
0.000783636
0.000787536
0.000790952
0.000793739
0.000795777
0.000796975
0.000797281
0.000796681
0.000795203
0.000792911
0.000789907
0.000786319
0.000782299
0.000778012
0.000773627
0.000352763
0.000349924
0.000347362
0.000345162
0.000343394
0.000342115
0.000341362
0.000341158
0.000341509
0.000342405
0.00034382
0.000345711
0.000348019
0.000350669
0.000353571
0.000356621
0.000359706
0.000362705
0.000365492
0.00036795
0.000369967
0.000371451
0.000372332
0.000372568
0.000372147
0.000371091
0.00036945
0.000367302
0.000364744
0.00036189
0.000358861
0.000355779
0.00108221
0.00108029
0.00107846
0.00107678
0.00107534
0.00107417
0.00107333
0.00107284
0.00107273
0.00107299
0.00107361
0.00107456
0.00107581
0.00107729
0.00107895
0.00108074
0.00108259
0.00108444
0.00108621
0.00108784
0.00108928
0.00109046
0.00109134
0.00109188
0.00109206
0.00109188
0.00109133
0.00109043
0.00108921
0.00108771
0.001086
0.00108414
0.000991519
0.000988133
0.000984897
0.000981931
0.000979345
0.000977235
0.000975674
0.000974719
0.000974402
0.000974734
0.000975701
0.000977268
0.00097938
0.000981959
0.000984911
0.00098813
0.000991496
0.000994882
0.000998158
0.0010012
0.00100388
0.00100609
0.00100774
0.00100877
0.00100912
0.00100879
0.00100778
0.00100615
0.00100394
0.00100126
0.000998215
0.000994924
0.000774616
0.000770492
0.000766554
0.000762949
0.000759805
0.000757232
0.000755317
0.000754124
0.000753692
0.000754035
0.000755141
0.000756973
0.00075947
0.000762546
0.000766095
0.000769992
0.000774094
0.000778248
0.000782293
0.000786068
0.000789418
0.000792203
0.000794303
0.000795625
0.000796111
0.000795739
0.000794526
0.000792524
0.00078982
0.000786533
0.000782799
0.000778773
0.000356712
0.000353796
0.000351017
0.000348473
0.000346252
0.000344427
0.000343056
0.000342179
0.000341825
0.000342002
0.000342705
0.000343914
0.000345591
0.000347683
0.000350124
0.000352831
0.000355709
0.000358652
0.000361547
0.000364277
0.000366726
0.000368788
0.000370367
0.00037139
0.00037181
0.000371605
0.000370785
0.00036939
0.000367484
0.000365156
0.000362508
0.000359654
0.00108283
0.00108092
0.00107908
0.00107737
0.00107586
0.00107462
0.00107368
0.00107308
0.00107285
0.00107299
0.00107348
0.00107431
0.00107544
0.00107683
0.00107842
0.00108015
0.00108197
0.00108381
0.0010856
0.00108728
0.00108877
0.00109004
0.00109102
0.00109167
0.00109198
0.00109191
0.00109148
0.0010907
0.00108958
0.00108818
0.00108654
0.00108473
0.000992697
0.000989286
0.000985981
0.000982907
0.000980178
0.000977893
0.000976135
0.000974966
0.000974426
0.000974534
0.000975284
0.000976648
0.000978578
0.000981004
0.000983839
0.00098698
0.000990312
0.000993709
0.000997042
0.00100018
0.001003
0.00100539
0.00100726
0.00100851
0.0010091
0.00100901
0.00100823
0.0010068
0.00100478
0.00100225
0.000999308
0.000996082
0.000776096
0.000771911
0.000767861
0.000764098
0.000760756
0.000757953
0.000755784
0.000754322
0.000753615
0.000753685
0.00075453
0.000756121
0.000758405
0.000761305
0.000764722
0.000768536
0.00077261
0.000776793
0.000780925
0.000784844
0.00078839
0.000791414
0.000793789
0.000795409
0.000796203
0.000796135
0.000795207
0.000793461
0.000790973
0.000787851
0.000784229
0.000780257
0.000357808
0.000354815
0.000351922
0.000349236
0.000346848
0.000344839
0.000343272
0.000342195
0.000341641
0.000341625
0.000342147
0.000343193
0.000344729
0.00034671
0.000349072
0.000351737
0.000354615
0.000357601
0.000360582
0.00036344
0.000366055
0.000368314
0.000370115
0.000371374
0.000372032
0.000372055
0.000371444
0.000370227
0.000368462
0.000366232
0.000363636
0.000360789
0.0010817
0.00107993
0.00107826
0.00107676
0.00107549
0.00107449
0.0010738
0.00107346
0.00107346
0.0010738
0.00107447
0.00107545
0.00107668
0.00107812
0.00107972
0.00108142
0.00108315
0.00108486
0.00108648
0.00108796
0.00108923
0.00109024
0.00109097
0.00109137
0.00109143
0.00109115
0.00109053
0.00108959
0.00108837
0.00108691
0.00108526
0.0010835
0.000990406
0.000987235
0.000984245
0.00098155
0.000979248
0.000977422
0.000976139
0.000975443
0.000975357
0.000975885
0.000977005
0.000978678
0.000980843
0.000983422
0.00098632
0.000989431
0.000992638
0.000995821
0.000998857
0.00100163
0.00100402
0.00100593
0.0010073
0.00100805
0.00100816
0.00100762
0.00100645
0.00100471
0.00100245
0.000999784
0.000996806
0.000993638
0.00077314
0.000769248
0.000765588
0.000762293
0.000759479
0.000757245
0.000755666
0.000754794
0.000754658
0.000755262
0.000756584
0.000758582
0.000761186
0.000764307
0.000767836
0.000771647
0.000775598
0.000779541
0.000783322
0.000786788
0.000789796
0.00079222
0.000793956
0.000794925
0.000795086
0.000794431
0.000792989
0.000790821
0.000788022
0.000784711
0.000781026
0.000777117
0.000355517
0.000352734
0.000350124
0.000347779
0.000345778
0.000344186
0.000343052
0.000342412
0.000342283
0.00034267
0.000343561
0.000344929
0.00034673
0.000348908
0.00035139
0.000354092
0.000356917
0.000359759
0.000362507
0.000365047
0.00036727
0.000369079
0.00037039
0.000371142
0.000371298
0.000370851
0.000369823
0.00036826
0.000366237
0.000363843
0.000361183
0.00035837
0.00107985
0.00107838
0.00107707
0.00107598
0.00107514
0.0010746
0.00107435
0.00107443
0.00107482
0.0010755
0.00107645
0.00107763
0.00107898
0.00108045
0.001082
0.00108356
0.00108508
0.0010865
0.00108777
0.00108884
0.00108968
0.00109024
0.00109051
0.00109048
0.00109014
0.00108951
0.00108861
0.00108746
0.00108612
0.00108462
0.00108304
0.00108142
0.000986795
0.000984166
0.000981832
0.000979878
0.000978377
0.000977381
0.000976927
0.00097703
0.000977685
0.000978868
0.000980537
0.000982629
0.000985068
0.000987764
0.000990617
0.000993519
0.000996359
0.000999029
0.00100142
0.00100344
0.00100501
0.00100606
0.00100655
0.00100646
0.00100578
0.00100456
0.00100284
0.00100068
0.000998172
0.000995421
0.000992533
0.00098962
0.000768552
0.000765334
0.000762485
0.000760107
0.00075828
0.000757069
0.000756514
0.000756632
0.000757419
0.000758849
0.000760871
0.000763417
0.000766397
0.000769704
0.000773219
0.000776809
0.000780338
0.000783667
0.000786662
0.000789198
0.000791171
0.000792494
0.00079311
0.000792993
0.000792145
0.000790605
0.000788437
0.000785733
0.000782608
0.000779188
0.000775613
0.000772022
0.000352055
0.000349763
0.000347742
0.00034606
0.000344772
0.000343918
0.000343525
0.000343605
0.000344154
0.000345155
0.000346577
0.000348374
0.000350488
0.000352845
0.000355364
0.000357952
0.00036051
0.000362935
0.000365128
0.000366994
0.00036845
0.000369431
0.00036989
0.000369806
0.000369182
0.000368047
0.000366453
0.000364472
0.00036219
0.000359706
0.000357121
0.000354538
0.00107833
0.00107733
0.00107654
0.00107597
0.00107567
0.00107563
0.00107587
0.00107636
0.00107709
0.00107803
0.00107915
0.00108038
0.0010817
0.00108303
0.00108434
0.00108557
0.00108668
0.00108763
0.00108839
0.00108893
0.00108923
0.00108927
0.00108906
0.0010886
0.00108792
0.00108702
0.00108595
0.00108475
0.00108345
0.0010821
0.00108077
0.00107949
0.000983882
0.000982114
0.000980713
0.000979731
0.000979204
0.00097915
0.000979572
0.000980453
0.00098176
0.000983446
0.000985448
0.000987691
0.000990091
0.000992556
0.000994994
0.000997309
0.000999412
0.00100122
0.00100266
0.00100368
0.00100423
0.00100429
0.00100386
0.00100296
0.00100161
0.000999889
0.000997848
0.000995572
0.00099315
0.000990676
0.000988245
0.000985952
0.000764889
0.000762735
0.000761036
0.000759851
0.000759221
0.000759167
0.00075969
0.000760773
0.000762376
0.000764444
0.000766903
0.000769665
0.000772628
0.000775682
0.000778711
0.000781597
0.000784224
0.000786487
0.000788292
0.000789564
0.000790247
0.000790314
0.00078976
0.000788609
0.000786909
0.000784732
0.000782167
0.000779319
0.000776303
0.000773236
0.000770237
0.00076742
0.000349342
0.000347818
0.000346622
0.000345794
0.00034536
0.000345334
0.000345716
0.000346494
0.000347641
0.000349122
0.000350885
0.00035287
0.000355006
0.000357216
0.000359415
0.000361517
0.000363437
0.000365093
0.000366415
0.000367343
0.000367837
0.000367873
0.000367449
0.000366585
0.000365319
0.000363706
0.000361817
0.000359732
0.000357536
0.000355316
0.000353158
0.000351143
0.00107768
0.00107727
0.00107706
0.00107707
0.0010773
0.00107773
0.00107835
0.00107914
0.00108006
0.00108109
0.00108216
0.00108325
0.0010843
0.00108528
0.00108614
0.00108686
0.00108741
0.00108777
0.00108794
0.0010879
0.00108766
0.00108723
0.00108663
0.00108587
0.001085
0.00108403
0.001083
0.00108195
0.00108091
0.00107993
0.00107904
0.00107828
0.000982517
0.000981844
0.000981547
0.000981636
0.000982108
0.000982946
0.000984119
0.000985583
0.000987283
0.000989156
0.000991129
0.000993127
0.000995073
0.00099689
0.000998508
0.000999864
0.0010009
0.00100158
0.00100188
0.00100178
0.0010013
0.00100043
0.000999236
0.000997749
0.000996031
0.000994149
0.000992176
0.000990188
0.00098826
0.000986465
0.000984872
0.000983539
0.000763105
0.000762313
0.000761984
0.00076213
0.000762745
0.000763809
0.000765282
0.000767111
0.000769231
0.000771563
0.000774021
0.00077651
0.000778935
0.000781202
0.00078322
0.000784908
0.000786197
0.000787033
0.000787382
0.000787229
0.00078658
0.000785462
0.000783922
0.000782023
0.000779841
0.000777466
0.000774989
0.000772507
0.000770115
0.000767902
0.000765951
0.000764333
0.000347941
0.000347409
0.000347212
0.000347355
0.000347835
0.000348635
0.000349728
0.000351076
0.000352633
0.000354343
0.000356142
0.000357965
0.00035974
0.000361396
0.000362867
0.00036409
0.000365015
0.000365599
0.000365819
0.000365663
0.00036514
0.00036427
0.000363093
0.000361659
0.000360027
0.000358264
0.000356442
0.000354632
0.000352901
0.000351314
0.000349927
0.00034879
0.00107859
0.00107869
0.00107893
0.00107932
0.00107984
0.00108047
0.00108118
0.00108196
0.00108276
0.00108356
0.00108431
0.001085
0.00108558
0.00108604
0.00108635
0.00108651
0.00108651
0.00108636
0.00108607
0.00108565
0.00108511
0.00108449
0.00108379
0.00108305
0.0010823
0.00108156
0.00108086
0.00108022
0.00107966
0.0010792
0.00107886
0.00107865
0.000983959
0.000984236
0.000984798
0.000985624
0.000986683
0.000987936
0.000989337
0.000990831
0.000992362
0.00099387
0.000995297
0.000996586
0.000997685
0.000998552
0.000999151
0.000999459
0.000999465
0.000999167
0.000998579
0.000997725
0.00099664
0.000995365
0.000993953
0.000992457
0.000990936
0.000989448
0.000988048
0.000986788
0.000985716
0.00098487
0.000984282
0.000983974
0.000764738
0.000765126
0.000765872
0.000766947
0.000768315
0.000769924
0.000771716
0.000773625
0.000775577
0.000777499
0.000779314
0.000780953
0.000782348
0.000783444
0.000784196
0.000784571
0.000784555
0.000784148
0.000783366
0.000782241
0.000780821
0.000779162
0.000777331
0.000775401
0.000773447
0.000771545
0.000769766
0.000768177
0.000766834
0.000765788
0.000765075
0.000764721
0.000348927
0.000349258
0.000349854
0.000350696
0.000351754
0.000352992
0.000354365
0.000355823
0.000357311
0.000358773
0.000360151
0.000361389
0.000362437
0.000363251
0.000363795
0.000364046
0.000363993
0.000363638
0.000362996
0.000362093
0.00036097
0.000359671
0.000358252
0.000356769
0.000355281
0.000353844
0.000352512
0.000351334
0.000350352
0.000349598
0.0003491
0.000348874
0.00108194
0.00108222
0.00108252
0.00108283
0.00108314
0.00108344
0.00108371
0.00108394
0.00108413
0.00108426
0.00108433
0.00108433
0.00108425
0.0010841
0.00108388
0.00108361
0.00108329
0.00108295
0.0010826
0.00108226
0.00108193
0.00108164
0.0010814
0.0010812
0.00108107
0.00108099
0.00108098
0.00108103
0.00108112
0.00108127
0.00108145
0.00108168
0.000989935
0.000990498
0.000991108
0.000991742
0.000992377
0.000992988
0.000993553
0.000994049
0.000994459
0.000994765
0.000994955
0.000995022
0.000994961
0.000994775
0.00099447
0.000994057
0.000993554
0.000992979
0.000992356
0.000991709
0.000991063
0.000990445
0.000989877
0.000989384
0.000988982
0.000988687
0.000988511
0.000988458
0.000988531
0.000988724
0.000989031
0.00098944
0.00077202
0.000772716
0.000773482
0.000774289
0.000775106
0.000775904
0.000776653
0.000777326
0.000777896
0.000778343
0.000778649
0.000778802
0.000778795
0.000778627
0.000778304
0.000777836
0.000777242
0.000776542
0.000775766
0.000774942
0.000774105
0.000773286
0.00077252
0.000771835
0.00077126
0.000770816
0.000770521
0.000770384
0.000770411
0.000770599
0.00077094
0.00077142
0.000354049
0.000354549
0.000355117
0.00035573
0.000356367
0.000357003
0.000357616
0.000358183
0.000358682
0.000359095
0.000359406
0.000359602
0.000359674
0.000359618
0.000359436
0.000359133
0.00035872
0.000358214
0.000357634
0.000357002
0.000356346
0.00035569
0.000355062
0.000354486
0.000353985
0.000353577
0.000353279
0.000353101
0.000353049
0.000353124
0.000353321
0.000353634
0.00108728
0.00108763
0.00108778
0.00108773
0.00108747
0.00108703
0.00108641
0.00108564
0.00108475
0.00108378
0.00108274
0.00108169
0.00108066
0.00107968
0.00107879
0.00107803
0.00107744
0.00107703
0.00107683
0.00107685
0.00107709
0.00107753
0.00107817
0.00107897
0.00107991
0.00108095
0.00108204
0.00108314
0.0010842
0.00108517
0.00108603
0.00108674
0.00100031
0.00100082
0.00100096
0.00100073
0.00100015
0.000999232
0.000998018
0.000996557
0.000994906
0.000993132
0.000991303
0.000989489
0.000987759
0.000986178
0.000984805
0.00098369
0.000982875
0.000982389
0.000982251
0.000982465
0.000983023
0.000983907
0.000985083
0.000986508
0.000988129
0.000989887
0.000991714
0.00099354
0.000995295
0.000996909
0.00099832
0.000999469
0.000785195
0.000785701
0.000785764
0.000785382
0.000784571
0.000783364
0.000781812
0.000779981
0.000777947
0.000775792
0.000773603
0.000771464
0.000769456
0.000767652
0.000766117
0.000764906
0.000764058
0.000763604
0.000763557
0.000763919
0.000764678
0.000765806
0.000767266
0.000769005
0.000770962
0.000773066
0.000775239
0.000777398
0.000779459
0.000781342
0.000782968
0.000784271
0.000363844
0.000364049
0.000363946
0.00036354
0.000362846
0.000361895
0.00036073
0.000359399
0.00035796
0.000356472
0.000354994
0.000353582
0.00035229
0.000351162
0.000350237
0.000349545
0.000349107
0.000348938
0.000349043
0.000349416
0.000350047
0.000350915
0.00035199
0.000353236
0.00035461
0.000356063
0.00035754
0.000358984
0.00036034
0.00036155
0.000362566
0.000363342
0.00109326
0.00109445
0.00109517
0.00109539
0.0010951
0.00109432
0.00109307
0.00109141
0.0010894
0.00108712
0.00108465
0.00108208
0.00107951
0.00107704
0.00107476
0.00107276
0.00107111
0.00106988
0.00106913
0.00106888
0.00106914
0.0010699
0.00107114
0.0010728
0.00107483
0.00107715
0.00107967
0.00108228
0.00108488
0.00108737
0.00108965
0.00109164
0.00101221
0.00101415
0.0010152
0.00101532
0.00101449
0.00101276
0.00101019
0.0010069
0.00100301
0.000998701
0.000994137
0.000989501
0.000984975
0.000980728
0.000976919
0.000973684
0.000971137
0.000969365
0.000968429
0.000968356
0.000969149
0.000970777
0.000973185
0.000976288
0.000979976
0.00098412
0.00098857
0.00099316
0.000997719
0.00100207
0.00100604
0.00100947
0.000800626
0.000802861
0.000803975
0.00080391
0.000802664
0.00080029
0.000796893
0.000792627
0.000787682
0.000782274
0.00077663
0.00077098
0.000765543
0.000760522
0.000756093
0.000752406
0.000749579
0.000747699
0.000746819
0.000746961
0.000748118
0.000750248
0.000753283
0.000757126
0.000761649
0.000766704
0.000772114
0.000777686
0.000783213
0.000788479
0.000793269
0.000797379
0.000375771
0.00037713
0.000377652
0.000377307
0.000376106
0.000374105
0.000371403
0.000368129
0.000364439
0.000360499
0.00035648
0.000352543
0.000348839
0.000345497
0.000342623
0.000340306
0.000338609
0.000337576
0.000337231
0.000337578
0.000338606
0.000340284
0.000342564
0.000345379
0.000348646
0.00035226
0.000356103
0.000360038
0.000363916
0.000367582
0.000370877
0.000373651
0.00109532
0.00109849
0.00110096
0.00110263
0.00110343
0.00110333
0.00110235
0.00110051
0.00109789
0.00109461
0.00109078
0.00108656
0.00108211
0.00107759
0.00107319
0.00106907
0.00106538
0.00106226
0.00105984
0.0010582
0.0010574
0.00105748
0.00105842
0.0010602
0.00106276
0.00106599
0.00106978
0.00107399
0.00107844
0.00108297
0.00108741
0.00109158
0.00101827
0.00102415
0.00102871
0.00103173
0.00103307
0.00103267
0.00103054
0.00102678
0.00102157
0.00101516
0.00100781
0.000999859
0.000991624
0.00098343
0.000975588
0.000968379
0.000962052
0.000956819
0.000952845
0.000950255
0.000949126
0.000949491
0.000951338
0.000954608
0.000959201
0.000964972
0.000971734
0.000979258
0.000987283
0.000995515
0.00100364
0.00101133
0.000809474
0.000816942
0.00082274
0.000826559
0.000828187
0.000827528
0.000824613
0.000819599
0.000812752
0.000804424
0.000795022
0.000784978
0.000774723
0.000764666
0.000755175
0.000746573
0.00073913
0.000733059
0.000728526
0.000725644
0.000724481
0.000725061
0.000727364
0.000731329
0.000736852
0.000743786
0.000751934
0.000761052
0.000770848
0.000780983
0.000791075
0.000800713
0.000383213
0.000388742
0.000393018
0.000395775
0.000396829
0.000396103
0.000393638
0.00038959
0.000384206
0.000377803
0.000370726
0.000363324
0.000355923
0.000348811
0.000342234
0.000336388
0.000331425
0.000327458
0.000324567
0.000322802
0.000322192
0.000322743
0.00032444
0.000327251
0.000331119
0.000335965
0.000341678
0.000348112
0.000355083
0.000362365
0.00036969
0.00037675
0.00109344
0.00109973
0.00110525
0.00110977
0.00111311
0.00111513
0.00111573
0.00111488
0.00111263
0.00110906
0.00110432
0.00109862
0.00109217
0.00108525
0.00107812
0.00107107
0.00106437
0.00105826
0.00105298
0.0010487
0.00104559
0.00104375
0.00104323
0.00104406
0.00104621
0.0010496
0.00105411
0.00105958
0.0010658
0.00107255
0.00107959
0.00108664
0.00101606
0.00102822
0.00103904
0.001048
0.00105467
0.00105869
0.00105985
0.00105808
0.00105346
0.00104625
0.00103679
0.00102556
0.00101308
0.000999907
0.000986594
0.000973658
0.000961568
0.000950732
0.000941491
0.000934113
0.000928802
0.000925697
0.000924874
0.000926349
0.000930081
0.000935967
0.000943847
0.000953496
0.000964627
0.000976889
0.000989869
0.0010031
0.000807287
0.000823031
0.000837248
0.000849182
0.000858143
0.000863578
0.00086513
0.000862687
0.000856394
0.000846639
0.000834007
0.000819217
0.000803048
0.000786276
0.000769626
0.000753735
0.000739137
0.000726261
0.000715436
0.000706905
0.000700837
0.000697337
0.00069646
0.000698213
0.000702556
0.000709408
0.000718632
0.000730033
0.000743343
0.000758215
0.000774205
0.000790774
0.000381807
0.000394027
0.000405309
0.000414963
0.00042232
0.000426818
0.000428087
0.00042601
0.000420747
0.000412705
0.000402479
0.000390759
0.000378249
0.000365598
0.000353359
0.000341968
0.000331746
0.000322919
0.000315635
0.000309985
0.000306019
0.000303763
0.000303223
0.000304398
0.000307274
0.000311828
0.000318018
0.000325774
0.000334987
0.00034549
0.000357038
0.000369292
0.00108817
0.00109479
0.00110076
0.00110584
0.00110982
0.00111254
0.00111388
0.0011138
0.00111229
0.00110942
0.00110532
0.00110015
0.00109412
0.00108747
0.00108046
0.00107335
0.00106644
0.00105997
0.00105419
0.0010493
0.0010455
0.0010429
0.0010416
0.00104166
0.00104307
0.00104578
0.0010497
0.00105469
0.00106056
0.0010671
0.00107405
0.00108117
0.00100729
0.00101967
0.00103095
0.00104062
0.0010482
0.00105333
0.00105577
0.0010554
0.00105227
0.00104654
0.00103851
0.00102859
0.00101722
0.00100491
0.000992155
0.000979461
0.000967289
0.000956061
0.000946145
0.000937852
0.000931433
0.000927076
0.00092491
0.000925003
0.000927363
0.000931933
0.000938593
0.000947159
0.000957375
0.000968917
0.000981395
0.000994354
0.0007965
0.000812283
0.000826846
0.000839435
0.000849362
0.000856066
0.000859169
0.000858518
0.000854194
0.000846496
0.0008359
0.000823001
0.000808461
0.000792959
0.000777155
0.000761658
0.000747006
0.000733662
0.000722007
0.000712346
0.000704918
0.000699892
0.000697386
0.000697463
0.000700136
0.000705368
0.000713067
0.000723076
0.000735163
0.000749011
0.000764209
0.000780243
0.000373516
0.000385294
0.000396349
0.000406032
0.000413712
0.000418863
0.000421134
0.000420401
0.000416777
0.000410576
0.000402263
0.000392381
0.000381491
0.000370136
0.000358806
0.000347923
0.000337828
0.000328794
0.000321026
0.000314671
0.000309831
0.000306578
0.00030496
0.000305005
0.000306726
0.000310121
0.000315167
0.000321815
0.000329972
0.000339489
0.000350144
0.000361626
0.00108353
0.00109271
0.00110142
0.00110931
0.00111605
0.00112136
0.00112499
0.00112677
0.00112661
0.00112452
0.00112057
0.00111494
0.00110787
0.00109966
0.00109066
0.00108124
0.00107179
0.00106267
0.00105422
0.00104676
0.00104054
0.00103577
0.00103261
0.00103116
0.00103145
0.00103348
0.00103716
0.00104238
0.00104894
0.00105662
0.00106515
0.00107422
0.000996687
0.00101417
0.00103109
0.0010467
0.00106027
0.00107111
0.00107861
0.00108236
0.00108212
0.00107789
0.00106991
0.0010586
0.00104458
0.00102856
0.00101131
0.000993596
0.000976147
0.00095961
0.000944545
0.000931412
0.000920578
0.000912322
0.000906838
0.000904247
0.000904597
0.000907874
0.000913994
0.000922805
0.000934085
0.000947536
0.000962778
0.000979346
0.000782386
0.000804638
0.000826691
0.00084752
0.000866018
0.000881081
0.000891716
0.000897167
0.000897015
0.000891244
0.000880246
0.000864767
0.000845814
0.000824524
0.000802049
0.000779461
0.000757688
0.000737487
0.000719447
0.000704002
0.000691454
0.000682007
0.000675783
0.000672848
0.000673222
0.000676884
0.000683775
0.000693793
0.000706783
0.000722516
0.000740674
0.000760822
0.000362718
0.000379538
0.000396803
0.000413686
0.000429185
0.000442197
0.000451655
0.000456695
0.000456812
0.000451967
0.000442598
0.000429534
0.000413847
0.000396675
0.00037907
0.000361922
0.000345903
0.000331481
0.00031895
0.000308476
0.000300133
0.000293942
0.000289894
0.000287971
0.000288153
0.000290426
0.000294784
0.000301221
0.000309722
0.000320249
0.000332718
0.000346967
0.00108626
0.00109372
0.00110086
0.0011074
0.00111306
0.00111763
0.00112088
0.00112269
0.00112296
0.00112167
0.00111888
0.00111471
0.00110932
0.00110293
0.00109581
0.00108825
0.00108057
0.00107306
0.00106602
0.0010597
0.00105434
0.00105011
0.00104718
0.00104563
0.00104552
0.00104684
0.00104954
0.00105353
0.00105864
0.00106471
0.00107149
0.00107876
0.000993125
0.00100616
0.00101885
0.00103065
0.00104102
0.00104946
0.00105553
0.0010589
0.0010594
0.001057
0.00105183
0.00104417
0.00103443
0.00102308
0.00101066
0.000997712
0.00098475
0.000972264
0.000960686
0.000950392
0.000941695
0.000934847
0.000930036
0.000927393
0.000926986
0.000928827
0.00093287
0.000939009
0.000947076
0.000956844
0.000968022
0.000980254
0.000774583
0.000790792
0.000806891
0.000822158
0.000835823
0.000847123
0.000855372
0.000860041
0.000860819
0.000857661
0.00085079
0.000840667
0.000827925
0.000813298
0.000797548
0.000781404
0.000765526
0.000750483
0.000736745
0.000724689
0.000714606
0.000706715
0.000701173
0.000698086
0.000697509
0.000699457
0.0007039
0.000710763
0.000719919
0.00073118
0.000744289
0.000758902
0.000356285
0.00036805
0.000380077
0.00039181
0.000402598
0.000411743
0.000418576
0.000422554
0.000423348
0.000420902
0.000415437
0.000407412
0.00039745
0.000386226
0.000374401
0.00036256
0.000351183
0.000340644
0.000331211
0.000323078
0.00031637
0.000311167
0.000307517
0.000305449
0.000304978
0.000306109
0.000308839
0.000313155
0.000319026
0.0003264
0.000335182
0.00034522
)
;

boundaryField
{
    inlet
    {
        type            calculated;
        value           nonuniform List<scalar> 
128
(
0.00108649
0.00108585
0.00108506
0.00108417
0.00108321
0.00108221
0.00108121
0.00108025
0.00107937
0.0010786
0.00107797
0.00107751
0.00107722
0.00107713
0.00107724
0.00107753
0.00107801
0.00107864
0.00107942
0.0010803
0.00108126
0.00108226
0.00108326
0.00108422
0.00108511
0.00108589
0.00108652
0.00108699
0.00108728
0.00108738
0.00108727
0.00108697
0.00099869
0.000997665
0.000996404
0.000994957
0.000993379
0.000991733
0.000990082
0.000988489
0.000987015
0.000985713
0.000984634
0.000983816
0.000983291
0.000983077
0.000983183
0.000983604
0.000984326
0.000985322
0.000986555
0.00098798
0.000989543
0.000991185
0.000992844
0.000994454
0.000995954
0.000997284
0.000998391
0.000999231
0.000999771
0.000999989
0.000999876
0.000999437
0.000783561
0.000782349
0.000780841
0.000779099
0.000777193
0.000775197
0.000773188
0.000771242
0.000769434
0.000767829
0.000766486
0.000765454
0.000764769
0.000764456
0.000764528
0.00076498
0.000765798
0.000766953
0.000768403
0.000770097
0.000771971
0.000773956
0.000775977
0.000777955
0.000779812
0.000781474
0.000782874
0.000783955
0.000784671
0.000784995
0.000784912
0.000784427
0.000362926
0.000362116
0.000361089
0.000359887
0.000358561
0.000357163
0.000355748
0.000354369
0.000353079
0.000351923
0.000350943
0.000350173
0.00034964
0.000349361
0.000349348
0.000349599
0.000350108
0.000350857
0.000351821
0.000352966
0.000354251
0.000355631
0.000357052
0.00035846
0.000359799
0.000361016
0.00036206
0.000362886
0.00036346
0.000363757
0.000363765
0.000363483
)
;
    }
    outlet
    {
        type            calculated;
        value           nonuniform List<scalar> 
128
(
0.00108573
0.00109321
0.00110037
0.00110693
0.00111263
0.00111721
0.00112049
0.0011223
0.00112257
0.00112128
0.00111847
0.00111427
0.00110885
0.00110244
0.0010953
0.00108773
0.00108004
0.00107254
0.00106551
0.00105921
0.00105387
0.00104967
0.00104675
0.00104521
0.0010451
0.00104641
0.00104909
0.00105305
0.00105814
0.00106418
0.00107095
0.00107822
0.000992708
0.00100575
0.00101845
0.00103026
0.00104064
0.00104909
0.00105517
0.00105854
0.00105904
0.00105664
0.00105146
0.00104379
0.00103404
0.00102269
0.00101027
0.000997318
0.000984366
0.000971895
0.000960338
0.000950068
0.000941396
0.000934569
0.000929774
0.000927136
0.000926726
0.000928554
0.000932575
0.000938686
0.000946725
0.000956467
0.000967623
0.000979842
0.000774302
0.000790519
0.000806625
0.000821899
0.00083557
0.000846875
0.000855126
0.000859795
0.000860572
0.000857413
0.000850539
0.000840413
0.00082767
0.000813042
0.000797292
0.000781148
0.000765271
0.000750231
0.000736497
0.000724445
0.000714365
0.000706477
0.000700936
0.000697846
0.000697265
0.000699205
0.000703639
0.000710492
0.000719639
0.000730895
0.000744002
0.000758617
0.00035621
0.000367982
0.000380015
0.000391754
0.000402548
0.000411696
0.000418531
0.00042251
0.000423302
0.000420854
0.000415386
0.000407358
0.000397392
0.000386166
0.000374338
0.000362496
0.000351119
0.00034058
0.000331149
0.000323018
0.000316312
0.00031111
0.000307461
0.000305392
0.000304919
0.000306046
0.000308771
0.000313082
0.000318949
0.000326321
0.000335102
0.000345141
)
;
    }
    axis
    {
        type            calculated;
        value           nonuniform List<scalar> 
5088
(
0.00108649
0.00108584
0.00108506
0.00108417
0.00108321
0.00108221
0.00108121
0.00108025
0.00107937
0.0010786
0.00107797
0.0010775
0.00107722
0.00107712
0.00107723
0.00107752
0.001078
0.00107864
0.00107942
0.0010803
0.00108126
0.00108226
0.00108326
0.00108422
0.00108511
0.00108588
0.00108652
0.00108699
0.00108727
0.00108737
0.00108726
0.00108697
0.00108722
0.0010862
0.00108503
0.00108376
0.00108244
0.00108111
0.00107984
0.00107866
0.00107762
0.00107676
0.00107611
0.00107571
0.00107555
0.00107566
0.00107602
0.00107662
0.00107744
0.00107845
0.00107961
0.00108087
0.00108219
0.00108352
0.0010848
0.00108599
0.00108704
0.00108791
0.00108856
0.00108897
0.00108913
0.00108902
0.00108866
0.00108805
0.00108426
0.00108298
0.00108167
0.00108039
0.00107919
0.0010781
0.00107718
0.00107646
0.00107596
0.0010757
0.0010757
0.00107594
0.00107644
0.00107715
0.00107807
0.00107915
0.00108035
0.00108163
0.00108293
0.00108422
0.00108544
0.00108653
0.00108747
0.0010882
0.00108871
0.00108897
0.00108897
0.00108872
0.00108822
0.00108749
0.00108656
0.00108547
0.0010831
0.0010816
0.00108013
0.00107875
0.00107751
0.00107644
0.00107561
0.00107502
0.00107472
0.00107471
0.00107498
0.00107554
0.00107636
0.0010774
0.00107864
0.00108002
0.00108149
0.00108299
0.00108447
0.00108587
0.00108713
0.0010882
0.00108905
0.00108963
0.00108993
0.00108994
0.00108965
0.00108908
0.00108825
0.00108719
0.00108595
0.00108456
0.00108215
0.00108104
0.00107997
0.001079
0.00107816
0.00107747
0.00107698
0.0010767
0.00107663
0.00107679
0.00107716
0.00107773
0.00107849
0.00107939
0.00108041
0.00108151
0.00108264
0.00108376
0.00108483
0.0010858
0.00108664
0.00108731
0.0010878
0.00108808
0.00108814
0.00108798
0.0010876
0.00108703
0.00108628
0.00108538
0.00108437
0.00108328
0.00108428
0.00108399
0.00108364
0.00108324
0.00108282
0.00108238
0.00108195
0.00108154
0.00108117
0.00108085
0.00108059
0.00108041
0.00108031
0.00108028
0.00108034
0.00108047
0.00108068
0.00108096
0.00108129
0.00108166
0.00108207
0.00108249
0.00108291
0.00108332
0.0010837
0.00108404
0.00108431
0.00108452
0.00108464
0.00108468
0.00108463
0.0010845
0.00108693
0.00108745
0.00108778
0.00108789
0.0010878
0.00108749
0.00108699
0.0010863
0.00108547
0.00108453
0.0010835
0.00108243
0.00108136
0.00108033
0.00107938
0.00107854
0.00107785
0.00107734
0.00107701
0.00107689
0.00107698
0.00107727
0.00107776
0.00107843
0.00107925
0.00108019
0.00108122
0.00108229
0.00108337
0.00108441
0.00108538
0.00108623
0.00108682
0.00108757
0.00108811
0.00108843
0.00108851
0.00108835
0.00108796
0.00108735
0.00108655
0.00108559
0.0010845
0.00108333
0.00108213
0.00108094
0.0010798
0.00107876
0.00107786
0.00107714
0.00107661
0.00107631
0.00107623
0.00107638
0.00107676
0.00107736
0.00107814
0.00107909
0.00108016
0.00108132
0.00108252
0.00108371
0.00108486
0.00108591
0.00108376
0.00108402
0.00108423
0.00108437
0.00108443
0.00108442
0.00108433
0.00108417
0.00108394
0.00108365
0.00108331
0.00108294
0.00108254
0.00108214
0.00108175
0.00108138
0.00108105
0.00108078
0.00108057
0.00108043
0.00108037
0.00108039
0.00108049
0.00108066
0.0010809
0.00108119
0.00108154
0.00108191
0.0010823
0.0010827
0.00108308
0.00108344
0.00107997
0.00107953
0.00107919
0.00107898
0.0010789
0.00107896
0.00107914
0.00107945
0.00107988
0.0010804
0.00108099
0.00108164
0.00108232
0.001083
0.00108366
0.00108427
0.00108481
0.00108525
0.00108559
0.0010858
0.00108588
0.00108583
0.00108565
0.00108534
0.00108491
0.00108439
0.0010838
0.00108314
0.00108246
0.00108178
0.00108112
0.00108051
0.00107828
0.0010775
0.0010769
0.00107651
0.00107634
0.0010764
0.00107668
0.00107718
0.00107788
0.00107874
0.00107975
0.00108086
0.00108203
0.00108322
0.00108437
0.00108545
0.0010864
0.00108721
0.00108782
0.00108822
0.0010884
0.00108833
0.00108804
0.00108752
0.00108681
0.00108592
0.0010849
0.00108378
0.0010826
0.00108142
0.00108028
0.00107922
0.00108052
0.00108005
0.00107968
0.0010794
0.00107925
0.00107921
0.0010793
0.00107951
0.00107983
0.00108025
0.00108075
0.00108132
0.00108193
0.00108255
0.00108316
0.00108375
0.00108428
0.00108474
0.00108511
0.00108538
0.00108553
0.00108556
0.00108547
0.00108526
0.00108495
0.00108454
0.00108404
0.00108349
0.00108288
0.00108226
0.00108165
0.00108106
0.00108532
0.0010856
0.00108575
0.00108577
0.00108566
0.00108543
0.00108508
0.00108463
0.0010841
0.0010835
0.00108286
0.0010822
0.00108154
0.00108091
0.00108034
0.00107984
0.00107944
0.00107915
0.00107898
0.00107895
0.00107905
0.00107927
0.00107962
0.00108008
0.00108063
0.00108124
0.0010819
0.00108258
0.00108324
0.00108387
0.00108444
0.00108493
0.00108833
0.00108915
0.0010897
0.00108997
0.00108993
0.0010896
0.00108898
0.0010881
0.001087
0.00108571
0.0010843
0.00108281
0.0010813
0.00107983
0.00107846
0.00107724
0.00107621
0.00107541
0.00107487
0.00107462
0.00107465
0.00107497
0.00107557
0.00107643
0.00107751
0.00107877
0.00108017
0.00108165
0.00108316
0.00108464
0.00108603
0.00108727
0.00108697
0.00108769
0.00108821
0.00108851
0.00108856
0.00108838
0.00108795
0.00108731
0.00108648
0.00108548
0.00108437
0.00108317
0.00108194
0.00108073
0.00107958
0.00107854
0.00107764
0.00107693
0.00107642
0.00107614
0.0010761
0.00107629
0.00107671
0.00107735
0.00107817
0.00107916
0.00108026
0.00108145
0.00108266
0.00108387
0.00108502
0.00108606
0.0010822
0.0010823
0.00108241
0.00108252
0.00108263
0.00108273
0.00108283
0.00108291
0.00108297
0.001083
0.00108301
0.001083
0.00108295
0.00108289
0.0010828
0.0010827
0.00108259
0.00108247
0.00108235
0.00108225
0.00108215
0.00108206
0.001082
0.00108194
0.00108191
0.00108189
0.00108189
0.0010819
0.00108193
0.00108198
0.00108204
0.00108211
0.00107699
0.00107642
0.00107607
0.00107597
0.00107611
0.00107648
0.00107708
0.00107787
0.00107884
0.00107993
0.00108112
0.00108235
0.00108358
0.00108476
0.00108585
0.0010868
0.00108757
0.00108815
0.0010885
0.00108861
0.00108847
0.0010881
0.00108751
0.00108671
0.00108574
0.00108464
0.00108345
0.00108221
0.00108098
0.00107979
0.00107871
0.00107776
0.00107549
0.00107466
0.00107412
0.00107388
0.00107396
0.00107435
0.00107504
0.00107601
0.0010772
0.0010786
0.00108013
0.00108174
0.00108338
0.00108497
0.00108646
0.00108779
0.0010889
0.00108975
0.00109031
0.00109056
0.00109048
0.00109007
0.00108936
0.00108837
0.00108715
0.00108573
0.00108418
0.00108256
0.00108092
0.00107934
0.00107787
0.00107657
0.00107981
0.00107928
0.00107887
0.00107859
0.00107846
0.00107847
0.00107864
0.00107894
0.00107937
0.00107992
0.00108055
0.00108125
0.00108198
0.00108272
0.00108344
0.00108412
0.00108473
0.00108525
0.00108565
0.00108593
0.00108607
0.00108606
0.00108592
0.00108563
0.00108522
0.00108469
0.00108407
0.00108337
0.00108263
0.00108188
0.00108113
0.00108044
0.00108683
0.00108693
0.00108685
0.00108659
0.00108618
0.00108561
0.00108492
0.00108413
0.00108327
0.00108237
0.00108147
0.00108059
0.00107977
0.00107905
0.00107845
0.001078
0.00107771
0.00107759
0.00107766
0.0010779
0.00107832
0.00107889
0.0010796
0.0010804
0.00108128
0.0010822
0.00108312
0.001084
0.00108482
0.00108553
0.00108612
0.00108656
0.00109074
0.00109121
0.00109133
0.00109109
0.00109051
0.0010896
0.0010884
0.00108696
0.00108534
0.0010836
0.00108181
0.00108003
0.00107835
0.00107681
0.00107548
0.00107441
0.00107363
0.00107318
0.00107308
0.00107331
0.00107389
0.00107477
0.00107594
0.00107735
0.00107894
0.00108066
0.00108244
0.00108422
0.00108592
0.00108748
0.00108883
0.00108994
0.0010895
0.00108971
0.00108964
0.00108928
0.00108865
0.00108777
0.00108668
0.00108542
0.00108404
0.00108259
0.00108113
0.00107971
0.0010784
0.00107723
0.00107626
0.00107551
0.00107503
0.00107482
0.0010749
0.00107526
0.00107589
0.00107676
0.00107784
0.0010791
0.00108047
0.00108191
0.00108337
0.00108478
0.0010861
0.00108728
0.00108826
0.00108901
0.00108525
0.00108486
0.00108437
0.00108382
0.00108321
0.00108257
0.00108193
0.00108131
0.00108072
0.00108021
0.00107977
0.00107944
0.00107921
0.00107911
0.00107914
0.00107929
0.00107957
0.00107995
0.00108044
0.001081
0.00108162
0.00108228
0.00108294
0.00108357
0.00108417
0.00108469
0.00108513
0.00108546
0.00108567
0.00108575
0.00108571
0.00108554
0.00108178
0.00108105
0.00108037
0.00107977
0.00107928
0.0010789
0.00107866
0.00107856
0.00107861
0.00107881
0.00107914
0.0010796
0.00108018
0.00108084
0.00108157
0.00108234
0.00108311
0.00108386
0.00108456
0.00108517
0.00108568
0.00108607
0.00108631
0.00108641
0.00108634
0.00108613
0.00108578
0.0010853
0.00108471
0.00108403
0.0010833
0.00108254
0.00108179
0.00108136
0.00108098
0.00108065
0.00108039
0.0010802
0.00108011
0.0010801
0.00108018
0.00108036
0.00108061
0.00108094
0.00108133
0.00108176
0.00108222
0.00108269
0.00108316
0.00108359
0.00108399
0.00108432
0.00108458
0.00108476
0.00108485
0.00108485
0.00108475
0.00108457
0.00108431
0.00108398
0.00108359
0.00108316
0.00108271
0.00108224
0.00108413
0.00108452
0.00108483
0.00108505
0.00108517
0.00108519
0.00108509
0.0010849
0.00108462
0.00108425
0.00108382
0.00108333
0.00108281
0.00108227
0.00108175
0.00108125
0.00108079
0.0010804
0.00108008
0.00107986
0.00107974
0.00107971
0.0010798
0.00107998
0.00108027
0.00108063
0.00108107
0.00108156
0.00108209
0.00108263
0.00108316
0.00108367
0.00108607
0.00108719
0.00108812
0.00108883
0.00108929
0.00108948
0.00108939
0.00108903
0.0010884
0.00108755
0.00108649
0.00108528
0.00108395
0.00108257
0.00108118
0.00107984
0.0010786
0.0010775
0.00107659
0.0010759
0.00107546
0.00107527
0.00107536
0.00107571
0.00107631
0.00107715
0.00107818
0.00107938
0.00108069
0.00108207
0.00108346
0.00108481
0.00108667
0.00108795
0.00108901
0.00108982
0.00109033
0.00109054
0.00109042
0.00108998
0.00108924
0.00108823
0.001087
0.00108558
0.00108404
0.00108244
0.00108083
0.00107929
0.00107786
0.00107661
0.00107558
0.0010748
0.00107432
0.00107413
0.00107425
0.00107468
0.00107539
0.00107637
0.00107757
0.00107896
0.00108048
0.00108207
0.00108367
0.00108522
0.00108683
0.00108776
0.00108849
0.00108898
0.00108922
0.00108919
0.0010889
0.00108835
0.00108757
0.00108658
0.00108543
0.00108417
0.00108283
0.00108149
0.00108017
0.00107895
0.00107786
0.00107695
0.00107624
0.00107577
0.00107555
0.00107559
0.00107589
0.00107643
0.0010772
0.00107816
0.00107929
0.00108053
0.00108184
0.00108318
0.00108449
0.00108572
0.00108654
0.00108697
0.00108723
0.00108731
0.0010872
0.00108691
0.00108645
0.00108583
0.00108508
0.00108422
0.0010833
0.00108234
0.0010814
0.00108049
0.00107966
0.00107894
0.00107836
0.00107794
0.00107769
0.00107763
0.00107775
0.00107806
0.00107853
0.00107915
0.0010799
0.00108074
0.00108164
0.00108258
0.00108352
0.00108441
0.00108524
0.00108595
0.00108533
0.00108535
0.00108527
0.00108509
0.0010848
0.00108444
0.00108399
0.00108349
0.00108295
0.00108239
0.00108183
0.0010813
0.00108082
0.0010804
0.00108007
0.00107983
0.0010797
0.00107968
0.00107977
0.00107998
0.00108028
0.00108066
0.00108112
0.00108164
0.00108218
0.00108273
0.00108327
0.00108378
0.00108425
0.00108465
0.00108497
0.0010852
0.00108379
0.00108349
0.00108315
0.00108279
0.00108242
0.00108206
0.00108171
0.0010814
0.00108113
0.0010809
0.00108074
0.00108064
0.00108062
0.00108068
0.0010808
0.001081
0.00108126
0.00108157
0.00108193
0.0010823
0.00108269
0.00108308
0.00108344
0.00108377
0.00108405
0.00108426
0.00108441
0.00108448
0.00108448
0.00108441
0.00108426
0.00108406
0.00108272
0.00108207
0.00108145
0.00108087
0.00108035
0.00107991
0.00107958
0.00107935
0.00107924
0.00107925
0.00107939
0.00107964
0.00108001
0.00108047
0.00108101
0.00108162
0.00108226
0.00108291
0.00108356
0.00108416
0.0010847
0.00108516
0.00108552
0.00108575
0.00108586
0.00108583
0.00108568
0.0010854
0.00108501
0.00108453
0.00108397
0.00108336
0.00108292
0.00108198
0.00108105
0.00108018
0.0010794
0.00107874
0.00107821
0.00107785
0.00107766
0.00107765
0.00107782
0.00107817
0.00107868
0.00107934
0.00108013
0.001081
0.00108194
0.0010829
0.00108385
0.00108474
0.00108555
0.00108624
0.00108679
0.00108716
0.00108734
0.00108734
0.00108714
0.00108676
0.00108622
0.00108554
0.00108474
0.00108386
0.00108392
0.00108289
0.00108184
0.00108082
0.00107986
0.001079
0.00107828
0.0010777
0.00107731
0.00107711
0.00107711
0.00107731
0.00107772
0.00107831
0.00107905
0.00107994
0.00108092
0.00108197
0.00108303
0.00108408
0.00108507
0.00108596
0.00108671
0.00108729
0.00108768
0.00108786
0.00108783
0.0010876
0.00108717
0.00108656
0.00108579
0.0010849
0.00108514
0.00108438
0.00108356
0.00108269
0.00108182
0.00108097
0.00108018
0.00107948
0.00107888
0.00107842
0.00107812
0.00107799
0.00107802
0.00107823
0.00107861
0.00107913
0.00107979
0.00108056
0.0010814
0.00108228
0.00108318
0.00108404
0.00108485
0.00108556
0.00108615
0.00108659
0.00108688
0.00108699
0.00108694
0.00108671
0.00108632
0.00108579
0.00108658
0.00108637
0.00108601
0.00108552
0.00108491
0.00108421
0.00108345
0.00108264
0.00108182
0.00108103
0.00108029
0.00107964
0.0010791
0.00107869
0.00107843
0.00107833
0.00107839
0.00107861
0.00107899
0.00107949
0.00108012
0.00108083
0.00108161
0.00108241
0.00108322
0.001084
0.00108472
0.00108535
0.00108588
0.00108628
0.00108653
0.00108663
0.00108793
0.00108828
0.00108841
0.00108831
0.00108798
0.00108744
0.00108671
0.0010858
0.00108477
0.00108364
0.00108247
0.00108129
0.00108017
0.00107913
0.00107823
0.00107749
0.00107694
0.00107661
0.0010765
0.00107663
0.00107697
0.00107753
0.00107827
0.00107917
0.00108018
0.00108129
0.00108244
0.00108359
0.0010847
0.00108572
0.00108662
0.00108737
0.00108889
0.00108965
0.00109014
0.00109033
0.00109021
0.00108979
0.00108908
0.0010881
0.0010869
0.00108552
0.00108403
0.00108247
0.00108091
0.00107941
0.00107803
0.00107682
0.00107584
0.0010751
0.00107465
0.0010745
0.00107465
0.00107509
0.00107581
0.00107677
0.00107795
0.00107929
0.00108075
0.00108227
0.00108381
0.00108529
0.00108666
0.00108788
0.00108888
0.00108979
0.00109042
0.00109074
0.00109074
0.00109042
0.00108979
0.00108886
0.00108768
0.00108628
0.00108474
0.00108311
0.00108145
0.00107983
0.00107832
0.00107697
0.00107584
0.00107496
0.00107437
0.00107408
0.00107412
0.00107447
0.00107512
0.00107604
0.0010772
0.00107856
0.00108006
0.00108164
0.00108327
0.00108486
0.00108636
0.00108772
0.00108827
0.00108917
0.00108982
0.00109018
0.00109025
0.00109001
0.00108947
0.00108866
0.00108761
0.00108634
0.00108492
0.00108341
0.00108186
0.00108034
0.0010789
0.00107761
0.0010765
0.00107563
0.00107503
0.00107471
0.00107468
0.00107496
0.00107551
0.00107633
0.00107737
0.0010786
0.00107997
0.00108144
0.00108295
0.00108444
0.00108586
0.00108716
0.00108811
0.00108905
0.00108973
0.00109014
0.00109026
0.00109007
0.00108958
0.00108882
0.0010878
0.00108656
0.00108516
0.00108366
0.00108211
0.00108058
0.00107912
0.0010778
0.00107666
0.00107575
0.0010751
0.00107474
0.00107467
0.0010749
0.00107541
0.00107619
0.0010772
0.0010784
0.00107975
0.00108121
0.00108271
0.00108421
0.00108564
0.00108696
0.00108855
0.00108954
0.00109026
0.00109068
0.00109078
0.00109056
0.00109002
0.00108918
0.00108807
0.00108674
0.00108523
0.00108361
0.00108195
0.00108031
0.00107875
0.00107734
0.00107614
0.00107518
0.0010745
0.00107412
0.00107407
0.00107433
0.0010749
0.00107576
0.00107685
0.00107816
0.00107962
0.00108118
0.0010828
0.0010844
0.00108593
0.00108733
0.00108926
0.00109011
0.00109066
0.00109091
0.00109082
0.00109041
0.00108969
0.00108868
0.00108742
0.00108596
0.00108436
0.00108267
0.00108098
0.00107935
0.00107784
0.00107651
0.00107542
0.0010746
0.00107408
0.00107388
0.00107401
0.00107446
0.00107521
0.00107624
0.00107749
0.00107892
0.00108048
0.0010821
0.00108375
0.00108534
0.00108683
0.00108815
0.00108975
0.00109017
0.0010903
0.00109013
0.00108966
0.00108891
0.00108791
0.0010867
0.00108532
0.00108381
0.00108225
0.00108069
0.0010792
0.00107784
0.00107666
0.00107571
0.00107501
0.00107461
0.00107451
0.00107472
0.00107523
0.00107601
0.00107704
0.00107827
0.00107965
0.00108113
0.00108266
0.00108418
0.00108562
0.00108695
0.00108811
0.00108906
0.00108955
0.00108935
0.00108889
0.00108818
0.00108726
0.00108615
0.00108491
0.00108357
0.00108218
0.00108079
0.00107946
0.00107825
0.00107719
0.00107634
0.00107573
0.00107538
0.00107531
0.00107551
0.00107599
0.00107673
0.00107769
0.00107883
0.00108011
0.00108149
0.00108289
0.00108427
0.00108557
0.00108675
0.00108777
0.00108858
0.00108916
0.00108949
0.00108852
0.0010878
0.00108689
0.00108581
0.00108461
0.00108334
0.00108203
0.00108073
0.0010795
0.00107837
0.00107739
0.0010766
0.00107604
0.00107573
0.00107567
0.00107589
0.00107636
0.00107708
0.00107802
0.00107913
0.00108038
0.00108171
0.00108307
0.00108441
0.00108567
0.00108679
0.00108774
0.00108849
0.001089
0.00108926
0.00108926
0.00108901
0.00108734
0.00108655
0.00108562
0.00108457
0.00108345
0.00108229
0.00108115
0.00108005
0.00107904
0.00107815
0.00107741
0.00107687
0.00107655
0.00107646
0.0010766
0.00107698
0.00107758
0.00107838
0.00107934
0.00108044
0.00108162
0.00108284
0.00108405
0.00108519
0.00108622
0.0010871
0.00108779
0.00108827
0.00108853
0.00108856
0.00108837
0.00108796
0.0010872
0.00108682
0.00108628
0.00108561
0.00108482
0.00108395
0.00108302
0.00108207
0.00108113
0.00108023
0.00107941
0.0010787
0.00107815
0.00107776
0.00107757
0.00107757
0.00107777
0.00107816
0.00107872
0.00107944
0.00108029
0.00108122
0.0010822
0.00108319
0.00108415
0.00108503
0.00108581
0.00108646
0.00108696
0.00108729
0.00108744
0.00108741
0.0010884
0.00108863
0.00108862
0.00108839
0.00108794
0.00108728
0.00108643
0.00108543
0.0010843
0.00108309
0.00108185
0.00108063
0.00107948
0.00107845
0.00107758
0.00107691
0.00107646
0.00107624
0.00107628
0.00107656
0.00107707
0.00107779
0.00107869
0.00107973
0.00108087
0.00108206
0.00108325
0.00108441
0.0010855
0.00108648
0.0010873
0.00108795
0.00109023
0.00109082
0.0010911
0.00109105
0.00109066
0.00108996
0.00108897
0.00108771
0.00108624
0.00108461
0.00108288
0.00108113
0.00107943
0.00107785
0.00107645
0.00107529
0.00107441
0.00107385
0.00107362
0.00107373
0.00107418
0.00107495
0.00107599
0.00107728
0.00107875
0.00108035
0.00108201
0.00108369
0.00108532
0.00108684
0.0010882
0.00108934
0.0010921
0.00109251
0.00109253
0.00109217
0.00109142
0.00109033
0.00108892
0.00108725
0.00108538
0.00108338
0.00108133
0.00107932
0.00107743
0.00107573
0.00107429
0.00107317
0.0010724
0.00107203
0.00107206
0.00107248
0.00107328
0.00107443
0.00107588
0.00107757
0.00107943
0.00108139
0.00108338
0.00108532
0.00108715
0.00108881
0.00109021
0.00109133
0.00109368
0.00109347
0.00109284
0.0010918
0.00109039
0.00108868
0.00108671
0.00108457
0.00108233
0.00108008
0.0010779
0.00107589
0.00107413
0.00107268
0.0010716
0.00107094
0.00107072
0.00107094
0.00107161
0.00107269
0.00107414
0.0010759
0.00107791
0.00108007
0.00108232
0.00108454
0.00108668
0.00108864
0.00109035
0.00109176
0.00109281
0.00109346
0.00109455
0.00109381
0.00109263
0.00109106
0.00108915
0.00108697
0.00108461
0.00108216
0.0010797
0.00107732
0.00107512
0.00107319
0.0010716
0.00107042
0.00106969
0.00106945
0.00106971
0.00107045
0.00107165
0.00107326
0.00107522
0.00107745
0.00107987
0.00108237
0.00108485
0.00108722
0.00108939
0.00109128
0.00109281
0.00109394
0.00109462
0.00109483
0.00109439
0.0010937
0.00109258
0.00109107
0.00108922
0.00108711
0.00108481
0.0010824
0.00107998
0.00107763
0.00107545
0.00107352
0.00107193
0.00107073
0.00106998
0.0010697
0.00106992
0.00107061
0.00107176
0.00107331
0.00107522
0.00107739
0.00107975
0.00108221
0.00108465
0.00108698
0.00108913
0.001091
0.00109253
0.00109367
0.00109438
0.00109462
0.00109349
0.00109344
0.00109298
0.00109211
0.00109087
0.0010893
0.00108745
0.0010854
0.00108322
0.00108098
0.00107879
0.00107674
0.0010749
0.00107334
0.00107214
0.00107134
0.00107097
0.00107104
0.00107155
0.00107247
0.00107378
0.00107541
0.00107731
0.00107939
0.00108157
0.00108376
0.00108589
0.00108788
0.00108966
0.00109115
0.00109232
0.00109311
0.00109296
0.00109367
0.00109395
0.00109379
0.00109318
0.00109216
0.00109075
0.001089
0.00108698
0.00108477
0.00108245
0.00108012
0.00107788
0.00107581
0.001074
0.00107253
0.00107144
0.00107077
0.00107056
0.0010708
0.00107148
0.00107258
0.00107404
0.00107581
0.00107782
0.00107998
0.00108222
0.00108446
0.00108662
0.00108862
0.00109039
0.00109185
0.0010938
0.00109487
0.00109546
0.00109555
0.00109512
0.00109419
0.00109279
0.00109097
0.0010888
0.00108635
0.00108374
0.00108106
0.00107842
0.00107594
0.00107372
0.00107183
0.00107034
0.00106933
0.00106882
0.00106882
0.00106933
0.00107034
0.00107179
0.00107364
0.00107579
0.00107817
0.00108069
0.00108327
0.00108581
0.00108822
0.0010904
0.00109229
0.00109596
0.00109691
0.0010973
0.00109711
0.00109633
0.001095
0.00109315
0.00109087
0.00108823
0.00108534
0.00108231
0.00107927
0.00107635
0.00107365
0.00107128
0.00106934
0.00106789
0.001067
0.00106669
0.00106697
0.00106783
0.00106922
0.0010711
0.00107339
0.00107599
0.00107881
0.00108175
0.00108469
0.00108754
0.00109018
0.00109253
0.00109448
0.00109828
0.00109894
0.00109894
0.00109829
0.001097
0.00109513
0.00109274
0.00108992
0.00108677
0.00108343
0.00108002
0.00107668
0.00107355
0.00107075
0.00106838
0.00106655
0.0010653
0.0010647
0.00106476
0.00106547
0.00106681
0.00106873
0.00107114
0.00107395
0.00107706
0.00108034
0.00108367
0.00108693
0.00109
0.00109277
0.00109513
0.00109699
0.00109954
0.00109999
0.00109974
0.0010988
0.0010972
0.001095
0.00109229
0.00108916
0.00108574
0.00108215
0.00107855
0.00107508
0.00107187
0.00106904
0.00106671
0.00106497
0.00106388
0.00106348
0.00106377
0.00106476
0.0010664
0.00106863
0.00107135
0.00107446
0.00107785
0.00108137
0.00108491
0.00108833
0.0010915
0.00109431
0.00109664
0.00109841
0.00109943
0.00109979
0.00109945
0.00109843
0.00109676
0.00109452
0.00109178
0.00108865
0.00108525
0.0010817
0.00107816
0.00107475
0.00107163
0.0010689
0.00106668
0.00106504
0.00106405
0.00106374
0.00106412
0.00106519
0.00106689
0.00106915
0.0010719
0.00107502
0.00107838
0.00108188
0.00108536
0.00108871
0.0010918
0.00109451
0.00109674
0.00109841
0.00109844
0.00109873
0.00109836
0.00109737
0.00109577
0.00109364
0.00109106
0.00108811
0.00108491
0.00108159
0.00107828
0.00107511
0.00107221
0.00106969
0.00106764
0.00106615
0.00106527
0.00106503
0.00106544
0.00106648
0.00106812
0.00107027
0.00107287
0.00107581
0.00107897
0.00108224
0.00108549
0.00108861
0.00109147
0.00109397
0.00109602
0.00109753
0.00109738
0.00109757
0.00109717
0.00109618
0.00109465
0.00109263
0.0010902
0.00108744
0.00108446
0.00108139
0.00107833
0.00107542
0.00107277
0.00107048
0.00106864
0.00106732
0.00106657
0.00106642
0.00106687
0.0010679
0.00106947
0.00107153
0.00107397
0.00107672
0.00107967
0.00108269
0.00108569
0.00108855
0.00109116
0.00109343
0.00109527
0.0010966
0.0010967
0.0010968
0.00109633
0.00109532
0.0010938
0.00109183
0.00108948
0.00108683
0.001084
0.00108108
0.0010782
0.00107547
0.00107301
0.00107089
0.00106922
0.00106805
0.00106742
0.00106735
0.00106786
0.00106891
0.00107047
0.00107247
0.00107484
0.00107747
0.00108028
0.00108315
0.00108597
0.00108865
0.00109108
0.00109318
0.00109485
0.00109604
0.00109652
0.00109653
0.00109599
0.00109492
0.00109335
0.00109135
0.00108898
0.00108634
0.00108354
0.00108067
0.00107786
0.00107521
0.00107283
0.00107082
0.00106925
0.00106817
0.00106764
0.00106766
0.00106824
0.00106936
0.00107096
0.00107299
0.00107536
0.00107798
0.00108075
0.00108358
0.00108634
0.00108894
0.00109129
0.00109329
0.00109487
0.00109596
0.00109691
0.00109682
0.00109616
0.00109496
0.00109327
0.00109114
0.00108865
0.00108591
0.00108301
0.00108007
0.00107721
0.00107454
0.00107217
0.00107018
0.00106865
0.00106765
0.0010672
0.00106732
0.00106801
0.00106924
0.00107096
0.0010731
0.00107558
0.00107831
0.00108117
0.00108407
0.00108688
0.00108952
0.00109188
0.00109386
0.0010954
0.00109643
0.00109735
0.00109713
0.00109633
0.00109498
0.00109313
0.00109084
0.00108821
0.00108534
0.00108234
0.00107932
0.00107641
0.00107372
0.00107135
0.0010694
0.00106794
0.00106702
0.00106667
0.00106692
0.00106774
0.00106911
0.00107098
0.00107326
0.00107587
0.00107872
0.00108169
0.00108467
0.00108755
0.00109022
0.00109258
0.00109454
0.00109603
0.00109698
0.00109708
0.00109676
0.00109586
0.00109444
0.00109253
0.00109021
0.00108758
0.00108472
0.00108176
0.00107881
0.00107599
0.0010734
0.00107115
0.00106932
0.00106798
0.00106718
0.00106695
0.0010673
0.00106821
0.00106965
0.00107156
0.00107386
0.00107648
0.0010793
0.00108223
0.00108515
0.00108795
0.00109053
0.00109278
0.00109463
0.00109599
0.00109682
0.0010955
0.00109519
0.00109439
0.00109311
0.0010914
0.00108934
0.00108699
0.00108445
0.00108181
0.00107919
0.00107669
0.00107439
0.0010724
0.00107079
0.00106961
0.00106892
0.00106873
0.00106906
0.00106989
0.00107118
0.0010729
0.00107496
0.00107729
0.0010798
0.0010824
0.00108499
0.00108747
0.00108975
0.00109174
0.00109336
0.00109456
0.00109528
0.00109301
0.00109293
0.00109243
0.00109154
0.00109029
0.00108873
0.00108691
0.0010849
0.0010828
0.00108067
0.00107861
0.00107669
0.00107499
0.00107358
0.0010725
0.00107181
0.00107152
0.00107164
0.00107217
0.00107309
0.00107435
0.00107592
0.00107772
0.00107969
0.00108176
0.00108384
0.00108587
0.00108777
0.00108945
0.00109087
0.00109196
0.00109269
0.00109074
0.001091
0.00109093
0.00109052
0.0010898
0.00108879
0.00108753
0.00108606
0.00108445
0.00108275
0.00108105
0.00107941
0.00107788
0.00107654
0.00107542
0.00107458
0.00107404
0.00107383
0.00107394
0.00107437
0.00107511
0.00107612
0.00107737
0.0010788
0.00108037
0.00108201
0.00108368
0.00108529
0.00108681
0.00108815
0.00108929
0.00109016
0.00108918
0.00108972
0.00108998
0.00108994
0.00108962
0.00108901
0.00108814
0.00108705
0.00108578
0.00108438
0.00108291
0.00108143
0.00108
0.00107866
0.00107748
0.00107649
0.00107574
0.00107524
0.00107502
0.00107509
0.00107543
0.00107604
0.00107688
0.00107794
0.00107916
0.00108052
0.00108195
0.0010834
0.00108482
0.00108616
0.00108737
0.00108838
0.00108848
0.0010891
0.00108947
0.00108956
0.00108938
0.00108893
0.00108822
0.00108729
0.00108617
0.00108491
0.00108356
0.00108217
0.0010808
0.00107951
0.00107833
0.00107732
0.00107651
0.00107593
0.0010756
0.00107554
0.00107573
0.00107618
0.00107686
0.00107776
0.00107883
0.00108005
0.00108136
0.00108272
0.00108408
0.00108538
0.00108658
0.00108763
0.00108817
0.00108859
0.00108877
0.0010887
0.0010884
0.00108786
0.00108711
0.00108618
0.00108511
0.00108394
0.00108273
0.00108151
0.00108033
0.00107924
0.00107829
0.0010775
0.00107691
0.00107653
0.00107638
0.00107646
0.00107677
0.00107729
0.00107801
0.0010789
0.00107993
0.00108106
0.00108225
0.00108345
0.00108463
0.00108573
0.00108671
0.00108754
0.00108736
0.00108724
0.00108694
0.00108646
0.00108583
0.00108507
0.00108421
0.00108328
0.00108233
0.00108139
0.0010805
0.0010797
0.001079
0.00107845
0.00107806
0.00107784
0.00107781
0.00107795
0.00107827
0.00107875
0.00107937
0.00108011
0.00108093
0.00108183
0.00108275
0.00108366
0.00108454
0.00108535
0.00108605
0.00108663
0.00108705
0.00108729
0.00108515
0.00108428
0.00108334
0.00108237
0.00108141
0.00108048
0.00107963
0.00107889
0.00107829
0.00107786
0.00107761
0.00107755
0.00107768
0.001078
0.00107849
0.00107914
0.00107992
0.0010808
0.00108174
0.00108272
0.00108368
0.00108459
0.00108542
0.00108614
0.00108673
0.00108715
0.0010874
0.00108746
0.00108734
0.00108703
0.00108655
0.00108591
0.00108136
0.00107984
0.00107842
0.00107716
0.00107609
0.00107526
0.0010747
0.00107443
0.00107446
0.0010748
0.00107543
0.00107632
0.00107745
0.00107876
0.00108023
0.00108177
0.00108335
0.00108488
0.00108633
0.00108762
0.00108871
0.00108955
0.00109011
0.00109037
0.00109032
0.00108997
0.00108932
0.0010884
0.00108725
0.00108592
0.00108446
0.00108292
0.00107703
0.00107525
0.00107373
0.00107253
0.00107171
0.00107127
0.00107125
0.00107164
0.00107243
0.00107358
0.00107507
0.00107683
0.00107881
0.00108091
0.00108308
0.00108522
0.00108724
0.00108908
0.00109066
0.0010919
0.00109277
0.00109323
0.00109325
0.00109283
0.00109201
0.0010908
0.00108925
0.00108744
0.00108543
0.0010833
0.00108114
0.00107902
0.00107374
0.00107201
0.00107067
0.00106976
0.00106931
0.00106935
0.00106987
0.00107084
0.00107224
0.00107401
0.00107609
0.00107841
0.00108087
0.00108339
0.00108587
0.00108821
0.00109032
0.00109212
0.00109353
0.0010945
0.00109498
0.00109496
0.00109443
0.00109341
0.00109195
0.00109011
0.00108796
0.00108559
0.00108309
0.00108056
0.0010781
0.00107579
0.00107315
0.00107159
0.00107044
0.00106974
0.0010695
0.00106975
0.00107046
0.00107161
0.00107316
0.00107505
0.00107721
0.00107956
0.00108202
0.0010845
0.00108689
0.00108911
0.00109106
0.00109268
0.00109389
0.00109465
0.00109492
0.0010947
0.00109398
0.00109279
0.00109119
0.00108924
0.00108701
0.0010846
0.00108211
0.00107962
0.00107724
0.00107505
0.00107541
0.00107408
0.00107307
0.00107242
0.00107215
0.00107227
0.00107277
0.00107362
0.0010748
0.00107627
0.00107797
0.00107983
0.00108179
0.00108379
0.00108573
0.00108755
0.00108918
0.00109055
0.0010916
0.00109231
0.00109263
0.00109255
0.00109207
0.00109121
0.00109
0.00108849
0.00108673
0.00108481
0.0010828
0.00108078
0.00107882
0.00107701
0.00107779
0.00107666
0.00107576
0.00107512
0.00107476
0.0010747
0.00107493
0.00107544
0.00107621
0.00107722
0.00107843
0.00107978
0.00108125
0.00108277
0.00108428
0.00108573
0.00108706
0.00108822
0.00108917
0.00108986
0.00109028
0.00109038
0.00109018
0.00108968
0.00108889
0.00108784
0.00108659
0.00108517
0.00108366
0.0010821
0.00108057
0.00107911
0.00107718
0.00107613
0.00107532
0.00107479
0.00107456
0.00107463
0.00107499
0.00107563
0.00107653
0.00107764
0.00107893
0.00108035
0.00108186
0.00108339
0.00108489
0.00108631
0.00108758
0.00108867
0.00108952
0.0010901
0.00109039
0.00109037
0.00109005
0.00108942
0.00108851
0.00108736
0.00108602
0.00108453
0.00108297
0.0010814
0.00107987
0.00107844
0.00107388
0.00107274
0.00107196
0.00107159
0.00107162
0.00107206
0.00107289
0.00107407
0.00107556
0.00107729
0.00107921
0.00108125
0.00108333
0.00108537
0.0010873
0.00108904
0.00109053
0.00109171
0.00109253
0.00109296
0.00109298
0.00109259
0.0010918
0.00109063
0.00108913
0.00108735
0.00108538
0.00108328
0.00108115
0.00107906
0.00107711
0.00107536
0.00107057
0.00106909
0.0010681
0.00106765
0.00106775
0.0010684
0.00106956
0.00107119
0.00107323
0.0010756
0.00107821
0.00108096
0.00108376
0.00108651
0.00108908
0.0010914
0.00109336
0.00109489
0.00109593
0.00109644
0.00109639
0.00109578
0.00109464
0.00109301
0.00109094
0.00108852
0.00108585
0.00108303
0.00108018
0.0010774
0.00107481
0.0010725
0.00106842
0.00106645
0.00106506
0.00106432
0.00106424
0.00106483
0.00106606
0.00106789
0.00107023
0.001073
0.00107611
0.00107943
0.00108285
0.00108623
0.00108946
0.0010924
0.00109495
0.00109699
0.00109845
0.00109927
0.00109941
0.00109887
0.00109766
0.00109582
0.00109344
0.00109059
0.00108739
0.00108399
0.0010805
0.00107707
0.00107383
0.00107091
0.0010668
0.00106448
0.00106282
0.00106187
0.00106167
0.00106223
0.00106352
0.00106548
0.00106805
0.00107112
0.00107458
0.00107831
0.00108217
0.00108602
0.00108972
0.00109311
0.00109607
0.00109848
0.00110024
0.00110128
0.00110156
0.00110106
0.0010998
0.00109782
0.00109519
0.00109203
0.00108846
0.00108462
0.00108067
0.00107677
0.00107306
0.0010697
0.00106501
0.00106261
0.00106094
0.00106005
0.00105997
0.0010607
0.0010622
0.00106444
0.0010673
0.0010707
0.00107449
0.00107855
0.00108273
0.00108686
0.0010908
0.0010944
0.00109751
0.0011
0.00110178
0.00110277
0.00110294
0.00110226
0.00110076
0.00109851
0.00109558
0.00109208
0.00108817
0.001084
0.00107973
0.00107555
0.0010716
0.00106804
0.00106395
0.00106156
0.00105993
0.00105912
0.00105915
0.00106001
0.00106168
0.0010641
0.00106715
0.00107074
0.00107472
0.00107896
0.0010833
0.00108757
0.00109162
0.00109529
0.00109843
0.00110092
0.00110266
0.00110357
0.00110362
0.00110279
0.00110113
0.00109869
0.00109556
0.00109188
0.00108778
0.00108343
0.00107901
0.00107469
0.00107064
0.00106702
0.00106492
0.00106248
0.00106077
0.00105986
0.00105976
0.00106048
0.001062
0.00106424
0.00106712
0.00107054
0.00107437
0.00107847
0.00108268
0.00108686
0.00109084
0.00109448
0.00109762
0.00110016
0.00110197
0.00110299
0.00110317
0.00110251
0.00110102
0.00109876
0.00109581
0.00109229
0.00108835
0.00108414
0.00107983
0.00107559
0.0010716
0.00106799
0.00106727
0.00106478
0.00106294
0.00106183
0.00106146
0.00106186
0.00106301
0.00106486
0.00106733
0.00107033
0.00107376
0.00107748
0.00108136
0.00108526
0.00108903
0.00109254
0.00109564
0.00109821
0.00110015
0.00110138
0.00110184
0.00110152
0.00110041
0.00109857
0.00109606
0.00109297
0.00108943
0.00108559
0.0010816
0.00107762
0.00107381
0.00107031
0.00106933
0.00106689
0.00106503
0.00106382
0.00106329
0.00106347
0.00106435
0.00106588
0.001068
0.00107064
0.00107369
0.00107705
0.00108059
0.00108418
0.0010877
0.001091
0.00109397
0.00109647
0.00109842
0.00109974
0.00110036
0.00110027
0.00109945
0.00109794
0.00109579
0.00109308
0.00108993
0.00108646
0.00108281
0.00107913
0.00107556
0.00107225
0.0010701
0.00106782
0.00106608
0.00106496
0.00106448
0.00106467
0.00106551
0.00106697
0.00106898
0.00107148
0.00107437
0.00107754
0.00108088
0.00108426
0.00108757
0.00109067
0.00109345
0.0010958
0.00109762
0.00109884
0.0010994
0.00109929
0.0010985
0.00109706
0.00109502
0.00109246
0.00108949
0.00108621
0.00108277
0.00107931
0.00107596
0.00107285
0.00106953
0.00106732
0.00106567
0.00106465
0.00106429
0.0010646
0.00106556
0.00106714
0.00106927
0.00107187
0.00107485
0.00107809
0.00108148
0.0010849
0.00108821
0.00109129
0.00109402
0.00109629
0.00109802
0.00109913
0.00109957
0.00109933
0.00109841
0.00109684
0.00109468
0.00109201
0.00108895
0.00108561
0.00108213
0.00107864
0.0010753
0.00107222
0.0010678
0.00106535
0.00106353
0.0010624
0.00106201
0.00106236
0.00106345
0.00106521
0.0010676
0.00107051
0.00107385
0.00107748
0.00108127
0.00108509
0.00108879
0.00109223
0.00109528
0.00109781
0.00109972
0.00110093
0.0011014
0.00110111
0.00110005
0.00109827
0.00109583
0.00109284
0.00108941
0.00108568
0.0010818
0.00107793
0.00107421
0.00107079
0.00106548
0.00106249
0.00106022
0.00105874
0.00105812
0.00105837
0.00105948
0.0010614
0.00106406
0.00106737
0.00107121
0.00107543
0.00107988
0.0010844
0.00108881
0.00109294
0.00109664
0.00109974
0.00110214
0.00110372
0.00110443
0.00110422
0.00110312
0.00110114
0.00109839
0.00109496
0.001091
0.00108666
0.00108212
0.00107756
0.00107316
0.00106908
0.00106379
0.0010603
0.0010576
0.00105577
0.00105489
0.00105497
0.00105603
0.001058
0.00106082
0.0010644
0.00106861
0.00107329
0.00107826
0.00108336
0.00108838
0.00109312
0.00109741
0.00110107
0.00110394
0.00110591
0.00110689
0.00110685
0.00110577
0.0011037
0.00110073
0.00109698
0.00109261
0.00108778
0.0010827
0.00107757
0.00107258
0.00106793
0.00106394
0.00106038
0.0010576
0.0010557
0.00105473
0.00105474
0.00105572
0.00105763
0.00106041
0.00106396
0.00106815
0.00107283
0.00107783
0.00108297
0.00108804
0.00109286
0.00109723
0.00110096
0.00110392
0.00110597
0.00110703
0.00110705
0.00110603
0.001104
0.00110106
0.00109733
0.00109296
0.00108813
0.00108303
0.00107787
0.00107284
0.00106814
0.00106567
0.00106248
0.00106
0.00105832
0.00105749
0.00105755
0.00105848
0.00106026
0.00106283
0.00106609
0.00106994
0.00107422
0.00107878
0.00108345
0.00108805
0.00109241
0.00109634
0.00109969
0.00110231
0.0011041
0.00110499
0.00110494
0.00110394
0.00110204
0.00109933
0.0010959
0.00109192
0.00108753
0.0010829
0.00107823
0.00107369
0.00106945
0.00106769
0.00106493
0.00106279
0.00106136
0.00106068
0.00106078
0.00106166
0.00106328
0.00106559
0.00106851
0.00107193
0.00107574
0.00107977
0.0010839
0.00108795
0.00109176
0.0010952
0.0010981
0.00110036
0.00110188
0.00110259
0.00110247
0.00110153
0.00109979
0.00109734
0.00109428
0.00109074
0.00108685
0.00108278
0.00107867
0.00107469
0.00107098
0.00106934
0.00106668
0.00106459
0.00106313
0.00106237
0.00106233
0.00106301
0.0010644
0.00106643
0.00106905
0.00107217
0.00107566
0.00107939
0.00108324
0.00108704
0.00109065
0.00109392
0.00109672
0.00109894
0.00110047
0.00110126
0.00110128
0.00110052
0.00109902
0.00109684
0.00109408
0.00109086
0.00108729
0.00108352
0.0010797
0.00107597
0.00107248
0.00107085
0.00106797
0.00106561
0.00106385
0.00106276
0.00106237
0.0010627
0.00106374
0.00106546
0.0010678
0.00107068
0.001074
0.00107762
0.00108143
0.00108525
0.00108896
0.0010924
0.00109543
0.00109792
0.00109976
0.00110089
0.00110126
0.00110085
0.00109969
0.00109782
0.00109534
0.00109233
0.00108893
0.00108527
0.00108149
0.00107773
0.00107414
0.00107211
0.00106902
0.00106641
0.00106436
0.00106296
0.00106225
0.00106226
0.00106301
0.00106446
0.00106657
0.00106926
0.00107245
0.001076
0.00107978
0.00108366
0.00108748
0.00109108
0.00109433
0.00109708
0.00109922
0.00110066
0.00110135
0.00110125
0.00110039
0.00109879
0.00109654
0.00109372
0.00109045
0.00108686
0.00108308
0.00107927
0.00107557
0.00107224
0.00106916
0.00106656
0.00106451
0.00106311
0.00106239
0.00106239
0.00106312
0.00106455
0.00106664
0.00106931
0.00107247
0.001076
0.00107977
0.00108363
0.00108744
0.00109103
0.00109426
0.001097
0.00109913
0.00110057
0.00110125
0.00110116
0.00110031
0.00109873
0.00109649
0.0010937
0.00109045
0.00108688
0.00108314
0.00107936
0.00107568
0.00107075
0.00106787
0.0010655
0.00106373
0.00106263
0.00106223
0.00106255
0.0010636
0.00106533
0.0010677
0.0010706
0.00107395
0.00107761
0.00108145
0.00108532
0.00108907
0.00109254
0.00109559
0.0010981
0.00109994
0.00110106
0.0011014
0.00110096
0.00109977
0.00109787
0.00109535
0.00109232
0.0010889
0.00108521
0.00108141
0.00107765
0.00107405
0.00106872
0.00106603
0.00106392
0.00106246
0.0010617
0.00106168
0.0010624
0.00106385
0.00106598
0.0010687
0.00107194
0.00107556
0.00107944
0.00108342
0.00108736
0.00109109
0.00109446
0.00109734
0.00109959
0.00110112
0.00110187
0.0011018
0.00110094
0.00109932
0.00109701
0.00109412
0.00109076
0.00108707
0.00108319
0.00107927
0.00107546
0.0010719
0.00106794
0.00106534
0.00106334
0.00106202
0.00106141
0.00106155
0.00106244
0.00106405
0.00106632
0.00106919
0.00107255
0.00107627
0.00108022
0.00108425
0.00108819
0.0010919
0.00109521
0.001098
0.00110013
0.00110152
0.00110211
0.00110187
0.00110084
0.00109904
0.00109658
0.00109354
0.00109006
0.00108628
0.00108233
0.00107839
0.00107458
0.00107105
0.00106902
0.00106647
0.0010645
0.00106316
0.00106249
0.00106254
0.0010633
0.00106476
0.00106686
0.00106953
0.00107268
0.0010762
0.00107995
0.00108378
0.00108756
0.00109113
0.00109434
0.00109706
0.00109917
0.00110057
0.00110122
0.00110109
0.00110019
0.00109856
0.00109628
0.00109345
0.00109018
0.0010866
0.00108285
0.00107909
0.00107544
0.00107204
0.00107064
0.00106823
0.00106633
0.001065
0.00106429
0.00106423
0.00106482
0.00106606
0.0010679
0.00107028
0.00107312
0.00107631
0.00107973
0.00108325
0.00108674
0.00109005
0.00109305
0.00109562
0.00109765
0.00109904
0.00109974
0.00109972
0.001099
0.00109761
0.00109561
0.00109308
0.00109014
0.00108689
0.00108348
0.00108002
0.00107664
0.00107348
0.00107129
0.00106914
0.00106746
0.00106632
0.00106576
0.00106579
0.00106643
0.00106766
0.00106943
0.00107169
0.00107436
0.00107733
0.00108051
0.00108376
0.00108695
0.00108997
0.00109269
0.00109499
0.00109678
0.00109797
0.00109852
0.0010984
0.00109764
0.00109627
0.00109434
0.00109195
0.00108919
0.00108616
0.001083
0.00107981
0.00107673
0.00107385
0.0010711
0.00106929
0.00106794
0.00106712
0.00106685
0.00106713
0.00106798
0.00106936
0.00107122
0.00107351
0.00107614
0.00107901
0.00108202
0.00108504
0.00108797
0.00109068
0.00109306
0.00109502
0.00109646
0.00109732
0.00109757
0.0010972
0.00109623
0.00109471
0.00109271
0.0010903
0.00108758
0.00108468
0.00108168
0.00107873
0.00107591
0.00107334
0.00107125
0.00106973
0.00106868
0.00106812
0.00106808
0.00106856
0.00106955
0.00107102
0.00107291
0.00107516
0.00107769
0.00108041
0.00108322
0.00108599
0.00108864
0.00109104
0.0010931
0.00109474
0.00109587
0.00109646
0.00109648
0.00109592
0.00109482
0.00109322
0.0010912
0.00108884
0.00108623
0.00108348
0.0010807
0.00107799
0.00107545
0.00107318
0.00107222
0.00107095
0.00107011
0.00106971
0.00106978
0.0010703
0.00107128
0.00107267
0.00107443
0.00107649
0.00107879
0.00108124
0.00108374
0.00108619
0.00108851
0.00109059
0.00109236
0.00109373
0.00109465
0.00109507
0.00109498
0.00109439
0.00109331
0.00109181
0.00108993
0.00108777
0.00108541
0.00108295
0.00108046
0.00107807
0.00107584
0.00107387
0.00107329
0.00107228
0.00107166
0.00107142
0.0010716
0.00107217
0.00107312
0.00107442
0.00107603
0.00107789
0.00107992
0.00108207
0.00108424
0.00108634
0.00108831
0.00109005
0.0010915
0.0010926
0.00109329
0.00109354
0.00109335
0.00109272
0.00109168
0.00109028
0.00108857
0.00108663
0.00108454
0.00108238
0.00108023
0.00107817
0.00107628
0.00107464
0.00107337
0.00107267
0.00107234
0.00107239
0.0010728
0.00107358
0.00107467
0.00107607
0.0010777
0.00107953
0.00108147
0.00108346
0.00108542
0.00108728
0.00108896
0.00109039
0.00109152
0.00109229
0.00109267
0.00109264
0.00109221
0.00109138
0.0010902
0.00108872
0.00108699
0.00108509
0.00108311
0.0010811
0.00107916
0.00107735
0.00107574
0.0010744
0.00107244
0.00107213
0.0010722
0.00107266
0.00107347
0.00107462
0.00107605
0.00107772
0.00107958
0.00108155
0.00108356
0.00108554
0.0010874
0.00108909
0.00109052
0.00109165
0.00109242
0.00109279
0.00109276
0.00109232
0.00109148
0.00109028
0.00108876
0.001087
0.00108506
0.00108303
0.00108098
0.001079
0.00107716
0.00107553
0.00107416
0.00107312
0.00107133
0.00107148
0.00107204
0.00107298
0.00107427
0.00107586
0.00107769
0.0010797
0.00108181
0.00108395
0.00108604
0.001088
0.00108974
0.00109121
0.00109235
0.0010931
0.00109344
0.00109334
0.00109281
0.00109186
0.00109054
0.00108889
0.00108699
0.0010849
0.00108272
0.00108053
0.00107842
0.00107648
0.00107476
0.00107334
0.00107228
0.0010716
0.00107036
0.00107094
0.00107195
0.00107334
0.00107507
0.00107708
0.00107927
0.00108158
0.00108393
0.00108621
0.00108836
0.00109028
0.0010919
0.00109315
0.00109399
0.00109438
0.0010943
0.00109375
0.00109275
0.00109133
0.00108957
0.00108751
0.00108525
0.00108287
0.00108048
0.00107816
0.00107602
0.00107411
0.00107253
0.00107133
0.00107055
0.00107022
0.0010692
0.00107009
0.00107142
0.00107317
0.00107526
0.00107761
0.00108013
0.00108273
0.00108531
0.00108779
0.00109006
0.00109203
0.00109363
0.00109479
0.00109547
0.00109563
0.00109528
0.00109441
0.00109306
0.00109129
0.00108916
0.00108676
0.00108418
0.00108153
0.00107891
0.00107642
0.00107416
0.00107222
0.00107066
0.00106955
0.00106893
0.00106881
0.00106756
0.00106868
0.0010703
0.00107236
0.00107479
0.00107751
0.00108039
0.00108334
0.00108625
0.001089
0.0010915
0.00109364
0.00109534
0.00109653
0.00109716
0.0010972
0.00109666
0.00109554
0.00109389
0.00109179
0.0010893
0.00108654
0.0010836
0.0010806
0.00107767
0.00107492
0.00107245
0.00107035
0.0010687
0.00106757
0.00106699
0.00106699
0.00106573
0.0010672
0.00106922
0.00107172
0.00107461
0.00107778
0.00108111
0.00108447
0.00108775
0.0010908
0.00109353
0.0010958
0.00109754
0.00109868
0.00109916
0.00109897
0.00109812
0.00109662
0.00109455
0.00109198
0.00108902
0.00108579
0.00108241
0.00107901
0.00107574
0.00107271
0.00107004
0.00106783
0.00106615
0.00106508
0.00106464
0.00106486
0.00106433
0.0010664
0.00106904
0.00107216
0.00107565
0.00107937
0.00108319
0.00108695
0.00109053
0.00109377
0.00109655
0.00109876
0.00110031
0.00110112
0.00110118
0.00110047
0.00109902
0.00109688
0.00109415
0.00109093
0.00108736
0.00108358
0.00107972
0.00107595
0.00107241
0.00106924
0.00106655
0.00106443
0.00106297
0.00106222
0.0010622
0.00106291
0.00106394
0.00106676
0.00107014
0.00107395
0.00107805
0.00108229
0.00108651
0.00109054
0.00109424
0.00109745
0.00110004
0.00110191
0.00110297
0.00110318
0.00110254
0.00110106
0.00109881
0.00109587
0.00109236
0.00108844
0.00108426
0.00107997
0.00107576
0.00107177
0.00106816
0.00106507
0.0010626
0.00106085
0.00105987
0.0010597
0.00106034
0.00106178
0.00106492
0.0010684
0.00107237
0.00107668
0.00108119
0.00108571
0.00109007
0.0010941
0.00109765
0.00110056
0.00110273
0.00110405
0.00110447
0.00110397
0.00110256
0.00110032
0.00109732
0.00109369
0.00108958
0.00108516
0.0010806
0.00107608
0.00107177
0.00106783
0.00106442
0.00106165
0.00105963
0.00105841
0.00105805
0.00105856
0.00105991
0.00106206
0.00106744
0.00107118
0.0010753
0.00107967
0.00108412
0.00108847
0.00109255
0.00109621
0.0010993
0.00110169
0.00110328
0.00110401
0.00110384
0.00110277
0.00110085
0.00109816
0.0010948
0.00109092
0.00108667
0.00108223
0.00107776
0.00107344
0.00106943
0.00106589
0.00106294
0.00106068
0.00105921
0.00105856
0.00105877
0.00105981
0.00106165
0.00106422
0.00107107
0.00107448
0.00107816
0.00108198
0.00108579
0.00108945
0.00109283
0.00109577
0.00109817
0.00109993
0.00110098
0.00110127
0.00110078
0.00109954
0.00109758
0.001095
0.00109189
0.00108838
0.0010846
0.00108073
0.00107689
0.00107325
0.00106993
0.00106707
0.00106477
0.00106311
0.00106215
0.00106193
0.00106244
0.00106367
0.00106557
0.00106807
0.00107442
0.00107697
0.00107971
0.00108255
0.00108537
0.00108807
0.00109055
0.0010927
0.00109446
0.00109574
0.00109649
0.00109668
0.0010963
0.00109536
0.00109389
0.00109195
0.00108961
0.00108698
0.00108415
0.00108124
0.00107838
0.00107566
0.0010732
0.00107108
0.00106939
0.00106819
0.00106751
0.0010674
0.00106783
0.0010688
0.00107026
0.00107216
0.00107606
0.0010776
0.00107931
0.00108114
0.00108302
0.00108488
0.00108666
0.00108829
0.0010897
0.00109083
0.00109164
0.0010921
0.00109217
0.00109186
0.00109116
0.00109012
0.00108876
0.00108714
0.00108534
0.00108342
0.00108148
0.00107957
0.00107778
0.00107618
0.00107483
0.00107377
0.00107305
0.00107268
0.00107268
0.00107304
0.00107374
0.00107477
0.00107574
0.00107644
0.00107736
0.00107848
0.00107977
0.00108116
0.00108262
0.00108408
0.0010855
0.0010868
0.00108795
0.00108889
0.00108957
0.00108998
0.00109008
0.00108987
0.00108936
0.00108858
0.00108757
0.00108635
0.001085
0.00108356
0.00108209
0.00108065
0.00107929
0.00107806
0.001077
0.00107616
0.00107555
0.0010752
0.00107512
0.0010753
0.00107448
0.00107454
0.00107491
0.00107558
0.00107651
0.00107767
0.00107904
0.00108054
0.00108213
0.00108375
0.00108532
0.00108678
0.00108807
0.00108914
0.00108993
0.00109043
0.0010906
0.00109045
0.00108999
0.00108924
0.00108823
0.00108702
0.00108564
0.00108415
0.0010826
0.00108106
0.00107958
0.00107821
0.001077
0.00107599
0.00107522
0.0010747
0.00107372
0.00107323
0.00107309
0.0010733
0.00107387
0.00107478
0.00107599
0.00107745
0.00107912
0.00108092
0.00108278
0.00108464
0.0010864
0.00108801
0.00108938
0.00109047
0.00109124
0.00109166
0.00109172
0.00109142
0.00109078
0.00108982
0.00108859
0.00108713
0.0010855
0.00108377
0.00108198
0.00108022
0.00107853
0.00107699
0.00107564
0.00107453
0.00107431
0.0010733
0.00107263
0.00107235
0.00107245
0.00107294
0.0010738
0.001075
0.00107649
0.00107822
0.00108011
0.00108209
0.00108408
0.001086
0.00108777
0.00108931
0.00109058
0.00109152
0.00109212
0.00109233
0.00109217
0.00109164
0.00109076
0.00108957
0.00108811
0.00108644
0.00108462
0.00108272
0.00108079
0.00107893
0.00107718
0.00107562
0.0010758
0.0010744
0.0010733
0.00107256
0.0010722
0.00107224
0.00107267
0.00107349
0.00107466
0.00107613
0.00107784
0.00107973
0.00108172
0.00108373
0.00108567
0.00108748
0.00108907
0.00109041
0.00109144
0.00109212
0.00109244
0.00109237
0.00109193
0.00109113
0.00109001
0.00108859
0.00108695
0.00108512
0.00108319
0.00108122
0.00107928
0.00107745
0.0010768
0.00107517
0.00107381
0.00107279
0.00107214
0.00107189
0.00107206
0.00107263
0.00107359
0.00107488
0.00107647
0.00107829
0.00108026
0.0010823
0.00108433
0.00108627
0.00108806
0.00108962
0.00109091
0.00109188
0.00109248
0.00109271
0.00109255
0.00109201
0.0010911
0.00108987
0.00108835
0.0010866
0.00108469
0.00108267
0.00108064
0.00107865
0.00107556
0.00107383
0.00107242
0.0010714
0.0010708
0.00107066
0.00107097
0.00107172
0.00107289
0.00107442
0.00107626
0.00107833
0.00108056
0.00108283
0.00108508
0.00108721
0.00108914
0.00109081
0.00109215
0.00109312
0.00109368
0.00109381
0.00109351
0.00109278
0.00109166
0.00109019
0.00108842
0.00108641
0.00108424
0.00108198
0.00107973
0.00107756
0.00107187
0.00107012
0.00106884
0.00106807
0.00106784
0.00106816
0.00106903
0.0010704
0.00107223
0.00107445
0.00107696
0.00107968
0.00108248
0.00108526
0.00108791
0.00109033
0.00109242
0.00109411
0.00109534
0.00109606
0.00109625
0.00109591
0.00109504
0.00109367
0.00109188
0.00108971
0.00108725
0.0010846
0.00108184
0.00107909
0.00107645
0.00107401
0.00106795
0.00106621
0.00106505
0.00106454
0.0010647
0.00106551
0.00106696
0.00106898
0.00107151
0.00107445
0.00107767
0.00108106
0.00108448
0.0010878
0.00109087
0.00109358
0.00109583
0.00109753
0.00109863
0.00109908
0.00109887
0.001098
0.00109652
0.00109448
0.00109197
0.00108907
0.00108591
0.00108259
0.00107924
0.00107598
0.00107294
0.00107023
0.00106647
0.00106462
0.00106342
0.00106292
0.00106314
0.00106407
0.00106568
0.00106791
0.00107068
0.00107388
0.0010774
0.00108108
0.0010848
0.00108838
0.0010917
0.00109462
0.00109703
0.00109885
0.00109999
0.00110043
0.00110015
0.00109916
0.0010975
0.00109524
0.00109247
0.00108929
0.00108584
0.00108223
0.0010786
0.00107508
0.00107181
0.0010689
0.00106819
0.00106613
0.00106466
0.00106385
0.00106372
0.00106429
0.00106553
0.0010674
0.00106983
0.00107272
0.00107597
0.00107945
0.00108301
0.00108652
0.00108983
0.00109283
0.00109539
0.00109742
0.00109885
0.00109962
0.0010997
0.00109909
0.00109782
0.00109594
0.00109351
0.00109065
0.00108744
0.00108403
0.00108052
0.00107706
0.00107377
0.00107077
0.00107146
0.0010692
0.00106744
0.00106623
0.00106563
0.00106565
0.00106631
0.00106757
0.00106938
0.00107168
0.00107438
0.00107737
0.00108052
0.00108373
0.00108685
0.00108978
0.0010924
0.00109462
0.00109635
0.00109753
0.00109811
0.00109807
0.00109742
0.00109617
0.00109438
0.00109211
0.00108946
0.00108652
0.00108339
0.0010802
0.00107707
0.00107412
0.00107452
0.00107225
0.00107037
0.00106894
0.00106803
0.00106766
0.00106785
0.00106859
0.00106985
0.00107159
0.00107372
0.00107618
0.00107886
0.00108166
0.00108446
0.00108716
0.00108966
0.00109187
0.00109371
0.00109511
0.00109601
0.00109638
0.00109621
0.00109551
0.00109429
0.0010926
0.00109051
0.00108809
0.00108544
0.00108265
0.00107982
0.00107708
0.00107723
0.00107513
0.00107331
0.00107184
0.00107078
0.00107017
0.00107002
0.00107036
0.00107115
0.00107237
0.00107397
0.00107588
0.00107803
0.00108034
0.0010827
0.00108503
0.00108726
0.00108929
0.00109106
0.00109249
0.00109354
0.00109416
0.00109434
0.00109405
0.00109331
0.00109215
0.00109061
0.00108875
0.00108662
0.00108432
0.00108192
0.00107952
0.00107997
0.00107803
0.00107626
0.00107474
0.00107351
0.00107264
0.00107214
0.00107205
0.00107236
0.00107305
0.0010741
0.00107546
0.00107707
0.00107888
0.00108081
0.00108279
0.00108474
0.00108661
0.00108832
0.00108981
0.00109102
0.00109191
0.00109244
0.00109259
0.00109235
0.00109173
0.00109074
0.00108943
0.00108784
0.00108602
0.00108405
0.00108201
0.0010822
0.00108028
0.00107845
0.00107678
0.00107533
0.00107417
0.00107333
0.00107284
0.00107273
0.00107299
0.00107361
0.00107456
0.0010758
0.00107728
0.00107895
0.00108074
0.00108259
0.00108443
0.00108621
0.00108784
0.00108927
0.00109046
0.00109134
0.00109188
0.00109206
0.00109188
0.00109133
0.00109042
0.0010892
0.00108771
0.00108599
0.00108413
0.00108283
0.00108092
0.00107908
0.00107737
0.00107586
0.00107462
0.00107368
0.00107308
0.00107285
0.00107299
0.00107348
0.00107431
0.00107544
0.00107683
0.00107842
0.00108015
0.00108197
0.00108381
0.0010856
0.00108728
0.00108877
0.00109004
0.00109102
0.00109167
0.00109198
0.00109191
0.00109148
0.0010907
0.00108958
0.00108818
0.00108654
0.00108473
0.0010817
0.00107993
0.00107826
0.00107676
0.00107549
0.00107449
0.0010738
0.00107346
0.00107345
0.0010738
0.00107447
0.00107544
0.00107668
0.00107812
0.00107972
0.00108141
0.00108315
0.00108486
0.00108648
0.00108795
0.00108923
0.00109024
0.00109097
0.00109137
0.00109143
0.00109115
0.00109053
0.00108959
0.00108836
0.0010869
0.00108526
0.0010835
0.00107985
0.00107838
0.00107707
0.00107598
0.00107514
0.00107459
0.00107435
0.00107443
0.00107481
0.0010755
0.00107644
0.00107762
0.00107897
0.00108045
0.00108199
0.00108356
0.00108508
0.0010865
0.00108777
0.00108884
0.00108968
0.00109024
0.00109051
0.00109048
0.00109014
0.0010895
0.0010886
0.00108745
0.00108611
0.00108461
0.00108303
0.00108142
0.00107833
0.00107733
0.00107654
0.00107597
0.00107567
0.00107563
0.00107586
0.00107635
0.00107708
0.00107802
0.00107913
0.00108037
0.00108168
0.00108302
0.00108433
0.00108556
0.00108668
0.00108763
0.00108839
0.00108893
0.00108922
0.00108927
0.00108905
0.00108859
0.0010879
0.00108701
0.00108594
0.00108474
0.00108344
0.00108209
0.00108076
0.00107949
0.00107768
0.00107727
0.00107706
0.00107707
0.00107729
0.00107772
0.00107834
0.00107912
0.00108005
0.00108107
0.00108215
0.00108324
0.0010843
0.00108527
0.00108614
0.00108686
0.00108741
0.00108777
0.00108793
0.00108789
0.00108765
0.00108722
0.00108661
0.00108586
0.00108498
0.00108401
0.00108298
0.00108194
0.00108091
0.00107993
0.00107904
0.00107828
0.00107859
0.00107868
0.00107892
0.00107931
0.00107982
0.00108045
0.00108117
0.00108195
0.00108275
0.00108355
0.00108431
0.001085
0.00108558
0.00108604
0.00108635
0.00108651
0.00108651
0.00108636
0.00108606
0.00108564
0.0010851
0.00108447
0.00108378
0.00108305
0.0010823
0.00108156
0.00108086
0.00108022
0.00107966
0.0010792
0.00107885
0.00107865
0.0010819
0.00108219
0.00108249
0.00108281
0.00108312
0.00108342
0.0010837
0.00108394
0.00108413
0.00108426
0.00108433
0.00108432
0.00108424
0.00108408
0.00108385
0.00108358
0.00108326
0.00108292
0.00108257
0.00108223
0.00108191
0.00108163
0.00108139
0.0010812
0.00108107
0.00108099
0.00108098
0.00108102
0.00108111
0.00108125
0.00108143
0.00108165
0.00108722
0.00108756
0.00108771
0.00108766
0.00108742
0.00108698
0.00108638
0.00108563
0.00108475
0.00108378
0.00108274
0.00108168
0.00108064
0.00107965
0.00107875
0.00107798
0.00107738
0.00107697
0.00107677
0.00107679
0.00107704
0.00107749
0.00107814
0.00107896
0.00107991
0.00108095
0.00108204
0.00108313
0.00108418
0.00108514
0.00108599
0.00108669
0.0010932
0.00109437
0.00109505
0.00109525
0.00109495
0.00109416
0.00109292
0.00109128
0.0010893
0.00108705
0.00108461
0.00108206
0.00107951
0.00107704
0.00107475
0.00107273
0.00107106
0.00106981
0.00106903
0.00106876
0.001069
0.00106976
0.00107101
0.00107269
0.00107475
0.00107709
0.00107963
0.00108226
0.00108487
0.00108737
0.00108964
0.00109161
0.00109532
0.00109845
0.00110086
0.00110246
0.0011032
0.00110304
0.00110201
0.00110016
0.00109755
0.00109431
0.00109054
0.00108638
0.001082
0.00107754
0.00107317
0.00106907
0.00106537
0.00106223
0.00105976
0.00105807
0.00105721
0.00105724
0.00105815
0.00105991
0.00106247
0.00106573
0.00106957
0.00107382
0.00107833
0.00108292
0.00108739
0.00109158
0.00109343
0.00109973
0.00110524
0.00110974
0.00111304
0.00111501
0.00111556
0.00111468
0.0011124
0.00110883
0.00110411
0.00109843
0.00109202
0.00108514
0.00107806
0.00107104
0.00106436
0.00105826
0.00105297
0.00104867
0.00104553
0.00104365
0.0010431
0.0010439
0.00104603
0.00104941
0.00105392
0.00105941
0.00106566
0.00107245
0.00107952
0.00108661
0.00108814
0.00109476
0.00110074
0.00110583
0.00110982
0.00111254
0.00111388
0.00111379
0.00111228
0.0011094
0.00110529
0.00110012
0.00109408
0.00108742
0.00108041
0.00107331
0.0010664
0.00105994
0.00105417
0.00104929
0.00104549
0.0010429
0.0010416
0.00104166
0.00104307
0.00104578
0.00104969
0.00105467
0.00106053
0.00106706
0.00107401
0.00108113
0.0010835
0.0010927
0.00110142
0.0011093
0.00111601
0.00112127
0.00112484
0.00112657
0.00112637
0.00112425
0.00112029
0.00111468
0.00110764
0.00109947
0.00109053
0.00108116
0.00107175
0.00106266
0.00105422
0.00104675
0.00104051
0.0010357
0.0010325
0.001031
0.00103126
0.00103326
0.00103694
0.00104216
0.00104875
0.00105646
0.00106504
0.00107416
0.00108626
0.0010937
0.00110078
0.00110725
0.00111283
0.00111732
0.00112052
0.00112229
0.00112256
0.00112131
0.00111858
0.00111448
0.00110917
0.00110286
0.00109579
0.00108825
0.00108056
0.00107301
0.00106591
0.00105952
0.00105408
0.00104979
0.00104681
0.00104523
0.00104512
0.00104647
0.00104922
0.00105327
0.00105847
0.0010646
0.00107144
0.00107875
)
;
    }
    wall
    {
        type            calculated;
        value           uniform 0;
    }
}


// ************************************************************************* //
