/*--------------------------------*- C++ -*----------------------------------*\
| =========                 |                                                 |
| \\      /  F ield         | OpenFOAM: The Open Source CFD Toolbox           |
|  \\    /   O peration     | Version:  2512                                  |
|   \\  /    A nd           | Website:  www.openfoam.com                      |
|    \\/     M anipulation  |                                                 |
\*---------------------------------------------------------------------------*/
FoamFile
{
    version     2.0;
    format      ascii;
    arch        "LSB;label=32;scalar=64";
    class       volScalarField;
    location    "1.712";
    object      magU;
}
// * * * * * * * * * * * * * * * * * * * * * * * * * * * * * * * * * * * * * //

dimensions      [0 1 -1 0 0 0 0];

internalField   nonuniform List<scalar> 
20352
(
0.00179547
0.00179479
0.00179395
0.00179297
0.0017919
0.00179076
0.00178962
0.0017885
0.00178746
0.00178653
0.00178575
0.00178516
0.00178476
0.00178458
0.00178462
0.00178488
0.00178535
0.00178602
0.00178686
0.00178783
0.0017889
0.00179003
0.00179118
0.0017923
0.00179334
0.00179427
0.00179506
0.00179566
0.00179607
0.00179625
0.00179621
0.00179595
0.00149831
0.00149744
0.00149633
0.00149501
0.00149355
0.00149199
0.00149041
0.00148885
0.00148738
0.00148606
0.00148493
0.00148404
0.00148342
0.00148309
0.00148307
0.00148336
0.00148394
0.00148479
0.00148589
0.00148719
0.00148864
0.00149019
0.00149178
0.00149334
0.00149482
0.00149616
0.00149731
0.00149821
0.00149885
0.00149918
0.0014992
0.00149891
0.000962889
0.000962076
0.00096102
0.000959764
0.000958358
0.000956857
0.00095532
0.000953805
0.000952371
0.00095107
0.000949952
0.000949056
0.000948416
0.000948056
0.000947987
0.000948214
0.000948728
0.000949511
0.000950535
0.000951761
0.000953144
0.000954633
0.000956171
0.000957698
0.000959156
0.000960486
0.000961638
0.000962563
0.000963226
0.000963599
0.000963666
0.000963427
0.000302342
0.000301989
0.000301514
0.000300936
0.000300279
0.000299569
0.000298835
0.000298104
0.000297405
0.000296763
0.000296201
0.000295739
0.000295394
0.000295179
0.000295099
0.00029516
0.000295358
0.000295688
0.000296137
0.00029669
0.000297327
0.000298025
0.000298757
0.000299495
0.000300211
0.000300877
0.000301465
0.000301952
0.000302317
0.000302545
0.000302626
0.000302557
0.00179679
0.00179552
0.00179405
0.00179242
0.00179071
0.00178898
0.0017873
0.00178573
0.00178434
0.00178317
0.00178226
0.00178167
0.00178139
0.00178145
0.00178185
0.00178256
0.00178356
0.00178482
0.00178628
0.00178789
0.00178958
0.0017913
0.00179298
0.00179455
0.00179596
0.00179715
0.00179807
0.00179868
0.00179897
0.00179891
0.00179852
0.0017978
0.0015027
0.00150063
0.00149818
0.00149547
0.00149259
0.00148966
0.00148679
0.0014841
0.00148169
0.00147963
0.00147802
0.00147691
0.00147633
0.00147631
0.00147685
0.00147793
0.00147951
0.00148153
0.00148391
0.00148657
0.00148942
0.00149233
0.0014952
0.00149793
0.0015004
0.00150251
0.00150418
0.00150535
0.00150596
0.00150599
0.00150544
0.00150433
0.000968242
0.000966107
0.000963581
0.000960765
0.000957773
0.000954725
0.00095174
0.000948929
0.000946399
0.000944242
0.000942533
0.000941333
0.000940682
0.000940602
0.000941094
0.000942141
0.000943706
0.000945733
0.00094815
0.000950871
0.000953797
0.000956818
0.00095982
0.000962687
0.000965306
0.000967571
0.000969389
0.000970685
0.000971401
0.000971508
0.000970999
0.000969895
0.000305824
0.000304702
0.000303357
0.000301849
0.00030024
0.000298595
0.000296978
0.000295451
0.00029407
0.000292882
0.000291928
0.00029124
0.000290839
0.000290737
0.000290937
0.000291432
0.000292206
0.000293233
0.000294479
0.000295901
0.00029745
0.000299069
0.000300699
0.000302275
0.000303735
0.000305019
0.00030607
0.000306845
0.000307306
0.000307434
0.000307221
0.000306677
0.00179234
0.00179064
0.00178891
0.00178723
0.00178566
0.00178425
0.00178306
0.00178214
0.00178152
0.00178122
0.00178125
0.00178162
0.0017823
0.00178328
0.00178451
0.00178595
0.00178755
0.00178924
0.00179096
0.00179265
0.00179423
0.00179565
0.00179685
0.00179779
0.00179843
0.00179874
0.00179871
0.00179834
0.00179764
0.00179665
0.00179541
0.00179395
0.00149457
0.00149175
0.0014889
0.00148614
0.00148358
0.0014813
0.00147939
0.00147792
0.00147694
0.0014765
0.00147659
0.00147723
0.00147838
0.00148001
0.00148206
0.00148445
0.00148709
0.0014899
0.00149275
0.00149554
0.00149816
0.00150051
0.00150249
0.00150403
0.00150505
0.00150552
0.00150542
0.00150475
0.00150354
0.00150184
0.00149972
0.00149726
0.000959351
0.000956459
0.000953561
0.000950768
0.000948183
0.0009459
0.000943999
0.000942546
0.000941591
0.000941166
0.000941285
0.000941944
0.000943122
0.000944778
0.000946857
0.000949285
0.000951975
0.000954831
0.000957743
0.0009606
0.000963289
0.000965701
0.000967734
0.000969303
0.000970341
0.000970803
0.000970669
0.000969945
0.000968663
0.000966879
0.000964669
0.000962124
0.000300558
0.000299046
0.000297547
0.000296115
0.000294803
0.000293656
0.000292711
0.000291999
0.000291542
0.000291353
0.00029144
0.000291798
0.000292418
0.00029328
0.000294357
0.000295614
0.000297008
0.000298491
0.000300006
0.000301497
0.000302901
0.000304161
0.000305221
0.000306033
0.00030656
0.000306777
0.000306674
0.000306257
0.000305544
0.00030457
0.000303378
0.000302021
0.00179066
0.00178855
0.0017865
0.00178459
0.00178288
0.00178145
0.00178035
0.00177961
0.00177927
0.00177934
0.00177981
0.00178067
0.00178189
0.00178341
0.00178519
0.00178715
0.00178922
0.00179133
0.00179338
0.00179531
0.00179703
0.00179848
0.00179961
0.00180036
0.00180072
0.00180065
0.00180017
0.0017993
0.00179807
0.00179652
0.00179472
0.00179274
0.00149175
0.00148812
0.00148462
0.00148138
0.00147851
0.00147612
0.00147429
0.0014731
0.00147259
0.00147277
0.00147363
0.00147515
0.00147727
0.00147992
0.001483
0.0014864
0.00148998
0.00149362
0.00149718
0.00150051
0.00150348
0.00150597
0.00150788
0.00150913
0.00150967
0.00150948
0.00150856
0.00150696
0.00150474
0.00150199
0.00149882
0.00149536
0.000956508
0.000952741
0.000949124
0.000945789
0.000942856
0.000940428
0.000938587
0.000937396
0.000936894
0.000937099
0.000938004
0.000939579
0.000941773
0.000944512
0.000947699
0.000951223
0.000954954
0.000958753
0.000962472
0.000965962
0.000969081
0.000971698
0.000973701
0.000975003
0.000975547
0.000975311
0.000974304
0.000972572
0.000970192
0.000967265
0.000963916
0.000960282
0.000299101
0.00029708
0.000295157
0.0002934
0.00029187
0.000290614
0.000289674
0.000289077
0.000288841
0.000288974
0.000289472
0.000290321
0.000291495
0.000292959
0.000294665
0.000296557
0.000298567
0.000300622
0.000302641
0.000304541
0.000306242
0.000307668
0.000308753
0.000309448
0.000309718
0.000309552
0.000308958
0.000307965
0.00030662
0.000304986
0.000303135
0.000301146
0.00178878
0.00178717
0.00178566
0.00178432
0.00178319
0.00178232
0.00178174
0.00178147
0.00178152
0.00178189
0.00178257
0.00178352
0.00178472
0.00178611
0.00178765
0.00178928
0.00179093
0.00179254
0.00179406
0.00179541
0.00179656
0.00179745
0.00179805
0.00179833
0.00179828
0.00179791
0.00179723
0.00179626
0.00179505
0.00179364
0.00179208
0.00179044
0.00148813
0.00148533
0.00148275
0.00148048
0.00147862
0.00147722
0.00147635
0.00147603
0.00147626
0.00147706
0.00147837
0.00148017
0.00148238
0.00148492
0.00148769
0.0014906
0.00149352
0.00149636
0.00149899
0.00150132
0.00150325
0.0015047
0.00150561
0.00150595
0.00150571
0.00150488
0.00150351
0.00150165
0.00149938
0.00149679
0.00149397
0.00149105
0.000952513
0.000949599
0.000946938
0.000944627
0.000942747
0.000941364
0.000940527
0.000940262
0.00094058
0.000941469
0.000942898
0.00094482
0.000947165
0.000949852
0.000952783
0.000955849
0.000958934
0.000961919
0.000964685
0.000967121
0.000969124
0.000970611
0.000971518
0.000971806
0.000971463
0.000970504
0.000968968
0.000966923
0.000964454
0.000961662
0.000958663
0.000955573
0.000296712
0.000295148
0.000293743
0.000292543
0.000291589
0.00029091
0.000290529
0.000290458
0.000290696
0.000291239
0.000292067
0.000293154
0.000294466
0.000295957
0.000297576
0.000299265
0.000300959
0.000302593
0.0003041
0.000305417
0.000306485
0.000307258
0.000307699
0.000307787
0.000307518
0.000306905
0.000305975
0.000304771
0.000303346
0.00030176
0.000300081
0.000298376
0.00179205
0.00179165
0.00179118
0.00179067
0.00179014
0.0017896
0.00178908
0.0017886
0.00178816
0.0017878
0.00178752
0.00178734
0.00178725
0.00178727
0.00178739
0.00178762
0.00178793
0.00178833
0.00178879
0.0017893
0.00178984
0.00179039
0.00179092
0.00179142
0.00179186
0.00179223
0.00179252
0.0017927
0.00179278
0.00179275
0.00179262
0.00179238
0.00149397
0.00149329
0.00149253
0.00149171
0.00149086
0.00149002
0.00148922
0.00148848
0.00148784
0.00148732
0.00148693
0.0014867
0.00148664
0.00148673
0.00148698
0.00148738
0.00148792
0.00148858
0.00148932
0.00149013
0.00149097
0.00149182
0.00149263
0.00149338
0.00149404
0.00149458
0.00149497
0.00149522
0.00149529
0.0014952
0.00149494
0.00149452
0.000958703
0.00095802
0.000957252
0.00095643
0.000955586
0.000954752
0.000953962
0.000953245
0.000952628
0.000952133
0.00095178
0.000951579
0.000951539
0.000951661
0.000951939
0.000952365
0.000952921
0.000953588
0.000954341
0.000955151
0.000955988
0.00095682
0.000957616
0.000958344
0.000958976
0.000959487
0.000959856
0.000960069
0.000960116
0.000959995
0.000959711
0.000959274
0.000300199
0.000299853
0.000299469
0.000299062
0.000298649
0.000298245
0.000297867
0.000297528
0.000297242
0.000297018
0.000296865
0.000296789
0.000296791
0.000296871
0.000297028
0.000297254
0.000297541
0.000297878
0.000298254
0.000298654
0.000299064
0.000299466
0.000299847
0.000300191
0.000300485
0.000300718
0.000300879
0.000300962
0.000300964
0.000300884
0.000300725
0.000300494
0.00179641
0.00179722
0.00179775
0.00179798
0.0017979
0.00179752
0.00179684
0.00179589
0.00179471
0.00179335
0.00179185
0.00179028
0.0017887
0.00178716
0.00178573
0.00178446
0.0017834
0.00178259
0.00178206
0.00178184
0.00178192
0.00178231
0.00178299
0.00178394
0.00178511
0.00178647
0.00178796
0.00178953
0.00179111
0.00179265
0.00179408
0.00179535
0.00150247
0.00150401
0.00150505
0.00150554
0.00150546
0.00150481
0.00150361
0.00150193
0.00149982
0.00149737
0.00149468
0.00149186
0.001489
0.00148623
0.00148365
0.00148135
0.00147942
0.00147793
0.00147693
0.00147647
0.00147655
0.00147717
0.00147832
0.00147994
0.00148199
0.00148438
0.00148703
0.00148983
0.00149269
0.00149549
0.00149812
0.00150047
0.000968074
0.000969773
0.000970928
0.000971488
0.00097143
0.000970756
0.000969495
0.000967701
0.00096545
0.000962837
0.000959968
0.000956958
0.000953927
0.000950989
0.000948255
0.000945824
0.000943783
0.000942203
0.000941138
0.000940624
0.000940679
0.000941301
0.000942468
0.000944141
0.000946263
0.000948758
0.000951537
0.0009545
0.000957534
0.000960524
0.000963352
0.000965904
0.000305725
0.000306729
0.000307425
0.000307781
0.000307781
0.000307424
0.000306728
0.000305724
0.000304458
0.000302986
0.000301372
0.000299682
0.000297983
0.000296341
0.000294814
0.000293458
0.000292317
0.000291429
0.000290821
0.000290512
0.000290512
0.000290821
0.00029143
0.000292319
0.00029346
0.000294817
0.000296343
0.000297986
0.000299685
0.000301374
0.000302988
0.00030446
0.00179666
0.00179781
0.00179867
0.00179918
0.00179934
0.00179914
0.00179859
0.0017977
0.00179651
0.00179506
0.00179342
0.00179165
0.00178981
0.00178798
0.00178623
0.00178461
0.0017832
0.00178205
0.0017812
0.00178069
0.00178053
0.00178073
0.00178128
0.00178217
0.00178335
0.00178479
0.00178642
0.00178819
0.00179002
0.00179186
0.00179362
0.00179524
0.00150309
0.00150527
0.00150689
0.00150789
0.00150823
0.00150789
0.00150688
0.00150526
0.00150308
0.00150043
0.00149743
0.00149418
0.00149083
0.00148749
0.0014843
0.00148137
0.00147881
0.00147673
0.00147518
0.00147423
0.00147391
0.00147424
0.00147519
0.00147674
0.00147884
0.00148139
0.00148432
0.00148752
0.00149086
0.00149421
0.00149745
0.00150045
0.000968824
0.000971198
0.000972976
0.000974082
0.000974465
0.000974111
0.000973033
0.000971279
0.000968926
0.000966074
0.000962843
0.000959365
0.00095578
0.000952227
0.00094884
0.000945744
0.00094305
0.000940851
0.000939222
0.000938217
0.000937871
0.000938193
0.000939175
0.000940782
0.000942962
0.00094564
0.000948722
0.000952099
0.000955647
0.000959232
0.000962714
0.000965956
0.000306212
0.000307593
0.000308638
0.000309295
0.000309536
0.000309346
0.000308737
0.000307737
0.000306392
0.000304766
0.000302929
0.000300961
0.000298943
0.000296953
0.000295066
0.000293348
0.000291858
0.000290643
0.000289743
0.000289182
0.000288979
0.000289139
0.000289658
0.000290519
0.000291698
0.000293158
0.000294851
0.000296722
0.000298703
0.000300722
0.0003027
0.000304556
0.00179219
0.00179265
0.001793
0.00179325
0.00179336
0.00179336
0.00179323
0.00179297
0.00179261
0.00179215
0.00179161
0.001791
0.00179036
0.0017897
0.00178906
0.00178845
0.0017879
0.00178743
0.00178706
0.00178681
0.00178668
0.00178669
0.00178682
0.00178708
0.00178745
0.00178793
0.00178849
0.0017891
0.00178975
0.00179041
0.00179105
0.00179165
0.0014948
0.00149566
0.00149634
0.00149681
0.00149706
0.00149707
0.00149684
0.00149639
0.00149573
0.00149489
0.00149389
0.00149278
0.0014916
0.00149039
0.00148921
0.00148808
0.00148707
0.00148621
0.00148552
0.00148505
0.0014848
0.00148479
0.00148502
0.00148548
0.00148614
0.00148699
0.00148799
0.00148911
0.00149029
0.0014915
0.00149268
0.0014938
0.000959868
0.000960797
0.000961535
0.00096205
0.000962325
0.000962347
0.000962115
0.000961639
0.000960937
0.000960036
0.000958972
0.000957785
0.000956522
0.000955232
0.000953964
0.000952766
0.000951686
0.000950763
0.000950033
0.000949524
0.000949255
0.000949236
0.000949467
0.000949941
0.000950637
0.000951531
0.000952588
0.000953768
0.000955026
0.000956314
0.000957582
0.000958782
0.00030109
0.00030162
0.000302043
0.000302343
0.000302508
0.00030253
0.00030241
0.000302151
0.000301763
0.000301264
0.000300672
0.000300011
0.000299308
0.000298589
0.000297882
0.000297214
0.00029661
0.000296094
0.000295683
0.000295394
0.000295237
0.000295217
0.000295335
0.000295587
0.000295963
0.00029645
0.000297029
0.000297679
0.000298375
0.000299092
0.000299801
0.000300476
0.00178641
0.00178577
0.00178528
0.00178498
0.00178488
0.00178497
0.00178526
0.00178573
0.00178637
0.00178715
0.00178804
0.00178901
0.00179002
0.00179102
0.00179199
0.00179288
0.00179366
0.0017943
0.00179477
0.00179506
0.00179516
0.00179506
0.00179478
0.00179431
0.00179367
0.0017929
0.00179202
0.00179106
0.00179006
0.00178906
0.00178809
0.0017872
0.00148435
0.00148319
0.00148234
0.00148181
0.00148162
0.0014818
0.00148232
0.00148318
0.00148433
0.00148574
0.00148735
0.0014891
0.00149092
0.00149275
0.00149451
0.00149614
0.00149756
0.00149874
0.00149961
0.00150015
0.00150033
0.00150015
0.00149961
0.00149874
0.00149757
0.00149614
0.00149452
0.00149276
0.00149094
0.00148912
0.00148737
0.00148576
0.000948781
0.000947565
0.000946664
0.00094611
0.000945923
0.00094611
0.000946663
0.000947564
0.00094878
0.000950267
0.000951971
0.000953827
0.000955767
0.000957716
0.000959599
0.000961342
0.000962876
0.000964139
0.00096508
0.000965661
0.000965856
0.000965659
0.000965077
0.000964135
0.000962871
0.000961337
0.000959593
0.000957711
0.000955763
0.000953824
0.000951969
0.000950267
0.000294914
0.00029424
0.000293741
0.000293436
0.000293335
0.00029344
0.000293748
0.00029425
0.000294928
0.000295758
0.000296712
0.000297755
0.000298849
0.000299952
0.000301022
0.000302017
0.000302894
0.000303619
0.000304159
0.000304492
0.000304604
0.000304488
0.000304151
0.000303607
0.000302879
0.000301999
0.000301003
0.000299932
0.000298828
0.000297735
0.000296694
0.000295742
0.00178354
0.00178233
0.00178141
0.00178082
0.00178058
0.00178069
0.00178117
0.00178197
0.00178308
0.00178446
0.00178604
0.00178778
0.0017896
0.00179143
0.00179321
0.00179486
0.00179632
0.00179754
0.00179847
0.00179907
0.00179932
0.0017992
0.00179873
0.00179792
0.0017968
0.00179542
0.00179382
0.00179208
0.00179026
0.00178842
0.00178665
0.001785
0.00147914
0.00147696
0.00147531
0.00147426
0.00147384
0.00147406
0.00147492
0.00147638
0.0014784
0.0014809
0.00148379
0.00148697
0.00149031
0.00149369
0.00149698
0.00150005
0.00150277
0.00150504
0.00150677
0.00150788
0.00150833
0.0015081
0.00150719
0.00150566
0.00150355
0.00150095
0.00149798
0.00149475
0.00149138
0.00148801
0.00148477
0.00148178
0.000943268
0.00094098
0.000939258
0.000938161
0.000937723
0.000937959
0.000938862
0.000940402
0.000942527
0.000945166
0.000948227
0.000951603
0.000955169
0.000958793
0.000962333
0.000965648
0.000968604
0.000971076
0.000972958
0.000974169
0.000974654
0.000974393
0.000973397
0.00097171
0.000969405
0.000966582
0.00096336
0.000959872
0.000956258
0.000952659
0.000949213
0.000946044
0.000291849
0.000290593
0.000289653
0.000289057
0.000288822
0.000288956
0.000289454
0.000290302
0.000291475
0.000292937
0.000294641
0.000296531
0.00029854
0.000300595
0.000302615
0.000304518
0.000306224
0.000307657
0.000308751
0.000309455
0.000309734
0.000309576
0.000308987
0.000307997
0.000306651
0.000305013
0.000303155
0.000301158
0.000299105
0.000297075
0.000295145
0.000293383
0.00178663
0.00178588
0.00178528
0.00178487
0.00178466
0.00178465
0.00178485
0.00178525
0.00178582
0.00178656
0.00178742
0.00178838
0.0017894
0.00179044
0.00179147
0.00179243
0.00179331
0.00179406
0.00179465
0.00179506
0.00179529
0.00179531
0.00179512
0.00179474
0.00179417
0.00179344
0.00179258
0.00179161
0.00179058
0.00178953
0.00178849
0.00178751
0.00148445
0.00148307
0.00148199
0.00148125
0.00148089
0.00148091
0.00148131
0.00148208
0.00148318
0.00148459
0.00148623
0.00148806
0.00148999
0.00149197
0.0014939
0.00149573
0.00149737
0.00149877
0.00149986
0.00150061
0.00150099
0.00150098
0.00150058
0.00149981
0.00149869
0.00149727
0.00149561
0.00149377
0.00149182
0.00148984
0.0014879
0.00148608
0.000948743
0.000947277
0.000946138
0.000945369
0.000944996
0.000945033
0.000945477
0.000946313
0.000947509
0.000949022
0.000950796
0.000952766
0.000954858
0.000956994
0.000959091
0.000961068
0.000962849
0.000964362
0.000965546
0.000966353
0.000966749
0.000966719
0.000966262
0.000965398
0.000964161
0.000962601
0.000960781
0.000958774
0.000956658
0.000954517
0.000952432
0.000950483
0.000294796
0.00029398
0.000293352
0.000292934
0.00029274
0.000292775
0.00029304
0.000293523
0.000294208
0.000295072
0.000296084
0.000297208
0.000298403
0.000299624
0.000300825
0.000301959
0.00030298
0.000303847
0.000304523
0.000304979
0.000305195
0.000305162
0.00030488
0.000304362
0.00030363
0.000302715
0.000301655
0.000300494
0.000299277
0.000298054
0.00029687
0.000295771
0.00179401
0.00179438
0.00179459
0.00179462
0.00179448
0.00179417
0.00179369
0.00179307
0.00179233
0.0017915
0.00179062
0.0017897
0.00178879
0.00178793
0.00178715
0.00178647
0.00178593
0.00178554
0.00178533
0.0017853
0.00178545
0.00178577
0.00178626
0.00178689
0.00178764
0.00178847
0.00178937
0.00179028
0.00179118
0.00179204
0.00179281
0.00179347
0.00149797
0.00149865
0.00149903
0.0014991
0.00149885
0.00149829
0.00149745
0.00149637
0.00149507
0.00149361
0.00149205
0.00149045
0.00148886
0.00148736
0.00148599
0.00148481
0.00148386
0.00148319
0.0014828
0.00148273
0.00148298
0.00148352
0.00148436
0.00148544
0.00148673
0.00148819
0.00148975
0.00149136
0.00149295
0.00149446
0.00149583
0.00149702
0.000963218
0.000963947
0.000964358
0.000964436
0.000964177
0.000963592
0.000962706
0.000961553
0.000960181
0.000958643
0.000957
0.000955316
0.000953655
0.00095208
0.000950651
0.00094942
0.000948433
0.000947727
0.000947328
0.000947249
0.000947495
0.000948056
0.000948913
0.000950033
0.000951376
0.000952892
0.000954523
0.000956208
0.000957882
0.00095948
0.00096094
0.000962202
0.000302982
0.0003034
0.00030364
0.000303692
0.000303554
0.000303231
0.000302739
0.000302098
0.000301335
0.00030048
0.00029957
0.000298638
0.000297721
0.000296854
0.000296069
0.000295392
0.00029485
0.000294459
0.000294236
0.000294186
0.000294312
0.000294609
0.000295069
0.000295674
0.000296403
0.00029723
0.000298125
0.000299054
0.000299982
0.000300874
0.000301692
0.000302405
0.00179887
0.00180009
0.0018009
0.00180129
0.00180124
0.00180074
0.00179983
0.00179852
0.00179688
0.00179497
0.00179287
0.00179065
0.00178839
0.0017862
0.00178415
0.00178231
0.00178076
0.00177956
0.00177875
0.00177837
0.00177842
0.00177891
0.00177982
0.00178111
0.00178273
0.00178462
0.00178672
0.00178894
0.00179119
0.00179339
0.00179546
0.00179731
0.00150731
0.00150956
0.00151108
0.0015118
0.00151171
0.00151079
0.0015091
0.0015067
0.00150368
0.00150019
0.00149634
0.00149231
0.00148824
0.00148429
0.00148062
0.00147734
0.0014746
0.00147247
0.00147104
0.00147036
0.00147045
0.00147131
0.0014729
0.00147518
0.00147806
0.00148144
0.00148519
0.00148918
0.00149325
0.00149726
0.00150103
0.00150443
0.000973461
0.000975909
0.000977569
0.000978367
0.000978265
0.000977268
0.000975423
0.000972811
0.000969547
0.000965773
0.000961648
0.00095734
0.000953018
0.000948848
0.000944984
0.000941561
0.000938699
0.000936491
0.000935011
0.000934305
0.000934396
0.000935282
0.000936933
0.000939296
0.000942295
0.000945829
0.000949774
0.000953991
0.000958323
0.000962604
0.000966663
0.000970334
0.000308934
0.000310357
0.000311327
0.000311795
0.000311739
0.00031116
0.000310089
0.000308577
0.000306698
0.000304539
0.000302196
0.000299768
0.000297352
0.00029504
0.000292913
0.000291042
0.000289487
0.000288292
0.000287494
0.000287112
0.000287159
0.000287632
0.000288519
0.000289795
0.000291423
0.000293354
0.000295527
0.000297868
0.000300293
0.00030271
0.000305021
0.000307127
0.00179713
0.00179824
0.00179903
0.00179946
0.00179952
0.00179921
0.00179854
0.00179754
0.00179624
0.0017947
0.00179297
0.00179112
0.00178922
0.00178735
0.00178558
0.00178397
0.00178258
0.00178147
0.00178069
0.00178025
0.00178018
0.00178048
0.00178114
0.00178214
0.00178343
0.00178497
0.0017867
0.00178855
0.00179045
0.00179233
0.00179411
0.00179573
0.00150414
0.0015062
0.00150765
0.00150846
0.00150857
0.001508
0.00150675
0.00150489
0.00150249
0.00149964
0.00149647
0.00149309
0.00148964
0.00148625
0.00148305
0.00148015
0.00147768
0.0014757
0.00147431
0.00147354
0.00147343
0.00147398
0.00147517
0.00147695
0.00147927
0.00148204
0.00148515
0.00148849
0.00149194
0.00149536
0.00149861
0.00150158
0.000970039
0.000972261
0.000973842
0.000974715
0.000974839
0.000974211
0.000972856
0.000970835
0.000968235
0.000965165
0.000961753
0.000958138
0.000954462
0.000950868
0.00094749
0.00094445
0.000941857
0.000939801
0.000938351
0.000937557
0.000937444
0.000938018
0.000939257
0.000941122
0.000943548
0.000946452
0.000949732
0.00095327
0.000956933
0.000960582
0.000964075
0.000967271
0.000306948
0.000308224
0.000309134
0.000309637
0.000309707
0.000309342
0.000308559
0.000307394
0.000305903
0.000304152
0.000302218
0.000300184
0.000298129
0.000296134
0.000294272
0.000292606
0.000291193
0.000290078
0.000289295
0.000288868
0.000288809
0.00028912
0.000289792
0.000290805
0.000292127
0.000293718
0.000295523
0.000297483
0.000299526
0.000301575
0.000303549
0.000305366
0.00179009
0.00179028
0.00179047
0.00179063
0.00179078
0.00179089
0.00179097
0.00179102
0.00179103
0.001791
0.00179092
0.00179082
0.00179067
0.0017905
0.0017903
0.00179009
0.00178988
0.00178966
0.00178946
0.00178927
0.00178912
0.001789
0.00178892
0.00178889
0.00178889
0.00178895
0.00178904
0.00178916
0.00178931
0.00178949
0.00178968
0.00178988
0.00149129
0.00149165
0.00149199
0.00149229
0.00149254
0.00149273
0.00149286
0.00149291
0.00149288
0.00149278
0.0014926
0.00149235
0.00149204
0.00149169
0.0014913
0.00149089
0.00149049
0.0014901
0.00148974
0.00148943
0.00148918
0.001489
0.00148889
0.00148887
0.00148892
0.00148905
0.00148924
0.0014895
0.00148981
0.00149015
0.00149052
0.0014909
0.000956262
0.000956655
0.000957017
0.000957334
0.000957594
0.000957787
0.000957905
0.000957942
0.000957895
0.000957766
0.000957558
0.000957277
0.000956936
0.000956545
0.000956123
0.000955685
0.00095525
0.000954836
0.00095446
0.000954137
0.000953881
0.000953701
0.000953602
0.000953589
0.000953659
0.000953809
0.000954031
0.000954317
0.000954655
0.000955033
0.000955436
0.00095585
0.00029916
0.000299376
0.000299573
0.000299745
0.000299883
0.000299984
0.000300042
0.000300055
0.000300022
0.000299942
0.000299819
0.000299657
0.000299462
0.000299242
0.000299005
0.000298761
0.000298521
0.000298294
0.00029809
0.000297917
0.000297782
0.00029769
0.000297644
0.000297645
0.000297692
0.000297782
0.000297911
0.000298075
0.000298266
0.000298478
0.000298703
0.000298933
0.00178207
0.00178125
0.00178076
0.00178061
0.00178081
0.00178137
0.00178225
0.00178342
0.00178485
0.00178646
0.00178821
0.00179002
0.00179183
0.00179356
0.00179515
0.00179654
0.00179766
0.00179849
0.00179898
0.00179911
0.00179889
0.00179832
0.00179743
0.00179625
0.00179482
0.00179321
0.00179146
0.00178966
0.00178787
0.00178615
0.00178457
0.0017832
0.00147697
0.00147552
0.00147465
0.0014744
0.00147476
0.00147574
0.00147729
0.00147936
0.00148188
0.00148475
0.00148786
0.00149109
0.00149434
0.00149746
0.00150033
0.00150285
0.0015049
0.00150641
0.00150732
0.00150758
0.00150719
0.00150616
0.00150454
0.00150239
0.0014998
0.00149687
0.00149373
0.00149048
0.00148726
0.00148419
0.00148139
0.00147895
0.000941215
0.00093971
0.000938809
0.000938544
0.000938923
0.000939933
0.000941541
0.000943693
0.000946315
0.000949316
0.000952587
0.000956009
0.000959451
0.000962779
0.00096586
0.000968568
0.000970788
0.000972427
0.000973412
0.0009737
0.00097328
0.00097217
0.000970419
0.000968102
0.000965319
0.000962185
0.000958829
0.000955384
0.000951984
0.000948755
0.000945817
0.000943274
0.000290879
0.000290062
0.000289574
0.000289428
0.000289629
0.000290171
0.000291039
0.000292206
0.000293635
0.00029528
0.000297085
0.000298987
0.000300915
0.000302792
0.000304542
0.000306089
0.000307366
0.000308312
0.000308884
0.000309055
0.000308815
0.000308178
0.000307172
0.000305846
0.000304261
0.000302486
0.000300597
0.00029867
0.000296781
0.000294999
0.000293387
0.000291999
0.00177939
0.00177814
0.00177734
0.00177701
0.00177717
0.00177781
0.00177891
0.00178043
0.0017823
0.00178447
0.00178684
0.00178932
0.00179183
0.00179426
0.00179652
0.00179852
0.00180019
0.00180145
0.00180227
0.0018026
0.00180244
0.00180178
0.00180067
0.00179913
0.00179723
0.00179505
0.00179267
0.00179018
0.00178767
0.00178526
0.00178301
0.00178103
0.00147195
0.00146976
0.00146836
0.00146781
0.00146812
0.00146928
0.00147126
0.00147398
0.00147735
0.00148125
0.00148553
0.00149005
0.00149462
0.00149907
0.00150322
0.00150692
0.00151
0.00151234
0.00151384
0.00151444
0.0015141
0.00151285
0.00151074
0.00150786
0.00150432
0.00150028
0.00149589
0.00149134
0.00148679
0.00148242
0.0014784
0.00147487
0.00093586
0.000933593
0.000932157
0.000931596
0.00093193
0.000933145
0.000935206
0.000938045
0.000941573
0.00094567
0.000950195
0.000954988
0.000959868
0.000964648
0.000969134
0.000973141
0.000976494
0.000979046
0.000980682
0.000981326
0.000980948
0.000979566
0.000977243
0.000974085
0.000970231
0.000965849
0.000961124
0.000956248
0.000951412
0.000946799
0.000942575
0.000938887
0.000287887
0.000286673
0.000285911
0.000285621
0.000285809
0.000286471
0.00028759
0.000289135
0.000291062
0.000293314
0.000295821
0.000298496
0.000301244
0.000303957
0.000306525
0.000308833
0.000310777
0.000312261
0.000313212
0.00031358
0.000313347
0.000312525
0.000311155
0.000309306
0.000307069
0.000304547
0.000301853
0.0002991
0.000296396
0.000293842
0.000291525
0.00028952
0.00178561
0.00178481
0.00178422
0.00178385
0.00178372
0.00178383
0.00178417
0.00178473
0.00178549
0.00178642
0.00178749
0.00178864
0.00178985
0.00179106
0.00179222
0.0017933
0.00179425
0.00179504
0.00179564
0.00179601
0.00179616
0.00179607
0.00179575
0.00179519
0.00179444
0.00179351
0.00179244
0.00179128
0.00179006
0.00178884
0.00178766
0.00178657
0.00148267
0.00148127
0.00148023
0.00147961
0.00147942
0.00147966
0.00148033
0.00148141
0.00148284
0.00148458
0.00148656
0.00148871
0.00149094
0.00149317
0.00149531
0.00149729
0.00149903
0.00150045
0.00150151
0.00150216
0.00150237
0.00150214
0.00150147
0.00150039
0.00149895
0.00149718
0.00149518
0.00149301
0.00149076
0.00148852
0.00148637
0.00148439
0.000946923
0.000945455
0.000944384
0.000943746
0.000943564
0.000943844
0.000944575
0.000945729
0.000947264
0.000949124
0.000951241
0.000953537
0.000955926
0.000958319
0.000960622
0.000962748
0.000964611
0.000966138
0.000967264
0.000967945
0.000968151
0.000967872
0.000967121
0.000965927
0.000964338
0.000962419
0.000960247
0.000957909
0.000955495
0.000953101
0.000950818
0.000948732
0.000293855
0.000293059
0.000292486
0.000292153
0.000292073
0.000292247
0.000292668
0.000293322
0.000294186
0.00029523
0.000296417
0.000297705
0.000299048
0.000300394
0.000301693
0.000302892
0.000303943
0.000304801
0.00030543
0.000305801
0.000305899
0.000305718
0.000305266
0.000304563
0.000303638
0.000302532
0.00030129
0.000299962
0.000298603
0.000297263
0.000295995
0.000294845
0.00179621
0.00179639
0.00179632
0.00179601
0.00179547
0.00179471
0.00179378
0.00179269
0.0017915
0.00179024
0.00178898
0.00178775
0.0017866
0.00178558
0.00178472
0.00178406
0.00178363
0.00178345
0.00178351
0.00178382
0.00178437
0.00178514
0.00178608
0.00178718
0.00178838
0.00178964
0.00179091
0.00179214
0.00179329
0.0017943
0.00179514
0.00179579
0.00150207
0.00150245
0.00150238
0.00150187
0.00150094
0.00149962
0.00149796
0.00149603
0.00149391
0.00149167
0.00148941
0.0014872
0.00148514
0.00148331
0.00148176
0.00148056
0.00147975
0.00147937
0.00147943
0.00147992
0.00148083
0.00148213
0.00148377
0.00148567
0.00148779
0.00149002
0.00149229
0.00149451
0.00149659
0.00149846
0.00150003
0.00150125
0.000967679
0.000968121
0.00096808
0.000967557
0.000966574
0.000965172
0.000963409
0.000961357
0.0009591
0.000956726
0.000954327
0.000951996
0.00094982
0.000947879
0.000946244
0.000944973
0.000944113
0.000943694
0.000943731
0.000944222
0.000945151
0.000946484
0.000948175
0.000950161
0.000952371
0.000954721
0.000957124
0.000959487
0.000961718
0.000963727
0.000965435
0.00096677
0.000305577
0.000305861
0.000305867
0.000305595
0.000305057
0.000304277
0.00030329
0.000302138
0.000300871
0.000299538
0.000298194
0.000296889
0.000295671
0.000294584
0.000293666
0.000292948
0.000292453
0.000292199
0.000292193
0.000292436
0.000292921
0.000293631
0.000294542
0.000295623
0.000296837
0.00029814
0.000299484
0.000300817
0.000302088
0.000303245
0.000304239
0.000305028
0.00180216
0.00180292
0.00180317
0.0018029
0.00180211
0.00180085
0.00179917
0.00179712
0.00179478
0.00179226
0.00178964
0.00178703
0.00178453
0.00178223
0.00178021
0.00177857
0.00177735
0.0017766
0.00177635
0.00177661
0.00177737
0.00177861
0.00178027
0.0017823
0.00178462
0.00178713
0.00178974
0.00179236
0.00179489
0.00179721
0.00179925
0.00180092
0.00151321
0.00151471
0.00151527
0.00151486
0.00151351
0.00151127
0.00150824
0.00150454
0.00150032
0.00149576
0.00149104
0.00148634
0.00148184
0.0014777
0.00147409
0.00147112
0.0014689
0.00146751
0.00146699
0.00146737
0.00146862
0.00147071
0.00147357
0.00147709
0.00148114
0.00148559
0.00149027
0.001495
0.0014996
0.00150388
0.00150768
0.00151083
0.000979813
0.000981499
0.000982159
0.000981762
0.000980326
0.000977918
0.000974648
0.000970663
0.000966136
0.000961259
0.000956231
0.000951249
0.0009465
0.000942157
0.000938369
0.000935262
0.000932938
0.000931469
0.0009309
0.000931249
0.000932503
0.000934625
0.000937548
0.000941178
0.000945395
0.000950054
0.000954991
0.000960022
0.000964951
0.00096958
0.000973716
0.000977178
0.000312532
0.000313559
0.000313989
0.0003138
0.000313
0.000311633
0.000309768
0.000307496
0.000304926
0.000302173
0.000299353
0.000296578
0.00029395
0.000291559
0.000289482
0.000287781
0.000286504
0.000285686
0.000285347
0.000285495
0.000286128
0.000287228
0.000288767
0.000290703
0.000292979
0.000295524
0.000298254
0.00030107
0.000303864
0.000306521
0.000308923
0.00031096
0.00180024
0.00180063
0.00180059
0.00180014
0.00179928
0.00179806
0.00179652
0.00179472
0.00179274
0.00179065
0.00178853
0.00178645
0.0017845
0.00178276
0.00178128
0.00178013
0.00177934
0.00177895
0.00177897
0.00177941
0.00178024
0.00178143
0.00178295
0.00178474
0.00178672
0.00178882
0.00179096
0.00179305
0.00179502
0.00179679
0.00179829
0.00179945
0.00150924
0.00151003
0.00151006
0.00150935
0.00150791
0.0015058
0.00150312
0.00149997
0.00149648
0.00149279
0.00148904
0.00148537
0.00148192
0.00147883
0.00147619
0.00147412
0.00147268
0.00147192
0.00147188
0.00147255
0.00147391
0.00147591
0.00147849
0.00148154
0.00148496
0.00148862
0.00149238
0.0014961
0.00149962
0.00150282
0.00150556
0.00150773
0.000975279
0.000976175
0.000976261
0.000975535
0.000974029
0.00097181
0.000968974
0.000965642
0.000961954
0.000958059
0.000954112
0.000950263
0.000946655
0.000943419
0.000940669
0.000938498
0.00093698
0.000936166
0.000936083
0.000936733
0.000938096
0.000940127
0.000942758
0.000945899
0.00094944
0.000953254
0.000957198
0.000961123
0.000964873
0.000968298
0.000971253
0.000973614
0.000309672
0.00031022
0.00031031
0.000309939
0.000309124
0.000307906
0.000306341
0.000304502
0.00030247
0.000300331
0.00029817
0.000296072
0.000294111
0.000292355
0.000290863
0.000289681
0.000288845
0.00028838
0.000288299
0.000288607
0.000289293
0.000290338
0.000291711
0.00029337
0.000295259
0.000297316
0.000299466
0.000301629
0.000303718
0.000305646
0.00030733
0.000308693
0.00179369
0.00179313
0.00179244
0.00179166
0.00179082
0.00178994
0.00178907
0.00178823
0.00178746
0.00178679
0.00178624
0.00178583
0.00178557
0.00178548
0.00178556
0.0017858
0.0017862
0.00178674
0.00178741
0.00178816
0.00178899
0.00178986
0.00179074
0.00179158
0.00179237
0.00179306
0.00179364
0.00179407
0.00179434
0.00179443
0.00179435
0.0017941
0.0014968
0.00149581
0.00149464
0.00149333
0.00149192
0.00149049
0.00148907
0.00148772
0.0014865
0.00148545
0.00148461
0.001484
0.00148366
0.00148358
0.00148379
0.00148426
0.00148499
0.00148595
0.00148709
0.00148839
0.00148978
0.00149122
0.00149266
0.00149403
0.00149528
0.00149636
0.00149723
0.00149785
0.00149821
0.00149827
0.00149805
0.00149756
0.000961685
0.000960647
0.000959425
0.000958068
0.00095663
0.000955165
0.00095373
0.000952379
0.000951162
0.000950123
0.000949301
0.000948725
0.000948416
0.000948386
0.000948636
0.000949157
0.000949932
0.000950933
0.000952123
0.000953459
0.000954889
0.00095636
0.000957815
0.000959197
0.00096045
0.000961525
0.000962379
0.000962977
0.000963294
0.000963318
0.000963048
0.000962496
0.000301755
0.000301178
0.000300514
0.000299792
0.000299038
0.000298283
0.000297555
0.000296881
0.000296286
0.00029579
0.000295412
0.000295164
0.000295056
0.00029509
0.000295267
0.000295581
0.00029602
0.00029657
0.000297211
0.00029792
0.000298669
0.000299431
0.000300175
0.000300873
0.000301495
0.000302018
0.000302419
0.000302681
0.000302793
0.000302752
0.000302559
0.000302222
0.0017883
0.00178715
0.0017861
0.00178521
0.00178449
0.00178399
0.00178372
0.00178369
0.00178391
0.00178435
0.001785
0.00178585
0.00178685
0.00178797
0.00178916
0.00179039
0.00179159
0.00179273
0.00179377
0.00179466
0.00179537
0.00179587
0.00179614
0.00179618
0.00179598
0.00179555
0.0017949
0.00179406
0.00179306
0.00179194
0.00179074
0.00178951
0.00148705
0.00148496
0.00148311
0.00148156
0.00148037
0.00147958
0.00147922
0.00147931
0.00147984
0.00148079
0.00148213
0.00148381
0.00148576
0.00148792
0.0014902
0.00149251
0.00149477
0.00149689
0.00149878
0.00150038
0.00150161
0.00150242
0.0015028
0.0015027
0.00150216
0.00150117
0.00149979
0.00149807
0.00149608
0.00149389
0.0014916
0.00148929
0.000951309
0.000949099
0.000947156
0.000945549
0.000944335
0.000943557
0.000943241
0.000943399
0.000944025
0.000945099
0.000946582
0.000948422
0.000950554
0.0009529
0.000955374
0.000957881
0.000960325
0.00096261
0.000964643
0.000966341
0.000967633
0.000968466
0.000968803
0.000968631
0.000967956
0.000966808
0.000965236
0.000963305
0.000961094
0.000958693
0.000956198
0.000953705
0.000295968
0.000294736
0.000293672
0.000292811
0.000292182
0.000291805
0.000291691
0.000291844
0.00029226
0.000292924
0.000293816
0.000294907
0.000296158
0.000297526
0.000298962
0.000300411
0.000301818
0.000303125
0.000304279
0.000305228
0.000305933
0.00030636
0.000306491
0.000306319
0.000305852
0.000305111
0.00030413
0.000302951
0.000301625
0.000300207
0.000298754
0.000297323
0.0017883
0.00178755
0.0017869
0.00178636
0.00178596
0.00178572
0.00178565
0.00178574
0.001786
0.00178641
0.00178696
0.00178762
0.00178837
0.00178918
0.00179002
0.00179085
0.00179165
0.00179239
0.00179303
0.00179356
0.00179395
0.00179419
0.00179427
0.00179419
0.00179395
0.00179355
0.00179302
0.00179236
0.00179162
0.00179081
0.00178996
0.00178912
0.0014873
0.0014859
0.00148469
0.00148372
0.00148303
0.00148264
0.00148257
0.00148282
0.00148338
0.00148423
0.00148533
0.00148665
0.00148814
0.00148973
0.00149137
0.001493
0.00149455
0.00149596
0.00149718
0.00149816
0.00149886
0.00149926
0.00149933
0.00149908
0.00149852
0.00149766
0.00149655
0.00149521
0.00149372
0.00149212
0.00149047
0.00148885
0.0009517
0.000950192
0.000948903
0.00094788
0.00094716
0.00094677
0.000946723
0.000947023
0.000947657
0.000948602
0.000949825
0.000951279
0.000952911
0.00095466
0.000956459
0.00095824
0.000959933
0.000961472
0.000962796
0.000963852
0.000964598
0.000965003
0.000965051
0.00096474
0.000964082
0.000963104
0.000961847
0.00096036
0.000958701
0.000956938
0.000955137
0.000953369
0.000296337
0.000295482
0.00029476
0.000294196
0.000293809
0.000293614
0.000293618
0.000293819
0.000294212
0.000294782
0.00029551
0.00029637
0.00029733
0.000298355
0.000299408
0.000300447
0.000301432
0.000302324
0.000303086
0.000303686
0.0003041
0.000304309
0.000304305
0.000304087
0.000303666
0.000303059
0.000302292
0.000301397
0.000300409
0.000299369
0.000298317
0.000297294
0.00179191
0.00179237
0.00179274
0.00179301
0.00179317
0.0017932
0.00179312
0.00179291
0.00179259
0.00179218
0.00179168
0.00179111
0.00179049
0.00178986
0.00178922
0.00178862
0.00178806
0.00178758
0.00178718
0.0017869
0.00178674
0.00178671
0.0017868
0.00178702
0.00178735
0.00178779
0.00178831
0.00178889
0.00178951
0.00179014
0.00179077
0.00179137
0.00149408
0.00149487
0.0014955
0.00149596
0.00149623
0.00149629
0.00149615
0.0014958
0.00149527
0.00149458
0.00149374
0.00149279
0.00149177
0.00149072
0.00148967
0.00148867
0.00148776
0.00148697
0.00148632
0.00148586
0.00148559
0.00148553
0.00148567
0.00148602
0.00148656
0.00148726
0.0014881
0.00148906
0.00149008
0.00149114
0.00149218
0.00149318
0.000959038
0.000959851
0.000960509
0.000960986
0.000961264
0.000961331
0.000961186
0.000960833
0.000960286
0.000959568
0.000958705
0.000957731
0.000956684
0.000955604
0.000954533
0.000953512
0.000952579
0.000951771
0.000951117
0.000950643
0.000950367
0.0009503
0.000950444
0.000950793
0.000951335
0.000952049
0.000952908
0.000953878
0.000954923
0.000956003
0.000957076
0.000958101
0.000300573
0.000301011
0.000301366
0.000301625
0.000301778
0.000301818
0.000301744
0.000301558
0.000301269
0.000300887
0.000300428
0.000299911
0.000299355
0.000298782
0.000298214
0.000297674
0.00029718
0.000296752
0.000296406
0.000296154
0.000296006
0.000295967
0.000296038
0.000296218
0.0002965
0.000296872
0.000297321
0.000297831
0.000298383
0.000298954
0.000299524
0.000300071
0.00179486
0.00179641
0.00179771
0.0017987
0.00179935
0.00179964
0.00179956
0.0017991
0.00179829
0.00179716
0.00179574
0.00179409
0.00179229
0.00179039
0.00178847
0.0017866
0.00178486
0.00178331
0.00178202
0.00178102
0.00178036
0.00178007
0.00178016
0.00178062
0.00178144
0.00178258
0.00178399
0.00178564
0.00178744
0.00178934
0.00179126
0.00179312
0.00149949
0.00150224
0.00150456
0.00150635
0.00150754
0.00150809
0.00150796
0.00150716
0.00150573
0.00150373
0.00150123
0.00149833
0.00149516
0.00149184
0.0014885
0.00148526
0.00148224
0.00147957
0.00147733
0.00147561
0.00147448
0.00147396
0.00147409
0.00147485
0.00147621
0.00147814
0.00148056
0.00148338
0.00148649
0.00148979
0.00149313
0.00149641
0.000964824
0.000967751
0.000970228
0.000972151
0.000973437
0.000974029
0.000973901
0.000973059
0.000971539
0.000969407
0.000966754
0.000963694
0.000960351
0.00095686
0.00095336
0.000949981
0.000946851
0.000944082
0.000941772
0.000939999
0.000938824
0.000938287
0.000938405
0.000939175
0.00094057
0.000942545
0.00094503
0.000947941
0.000951173
0.000954608
0.000958119
0.000961569
0.000303809
0.000305444
0.000306837
0.000307926
0.00030866
0.000309005
0.000308943
0.000308478
0.000307631
0.000306443
0.000304968
0.000303272
0.000301429
0.000299514
0.000297605
0.000295773
0.000294084
0.000292596
0.000291358
0.000290409
0.000289779
0.000289487
0.00028954
0.000289938
0.000290669
0.00029171
0.00029303
0.000294585
0.000296325
0.000298187
0.000300105
0.000302004
0.0017957
0.0017975
0.00179899
0.00180014
0.00180088
0.0018012
0.00180108
0.00180053
0.00179956
0.00179823
0.00179657
0.00179464
0.00179254
0.00179033
0.0017881
0.00178594
0.00178393
0.00178214
0.00178065
0.0017795
0.00177876
0.00177843
0.00177854
0.00177909
0.00178005
0.00178138
0.00178304
0.00178496
0.00178706
0.00178928
0.00179151
0.00179368
0.00150069
0.00150385
0.00150651
0.00150857
0.00150994
0.00151056
0.00151042
0.0015095
0.00150786
0.00150556
0.00150269
0.00149937
0.00149574
0.00149193
0.0014881
0.0014844
0.00148096
0.0014779
0.00147535
0.00147339
0.00147209
0.0014715
0.00147164
0.00147251
0.00147406
0.00147626
0.00147902
0.00148224
0.0014858
0.00148957
0.00149341
0.00149716
0.000965952
0.000969297
0.000972134
0.000974343
0.000975827
0.000976519
0.00097639
0.000975443
0.000973722
0.000971302
0.000968288
0.000964809
0.00096101
0.000957044
0.000953068
0.000949233
0.000945681
0.000942538
0.000939913
0.000937897
0.000936556
0.000935935
0.000936053
0.000936908
0.00093847
0.000940689
0.00094349
0.000946776
0.000950433
0.000954327
0.000958314
0.000962241
0.00030428
0.000306128
0.000307711
0.000308957
0.000309806
0.000310218
0.000310172
0.00030967
0.000308737
0.000307419
0.000305776
0.000303883
0.000301825
0.000299687
0.000297553
0.000295506
0.000293618
0.000291952
0.000290564
0.000289495
0.000288778
0.000288433
0.000288471
0.000288891
0.00028968
0.000290816
0.000292265
0.00029398
0.000295907
0.000297978
0.000300119
0.000302248
0.00179594
0.00179723
0.00179824
0.00179892
0.00179926
0.00179923
0.00179885
0.00179812
0.00179708
0.00179576
0.00179423
0.00179253
0.00179073
0.00178889
0.0017871
0.00178541
0.00178389
0.0017826
0.00178159
0.00178089
0.00178054
0.00178054
0.00178091
0.00178162
0.00178266
0.00178397
0.00178552
0.00178723
0.00178905
0.0017909
0.00179271
0.00179441
0.00150092
0.00150313
0.00150486
0.00150606
0.00150666
0.00150665
0.00150602
0.00150481
0.00150306
0.00150084
0.00149824
0.00149536
0.00149233
0.00148925
0.00148624
0.00148342
0.00148089
0.00147875
0.00147707
0.00147591
0.00147533
0.00147533
0.00147593
0.00147709
0.00147878
0.00148093
0.00148347
0.00148631
0.00148932
0.00149241
0.00149545
0.00149832
0.000966113
0.000968416
0.000970233
0.00097149
0.000972131
0.000972131
0.000971488
0.000970231
0.000968412
0.00096611
0.00096342
0.000960451
0.000957324
0.00095416
0.00095108
0.000948201
0.000945626
0.000943449
0.000941746
0.000940576
0.000939978
0.000939975
0.000940567
0.000941733
0.000943434
0.000945611
0.000948188
0.00095107
0.000954153
0.000957321
0.000960451
0.000963422
0.000304306
0.00030554
0.00030652
0.000307201
0.000307554
0.00030756
0.000307221
0.000306551
0.000305582
0.000304357
0.000302929
0.000301359
0.000299713
0.000298056
0.00029645
0.000294955
0.000293624
0.000292501
0.000291624
0.00029102
0.00029071
0.000290702
0.000290998
0.000291588
0.000292454
0.000293568
0.000294893
0.000296385
0.000297989
0.000299647
0.000301297
0.000302871
0.00179556
0.00179614
0.00179648
0.00179657
0.0017964
0.00179598
0.00179533
0.00179448
0.00179345
0.0017923
0.00179106
0.00178979
0.00178851
0.0017873
0.00178618
0.00178521
0.00178441
0.00178382
0.00178347
0.00178336
0.00178351
0.0017839
0.00178452
0.00178536
0.00178638
0.00178754
0.00178879
0.0017901
0.0017914
0.00179264
0.00179378
0.00179476
0.00150037
0.00150131
0.00150185
0.00150196
0.00150164
0.00150091
0.00149979
0.00149833
0.00149659
0.00149464
0.00149255
0.0014904
0.00148828
0.00148627
0.00148443
0.00148285
0.00148157
0.00148065
0.00148012
0.00148001
0.0014803
0.001481
0.00148209
0.00148351
0.00148522
0.00148715
0.00148923
0.00149139
0.00149353
0.00149558
0.00149745
0.00149907
0.000965601
0.00096655
0.000967081
0.000967172
0.00096682
0.000966039
0.000964864
0.000963341
0.000961534
0.000959515
0.000957363
0.000955163
0.000952999
0.000950953
0.0009491
0.000947509
0.000946237
0.000945329
0.000944819
0.000944724
0.000945048
0.000945781
0.000946898
0.000948358
0.000950109
0.000952086
0.000954218
0.000956421
0.000958613
0.000960706
0.000962618
0.000964272
0.000304085
0.000304562
0.000304816
0.000304835
0.000304621
0.000304181
0.000303535
0.000302711
0.000301745
0.000300675
0.000299545
0.0002984
0.000297282
0.000296235
0.000295295
0.000294496
0.000293866
0.000293425
0.00029319
0.000293167
0.000293359
0.000293758
0.000294353
0.000295122
0.000296039
0.000297073
0.000298184
0.000299333
0.000300473
0.000301561
0.000302552
0.000303405
0.0017938
0.00179384
0.00179373
0.00179347
0.00179307
0.00179256
0.00179194
0.00179126
0.00179053
0.00178979
0.00178906
0.00178836
0.00178772
0.00178717
0.00178673
0.00178641
0.00178622
0.00178617
0.00178626
0.0017865
0.00178686
0.00178735
0.00178794
0.00178861
0.00178934
0.0017901
0.00179086
0.00179158
0.00179225
0.00179282
0.00179328
0.00179361
0.00149731
0.00149735
0.00149715
0.0014967
0.00149604
0.00149518
0.00149415
0.00149301
0.00149179
0.00149054
0.00148931
0.00148814
0.00148708
0.00148617
0.00148545
0.00148493
0.00148464
0.00148459
0.00148478
0.00148521
0.00148585
0.0014867
0.0014877
0.00148884
0.00149006
0.00149131
0.00149256
0.00149374
0.00149482
0.00149575
0.00149649
0.00149702
0.000962379
0.00096241
0.000962187
0.000961717
0.000961021
0.000960126
0.000959068
0.000957889
0.000956635
0.000955355
0.000954097
0.000952909
0.000951836
0.000950917
0.000950186
0.000949671
0.000949389
0.000949353
0.000949564
0.000950013
0.000950685
0.000951556
0.000952593
0.000953758
0.000955007
0.000956291
0.000957563
0.000958771
0.000959869
0.000960812
0.000961563
0.000962093
0.000302316
0.000302315
0.00030218
0.000301916
0.000301536
0.000301055
0.000300492
0.000299869
0.000299212
0.000298546
0.000297897
0.000297288
0.000296742
0.000296279
0.000295915
0.000295665
0.000295536
0.000295534
0.000295658
0.000295905
0.000296266
0.000296728
0.000297274
0.000297885
0.000298538
0.000299207
0.000299867
0.000300493
0.000301058
0.000301541
0.000301921
0.000302183
0.00179155
0.00179117
0.00179074
0.00179027
0.0017898
0.00178933
0.00178889
0.0017885
0.00178817
0.00178791
0.00178774
0.00178765
0.00178765
0.00178775
0.00178792
0.00178818
0.00178849
0.00178887
0.00178928
0.00178972
0.00179016
0.00179061
0.00179103
0.00179141
0.00179174
0.00179202
0.00179221
0.00179233
0.00179235
0.00179228
0.00179212
0.00179187
0.0014933
0.00149268
0.001492
0.00149128
0.00149055
0.00148983
0.00148915
0.00148855
0.00148804
0.00148765
0.00148738
0.00148725
0.00148726
0.00148741
0.0014877
0.00148811
0.00148862
0.00148923
0.0014899
0.00149061
0.00149134
0.00149205
0.00149272
0.00149333
0.00149384
0.00149425
0.00149452
0.00149467
0.00149466
0.00149452
0.00149423
0.00149382
0.000958135
0.000957513
0.000956827
0.000956104
0.000955372
0.000954659
0.000953993
0.0009534
0.000952901
0.000952515
0.000952258
0.000952137
0.000952158
0.000952319
0.000952614
0.000953032
0.000953557
0.00095417
0.000954847
0.000955563
0.000956292
0.000957004
0.000957673
0.000958273
0.00095878
0.000959175
0.000959441
0.000959569
0.000959552
0.000959391
0.000959093
0.000958669
0.000299968
0.000299648
0.000299299
0.000298935
0.000298569
0.000298217
0.000297892
0.000297605
0.000297368
0.00029719
0.000297076
0.000297031
0.000297057
0.000297152
0.000297313
0.000297533
0.000297805
0.000298119
0.000298463
0.000298824
0.000299188
0.000299541
0.000299871
0.000300163
0.000300407
0.000300592
0.000300711
0.000300759
0.000300734
0.000300638
0.000300473
0.000300247
0.00178996
0.00178911
0.0017883
0.00178754
0.00178688
0.00178634
0.00178594
0.0017857
0.00178563
0.00178574
0.001786
0.00178643
0.00178698
0.00178766
0.00178842
0.00178923
0.00179008
0.00179091
0.00179171
0.00179244
0.00179308
0.0017936
0.00179398
0.00179421
0.00179428
0.00179419
0.00179395
0.00179355
0.00179302
0.00179236
0.00179162
0.00179081
0.00149044
0.00148906
0.00148775
0.00148657
0.00148556
0.00148475
0.00148418
0.00148387
0.00148383
0.00148407
0.00148456
0.00148531
0.00148627
0.00148741
0.00148868
0.00149005
0.00149145
0.00149283
0.00149414
0.00149533
0.00149635
0.00149716
0.00149773
0.00149804
0.00149808
0.00149785
0.00149734
0.00149659
0.00149563
0.00149448
0.0014932
0.00149184
0.000955106
0.000953709
0.000952396
0.000951217
0.000950216
0.00094943
0.000948889
0.000948613
0.000948612
0.000948886
0.000949426
0.000950211
0.000951212
0.000952393
0.000953709
0.00095511
0.000956543
0.000957953
0.000959285
0.000960486
0.00096151
0.000962315
0.00096287
0.000963151
0.000963149
0.000962863
0.000962305
0.000961497
0.000960473
0.000959272
0.000957943
0.000956536
0.000298297
0.000297577
0.000296911
0.000296322
0.000295832
0.000295459
0.000295216
0.000295112
0.000295151
0.000295331
0.000295645
0.000296084
0.000296632
0.000297267
0.000297968
0.000298707
0.000299458
0.000300191
0.000300876
0.000301488
0.000302
0.000302392
0.000302648
0.000302756
0.000302713
0.000302521
0.000302187
0.000301725
0.000301156
0.000300501
0.000299787
0.000299043
0.00179028
0.00178898
0.00178771
0.00178653
0.00178548
0.0017846
0.00178393
0.0017835
0.00178332
0.0017834
0.00178373
0.0017843
0.00178508
0.00178605
0.00178717
0.0017884
0.00178968
0.00179097
0.00179222
0.00179338
0.00179441
0.00179527
0.00179593
0.00179636
0.00179655
0.00179649
0.00179618
0.00179563
0.00179486
0.0017939
0.00179279
0.00179157
0.0014911
0.00148892
0.00148682
0.00148487
0.00148317
0.00148176
0.0014807
0.00148004
0.00147979
0.00147996
0.00148055
0.00148154
0.00148289
0.00148454
0.00148644
0.00148852
0.0014907
0.00149288
0.001495
0.00149697
0.0014987
0.00150014
0.00150122
0.00150191
0.00150217
0.00150199
0.00150138
0.00150037
0.001499
0.00149731
0.00149538
0.00149329
0.000955861
0.000953614
0.000951463
0.000949488
0.000947761
0.000946346
0.000945294
0.000944642
0.000944413
0.000944616
0.000945243
0.000946272
0.000947666
0.000949375
0.000951338
0.000953481
0.000955725
0.000957985
0.000960172
0.000962202
0.000963993
0.000965472
0.000966579
0.000967267
0.000967508
0.000967292
0.000966629
0.000965545
0.000964087
0.000962313
0.000960296
0.000958117
0.000298768
0.000297582
0.000296456
0.000295432
0.000294544
0.000293826
0.000293301
0.000292986
0.000292892
0.000293023
0.000293374
0.000293932
0.000294681
0.000295592
0.000296636
0.000297775
0.000298966
0.000300166
0.000301327
0.000302403
0.00030335
0.000304127
0.000304702
0.000305049
0.000305152
0.000305007
0.000304622
0.000304011
0.000303204
0.000302233
0.00030114
0.00029997
0.00179163
0.00179015
0.00178867
0.00178724
0.00178591
0.00178473
0.00178376
0.00178303
0.00178257
0.00178239
0.0017825
0.0017829
0.00178356
0.00178447
0.00178558
0.00178686
0.00178825
0.0017897
0.00179116
0.00179258
0.00179389
0.00179505
0.00179602
0.00179675
0.00179723
0.00179744
0.00179735
0.00179697
0.00179633
0.00179543
0.00179432
0.00179303
0.00149354
0.00149102
0.0014885
0.00148608
0.00148385
0.0014819
0.00148029
0.0014791
0.00147835
0.00147808
0.0014783
0.00147899
0.00148014
0.0014817
0.00148361
0.00148581
0.0014882
0.00149071
0.00149323
0.00149567
0.00149793
0.00149993
0.00150158
0.00150283
0.0015036
0.00150389
0.00150367
0.00150296
0.00150177
0.00150017
0.00149821
0.00149597
0.000958459
0.000955835
0.000953228
0.000950735
0.000948449
0.000946456
0.000944825
0.000943615
0.000942869
0.000942611
0.00094285
0.000943578
0.000944769
0.000946382
0.000948359
0.00095063
0.000953112
0.000955714
0.000958336
0.000960878
0.000963239
0.000965323
0.000967046
0.000968336
0.000969138
0.000969417
0.000969163
0.000968386
0.00096712
0.000965416
0.000963346
0.000960996
0.000300217
0.000298806
0.000297414
0.000296093
0.00029489
0.000293849
0.000293004
0.000292384
0.000292009
0.000291891
0.000292033
0.00029243
0.00029307
0.000293931
0.000294986
0.000296198
0.000297525
0.000298919
0.000300327
0.000301695
0.000302968
0.000304092
0.00030502
0.000305711
0.000306134
0.000306269
0.000306111
0.000305667
0.000304957
0.000304012
0.000302874
0.000301591
0.00179319
0.00179209
0.00179089
0.00178966
0.00178844
0.00178728
0.00178623
0.00178533
0.0017846
0.00178409
0.00178379
0.00178374
0.00178392
0.00178432
0.00178494
0.00178574
0.00178671
0.00178779
0.00178895
0.00179015
0.00179135
0.00179249
0.00179354
0.00179445
0.0017952
0.00179575
0.00179607
0.00179615
0.001796
0.0017956
0.00179499
0.00179418
0.00149611
0.00149421
0.00149218
0.0014901
0.00148807
0.00148615
0.00148441
0.00148293
0.00148176
0.00148094
0.00148049
0.00148045
0.0014808
0.00148153
0.00148262
0.00148403
0.0014857
0.00148757
0.00148958
0.00149164
0.00149368
0.00149561
0.00149738
0.00149889
0.00150011
0.00150096
0.00150143
0.00150149
0.00150113
0.00150038
0.00149926
0.00149782
0.000961082
0.000959092
0.000956986
0.000954846
0.000952754
0.000950791
0.000949029
0.000947532
0.000946356
0.000945541
0.000945116
0.000945096
0.00094548
0.000946256
0.000947395
0.000948857
0.00095059
0.00095253
0.000954606
0.00095674
0.00095885
0.000960854
0.000962673
0.000964233
0.000965471
0.000966335
0.00096679
0.000966817
0.000966413
0.000965597
0.000964401
0.000962875
0.000301572
0.000300498
0.000299371
0.000298235
0.000297134
0.00029611
0.000295199
0.000294434
0.000293841
0.00029344
0.000293243
0.000293259
0.000293484
0.000293913
0.00029453
0.000295314
0.00029624
0.000297273
0.000298378
0.000299512
0.000300632
0.000301695
0.000302657
0.000303478
0.000304123
0.000304565
0.000304784
0.000304771
0.000304526
0.000304059
0.000303391
0.00030255
0.00179512
0.00179478
0.00179424
0.00179353
0.00179269
0.00179174
0.00179073
0.0017897
0.00178868
0.00178771
0.00178683
0.00178607
0.00178545
0.001785
0.00178474
0.00178467
0.0017848
0.00178512
0.00178563
0.00178629
0.0017871
0.00178802
0.00178902
0.00179006
0.0017911
0.0017921
0.00179302
0.00179382
0.00179447
0.00179493
0.00179521
0.00179527
0.00149934
0.00149876
0.00149788
0.00149673
0.00149535
0.00149381
0.00149216
0.00149047
0.0014888
0.00148721
0.00148577
0.00148453
0.00148353
0.00148281
0.0014824
0.00148231
0.00148255
0.0014831
0.00148395
0.00148507
0.00148641
0.00148793
0.00148957
0.00149126
0.00149295
0.00149456
0.00149603
0.00149731
0.00149834
0.00149908
0.00149951
0.00149959
0.000964421
0.000963824
0.000962916
0.000961737
0.000960333
0.000958761
0.000957083
0.000955365
0.000953673
0.00095207
0.000950617
0.000949366
0.000948363
0.000947644
0.000947236
0.000947152
0.000947397
0.000947961
0.000948825
0.000949959
0.00095132
0.000952859
0.000954519
0.000956237
0.000957948
0.000959584
0.00096108
0.000962378
0.000963423
0.000964174
0.0009646
0.000964684
0.00030334
0.000303027
0.000302553
0.000301938
0.000301209
0.000300394
0.000299528
0.000298645
0.000297777
0.000296958
0.000296218
0.000295582
0.000295074
0.000294711
0.000294506
0.000294466
0.000294591
0.000294879
0.00029532
0.000295897
0.000296592
0.000297379
0.00029823
0.000299113
0.000299994
0.000300838
0.000301613
0.000302285
0.000302827
0.000303217
0.000303437
0.000303479
0.00179702
0.00179746
0.0017976
0.00179744
0.00179698
0.00179626
0.00179529
0.00179412
0.00179279
0.00179136
0.00178987
0.00178838
0.00178695
0.00178562
0.00178446
0.00178349
0.00178277
0.00178232
0.00178215
0.00178227
0.00178269
0.00178338
0.00178432
0.00178549
0.00178682
0.00178828
0.00178981
0.00179133
0.0017928
0.00179415
0.00179534
0.0017963
0.00150269
0.00150347
0.00150377
0.00150356
0.00150286
0.0015017
0.00150012
0.00149818
0.00149597
0.00149357
0.00149108
0.00148858
0.00148617
0.00148396
0.00148201
0.0014804
0.00147918
0.00147842
0.00147812
0.00147831
0.00147897
0.00148009
0.00148163
0.00148352
0.00148569
0.00148808
0.00149057
0.00149309
0.00149553
0.00149779
0.00149979
0.00150144
0.000967964
0.000968803
0.000969134
0.000968944
0.000968241
0.000967054
0.000965435
0.000963449
0.000961177
0.000958712
0.00095615
0.000953591
0.000951132
0.000948866
0.000946874
0.000945229
0.000943989
0.000943198
0.000942884
0.000943057
0.000943712
0.000944827
0.000946363
0.000948264
0.000950464
0.000952882
0.000955427
0.000958003
0.000960509
0.000962847
0.000964923
0.000966653
0.000305279
0.000305751
0.000305952
0.000305875
0.000305522
0.000304908
0.000304063
0.000303021
0.000301829
0.000300534
0.00029919
0.00029785
0.000296563
0.000295378
0.000294335
0.000293472
0.000292817
0.000292392
0.00029221
0.000292278
0.000292593
0.000293145
0.000293917
0.000294883
0.000296009
0.000297257
0.000298581
0.000299932
0.000301257
0.000302503
0.000303619
0.000304558
0.00179842
0.00179943
0.00180006
0.00180029
0.00180011
0.00179954
0.00179858
0.0017973
0.00179573
0.00179393
0.00179198
0.00178995
0.00178791
0.00178593
0.00178411
0.00178249
0.00178115
0.00178013
0.00177948
0.00177922
0.00177936
0.0017799
0.00178081
0.00178208
0.00178365
0.00178545
0.00178743
0.0017895
0.00179158
0.00179358
0.00179544
0.00179708
0.00150533
0.00150711
0.00150825
0.00150871
0.00150847
0.00150755
0.00150597
0.0015038
0.00150114
0.00149809
0.00149477
0.00149131
0.00148785
0.00148451
0.00148143
0.00147871
0.00147646
0.00147476
0.00147366
0.00147322
0.00147343
0.00147431
0.00147581
0.00147789
0.00148046
0.00148344
0.00148671
0.00149015
0.00149364
0.00149703
0.00150019
0.00150299
0.000970852
0.000972737
0.000973962
0.000974472
0.000974247
0.000973294
0.000971657
0.000969405
0.000966635
0.000963464
0.000960021
0.000956445
0.000952875
0.000949447
0.000946288
0.000943512
0.000941215
0.000939476
0.000938355
0.000937889
0.000938093
0.000938961
0.000940464
0.000942552
0.000945154
0.000948179
0.000951518
0.00095505
0.000958642
0.000962154
0.000965447
0.000968387
0.000306924
0.00030797
0.00030866
0.000308961
0.000308859
0.000308359
0.000307485
0.000306277
0.000304791
0.000303092
0.000301254
0.000299353
0.000297464
0.000295657
0.000293998
0.000292544
0.000291342
0.000290431
0.000289838
0.00028958
0.000289667
0.000290095
0.000290851
0.000291913
0.000293248
0.000294813
0.000296555
0.000298412
0.000300316
0.000302195
0.000303971
0.000305571
0.0017983
0.00179949
0.0018003
0.0018007
0.00180067
0.00180021
0.00179935
0.00179813
0.00179659
0.00179479
0.00179281
0.0017907
0.00178856
0.00178647
0.00178449
0.00178271
0.0017812
0.00178
0.00177918
0.00177875
0.00177874
0.00177915
0.00177996
0.00178116
0.00178269
0.00178449
0.00178651
0.00178864
0.00179083
0.00179296
0.00179497
0.00179678
0.00150505
0.00150709
0.0015085
0.00150922
0.00150922
0.0015085
0.00150709
0.00150504
0.00150245
0.00149942
0.00149607
0.00149252
0.00148893
0.00148542
0.00148213
0.00147918
0.00147668
0.00147472
0.00147337
0.00147268
0.00147267
0.00147335
0.00147469
0.00147664
0.00147913
0.00148209
0.00148538
0.0014889
0.0014925
0.00149605
0.00149942
0.00150246
0.000970524
0.000972666
0.000974152
0.000974918
0.000974931
0.000974189
0.000972726
0.000970605
0.000967916
0.000964774
0.000961309
0.00095766
0.000953973
0.000950387
0.000947036
0.000944042
0.000941511
0.00093953
0.000938166
0.000937465
0.000937451
0.000938124
0.000939462
0.000941422
0.000943936
0.000946917
0.00095026
0.000953844
0.000957533
0.000961188
0.000964663
0.000967819
0.000306689
0.00030785
0.000308662
0.000309087
0.000309104
0.000308714
0.000307934
0.0003068
0.000305366
0.000303696
0.000301861
0.00029994
0.000298008
0.00029614
0.000294404
0.000292859
0.000291558
0.000290541
0.00028984
0.000289476
0.000289461
0.000289794
0.000290466
0.000291457
0.000292736
0.000294263
0.000295987
0.000297847
0.000299777
0.000301702
0.000303546
0.000305233
0.00179727
0.00179841
0.00179921
0.00179964
0.00179968
0.00179934
0.00179864
0.00179759
0.00179625
0.00179467
0.00179291
0.00179102
0.00178909
0.00178718
0.00178537
0.00178372
0.00178229
0.00178114
0.00178032
0.00177986
0.00177977
0.00178006
0.00178072
0.00178174
0.00178307
0.00178466
0.00178646
0.00178838
0.00179036
0.00179231
0.00179416
0.00179584
0.00150294
0.00150482
0.00150616
0.0015069
0.00150702
0.0015065
0.00150537
0.00150368
0.00150149
0.0014989
0.001496
0.00149291
0.00148975
0.00148665
0.00148371
0.00148105
0.00147876
0.00147694
0.00147564
0.00147492
0.0014748
0.00147529
0.00147636
0.00147799
0.00148011
0.00148265
0.0014855
0.00148857
0.00149174
0.00149488
0.00149787
0.00150059
0.000968159
0.000970091
0.000971469
0.000972237
0.000972361
0.000971835
0.000970683
0.000968953
0.000966719
0.000964073
0.000961124
0.00095799
0.000954795
0.000951661
0.000948707
0.000946042
0.00094376
0.000941943
0.000940655
0.000939939
0.00093982
0.000940304
0.000941373
0.000942992
0.000945104
0.000947636
0.000950495
0.000953577
0.000956767
0.000959942
0.000962978
0.000965755
0.000305252
0.000306258
0.00030698
0.000307383
0.000307451
0.00030718
0.000306582
0.000305685
0.000304528
0.000303162
0.000301646
0.000300043
0.000298416
0.000296828
0.000295339
0.000294
0.000292859
0.000291953
0.000291311
0.000290954
0.000290894
0.000291132
0.00029166
0.000292463
0.000293515
0.000294781
0.000296217
0.000297774
0.000299394
0.000301015
0.000302574
0.000304006
0.00179696
0.00179816
0.00179903
0.00179954
0.00179967
0.00179941
0.00179878
0.00179781
0.00179654
0.00179502
0.0017933
0.00179145
0.00178953
0.00178762
0.00178579
0.0017841
0.00178263
0.00178142
0.00178053
0.00177999
0.00177981
0.00178002
0.0017806
0.00178154
0.0017828
0.00178433
0.00178608
0.00178798
0.00178994
0.0017919
0.00179377
0.00179548
0.0015023
0.00150428
0.00150575
0.00150663
0.0015069
0.00150654
0.00150557
0.00150403
0.00150198
0.0014995
0.00149669
0.00149367
0.00149055
0.00148745
0.00148448
0.00148177
0.0014794
0.00147747
0.00147606
0.0014752
0.00147493
0.00147526
0.00147618
0.00147767
0.00147965
0.00148207
0.00148483
0.00148783
0.00149095
0.00149408
0.00149709
0.00149987
0.000967441
0.000969481
0.000970994
0.000971916
0.000972208
0.000971857
0.000970878
0.000969314
0.000967228
0.00096471
0.000961862
0.0009588
0.000955644
0.000952518
0.000949539
0.000946818
0.000944453
0.000942528
0.000941112
0.000940252
0.000939979
0.000940302
0.000941211
0.000942675
0.000944643
0.000947045
0.000949797
0.000952797
0.000955934
0.000959088
0.000962136
0.000964959
0.000304827
0.000305891
0.000306687
0.000307178
0.000307342
0.000307173
0.000306676
0.000305875
0.000304806
0.000303515
0.000302058
0.000300497
0.000298894
0.000297311
0.000295809
0.000294441
0.000293256
0.000292291
0.000291581
0.000291146
0.000291001
0.000291151
0.000291591
0.000292307
0.000293276
0.000294467
0.000295839
0.000297343
0.000298927
0.000300529
0.000302088
0.000303541
0.00179762
0.00179894
0.00179991
0.00180047
0.00180062
0.00180034
0.00179965
0.00179859
0.00179719
0.00179551
0.00179362
0.00179158
0.00178947
0.00178737
0.00178536
0.0017835
0.00178189
0.00178056
0.00177958
0.00177898
0.00177879
0.00177901
0.00177964
0.00178067
0.00178205
0.00178373
0.00178565
0.00178773
0.00178988
0.00179203
0.00179409
0.00179598
0.00150354
0.00150581
0.00150749
0.00150853
0.00150887
0.00150851
0.00150745
0.00150575
0.00150346
0.0015007
0.00149756
0.00149417
0.00149066
0.00148718
0.00148384
0.00148078
0.00147811
0.00147592
0.00147431
0.00147331
0.00147297
0.00147331
0.00147431
0.00147593
0.00147813
0.00148081
0.00148388
0.00148723
0.00149073
0.00149425
0.00149764
0.00150078
0.000968811
0.00097118
0.000972957
0.000974065
0.000974456
0.000974112
0.000973048
0.00097131
0.000968973
0.000966135
0.000962917
0.000959448
0.000955867
0.000952315
0.000948925
0.000945823
0.000943119
0.000940909
0.000939268
0.000938252
0.000937895
0.000938209
0.000939185
0.000940789
0.000942967
0.000945645
0.000948728
0.000952105
0.000955652
0.000959234
0.000962712
0.000965948
0.000305628
0.000306906
0.000307877
0.000308495
0.000308733
0.000308579
0.000308039
0.000307139
0.00030592
0.000304439
0.000302759
0.000300953
0.000299095
0.000297257
0.000295509
0.000293914
0.000292525
0.000291388
0.000290539
0.000290006
0.000289802
0.000289936
0.000290402
0.000291188
0.000292268
0.000293609
0.000295167
0.000296888
0.000298712
0.00030057
0.000302391
0.000304101
0.00179867
0.00179986
0.00180065
0.00180101
0.00180092
0.0018004
0.00179946
0.00179815
0.00179652
0.00179464
0.00179258
0.00179041
0.00178822
0.00178608
0.00178407
0.00178228
0.00178076
0.00177958
0.00177877
0.00177838
0.00177841
0.00177887
0.00177974
0.001781
0.0017826
0.00178448
0.00178656
0.00178878
0.00179103
0.00179323
0.00179528
0.00179712
0.0015055
0.00150759
0.00150902
0.00150975
0.00150972
0.00150896
0.00150748
0.00150536
0.00150267
0.00149953
0.00149607
0.00149241
0.00148872
0.00148511
0.00148174
0.00147872
0.00147616
0.00147416
0.00147279
0.0014721
0.00147211
0.00147283
0.00147422
0.00147624
0.00147882
0.00148187
0.00148526
0.00148889
0.0014926
0.00149626
0.00149971
0.00150284
0.000970949
0.000973163
0.000974703
0.000975501
0.00097552
0.000974762
0.000973258
0.000971074
0.000968304
0.000965067
0.000961497
0.000957739
0.000953941
0.000950249
0.0009468
0.00094372
0.000941116
0.000939077
0.000937673
0.00093695
0.000936931
0.000937618
0.000938988
0.000940996
0.000943575
0.000946636
0.000950071
0.000953756
0.000957553
0.000961316
0.000964899
0.000968154
0.000306857
0.000308079
0.000308943
0.00030941
0.000309457
0.000309081
0.000308301
0.000307153
0.00030569
0.00030398
0.000302096
0.000300119
0.000298127
0.000296197
0.0002944
0.000292797
0.000291442
0.000290377
0.000289635
0.000289239
0.000289199
0.000289517
0.000290184
0.00029118
0.000292476
0.000294029
0.00029579
0.000297697
0.000299682
0.00030167
0.00030358
0.000305335
0.00179943
0.00180004
0.00180025
0.00180004
0.00179943
0.00179843
0.0017971
0.00179548
0.00179365
0.00179168
0.00178965
0.00178762
0.00178567
0.00178387
0.00178229
0.00178099
0.00178001
0.0017794
0.00177916
0.00177932
0.00177987
0.00178079
0.00178205
0.00178361
0.00178541
0.00178738
0.00178945
0.00179154
0.00179356
0.00179543
0.00179707
0.00179842
0.00150693
0.00150805
0.00150848
0.00150822
0.00150728
0.00150569
0.00150353
0.00150087
0.00149783
0.00149454
0.00149111
0.00148768
0.00148439
0.00148135
0.00147868
0.00147647
0.00147481
0.00147374
0.00147332
0.00147355
0.00147443
0.00147593
0.00147799
0.00148055
0.0014835
0.00148675
0.00149016
0.00149362
0.00149697
0.0015001
0.00150287
0.00150518
0.000972528
0.000973722
0.000974211
0.000973974
0.00097302
0.000971393
0.000969163
0.000966426
0.000963295
0.0009599
0.000956377
0.000952864
0.000949492
0.000946388
0.000943661
0.000941409
0.000939707
0.000938614
0.000938165
0.000938376
0.000939241
0.00094073
0.000942794
0.000945363
0.000948348
0.000951643
0.000955126
0.000958666
0.000962127
0.000965369
0.000968261
0.000970681
0.000307776
0.000308443
0.000308731
0.000308626
0.000308135
0.00030728
0.000306101
0.000304652
0.000302997
0.000301206
0.000299355
0.000297515
0.000295755
0.00029414
0.000292724
0.000291554
0.000290666
0.000290089
0.00028984
0.000289926
0.000290344
0.000291084
0.000292121
0.000293425
0.000294953
0.000296653
0.000298466
0.000300324
0.000302156
0.000303888
0.000305445
0.000306761
0.00179916
0.00179888
0.00179824
0.00179726
0.00179598
0.00179445
0.00179274
0.00179092
0.00178907
0.00178725
0.00178553
0.00178398
0.00178265
0.00178158
0.00178082
0.00178039
0.0017803
0.00178056
0.00178116
0.00178208
0.00178328
0.00178473
0.00178637
0.00178814
0.00178998
0.00179182
0.00179359
0.00179521
0.00179663
0.00179777
0.00179859
0.00179906
0.00150654
0.00150606
0.00150499
0.00150335
0.00150123
0.00149871
0.00149589
0.00149289
0.00148981
0.00148679
0.00148393
0.00148134
0.00147911
0.00147733
0.00147606
0.00147535
0.00147521
0.00147566
0.00147668
0.00147823
0.00148026
0.00148269
0.00148544
0.00148841
0.00149147
0.00149453
0.00149745
0.00150012
0.00150244
0.0015043
0.00150564
0.0015064
0.000972161
0.000971654
0.000970527
0.000968828
0.000966629
0.000964023
0.000961118
0.000958031
0.000954884
0.000951797
0.000948888
0.000946262
0.000944012
0.000942219
0.000940943
0.000940227
0.000940098
0.000940557
0.000941592
0.000943167
0.000945227
0.000947703
0.000950505
0.000953533
0.000956673
0.000959805
0.000962807
0.000965559
0.000967946
0.00096987
0.000971249
0.000972024
0.0003076
0.000307313
0.000306695
0.000305774
0.000304592
0.000303201
0.000301661
0.000300036
0.000298391
0.000296789
0.000295288
0.000293943
0.000292797
0.00029189
0.00029125
0.000290898
0.000290843
0.000291089
0.000291628
0.000292443
0.000293509
0.00029479
0.000296245
0.000297821
0.000299462
0.000301105
0.000302685
0.000304137
0.000305399
0.000306415
0.000307141
0.000307541
0.0017976
0.00179655
0.00179522
0.00179367
0.00179196
0.00179016
0.00178835
0.00178659
0.00178496
0.00178353
0.00178234
0.00178144
0.00178085
0.0017806
0.00178068
0.0017811
0.00178184
0.00178287
0.00178415
0.00178563
0.00178726
0.00178899
0.00179074
0.00179246
0.00179408
0.00179555
0.0017968
0.00179778
0.00179845
0.00179877
0.00179874
0.00179834
0.00150374
0.00150186
0.00149955
0.00149691
0.00149403
0.00149104
0.00148806
0.00148518
0.00148253
0.00148021
0.00147829
0.00147685
0.00147593
0.00147558
0.0014758
0.00147658
0.00147789
0.0014797
0.00148193
0.0014845
0.00148731
0.00149027
0.00149326
0.00149617
0.00149887
0.00150128
0.00150327
0.00150479
0.00150576
0.00150614
0.00150592
0.00150511
0.000969164
0.000967158
0.000964722
0.000961958
0.000958977
0.000955898
0.00095284
0.00094992
0.000947245
0.000944912
0.000943003
0.000941584
0.000940705
0.000940394
0.000940662
0.000941501
0.000942882
0.000944759
0.000947066
0.000949723
0.000952633
0.000955688
0.000958773
0.000961768
0.000964553
0.000967016
0.000969053
0.00097058
0.000971531
0.000971865
0.000971569
0.000970656
0.000305902
0.000304772
0.000303426
0.000301921
0.00030032
0.000298687
0.000297086
0.000295576
0.000294211
0.000293037
0.000292094
0.000291412
0.000291011
0.000290906
0.000291098
0.000291582
0.000292344
0.00029336
0.000294596
0.000296012
0.000297558
0.000299178
0.000300811
0.000302393
0.000303859
0.000305147
0.0003062
0.000306972
0.000307427
0.000307545
0.000307321
0.000306764
0.00179575
0.00179455
0.00179316
0.00179163
0.00179002
0.0017884
0.00178683
0.00178538
0.00178411
0.00178306
0.00178228
0.00178179
0.0017816
0.00178172
0.00178214
0.00178283
0.00178378
0.00178495
0.00178629
0.00178775
0.00178929
0.00179084
0.00179235
0.00179377
0.00179504
0.00179612
0.00179697
0.00179753
0.0017978
0.00179775
0.00179738
0.0017967
0.00150021
0.00149808
0.00149567
0.00149308
0.0014904
0.00148775
0.00148522
0.00148291
0.00148091
0.00147929
0.00147811
0.00147741
0.00147722
0.00147754
0.00147836
0.00147965
0.00148137
0.00148344
0.0014858
0.00148835
0.001491
0.00149366
0.00149621
0.00149856
0.00150061
0.00150229
0.00150353
0.00150427
0.00150448
0.00150416
0.00150331
0.00150198
0.000965324
0.000963056
0.000960523
0.000957825
0.00095507
0.000952364
0.000949807
0.000947496
0.000945513
0.00094393
0.000942801
0.000942166
0.000942046
0.000942445
0.00094335
0.00094473
0.000946536
0.000948706
0.000951162
0.000953813
0.000956561
0.000959301
0.000961925
0.000964329
0.000966415
0.000968097
0.000969304
0.000969985
0.000970112
0.00096968
0.000968706
0.000967234
0.000303681
0.000302414
0.000301027
0.000299575
0.000298116
0.000296706
0.000295397
0.000294235
0.00029326
0.000292505
0.000291994
0.000291742
0.000291759
0.000292043
0.000292586
0.00029337
0.000294371
0.000295553
0.000296878
0.000298298
0.000299761
0.000301209
0.000302586
0.000303835
0.000304903
0.000305743
0.000306317
0.0003066
0.00030658
0.000306257
0.000305646
0.000304774
0.00179542
0.00179482
0.00179401
0.00179303
0.00179192
0.00179073
0.00178951
0.0017883
0.00178717
0.00178615
0.00178528
0.00178458
0.00178408
0.0017838
0.00178374
0.0017839
0.00178427
0.00178485
0.0017856
0.00178651
0.00178753
0.00178865
0.0017898
0.00179097
0.0017921
0.00179316
0.0017941
0.00179487
0.00179545
0.00179581
0.00179592
0.00179579
0.00149941
0.00149835
0.001497
0.0014954
0.00149363
0.00149176
0.00148985
0.00148799
0.00148624
0.00148467
0.00148333
0.00148229
0.00148157
0.0014812
0.00148119
0.00148154
0.00148225
0.00148327
0.00148458
0.00148613
0.00148786
0.00148971
0.0014916
0.00149347
0.00149524
0.00149685
0.00149822
0.00149931
0.00150007
0.00150047
0.00150049
0.00150013
0.000964391
0.000963267
0.000961859
0.000960224
0.000958427
0.000956539
0.000954635
0.000952786
0.000951064
0.000949531
0.000948244
0.00094725
0.000946582
0.000946267
0.000946313
0.00094672
0.000947473
0.000948547
0.000949901
0.000951488
0.000953249
0.000955118
0.000957025
0.000958896
0.000960658
0.000962241
0.000963582
0.000964625
0.000965329
0.000965663
0.000965614
0.000965184
0.000303117
0.000302496
0.000301741
0.000300883
0.000299956
0.000298997
0.000298045
0.000297135
0.0002963
0.000295571
0.000294973
0.000294528
0.000294249
0.000294148
0.000294226
0.000294482
0.000294908
0.000295487
0.000296202
0.000297026
0.00029793
0.00029888
0.00029984
0.000300774
0.000301643
0.000302413
0.000303052
0.000303532
0.000303833
0.000303943
0.000303856
0.000303577
0.00179709
0.00179741
0.00179742
0.00179712
0.00179654
0.00179569
0.00179462
0.00179337
0.00179199
0.00179054
0.00178907
0.00178763
0.00178627
0.00178505
0.00178399
0.00178315
0.00178255
0.00178221
0.00178215
0.00178237
0.00178287
0.00178363
0.00178463
0.00178583
0.0017872
0.00178868
0.00179021
0.00179173
0.00179317
0.00179448
0.00179559
0.00179648
0.00150239
0.001503
0.00150314
0.00150279
0.00150198
0.00150073
0.0014991
0.00149715
0.00149496
0.00149262
0.00149021
0.00148784
0.00148558
0.00148352
0.00148175
0.00148031
0.00147927
0.00147867
0.00147853
0.00147884
0.00147961
0.00148081
0.00148238
0.00148428
0.00148644
0.00148877
0.00149119
0.00149359
0.0014959
0.00149801
0.00149984
0.00150132
0.000967574
0.000968248
0.000968438
0.000968137
0.000967355
0.000966127
0.000964503
0.00096255
0.000960347
0.000957981
0.000955547
0.000953139
0.000950847
0.000948757
0.000946947
0.00094548
0.00094441
0.000943773
0.000943593
0.000943875
0.000944611
0.000945773
0.000947321
0.000949201
0.000951344
0.000953671
0.000956095
0.000958523
0.000960861
0.000963017
0.000964903
0.000966443
0.000304911
0.000305309
0.000305458
0.000305349
0.00030499
0.000304394
0.000303587
0.000302606
0.00030149
0.000300285
0.000299041
0.000297806
0.000296626
0.000295545
0.000294603
0.000293831
0.000293255
0.000292895
0.000292763
0.000292862
0.00029319
0.000293735
0.000294479
0.000295398
0.00029646
0.000297626
0.000298854
0.000300098
0.00030131
0.000302442
0.000303446
0.000304281
0.00179963
0.00180053
0.00180099
0.00180101
0.00180058
0.00179972
0.00179847
0.00179688
0.00179503
0.00179299
0.00179082
0.00178862
0.00178646
0.00178442
0.00178257
0.00178098
0.00177971
0.00177881
0.00177831
0.00177823
0.00177858
0.00177935
0.00178051
0.00178202
0.00178384
0.0017859
0.00178811
0.00179038
0.00179263
0.00179476
0.00179669
0.00179833
0.00150696
0.00150866
0.00150966
0.00150992
0.00150942
0.00150819
0.00150628
0.00150376
0.00150075
0.00149736
0.00149372
0.00148999
0.0014863
0.0014828
0.00147961
0.00147685
0.00147463
0.00147301
0.00147206
0.00147181
0.00147227
0.00147343
0.00147524
0.00147764
0.00148055
0.00148385
0.00148744
0.00149116
0.00149489
0.00149846
0.00150176
0.00150463
0.000972481
0.000974346
0.000975487
0.000975853
0.000975427
0.000974227
0.000972304
0.000969743
0.000966654
0.000963166
0.000959424
0.000955578
0.000951778
0.000948168
0.00094488
0.000942032
0.000939722
0.000938027
0.000937004
0.000936684
0.000937079
0.000938175
0.000939935
0.000942301
0.000945193
0.000948511
0.000952136
0.000955935
0.000959767
0.000963481
0.000966931
0.000969973
0.000307648
0.000308739
0.000309445
0.000309732
0.000309586
0.000309014
0.000308042
0.000306717
0.000305099
0.000303262
0.000301285
0.00029925
0.000297237
0.000295324
0.000293576
0.000292055
0.000290808
0.000289874
0.000289281
0.000289046
0.000289174
0.000289663
0.000290497
0.000291652
0.000293093
0.000294774
0.000296638
0.000298622
0.000300651
0.000302649
0.000304534
0.000306225
0.0018022
0.00180284
0.00180296
0.00180254
0.00180161
0.00180021
0.00179839
0.00179624
0.00179384
0.00179129
0.00178868
0.00178612
0.00178369
0.00178147
0.00177956
0.00177802
0.00177691
0.00177626
0.0017761
0.00177645
0.00177728
0.00177858
0.00178029
0.00178236
0.00178472
0.00178728
0.00178993
0.00179258
0.00179512
0.00179743
0.00179943
0.00180104
0.00151147
0.00151273
0.00151311
0.00151262
0.00151125
0.00150908
0.00150619
0.00150271
0.00149877
0.00149454
0.00149018
0.00148587
0.00148176
0.001478
0.00147474
0.00147209
0.00147015
0.00146897
0.00146861
0.00146907
0.00147034
0.00147237
0.0014751
0.00147842
0.00148223
0.00148638
0.00149071
0.00149507
0.00149927
0.00150317
0.00150658
0.00150939
0.000977278
0.000978675
0.000979166
0.000978729
0.000977381
0.000975185
0.000972236
0.000968664
0.000964621
0.000960276
0.000955806
0.000951384
0.000947178
0.000943342
0.00094001
0.000937295
0.000935288
0.000934053
0.000933628
0.000934027
0.000935236
0.000937216
0.000939903
0.000943208
0.000947018
0.000951201
0.000955606
0.000960066
0.00096441
0.000968463
0.000972057
0.000975039
0.000310281
0.00031111
0.00031145
0.000311285
0.000310622
0.000309495
0.000307958
0.000306084
0.000303958
0.000301674
0.000299328
0.000297013
0.000294814
0.000292811
0.000291068
0.000289641
0.000288571
0.000287891
0.000287617
0.000287757
0.000288308
0.000289252
0.000290565
0.000292206
0.000294126
0.000296262
0.000298542
0.000300882
0.000303193
0.000305379
0.000307346
0.000309006
0.00180438
0.00180409
0.00180321
0.00180179
0.00179988
0.00179756
0.00179493
0.00179209
0.00178916
0.00178626
0.0017835
0.00178097
0.00177876
0.00177696
0.00177562
0.00177479
0.0017745
0.00177476
0.00177557
0.00177689
0.00177868
0.00178088
0.0017834
0.00178616
0.00178906
0.00179199
0.00179484
0.00179748
0.00179982
0.00180174
0.00180318
0.00180407
0.00151538
0.0015149
0.00151345
0.00151111
0.00150797
0.00150416
0.00149983
0.00149518
0.00149037
0.0014856
0.00148105
0.00147689
0.00147326
0.00147029
0.0014681
0.00146675
0.00146629
0.00146674
0.00146807
0.00147025
0.00147321
0.00147682
0.00148098
0.00148553
0.00149029
0.0014951
0.00149976
0.00150409
0.00150791
0.00151106
0.00151342
0.00151488
0.000981493
0.000980983
0.000979471
0.000977028
0.000973762
0.000969819
0.000965367
0.000960592
0.000955688
0.000950845
0.000946245
0.000942054
0.000938418
0.000935459
0.000933275
0.000931935
0.000931481
0.000931929
0.000933263
0.000935442
0.000938396
0.000942029
0.000946217
0.000950816
0.000955659
0.000960565
0.000965343
0.000969798
0.000973746
0.000977016
0.000979463
0.000980979
0.000312632
0.000312343
0.000311515
0.000310189
0.000308431
0.000306323
0.000303964
0.000301456
0.000298903
0.000296405
0.000294052
0.000291926
0.000290096
0.000288617
0.000287532
0.000286872
0.000286655
0.000286886
0.00028756
0.000288658
0.000290149
0.000291991
0.000294127
0.000296487
0.000298991
0.000301546
0.000304053
0.000306406
0.000308504
0.000310249
0.000311557
0.000312365
0.00180562
0.00180448
0.00180274
0.00180046
0.00179775
0.0017947
0.00179146
0.00178814
0.00178488
0.00178181
0.00177904
0.00177667
0.00177478
0.00177343
0.00177267
0.00177253
0.00177301
0.00177409
0.00177574
0.00177789
0.00178046
0.00178338
0.00178652
0.00178978
0.00179304
0.00179618
0.00179906
0.00180157
0.00180361
0.00180508
0.00180592
0.00180611
0.00151775
0.00151566
0.00151258
0.00150866
0.00150404
0.00149892
0.00149351
0.00148803
0.00148267
0.00147765
0.00147315
0.00146932
0.0014663
0.0014642
0.00146307
0.00146297
0.00146389
0.00146581
0.00146865
0.00147233
0.00147672
0.00148165
0.00148696
0.00149244
0.00149788
0.00150307
0.0015078
0.00151188
0.00151514
0.00151742
0.00151865
0.00151876
0.000984122
0.000981835
0.000978529
0.000974356
0.000969502
0.000964174
0.000958593
0.000952981
0.000947551
0.000942501
0.000938006
0.000934218
0.000931257
0.000929218
0.000928165
0.000928129
0.000929113
0.000931088
0.000933995
0.000937743
0.000942212
0.000947251
0.000952683
0.00095831
0.000963917
0.000969279
0.000974172
0.000978386
0.000981733
0.000984061
0.000985263
0.000985283
0.000314148
0.000312807
0.000310924
0.000308596
0.000305933
0.000303057
0.000300091
0.000297154
0.000294354
0.000291789
0.00028954
0.000287674
0.000286244
0.000285287
0.00028483
0.000284882
0.000285445
0.000286504
0.000288032
0.00028999
0.00029232
0.000294953
0.000297802
0.000300766
0.000303732
0.000306579
0.000309181
0.000311418
0.000313182
0.000314382
0.000314958
0.000314878
0.0018053
0.00180418
0.00180247
0.00180024
0.00179758
0.00179459
0.00179141
0.00178816
0.00178497
0.00178197
0.00177926
0.00177694
0.00177509
0.00177377
0.00177303
0.00177289
0.00177336
0.00177441
0.00177602
0.00177812
0.00178063
0.00178348
0.00178656
0.00178975
0.00179294
0.00179602
0.00179885
0.00180132
0.00180332
0.00180476
0.0018056
0.00180578
0.00151709
0.00151502
0.00151199
0.00150813
0.00150361
0.0014986
0.0014933
0.00148794
0.00148271
0.00147782
0.00147343
0.0014697
0.00146677
0.00146474
0.00146366
0.00146359
0.00146452
0.00146642
0.00146922
0.00147284
0.00147714
0.00148198
0.00148717
0.00149252
0.00149784
0.00150291
0.00150752
0.00151149
0.00151464
0.00151685
0.00151802
0.0015181
0.000983382
0.000981113
0.000977853
0.000973753
0.000968994
0.000963778
0.000958323
0.000952844
0.000947548
0.00094263
0.000938259
0.000934583
0.000931721
0.000929764
0.000928771
0.000928775
0.000929777
0.000931745
0.000934622
0.000938317
0.000942709
0.000947651
0.000952969
0.000958467
0.000963936
0.000969155
0.000973908
0.00097799
0.00098122
0.000983451
0.00098458
0.000984557
0.000313686
0.000312353
0.000310497
0.000308212
0.000305606
0.000302798
0.000299906
0.000297047
0.000294326
0.000291837
0.00028966
0.00028786
0.000286488
0.00028558
0.000285161
0.000285242
0.00028582
0.000286882
0.0002884
0.000290334
0.000292626
0.000295208
0.000297994
0.000300883
0.000303767
0.000306526
0.000309039
0.000311191
0.000312877
0.000314013
0.000314538
0.000314427
0.00180379
0.00180361
0.00180286
0.00180157
0.0017998
0.00179763
0.00179515
0.00179245
0.00178966
0.00178687
0.0017842
0.00178173
0.00177956
0.00177775
0.00177638
0.00177548
0.0017751
0.00177524
0.00177591
0.00177707
0.0017787
0.00178073
0.00178309
0.00178571
0.00178849
0.00179132
0.0017941
0.0017967
0.00179902
0.00180096
0.00180243
0.00180339
0.00151398
0.00151365
0.0015124
0.00151029
0.00150742
0.00150389
0.00149987
0.0014955
0.00149097
0.00148645
0.00148211
0.00147812
0.00147461
0.00147171
0.00146953
0.00146813
0.00146758
0.00146788
0.00146903
0.00147099
0.00147369
0.00147703
0.00148091
0.00148517
0.00148967
0.00149422
0.00149866
0.00150281
0.00150649
0.00150957
0.0015119
0.00151339
0.000979871
0.000979497
0.000978184
0.000975991
0.000973017
0.000969392
0.00096527
0.000960823
0.000956232
0.000951673
0.00094732
0.00094333
0.000939844
0.000936981
0.000934836
0.00093348
0.000932956
0.000933281
0.000934445
0.000936411
0.000939116
0.000942471
0.000946361
0.00095065
0.000955184
0.000959792
0.000964294
0.00096851
0.000972265
0.000975399
0.000977775
0.000979288
0.000311551
0.00031133
0.000310612
0.000309434
0.000307853
0.000305942
0.000303789
0.000301488
0.000299133
0.000296816
0.000294623
0.000292631
0.000290905
0.0002895
0.000288458
0.000287809
0.000287571
0.000287751
0.000288344
0.000289333
0.000290691
0.000292377
0.000294338
0.00029651
0.000298818
0.000301176
0.000303493
0.000305673
0.000307622
0.000309252
0.000310486
0.000311265
0.00180278
0.00180372
0.00180408
0.00180386
0.00180307
0.00180175
0.00179995
0.00179775
0.00179524
0.00179253
0.00178972
0.0017869
0.00178418
0.00178165
0.0017794
0.00177753
0.00177609
0.00177514
0.00177471
0.00177484
0.0017755
0.00177669
0.00177837
0.00178048
0.00178294
0.00178568
0.00178857
0.0017915
0.00179435
0.00179701
0.00179936
0.00180131
0.00151191
0.00151362
0.00151442
0.00151428
0.00151321
0.00151125
0.00150849
0.00150503
0.00150103
0.00149664
0.00149204
0.00148741
0.00148292
0.00147875
0.00147503
0.00147192
0.00146951
0.0014679
0.00146714
0.00146725
0.00146823
0.00147006
0.00147266
0.00147596
0.00147982
0.00148411
0.00148867
0.00149332
0.0014979
0.00150221
0.00150608
0.00150936
0.000977515
0.000979367
0.000980291
0.000980245
0.000979231
0.000977293
0.000974517
0.000971024
0.000966965
0.000962511
0.000957844
0.00095315
0.000948608
0.000944386
0.000940637
0.000937489
0.000935048
0.000933395
0.000932581
0.000932632
0.000933547
0.000935295
0.000937819
0.000941037
0.00094484
0.000949096
0.000953653
0.000958342
0.000962984
0.000967396
0.000971397
0.000974819
0.000310105
0.000311167
0.000311744
0.000311809
0.000311357
0.00031041
0.000309013
0.000307234
0.000305155
0.00030287
0.000300475
0.000298068
0.000295742
0.000293582
0.000291662
0.000290042
0.000288774
0.000287893
0.000287424
0.000287379
0.000287761
0.000288556
0.000289743
0.000291288
0.000293142
0.000295248
0.000297535
0.000299921
0.000302318
0.000304629
0.000306758
0.000308612
0.00180381
0.00180528
0.00180611
0.00180627
0.00180576
0.0018046
0.00180285
0.00180059
0.0017979
0.00179489
0.00179169
0.0017884
0.00178515
0.00178204
0.00177921
0.00177675
0.00177474
0.00177328
0.0017724
0.00177216
0.00177255
0.00177357
0.00177519
0.00177736
0.00178
0.00178301
0.00178628
0.00178966
0.00179304
0.00179626
0.00179921
0.00180176
0.00151375
0.0015164
0.00151804
0.00151858
0.00151802
0.00151636
0.0015137
0.00151013
0.0015058
0.00150091
0.00149563
0.0014902
0.0014848
0.00147966
0.00147495
0.00147085
0.00146751
0.00146503
0.00146351
0.001463
0.00146352
0.00146504
0.00146753
0.00147088
0.00147499
0.00147971
0.00148487
0.00149027
0.00149572
0.00150099
0.00150588
0.0015102
0.000979511
0.00098237
0.000984186
0.000984875
0.000984402
0.000982789
0.000980108
0.00097648
0.000972067
0.000967062
0.000961677
0.000956132
0.000950645
0.000945425
0.000940659
0.000936513
0.000933126
0.000930607
0.000929034
0.000928455
0.000928887
0.000930316
0.000932696
0.000935953
0.000939982
0.000944648
0.00094979
0.000955226
0.000960754
0.000966159
0.000971225
0.00097574
0.000311215
0.00031284
0.00031392
0.000314397
0.000314246
0.000313475
0.000312121
0.000310255
0.000307966
0.000305364
0.000302567
0.000299693
0.000296858
0.000294168
0.000291716
0.000289582
0.00028783
0.000286509
0.000285655
0.000285289
0.000285421
0.000286045
0.000287147
0.000288695
0.000290646
0.000292945
0.000295518
0.000298281
0.000301135
0.000303971
0.000306674
0.000309126
0.00180689
0.00180816
0.00180867
0.0018084
0.00180737
0.00180562
0.00180323
0.0018003
0.00179696
0.00179333
0.00178955
0.00178577
0.00178211
0.00177872
0.00177571
0.00177319
0.00177127
0.00177
0.00176944
0.00176961
0.00177051
0.0017721
0.00177435
0.00177716
0.00178045
0.00178408
0.00178793
0.00179182
0.00179562
0.00179916
0.0018023
0.00180491
0.00151952
0.00152176
0.00152275
0.00152246
0.00152089
0.00151812
0.00151426
0.00150949
0.001504
0.00149801
0.00149178
0.00148553
0.00147952
0.00147395
0.00146903
0.00146494
0.00146181
0.00145976
0.00145884
0.0014591
0.00146052
0.00146305
0.00146662
0.0014711
0.00147634
0.00148214
0.00148831
0.00149459
0.00150076
0.00150656
0.00151176
0.00151614
0.00098586
0.000988249
0.000989341
0.000989085
0.000987491
0.000984636
0.000980651
0.00097572
0.000970063
0.000963924
0.000957558
0.000951216
0.000945138
0.000939545
0.000934627
0.000930548
0.000927436
0.000925386
0.00092446
0.000924684
0.000926052
0.000928524
0.000932023
0.000936442
0.000941639
0.000947439
0.00095364
0.000960015
0.000966317
0.000972295
0.000977697
0.000982287
0.000314897
0.000316229
0.000316861
0.000316759
0.000315927
0.000314411
0.00031229
0.000309673
0.000306687
0.00030347
0.000300162
0.000296895
0.000293792
0.000290957
0.000288482
0.000286437
0.000284879
0.000283847
0.000283367
0.000283449
0.000284092
0.00028528
0.000286983
0.000289156
0.000291741
0.000294659
0.000297816
0.000301103
0.000304394
0.000307555
0.000310448
0.000312936
0.00181026
0.00181108
0.00181101
0.00181006
0.00180827
0.00180573
0.00180253
0.00179881
0.00179473
0.00179045
0.00178612
0.00178191
0.00177797
0.00177443
0.00177144
0.00176909
0.00176747
0.00176664
0.00176664
0.00176746
0.00176908
0.00177145
0.00177448
0.00177807
0.00178209
0.00178639
0.00179081
0.00179516
0.00179927
0.00180298
0.00180613
0.00180859
0.00152592
0.00152731
0.00152721
0.00152564
0.00152267
0.00151842
0.00151309
0.0015069
0.00150012
0.00149301
0.00148585
0.00147892
0.00147247
0.00146674
0.00146192
0.00145817
0.00145562
0.00145436
0.00145443
0.00145582
0.00145849
0.00146236
0.0014673
0.00147313
0.00147966
0.00148665
0.00149384
0.00150095
0.00150769
0.0015138
0.00151902
0.00152312
0.000992967
0.000994419
0.000994304
0.000992629
0.000989477
0.000985
0.000979412
0.000972968
0.00096595
0.000958655
0.000951372
0.000944375
0.000937916
0.000932212
0.000927447
0.000923767
0.000921281
0.000920062
0.000920145
0.000921528
0.000924173
0.000928004
0.000932907
0.000938731
0.000945287
0.000952351
0.000959667
0.000966954
0.00097392
0.000980269
0.000985719
0.00099002
0.000319064
0.000319843
0.000319754
0.000318803
0.000317045
0.000314576
0.00031153
0.000308059
0.000304329
0.000300502
0.000296734
0.000293162
0.000289906
0.000287065
0.000284717
0.000282922
0.000281722
0.000281146
0.000281206
0.0002819
0.000283214
0.000285119
0.000287569
0.000290501
0.000293831
0.000297457
0.000301254
0.00030508
0.000308777
0.00031218
0.000315125
0.000317462
0.00181208
0.0018126
0.00181217
0.00181081
0.00180858
0.00180557
0.00180191
0.00179775
0.00179327
0.00178863
0.00178401
0.00177959
0.00177552
0.00177194
0.00176899
0.00176677
0.00176536
0.00176482
0.00176516
0.00176638
0.00176843
0.00177125
0.00177473
0.00177876
0.0017832
0.00178786
0.00179258
0.00179716
0.00180142
0.00180518
0.00180829
0.00181062
0.00152935
0.00153022
0.0015295
0.0015272
0.00152343
0.00151837
0.00151223
0.00150528
0.0014978
0.0014901
0.00148247
0.0014752
0.00146855
0.00146276
0.00145802
0.0014545
0.0014523
0.0014515
0.00145213
0.00145416
0.00145754
0.00146215
0.00146784
0.00147442
0.00148165
0.00148928
0.00149701
0.00150455
0.00151158
0.00151782
0.00152301
0.00152691
0.00099676
0.000997671
0.000996873
0.000994408
0.0009904
0.000985044
0.000978596
0.000971349
0.00096362
0.000955727
0.000947978
0.000940658
0.00093402
0.000928281
0.000923618
0.000920171
0.000918037
0.000917278
0.000917914
0.000919929
0.000923269
0.000927838
0.000933503
0.000940088
0.000947378
0.00095512
0.00096303
0.000970798
0.000978104
0.000984628
0.000990075
0.000994185
0.000321256
0.000321734
0.000321258
0.000319857
0.000317611
0.000314648
0.000311125
0.00030722
0.000303115
0.000298984
0.000294987
0.000291265
0.000287935
0.000285091
0.000282807
0.000281136
0.000280116
0.000279769
0.000280101
0.000281107
0.000282765
0.000285041
0.00028788
0.000291209
0.000294933
0.000298935
0.000303073
0.000307187
0.0003111
0.000314631
0.0003176
0.000319851
0.00181189
0.0018123
0.00181176
0.00181032
0.00180802
0.00180497
0.00180129
0.00179714
0.0017927
0.00178812
0.00178358
0.00177925
0.00177528
0.00177182
0.001769
0.0017669
0.00176562
0.00176519
0.00176563
0.00176694
0.00176906
0.00177193
0.00177544
0.00177947
0.00178388
0.00178849
0.00179313
0.00179762
0.00180176
0.00180539
0.00180837
0.00181057
0.00152883
0.00152954
0.00152866
0.00152626
0.00152243
0.00151734
0.00151122
0.00150432
0.00149694
0.00148936
0.00148188
0.00147478
0.00146832
0.00146272
0.00145817
0.00145483
0.00145281
0.00145216
0.00145292
0.00145507
0.00145852
0.00146317
0.00146886
0.00147541
0.00148257
0.00149009
0.00149768
0.00150505
0.00151189
0.00151792
0.0015229
0.00152659
0.000996092
0.000996836
0.000995908
0.000993356
0.000989306
0.000983954
0.000977553
0.000970393
0.000962784
0.000955038
0.000947456
0.000940315
0.000933862
0.000928309
0.000923829
0.000920553
0.000918578
0.000917958
0.000918712
0.000920819
0.00092422
0.000928817
0.000934475
0.000941015
0.000948222
0.000955845
0.000963601
0.000971186
0.000978286
0.000984592
0.000989817
0.000993713
0.000320769
0.000321172
0.000320647
0.000319224
0.000316986
0.000314056
0.00031059
0.00030676
0.000302742
0.000298707
0.00029481
0.000291187
0.000287953
0.000285199
0.000282998
0.000281402
0.000280447
0.000280154
0.000280529
0.000281563
0.000283237
0.000285511
0.000288331
0.000291622
0.00029529
0.000299217
0.000303263
0.00030727
0.000311066
0.000314474
0.000317323
0.000319461
0.00181041
0.00181073
0.00181019
0.0018088
0.00180663
0.00180377
0.00180034
0.00179648
0.00179235
0.00178811
0.00178391
0.00177991
0.00177625
0.00177307
0.00177048
0.00176858
0.00176743
0.00176707
0.00176753
0.00176879
0.0017708
0.00177349
0.00177678
0.00178054
0.00178464
0.00178893
0.00179323
0.00179737
0.00180118
0.00180452
0.00180723
0.00180922
0.00152583
0.00152642
0.00152556
0.00152331
0.00151975
0.00151505
0.0015094
0.00150305
0.00149625
0.00148928
0.0014824
0.00147587
0.00146994
0.0014648
0.00146064
0.0014576
0.00145578
0.00145523
0.00145599
0.00145802
0.00146125
0.00146559
0.00147088
0.00147695
0.00148357
0.00149049
0.00149747
0.00150422
0.00151048
0.00151598
0.00152049
0.00152382
0.000992652
0.000993283
0.000992396
0.000990036
0.000986315
0.000981412
0.000975553
0.000968999
0.000962031
0.000954932
0.000947979
0.000941427
0.000935505
0.00093041
0.000926305
0.000923313
0.000921526
0.000920993
0.000921731
0.00092372
0.0009269
0.000931179
0.000936425
0.000942469
0.000949108
0.000956109
0.000963211
0.000970134
0.000976594
0.000982312
0.000987032
0.000990534
0.000318667
0.000319016
0.000318534
0.000317249
0.000315232
0.000312591
0.000309462
0.000305998
0.000302355
0.000298687
0.000295135
0.000291825
0.000288863
0.000286338
0.000284318
0.000282854
0.000281982
0.000281721
0.000282078
0.000283044
0.000284598
0.000286701
0.000289301
0.000292325
0.000295682
0.000299263
0.000302939
0.000306565
0.000309988
0.000313049
0.0003156
0.000317507
0.00180884
0.00180905
0.00180847
0.00180712
0.00180506
0.00180238
0.00179919
0.00179562
0.00179182
0.00178792
0.00178409
0.00178045
0.00177714
0.00177428
0.00177197
0.00177029
0.00176932
0.00176907
0.00176957
0.0017708
0.00177272
0.00177525
0.00177832
0.00178181
0.0017856
0.00178954
0.00179347
0.00179723
0.00180069
0.00180368
0.0018061
0.00180785
0.00152283
0.00152322
0.00152231
0.00152013
0.00151678
0.0015124
0.00150719
0.00150136
0.00149515
0.00148879
0.00148255
0.00147664
0.00147129
0.00146668
0.00146299
0.00146032
0.00145878
0.00145841
0.00145923
0.00146121
0.00146429
0.00146836
0.00147328
0.00147889
0.00148497
0.0014913
0.00149764
0.00150374
0.00150937
0.00151427
0.00151826
0.00152115
0.000989302
0.000989719
0.000988772
0.000986505
0.000983026
0.000978497
0.000973122
0.000967138
0.000960796
0.000954353
0.000948058
0.000942141
0.000936812
0.000932249
0.000928599
0.000925978
0.000924464
0.000924105
0.000924909
0.000926854
0.000929882
0.0009339
0.00093878
0.000944363
0.000950457
0.000956843
0.000963281
0.000969519
0.000975299
0.000980373
0.000984517
0.00098754
0.000316701
0.000316929
0.00031642
0.0003152
0.000313336
0.000310924
0.000308084
0.000304951
0.000301664
0.000298359
0.000295162
0.000292187
0.000289532
0.000287276
0.000285484
0.000284203
0.000283465
0.000283289
0.000283679
0.000284625
0.000286105
0.00028808
0.000290497
0.000293285
0.000296359
0.000299612
0.000302928
0.000306173
0.000309211
0.000311903
0.000314119
0.000315747
0.00180784
0.00180793
0.00180728
0.00180591
0.00180389
0.00180129
0.00179824
0.00179484
0.00179125
0.00178759
0.001784
0.00178061
0.00177755
0.00177492
0.00177283
0.00177134
0.00177052
0.00177039
0.00177096
0.00177221
0.0017741
0.00177656
0.00177951
0.00178285
0.00178643
0.00179014
0.00179383
0.00179733
0.00180053
0.00180327
0.00180546
0.001807
0.00152097
0.00152116
0.00152013
0.00151793
0.00151465
0.00151044
0.00150546
0.00149993
0.00149408
0.00148812
0.00148229
0.00147681
0.00147187
0.00146766
0.00146431
0.00146195
0.00146066
0.00146047
0.0014614
0.00146342
0.00146646
0.00147041
0.00147513
0.00148047
0.00148622
0.00149218
0.00149811
0.00150377
0.00150895
0.00151343
0.00151702
0.00151957
0.000987259
0.000987463
0.000986398
0.000984115
0.000980719
0.000976367
0.000971252
0.000965596
0.000959634
0.000953606
0.000947743
0.000942259
0.000937347
0.000933174
0.000929875
0.000927554
0.000926285
0.000926105
0.00092702
0.000929003
0.000931993
0.000935898
0.000940589
0.000945911
0.000951679
0.000957683
0.000963696
0.00096948
0.000974797
0.000979418
0.000983141
0.000985795
0.000315538
0.000315648
0.000315077
0.000313854
0.000312045
0.00030974
0.000307052
0.000304106
0.00030103
0.00029795
0.000294982
0.000292233
0.00028979
0.000287731
0.000286112
0.000284979
0.000284362
0.000284274
0.00028472
0.000285688
0.000287153
0.000289076
0.000291402
0.000294063
0.000296973
0.00030003
0.000303122
0.000306125
0.000308911
0.000311352
0.000313332
0.000314752
0.00180758
0.00180756
0.00180682
0.00180538
0.0018033
0.00180068
0.00179762
0.00179425
0.0017907
0.00178711
0.0017836
0.00178031
0.00177736
0.00177486
0.00177288
0.00177152
0.00177081
0.00177079
0.00177145
0.00177278
0.00177473
0.00177723
0.00178019
0.00178352
0.00178707
0.00179071
0.00179431
0.00179771
0.00180078
0.0018034
0.00180546
0.00180687
0.00152053
0.00152054
0.00151935
0.00151703
0.00151367
0.00150942
0.00150444
0.00149895
0.00149317
0.00148733
0.00148164
0.00147633
0.00147157
0.00146755
0.0014644
0.00146223
0.00146112
0.0014611
0.00146217
0.00146431
0.00146743
0.00147143
0.00147617
0.00148149
0.00148718
0.00149303
0.00149883
0.00150433
0.00150932
0.0015136
0.00151698
0.00151932
0.000986762
0.000986782
0.000985562
0.000983159
0.000979684
0.000975296
0.000970188
0.000964581
0.000958707
0.000952799
0.000947083
0.000941767
0.000937038
0.000933055
0.000929947
0.000927813
0.000926719
0.000926699
0.000927754
0.000929851
0.000932927
0.000936883
0.000941592
0.000946894
0.000952602
0.00095851
0.000964391
0.000970012
0.00097514
0.000979555
0.000983062
0.000985502
0.000315261
0.000315274
0.000314623
0.000313341
0.000311494
0.000309176
0.000306499
0.000303584
0.000300558
0.000297544
0.000294655
0.000291991
0.00028964
0.000287674
0.000286148
0.000285104
0.000284569
0.000284558
0.00028507
0.000286093
0.000287599
0.000289549
0.000291885
0.000294538
0.000297421
0.000300433
0.000303461
0.000306383
0.000309073
0.000311408
0.000313276
0.000314582
0.00180824
0.00180809
0.00180719
0.00180558
0.00180333
0.00180053
0.0017973
0.00179377
0.00179007
0.00178635
0.00178275
0.00177939
0.00177641
0.0017739
0.00177196
0.00177067
0.00177006
0.00177016
0.00177098
0.00177248
0.0017746
0.00177729
0.00178043
0.00178392
0.00178762
0.0017914
0.00179509
0.00179856
0.00180166
0.00180428
0.00180629
0.00180763
0.00152188
0.00152168
0.00152023
0.00151762
0.00151394
0.00150935
0.00150406
0.00149827
0.00149221
0.00148614
0.00148026
0.00147482
0.00146999
0.00146595
0.00146285
0.00146078
0.00145981
0.00145999
0.0014613
0.00146371
0.00146712
0.00147143
0.00147648
0.00148209
0.00148807
0.00149417
0.00150017
0.00150583
0.00151093
0.00151524
0.00151859
0.00152084
0.000988294
0.000988092
0.000986594
0.000983872
0.000980051
0.000975308
0.000969853
0.00096392
0.000957754
0.0009516
0.00094569
0.000940237
0.000935429
0.000931427
0.000928359
0.000926319
0.00092537
0.000925542
0.000926828
0.000929192
0.000932559
0.000936825
0.000941852
0.000947469
0.000953481
0.000959666
0.000965786
0.000971598
0.000976858
0.000981337
0.000984835
0.000987191
0.000316194
0.00031609
0.000315286
0.000313823
0.00031178
0.000309258
0.000306382
0.000303282
0.000300091
0.000296938
0.000293939
0.000291197
0.0002888
0.000286818
0.000285305
0.000284303
0.000283836
0.000283916
0.000284541
0.000285695
0.00028735
0.000289461
0.000291968
0.000294795
0.000297851
0.000301028
0.000304206
0.000307254
0.000310039
0.000312432
0.000314315
0.000315592
0.00180909
0.00180875
0.00180764
0.0018058
0.00180331
0.00180027
0.00179681
0.00179306
0.00178917
0.00178529
0.00178156
0.00177813
0.00177511
0.00177261
0.00177073
0.00176954
0.00176907
0.00176936
0.00177038
0.00177211
0.00177448
0.00177741
0.00178079
0.0017845
0.0017884
0.00179234
0.00179616
0.00179971
0.00180285
0.00180545
0.0018074
0.00180863
0.00152373
0.0015232
0.00152136
0.00151831
0.00151417
0.00150912
0.00150337
0.00149716
0.00149074
0.00148435
0.00147824
0.00147263
0.00146772
0.00146369
0.00146067
0.00145876
0.00145803
0.00145851
0.00146017
0.00146296
0.0014668
0.00147154
0.00147702
0.00148306
0.00148942
0.00149586
0.00150214
0.00150801
0.00151322
0.00151756
0.00152085
0.00152293
0.000990426
0.00098987
0.000987944
0.000984739
0.000980407
0.000975147
0.000969194
0.000962803
0.000956237
0.000949752
0.00094359
0.000937969
0.00093308
0.000929081
0.000926096
0.000924218
0.000923501
0.000923967
0.000925603
0.000928362
0.000932159
0.000936876
0.000942363
0.000948435
0.000954876
0.000961451
0.000967902
0.000973969
0.000979393
0.000983934
0.000987385
0.000989584
0.000317528
0.000317223
0.000316168
0.00031442
0.000312073
0.000309246
0.000306077
0.000302711
0.000299291
0.00029595
0.000292809
0.000289974
0.000287529
0.000285544
0.000284072
0.000283149
0.000282798
0.000283027
0.000283831
0.000285192
0.000287074
0.00028943
0.000292194
0.000295282
0.000298593
0.000302009
0.000305398
0.00030862
0.000311528
0.000313984
0.000315863
0.000317066
0.00180901
0.0018085
0.00180723
0.00180525
0.00180265
0.00179952
0.001796
0.00179223
0.00178835
0.00178451
0.00178086
0.00177752
0.00177462
0.00177227
0.00177054
0.00176952
0.00176922
0.00176967
0.00177085
0.00177272
0.00177522
0.00177824
0.0017817
0.00178544
0.00178934
0.00179325
0.001797
0.00180044
0.00180345
0.0018059
0.00180768
0.00180873
0.00152383
0.00152297
0.00152081
0.00151747
0.00151307
0.00150781
0.00150191
0.00149561
0.00148916
0.00148281
0.00147679
0.00147133
0.00146662
0.00146282
0.00146006
0.00145844
0.001458
0.00145877
0.00146072
0.00146379
0.00146787
0.00147283
0.00147848
0.00148463
0.00149105
0.00149749
0.00150371
0.00150945
0.00151448
0.00151858
0.00152159
0.00152336
0.000990621
0.000989696
0.000987409
0.00098387
0.000979245
0.000973746
0.000967617
0.000961118
0.000954513
0.000948055
0.000941983
0.000936509
0.000931813
0.000928048
0.000925329
0.000923738
0.000923322
0.000924095
0.000926035
0.000929085
0.000933152
0.000938111
0.000943799
0.000950025
0.000956564
0.000963173
0.000969591
0.000975555
0.000980807
0.000985112
0.000988273
0.000990139
0.000317744
0.000317217
0.000315942
0.000313988
0.000311459
0.000308483
0.000305203
0.000301765
0.000298313
0.000294979
0.00029188
0.000289116
0.000286769
0.000284904
0.000283568
0.000282794
0.000282602
0.000282996
0.000283966
0.000285491
0.000287533
0.000290037
0.000292934
0.000296132
0.000299527
0.000302993
0.000306395
0.000309586
0.000312419
0.000314757
0.000316479
0.000317494
0.00180699
0.00180648
0.0018053
0.0018035
0.00180115
0.00179834
0.0017952
0.00179184
0.00178839
0.00178499
0.00178176
0.00177881
0.00177627
0.00177421
0.00177273
0.00177186
0.00177165
0.0017721
0.0017732
0.00177491
0.00177717
0.0017799
0.001783
0.00178635
0.00178982
0.00179329
0.0017966
0.00179963
0.00180227
0.00180439
0.00180592
0.0018068
0.00152008
0.00151919
0.00151718
0.00151412
0.00151014
0.00150542
0.00150016
0.00149455
0.00148883
0.00148322
0.00147791
0.00147312
0.001469
0.00146571
0.00146335
0.00146202
0.00146174
0.00146255
0.0014644
0.00146723
0.00147096
0.00147544
0.00148053
0.00148603
0.00149174
0.00149744
0.00150291
0.00150793
0.00151229
0.00151582
0.00151835
0.0015198
0.000986487
0.000985529
0.000983383
0.000980151
0.000975981
0.000971061
0.000965603
0.000959835
0.000953989
0.00094829
0.000942946
0.000938145
0.000934049
0.000930793
0.000928479
0.000927179
0.000926934
0.000927752
0.000929609
0.000932449
0.000936183
0.00094069
0.000945821
0.000951396
0.000957214
0.000963055
0.000968687
0.000973879
0.000978409
0.000982079
0.000984721
0.000986214
0.00031537
0.000314816
0.000313618
0.000311839
0.000309569
0.00030692
0.000304015
0.00030098
0.00029794
0.00029501
0.000292293
0.000289879
0.000287841
0.000286236
0.000285109
0.000284489
0.000284393
0.000284822
0.000285767
0.000287203
0.000289093
0.000291383
0.000294005
0.000296874
0.000299892
0.000302947
0.000305915
0.000308671
0.000311089
0.000313053
0.000314465
0.000315251
0.00180355
0.00180333
0.00180258
0.00180132
0.0017996
0.00179751
0.00179511
0.00179251
0.0017898
0.00178709
0.00178447
0.00178205
0.00177992
0.00177814
0.0017768
0.00177593
0.00177558
0.00177575
0.00177645
0.00177764
0.00177929
0.00178134
0.00178371
0.00178632
0.00178905
0.00179181
0.00179448
0.00179697
0.00179916
0.00180098
0.00180235
0.00180322
0.00151367
0.00151329
0.00151202
0.00150991
0.00150706
0.00150358
0.00149962
0.00149533
0.00149088
0.00148645
0.0014822
0.00147829
0.00147486
0.00147204
0.00146993
0.0014686
0.0014681
0.00146845
0.00146963
0.00147161
0.00147432
0.00147765
0.0014815
0.00148571
0.00149014
0.00149461
0.00149894
0.00150298
0.00150655
0.00150951
0.00151174
0.00151315
0.000979441
0.000979022
0.000977684
0.000975487
0.000972527
0.000968934
0.000964861
0.000960475
0.000955954
0.000951472
0.000947199
0.00094329
0.000939882
0.000937093
0.000935016
0.000933721
0.000933249
0.000933617
0.000934814
0.0009368
0.000939511
0.000942855
0.000946719
0.000950965
0.000955437
0.00095997
0.000964384
0.000968505
0.000972161
0.000975198
0.000977485
0.000978921
0.000311309
0.000311062
0.000310328
0.000309143
0.000307564
0.000305665
0.000303532
0.000301257
0.000298933
0.00029665
0.000294494
0.000292538
0.000290848
0.000289477
0.000288467
0.000287847
0.000287636
0.000287839
0.000288451
0.000289455
0.000290821
0.000292508
0.000294462
0.000296619
0.000298902
0.000301228
0.000303506
0.000305642
0.000307545
0.000309127
0.000310317
0.000311056
0.00180038
0.00180066
0.00180052
0.00179996
0.00179901
0.0017977
0.00179609
0.00179425
0.00179223
0.00179012
0.00178799
0.00178593
0.00178402
0.00178231
0.00178088
0.00177979
0.00177907
0.00177875
0.00177885
0.00177936
0.00178027
0.00178155
0.00178315
0.001785
0.00178704
0.00178919
0.00179135
0.00179346
0.00179541
0.00179714
0.00179858
0.00179967
0.001508
0.00150851
0.00150833
0.00150747
0.00150595
0.00150385
0.00150124
0.00149824
0.00149496
0.00149153
0.00148808
0.00148475
0.00148166
0.00147892
0.00147664
0.0014749
0.00147376
0.00147326
0.00147342
0.00147425
0.00147569
0.00147772
0.00148024
0.00148318
0.00148641
0.00148982
0.00149328
0.00149666
0.00149982
0.00150264
0.001505
0.00150681
0.000973356
0.000973899
0.000973731
0.000972858
0.000971319
0.000969179
0.00096653
0.000963481
0.000960157
0.000956691
0.000953218
0.000949871
0.000946773
0.000944038
0.000941762
0.000940026
0.000938889
0.00093839
0.000938545
0.000939351
0.000940779
0.00094278
0.000945285
0.000948205
0.000951436
0.000954858
0.000958344
0.000961758
0.000964966
0.00096784
0.00097026
0.000972125
0.000307924
0.000308222
0.000308149
0.00030771
0.000306924
0.000305828
0.000304471
0.000302912
0.000301218
0.000299458
0.000297701
0.000296014
0.000294459
0.00029309
0.000291952
0.000291084
0.000290513
0.000290256
0.000290321
0.000290707
0.000291401
0.000292381
0.000293616
0.000295064
0.000296677
0.000298397
0.00030016
0.0003019
0.000303547
0.000305032
0.000306292
0.000307271
0.00179821
0.00179892
0.00179927
0.00179926
0.00179888
0.00179815
0.00179711
0.00179579
0.00179423
0.00179251
0.00179068
0.00178881
0.00178697
0.00178524
0.00178367
0.00178233
0.00178127
0.00178054
0.00178015
0.00178013
0.00178048
0.00178119
0.00178224
0.00178357
0.00178515
0.0017869
0.00178876
0.00179066
0.00179252
0.00179427
0.00179584
0.00179717
0.00150435
0.00150562
0.00150631
0.00150639
0.00150587
0.00150476
0.00150311
0.00150098
0.00149847
0.00149566
0.00149268
0.00148963
0.00148664
0.00148381
0.00148126
0.00147907
0.00147733
0.00147611
0.00147544
0.00147536
0.00147586
0.00147693
0.00147852
0.00148059
0.00148305
0.00148581
0.00148877
0.00149182
0.00149484
0.0014977
0.00150031
0.00150256
0.000969556
0.000970897
0.000971651
0.000971785
0.000971293
0.000970195
0.000968539
0.000966393
0.000963847
0.000961006
0.000957983
0.000954898
0.000951869
0.000949011
0.00094643
0.00094422
0.000942458
0.000941207
0.00094051
0.000940391
0.000940854
0.000941882
0.000943439
0.000945472
0.000947907
0.000950658
0.000953624
0.000956694
0.000959752
0.00096268
0.00096536
0.000967684
0.000305896
0.000306636
0.000307074
0.00030719
0.000306978
0.000306447
0.000305622
0.000304539
0.000303246
0.000301798
0.000300256
0.000298681
0.000297135
0.000295675
0.000294355
0.000293219
0.000292307
0.000291649
0.000291264
0.000291167
0.000291358
0.000291832
0.000292573
0.000293558
0.000294754
0.00029612
0.000297608
0.000299165
0.000300732
0.000302249
0.000303653
0.000304886
0.00179736
0.00179824
0.00179879
0.00179898
0.00179883
0.00179832
0.0017975
0.00179637
0.00179499
0.00179341
0.00179168
0.00178988
0.00178807
0.00178631
0.00178469
0.00178325
0.00178206
0.00178116
0.00178058
0.00178036
0.0017805
0.001781
0.00178184
0.00178298
0.00178439
0.00178599
0.00178774
0.00178957
0.00179139
0.00179315
0.00179477
0.00179619
0.00150316
0.00150474
0.00150577
0.00150622
0.00150607
0.00150533
0.00150402
0.0015022
0.00149994
0.00149733
0.00149447
0.00149148
0.00148848
0.00148557
0.00148287
0.00148047
0.00147848
0.00147695
0.00147596
0.00147552
0.00147567
0.00147638
0.00147765
0.00147942
0.00148162
0.00148418
0.001487
0.00148997
0.00149298
0.00149592
0.00149866
0.00150111
0.000968423
0.000970099
0.000971222
0.000971742
0.000971638
0.000970914
0.0009696
0.000967752
0.000965449
0.000962784
0.000959867
0.000956814
0.000953745
0.000950777
0.000948021
0.000945579
0.000943537
0.000941969
0.000940929
0.000940451
0.000940553
0.000941231
0.00094246
0.000944198
0.000946384
0.000948941
0.000951777
0.000954786
0.000957858
0.000960873
0.000963713
0.000966265
0.000305389
0.00030632
0.000306963
0.00030729
0.000307285
0.000306948
0.000306294
0.000305353
0.000304167
0.000302789
0.000301275
0.00029969
0.000298095
0.000296551
0.000295117
0.000293841
0.000292769
0.000291936
0.000291368
0.000291084
0.000291091
0.000291391
0.000291972
0.000292817
0.000293898
0.000295179
0.000296617
0.00029816
0.000299753
0.000301334
0.000302841
0.000304212
0.00179721
0.00179785
0.00179818
0.00179818
0.00179786
0.00179723
0.00179632
0.00179516
0.00179379
0.00179226
0.00179063
0.00178897
0.00178733
0.00178577
0.00178437
0.00178316
0.00178221
0.00178154
0.00178119
0.00178116
0.00178147
0.0017821
0.00178302
0.00178421
0.00178561
0.00178716
0.00178882
0.0017905
0.00179215
0.0017937
0.0017951
0.00179628
0.00150324
0.00150445
0.00150513
0.00150524
0.0015048
0.00150381
0.00150231
0.00150038
0.00149807
0.0014955
0.00149274
0.00148992
0.00148715
0.00148451
0.00148213
0.00148008
0.00147844
0.00147727
0.00147661
0.00147649
0.00147692
0.00147787
0.00147932
0.0014812
0.00148346
0.001486
0.00148873
0.00149155
0.00149435
0.00149702
0.00149945
0.00150155
0.000968666
0.000969971
0.000970725
0.000970895
0.000970474
0.00096948
0.000967957
0.000965967
0.000963594
0.000960935
0.000958096
0.000955191
0.000952329
0.00094962
0.000947164
0.000945049
0.000943351
0.00094213
0.000941428
0.00094127
0.00094166
0.000942586
0.000944015
0.000945897
0.000948166
0.000950741
0.000953528
0.000956422
0.000959314
0.00096209
0.000964642
0.000966864
0.000305673
0.000306416
0.000306866
0.000307001
0.000306815
0.000306317
0.00030553
0.000304489
0.000303241
0.000301838
0.000300339
0.000298804
0.000297292
0.00029586
0.00029456
0.000293436
0.000292527
0.000291863
0.000291464
0.000291344
0.000291507
0.000291946
0.00029265
0.000293594
0.000294747
0.000296071
0.00029752
0.00029904
0.000300575
0.000302065
0.000303448
0.000304669
0.00179647
0.00179639
0.00179606
0.0017955
0.00179471
0.00179374
0.00179263
0.00179141
0.00179012
0.00178882
0.00178755
0.00178636
0.0017853
0.0017844
0.00178371
0.00178324
0.00178301
0.00178305
0.00178334
0.00178389
0.00178466
0.00178563
0.00178677
0.00178803
0.00178935
0.00179069
0.00179199
0.0017932
0.00179427
0.00179516
0.00179584
0.00179628
0.0015023
0.00150229
0.00150184
0.00150095
0.00149968
0.00149806
0.00149617
0.00149408
0.00149187
0.00148962
0.00148743
0.00148537
0.00148352
0.00148194
0.00148071
0.00147986
0.00147942
0.00147942
0.00147984
0.00148069
0.00148192
0.0014835
0.00148536
0.00148743
0.00148964
0.0014919
0.00149413
0.00149623
0.00149812
0.00149973
0.001501
0.00150187
0.000967836
0.000967869
0.000967431
0.000966541
0.000965237
0.000963574
0.00096162
0.000959455
0.000957164
0.000954837
0.000952562
0.000950424
0.000948501
0.000946864
0.00094557
0.000944666
0.000944184
0.000944142
0.000944542
0.00094537
0.000946599
0.000948185
0.000950071
0.000952188
0.000954458
0.000956795
0.000959109
0.000961308
0.000963306
0.000965021
0.000966382
0.000967334
0.000305378
0.000305431
0.000305226
0.000304774
0.000304095
0.000303218
0.000302183
0.000301032
0.000299812
0.00029857
0.000297356
0.000296212
0.000295181
0.000294298
0.000293592
0.000293089
0.000292805
0.00029275
0.000292926
0.000293327
0.000293942
0.00029475
0.000295723
0.000296828
0.000298024
0.000299269
0.000300512
0.000301706
0.000302802
0.000303754
0.000304521
0.00030507
0.0017938
0.00179268
0.00179145
0.00179016
0.00178886
0.00178761
0.00178644
0.0017854
0.00178454
0.00178387
0.00178342
0.00178321
0.00178325
0.00178353
0.00178404
0.00178477
0.00178568
0.00178676
0.00178795
0.00178922
0.00179051
0.00179179
0.00179299
0.00179408
0.00179499
0.00179571
0.00179619
0.00179642
0.00179638
0.00179608
0.00179554
0.00179477
0.00149797
0.00149613
0.00149409
0.00149194
0.00148975
0.0014876
0.00148559
0.00148379
0.00148225
0.00148105
0.00148022
0.00147978
0.00147977
0.00148016
0.00148096
0.00148213
0.00148364
0.00148541
0.0014874
0.00148953
0.00149172
0.00149387
0.00149592
0.00149778
0.00149937
0.00150063
0.00150151
0.00150198
0.001502
0.00150159
0.00150075
0.00149953
0.000963412
0.000961526
0.00095943
0.000957208
0.000954947
0.000952735
0.000950656
0.000948787
0.000947195
0.000945937
0.000945056
0.000944582
0.000944531
0.000944903
0.000945687
0.000946855
0.000948367
0.000950168
0.000952196
0.000954376
0.000956627
0.000958863
0.000960996
0.000962942
0.00096462
0.000965963
0.000966912
0.000967429
0.00096749
0.000967093
0.000966254
0.00096501
0.000303091
0.000302093
0.000300981
0.000299801
0.0002986
0.000297424
0.000296318
0.000295322
0.00029447
0.000293791
0.000293308
0.000293035
0.000292982
0.000293149
0.000293532
0.000294118
0.000294888
0.000295817
0.000296873
0.000298018
0.000299211
0.000300407
0.000301558
0.000302617
0.000303541
0.000304289
0.000304829
0.000305137
0.000305198
0.00030501
0.000304582
0.000303933
0.00178882
0.00178677
0.00178484
0.00178309
0.00178161
0.00178045
0.00177964
0.00177922
0.0017792
0.00177958
0.00178034
0.00178145
0.00178287
0.00178455
0.00178643
0.00178842
0.00179047
0.00179248
0.0017944
0.00179614
0.00179763
0.00179883
0.00179969
0.00180015
0.00180022
0.00179987
0.00179913
0.00179801
0.00179657
0.00179486
0.00179295
0.00179091
0.00148958
0.00148615
0.00148291
0.00147998
0.00147748
0.00147549
0.00147408
0.00147331
0.00147319
0.00147374
0.00147493
0.00147672
0.00147904
0.00148181
0.00148493
0.00148828
0.00149174
0.00149518
0.00149846
0.00150147
0.00150406
0.00150616
0.00150765
0.00150849
0.00150864
0.00150808
0.00150685
0.00150499
0.00150257
0.0014997
0.00149649
0.00149308
0.00095475
0.000951222
0.000947898
0.000944902
0.000942339
0.0009403
0.000938853
0.000938045
0.000937904
0.000938431
0.000939609
0.000941397
0.000943734
0.00094654
0.000949717
0.000953151
0.000956716
0.000960279
0.0009637
0.000966844
0.00096958
0.000971794
0.00097339
0.000974297
0.000974474
0.000973913
0.000972637
0.000970702
0.00096819
0.00096521
0.000961885
0.000958351
0.000298478
0.00029661
0.000294858
0.000293283
0.000291939
0.000290869
0.000290105
0.000289671
0.000289579
0.000289831
0.000290419
0.000291324
0.00029252
0.000293968
0.000295621
0.000297423
0.00029931
0.000301213
0.000303056
0.000304765
0.000306265
0.000307489
0.000308382
0.000308901
0.000309019
0.000308733
0.000308054
0.000307014
0.000305663
0.000304061
0.000302279
0.000300392
0.00178285
0.00178042
0.00177835
0.0017767
0.00177555
0.00177494
0.00177489
0.0017754
0.00177645
0.001778
0.00177999
0.00178234
0.00178496
0.00178776
0.00179063
0.00179345
0.00179613
0.00179855
0.00180063
0.00180228
0.00180344
0.00180408
0.00180415
0.00180366
0.00180262
0.00180107
0.00179908
0.00179672
0.00179408
0.00179126
0.00178838
0.00178554
0.00147949
0.00147549
0.00147208
0.00146938
0.0014675
0.00146649
0.00146639
0.0014672
0.00146889
0.0014714
0.00147466
0.00147853
0.00148288
0.00148754
0.00149236
0.00149714
0.00150169
0.00150584
0.00150942
0.00151227
0.00151429
0.00151539
0.00151551
0.00151465
0.00151286
0.00151019
0.00150677
0.00150274
0.00149826
0.0014935
0.00148867
0.00148394
0.000944389
0.000940337
0.000936898
0.000934189
0.000932297
0.000931281
0.000931174
0.000931979
0.000933669
0.000936191
0.000939463
0.000943377
0.000947798
0.000952572
0.000957523
0.000962465
0.000967203
0.000971543
0.000975303
0.000978318
0.000980455
0.000981615
0.000981746
0.00098084
0.000978939
0.000976129
0.000972536
0.000968316
0.000963651
0.000958732
0.000953757
0.000948916
0.000292991
0.000290903
0.000289144
0.000287765
0.000286806
0.000286294
0.00028624
0.000286648
0.000287505
0.000288788
0.000290462
0.000292476
0.000294769
0.000297265
0.000299877
0.000302506
0.000305049
0.000307398
0.000309446
0.000311099
0.000312274
0.000312914
0.000312984
0.000312481
0.000311431
0.000309887
0.000307925
0.000305637
0.000303128
0.000300506
0.000297877
0.000295342
0.00177803
0.0017757
0.0017739
0.00177268
0.0017721
0.00177218
0.00177292
0.00177429
0.00177623
0.00177869
0.00178155
0.00178472
0.00178806
0.00179146
0.00179478
0.00179789
0.00180067
0.00180301
0.00180482
0.00180604
0.0018066
0.00180651
0.00180575
0.00180436
0.00180239
0.00179992
0.00179705
0.00179389
0.00179055
0.00178717
0.00178387
0.00178079
0.00147131
0.00146756
0.00146468
0.00146278
0.00146192
0.00146214
0.00146342
0.00146572
0.00146896
0.00147304
0.0014778
0.00148308
0.00148868
0.00149439
0.0015
0.00150527
0.00150999
0.00151398
0.00151706
0.00151911
0.00152003
0.00151979
0.00151839
0.0015159
0.00151243
0.00150811
0.00150314
0.00149772
0.00149205
0.00148637
0.00148089
0.0014758
0.000936027
0.000932291
0.000929449
0.00092759
0.000926772
0.00092702
0.000928327
0.000930655
0.000933933
0.000938058
0.000942895
0.000948281
0.000954026
0.000959917
0.000965726
0.000971219
0.000976166
0.00098035
0.000983584
0.00098572
0.000986658
0.000986353
0.000984821
0.000982136
0.000978422
0.000973849
0.00096862
0.000962957
0.000957094
0.00095126
0.000945674
0.000940538
0.000288577
0.000286709
0.000285308
0.00028441
0.000284036
0.000284198
0.000284891
0.000286099
0.000287792
0.000289924
0.000292434
0.000295246
0.000298267
0.000301388
0.00030449
0.000307444
0.000310118
0.000312387
0.000314138
0.000315282
0.000315757
0.000315539
0.000314639
0.000313106
0.000311021
0.000308487
0.000305628
0.000302573
0.000299451
0.000296386
0.000293489
0.000290859
0.00177704
0.00177498
0.00177345
0.00177253
0.00177224
0.00177261
0.00177362
0.00177524
0.0017774
0.00178002
0.001783
0.00178624
0.00178959
0.00179294
0.00179614
0.00179909
0.00180165
0.00180374
0.00180526
0.00180616
0.00180641
0.001806
0.00180494
0.00180329
0.0018011
0.00179847
0.00179549
0.00179228
0.00178896
0.00178565
0.00178248
0.00177958
0.00146966
0.00146635
0.00146396
0.00146257
0.00146222
0.00146294
0.00146469
0.00146743
0.00147104
0.00147542
0.0014804
0.0014858
0.00149142
0.00149705
0.00150245
0.00150743
0.00151177
0.0015153
0.00151786
0.00151935
0.00151971
0.00151891
0.001517
0.00151405
0.0015102
0.00150561
0.00150046
0.00149496
0.00148933
0.00148378
0.00147853
0.00147377
0.000934353
0.000931076
0.00092873
0.000927388
0.000927092
0.000927852
0.000929647
0.000932422
0.000936092
0.000940538
0.000945613
0.000951141
0.000956921
0.000962734
0.000968352
0.000973543
0.000978084
0.000981777
0.000984453
0.000985989
0.000986314
0.000985413
0.00098333
0.000980162
0.000976056
0.000971195
0.000965791
0.00096007
0.00095426
0.000948587
0.000943257
0.000938458
0.000287712
0.00028609
0.00028495
0.00028432
0.000284217
0.000284644
0.000285591
0.000287035
0.000288937
0.000291245
0.00029389
0.000296788
0.000299838
0.000302927
0.000305932
0.000308723
0.000311174
0.000313166
0.000314599
0.000315399
0.000315524
0.000314967
0.000313758
0.000311961
0.000309667
0.00030699
0.000304054
0.000300987
0.000297915
0.000294955
0.000292211
0.000289772
0.00178055
0.00177882
0.00177748
0.00177661
0.00177623
0.00177635
0.00177698
0.00177809
0.00177965
0.0017816
0.00178385
0.00178632
0.00178892
0.00179154
0.00179407
0.00179643
0.00179851
0.00180025
0.00180156
0.0018024
0.00180274
0.00180257
0.0018019
0.00180076
0.00179919
0.00179725
0.00179503
0.00179259
0.00179003
0.00178745
0.00178495
0.00178262
0.00147593
0.00147316
0.00147106
0.00146971
0.00146914
0.00146938
0.00147043
0.00147225
0.00147477
0.0014779
0.00148153
0.00148553
0.00148974
0.00149401
0.00149816
0.00150204
0.0015055
0.00150838
0.00151058
0.00151201
0.0015126
0.00151233
0.00151121
0.00150929
0.00150665
0.0015034
0.00149967
0.00149561
0.00149138
0.00148713
0.00148305
0.00147926
0.000940924
0.00093817
0.00093609
0.000934753
0.000934204
0.00093446
0.000935513
0.000937331
0.000939852
0.000942991
0.000946642
0.000950673
0.000954938
0.000959278
0.000963523
0.000967505
0.000971061
0.000974041
0.000976318
0.000977793
0.000978399
0.000978111
0.00097694
0.00097494
0.000972197
0.000968831
0.000964984
0.000960816
0.000956494
0.000952187
0.000948058
0.000944259
0.000291365
0.000289994
0.000288965
0.00028831
0.000288046
0.000288182
0.000288715
0.000289628
0.000290895
0.000292478
0.000294326
0.000296378
0.000298562
0.000300799
0.000303
0.000305078
0.000306943
0.000308512
0.000309713
0.00031049
0.000310803
0.000310639
0.000310005
0.000308931
0.00030747
0.000305689
0.000303669
0.000301497
0.000299263
0.000297054
0.000294954
0.000293036
0.00178452
0.00178308
0.00178189
0.00178099
0.00178043
0.00178022
0.00178038
0.0017809
0.00178177
0.00178296
0.0017844
0.00178606
0.00178785
0.00178971
0.00179157
0.00179335
0.00179498
0.00179641
0.00179757
0.00179842
0.00179894
0.00179911
0.00179891
0.00179837
0.0017975
0.00179634
0.00179493
0.00179332
0.00179158
0.00178975
0.00178792
0.00178616
0.00148316
0.00148088
0.00147897
0.00147752
0.00147657
0.00147617
0.00147632
0.00147702
0.00147825
0.00147996
0.00148209
0.00148455
0.00148725
0.0014901
0.00149298
0.00149577
0.00149839
0.00150071
0.00150266
0.00150414
0.00150512
0.00150553
0.00150538
0.00150465
0.0015034
0.00150165
0.00149949
0.00149699
0.00149426
0.0014914
0.00148853
0.00148575
0.000948597
0.000946313
0.000944401
0.00094293
0.000941952
0.000941502
0.000941594
0.000942226
0.000943374
0.000944997
0.000947037
0.00094942
0.000952059
0.000954855
0.000957704
0.000960496
0.000963123
0.000965482
0.000967478
0.000969029
0.000970071
0.00097056
0.000970475
0.000969818
0.000968616
0.000966918
0.000964794
0.000962331
0.000959629
0.000956794
0.000953938
0.000951171
0.000295705
0.000294562
0.000293595
0.000292835
0.000292309
0.000292033
0.000292017
0.000292259
0.000292753
0.000293481
0.000294419
0.000295534
0.000296787
0.000298133
0.000299523
0.000300904
0.000302222
0.000303426
0.000304464
0.000305294
0.000305879
0.000306192
0.00030622
0.000305961
0.000305425
0.000304636
0.000303627
0.000302443
0.000301131
0.000299747
0.000298346
0.000296981
0.00178403
0.00178273
0.00178169
0.00178096
0.00178056
0.00178052
0.00178084
0.0017815
0.0017825
0.00178378
0.0017853
0.00178699
0.00178879
0.00179062
0.00179242
0.00179411
0.00179563
0.00179692
0.00179793
0.00179861
0.00179896
0.00179895
0.0017986
0.00179791
0.00179691
0.00179566
0.00179418
0.00179253
0.00179078
0.00178899
0.00178722
0.00178555
0.00148229
0.00148025
0.00147862
0.00147745
0.0014768
0.00147668
0.00147709
0.00147803
0.00147946
0.00148133
0.00148356
0.00148607
0.00148877
0.00149156
0.00149432
0.00149695
0.00149935
0.00150142
0.00150308
0.00150427
0.00150494
0.00150506
0.00150463
0.00150367
0.00150221
0.00150031
0.00149804
0.00149551
0.00149279
0.00149001
0.00148726
0.00148465
0.000947685
0.000945664
0.000944037
0.000942863
0.000942183
0.000942022
0.000942384
0.000943256
0.000944608
0.000946391
0.000948539
0.000950974
0.000953606
0.000956335
0.000959058
0.00096167
0.000964069
0.000966159
0.000967857
0.000969093
0.000969817
0.000969997
0.000969625
0.000968717
0.000967308
0.000965456
0.000963237
0.00096074
0.000958065
0.000955317
0.000952603
0.000950027
0.000295213
0.000294215
0.000293402
0.000292803
0.000292436
0.000292315
0.000292443
0.000292814
0.000293418
0.000294232
0.000295229
0.000296373
0.000297623
0.000298935
0.000300258
0.000301541
0.000302735
0.00030379
0.000304664
0.000305318
0.000305725
0.000305866
0.000305735
0.000305336
0.000304687
0.000303816
0.000302758
0.000301559
0.000300268
0.000298937
0.000297618
0.000296361
0.00177935
0.00177796
0.00177701
0.00177653
0.00177655
0.00177707
0.00177807
0.00177952
0.00178137
0.00178354
0.00178596
0.00178852
0.00179113
0.00179367
0.00179606
0.00179819
0.00179999
0.00180137
0.0018023
0.00180273
0.00180265
0.00180206
0.001801
0.0017995
0.00179764
0.00179548
0.0017931
0.00179059
0.00178804
0.00178556
0.00178322
0.00178113
0.00147409
0.00147195
0.00147052
0.00146986
0.00146998
0.00147089
0.00147255
0.0014749
0.00147786
0.00148133
0.00148517
0.00148924
0.00149338
0.00149744
0.00150125
0.00150466
0.00150753
0.00150976
0.00151124
0.00151192
0.00151177
0.0015108
0.00150905
0.00150659
0.00150352
0.00149996
0.00149607
0.00149198
0.00148787
0.00148388
0.00148016
0.00147686
0.000939154
0.000937066
0.000935686
0.00093506
0.00093521
0.000936133
0.000937798
0.000940151
0.000943111
0.000946577
0.000950424
0.000954511
0.000958684
0.000962782
0.00096664
0.000970102
0.000973024
0.000975282
0.000976778
0.00097745
0.000977268
0.000976241
0.000974414
0.000971868
0.000968711
0.000965077
0.000961113
0.00095698
0.000952838
0.000948845
0.000945148
0.000941879
0.000290529
0.000289525
0.000288875
0.000288598
0.000288702
0.000289185
0.000290033
0.00029122
0.000292711
0.000294458
0.000296401
0.000298472
0.000300594
0.000302685
0.000304659
0.000306434
0.000307931
0.000309082
0.000309834
0.000310152
0.00031002
0.000309447
0.000308458
0.000307101
0.000305439
0.000303545
0.0003015
0.000299389
0.000297294
0.000295294
0.00029346
0.000291854
0.00177465
0.0017728
0.00177157
0.00177101
0.00177113
0.00177194
0.00177342
0.0017755
0.00177813
0.00178119
0.00178458
0.00178815
0.00179177
0.0017953
0.00179859
0.00180152
0.00180396
0.00180583
0.00180704
0.00180756
0.00180736
0.00180646
0.00180489
0.00180272
0.00180005
0.00179697
0.00179362
0.0017901
0.00178655
0.00178311
0.0017799
0.00177705
0.00146648
0.00146361
0.00146174
0.00146095
0.00146126
0.00146267
0.00146513
0.00146856
0.00147283
0.0014778
0.0014833
0.0014891
0.001495
0.00150076
0.00150616
0.00151097
0.001515
0.00151807
0.00152007
0.0015209
0.00152053
0.00151897
0.0015163
0.00151263
0.00150812
0.00150295
0.00149733
0.00149149
0.00148565
0.00148003
0.00147484
0.00147028
0.000931567
0.000928753
0.000926948
0.000926208
0.000926556
0.000927986
0.000930453
0.000933883
0.000938167
0.000943166
0.000948707
0.000954593
0.000960605
0.000966507
0.000972061
0.000977033
0.000981206
0.000984393
0.00098645
0.000987281
0.00098685
0.000985176
0.000982341
0.000978475
0.000973752
0.000968382
0.00096259
0.000956613
0.000950684
0.000945025
0.000939838
0.000935302
0.000286613
0.000285252
0.000284397
0.000284069
0.000284279
0.000285021
0.000286277
0.000288015
0.000290189
0.000292735
0.000295574
0.000298611
0.000301736
0.000304827
0.000307755
0.00031039
0.000312607
0.000314297
0.000315374
0.000315782
0.0003155
0.000314542
0.000312961
0.000310837
0.000308278
0.000305403
0.000302343
0.000299227
0.000296174
0.000293298
0.000290694
0.000288444
0.00177183
0.00176927
0.00176745
0.00176644
0.00176627
0.00176696
0.00176848
0.00177077
0.00177377
0.00177737
0.00178142
0.00178576
0.00179024
0.00179466
0.00179887
0.00180269
0.00180596
0.00180857
0.00181039
0.00181138
0.00181148
0.00181069
0.00180906
0.00180665
0.00180356
0.00179992
0.00179588
0.00179157
0.00178717
0.00178284
0.00177874
0.00177502
0.00146258
0.0014585
0.00145562
0.00145403
0.00145379
0.0014549
0.00145734
0.00146102
0.00146581
0.00147157
0.00147807
0.0014851
0.00149239
0.00149965
0.00150661
0.00151298
0.0015185
0.00152293
0.00152609
0.00152783
0.00152807
0.00152682
0.00152412
0.00152009
0.00151491
0.00150881
0.00150203
0.00149485
0.00148756
0.00148043
0.00147374
0.00146772
0.000928
0.000923974
0.000921141
0.000919583
0.000919345
0.000920434
0.00092282
0.000926435
0.000931173
0.000936887
0.000943396
0.000950477
0.000957879
0.000965323
0.000972513
0.000979148
0.000984938
0.000989621
0.000992974
0.000994837
0.000995118
0.000993803
0.000990957
0.000986718
0.000981288
0.000974918
0.000967891
0.000960505
0.00095306
0.000945842
0.000939111
0.000933098
0.000285032
0.000283042
0.000281649
0.000280883
0.000280761
0.000281287
0.000282449
0.000284221
0.000286562
0.000289413
0.000292694
0.000296308
0.000300134
0.000304033
0.000307847
0.000311412
0.000314559
0.00031713
0.000318987
0.000320029
0.000320195
0.000319476
0.000317912
0.000315592
0.000312641
0.000309211
0.000305468
0.000301582
0.000297712
0.000294005
0.000290589
0.000287569
0.00176977
0.00176673
0.0017645
0.00176317
0.0017628
0.0017634
0.00176495
0.0017674
0.00177066
0.00177462
0.00177914
0.00178403
0.0017891
0.00179416
0.00179901
0.00180346
0.00180732
0.00181044
0.00181271
0.00181402
0.00181433
0.00181363
0.00181195
0.00180936
0.00180598
0.00180194
0.0017974
0.00179254
0.00178754
0.00178258
0.00177785
0.00177353
0.00145988
0.00145498
0.00145141
0.00144928
0.00144866
0.00144957
0.00145199
0.00145583
0.00146097
0.00146724
0.00147443
0.00148228
0.00149051
0.0014988
0.00150682
0.00151427
0.00152081
0.00152619
0.00153015
0.00153253
0.00153322
0.00153218
0.00152947
0.00152521
0.00151958
0.00151283
0.00150525
0.00149715
0.00148886
0.00148069
0.00147296
0.00146594
0.000925632
0.00092079
0.000917266
0.000915159
0.000914524
0.000915379
0.000917702
0.000921428
0.000926452
0.000932629
0.000939766
0.000947632
0.000955954
0.000964425
0.000972715
0.000980479
0.000987377
0.000993093
0.000997354
0.000999947
0.00100074
0.000999696
0.000996863
0.000992383
0.000986477
0.000979427
0.000971556
0.000963207
0.000954727
0.000946445
0.000938664
0.000931651
0.000284051
0.00028165
0.000279904
0.000278851
0.000278512
0.000278892
0.000279984
0.000281766
0.000284201
0.000287232
0.000290784
0.000294756
0.000299024
0.000303441
0.000307834
0.000312015
0.000315789
0.000318962
0.000321363
0.000322854
0.000323347
0.000322811
0.000321277
0.000318837
0.000315629
0.000311827
0.000307625
0.00030322
0.000298801
0.000294539
0.000290582
0.000287053
0.00176717
0.00176405
0.00176183
0.00176061
0.00176043
0.00176129
0.00176317
0.00176601
0.0017697
0.00177412
0.00177911
0.00178447
0.00178998
0.00179545
0.00180064
0.00180535
0.0018094
0.00181261
0.00181487
0.00181607
0.00181618
0.00181519
0.00181314
0.00181014
0.0018063
0.00180178
0.00179676
0.00179144
0.00178601
0.00178067
0.00177563
0.00177108
0.00145576
0.00145082
0.00144735
0.00144545
0.0014452
0.00144659
0.00144959
0.0014541
0.00145997
0.00146703
0.00147501
0.00148365
0.00149261
0.00150157
0.00151017
0.00151804
0.00152487
0.00153036
0.00153425
0.00153638
0.00153665
0.00153504
0.00153164
0.00152659
0.00152013
0.00151254
0.00150413
0.00149526
0.00148628
0.00147754
0.00146935
0.00146201
0.000921619
0.000916784
0.0009134
0.000911558
0.000911306
0.000912653
0.000915564
0.000919962
0.000925728
0.000932693
0.000940645
0.000949325
0.000958428
0.000967612
0.000976512
0.000984749
0.000991952
0.000997781
0.00100195
0.00100424
0.00100455
0.00100285
0.000999228
0.000993875
0.000987055
0.000979097
0.000970364
0.000961234
0.00095208
0.000943249
0.000935054
0.000927769
0.000282027
0.000279673
0.000278037
0.000277148
0.000277025
0.000277669
0.00027907
0.000281202
0.000284021
0.000287465
0.000291447
0.000295855
0.00030055
0.000305362
0.000310098
0.000314548
0.000318491
0.00032172
0.00032405
0.000325343
0.000325518
0.000324566
0.000322546
0.000319578
0.000315835
0.000311521
0.000306853
0.000302047
0.000297301
0.000292792
0.000288667
0.000285048
0.0017654
0.00176232
0.0017602
0.00175913
0.00175914
0.00176023
0.00176238
0.00176551
0.00176951
0.00177424
0.00177953
0.00178517
0.00179094
0.00179662
0.00180197
0.00180678
0.00181086
0.00181405
0.0018162
0.00181725
0.00181714
0.00181589
0.00181355
0.00181023
0.00180606
0.00180122
0.0017959
0.00179031
0.00178465
0.00177913
0.00177396
0.00176932
0.00145273
0.00144791
0.00144466
0.00144308
0.00144321
0.00144506
0.00144857
0.00145362
0.00146007
0.0014677
0.00147625
0.00148541
0.00149484
0.00150419
0.00151307
0.00152112
0.00152799
0.00153338
0.00153704
0.00153882
0.00153863
0.00153648
0.00153247
0.00152678
0.00151968
0.00151148
0.00150251
0.00149316
0.00148379
0.00147475
0.00146637
0.00145895
0.000918561
0.000913892
0.000910764
0.000909261
0.000909422
0.000911245
0.000914687
0.000919658
0.000926024
0.000933603
0.000942161
0.000951415
0.000961039
0.000970664
0.000979898
0.000988338
0.000995595
0.00100132
0.00100522
0.0010071
0.00100686
0.00100451
0.00100018
0.000994095
0.000986557
0.000977928
0.0009686
0.000958972
0.000949428
0.000940324
0.000931974
0.000924647
0.00028039
0.000278153
0.000276676
0.000275986
0.000276095
0.000277003
0.000278695
0.000281141
0.000284294
0.000288083
0.000292413
0.000297159
0.000302168
0.000307252
0.000312201
0.000316783
0.000320766
0.00032393
0.000326088
0.000327108
0.000326925
0.000325552
0.000323076
0.000319647
0.000315465
0.000310757
0.000305755
0.000300685
0.000295749
0.000291122
0.000286949
0.000283343
0.00176663
0.00176349
0.00176127
0.00176005
0.00175988
0.00176078
0.00176271
0.0017656
0.00176937
0.00177387
0.00177894
0.00178439
0.00179
0.00179555
0.00180083
0.00180561
0.0018097
0.00181295
0.00181521
0.0018164
0.00181648
0.00181543
0.00181333
0.00181024
0.00180631
0.0018017
0.0017966
0.00179119
0.00178568
0.00178028
0.00177518
0.00177057
0.00145474
0.00144981
0.00144638
0.00144455
0.00144439
0.0014459
0.00144904
0.00145371
0.00145977
0.001467
0.00147517
0.00148399
0.00149314
0.00150225
0.00151097
0.00151894
0.00152582
0.00153132
0.00153517
0.00153722
0.00153737
0.00153561
0.00153203
0.00152678
0.00152012
0.00151232
0.00150372
0.00149468
0.00148555
0.00147669
0.00146841
0.00146101
0.000920586
0.000915784
0.000912464
0.000910716
0.000910586
0.000912078
0.000915156
0.00091974
0.000925706
0.000932881
0.000941046
0.000949933
0.000959229
0.000968586
0.000977625
0.00098596
0.000993212
0.000999036
0.00100314
0.00100532
0.00100546
0.00100356
0.000999703
0.000994104
0.000987038
0.000978844
0.000969897
0.000960581
0.000951275
0.00094233
0.00093406
0.000926737
0.000281433
0.000279119
0.000277537
0.000276718
0.000276678
0.000277417
0.000278923
0.000281169
0.000284111
0.000287682
0.000291794
0.00029633
0.000301143
0.00030606
0.00031088
0.000315384
0.000319348
0.00032256
0.000324833
0.000326031
0.000326081
0.000324978
0.000322791
0.000319654
0.000315748
0.000311285
0.00030649
0.000301581
0.00029676
0.000292202
0.000288054
0.000284434
0.00177006
0.00176683
0.00176441
0.00176288
0.00176231
0.00176272
0.0017641
0.0017664
0.00176956
0.00177344
0.00177792
0.00178282
0.00178794
0.0017931
0.00179807
0.00180268
0.00180672
0.00181004
0.0018125
0.00181401
0.00181451
0.00181398
0.00181245
0.00180999
0.0018067
0.00180272
0.00179821
0.00179334
0.00178829
0.00178326
0.00177843
0.00177397
0.00146042
0.00145529
0.00145146
0.00144907
0.0014482
0.00144887
0.00145106
0.00145471
0.00145969
0.00146585
0.00147297
0.0014808
0.00148905
0.00149742
0.00150559
0.00151321
0.00151998
0.0015256
0.00152984
0.0015325
0.00153346
0.00153269
0.00153021
0.00152614
0.00152067
0.00151402
0.00150649
0.00149839
0.00149005
0.00148178
0.0014739
0.0014667
0.0009263
0.000921248
0.000917502
0.000915168
0.000914308
0.000914948
0.000917069
0.000920615
0.000925487
0.000931543
0.000938597
0.000946421
0.000954746
0.000963268
0.000971656
0.000979565
0.00098665
0.000992588
0.000997096
0.000999953
0.00100101
0.00100023
0.000997627
0.000993347
0.000987599
0.000980657
0.000972842
0.000964499
0.000955973
0.0009476
0.000939688
0.00093251
0.000284425
0.000281945
0.000280115
0.000278975
0.000278547
0.000278839
0.000279847
0.000281549
0.000283911
0.000286878
0.000290376
0.000294308
0.000298552
0.000302961
0.000307368
0.000311585
0.000315416
0.000318669
0.000321168
0.000322772
0.000323385
0.000322971
0.000321554
0.000319217
0.000316094
0.000312356
0.000308193
0.000303803
0.000299377
0.000295087
0.000291085
0.000287497
0.0017731
0.00176994
0.00176748
0.00176582
0.00176501
0.00176509
0.00176606
0.0017679
0.00177053
0.00177387
0.00177779
0.00178214
0.00178676
0.00179145
0.00179604
0.00180035
0.00180419
0.00180742
0.00180991
0.00181157
0.00181232
0.00181214
0.00181104
0.00180907
0.00180633
0.00180291
0.00179896
0.00179464
0.00179009
0.00178549
0.00178102
0.00177684
0.00146534
0.00146029
0.00145637
0.00145372
0.00145243
0.00145253
0.00145403
0.00145688
0.00146099
0.00146621
0.00147238
0.00147926
0.00148662
0.00149418
0.00150164
0.00150871
0.0015151
0.00152056
0.00152483
0.00152774
0.00152917
0.00152904
0.00152736
0.00152421
0.00151973
0.00151411
0.00150759
0.00150044
0.00149295
0.00148542
0.00147814
0.00147136
0.00093121
0.000926206
0.000922339
0.000919722
0.00091843
0.0009185
0.000919931
0.00092268
0.00092667
0.000931781
0.000937855
0.000944694
0.000952065
0.000959702
0.000967315
0.000974599
0.000981247
0.000986967
0.000991496
0.000994618
0.000996181
0.000996108
0.0009944
0.00099114
0.000986486
0.000980659
0.000973925
0.000966583
0.000958942
0.000951308
0.000943972
0.000937196
0.000286957
0.000284476
0.000282563
0.000281263
0.000280605
0.000280604
0.000281258
0.000282555
0.000284463
0.000286939
0.000289917
0.000293315
0.000297029
0.000300933
0.000304883
0.000308719
0.000312272
0.000315373
0.000317864
0.000319612
0.000320517
0.000320529
0.000319645
0.000317914
0.000315435
0.000312339
0.000308784
0.000304942
0.000300984
0.00029707
0.000293348
0.000289942
0.00177428
0.00177138
0.00176913
0.00176762
0.0017669
0.00176702
0.00176795
0.00176969
0.00177217
0.00177529
0.00177895
0.001783
0.00178729
0.00179164
0.00179589
0.00179986
0.00180339
0.00180635
0.00180862
0.00181011
0.00181076
0.00181056
0.0018095
0.00180765
0.00180508
0.00180189
0.00179822
0.0017942
0.00178998
0.00178573
0.00178159
0.00177773
0.0014671
0.0014625
0.00145896
0.0014566
0.00145549
0.00145567
0.00145714
0.00145986
0.00146372
0.00146861
0.00147434
0.00148072
0.00148751
0.00149446
0.00150129
0.00150774
0.00151355
0.00151847
0.0015223
0.00152487
0.00152607
0.00152585
0.00152421
0.00152124
0.00151706
0.00151185
0.00150583
0.00149925
0.00149237
0.00148546
0.00147879
0.00147259
0.00093289
0.000928358
0.000924877
0.000922553
0.000921456
0.000921619
0.000923037
0.000925668
0.000929436
0.000934222
0.000939876
0.000946209
0.000953
0.000960001
0.000966945
0.000973552
0.000979545
0.000984662
0.000988673
0.000991389
0.000992683
0.00099249
0.000990821
0.000987754
0.000983434
0.000978063
0.00097188
0.000965155
0.000958169
0.000951197
0.000944505
0.000938332
0.000287769
0.000285541
0.000283836
0.000282697
0.000282152
0.000282212
0.000282876
0.00028413
0.000285943
0.000288269
0.000291044
0.000294186
0.000297595
0.000301154
0.000304728
0.000308172
0.000311333
0.000314064
0.000316228
0.000317712
0.000318436
0.000318359
0.000317485
0.000315861
0.000313575
0.000310746
0.000307514
0.000304029
0.000300443
0.000296902
0.000293536
0.000290459
0.00177356
0.00177082
0.00176876
0.00176744
0.00176694
0.00176726
0.0017684
0.00177032
0.00177296
0.00177622
0.00177998
0.0017841
0.0017884
0.00179273
0.00179691
0.00180077
0.00180417
0.00180696
0.00180903
0.00181031
0.00181075
0.00181033
0.00180907
0.00180703
0.00180431
0.00180099
0.00179723
0.00179316
0.00178893
0.0017847
0.00178063
0.00177687
0.00146585
0.0014616
0.00145844
0.00145647
0.00145576
0.00145633
0.00145817
0.00146122
0.00146538
0.0014705
0.0014764
0.00148287
0.00148967
0.00149654
0.00150322
0.00150943
0.00151493
0.00151948
0.00152289
0.00152501
0.00152576
0.00152511
0.00152307
0.00151975
0.00151528
0.00150986
0.00150371
0.00149709
0.00149025
0.00148346
0.00147698
0.00147104
0.000931618
0.000927473
0.000924402
0.000922501
0.000921827
0.0009224
0.000924206
0.000927192
0.000931267
0.000936303
0.000942138
0.000948572
0.000955376
0.000962298
0.000969065
0.000975402
0.000981039
0.000985728
0.000989256
0.000991458
0.000992231
0.000991538
0.000989414
0.000985959
0.000981336
0.000975755
0.000969464
0.00096273
0.000955827
0.000949025
0.000942576
0.000936707
0.000287092
0.000285097
0.000283633
0.000282735
0.000282427
0.000282717
0.000283598
0.000285049
0.000287035
0.000289503
0.000292382
0.000295585
0.000299003
0.000302516
0.000305984
0.000309262
0.000312202
0.000314664
0.000316522
0.00031768
0.000318075
0.000317685
0.000316533
0.00031468
0.000312224
0.00030929
0.00030602
0.000302559
0.000299055
0.000295642
0.000292444
0.000289564
0.00177117
0.00176812
0.00176584
0.00176442
0.0017639
0.00176432
0.00176565
0.00176786
0.00177088
0.00177458
0.00177883
0.00178347
0.00178832
0.00179318
0.00179787
0.0018022
0.00180599
0.0018091
0.0018114
0.0018128
0.00181325
0.00181273
0.00181127
0.00180894
0.00180583
0.00180207
0.0017978
0.00179319
0.00178842
0.00178366
0.00177908
0.00177487
0.00146212
0.00145742
0.00145395
0.00145182
0.00145112
0.00145187
0.00145404
0.00145756
0.00146232
0.00146816
0.00147488
0.00148223
0.00148994
0.00149772
0.00150527
0.00151228
0.00151846
0.00152356
0.00152734
0.00152966
0.0015304
0.00152954
0.00152711
0.00152323
0.00151806
0.00151183
0.00150481
0.00149727
0.00148951
0.00148185
0.00147456
0.0014679
0.00092798
0.000923406
0.000920054
0.000918023
0.000917373
0.000918123
0.000920254
0.000923708
0.000928382
0.000934136
0.000940786
0.000948111
0.000955853
0.000963722
0.000971411
0.000978601
0.00098498
0.000990261
0.000994197
0.0009966
0.000997353
0.00099642
0.000993849
0.000989766
0.000984368
0.000977907
0.000970674
0.000962979
0.000955136
0.000947448
0.000940198
0.000933637
0.000285259
0.000283068
0.000281481
0.000280534
0.00028025
0.000280634
0.000281681
0.000283368
0.000285655
0.000288485
0.000291783
0.00029545
0.000299367
0.000303393
0.000307371
0.000311129
0.000314493
0.000317296
0.00031939
0.00032066
0.000321034
0.000320491
0.000319063
0.00031683
0.000313917
0.000310475
0.000306674
0.000302687
0.000298683
0.000294813
0.000291214
0.000287998
0.00176779
0.00176395
0.00176101
0.00175909
0.00175825
0.00175853
0.00175992
0.00176238
0.00176582
0.00177012
0.00177511
0.00178061
0.00178641
0.00179228
0.00179798
0.00180331
0.00180804
0.00181198
0.00181499
0.00181693
0.00181773
0.00181737
0.00181585
0.00181326
0.00180969
0.00180529
0.00180024
0.00179473
0.00178897
0.00178319
0.0017776
0.0017724
0.00145704
0.001451
0.00144642
0.00144346
0.0014422
0.0014427
0.00144492
0.00144882
0.00145425
0.00146106
0.001469
0.00147781
0.00148717
0.00149673
0.00150612
0.00151496
0.00152289
0.00152957
0.00153469
0.00153803
0.00153944
0.00153885
0.00153629
0.00153188
0.00152582
0.00151838
0.00150989
0.00150071
0.0014912
0.00148173
0.00147267
0.00146434
0.000923085
0.000917189
0.000912752
0.000909896
0.000908695
0.000909182
0.000911345
0.000915129
0.000920434
0.000927114
0.000934972
0.000943765
0.000953198
0.000962934
0.000972598
0.000981791
0.000990111
0.000997171
0.00100263
0.0010062
0.00100771
0.00100707
0.00100433
0.00099961
0.000993171
0.000985329
0.000976454
0.000966947
0.000957208
0.000947622
0.000938541
0.000930274
0.000282807
0.000279948
0.000277817
0.000276456
0.000275891
0.000276131
0.000277174
0.000279
0.000281577
0.000284852
0.000288751
0.000293172
0.000297987
0.000303037
0.000308131
0.000313055
0.000317577
0.000321463
0.000324496
0.000326496
0.000327338
0.000326968
0.000325411
0.000322763
0.000319187
0.000314888
0.000310095
0.000305045
0.000299959
0.000295036
0.000290449
0.000286336
0.00176522
0.0017606
0.001757
0.00175453
0.0017533
0.00175335
0.00175468
0.00175725
0.00176097
0.0017657
0.00177126
0.00177746
0.00178405
0.00179079
0.00179741
0.00180365
0.00180927
0.00181404
0.00181777
0.0018203
0.00182154
0.00182144
0.00182
0.00181729
0.00181342
0.00180854
0.00180286
0.0017966
0.00179
0.00178331
0.00177679
0.00177069
0.00145326
0.00144589
0.00144018
0.0014363
0.00143437
0.00143445
0.00143653
0.00144055
0.0014464
0.00145389
0.00146279
0.00147278
0.00148354
0.00149466
0.00150573
0.0015163
0.00152593
0.0015342
0.00154074
0.00154524
0.0015475
0.0015474
0.00154495
0.00154027
0.00153358
0.00152519
0.00151547
0.00150485
0.00149377
0.00148267
0.00147196
0.00146205
0.000919488
0.000912271
0.000906714
0.000902956
0.000901086
0.000901148
0.000903141
0.000907018
0.000912687
0.000920004
0.000928773
0.000938742
0.000949598
0.000960971
0.000972435
0.000983526
0.000993757
0.00100264
0.00100974
0.00101468
0.00101717
0.0010171
0.00101445
0.00100937
0.00100215
0.000993164
0.00098286
0.000971725
0.000960247
0.000948891
0.000938077
0.000928173
0.000281017
0.000277483
0.000274788
0.000272976
0.000272072
0.000272089
0.000273025
0.00027487
0.000277595
0.000281158
0.000285491
0.000290502
0.000296061
0.000302003
0.000308117
0.000314155
0.000319834
0.000324856
0.00032893
0.000331801
0.000333276
0.000333253
0.000331734
0.000328823
0.000324712
0.000319661
0.000313962
0.000307913
0.000301797
0.000295862
0.000290316
0.000285325
0.00176533
0.00176057
0.00175683
0.00175425
0.00175291
0.00175286
0.00175412
0.00175664
0.00176031
0.00176502
0.00177058
0.0017768
0.00178343
0.00179023
0.00179693
0.00180326
0.00180899
0.00181389
0.00181775
0.00182042
0.0018218
0.00182182
0.00182048
0.00181786
0.00181405
0.0018092
0.00180351
0.00179721
0.00179055
0.00178378
0.00177715
0.00177092
0.00145352
0.00144594
0.00144001
0.00143592
0.00143379
0.0014337
0.00143563
0.00143954
0.0014453
0.00145274
0.00146161
0.00147163
0.00148246
0.00149369
0.0015049
0.00151566
0.0015255
0.00153401
0.0015408
0.00154555
0.00154805
0.00154816
0.0015459
0.00154135
0.00153475
0.00152639
0.00151665
0.00150597
0.00149477
0.00148352
0.00147264
0.00146252
0.000919774
0.000912333
0.000906557
0.000902591
0.000900528
0.000900416
0.000902258
0.00090601
0.000911583
0.000918836
0.000927578
0.00093756
0.000948471
0.000959944
0.000971554
0.000982835
0.000993293
0.00100244
0.00100981
0.00101502
0.00101779
0.00101795
0.0010155
0.00101057
0.00100344
0.000994485
0.000984152
0.000972934
0.000961328
0.000949805
0.000938797
0.000928681
0.000281192
0.000277543
0.000274738
0.000272821
0.00027182
0.000271748
0.000272606
0.000274382
0.000277051
0.00028057
0.000284876
0.000289878
0.00029545
0.000301428
0.000307606
0.000313736
0.000319534
0.000324698
0.000328931
0.000331967
0.000333604
0.000333728
0.000332332
0.00032951
0.000325453
0.000320417
0.000314698
0.000308598
0.000302406
0.000296376
0.000290722
0.000285618
0.00176772
0.00176352
0.00176025
0.00175803
0.00175693
0.00175701
0.00175825
0.00176062
0.00176403
0.00176834
0.00177339
0.00177901
0.00178497
0.00179105
0.001797
0.00180262
0.00180766
0.00181194
0.00181529
0.00181757
0.00181868
0.0018186
0.00181732
0.00181489
0.00181141
0.00180702
0.00180188
0.00179622
0.00179023
0.00178416
0.00177824
0.00177269
0.00145713
0.00145052
0.0014454
0.00144193
0.00144023
0.00144035
0.00144228
0.00144596
0.00145128
0.00145806
0.00146609
0.00147509
0.00148474
0.00149468
0.00150455
0.00151394
0.00152246
0.00152976
0.00153551
0.00153945
0.00154139
0.00154126
0.00153904
0.00153486
0.0015289
0.00152142
0.00151277
0.0015033
0.00149341
0.00148348
0.0014739
0.00146501
0.000923226
0.000916762
0.000911786
0.000908434
0.000906792
0.000906901
0.000908759
0.000912319
0.000917488
0.000924125
0.000932042
0.000940999
0.000950705
0.000960821
0.000970965
0.000980727
0.000989683
0.000997419
0.00100356
0.00100779
0.00100989
0.00100975
0.00100737
0.00100288
0.000996524
0.000988615
0.000979538
0.000969708
0.000959548
0.000949466
0.000939838
0.000930996
0.000282937
0.000279794
0.000277397
0.000275792
0.000275008
0.000275059
0.000275943
0.000277645
0.000280136
0.000283366
0.000287267
0.000291742
0.000296668
0.000301889
0.000307215
0.000312429
0.00031729
0.00032155
0.000324972
0.000327352
0.000328541
0.000328461
0.00032712
0.000324602
0.000321065
0.00031672
0.000311804
0.000306566
0.000301243
0.00029605
0.000291172
0.000286761
0.00177047
0.00176691
0.00176418
0.00176238
0.00176156
0.00176176
0.00176299
0.00176518
0.00176825
0.00177209
0.00177655
0.00178147
0.00178665
0.0017919
0.00179701
0.00180179
0.00180605
0.00180963
0.00181239
0.00181422
0.00181505
0.00181484
0.00181362
0.00181141
0.00180831
0.00180444
0.00179995
0.00179501
0.00178982
0.00178457
0.00177947
0.00177471
0.00146113
0.00145565
0.00145148
0.00144875
0.00144755
0.00144793
0.00144987
0.0014533
0.00145812
0.00146416
0.00147122
0.00147905
0.00148736
0.00149586
0.0015042
0.00151206
0.00151911
0.00152506
0.00152965
0.00153267
0.00153399
0.00153356
0.00153139
0.00152759
0.00152231
0.0015158
0.00150832
0.0015002
0.00149175
0.00148332
0.00147521
0.00146772
0.000926999
0.000921678
0.000917652
0.000915038
0.000913911
0.000914302
0.000916201
0.000919557
0.000924273
0.000930213
0.000937194
0.000944991
0.000953339
0.000961935
0.000970449
0.000978533
0.000985839
0.000992034
0.000996826
0.000999982
0.00100134
0.00100084
0.000998505
0.000994453
0.000988886
0.000982074
0.00097433
0.000965994
0.000957414
0.000948927
0.000940847
0.000933457
0.000284771
0.000282222
0.000280316
0.000279096
0.000278588
0.000278804
0.000279738
0.000281373
0.000283672
0.000286583
0.000290031
0.000293922
0.000298135
0.000302528
0.000306932
0.000311163
0.000315027
0.000318331
0.000320897
0.000322582
0.000323286
0.000322969
0.00032165
0.000319408
0.000316371
0.000312708
0.000308604
0.000304255
0.000299848
0.000295556
0.000291531
0.000287901
0.00177262
0.00176922
0.00176655
0.00176474
0.00176383
0.00176388
0.00176487
0.00176677
0.00176949
0.00177294
0.00177699
0.00178148
0.00178624
0.00179109
0.00179583
0.0018003
0.00180432
0.00180773
0.00181041
0.00181225
0.00181318
0.00181316
0.00181219
0.00181031
0.00180758
0.00180412
0.00180005
0.00179554
0.00179075
0.00178589
0.00178112
0.00177664
0.0014643
0.00145905
0.00145499
0.00145225
0.00145092
0.00145105
0.00145263
0.00145562
0.0014599
0.00146534
0.00147175
0.0014789
0.00148654
0.00149438
0.00150212
0.00150945
0.00151608
0.00152173
0.00152616
0.00152917
0.00153063
0.00153048
0.00152873
0.00152545
0.00152078
0.00151494
0.00150817
0.00150075
0.00149297
0.00148515
0.00147759
0.00147055
0.000930001
0.000924893
0.000920967
0.000918339
0.000917086
0.000917244
0.000918809
0.000921738
0.000925943
0.000931302
0.000937646
0.000944771
0.000952433
0.000960356
0.000968237
0.000975758
0.000982599
0.000988455
0.000993054
0.000996177
0.00099767
0.000997461
0.000995562
0.000992068
0.000987151
0.000981044
0.000974029
0.000966411
0.00095851
0.000950638
0.000943089
0.000936132
0.000286183
0.000283729
0.000281865
0.000280635
0.000280068
0.000280176
0.000280958
0.000282395
0.000284456
0.000287091
0.000290231
0.000293788
0.000297652
0.000301691
0.000305753
0.000309671
0.000313268
0.000316369
0.000318813
0.000320466
0.000321235
0.000321076
0.000319999
0.000318066
0.000315387
0.000312106
0.000308389
0.000304413
0.00030035
0.000296361
0.000292591
0.000289164
0.00177467
0.00177091
0.00176783
0.00176555
0.00176416
0.0017637
0.0017642
0.00176563
0.00176792
0.00177099
0.00177473
0.00177899
0.00178362
0.00178843
0.00179324
0.00179788
0.00180216
0.00180592
0.00180902
0.00181134
0.00181279
0.00181331
0.00181287
0.00181149
0.00180922
0.00180614
0.00180237
0.00179806
0.00179338
0.00178851
0.00178365
0.00177898
0.00146767
0.00146174
0.00145692
0.00145335
0.00145116
0.00145042
0.00145116
0.00145334
0.0014569
0.00146171
0.00146761
0.0014744
0.00148185
0.00148967
0.00149757
0.00150526
0.00151242
0.00151875
0.001524
0.00152793
0.00153036
0.0015312
0.0015304
0.001528
0.0015241
0.00151887
0.00151255
0.0015054
0.00149771
0.00148979
0.00148195
0.00147448
0.000933355
0.000927515
0.000922783
0.000919303
0.000917174
0.000916456
0.000917168
0.000919289
0.000922757
0.000927472
0.000933293
0.000940038
0.000947487
0.000955381
0.000963433
0.000971329
0.000978743
0.000985355
0.000990864
0.000995008
0.000997586
0.000998469
0.000997614
0.000995063
0.000990943
0.000985455
0.000978859
0.000971452
0.000963557
0.000955497
0.000947588
0.000940121
0.00028787
0.000284992
0.000282681
0.000280991
0.000279961
0.000279612
0.000279952
0.000280972
0.00028265
0.000284947
0.000287809
0.00029116
0.000294906
0.000298928
0.000303087
0.000307221
0.000311155
0.000314706
0.000317696
0.000319966
0.000321389
0.000321881
0.000321414
0.000320016
0.000317768
0.000314795
0.000311256
0.000307329
0.000303195
0.000299031
0.000294998
0.000291237
0.00177654
0.00177242
0.00176893
0.0017662
0.00176433
0.00176339
0.00176342
0.0017644
0.00176629
0.00176901
0.00177247
0.00177653
0.00178104
0.00178583
0.00179072
0.00179553
0.00180008
0.00180419
0.00180771
0.0018105
0.00181246
0.0018135
0.00181357
0.00181267
0.00181082
0.0018081
0.0018046
0.00180048
0.00179588
0.001791
0.00178602
0.00178114
0.00147105
0.00146446
0.00145887
0.00145449
0.00145145
0.00144986
0.00144976
0.00145115
0.00145399
0.00145817
0.00146357
0.00147
0.00147723
0.001485
0.00149305
0.00150105
0.0015087
0.00151569
0.00152172
0.00152654
0.00152993
0.00153175
0.0015319
0.00153039
0.00152727
0.00152269
0.00151685
0.00150999
0.0015024
0.0014944
0.0014863
0.00147842
0.000936881
0.000930318
0.000924787
0.000920457
0.000917455
0.000915862
0.000915721
0.000917032
0.000919758
0.000923818
0.000929096
0.000935431
0.000942626
0.000950443
0.000958607
0.000966813
0.000974736
0.000982043
0.00098841
0.000993541
0.000997187
0.000999167
0.00099938
0.000997814
0.000994548
0.000989742
0.000983628
0.000976494
0.000968658
0.000960455
0.00095222
0.000944266
0.000289777
0.000286484
0.000283727
0.000281575
0.000280078
0.000279266
0.000279156
0.000279747
0.000281026
0.000282965
0.00028552
0.00028863
0.000292213
0.000296165
0.000300359
0.000304645
0.000308852
0.000312795
0.000316285
0.000319141
0.000321207
0.000322363
0.000322541
0.00032173
0.000319977
0.000317385
0.000314096
0.000310285
0.000306139
0.000301846
0.000297584
0.000293515
0.00177679
0.00177267
0.00176917
0.00176643
0.00176455
0.00176359
0.00176358
0.00176452
0.00176636
0.00176904
0.00177244
0.00177645
0.00178091
0.00178565
0.0017905
0.00179527
0.00179979
0.00180389
0.00180741
0.00181022
0.0018122
0.00181328
0.00181341
0.00181256
0.00181077
0.0018081
0.00180466
0.00180059
0.00179604
0.00179119
0.00178624
0.00178138
0.00147163
0.00146506
0.00145947
0.00145506
0.00145197
0.00145032
0.00145014
0.00145144
0.00145417
0.00145825
0.00146353
0.00146984
0.00147695
0.00148463
0.00149258
0.0015005
0.00150809
0.00151505
0.00152107
0.00152591
0.00152935
0.00153124
0.00153149
0.00153008
0.00152709
0.00152264
0.00151692
0.00151019
0.00150271
0.00149481
0.00148679
0.00147897
0.000937539
0.00093099
0.000925451
0.00092109
0.000918037
0.000916375
0.000916148
0.000917359
0.000919972
0.00092391
0.000929059
0.000935262
0.000942327
0.000950018
0.000958067
0.000966175
0.000974023
0.000981281
0.00098763
0.000992776
0.000996471
0.000998533
0.000998856
0.000997423
0.000994305
0.000989655
0.000983698
0.00097671
0.000969007
0.000960918
0.000952772
0.000944884
0.000290172
0.000286888
0.000284127
0.000281958
0.000280432
0.000279581
0.000279422
0.000279956
0.00028117
0.000283038
0.000285516
0.000288544
0.000292044
0.000295915
0.000300031
0.000304247
0.000308396
0.000312298
0.000315766
0.000318623
0.000320714
0.000321918
0.000322165
0.00032144
0.000319786
0.000317297
0.000314112
0.000310398
0.000306339
0.000302119
0.000297915
0.000293886
0.00177459
0.00177075
0.00176761
0.00176528
0.00176385
0.00176337
0.00176385
0.00176527
0.00176756
0.00177065
0.0017744
0.00177868
0.00178332
0.00178816
0.00179301
0.00179768
0.00180201
0.00180582
0.00180898
0.00181137
0.00181289
0.00181348
0.0018131
0.00181176
0.00180951
0.00180644
0.00180266
0.00179832
0.00179359
0.00178866
0.00178372
0.00177897
0.00146779
0.00146175
0.00145681
0.00145314
0.00145085
0.00145003
0.00145069
0.00145281
0.00145632
0.00146111
0.001467
0.00147381
0.00148128
0.00148915
0.00149713
0.0015049
0.00151216
0.00151861
0.00152398
0.00152804
0.0015306
0.00153155
0.00153084
0.00152852
0.00152467
0.00151948
0.00151315
0.00150597
0.00149823
0.00149023
0.0014823
0.00147472
0.000933571
0.00092761
0.000922759
0.000919164
0.000916927
0.000916111
0.000916737
0.000918785
0.000922196
0.000926869
0.000932667
0.00093941
0.000946878
0.000954816
0.000962935
0.00097092
0.000978445
0.000985183
0.00099083
0.000995116
0.000997833
0.000998846
0.000998103
0.000995643
0.000991587
0.000986134
0.000979543
0.000972112
0.000964165
0.000956031
0.000948028
0.000940453
0.000288031
0.000285091
0.000282717
0.000280966
0.000279877
0.000279474
0.000279764
0.000280739
0.000282378
0.000284644
0.000287483
0.000290823
0.000294568
0.000298604
0.00030279
0.000306966
0.000310956
0.000314576
0.000317644
0.000319997
0.000321502
0.000322072
0.000321675
0.000320334
0.000318127
0.00031518
0.000311649
0.000307713
0.000303555
0.000299354
0.000295273
0.000291458
0.00177149
0.00176792
0.00176515
0.00176328
0.00176238
0.00176248
0.00176357
0.00176561
0.0017685
0.00177215
0.00177641
0.00178112
0.0017861
0.00179117
0.00179612
0.00180078
0.00180497
0.00180852
0.00181131
0.00181323
0.0018142
0.00181419
0.00181318
0.0018112
0.00180833
0.00180468
0.00180039
0.00179563
0.00179058
0.00178545
0.00178043
0.00177571
0.00146238
0.00145683
0.00145255
0.00144968
0.00144831
0.00144849
0.00145021
0.00145341
0.00145799
0.00146379
0.00147061
0.00147823
0.00148636
0.00149471
0.00150296
0.00151077
0.00151784
0.00152386
0.00152857
0.00153177
0.0015333
0.00153311
0.00153121
0.00152766
0.00152265
0.00151638
0.00150912
0.00150118
0.00149287
0.00148454
0.00147648
0.00146901
0.000927991
0.000922568
0.000918414
0.000915649
0.00091435
0.000914552
0.00091625
0.000919396
0.000923902
0.000929637
0.000936429
0.000944061
0.000952279
0.000960788
0.000969264
0.000977364
0.000984739
0.000991056
0.000996014
0.00099937
0.00100096
0.0010007
0.000998599
0.000994778
0.000989423
0.000982795
0.000975202
0.000966982
0.000958478
0.000950028
0.000941947
0.000934519
0.000285024
0.000282394
0.000280405
0.0002791
0.000278507
0.000278638
0.000279489
0.000281045
0.00028327
0.000286117
0.000289515
0.000293373
0.000297575
0.000301981
0.000306426
0.000310726
0.000314683
0.0003181
0.000320793
0.000322611
0.000323447
0.00032325
0.000322034
0.000319874
0.000316895
0.000313262
0.000309166
0.000304801
0.00030036
0.000296019
0.000291932
0.000288231
0.00177023
0.00176677
0.00176414
0.00176245
0.00176177
0.0017621
0.00176344
0.00176572
0.00176886
0.00177274
0.0017772
0.00178208
0.0017872
0.00179236
0.00179736
0.00180201
0.00180614
0.00180959
0.00181223
0.00181396
0.00181472
0.00181447
0.0018132
0.00181097
0.00180785
0.00180397
0.00179947
0.00179454
0.00178937
0.00178415
0.00177909
0.00177439
0.00146021
0.00145482
0.00145078
0.0014482
0.00144717
0.00144774
0.00144986
0.00145348
0.00145848
0.00146469
0.0014719
0.00147986
0.00148827
0.00149684
0.00150522
0.00151308
0.00152011
0.00152599
0.00153047
0.00153335
0.00153451
0.00153389
0.00153151
0.00152749
0.00152201
0.0015153
0.00150766
0.0014994
0.00149085
0.00148235
0.00147422
0.00146675
0.000925767
0.000920512
0.000916591
0.000914117
0.000913158
0.000913738
0.000915842
0.000919413
0.00092435
0.000930511
0.00093771
0.000945718
0.000954263
0.000963036
0.000971698
0.000979891
0.000987257
0.000993457
0.000998192
0.00100122
0.0010024
0.00100167
0.000999055
0.000994706
0.000988837
0.000981732
0.000973722
0.000965159
0.000956397
0.000947779
0.00093962
0.000932203
0.00028385
0.000281303
0.000279429
0.000278268
0.000277842
0.00027816
0.000279215
0.000280987
0.000283438
0.000286514
0.00029014
0.000294217
0.000298622
0.000303203
0.000307785
0.000312173
0.00031616
0.000319541
0.000322131
0.00032378
0.000324388
0.000323918
0.000322402
0.000319931
0.000316651
0.000312743
0.000308407
0.00030385
0.000299267
0.000294834
0.000290706
0.00028701
0.00177184
0.00176842
0.00176578
0.00176403
0.00176322
0.00176338
0.0017645
0.00176654
0.0017694
0.00177298
0.00177715
0.00178173
0.00178657
0.00179148
0.00179626
0.00180075
0.00180477
0.00180816
0.00181081
0.00181262
0.0018135
0.00181343
0.0018124
0.00181043
0.0018076
0.00180402
0.00179984
0.0017952
0.00179029
0.00178532
0.00178046
0.00177591
0.00146303
0.00145766
0.00145353
0.00145078
0.00144949
0.00144971
0.00145142
0.00145458
0.00145907
0.00146474
0.0014714
0.00147881
0.00148672
0.00149483
0.00150283
0.0015104
0.00151724
0.00152305
0.00152759
0.00153065
0.00153211
0.00153189
0.00153
0.00152653
0.00152163
0.00151551
0.00150844
0.00150071
0.00149264
0.00148453
0.00147671
0.00146946
0.00092867
0.000923393
0.000919355
0.000916675
0.000915425
0.000915641
0.000917315
0.000920398
0.000924802
0.000930399
0.000937018
0.000944449
0.000952441
0.000960709
0.00096894
0.0009768
0.000983953
0.000990076
0.000994881
0.000998134
0.00099967
0.000999414
0.000997378
0.000993666
0.000988464
0.000982021
0.000974637
0.000966638
0.00095836
0.000950132
0.000942261
0.000935026
0.000285443
0.000282852
0.000280887
0.000279591
0.000278991
0.0002791
0.000279914
0.000281416
0.000283572
0.000286334
0.000289633
0.000293379
0.000297462
0.000301743
0.000306064
0.000310248
0.000314103
0.000317439
0.00032008
0.000321877
0.000322725
0.000322574
0.000321435
0.000319374
0.000316511
0.000313005
0.000309036
0.000304794
0.000300466
0.000296225
0.000292225
0.000288595
0.00177429
0.00177103
0.00176845
0.00176666
0.00176574
0.0017657
0.00176654
0.00176822
0.00177068
0.00177381
0.00177751
0.00178161
0.00178598
0.00179045
0.00179484
0.001799
0.00180276
0.00180599
0.00180856
0.00181039
0.0018114
0.00181154
0.0018108
0.0018092
0.0018068
0.00180368
0.00179998
0.00179582
0.00179139
0.00178684
0.00178236
0.00177812
0.00146721
0.00146204
0.00145795
0.00145509
0.00145354
0.00145337
0.00145456
0.00145708
0.00146084
0.00146571
0.00147153
0.0014781
0.00148516
0.00149248
0.00149977
0.00150674
0.00151312
0.00151864
0.00152307
0.00152622
0.00152796
0.00152819
0.00152691
0.00152418
0.00152011
0.00151488
0.00150872
0.00150187
0.00149462
0.00148725
0.00148005
0.00147329
0.000932944
0.000927825
0.000923791
0.000920964
0.000919426
0.00091922
0.00092035
0.000922779
0.000926436
0.000931211
0.000936954
0.000943483
0.000950578
0.000957988
0.000965436
0.000972629
0.000979268
0.000985062
0.000989746
0.000993101
0.000994961
0.000995236
0.000993911
0.000991052
0.000986796
0.000981346
0.000974953
0.000967899
0.000960483
0.000953004
0.00094575
0.000938985
0.000287749
0.000285206
0.000283208
0.000281807
0.000281033
0.000280903
0.00028142
0.000282569
0.000284324
0.000286642
0.000289463
0.00029271
0.000296287
0.000300075
0.000303938
0.000307723
0.000311266
0.0003144
0.000316968
0.000318832
0.000319889
0.000320079
0.000319392
0.000317865
0.000315586
0.000312677
0.000309288
0.000305582
0.000301725
0.000297876
0.000294182
0.00029077
0.00177518
0.00177225
0.00176997
0.00176843
0.00176769
0.00176777
0.00176866
0.00177031
0.00177267
0.00177564
0.00177911
0.00178294
0.00178698
0.00179109
0.00179511
0.00179888
0.00180227
0.00180515
0.00180742
0.00180899
0.0018098
0.00180981
0.00180902
0.00180744
0.00180514
0.0018022
0.00179873
0.00179487
0.00179077
0.00178659
0.00178249
0.00177864
0.00146845
0.00146383
0.00146022
0.00145775
0.0014565
0.00145652
0.0014578
0.00146029
0.00146391
0.00146854
0.00147401
0.00148012
0.00148667
0.00149339
0.00150005
0.00150638
0.00151212
0.00151704
0.00152093
0.00152362
0.00152501
0.00152502
0.00152365
0.00152097
0.00151708
0.00151216
0.00150641
0.00150007
0.00149339
0.00148664
0.00148007
0.00147393
0.000934098
0.000929518
0.000925952
0.000923511
0.000922267
0.000922256
0.000923476
0.00092589
0.000929423
0.000933966
0.000939375
0.000945471
0.000952046
0.000958864
0.000965668
0.000972186
0.000978149
0.000983296
0.000987394
0.000990252
0.000991733
0.000991766
0.000990348
0.000987548
0.0009835
0.00097839
0.000972451
0.000965939
0.000959127
0.000952288
0.00094568
0.000939546
0.000288283
0.000286008
0.000284242
0.000283031
0.000282403
0.000282373
0.000282941
0.000284093
0.000285799
0.000288015
0.000290682
0.000293724
0.000297045
0.000300533
0.000304059
0.000307482
0.000310653
0.000313423
0.000315654
0.00031723
0.000318065
0.000318113
0.000317372
0.000315882
0.000313725
0.000311013
0.000307883
0.00030448
0.000300953
0.000297447
0.000294092
0.000291004
0.00177472
0.00177225
0.00177043
0.00176933
0.001769
0.00176945
0.00177064
0.00177254
0.00177505
0.0017781
0.00178155
0.00178528
0.00178913
0.00179298
0.00179666
0.00180005
0.001803
0.00180543
0.00180722
0.00180833
0.0018087
0.00180833
0.00180721
0.00180538
0.00180292
0.00179991
0.00179646
0.00179272
0.00178883
0.00178493
0.00178118
0.00177773
0.00146724
0.00146338
0.00146055
0.00145884
0.00145831
0.00145898
0.00146083
0.00146378
0.00146775
0.00147258
0.00147811
0.00148414
0.00149044
0.00149679
0.00150292
0.00150861
0.00151361
0.00151772
0.00152077
0.00152263
0.00152321
0.00152249
0.00152051
0.00151734
0.00151312
0.00150803
0.00150228
0.00149611
0.00148975
0.00148345
0.00147746
0.00147199
0.000932679
0.00092888
0.000926103
0.000924434
0.000923924
0.000924587
0.000926402
0.000929315
0.000933234
0.000938035
0.000943561
0.000949624
0.00095601
0.000962479
0.000968781
0.000974658
0.00097986
0.000984155
0.000987349
0.00098929
0.000989887
0.000989112
0.000987002
0.000983659
0.000979239
0.000973941
0.000968
0.000961665
0.000955194
0.000948836
0.000942826
0.000937379
0.000287385
0.000285519
0.000284166
0.000283359
0.000283119
0.000283451
0.000284347
0.000285786
0.000287728
0.000290122
0.0002929
0.000295975
0.000299246
0.000302594
0.000305889
0.000308992
0.000311761
0.000314063
0.00031578
0.000316823
0.000317135
0.000316699
0.00031554
0.00031372
0.000311335
0.000308506
0.000305367
0.000302057
0.000298715
0.000295469
0.000292435
0.000289713
0.00177476
0.0017727
0.00177127
0.00177054
0.00177052
0.00177123
0.00177262
0.00177465
0.00177722
0.00178024
0.00178359
0.00178714
0.00179076
0.00179431
0.00179765
0.00180065
0.0018032
0.00180522
0.00180661
0.00180735
0.00180739
0.00180673
0.0018054
0.00180344
0.00180092
0.00179793
0.0017946
0.00179104
0.00178741
0.00178382
0.00178043
0.00177737
0.00146702
0.00146382
0.00146162
0.0014605
0.0014605
0.00146163
0.00146384
0.00146705
0.00147115
0.001476
0.00148142
0.00148722
0.00149317
0.00149905
0.00150464
0.00150969
0.00151402
0.00151744
0.0015198
0.001521
0.001521
0.00151978
0.00151742
0.001514
0.00150967
0.00150461
0.00149902
0.00149314
0.00148719
0.00148139
0.00147597
0.00147112
0.000932339
0.00092919
0.000927042
0.000925964
0.000925988
0.000927113
0.000929306
0.000932497
0.000936586
0.000941439
0.000946893
0.000952759
0.000958821
0.000964849
0.000970603
0.000975844
0.000980346
0.000983908
0.000986366
0.000987607
0.000987572
0.000986264
0.000983744
0.000980131
0.000975591
0.000970326
0.000964561
0.000958533
0.000952482
0.000946637
0.000941209
0.000936389
0.000287115
0.000285575
0.000284537
0.000284029
0.000284062
0.000284636
0.000285737
0.000287337
0.000289391
0.000291842
0.000294615
0.000297621
0.000300756
0.0003039
0.000306927
0.000309704
0.000312103
0.000314006
0.000315317
0.000315965
0.000315917
0.000315176
0.000313781
0.000311807
0.000309354
0.000306541
0.000303496
0.000300351
0.000297231
0.000294253
0.000291518
0.000289114
0.00177616
0.00177442
0.00177324
0.00177269
0.00177278
0.00177351
0.00177484
0.00177673
0.0017791
0.00178184
0.00178486
0.00178804
0.00179126
0.00179438
0.00179731
0.00179991
0.0018021
0.0018038
0.00180494
0.00180548
0.00180541
0.00180473
0.00180345
0.00180162
0.00179932
0.00179661
0.00179362
0.00179044
0.00178721
0.00178405
0.00178108
0.00177842
0.00146934
0.0014666
0.00146477
0.0014639
0.00146404
0.00146517
0.00146725
0.00147021
0.00147395
0.00147833
0.00148319
0.00148835
0.00149362
0.0014988
0.00150368
0.00150806
0.00151178
0.00151468
0.00151663
0.00151755
0.00151741
0.00151621
0.001514
0.00151088
0.00150697
0.00150244
0.00149746
0.00149223
0.00148697
0.00148187
0.00147711
0.00147289
0.000934684
0.000931977
0.00093017
0.00092932
0.000929454
0.000930568
0.000932626
0.000935561
0.000939279
0.000943654
0.000948536
0.000953752
0.000959109
0.000964403
0.000969423
0.000973961
0.000977825
0.000980844
0.000982883
0.000983848
0.000983696
0.000982432
0.000980116
0.000976854
0.000972791
0.000968103
0.00096299
0.000957659
0.00095232
0.000947176
0.000942414
0.000938202
0.000288361
0.000287023
0.000286134
0.000285718
0.000285787
0.000286339
0.000287358
0.000288817
0.000290673
0.000292872
0.000295344
0.000298007
0.000300767
0.000303518
0.000306149
0.000308546
0.000310601
0.000312214
0.000313307
0.000313823
0.000313736
0.000313051
0.000311802
0.000310054
0.000307892
0.000305418
0.000302743
0.00029998
0.000297239
0.000294621
0.000292219
0.00029011
0.00177783
0.00177641
0.00177549
0.00177512
0.0017753
0.00177603
0.00177727
0.00177898
0.00178109
0.00178351
0.00178614
0.00178889
0.00179165
0.00179431
0.00179677
0.00179894
0.00180074
0.0018021
0.00180298
0.00180334
0.00180317
0.00180249
0.0018013
0.00179965
0.00179761
0.00179524
0.00179263
0.00178989
0.00178712
0.00178443
0.00178192
0.00177969
0.00147221
0.00146997
0.00146851
0.00146789
0.00146812
0.0014692
0.00147109
0.00147371
0.00147698
0.00148078
0.00148496
0.00148937
0.00149384
0.0014982
0.00150229
0.00150593
0.00150898
0.00151132
0.00151286
0.00151352
0.00151328
0.00151215
0.00151018
0.00150744
0.00150406
0.00150016
0.0014959
0.00149145
0.00148699
0.00148268
0.00147868
0.00147515
0.000937646
0.00093542
0.000933966
0.000933334
0.000933542
0.000934584
0.000936426
0.000939005
0.000942234
0.000946002
0.000950177
0.000954607
0.000959128
0.000963567
0.000967747
0.000971498
0.000974662
0.000977103
0.000978714
0.000979423
0.000979198
0.000978048
0.000976025
0.000973218
0.000969749
0.000965766
0.000961434
0.000956928
0.000952424
0.000948092
0.000944094
0.000940571
0.000289978
0.000288864
0.000288132
0.000287803
0.000287887
0.000288381
0.00028927
0.000290528
0.000292117
0.000293986
0.000296074
0.000298311
0.000300614
0.000302897
0.000305067
0.000307031
0.000308704
0.000310007
0.000310878
0.000311275
0.000311177
0.00031059
0.000309542
0.000308084
0.000306286
0.000304228
0.000302
0.000299696
0.000297407
0.000295217
0.000293206
0.00029144
0.00177804
0.00177701
0.00177647
0.00177643
0.0017769
0.00177785
0.00177926
0.00178106
0.00178318
0.00178554
0.00178803
0.00179058
0.00179307
0.00179541
0.00179751
0.00179929
0.00180069
0.00180166
0.00180217
0.00180219
0.00180172
0.0018008
0.00179944
0.0017977
0.00179564
0.00179333
0.00179087
0.00178834
0.00178585
0.00178348
0.00178134
0.0017795
0.00147251
0.00147089
0.00147001
0.00146991
0.00147059
0.00147203
0.00147417
0.00147694
0.00148024
0.00148393
0.0014879
0.00149198
0.00149602
0.00149987
0.00150337
0.00150638
0.00150878
0.00151047
0.00151139
0.0015115
0.00151079
0.00150928
0.00150705
0.00150419
0.0015008
0.00149703
0.00149302
0.00148894
0.00148493
0.00148115
0.00147774
0.00147482
0.000937939
0.000936317
0.00093543
0.00093531
0.000935958
0.000937355
0.000939452
0.000942178
0.000945439
0.00094912
0.000953088
0.000957198
0.000961292
0.000965212
0.000968799
0.000971906
0.000974402
0.000976178
0.000977157
0.000977295
0.000976585
0.000975059
0.000972784
0.000969858
0.000966406
0.000962572
0.000958511
0.000954384
0.00095035
0.00094656
0.00094315
0.000940243
0.000290125
0.000289307
0.000288851
0.000288771
0.000289069
0.000289737
0.000290753
0.000292087
0.000293697
0.00029553
0.000297523
0.000299605
0.000301698
0.00030372
0.000305588
0.00030722
0.000308545
0.000309499
0.000310037
0.000310134
0.000309785
0.000309005
0.000307833
0.000306324
0.000304547
0.000302579
0.000300503
0.000298404
0.000296362
0.000294451
0.000292739
0.000291281
0.00177674
0.00177622
0.0017762
0.0017767
0.00177769
0.00177914
0.001781
0.00178318
0.00178559
0.00178815
0.00179076
0.0017933
0.00179569
0.00179783
0.00179964
0.00180105
0.001802
0.00180247
0.00180244
0.00180191
0.00180091
0.00179948
0.00179766
0.00179554
0.00179317
0.00179066
0.0017881
0.00178557
0.00178319
0.00178104
0.00177921
0.00177775
0.00147021
0.00146938
0.00146935
0.00147012
0.00147167
0.00147393
0.00147683
0.00148027
0.00148411
0.00148821
0.00149241
0.00149657
0.0015005
0.00150407
0.00150712
0.00150952
0.0015112
0.00151206
0.00151208
0.00151126
0.00150963
0.00150726
0.00150425
0.00150071
0.0014968
0.00149266
0.00148846
0.00148436
0.0014805
0.00147704
0.00147411
0.0014718
0.00093554
0.00093471
0.000934671
0.000935423
0.000936942
0.000939178
0.000942055
0.000945475
0.000949318
0.000953444
0.000957702
0.000961929
0.000965959
0.000969629
0.000972786
0.000975297
0.000977051
0.000977971
0.000978016
0.000977183
0.00097551
0.00097307
0.00096997
0.000966342
0.000962338
0.000958122
0.000953858
0.000949711
0.000945835
0.000942369
0.000939435
0.000937133
0.00028881
0.000288389
0.000288358
0.00028872
0.000289464
0.000290568
0.000291998
0.000293711
0.000295649
0.000297748
0.00029993
0.000302115
0.000304216
0.000306144
0.000307816
0.000309155
0.000310099
0.000310602
0.000310639
0.000310208
0.00030933
0.000308047
0.000306421
0.000304526
0.000302444
0.000300265
0.000298076
0.00029596
0.000293993
0.000292243
0.000290767
0.000289611
0.00177525
0.00177535
0.00177599
0.00177715
0.00177878
0.00178083
0.00178321
0.00178583
0.00178859
0.00179138
0.00179409
0.0017966
0.00179884
0.0018007
0.00180211
0.00180302
0.0018034
0.00180324
0.00180254
0.00180135
0.0017997
0.00179765
0.0017953
0.00179273
0.00179002
0.00178729
0.00178463
0.00178215
0.00177994
0.00177808
0.00177664
0.00177569
0.00146776
0.00146795
0.001469
0.00147086
0.00147348
0.00147674
0.00148055
0.00148475
0.00148919
0.00149371
0.00149812
0.00150226
0.00150595
0.00150906
0.00151144
0.00151301
0.0015137
0.00151348
0.00151235
0.00151037
0.00150763
0.00150422
0.0015003
0.00149602
0.00149155
0.00148706
0.00148272
0.0014787
0.00147514
0.00147217
0.0014699
0.00146841
0.000933087
0.000933288
0.000934331
0.000936181
0.00093878
0.00094204
0.00094585
0.000950076
0.000954565
0.000959149
0.000963652
0.000967895
0.000971703
0.000974915
0.000977394
0.000979029
0.000979749
0.000979519
0.000978351
0.000976297
0.000973448
0.000969929
0.000965891
0.000961503
0.000956941
0.000952385
0.000948007
0.000943967
0.000940409
0.000937456
0.000935206
0.000933733
0.000287548
0.000287653
0.000288176
0.000289102
0.000290404
0.000292044
0.00029397
0.00029612
0.00029842
0.000300786
0.000303126
0.000305346
0.000307352
0.000309052
0.000310369
0.000311239
0.000311619
0.00031149
0.000310858
0.000309754
0.000308233
0.000306366
0.00030424
0.000301946
0.000299582
0.00029724
0.000295008
0.000292965
0.000291178
0.000289704
0.000288588
0.000287862
0.00177404
0.00177473
0.00177599
0.00177776
0.00177997
0.00178255
0.0017854
0.00178841
0.00179145
0.0017944
0.00179716
0.0017996
0.00180165
0.0018032
0.00180421
0.00180463
0.00180446
0.0018037
0.00180239
0.00180058
0.00179834
0.00179575
0.00179294
0.00178998
0.00178701
0.00178411
0.00178141
0.00177901
0.001777
0.00177544
0.00177441
0.00177393
0.00146601
0.00146718
0.00146923
0.00147209
0.00147566
0.00147981
0.00148439
0.00148923
0.00149414
0.00149893
0.00150342
0.00150742
0.00151078
0.00151334
0.00151501
0.00151572
0.00151543
0.00151416
0.00151197
0.00150894
0.00150521
0.00150092
0.00149625
0.00149138
0.00148651
0.00148181
0.00147746
0.00147362
0.00147044
0.00146801
0.00146643
0.00146575
0.000931441
0.000932622
0.000934674
0.000937531
0.000941101
0.000945261
0.000949866
0.000954751
0.000959733
0.000964618
0.00096921
0.000973321
0.000976774
0.000979419
0.000981139
0.000981856
0.000981538
0.000980199
0.000977902
0.000974748
0.000970877
0.000966455
0.000961669
0.00095671
0.000951775
0.000947047
0.0009427
0.000938886
0.000935735
0.000933351
0.000931812
0.000931169
0.000286793
0.000287399
0.000288437
0.000289878
0.00029168
0.000293787
0.000296132
0.000298634
0.000301201
0.000303734
0.000306129
0.000308282
0.000310096
0.000311485
0.00031238
0.000312738
0.000312539
0.000311795
0.000310542
0.000308842
0.000306777
0.000304443
0.000301941
0.000299377
0.00029685
0.000294455
0.000292274
0.000290379
0.000288828
0.000287667
0.00028693
0.000286635
0.00177263
0.0017737
0.00177536
0.00177757
0.00178022
0.00178322
0.00178646
0.00178982
0.00179315
0.00179633
0.00179922
0.00180173
0.00180374
0.00180519
0.00180601
0.00180616
0.00180566
0.00180452
0.00180279
0.00180055
0.00179787
0.00179486
0.00179165
0.00178835
0.00178508
0.00178196
0.00177912
0.00177666
0.00177467
0.00177323
0.00177239
0.00177219
0.00146397
0.00146572
0.0014684
0.00147193
0.00147618
0.00148099
0.00148618
0.00149157
0.00149695
0.00150211
0.00150683
0.00151094
0.00151425
0.00151663
0.00151799
0.00151826
0.00151743
0.00151554
0.00151267
0.00150894
0.0015045
0.00149954
0.00149426
0.00148887
0.00148356
0.00147855
0.00147401
0.0014701
0.00146698
0.00146474
0.00146347
0.00146321
0.00092953
0.000931274
0.000933941
0.000937448
0.00094168
0.000946492
0.000951716
0.00095716
0.00096262
0.000967879
0.000972722
0.000976946
0.000980366
0.000982831
0.000984228
0.000984493
0.000983614
0.000981632
0.000978638
0.000974767
0.000970189
0.000965101
0.000959714
0.000954242
0.000948898
0.000943877
0.00093936
0.0009355
0.000932426
0.000930238
0.000929005
0.000928767
0.000285921
0.000286794
0.000288125
0.000289877
0.000291999
0.000294425
0.000297077
0.000299862
0.000302676
0.000305406
0.000307938
0.000310158
0.000311962
0.000313261
0.000313989
0.00031411
0.000313617
0.000312535
0.00031092
0.000308852
0.000306429
0.000303764
0.00030097
0.000298164
0.00029545
0.000292927
0.000290679
0.000288775
0.000287273
0.000286214
0.000285627
0.000285528
0.00177043
0.00177176
0.00177375
0.00177632
0.00177939
0.00178283
0.00178652
0.00179031
0.00179406
0.00179761
0.00180082
0.00180358
0.00180578
0.00180731
0.00180813
0.00180821
0.00180753
0.00180615
0.0018041
0.00180147
0.00179837
0.00179492
0.00179125
0.00178749
0.00178381
0.00178031
0.00177715
0.00177444
0.00177229
0.00177077
0.00176993
0.00176982
0.00146057
0.00146265
0.00146577
0.00146983
0.00147469
0.00148016
0.00148606
0.00149217
0.00149824
0.00150405
0.00150935
0.00151394
0.00151762
0.00152023
0.00152167
0.00152187
0.00152082
0.00151857
0.00151522
0.0015109
0.0015058
0.00150013
0.00149412
0.001488
0.00148202
0.00147638
0.00147131
0.00146698
0.00146355
0.00146112
0.0014598
0.00145961
0.000926236
0.000928264
0.000931324
0.000935323
0.000940129
0.000945585
0.0009515
0.000957661
0.000963836
0.000969781
0.000975252
0.000980015
0.000983859
0.00098661
0.000988139
0.000988373
0.0009873
0.000984971
0.000981494
0.000977028
0.000971774
0.000965959
0.000959827
0.000953624
0.00094759
0.000941946
0.000936891
0.000932596
0.000929199
0.000926809
0.000925497
0.000925305
0.000284296
0.000285274
0.000286764
0.000288726
0.000291106
0.000293833
0.000296821
0.000299968
0.000303158
0.000306264
0.000309154
0.000311695
0.000313767
0.000315264
0.000316108
0.000316253
0.000315691
0.000314452
0.000312601
0.000310231
0.000307461
0.00030442
0.000301242
0.000298057
0.000294987
0.000292141
0.000289612
0.000287476
0.000285795
0.000284614
0.000283961
0.000283855
0.00176785
0.0017696
0.00177209
0.00177521
0.00177886
0.00178289
0.00178716
0.0017915
0.00179574
0.00179971
0.00180326
0.00180625
0.00180856
0.0018101
0.0018108
0.00181065
0.00180964
0.00180782
0.00180527
0.00180209
0.00179839
0.00179433
0.00179007
0.00178576
0.00178158
0.00177766
0.00177418
0.00177125
0.00176899
0.00176748
0.00176677
0.00176689
0.00145652
0.0014592
0.00146306
0.00146795
0.00147371
0.00148013
0.00148698
0.00149402
0.00150096
0.00150753
0.00151348
0.00151854
0.00152251
0.00152522
0.00152654
0.00152642
0.00152486
0.00152193
0.00151775
0.00151251
0.00150643
0.00149976
0.00149277
0.00148574
0.00147893
0.0014726
0.00146698
0.00146226
0.00145861
0.00145615
0.00145497
0.00145509
0.000922276
0.000924868
0.000928617
0.000933411
0.000939097
0.00094549
0.000952371
0.000959494
0.000966587
0.00097337
0.000979557
0.000984878
0.00098909
0.000991994
0.000993449
0.000993382
0.000991795
0.000988763
0.000984432
0.000979003
0.000972726
0.000965875
0.000958738
0.000951602
0.000944737
0.000938393
0.000932786
0.0009281
0.00092448
0.000922036
0.000920838
0.000920919
0.000282312
0.000283538
0.000285339
0.000287671
0.000290473
0.000293665
0.000297148
0.000300805
0.000304502
0.000308088
0.000311407
0.000314303
0.000316629
0.000318261
0.000319111
0.000319127
0.00031831
0.000316703
0.000314395
0.000311508
0.000308189
0.000304594
0.000300884
0.00029721
0.000293709
0.0002905
0.000287685
0.000285344
0.000283537
0.00028231
0.00028169
0.000281691
0.00176577
0.00176834
0.00177167
0.00177564
0.00178011
0.00178491
0.00178985
0.00179475
0.00179941
0.00180365
0.00180731
0.00181023
0.00181231
0.00181346
0.00181363
0.00181282
0.00181105
0.00180841
0.001805
0.00180096
0.00179643
0.00179161
0.00178668
0.00178182
0.00177723
0.00177306
0.00176949
0.00176663
0.00176461
0.00176349
0.00176331
0.00176408
0.00145335
0.00145731
0.00146252
0.00146878
0.0014759
0.00148361
0.00149164
0.00149968
0.00150742
0.00151454
0.00152076
0.00152579
0.00152943
0.00153151
0.00153194
0.00153069
0.00152782
0.00152345
0.00151779
0.00151107
0.00150359
0.00149564
0.00148755
0.00147963
0.00147217
0.00146545
0.00145969
0.00145511
0.00145184
0.00144999
0.00144963
0.00145077
0.000919232
0.000923069
0.000928146
0.000934312
0.000941375
0.000949102
0.000957225
0.000965444
0.000973437
0.000980869
0.000987415
0.000992772
0.000996683
0.000998953
0.000999466
0.000998194
0.000995199
0.00099063
0.000984711
0.000977721
0.000969977
0.000961816
0.000953571
0.000945561
0.000938077
0.000931375
0.00092567
0.000921138
0.000917909
0.000916075
0.000915685
0.000916748
0.000280804
0.000282638
0.000285096
0.000288122
0.000291636
0.000295537
0.000299704
0.000303988
0.000308222
0.000312223
0.000315801
0.000318773
0.000320976
0.000322285
0.000322621
0.000321963
0.000320349
0.000317875
0.000314678
0.000310931
0.00030682
0.000302536
0.00029826
0.000294154
0.000290361
0.000286996
0.000284155
0.000281907
0.000280306
0.000279384
0.000279159
0.000279636
0.00176505
0.00176869
0.00177308
0.00177805
0.00178341
0.00178896
0.00179449
0.00179979
0.00180463
0.00180884
0.00181224
0.0018147
0.00181612
0.00181645
0.00181566
0.0018138
0.00181094
0.00180719
0.00180272
0.00179768
0.00179229
0.00178674
0.00178125
0.00177604
0.0017713
0.00176719
0.00176388
0.00176148
0.00176009
0.00175976
0.0017605
0.00176228
0.00145243
0.00145817
0.00146514
0.00147309
0.00148176
0.00149083
0.00149995
0.00150878
0.00151695
0.00152412
0.00152998
0.00153427
0.00153679
0.00153743
0.00153615
0.00153302
0.00152817
0.00152183
0.00151428
0.00150584
0.00149686
0.00148771
0.00147874
0.00147027
0.00146262
0.00145605
0.00145077
0.00144697
0.00144476
0.00144421
0.00144533
0.0014481
0.000918421
0.000924033
0.000930896
0.000938805
0.000947506
0.000956703
0.000966059
0.000975207
0.000983762
0.000991344
0.000997595
0.00100221
0.00100494
0.00100565
0.00100431
0.00100097
0.00099582
0.000989113
0.000981177
0.000972382
0.000963114
0.000953756
0.000944669
0.000936179
0.000928571
0.000922083
0.000916907
0.000913187
0.000911024
0.000910473
0.000911549
0.000914222
0.000280421
0.000283154
0.000286536
0.000290488
0.000294901
0.000299641
0.000304545
0.000309421
0.000314056
0.000318225
0.000321708
0.000324306
0.000325864
0.000326285
0.00032554
0.000323678
0.000320813
0.000317114
0.000312788
0.000308059
0.00030315
0.000298269
0.000293601
0.000289303
0.000285501
0.000282295
0.00027976
0.000277948
0.000276893
0.000276616
0.00027712
0.000278396
0.00176619
0.00177083
0.00177613
0.00178188
0.00178787
0.00179388
0.00179966
0.00180499
0.00180965
0.00181347
0.00181628
0.00181797
0.00181848
0.00181779
0.00181593
0.00181297
0.00180904
0.0018043
0.00179894
0.00179315
0.00178717
0.00178123
0.00177555
0.00177034
0.0017658
0.0017621
0.00175936
0.0017577
0.00175717
0.0017578
0.00175956
0.00176239
0.00145448
0.0014619
0.00147044
0.00147981
0.00148966
0.00149962
0.00150931
0.00151834
0.00152631
0.00153289
0.00153778
0.00154074
0.00154165
0.00154046
0.00153723
0.00153211
0.00152532
0.00151719
0.00150806
0.00149832
0.00148836
0.00147857
0.0014693
0.0014609
0.00145364
0.00144777
0.00144347
0.00144088
0.00144009
0.00144111
0.00144391
0.00144841
0.000920503
0.000927836
0.000936345
0.000945765
0.000955782
0.000966031
0.000976111
0.000985599
0.000994065
0.00100111
0.00100637
0.00100957
0.00101055
0.00100925
0.00100573
0.0010002
0.000992936
0.000984303
0.000974712
0.000964592
0.000954365
0.000944424
0.000935124
0.000926774
0.000919627
0.00091389
0.000909717
0.000907216
0.000906452
0.000907445
0.00091017
0.000914561
0.000281461
0.000285096
0.00028937
0.000294174
0.000299366
0.000304771
0.000310179
0.000315352
0.000320037
0.000323981
0.000326952
0.000328767
0.000329307
0.000328537
0.000326509
0.000323353
0.000319264
0.000314479
0.000309253
0.000303837
0.000298463
0.000293335
0.00028862
0.000284453
0.000280937
0.000278149
0.000276142
0.000274951
0.000274596
0.000275084
0.000276408
0.000278546
0.00176958
0.00177467
0.00178027
0.00178618
0.00179216
0.00179799
0.00180343
0.00180828
0.00181232
0.00181541
0.00181741
0.00181825
0.0018179
0.00181638
0.00181375
0.00181012
0.00180563
0.00180048
0.00179485
0.00178897
0.00178305
0.00177733
0.00177202
0.00176731
0.00176338
0.00176037
0.00175839
0.00175752
0.0017578
0.00175921
0.00176171
0.00176521
0.00145993
0.00146818
0.00147733
0.00148706
0.00149701
0.00150678
0.00151599
0.00152426
0.00153121
0.00153655
0.00154002
0.00154147
0.00154083
0.00153812
0.00153349
0.00152714
0.00151936
0.0015105
0.00150092
0.00149102
0.0014812
0.0014718
0.00146318
0.00145562
0.00144938
0.00144467
0.00144162
0.00144034
0.00144087
0.00144318
0.00144723
0.00145287
0.000925871
0.000934098
0.000943312
0.000953207
0.00096343
0.000973588
0.000983259
0.000992013
0.000999439
0.00100517
0.0010089
0.00101044
0.0010097
0.00100673
0.00100168
0.00099483
0.000986517
0.000977144
0.000967138
0.000956921
0.000946895
0.000937425
0.000928827
0.000921369
0.000915268
0.000910691
0.000907758
0.000906545
0.000907083
0.000909363
0.000913329
0.000918881
0.000284135
0.000288283
0.00029299
0.000298124
0.000303514
0.000308957
0.00031422
0.000319051
0.000323195
0.000326413
0.000328508
0.000329346
0.000328872
0.000327117
0.000324197
0.000320293
0.000315636
0.000310478
0.000305074
0.000299663
0.000294454
0.000289625
0.000285316
0.000281637
0.00027867
0.000276473
0.000275086
0.000274533
0.000274823
0.000275953
0.000277907
0.000280652
0.00177472
0.00177939
0.00178442
0.00178961
0.00179475
0.00179966
0.00180412
0.00180797
0.00181106
0.00181325
0.00181446
0.00181465
0.00181381
0.00181199
0.00180926
0.00180572
0.00180154
0.00179686
0.00179186
0.00178674
0.00178169
0.00177689
0.00177253
0.00176877
0.00176575
0.00176358
0.00176233
0.00176207
0.00176281
0.00176452
0.00176714
0.00177058
0.001468
0.00147562
0.00148387
0.00149242
0.00150097
0.00150916
0.00151668
0.00152319
0.00152842
0.00153213
0.00153417
0.00153444
0.00153292
0.0015297
0.00152491
0.00151878
0.00151156
0.00150357
0.00149513
0.00148657
0.00147824
0.00147042
0.0014634
0.00145742
0.00145268
0.00144933
0.00144749
0.00144722
0.00144853
0.00145137
0.00145567
0.00146127
0.000933788
0.000941453
0.000949805
0.000958549
0.000967357
0.000975875
0.000983741
0.0009906
0.000996131
0.00100006
0.0010022
0.00100243
0.00100074
0.00099723
0.000992069
0.000985515
0.000977883
0.000969519
0.000960782
0.000952026
0.000943581
0.000935745
0.000928778
0.000922897
0.000918276
0.000915046
0.000913298
0.00091308
0.000914402
0.00091723
0.000921491
0.000927064
0.000288146
0.000292055
0.000296362
0.000300928
0.000305584
0.000310142
0.000314396
0.000318139
0.000321171
0.00032332
0.000324461
0.000324524
0.000323504
0.000321466
0.00031853
0.000314864
0.000310667
0.000306146
0.000301506
0.000296938
0.000292608
0.000288657
0.000285198
0.000282321
0.000280093
0.000278562
0.000277759
0.000277701
0.00027839
0.000279815
0.00028195
0.000284748
0.00177951
0.001783
0.00178674
0.00179056
0.00179433
0.00179789
0.0018011
0.00180383
0.00180599
0.00180748
0.00180824
0.00180826
0.00180754
0.0018061
0.00180402
0.00180137
0.00179826
0.0017948
0.00179113
0.00178738
0.0017837
0.00178021
0.00177706
0.00177435
0.0017722
0.00177068
0.00176985
0.00176975
0.00177039
0.00177174
0.00177377
0.00177639
0.00147542
0.00148107
0.00148711
0.00149332
0.00149945
0.00150526
0.00151052
0.00151501
0.00151855
0.00152098
0.0015222
0.00152217
0.00152087
0.00151838
0.0015148
0.00151027
0.001505
0.00149919
0.00149308
0.00148691
0.0014809
0.0014753
0.00147029
0.00146605
0.00146274
0.00146047
0.00145931
0.00145932
0.00146048
0.00146277
0.0014661
0.00147037
0.000941056
0.00094674
0.000952845
0.000959146
0.000965401
0.000971359
0.000976772
0.000981406
0.000985054
0.00098755
0.000988778
0.00098868
0.000987263
0.000984593
0.000980796
0.000976046
0.000970556
0.00096456
0.000958307
0.000952044
0.000946006
0.000940413
0.000935457
0.000931302
0.000928082
0.000925899
0.00092482
0.00092488
0.000926079
0.000928383
0.000931723
0.000935993
0.000291852
0.000294743
0.000297866
0.000301111
0.000304353
0.000307459
0.000310294
0.000312725
0.000314634
0.000315922
0.000316522
0.000316402
0.000315568
0.000314065
0.000311973
0.000309397
0.000306462
0.000303304
0.000300057
0.00029685
0.000293802
0.000291015
0.000288579
0.000286564
0.000285026
0.000284007
0.000283533
0.000283615
0.000284255
0.000285436
0.000287128
0.000289287
0.00178178
0.00178387
0.00178619
0.00178863
0.00179109
0.00179349
0.00179573
0.00179772
0.00179938
0.00180065
0.00180148
0.00180185
0.00180175
0.00180118
0.00180018
0.00179877
0.00179702
0.00179498
0.00179274
0.00179037
0.00178796
0.0017856
0.00178339
0.0017814
0.00177971
0.00177838
0.00177748
0.00177704
0.00177707
0.00177759
0.00177857
0.00177999
0.00147874
0.00148202
0.00148564
0.00148946
0.00149334
0.00149713
0.00150067
0.00150383
0.00150649
0.00150853
0.00150987
0.00151046
0.00151028
0.00150932
0.00150764
0.00150531
0.0015024
0.00149905
0.00149539
0.00149155
0.0014877
0.00148396
0.00148049
0.00147741
0.00147484
0.00147287
0.00147157
0.00147099
0.00147116
0.00147206
0.00147366
0.00147592
0.000944214
0.000947476
0.00095108
0.000954893
0.000958772
0.000962566
0.000966126
0.000969308
0.000971982
0.000974034
0.000975378
0.000975954
0.000975739
0.00097474
0.000973001
0.000970597
0.000967631
0.000964225
0.000960521
0.000956666
0.00095281
0.000949099
0.000945671
0.000942649
0.00094014
0.000938232
0.000936989
0.000936455
0.000936648
0.000937563
0.000939169
0.000941412
0.000293395
0.000295011
0.0002968
0.000298696
0.00030063
0.000302527
0.000304311
0.000305907
0.000307248
0.000308272
0.000308932
0.000309199
0.000309058
0.000308516
0.000307599
0.000306348
0.00030482
0.000303083
0.00030121
0.000299278
0.000297363
0.000295536
0.000293864
0.000292402
0.000291201
0.000290298
0.000289723
0.000289492
0.000289614
0.000290086
0.000290891
0.000292006
0.00178114
0.00178213
0.0017834
0.00178491
0.0017866
0.00178839
0.00179022
0.00179202
0.00179372
0.00179525
0.00179657
0.00179761
0.00179835
0.00179877
0.00179884
0.00179857
0.00179797
0.00179705
0.00179585
0.0017944
0.00179277
0.001791
0.00178918
0.00178736
0.00178562
0.00178402
0.00178264
0.00178152
0.00178072
0.00178027
0.00178019
0.00178049
0.0014773
0.00147877
0.0014807
0.00148301
0.00148562
0.00148843
0.00149132
0.0014942
0.00149695
0.00149947
0.00150165
0.00150341
0.00150468
0.0015054
0.00150556
0.00150513
0.00150415
0.00150264
0.00150067
0.00149832
0.00149568
0.00149285
0.00148995
0.00148707
0.00148435
0.00148187
0.00147973
0.00147801
0.00147677
0.00147607
0.00147592
0.00147634
0.000942578
0.000944012
0.000945899
0.000948172
0.000950749
0.000953535
0.000956427
0.000959315
0.000962089
0.000964638
0.00096686
0.000968663
0.000969972
0.000970733
0.000970911
0.000970499
0.000969515
0.000967999
0.000966015
0.000963646
0.000960988
0.000958147
0.000955237
0.000952368
0.000949649
0.000947182
0.000945057
0.000943349
0.000942121
0.000941415
0.000941255
0.000941648
0.000292393
0.000293074
0.000293982
0.000295085
0.000296345
0.000297719
0.000299156
0.000300604
0.000302006
0.000303305
0.000304449
0.000305387
0.00030608
0.000306494
0.000306612
0.000306427
0.000305948
0.000305197
0.000304206
0.000303019
0.000301686
0.000300263
0.000298807
0.000297374
0.000296018
0.000294789
0.000293729
0.000292874
0.000292254
0.000291889
0.00029179
0.00029196
0.00177908
0.00177927
0.00177986
0.00178082
0.0017821
0.00178366
0.00178544
0.00178736
0.00178936
0.00179136
0.00179329
0.00179508
0.00179666
0.00179798
0.00179899
0.00179965
0.00179993
0.00179981
0.0017993
0.00179841
0.00179717
0.00179563
0.00179384
0.00179188
0.00178982
0.00178775
0.00178574
0.00178388
0.00178225
0.0017809
0.0017799
0.00177929
0.0014736
0.00147384
0.00147472
0.0014762
0.00147823
0.00148074
0.00148362
0.00148679
0.00149011
0.00149346
0.00149672
0.00149976
0.00150245
0.00150469
0.0015064
0.00150749
0.00150793
0.00150769
0.00150679
0.00150526
0.00150316
0.00150058
0.00149762
0.0014944
0.00149104
0.00148768
0.00148444
0.00148146
0.00147883
0.00147666
0.00147503
0.001474
0.000938689
0.000938916
0.000939778
0.000941246
0.000943268
0.000945777
0.000948683
0.000951884
0.000955262
0.000958691
0.000962038
0.000965171
0.000967964
0.000970298
0.000972077
0.000973222
0.000973686
0.000973446
0.000972513
0.000970929
0.00096876
0.000966099
0.000963057
0.000959758
0.000956334
0.000952919
0.000949642
0.000946625
0.000943978
0.000941796
0.000940153
0.000939106
0.00029023
0.000290328
0.000290746
0.000291472
0.000292483
0.000293747
0.000295223
0.000296862
0.000298605
0.000300389
0.000302145
0.000303802
0.00030529
0.000306545
0.000307509
0.000308139
0.000308405
0.000308295
0.000307813
0.000306982
0.000305841
0.000304442
0.000302846
0.000301121
0.000299338
0.000297567
0.000295874
0.000294322
0.000292964
0.000291844
0.000290999
0.000290456
0.00177779
0.00177727
0.00177721
0.00177762
0.00177846
0.00177972
0.00178134
0.00178326
0.00178541
0.0017877
0.00179007
0.00179241
0.00179464
0.0017967
0.00179849
0.00179994
0.00180101
0.00180163
0.00180178
0.00180145
0.00180065
0.0017994
0.00179775
0.00179578
0.00179355
0.00179116
0.00178871
0.00178628
0.00178399
0.00178192
0.00178016
0.00177876
0.00147135
0.00147045
0.00147032
0.00147095
0.00147231
0.00147437
0.00147704
0.00148023
0.00148383
0.00148771
0.00149171
0.00149569
0.00149949
0.00150297
0.00150598
0.0015084
0.00151013
0.0015111
0.00151127
0.00151062
0.00150919
0.00150703
0.00150423
0.00150091
0.0014972
0.00149326
0.00148922
0.00148526
0.00148152
0.00147815
0.00147526
0.00147297
0.000936362
0.000935467
0.000935332
0.000935961
0.000937332
0.000939401
0.000942099
0.000945336
0.000948999
0.000952957
0.000957066
0.00096117
0.000965106
0.000968717
0.00097185
0.000974373
0.000976176
0.000977178
0.000977335
0.00097664
0.000975124
0.000972854
0.000969929
0.000966474
0.000962635
0.00095857
0.000954438
0.000950401
0.000946609
0.0009432
0.000940293
0.000937988
0.000288955
0.000288503
0.000288436
0.000288756
0.000289454
0.000290508
0.000291889
0.000293555
0.00029545
0.000297513
0.000299669
0.000301838
0.000303932
0.000305865
0.000307552
0.000308917
0.000309894
0.000310437
0.000310519
0.000310137
0.000309308
0.000308074
0.000306493
0.000304637
0.000302589
0.000300436
0.000298264
0.000296158
0.000294194
0.000292439
0.000290952
0.000289779
0.00177859
0.00177738
0.00177663
0.00177636
0.00177658
0.00177728
0.00177842
0.00177997
0.00178187
0.00178405
0.00178644
0.00178894
0.00179147
0.00179394
0.00179625
0.00179832
0.00180005
0.00180138
0.00180225
0.00180261
0.00180245
0.00180177
0.0018006
0.00179899
0.00179699
0.0017947
0.00179219
0.00178959
0.00178699
0.0017845
0.00178221
0.00178022
0.0014728
0.00147078
0.0014695
0.00146902
0.00146934
0.00147046
0.00147233
0.0014749
0.00147806
0.00148171
0.00148572
0.00148993
0.00149419
0.00149833
0.0015022
0.00150563
0.00150849
0.00151066
0.00151204
0.00151258
0.00151225
0.00151107
0.00150908
0.00150637
0.00150306
0.00149926
0.00149515
0.00149088
0.00148663
0.00148255
0.00147879
0.00147551
0.000937894
0.000935861
0.00093458
0.000934093
0.000934413
0.00093553
0.000937409
0.000939988
0.000943181
0.000946881
0.000950956
0.000955261
0.000959634
0.000963906
0.000967905
0.000971467
0.000974441
0.000976696
0.000978133
0.000978688
0.000978335
0.00097709
0.000975008
0.000972181
0.000968734
0.000964812
0.00096058
0.000956208
0.000951868
0.000947724
0.000943927
0.000940613
0.000289786
0.000288755
0.000288106
0.000287858
0.000288017
0.000288579
0.000289527
0.000290835
0.000292464
0.000294362
0.000296469
0.000298711
0.000301006
0.000303264
0.000305395
0.000307305
0.000308908
0.000310131
0.000310913
0.000311216
0.000311025
0.00031035
0.000309224
0.000307701
0.000305853
0.000303763
0.000301524
0.000299227
0.000296964
0.000294818
0.000292865
0.00029117
0.00178094
0.00177921
0.00177787
0.00177696
0.00177652
0.00177656
0.00177707
0.00177804
0.00177943
0.00178119
0.00178327
0.00178558
0.00178805
0.00179059
0.0017931
0.00179549
0.00179766
0.00179952
0.00180098
0.001802
0.00180251
0.0018025
0.00180198
0.00180095
0.00179946
0.00179758
0.00179537
0.00179294
0.00179039
0.00178781
0.00178531
0.001783
0.00147706
0.00147417
0.00147191
0.00147035
0.00146956
0.00146955
0.00147034
0.00147188
0.00147412
0.00147699
0.00148039
0.00148419
0.00148825
0.00149243
0.00149655
0.00150047
0.00150402
0.00150707
0.00150947
0.00151115
0.00151201
0.00151203
0.0015112
0.00150956
0.00150718
0.00150416
0.00150062
0.0014967
0.00149256
0.00148838
0.00148429
0.00148048
0.000942373
0.000939458
0.000937175
0.000935601
0.000934786
0.000934755
0.00093551
0.000937025
0.000939251
0.000942113
0.000945515
0.000949338
0.000953446
0.000957688
0.000961901
0.00096592
0.000969582
0.000972734
0.000975241
0.000976993
0.000977913
0.000977958
0.000977126
0.000975454
0.000973016
0.000969917
0.000966291
0.00096229
0.000958077
0.000953821
0.000949685
0.000945822
0.000292258
0.000290769
0.000289601
0.000288789
0.000288356
0.000288314
0.000288665
0.000289398
0.000290492
0.000291913
0.000293618
0.000295553
0.00029765
0.000299837
0.00030203
0.000304143
0.000306086
0.000307776
0.000309134
0.000310098
0.000310621
0.000310676
0.000310262
0.000309397
0.000308124
0.000306502
0.000304606
0.00030252
0.000300333
0.000298132
0.000296002
0.000294022
0.00178277
0.00178074
0.00177904
0.00177773
0.00177686
0.00177645
0.00177653
0.00177708
0.00177809
0.00177952
0.00178132
0.00178344
0.00178579
0.0017883
0.00179086
0.0017934
0.00179579
0.00179795
0.00179977
0.00180119
0.00180215
0.0018026
0.00180252
0.00180192
0.00180082
0.00179927
0.00179734
0.0017951
0.00179265
0.00179009
0.00178753
0.00178506
0.00148063
0.00147725
0.00147439
0.00147214
0.0014706
0.00146981
0.00146979
0.00147056
0.00147208
0.00147429
0.00147713
0.00148048
0.00148424
0.00148825
0.00149238
0.00149646
0.00150033
0.00150384
0.00150685
0.00150923
0.00151089
0.00151174
0.00151177
0.00151096
0.00150935
0.00150701
0.00150402
0.00150053
0.00149666
0.00149258
0.00148844
0.00148441
0.000946251
0.000942831
0.00093993
0.000937646
0.000936054
0.000935208
0.000935133
0.000935831
0.000937278
0.000939425
0.0009422
0.000945509
0.000949236
0.000953249
0.0009574
0.000961532
0.000965484
0.000969095
0.000972217
0.000974716
0.000976485
0.000977443
0.000977549
0.000976795
0.000975214
0.000972875
0.000969879
0.000966355
0.00096245
0.000958325
0.000954143
0.000950068
0.000294496
0.000292744
0.00029125
0.000290061
0.000289214
0.000288733
0.000288631
0.000288911
0.000289564
0.00029057
0.000291899
0.000293509
0.000295349
0.000297356
0.00029946
0.000301583
0.000303641
0.00030555
0.000307227
0.000308598
0.000309598
0.00031018
0.000310314
0.000309994
0.000309234
0.000308071
0.000306559
0.000304767
0.000302775
0.000300667
0.00029853
0.000296448
0.00178131
0.00177916
0.00177741
0.0017761
0.00177529
0.001775
0.00177524
0.001776
0.00177726
0.00177897
0.00178107
0.00178349
0.00178614
0.00178893
0.00179175
0.0017945
0.00179707
0.00179935
0.00180124
0.00180266
0.00180356
0.00180389
0.00180364
0.00180282
0.00180147
0.00179964
0.0017974
0.00179486
0.00179211
0.00178927
0.00178645
0.00178377
0.00147847
0.00147493
0.00147199
0.00146976
0.00146831
0.0014677
0.00146794
0.00146903
0.00147093
0.00147357
0.00147685
0.00148067
0.00148487
0.00148932
0.00149384
0.00149825
0.00150239
0.00150609
0.0015092
0.00151159
0.00151315
0.00151383
0.00151359
0.00151244
0.00151042
0.00150763
0.00150418
0.00150021
0.00149588
0.00149137
0.00148685
0.0014825
0.000944186
0.000940619
0.000937654
0.00093539
0.000933901
0.000933234
0.00093341
0.00093442
0.000936232
0.000938784
0.000941992
0.000945746
0.000949916
0.000954353
0.000958893
0.000963363
0.000967586
0.000971391
0.000974618
0.000977127
0.000978807
0.000979583
0.000979417
0.000978315
0.000976326
0.000973535
0.000970066
0.000966067
0.000961705
0.000957159
0.000952609
0.000948231
0.000293503
0.000291691
0.000290177
0.000289008
0.000288217
0.000287828
0.000287849
0.00028828
0.000289107
0.000290307
0.000291842
0.000293666
0.00029572
0.000297934
0.000300231
0.000302522
0.000304719
0.000306727
0.000308459
0.000309835
0.00031079
0.000311275
0.000311267
0.000310765
0.000309793
0.000308397
0.000306644
0.000304613
0.000302396
0.000300085
0.000297776
0.000295555
0.00177601
0.00177388
0.00177233
0.0017714
0.00177113
0.00177154
0.00177259
0.00177426
0.00177648
0.00177917
0.00178224
0.00178557
0.00178905
0.00179254
0.00179593
0.00179908
0.00180185
0.00180414
0.00180584
0.00180688
0.00180722
0.00180684
0.00180575
0.001804
0.00180166
0.00179883
0.00179561
0.00179215
0.00178858
0.00178505
0.0017817
0.00177865
0.00146956
0.00146609
0.00146355
0.00146202
0.00146154
0.00146214
0.0014638
0.00146645
0.00147001
0.00147435
0.00147931
0.00148473
0.0014904
0.00149611
0.00150164
0.00150676
0.00151128
0.001515
0.00151776
0.00151945
0.00151999
0.00151936
0.00151758
0.00151473
0.00151093
0.00150634
0.00150115
0.00149557
0.00148983
0.00148415
0.00147875
0.00147383
0.000935099
0.000931661
0.000929143
0.000927622
0.000927145
0.000927724
0.000929343
0.00093195
0.000935464
0.000939772
0.000944731
0.00095017
0.000955896
0.000961694
0.000967339
0.000972602
0.000977261
0.000981114
0.000983987
0.000985748
0.000986315
0.00098566
0.000983813
0.000980859
0.000976934
0.000972211
0.000966898
0.000961218
0.000955403
0.00094968
0.000944263
0.000939346
0.000288664
0.00028696
0.000285717
0.000284965
0.000284725
0.000285003
0.00028579
0.000287068
0.0002888
0.00029094
0.000293423
0.000296172
0.000299094
0.000302083
0.000305022
0.000307788
0.000310259
0.000312318
0.000313864
0.000314817
0.000315129
0.000314781
0.000313792
0.000312214
0.000310127
0.000307633
0.000304849
0.000301899
0.000298905
0.000295986
0.000293247
0.00029078
0.00177012
0.00176802
0.0017667
0.0017662
0.00176654
0.0017677
0.00176965
0.00177231
0.00177558
0.00177934
0.00178347
0.0017878
0.00179218
0.00179646
0.00180046
0.00180403
0.00180701
0.00180929
0.00181077
0.00181137
0.00181108
0.0018099
0.00180788
0.0018051
0.00180167
0.00179773
0.00179345
0.001789
0.00178455
0.00178029
0.00177637
0.00177294
0.00145971
0.00145636
0.00145427
0.00145351
0.00145412
0.00145605
0.00145926
0.00146364
0.00146904
0.00147528
0.00148213
0.00148935
0.00149666
0.00150379
0.00151045
0.00151636
0.00152127
0.00152498
0.00152731
0.00152816
0.0015275
0.00152535
0.00152181
0.00151703
0.00151123
0.00150464
0.00149754
0.00149022
0.00148297
0.00147605
0.00146972
0.00146421
0.000925144
0.000921877
0.000919863
0.00091916
0.000919788
0.000921731
0.000924933
0.000929305
0.000934714
0.000940992
0.000947933
0.000955293
0.000962802
0.000970166
0.000977081
0.000983246
0.000988384
0.000992252
0.000994664
0.000995502
0.000994726
0.000992374
0.000988564
0.00098348
0.000977361
0.000970483
0.000963146
0.00095565
0.000948288
0.000941332
0.000935023
0.00092957
0.000283428
0.000281856
0.000280909
0.000280608
0.000280958
0.000281954
0.000283575
0.000285783
0.000288527
0.000291732
0.000295307
0.000299136
0.000303082
0.000306992
0.000310697
0.000314025
0.00031681
0.000318904
0.000320192
0.000320599
0.000320104
0.000318735
0.000316571
0.000313731
0.000310366
0.000306642
0.00030273
0.000298797
0.000294993
0.000291453
0.000288288
0.000285589
0.00176776
0.00176554
0.00176417
0.00176372
0.00176419
0.00176556
0.00176779
0.00177079
0.00177445
0.00177864
0.00178322
0.001788
0.00179283
0.00179751
0.00180188
0.00180575
0.00180896
0.00181138
0.0018129
0.00181346
0.00181302
0.00181162
0.00180929
0.00180614
0.0018023
0.00179792
0.00179318
0.00178828
0.0017834
0.00177874
0.00177448
0.00177078
0.00145589
0.00145237
0.00145025
0.0014496
0.00145043
0.00145274
0.00145643
0.00146139
0.00146747
0.00147444
0.00148207
0.00149009
0.00149818
0.00150604
0.00151334
0.00151979
0.0015251
0.00152904
0.00153144
0.00153218
0.00153123
0.00152864
0.00152452
0.00151906
0.00151249
0.0015051
0.00149719
0.00148909
0.0014811
0.00147353
0.00146665
0.00146071
0.000921358
0.000917941
0.000915912
0.000915326
0.000916199
0.00091851
0.000922196
0.000927156
0.000933246
0.000940279
0.000948027
0.000956221
0.000964557
0.000972708
0.000980332
0.000987091
0.000992672
0.000996807
0.000999291
0.000999999
0.000998895
0.000996038
0.000991572
0.000985718
0.000978758
0.000971008
0.000962807
0.000954492
0.000946384
0.000938778
0.000931933
0.000926067
0.000281504
0.000279875
0.000278934
0.000278702
0.000279182
0.000280366
0.000282231
0.000284739
0.000287831
0.000291431
0.000295435
0.000299717
0.000304124
0.000308481
0.000312598
0.000316278
0.000319329
0.000321585
0.000322914
0.000323239
0.00032254
0.000320859
0.000318296
0.000314998
0.000311141
0.000306921
0.000302532
0.000298159
0.000293969
0.000290103
0.000286679
0.000283789
0.00177021
0.00176767
0.00176592
0.00176502
0.00176499
0.00176585
0.00176754
0.00177003
0.00177321
0.00177696
0.00178117
0.00178567
0.00179029
0.00179488
0.00179926
0.00180324
0.00180668
0.00180941
0.00181133
0.00181236
0.00181244
0.00181158
0.0018098
0.00180718
0.00180383
0.00179989
0.00179551
0.00179087
0.00178617
0.00178158
0.00177729
0.00177346
0.0014601
0.00145602
0.00145322
0.00145179
0.00145177
0.00145317
0.00145595
0.00146
0.00146519
0.00147136
0.00147829
0.00148574
0.00149342
0.00150104
0.00150831
0.00151493
0.00152061
0.00152512
0.00152826
0.00152988
0.00152991
0.00152834
0.00152526
0.00152079
0.00151514
0.00150854
0.00150127
0.00149364
0.00148595
0.00147848
0.00147153
0.00146533
0.000925644
0.000921644
0.000918916
0.000917536
0.000917543
0.000918937
0.00092168
0.000925694
0.000930863
0.000937031
0.000944003
0.000951542
0.00095938
0.00096722
0.000974747
0.00098164
0.000987593
0.000992328
0.000995619
0.000997301
0.000997292
0.000995591
0.000992283
0.000987533
0.000981567
0.000974665
0.000967133
0.000959292
0.000951456
0.000943922
0.000936959
0.000930801
0.000283807
0.000281859
0.000280544
0.000279893
0.000279917
0.000280618
0.000281979
0.000283973
0.000286553
0.000289657
0.000293198
0.000297071
0.000301146
0.000305272
0.000309279
0.000312989
0.000316222
0.000318809
0.000320608
0.000321517
0.000321483
0.000320507
0.000318646
0.000316007
0.000312734
0.000308996
0.000304973
0.000300845
0.00029678
0.000292927
0.000289414
0.000286347
0.00177485
0.00177202
0.00176982
0.00176833
0.00176761
0.00176769
0.00176854
0.00177015
0.00177246
0.00177539
0.00177882
0.00178265
0.00178672
0.00179091
0.00179504
0.00179895
0.00180249
0.0018055
0.00180787
0.00180949
0.0018103
0.00181025
0.00180935
0.00180763
0.00180518
0.00180208
0.00179847
0.00179449
0.00179031
0.0017861
0.00178202
0.00177823
0.00146779
0.00146315
0.00145955
0.0014571
0.00145589
0.00145595
0.00145729
0.00145985
0.00146355
0.00146827
0.00147384
0.00148008
0.00148676
0.00149363
0.00150042
0.00150688
0.00151273
0.00151774
0.00152169
0.0015244
0.00152576
0.00152571
0.00152425
0.00152143
0.00151739
0.0015123
0.00150638
0.00149987
0.00149305
0.00148617
0.00147951
0.00147331
0.000933378
0.000928765
0.000925192
0.000922765
0.000921554
0.000921595
0.000922884
0.000925384
0.000929021
0.000933685
0.000939231
0.000945477
0.000952211
0.000959189
0.000966147
0.000972808
0.000978892
0.000984133
0.00098829
0.000991169
0.000992631
0.000992601
0.000991082
0.000988146
0.000983933
0.000978642
0.000972513
0.000965816
0.000958832
0.000951843
0.000945113
0.000938888
0.000287842
0.000285536
0.000283757
0.000282546
0.000281933
0.000281929
0.000282536
0.000283739
0.000285508
0.000287801
0.000290557
0.000293697
0.000297125
0.000300724
0.00030436
0.000307887
0.00031115
0.000313995
0.000316279
0.000317882
0.000318715
0.000318732
0.000317929
0.000316353
0.000314089
0.000311256
0.000307997
0.000304467
0.000300822
0.00029721
0.000293767
0.000290612
0.001779
0.00177614
0.00177378
0.00177199
0.00177084
0.00177037
0.0017706
0.00177151
0.00177308
0.00177525
0.00177795
0.00178107
0.00178452
0.00178816
0.00179186
0.00179547
0.00179885
0.00180186
0.00180438
0.00180629
0.00180753
0.00180803
0.00180778
0.00180679
0.0018051
0.00180278
0.00179992
0.00179666
0.00179311
0.00178943
0.00178576
0.00178224
0.00147425
0.00146956
0.00146567
0.00146272
0.00146081
0.00146001
0.00146034
0.00146178
0.0014643
0.0014678
0.00147217
0.00147725
0.00148287
0.00148882
0.00149487
0.00150079
0.00150635
0.00151133
0.00151551
0.00151871
0.0015208
0.00152169
0.00152134
0.00151976
0.00151702
0.00151324
0.00150858
0.00150324
0.00149743
0.0014914
0.00148538
0.00147959
0.000939713
0.00093501
0.000931127
0.000928188
0.000926282
0.000925468
0.000925769
0.000927174
0.000929642
0.000933097
0.00093743
0.000942501
0.00094814
0.000954149
0.000960307
0.000966378
0.000972117
0.000977283
0.000981651
0.000985025
0.000987247
0.000988212
0.000987874
0.000986247
0.000983409
0.000979491
0.000974673
0.000969168
0.000963213
0.000957053
0.000950933
0.000945082
0.000290986
0.000288612
0.00028666
0.000285184
0.000284222
0.000283798
0.000283921
0.000284588
0.000285782
0.000287473
0.000289615
0.000292149
0.000294997
0.000298067
0.000301251
0.000304428
0.000307468
0.000310238
0.000312606
0.000314457
0.000315696
0.000316255
0.000316104
0.000315252
0.000313743
0.000311656
0.000309097
0.000306189
0.000303066
0.000299862
0.000296705
0.000293712
0.00178258
0.00177998
0.00177773
0.00177591
0.0017746
0.00177383
0.00177364
0.00177403
0.00177499
0.00177649
0.00177848
0.00178088
0.00178362
0.0017866
0.0017897
0.0017928
0.00179578
0.00179852
0.0018009
0.00180282
0.00180421
0.00180501
0.00180519
0.00180473
0.00180367
0.00180204
0.00179991
0.00179739
0.00179456
0.00179155
0.00178847
0.00178545
0.00147963
0.00147538
0.00147171
0.00146877
0.00146665
0.00146543
0.00146514
0.00146581
0.0014674
0.00146986
0.00147311
0.00147703
0.00148149
0.00148632
0.00149134
0.00149636
0.00150118
0.00150562
0.00150949
0.00151263
0.0015149
0.00151622
0.00151652
0.0015158
0.00151408
0.00151143
0.00150798
0.00150386
0.00149925
0.00149432
0.00148928
0.00148433
0.000944905
0.000940644
0.00093699
0.000934066
0.000931967
0.00093076
0.000930482
0.000931143
0.000932721
0.000935167
0.000938402
0.000942319
0.000946787
0.000951649
0.000956727
0.00096183
0.000966758
0.00097131
0.000975295
0.00097854
0.000980901
0.000982272
0.00098259
0.000981839
0.000980055
0.000977318
0.000973751
0.000969512
0.000964782
0.000959757
0.000954639
0.000949626
0.000293481
0.000291339
0.000289515
0.000288063
0.000287026
0.000286431
0.000286296
0.000286622
0.000287401
0.000288613
0.000290222
0.000292182
0.000294432
0.000296899
0.000299497
0.000302129
0.000304692
0.000307079
0.000309183
0.000310908
0.000312169
0.000312905
0.000313077
0.000312676
0.000311723
0.000310266
0.000308376
0.000306144
0.00030367
0.000301063
0.00029843
0.000295871
0.00178636
0.00178398
0.00178182
0.00177994
0.00177841
0.00177729
0.00177663
0.00177644
0.00177674
0.00177752
0.00177876
0.0017804
0.00178241
0.0017847
0.00178719
0.00178978
0.00179238
0.00179486
0.00179714
0.00179911
0.0018007
0.00180184
0.0018025
0.00180263
0.00180225
0.00180136
0.00180001
0.00179826
0.00179618
0.00179386
0.00179138
0.00178885
0.00148572
0.00148185
0.00147834
0.0014753
0.00147285
0.00147107
0.00147002
0.00146975
0.00147027
0.00147154
0.00147354
0.0014762
0.00147941
0.00148306
0.00148702
0.00149114
0.00149526
0.00149922
0.00150286
0.00150604
0.00150862
0.0015105
0.00151159
0.00151187
0.00151131
0.00150993
0.00150781
0.00150502
0.00150168
0.00149792
0.00149391
0.00148979
0.000951012
0.000947137
0.000943623
0.000940594
0.000938157
0.000936391
0.000935357
0.000935088
0.000935593
0.000936856
0.000938835
0.000941464
0.000944655
0.000948296
0.000952258
0.000956393
0.000960547
0.000964555
0.000968257
0.0009715
0.000974147
0.000976083
0.000977225
0.000977521
0.000976959
0.000975563
0.000973396
0.000970551
0.000967151
0.000963339
0.00095927
0.000955108
0.000296619
0.000294672
0.000292915
0.000291407
0.000290197
0.000289321
0.000288806
0.000288667
0.000288908
0.000289521
0.000290489
0.000291783
0.000293361
0.000295174
0.00029716
0.000299248
0.00030136
0.000303414
0.000305325
0.00030701
0.000308396
0.000309417
0.000310025
0.000310191
0.000309908
0.000309188
0.000308066
0.000306594
0.000304841
0.000302883
0.000300804
0.000298689
0.00178959
0.00178721
0.00178492
0.0017828
0.00178092
0.00177937
0.00177819
0.00177743
0.00177713
0.00177729
0.00177791
0.00177898
0.00178047
0.00178231
0.00178445
0.00178679
0.00178924
0.00179171
0.0017941
0.0017963
0.00179823
0.00179981
0.00180098
0.0018017
0.00180194
0.00180169
0.00180096
0.0017998
0.00179825
0.00179638
0.00179425
0.00179196
0.00149132
0.0014874
0.00148362
0.00148012
0.00147703
0.00147446
0.00147251
0.00147125
0.00147071
0.00147093
0.00147188
0.00147355
0.00147587
0.00147876
0.00148212
0.00148582
0.00148971
0.00149366
0.00149752
0.00150112
0.00150432
0.001507
0.00150904
0.00151037
0.00151092
0.00151068
0.00150965
0.00150788
0.00150544
0.00150244
0.00149899
0.00149524
0.000956853
0.000952873
0.000949043
0.000945504
0.000942383
0.000939789
0.000937811
0.000936515
0.000935945
0.000936117
0.000937027
0.000938645
0.000940917
0.000943765
0.000947091
0.000950778
0.000954691
0.000958683
0.000962601
0.00096629
0.000969599
0.000972392
0.000974548
0.000975975
0.00097661
0.000976424
0.000975426
0.000973658
0.000971198
0.000968151
0.000964647
0.000960829
0.000299788
0.000297748
0.000295787
0.000293977
0.000292379
0.000291046
0.00029002
0.000289333
0.000289004
0.000289043
0.000289448
0.000290207
0.000291298
0.000292686
0.000294329
0.000296171
0.000298148
0.000300189
0.000302216
0.000304148
0.000305904
0.000307408
0.000308591
0.000309399
0.000309792
0.000309753
0.000309282
0.000308401
0.000307152
0.000305592
0.000303792
0.00030183
0.00179054
0.00178812
0.00178576
0.00178353
0.00178153
0.00177982
0.00177846
0.00177752
0.00177703
0.00177701
0.00177747
0.00177838
0.00177973
0.00178147
0.00178353
0.00178583
0.00178828
0.00179077
0.00179322
0.00179552
0.00179757
0.00179931
0.00180066
0.00180156
0.00180199
0.00180193
0.00180139
0.00180039
0.00179898
0.00179721
0.00179517
0.00179292
0.00149301
0.00148897
0.00148501
0.00148129
0.00147793
0.00147507
0.0014728
0.00147121
0.00147035
0.00147025
0.00147092
0.00147234
0.00147445
0.00147719
0.00148045
0.00148411
0.00148803
0.00149208
0.00149609
0.0014999
0.00150337
0.00150636
0.00150873
0.00151041
0.0015113
0.00151139
0.00151067
0.00150916
0.00150693
0.00150407
0.00150071
0.00149697
0.000958613
0.000954484
0.000950447
0.000946652
0.000943238
0.000940323
0.000938009
0.000936372
0.000935467
0.000935323
0.000935944
0.00093731
0.000939377
0.000942075
0.000945312
0.000948976
0.000952935
0.000957043
0.000961143
0.000965076
0.000968683
0.000971814
0.000974336
0.000976141
0.000977148
0.000977314
0.000976629
0.000975124
0.000972865
0.000969951
0.000966505
0.000962674
0.000300736
0.000298588
0.000296491
0.000294523
0.000292752
0.000291237
0.000290026
0.000289155
0.00028865
0.000288526
0.000288785
0.00028942
0.000290414
0.000291735
0.000293344
0.000295188
0.000297206
0.000299326
0.000301468
0.000303549
0.000305483
0.000307187
0.000308583
0.000309608
0.000310212
0.000310365
0.000310059
0.00030931
0.000308153
0.000306643
0.00030485
0.000302852
0.00178887
0.0017866
0.00178443
0.00178245
0.00178074
0.00177935
0.00177833
0.00177774
0.00177758
0.00177788
0.00177862
0.00177978
0.00178132
0.00178318
0.00178531
0.0017876
0.00178997
0.00179233
0.00179458
0.00179662
0.00179838
0.00179979
0.00180079
0.00180135
0.00180143
0.00180105
0.00180023
0.00179899
0.0017974
0.00179551
0.00179341
0.00179117
0.00148995
0.00148614
0.00148252
0.00147922
0.00147636
0.00147405
0.00147236
0.00147137
0.0014711
0.00147157
0.00147275
0.00147462
0.0014771
0.0014801
0.00148352
0.00148723
0.00149109
0.00149495
0.00149865
0.00150206
0.00150504
0.00150745
0.00150922
0.00151026
0.00151052
0.00151001
0.00150874
0.00150677
0.00150417
0.00150106
0.00149756
0.00149381
0.000955337
0.000951447
0.000947758
0.000944406
0.000941508
0.000939166
0.000937458
0.000936441
0.000936149
0.000936593
0.000937756
0.000939603
0.00094207
0.000945074
0.000948511
0.000952258
0.000956176
0.000960118
0.000963928
0.000967455
0.000970553
0.00097309
0.000974959
0.000976078
0.000976397
0.000975902
0.000974616
0.000972596
0.000969928
0.000966728
0.000963131
0.000959282
0.00029887
0.000296852
0.000294945
0.000293217
0.000291727
0.000290521
0.000289637
0.000289102
0.000288931
0.000289129
0.000289692
0.000290601
0.00029183
0.000293341
0.000295086
0.000297005
0.000299031
0.000301087
0.000303094
0.000304969
0.000306632
0.000308009
0.000309036
0.000309666
0.000309867
0.000309631
0.000308969
0.000307912
0.00030651
0.000304827
0.000302939
0.000300926
0.0017862
0.00178429
0.00178258
0.00178113
0.00178
0.00177922
0.00177883
0.00177884
0.00177925
0.00178006
0.00178122
0.00178272
0.00178449
0.00178646
0.00178857
0.00179073
0.00179285
0.00179484
0.00179663
0.00179813
0.0017993
0.00180009
0.00180046
0.00180039
0.00179991
0.00179902
0.00179776
0.0017962
0.00179439
0.00179241
0.00179033
0.00178824
0.00148516
0.00148196
0.0014791
0.00147669
0.00147481
0.00147353
0.0014729
0.00147293
0.00147364
0.00147498
0.00147693
0.00147941
0.00148233
0.00148558
0.00148904
0.00149258
0.00149606
0.00149935
0.00150232
0.00150484
0.00150681
0.00150815
0.00150881
0.00150876
0.00150799
0.00150655
0.0015045
0.00150192
0.00149891
0.0014956
0.00149211
0.00148859
0.000950274
0.000947018
0.000944119
0.000941679
0.000939782
0.000938494
0.000937856
0.000937892
0.000938599
0.000939956
0.000941917
0.000944416
0.000947366
0.000950664
0.000954188
0.000957808
0.000961383
0.000964772
0.000967838
0.000970453
0.000972506
0.000973909
0.000974602
0.000974554
0.000973768
0.000972278
0.00097015
0.000967476
0.000964369
0.000960956
0.000957377
0.00095377
0.000296088
0.000294409
0.000292922
0.000291676
0.000290711
0.000290058
0.000289735
0.000289753
0.000290112
0.000290801
0.000291799
0.000293076
0.00029459
0.000296292
0.000298121
0.000300011
0.00030189
0.000303681
0.00030531
0.000306706
0.000307807
0.000308562
0.000308935
0.000308909
0.000308486
0.000307685
0.000306544
0.000305117
0.000303466
0.000301664
0.000299784
0.000297902
0.00178392
0.00178263
0.0017816
0.00178088
0.00178047
0.00178041
0.00178069
0.0017813
0.00178223
0.00178344
0.00178488
0.00178652
0.00178829
0.00179012
0.00179194
0.00179368
0.00179527
0.00179664
0.00179774
0.00179851
0.00179893
0.00179899
0.00179867
0.001798
0.00179699
0.0017957
0.00179418
0.00179249
0.0017907
0.00178888
0.00178711
0.00178543
0.0014812
0.00147902
0.0014773
0.00147608
0.00147541
0.00147532
0.00147581
0.00147686
0.00147843
0.00148048
0.00148292
0.00148567
0.00148862
0.00149167
0.00149469
0.00149757
0.0015002
0.00150246
0.00150427
0.00150555
0.00150625
0.00150634
0.00150581
0.0015047
0.00150304
0.0015009
0.00149838
0.00149557
0.00149258
0.00148954
0.00148655
0.00148374
0.000946145
0.000943942
0.000942196
0.000940967
0.000940297
0.000940209
0.000940707
0.000941774
0.000943375
0.000945455
0.000947942
0.000950746
0.000953767
0.00095689
0.000959996
0.000962963
0.000965672
0.000968011
0.000969883
0.000971208
0.00097193
0.000972018
0.000971468
0.000970305
0.000968578
0.000966361
0.000963749
0.000960847
0.000957775
0.000954652
0.000951598
0.000948727
0.000293891
0.000292763
0.000291875
0.000291253
0.000290919
0.000290882
0.000291145
0.000291698
0.000292526
0.000293603
0.000294893
0.000296352
0.000297929
0.000299567
0.000301203
0.000302771
0.000304208
0.000305451
0.000306447
0.00030715
0.000307528
0.000307565
0.000307259
0.000306623
0.000305688
0.000304496
0.0003031
0.000301558
0.000299937
0.000298299
0.000296707
0.000295221
0.00178281
0.00178233
0.00178213
0.00178221
0.00178257
0.0017832
0.00178408
0.00178516
0.00178642
0.00178781
0.00178927
0.00179076
0.00179223
0.00179361
0.00179485
0.0017959
0.00179672
0.00179727
0.00179753
0.00179748
0.00179712
0.00179648
0.00179556
0.00179442
0.00179309
0.00179163
0.00179011
0.00178858
0.00178711
0.00178575
0.00178455
0.00178356
0.001479
0.00147821
0.00147789
0.00147806
0.00147872
0.00147983
0.00148135
0.00148324
0.00148542
0.00148782
0.00149034
0.00149288
0.00149536
0.00149767
0.00149972
0.00150142
0.00150272
0.00150356
0.0015039
0.00150372
0.00150304
0.00150189
0.0015003
0.00149835
0.00149611
0.00149367
0.00149113
0.00148859
0.00148614
0.00148388
0.00148189
0.00148024
0.000943765
0.000942982
0.000942684
0.000942882
0.000943569
0.000944723
0.000946303
0.000948254
0.000950507
0.000952979
0.000955579
0.000958207
0.000960762
0.000963143
0.000965252
0.000967004
0.000968327
0.000969164
0.000969481
0.000969265
0.000968524
0.000967291
0.000965617
0.000963572
0.000961239
0.000958713
0.000956093
0.000953483
0.000950981
0.000948681
0.000946665
0.000945007
0.000292569
0.000292192
0.000292068
0.0002922
0.000292585
0.00029321
0.000294057
0.000295095
0.000296291
0.000297602
0.00029898
0.000300373
0.000301727
0.000302985
0.000304097
0.000305015
0.000305698
0.000306117
0.000306253
0.000306101
0.000305666
0.000304969
0.000304042
0.000302923
0.000301661
0.000300308
0.000298918
0.000297546
0.000296242
0.000295054
0.000294024
0.000293186
0.00178352
0.00178373
0.00178416
0.0017848
0.00178562
0.00178659
0.00178767
0.00178882
0.00179
0.00179117
0.00179228
0.0017933
0.00179418
0.00179491
0.00179544
0.00179576
0.00179585
0.0017957
0.00179531
0.0017947
0.00179389
0.00179291
0.0017918
0.00179061
0.00178937
0.00178814
0.00178698
0.00178592
0.00178502
0.00178431
0.00178382
0.00178355
0.00147987
0.00148027
0.00148108
0.00148225
0.00148375
0.00148551
0.00148748
0.00148957
0.00149171
0.00149382
0.00149581
0.00149761
0.00149915
0.00150037
0.00150121
0.00150164
0.00150165
0.00150124
0.00150041
0.00149921
0.00149769
0.00149589
0.0014939
0.00149179
0.00148964
0.00148753
0.00148556
0.00148378
0.00148228
0.0014811
0.00148028
0.00147987
0.000944476
0.000944937
0.000945811
0.000947065
0.000948655
0.000950525
0.000952605
0.000954819
0.000957083
0.000959309
0.000961409
0.0009633
0.000964905
0.000966158
0.000967007
0.000967418
0.000967374
0.000966878
0.00096595
0.00096463
0.000962973
0.000961044
0.000958923
0.000956692
0.000954438
0.000952246
0.0009502
0.000948375
0.000946838
0.000945643
0.000944835
0.000944441
0.000292788
0.000293079
0.00029359
0.000294304
0.000295198
0.000296241
0.000297395
0.00029862
0.000299867
0.00030109
0.000302239
0.000303266
0.000304129
0.00030479
0.000305221
0.000305403
0.000305328
0.000305001
0.000304435
0.000303657
0.000302699
0.000301603
0.000300412
0.000299176
0.000297941
0.000296755
0.00029566
0.000294696
0.000293897
0.00029329
0.000292895
0.000292726
0.00178806
0.00178842
0.00178884
0.0017893
0.00178979
0.00179028
0.00179075
0.00179119
0.00179158
0.00179192
0.00179218
0.00179236
0.00179246
0.00179249
0.00179243
0.00179229
0.00179206
0.00179176
0.00179139
0.00179097
0.00179051
0.00179002
0.00178953
0.00178905
0.0017886
0.00178821
0.00178789
0.00178766
0.00178753
0.00178751
0.00178759
0.00178778
0.00148685
0.00148743
0.00148816
0.00148899
0.0014899
0.00149086
0.00149182
0.00149275
0.00149361
0.00149437
0.001495
0.00149548
0.00149578
0.0014959
0.00149584
0.00149558
0.00149516
0.00149458
0.00149386
0.00149303
0.00149212
0.00149117
0.00149022
0.00148929
0.00148843
0.00148767
0.00148704
0.00148655
0.00148624
0.00148611
0.00148617
0.00148642
0.000951367
0.000951979
0.000952747
0.000953642
0.000954631
0.000955676
0.000956737
0.000957772
0.00095874
0.000959602
0.000960325
0.000960879
0.000961243
0.000961402
0.00096135
0.00096109
0.000960634
0.000960001
0.000959215
0.000958309
0.000957318
0.000956279
0.000955232
0.000954217
0.000953272
0.000952431
0.000951725
0.000951182
0.000950821
0.000950656
0.000950694
0.000950934
0.000296249
0.000296588
0.000297021
0.000297533
0.000298104
0.000298713
0.000299336
0.00029995
0.000300529
0.000301051
0.000301494
0.000301839
0.000302072
0.000302184
0.000302172
0.000302035
0.000301781
0.00030142
0.000300969
0.000300444
0.000299867
0.000299261
0.000298648
0.000298051
0.000297493
0.000296993
0.000296569
0.000296237
0.00029601
0.000295895
0.000295897
0.000296016
0.00179513
0.00179529
0.00179523
0.00179493
0.00179442
0.00179371
0.00179283
0.00179181
0.0017907
0.00178954
0.00178837
0.00178724
0.00178621
0.00178531
0.00178457
0.00178403
0.00178369
0.00178358
0.00178368
0.00178401
0.00178453
0.00178524
0.0017861
0.00178709
0.00178816
0.00178927
0.00179039
0.00179148
0.0017925
0.0017934
0.00179417
0.00179475
0.00149942
0.00149939
0.001499
0.00149829
0.00149728
0.00149601
0.00149452
0.00149289
0.00149116
0.00148941
0.00148769
0.00148609
0.00148465
0.00148342
0.00148247
0.00148181
0.00148148
0.0014815
0.00148185
0.00148253
0.00148352
0.00148477
0.00148625
0.00148789
0.00148963
0.00149141
0.00149315
0.00149478
0.00149625
0.00149749
0.00149846
0.00149911
0.000964593
0.000964421
0.000963906
0.000963071
0.000961952
0.000960597
0.000959059
0.000957399
0.000955678
0.000953961
0.00095231
0.000950784
0.000949437
0.00094832
0.000947472
0.000946925
0.000946701
0.000946811
0.000947254
0.000948016
0.000949072
0.000950385
0.000951907
0.000953581
0.000955343
0.000957121
0.000958845
0.000960445
0.000961853
0.000963013
0.000963876
0.00096441
0.000303396
0.000303184
0.000302801
0.000302268
0.000301607
0.000300847
0.000300018
0.000299154
0.000298286
0.000297446
0.000296662
0.000295962
0.000295369
0.000294904
0.000294581
0.000294414
0.000294409
0.000294568
0.000294889
0.000295361
0.000295971
0.000296697
0.000297514
0.000298392
0.000299295
0.000300189
0.000301035
0.000301796
0.000302441
0.000302941
0.000303274
0.000303428
0.00180484
0.00180589
0.00180633
0.00180614
0.00180532
0.00180391
0.00180197
0.00179958
0.00179683
0.00179383
0.00179069
0.00178755
0.00178451
0.0017817
0.00177923
0.00177717
0.0017756
0.00177459
0.00177416
0.00177434
0.00177511
0.00177646
0.00177833
0.00178066
0.00178335
0.00178631
0.00178943
0.00179258
0.00179565
0.00179852
0.00180108
0.00180321
0.00151608
0.00151727
0.00151743
0.00151657
0.00151471
0.00151195
0.0015084
0.00150422
0.00149956
0.00149462
0.00148958
0.00148464
0.00147997
0.00147574
0.00147211
0.0014692
0.00146711
0.00146593
0.00146569
0.0014664
0.00146806
0.0014706
0.00147395
0.00147797
0.00148254
0.00148747
0.00149258
0.00149767
0.00150254
0.00150699
0.00151083
0.0015139
0.000982307
0.000983286
0.000983181
0.000982005
0.00097982
0.000976733
0.000972887
0.000968451
0.000963609
0.000958555
0.000953482
0.000948574
0.000944006
0.000939932
0.000936488
0.000933788
0.000931921
0.000930951
0.000930914
0.000931818
0.000933643
0.000936336
0.000939816
0.000943968
0.000948651
0.000953695
0.000958909
0.000964087
0.000969015
0.000973482
0.000977294
0.00098028
0.000313365
0.000313648
0.000313336
0.00031245
0.000311042
0.000309186
0.000306974
0.000304511
0.000301902
0.000299254
0.000296665
0.000294227
0.000292018
0.000290106
0.000288545
0.00028738
0.000286643
0.000286358
0.000286535
0.000287174
0.000288263
0.000289775
0.00029167
0.000293893
0.000296373
0.000299023
0.000301745
0.000304427
0.000306955
0.000309212
0.000311092
0.000312499
0.00180705
0.00181072
0.00181342
0.00181506
0.00181557
0.00181493
0.00181317
0.00181037
0.00180665
0.00180217
0.00179709
0.00179163
0.001786
0.00178041
0.00177507
0.00177016
0.00176588
0.00176237
0.00175976
0.00175814
0.00175758
0.00175811
0.0017597
0.00176231
0.00176584
0.00177017
0.00177514
0.00178057
0.00178625
0.00179196
0.00179747
0.00180257
0.00152387
0.00152975
0.00153398
0.00153635
0.00153677
0.00153524
0.00153183
0.00152672
0.00152016
0.00151243
0.00150386
0.0014948
0.00148561
0.00147661
0.00146814
0.00146048
0.00145389
0.00144859
0.00144475
0.0014425
0.00144192
0.00144304
0.00144584
0.00145024
0.00145611
0.00146326
0.00147145
0.00148038
0.00148973
0.00149914
0.00150821
0.00151658
0.000992291
0.000998411
0.00100274
0.00100507
0.00100527
0.00100337
0.000999473
0.000993815
0.000986694
0.000978465
0.000969501
0.000960181
0.000950863
0.000941882
0.000933535
0.000926084
0.000919751
0.000914717
0.00091113
0.000909092
0.000908669
0.000909887
0.000912729
0.000917134
0.000922993
0.000930145
0.000938376
0.00094742
0.000956954
0.000966614
0.000976
0.000984696
0.000319679
0.000322967
0.000325247
0.000326376
0.000326285
0.000324986
0.000322577
0.00031922
0.000315127
0.000310527
0.000305653
0.000300717
0.00029591
0.000291389
0.000287285
0.000283701
0.000280721
0.00027841
0.000276814
0.000275969
0.000275898
0.000276612
0.000278105
0.000280359
0.000283336
0.000286975
0.000291187
0.000295855
0.000300827
0.000305919
0.000310917
0.000315585
0.00180658
0.00181495
0.00182224
0.00182816
0.00183245
0.00183493
0.0018355
0.00183412
0.00183088
0.00182589
0.0018194
0.00181166
0.001803
0.00179378
0.00178435
0.00177508
0.0017663
0.00175833
0.00175147
0.00174594
0.00174194
0.00173961
0.00173904
0.00174025
0.00174319
0.00174777
0.00175383
0.00176117
0.00176952
0.00177859
0.00178803
0.00179749
0.00152341
0.00153807
0.00155102
0.00156164
0.00156941
0.00157394
0.00157498
0.0015725
0.00156662
0.00155764
0.00154602
0.00153233
0.00151719
0.00150127
0.00148523
0.00146967
0.00145516
0.00144217
0.00143111
0.0014223
0.001416
0.00141237
0.00141151
0.00141344
0.00141811
0.00142541
0.00143514
0.00144701
0.00146068
0.00147571
0.00149157
0.00150768
0.000992163
0.00100813
0.00102246
0.00103438
0.00104321
0.00104841
0.00104964
0.00104683
0.00104017
0.00103006
0.00101713
0.00100209
0.000985732
0.000968828
0.000952092
0.000936152
0.00092153
0.000908648
0.000897829
0.000889312
0.000883267
0.0008798
0.000878972
0.000880797
0.000885245
0.000892242
0.000901659
0.000913306
0.000926911
0.000942113
0.000958451
0.000975357
0.000319754
0.000329022
0.000337568
0.00034485
0.00035035
0.00035364
0.000354452
0.00035272
0.000348589
0.000342396
0.000334606
0.000325751
0.000316369
0.000306939
0.000297865
0.000289458
0.000281946
0.000275481
0.00027016
0.000266038
0.000263142
0.000261487
0.000261078
0.000261916
0.000264
0.000267325
0.000271874
0.000277608
0.000284462
0.000292323
0.000301013
0.000310272
0.00179772
0.00180601
0.00181341
0.00181962
0.00182438
0.0018275
0.00182885
0.00182839
0.00182615
0.00182222
0.0018168
0.00181009
0.00180239
0.001794
0.00178525
0.00177645
0.00176794
0.00176002
0.00175298
0.00174706
0.00174248
0.00173941
0.00173797
0.00173822
0.00174015
0.00174371
0.00174878
0.00175518
0.00176269
0.00177102
0.00177987
0.00178889
0.00151014
0.00152377
0.001536
0.00154626
0.00155409
0.00155911
0.00156111
0.00156003
0.00155595
0.00154911
0.00153985
0.0015286
0.00151587
0.00150219
0.00148808
0.00147408
0.00146069
0.00144836
0.00143751
0.00142847
0.00142155
0.00141695
0.00141484
0.0014153
0.00141834
0.00142388
0.00143177
0.0014418
0.00145364
0.0014669
0.0014811
0.00149571
0.000978876
0.000993134
0.00100603
0.00101689
0.00102513
0.0010303
0.00103215
0.00103065
0.00102594
0.00101837
0.00100838
0.000996501
0.000983301
0.000969343
0.000955174
0.000941304
0.000928196
0.000916255
0.00090583
0.000897214
0.000890639
0.000886281
0.000884267
0.000884669
0.000887509
0.000892753
0.000900303
0.000909996
0.000921588
0.000934745
0.000949041
0.000963955
0.000312441
0.000320154
0.000327226
0.000333218
0.00033772
0.000340439
0.000341213
0.000340045
0.00033709
0.000332616
0.000326954
0.00032045
0.000313438
0.00030622
0.000299067
0.000292213
0.000285856
0.000280158
0.00027525
0.000271237
0.000268195
0.000266186
0.000265253
0.000265427
0.000266728
0.00026916
0.000272709
0.000277339
0.00028298
0.000289516
0.000296775
0.000304521
0.00178967
0.00180217
0.00181405
0.00182481
0.00183401
0.00184124
0.00184619
0.00184861
0.0018484
0.00184556
0.00184023
0.00183264
0.00182314
0.00181215
0.00180013
0.00178758
0.00177497
0.00176278
0.00175146
0.00174141
0.00173297
0.00172643
0.00172201
0.00171986
0.00172005
0.00172257
0.00172735
0.00173421
0.00174293
0.00175322
0.00176472
0.00177702
0.00149761
0.00151892
0.00153957
0.00155865
0.00157527
0.00158858
0.00159789
0.00160266
0.00160261
0.00159774
0.0015883
0.00157483
0.00155802
0.00153873
0.00151789
0.00149642
0.00147519
0.001455
0.00143653
0.00142037
0.00140696
0.00139667
0.00138973
0.00138631
0.00138648
0.00139023
0.00139746
0.001408
0.00142159
0.00143786
0.00145635
0.0014765
0.000966631
0.000989267
0.00101177
0.0010331
0.00105213
0.00106773
0.00107888
0.00108479
0.00108502
0.00107952
0.00106868
0.00105322
0.00103416
0.00101264
0.000989838
0.000966855
0.000944649
0.000924006
0.000905533
0.000889677
0.000876751
0.000866958
0.000860422
0.000857207
0.000857333
0.000860784
0.000867509
0.000877414
0.000890357
0.000906124
0.000924403
0.000944764
0.000305925
0.000318575
0.000331657
0.000344547
0.000356477
0.000366593
0.000374063
0.0003782
0.000378583
0.000375162
0.000368255
0.000358491
0.000346682
0.000333711
0.000320397
0.000307427
0.000295323
0.000284443
0.000275007
0.000267129
0.000260852
0.000256177
0.000253081
0.000251541
0.000251534
0.000253052
0.000256095
0.000260676
0.000266801
0.000274461
0.000283616
0.000294167
0.00177865
0.00178853
0.00179801
0.00180672
0.00181429
0.00182039
0.00182475
0.00182719
0.00182758
0.00182593
0.0018223
0.00181689
0.00180992
0.00180173
0.00179266
0.00178308
0.00177333
0.00176379
0.00175478
0.00174664
0.00173965
0.00173405
0.00173002
0.00172772
0.00172723
0.00172857
0.00173169
0.00173651
0.00174286
0.00175054
0.00175929
0.00176878
0.00148675
0.00150198
0.00151684
0.0015307
0.00154295
0.00155299
0.00156033
0.00156458
0.00156551
0.00156308
0.00155742
0.00154883
0.00153776
0.00152475
0.00151041
0.00149535
0.00148019
0.0014655
0.00145179
0.00143953
0.00142909
0.00142079
0.00141486
0.00141146
0.0014107
0.00141258
0.00141707
0.00142404
0.0014333
0.00144458
0.00145753
0.00147175
0.000958069
0.000973488
0.000988815
0.00100338
0.00101648
0.00102739
0.00103548
0.00104024
0.00104137
0.00103878
0.00103267
0.00102341
0.00101158
0.000997855
0.000982935
0.000967517
0.000952243
0.000937677
0.000924295
0.000912481
0.00090254
0.000894703
0.000889135
0.000885944
0.000885191
0.000886887
0.000891001
0.000897455
0.00090612
0.000916807
0.000929263
0.000943157
0.000301715
0.000309544
0.000317549
0.000325369
0.000332589
0.000338751
0.000343418
0.000346226
0.000346959
0.000345555
0.000342143
0.000337008
0.000330537
0.000323165
0.00031532
0.000307392
0.000299708
0.000292531
0.00028606
0.00028044
0.000275774
0.000272125
0.000269537
0.000268034
0.000267626
0.000268316
0.000270099
0.000272961
0.000276874
0.000281797
0.000287657
0.000294348
)
;

boundaryField
{
    inlet
    {
        type            calculated;
        value           nonuniform List<scalar> 
128
(
0.00179547
0.00179479
0.00179395
0.00179297
0.0017919
0.00179076
0.00178962
0.0017885
0.00178746
0.00178653
0.00178575
0.00178516
0.00178476
0.00178458
0.00178462
0.00178488
0.00178535
0.00178602
0.00178686
0.00178783
0.0017889
0.00179003
0.00179118
0.0017923
0.00179334
0.00179427
0.00179506
0.00179566
0.00179607
0.00179625
0.00179621
0.00179595
0.00149831
0.00149744
0.00149633
0.00149501
0.00149355
0.00149199
0.00149041
0.00148885
0.00148738
0.00148606
0.00148493
0.00148404
0.00148342
0.00148309
0.00148307
0.00148336
0.00148394
0.00148479
0.00148589
0.00148719
0.00148864
0.00149019
0.00149178
0.00149334
0.00149482
0.00149616
0.00149731
0.00149821
0.00149885
0.00149918
0.0014992
0.00149891
0.000962889
0.000962076
0.00096102
0.000959764
0.000958358
0.000956857
0.00095532
0.000953805
0.000952371
0.00095107
0.000949952
0.000949056
0.000948416
0.000948056
0.000947987
0.000948214
0.000948728
0.000949511
0.000950535
0.000951761
0.000953144
0.000954633
0.000956171
0.000957698
0.000959156
0.000960486
0.000961638
0.000962563
0.000963226
0.000963599
0.000963666
0.000963427
0.000302342
0.000301989
0.000301514
0.000300936
0.000300279
0.000299569
0.000298835
0.000298104
0.000297405
0.000296763
0.000296201
0.000295739
0.000295394
0.000295179
0.000295099
0.00029516
0.000295358
0.000295688
0.000296137
0.00029669
0.000297327
0.000298025
0.000298757
0.000299495
0.000300211
0.000300877
0.000301465
0.000301952
0.000302317
0.000302545
0.000302626
0.000302557
)
;
    }
    outlet
    {
        type            calculated;
        value           nonuniform List<scalar> 
128
(
0.00177819
0.00178807
0.00179756
0.00180629
0.00181387
0.00181998
0.00182436
0.0018268
0.0018272
0.00182554
0.0018219
0.00181647
0.0018095
0.00180129
0.00179222
0.00178263
0.00177288
0.00176335
0.00175436
0.00174623
0.00173926
0.00173367
0.00172966
0.00172736
0.00172687
0.00172819
0.0017313
0.0017361
0.00174243
0.00175009
0.00175883
0.00176832
0.00148648
0.00150173
0.0015166
0.00153048
0.00154273
0.00155278
0.00156012
0.00156437
0.0015653
0.00156286
0.0015572
0.00154861
0.00153754
0.00152452
0.00151017
0.00149511
0.00147994
0.00146524
0.00145153
0.00143926
0.00142882
0.00142052
0.00141459
0.00141119
0.00141041
0.00141229
0.00141677
0.00142374
0.00143299
0.00144427
0.00145724
0.00147147
0.000957966
0.000973388
0.000988709
0.00100326
0.00101634
0.00102723
0.0010353
0.00104005
0.00104117
0.00103859
0.00103249
0.00102326
0.00101145
0.000997746
0.00098284
0.000967429
0.000952153
0.000937578
0.000924181
0.000912349
0.00090239
0.000894535
0.00088895
0.000885748
0.000884987
0.000886683
0.000890802
0.000897267
0.000905948
0.000916655
0.000929131
0.000943042
0.000301715
0.000309542
0.000317542
0.000325355
0.000332568
0.000338722
0.000343383
0.000346188
0.000346921
0.00034552
0.000342114
0.000336985
0.00033052
0.000323154
0.000315315
0.00030739
0.000299708
0.00029253
0.000286055
0.00028043
0.000275755
0.000272099
0.000269505
0.000267996
0.000267586
0.000268277
0.000270064
0.000272931
0.000276853
0.000281783
0.000287651
0.000294347
)
;
    }
    axis
    {
        type            calculated;
        value           nonuniform List<scalar> 
5088
(
0.00179546
0.00179479
0.00179395
0.00179297
0.0017919
0.00179076
0.00178962
0.0017885
0.00178746
0.00178653
0.00178575
0.00178514
0.00178474
0.00178456
0.0017846
0.00178487
0.00178534
0.00178601
0.00178685
0.00178783
0.0017889
0.00179003
0.00179118
0.00179229
0.00179334
0.00179427
0.00179505
0.00179565
0.00179605
0.00179624
0.0017962
0.00179593
0.00179678
0.00179551
0.00179404
0.00179241
0.0017907
0.00178897
0.00178729
0.00178573
0.00178433
0.00178316
0.00178226
0.00178167
0.00178139
0.00178145
0.00178185
0.00178256
0.00178356
0.00178481
0.00178627
0.00178788
0.00178957
0.00179129
0.00179297
0.00179455
0.00179596
0.00179714
0.00179806
0.00179868
0.00179897
0.00179891
0.00179852
0.0017978
0.00179233
0.00179063
0.0017889
0.00178722
0.00178564
0.00178424
0.00178305
0.00178213
0.00178151
0.00178121
0.00178125
0.00178162
0.0017823
0.00178328
0.00178451
0.00178595
0.00178755
0.00178924
0.00179095
0.00179264
0.00179422
0.00179564
0.00179684
0.00179778
0.00179842
0.00179873
0.0017987
0.00179834
0.00179764
0.00179665
0.0017954
0.00179394
0.00179065
0.00178855
0.0017865
0.00178458
0.00178288
0.00178145
0.00178035
0.00177961
0.00177927
0.00177934
0.00177981
0.00178067
0.00178189
0.00178341
0.00178518
0.00178715
0.00178922
0.00179132
0.00179338
0.0017953
0.00179703
0.00179848
0.00179961
0.00180036
0.00180072
0.00180065
0.00180017
0.0017993
0.00179806
0.00179652
0.00179472
0.00179274
0.00178878
0.00178717
0.00178566
0.00178431
0.00178318
0.00178231
0.00178173
0.00178146
0.00178151
0.00178188
0.00178255
0.00178351
0.00178471
0.00178611
0.00178765
0.00178928
0.00179093
0.00179254
0.00179405
0.00179541
0.00179655
0.00179744
0.00179803
0.00179831
0.00179827
0.0017979
0.00179722
0.00179625
0.00179504
0.00179363
0.00179208
0.00179044
0.00179204
0.00179162
0.00179114
0.00179063
0.00179009
0.00178955
0.00178903
0.00178855
0.00178812
0.00178777
0.0017875
0.00178733
0.00178725
0.00178727
0.00178739
0.00178761
0.00178792
0.0017883
0.00178875
0.00178925
0.00178979
0.00179033
0.00179086
0.00179137
0.00179182
0.0017922
0.0017925
0.00179269
0.00179278
0.00179275
0.00179262
0.00179237
0.0017964
0.00179721
0.00179774
0.00179796
0.00179788
0.00179749
0.00179681
0.00179586
0.00179469
0.00179333
0.00179184
0.00179028
0.0017887
0.00178716
0.00178573
0.00178446
0.0017834
0.00178258
0.00178205
0.00178182
0.0017819
0.00178229
0.00178297
0.00178392
0.0017851
0.00178646
0.00178796
0.00178953
0.00179111
0.00179265
0.00179407
0.00179534
0.00179665
0.00179781
0.00179866
0.00179918
0.00179934
0.00179914
0.00179858
0.00179769
0.00179651
0.00179506
0.00179342
0.00179165
0.00178981
0.00178798
0.00178622
0.00178461
0.0017832
0.00178205
0.0017812
0.00178068
0.00178052
0.00178073
0.00178128
0.00178217
0.00178335
0.00178478
0.00178642
0.00178819
0.00179002
0.00179186
0.00179362
0.00179524
0.00179217
0.00179261
0.00179296
0.0017932
0.00179331
0.00179331
0.00179318
0.00179294
0.00179259
0.00179213
0.0017916
0.001791
0.00179036
0.0017897
0.00178905
0.00178843
0.00178787
0.0017874
0.00178702
0.00178676
0.00178663
0.00178664
0.00178678
0.00178705
0.00178743
0.00178792
0.00178848
0.0017891
0.00178975
0.00179041
0.00179104
0.00179164
0.00178639
0.00178574
0.00178525
0.00178494
0.00178484
0.00178493
0.00178522
0.0017857
0.00178635
0.00178714
0.00178804
0.00178901
0.00179002
0.00179102
0.00179198
0.00179287
0.00179364
0.00179427
0.00179474
0.00179502
0.00179512
0.00179502
0.00179474
0.00179428
0.00179365
0.00179289
0.00179201
0.00179106
0.00179006
0.00178906
0.00178809
0.00178719
0.00178354
0.00178233
0.00178141
0.00178082
0.00178058
0.00178069
0.00178117
0.00178197
0.00178308
0.00178446
0.00178604
0.00178778
0.0017896
0.00179143
0.00179321
0.00179486
0.00179632
0.00179754
0.00179847
0.00179907
0.00179932
0.0017992
0.00179873
0.00179792
0.0017968
0.00179542
0.00179382
0.00179208
0.00179026
0.00178842
0.00178665
0.001785
0.00178661
0.00178584
0.00178524
0.00178483
0.00178462
0.00178461
0.00178481
0.00178522
0.0017858
0.00178654
0.00178741
0.00178838
0.0017894
0.00179044
0.00179146
0.00179242
0.00179328
0.00179402
0.00179461
0.00179502
0.00179524
0.00179526
0.00179508
0.00179471
0.00179415
0.00179343
0.00179257
0.00179161
0.00179058
0.00178953
0.00178848
0.0017875
0.00179397
0.00179433
0.00179453
0.00179455
0.00179441
0.0017941
0.00179363
0.00179302
0.0017923
0.00179148
0.00179061
0.0017897
0.00178879
0.00178793
0.00178713
0.00178644
0.00178589
0.00178549
0.00178527
0.00178523
0.00178538
0.0017857
0.0017862
0.00178684
0.0017876
0.00178845
0.00178936
0.00179028
0.00179118
0.00179203
0.0017928
0.00179345
0.00179887
0.00180008
0.0018009
0.00180128
0.00180123
0.00180073
0.00179982
0.00179852
0.00179688
0.00179497
0.00179287
0.00179065
0.00178839
0.0017862
0.00178414
0.00178231
0.00178076
0.00177956
0.00177875
0.00177836
0.00177841
0.0017789
0.00177981
0.0017811
0.00178272
0.00178462
0.00178672
0.00178894
0.00179119
0.00179339
0.00179546
0.00179731
0.00179711
0.00179822
0.001799
0.00179943
0.0017995
0.00179919
0.00179852
0.00179752
0.00179623
0.00179469
0.00179297
0.00179112
0.00178922
0.00178735
0.00178557
0.00178396
0.00178257
0.00178145
0.00178066
0.00178023
0.00178016
0.00178046
0.00178112
0.00178213
0.00178342
0.00178497
0.0017867
0.00178855
0.00179045
0.00179233
0.00179411
0.00179572
0.00179003
0.00179021
0.00179039
0.00179055
0.0017907
0.00179082
0.00179091
0.00179097
0.001791
0.00179098
0.00179092
0.00179082
0.00179067
0.00179049
0.00179028
0.00179005
0.00178982
0.00178959
0.00178938
0.00178919
0.00178904
0.00178893
0.00178886
0.00178884
0.00178887
0.00178893
0.00178903
0.00178916
0.00178931
0.00178948
0.00178966
0.00178984
0.00178204
0.00178121
0.00178071
0.00178056
0.00178077
0.00178133
0.00178221
0.0017834
0.00178483
0.00178645
0.00178821
0.00179002
0.00179183
0.00179356
0.00179514
0.00179651
0.00179763
0.00179845
0.00179893
0.00179906
0.00179884
0.00179828
0.00179739
0.00179622
0.0017948
0.0017932
0.00179146
0.00178966
0.00178786
0.00178614
0.00178456
0.00178317
0.00177939
0.00177814
0.00177734
0.00177701
0.00177717
0.00177781
0.00177891
0.00178043
0.0017823
0.00178447
0.00178684
0.00178932
0.00179183
0.00179426
0.00179652
0.00179852
0.00180019
0.00180145
0.00180227
0.0018026
0.00180244
0.00180178
0.00180067
0.00179913
0.00179723
0.00179505
0.00179267
0.00179018
0.00178767
0.00178526
0.00178301
0.00178103
0.00178554
0.00178474
0.00178414
0.00178377
0.00178364
0.00178376
0.00178412
0.0017847
0.00178547
0.00178641
0.00178749
0.00178864
0.00178984
0.00179104
0.00179219
0.00179325
0.00179419
0.00179496
0.00179555
0.00179593
0.00179608
0.001796
0.00179569
0.00179516
0.00179442
0.0017935
0.00179244
0.00179128
0.00179006
0.00178882
0.00178763
0.00178652
0.00179614
0.0017963
0.00179623
0.00179592
0.00179538
0.00179464
0.00179372
0.00179265
0.00179147
0.00179023
0.00178898
0.00178775
0.00178659
0.00178556
0.00178469
0.00178401
0.00178357
0.00178337
0.00178342
0.00178373
0.00178428
0.00178506
0.00178602
0.00178714
0.00178836
0.00178963
0.00179091
0.00179214
0.00179328
0.00179428
0.00179511
0.00179574
0.00180216
0.00180292
0.00180316
0.00180289
0.00180211
0.00180085
0.00179916
0.00179711
0.00179478
0.00179226
0.00178964
0.00178703
0.00178453
0.00178223
0.00178021
0.00177856
0.00177734
0.00177659
0.00177634
0.00177661
0.00177737
0.00177861
0.00178027
0.0017823
0.00178461
0.00178713
0.00178974
0.00179236
0.00179489
0.00179721
0.00179925
0.00180092
0.00180023
0.0018006
0.00180056
0.0018001
0.00179925
0.00179803
0.00179649
0.0017947
0.00179273
0.00179064
0.00178852
0.00178645
0.0017845
0.00178276
0.00178128
0.00178012
0.00177932
0.00177893
0.00177895
0.00177938
0.00178021
0.00178141
0.00178293
0.00178472
0.0017867
0.00178881
0.00179095
0.00179305
0.00179502
0.00179679
0.00179828
0.00179944
0.00179365
0.00179308
0.00179239
0.0017916
0.00179076
0.00178989
0.00178902
0.0017882
0.00178744
0.00178678
0.00178624
0.00178583
0.00178557
0.00178548
0.00178555
0.00178578
0.00178617
0.0017867
0.00178735
0.00178811
0.00178894
0.00178981
0.00179069
0.00179155
0.00179235
0.00179305
0.00179363
0.00179407
0.00179434
0.00179443
0.00179434
0.00179407
0.00178829
0.00178714
0.00178609
0.0017852
0.00178449
0.00178399
0.00178372
0.00178369
0.0017839
0.00178435
0.001785
0.00178585
0.00178685
0.00178797
0.00178916
0.00179038
0.00179159
0.00179273
0.00179376
0.00179465
0.00179536
0.00179586
0.00179614
0.00179618
0.00179598
0.00179555
0.0017949
0.00179406
0.00179306
0.00179194
0.00179074
0.0017895
0.0017883
0.00178755
0.00178688
0.00178634
0.00178594
0.0017857
0.00178563
0.00178572
0.00178598
0.0017864
0.00178695
0.00178761
0.00178837
0.00178918
0.00179002
0.00179085
0.00179165
0.00179238
0.00179302
0.00179354
0.00179393
0.00179417
0.00179425
0.00179417
0.00179393
0.00179354
0.00179301
0.00179236
0.00179162
0.00179081
0.00178996
0.00178912
0.0017919
0.00179235
0.00179272
0.00179297
0.00179312
0.00179315
0.00179307
0.00179287
0.00179256
0.00179215
0.00179166
0.0017911
0.00179049
0.00178986
0.00178922
0.00178861
0.00178805
0.00178756
0.00178716
0.00178687
0.0017867
0.00178666
0.00178675
0.00178698
0.00178732
0.00178776
0.00178829
0.00178888
0.0017895
0.00179014
0.00179077
0.00179136
0.00179486
0.00179641
0.0017977
0.00179869
0.00179934
0.00179963
0.00179954
0.00179909
0.00179828
0.00179714
0.00179573
0.00179409
0.00179229
0.00179039
0.00178847
0.0017866
0.00178486
0.00178331
0.00178201
0.00178101
0.00178035
0.00178006
0.00178015
0.00178061
0.00178143
0.00178257
0.00178399
0.00178563
0.00178744
0.00178934
0.00179126
0.00179312
0.0017957
0.0017975
0.00179899
0.00180014
0.00180088
0.0018012
0.00180108
0.00180053
0.00179956
0.00179823
0.00179656
0.00179464
0.00179254
0.00179033
0.0017881
0.00178594
0.00178393
0.00178214
0.00178065
0.0017795
0.00177876
0.00177843
0.00177854
0.00177909
0.00178005
0.00178138
0.00178304
0.00178496
0.00178706
0.00178928
0.00179151
0.00179368
0.00179594
0.00179723
0.00179824
0.00179892
0.00179925
0.00179922
0.00179884
0.00179811
0.00179707
0.00179576
0.00179422
0.00179252
0.00179072
0.00178889
0.0017871
0.00178541
0.00178389
0.0017826
0.00178158
0.00178089
0.00178053
0.00178054
0.0017809
0.00178162
0.00178265
0.00178396
0.00178551
0.00178722
0.00178904
0.00179089
0.00179271
0.00179441
0.00179556
0.00179614
0.00179648
0.00179656
0.00179639
0.00179597
0.00179532
0.00179447
0.00179345
0.0017923
0.00179106
0.00178978
0.00178851
0.0017873
0.00178618
0.0017852
0.00178441
0.00178382
0.00178347
0.00178336
0.0017835
0.00178389
0.00178451
0.00178535
0.00178637
0.00178753
0.00178879
0.0017901
0.0017914
0.00179264
0.00179378
0.00179476
0.0017938
0.00179383
0.00179372
0.00179346
0.00179306
0.00179255
0.00179194
0.00179125
0.00179053
0.00178979
0.00178905
0.00178836
0.00178772
0.00178717
0.00178673
0.0017864
0.00178621
0.00178616
0.00178626
0.00178649
0.00178686
0.00178734
0.00178793
0.00178861
0.00178934
0.0017901
0.00179086
0.00179158
0.00179225
0.00179282
0.00179328
0.00179361
0.00179155
0.00179116
0.00179073
0.00179027
0.00178979
0.00178932
0.00178888
0.00178849
0.00178816
0.00178791
0.00178773
0.00178765
0.00178765
0.00178775
0.00178792
0.00178817
0.00178849
0.00178886
0.00178927
0.00178971
0.00179016
0.0017906
0.00179102
0.0017914
0.00179174
0.00179201
0.00179221
0.00179233
0.00179235
0.00179228
0.00179212
0.00179187
0.00178996
0.00178911
0.00178829
0.00178754
0.00178688
0.00178634
0.00178594
0.0017857
0.00178563
0.00178573
0.001786
0.00178642
0.00178698
0.00178766
0.00178842
0.00178923
0.00179008
0.00179091
0.00179171
0.00179244
0.00179307
0.00179359
0.00179397
0.0017942
0.00179427
0.00179419
0.00179394
0.00179355
0.00179301
0.00179236
0.00179162
0.00179081
0.00179028
0.00178898
0.00178771
0.00178653
0.00178548
0.0017846
0.00178393
0.0017835
0.00178332
0.00178339
0.00178372
0.00178429
0.00178508
0.00178605
0.00178717
0.0017884
0.00178968
0.00179097
0.00179222
0.00179338
0.00179441
0.00179527
0.00179593
0.00179636
0.00179655
0.00179649
0.00179618
0.00179563
0.00179486
0.0017939
0.00179279
0.00179157
0.00179163
0.00179015
0.00178867
0.00178724
0.0017859
0.00178473
0.00178376
0.00178303
0.00178257
0.00178239
0.0017825
0.0017829
0.00178356
0.00178447
0.00178558
0.00178685
0.00178825
0.0017897
0.00179116
0.00179257
0.00179389
0.00179505
0.00179602
0.00179675
0.00179723
0.00179744
0.00179735
0.00179697
0.00179633
0.00179543
0.00179432
0.00179303
0.00179319
0.00179208
0.00179089
0.00178965
0.00178843
0.00178727
0.00178622
0.00178532
0.00178459
0.00178408
0.00178379
0.00178373
0.00178391
0.00178432
0.00178494
0.00178574
0.0017867
0.00178779
0.00178895
0.00179015
0.00179134
0.00179248
0.00179353
0.00179444
0.00179519
0.00179574
0.00179606
0.00179615
0.001796
0.0017956
0.00179499
0.00179417
0.00179512
0.00179477
0.00179423
0.00179352
0.00179268
0.00179173
0.00179072
0.00178968
0.00178866
0.0017877
0.00178682
0.00178606
0.00178545
0.001785
0.00178474
0.00178467
0.0017848
0.00178512
0.00178562
0.00178628
0.00178709
0.00178801
0.00178901
0.00179005
0.00179109
0.00179209
0.00179301
0.00179381
0.00179446
0.00179493
0.00179521
0.00179527
0.00179702
0.00179745
0.00179759
0.00179743
0.00179697
0.00179624
0.00179528
0.00179411
0.00179278
0.00179135
0.00178986
0.00178838
0.00178694
0.00178562
0.00178446
0.00178349
0.00178277
0.00178231
0.00178214
0.00178226
0.00178268
0.00178336
0.00178431
0.00178547
0.00178681
0.00178827
0.0017898
0.00179133
0.0017928
0.00179415
0.00179534
0.0017963
0.00179842
0.00179943
0.00180006
0.00180029
0.00180011
0.00179953
0.00179858
0.00179729
0.00179572
0.00179393
0.00179198
0.00178994
0.0017879
0.00178593
0.00178411
0.00178249
0.00178115
0.00178013
0.00177948
0.00177922
0.00177936
0.00177989
0.00178081
0.00178208
0.00178364
0.00178545
0.00178743
0.0017895
0.00179157
0.00179358
0.00179544
0.00179708
0.0017983
0.00179949
0.0018003
0.0018007
0.00180067
0.00180021
0.00179935
0.00179813
0.00179659
0.00179479
0.00179281
0.0017907
0.00178856
0.00178647
0.00178449
0.00178271
0.0017812
0.00178
0.00177918
0.00177875
0.00177874
0.00177915
0.00177996
0.00178116
0.00178269
0.00178449
0.00178651
0.00178864
0.00179082
0.00179296
0.00179497
0.00179678
0.00179727
0.00179841
0.00179921
0.00179964
0.00179968
0.00179934
0.00179864
0.00179759
0.00179625
0.00179467
0.00179291
0.00179102
0.00178909
0.00178718
0.00178537
0.00178372
0.00178229
0.00178114
0.00178032
0.00177986
0.00177977
0.00178006
0.00178072
0.00178174
0.00178307
0.00178466
0.00178646
0.00178838
0.00179036
0.00179231
0.00179416
0.00179583
0.00179696
0.00179816
0.00179903
0.00179954
0.00179967
0.00179941
0.00179878
0.00179781
0.00179654
0.00179502
0.0017933
0.00179145
0.00178953
0.00178762
0.00178579
0.0017841
0.00178263
0.00178142
0.00178053
0.00177999
0.00177981
0.00178002
0.0017806
0.00178153
0.00178279
0.00178433
0.00178608
0.00178798
0.00178994
0.0017919
0.00179377
0.00179548
0.00179761
0.00179894
0.00179991
0.00180047
0.00180062
0.00180034
0.00179965
0.00179858
0.00179719
0.00179551
0.00179362
0.00179158
0.00178947
0.00178737
0.00178536
0.0017835
0.00178189
0.00178056
0.00177958
0.00177898
0.00177879
0.00177901
0.00177964
0.00178067
0.00178205
0.00178373
0.00178565
0.00178773
0.00178988
0.00179203
0.00179409
0.00179598
0.00179867
0.00179986
0.00180065
0.00180101
0.00180092
0.0018004
0.00179946
0.00179815
0.00179652
0.00179464
0.00179258
0.00179041
0.00178821
0.00178608
0.00178407
0.00178228
0.00178076
0.00177958
0.00177877
0.00177838
0.00177841
0.00177887
0.00177974
0.001781
0.00178259
0.00178447
0.00178656
0.00178877
0.00179103
0.00179322
0.00179528
0.00179712
0.00179943
0.00180004
0.00180025
0.00180004
0.00179942
0.00179842
0.00179709
0.00179547
0.00179364
0.00179167
0.00178964
0.00178761
0.00178566
0.00178387
0.00178229
0.00178099
0.00178001
0.0017794
0.00177916
0.00177932
0.00177987
0.00178078
0.00178204
0.0017836
0.0017854
0.00178737
0.00178945
0.00179153
0.00179356
0.00179543
0.00179707
0.00179842
0.00179916
0.00179888
0.00179823
0.00179725
0.00179596
0.00179444
0.00179273
0.00179091
0.00178905
0.00178723
0.00178552
0.00178397
0.00178264
0.00178158
0.00178082
0.00178039
0.0017803
0.00178056
0.00178116
0.00178207
0.00178327
0.00178472
0.00178635
0.00178812
0.00178996
0.0017918
0.00179358
0.0017952
0.00179662
0.00179777
0.00179859
0.00179906
0.0017976
0.00179654
0.00179521
0.00179366
0.00179195
0.00179015
0.00178834
0.00178658
0.00178496
0.00178353
0.00178234
0.00178144
0.00178085
0.0017806
0.00178068
0.0017811
0.00178184
0.00178286
0.00178414
0.00178562
0.00178725
0.00178898
0.00179073
0.00179245
0.00179408
0.00179555
0.0017968
0.00179778
0.00179845
0.00179877
0.00179874
0.00179834
0.00179575
0.00179455
0.00179316
0.00179163
0.00179002
0.0017884
0.00178683
0.00178538
0.00178411
0.00178306
0.00178228
0.00178179
0.0017816
0.00178172
0.00178213
0.00178283
0.00178378
0.00178495
0.00178629
0.00178775
0.00178929
0.00179084
0.00179235
0.00179377
0.00179504
0.00179612
0.00179696
0.00179753
0.0017978
0.00179774
0.00179738
0.0017967
0.00179542
0.00179481
0.00179401
0.00179303
0.00179192
0.00179072
0.0017895
0.00178829
0.00178716
0.00178614
0.00178527
0.00178457
0.00178408
0.0017838
0.00178374
0.0017839
0.00178427
0.00178485
0.0017856
0.0017865
0.00178753
0.00178864
0.00178979
0.00179096
0.00179209
0.00179315
0.00179409
0.00179487
0.00179545
0.0017958
0.00179592
0.00179579
0.00179709
0.0017974
0.00179741
0.00179711
0.00179652
0.00179568
0.0017946
0.00179335
0.00179197
0.00179053
0.00178906
0.00178762
0.00178627
0.00178504
0.00178399
0.00178315
0.00178254
0.0017822
0.00178214
0.00178236
0.00178285
0.00178361
0.00178461
0.00178582
0.00178718
0.00178867
0.0017902
0.00179172
0.00179317
0.00179448
0.00179559
0.00179648
0.00179963
0.00180052
0.00180099
0.001801
0.00180057
0.00179971
0.00179846
0.00179688
0.00179503
0.00179299
0.00179082
0.00178862
0.00178646
0.00178442
0.00178257
0.00178098
0.00177971
0.0017788
0.0017783
0.00177822
0.00177857
0.00177934
0.0017805
0.00178202
0.00178384
0.0017859
0.00178811
0.00179038
0.00179263
0.00179476
0.00179669
0.00179833
0.00180219
0.00180284
0.00180296
0.00180254
0.00180161
0.0018002
0.00179839
0.00179623
0.00179383
0.00179128
0.00178867
0.00178611
0.00178367
0.00178146
0.00177956
0.00177802
0.0017769
0.00177626
0.0017761
0.00177645
0.00177728
0.00177858
0.00178029
0.00178236
0.00178471
0.00178727
0.00178992
0.00179257
0.00179511
0.00179742
0.00179943
0.00180104
0.00180438
0.00180409
0.00180321
0.00180179
0.00179988
0.00179755
0.00179491
0.00179207
0.00178914
0.00178624
0.00178348
0.00178095
0.00177874
0.00177694
0.00177561
0.00177478
0.0017745
0.00177476
0.00177557
0.00177689
0.00177868
0.00178087
0.00178339
0.00178615
0.00178904
0.00179197
0.00179482
0.00179746
0.0017998
0.00180173
0.00180317
0.00180407
0.00180562
0.00180448
0.00180274
0.00180046
0.00179774
0.0017947
0.00179145
0.00178813
0.00178488
0.00178181
0.00177904
0.00177667
0.00177477
0.00177343
0.00177267
0.00177253
0.00177301
0.00177409
0.00177574
0.00177789
0.00178046
0.00178337
0.00178652
0.00178978
0.00179304
0.00179617
0.00179905
0.00180157
0.0018036
0.00180508
0.00180592
0.00180611
0.0018053
0.00180418
0.00180247
0.00180024
0.00179758
0.00179459
0.00179141
0.00178816
0.00178497
0.00178196
0.00177926
0.00177694
0.00177509
0.00177377
0.00177303
0.00177289
0.00177336
0.00177441
0.00177602
0.00177812
0.00178063
0.00178348
0.00178655
0.00178975
0.00179294
0.00179602
0.00179884
0.00180131
0.00180331
0.00180476
0.00180559
0.00180578
0.00180379
0.00180361
0.00180286
0.00180157
0.0017998
0.00179762
0.00179513
0.00179243
0.00178963
0.00178685
0.00178418
0.00178171
0.00177954
0.00177774
0.00177637
0.00177548
0.0017751
0.00177524
0.00177591
0.00177707
0.00177869
0.00178072
0.00178308
0.00178569
0.00178846
0.0017913
0.00179407
0.00179667
0.001799
0.00180094
0.00180242
0.00180339
0.00180278
0.00180372
0.00180408
0.00180386
0.00180307
0.00180174
0.00179993
0.00179773
0.00179523
0.00179252
0.00178971
0.00178689
0.00178417
0.00178164
0.0017794
0.00177753
0.00177609
0.00177514
0.00177471
0.00177483
0.00177549
0.00177668
0.00177836
0.00178046
0.00178293
0.00178566
0.00178856
0.00179149
0.00179434
0.001797
0.00179936
0.00180131
0.00180381
0.00180528
0.00180611
0.00180627
0.00180576
0.0018046
0.00180285
0.00180058
0.0017979
0.00179489
0.00179169
0.0017884
0.00178515
0.00178204
0.00177921
0.00177674
0.00177474
0.00177327
0.0017724
0.00177215
0.00177254
0.00177357
0.00177519
0.00177736
0.00178
0.00178301
0.00178628
0.00178966
0.00179304
0.00179626
0.00179921
0.00180176
0.00180688
0.00180815
0.00180867
0.0018084
0.00180737
0.00180562
0.00180323
0.0018003
0.00179696
0.00179332
0.00178955
0.00178576
0.0017821
0.0017787
0.00177569
0.00177318
0.00177126
0.00176999
0.00176943
0.0017696
0.0017705
0.0017721
0.00177435
0.00177716
0.00178045
0.00178408
0.00178792
0.00179182
0.00179561
0.00179914
0.00180228
0.0018049
0.00181025
0.00181107
0.001811
0.00181006
0.00180827
0.00180573
0.00180253
0.00179881
0.00179473
0.00179045
0.00178612
0.0017819
0.00177796
0.00177442
0.00177143
0.00176908
0.00176746
0.00176664
0.00176663
0.00176746
0.00176908
0.00177145
0.00177448
0.00177807
0.00178209
0.00178639
0.0017908
0.00179515
0.00179926
0.00180297
0.00180611
0.00180858
0.00181208
0.0018126
0.00181217
0.00181081
0.00180858
0.00180557
0.00180191
0.00179775
0.00179327
0.00178863
0.00178401
0.00177959
0.00177551
0.00177194
0.00176899
0.00176677
0.00176536
0.00176482
0.00176516
0.00176637
0.00176843
0.00177125
0.00177473
0.00177876
0.0017832
0.00178786
0.00179258
0.00179716
0.00180142
0.00180518
0.00180829
0.00181062
0.00181189
0.0018123
0.00181176
0.00181032
0.00180802
0.00180497
0.00180129
0.00179714
0.0017927
0.00178812
0.00178358
0.00177925
0.00177528
0.00177182
0.001769
0.0017669
0.00176562
0.00176519
0.00176563
0.00176694
0.00176906
0.00177193
0.00177544
0.00177947
0.00178388
0.00178849
0.00179313
0.00179762
0.00180176
0.00180539
0.00180837
0.00181057
0.00181041
0.00181073
0.00181019
0.0018088
0.00180663
0.00180377
0.00180034
0.00179648
0.00179235
0.00178811
0.00178391
0.00177991
0.00177625
0.00177307
0.00177048
0.00176858
0.00176743
0.00176707
0.00176753
0.00176879
0.00177079
0.00177349
0.00177678
0.00178054
0.00178464
0.00178893
0.00179323
0.00179737
0.00180118
0.00180452
0.00180723
0.00180922
0.00180884
0.00180905
0.00180847
0.00180712
0.00180506
0.00180238
0.00179918
0.00179562
0.00179181
0.00178792
0.00178409
0.00178045
0.00177714
0.00177428
0.00177197
0.00177029
0.00176932
0.00176907
0.00176957
0.0017708
0.00177272
0.00177525
0.00177832
0.00178181
0.0017856
0.00178953
0.00179347
0.00179723
0.00180069
0.00180368
0.0018061
0.00180785
0.00180784
0.00180793
0.00180728
0.00180591
0.00180389
0.00180129
0.00179824
0.00179484
0.00179125
0.00178759
0.001784
0.00178061
0.00177755
0.00177492
0.00177283
0.00177134
0.00177052
0.00177039
0.00177096
0.00177221
0.0017741
0.00177656
0.00177951
0.00178284
0.00178643
0.00179014
0.00179383
0.00179733
0.00180053
0.00180327
0.00180546
0.001807
0.00180758
0.00180756
0.00180682
0.00180538
0.0018033
0.00180068
0.00179762
0.00179425
0.0017907
0.00178711
0.0017836
0.00178031
0.00177736
0.00177485
0.00177288
0.00177152
0.00177081
0.00177079
0.00177145
0.00177278
0.00177473
0.00177723
0.00178019
0.00178352
0.00178707
0.00179071
0.00179431
0.00179771
0.00180078
0.0018034
0.00180546
0.00180687
0.00180823
0.00180809
0.00180719
0.00180558
0.00180333
0.00180053
0.0017973
0.00179377
0.00179007
0.00178635
0.00178275
0.00177939
0.0017764
0.0017739
0.00177196
0.00177066
0.00177006
0.00177016
0.00177098
0.00177248
0.0017746
0.00177729
0.00178043
0.00178392
0.00178762
0.00179139
0.00179509
0.00179856
0.00180166
0.00180427
0.00180629
0.00180763
0.00180908
0.00180875
0.00180764
0.0018058
0.00180331
0.00180027
0.00179681
0.00179306
0.00178917
0.00178529
0.00178156
0.00177813
0.0017751
0.00177261
0.00177073
0.00176954
0.00176907
0.00176936
0.00177038
0.00177211
0.00177448
0.00177741
0.00178079
0.0017845
0.0017884
0.00179234
0.00179616
0.00179971
0.00180285
0.00180544
0.0018074
0.00180863
0.00180901
0.0018085
0.00180723
0.00180525
0.00180265
0.00179952
0.001796
0.00179223
0.00178835
0.00178451
0.00178085
0.00177752
0.00177462
0.00177227
0.00177054
0.00176952
0.00176922
0.00176967
0.00177085
0.00177272
0.00177522
0.00177824
0.00178169
0.00178544
0.00178934
0.00179325
0.001797
0.00180044
0.00180345
0.0018059
0.00180768
0.00180873
0.00180698
0.00180648
0.0018053
0.0018035
0.00180115
0.00179834
0.0017952
0.00179184
0.00178839
0.00178499
0.00178176
0.00177881
0.00177627
0.00177421
0.00177272
0.00177186
0.00177164
0.0017721
0.0017732
0.00177491
0.00177717
0.0017799
0.001783
0.00178635
0.00178982
0.00179329
0.0017966
0.00179963
0.00180226
0.00180439
0.00180592
0.00180679
0.00180354
0.00180333
0.00180258
0.00180132
0.0017996
0.00179751
0.00179511
0.00179251
0.0017898
0.00178709
0.00178447
0.00178205
0.00177991
0.00177813
0.00177679
0.00177592
0.00177557
0.00177575
0.00177644
0.00177764
0.00177929
0.00178134
0.00178371
0.00178632
0.00178905
0.00179181
0.00179448
0.00179696
0.00179916
0.00180097
0.00180234
0.00180321
0.00180037
0.00180066
0.00180052
0.00179996
0.00179901
0.0017977
0.00179609
0.00179425
0.00179223
0.00179011
0.00178799
0.00178593
0.00178401
0.00178231
0.00178088
0.00177978
0.00177907
0.00177875
0.00177885
0.00177936
0.00178027
0.00178155
0.00178315
0.001785
0.00178704
0.00178918
0.00179135
0.00179345
0.00179541
0.00179714
0.00179858
0.00179967
0.0017982
0.00179892
0.00179927
0.00179926
0.00179888
0.00179815
0.00179711
0.00179579
0.00179423
0.00179251
0.00179068
0.00178881
0.00178697
0.00178524
0.00178367
0.00178233
0.00178127
0.00178054
0.00178015
0.00178013
0.00178048
0.00178119
0.00178224
0.00178357
0.00178515
0.0017869
0.00178876
0.00179066
0.00179252
0.00179427
0.00179584
0.00179717
0.00179736
0.00179824
0.00179878
0.00179898
0.00179883
0.00179832
0.0017975
0.00179637
0.00179499
0.00179341
0.00179168
0.00178988
0.00178807
0.00178631
0.00178469
0.00178325
0.00178206
0.00178116
0.00178058
0.00178036
0.0017805
0.001781
0.00178184
0.00178298
0.00178439
0.00178599
0.00178774
0.00178957
0.00179139
0.00179315
0.00179477
0.00179619
0.00179721
0.00179785
0.00179818
0.00179818
0.00179786
0.00179723
0.00179632
0.00179516
0.00179378
0.00179225
0.00179063
0.00178896
0.00178732
0.00178577
0.00178437
0.00178316
0.00178221
0.00178154
0.00178119
0.00178116
0.00178147
0.00178209
0.00178302
0.00178421
0.0017856
0.00178716
0.00178881
0.0017905
0.00179215
0.0017937
0.0017951
0.00179628
0.00179647
0.00179639
0.00179606
0.00179549
0.0017947
0.00179373
0.00179261
0.00179139
0.0017901
0.0017888
0.00178754
0.00178635
0.00178529
0.0017844
0.00178371
0.00178324
0.00178301
0.00178305
0.00178334
0.00178388
0.00178465
0.00178562
0.00178675
0.00178801
0.00178933
0.00179067
0.00179198
0.00179319
0.00179426
0.00179516
0.00179584
0.00179628
0.00179379
0.00179266
0.00179143
0.00179013
0.00178883
0.00178757
0.0017864
0.00178537
0.00178451
0.00178385
0.00178341
0.0017832
0.00178324
0.00178353
0.00178404
0.00178476
0.00178567
0.00178674
0.00178793
0.00178919
0.00179048
0.00179175
0.00179296
0.00179404
0.00179496
0.00179568
0.00179617
0.00179641
0.00179638
0.00179608
0.00179554
0.00179476
0.0017888
0.00178675
0.00178481
0.00178306
0.00178158
0.00178042
0.00177961
0.0017792
0.00177918
0.00177957
0.00178033
0.00178145
0.00178287
0.00178455
0.00178642
0.00178841
0.00179045
0.00179246
0.00179437
0.0017961
0.0017976
0.0017988
0.00179966
0.00180013
0.0018002
0.00179986
0.00179912
0.00179801
0.00179657
0.00179486
0.00179294
0.0017909
0.00178283
0.0017804
0.00177833
0.00177668
0.00177554
0.00177493
0.00177488
0.0017754
0.00177645
0.001778
0.00177999
0.00178234
0.00178496
0.00178775
0.00179061
0.00179343
0.0017961
0.00179853
0.0018006
0.00180226
0.00180343
0.00180406
0.00180414
0.00180365
0.00180262
0.00180107
0.00179908
0.00179672
0.00179407
0.00179125
0.00178836
0.00178552
0.00177802
0.0017757
0.00177389
0.00177268
0.0017721
0.00177218
0.00177291
0.00177429
0.00177623
0.00177869
0.00178155
0.00178471
0.00178806
0.00179146
0.00179477
0.00179788
0.00180066
0.00180301
0.00180482
0.00180603
0.0018066
0.0018065
0.00180575
0.00180436
0.00180239
0.00179992
0.00179705
0.00179388
0.00179055
0.00178716
0.00178387
0.00178078
0.00177704
0.00177497
0.00177345
0.00177252
0.00177224
0.00177261
0.00177362
0.00177523
0.00177739
0.00178002
0.001783
0.00178624
0.00178959
0.00179294
0.00179614
0.00179909
0.00180165
0.00180373
0.00180526
0.00180616
0.00180641
0.00180599
0.00180494
0.00180329
0.0018011
0.00179847
0.00179549
0.00179228
0.00178896
0.00178565
0.00178248
0.00177958
0.00178053
0.0017788
0.00177747
0.00177659
0.00177621
0.00177634
0.00177697
0.00177809
0.00177965
0.0017816
0.00178385
0.00178632
0.00178892
0.00179153
0.00179406
0.00179642
0.0017985
0.00180023
0.00180154
0.00180238
0.00180273
0.00180256
0.00180189
0.00180075
0.00179919
0.00179725
0.00179503
0.00179259
0.00179003
0.00178745
0.00178494
0.00178261
0.00178452
0.00178307
0.00178188
0.00178099
0.00178042
0.00178022
0.00178038
0.0017809
0.00178177
0.00178296
0.0017844
0.00178606
0.00178785
0.00178971
0.00179156
0.00179334
0.00179498
0.0017964
0.00179756
0.00179842
0.00179894
0.0017991
0.00179891
0.00179837
0.0017975
0.00179634
0.00179493
0.00179332
0.00179158
0.00178975
0.00178792
0.00178615
0.00178403
0.00178272
0.00178169
0.00178095
0.00178056
0.00178052
0.00178084
0.0017815
0.0017825
0.00178378
0.0017853
0.00178699
0.00178879
0.00179062
0.00179242
0.00179411
0.00179563
0.00179691
0.00179792
0.00179861
0.00179896
0.00179895
0.00179859
0.00179791
0.00179691
0.00179566
0.00179418
0.00179253
0.00179078
0.00178899
0.00178722
0.00178554
0.00177934
0.00177794
0.00177699
0.00177651
0.00177653
0.00177706
0.00177806
0.00177951
0.00178136
0.00178354
0.00178596
0.00178852
0.00179112
0.00179367
0.00179605
0.00179818
0.00179997
0.00180136
0.00180228
0.00180271
0.00180263
0.00180205
0.00180099
0.0017995
0.00179764
0.00179547
0.0017931
0.00179059
0.00178804
0.00178555
0.00178322
0.00178112
0.00177464
0.00177279
0.00177156
0.00177099
0.00177111
0.00177193
0.0017734
0.00177549
0.00177812
0.00178118
0.00178457
0.00178815
0.00179177
0.0017953
0.00179859
0.00180151
0.00180396
0.00180582
0.00180703
0.00180754
0.00180734
0.00180644
0.00180487
0.00180271
0.00180004
0.00179697
0.00179361
0.0017901
0.00178655
0.00178311
0.0017799
0.00177704
0.00177182
0.00176927
0.00176745
0.00176643
0.00176626
0.00176694
0.00176846
0.00177076
0.00177376
0.00177736
0.00178141
0.00178576
0.00179023
0.00179466
0.00179887
0.00180268
0.00180596
0.00180856
0.00181039
0.00181137
0.00181146
0.00181068
0.00180904
0.00180663
0.00180355
0.00179991
0.00179587
0.00179157
0.00178717
0.00178284
0.00177874
0.00177502
0.00176977
0.00176672
0.00176449
0.00176317
0.00176279
0.00176339
0.00176494
0.00176739
0.00177066
0.00177462
0.00177914
0.00178403
0.0017891
0.00179416
0.00179901
0.00180345
0.00180732
0.00181044
0.0018127
0.00181401
0.00181432
0.00181362
0.00181194
0.00180936
0.00180598
0.00180194
0.0017974
0.00179254
0.00178754
0.00178258
0.00177785
0.00177353
0.00176716
0.00176404
0.00176183
0.00176061
0.00176042
0.00176128
0.00176317
0.001766
0.0017697
0.00177412
0.00177911
0.00178447
0.00178998
0.00179545
0.00180064
0.00180535
0.00180939
0.00181261
0.00181486
0.00181607
0.00181617
0.00181518
0.00181314
0.00181014
0.0018063
0.00180178
0.00179676
0.00179144
0.00178601
0.00178067
0.00177563
0.00177107
0.0017654
0.00176232
0.0017602
0.00175913
0.00175914
0.00176023
0.00176238
0.00176551
0.00176951
0.00177424
0.00177953
0.00178517
0.00179094
0.00179662
0.00180197
0.00180678
0.00181086
0.00181405
0.0018162
0.00181725
0.00181714
0.00181589
0.00181355
0.00181023
0.00180606
0.00180122
0.0017959
0.00179031
0.00178464
0.00177913
0.00177396
0.00176932
0.00176662
0.00176349
0.00176127
0.00176005
0.00175988
0.00176078
0.00176271
0.0017656
0.00176937
0.00177387
0.00177894
0.00178439
0.00179
0.00179555
0.00180082
0.0018056
0.0018097
0.00181294
0.00181521
0.0018164
0.00181647
0.00181543
0.00181332
0.00181024
0.00180631
0.0018017
0.00179659
0.00179118
0.00178568
0.00178027
0.00177517
0.00177057
0.00177005
0.00176682
0.0017644
0.00176288
0.00176231
0.00176272
0.0017641
0.0017664
0.00176956
0.00177344
0.00177792
0.00178281
0.00178794
0.00179309
0.00179807
0.00180267
0.00180671
0.00181003
0.00181249
0.00181401
0.00181451
0.00181398
0.00181245
0.00180999
0.0018067
0.00180272
0.00179821
0.00179334
0.00178829
0.00178326
0.00177842
0.00177396
0.0017731
0.00176994
0.00176748
0.00176582
0.00176501
0.00176509
0.00176606
0.0017679
0.00177053
0.00177387
0.00177779
0.00178214
0.00178676
0.00179145
0.00179604
0.00180034
0.00180419
0.00180742
0.00180991
0.00181156
0.00181231
0.00181213
0.00181104
0.00180907
0.00180633
0.00180291
0.00179896
0.00179464
0.00179009
0.00178549
0.00178102
0.00177684
0.00177428
0.00177138
0.00176913
0.00176762
0.0017669
0.00176701
0.00176795
0.00176969
0.00177217
0.00177529
0.00177895
0.001783
0.00178729
0.00179164
0.00179589
0.00179986
0.00180339
0.00180635
0.00180862
0.00181011
0.00181076
0.00181055
0.0018095
0.00180765
0.00180507
0.00180189
0.00179821
0.00179419
0.00178998
0.00178573
0.00178159
0.00177773
0.00177356
0.00177082
0.00176875
0.00176744
0.00176694
0.00176726
0.0017684
0.00177032
0.00177296
0.00177622
0.00177998
0.00178409
0.0017884
0.00179273
0.00179691
0.00180077
0.00180416
0.00180695
0.00180903
0.00181031
0.00181075
0.00181033
0.00180907
0.00180703
0.00180431
0.00180099
0.00179723
0.00179316
0.00178893
0.0017847
0.00178063
0.00177687
0.00177116
0.00176811
0.00176583
0.0017644
0.00176389
0.0017643
0.00176564
0.00176785
0.00177087
0.00177458
0.00177883
0.00178347
0.00178832
0.00179318
0.00179787
0.00180219
0.00180598
0.00180909
0.00181138
0.00181278
0.00181323
0.00181271
0.00181126
0.00180893
0.00180582
0.00180206
0.0017978
0.00179319
0.00178842
0.00178366
0.00177908
0.00177486
0.00176779
0.00176394
0.001761
0.00175907
0.00175822
0.0017585
0.00175989
0.00176236
0.0017658
0.0017701
0.0017751
0.0017806
0.0017864
0.00179228
0.00179798
0.00180331
0.00180803
0.00181197
0.00181497
0.00181691
0.0018177
0.00181734
0.00181582
0.00181323
0.00180967
0.00180527
0.00180023
0.00179472
0.00178897
0.00178319
0.0017776
0.0017724
0.00176522
0.0017606
0.00175699
0.00175452
0.00175329
0.00175334
0.00175467
0.00175724
0.00176096
0.00176569
0.00177126
0.00177745
0.00178405
0.00179079
0.00179741
0.00180365
0.00180926
0.00181403
0.00181776
0.00182029
0.00182153
0.00182143
0.00181998
0.00181728
0.00181341
0.00180853
0.00180285
0.00179659
0.00178999
0.00178331
0.00177679
0.00177069
0.00176533
0.00176057
0.00175683
0.00175425
0.00175291
0.00175286
0.00175412
0.00175663
0.00176031
0.00176502
0.00177058
0.0017768
0.00178343
0.00179023
0.00179693
0.00180326
0.00180899
0.00181389
0.00181775
0.00182042
0.0018218
0.00182181
0.00182048
0.00181786
0.00181405
0.0018092
0.00180351
0.00179721
0.00179055
0.00178378
0.00177715
0.00177092
0.00176772
0.00176352
0.00176025
0.00175802
0.00175693
0.001757
0.00175824
0.00176061
0.00176402
0.00176833
0.00177339
0.001779
0.00178497
0.00179104
0.001797
0.00180262
0.00180766
0.00181194
0.00181528
0.00181756
0.00181867
0.00181859
0.00181731
0.00181488
0.0018114
0.00180701
0.00180188
0.00179621
0.00179023
0.00178416
0.00177824
0.00177269
0.00177047
0.00176691
0.00176418
0.00176237
0.00176155
0.00176176
0.00176298
0.00176517
0.00176825
0.00177209
0.00177655
0.00178147
0.00178665
0.0017919
0.00179701
0.00180179
0.00180605
0.00180963
0.00181239
0.00181422
0.00181505
0.00181484
0.00181361
0.00181141
0.00180831
0.00180444
0.00179995
0.00179501
0.00178982
0.00178457
0.00177947
0.00177471
0.00177262
0.00176921
0.00176655
0.00176474
0.00176383
0.00176388
0.00176487
0.00176677
0.00176949
0.00177294
0.00177699
0.00178148
0.00178624
0.00179108
0.00179583
0.0018003
0.00180432
0.00180773
0.00181041
0.00181225
0.00181318
0.00181315
0.00181219
0.0018103
0.00180758
0.00180411
0.00180005
0.00179553
0.00179075
0.00178589
0.00178112
0.00177664
0.00177467
0.00177091
0.00176783
0.00176555
0.00176416
0.0017637
0.0017642
0.00176562
0.00176792
0.00177099
0.00177473
0.00177899
0.00178361
0.00178842
0.00179324
0.00179787
0.00180215
0.00180592
0.00180902
0.00181134
0.00181279
0.00181331
0.00181287
0.00181149
0.00180921
0.00180613
0.00180236
0.00179805
0.00179337
0.00178851
0.00178365
0.00177897
0.00177654
0.00177242
0.00176893
0.0017662
0.00176433
0.00176339
0.00176342
0.0017644
0.00176628
0.00176901
0.00177247
0.00177652
0.00178104
0.00178583
0.00179072
0.00179553
0.00180008
0.00180419
0.00180771
0.0018105
0.00181245
0.00181349
0.00181357
0.00181267
0.00181082
0.0018081
0.0018046
0.00180048
0.00179588
0.001791
0.00178602
0.00178113
0.00177679
0.00177267
0.00176917
0.00176643
0.00176455
0.00176359
0.00176358
0.00176452
0.00176636
0.00176904
0.00177244
0.00177645
0.00178091
0.00178565
0.0017905
0.00179527
0.00179979
0.00180389
0.00180741
0.00181022
0.0018122
0.00181328
0.00181341
0.00181256
0.00181077
0.0018081
0.00180466
0.00180059
0.00179604
0.00179119
0.00178624
0.00178137
0.00177458
0.00177074
0.0017676
0.00176527
0.00176385
0.00176337
0.00176385
0.00176527
0.00176756
0.00177064
0.00177439
0.00177867
0.00178332
0.00178815
0.001793
0.00179767
0.001802
0.00180581
0.00180898
0.00181137
0.00181289
0.00181348
0.0018131
0.00181176
0.00180951
0.00180644
0.00180265
0.00179831
0.00179358
0.00178865
0.00178371
0.00177896
0.00177148
0.00176792
0.00176514
0.00176327
0.00176238
0.00176248
0.00176357
0.00176561
0.0017685
0.00177215
0.00177641
0.00178112
0.0017861
0.00179116
0.00179612
0.00180077
0.00180496
0.00180851
0.0018113
0.00181322
0.0018142
0.00181419
0.00181318
0.0018112
0.00180833
0.00180468
0.00180039
0.00179563
0.00179058
0.00178545
0.00178042
0.00177571
0.00177023
0.00176677
0.00176414
0.00176245
0.00176177
0.0017621
0.00176344
0.00176572
0.00176886
0.00177274
0.0017772
0.00178208
0.0017872
0.00179236
0.00179736
0.00180201
0.00180614
0.00180959
0.00181223
0.00181396
0.00181472
0.00181447
0.0018132
0.00181097
0.00180785
0.00180397
0.00179947
0.00179454
0.00178937
0.00178415
0.00177909
0.00177439
0.00177184
0.00176842
0.00176578
0.00176402
0.00176322
0.00176338
0.0017645
0.00176654
0.0017694
0.00177298
0.00177715
0.00178173
0.00178657
0.00179147
0.00179626
0.00180075
0.00180476
0.00180816
0.00181081
0.00181261
0.0018135
0.00181343
0.0018124
0.00181043
0.0018076
0.00180402
0.00179984
0.0017952
0.00179029
0.00178531
0.00178045
0.0017759
0.00177429
0.00177103
0.00176845
0.00176666
0.00176573
0.0017657
0.00176654
0.00176822
0.00177068
0.00177381
0.00177751
0.00178161
0.00178598
0.00179045
0.00179484
0.001799
0.00180276
0.00180599
0.00180856
0.00181039
0.0018114
0.00181154
0.0018108
0.0018092
0.0018068
0.00180368
0.00179998
0.00179582
0.00179139
0.00178684
0.00178236
0.00177812
0.00177518
0.00177225
0.00176997
0.00176843
0.00176769
0.00176777
0.00176866
0.00177031
0.00177267
0.00177564
0.00177911
0.00178293
0.00178698
0.00179109
0.0017951
0.00179888
0.00180227
0.00180515
0.00180742
0.00180899
0.0018098
0.00180981
0.00180902
0.00180744
0.00180514
0.0018022
0.00179873
0.00179487
0.00179077
0.00178659
0.00178249
0.00177864
0.00177471
0.00177225
0.00177043
0.00176933
0.001769
0.00176945
0.00177064
0.00177253
0.00177505
0.0017781
0.00178155
0.00178527
0.00178913
0.00179298
0.00179666
0.00180005
0.001803
0.00180543
0.00180722
0.00180833
0.0018087
0.00180833
0.00180721
0.00180538
0.00180292
0.0017999
0.00179646
0.00179272
0.00178882
0.00178493
0.00178118
0.00177773
0.00177476
0.0017727
0.00177127
0.00177054
0.00177052
0.00177123
0.00177262
0.00177464
0.00177722
0.00178024
0.00178359
0.00178714
0.00179076
0.00179431
0.00179765
0.00180065
0.0018032
0.00180522
0.00180661
0.00180735
0.00180739
0.00180673
0.0018054
0.00180344
0.00180092
0.00179793
0.0017946
0.00179104
0.0017874
0.00178382
0.00178043
0.00177737
0.00177616
0.00177441
0.00177324
0.00177268
0.00177277
0.0017735
0.00177484
0.00177673
0.0017791
0.00178184
0.00178486
0.00178804
0.00179126
0.00179438
0.00179731
0.00179991
0.0018021
0.00180379
0.00180494
0.00180548
0.00180541
0.00180472
0.00180345
0.00180162
0.00179932
0.00179661
0.00179362
0.00179044
0.00178721
0.00178405
0.00178108
0.00177841
0.00177783
0.00177641
0.00177549
0.00177512
0.0017753
0.00177603
0.00177727
0.00177898
0.00178109
0.00178351
0.00178614
0.00178889
0.00179165
0.00179431
0.00179677
0.00179894
0.00180074
0.0018021
0.00180298
0.00180334
0.00180317
0.00180248
0.0018013
0.00179965
0.00179761
0.00179524
0.00179263
0.00178989
0.00178712
0.00178443
0.00178192
0.00177969
0.00177804
0.00177701
0.00177647
0.00177643
0.0017769
0.00177785
0.00177926
0.00178106
0.00178318
0.00178554
0.00178803
0.00179057
0.00179306
0.0017954
0.00179751
0.00179929
0.00180069
0.00180166
0.00180217
0.00180219
0.00180172
0.0018008
0.00179944
0.0017977
0.00179564
0.00179333
0.00179087
0.00178834
0.00178585
0.00178348
0.00178134
0.0017795
0.00177674
0.00177622
0.0017762
0.0017767
0.00177769
0.00177914
0.00178099
0.00178317
0.00178559
0.00178815
0.00179075
0.0017933
0.00179569
0.00179783
0.00179964
0.00180104
0.001802
0.00180247
0.00180244
0.00180191
0.00180091
0.00179948
0.00179766
0.00179553
0.00179317
0.00179066
0.00178809
0.00178557
0.00178319
0.00178104
0.0017792
0.00177775
0.00177525
0.00177535
0.00177599
0.00177715
0.00177878
0.00178082
0.0017832
0.00178583
0.00178859
0.00179137
0.00179408
0.0017966
0.00179883
0.00180069
0.0018021
0.00180302
0.0018034
0.00180324
0.00180254
0.00180135
0.0017997
0.00179765
0.0017953
0.00179272
0.00179002
0.00178728
0.00178463
0.00178214
0.00177993
0.00177807
0.00177664
0.00177568
0.00177404
0.00177473
0.00177599
0.00177776
0.00177997
0.00178255
0.0017854
0.0017884
0.00179144
0.0017944
0.00179715
0.0017996
0.00180164
0.0018032
0.00180421
0.00180463
0.00180446
0.0018037
0.00180239
0.00180058
0.00179833
0.00179575
0.00179293
0.00178998
0.001787
0.00178411
0.00178141
0.00177901
0.00177699
0.00177544
0.0017744
0.00177393
0.00177262
0.00177369
0.00177536
0.00177757
0.00178022
0.00178322
0.00178646
0.00178982
0.00179315
0.00179632
0.00179922
0.00180172
0.00180374
0.00180518
0.001806
0.00180616
0.00180566
0.00180452
0.00180279
0.00180055
0.00179787
0.00179486
0.00179165
0.00178835
0.00178508
0.00178196
0.00177912
0.00177666
0.00177467
0.00177323
0.00177239
0.00177218
0.00177043
0.00177176
0.00177375
0.00177632
0.00177939
0.00178283
0.00178652
0.00179031
0.00179406
0.00179761
0.00180082
0.00180358
0.00180577
0.00180731
0.00180813
0.0018082
0.00180753
0.00180614
0.0018041
0.00180147
0.00179837
0.00179492
0.00179125
0.00178749
0.0017838
0.00178031
0.00177715
0.00177444
0.00177228
0.00177076
0.00176993
0.00176981
0.00176784
0.0017696
0.00177209
0.00177521
0.00177886
0.00178289
0.00178716
0.0017915
0.00179573
0.0017997
0.00180325
0.00180624
0.00180855
0.00181009
0.00181079
0.00181064
0.00180963
0.00180782
0.00180527
0.00180209
0.00179839
0.00179433
0.00179007
0.00178576
0.00178157
0.00177766
0.00177417
0.00177124
0.00176898
0.00176747
0.00176676
0.00176689
0.00176577
0.00176834
0.00177167
0.00177564
0.00178011
0.0017849
0.00178984
0.00179473
0.00179939
0.00180363
0.00180728
0.00181021
0.00181229
0.00181345
0.00181362
0.00181281
0.00181105
0.00180841
0.001805
0.00180096
0.00179643
0.0017916
0.00178667
0.00178181
0.00177721
0.00177304
0.00176946
0.00176661
0.00176459
0.00176347
0.0017633
0.00176407
0.00176505
0.00176869
0.00177308
0.00177804
0.0017834
0.00178894
0.00179447
0.00179976
0.0018046
0.00180881
0.00181222
0.00181468
0.00181611
0.00181644
0.00181566
0.0018138
0.00181094
0.00180719
0.00180271
0.00179767
0.00179227
0.00178672
0.00178123
0.00177602
0.00177127
0.00176716
0.00176385
0.00176146
0.00176008
0.00175975
0.0017605
0.00176228
0.00176619
0.00177083
0.00177612
0.00178187
0.00178786
0.00179386
0.00179963
0.00180497
0.00180963
0.00181345
0.00181626
0.00181796
0.00181848
0.00181779
0.00181593
0.00181297
0.00180904
0.0018043
0.00179893
0.00179314
0.00178715
0.00178121
0.00177553
0.00177033
0.00176579
0.00176208
0.00175935
0.00175769
0.00175716
0.00175779
0.00175956
0.00176239
0.00176957
0.00177466
0.00178026
0.00178617
0.00179215
0.00179798
0.00180343
0.00180827
0.00181232
0.00181541
0.00181741
0.00181825
0.0018179
0.00181638
0.00181374
0.00181011
0.00180562
0.00180047
0.00179484
0.00178896
0.00178304
0.00177733
0.00177201
0.00176731
0.00176338
0.00176037
0.00175839
0.00175752
0.0017578
0.00175921
0.00176171
0.0017652
0.0017747
0.00177938
0.00178441
0.0017896
0.00179475
0.00179966
0.00180412
0.00180797
0.00181105
0.00181323
0.00181444
0.00181463
0.00181379
0.00181197
0.00180924
0.00180571
0.00180152
0.00179685
0.00179186
0.00178674
0.00178169
0.00177689
0.00177253
0.00176877
0.00176574
0.00176357
0.00176232
0.00176206
0.00176279
0.0017645
0.00176712
0.00177057
0.0017795
0.001783
0.00178674
0.00179056
0.00179433
0.00179788
0.00180108
0.00180381
0.00180596
0.00180745
0.00180821
0.00180823
0.00180751
0.00180608
0.001804
0.00180136
0.00179825
0.0017948
0.00179113
0.00178738
0.00178369
0.0017802
0.00177704
0.00177433
0.00177217
0.00177065
0.00176982
0.00176972
0.00177036
0.00177172
0.00177375
0.00177638
0.00178178
0.00178387
0.00178619
0.00178862
0.00179108
0.00179348
0.00179571
0.00179769
0.00179935
0.00180062
0.00180146
0.00180184
0.00180174
0.00180118
0.00180017
0.00179877
0.00179702
0.00179498
0.00179274
0.00179036
0.00178795
0.00178559
0.00178337
0.00178137
0.00177968
0.00177836
0.00177746
0.00177702
0.00177706
0.00177758
0.00177857
0.00177999
0.00178114
0.00178212
0.00178339
0.0017849
0.00178658
0.00178837
0.00179021
0.00179201
0.00179371
0.00179524
0.00179656
0.00179761
0.00179835
0.00179877
0.00179884
0.00179857
0.00179797
0.00179705
0.00179584
0.00179439
0.00179275
0.00179099
0.00178916
0.00178734
0.0017856
0.00178401
0.00178263
0.00178152
0.00178072
0.00178027
0.00178019
0.00178048
0.00177907
0.00177927
0.00177985
0.00178081
0.00178209
0.00178365
0.00178543
0.00178735
0.00178935
0.00179136
0.00179329
0.00179508
0.00179666
0.00179798
0.00179899
0.00179964
0.00179992
0.00179981
0.00179929
0.0017984
0.00179716
0.00179561
0.00179383
0.00179187
0.00178981
0.00178774
0.00178574
0.00178388
0.00178225
0.0017809
0.0017799
0.00177929
0.00177779
0.00177727
0.00177721
0.00177761
0.00177846
0.00177972
0.00178133
0.00178325
0.0017854
0.0017877
0.00179006
0.0017924
0.00179464
0.00179669
0.00179848
0.00179994
0.00180101
0.00180163
0.00180178
0.00180145
0.00180064
0.00179939
0.00179775
0.00179577
0.00179355
0.00179116
0.0017887
0.00178628
0.00178399
0.00178192
0.00178016
0.00177876
0.00177859
0.00177738
0.00177663
0.00177636
0.00177658
0.00177727
0.00177842
0.00177997
0.00178187
0.00178405
0.00178643
0.00178893
0.00179146
0.00179393
0.00179625
0.00179831
0.00180005
0.00180138
0.00180225
0.00180261
0.00180245
0.00180177
0.0018006
0.00179898
0.00179699
0.00179469
0.00179219
0.00178958
0.00178698
0.00178449
0.00178221
0.00178022
0.00178093
0.0017792
0.00177787
0.00177696
0.00177652
0.00177656
0.00177707
0.00177804
0.00177943
0.00178119
0.00178326
0.00178558
0.00178804
0.00179058
0.00179309
0.00179548
0.00179765
0.00179951
0.00180098
0.001802
0.00180251
0.0018025
0.00180198
0.00180095
0.00179946
0.00179757
0.00179537
0.00179294
0.00179038
0.0017878
0.00178531
0.00178299
0.00178277
0.00178074
0.00177904
0.00177773
0.00177686
0.00177645
0.00177653
0.00177708
0.00177809
0.00177952
0.00178132
0.00178344
0.00178579
0.00178829
0.00179086
0.0017934
0.00179579
0.00179795
0.00179977
0.00180119
0.00180215
0.00180259
0.00180252
0.00180192
0.00180082
0.00179927
0.00179734
0.0017951
0.00179265
0.00179009
0.00178753
0.00178506
0.0017813
0.00177915
0.0017774
0.00177609
0.00177528
0.00177499
0.00177523
0.001776
0.00177726
0.00177897
0.00178107
0.00178349
0.00178613
0.00178892
0.00179174
0.00179449
0.00179706
0.00179934
0.00180123
0.00180265
0.00180355
0.00180388
0.00180364
0.00180282
0.00180147
0.00179964
0.0017974
0.00179486
0.00179211
0.00178927
0.00178645
0.00178376
0.00177599
0.00177385
0.0017723
0.00177138
0.00177112
0.00177153
0.00177259
0.00177426
0.00177648
0.00177917
0.00178223
0.00178556
0.00178903
0.00179253
0.00179591
0.00179905
0.00180182
0.00180411
0.00180581
0.00180686
0.0018072
0.00180682
0.00180574
0.001804
0.00180166
0.00179883
0.00179561
0.00179214
0.00178857
0.00178504
0.00178168
0.00177863
0.00177011
0.001768
0.00176668
0.00176618
0.00176653
0.00176769
0.00176964
0.0017723
0.00177557
0.00177934
0.00178346
0.0017878
0.00179218
0.00179645
0.00180045
0.00180401
0.001807
0.00180928
0.00181075
0.00181136
0.00181107
0.00180989
0.00180787
0.00180509
0.00180167
0.00179773
0.00179345
0.001789
0.00178454
0.00178028
0.00177635
0.00177292
0.00176776
0.00176554
0.00176417
0.00176372
0.00176419
0.00176556
0.00176779
0.00177079
0.00177445
0.00177864
0.00178322
0.001788
0.00179283
0.00179751
0.00180188
0.00180575
0.00180896
0.00181138
0.0018129
0.00181345
0.00181302
0.00181161
0.00180929
0.00180614
0.0018023
0.00179792
0.00179318
0.00178828
0.0017834
0.00177874
0.00177448
0.00177078
0.0017702
0.00176766
0.00176591
0.00176501
0.00176499
0.00176585
0.00176754
0.00177003
0.0017732
0.00177696
0.00178116
0.00178566
0.00179029
0.00179487
0.00179925
0.00180323
0.00180667
0.00180941
0.00181133
0.00181236
0.00181244
0.00181158
0.0018098
0.00180718
0.00180383
0.00179988
0.0017955
0.00179086
0.00178616
0.00178157
0.00177728
0.00177345
0.00177484
0.00177201
0.00176981
0.00176833
0.00176761
0.00176768
0.00176854
0.00177015
0.00177246
0.00177538
0.00177882
0.00178264
0.00178672
0.0017909
0.00179503
0.00179894
0.00180248
0.00180549
0.00180786
0.00180949
0.00181029
0.00181025
0.00180935
0.00180763
0.00180517
0.00180207
0.00179846
0.00179448
0.0017903
0.00178609
0.00178201
0.00177822
0.00177899
0.00177614
0.00177377
0.00177199
0.00177084
0.00177037
0.0017706
0.00177151
0.00177308
0.00177525
0.00177795
0.00178107
0.00178451
0.00178815
0.00179185
0.00179547
0.00179885
0.00180186
0.00180437
0.00180629
0.00180753
0.00180803
0.00180778
0.00180679
0.0018051
0.00180278
0.00179992
0.00179666
0.00179311
0.00178943
0.00178576
0.00178224
0.00178257
0.00177997
0.00177772
0.00177591
0.00177459
0.00177383
0.00177364
0.00177403
0.00177499
0.00177649
0.00177848
0.00178088
0.00178362
0.0017866
0.0017897
0.0017928
0.00179578
0.00179851
0.00180089
0.00180282
0.00180421
0.00180501
0.00180518
0.00180473
0.00180367
0.00180204
0.00179991
0.00179739
0.00179456
0.00179154
0.00178847
0.00178544
0.00178635
0.00178397
0.00178181
0.00177993
0.0017784
0.00177729
0.00177663
0.00177644
0.00177674
0.00177752
0.00177876
0.0017804
0.0017824
0.00178469
0.00178718
0.00178978
0.00179237
0.00179485
0.00179713
0.0017991
0.00180069
0.00180184
0.00180249
0.00180263
0.00180225
0.00180136
0.00180001
0.00179826
0.00179618
0.00179385
0.00179138
0.00178885
0.00178958
0.00178721
0.00178492
0.0017828
0.00178092
0.00177937
0.00177819
0.00177743
0.00177713
0.00177729
0.00177791
0.00177898
0.00178046
0.00178231
0.00178444
0.00178679
0.00178924
0.00179171
0.00179409
0.00179629
0.00179823
0.00179981
0.00180098
0.0018017
0.00180194
0.00180169
0.00180096
0.0017998
0.00179825
0.00179637
0.00179425
0.00179196
0.00179054
0.00178812
0.00178576
0.00178353
0.00178153
0.00177982
0.00177846
0.00177752
0.00177703
0.00177701
0.00177747
0.00177838
0.00177973
0.00178147
0.00178353
0.00178583
0.00178828
0.00179077
0.00179322
0.00179552
0.00179757
0.00179931
0.00180066
0.00180156
0.00180199
0.00180193
0.00180139
0.00180039
0.00179898
0.00179721
0.00179517
0.00179292
0.00178886
0.00178659
0.00178443
0.00178245
0.00178073
0.00177934
0.00177833
0.00177774
0.00177758
0.00177788
0.00177862
0.00177977
0.00178131
0.00178318
0.0017853
0.00178759
0.00178997
0.00179232
0.00179457
0.00179662
0.00179838
0.00179979
0.00180079
0.00180135
0.00180143
0.00180105
0.00180023
0.00179899
0.00179739
0.00179551
0.00179341
0.00179116
0.00178619
0.00178429
0.00178258
0.00178113
0.00178
0.00177922
0.00177883
0.00177884
0.00177925
0.00178005
0.00178122
0.00178271
0.00178448
0.00178645
0.00178856
0.00179072
0.00179284
0.00179483
0.00179662
0.00179813
0.0017993
0.00180009
0.00180046
0.00180039
0.0017999
0.00179901
0.00179776
0.00179619
0.00179438
0.0017924
0.00179032
0.00178823
0.00178392
0.00178263
0.0017816
0.00178088
0.00178047
0.00178041
0.00178069
0.0017813
0.00178222
0.00178343
0.00178487
0.00178651
0.00178827
0.00179011
0.00179193
0.00179367
0.00179526
0.00179664
0.00179774
0.00179851
0.00179893
0.00179899
0.00179867
0.00179799
0.00179699
0.0017957
0.00179417
0.00179248
0.00179069
0.00178887
0.0017871
0.00178543
0.00178281
0.00178233
0.00178213
0.00178221
0.00178257
0.0017832
0.00178407
0.00178516
0.00178641
0.0017878
0.00178926
0.00179075
0.00179222
0.0017936
0.00179485
0.0017959
0.00179672
0.00179727
0.00179753
0.00179748
0.00179712
0.00179647
0.00179555
0.00179441
0.00179308
0.00179162
0.0017901
0.00178857
0.0017871
0.00178574
0.00178455
0.00178356
0.00178352
0.00178373
0.00178416
0.0017848
0.00178562
0.00178658
0.00178766
0.00178881
0.00179
0.00179116
0.00179228
0.00179329
0.00179418
0.00179491
0.00179544
0.00179576
0.00179585
0.0017957
0.00179531
0.0017947
0.00179389
0.00179291
0.0017918
0.0017906
0.00178937
0.00178814
0.00178698
0.00178592
0.00178502
0.00178431
0.00178382
0.00178355
0.00178804
0.0017884
0.00178882
0.00178929
0.00178978
0.00179027
0.00179075
0.00179119
0.00179158
0.00179191
0.00179217
0.00179235
0.00179245
0.00179247
0.00179241
0.00179226
0.00179204
0.00179174
0.00179138
0.00179096
0.0017905
0.00179002
0.00178953
0.00178905
0.0017886
0.00178821
0.00178789
0.00178765
0.00178752
0.00178749
0.00178757
0.00178776
0.00179508
0.00179524
0.00179518
0.00179489
0.00179439
0.00179369
0.00179282
0.00179181
0.0017907
0.00178954
0.00178836
0.00178723
0.00178619
0.00178528
0.00178453
0.00178398
0.00178364
0.00178353
0.00178364
0.00178397
0.0017845
0.00178522
0.00178609
0.00178708
0.00178816
0.00178927
0.00179039
0.00179147
0.00179248
0.00179337
0.00179412
0.0017947
0.00180479
0.00180582
0.00180624
0.00180603
0.00180521
0.0018038
0.00180187
0.0017995
0.00179677
0.00179379
0.00179067
0.00178754
0.00178451
0.0017817
0.00177922
0.00177714
0.00177556
0.00177452
0.00177408
0.00177424
0.00177501
0.00177636
0.00177824
0.00178058
0.00178329
0.00178627
0.00178941
0.00179257
0.00179565
0.00179852
0.00180107
0.00180319
0.00180704
0.00181068
0.00181334
0.00181491
0.00181536
0.00181466
0.00181287
0.00181005
0.00180635
0.00180189
0.00179687
0.00179147
0.0017859
0.00178036
0.00177505
0.00177016
0.00176587
0.00176233
0.00175967
0.00175801
0.00175739
0.00175787
0.00175943
0.00176202
0.00176556
0.00176991
0.00177492
0.0017804
0.00178614
0.0017919
0.00179746
0.00180257
0.00180657
0.00181495
0.00182223
0.00182813
0.00183238
0.00183482
0.00183535
0.00183394
0.00183067
0.00182569
0.0018192
0.00181149
0.00180287
0.00179368
0.00178429
0.00177505
0.00176629
0.00175833
0.00175146
0.00174591
0.00174188
0.00173952
0.00173892
0.00174009
0.00174301
0.00174758
0.00175365
0.001761
0.00176939
0.00177849
0.00178797
0.00179746
0.00179768
0.00180597
0.00181338
0.0018196
0.00182437
0.00182749
0.00182885
0.00182839
0.00182614
0.00182221
0.00181677
0.00181006
0.00180235
0.00179396
0.00178521
0.00177642
0.00176791
0.00176
0.00175296
0.00174705
0.00174248
0.00173941
0.00173797
0.00173822
0.00174015
0.00174371
0.00174877
0.00175516
0.00176266
0.00177098
0.00177983
0.00178885
0.00178963
0.00180216
0.00181405
0.00182479
0.00183395
0.00184113
0.00184601
0.00184837
0.00184811
0.00184524
0.0018399
0.00183233
0.00182287
0.00181194
0.00179999
0.0017875
0.00177494
0.00176278
0.00175146
0.00174138
0.00173289
0.0017263
0.00172182
0.00171961
0.00171976
0.00172226
0.00172702
0.0017339
0.00174266
0.00175301
0.00176457
0.00177693
0.00177865
0.00178849
0.00179792
0.00180656
0.00181404
0.00182007
0.00182438
0.00182678
0.00182717
0.00182555
0.00182199
0.00181664
0.00180976
0.00180164
0.00179263
0.00178307
0.00177333
0.00176376
0.00175471
0.00174651
0.00173945
0.00173378
0.00172971
0.00172739
0.00172689
0.00172825
0.00173142
0.0017363
0.00174272
0.00175046
0.00175926
0.00176878
)
;
    }
    wall
    {
        type            calculated;
        value           uniform 0;
    }
}


// ************************************************************************* //
