/*--------------------------------*- C++ -*----------------------------------*\
| =========                 |                                                 |
| \\      /  F ield         | OpenFOAM: The Open Source CFD Toolbox           |
|  \\    /   O peration     | Version:  2512                                  |
|   \\  /    A nd           | Website:  www.openfoam.com                      |
|    \\/     M anipulation  |                                                 |
\*---------------------------------------------------------------------------*/
FoamFile
{
    version     2.0;
    format      ascii;
    arch        "LSB;label=32;scalar=64";
    class       volScalarField;
    location    "1.46";
    object      sigmaEq;
}
// * * * * * * * * * * * * * * * * * * * * * * * * * * * * * * * * * * * * * //

dimensions      [1 -1 -2 0 0 0 0];

internalField   nonuniform List<scalar> 
15264
(
14273.4
14249
14223.6
14198.1
14173.5
14151.1
14131.9
14116.5
14105.5
14099.2
14097.8
14101.2
14109.2
14121.5
14137.5
14156.7
14178.3
14201.4
14225.3
14249.1
14272.1
14293.5
14312.4
14328.3
14340.4
14348.3
14351.4
14349.4
14342.5
14330.9
14315.2
14295.8
6187.89
6167.38
6146.07
6125.01
6105.16
6087.22
6071.81
6059.46
6050.53
6045.22
6043.56
6045.49
6050.84
6059.38
6070.84
6084.87
6101.1
6119.07
6138.25
6158.04
6177.74
6196.57
6213.72
6228.4
6239.9
6247.63
6251.17
6250.31
6245.1
6235.79
6222.94
6206.69
4621.02
4557.29
4488.15
4416.16
4343.78
4273.52
4208.01
4149.87
4101.53
4065.03
4041.94
4033.26
4039.4
4060.2
4094.94
4142.34
4200.61
4267.45
4340.15
4415.68
4490.82
4562.43
4627.57
4683.73
4728.91
4761.7
4781.26
4787.22
4779.46
4757.82
4723.07
4676.86
18629.9
18620.8
18622.1
18633.1
18653.5
18682.5
18718.7
18760.3
18805.4
18851.9
18897.7
18940.9
18979.7
19012.8
19039.1
19058.2
19069.7
19073.6
19070.2
19059.9
19043
19020
18991.2
18957.4
18919.4
18878.1
18834.8
18791.1
18748.4
18709.2
18675.9
18648.6
16015
16005.5
16003.5
16008.5
16019.9
16037.6
16060.8
16088.6
16119.7
16153
16187
16220.5
16252.2
16281
16305.9
16326
16340.9
16349.9
16352.9
16349.7
16340.5
16325.3
16304.7
16279.2
16249.7
16217.2
16182.9
16148.2
16114.2
16082.3
16054.4
16031.4
12535.7
12524.1
12518.8
12519.7
12526.5
12538.9
12556.4
12578.3
12604
12632.5
12662.9
12694
12724.9
12754.3
12781.2
12804.5
12823.2
12836.7
12844.3
12845.6
12840.5
12829
12811.7
12789.1
12762
12731.6
12699.2
12666.2
12633.9
12603.2
12576
12553
25166.5
25168.7
25182.3
25206
25239
25280.5
25328.6
25380.9
25434.9
25487.9
25537.4
25581.1
25617.1
25643.9
25660.7
25667.3
25664.2
25652.3
25632.6
25606.6
25575.3
25539.9
25501.2
25460.3
25417.8
25374.6
25331.7
25290.4
25251.8
25218.6
25193.3
25175
21069.3
21061.4
21061.6
21069.3
21084.2
21106
21133.8
21166.6
21202.9
21241.4
21280.3
21318.2
21353.3
21384.2
21409.8
21429
21441.4
21446.6
21444.8
21436.3
21421.4
21400.8
21375
21345.1
21311.7
21276.1
21239.3
21202.6
21167.2
21134.6
21107.2
21084.7
17728.9
17709.2
17696.1
17689.6
17690
17697.3
17711.3
17731.8
17758.3
17790
17825.8
17864.4
17904.4
17943.9
17981.4
18015.2
18043.7
18065.8
18080.4
18087.2
18085.7
18076.2
18059.1
18035.2
18005.5
17971.4
17934.2
17895.6
17857.1
17819.4
17784.9
17754.1
30154.4
30170.5
30193.4
30221.6
30254.6
30291.9
30332
30373
30412.6
30448.7
30479
30501.6
30515.1
30518.4
30511.5
30495.1
30470.6
30439.8
30405
30368.5
30332.1
30297.4
30265.5
30237.1
30212.3
30191.2
30173.4
30158.9
30147.7
30141.3
30141.2
30144.7
24615.5
24612.2
24613.9
24619.8
24630.4
24645.5
24664.9
24687.9
24713.5
24740.6
24767.9
24793.8
24816.9
24836
24850.1
24858.6
24861.3
24858.5
24850.9
24839.1
24824
24806.5
24787.2
24766.8
24745.9
24724.9
24704.1
24684
24665.1
24647.9
24634.3
24622.8
20584.4
20563.3
20546
20532.8
20524.7
20522
20525.2
20534.5
20550.1
20571.5
20597.8
20627.9
20660.4
20693.7
20726.1
20756.1
20782.2
20803.5
20819.2
20828.7
20832.1
20829.3
20820.9
20807.4
20789.4
20767.7
20743.2
20716.9
20689.6
20661.3
20634.1
20607.9
33556.3
33576
33598.3
33621.7
33646.2
33671.8
33697.7
33722.3
33744
33760.8
33771.1
33773.5
33766.9
33751.1
33726.7
33695.2
33658.6
33619.5
33580.8
33544.9
33514.2
33489.9
33473
33463.4
33460.6
33463.4
33470.3
33480.2
33491.8
33505.5
33522.2
33538.4
27096.8
27099
27102.5
27106.7
27112.1
27119.1
27127.6
27137.3
27147.6
27157.8
27166.8
27173.7
27177.8
27178.3
27175.1
27168.5
27158.8
27147.2
27134.5
27122.1
27110.7
27101.2
27094
27089.3
27086.8
27086.1
27086.7
27088.1
27089.5
27090.9
27093.4
27094.8
22434.2
22423
22412.1
22401.8
22393
22386.2
22382
22380.8
22382.9
22388.2
22396.4
22406.8
22418.8
22431.5
22444.1
22456
22466.6
22475.6
22482.8
22488.1
22491.7
22493.6
22494.1
22493.2
22491.2
22488
22483.7
22478.4
22472
22463.7
22454.8
22444.5
35752.7
35764.9
35777.6
35790
35802.5
35815.7
35829.3
35842.1
35852.6
35859.3
35860.5
35855
35842.1
35821.8
35794.9
35763
35728.4
35693.8
35661.8
35635
35615.3
35603.7
35600.7
35605.6
35617
35633.3
35652.2
35671.9
35690.6
35708.4
35726.1
35740
28766.1
28774.8
28781.6
28786
28788.5
28789.6
28789.3
28787.3
28783.5
28777.2
28768
28755.7
28740
28721.3
28700.2
28677.8
28655.5
28634.8
28617.2
28604.2
28596.6
28595
28599.6
28609.7
28624.6
28643
28663.4
28684.5
28704.7
28723.3
28740.8
28754.6
23719.9
23726
23728.4
23727
23722.3
23714.6
23704.2
23691.7
23677.5
23662.1
23645.6
23628.5
23611.1
23593.8
23577.3
23562.1
23549
23538.6
23531.7
23528.7
23530
23535.6
23545.5
23559.2
23576.3
23595.9
23617
23638.7
23660
23678.9
23695.8
23709.3
37143.8
37141.9
37140.8
37140.3
37141.6
37146.1
37153.9
37163.9
37174.6
37184.1
37190.3
37191.5
37186.3
37174.3
37155.8
37132.4
37106
37079.3
37055.2
37036.1
37024
37019.8
37023.7
37034.8
37051.2
37070.7
37090.8
37109
37123.6
37134.3
37142.4
37144.5
29863.2
29873.4
29880.3
29883.3
29883.2
29880.8
29876.3
29869.4
29859.8
29846.8
29830
29808.9
29783.7
29754.9
29723.5
29691.2
29660
29632.1
29609.7
29594.5
29587.8
29590.2
29601.5
29621
29647
29677.7
29710.8
29744.2
29775.7
29803.8
29829
29848.2
24599.5
24617.9
24629.9
24635.2
24634.2
24627
24614
24595.4
24571.8
24543.5
24511.1
24475.2
24436.8
24397.3
24358
24320.7
24287.4
24259.7
24239.3
24227.4
24224.8
24231.7
24248
24272.6
24304.5
24341.9
24382.9
24425.6
24468
24507.3
24543.3
24573.9
38042.4
38030.4
38019.5
38010.1
38004
38003
38007.4
38016.6
38028.9
38042.4
38054.7
38063.5
38067.1
38064.4
38055.4
38041
38023
38003.9
37986.2
37972.5
37964.7
37963.8
37969.9
37982.1
37998.4
38016.6
38033.9
38048.1
38057
38060.7
38060.5
38053.1
30552.5
30557.9
30560.3
30559.7
30557
30553.4
30549
30543.6
30536.8
30527.7
30515.6
30499.7
30479.6
30455.6
30428.6
30400
30371.8
30346.2
30325.3
30311.2
30305.2
30307.9
30319.3
30338.4
30363.7
30393.1
30424.3
30455.2
30483.5
30507.7
30528.3
30542.6
25137.1
25154.2
25165.6
25171
25171.1
25165.8
25155.4
25140.2
25120.3
25096
25067.3
25034.8
24999.1
24961.3
24922.9
24885.7
24851.7
24822.7
24800.7
24787.1
24782.8
24788.1
24802.8
24826.1
24856.6
24892.6
24932.1
24973.1
25013.7
25050.9
25084.8
25113.4
38642.9
38629
38616.3
38604.9
38596.4
38592.9
38594.6
38601.1
38611
38622.5
38633.5
38642.1
38646.5
38645.8
38639.9
38629.5
38616.2
38602
38589.1
38579.8
38575.7
38577.4
38585.1
38597.7
38613.7
38630.6
38646.3
38658.4
38665.2
38666.9
38664.7
38655.4
30962.8
30958.2
30953.1
30947.7
30943.1
30940.1
30939
30939.5
30941
30942.4
30942.7
30940.9
30936.1
30928
30917.1
30904
30890.1
30876.9
30865.9
30858.6
30855.9
30858.4
30865.9
30877.7
30892.5
30909
30925.4
30940.2
30951.9
30959.7
30964.9
30965.1
25415
25416.8
25417.1
25415.9
25414
25411.5
25408.5
25404.8
25400.4
25394.8
25387.6
25378.6
25367.5
25354.7
25340.7
25326.3
25312.6
25300.6
25291.5
25286
25284.7
25287.8
25295
25305.8
25319.5
25335.1
25351.3
25367.3
25382.1
25393.8
25403.6
25410.1
39052
39038.6
39026.5
39015.7
39007.8
39004.4
39005.9
39011.3
39019.1
39027.6
39034.8
39038.8
39038.3
39032.8
39022.4
39008.5
38992.7
38977.3
38964.6
38956.8
38955.2
38960.3
38971.9
38988.7
39008.7
39029.4
39048.2
39062.8
39071.5
39074.4
39073
39064.1
31213.5
31196
31181.4
31170
31163.1
31161.7
31165.6
31174.3
31186.5
31200.8
31215.4
31228.7
31239.6
31247.4
31251.7
31253.1
31252.4
31250.7
31249.3
31249.1
31250.8
31254.7
31260.2
31266.8
31273.2
31278.2
31280.3
31278.7
31272.6
31261.8
31248.6
31231.3
25557.4
25537.7
25521.8
25510.3
25504.3
25504.1
25509.4
25519.8
25534.4
25551.8
25570.8
25589.9
25608.1
25624.5
25638.6
25650.4
25660.1
25667.9
25674.2
25679.3
25683.4
25686.2
25687.5
25686.9
25683.9
25678
25668.9
25656.5
25640.8
25621.3
25600.4
25578.2
39327.2
39313.6
39301.6
39291.3
39284
39281.4
39283.4
39288.9
39296.2
39303
39307.3
39307.5
39302.2
39291.4
39275.7
39256.6
39236.6
39218.1
39203.8
39195.9
39195.7
39203.7
39219.3
39240.8
39265.7
39291.3
39314.4
39332.6
39343.9
39348.5
39348
39339.3
31402.3
31378.2
31358.5
31343.6
31335.2
31334
31339.9
31351.9
31368.3
31387.4
31407
31425.3
31440.9
31452.9
31461.2
31466.3
31469.1
31470.7
31472.6
31475.6
31480.2
31486.5
31494
31501.4
31507.6
31510.9
31509.9
31503.7
31491.5
31473.7
31452.8
31427.6
25686.8
25656.5
25632
25614.5
25605.5
25605
25612.9
25628.4
25650.2
25676.5
25705.5
25735.2
25764.2
25791.1
25815.4
25836.6
25854.8
25870.2
25882.9
25893.3
25901
25906
25907.7
25905.5
25898.8
25887.1
25870.1
25847.9
25820.9
25788.9
25755
25719.7
39500.7
39487.6
39476.1
39466.1
39459.2
39456.6
39458.4
39463.3
39469.6
39475.4
39478.6
39477.6
39471.5
39460.1
39444.2
39425.4
39406
39388.4
39375.1
39368.3
39369.2
39378.1
39394.3
39416.1
39441.1
39466.4
39489.2
39506.9
39517.8
39522
39521.3
39512.6
31582.3
31564.9
31549.8
31537.5
31529.3
31525.9
31527.1
31532.1
31539.7
31548.3
31556.4
31562.7
31566.3
31566.9
31564.8
31560.9
31556.4
31552.8
31551.4
31553.3
31558.9
31568.3
31580.5
31594.5
31608.6
31620.9
31629.9
31634.3
31633
31625.9
31615.1
31599.4
25868.6
25849
25831.9
25818.2
25809.2
25805
25805.3
25809.7
25817.4
25827.3
25838
25848.6
25858.3
25866.7
25873.8
25880
25885.8
25891.9
25898.7
25906.5
25915.4
25924.8
25934.2
25942.6
25949.1
25952.6
25952.3
25947.9
25939
25924.9
25908
25888.2
39602
39586.1
39572.5
39561.2
39553.9
39552
39555.3
39562.5
39571.8
39581
39587.9
39590.6
39588.1
39580
39566.9
39550.3
39532.6
39516.2
39503.7
39497.3
39498.2
39506.8
39522.4
39543.3
39566.9
39590.3
39610.7
39625.6
39633.2
39633.9
39629.4
39617.3
31747.7
31741.7
31734.8
31727.2
31720
31713.8
31708.6
31703.7
31698.2
31691
31681.2
31667.9
31651.1
31631.2
31609.4
31587.4
31567.1
31550.8
31540.3
31537.2
31542.1
31555
31574.9
31600.2
31628.8
31658.3
31686.2
31710.5
31729.4
31741.9
31749.7
31750.6
26073.2
26074.3
26072.1
26067.1
26060
26050.9
26039.7
26026.4
26010.7
25992.2
25970.9
25946.9
25920.7
25893.3
25866.2
25841.1
25819.9
25804.4
25795.8
25795.3
25802.9
25818.5
25840.8
25868.5
25899.8
25932.5
25964.7
25994.7
26021
26041.5
26057.2
26067.2
39665.4
39644.8
39627.4
39613.8
39605.7
39604.8
39610.7
39622
39636.5
39651.4
39664
39672
39673.7
39668.6
39657.2
39641.1
39622.8
39605.4
39591.7
39584.2
39584.7
39593.3
39609.4
39630.9
39655.1
39678.5
39698.1
39711.2
39715.8
39712.5
39703.2
39685.9
31852.5
31852.4
31849.7
31844.7
31838.6
31832
31824.8
31816.3
31805.5
31791.2
31772.4
31748.4
31719.3
31685.9
31650.1
31614.1
31580.9
31553.5
31534.5
31525.9
31529
31543.7
31568.9
31602.6
31641.9
31683.8
31725
31762.8
31794.7
31819.3
31837.8
31847.9
26202.9
26216.8
26224.2
26225.2
26220.7
26210.4
26194.3
26172.5
26144.6
26110.6
26070.7
26025.5
25976.2
25924.7
25873.4
25825.3
25783.2
25750.2
25728.5
25719.8
25724.8
25743.3
25774
25814.9
25863.3
25916.2
25970.6
26023.8
26073.2
26116.1
26152.5
26181
39713.7
39693.2
39675.8
39662.1
39653.9
39652.7
39658.3
39669.4
39683.7
39698.6
39711.4
39719.8
39722.2
39717.9
39707.5
39692.6
39675.5
39659.3
39646.7
39640.2
39641.2
39650.1
39666
39686.9
39710.2
39732.4
39750.7
39762.5
39766
39761.9
39752
39734.4
31863.8
31862.3
31859.2
31854.9
31850.3
31846.2
31842.3
31837.9
31831.8
31822.8
31809.7
31791.6
31768.4
31740.8
31710.3
31679
31649.5
31624.8
31607.2
31598.8
31600.6
31612.6
31633.8
31662.3
31695.7
31731
31765.5
31796.6
31822.2
31841.3
31855.2
31861.7
26189.2
26200.7
26207.5
26209.7
26208
26202
26191.7
26176.8
26156.9
26131.7
26101.1
26065.4
26025.5
25982.8
25939.6
25898.3
25861.6
25832
25811.9
25802.8
25805.2
25819.1
25843.4
25876.2
25915.4
25958.3
26002.4
26045.5
26085.3
26119.6
26148.7
26171.4
39753.4
39734.7
39719.2
39707.1
39699.8
39698.7
39703.4
39712.5
39724
39735.3
39744.1
39748.3
39746.8
39739.3
39726.5
39710.4
39693.4
39678.3
39667.8
39664
39668
39679.6
39697.9
39720.5
39744.7
39767.5
39785.8
39797.5
39801.1
39797.4
39788.6
39772.2
31801.2
31789.8
31781
31774.8
31772.3
31773.7
31778.8
31786.2
31794.5
31802
31806.9
31808.1
31804.8
31797
31785.7
31772.2
31758.6
31746.8
31738.8
31735.8
31738.5
31746.7
31759.3
31775
31791.6
31807.1
31819.7
31828
31831
31828.5
31822.8
31812.4
26059.9
26054
26049.9
26047.9
26048.7
26051.9
26056.9
26062.9
26068.7
26073.2
26075.2
26074.2
26069.6
26062
26052
26040.9
26030.2
26021.2
26015.2
26013
26014.8
26020.4
26028.8
26039.1
26050
26060.1
26068.4
26074
26076.6
26075.1
26071.4
26065.5
39785.8
39764.9
39748
39735.5
39728.6
39728.6
39734.6
39744.8
39756.3
39766.4
39772.4
39772.3
39765.1
39751
39731.6
39709.3
39687.5
39669.6
39658.7
39656.8
39665
39682.7
39708.1
39738.3
39769.8
39798.7
39821.7
39836.3
39840.9
39836.7
39826.1
39807.1
31730.6
31704.2
31685.2
31674.3
31672.4
31680
31695.7
31717.8
31743.7
31770.6
31795.8
31817.1
31833.3
31843.7
31849
31850.3
31849.5
31848.4
31848.7
31851.5
31857.2
31865.1
31874.1
31882.3
31887.6
31888.1
31882.2
31869.3
31849
31822.5
31793.2
31760.8
25923.3
25894.2
25874.3
25864.6
25866.2
25878.3
25899.8
25928.9
25963.2
26000.2
26037.4
26072.5
26103.9
26130.8
26152.9
26170.6
26184.3
26195
26203.2
26209.2
26213
26213.9
26211.2
26203.9
26191.2
26172.3
26147
26115.9
26079.9
26039.5
25998.5
25958.3
39815
39791.6
39772.1
39757.3
39748.4
39746.7
39751.3
39760.2
39770.3
39778.8
39782.7
39780
39769.9
39752.7
39730.1
39705.2
39681.4
39662.4
39651.7
39651.4
39662.4
39684.1
39714.4
39750
39787
39821.1
39848.5
39866.5
39873.2
39869.8
39858.8
39838.4
31732.3
31698.5
31673.2
31657.3
31652.2
31658.1
31673.9
31697.5
31726.1
31756.5
31785.8
31811.5
31832.1
31847
31856.6
31862.2
31865.6
31868.8
31873.3
31880.4
31890.2
31901.8
31913.8
31924.2
31930.5
31930.5
31922.7
31906.1
31880.6
31847.6
31810.8
31770.5
25907.6
25868
25839.3
25823
25820.3
25830.8
25853.2
25885.4
25924.8
25968.6
26013.6
26057.3
26097.9
26134
26165.3
26191.8
26214
26232.5
26247.7
26259.8
26268.5
26273
26272.2
26265
26250.3
26227.3
26195.9
26156.7
26110.8
26059.2
26006.3
25954.1
39838.4
39816.5
39796.8
39779.7
39766.8
39759.5
39757.6
39759.6
39763.5
39767
39767.8
39764.4
39755.7
39741.9
39724.4
39705.2
39687.2
39673.5
39666.7
39668.8
39680.6
39701.6
39730
39763.3
39797.9
39830.3
39857.1
39875.6
39884.2
39883.5
39875.9
39859.1
31833.4
31807
31784.3
31765.9
31753.2
31746.9
31746.7
31751.3
31759.2
31768.5
31777.3
31784.2
31788.5
31789.9
31789.1
31787.6
31786.8
31788.6
31794.3
31804.7
31819.8
31838.9
31860.3
31882
31901.7
31916.9
31925.9
31927.2
31920.3
31905.5
31885.7
31860.2
26058.2
26029.6
26005.2
25986.2
25973.8
25968
25968.4
25974.1
25983.9
25996.3
26009.7
26023
26035.5
26047
26057.7
26068.3
26079.6
26092.2
26106.6
26122.7
26140
26157.5
26173.7
26187.1
26196.1
26199.5
26196.3
26186.2
26169.5
26145.9
26118.4
26088
39853.4
39831.6
39811.1
39792.1
39776.3
39765.4
39759.3
39757.2
39757.3
39757.8
39756.8
39753
39745.5
39734.3
39720.5
39705.7
39692.4
39683
39679.8
39684.6
39697.9
39719.3
39747.2
39779.3
39812.5
39843.5
39869.2
39887.2
39895.9
39895.9
39889.2
39873.5
31974.3
31959.3
31941.9
31922.6
31902.6
31883.1
31864.2
31845.5
31826.6
31806.7
31785.3
31762.3
31738.2
31713.8
31690.8
31671.3
31657.5
31651.3
31654.3
31667.2
31689.9
31721.1
31759
31800.9
31844
31885
31921.5
31951.1
31972.3
31984.3
31988.9
31984.5
26279.1
26268.9
26253.8
26234.4
26212
26186.9
26159.3
26129.7
26098.1
26064.7
26029.9
25994.4
25959.5
25926.9
25898.5
25876.6
25863.1
25859.6
25867.1
25885.6
25914.4
25951.9
25995.8
26043.5
26092.2
26139.1
26181.8
26218.4
26247.5
26267.3
26279.1
26282.3
39875.4
39853
39831.4
39810.9
39793.2
39780.2
39771.8
39767.1
39764.6
39762.4
39758.9
39752.7
39742.9
39729.8
39714.4
39698.6
39684.7
39675.4
39672.8
39678.7
39693.8
39717.5
39748.1
39783.2
39819.6
39853.7
39882.5
39903.3
39914.3
39916.1
39910.6
39895.6
32069.3
32059.9
32044.6
32024
31999.4
31972
31942
31909.6
31874.5
31836.5
31795.8
31752.8
31708.8
31665.6
31625.8
31592.1
31567.4
31554.4
31554.8
31569.5
31598.3
31639.7
31691.2
31749.4
31810.7
31871.2
31927.5
31976.5
32016
32044.6
32063.5
32070.9
26421.5
26420.6
26409.6
26388.9
26359.9
26323
26278.8
26228.1
26171.5
26110
26045
25978.2
25912.2
25849.9
25794.7
25750.1
25719.2
25704.4
25707.2
25728
25765.9
25818.6
25883.2
25955.9
26032.8
26109.8
26183.3
26250.2
26308
26353.9
26388.5
26410.6
39914.5
39897.3
39878.3
39857.9
39837.8
39820
39804.9
39792.3
39781.5
39771.4
39760.8
39748.9
39735.2
39719.6
39703.1
39687
39673.1
39663.5
39660.3
39664.9
39678.3
39700.3
39729.7
39764.6
39802.2
39839.5
39873.3
39900.9
39920.1
39930.8
39934.3
39927.6
32082.1
32072.3
32055.7
32032.7
32004.9
31973.5
31939.4
31902.8
31864.2
31823.7
31781.9
31739.4
31697.5
31657.8
31622.3
31593.5
31573.6
31564.6
31568
31584.5
31613.8
31654.6
31704.7
31761.3
31821
31880.3
31935.9
31985
32025.1
32054.8
32074.9
32083.2
26418.4
26413.6
26398.5
26373.9
26341.1
26300.8
26253.8
26201.2
26144.1
26083.6
26021.2
25958.7
25898.5
25843.2
25795.8
25759.2
25735.9
25727.8
25736.1
25760.7
25800.6
25853.7
25917.1
25987.5
26061.1
26134.3
26203.7
26266.5
26320.2
26362.3
26393
26411.3
39958.7
39949
39934.7
39915.6
39893.6
39870.8
39848.7
39827.7
39807.9
39789.3
39771.5
39753.9
39736.1
39717.9
39699.6
39682
39666.4
39654.3
39647.6
39647.9
39656.5
39673.9
39699.7
39732.8
39771.1
39811.7
39851.6
39888
39918
39940.9
39956.8
39961.7
32039.1
32024.7
32004.5
31979
31949.8
31918.7
31886.7
31854.6
31823.2
31792.8
31763.6
31736.2
31710.9
31688.4
31669.7
31655.8
31647.9
31647.2
31654.7
31670.8
31695.4
31728
31767.1
31810.8
31856.8
31902.4
31944.9
31982
32011.5
32031.9
32044.2
32045.8
26319
26301.7
26277.7
26248.2
26214.7
26178.1
26139.6
26100.2
26060.8
26022.2
25985.2
25950.9
25920.3
25894.7
25875.5
25864
25861.4
25868.5
25885.6
25912.4
25948
25990.8
26038.8
26089.5
26140.4
26189
26232.9
26270.2
26299.4
26318.3
26327.9
26327.5
39985.7
39982.2
39972.4
39955.8
39934.3
39910.3
39885.5
39860.9
39837
39814.2
39792.3
39771
39749.8
39728.5
39707
39685.9
39666.3
39649.8
39638.1
39633.4
39637.2
39650.5
39673.4
39705.2
39744
39787.2
39831.7
39874.3
39911.9
39943.2
39967.9
39981.1
31994.2
31978.1
31957.9
31933.8
31907.7
31881.2
31855.6
31831.7
31810
31790.6
31773.5
31758.6
31745.6
31734.5
31725.4
31718.9
31715.6
31716.4
31722.3
31733.8
31751.5
31775
31803.7
31836.3
31870.9
31905.4
31937.6
31965.3
31986.5
31999.9
32006.5
32003.7
26226.7
26202.9
26176.1
26147.4
26118.7
26090.9
26064.8
26041.3
26020.7
26003.2
25988.7
25977.3
25969
25964
25962.7
25965.5
25972.9
25985.3
26002.9
26025.6
26052.7
26083.3
26115.9
26149
26180.8
26209.5
26233.3
26251
26261.6
26263.4
26258
26244.9
39988.9
39992
39987.9
39975.9
39957.2
39934.3
39909
39882.5
39855.9
39830
39805.2
39781.4
39758.5
39736.1
39714.2
39692.9
39673
39655.7
39642.5
39635.3
39635.7
39645
39663.6
39691.1
39726.2
39766.7
39810
39853
39892.8
39928.1
39958.1
39977.6
31989
31983.8
31973.9
31959.3
31941.1
31920.9
31899.6
31878.1
31857.1
31836.9
31817.6
31799.4
31782.2
31766.1
31751.3
31738.3
31727.9
31720.9
31718.5
31721.5
31730.7
31746.2
31767.8
31794.5
31824.9
31857.2
31889.4
31919.5
31945.3
31965.5
31980.7
31987.8
26214.8
26204.6
26191.2
26175.2
26157.9
26139.7
26121.4
26103.4
26085.9
26069.3
26053.5
26038.6
26024.8
26012.5
26002.2
25994.5
25990.4
25990.4
25995.3
26005.4
26020.5
26040.3
26063.7
26089.7
26116.7
26143.3
26167.8
26188.9
26205.5
26215.8
26220.9
26219.9
39986.4
39994.5
39994.6
39985.4
39968.1
39945.2
39918.5
39889.8
39860.7
39832.6
39806.4
39782.3
39760.3
39739.9
39720.6
39702.1
39684.3
39668.1
39654.6
39645.5
39642.5
39647.2
39660.4
39682.4
39712.5
39749
39789.8
39832.1
39873
39911
39945.2
39969.7
32025.8
32039.5
32045.9
32044.1
32034.9
32019.4
31998.5
31973.5
31945.2
31914.7
31882.9
31850.2
31817.4
31784.9
31753.4
31723.7
31696.9
31674.3
31657.4
31647.7
31646.3
31653.9
31670.9
31696.6
31730
31769.3
31812.3
31856.7
31899.8
31939.6
31975.7
32004.1
26275.8
26293.1
26303.7
26307
26303.6
26293.6
26277.1
26255
26227.8
26196.1
26160.7
26122.5
26082.5
26041.9
26002.3
25965.2
25932.6
25906
25887.2
25877.4
25877.4
25887.3
25906.7
25934.8
25970
26010.5
26054.3
26099.4
26143.5
26183.8
26220.3
26250.7
39993.2
40003.3
40004.2
39994.6
39976
39951
39921.9
39890.9
39860.1
39831.1
39805
39782.1
39761.9
39743.7
39726.5
39709.3
39692
39674.8
39659
39646.5
39639.4
39639.7
39649.2
39668.3
39696.9
39733.3
39775.4
39820.4
39864.9
39907
39945.3
39973.6
32073.4
32101.9
32120.2
32127
32122.8
32108.9
32086.4
32056.7
32021.2
31981.2
31937.9
31892.3
31845.1
31797.2
31749.5
31703.1
31659.7
31621.1
31589.5
31567.1
31556
31557.5
31572.3
31600.4
31640.4
31690.4
31747.7
31809.1
31871.3
31931
31987
32034.4
26349.6
26390.2
26419.8
26437.6
26443.7
26437.9
26420.5
26392.4
26354.3
26307.5
26253.1
26192.4
26127.2
26059.4
25991.4
25925.6
25865.1
25812.7
25771.2
25742.9
25729.8
25732.6
25751.4
25785.3
25832.7
25891.1
25957.6
26029
26102
26172.4
26238.9
26298.2
40004
40015.4
40016.8
40007
39987.3
39960.7
39929.6
39896.6
39863.8
39833.2
39805.9
39782.2
39761.7
39743.3
39725.8
39708.3
39690.3
39672
39654.8
39640.6
39631.7
39630.6
39639
39657.9
39686.9
39724.7
39769
39816.7
39864.3
39909.7
39951.1
39982.3
32102.3
32135.6
32157.2
32165.6
32161.6
32146.3
32121.2
32087.6
32047.4
32002
31952.8
31900.9
31847.2
31792.7
31738.3
31685.4
31635.8
31591.6
31555.3
31529.3
31516
31517
31533.1
31564.2
31608.9
31665.1
31729.7
31799.4
31870.1
31938.3
32002.5
32057.2
26391.6
26439.5
26474.5
26495.5
26502.6
26495.6
26475
26441.7
26396.9
26341.8
26277.9
26206.9
26130.7
26051.6
25972.3
25895.8
25825.4
25764.4
25716.1
25683.2
25667.7
25670.8
25692.5
25731.8
25786.7
25854.6
25932
26015.2
26100.5
26183.1
26261.3
26331.1
40010.5
40022.2
40023.7
40014
39994.3
39967.4
39935.8
39902
39868.1
39836.2
39807.5
39782.4
39760.6
39741.2
39723.2
39705.7
39688.1
39670.9
39655.2
39642.7
39635.6
39636.1
39645.8
39665.5
39695
39732.9
39776.9
39824.1
39871.3
39916.4
39957.6
39988.7
32109.9
32138
32154.4
32158
32149.5
32130.1
32101.2
32064.6
32021.9
31975
31925.1
31873.7
31821.7
31770.1
31719.9
31672.6
31629.5
31592.5
31563.7
31545.2
31538.8
31545.6
31566.1
31600.1
31646
31701.8
31764.6
31831.2
31898
31961.6
32020.7
32070.1
26400.4
26439.6
26466.3
26479.3
26478.9
26465.2
26438.9
26400.9
26352.7
26295.8
26231.6
26162.2
26089.5
26015.8
25943.8
25876.3
25816.1
25766.3
25729.3
25707.4
25701.9
25713.4
25741.5
25784.9
25841.6
25908.9
25983.6
26062.3
26141.5
26217
26287.1
26348.5
40014.3
40022.4
40020.8
40008.4
39986.8
39958.5
39926.3
39892.3
39858.8
39827.6
39800
39776.2
39756
39738.5
39722.7
39707.8
39693.3
39679.6
39667.5
39658.7
39655.2
39658.7
39670.8
39692
39721.9
39759.1
39801.5
39846.4
39890.5
39931.9
39969.2
39996.4
32101.2
32117.3
32123
32117.2
32100.9
32075.7
32043
32004.6
31962.4
31918
31873
31828.4
31785.3
31744.5
31706.7
31672.9
31644
31621.3
31606.2
31599.9
31603.5
31617.8
31642.9
31678.1
31722.1
31773
31828.2
31885
31940.4
31991.7
32037.7
32074.1
26382.9
26404.7
26415.4
26414.6
26402.8
26380.3
26348.1
26307.4
26259.8
26206.8
26150.1
26091.4
26032.6
25975.7
25922.8
25876
25837.4
25808.8
25791.8
25787.4
25796.2
25817.9
25851.8
25896.2
25949.4
26008.9
26072.1
26136.3
26198.8
26256
26307.2
26349.5
40019
40019.1
40010
39991
39963.9
39931.7
39897.2
39862.8
39830.5
39802
39778.2
39759.1
39744.1
39731.9
39721.5
39711.8
39702.3
39693.2
39685.6
39681.1
39681.6
39688.8
39704.1
39727.8
39759.4
39797.1
39838.7
39881.3
39921.7
39958
39989
40008.9
32078.2
32079.6
32072.2
32055.4
32030.7
31999.9
31964.7
31927
31888.7
31851.1
31815.7
31783.2
31754
31728.6
31707.1
31689.7
31676.9
31669.1
31667.2
31672
31684.1
31703.8
31731.1
31765.3
31805.1
31848.8
31894.2
31939
31980.5
32016.5
32046.6
32066.8
26341.4
26344
26337.9
26323.1
26300.7
26271.4
26236.5
26197.2
26155.2
26111.9
26068.7
26026.9
25988
25953.2
25923.9
25901.2
25886
25879.3
25881.6
25892.9
25913.1
25941.4
25976.9
26018
26063.1
26110.3
26157.6
26203.2
26244.9
26280.2
26308.9
26329.1
40025.2
40015.5
39996.7
39968.8
39934.3
39896.7
39859
39823.7
39792.8
39767.8
39749.1
39736.2
39727.9
39722.5
39718.3
39714.1
39709.3
39704.2
39700.2
39699.1
39703
39713.8
39732.8
39760.1
39794.7
39834.7
39877.3
39919.1
39956.8
39988.4
40012.8
40024.4
32051.3
32037.6
32016.7
31988.7
31955.5
31919.4
31882.5
31846.7
31813.7
31784.8
31760.7
31741.7
31727.7
31718.3
31712.8
31711
31712.7
31717.8
31726.9
31740.4
31758.8
31782.4
31811
31844
31880.1
31917.4
31954
31987.8
32016.2
32037.6
32051.9
32055.9
26292.9
26276.8
26254.6
26226.9
26195.3
26160.9
26125.1
26089.4
26055.2
26023.6
25995.7
25972.3
25954.1
25941.5
25934.9
25934.6
25940.7
25953
25971.4
25995.3
26024
26056.6
26092
26128.7
26165.3
26200.4
26232.3
26259.8
26281.6
26295.5
26302.4
26301
40034.8
40017.1
39989.9
39953.8
39911.9
39868.2
39826.3
39789
39758.4
39735.8
39721.4
39714
39711.8
39712.5
39713.9
39714.2
39712.8
39710.1
39707.6
39707.6
39712.6
39725
39746.1
39776.2
39814
39857.2
39902.5
39946
39983.9
40013.8
40034.7
40040.9
32038.2
32011
31977.4
31938.1
31895.7
31853
31812.4
31776.2
31746
31723
31707.5
31699.3
31697.7
31701.4
31709.2
31720.2
31733.5
31748.9
31766.7
31787.3
31811.1
31838.6
31869.5
31903.2
31938.4
31973
32005
32032.2
32052.1
32063
32065.5
32056.4
26264.8
26231.7
26194.1
26153.2
26111.4
26070.1
26031.1
25995.9
25966
25942.5
25925.8
25916.4
25914.4
25919.5
25931.2
25949.2
25972.6
26000.9
26033
26068.3
26105.6
26143.7
26181.5
26217.5
26250.3
26278.6
26300.8
26316
26323.2
26320.9
26310.3
26290.8
40050.4
40030.1
39998.8
39957.4
39909.3
39859.5
39811.8
39769.9
39736.3
39712.6
39698.9
39694.1
39695.8
39701.1
39707.1
39711.4
39712.8
39711.5
39709
39707.9
39711.3
39722
39741.9
39771.9
39810.8
39856.3
39904.8
39952.1
39993.9
40027.1
40050.2
40057.3
32052.1
32016.7
31974.1
31925.5
31873.9
31822.8
31775.1
31733.5
31700.1
31676.2
31662.2
31657.7
31661.6
31672.2
31687.8
31706.8
31727.8
31750.4
31774.4
31800.3
31828.7
31860
31894.2
31930.8
31968.4
32005
32038.2
32065.6
32084.6
32093.2
32091.7
32077.2
26276.7
26231.9
26182.4
26129.9
26077.2
26026.4
25979.5
25938.7
25905.6
25881.3
25866.4
25861.3
25865.7
25879
25900.4
25928.9
25963.3
26002.4
26045.1
26090.1
26136.2
26182
26226
26266.8
26302.9
26332.6
26354.4
26367.2
26370.1
26361.4
26342.6
26313.6
40072.9
40056.9
40027.5
39985.2
39933.8
39878.4
39823.7
39773.9
39732.5
39702
39683.3
39675.5
39676.4
39682.9
39691.5
39699
39703.5
39704.3
39702.6
39700.6
39701.7
39709.2
39725.8
39752.9
39790.4
39836.2
39887.2
39939.2
39987.3
40028.1
40059.1
40073.6
32088.3
32054.5
32011.1
31959.6
31903.1
31845.3
31789.6
31739.2
31696.9
31664.5
31643.1
31632.6
31632.2
31640.3
31654.8
31674.1
31696.4
31720.9
31747.1
31775.3
31806.1
31839.9
31877.1
31917.2
31959
32000.7
32039.9
32073.8
32099.7
32115
32119.6
32110
26321.1
26276
26224.2
26167.6
26109.2
26051.2
25996
25946.2
25903.6
25870
25846.3
25833.2
25830.8
25838.7
25856.4
25882.9
25917.1
25957.7
26003.4
26052.8
26104.4
26156.7
26208
26256.7
26300.9
26338.9
26368.9
26389.5
26399.3
26396.6
26382.5
26356.6
40100.5
40094.4
40072
40033.2
39981.4
39921.6
39859.1
39799
39745.9
39703.5
39673.9
39657.4
39652.4
39656
39664.4
39673.9
39681.4
39685.4
39685.8
39684.4
39684.3
39689
39701.7
39724.8
39759.2
39803.9
39856.5
39913
39968.8
40019.7
40062.5
40089.5
32135.7
32114.1
32080.3
32034.7
31980.3
31920.6
31859.2
31799.7
31745.4
31699.2
31663
31637.5
31622.8
31617.8
31621.2
31631.2
31646.2
31665.2
31687.5
31713.2
31742.8
31776.7
31815.2
31858.3
31905.1
31953.8
32002.3
32047.7
32087
32117.2
32137.3
32143.2
26381.6
26349.9
26308.8
26259.7
26204.9
26146.7
26087.4
26029.5
25975.3
25926.9
25886
25854
25831.8
25820
25818.8
25828.3
25847.8
25876.8
25914.3
25958.9
26009.3
26063.8
26120.3
26177.1
26232
26282.9
26327.6
26364.5
26391.6
26406.7
26410.5
26401.5
40130.9
40138
40125.4
40092.4
40041.5
39978
39907.5
39836
39769.4
39712.9
39670
39642.1
39628.7
39627.2
39633.7
39643.7
39653.3
39659.6
39661.7
39660.5
39658.7
39659.9
39668
39686.6
39717.4
39760.8
39815.1
39877.1
39941.9
40005.2
40062.5
40104.9
32189
32186.8
32168.9
32135.1
32087.5
32029.4
31964.4
31896.4
31829.5
31767.3
31712.6
31667.5
31632.6
31608.1
31593.1
31586.4
31586.8
31593.4
31605.7
31623.7
31647.8
31678.9
31717.2
31762.9
31815.4
31873.1
31934
31995.2
32053.1
32104.2
32146.6
32174.9
26449.9
26441.1
26419.7
26385.9
26341.7
26288.7
26228.8
26164.7
26098.8
26033.6
25971.4
25914.3
25864.4
25823.5
25792.9
25774
25767.5
25774
25793.2
25824.7
25867.4
25919.4
25978.9
26043.6
26110.8
26178.1
26242.8
26302.4
26354.5
26396
26426.7
26444.5
40163.1
40183.9
40181.5
40154.2
40104.3
40036.8
39958.2
39875.4
39795.8
39725.7
39670.2
39631.7
39610.4
39603.8
39607.8
39617.1
39626.9
39633.2
39634.2
39630.5
39624.5
39620.3
39622.9
39636.5
39664.2
39707.3
39765
39834.4
39910.4
39987.9
40061.5
40121
32242
32260
32258.8
32237.3
32197
32141
32073
31997.4
31918.8
31841.7
31769.8
31705.9
31651.4
31607.1
31572.7
31547.4
31530.5
31521.4
31520.1
31526.9
31542.8
31568.8
31605.6
31653.5
31712.2
31780.2
31855.2
31934
32012.5
32086.5
32152.8
32205.2
26516
26531.5
26530.7
26513.4
26480.7
26433.9
26374.7
26305.8
26229.6
26149.1
26066.9
25985.9
25908.7
25838.1
25776.7
25727
25691.3
25671.4
25668.6
25683.2
25714.9
25762.2
25823.2
25895.2
25975.1
26059.8
26145.8
26229.8
26308.7
26378.5
26437.9
26483.9
40195.7
40229.4
40236.3
40213.9
40164.2
40092.7
40006.2
39913
39821.5
39739.5
39673.1
39625.7
39597.9
39587
39588.6
39596.5
39605
39609.3
39607.1
39598.5
39586.5
39575.7
39572.1
39580.9
39606.3
39650.5
39713
39791
39879.3
39971.8
40061.9
40138.1
32285.4
32320.1
32332.3
32320.3
32285.4
32230.5
32159.7
32077.7
31989.9
31901.4
31816.5
31738.5
31669.4
31610.1
31560.5
31520.2
31488.6
31465.5
31451.5
31447.3
31454.6
31474.8
31509.1
31558.2
31621.8
31698.4
31785.7
31879.9
31976.4
32070.1
32157
32229.7
26565.3
26599.7
26614.9
26610.4
26586.6
26544.7
26486.5
26414.4
26331.3
26240
26143.7
26045.3
25948
25855
25769.7
25695.5
25636
25594
25572.2
25571.8
25593.2
25635.5
25696.8
25774.1
25863.9
25962.4
26065.5
26169.2
26269.6
26361.9
26444.1
26512.4
40228.7
40273.6
40288.2
40269.5
40219.4
40143.5
40049.5
39946.5
39844.1
39751.4
39675.4
39620.3
39586.8
39572.4
39572
39578.8
39586.1
39588.3
39582.6
39569.2
39551.2
39534.2
39524.7
39529.4
39553.3
39599.1
39666.9
39753.8
39853.9
39960.6
40066
40157.4
32311.4
32357.2
32378.1
32372.2
32340.4
32285.8
32212.5
32126
32032.1
31936.4
31843.8
31757.8
31680.7
31613.3
31555.7
31507.2
31467.3
31435.9
31413.6
31401.7
31402.2
31417.1
31448
31496.1
31561.4
31642.6
31737
31840.9
31949.1
32055.9
32156.5
32242.9
26586.3
26631.6
26656.4
26659.6
26641.6
26603.2
26546.3
26473.5
26387.6
26291.7
26188.9
26082.2
25975
25870.7
25772.9
25685.6
25612.7
25558.1
25524.7
25514.7
25529
25566.9
25626.6
25705.3
25799.1
25904
26015.6
26129.4
26241.1
26345.6
26440.5
26521.3
40260.1
40312.5
40331.6
40314.1
40261.9
40181
40079.5
39967.6
39855.9
39754.4
39670.9
39610.3
39573.3
39557.4
39556.7
39563.8
39571.1
39572.5
39564.6
39547.6
39525
39502.9
39489.1
39490.8
39514.1
39562.1
39635
39729.7
39840.1
39958.5
40076
40178.8
32325.6
32377.3
32402.7
32399.4
32368.5
32312.9
32237.2
32147.2
32049.2
31949.3
31852.6
31763.1
31683
31613.1
31553.2
31502.3
31459.8
31425.2
31399.3
31383.3
31379.6
31390.5
31418.3
31464.5
31529.4
31612
31709.7
31818.5
31933.1
32047.3
32155.9
32250
26589.4
26639.6
26669
26675.9
26660.8
26624.5
26568.7
26496
26409.6
26312.5
26207.8
26098.8
25988.6
25880.8
25779
25687.2
25609.6
25550
25511.9
25497.5
25508
25542.9
25600.5
25678.1
25771.9
25877.9
25991.6
26108.4
26224.1
26333.1
26433
26519.1
40287.3
40341.1
40359.2
40338.4
40280.9
40193.4
40084.7
39965.6
39847.5
39741.1
39654.7
39593.1
39557
39543.3
39545.4
39555.2
39564.3
39566.1
39557
39537.5
39511.6
39486.2
39469.8
39470.6
39494.8
39545.8
39623.8
39725.3
39843.2
39969.3
40093.9
40202.3
32342
32395.5
32421.3
32417.1
32384
32325.3
32245.8
32151.9
32050.1
31946.8
31847.7
31756.5
31675.6
31605.5
31545.7
31495.1
31452.4
31417.2
31390
31372.5
31367
31376.3
31403
31449.1
31514.9
31599.7
31700.6
31813.7
31933
32052.1
32165.3
32263.4
26598.2
26650.4
26681.1
26688.8
26673.7
26636.7
26579.7
26505.5
26417.1
26317.8
26211
26099.8
25987.6
25877.8
25774.1
25680.7
25601.5
25540.6
25501.3
25486
25495.8
25530.5
25588.3
25666.4
25761.4
25868.9
25984.5
26103.8
26222.1
26334
26436.8
26525.5
40310.2
40358.8
40370
40341.2
40275.4
40180
40064.5
39940.4
39819.6
39712.9
39628.6
39571.1
39540.4
39532.4
39540
39554.1
39565.9
39568.5
39558.7
39537.4
39509.3
39482.3
39465.5
39467.5
39494.7
39550.4
39633.9
39741
39864.1
39993.9
40120.2
40228.2
32365.8
32416.1
32437.4
32427.8
32388.7
32323.9
32238.6
32139.5
32033.6
31927.5
31826.7
31735.2
31655
31586.4
31528.5
31479.9
31439.2
31405.7
31380.1
31363.9
31360
31371.2
31400.5
31449.7
31519.4
31608.4
31713.9
31831.2
31954.3
32076.2
32190.9
32288.9
26621.7
26672
26699.8
26703.7
26684.3
26642.5
26580.5
26501.1
26407.9
26304.1
26193.3
26078.9
25964.2
25852.9
25748.8
25655.8
25578.2
25519.7
25483.6
25472.3
25486.4
25525.7
25588.1
25670.8
25770
25881.6
26000.8
26123.2
26243.9
26357.7
26461.3
26550.1
40330.1
40369.1
40369.4
40329.8
40254.2
40150.6
40029.4
39902.6
39782.2
39678.9
39600.3
39550.1
39527.3
39526.9
39540.6
39559
39573
39576
39565.1
39542.1
39512.7
39485.5
39470.2
39475.6
39507.8
39569.5
39659.1
39771.5
39897.9
40028.6
40152.9
40255.8
32391.6
32432.2
32443
32422.6
32373.2
32299
32206
32101
31991.2
31883.5
31783.1
31693.8
31617.2
31553.4
31501.2
31458.7
31424.3
31397.4
31378.2
31368.5
31371
31388.5
31424
31479.2
31554.4
31648.3
31757.4
31877
32000.4
32120.5
32231.1
32322.8
26650.5
26691.1
26708.6
26701.9
26672
26620.2
26549.1
26461.8
26361.9
26253.2
26139.1
26023.2
25909.3
25801
25702.2
25616.6
25548.4
25500.7
25476.5
25477.2
25503.2
25553.2
25625.1
25715.5
25820.5
25935.9
26057
26179.2
26298
26407.8
26505.8
26587.4
40350
40377.7
40365.9
40314.5
40228.5
40116.9
39990.9
39862.6
39744.1
39645.8
39574.6
39533
39519
39526.4
39546.2
39568.3
39583.6
39585.8
39572.8
39547.4
39516.4
39489.1
39476
39485.7
39524
39592.7
39689.2
39807.1
39936.8
40067.6
40188.6
40285.1
32411.3
32436.2
32430.9
32395.1
32331.6
32245.6
32143.5
32032.5
31920
31812.7
31715.7
31632.5
31564.3
31510.6
31469.7
31439.3
31417.5
31402.9
31395.6
31397
31409.6
31436.1
31479.4
31541
31621.1
31717.9
31827.9
31945.8
32064.8
32177.6
32278
32357.2
26669.2
26691.4
26690.4
26666.1
26620
26554.1
26471.2
26374.9
26269
26157.5
26044
25932.3
25826.2
25729.4
25645.4
25577.8
25529.6
25503.3
25500.5
25521.6
25565.8
25630.9
25714.3
25812.4
25921.2
26036.6
26154.2
26269.6
26378.5
26475.9
26559.1
26624.1
40375.1
40392.1
40368.3
40304.8
40207.7
40087.2
39955.3
39824.7
39707.6
39614
39550.2
39517.6
39512.9
39528.7
39554.8
39580.4
39596.2
39596.3
39579.5
39549.7
39515.1
39486.2
39474
39487.6
39532.4
39609
39713.9
39839.2
39974.2
40107.3
40226.9
40318.4
32421.1
32427.5
32403.7
32350.3
32271.3
32172.6
32061.4
31945.2
31831.7
31727.6
31637.7
31564.9
31509.8
31471.2
31446.6
31432.9
31427.1
31427.4
31433.4
31446.1
31467.9
31501.9
31550.8
31616.5
31699
31796.4
31904.7
32018.4
32130.4
32233.1
32320.6
32384.3
26667.9
26666.9
26643.7
26598.8
26534.7
26453.9
26359.9
26256.6
26148
26038.2
25931.1
25830.3
25739.5
25662
25600.7
25558.3
25536.7
25536.9
25559.1
25602.3
25664.6
25743.5
25835.7
25937.7
26045.9
26156.3
26265.1
26368.1
26461.5
26540.5
26603.1
26645.9
40408.2
40416.4
40381.6
40306
40197
40065.9
39925.9
39790.5
39672.3
39581.4
39523.4
39498.8
39503.1
39527.3
39559.9
39589.4
39605.9
39603.6
39582.3
39546.9
39507.1
39474.8
39462.2
39478.6
39529.4
39614.5
39729.1
39864.1
40007.3
40145.9
40267.5
40357
32422.8
32414.2
32375.2
32307.3
32215.6
32106.8
31988.7
31869.4
31756.8
31657.5
31576.1
31514.8
31473.5
31450.1
31440.9
31441.8
31449.2
31460.4
31475
31493.9
31519.8
31556.3
31606.6
31673
31755.6
31852.3
31958.9
32069.3
32176
32271.1
32348.6
32400.1
26648.7
26629.1
26588.5
26528.2
26451.3
26361
26261.1
26155.7
26049.1
25945.1
25847.6
25760.1
25685.8
25627.3
25587
25566.4
25566.3
25586.7
25626.6
25684.3
25757.3
25842.8
25937.7
26038.8
26142.6
26245.8
26344.6
26435.3
26514.2
26576.9
26621.7
26645.7
40445.9
40448.9
40405.8
40319.7
40199
40056.2
39905.6
39761.7
39638.2
39545.3
39488.7
39468.6
39479.4
39511.2
39551.2
39586.4
39606.2
39604.6
39581.3
39542.2
39498.1
39462.2
39447.7
39465
39519.5
39611.2
39734.4
39879.1
40031.7
40178.2
40305
40396.5
32426.7
32413.2
32368.7
32295
32197.6
32083.9
31962
31840.7
31727.9
31630.5
31552.9
31497.1
31462.5
31446.2
31444
31451.1
31463.2
31477.4
31493.1
31511.5
31535.8
31570.1
31618.2
31683
31764.7
31861.4
31968.6
32079.8
32187.2
32282.3
32358.6
32407.6
26630.3
26606.4
26562.4
26499.6
26421.3
26330.7
26231.8
26128.6
26025.2
25925.6
25833.2
25751.5
25683.4
25631.4
25597.7
25583.3
25588.8
25613.8
25657.1
25716.7
25790.2
25874.7
25967.4
26065.2
26165.1
26263.7
26357.6
26443.1
26516.6
26573.9
26613.3
26632.1
40487.5
40489.8
40441.9
40347.2
40214.8
40058.3
39893.3
39735.8
39600.7
39499.8
39439.4
39420
39435.7
39475.6
39525.4
39570.7
39599
39603.1
39582
39541.8
39493.8
39452.8
39433.4
39447.5
39501.6
39596.2
39725.7
39879.3
40042.6
40199.9
40336.3
40434.7
32450.8
32444.7
32405
32333.7
32236.2
32120
31993.9
31867.1
31748.2
31644.6
31561.3
31500.5
31461.6
31441.8
31436.5
31440.4
31449
31459.1
31470
31483.1
31502
31531.4
31575.8
31638.6
31720.6
31820.3
31933
32052.2
32169.4
32275.4
32362.9
32422.5
26642.3
26630.7
26597.8
26544.6
26473.9
26388.7
26292.7
26189.8
26084.3
25980
25880.9
25790.5
25712.1
25648.7
25602.7
25576.1
25569.7
25583.7
25617.4
25669
25736.2
25816.3
25906.4
26003.6
26104.7
26206.5
26305.6
26398.3
26480.9
26548.8
26600
26631.4
40538.4
40542.4
40490.4
40386.2
40239.7
40065.8
39881.8
39706
39555.2
39442.8
39376.7
39357.6
39379.5
39429.9
39492.9
39551.5
39591
39602.3
39583.6
39540.8
39486.3
39436.6
39408.5
39416.1
39467.6
39564.5
39701.3
39866.7
40044.5
40217.5
40368.4
40478.4
32506.4
32512.5
32480.6
32412.2
32313
32190.9
32055.5
31916.9
31784.9
31667.9
31571.7
31499.2
31449.9
31420.9
31407.3
31403.4
31404.4
31406.9
31410.1
31416
31428.6
31453.2
31495.2
31558.6
31645.1
31753.3
31878.6
32013.9
32149.9
32276.1
32383.7
32462.1
26699
26706
26688.3
26646.3
26582.4
26499.4
26401
26291.6
26175.6
26057.4
25941.3
25831.3
25731.4
25645.3
25576.2
25527.1
25500
25496.1
25515.4
25556.8
25618.1
25696.7
25789.3
25892.7
26003.5
26118.4
26233.5
26344.9
26448.4
26538.7
26613
26667
40599.1
40604.7
40547.5
40431.7
40268.6
40074.8
39869.7
39673.9
39506.6
39383
39312
39294.8
39324.2
39386.3
39462.7
39533.6
39582.2
39597.6
39577.2
39527.5
39462.6
39401.2
39362.8
39363.9
39414.6
39517.1
39665.6
39847.6
40045
40237.9
40406.9
40530.9
32583.8
32597
32566.5
32494.3
32386.4
32251.8
32101.1
31945.9
31797.3
31664.7
31554.7
31470.3
31411.3
31374.3
31353.9
31344
31339.4
31336.7
31335.2
31337
31347
31371
31415.3
31484.4
31580.6
31702.4
31844.8
32000.1
32157.4
32305
32432.3
32527.3
26784.9
26802.2
26790.4
26749.8
26682.9
26592.9
26484
26361.2
26229.2
26093
25957.2
25826.3
25704.8
25596.9
25507
25439
25396.2
25380.7
25393.2
25433
25497.6
25583.8
25687.9
25805.7
25933.6
26067.4
26203.1
26336.1
26461.4
26573.1
26667.3
26738.7
40662.7
40670.9
40609.3
40482.6
40303.5
40090.2
39864.4
39649
39465.5
39330.8
39254.9
39238.9
39274.9
39347.1
39434.6
39515.2
39569.8
39586
39560.7
39501.2
39423.5
39349
39300
39295.4
39346.8
39457.2
39620.1
39821.5
40041.1
40256.4
40445.3
40585
32664.2
32675.2
32637.2
32552.9
32429.2
32276.2
32106
31931.7
31765.3
31617.4
31495.2
31402
31337.3
31297.6
31276.8
31268.4
31266.6
31267.4
31269.8
31275.9
31290.7
31320.5
31372
31450.6
31558.4
31694.3
31852.8
32025.1
32199.2
32362.1
32501.6
32604.7
26874.5
26886.4
26865.5
26812.4
26730.4
26623.6
26496.8
26355.5
26205.2
26050.9
25897.8
25750.8
25614.8
25495
25396.4
25323.9
25281.4
25271.3
25294
25348
25429.9
25535.2
25659.1
25796.8
25943.7
26095.6
26247.9
26395.7
26533.5
26655
26755.6
26829.8
40725.5
40739.8
40677
40542.4
40349.4
40118
39871.8
39636.2
39435
39287.3
39204.2
39187.3
39227.9
39308.7
39406.6
39496.7
39557.3
39574.4
39544.1
39474.3
39382.9
39293.9
39232.5
39220.4
39271
39388
39564.5
39785
40027.3
40266.2
40477.2
40635.2
32736.7
32740.5
32690.6
32590.3
32447.5
32273.6
32082
31887.2
31702.6
31539.9
31406.9
31307.6
31241.5
31204.7
31190.7
31192
31201.6
31214.4
31228.4
31245
31268.8
31306.6
31365.8
31452.4
31569.3
31715.6
31885.7
32069.9
32255.6
32428
32574
32679.5
26951.4
26947.8
26908.3
26834.7
26731
26602.2
26454
26292.6
26123.9
25953.5
25787.1
25629.9
25487.7
25366.2
25271.3
25208
25180.1
25189.3
25234.9
25313.6
25420.5
25549.6
25695
25851.4
26014
26178.5
26340.3
26494.5
26635.5
26756.6
26852.9
26918.8
40786.3
40810
40749.6
40610.2
40405.6
40157
39890.3
39633.2
39412.2
39248.6
39155.6
39135.3
39179
39267.8
39376.5
39477.6
39546.6
39567.1
39534.3
39456.3
39352.3
39248.8
39174.2
39152.5
39199.5
39319.8
39506.5
39743.5
40006.6
40268.5
40502.1
40680.3
32793.1
32793.5
32736.2
32624.5
32466.9
32275.8
32066
31853.2
31652.4
31476.4
31334.1
31230
31163.8
31131.3
31125.1
31136.8
31157.8
31181.8
31205.7
31230.1
31259.5
31301.2
31363.3
31452.9
31573.9
31725.9
31903.3
32096.3
32291.1
32472.2
32625.2
32735.1
27002.7
26987.5
26934.5
26845.7
26725.8
26580.5
26416.4
26240
26057.9
25876.3
25700.9
25537.6
25392.7
25272.2
25182.4
25128.3
25113.4
25138.8
25202.5
25300
25425.2
25570.9
25730.7
25898.8
26070.8
26242.2
26408.9
26566
26707.7
26827.3
26919.6
26979.1
40841.2
40875.8
40819.9
40678.1
40464.3
40200.5
39914.2
39635.7
39394.1
39213.1
39107.9
39082
39126.4
39221.7
39340.5
39452.7
39531.3
39557.6
39525.8
39443.5
39331.2
39217
39131.6
39101.3
39143.6
39264.5
39457.6
39706.6
39986.3
40267.8
40521.9
40719.3
32824.7
32832.5
32779.3
32668
32507.2
32309.6
32090.6
31867.3
31655.8
31470.1
31319.9
31210.3
31140.9
31107.3
31101.4
31114
31135.7
31159.7
31182.4
31204.5
31230.9
31269.2
31328.5
31416.3
31537.5
31691.8
31874
32074.4
32278.8
32471
32635.7
32756.9
27017.8
27007.4
26958
26871.6
26752.7
26606.9
26441.1
26262.1
26076.6
25890.9
25710.8
25542.2
25391.3
25264.3
25167.7
25107.1
25086.6
25107.6
25168.7
25265.4
25391.3
25539.1
25701.7
25873.2
26048.7
26223.9
26394.5
26555.6
26701.9
26826.4
26924
26988.9
40893.2
40938.8
40888
40744.6
40522.2
40243.7
39938.2
39638.2
39375.3
39176.1
39057.7
39024.9
39069.3
39170.3
39298.7
39421.9
39510.6
39543.9
39514.7
39430.6
39312.5
39190.2
39096.1
39058.3
39096.2
39216.6
39414.4
39673.2
39967.3
40266.6
40539.7
40755.6
32841.5
32867
32828.6
32728.2
32573.9
32378.3
32157.4
31929.2
31710.9
31517.5
31359.7
31242.7
31166.2
31125.2
31111.1
31114
31124.6
31136.1
31145.8
31155.2
31169.9
31198.4
31250.3
31333.6
31453.2
31609.2
31796.8
32006.2
32223.2
32431.3
32614
32754.5
27011.6
27022.2
26993.3
26925.6
26822.8
26690.4
26534.6
26362.5
26180.6
25995.1
25811.7
25635.7
25473
25329.7
25212.5
25127.9
25081.6
25077
25114.3
25191
25301.5
25438.8
25595.5
25765
25941.7
26120.7
26297.5
26467.4
26625
26763.7
26878.1
26962.1
40947.3
41003.7
40957
40810.4
40577.9
40283.1
39957.1
39634.8
39350.6
39133.9
39003.6
38965.8
39011.9
39119.9
39258.7
39393
39490.9
39529.6
39501
39412.7
39286.8
39154.7
39050.7
39005.2
39038.8
39159.9
39364
39634.5
39945.3
40264.3
40558.2
40793.6
32869.4
32914.6
32892.1
32802.9
32654.4
32459.6
32235.3
32000.5
31774
31571.7
31405.2
31279.8
31194.9
31144.5
31119.5
31109.4
31104.8
31099.6
31092.1
31085.1
31085.7
31103.1
31147.4
31227.2
31347.4
31508.4
31705.1
31927.8
32162.2
32390.8
32596.2
32760
27021.6
27057.3
27051.5
27003.9
26917.6
26797.5
26650.3
26482.9
26302.3
26114.6
25925.1
25738.8
25560.7
25396.7
25253.7
25139.4
25061.1
25024.6
25032.9
25085.3
25177.7
25303.5
25454.9
25624.4
25805.6
25992.8
26181
26365.4
26540.6
26699.8
26837.5
26946.4
40997.6
41062.5
41017.7
40866.1
40622.4
40311.6
39966.6
39624.8
39323.3
39093.3
38955.2
38915.4
38964.6
39079.3
39226.2
39368
39470.5
39510
39477.7
39381.9
39245.9
39102.9
38989.2
38937
38968.6
39093.2
39306.5
39591.5
39920.8
40260.6
40575.4
40829.5
32920.6
32978
32962.8
32875.7
32724.3
32522.6
32288.5
32042.4
31804.4
31591.3
31415.1
31280.9
31187.4
31128.1
31093
31071.5
31054.7
31037
31017.9
31001.2
30994.8
31008.5
31052.7
31135.9
31263
31434.4
31644.8
31884.2
32137.6
32386.5
32612.3
32795.1
27071.5
27121.6
27126.8
27086.3
27003.3
26883.2
26733.1
26560.7
26373.3
26176.9
25976.5
25776.5
25581.5
25397.3
25231.3
25092.5
24990.2
24932.3
24923.9
24965.5
25053.5
25180.8
25338.9
25518.9
25713.3
25915.5
26120.2
26322.2
26516
26694.6
26851.7
26979.4
41036.1
41106
41060.6
40903.4
40649.7
40325.9
39966.7
39611.4
39298.8
39061
38919.2
38879
38930.4
39048.5
39198.6
39342.2
39444.3
39480.8
39443
39339.7
39195.4
39044.5
38924.8
38869.7
38902.5
39032.8
39256.2
39555.1
39901
40258.4
40589.8
40858
32986.9
33045.8
33027.4
32932.8
32770.5
32555.4
32306.9
32046.6
31795.4
31570.6
31383.8
31239.9
31137.1
31068.7
31024.7
30995.2
30972
30950.5
30930.5
30916.2
30915
30936.5
30990.6
31085.2
31225.2
31410.5
31635.9
31890.9
32159.9
32423.7
32662.4
32855.2
27153.4
27203.2
27204.1
27155.8
27062
26929.2
26765.4
26579
26377.3
26166.2
25950.5
25734
25521.3
25319
25135.6
24982
24869.4
24807.3
24801.3
24852
24954.6
25100.5
25279.2
25480.3
25695
25916.4
26138.6
26356.6
26564.7
26755.7
26922.8
27057.7
41063.4
41133.8
41085.4
40922.1
40660.1
40326.8
39958.2
39594.7
39276
39034.7
38891.4
38851.4
38903.5
39022.2
39172.2
39314.6
39414.6
39447.9
39406.2
39298.8
39150.6
38996.8
38875.9
38821.9
38858.4
38995.2
39227.5
39537.2
39894.9
40263.8
40605.2
40881
33048
33102.2
33075.4
32969.6
32794.1
32564.9
32302.4
32028.9
31765.7
31530
31333.3
31180
31068.3
30991.6
30941
30907.4
30883.5
30865.2
30852.5
30848.6
30860.1
30895.6
30963.9
31072.4
31225.7
31423.6
31660.9
31926.9
32205.8
32477.7
32722
32917.4
27234.9
27276.8
27266.4
27204.1
27094.5
26945.1
26764.6
26561.7
26344
26117.1
25885.3
25652.7
25424.3
25207.8
25013.5
24854
24741.9
24687.5
24696.2
24767.2
24893.7
25064.7
25267.9
25491.4
25725.5
25963.2
26198.8
26427.4
26643.6
26840
27009.6
27143.6
41082.6
41148.4
41093.7
40923.3
40654.2
40314.3
39940.4
39573.5
39253.2
39011.8
38869.5
38830.7
38883.7
39002.5
39151.6
39292.3
39390.1
39421.1
39377.5
39268.8
39120.3
38967.8
38849.9
38800.6
38843.3
38987.4
39227.4
39544.5
39908.8
40282.6
40626.6
40902.6
33084.7
33131.9
33096.5
32981.1
32795.8
32557
32285.6
32004.3
31734.1
31492.3
31289.7
31130.8
31013.9
30932.9
30879.6
30845.5
30824.1
30811.4
30806.9
30813.3
30836.2
30883.3
30962.7
31081.6
31244
31449.9
31693.8
31965.2
32248
32521.9
32766.1
32959
27282.8
27316.2
27295.7
27222.1
27100.9
26939.8
26748.1
26534.5
26306.2
26068.9
25826.7
25583.9
25346.4
25122.8
24924.7
24765.8
24659.5
24616
24639.9
24728.9
24874.5
25064.2
25284
25521.4
25766.7
26012.7
26254.2
26486.6
26704.6
26901
27068.3
27198
41094.2
41150.6
41086.9
40909
40634.4
40291.4
39916.9
39551.6
39234.5
38997.1
38858.7
38822.9
38877.5
38996.5
39144.4
39283
39378.3
39406.9
39361.6
39252.7
39105.9
38957.2
38845.3
38803.6
38854.8
39006.9
39253.6
39575.4
39941.4
40314.1
40653.7
40922.9
33090.3
33129.6
33086.8
32965.1
32774.9
32532.8
32259.8
31978.1
31708.3
31467.2
31265.5
31107.3
30991.2
30911.3
30859.8
30828.5
30810.8
30802.8
30803.6
30815.6
30844.1
30896.5
30980.9
31104.2
31270.4
31479.1
31724.5
31995.9
32276.9
32547.4
32786.1
32972.3
27285.2
27311.6
27284.6
27205.5
27079.6
26914.9
26720.6
26505
26275
26036.1
25792.6
25549.1
25311.9
25090.2
24896.2
24743.6
24645.5
24611.6
24645.5
24744
24897.9
25093.9
25318.1
25557.8
25803.6
26048.7
26288.1
26517.5
26731.4
26922.8
27084.2
27207.4
41095.1
41139.1
41065.4
40881.1
40604.1
40262.7
39893.1
39535
39226.1
38996.7
38864.7
38833
38889.1
39007.1
39152.3
39287.1
39378.4
39403.7
39356.7
39248.2
39104.7
38962
38858.5
38826.6
38887.3
39047.4
39299.1
39622.1
39985.2
40350.9
40680.3
40937
33071.4
33101.9
33052.5
32927.1
32736.2
32496.3
32227.7
31951.8
31688.6
31454.2
31258.7
31106.4
30995.6
30920.8
30874.2
30847.7
30834.5
30830.2
30833.9
30847.8
30877.5
30930.8
31015.7
31139.3
31305.2
31512.6
31755.4
32022.2
32296.7
32558.8
32787.8
32963.5
27254.1
27274.4
27243.1
27162
27036.4
26874
26683.3
26472.2
26247.4
26014
25776.5
25539.9
25310.8
25098.5
24914.8
24772.9
24685
24659.6
24699.6
24801.2
24955.1
25148.4
25367.6
25601
25839.6
26077.1
26308.6
26529.7
26734.9
26917.3
27069.7
27184.1
41080.8
41111.1
41028
40839.8
40564.6
40230
39871.1
39525.8
39229.9
39011.9
38888.1
38860.7
38916.9
39031.6
39171
39299.1
39384.2
39405.2
39356.6
39250.1
39112.1
38978.1
38885.4
38864.8
38935.5
39102.3
39356.4
39676.5
40031.7
40385.1
40698.9
40938.8
33040
33060.9
33005.4
32877.8
32688.8
32454.2
32193.5
31927.1
31673.9
31449.1
31262.3
31117.4
31013.2
30944.2
30902.9
30881.1
30871.9
30870.9
30876.9
30892.3
30922.7
30976.2
31061
31184
31348.4
31552.8
31790.6
32050
32314.9
32565.3
32781.3
32944
27212.1
27225.9
27190.9
27108.9
26985
26826.7
26641.7
26437.4
26220
25994.6
25765.8
25538.9
25320.7
25120.6
24949.8
24820.6
24743.9
24727
24772
24874.8
25026.1
25213.9
25425.4
25649.8
25878.7
26106.3
26327.8
26538.5
26733
26904.6
27046.3
27150.7
41049.2
41065.7
40974.6
40785.3
40515.9
40193
39849.9
39522.1
39243.2
39039.2
38924.7
38900.9
38955.4
39063.8
39194.1
39312.6
39389.3
39405.2
39355.8
39253.2
39123.5
39001.1
38921.5
38913.4
38993.9
39165.9
39419.2
39732.4
40075.1
40411.3
40705.4
40925.3
33005.2
33016.4
32955.2
32826.3
32640.4
32412.7
32161.5
31906
31663.7
31448.7
31270.2
31131.9
31032.6
30967.4
30929.2
30910.3
30904.1
30905.9
30914.8
30932.9
30966
31021.9
31108.7
31232.6
31396.4
31598
31830.2
32081.2
32334.8
32571.9
32773.4
32921.9
27176
27183.3
27144.3
27060.9
26938.2
26783.1
26602.9
26404.4
26193.2
25974.6
25753.2
25534.7
25326.2
25137
24978
24860.6
24794.5
24786.2
24836.6
24941.4
25091.4
25275.1
25480.5
25697.6
25918.5
26137.7
26350.2
26551.6
26736.2
26897.4
27028.6
27123.2
41000.6
41003.8
40906.8
40719.5
40459.8
40152.9
39829.6
39523.2
39264
39075.6
38970.7
38949.6
39000.1
39099.4
39217.8
39324.1
39391.1
39401.6
39352.5
39255.9
39137
39028.5
38963.7
38968.8
39058.3
39233.3
39482.7
39785.2
40111.1
40426.5
40697.7
40895.5
32971.1
32973
32906.6
32777.3
32595.4
32375.2
32134
31889.3
31657.5
31451.4
31279.4
31145.3
31048.1
30983.7
30945.7
30927.5
30922.6
30927.2
30939.9
30962.8
31001.3
31062.6
31154.1
31281.3
31446.1
31645.7
31872.6
32114.8
32356.7
32579.9
32766.4
32900.4
27152.9
27153.8
27110.4
27024.7
26901.8
26748.1
26570.5
26375.2
26167.7
25952.9
25735.9
25522.6
25320.7
25139.4
24989.5
24881.7
24825.1
24825
24881.8
24990.4
25141.8
25324.6
25527.5
25740.7
25956.9
26170.5
26376.8
26571
26747.7
26900.2
27022.3
27108
40935.7
40927.4
40827.1
40645.5
40399.4
40112.5
39813
39531
39293.7
39121.8
39026.3
39006.7
39051.3
39139.1
39243.2
39335.6
39391.9
39397.3
39349.6
39260.6
39154.3
39061.2
39011.6
39029
39125.6
39300.7
39542.7
39830.5
40136.3
40427.8
40674.1
40849
32936.6
32929.9
32859.3
32730.6
32553.5
32341.7
32111
31877.3
31655.5
31457.3
31290.4
31158.4
31060.9
30994.8
30955
30935.7
30931.5
30938.7
30956.2
30985.6
31031.5
31100.2
31198.2
31330
31496.5
31694.4
31915.6
32148.6
32378.3
32587.1
32758.4
32878
27140
27134.5
27086.3
26997.7
26873.4
26719.7
26542.9
26348.9
26142.8
25929.6
25714.6
25504.2
25306.3
25130.7
24987.9
24888.3
24840.3
24848.4
24912.2
25026.1
25181
25365.5
25568.4
25780.4
25994.3
26204.7
26406.8
26595.7
26765.9
26911
27025.1
27102.6
40857.9
40840.5
40740.3
40568.1
40339.7
40076.4
39803.9
39548.6
39334.7
39180
39093.5
39074.2
39111.3
39186.1
39274.6
39352.1
39397.5
39398
39352.3
39271.8
39178.5
39100.4
39065
39092.8
39193.6
39365.5
39596.4
39866.3
40149
40414.8
40635.5
40787.9
32893.3
32879.3
32806.2
32680.1
32510.1
32308.8
32090.4
31869.4
31658.9
31469.5
31308.3
31178.8
31081.3
31013.5
30971.7
30951.1
30947.3
30956.9
30978.8
31014.1
31066.7
31142
31245.4
31380.2
31546.7
31740.8
31954.4
32176.3
32392
32585.3
32740.9
32846.1
27121
27109.7
27057.4
26966.5
26841.8
26689
26514.2
26322.5
26119.1
25908.8
25697.2
25491.1
25298.7
25129.8
24994.9
24903.9
24864.3
24879.9
24949.5
25067.4
25224.1
25408.7
25610.3
25819.9
26030.4
26236.6
26433.6
26616.3
26779.2
26916.2
27021.8
27091.1
40773.1
40749.4
40652.3
40492.5
40284.6
40047.6
39804
39576.9
39387.2
39250
39172.5
39153.3
39182.7
39244.1
39316.8
39379.4
39413.8
39409.4
39365.4
39292.8
39211.7
39147.4
39124.3
39160
39262.2
39427.9
39644.8
39894.3
40152.2
40391.5
40586.7
40717.8
32830.4
32811.2
32738.6
32618.4
32459.3
32272.4
32070.5
31866.3
31671.3
31495
31343.5
31220.5
31126.4
31059.8
31017.8
30996.5
30992.3
31002.2
31025.1
31062.2
31116.7
31193.6
31297.3
31430.3
31592.2
31778.2
31980.4
32187.8
32387
32563
32702.1
32793.4
27074.2
27058.8
27005.3
26915.9
26795.1
26648.2
26480.7
26297.5
26103.1
25902.4
25701.1
25505.9
25325
25167.7
25043.8
24962.3
24929.8
24949.2
25019.3
25134.3
25285.6
25462.8
25656
25856.6
26058
26254.9
26442.2
26614.9
26767.4
26894.2
26990
27050.8
40685.8
40657.7
40565.7
40420.2
40234.3
40024.7
39810.8
39612.4
39447.2
39327.7
39259.7
39241.3
39263.7
39312.5
39370
39418.2
39442
39432.6
39390.2
39324.9
39255
39203.1
39190.6
39232.2
39333.5
39490.5
39691.2
39918.4
40150.3
40362.6
40532.7
40643.6
32741.4
32720.3
32652.2
32542.7
32399.6
32232.7
32053
31871.5
31698.2
31541
31405.5
31294.5
31208.7
31146.7
31106.2
31084
31077
31082.8
31101
31133
31182.3
31253.4
31350.4
31475.1
31626.2
31798.9
31984.9
32174.1
32354.1
32511.4
32633.9
32712.2
26986.5
26971.3
26921.9
26840.5
26731
26598.3
26447.1
26281.7
26106.3
25925.4
25744.1
25568.7
25406.7
25266.1
25155.6
25082.7
25053
25069.2
25130.3
25231.6
25365.9
25524.5
25698.7
25880.8
26064.6
26244.9
26416.5
26574.3
26713.1
26827.6
26913.3
26966.9
40593.9
40562.8
40477.4
40347.6
40184.9
40003.5
39819.6
39650.1
39509.4
39407.6
39349.1
39331.7
39347.6
39384.7
39428.2
39463.4
39478.2
39465.5
39426.3
39369.6
39311.6
39272
39269
39314.5
39412.3
39557.4
39738.8
39940.9
40144.4
40328.2
40472.8
40563.9
32631.9
32612.9
32553.7
32459.7
32337.5
32195.4
32042.8
31888.9
31741.9
31608.3
31492.6
31396.8
31321.3
31264.9
31225.6
31200.7
31187.9
31186
31194.9
31217
31255.8
31316
31400.9
31512.1
31647.6
31802.3
31968.4
32136.5
32295.5
32433.6
32540.1
32607.6
26868.5
26858.7
26819.6
26753
26662.2
26551.2
26424.2
26284.7
26136.1
25982.2
25827.4
25676.9
25536.8
25414
25315.3
25247.1
25214.5
25219.9
25263.5
25342
25450.4
25581.7
25728.8
25885.2
26045.2
26203.6
26355.5
26495.7
26619.4
26721.8
26799
26848.4
40491.7
40459
40381.8
40269.2
40130.8
39978
39824.2
39682.8
39565.6
39480.5
39430.6
39413.9
39423.8
39450.6
39482.6
39508.2
39517.8
39506.1
39473.9
39428.9
39384.6
39357.6
39362.6
39409.2
39499.5
39628.4
39785.9
39958.7
40130.6
40283.7
40401.7
40472.9
32516.5
32502.1
32454.5
32378.2
32278.9
32163.2
32038.7
31912.9
31792.2
31681.9
31585.1
31503.6
31437.4
31385.5
31346.4
31318.3
31299.7
31290
31290.1
31302.3
31330.5
31378.7
31450.2
31545.7
31663.2
31797.5
31941.7
32087.3
32224.8
32344
32436
32494.5
26746.9
26745.8
26720.2
26671.1
26601.5
26514.6
26413.6
26301.4
26180.6
26054.1
25925.2
25798.3
25678.2
25570.3
25480.4
25413.9
25375.1
25367.2
25390.8
25444.8
25525.4
25627.9
25746.5
25875.8
26010.7
26146.4
26278.3
26401.4
26511.3
26603.5
26674.9
26723.1
40376.1
40343
40275.3
40180.9
40067.3
39943
39818.3
39703.5
39607.9
39537.8
39495.4
39479.3
39484.4
39503.6
39527.9
39548.8
39558.7
39553.1
39532.4
39502.2
39473.3
39458.7
39470.1
39514.7
39593.5
39701.6
39830.7
39970.2
40107.1
40227.1
40317.1
40368
32405.5
32394.7
32357.2
32296.9
32218.1
32126.1
32026.6
31925.4
31827.6
31737
31656.4
31586.9
31528.9
31481.6
31444.3
31415.9
31395.6
31383.1
31379.4
31386.7
31408.4
31448.1
31508.3
31589.3
31688.9
31802.6
31924.1
32046.3
32161.5
32261.1
32337.8
32386.7
26641.5
26646.6
26631.1
26595.9
26543.3
26476
26396.6
26307.2
26209.7
26106.2
25999.3
25892.4
25789.6
25695.1
25613.9
25550.3
25508.6
25491.6
25501
25536.2
25595.3
25674.4
25769.4
25875.6
25988.6
26104.2
26218
26325.3
26422.2
26504.6
26569.7
26615.7
40246.3
40213.3
40155.9
40080.4
39991.6
39894.9
39797.6
39707.3
39631.2
39574.3
39538.8
39524
39526.8
39542
39563.6
39585.2
39600.8
39606.4
39601.2
39588.8
39576.7
39574.6
39591.1
39631.4
39695.3
39778.8
39875.3
39977.3
40075.5
40159.4
40219.3
40249
32299.9
32287.9
32255.8
32206.6
32143.2
32069.6
31989.8
31908.4
31829
31754.8
31688
31629.9
31581
31541.3
31510.5
31488
31473.3
31466.1
31467
31477.5
31500
31537.1
31590.5
31660
31743.3
31836.3
31934
32030.7
32120.5
32196.8
32254
32288.8
26554.5
26557.5
26543.6
26513.5
26469.4
26413.6
26348.2
26274.8
26194.8
26109.7
26021.6
25933.2
25847.9
25769.2
25701.1
25647.3
25611.1
25595.4
25601.5
25629.5
25677.8
25743.7
25823.5
25913.2
26009.1
26107.3
26203.7
26294.3
26375.5
26444
26497.4
26534.4
40103.6
40072.2
40026.5
39970.5
39906
39835.2
39762.4
39693.2
39633.3
39587.3
39557.9
39545.6
39548.9
39564.8
39589.3
39617.7
39644.9
39666.7
39681
39688.9
39694.8
39704.9
39725.1
39758.3
39804
39858.6
39918.2
39978.4
40034.3
40079.4
40107.9
40116.2
32190
32170.9
32138.2
32094.2
32040.5
31979.7
31914.5
31848.2
31783.8
31724.2
31671.4
31627
31591.9
31566.3
31550.2
31543.2
31544.3
31552.7
31568
31590.6
31621.4
31661.7
31712
31771.7
31838.3
31908.4
31978.1
32043.9
32102
32148.2
32179.1
32193.2
26469.3
26458.8
26435.4
26400.2
26355.1
26302.5
26244.3
26181.7
26115.9
26048
25979.7
25913.2
25851.2
25796.3
25751.4
25719
25701.5
25700.7
25717.2
25751
25800.3
25862.6
25934.4
26012.3
26092.7
26172.3
26247.7
26315.5
26373.1
26418.2
26449.3
26466.3
39954.8
39927.4
39895
39858.5
39816.3
39767.8
39714.9
39661.7
39613.7
39576
39552.1
39544
39551.7
39573.7
39607.3
39648.6
39692.8
39734.8
39771.1
39800.2
39823.5
39844.1
39865.1
39887.9
39911.3
39933.4
39952.6
39968.6
39980.7
39987
39985.2
39974.5
32063
32031
31992.4
31948.2
31899.2
31846.4
31791.8
31738.1
31688.1
31644.8
31610.2
31586.1
31573.3
31571.9
31581.5
31600.9
31628.3
31661.9
31699.7
31740.5
31783.9
31829.5
31876.9
31924.6
31970.6
32012.2
32047.3
32074.7
32093.4
32102
32099.6
32086.3
26359.5
26324.2
26281.2
26231.8
26178.5
26123.7
26069.6
26017.3
25967.8
25922
25881
25846.3
25819.2
25801.1
25793.2
25796.4
25811.2
25838.1
25876.7
25925.9
25983.7
26047.1
26112.9
26177.9
26238.9
26293.5
26339
26373.6
26395.8
26405
26401.2
26385.6
39810.8
39788.9
39769.2
39749.5
39725.1
39693.2
39654.1
39611.8
39572.2
39541.5
39524.4
39524
39541.1
39575
39623.3
39681.9
39745.8
39809.1
39866.5
39914.5
39952.1
39979.6
39998
40007.3
40006.6
39995.1
39974.2
39947.4
39918.3
39889.1
39861
39834.9
31911.7
31862.8
31814.1
31765.9
31717.9
31670.6
31625.8
31586.1
31554.3
31533.4
31525.3
31531.2
31551.1
31584
31628.4
31681.9
31741.3
31803.5
31865.4
31924.3
31978.4
32026.2
32066.5
32097.4
32117.2
32124.7
32119.5
32103.1
32077.4
32043.7
32003.7
31959.1
26205.6
26138
26068.9
26000.8
25936.7
25879.9
25832.7
25796.6
25772.2
25759.5
25758.6
25769.2
25790.5
25821.9
25862.3
25910.4
25965.1
26025.1
26088.9
26154.6
26220
26281.8
26337.1
26383
26417.1
26437.8
26444
26435.2
26411.9
26375.2
26326.8
26269.4
39679.7
39661.8
39651.5
39643.9
39632.2
39611.6
39582.3
39548.3
39516.4
39493.7
39486
39496.6
39526.8
39575.7
39640.7
39717.5
39800.4
39882.8
39958.4
40022.1
40070.7
40102.6
40117
40112.8
40089.1
40046.7
39989.4
39924.1
39858.4
39798.1
39747.1
39707.7
31740
31673.4
31613.7
31561
31514.8
31475.5
31444.7
31424.7
31418.4
31427.8
31454
31496.7
31554.5
31625
31705.1
31791.2
31879.3
31965.3
32045.4
32116.1
32174.9
32219.3
32247.6
32257.7
32248.4
32219.6
32173
32112.2
32042
31966.1
31888.5
31812.3
26009.2
25908.8
25814.6
25730.4
25660.6
25609.2
25578.8
25570.4
25583.4
25616.1
25666.2
25730.8
25806.8
25890.7
25979.3
26069.6
26159
26245.5
26327
26401.5
26466.5
26519.3
26556.9
26577.1
26578.2
26559.8
26522.1
26466.1
26394
26308.5
26213.1
26112
39560.6
39546.2
39544.4
39547.5
39546.7
39536.1
39515.1
39488.3
39463.1
39447.4
39447.8
39468.3
39510.4
39573.2
39654
39748.3
39849.6
39950.6
40043.9
40122.6
40181.8
40217.9
40228.5
40211.5
40166.3
40095
40003.9
39903.1
39803.8
39715.1
39643.3
39592
31564.5
31485.2
31420.1
31368.9
31330.7
31305.7
31294.8
31299.8
31322.4
31363.5
31423
31499.2
31589.4
31690.3
31797.8
31907.9
32016.1
32117.9
32208.9
32285.3
32343.6
32380.9
32394.6
32382.7
32344.4
32280.7
32195.2
32093.7
31983.1
31869.8
31759.4
31656.6
25798.5
25674.1
25564.6
25475.2
25411.1
25376.6
25373.7
25401.9
25458.6
25539.6
25639.7
25753.6
25875.8
26001.2
26125.1
26243.8
26354.3
26454.3
26542.1
26615.5
26672.3
26709.9
26725.7
26717.8
26685.4
26628.9
26549.6
26450.2
26334.2
26205.8
26070
25932.3
39455.9
39449.8
39460.3
39477
39488.5
39487.4
39472.7
39449.1
39425.3
39410.8
39413.5
39439
39489.6
39564.9
39662.1
39775.6
39898.1
40020.5
40133.2
40227.7
40296.8
40335
40338.8
40306
40236.8
40135.1
40010
39875.1
39745.1
39631.8
39544
39485.6
31418.8
31337.1
31275.9
31234
31209.6
31201.7
31210.5
31236.7
31281.2
31344.3
31425.2
31522.2
31632.3
31751.8
31876.9
32002.8
32124.7
32237.5
32336.1
32415.6
32471.8
32500.8
32499.7
32466.8
32402
32307.6
32188.9
32054
31912.1
31771.1
31638.4
31519.8
25627.8
25493.3
25381.2
25297.4
25247.4
25234.8
25260.4
25321.8
25414.2
25531.3
25666.1
25811.5
25961.2
26109.5
26251.4
26383.3
26502.2
26605.9
26692.7
26760.3
26806.7
26829
26825
26793.1
26733.2
26646.6
26535.8
26404.5
26257.4
26099.8
25937.9
25778.2
39370.4
39380.1
39408.3
39441.3
39464.9
39470.3
39456.2
39428.8
39398.8
39378.3
39378.1
39405.7
39464.8
39555.4
39673.5
39811.8
39960.5
40107.5
40240.6
40348.6
40422.5
40455.9
40445.1
40388.8
40289.4
40153.5
39993.8
39827.2
39671.4
39541
39445.8
39389.7
31336.6
31262.7
31212.2
31182.4
31170.4
31174
31192.6
31226.8
31277.8
31346.5
31433
31536.3
31654.2
31783.3
31919.4
32057.2
32190.7
32313.5
32419.2
32501.5
32555.3
32576.4
32562.1
32511.2
32424.9
32307.2
32165.2
32008.9
31849
31694.9
31554.7
31434.3
25549.2
25416
25309
25233.9
25195.9
25198
25239.9
25317.9
25426.1
25557.3
25703.9
25859
26016.1
26169.8
26315.6
26449.9
26569.6
26672.6
26756.5
26819.2
26858.1
26870.6
26854.7
26809.2
26734.7
26633.2
26507.9
26363.1
26204
26036.2
25866.5
25701.7
39298.1
39329.8
39379.4
39429.4
39462.7
39469.6
39449.5
39410.8
39367.6
39335.9
39329.9
39359.8
39430.7
39542
39687.8
39857.9
40038.2
40213
40366.4
40484.7
40557.2
40577.6
40543.3
40455.3
40319.2
40145.3
39950.1
39754.1
39577.9
39437.8
39343.9
39299
31311.2
31250.8
31213.4
31194.4
31189.4
31195.7
31212.7
31241.7
31285.4
31346.4
31426.7
31527
31645.9
31780.2
31925.2
32074.1
32219.3
32352.4
32465.2
32550.4
32601.9
32615.7
32589.7
32524
32421.4
32287.6
32131.6
31964.8
31798.9
31644.1
31508.3
31396.8
25555.2
25428.9
25328.4
25259.4
25226.6
25232.5
25276.3
25354.3
25460.3
25587.4
25728.6
25877.5
26028.6
26176.9
26318.3
26449
26566
26666.5
26748.1
26808
26843.7
26852.8
26833.5
26785.1
26708.7
26606.6
26482.2
26340
26184.9
26022.5
25858.8
25700.8
39228.5
39287
39360.9
39428.2
39469
39472.6
39440.1
39383
39319.9
39271.6
39256.8
39288.6
39373.4
39509.7
39688.9
39896.6
40113.9
40320.3
40495.9
40624.1
40693.2
40696.9
40634.5
40510.1
40332.9
40117.8
39885.5
39660.3
39465.8
39319.9
39232.7
39205.1
31288.8
31243.1
31218.9
31209.6
31209.3
31214.9
31226.2
31246
31278.7
31329.5
31402.4
31499.6
31620.9
31763
31919.8
32083.1
32242.8
32388.3
32509.6
32598
32646.9
32652.4
32613.5
32531.7
32411.7
32261.2
32091
31914.2
31743.6
31589.9
31460.7
31360.3
25564.2
25443.5
25348
25283
25253.1
25260.5
25304.2
25380.2
25482.6
25604.8
25740.4
25883.7
26029.5
26173.5
26311.6
26440.1
26555.5
26654.8
26735
26793.2
26826.7
26833.2
26811.4
26761.1
26683.7
26582
26459.5
26320.6
26170.1
26013.1
25855.6
25703.7
39156.9
39246.9
39348.3
39433.6
39479.9
39475.9
39424.3
39341.1
39250.3
39178.7
39150.1
39181.4
39280.3
39444.2
39661.2
39912
40172
40415.3
40617.5
40758.9
40826.3
40813.7
40722.2
40559.2
40338
40078.5
39806.1
39549.8
39336.7
39186.6
39109.4
39103.9
31218.1
31185.2
31173.2
31173.7
31179.4
31186.6
31195.8
31210.8
31238.3
31285.5
31358.6
31461.3
31593.9
31752.8
31930.4
32116.2
32297.3
32460.6
32593.5
32686
32730.8
32724.3
32666.5
32560.8
32414.2
32237
32042.5
31845.8
31661.6
31501.4
31372.8
31278.9
25495.8
25373.9
25279.4
25217.9
25194
25209.7
25263.4
25350.2
25463.7
25596.7
25742.6
25895.5
26050.5
26203.2
26349.4
26485.2
26606.5
26709.4
26790.5
26846.4
26874.3
26872.1
26839.1
26775.9
26685
26569.8
26434.7
26284.5
26124.3
25959.3
25795.3
25638.6
39072.2
39197.2
39329.4
39435.4
39488.4
39475.9
39402.8
39289.3
39165.6
39065.3
39018.2
39045.7
39157.4
39349.7
39607.4
39905.5
40213.4
40499
40733
40892.2
40961.5
40934.8
40814.8
40612
40344.2
40036.3
39719.3
39427.5
39192.2
39035.8
38968.5
38986.6
31091.9
31066.9
31064.6
31074.6
31088.4
31101.5
31114.3
31131.7
31161.6
31213
31294.1
31410.4
31562.9
31747.5
31955
32172.2
32383.2
32571.3
32721.4
32821.3
32862.8
32842.4
32761.1
32624.4
32442.1
32227.5
31997
31768.7
31559.4
31381.9
31244.1
31148.6
25344.2
25210.3
25109.8
25049.4
25034.2
25065.6
25140.7
25253
25393.8
25554.4
25727.1
25905.4
26084.5
26259.7
26427
26581.6
26718.8
26833.5
26921
26977
26998.4
26983.2
26931.3
26844.8
26727.3
26584
26420.6
26242.7
26056.3
25866.8
25680.3
25503.6
38965.4
39126
39290.7
39419.7
39482.3
39464.4
39372.4
39230.5
39074.9
38945.7
38879.3
38901.8
39025.3
39245.9
39544.7
39891.4
40249.2
40579.6
40848.1
41027.6
41101.1
41062
40914.3
40671.4
40355.2
39996.1
39630.7
39298.9
39036.7
38869.6
38808.8
38848.2
30942.2
30918
30919.6
30935.3
30955.7
30975.6
30994.9
31018.5
31054.9
31114.5
31207.3
31340.4
31515.8
31729.5
31971
32224.5
32470.8
32689.6
32862.8
32975.5
33018.2
32987
32883.9
32716.5
32496.9
32241.9
31971.2
31705.8
31464.8
31262.7
31108
31002.6
25167.3
25009.3
24892.3
24825.1
24814.1
24860.6
24959.9
25102.8
25277.5
25472.9
25679.2
25889.5
26098.7
26302.8
26497.7
26678.5
26839.3
26973.7
27075.3
27138.4
27158.8
27134.4
27065.7
26955.8
26810.2
26635.6
26439
26227.4
26007.1
25783.9
25564.2
25355.7
38848.7
39042.7
39238.3
39389.8
39462.3
39440.5
39332
39164.7
38980
38824.6
38740.7
38759.5
38895.4
39144.1
39483.8
39878.8
40285.9
40660.7
40963.5
41163.5
41241.5
41190.5
41015.7
40733.1
40369
39958.5
39544.2
39171.2
38880.5
38700.8
38644
38702.2
30803.3
30774.7
30774.8
30791
30813.5
30836.8
30860.7
30889.7
30932.6
31000.6
31104.9
31254.3
31452
31694.3
31969.6
32259.7
32542.3
32793.8
32992.6
33121.5
33169.1
33131.1
33010.2
32815.7
32562.5
32270.3
31961.8
31661.1
31389.5
31162.7
30989.6
30871.5
25014.5
24825.8
24684.3
24602.2
24587.7
24642.8
24761.3
24931.3
25137.8
25366.3
25605.1
25846.2
26084.8
26317.2
26540
26748.1
26934.9
27092.5
27212.7
27287.9
27312.7
27284.6
27204.6
27076.8
26908.2
26707.1
26481.9
26240.2
25988.8
25733.1
25479.8
25236.7
38742.1
38966.7
39190.8
39362.9
39444.1
39418
39293.1
39100.8
38887.7
38706.4
38605.1
38619.8
38767.2
39042.8
39421.6
39863.1
40317.9
40735.9
41072.5
41293.3
41377.2
41316.5
41117.5
40798.6
40390
39931.5
39470.9
39058.9
38740.7
38548.2
38494.2
38569.1
30686.1
30654.4
30653.1
30669.3
30692.8
30718.1
30744.6
30776.8
30823.7
30897.2
31010
31172.3
31388.8
31655.9
31961.1
32284.3
32600.1
32881.7
33104.4
33248.4
33300.9
33257.3
33120.7
32902.1
32618.9
32293.7
31952.3
31621.1
31323.4
31076
30888.1
30760.3
24891.3
24675.6
24511.9
24415.3
24396.5
24457.8
24592.1
24785.1
25018.5
25275
25540.9
25807.4
26069.8
26325.3
26570.9
26801.9
27010.8
27188.5
27324.7
27410.5
27439.1
27407.8
27317.9
27174.7
26986.8
26764.1
26516
26250.8
25975.1
25694
25413.7
25142.2
38657.2
38909.8
39160.6
39352.3
39442.3
39412.2
39271.2
39053.8
38811.4
38602.5
38481.5
38488.9
38644.1
38942.3
39355.7
39839.2
40338
40796.5
41165.8
41408.2
41500.5
41434.4
41216.8
40868.2
40421.8
39921.7
39420.3
38973
38629.4
38424.1
38371.5
38460.5
30592.1
30562.1
30564.3
30584.5
30612
30640.6
30669.3
30702.5
30749.5
30823.8
30939.6
31109.1
31338.5
31624.4
31953.7
32304
32647.3
32953.9
33196.2
33352.3
33408.2
33358.8
33207.9
32968.2
32659
32305.5
31936.1
31579.6
31260.9
30997.9
30800
30667.2
24792.2
24559.5
24382.7
24279
24260.7
24330.3
24479.5
24691.8
24946.4
25223.8
25509.1
25793.2
26071.7
26342.8
26604.1
26850.8
27075
27266.1
27412.5
27503.8
27532.6
27495.7
27395.2
27237.6
27032.8
26791.9
26525.7
26242.7
25949.5
25650.8
25352.2
25061.9
38599.5
38878.2
39154.1
39364.8
39463.5
39429.8
39273.6
39032
38761.1
38525
38383.5
38381.5
38540.7
38856.2
39297.8
39816.1
40352
40845.3
41243.3
41505.5
41606.8
41538.5
41307.5
40936
40459.4
39925.3
39389.9
38912.7
38547.1
38330.7
38279.3
38381.1
30538.5
30514.6
30523.2
30549.1
30580.2
30609.7
30636.5
30665.2
30706.3
30775
30887.7
31058.6
31294.8
31593.5
31940.4
32311.5
32676.4
33002.8
33260.9
33427.3
33486.8
33434.1
33273.4
33018.3
32690.1
32315.7
31925.6
31550.6
31217.3
30944.5
30742.1
30609.7
24742.5
24501
24317.2
24209.5
24191.2
24264.8
24421.5
24643.4
24908.6
25196.3
25491.1
25783.9
26070.9
26350.7
26621.3
26877.9
27111.9
27311.7
27464.8
27559.9
27588.8
27548.5
27441.5
27274.8
27059.5
26807.7
26530.8
26237.9
25935.5
25628.1
25320.8
25021.4
38567
38870.8
39170.4
39398.6
39504.7
39466.9
39296
39031.7
38734.7
38473.9
38313.9
38303
38464.5
38793
39256.3
39801.9
40366.9
40887.8
41308.7
41587
41696.2
41626.6
41385.6
40996.1
40495.7
39934.2
39371.3
38869.7
38486.2
38261.5
38212.6
38327.5
30539.9
30524.8
30540.4
30569.3
30598.6
30621.5
30637.4
30652.7
30679.9
30736.1
30840
31007
31245
31550.9
31909.6
32295.4
32676.2
33018
33289.5
33465.9
33531.5
33480.3
33316.7
33054.8
32716.8
32330.9
31929.3
31544.4
31204.3
30929
30728.8
30602.5
24767.5
24522.8
24333.5
24218.6
24192
24257.4
24406.6
24622.3
24882.7
25167.3
25460.5
25753.3
26041.8
26324.4
26599.3
26861.1
27101.1
27307.3
27466.7
27567.3
27600.9
27564.1
27459.2
27293.7
27078.9
26827.2
26550.5
26258.3
25957.3
25651.6
25346
25047.3
38549.6
38877.2
39199.5
39444.3
39557.5
39516
39331.2
39046.1
38725.1
38441.7
38264.4
38244.3
38405.9
38743.5
39223.3
39790.3
40378.8
40922.4
41362.9
41655.6
41772.6
41703.5
41455.5
41052.3
40532.5
39948.5
39362.2
38839.8
38441
38209.1
38162.9
38290.2
30578.3
30574.4
30597.5
30628.2
30652.4
30663.6
30662.8
30658.6
30666.2
30705.2
30795.9
30954.9
31190.4
31498.8
31864.1
32259.5
32651.6
33005.4
33288.5
33475.4
33549.3
33503.7
33342.8
33080.6
32739.6
32349.1
31942.4
31553.4
31211.9
30938.9
30745.3
30629
24844.2
24601
24408.1
24284.3
24244.2
24292.8
24423.9
24622
24866.8
25138.7
25422.3
25708.4
25992.7
26273.3
26547.8
26810.8
27053.4
27263.8
27428.8
27536.4
27578.1
27550.1
27454.1
27297.5
27091
26847.4
26578.6
26294.6
26002.2
25705.7
25409.2
25118.6
38534.1
38882.9
39226.2
39487
39607.9
39564.2
39367.7
39063.7
38720.2
38414.8
38219.7
38188.7
38347.8
38691.3
39184.3
39769.8
40379.6
40945
41405.1
41713.6
41840.6
41775
41523.4
41109.7
40574
39970
39362.6
38820.5
38406.4
38166.3
38120.7
38257.6
30614.7
30622.7
30654.9
30689.4
30710.9
30712.7
30697.1
30675
30663.8
30685.5
30762.2
30911.6
31142.3
31450.4
31819.3
32221.3
32622.1
32985.7
33279
33475.5
33557.6
33518.2
33360.8
33099.4
32756.8
32362.9
31952.1
31559.9
31217.4
30946.8
30759.5
30653.3
24916.7
24678.1
24485.3
24356.2
24305.9
24340.5
24455.4
24636.8
24866.2
25124.8
25397.8
25675.7
25953.8
26230
26501.3
26762.5
27004.8
27216.6
27384.7
27497.4
27545.6
27525.2
27437.5
27289.3
27091.1
26855.6
26595.1
26319.6
26036.5
25749.9
25463.8
25183
38508.6
38875.1
39236.5
39512.1
39641
39596.5
39390.5
39069.7
38705.2
38378.3
38165
38122.1
38277.6
38626
39131.6
39735.7
40367.5
40955.7
41437.4
41763.7
41903.2
41843.5
41590.4
41168.2
40617.7
39994.7
39366.2
38804
38373.6
38123.4
38075.6
38218.7
30619.7
30637.2
30677.8
30717.8
30740.5
30738.9
30715.5
30682.4
30658.7
30668.2
30734.6
30876.8
31104.3
31413.1
31786.3
32195.3
32605
32978.2
33281
33485.7
33574.2
33538.4
33381.8
33118
32770.4
32369.7
31951.7
31553
31206.2
30934.5
30749.7
30649.6
24943.6
24708.1
24516.1
24385.7
24331.7
24361
24469.6
24644.5
24867.9
25121.3
25389.9
25664.3
25939.6
26213.3
26482.9
26742.9
26984.8
27196.9
27366.2
27480.6
27530.9
27512.8
27427.3
27281.1
27084.8
26851.3
26593.2
26321
26042.2
25760.7
25480.3
25205.1
38464.9
38846.3
39223.6
39512.4
39649.2
39605.4
39392.2
39057.2
38673.9
38326.9
38095.9
38041.2
38192.8
38546.4
39065.4
39689.2
40344.5
40957.5
41462.3
41807.9
41961.2
41908.2
41654.3
41223.5
40657.7
40014.6
39363.7
38779.7
38331.3
38069.3
38017.4
38164.4
30584.9
30605.6
30649.7
30692.7
30717.5
30716.3
30691.8
30655.9
30628.2
30633.3
30696.1
30836.9
31065.9
31380
31761.8
32182.2
32604.7
32991.1
33305.8
33520.1
33614.6
33580.8
33421.6
33151.2
32793.4
32380.4
31949.2
31538.2
31181.3
30902.4
30713.9
30613.1
24915.8
24674.8
24477.4
24342.7
24286.6
24316.2
24427.8
24607.9
24837.7
25098
25373.3
25653.7
25934.4
26213.1
26487.6
26752.8
26999.8
27216.9
27390.5
27507.9
27559.3
27539.9
27451
27299.4
27096.7
26856.4
26592
26314.3
26031
25745.8
25461.6
25182.3
38404.9
38798.6
39189.1
39489.5
39633.8
39592
39374.8
39029.9
38631.9
38267.9
38021
37954.9
38102.3
38460.4
38992.2
39635.4
40314.2
40951.7
41479.6
41844.4
42011.2
41964.6
41709.3
41269.4
40687.7
40023.7
39349.7
38743.5
38276.6
38002.3
37945.8
38095.6
30520.1
30534.4
30573.1
30612.3
30635.2
30634.7
30612.9
30580.9
30557.5
30566.6
30633.7
30779.7
31016.3
31341.1
31737.1
32174.8
32616.5
33022
33354.1
33582.2
33685.4
33654.3
33491.5
33211.4
32839.3
32408.7
31958.8
31529.6
31156.4
30864.1
30664.8
30555.5
24848.5
24588
24372.4
24223.1
24158.8
24187.8
24306.4
24499.9
24747.1
25026.4
25320.2
25617.7
25914.1
26207.8
26497
26777.3
27039.7
27271.6
27458.2
27585.3
27642
27622.7
27528.7
27367.5
27151.8
26896.8
26617.2
26325
26027.7
25728.6
25429.5
25133.5
38344.2
38746.5
39145.8
39453.7
39603.3
39564.1
39345.9
38996
38589.3
38213.8
37955
37879.6
38023
38384.2
38926.3
39585.7
40284.4
40943
41490.6
41871.7
42049.6
42007.9
41750.5
41301.8
40705.6
40023
39328.8
38703.5
38221.1
37936.8
37876.6
38028.5
30451.2
30451.3
30476.1
30503.4
30518.5
30515.7
30497
30472.4
30458.7
30478.1
30555.3
30711.6
30959.6
31298.4
31711.6
32169.5
32633.1
33060.9
33413.4
33658
33772
33744.9
33578.9
33289.1
32901.9
32452.9
31983.2
31534.8
31144
30836.1
30623
30500.3
24774.8
24484.4
24239.3
24065.2
23984.1
24007.3
24131.5
24340.4
24609.8
24914.5
25234.1
25555.8
25874.6
26189.6
26500.1
26802.2
27087
27340.7
27547.1
27689.9
27756.4
27740.3
27642.4
27471.2
27241
26968.7
26670.9
26360.4
26045.1
25727.2
25407.4
25087.4
38303.3
38709.9
39113.3
39424.5
39576.7
39539
39320.8
38968.9
38557.7
38175.7
37909.7
37828.2
37969
38332.1
38881.1
39551.6
40264.2
40937.5
41498.9
41891.2
42076.7
42038
41778.9
41323.9
40717.6
40022.5
39314.9
38677.1
38184.8
37894
37831.4
37984.4
30409.6
30396.4
30407.1
30421.5
30426.9
30419.1
30400.9
30381.2
30375.2
30403.5
30489.8
30655.3
30913.2
31263.5
31690.3
32163.9
32644.8
33090.1
33458.7
33716.4
33839.2
33815.7
33648
33351.4
32953.8
32492.1
32009
31547.6
31145.1
30826.6
30603.5
30470.4
24733
24417.2
24145.9
23947.9
23848.9
23862.9
23987.4
24205.6
24490.9
24815.2
25155.4
25497.2
25834.7
26167.5
26495.7
26816
27119.4
27391.4
27614.3
27770.5
27846
27833.5
27733.8
27556.2
27316.1
27032
26721.9
26399.2
26071.7
25741
25406.2
25067.9
38291.7
38699.7
39105.5
39419.4
39573.9
39537.6
39319.3
38965.2
38550
38162.8
37891.3
37805.2
37943.3
38306.2
38857.5
39532.7
40251.5
40931.9
41500.5
41899.5
42090.3
42055.3
41797.8
41342.4
40733.7
40034.8
39322.5
38679.6
38182.2
37887.1
37821.2
37972.7
30411.1
30395.9
30403.8
30414.7
30416.3
30405
30383.5
30361.1
30353.1
30380.1
30465.7
30631.4
30890.6
31243.2
31673.6
32151.7
32638
33088.9
33463
33725.6
33852.2
33831.2
33664.5
33367.6
32968.7
32505
32019.8
31556.4
31152
30832
30607.7
30473.5
24743.5
24423.1
24145.4
23939.8
23833
23839.9
23959.1
24174.3
24459
24784.8
25127.8
25473.3
25814.8
26151.8
26484.3
26809
27116.9
27393.4
27620.5
27780.2
27858.3
27847.4
27748.3
27570.6
27329.9
27045.3
26734.9
26412.4
26085.4
25755.2
25420.5
25081.1
38310.6
38716.5
39122.6
39438.7
39595.9
39561.7
39343.8
38988.3
38569.9
38178.8
37903.2
37813.2
37947.4
38306.3
38853.6
39524.9
40240.7
40919.6
41488.5
41889.8
42085
42056
41805.8
41358.2
40757.2
40065.1
39357.8
38717.4
38219.5
37921.1
37850.1
37996.1
30453.1
30446.7
30463.3
30481.1
30486.2
30473.8
30446.8
30415.3
30396.1
30411.8
30486.9
30643.5
30894.7
31239.8
31662.6
32133
32611.6
33055.6
33424.1
33683.2
33809.2
33790.4
33628.7
33339.3
32949.2
32495
32018.9
31563.8
31166.7
30853
30634.8
30507.5
24801.1
24497
24233.4
24037.6
23934.6
23938.3
24048.1
24249.2
24517.6
24827
25155.2
25487.9
25818.6
26145.8
26468.8
26783.6
27081.4
27348
27566.3
27719.5
27794
27783
27687.4
27516.2
27284.5
27010.3
26710.9
26399.9
26084.8
25767.2
25446.3
25122.3
38355.1
38753.3
39154.4
39468.4
39626.1
39593.6
39378
39024.6
38608.1
38218.2
37942.7
37851
37980.8
38331.9
38868.5
39527.4
40230.7
40899
41460.6
41859.2
42056.7
42035
41796.3
41363.4
40778.9
40103.1
39410.2
38780.1
38287.3
37988.3
37911.9
38049.5
30522
30525.3
30551.2
30576
30584.2
30569.8
30535.6
30493.1
30461.2
30463.9
30527.1
30672.6
30913
31246.5
31656.5
32112.8
32576.9
33007.4
33365
33617.2
33741.4
33726.3
33573.5
33297.2
32922.9
32485.4
32025.5
31584.7
31199.5
30895.7
30686.1
30567.3
24886.8
24604.3
24359.4
24176.5
24078
24076.9
24173.3
24354.7
24600.4
24887.1
25194.8
25509.8
25825.3
26138.6
26447.7
26748.1
27030.9
27283
27488.7
27632.9
27703.4
27693.9
27605.4
27445.7
27228.5
26970.3
26687.4
26392.5
26093.5
25792.6
25490
25186.3
38409.8
38796.7
39188
39495.2
39649.8
39618.2
39406.9
39060.2
38651.6
38269.3
37999.2
37908.8
38034.3
38375.4
38896.9
39537.5
40221.8
40872.7
41421.1
41812
42008.4
41992.2
41765.5
41349.7
40785.4
40130.9
39457.8
38843.6
38360.9
38065.2
37985.6
38115.1
30600.4
30606.8
30634.2
30658.1
30662.4
30641
30597.6
30545
30503.3
30497.5
30553.2
30691.6
30924.1
31248.1
31646.5
32089.7
32540.4
32958.7
33307.2
33554.9
33679.9
33671.3
33530.1
33269.2
32912.8
32493.8
32051.3
31625.5
31252.5
30957.9
30755.1
30641.4
24981.4
24712
24476.2
24296.2
24193.1
24179.8
24257.9
24417.7
24641.3
24908
25199
25500.9
25806
26110.4
26410.8
26702.2
26975.9
27219.8
27419.6
27561.3
27634
27631.5
27554.1
27408.7
27207.5
26965.5
26697.8
26417
26131.3
25843.7
25555
25266
38460.3
38834.9
39214
39511.4
39660.3
39628.4
39422.2
39085.1
38688.9
38319
38058.7
37972.8
38096.1
38427.9
38933.9
39554.9
40218
40848.7
41380.2
41759.5
41950.8
41936.6
41718.7
41317.6
40772.4
40139.2
39486.9
38890.9
38421.2
38132.1
38052.4
38175.9
30673.4
30676.6
30698.3
30714.1
30708.3
30676.1
30622.4
30561.2
30513.3
30503.6
30556.8
30692.9
30921.7
31240.1
31630.7
32064.8
32506.1
32916.2
33259.3
33505.5
33633.5
33632.6
33503.2
33257.3
32917.4
32515.2
32088.2
31675.8
31313.1
31025.8
30827.2
30715.2
25069.7
24803.5
24566.6
24379.6
24263.5
24232.3
24289.5
24428.2
24632.7
24883.9
25163.8
25458.4
25759.1
26060.6
26359.1
26648.9
26921.5
27165.5
27367.5
27514.1
27594.8
27603.4
27539.4
27408.7
27222.2
26993.8
26738
26467.3
26190.4
25910.8
25629.9
25348.3
38504.3
38864.9
39229.1
39513.4
39654.1
39620.3
39419.2
39093.3
38712.1
38358.2
38111.6
38034.3
38159.2
38485
38978.1
39581.1
40223.4
40833.1
41345.7
41710.3
41892.7
41876.2
41663
41272.9
40744
40130.4
39499.1
38922.5
38468.3
38188.6
38111.4
38230.3
30727.6
30725
30738.7
30745.1
30729.7
30688.6
30628
30562.6
30513.3
30504.3
30559.2
30696.4
30924.7
31239.9
31624.9
32051.4
32484.3
32886.7
33223.7
33466.7
33595.1
33598.5
33477
33242
32915.2
32526.8
32113.4
31713.2
31360.3
31079.7
30884.5
30772.6
25130.3
24864.3
24624.4
24430.7
24304.1
24259.4
24301.6
24425.3
24616.8
24857.9
25130.9
25421.4
25720.1
26020.9
26319.3
26609.3
26882.6
27128
27332.7
27483.8
27570.9
27587.6
27533.3
27413
27236.9
27018.1
26770.7
26507
26235.9
25961.2
25684.6
25406.6
38550.3
38892.6
39236.4
39502.7
39631.1
39593.3
39397.1
39083.9
38720.6
38386.6
38158
38093.8
38224.6
38547.9
39030.7
39616.8
40238
40825.1
41316.2
41662.8
41832.5
41810
41598
41216.6
40702.8
40109.5
39501.2
38947.6
38513.2
38246.9
38174.5
38289
30751.7
30742.5
30748.8
30748.9
30729.4
30687.3
30628.9
30568.3
30525.8
30524.4
30586.1
30728.2
30958.1
31271.4
31650.6
32068.1
32490
32880.2
33205.7
33438.7
33559.9
33559.7
33438.6
33208
32889
32511.3
32110
31721.8
31379.3
31105.8
30913.9
30801.1
25137.9
24874
24636.4
24445.2
24320.5
24276.8
24319.1
24442.1
24632.2
24871.8
25143.3
25432.6
25730
26029.3
26325.4
26612.6
26882.3
27123.6
27323.9
27471.1
27555
27570
27515.4
27396.3
27222.6
27007.3
26763.7
26503.6
26235.6
25963.4
25688.7
25412.5
38606.9
38926.4
39244.1
39486.5
39598.1
39553.6
39361.7
39062.4
38719.8
38409.2
38202.8
38155.8
38296
38619.7
39093.5
39662.7
40261.4
40823.3
41289.4
41614
41766.9
41734.6
41520.9
41146.3
40647.7
40076.6
39495.3
38970
38561.1
38313.4
38249.3
38360.3
30748.7
30732.3
30732.2
30728.9
30710.9
30675.3
30627.7
30581.1
30553.7
30566.6
30640.7
30791.5
31025.8
31338.3
31711.7
32118.8
32526.5
32900.2
33208
33424
33530.2
33518.2
33389.8
33156.9
32840.7
32470.4
32079.8
31703.5
31372
31106.4
30917.8
30803.6
25092.2
24832.8
24603.3
24423.7
24313.4
24285.4
24342.9
24479.2
24679.9
24926.9
25203
25494.5
25792
26089.6
26382.2
26663.7
26925.7
27157.1
27345.8
27480.2
27551.2
27553.8
27488.6
27361.1
27181.8
26963.1
26718.1
26457.7
26189.5
25916.8
25641.5
25365.2
38673
38968.6
39257.9
39473.6
39565.7
39512.7
39324.2
39039.5
38719.1
38434.5
38253.2
38226.3
38378.3
38703.6
39168.8
39720.2
40294.4
40828.2
41265.9
41564.5
41696.7
41650.9
41432.5
41062.9
40579
40031.3
39479.7
38986.8
38608
38383.2
38331
38440.6
30741.1
30717.9
30711.8
30706
30690.7
30663.2
30628.6
30598.1
30588
30617.6
30705.8
30867.1
31106.8
31419.2
31786.9
32183.1
32575.4
32930.6
33218.4
33414.4
33502.3
33475.2
33336.3
33098.5
32783.4
32419.6
32039.7
31676.1
31356.7
31100.2
30915.9
30800.9
25032.1
24778.8
24559.8
24395.3
24303.5
24295.3
24371.9
24524.9
24738.7
24995
25276.8
25571
25868.9
26164.7
26453.5
26728.9
26982.2
27202.4
27377.7
27497
27552.2
27539.5
27460.6
27322
27134.4
26910.5
26662.3
26400
26130.4
25856.2
25579.6
25302.9
38744.6
39017.8
39279.5
39468.5
39540.6
39478.4
39293.4
39023.7
38727.3
38470.9
38317.2
38312.4
38477.3
38804.3
39259.6
39791
40337.8
40840
41245.5
41514.5
41622.4
41560.2
41334.7
40968.7
40499.2
39975.6
39455.3
38996.8
38650.6
38451.5
38413.8
38524.5
30757.8
30729.6
30718
30708.5
30692.7
30668.9
30642
30622.2
30624.8
30667.4
30767.1
30936.6
31180.1
31490.8
31851.1
32234.7
32610.4
32946.4
33214
33390.5
33461.4
33421.3
33274.7
33035.2
32724.5
32370.8
32004.9
31657.4
31353.3
31109.1
30932.5
30819.7
25009.2
24763.8
24555.7
24404.1
24325.7
24330.1
24417.1
24577.6
24795.8
25053.7
25335.1
25627.3
25922
26213.6
26496.9
26765.3
27010
27220
27383.8
27491.2
27534.9
27512.1
27425.1
27281.3
27091.3
26867.3
26620.7
26360.8
26093.7
25822
25547.8
25274.6
38821.1
39073
39308.3
39471.4
39524.3
39453.6
39272.9
39019.9
38749.5
38523.9
38400
38418.6
38596.4
38923.4
39365.7
39873.3
40388.4
40854.8
41224.2
41460.4
41541.8
41461.6
41228.9
40867.1
40413.3
39915.6
39428.4
39006.1
38694
38521.7
38499.3
38612
30808.4
30778.1
30762.3
30748.2
30728.8
30703.5
30677.9
30662.3
30671.3
30721.4
30828
31001.6
31244.8
31549.7
31898.6
32265.9
32621.8
32936.4
33182.9
33340.6
33396.7
33347.4
33197.9
32962.2
32661.9
32323.9
31977.6
31651
31366.9
31139.4
30974.8
30868.6
25039.8
24806.5
24610.4
24469.4
24398.7
24406.8
24493
24648.8
24859.4
25108.2
25379.8
25662.3
25947.6
26229.8
26503.4
26761.6
26995.6
27194.9
27348.7
27447.3
27484.4
27458
27370.8
27230.1
27046.1
26830.1
26592.7
26342.3
26084.6
25822.1
25557.2
25294.1
38904.8
39133.9
39341.8
39479.2
39513.8
39436.5
39262.7
39029.4
38788.1
38595.8
38503.1
38545
38733.9
39057.4
39482.2
39960.6
40438.7
40864.6
41194.2
41395.3
41449.2
41352
41114.2
40760
40326.1
39858.6
39408.4
39025.1
38748.7
38603.4
38595.6
38708.7
30874.6
30844.6
30826.8
30809.7
30787.7
30761.4
30736.8
30724.4
30738.4
30794
30904.9
31079.5
31318.6
31613.3
31946
32291.9
32623.3
32912.4
33134.7
33271.9
33313
33255.5
33105.4
32876.9
32590.8
32272.6
31949.6
31647.4
31386.3
31178.2
31027.9
30930.9
25091.8
24875.5
24695.5
24567.9
24506.1
24517.2
24600.4
24747.8
24946.2
25180.7
25437.2
25704.9
25975.6
26243.4
26502.4
26745.9
26965.1
27150.3
27291.4
27380.1
27410.8
27382.2
27297.2
27162.7
26988.2
26783.8
26559.2
26322
26077.4
25828.3
25577.6
25329.7
38997.7
39200.8
39378.8
39489.1
39505.5
39423.2
39258.9
39048.3
38838.9
38681.9
38621.2
38685.9
38883.5
39200.2
39603
40047.3
40483.4
40864.3
41150.7
41314.5
41340.7
41227.8
40988
40645.9
40237.1
39805.3
39397.3
39057.2
38818.9
38701.2
38706.8
38817.7
30934.3
30905.9
30888.2
30871.4
30851
30828.2
30809.2
30804.3
30826.6
30890
31006.1
31181.4
31414.9
31696.9
32009.8
32330.4
32632.8
32891.8
33085.6
33198.4
33221.3
33153.3
33001.3
32779.5
32508
32210.4
31911.8
31635
31397.6
31209.3
31073.6
30985.9
25126.9
24932.1
24773.7
24665.8
24619.5
24640.2
24726.3
24870.2
25060
25282.2
25524.6
25777
26031.8
26282.9
26524.5
26749.5
26949.8
27116.2
27239.9
27313.8
27333.6
27298.5
27211.9
27080.3
26912.4
26717.3
26503.7
26278.3
26046.4
25810.9
25575.4
25345
39095.3
39270.6
39417.1
39499.7
39498.1
39411.5
39258.3
39072.2
38896.6
38776.2
38748.2
38835.3
39040.7
39348.6
39727
40134.1
40524.9
40857.6
41097.9
41222.4
41219.9
41091.5
40851.1
40523.6
40143.3
39750.8
39388.5
39094.5
38896.3
38807.1
38825.7
38933.4
30984.6
30959.1
30943.2
30929.1
30913.2
30897.3
30887.5
30893.4
30927.1
31000.7
31123.6
31300.2
31527.9
31796.3
32087.9
32380.9
32651.6
32877.5
33039.6
33124.8
33126.5
33045.6
32889.7
32673.1
32415
32137.5
31863
31611.7
31398.1
31229.6
31108.7
31030.7
25143
24973
24840.4
24756.9
24731
24766.3
24860.1
25004.8
25189.6
25402.5
25632.6
25870.8
26110
26344.2
26567.1
26772
26950.9
27095.7
27198.8
27254.2
27259
27213.5
27121.1
26988.4
26823.2
26634.1
26428.6
26213
25992.3
25769.9
25550.2
25338.8
39188.1
39335.8
39451.5
39507.1
39488.5
39399.2
39258.7
39099
38959
38876.9
38882.8
38992.9
39206.1
39504.5
39857.3
40225.5
40568.9
40851
41042.8
41125.7
41092.5
40947.5
40705.9
40392.9
40041.6
39689.3
39373.6
39126.4
38968.8
38908.1
38939.7
39044
31035.4
31013.8
31000.6
30989.6
30978.3
30969.2
30968.4
30985.2
31030.4
31114.1
31243.7
31421.4
31642.8
31896.7
32166.1
32430.5
32668.4
32860
32989.5
33046.4
33026.5
32932.3
32772.4
32561.2
32316.8
32059.6
31809.6
31584.1
31394.8
31247
31142
31074.9
25163.1
25019.7
24913.7
24854.7
24848.8
24897.5
24997.7
25141.9
25320.6
25523.2
25740.2
25963.4
26186.2
26402.5
26606.1
26790.2
26947.5
27070.6
27153.1
27190.3
27180.5
27124.6
27026.6
26892.6
26730
26546.6
26349.2
26143.7
25935
25727.2
25525
25334.7
39267.3
39387.9
39473.9
39504.1
39470.7
39381.4
39256.6
39126.5
39025.1
38983.9
39025.6
39159.8
39381.2
39670
39996
40323.9
40617.8
40846.7
40987.2
41025.9
40959.7
40796
40552
40253
39930.5
39618.5
39349.2
39148.3
39030.4
38997.3
39041
39141.3
31088.5
31071.2
31060.8
31052.4
31045.1
31042
31049.7
31077
31133.3
31226.9
31362.7
31540.7
31754.7
31992.9
32238.8
32473.3
32677.3
32834
32930.4
32959
32917.8
32811
32648.1
32443.3
32213.8
31978.1
31753.7
31554.9
31390.7
31264.5
31176.1
31120.7
25196.2
25079.7
24999.8
24963.5
24974.9
25034.1
25137.6
25278.5
25448.5
25638.6
25840.5
26047
26251.6
26448.5
26631.5
26794.1
26929.5
27031.3
27094.2
27114.8
27092.2
27028.1
26926.5
26793.2
26635.1
26459.1
26271.4
26077.7
25883.1
25692
25509.6
25342.3
39331.3
39424.1
39480.6
39486.6
39440.6
39354.1
39248.5
39151.5
39092
39094.4
39174
39333.9
39564.1
39843
40141.7
40427.6
40669.9
40843.1
40929.6
40921.2
40819.5
40635.3
40387.8
40102.7
39809.4
39538.3
39316
39161.4
39082.5
39075.8
39130
39224.6
31131.5
31118.5
31111.3
31106.4
31104.3
31109.2
31127.7
31167.9
31237.7
31343.2
31486.7
31665.8
31872.8
32094.9
32316.4
32519.7
32688.2
32808.1
32869.6
32868
32803.9
32683.1
32516.2
32317.2
32102.4
31888
31688.9
31516.5
31377.2
31272.3
31200.4
31156.4
25222.7
25133.6
25080.4
25067.6
25097.2
25168.1
25276.2
25415.5
25578.5
25757.5
25945.3
26135.4
26321.9
26498.9
26660.6
26800.6
26912.9
26992.2
27034.4
27037.3
27000.9
26927.5
26821.2
26687.6
26532.9
26363.4
26184.6
26002.3
25821.7
25647.8
25485.9
25342.3
39382
39446.4
39473.4
39455.9
39398.6
39316.7
39232.3
39170.6
39155
39202.7
39321.8
39508.6
39748.6
40018.5
40289.9
40533.6
40723.2
40839
40869.2
40811.3
40671.7
40465.2
40213.1
39941.3
39677.7
39448.2
39273.4
39165.5
39125.5
39144.4
39208
39295.6
31149.1
31141.3
31139
31140.2
31146.9
31163.9
31197.7
31255.6
31343.6
31465.2
31620.2
31803.6
32005.8
32213.6
32411.4
32583.3
32715.2
32796.3
32819.9
32784.4
32693.3
32554.4
32379.5
32182.7
31979.1
31783
31606.7
31458.4
31342
31256.7
31200
31166.8
25216.1
25156.5
25132.8
25147.4
25200.1
25288.3
25407.4
25551.3
25713.5
25887.2
26066
26244
26415.5
26574.6
26715.7
26832.9
26920.9
26975.4
26993.6
26974.6
26919.5
26831.4
26714.8
26575.2
26418.2
26249.7
26075.1
25900
25730.3
25571.2
25428.6
25308.6
39417.5
39454.4
39453
39413.5
39346.2
39270
39207.5
39181.3
39209.7
39303.1
39462.1
39676.7
39928.1
40190.8
40436.8
40639.7
40777.7
40836.2
40809.4
40700.6
40521.5
40290.7
40032.3
39772.5
39537.2
39348.2
39220
39157.7
39155.3
39198.7
39270.8
39351.2
31138
31137.9
31143.5
31154.5
31173.9
31207
31260.1
31339.5
31449.3
31590.6
31760.5
31951.4
32151.8
32347.6
32523.4
32664.7
32759.8
32800.6
32783.8
32711.1
32588.9
32427.5
32239.8
32040.2
31843.1
31660.9
31503.2
31375.6
31279.1
31211.4
31169
31147
25172.3
25145.5
25155.8
25202.9
25284.3
25395.8
25531.9
25686.6
25853.9
26028
26203
26373.3
26533.4
26677.3
26799.2
26893.8
26956.2
26983.5
26974.1
26928.6
26849.4
26740.5
26607
26454.4
26288.3
26114.2
25937.8
25764.8
25602
25455.3
25331
25235.4
39434.6
39446.2
39418.9
39359.6
39284.3
39214.9
39174.7
39183.7
39255.5
39394.1
39593.1
39836.5
40100.9
40358.6
40582
40746.7
40835
40837.5
40754.1
40593.9
40373.9
40117.1
39850.1
39599.7
39390
39238.6
39154
39134.4
39167.3
39233.4
39313.3
39387
31107.3
31117.8
31134.4
31158
31192.4
31243.4
31317.3
31419.4
31552.2
31714.6
31900.9
32100.9
32301.4
32487
32642.3
32754.2
32812.7
32812.9
32754.6
32642.9
32487.2
32300.2
32096.5
31890.6
31696.3
31524.2
31381.7
31271.7
31193.2
31142.1
31114.3
31105.1
25108
25117.4
25164.9
25247.6
25360.4
25497.5
25652.8
25820.6
25995.5
26172.5
26346.2
26511.4
26662.1
26792.2
26895.8
26967.7
27004
27002.7
26963.6
26889
26782.6
26649.3
26494.9
26325
26145.2
25961.2
25779
25605.3
25447.6
25312.9
25207.9
25138.7
39433.7
39423
39373.2
39297.4
39216.6
39155.6
39138.2
39182.3
39296.7
39479.4
39717.7
39989.7
40267.7
40521.9
40724.3
40852.6
40892.7
40840.2
40700.7
40488.9
40227.2
39943.1
39665.7
39422.6
39235.7
39118.8
39074.5
39094.3
39159.8
39246.9
39334.3
39402.4
31064.6
31087.3
31116.1
31153
31202.7
31271.6
31366
31490.4
31646.1
31829.7
32032.9
32243.3
32445.4
32622.5
32759.3
32843.4
32866.8
32827.4
32728.2
32577.7
32388.3
32175
31953.7
31739.7
31545.6
31381
31250.9
31156.2
31093.9
31058.5
31045.4
31049.9
25036
25081.8
25166.2
25283.4
25426.3
25587.8
25761.4
25942
26124.9
26305.9
26480.2
26642.2
26785.8
26904.4
26991.8
27042.9
27054.4
27025.4
26957.4
26854
26720.2
26562
26385.3
26196.2
26000.4
25804.1
25614
25437.8
25284.2
25161.2
25075.8
25033.8
39416.2
39387.3
39319.8
39232.1
39149.5
39099.6
39106.1
39184.7
39339.9
39564.2
39838.9
40136.8
40426.4
40675.5
40856.4
40948.4
40941
40834.6
40640.1
40378.2
40076.2
39765.7
39478.2
39241.6
39076
38990.9
38983.5
39039.2
39134.1
39240.2
39334.5
39398.3
31009.6
31044.7
31086.1
31136.7
31201.8
31288.3
31402.8
31549.1
31727.3
31932
32152.5
32374
32578.8
32749.2
32869.5
32928
32918.8
32842.2
32704.4
32517.2
32295.6
32056.8
31818.1
31594.8
31399.3
31239.3
31118.4
31035.6
30986.5
30964.6
30964.8
30982.3
24954.7
25034.6
25153.2
25302.3
25472.8
25656.6
25847.3
26040.4
26232.2
26419.1
26596.4
26758.6
26898.7
27009.4
27084.1
27117.8
27107.8
27054.2
26959.9
26829.9
26670.3
26487.8
26288.7
26079.3
25865.7
25654.5
25453.6
25272
25119.9
25006.4
24938.7
24921.8
39386.6
39344.6
39264.8
39170.3
39089.9
39053
39083.5
39194.6
39386.9
39647.9
39953.7
40272.5
40569.3
40810.2
40967.6
41022.9
40969.2
40811.5
40565.9
40258.2
39920.3
39587.2
39292.2
39063.2
38917.9
38861.9
38887.3
38974.2
39094.3
39216.7
39317.4
39378.5
30943.4
30993
31049.2
31115.2
31196.7
31301.3
31435.5
31603
31802.7
32027.3
32264.1
32495.9
32703.2
32866.9
32971.2
33005.2
32965
32853.3
32679.5
32457.9
32206.3
31943.5
31687.8
31454.6
31255.6
31097.3
30982
30907.4
30868.6
30858.3
30871.1
30902.2
24863.8
24977.5
25130
25310.2
25507.3
25712.6
25920
26125.9
26327.4
26521.7
26704.2
26868.8
27007.7
27112.7
27176.8
27194.7
27164.7
27088
26968.7
26813.1
26628.2
26421.2
26198.8
25967.3
25733.3
25504.5
25289.8
25100.4
24948
24842.8
24792.2
24800.2
39355.5
39305.3
39217.9
39119.6
39042.5
39017.9
39069.3
39208.2
39431.8
39723.2
40053.8
40387.9
40687.3
40917.3
41050.4
41070.6
40974.2
40770.7
40480.8
40134.7
39767.8
39417.8
39118.9
38898.3
38771.6
38740.6
38793.3
38906
39047.1
39183.9
39291.5
39352.8
30881.7
30950.7
31025.5
31108.9
31207.3
31328.8
31480.6
31666.3
31884.1
32125.3
32375
32614
32820.7
32975.2
33061.5
33069.8
32998.3
32852.3
32643.8
32389.8
32109.8
31824.2
31551.7
31307.7
31103.2
30944.3
30832.3
30765
30736.8
30740.7
30770.5
30820.7
24781.5
24933.9
25123.3
25336
25559.6
25785.1
26007.5
26224.4
26434.4
26634.9
26821.5
26987.1
27122.7
27219.5
27269.8
27268.8
27215.7
27113.1
26966.5
26783.3
26571.2
26337.8
26090
25834.4
25578.3
25330.8
25103
24907.8
24759.1
24668
24641.1
24681
39338.8
39283.8
39190
39087.1
39010.5
38993.3
39059.4
39219.2
39466.9
39781.7
40131
40475.4
40774.6
40992.6
41103.3
41092.5
40960.3
40719.6
40395
40019.7
39631.9
39270.6
38970.5
38757.8
38646.2
38635
38709.6
38843.5
39003.2
39154.4
39271.5
39337.2
30850.5
30944.2
31039.6
31139.4
31251.2
31384.6
31548.1
31746
31976
32228.2
32485.6
32726.5
32927.9
33068.9
33133.7
33114.3
33010.7
32830.8
32589.2
32304.6
31998
31690.6
31401.4
31146
30935.3
30775.5
30668.5
30612
30600.9
30627.2
30683.5
30762
24740.3
24937.4
25166.1
25410.2
25656.8
25897.7
26129.9
26352.7
26566.3
26768.5
26954.2
27115.3
27241.7
27323.5
27353.1
27326.7
27244.7
27111.2
26933.3
26719.3
26477.4
26215.4
25940.6
25660.5
25383.6
25121.1
24886.5
24695.1
24562
24498.4
24509.1
24593.2
39349.2
39288.8
39186.5
39075.4
38994.3
38978.7
39053.1
39226.9
39491.7
39823.2
40185.2
40535.4
40831.6
41037.9
41129.1
41093.6
40934.2
40666.7
40318.3
39924.2
39523.8
39156.7
38857.8
38652.5
38553.2
38557.8
38650.3
38803
38980.5
39147.2
39275.6
39347.6
30872.6
30989.5
31100.6
31209.9
31327
31463.9
31631
31833.7
32069.3
32326.1
32585.1
32822.4
33013.5
33137.1
33178.3
33130.6
32996.4
32785.8
32514.9
32203.8
31874.5
31548.5
31245.4
30981.1
30767.3
30611.1
30515
30477.5
30492.7
30550.9
30641.8
30754.4
24768.8
25008.8
25270.6
25537.4
25797
26043.7
26276.7
26497.9
26708.3
26906
27084.6
27234.7
27345
27405.2
27408.3
27351.7
27237.4
27071.1
26861
26616.2
26345.3
26056.5
25757.9
25458
25167.7
24900.3
24671.9
24499.2
24397.4
24376.1
24436.1
24572.3
39383.6
39313.9
39200.3
39079.4
38993.1
38978
39058.8
39242.8
39518.9
39859.9
40226.7
40575.3
40863.3
41055.6
41129.1
41074.6
40897
40614.1
40254.2
39853.2
39451
39086.7
38794.8
38599.7
38513.4
38532.7
38640.9
38809.1
39000.9
39178.6
39313.5
39386.8
30950.3
31078.5
31193.1
31300.8
31413.7
31546.5
31711.2
31913.1
32148.5
32403.8
32657.9
32885.4
33061.2
33164.6
33182.2
33109.4
32950.5
32717.1
32426.3
32098.7
31756.7
31422
31114.6
30851
30643.8
30500.7
30424.5
30413.3
30459.6
30550.8
30673.2
30812.7
24873.9
25139.9
25416.6
25688.8
25946.3
26186.6
26411.2
26623.5
26824.8
27012.2
27178.2
27311.9
27401.6
27437.4
27413.1
27327.9
27185.1
26991.8
26756.8
26489.5
26199.2
25894.4
25584.2
25278.6
24990.4
24734.8
24528.7
24388.8
24328.5
24354
24461.5
24641.5
39421.9
39340.5
39218.3
39094.4
39010.8
39003.2
39093.4
39285.8
39566.5
39906.1
40264.9
40599.5
40869.4
41042.1
41097.5
41028.8
40842.6
40557.4
40201.6
39810.2
39421.9
39074.6
38800.8
38623.8
38553.8
38587
38705.4
38879.9
39073.4
39247.8
39375
39437.7
31061.1
31181.7
31285.6
31382.3
31486
31612
31771.9
31969.6
32199.3
32445.7
32686.5
32896.6
33051.9
33133.7
33130.9
33040.7
32868.9
32627.6
32334.1
32008.7
31673.3
31349.1
31055.8
30809.8
30623.3
30503.6
30452.7
30466.8
30536.3
30646.3
30780.9
30925.6
25033
25295.5
25561.3
25818
26058.4
26281.8
26491.1
26689.2
26876.6
27049
27197.9
27311.9
27380
27393.5
27348.2
27244.3
27086.5
26882.2
26640.4
26370.5
26081.6
25782.8
25483.5
25194.8
24929.7
24703.5
24531.9
24429.4
24406.3
24465
24598.3
24794.6
39444.8
39357.2
39238.2
39125.7
39058.2
39066.7
39168.4
39363.7
39637
39959
40292.3
40597.3
40837.8
40985.8
41024.5
40949.4
40767.8
40497.8
40166
39805.1
39450.4
39136.7
38893.2
38740.4
38686.5
38726.4
38841.9
39004.6
39179.4
39330.7
39433.8
39475.4
31170
31267.7
31352.3
31434.8
31529.2
31648.9
31802.6
31991.5
32207.8
32435.6
32653.8
32839.3
32971.3
33034.2
33019.4
32925.8
32759.6
32532.3
32260.2
31962
31657.7
31367.1
31108.1
30895.3
30739.4
30645.9
30614.6
30640.4
30712.5
30815.6
30934.8
31058.5
25201.7
25430.9
25662.2
25886.6
26099
26298.9
26488.4
26668.8
26838.5
26992.2
27121.3
27215.8
27266.4
27266.6
27213.8
27109.4
26958.2
26767.1
26544.5
26298.7
26038.4
25771.9
25508.3
25257.8
25032.2
24844.4
24707.4
24632.4
24626.5
24690.1
24815.3
24992
39454.9
39374.3
39273.3
39184.8
39140.7
39165.4
39271
39455.5
39703.6
39989.6
40281.3
40545.5
40751.9
40877.5
40908.7
40842
40684.1
40450.6
40164.3
39853.2
39547.8
39277.7
39067.9
38935.8
38887.9
38918.9
39012.5
39143.8
39282.2
39397.5
39470.3
39492.1
31252.4
31322.2
31386.6
31455.7
31541.1
31652.5
31795.1
31967.5
32161.4
32362.4
32552.3
32712.3
32825.5
32879.8
32868.4
32790.9
32652.3
32462.5
32234.9
31985.4
31731
31488.4
31272.6
31096.1
30967.1
30889.4
30861.8
30878.8
30930.5
31004.1
31087.9
31174.8
25335.7
25513.2
25697.1
25880.8
26059.7
26232.8
26399.8
26559.9
26710.2
26845.3
26957.7
27039.5
27083.8
27086.1
27045.1
26962
26840.6
26686.6
26506.3
26306.7
26094.5
25877
25661.6
25456.7
25271.5
25116.3
25000.7
24933.3
24919.5
24959.7
25047.9
25177.8
39468.1
39405.9
39330.4
39267.2
39241.2
39270.6
39364.4
39520.5
39727.2
39964.5
40207.6
40430.4
40608.9
40724.1
40764.1
40724.9
40610.4
40431.7
40206.1
39955.4
39703.9
39475.9
39292.4
39168.5
39110.8
39116.4
39173.2
39261.8
39358
39437.8
39486.7
39499.4
31301.3
31346.1
31392.2
31447.9
31521.3
31619
31743.6
31892.9
32059.7
32232.6
32397.4
32539.7
32646.4
32707.4
32716.9
32673.6
32580.1
32443.2
32272.5
32080
31879
31682.8
31504
31352.8
31236.3
31157.9
31117
31109.5
31128
31162.9
31206.7
31255.9
25410.9
25532.5
25666.6
25808.3
25953.1
26098.8
26243.7
26385.4
26520.4
26643.7
26749.5
26831.7
26885.3
26906.9
26895
26849.8
26773.5
26669.2
26541.1
26393.9
26232.7
26063
25890.7
25722.3
25565.1
25426.9
25315.4
25237.4
25198.2
25199.4
25237.8
25311.2
39486.7
39445.6
39393.2
39347.8
39328.3
39348.9
39417.4
39534.2
39692.4
39879.1
40076.7
40266
40427.9
40546.4
40609.8
40612
40553
40438.1
40278.3
40088.6
39887.3
39693.7
39525.9
39398.4
39319.6
39290.5
39304.8
39349.4
39406.7
39458
39492.2
39505.1
31318.2
31341.4
31370.3
31411
31469.2
31549.4
31653.2
31779.1
31921.6
32072.6
32221.7
32357.8
32470.4
32550.5
32592.2
32592.1
32550.1
32469.1
32354.7
32215.1
32059.8
31899.5
31744.8
31605
31487.2
31395.9
31332
31293.9
31277
31274.8
31282.8
31299.8
25427.8
25497.2
25584.9
25687.5
25801.3
25923.5
26051.4
26181.7
26310.8
26433.7
26545.6
26641.4
26716.7
26768.3
26793.8
26792.1
26763
26707.5
26627.6
26526
26406.4
26272.8
26130
25983.7
25839.8
25704.7
25585.2
25487.3
25416.5
25375.8
25364.3
25383.3
39499.3
39476.4
39440.9
39405.5
39384.4
39389.1
39427.8
39504.1
39616.3
39757.8
39917.8
40082.8
40237.5
40367.7
40461.3
40509.6
40508
40456.4
40359.3
40225.6
40067.9
39901.5
39742.3
39605.1
39500.8
39435.2
39407.7
39411.7
39435.3
39463.8
39488.4
39504.6
31313.8
31316.8
31328
31352.1
31393.6
31455.8
31540.4
31646.4
31770.7
31907.4
32049.1
32187
32312.2
32416.4
32492.6
32535.6
32542.6
32512.8
32448.4
32353.7
32235.3
32101.8
31962.2
31825.7
31700.2
31591.6
31503.1
31435.4
31386.5
31352.1
31329.5
31319.2
25412.8
25434.6
25479.7
25546.7
25633
25735.8
25852
25977.7
26108.6
26239.5
26365.4
26481.4
26583
26666.6
26728.8
26767.2
26780.1
26766.5
26726.5
26661.4
26573.5
26466
26343.2
26209.8
26071.3
25933.6
25802.6
25684
25583.2
25504.3
25448
25418.2
39498.7
39490.5
39467.5
39437.8
39411.8
39399.6
39410.3
39450.4
39523.1
39627.4
39758.3
39906.5
40060.2
40206
40330.8
40423.4
40475.1
40480.7
40439
40353.5
40231.9
40086.2
39930.8
39781.1
39650.8
39550.1
39483.9
39451.5
39445.7
39455.3
39472.6
39492.5
31309.6
31292.8
31285.3
31291.1
31314.1
31357.4
31423
31511.1
31620.2
31746.3
31884.1
32026.5
32165.5
32293
32401.1
32483.1
32533.5
32548.8
32527.8
32471.8
32384.8
32273.3
32145.6
32010.7
31877.6
31753.7
31644.4
31552.3
31477.5
31417.1
31369.6
31336.2
25406.9
25384.8
25389.1
25421
25479.2
25561.8
25665.8
25786.9
25920
26059.3
26199.2
26334.4
26460
26571.7
26665.6
26738.3
26786.7
26808.7
26802.8
26769
26708.6
26624.1
26518.8
26397.4
26264.9
26126.6
25988
25854.3
25730.7
25621.4
25528.2
25456.5
39484.9
39490
39477.8
39452.3
39421.2
39393.4
39379.1
39387.8
39427.1
39501.3
39609.9
39747.6
39904.6
40068.1
40223.9
40357.9
40457.6
40513.3
40518.9
40473.1
40380
40248.7
40092.6
39928
39771.3
39636.8
39534.8
39469.3
39437.6
39431.1
39443.2
39467.7
31320
31286.2
31260.7
31247.5
31250.3
31272.7
31317.5
31386.3
31479.1
31594.1
31727.3
31873
32023.9
32171.7
32307.8
32423.8
32512.1
32566.7
32583.5
32561.3
32501.9
32410
32293.1
32160.5
32022
31886.6
31761.6
31651.6
31558.1
31479.3
31413.9
31363.5
25434.1
25373.6
25339.9
25336.5
25364.3
25422.7
25509.4
25620.4
25749.9
25892
26040.1
26188.5
26331.9
26465.4
26584.6
26685.2
26763.5
26816
26840.4
26835.4
26801.3
26739.5
26653.1
26546.1
26423.3
26289.7
26150.4
26009.9
25873.1
25743.9
25624.1
25520.2
39457.2
39475.4
39474.1
39453.5
39418.7
39378
39342.4
39324.3
39335.6
39384.9
39476.1
39607.3
39770.3
39952.6
40138.3
40310.8
40453.9
40553.6
40599.6
40586.6
40515.5
40393.3
40233
40051.6
39868.3
39701.2
39565.1
39468.8
39413.1
39392.2
39399.9
39429.1
31334.2
31288.4
31249.2
31220
31204.8
31207.5
31232.1
31281.7
31358
31460.9
31588.3
31735.4
31895.5
32060.2
32220
32365
32485.8
32573.9
32622.9
32629.4
32593
32517.3
32409
32277.7
32134.1
31988.9
31851
31726.9
31619.5
31527.6
31450.4
31388.8
25476.7
25386.4
25321.5
25287.8
25287.7
25322.3
25390.4
25488.2
25610.3
25750.2
25901.2
26056.9
26211.9
26360.8
26498.8
26621.3
26723.6
26801.4
26851.4
26871.3
26860.1
26818.9
26749.8
26656.8
26544.2
26417.2
26280.3
26138
25994.5
25853.4
25716.2
25589.8
39417.7
39446.5
39454.6
39438.9
39402.4
39352.4
39300.6
39261.8
39251.1
39281.1
39359.4
39486.9
39656.8
39856.7
40069.3
40275.6
40456
40593
40672.6
40686.1
40631.9
40515.5
40349.6
40152.2
39944.8
39748.8
39582.6
39458.8
39381.5
39346.8
39349.4
39381.3
31324.1
31270.3
31222.4
31183.3
31156.7
31146.9
31158.4
31195.4
31261
31356.5
31481.1
31631
31799.9
31979.5
32159.4
32328.6
32475.8
32590.7
32664.8
32692.6
32672.4
32606.6
32501.8
32367.9
32216.5
32059.7
31908.2
31769.9
31648.9
31545
31457.3
31386.8
25486.2
25374.5
25288
25233.9
25216
25236.3
25294.1
25385.9
25506
25647.5
25803.4
25966.9
26132.2
26294
26447.2
26586.6
26707.1
26803.6
26871.9
26908.8
26912.8
26884
26824.6
26738.2
26629.6
26503.6
26365.1
26218.2
26067
25914.8
25763.2
25619.3
39373.7
39406.5
39418.8
39405.5
39367.8
39312.3
39250.8
39199
39174.3
39192
39262.5
39388.6
39564.9
39778.8
40012.2
40244
40452.6
40617.4
40721.8
40754.9
40713.2
40601.3
40431.7
40223.5
39999.5
39783.4
39595.9
39452
39357.8
39310.6
39306
39335.6
31266.1
31204.3
31150.5
31107.3
31078.2
31067.2
31078.6
31116.4
31184.1
31283.4
31414
31572.8
31753.9
31948.6
32146.2
32334.7
32501.5
32634.7
32724.5
32764.1
32750.7
32686.5
32578.2
32436
32272.8
32101.6
31934.2
31779.4
31642.2
31523
31421.5
31338.9
25418.9
25290.8
25191.3
25128.7
25107.4
25129.5
25194
25296.3
25429.8
25586.5
25758.3
25937.9
26119.2
26296.5
26464.8
26618.5
26752.1
26860
26937.2
26980.1
26986.9
26957.7
26895
26802.8
26686.1
26550.1
26399.9
26239.4
26072.8
25903.5
25733.4
25570.4
39329
39357.1
39367
39352.8
39315
39258.9
39195.2
39139.7
39110.1
39123
39190.2
39315.9
39495.6
39717.1
39961.9
40208.2
40433
40614.4
40734.3
40780.6
40748.8
40643
40475.6
40265.8
40036.9
39813
39615.5
39460.1
39353.6
39294.2
39278.2
39298.3
31164.2
31091.7
31032.4
30989.3
30965.8
30964.7
30989
31041.4
31124.2
31238.5
31383.7
31556.9
31752.3
31961.2
32172.8
32374.6
32553.4
32696.6
32793.4
32836.5
32822.9
32754.9
32639.3
32487.1
32311.4
32125.6
31941.9
31769.2
31612.9
31473.9
31352.8
31252.2
25280.2
25137.5
25030.5
24968.6
24956.3
24995.1
25082.2
25211.2
25373.1
25558
25756.5
25960.4
26162.9
26358.6
26542.1
26708
26850.3
26963.2
27041.6
27081.5
27081.5
27042
26966.1
26858.5
26724.5
26569.9
26399.2
26216.8
26026.7
25832.8
25638
25451.7
39287.6
39305.1
39308.4
39292.1
39255.8
39203.4
39144.2
39092.2
39064.7
39078.3
39145
39270
39449.6
39671.8
39918.7
40168.5
40398.3
40586.2
40713.7
40768.5
40745.9
40649.4
40490.9
40289
40065.9
39844.8
39646.3
39485.6
39369.5
39297
39265.9
39270.7
31062.4
30977.1
30911.3
30868.9
30852.8
30864.7
30905.9
30976.9
31078.4
31210.1
31371
31557.6
31764.4
31983
32202.6
32411
32595.1
32742
32841.2
32885.2
32871.2
32801.3
32682.6
32525.7
32343.4
32148.7
31953.2
31765.6
31591.2
31431.9
31289.3
31168.1
25139.9
24983.5
24870.4
24810.9
24809.6
24867
24978.6
25135.6
25326.7
25540
25764.5
25991.1
26212.9
26424.2
26619.7
26794.3
26942
27057.1
27134.4
27170.4
27163.6
27115
27027.8
26906.9
26757.9
26586.2
26396.5
26192.7
25979.1
25760.5
25540.7
25331.1
39266.1
39272.3
39267.8
39247.7
39211.4
39161.9
39107.1
39060
39036.6
39053
39121.3
39246.3
39424.4
39644.1
39887.8
40134.4
40361.6
40548.4
40677.3
40736.2
40720.7
40634.2
40487.7
40298.4
40087
39874.8
39681.2
39520.2
39398.7
39316.3
39272.1
39262.8
31022.5
30924.8
30849.9
30802.4
30785.6
30800.6
30847.9
30927.2
31037.7
31178.5
31347.7
31541.5
31753.9
31976.5
32198.8
32408.9
32594
32742.2
32843.1
32889.9
32879.9
32815
32701.9
32550.3
32372.2
32179.3
31982.5
31789.9
31606.8
31435.5
31278.8
31142.6
25088.8
24919.8
24797.1
24731.8
24729
24789.2
24907.5
25074.3
25277.4
25503.5
25740.7
25979.3
26211.5
26431.5
26634.1
26814.1
26965.9
27084
27163.8
27201.8
27196.7
27149.5
27063.1
26942.1
26791.4
26616.1
26420.5
26208.4
25984.1
25752.7
25518.7
25294.3
39279.5
39277.7
39266
39240.4
39200.5
39149.2
39094
39047.4
39025.2
39042.8
39111.8
39236.5
39412.8
39628.9
39867.5
40107.8
40328.8
40510.6
40636.8
40696.6
40685.9
40608.2
40473.7
40298.2
40100.6
39900.4
39715.5
39559.2
39438.1
39352.2
39301.8
39284.6
31071.8
30965.4
30879.7
30820.2
30790.6
30793.2
30829.2
30898.8
31001.9
31137.4
31303.2
31494.9
31705.9
31927.3
32148.6
32357.7
32542.6
32691.9
32796.3
32849.2
32848.3
32795.3
32696
32559.3
32395.6
32215.8
32029.6
31844.8
31666.4
31496.7
31338.6
31198.5
25161.8
24984
24848.2
24766.6
24745.2
24785.9
24885.6
25036.1
25225.9
25442.4
25673.4
25908.6
26139.9
26360.6
26565.2
26748.2
26904.2
27028
27115.3
27162.9
27169.5
27135.7
27063.8
26957.5
26821
26658.8
26474.7
26272.2
26055.6
25829.4
25597.7
25372.3
39323.8
39317.2
39300.7
39270.4
39226.4
39171.2
39112.3
39062.2
39036.3
39050.2
39114.8
39234.4
39404.5
39613.2
39843.3
40074.9
40287.8
40463.4
40586.6
40647.6
40642.9
40575.6
40455.3
40296.1
40115.1
39930.1
39757.2
39609
39492
39406.7
39354.2
39333.4
31182.2
31073.1
30979.7
30907.5
30861
30843.5
30857.6
30905.4
30988
31105.4
31256
31435.3
31636.5
31850.3
32065.6
32270.8
32454.1
32604.6
32713.5
32775
32786.6
32749.8
32669.6
32553.4
32410.7
32251.1
32083.3
31914.6
31750
31591.5
31442
31307.3
25315.4
25136.1
24990.8
24891.3
24844.7
24854.8
24920.9
25037.5
25195.8
25384.8
25593.4
25811.5
26030.5
26243.4
26443.9
26626.2
26784.9
26914.9
27011.9
27072.9
27096.3
27082.2
27032.2
26949
26836.1
26697.1
26535.5
26354.6
26158.1
25950.3
25734.1
25520.1
39382.8
39371.8
39351.9
39319.1
39273.2
39216.2
39154.7
39100.5
39068.8
39074.6
39129.2
39237
39393.8
39588.5
39804.6
40023.3
40225.6
40394.2
40515.3
40579.6
40584.1
40531.6
40430.3
40292.6
40133.4
39968.1
39810.9
39673.2
39561.5
39477.1
39422.1
39397
31308.6
31202.5
31107.3
31028.1
30969
30933.8
30926.4
30950
31007.5
31100.4
31228.1
31386.7
31569.9
31768.5
31971.7
32167.8
32345.5
32494.6
32606.7
32676.2
32700.8
32681.5
32622.1
32529.2
32410.6
32274.4
32128.4
31979.4
31832
31688.4
31551.4
31426.7
25486.9
25315.2
25168.9
25059.1
24992.5
24974.5
25006.4
25085.8
25206.5
25360
25537.2
25728.8
25926.6
26123.4
26312.8
26488.5
26645.1
26777.3
26881
26953.2
26992.1
26997.3
26969.5
26910.6
26823.2
26710.3
26574.7
26419.6
26248.6
26065.2
25871.7
25677.1
39438.9
39422.4
39399.2
39365.5
39320.5
39265
39204.3
39148.7
39112.3
39109.7
39152
39244.2
39383.1
39558.6
39755.9
39957.6
40146.2
40305.8
40423.8
40491.9
40507.1
40471.6
40392.4
40279.9
40146.4
40004.4
39865.8
39740.7
39634.9
39550.6
39491.4
39459.8
31426.4
31326.4
31233.8
31152.7
31086.8
31039.6
31015.3
31018
31051.7
31119.2
31221.1
31354.9
31514.9
31692.6
31878
32059.9
32227.6
32371.4
32483.6
32558.8
32594.8
32592
32553.6
32484.6
32391.3
32280.1
32157.7
32029.8
31900.7
31772.9
31649.2
31535.6
25646.9
25488.7
25348.5
25235.7
25156.8
25117.3
25120.4
25165.6
25249.7
25366.6
25509.2
25669.9
25841.2
26016.3
26188.7
26352.3
26501.4
26631
26736.9
26816.2
26867
26888.4
26880.7
26844.7
26782.3
26695.5
26586.7
26458.7
26314.5
26157.7
25989.5
25818
39477.7
39455.4
39429.2
39396
39354.3
39303.7
39247.6
39194.6
39157.1
39148.6
39180.1
39256.9
39376.9
39531.6
39707.6
39889.5
40061.4
40209.1
40321.3
40390.4
40413.9
40393.6
40335.2
40247.3
40139.5
40021.6
39902.9
39791.4
39692.4
39608.5
39544.9
39506.1
31524.7
31430.3
31341
31260
31190.6
31135.6
31099
31085.2
31098.8
31143.6
31221.3
31330.4
31466.4
31621.9
31787.5
31953
32108.4
32244.6
32354.5
32433.3
32478.5
32490.6
32471.6
32425.6
32357
32270.9
32172.1
32065.3
31954.3
31841.4
31729.9
31626
25785.6
25640.8
25507.7
25394.5
25306.9
25250.6
25229.7
25245.5
25296.8
25379.9
25489.6
25619.8
25764.3
25916.7
26070.8
26220.7
26360.7
26485.8
26592
26676.3
26736.8
26772.4
26782.7
26768.1
26729.4
26667.9
26585.1
26483.2
26364.9
26233
26088.5
25938.4
39490.5
39463.3
39435.4
39404.3
39368.2
39325.2
39277.1
39230.4
39195.4
39184.6
39208.2
39271.8
39374.1
39508
39662
39822.2
39974.8
40107.2
40209.6
40275.7
40303.3
40294.2
40253.2
40187.1
40103.1
40008.1
39908.8
39811.2
39719.8
39637.4
39570.4
39525.4
31586.7
31496.1
31409.2
31329.3
31258.8
31200.2
31156.7
31132.6
31132.7
31161.2
31220.3
31309.6
31425.3
31561.1
31708.5
31858.1
32000.7
32128.1
32233.7
32313.1
32364.4
32387.7
32384.6
32357.9
32310.8
32246.6
32168.5
32079.9
31984
31883
31780.4
31683.1
25880.7
25745.6
25617.9
25504.9
25411.5
25343.6
25305.5
25299.8
25326.8
25384.2
25468.6
25575
25698.1
25832.1
25971.2
26109.5
26241.4
26362
26467.5
26554.8
26622.3
26668.5
26693
26695.4
26675.9
26635
26573.5
26492.6
26394.5
26281.7
26154.8
26020.4
39472.4
39441.7
39413.5
39385.7
39356.5
39322.9
39284.9
39246.9
39217.4
39207.2
39225.8
39278.5
39364.6
39478.1
39609.3
39746.2
39877
39991.3
40080.9
40140.9
40169.8
40169.3
40143.4
40096.9
40034.7
39961
39879.9
39795.7
39711.8
39631.5
39562.3
39512.5
31592.6
31504.9
31421.4
31345.1
31278.1
31222.1
31179.8
31154.8
31151.2
31173
31222.7
31299.9
31401.6
31522
31653.3
31787.2
31915.5
32031
32128
32203.1
32254.7
32283
32289.4
32275.8
32243.9
32195.5
32132.3
32056.6
31970.8
31877.1
31779.7
31686
25903
25775.6
25654
25544.7
25452.3
25382.3
25339.1
25325.5
25342.3
25388.2
25460.3
25554.2
25664.9
25787.2
25915.3
26043.6
26166.6
26279.8
26379.6
26463.7
26530.5
26579.1
26608.8
26619.1
26609.7
26580.2
26530.9
26462.3
26376.2
26274.7
26158.3
26033.7
39413.6
39381.9
39355.7
39333.5
39312.9
39290.1
39263.4
39235.4
39212.6
39204.1
39218.5
39260.6
39330.4
39423.1
39530.6
39643.2
39751.5
39847.3
39924.2
39978.5
40009.2
40017.4
40005.9
39977.4
39934.2
39878.4
39812
39738
39659.6
39580.5
39509.6
39456.6
31533
31450.4
31373.8
31306.2
31249.2
31203.8
31171.7
31155.2
31157.6
31182
31230.2
31301.8
31393.8
31501
31616.6
31733.2
31844.1
31943.4
32026.8
32092
32137.9
32165.1
32174.4
32166.8
32142.9
32103.1
32048
31979
31898.2
31808.3
31713.7
31622.8
25844.3
25726.5
25615.3
25516.8
25435.1
25375
25340.5
25333.9
25355.7
25404.4
25476.7
25568.3
25674.1
25788.9
25907.1
26023.4
26133
26232.1
26318.2
26389.6
26445.6
26486
26510.3
26518.1
26508.5
26480.9
26434.8
26370.5
26289.3
26193.5
26083.7
25966.5
39295.4
39268.7
39250.5
39239
39231.1
39221.4
39206.6
39187.3
39168.7
39158.6
39165.1
39193.1
39243.6
39313.5
39396.9
39486.7
39575.9
39658
39728
39782.4
39819.6
39839.2
39841.8
39827.9
39797.8
39752.1
39692.2
39621.1
39542.8
39462.3
39389.9
39336.5
31411.8
31340
31276.7
31224.6
31184.4
31156.1
31139.9
31136.9
31149.1
31178.7
31226.8
31292.9
31374.4
31466.8
31564.4
31661.5
31752.8
31834.1
31902.3
31955.8
31994
32017.1
32025.3
32018.5
31996.4
31958.5
31905.1
31837.5
31758.2
31670.2
31579.1
31493.7
25723.6
25620.7
25526.3
25446.3
25383.7
25342.7
25326.2
25335.6
25370.5
25428.5
25506
25598.2
25699.8
25805.8
25910.9
26010.7
26101.2
26179.9
26245.2
26297
26335.3
26360.5
26372.5
26371
26355
26323.5
26275.9
26212.1
26133.8
26043
25940.6
25833.4
39098.2
39084.6
39082.6
39088.8
39098
39103
39098.3
39083.3
39062
39042.4
39032.7
39039.6
39066
39111.4
39172.5
39244.9
39323.3
39402.3
39476.6
39541.3
39592.5
39627.1
39642.8
39638
39612.1
39565.4
39500.6
39422.6
39337.6
39252.6
39179.6
39130.4
31236.5
31182.5
31139.3
31108.5
31089.3
31080.1
31079.8
31088.3
31106.6
31136.3
31178.7
31233.7
31299.6
31373.1
31450.5
31527.4
31600.1
31665.6
31721.5
31766.2
31798.7
31818.1
31823.7
31814.7
31790.1
31749.5
31693.7
31624.7
31546.2
31461.9
31378
31303.7
25566.7
25484.6
25412.6
25355.4
25315.6
25296
25298.5
25323.8
25370.3
25435.3
25514.4
25602.9
25695.6
25787.7
25874.9
25953.4
26020.6
26075
26116.5
26145.8
26164
26172
26170.1
26158
26134.8
26099.6
26051.6
25991
25919.2
25838.3
25749
25657.9
38798.6
38805.8
38826.9
38855.8
38884.3
38902.6
38903.5
38885.1
38851.7
38812.2
38777
38755.4
38753.9
38775.3
38819.4
38883.6
38963.6
39053.3
39145.4
39231.6
39304.1
39356.1
39382.2
39379.6
39347.5
39288.5
39207.9
39114.4
39017.4
38926.5
38855
38814.9
31006.6
30974.9
30954.7
30945.7
30945.6
30951.4
30960.5
30972.2
30987.3
31007.8
31035.9
31072.6
31118
31170.7
31228.4
31288.3
31347.6
31403.6
31453.6
31495.1
31525.8
31543.9
31547.5
31535.3
31506.7
31462.2
31403.5
31334.3
31259.2
31182.8
31111.3
31053.7
25388.9
25329.3
25279
25242.1
25220.2
25215.6
25229.5
25262.1
25311.6
25375.1
25448.3
25526.5
25604.9
25679.4
25746
25802
25845.7
25876.6
25895.4
25903.9
25903.8
25897
25884.1
25865.3
25840
25807.2
25766.1
25716.5
25659.4
25596.2
25527
25457.5
38351.2
38382.8
38430
38483.1
38530.5
38559.5
38560.7
38532
38478.3
38410.5
38342.8
38288.7
38259
38260.5
38295.7
38363.5
38458.8
38573
38694.9
38811.6
38910.1
38979.5
39012
39004.2
38957.1
38876.3
38771.8
38656.5
38543.7
38445.6
38376.5
38348.1
30704.1
30691.6
30689.1
30694.7
30704.7
30714.6
30721.5
30724.5
30725
30726.3
30732.2
30746
30769.7
30803.6
30847
30897.7
30952.7
31008.7
31061.6
31107.5
31142.6
31163.8
31168.9
31156.7
31127.3
31082.4
31025.2
30960.2
30892.9
30828.2
30771.9
30732
25190
25145.2
25105.8
25075.8
25056.9
25051.4
25060.9
25085.9
25125.2
25176.3
25235.4
25298.2
25360.4
25417.7
25466.6
25504.7
25530.3
25543.7
25546.3
25540.6
25529.6
25515.9
25501.3
25486.6
25471.1
25453.5
25432.1
25405.3
25372.6
25334.1
25288.4
25240.3
37666.3
37718.8
37790
37866.1
37931.5
37969.8
37969.4
37927.3
37849.5
37750
37647.4
37560.6
37505.9
37494.2
37530.8
37614.6
37738.7
37890.6
38054
38209.9
38340.2
38429.6
38468.1
38452.2
38385
38276.1
38140.3
37995.3
37858.8
37745.7
37671.9
37648.9
30273.9
30269.3
30272.2
30279.3
30286
30287
30278.9
30261.2
30236.7
30210.6
30189.1
30178.1
30181.9
30202.7
30240.1
30291.9
30354
30421.4
30488.4
30549
30598.3
30632.2
30648
30644.9
30623.5
30586.1
30536.5
30480
30422
30367.4
30321.6
30292.1
24939.2
24893
24845.6
24802.2
24765.2
24738.1
24723.8
24723.8
24738.2
24765.8
24803.7
24848
24894.4
24938.4
24975.9
25003.9
25020.5
25026
25022.5
25013.7
25004.1
24997.8
24997.6
25004.4
25017
25032.3
25046.2
25054.5
25054.2
25043
25018.2
24983.6
36611.3
36667.7
36750.7
36842.2
36921.3
36967.1
36964.5
36908.9
36807.2
36676.9
36541.6
36426.9
36354.9
36341.2
36393.1
36509
36679
36885.9
37107.4
37318.6
37495.7
37618.5
37674.2
37658.1
37574.5
37435.9
37261.2
37073.1
36894.2
36744
36641.6
36600.3
29610.9
29598.6
29592.5
29588.7
29581
29563.1
29531.1
29485
29429
29370.9
29320
29285.2
29273.4
29287.7
29328.1
29390.9
29470.5
29559.9
29651.6
29738.5
29814.4
29874.6
29915.5
29935.5
29934.4
29913.6
29876.6
29828
29773.8
29719.3
29670.5
29635.7
24554.8
24492.8
24422.2
24349.5
24278.9
24215
24162.4
24124.2
24102.7
24098.4
24109.9
24134.1
24166.1
24200.6
24231.8
24255.1
24268.1
24271.1
24267.6
24263.3
24265.1
24278.9
24308.5
24354
24412.3
24476.9
24539.8
24592.8
24629.3
24645
24635.9
24605.5
35041.7
35061.4
35121.6
35201
35273.8
35313.9
35302
35231
35108.3
34954.4
34798.1
34671.1
34601.1
34607.1
34697.2
34867.9
35105.1
35386.7
35684.9
35970
36213.5
36391.5
36487.5
36494.5
36414.8
36260.5
36051.4
35813
35572
35354.1
35184
35081
28575
28532.9
28499.5
28470.5
28438.5
28395.5
28336.6
28261.8
28176.7
28091.9
28019.8
27972.1
27957.1
27978.3
28033.7
28117.4
28221.1
28335.9
28453.7
28567.9
28673.5
28766.5
28843.2
28900.3
28934.7
28944.2
28928.5
28889.9
28833.3
28765
28693.5
28630.1
23907.3
23822.2
23722.1
23615.5
23507.8
23404.8
23312
23234.6
23177.1
23142.5
23131.6
23141.5
23166.4
23198.1
23227.9
23248.3
23255
23249
23236.2
23226.7
23231.9
23261.8
23322.2
23412.7
23526.6
23652.2
23775.2
23881.3
23959.3
24001.8
24004.6
23971.8
32822.1
32757.9
32747.2
32769.1
32795.5
32797
32751.8
32651.8
32505.1
32334.7
32173.7
32057.8
32018.1
32074.8
32233.3
32484.9
32808.7
33176.2
33555.2
33913.6
34222.9
34460
34608.6
34660
34613.4
34476.2
34263.3
33996.9
33703.5
33411.9
33153.2
32954.5
27026.6
26928.5
26842.4
26766.4
26692.9
26612.9
26520.7
26416.8
26308.8
26209.8
26135.4
26099
26108.9
26165.9
26263
26388.3
26527.8
26669
26803.8
26928.8
27044.6
27153.1
27254.9
27347.8
27425.6
27480
27502.8
27488.7
27437.4
27353.7
27248.2
27136.7
22862.2
22748
22614.2
22472.1
22328.7
22190.4
22063.5
21954.8
21871.4
21819.4
21801.5
21815.6
21853.7
21903.2
21949.3
21978.4
21982.2
21960.2
21921.2
21881.4
21861
21878.5
21946
22065.5
22228.2
22415.9
22605.2
22772.6
22898.9
22971.7
22985.7
22946.6
29737.5
29605.6
29529.3
29487.8
29452.6
29395.1
29295.4
29148.1
28963.7
28766.9
28592.5
28478.5
28458.7
28554.7
28770.8
29093
29492.2
29931
30370.5
30776.2
31121.6
31388.6
31566.8
31651.4
31642
31542.1
31359.9
31110
30813.3
30496.8
30193.8
29936
24801.9
24655.7
24522.3
24401.2
24284.9
24164.1
24033.8
23896.1
23761.1
23645.1
23566.7
23542.1
23581.2
23683.8
23838.3
24024.9
24219.8
24402.3
24559.2
24687.9
24794.7
24890.6
24985.8
25084.8
25183.5
25270.4
25329.5
25346.3
25312.3
25227.7
25102.7
24956.2
21242.9
21104.5
20943
20771.6
20598.6
20431.1
20276.4
20143.5
20042.4
19981.8
19966.8
19996.4
20062.4
20149.2
20236.5
20303
20332.4
20318
20266.3
20196.5
20136.1
20114.3
20153.7
20264
20439
20657.8
20889.9
21102.2
21266.7
21364.5
21388.1
21343.8
25308.3
25163
25058.4
24973.3
24882.3
24764
24608.1
24417.3
24205.8
23996
23816.4
23698.1
23671.3
23758.9
23969.8
24294.4
24705.5
25164.1
25627.1
26055.6
26420.2
26702.9
26895.5
26996.7
27009.3
26937.9
26790
26577.1
26316.3
26031.2
25751.7
25506.4
21566.6
21415.4
21275.9
21145.7
21016.2
20878.6
20729.5
20572.6
20419.2
20285.4
20190
20150.9
20181.1
20285.3
20456.2
20674.4
20913.1
21144
21345.7
21507.9
21632.8
21731.7
21818.7
21903.6
21987.9
22063.3
22115.2
22128.2
22091.7
22004.2
21875.9
21725.2
18520.8
18358.1
18177
17990
17804
17624.6
17458.5
17314.6
17203.7
17136.3
17119.5
17155.9
17241.1
17363.2
17503.3
17637.8
17744.2
17806.8
17822.5
17802.4
17769.4
17752.3
17777.1
17859.1
17998.1
18178
18371.5
18546.5
18674.7
18737.1
18726.5
18650.1
19235.1
19135.8
19042.2
18937.8
18810.1
18655.4
18480.5
18299.2
18127.3
17979
17865.7
17798.4
17789.3
17850.5
17990.2
18207.7
18490.2
18813.6
19147
19459.6
19727.3
19935.8
20080.4
20163
20187.9
20159.8
20083.6
19966.2
19818.3
19654.8
19494.7
19353.7
16668.6
16542.1
16419.6
16300.1
16181.2
16062.1
15943.6
15828.1
15719
15622.2
15547.8
15509
15519.2
15587.6
15714.8
15890.4
16094.1
16300.5
16485.7
16634.6
16744.4
16823.4
16885.6
16943.7
17002.7
17058.2
17098.4
17109.8
17082.7
17015
16914.8
16796
13198.3
13069.2
12940.7
12819.8
12709.9
12611.6
12524.2
12445.6
12374.7
12313.5
12269.2
12252.9
12275.2
12341.9
12449.7
12585.2
12727.4
12854
12948.4
13004.9
13031.2
13044.2
13064.3
13107
13177.1
13267.5
13360.9
13436.4
13475.3
13467.1
13411.2
13317.4
14930.4
15153.7
15371.3
15570
15735.1
15853.8
15916.6
15919.1
15861.2
15747.3
15585.4
15386.7
15164
14930.8
14699.2
14478.2
14273
14085.7
13917.2
13769.7
13648.3
13561
13516
13519.1
13570.9
13666.3
13796.4
13951.3
14122.9
14307.1
14503.2
14711.7
6596.44
6813.86
7020.19
7201.21
7348.78
7458.7
7526.97
7547.91
7515.66
7427.86
7288.08
7105.54
6893.43
6667.77
6446.64
6248.37
6087.72
5971.73
5898.13
5857.58
5838.47
5831.21
5830
5832.36
5837.91
5848.05
5866.77
5901.69
5963.48
6062.7
6204.95
6387.3
5766.32
6220.56
6558.07
6766.76
6853.66
6843.98
6773.51
6677.04
6576.84
6476.08
6359.17
6198.48
5965.14
5640.64
5224.84
4737.9
4216.33
3705.03
3247.69
2877.05
2607.61
2434.76
2342.97
2319.17
2362.97
2488.34
2715.67
3058.16
3511.03
4050.31
4637.27
5224.98
)
;

boundaryField
{
    inner_cap_back
    {
        type            calculated;
        value           nonuniform List<scalar> 
96
(
19610.8
19529.7
19435.6
19331
19220.2
19108.1
18999.3
18898.2
18808.9
18735
18679.4
18644.5
18631.6
18641
18672.3
18723.9
18793.4
18877.8
18973.6
19076.9
19183.8
19290.4
19393
19488.1
19572.5
19643
19697.3
19733.3
19749.5
19745.1
19719.7
19674.2
11841.9
11780.5
11708
11627.4
11541.6
11454
11368.1
11287.7
11215.9
11155.9
11110
11080.2
11067.6
11072.7
11095
11133.5
11186.4
11251.2
11325.3
11405.6
11488.9
11572.3
11652.8
11727.6
11794.2
11850.4
11894.4
11924.5
11939.7
11939.2
11921.9
11889.2
15645.3
15550.7
15441.3
15321.4
15195.4
15068.2
14944.9
14830.8
14730.7
14649
14589.2
14553.8
14544.2
14560.7
14602.4
14667.3
14752.3
14853.8
14967.3
15088.1
15211.5
15332.6
15447.4
15551.8
15642.6
15716.9
15772.4
15807.5
15820.8
15810.9
15776.7
15721.4
)
;
    }
    inner_cap_front
    {
        type            calculated;
        value           nonuniform List<scalar> 
96
(
20977.7
21741.7
22442.6
23069.6
23608.6
24040.9
24343.2
24492.6
24473.1
24281.2
23926.9
23428.9
22808.4
22084.5
21275
20399.7
19484.3
18562.7
17675.9
16869.8
16190.6
15679.1
15366.6
15270.4
15392.8
15720.8
16229
16882.6
17642
18466.8
19317.9
20163.7
13031.9
13616.2
14142.2
14603.4
14995.3
15309.8
15534.4
15652.9
15651.6
15524.8
15276.1
14915.5
14454.7
13905.2
13279.4
12594.1
11872.7
11145.5
10447.5
9815.57
9285.02
8886.17
8641.42
8563.34
8653.88
8904.55
9297.61
9807.92
10405.4
11057.8
11732.1
12396.7
17664.4
18468.7
19159.1
19728.1
20175.8
20504.6
20715.6
20806.2
20771
20604
20299.9
19854.3
19264
18530.7
17665.9
16694.6
15655.7
14599.5
13583.4
12666.2
11902.7
11338.6
11006.7
10924.5
11093.3
11499.2
12114.7
12900.8
13810.3
14791.4
15791.8
16761.9
)
;
    }
    lumen
    {
        type            calculated;
        value           nonuniform List<scalar> 
5088
(
13797.9
13785
13776.6
13772.7
13773.5
13779.5
13790.5
13805.9
13825.1
13847
13870.6
13894.8
13918.6
13941.1
13961.3
13978.7
13992.5
14002.5
14008.6
14010.5
14008.5
14002.6
13993.2
13980.4
13964.6
13946.1
13925.4
13903
13879.5
13856.2
13834.7
13814.8
19957.7
19943.9
19939.8
19944.6
19958.4
19981
20010.9
20046.5
20085.6
20126.1
20166
20203.4
20236.7
20264.8
20287.1
20303.3
20313.6
20318.4
20318.1
20313.1
20303.6
20289.7
20271.3
20248.4
20221
20189.6
20154.8
20117.6
20079
20041.9
20009.6
19980.2
27881.1
27889
27910.5
27943.5
27986.9
28040.1
28100.2
28164
28228.2
28289.3
28344.3
28390.5
28425.7
28448.7
28459.1
28457.3
28444.3
28421.7
28391.6
28355.8
28315.9
28273
28228.2
28182.3
28135.9
28089.5
28044.1
28000.7
27960.3
27926.4
27903
27886.2
33737.7
33763.3
33797.1
33836.3
33880
33928.1
33978.4
34027.8
34073.4
34112.2
34141.8
34159.8
34165
34156.9
34135.9
34103.9
34063
34016.4
33967.3
33918.8
33873.2
33832.4
33797.3
33768.5
33745.6
33728.1
33715.2
33706.4
33700.7
33700.7
33709.1
33719.8
37580.5
37609
37641.2
37674.1
37707.5
37742
37776.1
37807.3
37833.1
37851.3
37859.5
37856.4
37840.9
37813.3
37774.8
37727.8
37675.4
37621.3
37569.2
37522.6
37484.1
37455.3
37437
37428.9
37429.8
37437.9
37451.2
37467.8
37485.7
37506.3
37531.9
37554.9
39987.9
40000
40014.7
40029.8
40045.9
40064.6
40085
40105.2
40123.3
40136.9
40144
40142.9
40132.4
40112.5
40084
40048.9
40009.8
39969.9
39932.6
39900.9
39877.1
39862.3
39856.8
39860
39870.2
39885
39902.3
39919.8
39935.2
39949.9
39966.3
39977
41491.2
41478.5
41470.1
41464.9
41464.8
41472.3
41487.1
41507.8
41532.1
41557.3
41580.5
41599
41610.6
41613.8
41608.6
41595.9
41577.6
41556.3
41535.1
41516.6
41503.2
41495.9
41495.1
41499.7
41508.1
41517.7
41526
41530.9
41530
41525.2
41519.3
41505.6
42483.6
42457.7
42436.5
42419.5
42409.2
42408.9
42418.7
42437.5
42463.3
42493
42523.6
42551.8
42574.6
42590.2
42597.5
42597.1
42590.3
42579.4
42567.1
42556.2
42548.6
42545.8
42547.8
42553.9
42562.1
42569.9
42574.8
42574.5
42566.5
42552.9
42536.5
42510.8
43185.8
43165.9
43148.7
43133
43121.2
43116.5
43119.3
43128.7
43143.3
43160.7
43178.4
43193.9
43205.1
43210.3
43209.2
43202.5
43191.5
43178.6
43166.3
43157
43152.6
43154.2
43161.8
43174.4
43190.1
43206.3
43220.3
43229.7
43231.8
43228.4
43221.9
43205.2
43696.8
43689
43681.4
43672.5
43664
43658.8
43657.2
43658.2
43660.2
43661.6
43660.3
43654.6
43643.4
43626.4
43604.1
43578.3
43551.3
43526
43505.5
43492.4
43488.6
43494.8
43510.7
43534.9
43564.9
43597.3
43628.9
43656.7
43677.4
43692
43702.9
43701.9
44032.6
44030.5
44027.6
44022.3
44016.1
44011.7
44009
44006.8
44003.4
43996.9
43985.5
43968
43943.6
43912.6
43876.6
43837.9
43799.8
43765.7
43739.2
43723.2
43719.6
43729.1
43751
43783.5
43823.3
43866.7
43909.8
43948.8
43980.1
44004.6
44024.4
44030.9
44185.7
44178.9
44172.9
44165.9
44159.5
44156.4
44156.2
44157.8
44159.3
44158.7
44154.2
44144.3
44128.1
44105.8
44078.5
44048.2
44017.9
43990.5
43969.1
43956.5
43954.3
43963
43982.1
44009.7
44043
44078.5
44112.6
44142.3
44164.2
44179.5
44190.9
44190.2
44219.7
44198.2
44181.4
44168.1
44160.2
44160.5
44168.5
44182.8
44201
44220.6
44238.7
44253.1
44261.8
44263.9
44259.5
44249.9
44236.9
44223
44211.1
44203.4
44201.6
44206.3
44217
44232.3
44249.7
44266.2
44278.9
44285.6
44283.8
44275.4
44263.9
44242.6
44245.5
44210.2
44182.9
44163.1
44153.4
44156.5
44172
44197.8
44231
44268.1
44305.3
44339.1
44366.7
44386.2
44397.1
44400.2
44397.3
44390.8
44383.6
44378.2
44376.4
44379
44385.4
44394.2
44402.8
44408.3
44407.7
44399.1
44380.3
44353.8
44323.9
44284.8
44315
44281.1
44254.3
44234.3
44223.3
44224.2
44236.7
44259
44288.4
44321.4
44354.5
44384.3
44408.2
44424.4
44432.6
44433.7
44429.5
44422.6
44415.7
44411.5
44411.6
44416.5
44425.7
44437.4
44449.1
44457.6
44460.2
44454.7
44439
44415.7
44388.7
44352.2
44427.9
44405.8
44387.5
44372.1
44361.2
44357.8
44361.5
44370.7
44383.3
44396.4
44407.5
44414.3
44415
44409.2
44397.4
44381.6
44364.3
44348.6
44337.5
44333.4
44337.6
44350.3
44370.3
44395.3
44422.2
44447.5
44467.9
44480.9
44484
44479.4
44470.5
44450.3
44554.6
44540.8
44528.2
44515.6
44504.6
44497.6
44494.2
44492.6
44490.3
44484.7
44473.6
44455.4
44429.5
44396.6
44358.9
44319.8
44283.3
44253.8
44235
44229.8
44239.4
44263.4
44299.6
44344.9
44394.6
44443.9
44488.6
44524.9
44549.5
44564.2
44572.1
44565.6
44619.6
44607.4
44595.2
44581.8
44568.8
44558.9
44551.6
44544.9
44536.3
44523.3
44503.7
44476.1
44440.2
44397.2
44349.8
44301.9
44258.1
44223.3
44201.8
44196.4
44208.6
44237.7
44281.5
44336
44396.2
44456.7
44512.5
44559.2
44593
44615.5
44629.6
44627.6
44568.2
44552.2
44536.8
44520.8
44505.9
44495.2
44488.5
44484.5
44481.2
44476.4
44468.2
44454.9
44435.8
44411
44382
44351.6
44323
44299.7
44285.2
44282
44291.4
44313.1
44345.7
44386.2
44430.9
44475.4
44515.7
44548.5
44570.4
44582.9
44589
44581.2
44473.9
44447.5
44424.9
44405.2
44390.6
44383.9
44385.3
44393.4
44406.2
44421.4
44436.4
44448.9
44457.1
44460
44457.8
44451.6
44443.3
44435.4
44430.3
44430.2
44436.3
44448.6
44466.5
44487.8
44509.9
44529.7
44544.4
44551.8
44549.4
44539.5
44525.6
44501
44447.8
44414.4
44386.7
44364.1
44349.2
44344.6
44350.3
44365
44386.2
44411.4
44437.6
44462
44482.4
44497.3
44506.3
44510
44509.9
44508
44506.6
44507.7
44512.5
44521.6
44534.2
44548.7
44562.8
44573.6
44578.5
44575.5
44562.6
44542
44517.6
44483.5
44512.2
44488.8
44467.4
44446.9
44429.6
44418.6
44414.6
44416.8
44424.1
44434.7
44446.6
44458
44466.9
44472.1
44473.1
44470.3
44464.8
44458.3
44452.9
44450.7
44453.3
44461.5
44475.1
44493
44513.3
44533.1
44550
44561.3
44564.4
44560.9
44553.2
44534.6
44627.7
44623
44614
44599
44580
44560.6
44542.2
44525.2
44509.7
44495.5
44481.9
44468
44453
44436.1
44417
44396.4
44375.4
44355.7
44339.7
44329.7
44328
44335.8
44353.5
44380.6
44415.1
44454.3
44495
44533.8
44566.9
44594.2
44616.9
44625.9
44715.7
44724.4
44724.8
44714.7
44695.9
44672.1
44645.2
44616.3
44586.2
44555.6
44524.6
44493.1
44460.7
44427.1
44392.5
44357.5
44323.6
44292.9
44267.9
44251.5
44246.1
44253.5
44274.4
44308.4
44353.6
44406.8
44464.5
44522.7
44576.6
44625.3
44668.9
44697.1
44713.3
44725.7
44729.2
44720.9
44702.4
44677.4
44648
44615.6
44582
44548.2
44515.3
44483.4
44452.4
44421.9
44391.8
44362.1
44333.6
44307.5
44285.8
44271
44265.2
44270.4
44287.5
44316.6
44356.4
44404.4
44457.8
44512.9
44565.3
44614.3
44659.8
44691
44666.4
44672.5
44670.6
44657.9
44635.7
44607.9
44577
44545
44514.2
44486.3
44462.5
44443.3
44428.1
44415.9
44405.3
44395.2
44384.9
44374.2
44364
44356
44352.2
44354.4
44364.4
44382.7
44409.1
44442.3
44480.2
44520.3
44558.7
44595.1
44629.6
44651.8
44646.9
44644.8
44635
44614.8
44586.2
44553.5
44519.6
44487.1
44458.7
44436.4
44421.4
44413.9
44412.8
44416.1
44421.6
44426.9
44430.2
44430.4
44428
44424.1
44421
44420.8
44425.9
44437.6
44456.3
44481.1
44510.4
44541.9
44571.9
44600.1
44626.5
44640.5
44653.4
44651.3
44640.7
44619.1
44588.6
44553.7
44517.6
44483.2
44453.4
44430.6
44416
44409.7
44410.5
44416.2
44424.3
44431.9
44437.1
44438.4
44436.1
44431.6
44427.1
44425.2
44428.5
44438.6
44456.2
44480.5
44510
44542.3
44573.6
44603.3
44631.2
44646.4
44659
44662.3
44656.7
44639.7
44613.1
44581.3
44547.2
44513.8
44483.9
44459.7
44442.6
44432.7
44429
44429.6
44431.9
44433.7
44433.1
44429
44421.9
44413.2
44405.5
44401.3
44403.1
44412.9
44431
44456.7
44488.5
44523.9
44559.1
44593.3
44626.1
44646.6
44666.5
44671.8
44668.4
44653.6
44629.3
44599.9
44568.1
44536.7
44508.2
44484.6
44467.1
44455.7
44449.3
44445.9
44443.5
44440
44433.9
44424.7
44413.3
44401.4
44391.5
44386.5
44388.6
44399.5
44419.5
44447.6
44482
44520.1
44557.8
44594.4
44629.4
44652.1
44688.9
44688.9
44680
44659.9
44631.1
44598.1
44563.9
44531.3
44502.7
44479.7
44463.1
44452.5
44446.4
44442.7
44439.2
44434.1
44426.3
44415.8
44403.7
44392.3
44384.5
44382.9
44389.8
44406.5
44432.6
44466.7
44506.4
44548.3
44588.4
44625.5
44659.2
44678.7
44719.1
44710.7
44692.7
44663.6
44626.5
44586.6
44547.3
44511.5
44481.4
44458.7
44443.4
44434.6
44430.4
44428.1
44425.2
44420.1
44411.8
44400.8
44389
44379.1
44374.4
44377.8
44391.4
44416.1
44450.9
44493.5
44540.7
44588.4
44631.8
44669.6
44701
44715.8
44746.3
44732.8
44708.4
44672.3
44628.4
44582.2
44538
44498.9
44467.3
44444.5
44430.6
44423.8
44421.7
44421
44418.8
44413.1
44403
44389.5
44374.9
44362.9
44357.3
44361.6
44378.1
44407.7
44449.2
44499.4
44554.3
44609.2
44658.3
44699.8
44732.6
44746.3
44761.5
44749.7
44725
44687.1
44639.9
44590
44541.9
44499.5
44465.8
44442.4
44429.3
44424.7
44425.5
44427.8
44427.8
44422.9
44411.8
44395.1
44375.6
44357.4
44345.2
44343.3
44355.1
44381.9
44422.9
44475.2
44534.4
44595.2
44651.2
44699.7
44739
44757.9
44773.8
44769
44748.8
44712.4
44663.7
44609.6
44555.6
44506.4
44466.2
44437.4
44420.9
44415.4
44417.6
44423.3
44428
44427.7
44420
44404.8
44384.1
44361.9
44343.2
44333.4
44336.7
44355.8
44390.9
44440.1
44499.4
44563.7
44626.1
44683.2
44732.3
44761.2
44789.9
44793.8
44779.1
44744.2
44692.8
44632
44567.9
44506.6
44453.7
44413.4
44388
44377.5
44379.2
44388.7
44400.7
44410.1
44412.8
44406.6
44392.4
44372.9
44353
44338.3
44334.1
44344.6
44371.6
44414.5
44470.7
44535.6
44602.6
44667.5
44726.7
44766.8
44807
44820
44811
44777.2
44722.1
44653
44576.7
44500.7
44432.5
44378.3
44342.2
44325.6
44326.7
44341.3
44363.3
44385.8
44402.8
44410
44406
44392.4
44373.4
44354.9
44343.1
44343.9
44360.9
44395.4
44446.3
44510.1
44580.3
44652.4
44721.5
44773
44827
44850.3
44847.6
44815.5
44757
44679.6
44591.2
44500.7
44417.5
44349.8
44303.5
44281.3
44282.4
44302.2
44333.6
44368.4
44398.2
44416.7
44420.6
44410.3
44389.6
44364.9
44343.9
44333.8
44340.5
44367.1
44413.8
44478
44553.3
44634.6
44715.7
44780.4
44852.8
44887.6
44892.3
44862.8
44801.9
44717.3
44617.9
44514.2
44417.1
44336.7
44280.6
44252.7
44252.5
44275.4
44313.3
44356.3
44394.3
44419.3
44426.4
44415.2
44389.7
44356.8
44325.8
44305.7
44304
44325.3
44371.1
44439.2
44523
44616.5
44712.1
44792.1
44893.4
44941.1
44954.3
44928.2
44865.4
44773.9
44663.6
44546.3
44434.5
44340
44271.8
44234.8
44229.2
44250.1
44288.8
44334.2
44374.7
44401
44407.1
44392.4
44360.8
44320.4
44281.6
44255
44249.5
44270.9
44321.1
44398.3
44495.3
44605.1
44718.7
44816.5
44940.8
44998.6
45017.8
44992.9
44926.6
44827.5
44706.2
44575.6
44449.9
44342.2
44262.6
44216.9
44205.5
44223.5
44261.3
44306.9
44347.8
44373.3
44377.1
44358.3
44321.4
44275.2
44231.3
44201.7
44196.2
44221.4
44279.4
44368.1
44479.6
44605.9
44736.4
44850.2
44976.5
45035.3
45052.3
45022.3
44948.6
44840.2
44708.9
44568.6
44434.5
44320.5
44237.4
44191.1
44181.6
44203.3
44245.8
44295.9
44340.1
44366.9
44369.9
44348.3
44307.2
44256.7
44209.5
44178.3
44174
44203.1
44267.6
44364.8
44486
44621.9
44761.2
44881.7
44997.7
45048.4
45055.3
45014.3
44929.6
44811.4
44672.2
44527
44391.3
44279.4
44201.9
44163.8
44164.4
44196.6
44248.7
44306.5
44355.5
44384.2
44386.2
44361.5
44316.4
44262.3
44212.7
44181.4
44179.2
44212.5
44282.5
44385.4
44511.5
44650.6
44790.3
44908.5
45011.8
45050.9
45045.1
44991.7
44896.3
44770
44626.4
44480.8
44349.1
44244.9
44178.1
44152.4
44165.5
44208.8
44269.3
44331.8
44381.5
44407.3
44403.7
44372.3
44320.9
44262.2
44211.1
44181.5
44184
44223.9
44301.3
44410.8
44541.6
44682.1
44819.5
44931.8
45028.1
45057.7
45041.3
44977.8
44874
44742.3
44596.9
44453.6
44328
44233.3
44178
44164.3
44188
44238.8
44302.5
44363.2
44406.5
44422.1
44406.3
44362.6
44301.1
44236
44183.3
44156.9
44166.8
44217
44305.6
44425.5
44564.2
44709.1
44846.8
44955.4
45061.1
45085.1
45061
44989.3
44877.9
44740.5
44592.3
44449.7
44328.4
44240.9
44194.5
44189.8
44220.7
44275.2
44337.6
44391.6
44423
44423
44389.9
44329.8
44254.9
44181.6
44126.9
44105
44124.8
44188.8
44293.1
44428.7
44581.1
44736.4
44880.2
44990.6
45118.8
45138.8
45107.2
45025.6
44903.5
44755.9
44599.5
44451.6
44328.6
44242.7
44200.5
44201.2
44236.9
44293.9
44355.2
44403.5
44424.8
44411.3
44362.9
44287.9
44201
44120.5
44064.5
44047.7
44078.6
44158.2
44281
44435.8
44606.3
44776.7
44931.3
45047.5
45184.9
45199.5
45157.8
45062.5
44924.4
44760.2
44588.1
44427
44294.3
44203
44159.8
44163.2
44204.5
44268.3
44335.9
44388.9
44412
44397.1
44344.6
44264
44171.4
44086.8
44030
44016.6
44055.4
44147
44284.9
44456.2
44642.9
44827.4
44992.2
45113.7
45237.8
45245.8
45192
45079.8
44921.2
44734.5
44539.9
44358.5
44209.6
44108
44061.6
44069.3
44121.8
44202.3
44290
44363.4
44405
44404.2
44360.4
44282.6
44188.3
44099
44036.8
44019.4
44057.2
44151.5
44296
44476.8
44674.5
44869.4
45042.2
45167.7
45283.6
45284.9
45217.6
45086.1
44903.7
44690.5
44469.4
44264
44096.7
43984.7
43937.4
43954.5
44025.9
44132.7
44250.9
44355.2
44424
44443.5
44411
44335.3
44234.9
44134.1
44058.3
44028.4
44057.5
44148.8
44295.9
44484.5
44693.1
44899.6
45082.2
45213.5
45337.2
45335.2
45256.7
45106.9
44901.1
44661.6
44414
44185.4
44000.9
43880.2
43834.3
43863.2
43955.3
44089.1
44236.7
44368.6
44458.9
44490.9
44460.3
44376.4
44260.2
44139.6
44044.1
43998.6
44019
44109.9
44264.8
44467.7
44694.7
44920.3
45119.5
45262.5
45394.7
45398.8
45317.7
45157.6
44935.1
44674.6
44404.7
44155.4
43955.1
43825.7
43779.7
43816.9
43924.3
44077.5
44244.6
44391.9
44490.2
44520.2
44477.4
44372.6
44230
44082.2
43963.1
43901.6
43916.1
44011.9
44181.7
44407.3
44661.6
44915.8
45141.4
45305.9
45454.6
45475.2
45401.8
45240.3
45008.4
44732.2
44442.9
44173.8
43956.4
43815.6
43765.3
43805.5
43921.8
44087.1
44265.8
44420.3
44517.8
44537.3
44474.1
44340.9
44165.8
43985.9
43839.9
43760.6
43768.7
43870.4
44057.3
44309.2
44596.2
44885.6
45145.6
45341.2
45521.8
45562.4
45499.7
45339.2
45098.9
44806.4
44495.7
44203.3
43964.4
43806.9
43747
43785.6
43907.4
44083.1
44273.5
44437.2
44537.7
44551.7
44473.5
44317.5
44114.4
43905.6
43734.1
43636.4
43636
43740.1
43940.5
44215.5
44532.9
44856.9
45152.2
45380.7
45593.9
45647.9
45590.1
45425.2
45171.4
44857.5
44519.7
44198
43931
43750.3
43674.8
43707.2
43832.4
44019.6
44227
44409.1
44525.7
44549.8
44474
44312.3
44096.9
43871.9
43683.9
43572.6
43564.3
43668.1
43876.2
44166.9
44506.3
44856.4
45178.7
45432.4
45671.8
45731.2
45670.5
45494.1
45220
44878.3
44507.5
44150.6
43850.1
43641.3
43546.4
43570.6
43699.6
43901.6
44132.4
44342.6
44487.5
44536
44477.6
44324.7
44110.1
43879.6
43682.6
43562
43546.8
43648.5
43860.5
44161.3
44516.4
44885.3
45226.9
45497.8
45750.2
45813.9
45748.6
45558.4
45261.8
44890.5
44485.4
44093.1
43759.9
43524.9
43413.5
43432.9
43569.3
43789.8
44047.1
44287.8
44462.6
44536.1
44494.7
44349.5
44133.8
43895.5
43687.1
43554.9
43531
43629.3
43844.6
44155.6
44526.5
44914.9
45276.3
45564.4
45804.7
45876
45809.9
45610.6
45297.4
44903.4
44472.3
44053.8
43697.7
43446
43326.5
43347.3
43494.1
43732
44010.7
44273
44465.8
44550.5
44511.9
44360.9
44132.3
43876.8
43650.4
43502.9
43469.3
43565.2
43786.2
44110.4
44500.5
44911.4
45295.7
45604
45824.5
45905.3
45842.6
45640.6
45319.4
44913.5
44468.5
44036.6
43670.1
43413
43293.9
43320.7
43478
43728.5
44019.3
44290.5
44486.4
44567.3
44517.5
44349
44098.9
43821.1
43574.7
43412.3
43370.7
43466.4
43694.9
44033.3
44442.5
44875.1
45280.9
45608.7
45831.3
45917.5
45856.2
45652.2
45326.3
44913.8
44462
44024.9
43656.1
43400.4
43286.6
43321.4
43487.9
43747.1
44043.9
44316.7
44508.9
44580.4
44516.1
44329.8
44060.6
43764.9
43504.2
43332.6
43287.9
43386.4
43623
43973.5
44397.5
44845.7
45265.9
45606.4
45844.5
45926.7
45859.6
45649.1
45316.5
44898.2
44442.3
44003.7
43636.4
43385.2
43277.8
43320.1
43493.5
43757.8
44056.7
44328.2
44515.4
44578.7
44504.3
44307.1
44028.3
43725.7
43461.9
43291.4
43251.6
43358
43604.1
43964.6
44397.9
44853.5
45278.4
45620.7
45865.1
45935.4
45856.4
45635.7
45295.5
44872.6
44415.6
43979.2
43616.7
43371.7
43270.7
43318.1
43494.4
43758.7
44054.9
44321.2
44501.7
44558.1
44477.6
44276.7
43997.6
43698.9
43443.1
43283.8
43257
43376.3
43633.7
44002.5
44440.5
44896.4
45317.1
45651.8
45880.5
45934.9
45842.4
45612.4
45267.8
44845.4
44393.2
43964.9
43611.9
43375.9
43281.5
43331.7
43506.4
43764.9
44052
44307.6
44477.8
44525.9
44441
44240.8
43968
43680.8
43440.7
43299.4
43290.4
43425
43693.1
44067.1
44504.4
44954
45363.4
45683.4
45874.9
45912.2
45807.7
45572.4
45229.6
44815.5
44376.5
43964
43627.1
43404.5
43318.5
43370.6
43540.5
43788.2
44060.7
44300.3
44456.1
44494
44404.9
44207.8
43945
43673.9
43453.6
43333.2
43343
43491.5
43766.8
44140.6
44570.6
45006.6
45397.8
45697.6
45842.5
45862.3
45747.9
45511.7
45176.8
44778.1
44359.9
43970.6
43655.7
43450.8
43375.5
43429.7
43593
43826.8
44080.9
44301
44439.8
44466.4
44373.9
44181.8
43932
43679.9
43481.7
43382.9
43410.4
43569.7
43847.5
44215
44630.7
45046.1
45413
45687.8
45782.8
45785.8
45664
45431.1
45109.6
44732.7
44341.7
43981.4
43693.4
43509.5
43446.5
43502.8
43658.1
43876
44109.1
44307.6
44428.3
44443.7
44348.9
44163.9
43929.5
43698.2
43522.8
43444.9
43487.6
43653.8
43928.8
44283.8
44678.9
45067.9
45405.5
45652.1
45695.4
45683.9
45558.8
45334.5
45032.7
44683.9
44326.3
44000.3
43743.3
43583.2
43533.7
43591.9
43738
43938
44148.4
44323.9
44425.8
44430.3
44334.3
44157.7
43939.6
43729.4
43575.7
43516
43569.8
43737.6
44003.6
44339.9
44708.7
45066.5
45371.5
45588.3
45590.6
45568.6
45445.3
45235.3
44958.8
44643.6
44323.9
44035.7
43811.7
43675.8
43638.9
43697.2
43831.6
44010.9
44196.2
44347.1
44429.7
44423.4
44327.1
44160.2
43959.2
43769.8
43636.3
43591.9
43652.6
43817.1
44069.1
44382.1
44720.7
45044.8
45316.5
45504.5
45486
45457.3
45339.5
45147.3
44899.1
44619.6
44338.8
44088.2
43895.9
43781.8
43754.4
43809
43927.9
44083.3
44240.9
44365.8
44428.8
44413
44318.3
44163.1
43981.1
43813.8
43700.7
43670.7
43736.6
43895.3
44130.8
44418.3
44725.7
45016.3
45256
45417.7
45395.7
45361.5
45250.1
45075.6
44854.7
44608.9
44364
44147.2
43982.1
43885
43862.2
43908.7
44008.4
44137.3
44266.1
44365.5
44411.1
44389.1
44300.4
44161.9
44003.5
43862.1
43772.1
43758
43829.6
43982.4
44201.1
44463.1
44739.4
44997.3
45206.4
45343.4
45311.8
45271.6
45165.9
45008.2
44813.1
44598.8
44387.1
44200.7
44059
43975.2
43953.7
43989.5
44068.8
44171.4
44273.4
44350.9
44384.3
44362.6
44286.7
44171.4
44042.4
43931.1
43866.8
43869.4
43945.8
44090.7
44289.9
44523.2
44765.7
44988.6
45165.3
45276.3
45213.5
45167.7
45068.5
44928.6
44760
44577.2
44398.1
44240.8
44121.1
44049.4
44028.6
44054.5
44115.6
44196
44276.9
44339.6
44368.5
44354.6
44298.5
44211.7
44115.2
44034.8
43994.4
44009.8
44085.5
44215.9
44388.5
44586.4
44788.9
44971.7
45112.5
45195.6
45090.3
45041.5
44952.1
44833.1
44693.5
44544
44397.9
44269.5
44171.3
44111.3
44092
44109.8
44156.4
44219.7
44285.7
44340.1
44370.8
44369.9
44337
44280
44215.1
44162.6
44141.2
44163
44230.9
44339.3
44478
44634.1
44791.4
44930.4
45033.5
45088.4
44939.1
44891
44815.6
44721.4
44613.8
44499.4
44387.2
44287.7
44210.7
44162.6
44145.9
44158.5
44194.7
44246.1
44302.8
44354.4
44391.2
44406.1
44397
44368.7
44332.5
44303.4
44295.5
44317.5
44370.8
44450.7
44549.3
44658.1
44765.9
44858.4
44922.8
44950.7
44766.5
44725.3
44669.6
44604.9
44532.2
44453.4
44373.8
44300.7
44242
44203.6
44188.8
44197.2
44225.8
44269.5
44321.7
44374.9
44421
44453.2
44467.7
44466.1
44455.2
44445
44445.3
44461.9
44495
44540.7
44594.6
44652.3
44708.4
44754.2
44781.8
44786.3
44592.2
44566.1
44537
44505.7
44468.5
44422.9
44370.8
44317.6
44270.5
44236.3
44219.6
44222.5
44244.2
44282.4
44333
44390.3
44447.4
44496.9
44533.5
44555.6
44565.8
44569.8
44573.6
44580.1
44589
44597.9
44605.6
44612.9
44620
44623.9
44621.5
44611.1
44443
44438.4
44438.7
44439.9
44433.6
44413.7
44379.5
44336.2
44291.8
44254.7
44231.9
44227.4
44242.8
44277.6
44328.9
44392.2
44460.7
44526.6
44582.7
44624.7
44651.7
44665.8
44669.6
44664.2
44648.9
44623
44588.8
44552
44518.2
44489.8
44467.7
44452.5
44337.6
44353.1
44378.3
44404.7
44419.7
44414.5
44387.6
44344.6
44295.3
44250.4
44219
44207.3
44218.4
44252.6
44308
44380
44461.6
44544.1
44619.1
44679.8
44722.5
44746.3
44751
44736.2
44701.1
44646.5
44578
44505.5
44439.4
44386.7
44351.5
44335.8
44262.3
44293.2
44337
44380.7
44408.3
44408.9
44380.7
44330.6
44270.6
44214
44172.4
44154
44163.3
44201.3
44266.2
44353
44453.9
44558.9
44657.7
44741.2
44803.1
44839.4
44847.8
44826.4
44774.3
44694.3
44594.5
44489.2
44393.2
44317.6
44269.5
44252.1
44195
44242
44304
44363.5
44400.8
44403.3
44369.2
44307.1
44231.8
44160.1
44106.5
44081.9
44092.3
44139.6
44221.4
44331.5
44460.2
44595.2
44723.2
44832.6
44913.8
44960.6
44968.7
44935.8
44861.9
44751.7
44617.4
44477.2
44350.6
44252.6
44193
44175.2
44108.6
44177.3
44262.1
44340.5
44389.4
44394.4
44354.2
44279.6
44189
44103.3
44040.9
44015.6
44035.3
44101.8
44211.4
44355.1
44519.8
44689.2
44846.5
44976.5
45067.5
45111.4
45104
45044
44933.9
44782.3
44605.6
44426.7
44269.3
44151.7
44085.4
44073.2
43988.6
44084.5
44196.4
44296.6
44358.4
44366.2
44319.6
44232.6
44128
44031.5
43966.2
43949.3
43989.7
44088.7
44239.7
44429.3
44639
44847.3
45032.5
45176.2
45264.5
45289.4
45248.2
45142.8
44980.2
44773.9
44545.7
44323.4
44134.6
44000
43931.8
43931.3
43872.6
44003.4
44147.6
44271.3
44343.8
44348.5
44287.1
44178.1
44050.2
43935.7
43863.4
43854.1
43918.5
44056.1
44256.6
44500.7
44763.1
45015.7
45231.6
45388.3
45470.5
45470.7
45388.4
45229.9
45007.5
44740.9
44457.7
44191.2
43973.2
43826.8
43764.2
43784.4
43804.5
43980.7
44163
44310.2
44386.9
44375.8
44281.9
44130.1
43957.4
43804.8
43708.6
43694.8
43775.8
43949.5
44200.7
44503.2
44823.9
45127.3
45380.3
45556.5
45638.3
45618.8
45499.9
45292.1
45013.3
44689.8
44355.8
44050.7
43811.3
43663.1
43618.3
43672.5
43762.5
43994.4
44223.2
44398.3
44478.4
44445.4
44307.9
44098.3
43863.8
43655.7
43519.8
43488.5
43576.9
43781.6
44081.9
44444.3
44827.2
45186.8
45483.4
45686.1
45774.9
45742.4
45592.7
45339.9
45007.6
44628.7
44244.7
43902.2
43643.5
43498
43478.2
43575.9
43690.4
43985.6
44269.7
44481.7
44573.7
44525.4
44348.7
44083.3
43786.6
43521
43342.4
43290.4
43383.4
43616.8
43965
44386.4
44830.9
45246.4
45586.6
45815.7
45911.2
45865.2
45683.1
45382.8
44993.1
44553.7
44113.7
43727.4
43444
43297.4
43301.3
43444.3
43580.8
43940.1
44282.6
44536.5
44646.7
44590.6
44382.4
44068.7
43716.7
43399.6
43182.9
43113.9
43214.2
43478
43874.6
44354.6
44859
45327.7
45708
45959.5
46057.6
45993.8
45775.3
45423.4
44972.2
44468
43967.4
43532.6
43219.5
43067.1
43090.8
43276.2
43476.2
43892.9
44287.9
44579.4
44705.4
44640.7
44402.1
44042.2
43637.5
43271.5
43019.5
42935.6
43044.7
43339.8
43785.1
44323.8
44888.1
45410.4
45831.6
46107.3
46210.5
46132.4
45881.5
45482.2
44973.4
44407.6
43848.7
43365.8
43021.7
42860.3
42898.6
43120.2
43404.8
43869
44307.6
44629.3
44765.5
44688.8
44417.7
44010.9
43553.2
43138
42849.6
42748.9
42863.9
43186.6
43676.6
44270.2
44892.1
45467.8
45932.5
46237.7
46354.1
46271.9
46000
45565.2
45010.2
44392.7
43782.8
43256.3
42882.4
42709.5
42757
43006.8
43352.4
43857.5
44334.6
44683.9
44830.6
44744.9
44446.4
43998.7
43493.9
43034.1
42711.8
42593.8
42710.9
43054.4
43580.3
44219.2
44889.8
45511.4
46014.9
46348.1
46479.3
46397.4
46111.7
45650.3
45058.7
44398.7
43745.7
43181.2
42779.8
42594.6
42647.5
42919.4
43289.8
43831.5
44345
44723.2
44885.2
44798.7
44483.9
44007.7
43468.5
42975.3
42627.1
42495.9
42614.8
42974.6
43528.5
44202.7
44911
45568.1
46100.8
46454
46594.2
46509.4
46209.2
45722.7
45097.9
44400.1
43708.6
43109.6
42682.2
42483.7
42538.4
42827.3
43221.8
43795.6
44342.8
44749.6
44930.1
44848.7
44525.7
44030.6
43466.5
42948
42579.8
42437.8
42557.4
42929.7
43505.6
44208.1
44947
45633.2
46189.8
46559.2
46706
46617.4
46303
45793.3
45138.1
44405.6
43678.6
43047.2
42594.3
42380.9
42434.1
42735.1
43166.7
43766.9
44342.7
44774.4
44971.1
44894.3
44563.8
44051.3
43463.7
42920.8
42532.2
42377.9
42495.6
42876.8
43471.2
44199.3
44967.2
45682.5
46264.8
46653.8
46811.8
46725
46402.4
45875
45194.7
44431.8
43672.6
43010.7
42532.9
42303.5
42352.1
42661
43122.3
43744.4
44343.9
44795.4
45003.6
44927.3
44585.7
44052.3
43438
42867.4
42455.3
42286
42399.8
42788.8
43401.6
44156.1
44955.4
45703.2
46316.1
46730.5
46906.4
46828
46503.7
45964.6
45263.6
44473.8
43684.5
42993.3
42490.9
42244.8
42287.3
42601.4
43074.5
43719.2
44342.2
44813.1
45031.8
44954.5
44599.7
44042.8
43398.2
42795.9
42356.2
42168.3
42275.7
42671.2
43302.5
44084.5
44916.6
45699.1
46344.7
46787
46983.4
46916.2
46592.7
46043.8
45323.7
44507.6
43688.5
42968
42441.1
42179
42216.4
42537.1
43017.4
43690
44341.6
44836.3
45069.6
44994.7
44629.3
44049.9
43374.3
42737.7
42266.4
42054.9
42150.5
42547.8
43193
43998.3
44859.4
45672.4
46346.9
46813.6
47027.8
46970
46646.3
46087.8
45349.2
44508.1
43660.6
42912.8
42363.8
42089.1
42125.8
42458.2
42963.9
43666.5
44348.8
44869.9
45121
45053
44682.2
44085.5
43383.3
42715
42212.2
41975.1
42055.1
42448.3
43100.2
43920.5
44801.3
45635.3
46329.4
46812.3
47037.5
46984.9
46659.6
46092.3
45338.6
44477.4
43607.7
42838.9
42274
41992
42032.5
42380.1
42927.1
43651.4
44356.5
44897.9
45164.3
45104.2
44732.6
44126.3
43406.7
42716.2
42190.5
41933.8
42000.7
42388.8
43043.3
43871.8
44763.9
45610
46315.2
46806.9
47037.9
46987.4
46660.4
46087.4
45324.1
44450.6
43567.1
42785.2
42210.5
41924.1
41967.6
42325.9
42903.1
43631.3
44342.8
44891.9
45165.9
45111.7
44743.1
44135.5
43410.8
42712.1
42177.1
41912
41973.2
42359.2
43015.2
43848.5
44747.7
45602.3
46316.2
46816
47053.7
47008
46683.2
46109.7
45343.4
44464.7
43574.3
42784.5
42201.6
41907.8
41945.8
42301.4
42899.3
43612.5
44313.1
44856.4
45129.7
45079.1
44716.4
44115.8
43397.5
42704.1
42172.8
41909.6
41971
42355.7
43010
43842.3
44742.4
45600.5
46320.6
46828.6
47076.1
47040.4
46725.3
46160.4
45400.9
44526.8
43638.3
42846.9
42257.9
41953.3
41976.4
42314.9
42926.7
43614.9
44294.9
44824.9
45093.3
45046
44693.1
44106.2
43403.3
42724.5
42204.6
41947.9
42009.6
42388.7
43032.9
43853
44741.7
45591.3
46307.6
46817.1
47071.2
47046.8
46746.7
46199.1
45458
44601.5
43727.6
42945.4
42357.9
42045.7
42052.6
42368.3
42968.1
43632.7
44293.1
44810.8
45076.4
45035.9
44697.7
44130.8
43449.5
42790.3
42284.5
42033.8
42092.1
42458.6
43082.9
43878.8
44742.6
45569.9
46269
46768.4
47020.3
47002.1
46715.6
46188
45471.2
44640.5
43790.9
43027.6
42450.7
42138.8
42135.5
42432.9
43001.5
43647.6
44292.2
44800.6
45066.3
45035.7
44716.1
44173.5
43518.3
42882.4
42393.4
42149.8
42204.1
42555.8
43156.5
43923.1
44755.1
45551.7
46224.3
46703.7
46944.1
46923.5
46644.1
46132.1
45437.6
44633.2
43810.2
43070.1
42509.5
42204.3
42197.9
42483.6
43033.9
43660.2
44285.6
44780.2
45041.1
45016.5
44713.5
44195.3
43568.2
42959.6
42492.4
42261.6
42317.5
42659.8
43241.2
43981.3
44782.8
45548.3
46192.2
46648
46872
46843.7
46565.9
46064.5
45388.3
44607.7
43810.9
43095.5
42554.3
42260.2
42254.9
42532.1
43093.7
43692.6
44287.6
44755
44997.5
44966.9
44671.3
44172.2
43572
42993
42552.7
42341.7
42407.1
42747.1
43315.4
44033.5
44807.5
45543.6
46159.6
46592
46799.6
46763.3
46487
45996.6
45339.9
44585.5
43818.7
43133.5
42618.1
42341.1
42341.4
42611.1
43198.2
43763.1
44316.8
44743.6
44953.3
44903.5
44604.7
44117.5
43540.9
42991.7
42581.5
42394.9
42475.1
42817.6
43376
44073.7
44820.3
45525.9
46112.5
46520.2
46710.5
46666.4
46392.8
45915.9
45282.9
44560.9
43832.3
43186.9
42707.6
42457.6
42470.7
42736.4
43327.5
43857.1
44366
44746.9
44918.3
44844.5
44539
44062.2
43509.5
42992
42614.7
42455.8
42553.1
42899.4
43447.7
44123.2
44839.2
45510.1
46062.6
46440.7
46609
46553.1
46279.3
45814.5
45206
44519.3
43834.1
43235.6
42800.5
42585.3
42618.1
42884.5
43441.9
43937.6
44403.3
44740.6
44877.3
44784.2
44478.1
44018.8
43497.6
43019.3
42681.4
42554.8
42671.9
43022.3
43558.6
44208.5
44888.9
45519.1
46030.4
46371.2
46509.6
46434.1
46153.1
45695
45107.2
44454.1
43812.3
43261.7
42872.6
42694.2
42748.2
43016.7
43528.3
43988.7
44411.9
44708.5
44815.9
44711.1
44413.9
43982.8
43504.2
43075.3
42785
42696.4
42835.9
43190.2
43712.2
44332.3
44971.9
45555.4
46019.1
46315.9
46417.9
46316.7
46023.4
45567.9
44998
44376.7
43777.1
43273.3
42928.5
42784.2
42856.3
43123.6
43616.4
44036.5
44413.1
44667.4
44745.7
44632.2
44348.9
43952.4
43523.3
43150.1
42912.1
42863.7
43025
43380.1
43882.8
44467.2
45060.1
45591.5
46003.5
46253.7
46318.5
46192.7
45889.8
45441
44893.9
44309.4
43756.1
43301.9
43002
42890.4
42976.9
43237.9
43735.6
44108.6
44432.1
44638
44682.8
44557.3
44286.3
43924.3
43545.3
43228.4
43042.6
43032.8
43212.9
43564.3
44042.1
44584.9
45125.3
45600.3
45958
46161.8
46192.1
46047.1
45742.4
45309.8
44796.1
44258.9
43761.6
43364.7
43114.9
43037.9
43137.9
43388.9
43876.8
44198.9
44465.1
44618.8
44626.9
44487.1
44227
43898.5
43569.1
43308.2
43173.7
43201.3
43398.1
43743.1
44192.8
44690.1
45174.5
45589.9
45891.2
46047.6
46044.3
45883
45581.1
45171
44697.7
44215.3
43781.1
43447.5
43252
43211.8
43325.4
43564.8
44005.9
44277.3
44487.2
44590.9
44565.3
44415
44169.8
43879
43603
43401
43320.1
43386.2
43600.2
43938.3
44358.6
44808.6
45234
45586.1
45826.9
45931.8
45891.3
45710.6
45409.6
45021.1
44588.5
44161.7
43791.4
43521.5
43380.2
43376.2
43502.4
43729.3
44100.7
44322.1
44478.6
44536.6
44483.2
44329.5
44106.9
43861.4
43645.5
43508.2
43485.2
43593
43825.8
44157.8
44548.1
44948.9
45312.4
45597.1
45772.3
45820.3
45737
45532.2
45228.1
44858.2
44464
44091
43782.8
43574.2
43484.2
43513.1
43648.7
43860.5
44174
44344.1
44447.5
44461.5
44383.3
44230.2
44034.8
43839.3
43687.9
43618.8
43656.7
43808.1
44061.1
44387.1
44746.9
45097
45396.2
45610.3
45716.5
45704
45574.9
45343.7
45035.4
44684.1
44329.1
44010.8
43765.2
43617.6
43577.2
43636.7
43778.7
43972.5
44248.7
44366.1
44415
44384
44280
44126.7
43957.6
43811.1
43723.3
43721.6
43819.4
44013.9
44286.6
44606.3
44935.1
45233.7
45467.3
45609.4
45644.8
45570.4
45394.7
45137.2
44826.2
44496.2
44184
43924.6
43745.4
43662
43673.4
43764.2
43912.5
44087.3
44321.8
44386.1
44379.9
44303.1
44172.4
44017
43871.7
43771.3
43744
43807
43962.9
44199.8
44492.5
44807.3
45107
45356.2
45526
45597.4
45562.9
45426.8
45204.6
44921.2
44608.2
44300.7
44033.1
43834.3
43723.3
43705.4
43769.3
43891.4
44045.6
44200.9
44375.3
44387.2
44327.3
44206.7
44050.8
43894.2
43772.9
43717.7
43749.9
43876.6
44090.5
44370.7
44686
44999.6
45274.6
45478.9
45588.9
45592.5
45489.7
45292.4
45023.1
44712.3
44395.3
44108
43882.4
43741.6
43695.7
43739.9
43852.9
44003.1
44160.6
44295.2
44403.4
44367.1
44258.4
44099.2
43923
43769.1
43674
43665
43756
43945.5
44216.4
44539.7
44878.2
45192.1
45444.5
45606.1
45658.1
45594.9
45423.7
45164.3
44846.1
44505.7
44182
43911.9
43724.8
43638
43653.1
43755
43913
44088.1
44247.4
44361.8
44411.2
44334.3
44185.8
43996.5
43807.4
43661.4
43595.2
43632.1
43779.5
44027.3
44349.9
44710.9
45067.7
45377.9
45604.6
45721.1
45713.5
45582.5
45342.7
45021.1
44654.4
44284.5
43954.1
43700.6
43550.7
43515.5
43588.1
43744.2
43944.2
44142.8
44304.6
44402.2
44407.4
44297.8
44118.3
43907
43711.1
43576.6
43539.5
43619.6
43817.5
44115.7
44481.2
44870.9
45237.8
45537.5
45733.6
45802.4
45734.9
45538
45233.2
44854.6
44444.9
44051.1
43718.4
43484.1
43371.7
43386.2
43512.7
43718.2
43956.1
44175.9
44340.7
44424.9
44400
44262.2
44056.1
43826.4
43625.6
43502.1
43491
43608.4
43849.4
44189.6
44589.2
44999.7
45370.5
45656
45820.8
45844.4
45722.8
45468.5
45109.3
44685.1
44243.6
43835.3
43507
43295.2
43219.5
43279.4
43452.9
43700
43968.5
44204.2
44369.6
44441
44396.6
44231.2
43998.9
43750.1
43542.1
43425.6
43434.7
43582.4
43858.4
44232.4
44659
45085
45457.2
45729.4
45867.8
45855.1
45691.6
45394.8
44997.1
44542.7
44082.9
43670.5
43352.6
43164.2
43121.6
43219.1
43429.4
43707.6
43997.3
44242
44403.8
44461
44403.2
44210
43950.9
43682.3
43465.6
43352.6
43376.8
43547.8
43850.9
44250.5
44696.8
45133.4
45505.3
45766.7
45885.8
45848.1
45657.4
45334.8
44915.8
44447.3
43982.4
43574.8
43271.5
43105.3
43089.8
43215.7
43451.9
43750.2
44051.7
44298.1
44451.6
44492.1
44412
44193.9
43913.2
43630.9
43410.6
43304.2
43342.8
43532.7
43854.9
44270.2
44725.9
45164.2
45530.5
45780.1
45883.7
45829.6
45624.4
45291
44866.8
44399.4
43942.3
43548.7
43264
43119.2
43125.1
43269.9
43520.2
43826.2
44128.1
44366.8
44505.2
44525.6
44397.6
44166.1
43880.2
43602.4
43395.2
43307
43364.8
43570.6
43902.5
44319.4
44768.5
45193.3
45541.7
45772.3
45859
45793
45582.5
45251.8
44837.8
44387.5
43952.4
43583.2
43322.5
43198.4
43219.1
43371
43620
43916.5
44202.1
44419.2
44533.5
44531
44347
44124.6
43860.7
43614.2
43441.6
43384.7
43464.6
43679.4
44005.8
44404
44824.4
45215.3
45529.9
45731.7
45798.9
45725.2
45520.1
45206.9
44820.8
44405
44007
43672.4
43439.3
43331.9
43356.3
43498.2
43724.8
43990.1
44239.9
44421.7
44506.6
44485.7
44292.4
44105.3
43889
43693.8
43566.9
43541.7
43633.6
43838.9
44135.9
44489.9
44858.3
45197.3
45467.3
45638
45691.3
45622.5
45440.2
45164.8
44826.6
44462.7
44113.8
43819.2
43611.2
43510.6
43522.3
43634
43817.3
44032.9
44234.5
44377.2
44438.5
44414
44279.8
44143.7
43984.4
43841.3
43751.5
43740.9
43821.8
43991.6
44234.2
44522.9
44825.1
45106.1
45334.1
45484
45540
45496.9
45359.7
45143.3
44870.8
44571.4
44277.6
44021.6
43831
43724.3
43708
43774
43901.7
44060.6
44214
44324.9
44376.1
44365.7
44308.8
44223.7
44114.5
44009.8
43938.3
43920.6
43968.8
44084.1
44257.9
44473.5
44708.3
44936.8
45134.1
45278.8
45355.4
45356.3
45281.4
45138.3
44941.8
44712.1
44473.7
44252.4
44072
43950.8
43898.1
43912.6
43982.6
44087.3
44199
44287.8
44340
44353.2
44341.3
44300.3
44230.8
44151.9
44085.8
44049.7
44056.6
44112.9
44218
44364.6
44539.6
44725.6
44903.3
45053.5
45160.6
45213.3
45206
45138.8
45018
44855.6
44668.4
44476.6
44301.3
44161.4
44070.2
44033.5
44048.4
44103.5
44179.6
44251.8
44309
44347.1
44346.1
44344.2
44308.8
44251.5
44188.5
44134.7
44104.3
44108.6
44154.5
44243.3
44370.2
44524.6
44691.4
44853.3
44993.3
45096.8
45152.7
45154.2
45100.1
44995
44849.3
44678.8
44502.3
44339.7
44208.8
44121.7
44084
44092.8
44136.1
44193.7
44255.8
44316.9
44314
44348
44344.8
44309
44251.9
44186
44126.8
44090
44089.2
44133.3
44224.7
44358.5
44523
44701.6
44875.9
45027.5
45140.2
45201.1
45202.5
45142.7
45027.1
44867.8
44682.5
44492.4
44319.2
44181.3
44091.5
44054.8
44065.4
44107.5
44172.6
44253.6
44250.6
44315.9
44341.9
44327.1
44278
44205.2
44124.9
44056.7
44019.9
44030.2
44096.5
44218.6
44387.5
44587.2
44797
44995
45160
45273.5
45322.1
45298.8
45204.8
45049.6
44850.4
44629.9
44413.5
44225.1
44084.2
44002.2
43979.5
44003.8
44068.2
44164
44179.5
44268.5
44317.3
44319.2
44276.7
44198.7
44101.8
44008.6
43943.3
43927.3
43974.9
44090.1
44266
44486.6
44729.5
44969.3
45180.4
45339.5
45428.2
45435.3
45358.5
45205.6
44993.4
44746.1
44492.2
44260.3
44075.1
43953.7
43900.9
43907.8
43968.6
44073.8
44137.8
44239.5
44300.2
44309.4
44267.3
44181
44067.7
43952.1
43861.9
43822.9
43853.7
43961.4
44140.9
44376.2
44643.4
44914.5
45160.6
45354.7
45475
45507.1
45446.5
45299.4
45082.6
44821.4
44546.3
44288.8
44077
43931.4
43859.6
43855
43912.4
44022
44140.8
44243.2
44303.9
44310.8
44263
44166.3
44037.7
43902.7
43791.2
43731.8
43745.8
43842.8
44018.9
44258.3
44536.4
44824
45090.3
45306.5
45448.7
45501
45457.5
45323.4
45115.2
44858.1
44583.1
44322.5
44105.3
43953.1
43874.8
43864.3
43917.7
44025.5
44159.9
44254.4
44308.5
44310.1
44257.2
44154.4
44017.5
43871.7
43747.4
43674.4
43675.5
43761.6
43929.8
44164.6
44441.8
44732.1
45004.6
45230.3
45384.9
45452
45425
45308.5
45117.8
44877.3
44616.7
44367.1
44156.7
44006.8
43926.3
43909.9
43954.9
44053.6
44157.5
44242.4
44290
44288.6
44235.7
44134.7
43999.8
43854.9
43729.9
43654.5
43651.8
43733
43895.5
44124.2
44395.2
44679.9
44948.4
45172.4
45328.6
45401.1
45383.5
45280.1
45105.4
44881.9
44637.4
44400.9
44199
44051.8
43968.2
43943.6
43977.1
44063.3
44132.6
44210.2
44254.3
44253.9
44206.5
44113.8
43988.7
43853.6
43737.2
43668.5
43669.9
43752.3
43912.8
44136.4
44399.6
44674.7
44932.7
45147.2
45296.2
45365.1
45348.4
45250.5
45085.3
44873.7
44641.4
44415.1
44219.4
44073.2
43985.3
43952
43974.2
44048.7
44119.8
44190.5
44232.1
44234.4
44194.5
44112.8
44000.2
43877.4
43771.4
43709.9
43714.6
43796
43951.2
44165.7
44416.9
44678.1
44922.3
45124.5
45264.7
45329.4
45314
45222.9
45068.9
44871.3
44653.3
44439.1
44251
44106.6
44014.9
43973
43983.7
44046.2
44134.8
44193.9
44229.2
44231.4
44197.3
44125.6
44025
43913.4
43815.6
43757.6
43760.3
43834.1
43976.9
44175.3
44408.3
44651.5
44879.7
45070.2
45204.4
45270.3
45263.4
45187.7
45054.4
44880.5
44686.1
44491.9
44317.6
44179.1
44085
44033.7
44030
44076.3
44155
44197.3
44222.1
44221.5
44191.7
44130.1
44042.3
43943
43854.1
43799.2
43798.3
43861.7
43988.4
44166.8
44378.3
44600.6
44811.4
44989.8
45119.3
45188.8
45194.4
45139.1
45032.4
44888.5
44723.9
44555.7
44399.9
44270.3
44174.7
44112.8
44091.6
44116.9
44155.3
44181.1
44196.2
44194.2
44171.4
44123.1
44052.2
43969.7
43893.9
43845.9
43844.1
43898.7
44009.7
44167.4
44355.6
44554.6
44744.5
44907.1
45027.7
45096.6
45110.3
45071.6
44988.5
44872.5
44736.8
44594.5
44458
44338.5
44242.8
44171.3
44133.2
44137.7
44134.4
44148.5
44158.4
44159.2
44146.9
44115.5
44064.6
44001.8
43941.8
43903
43902
43948.7
44043.8
44179.4
44341.5
44513.3
44677.5
44818.5
44923.7
44985.2
45000.5
44972.2
44907.2
44815
44705.3
44587.6
44470.8
44363.2
44270.4
44193.4
44143.3
44132.1
44101.8
44108.2
44115.5
44120
44117.8
44101.3
44067.8
44021.8
43974.8
43942.6
43940.1
43976.8
44053.9
44165
44298.6
44440.4
44576.2
44693
44780.8
44833.5
44849.5
44831.4
44784.9
44716.8
44633.8
44541.7
44446.1
44352.9
44266.6
44188.6
44131.6
44110
44049.4
44051.1
44057.4
44065.3
44070.8
44065.1
44043.5
44008.1
43967.9
43936.6
43927.8
43950.4
44006.3
44090.8
44194.7
44306.7
44415.5
44511.2
44586
44635.1
44657.3
44654.3
44629.9
44588
44532.2
44465.1
44389.7
44310.1
44230.6
44153.2
44092.3
44064.2
43939.8
43943.5
43954.8
43970.6
43985.8
43990.2
43977.2
43946.9
43906.7
43869.1
43846.9
43849.5
43880.2
43936.5
44011.9
44098.4
44187.6
44271.8
44344.3
44400.5
44437.8
44455.8
44455.1
44436.8
44401.6
44350.3
44284.9
44210
44130.7
44050.8
43986.4
43955.5
43734.4
43749.1
43774.7
43806.1
43836.1
43851.9
43845
43813.9
43765.4
43711.7
43666.8
43641.9
43643
43670.9
43722.6
43793.1
43876.2
43965
44052.1
44130.6
44194.3
44238.7
44260.8
44258.5
44231.1
44179.5
44107.5
44022.3
43931.9
43843.1
43774.1
43744
43401.1
43436.1
43485.3
43539.9
43588.9
43616.6
43611.9
43572.5
43505.1
43423.8
43345.2
43284.4
43252
43253.1
43288.8
43356.6
43451.1
43564.1
43685.1
43802
43903
43977.9
44019.3
44022.9
43988.3
43918.8
43822.6
43711.8
43599.5
43496
43422
43396.9
42884.4
42948.4
43030.1
43115.7
43189.4
43231.2
43227.4
43174.8
43081.2
42963.4
42842.9
42740.6
42673.1
42651.3
42680.2
42759
42881.5
43035.9
43205.8
43372.1
43515.3
43619.1
43671.7
43668.1
43609.9
43505.2
43368.7
43219.3
43076.3
42954.2
42875.4
42859.3
42072.2
42170.4
42292.6
42418.9
42526.9
42591.3
42594.6
42532
42412.2
42256.1
42091.2
41945.9
41844.8
41805.2
41836.1
41937.6
42101
42309.1
42538.1
42760
42947
43076
43131.4
43108.1
43011
42854.8
42661.8
42459.2
42273.1
42123.1
42033.9
42024.5
40812.4
40933.3
41091.3
41259.2
41406.2
41499.6
41516.4
41448.8
41306.4
41114.2
40907.3
40723.3
40595.9
40549.7
40597.6
40739.7
40963.5
41245
41551.4
41845.2
42089.4
42253.2
42316.9
42274.3
42133.2
41914.4
41648.3
41370.7
41116.2
40911.6
40785.8
40759.8
38956.8
39052.6
39207.3
39387.3
39552.8
39662.2
39685.3
39610.1
39446
39222.2
38981.7
38772.3
38637.2
38608.3
38701.5
38915.5
39232.5
39620.6
40037.5
40435.9
40770
41001.1
41103.9
41069
40904.5
40633.7
40292.2
39922.7
39568.4
39265.5
39051.2
38953.1
36396.5
36401.2
36487.1
36618.3
36749.9
36834.2
36835.5
36737.7
36549
36300.8
36041.6
35827
35708.5
35723.7
35890
36203.1
36638.1
37154.4
37701
38223
38668.1
38992.9
39168.1
39180.8
39036
38754.8
38371.7
37930.9
37479.5
37061.7
36723.8
36502.9
32908.1
32832.8
32842.4
32900.5
32962.3
32983
32930.1
32789.8
32570.3
32300.9
32027.8
31806.9
31693.3
31730.2
31939.4
32316.6
32832.7
33439.8
34079.2
34689.8
35216.1
35613.5
35852.4
35919.9
35819.2
35568.5
35198.5
34749.7
34268
33799.6
33394.8
33095.7
27782
27658
27590.8
27545.2
27485
27381.3
27221.2
27007.7
26757.4
26496
26256.4
26077
25999.2
26059.6
26281.3
26665.5
27189
27807.3
28462.8
29094.3
29646
30074
30350.1
30462.5
30414.6
30222.9
29914.7
29525.6
29096.2
28668.6
28288.3
27991.1
20420.3
20483.3
20557.5
20609.7
20614.1
20558.1
20443.7
20284.3
20096.9
19897.6
19700.2
19520.1
19377.9
19298.6
19306.2
19416.1
19628.4
19925
20272.2
20627.8
20949.2
21201.7
21363.3
21426.2
21395.1
21284.8
21117.5
20920.6
20723.9
20555.7
20443.2
20401.3
14370.3
14410.6
14452.9
14481.1
14481
14446
14378.6
14288.6
14188.1
14086.2
13987.4
13894
13809.4
13739.8
13693.9
13679
13698
13748
13821
13906.9
13996.7
14084
14165.2
14237.7
14298.5
14343.7
14369.6
14375.7
14366.1
14349.3
14338.7
14345.4
)
;
    }
    arteria_externa
    {
        type            calculated;
        value           nonuniform List<scalar> 
5088
(
4655.07
4606.49
4556.54
4507.24
4460.45
4417.79
4380.81
4350.85
4328.92
4315.67
4311.35
4315.91
4329.02
4350.18
4378.72
4413.83
4454.48
4499.47
4547.32
4596.33
4644.56
4689.97
4730.55
4764.46
4790.19
4806.63
4813.15
4809.59
4796.02
4772.38
4739.84
4700.09
12600.8
12582.1
12565.6
12551.6
12540.6
12532.8
12528.3
12527.7
12531
12538.3
12549.6
12564.5
12582.6
12603.2
12625.7
12649
12672.1
12693.8
12713.3
12729.5
12741.9
12749.9
12753.2
12751.6
12745.4
12734.8
12720.6
12703.5
12684.5
12663.3
12641.9
12620.5
16798.7
16768
16743.6
16725.6
16715
16711.8
16716.3
16728.7
16749
16776.8
16811.3
16851.3
16895.3
16941.5
16987.9
17032.6
17073.3
17108.3
17136
17155.2
17165.2
17165.7
17156.7
17138.8
17112.9
17080.4
17042.7
17001.7
16959.3
16915.4
16873.2
16833.4
19144.9
19109.3
19077.6
19050.5
19029.5
19015.2
19008.5
19010.2
19020.8
19040.1
19067.6
19102.1
19142.2
19186
19231.6
19276.6
19319.2
19357.4
19389.7
19414.7
19431.8
19440.4
19440.5
19432.5
19416.8
19394.5
19366.6
19334.4
19299.3
19260.6
19221.4
19181.9
20698.4
20677.5
20657.7
20639.3
20623.7
20611.2
20602.7
20598.9
20600.3
20607.1
20619
20635.4
20655.5
20678.1
20702.2
20726.4
20749.8
20771.2
20789.8
20805
20816.2
20823.5
20826.6
20825.8
20821.3
20813.6
20803
20790
20775.4
20757.4
20738.5
20718
21840.9
21845.5
21846.4
21843
21836.2
21825.9
21812.6
21797.2
21780.3
21762.7
21744.7
21727
21710.1
21694.4
21680.4
21668.5
21659.3
21653.1
21650.2
21650.7
21654.8
21662.5
21673.5
21687.6
21704.3
21723.1
21743.2
21763.9
21784.6
21802.4
21818.4
21830.7
22656.9
22682.5
22700.3
22709.3
22709.8
22701.5
22684.6
22659.9
22628.2
22590.4
22547.8
22501.6
22453.4
22404.9
22358.2
22315
22277.3
22246.8
22224.9
22212.6
22210.6
22218.9
22237.3
22264.9
22300.5
22342.7
22389.7
22439.4
22490.3
22538
22583
22622.4
23134.6
23161.3
23180.7
23191.9
23195.4
23190.4
23177.1
23156.1
23127.8
23093
23052.7
23007.8
22960
22911
22862.6
22817.1
22776.5
22742.8
22717.6
22702.3
22697.5
22703.6
22720.1
22746.3
22780.8
22822.2
22868.4
22917.6
22968
23015.3
23060.1
23099.5
23337
23343.1
23347.4
23349.4
23350.1
23348.8
23345.5
23340.4
23333.4
23324.3
23313.1
23299.6
23284.3
23267.5
23250.1
23232.9
23217.1
23203.7
23193.6
23187.4
23185.6
23188.2
23195
23205.5
23219.1
23235
23252.2
23270
23287.9
23302.7
23316.3
23327
23419.1
23397.1
23379.9
23367.9
23362.6
23363.5
23370.5
23383.3
23401
23422.4
23446.1
23470.8
23495.3
23518.5
23539.8
23558.5
23574.6
23587.8
23598.2
23605.6
23610
23611.1
23608.9
23603
23593.4
23580.1
23563.3
23543.4
23521.3
23495.3
23469.1
23442.4
23519.1
23483.6
23455.8
23436.2
23426.9
23427.3
23437.5
23456.6
23483.6
23516.8
23554.2
23593.8
23634
23673
23709.8
23743.2
23772.7
23797.6
23817.5
23832.1
23840.9
23843.6
23839.9
23829.6
23812.7
23789.5
23760.2
23725.7
23687.5
23644.5
23601.1
23557.7
23701.6
23679.1
23660.3
23645.6
23636.5
23632.6
23633.8
23640
23650.2
23663.4
23678.6
23694.6
23710.5
23725.8
23740.3
23753.8
23766.5
23778.6
23790
23800.8
23810.5
23818.9
23825.2
23828.8
23829.1
23825.6
23818
23806.2
23791.1
23770.5
23748.2
23723.9
23940.3
23945.4
23946.4
23943.2
23936.6
23926.3
23912.2
23894.7
23873.6
23849.3
23821.7
23791.6
23759.9
23727.8
23696.9
23669.1
23646.3
23629.9
23621.3
23621.2
23629.6
23646.1
23669.7
23698.9
23731.9
23767
23802.2
23836
23867.3
23892.6
23913.5
23928.7
24101.6
24125.6
24140.7
24146.3
24143.2
24130.5
24108.4
24077.4
24037.8
23990.4
23936.2
23876.6
23813.5
23749.6
23687.7
23630.9
23582.3
23544.7
23520.4
23510.8
23516.4
23536.8
23570.8
23616.2
23670.6
23731.2
23794.8
23858.7
23920.7
23976.2
24025.8
24067.2
24069.2
24089.5
24103.3
24110
24110.2
24103.1
24088.5
24066.7
24037.6
24001.7
23959.4
23911.8
23860.4
23807.3
23754.9
23706.2
23663.7
23630.1
23607.4
23597
23599.5
23614.4
23640.8
23676.8
23720.3
23769
23820.3
23871.9
23922.1
23966.8
24007
24040.5
23888.6
23885
23883.4
23883.5
23886.2
23890.5
23895.9
23901.6
23906.9
23910.5
23911.7
23909.9
23905
23897.2
23887.5
23877
23866.8
23858.3
23852.4
23849.8
23850.5
23854.4
23860.6
23868.3
23876.6
23884.3
23890.8
23895.4
23898.3
23897.3
23895
23891
23713.8
23682.1
23661.3
23651.8
23655.1
23670
23695.2
23729.4
23770.1
23815
23861.5
23907.3
23950.5
23989.7
24024.2
24053.3
24076.9
24095.1
24107.9
24115
24116.3
24111.4
24099.9
24081.5
24056.2
24024.1
23985.9
23942.7
23896.4
23846.4
23798
23752
23689.4
23645.7
23615.1
23598.5
23597.4
23611
23637.9
23676.4
23724
23778
23835.2
23893.1
23949.3
24002
24050
24092.3
24128.3
24157.5
24179.6
24193.9
24200
24197.4
24185.4
24164
24133
24092.8
24044.3
23988.9
23929.1
23864.7
23801.5
23741
23861.4
23830.7
23805.3
23786
23774.3
23769.7
23771.8
23779.9
23793
23809.6
23828.2
23847.8
23867.5
23886.9
23905.9
23924.6
23943.3
23962.2
23981
23999.4
24016.5
24031.4
24042.8
24049.6
24050.6
24045.4
24033.4
24014.9
23991.2
23960.8
23928
23893.3
24140.6
24133.8
24120.8
24101.9
24078.4
24050.3
24017.9
23982.1
23943.3
23902.2
23859.5
23816.4
23774.8
23736.4
23703.7
23678.8
23663.7
23660
23668.2
23688.4
23719.4
23759.6
23806.7
23857.8
23910.3
23961.6
24009.2
24051.3
24086.8
24112.3
24129.9
24138.5
24325.1
24331.5
24324.8
24305.2
24273.9
24231.1
24177.8
24115.2
24044.8
23968.4
23888.1
23806.4
23726.6
23652.2
23587
23534.6
23498.3
23480.5
23482.6
23504.7
23545.5
23603
23673.7
23754.1
23839.9
23927.3
24012.4
24091.9
24163.5
24222.6
24270
24303.6
24298.3
24297.4
24284.4
24259.6
24224.6
24179.5
24125.7
24064.5
23997.4
23926.2
23852.8
23779.8
23709.8
23646
23591.8
23550.2
23523.9
23514.7
23523.6
23550.4
23593.9
23651.6
23720.6
23797.3
23877.9
23958.8
24036.3
24107.6
24170.6
24220.9
24259.6
24284.7
24149.3
24129.3
24103.2
24071.5
24036.3
23998
23957.6
23916.5
23875.5
23835.7
23797.9
23763.3
23733
23708.6
23691.6
23683.1
23684.4
23696
23717.9
23749.4
23789.3
23835.6
23886.1
23938.1
23989.1
24036.8
24079
24113.9
24140.8
24156.6
24163.2
24159.8
24030.3
24000.5
23969.4
23937.9
23908.2
23880.6
23855.9
23835
23818
23805.3
23796.5
23791.8
23791.2
23794.6
23802.5
23814.8
23831.8
23853.3
23878.9
23907.8
23939.1
23971.3
24002.9
24032.3
24057.9
24078.5
24092.8
24100.2
24100.7
24092
24076.9
24055.1
24018.8
24004.1
23987.9
23970.4
23953.3
23936.4
23920.3
23905.4
23892
23880.1
23869.5
23860.4
23852.9
23847.2
23843.8
23843.1
23845.7
23852.1
23862.3
23876.4
23894
23914.2
23936.1
23958.4
23980
23999.7
24016.3
24029
24037.6
24039.2
24036.6
24028.8
24098.6
24117.3
24130
24135.8
24135.5
24128.3
24114.5
24094.5
24068.8
24037.8
24002.2
23962.9
23921.1
23878.2
23836
23796.5
23761.6
23733.3
23713.3
23702.7
23702.3
23712
23731.3
23759.1
23793.8
23833.7
23876.8
23921.1
23965.1
24004.8
24041.2
24071.9
24192
24239.7
24276.6
24301.2
24313.7
24312.9
24299
24272.3
24233.5
24183.6
24123.8
24055.8
23981.5
23903.7
23825.2
23749.5
23679.8
23619.8
23572.4
23540.1
23524.6
23526.7
23546.1
23581.7
23631.6
23693.2
23763.7
23839.7
23918.4
23994.3
24067
24132.8
24237.4
24293.4
24336.6
24365.3
24379.4
24377.8
24360.7
24328.8
24282.7
24223.8
24153.4
24073.7
23987.1
23896.6
23805.5
23717.7
23637.2
23567.8
23513.1
23475.9
23458
23460.5
23483.1
23524.4
23582.3
23654
23736
23824.6
23916.4
24005.4
24090.7
24168.1
24243.5
24287.7
24319.4
24337.1
24341.1
24330.7
24306.2
24268.5
24218.8
24158.4
24089.1
24012.8
23932.1
23849.8
23769.2
23693.6
23626.5
23571.3
23530.6
23506.8
23500.9
23513.4
23543.4
23589.5
23649.4
23720.2
23798.6
23881.4
23965.4
24045.1
24119.8
24185.9
24221.8
24245
24257.4
24258.1
24247.9
24226.5
24194.6
24153.3
24104.1
24048.5
23988
23924.8
23860.9
23798.9
23741.2
23690.4
23648.9
23618.7
23601.5
23598.2
23609.1
23633.6
23670.4
23717.9
23773.9
23835.9
23901.2
23967.3
24031.9
24090.3
24142.8
24186.3
24169.8
24172
24166.1
24151.9
24130.6
24102.3
24068
24029
23986.6
23942.3
23897.4
23853.6
23812.5
23775.7
23744.8
23721.3
23706.3
23700.7
23704.9
23718.9
23741.9
23773
23810.7
23853.4
23899.2
23946.4
23993
24037.3
24078.1
24111.5
24138.7
24157.5
24108.4
24091.1
24068.8
24041.8
24011.9
23979.3
23945.3
23911.3
23878.5
23848
23820.8
23797.8
23780.1
23768.4
23763.2
23765
23773.8
23789.4
23811.3
23838.6
23870.1
23904.5
23940.3
23976
24010.4
24042
24069.7
24092.6
24110.1
24119.3
24122.4
24117.8
24072
24036.5
23998
23957.4
23917
23877.8
23841
23808.2
23780.7
23759.4
23744.9
23737.9
23738.5
23747
23762.9
23785.9
23815.1
23849.4
23887.5
23927.8
23968.8
24008.9
24046.4
24079.8
24108.1
24130.2
24145.3
24152.7
24152.7
24142.8
24125.8
24101.1
24085.2
24036
23983.9
23930.2
23877.8
23828
23782.6
23743.6
23712.3
23689.8
23677
23674.3
23681.8
23699.2
23726.2
23761.5
23804
23852
23903.6
23956.7
24009.3
24059.4
24104.9
24144.2
24176
24199.1
24212.6
24216
24209.6
24191.2
24163.8
24127.2
24134.6
24083.7
24028.1
23969.2
23910.2
23852.5
23798.2
23749.6
23708.3
23675.9
23653.4
23641.7
23641.3
23652.5
23674.8
23707.7
23749.9
23799.9
23855.7
23915
23975.4
24034.5
24089.8
24139.4
24181.3
24214.2
24236.7
24248.1
24248.4
24235.2
24211.4
24176.6
24198.8
24161.9
24117.6
24066.8
24012.2
23955
23897.3
23841.1
23788.5
23741.2
23700.8
23668.8
23646.6
23635.3
23635.7
23648
23672.2
23707.5
23752.5
23805.5
23864
23925.6
23987.5
24047.1
24102.1
24150.5
24190.3
24220.4
24239.9
24246.2
24241.3
24224.5
24272.2
24260.6
24238
24204.7
24162.6
24112.4
24055.8
23994.6
23930.9
23866.6
23803.7
23744.6
23691.4
23646.5
23612.2
23590.4
23582.7
23589.9
23612.1
23648.3
23696.8
23755.3
23820.8
23890.2
23960.5
24028.7
24092.2
24148.7
24196.8
24232.7
24257.8
24270.3
24345.5
24360.4
24360.7
24346.1
24317.7
24275.8
24221.5
24156.7
24083.3
24003.3
23919.1
23833.3
23749.1
23669.9
23599.3
23540.9
23498.3
23473.9
23469.7
23486
23521.9
23575.3
23643.2
23722
23807.7
23896.5
23984.8
24069.3
24147.4
24214.6
24271.2
24314.4
24399.6
24434.5
24452.2
24451.8
24434
24398.7
24346.9
24280.2
24200.6
24109.9
24010.7
23905.9
23798.9
23693.9
23595.4
23508.5
23438.1
23388.2
23362.3
23361.9
23386.9
23435.7
23505
23590.9
23688.6
23793.5
23901
24007.1
24108.3
24199.4
24279.9
24346.6
24415.7
24460.9
24488
24495.6
24484.3
24453.8
24405.1
24339.6
24259.1
24165.5
24061.2
23948.9
23832.3
23715.7
23604
23502.8
23417.8
23354.2
23315.9
23305.5
23323.4
23368
23436.3
23524
23626
23737.4
23853
23968.5
24080
24182.1
24273.9
24351.7
24408.4
24457.3
24488.1
24499.4
24491.5
24464.2
24418.2
24355
24276.2
24183.8
24080
23967.5
23849.7
23731
23616.3
23511.3
23421.9
23353.6
23310.8
23296.1
23310.2
23351.7
23417.7
23503.6
23604.8
23715.8
23831.8
23948.2
24061.4
24165.5
24260
24340.9
24412
24463
24495.7
24508.5
24501.7
24475
24429.2
24365.7
24286.3
24192.8
24087.5
23973.1
23853.3
23732.3
23615.3
23508
23416.5
23346.4
23302
23286.3
23299.7
23341
23407
23493.4
23595.1
23707.1
23824.3
23942.1
24056.8
24162.9
24259.3
24342.5
24436.8
24487.1
24518.3
24528.8
24518.9
24488.4
24438.3
24370.1
24285.6
24186.9
24076.3
23957.1
23832.8
23708.2
23588.6
23480.1
23388.8
23320.3
23278.9
23267.1
23285.3
23331.8
23403
23494.4
23600.9
23717.2
23838.1
23959.2
24076.8
24185.1
24283.1
24367.2
24468.6
24509.8
24531.2
24531.5
24511.3
24470.6
24410.8
24333.7
24241.2
24135.6
24019.9
23897.3
23772
23648.9
23533.8
23432.5
23351.1
23294.5
23266.4
23268.5
23300.3
23359.1
23441.1
23541
23653.7
23773.9
23896.6
24017.4
24132.8
24237.2
24329.8
24407
24487.5
24508.8
24510.4
24491.6
24453.7
24397.2
24323.9
24236
24135.6
24025.6
23909.2
23789.9
23672.5
23561.8
23463.4
23382.8
23325.1
23293.9
23291.5
23318
23371.5
23448.2
23543.5
23651.9
23768.2
23887.5
24005.2
24117.3
24220.8
24310.7
24386.6
24445.4
24480.4
24475.6
24452.2
24410.6
24352.7
24279.6
24193.6
24097.3
23993.3
23884.5
23774.3
23666.9
23566.5
23478.2
23406.7
23356.6
23331.4
23333.1
23362
23416.4
23492.7
23586.4
23692.1
23804.5
23918.7
24030.3
24135.4
24230.8
24314.2
24381.3
24432.3
24465
24450
24424.2
24381.8
24323.8
24252.5
24169.8
24078.1
23980.1
23878.6
23776.6
23677.4
23585
23503.6
23437.8
23391.6
23368.5
23370.7
23398.7
23451.1
23524.9
23615.6
23717.8
23826.3
23935.9
24042.4
24142.1
24231.9
24309.3
24372.6
24418.1
24446.6
24456.7
24418.5
24388.8
24343.9
24284.9
24214.1
24133.4
24044.9
23951.3
23855.1
23759.1
23666.7
23581.5
23507.7
23449.8
23411.7
23396.4
23405.9
23440
23497
23573.3
23664.2
23764.5
23868.8
23972.5
24071.7
24163.3
24244.6
24313.3
24368.1
24405.5
24426.8
24430.4
24422.3
24407.8
24377.4
24331.6
24272.2
24200.5
24118.5
24028.3
23932.3
23833.3
23734.5
23639.9
23553.9
23481.5
23427.2
23395
23387.6
23405.8
23448.6
23513
23594.8
23688.7
23789.4
23892.2
23992.8
24088.2
24175.3
24252.1
24316.9
24366.2
24400.9
24419.1
24480.2
24488.2
24477.3
24447.2
24399.1
24333.9
24253.4
24159.7
24055.2
23942.5
23825.2
23707.5
23594.5
23492
23406
23342.2
23305.1
23297.6
23320
23370.3
23444.4
23536.9
23641.9
23753.6
23867.4
23979.2
24085.7
24184.4
24273
24347.6
24408.3
24452.3
24572.7
24593.3
24591
24565.2
24517.4
24448.4
24360.1
24254.9
24135.1
24003.6
23864
23720.9
23580.1
23448.7
23334.1
23244.1
23185.1
23161.4
23174.6
23222.9
23301.9
23404.9
23525
23655.1
23789.5
23923.3
24052.9
24174.8
24286.7
24383.9
24465.7
24528.7
24666.8
24680.3
24667.6
24628.8
24565.6
24479.7
24373.5
24249.6
24110.6
23959.6
23800.4
23638.3
23480
23333.5
23207.9
23112
23053.5
23037
23063.8
23131
23232.7
23360.5
23505.5
23659.5
23815.8
23969
24115.1
24250.7
24373.1
24477.7
24563.2
24626.5
24746.2
24738.8
24703.1
24639.9
24552
24441.9
24312.6
24167.2
24008.7
23840.5
23666.9
23493.7
23328.7
23180.9
23060.4
22976.7
22937.4
22946.6
23003.9
23104.5
23239.8
23399.3
23572.4
23749.7
23923.9
24089.7
24243.3
24381.5
24501.9
24600.1
24675.1
24723.9
24797.3
24773.5
24720
24638.5
24532.3
24404.6
24259
24098.9
23927.5
23748.3
23566.1
23387
23219.3
23072.8
22958.5
22886.2
22863.6
22894.2
22976.2
23103.1
23264.3
23447.5
23640.7
23833.6
24018.8
24191
24346.7
24483.4
24599
24689.4
24754
24790
24802.9
24782.8
24732.9
24654.6
24551
24425.3
24281.1
24121.5
23949.8
23769.1
23583.8
23400
23225.9
23071.6
22948.6
22867.9
22837.9
22862.9
22942
23068.4
23231.4
23418
23615.4
23812.6
24001.6
24177.1
24335.7
24474.7
24592.4
24685.3
24752.7
24791.9
24780
24784.1
24758.6
24703.6
24621.7
24515.2
24387.2
24240.6
24078
23902.1
23716.5
23526.4
23339.4
23165.4
23016.5
22904.9
22841.3
22832.5
22880.2
22979.8
23121.9
23294.1
23483
23677
23867
24046.9
24212.6
24361.5
24491.7
24600
24685.7
24746
24779.3
24812.3
24814.5
24785
24725.4
24637.8
24525.1
24389.9
24234.4
24060.9
23872
23671.8
23467.1
23267.5
23085.5
22935
22829.5
22779.2
22789
22857.4
22976.4
23134
23316.4
23510.4
23705.9
23895.2
24073.8
24238.6
24387.8
24518.3
24629
24716.6
24830
24878.7
24893.6
24873.5
24820.1
24735.6
24623.3
24486.2
24326.3
24145.3
23945.3
23729.6
23504.4
23279.6
23068.6
22887.6
22752.6
22676.7
22667.2
22723.8
22839.1
23000.3
23191.9
23399.1
23610.1
23816.4
24012.6
24195.6
24363.4
24513
24643.1
24749.6
24922.2
24969
24978.1
24948.9
24883.5
24785.3
24658.1
24505.3
24329
24130.8
23912
23676.1
23429.5
23183.2
22952.4
22755.4
22610.5
22532.4
22529.1
22599.8
22735.5
22921.1
23138.9
23371.9
23606.8
23834.5
24049.2
24248.1
24429.4
24590
24728.3
24840.1
25018.4
25054.8
25050.3
25004.7
24921
24803.5
24656.8
24484.6
24289.1
24071.5
23833.2
23577.8
23312.7
23050.2
22807.8
22605.6
22463.6
22397
22413.3
22510.1
22675.9
22892.8
23140.4
23400.2
23657.8
23903.8
24132.9
24342.3
24530.7
24695.3
24834.1
24943
25074.2
25101.3
25085.8
25027.9
24931.4
24801.1
24641.8
24457.3
24249.5
24019.5
23768.8
23501.5
23225.7
22955.3
22708.9
22508.1
22373.3
22319.8
22354.2
22472.3
22660.4
22898.8
23165.5
23441.1
23710.8
23965.6
24200.6
24413.5
24603.1
24766.8
24902.6
25006.3
25073.3
25094.3
25073.1
25010.2
24909.6
24776.1
24614.3
24427.7
24218
23986.1
23733.9
23465.6
23190.3
22922.3
22680.8
22487.2
22361.9
22319.3
22364.7
22493.1
22689.8
22934.2
23204.2
23480.6
23749.2
24001.4
24232.8
24441.3
24625.9
24784.2
24914.2
25011.7
25033.1
25049.2
25025.1
24961.5
24862
24731.3
24573.6
24391.7
24187.3
23961.2
23715.6
23455.4
23189.7
22933
22704
22523.3
22410.1
22377.4
22429.6
22560.7
22756
22995.4
23257.7
23524.4
23782.4
24023.8
24244.7
24443.1
24618
24767
24888.3
24978
24984
24995.1
24968.3
24904.4
24806.9
24679.9
24527.4
24351.6
24153.9
23935.6
23699.1
23449.7
23197.1
22955.3
22742.2
22577.4
22478
22455.8
22513.8
22645.6
22836.8
23068.1
23319.2
23573.3
23818.1
24046.7
24255.3
24441.9
24605.6
24744
24855.3
24936.2
24947.1
24952.9
24922.8
24857.5
24760.5
24635.4
24485.9
24313.9
24120.7
23908
23678.5
23438.3
23197.1
22968.9
22770.9
22621.1
22535.2
22523.4
22587.7
22721.1
22909.5
23134.1
23376.1
23619.7
23853.7
24071.7
24270.2
24447.3
24601.5
24730.8
24833.4
24906.2
24929.8
24930.5
24896.3
24828.1
24729.2
24603.2
24453.3
24281.5
24089.1
23878
23651.7
23416.8
23183.3
22965.3
22779.2
22642.2
22568.4
22566.8
22638.2
22775.1
22963.4
23185
23421.9
23659.2
23886.6
24098.2
24290.5
24461.5
24609.6
24732.6
24828.6
24895
24929.8
24925
24885.9
24813.2
24710.2
24580.7
24427.5
24252.6
24057.7
23845
23618.7
23385.9
23157.2
22946.7
22770.3
22644.3
22581.7
22590.1
22669.4
22811.6
23002.4
23224.1
23459.5
23694.3
23918.9
24127.7
24317.3
24485.3
24629.8
24748.5
24839.6
24900.6
24927.5
24917.2
24873
24795.8
24688.8
24555.7
24399.4
24222
24025.3
23812.1
23587.1
23358
23135.8
22934.3
22769
22654.7
22603.4
22621.3
22707.4
22853.5
23045.3
23265.9
23498.8
23730.4
23951.8
24157.5
24344
24508.6
24649.1
24763.2
24849
24904.2
24892.4
24878.2
24831.5
24753.4
24646.9
24515.6
24362.4
24189.1
23998
23792.1
23576.7
23359.4
23151
22964.5
22814
22713
22671.8
22695.4
22782.4
22924.8
23109.3
23320.4
23542.7
23763.9
23975.5
24172.3
24350.6
24507.4
24640.4
24747.1
24825.7
24874.5
24803.9
24790.5
24747.8
24676.6
24579.6
24460.2
24320.8
24163.4
23990.1
23803.8
23609.8
23415.1
23229.4
23064.2
22931.6
22843
22807.1
22828.1
22904.9
23030.6
23194.2
23381.9
23580.7
23779.6
23971.1
24150
24312.7
24455.9
24577
24673.8
24744.7
24788.3
24677.1
24671.1
24640
24584.1
24505.8
24407.8
24292.3
24160.7
24014.9
23857.5
23692.6
23526.6
23367.4
23224.3
23107.5
23026.3
22988
22996.7
23052.2
23149.7
23280.7
23434.3
23599.6
23767.6
23931.4
24086.6
24229.2
24355.8
24463.8
24551.1
24616.5
24658.6
24551.1
24556.4
24540.7
24503.6
24447.1
24373.4
24284.1
24180.3
24063.2
23934.8
23798.4
23658.9
23522.9
23397.9
23292
23212.8
23167.1
23158.9
23189.2
23255.4
23351.4
23469.1
23599.9
23736.2
23872.3
24003.9
24127.4
24239.2
24336.6
24417.6
24480.9
24525.6
24449.8
24463.4
24459.1
24436.3
24396.5
24341.7
24273.2
24191.6
24097.7
23992.8
23879.6
23762
23645.3
23535.5
23439.2
23362.8
23312.3
23291.7
23302.9
23344.7
23413.2
23502.2
23604.9
23715.3
23828.5
23940.8
24048.3
24147.8
24236.3
24311.8
24373.1
24419.3
24375.6
24387.9
24384.7
24365.6
24332.1
24286.2
24229.2
24161.4
24083.4
23996.2
23901.7
23803.4
23705.4
23612.6
23530.4
23463.9
23418.1
23396.6
23401.4
23432.3
23486.3
23558.6
23643.9
23737
23833.7
23930.7
24024.4
24111.3
24188.9
24254.9
24308.5
24348.8
24307.6
24304.9
24289.4
24261.3
24222.5
24175.3
24121.2
24061
23994.8
23923.6
23848.9
23773.5
23700.5
23633.7
23576.7
23533.3
23506.8
23500
23514.2
23549.1
23602.2
23669.4
23746
23827.6
23910.6
23991.9
24068.5
24137
24195.4
24241.9
24276.1
24297.9
24211.2
24179.1
24138
24089.3
24035.9
23981
23926.6
23873.9
23823
23774.4
23729.1
23688.6
23654.5
23628.7
23612.9
23608.5
23617.2
23639.9
23676.9
23727.2
23788.2
23856.3
23927
23996.5
24061.9
24120.7
24170.5
24208.9
24234.5
24246.8
24246.3
24234
24058.6
23986.7
23911.8
23836.9
23766.6
23705.2
23655.6
23618.9
23595
23583.2
23582.9
23593.4
23614
23644
23682.4
23728.3
23781
23839.8
23904
23971.8
24040.7
24107
24167
24217.5
24256.3
24281.9
24293.1
24288.6
24268.2
24232.9
24184.6
24125.5
23852
23740.5
23634.2
23538.3
23459
23401.9
23370.3
23364.4
23382.7
23422.3
23479.8
23551.6
23633.8
23722.9
23815.4
23908.4
23999.6
24087.4
24170.4
24246.8
24314.3
24369.7
24409.9
24432.6
24436.5
24421.2
24386.7
24332.9
24261
24173.3
24073.2
23964.5
23625.3
23486.3
23362
23259.3
23186
23148
23147.6
23183.7
23252.1
23346.8
23461.3
23588.8
23723.2
23858.5
23989.9
24113.5
24226.5
24327.2
24414.4
24486.5
24541.7
24577.5
24591.5
24582.1
24549.1
24493
24414.7
24315.5
24197.7
24064.7
23921.2
23772.5
23442.8
23292.2
23164.3
23067.5
23009.9
22996.9
23029.6
23104.5
23214.7
23351.6
23506.1
23669.8
23834.8
23994.6
24144.1
24279.4
24398
24498.4
24579.7
24641
24680.5
24696.4
24686.8
24650.7
24588.6
24501.7
24392
24261.2
24112.7
23950.4
23780.1
23608.2
23367.8
23216.9
23092.6
23003.9
22958.8
22962.2
23013.8
23108.5
23237.7
23391.3
23559.2
23732.4
23903.2
24065.4
24214.4
24346.8
24460.6
24554.9
24628.8
24681.6
24711.7
24717.3
24696.8
24649.6
24576.4
24478.8
24358.8
24218.5
24061.2
23891
23713.8
23536.5
23396.9
23251.4
23131.9
23047.3
23005.9
23012.1
23065
23158.8
23284.5
23431.8
23590.7
23752.8
23911.2
24060.6
24197.1
24318.2
24422.4
24508.9
24577
24626.1
24654.4
24660.4
24642.3
24599.6
24532.8
24443.5
24333.1
24203.2
24056.5
23896.4
23728.3
23558.9
23434.7
23293.6
23177.1
23094.4
23053.9
23059.9
23111.3
23201.8
23322.1
23462
23611.7
23763.3
23910.4
24048.5
24174.2
24285.7
24381.7
24461.8
24525.5
24572
24599.8
24607.2
24592.7
24555.7
24496.5
24416.4
24316.5
24197.6
24061.8
23912
23752.9
23591
23369
23222.5
23103.7
23023
22989.1
23005.9
23071.4
23177.8
23314.5
23469.5
23632.4
23794.3
23949.1
24092.3
24221.1
24333.8
24429.6
24508
24568.4
24610
24631.4
24631.2
24608.2
24562.3
24494.3
24405.7
24297.7
24171.2
24027.6
23869.9
23702.6
23532.5
23196.6
23030.5
22900.4
22818.8
22795.8
22834.6
22931.2
23074.7
23250.7
23444.5
23642.8
23835.9
24016.9
24181.6
24327.9
24454.4
24560.3
24644.8
24706.7
24744.7
24757.2
24743
24701.6
24633.6
24541.1
24426.4
24291.4
24137.2
23965.6
23779.2
23583.1
23385.2
23007.2
22807
22652.1
22558.9
22539.5
22597.2
22725.6
22910.1
23131.8
23371.6
23613.2
23844.9
24059.5
24253.4
24425.1
24573.9
24699
24799
24871.5
24914.2
24924.6
24901.4
24844.5
24755.5
24637.6
24494.3
24328.3
24141
23934
23709.9
23473.9
23235.1
22857.7
22615.8
22426.6
22311
22284.1
22350.4
22501.7
22719.8
22981.4
23262.7
23544.1
23812
24058.8
24281.4
24479.5
24653
24801.2
24921.8
25011.2
25065.5
25081.2
25056.5
24991.5
24889
24753
24588.2
24397.8
24183.3
23945.7
23686.8
23411.5
23129.7
22741.3
22463.3
22243.7
22107.4
22072.9
22145.7
22316.2
22563.1
22858.7
23175.2
23489.7
23786.8
24058.8
24303.5
24521.7
24714.4
24880.8
25018
25121.1
25184.8
25204.5
25178
25106.2
24992.4
24842.1
24660.9
24452.5
24218.2
23958.2
23673
23367
23050.4
22640.1
22339.3
22101.8
21955.6
21921.7
22005.7
22196.7
22470.5
22795.6
23140.8
23480.7
23798.8
24087.6
24345.8
24575.6
24778.6
24954.5
25099.8
25208.5
25274.2
25291.9
25259.3
25177.5
25051.1
24886.7
24690.9
24467.7
24218.4
23942.5
23639.4
23313
22973.3
22587.4
22273.6
22025.4
21873.2
21839.6
21930.5
22134.1
22424.1
22766.9
23129
23483.4
23813
24110.2
24374.9
24609.7
24817.4
24997.5
25146.2
25257.1
25323.2
25338.8
25301.9
25213.8
25080
24907.6
24703.8
24473.2
24216.8
23933.5
23622.1
23285.6
22933.9
22621.5
22300.2
22042
21878.7
21834.4
21916.1
22112.9
22398.7
22739.4
23100.8
23455.4
23785.3
24083.1
24348.3
24584.1
24793.5
24976.1
25128.2
25243.2
25313.7
25334
25301.6
25218.1
25088.8
24921
24722.1
24496.6
24245.3
23967
23659.4
23324.8
22972.2
22719
22395.5
22129
21951.9
21889.4
21950.7
22126.7
22393.1
22717.2
23065.3
23409.7
23732
24024
24284.9
24517.8
24725.7
24908.6
25063
25182.6
25260.1
25289.6
25268.3
25197.2
25081.1
24927.1
24742.1
24530.6
24293.3
24028.8
23734
23410.6
23066.2
22811.3
22490.6
22221.1
22035.2
21959
22003.1
22160.6
22409.1
22717.1
23051.6
23384.9
23698.2
23982.6
24236.8
24463.8
24666.7
24846.1
24999
25119.7
25200.9
25236.9
25224.3
25163.8
25059.5
24918.2
24746.3
24548.4
24325.1
24074.8
23794.2
23484.1
23150.8
22846.2
22528.2
22258.7
22070.5
21990.1
22029
22181
22424.4
22728
23058.9
23388.9
23698.7
23979
24228.6
24450.4
24648.2
24822.8
24972
25090
25170.2
25206.4
25195.1
25137
25036
24898.8
24732
24540.1
24323.8
24081.4
23809.1
23506.9
23180.6
22817.8
22492.7
22216.5
22023.4
21941.3
21982.3
22140.2
22392.6
22706.9
23048.8
23388.5
23706
23991.8
24244.9
24469
24668.2
24844.1
24994.4
25113.1
25193
25227.6
25213.4
25150.8
25044.4
24901.6
24729.6
24533.4
24314
24069.2
23794.6
23489.3
23158.3
22746.6
22396.6
22096.9
21885.4
21793
21833.7
22001.3
22271.8
22609.8
22977.4
23342
23681.7
23986.6
24256
24494.8
24708
24897.5
25060.5
25190.4
25278.3
25316.6
25301.2
25232.6
25116.3
24960.7
24774.7
24564.5
24331.5
24073.2
23784.1
23461.9
23110.6
22671.2
22282.8
21945.5
21702.1
21588.3
21621.2
21795.3
22085
22451.3
22851.9
23250.3
23621.8
23955.1
24250.3
24513.2
24749.9
24962.7
25148.1
25298
25401.7
25450
25437.7
25365.4
25239.3
25069.5
24866.7
24638.6
24387.3
24109.9
23799.5
23452.1
23070.6
22633.2
22212.6
21842.4
21569.4
21433.3
21454.2
21628.2
21928.7
22314.5
22739.8
23164.6
23561.8
23919
24236.3
24520
24777.1
25010
25214.8
25382
25499.9
25557.8
25549.9
25476.6
25344.9
25166.2
24952.4
24712.3
24448.6
24157.9
23832.2
23466.1
23061.1
22648.4
22222.4
21844.4
21562.1
21416.6
21429.1
21596.7
21893.9
22279.3
22706.8
23135.5
23537.5
23899.6
24221.5
24509.6
24771
25008.2
25217
25388
25509
25569.3
25562.9
25490.3
25358.9
25180.2
24966.6
24727.1
24464.5
24175.3
23850.9
23485.4
23079.4
22708.9
22304.2
21944.6
21675
21534.7
21544.2
21701.4
21982.7
22349.3
22757.5
23168.3
23554.3
23902.6
24211.9
24487.9
24737.2
24962.1
25159.1
25319.4
25432
25487
25479.1
25408.8
25283
25112.7
24909.5
24681.9
24432.4
24157.8
23849.9
23503
23117.9
22797.5
22421.3
22086.5
21834.3
21701
21706.1
21848.3
22106.8
22446.4
22827.2
23212.6
23576.7
23906.3
24199.2
24459.6
24693
24901.7
25082.8
25229.1
25331.2
25380.6
25372.7
25307.9
25192.2
25035.3
24847.5
24636.1
24403.5
24147.1
23859.5
23536.1
23177.6
22896.6
22537.4
22214.6
21966.9
21828.6
21819.2
21939.6
22171.8
22484.6
22840.8
23206.1
23555
23873.5
24158
24411.2
24637.6
24839.2
25013.8
25155.4
25256
25308.1
25307.2
25253.4
25151.6
25009.8
24837.1
24640
24420.9
24178
23905.1
23598.1
23258
22995
22639.1
22314.2
22057.2
21902.2
21870
21963.8
22169
22457.5
22794.3
23146
23487.1
23802.5
24087
24342.1
24571.2
24776.2
24955.3
25103
25212
25275.1
25287.5
25248.6
25162.2
25035.2
24875.6
24689.6
24479.8
24245
23980.2
23681.4
23349.5
23067.1
22711.6
22383.2
22117.8
21949.5
21899.7
21973.4
22158.4
22428.7
22751
23092.9
23428.5
23742.2
24027.8
24285.9
24519.2
24729.3
24914.4
25069.3
25186.7
25259.5
25282.7
25255.2
25180.2
25063.8
24913.4
24734.9
24531.1
24301.4
24041
23746.6
23418.8
23070.5
22720.3
22397.5
22137.6
21973.2
21925.2
21998.2
22180.3
22446.1
22763.5
23100.7
23432.6
23743.7
24027.8
24285
24517.6
24726.9
24910.9
25064.4
25180.3
25251.7
25273.9
25246.2
25171.6
25056
24906.6
24729.1
24525.9
24296.6
24036.8
23743.7
23418.4
22999
22658.4
22350.4
22109.6
21966.7
21940
22032.1
22229.3
22505.6
22829.1
23168.8
23500.7
23810.4
24092.2
24346.2
24574.5
24777.8
24953.8
25097.1
25201.1
25259.4
25268.3
25227.8
25141.7
25016.3
24858.5
24673.8
24464.3
24229.1
23964.3
23668.1
23342.7
22908.9
22579.2
22288.8
22071
21954.2
21953.9
22069.8
22286.3
22576.6
22908.6
23252.4
23585.5
23894.3
24174
24424.9
24648.7
24845.4
25012.3
25143.9
25233.8
25276.4
25269
25212.7
25112
24973.7
24804.8
24610.1
24391.5
24148
23876.1
23574.9
23248.2
22869
22551.3
22277.1
22077.8
21979.4
21995
22122.7
22346
22638.3
22968.6
23308.5
23636.6
23940.6
24216
24462.8
24682.1
24873.6
25033.9
25157.6
25238.5
25271.8
25255.5
25191.2
25084
24940.7
24767.6
24569.5
24347.5
24100.8
23826.6
23524.9
23201.1
22898
22596.2
22338.5
22153.7
22065.3
22084.5
22208.7
22422.5
22700.6
23014.6
23338
23651.2
23942.7
24207.9
24446.5
24658.9
24844.1
24998.6
25117.2
25194.1
25225
25208.4
25146.3
25043.3
24905.6
24738.9
24547.1
24331.2
24090.5
23823
23529.5
23216.4
22951.5
22671.9
22435.6
22268.7
22191.4
22213.3
22331.2
22530.7
22789
23080.2
23380.7
23672.8
23945.8
24195.3
24420.5
24621.1
24795.8
24941.1
25052.1
25123.7
25152.4
25136.9
25079.1
24983.3
24854.6
24697.9
24516.3
24310.4
24080.3
23824.6
23545.3
23249.6
22975.7
22724.6
22517.5
22377.2
22320.5
22354.2
22474.1
22666.4
22910
23182.1
23461.6
23733
23986.7
24218.6
24427.4
24612.4
24771.8
24902.6
25000.2
25060.6
25080.9
25060.4
25001.2
24906.8
24781.8
24630.2
24454.5
24255.5
24033.5
23788.8
23524.5
23248.9
22971.8
22753.7
22581.4
22474.2
22444.7
22497.1
22625.4
22816.1
23050.1
23306.8
23568.2
23820.7
24056
24270.2
24461.7
24629.4
24771.4
24884.6
24965.2
25010.1
25017.1
24986.4
24919.9
24821.2
24694.2
24542.4
24367.9
24171.6
23955.1
23719.9
23470.7
23217
22977.8
22794.1
22657
22581.9
22578
22646.5
22780.5
22967
23189
23428.6
23670.4
23902.8
24118.8
24314.6
24488.5
24638.9
24763.6
24859.8
24924.3
24954.6
24949.5
24909.3
24836.3
24733.7
24605
24453.1
24280.2
24087.6
23877.9
23654.2
23422.5
23192.9
23006.8
22857.1
22753.4
22707.1
22724
22803.3
22937.6
23114.8
23320.2
23538.7
23757.5
23967.2
24161.6
24337.4
24492.6
24625.2
24733.1
24813.5
24863.9
24882.4
24868.1
24821.9
24745.7
24642.6
24515.4
24366.6
24198.3
24012.6
23813.2
23604.6
23393.5
23190.5
23031.9
22917.2
22847.4
22830.4
22868.6
22959.4
23094.8
23263.8
23453.6
23652
23848.4
24035.4
24207.9
24363
24498.4
24612.2
24702.2
24765.9
24801.4
24807.2
24783
24729.9
24649.7
24545
24418.2
24271.5
24107.2
23928.1
23739.5
23547
23358
23182.8
23016.3
22938.9
22906.8
22924.2
22990.2
23099.6
23244
23412.8
23595
23780.4
23960.8
24130.2
24284.5
24421
24537.7
24632.3
24702.8
24747.1
24763.9
24752.4
24712.9
24646.8
24555.9
24442.5
24308.9
24157.2
23990.2
23812.2
23629.7
23450
23281.2
23133.5
22955.6
22919.7
22930.8
22989
23089.8
23225.6
23386.8
23563.2
23745.3
23924.9
24095.6
24252.7
24392.8
24513.6
24612.6
24687.8
24737.2
24759.3
24753.2
24719.1
24658.1
24571.9
24462.7
24332.5
24183.6
24018.6
23841.5
23658
23476.6
23306.3
23156.2
23036.7
22877.2
22887
22945.1
23047.6
23186.2
23350.9
23531.2
23717.5
23902
24078.2
24241.5
24388.4
24515.9
24621.6
24703.1
24758.1
24784.9
24782.5
24751
24691.3
24605.3
24495.1
24363.1
24211.4
24042.5
23860.1
23669.3
23477.9
23296.5
23136
23006.5
22918.4
22797.6
22852.8
22956.7
23101.5
23275.5
23466.8
23664.5
23859.9
24046.7
24220.4
24377.9
24516.5
24633.5
24726.3
24792
24828.3
24833.8
24808
24751.8
24667
24556.2
24421.8
24266.2
24091.7
23901.4
23699.8
23494
23293.9
23112.4
22962.3
22854.5
22798.5
22710
22806.1
22951
23133.4
23338.5
23553.2
23766.5
23970.7
24161.3
24335.3
24490.9
24625.8
24737.2
24822
24876.7
24898.9
24887.2
24841.8
24764.3
24657.4
24523.9
24366.5
24187.6
23989.6
23776.2
23553.2
23329.7
23117.9
22933.5
22791.1
22701.8
22674.6
22609.2
22744.3
22928.3
23146.2
23380.7
23617.6
23846.3
24060.5
24257.1
24434.9
24592.5
24728
24838
24918.4
24965.4
24976.1
24949.4
24886.2
24788.8
24660.6
24504.6
24323.5
24119.8
23896
23656.5
23408.8
23164.1
22937.8
22748
22611.4
22539
22539
22516.7
22696.1
22922.7
23177.9
23442
23700.4
23943.6
24167
24369.5
24550.9
24710.5
24845.8
24952.6
25026
25061.6
25056.7
25010.7
24925.4
24804.2
24650.8
24468.6
24260.4
24028.4
23775.8
23508
23234.5
22969.6
22731.8
22541.8
22417.7
22370
22404.8
22470.5
22702.2
22975.2
23268
23559.5
23835.7
24089
24317.2
24521
24701.4
24857.5
24986
25081.8
25139.4
25154.3
25124.4
25050.2
24934.9
24782.6
24598
24384.7
24145.3
23882.5
23600.3
23306
23011.9
22735.5
22498.3
22323
22227.9
22221.1
22305.5
22503.8
22786.9
23101.2
23423.7
23733.4
24018.2
24273.1
24498.4
24696.5
24868.6
25013.4
25126.7
25202.5
25235.1
25220.6
25157.9
25049.3
24899
24712.5
24494.7
24249.5
23980.1
23689.8
23384
23072.5
22770.7
22498.9
22280.5
22138.5
22089.6
22137.8
22281.3
22623.3
22940.2
23276.6
23610.2
23921.7
24201.8
24447.7
24661.6
24846.6
25003.6
25130.5
25222.3
25272.8
25276.7
25231.1
25136.5
24996.4
24816.3
24602.3
24359.6
24092.5
23804.7
23500.4
23187
22876.4
22586
22337.6
22154.4
22057.5
22060.7
22162.6
22357.2
22802.8
23120.7
23448.8
23767.7
24061
24321.4
24547.8
24742.6
24908.6
25045.8
25151.5
25220.5
25247.1
25227
25159
25044.6
24888.4
24696.2
24474
24227.3
23960.3
23677
23382.8
23085.8
22799
22539.8
22328.9
22187.3
22132.7
22174.9
22308.6
22525.6
22993.1
23274.9
23563.3
23842.6
24099.2
24327.3
24526
24696.8
24841.1
24958
25044.5
25095.9
25107.8
25077.5
25004.8
24892.2
24744.1
24565.9
24362.9
24139.8
23900.5
23649
23390.5
23133
22888.3
22671.7
22500.8
22392.8
22361.7
22414.5
22544.7
22744.5
23143.5
23362.9
23590.6
23815.1
24025
24215.4
24384.3
24531.8
24657.4
24759.4
24835.1
24880.7
24893.4
24871.8
24816.2
24729
24613.4
24473.5
24313
24135.5
23944
23741.6
23532.7
23323.9
23124.6
22947
22804.7
22711.3
22678.1
22711.1
22804.5
22954.1
23225.3
23374.3
23537
23705.6
23870.4
24026.7
24171.4
24302.6
24418.5
24516.8
24594.8
24649.9
24680.1
24684.3
24662.8
24616.4
24547
24456.4
24346.8
24220.3
24078.7
23924.5
23760.9
23592.9
23427.5
23274
23142.9
23044.7
22989.4
22983.1
23022.2
23106.6
23236
23320.3
23425.3
23546.1
23674.6
23806.1
23936.8
24063
24181.6
24289.3
24383.1
24460.4
24519.2
24558.2
24576.5
24573.7
24549.9
24505.1
24440.2
24355.8
24253.4
24134.6
24002
23859.4
23712.2
23567.5
23433.3
23318.6
23232.1
23181
23163.8
23184.1
23207.9
23235.5
23290.1
23370
23469
23582.9
23706.9
23836.2
23965.8
24091.1
24208
24313
24403.5
24477.4
24533.1
24568.9
24583.6
24576.2
24546.4
24494.2
24420.3
24326.1
24213.8
24086.4
23948.2
23804.7
23662.6
23529
23412.2
23319.7
23251.7
23215.1
23196
23171.6
23178.3
23218.1
23286.8
23381.3
23496.8
23627.4
23766.7
23908.2
24046.2
24176.2
24294.5
24398.4
24485.4
24553.5
24600.4
24624.5
24624.7
24600.4
24551.9
24480.1
24386.7
24274.2
24146.1
24006.5
23860.8
23714.8
23575.5
23450.6
23340.9
23255.7
23233.4
23162.8
23124
23122.5
23157
23225.9
23325.2
23448.7
23588.6
23737.4
23887.9
24034.2
24171.9
24297.6
24408.6
24502.1
24575.7
24627.2
24654.9
24657.6
24635
24587.6
24516.3
24423.2
24310.9
24182.6
24042.2
23894.1
23744.1
23598.9
23459.7
23336.8
23297.4
23190.2
23113.4
23075.5
23077.5
23120
23199.9
23311.1
23445.4
23594.2
23749.2
23903.7
24052.6
24192.1
24319.2
24431.2
24525.3
24598.9
24649.8
24676.1
24677.1
24652.4
24602.7
24529.4
24434.6
24320.7
24190.3
24046.8
23894.5
23739.4
23582
23433.1
23324.6
23191.5
23088.3
23025.6
23006.5
23032.8
23101.9
23207.8
23341.7
23493.8
23654.9
23817.5
23976
24126.5
24265.9
24391.5
24500.2
24589.3
24655.9
24697.9
24713.7
24702.9
24665.8
24603.6
24518.2
24411.6
24285.8
24143.2
23987.4
23823.6
23652.1
23483.9
23250.7
23099.2
22981.6
22909.8
22887.8
22917.6
22996.2
23116.3
23267.5
23438.5
23618.7
23799.5
23974.9
24140.7
24294
24431.9
24551.2
24648.9
24721.8
24767.6
24784.5
24772.2
24731.4
24663.7
24571
24455.5
24319
24163.4
23992.3
23810.9
23619.5
23430.4
23084.2
22918.5
22794.9
22726.7
22717.6
22769.1
22876.4
23029.6
23216
23421.8
23634.4
23844.2
24044.4
24230.9
24400.5
24550.4
24677.5
24778.3
24849.6
24889.1
24895.5
24868.8
24810.5
24722.7
24608.1
24469
24307.5
24125.5
23926.9
23717.5
23498.8
23284.7
22921.4
22743.3
22615.6
22552.5
22558
22632.3
22769
22956
23177.7
23418
23662.5
23900.4
24124.4
24330
24514.2
24674.2
24806.9
24909
24977.2
25009.5
25004.8
24963.7
24888
24780.5
24644.2
24481.6
24295
24086.7
23860.9
23624.1
23379
23141.1
22866.2
22676.1
22539.1
22470.4
22474.5
22551.8
22695.9
22893.8
23129
23384.1
23643.6
23895.9
24132.8
24349.7
24543.4
24710.9
24849.3
24955.3
25026.2
25059.7
25055.1
25012.9
24934.9
24823.6
24681.9
24512.4
24317.2
24098.6
23861
23611.1
23351.9
23099.8
22951.5
22751.7
22600.1
22512.6
22494.8
22549
22670.6
22848.4
23066.9
23309.4
23560.6
23808.1
24043.5
24261.5
24458.2
24630.7
24775.7
24890.1
24971.2
25016.9
25026.3
24999.4
24937.4
24842.1
24715.7
24560.3
24377.8
24170.2
23941.5
23698.3
23442.5
23190
23125.2
22923.2
22760.1
22651.7
22604.5
22623.1
22705.6
22844.2
23026
23236.6
23461.6
23689.1
23910.5
24119.8
24312.6
24485.6
24635.2
24758.3
24852
24914.3
24943.8
24939.9
24902.8
24833.5
24733.4
24604
24446.8
24263.6
24057.9
23835.6
23597.4
23357.7
23312.2
23119.1
22955.1
22834.9
22765.2
22752
22796.1
22892.9
23032.9
23204.4
23395
23594
23792.8
23985.5
24167.1
24333.9
24482.1
24608.5
24710.1
24784.7
24830.7
24846.9
24832.8
24788.6
24714.9
24612.8
24483.5
24328.6
24151.3
23956.9
23744.9
23527.7
23482.8
23306.5
23150.6
23027.8
22944.4
22907.2
22918.9
22977.6
23077.2
23208.7
23362.1
23528.2
23699.4
23869.8
24034.4
24189.1
24329.9
24453.6
24557.2
24638.5
24695.5
24727
24731.7
24709.3
24659.9
24583.9
24482.4
24356.6
24209.6
24045.8
23864
23674.7
23636.5
23476.8
23329.6
23206.2
23112.3
23054.9
23038.2
23062.6
23124.6
23218.1
23335.4
23469
23612.1
23759.3
23905.8
24047.2
24179.6
24299.4
24403.7
24490.1
24556.8
24601.9
24624.2
24622.7
24596.7
24546.3
24472
24374.7
24256.8
24122.4
23969
23806
23749.3
23600.7
23458.9
23334.3
23231.7
23158.6
23120
23118
23151.2
23215.3
23304.6
23412.8
23534.1
23663.5
23796.2
23927.8
24054.2
24171.6
24277.1
24368.3
24443.2
24499.9
24536.8
24552.5
24545.8
24516.4
24464
24389.1
24293.5
24180.7
24047.9
23903.4
23777.1
23637
23501.6
23380.3
23277.5
23200.3
23154.2
23141.9
23162.7
23213.7
23289.9
23385.8
23496
23615.6
23739.8
23864.2
23984.5
24097.2
24199.4
24289
24364.1
24423.2
24464.6
24486.8
24488.3
24468.3
24426.3
24362.4
24278
24176.5
24054.8
23921.1
23710.4
23581.3
23457.9
23348.9
23257.9
23191.5
23154.7
23149.8
23176.4
23231
23309
23404.7
23512.6
23627.7
23745.3
23861
23970.7
24071.5
24161
24237.9
24301.1
24349.5
24382
24397.3
24393.9
24371.1
24328.1
24264.9
24183.1
24085.8
23970.3
23844.6
23581.9
23469.6
23365.1
23276.4
23206.4
23160.9
23143.8
23156.8
23198.5
23265
23350.9
23450.3
23557.5
23667.3
23775.1
23876.8
23969.2
24050
24118
24172.8
24214.6
24243.1
24257.9
24258.1
24242.8
24211.2
24162.8
24097.5
24017
23924.3
23816.7
23702.1
23427.6
23337.8
23257.1
23192.8
23147
23124.5
23128.6
23159.7
23215.8
23292.3
23383.3
23482.4
23583.9
23682.6
23774.2
23855.3
23923.6
23977.8
24018
24045.3
24060.8
24065.8
24060.6
24045.2
24019
23981.4
23931.8
23870.1
23797.3
23716.3
23623.8
23527.2
23265.7
23199.5
23141.3
23097.9
23071
23064.9
23082.4
23123.7
23186.1
23264.9
23353.7
23446.1
23536.1
23618.6
23689.6
23746.3
23787.1
23812
23822.3
23820.8
23810.3
23793.4
23772
23746.8
23717.6
23683.7
23643.8
23596.7
23542.7
23483.1
23413.8
23341.3
23105.1
23052.5
23003.5
22965.3
22940
22932.6
22946.2
22981.6
23036.5
23106.3
23184.8
23265.2
23341.2
23407.4
23459.6
23495
23512.3
23512.5
23498.4
23474.6
23446
23417.3
23391.7
23371
23354.7
23341
23326.9
23309
23285.2
23254.9
23212.1
23162.3
22927.4
22868.1
22804.8
22746.1
22696.2
22661.6
22647.4
22655.6
22685.5
22733.4
22793.2
22858
22920.6
22974.5
23014.4
23036.8
23040.6
23027.3
23001.6
22970.1
22940.4
22919.2
22911.2
22918
22938
22966.6
22997.4
23023.2
23038.4
23039.7
23019.4
22982.1
22665.2
22582.7
22486.3
22387.2
22292
22209.8
22148
22111.2
22101
22115.5
22149.5
22195.6
22245.3
22289.8
22321.8
22335.9
22330.9
22309.3
22278.2
22247.7
22228.9
22231.3
22260.6
22317.5
22397.1
22490.3
22585
22668.8
22731.3
22766.2
22764.6
22730.6
22191.2
22086.2
21957
21817.6
21677
21546.2
21434.5
21349.5
21295.5
21273.7
21280.8
21309
21347.7
21384.5
21408
21410
21387.4
21344.4
21291.6
21244.7
21221.3
21236.1
21298
21407.3
21555.7
21727.5
21903
22061.6
22186.4
22266.4
22291.3
22265
21372.8
21260.7
21114.6
20951.1
20781.6
20618.2
20471.8
20351.7
20265.6
20217.6
20207
20226.4
20262.8
20299.4
20319
20307.7
20259.2
20177.2
20076
19978.6
19911.7
19899.8
19959
20092.9
20291.9
20534.4
20791.8
21033.6
21233.7
21374.3
21441.9
21439.5
20072.6
19985.4
19860.2
19713.6
19556.5
19399.8
19253.8
19128.3
19032.4
18971.8
18947.8
18955.3
18982.7
19012.9
19026.2
19004
18934.7
18817.8
18666.8
18508
18375.5
18303.8
18318.8
18431.6
18635.4
18906.7
19210.8
19509
19767.1
19960.7
20074
20108.8
17812.4
17675.5
17499.8
17302.2
17095.2
16892.2
16707.5
16556.3
16452.5
16405.3
16416.3
16478.5
16577.2
16691.6
16797.8
16872.3
16897.2
16864.8
16781.4
16668
16556.5
16482.6
16476.7
16555.9
16719.4
16948.3
17210.3
17467.7
17685.1
17836.7
17906.5
17895.8
13247.9
13263.9
13269.2
13272.2
13276
13280.2
13280.1
13268.5
13240.1
13194.4
13137.7
13080.5
13032.5
12997.9
12973.3
12947.6
12906.5
12837.2
12734.7
12605.5
12467.4
12346.1
12267.4
12250.6
12302.3
12415
12570
12742.1
12906.8
13045.6
13147.4
13213.1
5442.85
5802
6093.31
6288.76
6379.14
6375.64
6304.96
6199.37
6084.18
5968
5840.68
5680.52
5467.32
5194.73
4876.88
4546.87
4247.85
4018.76
3879.8
3825.77
3832.07
3868.25
3909.27
3940.49
3958.32
3969.93
3992.93
4053.64
4180.85
4394.67
4695.01
5058.32
)
;
    }
}


// ************************************************************************* //
