/*--------------------------------*- C++ -*----------------------------------*\
| =========                 |                                                 |
| \\      /  F ield         | OpenFOAM: The Open Source CFD Toolbox           |
|  \\    /   O peration     | Version:  2512                                  |
|   \\  /    A nd           | Website:  www.openfoam.com                      |
|    \\/     M anipulation  |                                                 |
\*---------------------------------------------------------------------------*/
FoamFile
{
    version     2.0;
    format      ascii;
    arch        "LSB;label=32;scalar=64";
    class       volScalarField;
    location    "1.964";
    object      magU;
}
// * * * * * * * * * * * * * * * * * * * * * * * * * * * * * * * * * * * * * //

dimensions      [0 1 -1 0 0 0 0];

internalField   nonuniform List<scalar> 
20352
(
0.0533536
0.0533523
0.0533481
0.0533411
0.0533317
0.0533203
0.0533073
0.0532933
0.0532787
0.0532641
0.0532501
0.0532372
0.0532258
0.0532163
0.0532093
0.0532048
0.0532031
0.0532043
0.0532082
0.0532148
0.0532238
0.0532349
0.0532477
0.0532618
0.0532765
0.0532914
0.0533057
0.053319
0.0533306
0.0533403
0.0533475
0.053352
0.0465478
0.0465607
0.0465722
0.0465818
0.0465892
0.0465939
0.0465959
0.0465951
0.0465914
0.0465852
0.0465767
0.0465663
0.0465543
0.0465413
0.0465278
0.0465142
0.046501
0.0464887
0.0464778
0.0464687
0.0464615
0.0464567
0.0464544
0.0464547
0.0464576
0.0464631
0.046471
0.046481
0.0464928
0.0465059
0.0465198
0.0465339
0.0330857
0.0331014
0.0331158
0.0331284
0.0331386
0.0331461
0.0331505
0.0331518
0.0331498
0.0331449
0.0331371
0.0331268
0.0331145
0.0331006
0.0330858
0.0330704
0.0330551
0.0330403
0.0330267
0.0330146
0.0330045
0.0329968
0.0329918
0.0329897
0.0329907
0.0329947
0.0330018
0.0330115
0.0330237
0.0330378
0.0330532
0.0330694
0.0129187
0.0129274
0.0129353
0.0129421
0.0129476
0.0129514
0.0129534
0.0129534
0.0129515
0.012948
0.012943
0.0129367
0.0129293
0.0129214
0.012913
0.0129045
0.0128962
0.0128885
0.0128814
0.0128754
0.0128705
0.012867
0.0128649
0.0128642
0.0128652
0.0128677
0.0128718
0.0128773
0.0128842
0.012892
0.0129007
0.0129097
0.0534536
0.0534239
0.0533886
0.0533488
0.0533063
0.0532625
0.0532193
0.0531783
0.0531411
0.0531091
0.0530836
0.0530655
0.0530555
0.0530539
0.0530609
0.0530761
0.0530989
0.0531286
0.0531639
0.0532034
0.0532457
0.0532892
0.0533322
0.053373
0.0534101
0.0534422
0.0534679
0.0534862
0.0534965
0.0534983
0.0534915
0.0534764
0.0468906
0.0468449
0.0467866
0.0467182
0.0466424
0.0465623
0.0464809
0.0464016
0.0463273
0.0462608
0.0462047
0.0461609
0.0461311
0.0461163
0.0461169
0.0461329
0.0461637
0.0462081
0.0462644
0.0463306
0.0464043
0.0464829
0.0465632
0.0466425
0.0467174
0.0467853
0.0468433
0.0468892
0.046921
0.0469375
0.0469378
0.046922
0.033525
0.0334748
0.0334088
0.0333296
0.0332407
0.0331456
0.0330481
0.0329522
0.0328613
0.0327791
0.0327084
0.0326518
0.0326112
0.032588
0.0325829
0.032596
0.0326268
0.0326741
0.0327363
0.0328112
0.0328963
0.0329884
0.0330841
0.03318
0.0332723
0.0333574
0.0334318
0.0334926
0.033537
0.0335632
0.0335701
0.0335572
0.0132352
0.0132021
0.0131574
0.0131032
0.0130417
0.0129755
0.0129074
0.01284
0.0127759
0.0127175
0.0126667
0.0126254
0.0125949
0.0125762
0.0125698
0.0125757
0.012594
0.0126238
0.0126643
0.0127142
0.0127717
0.0128349
0.0129015
0.012969
0.0130349
0.0130966
0.0131515
0.0131972
0.0132317
0.0132535
0.0132615
0.0132554
0.0533493
0.0532924
0.0532348
0.0531786
0.053126
0.0530791
0.0530395
0.0530088
0.0529882
0.0529784
0.0529798
0.0529923
0.0530155
0.0530485
0.05309
0.0531385
0.0531923
0.0532492
0.053307
0.0533635
0.0534165
0.053464
0.053504
0.0535352
0.0535561
0.0535661
0.0535646
0.0535518
0.0535281
0.0534945
0.0534524
0.0534033
0.0466752
0.0465813
0.0464854
0.0463913
0.0463024
0.046222
0.0461533
0.0460987
0.0460601
0.0460391
0.0460362
0.0460518
0.046085
0.0461349
0.0461995
0.0462765
0.0463629
0.0464557
0.0465513
0.046646
0.0467363
0.0468185
0.0468893
0.046946
0.0469862
0.0470083
0.0470113
0.0469952
0.0469607
0.046909
0.0468423
0.0467634
0.0332643
0.0331616
0.033056
0.0329515
0.0328521
0.0327615
0.032683
0.0326192
0.0325726
0.0325446
0.0325363
0.032548
0.0325792
0.0326289
0.0326955
0.0327764
0.0328689
0.0329696
0.0330747
0.0331803
0.0332822
0.0333764
0.0334591
0.0335268
0.0335767
0.0336066
0.0336154
0.0336026
0.0335688
0.0335155
0.0334449
0.03336
0.0130395
0.0129769
0.0129122
0.0128481
0.0127869
0.0127308
0.0126817
0.0126415
0.0126113
0.0125923
0.0125849
0.0125896
0.0126061
0.0126339
0.0126721
0.0127195
0.0127744
0.0128349
0.0128988
0.0129637
0.0130272
0.0130865
0.0131394
0.0131834
0.0132168
0.0132379
0.0132459
0.0132405
0.0132218
0.0131908
0.0131488
0.0130977
0.0532556
0.0531786
0.053105
0.0530377
0.0529792
0.0529317
0.0528971
0.0528766
0.0528709
0.0528803
0.0529045
0.0529425
0.0529929
0.0530538
0.0531229
0.0531977
0.0532752
0.0533524
0.0534265
0.0534944
0.0535536
0.0536018
0.053637
0.053658
0.0536637
0.0536541
0.0536294
0.0535907
0.0535396
0.0534779
0.0534082
0.0533332
0.0465106
0.0463707
0.0462371
0.0461147
0.0460082
0.0459213
0.0458572
0.0458182
0.0458057
0.04582
0.0458607
0.0459263
0.0460145
0.0461219
0.0462448
0.0463785
0.0465182
0.0466584
0.0467938
0.0469191
0.0470294
0.04712
0.0471875
0.0472288
0.0472424
0.0472277
0.0471852
0.0471167
0.0470249
0.0469137
0.0467875
0.0466514
0.0330812
0.032921
0.0327676
0.0326268
0.0325035
0.0324022
0.0323262
0.0322782
0.0322598
0.0322715
0.032313
0.0323829
0.0324788
0.0325974
0.0327347
0.0328856
0.0330447
0.033206
0.0333632
0.0335102
0.0336409
0.0337498
0.0338324
0.033885
0.0339054
0.0338926
0.0338471
0.0337711
0.0336678
0.0335416
0.0333978
0.0332423
0.0129365
0.0128346
0.0127369
0.0126468
0.0125676
0.0125018
0.0124516
0.0124184
0.0124034
0.012407
0.0124292
0.0124691
0.0125258
0.0125972
0.0126811
0.0127748
0.0128748
0.0129775
0.0130789
0.013175
0.0132617
0.0133352
0.0133923
0.0134303
0.0134475
0.013443
0.0134172
0.0133713
0.0133073
0.0132281
0.0131373
0.0130388
0.0532029
0.0531398
0.0530817
0.0530309
0.0529892
0.0529583
0.0529392
0.0529327
0.052939
0.0529578
0.0529885
0.0530297
0.0530801
0.0531377
0.0532003
0.0532656
0.053331
0.0533941
0.0534525
0.0535039
0.0535462
0.0535779
0.0535977
0.0536047
0.0535986
0.0535798
0.0535488
0.053507
0.0534559
0.0533976
0.0533344
0.0532686
0.0463557
0.0462318
0.0461193
0.0460224
0.0459447
0.0458891
0.0458575
0.045851
0.0458697
0.0459129
0.045979
0.0460655
0.0461693
0.0462865
0.0464129
0.0465437
0.0466739
0.0467986
0.0469129
0.0470124
0.0470931
0.0471517
0.0471857
0.0471938
0.0471755
0.0471316
0.0470636
0.0469745
0.0468676
0.0467474
0.0466186
0.0464863
0.0328586
0.0327105
0.0325768
0.0324626
0.0323718
0.0323077
0.0322722
0.0322666
0.0322909
0.0323442
0.0324245
0.032529
0.0326541
0.0327952
0.0329473
0.0331049
0.033262
0.0334127
0.0335509
0.0336711
0.0337684
0.0338386
0.0338788
0.0338869
0.0338627
0.0338069
0.033722
0.0336114
0.0334798
0.0333326
0.0331758
0.0330157
0.0127641
0.0126671
0.0125802
0.0125065
0.0124484
0.0124078
0.0123859
0.0123833
0.0124
0.0124354
0.0124883
0.012557
0.0126391
0.012732
0.0128324
0.0129368
0.0130411
0.0131415
0.013234
0.0133145
0.0133797
0.0134266
0.013453
0.0134576
0.0134402
0.0134014
0.0133429
0.0132674
0.0131782
0.013079
0.0129741
0.0128677
0.0533475
0.0533292
0.0533089
0.0532874
0.0532656
0.0532441
0.053224
0.0532058
0.0531904
0.0531783
0.0531699
0.0531656
0.0531656
0.05317
0.0531787
0.0531912
0.053207
0.0532256
0.0532462
0.053268
0.0532901
0.0533118
0.0533321
0.0533503
0.0533656
0.0533775
0.0533855
0.0533893
0.0533888
0.0533841
0.0533754
0.0533631
0.0465831
0.0465377
0.0464919
0.0464475
0.0464061
0.0463693
0.0463385
0.0463147
0.046299
0.0462918
0.0462933
0.0463035
0.046322
0.0463481
0.0463809
0.046419
0.0464613
0.046506
0.0465515
0.046596
0.0466379
0.0466755
0.0467073
0.046732
0.0467486
0.0467565
0.0467552
0.046745
0.046726
0.0466992
0.0466654
0.0466262
0.0330935
0.0330328
0.0329737
0.0329185
0.0328692
0.0328278
0.0327956
0.0327738
0.0327632
0.0327642
0.0327765
0.0327999
0.0328334
0.0328758
0.0329256
0.032981
0.03304
0.0331003
0.0331597
0.0332158
0.0332665
0.0333096
0.0333435
0.0333668
0.0333784
0.0333779
0.0333653
0.0333411
0.0333062
0.033262
0.0332105
0.0331536
0.0128927
0.0128492
0.0128083
0.0127714
0.0127398
0.0127148
0.0126971
0.0126874
0.012686
0.0126928
0.0127076
0.0127298
0.0127587
0.0127931
0.0128319
0.0128736
0.0129168
0.0129599
0.0130012
0.0130392
0.0130723
0.0130991
0.0131185
0.0131296
0.013132
0.0131256
0.0131104
0.0130873
0.013057
0.0130209
0.0129803
0.012937
0.0535143
0.0535425
0.0535603
0.0535669
0.0535621
0.053546
0.0535193
0.053483
0.0534385
0.0533876
0.0533322
0.0532745
0.0532168
0.0531613
0.0531101
0.0530651
0.0530281
0.0530004
0.052983
0.0529767
0.0529816
0.0529976
0.053024
0.0530599
0.0531039
0.0531543
0.0532091
0.0532664
0.0533239
0.0533796
0.0534311
0.0534766
0.046947
0.0469955
0.0470256
0.0470361
0.0470264
0.046997
0.046949
0.0468844
0.0468057
0.0467162
0.0466194
0.0465191
0.0464191
0.0463233
0.0462353
0.0461585
0.0460956
0.0460491
0.0460204
0.0460108
0.0460204
0.046049
0.0460955
0.0461581
0.0462346
0.0463221
0.0464175
0.0465171
0.0466172
0.0467138
0.0468032
0.046882
0.0335465
0.0335995
0.0336318
0.033642
0.0336296
0.0335951
0.0335398
0.0334661
0.0333771
0.0332765
0.0331685
0.0330574
0.0329475
0.0328432
0.0327481
0.0326659
0.0325994
0.032551
0.0325222
0.032514
0.0325266
0.0325595
0.0326115
0.0326807
0.0327649
0.0328609
0.0329654
0.0330746
0.0331843
0.0332903
0.0333886
0.0334752
0.0132062
0.0132389
0.0132588
0.0132648
0.0132565
0.0132344
0.0131993
0.0131528
0.0130969
0.0130342
0.0129672
0.0128987
0.0128314
0.0127678
0.0127102
0.0126608
0.0126212
0.0125926
0.012576
0.0125717
0.01258
0.0126004
0.0126323
0.0126746
0.0127259
0.0127845
0.0128483
0.0129152
0.0129826
0.013048
0.0131086
0.0131621
0.0535263
0.0535699
0.0536019
0.0536209
0.0536262
0.0536176
0.0535955
0.0535606
0.0535144
0.0534587
0.0533956
0.0533275
0.0532572
0.0531873
0.0531206
0.0530595
0.0530064
0.0529632
0.0529317
0.052913
0.0529078
0.0529163
0.0529382
0.0529727
0.0530184
0.0530736
0.0531363
0.053204
0.0532741
0.0533441
0.0534111
0.0534726
0.0470346
0.0471227
0.0471874
0.047226
0.0472369
0.0472198
0.0471753
0.0471052
0.0470124
0.0469006
0.0467744
0.0466386
0.0464987
0.04636
0.0462278
0.0461071
0.0460023
0.0459174
0.0458553
0.0458184
0.0458079
0.0458243
0.045867
0.0459343
0.0460239
0.0461326
0.0462562
0.0463903
0.0465297
0.0466692
0.0468032
0.0469267
0.0336878
0.0337945
0.033873
0.0339198
0.033933
0.0339119
0.0338575
0.033772
0.0336592
0.0335238
0.0333714
0.0332082
0.0330408
0.0328756
0.0327188
0.0325762
0.0324529
0.0323533
0.0322808
0.0322379
0.032226
0.0322455
0.0322957
0.032375
0.0324806
0.0326088
0.0327552
0.0329144
0.0330806
0.0332475
0.0334085
0.0335573
0.0133231
0.0133957
0.0134492
0.0134813
0.0134905
0.0134761
0.013439
0.0133809
0.0133044
0.013213
0.0131106
0.0130016
0.0128904
0.0127813
0.0126783
0.0125851
0.012505
0.0124405
0.0123937
0.012366
0.0123583
0.0123708
0.0124031
0.0124543
0.0125226
0.0126059
0.0127016
0.0128062
0.012916
0.013027
0.0131347
0.0132348
0.05337
0.0533891
0.0534038
0.0534136
0.0534181
0.053417
0.0534105
0.0533988
0.0533823
0.0533617
0.0533379
0.0533117
0.0532842
0.0532565
0.0532296
0.0532046
0.0531822
0.0531635
0.053149
0.0531394
0.053135
0.0531359
0.0531422
0.0531537
0.0531697
0.0531899
0.0532134
0.0532393
0.0532667
0.0532945
0.0533218
0.0533472
0.0467555
0.0468025
0.0468388
0.0468629
0.0468738
0.0468711
0.046855
0.0468261
0.0467854
0.0467346
0.0466757
0.0466109
0.0465427
0.0464737
0.0464066
0.0463439
0.0462881
0.0462413
0.0462052
0.0461813
0.0461704
0.046173
0.046189
0.0462178
0.0462582
0.0463088
0.0463675
0.0464322
0.0465004
0.0465694
0.0466366
0.0466994
0.0333798
0.0334428
0.0334913
0.0335234
0.0335378
0.0335339
0.0335118
0.0334725
0.0334175
0.0333491
0.03327
0.0331832
0.0330922
0.0330004
0.0329114
0.0328286
0.0327549
0.0326933
0.032646
0.0326148
0.0326008
0.0326045
0.0326258
0.032664
0.0327176
0.0327846
0.0328625
0.0329485
0.0330391
0.0331311
0.0332208
0.0333048
0.01313
0.0131757
0.013211
0.0132345
0.0132451
0.0132423
0.0132264
0.013198
0.0131583
0.0131089
0.0130518
0.0129894
0.0129241
0.0128583
0.0127946
0.0127354
0.0126829
0.012639
0.0126054
0.0125831
0.0125731
0.0125756
0.0125906
0.0126175
0.0126555
0.012703
0.0127585
0.0128199
0.0128848
0.0129507
0.0130152
0.0130758
0.0531414
0.0531186
0.0531018
0.0530917
0.0530886
0.0530927
0.0531038
0.0531214
0.053145
0.0531736
0.0532061
0.0532414
0.053278
0.0533146
0.0533499
0.0533824
0.0534108
0.053434
0.0534511
0.0534614
0.0534646
0.0534604
0.0534492
0.0534312
0.0534072
0.0533782
0.0533453
0.0533097
0.0532728
0.0532363
0.0532014
0.0531693
0.046313
0.0462788
0.0462539
0.0462392
0.0462353
0.0462424
0.0462601
0.0462878
0.0463245
0.0463689
0.0464192
0.0464736
0.0465301
0.0465863
0.0466403
0.0466898
0.046733
0.0467681
0.0467938
0.046809
0.046813
0.0468058
0.0467875
0.046759
0.0467214
0.0466762
0.0466251
0.0465703
0.0465137
0.0464576
0.0464041
0.0463553
0.0328632
0.0328306
0.0328071
0.0327934
0.0327901
0.0327973
0.0328147
0.0328417
0.0328773
0.0329204
0.0329694
0.0330225
0.0330778
0.0331332
0.0331865
0.0332357
0.0332786
0.0333137
0.0333392
0.0333542
0.033358
0.0333504
0.0333317
0.0333027
0.0332647
0.0332192
0.0331683
0.0331138
0.033058
0.0330031
0.032951
0.0329039
0.0127958
0.0127786
0.0127662
0.0127592
0.0127578
0.0127618
0.0127713
0.0127859
0.0128051
0.0128284
0.0128549
0.0128837
0.0129137
0.0129437
0.0129727
0.0129994
0.0130228
0.0130419
0.0130558
0.0130638
0.0130657
0.0130612
0.0130507
0.0130345
0.0130134
0.0129883
0.0129604
0.0129307
0.0129005
0.0128707
0.0128427
0.0128174
0.0530098
0.0529637
0.0529292
0.0529077
0.0528999
0.0529063
0.0529264
0.0529596
0.0530045
0.0530596
0.0531226
0.0531913
0.053263
0.053335
0.0534045
0.0534689
0.0535255
0.0535723
0.0536073
0.0536292
0.0536372
0.0536308
0.0536105
0.0535768
0.0535313
0.0534756
0.0534119
0.0533428
0.0532708
0.0531989
0.0531297
0.0530659
0.0460198
0.0459326
0.0458678
0.0458278
0.0458139
0.0458266
0.0458655
0.0459291
0.0460152
0.0461206
0.0462414
0.0463732
0.046511
0.0466495
0.0467835
0.0469076
0.0470171
0.0471074
0.047175
0.0472171
0.0472319
0.0472189
0.0471785
0.0471123
0.0470232
0.0469146
0.046791
0.0466572
0.0465185
0.0463803
0.0462478
0.0461262
0.0324892
0.0323895
0.0323155
0.0322699
0.0322542
0.0322687
0.0323131
0.0323859
0.0324844
0.0326055
0.0327447
0.0328971
0.0330572
0.0332189
0.0333759
0.0335221
0.0336514
0.0337586
0.033839
0.0338891
0.0339068
0.0338912
0.0338431
0.0337644
0.0336587
0.0335303
0.0333846
0.0332277
0.0330657
0.032905
0.0327517
0.0326114
0.0125395
0.0124764
0.0124297
0.0124009
0.0123907
0.0123995
0.0124271
0.0124725
0.0125344
0.0126108
0.0126993
0.0127967
0.0128998
0.0130045
0.0131068
0.0132027
0.013288
0.0133591
0.0134127
0.0134464
0.0134585
0.0134485
0.0134167
0.0133648
0.013295
0.0132107
0.0131154
0.0130132
0.0129083
0.0128048
0.0127065
0.0126171
0.0531279
0.0530975
0.0530738
0.0530579
0.0530502
0.0530512
0.0530606
0.0530783
0.0531034
0.053135
0.053172
0.053213
0.0532564
0.0533005
0.0533437
0.0533843
0.0534206
0.0534514
0.0534753
0.0534915
0.0534993
0.0534984
0.0534889
0.0534711
0.0534456
0.0534136
0.0533762
0.0533349
0.0532914
0.0532473
0.0532043
0.053164
0.0461693
0.0461017
0.0460503
0.046017
0.046003
0.0460088
0.0460342
0.0460782
0.046139
0.0462145
0.0463017
0.0463973
0.0464977
0.0465989
0.0466973
0.046789
0.0468705
0.0469387
0.0469909
0.0470249
0.0470396
0.0470342
0.0470089
0.0469648
0.0469036
0.0468275
0.0467396
0.0466434
0.0465424
0.0464406
0.046342
0.0462504
0.0326107
0.0325263
0.0324626
0.032422
0.032406
0.0324151
0.0324489
0.0325061
0.0325846
0.0326815
0.0327932
0.0329156
0.033044
0.0331736
0.0332995
0.0334169
0.0335211
0.033608
0.0336741
0.0337167
0.0337341
0.0337255
0.0336911
0.0336325
0.0335518
0.0334525
0.0333383
0.033214
0.0330842
0.0329541
0.0328287
0.0327128
0.0125852
0.0125276
0.0124846
0.0124575
0.0124474
0.0124545
0.0124785
0.0125187
0.0125734
0.0126409
0.0127187
0.012804
0.0128936
0.0129843
0.0130725
0.0131549
0.0132282
0.0132893
0.0133356
0.0133653
0.0133769
0.01337
0.0133447
0.0133022
0.0132443
0.0131733
0.0130923
0.0130045
0.0129134
0.0128225
0.0127354
0.0126553
0.0534147
0.0534261
0.0534318
0.0534316
0.0534253
0.0534133
0.053396
0.0533742
0.0533485
0.0533201
0.0532901
0.0532596
0.0532299
0.0532021
0.0531772
0.0531562
0.0531397
0.0531286
0.0531231
0.0531235
0.0531297
0.0531416
0.0531587
0.0531803
0.0532056
0.0532336
0.0532632
0.0532935
0.0533232
0.0533512
0.0533765
0.0533979
0.0467062
0.0467171
0.0467206
0.0467163
0.0467046
0.0466858
0.0466607
0.0466303
0.0465958
0.0465585
0.0465199
0.0464815
0.0464447
0.0464109
0.0463814
0.0463574
0.0463397
0.046329
0.0463258
0.04633
0.0463416
0.04636
0.0463847
0.0464147
0.0464489
0.0464859
0.0465244
0.0465629
0.0465999
0.046634
0.0466638
0.0466881
0.033233
0.033239
0.0332384
0.033231
0.0332173
0.0331978
0.0331731
0.0331445
0.033113
0.0330801
0.0330469
0.0330149
0.0329852
0.032959
0.0329373
0.0329208
0.03291
0.0329054
0.0329069
0.0329146
0.032928
0.0329467
0.03297
0.0329971
0.033027
0.0330587
0.033091
0.0331227
0.0331526
0.0331797
0.0332027
0.0332207
0.0129839
0.0129838
0.0129807
0.0129747
0.012966
0.012955
0.012942
0.0129278
0.0129129
0.0128979
0.0128834
0.0128701
0.0128584
0.0128486
0.0128412
0.0128366
0.0128347
0.0128356
0.0128393
0.0128454
0.0128539
0.0128643
0.0128764
0.0128896
0.0129036
0.0129179
0.0129319
0.0129453
0.0129573
0.0129675
0.0129755
0.0129811
0.0536051
0.0536495
0.053679
0.0536924
0.0536893
0.0536698
0.0536345
0.053585
0.0535231
0.0534513
0.0533724
0.0532895
0.0532057
0.0531244
0.0530486
0.0529812
0.0529246
0.052881
0.0528521
0.0528389
0.052842
0.0528612
0.0528959
0.0529446
0.0530056
0.0530765
0.0531547
0.0532372
0.0533209
0.0534027
0.0534792
0.0535476
0.0471457
0.0472278
0.0472821
0.0473065
0.0472998
0.0472623
0.0471957
0.0471026
0.046987
0.0468535
0.0467076
0.0465549
0.0464015
0.0462532
0.0461155
0.0459937
0.0458921
0.0458143
0.0457632
0.0457405
0.0457469
0.0457824
0.0458455
0.0459341
0.046045
0.0461742
0.046317
0.0464681
0.0466218
0.0467721
0.0469131
0.0470394
0.0337925
0.0338878
0.0339509
0.033979
0.0339707
0.0339264
0.0338481
0.0337393
0.0336047
0.0334502
0.0332821
0.0331074
0.0329329
0.0327652
0.0326106
0.0324744
0.0323615
0.0322755
0.0322193
0.0321948
0.0322026
0.0322424
0.0323131
0.0324122
0.0325364
0.0326817
0.0328428
0.0330141
0.0331891
0.0333611
0.0335234
0.0336692
0.0133776
0.01344
0.0134814
0.0134998
0.0134942
0.0134649
0.0134134
0.013342
0.0132542
0.013154
0.0130457
0.0129339
0.0128231
0.0127172
0.0126202
0.0125354
0.0124655
0.0124125
0.0123781
0.0123631
0.0123681
0.0123928
0.0124365
0.012498
0.0125754
0.0126663
0.0127677
0.0128761
0.0129877
0.013098
0.0132026
0.0132972
0.0535629
0.0536068
0.0536374
0.0536537
0.0536549
0.0536411
0.0536128
0.0535711
0.0535177
0.0534545
0.0533842
0.0533094
0.053233
0.0531578
0.0530869
0.0530229
0.0529682
0.0529249
0.0528947
0.0528786
0.0528773
0.0528908
0.0529187
0.0529598
0.0530127
0.0530753
0.0531452
0.0532199
0.0532964
0.0533718
0.0534431
0.0535077
0.04713
0.0472196
0.0472819
0.0473144
0.0473157
0.0472859
0.047226
0.0471386
0.0470272
0.0468961
0.0467508
0.0465968
0.0464401
0.046287
0.046143
0.0460137
0.0459039
0.0458176
0.0457579
0.045727
0.045726
0.0457549
0.0458126
0.0458971
0.0460052
0.046133
0.0462758
0.0464282
0.0465844
0.0467386
0.0468846
0.0470168
0.0338145
0.0339244
0.0340008
0.0340405
0.0340415
0.034004
0.0339294
0.0338211
0.0336835
0.0335225
0.0333447
0.0331573
0.0329676
0.032783
0.0326103
0.0324559
0.0323254
0.0322232
0.0321529
0.0321169
0.0321164
0.0321513
0.0322205
0.0323215
0.032451
0.0326042
0.0327759
0.0329597
0.0331488
0.0333361
0.0335141
0.0336758
0.0134126
0.0134879
0.0135405
0.0135677
0.0135683
0.0135424
0.013491
0.0134165
0.0133225
0.013213
0.0130929
0.012967
0.0128405
0.0127182
0.0126045
0.0125035
0.0124185
0.0123522
0.0123069
0.0122837
0.0122835
0.0123062
0.0123511
0.0124167
0.0125011
0.0126016
0.0127146
0.0128364
0.0129624
0.013088
0.0132082
0.013318
0.0533105
0.0533221
0.0533321
0.05334
0.0533456
0.0533486
0.0533489
0.0533465
0.0533415
0.053334
0.0533245
0.0533132
0.0533008
0.0532876
0.053274
0.0532607
0.053248
0.0532365
0.0532266
0.0532187
0.0532132
0.0532101
0.0532097
0.0532119
0.0532167
0.0532239
0.0532331
0.0532442
0.0532567
0.0532702
0.053284
0.0532976
0.0466697
0.0467015
0.0467265
0.0467438
0.0467526
0.0467527
0.0467439
0.0467267
0.0467017
0.0466697
0.046632
0.04659
0.0465453
0.0464996
0.0464548
0.0464125
0.0463746
0.0463423
0.0463171
0.0462999
0.0462914
0.0462918
0.0463012
0.0463191
0.0463448
0.0463772
0.0464152
0.0464572
0.0465016
0.0465467
0.0465908
0.0466323
0.0332996
0.0333439
0.0333777
0.0333995
0.0334086
0.0334045
0.0333875
0.0333581
0.0333174
0.0332672
0.0332092
0.0331458
0.0330794
0.0330126
0.0329479
0.0328879
0.0328348
0.0327908
0.0327575
0.0327362
0.0327276
0.0327322
0.0327496
0.0327792
0.0328197
0.0328698
0.0329273
0.0329902
0.033056
0.0331224
0.0331867
0.0332465
0.0130873
0.0131197
0.0131439
0.013159
0.0131643
0.0131596
0.013145
0.0131211
0.013089
0.0130497
0.013005
0.0129564
0.0129058
0.0128553
0.0128067
0.0127621
0.0127231
0.0126913
0.0126677
0.0126533
0.0126486
0.0126538
0.0126686
0.0126924
0.0127243
0.0127631
0.0128074
0.0128554
0.0129053
0.0129552
0.0130034
0.013048
0.0529822
0.0529549
0.0529397
0.0529371
0.0529473
0.0529699
0.053004
0.0530484
0.0531012
0.0531606
0.0532242
0.0532898
0.0533548
0.0534167
0.053473
0.0535216
0.0535605
0.0535883
0.0536037
0.0536063
0.0535959
0.053573
0.0535384
0.0534935
0.05344
0.05338
0.0533159
0.0532502
0.0531855
0.0531241
0.0530684
0.0530205
0.0460374
0.0459937
0.0459699
0.0459669
0.0459848
0.0460229
0.0460798
0.0461535
0.0462414
0.0463402
0.0464462
0.0465554
0.0466637
0.0467668
0.0468607
0.0469417
0.0470065
0.0470525
0.0470777
0.047081
0.0470624
0.0470225
0.0469631
0.0468865
0.046796
0.046695
0.0465877
0.0464782
0.0463707
0.0462693
0.0461777
0.0460995
0.0325607
0.032516
0.0324921
0.0324897
0.0325089
0.032549
0.0326087
0.0326859
0.0327781
0.032882
0.032994
0.0331099
0.0332254
0.0333359
0.033437
0.0335245
0.0335948
0.0336446
0.0336717
0.033675
0.0336542
0.0336101
0.0335449
0.0334613
0.0333628
0.0332538
0.0331386
0.0330219
0.0329081
0.0328014
0.0327059
0.0326247
0.0126115
0.0125856
0.0125718
0.0125705
0.0125815
0.0126047
0.0126393
0.0126842
0.012738
0.0127989
0.0128649
0.0129337
0.0130024
0.0130685
0.0131293
0.0131822
0.0132249
0.0132553
0.0132719
0.013274
0.0132614
0.0132347
0.0131951
0.0131445
0.0130853
0.0130199
0.0129512
0.012882
0.0128147
0.0127519
0.0126959
0.0126486
0.0528465
0.0528014
0.0527737
0.0527646
0.0527743
0.0528025
0.0528481
0.0529095
0.0529842
0.0530695
0.0531622
0.0532587
0.0533554
0.0534486
0.0535346
0.0536101
0.0536721
0.0537182
0.0537465
0.053756
0.0537462
0.0537175
0.0536711
0.0536088
0.053533
0.0534467
0.0533533
0.0532564
0.0531597
0.0530671
0.0529819
0.0529075
0.0457092
0.0456245
0.0455733
0.0455575
0.0455776
0.0456328
0.0457212
0.0458397
0.045984
0.0461488
0.0463283
0.0465156
0.0467037
0.0468854
0.0470533
0.047201
0.0473223
0.0474123
0.0474671
0.0474845
0.0474637
0.0474055
0.0473123
0.0471881
0.0470379
0.0468678
0.0466847
0.0464958
0.0463085
0.0461298
0.0459665
0.0458246
0.0321262
0.0320292
0.0319709
0.0319533
0.0319768
0.0320406
0.0321426
0.0322794
0.0324466
0.0326384
0.0328481
0.0330681
0.0332903
0.0335059
0.0337064
0.0338835
0.0340296
0.0341382
0.0342045
0.0342254
0.0341999
0.0341291
0.0340162
0.0338663
0.0336857
0.0334823
0.0332646
0.0330413
0.0328212
0.0326125
0.0324228
0.0322589
0.0123057
0.0122445
0.0122078
0.0121967
0.0122114
0.0122513
0.0123155
0.0124021
0.0125084
0.0126312
0.0127665
0.0129096
0.0130552
0.0131978
0.0133313
0.0134501
0.0135487
0.0136225
0.0136678
0.0136822
0.0136651
0.0136172
0.0135409
0.0134399
0.013319
0.0131836
0.0130398
0.0128935
0.0127503
0.0126156
0.0124941
0.0123897
0.0530737
0.0530452
0.0530254
0.0530151
0.0530146
0.053024
0.0530428
0.0530704
0.0531057
0.0531475
0.053194
0.0532438
0.0532947
0.0533449
0.0533923
0.0534352
0.0534719
0.0535009
0.0535211
0.0535317
0.0535322
0.0535227
0.0535035
0.0534754
0.0534394
0.053397
0.0533499
0.0533
0.0532491
0.0531992
0.0531522
0.0531098
0.0460423
0.0459805
0.0459394
0.0459204
0.0459242
0.0459507
0.0459988
0.0460666
0.0461517
0.0462507
0.04636
0.0464755
0.0465927
0.0467073
0.0468148
0.0469113
0.0469927
0.0470561
0.0470987
0.047119
0.047116
0.0470897
0.0470413
0.0469726
0.0468864
0.0467859
0.0466751
0.0465584
0.0464403
0.0463254
0.0462181
0.0461225
0.032449
0.0323717
0.0323209
0.0322983
0.0323048
0.0323399
0.0324024
0.03249
0.0325994
0.0327267
0.0328672
0.0330158
0.0331669
0.0333148
0.0334538
0.0335785
0.0336838
0.0337654
0.03382
0.0338451
0.0338396
0.0338037
0.033739
0.0336479
0.0335343
0.0334027
0.0332585
0.0331074
0.0329553
0.032808
0.0326713
0.0325501
0.0124733
0.0124204
0.0123859
0.012371
0.0123761
0.0124008
0.0124444
0.0125054
0.0125816
0.0126703
0.0127685
0.0128726
0.0129788
0.0130832
0.0131816
0.0132702
0.0133452
0.0134033
0.0134421
0.0134597
0.0134554
0.0134291
0.0133821
0.0133164
0.0132349
0.013141
0.0130387
0.0129318
0.0128248
0.0127219
0.0126267
0.0125429
0.0534624
0.0534704
0.0534709
0.0534639
0.0534495
0.0534284
0.0534013
0.0533693
0.0533337
0.0532958
0.0532571
0.0532192
0.0531836
0.0531516
0.0531243
0.0531028
0.0530879
0.0530801
0.0530798
0.053087
0.0531013
0.0531223
0.0531491
0.0531807
0.0532158
0.0532532
0.0532915
0.0533292
0.053365
0.0533974
0.0534251
0.0534471
0.0467912
0.0468
0.046798
0.0467851
0.046762
0.0467294
0.0466887
0.0466416
0.0465899
0.0465357
0.046481
0.046428
0.0463787
0.046335
0.0462986
0.0462708
0.0462526
0.0462447
0.0462473
0.0462602
0.046283
0.0463149
0.0463545
0.0464006
0.0464512
0.0465047
0.0465589
0.0466118
0.0466614
0.0467057
0.046743
0.0467719
0.0333354
0.0333405
0.0333349
0.0333187
0.0332925
0.0332574
0.0332149
0.0331669
0.0331153
0.0330623
0.0330101
0.0329608
0.0329162
0.032878
0.0328475
0.0328258
0.0328135
0.0328108
0.0328179
0.0328343
0.0328593
0.0328922
0.0329316
0.0329764
0.0330249
0.0330754
0.0331262
0.0331753
0.033221
0.0332614
0.0332948
0.0333199
0.0130559
0.0130557
0.0130497
0.013038
0.013021
0.0129994
0.0129743
0.0129467
0.0129179
0.0128891
0.0128615
0.012836
0.0128138
0.0127955
0.0127819
0.0127734
0.0127702
0.0127721
0.0127791
0.0127909
0.0128069
0.0128266
0.0128494
0.0128745
0.0129011
0.0129283
0.0129552
0.0129806
0.0130037
0.0130235
0.0130393
0.0130503
0.0536799
0.0537099
0.0537225
0.0537171
0.053694
0.0536541
0.053599
0.0535309
0.0534524
0.0533665
0.0532768
0.0531867
0.0530995
0.0530187
0.0529471
0.0528876
0.0528423
0.052813
0.0528007
0.0528059
0.0528285
0.0528675
0.0529215
0.0529885
0.0530659
0.0531509
0.0532402
0.0533306
0.0534184
0.0535003
0.053573
0.0536337
0.0472961
0.0473568
0.0473844
0.0473776
0.0473368
0.0472637
0.0471613
0.0470341
0.0468873
0.0467268
0.046559
0.0463904
0.0462274
0.0460762
0.0459423
0.0458304
0.0457446
0.0456879
0.0456621
0.0456681
0.0457059
0.0457741
0.0458703
0.0459912
0.0461325
0.0462891
0.0464552
0.0466244
0.0467904
0.0469465
0.0470865
0.0472047
0.0339865
0.03406
0.0340939
0.0340865
0.0340382
0.0339513
0.0338298
0.0336791
0.0335059
0.0333174
0.0331214
0.0329256
0.0327374
0.0325636
0.0324103
0.0322827
0.032185
0.0321203
0.0320905
0.0320968
0.0321388
0.0322153
0.0323238
0.032461
0.0326222
0.0328019
0.0329938
0.0331907
0.0333852
0.0335693
0.0337356
0.0338767
0.0135218
0.0135717
0.0135948
0.0135898
0.013557
0.0134981
0.0134161
0.0133149
0.0131994
0.0130746
0.0129458
0.012818
0.0126961
0.0125844
0.0124865
0.0124055
0.0123438
0.0123031
0.0122844
0.0122883
0.0123147
0.0123629
0.0124316
0.0125188
0.0126219
0.0127377
0.0128623
0.0129911
0.0131192
0.0132415
0.0133526
0.0134476
0.0536298
0.0536458
0.0536469
0.0536331
0.053605
0.0535636
0.0535106
0.0534482
0.0533786
0.0533048
0.0532294
0.0531555
0.0530858
0.0530231
0.0529696
0.0529274
0.052898
0.0528826
0.0528817
0.0528953
0.0529229
0.0529635
0.0530156
0.0530771
0.0531459
0.0532193
0.0532945
0.0533686
0.0534387
0.0535022
0.0535566
0.0535997
0.0472451
0.0472864
0.0472974
0.0472776
0.047228
0.0471505
0.0470485
0.0469261
0.0467883
0.0466406
0.0464888
0.0463388
0.0461961
0.046066
0.0459534
0.0458622
0.0457957
0.0457563
0.0457453
0.0457633
0.0458096
0.0458826
0.0459797
0.0460976
0.0462319
0.0463776
0.0465293
0.0466812
0.0468273
0.0469618
0.0470794
0.0471751
0.0339592
0.0340155
0.034034
0.0340137
0.0339559
0.0338629
0.033739
0.0335896
0.033421
0.0332401
0.0330542
0.0328703
0.0326953
0.0325357
0.0323968
0.0322836
0.0321998
0.0321483
0.0321307
0.0321477
0.0321989
0.0322826
0.032396
0.0325355
0.0326961
0.0328722
0.0330573
0.0332444
0.033426
0.033595
0.0337442
0.0338674
0.0135197
0.0135617
0.0135773
0.0135656
0.0135273
0.0134644
0.0133798
0.0132775
0.0131621
0.0130386
0.012912
0.0127871
0.0126686
0.0125606
0.0124665
0.0123896
0.012332
0.0122956
0.0122815
0.0122902
0.0123215
0.0123745
0.0124477
0.0125389
0.0126452
0.0127631
0.0128883
0.0130162
0.0131417
0.0132597
0.0133651
0.0134531
0.0534058
0.0533849
0.0533596
0.053331
0.0533002
0.0532685
0.0532369
0.0532068
0.0531794
0.0531557
0.0531366
0.0531229
0.0531152
0.0531137
0.0531184
0.0531292
0.0531456
0.0531669
0.0531923
0.0532208
0.0532513
0.0532827
0.0533139
0.0533435
0.0533705
0.0533938
0.0534127
0.0534263
0.0534342
0.0534361
0.0534319
0.0534217
0.0468024
0.0467723
0.0467325
0.0466844
0.0466301
0.0465716
0.0465112
0.0464513
0.0463943
0.0463423
0.0462974
0.0462612
0.0462351
0.04622
0.0462164
0.0462244
0.0462437
0.0462735
0.0463128
0.04636
0.0464134
0.0464709
0.0465304
0.0465897
0.0466465
0.0466987
0.0467442
0.0467813
0.0468085
0.0468246
0.046829
0.0468215
0.033434
0.0334066
0.0333659
0.0333135
0.0332514
0.0331823
0.0331088
0.033034
0.0329608
0.032892
0.0328304
0.0327782
0.0327375
0.0327095
0.0326953
0.0326954
0.0327095
0.0327372
0.0327773
0.0328283
0.0328884
0.0329554
0.0330267
0.0330998
0.0331719
0.0332404
0.0333026
0.0333562
0.0333989
0.0334291
0.0334454
0.0334471
0.0131669
0.0131535
0.0131304
0.0130985
0.0130591
0.0130138
0.0129646
0.0129134
0.0128623
0.0128133
0.0127683
0.012729
0.0126967
0.0126725
0.0126573
0.0126515
0.0126553
0.0126686
0.0126908
0.012721
0.0127583
0.0128013
0.0128484
0.0128981
0.0129484
0.0129975
0.0130435
0.0130846
0.0131192
0.0131455
0.0131627
0.01317
0.0532101
0.0531638
0.0531217
0.0530854
0.0530563
0.0530355
0.0530238
0.0530217
0.0530292
0.053046
0.0530716
0.0531049
0.0531447
0.0531896
0.0532377
0.0532873
0.0533363
0.0533828
0.0534252
0.0534617
0.053491
0.0535118
0.0535235
0.0535254
0.0535177
0.0535006
0.0534746
0.053441
0.053401
0.0533561
0.0533081
0.0532589
0.0463927
0.046306
0.0462277
0.0461607
0.0461075
0.04607
0.0460498
0.0460475
0.0460632
0.0460965
0.0461461
0.0462101
0.0462862
0.0463714
0.0464626
0.0465563
0.0466489
0.0467367
0.0468164
0.0468847
0.046939
0.0469771
0.0469975
0.0469995
0.0469829
0.0469485
0.0468977
0.0468324
0.0467553
0.0466693
0.0465779
0.0464845
0.0329231
0.0328244
0.0327353
0.032659
0.0325982
0.0325552
0.0325315
0.0325281
0.0325451
0.0325819
0.0326374
0.0327096
0.0327959
0.032893
0.0329975
0.0331052
0.033212
0.0333136
0.0334061
0.0334856
0.0335489
0.0335934
0.0336173
0.0336197
0.0336005
0.0335606
0.0335018
0.0334265
0.0333377
0.0332391
0.0331344
0.0330278
0.0128126
0.0127504
0.0126946
0.012647
0.0126092
0.0125827
0.0125683
0.0125665
0.0125775
0.0126009
0.0126361
0.0126819
0.0127367
0.0127984
0.012865
0.0129338
0.0130022
0.0130675
0.0131269
0.0131779
0.0132185
0.0132468
0.0132616
0.0132624
0.0132492
0.0132227
0.013184
0.0131349
0.0130774
0.0130138
0.0129467
0.0128788
0.0532033
0.0531692
0.0531393
0.0531145
0.053096
0.0530843
0.05308
0.0530832
0.0530938
0.0531113
0.0531351
0.0531643
0.0531977
0.0532341
0.0532721
0.0533103
0.0533472
0.0533814
0.0534114
0.0534363
0.053455
0.0534667
0.0534711
0.053468
0.0534575
0.0534399
0.053416
0.0533866
0.053353
0.0533164
0.0532783
0.0532401
0.0463442
0.0462698
0.046205
0.0461525
0.0461143
0.0460917
0.0460856
0.0460963
0.0461233
0.0461657
0.0462217
0.0462893
0.0463658
0.0464484
0.0465338
0.0466189
0.0467002
0.0467748
0.0468397
0.0468924
0.0469309
0.0469537
0.0469599
0.0469492
0.0469221
0.0468796
0.0468234
0.0467556
0.0466789
0.0465962
0.0465106
0.0464255
0.0328384
0.0327464
0.0326669
0.0326028
0.0325564
0.0325296
0.0325233
0.0325377
0.0325723
0.0326259
0.0326963
0.032781
0.0328768
0.03298
0.0330868
0.033193
0.0332946
0.0333877
0.0334685
0.0335339
0.0335813
0.0336089
0.0336154
0.0336007
0.0335653
0.0335107
0.0334389
0.033353
0.0332561
0.0331522
0.0330452
0.0329392
0.012742
0.01268
0.0126269
0.0125845
0.0125543
0.0125375
0.0125346
0.0125458
0.0125705
0.012608
0.0126569
0.0127155
0.0127816
0.0128527
0.0129263
0.0129994
0.0130692
0.013133
0.0131883
0.0132328
0.0132646
0.0132824
0.0132855
0.0132737
0.0132475
0.0132081
0.0131571
0.0130965
0.0130288
0.0129567
0.012883
0.0128105
0.0533207
0.05333
0.0533373
0.0533423
0.0533449
0.053345
0.0533425
0.0533376
0.0533305
0.0533213
0.0533105
0.0532985
0.0532857
0.0532727
0.05326
0.0532481
0.0532374
0.0532283
0.0532211
0.0532162
0.0532137
0.0532137
0.0532162
0.0532211
0.0532283
0.0532374
0.053248
0.0532598
0.0532724
0.0532852
0.0532979
0.0533099
0.0465646
0.0465688
0.0465713
0.046572
0.0465709
0.0465682
0.0465638
0.046558
0.0465509
0.0465429
0.0465342
0.0465251
0.0465158
0.0465068
0.0464984
0.0464908
0.0464844
0.0464796
0.0464764
0.0464751
0.0464758
0.0464785
0.0464829
0.046489
0.0464966
0.0465052
0.0465146
0.0465243
0.046534
0.0465432
0.0465516
0.0465588
0.0330986
0.0330964
0.0330931
0.033089
0.0330842
0.0330788
0.0330732
0.0330674
0.0330618
0.0330565
0.0330517
0.0330476
0.0330442
0.0330417
0.0330402
0.0330397
0.0330404
0.0330421
0.0330449
0.0330486
0.0330532
0.0330585
0.0330642
0.0330702
0.0330762
0.0330819
0.0330872
0.0330917
0.0330954
0.033098
0.0330994
0.0330996
0.0129171
0.0129121
0.0129068
0.0129016
0.0128967
0.0128921
0.0128882
0.012885
0.0128827
0.0128814
0.0128811
0.0128817
0.0128833
0.0128858
0.0128889
0.0128926
0.0128968
0.0129014
0.0129062
0.0129111
0.0129158
0.0129202
0.0129242
0.0129275
0.0129301
0.0129318
0.0129325
0.0129323
0.0129311
0.0129289
0.0129257
0.0129217
0.0534126
0.0534616
0.0535033
0.0535361
0.0535586
0.0535701
0.05357
0.0535584
0.0535357
0.0535028
0.053461
0.0534119
0.0533573
0.0532995
0.0532408
0.0531833
0.0531293
0.0530808
0.0530395
0.0530072
0.052985
0.0529737
0.0529739
0.0529854
0.0530079
0.0530404
0.0530818
0.0531304
0.0531845
0.0532419
0.0533006
0.0533582
0.0467629
0.0468483
0.0469212
0.0469788
0.0470186
0.047039
0.0470393
0.0470194
0.04698
0.0469228
0.0468501
0.0467649
0.0466704
0.0465705
0.046469
0.0463698
0.0462767
0.0461932
0.0461224
0.0460669
0.0460287
0.0460092
0.0460091
0.0460284
0.0460664
0.0461217
0.0461922
0.0462755
0.0463683
0.0464673
0.0465686
0.0466685
0.0333474
0.0334447
0.0335278
0.0335934
0.0336386
0.0336615
0.033661
0.0336372
0.0335911
0.0335246
0.0334406
0.0333427
0.0332347
0.033121
0.0330062
0.0328947
0.0327905
0.0326976
0.0326192
0.0325581
0.0325165
0.0324957
0.0324964
0.0325186
0.0325615
0.0326236
0.0327028
0.0327963
0.0329008
0.0330124
0.0331269
0.0332401
0.0130937
0.0131567
0.0132105
0.0132528
0.0132817
0.0132958
0.0132945
0.0132778
0.0132464
0.0132019
0.0131462
0.0130817
0.0130111
0.0129374
0.0128635
0.0127921
0.0127259
0.0126673
0.0126183
0.0125805
0.0125551
0.012543
0.0125443
0.0125592
0.0125871
0.0126272
0.0126781
0.0127381
0.0128053
0.0128772
0.0129511
0.0130243
0.0534474
0.0535088
0.0535608
0.0536014
0.053629
0.0536425
0.0536415
0.0536259
0.0535964
0.053554
0.0535006
0.0534381
0.0533691
0.0532961
0.0532222
0.05315
0.0530823
0.0530216
0.0529704
0.0529305
0.0529033
0.05289
0.052891
0.0529064
0.0529354
0.052977
0.0530297
0.0530914
0.0531599
0.0532326
0.0533066
0.0533792
0.0468338
0.0469486
0.047047
0.047125
0.0471794
0.047208
0.0472095
0.0471838
0.0471321
0.0470565
0.0469601
0.0468468
0.0467213
0.0465884
0.0464534
0.0463215
0.0461977
0.0460866
0.0459922
0.0459179
0.0458664
0.0458395
0.0458382
0.0458625
0.0459115
0.0459834
0.0460759
0.0461854
0.0463081
0.0464393
0.0465741
0.0467073
0.0334301
0.0335662
0.0336836
0.0337774
0.0338435
0.0338789
0.0338821
0.0338529
0.0337927
0.0337041
0.033591
0.0334582
0.0333112
0.033156
0.0329987
0.0328454
0.0327018
0.0325731
0.0324638
0.0323777
0.0323177
0.0322857
0.0322828
0.0323091
0.0323638
0.032445
0.03255
0.0326752
0.0328162
0.032968
0.0331249
0.033281
0.0131448
0.0132357
0.0133146
0.013378
0.013423
0.0134474
0.0134501
0.0134309
0.0133908
0.0133318
0.0132564
0.0131683
0.0130711
0.012969
0.012866
0.0127661
0.012673
0.0125898
0.0125194
0.0124639
0.0124252
0.0124043
0.012402
0.0124181
0.0124524
0.0125038
0.0125706
0.0126509
0.0127419
0.0128405
0.0129431
0.0130459
0.053475
0.0535229
0.053561
0.0535878
0.0536022
0.0536037
0.0535921
0.0535681
0.0535325
0.0534867
0.0534325
0.0533719
0.0533074
0.0532414
0.0531765
0.0531151
0.0530596
0.0530121
0.0529745
0.052948
0.0529338
0.0529323
0.0529436
0.0529673
0.0530026
0.053048
0.0531018
0.0531621
0.0532264
0.0532924
0.0533574
0.0534191
0.0468811
0.0469726
0.0470466
0.0471002
0.0471312
0.0471382
0.047121
0.0470803
0.0470177
0.0469358
0.0468379
0.046728
0.0466105
0.0464899
0.0463709
0.0462581
0.0461556
0.0460673
0.0459964
0.0459454
0.0459161
0.0459096
0.0459261
0.0459649
0.0460248
0.0461035
0.0461983
0.0463056
0.0464214
0.0465415
0.0466612
0.0467759
0.0334811
0.0335906
0.0336801
0.0337458
0.0337849
0.0337956
0.0337776
0.0337315
0.0336593
0.0335642
0.0334502
0.033322
0.0331848
0.0330441
0.0329054
0.0327738
0.0326542
0.032551
0.0324676
0.0324071
0.0323714
0.0323617
0.0323784
0.0324208
0.0324876
0.0325764
0.0326843
0.0328073
0.0329411
0.0330808
0.0332209
0.0333562
0.0131705
0.0132435
0.0133037
0.0133485
0.0133759
0.0133846
0.0133741
0.0133449
0.0132985
0.0132368
0.0131628
0.0130796
0.0129906
0.0128996
0.0128099
0.0127251
0.012648
0.0125814
0.0125275
0.012488
0.0124641
0.0124567
0.0124658
0.0124912
0.0125322
0.0125874
0.0126552
0.0127331
0.0128186
0.0129085
0.0129995
0.013088
0.0534718
0.0534991
0.0535177
0.0535269
0.0535262
0.0535156
0.0534957
0.0534671
0.053431
0.0533888
0.0533421
0.0532927
0.0532426
0.0531936
0.0531477
0.0531065
0.0530717
0.0530446
0.0530262
0.0530172
0.0530179
0.0530284
0.0530482
0.0530765
0.0531123
0.0531543
0.0532008
0.0532501
0.0533002
0.0533492
0.0533953
0.0534367
0.0468883
0.04694
0.0469754
0.0469932
0.0469926
0.0469737
0.0469371
0.0468845
0.0468179
0.0467399
0.0466537
0.0465627
0.0464704
0.0463804
0.046296
0.0462204
0.0461565
0.0461066
0.0460726
0.0460555
0.0460561
0.0460744
0.0461096
0.0461606
0.0462253
0.0463015
0.0463864
0.0464766
0.0465689
0.0466596
0.0467453
0.0468226
0.0334972
0.0335581
0.0336001
0.0336212
0.0336205
0.0335982
0.0335551
0.033493
0.0334145
0.0333229
0.0332218
0.0331154
0.0330077
0.0329028
0.0328049
0.0327174
0.0326435
0.0325859
0.0325467
0.032527
0.0325278
0.0325488
0.0325894
0.0326482
0.032723
0.0328112
0.0329097
0.0330147
0.0331223
0.0332284
0.0333289
0.0334197
0.0131857
0.0132248
0.0132514
0.0132644
0.0132632
0.0132479
0.0132191
0.0131781
0.0131267
0.0130671
0.0130018
0.0129333
0.0128645
0.0127979
0.012736
0.0126811
0.012635
0.0125993
0.0125752
0.0125636
0.0125647
0.0125786
0.0126047
0.0126423
0.0126901
0.0127464
0.0128092
0.0128763
0.0129451
0.0130132
0.0130777
0.013136
0.0534147
0.0534256
0.0534307
0.0534298
0.0534229
0.0534103
0.0533925
0.0533702
0.0533443
0.0533157
0.0532857
0.0532552
0.0532256
0.0531979
0.0531732
0.0531524
0.0531364
0.0531257
0.0531207
0.0531217
0.0531284
0.0531408
0.0531584
0.0531804
0.0532061
0.0532345
0.0532645
0.0532949
0.0533246
0.0533525
0.0533774
0.0533984
0.0467904
0.0468119
0.0468222
0.0468209
0.0468081
0.0467842
0.0467503
0.0467078
0.0466582
0.0466035
0.0465459
0.0464875
0.0464307
0.0463776
0.0463301
0.04629
0.0462588
0.0462377
0.0462276
0.0462286
0.0462409
0.046264
0.0462971
0.0463388
0.0463877
0.046442
0.0464995
0.046558
0.0466154
0.0466693
0.0467177
0.0467586
0.0333893
0.0334142
0.0334256
0.0334231
0.0334067
0.0333771
0.0333356
0.0332838
0.0332239
0.0331581
0.0330892
0.0330197
0.0329523
0.0328896
0.0328338
0.0327871
0.0327511
0.0327271
0.0327161
0.0327183
0.0327338
0.032762
0.032802
0.0328521
0.0329107
0.0329755
0.0330441
0.0331139
0.0331821
0.0332462
0.0333036
0.033352
0.0131192
0.0131338
0.0131394
0.0131358
0.0131233
0.0131023
0.0130737
0.0130387
0.0129987
0.0129554
0.0129105
0.0128657
0.0128227
0.0127831
0.0127483
0.0127196
0.012698
0.0126843
0.012679
0.0126822
0.0126938
0.0127135
0.0127406
0.012774
0.0128127
0.0128551
0.0128998
0.012945
0.0129889
0.0130299
0.0130662
0.0130964
0.0533313
0.0533274
0.0533216
0.053314
0.053305
0.053295
0.0532842
0.0532733
0.0532625
0.0532523
0.0532432
0.0532354
0.0532292
0.053225
0.0532228
0.0532227
0.0532248
0.0532288
0.0532347
0.0532422
0.0532511
0.0532609
0.0532714
0.0532822
0.0532928
0.0533028
0.0533119
0.0533197
0.053326
0.0533304
0.0533328
0.0533331
0.0466313
0.0466287
0.046622
0.0466116
0.0465977
0.0465811
0.0465623
0.0465422
0.0465214
0.0465009
0.0464813
0.0464635
0.0464481
0.0464357
0.0464267
0.0464213
0.0464199
0.0464224
0.0464288
0.0464389
0.0464522
0.0464682
0.0464865
0.0465063
0.0465269
0.0465475
0.0465673
0.0465856
0.0466015
0.0466146
0.0466241
0.0466298
0.0332035
0.0332019
0.033195
0.0331832
0.0331668
0.0331467
0.0331236
0.0330985
0.0330723
0.0330461
0.0330209
0.0329977
0.0329772
0.0329603
0.0329475
0.0329393
0.0329359
0.0329375
0.032944
0.0329552
0.0329707
0.03299
0.0330122
0.0330368
0.0330626
0.0330888
0.0331144
0.0331383
0.0331596
0.0331774
0.033191
0.0331999
0.012999
0.0129974
0.0129922
0.0129836
0.012972
0.0129579
0.0129418
0.0129244
0.0129064
0.0128885
0.0128713
0.0128556
0.0128419
0.0128306
0.0128221
0.0128168
0.0128149
0.0128164
0.0128212
0.0128293
0.0128402
0.0128537
0.0128692
0.0128862
0.0129041
0.0129221
0.0129397
0.012956
0.0129704
0.0129824
0.0129914
0.012997
0.0532663
0.0532434
0.0532218
0.0532024
0.0531857
0.0531726
0.0531635
0.0531587
0.0531585
0.0531629
0.0531717
0.0531845
0.0532009
0.0532203
0.0532419
0.0532648
0.0532884
0.0533115
0.0533332
0.0533528
0.0533695
0.0533826
0.0533917
0.0533963
0.0533964
0.0533919
0.053383
0.05337
0.0533535
0.0533341
0.0533125
0.0532896
0.0464982
0.0464636
0.0464314
0.0464027
0.0463787
0.0463602
0.046348
0.0463425
0.0463441
0.0463526
0.0463678
0.046389
0.0464156
0.0464463
0.0464802
0.0465157
0.0465516
0.0465865
0.0466189
0.0466477
0.0466717
0.0466899
0.0467018
0.0467069
0.046705
0.0466961
0.0466807
0.0466594
0.046633
0.0466024
0.0465689
0.0465337
0.0330398
0.0330034
0.0329694
0.0329392
0.0329139
0.0328945
0.0328817
0.0328761
0.0328778
0.032887
0.0329031
0.0329257
0.032954
0.0329867
0.0330228
0.0330606
0.0330989
0.033136
0.0331704
0.033201
0.0332263
0.0332455
0.0332579
0.0332629
0.0332605
0.0332507
0.033234
0.0332111
0.0331828
0.0331502
0.0331146
0.0330774
0.0128876
0.0128654
0.0128448
0.0128265
0.0128112
0.0127996
0.012792
0.0127888
0.0127901
0.0127958
0.0128059
0.0128198
0.0128372
0.0128574
0.0128796
0.0129028
0.0129262
0.0129488
0.0129699
0.0129884
0.0130038
0.0130154
0.0130227
0.0130255
0.0130238
0.0130175
0.013007
0.0129927
0.0129752
0.0129552
0.0129334
0.0129106
0.053266
0.0532227
0.0531814
0.0531437
0.0531111
0.0530848
0.0530657
0.0530547
0.053052
0.0530579
0.0530721
0.0530941
0.0531229
0.0531576
0.0531967
0.0532389
0.0532825
0.0533258
0.0533672
0.0534051
0.053438
0.0534647
0.053484
0.0534952
0.0534979
0.0534921
0.0534778
0.0534557
0.0534266
0.0533916
0.0533522
0.0533097
0.0464905
0.0464176
0.0463487
0.0462867
0.0462338
0.046192
0.0461628
0.0461473
0.0461461
0.0461593
0.0461863
0.0462262
0.0462775
0.0463383
0.0464063
0.046479
0.0465536
0.0466272
0.0466968
0.0467599
0.0468139
0.0468567
0.0468866
0.0469024
0.0469035
0.0468898
0.0468619
0.0468209
0.0467684
0.0467066
0.0466379
0.0465649
0.0330278
0.0329469
0.0328709
0.0328027
0.0327449
0.0326995
0.0326681
0.0326519
0.0326514
0.0326667
0.0326973
0.032742
0.0327993
0.0328671
0.0329429
0.0330239
0.033107
0.033189
0.0332666
0.0333369
0.033397
0.0334444
0.0334773
0.0334942
0.0334945
0.0334782
0.0334459
0.033399
0.0333394
0.0332696
0.0331923
0.0331107
0.0128789
0.0128288
0.0127819
0.01274
0.0127047
0.0126771
0.0126583
0.0126489
0.0126491
0.012659
0.0126783
0.0127063
0.0127421
0.0127843
0.0128315
0.012882
0.0129338
0.012985
0.0130335
0.0130773
0.0131148
0.0131442
0.0131644
0.0131745
0.0131741
0.0131632
0.0131423
0.0131123
0.0130744
0.0130302
0.0129816
0.0129305
0.0532945
0.0532407
0.0531882
0.053139
0.053095
0.0530578
0.0530289
0.0530094
0.0529999
0.0530008
0.0530121
0.0530334
0.0530637
0.0531021
0.053147
0.0531967
0.0532494
0.053303
0.0533555
0.0534048
0.0534492
0.0534868
0.0535161
0.0535361
0.0535459
0.0535452
0.0535339
0.0535124
0.0534817
0.053443
0.0533976
0.0533475
0.0465451
0.0464478
0.0463537
0.0462663
0.0461889
0.0461243
0.046075
0.0460427
0.0460285
0.0460331
0.0460561
0.0460968
0.0461537
0.0462246
0.0463071
0.046398
0.0464939
0.0465912
0.0466861
0.0467751
0.0468544
0.0469211
0.0469724
0.0470062
0.0470211
0.0470166
0.0469928
0.0469506
0.0468918
0.0468187
0.0467343
0.0466419
0.0330936
0.0329816
0.0328736
0.0327736
0.0326854
0.032612
0.0325562
0.0325197
0.0325039
0.0325092
0.0325355
0.0325819
0.0326467
0.0327276
0.0328218
0.0329258
0.0330359
0.0331479
0.0332575
0.0333604
0.0334525
0.03353
0.0335898
0.0336292
0.0336466
0.0336413
0.0336134
0.0335641
0.0334954
0.0334103
0.0333123
0.0332052
0.012927
0.0128555
0.0127867
0.012723
0.0126669
0.0126202
0.0125845
0.012561
0.0125504
0.0125531
0.012569
0.0125974
0.0126376
0.0126881
0.0127472
0.0128129
0.0128829
0.0129544
0.0130249
0.0130914
0.0131513
0.013202
0.0132415
0.0132678
0.0132799
0.0132772
0.0132598
0.0132285
0.0131845
0.0131299
0.013067
0.0129985
0.0533448
0.0533006
0.0532554
0.053211
0.053169
0.0531312
0.0530989
0.0530734
0.0530555
0.0530461
0.0530455
0.0530536
0.0530702
0.0530946
0.0531259
0.0531629
0.0532042
0.0532483
0.0532934
0.0533378
0.0533799
0.0534179
0.0534505
0.0534763
0.0534943
0.0535039
0.0535046
0.0534965
0.0534798
0.0534553
0.0534237
0.0533864
0.0466245
0.0465392
0.0464536
0.046371
0.0462944
0.0462269
0.0461708
0.0461283
0.0461008
0.0460893
0.0460942
0.0461153
0.0461518
0.0462023
0.0462651
0.0463377
0.0464177
0.0465019
0.0465872
0.0466703
0.046748
0.0468173
0.0468754
0.0469199
0.0469491
0.0469617
0.0469571
0.0469355
0.0468978
0.0468455
0.0467807
0.0467061
0.0331804
0.0330793
0.0329784
0.0328815
0.0327922
0.032714
0.0326495
0.0326011
0.0325704
0.0325585
0.0325656
0.0325916
0.0326354
0.0326955
0.0327698
0.0328557
0.0329501
0.0330494
0.03315
0.033248
0.0333397
0.0334213
0.0334895
0.0335415
0.0335751
0.0335889
0.0335821
0.033555
0.0335087
0.0334452
0.0333671
0.0332776
0.0129808
0.0129148
0.0128491
0.0127862
0.0127284
0.0126778
0.0126363
0.0126051
0.0125853
0.0125775
0.0125819
0.0125983
0.0126263
0.0126647
0.0127124
0.0127677
0.0128286
0.012893
0.0129586
0.0130227
0.0130829
0.0131367
0.013182
0.0132166
0.0132391
0.0132486
0.0132444
0.0132267
0.0131963
0.0131546
0.0131032
0.0130445
0.053414
0.053394
0.0533696
0.0533416
0.0533113
0.0532797
0.053248
0.0532176
0.0531895
0.0531647
0.0531443
0.053129
0.0531194
0.0531159
0.0531186
0.0531275
0.0531421
0.0531619
0.0531862
0.053214
0.0532444
0.053276
0.0533078
0.0533385
0.0533668
0.0533917
0.0534122
0.0534275
0.0534371
0.0534405
0.0534377
0.0534288
0.0467399
0.0466972
0.046648
0.0465943
0.046538
0.0464815
0.0464268
0.046376
0.046331
0.0462935
0.0462647
0.0462457
0.0462372
0.0462395
0.0462526
0.0462759
0.0463087
0.0463498
0.0463978
0.0464507
0.0465067
0.0465636
0.0466192
0.0466714
0.0467179
0.046757
0.0467871
0.046807
0.0468157
0.046813
0.046799
0.0467743
0.0333087
0.0332561
0.0331963
0.033132
0.0330657
0.0329998
0.0329369
0.0328794
0.0328292
0.0327882
0.0327579
0.0327392
0.0327328
0.032739
0.0327575
0.0327877
0.0328286
0.0328788
0.0329365
0.0329995
0.0330656
0.0331321
0.0331966
0.0332564
0.0333091
0.0333526
0.033385
0.033405
0.0334117
0.0334048
0.0333847
0.0333522
0.0130607
0.0130259
0.0129866
0.0129445
0.0129013
0.0128586
0.0128181
0.0127813
0.0127494
0.0127235
0.0127046
0.0126932
0.0126898
0.0126943
0.0127067
0.0127266
0.0127533
0.0127859
0.0128233
0.0128642
0.012907
0.0129501
0.0129919
0.0130307
0.0130648
0.0130929
0.0131138
0.0131264
0.0131304
0.0131254
0.0131116
0.0130897
0.053489
0.0534963
0.0534951
0.0534855
0.0534678
0.0534428
0.0534114
0.0533749
0.0533345
0.053292
0.0532489
0.0532068
0.0531674
0.0531323
0.0531027
0.0530798
0.0530644
0.0530571
0.0530582
0.0530677
0.0530852
0.05311
0.0531412
0.0531777
0.053218
0.0532605
0.0533037
0.0533458
0.0533853
0.0534206
0.0534504
0.0534735
0.0468791
0.0468874
0.0468816
0.046862
0.0468294
0.0467851
0.0467308
0.0466687
0.0466011
0.0465308
0.0464602
0.0463922
0.0463293
0.0462737
0.0462277
0.0461929
0.0461708
0.0461621
0.0461672
0.046186
0.0462177
0.0462612
0.0463149
0.0463767
0.0464444
0.0465152
0.0465864
0.0466553
0.0467192
0.0467755
0.046822
0.046857
0.0334715
0.0334789
0.0334703
0.0334462
0.0334076
0.033356
0.0332935
0.0332227
0.0331462
0.033067
0.0329882
0.0329127
0.0328434
0.0327828
0.0327332
0.0326963
0.0326737
0.0326661
0.0326738
0.0326966
0.0327337
0.0327837
0.0328448
0.0329147
0.0329909
0.0330703
0.03315
0.0332268
0.0332977
0.0333598
0.0334108
0.0334485
0.0131646
0.0131691
0.0131634
0.0131477
0.0131228
0.0130895
0.0130495
0.0130041
0.0129554
0.0129051
0.0128553
0.0128077
0.0127642
0.0127263
0.0126953
0.0126724
0.0126584
0.0126538
0.0126588
0.0126733
0.0126966
0.0127281
0.0127666
0.0128107
0.0128588
0.0129091
0.0129597
0.0130086
0.0130538
0.0130935
0.013126
0.01315
0.0535405
0.0535683
0.0535846
0.0535888
0.0535807
0.0535606
0.0535294
0.0534882
0.0534387
0.0533828
0.0533227
0.0532606
0.053199
0.0531403
0.0530866
0.0530401
0.0530024
0.0529749
0.0529588
0.0529546
0.0529625
0.0529823
0.053013
0.0530537
0.0531028
0.0531584
0.0532183
0.0532803
0.053342
0.0534011
0.0534553
0.0535024
0.0469943
0.047043
0.0470714
0.0470783
0.0470635
0.0470275
0.046972
0.046899
0.0468116
0.0467132
0.0466077
0.0464992
0.0463918
0.0462897
0.0461966
0.0461161
0.0460511
0.046004
0.0459766
0.0459698
0.0459839
0.0460183
0.046072
0.0461428
0.0462282
0.046325
0.0464296
0.0465381
0.0466462
0.0467498
0.0468447
0.0469274
0.0336199
0.033677
0.0337104
0.0337186
0.0337012
0.033659
0.0335937
0.0335082
0.033406
0.0332913
0.0331686
0.0330429
0.032919
0.0328016
0.032695
0.032603
0.032529
0.0324755
0.0324445
0.0324369
0.032453
0.0324924
0.0325535
0.0326344
0.0327321
0.0328431
0.0329634
0.0330886
0.0332137
0.033334
0.0334447
0.0335413
0.0132694
0.0133081
0.0133311
0.0133372
0.0133263
0.0132988
0.013256
0.0131997
0.0131325
0.0130572
0.0129769
0.0128949
0.0128144
0.0127382
0.0126693
0.0126099
0.0125622
0.0125276
0.0125073
0.0125019
0.0125116
0.0125361
0.0125746
0.0126258
0.012688
0.0127592
0.0128368
0.0129181
0.0129999
0.0130791
0.0131523
0.0132167
0.0535332
0.0535674
0.0535901
0.0536005
0.053598
0.0535829
0.0535556
0.0535174
0.0534697
0.0534143
0.0533534
0.0532894
0.0532247
0.0531618
0.0531031
0.0530508
0.0530069
0.0529731
0.0529506
0.0529403
0.0529426
0.0529573
0.0529841
0.0530218
0.053069
0.053124
0.0531847
0.0532486
0.0533135
0.0533767
0.0534359
0.0534887
0.046993
0.0470546
0.0470955
0.0471139
0.0471092
0.0470815
0.0470319
0.0469625
0.0468762
0.0467763
0.0466669
0.0465523
0.0464368
0.0463249
0.0462208
0.0461284
0.0460511
0.0459917
0.0459524
0.0459346
0.045939
0.0459654
0.0460128
0.0460796
0.0461633
0.0462609
0.0463688
0.0464828
0.0465987
0.046712
0.0468182
0.0469131
0.0336273
0.033701
0.0337499
0.0337721
0.0337664
0.0337332
0.033674
0.0335911
0.0334883
0.0333697
0.0332402
0.033105
0.0329693
0.0328382
0.0327168
0.0326093
0.0325196
0.0324508
0.0324054
0.0323849
0.0323899
0.0324204
0.0324752
0.0325526
0.0326498
0.0327634
0.0328894
0.0330231
0.0331594
0.0332932
0.0334191
0.033532
0.0132809
0.0133315
0.0133654
0.013381
0.0133778
0.0133557
0.013316
0.0132602
0.0131911
0.0131116
0.0130251
0.0129351
0.0128452
0.0127587
0.0126789
0.0126085
0.0125499
0.012505
0.0124752
0.0124614
0.0124642
0.0124834
0.0125183
0.012568
0.0126309
0.0127048
0.0127872
0.0128753
0.0129657
0.013055
0.0131396
0.013216
0.0534983
0.053533
0.0535577
0.0535713
0.0535733
0.0535638
0.053543
0.0535117
0.0534713
0.0534233
0.0533695
0.053312
0.053253
0.0531948
0.0531396
0.0530896
0.0530466
0.0530122
0.0529877
0.0529742
0.052972
0.0529813
0.0530018
0.0530326
0.0530727
0.0531205
0.0531741
0.0532316
0.0532906
0.053349
0.0534045
0.0534549
0.0469156
0.0469749
0.0470165
0.047039
0.0470413
0.0470234
0.0469861
0.0469307
0.0468597
0.0467757
0.0466822
0.0465828
0.0464813
0.0463816
0.0462876
0.0462027
0.0461301
0.0460725
0.0460321
0.0460103
0.0460079
0.0460249
0.0460609
0.0461145
0.0461837
0.046266
0.0463583
0.0464571
0.0465587
0.0466592
0.0467546
0.0468412
0.0335304
0.033599
0.0336469
0.0336722
0.0336737
0.0336515
0.0336065
0.0335406
0.0334566
0.0333579
0.0332484
0.0331327
0.0330151
0.0329002
0.0327924
0.0326955
0.0326131
0.0325481
0.0325029
0.032479
0.0324773
0.0324979
0.03254
0.0326021
0.0326822
0.0327773
0.032884
0.0329984
0.0331161
0.0332327
0.0333434
0.033444
0.0132123
0.0132574
0.0132888
0.0133052
0.0133057
0.0132904
0.01326
0.0132158
0.0131599
0.0130945
0.0130225
0.0129468
0.0128704
0.0127962
0.0127268
0.0126649
0.0126126
0.0125715
0.0125432
0.0125284
0.0125278
0.0125413
0.0125684
0.0126084
0.0126599
0.0127212
0.0127901
0.0128643
0.0129408
0.0130169
0.0130894
0.0131555
0.0534873
0.0535282
0.0535592
0.0535792
0.0535874
0.0535835
0.0535675
0.0535403
0.0535027
0.0534564
0.053403
0.0533447
0.0532836
0.0532223
0.0531629
0.0531079
0.0530592
0.0530188
0.0529881
0.0529683
0.0529601
0.052964
0.0529797
0.0530066
0.0530438
0.0530898
0.0531428
0.0532009
0.0532618
0.0533232
0.0533828
0.0534382
0.0468803
0.0469487
0.0470006
0.047034
0.0470476
0.0470407
0.0470136
0.0469675
0.0469041
0.0468261
0.0467365
0.0466388
0.046537
0.0464348
0.0463362
0.046245
0.0461646
0.046098
0.0460477
0.0460154
0.0460024
0.0460092
0.0460354
0.0460802
0.0461419
0.0462181
0.0463062
0.0464027
0.046504
0.0466064
0.0467057
0.0467982
0.0334808
0.0335577
0.0336157
0.0336524
0.0336663
0.0336568
0.0336242
0.03357
0.0334964
0.0334064
0.0333036
0.0331924
0.0330769
0.0329618
0.0328513
0.0327497
0.0326606
0.0325874
0.0325326
0.0324981
0.0324852
0.0324943
0.032525
0.0325764
0.0326465
0.0327328
0.0328324
0.0329414
0.0330559
0.0331715
0.0332838
0.0333882
0.0131742
0.0132225
0.0132586
0.0132809
0.0132885
0.013281
0.0132588
0.0132228
0.0131746
0.0131163
0.0130504
0.0129796
0.0129066
0.0128344
0.0127656
0.0127027
0.0126481
0.0126036
0.0125707
0.0125505
0.0125436
0.0125504
0.0125705
0.0126033
0.0126477
0.0127022
0.012765
0.0128337
0.012906
0.012979
0.0130499
0.0131159
0.0535096
0.0535592
0.0535977
0.0536236
0.0536358
0.053634
0.053618
0.0535887
0.0535471
0.0534949
0.0534341
0.0533671
0.0532965
0.0532251
0.0531555
0.0530904
0.0530323
0.0529834
0.0529455
0.05292
0.052908
0.0529098
0.0529253
0.0529541
0.0529951
0.0530466
0.0531067
0.0531732
0.0532436
0.0533152
0.0533851
0.0534508
0.0469174
0.0470049
0.0470737
0.0471211
0.0471451
0.0471446
0.0471197
0.0470715
0.0470018
0.0469135
0.0468103
0.0466962
0.0465757
0.0464535
0.0463344
0.0462229
0.0461231
0.0460388
0.0459729
0.0459279
0.0459054
0.0459061
0.04593
0.0459763
0.0460432
0.0461283
0.0462287
0.0463405
0.0464596
0.0465814
0.0467014
0.0468149
0.0335207
0.0336205
0.0336992
0.0337534
0.0337806
0.0337796
0.0337506
0.0336947
0.0336144
0.033513
0.0333948
0.0332646
0.0331278
0.0329897
0.0328556
0.0327306
0.0326192
0.0325253
0.0324524
0.0324027
0.0323782
0.0323794
0.0324064
0.0324583
0.0325332
0.0326285
0.0327411
0.0328667
0.0330009
0.0331386
0.0332747
0.0334038
0.0131987
0.013262
0.0133118
0.0133458
0.0133624
0.0133608
0.0133412
0.0133043
0.013252
0.0131865
0.0131107
0.0130278
0.0129413
0.0128545
0.0127708
0.0126932
0.0126245
0.0125671
0.0125228
0.012493
0.0124786
0.0124802
0.0124976
0.0125302
0.0125772
0.0126368
0.0127072
0.0127859
0.0128703
0.012957
0.0130429
0.0131246
0.0535517
0.0536001
0.0536358
0.0536573
0.0536637
0.0536548
0.0536309
0.0535931
0.0535428
0.053482
0.0534131
0.0533388
0.053262
0.0531855
0.0531124
0.0530453
0.0529869
0.0529392
0.0529042
0.0528831
0.0528767
0.0528853
0.0529084
0.0529454
0.0529947
0.0530546
0.0531229
0.0531969
0.0532738
0.0533506
0.0534244
0.0534923
0.0469984
0.0470901
0.0471596
0.0472042
0.0472219
0.0472119
0.0471748
0.047112
0.0470262
0.046921
0.0468005
0.0466697
0.0465336
0.0463977
0.0462671
0.0461467
0.046041
0.0459536
0.0458879
0.045846
0.0458295
0.0458389
0.0458739
0.0459332
0.0460148
0.0461158
0.0462325
0.0463606
0.0464954
0.0466318
0.0467646
0.0468884
0.0336147
0.0337228
0.0338055
0.0338592
0.0338815
0.0338714
0.0338293
0.0337573
0.0336583
0.0335367
0.0333977
0.033247
0.0330907
0.0329349
0.0327855
0.032648
0.0325272
0.0324275
0.0323521
0.0323036
0.0322836
0.0322927
0.0323305
0.032396
0.0324869
0.0326001
0.0327318
0.0328773
0.0330313
0.0331882
0.0333417
0.0334859
0.0132595
0.0133298
0.0133839
0.0134191
0.0134337
0.0134271
0.0133997
0.0133526
0.0132883
0.0132095
0.0131198
0.013023
0.0129231
0.0128241
0.0127297
0.0126432
0.0125676
0.0125054
0.0124584
0.0124283
0.0124157
0.0124213
0.0124446
0.0124852
0.0125417
0.0126124
0.012695
0.0127868
0.0128845
0.0129845
0.013083
0.013176
0.0535884
0.0536179
0.0536339
0.0536358
0.0536235
0.0535976
0.0535591
0.0535095
0.0534507
0.053385
0.053315
0.0532435
0.053173
0.0531063
0.0530461
0.0529944
0.0529534
0.0529244
0.0529087
0.0529067
0.0529186
0.0529439
0.0529817
0.0530305
0.0530887
0.0531538
0.0532236
0.0532952
0.053366
0.0534332
0.0534942
0.0535466
0.0470756
0.047138
0.0471762
0.0471885
0.0471746
0.047135
0.0470712
0.0469861
0.046883
0.0467663
0.0466406
0.0465108
0.046382
0.0462591
0.0461466
0.0460487
0.0459689
0.0459101
0.0458743
0.0458628
0.0458759
0.0459132
0.0459734
0.0460544
0.0461532
0.0462664
0.0463898
0.0465187
0.0466484
0.0467737
0.0468897
0.0469917
0.0337095
0.0337871
0.0338363
0.0338549
0.0338422
0.0337987
0.0337264
0.0336284
0.0335091
0.0333733
0.0332268
0.0330754
0.032925
0.0327813
0.0326495
0.0325344
0.0324398
0.0323691
0.0323245
0.0323076
0.0323188
0.0323579
0.0324235
0.0325135
0.0326248
0.0327537
0.0328956
0.0330453
0.0331972
0.0333453
0.0334838
0.0336069
0.013323
0.0133756
0.0134095
0.0134233
0.0134162
0.0133886
0.0133419
0.0132782
0.0132005
0.0131122
0.0130172
0.0129193
0.0128223
0.0127299
0.0126453
0.0125714
0.0125107
0.0124649
0.0124356
0.0124236
0.0124293
0.0124526
0.0124926
0.0125484
0.0126181
0.0126995
0.0127899
0.012886
0.0129844
0.0130812
0.0131724
0.0132542
0.0535847
0.0535801
0.0535636
0.053536
0.0534982
0.0534517
0.0533983
0.0533401
0.0532793
0.0532184
0.0531596
0.0531053
0.0530574
0.0530178
0.0529881
0.0529692
0.0529619
0.0529665
0.0529828
0.0530103
0.0530478
0.0530939
0.0531468
0.0532046
0.0532651
0.0533259
0.0533848
0.0534395
0.0534878
0.0535278
0.053558
0.0535772
0.0470833
0.0470837
0.047062
0.0470191
0.0469568
0.0468776
0.0467847
0.0466819
0.0465732
0.0464629
0.0463553
0.0462544
0.0461641
0.0460876
0.0460278
0.0459869
0.0459661
0.0459664
0.0459875
0.0460287
0.0460886
0.0461649
0.0462549
0.0463554
0.0464625
0.0465722
0.0466805
0.046783
0.0468757
0.046955
0.0470176
0.0470609
0.0337292
0.0337354
0.0337153
0.0336697
0.0336004
0.0335105
0.0334037
0.0332844
0.0331575
0.033028
0.0329009
0.0327811
0.0326729
0.0325803
0.0325066
0.0324541
0.0324248
0.0324196
0.0324386
0.0324812
0.0325458
0.0326303
0.0327317
0.0328464
0.0329703
0.0330987
0.0332269
0.0333499
0.0334626
0.0335607
0.0336398
0.0336968
0.0133421
0.0133489
0.0133381
0.01331
0.013266
0.0132082
0.0131389
0.0130614
0.0129787
0.0128942
0.0128112
0.0127329
0.0126619
0.0126009
0.0125517
0.012516
0.012495
0.0124892
0.0124988
0.0125235
0.0125626
0.0126147
0.0126783
0.0127511
0.0128307
0.0129142
0.0129983
0.01308
0.0131558
0.0132226
0.0132774
0.0133178
0.0535234
0.0534873
0.053443
0.0533922
0.0533368
0.053279
0.0532209
0.0531649
0.0531131
0.0530676
0.0530299
0.0530016
0.0529836
0.0529768
0.0529812
0.0529969
0.0530231
0.0530589
0.0531029
0.0531535
0.0532087
0.0532664
0.0533244
0.0533804
0.0534324
0.0534783
0.0535163
0.053545
0.0535632
0.0535701
0.0535656
0.0535498
0.0469781
0.0469148
0.0468363
0.0467458
0.0466468
0.0465432
0.0464391
0.0463385
0.0462452
0.0461627
0.046094
0.0460418
0.0460078
0.0459933
0.0459989
0.0460242
0.0460685
0.0461299
0.0462063
0.0462949
0.0463924
0.0464951
0.0465991
0.0467004
0.0467951
0.0468795
0.0469502
0.0470044
0.0470399
0.0470552
0.0470498
0.0470237
0.033614
0.0335431
0.0334539
0.03335
0.0332357
0.0331156
0.0329943
0.0328765
0.0327667
0.0326689
0.0325865
0.0325227
0.0324796
0.0324588
0.0324608
0.0324858
0.0325327
0.0326
0.0326851
0.0327852
0.0328966
0.0330151
0.0331363
0.0332556
0.0333683
0.0334699
0.0335562
0.0336238
0.0336698
0.0336922
0.0336902
0.0336638
0.0132727
0.0132276
0.0131702
0.0131031
0.0130289
0.0129507
0.0128716
0.0127948
0.0127229
0.0126586
0.0126042
0.0125615
0.0125319
0.0125164
0.0125155
0.0125292
0.0125571
0.0125981
0.012651
0.012714
0.0127849
0.0128611
0.0129399
0.0130183
0.0130931
0.0131613
0.0132201
0.0132669
0.0132998
0.0133172
0.0133185
0.0133034
0.0534457
0.0534011
0.0533517
0.0532994
0.0532462
0.053194
0.0531451
0.0531011
0.0530639
0.0530347
0.0530148
0.0530047
0.053005
0.0530155
0.0530359
0.0530654
0.0531028
0.0531469
0.0531959
0.053248
0.0533011
0.0533533
0.0534025
0.0534468
0.0534845
0.0535142
0.0535346
0.053545
0.0535448
0.0535342
0.0535136
0.0534837
0.0468208
0.0467341
0.0466395
0.0465407
0.0464416
0.0463459
0.0462573
0.0461792
0.0461143
0.046065
0.0460332
0.0460199
0.0460255
0.0460499
0.0460922
0.0461508
0.0462236
0.0463079
0.0464006
0.0464983
0.0465973
0.0466938
0.0467839
0.0468643
0.0469316
0.0469832
0.0470169
0.0470313
0.0470258
0.0470006
0.0469568
0.046896
0.033423
0.0333199
0.0332076
0.0330905
0.0329734
0.0328606
0.0327563
0.0326645
0.0325884
0.0325306
0.0324932
0.0324773
0.0324836
0.0325117
0.0325606
0.0326287
0.0327135
0.0328122
0.032921
0.0330361
0.0331532
0.0332677
0.0333751
0.0334713
0.0335521
0.0336143
0.0336552
0.033673
0.0336669
0.0336371
0.0335849
0.0335125
0.0131444
0.0130761
0.0130019
0.0129248
0.0128477
0.0127737
0.0127055
0.0126456
0.0125959
0.0125581
0.0125335
0.0125228
0.0125264
0.012544
0.0125751
0.0126187
0.0126733
0.0127371
0.0128079
0.0128831
0.01296
0.0130357
0.0131072
0.0131715
0.0132259
0.013268
0.0132961
0.0133087
0.0133053
0.013286
0.0132516
0.0132037
0.0534242
0.0534001
0.0533715
0.0533394
0.053305
0.0532697
0.0532348
0.0532016
0.0531715
0.0531456
0.0531248
0.0531099
0.0531014
0.0530998
0.053105
0.0531169
0.0531351
0.0531589
0.0531873
0.0532193
0.0532537
0.0532891
0.0533242
0.0533576
0.053388
0.0534143
0.0534354
0.0534505
0.0534589
0.0534603
0.0534549
0.0534426
0.0467521
0.0466983
0.0466381
0.0465737
0.0465078
0.0464428
0.0463813
0.0463254
0.0462773
0.0462387
0.046211
0.046195
0.0461914
0.0462003
0.0462214
0.0462539
0.0462967
0.0463484
0.0464069
0.0464702
0.0465359
0.0466015
0.0466644
0.0467221
0.0467724
0.0468131
0.0468425
0.0468596
0.0468635
0.046854
0.0468315
0.0467971
0.0333281
0.0332594
0.0331836
0.0331039
0.0330233
0.032945
0.0328719
0.0328068
0.0327518
0.0327089
0.0326796
0.0326647
0.0326648
0.0326799
0.0327094
0.0327523
0.0328072
0.0328722
0.032945
0.0330229
0.0331032
0.0331826
0.0332581
0.0333267
0.0333856
0.0334322
0.0334645
0.0334812
0.0334815
0.0334653
0.0334333
0.0333869
0.0130744
0.0130265
0.0129742
0.0129198
0.0128654
0.0128131
0.0127648
0.0127224
0.0126872
0.0126603
0.0126427
0.0126349
0.0126371
0.0126491
0.0126705
0.0127007
0.0127387
0.0127831
0.0128326
0.0128852
0.0129392
0.0129924
0.0130429
0.0130884
0.0131271
0.0131574
0.0131778
0.0131874
0.0131858
0.0131729
0.0131493
0.0131159
0.0534702
0.0534815
0.0534852
0.0534809
0.053469
0.0534498
0.0534241
0.0533929
0.0533573
0.0533189
0.0532789
0.053239
0.0532007
0.0531655
0.0531348
0.0531098
0.0530914
0.0530802
0.0530767
0.0530811
0.0530931
0.0531124
0.0531381
0.0531692
0.0532047
0.053243
0.0532828
0.0533225
0.0533606
0.0533957
0.0534264
0.0534516
0.0468228
0.0468366
0.0468386
0.0468285
0.0468069
0.0467745
0.0467325
0.0466825
0.0466265
0.0465666
0.046505
0.0464441
0.0463863
0.0463338
0.0462886
0.0462525
0.0462268
0.0462128
0.0462107
0.0462208
0.0462427
0.0462755
0.0463178
0.0463682
0.0464245
0.0464847
0.0465464
0.0466073
0.0466649
0.0467171
0.0467619
0.0467975
0.0334057
0.0334161
0.0334133
0.0333973
0.0333687
0.0333287
0.0332788
0.0332209
0.0331571
0.0330899
0.0330219
0.0329557
0.0328938
0.0328387
0.0327924
0.0327568
0.0327332
0.0327226
0.0327254
0.0327414
0.0327702
0.0328104
0.0328607
0.032919
0.0329832
0.0330506
0.0331187
0.0331849
0.0332466
0.0333014
0.0333473
0.0333825
0.0131246
0.013128
0.013123
0.0131096
0.0130886
0.0130606
0.0130269
0.0129886
0.0129474
0.0129047
0.0128622
0.0128215
0.0127841
0.0127514
0.0127247
0.0127049
0.0126929
0.0126891
0.0126937
0.0127064
0.0127269
0.0127545
0.012788
0.0128261
0.0128676
0.0129106
0.0129537
0.012995
0.013033
0.0130662
0.0130931
0.0131128
0.0535483
0.0535837
0.0536071
0.0536178
0.0536152
0.0535994
0.0535711
0.0535313
0.0534817
0.0534241
0.0533609
0.0532945
0.0532276
0.0531626
0.053102
0.0530482
0.0530032
0.0529686
0.0529458
0.0529356
0.0529384
0.052954
0.0529819
0.053021
0.0530698
0.0531265
0.053189
0.0532549
0.0533217
0.0533869
0.053448
0.0535025
0.046967
0.0470345
0.0470823
0.0471083
0.0471114
0.0470913
0.0470489
0.0469859
0.0469048
0.046809
0.0467023
0.0465889
0.0464734
0.0463603
0.0462539
0.0461582
0.0460768
0.0460127
0.045968
0.0459444
0.0459427
0.0459627
0.0460039
0.0460645
0.0461425
0.0462351
0.0463387
0.0464497
0.0465638
0.0466769
0.0467845
0.0468825
0.0335759
0.0336549
0.0337111
0.0337422
0.0337467
0.0337243
0.0336758
0.0336033
0.0335099
0.0333996
0.033277
0.0331471
0.0330151
0.0328863
0.0327656
0.0326573
0.0325653
0.032493
0.0324426
0.0324158
0.0324135
0.0324355
0.0324812
0.0325488
0.032636
0.0327398
0.0328565
0.0329821
0.0331118
0.033241
0.0333646
0.0334778
0.0132395
0.0132909
0.0133274
0.0133474
0.0133498
0.0133345
0.013302
0.013254
0.0131925
0.0131202
0.0130405
0.0129565
0.0128716
0.0127892
0.0127124
0.0126439
0.0125861
0.0125408
0.0125095
0.0124931
0.012492
0.0125063
0.0125353
0.0125783
0.0126338
0.0126999
0.0127746
0.0128551
0.0129386
0.013022
0.0131021
0.0131756
0.0536401
0.0536673
0.0536792
0.0536753
0.0536558
0.0536214
0.0535734
0.0535138
0.053445
0.0533697
0.0532907
0.0532111
0.0531339
0.0530622
0.0529986
0.0529457
0.0529052
0.0528789
0.0528675
0.0528716
0.0528909
0.0529247
0.0529718
0.0530303
0.0530982
0.0531728
0.0532514
0.0533308
0.0534082
0.0534804
0.0535448
0.0535987
0.0471355
0.0471971
0.0472322
0.0472393
0.047218
0.0471692
0.0470948
0.046998
0.0468827
0.0467536
0.0466161
0.0464755
0.0463375
0.0462072
0.0460896
0.0459889
0.0459088
0.0458521
0.0458206
0.0458154
0.0458366
0.0458834
0.045954
0.046046
0.0461561
0.0462803
0.0464142
0.0465528
0.0466909
0.0468233
0.0469447
0.0470502
0.0337728
0.0338516
0.0338995
0.0339142
0.0338951
0.0338429
0.0337598
0.0336496
0.033517
0.0333678
0.0332083
0.0330448
0.0328838
0.0327315
0.0325934
0.0324744
0.0323785
0.0323089
0.0322677
0.0322563
0.0322749
0.0323227
0.0323982
0.0324988
0.0326212
0.0327612
0.032914
0.0330742
0.0332357
0.0333925
0.0335382
0.0336668
0.0133679
0.0134235
0.0134586
0.0134713
0.0134612
0.0134285
0.013375
0.0133031
0.0132162
0.0131183
0.0130136
0.0129066
0.0128014
0.012702
0.0126119
0.012534
0.0124708
0.0124242
0.0123956
0.0123858
0.0123949
0.0124227
0.0124683
0.0125303
0.012607
0.0126958
0.012794
0.0128981
0.0130043
0.0131087
0.0132068
0.0132946
0.0537277
0.0537193
0.0536934
0.0536511
0.053594
0.0535245
0.0534452
0.0533591
0.0532697
0.0531803
0.0530944
0.0530153
0.0529459
0.052889
0.0528467
0.0528206
0.0528116
0.0528201
0.0528457
0.0528875
0.0529438
0.0530126
0.0530913
0.0531768
0.053266
0.0533554
0.0534415
0.0535211
0.0535911
0.0536487
0.0536917
0.0537184
0.0473051
0.0473005
0.0472653
0.0472008
0.0471097
0.0469956
0.0468631
0.0467177
0.0465651
0.0464113
0.0462623
0.0461238
0.0460009
0.0458982
0.0458193
0.0457671
0.0457434
0.0457489
0.0457834
0.0458456
0.0459332
0.046043
0.0461711
0.0463127
0.0464628
0.0466156
0.0467653
0.0469062
0.0470327
0.0471397
0.0472229
0.0472788
0.0339764
0.0339789
0.0339453
0.033877
0.0337769
0.0336495
0.0334999
0.0333344
0.03316
0.0329835
0.0328118
0.0326514
0.0325081
0.032387
0.0322923
0.0322271
0.0321936
0.0321927
0.0322245
0.0322878
0.0323804
0.0324992
0.0326401
0.032798
0.0329675
0.0331423
0.0333158
0.0334813
0.0336321
0.0337619
0.0338654
0.033938
0.013502
0.0135085
0.0134908
0.0134497
0.0133871
0.0133059
0.0132099
0.0131033
0.0129908
0.0128768
0.0127659
0.0126622
0.0125692
0.0124901
0.0124274
0.0123831
0.0123583
0.0123538
0.0123697
0.0124054
0.0124599
0.0125314
0.0126177
0.012716
0.012823
0.012935
0.0130478
0.013157
0.0132581
0.0133469
0.0134192
0.0134717
0.0537769
0.0537344
0.0536736
0.053597
0.0535075
0.0534088
0.0533046
0.0531989
0.0530958
0.0529993
0.0529128
0.0528398
0.0527829
0.0527443
0.0527253
0.0527268
0.0527486
0.05279
0.0528493
0.0529245
0.0530126
0.0531104
0.0532143
0.0533202
0.053424
0.0535217
0.0536096
0.053684
0.0537422
0.0537817
0.053801
0.0537994
0.0474209
0.0473435
0.0472338
0.0470963
0.0469369
0.0467619
0.0465783
0.0463933
0.0462139
0.0460469
0.0458983
0.0457736
0.0456771
0.0456123
0.0455813
0.0455852
0.045624
0.0456962
0.0457995
0.0459301
0.0460835
0.046254
0.0464354
0.0466209
0.0468033
0.0469755
0.0471305
0.0472621
0.0473647
0.0474341
0.0474672
0.0474628
0.0341283
0.0340392
0.0339121
0.0337527
0.0335679
0.0333656
0.0331539
0.0329412
0.0327356
0.0325446
0.0323749
0.0322324
0.0321217
0.0320465
0.0320092
0.032011
0.0320519
0.0321305
0.0322445
0.0323901
0.0325625
0.0327558
0.032963
0.0331766
0.0333883
0.0335897
0.0337725
0.0339289
0.034052
0.0341363
0.034178
0.0341753
0.0136103
0.0135527
0.0134698
0.0133657
0.0132451
0.0131134
0.0129763
0.0128393
0.0127075
0.0125857
0.0124778
0.0123874
0.0123171
0.0122689
0.0122443
0.0122438
0.0122675
0.0123148
0.0123844
0.0124744
0.0125819
0.0127035
0.0128352
0.0129724
0.0131097
0.0132418
0.013363
0.0134678
0.0135513
0.0136095
0.0136395
0.0136397
0.0537622
0.0537176
0.0536552
0.0535778
0.0534882
0.0533902
0.0532873
0.0531838
0.0530835
0.0529902
0.0529075
0.0528384
0.0527854
0.0527505
0.052735
0.0527394
0.0527637
0.0528069
0.0528674
0.0529431
0.0530311
0.0531281
0.0532304
0.0533341
0.0534353
0.0535301
0.0536147
0.0536857
0.0537403
0.0537763
0.0537922
0.0537874
0.0474095
0.0473172
0.0471936
0.047044
0.0468746
0.0466924
0.0465046
0.0463184
0.046141
0.0459787
0.0458374
0.045722
0.0456366
0.0455841
0.0455662
0.0455835
0.0456356
0.0457206
0.0458356
0.0459769
0.0461393
0.046317
0.0465035
0.0466917
0.0468743
0.0470439
0.0471937
0.0473174
0.0474097
0.0474668
0.047486
0.0474666
0.0341274
0.0340134
0.0338625
0.0336814
0.0334781
0.0332613
0.0330396
0.0328218
0.0326158
0.032429
0.0322677
0.0321372
0.0320417
0.0319841
0.0319661
0.0319883
0.03205
0.0321495
0.0322836
0.032448
0.0326374
0.0328452
0.0330641
0.0332858
0.0335017
0.0337029
0.033881
0.0340281
0.0341376
0.0342043
0.0342251
0.0341991
0.0136183
0.0135398
0.0134367
0.013314
0.0131774
0.0130331
0.0128869
0.0127447
0.0126115
0.0124918
0.0123895
0.0123075
0.012248
0.0122128
0.0122026
0.0122177
0.0122577
0.0123215
0.0124074
0.012513
0.0126352
0.0127701
0.012913
0.0130588
0.0132019
0.0133361
0.0134555
0.0135546
0.0136285
0.0136733
0.0136868
0.0136681
0.0537023
0.0536894
0.0536603
0.0536162
0.0535588
0.0534905
0.0534139
0.0533319
0.0532477
0.0531646
0.0530856
0.0530137
0.0529516
0.0529016
0.0528656
0.0528451
0.0528408
0.0528529
0.052881
0.052924
0.0529804
0.053048
0.0531244
0.0532065
0.0532913
0.0533754
0.0534555
0.0535285
0.0535915
0.053642
0.0536781
0.0536985
0.0472824
0.0472462
0.0471817
0.0470915
0.0469795
0.0468503
0.0467092
0.0465616
0.0464133
0.0462697
0.0461362
0.0460176
0.0459181
0.0458412
0.0457897
0.0457653
0.0457691
0.045801
0.0458601
0.0459443
0.0460507
0.0461756
0.0463145
0.046462
0.0466126
0.0467604
0.0468994
0.047024
0.0471291
0.0472103
0.0472642
0.0472885
0.0339742
0.0339243
0.0338405
0.0337269
0.0335883
0.0334309
0.0332611
0.0330857
0.0329114
0.0327447
0.0325915
0.0324571
0.0323461
0.0322621
0.0322078
0.0321852
0.032195
0.0322371
0.0323103
0.0324124
0.03254
0.0326888
0.0328536
0.0330283
0.0332065
0.033381
0.0335447
0.0336908
0.0338129
0.0339056
0.0339649
0.033988
0.0135161
0.0134793
0.0134195
0.01334
0.0132443
0.013137
0.0130227
0.012906
0.0127915
0.0126833
0.0125851
0.0125001
0.0124308
0.0123795
0.0123475
0.0123358
0.0123446
0.012374
0.0124231
0.0124906
0.0125745
0.0126722
0.0127805
0.0128956
0.0130133
0.0131289
0.0132377
0.0133348
0.0134158
0.0134768
0.013515
0.0135283
0.0536555
0.0536824
0.0536936
0.0536886
0.0536676
0.0536315
0.0535816
0.0535199
0.0534488
0.0533711
0.0532897
0.0532077
0.0531282
0.0530543
0.0529889
0.0529345
0.0528931
0.0528663
0.0528551
0.05286
0.0528808
0.0529167
0.0529663
0.0530277
0.0530987
0.0531765
0.0532581
0.0533402
0.0534198
0.0534938
0.0535593
0.053614
0.0471654
0.0472087
0.0472253
0.0472146
0.047177
0.0471141
0.0470284
0.0469234
0.046803
0.0466721
0.0465358
0.0463992
0.0462676
0.0461458
0.0460385
0.0459497
0.0458827
0.04584
0.0458233
0.045833
0.0458691
0.04593
0.0460136
0.0461169
0.0462359
0.0463662
0.0465027
0.0466403
0.0467736
0.0468973
0.0470066
0.0470971
0.0338223
0.0338695
0.0338855
0.0338695
0.0338224
0.033746
0.0336436
0.0335194
0.0333784
0.0332263
0.033069
0.0329126
0.032763
0.0326257
0.0325057
0.0324075
0.0323345
0.0322892
0.0322735
0.0322877
0.0323316
0.0324035
0.032501
0.0326206
0.0327579
0.032908
0.0330652
0.0332234
0.0333764
0.0335182
0.033643
0.0337457
0.0134085
0.0134385
0.0134476
0.0134352
0.0134021
0.0133498
0.0132806
0.0131976
0.0131043
0.0130045
0.0129023
0.0128016
0.012706
0.0126192
0.0125439
0.0124828
0.0124378
0.0124105
0.0124018
0.0124119
0.0124406
0.0124871
0.0125497
0.0126266
0.012715
0.0128119
0.0129138
0.0130167
0.0131167
0.0132095
0.0132914
0.0133588
0.0536826
0.0537294
0.0537586
0.053769
0.0537601
0.0537323
0.0536866
0.0536248
0.0535493
0.0534632
0.0533696
0.0532724
0.0531752
0.0530817
0.0529957
0.0529202
0.0528582
0.0528121
0.0527836
0.0527737
0.0527828
0.0528106
0.0528559
0.0529171
0.0529917
0.0530771
0.0531699
0.0532667
0.0533637
0.0534573
0.0535438
0.0536199
0.0471909
0.0472785
0.0473368
0.0473633
0.0473567
0.0473174
0.0472468
0.0471477
0.0470242
0.0468812
0.0467247
0.0465607
0.0463956
0.0462361
0.0460881
0.0459573
0.0458484
0.0457654
0.0457112
0.0456877
0.0456956
0.0457345
0.0458031
0.0458987
0.0460178
0.0461563
0.0463089
0.04647
0.0466335
0.0467933
0.0469434
0.0470777
0.0338372
0.033942
0.0340129
0.0340469
0.0340421
0.0339986
0.0339183
0.0338045
0.0336621
0.0334972
0.0333166
0.0331279
0.0329385
0.0327558
0.0325867
0.0324374
0.0323131
0.032218
0.0321553
0.032127
0.0321339
0.0321756
0.0322506
0.0323563
0.0324891
0.0326444
0.0328167
0.0329999
0.0331872
0.0333716
0.0335459
0.0337033
0.0134099
0.0134814
0.0135306
0.0135551
0.0135536
0.0135261
0.0134738
0.0133991
0.0133057
0.0131976
0.0130798
0.0129572
0.0128347
0.012717
0.0126085
0.012513
0.0124335
0.0123725
0.0123318
0.0123125
0.0123152
0.0123396
0.012385
0.01245
0.0125326
0.0126302
0.0127396
0.0128571
0.0129785
0.0130991
0.0132144
0.0133195
0.053789
0.0538312
0.0538515
0.053849
0.0538239
0.0537771
0.0537105
0.0536265
0.0535287
0.0534208
0.053307
0.0531916
0.0530792
0.0529738
0.0528797
0.0528004
0.052739
0.0526976
0.052678
0.0526808
0.0527058
0.052752
0.0528178
0.0529006
0.0529974
0.0531045
0.0532178
0.053333
0.0534457
0.0535515
0.0536463
0.0537265
0.0473865
0.0474675
0.0475114
0.0475162
0.0474816
0.047409
0.0473013
0.0471631
0.0469998
0.0468183
0.0466258
0.0464299
0.0462384
0.0460585
0.045897
0.0457597
0.0456517
0.0455767
0.0455372
0.0455345
0.0455687
0.0456384
0.0457411
0.0458732
0.0460298
0.0462054
0.0463935
0.0465871
0.046779
0.0469618
0.0471283
0.0472718
0.0340661
0.0341651
0.0342209
0.0342309
0.0341945
0.0341131
0.0339905
0.0338318
0.0336442
0.0334356
0.0332146
0.0329903
0.0327715
0.0325663
0.0323823
0.0322258
0.0321022
0.0320153
0.031968
0.0319616
0.0319961
0.0320704
0.032182
0.0323272
0.032501
0.0326976
0.03291
0.0331307
0.0333513
0.0335635
0.0337586
0.0339286
0.0135603
0.0136288
0.0136687
0.0136778
0.0136557
0.0136033
0.0135232
0.0134194
0.0132967
0.0131607
0.0130174
0.0128728
0.0127325
0.0126017
0.0124848
0.0123856
0.0123071
0.0122515
0.0122203
0.0122142
0.0122335
0.0122775
0.0123449
0.0124338
0.0125415
0.0126646
0.0127991
0.0129405
0.0130836
0.0132228
0.0133524
0.0134667
0.0539096
0.0539385
0.0539409
0.0539166
0.0538665
0.0537927
0.053698
0.0535863
0.0534618
0.0533297
0.0531948
0.0530623
0.0529373
0.0528245
0.0527282
0.052652
0.0525988
0.0525706
0.0525684
0.0525923
0.0526414
0.0527137
0.0528067
0.0529168
0.0530399
0.0531714
0.0533063
0.0534394
0.0535655
0.0536797
0.0537775
0.0538552
0.047637
0.0476911
0.0476985
0.0476588
0.0475738
0.047447
0.0472838
0.0470911
0.0468768
0.0466494
0.046418
0.0461916
0.0459788
0.0457874
0.0456242
0.0454951
0.0454044
0.0453553
0.0453494
0.0453868
0.0454662
0.0455849
0.0457387
0.0459222
0.046129
0.0463513
0.0465811
0.0468096
0.047028
0.0472276
0.0474002
0.0475386
0.034378
0.0344437
0.0344541
0.0344088
0.0343097
0.0341615
0.033971
0.0337467
0.0334984
0.0332363
0.0329711
0.0327131
0.0324717
0.0322555
0.0320719
0.0319268
0.0318248
0.0317689
0.0317609
0.0318009
0.0318877
0.0320185
0.0321892
0.0323944
0.0326271
0.0328793
0.033142
0.0334053
0.0336589
0.0338924
0.0340958
0.0342602
0.0137775
0.0138223
0.0138297
0.0137993
0.0137326
0.0136333
0.0135063
0.0133579
0.0131949
0.0130245
0.0128538
0.0126893
0.0125369
0.0124015
0.0122873
0.0121975
0.0121346
0.0121001
0.0120948
0.012119
0.0121719
0.0122522
0.0123578
0.0124857
0.012632
0.0127921
0.0129606
0.0131312
0.0132972
0.0134516
0.0135873
0.0136978
0.05398
0.054
0.0539905
0.053952
0.0538859
0.0537949
0.0536827
0.0535537
0.053413
0.0532661
0.0531188
0.0529765
0.0528446
0.0527281
0.0526314
0.052558
0.0525108
0.0524914
0.0525006
0.052538
0.0526022
0.0526908
0.0528006
0.0529275
0.0530667
0.053213
0.0533608
0.0535045
0.0536383
0.053757
0.053856
0.0539313
0.0477998
0.0478356
0.0478184
0.0477488
0.0476301
0.0474673
0.0472675
0.0470391
0.0467915
0.0465347
0.0462786
0.0460331
0.0458071
0.0456089
0.0454453
0.0453219
0.0452429
0.0452108
0.0452268
0.0452901
0.0453989
0.0455493
0.0457363
0.0459534
0.0461929
0.046446
0.0467033
0.0469549
0.0471908
0.0474014
0.0475778
0.0477126
0.0345901
0.0346328
0.0346118
0.0345281
0.0343859
0.0341918
0.033955
0.0336862
0.033397
0.0330994
0.0328049
0.0325248
0.0322688
0.0320457
0.0318626
0.0317251
0.0316374
0.031602
0.0316199
0.0316906
0.031812
0.0319804
0.0321908
0.0324365
0.0327093
0.0329997
0.0332972
0.0335902
0.033867
0.0341156
0.0343252
0.0344859
0.01393
0.0139582
0.0139428
0.0138846
0.0137868
0.0136548
0.0134953
0.0133162
0.0131259
0.0129323
0.0127431
0.0125652
0.0124045
0.0122658
0.0121531
0.0120692
0.0120162
0.0119953
0.0120069
0.0120509
0.0121261
0.0122308
0.0123623
0.012517
0.0126903
0.0128766
0.0130694
0.0132614
0.0134444
0.0136104
0.0137512
0.0138597
0.0539812
0.0539973
0.0539838
0.0539414
0.0538718
0.0537778
0.0536632
0.0535324
0.0533908
0.0532438
0.0530971
0.0529563
0.0528266
0.0527129
0.0526195
0.0525498
0.0525064
0.0524909
0.0525039
0.0525448
0.0526123
0.0527037
0.0528157
0.0529441
0.0530842
0.0532307
0.0533781
0.0535205
0.0536524
0.0537687
0.0538646
0.0539364
0.0478169
0.0478458
0.047821
0.0477437
0.0476174
0.0474475
0.0472414
0.0470079
0.0467565
0.0464974
0.0462405
0.0459957
0.0457719
0.045577
0.0454178
0.0452997
0.0452266
0.0452009
0.0452233
0.0452933
0.0454084
0.0455648
0.0457573
0.0459792
0.0462227
0.0464788
0.0467378
0.0469899
0.0472249
0.0474332
0.047606
0.0477358
0.0346189
0.0346533
0.0346228
0.0345291
0.0343767
0.0341729
0.0339273
0.033651
0.033356
0.0330543
0.0327578
0.0324773
0.0322229
0.0320028
0.0318241
0.0316922
0.031611
0.0315828
0.0316083
0.0316869
0.0318162
0.0319925
0.0322104
0.0324631
0.0327421
0.0330377
0.0333391
0.0336346
0.0339121
0.0341595
0.0343659
0.0345216
0.0139525
0.0139753
0.0139534
0.0138882
0.0137832
0.0136443
0.0134786
0.0132942
0.0130997
0.0129032
0.0127124
0.0125341
0.0123741
0.0122371
0.0121269
0.0120462
0.011997
0.0119803
0.0119966
0.0120455
0.0121258
0.0122356
0.0123722
0.0125318
0.0127098
0.0129002
0.0130965
0.013291
0.0134754
0.0136414
0.0137809
0.0138865
0.0539358
0.053949
0.0539349
0.053894
0.0538279
0.0537393
0.0536318
0.0535096
0.0533776
0.0532409
0.0531047
0.0529743
0.0528546
0.0527499
0.0526643
0.0526009
0.0525621
0.0525493
0.0525629
0.0526025
0.0526666
0.0527528
0.0528579
0.0529781
0.0531088
0.0532452
0.0533819
0.0535138
0.0536356
0.0537426
0.0538305
0.0538957
0.0477265
0.0477511
0.0477261
0.0476526
0.0475339
0.0473751
0.047183
0.0469657
0.0467321
0.0464916
0.0462535
0.0460267
0.0458198
0.0456399
0.0454934
0.0453852
0.045319
0.0452969
0.0453197
0.0453866
0.0454954
0.0456423
0.0458225
0.0460297
0.0462564
0.0464944
0.0467347
0.0469679
0.0471848
0.0473766
0.047535
0.0476534
0.0345075
0.0345371
0.0345069
0.0344184
0.0342757
0.0340857
0.0338572
0.0336004
0.0333263
0.0330461
0.0327708
0.0325106
0.0322746
0.0320707
0.0319055
0.031784
0.0317099
0.0316852
0.0317108
0.0317859
0.0319082
0.032074
0.0322784
0.0325146
0.0327749
0.0330501
0.0333299
0.0336036
0.0338599
0.0340879
0.0342773
0.0344194
0.0138729
0.0138929
0.0138718
0.013811
0.0137136
0.013585
0.0134316
0.013261
0.0130808
0.0128987
0.0127216
0.012556
0.0124073
0.01228
0.0121776
0.0121028
0.0120574
0.0120425
0.0120584
0.0121048
0.0121805
0.0122837
0.0124117
0.0125609
0.0127268
0.012904
0.013086
0.0132659
0.013436
0.0135887
0.0137166
0.013813
0.0538826
0.0538922
0.0538769
0.0538374
0.0537752
0.0536929
0.0535937
0.0534815
0.0533608
0.0532362
0.0531126
0.0529946
0.0528868
0.052793
0.0527169
0.0526613
0.0526282
0.0526189
0.0526337
0.0526721
0.0527326
0.052813
0.0529103
0.0530209
0.0531406
0.0532649
0.0533891
0.0535084
0.053618
0.0537136
0.0537915
0.0538486
0.0476143
0.0476324
0.047606
0.0475361
0.0474259
0.04728
0.0471047
0.0469073
0.0466957
0.0464784
0.0462637
0.0460599
0.0458745
0.045714
0.0455841
0.0454894
0.045433
0.0454167
0.0454412
0.0455055
0.0456076
0.0457439
0.0459096
0.0460991
0.0463053
0.0465208
0.0467374
0.0469467
0.0471403
0.0473103
0.0474497
0.0475525
0.0343672
0.0343889
0.0343571
0.0342734
0.0341416
0.033968
0.0337603
0.0335277
0.0332801
0.0330275
0.0327797
0.0325459
0.0323344
0.0321523
0.0320057
0.0318991
0.0318358
0.0318176
0.0318451
0.0319174
0.0320324
0.0321864
0.0323747
0.0325909
0.0328278
0.033077
0.033329
0.0335741
0.0338024
0.034004
0.0341701
0.034293
0.0137739
0.0137884
0.0137665
0.0137094
0.0136202
0.0135034
0.0133649
0.0132111
0.013049
0.0128853
0.0127262
0.0125777
0.0124444
0.0123307
0.0122397
0.0121739
0.012135
0.012124
0.0121411
0.0121859
0.0122572
0.0123533
0.0124714
0.0126081
0.0127591
0.0129194
0.0130831
0.0132439
0.0133949
0.0135293
0.0136408
0.0137238
0.0538435
0.0538498
0.0538332
0.0537943
0.0537347
0.0536566
0.0535633
0.0534584
0.053346
0.0532306
0.0531164
0.0530079
0.0529091
0.0528238
0.0527551
0.0527057
0.0526774
0.0526713
0.0526875
0.0527255
0.0527838
0.0528602
0.052952
0.0530556
0.0531673
0.0532827
0.0533974
0.0535069
0.0536071
0.0536939
0.053764
0.0538145
0.0475283
0.0475404
0.0475119
0.047444
0.0473396
0.0472031
0.0470403
0.0468578
0.046663
0.0464635
0.0462672
0.0460814
0.045913
0.0457681
0.0456519
0.0455684
0.0455204
0.0455096
0.0455363
0.0455996
0.0456974
0.0458261
0.0459813
0.0461575
0.0463482
0.0465464
0.0467445
0.0469348
0.0471098
0.0472624
0.0473863
0.0474762
0.0342578
0.034272
0.0342378
0.0341568
0.0340326
0.033871
0.033679
0.0334651
0.033238
0.0330071
0.0327811
0.0325686
0.032377
0.032213
0.032082
0.0319883
0.0319346
0.0319227
0.0319529
0.0320243
0.0321345
0.0322802
0.0324565
0.0326575
0.0328763
0.0331049
0.0333348
0.033557
0.0337624
0.0339424
0.0340891
0.0341958
0.0136981
0.0137072
0.0136835
0.0136283
0.0135444
0.013436
0.0133083
0.0131673
0.0130191
0.0128697
0.012725
0.0125902
0.0124696
0.0123673
0.0122861
0.0122283
0.0121955
0.0121885
0.0122075
0.0122521
0.0123209
0.0124121
0.0125231
0.0126506
0.0127903
0.0129376
0.0130869
0.0132323
0.0133679
0.0134874
0.0135853
0.0136568
0.0538352
0.0538382
0.0538189
0.0537779
0.053717
0.0536384
0.0535454
0.0534415
0.0533309
0.0532178
0.0531066
0.0530015
0.0529064
0.052825
0.0527602
0.0527147
0.05269
0.0526871
0.052706
0.0527462
0.0528059
0.0528831
0.0529748
0.0530776
0.0531876
0.0533006
0.0534123
0.0535184
0.0536147
0.0536974
0.0537634
0.0538099
0.0474989
0.0475057
0.0474735
0.0474035
0.0472988
0.0471637
0.0470038
0.0468256
0.0466363
0.0464433
0.0462541
0.0460759
0.0459153
0.0457781
0.0456692
0.0455924
0.0455504
0.0455445
0.0455751
0.0456409
0.0457396
0.0458679
0.0460212
0.0461938
0.0463796
0.0465716
0.0467624
0.0469447
0.0471113
0.0472553
0.047371
0.0474533
0.034213
0.0342212
0.0341832
0.0341008
0.0339777
0.0338193
0.0336326
0.0334256
0.0332069
0.0329852
0.0327691
0.0325666
0.032385
0.0322305
0.0321083
0.0320224
0.0319755
0.031969
0.0320031
0.0320766
0.0321873
0.0323315
0.0325044
0.0327002
0.0329119
0.0331319
0.0333519
0.0335632
0.0337573
0.0339259
0.0340619
0.034159
0.0136627
0.0136677
0.0136418
0.0135862
0.0135038
0.0133985
0.0132754
0.0131401
0.0129984
0.0128561
0.0127185
0.0125908
0.0124771
0.0123811
0.0123057
0.012253
0.0122244
0.0122207
0.012242
0.0122877
0.0123564
0.0124464
0.0125549
0.0126785
0.0128131
0.0129541
0.0130962
0.0132337
0.013361
0.0134723
0.0135624
0.0136269
0.0538658
0.0538641
0.053839
0.0537913
0.0537229
0.0536367
0.053536
0.0534247
0.0533072
0.0531881
0.0530719
0.052963
0.0528656
0.0527832
0.052719
0.0526754
0.0526541
0.0526558
0.0526805
0.0527272
0.0527941
0.0528788
0.0529781
0.0530883
0.0532051
0.0533243
0.0534412
0.0535512
0.0536501
0.0537339
0.0537994
0.0538439
0.0475541
0.0475535
0.0475119
0.0474309
0.0473141
0.0471663
0.0469936
0.0468032
0.0466025
0.0463996
0.0462022
0.0460178
0.0458532
0.0457142
0.0456059
0.0455319
0.0454948
0.0454959
0.0455351
0.0456109
0.0457209
0.045861
0.0460264
0.0462111
0.0464084
0.0466107
0.0468105
0.047
0.0471716
0.0473182
0.0474339
0.0475136
0.0342734
0.0342738
0.0342258
0.0341316
0.0339956
0.0338238
0.0336238
0.0334042
0.0331739
0.0329422
0.032718
0.0325095
0.0323241
0.0321682
0.0320468
0.0319639
0.0319221
0.0319225
0.0319652
0.0320488
0.0321706
0.0323267
0.0325119
0.0327199
0.0329434
0.0331743
0.0334038
0.0336228
0.0338224
0.033994
0.0341302
0.0342248
0.0136984
0.0136988
0.0136669
0.0136044
0.0135145
0.0134015
0.0132708
0.0131284
0.0129804
0.0128326
0.0126908
0.01256
0.0124445
0.0123479
0.0122731
0.0122222
0.0121965
0.0121966
0.0122226
0.0122737
0.0123485
0.012445
0.0125602
0.0126907
0.012832
0.0129792
0.0131268
0.0132689
0.0133994
0.0135125
0.0136028
0.0136659
0.0539081
0.0538982
0.0538631
0.0538044
0.0537243
0.0536261
0.0535135
0.0533911
0.0532637
0.0531361
0.0530132
0.0528996
0.0527996
0.052717
0.0526548
0.0526154
0.0526002
0.0526098
0.0526439
0.0527011
0.0527793
0.0528756
0.0529865
0.0531077
0.0532348
0.0533628
0.0534869
0.0536021
0.0537039
0.0537883
0.053852
0.0538925
0.0476521
0.047637
0.0475772
0.0474753
0.0473358
0.0471645
0.0469686
0.0467561
0.0465354
0.0463152
0.046104
0.0459094
0.0457386
0.0455977
0.0454915
0.0454235
0.0453962
0.0454104
0.0454657
0.04556
0.0456902
0.0458519
0.0460392
0.0462456
0.0464634
0.0466845
0.0469003
0.0471023
0.0472823
0.047433
0.0475478
0.0476219
0.0343958
0.0343797
0.0343107
0.0341922
0.0340296
0.0338302
0.0336031
0.0333577
0.0331043
0.0328528
0.0326127
0.0323926
0.0322001
0.0320415
0.031922
0.0318452
0.0318135
0.0318277
0.0318875
0.0319909
0.0321348
0.0323146
0.0325245
0.0327574
0.0330051
0.0332584
0.0335077
0.0337429
0.0339541
0.0341321
0.034269
0.0343583
0.0137814
0.0137716
0.0137264
0.0136483
0.0135412
0.0134104
0.0132624
0.0131037
0.012941
0.0127808
0.0126292
0.0124912
0.0123713
0.012273
0.0121991
0.0121514
0.0121313
0.0121393
0.012175
0.0122375
0.0123254
0.012436
0.0125663
0.0127123
0.0128689
0.0130308
0.0131918
0.0133452
0.0134844
0.0136028
0.0136947
0.0137552
0.0539167
0.0538982
0.0538543
0.0537869
0.0536987
0.0535931
0.0534744
0.0533473
0.0532167
0.0530876
0.0529648
0.0528531
0.0527565
0.0526787
0.0526226
0.0525903
0.0525829
0.0526007
0.052643
0.0527084
0.0527944
0.0528977
0.0530146
0.0531408
0.0532713
0.0534013
0.0535256
0.0536394
0.0537382
0.0538181
0.0538758
0.0539091
0.047699
0.0476662
0.0475873
0.047466
0.0473073
0.0471182
0.0469065
0.0466807
0.0464499
0.046223
0.0460085
0.0458142
0.0456471
0.0455131
0.0454165
0.0453608
0.0453477
0.0453776
0.0454496
0.0455613
0.0457088
0.0458872
0.0460901
0.0463103
0.0465397
0.0467694
0.0469907
0.0471946
0.0473728
0.0475177
0.0476231
0.0476845
0.0344665
0.0344289
0.0343363
0.0341931
0.0340061
0.0337838
0.0335361
0.0332734
0.0330064
0.0327454
0.0325
0.0322789
0.0320894
0.0319376
0.0318282
0.0317646
0.0317485
0.0317805
0.0318596
0.0319835
0.0321483
0.0323489
0.0325788
0.0328302
0.0330941
0.0333607
0.0336196
0.03386
0.0340717
0.0342451
0.0343724
0.0344474
0.0138363
0.013812
0.0137507
0.0136555
0.0135315
0.0133849
0.0132225
0.0130518
0.0128796
0.0127128
0.0125572
0.012418
0.0122994
0.0122048
0.0121367
0.0120968
0.0120861
0.0121048
0.0121525
0.0122279
0.0123293
0.0124537
0.0125977
0.0127567
0.0129253
0.0130976
0.0132667
0.0134255
0.0135667
0.0136836
0.0137703
0.0138221
0.0538528
0.0538318
0.0537881
0.0537237
0.0536411
0.0535435
0.0534349
0.0533194
0.0532017
0.0530862
0.0529772
0.0528788
0.0527948
0.0527283
0.0526816
0.0526566
0.0526542
0.0526744
0.0527165
0.052779
0.0528595
0.0529552
0.0530624
0.0531771
0.0532949
0.0534114
0.0535219
0.0536222
0.0537083
0.0537767
0.0538247
0.0538504
0.0475973
0.0475564
0.047474
0.0473538
0.047201
0.0470219
0.046824
0.0466154
0.0464041
0.0461984
0.0460059
0.0458336
0.0456876
0.045573
0.0454936
0.0454523
0.0454502
0.0454875
0.0455629
0.0456739
0.0458168
0.0459865
0.0461772
0.0463818
0.0465928
0.0468021
0.0470015
0.0471829
0.0473389
0.0474629
0.0475495
0.0475949
0.0343533
0.0343043
0.0342056
0.0340618
0.0338795
0.0336669
0.0334333
0.0331885
0.0329422
0.0327038
0.0324821
0.0322847
0.0321182
0.031988
0.0318981
0.0318512
0.0318486
0.0318905
0.0319756
0.0321013
0.0322637
0.0324577
0.0326768
0.0329135
0.0331591
0.0334045
0.0336398
0.0338552
0.0340415
0.0341904
0.0342949
0.03435
0.0137647
0.0137322
0.013666
0.0135696
0.0134479
0.0133069
0.013153
0.012993
0.0128334
0.0126802
0.0125389
0.0124139
0.0123092
0.0122277
0.0121714
0.012142
0.01214
0.0121656
0.012218
0.0122959
0.0123973
0.0125193
0.0126582
0.0128097
0.0129683
0.0131284
0.0132833
0.0134266
0.0135516
0.0136524
0.0137236
0.0137618
0.0537416
0.0537298
0.0536997
0.0536527
0.0535906
0.0535159
0.0534315
0.0533407
0.0532471
0.0531542
0.0530655
0.0529844
0.0529139
0.0528567
0.052815
0.0527902
0.0527834
0.0527946
0.0528237
0.0528694
0.0529302
0.0530037
0.0530872
0.0531776
0.0532713
0.0533649
0.0534546
0.0535369
0.0536086
0.053667
0.0537096
0.0537348
0.0473812
0.0473543
0.0472942
0.0472037
0.0470865
0.0469475
0.0467926
0.0466278
0.0464597
0.0462948
0.0461392
0.0459987
0.0458783
0.0457822
0.0457138
0.0456754
0.0456683
0.0456929
0.0457483
0.0458326
0.0459429
0.0460754
0.0462253
0.0463872
0.046555
0.0467223
0.0468825
0.0470293
0.0471567
0.0472593
0.0473327
0.047374
0.0340908
0.0340565
0.0339826
0.0338726
0.0337315
0.0335654
0.0333814
0.0331873
0.0329906
0.0327991
0.0326196
0.0324587
0.0323218
0.0322133
0.0321369
0.0320949
0.0320887
0.0321184
0.0321831
0.0322809
0.0324086
0.032562
0.032736
0.0329244
0.0331203
0.0333164
0.0335049
0.033678
0.0338285
0.0339496
0.0340361
0.0340839
0.0135834
0.0135597
0.0135096
0.0134356
0.0133413
0.013231
0.0131099
0.0129831
0.0128558
0.0127328
0.0126186
0.012517
0.0124311
0.0123637
0.0123166
0.0122911
0.012288
0.0123073
0.0123484
0.0124102
0.012491
0.0125885
0.0126994
0.0128202
0.0129467
0.013074
0.0131971
0.0133109
0.0134103
0.0134905
0.0135479
0.0135793
0.0536338
0.0536403
0.0536325
0.0536106
0.0535756
0.0535288
0.0534721
0.0534076
0.053338
0.0532657
0.0531937
0.0531247
0.0530612
0.0530056
0.0529602
0.0529265
0.052906
0.0528993
0.0529067
0.052928
0.0529624
0.0530086
0.0530648
0.053129
0.0531987
0.0532711
0.0533436
0.0534132
0.0534774
0.0535335
0.0535793
0.0536132
0.047166
0.0471724
0.0471533
0.0471094
0.0470426
0.0469556
0.0468521
0.0467362
0.0466125
0.0464859
0.0463611
0.0462429
0.0461356
0.0460432
0.0459689
0.0459155
0.0458848
0.0458779
0.0458952
0.0459361
0.0459992
0.0460822
0.0461822
0.0462955
0.046418
0.046545
0.0466716
0.0467928
0.0469039
0.0470003
0.0470781
0.0471341
0.033827
0.0338314
0.0338057
0.0337508
0.0336693
0.0335646
0.0334413
0.0333045
0.0331597
0.0330127
0.0328689
0.0327338
0.0326121
0.0325082
0.0324257
0.0323673
0.0323349
0.0323298
0.0323522
0.0324013
0.0324756
0.0325726
0.032689
0.0328208
0.0329631
0.0331107
0.0332578
0.0333987
0.0335277
0.0336392
0.0337287
0.0337922
0.0134029
0.0134048
0.0133867
0.0133494
0.0132947
0.0132253
0.0131442
0.0130549
0.0129612
0.0128667
0.0127751
0.0126897
0.0126134
0.0125488
0.0124978
0.0124622
0.0124431
0.0124409
0.0124558
0.0124875
0.0125349
0.0125966
0.0126707
0.0127548
0.0128458
0.0129405
0.0130352
0.0131263
0.0132098
0.0132821
0.0133401
0.013381
0.0535606
0.0535854
0.0535982
0.0535983
0.0535859
0.0535613
0.0535257
0.0534803
0.0534269
0.0533676
0.0533047
0.0532406
0.0531777
0.0531185
0.0530652
0.0530199
0.0529843
0.0529598
0.0529471
0.0529469
0.0529592
0.0529834
0.0530188
0.0530639
0.053117
0.0531761
0.053239
0.0533031
0.0533661
0.0534255
0.0534791
0.0535247
0.0470182
0.0470598
0.0470804
0.0470792
0.0470562
0.0470125
0.0469498
0.0468707
0.0467783
0.0466763
0.0465687
0.0464597
0.0463534
0.0462539
0.0461647
0.0460893
0.0460303
0.0459901
0.0459699
0.0459706
0.0459922
0.0460339
0.0460942
0.046171
0.0462614
0.0463621
0.0464692
0.0465787
0.0466864
0.046788
0.0468796
0.0469573
0.0336424
0.0336881
0.0337095
0.0337057
0.0336768
0.0336241
0.03355
0.0334574
0.0333502
0.0332328
0.0331098
0.032986
0.0328661
0.0327545
0.0326554
0.0325721
0.0325078
0.0324647
0.0324442
0.0324471
0.0324734
0.0325222
0.0325918
0.0326798
0.032783
0.0328978
0.0330199
0.0331446
0.0332672
0.0333827
0.0334864
0.0335743
0.013276
0.0133047
0.0133175
0.013314
0.0132944
0.0132595
0.0132111
0.0131511
0.0130822
0.0130073
0.0129293
0.0128514
0.0127764
0.012707
0.0126458
0.0125947
0.0125555
0.0125295
0.0125176
0.0125201
0.0125371
0.0125679
0.0126117
0.012667
0.0127319
0.0128042
0.0128812
0.0129601
0.0130377
0.0131111
0.0131771
0.0132329
0.0535411
0.0535777
0.0536024
0.0536143
0.053613
0.0535985
0.0535715
0.0535328
0.0534842
0.0534273
0.0533646
0.0532983
0.0532312
0.0531657
0.0531044
0.0530495
0.0530032
0.0529672
0.0529429
0.0529311
0.0529324
0.0529466
0.0529733
0.0530114
0.0530595
0.0531158
0.0531782
0.0532442
0.0533113
0.053377
0.0534388
0.0534943
0.0469766
0.0470429
0.047089
0.047113
0.0471138
0.0470914
0.0470468
0.0469818
0.0468991
0.046802
0.0466944
0.0465805
0.0464648
0.0463516
0.0462453
0.0461499
0.0460688
0.0460051
0.0459609
0.045938
0.045937
0.0459582
0.0460007
0.046063
0.0461429
0.0462374
0.0463431
0.046456
0.0465719
0.0466862
0.0467946
0.0468927
0.0335843
0.03366
0.0337127
0.0337399
0.0337407
0.0337149
0.0336637
0.0335893
0.0334948
0.0333843
0.0332621
0.0331333
0.0330029
0.0328759
0.0327569
0.0326504
0.0325602
0.0324895
0.0324406
0.0324153
0.0324144
0.032438
0.0324853
0.0325546
0.0326437
0.0327493
0.0328677
0.0329946
0.0331251
0.0332543
0.0333772
0.0334887
0.0132323
0.0132802
0.0133135
0.0133307
0.013331
0.0133144
0.0132818
0.0132345
0.0131746
0.0131049
0.0130282
0.0129477
0.0128665
0.0127877
0.0127143
0.0126488
0.0125935
0.0125503
0.0125205
0.0125052
0.0125047
0.0125192
0.0125481
0.0125907
0.0126454
0.0127104
0.0127836
0.0128624
0.0129437
0.0130246
0.0131017
0.0131719
0.0535559
0.0535896
0.0536109
0.0536192
0.053614
0.0535957
0.0535649
0.0535229
0.0534713
0.0534122
0.0533478
0.0532805
0.0532131
0.053148
0.0530877
0.0530345
0.0529905
0.0529572
0.052936
0.0529277
0.0529325
0.0529504
0.0529805
0.0530219
0.053073
0.0531318
0.0531961
0.0532635
0.0533312
0.0533968
0.0534577
0.0535114
0.0470112
0.0470781
0.0471232
0.0471448
0.0471419
0.0471148
0.0470646
0.0469933
0.0469039
0.0468
0.0466858
0.0465657
0.0464444
0.0463266
0.0462165
0.0461184
0.0460358
0.0459716
0.0459283
0.0459073
0.0459094
0.0459347
0.0459822
0.0460502
0.0461364
0.0462376
0.04635
0.0464695
0.0465914
0.0467112
0.046824
0.0469254
0.0336213
0.0337004
0.0337546
0.0337817
0.0337805
0.033751
0.0336948
0.0336141
0.0335125
0.0333943
0.0332642
0.0331275
0.0329896
0.0328555
0.0327304
0.0326186
0.0325242
0.0324505
0.0324
0.0323744
0.0323746
0.0324007
0.0324519
0.0325264
0.0326218
0.0327347
0.032861
0.0329962
0.0331352
0.0332726
0.0334028
0.0335207
0.0132534
0.0133045
0.0133399
0.013358
0.0133581
0.0133401
0.0133049
0.0132542
0.0131902
0.0131158
0.013034
0.0129484
0.0128621
0.0127786
0.0127008
0.0126314
0.0125729
0.012527
0.0124954
0.012479
0.0124784
0.0124936
0.0125241
0.0125691
0.0126272
0.0126963
0.0127742
0.0128581
0.012945
0.0130313
0.0131138
0.0131888
0.0535595
0.0535709
0.0535711
0.0535599
0.0535379
0.0535058
0.053465
0.0534169
0.0533635
0.0533069
0.0532491
0.0531924
0.053139
0.0530909
0.0530499
0.0530176
0.0529951
0.0529835
0.052983
0.0529938
0.0530155
0.0530473
0.0530879
0.0531358
0.0531892
0.053246
0.053304
0.053361
0.0534148
0.0534633
0.0535046
0.0535371
0.0470374
0.0470685
0.0470783
0.0470664
0.0470333
0.0469804
0.0469101
0.046825
0.0467287
0.0466248
0.0465175
0.0464107
0.0463085
0.0462147
0.0461327
0.0460655
0.0460155
0.0459847
0.0459742
0.0459843
0.0460149
0.0460649
0.0461325
0.0462153
0.0463103
0.0464138
0.046522
0.0466305
0.0467352
0.0468319
0.0469166
0.0469861
0.0336577
0.0336981
0.0337135
0.0337034
0.0336683
0.0336099
0.0335306
0.0334339
0.0333236
0.0332042
0.0330804
0.0329568
0.0328381
0.0327286
0.0326321
0.0325522
0.0324916
0.0324525
0.0324363
0.0324437
0.0324746
0.0325279
0.032602
0.0326943
0.0328015
0.0329196
0.0330442
0.0331705
0.0332934
0.033408
0.0335096
0.033594
0.0132786
0.0133059
0.0133172
0.0133121
0.0132908
0.0132545
0.0132048
0.0131439
0.0130744
0.0129991
0.0129211
0.0128433
0.0127686
0.0126996
0.0126387
0.0125881
0.0125493
0.0125238
0.0125124
0.0125154
0.012533
0.0125647
0.0126094
0.0126657
0.0127318
0.0128053
0.0128835
0.0129633
0.0130417
0.0131153
0.0131811
0.0132364
0.0534897
0.0534643
0.0534318
0.0533935
0.0533509
0.0533057
0.0532596
0.0532144
0.0531717
0.0531333
0.0531005
0.0530746
0.0530565
0.0530469
0.0530462
0.0530545
0.0530714
0.0530964
0.0531284
0.0531663
0.0532086
0.0532538
0.0533001
0.0533457
0.0533889
0.0534279
0.0534612
0.0534875
0.0535058
0.0535153
0.0535157
0.0535071
0.0469384
0.0469022
0.0468514
0.0467882
0.0467151
0.0466351
0.0465512
0.0464667
0.0463848
0.0463085
0.0462406
0.0461834
0.0461391
0.0461093
0.0460949
0.0460966
0.0461144
0.0461477
0.0461954
0.0462558
0.0463269
0.0464059
0.0464899
0.0465757
0.0466599
0.0467391
0.0468101
0.0468701
0.0469164
0.0469473
0.0469615
0.0469585
0.0335578
0.0335201
0.033465
0.0333948
0.0333125
0.0332214
0.0331252
0.0330275
0.0329319
0.032842
0.032761
0.0326917
0.0326365
0.0325974
0.0325757
0.0325723
0.0325873
0.0326204
0.0326706
0.0327362
0.0328151
0.0329043
0.0330006
0.0331002
0.0331992
0.0332937
0.0333796
0.0334535
0.0335121
0.0335531
0.0335748
0.0335763
0.0132207
0.0131975
0.0131629
0.0131187
0.0130667
0.013009
0.0129481
0.0128862
0.0128256
0.0127686
0.0127171
0.0126728
0.0126374
0.0126118
0.0125971
0.0125937
0.0126018
0.0126213
0.0126515
0.0126917
0.0127405
0.0127962
0.0128567
0.0129199
0.0129832
0.013044
0.0130997
0.013148
0.0131867
0.0132143
0.0132294
0.0132316
0.0533213
0.0532618
0.053203
0.053147
0.0530962
0.0530525
0.0530175
0.0529925
0.0529785
0.0529758
0.0529846
0.0530046
0.0530349
0.0530744
0.0531218
0.0531751
0.0532323
0.0532913
0.0533498
0.0534056
0.0534566
0.0535008
0.0535366
0.0535623
0.0535771
0.0535803
0.0535717
0.0535517
0.0535211
0.053481
0.0534331
0.0533792
0.046658
0.0465564
0.046454
0.0463548
0.0462625
0.0461807
0.0461123
0.0460597
0.0460248
0.0460088
0.046012
0.0460344
0.0460751
0.0461326
0.0462047
0.046289
0.0463825
0.0464817
0.046583
0.0466825
0.0467765
0.0468611
0.046933
0.0469892
0.0470274
0.0470458
0.0470437
0.0470211
0.0469788
0.0469185
0.0468428
0.0467548
0.0332502
0.0331346
0.0330174
0.0329032
0.0327963
0.0327006
0.0326195
0.0325558
0.0325115
0.0324882
0.0324864
0.0325063
0.032547
0.0326073
0.0326849
0.0327774
0.0328816
0.0329937
0.0331096
0.0332251
0.0333356
0.0334366
0.033524
0.0335941
0.0336437
0.0336705
0.0336735
0.0336524
0.0336081
0.0335425
0.0334585
0.0333597
0.0130299
0.012955
0.0128793
0.0128057
0.0127369
0.0126753
0.012623
0.0125817
0.0125527
0.0125369
0.0125348
0.0125463
0.0125712
0.0126085
0.0126572
0.0127156
0.012782
0.012854
0.012929
0.0130043
0.0130769
0.0131437
0.0132019
0.0132489
0.0132826
0.0133013
0.0133041
0.013291
0.0132626
0.01322
0.0131653
0.013101
0.0530933
0.053018
0.0529523
0.0528988
0.0528596
0.0528361
0.0528291
0.052839
0.0528652
0.0529068
0.0529621
0.0530292
0.0531055
0.053188
0.0532737
0.0533592
0.0534413
0.0535167
0.0535827
0.0536366
0.0536764
0.0537005
0.0537079
0.0536983
0.0536721
0.0536302
0.0535744
0.0535067
0.05343
0.053347
0.0532611
0.0531754
0.046257
0.0461252
0.0460089
0.0459125
0.0458394
0.0457922
0.0457725
0.0457809
0.0458171
0.0458797
0.0459665
0.0460743
0.0461991
0.0463365
0.0464813
0.0466281
0.0467714
0.0469056
0.0470255
0.047126
0.0472033
0.047254
0.0472761
0.0472684
0.0472314
0.0471664
0.0470761
0.0469642
0.0468352
0.0466943
0.0465471
0.0463994
0.0327992
0.0326481
0.0325141
0.0324019
0.0323156
0.0322578
0.0322304
0.0322344
0.0322695
0.0323345
0.0324271
0.0325443
0.032682
0.0328353
0.0329987
0.0331663
0.0333317
0.0334884
0.0336301
0.0337509
0.0338456
0.0339101
0.0339415
0.0339383
0.0339007
0.0338302
0.0337299
0.0336042
0.0334582
0.0332982
0.0331306
0.0329621
0.0127484
0.012651
0.0125647
0.0124923
0.0124361
0.0123978
0.0123784
0.0123786
0.0123983
0.0124369
0.0124932
0.0125654
0.0126513
0.012748
0.0128523
0.0129605
0.0130684
0.0131719
0.0132666
0.0133483
0.0134134
0.0134589
0.0134824
0.0134829
0.0134603
0.0134157
0.0133511
0.0132696
0.0131748
0.0130708
0.0129623
0.0128534
0.0528961
0.0528209
0.0527624
0.0527227
0.0527034
0.0527053
0.0527281
0.0527711
0.0528326
0.0529104
0.0530014
0.0531025
0.0532096
0.0533186
0.0534254
0.0535259
0.053616
0.0536923
0.0537519
0.0537922
0.0538118
0.0538099
0.0537865
0.0537426
0.0536799
0.053601
0.0535088
0.0534071
0.0532998
0.0531909
0.0530847
0.0529852
0.0458845
0.0457539
0.0456522
0.045583
0.0455488
0.0455506
0.0455885
0.045661
0.0457658
0.045899
0.046056
0.0462312
0.046418
0.0466095
0.0467983
0.0469772
0.0471388
0.0472767
0.047385
0.0474593
0.0474964
0.0474946
0.047454
0.0473764
0.0472651
0.0471248
0.0469612
0.0467809
0.0465913
0.0463996
0.0462134
0.0460396
0.0323614
0.0322129
0.0320972
0.0320179
0.0319776
0.0319775
0.0320177
0.032097
0.0322127
0.0323612
0.0325376
0.0327359
0.032949
0.0331691
0.0333879
0.0335966
0.0337866
0.0339499
0.0340792
0.0341688
0.0342145
0.0342143
0.0341683
0.0340784
0.033949
0.0337857
0.0335959
0.0333874
0.0331688
0.0329489
0.0327359
0.0325378
0.0124673
0.0123739
0.0123012
0.0122512
0.0122254
0.0122245
0.0122484
0.0122967
0.0123679
0.01246
0.0125704
0.0126955
0.0128311
0.0129726
0.0131145
0.0132513
0.0133769
0.0134857
0.0135727
0.0136336
0.0136652
0.0136661
0.0136362
0.013577
0.0134916
0.0133841
0.0132596
0.0131236
0.012982
0.0128405
0.0127045
0.0125787
0.0528546
0.0527864
0.052736
0.0527053
0.0526954
0.0527067
0.0527388
0.0527904
0.0528598
0.0529443
0.0530407
0.0531454
0.0532545
0.0533638
0.0534689
0.0535659
0.053651
0.0537206
0.0537722
0.0538036
0.0538136
0.0538018
0.0537687
0.0537156
0.0536447
0.0535587
0.053461
0.0533556
0.0532464
0.0531377
0.0530336
0.052938
0.0457694
0.045651
0.0455652
0.0455148
0.0455016
0.045526
0.0455871
0.0456829
0.0458102
0.0459644
0.0461402
0.0463311
0.0465301
0.0467297
0.0469219
0.0470993
0.0472546
0.0473813
0.0474739
0.0475287
0.0475431
0.0475166
0.0474503
0.0473471
0.0472114
0.0470488
0.0468663
0.046671
0.0464708
0.0462734
0.0460862
0.0459161
0.0321945
0.0320602
0.0319638
0.0319081
0.031895
0.0319248
0.0319966
0.0321081
0.032256
0.0324355
0.0326405
0.0328641
0.0330982
0.0333339
0.0335621
0.0337734
0.0339588
0.0341102
0.0342206
0.034285
0.0343003
0.0342658
0.0341832
0.0340562
0.0338908
0.0336943
0.0334753
0.033243
0.0330068
0.0327757
0.0325583
0.0323624
0.0123419
0.0122582
0.0121989
0.0121655
0.0121589
0.0121793
0.0122261
0.0122981
0.0123933
0.0125091
0.0126419
0.0127876
0.012941
0.0130966
0.0132481
0.0133892
0.0135135
0.0136151
0.0136889
0.0137313
0.0137399
0.0137143
0.0136557
0.0135674
0.0134536
0.01332
0.0131727
0.0130181
0.0128627
0.0127123
0.0125725
0.0124477
0.0529959
0.0529399
0.0528963
0.0528666
0.0528521
0.0528532
0.0528701
0.0529019
0.0529477
0.0530057
0.0530736
0.0531489
0.0532288
0.0533101
0.0533898
0.0534647
0.0535319
0.0535887
0.053633
0.0536629
0.0536774
0.0536758
0.0536583
0.0536256
0.0535789
0.0535202
0.0534517
0.0533761
0.0532962
0.0532152
0.0531362
0.0530622
0.0460065
0.0459086
0.0458338
0.0457848
0.0457632
0.0457698
0.0458044
0.0458657
0.0459518
0.0460595
0.0461851
0.0463239
0.0464709
0.0466205
0.0467668
0.0469041
0.047027
0.0471303
0.0472098
0.0472621
0.0472851
0.0472777
0.0472403
0.0471746
0.0470832
0.0469701
0.0468398
0.0466978
0.0465494
0.0464007
0.0462571
0.0461241
0.0324446
0.0323321
0.0322475
0.0321935
0.0321717
0.032183
0.0322269
0.032302
0.0324061
0.0325356
0.0326863
0.0328527
0.0330291
0.0332086
0.0333845
0.0335496
0.033697
0.0338205
0.0339147
0.0339753
0.0339996
0.0339865
0.0339367
0.0338523
0.0337373
0.0335967
0.0334365
0.0332636
0.0330847
0.032907
0.0327371
0.0325811
0.0124866
0.0124156
0.0123633
0.012331
0.0123196
0.0123296
0.0123606
0.0124118
0.0124817
0.0125682
0.0126686
0.0127796
0.0128975
0.0130179
0.013136
0.0132471
0.0133463
0.013429
0.0134915
0.0135305
0.0135443
0.0135321
0.0134945
0.0134334
0.0133517
0.0132535
0.013143
0.0130252
0.0129049
0.0127867
0.0126752
0.012574
0.0531505
0.0531064
0.0530689
0.0530392
0.0530186
0.0530078
0.0530074
0.0530171
0.0530369
0.0530657
0.0531026
0.0531461
0.0531946
0.0532461
0.0532988
0.0533506
0.0533995
0.0534437
0.0534813
0.0535111
0.0535317
0.0535425
0.053543
0.0535332
0.0535135
0.0534846
0.0534477
0.0534041
0.0533556
0.0533039
0.0532512
0.0531994
0.0463222
0.0462456
0.0461796
0.0461269
0.0460894
0.0460683
0.0460644
0.0460779
0.0461083
0.0461545
0.0462147
0.0462868
0.0463681
0.0464555
0.0465458
0.0466355
0.0467211
0.0467994
0.0468671
0.0469216
0.0469607
0.0469828
0.046987
0.0469731
0.0469417
0.046894
0.0468319
0.046758
0.0466752
0.0465868
0.0464962
0.0464068
0.0328273
0.0327378
0.0326611
0.0326001
0.0325568
0.0325329
0.0325289
0.0325452
0.0325812
0.0326356
0.0327064
0.0327913
0.0328871
0.0329904
0.0330972
0.0332036
0.0333053
0.0333983
0.0334789
0.0335436
0.0335899
0.0336157
0.0336199
0.0336024
0.0335639
0.0335061
0.0334313
0.0333427
0.0332439
0.0331389
0.0330317
0.0329265
0.0127451
0.0126874
0.0126384
0.0125996
0.0125723
0.0125576
0.0125557
0.0125669
0.0125907
0.0126265
0.0126729
0.0127286
0.0127916
0.0128596
0.0129301
0.0130005
0.013068
0.0131297
0.0131831
0.0132259
0.0132562
0.0132726
0.0132744
0.0132615
0.0132346
0.0131948
0.013144
0.0130843
0.0130183
0.0129487
0.0128782
0.0128095
0.0531459
0.0531106
0.053082
0.053061
0.0530486
0.0530451
0.0530508
0.0530653
0.0530882
0.0531185
0.053155
0.0531964
0.053241
0.0532871
0.0533329
0.0533767
0.0534168
0.0534517
0.0534801
0.0535009
0.0535133
0.0535168
0.0535113
0.053497
0.0534745
0.0534445
0.0534082
0.053367
0.0533225
0.0532764
0.0532304
0.0531863
0.0463491
0.0462896
0.0462393
0.0462004
0.0461741
0.0461614
0.0461628
0.0461781
0.0462066
0.0462473
0.0462984
0.046358
0.0464238
0.0464935
0.0465644
0.0466339
0.0466994
0.0467584
0.0468088
0.0468485
0.0468761
0.0468903
0.0468906
0.0468768
0.0468493
0.0468093
0.0467581
0.0466977
0.0466306
0.0465593
0.0464867
0.0464157
0.0328849
0.0328149
0.0327551
0.0327077
0.0326744
0.0326564
0.0326541
0.0326677
0.0326964
0.032739
0.032794
0.0328592
0.0329323
0.0330105
0.0330911
0.033171
0.0332474
0.0333173
0.0333781
0.0334274
0.0334632
0.033484
0.0334888
0.0334773
0.0334498
0.0334072
0.0333513
0.0332842
0.0332085
0.0331275
0.0330443
0.0329624
0.0127997
0.0127537
0.0127139
0.0126818
0.0126584
0.0126446
0.0126406
0.0126467
0.0126624
0.0126873
0.0127202
0.0127602
0.0128057
0.0128552
0.0129069
0.012959
0.0130095
0.0130565
0.0130981
0.0131327
0.0131587
0.0131751
0.013181
0.013176
0.0131604
0.0131346
0.0130998
0.0130573
0.0130091
0.0129571
0.0129034
0.0128502
0.0530045
0.0529689
0.0529453
0.0529346
0.0529371
0.0529529
0.0529813
0.0530212
0.053071
0.053129
0.0531927
0.0532598
0.0533277
0.0533936
0.0534551
0.0535098
0.0535555
0.0535906
0.0536137
0.053624
0.053621
0.053605
0.0535765
0.0535367
0.0534871
0.0534295
0.0533662
0.0532996
0.0532323
0.0531667
0.0531053
0.0530505
0.0460918
0.0460363
0.0459995
0.045983
0.0459873
0.0460124
0.0460572
0.0461201
0.0461987
0.0462898
0.04639
0.0464954
0.0466018
0.0467051
0.0468014
0.046887
0.0469586
0.0470134
0.0470495
0.0470654
0.0470606
0.0470354
0.0469906
0.046928
0.0468501
0.0467597
0.0466603
0.0465556
0.0464496
0.0463463
0.0462499
0.046164
0.0325909
0.0325283
0.0324865
0.032467
0.0324707
0.0324974
0.0325461
0.0326152
0.0327019
0.0328031
0.0329148
0.0330328
0.0331524
0.033269
0.033378
0.0334752
0.0335568
0.0336196
0.0336613
0.0336801
0.0336756
0.0336478
0.033598
0.033528
0.0334407
0.0333394
0.0332279
0.0331106
0.0329918
0.0328763
0.0327682
0.0326719
0.0126082
0.0125684
0.0125416
0.0125287
0.0125301
0.012546
0.0125757
0.0126183
0.0126721
0.0127354
0.0128058
0.0128806
0.0129569
0.0130319
0.0131025
0.013166
0.0132197
0.0132615
0.0132896
0.0133029
0.0133009
0.0132836
0.0132519
0.0132071
0.013151
0.0130859
0.0130143
0.0129391
0.0128631
0.0127894
0.0127208
0.0126596
0.0528628
0.0528119
0.0527786
0.0527642
0.0527692
0.0527935
0.0528362
0.0528956
0.0529694
0.0530549
0.0531487
0.0532472
0.0533466
0.0534432
0.0535331
0.0536128
0.0536794
0.0537301
0.053763
0.053777
0.0537715
0.0537468
0.0537038
0.0536441
0.0535702
0.0534848
0.0533912
0.053293
0.0531941
0.0530981
0.0530087
0.0529292
0.0458304
0.0457515
0.0457018
0.0456831
0.0456962
0.0457407
0.045815
0.0459164
0.0460412
0.0461847
0.0463416
0.0465058
0.046671
0.0468307
0.0469786
0.0471089
0.0472164
0.0472969
0.0473472
0.0473652
0.0473503
0.0473033
0.0472261
0.0471218
0.0469945
0.0468495
0.0466922
0.0465287
0.0463653
0.046208
0.046063
0.0459355
0.0322836
0.0321977
0.0321446
0.0321263
0.0321435
0.0321957
0.0322811
0.0323969
0.0325392
0.0327029
0.0328819
0.0330696
0.0332587
0.0334419
0.0336116
0.0337609
0.0338837
0.0339748
0.0340303
0.0340481
0.0340275
0.0339694
0.0338766
0.0337529
0.0336036
0.0334348
0.0332533
0.0330662
0.0328806
0.0327033
0.032541
0.0323994
0.0124039
0.0123517
0.0123203
0.0123107
0.0123231
0.0123575
0.0124126
0.012487
0.0125784
0.0126836
0.0127993
0.0129211
0.0130445
0.0131644
0.0132759
0.0133743
0.0134551
0.0135147
0.0135502
0.0135601
0.0135439
0.0135026
0.0134382
0.0133537
0.013253
0.0131405
0.0130209
0.0128989
0.0127792
0.0126662
0.0125637
0.0124754
0.05277
0.0526942
0.05264
0.0526094
0.0526037
0.052623
0.0526666
0.0527329
0.0528193
0.0529226
0.0530388
0.0531633
0.0532916
0.0534187
0.0535397
0.05365
0.0537452
0.0538216
0.0538762
0.053907
0.0539127
0.0538931
0.053849
0.0537821
0.053695
0.0535912
0.0534745
0.0533496
0.0532212
0.0530944
0.052974
0.0528645
0.0456845
0.0455606
0.0454729
0.0454245
0.045417
0.0454507
0.0455245
0.0456357
0.0457804
0.0459535
0.0461487
0.0463586
0.0465754
0.0467908
0.0469964
0.0471841
0.0473463
0.0474765
0.0475692
0.0476206
0.0476285
0.0475927
0.0475145
0.0473973
0.0472459
0.0470666
0.0468665
0.0466538
0.0464366
0.0462233
0.046022
0.0458402
0.0321241
0.0319871
0.031891
0.031839
0.0318326
0.0318721
0.0319562
0.0320822
0.032246
0.0324422
0.0326641
0.0329037
0.0331524
0.0334005
0.0336384
0.0338565
0.0340454
0.034197
0.0343047
0.0343636
0.034371
0.0343265
0.0342322
0.0340922
0.0339129
0.033702
0.0334686
0.0332222
0.0329726
0.0327294
0.0325017
0.0322976
0.0123069
0.0122228
0.0121647
0.012134
0.0121316
0.0121575
0.0122111
0.0122909
0.0123947
0.0125195
0.0126615
0.012816
0.0129775
0.0131401
0.0132971
0.0134419
0.0135679
0.0136693
0.013741
0.0137793
0.0137824
0.0137499
0.0136836
0.013587
0.0134646
0.0133225
0.0131672
0.0130051
0.0128431
0.012687
0.0125426
0.0124145
0.0526851
0.0525928
0.0525255
0.0524857
0.052475
0.0524936
0.052541
0.0526153
0.0527136
0.0528324
0.0529671
0.0531125
0.0532633
0.0534137
0.0535578
0.0536901
0.0538053
0.053899
0.0539676
0.0540082
0.0540193
0.0540004
0.0539523
0.0538768
0.053777
0.0536567
0.0535207
0.0533743
0.0532232
0.0530732
0.05293
0.052799
0.0455669
0.0454107
0.0452961
0.0452271
0.0452059
0.0452332
0.045308
0.0454278
0.0455884
0.0457843
0.0460085
0.046253
0.0465087
0.046766
0.047015
0.0472458
0.0474491
0.0476164
0.0477406
0.0478164
0.0478404
0.0478115
0.047731
0.0476023
0.0474308
0.0472239
0.0469902
0.0467391
0.0464806
0.0462248
0.0459813
0.0457594
0.0320115
0.0318358
0.0317068
0.0316286
0.0316033
0.0316317
0.0317129
0.0318443
0.0320219
0.0322401
0.0324918
0.0327685
0.0330604
0.0333568
0.0336462
0.0339169
0.0341574
0.0343571
0.0345069
0.0345997
0.034631
0.0345991
0.0345056
0.0343549
0.0341538
0.0339117
0.0336393
0.0333481
0.0330502
0.0327571
0.03248
0.0322286
0.0122514
0.0121416
0.0120611
0.012012
0.0119953
0.0120114
0.0120599
0.0121396
0.0122484
0.0123835
0.0125412
0.0127167
0.0129042
0.013097
0.0132878
0.0134685
0.0136311
0.0137678
0.0138716
0.0139369
0.01396
0.0139398
0.0138771
0.0137755
0.0136402
0.0134782
0.0132974
0.0131061
0.0129122
0.0127234
0.0125466
0.0123876
0.0525668
0.0524714
0.052405
0.0523701
0.0523681
0.052399
0.0524616
0.0525536
0.0526715
0.052811
0.0529669
0.0531333
0.0533038
0.053472
0.0536312
0.0537752
0.0538984
0.053996
0.0540639
0.0540996
0.0541015
0.0540697
0.0540053
0.0539111
0.0537906
0.0536488
0.0534912
0.0533241
0.0531538
0.0529868
0.0528294
0.0526876
0.0453731
0.0452125
0.0451004
0.0450404
0.0450345
0.0450827
0.0451836
0.0453338
0.0455283
0.0457605
0.0460222
0.0463041
0.0465957
0.046886
0.0471636
0.0474172
0.0476365
0.0478119
0.0479357
0.0480026
0.0480095
0.0479561
0.0478448
0.0476804
0.0474703
0.0472234
0.0469501
0.0466615
0.0463689
0.0460836
0.0458163
0.0455766
0.0318058
0.0316257
0.0314996
0.0314309
0.0314218
0.0314723
0.0315811
0.0317449
0.0319591
0.0322171
0.0325106
0.0328299
0.0331636
0.0334992
0.0338234
0.0341227
0.034384
0.0345951
0.0347459
0.0348292
0.0348407
0.0347798
0.0346495
0.0344564
0.0342096
0.0339208
0.0336027
0.033269
0.032933
0.0326076
0.0323046
0.0320344
0.0121341
0.0120223
0.0119438
0.0119003
0.0118928
0.0119214
0.0119855
0.0120836
0.0122134
0.0123718
0.0125544
0.0127558
0.0129693
0.0131872
0.0134009
0.0136012
0.0137786
0.0139241
0.0140298
0.0140897
0.0141005
0.0140614
0.0139748
0.0138455
0.0136806
0.0134888
0.0132794
0.0130618
0.012845
0.0126372
0.0124458
0.0122764
0.0524861
0.0523905
0.0523265
0.0522964
0.0523013
0.0523412
0.0524146
0.0525187
0.0526497
0.0528029
0.0529724
0.0531519
0.0533346
0.0535135
0.0536815
0.053832
0.053959
0.0540575
0.0541234
0.0541542
0.0541486
0.0541068
0.0540306
0.053923
0.0537885
0.0536324
0.0534608
0.0532806
0.0530986
0.0529218
0.0527568
0.0526098
0.0452131
0.0450554
0.0449512
0.0449039
0.044915
0.0449842
0.0451092
0.0452863
0.0455094
0.0457713
0.0460628
0.0463734
0.0466916
0.0470052
0.0473016
0.0475686
0.0477948
0.0479702
0.0480871
0.0481402
0.0481269
0.048048
0.0479071
0.0477107
0.0474675
0.047188
0.0468839
0.0465677
0.0462517
0.0459477
0.0456669
0.0454193
0.031615
0.0314406
0.0313259
0.0312741
0.0312866
0.0313631
0.0315016
0.0316983
0.0319477
0.0322424
0.032573
0.0329285
0.0332961
0.0336618
0.0340106
0.0343275
0.0345978
0.0348086
0.0349495
0.0350133
0.0349966
0.0349005
0.03473
0.0344937
0.0342032
0.0338723
0.0335158
0.0331485
0.032785
0.0324387
0.0321217
0.0318443
0.0120096
0.0119035
0.0118342
0.011803
0.0118105
0.0118568
0.0119408
0.0120609
0.0122144
0.0123976
0.0126056
0.0128321
0.0130695
0.013309
0.0135406
0.0137537
0.0139376
0.0140825
0.0141801
0.0142245
0.0142131
0.0141466
0.0140291
0.0138674
0.0136707
0.0134492
0.0132135
0.012974
0.0127402
0.0125206
0.012322
0.0121502
0.0525198
0.0524205
0.0523516
0.0523156
0.0523138
0.0523464
0.0524122
0.0525088
0.0526327
0.0527794
0.0529433
0.0531183
0.0532978
0.0534748
0.0536425
0.0537943
0.0539241
0.0540267
0.0540979
0.0541349
0.0541362
0.0541018
0.054033
0.0539327
0.0538051
0.0536552
0.0534889
0.0533129
0.0531338
0.0529586
0.0527939
0.0526459
0.0452498
0.045086
0.0449745
0.044919
0.0449211
0.044981
0.0450967
0.0452647
0.0454794
0.0457339
0.0460194
0.0463256
0.0466414
0.0469546
0.0472526
0.0475233
0.0477549
0.0479375
0.0480629
0.0481252
0.0481217
0.0480526
0.0479211
0.0477334
0.0474977
0.0472245
0.0469252
0.0466123
0.0462979
0.045994
0.0457116
0.0454606
0.0316384
0.0314581
0.0313367
0.0312777
0.0312826
0.0313514
0.0314822
0.0316717
0.0319146
0.0322036
0.0325299
0.0328827
0.0332493
0.0336159
0.0339675
0.034289
0.0345657
0.0347842
0.0349338
0.0350068
0.0349993
0.034912
0.0347493
0.0345196
0.0342344
0.0339073
0.033553
0.0331865
0.0328224
0.0324743
0.0321543
0.0318728
0.0120145
0.0119056
0.0118332
0.0117989
0.0118034
0.0118465
0.0119276
0.0120448
0.0121958
0.012377
0.0125836
0.0128094
0.0130472
0.0132879
0.0135216
0.0137377
0.0139254
0.0140746
0.0141768
0.0142259
0.0142189
0.0141562
0.0140417
0.0138822
0.0136867
0.0134656
0.0132296
0.0129893
0.0127542
0.0125327
0.012332
0.0121578
0.0526383
0.0525354
0.0524589
0.0524117
0.0523955
0.0524109
0.0524574
0.0525334
0.0526359
0.0527614
0.052905
0.0530615
0.0532249
0.0533889
0.0535472
0.0536937
0.0538225
0.0539285
0.0540074
0.0540561
0.0540726
0.0540562
0.0540076
0.0539288
0.0538231
0.0536946
0.0535485
0.0533906
0.0532269
0.0530638
0.0529075
0.0527639
0.0454508
0.0452774
0.0451499
0.0450724
0.0450474
0.0450757
0.0451566
0.0452874
0.0454639
0.0456804
0.0459294
0.0462022
0.0464888
0.0467784
0.0470598
0.0473214
0.0475524
0.0477429
0.0478846
0.047971
0.0479984
0.0479655
0.0478738
0.0477276
0.0475334
0.0472998
0.0470367
0.0467551
0.0464662
0.0461811
0.0459106
0.0456643
0.0318568
0.0316636
0.0315226
0.031438
0.031412
0.0314454
0.0315373
0.0316854
0.0318853
0.0321314
0.032416
0.0327299
0.0330622
0.0334006
0.0337318
0.034042
0.0343175
0.0345457
0.0347155
0.0348185
0.0348495
0.034807
0.0346933
0.0345141
0.0342783
0.0339974
0.0336841
0.033352
0.0330148
0.0326854
0.0323759
0.0320967
0.0121476
0.0120292
0.0119438
0.011893
0.0118781
0.0118994
0.0119564
0.012048
0.0121722
0.012326
0.0125055
0.0127056
0.0129198
0.0131407
0.0133595
0.0135668
0.0137527
0.0139078
0.0140238
0.0140939
0.0141141
0.0140833
0.0140033
0.0138789
0.013717
0.0135265
0.0133168
0.0130976
0.0128781
0.0126667
0.0124707
0.012296
0.0527539
0.052655
0.0525786
0.0525275
0.0525036
0.0525077
0.0525397
0.0525985
0.0526819
0.0527868
0.0529093
0.0530448
0.0531882
0.053334
0.0534767
0.0536107
0.0537307
0.053832
0.0539105
0.0539631
0.0539878
0.0539834
0.0539501
0.0538894
0.0538037
0.0536964
0.0535718
0.0534348
0.0532907
0.0531451
0.0530036
0.0528715
0.0456566
0.0454865
0.045355
0.0452666
0.0452242
0.0452292
0.0452815
0.0453792
0.0455193
0.045697
0.0459062
0.0461396
0.0463888
0.0466445
0.0468967
0.0471356
0.0473514
0.0475351
0.0476788
0.0477763
0.0478232
0.0478174
0.0477593
0.0476513
0.0474984
0.0473072
0.0470857
0.0468433
0.0465897
0.0463348
0.0460885
0.0458596
0.0320886
0.0318953
0.0317466
0.0316467
0.0315987
0.0316038
0.0316619
0.0317714
0.0319292
0.0321304
0.032369
0.0326371
0.0329256
0.033224
0.033521
0.0338046
0.0340627
0.0342841
0.0344583
0.0345771
0.0346347
0.0346282
0.034558
0.0344276
0.0342434
0.034014
0.0337501
0.0334632
0.0331653
0.0328682
0.0325832
0.0323203
0.012293
0.012172
0.0120793
0.0120172
0.011987
0.0119895
0.0120246
0.0120915
0.0121887
0.0123139
0.0124637
0.012634
0.0128194
0.0130136
0.0132093
0.0133986
0.0135729
0.0137239
0.0138439
0.0139264
0.0139669
0.0139631
0.0139151
0.0138259
0.0137003
0.0135451
0.0133681
0.0131777
0.0129821
0.0127893
0.0126063
0.0124391
0.0528182
0.0527318
0.0526655
0.0526218
0.0526022
0.0526076
0.0526377
0.0526914
0.0527667
0.0528607
0.05297
0.0530905
0.0532175
0.0533462
0.0534716
0.0535889
0.0536935
0.0537813
0.0538488
0.0538934
0.0539133
0.0539077
0.0538769
0.053822
0.0537453
0.0536498
0.0535392
0.0534179
0.0532906
0.0531622
0.0530375
0.0529214
0.0457695
0.0456214
0.0455072
0.045431
0.0453952
0.0454012
0.0454486
0.0455358
0.0456599
0.0458165
0.0460002
0.0462043
0.0464213
0.0466431
0.0468613
0.0470672
0.0472526
0.0474098
0.0475324
0.047615
0.0476541
0.0476481
0.047597
0.0475033
0.0473707
0.047205
0.047013
0.0468026
0.0465822
0.0463605
0.0461459
0.0459465
0.0322161
0.0320459
0.0319148
0.0318268
0.0317846
0.0317893
0.0318409
0.0319378
0.0320769
0.0322539
0.0324631
0.0326974
0.0329487
0.0332077
0.0334646
0.0337091
0.0339312
0.0341213
0.0342707
0.0343727
0.0344224
0.0344174
0.034358
0.0342469
0.0340894
0.0338925
0.0336651
0.033417
0.0331583
0.0328995
0.0326503
0.0324198
0.0123711
0.012263
0.0121798
0.0121237
0.0120961
0.0120976
0.0121282
0.0121872
0.0122729
0.0123832
0.0125151
0.0126644
0.0128265
0.0129957
0.0131658
0.0133298
0.0134806
0.0136112
0.0137152
0.0137871
0.0138232
0.0138216
0.0137822
0.0137072
0.0136005
0.0134677
0.0133153
0.0131502
0.0129797
0.0128105
0.0126491
0.0125011
0.0528161
0.0527387
0.0526813
0.0526464
0.0526351
0.052648
0.0526846
0.0527434
0.0528223
0.0529183
0.0530276
0.0531462
0.0532694
0.0533926
0.0535109
0.0536198
0.053715
0.0537929
0.0538504
0.0538853
0.0538963
0.0538829
0.0538458
0.0537862
0.0537067
0.0536103
0.0535007
0.0533822
0.0532592
0.0531366
0.053019
0.0529108
0.0457697
0.0456428
0.0455491
0.0454921
0.0454737
0.0454946
0.0455542
0.0456503
0.0457794
0.0459371
0.0461175
0.0463139
0.0465188
0.0467246
0.0469231
0.0471066
0.0472677
0.0473999
0.0474979
0.0475576
0.0475766
0.0475541
0.047491
0.0473901
0.0472554
0.0470926
0.046908
0.046709
0.0465035
0.0462992
0.0461041
0.0459254
0.0322213
0.0320774
0.0319711
0.0319061
0.0318843
0.0319066
0.0319721
0.0320789
0.0322234
0.0324008
0.0326051
0.0328289
0.0330642
0.0333019
0.0335328
0.0337477
0.0339375
0.0340943
0.0342112
0.0342832
0.034307
0.0342816
0.0342083
0.0340902
0.0339326
0.0337424
0.0335275
0.0332968
0.0330595
0.0328249
0.0326017
0.0323981
0.0123748
0.0122842
0.0122175
0.0121764
0.0121621
0.012175
0.0122147
0.0122801
0.0123696
0.0124803
0.0126091
0.0127517
0.0129031
0.0130579
0.01321
0.0133532
0.0134812
0.0135881
0.0136687
0.0137191
0.0137368
0.0137208
0.0136719
0.0135927
0.0134871
0.0133601
0.0132176
0.0130658
0.012911
0.0127592
0.0126161
0.0124866
0.0527415
0.0526537
0.0525891
0.0525502
0.0525385
0.0525545
0.0525977
0.0526664
0.052758
0.0528689
0.052995
0.0531313
0.0532726
0.0534136
0.0535487
0.0536728
0.0537809
0.0538688
0.0539333
0.0539718
0.0539828
0.053966
0.0539221
0.0538528
0.0537607
0.0536496
0.0535236
0.0533875
0.0532467
0.0531066
0.0529723
0.0528491
0.0456532
0.045515
0.0454147
0.045356
0.0453408
0.0453699
0.0454423
0.0455555
0.0457056
0.0458872
0.0460935
0.0463171
0.0465492
0.046781
0.0470034
0.0472075
0.0473851
0.047529
0.0476333
0.0476938
0.0477081
0.0476757
0.047598
0.0474783
0.0473216
0.0471344
0.046924
0.0466989
0.0464677
0.0462392
0.046022
0.0458243
0.0321037
0.0319519
0.0318424
0.0317789
0.0317633
0.0317963
0.031877
0.0320029
0.03217
0.0323726
0.0326039
0.0328556
0.0331184
0.0333821
0.0336362
0.0338703
0.0340746
0.0342403
0.0343601
0.0344289
0.0344437
0.034404
0.0343119
0.0341715
0.033989
0.0337725
0.0335309
0.0332741
0.0330121
0.032755
0.0325123
0.0322926
0.0123078
0.0122153
0.012149
0.0121109
0.0121021
0.0121227
0.0121723
0.0122497
0.0123527
0.0124784
0.012623
0.0127817
0.012949
0.0131183
0.0132831
0.0134362
0.0135708
0.0136806
0.0137603
0.013806
0.0138153
0.013788
0.0137255
0.0136311
0.0135096
0.0133666
0.0132087
0.0130426
0.012875
0.0127123
0.0125602
0.0124239
0.0526125
0.0524945
0.0524048
0.0523467
0.0523225
0.0523332
0.0523783
0.0524563
0.0525641
0.0526976
0.0528518
0.0530209
0.0531983
0.0533773
0.0535511
0.0537129
0.0538564
0.0539759
0.0540667
0.0541253
0.0541494
0.054138
0.0540917
0.0540123
0.0539029
0.0537678
0.0536124
0.0534427
0.0532652
0.0530868
0.0529143
0.0527542
0.045449
0.04526
0.0451179
0.0450275
0.044992
0.0450125
0.0450884
0.0452173
0.0453949
0.0456151
0.0458703
0.0461513
0.0464477
0.0467485
0.0470417
0.0473158
0.0475596
0.0477628
0.0479168
0.048015
0.048053
0.0480292
0.0479447
0.0478034
0.0476115
0.0473771
0.0471101
0.0468215
0.0465228
0.0462253
0.0459404
0.0456785
0.0318904
0.0316845
0.0315311
0.0314346
0.031398
0.0314223
0.0315069
0.0316495
0.0318458
0.0320901
0.0323745
0.0326895
0.0330242
0.0333662
0.033702
0.0340179
0.0343004
0.0345368
0.034716
0.0348295
0.0348718
0.034841
0.0347386
0.0345698
0.0343428
0.0340681
0.0337581
0.0334262
0.0330859
0.0327505
0.0324322
0.0321423
0.0121837
0.0120599
0.0119685
0.0119117
0.011891
0.0119066
0.0119585
0.0120454
0.0121653
0.0123153
0.0124915
0.0126886
0.0129004
0.0131192
0.0133365
0.0135432
0.0137297
0.0138869
0.0140066
0.0140821
0.0141094
0.0140868
0.0140157
0.0139003
0.0137469
0.0135636
0.0133595
0.0131439
0.012926
0.012714
0.0125155
0.012337
0.0524989
0.0523515
0.0522366
0.0521582
0.0521194
0.0521216
0.0521647
0.0522472
0.052366
0.0525167
0.0526936
0.0528902
0.053099
0.0533123
0.0535219
0.0537196
0.0538976
0.0540489
0.0541674
0.0542482
0.0542883
0.0542858
0.054241
0.0541557
0.0540333
0.0538787
0.0536982
0.0534989
0.0532886
0.0530754
0.0528677
0.0526731
0.0452654
0.0450198
0.0448296
0.0447009
0.0446375
0.0446416
0.044713
0.0448495
0.0450468
0.0452987
0.0455969
0.0459313
0.04629
0.04666
0.047027
0.0473766
0.0476942
0.0479662
0.0481806
0.0483277
0.0484004
0.0483956
0.0483133
0.0481574
0.0479353
0.0476569
0.0473346
0.0469822
0.0466141
0.046245
0.0458887
0.0455583
0.0316897
0.031419
0.0312108
0.0310709
0.0310027
0.0310079
0.0310865
0.0312365
0.031454
0.0317331
0.0320659
0.0324425
0.0328506
0.033276
0.0337026
0.0341132
0.0344901
0.0348157
0.0350741
0.035252
0.03534
0.0353333
0.0352322
0.0350423
0.0347734
0.0344394
0.0340565
0.0336424
0.0332148
0.032791
0.0323865
0.0320155
0.012062
0.0118975
0.0117724
0.011689
0.0116487
0.0116522
0.0116995
0.0117898
0.0119215
0.0120919
0.0122974
0.012533
0.012792
0.0130663
0.0133457
0.0136188
0.0138731
0.0140957
0.0142742
0.0143979
0.0144591
0.0144538
0.0143823
0.0142493
0.0140629
0.0138343
0.013576
0.013301
0.0130217
0.0127493
0.0124934
0.0122622
0.0524803
0.0523281
0.0522087
0.0521265
0.0520845
0.0520842
0.0521256
0.0522073
0.0523261
0.0524779
0.052657
0.0528568
0.0530699
0.0532883
0.0535037
0.0537076
0.0538919
0.0540494
0.0541736
0.0542595
0.0543036
0.0543039
0.0542606
0.0541754
0.0540517
0.0538947
0.0537107
0.053507
0.0532917
0.0530732
0.0528599
0.0526598
0.0452285
0.0449674
0.0447635
0.044623
0.0445502
0.0445473
0.0446144
0.0447495
0.0449484
0.045205
0.0455111
0.0458567
0.0462296
0.0466164
0.0470024
0.0473724
0.0477109
0.0480034
0.0482366
0.0483998
0.0484853
0.0484889
0.0484104
0.0482536
0.0480259
0.047738
0.0474027
0.0470346
0.0466492
0.0462616
0.0458869
0.0455384
0.0316399
0.0313473
0.03112
0.0309639
0.0308826
0.0308782
0.0309507
0.0310984
0.0313176
0.0316029
0.0319465
0.0323384
0.0327664
0.0332158
0.0336702
0.0341112
0.0345197
0.0348765
0.035164
0.0353671
0.0354748
0.035481
0.0353855
0.0351935
0.0349154
0.0345659
0.0341624
0.033724
0.0332699
0.0328186
0.032387
0.0319899
0.0120274
0.0118471
0.0117082
0.0116132
0.0115635
0.0115599
0.0116026
0.0116907
0.011823
0.0119971
0.0122095
0.0124555
0.0127286
0.0130205
0.0133209
0.0136178
0.0138977
0.0141461
0.0143492
0.0144945
0.0145726
0.0145783
0.0145113
0.014376
0.0141812
0.0139389
0.0136629
0.0133678
0.013067
0.0127729
0.0124962
0.0122454
0.052548
0.0524157
0.0523136
0.0522454
0.0522136
0.0522193
0.0522622
0.052341
0.0524526
0.052593
0.0527571
0.0529387
0.0531313
0.0533273
0.0535194
0.0536999
0.0538617
0.0539985
0.0541046
0.0541758
0.0542091
0.0542031
0.0541582
0.0540761
0.0539603
0.0538153
0.0536471
0.0534623
0.0532684
0.0530727
0.0528827
0.0527056
0.0453284
0.0451011
0.0449262
0.044809
0.0447532
0.0447606
0.0448308
0.0449617
0.0451493
0.0453876
0.0456689
0.0459836
0.0463208
0.0466681
0.0470122
0.0473394
0.0476361
0.0478894
0.0480881
0.048223
0.0482879
0.0482796
0.0481985
0.0480485
0.0478365
0.0475722
0.0472673
0.0469349
0.0465886
0.0462422
0.0459089
0.0456007
0.0317412
0.0314841
0.0312868
0.0311544
0.0310903
0.0310961
0.0311716
0.0313149
0.0315224
0.0317885
0.0321057
0.0324645
0.0328533
0.0332586
0.0336651
0.0340564
0.0344155
0.0347255
0.0349714
0.0351404
0.0352236
0.0352165
0.0351194
0.0349376
0.0346806
0.0343616
0.0339962
0.0336011
0.0331933
0.0327892
0.032404
0.0320509
0.0120873
0.0119275
0.0118054
0.0117234
0.011683
0.0116849
0.0117289
0.0118144
0.0119398
0.0121026
0.0122993
0.0125252
0.0127738
0.0130374
0.0133064
0.0135699
0.0138158
0.0140316
0.0142054
0.0143269
0.0143883
0.0143859
0.0143196
0.0141938
0.0140163
0.0137975
0.0135496
0.013285
0.0130157
0.0127526
0.0125053
0.0122815
0.0526358
0.0525265
0.052444
0.0523914
0.0523706
0.0523823
0.0524262
0.0525006
0.0526029
0.0527293
0.052875
0.0530347
0.0532023
0.0533715
0.0535356
0.0536883
0.0538236
0.0539359
0.0540209
0.0540752
0.0540965
0.054084
0.0540382
0.053961
0.0538556
0.0537261
0.0535777
0.0534163
0.0532482
0.0530799
0.0529177
0.0527678
0.0454597
0.0452778
0.0451417
0.0450561
0.0450235
0.0450451
0.0451202
0.0452465
0.0454198
0.0456346
0.0458836
0.046158
0.0464481
0.0467428
0.0470308
0.0473005
0.0475407
0.047741
0.0478927
0.0479889
0.0480254
0.0480003
0.047915
0.0477733
0.0475816
0.0473485
0.047084
0.046799
0.0465052
0.0462139
0.045936
0.0456817
0.0318803
0.0316761
0.031524
0.0314282
0.0313915
0.0314148
0.0314975
0.0316374
0.0318307
0.0320717
0.0323532
0.0326662
0.033
0.0333426
0.0336805
0.0339999
0.0342869
0.0345282
0.0347122
0.0348297
0.0348749
0.0348453
0.0347425
0.0345719
0.0343419
0.0340638
0.0337506
0.0334161
0.0330739
0.0327377
0.0324196
0.0321307
0.0121721
0.012046
0.0119526
0.0118938
0.0118708
0.0118842
0.0119336
0.0120181
0.0121358
0.0122841
0.0124591
0.0126561
0.012869
0.0130904
0.0133121
0.0135246
0.0137182
0.013883
0.0140103
0.0140928
0.0141255
0.0141065
0.014037
0.013921
0.0137652
0.0135783
0.0133697
0.0131494
0.0129269
0.0127109
0.0125091
0.0123278
0.0527146
0.0526101
0.0525297
0.0524763
0.052452
0.0524577
0.0524932
0.0525572
0.0526474
0.0527605
0.0528921
0.0530374
0.0531908
0.0533465
0.0534985
0.0536409
0.053768
0.0538749
0.0539572
0.0540117
0.0540362
0.0540298
0.0539928
0.0539267
0.053834
0.0537187
0.0535851
0.0534386
0.0532849
0.0531298
0.0529793
0.0528392
0.0455778
0.0454088
0.0452811
0.0451989
0.0451649
0.0451805
0.0452451
0.0453567
0.0455117
0.045705
0.0459299
0.0461785
0.0464416
0.0467095
0.0469715
0.0472172
0.0474364
0.0476199
0.0477597
0.0478497
0.047886
0.047867
0.0477936
0.0476692
0.0474995
0.0472917
0.0470547
0.0467984
0.0465329
0.0462687
0.0460154
0.0457824
0.0320035
0.031817
0.0316774
0.0315888
0.0315538
0.0315735
0.0316475
0.0317738
0.0319487
0.0321672
0.0324223
0.0327057
0.0330076
0.0333168
0.0336212
0.0339082
0.0341655
0.0343814
0.0345457
0.0346505
0.0346907
0.0346645
0.0345731
0.0344214
0.0342168
0.0339689
0.0336892
0.0333897
0.0330827
0.0327801
0.0324929
0.0322312
0.0122433
0.0121301
0.0120462
0.0119937
0.0119738
0.011987
0.0120331
0.012111
0.012219
0.0123544
0.0125136
0.0126921
0.0128841
0.0130827
0.0132804
0.0134687
0.0136389
0.0137828
0.0138927
0.0139627
0.0139887
0.0139694
0.013906
0.013802
0.0136633
0.0134973
0.0133122
0.0131165
0.0129185
0.0127259
0.0125455
0.012383
0.0528026
0.0526856
0.0525898
0.0525189
0.0524756
0.0524615
0.052477
0.0525218
0.0525941
0.0526912
0.0528095
0.0529446
0.0530913
0.053244
0.0533969
0.0535441
0.05368
0.0537992
0.053897
0.0539694
0.0540136
0.0540279
0.0540116
0.0539655
0.0538914
0.0537923
0.0536721
0.0535355
0.0533879
0.053235
0.0530826
0.0529366
0.0457251
0.0455324
0.0453768
0.0452636
0.0451966
0.0451781
0.0452088
0.0452876
0.0454122
0.0455783
0.0457804
0.0460113
0.0462628
0.0465257
0.0467897
0.0470446
0.04728
0.0474862
0.0476546
0.0477778
0.0478505
0.0478696
0.0478343
0.0477461
0.0476092
0.0474294
0.0472145
0.0469736
0.0467164
0.0464531
0.0461939
0.0459482
0.032162
0.0319485
0.0317779
0.0316554
0.0315847
0.0315679
0.0316055
0.0316967
0.0318387
0.0320275
0.0322574
0.0325208
0.032809
0.0331117
0.0334174
0.033714
0.0339891
0.0342306
0.0344277
0.0345711
0.0346539
0.0346721
0.0346249
0.0345148
0.0343473
0.0341303
0.033874
0.0335897
0.0332896
0.0329856
0.0326894
0.0324117
0.0123349
0.0122043
0.0121013
0.0120284
0.0119874
0.0119792
0.012004
0.0120615
0.0121502
0.0122682
0.0124123
0.0125785
0.0127619
0.0129562
0.0131545
0.0133487
0.0135302
0.0136906
0.0138219
0.0139171
0.0139711
0.0139808
0.0139458
0.0138682
0.0137522
0.0136043
0.013432
0.0132436
0.0130474
0.0128516
0.0126635
0.0124894
0.0528866
0.052757
0.0526461
0.0525581
0.0524962
0.0524627
0.0524588
0.0524848
0.0525395
0.052621
0.0527262
0.0528511
0.0529911
0.0531409
0.0532947
0.0534469
0.0535915
0.0537228
0.0538359
0.053926
0.0539898
0.0540245
0.0540288
0.0540026
0.0539467
0.0538635
0.0537563
0.0536292
0.0534874
0.0533363
0.0531818
0.05303
0.0458894
0.0456693
0.0454818
0.0453333
0.0452289
0.045172
0.0451646
0.0452067
0.0452972
0.0454329
0.0456093
0.0458204
0.0460587
0.0463158
0.046582
0.0468473
0.0471012
0.0473336
0.0475347
0.0476962
0.0478109
0.0478739
0.0478823
0.0478358
0.0477363
0.0475883
0.0473982
0.0471742
0.0469255
0.0466625
0.0463953
0.0461344
0.0323537
0.0321056
0.0318959
0.0317311
0.0316162
0.0315546
0.0315479
0.0315964
0.0316987
0.0318518
0.0320512
0.0322906
0.0325625
0.0328575
0.0331651
0.0334737
0.033771
0.0340447
0.0342829
0.0344746
0.0346107
0.0346848
0.034693
0.034635
0.0345136
0.0343347
0.0341069
0.0338406
0.0335476
0.0332404
0.0329313
0.0326321
0.012456
0.0123012
0.0121717
0.012071
0.0120014
0.0119646
0.0119614
0.0119919
0.0120555
0.0121506
0.012275
0.0124255
0.0125978
0.0127867
0.0129858
0.0131878
0.0133844
0.0135672
0.0137273
0.0138569
0.0139489
0.0139984
0.0140024
0.0139609
0.013876
0.0137527
0.0135975
0.0134184
0.0132238
0.0130225
0.0128226
0.0126316
0.052905
0.0527751
0.0526633
0.0525739
0.0525101
0.0524744
0.052468
0.052491
0.0525426
0.0526209
0.0527228
0.0528446
0.0529817
0.053129
0.0532811
0.053432
0.0535759
0.0537074
0.0538212
0.0539129
0.0539788
0.0540163
0.0540238
0.0540009
0.0539485
0.0538687
0.0537647
0.0536405
0.0535011
0.053352
0.0531991
0.0530482
0.0459476
0.0457237
0.0455307
0.0453753
0.0452627
0.0451967
0.0451792
0.0452108
0.0452904
0.0454153
0.0455812
0.0457826
0.0460124
0.0462624
0.0465235
0.046786
0.0470397
0.0472746
0.047481
0.0476501
0.0477748
0.0478493
0.0478704
0.047837
0.0477504
0.0476145
0.0474352
0.0472201
0.0469784
0.04672
0.0464552
0.0461944
0.0324367
0.0321817
0.0319629
0.0317871
0.0316596
0.0315841
0.0315626
0.0315957
0.0316823
0.0318198
0.0320041
0.0322296
0.0324891
0.0327739
0.0330742
0.033379
0.0336765
0.0339545
0.0342011
0.0344051
0.034557
0.0346494
0.0346776
0.0346401
0.0345385
0.0343779
0.0341657
0.0339121
0.0336283
0.0333267
0.0330196
0.0327193
0.0125177
0.0123569
0.0122199
0.0121104
0.012031
0.0119837
0.0119694
0.0119884
0.0120403
0.0121238
0.0122369
0.0123768
0.0125397
0.0127207
0.0129139
0.0131126
0.0133091
0.0134951
0.013662
0.0138016
0.0139066
0.0139713
0.0139918
0.013967
0.0138982
0.0137893
0.0136462
0.0134764
0.0132881
0.0130901
0.0128906
0.0126975
0.0528256
0.0527044
0.052604
0.0525283
0.0524799
0.0524608
0.0524714
0.0525114
0.0525793
0.0526724
0.0527873
0.0529197
0.0530646
0.0532167
0.05337
0.0535188
0.0536572
0.0537799
0.0538821
0.0539598
0.0540099
0.0540304
0.0540202
0.0539799
0.053911
0.0538162
0.0536992
0.0535647
0.0534181
0.053265
0.0531113
0.052963
0.0458167
0.0456099
0.0454379
0.0453068
0.0452208
0.0451827
0.0451937
0.0452534
0.0453596
0.0455088
0.0456959
0.0459143
0.0461564
0.0464134
0.0466759
0.0469339
0.0471772
0.047396
0.0475813
0.0477251
0.0478211
0.047865
0.0478548
0.0477908
0.0476757
0.0475146
0.0473143
0.0470833
0.0468312
0.0465682
0.0463049
0.0460512
0.0323006
0.0320659
0.031871
0.031722
0.0316233
0.0315776
0.0315861
0.0316485
0.0317629
0.0319259
0.0321323
0.0323757
0.0326483
0.0329405
0.0332421
0.0335416
0.0338271
0.0340867
0.034309
0.0344837
0.0346026
0.0346597
0.0346522
0.0345801
0.034447
0.0342592
0.0340254
0.0337564
0.0334638
0.0331601
0.0328575
0.0325675
0.0124394
0.0122923
0.0121706
0.0120777
0.0120156
0.0119859
0.0119891
0.0120251
0.012093
0.0121912
0.0123171
0.0124675
0.0126378
0.012823
0.0130167
0.0132118
0.0134005
0.0135744
0.0137253
0.0138456
0.0139289
0.0139704
0.0139678
0.0139211
0.0138329
0.0137079
0.0135527
0.0133752
0.0131837
0.0129867
0.0127924
0.0126078
0.0527078
0.0525947
0.0525062
0.0524457
0.0524154
0.0524164
0.0524486
0.0525109
0.0526007
0.0527149
0.0528491
0.0529983
0.053157
0.0533191
0.0534784
0.0536286
0.053764
0.0538792
0.0539696
0.0540318
0.0540632
0.0540625
0.0540298
0.0539662
0.0538744
0.0537579
0.0536214
0.0534704
0.0533108
0.0531486
0.0529901
0.0528413
0.045596
0.0454065
0.0452589
0.045158
0.0451071
0.0451079
0.0451603
0.0452626
0.0454113
0.0456015
0.0458267
0.0460789
0.0463491
0.0466273
0.0469029
0.0471651
0.0474033
0.0476076
0.0477691
0.047881
0.0479381
0.0479379
0.0478804
0.0477681
0.0476059
0.047401
0.047162
0.046899
0.0466226
0.0463437
0.046073
0.0458208
0.0320464
0.0318342
0.0316693
0.0315566
0.0314992
0.0314987
0.0315552
0.0316669
0.0318308
0.0320418
0.0322934
0.0325777
0.0328848
0.0332039
0.033523
0.0338292
0.0341098
0.0343523
0.0345457
0.0346806
0.0347504
0.0347517
0.0346843
0.0345515
0.0343599
0.0341185
0.0338386
0.0335324
0.0332129
0.0328929
0.0325847
0.0322993
0.0122772
0.0121465
0.0120455
0.0119766
0.0119414
0.0119407
0.0119745
0.0120419
0.0121415
0.0122709
0.0124266
0.0126044
0.0127986
0.0130029
0.0132098
0.0134108
0.0135972
0.0137601
0.0138912
0.0139836
0.0140319
0.0140334
0.013988
0.0138983
0.0137692
0.0136078
0.0134222
0.0132212
0.0130139
0.0128086
0.0126132
0.0124342
0.0526567
0.052546
0.0524614
0.0524061
0.0523823
0.0523907
0.052431
0.0525017
0.0526002
0.0527228
0.052865
0.0530215
0.0531864
0.0533534
0.0535161
0.0536681
0.0538035
0.0539169
0.0540038
0.0540608
0.0540855
0.0540769
0.0540354
0.0539626
0.0538615
0.0537361
0.0535913
0.053433
0.0532672
0.0531006
0.0529393
0.0527895
0.0454841
0.0452998
0.0451608
0.0450717
0.0450353
0.0450529
0.0451238
0.0452458
0.0454149
0.0456256
0.0458706
0.0461414
0.0464282
0.0467202
0.0470061
0.0472746
0.0475146
0.0477158
0.0478696
0.0479691
0.0480099
0.04799
0.0479104
0.0477747
0.047589
0.0473614
0.0471016
0.0468206
0.0465295
0.0462398
0.0459625
0.0457076
0.0319028
0.0316983
0.0315453
0.0314482
0.0314097
0.0314309
0.0315112
0.0316485
0.0318388
0.0320766
0.0323546
0.0326638
0.0329937
0.0333321
0.0336661
0.0339819
0.0342659
0.0345052
0.0346883
0.0348064
0.0348534
0.034827
0.0347285
0.034563
0.0343386
0.0340661
0.0337581
0.0334281
0.0330898
0.0327565
0.0324405
0.0321528
0.0121769
0.0120523
0.0119602
0.0119026
0.0118808
0.0118952
0.0119456
0.0120308
0.012149
0.0122974
0.0124722
0.0126685
0.01288
0.0130995
0.0133185
0.0135277
0.0137177
0.0138789
0.0140027
0.0140821
0.0141126
0.0140924
0.0140226
0.0139073
0.013753
0.0135681
0.013362
0.0131442
0.0129241
0.0127103
0.0125105
0.0123309
0.0527109
0.0526002
0.0525136
0.0524546
0.0524252
0.0524265
0.0524585
0.0525199
0.0526085
0.0527211
0.0528534
0.0530005
0.0531568
0.0533165
0.0534734
0.0536215
0.0537549
0.0538683
0.0539573
0.0540183
0.0540488
0.0540477
0.0540148
0.0539515
0.0538605
0.0537452
0.0536103
0.0534612
0.0533037
0.0531439
0.052988
0.0528418
0.0455716
0.0453851
0.0452409
0.0451438
0.0450969
0.0451018
0.0451582
0.0452644
0.045417
0.0456109
0.0458396
0.0460951
0.0463682
0.0466488
0.046926
0.0471889
0.0474268
0.0476296
0.0477885
0.0478966
0.047949
0.0479433
0.0478798
0.0477614
0.0475933
0.0473831
0.0471396
0.0468733
0.0465948
0.0463152
0.0460449
0.0457941
0.0319914
0.0317837
0.0316245
0.0315185
0.0314688
0.0314765
0.0315417
0.0316625
0.0318355
0.0320557
0.0323163
0.0326091
0.032924
0.0332498
0.033574
0.0338834
0.0341649
0.0344058
0.0345949
0.0347229
0.0347835
0.0347735
0.0346937
0.0345478
0.0343433
0.0340899
0.0337995
0.0334849
0.0331593
0.0328357
0.0325261
0.0322415
0.0122268
0.0120997
0.0120035
0.0119405
0.011912
0.0119185
0.0119601
0.0120358
0.012144
0.0122821
0.0124465
0.0126328
0.0128351
0.0130466
0.0132592
0.0134642
0.0136523
0.0138143
0.0139417
0.0140276
0.0140669
0.0140575
0.0139998
0.0138973
0.0137557
0.0135827
0.0133872
0.0131784
0.0129654
0.0127568
0.0125601
0.0123817
0.05279
0.0526828
0.0525971
0.052536
0.0525019
0.0524959
0.0525182
0.0525681
0.0526435
0.0527418
0.0528593
0.0529916
0.0531337
0.0532803
0.0534258
0.0535645
0.0536911
0.0538006
0.0538886
0.0539517
0.0539872
0.0539938
0.0539711
0.0539201
0.0538427
0.0537421
0.0536222
0.0534879
0.0533443
0.0531972
0.0530521
0.0529147
0.0457234
0.0455399
0.0453934
0.0452887
0.0452294
0.0452172
0.0452526
0.0453345
0.0454602
0.0456254
0.0458246
0.0460508
0.0462961
0.0465512
0.0468067
0.0470524
0.0472786
0.0474758
0.0476357
0.0477512
0.0478174
0.0478311
0.0477919
0.0477013
0.0475635
0.0473845
0.047172
0.046935
0.0466831
0.0464263
0.0461747
0.0459375
0.0321706
0.0319641
0.0318
0.0316833
0.0316172
0.0316038
0.0316433
0.0317347
0.0318753
0.0320609
0.032286
0.0325432
0.0328239
0.0331183
0.0334153
0.0337032
0.0339701
0.0342043
0.0343952
0.0345338
0.0346132
0.0346297
0.0345822
0.0344733
0.0343082
0.0340948
0.033843
0.0335641
0.03327
0.0329727
0.0326835
0.032413
0.0123459
0.0122181
0.0121172
0.0120459
0.0120058
0.0119978
0.0120221
0.0120781
0.0121647
0.0122795
0.0124198
0.0125817
0.0127601
0.0129492
0.0131421
0.0133311
0.0135081
0.0136648
0.0137934
0.0138871
0.0139409
0.0139516
0.0139187
0.013844
0.0137318
0.013588
0.01342
0.013236
0.0130441
0.0128524
0.012668
0.0124974
0.0528128
0.0527159
0.0526395
0.0525863
0.0525585
0.0525569
0.0525815
0.0526316
0.052705
0.0527992
0.0529107
0.0530352
0.0531681
0.0533044
0.0534389
0.0535662
0.0536816
0.0537804
0.0538587
0.0539135
0.0539426
0.0539446
0.0539196
0.0538685
0.0537933
0.0536971
0.0535836
0.0534573
0.0533233
0.0531867
0.0530527
0.0529265
0.0457702
0.0456031
0.0454706
0.0453772
0.0453261
0.0453189
0.0453557
0.0454354
0.0455553
0.0457113
0.0458981
0.046109
0.0463366
0.0465725
0.0468077
0.047033
0.0472394
0.0474185
0.0475625
0.0476652
0.0477223
0.0477309
0.0476909
0.0476038
0.0474736
0.0473058
0.0471076
0.0468873
0.0466538
0.0464164
0.0461843
0.0459663
0.0322325
0.0320432
0.0318932
0.0317872
0.0317283
0.0317183
0.0317573
0.0318441
0.0319763
0.0321497
0.0323589
0.0325973
0.0328566
0.0331276
0.0334003
0.0336639
0.0339075
0.0341206
0.0342935
0.0344182
0.0344887
0.0345016
0.034456
0.0343543
0.0342014
0.0340043
0.0337721
0.0335151
0.0332442
0.0329704
0.0327042
0.0324553
0.0123918
0.0122737
0.0121805
0.0121145
0.0120774
0.01207
0.0120926
0.0121445
0.0122245
0.0123305
0.0124598
0.0126085
0.0127721
0.0129451
0.0131213
0.0132936
0.0134546
0.013597
0.0137138
0.013799
0.013848
0.013858
0.0138287
0.0137614
0.0136599
0.0135296
0.0133769
0.0132091
0.0130336
0.0128579
0.0126885
0.0125314
0.052792
0.0527095
0.0526477
0.052609
0.0525948
0.0526056
0.052641
0.0526996
0.0527792
0.0528769
0.0529891
0.0531115
0.0532395
0.0533682
0.0534927
0.0536081
0.0537099
0.0537941
0.0538574
0.0538972
0.053912
0.0539012
0.0538651
0.0538052
0.0537239
0.0536243
0.0535105
0.053387
0.0532585
0.0531299
0.0530063
0.0528922
0.0457198
0.0455782
0.045472
0.0454048
0.0453788
0.0453948
0.0454523
0.0455492
0.0456824
0.0458473
0.046038
0.0462478
0.046469
0.0466934
0.0469123
0.047117
0.0472992
0.0474514
0.0475671
0.0476412
0.0476704
0.0476535
0.0475911
0.047486
0.0473427
0.0471673
0.0469672
0.0467505
0.0465261
0.0463025
0.0460885
0.0458919
0.0321707
0.0320108
0.031891
0.0318149
0.0317848
0.0318014
0.0318643
0.0319715
0.0321198
0.0323046
0.0325199
0.0327584
0.0330118
0.0332708
0.0335255
0.0337655
0.0339807
0.0341618
0.0343003
0.0343899
0.0344262
0.0344074
0.0343345
0.0342107
0.034042
0.0338361
0.0336022
0.0333503
0.0330907
0.0328338
0.0325892
0.0323656
0.0123499
0.0122509
0.0121769
0.0121298
0.0121109
0.0121206
0.0121586
0.0122239
0.012315
0.0124292
0.0125634
0.0127134
0.0128744
0.0130407
0.0132058
0.013363
0.0135053
0.0136261
0.0137192
0.01378
0.013805
0.0137929
0.0137444
0.0136621
0.0135501
0.0134142
0.013261
0.0130973
0.0129302
0.0127663
0.0126116
0.0124713
0.0527956
0.0527252
0.052675
0.0526469
0.0526419
0.0526602
0.0527012
0.0527632
0.052844
0.0529405
0.0530491
0.0531659
0.0532862
0.0534056
0.0535194
0.0536231
0.0537127
0.0537846
0.0538361
0.053865
0.0538702
0.0538515
0.0538096
0.0537462
0.0536638
0.0535657
0.0534556
0.0533381
0.0532176
0.0530987
0.0529859
0.0528836
0.0457044
0.0455845
0.0454996
0.0454526
0.0454451
0.0454772
0.0455479
0.0456548
0.0457941
0.0459612
0.04615
0.0463538
0.046565
0.0467755
0.0469771
0.0471619
0.0473222
0.0474513
0.0475437
0.0475953
0.0476039
0.0475692
0.0474926
0.0473773
0.0472285
0.0470522
0.0468559
0.0466475
0.0464353
0.0462273
0.0460316
0.0458551
0.0321387
0.0320043
0.0319098
0.031858
0.0318504
0.0318874
0.0319677
0.0320889
0.0322472
0.0324375
0.0326537
0.0328881
0.0331324
0.0333773
0.0336133
0.0338305
0.0340198
0.0341726
0.0342819
0.0343427
0.034352
0.0343093
0.0342166
0.0340784
0.0339009
0.0336922
0.0334613
0.033218
0.0329719
0.0327327
0.032509
0.0323088
0.0123202
0.0122378
0.0121805
0.0121498
0.0121463
0.0121702
0.0122208
0.0122969
0.0123964
0.0125165
0.0126536
0.0128032
0.0129604
0.0131191
0.0132731
0.0134159
0.0135408
0.013642
0.0137143
0.0137539
0.0137587
0.0137284
0.0136647
0.0135708
0.0134516
0.0133127
0.0131608
0.0130023
0.0128438
0.0126914
0.0125503
0.0124253
0.0528519
0.0527905
0.052747
0.0527231
0.0527197
0.0527368
0.0527739
0.0528295
0.0529016
0.0529874
0.0530838
0.0531871
0.0532933
0.0533985
0.0534985
0.0535895
0.0536679
0.0537306
0.0537751
0.0537997
0.0538033
0.0537859
0.0537481
0.0536914
0.053618
0.0535308
0.0534334
0.0533294
0.0532229
0.0531181
0.0530189
0.052929
0.0457941
0.0456888
0.0456147
0.0455743
0.0455691
0.0455991
0.0456634
0.0457597
0.0458847
0.046034
0.0462024
0.0463836
0.0465708
0.0467571
0.0469351
0.0470977
0.0472383
0.047351
0.0474311
0.047475
0.047481
0.0474487
0.0473795
0.0472763
0.0471436
0.046987
0.0468127
0.0466279
0.0464399
0.0462559
0.0460828
0.045927
0.0322307
0.0321126
0.0320303
0.0319863
0.0319821
0.0320177
0.032092
0.0322027
0.0323463
0.0325181
0.0327123
0.0329221
0.0331398
0.0333573
0.033566
0.0337572
0.0339229
0.0340557
0.0341497
0.0342005
0.0342058
0.0341651
0.0340805
0.0339559
0.0337968
0.0336103
0.0334045
0.0331879
0.0329691
0.0327566
0.0325582
0.0323809
0.0123716
0.0122992
0.0122495
0.0122239
0.0122229
0.0122467
0.0122945
0.0123652
0.0124567
0.0125663
0.0126907
0.0128258
0.0129668
0.0131084
0.0132449
0.0133706
0.0134797
0.0135671
0.0136285
0.0136607
0.013662
0.0136325
0.0135735
0.0134882
0.0133806
0.013256
0.0131201
0.0129785
0.0128371
0.0127013
0.0125757
0.0124647
0.0529181
0.0528658
0.0528289
0.0528087
0.052806
0.052821
0.052853
0.0529007
0.0529625
0.053036
0.0531184
0.0532066
0.0532973
0.053387
0.0534722
0.0535496
0.0536163
0.0536695
0.0537072
0.053728
0.0537309
0.0537158
0.0536834
0.0536349
0.0535722
0.0534977
0.0534144
0.0533256
0.0532347
0.0531452
0.0530605
0.0529838
0.0459185
0.0458274
0.0457625
0.0457261
0.0457194
0.0457427
0.045795
0.0458745
0.0459786
0.0461034
0.0462444
0.0463966
0.0465543
0.0467114
0.046862
0.0469999
0.0471198
0.0472165
0.0472861
0.0473256
0.0473333
0.0473088
0.0472532
0.0471688
0.0470591
0.0469287
0.046783
0.0466276
0.046469
0.046313
0.0461658
0.0460326
0.0323758
0.0322732
0.0322006
0.0321602
0.0321535
0.0321804
0.0322402
0.0323309
0.0324496
0.0325922
0.032754
0.0329291
0.0331113
0.0332936
0.033469
0.0336303
0.0337707
0.0338843
0.0339659
0.034012
0.0340203
0.0339904
0.0339237
0.0338232
0.0336934
0.0335398
0.033369
0.0331882
0.0330045
0.032825
0.0326565
0.032505
0.0124658
0.0124027
0.0123586
0.0123347
0.0123316
0.0123495
0.0123878
0.0124454
0.0125207
0.0126113
0.0127144
0.0128264
0.0129435
0.0130613
0.013175
0.01328
0.0133716
0.0134456
0.0134984
0.0135276
0.0135315
0.0135101
0.0134644
0.0133965
0.0133098
0.0132083
0.0130966
0.0129793
0.0128613
0.0127471
0.0126408
0.012546
0.0529319
0.0528906
0.052864
0.052853
0.0528579
0.0528787
0.0529144
0.0529638
0.053025
0.0530957
0.0531732
0.0532546
0.0533368
0.0534165
0.0534908
0.0535568
0.0536118
0.0536538
0.053681
0.0536925
0.0536876
0.0536667
0.0536305
0.0535804
0.0535185
0.0534471
0.053369
0.0532872
0.053205
0.0531254
0.0530516
0.0529862
0.0459521
0.0458785
0.0458292
0.0458059
0.0458096
0.0458398
0.0458957
0.0459751
0.0460753
0.0461926
0.0463227
0.046461
0.0466023
0.0467412
0.0468722
0.0469903
0.0470905
0.0471689
0.047222
0.0472477
0.0472447
0.0472132
0.0471545
0.047071
0.0469661
0.0468442
0.0467101
0.0465693
0.0464273
0.0462897
0.0461615
0.0460476
0.0324215
0.0323379
0.0322818
0.0322551
0.0322585
0.0322919
0.0323541
0.032443
0.0325558
0.0326884
0.0328364
0.0329944
0.0331567
0.0333171
0.0334692
0.033607
0.0337247
0.0338172
0.0338803
0.0339113
0.0339087
0.0338725
0.0338043
0.0337071
0.0335852
0.0334437
0.0332886
0.0331263
0.0329632
0.0328057
0.0326595
0.0325299
0.0124997
0.0124482
0.012414
0.012398
0.0124005
0.0124217
0.0124607
0.0125164
0.0125871
0.0126705
0.012764
0.0128643
0.0129678
0.0130706
0.0131686
0.0132576
0.0133338
0.0133937
0.0134345
0.0134542
0.0134517
0.0134272
0.0133819
0.0133178
0.013238
0.0131461
0.0130461
0.0129422
0.0128385
0.0127391
0.0126475
0.0125668
0.0528987
0.0528733
0.0528633
0.0528689
0.0528899
0.0529256
0.0529746
0.053035
0.0531046
0.0531807
0.0532604
0.0533407
0.0534185
0.0534908
0.0535548
0.053608
0.0536483
0.0536742
0.0536846
0.0536791
0.0536579
0.0536218
0.0535722
0.0535112
0.053441
0.0533645
0.0532844
0.0532041
0.0531264
0.0530545
0.052991
0.0529384
0.0458901
0.0458421
0.0458199
0.045824
0.0458542
0.0459095
0.0459879
0.0460865
0.0462017
0.0463294
0.0464649
0.0466032
0.046739
0.0468671
0.0469824
0.0470803
0.0471567
0.0472085
0.0472334
0.0472303
0.0471993
0.0471417
0.0470597
0.0469567
0.046837
0.0467054
0.0465672
0.0464279
0.0462928
0.0461671
0.0460555
0.0459621
0.0323496
0.0322939
0.0322673
0.0322704
0.032303
0.0323641
0.0324516
0.0325625
0.0326929
0.0328384
0.0329938
0.0331534
0.0333111
0.0334609
0.0335966
0.0337127
0.0338041
0.0338668
0.033898
0.0338962
0.0338614
0.0337951
0.0337
0.0335805
0.0334415
0.0332888
0.0331289
0.032968
0.0328124
0.0326679
0.0325397
0.0324324
0.0124519
0.0124173
0.0124008
0.0124029
0.0124235
0.0124619
0.0125169
0.0125869
0.0126695
0.0127622
0.0128617
0.0129645
0.0130667
0.0131642
0.0132531
0.0133293
0.0133894
0.0134306
0.013451
0.0134494
0.0134259
0.0133816
0.0133186
0.0132398
0.0131486
0.0130493
0.0129459
0.0128426
0.0127433
0.0126517
0.0125709
0.0125036
0.0528616
0.0528572
0.0528686
0.0528956
0.0529369
0.0529912
0.0530563
0.0531298
0.0532088
0.0532904
0.0533713
0.0534485
0.0535191
0.0535803
0.0536297
0.0536654
0.0536859
0.0536906
0.0536791
0.053652
0.0536102
0.0535554
0.0534899
0.053416
0.0533368
0.0532551
0.0531741
0.053097
0.0530267
0.052966
0.0529171
0.0528819
0.04582
0.0458084
0.0458237
0.0458653
0.0459316
0.0460202
0.0461278
0.0462506
0.0463839
0.046523
0.0466626
0.0467973
0.0469219
0.0470315
0.0471218
0.0471889
0.0472302
0.0472437
0.047229
0.0471864
0.0471178
0.0470259
0.0469144
0.0467878
0.0466512
0.0465101
0.04637
0.0462362
0.0461139
0.0460077
0.0459214
0.045858
0.0322649
0.0322502
0.0322661
0.0323118
0.0323858
0.0324856
0.0326076
0.0327476
0.0329007
0.0330613
0.0332235
0.033381
0.0335278
0.0336577
0.0337655
0.0338464
0.033897
0.0339149
0.0338993
0.0338507
0.0337711
0.033664
0.033534
0.0333864
0.0332274
0.0330635
0.0329011
0.0327464
0.0326053
0.0324827
0.032383
0.0323096
0.0123938
0.0123847
0.0123947
0.0124236
0.0124705
0.0125339
0.0126118
0.0127016
0.0128004
0.0129047
0.0130106
0.0131143
0.0132113
0.0132977
0.0133696
0.0134238
0.0134576
0.0134695
0.0134587
0.0134258
0.0133722
0.0133005
0.0132138
0.0131161
0.0130116
0.0129046
0.0127994
0.0126998
0.0126095
0.0125315
0.0124683
0.012422
0.0528335
0.0528478
0.0528784
0.0529241
0.0529832
0.0530534
0.0531321
0.0532163
0.0533027
0.053388
0.0534689
0.0535424
0.0536055
0.0536558
0.0536914
0.0537109
0.0537135
0.0536991
0.0536683
0.0536222
0.0535626
0.053492
0.0534129
0.0533286
0.0532423
0.0531571
0.0530764
0.0530033
0.0529405
0.0528906
0.0528553
0.052836
0.0457756
0.0457989
0.0458495
0.0459255
0.0460241
0.0461418
0.0462742
0.0464163
0.0465628
0.0467082
0.0468469
0.0469735
0.0470829
0.0471709
0.0472339
0.0472692
0.0472753
0.0472519
0.0472
0.0471217
0.0470199
0.046899
0.0467636
0.0466192
0.0464714
0.046326
0.0461886
0.0460644
0.045958
0.0458734
0.0458135
0.0457805
0.0322147
0.0322412
0.0322987
0.0323852
0.0324977
0.0326323
0.0327841
0.0329478
0.0331172
0.0332861
0.0334478
0.0335959
0.0337244
0.033828
0.0339022
0.0339438
0.0339509
0.0339232
0.0338618
0.0337693
0.0336496
0.0335077
0.0333495
0.0331815
0.0330103
0.0328426
0.0326848
0.0325427
0.0324214
0.0323252
0.0322574
0.0322201
0.0123617
0.0123793
0.0124165
0.0124721
0.0125445
0.0126312
0.0127294
0.0128357
0.0129463
0.0130571
0.0131638
0.0132618
0.0133472
0.0134159
0.013465
0.0134919
0.0134956
0.0134756
0.013433
0.0133697
0.0132887
0.0131935
0.0130883
0.0129775
0.0128657
0.0127571
0.0126559
0.0125655
0.012489
0.0124288
0.0123867
0.0123642
0.0527934
0.0528174
0.0528589
0.0529162
0.0529871
0.0530689
0.0531586
0.0532527
0.0533477
0.0534398
0.0535256
0.0536016
0.053665
0.0537133
0.0537447
0.0537578
0.0537522
0.0537281
0.0536864
0.0536287
0.0535573
0.0534749
0.0533848
0.0532904
0.0531955
0.0531035
0.0530181
0.0529424
0.0528794
0.0528316
0.0528006
0.0527877
0.0457187
0.0457598
0.0458297
0.0459259
0.0460448
0.046182
0.0463325
0.0464906
0.0466504
0.0468056
0.0469504
0.0470791
0.0471865
0.0472683
0.0473211
0.0473429
0.0473325
0.0472905
0.0472183
0.0471191
0.0469967
0.046856
0.0467027
0.0465429
0.0463826
0.0462282
0.0460856
0.04596
0.0458562
0.0457778
0.0457278
0.0457078
0.0321574
0.032206
0.032287
0.0323976
0.0325341
0.0326916
0.0328645
0.0330464
0.0332306
0.0334099
0.0335774
0.0337262
0.0338502
0.0339442
0.034004
0.0340271
0.0340124
0.0339604
0.0338734
0.033755
0.0336103
0.0334453
0.0332668
0.033082
0.032898
0.032722
0.0325606
0.0324195
0.0323037
0.0322173
0.0321631
0.0321429
0.0123302
0.0123629
0.0124159
0.0124876
0.0125759
0.0126779
0.0127901
0.0129084
0.0130287
0.0131461
0.013256
0.0133536
0.0134347
0.0134955
0.0135331
0.0135458
0.0135328
0.0134949
0.0134337
0.0133522
0.0132541
0.0131437
0.0130258
0.0129051
0.0127864
0.0126742
0.0125724
0.0124845
0.0124133
0.0123611
0.0123293
0.0123189
0.052719
0.0527475
0.0527959
0.0528624
0.0529445
0.0530389
0.0531421
0.0532503
0.0533594
0.0534652
0.0535635
0.0536507
0.0537232
0.0537784
0.053814
0.0538287
0.0538217
0.0537934
0.0537448
0.0536778
0.053595
0.0534996
0.0533953
0.0532864
0.0531769
0.053071
0.0529729
0.0528863
0.0528145
0.0527601
0.0527254
0.0527115
0.0456008
0.0456466
0.0457253
0.045834
0.0459686
0.0461244
0.0462956
0.0464759
0.0466585
0.0468365
0.0470032
0.0471519
0.0472767
0.0473725
0.0474354
0.0474625
0.0474526
0.0474061
0.0473246
0.0472116
0.0470717
0.0469104
0.0467345
0.0465508
0.0463667
0.0461892
0.0460252
0.0458809
0.0457614
0.0456711
0.0456131
0.0455894
0.0320334
0.032087
0.0321773
0.0323011
0.0324542
0.0326315
0.0328265
0.0330324
0.0332416
0.0334461
0.0336379
0.0338094
0.0339533
0.0340634
0.0341348
0.0341642
0.0341502
0.0340931
0.0339954
0.0338613
0.0336965
0.0335081
0.0333041
0.0330927
0.0328825
0.0326814
0.0324969
0.0323358
0.0322036
0.0321047
0.0320422
0.0320183
0.0122585
0.0122942
0.0123527
0.0124322
0.0125304
0.0126442
0.0127698
0.0129029
0.0130386
0.0131717
0.0132969
0.0134088
0.0135024
0.0135733
0.0136181
0.0136344
0.0136213
0.0135795
0.0135109
0.0134188
0.0133076
0.0131823
0.0130484
0.0129114
0.0127768
0.0126497
0.0125345
0.0124351
0.0123545
0.0122953
0.012259
0.0122466
0.0526227
0.0526622
0.0527246
0.0528074
0.0529075
0.0530212
0.0531441
0.0532718
0.0533994
0.0535219
0.0536347
0.0537334
0.0538142
0.0538739
0.0539101
0.0539214
0.0539071
0.0538678
0.053805
0.0537212
0.0536195
0.053504
0.0533794
0.0532505
0.0531222
0.0529996
0.0528872
0.0527895
0.0527101
0.052652
0.0526174
0.0526075
0.045439
0.045498
0.045595
0.0457264
0.0458876
0.0460729
0.0462757
0.0464885
0.0467037
0.046913
0.0471084
0.0472822
0.0474272
0.0475373
0.0476077
0.0476353
0.0476185
0.0475579
0.0474559
0.0473168
0.0471464
0.0469519
0.0467411
0.0465226
0.0463052
0.0460974
0.045907
0.0457409
0.0456052
0.0455044
0.0454421
0.0454201
0.0318587
0.0319244
0.0320322
0.0321787
0.032359
0.0325672
0.0327962
0.033038
0.033284
0.0335248
0.0337511
0.0339535
0.0341234
0.0342532
0.0343366
0.0343695
0.0343501
0.034279
0.0341592
0.0339962
0.0337972
0.0335711
0.0333276
0.0330769
0.0328291
0.0325936
0.0323792
0.0321933
0.032042
0.0319303
0.0318615
0.0318374
0.0121542
0.0121959
0.0122637
0.0123557
0.0124693
0.0126012
0.0127471
0.0129024
0.0130613
0.0132181
0.0133663
0.0134995
0.0136115
0.0136968
0.0137509
0.0137709
0.0137555
0.0137054
0.013623
0.0135126
0.0133796
0.0132302
0.0130713
0.0129095
0.0127515
0.0126031
0.0124693
0.0123545
0.012262
0.0121944
0.0121533
0.0121399
0.0525318
0.052598
0.0526889
0.0528011
0.0529305
0.0530722
0.053221
0.0533712
0.0535171
0.0536531
0.053774
0.0538751
0.0539523
0.0540026
0.0540238
0.0540151
0.0539767
0.05391
0.0538176
0.0537033
0.0535715
0.0534274
0.0532768
0.0531255
0.0529792
0.0528437
0.0527241
0.052625
0.0525501
0.0525021
0.0524829
0.0524929
0.0452843
0.0453839
0.0455254
0.0457038
0.0459129
0.0461455
0.0463933
0.0466473
0.0468981
0.047136
0.0473515
0.0475358
0.047681
0.0477806
0.0478302
0.0478271
0.0477714
0.0476652
0.0475131
0.0473215
0.0470987
0.046854
0.0465974
0.0463394
0.04609
0.0458586
0.0456538
0.0454828
0.0453514
0.0452639
0.0452231
0.04523
0.0316916
0.0317991
0.0319534
0.0321496
0.0323816
0.0326418
0.0329215
0.0332109
0.0334995
0.0337759
0.0340289
0.0342476
0.0344218
0.0345433
0.0346058
0.0346059
0.0345433
0.0344207
0.0342439
0.034021
0.0337624
0.0334796
0.0331848
0.0328899
0.0326065
0.032345
0.0321145
0.0319226
0.031775
0.0316763
0.031629
0.0316342
0.0120553
0.0121207
0.0122153
0.0123364
0.0124808
0.0126444
0.012822
0.0130079
0.0131952
0.0133765
0.0135442
0.0136903
0.0138075
0.0138895
0.0139317
0.0139314
0.0138886
0.0138053
0.0136862
0.0135373
0.0133663
0.0131812
0.0129904
0.0128018
0.0126225
0.0124587
0.0123156
0.0121973
0.0121069
0.0120465
0.0120176
0.0120206
0.0524777
0.0525836
0.0527142
0.0528646
0.0530294
0.0532023
0.0533767
0.0535461
0.0537038
0.0538438
0.0539606
0.0540496
0.0541071
0.0541307
0.0541195
0.0540737
0.0539952
0.0538871
0.0537536
0.0536001
0.0534328
0.053258
0.0530826
0.0529134
0.0527567
0.0526188
0.0525046
0.0524185
0.0523638
0.0523423
0.0523546
0.0524004
0.0451921
0.0453588
0.0455686
0.0458143
0.0460873
0.0463781
0.0466761
0.0469702
0.0472488
0.0475007
0.0477153
0.0478832
0.047997
0.0480512
0.0480434
0.0479734
0.0478445
0.0476622
0.0474345
0.0471712
0.0468834
0.046583
0.046282
0.0459923
0.0457244
0.0454882
0.0452917
0.0451415
0.0450425
0.0449977
0.0450084
0.0450739
0.0315934
0.0317736
0.0320027
0.0322739
0.0325784
0.0329064
0.0332463
0.0335856
0.0339109
0.0342086
0.0344653
0.034669
0.0348096
0.0348798
0.0348757
0.0347973
0.0346484
0.0344361
0.0341708
0.0338649
0.0335322
0.0331869
0.0328433
0.0325143
0.032212
0.0319464
0.0317259
0.0315572
0.0314449
0.031392
0.0313997
0.0314675
0.0119991
0.0121078
0.0122474
0.0124145
0.0126043
0.0128114
0.0130291
0.0132493
0.0134633
0.0136617
0.0138349
0.0139737
0.0140706
0.0141197
0.0141179
0.0140653
0.0139648
0.0138221
0.0136449
0.0134426
0.0132248
0.0130015
0.012782
0.0125743
0.0123854
0.012221
0.0120856
0.0119823
0.0119135
0.0118807
0.0118842
0.011924
0.0524832
0.0526294
0.0527981
0.052983
0.0531771
0.0533731
0.0535635
0.0537409
0.0538984
0.0540297
0.0541294
0.0541937
0.0542197
0.0542065
0.0541544
0.0540656
0.0539436
0.0537933
0.0536209
0.0534331
0.0532373
0.053041
0.0528518
0.0526768
0.0525227
0.0523952
0.0522991
0.0522378
0.0522136
0.0522273
0.0522783
0.0523647
0.045201
0.0454418
0.0457234
0.0460361
0.046369
0.0467101
0.0470462
0.0473641
0.0476507
0.0478936
0.048082
0.0482073
0.0482637
0.0482484
0.0481619
0.0480083
0.0477945
0.04753
0.0472265
0.0468967
0.0465544
0.046213
0.0458857
0.0455845
0.0453199
0.0451009
0.0449346
0.0448263
0.0447792
0.0447947
0.0448722
0.0450091
0.0316026
0.0318662
0.032178
0.0325283
0.0329058
0.0332972
0.0336878
0.034062
0.0344034
0.0346964
0.0349267
0.0350826
0.0351558
0.0351424
0.0350428
0.0348623
0.0346102
0.0342989
0.0339434
0.0335599
0.0331647
0.0327737
0.0324018
0.0320617
0.0317645
0.0315193
0.031333
0.0312106
0.0311551
0.0311679
0.0312486
0.0313948
0.0120062
0.0121662
0.0123577
0.0125757
0.0128142
0.0130652
0.0133197
0.0135672
0.0137965
0.0139959
0.0141546
0.0142633
0.0143154
0.0143075
0.0142402
0.0141174
0.0139466
0.0137376
0.0135013
0.0132494
0.0129934
0.0127436
0.0125091
0.0122972
0.0121139
0.0119639
0.0118504
0.0117758
0.0117414
0.0117478
0.0117949
0.0118816
0.0525777
0.0527469
0.0529341
0.0531321
0.0533334
0.0535304
0.0537153
0.0538808
0.0540205
0.0541285
0.0542005
0.0542335
0.0542262
0.0541787
0.0540931
0.0539729
0.0538229
0.0536492
0.0534589
0.0532592
0.053058
0.0528628
0.0526812
0.0525199
0.052385
0.0522813
0.0522126
0.0521814
0.0521888
0.0522345
0.0523167
0.0524325
0.045356
0.0456461
0.0459703
0.0463174
0.0466747
0.0470288
0.0473654
0.0476707
0.0479313
0.0481357
0.0482744
0.048341
0.0483321
0.0482482
0.0480932
0.0478743
0.0476013
0.0472865
0.0469432
0.0465857
0.0462282
0.0458845
0.0455669
0.0452866
0.045053
0.0448735
0.0447539
0.0446977
0.0447065
0.04478
0.0449159
0.04511
0.0317646
0.0320884
0.0324545
0.0328511
0.0332646
0.0336794
0.0340787
0.0344452
0.0347619
0.0350132
0.0351862
0.0352717
0.035265
0.0351664
0.0349811
0.0347189
0.0343932
0.0340198
0.0336159
0.0331989
0.0327858
0.0323918
0.0320308
0.0317143
0.0314516
0.0312502
0.0311153
0.0310502
0.0310566
0.0311341
0.0312808
0.0314929
0.0121003
0.0122997
0.0125283
0.0127797
0.0130459
0.0133174
0.013583
0.0138305
0.0140475
0.0142219
0.0143435
0.0144047
0.0144015
0.0143342
0.0142071
0.0140278
0.0138068
0.0135563
0.0132889
0.0130167
0.0127508
0.0125009
0.0122748
0.0120787
0.0119175
0.0117946
0.0117123
0.0116722
0.0116749
0.0117202
0.0118075
0.011935
0.0527516
0.0529135
0.0530873
0.0532667
0.0534446
0.0536142
0.0537688
0.0539023
0.0540093
0.0540854
0.0541274
0.0541337
0.054104
0.0540395
0.0539429
0.0538181
0.0536703
0.0535052
0.0533295
0.0531499
0.0529733
0.0528065
0.0526557
0.0525265
0.0524236
0.0523509
0.0523108
0.0523048
0.0523331
0.0523947
0.0524874
0.0526078
0.0456474
0.0459338
0.0462441
0.046567
0.0468904
0.0472016
0.0474878
0.0477369
0.0479379
0.0480818
0.0481619
0.0481744
0.0481187
0.0479972
0.0478157
0.0475823
0.0473072
0.0470025
0.0466809
0.0463552
0.0460381
0.0457413
0.0454754
0.0452494
0.0450707
0.044945
0.0448762
0.0448665
0.0449159
0.0450229
0.0451842
0.0453947
0.0320784
0.0324048
0.032762
0.0331376
0.033518
0.0338881
0.0342322
0.0345348
0.0347815
0.0349599
0.0350609
0.0350789
0.035013
0.0348665
0.0346471
0.0343657
0.0340359
0.0336733
0.0332936
0.0329125
0.0325447
0.0322033
0.0318995
0.0316429
0.0314408
0.0312987
0.0312204
0.0312077
0.0312609
0.0313786
0.0315577
0.0317931
0.0122874
0.0124922
0.0127192
0.0129614
0.0132101
0.0134557
0.0136873
0.0138937
0.014064
0.0141886
0.01426
0.0142739
0.0142291
0.0141285
0.0139779
0.0137862
0.0135637
0.0133219
0.0130719
0.0128243
0.0125885
0.0123723
0.0121821
0.0120228
0.0118983
0.0118111
0.0117629
0.0117546
0.0117863
0.0118572
0.0119661
0.0121106
0.0529315
0.0530579
0.0531918
0.053328
0.0534613
0.0535866
0.0536988
0.0537935
0.0538668
0.0539159
0.0539386
0.0539341
0.0539025
0.0538452
0.0537645
0.0536637
0.0535468
0.0534184
0.0532837
0.0531478
0.0530159
0.052893
0.0527837
0.052692
0.0526214
0.0525742
0.0525524
0.0525566
0.0525867
0.0526416
0.0527194
0.0528172
0.0459557
0.0461837
0.0464257
0.046673
0.0469159
0.047145
0.0473506
0.0475243
0.0476583
0.0477467
0.0477855
0.0477729
0.0477093
0.0475977
0.0474429
0.0472517
0.0470325
0.0467943
0.046547
0.0463002
0.0460634
0.0458453
0.0456535
0.0454948
0.0453744
0.0452962
0.0452626
0.0452748
0.0453322
0.045433
0.0455738
0.04575
0.0324217
0.0326851
0.0329668
0.0332568
0.0335441
0.0338171
0.0340641
0.034274
0.0344371
0.0345454
0.0345934
0.0345785
0.0345015
0.034366
0.0341787
0.0339484
0.0336858
0.0334025
0.0331106
0.0328215
0.0325463
0.0322947
0.032075
0.0318942
0.0317576
0.0316693
0.0316316
0.0316455
0.0317104
0.0318246
0.0319846
0.0321857
0.0124994
0.0126665
0.0128471
0.0130349
0.0132229
0.0134035
0.0135685
0.0137102
0.0138211
0.0138954
0.0139287
0.0139191
0.013867
0.0137751
0.0136485
0.0134939
0.0133191
0.0131323
0.0129418
0.0127551
0.0125791
0.0124198
0.0122819
0.0121693
0.0120848
0.0120303
0.0120072
0.0120157
0.0120557
0.0121262
0.0122255
0.012351
0.0530283
0.0531108
0.0531995
0.0532909
0.0533816
0.053468
0.0535467
0.0536146
0.053669
0.0537077
0.0537292
0.0537326
0.0537178
0.0536855
0.053637
0.0535744
0.0535
0.0534168
0.0533279
0.053237
0.0531473
0.0530623
0.0529852
0.0529189
0.0528658
0.0528279
0.0528066
0.0528027
0.0528163
0.0528471
0.0528939
0.0529551
0.0461262
0.0462743
0.0464326
0.0465953
0.0467561
0.0469088
0.0470471
0.0471653
0.0472585
0.0473225
0.0473547
0.0473535
0.0473191
0.0472528
0.0471576
0.0470376
0.0468978
0.0467442
0.0465827
0.0464199
0.046262
0.0461148
0.0459837
0.0458733
0.0457874
0.045729
0.0457
0.0457013
0.0457329
0.0457937
0.0458817
0.0459938
0.0326209
0.0327919
0.0329753
0.0331644
0.033352
0.0335307
0.0336931
0.0338321
0.0339415
0.0340163
0.0340529
0.0340496
0.0340065
0.0339255
0.0338104
0.0336665
0.0335003
0.0333189
0.0331298
0.0329407
0.0327586
0.0325902
0.0324414
0.032317
0.0322212
0.0321569
0.032126
0.0321294
0.0321671
0.0322377
0.0323392
0.0324683
0.0126279
0.0127352
0.012851
0.0129711
0.0130911
0.0132061
0.0133112
0.0134017
0.0134733
0.0135223
0.0135463
0.013544
0.0135154
0.0134619
0.0133863
0.0132923
0.0131842
0.0130671
0.0129459
0.0128256
0.0127106
0.0126051
0.0125125
0.0124357
0.0123769
0.0123377
0.0123191
0.0123217
0.0123452
0.0123892
0.0124522
0.0125326
0.0530151
0.053062
0.0531171
0.0531784
0.0532436
0.0533101
0.0533753
0.0534367
0.053492
0.0535388
0.0535755
0.0536005
0.053613
0.0536126
0.0535991
0.0535732
0.0535359
0.0534887
0.0534333
0.0533719
0.053307
0.053241
0.0531763
0.0531156
0.0530609
0.0530145
0.052978
0.0529529
0.0529401
0.0529401
0.0529531
0.0529784
0.0461019
0.0461854
0.0462823
0.0463889
0.0465012
0.046615
0.0467258
0.0468292
0.0469209
0.0469973
0.0470551
0.0470919
0.0471062
0.0470974
0.0470661
0.0470135
0.0469419
0.0468543
0.0467544
0.046646
0.0465336
0.0464213
0.0463135
0.046214
0.0461266
0.0460542
0.0459996
0.0459646
0.0459503
0.0459575
0.0459859
0.0460346
0.0326006
0.032696
0.0328063
0.0329277
0.0330555
0.033185
0.0333111
0.0334286
0.0335326
0.0336187
0.0336831
0.0337231
0.0337368
0.0337238
0.0336847
0.0336214
0.0335367
0.0334343
0.0333185
0.033194
0.0330659
0.0329391
0.0328181
0.0327075
0.032611
0.032532
0.032473
0.0324362
0.0324227
0.032433
0.0324669
0.0325234
0.0126183
0.0126762
0.0127436
0.0128181
0.012897
0.0129774
0.0130562
0.0131299
0.0131956
0.0132503
0.0132914
0.0133172
0.0133263
0.0133184
0.0132939
0.0132541
0.0132009
0.0131366
0.0130642
0.0129867
0.0129072
0.0128288
0.0127543
0.0126864
0.0126273
0.012579
0.0125429
0.0125202
0.0125117
0.0125176
0.0125377
0.0125716
0.052941
0.0529608
0.0529927
0.0530355
0.0530875
0.0531468
0.0532112
0.053278
0.0533449
0.0534091
0.0534682
0.0535199
0.0535623
0.0535937
0.0536129
0.053619
0.0536119
0.0535919
0.0535596
0.0535164
0.053464
0.0534045
0.05334
0.0532732
0.0532065
0.0531425
0.0530837
0.0530322
0.0529902
0.0529591
0.0529402
0.0529341
0.0459592
0.0459972
0.0460551
0.0461311
0.0462223
0.0463254
0.0464365
0.0465514
0.0466657
0.0467749
0.0468745
0.0469606
0.0470297
0.0470789
0.0471063
0.0471108
0.0470923
0.0470515
0.0469902
0.046911
0.0468171
0.0467122
0.0466005
0.0464863
0.0463739
0.0462677
0.0461714
0.0460886
0.0460222
0.0459747
0.0459479
0.0459426
0.0324372
0.032481
0.0325471
0.0326333
0.0327365
0.0328532
0.0329791
0.0331093
0.0332389
0.0333628
0.0334759
0.0335734
0.0336514
0.0337065
0.0337363
0.0337397
0.0337166
0.033668
0.033596
0.0335039
0.0333954
0.0332751
0.0331478
0.0330184
0.0328918
0.0327728
0.0326657
0.0325741
0.0325013
0.0324498
0.0324214
0.0324172
0.012514
0.0125399
0.0125796
0.012632
0.0126954
0.0127674
0.0128457
0.0129274
0.0130093
0.0130881
0.0131606
0.0132237
0.0132746
0.0133111
0.0133314
0.0133349
0.0133212
0.0132911
0.0132461
0.0131881
0.0131197
0.0130438
0.0129636
0.0128822
0.0128028
0.0127282
0.012661
0.0126036
0.0125577
0.012525
0.0125065
0.0125027
0.0528921
0.0528861
0.0528947
0.0529178
0.0529545
0.0530034
0.0530626
0.05313
0.0532029
0.0532785
0.053354
0.0534263
0.0534929
0.0535511
0.0535986
0.0536336
0.0536546
0.0536609
0.0536521
0.0536286
0.0535914
0.0535418
0.053482
0.0534141
0.0533409
0.0532651
0.0531897
0.0531175
0.0530514
0.0529938
0.052947
0.0529127
0.0458511
0.0458459
0.0458661
0.045911
0.045979
0.0460678
0.0461742
0.0462943
0.0464236
0.0465573
0.0466902
0.046817
0.0469328
0.0470327
0.0471128
0.0471698
0.0472014
0.0472061
0.047184
0.0471359
0.0470639
0.0469709
0.0468609
0.0467382
0.0466077
0.0464744
0.0463436
0.04622
0.0461083
0.0460125
0.0459359
0.0458815
0.0323019
0.0322979
0.0323224
0.0323749
0.0324535
0.0325557
0.032678
0.0328161
0.032965
0.0331192
0.0332727
0.0334194
0.0335535
0.0336692
0.0337618
0.0338272
0.0338625
0.0338663
0.0338384
0.03378
0.0336938
0.0335835
0.0334539
0.0333103
0.0331586
0.0330048
0.0328547
0.0327139
0.0325874
0.0324797
0.0323944
0.0323345
0.0124217
0.0124187
0.0124336
0.0124661
0.0125152
0.0125793
0.0126565
0.0127442
0.0128393
0.0129384
0.0130378
0.0131336
0.0132217
0.0132983
0.0133599
0.0134038
0.0134279
0.0134311
0.0134132
0.0133751
0.0133187
0.0132464
0.0131617
0.0130682
0.0129697
0.0128704
0.0127739
0.0126838
0.0126032
0.0125347
0.0124806
0.0124425
0.0529263
0.0528954
0.0528788
0.0528771
0.0528905
0.0529184
0.0529599
0.0530133
0.0530766
0.0531474
0.0532231
0.0533007
0.0533773
0.0534498
0.0535155
0.053572
0.0536169
0.0536484
0.0536654
0.0536671
0.0536534
0.053625
0.0535829
0.0535288
0.0534648
0.0533934
0.0533175
0.0532398
0.0531634
0.0530913
0.0530261
0.0529704
0.0458932
0.0458442
0.0458206
0.0458233
0.0458522
0.0459064
0.045984
0.0460821
0.0461974
0.0463255
0.0464617
0.0466008
0.0467373
0.046866
0.0469815
0.0470793
0.0471554
0.0472065
0.0472307
0.0472269
0.0471954
0.0471375
0.0470557
0.0469533
0.0468346
0.0467042
0.0465675
0.0464295
0.0462956
0.0461707
0.0460594
0.0459658
0.0323324
0.0322787
0.0322543
0.03226
0.0322959
0.0323607
0.0324523
0.0325677
0.0327029
0.0328531
0.0330129
0.0331763
0.0333368
0.0334881
0.033624
0.0337386
0.0338272
0.0338859
0.033912
0.0339046
0.0338639
0.0337919
0.0336917
0.0335677
0.0334252
0.03327
0.0331085
0.0329468
0.0327911
0.0326471
0.0325198
0.0324138
0.012431
0.0123971
0.0123819
0.012386
0.0124093
0.012451
0.01251
0.0125844
0.0126719
0.0127696
0.0128741
0.0129815
0.0130877
0.0131884
0.0132793
0.0133564
0.0134161
0.0134556
0.0134731
0.0134678
0.0134399
0.0133908
0.0133228
0.0132391
0.0131435
0.0130402
0.0129333
0.0128271
0.0127255
0.0126323
0.0125504
0.0124826
0.0530319
0.0529816
0.0529424
0.0529159
0.0529031
0.0529045
0.05292
0.0529489
0.0529904
0.0530426
0.0531038
0.0531715
0.0532432
0.053316
0.0533874
0.0534544
0.0535145
0.0535653
0.053605
0.0536319
0.053645
0.0536436
0.053628
0.0535987
0.0535569
0.0535041
0.0534425
0.0533744
0.0533025
0.0532295
0.0531583
0.0530916
0.0460819
0.0459974
0.0459328
0.0458905
0.045872
0.0458781
0.0459086
0.0459624
0.0460375
0.0461313
0.0462402
0.0463603
0.046487
0.0466155
0.0467407
0.0468577
0.0469619
0.0470492
0.0471159
0.0471594
0.047178
0.047171
0.0471386
0.0470823
0.0470043
0.0469078
0.0467966
0.0466753
0.0465484
0.0464209
0.0462977
0.0461833
0.0325383
0.032443
0.0323715
0.0323261
0.0323085
0.0323194
0.0323583
0.032424
0.0325143
0.0326262
0.0327555
0.0328977
0.0330475
0.0331991
0.0333467
0.0334843
0.0336063
0.0337077
0.033784
0.0338323
0.0338505
0.0338378
0.0337948
0.0337234
0.0336267
0.0335087
0.0333745
0.0332293
0.033079
0.0329293
0.0327858
0.0326539
0.0125535
0.0124932
0.0124485
0.0124209
0.0124112
0.0124198
0.0124465
0.0124905
0.0125503
0.0126243
0.0127098
0.012804
0.0129034
0.0130045
0.0131031
0.0131952
0.013277
0.0133447
0.0133954
0.0134268
0.0134373
0.0134265
0.0133951
0.0133444
0.0132769
0.0131957
0.0131041
0.0130062
0.0129058
0.0128069
0.012713
0.0126276
0.0531252
0.053063
0.0530092
0.0529657
0.0529341
0.0529157
0.0529112
0.0529206
0.0529436
0.0529793
0.0530264
0.053083
0.053147
0.053216
0.0532874
0.0533585
0.0534266
0.0534891
0.0535436
0.0535878
0.0536201
0.0536392
0.0536443
0.0536353
0.0536123
0.0535763
0.0535288
0.0534714
0.0534066
0.0533368
0.0532648
0.0531933
0.0462805
0.0461735
0.0460802
0.0460041
0.045948
0.0459139
0.045903
0.0459155
0.045951
0.0460081
0.0460848
0.0461782
0.0462848
0.0464006
0.0465215
0.0466428
0.0467598
0.0468681
0.0469635
0.0470421
0.0471009
0.0471374
0.04715
0.0471381
0.0471023
0.0470438
0.046965
0.046869
0.0467598
0.0466416
0.0465192
0.0463972
0.0327797
0.0326574
0.0325514
0.0324655
0.0324029
0.0323655
0.0323546
0.0323705
0.0324125
0.0324792
0.0325682
0.0326763
0.0327997
0.0329339
0.0330739
0.0332146
0.0333505
0.0334763
0.0335872
0.0336785
0.0337464
0.0337879
0.0338013
0.0337859
0.0337421
0.0336718
0.033578
0.0334644
0.0333358
0.0331975
0.033055
0.032914
0.0127131
0.0126349
0.0125678
0.0125139
0.012475
0.0124524
0.0124467
0.0124581
0.0124861
0.0125299
0.0125881
0.0126587
0.0127394
0.0128273
0.0129193
0.013012
0.0131017
0.0131849
0.013258
0.013318
0.0133621
0.0133883
0.0133955
0.0133831
0.0133519
0.0133031
0.0132389
0.0131622
0.0130762
0.0129847
0.0128913
0.0127996
0.0530889
0.053022
0.0529652
0.0529204
0.0528895
0.0528735
0.052873
0.052888
0.0529179
0.0529614
0.0530169
0.0530824
0.0531554
0.0532331
0.0533127
0.053391
0.0534652
0.0535323
0.0535897
0.0536353
0.0536672
0.0536842
0.0536855
0.053671
0.0536413
0.0535975
0.0535413
0.0534748
0.0534008
0.0533221
0.0532419
0.0531631
0.0462585
0.0461425
0.0460417
0.0459599
0.0458999
0.0458638
0.0458528
0.0458672
0.0459061
0.0459683
0.0460512
0.0461518
0.0462665
0.0463911
0.0465211
0.0466517
0.0467779
0.0468951
0.0469986
0.0470843
0.0471487
0.047189
0.0472035
0.0471914
0.0471529
0.0470897
0.0470041
0.0468996
0.0467805
0.0466516
0.0465181
0.0463853
0.032785
0.0326514
0.032535
0.0324397
0.0323689
0.0323249
0.0323089
0.0323213
0.0323614
0.0324278
0.032518
0.0326288
0.0327565
0.0328964
0.0330437
0.0331931
0.033339
0.0334759
0.0335983
0.0337013
0.0337804
0.0338321
0.0338538
0.0338444
0.0338041
0.0337344
0.0336383
0.0335197
0.0333838
0.0332362
0.0330832
0.0329307
0.0127341
0.0126484
0.0125737
0.0125124
0.0124665
0.0124372
0.0124255
0.0124315
0.012455
0.0124951
0.0125504
0.0126194
0.0126995
0.0127883
0.0128827
0.0129793
0.0130747
0.0131651
0.0132467
0.0133161
0.0133701
0.0134061
0.0134224
0.0134179
0.0133927
0.013348
0.0132858
0.0132088
0.0131206
0.0130249
0.012926
0.0128278
0.0528994
0.0528335
0.0527844
0.0527541
0.0527437
0.0527534
0.052783
0.0528312
0.0528961
0.0529753
0.0530658
0.0531642
0.0532668
0.0533696
0.0534686
0.0535602
0.0536407
0.0537071
0.0537568
0.0537878
0.0537989
0.0537896
0.0537603
0.053712
0.0536467
0.0535669
0.0534756
0.0533766
0.0532735
0.0531703
0.0530711
0.0529796
0.0459402
0.0458272
0.0457411
0.0456847
0.0456602
0.0456682
0.0457084
0.0457792
0.045878
0.0460012
0.0461442
0.0463016
0.0464677
0.0466364
0.0468011
0.0469557
0.0470942
0.0472109
0.0473012
0.0473615
0.0473891
0.0473827
0.0473427
0.0472705
0.0471689
0.047042
0.046895
0.0467336
0.0465643
0.0463939
0.0462289
0.0460757
0.0324428
0.0323133
0.0322133
0.032146
0.0321136
0.0321172
0.0321564
0.0322298
0.0323348
0.0324677
0.032624
0.0327979
0.0329834
0.0331735
0.0333613
0.0335394
0.0337009
0.033839
0.0339481
0.0340234
0.0340614
0.0340605
0.0340204
0.0339428
0.0338308
0.0336893
0.0335241
0.0333422
0.033151
0.0329581
0.0327712
0.0325973
0.0125287
0.0124462
0.0123819
0.0123378
0.0123151
0.0123144
0.0123356
0.0123781
0.0124404
0.0125206
0.0126162
0.0127239
0.0128402
0.0129609
0.0130817
0.0131978
0.0133044
0.0133971
0.0134717
0.0135247
0.0135534
0.0135564
0.0135334
0.0134854
0.0134147
0.0133243
0.0132185
0.0131018
0.0129794
0.0128563
0.0127373
0.0126268
0.0526714
0.0526074
0.052568
0.0525548
0.0525682
0.0526077
0.0526718
0.0527581
0.0528634
0.0529836
0.0531143
0.0532505
0.0533871
0.0535187
0.0536402
0.0537469
0.0538345
0.0538997
0.0539398
0.0539532
0.0539395
0.0538992
0.0538338
0.053746
0.0536392
0.0535177
0.0533861
0.0532497
0.0531136
0.052983
0.0528628
0.0527576
0.0455267
0.0454206
0.0453555
0.0453335
0.0453555
0.0454206
0.0455268
0.0456704
0.0458463
0.0460484
0.0462691
0.0465004
0.0467335
0.0469594
0.047169
0.0473539
0.0475064
0.0476201
0.0476902
0.0477136
0.0476893
0.0476185
0.0475042
0.0473513
0.0471663
0.0469569
0.0467313
0.0464986
0.0462676
0.0460473
0.0458456
0.04567
0.0319723
0.0318531
0.031779
0.0317526
0.0317745
0.0318442
0.0319596
0.0321171
0.0323117
0.0325371
0.0327854
0.0330478
0.0333145
0.033575
0.0338189
0.0340357
0.0342159
0.0343514
0.0344359
0.0344655
0.034439
0.0343576
0.0342252
0.034048
0.033834
0.0335926
0.033334
0.0330684
0.0328062
0.0325572
0.0323302
0.0321331
0.012232
0.0121577
0.0121112
0.0120938
0.0121058
0.0121471
0.0122166
0.0123125
0.0124322
0.0125722
0.0127282
0.0128948
0.0130661
0.0132355
0.0133959
0.0135401
0.0136614
0.0137536
0.0138122
0.013834
0.0138178
0.0137647
0.0136775
0.0135606
0.01342
0.0132623
0.0130943
0.0129233
0.0127558
0.0125981
0.0124554
0.0123321
0.0525609
0.0524926
0.0524525
0.0524422
0.0524621
0.0525115
0.0525885
0.0526904
0.0528133
0.0529526
0.0531031
0.0532592
0.0534148
0.0535641
0.053701
0.0538203
0.053917
0.0539874
0.0540285
0.0540389
0.054018
0.0539667
0.0538871
0.0537825
0.053657
0.0535156
0.0533638
0.0532075
0.0530528
0.0529056
0.0527713
0.052655
0.0453068
0.0451966
0.0451348
0.0451235
0.0451631
0.0452523
0.0453884
0.0455668
0.0457815
0.0460251
0.046289
0.0465632
0.0468374
0.0471007
0.0473424
0.0475526
0.047722
0.0478435
0.0479115
0.047923
0.0478777
0.0477776
0.0476272
0.0474332
0.047204
0.0469492
0.0466793
0.0464049
0.0461365
0.045884
0.0456564
0.0454619
0.0317058
0.0315848
0.0315179
0.031507
0.0315525
0.0316532
0.0318063
0.0320074
0.0322504
0.0325276
0.0328297
0.0331459
0.0334645
0.0337726
0.0340572
0.0343059
0.034507
0.034651
0.0347308
0.0347425
0.0346856
0.034563
0.034381
0.0341482
0.0338757
0.0335756
0.0332607
0.0329437
0.0326365
0.0323502
0.0320943
0.0318773
0.0120562
0.0119829
0.0119429
0.0119372
0.0119659
0.0120284
0.0121234
0.0122486
0.0124009
0.0125761
0.0127689
0.012973
0.0131807
0.0133839
0.0135735
0.0137407
0.0138768
0.0139747
0.0140288
0.014036
0.0139959
0.0139109
0.0137859
0.0136276
0.0134443
0.0132448
0.0130381
0.0128327
0.0126361
0.0124551
0.0122953
0.0121612
0.0526172
0.0525369
0.0524831
0.0524579
0.0524622
0.0524959
0.0525578
0.0526455
0.052756
0.0528851
0.053028
0.0531792
0.053333
0.0534835
0.0536249
0.0537516
0.0538586
0.0539415
0.053997
0.0540229
0.0540181
0.0539828
0.0539185
0.0538278
0.0537145
0.0535829
0.0534383
0.0532863
0.0531328
0.0529838
0.0528448
0.0527211
0.0453907
0.0452595
0.0451745
0.0451385
0.0451527
0.0452167
0.0453285
0.0454846
0.0456797
0.0459073
0.0461593
0.0464266
0.0466993
0.0469666
0.0472178
0.0474426
0.0476313
0.0477758
0.0478698
0.047909
0.0478918
0.0478189
0.0476937
0.0475219
0.047311
0.0470701
0.0468091
0.0465386
0.0462691
0.0460108
0.0457729
0.0455638
0.0317884
0.0316444
0.0315526
0.0315156
0.0315344
0.0316087
0.0317364
0.0319139
0.032136
0.0323959
0.0326851
0.0329936
0.0333102
0.0336225
0.0339177
0.0341829
0.0344062
0.034577
0.034687
0.0347308
0.0347062
0.0346145
0.0344605
0.0342518
0.0339982
0.0337115
0.0334042
0.033089
0.0327782
0.0324832
0.0322143
0.0319803
0.012104
0.0120169
0.0119622
0.0119412
0.0119542
0.0120011
0.0120809
0.0121917
0.0123309
0.0124948
0.0126787
0.0128768
0.0130821
0.0132868
0.0134821
0.0136592
0.0138091
0.0139242
0.013998
0.0140264
0.0140077
0.0139431
0.0138362
0.0136931
0.0135214
0.0133297
0.0131268
0.0129215
0.0127218
0.0125347
0.0123663
0.0122214
0.0527474
0.052656
0.052587
0.0525429
0.0525253
0.052535
0.0525714
0.0526335
0.0527188
0.0528243
0.052946
0.0530794
0.0532194
0.0533606
0.0534977
0.0536252
0.0537383
0.0538323
0.0539035
0.053949
0.0539671
0.0539568
0.0539188
0.0538545
0.0537666
0.0536586
0.0535348
0.0534
0.0532595
0.0531188
0.0529832
0.0528578
0.0456216
0.0454672
0.0453519
0.0452795
0.0452525
0.0452717
0.0453367
0.0454454
0.0455941
0.045778
0.0459906
0.0462245
0.046471
0.0467209
0.0469645
0.0471918
0.0473935
0.047561
0.0476872
0.0477665
0.0477954
0.0477728
0.0476996
0.0475792
0.047417
0.0472199
0.0469964
0.0467556
0.0465071
0.0462606
0.0460253
0.0458098
0.0320521
0.0318795
0.0317514
0.0316716
0.0316424
0.0316649
0.0317383
0.0318607
0.0320285
0.0322367
0.0324786
0.0327462
0.0330302
0.03332
0.0336042
0.0338712
0.0341094
0.034308
0.0344579
0.034552
0.0345856
0.0345571
0.0344681
0.0343229
0.0341287
0.0338945
0.0336308
0.033349
0.0330607
0.0327769
0.0325083
0.032264
0.0122757
0.012169
0.0120901
0.0120411
0.012023
0.0120364
0.0120809
0.0121556
0.0122587
0.0123876
0.0125386
0.0127073
0.0128883
0.013075
0.0132602
0.0134361
0.0135947
0.0137281
0.0138296
0.0138938
0.0139171
0.0138982
0.0138384
0.0137409
0.0136111
0.0134556
0.013282
0.0130982
0.0129121
0.0127308
0.0125607
0.0124075
0.0528708
0.0527788
0.0527047
0.0526515
0.052621
0.0526143
0.0526317
0.0526726
0.0527356
0.0528182
0.0529175
0.0530297
0.0531506
0.0532757
0.0534001
0.053519
0.0536278
0.0537222
0.0537984
0.0538534
0.0538848
0.0538916
0.0538733
0.0538308
0.0537658
0.0536809
0.0535795
0.0534656
0.0533437
0.0532185
0.0530949
0.0529775
0.0458304
0.0456713
0.0455441
0.0454531
0.0454015
0.045391
0.0454219
0.0454934
0.045603
0.045747
0.0459207
0.0461178
0.0463312
0.0465532
0.0467751
0.0469883
0.047184
0.0473543
0.0474918
0.0475908
0.0476469
0.0476577
0.0476227
0.0475435
0.0474237
0.0472685
0.0470845
0.0468793
0.0466613
0.0464392
0.0462213
0.0460159
0.0322872
0.0321062
0.0319619
0.0318588
0.0318001
0.0317875
0.0318216
0.0319012
0.0320241
0.0321866
0.0323836
0.0326088
0.0328543
0.0331114
0.0333704
0.0336209
0.0338527
0.0340556
0.0342205
0.0343399
0.0344081
0.0344218
0.0343805
0.0342862
0.0341435
0.0339591
0.0337414
0.0335
0.033245
0.0329868
0.0327351
0.0324992
0.0124255
0.0123112
0.0122202
0.0121549
0.012117
0.0121075
0.0121265
0.0121738
0.012248
0.0123474
0.0124693
0.01261
0.0127653
0.0129298
0.0130975
0.0132618
0.0134157
0.0135521
0.0136643
0.0137467
0.0137951
0.0138068
0.0137812
0.0137199
0.013626
0.0135046
0.0133615
0.0132037
0.013038
0.0128713
0.01271
0.0125598
0.052996
0.0529124
0.0528422
0.0527879
0.0527516
0.0527346
0.0527375
0.0527602
0.052802
0.0528612
0.0529358
0.0530229
0.0531193
0.0532213
0.053325
0.0534265
0.0535217
0.0536069
0.0536787
0.0537343
0.0537715
0.0537888
0.0537856
0.0537619
0.0537187
0.0536578
0.0535815
0.053493
0.0533957
0.0532935
0.0531902
0.0530897
0.0460251
0.0458813
0.0457617
0.0456706
0.0456112
0.0455853
0.0455941
0.0456372
0.0457132
0.0458195
0.0459526
0.0461077
0.0462792
0.046461
0.0466459
0.046827
0.046997
0.047149
0.0472766
0.0473744
0.0474383
0.0474657
0.0474552
0.0474076
0.0473247
0.0472103
0.0470693
0.0469074
0.0467313
0.046548
0.0463647
0.0461882
0.0324935
0.0323291
0.0321933
0.0320904
0.0320237
0.0319953
0.0320062
0.032056
0.0321432
0.0322653
0.0324183
0.0325973
0.032796
0.0330075
0.0332239
0.0334367
0.0336374
0.0338175
0.0339691
0.0340856
0.0341614
0.0341931
0.0341794
0.034121
0.0340206
0.0338828
0.033714
0.0335216
0.0333137
0.0330987
0.0328852
0.032681
0.0125455
0.0124411
0.0123552
0.0122903
0.0122481
0.0122298
0.0122358
0.0122662
0.01232
0.0123958
0.0124916
0.0126045
0.012731
0.0128667
0.0130069
0.0131461
0.0132787
0.0133987
0.0135007
0.0135798
0.0136319
0.0136544
0.0136462
0.0136077
0.013541
0.0134495
0.0133376
0.0132107
0.0130744
0.0129344
0.0127963
0.0126652
0.0531453
0.0530683
0.052999
0.0529399
0.0528934
0.0528612
0.0528446
0.052844
0.0528597
0.052891
0.0529367
0.0529952
0.0530642
0.0531413
0.0532234
0.0533073
0.0533898
0.0534677
0.053538
0.0535978
0.0536448
0.0536774
0.053694
0.0536942
0.0536779
0.0536458
0.0535991
0.0535397
0.05347
0.0533926
0.0533106
0.0532271
0.0462743
0.0461441
0.0460286
0.0459318
0.0458573
0.0458076
0.0457846
0.0457891
0.0458211
0.0458794
0.0459622
0.0460664
0.0461884
0.0463236
0.0464671
0.0466133
0.0467565
0.0468912
0.0470117
0.0471133
0.0471917
0.0472436
0.047267
0.0472609
0.0472257
0.0471629
0.0470752
0.0469662
0.0468404
0.0467029
0.046559
0.0464143
0.0327667
0.032619
0.0324891
0.0323815
0.0322998
0.0322466
0.0322239
0.0322324
0.032272
0.0323414
0.0324385
0.03256
0.0327017
0.0328587
0.0330253
0.0331951
0.0333615
0.0335178
0.0336574
0.0337744
0.0338638
0.0339216
0.0339453
0.033934
0.0338884
0.0338104
0.0337036
0.0335728
0.0334234
0.0332616
0.033094
0.0329269
0.0127085
0.0126156
0.0125347
0.0124682
0.0124183
0.0123865
0.0123737
0.0123804
0.0124064
0.012451
0.012513
0.0125904
0.0126808
0.0127813
0.0128883
0.0129977
0.0131054
0.0132069
0.0132978
0.013374
0.013432
0.0134691
0.0134833
0.0134742
0.0134422
0.013389
0.0133171
0.01323
0.0131315
0.0130258
0.0129174
0.0128103
0.0532769
0.0531977
0.0531214
0.0530508
0.0529887
0.0529374
0.0528989
0.0528745
0.0528652
0.0528714
0.0528928
0.0529287
0.0529776
0.0530379
0.0531071
0.0531826
0.0532616
0.053341
0.0534177
0.0534888
0.0535515
0.0536034
0.0536425
0.0536672
0.0536766
0.0536702
0.0536483
0.0536118
0.0535622
0.0535014
0.0534317
0.0533559
0.0465261
0.0463916
0.0462625
0.0461436
0.0460393
0.0459535
0.0458892
0.0458488
0.0458337
0.0458446
0.045881
0.0459416
0.0460244
0.0461262
0.0462435
0.0463718
0.0465062
0.0466418
0.0467731
0.046895
0.0470027
0.0470917
0.0471586
0.0472006
0.047216
0.0472042
0.0471656
0.0471019
0.0470157
0.0469106
0.0467907
0.0466608
0.033064
0.0329111
0.0327652
0.0326318
0.0325156
0.0324207
0.0323503
0.032307
0.0322921
0.0323063
0.032349
0.0324189
0.0325136
0.0326298
0.0327635
0.0329098
0.0330632
0.0332181
0.0333682
0.0335076
0.0336306
0.033732
0.0338077
0.0338544
0.03387
0.0338539
0.0338069
0.0337311
0.0336296
0.0335068
0.0333678
0.0332182
0.0129013
0.0128048
0.0127133
0.0126303
0.0125585
0.0125001
0.0124573
0.0124312
0.0124228
0.0124324
0.0124595
0.0125035
0.012563
0.0126361
0.0127203
0.0128127
0.0129101
0.0130086
0.0131046
0.013194
0.013273
0.0133381
0.0133865
0.0134159
0.013425
0.0134134
0.0133817
0.0133314
0.0132648
0.0131849
0.0130952
0.0129993
0.0533244
0.0532417
0.0531602
0.053083
0.053013
0.0529528
0.0529047
0.0528705
0.0528515
0.0528485
0.0528614
0.0528899
0.0529329
0.0529888
0.0530554
0.0531304
0.0532107
0.0532934
0.0533753
0.0534532
0.0535241
0.0535852
0.0536341
0.0536689
0.0536882
0.0536913
0.053678
0.0536488
0.053605
0.0535482
0.0534807
0.0534051
0.0466388
0.0464951
0.0463529
0.0462177
0.0460945
0.045988
0.0459018
0.0458392
0.0458023
0.0457923
0.0458097
0.0458538
0.0459231
0.0460151
0.0461265
0.0462533
0.0463907
0.0465337
0.0466768
0.0468145
0.0469413
0.0470521
0.0471426
0.0472088
0.0472481
0.0472588
0.0472405
0.0471938
0.0471209
0.0470246
0.0469089
0.0467786
0.0332098
0.0330451
0.0328827
0.0327287
0.0325887
0.0324678
0.03237
0.0322987
0.0322562
0.032244
0.0322625
0.0323109
0.0323877
0.0324904
0.0326155
0.0327585
0.0329145
0.0330777
0.0332419
0.0334008
0.0335479
0.0336774
0.0337836
0.0338619
0.0339091
0.0339228
0.0339025
0.0338492
0.0337651
0.033654
0.0335206
0.0333704
0.0130035
0.0128984
0.0127952
0.0126977
0.0126094
0.0125332
0.0124717
0.0124267
0.0123996
0.0123912
0.0124018
0.012431
0.0124779
0.0125412
0.0126189
0.0127085
0.0128068
0.0129105
0.0130155
0.013118
0.0132135
0.0132982
0.0133681
0.0134202
0.0134519
0.0134617
0.0134493
0.0134151
0.0133608
0.013289
0.0132029
0.0131064
0.0532777
0.0531963
0.0531177
0.0530449
0.0529808
0.0529278
0.0528878
0.0528623
0.0528523
0.0528582
0.0528797
0.052916
0.0529659
0.0530274
0.0530983
0.0531758
0.053257
0.0533388
0.053418
0.0534915
0.0535564
0.0536104
0.0536511
0.053677
0.053687
0.0536809
0.0536587
0.0536215
0.0535707
0.0535083
0.0534368
0.0533589
0.046565
0.0464209
0.0462814
0.0461515
0.0460361
0.0459395
0.045865
0.0458152
0.045792
0.045796
0.0458272
0.0458844
0.0459657
0.0460681
0.046188
0.046321
0.0464622
0.0466063
0.0467477
0.046881
0.0470008
0.0471022
0.0471811
0.0472341
0.0472592
0.0472551
0.047222
0.0471614
0.0470757
0.0469686
0.0468443
0.046708
0.0331317
0.0329663
0.0328063
0.0326576
0.0325254
0.0324144
0.0323284
0.0322703
0.0322418
0.032244
0.0322767
0.032339
0.0324286
0.0325427
0.0326773
0.0328278
0.0329888
0.0331543
0.0333179
0.0334732
0.0336139
0.033734
0.0338285
0.033893
0.0339249
0.0339226
0.0338863
0.0338175
0.0337193
0.0335961
0.033453
0.0332961
0.0129546
0.0128494
0.0127479
0.0126539
0.0125706
0.0125007
0.0124464
0.0124093
0.0123907
0.012391
0.0124102
0.0124477
0.0125025
0.0125728
0.0126564
0.0127507
0.0128523
0.0129576
0.0130626
0.013163
0.0132548
0.0133337
0.0133963
0.0134397
0.0134617
0.0134614
0.0134387
0.0133948
0.0133317
0.0132523
0.0131603
0.0130596
0.0531843
0.0531124
0.0530467
0.0529895
0.052943
0.0529091
0.0528889
0.0528833
0.0528923
0.0529158
0.0529528
0.053002
0.0530615
0.0531291
0.0532021
0.0532779
0.0533535
0.053426
0.0534925
0.0535505
0.0535977
0.0536322
0.0536526
0.0536583
0.0536488
0.0536247
0.0535869
0.053537
0.0534768
0.0534087
0.0533354
0.0532596
0.0463949
0.0462652
0.0461457
0.0460409
0.0459546
0.0458898
0.0458488
0.045833
0.0458431
0.0458786
0.0459382
0.0460199
0.0461208
0.0462372
0.0463649
0.0464991
0.0466347
0.0467666
0.0468894
0.0469984
0.047089
0.0471576
0.0472012
0.0472181
0.0472076
0.04717
0.047107
0.0470211
0.0469159
0.0467957
0.0466654
0.04653
0.0329367
0.0327869
0.0326489
0.0325277
0.0324274
0.0323515
0.0323024
0.0322819
0.0322906
0.0323281
0.0323933
0.0324839
0.032597
0.0327286
0.0328742
0.0330283
0.0331854
0.0333392
0.0334836
0.0336128
0.0337214
0.0338045
0.0338587
0.0338816
0.033872
0.0338305
0.0337589
0.0336603
0.033539
0.0334001
0.0332493
0.0330928
0.0128276
0.0127325
0.0126453
0.0125688
0.0125057
0.0124579
0.0124268
0.0124134
0.0124182
0.0124409
0.0124808
0.0125368
0.0126072
0.0126896
0.0127814
0.0128792
0.0129796
0.0130786
0.0131722
0.0132565
0.0133278
0.0133828
0.013419
0.0134347
0.0134291
0.0134025
0.0133562
0.0132923
0.0132137
0.0131241
0.0130272
0.0129271
0.0530843
0.0530329
0.0529907
0.0529593
0.0529398
0.052933
0.0529391
0.052958
0.0529888
0.0530305
0.0530815
0.0531397
0.0532032
0.0532693
0.0533357
0.0533997
0.0534589
0.0535109
0.0535536
0.0535856
0.0536054
0.0536122
0.053606
0.0535868
0.0535554
0.0535132
0.0534616
0.0534028
0.053339
0.0532727
0.0532065
0.0531429
0.0462119
0.0461162
0.0460362
0.0459747
0.0459339
0.0459153
0.0459195
0.0459463
0.0459947
0.0460632
0.0461491
0.0462494
0.0463604
0.046478
0.0465978
0.0467151
0.0468254
0.0469242
0.0470077
0.0470723
0.0471155
0.0471354
0.0471312
0.047103
0.0470521
0.0469805
0.0468911
0.0467876
0.0466742
0.0465553
0.0464356
0.0463197
0.0327307
0.032618
0.0325229
0.0324486
0.0323977
0.032372
0.0323721
0.0323982
0.0324493
0.0325238
0.032619
0.0327317
0.032858
0.0329932
0.0331322
0.0332698
0.0334006
0.0335192
0.0336208
0.0337011
0.0337566
0.0337849
0.0337849
0.0337564
0.0337008
0.0336204
0.0335187
0.0333999
0.033269
0.0331313
0.0329922
0.032857
0.0127002
0.0126278
0.0125666
0.0125185
0.012485
0.0124671
0.0124655
0.01248
0.0125104
0.0125557
0.0126144
0.0126847
0.0127642
0.0128501
0.0129392
0.0130282
0.0131136
0.0131918
0.0132595
0.0133137
0.0133519
0.0133725
0.0133743
0.0133574
0.0133225
0.0132713
0.0132061
0.0131298
0.0130456
0.0129571
0.0128678
0.0127811
0.0529996
0.052977
0.0529657
0.0529662
0.0529785
0.053002
0.053036
0.0530791
0.0531296
0.0531857
0.0532451
0.0533057
0.0533652
0.0534212
0.0534716
0.0535145
0.0535481
0.0535711
0.0535827
0.0535823
0.05357
0.0535463
0.0535121
0.0534687
0.0534177
0.0533613
0.0533014
0.0532406
0.0531811
0.0531253
0.0530752
0.0530328
0.0460458
0.0460026
0.0459791
0.0459763
0.045994
0.0460317
0.046088
0.0461607
0.0462473
0.0463445
0.0464488
0.0465562
0.0466626
0.046764
0.0468563
0.046936
0.0469998
0.0470452
0.0470702
0.0470739
0.047056
0.0470172
0.0469591
0.046884
0.046795
0.0466956
0.0465897
0.0464816
0.0463753
0.0462751
0.0461845
0.0461072
0.0325417
0.0324892
0.0324586
0.0324509
0.0324664
0.0325045
0.0325639
0.0326424
0.0327372
0.0328451
0.0329619
0.0330835
0.0332052
0.0333223
0.0334302
0.0335245
0.0336014
0.0336577
0.033691
0.0336999
0.0336839
0.0336437
0.033581
0.0334983
0.0333991
0.0332874
0.0331679
0.0330451
0.0329239
0.0328089
0.0327045
0.0326143
0.0125863
0.0125517
0.0125306
0.0125235
0.0125306
0.0125518
0.0125862
0.0126328
0.0126901
0.0127559
0.0128281
0.012904
0.0129808
0.0130554
0.013125
0.0131866
0.0132376
0.0132759
0.0132997
0.0133079
0.0133003
0.013277
0.0132391
0.0131883
0.0131268
0.0130572
0.0129824
0.0129054
0.0128292
0.0127567
0.0126905
0.012633
0.0529821
0.0529795
0.0529883
0.0530081
0.0530383
0.0530775
0.0531244
0.0531771
0.0532336
0.0532917
0.0533493
0.0534041
0.053454
0.0534972
0.0535319
0.0535568
0.053571
0.0535738
0.0535652
0.0535455
0.0535154
0.0534761
0.0534291
0.0533763
0.0533195
0.0532611
0.0532033
0.0531483
0.0530984
0.0530553
0.0530207
0.052996
0.0459731
0.045973
0.0459939
0.046035
0.0460948
0.0461709
0.0462605
0.0463602
0.0464663
0.0465747
0.0466812
0.0467818
0.0468726
0.0469501
0.0470112
0.0470534
0.0470752
0.0470756
0.0470547
0.0470132
0.0469527
0.0468756
0.0467849
0.0466843
0.0465775
0.0464688
0.0463623
0.0462621
0.0461721
0.0460956
0.0460356
0.0459942
0.0324429
0.0324461
0.0324728
0.0325221
0.0325921
0.0326804
0.0327837
0.032898
0.0330192
0.0331426
0.0332635
0.0333773
0.0334794
0.0335658
0.0336331
0.0336785
0.0337001
0.033697
0.0336695
0.0336185
0.0335462
0.0334554
0.0333498
0.0332336
0.0331114
0.0329878
0.0328677
0.0327557
0.0326558
0.0325719
0.032507
0.0324635
0.0125217
0.0125262
0.012545
0.0125775
0.0126224
0.0126783
0.0127432
0.0128147
0.0128902
0.0129669
0.0130417
0.0131118
0.0131743
0.0132266
0.0132666
0.0132926
0.0133034
0.0132986
0.0132784
0.0132435
0.0131956
0.0131366
0.013069
0.0129956
0.0129192
0.0128429
0.0127695
0.0127018
0.0126422
0.0125929
0.0125556
0.0125316
0.0531069
0.053095
0.0530906
0.0530939
0.0531047
0.0531227
0.0531471
0.053177
0.0532112
0.0532483
0.0532869
0.0533255
0.0533625
0.0533967
0.0534266
0.0534513
0.0534696
0.0534811
0.0534851
0.0534817
0.0534709
0.0534532
0.0534293
0.0533999
0.0533664
0.0533298
0.0532915
0.053253
0.0532158
0.0531814
0.053151
0.0531258
0.0461283
0.046116
0.0461198
0.0461395
0.0461745
0.0462233
0.046284
0.0463542
0.0464309
0.0465112
0.0465919
0.0466698
0.0467419
0.0468055
0.0468583
0.0468982
0.0469239
0.0469345
0.0469297
0.0469097
0.0468753
0.0468279
0.0467691
0.0467011
0.0466265
0.0465478
0.0464682
0.0463905
0.0463178
0.0462528
0.0461982
0.0461561
0.0325842
0.0325817
0.0325981
0.0326329
0.0326847
0.0327515
0.0328307
0.032919
0.0330129
0.0331087
0.0332025
0.0332908
0.03337
0.0334371
0.0334897
0.0335259
0.0335443
0.0335444
0.0335264
0.0334911
0.0334397
0.0333744
0.0332974
0.0332118
0.0331205
0.033027
0.0329348
0.0328471
0.0327675
0.0326989
0.0326441
0.0326053
0.0125955
0.0126036
0.0126234
0.0126541
0.0126946
0.0127433
0.0127983
0.0128575
0.0129185
0.0129788
0.0130363
0.0130885
0.0131335
0.0131694
0.013195
0.0132092
0.0132117
0.0132023
0.0131815
0.0131501
0.0131095
0.0130612
0.013007
0.0129489
0.0128891
0.0128299
0.0127734
0.0127219
0.0126771
0.0126408
0.0126145
0.0125992
0.0533945
0.0533566
0.0533167
0.0532766
0.0532378
0.053202
0.0531705
0.0531445
0.053125
0.0531125
0.0531074
0.0531096
0.053119
0.0531352
0.0531575
0.0531852
0.0532172
0.0532525
0.0532898
0.0533279
0.0533654
0.0534009
0.053433
0.0534606
0.0534825
0.0534978
0.0535055
0.0535054
0.0534973
0.0534813
0.0534582
0.0534289
0.0465939
0.0465196
0.0464462
0.046377
0.046315
0.0462629
0.0462227
0.0461957
0.0461823
0.0461827
0.0461963
0.046222
0.0462586
0.0463044
0.0463578
0.0464169
0.0464797
0.0465444
0.046609
0.0466714
0.0467297
0.0467817
0.0468256
0.0468594
0.0468814
0.0468905
0.0468856
0.0468666
0.0468337
0.046788
0.0467311
0.0466654
0.033088
0.0330105
0.0329356
0.032867
0.0328079
0.032761
0.0327279
0.0327095
0.0327057
0.0327158
0.0327387
0.0327728
0.0328164
0.0328676
0.0329245
0.0329854
0.0330485
0.033112
0.0331743
0.0332335
0.0332879
0.0333356
0.0333748
0.0334037
0.0334207
0.0334245
0.0334141
0.0333893
0.0333504
0.0332985
0.0332355
0.0331643
0.0128989
0.0128602
0.0128236
0.0127911
0.012764
0.0127436
0.0127303
0.0127245
0.0127256
0.0127334
0.012747
0.0127656
0.0127884
0.0128143
0.0128426
0.0128724
0.0129031
0.0129337
0.0129636
0.0129919
0.0130178
0.0130404
0.0130587
0.0130718
0.0130787
0.0130788
0.0130717
0.0130573
0.0130358
0.0130079
0.0129747
0.0129377
0.0537425
0.0537195
0.0536801
0.0536263
0.0535606
0.0534857
0.0534048
0.0533212
0.053238
0.0531581
0.0530845
0.0530195
0.0529655
0.052924
0.0528964
0.0528836
0.0528862
0.0529043
0.0529374
0.0529848
0.0530448
0.0531156
0.0531945
0.0532787
0.0533648
0.0534494
0.0535289
0.0536001
0.05366
0.0537059
0.0537356
0.053748
0.0472465
0.0471682
0.0470634
0.0469375
0.0467968
0.0466483
0.0464989
0.0463546
0.046221
0.0461024
0.0460022
0.0459228
0.0458657
0.0458319
0.0458219
0.0458359
0.0458734
0.0459337
0.0460155
0.0461168
0.0462349
0.0463664
0.0465072
0.0466522
0.0467961
0.0469328
0.0470562
0.0471604
0.0472399
0.0472904
0.047309
0.0472942
0.0338592
0.0337583
0.0336271
0.0334732
0.0333052
0.033132
0.0329621
0.0328028
0.0326598
0.0325372
0.0324375
0.0323623
0.0323121
0.0322869
0.0322867
0.0323111
0.0323597
0.0324317
0.0325258
0.0326402
0.0327723
0.0329188
0.0330753
0.0332365
0.0333963
0.033548
0.0336847
0.0337992
0.033885
0.0339367
0.0339503
0.0339243
0.0133997
0.0133352
0.0132515
0.0131538
0.0130479
0.0129396
0.0128345
0.0127368
0.0126499
0.0125761
0.0125164
0.0124715
0.0124413
0.012426
0.0124255
0.0124396
0.0124682
0.0125111
0.0125675
0.0126366
0.0127169
0.0128067
0.0129032
0.0130034
0.0131036
0.0131994
0.0132864
0.0133597
0.0134149
0.0134484
0.0134577
0.0134413
0.0539771
0.0540497
0.0540916
0.0541017
0.0540802
0.0540284
0.053949
0.0538455
0.0537222
0.053584
0.0534358
0.0532829
0.0531307
0.0529843
0.0528489
0.0527293
0.0526297
0.052554
0.0525051
0.0524855
0.0524966
0.0525385
0.0526101
0.0527093
0.0528321
0.0529741
0.0531293
0.0532914
0.0534537
0.0536096
0.0537525
0.0538767
0.0477635
0.0478479
0.0478759
0.0478472
0.0477644
0.0476329
0.0474604
0.0472556
0.0470282
0.0467876
0.0465427
0.0463017
0.046072
0.0458601
0.0456721
0.0455135
0.0453893
0.0453041
0.0452615
0.0452639
0.0453127
0.0454077
0.0455467
0.0457262
0.0459404
0.0461819
0.0464416
0.0467091
0.0469729
0.0472213
0.0474427
0.0476263
0.0345374
0.0346213
0.0346369
0.0345844
0.0344681
0.0342961
0.0340796
0.033831
0.033563
0.0332872
0.0330137
0.032751
0.0325061
0.0322848
0.0320925
0.0319339
0.0318136
0.0317356
0.0317031
0.0317186
0.0317832
0.0318966
0.032057
0.0322606
0.0325018
0.0327728
0.0330641
0.0333643
0.0336607
0.0339394
0.0341869
0.0343899
0.0138886
0.0139367
0.0139385
0.0138941
0.013807
0.0136836
0.0135325
0.0133634
0.0131853
0.0130065
0.0128334
0.0126711
0.0125235
0.0123933
0.0122831
0.0121949
0.0121308
0.0120926
0.0120818
0.0120994
0.0121459
0.0122211
0.012324
0.0124528
0.0126043
0.0127744
0.0129575
0.013147
0.0133348
0.0135121
0.0136695
0.0137976
0.0538661
0.0540957
0.054288
0.0544355
0.0545327
0.0545761
0.0545644
0.0544988
0.0543822
0.0542197
0.0540177
0.0537841
0.0535277
0.0532579
0.0529847
0.0527178
0.0524673
0.0522422
0.0520507
0.0519003
0.0517969
0.051745
0.0517472
0.0518041
0.0519138
0.0520725
0.0522741
0.0525109
0.0527734
0.0530513
0.0533334
0.0536086
0.0477435
0.0481371
0.0484626
0.0487053
0.0488544
0.0489039
0.0488531
0.0487062
0.0484717
0.0481614
0.0477897
0.0473723
0.0469258
0.0464669
0.0460119
0.0455765
0.0451753
0.0448218
0.0445278
0.0443034
0.0441564
0.0440922
0.0441139
0.0442218
0.0444135
0.0446837
0.0450241
0.0454237
0.0458685
0.0463421
0.0468259
0.0472999
0.0346062
0.0350819
0.0354778
0.0357725
0.0359505
0.0360035
0.0359313
0.0357409
0.0354458
0.0350632
0.0346127
0.0341149
0.03359
0.0330577
0.0325367
0.0320443
0.0315959
0.0312052
0.0308837
0.0306409
0.0304837
0.0304171
0.0304436
0.0305637
0.0307754
0.0310743
0.0314532
0.0319019
0.032407
0.0329517
0.0335156
0.0340756
0.0139793
0.0143228
0.0146169
0.0148433
0.0149869
0.0150383
0.0149955
0.0148635
0.0146529
0.0143786
0.0140572
0.0137057
0.0133402
0.0129757
0.0126253
0.0123002
0.0120093
0.01176
0.0115578
0.0114065
0.011309
0.0112669
0.0112811
0.0113518
0.0114782
0.011659
0.0118914
0.0121713
0.0124926
0.0128468
0.0132228
0.0136061
0.053856
0.0541531
0.0544164
0.0546351
0.0548008
0.0549072
0.0549504
0.0549293
0.0548456
0.0547029
0.0545076
0.0542673
0.0539916
0.0536908
0.0533759
0.0530585
0.0527499
0.0524615
0.0522037
0.0519859
0.0518167
0.0517027
0.051649
0.0516584
0.0517312
0.0518651
0.0520554
0.052295
0.0525745
0.0528829
0.053208
0.0535367
0.0475839
0.048068
0.0484936
0.048841
0.0490942
0.0492421
0.0492787
0.0492042
0.049024
0.0487486
0.0483919
0.0479705
0.0475024
0.0470063
0.0465005
0.0460029
0.0455303
0.0450982
0.0447207
0.0444104
0.0441774
0.0440298
0.0439733
0.0440108
0.0441424
0.0443654
0.0446737
0.0450582
0.0455064
0.0460027
0.0465285
0.0470631
0.0343843
0.0349112
0.0353679
0.0357305
0.0359797
0.0361034
0.036098
0.0359683
0.0357261
0.0353881
0.0349737
0.0345026
0.0339946
0.0334687
0.0329424
0.0324325
0.0319544
0.0315225
0.0311497
0.0308473
0.0306247
0.0304892
0.0304463
0.0304988
0.0306475
0.0308904
0.0312228
0.0316366
0.0321202
0.032658
0.0332306
0.0338148
0.0138058
0.0141344
0.0144149
0.0146282
0.0147599
0.0148029
0.0147581
0.0146357
0.0144493
0.0142147
0.0139468
0.0136581
0.0133584
0.0130562
0.0127595
0.0124758
0.0122125
0.0119771
0.0117758
0.0116141
0.0114967
0.0114276
0.0114096
0.0114447
0.011534
0.0116774
0.0118734
0.0121191
0.0124091
0.0127355
0.0130872
0.0134499
0.0530493
0.0536191
0.0541608
0.0546525
0.0550734
0.055405
0.0556321
0.055744
0.0557352
0.0556059
0.0553621
0.055015
0.0545805
0.0540777
0.053528
0.0529538
0.0523775
0.0518206
0.0513029
0.0508422
0.0504545
0.0501533
0.0499491
0.0498493
0.0498577
0.0499741
0.0501945
0.0505113
0.050913
0.0513855
0.0519119
0.0524732
0.0465709
0.0475517
0.0485061
0.049392
0.0501659
0.0507858
0.0512151
0.0514266
0.0514055
0.0511524
0.0506825
0.0500245
0.0492166
0.0483028
0.0473286
0.0463375
0.0453691
0.0444576
0.0436318
0.0429154
0.0423266
0.0418794
0.0415836
0.0414455
0.0414676
0.0416493
0.0419867
0.0424719
0.0430938
0.0438369
0.0446814
0.0456026
0.0334451
0.0345536
0.0356623
0.0367197
0.0376674
0.0384442
0.0389932
0.039269
0.0392463
0.0389246
0.0383282
0.037503
0.0365083
0.0354088
0.0342668
0.033137
0.0320639
0.031082
0.0302156
0.0294821
0.0288928
0.0284547
0.028172
0.0280463
0.0280778
0.0282655
0.0286068
0.0290977
0.0297319
0.0305
0.0313886
0.0323789
0.0133428
0.0140426
0.0147599
0.0154607
0.0161029
0.0166396
0.0170247
0.0172201
0.0172044
0.0169767
0.0165583
0.0159872
0.0153118
0.0145821
0.0138431
0.0131315
0.0124738
0.0118878
0.011384
0.0109682
0.0106419
0.0104045
0.0102546
0.0101907
0.0102117
0.0103167
0.0105056
0.0107785
0.0111353
0.0115748
0.0120943
0.0126873
0.0530075
0.053605
0.0541805
0.05471
0.05517
0.0555394
0.0558006
0.0559408
0.0559528
0.0558361
0.0555965
0.0552457
0.0548007
0.054282
0.0537128
0.0531172
0.0525191
0.0519411
0.0514039
0.0509258
0.0505223
0.050206
0.0499865
0.0498703
0.0498606
0.0499579
0.0501591
0.0504585
0.0508469
0.0513124
0.0518399
0.0524117
0.0463923
0.0474712
0.048536
0.0495388
0.0504293
0.0511586
0.0516837
0.051972
0.052005
0.0517807
0.0513138
0.0506339
0.0497818
0.0488051
0.0477538
0.0466764
0.0456174
0.0446153
0.043702
0.042903
0.0422379
0.0417214
0.0413638
0.0411715
0.041148
0.0412938
0.0416065
0.0420807
0.0427072
0.0434729
0.0443594
0.0453427
0.0330422
0.0342523
0.0354779
0.0366616
0.0377377
0.0386378
0.0392978
0.0396664
0.0397138
0.0394364
0.0388573
0.038023
0.0369944
0.0358394
0.0346244
0.0334089
0.0322422
0.0311631
0.0301997
0.029372
0.0286931
0.0281714
0.0278121
0.0276179
0.0275904
0.0277298
0.0280354
0.0285054
0.0291357
0.0299194
0.030845
0.0318945
0.0129228
0.0136453
0.0143986
0.0151471
0.0158463
0.0164454
0.0168947
0.0171513
0.01719
0.0170079
0.0166237
0.0160749
0.0154096
0.0146784
0.0139278
0.0131958
0.0125109
0.0118922
0.0113521
0.010897
0.0105294
0.0102499
0.0100581
0.00995313
0.00993464
0.0100027
0.0101578
0.010401
0.0107332
0.0111548
0.0116642
0.0122568
)
;

boundaryField
{
    inlet
    {
        type            calculated;
        value           nonuniform List<scalar> 
128
(
0.0533536
0.0533523
0.0533481
0.0533411
0.0533317
0.0533203
0.0533073
0.0532933
0.0532787
0.0532641
0.0532501
0.0532372
0.0532258
0.0532163
0.0532093
0.0532048
0.0532031
0.0532043
0.0532082
0.0532148
0.0532238
0.0532349
0.0532477
0.0532618
0.0532765
0.0532914
0.0533057
0.053319
0.0533306
0.0533403
0.0533475
0.053352
0.0465478
0.0465607
0.0465722
0.0465818
0.0465892
0.0465939
0.0465959
0.0465951
0.0465914
0.0465852
0.0465767
0.0465663
0.0465543
0.0465413
0.0465278
0.0465142
0.046501
0.0464887
0.0464778
0.0464687
0.0464615
0.0464567
0.0464544
0.0464547
0.0464576
0.0464631
0.046471
0.046481
0.0464928
0.0465059
0.0465198
0.0465339
0.0330857
0.0331014
0.0331158
0.0331284
0.0331386
0.0331461
0.0331505
0.0331518
0.0331498
0.0331449
0.0331371
0.0331268
0.0331145
0.0331006
0.0330858
0.0330704
0.0330551
0.0330403
0.0330267
0.0330146
0.0330045
0.0329968
0.0329918
0.0329897
0.0329907
0.0329947
0.0330018
0.0330115
0.0330237
0.0330378
0.0330532
0.0330694
0.0129187
0.0129274
0.0129353
0.0129421
0.0129476
0.0129514
0.0129534
0.0129534
0.0129515
0.012948
0.012943
0.0129367
0.0129293
0.0129214
0.012913
0.0129045
0.0128962
0.0128885
0.0128814
0.0128754
0.0128705
0.012867
0.0128649
0.0128642
0.0128652
0.0128677
0.0128718
0.0128773
0.0128842
0.012892
0.0129007
0.0129097
)
;
    }
    outlet
    {
        type            calculated;
        value           nonuniform List<scalar> 
128
(
0.0530055
0.0536032
0.0541789
0.0547085
0.0551687
0.0555383
0.0557996
0.0559398
0.0559518
0.055835
0.0555952
0.0552443
0.0547991
0.0542803
0.053711
0.0531153
0.0525171
0.0519391
0.0514019
0.0509238
0.0505204
0.0502042
0.0499847
0.0498684
0.0498587
0.0499559
0.050157
0.0504563
0.0508447
0.0513101
0.0518377
0.0524096
0.0463893
0.0474685
0.0485337
0.0495369
0.0504276
0.0511571
0.0516824
0.0519707
0.0520037
0.0517793
0.0513123
0.0506322
0.0497799
0.0488029
0.0477514
0.0466739
0.0456148
0.0446127
0.0436994
0.0429004
0.0422355
0.0417191
0.0413615
0.0411692
0.0411455
0.0412912
0.0416037
0.0420776
0.042704
0.0434695
0.044356
0.0453395
0.0330375
0.0342481
0.0354743
0.0366586
0.0377352
0.0386357
0.039296
0.0396646
0.0397119
0.0394344
0.0388551
0.0380204
0.0369915
0.0358361
0.0346208
0.0334049
0.0322381
0.031159
0.0301958
0.0293682
0.0286896
0.0281681
0.0278089
0.0276147
0.027587
0.027726
0.0280313
0.0285008
0.0291308
0.0299143
0.0308397
0.0318895
0.0129188
0.0136418
0.0143956
0.0151447
0.0158443
0.0164439
0.0168934
0.0171501
0.0171887
0.0170064
0.0166219
0.0160728
0.0154071
0.0146756
0.0139247
0.0131926
0.0125076
0.011889
0.0113492
0.0108943
0.0105271
0.0102479
0.0100562
0.0099513
0.00993267
0.0100004
0.0101551
0.0103978
0.0107295
0.0111507
0.0116599
0.0122526
)
;
    }
    axis
    {
        type            calculated;
        value           nonuniform List<scalar> 
5088
(
0.0533513
0.0533505
0.0533468
0.0533404
0.0533314
0.0533202
0.0533073
0.0532931
0.0532782
0.0532631
0.0532486
0.0532351
0.0532233
0.0532136
0.0532065
0.0532022
0.0532009
0.0532025
0.053207
0.0532141
0.0532235
0.0532348
0.0532477
0.0532616
0.053276
0.0532903
0.0533041
0.0533169
0.0533281
0.0533375
0.0533446
0.0533493
0.0534536
0.0534239
0.0533884
0.0533485
0.0533057
0.0532617
0.0532182
0.0531771
0.0531398
0.0531078
0.0530824
0.0530645
0.0530548
0.0530535
0.0530607
0.053076
0.0530989
0.0531286
0.0531637
0.053203
0.0532451
0.0532883
0.053331
0.0533717
0.0534088
0.0534409
0.0534667
0.0534853
0.0534958
0.0534978
0.0534913
0.0534763
0.0533493
0.0532921
0.053234
0.0531774
0.0531243
0.0530768
0.053037
0.0530062
0.0529856
0.0529761
0.0529779
0.0529909
0.0530146
0.053048
0.0530899
0.0531385
0.0531922
0.0532488
0.0533062
0.0533622
0.0534147
0.0534617
0.0535014
0.0535324
0.0535534
0.0535636
0.0535626
0.0535503
0.0535272
0.0534941
0.0534522
0.0534033
0.0532552
0.0531779
0.053104
0.0530363
0.0529776
0.05293
0.0528954
0.052875
0.0528696
0.0528793
0.0529038
0.0529421
0.0529927
0.0530537
0.0531229
0.0531975
0.0532748
0.0533517
0.0534254
0.053493
0.053552
0.0536
0.0536353
0.0536563
0.0536623
0.053653
0.0536287
0.0535904
0.0535394
0.0534779
0.0534082
0.053333
0.0532029
0.0531398
0.0530817
0.0530309
0.0529892
0.0529583
0.0529392
0.0529327
0.052939
0.0529578
0.0529884
0.0530297
0.0530801
0.0531377
0.0532003
0.0532656
0.053331
0.0533941
0.0534525
0.0535039
0.0535462
0.0535779
0.0535976
0.0536046
0.0535986
0.0535797
0.0535488
0.053507
0.0534559
0.0533976
0.0533344
0.0532686
0.0533458
0.0533266
0.0533056
0.0532835
0.0532613
0.0532399
0.05322
0.0532025
0.0531878
0.0531765
0.0531689
0.0531652
0.0531656
0.05317
0.0531783
0.0531903
0.0532053
0.0532231
0.0532429
0.0532641
0.053286
0.0533076
0.0533282
0.0533469
0.053363
0.0533757
0.0533845
0.0533889
0.0533887
0.0533841
0.0533751
0.0533622
0.0535123
0.0535396
0.0535565
0.0535625
0.0535573
0.0535412
0.0535149
0.0534793
0.0534357
0.0533857
0.0533312
0.0532741
0.0532168
0.0531612
0.0531097
0.0530641
0.0530262
0.0529976
0.0529794
0.0529724
0.0529769
0.0529929
0.0530197
0.0530563
0.0531011
0.0531524
0.0532081
0.053266
0.0533239
0.0533795
0.0534307
0.0534756
0.0535262
0.0535699
0.0536018
0.0536207
0.053626
0.0536174
0.0535952
0.0535604
0.0535142
0.0534585
0.0533954
0.0533275
0.0532572
0.0531873
0.0531206
0.0530595
0.0530063
0.0529632
0.0529316
0.0529129
0.0529077
0.0529161
0.052938
0.0529725
0.0530182
0.0530735
0.0531362
0.0532039
0.0532741
0.0533441
0.0534111
0.0534726
0.0533686
0.0533872
0.0534015
0.0534111
0.0534154
0.0534145
0.0534083
0.053397
0.0533811
0.053361
0.0533376
0.0533116
0.0532842
0.0532564
0.0532292
0.0532037
0.0531809
0.0531616
0.0531467
0.0531368
0.0531323
0.0531334
0.05314
0.0531519
0.0531685
0.0531892
0.053213
0.0532392
0.0532667
0.0532944
0.0533213
0.0533464
0.0531388
0.0531149
0.0530972
0.0530865
0.0530831
0.0530873
0.053099
0.0531175
0.0531421
0.0531718
0.0532052
0.0532411
0.053278
0.0533145
0.0533492
0.0533809
0.0534082
0.0534303
0.0534465
0.0534561
0.053459
0.053455
0.0534443
0.0534272
0.0534043
0.0533763
0.0533443
0.0533094
0.0532728
0.0532361
0.0532007
0.0531678
0.0530092
0.0529628
0.0529281
0.0529064
0.0528986
0.0529049
0.0529252
0.0529585
0.0530037
0.0530591
0.0531224
0.0531912
0.053263
0.053335
0.0534044
0.0534685
0.0535249
0.0535714
0.0536062
0.0536279
0.0536358
0.0536295
0.0536092
0.0535758
0.0535305
0.0534751
0.0534117
0.0533427
0.0532708
0.0531989
0.0531295
0.0530655
0.0531269
0.0530962
0.0530723
0.0530563
0.0530487
0.0530497
0.0530594
0.0530773
0.0531028
0.0531347
0.0531719
0.053213
0.0532564
0.0533004
0.0533433
0.0533836
0.0534196
0.0534501
0.0534738
0.0534899
0.0534977
0.053497
0.0534877
0.0534701
0.053445
0.0534133
0.0533761
0.0533349
0.0532914
0.0532471
0.0532039
0.0531633
0.0534099
0.0534199
0.0534245
0.0534236
0.0534173
0.053406
0.0533898
0.0533694
0.0533453
0.0533184
0.0532894
0.0532595
0.0532298
0.0532014
0.0531755
0.053153
0.0531351
0.0531225
0.0531159
0.0531158
0.053122
0.0531345
0.0531526
0.0531756
0.0532024
0.0532318
0.0532625
0.0532934
0.0533231
0.0533506
0.0533747
0.0533947
0.0536029
0.0536466
0.0536754
0.0536885
0.0536853
0.053666
0.0536313
0.0535825
0.0535214
0.0534503
0.053372
0.0532894
0.0532057
0.0531242
0.0530479
0.0529798
0.0529225
0.0528782
0.0528487
0.0528352
0.0528382
0.0528576
0.0528927
0.0529421
0.0530038
0.0530755
0.0531542
0.0532371
0.0533209
0.0534024
0.0534785
0.0535462
0.0535628
0.0536066
0.0536373
0.0536536
0.0536548
0.0536411
0.0536128
0.0535711
0.0535177
0.0534545
0.0533842
0.0533094
0.0532329
0.0531578
0.0530868
0.0530228
0.0529681
0.0529248
0.0528945
0.0528785
0.0528772
0.0528907
0.0529186
0.0529598
0.0530127
0.0530753
0.0531452
0.0532199
0.0532963
0.0533717
0.053443
0.0535076
0.0533065
0.0533172
0.0533265
0.0533342
0.0533399
0.0533435
0.0533447
0.0533434
0.0533395
0.0533331
0.0533242
0.0533132
0.0533006
0.0532868
0.0532723
0.0532578
0.053244
0.0532315
0.0532209
0.0532128
0.0532074
0.0532049
0.0532055
0.0532088
0.0532148
0.0532229
0.0532329
0.0532442
0.0532566
0.0532694
0.0532823
0.0532948
0.0529767
0.0529481
0.0529319
0.0529289
0.0529394
0.0529627
0.0529981
0.053044
0.0530984
0.0531592
0.0532238
0.0532898
0.0533545
0.0534156
0.0534707
0.0535176
0.0535549
0.0535812
0.0535956
0.0535978
0.0535876
0.0535655
0.0535323
0.053489
0.0534371
0.0533786
0.0533155
0.0532502
0.0531852
0.053123
0.0530661
0.0530166
0.0528459
0.0528005
0.0527727
0.0527634
0.0527731
0.0528014
0.0528472
0.0529087
0.0529837
0.0530692
0.0531621
0.0532587
0.0533554
0.0534485
0.0535344
0.0536097
0.0536715
0.0537173
0.0537455
0.0537548
0.053745
0.0537164
0.0536701
0.053608
0.0535325
0.0534464
0.0533532
0.0532564
0.0531597
0.053067
0.0529817
0.0529071
0.0530707
0.0530418
0.0530218
0.0530116
0.0530115
0.0530214
0.0530409
0.0530692
0.0531051
0.0531473
0.053194
0.0532437
0.0532943
0.0533439
0.0533907
0.0534329
0.0534689
0.0534975
0.0535175
0.0535282
0.0535291
0.0535201
0.0535016
0.0534741
0.0534388
0.0533968
0.0533499
0.0532999
0.0532486
0.0531982
0.0531505
0.0531074
0.053454
0.0534605
0.0534602
0.0534532
0.0534397
0.05342
0.0533949
0.053365
0.0533313
0.0532949
0.053257
0.0532191
0.0531827
0.0531493
0.0531201
0.0530966
0.0530798
0.0530706
0.0530695
0.0530766
0.0530918
0.0531142
0.0531428
0.0531764
0.0532134
0.0532523
0.0532913
0.0533291
0.0533641
0.053395
0.0534208
0.0534406
0.0536768
0.0537064
0.0537188
0.0537135
0.0536908
0.0536515
0.0535971
0.0535297
0.0534517
0.0533664
0.0532768
0.0531866
0.0530991
0.0530177
0.0529455
0.0528852
0.0528394
0.0528096
0.0527972
0.0528025
0.0528253
0.0528649
0.0529196
0.0529872
0.0530653
0.0531507
0.0532402
0.0533305
0.0534179
0.0534992
0.0535712
0.0536312
0.0536298
0.0536457
0.0536467
0.0536328
0.0536046
0.0535631
0.0535101
0.0534476
0.0533781
0.0533043
0.0532291
0.0531552
0.0530857
0.053023
0.0529695
0.0529274
0.052898
0.0528825
0.0528815
0.052895
0.0529225
0.052963
0.053015
0.0530766
0.0531454
0.0532188
0.0532941
0.0533683
0.0534386
0.0535021
0.0535566
0.0535997
0.053404
0.0533822
0.0533561
0.053327
0.0532959
0.0532642
0.053233
0.0532036
0.0531769
0.0531541
0.0531357
0.0531226
0.0531151
0.0531136
0.053118
0.0531282
0.0531438
0.0531643
0.0531889
0.0532168
0.053247
0.0532785
0.0533099
0.0533402
0.053368
0.0533922
0.0534118
0.053426
0.0534341
0.053436
0.0534315
0.0534206
0.0532092
0.0531625
0.0531201
0.0530836
0.0530544
0.0530337
0.0530222
0.0530204
0.0530282
0.0530454
0.0530713
0.0531048
0.0531447
0.0531895
0.0532375
0.0532867
0.0533353
0.0533816
0.0534236
0.0534599
0.0534891
0.05351
0.0535218
0.0535241
0.0535167
0.0534999
0.0534743
0.0534409
0.053401
0.0533561
0.0533079
0.0532583
0.0532032
0.0531691
0.053139
0.0531142
0.0530956
0.0530839
0.0530796
0.0530828
0.0530934
0.053111
0.0531349
0.0531641
0.0531976
0.0532341
0.0532721
0.0533103
0.0533472
0.0533812
0.0534112
0.053436
0.0534546
0.0534663
0.0534707
0.0534676
0.0534571
0.0534396
0.0534158
0.0533865
0.053353
0.0533164
0.0532783
0.0532401
0.0533197
0.0533282
0.0533346
0.0533389
0.0533409
0.0533406
0.0533382
0.0533336
0.0533271
0.0533187
0.0533088
0.0532976
0.0532854
0.0532726
0.0532599
0.0532477
0.0532364
0.0532265
0.0532185
0.0532128
0.0532097
0.0532094
0.0532119
0.0532172
0.053225
0.0532348
0.0532463
0.0532589
0.053272
0.0532852
0.0532978
0.0533095
0.0534119
0.0534602
0.0535011
0.0535332
0.0535552
0.0535664
0.0535663
0.053555
0.0535328
0.0535006
0.0534595
0.053411
0.053357
0.0532995
0.0532408
0.053183
0.0531285
0.0530793
0.0530374
0.0530045
0.0529817
0.0529702
0.0529704
0.0529821
0.0530051
0.0530383
0.0530803
0.0531296
0.0531842
0.0532419
0.0533006
0.053358
0.0534471
0.0535082
0.05356
0.0536005
0.0536281
0.0536416
0.0536406
0.0536252
0.0535958
0.0535537
0.0535004
0.053438
0.0533691
0.0532961
0.0532221
0.0531498
0.0530819
0.0530211
0.0529697
0.0529296
0.0529024
0.0528891
0.0528902
0.0529056
0.0529348
0.0529766
0.0530295
0.0530914
0.0531599
0.0532326
0.0533065
0.053379
0.0534747
0.0535227
0.0535608
0.0535876
0.0536021
0.0536036
0.0535921
0.0535681
0.0535325
0.0534867
0.0534324
0.0533718
0.0533072
0.0532411
0.0531762
0.0531148
0.0530593
0.0530119
0.0529742
0.0529479
0.0529337
0.0529322
0.0529436
0.0529673
0.0530026
0.0530479
0.0531017
0.0531619
0.0532262
0.0532921
0.0533571
0.0534188
0.0534717
0.0534991
0.0535177
0.0535269
0.0535261
0.0535156
0.0534956
0.053467
0.0534308
0.0533886
0.0533419
0.0532925
0.0532424
0.0531934
0.0531475
0.0531064
0.0530716
0.0530446
0.0530262
0.0530172
0.0530179
0.0530284
0.0530481
0.0530764
0.0531122
0.0531541
0.0532006
0.0532498
0.0533
0.053349
0.0533952
0.0534366
0.0534147
0.0534256
0.0534306
0.0534297
0.0534227
0.0534101
0.0533923
0.05337
0.0533441
0.0533156
0.0532855
0.0532551
0.0532255
0.0531979
0.0531732
0.0531524
0.0531364
0.0531257
0.0531206
0.0531215
0.0531282
0.0531406
0.0531581
0.0531802
0.0532059
0.0532343
0.0532644
0.0532948
0.0533246
0.0533525
0.0533774
0.0533984
0.0533312
0.0533272
0.0533212
0.0533135
0.0533045
0.0532944
0.0532837
0.0532727
0.0532621
0.053252
0.053243
0.0532353
0.0532292
0.053225
0.0532228
0.0532227
0.0532246
0.0532286
0.0532343
0.0532418
0.0532505
0.0532603
0.0532708
0.0532816
0.0532923
0.0533025
0.0533117
0.0533196
0.0533259
0.0533304
0.0533328
0.0533331
0.0532663
0.0532432
0.0532215
0.0532018
0.053185
0.0531717
0.0531625
0.0531577
0.0531575
0.0531621
0.053171
0.053184
0.0532007
0.0532202
0.0532418
0.0532648
0.0532883
0.0533113
0.0533329
0.0533523
0.0533687
0.0533817
0.0533906
0.0533953
0.0533954
0.053391
0.0533823
0.0533696
0.0533533
0.053334
0.0533125
0.0532896
0.053266
0.0532227
0.0531813
0.0531436
0.0531108
0.0530842
0.0530649
0.0530537
0.0530509
0.0530568
0.053071
0.0530931
0.0531221
0.053157
0.0531964
0.0532387
0.0532824
0.0533258
0.0533672
0.0534049
0.0534377
0.0534641
0.0534831
0.0534942
0.0534968
0.0534909
0.0534767
0.0534547
0.0534258
0.053391
0.0533518
0.0533096
0.0532944
0.0532406
0.0531882
0.053139
0.053095
0.0530577
0.0530287
0.0530091
0.0529995
0.0530003
0.0530116
0.0530328
0.0530632
0.0531016
0.0531466
0.0531965
0.0532492
0.0533029
0.0533555
0.0534048
0.0534491
0.0534867
0.0535159
0.0535358
0.0535455
0.0535447
0.0535333
0.0535119
0.0534812
0.0534425
0.0533973
0.0533472
0.0533445
0.0533002
0.053255
0.0532106
0.0531687
0.053131
0.0530987
0.0530733
0.0530555
0.0530461
0.0530455
0.0530536
0.0530701
0.0530944
0.0531256
0.0531626
0.0532038
0.0532479
0.053293
0.0533375
0.0533796
0.0534177
0.0534503
0.0534762
0.0534943
0.0535039
0.0535046
0.0534965
0.0534798
0.0534551
0.0534235
0.0533861
0.0534133
0.053393
0.0533684
0.0533403
0.0533099
0.0532783
0.0532469
0.0532166
0.0531888
0.0531643
0.0531441
0.053129
0.0531194
0.0531159
0.0531184
0.053127
0.0531414
0.0531609
0.053185
0.0532127
0.053243
0.0532747
0.0533066
0.0533375
0.0533661
0.0533913
0.053412
0.0534275
0.0534371
0.0534405
0.0534375
0.0534283
0.053488
0.0534948
0.0534932
0.0534833
0.0534656
0.0534406
0.0534094
0.0533732
0.0533333
0.0532912
0.0532485
0.0532067
0.0531674
0.0531322
0.0531025
0.0530792
0.0530634
0.0530557
0.0530564
0.0530656
0.053083
0.0531078
0.0531393
0.0531761
0.0532168
0.0532598
0.0533033
0.0533457
0.0533853
0.0534205
0.0534501
0.0534729
0.0535397
0.0535671
0.0535831
0.0535871
0.0535789
0.0535588
0.0535278
0.0534869
0.0534378
0.0533822
0.0533224
0.0532605
0.053199
0.0531403
0.0530864
0.0530396
0.0530016
0.0529738
0.0529574
0.052953
0.0529608
0.0529806
0.0530115
0.0530525
0.0531019
0.0531578
0.053218
0.0532802
0.053342
0.0534011
0.0534551
0.0535019
0.0535329
0.053567
0.0535897
0.0535999
0.0535974
0.0535823
0.0535551
0.053517
0.0534694
0.0534141
0.0533533
0.0532894
0.0532247
0.0531618
0.053103
0.0530507
0.0530067
0.0529727
0.0529502
0.0529398
0.052942
0.0529568
0.0529836
0.0530214
0.0530687
0.0531238
0.0531845
0.0532486
0.0533135
0.0533767
0.0534359
0.0534886
0.0534982
0.0535328
0.0535574
0.0535709
0.053573
0.0535634
0.0535426
0.0535114
0.0534711
0.0534231
0.0533694
0.0533119
0.053253
0.0531948
0.0531396
0.0530895
0.0530464
0.053012
0.0529875
0.0529738
0.0529716
0.052981
0.0530014
0.0530323
0.0530725
0.0531203
0.053174
0.0532315
0.0532906
0.053349
0.0534045
0.0534548
0.053487
0.0535277
0.0535585
0.0535784
0.0535865
0.0535825
0.0535667
0.0535395
0.0535021
0.053456
0.0534028
0.0533446
0.0532836
0.0532223
0.0531629
0.0531077
0.0530589
0.0530183
0.0529874
0.0529675
0.0529593
0.0529631
0.0529788
0.0530059
0.0530432
0.0530894
0.0531426
0.0532008
0.0532618
0.0533232
0.0533828
0.0534381
0.0535088
0.0535582
0.0535965
0.0536222
0.0536344
0.0536326
0.0536169
0.0535878
0.0535464
0.0534945
0.0534339
0.0533671
0.0532965
0.053225
0.0531553
0.05309
0.0530316
0.0529824
0.0529443
0.0529187
0.0529066
0.0529085
0.0529242
0.0529532
0.0529944
0.0530462
0.0531065
0.0531732
0.0532436
0.0533151
0.0533849
0.0534503
0.0535507
0.0535991
0.0536347
0.0536563
0.0536628
0.0536541
0.0536305
0.0535928
0.0535427
0.053482
0.0534131
0.0533388
0.0532618
0.0531851
0.0531118
0.0530445
0.0529859
0.0529382
0.0529032
0.0528821
0.0528759
0.0528846
0.052908
0.0529451
0.0529946
0.0530546
0.0531229
0.0531968
0.0532736
0.0533502
0.0534238
0.0534915
0.0535876
0.0536172
0.0536334
0.0536355
0.0536234
0.0535976
0.0535591
0.0535094
0.0534504
0.0533846
0.0533144
0.0532426
0.053172
0.0531053
0.053045
0.0529935
0.0529526
0.0529238
0.0529082
0.0529065
0.0529185
0.0529439
0.0529817
0.0530305
0.0530884
0.0531534
0.053223
0.0532944
0.053365
0.0534322
0.0534932
0.0535456
0.0535843
0.05358
0.0535636
0.0535359
0.053498
0.0534512
0.0533975
0.053339
0.0532779
0.0532168
0.0531579
0.0531036
0.0530559
0.0530166
0.0529871
0.0529686
0.0529616
0.0529664
0.0529828
0.0530102
0.0530476
0.0530934
0.053146
0.0532035
0.0532637
0.0533243
0.0533831
0.0534377
0.0534862
0.0535265
0.053557
0.0535766
0.0535233
0.0534873
0.0534429
0.0533919
0.0533362
0.0532781
0.0532198
0.0531637
0.0531118
0.0530662
0.0530286
0.0530005
0.0529828
0.0529762
0.0529809
0.0529967
0.053023
0.0530589
0.0531028
0.0531532
0.0532082
0.0532656
0.0533233
0.0533791
0.053431
0.0534769
0.053515
0.0535438
0.0535623
0.0535695
0.0535653
0.0535497
0.0534457
0.0534011
0.0533517
0.0532994
0.0532461
0.053194
0.053145
0.053101
0.0530637
0.0530346
0.0530146
0.0530046
0.0530049
0.0530154
0.0530358
0.0530653
0.0531028
0.0531469
0.0531959
0.053248
0.0533011
0.0533532
0.0534024
0.0534467
0.0534844
0.053514
0.0535345
0.0535449
0.0535448
0.0535342
0.0535136
0.0534837
0.0534239
0.0533998
0.053371
0.0533387
0.0533042
0.0532689
0.053234
0.0532009
0.053171
0.0531452
0.0531245
0.0531098
0.0531014
0.0530998
0.053105
0.0531168
0.0531349
0.0531585
0.0531868
0.0532186
0.0532529
0.0532883
0.0533234
0.0533569
0.0533874
0.0534139
0.0534351
0.0534503
0.0534588
0.0534603
0.0534548
0.0534425
0.0534692
0.0534799
0.053483
0.0534784
0.0534662
0.0534469
0.0534214
0.0533905
0.0533555
0.0533176
0.0532782
0.0532387
0.0532007
0.0531655
0.0531347
0.0531093
0.0530904
0.0530787
0.0530747
0.0530786
0.0530904
0.0531096
0.0531355
0.053167
0.0532029
0.0532418
0.0532821
0.0533222
0.0533606
0.0533957
0.0534262
0.053451
0.0535464
0.0535813
0.0536045
0.053615
0.0536125
0.0535971
0.0535692
0.0535299
0.0534808
0.0534237
0.0533608
0.0532945
0.0532275
0.0531622
0.0531013
0.0530469
0.0530014
0.0529664
0.0529433
0.052933
0.0529359
0.0529518
0.0529801
0.0530196
0.0530689
0.0531261
0.0531889
0.0532549
0.0533216
0.0533866
0.0534472
0.0535012
0.0536375
0.053665
0.0536773
0.0536739
0.0536549
0.0536209
0.0535733
0.0535138
0.053445
0.0533694
0.05329
0.0532099
0.0531323
0.0530601
0.0529963
0.0529432
0.0529028
0.0528767
0.0528658
0.0528703
0.0528901
0.0529243
0.0529716
0.0530303
0.0530981
0.0531725
0.0532507
0.0533296
0.0534065
0.0534783
0.0535423
0.0535961
0.0537249
0.0537173
0.0536922
0.0536506
0.0535939
0.0535245
0.0534449
0.0533583
0.0532682
0.053178
0.0530913
0.0530116
0.0529419
0.0528849
0.0528429
0.0528172
0.052809
0.0528183
0.0528446
0.052887
0.0529437
0.0530126
0.053091
0.0531761
0.0532645
0.053353
0.0534384
0.0535173
0.0535868
0.0536443
0.0536876
0.0537148
0.0537747
0.0537329
0.0536728
0.0535966
0.0535074
0.0534087
0.0533043
0.0531983
0.0530946
0.0529974
0.0529104
0.0528369
0.0527798
0.0527411
0.0527223
0.0527242
0.0527465
0.0527885
0.0528485
0.0529241
0.0530125
0.0531104
0.0532141
0.0533196
0.0534228
0.0535199
0.0536071
0.053681
0.0537388
0.0537783
0.0537978
0.0537966
0.0537613
0.0537166
0.0536544
0.053577
0.0534877
0.0533898
0.0532871
0.0531837
0.0530835
0.0529902
0.0529074
0.0528382
0.052785
0.0527499
0.0527342
0.0527385
0.0527627
0.0528059
0.0528666
0.0529424
0.0530305
0.0531277
0.0532302
0.0533341
0.0534353
0.0535301
0.0536146
0.0536855
0.0537399
0.0537757
0.0537914
0.0537865
0.0537019
0.0536886
0.0536591
0.0536146
0.0535569
0.0534884
0.0534118
0.05333
0.0532461
0.0531633
0.0530847
0.0530132
0.0529514
0.0529015
0.0528656
0.0528449
0.0528404
0.0528521
0.0528798
0.0529224
0.0529785
0.053046
0.0531223
0.0532046
0.0532896
0.0533741
0.0534546
0.053528
0.0535913
0.053642
0.0536781
0.0536984
0.0536548
0.053681
0.0536915
0.0536859
0.0536644
0.0536281
0.0535782
0.0535168
0.0534463
0.0533692
0.0532884
0.053207
0.0531279
0.0530543
0.0529889
0.0529342
0.0528923
0.0528649
0.0528531
0.0528575
0.0528778
0.0529134
0.0529631
0.0530248
0.0530962
0.0531746
0.0532567
0.0533395
0.0534195
0.0534937
0.0535593
0.0536137
0.0536801
0.0537264
0.0537552
0.0537655
0.0537567
0.0537293
0.0536842
0.0536231
0.0535483
0.0534627
0.0533695
0.0532724
0.053175
0.0530812
0.0529946
0.0529185
0.0528559
0.0528092
0.0527804
0.0527704
0.0527797
0.0528078
0.0528536
0.0529154
0.0529907
0.0530766
0.0531698
0.0532667
0.0533636
0.0534568
0.0535427
0.0536181
0.0537839
0.053826
0.0538466
0.0538448
0.0538206
0.0537748
0.0537091
0.053626
0.0535286
0.0534208
0.0533067
0.0531907
0.0530774
0.0529712
0.0528762
0.0527962
0.0527343
0.0526929
0.0526735
0.0526768
0.0527027
0.0527498
0.0528165
0.0529001
0.0529973
0.0531044
0.0532175
0.0533321
0.0534439
0.0535487
0.0536426
0.053722
0.0539036
0.0539327
0.0539356
0.0539122
0.0538633
0.0537906
0.053697
0.0535859
0.0534618
0.0533295
0.0531941
0.0530608
0.0529347
0.0528209
0.0527236
0.0526468
0.0525933
0.0525652
0.0525635
0.0525882
0.0526383
0.0527117
0.0528056
0.0529164
0.0530399
0.0531713
0.0533057
0.0534379
0.0535629
0.0536759
0.0537727
0.0538496
0.0539754
0.0539954
0.0539863
0.0539484
0.0538832
0.0537931
0.0536817
0.0535533
0.053413
0.0532661
0.0531184
0.0529755
0.0528428
0.0527255
0.052628
0.0525541
0.0525065
0.0524872
0.0524966
0.0525346
0.0525996
0.0526891
0.0527996
0.0529271
0.0530666
0.053213
0.0533605
0.0535035
0.0536365
0.0537543
0.0538525
0.0539271
0.0539786
0.0539945
0.0539812
0.0539392
0.0538701
0.0537766
0.0536625
0.0535321
0.0533907
0.0532438
0.053097
0.0529558
0.0528257
0.0527115
0.0526176
0.0525475
0.0525039
0.0524884
0.0525015
0.0525427
0.0526106
0.0527025
0.052815
0.0529438
0.0530842
0.0532307
0.0533779
0.05352
0.0536515
0.0537672
0.0538626
0.053934
0.0539342
0.0539474
0.0539334
0.0538927
0.0538269
0.0537386
0.0536314
0.0535095
0.0533776
0.0532409
0.0531046
0.052974
0.052854
0.052749
0.0526631
0.0525995
0.0525606
0.0525477
0.0525614
0.0526012
0.0526656
0.0527521
0.0528575
0.0529779
0.0531088
0.0532452
0.0533818
0.0535135
0.053635
0.0537417
0.0538293
0.0538943
0.0538813
0.0538908
0.0538757
0.0538363
0.0537744
0.0536924
0.0535934
0.0534814
0.0533608
0.0532362
0.0531125
0.0529943
0.0528862
0.0527922
0.0527158
0.05266
0.0526269
0.0526176
0.0526325
0.052671
0.0527318
0.0528124
0.05291
0.0530207
0.0531406
0.0532649
0.053389
0.053508
0.0536174
0.0537127
0.0537904
0.0538473
0.053842
0.0538483
0.0538318
0.0537932
0.0537338
0.0536561
0.053563
0.0534583
0.053346
0.0532305
0.0531162
0.0530075
0.0529084
0.0528228
0.0527539
0.0527044
0.052676
0.0526698
0.0526862
0.0527244
0.0527829
0.0528597
0.0529517
0.0530555
0.0531673
0.0532826
0.0533972
0.0535066
0.0536064
0.053693
0.0537627
0.0538131
0.053833
0.0538361
0.053817
0.0537764
0.0537159
0.0536377
0.053545
0.0534414
0.0533309
0.0532178
0.0531063
0.0530009
0.0529054
0.0528236
0.0527585
0.0527127
0.0526879
0.0526851
0.0527043
0.0527447
0.0528048
0.0528824
0.0529745
0.0530775
0.0531876
0.0533006
0.0534121
0.0535178
0.0536137
0.053696
0.0537616
0.0538078
0.0538627
0.0538612
0.0538363
0.0537892
0.0537215
0.0536358
0.0535356
0.0534246
0.0533072
0.053188
0.0530714
0.052962
0.052864
0.0527811
0.0527164
0.0526726
0.0526512
0.052653
0.052678
0.0527252
0.0527927
0.0528779
0.0529777
0.0530882
0.0532051
0.0533242
0.0534407
0.0535502
0.0536484
0.0537316
0.0537966
0.0538409
0.0539048
0.0538951
0.0538606
0.0538025
0.0537231
0.0536254
0.0535133
0.0533911
0.0532636
0.0531358
0.0530124
0.0528982
0.0527976
0.0527144
0.0526519
0.0526123
0.0525971
0.052607
0.0526415
0.0526993
0.0527781
0.052875
0.0529863
0.0531077
0.0532348
0.0533625
0.0534861
0.0536007
0.0537018
0.0537857
0.0538489
0.0538891
0.0539146
0.0538963
0.0538528
0.0537858
0.053698
0.0535928
0.0534743
0.0533473
0.0532166
0.0530873
0.0529642
0.0528521
0.0527551
0.052677
0.0526207
0.0525882
0.0525809
0.0525989
0.0526416
0.0527073
0.0527937
0.0528974
0.0530145
0.0531408
0.0532713
0.053401
0.053525
0.0536384
0.0537368
0.0538163
0.0538738
0.053907
0.0538523
0.0538312
0.0537877
0.0537234
0.0536408
0.0535434
0.0534348
0.0533194
0.0532017
0.0530861
0.0529771
0.0528786
0.0527945
0.0527279
0.0526811
0.0526561
0.0526536
0.0526739
0.052716
0.0527786
0.0528593
0.052955
0.0530623
0.0531771
0.0532949
0.0534113
0.0535218
0.053622
0.053708
0.0537763
0.0538242
0.0538499
0.0537415
0.0537296
0.0536996
0.0536525
0.0535904
0.0535157
0.0534313
0.0533406
0.0532469
0.053154
0.0530654
0.0529843
0.0529139
0.0528567
0.052815
0.0527902
0.0527833
0.0527945
0.0528235
0.0528692
0.0529299
0.0530034
0.053087
0.0531774
0.0532712
0.0533647
0.0534545
0.0535369
0.0536086
0.053667
0.0537096
0.0537348
0.0536338
0.0536402
0.0536323
0.0536103
0.0535751
0.0535282
0.0534715
0.053407
0.0533374
0.0532652
0.0531933
0.0531244
0.053061
0.0530056
0.0529602
0.0529265
0.0529059
0.0528992
0.0529065
0.0529277
0.052962
0.053008
0.0530642
0.0531284
0.0531981
0.0532706
0.0533432
0.0534129
0.0534772
0.0535334
0.0535793
0.0536132
0.0535605
0.0535852
0.0535978
0.0535978
0.0535852
0.0535606
0.0535249
0.0534795
0.0534262
0.0533671
0.0533043
0.0532403
0.0531776
0.0531185
0.0530652
0.0530199
0.0529842
0.0529595
0.0529468
0.0529464
0.0529586
0.0529827
0.053018
0.0530631
0.0531163
0.0531756
0.0532385
0.0533028
0.053366
0.0534255
0.0534791
0.0535247
0.0535408
0.0535772
0.0536018
0.0536136
0.0536123
0.0535978
0.0535708
0.0535323
0.0534838
0.0534271
0.0533645
0.0532983
0.0532312
0.0531657
0.0531043
0.0530493
0.0530029
0.0529668
0.0529423
0.0529304
0.0529317
0.0529459
0.0529727
0.0530109
0.0530592
0.0531156
0.053178
0.0532441
0.0533113
0.053377
0.0534387
0.0534941
0.0535555
0.0535891
0.0536105
0.0536189
0.0536138
0.0535956
0.0535649
0.0535229
0.0534713
0.0534122
0.0533477
0.0532804
0.0532128
0.0531476
0.0530873
0.0530341
0.05299
0.0529568
0.0529357
0.0529274
0.0529323
0.0529502
0.0529805
0.0530219
0.053073
0.0531318
0.0531961
0.0532633
0.053331
0.0533965
0.0534573
0.053511
0.0535593
0.0535709
0.0535711
0.0535599
0.0535377
0.0535055
0.0534645
0.0534163
0.0533627
0.053306
0.0532481
0.0531915
0.0531382
0.0530903
0.0530494
0.0530173
0.052995
0.0529834
0.052983
0.0529938
0.0530154
0.053047
0.0530874
0.0531351
0.0531884
0.053245
0.053303
0.0533601
0.053414
0.0534627
0.0535041
0.0535368
0.0534895
0.0534638
0.0534308
0.0533919
0.0533487
0.0533031
0.0532567
0.0532114
0.0531689
0.0531308
0.0530985
0.0530731
0.0530556
0.0530465
0.0530461
0.0530545
0.0530713
0.0530959
0.0531274
0.0531647
0.0532064
0.0532511
0.0532971
0.0533426
0.0533859
0.0534253
0.0534591
0.0534861
0.0535049
0.0535149
0.0535156
0.0535071
0.0533197
0.0532593
0.0531995
0.0531428
0.0530916
0.0530477
0.0530129
0.0529885
0.0529752
0.0529735
0.0529832
0.0530039
0.0530347
0.0530744
0.0531216
0.0531743
0.0532307
0.0532887
0.0533463
0.0534013
0.0534517
0.0534958
0.0535317
0.0535581
0.0535737
0.0535779
0.0535703
0.0535511
0.0535209
0.053481
0.0534328
0.0533783
0.0530898
0.0530136
0.0529473
0.0528936
0.0528544
0.0528314
0.0528252
0.0528361
0.0528633
0.0529058
0.0529618
0.0530292
0.0531054
0.0531874
0.0532723
0.0533567
0.0534377
0.0535122
0.0535774
0.053631
0.0536709
0.0536955
0.0537038
0.0536953
0.0536701
0.0536293
0.0535741
0.0535067
0.0534298
0.0533464
0.0532596
0.0531729
0.0528931
0.0528173
0.0527585
0.0527189
0.0526999
0.0527022
0.0527258
0.0527695
0.0528317
0.05291
0.0530014
0.0531024
0.0532092
0.0533177
0.0534238
0.0535234
0.0536128
0.0536886
0.0537477
0.0537881
0.053808
0.0538067
0.0537841
0.053741
0.0536791
0.0536006
0.0535088
0.053407
0.0532994
0.05319
0.0530831
0.0529828
0.052854
0.0527857
0.0527352
0.0527044
0.0526945
0.0527059
0.0527381
0.0527899
0.0528595
0.0529441
0.0530406
0.0531454
0.0532545
0.0533637
0.0534687
0.0535656
0.0536504
0.0537199
0.0537714
0.0538027
0.0538127
0.053801
0.053768
0.0537151
0.0536443
0.0535585
0.053461
0.0533556
0.0532464
0.0531376
0.0530334
0.0529376
0.0529958
0.0529398
0.0528962
0.0528666
0.0528521
0.0528532
0.0528701
0.0529019
0.0529477
0.0530056
0.0530735
0.0531488
0.0532286
0.05331
0.0533896
0.0534645
0.0535317
0.0535886
0.0536329
0.0536629
0.0536774
0.0536758
0.0536583
0.0536256
0.0535789
0.0535201
0.0534516
0.0533759
0.053296
0.0532151
0.0531361
0.053062
0.0531505
0.0531064
0.0530688
0.0530392
0.0530186
0.0530078
0.0530073
0.0530171
0.0530368
0.0530657
0.0531025
0.053146
0.0531945
0.053246
0.0532987
0.0533505
0.0533995
0.0534436
0.0534813
0.0535111
0.0535317
0.0535425
0.053543
0.0535332
0.0535135
0.0534846
0.0534476
0.053404
0.0533555
0.0533038
0.0532511
0.0531993
0.053145
0.0531096
0.0530809
0.05306
0.0530477
0.0530444
0.0530503
0.053065
0.053088
0.0531184
0.053155
0.0531963
0.0532408
0.0532867
0.0533323
0.0533759
0.0534159
0.0534507
0.053479
0.0534999
0.0535124
0.0535161
0.0535108
0.0534967
0.0534743
0.0534444
0.0534082
0.053367
0.0533224
0.0532761
0.0532299
0.0531856
0.0530012
0.0529651
0.0529412
0.0529305
0.0529334
0.0529498
0.0529789
0.0530196
0.0530702
0.0531287
0.0531927
0.0532597
0.0533273
0.0533926
0.0534533
0.0535071
0.0535521
0.0535866
0.0536094
0.0536197
0.0536171
0.0536017
0.0535741
0.0535351
0.0534862
0.0534292
0.0533662
0.0532996
0.0532319
0.0531656
0.0531035
0.0530479
0.0528594
0.0528075
0.0527734
0.0527585
0.0527635
0.0527881
0.0528316
0.052892
0.0529669
0.0530535
0.0531481
0.0532471
0.0533466
0.0534428
0.0535319
0.0536105
0.0536758
0.0537254
0.0537574
0.0537709
0.0537653
0.053741
0.0536988
0.0536403
0.0535676
0.0534833
0.0533906
0.053293
0.053194
0.0530976
0.0530074
0.052927
0.0527671
0.05269
0.0526347
0.0526032
0.0525971
0.0526164
0.0526606
0.0527278
0.0528154
0.05292
0.0530373
0.0531628
0.0532916
0.0534186
0.0535391
0.0536483
0.0537421
0.0538171
0.0538704
0.0539002
0.0539054
0.0538859
0.0538424
0.0537766
0.0536909
0.0535885
0.0534731
0.0533491
0.0532212
0.0530943
0.0529733
0.0528628
0.0526815
0.052588
0.0525197
0.0524794
0.0524685
0.0524875
0.0525356
0.052611
0.0527106
0.0528306
0.0529663
0.0531124
0.0532633
0.0534133
0.0535566
0.0536876
0.0538015
0.0538938
0.0539612
0.0540011
0.0540121
0.0539936
0.0539464
0.0538722
0.0537737
0.0536548
0.0535199
0.0533742
0.0532232
0.0530728
0.0529287
0.0527966
0.0525617
0.0524653
0.0523982
0.0523632
0.0523614
0.0523931
0.0524568
0.0525501
0.0526694
0.05281
0.0529667
0.0531333
0.0533035
0.0534708
0.0536288
0.0537713
0.053893
0.0539893
0.0540564
0.0540918
0.0540941
0.0540632
0.0540001
0.0539074
0.0537884
0.0536478
0.053491
0.053324
0.0531534
0.0529856
0.052827
0.0526839
0.0524823
0.0523858
0.0523211
0.0522907
0.0522957
0.0523361
0.0524103
0.0525155
0.0526476
0.0528018
0.052972
0.0531519
0.0533345
0.0535128
0.0536799
0.0538292
0.053955
0.0540523
0.0541174
0.0541478
0.0541424
0.0541012
0.054026
0.0539196
0.0537863
0.0536313
0.0534605
0.0532806
0.0530985
0.0529211
0.0527552
0.0526071
0.0525184
0.0524184
0.0523488
0.0523123
0.0523103
0.0523428
0.0524088
0.0525059
0.0526304
0.0527778
0.0529424
0.0531179
0.0532977
0.0534748
0.0536422
0.0537935
0.0539226
0.0540245
0.054095
0.0541314
0.0541324
0.0540979
0.0540294
0.0539297
0.0538027
0.0536536
0.053488
0.0533125
0.0531338
0.0529586
0.0527937
0.0526451
0.0526379
0.0525346
0.0524576
0.05241
0.0523934
0.0524086
0.0524551
0.0525311
0.0526339
0.0527598
0.0529039
0.0530609
0.0532246
0.0533888
0.0535472
0.0536935
0.0538221
0.0539277
0.0540061
0.0540543
0.0540704
0.0540538
0.0540051
0.0539265
0.053821
0.053693
0.0535474
0.0533899
0.0532266
0.0530638
0.0529075
0.0527637
0.0527534
0.0526543
0.0525776
0.0525262
0.0525021
0.0525061
0.0525382
0.0525971
0.0526807
0.0527859
0.0529087
0.0530445
0.0531881
0.053334
0.0534767
0.0536105
0.0537302
0.0538312
0.0539094
0.0539618
0.0539862
0.0539817
0.0539485
0.053888
0.0538025
0.0536956
0.0535713
0.0534345
0.0532906
0.0531451
0.0530035
0.0528713
0.0528172
0.0527306
0.052664
0.0526202
0.0526006
0.0526061
0.0526364
0.0526904
0.052766
0.0528603
0.0529699
0.0530904
0.0532175
0.053346
0.0534713
0.0535882
0.0536925
0.05378
0.0538473
0.0538917
0.0539117
0.0539062
0.0538756
0.053821
0.0537446
0.0536494
0.0535391
0.0534179
0.0532906
0.053162
0.0530372
0.0529207
0.0528141
0.0527361
0.0526784
0.0526433
0.052632
0.0526452
0.0526822
0.0527416
0.0528211
0.0529176
0.0530274
0.0531462
0.0532694
0.0533923
0.0535102
0.0536184
0.053713
0.0537902
0.0538473
0.0538819
0.0538929
0.0538799
0.0538432
0.0537843
0.0537055
0.0536097
0.0535005
0.0533821
0.0532592
0.0531363
0.0530182
0.0529094
0.052738
0.0526488
0.052583
0.0525432
0.0525312
0.0525474
0.0525913
0.0526611
0.052754
0.0528663
0.0529936
0.0531308
0.0532726
0.0534134
0.0535478
0.0536706
0.0537771
0.0538635
0.0539266
0.0539641
0.0539747
0.0539581
0.053915
0.053847
0.0537565
0.0536469
0.0535223
0.0533872
0.0532467
0.0531064
0.0529714
0.0528469
0.0526078
0.0524875
0.0523955
0.0523357
0.0523105
0.0523209
0.0523668
0.0524462
0.052556
0.052692
0.0528485
0.0530194
0.053198
0.0533772
0.0535503
0.0537104
0.0538515
0.0539683
0.0540564
0.0541129
0.0541357
0.0541241
0.0540787
0.0540011
0.0538942
0.0537619
0.0536091
0.0534413
0.053265
0.0530867
0.0529134
0.0527517
0.0524948
0.0523453
0.0522282
0.0521482
0.0521083
0.0521102
0.0521538
0.0522376
0.0523582
0.052511
0.0526901
0.0528886
0.0530987
0.0533123
0.0535213
0.0537176
0.0538934
0.0540422
0.0541582
0.0542369
0.0542756
0.0542728
0.0542287
0.054145
0.0540249
0.0538729
0.0536948
0.0534974
0.0532883
0.0530754
0.052867
0.052671
0.052478
0.0523247
0.0522044
0.0521215
0.0520791
0.0520788
0.0521206
0.0522029
0.0523228
0.0524756
0.0526557
0.0528563
0.0530698
0.0532883
0.0535032
0.0537063
0.0538896
0.0540459
0.054169
0.054254
0.0542976
0.0542979
0.0542551
0.0541707
0.0540482
0.0538924
0.0537094
0.0535065
0.0532917
0.0530731
0.0528594
0.0526585
0.0525467
0.0524141
0.0523117
0.0522434
0.0522115
0.0522173
0.0522606
0.0523397
0.0524517
0.0525925
0.0527569
0.0529387
0.0531313
0.0533272
0.0535189
0.053699
0.0538605
0.0539968
0.0541026
0.0541736
0.0542069
0.0542011
0.0541565
0.0540748
0.0539594
0.0538148
0.0536469
0.0534623
0.0532683
0.0530725
0.0528822
0.0527047
0.0526349
0.0525253
0.0524426
0.0523898
0.0523689
0.0523807
0.0524248
0.0524995
0.0526022
0.0527288
0.0528748
0.0530347
0.0532023
0.0533714
0.0535353
0.0536877
0.0538226
0.0539347
0.0540194
0.0540735
0.0540948
0.0540824
0.0540368
0.0539599
0.0538548
0.0537256
0.0535775
0.0534162
0.0532482
0.0530798
0.0529174
0.0527672
0.0527139
0.052609
0.052528
0.0524741
0.0524494
0.0524548
0.0524903
0.0525545
0.0526451
0.0527586
0.0528908
0.0530367
0.0531905
0.0533465
0.0534985
0.0536407
0.0537674
0.0538737
0.0539555
0.0540094
0.0540335
0.0540268
0.0539898
0.0539238
0.0538316
0.0537168
0.0535839
0.0534379
0.0532846
0.0531298
0.0529793
0.052839
0.0528024
0.0526848
0.0525883
0.0525166
0.0524725
0.0524577
0.0524728
0.0525175
0.05259
0.0526876
0.0528066
0.0529425
0.05309
0.0532434
0.0533968
0.0535441
0.0536798
0.0537984
0.0538954
0.0539669
0.0540102
0.0540238
0.0540071
0.0539609
0.0538871
0.0537885
0.0536691
0.0535334
0.0533867
0.0532344
0.0530825
0.0529366
0.0528863
0.0527563
0.0526447
0.0525559
0.0524933
0.0524592
0.052455
0.0524808
0.0525357
0.0526177
0.0527235
0.0528492
0.05299
0.0531404
0.0532946
0.0534469
0.0535912
0.0537221
0.0538344
0.0539237
0.0539867
0.0540207
0.0540247
0.0539983
0.0539427
0.05386
0.0537535
0.0536273
0.0534863
0.0533358
0.0531817
0.0530299
0.052904
0.0527734
0.052661
0.052571
0.0525069
0.052471
0.0524647
0.0524881
0.0525402
0.0526191
0.0527216
0.052844
0.0529815
0.053129
0.0532809
0.0534315
0.0535749
0.0537057
0.0538188
0.0539098
0.0539753
0.0540126
0.0540202
0.0539977
0.053946
0.0538669
0.0537635
0.05364
0.053501
0.053352
0.053199
0.0530477
0.0528226
0.0527006
0.0525997
0.0525237
0.0524754
0.0524566
0.0524679
0.0525088
0.0525775
0.0526714
0.0527869
0.0529196
0.0530646
0.0532162
0.0533689
0.0535167
0.0536541
0.0537759
0.0538775
0.0539548
0.054005
0.0540258
0.0540164
0.0539771
0.0539091
0.0538152
0.0536989
0.0535647
0.053418
0.0532645
0.0531101
0.0529609
0.0527041
0.0525901
0.052501
0.0524403
0.0524101
0.0524116
0.0524447
0.0525079
0.0525988
0.0527139
0.0528487
0.0529983
0.0531569
0.0533185
0.0534768
0.053626
0.0537602
0.0538743
0.053964
0.0540259
0.0540574
0.0540573
0.0540255
0.053963
0.0538724
0.0537569
0.0536212
0.0534704
0.0533106
0.0531479
0.0529885
0.0528387
0.0526547
0.0525432
0.0524579
0.0524022
0.0523782
0.0523867
0.0524274
0.0524987
0.052598
0.0527214
0.0528643
0.0530213
0.0531864
0.0533533
0.0535156
0.0536669
0.0538015
0.053914
0.0540001
0.0540566
0.054081
0.0540726
0.0540316
0.0539595
0.0538592
0.0537347
0.0535906
0.0534328
0.0532672
0.0531004
0.0529387
0.0527882
0.0527103
0.0525991
0.0525121
0.0524526
0.0524229
0.052424
0.052456
0.0525176
0.0526066
0.0527196
0.0528524
0.0529999
0.0531566
0.0533165
0.0534734
0.0536212
0.0537542
0.0538672
0.0539557
0.0540162
0.0540464
0.054045
0.0540121
0.0539491
0.0538584
0.0537437
0.0536093
0.0534607
0.0533035
0.0531439
0.052988
0.0528416
0.0527895
0.052682
0.0525959
0.0525345
0.0525002
0.0524941
0.0525165
0.0525665
0.0526422
0.0527409
0.0528587
0.0529913
0.0531336
0.0532803
0.0534257
0.0535643
0.0536906
0.0537998
0.0538874
0.0539501
0.0539854
0.0539919
0.0539693
0.0539184
0.0538414
0.0537411
0.0536216
0.0534876
0.0533442
0.0531972
0.0530521
0.0529144
0.0528116
0.0527144
0.0526378
0.0525845
0.0525567
0.0525552
0.0525802
0.0526305
0.0527043
0.0527989
0.0529105
0.0530352
0.0531681
0.0533042
0.0534384
0.0535654
0.0536804
0.0537788
0.0538569
0.0539116
0.0539406
0.0539429
0.0539182
0.0538674
0.0537926
0.0536967
0.0535835
0.0534573
0.0533233
0.0531865
0.0530522
0.0529257
0.0527904
0.0527076
0.0526458
0.0526071
0.0525931
0.0526042
0.0526399
0.0526989
0.0527788
0.0528768
0.0529891
0.0531115
0.0532393
0.0533678
0.0534919
0.0536068
0.0537083
0.0537922
0.0538553
0.0538952
0.0539102
0.0538997
0.053864
0.0538045
0.0537235
0.0536242
0.0535105
0.0533869
0.0532583
0.0531294
0.0530054
0.0528909
0.0527946
0.052724
0.0526737
0.0526456
0.0526407
0.0526592
0.0527004
0.0527626
0.0528437
0.0529404
0.0530491
0.0531659
0.0532861
0.0534053
0.0535189
0.0536223
0.0537117
0.0537834
0.0538348
0.0538637
0.053869
0.0538505
0.0538088
0.0537457
0.0536635
0.0535655
0.0534556
0.0533381
0.0532175
0.0530984
0.0529854
0.0528829
0.0528515
0.05279
0.0527464
0.0527225
0.0527191
0.0527363
0.0527735
0.0528292
0.0529014
0.0529873
0.0530837
0.053187
0.0532933
0.0533984
0.0534984
0.0535893
0.0536675
0.0537301
0.0537745
0.0537991
0.0538027
0.0537854
0.0537476
0.053691
0.0536178
0.0535307
0.0534333
0.0533294
0.0532229
0.053118
0.0530187
0.0529287
0.0529177
0.0528654
0.0528284
0.0528083
0.0528057
0.0528207
0.0528527
0.0529006
0.0529624
0.0530359
0.0531183
0.0532066
0.0532972
0.0533869
0.053472
0.0535493
0.0536159
0.0536691
0.0537068
0.0537275
0.0537305
0.0537155
0.0536832
0.0536347
0.0535721
0.0534977
0.0534144
0.0533256
0.0532347
0.0531451
0.0530603
0.0529836
0.052931
0.0528897
0.0528632
0.0528522
0.0528574
0.0528783
0.0529142
0.0529637
0.053025
0.0530957
0.0531731
0.0532544
0.0533364
0.053416
0.0534901
0.0535559
0.0536109
0.0536528
0.0536801
0.0536917
0.0536871
0.0536663
0.0536303
0.0535804
0.0535185
0.053447
0.0533689
0.053287
0.0532046
0.0531249
0.0530508
0.0529854
0.0528971
0.0528719
0.0528621
0.0528681
0.0528894
0.0529254
0.0529745
0.053035
0.0531045
0.0531804
0.0532599
0.0533399
0.0534173
0.0534893
0.0535531
0.0536063
0.0536467
0.0536727
0.0536834
0.0536782
0.0536573
0.0536215
0.0535722
0.0535112
0.053441
0.0533642
0.0532839
0.0532032
0.0531253
0.0530531
0.0529894
0.0529368
0.05286
0.0528558
0.0528677
0.052895
0.0529367
0.0529912
0.0530563
0.0531297
0.0532084
0.0532896
0.0533702
0.053447
0.0535172
0.0535782
0.0536275
0.0536633
0.0536842
0.0536892
0.0536781
0.0536514
0.0536099
0.0535554
0.0534899
0.0534159
0.0533364
0.0532543
0.053173
0.0530955
0.0530249
0.052964
0.052915
0.0528799
0.0528317
0.0528464
0.0528774
0.0529235
0.0529829
0.0530533
0.0531321
0.0532161
0.0533022
0.0533871
0.0534676
0.0535406
0.0536034
0.0536535
0.0536891
0.0537087
0.0537116
0.0536976
0.0536672
0.0536216
0.0535624
0.0534919
0.0534129
0.0533285
0.0532418
0.0531562
0.0530751
0.0530016
0.0529385
0.0528884
0.0528531
0.052834
0.052791
0.0528154
0.0528573
0.0529151
0.0529865
0.0530687
0.0531586
0.0532527
0.0533475
0.0534392
0.0535244
0.0535999
0.0536628
0.0537108
0.0537419
0.053755
0.0537496
0.0537259
0.0536848
0.0536276
0.0535567
0.0534747
0.0533848
0.0532904
0.0531952
0.0531029
0.0530169
0.0529408
0.0528774
0.0528291
0.052798
0.0527851
0.0527153
0.0527443
0.0527934
0.0528607
0.0529434
0.0530384
0.053142
0.0532503
0.0533592
0.0534644
0.053562
0.0536484
0.0537202
0.0537747
0.05381
0.0538245
0.0538178
0.05379
0.0537422
0.053676
0.0535939
0.0534991
0.0533953
0.0532863
0.0531766
0.0530703
0.0529715
0.0528841
0.0528116
0.0527567
0.0527216
0.0527076
0.0526182
0.0526586
0.0527221
0.0528059
0.0529068
0.053021
0.0531441
0.0532715
0.0533984
0.0535199
0.0536315
0.0537291
0.053809
0.0538681
0.0539042
0.0539157
0.0539022
0.053864
0.0538023
0.0537196
0.0536188
0.0535039
0.0533794
0.0532502
0.0531212
0.0529976
0.0528842
0.0527854
0.0527052
0.0526467
0.052612
0.0526024
0.0525274
0.052595
0.0526873
0.0528005
0.0529304
0.0530721
0.0532202
0.0533692
0.0535136
0.0536479
0.0537673
0.0538672
0.0539438
0.0539942
0.0540162
0.0540087
0.0539719
0.0539069
0.053816
0.0537027
0.0535714
0.0534273
0.053276
0.0531234
0.0529757
0.0528387
0.0527178
0.0526177
0.0525424
0.0524946
0.052476
0.0524871
0.0524744
0.0525819
0.0527137
0.0528646
0.0530291
0.053201
0.0533737
0.053541
0.0536966
0.0538348
0.0539503
0.0540387
0.0540965
0.0541213
0.0541118
0.0540682
0.0539918
0.0538855
0.0537532
0.0536001
0.0534324
0.0532565
0.0530795
0.0529084
0.05275
0.0526104
0.0524952
0.0524088
0.0523544
0.0523338
0.0523477
0.0523953
0.0524815
0.0526289
0.0527981
0.0529827
0.0531759
0.0533704
0.0535588
0.0537341
0.0538898
0.0540197
0.054119
0.0541835
0.0542106
0.0541991
0.054149
0.0540622
0.053942
0.0537929
0.0536209
0.0534328
0.0532359
0.0530381
0.0528471
0.0526703
0.0525147
0.0523862
0.0522897
0.0522287
0.0522055
0.0522206
0.0522734
0.0523615
0.0525774
0.0527469
0.052934
0.0531314
0.0533319
0.0535277
0.0537115
0.053876
0.0540149
0.0541226
0.0541948
0.0542284
0.054222
0.0541757
0.0540912
0.053972
0.0538226
0.0536492
0.0534587
0.0532584
0.0530563
0.0528601
0.0526775
0.0525154
0.0523798
0.0522759
0.0522074
0.0521767
0.0521849
0.0522315
0.0523148
0.0524315
0.0527516
0.0529134
0.0530872
0.0532663
0.0534439
0.0536133
0.0537677
0.0539011
0.054008
0.0540841
0.0541263
0.0541329
0.0541034
0.0540392
0.0539428
0.0538181
0.0536703
0.0535052
0.0533292
0.0531494
0.0529726
0.0528055
0.0526546
0.0525253
0.0524224
0.0523497
0.0523097
0.0523039
0.0523325
0.0523943
0.0524872
0.0526078
0.0529315
0.0530579
0.0531918
0.053328
0.0534613
0.0535866
0.0536988
0.0537935
0.0538668
0.0539159
0.0539386
0.0539341
0.0539025
0.0538452
0.0537645
0.0536636
0.0535468
0.0534184
0.0532837
0.0531478
0.0530159
0.052893
0.0527837
0.052692
0.0526214
0.0525742
0.0525524
0.0525566
0.0525867
0.0526416
0.0527194
0.0528172
0.0530281
0.0531105
0.0531991
0.0532904
0.053381
0.0534674
0.0535461
0.0536141
0.0536686
0.0537074
0.053729
0.0537325
0.0537178
0.0536855
0.053637
0.0535743
0.0534998
0.0534165
0.0533276
0.0532365
0.0531468
0.0530618
0.0529847
0.0529184
0.0528654
0.0528276
0.0528064
0.0528026
0.0528163
0.0528471
0.0528939
0.052955
0.0530141
0.0530607
0.0531157
0.0531769
0.0532421
0.0533087
0.0533742
0.0534359
0.0534914
0.0535386
0.0535754
0.0536005
0.053613
0.0536124
0.0535987
0.0535725
0.0535349
0.0534874
0.0534318
0.0533704
0.0533055
0.0532396
0.0531752
0.0531148
0.0530604
0.0530142
0.0529779
0.0529529
0.05294
0.05294
0.0529527
0.0529777
0.0529394
0.0529588
0.0529904
0.0530331
0.0530852
0.0531448
0.0532095
0.0532769
0.0533441
0.0534087
0.0534681
0.0535199
0.0535622
0.0535934
0.0536121
0.0536178
0.0536102
0.0535897
0.0535572
0.053514
0.0534617
0.0534024
0.0533384
0.053272
0.0532058
0.0531422
0.0530836
0.0530322
0.0529901
0.0529588
0.0529394
0.0529329
0.0528911
0.0528846
0.0528929
0.0529157
0.0529522
0.0530011
0.0530606
0.0531283
0.0532016
0.0532776
0.0533535
0.0534262
0.0534929
0.053551
0.0535983
0.053633
0.0536536
0.0536593
0.0536501
0.0536263
0.053589
0.0535395
0.0534799
0.0534124
0.0533396
0.0532643
0.0531892
0.0531174
0.0530514
0.0529938
0.0529468
0.0529121
0.0529261
0.0528949
0.052878
0.052876
0.0528891
0.0529168
0.0529581
0.0530115
0.053075
0.0531461
0.0532221
0.0533
0.0533769
0.0534497
0.0535155
0.053572
0.0536167
0.053648
0.0536646
0.0536659
0.0536519
0.0536233
0.053581
0.053527
0.0534631
0.0533921
0.0533164
0.0532391
0.0531631
0.0530911
0.0530261
0.0529704
0.0530319
0.0529815
0.0529422
0.0529156
0.0529025
0.0529036
0.0529188
0.0529476
0.0529889
0.0530412
0.0531025
0.0531704
0.0532424
0.0533155
0.0533871
0.0534543
0.0535145
0.0535653
0.0536048
0.0536315
0.0536443
0.0536427
0.0536268
0.0535973
0.0535554
0.0535027
0.0534412
0.0533733
0.0533017
0.053229
0.0531581
0.0530915
0.0531252
0.0530629
0.0530089
0.0529651
0.0529334
0.0529148
0.05291
0.0529194
0.0529424
0.0529782
0.0530255
0.0530823
0.0531465
0.0532157
0.0532873
0.0533585
0.0534266
0.053489
0.0535432
0.0535872
0.0536193
0.0536382
0.0536431
0.053634
0.053611
0.0535752
0.0535278
0.0534707
0.0534061
0.0533366
0.0532647
0.0531933
0.0530874
0.0530201
0.0529629
0.0529179
0.052887
0.0528711
0.052871
0.0528864
0.0529168
0.0529608
0.0530167
0.0530824
0.0531554
0.0532329
0.0533121
0.05339
0.0534636
0.0535302
0.0535873
0.0536326
0.0536645
0.0536817
0.0536833
0.0536694
0.0536402
0.0535969
0.053541
0.0534748
0.0534008
0.0533219
0.0532413
0.0531621
0.052894
0.0528274
0.0527781
0.052748
0.0527382
0.0527489
0.0527796
0.052829
0.052895
0.052975
0.0530658
0.053164
0.0532659
0.0533677
0.0534654
0.0535557
0.053635
0.0537006
0.0537499
0.0537811
0.0537929
0.0537847
0.0537567
0.0537098
0.0536457
0.0535666
0.0534756
0.0533764
0.0532726
0.0531684
0.053068
0.0529753
0.052665
0.0526002
0.0525605
0.0525475
0.0525617
0.0526024
0.0526679
0.0527556
0.0528621
0.0529832
0.0531143
0.0532503
0.0533861
0.0535164
0.0536363
0.0537414
0.0538276
0.0538918
0.0539315
0.0539452
0.0539324
0.0538934
0.0538297
0.0537435
0.053638
0.0535174
0.0533861
0.0532494
0.0531125
0.0529806
0.052859
0.0527524
0.0525579
0.0524887
0.0524481
0.0524375
0.0524575
0.0525072
0.0525849
0.0526877
0.0528115
0.0529516
0.0531028
0.0532592
0.0534148
0.0535636
0.0536998
0.053818
0.0539138
0.0539832
0.0540237
0.0540337
0.0540129
0.0539621
0.0538834
0.0537797
0.0536552
0.0535146
0.0533635
0.0532075
0.0530527
0.052905
0.0527701
0.0526529
0.0526166
0.0525359
0.0524816
0.0524559
0.0524598
0.0524932
0.052555
0.0526429
0.0527537
0.0528833
0.0530267
0.0531784
0.0533327
0.0534834
0.0536249
0.0537515
0.0538581
0.0539405
0.0539954
0.0540207
0.0540154
0.0539799
0.0539155
0.053825
0.053712
0.053581
0.053437
0.0532855
0.0531325
0.0529837
0.0528448
0.0527209
0.0527474
0.0526558
0.0525865
0.052542
0.052524
0.0525333
0.0525695
0.0526314
0.0527168
0.0528225
0.0529445
0.0530782
0.0532186
0.0533602
0.0534975
0.0536252
0.0537382
0.0538321
0.053903
0.0539481
0.0539657
0.0539551
0.0539168
0.0538524
0.0537645
0.0536567
0.0535332
0.0533988
0.0532588
0.0531184
0.0529831
0.0528578
0.0528708
0.0527787
0.0527045
0.0526511
0.0526204
0.0526135
0.0526308
0.0526716
0.0527345
0.0528172
0.0529166
0.053029
0.0531501
0.0532754
0.0533999
0.053519
0.0536278
0.0537221
0.0537982
0.053853
0.0538842
0.0538908
0.0538724
0.0538298
0.0537648
0.0536799
0.0535787
0.0534649
0.0533432
0.0532183
0.0530948
0.0529775
0.0529959
0.0529124
0.0528422
0.0527879
0.0527515
0.0527344
0.0527372
0.0527598
0.0528015
0.0528607
0.0529353
0.0530224
0.0531189
0.053221
0.0533248
0.0534264
0.0535216
0.0536068
0.0536787
0.0537343
0.0537714
0.0537887
0.0537853
0.0537615
0.0537182
0.0536572
0.053581
0.0534925
0.0533953
0.0532931
0.0531899
0.0530896
0.0531449
0.0530681
0.0529989
0.0529399
0.0528934
0.0528612
0.0528444
0.0528437
0.0528591
0.0528902
0.0529358
0.0529942
0.0530633
0.0531404
0.0532226
0.0533067
0.0533894
0.0534675
0.0535379
0.0535977
0.0536448
0.0536773
0.0536939
0.0536939
0.0536774
0.053645
0.0535982
0.0535387
0.053469
0.0533917
0.0533098
0.0532265
0.0532765
0.0531975
0.0531213
0.0530508
0.0529886
0.0529372
0.0528984
0.0528738
0.0528642
0.0528702
0.0528914
0.0529272
0.0529762
0.0530366
0.0531061
0.0531819
0.0532612
0.0533408
0.0534176
0.0534888
0.0535514
0.0536032
0.0536421
0.0536665
0.0536755
0.0536689
0.0536469
0.0536103
0.0535608
0.0535001
0.0534307
0.0533552
0.0533244
0.0532417
0.0531602
0.0530828
0.0530126
0.0529522
0.0529039
0.0528696
0.0528505
0.0528475
0.0528605
0.0528891
0.0529323
0.0529883
0.0530552
0.0531302
0.0532107
0.0532934
0.0533752
0.053453
0.0535237
0.0535846
0.0536333
0.053668
0.0536872
0.0536902
0.053677
0.053648
0.0536043
0.0535477
0.0534804
0.053405
0.0532774
0.0531958
0.053117
0.0530442
0.0529799
0.0529269
0.0528869
0.0528615
0.0528516
0.0528577
0.0528794
0.0529159
0.0529658
0.0530274
0.0530982
0.0531757
0.0532567
0.0533383
0.0534173
0.0534907
0.0535555
0.0536094
0.0536501
0.0536761
0.0536863
0.0536804
0.0536584
0.0536213
0.0535706
0.0535083
0.0534368
0.0533588
0.0531836
0.0531116
0.0530457
0.0529885
0.0529422
0.0529084
0.0528884
0.0528829
0.0528922
0.0529157
0.0529528
0.0530019
0.0530614
0.0531288
0.0532017
0.0532773
0.0533528
0.0534251
0.0534915
0.0535495
0.0535968
0.0536314
0.0536521
0.0536579
0.0536487
0.0536247
0.0535869
0.0535369
0.0534766
0.0534084
0.0533349
0.053259
0.0530833
0.053032
0.05299
0.0529588
0.0529395
0.0529328
0.0529391
0.052958
0.0529888
0.0530304
0.0530812
0.0531393
0.0532025
0.0532685
0.0533347
0.0533986
0.0534578
0.0535099
0.0535529
0.053585
0.053605
0.0536121
0.0536059
0.0535868
0.0535554
0.053513
0.0534613
0.0534023
0.0533383
0.0532719
0.0532055
0.0531418
0.0529988
0.0529764
0.0529654
0.0529661
0.0529785
0.053002
0.0530359
0.0530789
0.0531292
0.053185
0.0532442
0.0533046
0.053364
0.0534199
0.0534704
0.0535134
0.0535473
0.0535705
0.0535823
0.0535821
0.05357
0.0535463
0.053512
0.0534684
0.0534173
0.0533606
0.0533005
0.0532395
0.0531799
0.053124
0.053074
0.0530317
0.052982
0.0529795
0.0529883
0.0530081
0.0530382
0.0530775
0.0531243
0.0531769
0.0532334
0.0532915
0.053349
0.0534038
0.0534537
0.0534969
0.0535317
0.0535567
0.0535709
0.0535737
0.0535652
0.0535455
0.0535154
0.0534761
0.053429
0.0533761
0.0533193
0.0532609
0.053203
0.0531481
0.0530981
0.053055
0.0530205
0.0529959
0.053106
0.0530943
0.0530901
0.0530936
0.0531045
0.0531226
0.0531471
0.053177
0.0532111
0.053248
0.0532864
0.0533248
0.0533617
0.0533957
0.0534256
0.0534503
0.0534687
0.0534803
0.0534846
0.0534813
0.0534707
0.0534532
0.0534292
0.0533999
0.0533663
0.0533295
0.053291
0.0532524
0.053215
0.0531804
0.0531499
0.0531248
0.0533885
0.0533511
0.0533121
0.0532731
0.0532355
0.0532007
0.05317
0.0531445
0.0531249
0.053112
0.053106
0.0531072
0.0531154
0.0531306
0.0531522
0.0531795
0.0532115
0.0532473
0.0532854
0.0533245
0.0533631
0.0533996
0.0534326
0.0534606
0.0534824
0.0534972
0.0535042
0.0535029
0.0534936
0.0534766
0.0534526
0.0534228
0.0537319
0.0537062
0.0536651
0.0536107
0.0535455
0.0534724
0.0533941
0.0533135
0.0532333
0.0531559
0.0530839
0.0530195
0.052965
0.0529219
0.052892
0.0528766
0.0528765
0.0528924
0.052924
0.0529708
0.0530313
0.0531034
0.0531846
0.0532714
0.0533602
0.0534471
0.0535283
0.0536001
0.0536595
0.0537038
0.0537311
0.0537404
0.0539698
0.0540347
0.0540678
0.0540691
0.0540404
0.0539842
0.0539038
0.0538029
0.0536854
0.0535551
0.0534157
0.0532712
0.0531256
0.0529833
0.0528488
0.0527271
0.0526228
0.0525405
0.0524844
0.0524578
0.0524631
0.0525013
0.0525719
0.0526726
0.0527997
0.0529478
0.0531104
0.0532799
0.0534485
0.0536084
0.0537524
0.0538746
0.053865
0.0540888
0.0542712
0.0544059
0.0544896
0.0545208
0.0545005
0.054431
0.0543162
0.0541606
0.0539695
0.053749
0.0535057
0.053247
0.0529814
0.0527178
0.0524658
0.052235
0.0520348
0.0518739
0.0517599
0.0516987
0.0516942
0.0517476
0.0518579
0.052021
0.0522305
0.0524774
0.052751
0.0530392
0.0533292
0.0536084
0.0538559
0.0541524
0.0544124
0.0546256
0.054784
0.0548827
0.054919
0.0548931
0.0548073
0.0546659
0.0544747
0.0542409
0.0539727
0.0536792
0.0533704
0.0530569
0.0527499
0.0524607
0.0522
0.051978
0.0518038
0.051685
0.0516271
0.0516335
0.0517048
0.051839
0.0520313
0.0522744
0.0525586
0.0528722
0.0532022
0.0535347
0.0530476
0.053617
0.0541431
0.0546055
0.0549874
0.0552765
0.0554648
0.0555481
0.0555259
0.0554008
0.0551778
0.0548646
0.054471
0.0540095
0.0534947
0.0529441
0.0523773
0.0518156
0.0512805
0.0507937
0.0503755
0.0500438
0.0498133
0.0496944
0.0496931
0.0498106
0.0500427
0.0503806
0.0508106
0.0513148
0.0518718
0.0524577
0.0530075
0.0536049
0.0541801
0.0547093
0.0551691
0.0555383
0.0557995
0.0559396
0.0559517
0.0558351
0.0555957
0.0552451
0.0548003
0.0542819
0.0537128
0.0531172
0.052519
0.0519408
0.0514033
0.0509249
0.0505212
0.0502047
0.049985
0.0498687
0.0498591
0.0499565
0.050158
0.0504577
0.0508464
0.0513122
0.0518399
0.0524117
)
;
    }
    wall
    {
        type            calculated;
        value           uniform 0;
    }
}


// ************************************************************************* //
