/*--------------------------------*- C++ -*----------------------------------*\
| =========                 |                                                 |
| \\      /  F ield         | OpenFOAM: The Open Source CFD Toolbox           |
|  \\    /   O peration     | Version:  2512                                  |
|   \\  /    A nd           | Website:  www.openfoam.com                      |
|    \\/     M anipulation  |                                                 |
\*---------------------------------------------------------------------------*/
FoamFile
{
    version     2.0;
    format      ascii;
    arch        "LSB;label=32;scalar=64";
    class       volScalarField;
    location    "0.108";
    object      magU;
}
// * * * * * * * * * * * * * * * * * * * * * * * * * * * * * * * * * * * * * //

dimensions      [0 1 -1 0 0 0 0];

internalField   nonuniform List<scalar> 
20352
(
0.050234
0.0501923
0.0501419
0.0500848
0.0500233
0.0499596
0.0498963
0.0498358
0.0497803
0.0497321
0.0496927
0.0496639
0.0496465
0.0496413
0.0496484
0.0496676
0.0496981
0.0497389
0.0497884
0.0498448
0.0499059
0.0499694
0.0500329
0.050094
0.0501502
0.0501993
0.0502395
0.0502691
0.0502869
0.0502923
0.050285
0.0502653
0.0454979
0.0454246
0.0453352
0.0452332
0.0451228
0.0450083
0.0448941
0.0447845
0.0446837
0.0445954
0.0445227
0.0444684
0.0444343
0.0444218
0.0444311
0.0444621
0.0445136
0.0445838
0.0446702
0.0447696
0.0448783
0.0449922
0.0451072
0.0452186
0.0453221
0.0454135
0.0454892
0.0455461
0.0455819
0.045595
0.0455849
0.0455521
0.0347205
0.0346351
0.0345304
0.0344107
0.0342809
0.0341461
0.0340117
0.0338827
0.0337639
0.0336595
0.0335733
0.0335082
0.0334665
0.0334497
0.0334583
0.0334921
0.0335499
0.0336298
0.033729
0.0338439
0.0339705
0.034104
0.0342395
0.0343717
0.0344953
0.0346053
0.0346972
0.034767
0.0348118
0.0348297
0.03482
0.0347831
0.0154718
0.0154166
0.0153483
0.0152697
0.015184
0.0150948
0.0150054
0.0149193
0.0148396
0.0147693
0.0147106
0.0146656
0.0146358
0.0146221
0.0146251
0.0146446
0.0146801
0.0147303
0.0147937
0.014868
0.0149507
0.0150388
0.0151289
0.0152175
0.0153012
0.0153765
0.0154402
0.0154895
0.0155223
0.0155372
0.0155335
0.0155113
0.050225
0.0501744
0.0501158
0.0500515
0.049984
0.0499158
0.0498496
0.049788
0.0497333
0.0496878
0.0496529
0.0496301
0.0496203
0.0496236
0.0496401
0.049669
0.0497093
0.0497594
0.0498175
0.0498813
0.0499484
0.0500162
0.0500822
0.0501438
0.0501986
0.0502447
0.0502801
0.0503035
0.050314
0.050311
0.0502946
0.0502656
0.0454594
0.0453674
0.0452616
0.045146
0.0450252
0.0449039
0.0447868
0.0446784
0.0445827
0.0445033
0.0444432
0.0444044
0.0443883
0.0443956
0.0444259
0.044478
0.0445501
0.0446396
0.0447431
0.0448567
0.0449763
0.0450972
0.0452149
0.0453248
0.0454226
0.0455045
0.0455671
0.0456079
0.0456252
0.0456183
0.0455874
0.0455337
0.0346772
0.0345652
0.0344366
0.0342968
0.0341512
0.0340057
0.0338658
0.0337369
0.0336236
0.0335302
0.0334599
0.0334151
0.0333974
0.0334073
0.0334443
0.0335072
0.0335938
0.0337009
0.0338247
0.0339607
0.0341039
0.0342488
0.0343901
0.0345221
0.0346397
0.0347381
0.0348133
0.034862
0.0348821
0.0348728
0.0348343
0.0347682
0.0154482
0.0153696
0.0152798
0.0151827
0.0150821
0.014982
0.0148863
0.0147985
0.0147218
0.0146586
0.0146111
0.0145812
0.0145697
0.0145769
0.0146027
0.014646
0.0147055
0.014779
0.0148641
0.0149578
0.0150566
0.0151569
0.0152548
0.0153466
0.0154284
0.0154966
0.0155484
0.0155817
0.0155949
0.0155874
0.0155595
0.0155125
0.0500524
0.0499946
0.049936
0.0498788
0.0498251
0.0497771
0.0497364
0.0497047
0.0496831
0.0496725
0.0496734
0.0496856
0.0497088
0.049742
0.0497841
0.0498334
0.0498881
0.049946
0.050005
0.0500628
0.050117
0.0501656
0.0502066
0.0502385
0.0502601
0.0502704
0.0502692
0.0502566
0.0502329
0.0501991
0.0501567
0.0501071
0.0451148
0.0450077
0.0449011
0.0447989
0.0447049
0.0446227
0.0445551
0.0445046
0.0444731
0.0444616
0.0444706
0.0444999
0.0445484
0.0446143
0.0446954
0.0447886
0.0448905
0.0449973
0.0451048
0.045209
0.0453056
0.0453909
0.0454614
0.0455141
0.045547
0.0455587
0.0455487
0.0455175
0.0454664
0.0453975
0.0453136
0.0452181
0.0342306
0.0340995
0.0339706
0.0338486
0.0337382
0.033643
0.0335665
0.0335113
0.0334792
0.0334714
0.033488
0.0335286
0.0335918
0.0336757
0.0337772
0.0338928
0.0340183
0.0341491
0.0342802
0.0344064
0.0345226
0.0346241
0.0347066
0.0347666
0.0348015
0.0348097
0.0347909
0.0347459
0.0346768
0.0345866
0.0344792
0.0343589
0.0151173
0.0150238
0.0149332
0.0148489
0.0147738
0.0147104
0.0146608
0.0146264
0.0146084
0.0146073
0.0146231
0.0146554
0.0147031
0.0147647
0.0148384
0.0149216
0.0150114
0.0151047
0.0151978
0.0152871
0.0153689
0.0154396
0.0154961
0.0155358
0.0155569
0.0155583
0.01554
0.0155028
0.0154484
0.0153794
0.0152989
0.0152103
0.0499875
0.0499216
0.0498575
0.0497977
0.0497445
0.0496998
0.0496653
0.0496424
0.0496319
0.0496342
0.0496493
0.0496765
0.049715
0.0497631
0.0498192
0.049881
0.0499462
0.0500124
0.0500769
0.0501372
0.0501911
0.0502363
0.0502712
0.0502944
0.0503049
0.0503023
0.0502868
0.050259
0.05022
0.0501713
0.0501148
0.0500527
0.0450073
0.0448848
0.0447673
0.0446592
0.0445646
0.0444868
0.0444287
0.0443924
0.044379
0.0443893
0.0444227
0.0444781
0.0445536
0.0446465
0.0447533
0.0448702
0.0449926
0.0451161
0.0452356
0.0453466
0.0454446
0.0455257
0.0455866
0.0456247
0.0456385
0.0456274
0.0455919
0.0455335
0.0454546
0.0453584
0.0452489
0.0451303
0.0341193
0.0339687
0.0338253
0.0336944
0.0335807
0.0334881
0.0334198
0.0333781
0.0333644
0.0333792
0.033422
0.0334915
0.0335853
0.0337003
0.0338323
0.0339767
0.0341281
0.0342806
0.0344285
0.0345657
0.0346866
0.0347862
0.0348603
0.0349056
0.0349202
0.0349034
0.0348561
0.0347802
0.0346791
0.0345572
0.0344194
0.0342715
0.0150534
0.014945
0.0148428
0.0147502
0.0146705
0.0146061
0.0145592
0.0145313
0.0145232
0.0145353
0.0145672
0.0146179
0.014686
0.014769
0.0148645
0.014969
0.0150787
0.0151897
0.0152974
0.0153974
0.0154855
0.0155577
0.0156108
0.0156424
0.0156511
0.0156365
0.0155992
0.0155411
0.0154648
0.0153738
0.0152721
0.0151638
0.0499505
0.0499027
0.0498576
0.049817
0.0497823
0.0497549
0.0497358
0.0497258
0.0497254
0.0497344
0.0497526
0.0497794
0.0498137
0.0498541
0.0498993
0.0499474
0.0499967
0.0500452
0.0500909
0.0501321
0.0501672
0.0501947
0.0502137
0.0502234
0.0502235
0.0502139
0.0501951
0.0501678
0.0501331
0.0500924
0.0500471
0.0499992
0.0449385
0.0448547
0.044777
0.0447082
0.0446508
0.044607
0.0445783
0.0445658
0.0445699
0.0445907
0.0446273
0.0446784
0.0447422
0.0448165
0.0448983
0.0449847
0.0450724
0.0451579
0.0452378
0.0453089
0.0453684
0.0454138
0.0454434
0.0454559
0.0454509
0.0454286
0.0453899
0.0453365
0.0452705
0.0451946
0.0451118
0.0450253
0.0340354
0.0339366
0.0338457
0.0337659
0.0337001
0.0336506
0.0336191
0.0336067
0.0336139
0.0336405
0.0336856
0.0337478
0.0338249
0.0339142
0.0340124
0.034116
0.0342209
0.034323
0.0344183
0.0345027
0.0345728
0.0346256
0.0346589
0.0346714
0.0346625
0.0346327
0.0345833
0.0345165
0.034435
0.0343423
0.0342422
0.0341386
0.0149885
0.0149202
0.0148582
0.0148046
0.0147613
0.0147295
0.0147104
0.0147046
0.0147123
0.0147333
0.0147671
0.0148125
0.0148681
0.0149319
0.0150017
0.0150749
0.0151485
0.0152197
0.0152858
0.0153438
0.0153914
0.0154264
0.0154473
0.0154531
0.0154436
0.0154193
0.0153813
0.0153314
0.0152718
0.0152049
0.0151336
0.0150606
0.050045
0.0500368
0.0500262
0.0500137
0.0499996
0.0499847
0.0499694
0.0499545
0.0499405
0.0499279
0.0499174
0.0499093
0.0499039
0.0499016
0.0499023
0.0499061
0.0499126
0.0499216
0.0499327
0.0499453
0.0499592
0.0499736
0.0499882
0.0500024
0.0500156
0.0500275
0.0500375
0.0500453
0.0500507
0.0500534
0.0500534
0.0500506
0.0451494
0.0451445
0.0451343
0.0451191
0.0450995
0.0450762
0.0450503
0.0450226
0.0449944
0.0449668
0.044941
0.0449179
0.0448985
0.0448835
0.0448737
0.0448691
0.04487
0.0448761
0.0448872
0.0449029
0.0449224
0.0449451
0.0449701
0.0449966
0.0450236
0.04505
0.0450749
0.0450975
0.0451168
0.0451322
0.0451431
0.0451489
0.0343194
0.0343207
0.0343144
0.0343007
0.0342802
0.0342536
0.034222
0.0341867
0.0341492
0.0341111
0.0340739
0.0340391
0.0340082
0.0339824
0.0339627
0.0339496
0.0339435
0.0339444
0.0339523
0.0339668
0.0339872
0.0340128
0.0340427
0.0340758
0.034111
0.034147
0.0341825
0.0342163
0.0342471
0.0342738
0.0342954
0.0343109
0.0152183
0.0152241
0.0152236
0.015217
0.0152044
0.0151863
0.0151635
0.015137
0.0151078
0.0150773
0.0150467
0.0150173
0.0149901
0.0149662
0.0149462
0.0149309
0.0149208
0.0149164
0.0149176
0.0149244
0.0149364
0.0149533
0.0149744
0.014999
0.0150263
0.0150555
0.0150853
0.0151149
0.0151429
0.0151684
0.0151899
0.0152068
0.0501754
0.050205
0.0502254
0.0502359
0.0502359
0.0502257
0.0502055
0.0501763
0.0501391
0.0500955
0.0500471
0.0499958
0.0499437
0.0498927
0.0498448
0.0498018
0.0497652
0.0497365
0.0497167
0.0497064
0.0497061
0.0497158
0.0497352
0.0497637
0.0498
0.0498429
0.0498908
0.0499418
0.049994
0.0500454
0.050094
0.050138
0.0454217
0.0454874
0.0455342
0.0455604
0.0455648
0.0455472
0.0455085
0.0454502
0.0453747
0.045285
0.0451848
0.045078
0.0449689
0.0448615
0.0447599
0.044668
0.0445891
0.044526
0.0444811
0.0444559
0.0444515
0.0444679
0.0445046
0.0445603
0.0446331
0.0447202
0.0448185
0.0449242
0.0450334
0.0451419
0.0452455
0.04534
0.0346678
0.0347556
0.0348188
0.0348549
0.0348623
0.0348406
0.0347909
0.0347152
0.0346169
0.0345001
0.0343696
0.0342306
0.0340887
0.0339492
0.0338174
0.0336982
0.0335958
0.0335137
0.0334548
0.0334212
0.0334139
0.0334334
0.033479
0.0335491
0.0336414
0.0337526
0.0338787
0.0340152
0.034157
0.0342986
0.0344345
0.0345593
0.0154805
0.0155492
0.0155991
0.0156279
0.0156344
0.0156182
0.0155802
0.0155221
0.0154465
0.0153568
0.0152568
0.0151507
0.0150428
0.014937
0.0148373
0.0147473
0.01467
0.014608
0.0145634
0.0145375
0.0145314
0.014545
0.0145782
0.0146297
0.0146981
0.0147811
0.0148757
0.0149789
0.0150867
0.015195
0.0152996
0.0153961
0.0501794
0.0502178
0.0502466
0.0502647
0.0502712
0.050266
0.0502492
0.0502216
0.0501843
0.0501386
0.0500866
0.0500302
0.0499716
0.0499131
0.0498569
0.0498051
0.0497597
0.0497223
0.0496944
0.0496769
0.0496705
0.0496754
0.0496914
0.0497181
0.0497544
0.0497989
0.0498501
0.0499059
0.0499644
0.0500232
0.0500801
0.0501329
0.0453984
0.0454736
0.0455305
0.0455669
0.0455813
0.0455731
0.0455426
0.045491
0.0454207
0.0453343
0.0452355
0.0451283
0.0450168
0.0449054
0.0447983
0.0446995
0.0446126
0.0445408
0.0444866
0.044452
0.0444383
0.0444459
0.0444745
0.0445232
0.0445903
0.0446733
0.0447692
0.0448746
0.0449854
0.0450975
0.0452066
0.0453082
0.0346136
0.0347078
0.0347795
0.0348257
0.0348443
0.0348346
0.034797
0.034733
0.0346457
0.0345386
0.0344164
0.0342841
0.034147
0.0340104
0.0338795
0.0337591
0.0336533
0.0335661
0.0335002
0.033458
0.0334408
0.0334493
0.0334832
0.0335414
0.0336219
0.033722
0.0338383
0.0339665
0.0341021
0.03424
0.0343748
0.034501
0.0154182
0.0154874
0.0155405
0.0155749
0.0155892
0.0155826
0.0155554
0.0155091
0.0154456
0.0153679
0.0152796
0.0151842
0.0150855
0.0149875
0.0148939
0.0148082
0.0147331
0.0146713
0.0146246
0.0145946
0.0145822
0.0145877
0.0146109
0.0146513
0.0147076
0.0147779
0.0148601
0.0149513
0.0150482
0.0151471
0.0152443
0.015336
0.0500345
0.0500486
0.0500601
0.0500683
0.050073
0.0500738
0.0500709
0.0500642
0.0500541
0.050041
0.0500254
0.0500081
0.0499897
0.0499711
0.0499529
0.0499357
0.0499201
0.0499068
0.0498962
0.0498887
0.0498845
0.0498838
0.0498865
0.0498926
0.0499019
0.0499141
0.0499287
0.0499452
0.0499631
0.0499817
0.0500003
0.0500181
0.0450781
0.0450985
0.0451154
0.0451282
0.0451363
0.0451393
0.0451371
0.0451299
0.0451179
0.0451017
0.045082
0.0450596
0.0450354
0.0450105
0.0449857
0.0449621
0.0449403
0.0449212
0.0449054
0.0448935
0.044886
0.044883
0.0448847
0.044891
0.0449019
0.0449167
0.0449352
0.0449566
0.0449802
0.0450051
0.0450304
0.0450551
0.0341871
0.0342074
0.0342247
0.0342384
0.0342476
0.0342522
0.0342518
0.0342465
0.0342366
0.0342226
0.0342052
0.0341851
0.0341632
0.0341405
0.0341178
0.034096
0.0340756
0.0340574
0.034042
0.0340299
0.0340214
0.0340169
0.0340165
0.0340203
0.0340283
0.0340401
0.0340555
0.0340739
0.0340948
0.0341176
0.0341412
0.0341647
0.0150873
0.015098
0.0151075
0.0151155
0.0151216
0.0151255
0.0151271
0.0151262
0.0151231
0.0151179
0.0151108
0.0151023
0.0150927
0.015082
0.015071
0.0150601
0.0150497
0.0150402
0.0150317
0.0150246
0.0150191
0.0150153
0.0150135
0.0150136
0.0150157
0.0150199
0.0150261
0.015034
0.0150434
0.0150537
0.0150647
0.0150761
0.0498468
0.0498251
0.0498091
0.0497993
0.0497962
0.0497998
0.0498098
0.0498261
0.0498479
0.0498745
0.0499049
0.049938
0.0499726
0.0500073
0.0500409
0.050072
0.0500994
0.050122
0.0501388
0.0501493
0.0501529
0.0501496
0.0501393
0.0501225
0.0500999
0.0500724
0.050041
0.0500072
0.0499722
0.0499373
0.049904
0.0498734
0.0447228
0.044673
0.044636
0.0446131
0.0446052
0.0446124
0.0446345
0.0446708
0.0447198
0.0447798
0.0448485
0.0449234
0.0450018
0.0450806
0.0451568
0.0452274
0.0452896
0.045341
0.0453794
0.0454034
0.0454119
0.0454046
0.0453817
0.0453443
0.0452937
0.0452321
0.0451619
0.0450858
0.0450069
0.0449282
0.0448528
0.0447834
0.0337508
0.0336842
0.0336345
0.0336035
0.0335923
0.0336014
0.0336302
0.0336779
0.0337428
0.0338224
0.033914
0.0340142
0.0341193
0.0342253
0.0343281
0.0344238
0.0345083
0.0345784
0.0346311
0.0346641
0.0346762
0.0346667
0.0346361
0.0345857
0.0345176
0.0344345
0.0343399
0.0342376
0.0341315
0.034026
0.0339249
0.033832
0.0147759
0.0147241
0.0146854
0.0146611
0.0146521
0.0146586
0.0146804
0.0147168
0.0147665
0.014828
0.0148989
0.0149768
0.0150589
0.0151418
0.0152225
0.0152978
0.0153647
0.0154203
0.0154624
0.0154889
0.0154989
0.0154917
0.0154679
0.0154283
0.0153747
0.0153095
0.0152354
0.0151553
0.0150726
0.0149902
0.0149114
0.014839
0.0497673
0.0497286
0.0496991
0.0496799
0.0496715
0.0496745
0.0496885
0.0497132
0.0497477
0.0497906
0.0498403
0.0498951
0.0499528
0.0500112
0.0500682
0.0501213
0.0501686
0.0502083
0.0502386
0.0502585
0.050267
0.0502639
0.0502493
0.0502238
0.0501884
0.0501446
0.050094
0.0500386
0.0499807
0.0499224
0.049866
0.0498136
0.0446038
0.0445275
0.0444694
0.0444315
0.0444153
0.0444212
0.0444491
0.044498
0.0445661
0.044651
0.0447497
0.0448584
0.0449733
0.0450898
0.0452035
0.04531
0.0454049
0.0454844
0.0455454
0.0455852
0.0456023
0.045596
0.0455664
0.0455149
0.0454436
0.0453554
0.0452539
0.0451431
0.0450274
0.0449114
0.0447994
0.0446956
0.0336289
0.0335344
0.0334624
0.0334156
0.0333954
0.0334026
0.0334369
0.0334972
0.0335814
0.0336867
0.0338095
0.0339453
0.0340892
0.0342359
0.0343796
0.0345147
0.0346355
0.0347372
0.0348152
0.0348663
0.0348883
0.0348802
0.0348423
0.0347764
0.0346853
0.034573
0.0344441
0.0343039
0.0341581
0.0340124
0.0338723
0.0337429
0.0147035
0.0146353
0.0145836
0.01455
0.0145357
0.014541
0.0145658
0.0146093
0.0146703
0.0147468
0.0148363
0.0149358
0.0150417
0.0151501
0.0152567
0.0153574
0.015448
0.0155243
0.0155832
0.0156217
0.0156382
0.0156318
0.0156029
0.0155529
0.015484
0.0153994
0.0153029
0.0151986
0.0150906
0.0149832
0.0148805
0.0147862
0.0498822
0.04986
0.0498421
0.0498292
0.0498218
0.0498202
0.0498245
0.0498345
0.0498499
0.0498701
0.0498944
0.0499219
0.0499517
0.0499825
0.0500132
0.0500425
0.0500693
0.0500923
0.0501107
0.0501238
0.050131
0.0501322
0.0501272
0.0501163
0.0501
0.050079
0.050054
0.050026
0.0499963
0.049966
0.0499362
0.0499079
0.0448543
0.0448168
0.0447865
0.0447646
0.0447518
0.0447485
0.044755
0.044771
0.044796
0.0448291
0.0448693
0.0449149
0.0449645
0.0450161
0.0450678
0.0451173
0.0451627
0.0452022
0.045234
0.045257
0.0452701
0.0452729
0.0452653
0.0452476
0.0452207
0.0451855
0.0451437
0.0450968
0.0450469
0.0449958
0.0449455
0.0448977
0.0339636
0.0339218
0.0338878
0.0338629
0.0338479
0.0338432
0.0338493
0.0338658
0.0338923
0.0339281
0.0339718
0.0340221
0.0340772
0.0341351
0.0341935
0.0342498
0.0343019
0.0343475
0.0343846
0.0344116
0.0344274
0.0344313
0.0344232
0.0344036
0.0343733
0.0343337
0.0342867
0.0342341
0.0341781
0.0341211
0.034065
0.0340119
0.0149626
0.0149353
0.014913
0.0148966
0.0148864
0.014883
0.0148864
0.0148965
0.0149132
0.014936
0.0149642
0.0149968
0.0150326
0.01507
0.0151079
0.0151448
0.015179
0.0152092
0.015234
0.0152522
0.015263
0.015266
0.0152611
0.0152486
0.015229
0.0152035
0.0151731
0.0151391
0.0151029
0.0150656
0.0150289
0.0149941
0.0501143
0.0501291
0.0501378
0.05014
0.0501357
0.050125
0.0501084
0.0500867
0.0500606
0.0500312
0.0499997
0.0499674
0.0499355
0.0499053
0.0498779
0.0498541
0.049835
0.0498211
0.0498129
0.0498107
0.0498147
0.0498246
0.0498402
0.0498609
0.049886
0.0499145
0.0499453
0.0499774
0.0500096
0.0500405
0.0500691
0.050094
0.0453248
0.0453616
0.0453846
0.0453927
0.0453857
0.0453638
0.0453279
0.0452795
0.0452206
0.0451536
0.0450811
0.045006
0.0449313
0.0448599
0.0447943
0.0447369
0.0446899
0.0446549
0.0446332
0.0446255
0.0446322
0.0446529
0.0446871
0.0447334
0.0447902
0.0448554
0.0449266
0.045001
0.0450761
0.0451487
0.0452162
0.0452757
0.0345626
0.0346151
0.0346485
0.0346614
0.0346532
0.0346243
0.0345759
0.0345101
0.0344296
0.0343378
0.0342385
0.0341356
0.0340332
0.0339352
0.0338451
0.0337662
0.0337012
0.0336525
0.0336217
0.0336099
0.0336175
0.0336442
0.0336891
0.0337507
0.0338269
0.0339148
0.0340114
0.0341131
0.034216
0.0343164
0.03441
0.0344933
0.0154125
0.0154556
0.0154834
0.0154947
0.015489
0.0154665
0.0154283
0.015376
0.015312
0.0152391
0.0151602
0.0150785
0.0149971
0.0149189
0.014847
0.0147839
0.0147319
0.0146926
0.0146675
0.0146572
0.0146622
0.0146822
0.0147168
0.0147646
0.0148242
0.0148935
0.01497
0.015051
0.0151333
0.0152136
0.0152889
0.0153562
0.0502568
0.0502976
0.0503253
0.0503389
0.0503379
0.0503222
0.0502926
0.0502502
0.0501967
0.0501343
0.0500654
0.0499927
0.049919
0.0498471
0.0497798
0.0497195
0.0496685
0.0496288
0.0496018
0.0495885
0.0495893
0.0496043
0.049633
0.0496742
0.0497264
0.0497878
0.049856
0.0499285
0.0500024
0.050075
0.0501433
0.0502047
0.0455901
0.0456738
0.0457312
0.0457599
0.0457588
0.0457278
0.0456683
0.0455829
0.0454749
0.0453489
0.04521
0.0450636
0.0449155
0.0447714
0.0446367
0.0445162
0.0444145
0.0443351
0.0442808
0.0442537
0.0442546
0.0442835
0.0443394
0.0444205
0.0445237
0.0446454
0.0447811
0.0449259
0.0450743
0.0452205
0.0453588
0.0454837
0.0348801
0.0349887
0.0350636
0.0351013
0.0351003
0.0350605
0.0349837
0.0348734
0.0347344
0.0345727
0.0343951
0.0342087
0.0340209
0.0338389
0.0336694
0.0335184
0.0333912
0.0332922
0.0332245
0.0331904
0.0331911
0.0332266
0.0332957
0.0333961
0.0335246
0.0336767
0.0338471
0.0340298
0.034218
0.0344044
0.0345816
0.0347424
0.0156349
0.015718
0.0157755
0.0158047
0.0158041
0.0157738
0.0157153
0.0156314
0.015526
0.0154039
0.0152706
0.0151316
0.0149924
0.0148583
0.0147342
0.0146243
0.0145321
0.0144606
0.0144118
0.0143872
0.0143876
0.0144128
0.0144622
0.0145345
0.0146273
0.0147378
0.0148625
0.0149969
0.0151363
0.0152753
0.0154085
0.0155301
0.0501921
0.0502276
0.0502531
0.0502676
0.0502706
0.0502619
0.0502418
0.0502111
0.050171
0.0501233
0.0500697
0.0500125
0.0499538
0.049896
0.0498412
0.0497915
0.0497486
0.0497142
0.0496897
0.0496758
0.0496731
0.0496817
0.0497012
0.0497309
0.0497698
0.0498163
0.0498688
0.0499253
0.0499838
0.0500419
0.0500974
0.0501482
0.0454068
0.0454725
0.04552
0.0455473
0.0455533
0.0455378
0.0455013
0.0454455
0.0453727
0.0452859
0.0451886
0.0450847
0.0449785
0.0448738
0.0447747
0.0446848
0.0446074
0.0445451
0.0445003
0.0444746
0.0444687
0.0444831
0.0445171
0.0445696
0.0446387
0.044722
0.0448165
0.0449187
0.0450248
0.0451308
0.0452324
0.0453257
0.0346108
0.034691
0.0347493
0.0347831
0.0347909
0.0347724
0.0347284
0.034661
0.0345731
0.0344685
0.0343517
0.0342275
0.0341009
0.0339767
0.0338595
0.0337534
0.0336622
0.0335889
0.0335361
0.0335054
0.0334979
0.033514
0.033553
0.0336137
0.0336942
0.0337917
0.0339029
0.0340239
0.0341502
0.034277
0.0343993
0.0345122
0.0154064
0.0154636
0.0155055
0.0155299
0.0155358
0.015523
0.0154921
0.0154445
0.0153825
0.0153091
0.0152273
0.0151406
0.0150523
0.0149658
0.0148844
0.0148111
0.0147483
0.0146979
0.0146616
0.0146403
0.0146349
0.0146454
0.0146717
0.0147128
0.0147677
0.0148345
0.0149112
0.014995
0.0150828
0.0151712
0.0152569
0.0153365
0.0499593
0.0499638
0.0499688
0.0499741
0.0499795
0.0499848
0.0499898
0.0499941
0.0499977
0.0500005
0.0500024
0.0500035
0.0500038
0.0500033
0.050002
0.0499999
0.0499969
0.0499933
0.0499891
0.0499844
0.0499794
0.0499743
0.0499693
0.0499644
0.0499599
0.0499561
0.0499532
0.0499513
0.0499506
0.0499512
0.0499529
0.0499556
0.0449192
0.0449199
0.0449239
0.0449311
0.0449411
0.0449536
0.044968
0.0449839
0.0450007
0.0450178
0.0450347
0.0450507
0.0450654
0.0450782
0.0450885
0.0450958
0.0450998
0.0451003
0.0450972
0.0450905
0.0450805
0.0450677
0.0450524
0.0450354
0.0450173
0.0449989
0.044981
0.0449643
0.0449496
0.0449374
0.0449281
0.0449219
0.0339799
0.0339754
0.0339768
0.0339837
0.0339961
0.0340132
0.0340347
0.0340597
0.0340873
0.0341167
0.0341467
0.0341765
0.0342049
0.0342309
0.0342533
0.0342711
0.0342836
0.0342901
0.0342902
0.0342839
0.0342714
0.0342532
0.03423
0.0342029
0.0341729
0.0341414
0.0341097
0.0340791
0.0340509
0.0340261
0.0340056
0.0339901
0.0149316
0.0149243
0.0149224
0.0149259
0.0149347
0.0149484
0.0149666
0.0149886
0.0150136
0.0150409
0.0150695
0.0150981
0.0151256
0.015151
0.0151733
0.0151918
0.0152055
0.015214
0.0152167
0.0152134
0.0152044
0.0151899
0.0151706
0.0151472
0.0151209
0.0150927
0.0150638
0.0150352
0.0150079
0.014983
0.0149615
0.0149442
0.0497046
0.0496759
0.0496584
0.0496526
0.0496587
0.0496765
0.0497052
0.0497439
0.049791
0.0498448
0.0499033
0.0499644
0.0500257
0.050085
0.0501398
0.0501881
0.0502279
0.0502576
0.0502761
0.0502826
0.0502768
0.0502589
0.0502296
0.05019
0.0501417
0.0500867
0.0500272
0.0499654
0.0499038
0.0498448
0.0497906
0.0497433
0.0444539
0.0443931
0.0443553
0.0443419
0.0443534
0.0443893
0.0444483
0.0445284
0.0446266
0.0447394
0.0448627
0.0449918
0.0451219
0.045248
0.045365
0.0454683
0.0455537
0.0456177
0.0456577
0.045672
0.0456599
0.045622
0.04556
0.0454762
0.0453742
0.0452582
0.0451326
0.0450026
0.0448731
0.0447491
0.0446352
0.0445356
0.0334206
0.0333423
0.0332935
0.0332758
0.0332897
0.0333349
0.0334098
0.0335118
0.0336376
0.0337827
0.033942
0.0341096
0.0342793
0.0344445
0.0345986
0.0347352
0.0348486
0.0349339
0.0349875
0.0350069
0.0349913
0.0349415
0.0348596
0.0347492
0.0346151
0.0344628
0.0342987
0.0341293
0.0339613
0.0338008
0.0336539
0.0335256
0.0145391
0.0144811
0.0144448
0.0144316
0.0144416
0.0144748
0.01453
0.0146055
0.0146992
0.0148078
0.0149277
0.0150547
0.0151839
0.0153103
0.0154288
0.0155345
0.0156226
0.0156892
0.0157311
0.0157464
0.0157343
0.0156955
0.0156317
0.015546
0.0154424
0.0153253
0.0151999
0.0150711
0.014944
0.0148231
0.0147129
0.0146172
0.0496388
0.0495982
0.0495715
0.0495596
0.0495629
0.0495813
0.0496142
0.0496604
0.049718
0.0497851
0.0498591
0.0499372
0.0500165
0.0500939
0.0501664
0.0502311
0.0502854
0.0503273
0.050355
0.0503674
0.050364
0.0503449
0.0503109
0.0502634
0.0502043
0.0501359
0.0500609
0.0499823
0.0499032
0.0498265
0.0497552
0.0496918
0.0443776
0.0443002
0.0442493
0.0442265
0.0442327
0.0442677
0.0443302
0.0444182
0.0445284
0.044657
0.0447995
0.0449504
0.0451042
0.0452549
0.0453964
0.0455232
0.04563
0.0457123
0.0457667
0.0457909
0.045784
0.0457461
0.045679
0.0455855
0.0454695
0.0453358
0.0451898
0.0450374
0.0448844
0.0447367
0.0445998
0.0444786
0.0333642
0.0332703
0.0332086
0.0331809
0.0331881
0.0332302
0.0333057
0.0334122
0.0335464
0.0337037
0.0338788
0.0340653
0.0342563
0.0344445
0.0346223
0.0347822
0.0349174
0.035022
0.0350912
0.0351221
0.0351132
0.0350648
0.0349794
0.0348608
0.0347142
0.0345461
0.0343635
0.0341738
0.0339846
0.0338027
0.0336349
0.0334871
0.0145217
0.0144556
0.0144124
0.0143932
0.0143985
0.0144283
0.0144818
0.0145575
0.0146531
0.0147658
0.014892
0.0150271
0.0151662
0.0153042
0.0154353
0.015554
0.0156549
0.0157331
0.015785
0.015808
0.0158009
0.0157641
0.0156996
0.0156105
0.015501
0.0153763
0.0152418
0.015103
0.0149653
0.0148341
0.0147138
0.0146086
0.0498596
0.0498352
0.0498159
0.0498026
0.0497958
0.0497958
0.0498026
0.0498159
0.0498353
0.0498601
0.0498895
0.0499223
0.0499574
0.0499932
0.0500285
0.0500616
0.0500914
0.0501165
0.0501361
0.0501492
0.0501556
0.0501548
0.0501471
0.0501327
0.0501122
0.0500865
0.0500566
0.0500238
0.0499893
0.0499544
0.0499203
0.0498883
0.0448388
0.0447983
0.0447656
0.0447418
0.044728
0.0447246
0.0447318
0.0447494
0.0447769
0.0448134
0.0448577
0.0449081
0.0449627
0.0450195
0.0450761
0.0451302
0.0451796
0.0452222
0.0452563
0.0452804
0.0452938
0.0452958
0.0452865
0.0452663
0.0452361
0.0451974
0.0451516
0.0451007
0.0450466
0.0449915
0.0449371
0.0448856
0.0339655
0.0339204
0.033883
0.0338546
0.0338363
0.0338287
0.0338324
0.0338474
0.0338732
0.0339094
0.0339545
0.0340073
0.0340658
0.0341275
0.03419
0.0342507
0.0343068
0.0343561
0.0343962
0.0344257
0.0344431
0.034448
0.0344403
0.0344205
0.0343896
0.0343492
0.034301
0.0342472
0.0341898
0.0341309
0.0340726
0.0340168
0.0149779
0.0149486
0.0149237
0.014904
0.0148903
0.0148831
0.0148827
0.0148895
0.0149032
0.0149237
0.0149502
0.0149817
0.0150169
0.0150548
0.0150937
0.0151322
0.0151685
0.0152009
0.015228
0.0152486
0.0152619
0.0152674
0.0152649
0.0152548
0.0152377
0.0152146
0.0151863
0.0151541
0.0151188
0.0150823
0.0150459
0.0150107
0.0501996
0.0502066
0.0502043
0.0501928
0.0501726
0.0501446
0.0501098
0.0500698
0.050026
0.0499802
0.0499342
0.0498898
0.0498488
0.0498126
0.0497826
0.0497597
0.0497449
0.0497386
0.049741
0.049752
0.0497713
0.0497982
0.0498317
0.0498705
0.0499133
0.0499583
0.0500041
0.0500487
0.0500906
0.050128
0.0501595
0.0501837
0.0455119
0.0455341
0.0455354
0.0455159
0.0454763
0.0454183
0.0453442
0.0452572
0.0451606
0.0450583
0.0449544
0.0448529
0.0447576
0.044672
0.0445993
0.0445421
0.0445023
0.0444815
0.0444803
0.0444989
0.0445365
0.0445918
0.0446629
0.0447471
0.0448414
0.0449423
0.0450459
0.0451483
0.0452457
0.045334
0.0454098
0.04547
0.0348123
0.0348463
0.0348518
0.0348286
0.0347776
0.0347011
0.0346024
0.0344857
0.0343558
0.0342179
0.0340776
0.0339403
0.0338112
0.0336948
0.0335954
0.0335163
0.0334603
0.0334292
0.0334243
0.0334455
0.0334923
0.0335631
0.0336553
0.0337659
0.0338908
0.0340256
0.0341652
0.0343044
0.0344378
0.03456
0.034666
0.0347513
0.0156054
0.0156352
0.0156423
0.0156263
0.015588
0.0155292
0.0154526
0.0153615
0.0152599
0.0151522
0.0150424
0.0149348
0.0148332
0.0147412
0.0146623
0.014599
0.0145533
0.0145268
0.0145202
0.0145338
0.0145673
0.0146195
0.0146889
0.0147731
0.0148693
0.0149741
0.0150837
0.0151938
0.0153
0.0153981
0.0154841
0.0155542
0.0503807
0.0504056
0.0504131
0.0504028
0.0503752
0.0503313
0.0502729
0.0502024
0.0501226
0.0500365
0.0499476
0.0498593
0.049775
0.0496978
0.0496307
0.0495762
0.0495362
0.0495122
0.0495052
0.0495153
0.0495422
0.0495848
0.0496416
0.0497106
0.0497891
0.0498742
0.0499627
0.0500512
0.0501363
0.0502147
0.0502833
0.0503394
0.0458304
0.0458836
0.0459018
0.0458844
0.0458321
0.045747
0.0456328
0.0454942
0.0453369
0.0451673
0.044992
0.0448179
0.0446516
0.0444993
0.0443665
0.044258
0.0441775
0.0441279
0.0441109
0.044127
0.0441758
0.0442556
0.0443635
0.0444958
0.0446477
0.0448138
0.0449877
0.045163
0.0453329
0.0454906
0.0456297
0.0457445
0.0351822
0.0352524
0.0352777
0.0352569
0.0351909
0.0350828
0.0349374
0.0347611
0.0345616
0.0343471
0.0341265
0.0339082
0.0337005
0.033511
0.0333461
0.0332115
0.0331115
0.0330494
0.0330272
0.0330455
0.0331038
0.0332003
0.0333318
0.033494
0.0336816
0.0338878
0.0341054
0.0343261
0.0345415
0.0347428
0.0349216
0.0350702
0.015854
0.015909
0.01593
0.0159158
0.0158672
0.0157867
0.0156782
0.0155469
0.0153989
0.0152406
0.0150787
0.0149194
0.0147687
0.0146317
0.014513
0.0144163
0.0143444
0.0142993
0.0142822
0.0142937
0.0143334
0.0144003
0.0144924
0.0146071
0.0147408
0.0148893
0.0150475
0.0152095
0.015369
0.0155195
0.0156545
0.0157678
0.0503126
0.0503253
0.0503241
0.0503091
0.050281
0.0502406
0.0501897
0.0501301
0.0500643
0.0499949
0.0499246
0.0498561
0.0497922
0.0497353
0.0496875
0.0496504
0.0496256
0.0496139
0.0496158
0.0496311
0.0496593
0.0496992
0.0497492
0.0498076
0.0498722
0.0499405
0.0500099
0.050078
0.0501421
0.0501997
0.0502486
0.0502867
0.0456173
0.0456386
0.0456351
0.0456068
0.0455549
0.0454815
0.0453896
0.0452829
0.0451658
0.045043
0.0449192
0.0447994
0.0446881
0.0445894
0.0445068
0.0444434
0.0444014
0.0443821
0.0443863
0.0444137
0.0444634
0.0445336
0.0446217
0.0447246
0.0448384
0.0449591
0.0450821
0.0452026
0.0453162
0.0454183
0.0455048
0.045572
0.0348611
0.0348853
0.0348796
0.0348441
0.0347803
0.0346909
0.0345799
0.0344518
0.0343122
0.0341666
0.034021
0.0338809
0.0337517
0.033638
0.0335437
0.0334721
0.0334255
0.0334053
0.0334121
0.0334457
0.0335048
0.0335875
0.0336908
0.0338113
0.0339447
0.0340862
0.0342306
0.0343725
0.0345064
0.0346269
0.034729
0.0348082
0.0155756
0.015591
0.0155857
0.0155596
0.015514
0.0154509
0.0153733
0.0152844
0.0151883
0.0150889
0.0149902
0.014896
0.0148093
0.0147335
0.0146713
0.0146245
0.0145946
0.0145825
0.0145883
0.014612
0.0146526
0.0147089
0.0147791
0.0148608
0.0149515
0.0150478
0.0151464
0.0152434
0.0153348
0.0154169
0.0154864
0.0155401
0.0500926
0.0500751
0.0500539
0.0500299
0.0500038
0.0499766
0.0499494
0.0499231
0.0498988
0.0498775
0.0498601
0.0498473
0.0498397
0.0498376
0.0498409
0.0498496
0.0498633
0.0498814
0.0499034
0.0499282
0.0499549
0.0499824
0.0500096
0.0500354
0.050059
0.0500793
0.0500958
0.0501079
0.0501151
0.0501172
0.050114
0.0501057
0.0451503
0.0451094
0.0450647
0.0450179
0.0449708
0.0449252
0.0448829
0.0448453
0.0448139
0.0447901
0.0447746
0.0447681
0.044771
0.0447831
0.0448039
0.0448327
0.0448683
0.0449094
0.0449544
0.0450015
0.045049
0.045095
0.0451376
0.0451753
0.0452066
0.0452302
0.0452454
0.0452514
0.0452482
0.0452359
0.0452148
0.045186
0.0342544
0.0341982
0.0341397
0.0340809
0.0340242
0.0339717
0.0339252
0.0338865
0.0338571
0.0338381
0.0338301
0.0338336
0.0338485
0.0338743
0.03391
0.0339542
0.0340052
0.0340613
0.0341201
0.0341795
0.034237
0.0342906
0.034338
0.0343773
0.0344071
0.0344261
0.0344336
0.0344294
0.0344137
0.0343872
0.0343507
0.0343059
0.0151174
0.0150724
0.0150276
0.0149845
0.0149449
0.0149102
0.0148816
0.0148601
0.0148465
0.0148412
0.0148444
0.0148559
0.0148751
0.0149016
0.0149345
0.0149727
0.0150147
0.0150591
0.015104
0.0151479
0.0151888
0.0152253
0.0152558
0.015279
0.015294
0.0153002
0.0152973
0.0152852
0.0152644
0.0152358
0.0152008
0.0151608
0.0499095
0.0498743
0.0498429
0.0498166
0.0497964
0.0497829
0.0497766
0.0497778
0.0497864
0.0498021
0.0498244
0.0498524
0.0498851
0.0499213
0.0499596
0.0499986
0.0500367
0.0500725
0.0501046
0.0501317
0.0501527
0.0501668
0.0501733
0.0501721
0.0501631
0.0501468
0.0501238
0.050095
0.0500616
0.0500249
0.0499863
0.0499474
0.044831
0.0447597
0.0446981
0.0446485
0.0446127
0.0445919
0.0445868
0.0445976
0.044624
0.0446648
0.0447186
0.0447835
0.0448571
0.0449366
0.0450191
0.0451014
0.0451803
0.0452528
0.045316
0.0453674
0.045405
0.0454272
0.045433
0.0454223
0.0453954
0.0453533
0.0452978
0.0452311
0.0451558
0.045075
0.0449917
0.0449093
0.0338822
0.0337922
0.0337155
0.0336549
0.0336124
0.0335895
0.0335869
0.0336046
0.0336419
0.0336976
0.0337697
0.0338555
0.0339521
0.0340559
0.034163
0.0342695
0.0343711
0.0344639
0.0345442
0.0346087
0.0346546
0.0346801
0.034684
0.0346661
0.0346271
0.0345685
0.0344928
0.0344031
0.0343031
0.0341967
0.0340884
0.0339821
0.0148696
0.0148033
0.0147475
0.0147042
0.0146747
0.01466
0.0146605
0.0146761
0.0147063
0.0147501
0.014806
0.0148721
0.0149461
0.0150253
0.015107
0.0151879
0.0152651
0.0153353
0.0153956
0.0154435
0.0154768
0.0154941
0.0154944
0.0154779
0.0154451
0.0153975
0.0153371
0.0152665
0.0151886
0.0151068
0.0150242
0.0149441
0.0499154
0.0498951
0.049878
0.0498646
0.0498553
0.0498505
0.0498504
0.049855
0.0498642
0.0498776
0.0498948
0.0499152
0.049938
0.0499624
0.0499875
0.0500124
0.050036
0.0500573
0.0500755
0.0500898
0.0500997
0.0501046
0.0501044
0.0500992
0.0500892
0.0500747
0.0500565
0.0500353
0.0500118
0.0499871
0.0499622
0.049938
0.0448905
0.0448548
0.0448249
0.0448021
0.0447872
0.0447805
0.0447825
0.0447929
0.0448114
0.0448374
0.0448699
0.0449079
0.0449499
0.0449944
0.0450398
0.0450842
0.0451259
0.0451633
0.0451947
0.0452189
0.0452349
0.045242
0.04524
0.0452289
0.0452093
0.0451818
0.0451476
0.0451081
0.045065
0.0450199
0.0449747
0.044931
0.0339916
0.0339508
0.0339169
0.0338912
0.0338745
0.0338673
0.0338698
0.033882
0.0339035
0.0339335
0.0339711
0.0340149
0.0340635
0.0341151
0.0341679
0.0342197
0.0342685
0.0343121
0.0343489
0.0343772
0.0343959
0.034404
0.0344012
0.0343876
0.034364
0.0343311
0.0342906
0.0342441
0.0341934
0.0341408
0.0340884
0.034038
0.0149755
0.0149479
0.0149251
0.0149077
0.0148964
0.0148914
0.0148929
0.014901
0.0149152
0.0149353
0.0149606
0.0149902
0.0150232
0.0150583
0.0150941
0.0151292
0.0151623
0.0151921
0.0152173
0.0152367
0.0152495
0.0152551
0.0152532
0.0152439
0.0152277
0.0152054
0.0151778
0.0151463
0.0151121
0.0150767
0.0150411
0.015007
0.0500434
0.0500633
0.0500798
0.0500923
0.0501001
0.0501029
0.0501007
0.0500935
0.0500817
0.0500658
0.0500465
0.0500244
0.0500007
0.0499761
0.0499517
0.0499285
0.0499071
0.0498884
0.049873
0.0498615
0.0498542
0.0498514
0.0498532
0.0498595
0.0498703
0.0498851
0.0499034
0.0499245
0.0499476
0.049972
0.0499968
0.0500209
0.0451605
0.0452058
0.0452435
0.0452721
0.0452904
0.0452976
0.0452934
0.0452781
0.0452521
0.0452167
0.0451733
0.0451236
0.0450697
0.0450136
0.0449577
0.0449039
0.0448543
0.0448107
0.0447746
0.0447474
0.04473
0.0447232
0.044727
0.0447415
0.0447661
0.0447999
0.0448416
0.0448899
0.0449428
0.0449984
0.0450547
0.0451094
0.0343398
0.0344023
0.0344543
0.0344938
0.034519
0.0345288
0.0345229
0.0345014
0.0344653
0.0344162
0.034356
0.0342873
0.0342129
0.0341358
0.034059
0.0339854
0.0339176
0.0338582
0.0338092
0.0337724
0.0337491
0.03374
0.0337455
0.0337654
0.0337991
0.0338452
0.0339023
0.0339683
0.0340407
0.0341169
0.0341942
0.0342695
0.0152357
0.0152851
0.0153264
0.0153576
0.0153775
0.0153852
0.0153803
0.015363
0.0153341
0.0152948
0.0152469
0.0151924
0.0151335
0.0150725
0.0150117
0.0149534
0.0148998
0.014853
0.0148145
0.0147856
0.0147675
0.0147605
0.014765
0.0147809
0.0148075
0.014844
0.0148892
0.0149414
0.0149989
0.0150594
0.0151206
0.0151801
0.0501432
0.0501979
0.0502436
0.0502787
0.0503016
0.0503113
0.0503075
0.0502904
0.0502607
0.0502196
0.0501686
0.05011
0.0500459
0.0499789
0.0499116
0.0498465
0.049786
0.0497326
0.0496881
0.0496542
0.0496321
0.0496226
0.0496261
0.0496425
0.0496711
0.049711
0.0497607
0.0498183
0.0498816
0.0499484
0.0500159
0.0500817
0.0453493
0.0454584
0.0455502
0.0456207
0.0456671
0.0456875
0.045681
0.0456479
0.0455896
0.0455085
0.0454079
0.045292
0.0451654
0.045033
0.0449
0.0447716
0.0446525
0.044547
0.0444592
0.044392
0.0443479
0.0443286
0.0443346
0.0443659
0.0444212
0.0444986
0.0445953
0.0447079
0.0448321
0.0449634
0.0450968
0.0452271
0.0345656
0.0347054
0.0348233
0.0349142
0.0349744
0.0350011
0.0349931
0.0349509
0.0348762
0.0347724
0.0346438
0.034496
0.0343349
0.0341672
0.0339993
0.0338376
0.0336882
0.0335563
0.0334466
0.0333628
0.0333079
0.0332836
0.0332908
0.0333292
0.0333975
0.0334935
0.0336139
0.0337545
0.0339103
0.0340756
0.0342443
0.0344098
0.0153897
0.0154942
0.0155828
0.0156517
0.0156976
0.0157184
0.015713
0.0156818
0.0156262
0.0155488
0.0154532
0.0153436
0.0152247
0.0151014
0.0149785
0.0148607
0.0147523
0.0146569
0.0145778
0.0145174
0.0144777
0.0144599
0.0144644
0.0144912
0.0145394
0.0146077
0.0146937
0.0147949
0.0149076
0.0150281
0.0151518
0.015274
0.0501707
0.0502314
0.0502819
0.0503202
0.0503448
0.0503546
0.0503492
0.0503287
0.0502941
0.0502467
0.0501885
0.0501217
0.050049
0.0499733
0.0498975
0.0498245
0.049757
0.0496977
0.0496487
0.0496118
0.0495884
0.0495793
0.0495848
0.0496047
0.0496382
0.0496842
0.049741
0.0498063
0.0498779
0.049953
0.0500288
0.0501023
0.0453779
0.0454907
0.0455849
0.0456566
0.0457028
0.0457216
0.0457122
0.0456749
0.0456113
0.045524
0.0454168
0.0452939
0.0451603
0.0450212
0.0448822
0.0447484
0.0446249
0.0445163
0.0444265
0.0443586
0.0443152
0.0442976
0.0443066
0.0443419
0.0444021
0.0444851
0.044588
0.0447071
0.0448379
0.0449757
0.0451151
0.045251
0.0345847
0.0347235
0.0348398
0.0349286
0.0349861
0.0350096
0.0349982
0.0349523
0.034874
0.0347666
0.0346349
0.0344844
0.0343212
0.0341521
0.0339836
0.0338221
0.0336735
0.0335432
0.0334357
0.0333546
0.0333027
0.0332816
0.0332921
0.0333338
0.0334053
0.0335042
0.0336272
0.03377
0.0339276
0.0340942
0.0342636
0.0344293
0.0153902
0.0154896
0.0155734
0.0156378
0.0156799
0.0156975
0.0156898
0.0156573
0.0156015
0.0155249
0.0154311
0.0153243
0.015209
0.0150899
0.0149719
0.0148591
0.0147557
0.0146653
0.0145908
0.0145347
0.0144986
0.0144837
0.0144902
0.0145182
0.0145666
0.014634
0.0147184
0.014817
0.0149265
0.015043
0.0151623
0.0152796
0.0501675
0.0502088
0.0502411
0.0502631
0.0502738
0.0502729
0.0502603
0.0502364
0.0502022
0.0501589
0.0501085
0.0500527
0.049994
0.0499345
0.0498767
0.0498226
0.0497745
0.0497341
0.0497029
0.049682
0.0496723
0.0496739
0.049687
0.0497108
0.0497444
0.0497867
0.0498361
0.0498906
0.0499484
0.0500071
0.0500646
0.0501188
0.045359
0.0454292
0.0454832
0.0455188
0.0455344
0.0455295
0.0455042
0.0454595
0.0453972
0.0453199
0.0452307
0.0451331
0.045031
0.0449283
0.044829
0.0447369
0.0446554
0.0445875
0.0445357
0.0445019
0.0444872
0.0444923
0.0445168
0.04456
0.0446202
0.0446952
0.0447823
0.0448782
0.0449793
0.0450818
0.0451818
0.0452754
0.0345561
0.0346381
0.0347006
0.0347409
0.0347573
0.034749
0.0347165
0.034661
0.034585
0.0344915
0.0343845
0.0342682
0.0341472
0.0340263
0.0339102
0.033803
0.033709
0.0336312
0.0335727
0.0335353
0.0335203
0.0335283
0.033559
0.0336113
0.0336833
0.0337726
0.0338758
0.0339893
0.0341089
0.0342299
0.0343478
0.034458
0.0153707
0.0154262
0.0154678
0.0154939
0.0155033
0.0154955
0.0154709
0.0154305
0.0153762
0.0153103
0.0152355
0.0151549
0.0150719
0.0149895
0.014911
0.0148391
0.0147763
0.014725
0.0146868
0.0146631
0.0146546
0.0146616
0.0146839
0.0147207
0.0147708
0.0148325
0.0149036
0.0149818
0.015064
0.0151473
0.0152283
0.0153039
0.0501494
0.0501645
0.0501725
0.0501729
0.0501658
0.0501514
0.0501301
0.0501029
0.0500707
0.0500346
0.0499963
0.0499572
0.0499189
0.0498829
0.0498506
0.0498233
0.0498019
0.0497873
0.04978
0.0497803
0.0497882
0.0498032
0.0498249
0.0498523
0.0498842
0.0499196
0.0499571
0.0499953
0.0500329
0.0500683
0.0501004
0.0501277
0.0453196
0.0453404
0.0453483
0.0453431
0.045325
0.0452947
0.0452533
0.0452026
0.0451445
0.0450812
0.0450154
0.0449495
0.044886
0.0448274
0.0447759
0.0447334
0.0447015
0.0446814
0.0446737
0.0446789
0.0446967
0.0447264
0.044767
0.0448169
0.0448743
0.0449369
0.0450024
0.0450683
0.0451321
0.0451913
0.0452436
0.0452869
0.034506
0.0345272
0.0345329
0.0345229
0.0344977
0.0344581
0.034406
0.0343433
0.0342727
0.0341968
0.0341188
0.0340414
0.0339678
0.0339007
0.0338425
0.0337953
0.033761
0.0337407
0.0337351
0.0337445
0.0337685
0.0338064
0.0338567
0.0339176
0.0339868
0.0340618
0.0341398
0.0342177
0.0342925
0.0343612
0.0344213
0.0344703
0.0153349
0.0153473
0.0153487
0.0153391
0.0153189
0.0152891
0.0152508
0.0152056
0.0151554
0.0151023
0.0150482
0.0149953
0.0149456
0.0149007
0.0148622
0.0148316
0.01481
0.0147982
0.0147965
0.014805
0.0148235
0.0148514
0.0148876
0.0149309
0.0149797
0.0150323
0.0150867
0.0151407
0.0151923
0.0152394
0.0152798
0.0153121
0.0500914
0.0500873
0.0500791
0.0500671
0.0500517
0.0500334
0.0500129
0.049991
0.0499684
0.0499461
0.0499248
0.0499056
0.0498893
0.0498764
0.0498674
0.0498628
0.0498627
0.0498671
0.0498759
0.0498886
0.0499047
0.0499237
0.0499447
0.0499669
0.0499893
0.0500111
0.0500316
0.05005
0.0500657
0.0500781
0.0500867
0.0500912
0.0452027
0.0451911
0.0451726
0.0451478
0.0451178
0.0450836
0.0450467
0.0450084
0.0449702
0.0449335
0.0448999
0.0448705
0.0448466
0.0448289
0.0448182
0.0448149
0.044819
0.0448305
0.0448488
0.0448734
0.0449033
0.0449373
0.0449741
0.0450125
0.0450507
0.0450874
0.0451212
0.0451507
0.0451749
0.0451927
0.0452035
0.0452069
0.0343553
0.0343392
0.034315
0.0342838
0.0342467
0.0342051
0.0341608
0.0341155
0.0340708
0.0340285
0.0339902
0.0339574
0.0339312
0.0339127
0.0339024
0.0339009
0.033908
0.0339236
0.0339471
0.0339777
0.0340141
0.0340551
0.0340991
0.0341445
0.0341894
0.0342321
0.034271
0.0343045
0.0343314
0.0343505
0.034361
0.0343627
0.0152206
0.0152085
0.015191
0.0151687
0.0151427
0.0151139
0.0150835
0.0150526
0.0150225
0.0149942
0.0149689
0.0149475
0.0149305
0.0149188
0.0149127
0.0149125
0.0149182
0.0149296
0.0149463
0.0149677
0.0149931
0.0150214
0.0150517
0.0150827
0.0151133
0.0151423
0.0151686
0.015191
0.0152086
0.0152207
0.0152268
0.0152268
0.0500185
0.050001
0.0499827
0.0499642
0.0499463
0.0499295
0.0499145
0.0499018
0.0498918
0.0498849
0.0498815
0.0498817
0.0498856
0.0498931
0.0499039
0.0499176
0.0499337
0.0499516
0.0499706
0.0499899
0.0500087
0.0500263
0.050042
0.050055
0.0500649
0.0500712
0.0500738
0.0500727
0.0500679
0.0500597
0.0500484
0.0500345
0.0450646
0.0450308
0.0449963
0.0449624
0.0449304
0.0449015
0.0448767
0.044857
0.0448431
0.0448355
0.0448346
0.0448404
0.0448528
0.0448711
0.0448949
0.0449231
0.0449547
0.0449885
0.0450232
0.0450575
0.04509
0.0451194
0.0451447
0.0451648
0.0451789
0.0451864
0.045187
0.0451808
0.045168
0.0451491
0.0451249
0.0450964
0.0341837
0.0341419
0.0340998
0.034059
0.034021
0.0339872
0.033959
0.0339373
0.0339229
0.0339164
0.033918
0.0339276
0.0339451
0.0339696
0.0340003
0.0340361
0.0340755
0.0341172
0.0341594
0.0342007
0.0342393
0.0342738
0.0343029
0.0343252
0.03434
0.0343467
0.0343448
0.0343347
0.0343166
0.0342913
0.0342599
0.0342236
0.015096
0.0150666
0.0150375
0.0150097
0.0149842
0.014962
0.0149439
0.0149306
0.0149224
0.0149199
0.0149229
0.0149314
0.014945
0.0149633
0.0149857
0.0150113
0.0150391
0.0150682
0.0150974
0.0151257
0.0151518
0.0151748
0.0151937
0.0152078
0.0152165
0.0152193
0.0152163
0.0152075
0.0151932
0.015174
0.0151507
0.0151244
0.0499703
0.0499395
0.0499102
0.0498834
0.0498601
0.0498412
0.0498274
0.0498191
0.0498165
0.0498198
0.0498289
0.0498436
0.0498633
0.0498874
0.0499149
0.0499448
0.049976
0.0500073
0.0500374
0.0500652
0.0500896
0.0501096
0.0501243
0.050133
0.0501355
0.0501316
0.0501215
0.0501057
0.0500849
0.0500599
0.0500317
0.0500015
0.0449845
0.0449263
0.0448715
0.0448221
0.0447799
0.0447465
0.0447231
0.0447105
0.0447093
0.0447193
0.0447404
0.0447717
0.0448121
0.0448601
0.0449139
0.0449715
0.0450307
0.0450892
0.0451448
0.0451952
0.0452386
0.0452731
0.0452974
0.0453106
0.0453119
0.0453015
0.0452797
0.0452473
0.0452057
0.0451566
0.0451019
0.0450438
0.0340917
0.03402
0.0339527
0.0338925
0.0338414
0.0338015
0.0337741
0.0337601
0.0337601
0.033774
0.0338015
0.0338414
0.0338924
0.0339526
0.0340197
0.0340913
0.0341647
0.0342371
0.0343057
0.0343677
0.0344206
0.0344624
0.0344914
0.0345062
0.0345064
0.0344918
0.0344632
0.0344215
0.0343686
0.0343065
0.0342379
0.0341653
0.015034
0.0149829
0.0149353
0.0148931
0.0148577
0.0148304
0.0148122
0.0148037
0.0148051
0.0148164
0.0148372
0.0148668
0.0149041
0.0149479
0.0149965
0.0150481
0.0151008
0.0151526
0.0152015
0.0152455
0.0152828
0.0153119
0.0153315
0.0153409
0.0153396
0.0153276
0.0153054
0.0152741
0.0152348
0.0151892
0.0151392
0.0150868
0.0499826
0.0499394
0.0498975
0.0498587
0.0498242
0.0497953
0.0497732
0.0497586
0.0497519
0.0497536
0.0497635
0.0497815
0.0498067
0.0498384
0.0498753
0.049916
0.049959
0.0500027
0.0500453
0.0500851
0.0501207
0.0501505
0.0501734
0.0501883
0.0501948
0.0501925
0.0501817
0.0501628
0.0501365
0.050104
0.0500665
0.0500255
0.0450263
0.0449448
0.044866
0.0447928
0.0447279
0.0446738
0.0446325
0.0446054
0.0445936
0.0445975
0.044617
0.0446513
0.0446992
0.044759
0.0448284
0.0449048
0.0449854
0.0450671
0.0451467
0.0452211
0.0452875
0.0453431
0.0453859
0.0454139
0.0454262
0.0454221
0.045402
0.0453664
0.045317
0.0452557
0.0451849
0.0451074
0.0341552
0.0340543
0.0339569
0.0338665
0.0337865
0.0337198
0.0336687
0.0336352
0.0336204
0.0336248
0.0336482
0.0336899
0.0337483
0.0338214
0.0339065
0.0340005
0.0340999
0.0342009
0.0342997
0.0343924
0.0344753
0.034545
0.0345987
0.0346343
0.0346501
0.0346456
0.0346209
0.034577
0.0345157
0.0344395
0.0343517
0.0342556
0.0150888
0.0150161
0.0149461
0.0148813
0.0148241
0.0147764
0.01474
0.014716
0.0147052
0.014708
0.0147243
0.0147535
0.0147948
0.0148466
0.0149071
0.0149743
0.0150457
0.0151185
0.0151901
0.0152575
0.0153181
0.0153693
0.0154089
0.0154353
0.0154473
0.0154443
0.0154264
0.0153945
0.0153499
0.0152946
0.0152308
0.0151613
0.0500391
0.0499932
0.0499466
0.049901
0.0498582
0.0498197
0.049787
0.0497612
0.0497433
0.0497341
0.0497339
0.0497428
0.0497606
0.0497865
0.0498197
0.0498589
0.0499026
0.0499491
0.0499966
0.0500432
0.0500872
0.0501267
0.0501602
0.0501862
0.0502038
0.0502124
0.0502116
0.0502016
0.0501827
0.0501559
0.050122
0.0500826
0.0451363
0.0450508
0.0449639
0.0448789
0.0447991
0.0447274
0.0446664
0.0446185
0.0445853
0.0445682
0.0445677
0.044584
0.0446163
0.0446637
0.0447243
0.0447959
0.0448758
0.044961
0.0450483
0.0451342
0.0452154
0.0452888
0.0453514
0.0454007
0.0454348
0.0454522
0.0454523
0.0454351
0.0454013
0.0453523
0.04529
0.0452171
0.0342933
0.0341883
0.0340817
0.0339775
0.0338796
0.0337917
0.0337168
0.0336578
0.0336167
0.0335949
0.0335934
0.0336121
0.0336503
0.0337069
0.0337797
0.0338662
0.0339632
0.0340671
0.0341739
0.0342796
0.03438
0.0344712
0.0345494
0.0346114
0.0346548
0.0346776
0.0346789
0.0346587
0.0346179
0.0345581
0.0344819
0.0343924
0.0151874
0.0151119
0.0150356
0.0149611
0.0148915
0.014829
0.014776
0.0147343
0.0147052
0.0146898
0.0146885
0.0147015
0.0147283
0.014768
0.0148194
0.0148804
0.0149491
0.015023
0.0150994
0.0151753
0.0152477
0.0153136
0.0153705
0.0154158
0.0154475
0.0154644
0.0154657
0.0154513
0.0154218
0.0153787
0.0153236
0.0152589
0.050098
0.0500659
0.0500305
0.049993
0.0499547
0.0499172
0.0498817
0.0498497
0.0498222
0.0498005
0.0497855
0.0497777
0.0497776
0.0497851
0.0498
0.0498217
0.0498495
0.0498823
0.0499187
0.0499574
0.0499967
0.0500351
0.050071
0.0501031
0.0501301
0.0501509
0.050165
0.0501717
0.0501709
0.0501627
0.0501473
0.0501254
0.0452396
0.0451832
0.0451202
0.045053
0.0449843
0.0449166
0.0448525
0.0447943
0.0447444
0.0447046
0.0446765
0.0446611
0.0446589
0.0446702
0.0446945
0.0447309
0.0447781
0.0448342
0.0448971
0.0449643
0.0450335
0.0451017
0.0451665
0.0452253
0.0452758
0.0453159
0.0453442
0.0453595
0.0453613
0.0453494
0.0453244
0.0452873
0.0344158
0.0343489
0.0342738
0.0341934
0.0341108
0.0340293
0.0339518
0.0338813
0.0338205
0.0337715
0.0337363
0.0337161
0.0337116
0.0337231
0.0337502
0.0337918
0.0338465
0.0339123
0.0339866
0.0340666
0.0341494
0.0342317
0.0343104
0.0343823
0.0344446
0.0344948
0.034531
0.0345515
0.0345557
0.0345434
0.034515
0.034472
0.0152715
0.0152248
0.0151723
0.0151162
0.0150587
0.0150018
0.0149479
0.0148988
0.0148564
0.0148221
0.0147973
0.0147829
0.0147792
0.0147865
0.0148045
0.0148326
0.0148696
0.0149144
0.0149653
0.0150204
0.0150778
0.0151352
0.0151903
0.0152411
0.0152854
0.0153213
0.0153476
0.015363
0.0153669
0.0153591
0.0153401
0.0153105
0.050162
0.0501565
0.050144
0.0501251
0.0501004
0.0500708
0.0500373
0.0500012
0.0499639
0.049927
0.049892
0.0498602
0.0498329
0.0498112
0.049796
0.0497877
0.0497869
0.0497934
0.0498069
0.0498269
0.0498526
0.0498829
0.0499166
0.0499523
0.0499888
0.0500246
0.0500586
0.0500894
0.0501158
0.050137
0.0501521
0.0501605
0.0453561
0.0453511
0.0453328
0.045302
0.0452598
0.0452079
0.0451483
0.0450833
0.0450156
0.0449477
0.0448823
0.044822
0.044769
0.0447254
0.0446927
0.0446722
0.0446646
0.0446702
0.0446886
0.0447192
0.0447609
0.044812
0.0448706
0.0449347
0.0450017
0.0450691
0.0451344
0.0451949
0.0452484
0.0452928
0.0453264
0.0453477
0.0345583
0.034556
0.034537
0.0345022
0.0344528
0.034391
0.0343191
0.0342401
0.0341571
0.0340733
0.0339921
0.0339166
0.0338495
0.0337934
0.0337503
0.0337218
0.0337088
0.0337117
0.0337304
0.0337642
0.0338119
0.0338717
0.0339415
0.0340187
0.0341004
0.0341836
0.034265
0.0343416
0.0344103
0.0344684
0.0345135
0.0345439
0.0153737
0.0153742
0.0153627
0.0153397
0.0153061
0.0152632
0.015213
0.0151574
0.0150988
0.0150394
0.0149815
0.0149274
0.014879
0.0148381
0.0148061
0.0147841
0.0147726
0.0147722
0.0147829
0.0148043
0.0148357
0.0148759
0.0149237
0.0149772
0.0150346
0.0150936
0.0151522
0.0152079
0.0152586
0.0153022
0.0153368
0.0153611
0.0502175
0.0502379
0.0502482
0.0502478
0.0502367
0.0502152
0.0501841
0.0501446
0.0500982
0.0500468
0.0499925
0.0499375
0.0498839
0.0498338
0.0497891
0.0497517
0.0497228
0.0497035
0.0496946
0.0496963
0.0497084
0.0497305
0.0497617
0.0498006
0.0498459
0.049896
0.0499489
0.0500027
0.0500554
0.0501051
0.0501497
0.0501877
0.0454643
0.0455072
0.0455306
0.0455336
0.0455159
0.0454784
0.0454224
0.0453503
0.0452649
0.0451699
0.0450688
0.0449658
0.0448647
0.0447695
0.0446837
0.0446105
0.0445526
0.0445119
0.0444901
0.0444877
0.0445049
0.0445411
0.0445949
0.0446645
0.0447472
0.0448401
0.0449396
0.045042
0.0451435
0.0452401
0.045328
0.0454037
0.0346939
0.0347502
0.0347821
0.0347883
0.0347684
0.0347233
0.0346549
0.0345661
0.0344607
0.034343
0.0342178
0.03409
0.0339646
0.0338463
0.0337394
0.0336479
0.0335749
0.033523
0.0334938
0.0334884
0.0335069
0.0335488
0.0336126
0.033696
0.0337963
0.0339097
0.0340322
0.0341592
0.034286
0.0344074
0.0345188
0.0346156
0.0154738
0.0155163
0.0155411
0.0155471
0.015534
0.0155023
0.0154536
0.0153899
0.0153142
0.0152296
0.0151397
0.015048
0.0149582
0.0148735
0.0147971
0.0147314
0.0146787
0.0146407
0.0146187
0.0146133
0.0146248
0.0146528
0.0146963
0.0147541
0.0148241
0.0149041
0.0149911
0.0150821
0.0151736
0.0152621
0.0153438
0.0154155
0.0502559
0.0502938
0.0503192
0.050331
0.0503287
0.0503123
0.0502824
0.0502401
0.050187
0.0501253
0.0500575
0.0499864
0.0499146
0.049845
0.0497803
0.0497229
0.0496751
0.0496385
0.0496146
0.0496042
0.0496075
0.0496246
0.0496545
0.0496962
0.049748
0.0498082
0.0498744
0.0499442
0.050015
0.0500842
0.050149
0.050207
0.0455379
0.0456111
0.0456606
0.0456845
0.0456817
0.0456523
0.0455975
0.0455196
0.0454219
0.0453082
0.0451832
0.0450519
0.0449193
0.0447907
0.0446707
0.044564
0.0444743
0.0444049
0.0443583
0.044336
0.0443389
0.0443669
0.0444189
0.0444932
0.044587
0.044697
0.0448191
0.0449488
0.0450812
0.0452113
0.0453339
0.0454443
0.0347851
0.0348772
0.0349401
0.0349709
0.0349683
0.0349324
0.0348647
0.0347683
0.0346473
0.0345067
0.0343526
0.034191
0.0340284
0.0338709
0.0337245
0.0335943
0.033485
0.0334004
0.0333432
0.0333153
0.0333178
0.0333505
0.0334123
0.0335011
0.033614
0.0337471
0.0338956
0.0340542
0.034217
0.0343776
0.0345299
0.0346677
0.0155404
0.0156082
0.0156547
0.0156779
0.0156766
0.0156508
0.0156019
0.0155321
0.0154445
0.0153431
0.0152323
0.0151168
0.0150009
0.0148893
0.0147859
0.0146944
0.0146176
0.0145582
0.014518
0.0144982
0.0144993
0.0145215
0.0145639
0.0146253
0.0147038
0.0147968
0.0149012
0.0150135
0.0151294
0.0152447
0.0153546
0.0154546
0.050254
0.0502971
0.0503276
0.0503443
0.0503464
0.0503338
0.0503069
0.0502667
0.0502147
0.0501529
0.050084
0.0500107
0.049936
0.0498626
0.0497936
0.0497314
0.0496785
0.0496368
0.0496079
0.0495928
0.049592
0.0496056
0.0496328
0.0496726
0.0497235
0.0497835
0.0498506
0.0499222
0.0499957
0.0500684
0.0501374
0.0502001
0.0455187
0.0455972
0.0456528
0.0456832
0.0456869
0.045664
0.0456152
0.0455426
0.0454491
0.0453387
0.0452158
0.0450853
0.0449524
0.0448221
0.0446994
0.0445889
0.0444945
0.0444198
0.0443673
0.044339
0.0443358
0.0443578
0.0444042
0.0444734
0.0445629
0.0446695
0.0447892
0.0449176
0.04505
0.0451813
0.0453064
0.0454204
0.0347513
0.0348475
0.0349158
0.0349532
0.0349579
0.0349297
0.0348699
0.0347811
0.0346671
0.0345328
0.0343838
0.0342261
0.034066
0.0339096
0.0337628
0.0336309
0.0335186
0.0334297
0.0333673
0.0333335
0.0333294
0.0333551
0.0334098
0.0334916
0.0335978
0.0337247
0.0338678
0.034022
0.0341815
0.0343403
0.0344923
0.0346312
0.0155063
0.0155747
0.0156233
0.01565
0.0156533
0.0156333
0.0155907
0.0155277
0.015447
0.0153524
0.0152478
0.0151376
0.0150261
0.0149178
0.0148166
0.014726
0.0146492
0.0145886
0.0145461
0.0145231
0.0145203
0.0145377
0.0145749
0.0146305
0.014703
0.01479
0.0148885
0.0149952
0.015106
0.0152169
0.0153234
0.0154213
0.0502213
0.0502614
0.0502903
0.0503071
0.0503109
0.0503015
0.0502793
0.0502449
0.0501997
0.0501455
0.0500844
0.050019
0.0499519
0.0498857
0.049823
0.0497661
0.0497174
0.0496786
0.0496511
0.0496359
0.0496336
0.0496441
0.0496671
0.0497015
0.0497459
0.0497987
0.049858
0.0499217
0.0499874
0.0500526
0.0501149
0.0501719
0.0454443
0.0455146
0.0455653
0.0455943
0.0456005
0.0455834
0.0455438
0.0454832
0.0454043
0.0453101
0.0452045
0.0450917
0.0449761
0.0448622
0.0447542
0.0446564
0.0445722
0.0445047
0.0444565
0.0444291
0.0444237
0.0444404
0.0444785
0.0445366
0.0446127
0.044704
0.044807
0.0449181
0.0450331
0.0451475
0.045257
0.0453572
0.0346512
0.0347358
0.0347969
0.0348319
0.0348392
0.0348185
0.0347707
0.0346979
0.0346031
0.0344903
0.0343641
0.0342297
0.0340925
0.0339575
0.03383
0.0337146
0.0336156
0.0335363
0.0334796
0.0334474
0.0334408
0.0334601
0.0335045
0.0335726
0.0336619
0.0337693
0.033891
0.0340226
0.0341592
0.0342956
0.0344265
0.0345466
0.0154284
0.0154873
0.0155299
0.0155543
0.0155595
0.0155451
0.0155118
0.0154612
0.0153955
0.0153175
0.0152305
0.0151382
0.0150441
0.014952
0.0148653
0.0147872
0.0147202
0.0146668
0.0146287
0.014607
0.0146025
0.0146153
0.0146451
0.0146908
0.014751
0.0148236
0.0149061
0.0149958
0.0150891
0.0151826
0.0152728
0.0153558
0.0502082
0.0502478
0.050277
0.0502945
0.0502995
0.0502918
0.0502716
0.0502396
0.050197
0.0501453
0.0500868
0.0500237
0.0499588
0.0498944
0.0498332
0.0497775
0.0497294
0.0496907
0.0496629
0.0496471
0.0496436
0.0496527
0.0496738
0.0497061
0.0497482
0.0497986
0.0498555
0.0499167
0.0499801
0.0500433
0.0501038
0.0501595
0.0454264
0.0454976
0.0455499
0.0455811
0.04559
0.045576
0.0455399
0.0454829
0.0454075
0.0453168
0.0452143
0.0451042
0.0449908
0.0448785
0.0447715
0.0446738
0.0445892
0.0445207
0.0444708
0.0444413
0.0444333
0.044447
0.0444818
0.0445367
0.0446094
0.0446974
0.0447974
0.0449058
0.0450184
0.045131
0.0452393
0.0453391
0.0346346
0.0347218
0.034786
0.0348245
0.0348357
0.0348189
0.0347751
0.0347059
0.0346145
0.0345045
0.0343806
0.0342478
0.0341113
0.0339763
0.0338481
0.0337313
0.0336301
0.0335482
0.0334885
0.0334529
0.0334427
0.0334583
0.0334991
0.0335637
0.0336499
0.0337545
0.033874
0.0340039
0.0341395
0.0342755
0.0344069
0.0345282
0.0154223
0.0154847
0.0155311
0.0155591
0.0155677
0.0155564
0.0155258
0.0154771
0.0154126
0.0153352
0.0152481
0.015155
0.0150595
0.0149655
0.0148764
0.0147954
0.0147253
0.0146687
0.0146272
0.0146023
0.0145948
0.0146048
0.0146321
0.0146757
0.0147343
0.014806
0.0148883
0.0149782
0.0150726
0.0151679
0.0152604
0.0153464
0.0502292
0.0502709
0.0503011
0.0503186
0.0503226
0.050313
0.0502899
0.0502543
0.0502073
0.0501508
0.0500871
0.0500187
0.0499486
0.0498793
0.0498137
0.0497543
0.0497033
0.0496627
0.0496339
0.0496181
0.0496158
0.0496269
0.049651
0.0496871
0.0497337
0.0497889
0.0498509
0.0499173
0.0499857
0.0500536
0.0501184
0.0501777
0.0454783
0.0455553
0.045611
0.0456432
0.0456504
0.0456324
0.04559
0.0455247
0.0454394
0.0453374
0.0452229
0.0451005
0.044975
0.0448512
0.0447337
0.0446271
0.0445352
0.0444615
0.0444086
0.0443783
0.0443718
0.0443893
0.0444301
0.0444927
0.0445749
0.0446736
0.0447853
0.0449057
0.0450305
0.0451549
0.045274
0.0453833
0.0347071
0.0348027
0.0348722
0.0349125
0.0349219
0.0348998
0.0348474
0.0347668
0.0346616
0.0345362
0.0343957
0.0342459
0.0340928
0.0339421
0.0337996
0.0336705
0.0335595
0.0334704
0.0334063
0.0333694
0.0333609
0.0333812
0.0334295
0.0335041
0.0336027
0.0337216
0.0338567
0.0340031
0.0341554
0.0343078
0.0344545
0.0345894
0.0154804
0.0155505
0.0156018
0.015632
0.0156397
0.0156246
0.0155873
0.0155295
0.015454
0.0153641
0.0152636
0.0151569
0.0150481
0.0149414
0.0148409
0.01475
0.014672
0.0146093
0.014564
0.0145376
0.0145308
0.0145439
0.0145765
0.0146275
0.0146953
0.0147778
0.0148722
0.0149752
0.0150831
0.0151918
0.0152971
0.0153947
0.0502642
0.0502997
0.0503227
0.0503321
0.0503276
0.0503092
0.0502775
0.0502338
0.0501795
0.0501168
0.0500482
0.0499764
0.0499044
0.0498349
0.0497708
0.0497145
0.0496682
0.0496337
0.0496121
0.0496043
0.0496105
0.0496304
0.0496632
0.0497075
0.0497616
0.0498232
0.0498902
0.0499601
0.0500303
0.0500983
0.0501615
0.0502175
0.0455482
0.045613
0.0456542
0.0456702
0.0456602
0.0456246
0.0455648
0.0454834
0.0453836
0.0452694
0.0451455
0.0450166
0.0448879
0.0447642
0.0446502
0.0445501
0.0444677
0.0444058
0.0443669
0.0443521
0.0443621
0.0443965
0.0444539
0.0445324
0.044629
0.0447403
0.044862
0.0449896
0.0451184
0.0452433
0.0453596
0.0454626
0.0347958
0.0348755
0.034926
0.0349452
0.034932
0.0348872
0.0348125
0.0347114
0.034588
0.0344475
0.0342957
0.0341385
0.0339822
0.0338327
0.0336954
0.0335753
0.0334767
0.033403
0.0333567
0.0333394
0.0333516
0.033393
0.0334621
0.0335566
0.0336731
0.0338076
0.0339552
0.0341106
0.0342678
0.0344208
0.0345636
0.0346903
0.0155461
0.0156041
0.015641
0.015655
0.0156456
0.0156132
0.0155592
0.0154862
0.0153975
0.0152968
0.0151886
0.0150771
0.0149667
0.0148616
0.0147656
0.0146819
0.0146133
0.014562
0.0145297
0.0145174
0.0145254
0.0145537
0.0146011
0.0146663
0.0147472
0.0148411
0.0149447
0.0150544
0.0151661
0.0152755
0.0153781
0.0154697
0.0502876
0.0503034
0.0503066
0.050297
0.0502749
0.0502412
0.0501969
0.0501438
0.0500838
0.0500192
0.0499524
0.0498862
0.0498233
0.0497661
0.049717
0.0496778
0.0496502
0.049635
0.0496329
0.0496438
0.0496675
0.0497028
0.0497483
0.0498023
0.0498624
0.0499264
0.0499919
0.0500564
0.0501176
0.0501732
0.0502212
0.0502599
0.045588
0.0456132
0.0456148
0.0455928
0.045548
0.0454823
0.0453981
0.0452991
0.045189
0.0450723
0.0449535
0.0448372
0.0447277
0.0446292
0.0445454
0.0444793
0.0444335
0.0444095
0.0444081
0.0444296
0.044473
0.0445368
0.0446187
0.0447156
0.0448239
0.0449395
0.045058
0.0451749
0.0452857
0.0453861
0.0454721
0.0455403
0.0348417
0.0348701
0.0348694
0.0348396
0.034782
0.0346989
0.0345939
0.0344714
0.0343363
0.0341942
0.0340505
0.0339108
0.0337804
0.0336638
0.0335654
0.0334887
0.0334363
0.03341
0.0334107
0.0334385
0.0334923
0.0335703
0.0336698
0.0337873
0.0339185
0.0340586
0.0342022
0.034344
0.0344783
0.0345998
0.0347036
0.0347853
0.0155781
0.0155971
0.015595
0.015572
0.0155292
0.0154683
0.0153922
0.0153042
0.0152079
0.0151074
0.0150066
0.0149093
0.014819
0.014739
0.0146721
0.0146202
0.0145851
0.0145681
0.0145697
0.0145897
0.0146278
0.0146825
0.0147521
0.0148343
0.0149263
0.0150247
0.0151259
0.0152262
0.0153213
0.0154076
0.0154812
0.0155389
0.0502768
0.0502642
0.0502407
0.050207
0.0501645
0.0501146
0.0500593
0.0500005
0.0499404
0.0498812
0.0498252
0.0497747
0.0497317
0.0496981
0.0496752
0.0496638
0.0496646
0.0496773
0.0497016
0.0497365
0.0497807
0.0498323
0.0498892
0.0499493
0.05001
0.0500689
0.0501238
0.0501727
0.0502139
0.0502458
0.0502674
0.0502778
0.0455586
0.0455282
0.0454777
0.0454092
0.0453253
0.0452293
0.0451252
0.0450169
0.0449086
0.0448044
0.0447083
0.0446238
0.0445541
0.0445018
0.0444687
0.0444561
0.0444646
0.0444937
0.0445424
0.0446091
0.0446912
0.0447857
0.0448891
0.0449974
0.0451065
0.045212
0.0453098
0.0453961
0.0454675
0.0455212
0.045555
0.0455677
0.0347983
0.0347562
0.0346896
0.0346014
0.0344953
0.0343755
0.034247
0.0341147
0.0339839
0.0338594
0.0337458
0.0336472
0.0335672
0.0335086
0.0334734
0.0334628
0.0334773
0.0335163
0.0335786
0.0336619
0.0337635
0.0338795
0.0340059
0.0341378
0.0342701
0.0343978
0.0345157
0.0346191
0.0347036
0.0347658
0.0348033
0.0348143
0.0155421
0.0155082
0.0154572
0.0153911
0.015313
0.0152261
0.0151341
0.0150405
0.0149491
0.0148631
0.0147856
0.0147194
0.0146666
0.014629
0.0146076
0.0146033
0.0146162
0.0146459
0.0146916
0.0147517
0.0148243
0.0149068
0.0149964
0.0150897
0.0151833
0.0152733
0.0153562
0.0154284
0.0154869
0.0155291
0.0155528
0.0155572
0.0502272
0.0501915
0.0501476
0.0500973
0.0500424
0.0499848
0.0499268
0.0498704
0.0498177
0.0497705
0.0497308
0.0497002
0.04968
0.049671
0.0496737
0.049688
0.0497134
0.0497491
0.0497935
0.0498452
0.0499019
0.0499614
0.0500214
0.0500793
0.0501329
0.0501799
0.0502186
0.0502477
0.0502661
0.0502732
0.0502689
0.0502533
0.045455
0.0453823
0.0452953
0.0451975
0.0450929
0.0449854
0.0448791
0.0447782
0.0446863
0.0446068
0.0445428
0.0444965
0.0444696
0.0444631
0.0444772
0.0445115
0.0445648
0.0446351
0.04472
0.0448162
0.0449201
0.0450279
0.0451354
0.0452383
0.0453326
0.0454145
0.0454806
0.0455285
0.0455561
0.0455623
0.0455469
0.0455107
0.0346622
0.0345687
0.0344585
0.0343362
0.0342068
0.0340752
0.0339466
0.0338257
0.033717
0.0336244
0.0335512
0.0334999
0.0334722
0.0334691
0.0334907
0.0335364
0.0336045
0.0336926
0.0337979
0.0339163
0.0340437
0.0341753
0.034306
0.0344307
0.0345444
0.0346423
0.0347205
0.0347756
0.0348054
0.0348084
0.0347847
0.0347353
0.0154365
0.0153661
0.0152847
0.0151957
0.0151028
0.0150096
0.0149197
0.0148363
0.0147625
0.0147007
0.0146528
0.0146206
0.0146049
0.0146064
0.014625
0.0146601
0.0147106
0.0147748
0.0148507
0.0149356
0.0150265
0.0151201
0.0152127
0.0153007
0.0153805
0.0154485
0.0155019
0.0155381
0.0155557
0.0155538
0.0155325
0.0154928
0.050172
0.0501342
0.0500905
0.0500427
0.0499924
0.0499415
0.0498919
0.0498452
0.0498032
0.0497671
0.0497387
0.0497192
0.0497093
0.0497096
0.0497202
0.0497407
0.0497705
0.0498083
0.0498529
0.0499024
0.0499549
0.0500082
0.0500603
0.0501088
0.0501518
0.0501875
0.0502145
0.0502321
0.0502397
0.0502371
0.0502245
0.0502025
0.0453461
0.0452745
0.0451929
0.0451047
0.0450131
0.0449217
0.0448339
0.044753
0.044682
0.0446234
0.0445796
0.0445522
0.0445421
0.0445497
0.0445749
0.0446167
0.0446736
0.0447436
0.0448241
0.044912
0.0450041
0.0450967
0.0451862
0.0452692
0.0453421
0.0454022
0.0454471
0.0454748
0.0454845
0.0454757
0.0454488
0.045405
0.0345247
0.0344365
0.034337
0.0342301
0.0341199
0.0340108
0.0339067
0.0338115
0.0337287
0.0336613
0.0336117
0.0335816
0.0335723
0.0335839
0.0336161
0.0336678
0.0337373
0.033822
0.033919
0.0340245
0.0341348
0.0342456
0.0343524
0.0344511
0.0345376
0.0346085
0.0346606
0.034692
0.0347013
0.0346882
0.0346532
0.034598
0.0153341
0.0152707
0.0152
0.0151248
0.015048
0.0149727
0.0149016
0.0148373
0.0147821
0.014738
0.0147063
0.0146882
0.0146843
0.0146947
0.0147192
0.0147568
0.0148065
0.0148664
0.0149346
0.0150084
0.0150851
0.0151618
0.0152356
0.0153034
0.0153624
0.0154101
0.0154445
0.015464
0.0154679
0.015456
0.0154288
0.0153875
0.0501659
0.0501493
0.0501264
0.0500979
0.0500648
0.0500283
0.0499897
0.0499503
0.0499115
0.0498746
0.0498414
0.0498131
0.0497911
0.0497763
0.0497693
0.0497706
0.0497801
0.0497974
0.049822
0.0498527
0.0498883
0.0499272
0.049968
0.0500088
0.0500479
0.0500837
0.0501151
0.0501409
0.0501604
0.0501728
0.050178
0.0501756
0.0453438
0.0453175
0.0452794
0.0452311
0.0451743
0.0451113
0.0450444
0.0449762
0.0449094
0.0448465
0.0447899
0.0447419
0.0447043
0.0446786
0.0446656
0.044666
0.0446796
0.0447061
0.0447443
0.0447928
0.0448498
0.044913
0.04498
0.0450483
0.0451151
0.0451779
0.0452343
0.0452821
0.0453195
0.0453451
0.0453579
0.0453574
0.0345296
0.0345012
0.0344585
0.034403
0.034337
0.0342631
0.0341842
0.0341033
0.0340236
0.0339482
0.03388
0.0338216
0.0337751
0.0337423
0.0337244
0.0337221
0.0337354
0.0337637
0.0338061
0.0338608
0.0339259
0.033999
0.0340771
0.0341575
0.0342369
0.0343124
0.0343811
0.0344402
0.0344875
0.0345211
0.0345397
0.0345426
0.015344
0.0153262
0.0152983
0.0152615
0.0152172
0.0151673
0.0151137
0.0150585
0.015004
0.0149522
0.0149051
0.0148645
0.0148318
0.0148083
0.0147947
0.0147915
0.0147987
0.014816
0.0148427
0.0148781
0.0149207
0.0149691
0.0150214
0.0150757
0.0151299
0.0151821
0.0152301
0.015272
0.0153063
0.0153315
0.0153466
0.0153508
0.0502245
0.0502376
0.0502408
0.0502338
0.0502168
0.0501903
0.0501552
0.0501128
0.0500645
0.0500122
0.049958
0.0499044
0.0498533
0.049807
0.0497674
0.0497359
0.0497138
0.0497019
0.0497006
0.04971
0.0497294
0.0497581
0.0497949
0.0498381
0.0498861
0.0499369
0.0499887
0.0500398
0.0500883
0.0501326
0.0501709
0.0502019
0.0454735
0.0455055
0.0455182
0.0455111
0.0454843
0.0454389
0.0453767
0.0453003
0.0452127
0.0451174
0.0450183
0.0449191
0.0448238
0.044736
0.0446589
0.0445954
0.0445478
0.0445178
0.0445065
0.0445142
0.0445405
0.0445847
0.0446449
0.044719
0.0448043
0.0448975
0.0449952
0.0450938
0.0451895
0.0452785
0.0453576
0.0454235
0.0347025
0.0347475
0.0347682
0.0347636
0.0347339
0.0346803
0.0346051
0.0345116
0.0344036
0.0342856
0.0341624
0.0340387
0.0339194
0.0338088
0.033711
0.0336296
0.0335672
0.0335261
0.0335076
0.0335123
0.0335401
0.0335899
0.0336601
0.0337483
0.0338513
0.0339654
0.0340865
0.03421
0.0343312
0.0344455
0.0345481
0.0346351
0.0154772
0.0155138
0.0155326
0.0155329
0.0155145
0.0154784
0.0154261
0.01536
0.0152831
0.0151985
0.0151099
0.0150207
0.0149342
0.0148537
0.0147821
0.0147215
0.0146741
0.0146416
0.0146248
0.0146244
0.0146404
0.0146722
0.014719
0.014779
0.0148505
0.0149309
0.0150174
0.0151068
0.0151957
0.0152807
0.0153581
0.0154245
0.0503118
0.0503417
0.0503573
0.0503579
0.0503434
0.0503142
0.0502714
0.0502165
0.0501515
0.0500788
0.0500014
0.0499226
0.0498454
0.049773
0.0497082
0.0496535
0.049611
0.0495824
0.0495686
0.0495701
0.0495868
0.0496179
0.0496622
0.0497178
0.0497824
0.0498536
0.0499287
0.0500051
0.0500801
0.0501507
0.0502144
0.0502688
0.0456511
0.0457124
0.0457461
0.0457506
0.045726
0.045673
0.045594
0.0454922
0.0453718
0.0452376
0.045095
0.0449496
0.044807
0.0446726
0.0445513
0.0444477
0.0443655
0.0443075
0.0442759
0.0442718
0.0442954
0.0443457
0.044421
0.0445185
0.0446348
0.0447656
0.0449061
0.0450509
0.0451947
0.0453317
0.0454567
0.0455646
0.0349288
0.0350081
0.0350527
0.0350604
0.035031
0.0349659
0.0348679
0.0347414
0.0345918
0.0344253
0.0342488
0.0340691
0.0338933
0.0337279
0.0335788
0.0334513
0.0333497
0.0332775
0.033237
0.0332297
0.0332558
0.0333145
0.0334038
0.0335207
0.0336614
0.0338208
0.0339933
0.0341724
0.0343514
0.0345233
0.0346811
0.0348182
0.0156435
0.0157042
0.0157394
0.0157476
0.0157284
0.0156827
0.0156127
0.0155217
0.0154139
0.0152941
0.0151673
0.0150386
0.0149129
0.0147949
0.0146886
0.0145976
0.0145248
0.0144724
0.0144422
0.0144348
0.0144507
0.0144893
0.0145496
0.0146296
0.014727
0.0148385
0.0149603
0.0150882
0.0152172
0.0153423
0.0154584
0.0155603
0.050398
0.050418
0.0504207
0.0504059
0.050374
0.0503262
0.0502643
0.0501905
0.0501075
0.0500185
0.049927
0.0498367
0.0497513
0.0496741
0.0496081
0.049556
0.0495198
0.0495007
0.0494995
0.0495163
0.0495501
0.0495998
0.0496632
0.0497379
0.0498209
0.0499088
0.0499984
0.0500865
0.0501698
0.0502452
0.0503099
0.0503615
0.045812
0.0458478
0.0458506
0.0458202
0.0457577
0.0456659
0.0455485
0.0454103
0.0452569
0.0450945
0.0449293
0.0447678
0.0446159
0.0444794
0.0443632
0.0442715
0.0442076
0.0441738
0.0441712
0.0442
0.0442592
0.0443466
0.0444592
0.0445928
0.0447426
0.044903
0.045068
0.0452312
0.0453864
0.0455273
0.0456483
0.0457446
0.0351277
0.0351704
0.0351716
0.0351314
0.0350515
0.0349354
0.0347883
0.0346165
0.0344272
0.0342281
0.0340271
0.0338318
0.0336494
0.0334865
0.0333487
0.0332407
0.0331661
0.0331274
0.0331259
0.0331616
0.0332334
0.0333391
0.033475
0.0336366
0.0338182
0.0340133
0.0342147
0.0344145
0.034605
0.0347784
0.0349273
0.0350455
0.015787
0.0158171
0.0158168
0.0157863
0.0157271
0.015642
0.0155352
0.0154114
0.0152762
0.015135
0.0149937
0.0148575
0.0147312
0.0146193
0.0145252
0.0144521
0.014402
0.0143763
0.0143759
0.0144008
0.0144505
0.0145233
0.0146172
0.0147293
0.0148558
0.0149924
0.0151343
0.0152759
0.0154116
0.0155358
0.0156428
0.015728
0.0504648
0.0504545
0.0504253
0.0503784
0.0503155
0.0502389
0.0501516
0.0500568
0.0499579
0.0498586
0.0497629
0.0496746
0.0495972
0.0495337
0.0494867
0.0494581
0.0494488
0.0494594
0.0494894
0.0495376
0.0496022
0.0496805
0.0497696
0.0498659
0.0499654
0.0500643
0.0501588
0.0502454
0.050321
0.0503827
0.0504282
0.050456
0.0459355
0.0459076
0.0458441
0.0457478
0.0456227
0.045474
0.0453077
0.0451305
0.0449493
0.0447711
0.0446026
0.04445
0.0443189
0.0442138
0.0441386
0.0440958
0.044087
0.0441127
0.0441718
0.0442624
0.0443813
0.0445243
0.0446863
0.0448612
0.0450424
0.045223
0.0453958
0.0455541
0.0456915
0.0458022
0.0458817
0.0459268
0.03528
0.0352389
0.0351535
0.0350279
0.0348675
0.0346796
0.0344719
0.0342531
0.0340319
0.0338167
0.0336155
0.0334352
0.0332821
0.0331613
0.0330767
0.0330311
0.0330259
0.0330614
0.0331366
0.033249
0.033395
0.0335699
0.0337676
0.0339811
0.0342026
0.0344235
0.0346351
0.0348287
0.0349961
0.0351299
0.0352244
0.0352751
0.0158986
0.0158633
0.015796
0.0157
0.01558
0.0154416
0.015291
0.0151346
0.0149785
0.0148288
0.0146905
0.0145684
0.0144663
0.0143873
0.0143335
0.0143065
0.014307
0.014335
0.0143899
0.0144702
0.0145736
0.014697
0.0148365
0.0149873
0.0151441
0.0153009
0.0154513
0.015589
0.0157078
0.015802
0.0158672
0.0159
0.0504973
0.0504612
0.0504059
0.0503334
0.0502467
0.0501489
0.0500437
0.0499351
0.049827
0.0497234
0.0496284
0.0495459
0.0494789
0.0494302
0.0494017
0.0493946
0.0494091
0.0494448
0.0495004
0.0495736
0.0496618
0.0497614
0.0498685
0.0499789
0.0500881
0.0501918
0.0502861
0.0503675
0.0504329
0.05048
0.0505069
0.0505127
0.0459944
0.0459175
0.0458049
0.0456611
0.0454924
0.0453055
0.0451079
0.0449075
0.0447118
0.0445283
0.0443635
0.0442235
0.044113
0.0440361
0.0439952
0.0439919
0.0440263
0.0440972
0.0442023
0.044338
0.0444995
0.0446809
0.0448757
0.0450765
0.0452755
0.0454649
0.0456372
0.0457853
0.045903
0.0459855
0.0460291
0.0460321
0.0353511
0.0352494
0.0351035
0.0349201
0.0347073
0.0344742
0.0342304
0.0339857
0.0337492
0.0335297
0.0333347
0.0331709
0.0330435
0.0329565
0.0329127
0.0329135
0.0329588
0.0330474
0.0331764
0.0333419
0.0335384
0.0337593
0.0339968
0.0342422
0.0344861
0.0347188
0.0349305
0.0351123
0.0352561
0.0353553
0.0354054
0.035404
0.0159499
0.0158703
0.0157592
0.0156219
0.0154651
0.0152957
0.015121
0.0149479
0.014783
0.0146318
0.0144993
0.0143895
0.0143056
0.01425
0.0142241
0.0142286
0.0142633
0.0143274
0.0144192
0.0145361
0.0146748
0.0148309
0.0149992
0.0151737
0.0153478
0.0155144
0.0156662
0.0157962
0.0158982
0.0159672
0.0159996
0.0159937
0.0504871
0.0504537
0.0504016
0.0503328
0.0502498
0.0501559
0.0500544
0.0499491
0.0498438
0.0497424
0.049649
0.0495673
0.0495005
0.0494514
0.0494219
0.0494132
0.0494256
0.0494588
0.0495115
0.0495816
0.0496665
0.0497628
0.0498667
0.049974
0.0500804
0.0501815
0.0502738
0.0503537
0.0504184
0.0504654
0.050493
0.0505004
0.0459568
0.0458923
0.0457932
0.0456635
0.0455087
0.0453352
0.0451497
0.0449596
0.0447721
0.0445943
0.0444329
0.0442936
0.0441815
0.0441005
0.0440535
0.0440422
0.0440669
0.0441268
0.0442199
0.044343
0.0444916
0.0446606
0.0448435
0.0450336
0.0452234
0.0454056
0.045573
0.0457187
0.0458369
0.0459226
0.0459723
0.0459839
0.0352928
0.0352124
0.0350893
0.0349291
0.0347389
0.0345268
0.0343015
0.0340719
0.0338469
0.0336349
0.0334433
0.033279
0.0331473
0.0330525
0.0329979
0.032985
0.0330143
0.033085
0.0331949
0.0333404
0.0335167
0.0337179
0.0339369
0.0341656
0.0343953
0.034617
0.0348217
0.0350007
0.0351463
0.035252
0.0353132
0.035327
0.0158975
0.0158385
0.015749
0.0156334
0.015497
0.0153459
0.0151868
0.0150261
0.01487
0.0147241
0.0145934
0.0144821
0.0143936
0.0143305
0.0142945
0.0142868
0.0143075
0.0143561
0.0144313
0.0145309
0.0146519
0.0147903
0.0149418
0.015101
0.0152619
0.0154183
0.0155634
0.0156909
0.015795
0.0158706
0.015914
0.0159231
0.0504427
0.0504413
0.050422
0.0503853
0.0503327
0.050266
0.0501876
0.0501002
0.0500072
0.0499119
0.0498182
0.0497301
0.0496511
0.0495843
0.0495324
0.0494975
0.0494808
0.0494831
0.0495042
0.0495433
0.0495987
0.0496683
0.0497491
0.0498379
0.049931
0.0500249
0.050116
0.0502013
0.0502774
0.0503418
0.0503919
0.050426
0.0458525
0.0458565
0.0458272
0.0457659
0.045675
0.0455582
0.0454202
0.0452666
0.0451035
0.0449373
0.0447745
0.0446212
0.0444833
0.0443658
0.044273
0.0442082
0.0441737
0.0441706
0.0441991
0.0442581
0.0443456
0.0444582
0.044592
0.0447419
0.0449024
0.0450675
0.0452309
0.0453864
0.0455278
0.0456496
0.0457468
0.0458154
0.0351499
0.0351607
0.0351305
0.0350607
0.0349543
0.0348158
0.0346511
0.0344672
0.0342716
0.0340722
0.0338768
0.0336928
0.0335268
0.0333847
0.0332715
0.0331909
0.0331455
0.0331367
0.0331649
0.033229
0.033327
0.0334554
0.0336099
0.0337851
0.0339747
0.0341719
0.0343692
0.0345589
0.0347335
0.0348857
0.0350093
0.0350986
0.0157825
0.0157951
0.0157783
0.0157327
0.0156604
0.015565
0.015451
0.0153233
0.0151876
0.0150494
0.0149141
0.0147867
0.0146718
0.0145731
0.0144939
0.0144366
0.0144028
0.0143934
0.0144088
0.0144484
0.0145108
0.0145942
0.014696
0.0148131
0.0149415
0.0150767
0.0152137
0.0153472
0.0154717
0.0155821
0.0156733
0.0157412
0.0504118
0.0504473
0.0504645
0.0504625
0.0504413
0.0504015
0.0503445
0.0502724
0.0501877
0.0500936
0.049994
0.0498932
0.0497951
0.0497037
0.0496226
0.049555
0.0495035
0.0494699
0.0494555
0.0494607
0.0494852
0.0495278
0.0495869
0.0496599
0.0497439
0.0498355
0.0499316
0.0500288
0.0501236
0.0502124
0.050292
0.0503593
0.0458
0.0458752
0.0459163
0.0459215
0.0458904
0.0458243
0.045726
0.0455996
0.0454503
0.0452843
0.0451084
0.0449295
0.0447545
0.0445901
0.0444424
0.0443167
0.0442176
0.0441484
0.0441114
0.044108
0.0441382
0.0442008
0.0442936
0.0444133
0.0445556
0.0447155
0.0448872
0.0450643
0.0452403
0.0454082
0.0455615
0.045694
0.0350885
0.0351885
0.0352464
0.0352595
0.0352271
0.0351505
0.0350332
0.0348807
0.0346996
0.0344977
0.0342836
0.0340659
0.0338529
0.0336527
0.0334725
0.0333183
0.0331954
0.0331077
0.0330579
0.0330476
0.0330771
0.0331453
0.03325
0.0333878
0.0335542
0.0337436
0.0339495
0.0341645
0.0343806
0.0345892
0.0347821
0.034951
0.0157403
0.0158183
0.015866
0.0158811
0.0158626
0.0158117
0.0157309
0.0156243
0.0154969
0.0153546
0.0152037
0.0150504
0.0149006
0.0147599
0.0146329
0.014524
0.0144362
0.0143724
0.0143341
0.0143224
0.0143375
0.014379
0.0144458
0.014536
0.014647
0.0147753
0.014917
0.015067
0.01522
0.01537
0.0155108
0.0156361
0.0504478
0.0505
0.0505314
0.0505406
0.0505272
0.0504915
0.0504348
0.050359
0.0502669
0.0501622
0.050049
0.0499322
0.0498163
0.049706
0.0496057
0.0495192
0.0494498
0.0494
0.0493718
0.0493659
0.0493825
0.0494209
0.0494793
0.0495555
0.0496462
0.0497482
0.0498576
0.0499707
0.0500832
0.0501911
0.0502903
0.0503769
0.045895
0.0459958
0.0460576
0.0460775
0.0460546
0.0459899
0.0458862
0.0457479
0.0455809
0.0453922
0.0451894
0.0449807
0.0447741
0.0445775
0.0443981
0.0442424
0.0441159
0.044023
0.0439668
0.0439493
0.0439709
0.044031
0.0441273
0.0442567
0.0444144
0.0445951
0.0447923
0.0449986
0.0452065
0.0454078
0.0455947
0.0457593
0.0352252
0.0353529
0.0354317
0.0354581
0.0354307
0.0353507
0.035222
0.0350505
0.0348441
0.0346118
0.0343634
0.034109
0.0338585
0.0336212
0.0334055
0.0332188
0.0330671
0.0329555
0.0328873
0.0328646
0.0328881
0.0329571
0.0330695
0.0332218
0.033409
0.0336252
0.0338628
0.0341135
0.034368
0.0346164
0.0348485
0.0350544
0.0158526
0.0159475
0.0160069
0.0160278
0.016009
0.0159517
0.0158589
0.0157353
0.015587
0.015421
0.0152446
0.0150652
0.0148897
0.0147245
0.0145752
0.0144465
0.0143422
0.0142653
0.0142178
0.0142009
0.0142152
0.0142603
0.014335
0.0144373
0.0145644
0.0147126
0.0148771
0.0150525
0.0152323
0.0154096
0.015577
0.015727
0.0505504
0.0505943
0.0506134
0.0506068
0.0505748
0.0505183
0.0504394
0.0503412
0.0502271
0.0501018
0.0499702
0.0498377
0.0497095
0.0495907
0.0494858
0.049399
0.0493335
0.0492918
0.0492752
0.0492845
0.049319
0.0493774
0.0494574
0.0495556
0.0496684
0.0497912
0.0499198
0.0500493
0.0501749
0.0502921
0.0503963
0.0504835
0.0461152
0.0461937
0.0462247
0.0462068
0.0461408
0.0460295
0.0458778
0.0456923
0.0454807
0.0452517
0.0450145
0.0447784
0.0445523
0.0443444
0.0441623
0.0440122
0.0438995
0.0438279
0.0437998
0.0438163
0.0438766
0.0439788
0.0441195
0.0442937
0.0444953
0.0447173
0.0449515
0.0451891
0.045421
0.045638
0.0458312
0.0459926
0.0355178
0.0356134
0.0356488
0.0356224
0.0355354
0.035392
0.0351991
0.0349657
0.0347021
0.0344196
0.0341298
0.033844
0.0335727
0.0333255
0.0331107
0.0329352
0.0328045
0.0327226
0.032692
0.0327137
0.032787
0.0329097
0.0330783
0.0332874
0.0335304
0.033799
0.0340839
0.0343746
0.0346596
0.0349275
0.0351666
0.0353665
0.0160803
0.0161486
0.0161721
0.0161497
0.0160826
0.0159745
0.0158312
0.0156599
0.0154688
0.0152666
0.0150616
0.0148619
0.0146746
0.0145058
0.0143607
0.0142434
0.0141572
0.0141041
0.0140854
0.0141017
0.0141527
0.0142371
0.0143529
0.0144969
0.0146651
0.0148523
0.0150523
0.0152579
0.0154612
0.0156535
0.0158262
0.0159709
0.0506587
0.0506857
0.0506839
0.0506533
0.050595
0.0505112
0.0504052
0.0502808
0.0501429
0.0499967
0.0498481
0.049703
0.0495671
0.0494458
0.0493436
0.0492645
0.0492113
0.0491861
0.0491897
0.049222
0.0492817
0.0493664
0.0494728
0.0495967
0.0497333
0.0498774
0.0500236
0.0501666
0.0503009
0.0504216
0.050524
0.0506041
0.046332
0.0463764
0.0463655
0.0462996
0.0461817
0.0460171
0.045813
0.045578
0.045322
0.0450553
0.0447885
0.0445315
0.0442939
0.0440841
0.0439093
0.0437756
0.0436874
0.0436476
0.0436575
0.0437168
0.0438236
0.0439743
0.0441639
0.0443858
0.0446322
0.0448942
0.0451622
0.0454257
0.0456743
0.045898
0.0460873
0.0462341
0.0357961
0.0358484
0.0358301
0.035742
0.0355887
0.0353776
0.0351189
0.0348244
0.034507
0.0341799
0.033856
0.0335473
0.0332647
0.0330175
0.0328135
0.032659
0.0325585
0.0325149
0.0325295
0.032602
0.0327302
0.0329106
0.0331377
0.0334044
0.0337022
0.0340207
0.0343483
0.0346726
0.0349803
0.0352581
0.0354936
0.0356759
0.0162905
0.0163266
0.0163097
0.0162409
0.0161242
0.0159658
0.0157743
0.0155591
0.0153303
0.0150976
0.0148703
0.0146566
0.0144632
0.0142962
0.0141599
0.0140579
0.0139926
0.0139656
0.0139775
0.014028
0.0141161
0.0142397
0.0143958
0.0145801
0.0147874
0.015011
0.0152431
0.015475
0.0156969
0.0158987
0.0160706
0.0162036
0.0507145
0.0507308
0.0507163
0.0506716
0.0505985
0.0504996
0.0503789
0.0502408
0.0500906
0.0499342
0.0497778
0.0496275
0.0494892
0.0493683
0.0492693
0.049196
0.0491512
0.0491364
0.0491522
0.049198
0.049272
0.0493713
0.049492
0.0496295
0.0497783
0.0499328
0.0500874
0.0502362
0.0503736
0.0504944
0.050594
0.0506683
0.0464266
0.0464527
0.0464203
0.0463307
0.0461879
0.0459983
0.0457702
0.0455133
0.0452382
0.044956
0.0446775
0.0444133
0.0441728
0.0439646
0.0437956
0.0436717
0.0435968
0.0435735
0.0436026
0.043683
0.0438122
0.0439859
0.0441983
0.044442
0.0447083
0.0449876
0.0452694
0.0455428
0.0457968
0.046021
0.0462057
0.046343
0.0359066
0.0359378
0.0358945
0.0357791
0.0355972
0.0353578
0.0350722
0.0347535
0.0344154
0.0340719
0.0337361
0.0334204
0.0331355
0.0328906
0.0326934
0.0325497
0.0324637
0.0324378
0.0324727
0.0325676
0.0327198
0.032925
0.0331768
0.0334676
0.0337877
0.0341259
0.0344698
0.034806
0.0351206
0.0353998
0.0356308
0.0358025
0.0163651
0.0163875
0.0163542
0.0162674
0.0161318
0.015955
0.0157463
0.015516
0.0152746
0.0150322
0.014798
0.0145803
0.0143859
0.0142205
0.0140884
0.0139929
0.0139362
0.0139197
0.0139435
0.0140074
0.0141098
0.0142484
0.0144198
0.0146193
0.0148411
0.015078
0.0153214
0.0155619
0.0157891
0.0159925
0.0161619
0.0162885
0.0507049
0.0507174
0.0506999
0.0506532
0.0505789
0.0504799
0.0503599
0.0502235
0.050076
0.0499229
0.0497705
0.0496248
0.0494913
0.0493752
0.049281
0.0492123
0.0491716
0.0491605
0.0491793
0.0492273
0.0493026
0.0494022
0.0495223
0.0496581
0.0498044
0.0499556
0.0501062
0.0502505
0.0503831
0.0504989
0.0505934
0.050663
0.0463813
0.0464027
0.0463678
0.046278
0.0461375
0.0459523
0.0457306
0.0454816
0.0452157
0.0449434
0.0446753
0.0444215
0.044191
0.0439921
0.0438315
0.0437147
0.0436457
0.0436266
0.0436582
0.0437394
0.0438675
0.0440382
0.0442457
0.0444828
0.044741
0.0450109
0.0452823
0.0455448
0.0457877
0.0460011
0.046176
0.0463046
0.0358327
0.0358594
0.0358152
0.0357024
0.0355265
0.035296
0.0350217
0.034716
0.0343921
0.034063
0.0337417
0.0334396
0.0331673
0.0329337
0.0327461
0.0326102
0.0325299
0.0325076
0.032544
0.0326381
0.0327871
0.0329866
0.0332306
0.0335114
0.0338194
0.034144
0.0344732
0.034794
0.0350932
0.0353577
0.0355756
0.0357366
0.0162981
0.0163182
0.0162858
0.0162031
0.0160744
0.0159069
0.0157091
0.0154906
0.0152614
0.0150309
0.0148079
0.0146004
0.014415
0.0142573
0.0141314
0.0140406
0.0139871
0.0139721
0.013996
0.0140581
0.0141572
0.0142908
0.0144554
0.0146466
0.0148585
0.0150842
0.0153154
0.0155432
0.0157578
0.0159494
0.0161086
0.016227
0.0506534
0.0506639
0.0506469
0.050603
0.0505339
0.0504422
0.0503313
0.0502054
0.0500692
0.0499282
0.0497879
0.0496539
0.0495313
0.0494249
0.0493389
0.0492765
0.0492401
0.049231
0.0492495
0.0492949
0.0493654
0.0494581
0.0495694
0.049695
0.04983
0.0499692
0.0501075
0.0502398
0.0503611
0.0504668
0.0505528
0.0506159
0.0462602
0.0462784
0.0462457
0.0461634
0.0460352
0.0458666
0.0456649
0.0454385
0.0451966
0.0449488
0.0447048
0.0444737
0.0442639
0.0440829
0.043937
0.0438312
0.0437691
0.0437528
0.0437829
0.0438583
0.0439766
0.0441336
0.044324
0.0445409
0.0447765
0.0450223
0.0452689
0.0455069
0.0457267
0.0459193
0.0460766
0.046192
0.0356673
0.03569
0.0356492
0.035547
0.0353882
0.0351804
0.0349331
0.0346571
0.0343643
0.0340665
0.0337753
0.0335013
0.0332541
0.0330419
0.0328715
0.0327484
0.0326761
0.032657
0.0326915
0.0327787
0.0329159
0.033099
0.0333222
0.0335782
0.0338583
0.0341525
0.0344499
0.034739
0.0350078
0.0352447
0.0354393
0.0355824
0.0161675
0.0161844
0.0161549
0.0160809
0.0159661
0.0158167
0.01564
0.0154445
0.0152388
0.0150316
0.0148305
0.0146429
0.014475
0.014332
0.0142178
0.0141356
0.0140874
0.0140744
0.014097
0.0141546
0.0142458
0.0143682
0.0145185
0.0146923
0.0148843
0.0150879
0.0152956
0.0154994
0.0156906
0.0158606
0.0160012
0.0161054
0.0505998
0.0506069
0.050589
0.0505467
0.0504816
0.0503961
0.0502934
0.0501774
0.0500524
0.0499235
0.0497956
0.0496739
0.0495632
0.0494676
0.049391
0.0493362
0.0493054
0.0492996
0.0493191
0.049363
0.0494296
0.0495163
0.0496196
0.0497354
0.0498592
0.0499865
0.0501123
0.0502322
0.0503416
0.0504363
0.0505128
0.050568
0.046152
0.0461634
0.0461287
0.0460495
0.0459291
0.0457727
0.0455868
0.0453793
0.0451584
0.044933
0.0447117
0.0445028
0.044314
0.044152
0.0440225
0.04393
0.0438778
0.0438676
0.0438998
0.0439732
0.0440854
0.0442325
0.0444092
0.0446093
0.0448254
0.0450496
0.0452733
0.045488
0.0456851
0.0458565
0.0459951
0.0460951
0.0355292
0.0355428
0.0354993
0.0354008
0.0352518
0.0350593
0.0348318
0.0345794
0.0343125
0.0340419
0.033778
0.0335305
0.0333081
0.0331183
0.0329672
0.0328598
0.0327992
0.0327875
0.032825
0.0329105
0.0330415
0.0332138
0.0334218
0.0336586
0.0339159
0.0341846
0.0344544
0.0347149
0.0349554
0.0351655
0.0353361
0.0354592
0.016066
0.0160757
0.0160438
0.0159722
0.0158646
0.0157264
0.0155643
0.0153858
0.0151987
0.0150106
0.0148287
0.0146595
0.0145085
0.0143806
0.0142794
0.0142077
0.0141676
0.0141599
0.0141849
0.014242
0.0143297
0.0144455
0.0145863
0.0147478
0.0149247
0.015111
0.0152996
0.0154832
0.0156539
0.0158041
0.0159266
0.0160155
0.0505685
0.0505715
0.050551
0.0505076
0.0504429
0.0503594
0.0502602
0.050149
0.0500301
0.0499081
0.049788
0.0496743
0.0495716
0.0494839
0.0494145
0.0493661
0.0493405
0.0493387
0.0493607
0.0494057
0.0494717
0.0495563
0.049656
0.0497669
0.0498847
0.0500051
0.0501234
0.0502354
0.0503369
0.0504239
0.0504932
0.050542
0.0460964
0.0461002
0.0460606
0.0459791
0.0458594
0.0457065
0.0455268
0.0453277
0.0451172
0.0449037
0.0446953
0.0444998
0.0443243
0.0441752
0.0440577
0.0439759
0.0439325
0.0439292
0.0439661
0.0440419
0.0441539
0.0442984
0.04447
0.0446627
0.0448693
0.0450823
0.0452935
0.0454946
0.0456778
0.0458355
0.0459611
0.0460494
0.0354634
0.0354674
0.0354174
0.0353159
0.0351675
0.034979
0.0347588
0.0345163
0.0342617
0.034005
0.0337561
0.033524
0.0333169
0.0331418
0.0330044
0.0329091
0.0328588
0.0328552
0.0328985
0.0329872
0.0331186
0.0332886
0.0334916
0.0337206
0.0339677
0.0342239
0.0344795
0.0347244
0.0349484
0.0351421
0.0352969
0.0354056
0.0160202
0.0160228
0.0159863
0.0159126
0.0158054
0.01567
0.015513
0.0153416
0.015163
0.0149845
0.0148127
0.0146538
0.014513
0.0143948
0.0143025
0.0142388
0.0142053
0.014203
0.0142319
0.0142914
0.0143797
0.0144945
0.0146324
0.0147892
0.0149597
0.015138
0.0153173
0.0154903
0.0156498
0.0157885
0.0158999
0.0159785
0.0505625
0.0505618
0.0505378
0.0504914
0.0504243
0.050339
0.0502388
0.0501273
0.050009
0.0498885
0.0497705
0.0496596
0.0495603
0.0494763
0.0494109
0.0493666
0.0493449
0.0493468
0.0493721
0.0494199
0.0494881
0.0495742
0.0496747
0.0497856
0.0499028
0.0500218
0.0501381
0.0502476
0.0503459
0.0504295
0.050495
0.05054
0.0460934
0.0460904
0.0460443
0.045957
0.0458324
0.0456756
0.0454933
0.0452929
0.0450825
0.0448704
0.0446646
0.0444729
0.0443021
0.0441584
0.0440468
0.0439713
0.0439343
0.0439372
0.0439799
0.044061
0.0441776
0.0443258
0.0445001
0.0446944
0.0449014
0.0451136
0.0453227
0.0455206
0.0456994
0.0458519
0.0459715
0.0460531
0.0354649
0.0354606
0.0354027
0.0352937
0.0351389
0.0349452
0.0347212
0.0344766
0.0342215
0.0339659
0.0337195
0.0334913
0.0332892
0.0331199
0.0329891
0.0329007
0.0328576
0.0328612
0.0329113
0.0330064
0.0331436
0.0333185
0.0335254
0.0337572
0.0340058
0.0342621
0.0345163
0.0347583
0.034978
0.0351661
0.0353141
0.0354153
0.0160248
0.0160215
0.0159792
0.0158999
0.0157878
0.0156485
0.0154885
0.0153152
0.0151359
0.0149578
0.0147875
0.014631
0.0144933
0.0143787
0.0142905
0.0142312
0.0142024
0.0142047
0.0142383
0.0143021
0.0143945
0.014513
0.014654
0.0148133
0.0149855
0.0151645
0.0153436
0.0155155
0.0156727
0.0158081
0.0159152
0.0159887
0.0505815
0.0505765
0.0505474
0.0504954
0.0504224
0.0503311
0.0502251
0.0501083
0.0499854
0.049861
0.0497402
0.0496277
0.0495278
0.0494443
0.0493805
0.0493387
0.0493206
0.0493267
0.0493568
0.0494098
0.0494835
0.0495751
0.049681
0.049797
0.0499187
0.0500416
0.050161
0.0502726
0.050372
0.0504555
0.0505198
0.0505623
0.0461418
0.0461307
0.0460748
0.0459764
0.0458399
0.0456709
0.0454766
0.0452649
0.0450445
0.0448238
0.0446113
0.0444148
0.0442415
0.0440974
0.0439875
0.0439157
0.0438844
0.0438947
0.0439462
0.0440372
0.0441646
0.044324
0.0445097
0.044715
0.0449325
0.0451538
0.0453707
0.0455745
0.0457571
0.0459109
0.0460294
0.0461075
0.0355337
0.0355192
0.0354486
0.0353252
0.0351546
0.0349449
0.0347051
0.0344458
0.0341774
0.0339107
0.0336555
0.033421
0.0332153
0.0330452
0.0329161
0.032832
0.0327955
0.0328077
0.0328683
0.0329755
0.033126
0.033315
0.0335363
0.0337826
0.034045
0.0343139
0.034579
0.0348297
0.0350554
0.0352464
0.0353939
0.0354912
0.0160823
0.0160716
0.0160196
0.015929
0.0158047
0.0156527
0.0154804
0.0152956
0.0151061
0.0149193
0.0147423
0.0145808
0.0144403
0.0143247
0.0142375
0.0141809
0.0141564
0.0141646
0.0142053
0.0142776
0.0143794
0.0145081
0.0146599
0.0148302
0.0150132
0.0152025
0.0153908
0.0155704
0.0157333
0.0158721
0.0159799
0.0160512
0.050604
0.0505938
0.0505586
0.0504999
0.05042
0.0503218
0.0502091
0.0500862
0.049958
0.0498295
0.0497056
0.0495913
0.0494909
0.0494083
0.0493465
0.0493079
0.049294
0.0493052
0.0493411
0.0494003
0.0494805
0.0495786
0.0496907
0.0498125
0.0499394
0.0500667
0.0501896
0.0503034
0.0504038
0.0504869
0.0505495
0.0505891
0.0461916
0.0461701
0.046102
0.0459903
0.0458399
0.0456571
0.0454497
0.045226
0.0449952
0.0447661
0.0445473
0.0443471
0.0441724
0.0440294
0.0439231
0.0438571
0.0438336
0.0438534
0.0439159
0.0440189
0.0441591
0.0443314
0.0445298
0.0447473
0.0449757
0.0452064
0.0454307
0.0456396
0.0458246
0.0459781
0.0460934
0.0461657
0.035601
0.0355729
0.0354864
0.0353457
0.0351572
0.0349297
0.0346733
0.0343989
0.0341177
0.0338407
0.0335781
0.0333393
0.0331323
0.0329638
0.0328392
0.0327622
0.0327352
0.032759
0.032833
0.0329548
0.0331209
0.033326
0.0335633
0.0338249
0.0341014
0.0343826
0.0346577
0.0349154
0.0351448
0.0353357
0.0354795
0.0355694
0.0161365
0.016115
0.0160505
0.0159464
0.015808
0.0156424
0.0154575
0.0152614
0.0150625
0.0148685
0.0146862
0.0145219
0.0143807
0.0142665
0.0141826
0.0141312
0.0141135
0.0141299
0.0141801
0.0142629
0.014376
0.0145165
0.0146802
0.0148621
0.0150561
0.0152552
0.0154516
0.0156372
0.0158035
0.0159428
0.016048
0.0161138
0.0505944
0.0505796
0.0505405
0.0504788
0.0503966
0.0502973
0.0501844
0.0500625
0.0499363
0.0498108
0.0496909
0.0495811
0.0494857
0.0494083
0.0493519
0.0493185
0.0493094
0.049325
0.0493646
0.0494266
0.0495088
0.0496078
0.0497198
0.0498406
0.0499656
0.0500901
0.0502094
0.050319
0.0504146
0.0504927
0.05055
0.0505843
0.046165
0.0461347
0.0460593
0.0459421
0.0457883
0.0456042
0.0453977
0.045177
0.044951
0.0447284
0.0445176
0.0443263
0.0441613
0.0440283
0.0439321
0.0438758
0.0438613
0.0438893
0.0439587
0.0440672
0.0442111
0.0443853
0.0445838
0.0447992
0.0450236
0.0452486
0.0454654
0.0456654
0.0458404
0.0459832
0.0460876
0.0461491
0.0355622
0.0355228
0.0354272
0.03528
0.0350881
0.03486
0.0346059
0.0343364
0.0340625
0.0337946
0.0335428
0.0333157
0.0331211
0.0329652
0.032853
0.0327879
0.0327719
0.0328055
0.0328878
0.0330162
0.0331867
0.033394
0.0336311
0.0338899
0.0341612
0.0344348
0.0347
0.0349458
0.0351619
0.0353386
0.0354678
0.0355435
0.0161049
0.0160747
0.0160033
0.0158946
0.0157541
0.0155887
0.0154061
0.0152144
0.0150214
0.0148345
0.0146603
0.0145047
0.0143725
0.0142675
0.0141925
0.0141495
0.0141396
0.014163
0.0142193
0.0143068
0.0144234
0.0145658
0.0147297
0.01491
0.0151005
0.015294
0.015483
0.0156595
0.0158156
0.0159438
0.0160376
0.0160923
0.0505259
0.0505124
0.0504777
0.050423
0.0503504
0.0502626
0.0501631
0.0500556
0.0499445
0.0498341
0.0497287
0.0496322
0.0495485
0.0494807
0.0494315
0.0494026
0.0493952
0.0494095
0.049445
0.0495001
0.0495729
0.0496604
0.0497592
0.0498656
0.0499756
0.050085
0.0501898
0.0502859
0.0503697
0.0504378
0.0504878
0.0505175
0.0460089
0.045982
0.0459165
0.0458152
0.0456824
0.0455236
0.0453454
0.0451549
0.0449598
0.0447675
0.0445853
0.0444198
0.0442771
0.0441622
0.0440792
0.044031
0.0440192
0.0440443
0.0441054
0.0442004
0.044326
0.0444777
0.0446501
0.0448367
0.0450308
0.0452249
0.0454116
0.0455833
0.0457333
0.0458552
0.0459441
0.045996
0.0353501
0.035316
0.0352346
0.0351095
0.0349464
0.0347525
0.0345362
0.0343064
0.0340724
0.0338433
0.0336273
0.0334324
0.033265
0.033131
0.0330345
0.0329788
0.0329656
0.0329954
0.0330671
0.0331787
0.0333264
0.0335054
0.0337097
0.033932
0.0341643
0.0343978
0.0346235
0.0348321
0.0350148
0.0351637
0.0352721
0.0353353
0.0159358
0.0159103
0.0158507
0.0157601
0.0156429
0.0155047
0.0153518
0.0151906
0.0150277
0.0148693
0.0147213
0.0145887
0.0144758
0.014386
0.0143219
0.0142853
0.0142773
0.014298
0.0143469
0.0144227
0.0145232
0.0146454
0.0147855
0.014939
0.0151002
0.0152632
0.0154216
0.0155689
0.0156985
0.0158044
0.0158815
0.0159261
0.0504109
0.0504074
0.0503871
0.0503507
0.0502996
0.0502356
0.0501612
0.0500793
0.0499933
0.0499063
0.0498218
0.0497431
0.0496733
0.049615
0.0495705
0.0495415
0.049529
0.0495336
0.0495549
0.0495922
0.0496439
0.0497079
0.0497818
0.0498627
0.0499477
0.0500336
0.050117
0.050195
0.0502644
0.0503227
0.0503677
0.0503975
0.0457708
0.045765
0.0457295
0.0456658
0.0455766
0.0454655
0.0453369
0.0451962
0.0450489
0.0449006
0.044757
0.0446235
0.0445051
0.0444062
0.0443303
0.0442801
0.0442576
0.0442634
0.0442974
0.0443583
0.044444
0.0445513
0.0446762
0.0448143
0.0449603
0.0451086
0.0452537
0.0453899
0.0455118
0.0456145
0.0456939
0.0457468
0.0350402
0.0350342
0.0349924
0.0349167
0.0348103
0.0346778
0.0345248
0.0343577
0.0341831
0.0340077
0.0338384
0.0336814
0.0335423
0.0334261
0.0333368
0.0332775
0.0332502
0.0332558
0.0332941
0.0333639
0.0334627
0.0335872
0.0337329
0.0338948
0.0340669
0.0342427
0.0344155
0.0345785
0.0347251
0.0348492
0.0349457
0.0350103
0.0157012
0.0156977
0.015669
0.0156165
0.0155427
0.0154507
0.0153448
0.0152292
0.0151087
0.0149884
0.0148727
0.0147658
0.0146715
0.014593
0.0145327
0.0144926
0.0144739
0.0144772
0.0145024
0.0145487
0.0146147
0.0146982
0.0147965
0.0149062
0.0150233
0.0151438
0.0152629
0.0153759
0.0154782
0.0155654
0.0156335
0.0156795
0.0503044
0.0503171
0.0503165
0.0503027
0.0502762
0.0502378
0.050189
0.0501318
0.0500685
0.0500015
0.0499335
0.0498671
0.049805
0.0497496
0.049703
0.0496669
0.0496429
0.0496316
0.0496335
0.0496484
0.0496758
0.0497143
0.0497626
0.0498188
0.0498809
0.0499465
0.0500132
0.0500785
0.05014
0.0501953
0.0502423
0.0502791
0.0455726
0.0455986
0.0456017
0.0455817
0.0455394
0.0454764
0.0453953
0.0452996
0.0451928
0.0450793
0.0449635
0.0448498
0.0447426
0.044646
0.0445636
0.0444983
0.0444527
0.0444283
0.044426
0.044446
0.0444872
0.0445484
0.0446271
0.0447204
0.044825
0.0449369
0.0450518
0.0451656
0.0452738
0.0453722
0.045457
0.0455247
0.0347969
0.0348315
0.0348386
0.0348177
0.0347698
0.0346968
0.0346019
0.034489
0.0343626
0.0342279
0.0340901
0.0339547
0.0338268
0.0337112
0.033612
0.0335329
0.0334766
0.0334451
0.0334394
0.0334596
0.0335051
0.0335742
0.0336643
0.0337725
0.0338946
0.0340263
0.0341627
0.0342986
0.0344289
0.0345484
0.0346522
0.0347363
0.0155285
0.0155554
0.0155629
0.0155508
0.0155195
0.0154704
0.0154056
0.0153278
0.0152404
0.0151472
0.0150519
0.0149583
0.0148698
0.0147897
0.0147208
0.0146655
0.0146255
0.0146023
0.0145964
0.014608
0.0146368
0.0146818
0.0147414
0.0148135
0.0148957
0.0149852
0.0150788
0.015173
0.0152641
0.0153485
0.0154227
0.0154836
0.0502361
0.0502616
0.050276
0.0502787
0.0502695
0.0502486
0.0502169
0.0501756
0.0501265
0.0500715
0.0500129
0.0499528
0.0498937
0.0498379
0.0497875
0.0497445
0.0497104
0.0496864
0.0496736
0.0496721
0.0496821
0.0497031
0.0497341
0.0497741
0.0498217
0.0498751
0.0499323
0.0499913
0.0500498
0.0501056
0.0501565
0.0502006
0.0454591
0.0455085
0.0455384
0.0455477
0.045536
0.0455036
0.045452
0.0453832
0.0453001
0.045206
0.0451046
0.0449998
0.0448957
0.0447964
0.0447055
0.0446266
0.0445624
0.0445155
0.0444873
0.044479
0.0444909
0.0445223
0.0445721
0.0446385
0.0447191
0.0448109
0.0449105
0.0450143
0.0451183
0.0452186
0.0453112
0.0453924
0.0346659
0.0347286
0.0347679
0.0347822
0.0347707
0.0347339
0.0346735
0.0345918
0.0344925
0.0343795
0.0342574
0.034131
0.0340054
0.0338853
0.0337751
0.033679
0.0336004
0.0335421
0.0335061
0.0334936
0.0335049
0.0335397
0.0335967
0.0336738
0.0337684
0.033877
0.0339958
0.0341205
0.0342462
0.0343683
0.0344819
0.0345825
0.0154407
0.0154873
0.0155174
0.0155298
0.0155237
0.0154996
0.0154583
0.0154019
0.0153326
0.0152535
0.0151679
0.0150793
0.0149911
0.0149069
0.0148296
0.0147619
0.0147063
0.0146645
0.014638
0.0146275
0.0146334
0.0146554
0.0146929
0.0147445
0.0148085
0.0148827
0.0149647
0.0150514
0.0151396
0.0152261
0.0153072
0.0153798
0.0502098
0.0502379
0.0502558
0.0502626
0.0502582
0.0502425
0.0502161
0.0501803
0.0501364
0.0500862
0.0500318
0.0499752
0.0499188
0.0498647
0.049815
0.0497715
0.0497359
0.0497095
0.0496931
0.0496875
0.0496926
0.0497082
0.0497337
0.0497682
0.0498105
0.049859
0.049912
0.0499675
0.0500233
0.0500775
0.050128
0.0501727
0.0454264
0.045479
0.0455134
0.045528
0.0455224
0.0454967
0.045452
0.0453902
0.0453137
0.0452256
0.0451294
0.0450288
0.0449279
0.0448304
0.0447401
0.0446603
0.0445941
0.0445438
0.0445113
0.0444977
0.0445035
0.0445284
0.0445715
0.0446312
0.0447053
0.0447911
0.0448854
0.0449849
0.0450857
0.0451839
0.0452758
0.0453578
0.0346349
0.0347003
0.0347435
0.0347626
0.0347568
0.0347263
0.0346724
0.0345974
0.0345044
0.0343973
0.0342803
0.0341581
0.0340356
0.0339173
0.0338079
0.0337112
0.0336308
0.0335695
0.0335295
0.0335122
0.0335181
0.033547
0.0335977
0.0336686
0.0337572
0.0338602
0.033974
0.0340943
0.0342168
0.0343366
0.0344492
0.03455
0.0154261
0.0154741
0.0155063
0.0155211
0.015518
0.015497
0.0154591
0.0154059
0.0153398
0.0152637
0.0151806
0.0150939
0.0150072
0.0149236
0.0148462
0.0147779
0.014721
0.0146775
0.0146487
0.0146356
0.0146387
0.0146577
0.0146921
0.0147407
0.0148019
0.0148736
0.0149533
0.0150382
0.0151251
0.0152107
0.0152916
0.0153644
0.0502032
0.0502206
0.0502285
0.0502265
0.0502146
0.0501931
0.050163
0.0501256
0.0500823
0.0500349
0.0499853
0.0499355
0.0498873
0.0498427
0.0498033
0.0497707
0.0497461
0.0497302
0.0497237
0.0497267
0.0497391
0.0497601
0.0497892
0.0498253
0.0498671
0.049913
0.0499614
0.0500104
0.0500582
0.0501031
0.0501432
0.0501771
0.0454228
0.0454535
0.0454668
0.0454624
0.0454403
0.0454014
0.0453473
0.0452802
0.0452028
0.0451181
0.0450295
0.0449404
0.0448542
0.0447742
0.0447035
0.0446446
0.0445998
0.0445708
0.0445584
0.0445633
0.0445851
0.044623
0.0446756
0.0447409
0.0448165
0.0448997
0.0449873
0.045076
0.0451625
0.0452434
0.0453156
0.0453762
0.0346351
0.0346719
0.0346876
0.0346814
0.0346536
0.0346053
0.0345385
0.034456
0.0343612
0.0342577
0.0341499
0.0340418
0.0339376
0.0338413
0.0337563
0.033686
0.0336327
0.0335984
0.0335842
0.0335907
0.0336175
0.0336637
0.0337276
0.0338068
0.0338986
0.0339995
0.0341059
0.0342137
0.0343189
0.0344173
0.034505
0.0345786
0.0154309
0.0154575
0.0154689
0.0154644
0.0154443
0.0154094
0.0153612
0.0153018
0.0152338
0.0151598
0.0150829
0.0150061
0.0149323
0.0148644
0.0148046
0.0147551
0.0147176
0.0146934
0.0146833
0.0146876
0.0147062
0.0147384
0.0147831
0.0148388
0.0149035
0.0149749
0.0150505
0.0151275
0.0152029
0.0152737
0.015337
0.0153902
0.0501709
0.050163
0.0501478
0.0501259
0.0500981
0.0500654
0.0500291
0.0499907
0.0499518
0.0499139
0.0498785
0.0498471
0.0498207
0.0498006
0.0497874
0.0497817
0.0497835
0.0497928
0.049809
0.0498316
0.0498596
0.0498918
0.0499272
0.0499643
0.0500019
0.0500386
0.0500729
0.0501037
0.0501299
0.0501503
0.0501643
0.0501713
0.0453617
0.0453427
0.0453109
0.0452674
0.045214
0.0451527
0.045086
0.0450165
0.0449469
0.0448799
0.044818
0.0447636
0.0447188
0.0446852
0.0446642
0.0446565
0.0446624
0.0446816
0.0447135
0.0447567
0.0448097
0.0448703
0.0449364
0.0450053
0.0450745
0.0451413
0.0452032
0.0452578
0.045303
0.045337
0.0453587
0.045367
0.0345572
0.0345311
0.0344895
0.0344339
0.0343667
0.0342903
0.034208
0.0341229
0.0340383
0.0339575
0.0338836
0.0338192
0.0337669
0.0337286
0.0337056
0.0336989
0.0337087
0.0337345
0.0337755
0.03383
0.0338961
0.0339713
0.0340527
0.0341372
0.0342216
0.0343026
0.0343773
0.0344426
0.034496
0.0345354
0.0345593
0.0345667
0.0153751
0.0153551
0.0153239
0.0152829
0.0152336
0.0151782
0.0151188
0.0150577
0.0149974
0.0149402
0.0148882
0.0148432
0.0148071
0.0147809
0.0147655
0.0147615
0.0147691
0.014788
0.0148176
0.0148568
0.0149042
0.014958
0.0150163
0.0150768
0.0151374
0.0151956
0.0152492
0.0152961
0.0153344
0.0153624
0.0153788
0.0153831
0.0500722
0.0500303
0.0499862
0.0499416
0.049898
0.0498571
0.0498205
0.0497898
0.0497662
0.0497506
0.0497437
0.0497458
0.0497569
0.0497766
0.0498041
0.0498383
0.0498778
0.049921
0.0499663
0.0500119
0.0500558
0.0500963
0.050132
0.0501615
0.0501838
0.0501981
0.0502038
0.0502009
0.0501895
0.0501701
0.0501434
0.0501104
0.0451723
0.0450887
0.0450022
0.044916
0.0448336
0.0447578
0.0446917
0.0446377
0.0445979
0.0445738
0.0445662
0.0445755
0.0446014
0.044643
0.0446987
0.0447665
0.0448437
0.0449276
0.0450148
0.045102
0.0451858
0.0452628
0.0453299
0.0453846
0.0454247
0.0454486
0.0454554
0.0454449
0.0454177
0.0453749
0.0453182
0.0452497
0.0343178
0.0342116
0.0341028
0.0339953
0.0338933
0.0338006
0.0337205
0.0336561
0.0336095
0.0335827
0.0335764
0.033591
0.0336261
0.0336805
0.0337523
0.0338388
0.0339369
0.0340429
0.0341527
0.0342622
0.0343669
0.0344627
0.0345456
0.0346124
0.0346603
0.0346873
0.0346926
0.0346758
0.0346379
0.0345805
0.0345059
0.0344172
0.0151988
0.0151207
0.0150412
0.0149634
0.0148901
0.014824
0.0147674
0.0147223
0.0146903
0.0146724
0.0146694
0.0146812
0.0147076
0.0147475
0.0147998
0.0148626
0.0149338
0.0150107
0.0150906
0.0151702
0.0152465
0.0153162
0.0153766
0.015425
0.0154594
0.0154785
0.0154813
0.0154679
0.0154387
0.015395
0.0153388
0.0152724
0.0498991
0.0498279
0.0497619
0.0497037
0.0496553
0.0496186
0.0495949
0.0495854
0.0495904
0.0496098
0.049643
0.0496888
0.0497455
0.0498109
0.0498824
0.0499574
0.0500329
0.0501059
0.0501735
0.0502331
0.0502821
0.0503187
0.0503414
0.0503495
0.0503428
0.0503216
0.0502869
0.05024
0.0501828
0.0501175
0.0500467
0.049973
0.0448511
0.0447161
0.0445925
0.0444849
0.044397
0.044332
0.0442924
0.0442796
0.044294
0.0443353
0.044402
0.0444917
0.0446013
0.0447268
0.0448634
0.0450061
0.0451493
0.0452876
0.0454154
0.0455275
0.0456194
0.0456873
0.0457284
0.0457409
0.0457245
0.0456799
0.045609
0.0455149
0.0454013
0.0452729
0.0451348
0.0449924
0.0339213
0.0337551
0.0336041
0.0334737
0.0333682
0.0332915
0.0332459
0.0332331
0.0332536
0.0333067
0.0333908
0.0335031
0.0336398
0.033796
0.0339662
0.0341442
0.034323
0.0344958
0.0346554
0.0347953
0.0349095
0.034993
0.0350423
0.0350552
0.0350312
0.0349715
0.0348788
0.0347572
0.0346118
0.0344489
0.0342749
0.0340968
0.0149128
0.0147946
0.014688
0.0145968
0.0145238
0.0144712
0.0144407
0.0144333
0.0144491
0.0144877
0.0145479
0.0146279
0.0147252
0.0148368
0.0149588
0.0150868
0.015216
0.0153413
0.0154575
0.0155596
0.0156429
0.0157038
0.0157392
0.0157476
0.0157286
0.0156831
0.0156131
0.0155221
0.0154143
0.0152944
0.0151675
0.0150386
0.049704
0.0496218
0.0495524
0.0494984
0.0494617
0.0494436
0.0494449
0.0494657
0.0495051
0.0495618
0.0496337
0.0497182
0.0498122
0.0499119
0.0500137
0.0501136
0.0502076
0.0502921
0.0503636
0.0504193
0.050457
0.050475
0.0504728
0.0504505
0.050409
0.0503501
0.0502761
0.05019
0.0500952
0.0499953
0.0498943
0.049796
0.0445012
0.0443529
0.0442295
0.0441352
0.0440733
0.0440459
0.0440542
0.0440978
0.0441752
0.0442839
0.0444201
0.0445789
0.0447546
0.0449407
0.0451303
0.0453159
0.0454901
0.0456461
0.0457773
0.0458782
0.0459446
0.0459736
0.045964
0.0459163
0.0458325
0.0457162
0.0455723
0.0454068
0.0452266
0.0450387
0.0448505
0.0446691
0.0335011
0.033324
0.033178
0.0330679
0.0329972
0.0329682
0.0329817
0.0330374
0.0331336
0.0332674
0.0334343
0.0336289
0.0338445
0.0340733
0.0343068
0.034536
0.0347515
0.0349445
0.0351065
0.0352304
0.0353105
0.0353431
0.0353269
0.0352626
0.0351531
0.0350036
0.0348206
0.0346122
0.0343872
0.0341548
0.033924
0.0337034
0.0146181
0.0144967
0.0143979
0.0143245
0.0142785
0.0142611
0.0142727
0.0143132
0.0143814
0.0144756
0.014593
0.01473
0.0148823
0.0150447
0.0152114
0.0153757
0.015531
0.0156704
0.0157874
0.0158766
0.0159334
0.015955
0.0159401
0.0158896
0.0158061
0.0156939
0.0155583
0.0154056
0.0152427
0.0150762
0.0149127
0.0147583
0.0495624
0.0494858
0.0494271
0.0493884
0.049371
0.0493755
0.0494018
0.0494488
0.049515
0.049598
0.0496946
0.0498014
0.0499143
0.050029
0.0501411
0.0502462
0.0503404
0.0504197
0.050481
0.0505219
0.0505405
0.0505362
0.0505088
0.0504598
0.050391
0.0503052
0.050206
0.0500973
0.0499833
0.0498686
0.0497574
0.049654
0.0442581
0.0441249
0.0440248
0.0439611
0.0439359
0.0439502
0.0440034
0.0440938
0.0442184
0.0443729
0.0445519
0.044749
0.0449569
0.0451677
0.0453734
0.0455657
0.0457368
0.0458798
0.0459884
0.046058
0.0460855
0.0460698
0.0460115
0.0459132
0.045779
0.0456148
0.0454274
0.0452245
0.0450142
0.0448049
0.0446042
0.0444198
0.033219
0.0330633
0.0329477
0.0328758
0.0328498
0.0328704
0.0329372
0.033048
0.0331996
0.0333871
0.0336043
0.033844
0.0340975
0.0343554
0.0346078
0.0348442
0.0350547
0.0352301
0.0353626
0.0354459
0.035476
0.0354517
0.0353739
0.0352464
0.0350751
0.0348679
0.0346338
0.0343828
0.0341252
0.033871
0.0336297
0.0334099
0.0144267
0.0143224
0.0142462
0.0142001
0.0141853
0.0142022
0.0142504
0.0143287
0.0144349
0.0145662
0.0147187
0.0148875
0.015067
0.0152506
0.0154311
0.015601
0.0157527
0.0158789
0.0159735
0.0160316
0.0160502
0.0160283
0.015967
0.0158698
0.0157413
0.0155881
0.0154173
0.0152365
0.0150532
0.0148745
0.014707
0.0145562
0.0495478
0.0494817
0.0494339
0.0494062
0.0493994
0.0494138
0.0494487
0.0495029
0.0495743
0.0496603
0.0497579
0.0498633
0.0499728
0.050082
0.0501869
0.0502833
0.0503673
0.0504358
0.0504859
0.0505155
0.0505236
0.0505095
0.0504739
0.0504181
0.0503443
0.0502556
0.0501555
0.0500481
0.0499376
0.0498283
0.0497243
0.0496296
0.044256
0.0441427
0.0440617
0.044016
0.0440069
0.0440349
0.0440989
0.044197
0.0443256
0.0444803
0.0446556
0.0448452
0.045042
0.0452385
0.045427
0.0456
0.0457503
0.0458718
0.0459593
0.046009
0.0460188
0.0459883
0.0459188
0.0458131
0.0456759
0.045513
0.045331
0.0451375
0.04494
0.0447461
0.0445632
0.0443978
0.0332344
0.0331022
0.0330084
0.0329562
0.032947
0.0329812
0.0330579
0.0331745
0.0333276
0.0335121
0.0337217
0.0339493
0.0341865
0.0344243
0.0346534
0.0348642
0.0350478
0.0351962
0.0353026
0.0353622
0.0353722
0.0353322
0.035244
0.0351118
0.0349415
0.0347409
0.0345185
0.0342836
0.0340456
0.0338137
0.0335962
0.0334009
0.0144506
0.0143617
0.0142993
0.014265
0.0142599
0.014284
0.0143368
0.0144169
0.014522
0.0146491
0.0147943
0.0149527
0.0151187
0.0152861
0.0154482
0.0155983
0.0157295
0.0158357
0.0159117
0.0159538
0.0159596
0.0159291
0.0158637
0.0157669
0.0156434
0.0154991
0.0153406
0.0151746
0.0150078
0.0148466
0.0146968
0.0145634
0.0496665
0.0496113
0.0495699
0.049544
0.0495344
0.0495414
0.0495646
0.0496032
0.0496555
0.0497198
0.0497936
0.0498744
0.0499591
0.0500445
0.0501274
0.0502044
0.0502727
0.0503296
0.0503728
0.0504005
0.0504116
0.0504057
0.0503827
0.0503436
0.0502898
0.0502236
0.0501476
0.0500649
0.0499788
0.0498928
0.04981
0.0497336
0.0444994
0.0444051
0.0443337
0.0442878
0.044269
0.0442781
0.0443145
0.0443772
0.0444639
0.0445714
0.0446959
0.0448329
0.0449773
0.0451234
0.0452658
0.0453988
0.0455171
0.0456159
0.0456912
0.0457398
0.0457598
0.0457502
0.0457115
0.0456452
0.0455542
0.0454421
0.0453135
0.0451737
0.0450283
0.0448828
0.0447427
0.0446134
0.0335447
0.033434
0.0333498
0.0332949
0.0332713
0.0332796
0.0333197
0.0333903
0.0334889
0.0336124
0.0337562
0.0339155
0.0340843
0.0342563
0.0344248
0.0345831
0.0347247
0.0348438
0.0349352
0.034995
0.0350207
0.035011
0.0349665
0.034889
0.0347821
0.0346502
0.034499
0.0343348
0.0341641
0.0339936
0.0338295
0.0336781
0.0146842
0.0146093
0.0145519
0.0145139
0.0144965
0.0145002
0.014525
0.01457
0.014634
0.0147148
0.0148099
0.014916
0.015029
0.0151451
0.0152598
0.0153684
0.0154666
0.01555
0.0156148
0.0156582
0.0156781
0.0156736
0.015645
0.0155935
0.0155216
0.0154326
0.0153303
0.0152191
0.0151033
0.0149877
0.0148767
0.0147744
0.0497894
0.0497432
0.049706
0.0496794
0.0496642
0.049661
0.0496697
0.0496899
0.0497208
0.0497612
0.0498098
0.0498647
0.0499241
0.0499856
0.0500469
0.0501059
0.0501601
0.0502075
0.0502462
0.0502746
0.0502917
0.0502965
0.0502889
0.050269
0.0502375
0.0501957
0.0501453
0.0500883
0.0500272
0.0499643
0.0499022
0.0498431
0.044728
0.0446488
0.0445835
0.0445346
0.0445039
0.0444924
0.0445005
0.044528
0.0445738
0.0446363
0.0447131
0.0448014
0.044898
0.0449992
0.0451011
0.0451999
0.0452918
0.045373
0.0454405
0.0454915
0.0455238
0.0455363
0.0455282
0.0454999
0.0454525
0.045388
0.0453089
0.0452185
0.0451203
0.0450183
0.0449163
0.0448183
0.0338174
0.0337239
0.033646
0.0335868
0.0335481
0.0335315
0.0335374
0.0335657
0.0336152
0.0336844
0.0337706
0.0338707
0.0339812
0.0340979
0.0342164
0.0343322
0.0344407
0.0345377
0.0346192
0.0346819
0.0347232
0.0347413
0.0347354
0.0347058
0.0346536
0.0345811
0.0344911
0.0343875
0.0342744
0.0341563
0.0340377
0.0339234
0.0148761
0.0148123
0.0147585
0.0147167
0.0146883
0.0146741
0.0146746
0.0146899
0.0147193
0.014762
0.0148163
0.0148804
0.0149521
0.0150286
0.0151072
0.015185
0.0152589
0.0153259
0.0153833
0.0154287
0.01546
0.015476
0.0154759
0.0154596
0.0154279
0.0153821
0.0153242
0.0152566
0.0151821
0.0151037
0.0150246
0.0149477
0.0497649
0.0497211
0.0496871
0.0496641
0.049653
0.0496541
0.0496673
0.049692
0.0497271
0.0497715
0.0498234
0.049881
0.0499422
0.0500047
0.0500661
0.0501242
0.0501767
0.0502215
0.050257
0.0502815
0.0502943
0.0502946
0.0502824
0.050258
0.0502223
0.0501768
0.0501232
0.0500638
0.050001
0.0499373
0.0498751
0.0498169
0.0446528
0.0445777
0.0445191
0.0444791
0.044459
0.0444597
0.0444812
0.0445226
0.0445826
0.0446589
0.0447488
0.0448489
0.0449555
0.0450645
0.0451719
0.0452732
0.0453647
0.0454426
0.0455037
0.0455456
0.0455665
0.0455656
0.0455428
0.0454992
0.0454366
0.0453575
0.0452651
0.0451632
0.0450557
0.0449468
0.0448408
0.0447416
0.0337005
0.0336119
0.0335429
0.033496
0.0334728
0.0334742
0.0335
0.0335496
0.0336212
0.0337125
0.03382
0.0339401
0.0340682
0.0341996
0.034329
0.0344515
0.0345621
0.0346561
0.0347297
0.0347797
0.0348041
0.0348017
0.0347729
0.0347187
0.0346417
0.0345451
0.034433
0.0343098
0.0341805
0.0340502
0.0339237
0.0338057
0.0147715
0.0147116
0.0146653
0.0146341
0.014619
0.0146204
0.0146385
0.0146726
0.0147216
0.0147839
0.0148577
0.0149402
0.0150285
0.0151194
0.0152093
0.0152946
0.0153718
0.0154375
0.0154889
0.0155236
0.0155402
0.0155378
0.0155168
0.015478
0.0154231
0.0153547
0.0152759
0.0151898
0.0151001
0.0150101
0.0149233
0.0148428
0.0495986
0.0495499
0.049517
0.0495012
0.049503
0.0495221
0.0495579
0.0496089
0.0496731
0.0497481
0.0498313
0.0499195
0.0500096
0.050098
0.0501815
0.0502568
0.0503209
0.0503714
0.0504061
0.0504238
0.0504235
0.0504053
0.0503698
0.0503182
0.0502526
0.0501755
0.0500901
0.0499999
0.0499084
0.0498193
0.0497358
0.0496613
0.044328
0.0442439
0.0441884
0.0441633
0.0441695
0.0442068
0.0442739
0.0443685
0.0444873
0.0446261
0.04478
0.0449433
0.0451098
0.0452732
0.045427
0.0455651
0.0456818
0.0457721
0.0458323
0.0458598
0.0458533
0.0458131
0.045741
0.0456399
0.0455141
0.045369
0.0452104
0.0450448
0.0448786
0.0447181
0.0445694
0.0444378
0.0332938
0.0331948
0.0331305
0.0331029
0.033113
0.0331604
0.0332436
0.0333601
0.033506
0.0336765
0.0338658
0.0340672
0.0342732
0.0344758
0.0346669
0.0348386
0.0349835
0.0350951
0.0351685
0.0352001
0.0351885
0.0351343
0.0350399
0.0349097
0.0347495
0.0345663
0.0343679
0.0341625
0.0339581
0.0337624
0.0335824
0.0334244
0.0144751
0.0144089
0.0143669
0.0143504
0.0143599
0.014395
0.0144548
0.0145376
0.014641
0.0147618
0.0148961
0.0150394
0.0151864
0.0153316
0.015469
0.0155927
0.015697
0.0157768
0.0158284
0.015849
0.0158377
0.0157948
0.0157227
0.0156249
0.0155061
0.0153719
0.015228
0.0150805
0.0149352
0.0147977
0.0146725
0.0145639
0.0494275
0.049363
0.0493209
0.0493026
0.0493088
0.0493391
0.0493923
0.0494664
0.0495584
0.049665
0.0497822
0.0499058
0.0500311
0.0501536
0.0502684
0.0503711
0.0504577
0.0505249
0.0505697
0.0505905
0.0505862
0.0505569
0.0505038
0.0504287
0.0503346
0.0502252
0.0501049
0.0499786
0.0498513
0.049728
0.0496135
0.049512
0.0440431
0.0439291
0.043855
0.0438231
0.0438346
0.043889
0.0439844
0.0441176
0.0442843
0.0444786
0.0446936
0.0449216
0.0451542
0.0453823
0.0455971
0.0457897
0.0459521
0.0460775
0.0461601
0.0461964
0.0461846
0.0461252
0.0460209
0.0458761
0.0456971
0.0454915
0.045268
0.0450355
0.0448033
0.0445801
0.0443743
0.0441932
0.0329696
0.0328343
0.0327468
0.0327096
0.0327237
0.0327888
0.0329029
0.0330625
0.0332628
0.0334975
0.0337589
0.0340378
0.0343242
0.0346071
0.034875
0.0351167
0.0353215
0.0354799
0.0355844
0.0356297
0.0356137
0.0355371
0.0354037
0.0352196
0.0349936
0.0347358
0.0344576
0.0341706
0.033886
0.0336145
0.033366
0.0331486
0.014266
0.0141742
0.0141153
0.0140905
0.0141005
0.014145
0.0142229
0.0143322
0.0144701
0.0146328
0.0148153
0.0150118
0.0152155
0.0154185
0.0156126
0.0157891
0.0159396
0.0160566
0.0161338
0.0161671
0.0161546
0.0160968
0.015997
0.0158604
0.0156942
0.0155064
0.0153057
0.0151007
0.0148996
0.0147097
0.0145374
0.0143881
0.0493318
0.0492446
0.0491839
0.0491517
0.0491491
0.0491762
0.0492318
0.0493138
0.0494191
0.0495436
0.0496829
0.0498318
0.049985
0.0501366
0.0502808
0.0504121
0.0505254
0.050616
0.0506804
0.0507158
0.0507207
0.0506949
0.0506393
0.0505559
0.050448
0.0503199
0.0501766
0.0500241
0.0498685
0.0497157
0.0495718
0.0494423
0.0439107
0.0437548
0.0436451
0.043585
0.0435766
0.04362
0.0437138
0.043855
0.0440389
0.0442594
0.0445089
0.0447787
0.0450589
0.0453388
0.0456077
0.0458545
0.0460689
0.0462416
0.046365
0.0464334
0.0464438
0.0463955
0.0462909
0.0461345
0.0459333
0.045696
0.0454328
0.0451546
0.0448724
0.0445973
0.0443393
0.0441078
0.0328362
0.0326506
0.0325199
0.0324475
0.0324356
0.0324843
0.0325923
0.0327567
0.0329727
0.0332338
0.0335319
0.0338572
0.0341983
0.0345424
0.0348761
0.0351853
0.0354563
0.0356765
0.0358352
0.0359244
0.0359397
0.0358804
0.0357492
0.0355529
0.0353008
0.0350051
0.0346792
0.034337
0.0339925
0.033659
0.0333483
0.0330711
0.0141918
0.0140653
0.013976
0.0139258
0.013916
0.0139466
0.0140169
0.0141255
0.0142698
0.0144462
0.01465
0.0148753
0.0151146
0.0153594
0.0156
0.0158259
0.0160265
0.0161915
0.016312
0.0163813
0.0163953
0.0163532
0.0162574
0.0161134
0.0159292
0.0157144
0.0154796
0.0152354
0.014992
0.0147586
0.0145432
0.0143525
0.0492738
0.0491702
0.0490956
0.0490525
0.0490425
0.0490658
0.0491215
0.0492074
0.0493202
0.0494556
0.0496087
0.0497739
0.0499453
0.0501163
0.0502806
0.0504317
0.0505637
0.0506714
0.0507504
0.0507974
0.0508103
0.0507887
0.0507331
0.0506458
0.0505301
0.0503905
0.0502326
0.050063
0.0498885
0.0497158
0.0495518
0.0494026
0.0438282
0.0436456
0.0435132
0.0434351
0.0434139
0.0434501
0.0435425
0.0436883
0.0438827
0.0441193
0.0443902
0.044686
0.044996
0.0453085
0.0456116
0.0458929
0.0461405
0.0463438
0.0464935
0.046583
0.0466079
0.0465672
0.0464626
0.0462991
0.0460839
0.0458266
0.0455383
0.0452312
0.0449174
0.0446093
0.0443184
0.0440549
0.0327469
0.032532
0.0323763
0.0322842
0.032258
0.0322985
0.0324046
0.0325734
0.0328003
0.0330787
0.0334002
0.0337545
0.0341295
0.0345114
0.0348853
0.0352356
0.0355468
0.0358043
0.0359954
0.0361106
0.0361436
0.036093
0.0359612
0.0357551
0.0354851
0.0351643
0.0348075
0.0344304
0.0340486
0.0336767
0.0333283
0.033015
0.0141351
0.0139904
0.0138859
0.0138237
0.0138053
0.0138309
0.0138999
0.0140111
0.0141619
0.014349
0.0145675
0.0148114
0.0150729
0.015343
0.0156111
0.0158655
0.0160944
0.0162858
0.0164295
0.016517
0.0165432
0.0165066
0.0164094
0.0162573
0.016059
0.0158253
0.015568
0.0152991
0.0150299
0.0147708
0.0145305
0.0143166
0.0492096
0.0491038
0.0490292
0.0489886
0.0489834
0.0490135
0.0490779
0.049174
0.0492982
0.0494457
0.049611
0.0497882
0.0499707
0.0501518
0.0503246
0.0504824
0.050619
0.0507289
0.0508077
0.0508521
0.0508602
0.0508316
0.0507673
0.0506697
0.0505427
0.0503911
0.0502211
0.0500396
0.0498538
0.0496712
0.0494987
0.0493429
0.0437102
0.0435286
0.0434012
0.0433321
0.0433233
0.0433751
0.0434858
0.043652
0.0438683
0.0441277
0.0444212
0.0447388
0.0450689
0.045399
0.0457161
0.0460075
0.0462606
0.0464643
0.0466095
0.0466893
0.0467001
0.0466413
0.0465156
0.0463288
0.0460894
0.045808
0.0454968
0.0451685
0.0448365
0.0445133
0.044211
0.0439402
0.0326021
0.0323917
0.0322452
0.0321665
0.0321576
0.0322189
0.0323487
0.0325435
0.032798
0.0331049
0.0334548
0.0338365
0.0342366
0.0346403
0.0350315
0.0353935
0.03571
0.0359659
0.0361483
0.0362478
0.0362591
0.0361817
0.0360197
0.0357814
0.0354788
0.0351267
0.0347412
0.0343389
0.0339363
0.0335486
0.0331894
0.0328706
0.0140292
0.0138904
0.0137948
0.0137443
0.0137399
0.0137816
0.0138688
0.0139996
0.0141712
0.0143797
0.0146198
0.0148845
0.0151655
0.0154524
0.0157338
0.015997
0.0162292
0.016418
0.0165528
0.0166255
0.0166317
0.016571
0.0164472
0.0162677
0.0160428
0.0157845
0.0155058
0.0152192
0.0149366
0.0146683
0.0144231
0.0142082
0.0491669
0.0490636
0.0489931
0.0489579
0.0489592
0.0489968
0.0490693
0.0491739
0.0493065
0.0494621
0.0496348
0.0498185
0.0500063
0.0501912
0.0503663
0.0505247
0.0506602
0.0507673
0.0508418
0.0508805
0.0508818
0.0508456
0.050773
0.050667
0.0505317
0.0503723
0.0501951
0.0500074
0.0498166
0.0496303
0.0494557
0.0492992
0.043636
0.0434607
0.0433419
0.0432834
0.043287
0.0433526
0.0434781
0.0436594
0.0438908
0.0441645
0.0444713
0.0448005
0.0451399
0.0454768
0.0457979
0.0460897
0.0463399
0.0465374
0.0466731
0.0467409
0.0467373
0.0466627
0.0465205
0.0463172
0.046062
0.0457661
0.0454423
0.0451039
0.0447643
0.0444364
0.0441322
0.0438623
0.0325158
0.0323135
0.0321775
0.0321116
0.0321174
0.0321948
0.0323418
0.0325544
0.0328267
0.033151
0.0335171
0.0339132
0.0343253
0.034738
0.0351345
0.0354977
0.0358108
0.0360587
0.0362289
0.0363125
0.0363051
0.0362072
0.0360237
0.0357644
0.0354422
0.0350725
0.0346723
0.0342586
0.033848
0.0334558
0.0330956
0.032779
0.0139708
0.0138378
0.0137496
0.0137077
0.0137131
0.0137657
0.0138644
0.0140072
0.0141912
0.0144121
0.014664
0.0149396
0.0152299
0.015524
0.01581
0.0160748
0.0163051
0.0164886
0.0166146
0.0166755
0.0166675
0.0165912
0.0164512
0.016256
0.0160166
0.0157458
0.0154569
0.0151626
0.0148748
0.0146039
0.0143586
0.0141457
0.049218
0.0491137
0.0490407
0.0490016
0.0489978
0.0490293
0.0490947
0.0491916
0.0493161
0.0494635
0.0496282
0.0498043
0.0499854
0.0501646
0.0503353
0.0504907
0.050625
0.0507326
0.0508094
0.050852
0.0508588
0.0508293
0.0507646
0.050667
0.0505404
0.0503897
0.0502208
0.0500406
0.0498563
0.0496751
0.0495041
0.0493498
0.0437394
0.0435606
0.0434351
0.0433671
0.0433585
0.0434097
0.0435189
0.0436826
0.0438954
0.0441504
0.0444387
0.0447504
0.0450742
0.0453978
0.0457085
0.0459938
0.0462414
0.0464407
0.0465826
0.0466606
0.0466712
0.0466137
0.0464909
0.0463083
0.0460741
0.0457987
0.0454939
0.0451722
0.0448465
0.0445292
0.0442321
0.0439658
0.0326483
0.03244
0.0322941
0.0322148
0.032204
0.032262
0.0323873
0.0325764
0.032824
0.0331229
0.0334639
0.033836
0.0342261
0.0346198
0.0350015
0.0353549
0.0356642
0.0359147
0.036094
0.0361931
0.0362069
0.0361345
0.0359797
0.0357506
0.0354585
0.0351174
0.0347431
0.0343515
0.0339586
0.0335791
0.0332267
0.0329132
0.0140702
0.0139315
0.0138347
0.013782
0.0137744
0.013812
0.0138941
0.0140189
0.0141838
0.0143848
0.0146167
0.0148725
0.0151442
0.015422
0.0156949
0.0159509
0.0161775
0.0163631
0.0164971
0.016572
0.016583
0.0165297
0.0164153
0.0162464
0.0160326
0.0157853
0.0155167
0.0152389
0.0149636
0.014701
0.01446
0.0142479
0.0493361
0.0492294
0.0491502
0.0491014
0.0490846
0.0491004
0.049148
0.0492254
0.0493295
0.0494564
0.0496013
0.0497589
0.0499236
0.0500891
0.0502494
0.0503984
0.0505301
0.0506395
0.0507223
0.0507749
0.0507953
0.0507824
0.0507366
0.0506596
0.0505542
0.0504245
0.0502757
0.0501137
0.0499452
0.0497768
0.0496151
0.0494663
0.043955
0.0437701
0.0436315
0.0435439
0.0435099
0.0435307
0.0436054
0.0437316
0.043905
0.0441197
0.0443686
0.044643
0.044933
0.045228
0.0455166
0.0457873
0.046029
0.0462313
0.0463854
0.0464844
0.0465238
0.0465017
0.0464191
0.0462797
0.0460897
0.0458575
0.045593
0.0453073
0.0450118
0.0447182
0.0444376
0.0441801
0.0329064
0.0326891
0.0325262
0.0324223
0.0323804
0.0324015
0.032485
0.0326284
0.0328276
0.0330767
0.033368
0.0336922
0.0340381
0.0343934
0.0347444
0.0350768
0.0353763
0.0356294
0.035824
0.0359506
0.0360029
0.0359782
0.0358776
0.0357062
0.0354725
0.0351876
0.0348647
0.0345179
0.0341618
0.0338101
0.0334762
0.0331715
0.0142501
0.0141036
0.0139939
0.0139234
0.0138938
0.0139056
0.0139586
0.0140515
0.0141822
0.0143474
0.0145429
0.014763
0.0150007
0.015248
0.0154957
0.0157335
0.0159506
0.0161364
0.0162813
0.0163772
0.0164188
0.0164035
0.0163323
0.0162092
0.0160409
0.0158366
0.0156065
0.0153612
0.0151114
0.0148672
0.0146375
0.0144297
0.0494345
0.0493298
0.0492491
0.0491954
0.0491705
0.0491753
0.0492094
0.0492713
0.0493585
0.0494676
0.0495947
0.0497348
0.0498832
0.0500343
0.0501825
0.0503222
0.0504481
0.0505551
0.0506391
0.0506966
0.0507252
0.0507237
0.050692
0.0506311
0.0505432
0.0504317
0.0503011
0.0501566
0.0500041
0.0498497
0.0496995
0.0495593
0.0441195
0.0439384
0.0437977
0.0437023
0.0436552
0.0436578
0.0437101
0.0438102
0.0439545
0.0441384
0.0443554
0.044598
0.0448576
0.0451247
0.0453893
0.0456408
0.0458691
0.0460647
0.046219
0.0463254
0.046379
0.0463775
0.0463207
0.0462113
0.046054
0.0458558
0.045625
0.0453714
0.0451052
0.0448369
0.044577
0.0443349
0.0330921
0.0328793
0.0327143
0.032602
0.0325456
0.0325468
0.0326053
0.0327195
0.0328858
0.0330992
0.0333531
0.0336393
0.033948
0.0342683
0.0345882
0.0348948
0.0351755
0.0354177
0.0356103
0.0357442
0.0358129
0.0358129
0.0357441
0.0356099
0.0354168
0.0351739
0.0348924
0.0345847
0.0342636
0.0339422
0.0336326
0.0333459
0.0143714
0.014228
0.0141171
0.0140414
0.0140029
0.0140023
0.0140395
0.0141138
0.0142232
0.014365
0.0145354
0.0147294
0.0149411
0.0151631
0.0153873
0.0156046
0.0158058
0.0159813
0.0161223
0.0162216
0.0162735
0.0162752
0.0162266
0.0161304
0.0159917
0.0158178
0.0156175
0.0154002
0.0151755
0.0149523
0.0147392
0.0145435
0.0494619
0.0493642
0.0492892
0.0492398
0.0492176
0.0492233
0.0492566
0.0493161
0.0493993
0.049503
0.0496235
0.0497561
0.0498961
0.0500384
0.0501777
0.0503088
0.0504266
0.0505265
0.0506045
0.0506574
0.050683
0.0506803
0.050649
0.0505904
0.0505065
0.0504007
0.0502771
0.0501406
0.0499968
0.0498514
0.0497102
0.0495787
0.0441519
0.0439854
0.0438575
0.0437726
0.0437335
0.0437414
0.043796
0.0438953
0.044036
0.0442133
0.0444209
0.0446518
0.0448975
0.0451491
0.0453968
0.0456312
0.0458425
0.046022
0.0461619
0.046256
0.0463002
0.0462924
0.0462331
0.0461247
0.0459722
0.0457821
0.0455624
0.0453223
0.0450715
0.0448197
0.0445767
0.0443513
0.0331184
0.0329244
0.0327761
0.032678
0.0326331
0.0326426
0.0327062
0.032822
0.0329864
0.0331945
0.0334395
0.0337134
0.0340069
0.0343093
0.0346089
0.034894
0.0351525
0.0353729
0.035545
0.0356608
0.0357147
0.0357039
0.0356291
0.0354939
0.0353047
0.0350704
0.0348016
0.03451
0.0342076
0.0339064
0.0336178
0.0333521
0.0143822
0.0142529
0.0141548
0.0140903
0.0140611
0.0140678
0.0141103
0.0141875
0.0142974
0.0144372
0.0146029
0.0147898
0.0149917
0.0152017
0.0154117
0.0156131
0.015797
0.0159547
0.0160784
0.0161616
0.0161999
0.0161911
0.0161358
0.0160369
0.0158997
0.0157314
0.0155401
0.0153346
0.0151238
0.0149161
0.0147189
0.014539
0.049422
0.0493281
0.0492579
0.0492142
0.0491984
0.0492111
0.0492516
0.0493182
0.0494082
0.0495184
0.0496446
0.0497821
0.0499258
0.0500706
0.0502109
0.0503416
0.0504575
0.0505539
0.0506271
0.0506741
0.0506929
0.0506826
0.0506436
0.0505771
0.0504858
0.0503732
0.0502438
0.0501027
0.0499556
0.0498083
0.0496668
0.0495364
0.0440734
0.0439144
0.0437963
0.0437232
0.0436974
0.0437196
0.0437892
0.0439037
0.0440592
0.0442506
0.0444711
0.0447131
0.0449678
0.0452258
0.045477
0.0457117
0.0459199
0.046093
0.0462234
0.0463051
0.0463346
0.0463105
0.0462339
0.0461082
0.045939
0.0457337
0.0455009
0.0452503
0.0449919
0.0447357
0.0444914
0.044268
0.0330196
0.032835
0.0326989
0.0326154
0.0325869
0.0326141
0.0326964
0.0328312
0.0330145
0.0332408
0.0335029
0.0337921
0.0340985
0.0344107
0.0347166
0.0350036
0.0352595
0.0354728
0.0356333
0.0357333
0.0357679
0.0357352
0.035637
0.0354782
0.0352664
0.0350116
0.0347252
0.0344196
0.0341073
0.0338005
0.0335103
0.0332472
0.0143113
0.0141893
0.0141002
0.0140463
0.0140289
0.0140483
0.0141041
0.0141949
0.0143185
0.0144717
0.0146502
0.0148487
0.0150608
0.0152788
0.0154943
0.0156981
0.015881
0.016034
0.0161493
0.0162205
0.0162437
0.0162177
0.0161439
0.0160264
0.0158716
0.0156875
0.0154829
0.0152673
0.0150495
0.0148381
0.0146406
0.0144632
0.0493313
0.0492267
0.0491491
0.0491014
0.0490852
0.049101
0.049148
0.0492244
0.0493271
0.0494525
0.049596
0.049752
0.049915
0.050079
0.0502378
0.0503853
0.0505156
0.0506237
0.0507051
0.0507566
0.0507758
0.0507621
0.0507157
0.0506384
0.0505331
0.0504042
0.0502568
0.0500967
0.0499304
0.0497644
0.0496053
0.0494591
0.0439183
0.043738
0.0436049
0.0435232
0.0434954
0.0435225
0.0436034
0.0437355
0.0439144
0.0441343
0.0443877
0.0446658
0.0449589
0.045256
0.0455456
0.0458163
0.0460565
0.0462561
0.046406
0.0464995
0.0465321
0.0465024
0.0464117
0.0462641
0.0460663
0.0458272
0.045557
0.045267
0.0449691
0.0446746
0.0443948
0.0441397
0.032838
0.0326269
0.0324719
0.0323773
0.0323455
0.0323774
0.0324721
0.0326268
0.0328373
0.0330975
0.0333994
0.0337334
0.0340883
0.0344511
0.0348077
0.0351436
0.0354439
0.0356947
0.0358839
0.0360019
0.0360426
0.0360037
0.0358874
0.0356995
0.0354495
0.0351496
0.0348137
0.0344565
0.0340929
0.033737
0.0334019
0.0330989
0.0141874
0.0140466
0.013944
0.0138817
0.0138612
0.0138828
0.0139461
0.0140497
0.0141912
0.0143673
0.0145735
0.0148039
0.0150515
0.0153076
0.0155623
0.0158049
0.016024
0.0162086
0.0163485
0.0164359
0.0164654
0.0164354
0.0163476
0.0162072
0.0160222
0.0158025
0.0155594
0.0153041
0.0150475
0.0147997
0.0145691
0.0143631
0.0492192
0.0490896
0.0489911
0.0489275
0.0489007
0.0489118
0.0489601
0.0490438
0.0491596
0.0493034
0.0494701
0.0496534
0.0498466
0.0500427
0.0502341
0.0504136
0.050574
0.0507089
0.0508128
0.0508814
0.0509119
0.0509027
0.0508543
0.0507683
0.0506482
0.050499
0.0503268
0.0501384
0.0499413
0.0497433
0.0495523
0.0493754
0.0437385
0.0435102
0.0433371
0.0432245
0.0431759
0.0431927
0.0432741
0.0434178
0.043619
0.0438716
0.0441672
0.0444961
0.0448467
0.0452063
0.0455612
0.0458971
0.0462
0.0464565
0.0466551
0.0467865
0.0468444
0.0468261
0.0467323
0.0465676
0.0463396
0.0460589
0.0457377
0.04539
0.04503
0.044672
0.0443294
0.0440146
0.0326353
0.0323662
0.032163
0.0320311
0.0319736
0.0319919
0.0320854
0.0322519
0.0324868
0.032784
0.0331352
0.0335297
0.0339549
0.0343959
0.0348361
0.0352574
0.035641
0.0359691
0.0362252
0.0363961
0.0364723
0.0364497
0.0363295
0.0361181
0.0358268
0.0354705
0.0350666
0.0346335
0.0341899
0.0337532
0.0333395
0.0329629
0.0140527
0.0138716
0.0137357
0.0136477
0.013609
0.0136202
0.0136811
0.0137907
0.0139469
0.0141467
0.0143855
0.0146575
0.014955
0.0152684
0.0155861
0.0158949
0.0161804
0.0164278
0.0166232
0.0167549
0.0168145
0.0167981
0.0167068
0.0165464
0.0163268
0.0160609
0.0157631
0.0154482
0.0151302
0.0148219
0.0145339
0.0142752
0.0491446
0.0489914
0.0488722
0.0487915
0.0487521
0.0487552
0.0488006
0.0488864
0.0490096
0.0491658
0.0493494
0.0495536
0.049771
0.0499935
0.0502128
0.0504204
0.0506081
0.0507682
0.0508941
0.0509808
0.0510246
0.0510234
0.0509772
0.0508877
0.0507587
0.0505956
0.0504051
0.0501947
0.0499729
0.0497486
0.0495303
0.0493265
0.0436297
0.0433594
0.0431497
0.043007
0.0429356
0.0429375
0.0430125
0.0431584
0.0433706
0.0436427
0.0439662
0.0443305
0.0447231
0.0451301
0.0455361
0.0459247
0.0462799
0.0465858
0.0468286
0.0469969
0.0470824
0.047081
0.0469927
0.046822
0.046577
0.0462692
0.0459126
0.0455228
0.0451161
0.0447087
0.0443159
0.0439521
0.0325221
0.0322046
0.0319595
0.0317931
0.0317092
0.0317097
0.0317947
0.0319619
0.0322074
0.032525
0.0329063
0.0333404
0.033814
0.0343109
0.034813
0.0352997
0.0357498
0.0361419
0.0364561
0.0366758
0.0367888
0.0367887
0.0366755
0.0364558
0.0361415
0.0357494
0.0352992
0.0348123
0.03431
0.0338125
0.0333384
0.0329037
0.013983
0.0137698
0.0136065
0.013496
0.0134399
0.0134391
0.0134935
0.0136023
0.0137638
0.0139753
0.0142325
0.0145298
0.0148593
0.0152111
0.0155727
0.0159296
0.0162652
0.0165622
0.0168037
0.0169748
0.0170644
0.0170662
0.0169802
0.0168122
0.0165732
0.016278
0.0159433
0.0155867
0.0152246
0.0148718
0.0145409
0.014242
0.0491665
0.04901
0.0488872
0.0488025
0.048759
0.0487581
0.0487997
0.0488822
0.0490027
0.0491569
0.0493392
0.0495428
0.0497603
0.0499837
0.0502047
0.0504145
0.0506049
0.0507681
0.0508975
0.0509877
0.0510351
0.0510374
0.0509945
0.050908
0.0507816
0.0506207
0.0504318
0.0502224
0.0500009
0.0497761
0.0495567
0.049351
0.0436761
0.0434048
0.0431928
0.0430467
0.0429707
0.0429673
0.0430362
0.0431755
0.0433808
0.0436458
0.0439621
0.0443194
0.0447055
0.0451066
0.0455076
0.0458925
0.0462454
0.0465507
0.0467946
0.0469657
0.0470558
0.0470605
0.0469797
0.0468173
0.046581
0.046282
0.0459337
0.0455514
0.0451511
0.0447487
0.0443596
0.0439979
0.0325861
0.0322705
0.0320254
0.0318571
0.0317695
0.0317649
0.0318431
0.0320024
0.0322386
0.0325459
0.032916
0.0333381
0.0337993
0.0342838
0.034774
0.0352502
0.0356914
0.0360771
0.036388
0.0366077
0.0367243
0.0367312
0.0366281
0.0364207
0.0361204
0.0357429
0.0353074
0.0348342
0.0343442
0.0338573
0.0333918
0.0329635
0.0140334
0.0138235
0.0136619
0.0135516
0.0134942
0.0134907
0.0135411
0.0136445
0.0137994
0.0140027
0.0142506
0.0145372
0.0148551
0.0151944
0.015543
0.015887
0.0162107
0.0164978
0.0167321
0.0168994
0.0169891
0.016995
0.016917
0.01676
0.0165342
0.0162535
0.0159336
0.0155913
0.0152422
0.0149007
0.0145789
0.0142871
0.0492659
0.0491282
0.0490208
0.0489474
0.0489109
0.0489125
0.0489519
0.0490279
0.0491376
0.0492771
0.0494413
0.0496241
0.0498188
0.050018
0.0502144
0.0504002
0.0505681
0.0507112
0.0508236
0.0509009
0.0509398
0.0509387
0.0508974
0.0508178
0.0507032
0.0505584
0.0503892
0.0502022
0.050005
0.0498053
0.0496107
0.0494287
0.0438358
0.043603
0.0434226
0.0433003
0.0432401
0.0432438
0.0433111
0.04344
0.0436263
0.043864
0.0441453
0.0444608
0.0447994
0.0451488
0.0454958
0.0458265
0.0461272
0.0463849
0.0465883
0.046728
0.0467974
0.0467935
0.0467164
0.0465697
0.0463603
0.0460977
0.0457934
0.0454604
0.0451124
0.0447632
0.0444261
0.0441133
0.0327685
0.0325004
0.0322941
0.0321551
0.0320874
0.0320925
0.0321703
0.0323187
0.0325337
0.0328093
0.0331376
0.0335085
0.0339099
0.0343276
0.0347461
0.0351485
0.0355172
0.0358354
0.0360877
0.0362614
0.0363475
0.0363413
0.0362434
0.0360588
0.0357971
0.0354714
0.0350973
0.0346917
0.0342721
0.0338553
0.0334569
0.0330906
0.0141555
0.0139793
0.013845
0.0137553
0.0137122
0.0137164
0.0137678
0.0138654
0.0140072
0.0141902
0.01441
0.0146609
0.0149356
0.015225
0.0155181
0.0158032
0.0160672
0.0162972
0.0164808
0.0166075
0.0166699
0.0166639
0.0165901
0.0164529
0.0162604
0.0160236
0.0157549
0.0154675
0.0151743
0.0148869
0.0146156
0.0143695
0.0493664
0.0492505
0.0491608
0.0491007
0.0490723
0.0490768
0.0491137
0.0491819
0.0492789
0.0494013
0.0495445
0.0497032
0.0498715
0.0500431
0.0502115
0.05037
0.0505123
0.0506328
0.0507263
0.0507891
0.0508188
0.050814
0.0507748
0.050703
0.0506016
0.0504749
0.0503279
0.0501664
0.0499967
0.0498255
0.0496593
0.0495043
0.043992
0.0437978
0.043649
0.0435506
0.0435057
0.0435159
0.0435806
0.0436979
0.0438637
0.0440727
0.0443177
0.0445902
0.0448806
0.045178
0.0454711
0.0457481
0.0459977
0.0462093
0.0463737
0.0464834
0.0465337
0.0465222
0.0464496
0.0463192
0.0461367
0.0459104
0.0456498
0.0453659
0.0450701
0.044774
0.0444889
0.0442251
0.03294
0.0327163
0.032546
0.0324343
0.0323842
0.0323972
0.032473
0.0326092
0.032802
0.0330457
0.0333327
0.0336537
0.0339979
0.0343528
0.0347048
0.0350396
0.0353428
0.0356009
0.0358018
0.0359357
0.0359961
0.0359801
0.0358885
0.0357258
0.0355
0.035222
0.0349044
0.0345611
0.0342065
0.0338547
0.0335187
0.0332103
0.0142641
0.0141173
0.0140067
0.0139349
0.0139037
0.0139136
0.0139646
0.0140554
0.014184
0.0143471
0.0145405
0.0147585
0.0149944
0.0152397
0.0154851
0.0157206
0.0159355
0.0161195
0.0162631
0.0163586
0.0164006
0.0163868
0.0163181
0.0161982
0.0160338
0.0158336
0.0156075
0.0153661
0.0151198
0.0148782
0.0146502
0.0144434
0.0494353
0.0493247
0.0492376
0.0491772
0.0491458
0.0491443
0.0491729
0.0492305
0.0493153
0.0494242
0.0495532
0.0496976
0.0498519
0.0500104
0.0501669
0.0503154
0.0504499
0.0505649
0.0506558
0.0507188
0.0507514
0.0507522
0.0507211
0.0506597
0.0505705
0.0504573
0.0503246
0.0501777
0.0500223
0.0498645
0.0497103
0.0495654
0.0441046
0.0439144
0.0437655
0.0436627
0.0436096
0.0436078
0.0436573
0.0437564
0.0439019
0.0440889
0.0443111
0.0445608
0.0448291
0.0451061
0.0453812
0.0456436
0.0458827
0.0460883
0.0462516
0.0463655
0.0464248
0.046427
0.0463719
0.0462621
0.0461024
0.0459
0.0456634
0.0454027
0.0451282
0.0448509
0.0445814
0.0443296
0.0330665
0.0328434
0.0326695
0.0325498
0.0324879
0.0324855
0.0325425
0.0326574
0.0328267
0.0330453
0.0333066
0.0336022
0.0339219
0.0342545
0.0345873
0.0349071
0.0352004
0.0354543
0.0356572
0.0357995
0.0358742
0.0358777
0.0358097
0.0356736
0.0354761
0.0352264
0.0349363
0.0346183
0.0342858
0.0339523
0.0336303
0.0333317
0.0143455
0.014196
0.0140801
0.0140009
0.0139601
0.0139586
0.0139964
0.0140727
0.0141856
0.0143324
0.014509
0.0147105
0.0149306
0.0151619
0.0153959
0.0156232
0.0158338
0.0160179
0.0161661
0.0162708
0.0163261
0.0163289
0.016279
0.0161792
0.0160349
0.0158537
0.0156448
0.0154179
0.0151833
0.0149507
0.0147286
0.0145248
0.0494905
0.0493684
0.049268
0.0491928
0.0491457
0.0491282
0.049141
0.049184
0.0492555
0.0493531
0.0494733
0.0496118
0.0497632
0.049922
0.0500821
0.0502372
0.0503812
0.0505083
0.0506131
0.0506915
0.0507402
0.0507572
0.0507419
0.0506951
0.0506189
0.0505165
0.0503921
0.0502506
0.0500977
0.0499392
0.0497812
0.0496298
0.0442094
0.0439928
0.0438148
0.0436814
0.0435969
0.0435639
0.0435836
0.0436552
0.0437763
0.0439431
0.0441501
0.0443902
0.044655
0.044935
0.0452198
0.0454983
0.0457595
0.0459924
0.0461872
0.0463353
0.0464301
0.0464674
0.0464454
0.0463653
0.0462306
0.0460474
0.0458238
0.0455692
0.0452942
0.0450098
0.0447272
0.0444572
0.0331952
0.0329372
0.0327257
0.0325672
0.0324661
0.0324253
0.0324458
0.0325269
0.0326664
0.0328602
0.0331026
0.0333862
0.0337017
0.0340384
0.0343841
0.0347254
0.0350486
0.0353396
0.0355854
0.0357744
0.0358973
0.0359481
0.0359241
0.0358264
0.0356601
0.0354332
0.0351566
0.0348427
0.0345054
0.0341588
0.0338167
0.0334916
0.0144374
0.014261
0.0141171
0.0140094
0.0139403
0.0139113
0.0139231
0.0139753
0.0140668
0.0141954
0.0143579
0.01455
0.0147664
0.0150004
0.0152437
0.0154874
0.0157212
0.0159345
0.0161171
0.0162594
0.0163537
0.0163944
0.0163793
0.0163092
0.016188
0.0160224
0.0158212
0.0155945
0.0153531
0.0151075
0.0148674
0.0146416
0.049539
0.0494052
0.0492915
0.049202
0.0491398
0.0491073
0.0491059
0.0491356
0.0491956
0.0492839
0.0493972
0.0495314
0.0496816
0.0498422
0.050007
0.0501698
0.0503239
0.0504632
0.0505819
0.0506751
0.0507391
0.0507712
0.0507702
0.0507365
0.0506716
0.0505782
0.0504603
0.0503225
0.0501703
0.0500097
0.0498469
0.0496881
0.0443031
0.0440642
0.0438615
0.0437017
0.0435902
0.0435305
0.0435245
0.0435723
0.0436725
0.0438218
0.0440154
0.0442468
0.0445081
0.0447902
0.0450826
0.0453743
0.0456537
0.0459093
0.0461304
0.0463072
0.0464321
0.0464993
0.0465058
0.0464515
0.0463387
0.0461727
0.0459608
0.0457123
0.0454376
0.045148
0.0448551
0.0445699
0.0333114
0.0330265
0.0327856
0.0325961
0.0324635
0.0323913
0.0323816
0.0324346
0.0325489
0.0327211
0.0329464
0.0332181
0.0335276
0.0338649
0.0342179
0.0345736
0.0349177
0.0352359
0.0355139
0.0357389
0.0358998
0.0359887
0.0360011
0.0359364
0.0357978
0.0355922
0.0353296
0.0350225
0.0346848
0.0343309
0.0339752
0.0336313
0.0145223
0.014327
0.0141628
0.0140339
0.0139434
0.0138931
0.0138843
0.0139171
0.0139907
0.0141036
0.0142531
0.0144356
0.014646
0.0148783
0.0151247
0.0153764
0.0156235
0.0158551
0.0160603
0.0162286
0.016351
0.0164206
0.0164332
0.0163882
0.0162881
0.0161387
0.0159483
0.0157266
0.0154847
0.0152333
0.014983
0.0147433
0.0495418
0.0494084
0.0492949
0.0492054
0.0491431
0.0491104
0.0491086
0.049138
0.0491978
0.0492858
0.0493989
0.0495329
0.049683
0.0498435
0.0500082
0.0501707
0.0503246
0.0504638
0.0505823
0.0506753
0.0507389
0.0507707
0.0507696
0.0507358
0.050671
0.0505778
0.0504602
0.0503228
0.0501711
0.050011
0.0498487
0.0496904
0.0442963
0.0440612
0.0438623
0.0437062
0.0435982
0.0435416
0.0435384
0.0435886
0.0436907
0.0438414
0.0440359
0.0442675
0.0445285
0.0448093
0.0450998
0.0453888
0.0456648
0.0459166
0.0461334
0.0463059
0.0464264
0.0464895
0.0464924
0.046435
0.0463201
0.0461527
0.0459404
0.0456924
0.0454191
0.0451316
0.0448414
0.0445595
0.0332956
0.0330178
0.032784
0.0326015
0.0324754
0.0324094
0.0324053
0.0324632
0.0325815
0.0327569
0.0329844
0.033257
0.0335663
0.0339017
0.0342515
0.0346023
0.0349401
0.0352508
0.0355204
0.0357365
0.0358886
0.035969
0.0359739
0.0359028
0.0357596
0.0355512
0.0352879
0.0349818
0.0346468
0.034297
0.0339466
0.0336087
0.0145062
0.0143178
0.0141605
0.0140382
0.013954
0.0139096
0.0139061
0.0139437
0.0140213
0.0141374
0.0142892
0.0144729
0.0146834
0.0149143
0.0151579
0.0154054
0.0156465
0.0158707
0.0160672
0.0162261
0.0163388
0.0163991
0.0164035
0.0163517
0.0162467
0.0160946
0.0159035
0.0156832
0.0154444
0.0151978
0.0149534
0.0147203
0.0494703
0.0493469
0.0492456
0.04917
0.0491228
0.0491059
0.0491201
0.0491652
0.0492396
0.0493409
0.0494652
0.0496082
0.0497644
0.049928
0.0500925
0.0502516
0.0503988
0.0505283
0.0506345
0.0507129
0.0507604
0.0507752
0.0507569
0.0507065
0.0506263
0.0505196
0.0503909
0.0502452
0.0500884
0.0499264
0.0497654
0.0496115
0.0441462
0.0439324
0.0437592
0.0436321
0.0435553
0.0435314
0.0435611
0.0436435
0.0437762
0.0439548
0.0441734
0.0444247
0.0446997
0.0449884
0.0452799
0.0455628
0.0458255
0.0460571
0.0462477
0.0463888
0.0464742
0.0465
0.0464652
0.0463714
0.0462228
0.0460263
0.0457904
0.0455252
0.0452417
0.0449511
0.0446647
0.0443931
0.033103
0.0328533
0.0326526
0.0325068
0.0324202
0.0323951
0.0324322
0.0325307
0.0326879
0.0328993
0.0331586
0.0334578
0.0337871
0.0341349
0.0344883
0.0348333
0.0351556
0.0354409
0.0356762
0.0358505
0.035955
0.0359845
0.0359377
0.0358169
0.0356283
0.0353811
0.035087
0.0347595
0.0344126
0.0340605
0.0337168
0.033394
0.0143621
0.0141956
0.014063
0.0139678
0.0139121
0.0138973
0.0139236
0.0139907
0.0140969
0.01424
0.0144164
0.0146213
0.0148487
0.0150913
0.0153402
0.0155857
0.015817
0.0160233
0.0161941
0.0163204
0.0163953
0.0164144
0.0163767
0.0162845
0.0161432
0.0159604
0.0157458
0.0155098
0.0152633
0.0150166
0.0147788
0.0145584
0.0493707
0.0492571
0.0491687
0.0491086
0.0490789
0.0490809
0.0491148
0.0491796
0.0492732
0.0493921
0.0495322
0.0496883
0.0498545
0.0500245
0.0501917
0.0503495
0.0504915
0.0506117
0.0507051
0.0507677
0.0507968
0.0507915
0.0507523
0.0506811
0.0505809
0.050456
0.0503114
0.050153
0.0499869
0.0498194
0.049657
0.0495056
0.043962
0.0437664
0.0436168
0.043518
0.0434733
0.043484
0.04355
0.0436692
0.0438379
0.0440507
0.0443003
0.0445783
0.0448746
0.0451782
0.0454774
0.0457601
0.0460146
0.0462301
0.046397
0.0465079
0.0465576
0.0465441
0.0464679
0.0463327
0.0461447
0.0459122
0.0456453
0.0453553
0.045054
0.0447531
0.044464
0.0441972
0.032882
0.0326545
0.0324822
0.03237
0.0323211
0.0323369
0.0324169
0.032559
0.0327596
0.0330127
0.0333108
0.0336443
0.0340021
0.0343711
0.034737
0.0350849
0.0353996
0.035667
0.0358741
0.0360107
0.0360701
0.0360491
0.035949
0.035775
0.0355357
0.0352428
0.0349101
0.0345521
0.0341841
0.0338203
0.0334744
0.0331581
0.0142082
0.0140571
0.0139441
0.0138718
0.0138416
0.0138544
0.0139098
0.0140068
0.0141432
0.014316
0.0145208
0.0147518
0.015002
0.0152626
0.0155238
0.0157745
0.016003
0.0161981
0.0163495
0.0164488
0.01649
0.016471
0.0163928
0.01626
0.0160803
0.0158634
0.0156204
0.0153627
0.0151016
0.0148473
0.0146088
0.0143937
0.0493335
0.0492241
0.0491412
0.0490875
0.0490649
0.0490746
0.0491163
0.0491889
0.0492899
0.0494156
0.0495616
0.0497224
0.0498922
0.0500644
0.0502322
0.050389
0.0505284
0.0506445
0.0507324
0.0507884
0.05081
0.0507967
0.0507492
0.0506699
0.050562
0.0504301
0.0502796
0.0501165
0.0499472
0.0497781
0.0496156
0.0494656
0.0439103
0.0437204
0.0435781
0.0434879
0.0434528
0.043474
0.0435507
0.0436807
0.0438599
0.0440825
0.0443409
0.0446262
0.0449281
0.0452354
0.0455361
0.045818
0.0460693
0.0462793
0.0464386
0.04654
0.0465791
0.0465539
0.0464658
0.0463188
0.0461196
0.0458771
0.0456017
0.045305
0.0449991
0.0446958
0.0444065
0.0441416
0.0328333
0.0326112
0.0324459
0.0323419
0.0323021
0.0323276
0.0324179
0.0325704
0.0327811
0.0330438
0.0333507
0.0336918
0.0340556
0.0344288
0.0347968
0.0351444
0.0354564
0.0357185
0.0359182
0.0360454
0.0360939
0.0360611
0.0359488
0.0357628
0.0355123
0.0352095
0.0348684
0.034504
0.0341317
0.0337658
0.0334198
0.0331056
0.0141839
0.0140354
0.0139258
0.0138574
0.0138317
0.0138492
0.0139097
0.0140119
0.0141536
0.0143316
0.0145412
0.0147766
0.0150303
0.0152934
0.0155559
0.0158067
0.0160341
0.0162269
0.0163746
0.0164691
0.0165047
0.0164795
0.0163948
0.0162558
0.0160702
0.0158482
0.0156009
0.01534
0.0150765
0.0148209
0.0145821
0.0143677
0.0493914
0.0492838
0.0492008
0.0491451
0.0491188
0.049123
0.0491578
0.0492222
0.049314
0.0494299
0.0495658
0.0497166
0.0498769
0.0500404
0.0502007
0.0503514
0.0504865
0.0506003
0.0506881
0.0507459
0.0507715
0.050764
0.0507241
0.0506535
0.0505553
0.0504337
0.0502935
0.0501405
0.0499806
0.0498198
0.0496643
0.0495198
0.0440309
0.0438424
0.0436972
0.0436003
0.0435548
0.0435621
0.0436221
0.0437329
0.043891
0.0440913
0.0443269
0.0445897
0.0448703
0.0451582
0.0454423
0.0457112
0.0459539
0.04616
0.0463207
0.0464287
0.0464793
0.0464703
0.0464019
0.0462774
0.0461024
0.0458846
0.0456334
0.0453594
0.0450738
0.0447877
0.044512
0.0442567
0.0329889
0.0327669
0.0325964
0.0324824
0.0324281
0.0324351
0.0325032
0.0326306
0.0328136
0.0330469
0.0333234
0.0336343
0.0339689
0.0343152
0.0346599
0.0349892
0.0352889
0.0355456
0.0357474
0.0358845
0.0359502
0.0359412
0.0358579
0.0357046
0.0354887
0.0352206
0.0349127
0.0345788
0.0342329
0.0338887
0.0335591
0.0332558
0.0143013
0.0141513
0.0140365
0.0139596
0.0139224
0.0139256
0.0139692
0.0140524
0.0141731
0.0143286
0.0145147
0.0147262
0.0149564
0.0151974
0.0154404
0.0156755
0.0158921
0.0160799
0.0162293
0.0163322
0.0163829
0.0163785
0.0163191
0.0162083
0.0160522
0.015859
0.0156387
0.0154016
0.015158
0.0149179
0.0146902
0.0144826
0.0494783
0.0493762
0.0492956
0.0492392
0.049209
0.0492063
0.0492316
0.0492841
0.0493619
0.0494624
0.049582
0.0497162
0.0498601
0.0500081
0.0501545
0.0502935
0.0504194
0.0505271
0.050612
0.0506705
0.0507002
0.0507
0.0506703
0.0506125
0.0505291
0.0504235
0.0503001
0.0501638
0.05002
0.0498742
0.0497319
0.0495983
0.0441843
0.044005
0.0438635
0.0437644
0.0437111
0.0437054
0.0437475
0.0438362
0.0439684
0.0441399
0.0443448
0.0445759
0.0448249
0.0450826
0.0453392
0.0455844
0.0458084
0.0460018
0.0461563
0.0462653
0.046324
0.0463298
0.0462824
0.046184
0.0460389
0.0458534
0.0456355
0.0453943
0.0451398
0.0448819
0.0446307
0.0443953
0.0331683
0.0329568
0.0327901
0.0326733
0.0326099
0.0326017
0.0326489
0.0327503
0.0329028
0.0331019
0.0333414
0.0336134
0.0339087
0.0342166
0.0345256
0.0348235
0.0350978
0.0353366
0.0355292
0.0356665
0.035742
0.035752
0.0356959
0.0355765
0.0353994
0.0351731
0.0349077
0.0346152
0.0343079
0.0339981
0.0336979
0.0334181
0.0144232
0.0142798
0.014167
0.0140879
0.0140443
0.0140373
0.014067
0.0141327
0.0142329
0.0143651
0.0145255
0.0147097
0.0149118
0.0151248
0.015341
0.0155518
0.0157481
0.015921
0.016062
0.0161639
0.0162212
0.0162308
0.0161921
0.0161072
0.0159807
0.0158191
0.0156305
0.0154239
0.0152084
0.0149928
0.0147853
0.0145934
0.0495115
0.049421
0.0493504
0.0493022
0.049278
0.0492791
0.0493055
0.0493565
0.0494304
0.0495247
0.0496357
0.0497596
0.0498915
0.0500265
0.0501592
0.0502846
0.0503974
0.050493
0.0505674
0.0506174
0.0506409
0.0506371
0.0506065
0.0505505
0.0504714
0.0503728
0.0502584
0.0501329
0.0500011
0.0498682
0.0497392
0.0496189
0.0442232
0.0440655
0.0439433
0.0438606
0.0438203
0.0438238
0.043871
0.0439603
0.044089
0.0442527
0.0444456
0.044661
0.0448909
0.0451267
0.0453593
0.0455795
0.0457784
0.0459478
0.0460804
0.0461706
0.0462144
0.04621
0.0461574
0.0460592
0.0459195
0.0457443
0.045541
0.0453182
0.0450847
0.0448498
0.0446224
0.044411
0.0331994
0.0330143
0.0328716
0.0327756
0.0327292
0.0327339
0.0327896
0.0328946
0.0330459
0.0332387
0.0334668
0.0337225
0.033997
0.0342801
0.0345609
0.0348282
0.035071
0.0352786
0.0354418
0.0355531
0.0356072
0.0356015
0.0355363
0.0354146
0.0352422
0.0350269
0.0347785
0.0345075
0.0342254
0.0339433
0.0336719
0.033421
0.0144328
0.0143081
0.0142125
0.0141485
0.0141179
0.0141213
0.0141587
0.0142292
0.014331
0.0144614
0.0146166
0.014792
0.0149818
0.0151793
0.015377
0.0155668
0.0157403
0.0158896
0.0160075
0.0160881
0.0161271
0.0161224
0.0160744
0.0159855
0.0158603
0.0157052
0.0155276
0.0153357
0.0151378
0.0149416
0.0147547
0.0145832
0.0494961
0.0494209
0.0493658
0.0493324
0.0493222
0.0493355
0.0493722
0.0494311
0.0495101
0.0496065
0.0497167
0.0498367
0.0499619
0.0500875
0.0502085
0.0503203
0.0504181
0.050498
0.0505565
0.0505911
0.0506004
0.0505841
0.0505431
0.0504793
0.0503954
0.0502949
0.0501818
0.0500606
0.049936
0.0498127
0.0496956
0.0495887
0.044178
0.0440486
0.0439551
0.0439005
0.0438868
0.0439145
0.0439826
0.0440892
0.0442305
0.0444018
0.044597
0.044809
0.0450299
0.0452513
0.0454645
0.0456609
0.0458324
0.045972
0.0460735
0.0461328
0.0461471
0.046116
0.0460408
0.0459248
0.0457729
0.0455917
0.0453885
0.0451719
0.0449502
0.0447321
0.0445259
0.044339
0.0331353
0.0329844
0.0328764
0.0328146
0.0328008
0.0328355
0.0329178
0.0330452
0.0332138
0.0334183
0.0336518
0.0339063
0.0341725
0.0344404
0.0346992
0.0349384
0.0351478
0.0353182
0.0354418
0.0355129
0.0355282
0.0354871
0.0353914
0.0352457
0.0350566
0.0348327
0.0345837
0.03432
0.0340522
0.0337907
0.0335452
0.0333242
0.0143809
0.0142801
0.0142088
0.0141688
0.0141611
0.014186
0.0142429
0.0143304
0.014446
0.0145867
0.0147481
0.014925
0.0151114
0.0153002
0.0154839
0.0156545
0.0158045
0.0159266
0.0160149
0.0160648
0.0160738
0.0160415
0.0159695
0.0158615
0.0157232
0.0155611
0.0153827
0.015196
0.0150084
0.0148271
0.0146586
0.0145083
0.0494942
0.0494328
0.0493911
0.0493705
0.0493717
0.0493948
0.0494389
0.0495029
0.0495844
0.0496805
0.0497878
0.0499022
0.0500194
0.0501348
0.050244
0.0503425
0.0504263
0.0504919
0.0505365
0.050558
0.0505558
0.0505298
0.0504814
0.0504126
0.0503265
0.0502265
0.0501167
0.0500014
0.049885
0.0497721
0.0496669
0.0495731
0.0441744
0.0440687
0.0439981
0.0439649
0.0439702
0.0440139
0.0440947
0.0442099
0.0443556
0.0445267
0.0447171
0.0449198
0.0451271
0.045331
0.0455235
0.0456966
0.0458433
0.0459573
0.0460339
0.0460697
0.0460633
0.0460149
0.0459267
0.0458024
0.0456473
0.0454679
0.0452716
0.0450662
0.0448599
0.0446606
0.0444755
0.0443116
0.0331335
0.0330101
0.0329284
0.0328908
0.0328985
0.0329513
0.0330478
0.033185
0.0333585
0.0335627
0.0337906
0.0340342
0.0342843
0.0345314
0.0347654
0.0349766
0.0351558
0.0352951
0.0353883
0.0354309
0.0354212
0.0353596
0.0352489
0.0350944
0.0349028
0.0346827
0.0344434
0.0341947
0.0339465
0.0337082
0.0334884
0.0332947
0.0143827
0.0142999
0.0142455
0.014221
0.014227
0.0142634
0.0143293
0.0144229
0.0145417
0.0146821
0.0148398
0.0150094
0.0151847
0.015359
0.0155251
0.0156759
0.0158044
0.0159046
0.0159714
0.0160014
0.0159933
0.0159473
0.0158659
0.0157532
0.0156148
0.0154571
0.0152872
0.0151123
0.0149392
0.0147743
0.0146235
0.0144916
0.0495364
0.0494856
0.0494527
0.0494387
0.0494443
0.0494692
0.0495126
0.0495732
0.0496488
0.0497368
0.0498339
0.0499365
0.0500407
0.0501425
0.0502378
0.0503229
0.0503942
0.0504487
0.0504841
0.0504989
0.0504924
0.050465
0.0504178
0.050353
0.0502733
0.0501819
0.0500826
0.0499792
0.0498757
0.0497762
0.0496844
0.0496035
0.0442586
0.04417
0.0441128
0.044089
0.0440993
0.0441435
0.0442202
0.0443267
0.0444594
0.0446136
0.0447838
0.0449636
0.0451462
0.0453245
0.0454914
0.04564
0.0457644
0.0458593
0.0459208
0.0459463
0.0459347
0.0458865
0.0458038
0.0456901
0.0455501
0.0453895
0.045215
0.0450335
0.0448522
0.0446778
0.0445171
0.0443757
0.0332408
0.0331365
0.0330692
0.0330411
0.0330531
0.0331049
0.0331948
0.0333201
0.0334767
0.0336593
0.0338616
0.0340762
0.0342951
0.0345099
0.0347118
0.0348924
0.0350441
0.0351602
0.0352355
0.0352668
0.0352527
0.0351938
0.0350927
0.034954
0.0347839
0.0345895
0.0343791
0.0341612
0.0339444
0.0337368
0.0335461
0.0333788
0.0144632
0.0143923
0.0143465
0.0143271
0.0143346
0.0143689
0.014429
0.0145132
0.0146191
0.0147433
0.0148819
0.0150301
0.0151822
0.0153325
0.0154748
0.015603
0.0157114
0.0157949
0.0158496
0.0158727
0.0158632
0.0158215
0.0157498
0.0156514
0.0155311
0.0153943
0.015247
0.0150953
0.0149451
0.0148021
0.0146713
0.0145571
0.0495866
0.0495468
0.0495226
0.0495151
0.0495244
0.0495502
0.0495917
0.0496474
0.0497155
0.0497936
0.0498787
0.0499677
0.0500571
0.0501435
0.0502236
0.0502942
0.0503522
0.0503953
0.0504215
0.0504298
0.0504198
0.0503919
0.0503472
0.0502879
0.0502163
0.0501353
0.0500483
0.0499586
0.0498697
0.0497851
0.0497079
0.049641
0.0443502
0.0442804
0.044238
0.0442245
0.0442403
0.0442849
0.0443569
0.0444538
0.0445721
0.0447077
0.0448556
0.0450102
0.0451656
0.0453157
0.0454545
0.0455765
0.0456766
0.0457508
0.045796
0.0458103
0.0457931
0.0457453
0.0456687
0.0455665
0.045443
0.0453031
0.0451524
0.044997
0.0448429
0.0446959
0.0445617
0.0444451
0.0333496
0.0332673
0.0332172
0.033201
0.0332192
0.0332713
0.0333556
0.0334694
0.0336089
0.0337692
0.0339446
0.0341286
0.0343142
0.0344941
0.0346612
0.0348085
0.0349298
0.03502
0.035075
0.0350927
0.0350721
0.0350143
0.0349217
0.0347984
0.0346497
0.0344816
0.0343013
0.0341158
0.0339324
0.0337582
0.0335993
0.0334616
0.0145392
0.014483
0.0144486
0.0144369
0.0144484
0.0144827
0.0145388
0.014615
0.014709
0.0148177
0.0149374
0.0150639
0.0151924
0.0153178
0.0154348
0.0155387
0.0156248
0.0156892
0.015729
0.0157423
0.0157285
0.0156883
0.0156235
0.0155373
0.0154334
0.0153164
0.0151914
0.0150634
0.0149374
0.014818
0.0147094
0.0146154
0.0495897
0.0495633
0.0495521
0.0495565
0.0495762
0.0496104
0.0496581
0.0497175
0.0497867
0.049863
0.0499438
0.0500259
0.0501061
0.0501814
0.0502488
0.0503057
0.0503496
0.0503787
0.0503917
0.0503879
0.0503676
0.0503314
0.0502809
0.0502183
0.0501461
0.0500673
0.0499851
0.0499025
0.0498228
0.0497492
0.0496842
0.0496305
0.0443449
0.044299
0.0442798
0.0442879
0.0443231
0.0443841
0.0444689
0.0445744
0.0446971
0.0448323
0.0449751
0.04512
0.0452612
0.0453933
0.0455109
0.0456091
0.0456841
0.0457328
0.0457531
0.0457443
0.0457068
0.0456421
0.0455529
0.0454428
0.0453162
0.0451783
0.0450344
0.0448903
0.0447514
0.0446229
0.0445098
0.044416
0.0333341
0.0332804
0.0332582
0.0332685
0.0333108
0.0333837
0.033485
0.0336112
0.033758
0.0339202
0.0340917
0.0342662
0.0344367
0.0345963
0.0347386
0.0348575
0.0349481
0.0350066
0.0350303
0.0350184
0.0349714
0.0348914
0.0347818
0.0346473
0.0344935
0.0343267
0.0341536
0.0339809
0.0338151
0.0336625
0.0335285
0.0334177
0.0145212
0.0144846
0.0144695
0.0144763
0.014505
0.0145545
0.0146235
0.0147099
0.0148108
0.0149227
0.0150418
0.0151636
0.0152833
0.0153961
0.0154971
0.0155818
0.0156465
0.0156882
0.015705
0.0156963
0.0156624
0.015605
0.0155267
0.0154312
0.0153226
0.0152054
0.0150845
0.0149647
0.0148502
0.0147454
0.0146537
0.0145782
0.04954
0.0495304
0.049537
0.0495597
0.0495975
0.0496491
0.0497124
0.0497855
0.0498655
0.0499497
0.0500348
0.0501176
0.0501948
0.0502635
0.050321
0.050365
0.0503936
0.0504055
0.0504002
0.0503777
0.050339
0.0502855
0.0502194
0.0501435
0.0500608
0.0499747
0.0498885
0.0498056
0.0497292
0.0496622
0.0496071
0.0495659
0.0442471
0.0442313
0.0442447
0.0442866
0.0443557
0.0444495
0.0445647
0.0446973
0.0448425
0.0449949
0.0451488
0.0452979
0.0454365
0.0455589
0.0456601
0.0457358
0.045783
0.0457998
0.0457854
0.0457406
0.0456672
0.0455684
0.0454481
0.0453112
0.0451631
0.0450097
0.044857
0.0447107
0.0445764
0.044459
0.0443629
0.0442914
0.0332109
0.0331935
0.0332107
0.0332621
0.0333459
0.0334594
0.0335989
0.0337596
0.0339358
0.0341211
0.0343085
0.0344906
0.03466
0.0348096
0.034933
0.0350249
0.0350814
0.0351
0.03508
0.0350223
0.0349296
0.0348059
0.0346566
0.0344878
0.0343066
0.0341201
0.0339355
0.0337598
0.0335994
0.03346
0.0333464
0.0332624
0.0144316
0.0144202
0.0144324
0.014468
0.0145258
0.0146043
0.0147009
0.0148127
0.0149358
0.0150659
0.0151982
0.0153275
0.0154483
0.0155554
0.0156441
0.0157102
0.0157505
0.0157632
0.0157478
0.015705
0.0156371
0.0155472
0.0154394
0.0153186
0.0151898
0.0150582
0.014929
0.0148069
0.0146962
0.0146006
0.0145232
0.0144663
0.0494824
0.0494928
0.0495208
0.0495654
0.0496249
0.049697
0.049779
0.049868
0.0499608
0.0500539
0.0501437
0.0502269
0.0503001
0.0503606
0.0504059
0.0504342
0.0504442
0.0504355
0.0504081
0.0503632
0.0503026
0.0502286
0.050144
0.0500524
0.0499575
0.049863
0.0497726
0.0496898
0.0496176
0.0495589
0.0495159
0.0494901
0.0441484
0.0441693
0.0442216
0.0443034
0.0444117
0.0445429
0.0446923
0.0448544
0.0450234
0.0451928
0.045356
0.0455065
0.045638
0.0457452
0.0458235
0.0458697
0.0458818
0.0458593
0.0458033
0.0457162
0.0456016
0.0454644
0.04531
0.0451446
0.0449748
0.044807
0.0446476
0.0445025
0.0443771
0.0442759
0.0442026
0.0441596
0.033097
0.0331237
0.0331877
0.0332868
0.0334179
0.0335766
0.0337577
0.0339546
0.0341604
0.0343671
0.0345667
0.0347509
0.0349119
0.0350428
0.0351378
0.0351925
0.0352048
0.0351739
0.0351015
0.0349908
0.0348468
0.0346758
0.0344851
0.0342825
0.0340759
0.0338734
0.0336823
0.0335097
0.0333615
0.0332428
0.0331575
0.0331083
0.014357
0.0143763
0.0144209
0.0144895
0.0145802
0.0146902
0.0148161
0.0149537
0.0150982
0.015244
0.0153855
0.0155166
0.0156316
0.0157252
0.0157928
0.0158311
0.0158383
0.0158141
0.0157599
0.0156782
0.0155732
0.0154496
0.015313
0.0151693
0.0150241
0.014883
0.0147511
0.014633
0.0145324
0.0144525
0.0143958
0.0143636
0.0494365
0.0494661
0.0495141
0.0495789
0.0496581
0.0497485
0.0498467
0.0499492
0.0500523
0.050152
0.0502446
0.0503265
0.0503944
0.0504456
0.0504781
0.0504906
0.0504824
0.0504538
0.0504057
0.0503401
0.0502595
0.0501672
0.0500667
0.049962
0.0498573
0.0497568
0.0496643
0.0495833
0.0495168
0.0494675
0.049437
0.0494266
0.0440779
0.0441325
0.0442197
0.0443367
0.0444792
0.0446422
0.0448199
0.0450058
0.0451929
0.045374
0.0455417
0.0456894
0.0458107
0.0459006
0.0459552
0.0459722
0.0459507
0.0458918
0.0457982
0.0456737
0.0455238
0.0453544
0.0451725
0.0449852
0.0447997
0.044623
0.0444616
0.0443214
0.0442075
0.0441239
0.0440735
0.044058
0.0330199
0.0330861
0.033191
0.0333315
0.0335028
0.0336993
0.0339141
0.0341397
0.0343675
0.0345886
0.034794
0.034975
0.0351235
0.035233
0.0352985
0.0353169
0.0352874
0.0352115
0.0350927
0.0349365
0.0347499
0.0345409
0.0343182
0.0340907
0.0338671
0.0336558
0.0334642
0.033299
0.0331657
0.0330686
0.033011
0.0329946
0.0143096
0.0143555
0.0144277
0.0145242
0.0146422
0.014778
0.0149274
0.015085
0.0152451
0.0154014
0.0155473
0.0156763
0.0157823
0.0158602
0.015906
0.0159176
0.0158944
0.0158376
0.0157501
0.0156362
0.0155015
0.0153521
0.0151944
0.0150349
0.0148797
0.0147344
0.0146038
0.0144922
0.014403
0.0143387
0.0143011
0.0142913
0.0493868
0.0494293
0.0494915
0.0495712
0.0496653
0.0497704
0.0498823
0.049997
0.0501103
0.0502179
0.0503157
0.0503997
0.0504666
0.0505139
0.0505394
0.0505423
0.0505223
0.0504801
0.0504172
0.0503362
0.0502403
0.0501333
0.0500193
0.0499028
0.0497884
0.0496807
0.0495838
0.0495011
0.0494359
0.0493906
0.049367
0.0493657
0.0439974
0.0440723
0.0441821
0.044323
0.0444901
0.0446775
0.0448785
0.0450856
0.045291
0.0454866
0.0456646
0.0458175
0.0459389
0.0460235
0.0460677
0.0460694
0.0460287
0.0459473
0.0458289
0.0456786
0.0455028
0.0453086
0.0451038
0.0448964
0.0446944
0.0445052
0.0443358
0.0441923
0.0440796
0.0440018
0.0439615
0.04396
0.0329272
0.0330157
0.0331457
0.0333131
0.0335125
0.0337372
0.0339796
0.0342307
0.0344811
0.0347208
0.0349398
0.0351286
0.0352788
0.0353835
0.0354376
0.0354388
0.0353869
0.0352846
0.0351366
0.0349498
0.0347326
0.0344944
0.0342449
0.033994
0.0337512
0.0335253
0.0333242
0.0331547
0.0330223
0.0329312
0.0328843
0.0328829
0.014248
0.0143075
0.0143952
0.0145087
0.0146448
0.0147993
0.0149672
0.0151426
0.015319
0.0154892
0.0156458
0.0157817
0.0158904
0.0159664
0.0160057
0.0160064
0.0159685
0.0158939
0.0157866
0.015652
0.0154965
0.0153273
0.0151516
0.0149764
0.0148083
0.0146531
0.014516
0.0144011
0.0143119
0.0142507
0.0142192
0.0142183
0.0493154
0.0493671
0.0494406
0.0495332
0.0496416
0.0497616
0.0498886
0.0500179
0.0501449
0.0502646
0.0503723
0.0504639
0.0505355
0.0505844
0.0506087
0.0506071
0.0505798
0.0505278
0.0504529
0.0503583
0.0502478
0.0501257
0.0499967
0.0498659
0.0497384
0.0496193
0.0495129
0.0494234
0.0493539
0.0493071
0.0492847
0.0492876
0.0438735
0.043962
0.0440894
0.0442513
0.0444421
0.0446553
0.0448831
0.045117
0.0453483
0.0455676
0.0457663
0.0459358
0.0460689
0.0461599
0.0462046
0.046201
0.0461495
0.0460523
0.0459138
0.04574
0.0455384
0.0453172
0.0450853
0.0448518
0.0446255
0.0444147
0.0442272
0.0440696
0.0439472
0.0438644
0.0438238
0.0438269
0.0327802
0.0328832
0.0330325
0.0332236
0.0334504
0.0337056
0.0339802
0.0342645
0.0345476
0.0348181
0.0350645
0.0352761
0.0354431
0.0355578
0.0356146
0.0356109
0.0355468
0.0354257
0.0352532
0.0350376
0.0347887
0.0345171
0.0342342
0.0339512
0.0336787
0.0334263
0.033203
0.0330159
0.032871
0.0327727
0.0327241
0.0327266
0.0141464
0.0142141
0.0143135
0.014442
0.0145959
0.0147708
0.0149611
0.0151601
0.0153606
0.0155542
0.0157324
0.0158871
0.0160104
0.0160961
0.0161395
0.0161383
0.0160928
0.0160053
0.0158807
0.0157254
0.015547
0.0153537
0.015154
0.0149557
0.0147664
0.0145923
0.0144392
0.0143114
0.0142126
0.0141455
0.0141116
0.0141119
0.0492334
0.0492998
0.0493902
0.0495015
0.0496294
0.0497691
0.0499154
0.0500627
0.0502055
0.0503384
0.0504561
0.050554
0.050628
0.0506752
0.0506937
0.0506827
0.0506425
0.0505747
0.050482
0.0503681
0.0502377
0.0500959
0.049948
0.0497999
0.0496574
0.0495259
0.0494105
0.0493153
0.0492438
0.0491988
0.0491818
0.0491935
0.0437344
0.0438487
0.044006
0.0442012
0.0444273
0.0446767
0.0449402
0.0452081
0.0454699
0.0457153
0.045934
0.0461166
0.0462553
0.0463438
0.0463783
0.0463571
0.0462814
0.0461545
0.0459822
0.0457721
0.0455332
0.0452752
0.0450085
0.0447435
0.04449
0.0442572
0.0440534
0.0438857
0.0437597
0.0436798
0.0436485
0.0436669
0.0326187
0.0327523
0.0329372
0.0331681
0.0334377
0.0337373
0.0340564
0.0343834
0.0347057
0.0350099
0.035283
0.0355124
0.0356873
0.0357993
0.0358431
0.0358165
0.0357209
0.0355612
0.0353452
0.0350832
0.0347871
0.0344697
0.0341441
0.033823
0.0335181
0.0332401
0.0329981
0.0327999
0.0326514
0.0325571
0.0325197
0.0325405
0.0140374
0.0141256
0.014249
0.0144046
0.0145881
0.0147944
0.0150167
0.0152474
0.0154774
0.0156972
0.0158967
0.0160661
0.0161967
0.0162813
0.0163153
0.0162968
0.0162271
0.0161101
0.0159524
0.0157621
0.0155488
0.0153223
0.0150921
0.0148673
0.0146559
0.0144647
0.0142995
0.0141649
0.0140643
0.0140001
0.013974
0.0139865
0.0491736
0.0492663
0.0493841
0.0495227
0.0496769
0.0498409
0.0500084
0.050173
0.0503285
0.0504688
0.0505884
0.0506824
0.0507469
0.0507795
0.0507786
0.0507445
0.0506783
0.0505826
0.0504614
0.0503197
0.050163
0.0499975
0.0498295
0.0496655
0.0495119
0.0493744
0.0492581
0.0491673
0.0491053
0.0490744
0.0490757
0.0491092
0.0436419
0.0438052
0.0440134
0.0442596
0.0445353
0.0448308
0.045135
0.0454365
0.0457231
0.0459831
0.0462053
0.04638
0.0464994
0.0465581
0.0465534
0.0464856
0.0463578
0.0461759
0.0459482
0.0456846
0.0453962
0.0450948
0.0447921
0.0444996
0.0442278
0.0439864
0.0437836
0.0436262
0.0435194
0.0434667
0.0434699
0.0435289
0.0325178
0.0327106
0.0329574
0.033251
0.0335821
0.0339397
0.034311
0.0346817
0.035037
0.0353613
0.0356399
0.0358596
0.0360094
0.036082
0.0360738
0.0359852
0.035821
0.0355894
0.035302
0.0349722
0.0346148
0.0342449
0.0338771
0.033525
0.0332009
0.0329154
0.0326774
0.0324939
0.0323702
0.0323099
0.0323148
0.0323847
0.0139724
0.0141016
0.0142682
0.0144683
0.0146963
0.0149454
0.0152072
0.0154721
0.0157289
0.0159661
0.0161719
0.0163354
0.0164474
0.0165014
0.0164946
0.0164274
0.016304
0.0161314
0.0159193
0.0156786
0.0154209
0.0151575
0.014899
0.0146545
0.0144321
0.0142383
0.0140782
0.0139558
0.0138738
0.013834
0.0138373
0.0138837
0.0491624
0.0492891
0.0494398
0.0496089
0.0497901
0.0499765
0.0501608
0.050336
0.0504954
0.0506326
0.0507421
0.0508194
0.0508612
0.0508659
0.0508332
0.0507645
0.0506626
0.0505314
0.0503764
0.050204
0.0500209
0.0498342
0.0496509
0.0494781
0.0493224
0.0491894
0.0490842
0.0490104
0.0489706
0.0489664
0.0489979
0.0490641
0.0436409
0.043867
0.0441366
0.0444404
0.0447677
0.0451066
0.0454441
0.0457669
0.0460617
0.0463156
0.0465176
0.0466586
0.0467321
0.0467345
0.0466658
0.0465292
0.0463311
0.0460807
0.045789
0.0454685
0.0451326
0.0447945
0.0444669
0.0441618
0.0438898
0.04366
0.04348
0.0433557
0.0432909
0.0432878
0.0433466
0.0434656
0.0325278
0.0327963
0.0331179
0.0334828
0.033879
0.0342926
0.034708
0.0351084
0.0354764
0.0357952
0.0360491
0.0362254
0.0363154
0.036314
0.0362215
0.0360429
0.0357875
0.0354683
0.0351007
0.0347015
0.0342879
0.0338763
0.0334822
0.0331191
0.0327987
0.0325307
0.0323227
0.0321807
0.0321083
0.0321077
0.0321789
0.0323201
0.0139841
0.0141659
0.0143854
0.014637
0.0149135
0.0152058
0.0155033
0.0157938
0.0160638
0.0162999
0.0164891
0.0166206
0.0166865
0.0166828
0.0166099
0.0164725
0.0162788
0.01604
0.0157689
0.0154788
0.0151829
0.0148929
0.0146193
0.0143708
0.0141544
0.0139756
0.0138385
0.0137459
0.0136996
0.0137007
0.0137491
0.0138442
0.0492181
0.0493737
0.04955
0.0497404
0.0499378
0.0501346
0.050323
0.050496
0.0506466
0.0507689
0.0508578
0.0509095
0.0509218
0.0508942
0.0508278
0.0507254
0.0505911
0.0504303
0.0502496
0.0500563
0.0498579
0.0496621
0.0494761
0.0493071
0.0491614
0.0490442
0.0489598
0.0489112
0.0488999
0.0489266
0.0489903
0.0490886
0.043754
0.0440328
0.0443496
0.0446935
0.045052
0.0454116
0.045758
0.046077
0.046355
0.0465798
0.0467411
0.0468314
0.0468463
0.0467851
0.0466508
0.0464497
0.0461911
0.0458866
0.0455495
0.0451939
0.0448341
0.0444837
0.0441556
0.0438612
0.0436104
0.0434114
0.0432705
0.043192
0.0431785
0.0432304
0.0433464
0.0435227
0.0326708
0.0330025
0.0333819
0.0337969
0.0342333
0.0346748
0.0351038
0.0355017
0.0358503
0.0361329
0.0363351
0.0364461
0.0364601
0.0363762
0.0361991
0.0359384
0.0356073
0.0352223
0.0348014
0.0343629
0.0339247
0.0335032
0.0331131
0.0327669
0.0324752
0.0322461
0.0320858
0.0319986
0.0319866
0.0320502
0.0321882
0.0323968
0.0140847
0.0143108
0.0145722
0.0148615
0.0151698
0.015486
0.0157972
0.0160895
0.016348
0.0165586
0.0167092
0.0167906
0.0167978
0.0167302
0.0165923
0.0163926
0.016143
0.0158572
0.0155497
0.0152347
0.014925
0.014632
0.014365
0.0141315
0.0139372
0.0137865
0.0136825
0.0136271
0.0136213
0.0136654
0.0137586
0.0138993
0.0493447
0.04951
0.049691
0.0498811
0.0500732
0.0502598
0.0504337
0.050588
0.0507167
0.0508145
0.0508774
0.0509027
0.0508892
0.0508374
0.0507495
0.0506291
0.0504809
0.0503109
0.050126
0.0499337
0.0497413
0.0495564
0.0493857
0.0492356
0.0491116
0.0490184
0.0489592
0.0489361
0.04895
0.0490002
0.049085
0.0492013
0.0439806
0.0442753
0.0445996
0.0449417
0.045289
0.045628
0.045945
0.0462267
0.0464607
0.0466367
0.0467465
0.046785
0.0467504
0.0466442
0.0464714
0.0462401
0.0459605
0.045645
0.045307
0.04496
0.0446178
0.0442929
0.0439969
0.04374
0.0435306
0.0433755
0.0432796
0.0432458
0.0432753
0.0433673
0.043519
0.0437257
0.032943
0.0332935
0.0336819
0.034095
0.0345178
0.0349338
0.0353257
0.0356759
0.035968
0.0361872
0.0363225
0.0363666
0.0363173
0.0361773
0.0359539
0.0356588
0.0353065
0.0349136
0.0344977
0.0340759
0.0336647
0.0332788
0.0329311
0.0326323
0.0323913
0.0322146
0.0321071
0.0320716
0.0321091
0.0322187
0.0323977
0.0326414
0.0142729
0.0145132
0.0147823
0.0150719
0.015372
0.0156709
0.0159553
0.0162118
0.0164269
0.0165888
0.0166877
0.0167175
0.0166765
0.0165673
0.0163966
0.0161744
0.0159133
0.0156266
0.0153279
0.0150298
0.0147437
0.0144791
0.0142439
0.0140444
0.0138856
0.0137706
0.013702
0.0136809
0.0137079
0.0137825
0.0139033
0.014068
0.0495208
0.0496677
0.0498251
0.0499874
0.0501485
0.050302
0.050442
0.050563
0.0506603
0.0507298
0.0507688
0.0507756
0.0507498
0.0506922
0.0506053
0.0504924
0.050358
0.0502075
0.050047
0.0498829
0.0497216
0.0495693
0.0494315
0.0493134
0.0492195
0.0491532
0.0491169
0.049112
0.0491384
0.0491951
0.04928
0.04939
0.0442775
0.0445355
0.0448133
0.0451003
0.0453859
0.0456586
0.0459074
0.0461218
0.0462926
0.0464123
0.0464755
0.0464794
0.0464238
0.0463113
0.0461468
0.0459377
0.0456929
0.0454229
0.0451387
0.0448515
0.0445725
0.0443118
0.0440787
0.0438812
0.0437259
0.0436181
0.0435613
0.0435573
0.0436064
0.043707
0.0438559
0.0440483
0.03329
0.0335954
0.033926
0.0342699
0.0346142
0.034945
0.0352482
0.0355103
0.035719
0.0358644
0.0359393
0.03594
0.0358666
0.0357229
0.035516
0.0352559
0.0349547
0.0346258
0.0342832
0.0339403
0.0336104
0.0333048
0.0330339
0.0328064
0.032629
0.0325071
0.0324443
0.0324423
0.0325013
0.0326198
0.0327944
0.0330201
0.0145105
0.0147197
0.0149481
0.0151877
0.0154295
0.0156636
0.0158797
0.0160674
0.0162172
0.016321
0.016373
0.0163703
0.0163132
0.016205
0.0160518
0.0158619
0.0156449
0.015411
0.0151706
0.014933
0.0147068
0.0144999
0.0143186
0.014168
0.014052
0.0139734
0.0139341
0.0139349
0.0139759
0.0140563
0.0141743
0.014327
0.0496739
0.0497789
0.0498911
0.0500065
0.0501207
0.0502293
0.050328
0.0504132
0.0504814
0.0505301
0.0505571
0.0505613
0.0505425
0.050501
0.0504387
0.0503579
0.0502616
0.0501539
0.0500391
0.0499218
0.0498067
0.0496979
0.0495998
0.049516
0.0494497
0.0494033
0.0493787
0.0493766
0.0493969
0.0494388
0.0495006
0.04958
0.0445211
0.0446997
0.0448912
0.0450882
0.0452832
0.0454686
0.0456368
0.0457812
0.0458957
0.0459757
0.0460178
0.0460201
0.0459827
0.045907
0.0457963
0.0456551
0.0454893
0.0453058
0.0451118
0.0449151
0.0447231
0.0445429
0.0443812
0.0442438
0.0441355
0.0440602
0.0440206
0.0440181
0.0440527
0.0441233
0.0442276
0.0443618
0.0335647
0.0337729
0.0339969
0.0342285
0.0344587
0.0346783
0.0348781
0.0350499
0.0351861
0.0352808
0.0353298
0.035331
0.0352845
0.0351924
0.0350589
0.0348899
0.0346926
0.0344755
0.0342474
0.0340172
0.0337936
0.0335848
0.0333982
0.0332402
0.0331162
0.0330303
0.0329853
0.0329828
0.0330228
0.0331042
0.0332245
0.0333797
0.0146931
0.0148336
0.0149855
0.0151429
0.0153001
0.0154509
0.0155887
0.0157074
0.0158017
0.0158669
0.0159002
0.0158998
0.0158659
0.0158003
0.0157061
0.0155879
0.0154511
0.0153016
0.0151454
0.0149887
0.0148376
0.0146977
0.0145735
0.0144691
0.0143878
0.0143319
0.0143032
0.0143024
0.0143297
0.0143844
0.0144648
0.0145688
0.0497359
0.0497929
0.049857
0.0499258
0.0499969
0.0500675
0.0501349
0.0501966
0.0502503
0.0502939
0.0503256
0.050344
0.0503482
0.0503379
0.0503135
0.0502758
0.0502262
0.0501669
0.0501004
0.0500294
0.0499566
0.0498849
0.049817
0.0497557
0.0497032
0.0496616
0.0496323
0.0496164
0.0496144
0.049626
0.0496509
0.0496881
0.0446017
0.0446933
0.0447973
0.0449097
0.0450263
0.0451426
0.0452543
0.045357
0.0454469
0.0455204
0.0455745
0.0456072
0.0456169
0.0456033
0.0455667
0.0455085
0.0454312
0.0453378
0.0452321
0.0451182
0.0450005
0.0448837
0.0447723
0.0446704
0.0445819
0.0445102
0.0444579
0.0444269
0.0444183
0.0444324
0.0444688
0.0445259
0.0336416
0.0337451
0.0338636
0.0339925
0.0341271
0.0342623
0.034393
0.034514
0.0346207
0.0347089
0.034775
0.0348164
0.0348311
0.0348187
0.0347794
0.0347148
0.0346275
0.0345211
0.0343998
0.0342684
0.0341322
0.0339964
0.0338664
0.0337471
0.0336428
0.0335576
0.0334944
0.0334556
0.0334424
0.0334554
0.033494
0.0335569
0.0147344
0.0148019
0.0148796
0.0149648
0.0150545
0.0151453
0.0152338
0.0153165
0.0153901
0.0154517
0.0154987
0.0155291
0.0155415
0.0155354
0.0155109
0.015469
0.0154112
0.01534
0.0152583
0.0151697
0.0150777
0.014986
0.0148982
0.0148176
0.014747
0.0146891
0.0146458
0.0146186
0.0146083
0.0146153
0.0146394
0.0146795
0.049701
0.0497208
0.0497502
0.0497884
0.0498338
0.049885
0.04994
0.0499967
0.050053
0.0501067
0.0501556
0.0501978
0.0502314
0.0502549
0.0502674
0.0502682
0.0502573
0.0502355
0.0502035
0.0501629
0.0501153
0.0500625
0.0500068
0.0499502
0.0498949
0.0498431
0.0497967
0.0497572
0.0497261
0.0497044
0.0496927
0.0496916
0.0445187
0.0445471
0.0445931
0.0446549
0.0447302
0.0448164
0.0449103
0.0450085
0.0451073
0.0452031
0.045292
0.0453705
0.0454355
0.0454842
0.0455145
0.0455252
0.0455159
0.0454868
0.0454391
0.0453749
0.0452966
0.0452076
0.0451112
0.0450115
0.0449121
0.0448171
0.04473
0.044654
0.0445919
0.0445461
0.0445181
0.0445089
0.0335288
0.0335589
0.0336104
0.0336813
0.033769
0.0338706
0.0339824
0.0341005
0.0342204
0.0343378
0.0344479
0.0345465
0.0346295
0.0346934
0.0347353
0.0347535
0.0347471
0.0347162
0.0346621
0.0345869
0.034494
0.0343871
0.0342707
0.0341495
0.0340282
0.0339117
0.0338043
0.0337099
0.033632
0.0335734
0.0335359
0.0335209
0.0146458
0.0146646
0.0146981
0.0147455
0.0148049
0.0148746
0.0149521
0.0150346
0.0151193
0.0152029
0.0152822
0.0153539
0.0154151
0.015463
0.0154954
0.0155108
0.0155084
0.0154881
0.015451
0.0153987
0.0153335
0.0152583
0.0151763
0.0150907
0.0150052
0.014923
0.0148471
0.0147802
0.0147248
0.0146826
0.0146549
0.0146426
0.0496266
0.049621
0.0496287
0.0496496
0.0496828
0.0497272
0.0497812
0.0498427
0.0499095
0.049979
0.0500483
0.0501148
0.0501756
0.0502281
0.0502704
0.0503006
0.0503176
0.0503209
0.0503107
0.0502873
0.0502519
0.0502059
0.050151
0.0500895
0.0500237
0.0499562
0.0498893
0.0498257
0.0497675
0.0497168
0.0496755
0.049645
0.0443795
0.044367
0.0443786
0.0444139
0.0444716
0.0445497
0.0446456
0.0447556
0.0448759
0.0450019
0.0451288
0.0452518
0.0453658
0.0454663
0.0455492
0.0456111
0.0456494
0.0456626
0.0456502
0.0456127
0.0455517
0.0454696
0.0453699
0.0452566
0.0451342
0.0450075
0.0448814
0.0447608
0.0446501
0.0445535
0.0444744
0.0444157
0.03336
0.0333435
0.0333562
0.0333976
0.0334663
0.03356
0.0336756
0.033809
0.0339556
0.03411
0.0342664
0.0344187
0.034561
0.0346873
0.0347924
0.0348717
0.0349218
0.0349407
0.0349272
0.0348821
0.0348072
0.0347059
0.0345825
0.0344421
0.0342905
0.0341339
0.0339783
0.0338297
0.0336936
0.0335748
0.0334775
0.0334051
0.0145261
0.0145144
0.014523
0.0145516
0.0145993
0.0146647
0.0147457
0.0148397
0.0149434
0.0150533
0.0151652
0.0152748
0.0153777
0.0154695
0.0155463
0.0156046
0.0156415
0.0156554
0.0156456
0.0156126
0.0155578
0.0154839
0.0153943
0.0152927
0.0151837
0.0150716
0.0149608
0.0148556
0.0147596
0.0146762
0.0146082
0.0145577
0.0495844
0.049557
0.0495452
0.0495494
0.0495697
0.0496054
0.0496551
0.0497171
0.0497889
0.0498679
0.0499507
0.0500343
0.0501151
0.0501898
0.0502555
0.0503094
0.0503497
0.0503749
0.0503842
0.0503773
0.0503548
0.0503175
0.050267
0.0502051
0.0501344
0.0500574
0.049977
0.0498962
0.049818
0.0497452
0.0496804
0.0496261
0.0443137
0.0442637
0.0442417
0.0442483
0.0442835
0.0443459
0.0444335
0.0445432
0.0446709
0.0448121
0.0449615
0.0451133
0.0452617
0.0454008
0.0455251
0.0456293
0.0457094
0.045762
0.0457851
0.0457776
0.0457399
0.0456736
0.0455815
0.0454673
0.0453356
0.0451917
0.0450413
0.0448903
0.0447445
0.0446092
0.0444896
0.0443899
0.0332899
0.033229
0.0332016
0.0332086
0.0332497
0.0333236
0.0334279
0.033559
0.0337126
0.0338833
0.0340648
0.0342505
0.0344331
0.0346054
0.0347603
0.0348913
0.0349929
0.0350604
0.0350911
0.0350835
0.035038
0.0349566
0.0348428
0.0347016
0.0345389
0.0343615
0.0341766
0.0339916
0.0338134
0.0336487
0.0335033
0.0333824
0.0144829
0.0144407
0.0144216
0.0144262
0.0144542
0.0145048
0.0145765
0.0146673
0.0147741
0.0148935
0.0150213
0.015153
0.0152834
0.0154073
0.0155194
0.0156149
0.0156894
0.0157394
0.0157624
0.0157574
0.0157245
0.0156652
0.0155825
0.0154802
0.0153629
0.0152357
0.015104
0.0149729
0.0148475
0.0147321
0.0146308
0.0145469
0.0496128
0.0495642
0.0495309
0.0495143
0.049515
0.0495332
0.0495681
0.0496186
0.0496826
0.0497578
0.0498411
0.0499292
0.0500186
0.0501055
0.0501866
0.0502587
0.050319
0.0503654
0.0503963
0.0504107
0.050408
0.0503885
0.0503528
0.0503026
0.0502397
0.0501664
0.0500855
0.05
0.0499131
0.0498277
0.0497472
0.0496746
0.044383
0.0442955
0.044235
0.0442035
0.0442021
0.044231
0.0442892
0.0443746
0.0444843
0.0446143
0.0447598
0.0449155
0.0450753
0.0452332
0.045383
0.0455186
0.0456346
0.0457264
0.0457902
0.0458233
0.0458244
0.0457934
0.0457317
0.0456418
0.0455273
0.045393
0.0452443
0.0450871
0.0449274
0.0447716
0.0446254
0.0444943
0.0333856
0.0332796
0.0332056
0.0331661
0.0331623
0.0331943
0.0332611
0.0333605
0.0334893
0.0336431
0.0338165
0.0340034
0.0341968
0.0343894
0.0345736
0.0347418
0.0348872
0.0350035
0.0350856
0.0351298
0.0351342
0.0350986
0.0350245
0.0349153
0.0347757
0.0346117
0.0344301
0.0342385
0.0340445
0.0338554
0.0336785
0.03352
0.0145582
0.0144847
0.014433
0.0144048
0.0144009
0.0144213
0.0144655
0.0145321
0.0146191
0.0147239
0.014843
0.0149726
0.0151079
0.0152438
0.015375
0.0154961
0.0156017
0.0156871
0.0157482
0.0157822
0.0157874
0.0157634
0.0157114
0.0156339
0.0155345
0.0154178
0.0152891
0.0151538
0.0150174
0.0148851
0.0147617
0.0146516
0.0496856
0.049621
0.0495696
0.0495335
0.0495141
0.0495122
0.049528
0.0495608
0.0496094
0.0496719
0.0497458
0.0498282
0.0499158
0.0500049
0.050092
0.0501737
0.0502472
0.0503096
0.0503587
0.0503929
0.0504107
0.0504117
0.0503957
0.0503635
0.0503161
0.0502555
0.0501839
0.0501039
0.0500184
0.0499305
0.0498436
0.0497608
0.0445303
0.0444153
0.044323
0.0442567
0.0442187
0.0442104
0.0442321
0.044283
0.0443614
0.0444646
0.0445887
0.0447293
0.0448811
0.0450384
0.0451951
0.0453451
0.0454826
0.0456021
0.0456988
0.0457687
0.0458088
0.0458176
0.0457946
0.0457407
0.0456582
0.0455506
0.0454221
0.045278
0.0451241
0.0449664
0.044811
0.0446638
0.0335708
0.0334322
0.0333206
0.0332395
0.0331917
0.0331787
0.0332009
0.0332577
0.0333471
0.0334662
0.0336111
0.0337766
0.033957
0.0341455
0.0343351
0.0345185
0.0346881
0.0348372
0.0349593
0.035049
0.0351025
0.0351173
0.0350927
0.0350298
0.0349313
0.0348017
0.0346466
0.0344724
0.0342863
0.034096
0.0339087
0.0337315
0.014695
0.014599
0.0145212
0.0144643
0.0144297
0.0144185
0.014431
0.0144669
0.0145251
0.0146038
0.0147005
0.0148123
0.0149353
0.0150654
0.0151976
0.0153268
0.0154478
0.0155554
0.0156448
0.0157118
0.0157531
0.0157669
0.0157524
0.0157102
0.0156425
0.0155522
0.0154438
0.015322
0.0151921
0.0150594
0.0149293
0.0148064
0.0497326
0.0496594
0.049598
0.0495508
0.0495196
0.0495058
0.0495099
0.0495316
0.0495702
0.0496241
0.0496913
0.0497688
0.0498538
0.0499426
0.0500318
0.050118
0.0501981
0.050269
0.0503283
0.0503738
0.0504037
0.050417
0.0504131
0.0503923
0.0503552
0.0503032
0.0502383
0.0501629
0.0500796
0.0499916
0.0499021
0.0498146
0.0446197
0.044491
0.0443824
0.0442976
0.0442396
0.0442106
0.0442117
0.0442426
0.0443025
0.0443893
0.0444997
0.0446298
0.0447748
0.0449292
0.0450873
0.045243
0.0453901
0.045523
0.0456363
0.0457254
0.0457865
0.0458173
0.0458162
0.0457834
0.0457201
0.0456291
0.0455141
0.0453798
0.0452316
0.0450754
0.0449174
0.0447636
0.033677
0.0335229
0.0333926
0.0332904
0.0332198
0.033183
0.0331813
0.0332148
0.0332823
0.0333818
0.0335099
0.0336622
0.0338334
0.0340173
0.0342072
0.0343958
0.0345757
0.0347395
0.0348805
0.0349926
0.0350709
0.0351118
0.0351137
0.0350762
0.0350013
0.034892
0.0347533
0.0345911
0.0344123
0.0342242
0.0340341
0.0338495
0.0147714
0.014665
0.0145747
0.0145034
0.0144533
0.0144259
0.014422
0.0144417
0.0144845
0.0145491
0.0146336
0.0147353
0.0148509
0.0149764
0.0151074
0.015239
0.0153658
0.0154827
0.0155845
0.0156667
0.0157255
0.0157579
0.0157624
0.0157388
0.0156882
0.0156132
0.0155172
0.0154046
0.0152805
0.01515
0.0150183
0.0148906
0.0496762
0.0496002
0.049538
0.0494922
0.0494645
0.049456
0.0494672
0.0494977
0.0495461
0.0496107
0.0496888
0.0497775
0.049873
0.0499715
0.0500692
0.0501621
0.0502471
0.0503208
0.0503807
0.0504245
0.0504507
0.0504583
0.050447
0.0504173
0.0503702
0.0503076
0.0502318
0.0501455
0.050052
0.0499546
0.049857
0.049763
0.0444997
0.0443683
0.0442613
0.0441823
0.0441343
0.044119
0.0441369
0.0441875
0.0442692
0.044379
0.0445131
0.0446666
0.0448337
0.0450083
0.0451835
0.0453525
0.0455088
0.0456459
0.0457584
0.0458415
0.0458918
0.0459073
0.0458873
0.0458327
0.0457458
0.0456303
0.0454908
0.0453332
0.0451637
0.044989
0.0448158
0.0446507
0.0335179
0.033362
0.0332355
0.0331426
0.0330863
0.0330685
0.0330898
0.0331497
0.0332463
0.0333766
0.0335361
0.0337196
0.0339204
0.0341313
0.0343442
0.0345508
0.0347426
0.0349117
0.0350507
0.0351536
0.0352157
0.0352344
0.0352087
0.0351402
0.0350319
0.0348886
0.0347165
0.0345232
0.0343164
0.0341046
0.0338958
0.0336979
0.0146485
0.0145421
0.0144561
0.0143931
0.0143549
0.0143427
0.0143567
0.0143967
0.0144616
0.0145497
0.0146582
0.0147838
0.0149224
0.015069
0.0152182
0.015364
0.0155005
0.0156216
0.0157218
0.0157963
0.0158417
0.0158555
0.0158373
0.0157878
0.0157097
0.0156069
0.0154842
0.0153471
0.0152016
0.0150535
0.0149086
0.014772
0.0495009
0.0494256
0.0493701
0.0493369
0.0493271
0.0493414
0.0493791
0.049439
0.0495188
0.0496154
0.0497252
0.0498437
0.0499662
0.0500877
0.0502036
0.0503091
0.0504004
0.0504741
0.0505274
0.0505584
0.050566
0.05055
0.0505111
0.0504509
0.0503716
0.0502764
0.0501689
0.050053
0.0499331
0.0498136
0.0496988
0.0495932
0.044164
0.0440363
0.0439447
0.0438922
0.0438809
0.043911
0.0439817
0.0440908
0.0442346
0.0444081
0.0446051
0.0448186
0.0450405
0.0452622
0.045475
0.0456703
0.0458401
0.0459773
0.046076
0.046132
0.046143
0.0461084
0.04603
0.0459112
0.0457572
0.0455743
0.0453702
0.0451532
0.0449317
0.0447143
0.0445091
0.0443234
0.0331021
0.0329528
0.0328471
0.0327882
0.0327781
0.032817
0.032904
0.0330365
0.0332107
0.0334209
0.0336604
0.0339207
0.0341925
0.0344654
0.0347286
0.034971
0.0351822
0.0353526
0.0354745
0.0355421
0.0355523
0.0355046
0.0354013
0.0352477
0.0350509
0.0348197
0.0345642
0.0342952
0.0340233
0.033759
0.0335119
0.0332905
0.0143473
0.0142475
0.014178
0.0141407
0.0141364
0.0141653
0.0142268
0.0143192
0.0144403
0.0145868
0.0147543
0.0149375
0.01513
0.0153248
0.0155139
0.0156891
0.0158423
0.0159661
0.0160542
0.0161018
0.0161065
0.016068
0.0159885
0.0158723
0.0157254
0.015555
0.015369
0.0151757
0.0149828
0.0147976
0.0146264
0.0144748
0.0493129
0.0492382
0.0491899
0.0491699
0.0491791
0.0492172
0.0492829
0.0493738
0.0494865
0.0496167
0.0497596
0.0499093
0.0500601
0.0502058
0.0503407
0.0504594
0.0505575
0.0506313
0.0506779
0.0506957
0.050684
0.0506434
0.0505756
0.0504834
0.0503703
0.0502407
0.0500997
0.0499526
0.0498048
0.0496618
0.0495289
0.049411
0.0438356
0.0437105
0.043633
0.0436054
0.0436289
0.0437025
0.0438242
0.0439898
0.044194
0.0444297
0.0446887
0.0449614
0.0452375
0.0455063
0.0457568
0.0459787
0.0461626
0.0463005
0.0463864
0.0464164
0.0463892
0.0463061
0.0461709
0.0459894
0.0457697
0.0455211
0.0452539
0.0449788
0.0447065
0.0444472
0.0442102
0.044004
0.032719
0.0325742
0.0324861
0.0324571
0.032488
0.0325781
0.0327249
0.0329243
0.0331703
0.0334554
0.0337701
0.0341035
0.0344434
0.0347765
0.0350888
0.0353669
0.0355979
0.0357709
0.0358775
0.0359125
0.035874
0.035764
0.0355879
0.0353545
0.0350748
0.0347616
0.0344284
0.0340891
0.0337568
0.0334436
0.0331604
0.0329164
0.0140884
0.013993
0.0139364
0.0139197
0.0139433
0.0140067
0.0141086
0.0142465
0.0144172
0.014616
0.0148372
0.0150735
0.0153166
0.0155571
0.0157845
0.0159883
0.0161583
0.0162856
0.0163629
0.0163859
0.0163532
0.0162667
0.0161314
0.0159548
0.0157462
0.0155157
0.0152741
0.0150315
0.0147973
0.0145797
0.0143855
0.0142203
0.0492511
0.0491722
0.0491221
0.0491028
0.049115
0.0491585
0.0492316
0.0493318
0.0494552
0.0495973
0.0497525
0.0499149
0.0500781
0.0502353
0.0503804
0.0505077
0.0506124
0.0506904
0.0507389
0.0507561
0.0507413
0.0506952
0.0506198
0.0505181
0.050394
0.0502525
0.050099
0.0499393
0.0497794
0.0496251
0.0494821
0.0493558
0.0437553
0.043622
0.0435395
0.0435103
0.0435356
0.0436144
0.0437443
0.0439212
0.0441392
0.0443908
0.0446672
0.0449584
0.0452534
0.0455406
0.0458084
0.0460457
0.0462425
0.0463901
0.046482
0.046514
0.0464849
0.0463958
0.0462508
0.0460565
0.0458213
0.0455553
0.0452696
0.0449756
0.0446847
0.0444078
0.0441549
0.0439349
0.0326471
0.032492
0.0323965
0.0323635
0.0323938
0.0324867
0.0326395
0.032848
0.0331062
0.033406
0.0337378
0.0340901
0.0344499
0.0348033
0.0351356
0.0354323
0.0356798
0.0358664
0.0359826
0.0360228
0.0359849
0.0358709
0.0356864
0.0354408
0.0351457
0.0348147
0.0344623
0.0341029
0.0337507
0.0334183
0.0331174
0.0328577
0.0140551
0.0139521
0.0138895
0.0138685
0.0138897
0.0139526
0.0140558
0.0141971
0.0143731
0.014579
0.014809
0.0150557
0.0153105
0.0155636
0.0158041
0.0160209
0.0162031
0.0163411
0.0164271
0.0164562
0.0164267
0.0163403
0.016202
0.0160195
0.0158025
0.0155619
0.0153086
0.0150537
0.014807
0.0145772
0.0143716
0.014196
0.0493516
0.0492628
0.0491998
0.0491652
0.0491603
0.0491855
0.0492397
0.049321
0.0494263
0.0495517
0.0496922
0.0498426
0.0499967
0.0501483
0.0502916
0.0504209
0.0505316
0.0506192
0.0506807
0.0507136
0.0507168
0.0506901
0.0506347
0.0505528
0.0504475
0.0503231
0.0501843
0.0500363
0.0498846
0.0497347
0.0495924
0.049463
0.0439602
0.0438067
0.0436979
0.0436373
0.043627
0.0436674
0.043757
0.043893
0.0440709
0.0442846
0.0445267
0.0447884
0.0450601
0.0453313
0.0455913
0.0458299
0.0460369
0.0462038
0.0463232
0.0463899
0.0464009
0.0463559
0.0462566
0.0461077
0.0459155
0.0456884
0.0454359
0.0451682
0.0448959
0.0446295
0.0443789
0.0441531
0.032908
0.0327267
0.0325978
0.0325251
0.0325105
0.0325545
0.032656
0.0328119
0.0330176
0.0332668
0.0335517
0.0338626
0.0341883
0.0345168
0.0348351
0.03513
0.0353885
0.035599
0.0357515
0.0358386
0.0358561
0.035803
0.035682
0.035499
0.0352628
0.0349845
0.0346763
0.0343513
0.0340227
0.0337031
0.0334041
0.0331362
0.0142463
0.0141236
0.0140362
0.0139863
0.0139749
0.0140024
0.0140681
0.0141704
0.0143069
0.014474
0.0146667
0.0148794
0.0151051
0.0153357
0.0155619
0.0157742
0.0159627
0.0161181
0.0162324
0.0162992
0.0163148
0.0162785
0.0161921
0.0160606
0.0158908
0.0156913
0.0154717
0.015242
0.0150118
0.01479
0.0145843
0.0144013
0.0495234
0.0494254
0.0493478
0.0492935
0.0492647
0.0492624
0.0492868
0.0493369
0.0494108
0.0495056
0.0496176
0.0497425
0.0498754
0.0500109
0.0501437
0.0502688
0.0503816
0.0504778
0.050554
0.0506071
0.0506352
0.0506372
0.050613
0.0505635
0.0504907
0.0503973
0.0502869
0.0501636
0.0500322
0.0498973
0.0497641
0.0496378
0.0442681
0.0440969
0.0439605
0.0438634
0.0438089
0.0437989
0.0438336
0.0439119
0.0440311
0.0441871
0.0443744
0.0445865
0.0448157
0.0450534
0.0452905
0.045518
0.0457268
0.0459083
0.046055
0.0461606
0.0462206
0.0462322
0.0461949
0.0461102
0.0459819
0.0458154
0.0456178
0.0453974
0.0451629
0.0449238
0.0446891
0.0444678
0.0332731
0.0330694
0.0329066
0.0327899
0.0327228
0.0327071
0.0327434
0.0328304
0.0329656
0.0331446
0.0333619
0.0336103
0.0338814
0.0341654
0.0344518
0.0347295
0.0349871
0.0352136
0.0353991
0.0355349
0.0356146
0.0356343
0.035593
0.0354926
0.0353378
0.0351359
0.0348959
0.0346286
0.0343451
0.0340571
0.0337756
0.0335112
0.0144953
0.0143556
0.0142441
0.0141637
0.0141164
0.0141035
0.014125
0.0141806
0.0142686
0.0143869
0.014532
0.0146996
0.0148846
0.0150809
0.0152814
0.0154784
0.0156635
0.0158285
0.0159655
0.0160676
0.0161295
0.0161478
0.0161214
0.0160517
0.0159423
0.0157989
0.0156285
0.015439
0.0152392
0.0150375
0.0148418
0.014659
0.0496696
0.0495715
0.0494886
0.0494239
0.0493801
0.0493589
0.0493609
0.0493862
0.0494336
0.0495013
0.0495866
0.0496861
0.0497959
0.0499117
0.0500288
0.050143
0.0502501
0.050346
0.0504273
0.0504909
0.0505343
0.0505558
0.0505547
0.0505309
0.0504852
0.0504194
0.0503359
0.0502378
0.0501289
0.0500131
0.0498949
0.0497788
0.0445104
0.0443402
0.0441959
0.0440827
0.0440044
0.0439637
0.0439621
0.0439994
0.0440745
0.0441846
0.0443258
0.0444933
0.0446808
0.0448816
0.0450882
0.0452928
0.0454874
0.0456643
0.0458164
0.0459373
0.046022
0.0460668
0.0460696
0.0460304
0.0459506
0.0458337
0.0456846
0.0455095
0.0453156
0.0451108
0.044903
0.0447004
0.0335489
0.0333467
0.0331757
0.0330413
0.0329479
0.0328984
0.0328942
0.0329355
0.0330208
0.0331475
0.0333114
0.0335072
0.0337281
0.0339667
0.0342142
0.0344613
0.0346983
0.0349157
0.0351041
0.0352554
0.0353627
0.0354209
0.0354272
0.0353813
0.0352852
0.0351433
0.0349619
0.0347492
0.0345144
0.0342673
0.0340177
0.0337752
0.0146744
0.0145361
0.0144195
0.0143282
0.0142647
0.0142307
0.014227
0.0142538
0.0143102
0.0143947
0.0145048
0.0146374
0.0147883
0.0149525
0.0151243
0.0152975
0.0154652
0.0156205
0.0157563
0.0158662
0.015945
0.0159884
0.0159943
0.0159623
0.0158938
0.0157925
0.0156633
0.0155123
0.0153463
0.0151725
0.0149983
0.0148302
0.0497846
0.0496951
0.0496163
0.0495511
0.0495022
0.0494715
0.04946
0.0494683
0.0494959
0.0495417
0.0496037
0.0496795
0.049766
0.0498598
0.0499573
0.0500547
0.0501487
0.0502357
0.0503125
0.0503763
0.0504247
0.0504558
0.0504683
0.0504617
0.0504363
0.0503929
0.050333
0.050259
0.0501734
0.0500794
0.0499807
0.049881
0.0446992
0.0445461
0.0444113
0.0442996
0.044215
0.0441606
0.0441382
0.0441486
0.0441913
0.0442649
0.0443666
0.0444927
0.0446388
0.0447993
0.0449685
0.04514
0.0453071
0.0454635
0.0456029
0.0457198
0.0458093
0.0458677
0.0458924
0.0458824
0.045838
0.0457611
0.0456547
0.0455233
0.0453724
0.0452079
0.0450365
0.0448647
0.0337662
0.0335853
0.0334264
0.033295
0.0331955
0.0331312
0.0331041
0.0331152
0.0331639
0.0332487
0.0333667
0.0335139
0.0336853
0.0338749
0.0340758
0.0342807
0.0344817
0.0346708
0.0348404
0.0349833
0.0350934
0.0351657
0.035197
0.0351858
0.0351324
0.0350393
0.0349106
0.0347518
0.0345698
0.0343724
0.0341673
0.0339626
0.0148194
0.0146962
0.0145886
0.0145001
0.0144333
0.0143903
0.0143723
0.0143798
0.0144125
0.0144694
0.0145489
0.0146485
0.0147651
0.0148945
0.0150325
0.0151741
0.0153139
0.0154463
0.0155657
0.0156668
0.0157449
0.0157964
0.0158187
0.0158107
0.0157727
0.0157066
0.0156154
0.0155035
0.0153757
0.0152377
0.0150952
0.014954
0.0498946
0.0498135
0.0497386
0.0496728
0.0496188
0.0495787
0.0495539
0.0495454
0.0495534
0.0495775
0.0496167
0.0496692
0.049733
0.0498054
0.0498837
0.0499649
0.0500461
0.0501245
0.0501971
0.0502612
0.0503145
0.0503549
0.0503809
0.0503913
0.0503857
0.0503642
0.0503275
0.0502769
0.0502143
0.0501417
0.0500621
0.0499786
0.0448965
0.0447575
0.0446288
0.044515
0.0444204
0.0443486
0.0443019
0.0442822
0.04429
0.0443249
0.0443858
0.0444702
0.0445752
0.0446969
0.0448307
0.0449717
0.0451147
0.0452543
0.045385
0.0455018
0.0456
0.0456755
0.0457252
0.045747
0.04574
0.0457044
0.0456415
0.045554
0.0454455
0.0453204
0.0451835
0.0450403
0.0340061
0.0338407
0.0336875
0.0335522
0.0334394
0.0333532
0.0332964
0.0332709
0.0332775
0.033316
0.0333849
0.0334819
0.0336037
0.0337459
0.0339035
0.0340708
0.0342416
0.0344094
0.0345678
0.0347102
0.0348308
0.0349246
0.0349873
0.0350163
0.0350102
0.0349692
0.0348951
0.034791
0.0346614
0.0345118
0.0343483
0.0341775
0.0149914
0.0148776
0.0147724
0.0146796
0.0146022
0.0145428
0.0145032
0.0144846
0.0144876
0.0145119
0.0145569
0.0146211
0.0147022
0.0147978
0.0149046
0.0150189
0.0151367
0.0152533
0.0153643
0.0154651
0.0155512
0.015619
0.0156652
0.0156876
0.0156853
0.0156582
0.0156075
0.0155356
0.0154456
0.0153415
0.015228
0.0151097
0.0499835
0.0499037
0.0498265
0.0497551
0.0496923
0.0496405
0.0496016
0.0495771
0.0495679
0.0495741
0.0495954
0.0496308
0.0496789
0.0497375
0.0498045
0.0498775
0.0499539
0.0500309
0.0501058
0.0501756
0.0502379
0.0502902
0.0503305
0.0503571
0.050369
0.0503656
0.0503469
0.0503134
0.0502663
0.0502072
0.0501384
0.0500629
0.0450608
0.0449208
0.0447847
0.0446578
0.0445447
0.0444498
0.0443764
0.0443272
0.0443038
0.044307
0.0443367
0.0443917
0.0444699
0.0445685
0.044684
0.0448122
0.0449483
0.0450873
0.045224
0.045353
0.0454693
0.0455682
0.0456456
0.0456983
0.0457241
0.0457219
0.0456916
0.0456346
0.0455531
0.0454505
0.045331
0.0451994
0.034207
0.0340376
0.0338732
0.0337197
0.0335829
0.0334675
0.0333776
0.0333162
0.0332854
0.033286
0.033318
0.0333802
0.0334707
0.0335861
0.0337226
0.0338753
0.0340388
0.0342071
0.0343738
0.0345324
0.0346765
0.0348002
0.0348982
0.0349661
0.0350011
0.0350015
0.0349672
0.0348997
0.034802
0.0346784
0.0345339
0.0343746
0.0151363
0.0150172
0.0149016
0.0147939
0.0146978
0.0146166
0.0145528
0.0145085
0.0144849
0.0144828
0.0145022
0.0145425
0.0146024
0.0146799
0.0147727
0.0148777
0.0149912
0.0151093
0.0152275
0.0153412
0.0154455
0.0155361
0.0156089
0.0156606
0.0156887
0.0156919
0.0156699
0.0156238
0.0155557
0.0154688
0.0153669
0.0152545
0.0500031
0.0499227
0.0498441
0.0497707
0.0497052
0.0496501
0.0496076
0.0495791
0.0495657
0.0495678
0.0495851
0.0496169
0.0496617
0.0497177
0.0497829
0.0498548
0.049931
0.0500086
0.0500849
0.050157
0.0502222
0.050278
0.0503221
0.0503529
0.0503691
0.0503698
0.0503549
0.0503249
0.0502808
0.0502241
0.050157
0.0500823
0.0450825
0.0449402
0.0448011
0.0446705
0.0445533
0.0444538
0.0443757
0.0443217
0.0442937
0.0442927
0.0443187
0.0443706
0.0444465
0.0445437
0.0446586
0.0447872
0.0449246
0.0450658
0.0452055
0.0453382
0.0454588
0.0455624
0.0456447
0.0457023
0.0457327
0.0457347
0.0457082
0.0456542
0.045575
0.0454737
0.0453546
0.0452225
0.0342235
0.0340509
0.0338828
0.0337253
0.0335842
0.0334646
0.0333706
0.0333053
0.033271
0.0332687
0.0332984
0.0333592
0.0334489
0.0335645
0.033702
0.0338566
0.0340227
0.0341943
0.0343648
0.0345276
0.0346761
0.0348042
0.0349064
0.0349784
0.0350168
0.0350201
0.0349879
0.0349218
0.0348247
0.0347006
0.0345549
0.0343937
0.0151401
0.0150186
0.0149006
0.0147905
0.0146921
0.0146087
0.0145432
0.0144974
0.0144729
0.0144703
0.0144897
0.0145305
0.0145914
0.0146706
0.0147654
0.0148728
0.0149891
0.01511
0.0152311
0.0153476
0.0154544
0.0155472
0.0156217
0.0156745
0.0157033
0.0157065
0.0156841
0.015637
0.0155676
0.015479
0.0153751
0.0152606
0.0499423
0.0498679
0.0497976
0.0497342
0.0496801
0.0496375
0.0496079
0.0495924
0.0495915
0.0496052
0.0496327
0.049673
0.0497242
0.0497844
0.0498514
0.0499226
0.0499954
0.0500674
0.0501358
0.050198
0.0502519
0.0502952
0.0503262
0.0503438
0.050347
0.0503358
0.0503104
0.0502716
0.0502208
0.0501599
0.0500913
0.0500178
0.0449477
0.0448175
0.0446951
0.0445851
0.0444915
0.0444178
0.0443667
0.0443401
0.0443387
0.0443627
0.0444112
0.0444822
0.0445733
0.0446811
0.0448016
0.0449303
0.0450625
0.0451931
0.0453172
0.0454298
0.0455265
0.0456034
0.0456573
0.0456859
0.045688
0.0456635
0.0456134
0.0455397
0.0454455
0.0453345
0.0452113
0.0450807
0.0340452
0.033889
0.033743
0.0336126
0.0335023
0.0334162
0.0333571
0.033327
0.0333271
0.0333571
0.0334162
0.0335022
0.0336123
0.0337424
0.033888
0.0340439
0.0342041
0.0343627
0.0345134
0.0346501
0.0347673
0.03486
0.0349243
0.0349574
0.0349576
0.0349252
0.0348614
0.034769
0.034652
0.0345153
0.0343645
0.0342057
0.015003
0.0148943
0.0147934
0.0147039
0.0146288
0.0145705
0.0145309
0.0145113
0.0145123
0.0145339
0.0145753
0.0146354
0.0147121
0.014803
0.0149049
0.0150144
0.0151273
0.0152395
0.0153464
0.0154435
0.0155267
0.0155923
0.0156373
0.0156596
0.0156583
0.0156334
0.015586
0.0155184
0.0154336
0.0153354
0.0152279
0.0151157
0.0498493
0.0497888
0.0497356
0.0496917
0.0496587
0.049638
0.0496304
0.049636
0.0496547
0.0496856
0.0497274
0.0497784
0.0498365
0.0498994
0.0499648
0.0500302
0.0500933
0.0501518
0.0502035
0.0502466
0.0502794
0.0503007
0.0503095
0.0503054
0.0502887
0.0502598
0.0502197
0.0501699
0.0501121
0.0500486
0.0499819
0.0499145
0.0447678
0.0446642
0.0445741
0.0445007
0.0444468
0.0444143
0.0444044
0.0444175
0.0444531
0.0445099
0.0445858
0.044678
0.044783
0.0448968
0.0450153
0.0451339
0.045248
0.0453533
0.0454457
0.0455214
0.0455774
0.0456115
0.0456221
0.0456087
0.045572
0.0455134
0.0454353
0.0453408
0.0452338
0.0451184
0.0449993
0.0448809
0.033823
0.0337005
0.0335948
0.0335097
0.0334482
0.0334123
0.0334034
0.0334217
0.0334667
0.0335367
0.0336295
0.0337416
0.0338691
0.0340073
0.034151
0.0342949
0.0344333
0.0345608
0.0346721
0.0347627
0.0348288
0.0348676
0.0348772
0.0348574
0.0348089
0.0347339
0.0346354
0.0345178
0.0343858
0.0342448
0.0341003
0.033958
0.0148451
0.0147609
0.014689
0.0146315
0.0145905
0.0145673
0.0145627
0.0145768
0.0146092
0.0146589
0.0147243
0.0148031
0.0148929
0.0149903
0.0150918
0.0151936
0.0152918
0.0153822
0.0154611
0.0155248
0.0155707
0.0155967
0.0156017
0.0155853
0.0155484
0.0154926
0.0154205
0.0153352
0.0152404
0.0151401
0.0150382
0.0149386
0.0497801
0.0497413
0.0497115
0.049692
0.0496835
0.0496863
0.0497004
0.0497251
0.0497596
0.0498023
0.0498517
0.0499055
0.0499616
0.0500179
0.0500722
0.0501225
0.050167
0.0502042
0.0502326
0.0502514
0.0502597
0.0502571
0.0502439
0.0502205
0.0501877
0.0501467
0.050099
0.0500464
0.0499906
0.0499339
0.0498785
0.0498265
0.0446441
0.0445809
0.044534
0.0445053
0.0444957
0.0445057
0.0445349
0.0445823
0.0446462
0.0447241
0.0448132
0.04491
0.0450109
0.045112
0.0452093
0.0452991
0.045378
0.0454428
0.0454909
0.0455205
0.0455304
0.04552
0.0454898
0.0454411
0.0453756
0.0452962
0.0452059
0.0451082
0.0450071
0.0449064
0.04481
0.0447215
0.0336776
0.0336047
0.0335518
0.0335207
0.0335125
0.0335275
0.0335652
0.0336243
0.0337028
0.0337979
0.0339061
0.0340234
0.0341455
0.0342676
0.0343851
0.0344932
0.0345876
0.0346645
0.0347208
0.034754
0.0347627
0.0347466
0.0347062
0.0346434
0.0345606
0.0344615
0.03435
0.0342306
0.0341081
0.0339872
0.0338723
0.0337679
0.014746
0.014697
0.014662
0.0146421
0.0146381
0.01465
0.0146776
0.0147199
0.0147756
0.0148427
0.014919
0.0150017
0.0150878
0.0151739
0.0152569
0.0153331
0.0153996
0.0154533
0.0154918
0.0155137
0.0155178
0.0155041
0.0154732
0.0154263
0.0153657
0.0152938
0.0152139
0.0151291
0.0150428
0.0149583
0.0148789
0.0148073
0.0497589
0.0497464
0.0497428
0.0497482
0.0497626
0.0497854
0.0498157
0.0498523
0.0498939
0.0499387
0.0499849
0.0500306
0.0500738
0.0501129
0.0501465
0.0501733
0.0501925
0.0502033
0.0502056
0.0501991
0.0501843
0.0501617
0.0501321
0.0500967
0.0500568
0.0500139
0.0499694
0.049925
0.0498822
0.0498428
0.0498082
0.0497798
0.0446083
0.0445939
0.0445954
0.0446127
0.0446451
0.0446917
0.0447505
0.0448196
0.0448962
0.0449775
0.0450604
0.0451415
0.0452177
0.0452859
0.0453436
0.0453884
0.0454187
0.0454331
0.0454312
0.0454131
0.0453794
0.0453316
0.0452715
0.0452015
0.0451243
0.045043
0.0449607
0.0448804
0.0448054
0.0447384
0.0446819
0.044638
0.0336375
0.0336244
0.0336302
0.0336549
0.0336976
0.0337568
0.0338303
0.0339157
0.0340097
0.0341088
0.0342092
0.0343071
0.0343985
0.0344799
0.0345478
0.0345996
0.0346332
0.0346471
0.0346407
0.0346144
0.0345692
0.0345071
0.0344304
0.0343424
0.0342467
0.0341469
0.034047
0.0339508
0.0338618
0.0337835
0.0337185
0.0336693
0.0147168
0.0147102
0.014717
0.0147369
0.0147692
0.0148129
0.0148665
0.0149282
0.0149957
0.0150665
0.0151381
0.0152076
0.0152721
0.0153292
0.0153763
0.0154113
0.0154328
0.0154398
0.0154321
0.01541
0.0153745
0.0153271
0.0152699
0.0152052
0.0151358
0.0150643
0.0149937
0.0149264
0.0148651
0.0148119
0.0147685
0.0147365
0.049809
0.0498192
0.0498355
0.0498574
0.0498839
0.0499143
0.0499472
0.0499814
0.0500156
0.0500484
0.0500783
0.0501043
0.050125
0.0501396
0.0501475
0.0501486
0.050143
0.0501309
0.0501129
0.0500898
0.0500626
0.0500322
0.05
0.0499669
0.0499344
0.0499035
0.0498754
0.0498511
0.0498312
0.0498166
0.0498078
0.0498052
0.0447059
0.0447318
0.0447683
0.044814
0.0448674
0.0449264
0.0449889
0.0450524
0.0451146
0.0451731
0.0452254
0.0452696
0.0453038
0.0453266
0.0453371
0.0453348
0.0453198
0.0452929
0.0452551
0.045208
0.0451533
0.0450933
0.0450304
0.0449668
0.0449052
0.0448477
0.0447967
0.0447539
0.0447211
0.0446993
0.0446894
0.0446916
0.0337611
0.0337957
0.0338428
0.033901
0.0339679
0.0340413
0.0341184
0.0341963
0.034272
0.0343427
0.0344055
0.034458
0.0344978
0.0345233
0.0345334
0.0345277
0.0345063
0.0344702
0.0344209
0.0343603
0.0342909
0.0342155
0.0341372
0.034059
0.0339838
0.0339146
0.033854
0.0338041
0.0337667
0.0337432
0.0337344
0.0337404
0.0148028
0.0148292
0.0148645
0.0149077
0.0149571
0.015011
0.0150674
0.0151243
0.0151796
0.0152309
0.0152763
0.0153136
0.0153415
0.0153587
0.0153644
0.0153584
0.0153409
0.0153126
0.0152748
0.015229
0.0151771
0.0151213
0.0150639
0.0150071
0.014953
0.0149037
0.014861
0.0148262
0.0148007
0.0147852
0.0147804
0.0147864
0.049968
0.0499869
0.0500055
0.0500232
0.0500394
0.0500535
0.050065
0.0500734
0.0500784
0.0500797
0.0500772
0.0500708
0.0500606
0.0500468
0.05003
0.050011
0.0499906
0.0499697
0.0499493
0.0499302
0.0499132
0.0498989
0.0498879
0.0498806
0.0498773
0.0498781
0.0498827
0.0498909
0.0499022
0.0499161
0.049932
0.0499495
0.0450091
0.0450444
0.0450784
0.0451099
0.0451376
0.0451605
0.0451777
0.0451888
0.0451933
0.0451911
0.0451821
0.0451667
0.0451454
0.045119
0.0450884
0.0450549
0.0450198
0.0449844
0.0449501
0.0449182
0.04489
0.0448665
0.0448487
0.0448373
0.0448327
0.0448351
0.0448445
0.0448604
0.0448823
0.0449092
0.0449402
0.0449739
0.034141
0.034183
0.0342229
0.0342591
0.0342903
0.0343152
0.0343331
0.0343433
0.0343456
0.0343398
0.0343263
0.0343055
0.0342781
0.0342452
0.034208
0.0341678
0.0341262
0.0340848
0.034045
0.0340085
0.0339766
0.0339506
0.0339315
0.0339202
0.0339171
0.0339224
0.0339359
0.0339571
0.0339851
0.034019
0.0340573
0.0340985
0.0150762
0.0151038
0.0151301
0.0151538
0.0151741
0.0151903
0.0152018
0.0152081
0.0152089
0.0152043
0.0151947
0.0151804
0.0151619
0.01514
0.0151154
0.0150891
0.015062
0.015035
0.0150093
0.0149858
0.0149654
0.0149488
0.0149369
0.01493
0.0149283
0.0149319
0.0149408
0.0149548
0.0149733
0.0149957
0.015021
0.0150482
0.0502116
0.0502327
0.0502435
0.0502437
0.0502332
0.0502125
0.0501825
0.0501444
0.0500995
0.0500497
0.0499968
0.0499426
0.0498892
0.0498384
0.0497921
0.0497523
0.0497205
0.049698
0.0496858
0.0496843
0.0496938
0.0497138
0.0497436
0.0497821
0.0498278
0.0498789
0.0499335
0.0499894
0.0500441
0.0500956
0.0501417
0.0501809
0.0454942
0.0455266
0.0455385
0.0455294
0.0454994
0.0454499
0.0453829
0.0453011
0.045208
0.0451073
0.0450031
0.0448995
0.0448003
0.0447094
0.0446301
0.0445652
0.0445172
0.0444876
0.0444776
0.0444874
0.0445165
0.0445639
0.0446279
0.044706
0.0447956
0.0448933
0.0449957
0.0450989
0.045199
0.045292
0.0453744
0.0454427
0.034758
0.0347935
0.0348026
0.0347847
0.0347404
0.0346714
0.0345808
0.0344724
0.0343508
0.0342214
0.0340894
0.03396
0.0338383
0.0337287
0.0336351
0.0335608
0.0335082
0.033479
0.033474
0.0334931
0.0335356
0.0335999
0.0336839
0.0337845
0.0338983
0.0340214
0.0341495
0.0342778
0.0344015
0.0345158
0.034616
0.0346979
0.015533
0.0155513
0.0155503
0.0155298
0.0154905
0.015434
0.0153629
0.0152804
0.01519
0.0150957
0.0150012
0.0149104
0.014827
0.0147539
0.0146936
0.0146479
0.0146183
0.0146055
0.0146097
0.0146306
0.0146675
0.014719
0.0147836
0.0148589
0.0149426
0.0150317
0.0151229
0.015213
0.0152987
0.0153766
0.0154435
0.0154965
0.0504699
0.0505268
0.0505613
0.0505721
0.0505586
0.0505214
0.0504619
0.0503825
0.0502864
0.0501772
0.0500594
0.0499374
0.0498158
0.0496993
0.0495924
0.0494993
0.0494235
0.0493678
0.0493343
0.0493242
0.0493377
0.0493745
0.0494332
0.0495115
0.0496064
0.0497146
0.0498318
0.0499534
0.0500749
0.0501916
0.0502989
0.0503929
0.0460077
0.0461108
0.0461704
0.0461834
0.046149
0.0460683
0.0459447
0.0457834
0.0455913
0.0453766
0.0451484
0.0449158
0.0446883
0.0444745
0.0442825
0.0441193
0.0439903
0.0438999
0.0438508
0.0438445
0.0438807
0.0439581
0.0440738
0.0442238
0.0444029
0.0446049
0.0448228
0.0450487
0.0452744
0.0454913
0.0456911
0.0458657
0.0354121
0.0355416
0.0356155
0.0356297
0.0355827
0.0354762
0.0353146
0.0351053
0.034858
0.0345839
0.0342952
0.0340041
0.0337223
0.0334608
0.0332288
0.0330342
0.032883
0.0327796
0.0327264
0.0327246
0.0327738
0.0328719
0.0330157
0.0332006
0.0334207
0.0336688
0.0339369
0.0342156
0.0344952
0.034765
0.0350146
0.0352336
0.0160246
0.0161146
0.0161631
0.016167
0.0161253
0.0160397
0.0159141
0.0157548
0.0155697
0.0153678
0.0151585
0.0149509
0.0147532
0.0145729
0.0144157
0.014286
0.0141876
0.0141227
0.0140927
0.0140979
0.0141376
0.0142106
0.0143147
0.0144469
0.0146034
0.0147798
0.0149705
0.0151693
0.0153693
0.0155628
0.0157419
0.0158982
0.0505414
0.0506866
0.0508002
0.0508774
0.0509149
0.0509109
0.0508655
0.0507804
0.0506591
0.0505065
0.0503289
0.0501333
0.0499275
0.0497196
0.0495178
0.0493297
0.0491625
0.0490225
0.0489147
0.048843
0.0488096
0.0488157
0.048861
0.0489437
0.0490609
0.0492083
0.0493805
0.0495711
0.0497731
0.0499788
0.0501805
0.0503705
0.0462137
0.0465038
0.0467336
0.0468919
0.0469707
0.0469659
0.0468774
0.0467093
0.0464696
0.0461694
0.0458225
0.0454442
0.0450505
0.0446574
0.0442799
0.0439319
0.0436253
0.0433704
0.043175
0.0430448
0.0429834
0.0429922
0.0430709
0.0432167
0.0434253
0.0436902
0.044003
0.0443537
0.0447302
0.0451193
0.0455065
0.0458764
0.0356969
0.0360792
0.0363868
0.0366029
0.0367149
0.0367159
0.036605
0.0363881
0.0360768
0.0356878
0.035241
0.0347578
0.0342601
0.0337685
0.0333015
0.0328755
0.0325036
0.0321966
0.0319623
0.0318061
0.0317312
0.031739
0.0318288
0.0319981
0.0322426
0.0325561
0.0329302
0.0333544
0.0338157
0.0342988
0.0347864
0.0352592
0.0162483
0.0165434
0.0167837
0.0169548
0.017045
0.0170476
0.0169619
0.0167934
0.0165527
0.0162549
0.0159173
0.0155577
0.0151933
0.0148394
0.0145086
0.0142113
0.0139552
0.0137458
0.0135869
0.0134812
0.0134302
0.0134341
0.0134928
0.013605
0.0137686
0.0139807
0.0142372
0.0145322
0.0148582
0.0152057
0.0155629
0.0159158
0.0504145
0.0506919
0.0509355
0.0511352
0.0512826
0.0513714
0.0513975
0.0513598
0.0512595
0.0511006
0.0508899
0.0506359
0.0503492
0.0500414
0.049725
0.0494125
0.049116
0.0488466
0.0486142
0.0484271
0.0482917
0.0482125
0.0481921
0.048231
0.0483277
0.0484787
0.0486785
0.0489202
0.049195
0.0494929
0.0498033
0.0501144
0.0460133
0.0465705
0.0470697
0.0474874
0.0478028
0.0479998
0.0480676
0.0480021
0.0478064
0.0474908
0.0470713
0.0465689
0.0460073
0.045412
0.044808
0.0442193
0.0436673
0.0431707
0.042745
0.0424027
0.0421529
0.0420021
0.0419538
0.042009
0.0421661
0.0424208
0.0427664
0.0431933
0.0436892
0.0442387
0.0448235
0.0454228
0.0354549
0.0361829
0.0368482
0.0374156
0.0378527
0.0381329
0.0382371
0.038158
0.0379006
0.0374812
0.0369257
0.0362663
0.0355386
0.0347787
0.03402
0.033292
0.0326196
0.0320226
0.0315164
0.031112
0.0308173
0.0306374
0.0305749
0.0306305
0.0308031
0.0310896
0.0314848
0.0319811
0.0325675
0.0332294
0.0339478
0.0346991
0.016065
0.0166312
0.0171636
0.0176298
0.0179976
0.0182388
0.0183339
0.0182753
0.0180677
0.0177281
0.0172827
0.0167627
0.0162008
0.0156273
0.0150681
0.0145441
0.0140704
0.0136579
0.0133134
0.0130411
0.0128433
0.0127211
0.0126748
0.0127047
0.0128105
0.0129917
0.0132474
0.0135754
0.013972
0.0144311
0.0149432
0.0154941
0.0501975
0.0504941
0.0507633
0.0509943
0.0511775
0.0513053
0.0513724
0.0513759
0.0513157
0.0511944
0.051017
0.0507909
0.0505252
0.0502305
0.0499187
0.0496018
0.0492921
0.0490014
0.0487405
0.0485189
0.0483448
0.0482243
0.0481617
0.0481591
0.0482166
0.0483321
0.0485014
0.0487184
0.0489752
0.0492625
0.0495697
0.0498853
0.0455846
0.0461323
0.0466359
0.0470728
0.0474222
0.0476673
0.0477965
0.0478039
0.0476899
0.0474611
0.0471295
0.0467113
0.0462259
0.0456946
0.0451396
0.0445824
0.0440436
0.0435423
0.0430951
0.0427165
0.0424181
0.0422089
0.042095
0.04208
0.0421646
0.0423469
0.042622
0.0429822
0.0434169
0.0439124
0.0444522
0.0450169
0.0349221
0.0356073
0.0362473
0.03681
0.0372649
0.0375865
0.0377571
0.037768
0.0376204
0.0373252
0.0369006
0.0363708
0.0357633
0.0351067
0.0344301
0.0337594
0.0331187
0.0325288
0.0320073
0.0315686
0.0312235
0.0309804
0.0308451
0.0308207
0.0309085
0.0311073
0.0314135
0.0318211
0.0323207
0.0328995
0.0335407
0.0342234
0.0156749
0.0161649
0.0166307
0.0170459
0.0173845
0.0176245
0.0177499
0.0177537
0.017638
0.0174136
0.0170969
0.0167088
0.0162717
0.0158074
0.0153363
0.0148773
0.0144462
0.0140554
0.0137147
0.0134311
0.01321
0.0130547
0.0129675
0.0129498
0.0130024
0.0131253
0.0133177
0.0135777
0.0139019
0.0142844
0.0147163
0.0151852
0.0500216
0.0503613
0.0506831
0.0509743
0.0512234
0.0514198
0.0515552
0.0516235
0.0516212
0.0515481
0.0514069
0.0512031
0.0509451
0.0506435
0.0503106
0.0499603
0.0496067
0.0492638
0.0489449
0.048662
0.0484254
0.0482436
0.0481226
0.0480666
0.0480771
0.0481533
0.048292
0.048488
0.0487341
0.0490212
0.0493392
0.0496767
0.0451566
0.0458137
0.0464507
0.0470404
0.047556
0.0479725
0.0482686
0.048428
0.0484413
0.0483068
0.0480311
0.0476285
0.0471196
0.0465295
0.0458861
0.0452182
0.0445535
0.0439176
0.0433332
0.0428192
0.042391
0.0420604
0.0418359
0.0417227
0.041723
0.0418363
0.0420593
0.0423857
0.0428068
0.0433108
0.0438828
0.044505
0.034324
0.0351557
0.0359807
0.0367631
0.0374638
0.0380431
0.0384649
0.0387012
0.0387353
0.0385635
0.038196
0.0376563
0.0369777
0.0361995
0.0353637
0.0345108
0.0336771
0.0328938
0.0321858
0.0315724
0.0310673
0.0306804
0.0304178
0.0302829
0.0302769
0.030399
0.0306465
0.031015
0.0314978
0.0320852
0.0327642
0.0335178
0.0151949
0.0158352
0.0164932
0.0171388
0.0177355
0.0182444
0.0186268
0.0188505
0.0188951
0.0187552
0.0184424
0.0179827
0.0174124
0.0167721
0.0161021
0.0154372
0.0148056
0.0142283
0.0137196
0.0132884
0.0129393
0.0126746
0.0124953
0.0124009
0.012391
0.0124647
0.0126214
0.0128604
0.0131805
0.0135795
0.0140534
0.0145955
0.0500164
0.0502198
0.050414
0.0505917
0.0507463
0.050872
0.0509638
0.051018
0.0510326
0.0510065
0.0509408
0.0508377
0.0507009
0.0505355
0.0503476
0.0501448
0.0499352
0.0497272
0.0495284
0.0493465
0.0491888
0.0490614
0.0489697
0.0489174
0.0489066
0.0489376
0.0490089
0.0491173
0.0492582
0.0494254
0.0496121
0.0498115
0.045032
0.0452719
0.0455014
0.045712
0.0458958
0.0460459
0.0461564
0.0462231
0.0462429
0.0462152
0.046141
0.0460232
0.0458665
0.0456769
0.0454615
0.0452285
0.0449865
0.0447447
0.0445117
0.0442966
0.0441079
0.0439534
0.0438397
0.0437716
0.043752
0.0437818
0.0438596
0.043982
0.0441437
0.0443377
0.0445562
0.0447906
0.0342046
0.0344906
0.0347678
0.0350255
0.0352533
0.0354419
0.0355828
0.0356693
0.0356971
0.0356647
0.035574
0.0354295
0.035238
0.0350078
0.0347485
0.03447
0.0341835
0.0338994
0.0336276
0.033378
0.0331602
0.0329822
0.0328507
0.0327708
0.0327453
0.0327753
0.0328596
0.032995
0.0331763
0.0333966
0.0336478
0.0339205
0.0151639
0.015371
0.0155731
0.0157625
0.0159312
0.0160717
0.0161772
0.0162423
0.0162638
0.0162407
0.0161748
0.0160696
0.0159304
0.0157637
0.0155766
0.0153764
0.0151703
0.0149661
0.0147729
0.0145978
0.0144464
0.0143235
0.0142329
0.0141771
0.0141578
0.0141754
0.0142295
0.0143186
0.0144401
0.0145907
0.0147655
0.0149589
)
;

boundaryField
{
    inlet
    {
        type            calculated;
        value           nonuniform List<scalar> 
128
(
0.0502339
0.0501922
0.0501418
0.0500847
0.0500231
0.0499595
0.0498962
0.0498357
0.0497803
0.049732
0.0496927
0.0496638
0.0496464
0.0496412
0.0496483
0.0496675
0.049698
0.0497388
0.0497883
0.0498447
0.0499058
0.0499693
0.0500328
0.0500939
0.0501501
0.0501993
0.0502394
0.050269
0.0502868
0.0502922
0.0502849
0.0502652
0.0454978
0.0454245
0.0453351
0.0452331
0.0451227
0.0450082
0.044894
0.0447844
0.0446836
0.0445953
0.0445226
0.0444683
0.0444342
0.0444217
0.044431
0.044462
0.0445135
0.0445837
0.0446701
0.0447694
0.0448781
0.0449921
0.045107
0.0452185
0.045322
0.0454134
0.0454892
0.0455461
0.0455818
0.0455949
0.0455848
0.045552
0.0347204
0.034635
0.0345302
0.0344105
0.0342807
0.034146
0.0340116
0.0338826
0.0337638
0.0336594
0.0335732
0.0335081
0.0334664
0.0334496
0.0334582
0.033492
0.0335498
0.0336297
0.0337288
0.0338438
0.0339703
0.0341039
0.0342394
0.0343716
0.0344952
0.0346052
0.0346971
0.0347669
0.0348117
0.0348296
0.0348199
0.034783
0.0154717
0.0154166
0.0153482
0.0152696
0.0151839
0.0150947
0.0150053
0.0149192
0.0148396
0.0147692
0.0147105
0.0146656
0.0146358
0.0146221
0.0146251
0.0146446
0.01468
0.0147302
0.0147936
0.0148679
0.0149506
0.0150387
0.0151288
0.0152175
0.0153012
0.0153765
0.0154402
0.0154895
0.0155223
0.0155372
0.0155334
0.0155113
)
;
    }
    outlet
    {
        type            calculated;
        value           nonuniform List<scalar> 
128
(
0.0500164
0.0502198
0.050414
0.0505917
0.0507463
0.050872
0.0509638
0.051018
0.0510326
0.0510065
0.0509408
0.0508377
0.0507009
0.0505355
0.0503476
0.0501448
0.0499352
0.0497272
0.0495284
0.0493465
0.0491888
0.0490614
0.0489697
0.0489174
0.0489066
0.0489376
0.0490089
0.0491173
0.0492582
0.0494254
0.0496121
0.0498115
0.045032
0.0452719
0.0455014
0.045712
0.0458958
0.0460459
0.0461564
0.0462231
0.0462429
0.0462152
0.046141
0.0460232
0.0458665
0.0456769
0.0454615
0.0452285
0.0449865
0.0447447
0.0445117
0.0442966
0.0441079
0.0439534
0.0438397
0.0437716
0.043752
0.0437818
0.0438596
0.043982
0.0441437
0.0443377
0.0445562
0.0447906
0.0342046
0.0344906
0.0347678
0.0350255
0.0352533
0.0354419
0.0355828
0.0356693
0.0356971
0.0356647
0.035574
0.0354295
0.035238
0.0350078
0.0347485
0.03447
0.0341835
0.0338994
0.0336276
0.033378
0.0331602
0.0329822
0.0328507
0.0327708
0.0327453
0.0327753
0.0328596
0.032995
0.0331763
0.0333966
0.0336478
0.0339205
0.0151639
0.015371
0.0155731
0.0157625
0.0159312
0.0160717
0.0161772
0.0162423
0.0162638
0.0162407
0.0161748
0.0160696
0.0159304
0.0157637
0.0155766
0.0153764
0.0151703
0.0149661
0.0147729
0.0145978
0.0144464
0.0143235
0.0142329
0.0141771
0.0141578
0.0141754
0.0142295
0.0143186
0.0144401
0.0145907
0.0147655
0.0149589
)
;
    }
    axis
    {
        type            calculated;
        value           nonuniform List<scalar> 
5088
(
0.0502339
0.0501923
0.0501419
0.0500848
0.0500233
0.0499596
0.0498963
0.0498358
0.0497803
0.049732
0.0496927
0.0496638
0.0496464
0.0496412
0.0496483
0.0496675
0.0496981
0.0497389
0.0497884
0.0498448
0.0499059
0.0499694
0.0500329
0.0500939
0.0501501
0.0501993
0.0502394
0.050269
0.0502868
0.0502922
0.0502849
0.0502652
0.0502228
0.0501723
0.050114
0.05005
0.0499828
0.0499151
0.0498493
0.0497879
0.0497333
0.0496877
0.0496526
0.0496295
0.0496192
0.0496221
0.0496382
0.0496669
0.0497071
0.0497573
0.0498156
0.0498797
0.0499472
0.0500155
0.0500818
0.0501437
0.0501986
0.0502446
0.0502798
0.0503029
0.0503129
0.0503094
0.0502927
0.0502635
0.050052
0.0499942
0.0499356
0.0498785
0.0498249
0.0497769
0.0497363
0.0497046
0.0496831
0.0496725
0.0496733
0.0496855
0.0497086
0.0497418
0.0497838
0.0498331
0.0498877
0.0499457
0.0500047
0.0500624
0.0501167
0.0501654
0.0502065
0.0502385
0.0502601
0.0502704
0.0502692
0.0502565
0.0502327
0.0501989
0.0501563
0.0501067
0.0499873
0.0499215
0.0498575
0.0497977
0.0497444
0.0496997
0.0496651
0.049642
0.0496314
0.0496336
0.0496486
0.0496758
0.0497142
0.0497625
0.0498187
0.0498806
0.049946
0.0500123
0.0500768
0.0501372
0.050191
0.0502362
0.050271
0.050294
0.0503043
0.0503016
0.0502861
0.0502582
0.0502193
0.0501706
0.0501143
0.0500524
0.0499503
0.0499023
0.0498568
0.0498157
0.0497805
0.0497527
0.0497334
0.0497234
0.049723
0.0497323
0.049751
0.0497782
0.0498129
0.0498538
0.0498992
0.0499474
0.0499966
0.0500448
0.0500901
0.0501308
0.0501654
0.0501925
0.0502113
0.0502209
0.0502211
0.0502118
0.0501934
0.0501666
0.0501324
0.050092
0.0500471
0.0499992
0.0500442
0.0500354
0.0500242
0.0500111
0.0499966
0.0499815
0.0499663
0.0499516
0.049938
0.0499261
0.0499162
0.0499086
0.0499037
0.0499015
0.0499022
0.0499057
0.0499118
0.0499202
0.0499307
0.0499428
0.0499561
0.0499704
0.049985
0.0499995
0.0500132
0.0500257
0.0500363
0.0500447
0.0500505
0.0500534
0.0500533
0.0500502
0.0501754
0.0502049
0.0502253
0.0502357
0.0502358
0.0502255
0.0502053
0.0501761
0.0501389
0.0500953
0.050047
0.0499958
0.0499437
0.0498927
0.0498448
0.0498018
0.0497652
0.0497365
0.0497166
0.0497063
0.0497059
0.0497156
0.0497351
0.0497635
0.0497998
0.0498428
0.0498907
0.0499417
0.049994
0.0500454
0.050094
0.050138
0.0501783
0.0502163
0.0502448
0.0502627
0.0502693
0.0502642
0.0502477
0.0502204
0.0501834
0.0501382
0.0500864
0.0500301
0.0499716
0.049913
0.0498565
0.0498044
0.0497586
0.0497209
0.0496926
0.049675
0.0496685
0.0496736
0.0496899
0.0497169
0.0497535
0.0497984
0.0498499
0.0499059
0.0499644
0.0500231
0.0500798
0.0501322
0.0500327
0.0500461
0.0500568
0.0500645
0.050069
0.0500699
0.0500674
0.0500613
0.0500519
0.0500396
0.0500247
0.0500079
0.0499897
0.049971
0.0499524
0.0499346
0.0499184
0.0499043
0.049893
0.049885
0.0498806
0.04988
0.0498831
0.0498898
0.0498998
0.0499127
0.049928
0.049945
0.0499631
0.0499816
0.0499999
0.0500171
0.0498465
0.0498245
0.0498083
0.0497984
0.0497952
0.0497988
0.0498089
0.0498253
0.0498473
0.0498741
0.0499047
0.0499379
0.0499725
0.0500073
0.0500408
0.0500718
0.050099
0.0501214
0.0501381
0.0501484
0.050152
0.0501486
0.0501383
0.0501217
0.0500992
0.0500719
0.0500408
0.0500071
0.0499721
0.0499373
0.0499039
0.0498732
0.0497669
0.0497281
0.0496985
0.0496792
0.0496709
0.0496738
0.049688
0.0497128
0.0497474
0.0497904
0.0498403
0.0498951
0.0499528
0.0500112
0.050068
0.0501211
0.0501683
0.0502078
0.050238
0.0502578
0.0502664
0.0502633
0.0502488
0.0502234
0.0501882
0.0501444
0.0500939
0.0500386
0.0499806
0.0499223
0.0498659
0.0498134
0.0498798
0.0498567
0.0498382
0.0498249
0.0498174
0.049816
0.0498208
0.0498315
0.0498478
0.0498688
0.0498938
0.0499218
0.0499517
0.0499823
0.0500125
0.050041
0.0500668
0.050089
0.0501067
0.0501194
0.0501265
0.0501278
0.0501234
0.0501133
0.0500979
0.0500777
0.0500534
0.0500259
0.0499963
0.0499658
0.0499354
0.0499063
0.0501129
0.0501273
0.0501355
0.0501375
0.0501331
0.0501226
0.0501063
0.050085
0.0500594
0.0500305
0.0499994
0.0499673
0.0499355
0.0499052
0.0498774
0.0498533
0.0498336
0.0498192
0.0498107
0.0498082
0.0498121
0.0498222
0.0498381
0.0498592
0.0498848
0.0499137
0.049945
0.0499774
0.0500096
0.0500404
0.0500686
0.0500931
0.0502566
0.0502974
0.0503251
0.0503387
0.0503377
0.0503221
0.0502925
0.0502501
0.0501967
0.0501343
0.0500654
0.0499927
0.049919
0.0498471
0.0497797
0.0497194
0.0496684
0.0496286
0.0496016
0.0495883
0.0495892
0.0496042
0.0496328
0.0496741
0.0497264
0.0497878
0.049856
0.0499285
0.0500024
0.0500749
0.0501432
0.0502046
0.0501894
0.0502241
0.050249
0.0502632
0.0502662
0.0502579
0.0502384
0.0502086
0.0501694
0.0501224
0.0500694
0.0500125
0.0499538
0.0498956
0.0498402
0.0497896
0.0497459
0.0497108
0.0496857
0.0496716
0.0496689
0.0496779
0.049698
0.0497285
0.0497681
0.0498154
0.0498684
0.0499253
0.0499837
0.0500415
0.0500964
0.0501463
0.0499565
0.04996
0.0499643
0.0499693
0.0499747
0.0499803
0.0499859
0.0499911
0.0499957
0.0499993
0.050002
0.0500034
0.0500038
0.0500029
0.0500009
0.0499979
0.0499941
0.0499896
0.0499847
0.0499796
0.0499746
0.0499699
0.0499655
0.0499615
0.0499579
0.049955
0.0499528
0.0499512
0.0499506
0.0499508
0.0499518
0.0499537
0.0497043
0.0496756
0.0496579
0.0496521
0.0496582
0.049676
0.0497048
0.0497435
0.0497907
0.0498446
0.0499032
0.0499644
0.0500257
0.050085
0.0501397
0.0501879
0.0502276
0.0502572
0.0502756
0.0502821
0.0502762
0.0502583
0.0502291
0.0501896
0.0501415
0.0500866
0.0500271
0.0499653
0.0499038
0.0498448
0.0497905
0.0497431
0.0496371
0.0495962
0.0495693
0.0495574
0.0495609
0.0495797
0.0496129
0.0496595
0.0497176
0.0497849
0.0498591
0.0499372
0.0500164
0.0500935
0.0501655
0.0502298
0.0502837
0.0503252
0.0503527
0.0503651
0.0503619
0.0503431
0.0503096
0.0502625
0.0502038
0.0501357
0.0500609
0.0499823
0.049903
0.049826
0.0497543
0.0496905
0.049854
0.0498284
0.0498085
0.0497951
0.0497887
0.0497896
0.0497977
0.0498125
0.0498333
0.0498593
0.0498893
0.0499223
0.0499569
0.0499919
0.0500258
0.0500574
0.0500857
0.0501097
0.0501285
0.0501415
0.0501482
0.0501485
0.0501421
0.0501292
0.0501102
0.0500856
0.0500565
0.0500238
0.0499889
0.049953
0.0499176
0.0498841
0.0501975
0.050204
0.0502014
0.0501898
0.0501698
0.0501421
0.0501078
0.0500683
0.0500251
0.0499798
0.0499341
0.0498898
0.0498487
0.0498122
0.0497816
0.0497582
0.0497428
0.049736
0.0497381
0.0497491
0.0497685
0.0497957
0.0498297
0.0498691
0.0499124
0.0499579
0.050004
0.0500487
0.0500905
0.0501276
0.0501585
0.0501821
0.0503803
0.0504051
0.0504126
0.0504023
0.0503747
0.0503309
0.0502726
0.0502022
0.0501224
0.0500365
0.0499476
0.0498593
0.049775
0.0496977
0.0496305
0.0495759
0.0495358
0.0495117
0.0495047
0.0495148
0.0495417
0.0495843
0.0496413
0.0497103
0.0497889
0.0498741
0.0499627
0.0500512
0.0501363
0.0502146
0.0502831
0.0503391
0.0503091
0.0503209
0.0503192
0.0503041
0.0502761
0.0502363
0.0501862
0.0501276
0.0500628
0.0499942
0.0499244
0.0498561
0.049792
0.0497346
0.0496859
0.049648
0.0496223
0.0496098
0.0496111
0.0496262
0.0496546
0.049695
0.0497458
0.0498051
0.0498706
0.0499397
0.0500097
0.050078
0.0501419
0.050199
0.050247
0.0502842
0.0500901
0.0500721
0.0500507
0.0500266
0.0500007
0.049974
0.0499473
0.0499217
0.049898
0.0498772
0.0498601
0.0498473
0.0498395
0.0498369
0.0498396
0.0498477
0.0498608
0.0498785
0.0499002
0.0499249
0.0499518
0.0499798
0.0500075
0.050034
0.0500582
0.050079
0.0500958
0.0501079
0.0501149
0.0501165
0.0501128
0.0501038
0.0499095
0.0498742
0.0498429
0.0498166
0.0497964
0.0497829
0.0497766
0.0497777
0.0497863
0.0498019
0.0498242
0.0498522
0.0498849
0.0499212
0.0499595
0.0499985
0.0500366
0.0500725
0.0501046
0.0501317
0.0501527
0.0501668
0.0501733
0.050172
0.050163
0.0501466
0.0501236
0.0500948
0.0500614
0.0500247
0.0499862
0.0499473
0.0499147
0.049894
0.0498764
0.0498625
0.0498529
0.049848
0.0498479
0.0498527
0.0498623
0.0498762
0.0498939
0.0499147
0.0499378
0.0499624
0.0499875
0.0500121
0.0500353
0.0500561
0.0500738
0.0500877
0.0500972
0.050102
0.0501019
0.0500969
0.0500872
0.0500733
0.0500556
0.0500348
0.0500117
0.0499871
0.0499622
0.0499377
0.0500428
0.0500623
0.0500784
0.0500905
0.0500981
0.0501008
0.0500986
0.0500916
0.0500801
0.0500646
0.0500457
0.0500241
0.0500006
0.0499761
0.0499517
0.0499282
0.0499065
0.0498874
0.0498716
0.0498598
0.0498522
0.0498493
0.0498511
0.0498577
0.0498688
0.0498839
0.0499026
0.0499241
0.0499475
0.049972
0.0499967
0.0500206
0.0501432
0.0501978
0.0502436
0.0502787
0.0503015
0.0503113
0.0503075
0.0502904
0.0502607
0.0502195
0.0501686
0.05011
0.0500459
0.0499789
0.0499116
0.0498465
0.049786
0.0497326
0.0496881
0.0496542
0.0496321
0.0496226
0.0496261
0.0496424
0.0496711
0.049711
0.0497607
0.0498183
0.0498816
0.0499484
0.0500159
0.0500817
0.0501706
0.0502311
0.0502814
0.0503195
0.0503439
0.0503536
0.0503481
0.0503277
0.0502932
0.050246
0.0501879
0.0501213
0.0500488
0.0499732
0.0498975
0.0498244
0.0497569
0.0496975
0.0496483
0.0496112
0.0495876
0.0495784
0.0495838
0.0496037
0.0496373
0.0496835
0.0497404
0.049806
0.0498777
0.0499529
0.0500288
0.0501023
0.0501674
0.0502085
0.0502405
0.0502621
0.0502725
0.0502714
0.0502586
0.0502347
0.0502006
0.0501576
0.0501075
0.0500521
0.0499936
0.0499344
0.0498766
0.0498226
0.0497744
0.0497338
0.0497023
0.0496811
0.049671
0.0496725
0.0496854
0.0497092
0.0497429
0.0497854
0.0498351
0.0498899
0.049948
0.050007
0.0500646
0.0501188
0.0501491
0.050164
0.0501718
0.050172
0.0501648
0.0501503
0.0501291
0.050102
0.0500699
0.0500341
0.049996
0.049957
0.0499188
0.0498829
0.0498506
0.0498231
0.0498016
0.0497868
0.0497794
0.0497795
0.0497872
0.0498022
0.0498239
0.0498513
0.0498835
0.0499191
0.0499568
0.0499952
0.0500328
0.0500683
0.0501003
0.0501276
0.050091
0.0500868
0.0500786
0.0500665
0.0500511
0.0500328
0.0500125
0.0499907
0.0499682
0.0499459
0.0499248
0.0499056
0.0498893
0.0498763
0.0498673
0.0498626
0.0498624
0.0498667
0.0498753
0.0498879
0.0499041
0.0499231
0.0499442
0.0499665
0.049989
0.050011
0.0500316
0.05005
0.0500657
0.050078
0.0500865
0.0500909
0.0500183
0.0500008
0.0499824
0.049964
0.049946
0.0499293
0.0499143
0.0499017
0.0498917
0.0498849
0.0498815
0.0498817
0.0498856
0.0498931
0.0499038
0.0499175
0.0499336
0.0499514
0.0499703
0.0499896
0.0500084
0.0500261
0.0500418
0.0500549
0.0500648
0.0500712
0.0500738
0.0500727
0.0500679
0.0500597
0.0500483
0.0500344
0.0499703
0.0499395
0.0499102
0.0498833
0.0498601
0.0498412
0.0498274
0.049819
0.0498164
0.0498198
0.0498289
0.0498436
0.0498633
0.0498874
0.0499148
0.0499448
0.049976
0.0500073
0.0500374
0.0500652
0.0500896
0.0501095
0.0501242
0.050133
0.0501355
0.0501316
0.0501215
0.0501057
0.0500849
0.0500599
0.0500317
0.0500015
0.0499824
0.0499392
0.0498974
0.0498585
0.0498241
0.0497953
0.0497732
0.0497585
0.0497519
0.0497536
0.0497635
0.0497815
0.0498067
0.0498384
0.0498752
0.0499159
0.0499589
0.0500025
0.0500451
0.050085
0.0501205
0.0501504
0.0501733
0.0501883
0.0501948
0.0501925
0.0501817
0.0501628
0.0501365
0.050104
0.0500664
0.0500254
0.050039
0.049993
0.0499463
0.0499007
0.0498578
0.0498193
0.0497866
0.0497608
0.0497429
0.0497338
0.0497337
0.0497427
0.0497605
0.0497865
0.0498197
0.0498589
0.0499025
0.0499489
0.0499964
0.0500429
0.0500868
0.0501263
0.0501597
0.0501858
0.0502034
0.0502121
0.0502114
0.0502014
0.0501827
0.0501558
0.050122
0.0500826
0.0500979
0.0500658
0.0500301
0.0499924
0.0499539
0.0499162
0.0498807
0.0498485
0.0498211
0.0497996
0.0497847
0.0497772
0.0497772
0.0497849
0.0497999
0.0498217
0.0498495
0.0498821
0.0499184
0.0499568
0.0499959
0.0500341
0.0500699
0.050102
0.050129
0.05015
0.0501642
0.0501712
0.0501706
0.0501625
0.0501472
0.0501254
0.050162
0.0501564
0.0501438
0.0501247
0.0500998
0.05007
0.0500364
0.0500003
0.0499631
0.0499263
0.0498913
0.0498597
0.0498326
0.0498111
0.0497959
0.0497877
0.0497869
0.0497933
0.0498067
0.0498266
0.0498521
0.0498822
0.0499158
0.0499514
0.0499879
0.0500239
0.0500579
0.0500889
0.0501155
0.0501368
0.050152
0.0501605
0.0502175
0.0502379
0.0502482
0.0502477
0.0502365
0.050215
0.0501839
0.0501443
0.0500979
0.0500465
0.0499923
0.0499373
0.0498837
0.0498337
0.0497891
0.0497516
0.0497228
0.0497035
0.0496945
0.0496962
0.0497083
0.0497304
0.0497615
0.0498004
0.0498457
0.0498957
0.0499487
0.0500025
0.0500553
0.050105
0.0501497
0.0501877
0.0502558
0.0502937
0.0503191
0.0503309
0.0503286
0.0503122
0.0502823
0.05024
0.050187
0.0501253
0.0500575
0.0499863
0.0499146
0.0498449
0.0497802
0.0497228
0.049675
0.0496384
0.0496145
0.0496041
0.0496075
0.0496245
0.0496545
0.0496962
0.049748
0.0498082
0.0498744
0.0499442
0.050015
0.0500841
0.0501489
0.0502069
0.0502536
0.0502966
0.050327
0.0503436
0.0503457
0.0503332
0.0503064
0.0502663
0.0502144
0.0501528
0.050084
0.0500107
0.0499359
0.0498626
0.0497934
0.0497311
0.0496781
0.0496363
0.0496073
0.0495922
0.0495914
0.049605
0.0496323
0.0496723
0.0497232
0.0497834
0.0498505
0.0499222
0.0499957
0.0500683
0.0501372
0.0501998
0.0502211
0.050261
0.0502899
0.0503066
0.0503104
0.0503011
0.0502789
0.0502446
0.0501995
0.0501453
0.0500843
0.050019
0.0499518
0.0498856
0.0498229
0.049766
0.0497171
0.0496782
0.0496506
0.0496354
0.0496331
0.0496437
0.0496667
0.0497012
0.0497457
0.0497986
0.049858
0.0499217
0.0499874
0.0500526
0.0501148
0.0501717
0.0502081
0.0502478
0.0502769
0.0502944
0.0502994
0.0502917
0.0502715
0.0502396
0.0501969
0.0501453
0.0500867
0.0500237
0.0499588
0.0498944
0.0498332
0.0497774
0.0497293
0.0496906
0.0496628
0.0496469
0.0496435
0.0496525
0.0496737
0.049706
0.0497482
0.0497986
0.0498554
0.0499167
0.0499801
0.0500433
0.0501038
0.0501595
0.0502292
0.0502709
0.050301
0.0503185
0.0503225
0.0503128
0.0502897
0.0502541
0.0502071
0.0501506
0.050087
0.0500187
0.0499485
0.0498793
0.0498137
0.0497543
0.0497033
0.0496626
0.0496339
0.049618
0.0496156
0.0496267
0.0496508
0.0496869
0.0497335
0.0497888
0.0498508
0.0499172
0.0499857
0.0500536
0.0501184
0.0501777
0.0502641
0.0502996
0.0503224
0.0503317
0.050327
0.0503085
0.0502768
0.0502331
0.0501789
0.0501163
0.0500478
0.0499761
0.0499042
0.0498349
0.0497708
0.0497145
0.0496682
0.0496335
0.0496118
0.0496039
0.04961
0.0496298
0.0496625
0.0497068
0.0497609
0.0498227
0.0498898
0.0499598
0.0500302
0.0500982
0.0501615
0.0502175
0.0502875
0.050303
0.050306
0.0502961
0.0502738
0.0502399
0.0501956
0.0501426
0.0500828
0.0500183
0.0499518
0.0498859
0.0498231
0.0497661
0.049717
0.0496778
0.04965
0.0496346
0.0496322
0.0496429
0.0496664
0.0497015
0.049747
0.049801
0.0498613
0.0499255
0.0499912
0.050056
0.0501174
0.0501731
0.0502212
0.0502598
0.0502763
0.0502635
0.0502397
0.0502059
0.0501632
0.0501134
0.0500581
0.0499995
0.0499397
0.0498807
0.0498249
0.0497746
0.0497317
0.0496981
0.0496751
0.0496636
0.0496641
0.0496766
0.0497007
0.0497354
0.0497794
0.049831
0.0498881
0.0499483
0.0500093
0.0500684
0.0501235
0.0501726
0.0502138
0.0502458
0.0502673
0.0502776
0.0502266
0.0501909
0.0501471
0.0500968
0.050042
0.0499845
0.0499266
0.0498703
0.0498177
0.0497705
0.0497308
0.0497001
0.0496798
0.0496707
0.0496732
0.0496875
0.0497128
0.0497485
0.049793
0.0498446
0.0499014
0.0499611
0.0500212
0.0500792
0.0501329
0.0501799
0.0502186
0.0502476
0.0502659
0.0502729
0.0502684
0.0502528
0.0501718
0.0501341
0.0500905
0.0500427
0.0499924
0.0499414
0.0498917
0.0498448
0.0498026
0.0497665
0.049738
0.0497184
0.0497086
0.049709
0.0497197
0.0497404
0.0497702
0.0498082
0.0498528
0.0499024
0.0499548
0.0500081
0.0500601
0.0501085
0.0501513
0.0501868
0.0502138
0.0502314
0.050239
0.0502365
0.050224
0.0502022
0.0501659
0.0501493
0.0501262
0.0500975
0.0500642
0.0500275
0.0499887
0.0499491
0.0499103
0.0498735
0.0498403
0.0498123
0.0497905
0.0497759
0.0497692
0.0497706
0.0497801
0.0497974
0.0498218
0.0498523
0.0498877
0.0499264
0.0499669
0.0500076
0.0500467
0.0500825
0.050114
0.05014
0.0501597
0.0501725
0.0501778
0.0501756
0.0502244
0.0502375
0.0502406
0.0502335
0.0502163
0.0501898
0.0501546
0.0501122
0.050064
0.0500118
0.0499577
0.0499041
0.0498532
0.049807
0.0497673
0.0497358
0.0497137
0.0497018
0.0497004
0.0497096
0.049729
0.0497576
0.0497943
0.0498376
0.0498856
0.0499365
0.0499884
0.0500396
0.0500882
0.0501325
0.0501709
0.0502019
0.0503118
0.0503417
0.0503573
0.0503579
0.0503433
0.0503142
0.0502714
0.0502165
0.0501514
0.0500787
0.0500014
0.0499225
0.0498454
0.049773
0.0497082
0.0496535
0.049611
0.0495824
0.0495686
0.0495701
0.0495868
0.0496179
0.0496621
0.0497177
0.0497824
0.0498535
0.0499286
0.0500051
0.05008
0.0501507
0.0502144
0.0502688
0.050398
0.0504179
0.0504204
0.0504054
0.0503733
0.0503253
0.0502633
0.0501894
0.0501065
0.0500176
0.0499262
0.0498362
0.0497509
0.0496739
0.0496081
0.049556
0.0495197
0.0495006
0.0494992
0.0495157
0.0495494
0.0495989
0.0496622
0.0497368
0.0498198
0.0499078
0.0499975
0.0500858
0.0501694
0.050245
0.0503098
0.0503615
0.0504647
0.0504541
0.0504247
0.0503775
0.0503144
0.0502378
0.0501504
0.0500557
0.0499569
0.0498579
0.0497624
0.0496743
0.0495971
0.0495337
0.0494867
0.049458
0.0494486
0.049459
0.0494888
0.0495368
0.0496011
0.0496794
0.0497685
0.0498648
0.0499644
0.0500635
0.0501582
0.0502451
0.0503208
0.0503826
0.0504282
0.0504559
0.0504966
0.0504605
0.0504053
0.0503329
0.0502463
0.0501487
0.0500436
0.0499351
0.049827
0.0497234
0.0496284
0.0495457
0.0494787
0.0494299
0.0494013
0.049394
0.0494085
0.0494442
0.0494998
0.0495731
0.0496614
0.0497611
0.0498684
0.0499789
0.0500881
0.0501918
0.050286
0.0503673
0.0504327
0.0504796
0.0505064
0.0505122
0.0504858
0.0504529
0.0504012
0.0503327
0.0502498
0.0501558
0.0500542
0.0499486
0.0498429
0.049741
0.0496473
0.0495653
0.0494984
0.0494494
0.04942
0.0494116
0.0494244
0.049458
0.049511
0.0495814
0.0496665
0.0497628
0.0498665
0.0499735
0.0500795
0.0501802
0.050272
0.0503517
0.0504162
0.0504632
0.0504911
0.0504987
0.0504416
0.0504407
0.0504218
0.0503853
0.0503327
0.0502658
0.050187
0.0500993
0.0500057
0.04991
0.049816
0.0497277
0.0496487
0.0495821
0.0495305
0.049496
0.0494798
0.0494825
0.049504
0.0495432
0.0495987
0.0496681
0.0497486
0.049837
0.0499297
0.050023
0.0501138
0.0501988
0.050275
0.0503395
0.0503899
0.0504244
0.0504114
0.0504471
0.0504644
0.0504624
0.0504413
0.0504015
0.0503445
0.0502723
0.0501874
0.0500932
0.0499936
0.0498926
0.0497945
0.0497031
0.0496221
0.0495546
0.0495032
0.0494697
0.0494554
0.0494607
0.0494852
0.0495278
0.0495869
0.0496598
0.0497436
0.0498352
0.0499312
0.0500283
0.050123
0.0502118
0.0502914
0.0503588
0.0504478
0.0504999
0.0505313
0.0505405
0.050527
0.0504913
0.0504345
0.0503587
0.0502667
0.050162
0.0500489
0.0499321
0.0498162
0.049706
0.0496057
0.0495192
0.0494497
0.0494
0.0493717
0.0493657
0.0493823
0.0494206
0.0494791
0.0495552
0.049646
0.049748
0.0498575
0.0499706
0.0500832
0.0501911
0.0502903
0.0503769
0.0505504
0.0505942
0.0506132
0.0506064
0.0505742
0.0505175
0.0504386
0.0503403
0.0502263
0.0501011
0.0499696
0.0498373
0.0497092
0.0495905
0.0494858
0.049399
0.0493335
0.0492917
0.049275
0.0492841
0.0493185
0.0493767
0.0494566
0.0495548
0.0496676
0.0497905
0.0499192
0.0500488
0.0501746
0.0502919
0.0503962
0.0504835
0.0506583
0.0506851
0.0506832
0.0506524
0.0505941
0.0505104
0.0504044
0.0502802
0.0501424
0.0499964
0.0498479
0.0497029
0.0495671
0.0494458
0.0493435
0.0492642
0.0492109
0.0491856
0.0491891
0.0492212
0.0492809
0.0493655
0.049472
0.0495961
0.0497328
0.0498771
0.0500235
0.0501665
0.0503009
0.0504216
0.0505239
0.0506039
0.0507131
0.0507291
0.0507146
0.0506701
0.0505972
0.0504986
0.0503782
0.0502404
0.0500905
0.0499342
0.0497778
0.0496274
0.0494889
0.0493677
0.0492684
0.0491949
0.0491498
0.0491349
0.0491507
0.0491966
0.0492708
0.0493703
0.0494914
0.0496291
0.0497781
0.0499328
0.0500874
0.0502361
0.0503733
0.0504938
0.0505931
0.0506671
0.0507024
0.0507147
0.0506974
0.050651
0.0505771
0.0504786
0.0503592
0.0502232
0.0500759
0.0499229
0.0497704
0.0496244
0.0494905
0.049374
0.0492793
0.0492102
0.0491693
0.0491581
0.049177
0.0492253
0.0493009
0.049401
0.0495215
0.0496578
0.0498043
0.0499556
0.0501061
0.0502501
0.0503823
0.0504976
0.0505916
0.0506608
0.0506509
0.0506612
0.0506444
0.0506008
0.0505322
0.0504409
0.0503305
0.050205
0.0500691
0.0499282
0.0497878
0.0496535
0.0495305
0.0494237
0.0493373
0.0492745
0.0492378
0.0492286
0.0492472
0.0492928
0.0493637
0.0494569
0.0495687
0.0496947
0.0498299
0.0499692
0.0501074
0.0502395
0.0503604
0.0504656
0.0505511
0.0506136
0.050598
0.050605
0.0505871
0.050545
0.0504803
0.0503951
0.0502928
0.0501771
0.0500524
0.0499235
0.0497956
0.0496737
0.0495627
0.0494668
0.0493898
0.0493348
0.0493037
0.0492978
0.0493173
0.0493614
0.0494284
0.0495154
0.049619
0.0497351
0.0498592
0.0499865
0.0501123
0.050232
0.050341
0.0504354
0.0505115
0.0505664
0.0505672
0.0505702
0.0505497
0.0505064
0.050442
0.0503588
0.0502599
0.0501488
0.0500301
0.0499081
0.0497879
0.0496741
0.0495712
0.0494833
0.0494136
0.049365
0.0493393
0.0493375
0.0493595
0.0494046
0.0494709
0.0495557
0.0496556
0.0497667
0.0498847
0.0500051
0.0501234
0.0502352
0.0503365
0.0504232
0.0504923
0.0505409
0.0505617
0.0505609
0.0505369
0.0504906
0.0504237
0.0503386
0.0502385
0.0501272
0.050009
0.0498885
0.0497704
0.0496595
0.0495601
0.0494759
0.0494104
0.0493659
0.0493442
0.049346
0.0493713
0.0494192
0.0494875
0.0495738
0.0496744
0.0497855
0.0499027
0.0500218
0.0501381
0.0502474
0.0503457
0.0504291
0.0504944
0.0505392
0.0505808
0.0505757
0.0505467
0.0504947
0.0504218
0.0503307
0.0502249
0.0501082
0.0499853
0.049861
0.0497402
0.0496276
0.0495276
0.049444
0.04938
0.0493381
0.0493199
0.049326
0.0493561
0.0494092
0.049483
0.0495748
0.0496808
0.0497969
0.0499187
0.0500416
0.050161
0.0502725
0.0503718
0.0504551
0.0505192
0.0505617
0.0506029
0.0505926
0.0505575
0.050499
0.0504192
0.0503213
0.0502088
0.0500861
0.049958
0.0498295
0.0497056
0.0495911
0.0494906
0.0494077
0.0493458
0.049307
0.049293
0.0493042
0.0493401
0.0493994
0.0494798
0.0495781
0.0496904
0.0498123
0.0499394
0.0500667
0.0501895
0.0503032
0.0504034
0.0504863
0.0505487
0.0505881
0.0505923
0.0505776
0.0505388
0.0504773
0.0503956
0.0502966
0.0501841
0.0500624
0.0499363
0.0498108
0.0496906
0.0495806
0.0494848
0.0494071
0.0493503
0.0493167
0.0493076
0.0493232
0.049363
0.0494253
0.0495078
0.0496072
0.0497195
0.0498405
0.0499656
0.0500901
0.0502092
0.0503184
0.0504137
0.0504913
0.0505483
0.0505824
0.0505229
0.0505097
0.0504754
0.0504212
0.0503492
0.050262
0.0501628
0.0500556
0.0499445
0.0498339
0.049728
0.0496311
0.0495468
0.0494786
0.049429
0.0494
0.0493926
0.0494071
0.0494429
0.0494985
0.0495718
0.0496598
0.049759
0.0498655
0.0499755
0.0500848
0.0501891
0.0502847
0.0503678
0.0504355
0.050485
0.0505145
0.0504086
0.0504054
0.0503855
0.0503496
0.050299
0.0502354
0.0501612
0.0500793
0.0499931
0.0499058
0.0498209
0.0497418
0.0496715
0.0496129
0.0495682
0.0495392
0.0495269
0.0495317
0.0495535
0.0495912
0.0496433
0.0497077
0.0497817
0.0498627
0.0499475
0.0500331
0.0501161
0.0501936
0.0502626
0.0503205
0.0503652
0.050395
0.0503032
0.050316
0.0503157
0.0503022
0.0502759
0.0502377
0.050189
0.0501318
0.0500684
0.0500012
0.049933
0.0498664
0.049804
0.0497484
0.0497017
0.0496657
0.0496417
0.0496306
0.0496327
0.0496479
0.0496755
0.0497142
0.0497626
0.0498188
0.0498808
0.0499462
0.0500127
0.0500777
0.0501389
0.0501941
0.050241
0.0502778
0.0502356
0.0502611
0.0502756
0.0502783
0.0502692
0.0502485
0.0502168
0.0501756
0.0501265
0.0500715
0.0500128
0.0499527
0.0498935
0.0498376
0.0497872
0.0497441
0.0497099
0.049686
0.0496732
0.0496718
0.0496819
0.0497029
0.049734
0.0497741
0.0498217
0.0498751
0.0499323
0.0499912
0.0500495
0.0501052
0.0501561
0.0502001
0.0502096
0.0502376
0.0502554
0.0502623
0.0502578
0.0502421
0.0502158
0.0501801
0.0501362
0.0500862
0.0500318
0.0499752
0.0499188
0.0498647
0.0498149
0.0497714
0.0497357
0.0497092
0.0496928
0.0496871
0.0496922
0.0497079
0.0497334
0.049768
0.0498104
0.049859
0.049912
0.0499674
0.0500233
0.0500775
0.0501279
0.0501725
0.050203
0.0502202
0.0502279
0.0502257
0.0502137
0.0501922
0.0501621
0.0501248
0.0500817
0.0500345
0.049985
0.0499353
0.0498872
0.0498427
0.0498033
0.0497706
0.0497458
0.0497298
0.0497231
0.049726
0.0497382
0.0497593
0.0497884
0.0498246
0.0498665
0.0499126
0.0499611
0.0500102
0.0500582
0.0501031
0.0501432
0.0501769
0.0501703
0.050162
0.0501466
0.0501245
0.0500965
0.0500637
0.0500275
0.0499894
0.0499508
0.0499132
0.0498781
0.0498469
0.0498207
0.0498006
0.0497873
0.0497814
0.0497829
0.0497919
0.0498078
0.0498302
0.049858
0.0498902
0.0499257
0.049963
0.0500009
0.0500379
0.0500725
0.0501036
0.0501298
0.0501503
0.0501642
0.050171
0.050071
0.0500288
0.0499845
0.0499397
0.0498961
0.0498554
0.0498192
0.0497888
0.0497656
0.0497503
0.0497436
0.0497458
0.0497569
0.0497764
0.0498036
0.0498374
0.0498766
0.0499195
0.0499646
0.05001
0.0500539
0.0500946
0.0501306
0.0501605
0.0501831
0.0501977
0.0502037
0.0502009
0.0501894
0.0501698
0.0501429
0.0501095
0.0498979
0.0498267
0.0497608
0.0497028
0.0496546
0.0496181
0.0495947
0.0495853
0.0495904
0.0496098
0.0496429
0.0496885
0.049745
0.0498101
0.0498814
0.0499563
0.0500317
0.0501047
0.0501724
0.0502321
0.0502814
0.0503182
0.0503412
0.0503494
0.0503428
0.0503216
0.0502868
0.0502397
0.0501823
0.0501167
0.0500457
0.0499718
0.0497036
0.0496215
0.0495523
0.0494984
0.0494617
0.0494436
0.0494448
0.0494654
0.0495046
0.0495612
0.0496329
0.0497174
0.0498112
0.049911
0.0500129
0.0501129
0.0502071
0.0502918
0.0503634
0.0504193
0.050457
0.050475
0.0504727
0.0504502
0.0504086
0.0503494
0.0502753
0.0501891
0.0500942
0.0499944
0.0498935
0.0497953
0.0495624
0.0494857
0.0494268
0.0493879
0.0493703
0.0493747
0.0494008
0.0494478
0.049514
0.0495971
0.0496939
0.0498008
0.0499139
0.0500288
0.050141
0.0502462
0.0503404
0.0504196
0.0504808
0.0505214
0.0505399
0.0505353
0.0505078
0.0504587
0.0503899
0.0503043
0.0502053
0.0500967
0.049983
0.0498684
0.0497573
0.049654
0.0495466
0.0494801
0.049432
0.0494041
0.0493972
0.0494117
0.0494469
0.0495014
0.0495732
0.0496597
0.0497576
0.0498633
0.0499728
0.0500819
0.0501865
0.0502825
0.0503661
0.0504341
0.0504838
0.0505133
0.0505212
0.0505073
0.050472
0.0504165
0.0503432
0.050255
0.0501553
0.0500481
0.0499376
0.0498282
0.0497239
0.0496289
0.0496647
0.0496091
0.0495674
0.0495414
0.0495318
0.0495391
0.0495627
0.0496017
0.0496546
0.0497193
0.0497935
0.0498744
0.049959
0.0500442
0.0501266
0.0502032
0.0502709
0.0503273
0.0503701
0.0503977
0.0504089
0.0504032
0.0503807
0.0503421
0.0502889
0.0502231
0.0501474
0.0500649
0.0499787
0.0498924
0.0498092
0.0497323
0.0497892
0.0497428
0.0497056
0.0496789
0.0496636
0.0496604
0.0496691
0.0496894
0.0497204
0.049761
0.0498097
0.0498647
0.049924
0.0499856
0.0500469
0.0501057
0.0501598
0.0502071
0.0502457
0.0502741
0.0502911
0.0502959
0.0502884
0.0502685
0.0502372
0.0501954
0.0501451
0.0500883
0.0500272
0.0499643
0.0499021
0.049843
0.0497646
0.0497209
0.0496869
0.049664
0.049653
0.0496541
0.0496673
0.049692
0.0497271
0.0497713
0.0498231
0.0498807
0.0499418
0.0500043
0.0500658
0.0501239
0.0501764
0.0502213
0.0502568
0.0502815
0.0502942
0.0502946
0.0502824
0.050258
0.0502223
0.0501766
0.050123
0.0500636
0.0500007
0.0499369
0.0498748
0.0498166
0.0495983
0.0495496
0.0495168
0.049501
0.0495028
0.049522
0.0495579
0.0496089
0.0496731
0.0497481
0.0498313
0.0499195
0.0500094
0.0500978
0.0501812
0.0502565
0.0503206
0.050371
0.0504058
0.0504235
0.0504233
0.0504052
0.0503697
0.0503182
0.0502526
0.0501755
0.0500901
0.0499999
0.0499083
0.0498191
0.0497356
0.049661
0.0494275
0.049363
0.0493209
0.0493026
0.0493088
0.0493391
0.0493923
0.0494664
0.0495584
0.0496649
0.0497821
0.0499057
0.0500311
0.0501535
0.0502683
0.0503711
0.0504577
0.0505249
0.0505697
0.0505905
0.0505862
0.0505569
0.0505038
0.0504287
0.0503346
0.0502251
0.0501048
0.0499785
0.0498512
0.049728
0.0496134
0.049512
0.0493315
0.0492443
0.0491835
0.0491514
0.0491488
0.049176
0.0492317
0.0493137
0.0494191
0.0495436
0.0496828
0.0498318
0.0499849
0.0501364
0.0502806
0.0504118
0.050525
0.0506157
0.05068
0.0507155
0.0507205
0.0506948
0.0506392
0.0505559
0.050448
0.0503199
0.0501766
0.0500241
0.0498683
0.0497155
0.0495716
0.0494419
0.0492734
0.0491697
0.0490948
0.0490516
0.0490416
0.0490649
0.0491206
0.0492067
0.0493196
0.0494552
0.0496085
0.0497738
0.0499452
0.0501163
0.0502805
0.0504315
0.0505634
0.0506709
0.0507497
0.0507965
0.0508094
0.0507878
0.0507323
0.0506451
0.0505296
0.0503902
0.0502325
0.050063
0.0498885
0.0497158
0.0495517
0.0494024
0.0492091
0.049103
0.0490282
0.0489874
0.0489819
0.049012
0.0490765
0.0491727
0.0492971
0.0494449
0.0496105
0.0497879
0.0499706
0.0501518
0.0503245
0.0504822
0.0506185
0.0507282
0.0508067
0.0508508
0.0508588
0.0508301
0.0507658
0.0506684
0.0505416
0.0503904
0.0502207
0.0500394
0.0498538
0.0496712
0.0494986
0.0493426
0.0491654
0.0490617
0.0489909
0.0489555
0.0489568
0.0489947
0.0490675
0.0491725
0.0493056
0.0494616
0.0496346
0.0498184
0.0500062
0.0501911
0.0503658
0.0505237
0.0506587
0.0507654
0.0508395
0.050878
0.0508793
0.0508432
0.0507711
0.0506656
0.0505308
0.0503718
0.0501949
0.0500074
0.0498166
0.0496301
0.0494551
0.0492982
0.0492152
0.0491104
0.0490371
0.048998
0.0489945
0.0490264
0.0490925
0.0491901
0.0493152
0.0494631
0.0496282
0.0498043
0.0499851
0.0501639
0.0503338
0.0504885
0.050622
0.0507291
0.0508055
0.0508481
0.0508552
0.0508262
0.0507622
0.0506654
0.0505396
0.0503894
0.0502207
0.0500405
0.0498559
0.0496742
0.0495026
0.0493476
0.0493336
0.0492264
0.0491468
0.0490979
0.0490813
0.0490975
0.0491456
0.0492237
0.0493285
0.0494559
0.0496012
0.0497589
0.0499234
0.0500886
0.0502483
0.0503965
0.0505275
0.0506363
0.0507186
0.0507711
0.0507916
0.0507792
0.0507341
0.0506578
0.0505531
0.0504241
0.0502756
0.0501137
0.0499451
0.0497762
0.0496139
0.0494644
0.0494334
0.0493282
0.049247
0.049193
0.049168
0.0491729
0.0492072
0.0492695
0.0493571
0.0494668
0.0495942
0.0497347
0.0498832
0.0500342
0.0501822
0.0503215
0.0504469
0.0505534
0.0506369
0.050694
0.0507226
0.0507211
0.0506897
0.0506292
0.0505418
0.0504309
0.0503007
0.0501565
0.0500041
0.0498496
0.0496992
0.0495586
0.0494615
0.0493635
0.0492882
0.0492385
0.0492161
0.0492217
0.0492551
0.0493147
0.0493981
0.0495022
0.0496229
0.0497558
0.049896
0.0500384
0.0501777
0.0503087
0.0504262
0.0505258
0.0506034
0.050656
0.0506815
0.0506786
0.0506474
0.050589
0.0505054
0.0503998
0.0502766
0.0501403
0.0499967
0.0498514
0.0497101
0.0495785
0.0494219
0.0493278
0.0492575
0.0492137
0.0491979
0.0492105
0.049251
0.0493177
0.0494078
0.0495181
0.0496444
0.049782
0.0499258
0.0500706
0.0502109
0.0503415
0.0504573
0.0505536
0.0506267
0.0506736
0.0506923
0.050682
0.050643
0.0505767
0.0504854
0.0503729
0.0502436
0.0501026
0.0499555
0.0498083
0.0496668
0.0495363
0.0493311
0.0492265
0.049149
0.0491013
0.0490851
0.0491009
0.0491479
0.0492243
0.0493271
0.0494525
0.049596
0.049752
0.049915
0.050079
0.0502377
0.0503852
0.0505155
0.0506236
0.050705
0.0507564
0.0507757
0.050762
0.0507156
0.0506383
0.0505331
0.0504042
0.0502568
0.0500967
0.0499304
0.0497643
0.0496052
0.0494589
0.0492188
0.0490892
0.0489907
0.0489271
0.0489004
0.0489116
0.04896
0.0490437
0.0491595
0.0493034
0.0494701
0.0496534
0.0498465
0.0500425
0.0502339
0.0504133
0.0505736
0.0507085
0.0508124
0.050881
0.0509115
0.0509025
0.0508541
0.0507682
0.0506482
0.050499
0.0503268
0.0501384
0.0499412
0.0497432
0.049552
0.049375
0.0491434
0.0489898
0.0488704
0.0487895
0.04875
0.0487533
0.0487989
0.0488851
0.0490087
0.0491653
0.0493492
0.0495535
0.049771
0.0499934
0.0502125
0.0504197
0.0506069
0.0507665
0.0508922
0.0509786
0.0510223
0.0510213
0.0509754
0.0508864
0.0507578
0.0505951
0.0504049
0.0501946
0.0499729
0.0497484
0.0495299
0.0493257
0.0491642
0.0490066
0.0488828
0.0487974
0.0487534
0.0487525
0.0487946
0.0488778
0.0489992
0.0491545
0.0493378
0.0495422
0.0497602
0.0499837
0.0502043
0.0504133
0.0506025
0.0507645
0.0508927
0.0509819
0.0510287
0.051031
0.0509886
0.050903
0.0507779
0.0506182
0.0504304
0.0502219
0.0500009
0.0497761
0.0495563
0.0493497
0.0492635
0.0491246
0.0490159
0.0489417
0.0489046
0.0489061
0.0489459
0.0490226
0.0491333
0.0492741
0.0494395
0.0496233
0.0498186
0.050018
0.050214
0.050399
0.0505656
0.0507072
0.0508183
0.0508944
0.0509326
0.0509313
0.0508906
0.0508119
0.0506986
0.0505552
0.0503873
0.0502015
0.0500049
0.0498053
0.0496103
0.0494274
0.0493646
0.0492479
0.0491576
0.049097
0.0490685
0.049073
0.0491103
0.0491791
0.0492768
0.0493999
0.0495438
0.049703
0.0498715
0.050043
0.050211
0.0503689
0.0505104
0.05063
0.0507227
0.050785
0.0508145
0.0508098
0.050771
0.0506999
0.0505994
0.0504735
0.0503272
0.0501662
0.0499967
0.0498254
0.0496588
0.0495032
0.0494339
0.049323
0.0492357
0.0491753
0.0491439
0.0491427
0.0491716
0.0492296
0.0493148
0.049424
0.0495532
0.0496976
0.0498518
0.0500101
0.0501663
0.0503143
0.0504484
0.0505631
0.0506537
0.0507166
0.0507493
0.0507504
0.0507197
0.0506587
0.0505699
0.050457
0.0503245
0.0501777
0.0500222
0.0498642
0.0497096
0.0495643
0.0494893
0.049367
0.0492664
0.0491912
0.0491442
0.0491269
0.04914
0.0491833
0.0492551
0.049353
0.0494733
0.0496117
0.0497631
0.0499217
0.0500815
0.0502363
0.0503799
0.0505067
0.0506114
0.0506898
0.0507386
0.0507558
0.0507408
0.0506944
0.0506185
0.0505163
0.050392
0.0502506
0.0500975
0.0499388
0.0497806
0.0496289
0.0495384
0.0494043
0.0492902
0.0492004
0.0491382
0.0491057
0.0491043
0.0491343
0.0491946
0.0492832
0.0493968
0.0495312
0.0496815
0.0498422
0.0500069
0.0501694
0.0503232
0.0504622
0.0505805
0.0506735
0.0507373
0.0507694
0.0507685
0.0507351
0.0506705
0.0505775
0.0504599
0.0503223
0.0501703
0.0500097
0.0498468
0.0496877
0.0495417
0.049408
0.0492942
0.0492044
0.0491417
0.0491087
0.0491067
0.0491361
0.0491959
0.0492841
0.0493975
0.049532
0.0496824
0.0498432
0.0500081
0.0501707
0.0503246
0.0504635
0.0505816
0.0506742
0.0507374
0.0507689
0.0507675
0.0507337
0.050669
0.050576
0.0504588
0.0503218
0.0501705
0.0500108
0.0498487
0.0496904
0.0494703
0.0493467
0.0492452
0.0491693
0.0491218
0.0491045
0.0491185
0.0491634
0.0492378
0.0493391
0.0494637
0.049607
0.0497636
0.0499275
0.0500923
0.0502516
0.0503988
0.0505281
0.0506341
0.0507122
0.0507593
0.0507736
0.0507551
0.0507045
0.0506243
0.0505177
0.0503893
0.050244
0.0500875
0.0499259
0.0497652
0.0496115
0.0493705
0.0492566
0.049168
0.0491076
0.0490776
0.0490794
0.0491133
0.0491782
0.0492718
0.049391
0.0495314
0.0496878
0.0498542
0.0500245
0.0501917
0.0503495
0.0504912
0.0506112
0.0507043
0.0507665
0.0507953
0.0507899
0.0507506
0.0506795
0.0505795
0.0504549
0.0503106
0.0501525
0.0499866
0.0498194
0.049657
0.0495055
0.0493323
0.0492225
0.0491392
0.0490852
0.0490626
0.0490724
0.0491144
0.0491874
0.0492887
0.0494149
0.0495612
0.0497224
0.0498922
0.0500643
0.0502319
0.0503882
0.0505271
0.0506427
0.0507303
0.050786
0.0508075
0.0507943
0.0507471
0.0506682
0.0505608
0.0504294
0.0502793
0.0501164
0.0499472
0.049778
0.0496152
0.0494648
0.0493895
0.0492814
0.0491979
0.049142
0.0491157
0.0491201
0.0491553
0.0492203
0.0493127
0.0494291
0.0495655
0.0497166
0.0498769
0.0500401
0.0502
0.0503501
0.0504845
0.0505977
0.050685
0.0507426
0.0507681
0.0507609
0.0507214
0.0506514
0.050554
0.0504329
0.0502933
0.0501405
0.0499805
0.0498196
0.0496636
0.0495185
0.0494773
0.0493747
0.0492936
0.0492368
0.0492064
0.0492038
0.0492292
0.049282
0.0493603
0.0494614
0.0495814
0.049716
0.04986
0.0500081
0.0501543
0.0502929
0.0504183
0.0505254
0.0506099
0.050668
0.0506974
0.0506972
0.0506678
0.0506103
0.0505274
0.0504224
0.0502995
0.0501636
0.05002
0.0498742
0.0497317
0.0495977
0.0495111
0.0494203
0.0493493
0.0493007
0.0492763
0.0492771
0.0493035
0.0493546
0.0494288
0.0495233
0.0496348
0.049759
0.0498913
0.0500264
0.0501592
0.0502845
0.050397
0.0504923
0.0505663
0.0506158
0.050639
0.050635
0.0506043
0.0505484
0.0504697
0.0503714
0.0502574
0.0501323
0.0500009
0.0498682
0.0497392
0.0496187
0.0494957
0.0494203
0.0493648
0.0493312
0.0493207
0.0493339
0.0493705
0.0494295
0.0495087
0.0496054
0.049716
0.0498363
0.0499617
0.0500874
0.0502085
0.0503201
0.0504177
0.0504973
0.0505555
0.0505897
0.0505988
0.0505823
0.0505413
0.0504776
0.050394
0.0502938
0.050181
0.0500601
0.0499358
0.0498127
0.0496955
0.0495886
0.0494934
0.0494317
0.0493898
0.049369
0.0493701
0.0493931
0.0494375
0.0495016
0.0495835
0.0496799
0.0497875
0.0499021
0.0500194
0.0501348
0.0502438
0.0503421
0.0504255
0.0504908
0.050535
0.0505564
0.050554
0.0505281
0.0504798
0.0504113
0.0503255
0.0502259
0.0501164
0.0500013
0.049885
0.0497721
0.0496667
0.0495726
0.0495355
0.0494843
0.0494512
0.0494371
0.0494427
0.0494676
0.0495112
0.0495721
0.049648
0.0497363
0.0498337
0.0499364
0.0500407
0.0501423
0.0502375
0.0503222
0.0503932
0.0504474
0.0504825
0.0504971
0.0504907
0.0504633
0.0504164
0.0503519
0.0502725
0.0501815
0.0500824
0.0499791
0.0498757
0.0497761
0.049684
0.0496028
0.0495861
0.049546
0.0495217
0.049514
0.0495233
0.0495491
0.0495906
0.0496465
0.0497149
0.0497931
0.0498785
0.0499676
0.0500571
0.0501435
0.0502235
0.0502938
0.0503516
0.0503945
0.0504205
0.0504286
0.0504186
0.0503907
0.0503462
0.050287
0.0502156
0.0501349
0.0500481
0.0499585
0.0498697
0.0497851
0.0497078
0.0496407
0.0495896
0.0495631
0.0495518
0.049556
0.0495756
0.0496097
0.0496574
0.0497168
0.0497861
0.0498626
0.0499435
0.0500257
0.050106
0.0501814
0.0502488
0.0503057
0.0503495
0.0503785
0.0503913
0.0503874
0.0503669
0.0503307
0.0502802
0.0502176
0.0501455
0.0500669
0.0499848
0.0499023
0.0498228
0.0497491
0.0496842
0.0496304
0.04954
0.0495302
0.0495367
0.0495592
0.049597
0.0496484
0.0497118
0.0497848
0.0498649
0.0499492
0.0500344
0.0501174
0.0501947
0.0502635
0.050321
0.050365
0.0503935
0.0504053
0.0503998
0.0503772
0.0503384
0.0502849
0.0502188
0.0501428
0.0500602
0.0499742
0.0498882
0.0498055
0.0497291
0.0496622
0.0496071
0.0495658
0.0494821
0.0494925
0.0495204
0.0495649
0.0496243
0.0496964
0.0497784
0.0498675
0.0499603
0.0500535
0.0501435
0.0502268
0.0503001
0.0503606
0.0504059
0.0504341
0.050444
0.0504351
0.0504076
0.0503626
0.050302
0.0502279
0.0501434
0.0500519
0.0499571
0.0498627
0.0497725
0.0496897
0.0496176
0.0495589
0.0495158
0.04949
0.0494361
0.0494657
0.0495137
0.0495785
0.0496577
0.0497481
0.0498464
0.049949
0.0500522
0.050152
0.0502446
0.0503265
0.0503943
0.0504455
0.0504779
0.0504904
0.0504821
0.0504534
0.0504053
0.0503397
0.0502592
0.0501669
0.0500665
0.0499618
0.0498572
0.0497568
0.0496643
0.0495833
0.0495168
0.0494674
0.0494369
0.0494264
0.0493865
0.049429
0.0494913
0.049571
0.0496652
0.0497703
0.0498822
0.049997
0.0501103
0.0502179
0.0503157
0.0503996
0.0504665
0.0505136
0.0505392
0.0505421
0.0505221
0.0504798
0.050417
0.050336
0.0502402
0.0501332
0.0500192
0.0499027
0.0497884
0.0496807
0.0495837
0.049501
0.0494358
0.0493904
0.0493667
0.0493654
0.0493152
0.0493669
0.0494404
0.0495331
0.0496415
0.0497615
0.0498885
0.0500179
0.0501449
0.0502646
0.0503723
0.0504638
0.0505354
0.0505843
0.0506084
0.0506069
0.0505796
0.0505275
0.0504527
0.0503582
0.0502477
0.0501257
0.0499966
0.0498658
0.0497384
0.0496193
0.0495129
0.0494233
0.0493537
0.0493069
0.0492845
0.0492873
0.0492329
0.0492992
0.0493897
0.0495009
0.0496289
0.0497688
0.0499151
0.0500625
0.0502055
0.0503384
0.0504561
0.050554
0.0506279
0.050675
0.0506933
0.0506822
0.050642
0.0505741
0.0504814
0.0503676
0.0502373
0.0500955
0.0499477
0.0497997
0.0496573
0.0495259
0.0494105
0.0493152
0.0492437
0.0491986
0.0491815
0.0491931
0.0491725
0.0492651
0.0493829
0.0495215
0.0496758
0.04984
0.0500077
0.0501725
0.0503283
0.0504687
0.0505884
0.0506824
0.0507467
0.050779
0.0507779
0.0507435
0.0506771
0.0505813
0.0504601
0.0503184
0.0501619
0.0499966
0.0498288
0.0496651
0.0495117
0.0493743
0.0492581
0.0491673
0.0491051
0.049074
0.0490751
0.0491083
0.0491604
0.0492871
0.0494379
0.0496073
0.0497888
0.0499755
0.0501602
0.0503358
0.0504953
0.0506326
0.0507419
0.050819
0.0508604
0.0508646
0.0508315
0.0507625
0.0506604
0.0505292
0.0503744
0.0502023
0.0500196
0.0498333
0.0496504
0.0494779
0.0493223
0.0491894
0.049084
0.04901
0.0489698
0.0489652
0.0489964
0.0490622
0.0492152
0.0493713
0.0495481
0.0497391
0.0499371
0.0501343
0.050323
0.050496
0.0506464
0.0507682
0.0508565
0.0509075
0.0509191
0.050891
0.0508243
0.050722
0.050588
0.0504277
0.0502477
0.050055
0.0498572
0.0496618
0.0494761
0.0493071
0.0491611
0.0490435
0.0489586
0.0489093
0.0488975
0.0489238
0.0489872
0.0490856
0.0493415
0.0495078
0.0496898
0.0498807
0.0500731
0.0502597
0.0504332
0.0505868
0.0507145
0.0508111
0.0508728
0.0508973
0.0508833
0.0508315
0.0507441
0.0506245
0.0504774
0.0503086
0.0501248
0.0499332
0.0497413
0.0495563
0.0493852
0.0492344
0.0491095
0.0490153
0.0489552
0.0489314
0.0489448
0.048995
0.0490801
0.0491971
0.0495184
0.0496665
0.0498248
0.0499874
0.0501482
0.050301
0.0504397
0.0505592
0.0506549
0.0507231
0.0507611
0.0507675
0.0507419
0.0506852
0.0505996
0.0504883
0.0503554
0.0502063
0.0500467
0.0498829
0.0497214
0.0495683
0.0494293
0.0493099
0.0492147
0.0491472
0.0491102
0.0491049
0.0491315
0.0491889
0.0492749
0.0493862
0.049673
0.0497786
0.0498911
0.0500062
0.0501197
0.0502272
0.0503246
0.0504084
0.0504755
0.0505234
0.0505501
0.0505546
0.0505365
0.0504963
0.0504353
0.0503558
0.0502606
0.0501536
0.0500391
0.0499215
0.0498056
0.0496959
0.0495965
0.0495116
0.0494443
0.0493973
0.0493724
0.0493705
0.0493916
0.0494344
0.0494975
0.0495781
0.0497358
0.0497929
0.0498568
0.0499253
0.0499958
0.0500657
0.0501324
0.0501936
0.050247
0.0502904
0.0503222
0.050341
0.0503458
0.0503363
0.0503125
0.0502753
0.0502261
0.0501669
0.0501003
0.0500288
0.0499554
0.0498831
0.0498146
0.0497528
0.0497
0.0496583
0.0496292
0.0496137
0.0496122
0.0496245
0.04965
0.0496876
0.049701
0.0497207
0.0497501
0.049788
0.0498333
0.0498842
0.049939
0.0499956
0.0500518
0.0501055
0.0501546
0.0501969
0.0502308
0.0502545
0.0502672
0.0502681
0.0502573
0.0502354
0.0502034
0.0501625
0.0501147
0.0500617
0.0500058
0.0499491
0.0498938
0.049842
0.0497957
0.0497564
0.0497255
0.049704
0.0496926
0.0496916
0.0496265
0.049621
0.0496287
0.0496495
0.0496826
0.049727
0.0497809
0.0498424
0.0499091
0.0499785
0.0500479
0.0501143
0.0501752
0.0502279
0.0502702
0.0503005
0.0503176
0.0503209
0.0503106
0.0502873
0.0502518
0.0502056
0.0501507
0.0500891
0.0500233
0.0499557
0.0498889
0.0498253
0.0497671
0.0497165
0.0496753
0.0496449
0.049584
0.0495567
0.049545
0.0495493
0.0495697
0.0496054
0.0496551
0.049717
0.0497887
0.0498675
0.0499503
0.0500337
0.0501145
0.0501892
0.0502548
0.0503089
0.0503493
0.0503746
0.050384
0.0503773
0.0503548
0.0503175
0.0502669
0.050205
0.0501342
0.050057
0.0499765
0.0498957
0.0498174
0.0497446
0.0496798
0.0496256
0.0496118
0.0495634
0.0495302
0.0495137
0.0495147
0.049533
0.049568
0.0496186
0.0496826
0.0497577
0.0498409
0.0499288
0.0500179
0.0501047
0.0501857
0.0502576
0.050318
0.0503645
0.0503956
0.0504101
0.0504077
0.0503883
0.0503528
0.0503026
0.0502396
0.0501663
0.0500853
0.0499996
0.0499124
0.0498269
0.0497463
0.0496736
0.0496848
0.0496202
0.0495688
0.0495328
0.0495135
0.0495118
0.0495277
0.0495606
0.0496093
0.0496719
0.0497458
0.0498281
0.0499156
0.0500045
0.0500914
0.050173
0.0502463
0.0503087
0.0503579
0.0503921
0.0504101
0.0504112
0.0503954
0.0503633
0.0503161
0.0502555
0.0501839
0.0501038
0.0500182
0.0499301
0.049843
0.0497601
0.0497325
0.0496593
0.0495978
0.0495505
0.0495193
0.0495055
0.0495096
0.0495313
0.04957
0.049624
0.0496912
0.0497688
0.0498538
0.0499426
0.0500318
0.050118
0.050198
0.0502689
0.0503281
0.0503735
0.0504034
0.0504167
0.0504128
0.050392
0.050355
0.0503031
0.0502382
0.0501628
0.0500796
0.0499916
0.0499021
0.0498146
0.049676
0.0496001
0.049538
0.0494922
0.0494645
0.049456
0.0494671
0.0494975
0.0495458
0.0496103
0.0496884
0.049777
0.0498725
0.0499711
0.0500688
0.0501619
0.0502469
0.0503207
0.0503806
0.0504245
0.0504507
0.0504582
0.0504469
0.0504171
0.0503699
0.0503072
0.0502314
0.0501451
0.0500516
0.0499542
0.0498567
0.0497627
0.0495007
0.0494254
0.0493701
0.0493369
0.0493271
0.0493413
0.049379
0.0494388
0.0495185
0.049615
0.0497246
0.0498431
0.0499656
0.0500872
0.0502031
0.0503087
0.0504001
0.0504739
0.0505273
0.0505583
0.050566
0.05055
0.050511
0.0504507
0.0503713
0.050276
0.0501684
0.0500525
0.0499326
0.049813
0.0496984
0.0495929
0.0493128
0.049238
0.0491897
0.0491696
0.0491788
0.0492168
0.0492825
0.0493734
0.0494862
0.0496165
0.0497594
0.0499092
0.0500601
0.0502058
0.0503407
0.0504594
0.0505574
0.0506311
0.0506777
0.0506954
0.0506836
0.050643
0.0505753
0.050483
0.05037
0.0502405
0.0500996
0.0499525
0.0498048
0.0496618
0.0495289
0.049411
0.0492493
0.0491702
0.0491201
0.0491008
0.0491133
0.0491571
0.0492307
0.0493312
0.0494549
0.0495972
0.0497525
0.0499148
0.0500777
0.0502345
0.0503792
0.0505061
0.0506104
0.0506882
0.0507367
0.050754
0.0507395
0.0506938
0.0506188
0.0505175
0.0503938
0.0502525
0.050099
0.0499392
0.049779
0.0496243
0.0494809
0.0493542
0.0493481
0.049259
0.049196
0.0491617
0.0491574
0.0491832
0.0492382
0.0493201
0.049426
0.0495516
0.0496922
0.0498422
0.0499957
0.0501467
0.0502891
0.0504177
0.0505277
0.0506151
0.0506766
0.0507098
0.0507135
0.0506876
0.0506331
0.0505519
0.0504472
0.0503231
0.0501842
0.0500359
0.0498836
0.0497331
0.04959
0.0494599
0.0495208
0.0494224
0.0493446
0.0492903
0.0492617
0.0492599
0.0492849
0.0493356
0.0494101
0.0495053
0.0496176
0.0497425
0.0498751
0.0500101
0.0501422
0.0502666
0.0503788
0.0504746
0.0505504
0.0506036
0.0506319
0.0506344
0.0506109
0.0505621
0.05049
0.050397
0.0502868
0.0501636
0.0500319
0.0498965
0.0497627
0.0496358
0.0496682
0.0495697
0.0494863
0.0494214
0.0493775
0.0493564
0.0493587
0.0493844
0.0494323
0.0495005
0.0495862
0.049686
0.0497959
0.0499115
0.0500284
0.0501421
0.0502486
0.0503441
0.0504249
0.0504881
0.0505314
0.0505531
0.0505523
0.0505289
0.0504838
0.0504186
0.0503355
0.0502378
0.0501289
0.050013
0.0498945
0.0497779
0.0497836
0.0496938
0.0496145
0.0495491
0.0495
0.0494693
0.049458
0.0494666
0.0494946
0.0495408
0.0496032
0.0496793
0.049766
0.0498598
0.0499571
0.0500542
0.0501477
0.0502343
0.0503107
0.0503741
0.0504223
0.0504534
0.0504661
0.0504599
0.0504349
0.050392
0.0503325
0.0502588
0.0501733
0.0500794
0.0499804
0.0498805
0.049894
0.0498126
0.0497375
0.0496715
0.0496175
0.0495774
0.0495527
0.0495444
0.0495527
0.0495771
0.0496164
0.0496692
0.049733
0.0498054
0.0498835
0.0499645
0.0500455
0.0501236
0.0501959
0.0502599
0.0503131
0.0503535
0.0503796
0.0503902
0.0503849
0.0503637
0.0503273
0.0502769
0.0502143
0.0501417
0.0500619
0.0499782
0.0499834
0.0499035
0.0498262
0.0497547
0.0496918
0.04964
0.0496011
0.0495766
0.0495675
0.0495738
0.0495952
0.0496307
0.0496788
0.0497375
0.0498045
0.0498775
0.0499538
0.0500307
0.0501054
0.0501752
0.0502374
0.0502896
0.0503299
0.0503566
0.0503686
0.0503653
0.0503467
0.0503133
0.0502662
0.0502072
0.0501384
0.0500628
0.0500031
0.0499227
0.0498441
0.0497707
0.0497051
0.0496499
0.0496072
0.0495786
0.0495652
0.0495672
0.0495845
0.0496163
0.0496612
0.0497174
0.0497826
0.0498547
0.0499309
0.0500086
0.0500849
0.0501569
0.0502221
0.0502777
0.0503218
0.0503525
0.0503685
0.0503692
0.0503543
0.0503244
0.0502803
0.0502236
0.0501567
0.0500822
0.049942
0.0498678
0.0497976
0.0497342
0.0496801
0.0496373
0.0496075
0.0495918
0.0495907
0.0496042
0.0496317
0.0496719
0.0497232
0.0497836
0.0498507
0.0499221
0.0499952
0.0500673
0.0501358
0.050198
0.0502518
0.050295
0.0503258
0.0503431
0.0503462
0.0503348
0.0503093
0.0502705
0.0502198
0.050159
0.0500906
0.0500173
0.0498492
0.0497888
0.0497356
0.0496915
0.0496584
0.0496375
0.0496296
0.049635
0.0496535
0.0496843
0.0497262
0.0497773
0.0498355
0.0498987
0.0499643
0.0500299
0.0500932
0.0501518
0.0502035
0.0502465
0.0502791
0.0503001
0.0503087
0.0503044
0.0502875
0.0502584
0.0502184
0.0501687
0.0501111
0.0500479
0.0499814
0.0499142
0.0497801
0.0497412
0.0497113
0.0496915
0.0496827
0.0496853
0.0496992
0.0497238
0.0497583
0.0498011
0.0498506
0.0499047
0.0499611
0.0500176
0.050072
0.0501224
0.050167
0.0502041
0.0502324
0.0502509
0.0502589
0.0502561
0.0502427
0.0502191
0.0501863
0.0501454
0.0500979
0.0500455
0.04999
0.0499335
0.0498783
0.0498265
0.0497587
0.049746
0.0497421
0.0497473
0.0497615
0.0497842
0.0498145
0.0498512
0.0498929
0.0499379
0.0499844
0.0500303
0.0500737
0.0501129
0.0501465
0.0501732
0.0501923
0.0502029
0.0502049
0.0501982
0.0501832
0.0501605
0.0501309
0.0500955
0.0500558
0.050013
0.0499688
0.0499247
0.0498821
0.0498427
0.0498081
0.0497797
0.049808
0.0498181
0.0498343
0.0498562
0.0498829
0.0499134
0.0499465
0.049981
0.0500154
0.0500483
0.0500783
0.0501042
0.0501248
0.0501392
0.0501469
0.0501478
0.0501419
0.0501297
0.0501117
0.0500886
0.0500615
0.0500314
0.0499993
0.0499665
0.0499342
0.0499035
0.0498754
0.049851
0.0498311
0.0498163
0.0498072
0.0498044
0.0499658
0.0499848
0.0500037
0.0500218
0.0500384
0.0500529
0.0500647
0.0500733
0.0500784
0.0500796
0.0500768
0.05007
0.0500593
0.0500451
0.050028
0.0500088
0.0499884
0.0499677
0.0499475
0.0499288
0.0499122
0.0498983
0.0498876
0.0498806
0.0498773
0.049878
0.0498823
0.0498901
0.049901
0.0499144
0.0499301
0.0499473
0.0502093
0.0502302
0.050241
0.0502414
0.0502312
0.050211
0.0501815
0.0501438
0.0500993
0.0500497
0.0499967
0.0499424
0.0498887
0.0498374
0.0497907
0.0497504
0.0497183
0.0496956
0.0496834
0.0496821
0.0496919
0.0497123
0.0497426
0.0497815
0.0498276
0.0498789
0.0499335
0.0499892
0.0500436
0.0500946
0.0501403
0.0501789
0.0504694
0.0505256
0.0505593
0.0505691
0.0505548
0.0505169
0.0504571
0.0503778
0.0502821
0.0501737
0.0500567
0.0499356
0.0498148
0.0496989
0.0495924
0.0494993
0.0494231
0.0493668
0.0493325
0.0493216
0.0493344
0.0493707
0.049429
0.0495073
0.0496026
0.0497113
0.0498293
0.0499518
0.050074
0.0501912
0.0502989
0.0503928
0.0505408
0.0506865
0.0508
0.0508764
0.0509124
0.0509066
0.0508593
0.0507725
0.05065
0.0504969
0.0503196
0.050125
0.0499206
0.0497145
0.0495144
0.0493279
0.0491619
0.0490225
0.0489146
0.0488422
0.0488077
0.0488123
0.048856
0.0489373
0.0490533
0.0492
0.0493722
0.0495634
0.0497665
0.0499737
0.0501771
0.0503687
0.0504103
0.0506882
0.0509326
0.0511332
0.0512815
0.0513709
0.0513975
0.0513597
0.051259
0.0510995
0.0508879
0.050633
0.0503454
0.050037
0.0497203
0.0494078
0.0491117
0.048843
0.0486114
0.0484252
0.0482906
0.048212
0.048192
0.048231
0.0483274
0.0484779
0.048677
0.0489178
0.0491918
0.049489
0.0497989
0.0501099
0.0501923
0.0504854
0.050751
0.0509789
0.05116
0.0512872
0.0513551
0.0513608
0.0513038
0.0511861
0.0510122
0.0507888
0.0505248
0.0502305
0.0499178
0.0495989
0.0492865
0.0489927
0.0487289
0.0485051
0.0483296
0.0482087
0.0481468
0.0481459
0.0482058
0.0483241
0.0484963
0.0487158
0.0489745
0.0492624
0.0495691
0.049883
0.0500185
0.0503574
0.0506785
0.0509695
0.0512186
0.0514155
0.0515517
0.0516209
0.0516196
0.0515473
0.0514066
0.0512031
0.0509449
0.0506428
0.0503092
0.0499581
0.0496037
0.0492603
0.0489412
0.0486583
0.048422
0.0482407
0.0481204
0.0480651
0.0480762
0.0481529
0.0482919
0.048488
0.0487339
0.0490206
0.0493379
0.0496745
0.0500164
0.0502154
0.0503973
0.0505567
0.0506894
0.0507931
0.0508666
0.0509094
0.0509212
0.0509016
0.0508503
0.0507672
0.0506527
0.0505082
0.0503365
0.050143
0.0499348
0.0497205
0.0495094
0.0493113
0.0491361
0.0489925
0.0488879
0.0488277
0.048815
0.0488502
0.0489314
0.0490542
0.049212
0.0493965
0.0495983
0.049808
)
;
    }
    wall
    {
        type            calculated;
        value           uniform 0;
    }
}


// ************************************************************************* //
