/*--------------------------------*- C++ -*----------------------------------*\
| =========                 |                                                 |
| \\      /  F ield         | OpenFOAM: The Open Source CFD Toolbox           |
|  \\    /   O peration     | Version:  2512                                  |
|   \\  /    A nd           | Website:  www.openfoam.com                      |
|    \\/     M anipulation  |                                                 |
\*---------------------------------------------------------------------------*/
FoamFile
{
    version     2.0;
    format      ascii;
    arch        "LSB;label=32;scalar=64";
    class       volScalarField;
    location    "2.131";
    object      magU;
}
// * * * * * * * * * * * * * * * * * * * * * * * * * * * * * * * * * * * * * //

dimensions      [0 1 -1 0 0 0 0];

internalField   nonuniform List<scalar> 
20352
(
0.0123411
0.0123348
0.0123272
0.0123185
0.012309
0.0122991
0.0122892
0.0122797
0.0122709
0.0122631
0.0122567
0.0122519
0.0122489
0.0122478
0.0122486
0.0122513
0.0122559
0.012262
0.0122695
0.0122782
0.0122876
0.0122975
0.0123074
0.012317
0.0123259
0.0123337
0.0123401
0.012345
0.0123481
0.0123492
0.0123484
0.0123456
0.0110868
0.0110777
0.0110664
0.0110534
0.0110391
0.0110242
0.0110091
0.0109945
0.0109809
0.0109688
0.0109588
0.010951
0.010946
0.0109437
0.0109444
0.010948
0.0109543
0.0109632
0.0109743
0.0109872
0.0110013
0.0110163
0.0110314
0.0110461
0.0110599
0.0110722
0.0110824
0.0110903
0.0110955
0.0110978
0.011097
0.0110933
0.00832307
0.0083129
0.00830012
0.00828523
0.00826885
0.00825159
0.00823414
0.00821715
0.00820127
0.00818708
0.00817512
0.0081658
0.00815949
0.0081564
0.00815665
0.00816023
0.00816703
0.00817678
0.00818916
0.00820369
0.00821985
0.00823702
0.00825456
0.00827178
0.00828802
0.00830262
0.008315
0.00832466
0.00833121
0.00833437
0.00833404
0.00833022
0.00357618
0.00356987
0.00356177
0.0035522
0.00354156
0.00353027
0.00351876
0.00350748
0.00349685
0.00348726
0.00347905
0.00347253
0.00346791
0.00346536
0.00346497
0.00346676
0.00347066
0.00347655
0.00348423
0.00349341
0.00350378
0.00351495
0.00352649
0.00353797
0.00354893
0.00355893
0.00356756
0.00357448
0.00357938
0.00358206
0.00358241
0.00358042
0.0123506
0.0123399
0.0123276
0.0123142
0.0123002
0.0122862
0.0122727
0.0122602
0.0122492
0.0122401
0.0122332
0.0122289
0.0122273
0.0122284
0.0122322
0.0122386
0.0122473
0.0122579
0.0122701
0.0122835
0.0122974
0.0123114
0.0123249
0.0123374
0.0123484
0.0123576
0.0123645
0.0123689
0.0123705
0.0123695
0.0123657
0.0123593
0.0111182
0.0110996
0.0110779
0.011054
0.0110289
0.0110035
0.0109789
0.0109559
0.0109355
0.0109184
0.0109052
0.0108964
0.0108923
0.0108932
0.0108988
0.0109091
0.0109237
0.0109419
0.0109632
0.0109867
0.0110115
0.0110368
0.0110615
0.0110848
0.0111056
0.0111231
0.0111367
0.0111459
0.0111502
0.0111494
0.0111437
0.0111331
0.0083648
0.00834279
0.00831703
0.00828857
0.00825854
0.00822813
0.00819851
0.0081708
0.00814605
0.00812516
0.00810887
0.00809778
0.00809225
0.00809247
0.00809841
0.00810987
0.00812644
0.0081475
0.00817232
0.00819999
0.00822948
0.00825971
0.00828952
0.00831775
0.00834329
0.00836511
0.00838233
0.00839423
0.0084003
0.00840027
0.00839414
0.00838215
0.00360972
0.00359484
0.00357723
0.00355763
0.00353685
0.00351572
0.00349506
0.00347566
0.00345822
0.00344335
0.00343158
0.00342329
0.00341875
0.00341809
0.00342134
0.00342838
0.00343897
0.00345275
0.00346926
0.00348791
0.00350804
0.00352893
0.00354979
0.0035698
0.00358816
0.00360413
0.00361701
0.00362625
0.00363144
0.00363232
0.00362887
0.00362123
0.0123196
0.0123054
0.012291
0.0122768
0.0122636
0.0122516
0.0122415
0.0122335
0.012228
0.0122252
0.0122252
0.012228
0.0122335
0.0122415
0.0122516
0.0122636
0.0122769
0.012291
0.0123055
0.0123197
0.0123331
0.0123452
0.0123555
0.0123635
0.0123691
0.0123719
0.0123719
0.012369
0.0123634
0.0123553
0.012345
0.012333
0.0110568
0.0110316
0.0110061
0.0109812
0.0109578
0.0109369
0.0109192
0.0109054
0.0108959
0.0108911
0.0108911
0.0108961
0.0109057
0.0109197
0.0109375
0.0109586
0.010982
0.011007
0.0110326
0.0110578
0.0110817
0.0111032
0.0111215
0.011136
0.0111459
0.0111508
0.0111507
0.0111455
0.0111354
0.0111208
0.0111023
0.0110807
0.00828752
0.00825772
0.0082276
0.00819831
0.00817093
0.00814647
0.0081258
0.00810963
0.00809853
0.00809288
0.00809288
0.00809853
0.00810965
0.00812587
0.00814662
0.00817119
0.00819869
0.00822811
0.00825835
0.00828824
0.0083166
0.00834228
0.00836424
0.00838154
0.00839347
0.0083995
0.00839939
0.00839314
0.00838103
0.00836358
0.00834154
0.00831584
0.00355111
0.00353097
0.00351075
0.0034912
0.00347304
0.0034569
0.00344333
0.00343277
0.00342558
0.00342198
0.00342208
0.0034259
0.00343332
0.0034441
0.0034579
0.00347427
0.00349263
0.00351235
0.00353269
0.00355286
0.00357206
0.0035895
0.00360443
0.0036162
0.00362427
0.00362829
0.00362807
0.00362362
0.00361517
0.00360309
0.00358793
0.00357036
0.0123055
0.0122887
0.0122722
0.0122567
0.0122428
0.0122311
0.0122219
0.0122156
0.0122125
0.0122127
0.0122161
0.0122227
0.0122322
0.0122442
0.0122583
0.0122739
0.0122905
0.0123074
0.012324
0.0123396
0.0123536
0.0123654
0.0123747
0.0123811
0.0123842
0.012384
0.0123805
0.0123738
0.0123642
0.012352
0.0123378
0.0123221
0.0110307
0.0109996
0.0109694
0.0109412
0.0109161
0.0108951
0.0108788
0.0108679
0.0108627
0.0108635
0.0108701
0.0108825
0.0109001
0.0109223
0.0109484
0.0109772
0.0110078
0.011039
0.0110696
0.0110984
0.0111243
0.0111462
0.0111631
0.0111746
0.01118
0.0111791
0.011172
0.011159
0.0111406
0.0111176
0.0110909
0.0110615
0.00825549
0.00821807
0.00818193
0.0081484
0.00811869
0.00809386
0.00807477
0.00806207
0.00805618
0.00805732
0.00806545
0.0080803
0.00810138
0.00812796
0.00815912
0.00819376
0.00823058
0.00826823
0.00830523
0.00834011
0.00837147
0.00839801
0.00841859
0.00843235
0.00843868
0.00843732
0.00842834
0.00841213
0.0083894
0.00836111
0.00832846
0.00829278
0.00352905
0.00350312
0.00347826
0.00345539
0.00343527
0.00341859
0.00340588
0.00339753
0.00339382
0.00339485
0.0034006
0.0034109
0.00342544
0.00344376
0.00346526
0.00348921
0.00351477
0.00354099
0.00356684
0.00359129
0.00361331
0.00363193
0.00364634
0.00365587
0.00366007
0.00365877
0.00365201
0.00364013
0.00362369
0.00360342
0.00358023
0.0035551
0.0122943
0.0122816
0.0122696
0.0122587
0.0122493
0.0122419
0.0122366
0.0122337
0.0122333
0.0122355
0.01224
0.0122468
0.0122556
0.0122661
0.0122778
0.0122904
0.0123033
0.0123161
0.0123282
0.0123392
0.0123487
0.0123562
0.0123615
0.0123644
0.0123648
0.0123626
0.012358
0.0123511
0.0123422
0.0123316
0.0123198
0.0123072
0.0110045
0.0109805
0.0109581
0.0109382
0.0109215
0.0109085
0.0108997
0.0108956
0.0108961
0.0109014
0.0109111
0.010925
0.0109426
0.0109631
0.010986
0.0110102
0.0110348
0.011059
0.0110818
0.0111023
0.0111196
0.0111331
0.0111422
0.0111466
0.011146
0.0111405
0.0111303
0.0111159
0.0110978
0.0110767
0.0110535
0.0110291
0.00822068
0.00819156
0.00816461
0.00814081
0.00812102
0.00810592
0.00809603
0.00809169
0.00809305
0.00810006
0.00811249
0.00812989
0.00815169
0.00817709
0.00820519
0.00823496
0.00826528
0.00829498
0.00832288
0.00834787
0.00836891
0.00838511
0.0083958
0.00840052
0.00839905
0.00839146
0.00837808
0.00835949
0.00833645
0.00830994
0.00828103
0.00825089
0.00350186
0.00348148
0.00346286
0.00344666
0.00343341
0.00342355
0.00341739
0.00341513
0.00341684
0.00342245
0.0034318
0.00344457
0.00346036
0.00347864
0.00349878
0.00352004
0.00354164
0.00356274
0.0035825
0.00360009
0.00361475
0.00362584
0.00363286
0.00363548
0.00363357
0.00362723
0.00361674
0.00360258
0.00358537
0.00356587
0.00354488
0.00352326
0.01232
0.0123168
0.0123129
0.0123086
0.0123039
0.0122991
0.0122943
0.0122898
0.0122857
0.0122821
0.0122792
0.0122772
0.012276
0.0122758
0.0122765
0.0122781
0.0122806
0.0122839
0.0122877
0.0122921
0.0122967
0.0123015
0.0123062
0.0123107
0.0123148
0.0123184
0.0123212
0.0123232
0.0123244
0.0123247
0.012324
0.0123224
0.0110514
0.0110452
0.0110382
0.0110305
0.0110224
0.0110142
0.0110063
0.0109989
0.0109924
0.010987
0.0109829
0.0109802
0.0109791
0.0109796
0.0109817
0.0109854
0.0109904
0.0109966
0.0110038
0.0110116
0.0110197
0.0110279
0.0110359
0.0110432
0.0110497
0.011055
0.0110591
0.0110616
0.0110627
0.0110621
0.01106
0.0110563
0.00827697
0.00826942
0.00826092
0.00825176
0.00824231
0.0082329
0.00822389
0.00821563
0.00820844
0.00820259
0.00819833
0.00819584
0.00819522
0.0081965
0.00819965
0.00820455
0.00821101
0.00821876
0.00822751
0.0082369
0.00824656
0.0082561
0.00826515
0.00827336
0.00828041
0.00828605
0.00829007
0.00829233
0.00829275
0.00829133
0.00828813
0.00828329
0.00354149
0.00353621
0.00353041
0.00352431
0.00351813
0.00351209
0.00350642
0.00350133
0.00349703
0.00349368
0.00349142
0.00349035
0.00349053
0.00349195
0.00349456
0.00349827
0.00350293
0.00350838
0.00351438
0.00352069
0.00352707
0.00353324
0.00353897
0.00354403
0.00354823
0.00355141
0.00355347
0.00355433
0.00355398
0.00355244
0.00354977
0.00354607
0.0123507
0.0123567
0.0123605
0.0123619
0.0123609
0.0123575
0.0123518
0.0123441
0.0123347
0.0123238
0.0123121
0.0122999
0.0122876
0.0122758
0.0122649
0.0122554
0.0122475
0.0122416
0.0122379
0.0122365
0.0122375
0.0122408
0.0122464
0.0122539
0.0122633
0.0122739
0.0122856
0.0122978
0.0123101
0.0123219
0.0123329
0.0123426
0.0111171
0.0111291
0.0111368
0.0111401
0.0111386
0.0111325
0.0111221
0.0111077
0.0110899
0.0110695
0.0110472
0.011024
0.0110007
0.0109783
0.0109576
0.0109393
0.0109242
0.0109127
0.0109054
0.0109024
0.0109039
0.0109097
0.0109198
0.0109337
0.0109509
0.0109708
0.0109926
0.0110156
0.0110389
0.0110615
0.0110826
0.0111014
0.00836172
0.00837675
0.00838662
0.00839089
0.00838936
0.00838209
0.00836939
0.0083518
0.00833005
0.00830505
0.00827784
0.0082495
0.00822116
0.0081939
0.00816875
0.00814661
0.00812828
0.0081144
0.00810543
0.00810168
0.00810326
0.00811011
0.00812198
0.00813847
0.008159
0.00818285
0.00820916
0.00823698
0.00826527
0.00829294
0.00831893
0.00834217
0.00360604
0.00361727
0.00362479
0.00362826
0.0036275
0.00362254
0.0036136
0.00360108
0.00358554
0.00356766
0.00354821
0.00352799
0.00350781
0.00348843
0.00347055
0.00345483
0.00344178
0.00343184
0.00342533
0.00342244
0.00342324
0.00342772
0.00343571
0.00344697
0.00346113
0.00347771
0.00349616
0.00351581
0.00353596
0.00355584
0.00357465
0.00359162
0.0123498
0.0123584
0.0123646
0.0123683
0.0123693
0.0123675
0.0123631
0.0123561
0.012347
0.0123359
0.0123235
0.0123101
0.0122962
0.0122825
0.0122694
0.0122575
0.0122471
0.0122387
0.0122326
0.012229
0.012228
0.0122298
0.0122341
0.0122409
0.0122499
0.0122608
0.0122731
0.0122864
0.0123002
0.012314
0.0123272
0.0123393
0.0111201
0.0111373
0.01115
0.0111576
0.0111599
0.0111567
0.0111481
0.0111345
0.0111166
0.0110949
0.0110704
0.0110441
0.0110169
0.01099
0.0109643
0.0109409
0.0109205
0.010904
0.0108919
0.0108846
0.0108825
0.0108856
0.0108937
0.0109067
0.010924
0.0109449
0.0109688
0.0109948
0.0110218
0.0110489
0.011075
0.011099
0.00836824
0.00839008
0.00840626
0.00841607
0.00841908
0.00841516
0.00840448
0.0083875
0.00836497
0.00833782
0.00830721
0.00827437
0.00824061
0.00820724
0.00817553
0.00814663
0.00812159
0.00810128
0.0080864
0.00807745
0.00807473
0.00807833
0.00808813
0.00810379
0.00812478
0.00815039
0.00817971
0.0082117
0.00824517
0.00827885
0.00831145
0.00834166
0.00361297
0.00362935
0.00364158
0.0036491
0.00365155
0.00364882
0.00364103
0.00362855
0.00361196
0.003592
0.00356955
0.00354555
0.00352099
0.00349681
0.00347392
0.00345314
0.00343518
0.00342063
0.00340994
0.00340346
0.00340137
0.00340374
0.00341049
0.00342143
0.0034362
0.00345434
0.00347525
0.00349821
0.00352241
0.00354695
0.00357086
0.00359319
0.0123155
0.0123187
0.0123212
0.0123229
0.0123237
0.0123235
0.0123224
0.0123204
0.0123177
0.0123142
0.0123102
0.0123058
0.0123011
0.0122964
0.0122919
0.0122877
0.0122839
0.0122808
0.0122784
0.0122768
0.012276
0.0122762
0.0122773
0.0122792
0.0122819
0.0122853
0.0122892
0.0122936
0.0122982
0.0123028
0.0123074
0.0123117
0.0110531
0.01106
0.0110653
0.011069
0.0110707
0.0110705
0.0110684
0.0110644
0.0110587
0.0110515
0.0110432
0.011034
0.0110243
0.0110146
0.011005
0.0109962
0.0109882
0.0109816
0.0109764
0.0109729
0.0109712
0.0109714
0.0109735
0.0109773
0.0109828
0.0109898
0.0109979
0.011007
0.0110166
0.0110264
0.0110359
0.011045
0.00828552
0.00829452
0.00830156
0.00830635
0.00830869
0.00830848
0.00830574
0.00830057
0.00829321
0.00828396
0.00827319
0.00826136
0.00824893
0.00823639
0.00822421
0.00821285
0.00820272
0.00819418
0.00818755
0.00818305
0.00818084
0.008181
0.00818353
0.00818833
0.00819525
0.00820404
0.00821439
0.00822592
0.00823822
0.00825081
0.00826321
0.00827494
0.00355293
0.00355978
0.00356518
0.00356889
0.00357077
0.00357071
0.00356873
0.00356493
0.00355946
0.00355256
0.00354454
0.00353571
0.00352644
0.00351708
0.00350799
0.00349951
0.00349195
0.00348557
0.00348058
0.00347717
0.00347544
0.00347546
0.00347722
0.00348067
0.00348569
0.00349212
0.00349974
0.00350827
0.00351741
0.0035268
0.00353609
0.00354492
0.0122718
0.0122668
0.0122631
0.0122607
0.0122598
0.0122605
0.0122626
0.0122661
0.0122709
0.0122768
0.0122836
0.012291
0.0122987
0.0123065
0.012314
0.012321
0.0123272
0.0123323
0.0123361
0.0123385
0.0123395
0.0123388
0.0123367
0.0123331
0.0123282
0.0123222
0.0123154
0.0123079
0.0123001
0.0122923
0.0122848
0.0122779
0.0109683
0.0109591
0.0109521
0.0109478
0.0109463
0.0109475
0.0109515
0.0109582
0.0109672
0.0109783
0.0109911
0.011005
0.0110195
0.0110342
0.0110483
0.0110615
0.0110731
0.0110827
0.0110899
0.0110945
0.0110961
0.0110948
0.0110906
0.0110837
0.0110743
0.0110629
0.0110499
0.0110358
0.0110211
0.0110065
0.0109925
0.0109796
0.00818094
0.00816992
0.00816174
0.00815666
0.00815488
0.00815643
0.00816128
0.00816925
0.00818007
0.00819336
0.00820864
0.00822537
0.00824293
0.00826065
0.00827786
0.00829386
0.00830802
0.00831975
0.00832854
0.00833404
0.008336
0.00833434
0.00832912
0.00832058
0.00830906
0.00829507
0.00827917
0.00826201
0.00824427
0.00822666
0.00820982
0.0081944
0.00347754
0.00346987
0.0034642
0.00346072
0.00345953
0.00346067
0.00346411
0.00346973
0.00347735
0.00348672
0.00349751
0.00350936
0.00352182
0.00353443
0.0035467
0.00355814
0.00356828
0.00357669
0.003583
0.00358692
0.00358828
0.00358702
0.00358319
0.00357696
0.00356861
0.0035585
0.00354708
0.00353481
0.00352218
0.00350969
0.0034978
0.00348696
0.0122511
0.012242
0.0122351
0.0122306
0.0122287
0.0122295
0.0122329
0.0122387
0.0122469
0.012257
0.0122688
0.0122817
0.0122952
0.0123089
0.0123222
0.0123347
0.0123457
0.0123549
0.0123619
0.0123665
0.0123685
0.0123677
0.0123642
0.0123582
0.0123499
0.0123396
0.0123277
0.0123147
0.0123012
0.0122875
0.0122742
0.012262
0.0109265
0.010909
0.0108957
0.0108871
0.0108836
0.0108852
0.0108919
0.0109035
0.0109195
0.0109394
0.0109624
0.0109877
0.0110143
0.0110413
0.0110676
0.0110921
0.011114
0.0111322
0.0111461
0.0111551
0.0111589
0.0111572
0.0111501
0.011138
0.0111213
0.0111007
0.011077
0.0110513
0.0110244
0.0109976
0.0109716
0.0109477
0.00812821
0.00810685
0.00809072
0.00808036
0.00807614
0.00807817
0.00808641
0.00810057
0.00812018
0.00814457
0.00817288
0.00820411
0.00823712
0.00827065
0.00830343
0.00833414
0.00836153
0.00838447
0.00840197
0.00841328
0.00841791
0.00841566
0.00840663
0.0083912
0.00837006
0.0083441
0.00831441
0.00828222
0.00824881
0.00821549
0.00818351
0.00815406
0.00343881
0.00342366
0.00341227
0.00340501
0.00340209
0.0034036
0.0034095
0.0034196
0.0034336
0.00345106
0.0034714
0.00349395
0.0035179
0.00354236
0.00356638
0.00358901
0.00360927
0.0036263
0.00363931
0.00364771
0.00365111
0.00364933
0.00364248
0.00363087
0.00361504
0.00359571
0.00357374
0.00355006
0.00352564
0.00350144
0.00347837
0.00345725
0.0122769
0.0122716
0.0122673
0.0122642
0.0122625
0.0122622
0.0122633
0.0122658
0.0122696
0.0122745
0.0122804
0.0122871
0.0122942
0.0123016
0.0123089
0.0123158
0.0123221
0.0123276
0.0123319
0.012335
0.0123367
0.012337
0.0123358
0.0123333
0.0123294
0.0123244
0.0123184
0.0123117
0.0123046
0.0122972
0.01229
0.0122832
0.0109712
0.0109603
0.0109517
0.0109457
0.0109426
0.0109424
0.0109452
0.0109508
0.0109591
0.0109698
0.0109824
0.0109965
0.0110116
0.011027
0.0110423
0.0110567
0.0110698
0.0110811
0.0110899
0.0110961
0.0110993
0.0110995
0.0110966
0.0110907
0.0110821
0.0110711
0.0110583
0.0110439
0.0110288
0.0110133
0.0109982
0.010984
0.00817986
0.0081662
0.00815551
0.00814817
0.00814443
0.00814442
0.00814816
0.00815551
0.00816621
0.0081799
0.00819609
0.00821418
0.00823352
0.00825338
0.008273
0.00829159
0.00830842
0.0083228
0.00833413
0.00834194
0.00834591
0.00834585
0.00834179
0.00833389
0.00832249
0.00830808
0.00829125
0.00827268
0.00825312
0.00823332
0.00821404
0.008196
0.00347341
0.00346342
0.00345568
0.00345044
0.00344789
0.00344811
0.00345109
0.00345673
0.00346486
0.00347519
0.00348739
0.00350101
0.00351557
0.00353051
0.00354528
0.00355929
0.00357197
0.00358278
0.00359126
0.00359703
0.00359984
0.00359957
0.00359623
0.00358997
0.00358107
0.00356992
0.003557
0.00354286
0.00352804
0.00351314
0.00349872
0.00348532
0.0123328
0.0123359
0.0123377
0.012338
0.0123368
0.0123342
0.0123302
0.012325
0.0123189
0.012312
0.0123047
0.0122972
0.0122898
0.0122828
0.0122764
0.0122709
0.0122666
0.0122634
0.0122617
0.0122614
0.0122626
0.0122651
0.012269
0.0122741
0.0122801
0.0122869
0.0122942
0.0123017
0.0123092
0.0123162
0.0123227
0.0123283
0.0110801
0.0110858
0.011089
0.0110895
0.0110873
0.0110825
0.0110753
0.011066
0.0110549
0.0110425
0.0110294
0.0110159
0.0110027
0.0109902
0.0109789
0.0109692
0.0109615
0.0109561
0.0109531
0.0109527
0.0109548
0.0109594
0.0109664
0.0109754
0.0109861
0.0109981
0.0110111
0.0110245
0.0110378
0.0110504
0.011062
0.011072
0.0083145
0.00832135
0.00832517
0.00832578
0.00832315
0.00831737
0.00830871
0.00829752
0.00828428
0.00826955
0.00825392
0.00823803
0.0082225
0.00820792
0.00819482
0.00818368
0.00817487
0.0081687
0.00816536
0.00816497
0.00816752
0.00817292
0.00818098
0.00819143
0.00820389
0.00821795
0.00823308
0.00824875
0.00826436
0.00827932
0.00829302
0.00830492
0.00357092
0.00357571
0.00357839
0.00357883
0.003577
0.00357299
0.00356695
0.00355918
0.00355
0.00353982
0.00352907
0.00351819
0.00350759
0.00349766
0.00348878
0.00348126
0.00347534
0.00347121
0.00346899
0.00346875
0.00347048
0.00347412
0.00347955
0.00348659
0.00349502
0.00350455
0.00351485
0.00352556
0.00353626
0.00354655
0.00355601
0.00356425
0.0123669
0.0123763
0.0123826
0.0123856
0.0123852
0.0123813
0.0123743
0.0123643
0.0123517
0.012337
0.0123209
0.0123038
0.0122866
0.0122698
0.0122542
0.0122402
0.0122284
0.0122193
0.0122132
0.0122102
0.0122107
0.0122144
0.0122213
0.0122311
0.0122434
0.0122579
0.0122739
0.0122908
0.012308
0.0123249
0.0123407
0.0123549
0.0111533
0.0111716
0.0111839
0.0111897
0.0111889
0.0111814
0.0111676
0.0111481
0.0111236
0.0110951
0.0110638
0.011031
0.010998
0.0109659
0.010936
0.0109094
0.0108871
0.0108699
0.0108583
0.0108528
0.0108536
0.0108607
0.0108737
0.0108922
0.0109157
0.0109431
0.0109737
0.0110061
0.0110392
0.0110717
0.0111024
0.01113
0.00840931
0.00843213
0.00844757
0.00845494
0.0084539
0.00844451
0.00842718
0.00840267
0.00837208
0.0083367
0.00829802
0.00825761
0.00821706
0.00817793
0.00814166
0.00810953
0.00808266
0.00806196
0.00804811
0.00804156
0.00804252
0.00805096
0.00806659
0.00808892
0.00811719
0.00815045
0.00818754
0.00822713
0.00826774
0.00830783
0.00834581
0.00838011
0.00364297
0.00365986
0.00367133
0.00367682
0.00367606
0.00366909
0.00365624
0.00363814
0.00361565
0.00358978
0.00356167
0.00353251
0.00350346
0.0034756
0.00344994
0.00342734
0.00340854
0.00339412
0.0033845
0.00337995
0.00338061
0.00338646
0.00339732
0.00341288
0.00343268
0.00345609
0.00348236
0.00351058
0.00353974
0.00356872
0.00359635
0.00362147
0.0123524
0.0123608
0.0123668
0.0123701
0.0123707
0.0123684
0.0123634
0.0123559
0.0123462
0.0123347
0.0123217
0.0123079
0.0122937
0.0122797
0.0122665
0.0122545
0.0122442
0.012236
0.0122302
0.0122269
0.0122264
0.0122287
0.0122335
0.0122409
0.0122504
0.0122618
0.0122746
0.0122883
0.0123025
0.0123165
0.0123298
0.0123419
0.0111274
0.0111441
0.0111559
0.0111625
0.0111635
0.0111588
0.0111487
0.0111336
0.0111141
0.011091
0.0110652
0.0110378
0.0110098
0.0109824
0.0109564
0.010933
0.010913
0.010897
0.0108858
0.0108796
0.0108786
0.0108831
0.0108926
0.010907
0.0109257
0.0109481
0.0109733
0.0110003
0.0110282
0.011056
0.0110824
0.0111065
0.00837887
0.00839998
0.008415
0.00842327
0.00842441
0.00841839
0.00840547
0.00838622
0.00836147
0.00833229
0.00829988
0.00826557
0.0082307
0.00819663
0.00816461
0.00813581
0.00811125
0.00809177
0.00807805
0.00807053
0.00806948
0.00807491
0.00808666
0.00810433
0.00812733
0.00815487
0.00818598
0.00821955
0.00825433
0.008289
0.00832219
0.00835257
0.00362192
0.00363762
0.0036488
0.00365494
0.00365575
0.00365118
0.00364146
0.00362705
0.00360862
0.003587
0.00356314
0.00353802
0.00351266
0.00348802
0.00346502
0.00344444
0.00342699
0.00341321
0.00340354
0.00339828
0.00339757
0.00340145
0.0034098
0.00342236
0.00343875
0.00345845
0.00348081
0.00350506
0.00353032
0.00355563
0.00358
0.00360242
0.0122988
0.0123002
0.0123015
0.0123028
0.012304
0.0123051
0.0123059
0.0123065
0.0123069
0.0123069
0.0123067
0.0123063
0.0123056
0.0123047
0.0123037
0.0123025
0.0123012
0.0122999
0.0122986
0.0122974
0.0122963
0.0122953
0.0122944
0.0122938
0.0122934
0.0122933
0.0122934
0.0122938
0.0122944
0.0122953
0.0122963
0.0122975
0.0110231
0.0110263
0.0110292
0.0110317
0.0110339
0.0110355
0.0110365
0.0110368
0.0110366
0.0110357
0.0110343
0.0110324
0.0110301
0.0110274
0.0110245
0.0110215
0.0110184
0.0110155
0.0110127
0.0110102
0.0110081
0.0110065
0.0110054
0.0110048
0.0110049
0.0110056
0.0110068
0.0110087
0.011011
0.0110137
0.0110167
0.0110199
0.00825024
0.00825454
0.0082584
0.00826166
0.00826418
0.00826586
0.00826665
0.00826653
0.00826553
0.00826372
0.00826118
0.00825804
0.00825442
0.00825047
0.00824632
0.00824212
0.00823801
0.00823412
0.00823058
0.00822751
0.00822501
0.00822318
0.0082221
0.00822183
0.00822239
0.00822379
0.00822601
0.00822896
0.00823256
0.00823666
0.0082411
0.00824569
0.00352897
0.00353229
0.00353521
0.00353758
0.00353931
0.00354033
0.00354061
0.00354016
0.003539
0.00353722
0.00353489
0.00353213
0.00352903
0.00352572
0.00352233
0.00351898
0.00351576
0.00351279
0.00351016
0.00350796
0.00350625
0.00350511
0.00350459
0.00350471
0.00350549
0.00350693
0.00350899
0.0035116
0.00351466
0.00351807
0.00352169
0.00352538
0.012238
0.0122316
0.0122278
0.0122267
0.0122283
0.0122326
0.0122394
0.0122484
0.0122593
0.0122718
0.0122853
0.0122993
0.0123133
0.0123268
0.0123392
0.01235
0.0123588
0.0123654
0.0123693
0.0123705
0.0123689
0.0123645
0.0123576
0.0123485
0.0123373
0.0123247
0.0123111
0.012297
0.012283
0.0122696
0.0122574
0.0122467
0.0109068
0.010895
0.010888
0.010886
0.010889
0.0108969
0.0109095
0.0109263
0.0109467
0.01097
0.0109952
0.0110216
0.011048
0.0110735
0.011097
0.0111176
0.0111344
0.0111468
0.0111543
0.0111565
0.0111534
0.011145
0.0111317
0.0111142
0.011093
0.011069
0.0110433
0.0110168
0.0109905
0.0109655
0.0109427
0.0109228
0.00810782
0.00809391
0.00808563
0.00808325
0.00808684
0.00809628
0.00811126
0.00813128
0.00815566
0.00818357
0.008214
0.00824586
0.00827794
0.008309
0.00833779
0.00836312
0.00838391
0.00839927
0.00840852
0.00841124
0.0084073
0.00839688
0.00838044
0.00835869
0.00833259
0.00830323
0.00827183
0.00823963
0.0082079
0.00817783
0.00815051
0.0081269
0.00342725
0.00341766
0.00341197
0.00341034
0.00341281
0.00341932
0.00342966
0.00344353
0.00346049
0.00347999
0.00350138
0.0035239
0.0035467
0.00356889
0.00358958
0.00360788
0.00362297
0.00363416
0.0036409
0.00364289
0.00364
0.00363239
0.00362042
0.00360464
0.00358579
0.00356471
0.00354228
0.00351943
0.00349703
0.00347592
0.00345685
0.00344045
0.012219
0.0122095
0.0122033
0.0122007
0.0122017
0.0122064
0.0122145
0.0122257
0.0122396
0.0122558
0.0122735
0.0122922
0.012311
0.0123294
0.0123465
0.0123617
0.0123744
0.0123841
0.0123905
0.0123931
0.0123921
0.0123873
0.012379
0.0123675
0.0123534
0.012337
0.0123191
0.0123004
0.0122815
0.0122633
0.0122464
0.0122314
0.0108671
0.0108491
0.0108376
0.0108328
0.0108351
0.0108443
0.01086
0.0108819
0.0109089
0.0109403
0.0109748
0.0110113
0.0110482
0.0110842
0.0111178
0.0111477
0.0111728
0.0111919
0.0112042
0.0112093
0.0112068
0.011197
0.0111802
0.0111572
0.0111288
0.0110963
0.011061
0.0110242
0.0109875
0.0109521
0.0109195
0.0108908
0.00805683
0.00803524
0.00802146
0.00801593
0.00801883
0.00803005
0.00804925
0.00807581
0.00810886
0.00814727
0.00818971
0.00823466
0.00828043
0.00832526
0.00836734
0.00840495
0.00843646
0.0084605
0.008476
0.00848225
0.00847897
0.00846631
0.00844484
0.00841552
0.00837966
0.0083388
0.00829464
0.00824897
0.00820359
0.00816019
0.00812037
0.00808552
0.00338905
0.00337407
0.0033646
0.00336089
0.00336305
0.00337102
0.00338458
0.00340334
0.00342675
0.0034541
0.0034845
0.0035169
0.00355012
0.00358289
0.00361384
0.00364166
0.00366507
0.00368297
0.00369448
0.00369903
0.00369639
0.00368669
0.00367042
0.00364837
0.00362161
0.00359135
0.00355892
0.00352568
0.00349294
0.0034619
0.00343364
0.00340911
0.0122693
0.0122634
0.0122588
0.0122558
0.0122544
0.0122546
0.0122566
0.0122602
0.0122652
0.0122715
0.0122789
0.0122871
0.0122958
0.0123045
0.0123131
0.0123211
0.0123283
0.0123343
0.0123389
0.012342
0.0123434
0.012343
0.012341
0.0123373
0.0123322
0.0123257
0.0123182
0.01231
0.0123014
0.0122927
0.0122843
0.0122764
0.0109566
0.0109451
0.0109365
0.010931
0.0109288
0.0109301
0.0109348
0.0109428
0.0109537
0.0109671
0.0109827
0.0109997
0.0110176
0.0110356
0.0110531
0.0110693
0.0110837
0.0110957
0.0111046
0.0111103
0.0111124
0.0111109
0.0111059
0.0110975
0.0110862
0.0110723
0.0110564
0.0110392
0.0110214
0.0110035
0.0109864
0.0109706
0.00816192
0.00814782
0.00813734
0.00813084
0.00812855
0.00813055
0.00813681
0.0081471
0.0081611
0.00817831
0.00819814
0.00821987
0.00824269
0.00826573
0.00828807
0.00830882
0.00832712
0.00834221
0.00835343
0.00836032
0.00836258
0.00836013
0.00835309
0.00834179
0.00832672
0.00830852
0.00828795
0.00826584
0.00824305
0.00822046
0.00819889
0.00817915
0.00346056
0.00345053
0.00344321
0.00343882
0.0034375
0.00343932
0.00344422
0.00345205
0.00346258
0.00347545
0.00349024
0.00350642
0.0035234
0.00354054
0.00355716
0.00357259
0.00358615
0.00359727
0.00360543
0.00361028
0.00361159
0.00360932
0.00360359
0.00359467
0.00358297
0.00356903
0.00355342
0.00353679
0.00351979
0.00350309
0.00348728
0.00347294
0.0123499
0.0123512
0.0123505
0.0123478
0.0123432
0.0123368
0.012329
0.0123201
0.0123103
0.0123001
0.0122899
0.01228
0.0122709
0.0122629
0.0122562
0.0122512
0.012248
0.0122467
0.0122474
0.0122501
0.0122546
0.0122609
0.0122685
0.0122774
0.012287
0.0122971
0.0123073
0.0123172
0.0123264
0.0123346
0.0123414
0.0123466
0.0111137
0.0111165
0.0111155
0.0111107
0.0111024
0.0110909
0.0110766
0.0110602
0.0110422
0.0110235
0.0110048
0.0109867
0.01097
0.0109553
0.0109431
0.0109338
0.0109279
0.0109254
0.0109265
0.0109311
0.0109391
0.0109502
0.0109639
0.0109797
0.0109972
0.0110156
0.0110343
0.0110525
0.0110695
0.0110847
0.0110975
0.0111073
0.00835643
0.00835999
0.00835894
0.00835331
0.00834333
0.00832941
0.00831217
0.00829234
0.00827075
0.00824829
0.00822586
0.00820434
0.00818453
0.00816715
0.00815281
0.00814199
0.00813504
0.00813217
0.00813346
0.00813885
0.00814814
0.00816101
0.00817703
0.00819564
0.00821619
0.00823795
0.00826013
0.00828189
0.0083024
0.00832082
0.00833639
0.00834844
0.00360156
0.00360434
0.00360383
0.00360002
0.00359309
0.00358334
0.00357123
0.00355729
0.00354213
0.0035264
0.00351074
0.00349574
0.00348195
0.00346987
0.00345991
0.00345238
0.0034475
0.00344541
0.00344614
0.00344967
0.00345587
0.00346454
0.0034754
0.0034881
0.00350223
0.00351729
0.00353276
0.00354804
0.00356254
0.00357567
0.00358687
0.00359564
0.0123933
0.0123988
0.0124003
0.0123978
0.0123914
0.0123813
0.0123679
0.0123517
0.0123335
0.0123139
0.0122936
0.0122735
0.0122544
0.0122369
0.0122217
0.0122093
0.0122004
0.0121951
0.0121936
0.0121961
0.0122024
0.0122123
0.0122254
0.0122412
0.0122592
0.0122787
0.0122988
0.012319
0.0123383
0.012356
0.0123715
0.0123841
0.0112039
0.0112154
0.0112192
0.0112151
0.0112032
0.0111842
0.0111587
0.0111278
0.0110929
0.0110553
0.0110166
0.0109781
0.0109415
0.0109079
0.0108788
0.0108551
0.0108376
0.0108269
0.0108235
0.0108274
0.0108384
0.0108563
0.0108804
0.0109098
0.0109435
0.0109802
0.0110187
0.0110574
0.0110948
0.0111295
0.01116
0.0111852
0.00847211
0.00848703
0.00849226
0.00848752
0.00847305
0.00844949
0.00841792
0.00837972
0.00833654
0.00829021
0.00824259
0.00819554
0.00815084
0.00811011
0.00807476
0.00804598
0.00802471
0.00801163
0.00800715
0.0080114
0.00802424
0.00804526
0.0080738
0.00810891
0.00814941
0.0081939
0.00824078
0.00828831
0.00833464
0.0083779
0.00841629
0.00844817
0.00368845
0.00370007
0.00370448
0.00370146
0.00369116
0.00367409
0.00365111
0.00362331
0.00359198
0.0035585
0.00352427
0.00349064
0.00345883
0.00342997
0.003405
0.00338467
0.00336958
0.00336016
0.00335666
0.00335916
0.0033676
0.00338175
0.0034012
0.00342539
0.00345359
0.00348489
0.00351822
0.00355237
0.00358602
0.00361779
0.00364629
0.00367023
0.0123795
0.0123821
0.0123814
0.0123775
0.0123705
0.0123606
0.0123484
0.0123342
0.0123185
0.0123021
0.0122856
0.0122696
0.0122547
0.0122414
0.0122304
0.0122219
0.0122163
0.0122139
0.0122146
0.0122186
0.0122255
0.0122352
0.0122473
0.0122613
0.0122767
0.012293
0.0123095
0.0123255
0.0123405
0.0123539
0.0123651
0.0123738
0.0111752
0.0111811
0.0111807
0.011174
0.0111612
0.0111429
0.0111198
0.0110929
0.0110633
0.0110321
0.0110005
0.0109699
0.0109412
0.0109157
0.0108942
0.0108775
0.0108662
0.0108607
0.0108611
0.0108676
0.0108797
0.0108972
0.0109193
0.0109453
0.0109742
0.011005
0.0110365
0.0110675
0.0110967
0.0111231
0.0111456
0.0111632
0.00843571
0.00844379
0.00844392
0.00843608
0.00842062
0.0083982
0.00836981
0.00833665
0.00830012
0.00826171
0.00822294
0.0081853
0.00815021
0.00811892
0.00809254
0.00807197
0.00805789
0.00805075
0.0080508
0.00805801
0.00807214
0.00809272
0.00811907
0.00815026
0.00818522
0.00822269
0.00826128
0.00829954
0.00833597
0.00836908
0.00839752
0.00842005
0.0036604
0.00366693
0.00366763
0.00366246
0.00365165
0.00363573
0.00361544
0.0035917
0.00356555
0.00353811
0.00351048
0.00348372
0.00345881
0.00343661
0.00341785
0.00340314
0.00339292
0.00338749
0.00338701
0.00339147
0.00340076
0.00341458
0.00343252
0.003454
0.00347834
0.00350469
0.00353212
0.00355959
0.00358602
0.00361031
0.0036314
0.00364837
0.0123312
0.0123268
0.0123213
0.012315
0.0123082
0.012301
0.0122938
0.0122868
0.0122802
0.0122745
0.0122697
0.0122661
0.0122638
0.0122629
0.0122634
0.0122654
0.0122686
0.0122731
0.0122786
0.012285
0.0122918
0.012299
0.0123063
0.0123132
0.0123197
0.0123254
0.0123301
0.0123336
0.0123359
0.0123368
0.0123363
0.0123344
0.0110767
0.0110687
0.0110588
0.0110474
0.011035
0.011022
0.011009
0.0109964
0.0109848
0.0109746
0.0109662
0.0109599
0.0109559
0.0109545
0.0109556
0.0109592
0.0109651
0.0109732
0.0109831
0.0109944
0.0110067
0.0110196
0.0110325
0.011045
0.0110565
0.0110667
0.0110752
0.0110815
0.0110856
0.0110871
0.0110861
0.0110826
0.00831117
0.00830163
0.00828985
0.00827628
0.00826145
0.00824595
0.00823038
0.00821535
0.00820146
0.00818924
0.00817917
0.00817163
0.00816691
0.00816518
0.00816648
0.00817076
0.00817784
0.00818744
0.00819918
0.00821263
0.00822726
0.00824252
0.00825785
0.00827266
0.00828641
0.00829856
0.00830866
0.00831632
0.00832124
0.00832322
0.00832216
0.0083181
0.00356753
0.00356092
0.0035528
0.0035435
0.00353338
0.00352285
0.00351231
0.00350219
0.00349288
0.00348474
0.0034781
0.00347318
0.00347018
0.00346918
0.00347023
0.00347328
0.0034782
0.0034848
0.00349282
0.00350197
0.00351189
0.00352222
0.00353257
0.00354255
0.00355179
0.00355994
0.00356669
0.00357177
0.00357498
0.00357617
0.00357529
0.00357238
0.012291
0.0122825
0.0122746
0.0122677
0.012262
0.0122577
0.0122551
0.0122541
0.0122549
0.0122574
0.0122616
0.0122672
0.0122741
0.012282
0.0122905
0.0122995
0.0123085
0.0123171
0.0123251
0.0123322
0.0123379
0.0123422
0.0123449
0.0123458
0.0123449
0.0123423
0.012338
0.0123323
0.0123254
0.0123174
0.0123089
0.0122999
0.0109974
0.0109807
0.0109656
0.0109525
0.0109421
0.0109347
0.0109305
0.0109298
0.0109325
0.0109386
0.0109479
0.0109599
0.0109744
0.0109906
0.0110081
0.0110261
0.0110439
0.0110609
0.0110764
0.0110898
0.0111005
0.0111081
0.0111123
0.0111129
0.01111
0.0111036
0.011094
0.0110816
0.0110669
0.0110505
0.011033
0.0110151
0.00821199
0.00819144
0.00817297
0.00815724
0.00814483
0.00813617
0.00813158
0.00813123
0.00813513
0.00814318
0.00815508
0.00817043
0.00818867
0.00820914
0.00823107
0.00825363
0.00827594
0.00829712
0.00831632
0.00833276
0.00834576
0.0083548
0.0083595
0.00835967
0.00835533
0.00834665
0.00833402
0.00831796
0.00829913
0.00827828
0.00825624
0.00823386
0.00349518
0.00348042
0.00346735
0.00345642
0.003448
0.00344237
0.00343973
0.00344017
0.00344369
0.00345017
0.00345941
0.0034711
0.00348484
0.00350015
0.00351645
0.00353315
0.00354959
0.0035651
0.00357905
0.00359086
0.00360001
0.00360611
0.00360889
0.00360825
0.00360422
0.00359698
0.00358686
0.0035743
0.00355983
0.00354405
0.00352759
0.00351109
0.0122914
0.0122863
0.0122817
0.0122778
0.0122748
0.0122727
0.0122716
0.0122717
0.0122728
0.012275
0.0122782
0.0122822
0.0122869
0.0122921
0.0122977
0.0123034
0.0123089
0.0123141
0.0123188
0.0123228
0.0123259
0.012328
0.012329
0.0123288
0.0123276
0.0123253
0.0123221
0.012318
0.0123133
0.012308
0.0123025
0.0122969
0.0109978
0.010987
0.0109775
0.0109697
0.0109638
0.0109601
0.0109587
0.0109597
0.010963
0.0109686
0.0109761
0.0109854
0.0109961
0.0110077
0.0110199
0.0110321
0.011044
0.011055
0.0110647
0.0110727
0.0110787
0.0110825
0.0110838
0.0110828
0.0110793
0.0110736
0.0110658
0.0110564
0.0110456
0.0110339
0.0110217
0.0110095
0.00821183
0.00819807
0.00818608
0.00817633
0.00816914
0.0081648
0.00816344
0.00816513
0.0081698
0.0081773
0.00818735
0.0081996
0.0082136
0.00822883
0.00824471
0.00826065
0.00827601
0.00829019
0.00830262
0.0083128
0.00832031
0.00832484
0.0083262
0.00832436
0.00831937
0.00831146
0.00830096
0.00828829
0.00827396
0.00825855
0.00824265
0.00822688
0.00349541
0.00348513
0.0034763
0.00346923
0.00346418
0.00346131
0.00346072
0.00346244
0.00346641
0.00347249
0.00348048
0.00349011
0.00350102
0.00351282
0.00352508
0.00353731
0.00354904
0.00355981
0.00356917
0.00357672
0.00358216
0.00358524
0.00358584
0.00358392
0.00357959
0.00357302
0.0035645
0.00355439
0.0035431
0.00353109
0.00351883
0.00350679
0.0123183
0.0123226
0.012326
0.0123284
0.0123298
0.0123299
0.012329
0.0123269
0.0123238
0.0123198
0.012315
0.0123097
0.0123041
0.0122983
0.0122926
0.0122872
0.0122823
0.0122781
0.0122748
0.0122725
0.0122712
0.012271
0.0122719
0.0122739
0.0122769
0.0122808
0.0122855
0.0122908
0.0122964
0.0123022
0.0123079
0.0123133
0.0110512
0.0110583
0.0110641
0.0110682
0.0110704
0.0110708
0.0110692
0.0110657
0.0110605
0.0110537
0.0110457
0.0110368
0.0110273
0.0110175
0.011008
0.010999
0.0109908
0.0109838
0.0109783
0.0109743
0.0109722
0.0109719
0.0109735
0.0109769
0.0109819
0.0109884
0.0109962
0.011005
0.0110144
0.0110241
0.0110337
0.0110428
0.00827831
0.00828655
0.00829317
0.00829788
0.00830049
0.00830089
0.00829904
0.00829503
0.00828902
0.00828127
0.00827209
0.00826186
0.00825099
0.00823992
0.00822908
0.00821888
0.0082097
0.00820187
0.00819568
0.00819133
0.00818898
0.0081887
0.00819049
0.00819429
0.00819996
0.00820731
0.00821607
0.00822593
0.00823653
0.00824749
0.00825838
0.0082688
0.00354439
0.00354979
0.00355415
0.00355727
0.00355901
0.0035593
0.00355811
0.0035555
0.00355157
0.0035465
0.0035405
0.00353384
0.00352677
0.00351959
0.00351257
0.00350597
0.00350005
0.00349502
0.00349104
0.00348825
0.00348675
0.00348656
0.0034877
0.00349012
0.00349374
0.00349843
0.00350405
0.00351039
0.00351723
0.00352433
0.0035314
0.00353817
0.0123398
0.0123523
0.0123627
0.0123707
0.0123758
0.012378
0.0123771
0.0123732
0.0123664
0.012357
0.0123453
0.0123319
0.0123172
0.0123019
0.0122864
0.0122715
0.0122576
0.0122453
0.0122351
0.0122273
0.0122223
0.0122202
0.012221
0.0122249
0.0122315
0.0122407
0.0122522
0.0122654
0.01228
0.0122953
0.0123108
0.0123258
0.0110949
0.0111182
0.0111377
0.0111527
0.0111626
0.0111669
0.0111654
0.0111583
0.0111458
0.0111284
0.0111069
0.0110821
0.0110549
0.0110266
0.0109981
0.0109707
0.0109452
0.0109226
0.0109039
0.0108896
0.0108802
0.0108762
0.0108776
0.0108844
0.0108963
0.0109129
0.0109337
0.0109578
0.0109844
0.0110125
0.011041
0.0110689
0.00833349
0.00836186
0.00838578
0.00840423
0.00841641
0.00842179
0.00842013
0.00841151
0.0083963
0.00837516
0.00834899
0.0083189
0.00828612
0.00825197
0.00821779
0.00818487
0.00815445
0.00812762
0.00810532
0.00808833
0.00807721
0.00807235
0.00807389
0.00808178
0.00809576
0.00811536
0.0081399
0.00816854
0.00820026
0.0082339
0.0082682
0.00830184
0.00358478
0.00360496
0.00362208
0.00363537
0.00364421
0.0036482
0.00364714
0.00364108
0.00363031
0.00361532
0.0035968
0.00357557
0.00355252
0.00352862
0.0035048
0.00348196
0.00346094
0.00344246
0.00342714
0.00341547
0.00340782
0.00340441
0.00340535
0.0034106
0.00342001
0.00343329
0.00345001
0.00346963
0.0034915
0.00351483
0.00353877
0.0035624
0.0123463
0.0123606
0.0123725
0.0123816
0.0123874
0.0123898
0.0123886
0.0123838
0.0123758
0.0123647
0.0123511
0.0123354
0.0123183
0.0123005
0.0122826
0.0122653
0.0122493
0.0122352
0.0122235
0.0122147
0.0122091
0.0122068
0.0122081
0.0122127
0.0122206
0.0122314
0.0122448
0.0122603
0.0122772
0.0122949
0.0123128
0.0123302
0.0111067
0.0111336
0.0111561
0.0111734
0.0111847
0.0111896
0.0111878
0.0111794
0.0111648
0.0111446
0.0111195
0.0110907
0.0110593
0.0110264
0.0109935
0.0109618
0.0109323
0.0109064
0.0108848
0.0108684
0.0108577
0.0108531
0.0108549
0.0108628
0.0108767
0.010896
0.01092
0.010948
0.0109788
0.0110113
0.0110443
0.0110765
0.0083474
0.00838038
0.0084082
0.00842966
0.00844385
0.00845014
0.00844824
0.00843823
0.00842057
0.00839601
0.00836563
0.0083307
0.00829267
0.00825307
0.00821346
0.00817534
0.00814013
0.00810908
0.00808329
0.00806364
0.00805078
0.00804513
0.00804688
0.00805597
0.00807209
0.00809471
0.00812307
0.00815619
0.00819289
0.00823185
0.00827162
0.00831065
0.00359361
0.00361712
0.00363713
0.00365272
0.00366318
0.00366801
0.00366696
0.0036601
0.00364776
0.0036305
0.00360914
0.00358463
0.00355802
0.00353042
0.00350292
0.00347656
0.00345229
0.00343095
0.00341322
0.00339969
0.00339074
0.00338666
0.00338756
0.00339341
0.00340404
0.00341913
0.0034382
0.00346067
0.00348577
0.00351263
0.00354027
0.00356763
0.0123487
0.0123592
0.0123673
0.0123728
0.0123755
0.0123752
0.0123719
0.0123659
0.0123572
0.0123462
0.0123334
0.0123193
0.0123045
0.0122894
0.0122747
0.012261
0.0122488
0.0122385
0.0122305
0.0122252
0.0122226
0.012223
0.0122263
0.0122323
0.0122409
0.0122517
0.0122643
0.0122782
0.0122929
0.0123079
0.0123226
0.0123363
0.0111096
0.011129
0.0111441
0.0111545
0.0111597
0.0111594
0.0111536
0.0111427
0.011127
0.0111072
0.0110841
0.0110586
0.0110317
0.0110045
0.0109779
0.0109531
0.0109309
0.0109122
0.0108977
0.0108878
0.0108829
0.0108833
0.0108888
0.0108993
0.0109144
0.0109335
0.010956
0.0109811
0.0110077
0.0110349
0.0110616
0.0110868
0.00835025
0.00837382
0.00839241
0.00840522
0.0084117
0.00841157
0.00840483
0.00839177
0.00837294
0.00834913
0.00832135
0.00829072
0.00825849
0.00822592
0.00819425
0.00816469
0.00813831
0.00811607
0.00809874
0.00808692
0.00808101
0.00808121
0.0080875
0.00809967
0.0081173
0.00813977
0.0081663
0.00819594
0.0082276
0.00826011
0.00829222
0.00832267
0.00359487
0.00361141
0.00362454
0.00363367
0.00363841
0.00363851
0.00363398
0.00362501
0.00361203
0.0035956
0.00357645
0.00355538
0.00353327
0.00351099
0.00348941
0.00346932
0.00345142
0.00343634
0.00342458
0.00341651
0.00341239
0.00341235
0.00341639
0.00342436
0.00343603
0.003451
0.00346879
0.00348879
0.00351028
0.00353249
0.00355458
0.00357566
0.0123457
0.0123506
0.0123536
0.0123545
0.0123533
0.0123501
0.0123449
0.0123379
0.0123295
0.01232
0.0123096
0.0122989
0.0122883
0.0122781
0.0122688
0.0122607
0.0122541
0.0122493
0.0122464
0.0122456
0.0122469
0.0122502
0.0122554
0.0122623
0.0122707
0.0122801
0.0122903
0.0123009
0.0123115
0.0123216
0.0123309
0.0123391
0.0111043
0.0111131
0.0111183
0.0111197
0.0111173
0.0111111
0.0111015
0.0110887
0.0110733
0.0110559
0.0110372
0.011018
0.0109988
0.0109806
0.010964
0.0109496
0.010938
0.0109295
0.0109245
0.0109232
0.0109256
0.0109316
0.0109411
0.0109535
0.0109686
0.0109857
0.0110041
0.0110233
0.0110424
0.0110608
0.0110777
0.0110924
0.00834422
0.00835473
0.00836094
0.00836258
0.00835959
0.00835207
0.00834035
0.00832489
0.00830635
0.00828546
0.00826306
0.00824003
0.00821728
0.00819565
0.00817598
0.00815898
0.00814527
0.00813533
0.00812953
0.00812806
0.00813096
0.00813814
0.00814933
0.00816413
0.00818202
0.00820233
0.00822432
0.00824718
0.00827002
0.00829198
0.00831219
0.00832984
0.00359136
0.00359846
0.00360258
0.00360354
0.00360128
0.00359592
0.00358767
0.00357689
0.00356404
0.00354965
0.00353431
0.00351864
0.00350323
0.00348867
0.0034755
0.00346418
0.00345511
0.00344861
0.00344488
0.00344406
0.00344616
0.00345112
0.00345877
0.00346884
0.00348098
0.00349477
0.00350971
0.00352525
0.00354081
0.00355578
0.00356956
0.00358159
0.0123322
0.0123326
0.0123318
0.0123298
0.0123267
0.0123226
0.0123177
0.0123121
0.012306
0.0122998
0.0122935
0.0122876
0.0122821
0.0122774
0.0122735
0.0122708
0.0122692
0.0122688
0.0122696
0.0122717
0.0122748
0.012279
0.012284
0.0122896
0.0122957
0.0123019
0.012308
0.0123139
0.0123193
0.012324
0.0123278
0.0123305
0.0110787
0.0110794
0.0110779
0.0110742
0.0110685
0.0110609
0.0110518
0.0110416
0.0110306
0.0110192
0.0110079
0.0109972
0.0109874
0.0109789
0.0109721
0.0109672
0.0109643
0.0109636
0.0109652
0.0109688
0.0109745
0.010982
0.010991
0.0110011
0.0110121
0.0110234
0.0110346
0.0110454
0.0110552
0.0110638
0.0110707
0.0110757
0.00831299
0.00831388
0.00831206
0.00830761
0.00830069
0.00829159
0.00828066
0.00826834
0.00825511
0.00824149
0.00822801
0.00821519
0.00820351
0.00819343
0.0081853
0.00817944
0.00817605
0.00817525
0.00817708
0.00818146
0.00818822
0.00819712
0.00820782
0.00821993
0.00823299
0.00824651
0.00825998
0.00827287
0.0082847
0.00829499
0.00830335
0.00830943
0.00356946
0.00356997
0.00356862
0.00356545
0.00356061
0.00355428
0.00354672
0.00353823
0.00352916
0.00351987
0.00351071
0.00350203
0.00349417
0.0034874
0.00348198
0.00347811
0.00347591
0.00347547
0.0034768
0.00347985
0.0034845
0.0034906
0.00349791
0.00350617
0.00351508
0.00352431
0.00353349
0.00354229
0.00355035
0.00355735
0.00356301
0.00356711
0.0123147
0.0123115
0.0123079
0.012304
0.0123
0.0122961
0.0122923
0.0122889
0.0122859
0.0122835
0.0122817
0.0122807
0.0122804
0.0122809
0.0122823
0.0122843
0.012287
0.0122903
0.0122939
0.0122979
0.012302
0.012306
0.0123098
0.0123133
0.0123163
0.0123187
0.0123204
0.0123213
0.0123215
0.0123208
0.0123195
0.0123174
0.0110452
0.0110397
0.0110335
0.0110269
0.01102
0.0110132
0.0110068
0.0110009
0.0109958
0.0109916
0.0109886
0.0109869
0.0109865
0.0109875
0.0109897
0.0109932
0.0109978
0.0110033
0.0110095
0.0110161
0.011023
0.0110298
0.0110363
0.0110422
0.0110474
0.0110515
0.0110545
0.0110562
0.0110565
0.0110556
0.0110533
0.0110498
0.00827185
0.00826552
0.00825837
0.00825069
0.00824276
0.00823489
0.00822738
0.00822052
0.00821457
0.00820975
0.00820626
0.00820422
0.00820371
0.00820476
0.00820733
0.00821131
0.00821656
0.00822288
0.00823002
0.0082377
0.00824564
0.00825353
0.00826106
0.00826795
0.00827392
0.00827875
0.00828225
0.00828428
0.00828477
0.00828371
0.00828112
0.00827712
0.00354009
0.00353592
0.00353122
0.00352619
0.00352101
0.00351588
0.003511
0.00350656
0.00350271
0.00349962
0.00349739
0.00349612
0.00349584
0.00349657
0.00349828
0.00350091
0.00350435
0.00350849
0.00351316
0.00351818
0.00352336
0.0035285
0.00353341
0.00353789
0.00354177
0.00354489
0.00354715
0.00354844
0.00354873
0.00354798
0.00354624
0.00354357
0.0123023
0.0122952
0.0122884
0.012282
0.0122764
0.0122717
0.0122681
0.0122657
0.0122646
0.0122649
0.0122666
0.0122696
0.0122737
0.0122789
0.012285
0.0122916
0.0122986
0.0123058
0.0123127
0.0123192
0.0123249
0.0123298
0.0123335
0.0123359
0.012337
0.0123366
0.0123348
0.0123317
0.0123274
0.0123221
0.012316
0.0123093
0.0110214
0.0110091
0.0109973
0.0109864
0.0109768
0.010969
0.0109631
0.0109595
0.0109583
0.0109594
0.0109629
0.0109686
0.0109764
0.0109859
0.0109967
0.0110086
0.0110209
0.0110333
0.0110453
0.0110563
0.011066
0.011074
0.01108
0.0110837
0.0110849
0.0110837
0.0110801
0.0110742
0.0110663
0.0110567
0.0110457
0.0110338
0.00824245
0.00822807
0.00821434
0.00820179
0.00819088
0.00818202
0.00817552
0.00817163
0.0081705
0.00817216
0.00817656
0.00818354
0.00819285
0.00820415
0.00821701
0.00823097
0.00824548
0.00825998
0.00827392
0.00828674
0.00829794
0.00830707
0.00831376
0.00831775
0.00831887
0.00831709
0.00831248
0.00830523
0.00829563
0.00828407
0.00827101
0.00825695
0.00351892
0.00350936
0.00350034
0.00349219
0.00348521
0.00347965
0.00347571
0.00347353
0.00347318
0.00347469
0.003478
0.00348299
0.0034895
0.00349728
0.00350606
0.0035155
0.00352526
0.00353494
0.00354418
0.00355261
0.00355988
0.00356571
0.00356984
0.00357212
0.00357244
0.0035708
0.00356727
0.003562
0.0035552
0.00354715
0.00353819
0.00352865
0.0123047
0.0122941
0.0122837
0.012274
0.0122653
0.0122579
0.0122522
0.0122482
0.0122463
0.0122463
0.0122484
0.0122525
0.0122584
0.012266
0.0122748
0.0122846
0.0122951
0.0123057
0.0123162
0.012326
0.0123349
0.0123424
0.0123483
0.0123523
0.0123543
0.0123541
0.0123519
0.0123477
0.0123416
0.012334
0.012325
0.0123151
0.0110265
0.0110074
0.0109888
0.0109716
0.0109563
0.0109435
0.0109336
0.0109271
0.0109241
0.0109248
0.0109292
0.0109371
0.0109482
0.0109621
0.0109782
0.0109961
0.0110149
0.0110341
0.0110528
0.0110703
0.0110859
0.0110991
0.0111093
0.011116
0.011119
0.0111183
0.0111137
0.0111056
0.0110942
0.01108
0.0110635
0.0110454
0.00824873
0.00822604
0.00820415
0.00818388
0.00816599
0.00815112
0.00813981
0.00813246
0.00812933
0.00813052
0.00813601
0.0081456
0.00815894
0.00817557
0.00819487
0.00821615
0.0082386
0.00826137
0.00828359
0.00830437
0.0083229
0.00833843
0.00835032
0.00835807
0.00836138
0.0083601
0.00835428
0.00834417
0.00833019
0.00831291
0.00829303
0.00827135
0.0035235
0.00350805
0.00349328
0.00347972
0.00346785
0.0034581
0.0034508
0.0034462
0.00344446
0.00344562
0.00344966
0.00345644
0.00346573
0.00347721
0.00349048
0.00350507
0.00352044
0.003536
0.00355116
0.00356532
0.00357788
0.00358833
0.00359624
0.00360125
0.00360316
0.00360187
0.00359745
0.00359009
0.0035801
0.00356791
0.00355402
0.00353902
0.0123154
0.0123036
0.0122918
0.0122803
0.0122695
0.0122599
0.0122519
0.0122456
0.0122414
0.0122395
0.0122398
0.0122425
0.0122473
0.0122542
0.0122628
0.0122729
0.012284
0.0122957
0.0123077
0.0123193
0.0123302
0.01234
0.0123482
0.0123545
0.0123587
0.0123606
0.0123602
0.0123574
0.0123524
0.0123454
0.0123366
0.0123265
0.0110468
0.0110251
0.0110033
0.0109823
0.0109628
0.0109455
0.0109312
0.0109203
0.0109132
0.0109102
0.0109114
0.0109167
0.0109261
0.010939
0.0109551
0.0109738
0.0109943
0.0110159
0.0110377
0.011059
0.0110789
0.0110965
0.0111113
0.0111226
0.0111299
0.011133
0.0111317
0.0111261
0.0111164
0.0111031
0.0110865
0.0110675
0.00827345
0.00824728
0.00822114
0.00819603
0.00817286
0.0081525
0.00813568
0.00812299
0.00811489
0.00811165
0.0081134
0.00812007
0.00813143
0.00814709
0.00816649
0.00818893
0.0082136
0.00823958
0.00826587
0.00829146
0.00831534
0.00833655
0.00835424
0.00836766
0.00837627
0.0083797
0.0083778
0.00837066
0.00835858
0.00834207
0.0083218
0.00829862
0.00354117
0.00352299
0.00350495
0.00348774
0.00347198
0.00345824
0.003447
0.00343862
0.00343338
0.00343147
0.00343294
0.00343774
0.00344573
0.00345663
0.00347008
0.00348562
0.0035027
0.00352069
0.00353891
0.00355667
0.00357323
0.00358794
0.00360015
0.00360935
0.00361514
0.00361725
0.0036156
0.00361025
0.00360145
0.00358958
0.00357516
0.0035588
0.0123289
0.0123202
0.0123108
0.0123011
0.0122913
0.0122818
0.0122731
0.0122653
0.0122589
0.0122541
0.0122511
0.0122499
0.0122507
0.0122534
0.0122579
0.012264
0.0122715
0.0122802
0.0122897
0.0122996
0.0123095
0.0123191
0.0123279
0.0123357
0.0123421
0.0123468
0.0123498
0.0123509
0.01235
0.0123472
0.0123426
0.0123364
0.0110701
0.0110538
0.0110362
0.0110182
0.0110003
0.0109832
0.0109676
0.0109541
0.0109431
0.0109352
0.0109304
0.0109292
0.0109314
0.0109371
0.010946
0.0109577
0.0109719
0.0109881
0.0110055
0.0110236
0.0110416
0.0110589
0.0110748
0.0110886
0.0110998
0.0111079
0.0111127
0.0111139
0.0111116
0.0111057
0.0110965
0.0110845
0.00830073
0.00828082
0.00825958
0.00823785
0.00821645
0.00819619
0.00817782
0.00816202
0.00814936
0.00814031
0.00813518
0.00813417
0.00813731
0.0081445
0.00815549
0.00816989
0.00818717
0.00820669
0.00822774
0.00824951
0.00827116
0.00829186
0.00831077
0.00832714
0.00834031
0.00834975
0.00835507
0.00835604
0.00835265
0.00834502
0.00833349
0.00831852
0.00355945
0.00354543
0.00353062
0.0035156
0.00350096
0.00348722
0.00347489
0.00346442
0.00345616
0.0034504
0.00344734
0.00344709
0.00344966
0.00345497
0.00346283
0.00347297
0.00348505
0.00349864
0.00351323
0.00352828
0.00354321
0.00355743
0.00357037
0.0035815
0.00359035
0.00359654
0.00359981
0.00360003
0.00359718
0.0035914
0.00358292
0.00357212
0.012345
0.0123425
0.0123383
0.0123327
0.0123259
0.0123181
0.0123096
0.0123007
0.0122919
0.0122833
0.0122755
0.0122686
0.0122629
0.0122587
0.0122561
0.0122553
0.0122562
0.0122588
0.0122631
0.0122687
0.0122757
0.0122835
0.012292
0.0123009
0.0123097
0.0123181
0.0123259
0.0123327
0.0123383
0.0123425
0.012345
0.0123459
0.0110987
0.0110937
0.0110858
0.0110755
0.0110631
0.0110491
0.0110341
0.0110186
0.0110032
0.0109885
0.0109751
0.0109635
0.0109541
0.0109473
0.0109433
0.0109423
0.0109443
0.0109493
0.010957
0.0109672
0.0109795
0.0109934
0.0110083
0.0110238
0.0110393
0.011054
0.0110675
0.0110793
0.0110888
0.0110957
0.0110997
0.0111008
0.00833472
0.00832843
0.00831887
0.00830643
0.00829161
0.00827499
0.00825723
0.00823901
0.00822103
0.00820399
0.00818853
0.00817522
0.00816456
0.00815694
0.00815265
0.00815184
0.00815454
0.00816065
0.00816995
0.00818209
0.00819663
0.00821302
0.00823065
0.00824884
0.00826689
0.00828412
0.00829985
0.00831345
0.00832439
0.00833223
0.00833666
0.00833751
0.00358264
0.00357816
0.00357151
0.00356296
0.00355287
0.00354163
0.00352971
0.00351755
0.00350564
0.00349441
0.0034843
0.00347567
0.00346883
0.00346403
0.00346143
0.00346113
0.00346313
0.00346738
0.00347371
0.00348191
0.00349167
0.00350265
0.00351443
0.00352656
0.00353859
0.00355005
0.00356048
0.00356947
0.00357664
0.00358171
0.00358446
0.00358477
0.0123605
0.0123642
0.0123655
0.0123642
0.0123605
0.0123545
0.0123463
0.0123364
0.012325
0.0123127
0.0122999
0.0122871
0.0122749
0.0122636
0.0122538
0.0122457
0.0122398
0.0122362
0.0122351
0.0122365
0.0122403
0.0122463
0.0122545
0.0122643
0.0122756
0.0122878
0.0123004
0.0123131
0.0123252
0.0123365
0.0123463
0.0123544
0.0111279
0.0111346
0.0111369
0.0111347
0.0111281
0.0111173
0.0111027
0.0110851
0.011065
0.0110432
0.0110207
0.0109982
0.0109767
0.0109569
0.0109396
0.0109255
0.010915
0.0109086
0.0109065
0.0109087
0.0109152
0.0109257
0.0109398
0.0109571
0.0109768
0.0109983
0.0110207
0.0110431
0.0110648
0.0110849
0.0111026
0.0111171
0.00837047
0.0083785
0.00838127
0.00837866
0.00837077
0.00835792
0.00834066
0.00831969
0.00829586
0.00827015
0.00824356
0.00821714
0.00819188
0.00816875
0.00814858
0.00813212
0.00811994
0.00811247
0.00810997
0.00811252
0.00812003
0.00813223
0.00814868
0.00816879
0.00819184
0.008217
0.00824331
0.0082698
0.00829544
0.00831922
0.0083402
0.00835752
0.0036078
0.00361344
0.00361548
0.00361383
0.00360855
0.00359988
0.00358819
0.00357399
0.00355786
0.0035405
0.00352258
0.00350482
0.00348788
0.00347239
0.00345891
0.00344789
0.00343973
0.00343467
0.0034329
0.00343447
0.00343931
0.00344727
0.00345807
0.00347135
0.00348665
0.00350343
0.00352108
0.00353893
0.00355631
0.00357252
0.00358689
0.00359882
0.0123714
0.0123798
0.012385
0.012387
0.0123856
0.0123808
0.0123728
0.012362
0.0123488
0.0123337
0.0123172
0.0123001
0.0122829
0.0122665
0.0122513
0.012238
0.0122271
0.0122189
0.0122139
0.0122121
0.0122137
0.0122185
0.0122264
0.0122371
0.0122501
0.012265
0.0122813
0.0122982
0.0123152
0.0123317
0.0123469
0.0123603
0.0111503
0.0111657
0.0111754
0.0111791
0.0111766
0.0111679
0.0111535
0.011134
0.0111101
0.0110828
0.0110532
0.0110225
0.0109918
0.0109623
0.0109352
0.0109114
0.0108918
0.0108772
0.010868
0.0108646
0.010867
0.0108753
0.010889
0.0109078
0.0109309
0.0109575
0.0109865
0.011017
0.0110478
0.0110776
0.0111054
0.0111299
0.00839885
0.00841754
0.00842943
0.008434
0.00843105
0.00842071
0.00840341
0.00837992
0.00835122
0.00831851
0.00828315
0.00824653
0.00821008
0.0081752
0.00814318
0.00811516
0.00809214
0.00807491
0.00806405
0.00805994
0.00806269
0.00807223
0.00808821
0.0081101
0.00813714
0.00816839
0.00820272
0.00823888
0.00827552
0.00831121
0.00834454
0.00837417
0.00362866
0.00364189
0.0036504
0.0036538
0.00365192
0.00364486
0.00363293
0.0036167
0.00359689
0.00357436
0.00355008
0.00352504
0.00350021
0.00347655
0.00345489
0.00343598
0.00342047
0.00340884
0.00340146
0.00339856
0.00340022
0.00340639
0.00341688
0.00343135
0.00344935
0.00347027
0.00349342
0.00351797
0.00354301
0.00356758
0.00359067
0.00361133
0.0123709
0.0123809
0.0123877
0.0123911
0.012391
0.0123873
0.0123802
0.0123699
0.0123569
0.0123417
0.0123248
0.012307
0.0122889
0.0122712
0.0122546
0.0122398
0.0122273
0.0122176
0.012211
0.0122078
0.0122081
0.0122119
0.012219
0.0122291
0.0122419
0.0122569
0.0122735
0.0122912
0.0123091
0.0123267
0.0123433
0.0123582
0.0111492
0.0111673
0.0111797
0.0111859
0.0111856
0.0111789
0.0111659
0.0111473
0.0111239
0.0110964
0.0110662
0.0110343
0.011002
0.0109706
0.0109412
0.0109149
0.0108927
0.0108754
0.0108636
0.0108578
0.0108581
0.0108646
0.0108769
0.0108947
0.0109173
0.0109438
0.0109735
0.011005
0.0110372
0.011069
0.011099
0.0111261
0.00839733
0.00841924
0.00843429
0.00844184
0.00844155
0.00843343
0.00841784
0.00839545
0.00836724
0.00833437
0.00829823
0.00826025
0.00822194
0.00818476
0.0081501
0.00811921
0.00809319
0.00807295
0.00805916
0.0080523
0.00805258
0.00806001
0.00807432
0.00809504
0.00812145
0.00815265
0.00818753
0.00822482
0.00826314
0.00830101
0.00833695
0.00836951
0.00362733
0.00364266
0.00365325
0.00365863
0.00365853
0.00365296
0.00364218
0.0036267
0.00360722
0.00358461
0.00355984
0.00353394
0.00350793
0.00348282
0.00345951
0.00343881
0.00342143
0.00340793
0.00339872
0.00339409
0.00339419
0.003399
0.00340838
0.00342204
0.00343956
0.00346035
0.00348374
0.00350889
0.0035349
0.00356077
0.00358548
0.00360799
0.012364
0.0123738
0.0123808
0.0123846
0.0123852
0.0123824
0.0123765
0.0123676
0.012356
0.0123423
0.0123269
0.0123104
0.0122936
0.012277
0.0122614
0.0122473
0.0122352
0.0122256
0.0122188
0.0122152
0.0122148
0.0122177
0.0122237
0.0122325
0.012244
0.0122575
0.0122726
0.0122888
0.0123055
0.0123219
0.0123376
0.0123518
0.0111337
0.011151
0.0111633
0.01117
0.0111709
0.0111659
0.0111553
0.0111394
0.0111189
0.0110947
0.0110677
0.011039
0.0110097
0.010981
0.0109538
0.0109293
0.0109084
0.0108918
0.0108801
0.0108737
0.0108729
0.0108777
0.0108879
0.0109032
0.0109229
0.0109464
0.0109728
0.0110012
0.0110304
0.0110594
0.0110869
0.0111121
0.00837695
0.00839754
0.00841214
0.00842014
0.00842118
0.00841522
0.00840253
0.00838363
0.00835935
0.00833068
0.00829882
0.00826504
0.00823068
0.00819705
0.00816543
0.00813696
0.00811268
0.00809344
0.0080799
0.00807254
0.00807159
0.00807709
0.00808885
0.00810647
0.00812934
0.00815665
0.00818744
0.00822059
0.00825486
0.00828895
0.00832151
0.00835125
0.00361134
0.00362532
0.00363527
0.00364074
0.00364148
0.00363745
0.00362885
0.00361605
0.00359965
0.00358035
0.00355898
0.00353643
0.00351359
0.00349134
0.00347049
0.00345181
0.00343592
0.00342335
0.00341453
0.00340971
0.00340907
0.00341261
0.00342023
0.00343168
0.00344659
0.00346447
0.00348472
0.00350661
0.00352936
0.0035521
0.00357393
0.00359396
0.0123622
0.0123725
0.0123801
0.0123845
0.0123857
0.0123836
0.0123782
0.0123698
0.0123587
0.0123453
0.0123301
0.0123137
0.0122969
0.0122801
0.0122642
0.0122497
0.0122371
0.012227
0.0122197
0.0122155
0.0122145
0.0122168
0.0122222
0.0122306
0.0122416
0.0122548
0.0122698
0.0122859
0.0123025
0.0123191
0.012335
0.0123495
0.0111291
0.0111474
0.0111607
0.0111686
0.0111708
0.011167
0.0111576
0.0111429
0.0111234
0.0111
0.0110736
0.0110453
0.0110161
0.0109872
0.0109597
0.0109347
0.010913
0.0108954
0.0108827
0.0108752
0.0108732
0.0108768
0.0108859
0.0109001
0.0109188
0.0109415
0.0109673
0.0109952
0.0110243
0.0110533
0.0110811
0.0111068
0.00837056
0.00839222
0.00840812
0.00841759
0.00842021
0.00841587
0.00840476
0.00838736
0.00836441
0.00833686
0.00830586
0.00827265
0.00823856
0.00820491
0.00817296
0.00814389
0.00811877
0.00809847
0.0080837
0.00807498
0.00807259
0.00807662
0.00808692
0.00810314
0.00812473
0.00815091
0.00818078
0.00821324
0.0082471
0.00828106
0.00831382
0.00834406
0.0036061
0.00362076
0.00363159
0.00363811
0.00364001
0.0036372
0.00362982
0.0036182
0.00360286
0.00358448
0.00356385
0.00354183
0.00351929
0.00349712
0.00347615
0.00345712
0.0034407
0.00342744
0.00341779
0.00341204
0.00341039
0.00341287
0.00341941
0.00342981
0.00344372
0.00346068
0.00348014
0.0035014
0.00352369
0.00354619
0.003568
0.00358826
0.0123673
0.0123784
0.0123864
0.0123911
0.0123923
0.0123899
0.012384
0.0123748
0.0123626
0.012348
0.0123315
0.0123138
0.0122956
0.0122775
0.0122604
0.0122448
0.0122313
0.0122204
0.0122127
0.0122082
0.0122073
0.0122099
0.0122159
0.012225
0.012237
0.0122514
0.0122676
0.012285
0.012303
0.0123209
0.012338
0.0123537
0.0111394
0.0111595
0.0111743
0.0111831
0.0111855
0.0111815
0.0111712
0.011155
0.0111337
0.011108
0.0110789
0.0110478
0.0110157
0.010984
0.0109538
0.0109263
0.0109024
0.0108831
0.0108691
0.0108608
0.0108586
0.0108624
0.0108723
0.0108877
0.0109083
0.0109331
0.0109614
0.010992
0.0110239
0.0110558
0.0110864
0.0111147
0.00838328
0.00840761
0.00842558
0.00843642
0.00843965
0.00843513
0.00842305
0.00840394
0.00837861
0.00834816
0.00831384
0.00827705
0.00823925
0.00820193
0.00816647
0.00813419
0.00810625
0.00808363
0.0080671
0.00805722
0.00805433
0.00805851
0.00806962
0.00808728
0.00811089
0.00813964
0.00817252
0.00820834
0.0082458
0.00828347
0.0083199
0.00835363
0.00361541
0.00363232
0.00364496
0.00365275
0.00365531
0.00365254
0.00364455
0.00363172
0.00361464
0.00359408
0.00357093
0.00354617
0.00352079
0.0034958
0.00347212
0.00345061
0.003432
0.0034169
0.00340581
0.00339907
0.00339688
0.00339931
0.00340628
0.00341757
0.00343284
0.00345158
0.00347319
0.00349691
0.00352191
0.00354725
0.00357194
0.00359498
0.0123755
0.0123851
0.0123914
0.0123943
0.0123934
0.0123889
0.012381
0.0123699
0.012356
0.0123399
0.0123223
0.0123038
0.0122851
0.012267
0.0122502
0.0122354
0.012223
0.0122136
0.0122075
0.0122049
0.012206
0.0122106
0.0122186
0.0122297
0.0122434
0.0122593
0.0122766
0.0122949
0.0123133
0.0123313
0.012348
0.012363
0.0111555
0.0111736
0.0111857
0.0111915
0.0111905
0.0111829
0.0111689
0.0111492
0.0111245
0.0110958
0.0110644
0.0110314
0.0109981
0.0109658
0.0109357
0.010909
0.0108866
0.0108694
0.0108579
0.0108526
0.0108536
0.0108609
0.0108742
0.0108931
0.0109169
0.0109447
0.0109754
0.0110081
0.0110413
0.0110739
0.0111046
0.0111322
0.00840339
0.00842567
0.00844084
0.00844823
0.00844752
0.00843874
0.00842227
0.00839882
0.0083694
0.00833525
0.0082978
0.00825854
0.00821904
0.00818079
0.00814522
0.00811363
0.00808712
0.00806662
0.00805281
0.00804616
0.00804688
0.00805494
0.00807006
0.00809175
0.00811925
0.00815163
0.00818772
0.00822623
0.00826573
0.0083047
0.00834161
0.00837497
0.00363019
0.00364608
0.0036571
0.00366275
0.00366274
0.00365708
0.00364604
0.00363012
0.00361007
0.00358677
0.00356125
0.00353455
0.00350774
0.00348184
0.00345781
0.00343648
0.00341855
0.00340462
0.0033951
0.0033903
0.00339035
0.00339525
0.00340484
0.00341884
0.0034368
0.00345814
0.00348216
0.00350803
0.0035348
0.00356145
0.00358693
0.00361018
0.0123814
0.0123863
0.0123879
0.0123861
0.0123809
0.0123727
0.0123616
0.0123482
0.0123328
0.0123162
0.0122989
0.0122817
0.0122652
0.01225
0.0122368
0.012226
0.0122181
0.0122134
0.012212
0.012214
0.0122193
0.0122277
0.0122388
0.0122522
0.0122675
0.012284
0.0123011
0.0123181
0.0123344
0.0123495
0.0123627
0.0123734
0.0111671
0.0111767
0.0111802
0.0111774
0.0111686
0.0111539
0.0111342
0.01111
0.0110825
0.0110526
0.0110217
0.0109908
0.0109613
0.010934
0.0109102
0.0108907
0.0108761
0.0108671
0.0108639
0.0108666
0.0108751
0.0108892
0.0109082
0.0109316
0.0109585
0.0109878
0.0110185
0.0110494
0.0110793
0.0111071
0.0111316
0.0111519
0.00841811
0.00843016
0.00843486
0.008432
0.00842171
0.00840443
0.00838088
0.00835209
0.00831923
0.00828367
0.00824682
0.00821012
0.00817497
0.00814268
0.00811441
0.00809116
0.00807374
0.00806273
0.00805852
0.00806122
0.00807075
0.00808679
0.00810877
0.00813594
0.00816735
0.00820187
0.00823824
0.00827508
0.00831099
0.00834454
0.00837437
0.00839924
0.00364125
0.00365007
0.00365378
0.00365221
0.00364544
0.00363376
0.00361773
0.00359806
0.00357561
0.00355135
0.00352625
0.00350132
0.00347749
0.00345562
0.00343648
0.00342071
0.00340881
0.00340116
0.00339798
0.00339939
0.00340532
0.00341561
0.00342991
0.00344778
0.00346862
0.00349173
0.00351629
0.00354138
0.00356604
0.0035893
0.00361016
0.00362774
0.0123794
0.0123772
0.0123721
0.0123642
0.0123539
0.0123416
0.0123276
0.0123126
0.0122972
0.0122818
0.0122671
0.0122537
0.0122421
0.0122327
0.012226
0.0122222
0.0122213
0.0122236
0.0122288
0.0122368
0.0122472
0.0122597
0.0122738
0.0122888
0.0123044
0.0123197
0.0123343
0.0123475
0.012359
0.0123682
0.0123748
0.0123786
0.0111637
0.0111598
0.0111506
0.0111363
0.0111176
0.0110952
0.0110699
0.0110429
0.0110151
0.0109876
0.0109615
0.0109378
0.0109172
0.0109007
0.0108888
0.0108819
0.0108803
0.010884
0.010893
0.0109068
0.010925
0.0109469
0.0109717
0.0109985
0.0110262
0.0110538
0.0110802
0.0111044
0.0111255
0.0111425
0.0111549
0.011162
0.00841427
0.00840979
0.00839878
0.00838173
0.00835933
0.00833253
0.00830242
0.00827022
0.00823719
0.00820462
0.00817373
0.00814567
0.00812147
0.00810199
0.00808791
0.00807972
0.0080777
0.00808192
0.00809222
0.00810826
0.00812947
0.00815509
0.00818422
0.00821579
0.00824862
0.00828146
0.00831305
0.00834213
0.00836751
0.00838817
0.00840323
0.00841206
0.003639
0.00363593
0.00362833
0.00361656
0.00360114
0.00358274
0.00356214
0.0035402
0.00351779
0.00349579
0.00347502
0.00345622
0.00344006
0.00342708
0.00341772
0.00341226
0.00341088
0.00341362
0.0034204
0.003431
0.00344508
0.00346216
0.00348166
0.0035029
0.0035251
0.00354742
0.003569
0.00358896
0.00360646
0.00362077
0.00363124
0.00363741
0.0123675
0.0123594
0.012349
0.0123368
0.0123233
0.0123089
0.0122942
0.0122797
0.0122661
0.0122537
0.012243
0.0122346
0.0122287
0.0122256
0.0122253
0.012228
0.0122335
0.0122416
0.012252
0.0122643
0.0122781
0.0122927
0.0123076
0.0123223
0.0123361
0.0123485
0.0123591
0.0123673
0.012373
0.0123759
0.012376
0.0123731
0.0111408
0.0111253
0.0111058
0.0110831
0.0110581
0.0110318
0.0110051
0.0109791
0.0109549
0.0109331
0.0109148
0.0109006
0.010891
0.0108863
0.0108867
0.0108922
0.0109027
0.0109176
0.0109366
0.0109589
0.0109836
0.0110098
0.0110366
0.0110628
0.0110876
0.0111098
0.0111286
0.0111433
0.0111532
0.011158
0.0111575
0.0111517
0.00838598
0.00836696
0.00834322
0.00831574
0.00828563
0.00825409
0.00822234
0.0081916
0.00816301
0.00813762
0.00811635
0.00809994
0.00808898
0.00808386
0.00808474
0.0080916
0.00810421
0.00812214
0.00814474
0.00817122
0.00820062
0.00823184
0.00826371
0.008295
0.00832448
0.00835097
0.00837338
0.00839078
0.00840245
0.0084079
0.0084069
0.00839948
0.00361857
0.00360489
0.00358807
0.00356882
0.00354794
0.00352629
0.00350471
0.00348401
0.00346494
0.00344819
0.00343431
0.00342379
0.00341696
0.00341404
0.00341514
0.00342021
0.00342909
0.00344151
0.00345704
0.00347517
0.00349527
0.00351659
0.00353836
0.00355972
0.00357982
0.00359783
0.00361299
0.00362463
0.00363225
0.0036355
0.00363422
0.00362849
0.0123537
0.0123447
0.0123339
0.012322
0.0123093
0.0122963
0.0122834
0.0122713
0.0122602
0.0122507
0.012243
0.0122375
0.0122345
0.012234
0.0122361
0.0122408
0.0122477
0.0122568
0.0122676
0.0122797
0.0122927
0.012306
0.0123191
0.0123316
0.0123428
0.0123523
0.0123598
0.0123651
0.0123678
0.012368
0.0123657
0.0123608
0.0111128
0.0110951
0.0110747
0.0110523
0.0110288
0.0110051
0.0109821
0.0109606
0.0109415
0.0109255
0.0109132
0.0109049
0.0109011
0.0109018
0.0109071
0.0109168
0.0109304
0.0109476
0.0109677
0.0109898
0.0110133
0.0110371
0.0110605
0.0110823
0.0111019
0.0111184
0.0111311
0.0111396
0.0111434
0.0111426
0.011137
0.0111269
0.00835027
0.00832843
0.00830341
0.00827623
0.00824796
0.00821969
0.0081925
0.0081674
0.0081453
0.008127
0.00811315
0.00810424
0.00810058
0.0081023
0.00810935
0.00812149
0.00813829
0.00815917
0.00818337
0.00821001
0.00823809
0.00826656
0.00829431
0.00832024
0.00834331
0.00836258
0.00837725
0.0083867
0.00839055
0.00838862
0.00838101
0.00836805
0.00359189
0.00357611
0.00355835
0.00353936
0.00351989
0.00350068
0.00348247
0.00346591
0.00345157
0.00343996
0.00343147
0.00342636
0.00342481
0.00342688
0.00343249
0.00344147
0.00345353
0.00346825
0.00348513
0.00350358
0.00352291
0.0035424
0.00356129
0.0035788
0.00359422
0.00360689
0.00361626
0.00362192
0.00362361
0.00362126
0.00361497
0.00360504
0.0123521
0.0123476
0.0123415
0.0123338
0.012325
0.0123152
0.0123049
0.0122944
0.0122842
0.0122746
0.012266
0.0122587
0.0122531
0.0122494
0.0122476
0.012248
0.0122505
0.0122549
0.0122612
0.0122691
0.0122783
0.0122883
0.0122989
0.0123095
0.0123198
0.0123293
0.0123378
0.0123448
0.0123501
0.0123536
0.0123551
0.0123546
0.0111073
0.0110984
0.0110866
0.0110724
0.0110562
0.0110387
0.0110206
0.0110026
0.0109854
0.0109695
0.0109557
0.0109444
0.010936
0.010931
0.0109294
0.0109313
0.0109367
0.0109453
0.0109569
0.010971
0.0109871
0.0110045
0.0110227
0.0110408
0.0110583
0.0110743
0.0110883
0.0110998
0.0111082
0.0111133
0.0111149
0.0111128
0.00834209
0.00833094
0.00831644
0.00829919
0.00827986
0.00825923
0.00823808
0.00821723
0.00819747
0.00817952
0.00816406
0.00815165
0.00814274
0.00813767
0.00813662
0.00813963
0.0081466
0.00815729
0.00817131
0.00818815
0.00820717
0.00822768
0.00824889
0.00826998
0.00829012
0.00830854
0.00832448
0.00833731
0.00834651
0.00835171
0.0083527
0.00834945
0.00358492
0.00357678
0.00356654
0.00355463
0.00354153
0.00352776
0.00351386
0.00350034
0.00348773
0.00347647
0.00346698
0.00345958
0.00345453
0.00345203
0.00345214
0.00345488
0.00346014
0.00346776
0.00347746
0.00348892
0.0035017
0.00351534
0.00352933
0.00354311
0.00355616
0.00356793
0.00357795
0.00358581
0.00359117
0.00359381
0.00359363
0.00359062
0.0123656
0.0123682
0.0123682
0.0123657
0.0123607
0.0123534
0.0123441
0.0123331
0.0123209
0.0123078
0.0122944
0.0122813
0.012269
0.0122579
0.0122486
0.0122412
0.0122363
0.0122338
0.012234
0.0122368
0.0122421
0.0122496
0.0122591
0.0122702
0.0122824
0.0122953
0.0123084
0.0123213
0.0123333
0.0123441
0.0123534
0.0123606
0.0111327
0.0111376
0.0111379
0.0111337
0.0111251
0.0111126
0.0110965
0.0110776
0.0110565
0.0110341
0.0110113
0.0109889
0.0109679
0.0109489
0.0109328
0.0109201
0.0109113
0.0109068
0.0109065
0.0109107
0.0109191
0.0109314
0.0109472
0.0109658
0.0109865
0.0110087
0.0110314
0.0110537
0.0110749
0.0110941
0.0111106
0.0111236
0.00837303
0.00837891
0.0083795
0.00837479
0.00836494
0.00835038
0.00833169
0.00830965
0.00828513
0.00825912
0.00823265
0.00820674
0.00818237
0.00816046
0.00814181
0.0081271
0.00811686
0.00811143
0.00811101
0.00811561
0.00812504
0.00813898
0.00815692
0.00817821
0.00820207
0.00822763
0.00825393
0.00827996
0.00830474
0.00832727
0.00834667
0.00836213
0.00360682
0.00361109
0.00361184
0.00360905
0.00360281
0.00359341
0.00358123
0.00356681
0.00355073
0.00353366
0.00351628
0.00349926
0.00348325
0.00346883
0.00345652
0.00344674
0.00343983
0.00343603
0.00343544
0.00343809
0.00344388
0.00345261
0.00346398
0.0034776
0.00349299
0.00350959
0.00352681
0.00354398
0.00356044
0.00357554
0.00358866
0.00359923
0.012386
0.0123928
0.0123961
0.0123957
0.0123916
0.0123839
0.0123731
0.0123593
0.0123433
0.0123255
0.0123067
0.0122877
0.0122692
0.0122519
0.0122365
0.0122235
0.0122136
0.012207
0.012204
0.0122048
0.0122091
0.012217
0.012228
0.0122417
0.0122576
0.0122751
0.0122936
0.0123123
0.0123305
0.0123476
0.012363
0.0123759
0.0111721
0.0111857
0.0111928
0.0111932
0.0111869
0.0111741
0.0111553
0.0111314
0.0111031
0.0110719
0.0110387
0.011005
0.0109721
0.0109412
0.0109134
0.0108899
0.0108714
0.0108586
0.0108519
0.0108517
0.0108578
0.0108701
0.0108881
0.0109112
0.0109385
0.010969
0.0110016
0.0110351
0.0110683
0.0110997
0.0111282
0.0111527
0.00842167
0.0084388
0.00844827
0.00844963
0.00844283
0.00842814
0.00840622
0.008378
0.00834469
0.00830768
0.00826846
0.00822861
0.00818965
0.00815307
0.00812018
0.00809216
0.00806998
0.0080544
0.00804593
0.00804484
0.00805116
0.00806468
0.00808493
0.00811122
0.00814265
0.00817811
0.00821634
0.00825591
0.00829535
0.0083331
0.00836766
0.00839761
0.0036416
0.00365441
0.00366197
0.00366391
0.00366014
0.00365084
0.00363643
0.00361758
0.00359515
0.00357011
0.00354354
0.0035165
0.00349005
0.00346517
0.00344273
0.00342351
0.00340813
0.00339707
0.00339066
0.00338909
0.0033924
0.0034005
0.00341312
0.00342988
0.00345024
0.00347353
0.00349897
0.00352563
0.00355253
0.00357862
0.00360284
0.00362415
0.0124071
0.0124118
0.0124122
0.0124082
0.0124001
0.012388
0.0123726
0.0123543
0.0123338
0.0123119
0.0122896
0.0122677
0.0122469
0.0122283
0.0122124
0.0121999
0.0121912
0.0121867
0.0121866
0.0121907
0.0121991
0.0122113
0.0122268
0.0122451
0.0122654
0.012287
0.0123091
0.0123308
0.0123513
0.0123698
0.0123857
0.0123983
0.0112118
0.0112217
0.0112237
0.0112177
0.0112039
0.011183
0.0111558
0.0111235
0.0110872
0.0110486
0.011009
0.0109701
0.0109333
0.0108999
0.0108713
0.0108484
0.0108321
0.0108229
0.0108212
0.0108269
0.01084
0.0108598
0.0108858
0.010917
0.0109523
0.0109903
0.0110296
0.0110688
0.0111063
0.0111406
0.0111704
0.0111945
0.00847039
0.00848324
0.00848656
0.0084802
0.00846444
0.00843997
0.00840788
0.00836955
0.00832659
0.00828078
0.00823396
0.00818793
0.00814442
0.00810503
0.00807113
0.00804389
0.00802422
0.00801276
0.00800988
0.00801568
0.00802995
0.00805222
0.00808176
0.00811756
0.00815839
0.0082028
0.00824918
0.00829577
0.00834077
0.00838235
0.00841881
0.00844859
0.00367607
0.003686
0.00368932
0.00368585
0.00367578
0.00365957
0.003638
0.00361208
0.00358298
0.00355194
0.00352023
0.0034891
0.00345971
0.00343307
0.00341008
0.00339147
0.00337782
0.00336952
0.0033668
0.00336976
0.00337829
0.00339214
0.0034109
0.003434
0.00346071
0.00349013
0.00352123
0.00355287
0.00358382
0.00361281
0.00363859
0.00366001
0.0124251
0.0124227
0.0124155
0.0124039
0.0123882
0.0123691
0.0123473
0.0123236
0.0122989
0.0122742
0.0122504
0.0122285
0.0122092
0.0121935
0.0121818
0.0121745
0.0121721
0.0121746
0.0121818
0.0121935
0.0122093
0.0122285
0.0122504
0.0122742
0.0122988
0.0123235
0.0123472
0.012369
0.0123881
0.0124038
0.0124155
0.0124227
0.0112464
0.0112422
0.0112293
0.0112082
0.0111798
0.0111453
0.0111061
0.0110638
0.01102
0.0109764
0.0109347
0.0108965
0.0108631
0.0108357
0.0108154
0.0108028
0.0107984
0.0108023
0.0108144
0.0108343
0.0108613
0.0108944
0.0109323
0.0109739
0.0110174
0.0110612
0.0111037
0.0111431
0.0111779
0.0112067
0.0112283
0.0112417
0.00851321
0.00850834
0.00849292
0.00846765
0.00843366
0.00839243
0.00834573
0.0082955
0.00824376
0.00819251
0.0081437
0.00809908
0.00806022
0.00802846
0.00800486
0.00799017
0.00798488
0.00798915
0.00800285
0.00802555
0.00805651
0.00809469
0.00813881
0.00818731
0.00823843
0.00829026
0.00834079
0.00838797
0.00842986
0.00846467
0.00849087
0.00850729
0.00370677
0.00370351
0.00369289
0.00367545
0.00365204
0.00362375
0.00359189
0.00355783
0.00352298
0.00348869
0.00345624
0.00342675
0.0034012
0.00338039
0.00336495
0.00335532
0.00335178
0.00335444
0.00336321
0.00337785
0.00339795
0.00342289
0.00345192
0.00348406
0.00351821
0.00355312
0.00358741
0.00361969
0.00364855
0.00367269
0.00369098
0.00370253
0.012435
0.0124264
0.0124129
0.012395
0.0123734
0.0123489
0.0123224
0.0122951
0.0122678
0.0122416
0.0122176
0.0121966
0.0121795
0.012167
0.0121594
0.0121572
0.0121603
0.0121688
0.0121822
0.0122001
0.0122217
0.0122464
0.012273
0.0123006
0.012328
0.0123543
0.0123784
0.0123993
0.0124164
0.0124288
0.0124363
0.0124383
0.011267
0.01125
0.011224
0.0111902
0.0111498
0.0111046
0.0110564
0.011007
0.0109585
0.0109125
0.0108709
0.010835
0.0108062
0.0107855
0.0107736
0.0107709
0.0107775
0.0107932
0.0108174
0.0108494
0.010888
0.0109317
0.0109791
0.0110283
0.0110775
0.0111248
0.0111682
0.011206
0.0112366
0.0112587
0.0112715
0.0112743
0.00853978
0.00851836
0.00848609
0.00844445
0.00839527
0.00834068
0.00828293
0.00822434
0.00816715
0.00811345
0.00806516
0.00802392
0.00799109
0.00796773
0.00795458
0.00795206
0.00796025
0.0079789
0.00800744
0.00804498
0.00809028
0.00814182
0.0081978
0.00825618
0.00831475
0.0083712
0.00842321
0.00846857
0.00850528
0.0085317
0.00854662
0.00854935
0.00372659
0.00371062
0.00368717
0.00365741
0.00362275
0.00358478
0.00354513
0.00350541
0.00346711
0.0034316
0.00340005
0.00337343
0.00335254
0.00333797
0.00333011
0.00332918
0.0033352
0.00334803
0.00336733
0.00339255
0.00342298
0.00345767
0.00349548
0.0035351
0.00357503
0.00361367
0.00364937
0.00368052
0.00370565
0.00372352
0.00373322
0.00373425
0.012433
0.0124249
0.0124119
0.0123946
0.0123737
0.0123498
0.012324
0.0122972
0.0122704
0.0122446
0.0122209
0.0122001
0.012183
0.0121704
0.0121626
0.0121601
0.0121628
0.0121708
0.0121837
0.012201
0.012222
0.012246
0.012272
0.0122991
0.012326
0.0123519
0.0123757
0.0123964
0.0124134
0.0124259
0.0124335
0.0124359
0.0112628
0.0112462
0.0112208
0.0111875
0.0111479
0.0111036
0.0110563
0.0110078
0.0109601
0.0109149
0.010874
0.0108387
0.0108103
0.0107899
0.0107781
0.0107754
0.0107818
0.0107971
0.0108209
0.0108522
0.01089
0.010933
0.0109795
0.0110279
0.0110762
0.0111227
0.0111653
0.0112025
0.0112326
0.0112544
0.011267
0.0112698
0.00853441
0.00851305
0.00848106
0.00843989
0.00839135
0.00833755
0.00828069
0.00822306
0.00816685
0.00811414
0.00806677
0.00802638
0.00799429
0.00797154
0.00795885
0.00795662
0.00796494
0.00798354
0.00801186
0.00804901
0.00809376
0.00814462
0.00819979
0.00825728
0.00831489
0.00837035
0.00842138
0.0084658
0.00850167
0.00852738
0.00854175
0.00854413
0.00372249
0.00370627
0.00368275
0.00365308
0.0036187
0.00358114
0.00354204
0.00350295
0.00346536
0.00343058
0.00339977
0.00337389
0.00335369
0.00333975
0.00333245
0.00333198
0.00333836
0.00335144
0.00337085
0.00339607
0.00342635
0.00346077
0.00349818
0.00353726
0.00357655
0.00361446
0.00364937
0.00367969
0.003704
0.00372109
0.0037301
0.00373058
0.0124226
0.0124218
0.0124163
0.0124064
0.0123923
0.0123747
0.0123541
0.0123315
0.0123075
0.0122832
0.0122595
0.0122373
0.0122175
0.0122009
0.012188
0.0121795
0.0121756
0.0121764
0.012182
0.0121922
0.0122064
0.0122242
0.012245
0.0122677
0.0122917
0.0123159
0.0123394
0.0123614
0.012381
0.0123975
0.0124102
0.0124187
0.0112395
0.0112371
0.0112262
0.0112072
0.011181
0.0111487
0.0111115
0.0110709
0.0110286
0.0109862
0.0109453
0.0109075
0.0108741
0.0108463
0.0108251
0.0108114
0.0108055
0.0108077
0.0108179
0.0108358
0.0108607
0.0108917
0.0109278
0.0109676
0.0110096
0.0110522
0.0110938
0.0111327
0.0111674
0.0111965
0.0112188
0.0112333
0.00850356
0.00849996
0.00848616
0.00846277
0.00843085
0.00839179
0.00834725
0.00829908
0.00824922
0.0081996
0.0081521
0.00810844
0.00807016
0.00803858
0.00801477
0.00799951
0.00799331
0.00799637
0.0080086
0.00802962
0.00805874
0.00809499
0.00813714
0.0081837
0.00823298
0.00828314
0.00833221
0.00837824
0.00841932
0.00845371
0.00847991
0.00849678
0.00369837
0.00369532
0.00368526
0.00366869
0.00364641
0.00361948
0.0035891
0.00355657
0.00352325
0.00349042
0.00345929
0.00343096
0.00340636
0.00338627
0.00337132
0.00336194
0.00335841
0.00336084
0.00336916
0.00338314
0.00340238
0.00342629
0.00345412
0.00348495
0.0035177
0.00355115
0.00358401
0.00361491
0.00364254
0.00366565
0.00368316
0.00369425
0.0124163
0.0124241
0.0124271
0.0124252
0.0124184
0.0124071
0.0123916
0.0123724
0.0123504
0.0123264
0.0123013
0.0122761
0.0122519
0.0122295
0.0122099
0.0121938
0.0121817
0.0121743
0.0121716
0.0121739
0.012181
0.0121925
0.0122082
0.0122273
0.0122491
0.0122728
0.0122975
0.0123223
0.0123461
0.0123683
0.0123878
0.012404
0.0112246
0.0112391
0.0112451
0.0112422
0.0112306
0.0112108
0.0111836
0.0111501
0.0111117
0.0110699
0.0110264
0.010983
0.0109412
0.0109026
0.0108686
0.0108406
0.0108194
0.0108059
0.0108004
0.0108032
0.0108142
0.010833
0.0108589
0.010891
0.0109281
0.0109689
0.0110119
0.0110554
0.0110978
0.0111374
0.0111727
0.0112022
0.00848323
0.00850102
0.00850858
0.00850558
0.00849212
0.00846882
0.0084367
0.00839718
0.00835193
0.00830286
0.00825195
0.00820119
0.00815253
0.00810773
0.00806841
0.0080359
0.00801131
0.00799544
0.00798881
0.00799161
0.00800375
0.00802483
0.00805416
0.00809076
0.00813338
0.00818053
0.00823052
0.00828148
0.00833147
0.00837848
0.00842059
0.00845602
0.00368181
0.00369464
0.00370052
0.00369917
0.00369063
0.00367533
0.00365401
0.00362766
0.00359749
0.00356481
0.00353101
0.00349741
0.00346529
0.00343579
0.00340991
0.00338848
0.00337216
0.00336143
0.00335659
0.00335779
0.00336499
0.00337796
0.00339634
0.00341957
0.00344691
0.00347748
0.00351023
0.00354398
0.00357744
0.00360926
0.00363809
0.00366265
0.0124256
0.0124374
0.012444
0.0124449
0.0124402
0.0124299
0.0124145
0.0123946
0.0123709
0.0123444
0.012316
0.012287
0.0122584
0.0122315
0.0122072
0.0121864
0.01217
0.0121586
0.0121525
0.0121521
0.0121572
0.0121677
0.0121831
0.0122029
0.0122263
0.0122523
0.0122802
0.0123087
0.0123369
0.0123636
0.0123879
0.0124088
0.0112418
0.0112644
0.0112774
0.0112802
0.0112727
0.0112553
0.0112286
0.0111939
0.0111524
0.011106
0.0110566
0.011006
0.0109563
0.0109093
0.0108668
0.0108303
0.0108011
0.0107802
0.0107683
0.0107659
0.0107729
0.0107892
0.0108142
0.010847
0.0108864
0.0109311
0.0109794
0.0110296
0.0110797
0.0111279
0.0111721
0.0112106
0.00850373
0.0085318
0.00854841
0.00855277
0.00854469
0.00852452
0.00849319
0.00845213
0.00840317
0.00834842
0.00829017
0.00823079
0.00817257
0.00811769
0.0080681
0.00802551
0.00799134
0.00796669
0.00795233
0.00794869
0.00795587
0.00797366
0.00800147
0.00803843
0.00808333
0.00813468
0.00819068
0.00824934
0.00830845
0.00836572
0.00841882
0.0084655
0.00369577
0.00371621
0.00372887
0.00373307
0.00372861
0.0037157
0.00369501
0.00366757
0.00363471
0.00359794
0.0035589
0.0035192
0.00348039
0.00344389
0.00341096
0.00338265
0.00335981
0.0033431
0.00333298
0.00332971
0.00333338
0.00334387
0.0033609
0.003384
0.00341251
0.00344555
0.00348208
0.00352084
0.00356044
0.00359934
0.00363591
0.00366856
0.0124502
0.0124607
0.0124649
0.0124626
0.0124538
0.012439
0.0124186
0.0123935
0.0123646
0.012333
0.0123001
0.012267
0.0122351
0.0122057
0.0121798
0.0121585
0.0121425
0.0121325
0.0121287
0.0121314
0.0121404
0.0121553
0.0121756
0.0122005
0.012229
0.01226
0.0122925
0.0123252
0.0123568
0.0123862
0.0124122
0.0124338
0.0112906
0.0113103
0.0113184
0.0113147
0.0112992
0.0112727
0.0112362
0.0111914
0.0111401
0.0110845
0.0110267
0.010969
0.0109136
0.0108626
0.0108178
0.0107808
0.0107528
0.0107349
0.0107276
0.0107311
0.0107454
0.0107699
0.0108038
0.0108459
0.0108948
0.0109488
0.0110058
0.0110637
0.0111202
0.0111733
0.0112206
0.0112603
0.00856531
0.00858969
0.00860011
0.00859606
0.00857775
0.00854603
0.00850241
0.00844889
0.00838784
0.0083219
0.00825377
0.00818614
0.00812155
0.00806232
0.00801047
0.00796771
0.0079354
0.00791452
0.0079057
0.0079092
0.00792491
0.00795235
0.0079907
0.00803874
0.00809493
0.00815739
0.00822392
0.00829209
0.00835927
0.00842276
0.00847988
0.00852813
0.00374105
0.00375866
0.00376655
0.00376431
0.00375205
0.00373044
0.0037006
0.00366404
0.00362252
0.00357795
0.00353222
0.00348715
0.00344441
0.00340545
0.0033715
0.00334358
0.00332244
0.00330865
0.00330256
0.00330431
0.00331387
0.00333098
0.00335521
0.0033859
0.00342218
0.00346296
0.0035069
0.00355245
0.00359788
0.00364132
0.00368087
0.00371467
0.0124764
0.0124836
0.0124834
0.012476
0.0124615
0.0124406
0.012414
0.0123828
0.0123481
0.0123114
0.0122741
0.0122377
0.0122035
0.0121728
0.0121469
0.0121267
0.012113
0.0121062
0.0121066
0.0121142
0.0121286
0.0121494
0.0121758
0.0122066
0.0122408
0.0122771
0.0123141
0.0123504
0.0123846
0.0124154
0.0124416
0.0124622
0.0113443
0.0113572
0.0113566
0.0113425
0.0113155
0.0112768
0.0112281
0.0111715
0.0111093
0.0110441
0.0109784
0.0109147
0.0108554
0.0108027
0.0107583
0.0107239
0.0107005
0.0106889
0.0106895
0.0107023
0.0107268
0.0107623
0.0108075
0.0108609
0.0109206
0.0109845
0.0110502
0.0111152
0.0111769
0.0112329
0.0112807
0.0113184
0.00863423
0.00865004
0.00864922
0.00863183
0.00859873
0.00855153
0.00849246
0.00842424
0.00834986
0.00827244
0.00819508
0.0081207
0.00805196
0.0079912
0.00794038
0.00790107
0.00787444
0.00786127
0.00786194
0.00787643
0.00790431
0.00794478
0.00799663
0.00805825
0.00812764
0.00820243
0.00827993
0.0083572
0.00843114
0.00849862
0.00855666
0.0086026
0.00379293
0.00380404
0.00380333
0.00379086
0.00376732
0.00373401
0.00369269
0.00364542
0.00359445
0.00354199
0.00349017
0.0034409
0.00339585
0.0033564
0.00332368
0.00329855
0.00328163
0.00327333
0.00327382
0.00328312
0.00330099
0.00332703
0.00336058
0.00340074
0.00344638
0.00349605
0.00354807
0.00360049
0.00365117
0.00369787
0.00373837
0.00377063
0.0124905
0.0124953
0.0124924
0.0124817
0.0124637
0.0124391
0.0124089
0.0123742
0.0123364
0.0122969
0.0122574
0.0122193
0.0121841
0.0121532
0.0121276
0.0121085
0.0120964
0.0120918
0.012095
0.0121056
0.0121234
0.0121477
0.0121776
0.0122118
0.0122492
0.0122883
0.0123276
0.0123657
0.0124011
0.0124323
0.0124583
0.0124779
0.0113736
0.0113822
0.0113761
0.0113557
0.0113219
0.0112762
0.0112205
0.0111573
0.0110891
0.0110187
0.0109489
0.0108823
0.0108213
0.0107681
0.0107245
0.010692
0.0106716
0.010664
0.0106695
0.0106878
0.0107184
0.0107602
0.0108119
0.0108717
0.0109374
0.0110068
0.0110772
0.0111459
0.0112101
0.0112672
0.0113148
0.0113508
0.00867247
0.00868281
0.00867509
0.0086497
0.0086079
0.00855174
0.00848391
0.00840749
0.00832582
0.00824228
0.00816014
0.00808243
0.00801185
0.00795072
0.00790095
0.00786402
0.007841
0.00783253
0.00783885
0.00785978
0.00789473
0.00794271
0.00800229
0.00807162
0.00814844
0.00823011
0.00831365
0.0083958
0.0084732
0.0085425
0.00860054
0.00864458
0.00382183
0.00382897
0.00382314
0.00380468
0.00377465
0.00373473
0.00368702
0.00363391
0.00357785
0.00352125
0.00346631
0.00341496
0.00336886
0.00332935
0.00329749
0.00327405
0.00325958
0.00325439
0.00325861
0.00327214
0.00329468
0.00332572
0.0033645
0.00340999
0.00346088
0.00351556
0.00357209
0.00362832
0.00368185
0.00373022
0.00377103
0.00380215
0.0124891
0.0124929
0.012489
0.0124775
0.0124588
0.0124337
0.0124032
0.0123685
0.0123309
0.0122918
0.0122529
0.0122156
0.0121813
0.0121514
0.012127
0.0121089
0.012098
0.0120945
0.0120985
0.01211
0.0121285
0.0121532
0.0121833
0.0122176
0.0122549
0.0122936
0.0123323
0.0123696
0.0124041
0.0124344
0.0124592
0.0124777
0.0113705
0.0113773
0.0113696
0.0113479
0.0113131
0.0112667
0.0112108
0.0111477
0.0110801
0.0110106
0.0109419
0.0108767
0.0108173
0.0107659
0.0107241
0.0106934
0.0106747
0.0106687
0.0106756
0.0106952
0.0107267
0.0107692
0.0108213
0.0108811
0.0109465
0.0110152
0.0110846
0.011152
0.0112146
0.01127
0.0113156
0.0113497
0.00866837
0.0086766
0.00866702
0.00864012
0.00859725
0.00854047
0.0084725
0.0083964
0.00831548
0.00823306
0.00815236
0.00807633
0.00800761
0.00794844
0.00790067
0.00786572
0.00784459
0.00783788
0.00784577
0.00786803
0.00790405
0.00795277
0.00801275
0.0080821
0.00815857
0.00823948
0.00832186
0.00840249
0.00847806
0.00854526
0.00860105
0.00864276
0.00381825
0.00382402
0.00381704
0.00379772
0.00376715
0.00372703
0.00367946
0.00362678
0.00357143
0.00351573
0.00346185
0.00341168
0.0033668
0.00332853
0.00329789
0.00327562
0.00326224
0.00325806
0.00326315
0.00327741
0.00330053
0.00333195
0.00337091
0.00341635
0.00346695
0.00352109
0.00357683
0.00363202
0.0036843
0.00373124
0.00377053
0.00380008
0.0124779
0.0124809
0.0124767
0.0124655
0.0124477
0.0124239
0.0123951
0.0123625
0.0123272
0.0122907
0.0122544
0.0122197
0.0121879
0.0121603
0.0121379
0.0121215
0.0121117
0.0121089
0.0121133
0.0121245
0.0121422
0.0121657
0.0121942
0.0122265
0.0122614
0.0122976
0.0123337
0.0123684
0.0124003
0.0124282
0.012451
0.0124678
0.0113465
0.0113519
0.0113441
0.0113233
0.0112904
0.0112469
0.0111946
0.0111358
0.0110729
0.0110083
0.0109447
0.0108843
0.0108294
0.0107819
0.0107436
0.0107156
0.0106989
0.010694
0.0107011
0.01072
0.01075
0.0107902
0.0108391
0.0108951
0.0109562
0.0110201
0.0110845
0.0111468
0.0112046
0.0112554
0.0112971
0.0113279
0.00863686
0.0086436
0.00863398
0.00860847
0.00856831
0.00851543
0.00845229
0.00838173
0.00830676
0.00823045
0.00815577
0.00808547
0.00802198
0.00796741
0.0079235
0.00789156
0.00787253
0.00786697
0.00787502
0.00789646
0.00793066
0.0079766
0.0080329
0.00809774
0.00816898
0.00824411
0.00832035
0.00839472
0.00846415
0.00852564
0.00857641
0.00861409
0.00379381
0.00379861
0.00379183
0.00377383
0.00374562
0.00370871
0.00366499
0.00361658
0.00356568
0.00351442
0.00346478
0.00341852
0.00337712
0.00334182
0.0033136
0.00329317
0.00328103
0.00327746
0.00328255
0.00329616
0.003318
0.0033475
0.00338393
0.00342625
0.0034732
0.00352323
0.00357456
0.00362516
0.0036729
0.00371559
0.00375113
0.00377768
0.0124659
0.0124679
0.0124633
0.0124522
0.0124351
0.0124126
0.0123856
0.0123551
0.0123223
0.0122886
0.0122551
0.0122233
0.0121943
0.0121692
0.0121491
0.0121346
0.0121263
0.0121245
0.0121293
0.0121404
0.0121574
0.0121797
0.0122065
0.0122367
0.0122692
0.0123027
0.0123359
0.0123677
0.0123968
0.012422
0.0124425
0.0124573
0.0113213
0.011325
0.0113164
0.0112961
0.0112648
0.011224
0.0111753
0.0111208
0.0110628
0.0110035
0.0109452
0.0108901
0.0108402
0.0107974
0.010763
0.0107383
0.0107242
0.0107209
0.0107288
0.0107474
0.0107762
0.0108142
0.0108601
0.0109123
0.0109689
0.0110278
0.0110868
0.0111436
0.0111959
0.0112416
0.0112787
0.0113057
0.00860437
0.00860882
0.00859842
0.00857367
0.00853575
0.00848644
0.00842798
0.00836296
0.00829414
0.00822429
0.00815612
0.00809213
0.00803456
0.00798533
0.00794603
0.00791787
0.00790169
0.00789797
0.00790682
0.00792797
0.00796078
0.00800427
0.00805707
0.00811745
0.00818337
0.00825249
0.00832221
0.00838979
0.00845245
0.0085075
0.00855247
0.00858528
0.00376925
0.00377242
0.00376517
0.00374791
0.00372156
0.00368748
0.00364738
0.00360315
0.00355677
0.00351014
0.00346507
0.00342313
0.00338571
0.00335394
0.00332872
0.00331072
0.00330039
0.00329799
0.00330356
0.00331699
0.00333792
0.00336583
0.00339994
0.00343928
0.00348261
0.00352848
0.00357521
0.00362096
0.00366377
0.00370171
0.00373293
0.00375584
0.0124579
0.012459
0.0124537
0.0124424
0.0124255
0.0124036
0.0123776
0.0123484
0.0123173
0.0122854
0.0122539
0.0122242
0.0121972
0.0121742
0.0121558
0.0121429
0.0121359
0.0121351
0.0121404
0.0121518
0.0121686
0.0121904
0.0122162
0.0122451
0.012276
0.0123077
0.012339
0.0123687
0.0123957
0.0124189
0.0124375
0.0124507
0.011305
0.0113068
0.0112972
0.0112766
0.0112458
0.0112063
0.0111597
0.0111079
0.011053
0.0109971
0.0109425
0.0108912
0.010845
0.0108057
0.0107745
0.0107525
0.0107406
0.010739
0.0107479
0.0107669
0.0107954
0.0108324
0.0108767
0.0109265
0.0109803
0.0110359
0.0110913
0.0111442
0.0111926
0.0112345
0.0112681
0.0112919
0.00858345
0.00858562
0.00857394
0.00854897
0.00851187
0.00846436
0.00840858
0.00834696
0.00828207
0.00821653
0.00815283
0.00809333
0.0080401
0.00799493
0.00795929
0.00793427
0.00792066
0.00791884
0.00792888
0.00795047
0.00798295
0.00802531
0.0080762
0.00813394
0.00819654
0.00826173
0.00832706
0.00838994
0.00844778
0.00849809
0.00853862
0.00856753
0.00375381
0.00375535
0.00374724
0.00372991
0.00370427
0.00367163
0.00363357
0.00359187
0.00354835
0.00350477
0.0034628
0.00342392
0.0033894
0.0033603
0.00333745
0.00332148
0.0033128
0.00331162
0.00331798
0.00333171
0.00335246
0.00337968
0.00341259
0.00345021
0.00349134
0.00353456
0.00357827
0.00362072
0.00366011
0.00369464
0.00372264
0.00374271
0.0124559
0.012456
0.0124499
0.0124379
0.0124205
0.0123983
0.0123722
0.0123432
0.0123124
0.012281
0.0122503
0.0122214
0.0121955
0.0121735
0.0121563
0.0121445
0.0121385
0.0121386
0.0121448
0.0121567
0.0121741
0.0121961
0.012222
0.0122508
0.0122813
0.0123125
0.0123431
0.0123719
0.012398
0.0124202
0.0124376
0.0124497
0.0113006
0.0113006
0.0112895
0.0112678
0.0112363
0.0111964
0.0111498
0.0110984
0.0110443
0.0109896
0.0109364
0.0108867
0.0108422
0.0108047
0.0107754
0.0107553
0.0107451
0.0107451
0.0107553
0.0107754
0.0108047
0.0108422
0.0108865
0.0109362
0.0109893
0.011044
0.011098
0.0111494
0.011196
0.0112359
0.0112675
0.0112894
0.00857762
0.00857773
0.00856434
0.00853807
0.00850016
0.00845233
0.00839674
0.00833576
0.00827195
0.00820783
0.00814586
0.00808829
0.00803714
0.00799411
0.00796061
0.00793767
0.007926
0.00792594
0.0079375
0.00796031
0.00799369
0.00803658
0.00808761
0.00814506
0.00820695
0.00827101
0.00833481
0.00839582
0.0084515
0.00849945
0.00853753
0.008564
0.00374948
0.00374961
0.00374035
0.0037222
0.00369609
0.00366334
0.00362552
0.00358437
0.00354167
0.00349913
0.00345837
0.0034208
0.00338766
0.00335995
0.00333847
0.0033238
0.00331633
0.00331625
0.00332356
0.00333806
0.00335939
0.00338695
0.00341995
0.0034574
0.00349808
0.00354056
0.00358327
0.00362446
0.00366238
0.00369528
0.00372158
0.00373997
0.0124604
0.0124594
0.012452
0.0124387
0.0124198
0.0123962
0.0123687
0.0123385
0.0123066
0.0122744
0.0122431
0.0122138
0.0121878
0.012166
0.0121493
0.0121382
0.0121331
0.0121343
0.0121417
0.012155
0.0121737
0.0121971
0.0122243
0.0122542
0.0122858
0.0123179
0.0123492
0.0123784
0.0124046
0.0124267
0.0124438
0.0124552
0.0113104
0.0113085
0.0112951
0.0112707
0.0112366
0.0111941
0.0111449
0.0110912
0.011035
0.0109787
0.0109242
0.0108737
0.010829
0.0107917
0.010763
0.010744
0.0107352
0.010737
0.0107494
0.0107718
0.0108035
0.0108434
0.0108902
0.0109422
0.0109975
0.011054
0.0111095
0.0111619
0.0112091
0.011249
0.01128
0.0113008
0.00859058
0.0085883
0.00857208
0.00854268
0.00850148
0.00845037
0.00839164
0.00832781
0.00826153
0.0081954
0.00813195
0.00807345
0.00802192
0.00797907
0.00794627
0.00792453
0.00791449
0.00791647
0.00793039
0.00795584
0.00799204
0.00803786
0.00809182
0.00815213
0.00821667
0.00828309
0.00834885
0.00841129
0.00846781
0.00851594
0.00855352
0.0085788
0.00375959
0.00375808
0.00374682
0.00372641
0.00369793
0.0036628
0.00362271
0.0035795
0.00353502
0.00349105
0.00344921
0.00341096
0.00337751
0.00334985
0.00332878
0.00331483
0.00330837
0.00330956
0.00331837
0.00333458
0.00335775
0.00338728
0.00342232
0.0034618
0.00350443
0.00354872
0.00359298
0.00363541
0.00367416
0.00370743
0.00373357
0.00375127
0.0124657
0.0124632
0.0124541
0.012439
0.0124183
0.0123929
0.0123637
0.0123319
0.0122988
0.0122655
0.0122335
0.0122039
0.0121779
0.0121565
0.0121403
0.0121302
0.0121263
0.0121289
0.0121379
0.0121529
0.0121733
0.0121984
0.0122273
0.0122587
0.0122917
0.0123248
0.0123568
0.0123866
0.0124129
0.0124347
0.0124512
0.0124616
0.0113234
0.0113187
0.011302
0.0112742
0.0112363
0.0111902
0.0111376
0.0110807
0.0110218
0.0109633
0.0109073
0.0108558
0.0108108
0.0107739
0.0107462
0.0107287
0.010722
0.0107264
0.0107416
0.0107672
0.0108022
0.0108456
0.0108957
0.0109509
0.011009
0.011068
0.0111254
0.0111791
0.0112269
0.0112667
0.0112968
0.011316
0.00860865
0.00860288
0.00858254
0.00854863
0.00850273
0.00844696
0.00838382
0.008316
0.0082463
0.00817744
0.00811199
0.00805229
0.00800035
0.00795786
0.00792615
0.00790617
0.00789853
0.00790344
0.00792074
0.00794994
0.00799014
0.00804011
0.00809823
0.00816256
0.00823085
0.00830058
0.00836904
0.00843346
0.00849109
0.00853938
0.00857612
0.00859959
0.00377444
0.00377037
0.00375604
0.00373222
0.00370015
0.00366148
0.00361804
0.00357183
0.00352479
0.00347878
0.00343546
0.00339629
0.00336247
0.00333499
0.00331457
0.00330175
0.00329684
0.00329996
0.00331102
0.00332976
0.0033557
0.00338816
0.00342621
0.00346869
0.00351422
0.00356117
0.00360773
0.00365197
0.00369189
0.00372561
0.00375143
0.003768
0.0124629
0.0124592
0.012449
0.0124329
0.0124115
0.0123856
0.0123562
0.0123245
0.0122917
0.0122591
0.012228
0.0121995
0.0121747
0.0121545
0.0121398
0.012131
0.0121284
0.0121323
0.0121423
0.0121581
0.0121792
0.0122048
0.0122338
0.0122652
0.0122978
0.0123303
0.0123616
0.0123904
0.0124155
0.012436
0.0124511
0.0124602
0.0113213
0.0113139
0.0112948
0.0112648
0.0112252
0.0111778
0.0111244
0.0110672
0.0110086
0.0109508
0.010896
0.0108462
0.0108031
0.0107683
0.010743
0.010728
0.0107237
0.0107305
0.0107479
0.0107754
0.0108122
0.0108569
0.010908
0.0109636
0.0110218
0.0110802
0.0111367
0.011189
0.0112348
0.0112724
0.0113
0.0113166
0.00860804
0.00859884
0.00857526
0.00853844
0.00849012
0.0084325
0.00836814
0.00829976
0.00823015
0.00816201
0.00809784
0.0080399
0.00799013
0.00795013
0.00792114
0.00790402
0.00789929
0.00790706
0.00792713
0.00795889
0.00800138
0.00805327
0.00811289
0.00817823
0.00824696
0.00831653
0.0083842
0.00844719
0.00850279
0.00854852
0.00858226
0.00860243
0.00377579
0.00376907
0.00375217
0.00372599
0.00369192
0.00365165
0.00360712
0.0035603
0.00351314
0.00346745
0.00342487
0.00338678
0.00335434
0.00332847
0.00330984
0.00329893
0.003296
0.00330113
0.00331417
0.00333483
0.00336257
0.00339665
0.00343609
0.00347967
0.00352593
0.00357319
0.0036196
0.00366318
0.00370194
0.00373402
0.00375777
0.00377195
0.0124453
0.0124417
0.0124324
0.0124179
0.0123986
0.0123754
0.0123492
0.012321
0.0122918
0.0122629
0.0122353
0.0122101
0.0121883
0.0121706
0.0121577
0.0121502
0.0121482
0.0121519
0.012161
0.0121754
0.0121944
0.0122172
0.0122431
0.0122711
0.0123001
0.012329
0.0123567
0.0123821
0.0124042
0.0124222
0.0124354
0.0124432
0.0112878
0.0112804
0.0112627
0.0112355
0.0111998
0.0111572
0.0111095
0.0110586
0.0110065
0.0109552
0.0109066
0.0108626
0.0108248
0.0107944
0.0107724
0.0107598
0.0107568
0.0107635
0.0107798
0.0108051
0.0108385
0.0108789
0.0109248
0.0109746
0.0110264
0.0110783
0.0111282
0.0111742
0.0112143
0.011247
0.0112707
0.0112845
0.00856682
0.00855745
0.00853546
0.00850188
0.00845827
0.00840658
0.00834906
0.00828813
0.00822623
0.00816577
0.00810895
0.0080578
0.00801404
0.0079791
0.00795409
0.00793977
0.00793657
0.0079446
0.00796361
0.00799302
0.00803192
0.00807907
0.0081329
0.00819156
0.00825295
0.00831475
0.00837454
0.00842985
0.00847832
0.00851782
0.00854653
0.00856312
0.00374618
0.0037392
0.00372334
0.00369944
0.0036687
0.00363262
0.00359289
0.00355123
0.00350935
0.00346885
0.00343119
0.00339759
0.00336911
0.00334657
0.00333059
0.00332159
0.0033198
0.00332527
0.00333786
0.00335724
0.00338289
0.00341409
0.00344991
0.0034892
0.0035306
0.0035726
0.00361351
0.00365161
0.00368518
0.0037126
0.00373253
0.00374392
0.0124176
0.0124164
0.0124105
0.0124003
0.0123862
0.0123687
0.0123484
0.0123262
0.012303
0.0122796
0.012257
0.012236
0.0122174
0.0122019
0.0121901
0.0121825
0.0121794
0.0121807
0.0121866
0.0121967
0.0122107
0.012228
0.0122481
0.01227
0.0122931
0.0123164
0.012339
0.0123601
0.0123788
0.0123945
0.0124065
0.0124143
0.011233
0.01123
0.0112187
0.0111997
0.0111736
0.0111417
0.0111052
0.0110656
0.0110244
0.0109833
0.0109437
0.0109073
0.0108753
0.0108489
0.010829
0.0108163
0.0108113
0.0108141
0.0108246
0.0108424
0.010867
0.0108975
0.0109328
0.0109716
0.0110124
0.0110537
0.011094
0.0111316
0.011165
0.0111929
0.011214
0.0112276
0.00849782
0.00849378
0.00847977
0.00845641
0.00842476
0.00838622
0.00834242
0.0082952
0.00824645
0.00819808
0.0081519
0.00810959
0.00807264
0.00804232
0.00801961
0.00800528
0.00799977
0.00800327
0.00801567
0.00803657
0.0080653
0.00810091
0.0081422
0.00818773
0.00823585
0.00828476
0.00833255
0.00837731
0.00841717
0.00845044
0.00847565
0.00849168
0.00369548
0.00369232
0.00368226
0.00366582
0.00364378
0.00361719
0.00358724
0.00355523
0.00352248
0.00349028
0.0034598
0.00343212
0.00340814
0.00338862
0.00337415
0.00336515
0.00336189
0.00336444
0.00337276
0.00338659
0.00340555
0.00342906
0.00345639
0.00348664
0.00351875
0.00355156
0.00358377
0.00361406
0.00364113
0.00366373
0.00368083
0.00369159
0.0123921
0.0123947
0.0123937
0.012389
0.0123809
0.0123697
0.0123557
0.0123395
0.0123219
0.0123033
0.0122847
0.0122667
0.01225
0.0122352
0.0122229
0.0122136
0.0122076
0.0122051
0.0122062
0.0122109
0.012219
0.0122302
0.012244
0.0122599
0.0122774
0.0122957
0.0123143
0.0123322
0.012349
0.0123639
0.0123764
0.0123859
0.0111833
0.0111878
0.0111858
0.0111773
0.0111627
0.0111427
0.0111179
0.0110894
0.0110585
0.0110261
0.0109938
0.0109625
0.0109337
0.0109082
0.0108871
0.0108711
0.0108607
0.0108565
0.0108584
0.0108664
0.0108803
0.0108995
0.0109234
0.010951
0.0109815
0.0110136
0.0110461
0.0110778
0.0111074
0.0111337
0.0111557
0.0111725
0.00843596
0.00844124
0.00843871
0.00842847
0.00841097
0.00838699
0.00835754
0.00832385
0.00828729
0.00824934
0.00821146
0.00817509
0.00814158
0.00811212
0.00808776
0.00806934
0.00805748
0.00805257
0.0080548
0.00806409
0.00808012
0.00810238
0.00813009
0.00816228
0.00819782
0.00823539
0.00827357
0.00831089
0.00834586
0.00837704
0.00840315
0.00842307
0.003651
0.00365461
0.0036529
0.00364596
0.00363411
0.0036179
0.00359807
0.00357548
0.00355109
0.00352589
0.00350087
0.00347697
0.00345504
0.00343584
0.00342001
0.00340807
0.00340038
0.0033972
0.00339862
0.00340459
0.00341495
0.00342936
0.00344737
0.00346839
0.0034917
0.00351648
0.00354179
0.00356667
0.00359009
0.00361108
0.00362873
0.00364224
0.0123745
0.0123804
0.0123832
0.0123828
0.0123792
0.0123725
0.012363
0.0123511
0.0123373
0.012322
0.0123059
0.0122896
0.0122738
0.012259
0.0122459
0.0122348
0.0122263
0.0122206
0.012218
0.0122185
0.0122222
0.0122288
0.0122381
0.0122498
0.0122634
0.0122785
0.0122944
0.0123105
0.0123264
0.0123412
0.0123545
0.0123657
0.0111502
0.011161
0.0111664
0.011166
0.0111601
0.0111487
0.0111323
0.0111117
0.0110876
0.011061
0.011033
0.0110046
0.010977
0.0109511
0.0109281
0.0109086
0.0108934
0.0108831
0.010878
0.0108783
0.010884
0.0108949
0.0109106
0.0109306
0.0109541
0.0109802
0.0110079
0.0110363
0.0110642
0.0110905
0.0111143
0.0111344
0.0083954
0.00840849
0.00841513
0.00841501
0.00840814
0.00839483
0.00837563
0.00835137
0.00832304
0.00829181
0.00825892
0.00822567
0.00819334
0.00816312
0.00813614
0.00811334
0.00809555
0.00808336
0.00807721
0.0080773
0.00808362
0.00809598
0.00811393
0.00813687
0.00816399
0.0081943
0.00822671
0.00825999
0.00829286
0.00832404
0.00835227
0.00837639
0.00362267
0.00363193
0.00363684
0.00363718
0.00363292
0.00362427
0.00361162
0.00359553
0.00357671
0.00355594
0.00353409
0.00351202
0.00349057
0.00347053
0.00345263
0.00343747
0.00342557
0.00341731
0.00341295
0.00341264
0.00341638
0.00342405
0.00343542
0.00345012
0.00346766
0.00348743
0.00350873
0.00353079
0.00355275
0.00357375
0.00359293
0.00360948
0.0123669
0.0123739
0.012378
0.0123792
0.0123773
0.0123725
0.0123648
0.0123546
0.0123424
0.0123285
0.0123136
0.0122982
0.012283
0.0122684
0.0122551
0.0122436
0.0122343
0.0122275
0.0122236
0.0122225
0.0122244
0.0122292
0.0122367
0.0122467
0.0122587
0.0122723
0.012287
0.0123023
0.0123175
0.0123321
0.0123456
0.0123573
0.0111372
0.0111504
0.0111586
0.0111614
0.0111588
0.0111508
0.0111377
0.0111201
0.0110987
0.0110744
0.0110481
0.0110209
0.0109938
0.0109678
0.010944
0.0109232
0.0109061
0.0108935
0.0108857
0.010883
0.0108856
0.0108933
0.0109058
0.0109227
0.0109434
0.0109672
0.0109931
0.0110202
0.0110474
0.0110737
0.0110981
0.0111195
0.00838021
0.00839647
0.00840676
0.00841064
0.00840794
0.00839878
0.00838355
0.00836289
0.00833767
0.00830893
0.00827784
0.00824565
0.00821359
0.0081829
0.00815471
0.00813004
0.00810978
0.00809463
0.00808511
0.00808155
0.00808406
0.00809257
0.00810677
0.00812619
0.00815013
0.00817777
0.00820808
0.00823996
0.0082722
0.00830355
0.00833277
0.00835868
0.00361303
0.00362469
0.00363231
0.00363555
0.00363427
0.00362852
0.00361856
0.00360483
0.00358796
0.00356865
0.00354773
0.00352605
0.00350445
0.00348376
0.00346473
0.00344803
0.00343422
0.00342378
0.00341702
0.00341417
0.00341532
0.00342042
0.00342932
0.00344173
0.00345725
0.00347535
0.0034954
0.00351669
0.00353842
0.00355976
0.00357986
0.00359787
0.012364
0.0123689
0.0123711
0.0123706
0.0123674
0.0123616
0.0123535
0.0123433
0.0123315
0.0123185
0.0123048
0.012291
0.0122777
0.0122653
0.0122542
0.012245
0.0122379
0.0122333
0.0122312
0.0122318
0.012235
0.0122407
0.0122486
0.0122586
0.0122702
0.012283
0.0122965
0.0123102
0.0123235
0.0123361
0.0123473
0.0123567
0.0111342
0.0111439
0.0111488
0.0111488
0.0111438
0.011134
0.0111198
0.0111019
0.0110808
0.0110575
0.0110329
0.011008
0.0109836
0.0109608
0.0109404
0.0109231
0.0109095
0.0109003
0.0108956
0.0108957
0.0109005
0.0109099
0.0109236
0.0109409
0.0109614
0.0109843
0.0110086
0.0110335
0.0110581
0.0110813
0.0111022
0.0111201
0.00837798
0.00839028
0.00839684
0.00839738
0.00839188
0.00838056
0.0083639
0.0083426
0.00831754
0.00828975
0.00826035
0.0082305
0.00820134
0.00817399
0.00814943
0.00812857
0.00811214
0.00810071
0.00809468
0.00809423
0.0080994
0.00810999
0.00812564
0.00814581
0.00816978
0.0081967
0.00822557
0.00825533
0.00828483
0.00831291
0.00833847
0.00836046
0.00361324
0.00362237
0.00362755
0.00362852
0.00362525
0.00361789
0.00360676
0.00359235
0.00357529
0.00355631
0.0035362
0.00351574
0.00349575
0.00347696
0.00346004
0.0034456
0.00343411
0.00342595
0.00342138
0.00342055
0.00342348
0.00343008
0.00344013
0.00345331
0.00346917
0.00348717
0.00350668
0.00352699
0.00354732
0.00356688
0.00358487
0.00360055
0.012356
0.012355
0.0123519
0.0123469
0.01234
0.0123317
0.0123221
0.0123118
0.0123011
0.0122904
0.0122802
0.0122708
0.0122626
0.0122559
0.0122509
0.012248
0.012247
0.0122482
0.0122514
0.0122564
0.0122632
0.0122714
0.0122808
0.0122909
0.0123015
0.012312
0.0123222
0.0123316
0.0123399
0.0123467
0.0123518
0.0123549
0.0111222
0.0111213
0.0111165
0.011108
0.0110962
0.0110815
0.0110645
0.0110459
0.0110263
0.0110067
0.0109876
0.01097
0.0109543
0.0109412
0.0109313
0.0109248
0.010922
0.0109229
0.0109276
0.0109359
0.0109474
0.0109618
0.0109785
0.0109968
0.0110162
0.0110358
0.0110549
0.0110728
0.0110887
0.0111021
0.0111124
0.0111192
0.0083654
0.00836499
0.00835984
0.00835016
0.00833635
0.00831896
0.0082987
0.00827639
0.00825292
0.00822921
0.00820616
0.00818467
0.00816552
0.00814943
0.00813697
0.00812859
0.00812458
0.00812507
0.00813003
0.00813929
0.00815252
0.00816923
0.00818883
0.0082106
0.00823375
0.00825738
0.00828061
0.00830253
0.00832226
0.00833903
0.00835214
0.00836105
0.00360651
0.00360684
0.00360382
0.00359757
0.00358837
0.0035766
0.00356277
0.00354744
0.00353124
0.00351482
0.0034988
0.00348379
0.00347034
0.00345893
0.00344996
0.00344372
0.00344042
0.00344018
0.00344299
0.00344875
0.00345728
0.00346828
0.00348137
0.0034961
0.00351192
0.00352825
0.00354448
0.00355997
0.00357409
0.00358627
0.00359599
0.00360284
0.0123323
0.0123229
0.0123127
0.012302
0.0122913
0.0122809
0.0122713
0.0122629
0.0122559
0.0122507
0.0122474
0.0122463
0.0122472
0.0122502
0.0122553
0.012262
0.0122703
0.0122798
0.0122901
0.0123008
0.0123116
0.0123219
0.0123314
0.0123397
0.0123466
0.0123518
0.012355
0.0123561
0.0123552
0.0123522
0.0123473
0.0123405
0.0110817
0.0110652
0.0110471
0.011028
0.0110087
0.01099
0.0109724
0.0109568
0.0109437
0.0109335
0.0109267
0.0109235
0.0109241
0.0109284
0.0109362
0.0109473
0.0109613
0.0109776
0.0109956
0.0110146
0.0110339
0.0110528
0.0110705
0.0110864
0.0110997
0.0111101
0.011117
0.0111202
0.0111196
0.0111152
0.0111072
0.0110959
0.00831846
0.0082992
0.00827787
0.00825532
0.00823242
0.00821004
0.00818902
0.00817015
0.00815412
0.00814153
0.00813284
0.00812836
0.00812827
0.00813257
0.00814111
0.00815358
0.00816953
0.00818838
0.00820941
0.00823185
0.00825483
0.00827747
0.0082989
0.00831825
0.00833476
0.00834777
0.00835675
0.00836134
0.00836135
0.00835679
0.00834785
0.0083349
0.00357553
0.00356261
0.0035482
0.00353288
0.00351725
0.00350191
0.00348743
0.00347434
0.00346311
0.00345415
0.00344777
0.00344419
0.00344354
0.00344585
0.00345104
0.00345892
0.00346923
0.00348161
0.00349562
0.00351073
0.00352638
0.00354197
0.00355689
0.00357054
0.00358236
0.00359186
0.00359865
0.00360244
0.00360307
0.00360052
0.0035949
0.00358645
0.0122905
0.0122738
0.012258
0.0122439
0.0122319
0.0122225
0.012216
0.0122127
0.0122128
0.0122162
0.0122228
0.0122323
0.0122445
0.0122588
0.0122747
0.0122916
0.0123088
0.0123257
0.0123417
0.012356
0.0123681
0.0123776
0.0123841
0.0123874
0.0123872
0.0123837
0.0123769
0.0123672
0.0123549
0.0123405
0.0123245
0.0123077
0.011008
0.0109779
0.0109496
0.010924
0.0109022
0.0108849
0.0108728
0.0108663
0.0108656
0.0108708
0.0108816
0.0108977
0.0109186
0.0109434
0.0109713
0.0110012
0.0110319
0.0110624
0.0110913
0.0111176
0.0111402
0.0111582
0.0111709
0.0111776
0.0111783
0.0111728
0.0111613
0.0111444
0.0111228
0.0110972
0.0110688
0.0110387
0.00823144
0.00819582
0.00816227
0.00813201
0.00810612
0.0080855
0.00807086
0.0080627
0.00806132
0.00806675
0.00807883
0.00809717
0.00812113
0.00814989
0.00818242
0.00821755
0.00825396
0.00829024
0.00832498
0.00835676
0.00838429
0.0084064
0.00842216
0.00843089
0.00843223
0.00842613
0.00841286
0.008393
0.00836741
0.00833716
0.00830351
0.0082678
0.0035161
0.00349188
0.0034691
0.00344855
0.00343094
0.00341685
0.00340672
0.00340089
0.00339953
0.0034027
0.00341031
0.00342212
0.00343777
0.00345675
0.00347843
0.00350206
0.00352677
0.00355162
0.00357564
0.00359782
0.00361723
0.003633
0.00364443
0.003651
0.00365242
0.00364862
0.00363979
0.00362635
0.0036089
0.00358824
0.00356524
0.00354087
0.0122418
0.0122219
0.012205
0.0121916
0.0121823
0.0121773
0.012177
0.0121812
0.0121898
0.0122025
0.012219
0.0122384
0.0122602
0.0122834
0.0123072
0.0123308
0.0123531
0.0123733
0.0123906
0.0124043
0.0124139
0.012419
0.0124193
0.0124149
0.012406
0.0123929
0.0123761
0.0123563
0.0123343
0.012311
0.0122872
0.0122638
0.0109208
0.0108855
0.0108553
0.0108314
0.0108147
0.0108057
0.0108046
0.0108117
0.0108265
0.0108487
0.0108774
0.0109116
0.0109501
0.0109914
0.0110341
0.0110764
0.0111168
0.0111536
0.0111853
0.0112106
0.0112285
0.0112381
0.0112392
0.0112315
0.0112156
0.011192
0.0111618
0.0111262
0.0110866
0.0110446
0.0110019
0.0109601
0.00812809
0.00808656
0.00805122
0.00802326
0.00800359
0.00799284
0.00799137
0.00799922
0.00801616
0.00804164
0.00807484
0.00811465
0.00815972
0.00820845
0.00825903
0.00830956
0.00835802
0.00840243
0.00844092
0.00847182
0.00849377
0.00850578
0.00850732
0.00849831
0.00847919
0.00845082
0.00841447
0.00837172
0.00832438
0.0082744
0.00822374
0.00817437
0.00344531
0.00341752
0.00339396
0.00337536
0.00336226
0.00335504
0.0033539
0.00335889
0.00336986
0.00338652
0.00340837
0.00343477
0.00346488
0.0034977
0.00353206
0.00356667
0.00360015
0.00363109
0.00365811
0.00367996
0.0036956
0.00370427
0.00370554
0.00369936
0.00368604
0.00366624
0.00364093
0.00361127
0.00357862
0.00354435
0.00350985
0.00347644
0.0122036
0.0121844
0.0121694
0.0121593
0.0121543
0.0121548
0.0121606
0.0121715
0.0121872
0.012207
0.0122303
0.0122561
0.0122835
0.0123115
0.012339
0.0123649
0.0123881
0.0124079
0.0124234
0.0124339
0.012439
0.0124386
0.0124327
0.0124214
0.0124053
0.0123849
0.0123612
0.0123349
0.0123073
0.0122793
0.012252
0.0122265
0.0108509
0.0108171
0.0107911
0.0107736
0.0107653
0.0107665
0.010777
0.0107966
0.0108246
0.0108601
0.0109017
0.010948
0.0109973
0.0110478
0.0110975
0.0111444
0.0111867
0.0112226
0.0112506
0.0112695
0.0112785
0.0112773
0.0112658
0.0112445
0.0112144
0.0111769
0.0111333
0.0110855
0.0110355
0.0109852
0.0109364
0.0108911
0.00804441
0.00800529
0.00797523
0.00795518
0.00794576
0.00794726
0.00795964
0.00798252
0.0080152
0.00805665
0.00810551
0.00816013
0.0082186
0.00827874
0.00833827
0.00839477
0.0084459
0.00848945
0.00852347
0.00854641
0.00855721
0.00855536
0.00854097
0.00851471
0.0084778
0.00843193
0.00837912
0.00832161
0.00826177
0.00820197
0.00814446
0.00809132
0.00338768
0.00336208
0.00334259
0.00332974
0.00332388
0.00332515
0.00333353
0.0033488
0.00337057
0.00339822
0.00343096
0.00346778
0.00350745
0.00354856
0.00358954
0.0036287
0.00366435
0.00369483
0.00371866
0.00373466
0.00374199
0.00374028
0.00372962
0.00371059
0.00368415
0.00365161
0.00361453
0.00357458
0.00353345
0.00349278
0.00345407
0.00341865
0.0121964
0.0121791
0.0121663
0.0121584
0.0121558
0.0121586
0.0121665
0.0121794
0.0121967
0.0122179
0.012242
0.0122683
0.0122958
0.0123233
0.0123499
0.0123745
0.0123961
0.0124139
0.0124272
0.0124354
0.0124382
0.0124355
0.0124274
0.0124142
0.0123964
0.0123747
0.01235
0.0123234
0.0122957
0.0122682
0.0122418
0.0122175
0.0108358
0.0108057
0.0107837
0.0107705
0.0107666
0.0107721
0.0107868
0.0108102
0.0108416
0.0108797
0.0109234
0.0109709
0.0110207
0.0110706
0.0111189
0.0111636
0.0112029
0.0112351
0.0112589
0.0112732
0.0112775
0.0112715
0.0112556
0.0112303
0.0111968
0.0111565
0.0111111
0.0110624
0.0110123
0.0109628
0.0109158
0.0108729
0.00802508
0.00799035
0.00796515
0.00795027
0.00794616
0.00795294
0.00797041
0.00799803
0.00803495
0.00807997
0.0081316
0.00818807
0.00824735
0.00830721
0.00836532
0.00841928
0.00846683
0.00850585
0.0085346
0.00855174
0.00855648
0.00854859
0.00852845
0.008497
0.0084557
0.00840638
0.0083512
0.00829247
0.00823257
0.00817381
0.00811837
0.00806822
0.00337385
0.00335133
0.00333522
0.00332594
0.00332373
0.00332866
0.0033406
0.00335923
0.00338406
0.00341437
0.00344927
0.00348762
0.00352812
0.00356928
0.00360946
0.00364696
0.00368011
0.00370733
0.00372729
0.00373896
0.00374173
0.00373545
0.00372048
0.00369757
0.00366789
0.00363287
0.00359416
0.00355343
0.00351237
0.00347255
0.0034354
0.00340215
0.0122231
0.0122084
0.0121972
0.0121899
0.0121867
0.0121878
0.0121931
0.0122025
0.0122154
0.0122316
0.0122503
0.0122709
0.0122926
0.0123146
0.0123361
0.0123561
0.012374
0.0123891
0.0124007
0.0124083
0.0124117
0.0124107
0.0124054
0.0123959
0.0123826
0.0123661
0.012347
0.012326
0.0123041
0.012282
0.0122606
0.0122407
0.0108851
0.0108596
0.0108402
0.0108277
0.0108223
0.0108244
0.0108338
0.0108502
0.0108731
0.0109016
0.0109347
0.0109713
0.0110099
0.0110491
0.0110874
0.0111232
0.0111553
0.0111821
0.0112027
0.0112162
0.0112219
0.0112197
0.0112096
0.0111921
0.0111679
0.011138
0.0111037
0.0110663
0.0110273
0.0109883
0.0109506
0.0109158
0.00808396
0.00805447
0.00803216
0.00801777
0.00801175
0.00801431
0.00802536
0.00804456
0.00807126
0.0081046
0.00814344
0.00818643
0.00823201
0.00827848
0.00832405
0.00836689
0.00840522
0.00843743
0.00846211
0.00847816
0.00848487
0.00848193
0.00846949
0.00844811
0.00841875
0.00838269
0.00834148
0.00829684
0.00825057
0.00820448
0.0081603
0.00811965
0.00341542
0.00339622
0.0033818
0.00337259
0.00336884
0.00337068
0.00337805
0.00339074
0.00340838
0.00343044
0.00345624
0.0034849
0.00351545
0.00354677
0.00357764
0.0036068
0.00363301
0.00365508
0.00367199
0.00368294
0.00368739
0.00368512
0.00367626
0.00366124
0.00364078
0.00361585
0.00358758
0.00355719
0.00352593
0.00349503
0.00346565
0.00343881
0.012251
0.0122386
0.0122285
0.0122213
0.012217
0.0122159
0.0122181
0.0122234
0.0122316
0.0122424
0.0122554
0.0122701
0.012286
0.0123025
0.012319
0.0123348
0.0123493
0.0123619
0.0123723
0.0123798
0.0123844
0.0123856
0.0123836
0.0123783
0.01237
0.012359
0.0123457
0.0123306
0.0123145
0.0122978
0.0122812
0.0122654
0.0109409
0.0109194
0.0109018
0.0108888
0.0108808
0.0108781
0.0108809
0.0108889
0.0109019
0.0109194
0.0109409
0.0109655
0.0109923
0.0110203
0.0110485
0.0110757
0.0111009
0.011123
0.0111413
0.0111549
0.0111633
0.0111662
0.0111634
0.011155
0.0111414
0.0111232
0.011101
0.0110758
0.0110486
0.0110204
0.0109924
0.0109655
0.00815339
0.00812848
0.00810804
0.00809276
0.00808318
0.00807963
0.00808222
0.00809086
0.00810526
0.00812493
0.00814917
0.00817714
0.00820781
0.00824007
0.00827268
0.00830439
0.00833393
0.00836012
0.00838186
0.00839824
0.00840858
0.00841242
0.0084096
0.00840025
0.00838478
0.00836383
0.00833829
0.00830921
0.00827778
0.00824524
0.00821286
0.00818186
0.0034665
0.00345026
0.00343682
0.00342663
0.00342002
0.00341721
0.00341828
0.0034232
0.00343182
0.00344385
0.0034589
0.00347646
0.00349592
0.00351658
0.00353768
0.0035584
0.00357791
0.00359539
0.00361012
0.00362143
0.00362883
0.00363199
0.00363075
0.0036252
0.00361556
0.00360229
0.00358597
0.00356728
0.00354703
0.00352601
0.00350507
0.00348499
0.0122449
0.0122334
0.0122245
0.0122186
0.0122158
0.0122163
0.0122199
0.0122267
0.0122362
0.0122481
0.0122621
0.0122775
0.0122938
0.0123104
0.0123267
0.0123419
0.0123557
0.0123673
0.0123764
0.0123826
0.0123857
0.0123854
0.0123819
0.0123752
0.0123656
0.0123534
0.0123392
0.0123235
0.012307
0.0122902
0.0122738
0.0122585
0.0109319
0.0109125
0.0108971
0.0108866
0.0108811
0.0108809
0.0108861
0.0108964
0.0109114
0.0109306
0.0109533
0.0109786
0.0110057
0.0110335
0.0110609
0.0110869
0.0111104
0.0111305
0.0111464
0.0111575
0.0111632
0.0111635
0.0111581
0.0111475
0.0111319
0.0111121
0.0110888
0.0110629
0.0110355
0.0110077
0.0109805
0.0109549
0.00814438
0.00812198
0.00810427
0.00809186
0.00808519
0.00808447
0.00808973
0.0081008
0.00811727
0.00813859
0.00816398
0.00819255
0.00822324
0.00825491
0.00828634
0.00831633
0.00834365
0.00836722
0.00838604
0.00839933
0.00840653
0.00840733
0.0084017
0.00838987
0.00837234
0.00834986
0.00832336
0.00829391
0.0082627
0.00823094
0.00819988
0.00817066
0.00346157
0.00344713
0.00343558
0.00342732
0.00342261
0.0034216
0.00342433
0.0034307
0.00344051
0.00345343
0.00346902
0.00348674
0.00350598
0.00352602
0.00354611
0.00356546
0.00358328
0.00359885
0.00361149
0.00362064
0.00362591
0.00362706
0.00362403
0.00361696
0.00360617
0.00359212
0.00357544
0.00355682
0.00353702
0.00351684
0.00349706
0.00347841
0.0122083
0.0121959
0.0121875
0.0121834
0.0121837
0.0121884
0.0121973
0.0122101
0.0122263
0.0122452
0.0122662
0.0122885
0.0123112
0.0123335
0.0123545
0.0123734
0.0123895
0.0124021
0.0124108
0.0124152
0.0124151
0.0124105
0.0124016
0.0123887
0.0123724
0.0123532
0.0123318
0.0123093
0.0122864
0.012264
0.012243
0.0122242
0.0108643
0.0108437
0.0108298
0.0108231
0.0108238
0.0108319
0.0108471
0.0108689
0.0108965
0.0109289
0.0109649
0.0110032
0.0110424
0.0110809
0.0111172
0.01115
0.0111778
0.0111995
0.0112143
0.0112215
0.0112207
0.0112121
0.011196
0.0111731
0.0111442
0.0111107
0.0110738
0.0110351
0.0109959
0.0109579
0.0109225
0.0108909
0.00806345
0.00804017
0.00802453
0.00801707
0.00801803
0.00802737
0.00804479
0.00806973
0.00810134
0.00813856
0.00818007
0.00822438
0.00826985
0.00831471
0.00835719
0.00839555
0.00842819
0.00845369
0.00847095
0.00847919
0.00847806
0.0084676
0.0084483
0.00842101
0.00838692
0.00834748
0.00830435
0.00825926
0.00821398
0.00817023
0.00812962
0.00809361
0.00340486
0.00339021
0.00338047
0.00337596
0.00337679
0.00338295
0.00339427
0.0034104
0.00343085
0.00345498
0.00348198
0.00351091
0.00354072
0.00357027
0.00359836
0.0036238
0.00364548
0.0036624
0.00367377
0.00367904
0.00367798
0.00367063
0.00365735
0.00363879
0.0036158
0.00358942
0.00356079
0.00353109
0.0035015
0.00347314
0.003447
0.003424
0.0121717
0.0121555
0.0121448
0.0121398
0.0121409
0.0121479
0.0121605
0.0121783
0.0122006
0.0122265
0.0122551
0.0122854
0.0123161
0.0123462
0.0123744
0.0123997
0.012421
0.0124376
0.0124487
0.012454
0.0124532
0.0124463
0.0124336
0.0124155
0.0123928
0.0123664
0.0123373
0.0123067
0.0122757
0.0122457
0.0122176
0.0121926
0.0107993
0.0107723
0.0107545
0.0107467
0.010749
0.0107614
0.0107834
0.0108143
0.0108531
0.0108983
0.0109484
0.0110015
0.0110556
0.0111087
0.0111587
0.0112035
0.0112413
0.0112704
0.0112897
0.0112983
0.0112959
0.0112824
0.0112586
0.0112254
0.0111842
0.0111369
0.0110852
0.0110313
0.0109774
0.0109253
0.0108772
0.0108347
0.00798704
0.00795656
0.00793676
0.00792823
0.00793125
0.00794571
0.00797118
0.00800688
0.00805167
0.00810409
0.00816239
0.0082245
0.00828814
0.00835086
0.00841014
0.00846347
0.00850855
0.00854333
0.00856621
0.00857612
0.00857258
0.00855577
0.00852649
0.0084861
0.00843644
0.00837972
0.00831835
0.00825486
0.00819174
0.00813136
0.00807589
0.00802725
0.00335308
0.00333388
0.00332161
0.00331659
0.00331895
0.00332863
0.00334538
0.00336875
0.00339811
0.0034326
0.00347115
0.00351248
0.0035551
0.00359737
0.00363756
0.0036739
0.00370468
0.00372841
0.00374387
0.00375025
0.00374721
0.00373491
0.00371402
0.0036856
0.00365107
0.00361207
0.00357036
0.0035277
0.00348576
0.00344608
0.00341
0.00337869
0.012148
0.0121263
0.012111
0.0121027
0.0121016
0.0121078
0.0121211
0.0121409
0.0121665
0.0121969
0.0122311
0.0122676
0.0123053
0.0123426
0.0123781
0.0124104
0.0124384
0.0124608
0.0124767
0.0124856
0.012487
0.0124809
0.0124674
0.0124473
0.0124211
0.01239
0.0123551
0.012318
0.01228
0.0122426
0.0122072
0.0121753
0.0107622
0.0107251
0.010699
0.0106847
0.0106828
0.0106933
0.0107157
0.0107495
0.0107934
0.010846
0.0109054
0.0109695
0.011036
0.0111024
0.011166
0.0112242
0.0112748
0.0113154
0.0113443
0.0113603
0.0113625
0.011351
0.0113262
0.0112892
0.0112416
0.0111855
0.0111233
0.0110574
0.0109906
0.0109253
0.0108641
0.0108091
0.00794603
0.00790378
0.00787417
0.00785808
0.00785594
0.00786781
0.00789335
0.00793183
0.00798208
0.00804259
0.0081114
0.00818622
0.00826438
0.00834297
0.00841886
0.00848889
0.00854998
0.00859934
0.00863461
0.00865408
0.00865677
0.00864256
0.00861213
0.00856698
0.00850928
0.00844169
0.00836722
0.00828905
0.00821033
0.00813408
0.00806305
0.00799968
0.00332791
0.00330084
0.00328197
0.00327175
0.00327041
0.00327797
0.00329426
0.00331889
0.00335127
0.00339054
0.00343561
0.00348511
0.00353739
0.00359054
0.00364242
0.00369079
0.00373339
0.00376807
0.003793
0.0038068
0.0038087
0.00379857
0.003777
0.00374517
0.0037048
0.00365795
0.00360685
0.00355381
0.00350099
0.00345039
0.00340374
0.00336252
0.0121301
0.0121045
0.0120861
0.0120754
0.012073
0.0120788
0.0120927
0.0121141
0.0121421
0.0121759
0.012214
0.0122552
0.0122978
0.0123403
0.012381
0.0124184
0.012451
0.0124775
0.0124968
0.0125081
0.012511
0.0125053
0.0124912
0.0124694
0.0124406
0.0124059
0.0123669
0.012325
0.0122819
0.0122393
0.0121987
0.0121619
0.0107355
0.0106914
0.0106595
0.0106409
0.010636
0.0106452
0.010668
0.0107038
0.0107513
0.0108091
0.010875
0.0109469
0.0110221
0.0110978
0.011171
0.0112388
0.0112984
0.0113471
0.0113829
0.011404
0.0114096
0.0113994
0.0113738
0.011334
0.0112818
0.0112195
0.0111496
0.0110752
0.0109993
0.0109246
0.0108542
0.0107904
0.00791754
0.00786712
0.00783072
0.00780936
0.00780361
0.00781362
0.00783912
0.00787938
0.00793328
0.00799923
0.00807521
0.00815874
0.00824695
0.00833659
0.00842415
0.00850599
0.0085785
0.00863831
0.00868252
0.00870894
0.0087162
0.00870393
0.00867276
0.00862426
0.00856083
0.00848552
0.00840175
0.00831319
0.00822347
0.00813607
0.00805416
0.00798053
0.00331138
0.00327889
0.00325546
0.00324162
0.00323764
0.00324361
0.00325939
0.00328465
0.00331882
0.0033611
0.00341037
0.00346524
0.00352396
0.00358448
0.00364443
0.00370124
0.00375225
0.00379485
0.00382674
0.0038461
0.0038518
0.00384348
0.00382165
0.00378757
0.00374317
0.00369083
0.00363318
0.00357287
0.00351245
0.00345424
0.00340025
0.00335219
0.0121092
0.0120829
0.0120644
0.0120544
0.0120534
0.0120613
0.0120778
0.0121023
0.0121338
0.0121713
0.0122133
0.0122583
0.0123046
0.0123504
0.012394
0.0124337
0.0124679
0.0124953
0.0125147
0.0125253
0.0125268
0.0125189
0.0125021
0.0124769
0.0124445
0.012406
0.012363
0.0123173
0.0122706
0.0122247
0.0121815
0.0121425
0.0106998
0.0106548
0.0106233
0.0106063
0.0106043
0.0106173
0.0106449
0.0106863
0.0107401
0.0108046
0.0108775
0.0109564
0.0110383
0.0111201
0.0111987
0.0112709
0.0113334
0.0113837
0.0114194
0.011439
0.0114414
0.0114266
0.0113953
0.011349
0.0112896
0.0112198
0.0111426
0.0110613
0.010979
0.0108989
0.0108239
0.0107568
0.00787667
0.00782562
0.00778997
0.00777069
0.00776828
0.00778279
0.00781384
0.00786061
0.00792179
0.00799563
0.00807988
0.00817179
0.00826819
0.00836548
0.0084598
0.00854712
0.0086235
0.00868531
0.00872948
0.00875374
0.00875683
0.00873857
0.00869994
0.00864293
0.00857039
0.00848583
0.00839311
0.00829625
0.00819919
0.0081056
0.00801882
0.00794171
0.00328466
0.00325216
0.00322958
0.00321736
0.00321575
0.00322477
0.00324425
0.0032738
0.0033128
0.00336033
0.00341518
0.00347579
0.00354024
0.0036062
0.00367105
0.0037319
0.00378578
0.00382985
0.00386162
0.00387922
0.00388156
0.00386851
0.00384088
0.0038003
0.00374912
0.00369009
0.00362616
0.00356024
0.00349507
0.00343306
0.00337627
0.00332636
0.0120965
0.0120702
0.0120522
0.0120432
0.0120435
0.012053
0.0120714
0.012098
0.0121318
0.0121715
0.0122157
0.0122628
0.012311
0.0123585
0.0124033
0.0124439
0.0124786
0.0125059
0.0125248
0.0125345
0.0125346
0.012525
0.0125062
0.0124788
0.012444
0.0124032
0.012358
0.0123102
0.0122617
0.0122143
0.0121699
0.0121301
0.0106754
0.0106311
0.010601
0.0105862
0.010587
0.0106034
0.010635
0.0106806
0.010739
0.0108081
0.0108856
0.0109688
0.0110546
0.0111398
0.011221
0.0112949
0.0113582
0.0114081
0.0114425
0.0114596
0.0114588
0.0114399
0.011404
0.0113526
0.0112882
0.0112134
0.0111316
0.0110461
0.0109604
0.0108775
0.0108007
0.0107325
0.00784704
0.00779712
0.0077635
0.00774709
0.00774828
0.00776706
0.00780294
0.00785497
0.00792175
0.00800136
0.00809136
0.00818884
0.00829036
0.00839211
0.00848995
0.00857965
0.00865708
0.00871847
0.00876071
0.00878161
0.00878004
0.0087561
0.00871106
0.00864727
0.00856794
0.00847691
0.00837833
0.00827643
0.00817528
0.00807865
0.00798991
0.00791192
0.00326377
0.00323241
0.00321154
0.00320154
0.00320262
0.00321474
0.0032377
0.00327103
0.00331407
0.00336581
0.00342495
0.00348977
0.00355817
0.00362764
0.00369533
0.00375812
0.00381287
0.00385656
0.00388668
0.00390137
0.00389972
0.00388184
0.00384886
0.00380277
0.00374622
0.00368224
0.003614
0.00354456
0.00347671
0.00341288
0.0033551
0.00330498
0.0121071
0.0120803
0.0120614
0.0120512
0.01205
0.0120578
0.0120744
0.0120991
0.012131
0.0121688
0.0122113
0.0122569
0.0123037
0.0123502
0.0123944
0.0124347
0.0124695
0.0124973
0.0125171
0.012528
0.0125296
0.0125218
0.0125049
0.0124796
0.0124468
0.0124079
0.0123644
0.0123181
0.0122708
0.0122243
0.0121805
0.0121409
0.0106926
0.0106473
0.0106156
0.0105987
0.010597
0.0106106
0.010639
0.0106814
0.0107365
0.0108023
0.0108767
0.0109571
0.0110406
0.0111239
0.0112039
0.0112772
0.0113406
0.0113915
0.0114275
0.011447
0.011449
0.0114334
0.0114011
0.0113534
0.0112925
0.0112212
0.0111424
0.0110595
0.0109757
0.0108943
0.0108183
0.0107503
0.00786592
0.0078147
0.00777922
0.00776043
0.00775882
0.00777442
0.00780684
0.00785523
0.00791825
0.00799412
0.00808051
0.00817465
0.00827325
0.00837263
0.00846882
0.00855769
0.0086352
0.00869762
0.00874184
0.00876556
0.00876755
0.0087477
0.00870707
0.00864777
0.0085728
0.00848577
0.00839068
0.00829165
0.00819268
0.0080975
0.00800947
0.00793148
0.00327573
0.00324344
0.00322131
0.00320978
0.00320907
0.00321919
0.00323995
0.00327095
0.00331154
0.00336079
0.00341746
0.00347993
0.0035462
0.00361387
0.00368021
0.00374223
0.00379688
0.00384121
0.0038727
0.00388945
0.00389044
0.00387561
0.00384587
0.00380303
0.00374956
0.00368834
0.00362243
0.00355483
0.00348829
0.00342525
0.00336777
0.00331749
0.0121338
0.0121064
0.012086
0.0120735
0.0120692
0.0120734
0.0120858
0.0121059
0.012133
0.0121662
0.0122041
0.0122454
0.0122885
0.0123319
0.0123738
0.0124127
0.012447
0.0124753
0.0124966
0.0125099
0.0125147
0.0125108
0.0124983
0.0124777
0.0124499
0.0124158
0.0123769
0.0123348
0.0122911
0.0122475
0.0122057
0.0121673
0.0107398
0.0106928
0.0106581
0.0106366
0.0106291
0.0106358
0.0106565
0.0106905
0.0107368
0.0107938
0.0108595
0.0109318
0.011008
0.0110852
0.0111606
0.0112309
0.0112934
0.0113452
0.0113842
0.0114086
0.0114172
0.0114096
0.0113862
0.0113481
0.011297
0.0112351
0.0111651
0.01109
0.0110127
0.0109363
0.0108636
0.0107974
0.00792056
0.00786707
0.00782763
0.00780333
0.00779483
0.00780236
0.00782571
0.00786425
0.00791691
0.00798217
0.00805807
0.00814216
0.00823159
0.00832309
0.00841311
0.00849792
0.0085738
0.00863722
0.00868514
0.00871514
0.00872569
0.00871627
0.00868736
0.00864045
0.00857788
0.0085027
0.00841836
0.0083286
0.00823712
0.0081475
0.008063
0.00798654
0.00331252
0.00327832
0.00325325
0.00323783
0.0032324
0.00323706
0.00325171
0.00327606
0.00330957
0.00335147
0.0034007
0.00345588
0.0035153
0.00357689
0.0036383
0.00369689
0.00374993
0.00379475
0.0038289
0.00385045
0.00385813
0.00385148
0.00383089
0.0037976
0.0037535
0.00370101
0.00364278
0.00358155
0.00351992
0.0034603
0.00340475
0.00335502
0.0121572
0.0121304
0.0121098
0.0120962
0.0120902
0.0120918
0.0121011
0.0121177
0.0121409
0.0121698
0.0122035
0.0122407
0.0122799
0.0123197
0.0123587
0.0123952
0.012428
0.0124556
0.012477
0.0124913
0.012498
0.0124967
0.0124874
0.0124706
0.0124469
0.0124171
0.0123826
0.0123446
0.0123048
0.0122646
0.0122256
0.0121894
0.0107811
0.0107348
0.0106993
0.0106757
0.0106647
0.0106668
0.0106817
0.0107092
0.0107481
0.0107973
0.0108552
0.0109196
0.0109882
0.0110586
0.0111281
0.0111938
0.0112531
0.0113035
0.0113428
0.0113693
0.0113817
0.0113795
0.0113628
0.0113323
0.0112895
0.0112361
0.0111745
0.0111073
0.0110372
0.0109669
0.0108992
0.0108365
0.00796869
0.00791567
0.00787505
0.007848
0.0078353
0.00783729
0.00785391
0.00788468
0.00792874
0.00798479
0.00805112
0.00812561
0.00820573
0.0082886
0.00837108
0.00844983
0.00852149
0.00858285
0.00863103
0.0086637
0.00867922
0.00867683
0.00865664
0.00861967
0.00856775
0.00850337
0.00842951
0.00834943
0.0082665
0.00818402
0.00810509
0.0080325
0.00334502
0.00331081
0.00328467
0.00326722
0.00325885
0.00325973
0.00326985
0.00328899
0.0033167
0.00335232
0.00339492
0.00344332
0.00349602
0.00355124
0.00360691
0.00366077
0.00371041
0.00375342
0.0037876
0.00381108
0.00382256
0.00382136
0.00380755
0.00378194
0.00374595
0.00370153
0.00365093
0.00359656
0.0035408
0.00348589
0.00343385
0.00338641
0.0121665
0.0121415
0.0121224
0.0121099
0.0121045
0.0121063
0.0121153
0.012131
0.012153
0.0121803
0.0122121
0.012247
0.0122838
0.0123211
0.0123575
0.0123916
0.0124221
0.0124478
0.0124676
0.0124807
0.0124867
0.0124852
0.0124763
0.0124604
0.012438
0.01241
0.0123775
0.0123419
0.0123045
0.0122669
0.0122304
0.0121965
0.0107966
0.0107538
0.0107212
0.0106997
0.01069
0.0106924
0.010707
0.0107331
0.0107699
0.0108162
0.0108704
0.0109306
0.0109946
0.01106
0.0111244
0.0111851
0.0112398
0.011286
0.0113219
0.0113458
0.0113567
0.0113541
0.011338
0.0113093
0.0112692
0.0112193
0.0111619
0.0110994
0.0110342
0.0109689
0.010906
0.0108479
0.00798641
0.00793759
0.00790034
0.00787578
0.00786461
0.00786715
0.00788332
0.00791264
0.00795427
0.00800695
0.00806902
0.00813846
0.00821288
0.0082896
0.00836567
0.00843803
0.00850361
0.0085595
0.00860311
0.00863236
0.00864583
0.00864286
0.00862357
0.00858893
0.00854061
0.00848088
0.00841246
0.00833835
0.00826163
0.00818535
0.00811238
0.00804531
0.00335664
0.00332533
0.0033015
0.00328577
0.00327849
0.00327984
0.00328978
0.00330808
0.00333429
0.00336775
0.00340755
0.00345253
0.00350128
0.00355209
0.00360308
0.00365213
0.00369709
0.00373579
0.0037663
0.00378699
0.00379672
0.00379495
0.00378178
0.00375794
0.00372473
0.00368389
0.00363744
0.00358755
0.00353638
0.00348597
0.00343818
0.00339462
0.0121609
0.0121369
0.0121189
0.0121077
0.0121036
0.0121069
0.0121173
0.0121344
0.0121576
0.0121861
0.0122188
0.0122544
0.0122916
0.012329
0.0123653
0.0123989
0.0124287
0.0124534
0.012472
0.0124838
0.0124883
0.0124853
0.0124749
0.0124575
0.0124338
0.0124047
0.0123714
0.0123352
0.0122975
0.0122598
0.0122236
0.0121902
0.0107864
0.0107461
0.0107161
0.0106974
0.0106907
0.0106961
0.0107134
0.0107421
0.0107813
0.0108295
0.0108852
0.0109464
0.0110108
0.011076
0.0111395
0.0111988
0.0112514
0.0112951
0.011328
0.0113487
0.0113563
0.0113504
0.0113313
0.0112998
0.0112573
0.0112056
0.011147
0.0110838
0.0110185
0.0109538
0.0108921
0.0108356
0.00797457
0.00792899
0.00789524
0.0078743
0.00786679
0.00787292
0.00789251
0.007925
0.00796942
0.00802441
0.00808822
0.00815874
0.0082335
0.00830974
0.0083845
0.00845473
0.00851742
0.00856975
0.0086093
0.00863418
0.00864318
0.00863586
0.00861258
0.00857447
0.00852336
0.00846162
0.00839203
0.00831759
0.00824135
0.00816629
0.00809519
0.00803057
0.00334869
0.00331995
0.0032988
0.00328578
0.00328119
0.00328514
0.00329754
0.00331809
0.00334628
0.00338137
0.00342239
0.00346808
0.00351697
0.00356731
0.00361715
0.0036644
0.00370693
0.00374267
0.00376981
0.00378689
0.00379297
0.00378772
0.00377144
0.00374502
0.00370987
0.00366779
0.00362083
0.00357112
0.00352074
0.00347168
0.00342568
0.00338426
0.0121421
0.0121154
0.0120955
0.0120832
0.0120789
0.0120827
0.0120944
0.0121138
0.0121399
0.0121718
0.0122084
0.0122483
0.01229
0.012332
0.0123725
0.0124102
0.0124434
0.0124709
0.0124915
0.0125045
0.0125093
0.0125057
0.0124938
0.012474
0.0124472
0.0124145
0.0123771
0.0123365
0.0122943
0.0122522
0.0122118
0.0121747
0.0107547
0.0107103
0.0106774
0.0106572
0.0106503
0.0106569
0.0106769
0.0107095
0.0107537
0.010808
0.0108706
0.0109393
0.0110116
0.0110848
0.011156
0.0112224
0.0112812
0.0113299
0.0113664
0.0113891
0.011397
0.0113895
0.0113673
0.0113311
0.0112826
0.011224
0.0111577
0.0110866
0.0110134
0.010941
0.0108721
0.0108093
0.00793866
0.00788869
0.00785198
0.00782959
0.00782214
0.00782983
0.00785246
0.00788939
0.00793956
0.0080015
0.00807327
0.00815253
0.00823654
0.00832222
0.00840622
0.00848507
0.00855534
0.00861382
0.00865773
0.00868491
0.008694
0.00868456
0.00865706
0.00861287
0.00855417
0.00848374
0.0084048
0.00832077
0.00823512
0.00815118
0.00807204
0.00800042
0.00332517
0.0032939
0.00327115
0.00325744
0.00325309
0.00325819
0.00327262
0.00329608
0.00332801
0.00336762
0.00341387
0.00346539
0.00352054
0.00357735
0.00363362
0.00368694
0.00373486
0.00377499
0.00380519
0.0038238
0.00382976
0.00382271
0.00380307
0.00377197
0.00373112
0.00368268
0.00362905
0.00357268
0.00351596
0.00346108
0.00340994
0.0033642
0.0121158
0.0120829
0.0120578
0.0120416
0.0120346
0.0120373
0.0120494
0.0120705
0.0120998
0.0121363
0.0121787
0.0122253
0.0122745
0.0123243
0.0123729
0.0124184
0.012459
0.0124931
0.0125193
0.0125365
0.0125441
0.0125416
0.0125292
0.0125073
0.0124769
0.0124392
0.0123956
0.0123481
0.0122983
0.0122483
0.0122
0.0121553
0.0107117
0.0106562
0.0106142
0.010587
0.0105755
0.01058
0.0106004
0.0106361
0.0106859
0.0107482
0.0108211
0.010902
0.010988
0.011076
0.0111625
0.0112442
0.0113176
0.0113795
0.0114272
0.0114584
0.0114718
0.0114666
0.0114432
0.0114026
0.0113466
0.0112779
0.0111994
0.0111145
0.0110266
0.0109393
0.0108557
0.010779
0.0078903
0.00782764
0.00778055
0.00775027
0.00773758
0.00774281
0.00776582
0.00780601
0.00786235
0.00793327
0.00801674
0.00811018
0.0082105
0.00831414
0.00841713
0.00851523
0.00860413
0.00867967
0.00873813
0.00877653
0.00879283
0.00878616
0.00875688
0.00870654
0.00863775
0.00855396
0.00845918
0.00835768
0.00825377
0.00815156
0.00805479
0.00796678
0.00329357
0.00325401
0.00322455
0.00320576
0.003198
0.0032014
0.00321591
0.00324125
0.00327693
0.00332221
0.00337602
0.00343698
0.00350329
0.00357275
0.00364274
0.00371032
0.00377234
0.00382561
0.00386718
0.00389458
0.00390613
0.0039011
0.0038798
0.00384356
0.00379457
0.00373561
0.00366981
0.00360037
0.00353035
0.0034625
0.00339918
0.00334235
0.0120955
0.0120569
0.0120268
0.0120065
0.0119965
0.0119973
0.0120088
0.0120306
0.0120619
0.0121016
0.0121482
0.0122001
0.0122553
0.0123118
0.0123674
0.0124199
0.0124673
0.0125076
0.0125393
0.0125609
0.0125717
0.012571
0.012559
0.0125362
0.0125034
0.012462
0.0124138
0.0123606
0.0123046
0.0122479
0.0121929
0.0121414
0.0106797
0.0106134
0.0105621
0.0105274
0.0105104
0.0105115
0.0105307
0.0105674
0.0106206
0.0106886
0.0107692
0.0108598
0.0109573
0.0110581
0.0111584
0.0112542
0.0113414
0.0114163
0.0114755
0.0115162
0.0115364
0.0115352
0.0115126
0.0114697
0.0114085
0.011332
0.0112435
0.0111469
0.0110463
0.0109456
0.0108487
0.010759
0.00785464
0.00777932
0.00772147
0.00768252
0.00766341
0.00766458
0.00768599
0.00772714
0.00778705
0.00786419
0.00795651
0.00806133
0.00817536
0.0082947
0.00841489
0.00853105
0.00863807
0.00873089
0.00880484
0.008856
0.00888156
0.00888009
0.00885167
0.00879787
0.00872165
0.00862701
0.00851867
0.00840175
0.00828133
0.00816229
0.00804904
0.00794541
0.00327019
0.00322218
0.00318562
0.00316115
0.00314914
0.00314977
0.00316303
0.00318871
0.00322641
0.00327547
0.00333491
0.00340338
0.00347908
0.00355968
0.0036423
0.00372356
0.0037997
0.00386675
0.00392088
0.00395873
0.00397784
0.00397691
0.003956
0.00391652
0.00386103
0.00379294
0.00371611
0.00363451
0.00355189
0.00347159
0.00339644
0.00332871
0.0120963
0.0120568
0.0120259
0.0120046
0.0119938
0.0119938
0.0120046
0.0120257
0.0120565
0.0120959
0.0121424
0.0121944
0.0122498
0.0123067
0.0123629
0.0124162
0.0124645
0.0125057
0.0125383
0.0125609
0.0125725
0.0125727
0.0125613
0.012539
0.0125066
0.0124654
0.0124172
0.0123639
0.0123076
0.0122506
0.012195
0.0121429
0.0106816
0.0106134
0.0105603
0.0105238
0.0105051
0.0105047
0.0105226
0.0105582
0.0106106
0.010678
0.0107585
0.0108494
0.0109475
0.0110493
0.0111509
0.0112484
0.0113375
0.0114145
0.0114758
0.0115187
0.0115409
0.0115414
0.0115203
0.0114785
0.011418
0.0113417
0.011253
0.0111558
0.0110542
0.0109523
0.0108539
0.0107626
0.00785672
0.00777906
0.00771892
0.0076778
0.00765667
0.00765601
0.00767584
0.0077157
0.00777465
0.00785122
0.00794338
0.00804851
0.00816333
0.00828397
0.00840595
0.00852436
0.008634
0.0087297
0.00880665
0.00886079
0.00888913
0.00889008
0.00886357
0.00881111
0.00873556
0.00864095
0.00853205
0.00841401
0.00829205
0.00817112
0.00805574
0.00794984
0.0032715
0.0032218
0.00318363
0.00315765
0.00314426
0.00314365
0.00315582
0.00318061
0.00321763
0.00326625
0.00332554
0.00339418
0.00347041
0.00355191
0.00363585
0.00371883
0.00379703
0.0038664
0.00392299
0.00396331
0.0039847
0.00398573
0.00396631
0.00392777
0.00387264
0.00380434
0.00372681
0.0036441
0.00356006
0.00347815
0.00340127
0.00333178
0.0121154
0.0120802
0.0120527
0.0120341
0.012025
0.0120257
0.0120361
0.0120559
0.0120844
0.0121206
0.0121632
0.0122105
0.012261
0.0123125
0.0123633
0.0124112
0.0124545
0.0124912
0.01252
0.0125397
0.0125494
0.0125488
0.0125377
0.0125168
0.0124868
0.0124491
0.0124052
0.0123567
0.0123057
0.0122542
0.012204
0.0121572
0.010712
0.0106516
0.0106049
0.0105733
0.0105578
0.0105589
0.0105764
0.01061
0.0106585
0.0107205
0.010794
0.0108764
0.010965
0.0110565
0.0111473
0.0112339
0.0113127
0.0113803
0.0114335
0.0114701
0.0114882
0.011487
0.0114665
0.0114278
0.0113726
0.0113034
0.0112234
0.011136
0.0110449
0.0109536
0.0108656
0.0107841
0.00789053
0.00782183
0.007769
0.00773343
0.00771599
0.00771713
0.00773681
0.00777455
0.0078294
0.00789992
0.00798414
0.00807954
0.00818306
0.00829111
0.00839963
0.00850421
0.0086003
0.00868342
0.00874947
0.00879506
0.00881775
0.00881631
0.0087908
0.00874261
0.00867431
0.00858938
0.00849199
0.00838664
0.00827791
0.00817016
0.00806742
0.00797321
0.00329351
0.00324974
0.00321635
0.003194
0.00318306
0.00318373
0.00319599
0.00321964
0.00325425
0.00329915
0.00335337
0.00341558
0.00348405
0.00355661
0.00363062
0.00370305
0.00377057
0.00382976
0.00387733
0.00391045
0.00392704
0.00392605
0.00390753
0.00387267
0.00382363
0.00376332
0.00369504
0.00362224
0.00354822
0.00347599
0.00340812
0.00334673
0.0121379
0.0121074
0.012084
0.0120683
0.012061
0.0120623
0.0120722
0.0120903
0.0121161
0.0121485
0.0121864
0.0122284
0.0122729
0.0123183
0.0123627
0.0124045
0.012442
0.0124737
0.0124982
0.0125146
0.0125223
0.0125208
0.0125103
0.0124912
0.0124642
0.0124306
0.0123916
0.0123489
0.012304
0.0122588
0.012215
0.0121741
0.0107473
0.010696
0.0106568
0.0106308
0.0106191
0.0106218
0.010639
0.0106702
0.0107142
0.0107697
0.010835
0.0109076
0.0109851
0.0110646
0.011143
0.0112171
0.011284
0.0113407
0.0113847
0.0114141
0.0114275
0.0114243
0.0114046
0.0113694
0.0113202
0.0112593
0.0111893
0.0111132
0.011034
0.010955
0.0108791
0.0108091
0.0079296
0.00787155
0.00782747
0.00779858
0.00778566
0.00778904
0.00780866
0.00784398
0.00789407
0.0079575
0.00803241
0.00811643
0.00820677
0.00830017
0.00839308
0.0084817
0.00856218
0.00863085
0.0086844
0.00872016
0.00873631
0.008732
0.00870745
0.00866395
0.00860369
0.00852964
0.00844529
0.00835443
0.0082609
0.00816842
0.00808041
0.00799993
0.00331848
0.00328194
0.00325446
0.00323666
0.00322888
0.0032313
0.00324387
0.00326634
0.00329823
0.00333883
0.00338714
0.00344185
0.0035013
0.00356349
0.00362606
0.00368642
0.0037418
0.00378944
0.00382679
0.00385172
0.00386277
0.00385927
0.00384143
0.00381032
0.00376775
0.00371606
0.00365795
0.00359621
0.00353353
0.00347242
0.00341504
0.00336323
0.0121563
0.0121269
0.0121038
0.0120879
0.0120797
0.0120795
0.0120873
0.0121028
0.0121256
0.0121548
0.0121893
0.0122278
0.012269
0.0123112
0.0123529
0.0123923
0.012428
0.0124584
0.0124825
0.0124991
0.0125076
0.0125076
0.0124992
0.0124828
0.0124589
0.0124287
0.0123932
0.012354
0.0123126
0.0122705
0.0122294
0.0121909
0.0107768
0.0107273
0.0106889
0.0106627
0.0106496
0.01065
0.0106638
0.0106908
0.0107299
0.01078
0.0108394
0.010906
0.0109774
0.011051
0.011124
0.0111934
0.0112565
0.0113105
0.0113531
0.0113825
0.0113972
0.0113967
0.0113809
0.0113506
0.0113071
0.0112524
0.0111889
0.0111191
0.0110461
0.0109727
0.0109016
0.0108355
0.00796232
0.00790645
0.00786333
0.00783418
0.00781983
0.00782068
0.0078367
0.00786749
0.00791218
0.00796948
0.00803769
0.00811462
0.00819769
0.00828392
0.00837003
0.00845256
0.00852797
0.00859288
0.00864423
0.00867955
0.00869705
0.00869587
0.00867606
0.00863863
0.00858546
0.00851911
0.0084427
0.00835963
0.00827343
0.00818753
0.00810517
0.00802926
0.00333898
0.00330382
0.00327698
0.00325907
0.00325049
0.00325143
0.00326188
0.00328162
0.00331021
0.00334699
0.00339101
0.00344106
0.00349559
0.00355276
0.00361044
0.00366625
0.00371769
0.00376227
0.00379766
0.00382194
0.00383372
0.00383231
0.0038178
0.00379104
0.00375355
0.00370735
0.00365483
0.00359848
0.00354079
0.00348408
0.00343041
0.00338156
0.0121734
0.0121415
0.0121154
0.0120959
0.0120839
0.0120797
0.0120835
0.0120952
0.0121144
0.0121404
0.0121723
0.0122089
0.0122488
0.0122905
0.0123325
0.012373
0.0124106
0.0124436
0.0124708
0.012491
0.0125035
0.0125076
0.0125033
0.0124908
0.0124706
0.0124435
0.0124106
0.0123732
0.0123329
0.0122912
0.0122497
0.0122099
0.0108068
0.0107521
0.0107076
0.0106747
0.0106545
0.0106477
0.0106544
0.0106745
0.0107074
0.0107519
0.0108066
0.0108697
0.0109389
0.0110118
0.0110855
0.0111573
0.0112241
0.0112833
0.0113323
0.0113689
0.0113916
0.0113992
0.0113915
0.0113688
0.0113321
0.011283
0.0112238
0.011157
0.0110853
0.0110117
0.0109389
0.0108698
0.00799717
0.00793471
0.00788417
0.00784704
0.00782437
0.00781679
0.00782451
0.00784734
0.00788464
0.00793538
0.00799805
0.00807074
0.00815105
0.00823623
0.00832313
0.00840837
0.00848842
0.00855978
0.00861919
0.0086638
0.00869143
0.00870069
0.00869109
0.00866314
0.00861823
0.00855859
0.00848705
0.00840691
0.00832166
0.00823482
0.00814978
0.00806964
0.00336177
0.00332175
0.00328964
0.00326621
0.00325199
0.00324729
0.00325222
0.00326667
0.00329034
0.00332269
0.00336294
0.00341003
0.00346261
0.00351899
0.00357719
0.00363495
0.00368982
0.00373923
0.00378073
0.00381209
0.00383159
0.00383807
0.00383117
0.00381129
0.00377958
0.00373781
0.0036882
0.00363323
0.00357545
0.0035173
0.00346104
0.00340865
0.0121881
0.0121537
0.0121245
0.0121018
0.0120862
0.0120783
0.0120785
0.0120868
0.0121029
0.0121262
0.0121558
0.0121908
0.0122297
0.0122712
0.0123137
0.0123555
0.0123949
0.0124305
0.0124607
0.0124843
0.0125004
0.0125083
0.0125078
0.0124988
0.0124817
0.0124574
0.0124266
0.0123908
0.0123513
0.0123097
0.0122676
0.0122265
0.0108351
0.0107752
0.0107247
0.0106853
0.0106582
0.0106444
0.0106443
0.0106579
0.0106847
0.010724
0.0107744
0.0108343
0.0109016
0.0109739
0.0110485
0.0111225
0.0111932
0.0112574
0.0113126
0.0113563
0.0113866
0.0114022
0.0114022
0.0113868
0.0113566
0.011313
0.0112578
0.0111937
0.0111231
0.0110491
0.0109746
0.0109024
0.00803152
0.00796239
0.00790441
0.00785929
0.00782834
0.00781241
0.00781195
0.00782696
0.00785705
0.00790138
0.00795869
0.00802726
0.00810493
0.00818911
0.00827681
0.00836473
0.00844934
0.00852706
0.00859439
0.0086482
0.00868587
0.00870549
0.00870608
0.00868759
0.00865096
0.00859801
0.00853135
0.0084541
0.00836975
0.00828189
0.00819407
0.00810962
0.00338578
0.00334077
0.00330325
0.00327415
0.00325416
0.0032437
0.003243
0.00325206
0.00327072
0.00329855
0.00333492
0.00337893
0.0034294
0.00348481
0.00354333
0.00360283
0.00366091
0.00371499
0.00376248
0.00380092
0.00382821
0.00384279
0.0038438
0.00383117
0.00380565
0.0037687
0.00372236
0.00366904
0.00361135
0.00355187
0.00349304
0.00343706
0.0121897
0.0121555
0.0121264
0.0121037
0.012088
0.0120801
0.0120801
0.0120882
0.012104
0.012127
0.0121563
0.012191
0.0122297
0.0122709
0.0123131
0.0123546
0.0123939
0.0124293
0.0124594
0.012483
0.0124991
0.0125071
0.0125067
0.0124979
0.0124811
0.012457
0.0124266
0.0123911
0.0123519
0.0123106
0.0122688
0.0122279
0.0108396
0.0107798
0.0107293
0.0106897
0.0106623
0.010648
0.0106473
0.0106602
0.0106863
0.0107247
0.0107743
0.0108333
0.0108997
0.0109712
0.011045
0.0111185
0.0111887
0.0112527
0.0113079
0.0113517
0.0113824
0.0113985
0.0113992
0.0113846
0.0113553
0.0113126
0.0112585
0.0111952
0.0111255
0.0110522
0.0109783
0.0109065
0.00803786
0.00796877
0.00791059
0.00786509
0.00783356
0.00781689
0.00781553
0.00782953
0.00785851
0.00790165
0.00795772
0.00802504
0.00810149
0.00818453
0.00827123
0.00835833
0.00844235
0.00851976
0.0085871
0.00864124
0.00867954
0.00870009
0.00870184
0.00868469
0.0086495
0.00859803
0.00853279
0.00845685
0.00837365
0.00828675
0.00819966
0.0081157
0.00339102
0.00334594
0.00330818
0.00327869
0.00325818
0.00324708
0.00324563
0.00325387
0.00327161
0.00329847
0.00333383
0.00337681
0.00342626
0.0034807
0.00353836
0.00359714
0.00365469
0.00370849
0.00375598
0.00379472
0.00382261
0.00383805
0.00384015
0.00382877
0.00380458
0.00376895
0.00372385
0.00367165
0.00361489
0.00355615
0.00349785
0.00344218
0.0121728
0.0121407
0.0121144
0.0120948
0.0120826
0.0120783
0.0120821
0.0120938
0.012113
0.0121392
0.0121712
0.0122081
0.0122482
0.0122903
0.0123326
0.0123734
0.0124113
0.0124446
0.012472
0.0124923
0.0125048
0.012509
0.0125046
0.0124919
0.0124716
0.0124443
0.0124112
0.0123736
0.0123331
0.0122912
0.0122494
0.0122095
0.0108082
0.0107528
0.0107075
0.0106738
0.0106529
0.0106454
0.0106516
0.0106712
0.0107036
0.0107479
0.0108025
0.0108656
0.0109349
0.0110081
0.0110822
0.0111545
0.0112221
0.011282
0.0113319
0.0113694
0.0113929
0.0114013
0.0113943
0.0113721
0.0113359
0.0112871
0.011228
0.011161
0.0110891
0.011015
0.0109417
0.0108719
0.00800078
0.00793712
0.00788535
0.00784697
0.00782308
0.00781433
0.00782097
0.00784282
0.00787929
0.00792934
0.00799151
0.00806389
0.00814413
0.00822947
0.00831681
0.00840274
0.00848374
0.00855628
0.00861707
0.0086632
0.0086924
0.0087032
0.00869505
0.00866834
0.00862443
0.00856548
0.00849431
0.0084142
0.00832867
0.00824128
0.00815546
0.00807435
0.00336557
0.00332452
0.00329134
0.00326682
0.00325153
0.00324578
0.00324971
0.00326324
0.00328607
0.00331768
0.00335733
0.00340398
0.0034563
0.00351265
0.00357106
0.00362929
0.00368489
0.0037353
0.00377804
0.00381082
0.00383184
0.00383987
0.00383444
0.00381585
0.00378519
0.00374416
0.00369498
0.00364011
0.00358213
0.00352353
0.00346662
0.00341339
0.0121493
0.0121193
0.0120959
0.0120797
0.0120716
0.0120716
0.01208
0.0120963
0.0121201
0.0121504
0.0121863
0.0122263
0.0122689
0.0123127
0.0123558
0.0123965
0.0124333
0.0124646
0.0124891
0.0125059
0.0125142
0.0125138
0.0125046
0.0124871
0.012462
0.0124304
0.0123935
0.0123528
0.01231
0.0122666
0.0122243
0.0121847
0.0107643
0.010713
0.0106732
0.0106462
0.0106328
0.0106335
0.0106482
0.0106766
0.0107176
0.0107701
0.0108322
0.0109018
0.0109764
0.0110532
0.0111294
0.0112019
0.0112677
0.011324
0.0113684
0.0113988
0.0114139
0.011413
0.0113961
0.0113641
0.0113183
0.0112609
0.0111943
0.0111213
0.0110449
0.0109683
0.0108942
0.0108253
0.00794813
0.00788975
0.00784473
0.00781436
0.00779945
0.00780043
0.00781727
0.00784953
0.00789633
0.00795636
0.00802781
0.00810845
0.00819558
0.00828609
0.00837655
0.00846331
0.00854263
0.00861095
0.00866503
0.00870222
0.00872063
0.00871933
0.00869839
0.00865886
0.00860274
0.00853279
0.0084523
0.00836488
0.00827425
0.00818406
0.00809769
0.00801817
0.00332887
0.00329173
0.00326338
0.00324445
0.00323533
0.00323622
0.0032471
0.00326777
0.00329778
0.00333645
0.00338284
0.00343567
0.00349337
0.00355399
0.00361529
0.00367474
0.00372967
0.00377738
0.00381537
0.00384152
0.00385432
0.00385301
0.00383766
0.00380918
0.00376921
0.00371996
0.00366399
0.00360401
0.00354268
0.00348248
0.0034256
0.00337389
0.0121399
0.0121109
0.0120888
0.0120741
0.0120676
0.0120695
0.0120796
0.0120978
0.0121233
0.0121553
0.0121925
0.0122337
0.0122773
0.0123215
0.0123648
0.0124053
0.0124415
0.0124719
0.0124952
0.0125104
0.012517
0.0125147
0.0125035
0.0124841
0.0124572
0.0124239
0.0123856
0.0123438
0.0123001
0.0122563
0.012214
0.0121747
0.0107464
0.0106968
0.0106592
0.0106349
0.0106245
0.0106285
0.0106467
0.0106786
0.0107231
0.0107789
0.010844
0.0109162
0.0109929
0.0110713
0.0111484
0.0112209
0.011286
0.0113408
0.011383
0.0114105
0.0114222
0.0114175
0.0113967
0.0113607
0.0113111
0.0112501
0.0111805
0.011105
0.0110269
0.0109492
0.0108748
0.0108064
0.00792632
0.00786995
0.00782757
0.00780035
0.00778902
0.00779391
0.00781488
0.00785139
0.00790245
0.00796661
0.00804196
0.00812611
0.00821622
0.00830902
0.00840096
0.00848824
0.00856706
0.00863382
0.00868529
0.00871893
0.008733
0.00872679
0.0087006
0.0086558
0.00859463
0.0085201
0.00843568
0.00834515
0.00825231
0.00816083
0.00807409
0.00799507
0.00331347
0.00327769
0.0032511
0.00323426
0.00322753
0.00323103
0.00324471
0.00326829
0.00330129
0.00334296
0.00339227
0.00344786
0.00350802
0.0035707
0.00363351
0.0036938
0.00374878
0.00379568
0.00383199
0.00385562
0.00386519
0.00386012
0.00384071
0.00380812
0.00376423
0.00371145
0.00365251
0.0035902
0.00352725
0.00346612
0.00340897
0.0033576
0.0121523
0.0121239
0.0121018
0.0120869
0.0120796
0.0120803
0.012089
0.0121053
0.0121288
0.0121585
0.0121934
0.0122322
0.0122735
0.0123157
0.0123571
0.0123961
0.0124312
0.012461
0.0124841
0.0124996
0.012507
0.0125059
0.0124963
0.0124788
0.0124541
0.0124231
0.0123872
0.0123478
0.0123064
0.0122646
0.012224
0.0121861
0.0107688
0.0107198
0.010682
0.0106566
0.0106445
0.010646
0.0106612
0.0106895
0.0107301
0.0107816
0.0108423
0.0109101
0.0109827
0.0110572
0.0111308
0.0112007
0.0112639
0.0113177
0.0113598
0.0113883
0.0114019
0.0114001
0.0113828
0.0113508
0.0113058
0.0112495
0.0111845
0.0111135
0.0110395
0.0109653
0.0108938
0.0108275
0.00795263
0.00789656
0.00785358
0.00782491
0.00781132
0.00781321
0.00783051
0.00786279
0.00790914
0.00796825
0.00803834
0.00811719
0.00820216
0.00829018
0.00837792
0.00846181
0.00853825
0.00860378
0.00865532
0.00869033
0.00870706
0.00870464
0.00868321
0.00864385
0.00858853
0.00851995
0.00844132
0.00835616
0.00826808
0.00818058
0.00809695
0.00802012
0.00333164
0.00329572
0.0032684
0.0032503
0.00324182
0.00324312
0.0032542
0.00327482
0.00330454
0.00334267
0.00338828
0.00344009
0.00349654
0.00355572
0.00361542
0.00367317
0.00372638
0.00377242
0.0038089
0.00383378
0.00384563
0.00384375
0.00382825
0.00380004
0.00376073
0.00371248
0.00365777
0.00359924
0.00353947
0.00348086
0.00342553
0.0033753
0.0121707
0.0121437
0.0121224
0.0121076
0.0120997
0.0120991
0.0121058
0.0121196
0.0121401
0.0121665
0.0121978
0.012233
0.0122706
0.0123093
0.0123475
0.0123837
0.0124166
0.0124448
0.012467
0.0124825
0.0124905
0.0124908
0.0124833
0.0124685
0.0124469
0.0124194
0.0123871
0.0123514
0.0123137
0.0122753
0.0122377
0.0122024
0.0108026
0.0107556
0.0107186
0.0106927
0.0106789
0.0106776
0.0106889
0.0107123
0.0107471
0.0107922
0.0108461
0.0109069
0.0109725
0.0110403
0.0111078
0.0111725
0.0112315
0.0112825
0.0113232
0.0113519
0.0113673
0.0113687
0.011356
0.0113298
0.0112913
0.0112422
0.0111846
0.0111209
0.0110538
0.0109859
0.0109198
0.0108579
0.00799273
0.00793866
0.0078962
0.0078666
0.00785072
0.007849
0.00786149
0.00788785
0.00792733
0.00797878
0.00804063
0.00811092
0.00818728
0.00826699
0.00834705
0.00842428
0.00849543
0.00855736
0.00860722
0.00864263
0.00866186
0.00866395
0.00864878
0.00861712
0.00857051
0.0085112
0.00844195
0.00836586
0.00828618
0.0082061
0.00812871
0.00805677
0.00335971
0.00332469
0.0032973
0.00327821
0.00326785
0.00326647
0.00327409
0.00329055
0.00331547
0.00334826
0.00338807
0.00343379
0.00348403
0.00353712
0.00359111
0.00364384
0.00369302
0.00373633
0.00377159
0.00379693
0.00381094
0.00381284
0.0038025
0.00378052
0.00374811
0.00370703
0.00365938
0.00360746
0.00355359
0.0035
0.00344869
0.00340144
0.0121777
0.0121536
0.0121348
0.012122
0.0121158
0.0121163
0.0121235
0.0121373
0.012157
0.0121821
0.0122117
0.0122445
0.0122794
0.0123151
0.0123501
0.0123831
0.0124128
0.012438
0.0124576
0.0124709
0.0124772
0.0124764
0.0124685
0.0124538
0.012433
0.0124069
0.0123766
0.0123433
0.0123083
0.0122729
0.0122385
0.0122064
0.0108138
0.0107717
0.0107389
0.0107166
0.0107056
0.0107061
0.0107182
0.0107414
0.010775
0.010818
0.0108687
0.0109255
0.0109863
0.0110488
0.0111107
0.0111694
0.0112226
0.0112682
0.011304
0.0113286
0.0113408
0.0113402
0.0113268
0.0113011
0.0112643
0.011218
0.0111641
0.011105
0.011043
0.0109806
0.0109201
0.0108638
0.00800545
0.00795689
0.00791922
0.00789358
0.00788071
0.00788099
0.0078944
0.00792056
0.00795871
0.00800769
0.00806599
0.00813169
0.00820255
0.00827601
0.00834927
0.00841942
0.00848349
0.00853869
0.00858248
0.00861281
0.00862821
0.00862793
0.00861196
0.00858109
0.00853679
0.00848117
0.00841675
0.00834637
0.00827299
0.00819955
0.00812884
0.00806339
0.003368
0.0033365
0.00331213
0.0032955
0.00328701
0.00328687
0.00329507
0.00331143
0.00333554
0.00336681
0.00340437
0.00344715
0.00349379
0.0035427
0.00359205
0.00363986
0.00368404
0.00372252
0.00375338
0.00377503
0.00378628
0.0037865
0.0037757
0.00375445
0.0037239
0.00368566
0.00364162
0.00359386
0.00354448
0.00349549
0.00344872
0.00340577
0.0121752
0.0121548
0.0121397
0.0121305
0.0121275
0.0121309
0.0121405
0.012156
0.0121769
0.0122024
0.0122316
0.0122633
0.0122965
0.0123297
0.0123618
0.0123915
0.0124175
0.0124389
0.0124546
0.0124642
0.0124671
0.0124633
0.012453
0.0124366
0.0124148
0.0123884
0.0123586
0.0123265
0.0122934
0.0122604
0.012229
0.0122003
0.010806
0.0107706
0.0107445
0.0107287
0.0107237
0.0107296
0.0107463
0.0107731
0.0108093
0.0108535
0.0109043
0.0109598
0.011018
0.0110767
0.0111336
0.0111864
0.011233
0.0112714
0.0112999
0.0113173
0.0113228
0.0113163
0.0112979
0.0112685
0.0112294
0.0111822
0.0111289
0.0110718
0.0110131
0.0109551
0.0108999
0.0108496
0.00799463
0.00795393
0.0079241
0.00790605
0.00790029
0.00790699
0.00792597
0.00795667
0.00799816
0.00804914
0.00810798
0.00817268
0.00824097
0.00831029
0.00837795
0.00844117
0.00849725
0.0085437
0.00857838
0.00859966
0.00860652
0.00859861
0.00857632
0.00854071
0.00849345
0.00843672
0.00837303
0.00830511
0.00823574
0.00816761
0.00810326
0.00804495
0.00335909
0.00333288
0.00331377
0.00330224
0.00329857
0.00330286
0.003315
0.00333469
0.00336144
0.00339451
0.00343297
0.00347562
0.00352104
0.0035676
0.00361348
0.00365674
0.00369544
0.00372773
0.00375198
0.00376692
0.00377174
0.00376617
0.00375051
0.00372561
0.00369277
0.00365363
0.00361006
0.00356403
0.00351746
0.00347217
0.00342978
0.0033917
0.0121767
0.0121596
0.0121477
0.0121414
0.012141
0.0121465
0.0121576
0.0121741
0.0121953
0.0122204
0.0122485
0.0122786
0.0123096
0.0123401
0.0123692
0.0123955
0.012418
0.0124359
0.0124484
0.0124549
0.0124552
0.0124493
0.0124375
0.0124202
0.0123981
0.0123723
0.0123436
0.0123132
0.0122823
0.0122522
0.0122238
0.0121983
0.0108059
0.0107763
0.0107559
0.0107453
0.010745
0.0107548
0.0107744
0.0108033
0.0108405
0.0108846
0.010934
0.0109871
0.0110419
0.0110961
0.0111478
0.0111947
0.0112351
0.0112671
0.0112894
0.011301
0.0113014
0.0112907
0.0112691
0.0112378
0.011198
0.0111515
0.0111001
0.011046
0.0109912
0.0109379
0.0108881
0.0108436
0.00799293
0.00795904
0.00793576
0.00792379
0.00792348
0.00793484
0.00795754
0.00799089
0.00803385
0.00808506
0.00814281
0.0082051
0.00826967
0.00833406
0.00839571
0.00845205
0.00850065
0.00853934
0.00856633
0.00858036
0.00858075
0.00856748
0.00854119
0.0085031
0.00845497
0.00839896
0.0083375
0.00827317
0.00820852
0.00814603
0.00808798
0.00803637
0.00335663
0.0033349
0.00332008
0.00331258
0.00331256
0.00332005
0.00333484
0.00335656
0.00338463
0.00341825
0.00345641
0.00349787
0.0035412
0.00358475
0.00362678
0.00366547
0.00369903
0.00372585
0.00374456
0.00375419
0.00375423
0.00374466
0.003726
0.00369922
0.00366567
0.00362699
0.00358495
0.00354137
0.00349802
0.00345654
0.00341836
0.00338472
0.0121879
0.0121735
0.0121639
0.0121593
0.01216
0.0121659
0.0121768
0.0121923
0.0122119
0.0122348
0.0122603
0.0122873
0.0123148
0.0123419
0.0123673
0.0123901
0.0124095
0.0124245
0.0124346
0.0124394
0.0124386
0.0124324
0.0124209
0.0124046
0.0123843
0.0123607
0.0123348
0.0123076
0.0122801
0.0122534
0.0122286
0.0122065
0.0108253
0.0108003
0.0107835
0.0107756
0.0107768
0.010787
0.010806
0.0108331
0.0108674
0.0109076
0.0109523
0.0109998
0.0110485
0.0110964
0.0111417
0.0111824
0.011217
0.011244
0.0112622
0.0112708
0.0112695
0.0112584
0.0112378
0.0112087
0.0111724
0.0111303
0.0110841
0.0110358
0.0109873
0.0109402
0.0108966
0.0108578
0.00801535
0.00798647
0.00796719
0.0079581
0.00795947
0.00797127
0.00799312
0.00802435
0.00806397
0.00811066
0.00816285
0.0082187
0.00827614
0.00833298
0.00838695
0.0084358
0.00847744
0.00851002
0.00853208
0.00854258
0.00854103
0.00852751
0.00850263
0.00846755
0.00842385
0.00837344
0.00831848
0.00826123
0.00820396
0.00814885
0.0080979
0.0080529
0.00337174
0.00335306
0.00334064
0.0033348
0.00333571
0.00334333
0.00335747
0.00337773
0.00340356
0.00343418
0.00346863
0.00350577
0.00354427
0.00358266
0.00361939
0.00365288
0.00368161
0.00370419
0.00371952
0.00372683
0.00372572
0.00371626
0.00369893
0.00367461
0.00364447
0.00360996
0.0035726
0.00353401
0.00349571
0.00345915
0.00342559
0.00339616
0.0122004
0.0121889
0.0121816
0.0121788
0.0121806
0.0121868
0.0121973
0.0122117
0.0122295
0.01225
0.0122725
0.0122961
0.01232
0.0123431
0.0123647
0.0123838
0.0123997
0.0124117
0.0124193
0.0124223
0.0124205
0.0124139
0.0124029
0.0123879
0.0123695
0.0123484
0.0123256
0.0123018
0.0122781
0.0122552
0.0122342
0.0122156
0.0108485
0.0108282
0.0108152
0.01081
0.0108126
0.010823
0.0108409
0.0108656
0.0108962
0.0109317
0.0109708
0.0110121
0.0110539
0.0110946
0.0111328
0.0111667
0.0111951
0.0112168
0.0112308
0.0112365
0.0112337
0.0112225
0.0112034
0.0111772
0.011145
0.0111081
0.011068
0.0110263
0.0109847
0.0109447
0.0109078
0.0108753
0.00804314
0.00801961
0.00800447
0.00799818
0.00800095
0.00801268
0.008033
0.00806125
0.0080965
0.00813756
0.00818299
0.00823117
0.0082803
0.00832849
0.00837382
0.0084144
0.00844853
0.0084747
0.00849176
0.00849892
0.00849586
0.00848272
0.00846009
0.00842897
0.00839074
0.00834704
0.0082997
0.00825064
0.0082018
0.00815501
0.008112
0.00807428
0.00339139
0.00337599
0.00336602
0.00336174
0.00336328
0.0033706
0.00338348
0.00340155
0.00342427
0.00345093
0.00348067
0.00351246
0.00354514
0.00357746
0.00360811
0.00363577
0.00365922
0.00367737
0.00368934
0.00369454
0.00369273
0.00368398
0.00366872
0.00364769
0.00362188
0.00359247
0.00356074
0.00352803
0.00349562
0.00346473
0.00343646
0.00341175
0.0122015
0.0121934
0.0121894
0.0121896
0.0121939
0.0122023
0.0122144
0.0122297
0.0122478
0.012268
0.0122894
0.0123114
0.012333
0.0123534
0.0123718
0.0123875
0.0123999
0.0124085
0.0124128
0.0124127
0.0124082
0.0123995
0.012387
0.0123711
0.0123525
0.0123319
0.0123102
0.0122881
0.0122667
0.0122465
0.0122285
0.0122133
0.0108507
0.0108362
0.0108286
0.0108283
0.0108353
0.0108492
0.0108697
0.0108959
0.010927
0.0109618
0.010999
0.0110373
0.0110752
0.0111112
0.0111439
0.0111719
0.0111941
0.0112096
0.0112177
0.0112181
0.0112108
0.011196
0.0111744
0.0111468
0.0111145
0.0110787
0.0110409
0.0110025
0.010965
0.0109299
0.0108984
0.0108717
0.00804604
0.00802904
0.00802005
0.00801935
0.00802697
0.00804264
0.00806586
0.00809585
0.00813159
0.00817184
0.00821515
0.00825994
0.0083045
0.00834708
0.00838594
0.00841949
0.00844627
0.00846512
0.00847521
0.00847608
0.00846768
0.00845039
0.00842497
0.00839253
0.00835445
0.00831235
0.00826793
0.00822297
0.0081792
0.00813824
0.00810157
0.00807049
0.00339369
0.00338246
0.00337637
0.00337561
0.00338019
0.00338997
0.00340466
0.00342383
0.00344686
0.003473
0.00350137
0.00353095
0.00356062
0.00358921
0.00361553
0.00363845
0.00365692
0.00367009
0.00367734
0.00367831
0.00367295
0.00366151
0.00364454
0.00362284
0.00359739
0.00356931
0.00353978
0.00351
0.00348111
0.00345417
0.00343011
0.00340974
0.0121913
0.0121875
0.0121879
0.0121926
0.0122013
0.0122139
0.0122296
0.0122481
0.0122686
0.0122904
0.0123126
0.0123345
0.012355
0.0123736
0.0123893
0.0124017
0.0124101
0.0124143
0.0124141
0.0124094
0.0124005
0.0123876
0.0123713
0.0123523
0.0123314
0.0123093
0.0122869
0.0122651
0.0122447
0.0122265
0.0122112
0.0121993
0.0108316
0.0108244
0.0108246
0.0108322
0.0108468
0.0108681
0.0108952
0.0109272
0.010963
0.0110011
0.0110402
0.0110787
0.0111153
0.0111483
0.0111765
0.0111988
0.0112142
0.0112219
0.0112218
0.0112139
0.0111983
0.0111758
0.0111474
0.0111142
0.0110775
0.0110388
0.0109996
0.0109615
0.0109258
0.010894
0.010867
0.010846
0.00802327
0.00801467
0.00801455
0.00802293
0.00803952
0.00806378
0.0080949
0.00813183
0.00817327
0.00821775
0.00826362
0.00830912
0.00835248
0.00839192
0.0084258
0.00845266
0.00847134
0.008481
0.0084812
0.00847194
0.00845362
0.00842706
0.00839341
0.00835411
0.00831082
0.00826529
0.00821933
0.00817471
0.00813308
0.00809594
0.00806459
0.0080401
0.00337783
0.00337203
0.00337172
0.00337688
0.00338738
0.00340289
0.00342296
0.00344694
0.00347407
0.0035034
0.0035339
0.0035644
0.00359369
0.00362055
0.0036438
0.00366239
0.00367546
0.00368237
0.0036828
0.00367671
0.00366441
0.00364646
0.00362373
0.00359724
0.00356816
0.00353771
0.00350711
0.00347753
0.00345005
0.00342561
0.00340502
0.00338893
0.0121793
0.0121806
0.0121864
0.0121966
0.0122106
0.0122281
0.0122482
0.0122704
0.0122937
0.0123174
0.0123404
0.0123619
0.0123811
0.0123972
0.0124096
0.0124178
0.0124215
0.0124204
0.0124146
0.0124043
0.01239
0.0123722
0.0123516
0.012329
0.0123053
0.0122815
0.0122584
0.012237
0.0122181
0.0122023
0.0121904
0.0121826
0.0108104
0.0108122
0.010822
0.0108392
0.0108633
0.0108935
0.0109286
0.0109674
0.0110084
0.0110502
0.011091
0.0111294
0.0111637
0.0111926
0.0112148
0.0112295
0.011236
0.0112341
0.0112238
0.0112055
0.01118
0.0111484
0.011112
0.0110722
0.0110306
0.0109889
0.0109487
0.0109114
0.0108785
0.010851
0.0108301
0.0108164
0.0079983
0.00800031
0.00801132
0.00803099
0.00805867
0.00809344
0.00813412
0.0081793
0.00822734
0.00827647
0.00832479
0.00837037
0.00841136
0.00844601
0.00847282
0.00849061
0.00849858
0.00849637
0.00848408
0.00846225
0.00843186
0.00839425
0.00835101
0.00830397
0.00825502
0.0082061
0.00815905
0.00811562
0.00807735
0.00804555
0.00802129
0.00800537
0.00336104
0.00336226
0.00336931
0.00338197
0.00339988
0.0034225
0.00344913
0.00347889
0.00351076
0.00354359
0.00357611
0.00360702
0.00363498
0.00365877
0.00367728
0.00368963
0.00369521
0.00369376
0.00368534
0.00367037
0.00364956
0.00362391
0.00359457
0.00356282
0.00353
0.00349741
0.00346625
0.00343766
0.00341258
0.00339183
0.00337604
0.00336568
0.0121689
0.012175
0.0121859
0.0122011
0.01222
0.0122419
0.0122661
0.0122915
0.0123173
0.0123425
0.0123661
0.0123871
0.0124048
0.0124185
0.0124276
0.0124318
0.0124308
0.0124247
0.0124138
0.0123984
0.0123791
0.0123568
0.0123322
0.0123065
0.0122805
0.0122552
0.0122318
0.012211
0.0121936
0.0121803
0.0121715
0.0121677
0.0107936
0.0108041
0.0108228
0.010849
0.0108818
0.0109199
0.0109622
0.0110068
0.0110523
0.0110968
0.0111386
0.011176
0.0112075
0.0112318
0.0112479
0.011255
0.0112528
0.0112416
0.0112216
0.0111938
0.0111594
0.0111197
0.0110764
0.0110311
0.0109857
0.010942
0.0109014
0.0108656
0.0108357
0.010813
0.0107981
0.0107915
0.00797958
0.00799171
0.00801319
0.00804336
0.0080812
0.00812547
0.00817461
0.00822689
0.00828034
0.00833291
0.00838251
0.00842708
0.00846473
0.00849379
0.00851298
0.00852142
0.00851873
0.00850502
0.00848094
0.00844755
0.00840634
0.0083591
0.00830779
0.00825452
0.00820138
0.00815038
0.00810337
0.00806203
0.00802775
0.00800167
0.00798464
0.0079772
0.00334947
0.00335742
0.00337141
0.00339105
0.00341576
0.00344478
0.00347717
0.00351184
0.00354752
0.00358284
0.00361636
0.00364664
0.00367231
0.00369217
0.00370524
0.00371089
0.00370883
0.00369916
0.00368237
0.00365929
0.00363101
0.00359883
0.00356418
0.0035285
0.0034932
0.0034596
0.00342887
0.00340204
0.00337994
0.00336324
0.00335242
0.00334779
0.0121565
0.0121659
0.0121803
0.0121993
0.0122221
0.0122477
0.0122754
0.012304
0.0123324
0.0123596
0.0123845
0.0124061
0.0124237
0.0124364
0.0124438
0.0124456
0.0124417
0.0124322
0.0124175
0.0123982
0.0123751
0.012349
0.012321
0.0122921
0.0122636
0.0122365
0.0122118
0.0121905
0.0121734
0.012161
0.012154
0.0121524
0.0107739
0.01079
0.0108148
0.0108474
0.0108866
0.0109312
0.0109794
0.0110294
0.0110795
0.0111275
0.0111716
0.0112101
0.0112413
0.0112638
0.0112768
0.0112797
0.0112723
0.0112549
0.0112284
0.0111938
0.0111525
0.0111063
0.0110571
0.0110068
0.0109573
0.0109105
0.0108681
0.0108317
0.0108025
0.0107816
0.0107696
0.010767
0.00795801
0.00797644
0.00800483
0.00804227
0.00808755
0.00813913
0.00819524
0.00825382
0.00831268
0.00836951
0.00842197
0.00846785
0.00850515
0.00853218
0.00854771
0.00855101
0.00854194
0.00852091
0.00848889
0.00844734
0.0083981
0.0083433
0.00828521
0.00822618
0.00816847
0.00811424
0.0080654
0.00802362
0.0079903
0.00796649
0.00795295
0.00795009
0.00333636
0.0033483
0.00336665
0.00339091
0.00342037
0.00345413
0.00349107
0.00352992
0.00356925
0.00360748
0.003643
0.00367425
0.00369974
0.00371823
0.00372879
0.00373089
0.0037244
0.00370968
0.00368746
0.00365886
0.00362523
0.00358811
0.00354912
0.00350985
0.0034718
0.00343634
0.00340466
0.00337777
0.00335646
0.00334135
0.00333284
0.00333116
0.0121383
0.0121501
0.0121676
0.01219
0.0122165
0.0122461
0.0122777
0.0123101
0.0123421
0.0123725
0.0124
0.0124236
0.0124423
0.0124555
0.0124625
0.0124632
0.0124573
0.0124453
0.0124275
0.0124046
0.0123776
0.0123475
0.0123155
0.0122829
0.0122509
0.0122208
0.0121936
0.0121705
0.0121522
0.0121395
0.0121328
0.0121324
0.0107436
0.0107633
0.0107927
0.0108307
0.0108761
0.0109271
0.010982
0.0110388
0.0110952
0.0111491
0.0111982
0.0112406
0.0112745
0.0112985
0.0113114
0.0113128
0.0113025
0.011281
0.0112493
0.0112086
0.0111607
0.0111077
0.0110516
0.0109946
0.010939
0.0108869
0.0108401
0.0108003
0.0107689
0.010747
0.0107353
0.0107341
0.00792372
0.00794599
0.00797932
0.00802267
0.00807466
0.00813358
0.00819738
0.00826378
0.00833025
0.00839417
0.0084529
0.00850391
0.00854492
0.00857405
0.00858992
0.00859177
0.00857951
0.00855373
0.00851563
0.00846698
0.00840996
0.00834706
0.00828092
0.00821418
0.00814942
0.008089
0.00803504
0.00798933
0.00795335
0.00792822
0.00791469
0.00791318
0.00331437
0.00332839
0.00334954
0.00337726
0.00341077
0.00344907
0.00349095
0.00353495
0.00357945
0.00362267
0.00366278
0.00369793
0.00372643
0.00374685
0.00375811
0.00375962
0.0037513
0.00373358
0.0037074
0.00367409
0.00363528
0.00359278
0.00354843
0.00350405
0.00346133
0.00342178
0.00338669
0.00335713
0.00333395
0.00331776
0.00330899
0.00330785
0.0121177
0.0121334
0.0121553
0.0121825
0.012214
0.0122487
0.0122853
0.0123223
0.0123583
0.012392
0.0124221
0.0124474
0.0124667
0.0124795
0.0124851
0.0124833
0.0124742
0.0124581
0.0124356
0.0124078
0.0123756
0.0123404
0.0123035
0.0122663
0.0122304
0.012197
0.0121675
0.012143
0.0121242
0.012112
0.0121068
0.0121087
0.0107085
0.0107343
0.0107708
0.0108167
0.0108706
0.0109304
0.010994
0.0110591
0.0111232
0.0111837
0.0112381
0.0112843
0.0113201
0.011344
0.011355
0.0113526
0.0113369
0.0113085
0.0112688
0.0112193
0.0111623
0.0111002
0.0110353
0.0109704
0.0109078
0.0108498
0.0107987
0.010756
0.0107234
0.0107018
0.010692
0.0106942
0.00788364
0.00791242
0.0079535
0.00800565
0.00806723
0.00813624
0.0082103
0.00828674
0.00836264
0.00843495
0.00850061
0.00855672
0.0086007
0.00863045
0.00864452
0.00864222
0.00862365
0.00858971
0.00854205
0.00848289
0.00841495
0.00834119
0.00826471
0.00818854
0.00811557
0.0080484
0.00798931
0.00794021
0.00790261
0.00787763
0.00786599
0.00786801
0.00328813
0.00330593
0.0033317
0.0033648
0.00340434
0.00344915
0.00349784
0.00354874
0.00359995
0.00364937
0.00369484
0.00373419
0.00376544
0.00378695
0.00379753
0.00379659
0.00378417
0.00376097
0.00372825
0.00368773
0.00364141
0.00359147
0.00354009
0.00348935
0.00344113
0.00339707
0.00335853
0.00332662
0.00330219
0.00328584
0.00327796
0.00327873
0.0121016
0.012124
0.0121529
0.0121871
0.0122253
0.0122663
0.0123083
0.0123499
0.0123894
0.0124252
0.0124561
0.0124806
0.0124978
0.0125071
0.012508
0.0125005
0.0124848
0.0124617
0.012432
0.012397
0.012358
0.0123165
0.0122743
0.0122328
0.0121938
0.0121586
0.0121287
0.012105
0.0120885
0.0120798
0.0120791
0.0120865
0.0106815
0.0107188
0.0107673
0.0108255
0.0108914
0.0109626
0.0110366
0.0111105
0.0111815
0.0112465
0.0113031
0.0113485
0.011381
0.011399
0.0114016
0.0113888
0.0113612
0.0113199
0.0112669
0.0112043
0.011135
0.0110616
0.0109872
0.0109147
0.0108467
0.0107856
0.0107336
0.0106925
0.0106635
0.0106476
0.0106454
0.0106568
0.00785301
0.00789469
0.0079495
0.00801582
0.00809158
0.00817428
0.00826101
0.00834856
0.00843344
0.00851211
0.00858108
0.00863713
0.00867757
0.00870038
0.00870441
0.00868943
0.00865621
0.0086064
0.00854245
0.00846738
0.00838457
0.0082976
0.00821001
0.00812516
0.00804611
0.00797554
0.00791571
0.00786843
0.00783507
0.00781656
0.00781339
0.00782566
0.00326805
0.00329401
0.0033286
0.00337095
0.00341995
0.00347415
0.00353182
0.00359087
0.00364898
0.00370361
0.00375219
0.00379223
0.00382158
0.00383857
0.0038422
0.00383227
0.00380936
0.00377479
0.00373046
0.0036787
0.00362207
0.00356316
0.00350442
0.00344808
0.00339607
0.00335
0.00331117
0.00328056
0.0032589
0.00324667
0.00324412
0.00325129
0.0120966
0.0121276
0.0121648
0.0122068
0.0122521
0.012299
0.0123457
0.0123903
0.0124312
0.0124667
0.0124954
0.0125161
0.012528
0.0125305
0.0125236
0.0125075
0.012483
0.0124508
0.0124125
0.0123695
0.0123235
0.0122764
0.0122298
0.0121858
0.0121458
0.0121114
0.0120838
0.0120641
0.0120529
0.0120506
0.0120574
0.0120729
0.0106743
0.0107269
0.0107906
0.0108633
0.0109425
0.0110253
0.0111086
0.0111891
0.0112636
0.0113288
0.011382
0.0114208
0.0114434
0.0114487
0.0114365
0.0114074
0.0113626
0.0113043
0.011235
0.0111577
0.0110756
0.0109921
0.0109102
0.0108332
0.0107637
0.0107042
0.0106566
0.0106224
0.0106027
0.0105982
0.0106089
0.0106345
0.00784516
0.00790464
0.00797733
0.00806105
0.00815312
0.00825039
0.00834928
0.00844589
0.00853617
0.00861606
0.0086818
0.00873013
0.0087586
0.00876571
0.00875109
0.00871551
0.00866081
0.00858975
0.00850579
0.00841282
0.0083149
0.00821609
0.00812018
0.00803062
0.00795043
0.0078821
0.00782767
0.00778864
0.00776605
0.0077605
0.00777211
0.00780058
0.00326283
0.0033005
0.00334706
0.00340136
0.0034619
0.0035268
0.00359378
0.00366023
0.00372325
0.00377981
0.00382695
0.00386205
0.00388304
0.00388865
0.00387852
0.00385328
0.00381447
0.00376432
0.00370558
0.00364126
0.00357436
0.0035077
0.00344383
0.00338489
0.00333267
0.00328856
0.00325364
0.00322865
0.00321411
0.00321029
0.00321726
0.00323489
0.0121063
0.012145
0.0121891
0.012237
0.012287
0.0123372
0.0123857
0.0124304
0.0124697
0.012502
0.0125259
0.0125405
0.0125452
0.0125397
0.0125242
0.0124995
0.0124664
0.0124264
0.0123811
0.0123323
0.0122818
0.0122318
0.012184
0.0121402
0.0121022
0.0120713
0.0120486
0.0120349
0.0120306
0.012036
0.0120509
0.0120746
0.0106928
0.0107596
0.0108365
0.0109209
0.0110099
0.0111
0.0111877
0.0112696
0.0113421
0.011402
0.0114466
0.0114739
0.0114826
0.0114723
0.0114434
0.0113973
0.0113362
0.0112628
0.0111802
0.011092
0.0110018
0.0109131
0.0108291
0.0107529
0.0106871
0.0106338
0.0105948
0.0105713
0.0105639
0.0105728
0.0105979
0.0106383
0.00786683
0.00794327
0.00803208
0.00813053
0.0082353
0.00834262
0.00844829
0.00854788
0.00863691
0.00871112
0.00876681
0.00880107
0.00881208
0.00879924
0.00876326
0.00870605
0.00863059
0.00854062
0.00844042
0.00833447
0.00822717
0.00812272
0.00802485
0.00793684
0.00786142
0.00780076
0.00775651
0.00772981
0.00772134
0.00773128
0.0077594
0.00780497
0.0032767
0.00332594
0.00338384
0.00344889
0.00351915
0.00359222
0.0036653
0.0037352
0.00379856
0.00385201
0.00389249
0.00391757
0.00392565
0.00391623
0.0038899
0.00384834
0.00379403
0.00373008
0.00365985
0.00358669
0.00351375
0.00344381
0.00337923
0.00332192
0.00327336
0.00323468
0.00320667
0.00318984
0.00318449
0.00319072
0.00320841
0.00323725
0.0121336
0.0121754
0.0122215
0.0122702
0.0123197
0.0123682
0.0124136
0.0124543
0.0124885
0.012515
0.0125325
0.0125404
0.0125384
0.0125264
0.012505
0.012475
0.0124378
0.0123947
0.0123475
0.0122981
0.0122485
0.0122005
0.0121559
0.0121165
0.0120836
0.0120585
0.012042
0.0120347
0.0120369
0.0120484
0.012069
0.0120977
0.0107404
0.0108139
0.0108956
0.0109827
0.011072
0.01116
0.0112433
0.0113183
0.0113818
0.0114309
0.0114634
0.0114777
0.0114731
0.01145
0.0114093
0.0113529
0.0112835
0.011204
0.0111179
0.0110287
0.01094
0.010855
0.0107768
0.0107083
0.0106515
0.0106084
0.0105804
0.0105682
0.0105722
0.0105923
0.0106278
0.0106777
0.00792154
0.0080066
0.00810206
0.00820483
0.00831127
0.00841731
0.0085186
0.00861067
0.00868919
0.00875027
0.00879076
0.00880851
0.00880256
0.00877323
0.00872209
0.00865183
0.008566
0.00846873
0.00836445
0.00825762
0.00815246
0.00805286
0.0079622
0.00788334
0.00781861
0.00776979
0.00773817
0.00772452
0.00772918
0.00775202
0.00779247
0.00784949
0.0033121
0.00336781
0.0034311
0.00350015
0.00357272
0.00364608
0.00371715
0.00378259
0.00383901
0.00388324
0.00391262
0.00392532
0.00392052
0.00389852
0.00386074
0.00380947
0.0037477
0.00367875
0.00360601
0.00353271
0.00346173
0.00339555
0.00333619
0.00328524
0.00324391
0.00321307
0.00319329
0.00318492
0.0031881
0.00320278
0.0032287
0.00326538
0.0121741
0.0122123
0.0122535
0.0122962
0.0123388
0.0123798
0.0124173
0.0124501
0.0124767
0.0124961
0.0125075
0.0125103
0.0125046
0.0124903
0.0124683
0.0124393
0.0124045
0.0123653
0.0123233
0.0122802
0.0122376
0.0121972
0.0121604
0.0121287
0.0121031
0.0120847
0.0120741
0.0120717
0.0120774
0.0120912
0.0121125
0.0121404
0.0108097
0.0108776
0.0109513
0.0110282
0.0111054
0.0111798
0.0112485
0.0113086
0.0113574
0.0113927
0.0114129
0.0114171
0.0114051
0.0113775
0.0113355
0.011281
0.0112163
0.0111444
0.0110681
0.0109906
0.0109148
0.0108435
0.0107793
0.0107244
0.0106807
0.0106495
0.0106318
0.0106282
0.0106388
0.0106633
0.0107008
0.0107501
0.00800115
0.0080805
0.00816735
0.00825871
0.0083512
0.00844115
0.00852477
0.0085983
0.00865827
0.00870173
0.00872646
0.00873118
0.00871565
0.00868066
0.00862801
0.00856034
0.0084809
0.00839335
0.00830148
0.00820907
0.00811963
0.00803639
0.00796212
0.00789916
0.00784938
0.00781417
0.00779447
0.00779081
0.00780327
0.00783152
0.00787479
0.00793188
0.00336455
0.00341721
0.00347543
0.00353735
0.00360077
0.00366314
0.00372171
0.00377365
0.00381624
0.0038471
0.00386443
0.00386716
0.00385513
0.00382907
0.00379051
0.00374167
0.00368515
0.00362379
0.00356039
0.0034976
0.00343774
0.00338282
0.00333449
0.00329402
0.00326241
0.00324035
0.00322828
0.00322645
0.00323487
0.00325339
0.00328163
0.00331897
0.012212
0.0122407
0.0122715
0.0123033
0.0123349
0.0123651
0.0123927
0.0124166
0.0124359
0.0124498
0.0124577
0.0124593
0.0124545
0.0124434
0.0124266
0.0124047
0.0123785
0.0123492
0.0123178
0.0122857
0.012254
0.0122241
0.0121969
0.0121736
0.012155
0.0121418
0.0121345
0.0121332
0.0121381
0.0121489
0.0121653
0.0121866
0.0108737
0.0109246
0.0109796
0.0110364
0.011093
0.0111472
0.0111967
0.0112395
0.0112738
0.011298
0.0113112
0.0113127
0.0113025
0.0112809
0.0112491
0.0112083
0.0111603
0.0111071
0.0110508
0.0109938
0.0109381
0.0108859
0.010839
0.0107992
0.0107677
0.0107457
0.0107338
0.0107325
0.0107418
0.0107614
0.0107906
0.0108285
0.00807472
0.00813458
0.00819938
0.00826679
0.00833426
0.0083991
0.00845861
0.00851017
0.00855144
0.00858049
0.00859592
0.00859699
0.00858365
0.00855655
0.008517
0.00846687
0.00840843
0.00834425
0.00827703
0.00820946
0.00814411
0.00808335
0.00802928
0.00798367
0.00794796
0.00792323
0.00791023
0.00790933
0.00792054
0.00794354
0.00797765
0.00802184
0.00341362
0.00345344
0.00349679
0.00354216
0.00358786
0.00363206
0.00367281
0.00370822
0.00373653
0.00375626
0.00376638
0.0037663
0.00375606
0.0037362
0.00370779
0.00367231
0.00363152
0.00358731
0.00354161
0.00349625
0.00345294
0.00341316
0.00337819
0.00334904
0.00332652
0.00331121
0.00330349
0.00330354
0.00331136
0.00332676
0.00334936
0.00337858
0.0122308
0.0122482
0.0122675
0.0122882
0.0123094
0.0123302
0.01235
0.0123678
0.0123831
0.0123952
0.0124037
0.0124081
0.0124083
0.0124042
0.012396
0.0123841
0.0123689
0.012351
0.0123311
0.0123101
0.0122888
0.0122679
0.0122483
0.0122307
0.0122159
0.0122042
0.0121963
0.0121922
0.0121923
0.0121964
0.0122044
0.012216
0.0109038
0.0109343
0.0109684
0.0110046
0.0110416
0.011078
0.0111125
0.0111434
0.0111697
0.0111903
0.0112042
0.0112109
0.0112101
0.0112018
0.0111865
0.0111647
0.0111374
0.0111056
0.0110708
0.0110342
0.0109972
0.0109614
0.010928
0.0108983
0.0108733
0.0108539
0.0108409
0.0108346
0.0108353
0.0108429
0.0108572
0.0108778
0.00810896
0.00814467
0.00818445
0.00822687
0.00827035
0.00831319
0.00835368
0.00839015
0.00842105
0.00844504
0.00846106
0.00846841
0.00846677
0.00845624
0.0084373
0.0084108
0.00837792
0.00834005
0.00829878
0.00825577
0.00821268
0.00817115
0.0081327
0.00809868
0.00807029
0.00804846
0.00803393
0.00802718
0.00802843
0.00803765
0.00805455
0.00807858
0.00343615
0.00345955
0.00348566
0.00351355
0.0035422
0.0035705
0.0035973
0.00362144
0.00364185
0.00365759
0.00366792
0.00367234
0.00367066
0.00366298
0.00364966
0.00363137
0.00360895
0.00358341
0.00355584
0.00352739
0.00349916
0.00347221
0.00344748
0.0034258
0.00340788
0.00339428
0.00338542
0.00338155
0.00338279
0.00338913
0.00340038
0.00341621
0.0122271
0.0122353
0.012246
0.0122589
0.0122734
0.012289
0.0123052
0.0123213
0.0123366
0.0123507
0.0123628
0.0123726
0.0123796
0.0123836
0.0123843
0.0123817
0.012376
0.0123674
0.0123563
0.012343
0.0123282
0.0123124
0.0122962
0.0122802
0.0122652
0.0122515
0.0122398
0.0122305
0.0122238
0.0122201
0.0122194
0.0122218
0.0108944
0.0109087
0.0109273
0.0109496
0.0109747
0.0110017
0.0110296
0.0110573
0.0110837
0.0111078
0.0111286
0.0111453
0.0111572
0.0111637
0.0111648
0.0111602
0.0111503
0.0111353
0.011116
0.0110931
0.0110676
0.0110403
0.0110125
0.0109851
0.0109592
0.0109358
0.0109157
0.0108996
0.0108882
0.0108819
0.0108808
0.010885
0.00809667
0.0081132
0.00813475
0.00816056
0.00818969
0.00822109
0.00825355
0.00828583
0.00831666
0.00834479
0.00836908
0.00838852
0.00840231
0.00840987
0.00841089
0.00840535
0.00839348
0.00837579
0.00835304
0.00832615
0.00829623
0.00826446
0.00823209
0.00820037
0.00817047
0.00814349
0.00812041
0.00810205
0.00808905
0.00808186
0.00808073
0.00808573
0.00342659
0.00343718
0.00345102
0.00346767
0.00348653
0.00350693
0.00352812
0.00354928
0.00356957
0.00358816
0.00360427
0.0036172
0.0036264
0.00363146
0.00363217
0.00362849
0.0036206
0.00360886
0.00359379
0.00357604
0.00355635
0.00353552
0.00351438
0.00349373
0.00347434
0.0034569
0.00344201
0.00343019
0.00342183
0.0034172
0.00341645
0.00341961
0.0122125
0.0122138
0.0122184
0.0122262
0.0122369
0.0122501
0.0122653
0.012282
0.0122994
0.0123169
0.0123339
0.0123496
0.0123635
0.0123749
0.0123834
0.0123886
0.0123905
0.0123888
0.0123837
0.0123755
0.0123644
0.0123509
0.0123356
0.012319
0.0123017
0.0122845
0.012268
0.0122527
0.0122393
0.0122282
0.0122199
0.0122145
0.0108657
0.0108682
0.0108766
0.0108905
0.0109093
0.0109326
0.0109593
0.0109884
0.011019
0.0110498
0.0110796
0.0111073
0.0111317
0.0111519
0.0111671
0.0111765
0.0111799
0.0111772
0.0111683
0.0111537
0.0111341
0.0111101
0.0110827
0.0110532
0.0110225
0.0109919
0.0109626
0.0109357
0.010912
0.0108926
0.0108781
0.010869
0.00806144
0.00806452
0.00807431
0.00809049
0.00811251
0.0081396
0.00817079
0.00820497
0.00824086
0.00827711
0.00831231
0.00834506
0.00837404
0.00839804
0.00841608
0.00842736
0.00843141
0.00842805
0.00841741
0.00839997
0.00837646
0.00834788
0.00831541
0.00828038
0.00824418
0.00820822
0.00817386
0.00814236
0.00811487
0.00809236
0.00807561
0.00806518
0.00340128
0.00340324
0.0034096
0.00342016
0.00343458
0.0034524
0.00347301
0.0034957
0.00351966
0.00354399
0.00356774
0.00358997
0.00360974
0.0036262
0.00363861
0.00364643
0.00364928
0.00364704
0.00363981
0.00362792
0.0036119
0.00359247
0.00357047
0.00354683
0.0035225
0.00349844
0.00347556
0.00345467
0.0034365
0.00342167
0.00341064
0.00340377
0.0122036
0.0121986
0.0121976
0.0122004
0.0122072
0.0122175
0.012231
0.0122473
0.0122656
0.0122854
0.0123057
0.0123259
0.0123451
0.0123626
0.0123775
0.0123895
0.012398
0.0124026
0.0124033
0.0124001
0.012393
0.0123823
0.0123686
0.0123523
0.012334
0.0123145
0.0122945
0.0122748
0.012256
0.0122389
0.0122241
0.0122122
0.0108481
0.01084
0.0108387
0.0108442
0.0108565
0.010875
0.0108992
0.010928
0.0109605
0.0109955
0.0110317
0.0110676
0.0111018
0.0111331
0.0111601
0.0111817
0.0111971
0.0112056
0.0112069
0.0112008
0.0111878
0.0111683
0.0111431
0.0111133
0.01108
0.0110446
0.0110085
0.0109731
0.0109396
0.0109093
0.0108834
0.0108627
0.00803962
0.00803044
0.00802919
0.00803592
0.00805041
0.00807218
0.00810051
0.00813441
0.0081727
0.008214
0.00825678
0.00829942
0.00834023
0.00837757
0.0084099
0.00843584
0.00845428
0.00846441
0.00846577
0.0084583
0.00844233
0.00841858
0.00838806
0.0083521
0.00831218
0.00826994
0.00822705
0.00818516
0.00814582
0.00811046
0.00808032
0.00805643
0.00338545
0.00337955
0.00337887
0.00338343
0.00339311
0.0034076
0.00342647
0.00344911
0.00347479
0.00350262
0.00353159
0.00356062
0.00358855
0.00361423
0.00363654
0.00365449
0.00366723
0.00367417
0.00367498
0.00366961
0.00365833
0.00364166
0.00362038
0.00359546
0.00356798
0.00353912
0.00351001
0.00348178
0.00345546
0.00343196
0.00341207
0.0033964
0.0122103
0.0121995
0.0121926
0.0121898
0.0121912
0.0121969
0.0122065
0.0122198
0.0122362
0.0122551
0.0122757
0.0122973
0.012319
0.01234
0.0123594
0.0123764
0.0123905
0.012401
0.0124077
0.0124101
0.0124084
0.0124025
0.0123927
0.0123794
0.0123631
0.0123444
0.012324
0.0123027
0.0122813
0.0122607
0.0122414
0.0122244
0.01086
0.0108416
0.01083
0.0108256
0.0108286
0.0108388
0.0108559
0.0108793
0.0109082
0.0109414
0.0109779
0.0110162
0.0110548
0.0110923
0.0111273
0.0111581
0.0111838
0.0112031
0.0112153
0.0112199
0.0112166
0.0112057
0.0111876
0.0111631
0.0111331
0.0110989
0.0110618
0.0110234
0.010985
0.0109482
0.0109143
0.0108845
0.00805343
0.00803226
0.00801901
0.00801412
0.00801774
0.00802977
0.00804981
0.00807719
0.00811101
0.00815008
0.00819303
0.00823829
0.00828415
0.00832885
0.00837059
0.00840764
0.00843846
0.00846169
0.00847634
0.00848174
0.00847765
0.00846426
0.00844218
0.00841236
0.00837612
0.00833497
0.00829063
0.00824487
0.00819947
0.00815613
0.00811645
0.00808181
0.00339471
0.00338089
0.0033723
0.0033692
0.00337168
0.00337966
0.00339292
0.00341106
0.00343353
0.00345959
0.0034884
0.00351893
0.00355005
0.00358056
0.00360921
0.00363478
0.00365612
0.00367224
0.00368239
0.00368607
0.00368309
0.00367362
0.0036581
0.00363729
0.00361213
0.00358376
0.0035534
0.0035223
0.00349166
0.00346263
0.00343623
0.00341335
0.0122279
0.0122127
0.0122009
0.012193
0.0121891
0.0121896
0.0121943
0.0122031
0.0122157
0.0122316
0.0122501
0.0122705
0.0122921
0.012314
0.0123353
0.0123552
0.0123729
0.0123878
0.0123994
0.0124072
0.0124108
0.0124102
0.0124054
0.0123966
0.0123842
0.0123685
0.0123502
0.01233
0.0123086
0.0122869
0.0122657
0.0122458
0.0108939
0.0108676
0.0108473
0.0108335
0.0108268
0.0108275
0.0108354
0.0108504
0.0108718
0.010899
0.0109309
0.0109664
0.0110041
0.0110427
0.0110806
0.0111163
0.0111485
0.0111758
0.0111971
0.0112116
0.0112187
0.0112179
0.0112095
0.0111937
0.0111712
0.011143
0.0111101
0.0110739
0.0110358
0.0109973
0.0109599
0.010925
0.00809449
0.00806404
0.00804044
0.00802448
0.0080167
0.00801735
0.00802642
0.00804359
0.00806832
0.00809975
0.00813683
0.00817824
0.00822249
0.00826793
0.00831282
0.00835539
0.0083939
0.00842674
0.00845251
0.00847008
0.00847868
0.00847794
0.00846788
0.00844895
0.00842199
0.00838817
0.00834893
0.0083059
0.00826083
0.00821548
0.00817158
0.00813077
0.0034238
0.00340372
0.00338816
0.00337761
0.00337238
0.00337262
0.00337832
0.00338932
0.00340529
0.00342575
0.00345004
0.00347736
0.00350678
0.00353723
0.00356755
0.00359651
0.00362292
0.00364562
0.00366356
0.00367593
0.00368212
0.00368183
0.00367507
0.00366219
0.00364379
0.00362073
0.00359405
0.00356492
0.00353455
0.00350415
0.00347487
0.00344778
0.0122404
0.0122226
0.0122079
0.0121967
0.0121896
0.0121867
0.0121882
0.012194
0.012204
0.0122176
0.0122345
0.0122538
0.012275
0.0122971
0.0123192
0.0123406
0.0123605
0.012378
0.0123925
0.0124035
0.0124106
0.0124134
0.012412
0.0124062
0.0123964
0.012383
0.0123663
0.0123472
0.0123262
0.0123041
0.0122819
0.0122604
0.0109207
0.0108899
0.0108641
0.0108444
0.0108314
0.0108255
0.010827
0.0108359
0.0108517
0.010874
0.0109019
0.0109345
0.0109705
0.0110086
0.0110473
0.0110852
0.0111208
0.0111526
0.0111795
0.0112002
0.011214
0.0112202
0.0112186
0.0112093
0.0111926
0.0111693
0.0111403
0.0111068
0.01107
0.0110316
0.0109929
0.0109555
0.00812878
0.00809285
0.0080628
0.00803966
0.0080242
0.00801692
0.00801808
0.00802761
0.00804521
0.00807029
0.00810201
0.00813927
0.00818076
0.008225
0.00827032
0.008315
0.00835727
0.0083954
0.00842781
0.00845312
0.00847021
0.00847833
0.00847712
0.00846663
0.00844731
0.00842002
0.00838594
0.00834652
0.0083034
0.00825832
0.00821306
0.00816934
0.00344966
0.00342586
0.00340588
0.00339036
0.00337978
0.00337444
0.0033745
0.00337995
0.00339064
0.00340625
0.00342628
0.00345011
0.00347695
0.00350589
0.00353586
0.00356575
0.00359434
0.00362046
0.00364296
0.00366083
0.00367323
0.00367957
0.00367955
0.00367315
0.0036607
0.00364278
0.00362022
0.00359404
0.00356539
0.00353546
0.00350545
0.0034765
0.0122273
0.0122085
0.0121931
0.0121819
0.0121753
0.0121735
0.0121765
0.0121843
0.0121965
0.0122128
0.0122324
0.0122545
0.0122785
0.0123032
0.0123277
0.0123512
0.0123726
0.0123913
0.0124064
0.0124175
0.012424
0.0124258
0.0124228
0.0124151
0.012403
0.0123869
0.0123675
0.0123454
0.0123217
0.012297
0.0122725
0.0122489
0.0109004
0.0108678
0.0108411
0.0108213
0.010809
0.0108047
0.0108086
0.0108204
0.0108398
0.0108661
0.0108983
0.0109354
0.0109758
0.0110182
0.0110609
0.0111023
0.0111407
0.0111745
0.0112026
0.0112235
0.0112366
0.0112412
0.0112372
0.0112246
0.0112041
0.0111765
0.0111429
0.0111047
0.0110635
0.0110208
0.0109783
0.0109377
0.00810684
0.00806898
0.0080379
0.00801464
0.00799994
0.0079943
0.00799789
0.00801057
0.00803196
0.00806133
0.00809771
0.00813986
0.0081863
0.00823536
0.00828519
0.00833388
0.00837948
0.00842011
0.00845404
0.00847981
0.00849626
0.00850266
0.00849871
0.00848459
0.00846093
0.00842878
0.00838954
0.0083449
0.0082967
0.0082469
0.00819743
0.00815016
0.00343654
0.00341161
0.00339103
0.00337546
0.00336533
0.00336094
0.00336242
0.00336972
0.00338262
0.00340075
0.00342356
0.00345033
0.00348018
0.0035121
0.00354492
0.00357738
0.00360817
0.00363598
0.00365957
0.00367785
0.00368994
0.00369526
0.00369355
0.00368487
0.00366967
0.00364866
0.00362283
0.00359336
0.00356154
0.00352869
0.00349611
0.00346502
0.0121857
0.0121668
0.0121529
0.0121446
0.0121421
0.0121456
0.012155
0.0121698
0.0121896
0.0122136
0.0122409
0.0122704
0.0123009
0.0123314
0.0123605
0.0123872
0.0124104
0.0124293
0.0124431
0.0124513
0.0124535
0.0124498
0.0124403
0.0124253
0.0124054
0.0123814
0.0123543
0.012325
0.0122947
0.0122645
0.0122355
0.0122089
0.0108258
0.0107935
0.0107698
0.0107555
0.0107511
0.0107567
0.0107721
0.0107969
0.0108301
0.0108707
0.0109171
0.0109677
0.0110207
0.0110739
0.0111254
0.011173
0.0112149
0.0112493
0.0112748
0.0112902
0.011295
0.0112888
0.011272
0.0112454
0.0112099
0.0111673
0.0111191
0.0110674
0.0110141
0.0109614
0.0109113
0.0108655
0.00801923
0.00798217
0.00795494
0.00793841
0.00793309
0.00793914
0.00795638
0.00798429
0.00802199
0.00806827
0.00812161
0.00818016
0.00824184
0.00830433
0.0083652
0.00842195
0.0084722
0.00851374
0.0085447
0.00856365
0.00856971
0.0085626
0.00854266
0.00851084
0.0084686
0.00841785
0.00836079
0.00829983
0.00823742
0.00817598
0.0081178
0.00806495
0.00337677
0.00335281
0.00333523
0.00332449
0.00332088
0.00332451
0.00333527
0.00335289
0.0033769
0.00340661
0.00344113
0.00347938
0.00352005
0.00356167
0.0036026
0.00364114
0.00367558
0.0037043
0.0037259
0.00373927
0.00374374
0.00373908
0.00372553
0.0037038
0.003675
0.00364054
0.00360201
0.00356114
0.0035196
0.00347902
0.00344086
0.00340641
0.0121405
0.0121216
0.0121093
0.0121041
0.0121061
0.0121153
0.0121314
0.0121538
0.0121816
0.0122138
0.0122491
0.0122863
0.0123239
0.0123603
0.0123942
0.0124243
0.0124493
0.0124683
0.0124805
0.0124855
0.0124831
0.0124735
0.0124569
0.0124341
0.012406
0.0123736
0.0123383
0.0123014
0.0122643
0.0122283
0.0121949
0.0121652
0.010744
0.0107124
0.0106922
0.010684
0.0106882
0.0107047
0.0107328
0.0107717
0.0108201
0.0108762
0.0109382
0.0110037
0.0110704
0.0111355
0.0111965
0.011251
0.0112965
0.0113311
0.0113534
0.0113623
0.0113575
0.0113391
0.011308
0.0112655
0.0112136
0.0111544
0.0110904
0.0110242
0.0109582
0.010895
0.0108369
0.010786
0.00792262
0.00788683
0.00786414
0.00785521
0.00786032
0.00787932
0.00791167
0.00795645
0.0080123
0.00807748
0.00814984
0.00822688
0.00830577
0.00838345
0.00845673
0.00852247
0.00857769
0.00861982
0.00864683
0.00865739
0.008651
0.00862798
0.00858949
0.0085374
0.00847417
0.00840267
0.00832601
0.00824734
0.00816974
0.00809606
0.0080289
0.00797046
0.0033106
0.00328801
0.0032739
0.00326862
0.00327227
0.0032848
0.00330592
0.00333514
0.00337172
0.00341468
0.00346274
0.00351436
0.00356774
0.00362079
0.00367129
0.00371692
0.00375545
0.00378489
0.00380362
0.00381061
0.00380548
0.00378851
0.00376069
0.00372353
0.00367898
0.00362924
0.00357658
0.00352326
0.00347134
0.00342267
0.00337884
0.00334114
0.0121227
0.0121027
0.0120899
0.0120848
0.0120876
0.0120982
0.0121163
0.0121411
0.0121717
0.0122071
0.0122458
0.0122864
0.0123273
0.0123668
0.0124035
0.0124359
0.0124628
0.012483
0.0124958
0.0125006
0.0124974
0.0124862
0.0124676
0.0124422
0.0124111
0.0123755
0.0123368
0.0122965
0.0122561
0.0122171
0.012181
0.0121491
0.0107118
0.0106785
0.0106578
0.0106504
0.0106564
0.0106757
0.0107078
0.0107515
0.0108054
0.0108677
0.0109361
0.0110083
0.0110814
0.0111527
0.0112193
0.0112784
0.0113275
0.0113644
0.0113875
0.0113957
0.0113887
0.0113669
0.0113311
0.0112831
0.0112249
0.011159
0.0110882
0.0110152
0.010943
0.0108742
0.0108113
0.0107566
0.0078843
0.00784687
0.00782391
0.00781605
0.00782353
0.00784614
0.00788327
0.00793387
0.00799647
0.00806914
0.00814952
0.00823484
0.00832197
0.00840752
0.00848792
0.00855968
0.00861948
0.00866446
0.00869241
0.00870191
0.00869249
0.00866464
0.00861978
0.00856013
0.00848857
0.00840837
0.00832303
0.00823608
0.00815089
0.00807056
0.00799786
0.00793513
0.00328433
0.00326092
0.00324688
0.00324253
0.00324794
0.00326303
0.00328746
0.00332071
0.00336197
0.00341018
0.00346395
0.00352157
0.00358101
0.00363995
0.00369585
0.0037461
0.00378816
0.00381975
0.00383911
0.00384509
0.00383736
0.00381638
0.00378337
0.0037402
0.00368918
0.00363285
0.00357383
0.0035146
0.00345745
0.00340434
0.00335695
0.0033166
0.0121418
0.0121194
0.0121035
0.0120949
0.0120938
0.0121003
0.0121142
0.0121349
0.0121617
0.0121936
0.0122294
0.0122677
0.012307
0.0123459
0.0123826
0.012416
0.0124445
0.0124672
0.0124832
0.0124917
0.0124925
0.0124856
0.0124713
0.0124501
0.0124229
0.0123907
0.0123549
0.0123167
0.0122777
0.0122393
0.012203
0.01217
0.0107462
0.0107082
0.0106819
0.0106679
0.0106669
0.0106788
0.0107032
0.0107394
0.0107862
0.010842
0.0109048
0.0109724
0.0110423
0.0111119
0.0111783
0.011239
0.0112912
0.0113328
0.011362
0.0113774
0.0113784
0.011365
0.0113376
0.0112977
0.0112469
0.0111875
0.0111218
0.0110527
0.0109828
0.0109149
0.0108513
0.0107944
0.00792417
0.00788114
0.0078515
0.00783608
0.00783532
0.00784927
0.00787753
0.00791932
0.00797342
0.00803819
0.00811158
0.0081911
0.00827394
0.00835695
0.0084368
0.00851011
0.00857362
0.00862436
0.0086599
0.00867848
0.00867918
0.00866198
0.00862776
0.00857823
0.00851577
0.0084433
0.00836405
0.00828138
0.00819859
0.00811882
0.00804489
0.00797932
0.00331128
0.00328397
0.00326538
0.00325594
0.00325586
0.00326514
0.00328358
0.00331079
0.00334611
0.00338866
0.00343724
0.00349038
0.0035463
0.00360293
0.00365795
0.00370891
0.00375338
0.00378906
0.00381402
0.00382685
0.00382683
0.00381396
0.00378898
0.00375332
0.00370891
0.00365804
0.00360314
0.00354665
0.00349084
0.00343777
0.00338923
0.00334667
0.012178
0.0121534
0.0121341
0.012121
0.0121145
0.012115
0.0121223
0.0121362
0.0121561
0.0121815
0.0122112
0.0122441
0.012279
0.0123146
0.0123494
0.012382
0.0124113
0.0124362
0.0124555
0.0124687
0.0124751
0.0124746
0.0124671
0.012453
0.0124328
0.0124072
0.0123774
0.0123445
0.0123097
0.0122743
0.0122397
0.0122072
0.0108108
0.0107684
0.0107354
0.0107131
0.0107021
0.0107028
0.0107152
0.0107389
0.0107731
0.0108167
0.0108681
0.0109255
0.010987
0.0110501
0.0111125
0.0111716
0.0112251
0.0112708
0.0113066
0.0113311
0.0113432
0.0113423
0.0113285
0.0113024
0.0112651
0.0112183
0.011164
0.0111044
0.0110419
0.010979
0.010918
0.0108613
0.00799986
0.00795105
0.00791333
0.00788783
0.00787531
0.00787613
0.00789027
0.00791733
0.00795653
0.00800668
0.00806622
0.0081332
0.00820531
0.00827996
0.00835428
0.00842529
0.00848999
0.00854552
0.00858933
0.00861936
0.00863416
0.00863301
0.00861599
0.00858393
0.0085384
0.00848153
0.00841591
0.00834442
0.00827004
0.00819572
0.00812426
0.00805823
0.00336243
0.00333078
0.00330644
0.00329003
0.00328194
0.00328237
0.00329132
0.00330856
0.0033337
0.0033661
0.00340488
0.00344893
0.00349685
0.00354699
0.00359747
0.00364624
0.00369113
0.00373003
0.00376097
0.00378234
0.00379298
0.0037923
0.00378034
0.00375777
0.00372582
0.00368618
0.00364081
0.00359184
0.0035414
0.00349151
0.00344402
0.00340054
0.0122115
0.0121868
0.0121663
0.0121508
0.0121409
0.0121369
0.0121391
0.0121473
0.0121612
0.0121803
0.0122039
0.012231
0.0122606
0.0122917
0.0123228
0.012353
0.012381
0.0124058
0.0124264
0.012442
0.012452
0.012456
0.0124538
0.0124456
0.0124316
0.0124124
0.0123888
0.0123616
0.012332
0.0123009
0.0122697
0.0122395
0.0108682
0.0108253
0.0107898
0.0107631
0.0107459
0.010739
0.0107425
0.0107562
0.0107799
0.0108126
0.0108532
0.0109003
0.0109522
0.0110071
0.0110628
0.0111171
0.011168
0.0112134
0.0112513
0.0112802
0.0112988
0.0113063
0.0113025
0.0112874
0.0112617
0.0112266
0.0111835
0.0111343
0.0110809
0.0110254
0.0109701
0.0109171
0.008066
0.00801625
0.00797532
0.00794452
0.00792479
0.00791674
0.0079206
0.00793627
0.00796329
0.00800083
0.00804771
0.00810243
0.00816314
0.00822769
0.0082937
0.00835861
0.00841979
0.00847465
0.00852078
0.00855609
0.00857894
0.00858825
0.00858358
0.00856517
0.00853391
0.00849125
0.00843916
0.00837995
0.00831614
0.00825034
0.00818512
0.00812294
0.00340572
0.0033731
0.00334639
0.00332634
0.00331346
0.0033081
0.00331039
0.00332027
0.00333751
0.00336164
0.00339204
0.00342781
0.00346787
0.00351089
0.00355535
0.00359952
0.00364158
0.00367967
0.00371199
0.00373694
0.00375326
0.00376007
0.00375702
0.00374429
0.00372254
0.00369293
0.00365693
0.00361627
0.00357279
0.00352832
0.00348462
0.00344329
0.0122416
0.0122188
0.0121991
0.0121832
0.0121717
0.0121651
0.0121636
0.0121673
0.012176
0.0121894
0.012207
0.012228
0.0122518
0.0122773
0.0123036
0.0123296
0.0123545
0.0123772
0.0123969
0.0124129
0.0124244
0.0124311
0.0124327
0.0124291
0.0124205
0.0124071
0.0123896
0.0123686
0.0123448
0.0123192
0.0122928
0.0122666
0.010918
0.0108786
0.0108447
0.0108175
0.010798
0.0107868
0.0107844
0.0107908
0.0108058
0.0108288
0.0108592
0.0108958
0.0109372
0.0109821
0.0110287
0.0110752
0.0111198
0.0111608
0.0111964
0.0112253
0.0112462
0.0112581
0.0112607
0.0112538
0.0112377
0.011213
0.0111809
0.0111427
0.0110999
0.0110542
0.0110075
0.0109615
0.00812252
0.00807679
0.00803766
0.00800642
0.00798408
0.00797136
0.00796867
0.00797609
0.0079934
0.00802005
0.0080552
0.00809769
0.0081461
0.00819873
0.00825364
0.00830878
0.00836196
0.00841101
0.00845385
0.00848861
0.00851375
0.00852812
0.00853107
0.00852247
0.00850272
0.00847274
0.00843389
0.00838787
0.00833667
0.00828239
0.00822722
0.00817326
0.0034417
0.00341175
0.00338628
0.00336606
0.00335167
0.00334352
0.00334184
0.00334667
0.00335788
0.00337518
0.00339807
0.00342589
0.00345776
0.00349264
0.00352932
0.00356642
0.00360248
0.00363596
0.00366538
0.00368937
0.00370677
0.00371671
0.0037187
0.00371264
0.00369884
0.00367801
0.00365117
0.00361959
0.00358471
0.00354804
0.00351106
0.00347518
0.0122727
0.0122517
0.0122325
0.0122159
0.0122025
0.012193
0.0121875
0.0121864
0.0121896
0.012197
0.0122084
0.0122232
0.012241
0.0122609
0.0122823
0.0123043
0.0123262
0.012347
0.0123661
0.0123826
0.012396
0.0124057
0.0124113
0.0124127
0.0124097
0.0124025
0.0123913
0.0123765
0.0123588
0.0123387
0.0123171
0.0122948
0.0109723
0.0109361
0.0109032
0.0108749
0.0108522
0.0108359
0.0108266
0.0108246
0.01083
0.0108426
0.0108619
0.0108873
0.0109178
0.0109524
0.0109897
0.0110284
0.011067
0.011104
0.0111379
0.0111674
0.0111912
0.0112084
0.0112182
0.0112203
0.0112146
0.0112013
0.011181
0.0111544
0.0111228
0.0110873
0.0110494
0.0110105
0.00818593
0.00814387
0.00810588
0.00807332
0.00804728
0.00802865
0.00801805
0.00801583
0.00802206
0.00803654
0.00805881
0.00808813
0.0081235
0.0081637
0.00820729
0.00825265
0.00829808
0.00834177
0.00838196
0.00841699
0.00844535
0.00846583
0.00847751
0.00847988
0.00847285
0.00845673
0.00843225
0.00840047
0.00836278
0.00832073
0.00827607
0.00823055
0.00348394
0.0034564
0.00343167
0.00341056
0.00339375
0.00338176
0.00337496
0.00337354
0.00337754
0.00338686
0.00340122
0.0034202
0.00344319
0.00346946
0.0034981
0.0035281
0.00355833
0.00358757
0.00361463
0.00363833
0.0036576
0.00367154
0.00367951
0.00368111
0.00367628
0.00366525
0.00364856
0.00362699
0.00360154
0.00357331
0.00354351
0.00351334
0.0122982
0.0122773
0.0122572
0.0122389
0.0122229
0.01221
0.0122005
0.0121949
0.0121933
0.0121958
0.0122023
0.0122125
0.012226
0.0122423
0.0122607
0.0122807
0.0123013
0.0123219
0.0123418
0.01236
0.012376
0.0123891
0.0123989
0.0124048
0.0124067
0.0124046
0.0123983
0.0123883
0.0123748
0.0123583
0.0123396
0.0123193
0.0110202
0.0109838
0.0109489
0.010917
0.0108891
0.0108663
0.0108494
0.0108391
0.0108355
0.010839
0.0108493
0.0108661
0.0108888
0.0109166
0.0109484
0.0109831
0.0110195
0.011056
0.0110914
0.0111241
0.0111531
0.0111769
0.0111947
0.0112058
0.0112096
0.011206
0.0111952
0.0111775
0.0111538
0.011125
0.0110922
0.0110568
0.00824415
0.00820149
0.00816079
0.00812353
0.00809105
0.00806447
0.00804471
0.00803242
0.00802802
0.00803163
0.00804314
0.00806217
0.00808808
0.00811999
0.0081568
0.00819719
0.00823969
0.00828269
0.00832455
0.00836358
0.00839818
0.00842691
0.00844852
0.00846208
0.00846699
0.00846303
0.00845036
0.00842956
0.00840153
0.00836747
0.00832881
0.00828715
0.00352485
0.00349651
0.00346954
0.00344488
0.00342339
0.00340577
0.00339257
0.0033842
0.00338091
0.00338278
0.00338978
0.00340169
0.00341814
0.00343862
0.00346247
0.00348888
0.00351693
0.00354558
0.00357373
0.00360022
0.00362395
0.00364387
0.00365906
0.00366883
0.00367271
0.00367051
0.00366234
0.00364859
0.0036299
0.00360713
0.00358129
0.00355348
0.0123054
0.0122845
0.0122642
0.0122453
0.0122286
0.0122146
0.012204
0.0121971
0.0121941
0.0121952
0.0122002
0.0122091
0.0122214
0.0122366
0.0122542
0.0122736
0.0122939
0.0123145
0.0123346
0.0123534
0.0123702
0.0123844
0.0123953
0.0124026
0.0124059
0.0124052
0.0124004
0.0123916
0.0123793
0.0123639
0.0123459
0.0123262
0.0110348
0.0109979
0.010962
0.0109286
0.0108988
0.0108737
0.0108543
0.0108413
0.010835
0.0108357
0.0108433
0.0108577
0.0108783
0.0109042
0.0109347
0.0109687
0.0110047
0.0110416
0.0110778
0.011112
0.0111428
0.011169
0.0111894
0.0112034
0.0112102
0.0112095
0.0112015
0.0111864
0.0111648
0.0111377
0.0111061
0.0110713
0.00826261
0.00821903
0.00817676
0.00813739
0.00810231
0.00807278
0.00804978
0.00803411
0.00802625
0.00802648
0.00803478
0.00805087
0.00807421
0.00810403
0.00813931
0.0081788
0.0082211
0.00826462
0.00830772
0.00834869
0.00838588
0.00841772
0.00844287
0.00846021
0.008469
0.00846882
0.00845969
0.00844201
0.00841655
0.00838442
0.008347
0.00830583
0.00353829
0.00350896
0.00348055
0.00345411
0.00343054
0.00341064
0.00339504
0.0033842
0.00337846
0.00337798
0.00338277
0.00339269
0.00340745
0.00342658
0.00344949
0.00347543
0.0035035
0.00353271
0.00356194
0.00359004
0.00361584
0.00363822
0.00365616
0.00366884
0.00367565
0.00367626
0.00367064
0.00365906
0.00364207
0.00362046
0.00359521
0.00356743
0.0122927
0.0122732
0.0122547
0.012238
0.0122238
0.0122126
0.0122047
0.0122005
0.0122001
0.0122036
0.0122107
0.0122212
0.0122348
0.0122507
0.0122686
0.0122876
0.0123071
0.0123264
0.0123447
0.0123613
0.0123756
0.0123871
0.0123952
0.0123997
0.0124004
0.0123972
0.0123902
0.0123798
0.0123662
0.01235
0.0123319
0.0123125
0.0110104
0.0109758
0.0109431
0.0109135
0.0108881
0.0108678
0.0108533
0.0108452
0.0108437
0.0108489
0.0108606
0.0108783
0.0109015
0.0109293
0.0109606
0.0109944
0.0110294
0.0110642
0.0110974
0.0111279
0.0111543
0.0111756
0.0111909
0.0111996
0.0112013
0.0111959
0.0111837
0.0111651
0.0111409
0.0111122
0.0110799
0.0110456
0.00823298
0.00819208
0.00815347
0.00811857
0.0080886
0.00806461
0.0080474
0.00803756
0.00803539
0.00804097
0.00805411
0.00807436
0.00810105
0.00813327
0.00816988
0.00820958
0.00825091
0.0082923
0.00833215
0.00836885
0.00840089
0.00842692
0.00844582
0.00845676
0.00845925
0.00845317
0.00843879
0.00841675
0.00838798
0.00835373
0.00831542
0.00827463
0.00351704
0.00348949
0.00346354
0.00344013
0.00342002
0.00340389
0.00339222
0.00338537
0.00338355
0.00338679
0.00339502
0.00340797
0.00342525
0.00344632
0.00347048
0.00349691
0.00352468
0.00355275
0.00358002
0.00360537
0.00362772
0.00364607
0.00365959
0.00366765
0.00366984
0.00366607
0.00365652
0.00364163
0.0036221
0.00359882
0.00357281
0.00354518
0.0122718
0.0122555
0.0122409
0.0122287
0.0122193
0.012213
0.0122101
0.0122106
0.0122146
0.0122219
0.0122322
0.0122451
0.0122601
0.0122766
0.0122939
0.0123116
0.0123288
0.0123449
0.0123593
0.0123716
0.0123811
0.0123875
0.0123906
0.0123903
0.0123864
0.0123793
0.0123692
0.0123563
0.0123413
0.0123246
0.0123071
0.0122892
0.0109707
0.0109417
0.0109159
0.0108941
0.0108773
0.0108659
0.0108603
0.0108609
0.0108675
0.0108799
0.0108977
0.0109202
0.0109466
0.0109759
0.0110071
0.0110389
0.0110702
0.0110997
0.0111262
0.0111488
0.0111664
0.0111785
0.0111844
0.0111839
0.011177
0.0111641
0.0111456
0.0111223
0.0110951
0.0110652
0.0110337
0.0110018
0.00818466
0.00815041
0.00811992
0.00809427
0.00807435
0.00806084
0.00805418
0.00805461
0.00806209
0.00807637
0.00809697
0.00812318
0.00815409
0.0081886
0.00822546
0.0082633
0.00830066
0.00833609
0.00836815
0.00839553
0.00841706
0.00843183
0.0084392
0.00843884
0.00843075
0.00841528
0.00839311
0.00836518
0.00833265
0.00829688
0.00825931
0.00822141
0.00348281
0.00345979
0.00343937
0.00342222
0.00340892
0.00339987
0.00339534
0.00339548
0.00340028
0.00340959
0.00342313
0.00344045
0.003461
0.00348409
0.00350891
0.00353456
0.00356005
0.00358439
0.00360655
0.00362559
0.00364067
0.0036511
0.00365638
0.00365627
0.00365077
0.00364014
0.00362486
0.00360564
0.00358332
0.00355887
0.00353329
0.00350761
0.0122543
0.0122432
0.0122343
0.012228
0.0122245
0.012224
0.0122264
0.0122317
0.0122397
0.01225
0.0122622
0.0122759
0.0122906
0.0123056
0.0123204
0.0123344
0.0123472
0.0123582
0.0123669
0.0123732
0.0123767
0.0123773
0.0123749
0.0123698
0.0123619
0.0123518
0.0123396
0.012326
0.0123114
0.0122963
0.0122814
0.0122672
0.0109378
0.010918
0.0109022
0.0108909
0.0108846
0.0108835
0.0108876
0.0108968
0.0109107
0.0109289
0.0109506
0.010975
0.0110013
0.0110285
0.0110555
0.0110812
0.0111047
0.011125
0.0111414
0.0111531
0.0111597
0.0111609
0.0111567
0.0111472
0.0111328
0.0111141
0.0110919
0.011067
0.0110404
0.0110131
0.0109863
0.0109608
0.00814479
0.00812137
0.00810267
0.00808934
0.00808184
0.00808042
0.00808512
0.00809578
0.00811203
0.0081333
0.00815885
0.00818775
0.00821896
0.00825131
0.00828358
0.00831452
0.00834288
0.00836753
0.00838743
0.00840176
0.00840991
0.00841153
0.00840653
0.00839513
0.00837782
0.00835532
0.00832857
0.00829867
0.00826682
0.00823427
0.00820229
0.00817209
0.00345506
0.00343935
0.00342684
0.00341793
0.00341292
0.00341194
0.00341505
0.00342213
0.00343295
0.00344717
0.00346432
0.00348381
0.00350494
0.00352697
0.00354905
0.00357032
0.00358991
0.00360701
0.00362088
0.00363089
0.00363659
0.00363774
0.00363426
0.00362632
0.00361429
0.00359868
0.00358019
0.0035596
0.00353777
0.00351557
0.00349386
0.00347344
0.0122458
0.0122413
0.0122391
0.0122393
0.0122419
0.0122468
0.0122538
0.0122626
0.012273
0.0122844
0.0122964
0.0123087
0.0123206
0.0123317
0.0123416
0.01235
0.0123564
0.0123607
0.0123628
0.0123624
0.0123598
0.0123549
0.0123479
0.0123392
0.0123291
0.0123178
0.012306
0.0122939
0.0122821
0.0122709
0.0122609
0.0122525
0.0109203
0.0109125
0.0109089
0.0109096
0.0109146
0.0109236
0.0109363
0.0109524
0.0109711
0.0109918
0.0110137
0.0110359
0.0110576
0.011078
0.0110963
0.0111117
0.0111236
0.0111316
0.0111353
0.0111345
0.0111294
0.0111201
0.011107
0.0110907
0.0110716
0.0110508
0.0110288
0.0110066
0.010985
0.0109649
0.010947
0.0109319
0.00812272
0.00811363
0.00810946
0.00811037
0.00811632
0.00812709
0.0081423
0.00816141
0.00818373
0.00820844
0.00823462
0.00826128
0.00828741
0.00831197
0.008334
0.00835261
0.00836702
0.00837665
0.00838109
0.00838015
0.00837388
0.00836253
0.00834657
0.00832667
0.00830363
0.00827839
0.00825194
0.0082253
0.00819951
0.00817552
0.00815424
0.00813642
0.00343898
0.00343304
0.00343043
0.00343123
0.00343543
0.00344289
0.00345334
0.00346644
0.00348174
0.00349868
0.00351667
0.00353502
0.00355302
0.00356997
0.00358518
0.00359801
0.00360791
0.00361446
0.00361735
0.00361646
0.00361184
0.00360369
0.00359237
0.00357835
0.00356223
0.00354469
0.00352642
0.00350814
0.00349055
0.00347429
0.00345996
0.00344805
0.0122548
0.0122559
0.0122588
0.0122633
0.0122694
0.0122767
0.0122849
0.0122939
0.0123031
0.0123123
0.012321
0.012329
0.0123359
0.0123414
0.0123453
0.0123475
0.0123479
0.0123466
0.0123434
0.0123387
0.0123326
0.0123252
0.012317
0.0123083
0.0122993
0.0122903
0.0122818
0.0122741
0.0122673
0.0122618
0.0122578
0.0122554
0.0109324
0.0109352
0.0109414
0.0109506
0.0109625
0.0109767
0.0109927
0.0110098
0.0110274
0.0110449
0.0110615
0.0110765
0.0110895
0.0110999
0.0111072
0.0111112
0.0111118
0.0111088
0.0111025
0.011093
0.0110808
0.0110663
0.0110502
0.011033
0.0110154
0.0109981
0.0109817
0.0109669
0.0109542
0.0109441
0.0109369
0.010933
0.00813467
0.00813835
0.00814603
0.00815743
0.00817215
0.00818966
0.0082093
0.00823034
0.00825199
0.00827343
0.00829381
0.00831233
0.00832826
0.00834095
0.00834988
0.00835469
0.00835516
0.00835129
0.00834322
0.0083313
0.008316
0.00829796
0.0082779
0.00825661
0.00823493
0.00821369
0.0081937
0.0081757
0.00816034
0.00814819
0.00813968
0.00813512
0.00344483
0.00344775
0.00345345
0.00346176
0.00347237
0.00348493
0.00349899
0.00351402
0.00352948
0.00354477
0.00355929
0.00357246
0.00358372
0.00359262
0.00359877
0.0036019
0.00360188
0.00359871
0.00359252
0.00358358
0.00357228
0.00355908
0.00354453
0.00352923
0.00351376
0.00349873
0.00348469
0.00347217
0.00346159
0.00345333
0.00344768
0.00344481
0.0122911
0.012294
0.0122972
0.0123006
0.0123041
0.0123075
0.0123108
0.0123137
0.0123163
0.0123183
0.0123196
0.0123203
0.0123202
0.0123194
0.0123178
0.0123156
0.0123129
0.0123097
0.0123063
0.0123027
0.0122991
0.0122957
0.0122925
0.0122898
0.0122875
0.0122858
0.0122847
0.0122843
0.0122845
0.0122853
0.0122867
0.0122886
0.0109939
0.0109994
0.0110058
0.0110128
0.0110202
0.0110277
0.0110349
0.0110417
0.0110478
0.0110529
0.0110568
0.0110593
0.0110604
0.0110601
0.0110582
0.011055
0.0110504
0.0110448
0.0110383
0.0110312
0.0110237
0.0110162
0.011009
0.0110022
0.0109963
0.0109913
0.0109876
0.0109851
0.0109841
0.0109845
0.0109863
0.0109895
0.00820514
0.00821181
0.0082197
0.00822852
0.00823795
0.00824763
0.0082572
0.00826628
0.00827455
0.00828166
0.00828734
0.00829137
0.00829358
0.00829387
0.00829222
0.0082887
0.00828344
0.00827664
0.00826857
0.00825956
0.00824995
0.00824014
0.00823051
0.00822142
0.00821324
0.00820626
0.00820076
0.00819692
0.00819489
0.00819473
0.00819644
0.00819995
0.00349045
0.00349514
0.00350085
0.00350737
0.00351446
0.00352185
0.00352927
0.00353644
0.00354308
0.00354893
0.00355376
0.00355737
0.00355963
0.00356042
0.00355971
0.00355753
0.00355395
0.00354913
0.00354324
0.00353654
0.00352928
0.00352177
0.00351429
0.00350714
0.00350058
0.00349486
0.00349019
0.00348676
0.00348467
0.003484
0.00348477
0.00348695
0.0123531
0.012356
0.0123568
0.0123554
0.012352
0.0123467
0.0123396
0.0123312
0.0123216
0.0123112
0.0123004
0.0122897
0.0122793
0.0122697
0.0122613
0.0122543
0.0122491
0.0122459
0.0122448
0.0122459
0.0122492
0.0122545
0.0122616
0.0122702
0.0122801
0.0122908
0.0123019
0.012313
0.0123235
0.0123332
0.0123415
0.0123482
0.0111078
0.0111111
0.0111108
0.0111071
0.0111
0.01109
0.0110773
0.0110626
0.0110463
0.0110291
0.0110116
0.0109946
0.0109786
0.0109643
0.0109521
0.0109426
0.010936
0.0109327
0.0109328
0.0109362
0.0109429
0.0109526
0.0109649
0.0109795
0.0109958
0.0110131
0.0110307
0.0110481
0.0110644
0.0110791
0.0110915
0.0111012
0.00834186
0.00834444
0.00834305
0.00833778
0.00832886
0.00831667
0.00830172
0.00828461
0.00826603
0.00824671
0.00822738
0.00820875
0.00819152
0.00817632
0.00816369
0.00815407
0.00814783
0.00814519
0.00814624
0.00815098
0.00815924
0.00817075
0.0081851
0.00820177
0.00822015
0.00823955
0.00825921
0.00827837
0.00829626
0.00831214
0.00832538
0.00833543
0.00358468
0.00358507
0.00358296
0.00357846
0.00357176
0.00356315
0.003553
0.00354173
0.0035298
0.00351765
0.00350575
0.00349456
0.00348447
0.00347583
0.00346895
0.00346405
0.00346131
0.00346082
0.00346261
0.00346662
0.00347273
0.00348075
0.00349038
0.00350131
0.00351312
0.00352537
0.00353757
0.00354925
0.00355992
0.00356915
0.00357655
0.0035818
0.012421
0.0124326
0.012439
0.0124399
0.0124354
0.0124257
0.0124111
0.0123922
0.0123698
0.0123447
0.0123179
0.0122903
0.0122631
0.0122372
0.0122136
0.0121932
0.0121768
0.012165
0.0121583
0.012157
0.012161
0.0121704
0.0121848
0.0122035
0.012226
0.0122513
0.0122784
0.0123064
0.012334
0.0123603
0.0123841
0.0124046
0.0112402
0.0112568
0.0112642
0.0112618
0.01125
0.0112291
0.0112001
0.0111643
0.0111231
0.0110781
0.0110313
0.0109842
0.0109389
0.0108968
0.0108596
0.0108286
0.0108048
0.0107892
0.0107822
0.0107841
0.0107948
0.0108141
0.0108411
0.0108751
0.0109148
0.0109587
0.0110053
0.0110527
0.0110992
0.0111429
0.011182
0.0112148
0.00850695
0.00852419
0.00853018
0.00852463
0.00850784
0.00848059
0.00844416
0.00840019
0.00835058
0.00829741
0.00824282
0.0081889
0.00813767
0.00809094
0.00805033
0.00801719
0.00799261
0.00797738
0.00797197
0.00797658
0.00799106
0.00801497
0.00804755
0.00808777
0.00813426
0.00818544
0.00823946
0.0082943
0.00834783
0.00839788
0.00844233
0.00847924
0.00370441
0.00371331
0.0037144
0.00370762
0.00369333
0.00367226
0.00364545
0.0036142
0.0035799
0.00354405
0.00350808
0.00347335
0.00344111
0.0034124
0.00338814
0.00336905
0.0033557
0.00334844
0.00334749
0.00335286
0.00336443
0.00338186
0.00340469
0.00343222
0.00346362
0.00349784
0.00353369
0.00356983
0.00360481
0.00363713
0.00366535
0.00368814
0.0124524
0.0124865
0.0125127
0.0125301
0.0125379
0.0125359
0.012524
0.012503
0.0124735
0.0124369
0.0123945
0.012348
0.0122992
0.0122499
0.0122021
0.0121575
0.0121178
0.0120845
0.0120587
0.0120415
0.0120335
0.0120351
0.0120462
0.0120664
0.012095
0.0121309
0.0121729
0.0122192
0.0122682
0.0123179
0.0123664
0.0124118
0.0113179
0.0113773
0.0114224
0.0114509
0.0114617
0.0114541
0.0114287
0.0113866
0.0113298
0.0112609
0.0111829
0.0110991
0.0110128
0.0109275
0.0108462
0.0107718
0.0107069
0.0106537
0.0106138
0.0105886
0.0105789
0.0105849
0.0106066
0.0106432
0.0106937
0.0107564
0.0108292
0.0109097
0.010995
0.0110818
0.0111669
0.0112467
0.0086134
0.00868422
0.0087375
0.00877041
0.00878119
0.00876927
0.00873532
0.00868122
0.00860982
0.00852473
0.00842998
0.0083298
0.00822832
0.00812942
0.00803663
0.00795303
0.00788121
0.00782326
0.00778078
0.00775491
0.00774632
0.00775525
0.00778147
0.00782433
0.0078827
0.00795498
0.00803906
0.00813233
0.00823168
0.00833351
0.00843389
0.00852859
0.0037878
0.00383592
0.00387156
0.0038925
0.00389737
0.00388585
0.00385867
0.00381759
0.00376509
0.00370417
0.00363798
0.00356963
0.00350201
0.00343753
0.00337833
0.0033261
0.00328218
0.00324758
0.00322302
0.003209
0.00320576
0.00321337
0.0032317
0.0032604
0.00329891
0.00334639
0.00340169
0.00346334
0.00352946
0.00359776
0.0036656
0.00373001
0.0124216
0.0124908
0.0125513
0.0126007
0.0126369
0.0126583
0.0126641
0.012654
0.0126283
0.0125883
0.0125356
0.0124723
0.0124011
0.0123248
0.0122465
0.012169
0.0120955
0.0120285
0.0119706
0.0119239
0.0118899
0.0118699
0.0118646
0.0118741
0.0118982
0.0119359
0.011986
0.0120467
0.0121157
0.0121906
0.0122685
0.0123465
0.0112889
0.0114185
0.0115331
0.0116273
0.0116966
0.0117374
0.0117475
0.0117264
0.0116753
0.0115966
0.0114944
0.0113737
0.0112399
0.011099
0.0109567
0.0108186
0.0106896
0.0105741
0.0104756
0.0103972
0.0103411
0.0103087
0.0103009
0.0103179
0.0103593
0.0104238
0.0105098
0.0106148
0.0107355
0.0108681
0.011008
0.0111502
0.0085918
0.00875294
0.00889755
0.0090179
0.00910708
0.00915966
0.0091723
0.00914416
0.00907699
0.00897492
0.008844
0.00869151
0.00852532
0.00835325
0.00818261
0.00801984
0.00787039
0.00773864
0.00762802
0.00754107
0.00747956
0.00744465
0.0074369
0.00745642
0.0075028
0.00757517
0.00767206
0.00779139
0.00793028
0.00808497
0.00825076
0.00842192
0.00377873
0.00389677
0.00400505
0.00409691
0.004166
0.00420707
0.00421679
0.00419433
0.00414144
0.0040622
0.00396237
0.00384858
0.00372751
0.00360534
0.00348728
0.00337749
0.00327906
0.00319416
0.00312424
0.00307019
0.00303252
0.0030115
0.00300719
0.00301959
0.00304857
0.0030939
0.00315513
0.00323156
0.00332208
0.003425
0.00353787
0.00365726
0.0123841
0.0124564
0.0125213
0.0125763
0.0126191
0.0126479
0.0126616
0.0126596
0.0126421
0.0126099
0.0125644
0.0125073
0.0124412
0.0123684
0.0122919
0.0122147
0.0121395
0.0120693
0.0120066
0.0119537
0.0119125
0.0118846
0.0118708
0.0118719
0.0118877
0.0119178
0.0119611
0.0120161
0.0120808
0.0121527
0.0122292
0.0123073
0.0112113
0.0113413
0.011459
0.0115588
0.0116362
0.0116873
0.0117098
0.0117029
0.011667
0.0116043
0.011518
0.0114122
0.0112917
0.0111618
0.0110276
0.0108942
0.0107665
0.0106489
0.0105452
0.0104587
0.0103921
0.0103474
0.010326
0.0103287
0.0103554
0.0104057
0.0104781
0.0105707
0.0106805
0.0108041
0.0109371
0.0110747
0.00849161
0.00864941
0.00879352
0.00891646
0.00901153
0.00907344
0.00909889
0.00908687
0.00903867
0.00895765
0.00884873
0.00871791
0.00857164
0.0084165
0.00825884
0.00810451
0.00795877
0.00782617
0.00771053
0.00761498
0.00754195
0.00749325
0.00747012
0.00747325
0.00750281
0.0075584
0.00763901
0.00774295
0.00786771
0.00800987
0.00816504
0.00832776
0.00370238
0.00381287
0.0039153
0.00400345
0.00407153
0.00411492
0.00413083
0.0041187
0.00408015
0.00401855
0.00393843
0.00384481
0.00374276
0.00363713
0.00353215
0.00343148
0.00333817
0.00325471
0.00318302
0.00312453
0.00308027
0.003051
0.00303723
0.0030393
0.00305738
0.00309145
0.00314129
0.00320634
0.00328564
0.00337765
0.00348008
0.00358972
0.012301
0.0124058
0.0125052
0.0125953
0.0126723
0.0127328
0.0127742
0.0127944
0.0127926
0.0127686
0.0127235
0.0126593
0.0125788
0.0124855
0.0123834
0.0122766
0.0121695
0.0120662
0.0119705
0.0118859
0.0118152
0.0117608
0.0117246
0.0117076
0.0117105
0.011733
0.0117744
0.0118332
0.0119074
0.0119946
0.0120916
0.012195
0.0110704
0.0112628
0.0114488
0.0116205
0.0117696
0.0118885
0.0119707
0.0120116
0.0120086
0.0119617
0.0118735
0.011749
0.0115946
0.0114183
0.0112286
0.0110339
0.0108421
0.0106603
0.0104947
0.0103503
0.0102312
0.0101404
0.0100801
0.0100517
0.0100556
0.0100918
0.0101593
0.0102565
0.0103808
0.0105291
0.0106971
0.0108795
0.00833053
0.00856595
0.0087993
0.00901974
0.00921549
0.00937482
0.00948717
0.00954446
0.00954224
0.00948033
0.00936296
0.00919817
0.0089967
0.00877069
0.00853242
0.00829327
0.00806303
0.0078497
0.00765942
0.0074967
0.00736469
0.00726547
0.00720032
0.0071699
0.00717438
0.00721355
0.00728677
0.00739298
0.00753055
0.00769707
0.00788922
0.00810239
0.00359517
0.00376267
0.00393461
0.00410275
0.00425706
0.0043865
0.00448036
0.00452996
0.00453028
0.00448095
0.00438644
0.00425514
0.00409788
0.00392609
0.0037504
0.00357964
0.0034205
0.00327756
0.00315365
0.00305036
0.00296834
0.00290773
0.00286835
0.00284998
0.0028524
0.00287544
0.00291907
0.00298325
0.00306786
0.00317257
0.0032966
0.00343837
0.0123164
0.0124077
0.0124952
0.0125754
0.0126451
0.0127012
0.0127411
0.0127631
0.012766
0.0127497
0.012715
0.0126633
0.012597
0.0125188
0.0124321
0.0123406
0.0122478
0.0121575
0.0120729
0.0119972
0.0119329
0.0118822
0.0118469
0.011828
0.0118263
0.0118416
0.0118735
0.0119208
0.011982
0.0120548
0.0121367
0.012225
0.0110256
0.0111849
0.0113406
0.011486
0.0116142
0.0117189
0.0117943
0.0118363
0.0118425
0.0118126
0.0117483
0.0116533
0.0115327
0.0113927
0.0112402
0.0110817
0.0109238
0.0107723
0.0106325
0.0105086
0.0104042
0.0103222
0.0102647
0.0102331
0.0102282
0.0102502
0.0102984
0.0103718
0.0104685
0.010586
0.0107209
0.010869
0.00824297
0.00843249
0.00862173
0.0088021
0.00896429
0.00909894
0.00919753
0.00925338
0.00926256
0.00922451
0.00914204
0.00902093
0.00886912
0.00869568
0.0085099
0.00832055
0.00813538
0.00796093
0.00780244
0.00766399
0.00754868
0.00745878
0.00739586
0.00736096
0.00735462
0.00737697
0.00742774
0.00750618
0.00761101
0.00774033
0.00789142
0.00806057
0.00352287
0.00365064
0.00378188
0.00391051
0.00402927
0.00413027
0.00420588
0.00424983
0.00425831
0.00423071
0.00416962
0.00408038
0.00397008
0.00384645
0.00371693
0.003588
0.00346485
0.00335138
0.00325038
0.00316371
0.00309255
0.00303757
0.00299916
0.00297752
0.00297275
0.0029849
0.00301396
0.00305986
0.00312241
0.00320115
0.00329525
0.00340326
)
;

boundaryField
{
    inlet
    {
        type            calculated;
        value           nonuniform List<scalar> 
128
(
0.0123411
0.0123348
0.0123272
0.0123185
0.012309
0.0122991
0.0122892
0.0122797
0.0122709
0.0122631
0.0122567
0.0122519
0.0122489
0.0122478
0.0122486
0.0122513
0.0122559
0.012262
0.0122695
0.0122782
0.0122876
0.0122975
0.0123074
0.012317
0.0123259
0.0123337
0.0123401
0.012345
0.0123481
0.0123492
0.0123484
0.0123456
0.0110868
0.0110777
0.0110664
0.0110534
0.0110391
0.0110242
0.0110091
0.0109945
0.0109809
0.0109688
0.0109588
0.010951
0.010946
0.0109437
0.0109444
0.010948
0.0109543
0.0109632
0.0109743
0.0109872
0.0110013
0.0110163
0.0110314
0.0110461
0.0110599
0.0110722
0.0110824
0.0110903
0.0110955
0.0110978
0.011097
0.0110933
0.00832307
0.0083129
0.00830012
0.00828523
0.00826885
0.00825159
0.00823414
0.00821715
0.00820127
0.00818708
0.00817512
0.0081658
0.00815949
0.0081564
0.00815665
0.00816023
0.00816703
0.00817678
0.00818916
0.00820369
0.00821985
0.00823702
0.00825456
0.00827178
0.00828802
0.00830262
0.008315
0.00832466
0.00833121
0.00833437
0.00833404
0.00833022
0.00357618
0.00356987
0.00356177
0.0035522
0.00354156
0.00353027
0.00351876
0.00350748
0.00349685
0.00348726
0.00347905
0.00347253
0.00346791
0.00346536
0.00346497
0.00346676
0.00347066
0.00347655
0.00348423
0.00349341
0.00350378
0.00351495
0.00352649
0.00353797
0.00354893
0.00355893
0.00356756
0.00357448
0.00357938
0.00358206
0.00358241
0.00358042
)
;
    }
    outlet
    {
        type            calculated;
        value           nonuniform List<scalar> 
128
(
0.0123128
0.0124041
0.0124918
0.0125723
0.0126421
0.0126984
0.0127385
0.0127605
0.0127634
0.0127471
0.0127122
0.0126603
0.0125938
0.0125155
0.0124287
0.012337
0.0122442
0.0121539
0.0120694
0.0119938
0.0119296
0.0118791
0.0118439
0.0118251
0.0118233
0.0118385
0.0118703
0.0119175
0.0119784
0.0120512
0.012133
0.0122213
0.0110226
0.0111819
0.0113378
0.0114833
0.0116117
0.0117164
0.0117919
0.011834
0.0118402
0.0118102
0.0117458
0.0116507
0.01153
0.01139
0.0112373
0.0110789
0.010921
0.0107696
0.0106299
0.0105061
0.0104019
0.0103201
0.0102627
0.0102311
0.0102262
0.010248
0.0102961
0.0103693
0.0104658
0.0105831
0.0107179
0.010866
0.00824069
0.00843031
0.00861964
0.00880011
0.00896239
0.00909711
0.00919573
0.00925159
0.00926077
0.00922269
0.00914018
0.00901902
0.00886716
0.00869369
0.00850788
0.00831852
0.00813335
0.00795891
0.00780044
0.00766202
0.00754674
0.00745686
0.00739394
0.00735901
0.00735262
0.0073749
0.00742558
0.00750393
0.00760869
0.00773796
0.00788904
0.00805823
0.00352217
0.00365001
0.00378131
0.00391
0.00402882
0.00412986
0.00420548
0.00424943
0.00425789
0.00423027
0.00416915
0.00407988
0.00396955
0.0038459
0.00371637
0.00358742
0.00346427
0.0033508
0.00324981
0.00316316
0.00309202
0.00303705
0.00299864
0.00297699
0.0029722
0.0029843
0.00301331
0.00305917
0.00312167
0.00320039
0.00329449
0.00340252
)
;
    }
    axis
    {
        type            calculated;
        value           nonuniform List<scalar> 
5088
(
0.012341
0.0123348
0.0123272
0.0123185
0.012309
0.0122991
0.0122892
0.0122797
0.0122708
0.012263
0.0122566
0.0122518
0.0122488
0.0122477
0.0122485
0.0122512
0.0122557
0.0122619
0.0122695
0.0122782
0.0122876
0.0122975
0.0123074
0.012317
0.0123258
0.0123336
0.01234
0.0123449
0.0123479
0.0123491
0.0123482
0.0123455
0.0123505
0.0123398
0.0123275
0.0123141
0.0123001
0.0122861
0.0122726
0.0122601
0.0122491
0.01224
0.0122332
0.0122289
0.0122273
0.0122284
0.0122322
0.0122386
0.0122472
0.0122579
0.01227
0.0122834
0.0122973
0.0123112
0.0123248
0.0123373
0.0123484
0.0123575
0.0123645
0.0123689
0.0123705
0.0123695
0.0123657
0.0123593
0.0123196
0.0123053
0.0122909
0.0122767
0.0122634
0.0122515
0.0122413
0.0122334
0.0122279
0.0122251
0.0122252
0.012228
0.0122335
0.0122415
0.0122516
0.0122636
0.0122769
0.012291
0.0123054
0.0123196
0.012333
0.012345
0.0123553
0.0123634
0.012369
0.0123718
0.0123718
0.012369
0.0123634
0.0123553
0.012345
0.012333
0.0123055
0.0122886
0.0122721
0.0122566
0.0122428
0.012231
0.0122219
0.0122156
0.0122125
0.0122127
0.0122161
0.0122227
0.0122322
0.0122442
0.0122582
0.0122739
0.0122904
0.0123073
0.0123239
0.0123395
0.0123535
0.0123654
0.0123747
0.012381
0.0123842
0.012384
0.0123805
0.0123738
0.0123642
0.012352
0.0123378
0.0123221
0.0122943
0.0122816
0.0122696
0.0122586
0.0122493
0.0122418
0.0122365
0.0122336
0.0122332
0.0122354
0.0122399
0.0122467
0.0122556
0.0122661
0.0122778
0.0122904
0.0123033
0.0123161
0.0123282
0.0123392
0.0123486
0.0123561
0.0123614
0.0123643
0.0123647
0.0123625
0.0123579
0.012351
0.0123421
0.0123316
0.0123198
0.0123072
0.0123198
0.0123165
0.0123125
0.0123081
0.0123033
0.0122985
0.0122938
0.0122893
0.0122852
0.0122818
0.012279
0.0122771
0.012276
0.0122758
0.0122765
0.0122781
0.0122805
0.0122836
0.0122874
0.0122916
0.0122962
0.0123009
0.0123057
0.0123102
0.0123144
0.0123181
0.012321
0.0123232
0.0123244
0.0123247
0.012324
0.0123223
0.0123506
0.0123565
0.0123603
0.0123617
0.0123606
0.0123572
0.0123515
0.0123438
0.0123345
0.0123237
0.012312
0.0122998
0.0122876
0.0122758
0.0122649
0.0122553
0.0122474
0.0122414
0.0122376
0.0122362
0.0122372
0.0122405
0.0122461
0.0122537
0.0122631
0.0122738
0.0122855
0.0122978
0.0123101
0.0123219
0.0123329
0.0123426
0.0123498
0.0123583
0.0123646
0.0123683
0.0123692
0.0123675
0.0123631
0.0123561
0.012347
0.0123359
0.0123235
0.0123101
0.0122962
0.0122825
0.0122694
0.0122575
0.0122471
0.0122387
0.0122326
0.012229
0.012228
0.0122297
0.0122341
0.0122409
0.0122499
0.0122608
0.0122731
0.0122864
0.0123002
0.012314
0.0123272
0.0123392
0.0123153
0.0123184
0.0123208
0.0123224
0.0123232
0.012323
0.012322
0.0123201
0.0123174
0.012314
0.0123101
0.0123057
0.0123011
0.0122964
0.0122918
0.0122875
0.0122837
0.0122804
0.0122779
0.0122763
0.0122756
0.0122757
0.0122769
0.0122789
0.0122817
0.0122851
0.0122892
0.0122936
0.0122982
0.0123028
0.0123073
0.0123115
0.0122716
0.0122665
0.0122627
0.0122603
0.0122594
0.01226
0.0122622
0.0122658
0.0122706
0.0122766
0.0122835
0.0122909
0.0122987
0.0123065
0.012314
0.0123209
0.012327
0.012332
0.0123357
0.0123381
0.012339
0.0123384
0.0123363
0.0123328
0.012328
0.012322
0.0123153
0.0123079
0.0123001
0.0122923
0.0122848
0.0122778
0.0122511
0.012242
0.0122351
0.0122306
0.0122287
0.0122295
0.0122328
0.0122387
0.0122469
0.012257
0.0122688
0.0122817
0.0122952
0.0123089
0.0123222
0.0123347
0.0123457
0.0123549
0.0123619
0.0123665
0.0123684
0.0123677
0.0123642
0.0123582
0.0123499
0.0123396
0.0123277
0.0123147
0.0123012
0.0122875
0.0122742
0.012262
0.0122767
0.0122713
0.0122669
0.0122638
0.0122621
0.0122618
0.012263
0.0122655
0.0122694
0.0122744
0.0122804
0.0122871
0.0122942
0.0123016
0.0123088
0.0123157
0.0123219
0.0123273
0.0123316
0.0123346
0.0123363
0.0123366
0.0123355
0.012333
0.0123292
0.0123243
0.0123184
0.0123117
0.0123046
0.0122972
0.0122899
0.012283
0.0123323
0.0123353
0.012337
0.0123372
0.012336
0.0123334
0.0123296
0.0123245
0.0123186
0.0123119
0.0123046
0.0122972
0.0122898
0.0122827
0.0122762
0.0122706
0.0122661
0.0122628
0.012261
0.0122606
0.0122618
0.0122644
0.0122684
0.0122736
0.0122798
0.0122867
0.0122941
0.0123017
0.0123091
0.0123162
0.0123225
0.012328
0.0123669
0.0123762
0.0123825
0.0123855
0.012385
0.0123812
0.0123742
0.0123642
0.0123516
0.012337
0.0123209
0.0123038
0.0122866
0.0122698
0.0122542
0.0122401
0.0122283
0.0122192
0.012213
0.0122101
0.0122105
0.0122143
0.0122212
0.012231
0.0122434
0.0122578
0.0122739
0.0122908
0.012308
0.0123249
0.0123407
0.0123549
0.0123523
0.0123606
0.0123666
0.0123699
0.0123705
0.0123682
0.0123633
0.0123558
0.0123462
0.0123346
0.0123217
0.0123079
0.0122937
0.0122797
0.0122664
0.0122544
0.0122441
0.0122358
0.01223
0.0122267
0.0122262
0.0122285
0.0122334
0.0122408
0.0122504
0.0122618
0.0122746
0.0122883
0.0123024
0.0123164
0.0123297
0.0123418
0.0122983
0.0122995
0.0123008
0.012302
0.0123032
0.0123043
0.0123053
0.012306
0.0123065
0.0123068
0.0123067
0.0123063
0.0123056
0.0123047
0.0123035
0.0123022
0.0123007
0.0122993
0.0122979
0.0122966
0.0122954
0.0122945
0.0122938
0.0122933
0.0122931
0.0122931
0.0122933
0.0122938
0.0122944
0.0122952
0.0122961
0.0122972
0.0122377
0.0122312
0.0122273
0.0122261
0.0122277
0.0122321
0.0122389
0.0122481
0.0122591
0.0122717
0.0122852
0.0122993
0.0123133
0.0123267
0.012339
0.0123497
0.0123585
0.0123649
0.0123688
0.0123699
0.0123683
0.012364
0.0123572
0.0123481
0.0123371
0.0123246
0.0123111
0.012297
0.012283
0.0122696
0.0122572
0.0122465
0.012219
0.0122095
0.0122033
0.0122007
0.0122017
0.0122064
0.0122145
0.0122257
0.0122396
0.0122558
0.0122735
0.0122922
0.012311
0.0123294
0.0123465
0.0123617
0.0123744
0.0123841
0.0123905
0.0123931
0.0123921
0.0123873
0.012379
0.0123675
0.0123533
0.012337
0.0123191
0.0123004
0.0122815
0.0122633
0.0122464
0.0122314
0.0122687
0.0122627
0.012258
0.012255
0.0122536
0.012254
0.0122561
0.0122598
0.012265
0.0122715
0.0122789
0.0122871
0.0122957
0.0123044
0.0123128
0.0123206
0.0123276
0.0123335
0.0123381
0.0123412
0.0123426
0.0123424
0.0123405
0.012337
0.012332
0.0123257
0.0123182
0.01231
0.0123014
0.0122925
0.0122839
0.0122759
0.012349
0.0123502
0.0123494
0.0123467
0.0123422
0.012336
0.0123284
0.0123197
0.0123101
0.0123
0.0122899
0.01228
0.0122708
0.0122626
0.0122558
0.0122506
0.0122472
0.0122458
0.0122464
0.0122491
0.0122537
0.01226
0.0122679
0.0122769
0.0122868
0.012297
0.0123073
0.0123172
0.0123264
0.0123344
0.012341
0.0123459
0.0123932
0.0123987
0.0124002
0.0123977
0.0123913
0.0123812
0.0123678
0.0123517
0.0123335
0.0123139
0.0122936
0.0122735
0.0122544
0.0122368
0.0122216
0.0122093
0.0122003
0.012195
0.0121935
0.012196
0.0122023
0.0122122
0.0122254
0.0122412
0.0122592
0.0122787
0.0122988
0.0123189
0.0123382
0.012356
0.0123714
0.012384
0.0123794
0.0123819
0.0123812
0.0123772
0.0123702
0.0123604
0.0123481
0.012334
0.0123184
0.0123021
0.0122856
0.0122696
0.0122547
0.0122414
0.0122303
0.0122218
0.0122162
0.0122137
0.0122144
0.0122183
0.0122253
0.012235
0.0122471
0.0122611
0.0122766
0.0122929
0.0123094
0.0123255
0.0123405
0.0123539
0.0123651
0.0123737
0.0123309
0.0123263
0.0123208
0.0123145
0.0123076
0.0123005
0.0122933
0.0122864
0.01228
0.0122744
0.0122697
0.0122661
0.0122638
0.0122629
0.0122633
0.0122652
0.0122683
0.0122727
0.0122781
0.0122844
0.0122913
0.0122985
0.0123058
0.0123129
0.0123194
0.0123252
0.01233
0.0123336
0.0123359
0.0123368
0.0123362
0.0123342
0.012291
0.0122824
0.0122745
0.0122676
0.0122619
0.0122576
0.012255
0.0122541
0.0122549
0.0122574
0.0122616
0.0122672
0.0122741
0.0122819
0.0122905
0.0122994
0.0123084
0.012317
0.012325
0.0123321
0.0123378
0.0123422
0.0123448
0.0123457
0.0123449
0.0123423
0.012338
0.0123323
0.0123254
0.0123174
0.0123088
0.0122999
0.0122914
0.0122862
0.0122816
0.0122777
0.0122746
0.0122725
0.0122715
0.0122715
0.0122727
0.0122749
0.0122781
0.0122822
0.0122869
0.0122921
0.0122977
0.0123034
0.0123089
0.0123141
0.0123187
0.0123227
0.0123257
0.0123278
0.0123288
0.0123287
0.0123275
0.0123252
0.012322
0.012318
0.0123132
0.012308
0.0123025
0.0122969
0.0123182
0.0123223
0.0123257
0.012328
0.0123293
0.0123294
0.0123285
0.0123264
0.0123234
0.0123195
0.0123149
0.0123096
0.012304
0.0122983
0.0122926
0.0122871
0.0122822
0.0122779
0.0122745
0.012272
0.0122707
0.0122705
0.0122714
0.0122734
0.0122765
0.0122806
0.0122853
0.0122907
0.0122963
0.0123022
0.0123079
0.0123133
0.0123398
0.0123522
0.0123626
0.0123705
0.0123756
0.0123778
0.0123769
0.012373
0.0123662
0.0123569
0.0123453
0.0123319
0.0123172
0.0123019
0.0122864
0.0122714
0.0122575
0.0122452
0.012235
0.0122272
0.0122221
0.01222
0.0122208
0.0122247
0.0122314
0.0122406
0.0122521
0.0122654
0.01228
0.0122953
0.0123108
0.0123258
0.0123463
0.0123606
0.0123725
0.0123816
0.0123874
0.0123898
0.0123886
0.0123838
0.0123758
0.0123647
0.0123511
0.0123354
0.0123183
0.0123005
0.0122826
0.0122653
0.0122493
0.0122352
0.0122235
0.0122147
0.0122091
0.0122068
0.0122081
0.0122127
0.0122206
0.0122314
0.0122448
0.0122603
0.0122772
0.0122949
0.0123128
0.0123302
0.0123487
0.0123592
0.0123673
0.0123728
0.0123755
0.0123752
0.0123719
0.0123658
0.0123571
0.0123461
0.0123334
0.0123193
0.0123044
0.0122894
0.0122747
0.012261
0.0122488
0.0122385
0.0122305
0.0122251
0.0122226
0.012223
0.0122262
0.0122323
0.0122408
0.0122516
0.0122642
0.0122781
0.0122929
0.0123079
0.0123225
0.0123363
0.0123457
0.0123506
0.0123536
0.0123545
0.0123533
0.01235
0.0123448
0.0123378
0.0123294
0.0123199
0.0123096
0.0122989
0.0122883
0.0122781
0.0122688
0.0122607
0.0122541
0.0122493
0.0122464
0.0122456
0.0122469
0.0122501
0.0122553
0.0122622
0.0122706
0.01228
0.0122903
0.0123009
0.0123115
0.0123216
0.0123309
0.0123391
0.0123321
0.0123326
0.0123318
0.0123298
0.0123267
0.0123226
0.0123176
0.012312
0.012306
0.0122997
0.0122935
0.0122875
0.0122821
0.0122774
0.0122735
0.0122708
0.0122691
0.0122687
0.0122696
0.0122716
0.0122748
0.0122789
0.0122839
0.0122896
0.0122956
0.0123018
0.012308
0.0123139
0.0123193
0.012324
0.0123278
0.0123305
0.0123147
0.0123114
0.0123078
0.0123039
0.0123
0.012296
0.0122923
0.0122888
0.0122858
0.0122834
0.0122817
0.0122806
0.0122804
0.0122809
0.0122823
0.0122843
0.012287
0.0122902
0.0122939
0.0122978
0.0123019
0.0123059
0.0123098
0.0123133
0.0123163
0.0123186
0.0123204
0.0123213
0.0123215
0.0123208
0.0123195
0.0123174
0.0123023
0.0122952
0.0122884
0.012282
0.0122763
0.0122716
0.012268
0.0122656
0.0122646
0.0122649
0.0122665
0.0122695
0.0122737
0.0122789
0.0122849
0.0122916
0.0122986
0.0123057
0.0123127
0.0123191
0.0123249
0.0123297
0.0123334
0.0123358
0.0123369
0.0123365
0.0123348
0.0123317
0.0123274
0.0123221
0.012316
0.0123093
0.0123047
0.0122941
0.0122837
0.012274
0.0122653
0.0122579
0.0122522
0.0122482
0.0122462
0.0122463
0.0122484
0.0122525
0.0122584
0.0122659
0.0122748
0.0122846
0.012295
0.0123057
0.0123162
0.012326
0.0123349
0.0123424
0.0123483
0.0123523
0.0123542
0.0123541
0.0123519
0.0123476
0.0123416
0.0123339
0.012325
0.0123151
0.0123153
0.0123036
0.0122918
0.0122803
0.0122695
0.0122599
0.0122519
0.0122456
0.0122414
0.0122395
0.0122398
0.0122425
0.0122473
0.0122541
0.0122628
0.0122728
0.012284
0.0122957
0.0123077
0.0123193
0.0123302
0.01234
0.0123482
0.0123545
0.0123587
0.0123606
0.0123601
0.0123574
0.0123524
0.0123454
0.0123366
0.0123265
0.0123288
0.0123202
0.0123108
0.012301
0.0122912
0.0122817
0.012273
0.0122653
0.0122589
0.0122541
0.0122511
0.0122499
0.0122507
0.0122534
0.0122578
0.012264
0.0122715
0.0122802
0.0122896
0.0122995
0.0123094
0.012319
0.0123278
0.0123356
0.012342
0.0123468
0.0123498
0.0123509
0.01235
0.0123472
0.0123426
0.0123364
0.012345
0.0123424
0.0123382
0.0123325
0.0123257
0.0123179
0.0123094
0.0123006
0.0122917
0.0122832
0.0122754
0.0122685
0.0122629
0.0122587
0.0122561
0.0122553
0.0122561
0.0122587
0.0122629
0.0122686
0.0122755
0.0122833
0.0122919
0.0123007
0.0123096
0.012318
0.0123259
0.0123327
0.0123383
0.0123425
0.012345
0.0123459
0.0123604
0.0123641
0.0123654
0.0123641
0.0123603
0.0123543
0.0123461
0.0123362
0.0123249
0.0123126
0.0122998
0.0122871
0.0122749
0.0122636
0.0122538
0.0122457
0.0122398
0.0122361
0.012235
0.0122363
0.0122401
0.0122462
0.0122543
0.0122642
0.0122755
0.0122877
0.0123003
0.012313
0.0123252
0.0123365
0.0123463
0.0123544
0.0123714
0.0123797
0.012385
0.0123869
0.0123855
0.0123807
0.0123728
0.012362
0.0123488
0.0123336
0.0123172
0.0123001
0.0122829
0.0122665
0.0122513
0.012238
0.012227
0.0122189
0.0122138
0.0122121
0.0122136
0.0122184
0.0122263
0.012237
0.0122501
0.012265
0.0122812
0.0122982
0.0123152
0.0123317
0.0123469
0.0123603
0.0123709
0.0123809
0.0123877
0.0123911
0.012391
0.0123873
0.0123802
0.0123699
0.0123569
0.0123417
0.0123248
0.012307
0.0122889
0.0122712
0.0122546
0.0122398
0.0122273
0.0122176
0.012211
0.0122078
0.0122081
0.0122119
0.012219
0.0122291
0.0122419
0.0122569
0.0122735
0.0122912
0.0123091
0.0123267
0.0123433
0.0123582
0.012364
0.0123738
0.0123808
0.0123846
0.0123852
0.0123824
0.0123765
0.0123676
0.012356
0.0123423
0.0123269
0.0123104
0.0122936
0.012277
0.0122614
0.0122473
0.0122352
0.0122256
0.0122188
0.0122152
0.0122148
0.0122177
0.0122237
0.0122325
0.012244
0.0122575
0.0122726
0.0122888
0.0123055
0.0123219
0.0123376
0.0123518
0.0123622
0.0123725
0.0123801
0.0123845
0.0123857
0.0123836
0.0123782
0.0123698
0.0123587
0.0123453
0.0123301
0.0123137
0.0122969
0.0122801
0.0122642
0.0122497
0.0122371
0.012227
0.0122197
0.0122155
0.0122145
0.0122168
0.0122222
0.0122306
0.0122416
0.0122548
0.0122698
0.0122859
0.0123025
0.0123191
0.012335
0.0123495
0.0123673
0.0123784
0.0123864
0.0123911
0.0123923
0.0123899
0.0123839
0.0123747
0.0123626
0.012348
0.0123315
0.0123138
0.0122956
0.0122775
0.0122604
0.0122447
0.0122313
0.0122204
0.0122126
0.0122082
0.0122073
0.0122098
0.0122158
0.012225
0.012237
0.0122514
0.0122676
0.012285
0.012303
0.0123209
0.012338
0.0123537
0.0123754
0.0123851
0.0123914
0.0123942
0.0123934
0.0123889
0.012381
0.0123699
0.012356
0.0123399
0.0123223
0.0123037
0.0122851
0.012267
0.0122502
0.0122353
0.012223
0.0122136
0.0122075
0.0122049
0.012206
0.0122106
0.0122186
0.0122297
0.0122434
0.0122592
0.0122766
0.0122948
0.0123133
0.0123312
0.012348
0.0123629
0.0123814
0.0123863
0.0123879
0.0123861
0.0123809
0.0123726
0.0123616
0.0123481
0.0123327
0.0123161
0.0122988
0.0122816
0.0122651
0.0122499
0.0122367
0.012226
0.0122181
0.0122134
0.012212
0.012214
0.0122193
0.0122276
0.0122387
0.0122522
0.0122674
0.0122839
0.0123009
0.012318
0.0123343
0.0123494
0.0123626
0.0123734
0.0123794
0.0123772
0.0123721
0.0123642
0.0123538
0.0123414
0.0123275
0.0123125
0.012297
0.0122816
0.012267
0.0122536
0.012242
0.0122327
0.012226
0.0122221
0.0122213
0.0122236
0.0122287
0.0122367
0.0122471
0.0122596
0.0122736
0.0122887
0.0123042
0.0123195
0.0123341
0.0123474
0.0123589
0.0123681
0.0123748
0.0123786
0.0123675
0.0123594
0.012349
0.0123368
0.0123232
0.0123088
0.0122941
0.0122797
0.012266
0.0122536
0.012243
0.0122346
0.0122287
0.0122256
0.0122253
0.012228
0.0122335
0.0122416
0.012252
0.0122643
0.012278
0.0122926
0.0123076
0.0123222
0.012336
0.0123485
0.012359
0.0123673
0.012373
0.0123759
0.012376
0.0123731
0.0123537
0.0123447
0.0123339
0.012322
0.0123093
0.0122963
0.0122834
0.0122713
0.0122602
0.0122506
0.012243
0.0122375
0.0122345
0.012234
0.0122361
0.0122408
0.0122477
0.0122568
0.0122676
0.0122797
0.0122927
0.012306
0.0123191
0.0123316
0.0123428
0.0123523
0.0123598
0.0123651
0.0123678
0.012368
0.0123657
0.0123608
0.0123521
0.0123476
0.0123414
0.0123337
0.0123248
0.012315
0.0123047
0.0122943
0.0122841
0.0122745
0.0122659
0.0122587
0.0122531
0.0122493
0.0122476
0.012248
0.0122504
0.0122549
0.0122612
0.012269
0.0122781
0.0122882
0.0122987
0.0123094
0.0123197
0.0123292
0.0123377
0.0123447
0.0123501
0.0123536
0.0123551
0.0123546
0.0123655
0.0123681
0.012368
0.0123655
0.0123605
0.0123532
0.0123439
0.0123329
0.0123207
0.0123077
0.0122944
0.0122813
0.012269
0.0122579
0.0122485
0.0122412
0.0122362
0.0122337
0.0122338
0.0122366
0.0122418
0.0122494
0.0122589
0.01227
0.0122823
0.0122952
0.0123084
0.0123212
0.0123333
0.0123441
0.0123533
0.0123606
0.0123859
0.0123927
0.0123959
0.0123955
0.0123914
0.0123838
0.012373
0.0123593
0.0123432
0.0123255
0.0123067
0.0122877
0.0122692
0.0122518
0.0122364
0.0122235
0.0122135
0.0122069
0.0122039
0.0122046
0.012209
0.0122169
0.0122279
0.0122417
0.0122576
0.0122751
0.0122936
0.0123123
0.0123305
0.0123476
0.0123629
0.0123758
0.012407
0.0124117
0.0124121
0.0124082
0.0124001
0.012388
0.0123726
0.0123542
0.0123337
0.0123119
0.0122895
0.0122675
0.0122468
0.0122281
0.0122122
0.0121997
0.0121911
0.0121866
0.0121865
0.0121907
0.0121991
0.0122113
0.0122268
0.0122451
0.0122654
0.0122869
0.012309
0.0123306
0.0123511
0.0123696
0.0123855
0.0123981
0.012425
0.0124227
0.0124155
0.0124039
0.0123882
0.0123691
0.0123472
0.0123234
0.0122987
0.012274
0.0122501
0.0122282
0.012209
0.0121932
0.0121816
0.0121744
0.012172
0.0121745
0.0121818
0.0121935
0.0122093
0.0122285
0.0122503
0.012274
0.0122987
0.0123233
0.0123469
0.0123687
0.0123878
0.0124035
0.0124153
0.0124225
0.012435
0.0124264
0.0124129
0.012395
0.0123734
0.0123489
0.0123224
0.012295
0.0122677
0.0122415
0.0122175
0.0121965
0.0121794
0.0121669
0.0121594
0.0121571
0.0121603
0.0121688
0.0121822
0.0122001
0.0122217
0.0122463
0.012273
0.0123005
0.012328
0.0123542
0.0123783
0.0123992
0.0124163
0.0124287
0.0124362
0.0124383
0.012433
0.0124249
0.0124119
0.0123946
0.0123736
0.0123498
0.012324
0.0122971
0.0122704
0.0122446
0.0122208
0.0122001
0.012183
0.0121704
0.0121626
0.0121601
0.0121628
0.0121708
0.0121837
0.0122009
0.012222
0.012246
0.012272
0.012299
0.012326
0.0123519
0.0123756
0.0123964
0.0124134
0.0124259
0.0124335
0.0124359
0.0124226
0.0124218
0.0124163
0.0124063
0.0123922
0.0123745
0.0123539
0.0123312
0.0123073
0.012283
0.0122593
0.0122371
0.0122174
0.0122008
0.012188
0.0121795
0.0121756
0.0121764
0.012182
0.0121921
0.0122063
0.0122241
0.0122448
0.0122675
0.0122914
0.0123156
0.0123392
0.0123612
0.0123808
0.0123974
0.0124101
0.0124186
0.0124163
0.012424
0.012427
0.0124251
0.0124183
0.0124069
0.0123913
0.0123722
0.0123502
0.0123262
0.0123012
0.012276
0.0122518
0.0122295
0.0122099
0.0121938
0.0121817
0.0121742
0.0121715
0.0121738
0.0121808
0.0121924
0.012208
0.0122271
0.0122489
0.0122726
0.0122974
0.0123221
0.0123461
0.0123683
0.0123878
0.012404
0.0124255
0.0124373
0.0124438
0.0124448
0.01244
0.0124298
0.0124145
0.0123946
0.0123709
0.0123443
0.012316
0.012287
0.0122584
0.0122314
0.0122071
0.0121863
0.0121699
0.0121585
0.0121524
0.0121519
0.0121571
0.0121676
0.012183
0.0122028
0.0122262
0.0122523
0.0122802
0.0123087
0.0123368
0.0123636
0.0123878
0.0124087
0.01245
0.0124605
0.0124647
0.0124625
0.0124538
0.0124389
0.0124186
0.0123935
0.0123646
0.012333
0.0123
0.0122669
0.012235
0.0122055
0.0121796
0.0121583
0.0121423
0.0121323
0.0121286
0.0121313
0.0121403
0.0121553
0.0121756
0.0122005
0.012229
0.01226
0.0122925
0.0123251
0.0123567
0.012386
0.012412
0.0124336
0.0124762
0.0124834
0.0124833
0.0124759
0.0124615
0.0124405
0.012414
0.0123828
0.0123481
0.0123114
0.0122741
0.0122376
0.0122033
0.0121727
0.0121467
0.0121265
0.0121128
0.012106
0.0121065
0.0121141
0.0121286
0.0121494
0.0121758
0.0122066
0.0122408
0.0122771
0.012314
0.0123502
0.0123844
0.0124152
0.0124414
0.012462
0.0124904
0.0124953
0.0124923
0.0124817
0.0124637
0.0124391
0.0124089
0.0123742
0.0123364
0.0122969
0.0122574
0.0122193
0.0121841
0.0121531
0.0121276
0.0121084
0.0120963
0.0120918
0.0120949
0.0121056
0.0121234
0.0121477
0.0121776
0.0122118
0.0122492
0.0122883
0.0123276
0.0123657
0.012401
0.0124323
0.0124583
0.0124779
0.0124891
0.0124929
0.012489
0.0124775
0.0124588
0.0124337
0.0124032
0.0123685
0.0123309
0.0122918
0.0122529
0.0122156
0.0121813
0.0121514
0.012127
0.0121089
0.012098
0.0120945
0.0120985
0.01211
0.0121285
0.0121532
0.0121833
0.0122176
0.0122549
0.0122936
0.0123323
0.0123696
0.0124041
0.0124344
0.0124592
0.0124777
0.0124779
0.0124809
0.0124767
0.0124655
0.0124477
0.0124239
0.0123951
0.0123625
0.0123272
0.0122907
0.0122544
0.0122197
0.0121879
0.0121603
0.0121379
0.0121215
0.0121117
0.0121089
0.0121133
0.0121245
0.0121422
0.0121657
0.0121942
0.0122265
0.0122614
0.0122976
0.0123337
0.0123684
0.0124003
0.0124282
0.012451
0.0124678
0.0124659
0.0124679
0.0124633
0.0124522
0.0124351
0.0124126
0.0123856
0.0123551
0.0123223
0.0122886
0.0122551
0.0122233
0.0121943
0.0121692
0.0121491
0.0121346
0.0121263
0.0121245
0.0121293
0.0121404
0.0121574
0.0121797
0.0122065
0.0122367
0.0122692
0.0123027
0.0123359
0.0123677
0.0123968
0.012422
0.0124425
0.0124573
0.0124579
0.012459
0.0124537
0.0124424
0.0124255
0.0124036
0.0123776
0.0123484
0.0123173
0.0122854
0.0122539
0.0122242
0.0121972
0.0121742
0.0121558
0.0121429
0.0121359
0.0121351
0.0121404
0.0121518
0.0121686
0.0121904
0.0122162
0.0122451
0.012276
0.0123077
0.012339
0.0123687
0.0123957
0.0124189
0.0124375
0.0124507
0.0124559
0.0124559
0.0124499
0.0124379
0.0124205
0.0123983
0.0123722
0.0123432
0.0123124
0.012281
0.0122503
0.0122214
0.0121955
0.0121735
0.0121562
0.0121444
0.0121385
0.0121386
0.0121447
0.0121567
0.0121741
0.0121961
0.012222
0.0122508
0.0122813
0.0123125
0.0123431
0.0123719
0.012398
0.0124201
0.0124376
0.0124497
0.0124604
0.0124594
0.012452
0.0124387
0.0124198
0.0123962
0.0123687
0.0123385
0.0123066
0.0122744
0.0122431
0.0122138
0.0121878
0.012166
0.0121492
0.0121381
0.0121331
0.0121343
0.0121416
0.0121549
0.0121737
0.0121971
0.0122243
0.0122542
0.0122858
0.0123179
0.0123491
0.0123784
0.0124046
0.0124267
0.0124437
0.0124551
0.0124657
0.0124631
0.0124541
0.012439
0.0124183
0.0123929
0.0123637
0.0123319
0.0122988
0.0122655
0.0122335
0.0122039
0.0121779
0.0121564
0.0121403
0.0121301
0.0121263
0.0121289
0.0121379
0.0121529
0.0121733
0.0121984
0.0122273
0.0122587
0.0122916
0.0123248
0.0123568
0.0123865
0.0124128
0.0124347
0.0124511
0.0124616
0.0124629
0.0124592
0.012449
0.0124329
0.0124115
0.0123856
0.0123562
0.0123245
0.0122917
0.0122591
0.012228
0.0121995
0.0121747
0.0121545
0.0121398
0.012131
0.0121284
0.0121323
0.0121423
0.0121581
0.0121792
0.0122048
0.0122338
0.0122652
0.0122978
0.0123303
0.0123616
0.0123904
0.0124155
0.012436
0.0124511
0.0124602
0.0124453
0.0124416
0.0124324
0.0124178
0.0123986
0.0123754
0.0123492
0.012321
0.0122918
0.0122629
0.0122353
0.0122101
0.0121882
0.0121705
0.0121577
0.0121501
0.0121482
0.0121518
0.012161
0.0121754
0.0121943
0.0122172
0.0122431
0.0122711
0.0123001
0.012329
0.0123567
0.0123821
0.0124042
0.0124222
0.0124354
0.0124432
0.0124176
0.0124163
0.0124105
0.0124003
0.0123862
0.0123687
0.0123484
0.0123262
0.012303
0.0122796
0.0122569
0.0122359
0.0122173
0.0122018
0.0121901
0.0121825
0.0121793
0.0121807
0.0121865
0.0121967
0.0122107
0.012228
0.0122481
0.01227
0.0122931
0.0123163
0.0123389
0.01236
0.0123788
0.0123944
0.0124064
0.0124142
0.012392
0.0123947
0.0123937
0.012389
0.0123809
0.0123697
0.0123557
0.0123395
0.0123218
0.0123033
0.0122846
0.0122666
0.0122499
0.0122351
0.0122228
0.0122135
0.0122075
0.0122051
0.0122062
0.0122109
0.012219
0.0122302
0.012244
0.0122599
0.0122774
0.0122957
0.0123142
0.0123321
0.0123489
0.0123638
0.0123763
0.0123858
0.0123745
0.0123804
0.0123832
0.0123828
0.0123792
0.0123725
0.012363
0.0123511
0.0123372
0.0123219
0.0123058
0.0122896
0.0122737
0.012259
0.0122458
0.0122348
0.0122263
0.0122206
0.012218
0.0122185
0.0122222
0.0122288
0.0122381
0.0122498
0.0122634
0.0122784
0.0122943
0.0123105
0.0123263
0.0123412
0.0123545
0.0123657
0.0123669
0.0123739
0.012378
0.0123792
0.0123773
0.0123725
0.0123648
0.0123546
0.0123424
0.0123285
0.0123136
0.0122982
0.012283
0.0122684
0.0122551
0.0122436
0.0122343
0.0122275
0.0122236
0.0122225
0.0122244
0.0122292
0.0122367
0.0122467
0.0122587
0.0122723
0.012287
0.0123023
0.0123175
0.0123321
0.0123456
0.0123573
0.012364
0.0123689
0.0123711
0.0123706
0.0123674
0.0123616
0.0123535
0.0123433
0.0123314
0.0123184
0.0123048
0.012291
0.0122777
0.0122652
0.0122542
0.012245
0.0122379
0.0122333
0.0122312
0.0122318
0.012235
0.0122406
0.0122486
0.0122586
0.0122702
0.0122829
0.0122964
0.0123101
0.0123235
0.0123361
0.0123473
0.0123567
0.012356
0.012355
0.0123518
0.0123468
0.0123399
0.0123315
0.012322
0.0123116
0.0123009
0.0122903
0.0122801
0.0122707
0.0122625
0.0122558
0.0122509
0.012248
0.012247
0.0122481
0.0122513
0.0122563
0.0122631
0.0122713
0.0122806
0.0122907
0.0123013
0.0123119
0.0123221
0.0123316
0.0123399
0.0123467
0.0123518
0.0123549
0.0123322
0.0123227
0.0123124
0.0123017
0.0122909
0.0122805
0.0122709
0.0122625
0.0122556
0.0122505
0.0122473
0.0122462
0.0122472
0.0122502
0.0122552
0.012262
0.0122702
0.0122796
0.0122899
0.0123005
0.0123112
0.0123215
0.012331
0.0123394
0.0123463
0.0123516
0.0123548
0.0123561
0.0123552
0.0123522
0.0123472
0.0123405
0.0122903
0.0122734
0.0122576
0.0122434
0.0122314
0.0122221
0.0122157
0.0122125
0.0122126
0.0122161
0.0122227
0.0122323
0.0122444
0.0122587
0.0122746
0.0122914
0.0123085
0.0123254
0.0123412
0.0123555
0.0123677
0.0123772
0.0123838
0.0123871
0.012387
0.0123836
0.0123769
0.0123672
0.0123549
0.0123404
0.0123244
0.0123075
0.0122415
0.0122216
0.0122047
0.0121913
0.012182
0.0121771
0.0121768
0.0121811
0.0121898
0.0122025
0.0122189
0.0122384
0.0122601
0.0122833
0.012307
0.0123305
0.0123528
0.0123729
0.0123902
0.012404
0.0124136
0.0124188
0.0124192
0.0124149
0.012406
0.0123929
0.0123761
0.0123563
0.0123343
0.0123108
0.012287
0.0122635
0.0122035
0.0121842
0.0121693
0.0121592
0.0121543
0.0121547
0.0121605
0.0121715
0.0121872
0.012207
0.0122303
0.0122561
0.0122835
0.0123114
0.0123389
0.0123647
0.012388
0.0124078
0.0124232
0.0124338
0.012439
0.0124386
0.0124327
0.0124214
0.0124053
0.0123849
0.0123611
0.0123349
0.0123072
0.0122792
0.0122519
0.0122263
0.0121964
0.0121791
0.0121663
0.0121584
0.0121558
0.0121585
0.0121665
0.0121794
0.0121967
0.0122178
0.012242
0.0122683
0.0122958
0.0123233
0.0123499
0.0123745
0.0123961
0.0124139
0.0124272
0.0124354
0.0124382
0.0124355
0.0124274
0.0124142
0.0123963
0.0123747
0.01235
0.0123234
0.0122957
0.0122682
0.0122418
0.0122175
0.012223
0.0122083
0.0121971
0.0121898
0.0121866
0.0121877
0.0121931
0.0122024
0.0122154
0.0122316
0.0122503
0.0122709
0.0122926
0.0123146
0.012336
0.0123561
0.012374
0.012389
0.0124006
0.0124082
0.0124116
0.0124106
0.0124053
0.0123959
0.0123826
0.0123661
0.012347
0.012326
0.0123041
0.012282
0.0122605
0.0122406
0.012251
0.0122386
0.0122285
0.0122212
0.012217
0.0122159
0.0122181
0.0122234
0.0122316
0.0122424
0.0122554
0.0122701
0.012286
0.0123025
0.012319
0.0123348
0.0123493
0.0123619
0.0123723
0.0123798
0.0123843
0.0123856
0.0123836
0.0123783
0.01237
0.012359
0.0123457
0.0123306
0.0123145
0.0122978
0.0122812
0.0122654
0.0122448
0.0122333
0.0122245
0.0122185
0.0122158
0.0122162
0.0122199
0.0122266
0.0122362
0.0122481
0.0122621
0.0122775
0.0122938
0.0123103
0.0123266
0.0123418
0.0123556
0.0123672
0.0123763
0.0123825
0.0123856
0.0123854
0.0123819
0.0123752
0.0123656
0.0123534
0.0123392
0.0123235
0.0123069
0.0122901
0.0122737
0.0122584
0.012208
0.0121956
0.0121872
0.0121831
0.0121834
0.0121882
0.0121972
0.01221
0.0122262
0.0122452
0.0122662
0.0122885
0.0123111
0.0123334
0.0123543
0.0123731
0.0123892
0.0124018
0.0124105
0.0124149
0.0124148
0.0124103
0.0124015
0.0123886
0.0123723
0.0123531
0.0123318
0.0123093
0.0122863
0.0122639
0.0122428
0.012224
0.0121715
0.0121553
0.0121445
0.0121395
0.0121406
0.0121476
0.0121602
0.0121781
0.0122004
0.0122264
0.0122551
0.0122854
0.0123161
0.0123462
0.0123743
0.0123995
0.0124208
0.0124373
0.0124484
0.0124537
0.0124528
0.0124459
0.0124333
0.0124153
0.0123927
0.0123663
0.0123373
0.0123067
0.0122757
0.0122456
0.0122175
0.0121925
0.0121479
0.0121262
0.0121108
0.0121025
0.0121014
0.0121076
0.0121209
0.0121407
0.0121663
0.0121968
0.012231
0.0122676
0.0123053
0.0123426
0.0123781
0.0124104
0.0124383
0.0124606
0.0124765
0.0124853
0.0124867
0.0124806
0.0124672
0.012447
0.0124209
0.0123898
0.012355
0.0123179
0.0122799
0.0122426
0.0122072
0.0121753
0.01213
0.0121044
0.0120859
0.0120753
0.0120728
0.0120787
0.0120926
0.012114
0.0121421
0.0121758
0.012214
0.0122552
0.0122978
0.0123403
0.012381
0.0124183
0.0124509
0.0124773
0.0124966
0.0125079
0.0125108
0.0125051
0.0124911
0.0124693
0.0124405
0.0124059
0.0123669
0.012325
0.0122819
0.0122392
0.0121987
0.0121618
0.0121091
0.0120827
0.0120642
0.0120543
0.0120533
0.0120612
0.0120777
0.0121022
0.0121338
0.0121713
0.0122133
0.0122583
0.0123046
0.0123504
0.0123939
0.0124336
0.0124678
0.0124951
0.0125145
0.0125252
0.0125266
0.0125188
0.012502
0.0124769
0.0124445
0.012406
0.012363
0.0123173
0.0122706
0.0122247
0.0121814
0.0121424
0.0120964
0.0120702
0.0120522
0.0120432
0.0120434
0.0120529
0.0120713
0.0120979
0.0121317
0.0121715
0.0122157
0.0122628
0.012311
0.0123584
0.0124033
0.0124439
0.0124785
0.0125058
0.0125247
0.0125344
0.0125345
0.0125249
0.0125061
0.0124788
0.012444
0.0124032
0.012358
0.0123102
0.0122616
0.0122143
0.0121698
0.0121301
0.0121071
0.0120803
0.0120614
0.0120512
0.01205
0.0120578
0.0120744
0.0120991
0.0121309
0.0121688
0.0122113
0.0122568
0.0123037
0.0123502
0.0123944
0.0124347
0.0124695
0.0124973
0.0125171
0.012528
0.0125296
0.0125218
0.0125049
0.0124796
0.0124468
0.0124079
0.0123644
0.0123181
0.0122708
0.0122243
0.0121805
0.0121409
0.0121338
0.0121064
0.012086
0.0120735
0.0120692
0.0120734
0.0120857
0.0121059
0.012133
0.0121662
0.0122041
0.0122454
0.0122885
0.0123319
0.0123738
0.0124127
0.012447
0.0124753
0.0124966
0.0125099
0.0125147
0.0125108
0.0124983
0.0124777
0.0124498
0.0124158
0.0123769
0.0123348
0.012291
0.0122475
0.0122057
0.0121673
0.0121572
0.0121304
0.0121098
0.0120962
0.0120902
0.0120918
0.0121011
0.0121177
0.0121409
0.0121698
0.0122035
0.0122407
0.0122799
0.0123197
0.0123587
0.0123952
0.0124279
0.0124556
0.012477
0.0124913
0.012498
0.0124967
0.0124874
0.0124706
0.0124469
0.0124171
0.0123826
0.0123446
0.0123048
0.0122646
0.0122256
0.0121894
0.0121665
0.0121415
0.0121224
0.0121099
0.0121045
0.0121063
0.0121153
0.012131
0.012153
0.0121803
0.0122121
0.012247
0.0122838
0.0123211
0.0123575
0.0123916
0.0124221
0.0124477
0.0124676
0.0124807
0.0124867
0.0124852
0.0124763
0.0124604
0.012438
0.01241
0.0123775
0.0123419
0.0123045
0.0122669
0.0122304
0.0121965
0.0121609
0.0121368
0.0121188
0.0121076
0.0121036
0.0121068
0.0121172
0.0121344
0.0121576
0.0121861
0.0122188
0.0122544
0.0122916
0.012329
0.0123653
0.0123989
0.0124286
0.0124533
0.0124719
0.0124837
0.0124882
0.0124852
0.0124748
0.0124575
0.0124338
0.0124047
0.0123714
0.0123352
0.0122975
0.0122598
0.0122235
0.0121901
0.012142
0.0121153
0.0120953
0.012083
0.0120786
0.0120824
0.0120942
0.0121135
0.0121397
0.0121717
0.0122084
0.0122483
0.01229
0.012332
0.0123725
0.0124101
0.0124433
0.0124707
0.0124913
0.0125042
0.012509
0.0125054
0.0124935
0.0124738
0.0124471
0.0124144
0.012377
0.0123365
0.0122943
0.0122522
0.0122118
0.0121746
0.0121156
0.0120827
0.0120576
0.0120412
0.0120342
0.0120368
0.0120489
0.0120701
0.0120995
0.0121361
0.0121785
0.0122252
0.0122744
0.0123243
0.0123729
0.0124184
0.0124589
0.0124929
0.012519
0.0125361
0.0125436
0.0125411
0.0125287
0.0125068
0.0124765
0.0124389
0.0123955
0.012348
0.0122983
0.0122483
0.0122
0.0121553
0.0120955
0.0120568
0.0120267
0.0120063
0.0119963
0.0119971
0.0120086
0.0120304
0.0120617
0.0121015
0.0121481
0.0122001
0.0122553
0.0123118
0.0123674
0.0124199
0.0124672
0.0125075
0.0125391
0.0125607
0.0125714
0.0125708
0.0125588
0.0125359
0.0125032
0.0124618
0.0124137
0.0123605
0.0123045
0.0122479
0.0121929
0.0121414
0.0120963
0.0120568
0.0120259
0.0120046
0.0119938
0.0119938
0.0120046
0.0120257
0.0120565
0.0120959
0.0121424
0.0121943
0.0122498
0.0123067
0.0123629
0.0124162
0.0124645
0.0125057
0.0125383
0.0125609
0.0125725
0.0125727
0.0125613
0.012539
0.0125065
0.0124654
0.0124172
0.0123639
0.0123076
0.0122506
0.012195
0.0121429
0.0121154
0.0120801
0.0120527
0.0120341
0.012025
0.0120256
0.0120361
0.0120559
0.0120844
0.0121206
0.0121631
0.0122105
0.0122609
0.0123125
0.0123633
0.0124112
0.0124544
0.0124912
0.01252
0.0125397
0.0125494
0.0125487
0.0125377
0.0125168
0.0124868
0.0124491
0.0124051
0.0123567
0.0123057
0.0122542
0.012204
0.0121572
0.0121379
0.0121074
0.0120839
0.0120683
0.012061
0.0120623
0.0120722
0.0120903
0.0121161
0.0121485
0.0121864
0.0122284
0.0122729
0.0123183
0.0123627
0.0124045
0.012442
0.0124737
0.0124982
0.0125146
0.0125223
0.0125208
0.0125103
0.0124912
0.0124642
0.0124306
0.0123916
0.0123489
0.012304
0.0122588
0.012215
0.0121741
0.0121563
0.0121269
0.0121038
0.0120879
0.0120797
0.0120795
0.0120873
0.0121028
0.0121256
0.0121547
0.0121892
0.0122278
0.012269
0.0123112
0.0123528
0.0123923
0.012428
0.0124584
0.0124825
0.0124991
0.0125076
0.0125076
0.0124992
0.0124828
0.0124589
0.0124286
0.0123932
0.012354
0.0123125
0.0122705
0.0122294
0.0121908
0.0121734
0.0121415
0.0121154
0.0120959
0.0120838
0.0120796
0.0120834
0.0120951
0.0121143
0.0121403
0.0121722
0.0122088
0.0122487
0.0122904
0.0123324
0.012373
0.0124106
0.0124436
0.0124708
0.012491
0.0125035
0.0125076
0.0125033
0.0124907
0.0124705
0.0124433
0.0124105
0.0123731
0.0123328
0.0122911
0.0122496
0.0122099
0.0121881
0.0121537
0.0121245
0.0121018
0.0120862
0.0120783
0.0120785
0.0120868
0.0121028
0.0121261
0.0121558
0.0121907
0.0122297
0.0122712
0.0123137
0.0123555
0.0123949
0.0124305
0.0124607
0.0124843
0.0125004
0.0125083
0.0125077
0.0124987
0.0124817
0.0124573
0.0124266
0.0123908
0.0123513
0.0123097
0.0122675
0.0122265
0.0121897
0.0121554
0.0121264
0.0121036
0.012088
0.0120801
0.0120801
0.0120882
0.012104
0.012127
0.0121563
0.012191
0.0122297
0.0122709
0.0123131
0.0123546
0.0123938
0.0124292
0.0124593
0.0124829
0.0124991
0.0125071
0.0125067
0.0124979
0.0124811
0.012457
0.0124266
0.0123911
0.0123519
0.0123106
0.0122687
0.0122279
0.0121726
0.0121406
0.0121143
0.0120947
0.0120825
0.0120782
0.012082
0.0120938
0.012113
0.0121392
0.0121712
0.012208
0.0122482
0.0122902
0.0123325
0.0123733
0.0124111
0.0124444
0.0124718
0.0124922
0.0125047
0.0125089
0.0125046
0.0124919
0.0124716
0.0124443
0.0124112
0.0123736
0.012333
0.0122911
0.0122493
0.0122093
0.0121492
0.0121192
0.0120958
0.0120797
0.0120715
0.0120716
0.0120799
0.0120963
0.0121201
0.0121504
0.0121863
0.0122262
0.0122689
0.0123126
0.0123557
0.0123964
0.0124331
0.0124645
0.012489
0.0125058
0.0125142
0.0125137
0.0125045
0.0124871
0.012462
0.0124304
0.0123935
0.0123528
0.0123099
0.0122665
0.0122242
0.0121846
0.0121399
0.0121109
0.0120887
0.0120741
0.0120676
0.0120694
0.0120796
0.0120978
0.0121233
0.0121553
0.0121925
0.0122337
0.0122773
0.0123215
0.0123648
0.0124053
0.0124415
0.0124719
0.0124952
0.0125104
0.012517
0.0125146
0.0125035
0.0124841
0.0124571
0.0124239
0.0123856
0.0123438
0.0123001
0.0122563
0.012214
0.0121747
0.0121523
0.0121239
0.0121018
0.0120869
0.0120796
0.0120803
0.012089
0.0121053
0.0121288
0.0121585
0.0121934
0.0122322
0.0122735
0.0123157
0.0123571
0.0123961
0.0124312
0.012461
0.0124841
0.0124996
0.012507
0.0125059
0.0124963
0.0124788
0.0124541
0.0124231
0.0123872
0.0123478
0.0123063
0.0122645
0.012224
0.0121861
0.0121707
0.0121437
0.0121224
0.0121076
0.0120997
0.0120991
0.0121058
0.0121196
0.0121401
0.0121665
0.0121978
0.012233
0.0122706
0.0123093
0.0123475
0.0123837
0.0124166
0.0124448
0.012467
0.0124825
0.0124905
0.0124908
0.0124833
0.0124685
0.0124469
0.0124194
0.0123871
0.0123514
0.0123137
0.0122753
0.0122377
0.0122024
0.0121777
0.0121536
0.0121348
0.012122
0.0121158
0.0121163
0.0121235
0.0121372
0.012157
0.0121821
0.0122116
0.0122445
0.0122794
0.012315
0.0123501
0.0123831
0.0124128
0.012438
0.0124576
0.0124709
0.0124772
0.0124764
0.0124685
0.0124538
0.012433
0.0124069
0.0123766
0.0123433
0.0123083
0.0122729
0.0122385
0.0122064
0.0121752
0.0121548
0.0121397
0.0121305
0.0121275
0.0121309
0.0121405
0.012156
0.0121769
0.0122024
0.0122316
0.0122633
0.0122964
0.0123297
0.0123618
0.0123915
0.0124175
0.0124388
0.0124546
0.0124642
0.0124671
0.0124633
0.012453
0.0124366
0.0124148
0.0123884
0.0123586
0.0123265
0.0122933
0.0122604
0.012229
0.0122002
0.0121767
0.0121596
0.0121477
0.0121414
0.012141
0.0121465
0.0121576
0.0121741
0.0121953
0.0122204
0.0122485
0.0122786
0.0123096
0.0123401
0.0123692
0.0123955
0.012418
0.0124359
0.0124484
0.0124549
0.0124552
0.0124493
0.0124375
0.0124202
0.0123981
0.0123722
0.0123436
0.0123132
0.0122823
0.0122522
0.0122238
0.0121983
0.0121879
0.0121735
0.0121639
0.0121593
0.01216
0.0121659
0.0121768
0.0121923
0.0122119
0.0122348
0.0122603
0.0122873
0.0123148
0.0123419
0.0123673
0.0123901
0.0124095
0.0124245
0.0124346
0.0124394
0.0124386
0.0124324
0.0124209
0.0124046
0.0123843
0.0123607
0.0123348
0.0123076
0.0122801
0.0122534
0.0122286
0.0122065
0.0122004
0.0121889
0.0121816
0.0121788
0.0121806
0.0121868
0.0121973
0.0122117
0.0122295
0.01225
0.0122725
0.0122961
0.01232
0.0123431
0.0123647
0.0123838
0.0123997
0.0124117
0.0124193
0.0124223
0.0124205
0.0124139
0.0124029
0.0123879
0.0123695
0.0123484
0.0123256
0.0123018
0.0122781
0.0122552
0.0122342
0.0122156
0.0122015
0.0121934
0.0121894
0.0121896
0.0121939
0.0122023
0.0122144
0.0122297
0.0122478
0.0122679
0.0122894
0.0123113
0.0123329
0.0123533
0.0123718
0.0123875
0.0123999
0.0124084
0.0124128
0.0124127
0.0124082
0.0123995
0.012387
0.0123711
0.0123524
0.0123318
0.0123101
0.0122881
0.0122666
0.0122465
0.0122285
0.0122133
0.0121913
0.0121874
0.0121879
0.0121926
0.0122013
0.0122138
0.0122296
0.0122481
0.0122686
0.0122903
0.0123126
0.0123344
0.0123549
0.0123735
0.0123892
0.0124016
0.0124101
0.0124143
0.0124141
0.0124094
0.0124005
0.0123876
0.0123713
0.0123523
0.0123313
0.0123092
0.0122868
0.012265
0.0122446
0.0122264
0.0122111
0.0121992
0.0121793
0.0121806
0.0121864
0.0121966
0.0122106
0.012228
0.0122482
0.0122703
0.0122936
0.0123173
0.0123403
0.0123618
0.012381
0.0123971
0.0124095
0.0124177
0.0124214
0.0124203
0.0124146
0.0124043
0.01239
0.0123722
0.0123516
0.0123289
0.0123052
0.0122814
0.0122583
0.0122369
0.012218
0.0122022
0.0121903
0.0121825
0.0121688
0.012175
0.0121859
0.0122011
0.01222
0.0122419
0.0122661
0.0122915
0.0123173
0.0123424
0.012366
0.012387
0.0124047
0.0124184
0.0124275
0.0124317
0.0124308
0.0124247
0.0124138
0.0123984
0.0123791
0.0123568
0.0123322
0.0123064
0.0122804
0.0122552
0.0122317
0.0122109
0.0121935
0.0121802
0.0121715
0.0121676
0.0121564
0.0121658
0.0121803
0.0121993
0.012222
0.0122477
0.0122754
0.012304
0.0123324
0.0123595
0.0123844
0.0124061
0.0124236
0.0124363
0.0124437
0.0124455
0.0124416
0.0124321
0.0124175
0.0123982
0.012375
0.012349
0.012321
0.0122921
0.0122636
0.0122364
0.0122117
0.0121904
0.0121733
0.0121609
0.0121539
0.0121524
0.0121382
0.0121501
0.0121675
0.01219
0.0122165
0.0122461
0.0122777
0.0123101
0.0123421
0.0123724
0.0123999
0.0124235
0.0124422
0.0124553
0.0124624
0.012463
0.0124572
0.0124452
0.0124274
0.0124046
0.0123776
0.0123475
0.0123155
0.0122829
0.0122509
0.0122207
0.0121935
0.0121704
0.0121521
0.0121394
0.0121327
0.0121323
0.0121176
0.0121333
0.0121552
0.0121825
0.012214
0.0122487
0.0122852
0.0123222
0.0123582
0.0123919
0.0124219
0.0124472
0.0124665
0.0124793
0.0124849
0.0124831
0.012474
0.012458
0.0124356
0.0124077
0.0123756
0.0123404
0.0123034
0.0122663
0.0122303
0.0121969
0.0121674
0.0121428
0.012124
0.0121118
0.0121066
0.0121086
0.0121016
0.012124
0.0121529
0.012187
0.0122253
0.0122662
0.0123082
0.0123497
0.0123891
0.0124249
0.0124557
0.0124802
0.0124975
0.0125068
0.0125078
0.0125003
0.0124848
0.0124617
0.012432
0.012397
0.0123579
0.0123164
0.0122741
0.0122326
0.0121935
0.0121583
0.0121284
0.0121047
0.0120882
0.0120795
0.0120789
0.0120863
0.0120966
0.0121276
0.0121648
0.0122068
0.012252
0.0122988
0.0123454
0.01239
0.0124308
0.0124663
0.012495
0.0125158
0.0125277
0.0125303
0.0125235
0.0125075
0.0124829
0.0124508
0.0124125
0.0123694
0.0123234
0.0122761
0.0122296
0.0121854
0.0121454
0.012111
0.0120834
0.0120638
0.0120526
0.0120504
0.0120573
0.0120728
0.0121063
0.0121449
0.012189
0.0122369
0.0122869
0.012337
0.0123854
0.0124301
0.0124694
0.0125017
0.0125257
0.0125404
0.0125451
0.0125396
0.0125242
0.0124995
0.0124664
0.0124264
0.012381
0.0123321
0.0122817
0.0122315
0.0121837
0.01214
0.0121019
0.012071
0.0120484
0.0120347
0.0120305
0.012036
0.0120508
0.0120746
0.0121335
0.0121753
0.0122214
0.0122701
0.0123196
0.0123681
0.0124135
0.0124542
0.0124885
0.012515
0.0125325
0.0125404
0.0125384
0.0125264
0.0125049
0.012475
0.0124377
0.0123946
0.0123474
0.012298
0.0122484
0.0122004
0.0121559
0.0121164
0.0120836
0.0120584
0.012042
0.0120347
0.0120369
0.0120484
0.0120689
0.0120977
0.012174
0.0122122
0.0122534
0.0122962
0.0123388
0.0123798
0.0124173
0.0124501
0.0124767
0.012496
0.0125074
0.0125102
0.0125044
0.0124902
0.0124681
0.0124391
0.0124044
0.0123652
0.0123233
0.0122802
0.0122376
0.0121972
0.0121604
0.0121286
0.0121031
0.0120847
0.012074
0.0120716
0.0120773
0.0120911
0.0121123
0.0121403
0.012212
0.0122407
0.0122715
0.0123033
0.0123349
0.012365
0.0123926
0.0124164
0.0124357
0.0124495
0.0124574
0.012459
0.0124542
0.0124432
0.0124264
0.0124046
0.0123785
0.0123491
0.0123178
0.0122857
0.012254
0.012224
0.0121968
0.0121734
0.0121548
0.0121415
0.0121342
0.0121329
0.0121379
0.0121487
0.0121651
0.0121865
0.0122308
0.0122481
0.0122675
0.0122881
0.0123092
0.01233
0.0123497
0.0123675
0.0123828
0.0123949
0.0124034
0.0124078
0.0124081
0.0124041
0.012396
0.0123841
0.0123689
0.012351
0.0123311
0.01231
0.0122886
0.0122677
0.012248
0.0122304
0.0122156
0.0122039
0.012196
0.012192
0.0121921
0.0121963
0.0122044
0.012216
0.0122271
0.0122353
0.0122459
0.0122587
0.0122732
0.0122888
0.012305
0.0123211
0.0123364
0.0123505
0.0123627
0.0123725
0.0123796
0.0123836
0.0123843
0.0123817
0.012376
0.0123674
0.0123561
0.0123428
0.012328
0.0123121
0.0122959
0.01228
0.012265
0.0122514
0.0122397
0.0122304
0.0122238
0.0122201
0.0122194
0.0122218
0.0122124
0.0122137
0.0122183
0.012226
0.0122367
0.0122499
0.0122651
0.0122818
0.0122992
0.0123168
0.0123338
0.0123496
0.0123635
0.0123749
0.0123834
0.0123886
0.0123904
0.0123887
0.0123836
0.0123753
0.0123642
0.0123507
0.0123354
0.0123188
0.0123016
0.0122844
0.0122679
0.0122527
0.0122393
0.0122282
0.0122198
0.0122145
0.0122036
0.0121986
0.0121975
0.0122004
0.012207
0.0122173
0.0122309
0.0122471
0.0122655
0.0122853
0.0123056
0.0123259
0.0123451
0.0123625
0.0123775
0.0123895
0.012398
0.0124026
0.0124033
0.0124
0.0123928
0.0123822
0.0123684
0.0123521
0.0123339
0.0123144
0.0122944
0.0122747
0.012256
0.0122389
0.0122241
0.0122122
0.0122103
0.0121995
0.0121926
0.0121898
0.0121912
0.0121968
0.0122064
0.0122197
0.0122361
0.0122549
0.0122756
0.0122972
0.012319
0.0123399
0.0123593
0.0123764
0.0123905
0.012401
0.0124077
0.0124101
0.0124084
0.0124025
0.0123926
0.0123793
0.012363
0.0123442
0.0123239
0.0123026
0.0122813
0.0122606
0.0122414
0.0122244
0.0122278
0.0122127
0.0122009
0.012193
0.0121891
0.0121896
0.0121943
0.0122031
0.0122156
0.0122315
0.01225
0.0122704
0.012292
0.0123139
0.0123352
0.0123551
0.0123729
0.0123878
0.0123994
0.0124072
0.0124108
0.0124102
0.0124054
0.0123966
0.0123841
0.0123684
0.0123501
0.0123299
0.0123086
0.0122869
0.0122656
0.0122457
0.0122404
0.0122226
0.0122079
0.0121967
0.0121895
0.0121867
0.0121882
0.012194
0.0122039
0.0122176
0.0122344
0.0122538
0.012275
0.0122971
0.0123192
0.0123406
0.0123605
0.012378
0.0123925
0.0124035
0.0124106
0.0124134
0.0124119
0.0124062
0.0123964
0.0123829
0.0123663
0.0123471
0.0123261
0.0123041
0.0122819
0.0122604
0.0122272
0.0122083
0.012193
0.0121818
0.0121752
0.0121734
0.0121764
0.0121842
0.0121965
0.0122128
0.0122324
0.0122545
0.0122784
0.0123031
0.0123276
0.0123511
0.0123725
0.0123911
0.0124063
0.0124173
0.0124239
0.0124257
0.0124227
0.012415
0.0124029
0.0123869
0.0123675
0.0123454
0.0123216
0.012297
0.0122724
0.0122488
0.0121854
0.0121664
0.0121526
0.0121442
0.0121418
0.0121454
0.0121549
0.0121698
0.0121896
0.0122136
0.0122409
0.0122703
0.0123008
0.0123312
0.0123602
0.0123868
0.01241
0.0124289
0.0124427
0.0124509
0.0124533
0.0124496
0.0124402
0.0124252
0.0124054
0.0123814
0.0123543
0.0123249
0.0122946
0.0122643
0.0122353
0.0122086
0.0121402
0.0121213
0.0121091
0.0121038
0.0121059
0.0121152
0.0121313
0.0121537
0.0121815
0.0122138
0.0122491
0.0122863
0.0123238
0.0123602
0.0123941
0.0124241
0.012449
0.012468
0.0124802
0.0124853
0.0124829
0.0124733
0.0124568
0.012434
0.012406
0.0123736
0.0123383
0.0123014
0.0122642
0.0122282
0.0121947
0.012165
0.0121227
0.0121027
0.0120899
0.0120848
0.0120876
0.0120982
0.0121162
0.012141
0.0121717
0.012207
0.0122458
0.0122864
0.0123273
0.0123668
0.0124035
0.0124359
0.0124628
0.0124829
0.0124957
0.0125006
0.0124974
0.0124862
0.0124675
0.0124422
0.0124111
0.0123755
0.0123368
0.0122965
0.0122561
0.0122171
0.012181
0.0121491
0.0121418
0.0121193
0.0121035
0.0120949
0.0120938
0.0121003
0.0121141
0.0121348
0.0121617
0.0121935
0.0122293
0.0122676
0.0123069
0.0123458
0.0123826
0.0124159
0.0124445
0.0124672
0.0124831
0.0124917
0.0124925
0.0124856
0.0124713
0.0124501
0.0124228
0.0123907
0.0123548
0.0123166
0.0122776
0.0122392
0.0122029
0.01217
0.0121779
0.0121533
0.0121341
0.012121
0.0121145
0.012115
0.0121223
0.0121362
0.0121561
0.0121814
0.0122111
0.012244
0.0122789
0.0123145
0.0123492
0.0123819
0.0124112
0.0124361
0.0124555
0.0124687
0.0124751
0.0124746
0.0124671
0.012453
0.0124327
0.0124072
0.0123774
0.0123444
0.0123096
0.0122742
0.0122395
0.012207
0.0122115
0.0121867
0.0121662
0.0121508
0.0121409
0.0121369
0.0121391
0.0121473
0.0121612
0.0121803
0.0122038
0.012231
0.0122606
0.0122916
0.0123228
0.012353
0.012381
0.0124058
0.0124263
0.0124419
0.0124519
0.0124559
0.0124538
0.0124456
0.0124316
0.0124124
0.0123888
0.0123616
0.0123319
0.0123009
0.0122697
0.0122395
0.0122415
0.0122187
0.012199
0.0121831
0.0121716
0.012165
0.0121636
0.0121673
0.012176
0.0121894
0.012207
0.012228
0.0122518
0.0122772
0.0123035
0.0123296
0.0123544
0.0123771
0.0123968
0.0124128
0.0124243
0.012431
0.0124326
0.0124291
0.0124205
0.0124071
0.0123896
0.0123686
0.0123448
0.0123192
0.0122928
0.0122665
0.0122726
0.0122516
0.0122324
0.0122158
0.0122025
0.0121929
0.0121875
0.0121864
0.0121896
0.012197
0.0122084
0.0122232
0.0122409
0.0122608
0.0122822
0.0123042
0.0123261
0.0123469
0.012366
0.0123825
0.0123959
0.0124056
0.0124113
0.0124126
0.0124097
0.0124024
0.0123913
0.0123765
0.0123588
0.0123387
0.0123171
0.0122947
0.0122982
0.0122772
0.0122572
0.0122389
0.0122229
0.01221
0.0122005
0.0121949
0.0121933
0.0121958
0.0122023
0.0122125
0.012226
0.0122422
0.0122607
0.0122806
0.0123013
0.0123219
0.0123417
0.01236
0.012376
0.0123891
0.0123989
0.0124048
0.0124067
0.0124046
0.0123983
0.0123882
0.0123747
0.0123583
0.0123395
0.0123192
0.0123054
0.0122845
0.0122642
0.0122453
0.0122286
0.0122146
0.012204
0.0121971
0.0121941
0.0121952
0.0122002
0.0122091
0.0122214
0.0122366
0.0122542
0.0122736
0.0122939
0.0123145
0.0123346
0.0123534
0.0123702
0.0123844
0.0123953
0.0124026
0.0124059
0.0124052
0.0124004
0.0123916
0.0123793
0.0123639
0.0123459
0.0123262
0.0122926
0.0122731
0.0122547
0.012238
0.0122238
0.0122125
0.0122047
0.0122005
0.0122001
0.0122036
0.0122107
0.0122212
0.0122347
0.0122507
0.0122685
0.0122875
0.0123071
0.0123263
0.0123446
0.0123613
0.0123756
0.0123871
0.0123952
0.0123997
0.0124004
0.0123972
0.0123902
0.0123797
0.0123662
0.01235
0.0123318
0.0123125
0.0122717
0.0122554
0.0122409
0.0122287
0.0122193
0.012213
0.0122101
0.0122106
0.0122146
0.0122219
0.0122322
0.012245
0.01226
0.0122765
0.0122939
0.0123115
0.0123287
0.0123449
0.0123593
0.0123715
0.0123811
0.0123875
0.0123906
0.0123902
0.0123864
0.0123793
0.0123691
0.0123562
0.0123412
0.0123246
0.012307
0.0122891
0.0122542
0.0122432
0.0122343
0.012228
0.0122245
0.012224
0.0122264
0.0122316
0.0122396
0.0122499
0.0122621
0.0122758
0.0122905
0.0123055
0.0123203
0.0123344
0.0123472
0.0123581
0.0123669
0.0123732
0.0123767
0.0123772
0.0123749
0.0123697
0.0123619
0.0123517
0.0123395
0.0123259
0.0123113
0.0122962
0.0122813
0.0122671
0.0122458
0.0122413
0.0122391
0.0122393
0.0122419
0.0122467
0.0122537
0.0122625
0.0122728
0.0122842
0.0122963
0.0123086
0.0123205
0.0123317
0.0123416
0.01235
0.0123564
0.0123607
0.0123628
0.0123624
0.0123597
0.0123548
0.0123478
0.0123391
0.0123289
0.0123177
0.0123058
0.0122938
0.012282
0.0122709
0.0122609
0.0122524
0.0122547
0.0122558
0.0122587
0.0122633
0.0122693
0.0122766
0.0122848
0.0122938
0.012303
0.0123122
0.012321
0.012329
0.0123359
0.0123414
0.0123453
0.0123475
0.0123479
0.0123465
0.0123433
0.0123386
0.0123325
0.0123251
0.0123169
0.0123082
0.0122992
0.0122903
0.0122818
0.012274
0.0122673
0.0122618
0.0122578
0.0122554
0.0122908
0.0122937
0.0122969
0.0123004
0.0123039
0.0123074
0.0123107
0.0123137
0.0123163
0.0123183
0.0123196
0.0123202
0.0123201
0.0123192
0.0123176
0.0123153
0.0123126
0.0123094
0.012306
0.0123025
0.0122989
0.0122956
0.0122925
0.0122897
0.0122875
0.0122858
0.0122847
0.0122842
0.0122843
0.0122851
0.0122864
0.0122884
0.0123524
0.0123552
0.012356
0.0123547
0.0123515
0.0123463
0.0123394
0.0123311
0.0123215
0.0123112
0.0123004
0.0122896
0.0122791
0.0122694
0.0122608
0.0122537
0.0122484
0.0122452
0.0122441
0.0122453
0.0122487
0.0122541
0.0122613
0.0122701
0.0122801
0.0122908
0.0123019
0.0123129
0.0123233
0.0123328
0.012341
0.0123476
0.0124202
0.0124315
0.0124376
0.0124383
0.0124337
0.012424
0.0124095
0.0123909
0.0123688
0.0123441
0.0123175
0.0122902
0.0122631
0.0122371
0.0122134
0.0121928
0.0121761
0.012164
0.0121571
0.0121555
0.0121595
0.0121689
0.0121834
0.0122023
0.0122251
0.0122507
0.0122781
0.0123063
0.012334
0.0123603
0.012384
0.0124042
0.0124522
0.0124858
0.0125113
0.0125278
0.0125348
0.0125321
0.0125199
0.0124987
0.0124695
0.0124334
0.0123918
0.0123461
0.0122981
0.0122495
0.012202
0.0121575
0.0121176
0.0120838
0.0120575
0.0120396
0.012031
0.012032
0.0120427
0.0120628
0.0120916
0.0121279
0.0121704
0.0122174
0.0122671
0.0123174
0.0123663
0.0124118
0.0124216
0.0124907
0.012551
0.0125998
0.0126353
0.0126561
0.0126612
0.0126506
0.0126247
0.0125848
0.0125324
0.0124697
0.0123992
0.0123236
0.0122458
0.0121688
0.0120954
0.0120285
0.0119703
0.0119232
0.0118886
0.0118681
0.0118622
0.0118714
0.0118952
0.0119329
0.0119833
0.0120443
0.0121139
0.0121894
0.0122678
0.0123463
0.0123838
0.0124562
0.0125212
0.0125763
0.0126191
0.0126479
0.0126615
0.0126594
0.0126418
0.0126095
0.0125639
0.0125068
0.0124406
0.0123679
0.0122915
0.0122143
0.0121393
0.0120692
0.0120065
0.0119537
0.0119125
0.0118846
0.0118708
0.0118718
0.0118876
0.0119176
0.0119608
0.0120158
0.0120804
0.0121523
0.0122288
0.012307
0.0123007
0.0124057
0.012505
0.0125944
0.0126703
0.0127294
0.0127694
0.0127884
0.0127857
0.0127614
0.0127165
0.0126531
0.0125738
0.0124819
0.0123812
0.0122756
0.0121692
0.0120662
0.0119703
0.0118851
0.0118135
0.011758
0.0117207
0.0117028
0.011705
0.0117272
0.0117687
0.011828
0.0119031
0.0119913
0.0120895
0.0121939
0.0123164
0.0124075
0.0124946
0.0125743
0.0126435
0.012699
0.0127386
0.0127604
0.0127633
0.0127473
0.0127129
0.0126618
0.012596
0.0125183
0.012432
0.0123406
0.0122478
0.0121572
0.0120722
0.0119959
0.0119311
0.01188
0.0118443
0.0118253
0.0118235
0.0118391
0.0118713
0.0119191
0.0119808
0.0120541
0.0121365
0.012225
)
;
    }
    wall
    {
        type            calculated;
        value           uniform 0;
    }
}


// ************************************************************************* //
