 Container myopenfoam-fsi-run-5377c2c5194d Creating 
 Container myopenfoam-fsi-run-5377c2c5194d Created 
=== on-caso-2 (CCX): polyMesh -> CalculiX .inp ===
[1/5] Lendo polyMesh em ../solid/constant/polyMesh
      nodes=3493, faces=8940, cells=2736, patches=12, zones=['on', 'pia', 'dura', 'lc', 'sclera_peri', 'sclera_ring', 'globo']
[2/5] Reconstruindo conectividade C3D8 (2736 celulas)
      OK
[3/5] Escrevendo malha em on-caso-2_mesh.inp
[4/5] Escrevendo Winkler em on-caso-2_winkler.inp
[5/5] Concluido. Total: 3493 nodes, 2736 hex C3D8I.
=== on-caso-2 (CCX): solver ccx_preCICE -i on-caso-2 ===

************************************************************

CalculiX Version 2.20, Copyright(C) 1998-2022 Guido Dhondt
CalculiX comes with ABSOLUTELY NO WARRANTY. This is free
software, and you are welcome to redistribute it under
certain conditions, see gpl.htm

************************************************************

You are using an executable made on Sun Jul 31 18:08:37 CEST 2022

  The numbers below are estimated upper bounds

  number of:

   nodes:        11950
   elements:         2985
   one-dimensional elements:            0
   two-dimensional elements:            0
   integration points per element:            8
   degrees of freedom per node:            3
   layers per element:            1

   distributed facial loads:          480
   distributed volumetric loads:            0
   concentrated loads:           24
   single point constraints:         2625
   multiple point constraints:            1
   terms in all multiple point constraints:            1
   tie constraints:            0
   dependent nodes tied by cyclic constraints:            0
   dependent nodes in pre-tension constraints:            0

   sets:          284
   terms in all sets:        13426

   materials:          256
   constants per material and temperature:            2
   temperature points per material:            1
   plastic data points per material:            0

   orientations:            0
   amplitudes:            7
   data points in all amplitudes:           10
   print requests:            8
   transformations:            0
   property cards:            0

 *INFO reading *HYPERELASTIC: nonlinear geometric
       effects are turned on

 *INFO reading *HYPERELASTIC: nonlinear geometric
       effects are turned on

 *INFO reading *HYPERELASTIC: nonlinear geometric
       effects are turned on

 *INFO reading *HYPERELASTIC: nonlinear geometric
       effects are turned on

 *INFO reading *HYPERELASTIC: nonlinear geometric
       effects are turned on

 *INFO reading *HYPERELASTIC: nonlinear geometric
       effects are turned on

 *INFO reading *HYPERELASTIC: nonlinear geometric
       effects are turned on

 *INFO reading *STEP: nonlinear geometric
       effects are turned on

 *WARNING reading *STATIC: parameter not recognized:
          RIKS
 *WARNING reading *STATIC. Card image:
          *STATIC,RIKS


 STEP            1

 Static analysis was selected

 Nonlinear material laws are taken into account

 Newton-Raphson iterative procedure is active

 Nonlinear geometric effects are taken into account

 Decascading the MPC's

 Determining the structure of the matrix:
 Using up to 1 cpu(s) for setting up the structure of the matrix.
 number of equations
 33297
 number of nonzero lower triangular matrix elements
 918879

 increment 1 attempt 1 
 increment size= 2.500000e-02
 sum of previous increments=0.000000e+00
 actual step time=2.500000e-02
 actual total time=2.500000e-02

 iteration 1

 Using up to 1 cpu(s) for the stress calculation.

 Using up to 1 cpu(s) for the symmetric stiffness/mass contributions.

 Factoring the system of equations using the symmetric spooles solver
 Using up to 1 cpu(s) for spooles.

 Using up to 1 cpu(s) for the stress calculation.

 average force= 0.000063
 time avg. forc= 0.000063
 largest residual force= 0.010077 in node 2429 and dof 1
 largest increment of disp= 3.595665e-05
 largest correction to disp= 3.595665e-05 in node 2510 and dof 3

 no convergence

 iteration 2

 Using up to 1 cpu(s) for the symmetric stiffness/mass contributions.

 Factoring the system of equations using the symmetric spooles solver
 Using up to 1 cpu(s) for spooles.

 Using up to 1 cpu(s) for the stress calculation.

 average force= 0.000020
 time avg. forc= 0.000020
 largest residual force= 0.000025 in node 1985 and dof 2
 largest increment of disp= 3.595665e-05
 largest correction to disp= 1.201050e-06 in node 1954 and dof 1

 no convergence

 iteration 3

 Using up to 1 cpu(s) for the symmetric stiffness/mass contributions.

 Factoring the system of equations using the symmetric spooles solver
 Using up to 1 cpu(s) for spooles.

 Using up to 1 cpu(s) for the stress calculation.

 average force= 0.000020
 time avg. forc= 0.000020
 largest residual force= 0.000012 in node 1985 and dof 2
 largest increment of disp= 3.595665e-05
 largest correction to disp= 6.992007e-07 in node 1975 and dof 1

 no convergence

 iteration 4

 Using up to 1 cpu(s) for the symmetric stiffness/mass contributions.

 Factoring the system of equations using the symmetric spooles solver
 Using up to 1 cpu(s) for spooles.

 Using up to 1 cpu(s) for the stress calculation.

 average force= 0.000020
 time avg. forc= 0.000020
 largest residual force= 0.000000 in node 1967 and dof 1
 largest increment of disp= 3.595665e-05
 largest correction to disp= 3.234150e-09 in node 2569 and dof 2

 convergence

 increment 2 attempt 1 
 increment size= 2.500000e-02
 sum of previous increments=2.500000e-02
 actual step time=5.000000e-02
 actual total time=5.000000e-02

 iteration 1

 Using up to 1 cpu(s) for the stress calculation.

 Using up to 1 cpu(s) for the symmetric stiffness/mass contributions.

 Factoring the system of equations using the symmetric spooles solver
 Using up to 1 cpu(s) for spooles.

 Using up to 1 cpu(s) for the stress calculation.

 average force= 0.000041
 time avg. forc= 0.000030
 largest residual force= 0.000017 in node 2234 and dof 2
 largest increment of disp= 3.565014e-05
 largest correction to disp= 8.308852e-07 in node 2422 and dof 1

 no convergence

 iteration 2

 Using up to 1 cpu(s) for the symmetric stiffness/mass contributions.

 Factoring the system of equations using the symmetric spooles solver
 Using up to 1 cpu(s) for spooles.

 Using up to 1 cpu(s) for the stress calculation.

 average force= 0.000041
 time avg. forc= 0.000030
 largest residual force= 0.000012 in node 2414 and dof 2
 largest increment of disp= 3.565014e-05
 largest correction to disp= 6.489775e-07 in node 1975 and dof 1

 no convergence

 iteration 3

 Using up to 1 cpu(s) for the symmetric stiffness/mass contributions.

 Factoring the system of equations using the symmetric spooles solver
 Using up to 1 cpu(s) for spooles.

 Using up to 1 cpu(s) for the stress calculation.

 average force= 0.000041
 time avg. forc= 0.000030
 largest residual force= 0.000000 in node 1967 and dof 1
 largest increment of disp= 3.565014e-05
 largest correction to disp= 8.241187e-09 in node 1975 and dof 1

 convergence; the increment size is increased to 3.750000e-02

 increment 3 attempt 1 
 increment size= 3.750000e-02
 sum of previous increments=5.000000e-02
 actual step time=8.750000e-02
 actual total time=8.750000e-02

 iteration 1

 Using up to 1 cpu(s) for the stress calculation.

 Using up to 1 cpu(s) for the symmetric stiffness/mass contributions.

 Factoring the system of equations using the symmetric spooles solver
 Using up to 1 cpu(s) for spooles.

 Using up to 1 cpu(s) for the stress calculation.

 average force= 0.000072
 time avg. forc= 0.000044
 largest residual force= 0.000026 in node 2234 and dof 2
 largest increment of disp= 5.339962e-05
 largest correction to disp= 8.794126e-07 in node 2422 and dof 1

 no convergence

 iteration 2

 Using up to 1 cpu(s) for the symmetric stiffness/mass contributions.

 Factoring the system of equations using the symmetric spooles solver
 Using up to 1 cpu(s) for spooles.

 Using up to 1 cpu(s) for the stress calculation.

 average force= 0.000072
 time avg. forc= 0.000044
 largest residual force= 0.000037 in node 1949 and dof 1
 largest increment of disp= 5.339962e-05
 largest correction to disp= 1.134863e-06 in node 1975 and dof 1

 no convergence

 iteration 3

 Using up to 1 cpu(s) for the symmetric stiffness/mass contributions.

 Factoring the system of equations using the symmetric spooles solver
 Using up to 1 cpu(s) for spooles.

 Using up to 1 cpu(s) for the stress calculation.

 average force= 0.000072
 time avg. forc= 0.000044
 largest residual force= 0.000000 in node 1985 and dof 1
 largest increment of disp= 5.339962e-05
 largest correction to disp= 2.440825e-08 in node 2569 and dof 2

 convergence; the increment size is increased to 5.625000e-02

 the increment size exceeds the maximum allowed and is decreased to 5.000000e-02

 increment 4 attempt 1 
 increment size= 5.000000e-02
 sum of previous increments=8.750000e-02
 actual step time=1.375000e-01
 actual total time=1.375000e-01

 iteration 1

 Using up to 1 cpu(s) for the stress calculation.

 Using up to 1 cpu(s) for the symmetric stiffness/mass contributions.

 Factoring the system of equations using the symmetric spooles solver
 Using up to 1 cpu(s) for spooles.

 Using up to 1 cpu(s) for the stress calculation.

 average force= 0.000115
 time avg. forc= 0.000062
 largest residual force= 0.000105 in node 1783 and dof 1
 largest increment of disp= 7.111752e-05
 largest correction to disp= 1.709441e-06 in node 8180 and dof 1

 no convergence

 iteration 2

 Using up to 1 cpu(s) for the symmetric stiffness/mass contributions.

 Factoring the system of equations using the symmetric spooles solver
 Using up to 1 cpu(s) for spooles.

 Using up to 1 cpu(s) for the stress calculation.

 average force= 0.000115
 time avg. forc= 0.000062
 largest residual force= 0.000136 in node 1961 and dof 1
 largest increment of disp= 7.111752e-05
 largest correction to disp= 2.200584e-06 in node 1975 and dof 1

 no convergence

 iteration 3

 Using up to 1 cpu(s) for the symmetric stiffness/mass contributions.

 Factoring the system of equations using the symmetric spooles solver
 Using up to 1 cpu(s) for spooles.

 Using up to 1 cpu(s) for the stress calculation.

 average force= 0.000115
 time avg. forc= 0.000062
 largest residual force= 0.000000 in node 1982 and dof 1
 largest increment of disp= 7.111752e-05
 largest correction to disp= 7.183107e-08 in node 2188 and dof 2

 convergence; the increment size is increased to 7.500000e-02

 the increment size exceeds the maximum allowed and is decreased to 5.000000e-02

 increment 5 attempt 1 
 increment size= 5.000000e-02
 sum of previous increments=1.375000e-01
 actual step time=1.875000e-01
 actual total time=1.875000e-01

 iteration 1

 Using up to 1 cpu(s) for the stress calculation.

 Using up to 1 cpu(s) for the symmetric stiffness/mass contributions.

 Factoring the system of equations using the symmetric spooles solver
 Using up to 1 cpu(s) for spooles.

 Using up to 1 cpu(s) for the stress calculation.

 average force= 0.000163
 time avg. forc= 0.000082
 largest residual force= 0.001819 in node 1783 and dof 1
 largest increment of disp= 7.101648e-05
 largest correction to disp= 7.077634e-06 in node 8195 and dof 1

 no convergence

 iteration 2

 Using up to 1 cpu(s) for the symmetric stiffness/mass contributions.

 Factoring the system of equations using the symmetric spooles solver
 Using up to 1 cpu(s) for spooles.

 Using up to 1 cpu(s) for the stress calculation.

 average force= 0.000162
 time avg. forc= 0.000082
 largest residual force= 0.000698 in node 1783 and dof 1
 largest increment of disp= 7.101648e-05
 largest correction to disp= 4.384175e-06 in node 8177 and dof 1

 no convergence

 iteration 3

 Using up to 1 cpu(s) for the symmetric stiffness/mass contributions.

 Factoring the system of equations using the symmetric spooles solver
 Using up to 1 cpu(s) for spooles.

 Using up to 1 cpu(s) for the stress calculation.

 average force= 0.000161
 time avg. forc= 0.000082
 largest residual force= 0.000513 in node 1783 and dof 1
 largest increment of disp= 7.101648e-05
 largest correction to disp= 3.768195e-06 in node 8177 and dof 1

 no convergence

 iteration 4

 Using up to 1 cpu(s) for the symmetric stiffness/mass contributions.

 Factoring the system of equations using the symmetric spooles solver
 Using up to 1 cpu(s) for spooles.

 Using up to 1 cpu(s) for the stress calculation.

 average force= 0.000161
 time avg. forc= 0.000082
 largest residual force= 0.000041 in node 1783 and dof 1
 largest increment of disp= 7.101648e-05
 largest correction to disp= 1.070799e-06 in node 8177 and dof 1

 no convergence

 iteration 5

 Using up to 1 cpu(s) for the symmetric stiffness/mass contributions.

 Factoring the system of equations using the symmetric spooles solver
 Using up to 1 cpu(s) for spooles.

 Using up to 1 cpu(s) for the stress calculation.

 average force= 0.000161
 time avg. forc= 0.000082
 largest residual force= 0.000001 in node 1783 and dof 1
 largest increment of disp= 7.101648e-05
 largest correction to disp= 1.686026e-07 in node 8177 and dof 1

 no convergence

 iteration 6

 Using up to 1 cpu(s) for the symmetric stiffness/mass contributions.

 Factoring the system of equations using the symmetric spooles solver
 Using up to 1 cpu(s) for spooles.

 Using up to 1 cpu(s) for the stress calculation.

 average force= 0.000161
 time avg. forc= 0.000082
 largest residual force= 0.000000 in node 1783 and dof 1
 largest increment of disp= 7.101648e-05
 largest correction to disp= 2.115089e-09 in node 8177 and dof 1

 convergence

 Using up to 1 cpu(s) for the stress calculation.

 increment 6 attempt 1 
 increment size= 5.000000e-02
 sum of previous increments=1.875000e-01
 actual step time=2.375000e-01
 actual total time=2.375000e-01

 iteration 1

 Using up to 1 cpu(s) for the stress calculation.

 Using up to 1 cpu(s) for the symmetric stiffness/mass contributions.

 Factoring the system of equations using the symmetric spooles solver
 Using up to 1 cpu(s) for spooles.

 Using up to 1 cpu(s) for the stress calculation.

 average force= 0.000220
 time avg. forc= 0.000105
 largest residual force= 0.006732 in node 1783 and dof 1
 largest increment of disp= 7.093407e-05
 largest correction to disp= 1.368802e-05 in node 8180 and dof 1

 no convergence

 iteration 2

 Using up to 1 cpu(s) for the symmetric stiffness/mass contributions.

 Factoring the system of equations using the symmetric spooles solver
 Using up to 1 cpu(s) for spooles.

 Using up to 1 cpu(s) for the stress calculation.

 average force= 0.000565
 time avg. forc= 0.000162
 largest residual force= 0.083259 in node 2060 and dof 1
 largest increment of disp= 7.093407e-05
 largest correction to disp= 3.818110e-05 in node 8688 and dof 1

 no convergence

 iteration 3

 Using up to 1 cpu(s) for the symmetric stiffness/mass contributions.

 Factoring the system of equations using the symmetric spooles solver
 Using up to 1 cpu(s) for spooles.

 Using up to 1 cpu(s) for the stress calculation.

 average force= 0.000238
 time avg. forc= 0.000108
 largest residual force= 0.004045 in node 1783 and dof 1
 largest increment of disp= 7.093407e-05
 largest correction to disp= 1.058645e-05 in node 8177 and dof 1

 no convergence

 iteration 4

 Using up to 1 cpu(s) for the symmetric stiffness/mass contributions.

 Factoring the system of equations using the symmetric spooles solver
 Using up to 1 cpu(s) for spooles.

 Using up to 1 cpu(s) for the stress calculation.

 average force= 0.000246
 time avg. forc= 0.000109
 largest residual force= 0.012363 in node 2060 and dof 1
 largest increment of disp= 7.093407e-05
 largest correction to disp= 1.490209e-05 in node 8694 and dof 1

 no convergence

 iteration 5

 Using up to 1 cpu(s) for the symmetric stiffness/mass contributions.

 Factoring the system of equations using the symmetric spooles solver
 Using up to 1 cpu(s) for spooles.

 Using up to 1 cpu(s) for the stress calculation.

 average force= 0.000214
 time avg. forc= 0.000104
 largest residual force= 0.000507 in node 1783 and dof 1
 largest increment of disp= 7.093407e-05
 largest correction to disp= 3.751864e-06 in node 8180 and dof 1

 no convergence

 iteration 6

 Using up to 1 cpu(s) for the symmetric stiffness/mass contributions.

 Factoring the system of equations using the symmetric spooles solver
 Using up to 1 cpu(s) for spooles.

 Using up to 1 cpu(s) for the stress calculation.

 average force= 0.000218
 time avg. forc= 0.000104
 largest residual force= 0.001194 in node 2060 and dof 1
 largest increment of disp= 7.093407e-05
 largest correction to disp= 4.712540e-06 in node 8694 and dof 1

 no convergence

 iteration 7

 Using up to 1 cpu(s) for the symmetric stiffness/mass contributions.

 Factoring the system of equations using the symmetric spooles solver
 Using up to 1 cpu(s) for spooles.

 Using up to 1 cpu(s) for the stress calculation.

 average force= 0.000218
 time avg. forc= 0.000104
 largest residual force= 0.000000 in node 2037 and dof 1
 largest increment of disp= 7.093407e-05
 largest correction to disp= 1.201617e-07 in node 8688 and dof 1

 convergence

 increment 7 attempt 1 
 increment size= 5.000000e-02
 sum of previous increments=2.375000e-01
 actual step time=2.875000e-01
 actual total time=2.875000e-01

 iteration 1

 Using up to 1 cpu(s) for the stress calculation.

 Using up to 1 cpu(s) for the symmetric stiffness/mass contributions.

 Factoring the system of equations using the symmetric spooles solver
 Using up to 1 cpu(s) for spooles.

 Using up to 1 cpu(s) for the stress calculation.

 average force= 0.000307
 time avg. forc= 0.000133
 largest residual force= 0.006160 in node 1783 and dof 1
 largest increment of disp= 7.087096e-05
 largest correction to disp= 1.294725e-05 in node 8180 and dof 1

 no convergence

 iteration 2

 Using up to 1 cpu(s) for the symmetric stiffness/mass contributions.

 Factoring the system of equations using the symmetric spooles solver
 Using up to 1 cpu(s) for spooles.

 Using up to 1 cpu(s) for the stress calculation.

 average force= 0.002151
 time avg. forc= 0.000397
 largest residual force= 0.297380 in node 2016 and dof 1
 largest increment of disp= 7.449753e-05
 largest correction to disp= 7.449753e-05 in node 8688 and dof 1

 no convergence

 iteration 3

 Using up to 1 cpu(s) for the symmetric stiffness/mass contributions.

 Factoring the system of equations using the symmetric spooles solver
 Using up to 1 cpu(s) for spooles.

 Using up to 1 cpu(s) for the stress calculation.

 average force= 0.000328
 time avg. forc= 0.000136
 largest residual force= 0.018521 in node 1777 and dof 1
 largest increment of disp= 7.449753e-05
 largest correction to disp= 2.257886e-05 in node 8177 and dof 1

 no convergence

 iteration 4

 Using up to 1 cpu(s) for the symmetric stiffness/mass contributions.

 Factoring the system of equations using the symmetric spooles solver
 Using up to 1 cpu(s) for spooles.

 Using up to 1 cpu(s) for the stress calculation.

 average force= 0.001999
 time avg. forc= 0.000375
 largest residual force= 0.716367 in node 2039 and dof 1
 largest increment of disp= 1.128947e-04
 largest correction to disp= 1.128947e-04 in node 8688 and dof 1

 no convergence

 iteration 5

 Using up to 1 cpu(s) for the symmetric stiffness/mass contributions.

 Factoring the system of equations using the symmetric spooles solver
 Using up to 1 cpu(s) for spooles.

 Using up to 1 cpu(s) for the stress calculation.

 average force= 0.000331
 time avg. forc= 0.000137
 largest residual force= 0.002804 in node 1641 and dof 1
 largest increment of disp= 1.128947e-04
 largest correction to disp= 8.759674e-06 in node 7817 and dof 1

 no convergence

 iteration 6

 Using up to 1 cpu(s) for the symmetric stiffness/mass contributions.

 Factoring the system of equations using the symmetric spooles solver
 Using up to 1 cpu(s) for spooles.

 Using up to 1 cpu(s) for the stress calculation.

 average force= 0.000341
 time avg. forc= 0.000138
 largest residual force= 0.017400 in node 2039 and dof 1
 largest increment of disp= 1.128947e-04
 largest correction to disp= 1.709042e-05 in node 8732 and dof 1

 no convergence

 iteration 7

 Using up to 1 cpu(s) for the symmetric stiffness/mass contributions.

 Factoring the system of equations using the symmetric spooles solver
 Using up to 1 cpu(s) for spooles.

 Using up to 1 cpu(s) for the stress calculation.

 average force= 0.000325
 time avg. forc= 0.000136
 largest residual force= 0.007565 in node 1777 and dof 1
 largest increment of disp= 1.128947e-04
 largest correction to disp= 1.441167e-05 in node 8180 and dof 1

 divergence; the increment size is decreased to 1.250000e-02
 the increment is reattempted

 increment 7 attempt 2 
 increment size= 1.250000e-02
 sum of previous increments=2.375000e-01
 actual step time=2.500000e-01
 actual total time=2.500000e-01

 iteration 1

 Using up to 1 cpu(s) for the stress calculation.

 Using up to 1 cpu(s) for the symmetric stiffness/mass contributions.

 Factoring the system of equations using the symmetric spooles solver
 Using up to 1 cpu(s) for spooles.

 Using up to 1 cpu(s) for the stress calculation.

 average force= 0.000301
 time avg. forc= 0.000133
 largest residual force= 0.016674 in node 2615 and dof 2
 largest increment of disp= 1.771774e-05
 largest correction to disp= 1.751936e-05 in node 8694 and dof 1

 no convergence

 iteration 2

 Using up to 1 cpu(s) for the symmetric stiffness/mass contributions.

 Factoring the system of equations using the symmetric spooles solver
 Using up to 1 cpu(s) for spooles.

 Using up to 1 cpu(s) for the stress calculation.

 average force= 0.000274
 time avg. forc= 0.000129
 largest residual force= 0.005289 in node 2039 and dof 1
 largest increment of disp= 1.771774e-05
 largest correction to disp= 9.543731e-06 in node 8732 and dof 1

 no convergence

 iteration 3

 Using up to 1 cpu(s) for the symmetric stiffness/mass contributions.

 Factoring the system of equations using the symmetric spooles solver
 Using up to 1 cpu(s) for spooles.

 Using up to 1 cpu(s) for the stress calculation.

 average force= 0.001294
 time avg. forc= 0.000274
 largest residual force= 0.156352 in node 2615 and dof 2
 largest increment of disp= 5.218340e-05
 largest correction to disp= 5.218340e-05 in node 9776 and dof 2

 no convergence

 iteration 4

 Using up to 1 cpu(s) for the symmetric stiffness/mass contributions.

 Factoring the system of equations using the symmetric spooles solver
 Using up to 1 cpu(s) for spooles.

 Using up to 1 cpu(s) for the stress calculation.

 average force= 0.000361
 time avg. forc= 0.000141
 largest residual force= 0.000144 in node 2615 and dof 2
 largest increment of disp= 5.218340e-05
 largest correction to disp= 2.960781e-06 in node 1976 and dof 3

 no convergence

 iteration 5

 Using up to 1 cpu(s) for the symmetric stiffness/mass contributions.

 Factoring the system of equations using the symmetric spooles solver
 Using up to 1 cpu(s) for spooles.

 Using up to 1 cpu(s) for the stress calculation.

 average force= 0.000349
 time avg. forc= 0.000139
 largest residual force= 0.003252 in node 2246 and dof 2
 largest increment of disp= 5.218340e-05
 largest correction to disp= 7.496921e-06 in node 9092 and dof 2

 no convergence

 iteration 6

 Using up to 1 cpu(s) for the symmetric stiffness/mass contributions.

 Factoring the system of equations using the symmetric spooles solver
 Using up to 1 cpu(s) for spooles.

 Using up to 1 cpu(s) for the stress calculation.

 average force= 0.000347
 time avg. forc= 0.000139
 largest residual force= 0.000042 in node 2459 and dof 1
 largest increment of disp= 5.218340e-05
 largest correction to disp= 8.478102e-07 in node 9414 and dof 1

 no convergence

 iteration 7

 Using up to 1 cpu(s) for the symmetric stiffness/mass contributions.

 Factoring the system of equations using the symmetric spooles solver
 Using up to 1 cpu(s) for spooles.

 Using up to 1 cpu(s) for the stress calculation.

 average force= 0.000346
 time avg. forc= 0.000139
 largest residual force= 0.000007 in node 2459 and dof 1
 largest increment of disp= 5.218340e-05
 largest correction to disp= 3.581040e-07 in node 9414 and dof 1

 no convergence

 iteration 8

 Using up to 1 cpu(s) for the symmetric stiffness/mass contributions.

 Factoring the system of equations using the symmetric spooles solver
 Using up to 1 cpu(s) for spooles.

 Using up to 1 cpu(s) for the stress calculation.

 average force= 0.000346
 time avg. forc= 0.000139
 largest residual force= 0.000000 in node 2459 and dof 1
 largest increment of disp= 5.218340e-05
 largest correction to disp= 3.742024e-09 in node 9444 and dof 1

 convergence

 increment 8 attempt 1 
 increment size= 1.250000e-02
 sum of previous increments=2.500000e-01
 actual step time=2.625000e-01
 actual total time=2.625000e-01

 iteration 1

 Using up to 1 cpu(s) for the stress calculation.

 Using up to 1 cpu(s) for the symmetric stiffness/mass contributions.

 Factoring the system of equations using the symmetric spooles solver
 Using up to 1 cpu(s) for spooles.

 Using up to 1 cpu(s) for the stress calculation.

 average force= 0.000474
 time avg. forc= 0.000181
 largest residual force= 0.002117 in node 2060 and dof 1
 largest increment of disp= 7.621251e-05
 largest correction to disp= 1.130118e-05 in node 1976 and dof 3

 no convergence

 iteration 2

 Using up to 1 cpu(s) for the symmetric stiffness/mass contributions.

 Factoring the system of equations using the symmetric spooles solver
 Using up to 1 cpu(s) for spooles.

 Using up to 1 cpu(s) for the stress calculation.

 average force= 0.000677
 time avg. forc= 0.000206
 largest residual force= 0.059690 in node 2037 and dof 1
 largest increment of disp= 7.621251e-05
 largest correction to disp= 3.324066e-05 in node 8694 and dof 1

 no convergence

 iteration 3

 Using up to 1 cpu(s) for the symmetric stiffness/mass contributions.

 Factoring the system of equations using the symmetric spooles solver
 Using up to 1 cpu(s) for spooles.

 Using up to 1 cpu(s) for the stress calculation.

 average force= 0.000413
 time avg. forc= 0.000173
 largest residual force= 0.001234 in node 2016 and dof 1
 largest increment of disp= 7.621251e-05
 largest correction to disp= 4.797181e-06 in node 8688 and dof 1

 no convergence

 iteration 4

 Using up to 1 cpu(s) for the symmetric stiffness/mass contributions.

 Factoring the system of equations using the symmetric spooles solver
 Using up to 1 cpu(s) for spooles.

 Using up to 1 cpu(s) for the stress calculation.

 average force= 0.000401
 time avg. forc= 0.000172
 largest residual force= 0.008781 in node 2037 and dof 1
 largest increment of disp= 7.621251e-05
 largest correction to disp= 1.270683e-05 in node 8694 and dof 1

 no convergence

 iteration 5

 Using up to 1 cpu(s) for the symmetric stiffness/mass contributions.

 Factoring the system of equations using the symmetric spooles solver
 Using up to 1 cpu(s) for spooles.

 Using up to 1 cpu(s) for the stress calculation.

 average force= 0.000392
 time avg. forc= 0.000171
 largest residual force= 0.000227 in node 2037 and dof 1
 largest increment of disp= 7.621251e-05
 largest correction to disp= 2.057693e-06 in node 8688 and dof 1

 no convergence

 iteration 6

 Using up to 1 cpu(s) for the symmetric stiffness/mass contributions.

 Factoring the system of equations using the symmetric spooles solver
 Using up to 1 cpu(s) for spooles.

 Using up to 1 cpu(s) for the stress calculation.

 average force= 0.000391
 time avg. forc= 0.000170
 largest residual force= 0.000070 in node 2037 and dof 1
 largest increment of disp= 7.621251e-05
 largest correction to disp= 1.130346e-06 in node 8694 and dof 1

 no convergence

 iteration 7

 Using up to 1 cpu(s) for the symmetric stiffness/mass contributions.

 Factoring the system of equations using the symmetric spooles solver
 Using up to 1 cpu(s) for spooles.

 Using up to 1 cpu(s) for the stress calculation.

 average force= 0.000390
 time avg. forc= 0.000170
 largest residual force= 0.000000 in node 2016 and dof 1
 largest increment of disp= 7.621251e-05
 largest correction to disp= 3.230052e-08 in node 8688 and dof 1

 convergence

 increment 9 attempt 1 
 increment size= 1.250000e-02
 sum of previous increments=2.625000e-01
 actual step time=2.750000e-01
 actual total time=2.750000e-01

 iteration 1

 Using up to 1 cpu(s) for the stress calculation.

 Using up to 1 cpu(s) for the symmetric stiffness/mass contributions.

 Factoring the system of equations using the symmetric spooles solver
 Using up to 1 cpu(s) for spooles.

 Using up to 1 cpu(s) for the stress calculation.

 average force= 0.000432
 time avg. forc= 0.000199
 largest residual force= 0.000260 in node 1717 and dof 2
 largest increment of disp= 1.991164e-05
 largest correction to disp= 2.669356e-06 in node 8360 and dof 2

 no convergence

 iteration 2

 Using up to 1 cpu(s) for the symmetric stiffness/mass contributions.

 Factoring the system of equations using the symmetric spooles solver
 Using up to 1 cpu(s) for spooles.

 Using up to 1 cpu(s) for the stress calculation.

 average force= 0.000428
 time avg. forc= 0.000199
 largest residual force= 0.000354 in node 2615 and dof 2
 largest increment of disp= 1.991164e-05
 largest correction to disp= 2.462563e-06 in node 9770 and dof 2

 no convergence

 iteration 3

 Using up to 1 cpu(s) for the symmetric stiffness/mass contributions.

 Factoring the system of equations using the symmetric spooles solver
 Using up to 1 cpu(s) for spooles.

 Using up to 1 cpu(s) for the stress calculation.

 average force= 0.000428
 time avg. forc= 0.000199
 largest residual force= 0.000000 in node 2615 and dof 2
 largest increment of disp= 1.991164e-05
 largest correction to disp= 8.426293e-08 in node 9056 and dof 2

 convergence

 increment 10 attempt 1 
 increment size= 1.250000e-02
 sum of previous increments=2.750000e-01
 actual step time=2.875000e-01
 actual total time=2.875000e-01

 iteration 1

 Using up to 1 cpu(s) for the stress calculation.

 Using up to 1 cpu(s) for the symmetric stiffness/mass contributions.

 Factoring the system of equations using the symmetric spooles solver
 Using up to 1 cpu(s) for spooles.

 Using up to 1 cpu(s) for the stress calculation.

 average force= 0.000509
 time avg. forc= 0.000230
 largest residual force= 0.023482 in node 1837 and dof 2
 largest increment of disp= 2.542009e-05
 largest correction to disp= 2.542009e-05 in node 7997 and dof 2

 no convergence

 iteration 2

 Using up to 1 cpu(s) for the symmetric stiffness/mass contributions.

 Factoring the system of equations using the symmetric spooles solver
 Using up to 1 cpu(s) for spooles.

 Using up to 1 cpu(s) for the stress calculation.

 average force= 0.000467
 time avg. forc= 0.000226
 largest residual force= 0.000091 in node 2243 and dof 2
 largest increment of disp= 2.542009e-05
 largest correction to disp= 1.261098e-06 in node 9056 and dof 2

 no convergence

 iteration 3

 Using up to 1 cpu(s) for the symmetric stiffness/mass contributions.

 Factoring the system of equations using the symmetric spooles solver
 Using up to 1 cpu(s) for spooles.

 Using up to 1 cpu(s) for the stress calculation.

 average force= 0.000467
 time avg. forc= 0.000226
 largest residual force= 0.000150 in node 1783 and dof 1
 largest increment of disp= 2.542009e-05
 largest correction to disp= 2.030759e-06 in node 8180 and dof 1

 no convergence

 iteration 4

 Using up to 1 cpu(s) for the symmetric stiffness/mass contributions.

 Factoring the system of equations using the symmetric spooles solver
 Using up to 1 cpu(s) for spooles.

 Using up to 1 cpu(s) for the stress calculation.

 average force= 0.000467
 time avg. forc= 0.000226
 largest residual force= 0.000000 in node 1711 and dof 2
 largest increment of disp= 2.542009e-05
 largest correction to disp= 6.711575e-08 in node 8000 and dof 2

 convergence; the increment size is increased to 1.875000e-02

 Using up to 1 cpu(s) for the stress calculation.

 increment 11 attempt 1 
 increment size= 1.875000e-02
 sum of previous increments=2.875000e-01
 actual step time=3.062500e-01
 actual total time=3.062500e-01

 iteration 1

 Using up to 1 cpu(s) for the stress calculation.

 Using up to 1 cpu(s) for the symmetric stiffness/mass contributions.

 Factoring the system of equations using the symmetric spooles solver
 Using up to 1 cpu(s) for spooles.

 Using up to 1 cpu(s) for the stress calculation.

 average force= 0.000529
 time avg. forc= 0.000253
 largest residual force= 0.000101 in node 1717 and dof 2
 largest increment of disp= 4.609138e-05
 largest correction to disp= 3.056935e-06 in node 5223 and dof 1

 no convergence

 iteration 2

 Using up to 1 cpu(s) for the symmetric stiffness/mass contributions.

 Factoring the system of equations using the symmetric spooles solver
 Using up to 1 cpu(s) for spooles.

 Using up to 1 cpu(s) for the stress calculation.

 average force= 0.000525
 time avg. forc= 0.000253
 largest residual force= 0.000678 in node 1777 and dof 1
 largest increment of disp= 4.609138e-05
 largest correction to disp= 4.346500e-06 in node 8180 and dof 1

 no convergence

 iteration 3

 Using up to 1 cpu(s) for the symmetric stiffness/mass contributions.

 Factoring the system of equations using the symmetric spooles solver
 Using up to 1 cpu(s) for spooles.

 Using up to 1 cpu(s) for the stress calculation.

 average force= 0.000525
 time avg. forc= 0.000253
 largest residual force= 0.000004 in node 1711 and dof 2
 largest increment of disp= 4.609138e-05
 largest correction to disp= 3.220836e-07 in node 8000 and dof 2

 no convergence

 iteration 4

 Using up to 1 cpu(s) for the symmetric stiffness/mass contributions.

 Factoring the system of equations using the symmetric spooles solver
 Using up to 1 cpu(s) for spooles.

 Using up to 1 cpu(s) for the stress calculation.

 average force= 0.000525
 time avg. forc= 0.000253
 largest residual force= 0.000000 in node 1837 and dof 2
 largest increment of disp= 4.609138e-05
 largest correction to disp= 2.424585e-08 in node 8000 and dof 2

 convergence; the increment size is increased to 2.812500e-02

 increment 12 attempt 1 
 increment size= 2.812500e-02
 sum of previous increments=3.062500e-01
 actual step time=3.343750e-01
 actual total time=3.343750e-01

 iteration 1

 Using up to 1 cpu(s) for the stress calculation.

 Using up to 1 cpu(s) for the symmetric stiffness/mass contributions.

 Factoring the system of equations using the symmetric spooles solver
 Using up to 1 cpu(s) for spooles.

 Using up to 1 cpu(s) for the stress calculation.

 average force= 0.000610
 time avg. forc= 0.000283
 largest residual force= 0.000480 in node 1717 and dof 2
 largest increment of disp= 6.267944e-05
 largest correction to disp= 1.509558e-05 in node 5211 and dof 1

 no convergence

 iteration 2

 Using up to 1 cpu(s) for the symmetric stiffness/mass contributions.

 Factoring the system of equations using the symmetric spooles solver
 Using up to 1 cpu(s) for spooles.

 Using up to 1 cpu(s) for the stress calculation.

 average force= 0.000610
 time avg. forc= 0.000283
 largest residual force= 0.012197 in node 1783 and dof 1
 largest increment of disp= 6.267944e-05
 largest correction to disp= 1.838560e-05 in node 8180 and dof 1

 no convergence

 iteration 3

 Using up to 1 cpu(s) for the symmetric stiffness/mass contributions.

 Factoring the system of equations using the symmetric spooles solver
 Using up to 1 cpu(s) for spooles.

 Using up to 1 cpu(s) for the stress calculation.

 average force= 0.000597
 time avg. forc= 0.000282
 largest residual force= 0.000392 in node 1837 and dof 2
 largest increment of disp= 6.267944e-05
 largest correction to disp= 3.297197e-06 in node 8357 and dof 2

 no convergence

 iteration 4

 Using up to 1 cpu(s) for the symmetric stiffness/mass contributions.

 Factoring the system of equations using the symmetric spooles solver
 Using up to 1 cpu(s) for spooles.

 Using up to 1 cpu(s) for the stress calculation.

 average force= 0.000596
 time avg. forc= 0.000282
 largest residual force= 0.000128 in node 1783 and dof 1
 largest increment of disp= 6.267944e-05
 largest correction to disp= 1.874991e-06 in node 8180 and dof 1

 no convergence

 iteration 5

 Using up to 1 cpu(s) for the symmetric stiffness/mass contributions.

 Factoring the system of equations using the symmetric spooles solver
 Using up to 1 cpu(s) for spooles.

 Using up to 1 cpu(s) for the stress calculation.

 average force= 0.000596
 time avg. forc= 0.000282
 largest residual force= 0.000000 in node 1648 and dof 1
 largest increment of disp= 6.267944e-05
 largest correction to disp= 7.338691e-08 in node 7817 and dof 1

 convergence

 increment 13 attempt 1 
 increment size= 2.812500e-02
 sum of previous increments=3.343750e-01
 actual step time=3.625000e-01
 actual total time=3.625000e-01

 iteration 1

 Using up to 1 cpu(s) for the stress calculation.

 Using up to 1 cpu(s) for the symmetric stiffness/mass contributions.

 Factoring the system of equations using the symmetric spooles solver
 Using up to 1 cpu(s) for spooles.

 Using up to 1 cpu(s) for the stress calculation.

 average force= 0.000663
 time avg. forc= 0.000311
 largest residual force= 0.000250 in node 1842 and dof 2
 largest increment of disp= 4.224487e-05
 largest correction to disp= 1.655215e-05 in node 6708 and dof 1

 no convergence

 iteration 2

 Using up to 1 cpu(s) for the symmetric stiffness/mass contributions.

 Factoring the system of equations using the symmetric spooles solver
 Using up to 1 cpu(s) for spooles.

 Using up to 1 cpu(s) for the stress calculation.

 average force= 0.000658
 time avg. forc= 0.000311
 largest residual force= 0.001648 in node 1783 and dof 1
 largest increment of disp= 4.224487e-05
 largest correction to disp= 6.726743e-06 in node 8177 and dof 1

 no convergence

 iteration 3

 Using up to 1 cpu(s) for the symmetric stiffness/mass contributions.

 Factoring the system of equations using the symmetric spooles solver
 Using up to 1 cpu(s) for spooles.

 Using up to 1 cpu(s) for the stress calculation.

 average force= 0.000659
 time avg. forc= 0.000311
 largest residual force= 0.001179 in node 1639 and dof 1
 largest increment of disp= 7.640262e-05
 largest correction to disp= 7.640262e-05 in node 6684 and dof 1

 no convergence

 iteration 4

 Using up to 1 cpu(s) for the symmetric stiffness/mass contributions.

 Factoring the system of equations using the symmetric spooles solver
 Using up to 1 cpu(s) for spooles.

 Using up to 1 cpu(s) for the stress calculation.

 average force= 0.000659
 time avg. forc= 0.000311
 largest residual force= 0.000224 in node 1641 and dof 1
 largest increment of disp= 7.640262e-05
 largest correction to disp= 7.849281e-06 in node 5211 and dof 1

 no convergence

 iteration 5

 Using up to 1 cpu(s) for the symmetric stiffness/mass contributions.

 Factoring the system of equations using the symmetric spooles solver
 Using up to 1 cpu(s) for spooles.

 Using up to 1 cpu(s) for the stress calculation.

 average force= 0.000658
 time avg. forc= 0.000311
 largest residual force= 0.000104 in node 1711 and dof 2
 largest increment of disp= 7.640262e-05
 largest correction to disp= 1.657285e-05 in node 5184 and dof 1

 no convergence

 iteration 6

 Using up to 1 cpu(s) for the symmetric stiffness/mass contributions.

 Factoring the system of equations using the symmetric spooles solver
 Using up to 1 cpu(s) for spooles.

 Using up to 1 cpu(s) for the stress calculation.

 average force= 0.000658
 time avg. forc= 0.000311
 largest residual force= 0.000007 in node 1709 and dof 2
 largest increment of disp= 7.640262e-05
 largest correction to disp= 5.820756e-06 in node 5964 and dof 2

 no convergence

 iteration 7

 Using up to 1 cpu(s) for the symmetric stiffness/mass contributions.

 Factoring the system of equations using the symmetric spooles solver
 Using up to 1 cpu(s) for spooles.

 Using up to 1 cpu(s) for the stress calculation.

 average force= 0.000658
 time avg. forc= 0.000311
 largest residual force= 0.000006 in node 251 and dof 2
 largest increment of disp= 7.640262e-05
 largest correction to disp= 6.664412e-06 in node 5964 and dof 2

 no convergence

 iteration 8

 Using up to 1 cpu(s) for the symmetric stiffness/mass contributions.

 Factoring the system of equations using the symmetric spooles solver
 Using up to 1 cpu(s) for spooles.

 Using up to 1 cpu(s) for the stress calculation.

 average force= 0.000658
 time avg. forc= 0.000311
 largest residual force= 0.000002 in node 293 and dof 2
 largest increment of disp= 7.640262e-05
 largest correction to disp= 3.640939e-06 in node 7344 and dof 2

 estimated number of iterations till convergence = 9
 no convergence

 iteration 9

 Using up to 1 cpu(s) for the symmetric stiffness/mass contributions.

 Factoring the system of equations using the symmetric spooles solver
 Using up to 1 cpu(s) for spooles.

 Using up to 1 cpu(s) for the stress calculation.

 average force= 0.000658
 time avg. forc= 0.000311
 largest residual force= 0.000001 in node 251 and dof 2
 largest increment of disp= 7.640262e-05
 largest correction to disp= 3.281056e-06 in node 5964 and dof 2

 estimated number of iterations till convergence = 9
 no convergence

 iteration 10

 Using up to 1 cpu(s) for the symmetric stiffness/mass contributions.

 Factoring the system of equations using the symmetric spooles solver
 Using up to 1 cpu(s) for spooles.

 Using up to 1 cpu(s) for the stress calculation.

 average force= 0.000658
 time avg. forc= 0.000311
 largest residual force= 0.000000 in node 251 and dof 2
 largest increment of disp= 7.640262e-05
 largest correction to disp= 1.472066e-06 in node 5964 and dof 2

 convergence

 increment 14 attempt 1 
 increment size= 2.812500e-02
 sum of previous increments=3.625000e-01
 actual step time=3.906250e-01
 actual total time=3.906250e-01

 iteration 1

 Using up to 1 cpu(s) for the stress calculation.

 Using up to 1 cpu(s) for the symmetric stiffness/mass contributions.

 Factoring the system of equations using the symmetric spooles solver
 Using up to 1 cpu(s) for spooles.

 Using up to 1 cpu(s) for the stress calculation.

 average force= 0.000717
 time avg. forc= 0.000340
 largest residual force= 0.000221 in node 1842 and dof 2
 largest increment of disp= 5.265787e-05
 largest correction to disp= 6.932547e-06 in node 7431 and dof 2

 no convergence

 iteration 2

 Using up to 1 cpu(s) for the symmetric stiffness/mass contributions.

 Factoring the system of equations using the symmetric spooles solver
 Using up to 1 cpu(s) for spooles.

 Using up to 1 cpu(s) for the stress calculation.

 average force= 0.000754
 time avg. forc= 0.000342
 largest residual force= 0.012409 in node 1650 and dof 1
 largest increment of disp= 1.343949e-04
 largest correction to disp= 1.343949e-04 in node 7368 and dof 2

 no convergence

 iteration 3

 Using up to 1 cpu(s) for the symmetric stiffness/mass contributions.

 Factoring the system of equations using the symmetric spooles solver
 Using up to 1 cpu(s) for spooles.

 Using up to 1 cpu(s) for the stress calculation.

 average force= 0.000719
 time avg. forc= 0.000340
 largest residual force= 0.003111 in node 1781 and dof 1
 largest increment of disp= 1.343949e-04
 largest correction to disp= 1.909333e-05 in node 6663 and dof 1

 no convergence

 iteration 4

 Using up to 1 cpu(s) for the symmetric stiffness/mass contributions.

 Factoring the system of equations using the symmetric spooles solver
 Using up to 1 cpu(s) for spooles.

 Using up to 1 cpu(s) for the stress calculation.

 average force= 0.000765
 time avg. forc= 0.000343
 largest residual force= 0.024657 in node 1785 and dof 1
 largest increment of disp= 1.343949e-04
 largest correction to disp= 3.199972e-05 in node 7416 and dof 2

 no convergence

 iteration 5

 Using up to 1 cpu(s) for the symmetric stiffness/mass contributions.

 Factoring the system of equations using the symmetric spooles solver
 Using up to 1 cpu(s) for spooles.

 Using up to 1 cpu(s) for the stress calculation.

 average force= 0.000717
 time avg. forc= 0.000340
 largest residual force= 0.000699 in node 1719 and dof 2
 largest increment of disp= 1.343949e-04
 largest correction to disp= 1.040655e-05 in node 5928 and dof 2

 no convergence

 iteration 6

 Using up to 1 cpu(s) for the symmetric stiffness/mass contributions.

 Factoring the system of equations using the symmetric spooles solver
 Using up to 1 cpu(s) for spooles.

 Using up to 1 cpu(s) for the stress calculation.

 average force= 0.000719
 time avg. forc= 0.000340
 largest residual force= 0.006255 in node 1785 and dof 1
 largest increment of disp= 1.343949e-04
 largest correction to disp= 1.741170e-05 in node 7443 and dof 2

 no convergence

 iteration 7

 Using up to 1 cpu(s) for the symmetric stiffness/mass contributions.

 Factoring the system of equations using the symmetric spooles solver
 Using up to 1 cpu(s) for spooles.

 Using up to 1 cpu(s) for the stress calculation.

 average force= 0.000741
 time avg. forc= 0.000341
 largest residual force= 0.020538 in node 1781 and dof 1
 largest increment of disp= 1.343949e-04
 largest correction to disp= 2.244790e-05 in node 8174 and dof 1

 divergence; the increment size is decreased to 7.031250e-03
 the increment is reattempted

 increment 14 attempt 2 
 increment size= 7.031250e-03
 sum of previous increments=3.625000e-01
 actual step time=3.695313e-01
 actual total time=3.695313e-01

 iteration 1

 Using up to 1 cpu(s) for the stress calculation.

 Using up to 1 cpu(s) for the symmetric stiffness/mass contributions.

 Factoring the system of equations using the symmetric spooles solver
 Using up to 1 cpu(s) for spooles.

 Using up to 1 cpu(s) for the stress calculation.

 average force= 0.000672
 time avg. forc= 0.000336
 largest residual force= 0.000195 in node 1650 and dof 1
 largest increment of disp= 1.316447e-05
 largest correction to disp= 2.214115e-06 in node 7841 and dof 1

 no convergence

 iteration 2

 Using up to 1 cpu(s) for the symmetric stiffness/mass contributions.

 Factoring the system of equations using the symmetric spooles solver
 Using up to 1 cpu(s) for spooles.

 Using up to 1 cpu(s) for the stress calculation.

 average force= 0.000743
 time avg. forc= 0.000341
 largest residual force= 0.005226 in node 251 and dof 2
 largest increment of disp= 1.967195e-04
 largest correction to disp= 1.967195e-04 in node 5940 and dof 2

 no convergence

 iteration 3

 Using up to 1 cpu(s) for the symmetric stiffness/mass contributions.

 Factoring the system of equations using the symmetric spooles solver
 Using up to 1 cpu(s) for spooles.

 Using up to 1 cpu(s) for the stress calculation.

 average force= 0.000696
 time avg. forc= 0.000338
 largest residual force= 0.013812 in node 1641 and dof 1
 largest increment of disp= 1.967195e-04
 largest correction to disp= 2.484990e-05 in node 5214 and dof 1

 no convergence

 iteration 4

 Using up to 1 cpu(s) for the symmetric stiffness/mass contributions.

 Factoring the system of equations using the symmetric spooles solver
 Using up to 1 cpu(s) for spooles.

 Using up to 1 cpu(s) for the stress calculation.

 average force= 0.004514
 time avg. forc= 0.000611
 largest residual force= 1.220365 in node 1651 and dof 1
 largest increment of disp= 1.967195e-04
 largest correction to disp= 1.729306e-04 in node 7828 and dof 1

 divergence; the increment size is decreased to 1.757813e-03
 the increment is reattempted

 increment 14 attempt 3 
 increment size= 1.757813e-03
 sum of previous increments=3.625000e-01
 actual step time=3.642578e-01
 actual total time=3.642578e-01

 iteration 1

 Using up to 1 cpu(s) for the stress calculation.

 Using up to 1 cpu(s) for the symmetric stiffness/mass contributions.

 Factoring the system of equations using the symmetric spooles solver
 Using up to 1 cpu(s) for spooles.

 Using up to 1 cpu(s) for the stress calculation.

 average force= 0.000661
 time avg. forc= 0.000336
 largest residual force= 0.000004 in node 1656 and dof 1
 largest increment of disp= 3.291117e-06
 largest correction to disp= 2.003949e-06 in node 7416 and dof 2

 no convergence

 iteration 2

 Using up to 1 cpu(s) for the symmetric stiffness/mass contributions.

 Factoring the system of equations using the symmetric spooles solver
 Using up to 1 cpu(s) for spooles.

 Using up to 1 cpu(s) for the stress calculation.

 average force= 0.000662
 time avg. forc= 0.000336
 largest residual force= 0.000004 in node 293 and dof 2
 largest increment of disp= 5.356252e-06
 largest correction to disp= 5.356252e-06 in node 5964 and dof 2

 no convergence

 iteration 3

 Using up to 1 cpu(s) for the symmetric stiffness/mass contributions.

 Factoring the system of equations using the symmetric spooles solver
 Using up to 1 cpu(s) for spooles.

 Using up to 1 cpu(s) for the stress calculation.

 average force= 0.000662
 time avg. forc= 0.000336
 largest residual force= 0.000000 in node 1650 and dof 1
 largest increment of disp= 5.356252e-06
 largest correction to disp= 5.029601e-07 in node 5964 and dof 2

 convergence

 increment 15 attempt 1 
 increment size= 1.757813e-03
 sum of previous increments=3.642578e-01
 actual step time=3.660156e-01
 actual total time=3.660156e-01

 iteration 1

 Using up to 1 cpu(s) for the stress calculation.

 Using up to 1 cpu(s) for the symmetric stiffness/mass contributions.

 Factoring the system of equations using the symmetric spooles solver
 Using up to 1 cpu(s) for spooles.

 Using up to 1 cpu(s) for the stress calculation.

 average force= 0.000665
 time avg. forc= 0.000358
 largest residual force= 0.000000 in node 336 and dof 1
 largest increment of disp= 8.406507e-06
 largest correction to disp= 9.073036e-07 in node 6684 and dof 1

 no convergence

 iteration 2

 Using up to 1 cpu(s) for the symmetric stiffness/mass contributions.

 Factoring the system of equations using the symmetric spooles solver
 Using up to 1 cpu(s) for spooles.

 Using up to 1 cpu(s) for the stress calculation.

 average force= 0.000665
 time avg. forc= 0.000358
 largest residual force= 0.000000 in node 293 and dof 2
 largest increment of disp= 8.406507e-06
 largest correction to disp= 1.078397e-06 in node 7368 and dof 2

 convergence; the increment size is increased to 2.636719e-03

 Using up to 1 cpu(s) for the stress calculation.

 increment 16 attempt 1 
 increment size= 2.636719e-03
 sum of previous increments=3.660156e-01
 actual step time=3.686523e-01
 actual total time=3.686523e-01

 iteration 1

 Using up to 1 cpu(s) for the stress calculation.

 Using up to 1 cpu(s) for the symmetric stiffness/mass contributions.

 Factoring the system of equations using the symmetric spooles solver
 Using up to 1 cpu(s) for spooles.

 Using up to 1 cpu(s) for the stress calculation.

 average force= 0.000671
 time avg. forc= 0.000377
 largest residual force= 0.000000 in node 1842 and dof 2
 largest increment of disp= 1.005277e-05
 largest correction to disp= 9.250379e-07 in node 6624 and dof 1

 no convergence

 iteration 2

 Using up to 1 cpu(s) for the symmetric stiffness/mass contributions.

 Factoring the system of equations using the symmetric spooles solver
 Using up to 1 cpu(s) for spooles.

 Using up to 1 cpu(s) for the stress calculation.

 average force= 0.000671
 time avg. forc= 0.000377
 largest residual force= 0.000000 in node 293 and dof 2
 largest increment of disp= 1.005277e-05
 largest correction to disp= 7.260102e-07 in node 5940 and dof 2

 convergence; the increment size is increased to 3.955078e-03

 increment 17 attempt 1 
 increment size= 3.955078e-03
 sum of previous increments=3.686523e-01
 actual step time=3.726074e-01
 actual total time=3.726074e-01

 iteration 1

 Using up to 1 cpu(s) for the stress calculation.

 Using up to 1 cpu(s) for the symmetric stiffness/mass contributions.

 Factoring the system of equations using the symmetric spooles solver
 Using up to 1 cpu(s) for spooles.

 Using up to 1 cpu(s) for the stress calculation.

 average force= 0.000679
 time avg. forc= 0.000395
 largest residual force= 0.000000 in node 1717 and dof 2
 largest increment of disp= 1.318694e-05
 largest correction to disp= 1.393396e-06 in node 6684 and dof 1

 no convergence

 iteration 2

 Using up to 1 cpu(s) for the symmetric stiffness/mass contributions.

 Factoring the system of equations using the symmetric spooles solver
 Using up to 1 cpu(s) for spooles.

 Using up to 1 cpu(s) for the stress calculation.

 average force= 0.000679
 time avg. forc= 0.000395
 largest residual force= 0.000000 in node 293 and dof 2
 largest increment of disp= 1.318694e-05
 largest correction to disp= 1.123861e-06 in node 5940 and dof 2

 convergence; the increment size is increased to 5.932617e-03

 increment 18 attempt 1 
 increment size= 5.932617e-03
 sum of previous increments=3.726074e-01
 actual step time=3.785400e-01
 actual total time=3.785400e-01

 iteration 1

 Using up to 1 cpu(s) for the stress calculation.

 Using up to 1 cpu(s) for the symmetric stiffness/mass contributions.

 Factoring the system of equations using the symmetric spooles solver
 Using up to 1 cpu(s) for spooles.

 Using up to 1 cpu(s) for the stress calculation.

 average force= 0.000691
 time avg. forc= 0.000411
 largest residual force= 0.000002 in node 1647 and dof 1
 largest increment of disp= 1.691720e-05
 largest correction to disp= 2.003528e-06 in node 6684 and dof 1

 no convergence

 iteration 2

 Using up to 1 cpu(s) for the symmetric stiffness/mass contributions.

 Factoring the system of equations using the symmetric spooles solver
 Using up to 1 cpu(s) for spooles.

 Using up to 1 cpu(s) for the stress calculation.

 average force= 0.000691
 time avg. forc= 0.000411
 largest residual force= 0.000000 in node 1839 and dof 2
 largest increment of disp= 1.691720e-05
 largest correction to disp= 1.447862e-06 in node 7368 and dof 2

 convergence; the increment size is increased to 8.898926e-03

 increment 19 attempt 1 
 increment size= 8.898926e-03
 sum of previous increments=3.785400e-01
 actual step time=3.874390e-01
 actual total time=3.874390e-01

 iteration 1

 Using up to 1 cpu(s) for the stress calculation.

 Using up to 1 cpu(s) for the symmetric stiffness/mass contributions.

 Factoring the system of equations using the symmetric spooles solver
 Using up to 1 cpu(s) for spooles.

 Using up to 1 cpu(s) for the stress calculation.

 average force= 0.000709
 time avg. forc= 0.000427
 largest residual force= 0.000011 in node 1650 and dof 1
 largest increment of disp= 2.155546e-05
 largest correction to disp= 2.785280e-06 in node 6624 and dof 1

 no convergence

 iteration 2

 Using up to 1 cpu(s) for the symmetric stiffness/mass contributions.

 Factoring the system of equations using the symmetric spooles solver
 Using up to 1 cpu(s) for spooles.

 Using up to 1 cpu(s) for the stress calculation.

 average force= 0.000709
 time avg. forc= 0.000427
 largest residual force= 0.000001 in node 1709 and dof 2
 largest increment of disp= 2.155546e-05
 largest correction to disp= 1.729216e-06 in node 7368 and dof 2

 no convergence

 iteration 3

 Using up to 1 cpu(s) for the symmetric stiffness/mass contributions.

 Factoring the system of equations using the symmetric spooles solver
 Using up to 1 cpu(s) for spooles.

 Using up to 1 cpu(s) for the stress calculation.

 average force= 0.000709
 time avg. forc= 0.000427
 largest residual force= 0.000000 in node 342 and dof 2
 largest increment of disp= 2.155546e-05
 largest correction to disp= 1.359002e-07 in node 5940 and dof 2

 convergence; the increment size is increased to 1.334839e-02

 increment 20 attempt 1 
 increment size= 1.334839e-02
 sum of previous increments=3.874390e-01
 actual step time=4.007874e-01
 actual total time=4.007874e-01

 iteration 1

 Using up to 1 cpu(s) for the stress calculation.

 Using up to 1 cpu(s) for the symmetric stiffness/mass contributions.

 Factoring the system of equations using the symmetric spooles solver
 Using up to 1 cpu(s) for spooles.

 Using up to 1 cpu(s) for the stress calculation.

 average force= 0.000735
 time avg. forc= 0.000442
 largest residual force= 0.000133 in node 1650 and dof 1
 largest increment of disp= 2.710993e-05
 largest correction to disp= 3.718516e-06 in node 6684 and dof 1

 no convergence

 iteration 2

 Using up to 1 cpu(s) for the symmetric stiffness/mass contributions.

 Factoring the system of equations using the symmetric spooles solver
 Using up to 1 cpu(s) for spooles.

 Using up to 1 cpu(s) for the stress calculation.

 average force= 0.000735
 time avg. forc= 0.000442
 largest residual force= 0.000028 in node 1646 and dof 1
 largest increment of disp= 2.710993e-05
 largest correction to disp= 1.876221e-06 in node 7344 and dof 2

 no convergence

 iteration 3

 Using up to 1 cpu(s) for the symmetric stiffness/mass contributions.

 Factoring the system of equations using the symmetric spooles solver
 Using up to 1 cpu(s) for spooles.

 Using up to 1 cpu(s) for the stress calculation.

 average force= 0.000735
 time avg. forc= 0.000442
 largest residual force= 0.000000 in node 1641 and dof 1
 largest increment of disp= 2.710993e-05
 largest correction to disp= 1.368803e-07 in node 7368 and dof 2

 convergence; the increment size is increased to 2.002258e-02

 Using up to 1 cpu(s) for the stress calculation.

 increment 21 attempt 1 
 increment size= 2.002258e-02
 sum of previous increments=4.007874e-01
 actual step time=4.208099e-01
 actual total time=4.208099e-01

 iteration 1

 Using up to 1 cpu(s) for the stress calculation.

 Using up to 1 cpu(s) for the symmetric stiffness/mass contributions.

 Factoring the system of equations using the symmetric spooles solver
 Using up to 1 cpu(s) for spooles.

 Using up to 1 cpu(s) for the stress calculation.

 average force= 0.000773
 time avg. forc= 0.000458
 largest residual force= 0.000450 in node 1646 and dof 1
 largest increment of disp= 3.521837e-05
 largest correction to disp= 4.227419e-06 in node 6624 and dof 1

 no convergence

 iteration 2

 Using up to 1 cpu(s) for the symmetric stiffness/mass contributions.

 Factoring the system of equations using the symmetric spooles solver
 Using up to 1 cpu(s) for spooles.

 Using up to 1 cpu(s) for the stress calculation.

 average force= 0.000771
 time avg. forc= 0.000458
 largest residual force= 0.001633 in node 1650 and dof 1
 largest increment of disp= 3.521837e-05
 largest correction to disp= 6.579514e-06 in node 7823 and dof 1

 no convergence

 iteration 3

 Using up to 1 cpu(s) for the symmetric stiffness/mass contributions.

 Factoring the system of equations using the symmetric spooles solver
 Using up to 1 cpu(s) for spooles.

 Using up to 1 cpu(s) for the stress calculation.

 average force= 0.000772
 time avg. forc= 0.000458
 largest residual force= 0.000078 in node 1646 and dof 1
 largest increment of disp= 3.521837e-05
 largest correction to disp= 1.362212e-06 in node 7811 and dof 1

 no convergence

 iteration 4

 Using up to 1 cpu(s) for the symmetric stiffness/mass contributions.

 Factoring the system of equations using the symmetric spooles solver
 Using up to 1 cpu(s) for spooles.

 Using up to 1 cpu(s) for the stress calculation.

 average force= 0.000772
 time avg. forc= 0.000458
 largest residual force= 0.000005 in node 1646 and dof 1
 largest increment of disp= 3.521837e-05
 largest correction to disp= 3.431437e-07 in node 7814 and dof 1

 no convergence

 iteration 5

 Using up to 1 cpu(s) for the symmetric stiffness/mass contributions.

 Factoring the system of equations using the symmetric spooles solver
 Using up to 1 cpu(s) for spooles.

 Using up to 1 cpu(s) for the stress calculation.

 average force= 0.000772
 time avg. forc= 0.000458
 largest residual force= 0.000000 in node 1650 and dof 1
 largest increment of disp= 3.521837e-05
 largest correction to disp= 4.889884e-09 in node 7823 and dof 1

 convergence

 increment 22 attempt 1 
 increment size= 2.002258e-02
 sum of previous increments=4.208099e-01
 actual step time=4.408325e-01
 actual total time=4.408325e-01

 iteration 1

 Using up to 1 cpu(s) for the stress calculation.

 Using up to 1 cpu(s) for the symmetric stiffness/mass contributions.

 Factoring the system of equations using the symmetric spooles solver
 Using up to 1 cpu(s) for spooles.

 Using up to 1 cpu(s) for the stress calculation.

 average force= 0.000808
 time avg. forc= 0.000474
 largest residual force= 0.000086 in node 1842 and dof 2
 largest increment of disp= 3.134161e-05
 largest correction to disp= 3.248579e-06 in node 6624 and dof 1

 no convergence

 iteration 2

 Using up to 1 cpu(s) for the symmetric stiffness/mass contributions.

 Factoring the system of equations using the symmetric spooles solver
 Using up to 1 cpu(s) for spooles.

 Using up to 1 cpu(s) for the stress calculation.

 average force= 0.000807
 time avg. forc= 0.000474
 largest residual force= 0.000380 in node 1649 and dof 1
 largest increment of disp= 3.134161e-05
 largest correction to disp= 3.267585e-06 in node 7823 and dof 1

 no convergence

 iteration 3

 Using up to 1 cpu(s) for the symmetric stiffness/mass contributions.

 Factoring the system of equations using the symmetric spooles solver
 Using up to 1 cpu(s) for spooles.

 Using up to 1 cpu(s) for the stress calculation.

 average force= 0.000807
 time avg. forc= 0.000474
 largest residual force= 0.000002 in node 1646 and dof 1
 largest increment of disp= 3.134161e-05
 largest correction to disp= 1.978049e-07 in node 7811 and dof 1

 convergence

 increment 23 attempt 1 
 increment size= 2.002258e-02
 sum of previous increments=4.408325e-01
 actual step time=4.608551e-01
 actual total time=4.608551e-01

 iteration 1

 Using up to 1 cpu(s) for the stress calculation.

 Using up to 1 cpu(s) for the symmetric stiffness/mass contributions.

 Factoring the system of equations using the symmetric spooles solver
 Using up to 1 cpu(s) for spooles.

 Using up to 1 cpu(s) for the stress calculation.

 average force= 0.057009
 time avg. forc= 0.002932
 largest residual force= 20.950202 in node 1647 and dof 1
 largest increment of disp= 7.509423e-04
 largest correction to disp= 7.509423e-04 in node 7814 and dof 1

 no convergence

 iteration 2

 Using up to 1 cpu(s) for the symmetric stiffness/mass contributions.

 Factoring the system of equations using the symmetric spooles solver
 Using up to 1 cpu(s) for spooles.

 Using up to 1 cpu(s) for the stress calculation.

 average force= 141.849951
 time avg. forc= 6.167843
 largest residual force= 1416156.841899 in node 8366 and dof 2
 largest increment of disp= 4.916781e-03
 largest correction to disp= 4.916781e-03 in node 8093 and dof 2

 no convergence

 iteration 3

 Using up to 1 cpu(s) for the symmetric stiffness/mass contributions.

 Factoring the system of equations using the symmetric spooles solver
 Using up to 1 cpu(s) for spooles.

 Using up to 1 cpu(s) for the stress calculation.

 average force= 12734067.040648
 time avg. forc= 553655.089177
 largest residual force= 207540567392.537506 in node 11494 and dof 1
 largest increment of disp= 3.119237e-01
 largest correction to disp= 3.119237e-01 in node 7386 and dof 1

 no convergence

 iteration 4

 Using up to 1 cpu(s) for the symmetric stiffness/mass contributions.

 Factoring the system of equations using the symmetric spooles solver
 Using up to 1 cpu(s) for spooles.

 Using up to 1 cpu(s) for the stress calculation.

 average force= 14637760409035282432.000000
 time avg. forc= 636424365610229632.000000
 largest residual force= 114386774625887579013120.000000 in node 11941 and dof 2
 largest increment of disp= 2.603747e+01
 largest correction to disp= 2.603747e+01 in node 5586 and dof 3

 divergence; the increment size is decreased to 5.005646e-03
 the increment is reattempted

 increment 23 attempt 2 
 increment size= 5.005646e-03
 sum of previous increments=4.408325e-01
 actual step time=4.458382e-01
 actual total time=4.458382e-01

 iteration 1

 Using up to 1 cpu(s) for the stress calculation.

 Using up to 1 cpu(s) for the symmetric stiffness/mass contributions.

 Factoring the system of equations using the symmetric spooles solver
 Using up to 1 cpu(s) for spooles.

 Using up to 1 cpu(s) for the stress calculation.

 average force= 0.000815
 time avg. forc= 0.000489
 largest residual force= 0.000002 in node 1837 and dof 2
 largest increment of disp= 7.798935e-06
 largest correction to disp= 5.408223e-07 in node 5964 and dof 2

 no convergence

 iteration 2

 Using up to 1 cpu(s) for the symmetric stiffness/mass contributions.

 Factoring the system of equations using the symmetric spooles solver
 Using up to 1 cpu(s) for spooles.

 Using up to 1 cpu(s) for the stress calculation.

 average force= 0.000815
 time avg. forc= 0.000489
 largest residual force= 0.000000 in node 1777 and dof 1
 largest increment of disp= 7.798935e-06
 largest correction to disp= 8.493576e-08 in node 7443 and dof 2

 convergence

 increment 24 attempt 1 
 increment size= 5.005646e-03
 sum of previous increments=4.458382e-01
 actual step time=4.508438e-01
 actual total time=4.508438e-01

 iteration 1

 Using up to 1 cpu(s) for the stress calculation.

 Using up to 1 cpu(s) for the symmetric stiffness/mass contributions.

 Factoring the system of equations using the symmetric spooles solver
 Using up to 1 cpu(s) for spooles.

 Using up to 1 cpu(s) for the stress calculation.

 average force= 0.000824
 time avg. forc= 0.000503
 largest residual force= 0.000000 in node 1711 and dof 2
 largest increment of disp= 7.777966e-06
 largest correction to disp= 2.096951e-07 in node 5940 and dof 2

 no convergence

 iteration 2

 Using up to 1 cpu(s) for the symmetric stiffness/mass contributions.

 Factoring the system of equations using the symmetric spooles solver
 Using up to 1 cpu(s) for spooles.

 Using up to 1 cpu(s) for the stress calculation.

 average force= 0.000824
 time avg. forc= 0.000503
 largest residual force= 0.000000 in node 1649 and dof 1
 largest increment of disp= 7.777966e-06
 largest correction to disp= 1.220570e-08 in node 7443 and dof 2

 convergence; the increment size is increased to 7.508469e-03

 increment 25 attempt 1 
 increment size= 7.508469e-03
 sum of previous increments=4.508438e-01
 actual step time=4.583523e-01
 actual total time=4.583523e-01

 iteration 1

 Using up to 1 cpu(s) for the stress calculation.

 Using up to 1 cpu(s) for the symmetric stiffness/mass contributions.

 Factoring the system of equations using the symmetric spooles solver
 Using up to 1 cpu(s) for spooles.

 Using up to 1 cpu(s) for the stress calculation.

 average force= 0.000836
 time avg. forc= 0.000516
 largest residual force= 0.000001 in node 1837 and dof 2
 largest increment of disp= 1.165306e-05
 largest correction to disp= 3.608174e-07 in node 5940 and dof 2

 no convergence

 iteration 2

 Using up to 1 cpu(s) for the symmetric stiffness/mass contributions.

 Factoring the system of equations using the symmetric spooles solver
 Using up to 1 cpu(s) for spooles.

 Using up to 1 cpu(s) for the stress calculation.

 average force= 0.000836
 time avg. forc= 0.000516
 largest residual force= 0.000000 in node 1647 and dof 1
 largest increment of disp= 1.165306e-05
 largest correction to disp= 3.305245e-08 in node 6015 and dof 2

 convergence; the increment size is increased to 1.126270e-02

 Using up to 1 cpu(s) for the stress calculation.

 increment 26 attempt 1 
 increment size= 1.126270e-02
 sum of previous increments=4.583523e-01
 actual step time=4.696150e-01
 actual total time=4.696150e-01

 iteration 1

 Using up to 1 cpu(s) for the stress calculation.

 Using up to 1 cpu(s) for the symmetric stiffness/mass contributions.

 Factoring the system of equations using the symmetric spooles solver
 Using up to 1 cpu(s) for spooles.

 Using up to 1 cpu(s) for the stress calculation.

 average force= 0.000854
 time avg. forc= 0.000529
 largest residual force= 0.000004 in node 1837 and dof 2
 largest increment of disp= 1.745623e-05
 largest correction to disp= 7.122363e-07 in node 5940 and dof 2

 no convergence

 iteration 2

 Using up to 1 cpu(s) for the symmetric stiffness/mass contributions.

 Factoring the system of equations using the symmetric spooles solver
 Using up to 1 cpu(s) for spooles.

 Using up to 1 cpu(s) for the stress calculation.

 average force= 0.000854
 time avg. forc= 0.000529
 largest residual force= 0.000000 in node 1649 and dof 1
 largest increment of disp= 1.745623e-05
 largest correction to disp= 1.151882e-07 in node 7443 and dof 2

 convergence; the increment size is increased to 1.689405e-02

 increment 27 attempt 1 
 increment size= 1.689405e-02
 sum of previous increments=4.696150e-01
 actual step time=4.865090e-01
 actual total time=4.865090e-01

 iteration 1

 Using up to 1 cpu(s) for the stress calculation.

 Using up to 1 cpu(s) for the symmetric stiffness/mass contributions.

 Factoring the system of equations using the symmetric spooles solver
 Using up to 1 cpu(s) for spooles.

 Using up to 1 cpu(s) for the stress calculation.

 average force= 0.000881
 time avg. forc= 0.000542
 largest residual force= 0.000015 in node 1716 and dof 2
 largest increment of disp= 2.613421e-05
 largest correction to disp= 1.326575e-06 in node 5940 and dof 2

 no convergence

 iteration 2

 Using up to 1 cpu(s) for the symmetric stiffness/mass contributions.

 Factoring the system of equations using the symmetric spooles solver
 Using up to 1 cpu(s) for spooles.

 Using up to 1 cpu(s) for the stress calculation.

 average force= 0.000881
 time avg. forc= 0.000542
 largest residual force= 0.000006 in node 1649 and dof 1
 largest increment of disp= 2.613421e-05
 largest correction to disp= 4.076478e-07 in node 7823 and dof 1

 no convergence

 iteration 3

 Using up to 1 cpu(s) for the symmetric stiffness/mass contributions.

 Factoring the system of equations using the symmetric spooles solver
 Using up to 1 cpu(s) for spooles.

 Using up to 1 cpu(s) for the stress calculation.

 average force= 0.000881
 time avg. forc= 0.000542
 largest residual force= 0.000000 in node 1650 and dof 1
 largest increment of disp= 2.613421e-05
 largest correction to disp= 2.305142e-09 in node 2189 and dof 2

 convergence; the increment size is increased to 2.534108e-02

 increment 28 attempt 1 
 increment size= 2.534108e-02
 sum of previous increments=4.865090e-01
 actual step time=5.118501e-01
 actual total time=5.118501e-01

 iteration 1

 Using up to 1 cpu(s) for the stress calculation.

 Using up to 1 cpu(s) for the symmetric stiffness/mass contributions.

 Factoring the system of equations using the symmetric spooles solver
 Using up to 1 cpu(s) for spooles.

 Using up to 1 cpu(s) for the stress calculation.

 average force= 0.000921
 time avg. forc= 0.000556
 largest residual force= 0.000464 in node 1647 and dof 1
 largest increment of disp= 3.909802e-05
 largest correction to disp= 3.547365e-06 in node 7832 and dof 1

 no convergence

 iteration 2

 Using up to 1 cpu(s) for the symmetric stiffness/mass contributions.

 Factoring the system of equations using the symmetric spooles solver
 Using up to 1 cpu(s) for spooles.

 Using up to 1 cpu(s) for the stress calculation.

 average force= 0.000920
 time avg. forc= 0.000556
 largest residual force= 0.000630 in node 1649 and dof 1
 largest increment of disp= 3.909802e-05
 largest correction to disp= 4.219856e-06 in node 7823 and dof 1

 no convergence

 iteration 3

 Using up to 1 cpu(s) for the symmetric stiffness/mass contributions.

 Factoring the system of equations using the symmetric spooles solver
 Using up to 1 cpu(s) for spooles.

 Using up to 1 cpu(s) for the stress calculation.

 average force= 0.000920
 time avg. forc= 0.000556
 largest residual force= 0.000007 in node 1646 and dof 1
 largest increment of disp= 3.909802e-05
 largest correction to disp= 4.292339e-07 in node 7814 and dof 1

 no convergence

 iteration 4

 Using up to 1 cpu(s) for the symmetric stiffness/mass contributions.

 Factoring the system of equations using the symmetric spooles solver
 Using up to 1 cpu(s) for spooles.

 Using up to 1 cpu(s) for the stress calculation.

 average force= 0.000920
 time avg. forc= 0.000556
 largest residual force= 0.000000 in node 1646 and dof 1
 largest increment of disp= 3.909802e-05
 largest correction to disp= 2.528066e-08 in node 7814 and dof 1

 convergence; the increment size is increased to 3.801162e-02

 increment 29 attempt 1 
 increment size= 3.801162e-02
 sum of previous increments=5.118501e-01
 actual step time=5.498617e-01
 actual total time=5.498617e-01

 iteration 1

 Using up to 1 cpu(s) for the stress calculation.

 Using up to 1 cpu(s) for the symmetric stiffness/mass contributions.

 Factoring the system of equations using the symmetric spooles solver
 Using up to 1 cpu(s) for spooles.

 Using up to 1 cpu(s) for the stress calculation.

 average force= 0.000976
 time avg. forc= 0.000570
 largest residual force= 0.002034 in node 1647 and dof 1
 largest increment of disp= 5.844827e-05
 largest correction to disp= 7.710501e-06 in node 7814 and dof 1

 no convergence

 iteration 2

 Using up to 1 cpu(s) for the symmetric stiffness/mass contributions.

 Factoring the system of equations using the symmetric spooles solver
 Using up to 1 cpu(s) for spooles.

 Using up to 1 cpu(s) for the stress calculation.

 average force= 0.000976
 time avg. forc= 0.000570
 largest residual force= 0.002252 in node 1649 and dof 1
 largest increment of disp= 5.844827e-05
 largest correction to disp= 7.962914e-06 in node 7823 and dof 1

 no convergence

 iteration 3

 Using up to 1 cpu(s) for the symmetric stiffness/mass contributions.

 Factoring the system of equations using the symmetric spooles solver
 Using up to 1 cpu(s) for spooles.

 Using up to 1 cpu(s) for the stress calculation.

 average force= 0.000976
 time avg. forc= 0.000570
 largest residual force= 0.000021 in node 1647 and dof 1
 largest increment of disp= 5.844827e-05
 largest correction to disp= 7.638571e-07 in node 7814 and dof 1

 no convergence

 iteration 4

 Using up to 1 cpu(s) for the symmetric stiffness/mass contributions.

 Factoring the system of equations using the symmetric spooles solver
 Using up to 1 cpu(s) for spooles.

 Using up to 1 cpu(s) for the stress calculation.

 average force= 0.000976
 time avg. forc= 0.000570
 largest residual force= 0.000000 in node 1646 and dof 1
 largest increment of disp= 5.844827e-05
 largest correction to disp= 1.401502e-07 in node 7814 and dof 1

 convergence; the increment size is increased to 5.701743e-02

 the increment size exceeds the maximum allowed and is decreased to 5.000000e-02

 increment 30 attempt 1 
 increment size= 5.000000e-02
 sum of previous increments=5.498617e-01
 actual step time=5.998617e-01
 actual total time=5.998617e-01

 iteration 1

 Using up to 1 cpu(s) for the stress calculation.

 Using up to 1 cpu(s) for the symmetric stiffness/mass contributions.

 Factoring the system of equations using the symmetric spooles solver
 Using up to 1 cpu(s) for spooles.

 Using up to 1 cpu(s) for the stress calculation.

 average force= 0.001047
 time avg. forc= 0.000586
 largest residual force= 0.000893 in node 1790 and dof 1
 largest increment of disp= 7.657725e-05
 largest correction to disp= 5.335440e-06 in node 8183 and dof 1

 no convergence

 iteration 2

 Using up to 1 cpu(s) for the symmetric stiffness/mass contributions.

 Factoring the system of equations using the symmetric spooles solver
 Using up to 1 cpu(s) for spooles.

 Using up to 1 cpu(s) for the stress calculation.

 average force= 0.001046
 time avg. forc= 0.000586
 largest residual force= 0.000870 in node 1790 and dof 1
 largest increment of disp= 7.657725e-05
 largest correction to disp= 4.920216e-06 in node 8201 and dof 1

 no convergence

 iteration 3

 Using up to 1 cpu(s) for the symmetric stiffness/mass contributions.

 Factoring the system of equations using the symmetric spooles solver
 Using up to 1 cpu(s) for spooles.

 Using up to 1 cpu(s) for the stress calculation.

 average force= 0.001047
 time avg. forc= 0.000586
 largest residual force= 0.000000 in node 1783 and dof 1
 largest increment of disp= 7.657725e-05
 largest correction to disp= 1.549328e-07 in node 8180 and dof 1

 convergence; the increment size is increased to 7.500000e-02

 the increment size exceeds the maximum allowed and is decreased to 5.000000e-02

 Using up to 1 cpu(s) for the stress calculation.

 increment 31 attempt 1 
 increment size= 5.000000e-02
 sum of previous increments=5.998617e-01
 actual step time=6.498617e-01
 actual total time=6.498617e-01

 iteration 1

 Using up to 1 cpu(s) for the stress calculation.

 Using up to 1 cpu(s) for the symmetric stiffness/mass contributions.

 Factoring the system of equations using the symmetric spooles solver
 Using up to 1 cpu(s) for spooles.

 Using up to 1 cpu(s) for the stress calculation.

 average force= 0.001114
 time avg. forc= 0.000603
 largest residual force= 0.001275 in node 1790 and dof 1
 largest increment of disp= 7.627998e-05
 largest correction to disp= 6.399020e-06 in node 8183 and dof 1

 no convergence

 iteration 2

 Using up to 1 cpu(s) for the symmetric stiffness/mass contributions.

 Factoring the system of equations using the symmetric spooles solver
 Using up to 1 cpu(s) for spooles.

 Using up to 1 cpu(s) for the stress calculation.

 average force= 0.001114
 time avg. forc= 0.000603
 largest residual force= 0.001281 in node 1790 and dof 1
 largest increment of disp= 7.627998e-05
 largest correction to disp= 5.884540e-06 in node 8201 and dof 1

 no convergence

 iteration 3

 Using up to 1 cpu(s) for the symmetric stiffness/mass contributions.

 Factoring the system of equations using the symmetric spooles solver
 Using up to 1 cpu(s) for spooles.

 Using up to 1 cpu(s) for the stress calculation.

 average force= 0.001114
 time avg. forc= 0.000603
 largest residual force= 0.000002 in node 1783 and dof 1
 largest increment of disp= 7.627998e-05
 largest correction to disp= 2.269269e-07 in node 8180 and dof 1

 convergence; the increment size is increased to 7.500000e-02

 the increment size exceeds the maximum allowed and is decreased to 5.000000e-02

 increment 32 attempt 1 
 increment size= 5.000000e-02
 sum of previous increments=6.498617e-01
 actual step time=6.998617e-01
 actual total time=6.998617e-01

 iteration 1

 Using up to 1 cpu(s) for the stress calculation.

 Using up to 1 cpu(s) for the symmetric stiffness/mass contributions.

 Factoring the system of equations using the symmetric spooles solver
 Using up to 1 cpu(s) for spooles.

 Using up to 1 cpu(s) for the stress calculation.

 average force= 0.001179
 time avg. forc= 0.000621
 largest residual force= 0.005450 in node 1647 and dof 1
 largest increment of disp= 7.607855e-05
 largest correction to disp= 1.296458e-05 in node 7814 and dof 1

 no convergence

 iteration 2

 Using up to 1 cpu(s) for the symmetric stiffness/mass contributions.

 Factoring the system of equations using the symmetric spooles solver
 Using up to 1 cpu(s) for spooles.

 Using up to 1 cpu(s) for the stress calculation.

 average force= 0.001180
 time avg. forc= 0.000621
 largest residual force= 0.007769 in node 1649 and dof 1
 largest increment of disp= 7.607855e-05
 largest correction to disp= 1.467463e-05 in node 7823 and dof 1

 no convergence

 iteration 3

 Using up to 1 cpu(s) for the symmetric stiffness/mass contributions.

 Factoring the system of equations using the symmetric spooles solver
 Using up to 1 cpu(s) for spooles.

 Using up to 1 cpu(s) for the stress calculation.

 average force= 0.001179
 time avg. forc= 0.000621
 largest residual force= 0.000788 in node 1647 and dof 1
 largest increment of disp= 7.607855e-05
 largest correction to disp= 4.963921e-06 in node 7814 and dof 1

 no convergence

 iteration 4

 Using up to 1 cpu(s) for the symmetric stiffness/mass contributions.

 Factoring the system of equations using the symmetric spooles solver
 Using up to 1 cpu(s) for spooles.

 Using up to 1 cpu(s) for the stress calculation.

 average force= 0.001180
 time avg. forc= 0.000621
 largest residual force= 0.000167 in node 1649 and dof 1
 largest increment of disp= 7.607855e-05
 largest correction to disp= 2.344756e-06 in node 7823 and dof 1

 no convergence

 iteration 5

 Using up to 1 cpu(s) for the symmetric stiffness/mass contributions.

 Factoring the system of equations using the symmetric spooles solver
 Using up to 1 cpu(s) for spooles.

 Using up to 1 cpu(s) for the stress calculation.

 average force= 0.001180
 time avg. forc= 0.000621
 largest residual force= 0.000000 in node 1649 and dof 1
 largest increment of disp= 7.607855e-05
 largest correction to disp= 1.400093e-07 in node 1831 and dof 1

 convergence

 increment 33 attempt 1 
 increment size= 5.000000e-02
 sum of previous increments=6.998617e-01
 actual step time=7.498617e-01
 actual total time=7.498617e-01

 iteration 1

 Using up to 1 cpu(s) for the stress calculation.

 Using up to 1 cpu(s) for the symmetric stiffness/mass contributions.

 Factoring the system of equations using the symmetric spooles solver
 Using up to 1 cpu(s) for spooles.

 Using up to 1 cpu(s) for the stress calculation.

 average force= 0.001250
 time avg. forc= 0.000640
 largest residual force= 0.020957 in node 1656 and dof 1
 largest increment of disp= 7.601295e-05
 largest correction to disp= 2.503376e-05 in node 7823 and dof 1

 no convergence

 iteration 2

 Using up to 1 cpu(s) for the symmetric stiffness/mass contributions.

 Factoring the system of equations using the symmetric spooles solver
 Using up to 1 cpu(s) for spooles.

 Using up to 1 cpu(s) for the stress calculation.

 average force= 0.001756
 time avg. forc= 0.000655
 largest residual force= 0.447205 in node 1647 and dof 1
 largest increment of disp= 1.172505e-04
 largest correction to disp= 1.172505e-04 in node 7814 and dof 1

 no convergence

 iteration 3

 Using up to 1 cpu(s) for the symmetric stiffness/mass contributions.

 Factoring the system of equations using the symmetric spooles solver
 Using up to 1 cpu(s) for spooles.

 Using up to 1 cpu(s) for the stress calculation.

 average force= 0.001250
 time avg. forc= 0.000640
 largest residual force= 0.002226 in node 1646 and dof 1
 largest increment of disp= 1.172505e-04
 largest correction to disp= 7.086931e-06 in node 7828 and dof 1

 no convergence

 iteration 4

 Using up to 1 cpu(s) for the symmetric stiffness/mass contributions.

 Factoring the system of equations using the symmetric spooles solver
 Using up to 1 cpu(s) for spooles.

 Using up to 1 cpu(s) for the stress calculation.

 average force= 0.024488
 time avg. forc= 0.001344
 largest residual force= 18.208035 in node 1650 and dof 1
 largest increment of disp= 6.893691e-04
 largest correction to disp= 6.893691e-04 in node 7823 and dof 1

 no convergence

 iteration 5

 Using up to 1 cpu(s) for the symmetric stiffness/mass contributions.

 Factoring the system of equations using the symmetric spooles solver
 Using up to 1 cpu(s) for spooles.

 Using up to 1 cpu(s) for the stress calculation.

 average force= 245.285155
 time avg. forc= 7.433486
 largest residual force= 345216.424035 in node 1849 and dof 3
 largest increment of disp= 1.876262e-02
 largest correction to disp= 1.876262e-02 in node 7386 and dof 2

 divergence; the increment size is decreased to 1.250000e-02
 the increment is reattempted

 increment 33 attempt 2 
 increment size= 1.250000e-02
 sum of previous increments=6.998617e-01
 actual step time=7.123617e-01
 actual total time=7.123617e-01

 iteration 1

 Using up to 1 cpu(s) for the stress calculation.

 Using up to 1 cpu(s) for the symmetric stiffness/mass contributions.

 Factoring the system of equations using the symmetric spooles solver
 Using up to 1 cpu(s) for spooles.

 Using up to 1 cpu(s) for the stress calculation.

 average force= 0.001196
 time avg. forc= 0.000638
 largest residual force= 0.000006 in node 1642 and dof 1
 largest increment of disp= 1.900324e-05
 largest correction to disp= 5.862958e-07 in node 6015 and dof 2

 no convergence

 iteration 2

 Using up to 1 cpu(s) for the symmetric stiffness/mass contributions.

 Factoring the system of equations using the symmetric spooles solver
 Using up to 1 cpu(s) for spooles.

 Using up to 1 cpu(s) for the stress calculation.

 average force= 0.001196
 time avg. forc= 0.000638
 largest residual force= 0.000000 in node 1642 and dof 1
 largest increment of disp= 1.900324e-05
 largest correction to disp= 7.762454e-08 in node 7823 and dof 1

 convergence

 increment 34 attempt 1 
 increment size= 1.250000e-02
 sum of previous increments=7.123617e-01
 actual step time=7.248617e-01
 actual total time=7.248617e-01

 iteration 1

 Using up to 1 cpu(s) for the stress calculation.

 Using up to 1 cpu(s) for the symmetric stiffness/mass contributions.

 Factoring the system of equations using the symmetric spooles solver
 Using up to 1 cpu(s) for spooles.

 Using up to 1 cpu(s) for the stress calculation.

 average force= 0.001212
 time avg. forc= 0.000655
 largest residual force= 0.000002 in node 1776 and dof 1
 largest increment of disp= 1.899941e-05
 largest correction to disp= 2.581192e-07 in node 6728 and dof 2

 no convergence

 iteration 2

 Using up to 1 cpu(s) for the symmetric stiffness/mass contributions.

 Factoring the system of equations using the symmetric spooles solver
 Using up to 1 cpu(s) for spooles.

 Using up to 1 cpu(s) for the stress calculation.

 average force= 0.001212
 time avg. forc= 0.000655
 largest residual force= 0.000000 in node 1642 and dof 1
 largest increment of disp= 1.899941e-05
 largest correction to disp= 1.660616e-08 in node 5312 and dof 2

 convergence; the increment size is increased to 1.875000e-02

 increment 35 attempt 1 
 increment size= 1.875000e-02
 sum of previous increments=7.248617e-01
 actual step time=7.436117e-01
 actual total time=7.436117e-01

 iteration 1

 Using up to 1 cpu(s) for the stress calculation.

 Using up to 1 cpu(s) for the symmetric stiffness/mass contributions.

 Factoring the system of equations using the symmetric spooles solver
 Using up to 1 cpu(s) for spooles.

 Using up to 1 cpu(s) for the stress calculation.

 average force= 0.001236
 time avg. forc= 0.000672
 largest residual force= 0.000010 in node 1642 and dof 1
 largest increment of disp= 2.851086e-05
 largest correction to disp= 5.751429e-07 in node 6728 and dof 2

 no convergence

 iteration 2

 Using up to 1 cpu(s) for the symmetric stiffness/mass contributions.

 Factoring the system of equations using the symmetric spooles solver
 Using up to 1 cpu(s) for spooles.

 Using up to 1 cpu(s) for the stress calculation.

 average force= 0.001236
 time avg. forc= 0.000672
 largest residual force= 0.000000 in node 1642 and dof 1
 largest increment of disp= 2.851086e-05
 largest correction to disp= 7.496064e-08 in node 5312 and dof 2

 convergence; the increment size is increased to 2.812500e-02

 Using up to 1 cpu(s) for the stress calculation.

 increment 36 attempt 1 
 increment size= 2.812500e-02
 sum of previous increments=7.436117e-01
 actual step time=7.717367e-01
 actual total time=7.717367e-01

 iteration 1

 Using up to 1 cpu(s) for the stress calculation.

 Using up to 1 cpu(s) for the symmetric stiffness/mass contributions.

 Factoring the system of equations using the symmetric spooles solver
 Using up to 1 cpu(s) for spooles.

 Using up to 1 cpu(s) for the stress calculation.

 average force= 0.001273
 time avg. forc= 0.000689
 largest residual force= 0.000074 in node 1642 and dof 1
 largest increment of disp= 4.279953e-05
 largest correction to disp= 1.524184e-06 in node 6728 and dof 2

 no convergence

 iteration 2

 Using up to 1 cpu(s) for the symmetric stiffness/mass contributions.

 Factoring the system of equations using the symmetric spooles solver
 Using up to 1 cpu(s) for spooles.

 Using up to 1 cpu(s) for the stress calculation.

 average force= 0.001273
 time avg. forc= 0.000689
 largest residual force= 0.000009 in node 1642 and dof 1
 largest increment of disp= 4.279953e-05
 largest correction to disp= 5.325350e-07 in node 5312 and dof 2

 no convergence

 iteration 3

 Using up to 1 cpu(s) for the symmetric stiffness/mass contributions.

 Factoring the system of equations using the symmetric spooles solver
 Using up to 1 cpu(s) for spooles.

 Using up to 1 cpu(s) for the stress calculation.

 average force= 0.001273
 time avg. forc= 0.000689
 largest residual force= 0.000000 in node 2396 and dof 2
 largest increment of disp= 4.279953e-05
 largest correction to disp= 3.452278e-09 in node 2189 and dof 2

 convergence; the increment size is increased to 4.218750e-02

 increment 37 attempt 1 
 increment size= 4.218750e-02
 sum of previous increments=7.717367e-01
 actual step time=8.139242e-01
 actual total time=8.139242e-01

 iteration 1

 Using up to 1 cpu(s) for the stress calculation.

 Using up to 1 cpu(s) for the symmetric stiffness/mass contributions.

 Factoring the system of equations using the symmetric spooles solver
 Using up to 1 cpu(s) for spooles.

 Using up to 1 cpu(s) for the stress calculation.

 average force= 0.001329
 time avg. forc= 0.000706
 largest residual force= 0.001883 in node 1654 and dof 1
 largest increment of disp= 6.429691e-05
 largest correction to disp= 7.028539e-06 in node 7853 and dof 1

 no convergence

 iteration 2

 Using up to 1 cpu(s) for the symmetric stiffness/mass contributions.

 Factoring the system of equations using the symmetric spooles solver
 Using up to 1 cpu(s) for spooles.

 Using up to 1 cpu(s) for the stress calculation.

 average force= 0.001331
 time avg. forc= 0.000706
 largest residual force= 0.001481 in node 1640 and dof 1
 largest increment of disp= 6.429691e-05
 largest correction to disp= 7.206839e-06 in node 7814 and dof 1

 no convergence

 iteration 3

 Using up to 1 cpu(s) for the symmetric stiffness/mass contributions.

 Factoring the system of equations using the symmetric spooles solver
 Using up to 1 cpu(s) for spooles.

 Using up to 1 cpu(s) for the stress calculation.

 average force= 0.001331
 time avg. forc= 0.000706
 largest residual force= 0.000024 in node 1649 and dof 1
 largest increment of disp= 6.429691e-05
 largest correction to disp= 8.754796e-07 in node 7823 and dof 1

 no convergence

 iteration 4

 Using up to 1 cpu(s) for the symmetric stiffness/mass contributions.

 Factoring the system of equations using the symmetric spooles solver
 Using up to 1 cpu(s) for spooles.

 Using up to 1 cpu(s) for the stress calculation.

 average force= 0.001331
 time avg. forc= 0.000706
 largest residual force= 0.000000 in node 1649 and dof 1
 largest increment of disp= 6.429691e-05
 largest correction to disp= 8.139836e-08 in node 7823 and dof 1

 convergence; the increment size is increased to 6.328125e-02

 the increment size exceeds the maximum allowed and is decreased to 5.000000e-02

 increment 38 attempt 1 
 increment size= 5.000000e-02
 sum of previous increments=8.139242e-01
 actual step time=8.639242e-01
 actual total time=8.639242e-01

 iteration 1

 Using up to 1 cpu(s) for the stress calculation.

 Using up to 1 cpu(s) for the symmetric stiffness/mass contributions.

 Factoring the system of equations using the symmetric spooles solver
 Using up to 1 cpu(s) for spooles.

 Using up to 1 cpu(s) for the stress calculation.

 average force= 0.001404
 time avg. forc= 0.000724
 largest residual force= 0.001292 in node 1642 and dof 1
 largest increment of disp= 7.647438e-05
 largest correction to disp= 5.319220e-06 in node 6728 and dof 2

 no convergence

 iteration 2

 Using up to 1 cpu(s) for the symmetric stiffness/mass contributions.

 Factoring the system of equations using the symmetric spooles solver
 Using up to 1 cpu(s) for spooles.

 Using up to 1 cpu(s) for the stress calculation.

 average force= 0.001413
 time avg. forc= 0.000725
 largest residual force= 0.010025 in node 1647 and dof 1
 largest increment of disp= 7.647438e-05
 largest correction to disp= 1.678985e-05 in node 8183 and dof 2

 no convergence

 iteration 3

 Using up to 1 cpu(s) for the symmetric stiffness/mass contributions.

 Factoring the system of equations using the symmetric spooles solver
 Using up to 1 cpu(s) for spooles.

 Using up to 1 cpu(s) for the stress calculation.

 average force= 0.001410
 time avg. forc= 0.000725
 largest residual force= 0.000664 in node 1640 and dof 1
 largest increment of disp= 7.647438e-05
 largest correction to disp= 5.197884e-06 in node 7814 and dof 1

 no convergence

 iteration 4

 Using up to 1 cpu(s) for the symmetric stiffness/mass contributions.

 Factoring the system of equations using the symmetric spooles solver
 Using up to 1 cpu(s) for spooles.

 Using up to 1 cpu(s) for the stress calculation.

 average force= 0.001410
 time avg. forc= 0.000725
 largest residual force= 0.000438 in node 1656 and dof 1
 largest increment of disp= 7.647438e-05
 largest correction to disp= 4.055911e-06 in node 7823 and dof 1

 no convergence

 iteration 5

 Using up to 1 cpu(s) for the symmetric stiffness/mass contributions.

 Factoring the system of equations using the symmetric spooles solver
 Using up to 1 cpu(s) for spooles.

 Using up to 1 cpu(s) for the stress calculation.

 average force= 0.001410
 time avg. forc= 0.000725
 largest residual force= 0.000003 in node 731 and dof 1
 largest increment of disp= 7.647438e-05
 largest correction to disp= 3.213131e-07 in node 7823 and dof 1

 convergence

 increment 39 attempt 1 
 increment size= 5.000000e-02
 sum of previous increments=8.639242e-01
 actual step time=9.139242e-01
 actual total time=9.139242e-01

 iteration 1

 Using up to 1 cpu(s) for the stress calculation.

 Using up to 1 cpu(s) for the symmetric stiffness/mass contributions.

 Factoring the system of equations using the symmetric spooles solver
 Using up to 1 cpu(s) for spooles.

 Using up to 1 cpu(s) for the stress calculation.

 average force= 0.001493
 time avg. forc= 0.000744
 largest residual force= 0.000484 in node 1778 and dof 1
 largest increment of disp= 7.706170e-05
 largest correction to disp= 3.860397e-06 in node 7472 and dof 2

 no convergence

 iteration 2

 Using up to 1 cpu(s) for the symmetric stiffness/mass contributions.

 Factoring the system of equations using the symmetric spooles solver
 Using up to 1 cpu(s) for spooles.

 Using up to 1 cpu(s) for the stress calculation.

 average force= 0.001498
 time avg. forc= 0.000744
 largest residual force= 0.021849 in node 1656 and dof 1
 largest increment of disp= 7.706170e-05
 largest correction to disp= 2.809767e-05 in node 7841 and dof 1

 no convergence

 iteration 3

 Using up to 1 cpu(s) for the symmetric stiffness/mass contributions.

 Factoring the system of equations using the symmetric spooles solver
 Using up to 1 cpu(s) for spooles.

 Using up to 1 cpu(s) for the stress calculation.

 average force= 0.001492
 time avg. forc= 0.000744
 largest residual force= 0.000202 in node 1795 and dof 1
 largest increment of disp= 7.706170e-05
 largest correction to disp= 2.363351e-06 in node 8234 and dof 1

 no convergence

 iteration 4

 Using up to 1 cpu(s) for the symmetric stiffness/mass contributions.

 Factoring the system of equations using the symmetric spooles solver
 Using up to 1 cpu(s) for spooles.

 Using up to 1 cpu(s) for the stress calculation.

 average force= 0.001491
 time avg. forc= 0.000744
 largest residual force= 0.000607 in node 1259 and dof 1
 largest increment of disp= 7.706170e-05
 largest correction to disp= 4.656928e-06 in node 8174 and dof 1

 no convergence

 iteration 5

 Using up to 1 cpu(s) for the symmetric stiffness/mass contributions.

 Factoring the system of equations using the symmetric spooles solver
 Using up to 1 cpu(s) for spooles.

 Using up to 1 cpu(s) for the stress calculation.

 average force= 0.001491
 time avg. forc= 0.000744
 largest residual force= 0.000000 in node 1647 and dof 1
 largest increment of disp= 7.706170e-05
 largest correction to disp= 2.486703e-07 in node 1772 and dof 1

 convergence

 increment 40 attempt 1 
 increment size= 5.000000e-02
 sum of previous increments=9.139242e-01
 actual step time=9.639242e-01
 actual total time=9.639242e-01

 iteration 1

 Using up to 1 cpu(s) for the stress calculation.

 Using up to 1 cpu(s) for the symmetric stiffness/mass contributions.

 Factoring the system of equations using the symmetric spooles solver
 Using up to 1 cpu(s) for spooles.

 Using up to 1 cpu(s) for the stress calculation.

 average force= 0.001572
 time avg. forc= 0.000765
 largest residual force= 0.000888 in node 1789 and dof 1
 largest increment of disp= 7.800106e-05
 largest correction to disp= 5.279245e-06 in node 8213 and dof 1

 no convergence

 iteration 2

 Using up to 1 cpu(s) for the symmetric stiffness/mass contributions.

 Factoring the system of equations using the symmetric spooles solver
 Using up to 1 cpu(s) for spooles.

 Using up to 1 cpu(s) for the stress calculation.

 average force= 0.001634
 time avg. forc= 0.000766
 largest residual force= 0.092660 in node 1275 and dof 1
 largest increment of disp= 7.800106e-05
 largest correction to disp= 5.729408e-05 in node 8183 and dof 1

 no convergence

 iteration 3

 Using up to 1 cpu(s) for the symmetric stiffness/mass contributions.

 Factoring the system of equations using the symmetric spooles solver
 Using up to 1 cpu(s) for spooles.

 Using up to 1 cpu(s) for the stress calculation.

 average force= 0.001555
 time avg. forc= 0.000764
 largest residual force= 0.000260 in node 1775 and dof 1
 largest increment of disp= 7.800106e-05
 largest correction to disp= 3.685619e-06 in node 8153 and dof 2

 no convergence

 iteration 4

 Using up to 1 cpu(s) for the symmetric stiffness/mass contributions.

 Factoring the system of equations using the symmetric spooles solver
 Using up to 1 cpu(s) for spooles.

 Using up to 1 cpu(s) for the stress calculation.

 average force= 0.001556
 time avg. forc= 0.000764
 largest residual force= 0.004938 in node 1775 and dof 1
 largest increment of disp= 7.800106e-05
 largest correction to disp= 1.337461e-05 in node 8174 and dof 1

 no convergence

 iteration 5

 Using up to 1 cpu(s) for the symmetric stiffness/mass contributions.

 Factoring the system of equations using the symmetric spooles solver
 Using up to 1 cpu(s) for spooles.

 Using up to 1 cpu(s) for the stress calculation.

 average force= 0.001557
 time avg. forc= 0.000764
 largest residual force= 0.000133 in node 1775 and dof 1
 largest increment of disp= 7.800106e-05
 largest correction to disp= 1.904012e-06 in node 8174 and dof 1

 no convergence

 iteration 6

 Using up to 1 cpu(s) for the symmetric stiffness/mass contributions.

 Factoring the system of equations using the symmetric spooles solver
 Using up to 1 cpu(s) for spooles.

 Using up to 1 cpu(s) for the stress calculation.

 average force= 0.001557
 time avg. forc= 0.000764
 largest residual force= 0.000055 in node 1775 and dof 1
 largest increment of disp= 7.800106e-05
 largest correction to disp= 1.349529e-06 in node 8183 and dof 1

 no convergence

 iteration 7

 Using up to 1 cpu(s) for the symmetric stiffness/mass contributions.

 Factoring the system of equations using the symmetric spooles solver
 Using up to 1 cpu(s) for spooles.

 Using up to 1 cpu(s) for the stress calculation.

 average force= 0.001557
 time avg. forc= 0.000764
 largest residual force= 0.000000 in node 1646 and dof 1
 largest increment of disp= 7.800106e-05
 largest correction to disp= 7.105344e-08 in node 1251 and dof 1

 convergence

 the increment size exceeds the remainder of the step and is decreased to 3.607576e-02

 Using up to 1 cpu(s) for the stress calculation.

 increment 41 attempt 1 
 increment size= 3.607576e-02
 sum of previous increments=9.639242e-01
 actual step time=1.000000e+00
 actual total time=1.000000e+00

 iteration 1

 Using up to 1 cpu(s) for the stress calculation.

 Using up to 1 cpu(s) for the symmetric stiffness/mass contributions.

 Factoring the system of equations using the symmetric spooles solver
 Using up to 1 cpu(s) for spooles.

 Using up to 1 cpu(s) for the stress calculation.

 average force= 0.001608
 time avg. forc= 0.000785
 largest residual force= 0.000769 in node 1789 and dof 1
 largest increment of disp= 5.396909e-05
 largest correction to disp= 4.838394e-06 in node 8198 and dof 1

 no convergence

 iteration 2

 Using up to 1 cpu(s) for the symmetric stiffness/mass contributions.

 Factoring the system of equations using the symmetric spooles solver
 Using up to 1 cpu(s) for spooles.

 Using up to 1 cpu(s) for the stress calculation.

 average force= 0.001604
 time avg. forc= 0.000785
 largest residual force= 0.003550 in node 1775 and dof 1
 largest increment of disp= 5.396909e-05
 largest correction to disp= 8.353479e-06 in node 8171 and dof 2

 no convergence

 iteration 3

 Using up to 1 cpu(s) for the symmetric stiffness/mass contributions.

 Factoring the system of equations using the symmetric spooles solver
 Using up to 1 cpu(s) for spooles.

 Using up to 1 cpu(s) for the stress calculation.

 average force= 0.001607
 time avg. forc= 0.000785
 largest residual force= 0.000094 in node 1646 and dof 1
 largest increment of disp= 5.396909e-05
 largest correction to disp= 1.712349e-06 in node 7814 and dof 1

 no convergence

 iteration 4

 Using up to 1 cpu(s) for the symmetric stiffness/mass contributions.

 Factoring the system of equations using the symmetric spooles solver
 Using up to 1 cpu(s) for spooles.

 Using up to 1 cpu(s) for the stress calculation.

 average force= 0.001607
 time avg. forc= 0.000785
 largest residual force= 0.000013 in node 1650 and dof 1
 largest increment of disp= 5.396909e-05
 largest correction to disp= 8.458879e-07 in node 1251 and dof 1

 no convergence

 iteration 5

 Using up to 1 cpu(s) for the symmetric stiffness/mass contributions.

 Factoring the system of equations using the symmetric spooles solver
 Using up to 1 cpu(s) for spooles.

 Using up to 1 cpu(s) for the stress calculation.

 average force= 0.001607
 time avg. forc= 0.000785
 largest residual force= 0.000001 in node 1650 and dof 1
 largest increment of disp= 5.396909e-05
 largest correction to disp= 7.534990e-07 in node 1771 and dof 1

 convergence

 the increment size exceeds the remainder of the step and is decreased to 0.000000e+00

 Using up to 1 cpu(s) for the stress calculation.


 Job finished

________________________________________

Total CalculiX Time: 202.632775
________________________________________
=== on-caso-2 (CCX): ccx2paraview nao encontrado dentro do container ===
    (esperado - rode 'cd cases/on-caso-2/ccx && /tmp/ccx2pv/bin/ccx2paraview on-caso-2.frd vtu' no HOST)

=== Concluido. Arquivos de saida: ===
  on-caso-2.frd  - campos CalculiX (cgx -c se disponivel)
  on-caso-2.pvd  - ParaView Data (abre direto no ParaView)
  on-caso-2.dat  - totais RF no engaste posterior (curva F_z(Dz))
  on-caso-2.sta  - status de convergencia por incremento Riks

Analise: python3 ../../../brunaStuff/analyze_on-caso-2_ccx.py
