=== on-caso-4: (re)gerando polyMesh com CONTACT_BOX=(2.3941e-03 -5.3702e-04 1.4840e-02) (2.6000e-03 5.3702e-04 3.0160e-02) ===
50:            box (2.3941e-03 -5.3702e-04 1.4840e-02) (2.6000e-03 5.3702e-04 3.0160e-02);
/*---------------------------------------------------------------------------*\
| =========                 |                                                 |
| \\      /  F ield         | OpenFOAM: The Open Source CFD Toolbox           |
|  \\    /   O peration     | Version:  2512                                  |
|   \\  /    A nd           | Website:  www.openfoam.com                      |
|    \\/     M anipulation  |                                                 |
\*---------------------------------------------------------------------------*/
Build  : _bd2b6720-20260127 OPENFOAM=2512 version=2512
Arch   : "LSB;label=32;scalar=64"
Exec   : blockMesh
Date   : Jun 01 2026
Time   : 23:39:37
Host   : deccfbfcd2e3
PID    : 223
I/O    : uncollated
Case   : /simulation/on-caso-4/solid
nProcs : 1
trapFpe: Floating point exception trapping enabled (FOAM_SIGFPE).
memory pool : not available
fileModificationChecking : Monitoring run-time modified files using timeStampMaster (fileModificationSkew 5, maxFileModificationPolls 20)
allowSystemOperations : Allowing user-supplied system call operations

// * * * * * * * * * * * * * * * * * * * * * * * * * * * * * * * * * * * * * //
Create time

--> FOAM Warning : 
    From void* Foam::dlLibraryTable::openLibrary(const Foam::fileName&, bool)
    in file db/dynamicLibrary/dlLibraryTable/dlLibraryTable.C at line 188
    Could not load "$FOAM_CASE/../src/elasticFoundation/libsolidTractionElasticFoundation.so"
/simulation/on-caso-4/solid/../src/elasticFoundation/libsolidTractionElasticFoundation.so: cannot open shared object file: No such file or directory
Creating block mesh from "system/blockMeshDict"
Creating block edges
No non-planar block faces defined
Creating topology blocks

Creating topology patches - from boundary section

Creating block mesh topology - scaling/transform applied later

Check topology

	Basic statistics
		Number of internal faces : 162
		Number of boundary faces : 54
		Number of defined boundary faces : 54
		Number of undefined boundary faces : 0
	Checking patch -> block consistency

Creating block offsets
Creating merge list (topological search)...
Deleting polyMesh directory "constant/polyMesh"

Creating polyMesh from blockMesh
Creating patches
Creating cells
Creating points with scale (0.001 0.001 0.001)
    Block 0 cell size :
        i : 0.00025 .. 0.00025
        j : 0.00025 .. 0.00025
        k : 0.003 .. 0.003

    Block 1 cell size :
        i : 7.3223264e-05 .. 7.3223264e-05
        j : 0.00025 .. 0.00025
        k : 0.003 .. 0.003

    Block 2 cell size :
        i : 7.3223264e-05 .. 7.3223264e-05
        j : 0.00025 .. 0.00025
        k : 0.003 .. 0.003

    Block 3 cell size :
        i : 7.3223264e-05 .. 7.3223264e-05
        j : 0.00025 .. 0.00025
        k : 0.003 .. 0.003

    Block 4 cell size :
        i : 7.3223264e-05 .. 7.3223264e-05
        j : 0.00025 .. 0.00025
        k : 0.003 .. 0.003

    Block 5 cell size :
        i : 5.0000935e-05 .. 5.0000935e-05
        j : 0.00039157855 .. 0.00039157855
        k : 0.003 .. 0.003

    Block 6 cell size :
        i : 5.0000935e-05 .. 5.0000935e-05
        j : 0.00039157855 .. 0.00039157855
        k : 0.003 .. 0.003

    Block 7 cell size :
        i : 5.0000935e-05 .. 5.0000935e-05
        j : 0.00039157855 .. 0.00039157855
        k : 0.003 .. 0.003

    Block 8 cell size :
        i : 5.0000935e-05 .. 5.0000935e-05
        j : 0.00039157855 .. 0.00039157855
        k : 0.003 .. 0.003

    Block 9 cell size :
        i : 0.00014999998 .. 0.00014999998
        j : 0.00040463126 .. 0.00040463126
        k : 0.003 .. 0.003

    Block 10 cell size :
        i : 0.00014999998 .. 0.00014999998
        j : 0.00040463126 .. 0.00040463126
        k : 0.003 .. 0.003

    Block 11 cell size :
        i : 0.00014999998 .. 0.00014999998
        j : 0.00040463126 .. 0.00040463126
        k : 0.003 .. 0.003

    Block 12 cell size :
        i : 0.00014999998 .. 0.00014999998
        j : 0.00040463126 .. 0.00040463126
        k : 0.003 .. 0.003

    Block 13 cell size :
        i : 0.00011666649 .. 0.00011666649
        j : 0.00052210483 .. 0.00052210483
        k : 0.003 .. 0.003

    Block 14 cell size :
        i : 0.00011666649 .. 0.00011666649
        j : 0.00052210483 .. 0.00052210483
        k : 0.003 .. 0.003

    Block 15 cell size :
        i : 0.00011666649 .. 0.00011666649
        j : 0.00052210483 .. 0.00052210483
        k : 0.003 .. 0.003

    Block 16 cell size :
        i : 0.00011666649 .. 0.00011666649
        j : 0.00052210483 .. 0.00052210483
        k : 0.003 .. 0.003

    Block 17 cell size :
        i : 7.4999988e-05 .. 7.4999988e-05
        j : 0.00061347311 .. 0.00061347311
        k : 0.003 .. 0.003

    Block 18 cell size :
        i : 7.4999988e-05 .. 7.4999988e-05
        j : 0.00061347311 .. 0.00061347311
        k : 0.003 .. 0.003

    Block 19 cell size :
        i : 7.4999988e-05 .. 7.4999988e-05
        j : 0.00061347311 .. 0.00061347311
        k : 0.003 .. 0.003

    Block 20 cell size :
        i : 7.4999988e-05 .. 7.4999988e-05
        j : 0.00061347311 .. 0.00061347311
        k : 0.003 .. 0.003

    Block 21 cell size :
        i : 0.00025 .. 0.00025
        j : 0.00025 .. 0.00025
        k : 0.0003 .. 0.0003

    Block 22 cell size :
        i : 7.3223264e-05 .. 7.3223264e-05
        j : 0.00025 .. 0.00025
        k : 0.0003 .. 0.0003

    Block 23 cell size :
        i : 7.3223264e-05 .. 7.3223264e-05
        j : 0.00025 .. 0.00025
        k : 0.0003 .. 0.0003

    Block 24 cell size :
        i : 7.3223264e-05 .. 7.3223264e-05
        j : 0.00025 .. 0.00025
        k : 0.0003 .. 0.0003

    Block 25 cell size :
        i : 7.3223264e-05 .. 7.3223264e-05
        j : 0.00025 .. 0.00025
        k : 0.0003 .. 0.0003

    Block 26 cell size :
        i : 5.0000935e-05 .. 5.0000935e-05
        j : 0.00039157855 .. 0.00039157855
        k : 0.0003 .. 0.0003

    Block 27 cell size :
        i : 5.0000935e-05 .. 5.0000935e-05
        j : 0.00039157855 .. 0.00039157855
        k : 0.0003 .. 0.0003

    Block 28 cell size :
        i : 5.0000935e-05 .. 5.0000935e-05
        j : 0.00039157855 .. 0.00039157855
        k : 0.0003 .. 0.0003

    Block 29 cell size :
        i : 5.0000935e-05 .. 5.0000935e-05
        j : 0.00039157855 .. 0.00039157855
        k : 0.0003 .. 0.0003

    Block 30 cell size :
        i : 0.00014999998 .. 0.00014999998
        j : 0.00040463126 .. 0.00040463126
        k : 0.0003 .. 0.0003

    Block 31 cell size :
        i : 0.00014999998 .. 0.00014999998
        j : 0.00040463126 .. 0.00040463126
        k : 0.0003 .. 0.0003

    Block 32 cell size :
        i : 0.00014999998 .. 0.00014999998
        j : 0.00040463126 .. 0.00040463126
        k : 0.0003 .. 0.0003

    Block 33 cell size :
        i : 0.00014999998 .. 0.00014999998
        j : 0.00040463126 .. 0.00040463126
        k : 0.0003 .. 0.0003

    Block 34 cell size :
        i : 0.00011666649 .. 0.00011666649
        j : 0.00052210483 .. 0.00052210483
        k : 0.0003 .. 0.0003

    Block 35 cell size :
        i : 0.00011666649 .. 0.00011666649
        j : 0.00052210483 .. 0.00052210483
        k : 0.0003 .. 0.0003

    Block 36 cell size :
        i : 0.00011666649 .. 0.00011666649
        j : 0.00052210483 .. 0.00052210483
        k : 0.0003 .. 0.0003

    Block 37 cell size :
        i : 0.00011666649 .. 0.00011666649
        j : 0.00052210483 .. 0.00052210483
        k : 0.0003 .. 0.0003

    Block 38 cell size :
        i : 7.4999988e-05 .. 7.4999988e-05
        j : 0.00061347311 .. 0.00061347311
        k : 0.0003 .. 0.0003

    Block 39 cell size :
        i : 7.4999988e-05 .. 7.4999988e-05
        j : 0.00061347311 .. 0.00061347311
        k : 0.0003 .. 0.0003

    Block 40 cell size :
        i : 7.4999988e-05 .. 7.4999988e-05
        j : 0.00061347311 .. 0.00061347311
        k : 0.0003 .. 0.0003

    Block 41 cell size :
        i : 7.4999988e-05 .. 7.4999988e-05
        j : 0.00061347311 .. 0.00061347311
        k : 0.0003 .. 0.0003

    Block 42 cell size :
        i : 0.00025 .. 0.00025
        j : 0.00025 .. 0.00025
        k : 0.0005 .. 0.0005

    Block 43 cell size :
        i : 7.3223264e-05 .. 7.3223264e-05
        j : 0.00025 .. 0.00025
        k : 0.0005 .. 0.0005

    Block 44 cell size :
        i : 7.3223264e-05 .. 7.3223264e-05
        j : 0.00025 .. 0.00025
        k : 0.0005 .. 0.0005

    Block 45 cell size :
        i : 7.3223264e-05 .. 7.3223264e-05
        j : 0.00025 .. 0.00025
        k : 0.0005 .. 0.0005

    Block 46 cell size :
        i : 7.3223264e-05 .. 7.3223264e-05
        j : 0.00025 .. 0.00025
        k : 0.0005 .. 0.0005

    Block 47 cell size :
        i : 5.0000935e-05 .. 5.0000935e-05
        j : 0.00039157855 .. 0.00039157855
        k : 0.0005 .. 0.0005

    Block 48 cell size :
        i : 5.0000935e-05 .. 5.0000935e-05
        j : 0.00039157855 .. 0.00039157855
        k : 0.0005 .. 0.0005

    Block 49 cell size :
        i : 5.0000935e-05 .. 5.0000935e-05
        j : 0.00039157855 .. 0.00039157855
        k : 0.0005 .. 0.0005

    Block 50 cell size :
        i : 5.0000935e-05 .. 5.0000935e-05
        j : 0.00039157855 .. 0.00039157855
        k : 0.0005 .. 0.0005

    Block 51 cell size :
        i : 0.00014999998 .. 0.00014999998
        j : 0.00040463126 .. 0.00040463126
        k : 0.0005 .. 0.0005

    Block 52 cell size :
        i : 0.00014999998 .. 0.00014999998
        j : 0.00040463126 .. 0.00040463126
        k : 0.0005 .. 0.0005

    Block 53 cell size :
        i : 0.00014999998 .. 0.00014999998
        j : 0.00040463126 .. 0.00040463126
        k : 0.0005 .. 0.0005

    Block 54 cell size :
        i : 0.00014999998 .. 0.00014999998
        j : 0.00040463126 .. 0.00040463126
        k : 0.0005 .. 0.0005

    Block 55 cell size :
        i : 0.00011666649 .. 0.00011666649
        j : 0.00052210483 .. 0.00052210483
        k : 0.0005 .. 0.0005

    Block 56 cell size :
        i : 0.00011666649 .. 0.00011666649
        j : 0.00052210483 .. 0.00052210483
        k : 0.0005 .. 0.0005

    Block 57 cell size :
        i : 0.00011666649 .. 0.00011666649
        j : 0.00052210483 .. 0.00052210483
        k : 0.0005 .. 0.0005

    Block 58 cell size :
        i : 0.00011666649 .. 0.00011666649
        j : 0.00052210483 .. 0.00052210483
        k : 0.0005 .. 0.0005

    Block 59 cell size :
        i : 7.4999988e-05 .. 7.4999988e-05
        j : 0.00061347311 .. 0.00061347311
        k : 0.0005 .. 0.0005

    Block 60 cell size :
        i : 7.4999988e-05 .. 7.4999988e-05
        j : 0.00061347311 .. 0.00061347311
        k : 0.0005 .. 0.0005

    Block 61 cell size :
        i : 7.4999988e-05 .. 7.4999988e-05
        j : 0.00061347311 .. 0.00061347311
        k : 0.0005 .. 0.0005

    Block 62 cell size :
        i : 7.4999988e-05 .. 7.4999988e-05
        j : 0.00061347311 .. 0.00061347311
        k : 0.0005 .. 0.0005

Adding cell zones
    0	on
    1	pia
    2	sas
    3	dura
    4	lc
    5	sclera_peri
    6	sclera_ring
    7	globo
No patch pairs to merge

Writing polyMesh with 8 cellZones
----------------
Mesh Information
----------------
  boundingBox: (-0.0025 -0.0025 0) (0.0025 0.0025 0.0308)
  nPoints: 5317
  nCells: 4752
  nFaces: 14796
  nInternalFaces: 13716
----------------
Cell Zones
----------------
  zone 0 (size: 1800) name: on
  zone 1 (size: 240) name: pia
  zone 2 (size: 1440) name: sas
  zone 3 (size: 480) name: dura
  zone 4 (size: 180) name: lc
  zone 5 (size: 96) name: sclera_peri
  zone 6 (size: 120) name: sclera_ring
  zone 7 (size: 396) name: globo
----------------
Patches
----------------
  patch 0 (start: 13716 size: 180) name: posterior_on
  patch 1 (start: 13896 size: 24) name: posterior_pia
  patch 2 (start: 13920 size: 144) name: posterior_sas
  patch 3 (start: 14064 size: 48) name: posterior_dura
  patch 4 (start: 14112 size: 240) name: dura_outer
  patch 5 (start: 14352 size: 24) name: sclera_ring_outer
  patch 6 (start: 14376 size: 24) name: globo_outer
  patch 7 (start: 14400 size: 396) name: anterior_globo

End

/*---------------------------------------------------------------------------*\
| =========                 |                                                 |
| \\      /  F ield         | OpenFOAM: The Open Source CFD Toolbox           |
|  \\    /   O peration     | Version:  2512                                  |
|   \\  /    A nd           | Website:  www.openfoam.com                      |
|    \\/     M anipulation  |                                                 |
\*---------------------------------------------------------------------------*/
Build  : _bd2b6720-20260127 OPENFOAM=2512 version=2512
Arch   : "LSB;label=32;scalar=64"
Exec   : topoSet -dict system/topoSetDict_contact
Date   : Jun 01 2026
Time   : 23:39:37
Host   : deccfbfcd2e3
PID    : 225
I/O    : uncollated
Case   : /simulation/on-caso-4/solid
nProcs : 1
trapFpe: Floating point exception trapping enabled (FOAM_SIGFPE).
memory pool : not available
fileModificationChecking : Monitoring run-time modified files using timeStampMaster (fileModificationSkew 5, maxFileModificationPolls 20)
allowSystemOperations : Allowing user-supplied system call operations

// * * * * * * * * * * * * * * * * * * * * * * * * * * * * * * * * * * * * * //
Create time

--> FOAM Warning : 
    From void* Foam::dlLibraryTable::openLibrary(const Foam::fileName&, bool)
    in file db/dynamicLibrary/dlLibraryTable/dlLibraryTable.C at line 188
    Could not load "$FOAM_CASE/../src/elasticFoundation/libsolidTractionElasticFoundation.so"
/simulation/on-caso-4/solid/../src/elasticFoundation/libsolidTractionElasticFoundation.so: cannot open shared object file: No such file or directory
Create polyMesh for time = 0

Reading topoSetDict_contact

Time = 0
    mesh not changed.
Created faceSet contact_local
    Applying source patchToFace
--> FOAM IOWarning :
    Found [v1806] 'name' entry instead of 'patch' in dictionary "system/topoSetDict_contact/actions/sourceInfo"

    This keyword is 90 months old.

    Adding all faces of patches: (dura_outer) ...
    Found matching patch dura_outer with 240 faces
    faceSet contact_local now size 240
Read set faceSet contact_local size:240
    Applying source boxToFace
    Adding faces with centre within boxes 1((0.0023941 -0.00053702 0.01484) (0.0026 0.00053702 0.03016))
    faceSet contact_local now size 10

End

/*---------------------------------------------------------------------------*\
| =========                 |                                                 |
| \\      /  F ield         | OpenFOAM: The Open Source CFD Toolbox           |
|  \\    /   O peration     | Version:  2512                                  |
|   \\  /    A nd           | Website:  www.openfoam.com                      |
|    \\/     M anipulation  |                                                 |
\*---------------------------------------------------------------------------*/
Build  : _bd2b6720-20260127 OPENFOAM=2512 version=2512
Arch   : "LSB;label=32;scalar=64"
Exec   : createPatch -overwrite -dict system/createPatchDict_contact
Date   : Jun 01 2026
Time   : 23:39:38
Host   : deccfbfcd2e3
PID    : 227
I/O    : uncollated
Case   : /simulation/on-caso-4/solid
nProcs : 1
trapFpe: Floating point exception trapping enabled (FOAM_SIGFPE).
memory pool : not available
fileModificationChecking : Monitoring run-time modified files using timeStampMaster (fileModificationSkew 5, maxFileModificationPolls 20)
allowSystemOperations : Allowing user-supplied system call operations

// * * * * * * * * * * * * * * * * * * * * * * * * * * * * * * * * * * * * * //
Create time

--> FOAM Warning : 
    From void* Foam::dlLibraryTable::openLibrary(const Foam::fileName&, bool)
    in file db/dynamicLibrary/dlLibraryTable/dlLibraryTable.C at line 188
    Could not load "$FOAM_CASE/../src/elasticFoundation/libsolidTractionElasticFoundation.so"
/simulation/on-caso-4/solid/../src/elasticFoundation/libsolidTractionElasticFoundation.so: cannot open shared object file: No such file or directory
Create mesh for time = 0

Reading "system/createPatchDict_contact"



Adding patches to mesh region0

Adding new patch contact_local from 
{
    type            wall;
    nFaces          0;
    startFace       0;
}




Repatching mesh region0

Read 10 faces from faceSet contact_local
Doing topology modification to order faces.

Not synchronising points.

Removing patches with no faces in them.



Writing repatched mesh region0 to 0

End

=== on-caso-4 (CCX): polyMesh -> CalculiX .inp  [k_winkler=2000000 Pa/m] ===
[1/5] Lendo polyMesh em ../solid/constant/polyMesh
      nodes=5317, faces=14796, cells=4752, patches=9, zones=['on', 'pia', 'sas', 'dura', 'lc', 'sclera_peri', 'sclera_ring', 'globo']
[2/5] Reconstruindo conectividade C3D8 (4752 celulas)
      OK
[3/5] Escrevendo malha em on-caso-4_mesh.inp
      DURA_INNER_SURF: 240 faces (interface dura<->sas)
[4/5] Escrevendo Winkler em on-caso-4_winkler.inp
[5/5] Concluido. Total: 5317 nodes, 4752 hex C3D8I.
=== on-caso-4 (CCX): P_CONTACT = 18068.0 Pa (arteria) | P_CSF = 3800 Pa (inchaco) ===
221:CONTACT_LOCAL_SURF, P, 18068.0
237:DURA_INNER_SURF, P, 3800
=== on-caso-4 (CCX): solver ccx_preCICE -i on-caso-4  [tag=S2_upper] ===

************************************************************

CalculiX Version 2.20, Copyright(C) 1998-2022 Guido Dhondt
CalculiX comes with ABSOLUTELY NO WARRANTY. This is free
software, and you are welcome to redistribute it under
certain conditions, see gpl.htm

************************************************************

You are using an executable made on Sun Jul 31 18:08:37 CEST 2022

  The numbers below are estimated upper bounds

  number of:

   nodes:        19832
   elements:         5011
   one-dimensional elements:            0
   two-dimensional elements:            0
   integration points per element:            8
   degrees of freedom per node:            3
   layers per element:            1

   distributed facial loads:          250
   distributed volumetric loads:            0
   concentrated loads:            0
   single point constraints:         3038
   multiple point constraints:            1
   terms in all multiple point constraints:            1
   tie constraints:            0
   dependent nodes tied by cyclic constraints:            0
   dependent nodes in pre-tension constraints:            0

   sets:          288
   terms in all sets:        18487

   materials:          267
   constants per material and temperature:            9
   temperature points per material:            1
   plastic data points per material:            0

   orientations:            1
   amplitudes:            5
   data points in all amplitudes:            5
   print requests:            8
   transformations:            0
   property cards:            0

 *INFO reading *HYPERELASTIC: nonlinear geometric
       effects are turned on

 *INFO reading *HYPERELASTIC: nonlinear geometric
       effects are turned on

 *INFO reading *HYPERELASTIC: nonlinear geometric
       effects are turned on

 *INFO reading *HYPERELASTIC: nonlinear geometric
       effects are turned on

 *INFO reading *HYPERELASTIC: nonlinear geometric
       effects are turned on

 *INFO reading *HYPERELASTIC: nonlinear geometric
       effects are turned on

 *INFO reading *HYPERELASTIC: nonlinear geometric
       effects are turned on

 *INFO reading *STEP: nonlinear geometric
       effects are turned on

 *WARNING reading *STATIC: parameter not recognized:
          RIKS
 *WARNING reading *STATIC. Card image:
          *STATIC,RIKS

 *WARNING reading *STATIC:
          the minimum increment    1.0000000000000001E-009
          is smaller then 1.e-6 times the 
          step time;
          the minimum increment is changed
          to    9.9999999999999995E-007
          which is the minimum of the initial
          increment time and 1.e-6 times the step time

 *INFO: field control parameters set to:
        ran =    5.0000000000000001E-003
        can =    2.0000000000000000E-002
        qa0 =    0.0000000000000000     
        qau =   0.10000000000000001     
        rap =    2.0000000000000000E-002
         ea =    1.0000000000000001E-005
        cae =    1.0000000000000000E-003
        ral =    1.0000000000000000E-008

 STEP            1

 Static analysis was selected

 Nonlinear material laws are taken into account

 Newton-Raphson iterative procedure is active

 Nonlinear geometric effects are taken into account

 Decascading the MPC's

 Determining the structure of the matrix:
 Using up to 1 cpu(s) for setting up the structure of the matrix.
 number of equations
 56674
 number of nonzero lower triangular matrix elements
 1634214

 increment 1 attempt 1 
 increment size= 5.000000e-03
 sum of previous increments=0.000000e+00
 actual step time=5.000000e-03
 actual total time=5.000000e-03

 iteration 1

 Using up to 1 cpu(s) for the stress calculation.

 Using up to 1 cpu(s) for the symmetric stiffness/mass contributions.

 Factoring the system of equations using the symmetric spooles solver
 Using up to 1 cpu(s) for spooles.

 Using up to 1 cpu(s) for the stress calculation.

 average force= 0.000002
 time avg. forc= 0.100000
 largest residual force= 0.000141 in node 3344 and dof 1
 largest increment of disp= 1.180289e-05
 largest correction to disp= 1.180289e-05 in node 4076 and dof 1

 no convergence

 iteration 2

 Using up to 1 cpu(s) for the symmetric stiffness/mass contributions.

 Factoring the system of equations using the symmetric spooles solver
 Using up to 1 cpu(s) for spooles.

 Using up to 1 cpu(s) for the stress calculation.

 average force= 0.000002
 time avg. forc= 0.100000
 largest residual force= 0.000003 in node 2190 and dof 1
 largest increment of disp= 1.180289e-05
 largest correction to disp= 2.031690e-06 in node 4076 and dof 1

 no convergence

 iteration 3

 Using up to 1 cpu(s) for the symmetric stiffness/mass contributions.

 Factoring the system of equations using the symmetric spooles solver
 Using up to 1 cpu(s) for spooles.

 Using up to 1 cpu(s) for the stress calculation.

 average force= 0.000002
 time avg. forc= 0.100000
 largest residual force= 0.000000 in node 4287 and dof 3
 largest increment of disp= 1.180289e-05
 largest correction to disp= 1.730887e-08 in node 4286 and dof 1

 convergence

 increment 2 attempt 1 
 increment size= 5.000000e-03
 sum of previous increments=5.000000e-03
 actual step time=1.000000e-02
 actual total time=1.000000e-02

 iteration 1

 Using up to 1 cpu(s) for the stress calculation.

 Using up to 1 cpu(s) for the symmetric stiffness/mass contributions.

 Factoring the system of equations using the symmetric spooles solver
 Using up to 1 cpu(s) for spooles.

 Using up to 1 cpu(s) for the stress calculation.

 average force= 0.000003
 time avg. forc= 0.100000
 largest residual force= 0.000000 in node 2190 and dof 1
 largest increment of disp= 9.768018e-06
 largest correction to disp= 1.168931e-06 in node 4076 and dof 1

 no convergence

 iteration 2

 Using up to 1 cpu(s) for the symmetric stiffness/mass contributions.

 Factoring the system of equations using the symmetric spooles solver
 Using up to 1 cpu(s) for spooles.

 Using up to 1 cpu(s) for the stress calculation.

 average force= 0.000003
 time avg. forc= 0.100000
 largest residual force= 0.000000 in node 4287 and dof 1
 largest increment of disp= 9.768018e-06
 largest correction to disp= 1.108329e-08 in node 3653 and dof 1

 convergence; the increment size is increased to 7.500000e-03

 increment 3 attempt 1 
 increment size= 7.500000e-03
 sum of previous increments=1.000000e-02
 actual step time=1.750000e-02
 actual total time=1.750000e-02

 iteration 1

 Using up to 1 cpu(s) for the stress calculation.

 Using up to 1 cpu(s) for the symmetric stiffness/mass contributions.

 Factoring the system of equations using the symmetric spooles solver
 Using up to 1 cpu(s) for spooles.

 Using up to 1 cpu(s) for the stress calculation.

 average force= 0.000005
 time avg. forc= 0.100000
 largest residual force= 0.000000 in node 4081 and dof 1
 largest increment of disp= 1.289717e-05
 largest correction to disp= 1.398506e-07 in node 3653 and dof 1

 no convergence

 iteration 2

 Using up to 1 cpu(s) for the symmetric stiffness/mass contributions.

 Factoring the system of equations using the symmetric spooles solver
 Using up to 1 cpu(s) for spooles.

 Using up to 1 cpu(s) for the stress calculation.

 average force= 0.000005
 time avg. forc= 0.100000
 largest residual force= 0.000000 in node 4275 and dof 3
 largest increment of disp= 1.289717e-05
 largest correction to disp= 7.054761e-10 in node 4286 and dof 1

 convergence; the increment size is increased to 1.125000e-02

 increment 4 attempt 1 
 increment size= 1.125000e-02
 sum of previous increments=1.750000e-02
 actual step time=2.875000e-02
 actual total time=2.875000e-02

 iteration 1

 Using up to 1 cpu(s) for the stress calculation.

 Using up to 1 cpu(s) for the symmetric stiffness/mass contributions.

 Factoring the system of equations using the symmetric spooles solver
 Using up to 1 cpu(s) for spooles.

 Using up to 1 cpu(s) for the stress calculation.

 average force= 0.000009
 time avg. forc= 0.100000
 largest residual force= 0.000000 in node 4073 and dof 1
 largest increment of disp= 1.928294e-05
 largest correction to disp= 1.059789e-07 in node 4468 and dof 2

 no convergence

 iteration 2

 Using up to 1 cpu(s) for the symmetric stiffness/mass contributions.

 Factoring the system of equations using the symmetric spooles solver
 Using up to 1 cpu(s) for spooles.

 Using up to 1 cpu(s) for the stress calculation.

 average force= 0.000009
 time avg. forc= 0.100000
 largest residual force= 0.000000 in node 4079 and dof 1
 largest increment of disp= 1.928294e-05
 largest correction to disp= 9.380765e-10 in node 4076 and dof 1

 convergence; the increment size is increased to 1.687500e-02

 increment 5 attempt 1 
 increment size= 1.687500e-02
 sum of previous increments=2.875000e-02
 actual step time=4.562500e-02
 actual total time=4.562500e-02

 iteration 1

 Using up to 1 cpu(s) for the stress calculation.

 Using up to 1 cpu(s) for the symmetric stiffness/mass contributions.

 Factoring the system of equations using the symmetric spooles solver
 Using up to 1 cpu(s) for spooles.

 Using up to 1 cpu(s) for the stress calculation.

 average force= 0.000014
 time avg. forc= 0.100000
 largest residual force= 0.000000 in node 4081 and dof 1
 largest increment of disp= 2.891706e-05
 largest correction to disp= 3.151596e-07 in node 14259 and dof 1

 no convergence

 iteration 2

 Using up to 1 cpu(s) for the symmetric stiffness/mass contributions.

 Factoring the system of equations using the symmetric spooles solver
 Using up to 1 cpu(s) for spooles.

 Using up to 1 cpu(s) for the stress calculation.

 average force= 0.000014
 time avg. forc= 0.100000
 largest residual force= 0.000000 in node 4075 and dof 1
 largest increment of disp= 2.891706e-05
 largest correction to disp= 4.023493e-09 in node 4076 and dof 1

 convergence; the increment size is increased to 2.531250e-02

 the increment size exceeds the maximum allowed and is decreased to 2.000000e-02

 Using up to 1 cpu(s) for the stress calculation.

 increment 6 attempt 1 
 increment size= 2.000000e-02
 sum of previous increments=4.562500e-02
 actual step time=6.562500e-02
 actual total time=6.562500e-02

 iteration 1

 Using up to 1 cpu(s) for the stress calculation.

 Using up to 1 cpu(s) for the symmetric stiffness/mass contributions.

 Factoring the system of equations using the symmetric spooles solver
 Using up to 1 cpu(s) for spooles.

 Using up to 1 cpu(s) for the stress calculation.

 average force= 0.000020
 time avg. forc= 0.100000
 largest residual force= 0.000002 in node 4081 and dof 1
 largest increment of disp= 3.427045e-05
 largest correction to disp= 1.082633e-06 in node 14259 and dof 1

 no convergence

 iteration 2

 Using up to 1 cpu(s) for the symmetric stiffness/mass contributions.

 Factoring the system of equations using the symmetric spooles solver
 Using up to 1 cpu(s) for spooles.

 Using up to 1 cpu(s) for the stress calculation.

 average force= 0.000020
 time avg. forc= 0.100000
 largest residual force= 0.000000 in node 4079 and dof 1
 largest increment of disp= 3.427045e-05
 largest correction to disp= 9.874788e-09 in node 4076 and dof 1

 convergence; the increment size is increased to 3.000000e-02

 the increment size exceeds the maximum allowed and is decreased to 2.000000e-02

 increment 7 attempt 1 
 increment size= 2.000000e-02
 sum of previous increments=6.562500e-02
 actual step time=8.562500e-02
 actual total time=8.562500e-02

 iteration 1

 Using up to 1 cpu(s) for the stress calculation.

 Using up to 1 cpu(s) for the symmetric stiffness/mass contributions.

 Factoring the system of equations using the symmetric spooles solver
 Using up to 1 cpu(s) for spooles.

 Using up to 1 cpu(s) for the stress calculation.

 average force= 0.000026
 time avg. forc= 0.100000
 largest residual force= 0.000002 in node 4073 and dof 1
 largest increment of disp= 3.424277e-05
 largest correction to disp= 2.436288e-05 in node 14203 and dof 1

 no convergence

 iteration 2

 Using up to 1 cpu(s) for the symmetric stiffness/mass contributions.

 Factoring the system of equations using the symmetric spooles solver
 Using up to 1 cpu(s) for spooles.

 Using up to 1 cpu(s) for the stress calculation.

 average force= 0.000026
 time avg. forc= 0.100000
 largest residual force= 0.000000 in node 3337 and dof 1
 largest increment of disp= 3.424277e-05
 largest correction to disp= 3.514862e-06 in node 14203 and dof 1

 convergence; the increment size is increased to 3.000000e-02

 the increment size exceeds the maximum allowed and is decreased to 2.000000e-02

 increment 8 attempt 1 
 increment size= 2.000000e-02
 sum of previous increments=8.562500e-02
 actual step time=1.056250e-01
 actual total time=1.056250e-01

 iteration 1

 Using up to 1 cpu(s) for the stress calculation.

 Using up to 1 cpu(s) for the symmetric stiffness/mass contributions.

 Factoring the system of equations using the symmetric spooles solver
 Using up to 1 cpu(s) for spooles.

 Using up to 1 cpu(s) for the stress calculation.

 average force= 0.000032
 time avg. forc= 0.100000
 largest residual force= 0.000006 in node 3336 and dof 1
 largest increment of disp= 6.127366e-05
 largest correction to disp= 6.127366e-05 in node 14203 and dof 1

 no convergence

 iteration 2

 Using up to 1 cpu(s) for the symmetric stiffness/mass contributions.

 Factoring the system of equations using the symmetric spooles solver
 Using up to 1 cpu(s) for spooles.

 Using up to 1 cpu(s) for the stress calculation.

 average force= 0.000032
 time avg. forc= 0.100000
 largest residual force= 0.000000 in node 3336 and dof 1
 largest increment of disp= 6.127366e-05
 largest correction to disp= 3.315081e-06 in node 14203 and dof 1

 convergence; the increment size is increased to 3.000000e-02

 the increment size exceeds the maximum allowed and is decreased to 2.000000e-02

 increment 9 attempt 1 
 increment size= 2.000000e-02
 sum of previous increments=1.056250e-01
 actual step time=1.256250e-01
 actual total time=1.256250e-01

 iteration 1

 Using up to 1 cpu(s) for the stress calculation.

 Using up to 1 cpu(s) for the symmetric stiffness/mass contributions.

 Factoring the system of equations using the symmetric spooles solver
 Using up to 1 cpu(s) for spooles.

 Using up to 1 cpu(s) for the stress calculation.

 average force= 0.000038
 time avg. forc= 0.100000
 largest residual force= 0.000003 in node 3336 and dof 1
 largest increment of disp= 3.847681e-05
 largest correction to disp= 3.847681e-05 in node 14203 and dof 1

 no convergence

 iteration 2

 Using up to 1 cpu(s) for the symmetric stiffness/mass contributions.

 Factoring the system of equations using the symmetric spooles solver
 Using up to 1 cpu(s) for spooles.

 Using up to 1 cpu(s) for the stress calculation.

 average force= 0.000038
 time avg. forc= 0.100000
 largest residual force= 0.000000 in node 2175 and dof 1
 largest increment of disp= 3.847681e-05
 largest correction to disp= 8.541089e-07 in node 14214 and dof 1

 convergence; the increment size is increased to 3.000000e-02

 the increment size exceeds the maximum allowed and is decreased to 2.000000e-02

 increment 10 attempt 1 
 increment size= 2.000000e-02
 sum of previous increments=1.256250e-01
 actual step time=1.456250e-01
 actual total time=1.456250e-01

 iteration 1

 Using up to 1 cpu(s) for the stress calculation.

 Using up to 1 cpu(s) for the symmetric stiffness/mass contributions.

 Factoring the system of equations using the symmetric spooles solver
 Using up to 1 cpu(s) for spooles.

 Using up to 1 cpu(s) for the stress calculation.

 average force= 0.000044
 time avg. forc= 0.100000
 largest residual force= 0.000002 in node 4073 and dof 1
 largest increment of disp= 3.393654e-05
 largest correction to disp= 1.074307e-05 in node 14212 and dof 1

 no convergence

 iteration 2

 Using up to 1 cpu(s) for the symmetric stiffness/mass contributions.

 Factoring the system of equations using the symmetric spooles solver
 Using up to 1 cpu(s) for spooles.

 Using up to 1 cpu(s) for the stress calculation.

 average force= 0.000044
 time avg. forc= 0.100000
 largest residual force= 0.000000 in node 4089 and dof 1
 largest increment of disp= 3.393654e-05
 largest correction to disp= 2.337876e-07 in node 12040 and dof 1

 convergence; the increment size is increased to 3.000000e-02

 the increment size exceeds the maximum allowed and is decreased to 2.000000e-02

 Using up to 1 cpu(s) for the stress calculation.

 increment 11 attempt 1 
 increment size= 2.000000e-02
 sum of previous increments=1.456250e-01
 actual step time=1.656250e-01
 actual total time=1.656250e-01

 iteration 1

 Using up to 1 cpu(s) for the stress calculation.

 Using up to 1 cpu(s) for the symmetric stiffness/mass contributions.

 Factoring the system of equations using the symmetric spooles solver
 Using up to 1 cpu(s) for spooles.

 Using up to 1 cpu(s) for the stress calculation.

 average force= 0.000050
 time avg. forc= 0.100000
 largest residual force= 0.000011 in node 2176 and dof 1
 largest increment of disp= 8.554534e-05
 largest correction to disp= 8.554534e-05 in node 12049 and dof 1

 no convergence

 iteration 2

 Using up to 1 cpu(s) for the symmetric stiffness/mass contributions.

 Factoring the system of equations using the symmetric spooles solver
 Using up to 1 cpu(s) for spooles.

 Using up to 1 cpu(s) for the stress calculation.

 average force= 0.000050
 time avg. forc= 0.100000
 largest residual force= 0.000000 in node 3338 and dof 1
 largest increment of disp= 8.554534e-05
 largest correction to disp= 1.698364e-05 in node 12049 and dof 1

 convergence; the increment size is increased to 3.000000e-02

 the increment size exceeds the maximum allowed and is decreased to 2.000000e-02

 increment 12 attempt 1 
 increment size= 2.000000e-02
 sum of previous increments=1.656250e-01
 actual step time=1.856250e-01
 actual total time=1.856250e-01

 iteration 1

 Using up to 1 cpu(s) for the stress calculation.

 Using up to 1 cpu(s) for the symmetric stiffness/mass contributions.

 Factoring the system of equations using the symmetric spooles solver
 Using up to 1 cpu(s) for spooles.

 Using up to 1 cpu(s) for the stress calculation.

 average force= 0.000057
 time avg. forc= 0.100000
 largest residual force= 0.000281 in node 2544 and dof 1
 largest increment of disp= 4.813757e-04
 largest correction to disp= 4.813757e-04 in node 12103 and dof 1

 no convergence

 iteration 2

 Using up to 1 cpu(s) for the symmetric stiffness/mass contributions.

 Factoring the system of equations using the symmetric spooles solver
 Using up to 1 cpu(s) for spooles.

 Using up to 1 cpu(s) for the stress calculation.

 average force= 0.000057
 time avg. forc= 0.100000
 largest residual force= 0.000024 in node 2544 and dof 3
 largest increment of disp= 4.813757e-04
 largest correction to disp= 1.664049e-04 in node 12103 and dof 1

 no convergence

 iteration 3

 Using up to 1 cpu(s) for the symmetric stiffness/mass contributions.

 Factoring the system of equations using the symmetric spooles solver
 Using up to 1 cpu(s) for spooles.

 Using up to 1 cpu(s) for the stress calculation.

 average force= 0.000056
 time avg. forc= 0.100000
 largest residual force= 0.000065 in node 3337 and dof 1
 largest increment of disp= 4.813757e-04
 largest correction to disp= 1.729159e-04 in node 14259 and dof 1

 no convergence

 iteration 4

 Using up to 1 cpu(s) for the symmetric stiffness/mass contributions.

 Factoring the system of equations using the symmetric spooles solver
 Using up to 1 cpu(s) for spooles.

 Using up to 1 cpu(s) for the stress calculation.

 average force= 0.000056
 time avg. forc= 0.100000
 largest residual force= 0.000010 in node 3338 and dof 1
 largest increment of disp= 4.813757e-04
 largest correction to disp= 7.672069e-05 in node 12094 and dof 1

 no convergence

 iteration 5

 Using up to 1 cpu(s) for the symmetric stiffness/mass contributions.

 Factoring the system of equations using the symmetric spooles solver
 Using up to 1 cpu(s) for spooles.

 Using up to 1 cpu(s) for the stress calculation.

 average force= 0.000056
 time avg. forc= 0.100000
 largest residual force= 0.000001 in node 3338 and dof 1
 largest increment of disp= 4.813757e-04
 largest correction to disp= 2.468063e-05 in node 14259 and dof 1

 convergence

 increment 13 attempt 1 
 increment size= 2.000000e-02
 sum of previous increments=1.856250e-01
 actual step time=2.056250e-01
 actual total time=2.056250e-01

 iteration 1

 Using up to 1 cpu(s) for the stress calculation.

 Using up to 1 cpu(s) for the symmetric stiffness/mass contributions.

 Factoring the system of equations using the symmetric spooles solver
 Using up to 1 cpu(s) for spooles.

 Using up to 1 cpu(s) for the stress calculation.

 average force= 0.000063
 time avg. forc= 0.100000
 largest residual force= 0.000142 in node 3338 and dof 1
 largest increment of disp= 2.443905e-04
 largest correction to disp= 2.443905e-04 in node 14268 and dof 1

 no convergence

 iteration 2

 Using up to 1 cpu(s) for the symmetric stiffness/mass contributions.

 Factoring the system of equations using the symmetric spooles solver
 Using up to 1 cpu(s) for spooles.

 Using up to 1 cpu(s) for the stress calculation.

 average force= 0.000063
 time avg. forc= 0.100000
 largest residual force= 0.000075 in node 3338 and dof 1
 largest increment of disp= 2.443905e-04
 largest correction to disp= 1.760148e-04 in node 14259 and dof 1

 no convergence

 iteration 3

 Using up to 1 cpu(s) for the symmetric stiffness/mass contributions.

 Factoring the system of equations using the symmetric spooles solver
 Using up to 1 cpu(s) for spooles.

 Using up to 1 cpu(s) for the stress calculation.

 average force= 0.000063
 time avg. forc= 0.100000
 largest residual force= 0.000000 in node 3338 and dof 3
 largest increment of disp= 2.443905e-04
 largest correction to disp= 2.486269e-05 in node 14205 and dof 1

 convergence

 increment 14 attempt 1 
 increment size= 2.000000e-02
 sum of previous increments=2.056250e-01
 actual step time=2.256250e-01
 actual total time=2.256250e-01

 iteration 1

 Using up to 1 cpu(s) for the stress calculation.

 Using up to 1 cpu(s) for the symmetric stiffness/mass contributions.

 Factoring the system of equations using the symmetric spooles solver
 Using up to 1 cpu(s) for spooles.

 Using up to 1 cpu(s) for the stress calculation.

 average force= 0.000069
 time avg. forc= 0.100000
 largest residual force= 0.000003 in node 3338 and dof 1
 largest increment of disp= 1.821310e-04
 largest correction to disp= 4.357303e-05 in node 12103 and dof 1

 no convergence

 iteration 2

 Using up to 1 cpu(s) for the symmetric stiffness/mass contributions.

 Factoring the system of equations using the symmetric spooles solver
 Using up to 1 cpu(s) for spooles.

 Using up to 1 cpu(s) for the stress calculation.

 average force= 0.000069
 time avg. forc= 0.100000
 largest residual force= 0.000000 in node 863 and dof 1
 largest increment of disp= 1.821310e-04
 largest correction to disp= 7.156728e-06 in node 12094 and dof 1

 convergence; the increment size is increased to 3.000000e-02

 the increment size exceeds the maximum allowed and is decreased to 2.000000e-02

 increment 15 attempt 1 
 increment size= 2.000000e-02
 sum of previous increments=2.256250e-01
 actual step time=2.456250e-01
 actual total time=2.456250e-01

 iteration 1

 Using up to 1 cpu(s) for the stress calculation.

 Using up to 1 cpu(s) for the symmetric stiffness/mass contributions.

 Factoring the system of equations using the symmetric spooles solver
 Using up to 1 cpu(s) for spooles.

 Using up to 1 cpu(s) for the stress calculation.

 average force= 0.000075
 time avg. forc= 0.100000
 largest residual force= 0.000002 in node 4081 and dof 1
 largest increment of disp= 1.314012e-04
 largest correction to disp= 2.405429e-05 in node 12103 and dof 1

 no convergence

 iteration 2

 Using up to 1 cpu(s) for the symmetric stiffness/mass contributions.

 Factoring the system of equations using the symmetric spooles solver
 Using up to 1 cpu(s) for spooles.

 Using up to 1 cpu(s) for the stress calculation.

 average force= 0.000075
 time avg. forc= 0.100000
 largest residual force= 0.000000 in node 851 and dof 1
 largest increment of disp= 1.314012e-04
 largest correction to disp= 1.403449e-06 in node 12094 and dof 1

 convergence; the increment size is increased to 3.000000e-02

 the increment size exceeds the maximum allowed and is decreased to 2.000000e-02

 Using up to 1 cpu(s) for the stress calculation.

 increment 16 attempt 1 
 increment size= 2.000000e-02
 sum of previous increments=2.456250e-01
 actual step time=2.656250e-01
 actual total time=2.656250e-01

 iteration 1

 Using up to 1 cpu(s) for the stress calculation.

 Using up to 1 cpu(s) for the symmetric stiffness/mass contributions.

 Factoring the system of equations using the symmetric spooles solver
 Using up to 1 cpu(s) for spooles.

 Using up to 1 cpu(s) for the stress calculation.

 average force= 0.000081
 time avg. forc= 0.100000
 largest residual force= 0.000002 in node 4087 and dof 1
 largest increment of disp= 1.059435e-04
 largest correction to disp= 1.616269e-05 in node 12103 and dof 1

 no convergence

 iteration 2

 Using up to 1 cpu(s) for the symmetric stiffness/mass contributions.

 Factoring the system of equations using the symmetric spooles solver
 Using up to 1 cpu(s) for spooles.

 Using up to 1 cpu(s) for the stress calculation.

 average force= 0.000081
 time avg. forc= 0.100000
 largest residual force= 0.000000 in node 4079 and dof 1
 largest increment of disp= 1.059435e-04
 largest correction to disp= 5.264439e-07 in node 12094 and dof 1

 convergence; the increment size is increased to 3.000000e-02

 the increment size exceeds the maximum allowed and is decreased to 2.000000e-02

 increment 17 attempt 1 
 increment size= 2.000000e-02
 sum of previous increments=2.656250e-01
 actual step time=2.856250e-01
 actual total time=2.856250e-01

 iteration 1

 Using up to 1 cpu(s) for the stress calculation.

 Using up to 1 cpu(s) for the symmetric stiffness/mass contributions.

 Factoring the system of equations using the symmetric spooles solver
 Using up to 1 cpu(s) for spooles.

 Using up to 1 cpu(s) for the stress calculation.

 average force= 0.000087
 time avg. forc= 0.100000
 largest residual force= 0.000002 in node 4095 and dof 1
 largest increment of disp= 8.925434e-05
 largest correction to disp= 4.007623e-05 in node 13132 and dof 1

 no convergence

 iteration 2

 Using up to 1 cpu(s) for the symmetric stiffness/mass contributions.

 Factoring the system of equations using the symmetric spooles solver
 Using up to 1 cpu(s) for spooles.

 Using up to 1 cpu(s) for the stress calculation.

 average force= 0.000087
 time avg. forc= 0.100000
 largest residual force= 0.000000 in node 2931 and dof 1
 largest increment of disp= 8.925434e-05
 largest correction to disp= 1.067560e-05 in node 13123 and dof 1

 convergence; the increment size is increased to 3.000000e-02

 the increment size exceeds the maximum allowed and is decreased to 2.000000e-02

 increment 18 attempt 1 
 increment size= 2.000000e-02
 sum of previous increments=2.856250e-01
 actual step time=3.056250e-01
 actual total time=3.056250e-01

 iteration 1

 Using up to 1 cpu(s) for the stress calculation.

 Using up to 1 cpu(s) for the symmetric stiffness/mass contributions.

 Factoring the system of equations using the symmetric spooles solver
 Using up to 1 cpu(s) for spooles.

 Using up to 1 cpu(s) for the stress calculation.

 average force= 0.000094
 time avg. forc= 0.100000
 largest residual force= 0.000230 in node 2931 and dof 1
 largest increment of disp= 4.809906e-04
 largest correction to disp= 4.809906e-04 in node 13132 and dof 1

 no convergence

 iteration 2

 Using up to 1 cpu(s) for the symmetric stiffness/mass contributions.

 Factoring the system of equations using the symmetric spooles solver
 Using up to 1 cpu(s) for spooles.

 Using up to 1 cpu(s) for the stress calculation.

 average force= 0.000094
 time avg. forc= 0.100000
 largest residual force= 0.000067 in node 1619 and dof 1
 largest increment of disp= 4.809906e-04
 largest correction to disp= 1.027671e-04 in node 13132 and dof 1

 no convergence

 iteration 3

 Using up to 1 cpu(s) for the symmetric stiffness/mass contributions.

 Factoring the system of equations using the symmetric spooles solver
 Using up to 1 cpu(s) for spooles.

 Using up to 1 cpu(s) for the stress calculation.

 average force= 0.000094
 time avg. forc= 0.100000
 largest residual force= 0.000009 in node 2931 and dof 1
 largest increment of disp= 4.809906e-04
 largest correction to disp= 9.137493e-05 in node 13123 and dof 1

 no convergence

 iteration 4

 Using up to 1 cpu(s) for the symmetric stiffness/mass contributions.

 Factoring the system of equations using the symmetric spooles solver
 Using up to 1 cpu(s) for spooles.

 Using up to 1 cpu(s) for the stress calculation.

 average force= 0.000094
 time avg. forc= 0.100000
 largest residual force= 0.000005 in node 3724 and dof 1
 largest increment of disp= 4.809906e-04
 largest correction to disp= 6.257050e-05 in node 15292 and dof 1

 no convergence

 iteration 5

 Using up to 1 cpu(s) for the symmetric stiffness/mass contributions.

 Factoring the system of equations using the symmetric spooles solver
 Using up to 1 cpu(s) for spooles.

 Using up to 1 cpu(s) for the stress calculation.

 average force= 0.000094
 time avg. forc= 0.100000
 largest residual force= 0.000024 in node 2933 and dof 1
 largest increment of disp= 4.809906e-04
 largest correction to disp= 1.254979e-04 in node 15280 and dof 1

 no convergence

 iteration 6

 Using up to 1 cpu(s) for the symmetric stiffness/mass contributions.

 Factoring the system of equations using the symmetric spooles solver
 Using up to 1 cpu(s) for spooles.

 Using up to 1 cpu(s) for the stress calculation.

 average force= 0.000094
 time avg. forc= 0.100000
 largest residual force= 0.000004 in node 3723 and dof 1
 largest increment of disp= 4.809906e-04
 largest correction to disp= 4.903740e-05 in node 15283 and dof 1

 no convergence

 iteration 7

 Using up to 1 cpu(s) for the symmetric stiffness/mass contributions.

 Factoring the system of equations using the symmetric spooles solver
 Using up to 1 cpu(s) for spooles.

 Using up to 1 cpu(s) for the stress calculation.

 average force= 0.000094
 time avg. forc= 0.100000
 largest residual force= 0.000000 in node 3723 and dof 1
 largest increment of disp= 4.809906e-04
 largest correction to disp= 7.799042e-06 in node 15283 and dof 1

 convergence

 increment 19 attempt 1 
 increment size= 2.000000e-02
 sum of previous increments=3.056250e-01
 actual step time=3.256250e-01
 actual total time=3.256250e-01

 iteration 1

 Using up to 1 cpu(s) for the stress calculation.

 Using up to 1 cpu(s) for the symmetric stiffness/mass contributions.

 Factoring the system of equations using the symmetric spooles solver
 Using up to 1 cpu(s) for spooles.

 Using up to 1 cpu(s) for the stress calculation.

 average force= 0.000100
 time avg. forc= 0.100000
 largest residual force= 0.000004 in node 2932 and dof 3
 largest increment of disp= 1.606782e-04
 largest correction to disp= 5.891310e-05 in node 13125 and dof 1

 no convergence

 iteration 2

 Using up to 1 cpu(s) for the symmetric stiffness/mass contributions.

 Factoring the system of equations using the symmetric spooles solver
 Using up to 1 cpu(s) for spooles.

 Using up to 1 cpu(s) for the stress calculation.

 average force= 0.000100
 time avg. forc= 0.100000
 largest residual force= 0.000001 in node 3723 and dof 1
 largest increment of disp= 1.606782e-04
 largest correction to disp= 3.654501e-05 in node 13134 and dof 1

 no convergence

 iteration 3

 Using up to 1 cpu(s) for the symmetric stiffness/mass contributions.

 Factoring the system of equations using the symmetric spooles solver
 Using up to 1 cpu(s) for spooles.

 Using up to 1 cpu(s) for the stress calculation.

 average force= 0.000100
 time avg. forc= 0.100000
 largest residual force= 0.000000 in node 2931 and dof 1
 largest increment of disp= 1.606782e-04
 largest correction to disp= 1.096808e-05 in node 13125 and dof 1

 convergence

 increment 20 attempt 1 
 increment size= 2.000000e-02
 sum of previous increments=3.256250e-01
 actual step time=3.456250e-01
 actual total time=3.456250e-01

 iteration 1

 Using up to 1 cpu(s) for the stress calculation.

 Using up to 1 cpu(s) for the symmetric stiffness/mass contributions.

 Factoring the system of equations using the symmetric spooles solver
 Using up to 1 cpu(s) for spooles.

 Using up to 1 cpu(s) for the stress calculation.

 average force= 0.000106
 time avg. forc= 0.100000
 largest residual force= 0.000015 in node 856 and dof 1
 largest increment of disp= 6.379704e-05
 largest correction to disp= 1.466881e-05 in node 13132 and dof 1

 no convergence

 iteration 2

 Using up to 1 cpu(s) for the symmetric stiffness/mass contributions.

 Factoring the system of equations using the symmetric spooles solver
 Using up to 1 cpu(s) for spooles.

 Using up to 1 cpu(s) for the stress calculation.

 average force= 0.000107
 time avg. forc= 0.100000
 largest residual force= 0.000000 in node 2182 and dof 1
 largest increment of disp= 6.379704e-05
 largest correction to disp= 1.731096e-06 in node 13123 and dof 1

 convergence; the increment size is increased to 3.000000e-02

 the increment size exceeds the maximum allowed and is decreased to 2.000000e-02

 Using up to 1 cpu(s) for the stress calculation.

 increment 21 attempt 1 
 increment size= 2.000000e-02
 sum of previous increments=3.456250e-01
 actual step time=3.656250e-01
 actual total time=3.656250e-01

 iteration 1

 Using up to 1 cpu(s) for the stress calculation.

 Using up to 1 cpu(s) for the symmetric stiffness/mass contributions.

 Factoring the system of equations using the symmetric spooles solver
 Using up to 1 cpu(s) for spooles.

 Using up to 1 cpu(s) for the stress calculation.

 average force= 0.000113
 time avg. forc= 0.100000
 largest residual force= 0.000072 in node 856 and dof 1
 largest increment of disp= 5.953234e-05
 largest correction to disp= 1.906180e-05 in node 7351 and dof 1

 no convergence

 iteration 2

 Using up to 1 cpu(s) for the symmetric stiffness/mass contributions.

 Factoring the system of equations using the symmetric spooles solver
 Using up to 1 cpu(s) for spooles.

 Using up to 1 cpu(s) for the stress calculation.

 average force= 0.000113
 time avg. forc= 0.100000
 largest residual force= 0.000013 in node 856 and dof 1
 largest increment of disp= 5.953234e-05
 largest correction to disp= 8.265351e-06 in node 7369 and dof 1

 no convergence

 iteration 3

 Using up to 1 cpu(s) for the symmetric stiffness/mass contributions.

 Factoring the system of equations using the symmetric spooles solver
 Using up to 1 cpu(s) for spooles.

 Using up to 1 cpu(s) for the stress calculation.

 average force= 0.000113
 time avg. forc= 0.100000
 largest residual force= 0.000017 in node 856 and dof 1
 largest increment of disp= 5.953234e-05
 largest correction to disp= 9.574964e-06 in node 7351 and dof 1

 no convergence

 iteration 4

 Using up to 1 cpu(s) for the symmetric stiffness/mass contributions.

 Factoring the system of equations using the symmetric spooles solver
 Using up to 1 cpu(s) for spooles.

 Using up to 1 cpu(s) for the stress calculation.

 average force= 0.000113
 time avg. forc= 0.100000
 largest residual force= 0.000000 in node 2175 and dof 1
 largest increment of disp= 5.953234e-05
 largest correction to disp= 1.947407e-07 in node 7459 and dof 1

 convergence; the increment size is increased to 3.000000e-02

 the increment size exceeds the maximum allowed and is decreased to 2.000000e-02

 increment 22 attempt 1 
 increment size= 2.000000e-02
 sum of previous increments=3.656250e-01
 actual step time=3.856250e-01
 actual total time=3.856250e-01

 iteration 1

 Using up to 1 cpu(s) for the stress calculation.

 Using up to 1 cpu(s) for the symmetric stiffness/mass contributions.

 Factoring the system of equations using the symmetric spooles solver
 Using up to 1 cpu(s) for spooles.

 Using up to 1 cpu(s) for the stress calculation.

 average force= 0.000120
 time avg. forc= 0.100000
 largest residual force= 0.000015 in node 2177 and dof 1
 largest increment of disp= 5.672575e-05
 largest correction to disp= 7.151561e-06 in node 12115 and dof 1

 no convergence

 iteration 2

 Using up to 1 cpu(s) for the symmetric stiffness/mass contributions.

 Factoring the system of equations using the symmetric spooles solver
 Using up to 1 cpu(s) for spooles.

 Using up to 1 cpu(s) for the stress calculation.

 average force= 0.000120
 time avg. forc= 0.100000
 largest residual force= 0.000013 in node 856 and dof 1
 largest increment of disp= 5.672575e-05
 largest correction to disp= 9.367075e-06 in node 7348 and dof 1

 no convergence

 iteration 3

 Using up to 1 cpu(s) for the symmetric stiffness/mass contributions.

 Factoring the system of equations using the symmetric spooles solver
 Using up to 1 cpu(s) for spooles.

 Using up to 1 cpu(s) for the stress calculation.

 average force= 0.000120
 time avg. forc= 0.100000
 largest residual force= 0.000000 in node 856 and dof 1
 largest increment of disp= 5.672575e-05
 largest correction to disp= 1.127716e-06 in node 7351 and dof 1

 convergence; the increment size is increased to 3.000000e-02

 the increment size exceeds the maximum allowed and is decreased to 2.000000e-02

 increment 23 attempt 1 
 increment size= 2.000000e-02
 sum of previous increments=3.856250e-01
 actual step time=4.056250e-01
 actual total time=4.056250e-01

 iteration 1

 Using up to 1 cpu(s) for the stress calculation.

 Using up to 1 cpu(s) for the symmetric stiffness/mass contributions.

 Factoring the system of equations using the symmetric spooles solver
 Using up to 1 cpu(s) for spooles.

 Using up to 1 cpu(s) for the stress calculation.

 average force= 0.000127
 time avg. forc= 0.100000
 largest residual force= 0.000004 in node 2177 and dof 1
 largest increment of disp= 5.977130e-05
 largest correction to disp= 8.257086e-06 in node 12115 and dof 1

 no convergence

 iteration 2

 Using up to 1 cpu(s) for the symmetric stiffness/mass contributions.

 Factoring the system of equations using the symmetric spooles solver
 Using up to 1 cpu(s) for spooles.

 Using up to 1 cpu(s) for the stress calculation.

 average force= 0.000127
 time avg. forc= 0.100000
 largest residual force= 0.000007 in node 856 and dof 1
 largest increment of disp= 5.977130e-05
 largest correction to disp= 6.337497e-06 in node 7351 and dof 1

 no convergence

 iteration 3

 Using up to 1 cpu(s) for the symmetric stiffness/mass contributions.

 Factoring the system of equations using the symmetric spooles solver
 Using up to 1 cpu(s) for spooles.

 Using up to 1 cpu(s) for the stress calculation.

 average force= 0.000127
 time avg. forc= 0.100000
 largest residual force= 0.000000 in node 856 and dof 1
 largest increment of disp= 5.977130e-05
 largest correction to disp= 4.711279e-07 in node 7369 and dof 1

 convergence; the increment size is increased to 3.000000e-02

 the increment size exceeds the maximum allowed and is decreased to 2.000000e-02

 increment 24 attempt 1 
 increment size= 2.000000e-02
 sum of previous increments=4.056250e-01
 actual step time=4.256250e-01
 actual total time=4.256250e-01

 iteration 1

 Using up to 1 cpu(s) for the stress calculation.

 Using up to 1 cpu(s) for the symmetric stiffness/mass contributions.

 Factoring the system of equations using the symmetric spooles solver
 Using up to 1 cpu(s) for spooles.

 Using up to 1 cpu(s) for the stress calculation.

 average force= 0.000133
 time avg. forc= 0.100000
 largest residual force= 0.000002 in node 2177 and dof 1
 largest increment of disp= 6.705520e-05
 largest correction to disp= 1.061177e-05 in node 12160 and dof 1

 no convergence

 iteration 2

 Using up to 1 cpu(s) for the symmetric stiffness/mass contributions.

 Factoring the system of equations using the symmetric spooles solver
 Using up to 1 cpu(s) for spooles.

 Using up to 1 cpu(s) for the stress calculation.

 average force= 0.000133
 time avg. forc= 0.100000
 largest residual force= 0.000000 in node 856 and dof 1
 largest increment of disp= 6.705520e-05
 largest correction to disp= 2.266073e-06 in node 7459 and dof 1

 convergence; the increment size is increased to 3.000000e-02

 the increment size exceeds the maximum allowed and is decreased to 2.000000e-02

 increment 25 attempt 1 
 increment size= 2.000000e-02
 sum of previous increments=4.256250e-01
 actual step time=4.456250e-01
 actual total time=4.456250e-01

 iteration 1

 Using up to 1 cpu(s) for the stress calculation.

 Using up to 1 cpu(s) for the symmetric stiffness/mass contributions.

 Factoring the system of equations using the symmetric spooles solver
 Using up to 1 cpu(s) for spooles.

 Using up to 1 cpu(s) for the stress calculation.

 average force= 0.000140
 time avg. forc= 0.100000
 largest residual force= 0.000001 in node 4089 and dof 1
 largest increment of disp= 7.545064e-05
 largest correction to disp= 1.221504e-05 in node 12160 and dof 1

 no convergence

 iteration 2

 Using up to 1 cpu(s) for the symmetric stiffness/mass contributions.

 Factoring the system of equations using the symmetric spooles solver
 Using up to 1 cpu(s) for spooles.

 Using up to 1 cpu(s) for the stress calculation.

 average force= 0.000140
 time avg. forc= 0.100000
 largest residual force= 0.000000 in node 856 and dof 1
 largest increment of disp= 7.545064e-05
 largest correction to disp= 1.102379e-06 in node 7459 and dof 1

 convergence; the increment size is increased to 3.000000e-02

 the increment size exceeds the maximum allowed and is decreased to 2.000000e-02

 Using up to 1 cpu(s) for the stress calculation.

 increment 26 attempt 1 
 increment size= 2.000000e-02
 sum of previous increments=4.456250e-01
 actual step time=4.656250e-01
 actual total time=4.656250e-01

 iteration 1

 Using up to 1 cpu(s) for the stress calculation.

 Using up to 1 cpu(s) for the symmetric stiffness/mass contributions.

 Factoring the system of equations using the symmetric spooles solver
 Using up to 1 cpu(s) for spooles.

 Using up to 1 cpu(s) for the stress calculation.

 average force= 0.000147
 time avg. forc= 0.100000
 largest residual force= 0.000001 in node 4089 and dof 1
 largest increment of disp= 8.394170e-05
 largest correction to disp= 1.262521e-05 in node 12160 and dof 1

 no convergence

 iteration 2

 Using up to 1 cpu(s) for the symmetric stiffness/mass contributions.

 Factoring the system of equations using the symmetric spooles solver
 Using up to 1 cpu(s) for spooles.

 Using up to 1 cpu(s) for the stress calculation.

 average force= 0.000147
 time avg. forc= 0.100000
 largest residual force= 0.000000 in node 856 and dof 1
 largest increment of disp= 8.394170e-05
 largest correction to disp= 7.239508e-07 in node 12115 and dof 1

 convergence; the increment size is increased to 3.000000e-02

 the increment size exceeds the maximum allowed and is decreased to 2.000000e-02

 increment 27 attempt 1 
 increment size= 2.000000e-02
 sum of previous increments=4.656250e-01
 actual step time=4.856250e-01
 actual total time=4.856250e-01

 iteration 1

 Using up to 1 cpu(s) for the stress calculation.

 Using up to 1 cpu(s) for the symmetric stiffness/mass contributions.

 Factoring the system of equations using the symmetric spooles solver
 Using up to 1 cpu(s) for spooles.

 Using up to 1 cpu(s) for the stress calculation.

 average force= 0.000153
 time avg. forc= 0.100000
 largest residual force= 0.000002 in node 4089 and dof 1
 largest increment of disp= 9.135923e-05
 largest correction to disp= 1.354265e-05 in node 12162 and dof 1

 no convergence

 iteration 2

 Using up to 1 cpu(s) for the symmetric stiffness/mass contributions.

 Factoring the system of equations using the symmetric spooles solver
 Using up to 1 cpu(s) for spooles.

 Using up to 1 cpu(s) for the stress calculation.

 average force= 0.000153
 time avg. forc= 0.100000
 largest residual force= 0.000000 in node 856 and dof 1
 largest increment of disp= 9.135923e-05
 largest correction to disp= 1.153203e-06 in node 12088 and dof 1

 convergence; the increment size is increased to 3.000000e-02

 the increment size exceeds the maximum allowed and is decreased to 2.000000e-02

 increment 28 attempt 1 
 increment size= 2.000000e-02
 sum of previous increments=4.856250e-01
 actual step time=5.056250e-01
 actual total time=5.056250e-01

 iteration 1

 Using up to 1 cpu(s) for the stress calculation.

 Using up to 1 cpu(s) for the symmetric stiffness/mass contributions.

 Factoring the system of equations using the symmetric spooles solver
 Using up to 1 cpu(s) for spooles.

 Using up to 1 cpu(s) for the stress calculation.

 average force= 0.000159
 time avg. forc= 0.100000
 largest residual force= 0.000002 in node 2177 and dof 1
 largest increment of disp= 9.893439e-05
 largest correction to disp= 2.196315e-05 in node 14146 and dof 1

 no convergence

 iteration 2

 Using up to 1 cpu(s) for the symmetric stiffness/mass contributions.

 Factoring the system of equations using the symmetric spooles solver
 Using up to 1 cpu(s) for spooles.

 Using up to 1 cpu(s) for the stress calculation.

 average force= 0.000159
 time avg. forc= 0.100000
 largest residual force= 0.000000 in node 856 and dof 1
 largest increment of disp= 9.893439e-05
 largest correction to disp= 1.224410e-06 in node 12115 and dof 1

 convergence; the increment size is increased to 3.000000e-02

 the increment size exceeds the maximum allowed and is decreased to 2.000000e-02

 increment 29 attempt 1 
 increment size= 2.000000e-02
 sum of previous increments=5.056250e-01
 actual step time=5.256250e-01
 actual total time=5.256250e-01

 iteration 1

 Using up to 1 cpu(s) for the stress calculation.

 Using up to 1 cpu(s) for the symmetric stiffness/mass contributions.

 Factoring the system of equations using the symmetric spooles solver
 Using up to 1 cpu(s) for spooles.

 Using up to 1 cpu(s) for the stress calculation.

 average force= 0.000166
 time avg. forc= 0.100000
 largest residual force= 0.000004 in node 2567 and dof 1
 largest increment of disp= 1.061276e-04
 largest correction to disp= 4.485712e-05 in node 14308 and dof 1

 no convergence

 iteration 2

 Using up to 1 cpu(s) for the symmetric stiffness/mass contributions.

 Factoring the system of equations using the symmetric spooles solver
 Using up to 1 cpu(s) for spooles.

 Using up to 1 cpu(s) for the stress calculation.

 average force= 0.000166
 time avg. forc= 0.100000
 largest residual force= 0.000000 in node 2588 and dof 1
 largest increment of disp= 1.061276e-04
 largest correction to disp= 3.101712e-06 in node 14308 and dof 1

 convergence; the increment size is increased to 3.000000e-02

 the increment size exceeds the maximum allowed and is decreased to 2.000000e-02

 increment 30 attempt 1 
 increment size= 2.000000e-02
 sum of previous increments=5.256250e-01
 actual step time=5.456250e-01
 actual total time=5.456250e-01

 iteration 1

 Using up to 1 cpu(s) for the stress calculation.

 Using up to 1 cpu(s) for the symmetric stiffness/mass contributions.

 Factoring the system of equations using the symmetric spooles solver
 Using up to 1 cpu(s) for spooles.

 Using up to 1 cpu(s) for the stress calculation.

 average force= 0.000172
 time avg. forc= 0.100000
 largest residual force= 0.000005 in node 3357 and dof 1
 largest increment of disp= 9.471801e-05
 largest correction to disp= 4.340639e-05 in node 12052 and dof 1

 no convergence

 iteration 2

 Using up to 1 cpu(s) for the symmetric stiffness/mass contributions.

 Factoring the system of equations using the symmetric spooles solver
 Using up to 1 cpu(s) for spooles.

 Using up to 1 cpu(s) for the stress calculation.

 average force= 0.000172
 time avg. forc= 0.100000
 largest residual force= 0.000000 in node 3315 and dof 1
 largest increment of disp= 9.471801e-05
 largest correction to disp= 8.639114e-06 in node 14155 and dof 1

 convergence; the increment size is increased to 3.000000e-02

 the increment size exceeds the maximum allowed and is decreased to 2.000000e-02

 Using up to 1 cpu(s) for the stress calculation.

 increment 31 attempt 1 
 increment size= 2.000000e-02
 sum of previous increments=5.456250e-01
 actual step time=5.656250e-01
 actual total time=5.656250e-01

 iteration 1

 Using up to 1 cpu(s) for the stress calculation.

 Using up to 1 cpu(s) for the symmetric stiffness/mass contributions.

 Factoring the system of equations using the symmetric spooles solver
 Using up to 1 cpu(s) for spooles.

 Using up to 1 cpu(s) for the stress calculation.

 average force= 0.000178
 time avg. forc= 0.100000
 largest residual force= 0.000003 in node 2545 and dof 1
 largest increment of disp= 1.152635e-04
 largest correction to disp= 3.095116e-05 in node 12151 and dof 1

 no convergence

 iteration 2

 Using up to 1 cpu(s) for the symmetric stiffness/mass contributions.

 Factoring the system of equations using the symmetric spooles solver
 Using up to 1 cpu(s) for spooles.

 Using up to 1 cpu(s) for the stress calculation.

 average force= 0.000178
 time avg. forc= 0.100000
 largest residual force= 0.000000 in node 2177 and dof 1
 largest increment of disp= 1.152635e-04
 largest correction to disp= 3.817999e-06 in node 14320 and dof 1

 convergence; the increment size is increased to 3.000000e-02

 the increment size exceeds the maximum allowed and is decreased to 2.000000e-02

 increment 32 attempt 1 
 increment size= 2.000000e-02
 sum of previous increments=5.656250e-01
 actual step time=5.856250e-01
 actual total time=5.856250e-01

 iteration 1

 Using up to 1 cpu(s) for the stress calculation.

 Using up to 1 cpu(s) for the symmetric stiffness/mass contributions.

 Factoring the system of equations using the symmetric spooles solver
 Using up to 1 cpu(s) for spooles.

 Using up to 1 cpu(s) for the stress calculation.

 average force= 0.000185
 time avg. forc= 0.100000
 largest residual force= 0.000002 in node 4087 and dof 1
 largest increment of disp= 1.134527e-04
 largest correction to disp= 2.098530e-05 in node 14155 and dof 1

 no convergence

 iteration 2

 Using up to 1 cpu(s) for the symmetric stiffness/mass contributions.

 Factoring the system of equations using the symmetric spooles solver
 Using up to 1 cpu(s) for spooles.

 Using up to 1 cpu(s) for the stress calculation.

 average force= 0.000185
 time avg. forc= 0.100000
 largest residual force= 0.000000 in node 2190 and dof 1
 largest increment of disp= 1.134527e-04
 largest correction to disp= 2.872973e-06 in node 14317 and dof 1

 convergence; the increment size is increased to 3.000000e-02

 the increment size exceeds the maximum allowed and is decreased to 2.000000e-02

 increment 33 attempt 1 
 increment size= 2.000000e-02
 sum of previous increments=5.856250e-01
 actual step time=6.056250e-01
 actual total time=6.056250e-01

 iteration 1

 Using up to 1 cpu(s) for the stress calculation.

 Using up to 1 cpu(s) for the symmetric stiffness/mass contributions.

 Factoring the system of equations using the symmetric spooles solver
 Using up to 1 cpu(s) for spooles.

 Using up to 1 cpu(s) for the stress calculation.

 average force= 0.000191
 time avg. forc= 0.100000
 largest residual force= 0.000002 in node 4095 and dof 1
 largest increment of disp= 1.002875e-04
 largest correction to disp= 1.265339e-05 in node 14155 and dof 1

 no convergence

 iteration 2

 Using up to 1 cpu(s) for the symmetric stiffness/mass contributions.

 Factoring the system of equations using the symmetric spooles solver
 Using up to 1 cpu(s) for spooles.

 Using up to 1 cpu(s) for the stress calculation.

 average force= 0.000191
 time avg. forc= 0.100000
 largest residual force= 0.000000 in node 2190 and dof 1
 largest increment of disp= 1.002875e-04
 largest correction to disp= 1.196672e-06 in node 14317 and dof 1

 convergence; the increment size is increased to 3.000000e-02

 the increment size exceeds the maximum allowed and is decreased to 2.000000e-02

 increment 34 attempt 1 
 increment size= 2.000000e-02
 sum of previous increments=6.056250e-01
 actual step time=6.256250e-01
 actual total time=6.256250e-01

 iteration 1

 Using up to 1 cpu(s) for the stress calculation.

 Using up to 1 cpu(s) for the symmetric stiffness/mass contributions.

 Factoring the system of equations using the symmetric spooles solver
 Using up to 1 cpu(s) for spooles.

 Using up to 1 cpu(s) for the stress calculation.

 average force= 0.000197
 time avg. forc= 0.100000
 largest residual force= 0.000002 in node 4095 and dof 1
 largest increment of disp= 9.101690e-05
 largest correction to disp= 7.510909e-06 in node 12088 and dof 1

 no convergence

 iteration 2

 Using up to 1 cpu(s) for the symmetric stiffness/mass contributions.

 Factoring the system of equations using the symmetric spooles solver
 Using up to 1 cpu(s) for spooles.

 Using up to 1 cpu(s) for the stress calculation.

 average force= 0.000197
 time avg. forc= 0.100000
 largest residual force= 0.000000 in node 2190 and dof 1
 largest increment of disp= 9.101690e-05
 largest correction to disp= 3.001734e-07 in node 14308 and dof 1

 convergence; the increment size is increased to 3.000000e-02

 the increment size exceeds the maximum allowed and is decreased to 2.000000e-02

 increment 35 attempt 1 
 increment size= 2.000000e-02
 sum of previous increments=6.256250e-01
 actual step time=6.456250e-01
 actual total time=6.456250e-01

 iteration 1

 Using up to 1 cpu(s) for the stress calculation.

 Using up to 1 cpu(s) for the symmetric stiffness/mass contributions.

 Factoring the system of equations using the symmetric spooles solver
 Using up to 1 cpu(s) for spooles.

 Using up to 1 cpu(s) for the stress calculation.

 average force= 0.000203
 time avg. forc= 0.100000
 largest residual force= 0.000001 in node 4081 and dof 1
 largest increment of disp= 8.531840e-05
 largest correction to disp= 7.793262e-06 in node 11989 and dof 1

 no convergence

 iteration 2

 Using up to 1 cpu(s) for the symmetric stiffness/mass contributions.

 Factoring the system of equations using the symmetric spooles solver
 Using up to 1 cpu(s) for spooles.

 Using up to 1 cpu(s) for the stress calculation.

 average force= 0.000203
 time avg. forc= 0.100000
 largest residual force= 0.000000 in node 4071 and dof 1
 largest increment of disp= 8.531840e-05
 largest correction to disp= 2.989378e-07 in node 12054 and dof 1

 convergence; the increment size is increased to 3.000000e-02

 the increment size exceeds the maximum allowed and is decreased to 2.000000e-02

 Using up to 1 cpu(s) for the stress calculation.

 increment 36 attempt 1 
 increment size= 2.000000e-02
 sum of previous increments=6.456250e-01
 actual step time=6.656250e-01
 actual total time=6.656250e-01

 iteration 1

 Using up to 1 cpu(s) for the stress calculation.

 Using up to 1 cpu(s) for the symmetric stiffness/mass contributions.

 Factoring the system of equations using the symmetric spooles solver
 Using up to 1 cpu(s) for spooles.

 Using up to 1 cpu(s) for the stress calculation.

 average force= 0.000209
 time avg. forc= 0.100000
 largest residual force= 0.000001 in node 4073 and dof 1
 largest increment of disp= 8.224185e-05
 largest correction to disp= 1.147399e-05 in node 11998 and dof 1

 no convergence

 iteration 2

 Using up to 1 cpu(s) for the symmetric stiffness/mass contributions.

 Factoring the system of equations using the symmetric spooles solver
 Using up to 1 cpu(s) for spooles.

 Using up to 1 cpu(s) for the stress calculation.

 average force= 0.000209
 time avg. forc= 0.100000
 largest residual force= 0.000000 in node 4071 and dof 1
 largest increment of disp= 8.224185e-05
 largest correction to disp= 9.800339e-07 in node 14317 and dof 1

 convergence; the increment size is increased to 3.000000e-02

 the increment size exceeds the maximum allowed and is decreased to 2.000000e-02

 increment 37 attempt 1 
 increment size= 2.000000e-02
 sum of previous increments=6.656250e-01
 actual step time=6.856250e-01
 actual total time=6.856250e-01

 iteration 1

 Using up to 1 cpu(s) for the stress calculation.

 Using up to 1 cpu(s) for the symmetric stiffness/mass contributions.

 Factoring the system of equations using the symmetric spooles solver
 Using up to 1 cpu(s) for spooles.

 Using up to 1 cpu(s) for the stress calculation.

 average force= 0.000215
 time avg. forc= 0.100000
 largest residual force= 0.000002 in node 2185 and dof 1
 largest increment of disp= 8.192600e-05
 largest correction to disp= 1.793075e-05 in node 14317 and dof 3

 no convergence

 iteration 2

 Using up to 1 cpu(s) for the symmetric stiffness/mass contributions.

 Factoring the system of equations using the symmetric spooles solver
 Using up to 1 cpu(s) for spooles.

 Using up to 1 cpu(s) for the stress calculation.

 average force= 0.000215
 time avg. forc= 0.100000
 largest residual force= 0.000000 in node 3357 and dof 1
 largest increment of disp= 8.192600e-05
 largest correction to disp= 4.628155e-06 in node 14308 and dof 3

 convergence; the increment size is increased to 3.000000e-02

 the increment size exceeds the maximum allowed and is decreased to 2.000000e-02

 increment 38 attempt 1 
 increment size= 2.000000e-02
 sum of previous increments=6.856250e-01
 actual step time=7.056250e-01
 actual total time=7.056250e-01

 iteration 1

 Using up to 1 cpu(s) for the stress calculation.

 Using up to 1 cpu(s) for the symmetric stiffness/mass contributions.

 Factoring the system of equations using the symmetric spooles solver
 Using up to 1 cpu(s) for spooles.

 Using up to 1 cpu(s) for the stress calculation.

 average force= 0.000221
 time avg. forc= 0.100000
 largest residual force= 0.000009 in node 3357 and dof 1
 largest increment of disp= 8.799484e-05
 largest correction to disp= 5.014586e-05 in node 14308 and dof 3

 no convergence

 iteration 2

 Using up to 1 cpu(s) for the symmetric stiffness/mass contributions.

 Factoring the system of equations using the symmetric spooles solver
 Using up to 1 cpu(s) for spooles.

 Using up to 1 cpu(s) for the stress calculation.

 average force= 0.000220
 time avg. forc= 0.100000
 largest residual force= 0.000879 in node 3357 and dof 3
 largest increment of disp= 4.612094e-04
 largest correction to disp= 4.612094e-04 in node 14308 and dof 3

 no convergence

 iteration 3

 Using up to 1 cpu(s) for the symmetric stiffness/mass contributions.

 Factoring the system of equations using the symmetric spooles solver
 Using up to 1 cpu(s) for spooles.

 Using up to 1 cpu(s) for the stress calculation.

 average force= 0.000220
 time avg. forc= 0.100000
 largest residual force= 0.000080 in node 3357 and dof 1
 largest increment of disp= 4.612094e-04
 largest correction to disp= 1.022286e-04 in node 14308 and dof 1

 no convergence

 iteration 4

 Using up to 1 cpu(s) for the symmetric stiffness/mass contributions.

 Factoring the system of equations using the symmetric spooles solver
 Using up to 1 cpu(s) for spooles.

 Using up to 1 cpu(s) for the stress calculation.

 average force= 0.000220
 time avg. forc= 0.100000
 largest residual force= 0.000180 in node 3357 and dof 3
 largest increment of disp= 4.612094e-04
 largest correction to disp= 2.203989e-04 in node 14317 and dof 3

 no convergence

 iteration 5

 Using up to 1 cpu(s) for the symmetric stiffness/mass contributions.

 Factoring the system of equations using the symmetric spooles solver
 Using up to 1 cpu(s) for spooles.

 Using up to 1 cpu(s) for the stress calculation.

 average force= 0.000220
 time avg. forc= 0.100000
 largest residual force= 0.000007 in node 4095 and dof 1
 largest increment of disp= 4.612094e-04
 largest correction to disp= 4.831250e-05 in node 14317 and dof 3

 convergence

 increment 39 attempt 1 
 increment size= 2.000000e-02
 sum of previous increments=7.056250e-01
 actual step time=7.256250e-01
 actual total time=7.256250e-01

 iteration 1

 Using up to 1 cpu(s) for the stress calculation.

 Using up to 1 cpu(s) for the symmetric stiffness/mass contributions.

 Factoring the system of equations using the symmetric spooles solver
 Using up to 1 cpu(s) for spooles.

 Using up to 1 cpu(s) for the stress calculation.

 average force= 0.000226
 time avg. forc= 0.100000
 largest residual force= 0.000176 in node 3357 and dof 3
 largest increment of disp= 4.100264e-04
 largest correction to disp= 1.531710e-04 in node 14308 and dof 1

 no convergence

 iteration 2

 Using up to 1 cpu(s) for the symmetric stiffness/mass contributions.

 Factoring the system of equations using the symmetric spooles solver
 Using up to 1 cpu(s) for spooles.

 Using up to 1 cpu(s) for the stress calculation.

 average force= 0.000226
 time avg. forc= 0.100000
 largest residual force= 0.000711 in node 3357 and dof 3
 largest increment of disp= 4.570378e-04
 largest correction to disp= 4.570378e-04 in node 14317 and dof 3

 no convergence

 iteration 3

 Using up to 1 cpu(s) for the symmetric stiffness/mass contributions.

 Factoring the system of equations using the symmetric spooles solver
 Using up to 1 cpu(s) for spooles.

 Using up to 1 cpu(s) for the stress calculation.

 average force= 0.000226
 time avg. forc= 0.100000
 largest residual force= 0.000059 in node 3357 and dof 3
 largest increment of disp= 4.570378e-04
 largest correction to disp= 8.274811e-05 in node 14308 and dof 1

 no convergence

 iteration 4

 Using up to 1 cpu(s) for the symmetric stiffness/mass contributions.

 Factoring the system of equations using the symmetric spooles solver
 Using up to 1 cpu(s) for spooles.

 Using up to 1 cpu(s) for the stress calculation.

 average force= 0.000226
 time avg. forc= 0.100000
 largest residual force= 0.000468 in node 3357 and dof 1
 largest increment of disp= 4.570378e-04
 largest correction to disp= 3.775235e-04 in node 14308 and dof 3

 no convergence

 iteration 5

 Using up to 1 cpu(s) for the symmetric stiffness/mass contributions.

 Factoring the system of equations using the symmetric spooles solver
 Using up to 1 cpu(s) for spooles.

 Using up to 1 cpu(s) for the stress calculation.

 average force= 0.000226
 time avg. forc= 0.100000
 largest residual force= 0.000031 in node 3357 and dof 1
 largest increment of disp= 4.570378e-04
 largest correction to disp= 4.694509e-05 in node 14317 and dof 1

 no convergence

 iteration 6

 Using up to 1 cpu(s) for the symmetric stiffness/mass contributions.

 Factoring the system of equations using the symmetric spooles solver
 Using up to 1 cpu(s) for spooles.

 Using up to 1 cpu(s) for the stress calculation.

 average force= 0.000226
 time avg. forc= 0.100000
 largest residual force= 0.000006 in node 3357 and dof 1
 largest increment of disp= 4.570378e-04
 largest correction to disp= 2.705440e-05 in node 14308 and dof 3

 convergence

 increment 40 attempt 1 
 increment size= 2.000000e-02
 sum of previous increments=7.256250e-01
 actual step time=7.456250e-01
 actual total time=7.456250e-01

 iteration 1

 Using up to 1 cpu(s) for the stress calculation.

 Using up to 1 cpu(s) for the symmetric stiffness/mass contributions.

 Factoring the system of equations using the symmetric spooles solver
 Using up to 1 cpu(s) for spooles.

 Using up to 1 cpu(s) for the stress calculation.

 average force= 0.000232
 time avg. forc= 0.100000
 largest residual force= 0.000341 in node 2184 and dof 1
 largest increment of disp= 3.600858e-04
 largest correction to disp= 1.689429e-04 in node 11989 and dof 1

 no convergence

 iteration 2

 Using up to 1 cpu(s) for the symmetric stiffness/mass contributions.

 Factoring the system of equations using the symmetric spooles solver
 Using up to 1 cpu(s) for spooles.

 Using up to 1 cpu(s) for the stress calculation.

 average force= 0.000232
 time avg. forc= 0.100000
 largest residual force= 0.000813 in node 2184 and dof 1
 largest increment of disp= 3.887884e-04
 largest correction to disp= 3.887884e-04 in node 12151 and dof 3

 no convergence

 iteration 3

 Using up to 1 cpu(s) for the symmetric stiffness/mass contributions.

 Factoring the system of equations using the symmetric spooles solver
 Using up to 1 cpu(s) for spooles.

 Using up to 1 cpu(s) for the stress calculation.

 average force= 0.000232
 time avg. forc= 0.100000
 largest residual force= 0.000031 in node 2566 and dof 1
 largest increment of disp= 3.887884e-04
 largest correction to disp= 7.047054e-05 in node 11998 and dof 1

 convergence

 Using up to 1 cpu(s) for the stress calculation.

 increment 41 attempt 1 
 increment size= 2.000000e-02
 sum of previous increments=7.456250e-01
 actual step time=7.656250e-01
 actual total time=7.656250e-01

 iteration 1

 Using up to 1 cpu(s) for the stress calculation.

 Using up to 1 cpu(s) for the symmetric stiffness/mass contributions.

 Factoring the system of equations using the symmetric spooles solver
 Using up to 1 cpu(s) for spooles.

 Using up to 1 cpu(s) for the stress calculation.

 average force= 0.000372
 time avg. forc= 0.100000
 largest residual force= 1.635271 in node 2566 and dof 1
 largest increment of disp= 4.733330e-03
 largest correction to disp= 4.733330e-03 in node 12151 and dof 1

 no convergence

 iteration 2

 Using up to 1 cpu(s) for the symmetric stiffness/mass contributions.

 Factoring the system of equations using the symmetric spooles solver
 Using up to 1 cpu(s) for spooles.

 Using up to 1 cpu(s) for the stress calculation.

 average force= 0.018279
 time avg. forc= 0.100000
 largest residual force= 252.536387 in node 12062 and dof 2
 largest increment of disp= 1.672097e-02
 largest correction to disp= 1.672097e-02 in node 12061 and dof 3

 no convergence

 iteration 3

 Using up to 1 cpu(s) for the symmetric stiffness/mass contributions.

 Factoring the system of equations using the symmetric spooles solver
 Using up to 1 cpu(s) for spooles.

 Using up to 1 cpu(s) for the stress calculation.

 average force= 9.576478
 time avg. forc= 0.100000
 largest residual force= 183882.088676 in node 11978 and dof 2
 largest increment of disp= 7.163401e-02
 largest correction to disp= 7.163401e-02 in node 11977 and dof 1

 no convergence

 iteration 4

 Using up to 1 cpu(s) for the symmetric stiffness/mass contributions.

 Factoring the system of equations using the symmetric spooles solver
 Using up to 1 cpu(s) for spooles.

 Using up to 1 cpu(s) for the stress calculation.

 average force= 13691426.909432
 time avg. forc= 0.100000
 largest residual force= 78128279749.821289 in node 7712 and dof 3
 largest increment of disp= 6.051438e-01
 largest correction to disp= 6.051438e-01 in node 14185 and dof 3

 no convergence

 iteration 5

 Using up to 1 cpu(s) for the symmetric stiffness/mass contributions.

 Factoring the system of equations using the symmetric spooles solver
 Using up to 1 cpu(s) for spooles.

 Using up to 1 cpu(s) for the stress calculation.

 average force= 1060421696886545842176.000000
 time avg. forc= 0.100000
 largest residual force= 36371430738055987246137344.000000 in node 14408 and dof 3
 largest increment of disp= 9.107523e+02
 largest correction to disp= 9.107523e+02 in node 14407 and dof 2

 divergence; the increment size is decreased to 5.000000e-03
 the increment is reattempted

 increment 41 attempt 2 
 increment size= 5.000000e-03
 sum of previous increments=7.456250e-01
 actual step time=7.506250e-01
 actual total time=7.506250e-01

 iteration 1

 Using up to 1 cpu(s) for the stress calculation.

 Using up to 1 cpu(s) for the symmetric stiffness/mass contributions.

 Factoring the system of equations using the symmetric spooles solver
 Using up to 1 cpu(s) for spooles.

 Using up to 1 cpu(s) for the stress calculation.

 average force= 0.000233
 time avg. forc= 0.100000
 largest residual force= 0.000026 in node 2566 and dof 1
 largest increment of disp= 1.520825e-04
 largest correction to disp= 9.182322e-05 in node 14320 and dof 1

 no convergence

 iteration 2

 Using up to 1 cpu(s) for the symmetric stiffness/mass contributions.

 Factoring the system of equations using the symmetric spooles solver
 Using up to 1 cpu(s) for spooles.

 Using up to 1 cpu(s) for the stress calculation.

 average force= 0.000233
 time avg. forc= 0.100000
 largest residual force= 0.000052 in node 2184 and dof 1
 largest increment of disp= 1.520825e-04
 largest correction to disp= 6.896013e-05 in node 12151 and dof 3

 no convergence

 iteration 3

 Using up to 1 cpu(s) for the symmetric stiffness/mass contributions.

 Factoring the system of equations using the symmetric spooles solver
 Using up to 1 cpu(s) for spooles.

 Using up to 1 cpu(s) for the stress calculation.

 average force= 0.000233
 time avg. forc= 0.100000
 largest residual force= 0.000004 in node 2184 and dof 1
 largest increment of disp= 1.520825e-04
 largest correction to disp= 2.755238e-05 in node 14149 and dof 1

 no convergence

 iteration 4

 Using up to 1 cpu(s) for the symmetric stiffness/mass contributions.

 Factoring the system of equations using the symmetric spooles solver
 Using up to 1 cpu(s) for spooles.

 Using up to 1 cpu(s) for the stress calculation.

 average force= 0.000233
 time avg. forc= 0.100000
 largest residual force= 0.000000 in node 2182 and dof 1
 largest increment of disp= 1.520825e-04
 largest correction to disp= 4.787659e-06 in node 14158 and dof 1

 convergence

 increment 42 attempt 1 
 increment size= 5.000000e-03
 sum of previous increments=7.506250e-01
 actual step time=7.556250e-01
 actual total time=7.556250e-01

 iteration 1

 Using up to 1 cpu(s) for the stress calculation.

 Using up to 1 cpu(s) for the symmetric stiffness/mass contributions.

 Factoring the system of equations using the symmetric spooles solver
 Using up to 1 cpu(s) for spooles.

 Using up to 1 cpu(s) for the stress calculation.

 average force= 0.000235
 time avg. forc= 0.100000
 largest residual force= 0.000005 in node 2182 and dof 1
 largest increment of disp= 3.975617e-05
 largest correction to disp= 2.691893e-05 in node 14317 and dof 1

 no convergence

 iteration 2

 Using up to 1 cpu(s) for the symmetric stiffness/mass contributions.

 Factoring the system of equations using the symmetric spooles solver
 Using up to 1 cpu(s) for spooles.

 Using up to 1 cpu(s) for the stress calculation.

 average force= 0.000235
 time avg. forc= 0.100000
 largest residual force= 0.000000 in node 3316 and dof 1
 largest increment of disp= 3.975617e-05
 largest correction to disp= 5.950759e-06 in node 14158 and dof 1

 convergence; the increment size is increased to 7.500000e-03

 increment 43 attempt 1 
 increment size= 7.500000e-03
 sum of previous increments=7.556250e-01
 actual step time=7.631250e-01
 actual total time=7.631250e-01

 iteration 1

 Using up to 1 cpu(s) for the stress calculation.

 Using up to 1 cpu(s) for the symmetric stiffness/mass contributions.

 Factoring the system of equations using the symmetric spooles solver
 Using up to 1 cpu(s) for spooles.

 Using up to 1 cpu(s) for the stress calculation.

 average force= 0.000237
 time avg. forc= 0.100000
 largest residual force= 0.000002 in node 2182 and dof 1
 largest increment of disp= 8.150028e-05
 largest correction to disp= 1.550273e-05 in node 12097 and dof 3

 no convergence

 iteration 2

 Using up to 1 cpu(s) for the symmetric stiffness/mass contributions.

 Factoring the system of equations using the symmetric spooles solver
 Using up to 1 cpu(s) for spooles.

 Using up to 1 cpu(s) for the stress calculation.

 average force= 0.000237
 time avg. forc= 0.100000
 largest residual force= 0.000000 in node 2191 and dof 1
 largest increment of disp= 8.150028e-05
 largest correction to disp= 5.020107e-06 in node 14149 and dof 1

 convergence; the increment size is increased to 1.125000e-02

 increment 44 attempt 1 
 increment size= 1.125000e-02
 sum of previous increments=7.631250e-01
 actual step time=7.743750e-01
 actual total time=7.743750e-01

 iteration 1

 Using up to 1 cpu(s) for the stress calculation.

 Using up to 1 cpu(s) for the symmetric stiffness/mass contributions.

 Factoring the system of equations using the symmetric spooles solver
 Using up to 1 cpu(s) for spooles.

 Using up to 1 cpu(s) for the stress calculation.

 average force= 0.000240
 time avg. forc= 0.100000
 largest residual force= 0.000003 in node 2184 and dof 1
 largest increment of disp= 1.050717e-04
 largest correction to disp= 2.243595e-05 in node 12106 and dof 3

 no convergence

 iteration 2

 Using up to 1 cpu(s) for the symmetric stiffness/mass contributions.

 Factoring the system of equations using the symmetric spooles solver
 Using up to 1 cpu(s) for spooles.

 Using up to 1 cpu(s) for the stress calculation.

 average force= 0.000240
 time avg. forc= 0.100000
 largest residual force= 0.000000 in node 3378 and dof 1
 largest increment of disp= 1.050717e-04
 largest correction to disp= 1.694826e-05 in node 14311 and dof 1

 convergence; the increment size is increased to 1.687500e-02

 increment 45 attempt 1 
 increment size= 1.687500e-02
 sum of previous increments=7.743750e-01
 actual step time=7.912500e-01
 actual total time=7.912500e-01

 iteration 1

 Using up to 1 cpu(s) for the stress calculation.

 Using up to 1 cpu(s) for the symmetric stiffness/mass contributions.

 Factoring the system of equations using the symmetric spooles solver
 Using up to 1 cpu(s) for spooles.

 Using up to 1 cpu(s) for the stress calculation.

 average force= 0.000245
 time avg. forc= 0.100000
 largest residual force= 0.000003 in node 2182 and dof 1
 largest increment of disp= 1.157686e-04
 largest correction to disp= 2.827793e-05 in node 11989 and dof 1

 no convergence

 iteration 2

 Using up to 1 cpu(s) for the symmetric stiffness/mass contributions.

 Factoring the system of equations using the symmetric spooles solver
 Using up to 1 cpu(s) for spooles.

 Using up to 1 cpu(s) for the stress calculation.

 average force= 0.000245
 time avg. forc= 0.100000
 largest residual force= 0.000001 in node 3378 and dof 1
 largest increment of disp= 1.157686e-04
 largest correction to disp= 2.059083e-05 in node 14311 and dof 1

 no convergence

 iteration 3

 Using up to 1 cpu(s) for the symmetric stiffness/mass contributions.

 Factoring the system of equations using the symmetric spooles solver
 Using up to 1 cpu(s) for spooles.

 Using up to 1 cpu(s) for the stress calculation.

 average force= 0.000245
 time avg. forc= 0.100000
 largest residual force= 0.000000 in node 3316 and dof 1
 largest increment of disp= 1.157686e-04
 largest correction to disp= 1.307343e-06 in node 14158 and dof 1

 convergence; the increment size is increased to 2.531250e-02

 the increment size exceeds the maximum allowed and is decreased to 2.000000e-02

 Using up to 1 cpu(s) for the stress calculation.

 increment 46 attempt 1 
 increment size= 2.000000e-02
 sum of previous increments=7.912500e-01
 actual step time=8.112500e-01
 actual total time=8.112500e-01

 iteration 1

 Using up to 1 cpu(s) for the stress calculation.

 Using up to 1 cpu(s) for the symmetric stiffness/mass contributions.

 Factoring the system of equations using the symmetric spooles solver
 Using up to 1 cpu(s) for spooles.

 Using up to 1 cpu(s) for the stress calculation.

 average force= 0.000251
 time avg. forc= 0.100000
 largest residual force= 0.000002 in node 4087 and dof 1
 largest increment of disp= 9.517519e-05
 largest correction to disp= 2.408031e-05 in node 11998 and dof 1

 no convergence

 iteration 2

 Using up to 1 cpu(s) for the symmetric stiffness/mass contributions.

 Factoring the system of equations using the symmetric spooles solver
 Using up to 1 cpu(s) for spooles.

 Using up to 1 cpu(s) for the stress calculation.

 average force= 0.000251
 time avg. forc= 0.100000
 largest residual force= 0.000000 in node 3378 and dof 1
 largest increment of disp= 9.517519e-05
 largest correction to disp= 9.497923e-06 in node 14320 and dof 1

 convergence; the increment size is increased to 3.000000e-02

 the increment size exceeds the maximum allowed and is decreased to 2.000000e-02

 increment 47 attempt 1 
 increment size= 2.000000e-02
 sum of previous increments=8.112500e-01
 actual step time=8.312500e-01
 actual total time=8.312500e-01

 iteration 1

 Using up to 1 cpu(s) for the stress calculation.

 Using up to 1 cpu(s) for the symmetric stiffness/mass contributions.

 Factoring the system of equations using the symmetric spooles solver
 Using up to 1 cpu(s) for spooles.

 Using up to 1 cpu(s) for the stress calculation.

 average force= 0.000256
 time avg. forc= 0.100000
 largest residual force= 0.000002 in node 4095 and dof 1
 largest increment of disp= 7.306262e-05
 largest correction to disp= 1.772140e-05 in node 14320 and dof 1

 no convergence

 iteration 2

 Using up to 1 cpu(s) for the symmetric stiffness/mass contributions.

 Factoring the system of equations using the symmetric spooles solver
 Using up to 1 cpu(s) for spooles.

 Using up to 1 cpu(s) for the stress calculation.

 average force= 0.000256
 time avg. forc= 0.100000
 largest residual force= 0.000000 in node 3378 and dof 1
 largest increment of disp= 7.306262e-05
 largest correction to disp= 4.787999e-06 in node 14311 and dof 1

 convergence; the increment size is increased to 3.000000e-02

 the increment size exceeds the maximum allowed and is decreased to 2.000000e-02

 increment 48 attempt 1 
 increment size= 2.000000e-02
 sum of previous increments=8.312500e-01
 actual step time=8.512500e-01
 actual total time=8.512500e-01

 iteration 1

 Using up to 1 cpu(s) for the stress calculation.

 Using up to 1 cpu(s) for the symmetric stiffness/mass contributions.

 Factoring the system of equations using the symmetric spooles solver
 Using up to 1 cpu(s) for spooles.

 Using up to 1 cpu(s) for the stress calculation.

 average force= 0.000262
 time avg. forc= 0.100000
 largest residual force= 0.000001 in node 3379 and dof 1
 largest increment of disp= 6.008184e-05
 largest correction to disp= 2.332189e-05 in node 14311 and dof 1

 no convergence

 iteration 2

 Using up to 1 cpu(s) for the symmetric stiffness/mass contributions.

 Factoring the system of equations using the symmetric spooles solver
 Using up to 1 cpu(s) for spooles.

 Using up to 1 cpu(s) for the stress calculation.

 average force= 0.000262
 time avg. forc= 0.100000
 largest residual force= 0.000000 in node 3379 and dof 1
 largest increment of disp= 6.008184e-05
 largest correction to disp= 5.773016e-06 in node 14320 and dof 1

 convergence; the increment size is increased to 3.000000e-02

 the increment size exceeds the maximum allowed and is decreased to 2.000000e-02

 increment 49 attempt 1 
 increment size= 2.000000e-02
 sum of previous increments=8.512500e-01
 actual step time=8.712500e-01
 actual total time=8.712500e-01

 iteration 1

 Using up to 1 cpu(s) for the stress calculation.

 Using up to 1 cpu(s) for the symmetric stiffness/mass contributions.

 Factoring the system of equations using the symmetric spooles solver
 Using up to 1 cpu(s) for spooles.

 Using up to 1 cpu(s) for the stress calculation.

 average force= 0.000267
 time avg. forc= 0.100000
 largest residual force= 0.000008 in node 3379 and dof 1
 largest increment of disp= 6.294581e-05
 largest correction to disp= 5.683499e-05 in node 14311 and dof 1

 no convergence

 iteration 2

 Using up to 1 cpu(s) for the symmetric stiffness/mass contributions.

 Factoring the system of equations using the symmetric spooles solver
 Using up to 1 cpu(s) for spooles.

 Using up to 1 cpu(s) for the stress calculation.

 average force= 0.000267
 time avg. forc= 0.100000
 largest residual force= 0.000002 in node 3379 and dof 1
 largest increment of disp= 6.294581e-05
 largest correction to disp= 2.525615e-05 in node 14311 and dof 1

 no convergence

 iteration 3

 Using up to 1 cpu(s) for the symmetric stiffness/mass contributions.

 Factoring the system of equations using the symmetric spooles solver
 Using up to 1 cpu(s) for spooles.

 Using up to 1 cpu(s) for the stress calculation.

 average force= 0.000267
 time avg. forc= 0.100000
 largest residual force= 0.000000 in node 3379 and dof 1
 largest increment of disp= 6.294581e-05
 largest correction to disp= 6.357892e-06 in node 14320 and dof 1

 convergence; the increment size is increased to 3.000000e-02

 the increment size exceeds the maximum allowed and is decreased to 2.000000e-02

 increment 50 attempt 1 
 increment size= 2.000000e-02
 sum of previous increments=8.712500e-01
 actual step time=8.912500e-01
 actual total time=8.912500e-01

 iteration 1

 Using up to 1 cpu(s) for the stress calculation.

 Using up to 1 cpu(s) for the symmetric stiffness/mass contributions.

 Factoring the system of equations using the symmetric spooles solver
 Using up to 1 cpu(s) for spooles.

 Using up to 1 cpu(s) for the stress calculation.

 average force= 0.000273
 time avg. forc= 0.100000
 largest residual force= 0.000006 in node 2547 and dof 1
 largest increment of disp= 1.197056e-04
 largest correction to disp= 3.912987e-05 in node 12151 and dof 3

 no convergence

 iteration 2

 Using up to 1 cpu(s) for the symmetric stiffness/mass contributions.

 Factoring the system of equations using the symmetric spooles solver
 Using up to 1 cpu(s) for spooles.

 Using up to 1 cpu(s) for the stress calculation.

 average force= 0.000273
 time avg. forc= 0.100000
 largest residual force= 0.000029 in node 3379 and dof 1
 largest increment of disp= 1.197056e-04
 largest correction to disp= 9.409937e-05 in node 14320 and dof 1

 no convergence

 iteration 3

 Using up to 1 cpu(s) for the symmetric stiffness/mass contributions.

 Factoring the system of equations using the symmetric spooles solver
 Using up to 1 cpu(s) for spooles.

 Using up to 1 cpu(s) for the stress calculation.

 average force= 0.000273
 time avg. forc= 0.100000
 largest residual force= 0.000000 in node 3357 and dof 1
 largest increment of disp= 1.197056e-04
 largest correction to disp= 8.521681e-06 in node 14149 and dof 1

 convergence; the increment size is increased to 3.000000e-02

 the increment size exceeds the maximum allowed and is decreased to 2.000000e-02

 Using up to 1 cpu(s) for the stress calculation.

 increment 51 attempt 1 
 increment size= 2.000000e-02
 sum of previous increments=8.912500e-01
 actual step time=9.112500e-01
 actual total time=9.112500e-01

 iteration 1

 Using up to 1 cpu(s) for the stress calculation.

 Using up to 1 cpu(s) for the symmetric stiffness/mass contributions.

 Factoring the system of equations using the symmetric spooles solver
 Using up to 1 cpu(s) for spooles.

 Using up to 1 cpu(s) for the stress calculation.

 average force= 0.000278
 time avg. forc= 0.100000
 largest residual force= 0.000031 in node 3357 and dof 1
 largest increment of disp= 2.361206e-04
 largest correction to disp= 4.415246e-05 in node 14158 and dof 1

 no convergence

 iteration 2

 Using up to 1 cpu(s) for the symmetric stiffness/mass contributions.

 Factoring the system of equations using the symmetric spooles solver
 Using up to 1 cpu(s) for spooles.

 Using up to 1 cpu(s) for the stress calculation.

 average force= 0.000278
 time avg. forc= 0.100000
 largest residual force= 0.000013 in node 3379 and dof 1
 largest increment of disp= 2.361206e-04
 largest correction to disp= 5.393772e-05 in node 14311 and dof 1

 no convergence

 iteration 3

 Using up to 1 cpu(s) for the symmetric stiffness/mass contributions.

 Factoring the system of equations using the symmetric spooles solver
 Using up to 1 cpu(s) for spooles.

 Using up to 1 cpu(s) for the stress calculation.

 average force= 0.000278
 time avg. forc= 0.100000
 largest residual force= 0.000000 in node 4087 and dof 1
 largest increment of disp= 2.361206e-04
 largest correction to disp= 1.928301e-06 in node 14257 and dof 1

 convergence; the increment size is increased to 3.000000e-02

 the increment size exceeds the maximum allowed and is decreased to 2.000000e-02

 increment 52 attempt 1 
 increment size= 2.000000e-02
 sum of previous increments=9.112500e-01
 actual step time=9.312500e-01
 actual total time=9.312500e-01

 iteration 1

 Using up to 1 cpu(s) for the stress calculation.

 Using up to 1 cpu(s) for the symmetric stiffness/mass contributions.

 Factoring the system of equations using the symmetric spooles solver
 Using up to 1 cpu(s) for spooles.

 Using up to 1 cpu(s) for the stress calculation.

 average force= 0.000284
 time avg. forc= 0.100000
 largest residual force= 0.000008 in node 3378 and dof 1
 largest increment of disp= 1.662798e-04
 largest correction to disp= 4.502301e-05 in node 14317 and dof 3

 no convergence

 iteration 2

 Using up to 1 cpu(s) for the symmetric stiffness/mass contributions.

 Factoring the system of equations using the symmetric spooles solver
 Using up to 1 cpu(s) for spooles.

 Using up to 1 cpu(s) for the stress calculation.

 average force= 0.000284
 time avg. forc= 0.100000
 largest residual force= 0.000002 in node 3357 and dof 3
 largest increment of disp= 1.662798e-04
 largest correction to disp= 2.206903e-05 in node 14317 and dof 3

 no convergence

 iteration 3

 Using up to 1 cpu(s) for the symmetric stiffness/mass contributions.

 Factoring the system of equations using the symmetric spooles solver
 Using up to 1 cpu(s) for spooles.

 Using up to 1 cpu(s) for the stress calculation.

 average force= 0.000284
 time avg. forc= 0.100000
 largest residual force= 0.000000 in node 4095 and dof 1
 largest increment of disp= 1.662798e-04
 largest correction to disp= 2.920094e-07 in node 12160 and dof 3

 convergence; the increment size is increased to 3.000000e-02

 the increment size exceeds the maximum allowed and is decreased to 2.000000e-02

 increment 53 attempt 1 
 increment size= 2.000000e-02
 sum of previous increments=9.312500e-01
 actual step time=9.512500e-01
 actual total time=9.512500e-01

 iteration 1

 Using up to 1 cpu(s) for the stress calculation.

 Using up to 1 cpu(s) for the symmetric stiffness/mass contributions.

 Factoring the system of equations using the symmetric spooles solver
 Using up to 1 cpu(s) for spooles.

 Using up to 1 cpu(s) for the stress calculation.

 average force= 0.000289
 time avg. forc= 0.100000
 largest residual force= 0.000007 in node 3379 and dof 1
 largest increment of disp= 1.541556e-04
 largest correction to disp= 2.187501e-05 in node 14365 and dof 3

 no convergence

 iteration 2

 Using up to 1 cpu(s) for the symmetric stiffness/mass contributions.

 Factoring the system of equations using the symmetric spooles solver
 Using up to 1 cpu(s) for spooles.

 Using up to 1 cpu(s) for the stress calculation.

 average force= 0.000289
 time avg. forc= 0.100000
 largest residual force= 0.000000 in node 3357 and dof 3
 largest increment of disp= 1.541556e-04
 largest correction to disp= 5.530242e-06 in node 14308 and dof 3

 convergence; the increment size is increased to 3.000000e-02

 the increment size exceeds the maximum allowed and is decreased to 2.000000e-02

 increment 54 attempt 1 
 increment size= 2.000000e-02
 sum of previous increments=9.512500e-01
 actual step time=9.712500e-01
 actual total time=9.712500e-01

 iteration 1

 Using up to 1 cpu(s) for the stress calculation.

 Using up to 1 cpu(s) for the symmetric stiffness/mass contributions.

 Factoring the system of equations using the symmetric spooles solver
 Using up to 1 cpu(s) for spooles.

 Using up to 1 cpu(s) for the stress calculation.

 average force= 0.000294
 time avg. forc= 0.100000
 largest residual force= 0.000007 in node 3378 and dof 1
 largest increment of disp= 1.491883e-04
 largest correction to disp= 2.582884e-05 in node 14365 and dof 3

 no convergence

 iteration 2

 Using up to 1 cpu(s) for the symmetric stiffness/mass contributions.

 Factoring the system of equations using the symmetric spooles solver
 Using up to 1 cpu(s) for spooles.

 Using up to 1 cpu(s) for the stress calculation.

 average force= 0.000294
 time avg. forc= 0.100000
 largest residual force= 0.000000 in node 2191 and dof 1
 largest increment of disp= 1.491883e-04
 largest correction to disp= 1.849905e-06 in node 14326 and dof 1

 convergence; the increment size is increased to 3.000000e-02

 the increment size exceeds the maximum allowed and is decreased to 2.000000e-02

 increment 55 attempt 1 
 increment size= 2.000000e-02
 sum of previous increments=9.712500e-01
 actual step time=9.912500e-01
 actual total time=9.912500e-01

 iteration 1

 Using up to 1 cpu(s) for the stress calculation.

 Using up to 1 cpu(s) for the symmetric stiffness/mass contributions.

 Factoring the system of equations using the symmetric spooles solver
 Using up to 1 cpu(s) for spooles.

 Using up to 1 cpu(s) for the stress calculation.

 average force= 0.000300
 time avg. forc= 0.100000
 largest residual force= 0.000008 in node 3378 and dof 1
 largest increment of disp= 1.425789e-04
 largest correction to disp= 2.668058e-05 in node 14365 and dof 3

 no convergence

 iteration 2

 Using up to 1 cpu(s) for the symmetric stiffness/mass contributions.

 Factoring the system of equations using the symmetric spooles solver
 Using up to 1 cpu(s) for spooles.

 Using up to 1 cpu(s) for the stress calculation.

 average force= 0.000300
 time avg. forc= 0.100000
 largest residual force= 0.000000 in node 2189 and dof 1
 largest increment of disp= 1.425789e-04
 largest correction to disp= 1.740164e-06 in node 14299 and dof 1

 convergence; the increment size is increased to 3.000000e-02

 the increment size exceeds the maximum allowed and is decreased to 2.000000e-02

 the increment size exceeds the remainder of the step and is decreased to 8.750000e-03

 Using up to 1 cpu(s) for the stress calculation.

 increment 56 attempt 1 
 increment size= 8.750000e-03
 sum of previous increments=9.912500e-01
 actual step time=1.000000e+00
 actual total time=1.000000e+00

 iteration 1

 Using up to 1 cpu(s) for the stress calculation.

 Using up to 1 cpu(s) for the symmetric stiffness/mass contributions.

 Factoring the system of equations using the symmetric spooles solver
 Using up to 1 cpu(s) for spooles.

 Using up to 1 cpu(s) for the stress calculation.

 average force= 0.000302
 time avg. forc= 0.100000
 largest residual force= 0.000000 in node 3378 and dof 1
 largest increment of disp= 6.026919e-05
 largest correction to disp= 6.308234e-06 in node 14374 and dof 3

 no convergence

 iteration 2

 Using up to 1 cpu(s) for the symmetric stiffness/mass contributions.

 Factoring the system of equations using the symmetric spooles solver
 Using up to 1 cpu(s) for spooles.

 Using up to 1 cpu(s) for the stress calculation.

 average force= 0.000302
 time avg. forc= 0.100000
 largest residual force= 0.000000 in node 3379 and dof 1
 largest increment of disp= 6.026919e-05
 largest correction to disp= 1.531731e-06 in node 14365 and dof 1

 convergence; the increment size is increased to 1.312500e-02

 the increment size exceeds the remainder of the step and is decreased to 0.000000e+00

 Using up to 1 cpu(s) for the stress calculation.


 Job finished

________________________________________

Total CalculiX Time: 416.593766
________________________________________
=== on-caso-4 (CCX): renomeando outputs _S2_upper ===
=== on-caso-4 (CCX): ccx2paraview nao encontrado dentro do container ===
    (rode no HOST: cd cases/on-caso-4/ccx && /tmp/ccx2pv/bin/ccx2paraview on-caso-4_S2_upper.frd vtu)

=== Concluido. Arquivos de saida: ===
  on-caso-4.frd  - campos CalculiX (U, RF, S, E)
  on-caso-4.dat  - totais RF/U nos NSETs monitorados
  on-caso-4.sta  - status de convergencia por incremento Riks (lam_final)

Analise: python3 brunaStuff/analyze_on-caso-4.py
