=== on-caso-4: (re)gerando polyMesh com CONTACT_BOX=(2.3941e-03 -5.3702e-04 1.7840e-02) (2.6000e-03 5.3702e-04 2.7160e-02) ===
50:            box (2.3941e-03 -5.3702e-04 1.7840e-02) (2.6000e-03 5.3702e-04 2.7160e-02);
/*---------------------------------------------------------------------------*\
| =========                 |                                                 |
| \\      /  F ield         | OpenFOAM: The Open Source CFD Toolbox           |
|  \\    /   O peration     | Version:  2512                                  |
|   \\  /    A nd           | Website:  www.openfoam.com                      |
|    \\/     M anipulation  |                                                 |
\*---------------------------------------------------------------------------*/
Build  : _bd2b6720-20260127 OPENFOAM=2512 version=2512
Arch   : "LSB;label=32;scalar=64"
Exec   : blockMesh
Date   : Jun 01 2026
Time   : 23:27:48
Host   : 73c42948190b
PID    : 223
I/O    : uncollated
Case   : /simulation/on-caso-4/solid
nProcs : 1
trapFpe: Floating point exception trapping enabled (FOAM_SIGFPE).
memory pool : not available
fileModificationChecking : Monitoring run-time modified files using timeStampMaster (fileModificationSkew 5, maxFileModificationPolls 20)
allowSystemOperations : Allowing user-supplied system call operations

// * * * * * * * * * * * * * * * * * * * * * * * * * * * * * * * * * * * * * //
Create time

--> FOAM Warning : 
    From void* Foam::dlLibraryTable::openLibrary(const Foam::fileName&, bool)
    in file db/dynamicLibrary/dlLibraryTable/dlLibraryTable.C at line 188
    Could not load "$FOAM_CASE/../src/elasticFoundation/libsolidTractionElasticFoundation.so"
/simulation/on-caso-4/solid/../src/elasticFoundation/libsolidTractionElasticFoundation.so: cannot open shared object file: No such file or directory
Creating block mesh from "system/blockMeshDict"
Creating block edges
No non-planar block faces defined
Creating topology blocks

Creating topology patches - from boundary section

Creating block mesh topology - scaling/transform applied later

Check topology

	Basic statistics
		Number of internal faces : 162
		Number of boundary faces : 54
		Number of defined boundary faces : 54
		Number of undefined boundary faces : 0
	Checking patch -> block consistency

Creating block offsets
Creating merge list (topological search)...
Deleting polyMesh directory "constant/polyMesh"

Creating polyMesh from blockMesh
Creating patches
Creating cells
Creating points with scale (0.001 0.001 0.001)
    Block 0 cell size :
        i : 0.00025 .. 0.00025
        j : 0.00025 .. 0.00025
        k : 0.003 .. 0.003

    Block 1 cell size :
        i : 7.3223264e-05 .. 7.3223264e-05
        j : 0.00025 .. 0.00025
        k : 0.003 .. 0.003

    Block 2 cell size :
        i : 7.3223264e-05 .. 7.3223264e-05
        j : 0.00025 .. 0.00025
        k : 0.003 .. 0.003

    Block 3 cell size :
        i : 7.3223264e-05 .. 7.3223264e-05
        j : 0.00025 .. 0.00025
        k : 0.003 .. 0.003

    Block 4 cell size :
        i : 7.3223264e-05 .. 7.3223264e-05
        j : 0.00025 .. 0.00025
        k : 0.003 .. 0.003

    Block 5 cell size :
        i : 5.0000935e-05 .. 5.0000935e-05
        j : 0.00039157855 .. 0.00039157855
        k : 0.003 .. 0.003

    Block 6 cell size :
        i : 5.0000935e-05 .. 5.0000935e-05
        j : 0.00039157855 .. 0.00039157855
        k : 0.003 .. 0.003

    Block 7 cell size :
        i : 5.0000935e-05 .. 5.0000935e-05
        j : 0.00039157855 .. 0.00039157855
        k : 0.003 .. 0.003

    Block 8 cell size :
        i : 5.0000935e-05 .. 5.0000935e-05
        j : 0.00039157855 .. 0.00039157855
        k : 0.003 .. 0.003

    Block 9 cell size :
        i : 0.00014999998 .. 0.00014999998
        j : 0.00040463126 .. 0.00040463126
        k : 0.003 .. 0.003

    Block 10 cell size :
        i : 0.00014999998 .. 0.00014999998
        j : 0.00040463126 .. 0.00040463126
        k : 0.003 .. 0.003

    Block 11 cell size :
        i : 0.00014999998 .. 0.00014999998
        j : 0.00040463126 .. 0.00040463126
        k : 0.003 .. 0.003

    Block 12 cell size :
        i : 0.00014999998 .. 0.00014999998
        j : 0.00040463126 .. 0.00040463126
        k : 0.003 .. 0.003

    Block 13 cell size :
        i : 0.00011666649 .. 0.00011666649
        j : 0.00052210483 .. 0.00052210483
        k : 0.003 .. 0.003

    Block 14 cell size :
        i : 0.00011666649 .. 0.00011666649
        j : 0.00052210483 .. 0.00052210483
        k : 0.003 .. 0.003

    Block 15 cell size :
        i : 0.00011666649 .. 0.00011666649
        j : 0.00052210483 .. 0.00052210483
        k : 0.003 .. 0.003

    Block 16 cell size :
        i : 0.00011666649 .. 0.00011666649
        j : 0.00052210483 .. 0.00052210483
        k : 0.003 .. 0.003

    Block 17 cell size :
        i : 7.4999988e-05 .. 7.4999988e-05
        j : 0.00061347311 .. 0.00061347311
        k : 0.003 .. 0.003

    Block 18 cell size :
        i : 7.4999988e-05 .. 7.4999988e-05
        j : 0.00061347311 .. 0.00061347311
        k : 0.003 .. 0.003

    Block 19 cell size :
        i : 7.4999988e-05 .. 7.4999988e-05
        j : 0.00061347311 .. 0.00061347311
        k : 0.003 .. 0.003

    Block 20 cell size :
        i : 7.4999988e-05 .. 7.4999988e-05
        j : 0.00061347311 .. 0.00061347311
        k : 0.003 .. 0.003

    Block 21 cell size :
        i : 0.00025 .. 0.00025
        j : 0.00025 .. 0.00025
        k : 0.0003 .. 0.0003

    Block 22 cell size :
        i : 7.3223264e-05 .. 7.3223264e-05
        j : 0.00025 .. 0.00025
        k : 0.0003 .. 0.0003

    Block 23 cell size :
        i : 7.3223264e-05 .. 7.3223264e-05
        j : 0.00025 .. 0.00025
        k : 0.0003 .. 0.0003

    Block 24 cell size :
        i : 7.3223264e-05 .. 7.3223264e-05
        j : 0.00025 .. 0.00025
        k : 0.0003 .. 0.0003

    Block 25 cell size :
        i : 7.3223264e-05 .. 7.3223264e-05
        j : 0.00025 .. 0.00025
        k : 0.0003 .. 0.0003

    Block 26 cell size :
        i : 5.0000935e-05 .. 5.0000935e-05
        j : 0.00039157855 .. 0.00039157855
        k : 0.0003 .. 0.0003

    Block 27 cell size :
        i : 5.0000935e-05 .. 5.0000935e-05
        j : 0.00039157855 .. 0.00039157855
        k : 0.0003 .. 0.0003

    Block 28 cell size :
        i : 5.0000935e-05 .. 5.0000935e-05
        j : 0.00039157855 .. 0.00039157855
        k : 0.0003 .. 0.0003

    Block 29 cell size :
        i : 5.0000935e-05 .. 5.0000935e-05
        j : 0.00039157855 .. 0.00039157855
        k : 0.0003 .. 0.0003

    Block 30 cell size :
        i : 0.00014999998 .. 0.00014999998
        j : 0.00040463126 .. 0.00040463126
        k : 0.0003 .. 0.0003

    Block 31 cell size :
        i : 0.00014999998 .. 0.00014999998
        j : 0.00040463126 .. 0.00040463126
        k : 0.0003 .. 0.0003

    Block 32 cell size :
        i : 0.00014999998 .. 0.00014999998
        j : 0.00040463126 .. 0.00040463126
        k : 0.0003 .. 0.0003

    Block 33 cell size :
        i : 0.00014999998 .. 0.00014999998
        j : 0.00040463126 .. 0.00040463126
        k : 0.0003 .. 0.0003

    Block 34 cell size :
        i : 0.00011666649 .. 0.00011666649
        j : 0.00052210483 .. 0.00052210483
        k : 0.0003 .. 0.0003

    Block 35 cell size :
        i : 0.00011666649 .. 0.00011666649
        j : 0.00052210483 .. 0.00052210483
        k : 0.0003 .. 0.0003

    Block 36 cell size :
        i : 0.00011666649 .. 0.00011666649
        j : 0.00052210483 .. 0.00052210483
        k : 0.0003 .. 0.0003

    Block 37 cell size :
        i : 0.00011666649 .. 0.00011666649
        j : 0.00052210483 .. 0.00052210483
        k : 0.0003 .. 0.0003

    Block 38 cell size :
        i : 7.4999988e-05 .. 7.4999988e-05
        j : 0.00061347311 .. 0.00061347311
        k : 0.0003 .. 0.0003

    Block 39 cell size :
        i : 7.4999988e-05 .. 7.4999988e-05
        j : 0.00061347311 .. 0.00061347311
        k : 0.0003 .. 0.0003

    Block 40 cell size :
        i : 7.4999988e-05 .. 7.4999988e-05
        j : 0.00061347311 .. 0.00061347311
        k : 0.0003 .. 0.0003

    Block 41 cell size :
        i : 7.4999988e-05 .. 7.4999988e-05
        j : 0.00061347311 .. 0.00061347311
        k : 0.0003 .. 0.0003

    Block 42 cell size :
        i : 0.00025 .. 0.00025
        j : 0.00025 .. 0.00025
        k : 0.0005 .. 0.0005

    Block 43 cell size :
        i : 7.3223264e-05 .. 7.3223264e-05
        j : 0.00025 .. 0.00025
        k : 0.0005 .. 0.0005

    Block 44 cell size :
        i : 7.3223264e-05 .. 7.3223264e-05
        j : 0.00025 .. 0.00025
        k : 0.0005 .. 0.0005

    Block 45 cell size :
        i : 7.3223264e-05 .. 7.3223264e-05
        j : 0.00025 .. 0.00025
        k : 0.0005 .. 0.0005

    Block 46 cell size :
        i : 7.3223264e-05 .. 7.3223264e-05
        j : 0.00025 .. 0.00025
        k : 0.0005 .. 0.0005

    Block 47 cell size :
        i : 5.0000935e-05 .. 5.0000935e-05
        j : 0.00039157855 .. 0.00039157855
        k : 0.0005 .. 0.0005

    Block 48 cell size :
        i : 5.0000935e-05 .. 5.0000935e-05
        j : 0.00039157855 .. 0.00039157855
        k : 0.0005 .. 0.0005

    Block 49 cell size :
        i : 5.0000935e-05 .. 5.0000935e-05
        j : 0.00039157855 .. 0.00039157855
        k : 0.0005 .. 0.0005

    Block 50 cell size :
        i : 5.0000935e-05 .. 5.0000935e-05
        j : 0.00039157855 .. 0.00039157855
        k : 0.0005 .. 0.0005

    Block 51 cell size :
        i : 0.00014999998 .. 0.00014999998
        j : 0.00040463126 .. 0.00040463126
        k : 0.0005 .. 0.0005

    Block 52 cell size :
        i : 0.00014999998 .. 0.00014999998
        j : 0.00040463126 .. 0.00040463126
        k : 0.0005 .. 0.0005

    Block 53 cell size :
        i : 0.00014999998 .. 0.00014999998
        j : 0.00040463126 .. 0.00040463126
        k : 0.0005 .. 0.0005

    Block 54 cell size :
        i : 0.00014999998 .. 0.00014999998
        j : 0.00040463126 .. 0.00040463126
        k : 0.0005 .. 0.0005

    Block 55 cell size :
        i : 0.00011666649 .. 0.00011666649
        j : 0.00052210483 .. 0.00052210483
        k : 0.0005 .. 0.0005

    Block 56 cell size :
        i : 0.00011666649 .. 0.00011666649
        j : 0.00052210483 .. 0.00052210483
        k : 0.0005 .. 0.0005

    Block 57 cell size :
        i : 0.00011666649 .. 0.00011666649
        j : 0.00052210483 .. 0.00052210483
        k : 0.0005 .. 0.0005

    Block 58 cell size :
        i : 0.00011666649 .. 0.00011666649
        j : 0.00052210483 .. 0.00052210483
        k : 0.0005 .. 0.0005

    Block 59 cell size :
        i : 7.4999988e-05 .. 7.4999988e-05
        j : 0.00061347311 .. 0.00061347311
        k : 0.0005 .. 0.0005

    Block 60 cell size :
        i : 7.4999988e-05 .. 7.4999988e-05
        j : 0.00061347311 .. 0.00061347311
        k : 0.0005 .. 0.0005

    Block 61 cell size :
        i : 7.4999988e-05 .. 7.4999988e-05
        j : 0.00061347311 .. 0.00061347311
        k : 0.0005 .. 0.0005

    Block 62 cell size :
        i : 7.4999988e-05 .. 7.4999988e-05
        j : 0.00061347311 .. 0.00061347311
        k : 0.0005 .. 0.0005

Adding cell zones
    0	on
    1	pia
    2	sas
    3	dura
    4	lc
    5	sclera_peri
    6	sclera_ring
    7	globo
No patch pairs to merge

Writing polyMesh with 8 cellZones
----------------
Mesh Information
----------------
  boundingBox: (-0.0025 -0.0025 0) (0.0025 0.0025 0.0308)
  nPoints: 5317
  nCells: 4752
  nFaces: 14796
  nInternalFaces: 13716
----------------
Cell Zones
----------------
  zone 0 (size: 1800) name: on
  zone 1 (size: 240) name: pia
  zone 2 (size: 1440) name: sas
  zone 3 (size: 480) name: dura
  zone 4 (size: 180) name: lc
  zone 5 (size: 96) name: sclera_peri
  zone 6 (size: 120) name: sclera_ring
  zone 7 (size: 396) name: globo
----------------
Patches
----------------
  patch 0 (start: 13716 size: 180) name: posterior_on
  patch 1 (start: 13896 size: 24) name: posterior_pia
  patch 2 (start: 13920 size: 144) name: posterior_sas
  patch 3 (start: 14064 size: 48) name: posterior_dura
  patch 4 (start: 14112 size: 240) name: dura_outer
  patch 5 (start: 14352 size: 24) name: sclera_ring_outer
  patch 6 (start: 14376 size: 24) name: globo_outer
  patch 7 (start: 14400 size: 396) name: anterior_globo

End

/*---------------------------------------------------------------------------*\
| =========                 |                                                 |
| \\      /  F ield         | OpenFOAM: The Open Source CFD Toolbox           |
|  \\    /   O peration     | Version:  2512                                  |
|   \\  /    A nd           | Website:  www.openfoam.com                      |
|    \\/     M anipulation  |                                                 |
\*---------------------------------------------------------------------------*/
Build  : _bd2b6720-20260127 OPENFOAM=2512 version=2512
Arch   : "LSB;label=32;scalar=64"
Exec   : topoSet -dict system/topoSetDict_contact
Date   : Jun 01 2026
Time   : 23:27:49
Host   : 73c42948190b
PID    : 225
I/O    : uncollated
Case   : /simulation/on-caso-4/solid
nProcs : 1
trapFpe: Floating point exception trapping enabled (FOAM_SIGFPE).
memory pool : not available
fileModificationChecking : Monitoring run-time modified files using timeStampMaster (fileModificationSkew 5, maxFileModificationPolls 20)
allowSystemOperations : Allowing user-supplied system call operations

// * * * * * * * * * * * * * * * * * * * * * * * * * * * * * * * * * * * * * //
Create time

--> FOAM Warning : 
    From void* Foam::dlLibraryTable::openLibrary(const Foam::fileName&, bool)
    in file db/dynamicLibrary/dlLibraryTable/dlLibraryTable.C at line 188
    Could not load "$FOAM_CASE/../src/elasticFoundation/libsolidTractionElasticFoundation.so"
/simulation/on-caso-4/solid/../src/elasticFoundation/libsolidTractionElasticFoundation.so: cannot open shared object file: No such file or directory
Create polyMesh for time = 0

Reading topoSetDict_contact

Time = 0
    mesh not changed.
Created faceSet contact_local
    Applying source patchToFace
--> FOAM IOWarning :
    Found [v1806] 'name' entry instead of 'patch' in dictionary "system/topoSetDict_contact/actions/sourceInfo"

    This keyword is 90 months old.

    Adding all faces of patches: (dura_outer) ...
    Found matching patch dura_outer with 240 faces
    faceSet contact_local now size 240
Read set faceSet contact_local size:240
    Applying source boxToFace
    Adding faces with centre within boxes 1((0.0023941 -0.00053702 0.01784) (0.0026 0.00053702 0.02716))
    faceSet contact_local now size 6

End

/*---------------------------------------------------------------------------*\
| =========                 |                                                 |
| \\      /  F ield         | OpenFOAM: The Open Source CFD Toolbox           |
|  \\    /   O peration     | Version:  2512                                  |
|   \\  /    A nd           | Website:  www.openfoam.com                      |
|    \\/     M anipulation  |                                                 |
\*---------------------------------------------------------------------------*/
Build  : _bd2b6720-20260127 OPENFOAM=2512 version=2512
Arch   : "LSB;label=32;scalar=64"
Exec   : createPatch -overwrite -dict system/createPatchDict_contact
Date   : Jun 01 2026
Time   : 23:27:49
Host   : 73c42948190b
PID    : 227
I/O    : uncollated
Case   : /simulation/on-caso-4/solid
nProcs : 1
trapFpe: Floating point exception trapping enabled (FOAM_SIGFPE).
memory pool : not available
fileModificationChecking : Monitoring run-time modified files using timeStampMaster (fileModificationSkew 5, maxFileModificationPolls 20)
allowSystemOperations : Allowing user-supplied system call operations

// * * * * * * * * * * * * * * * * * * * * * * * * * * * * * * * * * * * * * //
Create time

--> FOAM Warning : 
    From void* Foam::dlLibraryTable::openLibrary(const Foam::fileName&, bool)
    in file db/dynamicLibrary/dlLibraryTable/dlLibraryTable.C at line 188
    Could not load "$FOAM_CASE/../src/elasticFoundation/libsolidTractionElasticFoundation.so"
/simulation/on-caso-4/solid/../src/elasticFoundation/libsolidTractionElasticFoundation.so: cannot open shared object file: No such file or directory
Create mesh for time = 0

Reading "system/createPatchDict_contact"



Adding patches to mesh region0

Adding new patch contact_local from 
{
    type            wall;
    nFaces          0;
    startFace       0;
}




Repatching mesh region0

Read 6 faces from faceSet contact_local
Doing topology modification to order faces.

Not synchronising points.

Removing patches with no faces in them.



Writing repatched mesh region0 to 0

End

=== on-caso-4 (CCX): polyMesh -> CalculiX .inp  [k_winkler=2000000 Pa/m] ===
[1/5] Lendo polyMesh em ../solid/constant/polyMesh
      nodes=5317, faces=14796, cells=4752, patches=9, zones=['on', 'pia', 'sas', 'dura', 'lc', 'sclera_peri', 'sclera_ring', 'globo']
[2/5] Reconstruindo conectividade C3D8 (4752 celulas)
      OK
[3/5] Escrevendo malha em on-caso-4_mesh.inp
      DURA_INNER_SURF: 240 faces (interface dura<->sas)
[4/5] Escrevendo Winkler em on-caso-4_winkler.inp
[5/5] Concluido. Total: 5317 nodes, 4752 hex C3D8I.
=== on-caso-4 (CCX): P_CONTACT = 16333.2 Pa (arteria) | P_CSF = 2400 Pa (inchaco) ===
221:CONTACT_LOCAL_SURF, P, 16333.2
237:DURA_INNER_SURF, P, 2400
=== on-caso-4 (CCX): solver ccx_preCICE -i on-caso-4  [tag=S1_mild] ===

************************************************************

CalculiX Version 2.20, Copyright(C) 1998-2022 Guido Dhondt
CalculiX comes with ABSOLUTELY NO WARRANTY. This is free
software, and you are welcome to redistribute it under
certain conditions, see gpl.htm

************************************************************

You are using an executable made on Sun Jul 31 18:08:37 CEST 2022

  The numbers below are estimated upper bounds

  number of:

   nodes:        19835
   elements:         5014
   one-dimensional elements:            0
   two-dimensional elements:            0
   integration points per element:            8
   degrees of freedom per node:            3
   layers per element:            1

   distributed facial loads:          246
   distributed volumetric loads:            0
   concentrated loads:            0
   single point constraints:         3047
   multiple point constraints:            1
   terms in all multiple point constraints:            1
   tie constraints:            0
   dependent nodes tied by cyclic constraints:            0
   dependent nodes in pre-tension constraints:            0

   sets:          291
   terms in all sets:        18490

   materials:          270
   constants per material and temperature:            9
   temperature points per material:            1
   plastic data points per material:            0

   orientations:            1
   amplitudes:            5
   data points in all amplitudes:            5
   print requests:            8
   transformations:            0
   property cards:            0

 *INFO reading *HYPERELASTIC: nonlinear geometric
       effects are turned on

 *INFO reading *HYPERELASTIC: nonlinear geometric
       effects are turned on

 *INFO reading *HYPERELASTIC: nonlinear geometric
       effects are turned on

 *INFO reading *HYPERELASTIC: nonlinear geometric
       effects are turned on

 *INFO reading *HYPERELASTIC: nonlinear geometric
       effects are turned on

 *INFO reading *HYPERELASTIC: nonlinear geometric
       effects are turned on

 *INFO reading *HYPERELASTIC: nonlinear geometric
       effects are turned on

 *INFO reading *STEP: nonlinear geometric
       effects are turned on

 *WARNING reading *STATIC: parameter not recognized:
          RIKS
 *WARNING reading *STATIC. Card image:
          *STATIC,RIKS

 *WARNING reading *STATIC:
          the minimum increment    1.0000000000000001E-009
          is smaller then 1.e-6 times the 
          step time;
          the minimum increment is changed
          to    9.9999999999999995E-007
          which is the minimum of the initial
          increment time and 1.e-6 times the step time

 *INFO: field control parameters set to:
        ran =    5.0000000000000001E-003
        can =    2.0000000000000000E-002
        qa0 =    0.0000000000000000     
        qau =   0.10000000000000001     
        rap =    2.0000000000000000E-002
         ea =    1.0000000000000001E-005
        cae =    1.0000000000000000E-003
        ral =    1.0000000000000000E-008

 STEP            1

 Static analysis was selected

 Nonlinear material laws are taken into account

 Newton-Raphson iterative procedure is active

 Nonlinear geometric effects are taken into account

 Decascading the MPC's

 Determining the structure of the matrix:
 Using up to 1 cpu(s) for setting up the structure of the matrix.
 number of equations
 56674
 number of nonzero lower triangular matrix elements
 1634214

 increment 1 attempt 1 
 increment size= 5.000000e-03
 sum of previous increments=0.000000e+00
 actual step time=5.000000e-03
 actual total time=5.000000e-03

 iteration 1

 Using up to 1 cpu(s) for the stress calculation.

 Using up to 1 cpu(s) for the symmetric stiffness/mass contributions.

 Factoring the system of equations using the symmetric spooles solver
 Using up to 1 cpu(s) for spooles.

 Using up to 1 cpu(s) for the stress calculation.

 average force= 0.000001
 time avg. forc= 0.100000
 largest residual force= 0.000081 in node 3365 and dof 1
 largest increment of disp= 8.371687e-06
 largest correction to disp= 8.371687e-06 in node 4076 and dof 1

 no convergence

 iteration 2

 Using up to 1 cpu(s) for the symmetric stiffness/mass contributions.

 Factoring the system of equations using the symmetric spooles solver
 Using up to 1 cpu(s) for spooles.

 Using up to 1 cpu(s) for the stress calculation.

 average force= 0.000001
 time avg. forc= 0.100000
 largest residual force= 0.000000 in node 2190 and dof 1
 largest increment of disp= 8.371687e-06
 largest correction to disp= 7.889691e-07 in node 4076 and dof 1

 convergence

 increment 2 attempt 1 
 increment size= 5.000000e-03
 sum of previous increments=5.000000e-03
 actual step time=1.000000e-02
 actual total time=1.000000e-02

 iteration 1

 Using up to 1 cpu(s) for the stress calculation.

 Using up to 1 cpu(s) for the symmetric stiffness/mass contributions.

 Factoring the system of equations using the symmetric spooles solver
 Using up to 1 cpu(s) for spooles.

 Using up to 1 cpu(s) for the stress calculation.

 average force= 0.000002
 time avg. forc= 0.100000
 largest residual force= 0.000000 in node 2190 and dof 1
 largest increment of disp= 7.582718e-06
 largest correction to disp= 1.033354e-06 in node 4076 and dof 1

 no convergence

 iteration 2

 Using up to 1 cpu(s) for the symmetric stiffness/mass contributions.

 Factoring the system of equations using the symmetric spooles solver
 Using up to 1 cpu(s) for spooles.

 Using up to 1 cpu(s) for the stress calculation.

 average force= 0.000002
 time avg. forc= 0.100000
 largest residual force= 0.000000 in node 4287 and dof 1
 largest increment of disp= 7.582718e-06
 largest correction to disp= 1.835132e-08 in node 3671 and dof 1

 convergence; the increment size is increased to 7.500000e-03

 increment 3 attempt 1 
 increment size= 7.500000e-03
 sum of previous increments=1.000000e-02
 actual step time=1.750000e-02
 actual total time=1.750000e-02

 iteration 1

 Using up to 1 cpu(s) for the stress calculation.

 Using up to 1 cpu(s) for the symmetric stiffness/mass contributions.

 Factoring the system of equations using the symmetric spooles solver
 Using up to 1 cpu(s) for spooles.

 Using up to 1 cpu(s) for the stress calculation.

 average force= 0.000003
 time avg. forc= 0.100000
 largest residual force= 0.000000 in node 4287 and dof 1
 largest increment of disp= 9.820513e-06
 largest correction to disp= 1.554777e-07 in node 3671 and dof 1

 no convergence

 iteration 2

 Using up to 1 cpu(s) for the symmetric stiffness/mass contributions.

 Factoring the system of equations using the symmetric spooles solver
 Using up to 1 cpu(s) for spooles.

 Using up to 1 cpu(s) for the stress calculation.

 average force= 0.000003
 time avg. forc= 0.100000
 largest residual force= 0.000000 in node 4287 and dof 3
 largest increment of disp= 9.820513e-06
 largest correction to disp= 1.440152e-09 in node 4286 and dof 1

 convergence; the increment size is increased to 1.125000e-02

 increment 4 attempt 1 
 increment size= 1.125000e-02
 sum of previous increments=1.750000e-02
 actual step time=2.875000e-02
 actual total time=2.875000e-02

 iteration 1

 Using up to 1 cpu(s) for the stress calculation.

 Using up to 1 cpu(s) for the symmetric stiffness/mass contributions.

 Factoring the system of equations using the symmetric spooles solver
 Using up to 1 cpu(s) for spooles.

 Using up to 1 cpu(s) for the stress calculation.

 average force= 0.000005
 time avg. forc= 0.100000
 largest residual force= 0.000000 in node 4081 and dof 1
 largest increment of disp= 1.465269e-05
 largest correction to disp= 9.649381e-08 in node 4286 and dof 1

 no convergence

 iteration 2

 Using up to 1 cpu(s) for the symmetric stiffness/mass contributions.

 Factoring the system of equations using the symmetric spooles solver
 Using up to 1 cpu(s) for spooles.

 Using up to 1 cpu(s) for the stress calculation.

 average force= 0.000005
 time avg. forc= 0.100000
 largest residual force= 0.000000 in node 4287 and dof 1
 largest increment of disp= 1.465269e-05
 largest correction to disp= 6.244013e-10 in node 4286 and dof 1

 convergence; the increment size is increased to 1.687500e-02

 increment 5 attempt 1 
 increment size= 1.687500e-02
 sum of previous increments=2.875000e-02
 actual step time=4.562500e-02
 actual total time=4.562500e-02

 iteration 1

 Using up to 1 cpu(s) for the stress calculation.

 Using up to 1 cpu(s) for the symmetric stiffness/mass contributions.

 Factoring the system of equations using the symmetric spooles solver
 Using up to 1 cpu(s) for spooles.

 Using up to 1 cpu(s) for the stress calculation.

 average force= 0.000008
 time avg. forc= 0.100000
 largest residual force= 0.000000 in node 4095 and dof 2
 largest increment of disp= 2.204791e-05
 largest correction to disp= 1.685147e-07 in node 4090 and dof 1

 no convergence

 iteration 2

 Using up to 1 cpu(s) for the symmetric stiffness/mass contributions.

 Factoring the system of equations using the symmetric spooles solver
 Using up to 1 cpu(s) for spooles.

 Using up to 1 cpu(s) for the stress calculation.

 average force= 0.000008
 time avg. forc= 0.100000
 largest residual force= 0.000000 in node 4089 and dof 1
 largest increment of disp= 2.204791e-05
 largest correction to disp= 7.068274e-10 in node 4085 and dof 1

 convergence; the increment size is increased to 2.531250e-02

 the increment size exceeds the maximum allowed and is decreased to 2.000000e-02

 Using up to 1 cpu(s) for the stress calculation.

 increment 6 attempt 1 
 increment size= 2.000000e-02
 sum of previous increments=4.562500e-02
 actual step time=6.562500e-02
 actual total time=6.562500e-02

 iteration 1

 Using up to 1 cpu(s) for the stress calculation.

 Using up to 1 cpu(s) for the symmetric stiffness/mass contributions.

 Factoring the system of equations using the symmetric spooles solver
 Using up to 1 cpu(s) for spooles.

 Using up to 1 cpu(s) for the stress calculation.

 average force= 0.000012
 time avg. forc= 0.100000
 largest residual force= 0.000000 in node 4095 and dof 2
 largest increment of disp= 2.631745e-05
 largest correction to disp= 2.687468e-07 in node 4090 and dof 1

 no convergence

 iteration 2

 Using up to 1 cpu(s) for the symmetric stiffness/mass contributions.

 Factoring the system of equations using the symmetric spooles solver
 Using up to 1 cpu(s) for spooles.

 Using up to 1 cpu(s) for the stress calculation.

 average force= 0.000012
 time avg. forc= 0.100000
 largest residual force= 0.000000 in node 4089 and dof 1
 largest increment of disp= 2.631745e-05
 largest correction to disp= 2.028828e-09 in node 16287 and dof 1

 convergence; the increment size is increased to 3.000000e-02

 the increment size exceeds the maximum allowed and is decreased to 2.000000e-02

 increment 7 attempt 1 
 increment size= 2.000000e-02
 sum of previous increments=6.562500e-02
 actual step time=8.562500e-02
 actual total time=8.562500e-02

 iteration 1

 Using up to 1 cpu(s) for the stress calculation.

 Using up to 1 cpu(s) for the symmetric stiffness/mass contributions.

 Factoring the system of equations using the symmetric spooles solver
 Using up to 1 cpu(s) for spooles.

 Using up to 1 cpu(s) for the stress calculation.

 average force= 0.000016
 time avg. forc= 0.100000
 largest residual force= 0.000000 in node 4075 and dof 1
 largest increment of disp= 2.657194e-05
 largest correction to disp= 2.884403e-07 in node 4090 and dof 1

 no convergence

 iteration 2

 Using up to 1 cpu(s) for the symmetric stiffness/mass contributions.

 Factoring the system of equations using the symmetric spooles solver
 Using up to 1 cpu(s) for spooles.

 Using up to 1 cpu(s) for the stress calculation.

 average force= 0.000016
 time avg. forc= 0.100000
 largest residual force= 0.000000 in node 4089 and dof 1
 largest increment of disp= 2.657194e-05
 largest correction to disp= 2.480351e-09 in node 16287 and dof 1

 convergence; the increment size is increased to 3.000000e-02

 the increment size exceeds the maximum allowed and is decreased to 2.000000e-02

 increment 8 attempt 1 
 increment size= 2.000000e-02
 sum of previous increments=8.562500e-02
 actual step time=1.056250e-01
 actual total time=1.056250e-01

 iteration 1

 Using up to 1 cpu(s) for the stress calculation.

 Using up to 1 cpu(s) for the symmetric stiffness/mass contributions.

 Factoring the system of equations using the symmetric spooles solver
 Using up to 1 cpu(s) for spooles.

 Using up to 1 cpu(s) for the stress calculation.

 average force= 0.000020
 time avg. forc= 0.100000
 largest residual force= 0.000000 in node 4079 and dof 1
 largest increment of disp= 2.684433e-05
 largest correction to disp= 2.817419e-07 in node 4090 and dof 1

 no convergence

 iteration 2

 Using up to 1 cpu(s) for the symmetric stiffness/mass contributions.

 Factoring the system of equations using the symmetric spooles solver
 Using up to 1 cpu(s) for spooles.

 Using up to 1 cpu(s) for the stress calculation.

 average force= 0.000020
 time avg. forc= 0.100000
 largest residual force= 0.000000 in node 4079 and dof 1
 largest increment of disp= 2.684433e-05
 largest correction to disp= 2.569271e-09 in node 4083 and dof 1

 convergence; the increment size is increased to 3.000000e-02

 the increment size exceeds the maximum allowed and is decreased to 2.000000e-02

 increment 9 attempt 1 
 increment size= 2.000000e-02
 sum of previous increments=1.056250e-01
 actual step time=1.256250e-01
 actual total time=1.256250e-01

 iteration 1

 Using up to 1 cpu(s) for the stress calculation.

 Using up to 1 cpu(s) for the symmetric stiffness/mass contributions.

 Factoring the system of equations using the symmetric spooles solver
 Using up to 1 cpu(s) for spooles.

 Using up to 1 cpu(s) for the stress calculation.

 average force= 0.000023
 time avg. forc= 0.100000
 largest residual force= 0.000000 in node 4079 and dof 1
 largest increment of disp= 2.711006e-05
 largest correction to disp= 6.999189e-07 in node 14260 and dof 1

 no convergence

 iteration 2

 Using up to 1 cpu(s) for the symmetric stiffness/mass contributions.

 Factoring the system of equations using the symmetric spooles solver
 Using up to 1 cpu(s) for spooles.

 Using up to 1 cpu(s) for the stress calculation.

 average force= 0.000023
 time avg. forc= 0.100000
 largest residual force= 0.000000 in node 4063 and dof 1
 largest increment of disp= 2.711006e-05
 largest correction to disp= 2.906287e-09 in node 3338 and dof 1

 convergence; the increment size is increased to 3.000000e-02

 the increment size exceeds the maximum allowed and is decreased to 2.000000e-02

 increment 10 attempt 1 
 increment size= 2.000000e-02
 sum of previous increments=1.256250e-01
 actual step time=1.456250e-01
 actual total time=1.456250e-01

 iteration 1

 Using up to 1 cpu(s) for the stress calculation.

 Using up to 1 cpu(s) for the symmetric stiffness/mass contributions.

 Factoring the system of equations using the symmetric spooles solver
 Using up to 1 cpu(s) for spooles.

 Using up to 1 cpu(s) for the stress calculation.

 average force= 0.000027
 time avg. forc= 0.100000
 largest residual force= 0.000000 in node 4079 and dof 1
 largest increment of disp= 2.736607e-05
 largest correction to disp= 5.354975e-06 in node 12100 and dof 1

 no convergence

 iteration 2

 Using up to 1 cpu(s) for the symmetric stiffness/mass contributions.

 Factoring the system of equations using the symmetric spooles solver
 Using up to 1 cpu(s) for spooles.

 Using up to 1 cpu(s) for the stress calculation.

 average force= 0.000027
 time avg. forc= 0.100000
 largest residual force= 0.000000 in node 4063 and dof 1
 largest increment of disp= 2.736607e-05
 largest correction to disp= 3.095150e-08 in node 12100 and dof 1

 convergence; the increment size is increased to 3.000000e-02

 the increment size exceeds the maximum allowed and is decreased to 2.000000e-02

 Using up to 1 cpu(s) for the stress calculation.

 increment 11 attempt 1 
 increment size= 2.000000e-02
 sum of previous increments=1.456250e-01
 actual step time=1.656250e-01
 actual total time=1.656250e-01

 iteration 1

 Using up to 1 cpu(s) for the stress calculation.

 Using up to 1 cpu(s) for the symmetric stiffness/mass contributions.

 Factoring the system of equations using the symmetric spooles solver
 Using up to 1 cpu(s) for spooles.

 Using up to 1 cpu(s) for the stress calculation.

 average force= 0.000031
 time avg. forc= 0.100000
 largest residual force= 0.000000 in node 4079 and dof 1
 largest increment of disp= 2.761035e-05
 largest correction to disp= 1.087317e-05 in node 12106 and dof 1

 no convergence

 iteration 2

 Using up to 1 cpu(s) for the symmetric stiffness/mass contributions.

 Factoring the system of equations using the symmetric spooles solver
 Using up to 1 cpu(s) for spooles.

 Using up to 1 cpu(s) for the stress calculation.

 average force= 0.000031
 time avg. forc= 0.100000
 largest residual force= 0.000000 in node 2175 and dof 1
 largest increment of disp= 2.761035e-05
 largest correction to disp= 2.802877e-08 in node 12106 and dof 1

 convergence; the increment size is increased to 3.000000e-02

 the increment size exceeds the maximum allowed and is decreased to 2.000000e-02

 increment 12 attempt 1 
 increment size= 2.000000e-02
 sum of previous increments=1.656250e-01
 actual step time=1.856250e-01
 actual total time=1.856250e-01

 iteration 1

 Using up to 1 cpu(s) for the stress calculation.

 Using up to 1 cpu(s) for the symmetric stiffness/mass contributions.

 Factoring the system of equations using the symmetric spooles solver
 Using up to 1 cpu(s) for spooles.

 Using up to 1 cpu(s) for the stress calculation.

 average force= 0.000035
 time avg. forc= 0.100000
 largest residual force= 0.000000 in node 4075 and dof 1
 largest increment of disp= 2.784076e-05
 largest correction to disp= 7.593322e-06 in node 12102 and dof 1

 no convergence

 iteration 2

 Using up to 1 cpu(s) for the symmetric stiffness/mass contributions.

 Factoring the system of equations using the symmetric spooles solver
 Using up to 1 cpu(s) for spooles.

 Using up to 1 cpu(s) for the stress calculation.

 average force= 0.000035
 time avg. forc= 0.100000
 largest residual force= 0.000000 in node 4063 and dof 1
 largest increment of disp= 2.784076e-05
 largest correction to disp= 2.129706e-08 in node 12106 and dof 1

 convergence; the increment size is increased to 3.000000e-02

 the increment size exceeds the maximum allowed and is decreased to 2.000000e-02

 increment 13 attempt 1 
 increment size= 2.000000e-02
 sum of previous increments=1.856250e-01
 actual step time=2.056250e-01
 actual total time=2.056250e-01

 iteration 1

 Using up to 1 cpu(s) for the stress calculation.

 Using up to 1 cpu(s) for the symmetric stiffness/mass contributions.

 Factoring the system of equations using the symmetric spooles solver
 Using up to 1 cpu(s) for spooles.

 Using up to 1 cpu(s) for the stress calculation.

 average force= 0.000038
 time avg. forc= 0.100000
 largest residual force= 0.000000 in node 4075 and dof 1
 largest increment of disp= 2.805651e-05
 largest correction to disp= 1.047816e-05 in node 12106 and dof 1

 no convergence

 iteration 2

 Using up to 1 cpu(s) for the symmetric stiffness/mass contributions.

 Factoring the system of equations using the symmetric spooles solver
 Using up to 1 cpu(s) for spooles.

 Using up to 1 cpu(s) for the stress calculation.

 average force= 0.000038
 time avg. forc= 0.100000
 largest residual force= 0.000000 in node 4063 and dof 1
 largest increment of disp= 2.805651e-05
 largest correction to disp= 5.023310e-08 in node 14262 and dof 1

 convergence; the increment size is increased to 3.000000e-02

 the increment size exceeds the maximum allowed and is decreased to 2.000000e-02

 increment 14 attempt 1 
 increment size= 2.000000e-02
 sum of previous increments=2.056250e-01
 actual step time=2.256250e-01
 actual total time=2.256250e-01

 iteration 1

 Using up to 1 cpu(s) for the stress calculation.

 Using up to 1 cpu(s) for the symmetric stiffness/mass contributions.

 Factoring the system of equations using the symmetric spooles solver
 Using up to 1 cpu(s) for spooles.

 Using up to 1 cpu(s) for the stress calculation.

 average force= 0.000042
 time avg. forc= 0.100000
 largest residual force= 0.000008 in node 2176 and dof 1
 largest increment of disp= 7.336806e-05
 largest correction to disp= 7.336806e-05 in node 12097 and dof 1

 no convergence

 iteration 2

 Using up to 1 cpu(s) for the symmetric stiffness/mass contributions.

 Factoring the system of equations using the symmetric spooles solver
 Using up to 1 cpu(s) for spooles.

 Using up to 1 cpu(s) for the stress calculation.

 average force= 0.000042
 time avg. forc= 0.100000
 largest residual force= 0.000000 in node 3338 and dof 1
 largest increment of disp= 7.336806e-05
 largest correction to disp= 1.285991e-05 in node 12097 and dof 1

 convergence; the increment size is increased to 3.000000e-02

 the increment size exceeds the maximum allowed and is decreased to 2.000000e-02

 increment 15 attempt 1 
 increment size= 2.000000e-02
 sum of previous increments=2.256250e-01
 actual step time=2.456250e-01
 actual total time=2.456250e-01

 iteration 1

 Using up to 1 cpu(s) for the stress calculation.

 Using up to 1 cpu(s) for the symmetric stiffness/mass contributions.

 Factoring the system of equations using the symmetric spooles solver
 Using up to 1 cpu(s) for spooles.

 Using up to 1 cpu(s) for the stress calculation.

 average force= 0.000047
 time avg. forc= 0.100000
 largest residual force= 0.000881 in node 3338 and dof 1
 largest increment of disp= 9.640871e-04
 largest correction to disp= 9.640871e-04 in node 12106 and dof 1

 no convergence

 iteration 2

 Using up to 1 cpu(s) for the symmetric stiffness/mass contributions.

 Factoring the system of equations using the symmetric spooles solver
 Using up to 1 cpu(s) for spooles.

 Using up to 1 cpu(s) for the stress calculation.

 average force= 0.000047
 time avg. forc= 0.100000
 largest residual force= 0.000213 in node 2177 and dof 1
 largest increment of disp= 9.640871e-04
 largest correction to disp= 3.357777e-04 in node 12106 and dof 1

 no convergence

 iteration 3

 Using up to 1 cpu(s) for the symmetric stiffness/mass contributions.

 Factoring the system of equations using the symmetric spooles solver
 Using up to 1 cpu(s) for spooles.

 Using up to 1 cpu(s) for the stress calculation.

 average force= 0.000046
 time avg. forc= 0.100000
 largest residual force= 0.000438 in node 851 and dof 1
 largest increment of disp= 9.640871e-04
 largest correction to disp= 2.602659e-04 in node 12106 and dof 1

 no convergence

 iteration 4

 Using up to 1 cpu(s) for the symmetric stiffness/mass contributions.

 Factoring the system of equations using the symmetric spooles solver
 Using up to 1 cpu(s) for spooles.

 Using up to 1 cpu(s) for the stress calculation.

 average force= 0.000046
 time avg. forc= 0.100000
 largest residual force= 0.000071 in node 863 and dof 1
 largest increment of disp= 9.640871e-04
 largest correction to disp= 1.842368e-04 in node 14203 and dof 1

 no convergence

 iteration 5

 Using up to 1 cpu(s) for the symmetric stiffness/mass contributions.

 Factoring the system of equations using the symmetric spooles solver
 Using up to 1 cpu(s) for spooles.

 Using up to 1 cpu(s) for the stress calculation.

 average force= 0.000046
 time avg. forc= 0.100000
 largest residual force= 0.000045 in node 3338 and dof 1
 largest increment of disp= 9.640871e-04
 largest correction to disp= 1.389240e-04 in node 14262 and dof 1

 no convergence

 iteration 6

 Using up to 1 cpu(s) for the symmetric stiffness/mass contributions.

 Factoring the system of equations using the symmetric spooles solver
 Using up to 1 cpu(s) for spooles.

 Using up to 1 cpu(s) for the stress calculation.

 average force= 0.000046
 time avg. forc= 0.100000
 largest residual force= 0.000003 in node 2544 and dof 1
 largest increment of disp= 9.640871e-04
 largest correction to disp= 4.470208e-05 in node 12097 and dof 1

 convergence

 Using up to 1 cpu(s) for the stress calculation.

 increment 16 attempt 1 
 increment size= 2.000000e-02
 sum of previous increments=2.456250e-01
 actual step time=2.656250e-01
 actual total time=2.656250e-01

 iteration 1

 Using up to 1 cpu(s) for the stress calculation.

 Using up to 1 cpu(s) for the symmetric stiffness/mass contributions.

 Factoring the system of equations using the symmetric spooles solver
 Using up to 1 cpu(s) for spooles.

 Using up to 1 cpu(s) for the stress calculation.

 average force= 0.000050
 time avg. forc= 0.100000
 largest residual force= 0.000452 in node 3338 and dof 1
 largest increment of disp= 4.396149e-04
 largest correction to disp= 4.396149e-04 in node 14262 and dof 1

 no convergence

 iteration 2

 Using up to 1 cpu(s) for the symmetric stiffness/mass contributions.

 Factoring the system of equations using the symmetric spooles solver
 Using up to 1 cpu(s) for spooles.

 Using up to 1 cpu(s) for the stress calculation.

 average force= 0.000050
 time avg. forc= 0.100000
 largest residual force= 0.002002 in node 3338 and dof 1
 largest increment of disp= 1.084123e-03
 largest correction to disp= 1.084123e-03 in node 14271 and dof 1

 no convergence

 iteration 3

 Using up to 1 cpu(s) for the symmetric stiffness/mass contributions.

 Factoring the system of equations using the symmetric spooles solver
 Using up to 1 cpu(s) for spooles.

 Using up to 1 cpu(s) for the stress calculation.

 average force= 0.000050
 time avg. forc= 0.100000
 largest residual force= 0.001426 in node 3337 and dof 1
 largest increment of disp= 1.084123e-03
 largest correction to disp= 8.344104e-04 in node 12097 and dof 1

 no convergence

 iteration 4

 Using up to 1 cpu(s) for the symmetric stiffness/mass contributions.

 Factoring the system of equations using the symmetric spooles solver
 Using up to 1 cpu(s) for spooles.

 Using up to 1 cpu(s) for the stress calculation.

 average force= 0.000051
 time avg. forc= 0.100000
 largest residual force= 0.000960 in node 2177 and dof 1
 largest increment of disp= 1.084123e-03
 largest correction to disp= 4.715774e-04 in node 12100 and dof 1

 no convergence

 iteration 5

 Using up to 1 cpu(s) for the symmetric stiffness/mass contributions.

 Factoring the system of equations using the symmetric spooles solver
 Using up to 1 cpu(s) for spooles.

 Using up to 1 cpu(s) for the stress calculation.

 average force= 0.000051
 time avg. forc= 0.100000
 largest residual force= 0.000279 in node 2546 and dof 1
 largest increment of disp= 1.084123e-03
 largest correction to disp= 4.606600e-04 in node 12109 and dof 1

 no convergence

 iteration 6

 Using up to 1 cpu(s) for the symmetric stiffness/mass contributions.

 Factoring the system of equations using the symmetric spooles solver
 Using up to 1 cpu(s) for spooles.

 Using up to 1 cpu(s) for the stress calculation.

 average force= 0.000051
 time avg. forc= 0.100000
 largest residual force= 0.000064 in node 2176 and dof 1
 largest increment of disp= 1.084123e-03
 largest correction to disp= 2.183217e-04 in node 12097 and dof 1

 no convergence

 iteration 7

 Using up to 1 cpu(s) for the symmetric stiffness/mass contributions.

 Factoring the system of equations using the symmetric spooles solver
 Using up to 1 cpu(s) for spooles.

 Using up to 1 cpu(s) for the stress calculation.

 average force= 0.000050
 time avg. forc= 0.100000
 largest residual force= 0.000059 in node 2176 and dof 1
 largest increment of disp= 1.084123e-03
 largest correction to disp= 2.307501e-04 in node 12106 and dof 1

 no convergence

 iteration 8

 Using up to 1 cpu(s) for the symmetric stiffness/mass contributions.

 Factoring the system of equations using the symmetric spooles solver
 Using up to 1 cpu(s) for spooles.

 Using up to 1 cpu(s) for the stress calculation.

 average force= 0.000050
 time avg. forc= 0.100000
 largest residual force= 0.000025 in node 2544 and dof 1
 largest increment of disp= 1.084123e-03
 largest correction to disp= 1.353203e-04 in node 12097 and dof 1

 no convergence

 iteration 9

 Using up to 1 cpu(s) for the symmetric stiffness/mass contributions.

 Factoring the system of equations using the symmetric spooles solver
 Using up to 1 cpu(s) for spooles.

 Using up to 1 cpu(s) for the stress calculation.

 average force= 0.000050
 time avg. forc= 0.100000
 largest residual force= 0.000004 in node 2544 and dof 1
 largest increment of disp= 1.084123e-03
 largest correction to disp= 5.243998e-05 in node 12106 and dof 1

 convergence

 increment 17 attempt 1 
 increment size= 2.000000e-02
 sum of previous increments=2.656250e-01
 actual step time=2.856250e-01
 actual total time=2.856250e-01

 iteration 1

 Using up to 1 cpu(s) for the stress calculation.

 Using up to 1 cpu(s) for the symmetric stiffness/mass contributions.

 Factoring the system of equations using the symmetric spooles solver
 Using up to 1 cpu(s) for spooles.

 Using up to 1 cpu(s) for the stress calculation.

 average force= 0.000055
 time avg. forc= 0.100000
 largest residual force= 0.000498 in node 2175 and dof 1
 largest increment of disp= 8.317724e-04
 largest correction to disp= 4.050716e-04 in node 12109 and dof 1

 no convergence

 iteration 2

 Using up to 1 cpu(s) for the symmetric stiffness/mass contributions.

 Factoring the system of equations using the symmetric spooles solver
 Using up to 1 cpu(s) for spooles.

 Using up to 1 cpu(s) for the stress calculation.

 average force= 0.000055
 time avg. forc= 0.100000
 largest residual force= 0.001354 in node 2175 and dof 1
 largest increment of disp= 8.317724e-04
 largest correction to disp= 4.704323e-04 in node 14260 and dof 1

 no convergence

 iteration 3

 Using up to 1 cpu(s) for the symmetric stiffness/mass contributions.

 Factoring the system of equations using the symmetric spooles solver
 Using up to 1 cpu(s) for spooles.

 Using up to 1 cpu(s) for the stress calculation.

 average force= 0.000055
 time avg. forc= 0.100000
 largest residual force= 0.000037 in node 3336 and dof 1
 largest increment of disp= 8.317724e-04
 largest correction to disp= 1.206330e-04 in node 12100 and dof 1

 convergence

 increment 18 attempt 1 
 increment size= 2.000000e-02
 sum of previous increments=2.856250e-01
 actual step time=3.056250e-01
 actual total time=3.056250e-01

 iteration 1

 Using up to 1 cpu(s) for the stress calculation.

 Using up to 1 cpu(s) for the symmetric stiffness/mass contributions.

 Factoring the system of equations using the symmetric spooles solver
 Using up to 1 cpu(s) for spooles.

 Using up to 1 cpu(s) for the stress calculation.

 average force= 0.000059
 time avg. forc= 0.100000
 largest residual force= 0.000111 in node 3337 and dof 3
 largest increment of disp= 5.891910e-04
 largest correction to disp= 2.573865e-04 in node 14260 and dof 1

 no convergence

 iteration 2

 Using up to 1 cpu(s) for the symmetric stiffness/mass contributions.

 Factoring the system of equations using the symmetric spooles solver
 Using up to 1 cpu(s) for spooles.

 Using up to 1 cpu(s) for the stress calculation.

 average force= 0.000059
 time avg. forc= 0.100000
 largest residual force= 0.000102 in node 3337 and dof 1
 largest increment of disp= 5.891910e-04
 largest correction to disp= 2.149803e-04 in node 14269 and dof 1

 no convergence

 iteration 3

 Using up to 1 cpu(s) for the symmetric stiffness/mass contributions.

 Factoring the system of equations using the symmetric spooles solver
 Using up to 1 cpu(s) for spooles.

 Using up to 1 cpu(s) for the stress calculation.

 average force= 0.000059
 time avg. forc= 0.100000
 largest residual force= 0.000007 in node 3337 and dof 1
 largest increment of disp= 5.891910e-04
 largest correction to disp= 6.806905e-05 in node 14260 and dof 1

 convergence; the increment size is increased to 3.000000e-02

 the increment size exceeds the maximum allowed and is decreased to 2.000000e-02

 increment 19 attempt 1 
 increment size= 2.000000e-02
 sum of previous increments=3.056250e-01
 actual step time=3.256250e-01
 actual total time=3.256250e-01

 iteration 1

 Using up to 1 cpu(s) for the stress calculation.

 Using up to 1 cpu(s) for the symmetric stiffness/mass contributions.

 Factoring the system of equations using the symmetric spooles solver
 Using up to 1 cpu(s) for spooles.

 Using up to 1 cpu(s) for the stress calculation.

 average force= 0.000063
 time avg. forc= 0.100000
 largest residual force= 0.000011 in node 4075 and dof 1
 largest increment of disp= 1.587427e-04
 largest correction to disp= 7.370767e-05 in node 12100 and dof 1

 no convergence

 iteration 2

 Using up to 1 cpu(s) for the symmetric stiffness/mass contributions.

 Factoring the system of equations using the symmetric spooles solver
 Using up to 1 cpu(s) for spooles.

 Using up to 1 cpu(s) for the stress calculation.

 average force= 0.000063
 time avg. forc= 0.100000
 largest residual force= 0.000000 in node 863 and dof 1
 largest increment of disp= 1.587427e-04
 largest correction to disp= 1.406910e-05 in node 12106 and dof 1

 convergence; the increment size is increased to 3.000000e-02

 the increment size exceeds the maximum allowed and is decreased to 2.000000e-02

 increment 20 attempt 1 
 increment size= 2.000000e-02
 sum of previous increments=3.256250e-01
 actual step time=3.456250e-01
 actual total time=3.456250e-01

 iteration 1

 Using up to 1 cpu(s) for the stress calculation.

 Using up to 1 cpu(s) for the symmetric stiffness/mass contributions.

 Factoring the system of equations using the symmetric spooles solver
 Using up to 1 cpu(s) for spooles.

 Using up to 1 cpu(s) for the stress calculation.

 average force= 0.000067
 time avg. forc= 0.100000
 largest residual force= 0.000004 in node 4075 and dof 1
 largest increment of disp= 7.141891e-05
 largest correction to disp= 1.451535e-05 in node 14269 and dof 1

 no convergence

 iteration 2

 Using up to 1 cpu(s) for the symmetric stiffness/mass contributions.

 Factoring the system of equations using the symmetric spooles solver
 Using up to 1 cpu(s) for spooles.

 Using up to 1 cpu(s) for the stress calculation.

 average force= 0.000067
 time avg. forc= 0.100000
 largest residual force= 0.000000 in node 4105 and dof 1
 largest increment of disp= 7.141891e-05
 largest correction to disp= 2.367069e-07 in node 14260 and dof 1

 convergence; the increment size is increased to 3.000000e-02

 the increment size exceeds the maximum allowed and is decreased to 2.000000e-02

 Using up to 1 cpu(s) for the stress calculation.

 increment 21 attempt 1 
 increment size= 2.000000e-02
 sum of previous increments=3.456250e-01
 actual step time=3.656250e-01
 actual total time=3.656250e-01

 iteration 1

 Using up to 1 cpu(s) for the stress calculation.

 Using up to 1 cpu(s) for the symmetric stiffness/mass contributions.

 Factoring the system of equations using the symmetric spooles solver
 Using up to 1 cpu(s) for spooles.

 Using up to 1 cpu(s) for the stress calculation.

 average force= 0.000071
 time avg. forc= 0.100000
 largest residual force= 0.000003 in node 4075 and dof 1
 largest increment of disp= 6.963352e-05
 largest correction to disp= 6.136239e-06 in node 12106 and dof 1

 no convergence

 iteration 2

 Using up to 1 cpu(s) for the symmetric stiffness/mass contributions.

 Factoring the system of equations using the symmetric spooles solver
 Using up to 1 cpu(s) for spooles.

 Using up to 1 cpu(s) for the stress calculation.

 average force= 0.000071
 time avg. forc= 0.100000
 largest residual force= 0.000000 in node 4103 and dof 1
 largest increment of disp= 6.963352e-05
 largest correction to disp= 2.100160e-07 in node 12106 and dof 1

 convergence; the increment size is increased to 3.000000e-02

 the increment size exceeds the maximum allowed and is decreased to 2.000000e-02

 increment 22 attempt 1 
 increment size= 2.000000e-02
 sum of previous increments=3.656250e-01
 actual step time=3.856250e-01
 actual total time=3.856250e-01

 iteration 1

 Using up to 1 cpu(s) for the stress calculation.

 Using up to 1 cpu(s) for the symmetric stiffness/mass contributions.

 Factoring the system of equations using the symmetric spooles solver
 Using up to 1 cpu(s) for spooles.

 Using up to 1 cpu(s) for the stress calculation.

 average force= 0.000076
 time avg. forc= 0.100000
 largest residual force= 0.000003 in node 4079 and dof 1
 largest increment of disp= 6.328727e-05
 largest correction to disp= 4.950445e-06 in node 12097 and dof 1

 no convergence

 iteration 2

 Using up to 1 cpu(s) for the symmetric stiffness/mass contributions.

 Factoring the system of equations using the symmetric spooles solver
 Using up to 1 cpu(s) for spooles.

 Using up to 1 cpu(s) for the stress calculation.

 average force= 0.000076
 time avg. forc= 0.100000
 largest residual force= 0.000000 in node 4087 and dof 1
 largest increment of disp= 6.328727e-05
 largest correction to disp= 1.440993e-07 in node 12097 and dof 1

 convergence; the increment size is increased to 3.000000e-02

 the increment size exceeds the maximum allowed and is decreased to 2.000000e-02

 increment 23 attempt 1 
 increment size= 2.000000e-02
 sum of previous increments=3.856250e-01
 actual step time=4.056250e-01
 actual total time=4.056250e-01

 iteration 1

 Using up to 1 cpu(s) for the stress calculation.

 Using up to 1 cpu(s) for the symmetric stiffness/mass contributions.

 Factoring the system of equations using the symmetric spooles solver
 Using up to 1 cpu(s) for spooles.

 Using up to 1 cpu(s) for the stress calculation.

 average force= 0.000080
 time avg. forc= 0.100000
 largest residual force= 0.000003 in node 3344 and dof 1
 largest increment of disp= 5.819272e-05
 largest correction to disp= 3.950166e-06 in node 12106 and dof 1

 no convergence

 iteration 2

 Using up to 1 cpu(s) for the symmetric stiffness/mass contributions.

 Factoring the system of equations using the symmetric spooles solver
 Using up to 1 cpu(s) for spooles.

 Using up to 1 cpu(s) for the stress calculation.

 average force= 0.000080
 time avg. forc= 0.100000
 largest residual force= 0.000000 in node 4093 and dof 1
 largest increment of disp= 5.819272e-05
 largest correction to disp= 1.047108e-07 in node 12097 and dof 1

 convergence; the increment size is increased to 3.000000e-02

 the increment size exceeds the maximum allowed and is decreased to 2.000000e-02

 increment 24 attempt 1 
 increment size= 2.000000e-02
 sum of previous increments=4.056250e-01
 actual step time=4.256250e-01
 actual total time=4.256250e-01

 iteration 1

 Using up to 1 cpu(s) for the stress calculation.

 Using up to 1 cpu(s) for the symmetric stiffness/mass contributions.

 Factoring the system of equations using the symmetric spooles solver
 Using up to 1 cpu(s) for spooles.

 Using up to 1 cpu(s) for the stress calculation.

 average force= 0.000084
 time avg. forc= 0.100000
 largest residual force= 0.000003 in node 4081 and dof 1
 largest increment of disp= 5.413785e-05
 largest correction to disp= 3.316638e-06 in node 12097 and dof 1

 no convergence

 iteration 2

 Using up to 1 cpu(s) for the symmetric stiffness/mass contributions.

 Factoring the system of equations using the symmetric spooles solver
 Using up to 1 cpu(s) for spooles.

 Using up to 1 cpu(s) for the stress calculation.

 average force= 0.000084
 time avg. forc= 0.100000
 largest residual force= 0.000000 in node 4093 and dof 1
 largest increment of disp= 5.413785e-05
 largest correction to disp= 8.244131e-08 in node 12097 and dof 1

 convergence; the increment size is increased to 3.000000e-02

 the increment size exceeds the maximum allowed and is decreased to 2.000000e-02

 increment 25 attempt 1 
 increment size= 2.000000e-02
 sum of previous increments=4.256250e-01
 actual step time=4.456250e-01
 actual total time=4.456250e-01

 iteration 1

 Using up to 1 cpu(s) for the stress calculation.

 Using up to 1 cpu(s) for the symmetric stiffness/mass contributions.

 Factoring the system of equations using the symmetric spooles solver
 Using up to 1 cpu(s) for spooles.

 Using up to 1 cpu(s) for the stress calculation.

 average force= 0.000088
 time avg. forc= 0.100000
 largest residual force= 0.000003 in node 4073 and dof 1
 largest increment of disp= 5.073877e-05
 largest correction to disp= 2.891225e-06 in node 12106 and dof 1

 no convergence

 iteration 2

 Using up to 1 cpu(s) for the symmetric stiffness/mass contributions.

 Factoring the system of equations using the symmetric spooles solver
 Using up to 1 cpu(s) for spooles.

 Using up to 1 cpu(s) for the stress calculation.

 average force= 0.000088
 time avg. forc= 0.100000
 largest residual force= 0.000000 in node 4089 and dof 1
 largest increment of disp= 5.073877e-05
 largest correction to disp= 6.491904e-08 in node 12097 and dof 1

 convergence; the increment size is increased to 3.000000e-02

 the increment size exceeds the maximum allowed and is decreased to 2.000000e-02

 Using up to 1 cpu(s) for the stress calculation.

 increment 26 attempt 1 
 increment size= 2.000000e-02
 sum of previous increments=4.456250e-01
 actual step time=4.656250e-01
 actual total time=4.656250e-01

 iteration 1

 Using up to 1 cpu(s) for the stress calculation.

 Using up to 1 cpu(s) for the symmetric stiffness/mass contributions.

 Factoring the system of equations using the symmetric spooles solver
 Using up to 1 cpu(s) for spooles.

 Using up to 1 cpu(s) for the stress calculation.

 average force= 0.000093
 time avg. forc= 0.100000
 largest residual force= 0.000003 in node 4081 and dof 1
 largest increment of disp= 4.778262e-05
 largest correction to disp= 2.588891e-06 in node 12106 and dof 1

 no convergence

 iteration 2

 Using up to 1 cpu(s) for the symmetric stiffness/mass contributions.

 Factoring the system of equations using the symmetric spooles solver
 Using up to 1 cpu(s) for spooles.

 Using up to 1 cpu(s) for the stress calculation.

 average force= 0.000093
 time avg. forc= 0.100000
 largest residual force= 0.000000 in node 4089 and dof 1
 largest increment of disp= 4.778262e-05
 largest correction to disp= 4.730484e-08 in node 12106 and dof 1

 convergence; the increment size is increased to 3.000000e-02

 the increment size exceeds the maximum allowed and is decreased to 2.000000e-02

 increment 27 attempt 1 
 increment size= 2.000000e-02
 sum of previous increments=4.656250e-01
 actual step time=4.856250e-01
 actual total time=4.856250e-01

 iteration 1

 Using up to 1 cpu(s) for the stress calculation.

 Using up to 1 cpu(s) for the symmetric stiffness/mass contributions.

 Factoring the system of equations using the symmetric spooles solver
 Using up to 1 cpu(s) for spooles.

 Using up to 1 cpu(s) for the stress calculation.

 average force= 0.000097
 time avg. forc= 0.100000
 largest residual force= 0.000003 in node 4073 and dof 1
 largest increment of disp= 4.514643e-05
 largest correction to disp= 2.360761e-06 in node 12097 and dof 1

 no convergence

 iteration 2

 Using up to 1 cpu(s) for the symmetric stiffness/mass contributions.

 Factoring the system of equations using the symmetric spooles solver
 Using up to 1 cpu(s) for spooles.

 Using up to 1 cpu(s) for the stress calculation.

 average force= 0.000097
 time avg. forc= 0.100000
 largest residual force= 0.000000 in node 4089 and dof 1
 largest increment of disp= 4.514643e-05
 largest correction to disp= 2.806979e-08 in node 12097 and dof 1

 convergence; the increment size is increased to 3.000000e-02

 the increment size exceeds the maximum allowed and is decreased to 2.000000e-02

 increment 28 attempt 1 
 increment size= 2.000000e-02
 sum of previous increments=4.856250e-01
 actual step time=5.056250e-01
 actual total time=5.056250e-01

 iteration 1

 Using up to 1 cpu(s) for the stress calculation.

 Using up to 1 cpu(s) for the symmetric stiffness/mass contributions.

 Factoring the system of equations using the symmetric spooles solver
 Using up to 1 cpu(s) for spooles.

 Using up to 1 cpu(s) for the stress calculation.

 average force= 0.000101
 time avg. forc= 0.100000
 largest residual force= 0.000004 in node 4073 and dof 1
 largest increment of disp= 4.275760e-05
 largest correction to disp= 2.178002e-06 in node 12097 and dof 1

 no convergence

 iteration 2

 Using up to 1 cpu(s) for the symmetric stiffness/mass contributions.

 Factoring the system of equations using the symmetric spooles solver
 Using up to 1 cpu(s) for spooles.

 Using up to 1 cpu(s) for the stress calculation.

 average force= 0.000101
 time avg. forc= 0.100000
 largest residual force= 0.000000 in node 4089 and dof 1
 largest increment of disp= 4.275760e-05
 largest correction to disp= 1.131318e-08 in node 14291 and dof 1

 convergence; the increment size is increased to 3.000000e-02

 the increment size exceeds the maximum allowed and is decreased to 2.000000e-02

 increment 29 attempt 1 
 increment size= 2.000000e-02
 sum of previous increments=5.056250e-01
 actual step time=5.256250e-01
 actual total time=5.256250e-01

 iteration 1

 Using up to 1 cpu(s) for the stress calculation.

 Using up to 1 cpu(s) for the symmetric stiffness/mass contributions.

 Factoring the system of equations using the symmetric spooles solver
 Using up to 1 cpu(s) for spooles.

 Using up to 1 cpu(s) for the stress calculation.

 average force= 0.000105
 time avg. forc= 0.100000
 largest residual force= 0.000004 in node 4073 and dof 1
 largest increment of disp= 4.057222e-05
 largest correction to disp= 5.304876e-06 in node 13126 and dof 1

 no convergence

 iteration 2

 Using up to 1 cpu(s) for the symmetric stiffness/mass contributions.

 Factoring the system of equations using the symmetric spooles solver
 Using up to 1 cpu(s) for spooles.

 Using up to 1 cpu(s) for the stress calculation.

 average force= 0.000105
 time avg. forc= 0.100000
 largest residual force= 0.000000 in node 4071 and dof 1
 largest increment of disp= 4.057222e-05
 largest correction to disp= 1.382978e-07 in node 13126 and dof 1

 convergence; the increment size is increased to 3.000000e-02

 the increment size exceeds the maximum allowed and is decreased to 2.000000e-02

 increment 30 attempt 1 
 increment size= 2.000000e-02
 sum of previous increments=5.256250e-01
 actual step time=5.456250e-01
 actual total time=5.456250e-01

 iteration 1

 Using up to 1 cpu(s) for the stress calculation.

 Using up to 1 cpu(s) for the symmetric stiffness/mass contributions.

 Factoring the system of equations using the symmetric spooles solver
 Using up to 1 cpu(s) for spooles.

 Using up to 1 cpu(s) for the stress calculation.

 average force= 0.000109
 time avg. forc= 0.100000
 largest residual force= 0.000004 in node 4073 and dof 1
 largest increment of disp= 3.856124e-05
 largest correction to disp= 3.283193e-05 in node 15283 and dof 1

 no convergence

 iteration 2

 Using up to 1 cpu(s) for the symmetric stiffness/mass contributions.

 Factoring the system of equations using the symmetric spooles solver
 Using up to 1 cpu(s) for spooles.

 Using up to 1 cpu(s) for the stress calculation.

 average force= 0.000109
 time avg. forc= 0.100000
 largest residual force= 0.000000 in node 2949 and dof 1
 largest increment of disp= 3.856124e-05
 largest correction to disp= 7.412160e-06 in node 13126 and dof 1

 convergence; the increment size is increased to 3.000000e-02

 the increment size exceeds the maximum allowed and is decreased to 2.000000e-02

 Using up to 1 cpu(s) for the stress calculation.

 increment 31 attempt 1 
 increment size= 2.000000e-02
 sum of previous increments=5.456250e-01
 actual step time=5.656250e-01
 actual total time=5.656250e-01

 iteration 1

 Using up to 1 cpu(s) for the stress calculation.

 Using up to 1 cpu(s) for the symmetric stiffness/mass contributions.

 Factoring the system of equations using the symmetric spooles solver
 Using up to 1 cpu(s) for spooles.

 Using up to 1 cpu(s) for the stress calculation.

 average force= 0.000113
 time avg. forc= 0.100000
 largest residual force= 0.000005 in node 2951 and dof 1
 largest increment of disp= 5.124495e-05
 largest correction to disp= 5.124495e-05 in node 15283 and dof 1

 no convergence

 iteration 2

 Using up to 1 cpu(s) for the symmetric stiffness/mass contributions.

 Factoring the system of equations using the symmetric spooles solver
 Using up to 1 cpu(s) for spooles.

 Using up to 1 cpu(s) for the stress calculation.

 average force= 0.000113
 time avg. forc= 0.100000
 largest residual force= 0.000000 in node 3741 and dof 1
 largest increment of disp= 5.124495e-05
 largest correction to disp= 2.267050e-05 in node 15283 and dof 1

 convergence; the increment size is increased to 3.000000e-02

 the increment size exceeds the maximum allowed and is decreased to 2.000000e-02

 increment 32 attempt 1 
 increment size= 2.000000e-02
 sum of previous increments=5.656250e-01
 actual step time=5.856250e-01
 actual total time=5.856250e-01

 iteration 1

 Using up to 1 cpu(s) for the stress calculation.

 Using up to 1 cpu(s) for the symmetric stiffness/mass contributions.

 Factoring the system of equations using the symmetric spooles solver
 Using up to 1 cpu(s) for spooles.

 Using up to 1 cpu(s) for the stress calculation.

 average force= 0.000117
 time avg. forc= 0.100000
 largest residual force= 0.000682 in node 2951 and dof 1
 largest increment of disp= 7.635579e-04
 largest correction to disp= 7.635579e-04 in node 13137 and dof 1

 no convergence

 iteration 2

 Using up to 1 cpu(s) for the symmetric stiffness/mass contributions.

 Factoring the system of equations using the symmetric spooles solver
 Using up to 1 cpu(s) for spooles.

 Using up to 1 cpu(s) for the stress calculation.

 average force= 0.000117
 time avg. forc= 0.100000
 largest residual force= 0.000279 in node 2309 and dof 1
 largest increment of disp= 7.635579e-04
 largest correction to disp= 2.199898e-04 in node 13137 and dof 1

 no convergence

 iteration 3

 Using up to 1 cpu(s) for the symmetric stiffness/mass contributions.

 Factoring the system of equations using the symmetric spooles solver
 Using up to 1 cpu(s) for spooles.

 Using up to 1 cpu(s) for the stress calculation.

 average force= 0.000117
 time avg. forc= 0.100000
 largest residual force= 0.000078 in node 2313 and dof 1
 largest increment of disp= 7.635579e-04
 largest correction to disp= 1.838058e-04 in node 13137 and dof 1

 no convergence

 iteration 4

 Using up to 1 cpu(s) for the symmetric stiffness/mass contributions.

 Factoring the system of equations using the symmetric spooles solver
 Using up to 1 cpu(s) for spooles.

 Using up to 1 cpu(s) for the stress calculation.

 average force= 0.000117
 time avg. forc= 0.100000
 largest residual force= 0.000015 in node 2951 and dof 1
 largest increment of disp= 7.635579e-04
 largest correction to disp= 1.066633e-04 in node 13128 and dof 1

 no convergence

 iteration 5

 Using up to 1 cpu(s) for the symmetric stiffness/mass contributions.

 Factoring the system of equations using the symmetric spooles solver
 Using up to 1 cpu(s) for spooles.

 Using up to 1 cpu(s) for the stress calculation.

 average force= 0.000117
 time avg. forc= 0.100000
 largest residual force= 0.000007 in node 2951 and dof 1
 largest increment of disp= 7.635579e-04
 largest correction to disp= 6.869493e-05 in node 13128 and dof 1

 no convergence

 iteration 6

 Using up to 1 cpu(s) for the symmetric stiffness/mass contributions.

 Factoring the system of equations using the symmetric spooles solver
 Using up to 1 cpu(s) for spooles.

 Using up to 1 cpu(s) for the stress calculation.

 average force= 0.000117
 time avg. forc= 0.100000
 largest residual force= 0.000001 in node 2951 and dof 1
 largest increment of disp= 7.635579e-04
 largest correction to disp= 3.223284e-05 in node 13128 and dof 1

 convergence

 increment 33 attempt 1 
 increment size= 2.000000e-02
 sum of previous increments=5.856250e-01
 actual step time=6.056250e-01
 actual total time=6.056250e-01

 iteration 1

 Using up to 1 cpu(s) for the stress calculation.

 Using up to 1 cpu(s) for the symmetric stiffness/mass contributions.

 Factoring the system of equations using the symmetric spooles solver
 Using up to 1 cpu(s) for spooles.

 Using up to 1 cpu(s) for the stress calculation.

 average force= 0.000121
 time avg. forc= 0.100000
 largest residual force= 0.000009 in node 2950 and dof 3
 largest increment of disp= 2.205164e-04
 largest correction to disp= 9.054932e-05 in node 13126 and dof 1

 no convergence

 iteration 2

 Using up to 1 cpu(s) for the symmetric stiffness/mass contributions.

 Factoring the system of equations using the symmetric spooles solver
 Using up to 1 cpu(s) for spooles.

 Using up to 1 cpu(s) for the stress calculation.

 average force= 0.000121
 time avg. forc= 0.100000
 largest residual force= 0.000005 in node 2949 and dof 1
 largest increment of disp= 2.205164e-04
 largest correction to disp= 6.714430e-05 in node 13135 and dof 1

 no convergence

 iteration 3

 Using up to 1 cpu(s) for the symmetric stiffness/mass contributions.

 Factoring the system of equations using the symmetric spooles solver
 Using up to 1 cpu(s) for spooles.

 Using up to 1 cpu(s) for the stress calculation.

 average force= 0.000121
 time avg. forc= 0.100000
 largest residual force= 0.000001 in node 2949 and dof 1
 largest increment of disp= 2.205164e-04
 largest correction to disp= 3.125586e-05 in node 13126 and dof 1

 no convergence

 iteration 4

 Using up to 1 cpu(s) for the symmetric stiffness/mass contributions.

 Factoring the system of equations using the symmetric spooles solver
 Using up to 1 cpu(s) for spooles.

 Using up to 1 cpu(s) for the stress calculation.

 average force= 0.000121
 time avg. forc= 0.100000
 largest residual force= 0.000000 in node 2950 and dof 1
 largest increment of disp= 2.205164e-04
 largest correction to disp= 8.638624e-06 in node 13135 and dof 1

 convergence

 increment 34 attempt 1 
 increment size= 2.000000e-02
 sum of previous increments=6.056250e-01
 actual step time=6.256250e-01
 actual total time=6.256250e-01

 iteration 1

 Using up to 1 cpu(s) for the stress calculation.

 Using up to 1 cpu(s) for the symmetric stiffness/mass contributions.

 Factoring the system of equations using the symmetric spooles solver
 Using up to 1 cpu(s) for spooles.

 Using up to 1 cpu(s) for the stress calculation.

 average force= 0.000125
 time avg. forc= 0.100000
 largest residual force= 0.000003 in node 4073 and dof 1
 largest increment of disp= 3.437715e-05
 largest correction to disp= 5.582808e-06 in node 15286 and dof 1

 no convergence

 iteration 2

 Using up to 1 cpu(s) for the symmetric stiffness/mass contributions.

 Factoring the system of equations using the symmetric spooles solver
 Using up to 1 cpu(s) for spooles.

 Using up to 1 cpu(s) for the stress calculation.

 average force= 0.000125
 time avg. forc= 0.100000
 largest residual force= 0.000000 in node 4071 and dof 1
 largest increment of disp= 3.437715e-05
 largest correction to disp= 1.358701e-07 in node 15286 and dof 1

 convergence; the increment size is increased to 3.000000e-02

 the increment size exceeds the maximum allowed and is decreased to 2.000000e-02

 increment 35 attempt 1 
 increment size= 2.000000e-02
 sum of previous increments=6.256250e-01
 actual step time=6.456250e-01
 actual total time=6.456250e-01

 iteration 1

 Using up to 1 cpu(s) for the stress calculation.

 Using up to 1 cpu(s) for the symmetric stiffness/mass contributions.

 Factoring the system of equations using the symmetric spooles solver
 Using up to 1 cpu(s) for spooles.

 Using up to 1 cpu(s) for the stress calculation.

 average force= 0.000129
 time avg. forc= 0.100000
 largest residual force= 0.000003 in node 4081 and dof 1
 largest increment of disp= 3.373039e-05
 largest correction to disp= 3.280951e-06 in node 15292 and dof 1

 no convergence

 iteration 2

 Using up to 1 cpu(s) for the symmetric stiffness/mass contributions.

 Factoring the system of equations using the symmetric spooles solver
 Using up to 1 cpu(s) for spooles.

 Using up to 1 cpu(s) for the stress calculation.

 average force= 0.000129
 time avg. forc= 0.100000
 largest residual force= 0.000000 in node 4071 and dof 1
 largest increment of disp= 3.373039e-05
 largest correction to disp= 1.077858e-07 in node 4077 and dof 1

 convergence; the increment size is increased to 3.000000e-02

 the increment size exceeds the maximum allowed and is decreased to 2.000000e-02

 Using up to 1 cpu(s) for the stress calculation.

 increment 36 attempt 1 
 increment size= 2.000000e-02
 sum of previous increments=6.456250e-01
 actual step time=6.656250e-01
 actual total time=6.656250e-01

 iteration 1

 Using up to 1 cpu(s) for the stress calculation.

 Using up to 1 cpu(s) for the symmetric stiffness/mass contributions.

 Factoring the system of equations using the symmetric spooles solver
 Using up to 1 cpu(s) for spooles.

 Using up to 1 cpu(s) for the stress calculation.

 average force= 0.000133
 time avg. forc= 0.100000
 largest residual force= 0.000008 in node 856 and dof 1
 largest increment of disp= 3.304774e-05
 largest correction to disp= 6.570358e-06 in node 7480 and dof 1

 no convergence

 iteration 2

 Using up to 1 cpu(s) for the symmetric stiffness/mass contributions.

 Factoring the system of equations using the symmetric spooles solver
 Using up to 1 cpu(s) for spooles.

 Using up to 1 cpu(s) for the stress calculation.

 average force= 0.000133
 time avg. forc= 0.100000
 largest residual force= 0.000000 in node 4081 and dof 1
 largest increment of disp= 3.304774e-05
 largest correction to disp= 2.221959e-07 in node 7462 and dof 1

 convergence; the increment size is increased to 3.000000e-02

 the increment size exceeds the maximum allowed and is decreased to 2.000000e-02

 increment 37 attempt 1 
 increment size= 2.000000e-02
 sum of previous increments=6.656250e-01
 actual step time=6.856250e-01
 actual total time=6.856250e-01

 iteration 1

 Using up to 1 cpu(s) for the stress calculation.

 Using up to 1 cpu(s) for the symmetric stiffness/mass contributions.

 Factoring the system of equations using the symmetric spooles solver
 Using up to 1 cpu(s) for spooles.

 Using up to 1 cpu(s) for the stress calculation.

 average force= 0.000137
 time avg. forc= 0.100000
 largest residual force= 0.000043 in node 856 and dof 1
 largest increment of disp= 3.238200e-05
 largest correction to disp= 1.512723e-05 in node 7480 and dof 1

 no convergence

 iteration 2

 Using up to 1 cpu(s) for the symmetric stiffness/mass contributions.

 Factoring the system of equations using the symmetric spooles solver
 Using up to 1 cpu(s) for spooles.

 Using up to 1 cpu(s) for the stress calculation.

 average force= 0.000137
 time avg. forc= 0.100000
 largest residual force= 0.000006 in node 856 and dof 1
 largest increment of disp= 3.238200e-05
 largest correction to disp= 5.698937e-06 in node 7462 and dof 1

 no convergence

 iteration 3

 Using up to 1 cpu(s) for the symmetric stiffness/mass contributions.

 Factoring the system of equations using the symmetric spooles solver
 Using up to 1 cpu(s) for spooles.

 Using up to 1 cpu(s) for the stress calculation.

 average force= 0.000137
 time avg. forc= 0.100000
 largest residual force= 0.000013 in node 856 and dof 1
 largest increment of disp= 3.238200e-05
 largest correction to disp= 8.395364e-06 in node 7480 and dof 1

 no convergence

 iteration 4

 Using up to 1 cpu(s) for the symmetric stiffness/mass contributions.

 Factoring the system of equations using the symmetric spooles solver
 Using up to 1 cpu(s) for spooles.

 Using up to 1 cpu(s) for the stress calculation.

 average force= 0.000137
 time avg. forc= 0.100000
 largest residual force= 0.000000 in node 856 and dof 1
 largest increment of disp= 3.238200e-05
 largest correction to disp= 1.837313e-07 in node 7477 and dof 1

 convergence; the increment size is increased to 3.000000e-02

 the increment size exceeds the maximum allowed and is decreased to 2.000000e-02

 increment 38 attempt 1 
 increment size= 2.000000e-02
 sum of previous increments=6.856250e-01
 actual step time=7.056250e-01
 actual total time=7.056250e-01

 iteration 1

 Using up to 1 cpu(s) for the stress calculation.

 Using up to 1 cpu(s) for the symmetric stiffness/mass contributions.

 Factoring the system of equations using the symmetric spooles solver
 Using up to 1 cpu(s) for spooles.

 Using up to 1 cpu(s) for the stress calculation.

 average force= 0.000141
 time avg. forc= 0.100000
 largest residual force= 0.000004 in node 2177 and dof 1
 largest increment of disp= 3.805435e-05
 largest correction to disp= 2.061181e-06 in node 7477 and dof 1

 no convergence

 iteration 2

 Using up to 1 cpu(s) for the symmetric stiffness/mass contributions.

 Factoring the system of equations using the symmetric spooles solver
 Using up to 1 cpu(s) for spooles.

 Using up to 1 cpu(s) for the stress calculation.

 average force= 0.000141
 time avg. forc= 0.100000
 largest residual force= 0.000010 in node 856 and dof 1
 largest increment of disp= 3.805435e-05
 largest correction to disp= 7.714907e-06 in node 7480 and dof 1

 no convergence

 iteration 3

 Using up to 1 cpu(s) for the symmetric stiffness/mass contributions.

 Factoring the system of equations using the symmetric spooles solver
 Using up to 1 cpu(s) for spooles.

 Using up to 1 cpu(s) for the stress calculation.

 average force= 0.000141
 time avg. forc= 0.100000
 largest residual force= 0.000000 in node 856 and dof 1
 largest increment of disp= 3.805435e-05
 largest correction to disp= 1.065514e-06 in node 7480 and dof 1

 convergence; the increment size is increased to 3.000000e-02

 the increment size exceeds the maximum allowed and is decreased to 2.000000e-02

 increment 39 attempt 1 
 increment size= 2.000000e-02
 sum of previous increments=7.056250e-01
 actual step time=7.256250e-01
 actual total time=7.256250e-01

 iteration 1

 Using up to 1 cpu(s) for the stress calculation.

 Using up to 1 cpu(s) for the symmetric stiffness/mass contributions.

 Factoring the system of equations using the symmetric spooles solver
 Using up to 1 cpu(s) for spooles.

 Using up to 1 cpu(s) for the stress calculation.

 average force= 0.000145
 time avg. forc= 0.100000
 largest residual force= 0.000002 in node 4081 and dof 1
 largest increment of disp= 3.113345e-05
 largest correction to disp= 2.509814e-06 in node 7477 and dof 1

 no convergence

 iteration 2

 Using up to 1 cpu(s) for the symmetric stiffness/mass contributions.

 Factoring the system of equations using the symmetric spooles solver
 Using up to 1 cpu(s) for spooles.

 Using up to 1 cpu(s) for the stress calculation.

 average force= 0.000145
 time avg. forc= 0.100000
 largest residual force= 0.000004 in node 856 and dof 1
 largest increment of disp= 3.113345e-05
 largest correction to disp= 4.801686e-06 in node 7480 and dof 1

 no convergence

 iteration 3

 Using up to 1 cpu(s) for the symmetric stiffness/mass contributions.

 Factoring the system of equations using the symmetric spooles solver
 Using up to 1 cpu(s) for spooles.

 Using up to 1 cpu(s) for the stress calculation.

 average force= 0.000145
 time avg. forc= 0.100000
 largest residual force= 0.000000 in node 856 and dof 1
 largest increment of disp= 3.113345e-05
 largest correction to disp= 3.892466e-07 in node 7462 and dof 1

 convergence; the increment size is increased to 3.000000e-02

 the increment size exceeds the maximum allowed and is decreased to 2.000000e-02

 increment 40 attempt 1 
 increment size= 2.000000e-02
 sum of previous increments=7.256250e-01
 actual step time=7.456250e-01
 actual total time=7.456250e-01

 iteration 1

 Using up to 1 cpu(s) for the stress calculation.

 Using up to 1 cpu(s) for the symmetric stiffness/mass contributions.

 Factoring the system of equations using the symmetric spooles solver
 Using up to 1 cpu(s) for spooles.

 Using up to 1 cpu(s) for the stress calculation.

 average force= 0.000149
 time avg. forc= 0.100000
 largest residual force= 0.000002 in node 4087 and dof 1
 largest increment of disp= 3.050287e-05
 largest correction to disp= 1.891940e-06 in node 7372 and dof 1

 no convergence

 iteration 2

 Using up to 1 cpu(s) for the symmetric stiffness/mass contributions.

 Factoring the system of equations using the symmetric spooles solver
 Using up to 1 cpu(s) for spooles.

 Using up to 1 cpu(s) for the stress calculation.

 average force= 0.000149
 time avg. forc= 0.100000
 largest residual force= 0.000000 in node 856 and dof 1
 largest increment of disp= 3.050287e-05
 largest correction to disp= 1.605303e-06 in node 7462 and dof 1

 convergence; the increment size is increased to 3.000000e-02

 the increment size exceeds the maximum allowed and is decreased to 2.000000e-02

 Using up to 1 cpu(s) for the stress calculation.

 increment 41 attempt 1 
 increment size= 2.000000e-02
 sum of previous increments=7.456250e-01
 actual step time=7.656250e-01
 actual total time=7.656250e-01

 iteration 1

 Using up to 1 cpu(s) for the stress calculation.

 Using up to 1 cpu(s) for the symmetric stiffness/mass contributions.

 Factoring the system of equations using the symmetric spooles solver
 Using up to 1 cpu(s) for spooles.

 Using up to 1 cpu(s) for the stress calculation.

 average force= 0.000153
 time avg. forc= 0.100000
 largest residual force= 0.000002 in node 4087 and dof 1
 largest increment of disp= 2.990622e-05
 largest correction to disp= 1.633805e-06 in node 7480 and dof 1

 no convergence

 iteration 2

 Using up to 1 cpu(s) for the symmetric stiffness/mass contributions.

 Factoring the system of equations using the symmetric spooles solver
 Using up to 1 cpu(s) for spooles.

 Using up to 1 cpu(s) for the stress calculation.

 average force= 0.000153
 time avg. forc= 0.100000
 largest residual force= 0.000000 in node 856 and dof 1
 largest increment of disp= 2.990622e-05
 largest correction to disp= 7.494529e-07 in node 7462 and dof 1

 convergence; the increment size is increased to 3.000000e-02

 the increment size exceeds the maximum allowed and is decreased to 2.000000e-02

 increment 42 attempt 1 
 increment size= 2.000000e-02
 sum of previous increments=7.656250e-01
 actual step time=7.856250e-01
 actual total time=7.856250e-01

 iteration 1

 Using up to 1 cpu(s) for the stress calculation.

 Using up to 1 cpu(s) for the symmetric stiffness/mass contributions.

 Factoring the system of equations using the symmetric spooles solver
 Using up to 1 cpu(s) for spooles.

 Using up to 1 cpu(s) for the stress calculation.

 average force= 0.000156
 time avg. forc= 0.100000
 largest residual force= 0.000002 in node 4087 and dof 1
 largest increment of disp= 2.928934e-05
 largest correction to disp= 1.289046e-06 in node 7480 and dof 1

 no convergence

 iteration 2

 Using up to 1 cpu(s) for the symmetric stiffness/mass contributions.

 Factoring the system of equations using the symmetric spooles solver
 Using up to 1 cpu(s) for spooles.

 Using up to 1 cpu(s) for the stress calculation.

 average force= 0.000156
 time avg. forc= 0.100000
 largest residual force= 0.000000 in node 4097 and dof 1
 largest increment of disp= 2.928934e-05
 largest correction to disp= 3.281088e-07 in node 7462 and dof 1

 convergence; the increment size is increased to 3.000000e-02

 the increment size exceeds the maximum allowed and is decreased to 2.000000e-02

 increment 43 attempt 1 
 increment size= 2.000000e-02
 sum of previous increments=7.856250e-01
 actual step time=8.056250e-01
 actual total time=8.056250e-01

 iteration 1

 Using up to 1 cpu(s) for the stress calculation.

 Using up to 1 cpu(s) for the symmetric stiffness/mass contributions.

 Factoring the system of equations using the symmetric spooles solver
 Using up to 1 cpu(s) for spooles.

 Using up to 1 cpu(s) for the stress calculation.

 average force= 0.000160
 time avg. forc= 0.100000
 largest residual force= 0.000002 in node 4095 and dof 1
 largest increment of disp= 2.870843e-05
 largest correction to disp= 1.121088e-06 in node 14260 and dof 1

 no convergence

 iteration 2

 Using up to 1 cpu(s) for the symmetric stiffness/mass contributions.

 Factoring the system of equations using the symmetric spooles solver
 Using up to 1 cpu(s) for spooles.

 Using up to 1 cpu(s) for the stress calculation.

 average force= 0.000160
 time avg. forc= 0.100000
 largest residual force= 0.000000 in node 4085 and dof 1
 largest increment of disp= 2.870843e-05
 largest correction to disp= 1.631177e-07 in node 7480 and dof 1

 convergence; the increment size is increased to 3.000000e-02

 the increment size exceeds the maximum allowed and is decreased to 2.000000e-02

 increment 44 attempt 1 
 increment size= 2.000000e-02
 sum of previous increments=8.056250e-01
 actual step time=8.256250e-01
 actual total time=8.256250e-01

 iteration 1

 Using up to 1 cpu(s) for the stress calculation.

 Using up to 1 cpu(s) for the symmetric stiffness/mass contributions.

 Factoring the system of equations using the symmetric spooles solver
 Using up to 1 cpu(s) for spooles.

 Using up to 1 cpu(s) for the stress calculation.

 average force= 0.000164
 time avg. forc= 0.100000
 largest residual force= 0.000001 in node 4087 and dof 1
 largest increment of disp= 2.814860e-05
 largest correction to disp= 1.059172e-06 in node 14260 and dof 1

 no convergence

 iteration 2

 Using up to 1 cpu(s) for the symmetric stiffness/mass contributions.

 Factoring the system of equations using the symmetric spooles solver
 Using up to 1 cpu(s) for spooles.

 Using up to 1 cpu(s) for the stress calculation.

 average force= 0.000164
 time avg. forc= 0.100000
 largest residual force= 0.000000 in node 4085 and dof 1
 largest increment of disp= 2.814860e-05
 largest correction to disp= 1.237746e-07 in node 4091 and dof 1

 convergence; the increment size is increased to 3.000000e-02

 the increment size exceeds the maximum allowed and is decreased to 2.000000e-02

 increment 45 attempt 1 
 increment size= 2.000000e-02
 sum of previous increments=8.256250e-01
 actual step time=8.456250e-01
 actual total time=8.456250e-01

 iteration 1

 Using up to 1 cpu(s) for the stress calculation.

 Using up to 1 cpu(s) for the symmetric stiffness/mass contributions.

 Factoring the system of equations using the symmetric spooles solver
 Using up to 1 cpu(s) for spooles.

 Using up to 1 cpu(s) for the stress calculation.

 average force= 0.000168
 time avg. forc= 0.100000
 largest residual force= 0.000001 in node 4087 and dof 1
 largest increment of disp= 2.760850e-05
 largest correction to disp= 1.001744e-06 in node 14280 and dof 1

 no convergence

 iteration 2

 Using up to 1 cpu(s) for the symmetric stiffness/mass contributions.

 Factoring the system of equations using the symmetric spooles solver
 Using up to 1 cpu(s) for spooles.

 Using up to 1 cpu(s) for the stress calculation.

 average force= 0.000168
 time avg. forc= 0.100000
 largest residual force= 0.000000 in node 4085 and dof 1
 largest increment of disp= 2.760850e-05
 largest correction to disp= 1.218687e-07 in node 14291 and dof 1

 convergence; the increment size is increased to 3.000000e-02

 the increment size exceeds the maximum allowed and is decreased to 2.000000e-02

 Using up to 1 cpu(s) for the stress calculation.

 increment 46 attempt 1 
 increment size= 2.000000e-02
 sum of previous increments=8.456250e-01
 actual step time=8.656250e-01
 actual total time=8.656250e-01

 iteration 1

 Using up to 1 cpu(s) for the stress calculation.

 Using up to 1 cpu(s) for the symmetric stiffness/mass contributions.

 Factoring the system of equations using the symmetric spooles solver
 Using up to 1 cpu(s) for spooles.

 Using up to 1 cpu(s) for the stress calculation.

 average force= 0.000172
 time avg. forc= 0.100000
 largest residual force= 0.000001 in node 4087 and dof 1
 largest increment of disp= 2.708821e-05
 largest correction to disp= 9.536282e-07 in node 14280 and dof 1

 no convergence

 iteration 2

 Using up to 1 cpu(s) for the symmetric stiffness/mass contributions.

 Factoring the system of equations using the symmetric spooles solver
 Using up to 1 cpu(s) for spooles.

 Using up to 1 cpu(s) for the stress calculation.

 average force= 0.000172
 time avg. forc= 0.100000
 largest residual force= 0.000000 in node 4097 and dof 1
 largest increment of disp= 2.708821e-05
 largest correction to disp= 1.209577e-07 in node 14244 and dof 1

 convergence; the increment size is increased to 3.000000e-02

 the increment size exceeds the maximum allowed and is decreased to 2.000000e-02

 increment 47 attempt 1 
 increment size= 2.000000e-02
 sum of previous increments=8.656250e-01
 actual step time=8.856250e-01
 actual total time=8.856250e-01

 iteration 1

 Using up to 1 cpu(s) for the stress calculation.

 Using up to 1 cpu(s) for the symmetric stiffness/mass contributions.

 Factoring the system of equations using the symmetric spooles solver
 Using up to 1 cpu(s) for spooles.

 Using up to 1 cpu(s) for the stress calculation.

 average force= 0.000176
 time avg. forc= 0.100000
 largest residual force= 0.000001 in node 4095 and dof 1
 largest increment of disp= 2.658750e-05
 largest correction to disp= 9.075541e-07 in node 14253 and dof 1

 no convergence

 iteration 2

 Using up to 1 cpu(s) for the symmetric stiffness/mass contributions.

 Factoring the system of equations using the symmetric spooles solver
 Using up to 1 cpu(s) for spooles.

 Using up to 1 cpu(s) for the stress calculation.

 average force= 0.000176
 time avg. forc= 0.100000
 largest residual force= 0.000000 in node 4097 and dof 1
 largest increment of disp= 2.658750e-05
 largest correction to disp= 1.197322e-07 in node 14291 and dof 1

 convergence; the increment size is increased to 3.000000e-02

 the increment size exceeds the maximum allowed and is decreased to 2.000000e-02

 increment 48 attempt 1 
 increment size= 2.000000e-02
 sum of previous increments=8.856250e-01
 actual step time=9.056250e-01
 actual total time=9.056250e-01

 iteration 1

 Using up to 1 cpu(s) for the stress calculation.

 Using up to 1 cpu(s) for the symmetric stiffness/mass contributions.

 Factoring the system of equations using the symmetric spooles solver
 Using up to 1 cpu(s) for spooles.

 Using up to 1 cpu(s) for the stress calculation.

 average force= 0.000179
 time avg. forc= 0.100000
 largest residual force= 0.000001 in node 2183 and dof 1
 largest increment of disp= 2.610596e-05
 largest correction to disp= 8.636193e-07 in node 14280 and dof 1

 no convergence

 iteration 2

 Using up to 1 cpu(s) for the symmetric stiffness/mass contributions.

 Factoring the system of equations using the symmetric spooles solver
 Using up to 1 cpu(s) for spooles.

 Using up to 1 cpu(s) for the stress calculation.

 average force= 0.000179
 time avg. forc= 0.100000
 largest residual force= 0.000000 in node 2190 and dof 1
 largest increment of disp= 2.610596e-05
 largest correction to disp= 1.182367e-07 in node 14244 and dof 1

 convergence; the increment size is increased to 3.000000e-02

 the increment size exceeds the maximum allowed and is decreased to 2.000000e-02

 increment 49 attempt 1 
 increment size= 2.000000e-02
 sum of previous increments=9.056250e-01
 actual step time=9.256250e-01
 actual total time=9.256250e-01

 iteration 1

 Using up to 1 cpu(s) for the stress calculation.

 Using up to 1 cpu(s) for the symmetric stiffness/mass contributions.

 Factoring the system of equations using the symmetric spooles solver
 Using up to 1 cpu(s) for spooles.

 Using up to 1 cpu(s) for the stress calculation.

 average force= 0.000183
 time avg. forc= 0.100000
 largest residual force= 0.000001 in node 2183 and dof 1
 largest increment of disp= 2.564310e-05
 largest correction to disp= 8.218917e-07 in node 14253 and dof 1

 no convergence

 iteration 2

 Using up to 1 cpu(s) for the symmetric stiffness/mass contributions.

 Factoring the system of equations using the symmetric spooles solver
 Using up to 1 cpu(s) for spooles.

 Using up to 1 cpu(s) for the stress calculation.

 average force= 0.000183
 time avg. forc= 0.100000
 largest residual force= 0.000000 in node 2190 and dof 1
 largest increment of disp= 2.564310e-05
 largest correction to disp= 1.165178e-07 in node 14291 and dof 1

 convergence; the increment size is increased to 3.000000e-02

 the increment size exceeds the maximum allowed and is decreased to 2.000000e-02

 increment 50 attempt 1 
 increment size= 2.000000e-02
 sum of previous increments=9.256250e-01
 actual step time=9.456250e-01
 actual total time=9.456250e-01

 iteration 1

 Using up to 1 cpu(s) for the stress calculation.

 Using up to 1 cpu(s) for the symmetric stiffness/mass contributions.

 Factoring the system of equations using the symmetric spooles solver
 Using up to 1 cpu(s) for spooles.

 Using up to 1 cpu(s) for the stress calculation.

 average force= 0.000187
 time avg. forc= 0.100000
 largest residual force= 0.000001 in node 2183 and dof 1
 largest increment of disp= 2.519836e-05
 largest correction to disp= 7.824083e-07 in node 14280 and dof 1

 no convergence

 iteration 2

 Using up to 1 cpu(s) for the symmetric stiffness/mass contributions.

 Factoring the system of equations using the symmetric spooles solver
 Using up to 1 cpu(s) for spooles.

 Using up to 1 cpu(s) for the stress calculation.

 average force= 0.000187
 time avg. forc= 0.100000
 largest residual force= 0.000000 in node 2190 and dof 1
 largest increment of disp= 2.519836e-05
 largest correction to disp= 1.146192e-07 in node 14291 and dof 1

 convergence; the increment size is increased to 3.000000e-02

 the increment size exceeds the maximum allowed and is decreased to 2.000000e-02

 Using up to 1 cpu(s) for the stress calculation.

 increment 51 attempt 1 
 increment size= 2.000000e-02
 sum of previous increments=9.456250e-01
 actual step time=9.656250e-01
 actual total time=9.656250e-01

 iteration 1

 Using up to 1 cpu(s) for the stress calculation.

 Using up to 1 cpu(s) for the symmetric stiffness/mass contributions.

 Factoring the system of equations using the symmetric spooles solver
 Using up to 1 cpu(s) for spooles.

 Using up to 1 cpu(s) for the stress calculation.

 average force= 0.000191
 time avg. forc= 0.100000
 largest residual force= 0.000001 in node 2183 and dof 1
 largest increment of disp= 2.477111e-05
 largest correction to disp= 7.451773e-07 in node 14253 and dof 1

 no convergence

 iteration 2

 Using up to 1 cpu(s) for the symmetric stiffness/mass contributions.

 Factoring the system of equations using the symmetric spooles solver
 Using up to 1 cpu(s) for spooles.

 Using up to 1 cpu(s) for the stress calculation.

 average force= 0.000191
 time avg. forc= 0.100000
 largest residual force= 0.000000 in node 2190 and dof 1
 largest increment of disp= 2.477111e-05
 largest correction to disp= 1.125788e-07 in node 14244 and dof 1

 convergence; the increment size is increased to 3.000000e-02

 the increment size exceeds the maximum allowed and is decreased to 2.000000e-02

 increment 52 attempt 1 
 increment size= 2.000000e-02
 sum of previous increments=9.656250e-01
 actual step time=9.856250e-01
 actual total time=9.856250e-01

 iteration 1

 Using up to 1 cpu(s) for the stress calculation.

 Using up to 1 cpu(s) for the symmetric stiffness/mass contributions.

 Factoring the system of equations using the symmetric spooles solver
 Using up to 1 cpu(s) for spooles.

 Using up to 1 cpu(s) for the stress calculation.

 average force= 0.000194
 time avg. forc= 0.100000
 largest residual force= 0.000001 in node 2183 and dof 1
 largest increment of disp= 2.436066e-05
 largest correction to disp= 7.101784e-07 in node 14280 and dof 1

 no convergence

 iteration 2

 Using up to 1 cpu(s) for the symmetric stiffness/mass contributions.

 Factoring the system of equations using the symmetric spooles solver
 Using up to 1 cpu(s) for spooles.

 Using up to 1 cpu(s) for the stress calculation.

 average force= 0.000194
 time avg. forc= 0.100000
 largest residual force= 0.000000 in node 2190 and dof 1
 largest increment of disp= 2.436066e-05
 largest correction to disp= 1.104274e-07 in node 14244 and dof 1

 convergence; the increment size is increased to 3.000000e-02

 the increment size exceeds the maximum allowed and is decreased to 2.000000e-02

 the increment size exceeds the remainder of the step and is decreased to 1.437500e-02

 increment 53 attempt 1 
 increment size= 1.437500e-02
 sum of previous increments=9.856250e-01
 actual step time=1.000000e+00
 actual total time=1.000000e+00

 iteration 1

 Using up to 1 cpu(s) for the stress calculation.

 Using up to 1 cpu(s) for the symmetric stiffness/mass contributions.

 Factoring the system of equations using the symmetric spooles solver
 Using up to 1 cpu(s) for spooles.

 Using up to 1 cpu(s) for the stress calculation.

 average force= 0.000197
 time avg. forc= 0.100000
 largest residual force= 0.000000 in node 2183 and dof 1
 largest increment of disp= 1.722577e-05
 largest correction to disp= 4.250333e-07 in node 14253 and dof 1

 no convergence

 iteration 2

 Using up to 1 cpu(s) for the symmetric stiffness/mass contributions.

 Factoring the system of equations using the symmetric spooles solver
 Using up to 1 cpu(s) for spooles.

 Using up to 1 cpu(s) for the stress calculation.

 average force= 0.000197
 time avg. forc= 0.100000
 largest residual force= 0.000000 in node 2190 and dof 1
 largest increment of disp= 1.722577e-05
 largest correction to disp= 7.008237e-08 in node 14244 and dof 1

 convergence; the increment size is increased to 2.156250e-02

 the increment size exceeds the maximum allowed and is decreased to 2.000000e-02

 the increment size exceeds the remainder of the step and is decreased to 0.000000e+00

 Using up to 1 cpu(s) for the stress calculation.


 Job finished

________________________________________

Total CalculiX Time: 368.266449
________________________________________
=== on-caso-4 (CCX): renomeando outputs _S1_mild ===
=== on-caso-4 (CCX): ccx2paraview nao encontrado dentro do container ===
    (rode no HOST: cd cases/on-caso-4/ccx && /tmp/ccx2pv/bin/ccx2paraview on-caso-4_S1_mild.frd vtu)

=== Concluido. Arquivos de saida: ===
  on-caso-4.frd  - campos CalculiX (U, RF, S, E)
  on-caso-4.dat  - totais RF/U nos NSETs monitorados
  on-caso-4.sta  - status de convergencia por incremento Riks (lam_final)

Analise: python3 brunaStuff/analyze_on-caso-4.py
