=== on-caso-4: (re)gerando polyMesh com CONTACT_BOX=(2.3941e-03 -5.3702e-04 1.7840e-02) (2.6000e-03 5.3702e-04 2.7160e-02) ===
50:            box (2.3941e-03 -5.3702e-04 1.7840e-02) (2.6000e-03 5.3702e-04 2.7160e-02);
/*---------------------------------------------------------------------------*\
| =========                 |                                                 |
| \\      /  F ield         | OpenFOAM: The Open Source CFD Toolbox           |
|  \\    /   O peration     | Version:  2512                                  |
|   \\  /    A nd           | Website:  www.openfoam.com                      |
|    \\/     M anipulation  |                                                 |
\*---------------------------------------------------------------------------*/
Build  : _bd2b6720-20260127 OPENFOAM=2512 version=2512
Arch   : "LSB;label=32;scalar=64"
Exec   : blockMesh
Date   : Jun 06 2026
Time   : 21:46:32
Host   : eeb02519d763
PID    : 223
I/O    : uncollated
Case   : /simulation/on-caso-4/solid
nProcs : 1
trapFpe: Floating point exception trapping enabled (FOAM_SIGFPE).
memory pool : not available
fileModificationChecking : Monitoring run-time modified files using timeStampMaster (fileModificationSkew 5, maxFileModificationPolls 20)
allowSystemOperations : Allowing user-supplied system call operations

// * * * * * * * * * * * * * * * * * * * * * * * * * * * * * * * * * * * * * //
Create time

--> FOAM Warning : 
    From void* Foam::dlLibraryTable::openLibrary(const Foam::fileName&, bool)
    in file db/dynamicLibrary/dlLibraryTable/dlLibraryTable.C at line 188
    Could not load "$FOAM_CASE/../src/elasticFoundation/libsolidTractionElasticFoundation.so"
/simulation/on-caso-4/solid/../src/elasticFoundation/libsolidTractionElasticFoundation.so: cannot open shared object file: No such file or directory
Creating block mesh from "system/blockMeshDict"
Creating block edges
No non-planar block faces defined
Creating topology blocks

Creating topology patches - from boundary section

Creating block mesh topology - scaling/transform applied later

Check topology

	Basic statistics
		Number of internal faces : 162
		Number of boundary faces : 54
		Number of defined boundary faces : 54
		Number of undefined boundary faces : 0
	Checking patch -> block consistency

Creating block offsets
Creating merge list (topological search)...
Deleting polyMesh directory "constant/polyMesh"

Creating polyMesh from blockMesh
Creating patches
Creating cells
Creating points with scale (0.001 0.001 0.001)
    Block 0 cell size :
        i : 0.00025 .. 0.00025
        j : 0.00025 .. 0.00025
        k : 0.0015 .. 0.0015

    Block 1 cell size :
        i : 7.3223264e-05 .. 7.3223264e-05
        j : 0.00025 .. 0.00025
        k : 0.0015 .. 0.0015

    Block 2 cell size :
        i : 7.3223264e-05 .. 7.3223264e-05
        j : 0.00025 .. 0.00025
        k : 0.0015 .. 0.0015

    Block 3 cell size :
        i : 7.3223264e-05 .. 7.3223264e-05
        j : 0.00025 .. 0.00025
        k : 0.0015 .. 0.0015

    Block 4 cell size :
        i : 7.3223264e-05 .. 7.3223264e-05
        j : 0.00025 .. 0.00025
        k : 0.0015 .. 0.0015

    Block 5 cell size :
        i : 5.0000935e-05 .. 5.0000935e-05
        j : 0.00039157855 .. 0.00039157855
        k : 0.0015 .. 0.0015

    Block 6 cell size :
        i : 5.0000935e-05 .. 5.0000935e-05
        j : 0.00039157855 .. 0.00039157855
        k : 0.0015 .. 0.0015

    Block 7 cell size :
        i : 5.0000935e-05 .. 5.0000935e-05
        j : 0.00039157855 .. 0.00039157855
        k : 0.0015 .. 0.0015

    Block 8 cell size :
        i : 5.0000935e-05 .. 5.0000935e-05
        j : 0.00039157855 .. 0.00039157855
        k : 0.0015 .. 0.0015

    Block 9 cell size :
        i : 0.00014999998 .. 0.00014999998
        j : 0.00040463126 .. 0.00040463126
        k : 0.0015 .. 0.0015

    Block 10 cell size :
        i : 0.00014999998 .. 0.00014999998
        j : 0.00040463126 .. 0.00040463126
        k : 0.0015 .. 0.0015

    Block 11 cell size :
        i : 0.00014999998 .. 0.00014999998
        j : 0.00040463126 .. 0.00040463126
        k : 0.0015 .. 0.0015

    Block 12 cell size :
        i : 0.00014999998 .. 0.00014999998
        j : 0.00040463126 .. 0.00040463126
        k : 0.0015 .. 0.0015

    Block 13 cell size :
        i : 0.00011666649 .. 0.00011666649
        j : 0.00052210483 .. 0.00052210483
        k : 0.0015 .. 0.0015

    Block 14 cell size :
        i : 0.00011666649 .. 0.00011666649
        j : 0.00052210483 .. 0.00052210483
        k : 0.0015 .. 0.0015

    Block 15 cell size :
        i : 0.00011666649 .. 0.00011666649
        j : 0.00052210483 .. 0.00052210483
        k : 0.0015 .. 0.0015

    Block 16 cell size :
        i : 0.00011666649 .. 0.00011666649
        j : 0.00052210483 .. 0.00052210483
        k : 0.0015 .. 0.0015

    Block 17 cell size :
        i : 7.4999988e-05 .. 7.4999988e-05
        j : 0.00061347311 .. 0.00061347311
        k : 0.0015 .. 0.0015

    Block 18 cell size :
        i : 7.4999988e-05 .. 7.4999988e-05
        j : 0.00061347311 .. 0.00061347311
        k : 0.0015 .. 0.0015

    Block 19 cell size :
        i : 7.4999988e-05 .. 7.4999988e-05
        j : 0.00061347311 .. 0.00061347311
        k : 0.0015 .. 0.0015

    Block 20 cell size :
        i : 7.4999988e-05 .. 7.4999988e-05
        j : 0.00061347311 .. 0.00061347311
        k : 0.0015 .. 0.0015

    Block 21 cell size :
        i : 0.00025 .. 0.00025
        j : 0.00025 .. 0.00025
        k : 0.00015 .. 0.00015

    Block 22 cell size :
        i : 7.3223264e-05 .. 7.3223264e-05
        j : 0.00025 .. 0.00025
        k : 0.00015 .. 0.00015

    Block 23 cell size :
        i : 7.3223264e-05 .. 7.3223264e-05
        j : 0.00025 .. 0.00025
        k : 0.00015 .. 0.00015

    Block 24 cell size :
        i : 7.3223264e-05 .. 7.3223264e-05
        j : 0.00025 .. 0.00025
        k : 0.00015 .. 0.00015

    Block 25 cell size :
        i : 7.3223264e-05 .. 7.3223264e-05
        j : 0.00025 .. 0.00025
        k : 0.00015 .. 0.00015

    Block 26 cell size :
        i : 5.0000935e-05 .. 5.0000935e-05
        j : 0.00039157855 .. 0.00039157855
        k : 0.00015 .. 0.00015

    Block 27 cell size :
        i : 5.0000935e-05 .. 5.0000935e-05
        j : 0.00039157855 .. 0.00039157855
        k : 0.00015 .. 0.00015

    Block 28 cell size :
        i : 5.0000935e-05 .. 5.0000935e-05
        j : 0.00039157855 .. 0.00039157855
        k : 0.00015 .. 0.00015

    Block 29 cell size :
        i : 5.0000935e-05 .. 5.0000935e-05
        j : 0.00039157855 .. 0.00039157855
        k : 0.00015 .. 0.00015

    Block 30 cell size :
        i : 0.00014999998 .. 0.00014999998
        j : 0.00040463126 .. 0.00040463126
        k : 0.00015 .. 0.00015

    Block 31 cell size :
        i : 0.00014999998 .. 0.00014999998
        j : 0.00040463126 .. 0.00040463126
        k : 0.00015 .. 0.00015

    Block 32 cell size :
        i : 0.00014999998 .. 0.00014999998
        j : 0.00040463126 .. 0.00040463126
        k : 0.00015 .. 0.00015

    Block 33 cell size :
        i : 0.00014999998 .. 0.00014999998
        j : 0.00040463126 .. 0.00040463126
        k : 0.00015 .. 0.00015

    Block 34 cell size :
        i : 0.00011666649 .. 0.00011666649
        j : 0.00052210483 .. 0.00052210483
        k : 0.00015 .. 0.00015

    Block 35 cell size :
        i : 0.00011666649 .. 0.00011666649
        j : 0.00052210483 .. 0.00052210483
        k : 0.00015 .. 0.00015

    Block 36 cell size :
        i : 0.00011666649 .. 0.00011666649
        j : 0.00052210483 .. 0.00052210483
        k : 0.00015 .. 0.00015

    Block 37 cell size :
        i : 0.00011666649 .. 0.00011666649
        j : 0.00052210483 .. 0.00052210483
        k : 0.00015 .. 0.00015

    Block 38 cell size :
        i : 7.4999988e-05 .. 7.4999988e-05
        j : 0.00061347311 .. 0.00061347311
        k : 0.00015 .. 0.00015

    Block 39 cell size :
        i : 7.4999988e-05 .. 7.4999988e-05
        j : 0.00061347311 .. 0.00061347311
        k : 0.00015 .. 0.00015

    Block 40 cell size :
        i : 7.4999988e-05 .. 7.4999988e-05
        j : 0.00061347311 .. 0.00061347311
        k : 0.00015 .. 0.00015

    Block 41 cell size :
        i : 7.4999988e-05 .. 7.4999988e-05
        j : 0.00061347311 .. 0.00061347311
        k : 0.00015 .. 0.00015

    Block 42 cell size :
        i : 0.00025 .. 0.00025
        j : 0.00025 .. 0.00025
        k : 0.00025 .. 0.00025

    Block 43 cell size :
        i : 7.3223264e-05 .. 7.3223264e-05
        j : 0.00025 .. 0.00025
        k : 0.00025 .. 0.00025

    Block 44 cell size :
        i : 7.3223264e-05 .. 7.3223264e-05
        j : 0.00025 .. 0.00025
        k : 0.00025 .. 0.00025

    Block 45 cell size :
        i : 7.3223264e-05 .. 7.3223264e-05
        j : 0.00025 .. 0.00025
        k : 0.00025 .. 0.00025

    Block 46 cell size :
        i : 7.3223264e-05 .. 7.3223264e-05
        j : 0.00025 .. 0.00025
        k : 0.00025 .. 0.00025

    Block 47 cell size :
        i : 5.0000935e-05 .. 5.0000935e-05
        j : 0.00039157855 .. 0.00039157855
        k : 0.00025 .. 0.00025

    Block 48 cell size :
        i : 5.0000935e-05 .. 5.0000935e-05
        j : 0.00039157855 .. 0.00039157855
        k : 0.00025 .. 0.00025

    Block 49 cell size :
        i : 5.0000935e-05 .. 5.0000935e-05
        j : 0.00039157855 .. 0.00039157855
        k : 0.00025 .. 0.00025

    Block 50 cell size :
        i : 5.0000935e-05 .. 5.0000935e-05
        j : 0.00039157855 .. 0.00039157855
        k : 0.00025 .. 0.00025

    Block 51 cell size :
        i : 0.00014999998 .. 0.00014999998
        j : 0.00040463126 .. 0.00040463126
        k : 0.00025 .. 0.00025

    Block 52 cell size :
        i : 0.00014999998 .. 0.00014999998
        j : 0.00040463126 .. 0.00040463126
        k : 0.00025 .. 0.00025

    Block 53 cell size :
        i : 0.00014999998 .. 0.00014999998
        j : 0.00040463126 .. 0.00040463126
        k : 0.00025 .. 0.00025

    Block 54 cell size :
        i : 0.00014999998 .. 0.00014999998
        j : 0.00040463126 .. 0.00040463126
        k : 0.00025 .. 0.00025

    Block 55 cell size :
        i : 0.00011666649 .. 0.00011666649
        j : 0.00052210483 .. 0.00052210483
        k : 0.00025 .. 0.00025

    Block 56 cell size :
        i : 0.00011666649 .. 0.00011666649
        j : 0.00052210483 .. 0.00052210483
        k : 0.00025 .. 0.00025

    Block 57 cell size :
        i : 0.00011666649 .. 0.00011666649
        j : 0.00052210483 .. 0.00052210483
        k : 0.00025 .. 0.00025

    Block 58 cell size :
        i : 0.00011666649 .. 0.00011666649
        j : 0.00052210483 .. 0.00052210483
        k : 0.00025 .. 0.00025

    Block 59 cell size :
        i : 7.4999988e-05 .. 7.4999988e-05
        j : 0.00061347311 .. 0.00061347311
        k : 0.00025 .. 0.00025

    Block 60 cell size :
        i : 7.4999988e-05 .. 7.4999988e-05
        j : 0.00061347311 .. 0.00061347311
        k : 0.00025 .. 0.00025

    Block 61 cell size :
        i : 7.4999988e-05 .. 7.4999988e-05
        j : 0.00061347311 .. 0.00061347311
        k : 0.00025 .. 0.00025

    Block 62 cell size :
        i : 7.4999988e-05 .. 7.4999988e-05
        j : 0.00061347311 .. 0.00061347311
        k : 0.00025 .. 0.00025

Adding cell zones
    0	on
    1	pia
    2	sas
    3	dura
    4	lc
    5	sclera_peri
    6	sclera_ring
    7	globo
No patch pairs to merge

Writing polyMesh with 8 cellZones
----------------
Mesh Information
----------------
  boundingBox: (-0.0025 -0.0025 0) (0.0025 0.0025 0.0308)
  nPoints: 10225
  nCells: 9504
  nFaces: 29196
  nInternalFaces: 27828
----------------
Cell Zones
----------------
  zone 0 (size: 3600) name: on
  zone 1 (size: 480) name: pia
  zone 2 (size: 2880) name: sas
  zone 3 (size: 960) name: dura
  zone 4 (size: 360) name: lc
  zone 5 (size: 192) name: sclera_peri
  zone 6 (size: 240) name: sclera_ring
  zone 7 (size: 792) name: globo
----------------
Patches
----------------
  patch 0 (start: 27828 size: 180) name: posterior_on
  patch 1 (start: 28008 size: 24) name: posterior_pia
  patch 2 (start: 28032 size: 144) name: posterior_sas
  patch 3 (start: 28176 size: 48) name: posterior_dura
  patch 4 (start: 28224 size: 480) name: dura_outer
  patch 5 (start: 28704 size: 48) name: sclera_ring_outer
  patch 6 (start: 28752 size: 48) name: globo_outer
  patch 7 (start: 28800 size: 396) name: anterior_globo

End

/*---------------------------------------------------------------------------*\
| =========                 |                                                 |
| \\      /  F ield         | OpenFOAM: The Open Source CFD Toolbox           |
|  \\    /   O peration     | Version:  2512                                  |
|   \\  /    A nd           | Website:  www.openfoam.com                      |
|    \\/     M anipulation  |                                                 |
\*---------------------------------------------------------------------------*/
Build  : _bd2b6720-20260127 OPENFOAM=2512 version=2512
Arch   : "LSB;label=32;scalar=64"
Exec   : topoSet -dict system/topoSetDict_contact
Date   : Jun 06 2026
Time   : 21:46:33
Host   : eeb02519d763
PID    : 225
I/O    : uncollated
Case   : /simulation/on-caso-4/solid
nProcs : 1
trapFpe: Floating point exception trapping enabled (FOAM_SIGFPE).
memory pool : not available
fileModificationChecking : Monitoring run-time modified files using timeStampMaster (fileModificationSkew 5, maxFileModificationPolls 20)
allowSystemOperations : Allowing user-supplied system call operations

// * * * * * * * * * * * * * * * * * * * * * * * * * * * * * * * * * * * * * //
Create time

--> FOAM Warning : 
    From void* Foam::dlLibraryTable::openLibrary(const Foam::fileName&, bool)
    in file db/dynamicLibrary/dlLibraryTable/dlLibraryTable.C at line 188
    Could not load "$FOAM_CASE/../src/elasticFoundation/libsolidTractionElasticFoundation.so"
/simulation/on-caso-4/solid/../src/elasticFoundation/libsolidTractionElasticFoundation.so: cannot open shared object file: No such file or directory
Create polyMesh for time = 0

Reading topoSetDict_contact

Time = 0
    mesh not changed.
Created faceSet contact_local
    Applying source patchToFace
--> FOAM IOWarning :
    Found [v1806] 'name' entry instead of 'patch' in dictionary "system/topoSetDict_contact/actions/sourceInfo"

    This keyword is 90 months old.

    Adding all faces of patches: (dura_outer) ...
    Found matching patch dura_outer with 480 faces
    faceSet contact_local now size 480
Read set faceSet contact_local size:480
    Applying source boxToFace
    Adding faces with centre within boxes 1((0.0023941 -0.00053702 0.01784) (0.0026 0.00053702 0.02716))
    faceSet contact_local now size 12

End

/*---------------------------------------------------------------------------*\
| =========                 |                                                 |
| \\      /  F ield         | OpenFOAM: The Open Source CFD Toolbox           |
|  \\    /   O peration     | Version:  2512                                  |
|   \\  /    A nd           | Website:  www.openfoam.com                      |
|    \\/     M anipulation  |                                                 |
\*---------------------------------------------------------------------------*/
Build  : _bd2b6720-20260127 OPENFOAM=2512 version=2512
Arch   : "LSB;label=32;scalar=64"
Exec   : createPatch -overwrite -dict system/createPatchDict_contact
Date   : Jun 06 2026
Time   : 21:46:33
Host   : eeb02519d763
PID    : 227
I/O    : uncollated
Case   : /simulation/on-caso-4/solid
nProcs : 1
trapFpe: Floating point exception trapping enabled (FOAM_SIGFPE).
memory pool : not available
fileModificationChecking : Monitoring run-time modified files using timeStampMaster (fileModificationSkew 5, maxFileModificationPolls 20)
allowSystemOperations : Allowing user-supplied system call operations

// * * * * * * * * * * * * * * * * * * * * * * * * * * * * * * * * * * * * * //
Create time

--> FOAM Warning : 
    From void* Foam::dlLibraryTable::openLibrary(const Foam::fileName&, bool)
    in file db/dynamicLibrary/dlLibraryTable/dlLibraryTable.C at line 188
    Could not load "$FOAM_CASE/../src/elasticFoundation/libsolidTractionElasticFoundation.so"
/simulation/on-caso-4/solid/../src/elasticFoundation/libsolidTractionElasticFoundation.so: cannot open shared object file: No such file or directory
Create mesh for time = 0

Reading "system/createPatchDict_contact"



Adding patches to mesh region0

Adding new patch contact_local from 
{
    type            wall;
    nFaces          0;
    startFace       0;
}




Repatching mesh region0

Read 12 faces from faceSet contact_local
Doing topology modification to order faces.

Not synchronising points.

Removing patches with no faces in them.



Writing repatched mesh region0 to 0

End

=== on-caso-4 (CCX): polyMesh -> CalculiX .inp  [k_winkler=2000000 Pa/m] ===
[1/5] Lendo polyMesh em ../solid/constant/polyMesh
      nodes=10225, faces=29196, cells=9504, patches=9, zones=['on', 'pia', 'sas', 'dura', 'lc', 'sclera_peri', 'sclera_ring', 'globo']
[2/5] Reconstruindo conectividade C3D8 (9504 celulas)
      OK
[3/5] Escrevendo malha em on-caso-4_mesh.inp
      DURA_INNER_SURF: 480 faces (interface dura<->sas)
[4/5] Escrevendo Winkler em on-caso-4_winkler.inp
[5/5] Concluido. Total: 10225 nodes, 9504 hex C3D8I.
=== on-caso-4 (CCX): P_CONTACT = 16333.2 Pa (arteria) | P_CSF = 2400 Pa (inchaco) ===
221:CONTACT_LOCAL_SURF, P, 16333.2
237:DURA_INNER_SURF, P, 2400
=== on-caso-4 (CCX): solver ccx_preCICE -i on-caso-4  [tag=S1_mild_meshz] ===

************************************************************

CalculiX Version 2.20, Copyright(C) 1998-2022 Guido Dhondt
CalculiX comes with ABSOLUTELY NO WARRANTY. This is free
software, and you are welcome to redistribute it under
certain conditions, see gpl.htm

************************************************************

You are using an executable made on Sun Jul 31 18:08:37 CEST 2022

  The numbers below are estimated upper bounds

  number of:

   nodes:        39236
   elements:        10003
   one-dimensional elements:            0
   two-dimensional elements:            0
   integration points per element:            8
   degrees of freedom per node:            3
   layers per element:            1

   distributed facial loads:          492
   distributed volumetric loads:            0
   concentrated loads:            0
   single point constraints:         3758
   multiple point constraints:            1
   terms in all multiple point constraints:            1
   tie constraints:            0
   dependent nodes tied by cyclic constraints:            0
   dependent nodes in pre-tension constraints:            0

   sets:          528
   terms in all sets:        34354

   materials:          507
   constants per material and temperature:            9
   temperature points per material:            1
   plastic data points per material:            0

   orientations:            1
   amplitudes:            5
   data points in all amplitudes:            5
   print requests:            8
   transformations:            0
   property cards:            0

 *INFO reading *HYPERELASTIC: nonlinear geometric
       effects are turned on

 *INFO reading *HYPERELASTIC: nonlinear geometric
       effects are turned on

 *INFO reading *HYPERELASTIC: nonlinear geometric
       effects are turned on

 *INFO reading *HYPERELASTIC: nonlinear geometric
       effects are turned on

 *INFO reading *HYPERELASTIC: nonlinear geometric
       effects are turned on

 *INFO reading *HYPERELASTIC: nonlinear geometric
       effects are turned on

 *INFO reading *HYPERELASTIC: nonlinear geometric
       effects are turned on

 *INFO reading *STEP: nonlinear geometric
       effects are turned on

 *WARNING reading *STATIC: parameter not recognized:
          RIKS
 *WARNING reading *STATIC. Card image:
          *STATIC,RIKS

 *WARNING reading *STATIC:
          the minimum increment    1.0000000000000001E-009
          is smaller then 1.e-6 times the 
          step time;
          the minimum increment is changed
          to    9.9999999999999995E-007
          which is the minimum of the initial
          increment time and 1.e-6 times the step time

 *INFO: field control parameters set to:
        ran =    5.0000000000000001E-003
        can =    2.0000000000000000E-002
        qa0 =    0.0000000000000000     
        qau =   0.10000000000000001     
        rap =    2.0000000000000000E-002
         ea =    1.0000000000000001E-005
        cae =    1.0000000000000000E-003
        ral =    1.0000000000000000E-008

 STEP            1

 Static analysis was selected

 Nonlinear material laws are taken into account

 Newton-Raphson iterative procedure is active

 Nonlinear geometric effects are taken into account

 Decascading the MPC's

 Determining the structure of the matrix:
 Using up to 4 cpu(s) for setting up the structure of the matrix.
 number of equations
 114166
 number of nonzero lower triangular matrix elements
 3407718

 increment 1 attempt 1 
 increment size= 5.000000e-03
 sum of previous increments=0.000000e+00
 actual step time=5.000000e-03
 actual total time=5.000000e-03

 iteration 1

 Using up to 4 cpu(s) for the stress calculation.

 Using up to 4 cpu(s) for the symmetric stiffness/mass contributions.

 Factoring the system of equations using the symmetric spooles solver
 Using up to 4 cpu(s) for spooles.

 Using up to 4 cpu(s) for the stress calculation.

 average force= 0.000001
 time avg. forc= 0.100000
 largest residual force= 0.000051 in node 6402 and dof 1
 largest increment of disp= 8.628343e-06
 largest correction to disp= 8.628343e-06 in node 7798 and dof 1

 no convergence

 iteration 2

 Using up to 4 cpu(s) for the symmetric stiffness/mass contributions.

 Factoring the system of equations using the symmetric spooles solver
 Using up to 4 cpu(s) for spooles.

 Using up to 4 cpu(s) for the stress calculation.

 average force= 0.000000
 time avg. forc= 0.100000
 largest residual force= 0.000000 in node 4443 and dof 1
 largest increment of disp= 8.628343e-06
 largest correction to disp= 8.244435e-07 in node 7784 and dof 1

 convergence

 increment 2 attempt 1 
 increment size= 5.000000e-03
 sum of previous increments=5.000000e-03
 actual step time=1.000000e-02
 actual total time=1.000000e-02

 iteration 1

 Using up to 4 cpu(s) for the stress calculation.

 Using up to 4 cpu(s) for the symmetric stiffness/mass contributions.

 Factoring the system of equations using the symmetric spooles solver
 Using up to 4 cpu(s) for spooles.

 Using up to 4 cpu(s) for the stress calculation.

 average force= 0.000001
 time avg. forc= 0.100000
 largest residual force= 0.000000 in node 4190 and dof 1
 largest increment of disp= 7.826664e-06
 largest correction to disp= 1.042548e-06 in node 7784 and dof 1

 no convergence

 iteration 2

 Using up to 4 cpu(s) for the symmetric stiffness/mass contributions.

 Factoring the system of equations using the symmetric spooles solver
 Using up to 4 cpu(s) for spooles.

 Using up to 4 cpu(s) for the stress calculation.

 average force= 0.000001
 time avg. forc= 0.100000
 largest residual force= 0.000000 in node 8193 and dof 3
 largest increment of disp= 7.826664e-06
 largest correction to disp= 2.466271e-08 in node 6987 and dof 1

 convergence; the increment size is increased to 7.500000e-03

 increment 3 attempt 1 
 increment size= 7.500000e-03
 sum of previous increments=1.000000e-02
 actual step time=1.750000e-02
 actual total time=1.750000e-02

 iteration 1

 Using up to 4 cpu(s) for the stress calculation.

 Using up to 4 cpu(s) for the symmetric stiffness/mass contributions.

 Factoring the system of equations using the symmetric spooles solver
 Using up to 4 cpu(s) for spooles.

 Using up to 4 cpu(s) for the stress calculation.

 average force= 0.000002
 time avg. forc= 0.100000
 largest residual force= 0.000000 in node 8193 and dof 1
 largest increment of disp= 1.022449e-05
 largest correction to disp= 1.564594e-07 in node 7005 and dof 1

 no convergence

 iteration 2

 Using up to 4 cpu(s) for the symmetric stiffness/mass contributions.

 Factoring the system of equations using the symmetric spooles solver
 Using up to 4 cpu(s) for spooles.

 Using up to 4 cpu(s) for the stress calculation.

 average force= 0.000002
 time avg. forc= 0.100000
 largest residual force= 0.000000 in node 8181 and dof 3
 largest increment of disp= 1.022449e-05
 largest correction to disp= 1.756143e-09 in node 8192 and dof 1

 convergence; the increment size is increased to 1.125000e-02

 increment 4 attempt 1 
 increment size= 1.125000e-02
 sum of previous increments=1.750000e-02
 actual step time=2.875000e-02
 actual total time=2.875000e-02

 iteration 1

 Using up to 4 cpu(s) for the stress calculation.

 Using up to 4 cpu(s) for the symmetric stiffness/mass contributions.

 Factoring the system of equations using the symmetric spooles solver
 Using up to 4 cpu(s) for spooles.

 Using up to 4 cpu(s) for the stress calculation.

 average force= 0.000003
 time avg. forc= 0.100000
 largest residual force= 0.000000 in node 7803 and dof 1
 largest increment of disp= 1.526604e-05
 largest correction to disp= 9.232795e-08 in node 6987 and dof 1

 no convergence

 iteration 2

 Using up to 4 cpu(s) for the symmetric stiffness/mass contributions.

 Factoring the system of equations using the symmetric spooles solver
 Using up to 4 cpu(s) for spooles.

 Using up to 4 cpu(s) for the stress calculation.

 average force= 0.000003
 time avg. forc= 0.100000
 largest residual force= 0.000000 in node 8183 and dof 1
 largest increment of disp= 1.526604e-05
 largest correction to disp= 5.014564e-10 in node 8180 and dof 1

 convergence; the increment size is increased to 1.687500e-02

 increment 5 attempt 1 
 increment size= 1.687500e-02
 sum of previous increments=2.875000e-02
 actual step time=4.562500e-02
 actual total time=4.562500e-02

 iteration 1

 Using up to 4 cpu(s) for the stress calculation.

 Using up to 4 cpu(s) for the symmetric stiffness/mass contributions.

 Factoring the system of equations using the symmetric spooles solver
 Using up to 4 cpu(s) for spooles.

 Using up to 4 cpu(s) for the stress calculation.

 average force= 0.000004
 time avg. forc= 0.100000
 largest residual force= 0.000000 in node 7803 and dof 2
 largest increment of disp= 2.297484e-05
 largest correction to disp= 1.743075e-07 in node 6417 and dof 1

 no convergence

 iteration 2

 Using up to 4 cpu(s) for the symmetric stiffness/mass contributions.

 Factoring the system of equations using the symmetric spooles solver
 Using up to 4 cpu(s) for spooles.

 Using up to 4 cpu(s) for the stress calculation.

 average force= 0.000004
 time avg. forc= 0.100000
 largest residual force= 0.000000 in node 6402 and dof 1
 largest increment of disp= 2.297484e-05
 largest correction to disp= 1.002053e-09 in node 7805 and dof 1

 convergence; the increment size is increased to 2.531250e-02

 the increment size exceeds the maximum allowed and is decreased to 2.000000e-02

 Using up to 4 cpu(s) for the stress calculation.

 increment 6 attempt 1 
 increment size= 2.000000e-02
 sum of previous increments=4.562500e-02
 actual step time=6.562500e-02
 actual total time=6.562500e-02

 iteration 1

 Using up to 4 cpu(s) for the stress calculation.

 Using up to 4 cpu(s) for the symmetric stiffness/mass contributions.

 Factoring the system of equations using the symmetric spooles solver
 Using up to 4 cpu(s) for spooles.

 Using up to 4 cpu(s) for the stress calculation.

 average force= 0.000006
 time avg. forc= 0.100000
 largest residual force= 0.000000 in node 7795 and dof 2
 largest increment of disp= 2.741743e-05
 largest correction to disp= 2.766006e-07 in node 6417 and dof 1

 no convergence

 iteration 2

 Using up to 4 cpu(s) for the symmetric stiffness/mass contributions.

 Factoring the system of equations using the symmetric spooles solver
 Using up to 4 cpu(s) for spooles.

 Using up to 4 cpu(s) for the stress calculation.

 average force= 0.000006
 time avg. forc= 0.100000
 largest residual force= 0.000000 in node 6402 and dof 1
 largest increment of disp= 2.741743e-05
 largest correction to disp= 2.822100e-09 in node 28063 and dof 1

 convergence; the increment size is increased to 3.000000e-02

 the increment size exceeds the maximum allowed and is decreased to 2.000000e-02

 increment 7 attempt 1 
 increment size= 2.000000e-02
 sum of previous increments=6.562500e-02
 actual step time=8.562500e-02
 actual total time=8.562500e-02

 iteration 1

 Using up to 4 cpu(s) for the stress calculation.

 Using up to 4 cpu(s) for the symmetric stiffness/mass contributions.

 Factoring the system of equations using the symmetric spooles solver
 Using up to 4 cpu(s) for spooles.

 Using up to 4 cpu(s) for the stress calculation.

 average force= 0.000008
 time avg. forc= 0.100000
 largest residual force= 0.000000 in node 6402 and dof 1
 largest increment of disp= 2.766518e-05
 largest correction to disp= 4.025775e-07 in node 23745 and dof 1

 no convergence

 iteration 2

 Using up to 4 cpu(s) for the symmetric stiffness/mass contributions.

 Factoring the system of equations using the symmetric spooles solver
 Using up to 4 cpu(s) for spooles.

 Using up to 4 cpu(s) for the stress calculation.

 average force= 0.000008
 time avg. forc= 0.100000
 largest residual force= 0.000000 in node 6402 and dof 1
 largest increment of disp= 2.766518e-05
 largest correction to disp= 3.134834e-09 in node 7805 and dof 1

 convergence; the increment size is increased to 3.000000e-02

 the increment size exceeds the maximum allowed and is decreased to 2.000000e-02

 increment 8 attempt 1 
 increment size= 2.000000e-02
 sum of previous increments=8.562500e-02
 actual step time=1.056250e-01
 actual total time=1.056250e-01

 iteration 1

 Using up to 4 cpu(s) for the stress calculation.

 Using up to 4 cpu(s) for the symmetric stiffness/mass contributions.

 Factoring the system of equations using the symmetric spooles solver
 Using up to 4 cpu(s) for spooles.

 Using up to 4 cpu(s) for the stress calculation.

 average force= 0.000010
 time avg. forc= 0.100000
 largest residual force= 0.000000 in node 6402 and dof 1
 largest increment of disp= 2.792110e-05
 largest correction to disp= 4.469838e-07 in node 23752 and dof 1

 no convergence

 iteration 2

 Using up to 4 cpu(s) for the symmetric stiffness/mass contributions.

 Factoring the system of equations using the symmetric spooles solver
 Using up to 4 cpu(s) for spooles.

 Using up to 4 cpu(s) for the stress calculation.

 average force= 0.000010
 time avg. forc= 0.100000
 largest residual force= 0.000000 in node 7891 and dof 2
 largest increment of disp= 2.792110e-05
 largest correction to disp= 3.924689e-09 in node 8396 and dof 2

 convergence; the increment size is increased to 3.000000e-02

 the increment size exceeds the maximum allowed and is decreased to 2.000000e-02

 increment 9 attempt 1 
 increment size= 2.000000e-02
 sum of previous increments=1.056250e-01
 actual step time=1.256250e-01
 actual total time=1.256250e-01

 iteration 1

 Using up to 4 cpu(s) for the stress calculation.

 Using up to 4 cpu(s) for the symmetric stiffness/mass contributions.

 Factoring the system of equations using the symmetric spooles solver
 Using up to 4 cpu(s) for spooles.

 Using up to 4 cpu(s) for the stress calculation.

 average force= 0.000012
 time avg. forc= 0.100000
 largest residual force= 0.000000 in node 6402 and dof 1
 largest increment of disp= 2.815897e-05
 largest correction to disp= 2.834012e-07 in node 6417 and dof 1

 no convergence

 iteration 2

 Using up to 4 cpu(s) for the symmetric stiffness/mass contributions.

 Factoring the system of equations using the symmetric spooles solver
 Using up to 4 cpu(s) for spooles.

 Using up to 4 cpu(s) for the stress calculation.

 average force= 0.000012
 time avg. forc= 0.100000
 largest residual force= 0.000000 in node 4183 and dof 1
 largest increment of disp= 2.815897e-05
 largest correction to disp= 3.963090e-09 in node 6405 and dof 1

 convergence; the increment size is increased to 3.000000e-02

 the increment size exceeds the maximum allowed and is decreased to 2.000000e-02

 increment 10 attempt 1 
 increment size= 2.000000e-02
 sum of previous increments=1.256250e-01
 actual step time=1.456250e-01
 actual total time=1.456250e-01

 iteration 1

 Using up to 4 cpu(s) for the stress calculation.

 Using up to 4 cpu(s) for the symmetric stiffness/mass contributions.

 Factoring the system of equations using the symmetric spooles solver
 Using up to 4 cpu(s) for spooles.

 Using up to 4 cpu(s) for the stress calculation.

 average force= 0.000013
 time avg. forc= 0.100000
 largest residual force= 0.000000 in node 7803 and dof 1
 largest increment of disp= 2.837567e-05
 largest correction to disp= 3.081141e-06 in node 23754 and dof 1

 no convergence

 iteration 2

 Using up to 4 cpu(s) for the symmetric stiffness/mass contributions.

 Factoring the system of equations using the symmetric spooles solver
 Using up to 4 cpu(s) for spooles.

 Using up to 4 cpu(s) for the stress calculation.

 average force= 0.000013
 time avg. forc= 0.100000
 largest residual force= 0.000000 in node 4183 and dof 1
 largest increment of disp= 2.837567e-05
 largest correction to disp= 2.154348e-08 in node 23794 and dof 1

 convergence; the increment size is increased to 3.000000e-02

 the increment size exceeds the maximum allowed and is decreased to 2.000000e-02

 Using up to 4 cpu(s) for the stress calculation.

 increment 11 attempt 1 
 increment size= 2.000000e-02
 sum of previous increments=1.456250e-01
 actual step time=1.656250e-01
 actual total time=1.656250e-01

 iteration 1

 Using up to 4 cpu(s) for the stress calculation.

 Using up to 4 cpu(s) for the symmetric stiffness/mass contributions.

 Factoring the system of equations using the symmetric spooles solver
 Using up to 4 cpu(s) for spooles.

 Using up to 4 cpu(s) for the stress calculation.

 average force= 0.000015
 time avg. forc= 0.100000
 largest residual force= 0.000000 in node 7795 and dof 1
 largest increment of disp= 2.856859e-05
 largest correction to disp= 4.904562e-06 in node 23754 and dof 1

 no convergence

 iteration 2

 Using up to 4 cpu(s) for the symmetric stiffness/mass contributions.

 Factoring the system of equations using the symmetric spooles solver
 Using up to 4 cpu(s) for spooles.

 Using up to 4 cpu(s) for the stress calculation.

 average force= 0.000015
 time avg. forc= 0.100000
 largest residual force= 0.000000 in node 4168 and dof 1
 largest increment of disp= 2.856859e-05
 largest correction to disp= 1.387072e-08 in node 23749 and dof 1

 convergence; the increment size is increased to 3.000000e-02

 the increment size exceeds the maximum allowed and is decreased to 2.000000e-02

 increment 12 attempt 1 
 increment size= 2.000000e-02
 sum of previous increments=1.656250e-01
 actual step time=1.856250e-01
 actual total time=1.856250e-01

 iteration 1

 Using up to 4 cpu(s) for the stress calculation.

 Using up to 4 cpu(s) for the symmetric stiffness/mass contributions.

 Factoring the system of equations using the symmetric spooles solver
 Using up to 4 cpu(s) for spooles.

 Using up to 4 cpu(s) for the stress calculation.

 average force= 0.000017
 time avg. forc= 0.100000
 largest residual force= 0.000000 in node 7795 and dof 1
 largest increment of disp= 2.873190e-05
 largest correction to disp= 1.924793e-06 in node 23754 and dof 1

 no convergence

 iteration 2

 Using up to 4 cpu(s) for the symmetric stiffness/mass contributions.

 Factoring the system of equations using the symmetric spooles solver
 Using up to 4 cpu(s) for spooles.

 Using up to 4 cpu(s) for the stress calculation.

 average force= 0.000017
 time avg. forc= 0.100000
 largest residual force= 0.000000 in node 4183 and dof 1
 largest increment of disp= 2.873190e-05
 largest correction to disp= 8.413313e-09 in node 7812 and dof 1

 convergence; the increment size is increased to 3.000000e-02

 the increment size exceeds the maximum allowed and is decreased to 2.000000e-02

 increment 13 attempt 1 
 increment size= 2.000000e-02
 sum of previous increments=1.856250e-01
 actual step time=2.056250e-01
 actual total time=2.056250e-01

 iteration 1

 Using up to 4 cpu(s) for the stress calculation.

 Using up to 4 cpu(s) for the symmetric stiffness/mass contributions.

 Factoring the system of equations using the symmetric spooles solver
 Using up to 4 cpu(s) for spooles.

 Using up to 4 cpu(s) for the stress calculation.

 average force= 0.000019
 time avg. forc= 0.100000
 largest residual force= 0.000000 in node 7803 and dof 1
 largest increment of disp= 2.886531e-05
 largest correction to disp= 3.635802e-07 in node 30175 and dof 1

 no convergence

 iteration 2

 Using up to 4 cpu(s) for the symmetric stiffness/mass contributions.

 Factoring the system of equations using the symmetric spooles solver
 Using up to 4 cpu(s) for spooles.

 Using up to 4 cpu(s) for the stress calculation.

 average force= 0.000019
 time avg. forc= 0.100000
 largest residual force= 0.000000 in node 4183 and dof 1
 largest increment of disp= 2.886531e-05
 largest correction to disp= 2.561461e-08 in node 30175 and dof 1

 convergence; the increment size is increased to 3.000000e-02

 the increment size exceeds the maximum allowed and is decreased to 2.000000e-02

 increment 14 attempt 1 
 increment size= 2.000000e-02
 sum of previous increments=2.056250e-01
 actual step time=2.256250e-01
 actual total time=2.256250e-01

 iteration 1

 Using up to 4 cpu(s) for the stress calculation.

 Using up to 4 cpu(s) for the symmetric stiffness/mass contributions.

 Factoring the system of equations using the symmetric spooles solver
 Using up to 4 cpu(s) for spooles.

 Using up to 4 cpu(s) for the stress calculation.

 average force= 0.000021
 time avg. forc= 0.100000
 largest residual force= 0.000000 in node 7795 and dof 1
 largest increment of disp= 2.896344e-05
 largest correction to disp= 1.285370e-06 in node 30229 and dof 1

 no convergence

 iteration 2

 Using up to 4 cpu(s) for the symmetric stiffness/mass contributions.

 Factoring the system of equations using the symmetric spooles solver
 Using up to 4 cpu(s) for spooles.

 Using up to 4 cpu(s) for the stress calculation.

 average force= 0.000021
 time avg. forc= 0.100000
 largest residual force= 0.000000 in node 4183 and dof 1
 largest increment of disp= 2.896344e-05
 largest correction to disp= 4.068068e-08 in node 30166 and dof 1

 convergence; the increment size is increased to 3.000000e-02

 the increment size exceeds the maximum allowed and is decreased to 2.000000e-02

 increment 15 attempt 1 
 increment size= 2.000000e-02
 sum of previous increments=2.256250e-01
 actual step time=2.456250e-01
 actual total time=2.456250e-01

 iteration 1

 Using up to 4 cpu(s) for the stress calculation.

 Using up to 4 cpu(s) for the symmetric stiffness/mass contributions.

 Factoring the system of equations using the symmetric spooles solver
 Using up to 4 cpu(s) for spooles.

 Using up to 4 cpu(s) for the stress calculation.

 average force= 0.000023
 time avg. forc= 0.100000
 largest residual force= 0.000000 in node 7803 and dof 1
 largest increment of disp= 2.907632e-05
 largest correction to disp= 9.240536e-06 in node 27955 and dof 1

 no convergence

 iteration 2

 Using up to 4 cpu(s) for the symmetric stiffness/mass contributions.

 Factoring the system of equations using the symmetric spooles solver
 Using up to 4 cpu(s) for spooles.

 Using up to 4 cpu(s) for the stress calculation.

 average force= 0.000023
 time avg. forc= 0.100000
 largest residual force= 0.000000 in node 4926 and dof 1
 largest increment of disp= 2.907632e-05
 largest correction to disp= 5.365621e-06 in node 23646 and dof 1

 convergence; the increment size is increased to 3.000000e-02

 the increment size exceeds the maximum allowed and is decreased to 2.000000e-02

 Using up to 4 cpu(s) for the stress calculation.

 increment 16 attempt 1 
 increment size= 2.000000e-02
 sum of previous increments=2.456250e-01
 actual step time=2.656250e-01
 actual total time=2.656250e-01

 iteration 1

 Using up to 4 cpu(s) for the stress calculation.

 Using up to 4 cpu(s) for the symmetric stiffness/mass contributions.

 Factoring the system of equations using the symmetric spooles solver
 Using up to 4 cpu(s) for spooles.

 Using up to 4 cpu(s) for the stress calculation.

 average force= 0.000025
 time avg. forc= 0.100000
 largest residual force= 0.000010 in node 4924 and dof 1
 largest increment of disp= 5.840635e-05
 largest correction to disp= 5.840635e-05 in node 23644 and dof 1

 no convergence

 iteration 2

 Using up to 4 cpu(s) for the symmetric stiffness/mass contributions.

 Factoring the system of equations using the symmetric spooles solver
 Using up to 4 cpu(s) for spooles.

 Using up to 4 cpu(s) for the stress calculation.

 average force= 0.000025
 time avg. forc= 0.100000
 largest residual force= 0.000002 in node 4926 and dof 1
 largest increment of disp= 5.840635e-05
 largest correction to disp= 2.279898e-05 in node 23635 and dof 1

 no convergence

 iteration 3

 Using up to 4 cpu(s) for the symmetric stiffness/mass contributions.

 Factoring the system of equations using the symmetric spooles solver
 Using up to 4 cpu(s) for spooles.

 Using up to 4 cpu(s) for the stress calculation.

 average force= 0.000025
 time avg. forc= 0.100000
 largest residual force= 0.000000 in node 4925 and dof 1
 largest increment of disp= 5.840635e-05
 largest correction to disp= 5.870261e-06 in node 23635 and dof 1

 convergence; the increment size is increased to 3.000000e-02

 the increment size exceeds the maximum allowed and is decreased to 2.000000e-02

 increment 17 attempt 1 
 increment size= 2.000000e-02
 sum of previous increments=2.656250e-01
 actual step time=2.856250e-01
 actual total time=2.856250e-01

 iteration 1

 Using up to 4 cpu(s) for the stress calculation.

 Using up to 4 cpu(s) for the symmetric stiffness/mass contributions.

 Factoring the system of equations using the symmetric spooles solver
 Using up to 4 cpu(s) for spooles.

 Using up to 4 cpu(s) for the stress calculation.

 average force= 0.000027
 time avg. forc= 0.100000
 largest residual force= 0.000040 in node 4925 and dof 1
 largest increment of disp= 1.081064e-04
 largest correction to disp= 1.081064e-04 in node 23860 and dof 1

 no convergence

 iteration 2

 Using up to 4 cpu(s) for the symmetric stiffness/mass contributions.

 Factoring the system of equations using the symmetric spooles solver
 Using up to 4 cpu(s) for spooles.

 Using up to 4 cpu(s) for the stress calculation.

 average force= 0.000027
 time avg. forc= 0.100000
 largest residual force= 0.000004 in node 6352 and dof 1
 largest increment of disp= 1.081064e-04
 largest correction to disp= 3.417051e-05 in node 23860 and dof 1

 no convergence

 iteration 3

 Using up to 4 cpu(s) for the symmetric stiffness/mass contributions.

 Factoring the system of equations using the symmetric spooles solver
 Using up to 4 cpu(s) for spooles.

 Using up to 4 cpu(s) for the stress calculation.

 average force= 0.000027
 time avg. forc= 0.100000
 largest residual force= 0.000001 in node 4924 and dof 1
 largest increment of disp= 1.081064e-04
 largest correction to disp= 1.931810e-05 in node 23851 and dof 1

 no convergence

 iteration 4

 Using up to 4 cpu(s) for the symmetric stiffness/mass contributions.

 Factoring the system of equations using the symmetric spooles solver
 Using up to 4 cpu(s) for spooles.

 Using up to 4 cpu(s) for the stress calculation.

 average force= 0.000027
 time avg. forc= 0.100000
 largest residual force= 0.000000 in node 6436 and dof 1
 largest increment of disp= 1.081064e-04
 largest correction to disp= 5.856939e-06 in node 28168 and dof 1

 convergence; the increment size is increased to 3.000000e-02

 the increment size exceeds the maximum allowed and is decreased to 2.000000e-02

 increment 18 attempt 1 
 increment size= 2.000000e-02
 sum of previous increments=2.856250e-01
 actual step time=3.056250e-01
 actual total time=3.056250e-01

 iteration 1

 Using up to 4 cpu(s) for the stress calculation.

 Using up to 4 cpu(s) for the symmetric stiffness/mass contributions.

 Factoring the system of equations using the symmetric spooles solver
 Using up to 4 cpu(s) for spooles.

 Using up to 4 cpu(s) for the stress calculation.

 average force= 0.000029
 time avg. forc= 0.100000
 largest residual force= 0.000012 in node 4925 and dof 1
 largest increment of disp= 1.151749e-04
 largest correction to disp= 5.289546e-05 in node 23848 and dof 1

 no convergence

 iteration 2

 Using up to 4 cpu(s) for the symmetric stiffness/mass contributions.

 Factoring the system of equations using the symmetric spooles solver
 Using up to 4 cpu(s) for spooles.

 Using up to 4 cpu(s) for the stress calculation.

 average force= 0.000029
 time avg. forc= 0.100000
 largest residual force= 0.000141 in node 6417 and dof 1
 largest increment of disp= 2.091386e-04
 largest correction to disp= 2.091386e-04 in node 23803 and dof 1

 no convergence

 iteration 3

 Using up to 4 cpu(s) for the symmetric stiffness/mass contributions.

 Factoring the system of equations using the symmetric spooles solver
 Using up to 4 cpu(s) for spooles.

 Using up to 4 cpu(s) for the stress calculation.

 average force= 0.000029
 time avg. forc= 0.100000
 largest residual force= 0.000116 in node 6354 and dof 1
 largest increment of disp= 2.091386e-04
 largest correction to disp= 1.513213e-04 in node 28020 and dof 1

 no convergence

 iteration 4

 Using up to 4 cpu(s) for the symmetric stiffness/mass contributions.

 Factoring the system of equations using the symmetric spooles solver
 Using up to 4 cpu(s) for spooles.

 Using up to 4 cpu(s) for the stress calculation.

 average force= 0.000029
 time avg. forc= 0.100000
 largest residual force= 0.000110 in node 6437 and dof 1
 largest increment of disp= 2.091386e-04
 largest correction to disp= 1.715752e-04 in node 28006 and dof 1

 no convergence

 iteration 5

 Using up to 4 cpu(s) for the symmetric stiffness/mass contributions.

 Factoring the system of equations using the symmetric spooles solver
 Using up to 4 cpu(s) for spooles.

 Using up to 4 cpu(s) for the stress calculation.

 average force= 0.000029
 time avg. forc= 0.100000
 largest residual force= 0.000034 in node 1725 and dof 1
 largest increment of disp= 2.091386e-04
 largest correction to disp= 8.316518e-05 in node 28011 and dof 1

 no convergence

 iteration 6

 Using up to 4 cpu(s) for the symmetric stiffness/mass contributions.

 Factoring the system of equations using the symmetric spooles solver
 Using up to 4 cpu(s) for spooles.

 Using up to 4 cpu(s) for the stress calculation.

 average force= 0.000029
 time avg. forc= 0.100000
 largest residual force= 0.000181 in node 6436 and dof 1
 largest increment of disp= 2.091386e-04
 largest correction to disp= 2.059757e-04 in node 28168 and dof 1

 no convergence

 iteration 7

 Using up to 4 cpu(s) for the symmetric stiffness/mass contributions.

 Factoring the system of equations using the symmetric spooles solver
 Using up to 4 cpu(s) for spooles.

 Using up to 4 cpu(s) for the stress calculation.

 average force= 0.000029
 time avg. forc= 0.100000
 largest residual force= 0.000009 in node 6352 and dof 1
 largest increment of disp= 2.091386e-04
 largest correction to disp= 3.276136e-05 in node 28177 and dof 1

 no convergence

 iteration 8

 Using up to 4 cpu(s) for the symmetric stiffness/mass contributions.

 Factoring the system of equations using the symmetric spooles solver
 Using up to 4 cpu(s) for spooles.

 Using up to 4 cpu(s) for the stress calculation.

 average force= 0.000029
 time avg. forc= 0.100000
 largest residual force= 0.000038 in node 4842 and dof 1
 largest increment of disp= 2.091386e-04
 largest correction to disp= 9.654664e-05 in node 28006 and dof 1

 no convergence

 iteration 9

 Using up to 4 cpu(s) for the symmetric stiffness/mass contributions.

 Factoring the system of equations using the symmetric spooles solver
 Using up to 4 cpu(s) for spooles.

 Using up to 4 cpu(s) for the stress calculation.

 average force= 0.000029
 time avg. forc= 0.100000
 largest residual force= 0.000003 in node 6352 and dof 1
 largest increment of disp= 2.091386e-04
 largest correction to disp= 2.988050e-05 in node 28006 and dof 1

 no convergence

 iteration 10

 Using up to 4 cpu(s) for the symmetric stiffness/mass contributions.

 Factoring the system of equations using the symmetric spooles solver
 Using up to 4 cpu(s) for spooles.

 Using up to 4 cpu(s) for the stress calculation.

 average force= 0.000029
 time avg. forc= 0.100000
 largest residual force= 0.000000 in node 4842 and dof 1
 largest increment of disp= 2.091386e-04
 largest correction to disp= 1.560699e-05 in node 28015 and dof 1

 convergence

 increment 19 attempt 1 
 increment size= 2.000000e-02
 sum of previous increments=3.056250e-01
 actual step time=3.256250e-01
 actual total time=3.256250e-01

 iteration 1

 Using up to 4 cpu(s) for the stress calculation.

 Using up to 4 cpu(s) for the symmetric stiffness/mass contributions.

 Factoring the system of equations using the symmetric spooles solver
 Using up to 4 cpu(s) for spooles.

 Using up to 4 cpu(s) for the stress calculation.

 average force= 0.000031
 time avg. forc= 0.100000
 largest residual force= 0.000135 in node 7769 and dof 1
 largest increment of disp= 3.058286e-04
 largest correction to disp= 1.291693e-04 in node 28182 and dof 1

 no convergence

 iteration 2

 Using up to 4 cpu(s) for the symmetric stiffness/mass contributions.

 Factoring the system of equations using the symmetric spooles solver
 Using up to 4 cpu(s) for spooles.

 Using up to 4 cpu(s) for the stress calculation.

 average force= 0.000031
 time avg. forc= 0.100000
 largest residual force= 0.000375 in node 1725 and dof 1
 largest increment of disp= 3.058286e-04
 largest correction to disp= 1.509373e-04 in node 28074 and dof 1

 no convergence

 iteration 3

 Using up to 4 cpu(s) for the symmetric stiffness/mass contributions.

 Factoring the system of equations using the symmetric spooles solver
 Using up to 4 cpu(s) for spooles.

 Using up to 4 cpu(s) for the stress calculation.

 average force= 0.000031
 time avg. forc= 0.100000
 largest residual force= 0.000058 in node 1677 and dof 1
 largest increment of disp= 3.058286e-04
 largest correction to disp= 8.852319e-05 in node 28020 and dof 1

 no convergence

 iteration 4

 Using up to 4 cpu(s) for the symmetric stiffness/mass contributions.

 Factoring the system of equations using the symmetric spooles solver
 Using up to 4 cpu(s) for spooles.

 Using up to 4 cpu(s) for the stress calculation.

 average force= 0.000031
 time avg. forc= 0.100000
 largest residual force= 0.000096 in node 1677 and dof 1
 largest increment of disp= 3.058286e-04
 largest correction to disp= 1.169872e-04 in node 28020 and dof 1

 no convergence

 iteration 5

 Using up to 4 cpu(s) for the symmetric stiffness/mass contributions.

 Factoring the system of equations using the symmetric spooles solver
 Using up to 4 cpu(s) for spooles.

 Using up to 4 cpu(s) for the stress calculation.

 average force= 0.000031
 time avg. forc= 0.100000
 largest residual force= 0.000015 in node 6436 and dof 1
 largest increment of disp= 3.058286e-04
 largest correction to disp= 5.912561e-05 in node 28234 and dof 1

 no convergence

 iteration 6

 Using up to 4 cpu(s) for the symmetric stiffness/mass contributions.

 Factoring the system of equations using the symmetric spooles solver
 Using up to 4 cpu(s) for spooles.

 Using up to 4 cpu(s) for the stress calculation.

 average force= 0.000031
 time avg. forc= 0.100000
 largest residual force= 0.000324 in node 6436 and dof 1
 largest increment of disp= 3.058286e-04
 largest correction to disp= 2.774366e-04 in node 28225 and dof 1

 no convergence

 iteration 7

 Using up to 4 cpu(s) for the symmetric stiffness/mass contributions.

 Factoring the system of equations using the symmetric spooles solver
 Using up to 4 cpu(s) for spooles.

 Using up to 4 cpu(s) for the stress calculation.

 average force= 0.000031
 time avg. forc= 0.100000
 largest residual force= 0.000062 in node 1689 and dof 1
 largest increment of disp= 3.058286e-04
 largest correction to disp= 7.155861e-05 in node 23803 and dof 1

 no convergence

 iteration 8

 Using up to 4 cpu(s) for the symmetric stiffness/mass contributions.

 Factoring the system of equations using the symmetric spooles solver
 Using up to 4 cpu(s) for spooles.

 Using up to 4 cpu(s) for the stress calculation.

 average force= 0.000031
 time avg. forc= 0.100000
 largest residual force= 0.000049 in node 6352 and dof 1
 largest increment of disp= 3.058286e-04
 largest correction to disp= 1.062468e-04 in node 28018 and dof 1

 no convergence

 iteration 9

 Using up to 4 cpu(s) for the symmetric stiffness/mass contributions.

 Factoring the system of equations using the symmetric spooles solver
 Using up to 4 cpu(s) for spooles.

 Using up to 4 cpu(s) for the stress calculation.

 average force= 0.000031
 time avg. forc= 0.100000
 largest residual force= 0.000002 in node 1677 and dof 1
 largest increment of disp= 3.058286e-04
 largest correction to disp= 1.766449e-05 in node 28117 and dof 1

 convergence

 increment 20 attempt 1 
 increment size= 2.000000e-02
 sum of previous increments=3.256250e-01
 actual step time=3.456250e-01
 actual total time=3.456250e-01

 iteration 1

 Using up to 4 cpu(s) for the stress calculation.

 Using up to 4 cpu(s) for the symmetric stiffness/mass contributions.

 Factoring the system of equations using the symmetric spooles solver
 Using up to 4 cpu(s) for spooles.

 Using up to 4 cpu(s) for the stress calculation.

 average force= 0.000033
 time avg. forc= 0.100000
 largest residual force= 0.001500 in node 6436 and dof 1
 largest increment of disp= 5.123796e-04
 largest correction to disp= 2.729696e-04 in node 28126 and dof 1

 no convergence

 iteration 2

 Using up to 4 cpu(s) for the symmetric stiffness/mass contributions.

 Factoring the system of equations using the symmetric spooles solver
 Using up to 4 cpu(s) for spooles.

 Using up to 4 cpu(s) for the stress calculation.

 average force= 0.000033
 time avg. forc= 0.100000
 largest residual force= 0.005371 in node 7825 and dof 1
 largest increment of disp= 9.670266e-04
 largest correction to disp= 9.670266e-04 in node 28171 and dof 1

 no convergence

 iteration 3

 Using up to 4 cpu(s) for the symmetric stiffness/mass contributions.

 Factoring the system of equations using the symmetric spooles solver
 Using up to 4 cpu(s) for spooles.

 Using up to 4 cpu(s) for the stress calculation.

 average force= 0.000034
 time avg. forc= 0.100000
 largest residual force= 0.007256 in node 7809 and dof 1
 largest increment of disp= 9.670266e-04
 largest correction to disp= 7.239902e-04 in node 28126 and dof 1

 no convergence

 iteration 4

 Using up to 4 cpu(s) for the symmetric stiffness/mass contributions.

 Factoring the system of equations using the symmetric spooles solver
 Using up to 4 cpu(s) for spooles.

 Using up to 4 cpu(s) for the stress calculation.

 average force= 0.000033
 time avg. forc= 0.100000
 largest residual force= 0.005455 in node 28181 and dof 2
 largest increment of disp= 9.670266e-04
 largest correction to disp= 3.826157e-04 in node 28180 and dof 2

 no convergence

 iteration 5

 Using up to 4 cpu(s) for the symmetric stiffness/mass contributions.

 Factoring the system of equations using the symmetric spooles solver
 Using up to 4 cpu(s) for spooles.

 Using up to 4 cpu(s) for the stress calculation.

 average force= 0.000033
 time avg. forc= 0.100000
 largest residual force= 0.002163 in node 28181 and dof 2
 largest increment of disp= 9.670266e-04
 largest correction to disp= 3.591919e-04 in node 28171 and dof 2

 no convergence

 iteration 6

 Using up to 4 cpu(s) for the symmetric stiffness/mass contributions.

 Factoring the system of equations using the symmetric spooles solver
 Using up to 4 cpu(s) for spooles.

 Using up to 4 cpu(s) for the stress calculation.

 average force= 0.000047
 time avg. forc= 0.100000
 largest residual force= 0.129657 in node 28118 and dof 1
 largest increment of disp= 2.172747e-03
 largest correction to disp= 2.172747e-03 in node 28171 and dof 1

 no convergence

 iteration 7

 Using up to 4 cpu(s) for the symmetric stiffness/mass contributions.

 Factoring the system of equations using the symmetric spooles solver
 Using up to 4 cpu(s) for spooles.

 Using up to 4 cpu(s) for the stress calculation.

 average force= 0.000102
 time avg. forc= 0.100000
 largest residual force= 1.373521 in node 27962 and dof 2
 largest increment of disp= 2.172747e-03
 largest correction to disp= 1.252741e-03 in node 28227 and dof 1

 no convergence

 iteration 8

 Using up to 4 cpu(s) for the symmetric stiffness/mass contributions.

 Factoring the system of equations using the symmetric spooles solver
 Using up to 4 cpu(s) for spooles.

 Using up to 4 cpu(s) for the stress calculation.

 average force= 0.002954
 time avg. forc= 0.100000
 largest residual force= 86.995908 in node 27908 and dof 3
 largest increment of disp= 9.878253e-03
 largest correction to disp= 9.878253e-03 in node 28236 and dof 1

 divergence; the increment size is decreased to 5.000000e-03
 the increment is reattempted

 increment 20 attempt 2 
 increment size= 5.000000e-03
 sum of previous increments=3.256250e-01
 actual step time=3.306250e-01
 actual total time=3.306250e-01

 iteration 1

 Using up to 4 cpu(s) for the stress calculation.

 Using up to 4 cpu(s) for the symmetric stiffness/mass contributions.

 Factoring the system of equations using the symmetric spooles solver
 Using up to 4 cpu(s) for spooles.

 Using up to 4 cpu(s) for the stress calculation.

 average force= 0.000031
 time avg. forc= 0.100000
 largest residual force= 0.000019 in node 6416 and dof 1
 largest increment of disp= 1.280949e-04
 largest correction to disp= 6.456945e-05 in node 28171 and dof 1

 no convergence

 iteration 2

 Using up to 4 cpu(s) for the symmetric stiffness/mass contributions.

 Factoring the system of equations using the symmetric spooles solver
 Using up to 4 cpu(s) for spooles.

 Using up to 4 cpu(s) for the stress calculation.

 average force= 0.000031
 time avg. forc= 0.100000
 largest residual force= 0.000011 in node 6352 and dof 1
 largest increment of disp= 1.280949e-04
 largest correction to disp= 4.756229e-05 in node 28009 and dof 1

 no convergence

 iteration 3

 Using up to 4 cpu(s) for the symmetric stiffness/mass contributions.

 Factoring the system of equations using the symmetric spooles solver
 Using up to 4 cpu(s) for spooles.

 Using up to 4 cpu(s) for the stress calculation.

 average force= 0.000031
 time avg. forc= 0.100000
 largest residual force= 0.000002 in node 6352 and dof 1
 largest increment of disp= 1.280949e-04
 largest correction to disp= 2.095232e-05 in node 28009 and dof 1

 no convergence

 iteration 4

 Using up to 4 cpu(s) for the symmetric stiffness/mass contributions.

 Factoring the system of equations using the symmetric spooles solver
 Using up to 4 cpu(s) for spooles.

 Using up to 4 cpu(s) for the stress calculation.

 average force= 0.000031
 time avg. forc= 0.100000
 largest residual force= 0.000000 in node 6352 and dof 1
 largest increment of disp= 1.280949e-04
 largest correction to disp= 3.999473e-06 in node 28009 and dof 1

 convergence

 Using up to 4 cpu(s) for the stress calculation.

 increment 21 attempt 1 
 increment size= 5.000000e-03
 sum of previous increments=3.306250e-01
 actual step time=3.356250e-01
 actual total time=3.356250e-01

 iteration 1

 Using up to 4 cpu(s) for the stress calculation.

 Using up to 4 cpu(s) for the symmetric stiffness/mass contributions.

 Factoring the system of equations using the symmetric spooles solver
 Using up to 4 cpu(s) for spooles.

 Using up to 4 cpu(s) for the stress calculation.

 average force= 0.000032
 time avg. forc= 0.100000
 largest residual force= 0.000000 in node 6395 and dof 1
 largest increment of disp= 3.560802e-05
 largest correction to disp= 3.921682e-06 in node 30220 and dof 1

 no convergence

 iteration 2

 Using up to 4 cpu(s) for the symmetric stiffness/mass contributions.

 Factoring the system of equations using the symmetric spooles solver
 Using up to 4 cpu(s) for spooles.

 Using up to 4 cpu(s) for the stress calculation.

 average force= 0.000032
 time avg. forc= 0.100000
 largest residual force= 0.000000 in node 5637 and dof 1
 largest increment of disp= 3.560802e-05
 largest correction to disp= 4.563900e-07 in node 30220 and dof 1

 convergence; the increment size is increased to 7.500000e-03

 increment 22 attempt 1 
 increment size= 7.500000e-03
 sum of previous increments=3.356250e-01
 actual step time=3.431250e-01
 actual total time=3.431250e-01

 iteration 1

 Using up to 4 cpu(s) for the stress calculation.

 Using up to 4 cpu(s) for the symmetric stiffness/mass contributions.

 Factoring the system of equations using the symmetric spooles solver
 Using up to 4 cpu(s) for spooles.

 Using up to 4 cpu(s) for the stress calculation.

 average force= 0.000032
 time avg. forc= 0.100000
 largest residual force= 0.000000 in node 5637 and dof 1
 largest increment of disp= 5.135819e-05
 largest correction to disp= 1.759575e-05 in node 30229 and dof 1

 no convergence

 iteration 2

 Using up to 4 cpu(s) for the symmetric stiffness/mass contributions.

 Factoring the system of equations using the symmetric spooles solver
 Using up to 4 cpu(s) for spooles.

 Using up to 4 cpu(s) for the stress calculation.

 average force= 0.000032
 time avg. forc= 0.100000
 largest residual force= 0.000000 in node 5637 and dof 1
 largest increment of disp= 5.135819e-05
 largest correction to disp= 5.076490e-06 in node 30229 and dof 1

 convergence; the increment size is increased to 1.125000e-02

 increment 23 attempt 1 
 increment size= 1.125000e-02
 sum of previous increments=3.431250e-01
 actual step time=3.543750e-01
 actual total time=3.543750e-01

 iteration 1

 Using up to 4 cpu(s) for the stress calculation.

 Using up to 4 cpu(s) for the symmetric stiffness/mass contributions.

 Factoring the system of equations using the symmetric spooles solver
 Using up to 4 cpu(s) for spooles.

 Using up to 4 cpu(s) for the stress calculation.

 average force= 0.000034
 time avg. forc= 0.100000
 largest residual force= 0.000002 in node 4156 and dof 1
 largest increment of disp= 6.754619e-05
 largest correction to disp= 1.381245e-05 in node 28018 and dof 1

 no convergence

 iteration 2

 Using up to 4 cpu(s) for the symmetric stiffness/mass contributions.

 Factoring the system of equations using the symmetric spooles solver
 Using up to 4 cpu(s) for spooles.

 Using up to 4 cpu(s) for the stress calculation.

 average force= 0.000034
 time avg. forc= 0.100000
 largest residual force= 0.000000 in node 4161 and dof 1
 largest increment of disp= 6.754619e-05
 largest correction to disp= 2.876557e-06 in node 28018 and dof 1

 convergence; the increment size is increased to 1.687500e-02

 increment 24 attempt 1 
 increment size= 1.687500e-02
 sum of previous increments=3.543750e-01
 actual step time=3.712500e-01
 actual total time=3.712500e-01

 iteration 1

 Using up to 4 cpu(s) for the stress calculation.

 Using up to 4 cpu(s) for the symmetric stiffness/mass contributions.

 Factoring the system of equations using the symmetric spooles solver
 Using up to 4 cpu(s) for spooles.

 Using up to 4 cpu(s) for the stress calculation.

 average force= 0.000035
 time avg. forc= 0.100000
 largest residual force= 0.000014 in node 4154 and dof 1
 largest increment of disp= 8.290039e-05
 largest correction to disp= 3.506464e-05 in node 28018 and dof 1

 no convergence

 iteration 2

 Using up to 4 cpu(s) for the symmetric stiffness/mass contributions.

 Factoring the system of equations using the symmetric spooles solver
 Using up to 4 cpu(s) for spooles.

 Using up to 4 cpu(s) for the stress calculation.

 average force= 0.000036
 time avg. forc= 0.100000
 largest residual force= 0.000002 in node 4176 and dof 1
 largest increment of disp= 8.290039e-05
 largest correction to disp= 9.410576e-06 in node 23698 and dof 1

 no convergence

 iteration 3

 Using up to 4 cpu(s) for the symmetric stiffness/mass contributions.

 Factoring the system of equations using the symmetric spooles solver
 Using up to 4 cpu(s) for spooles.

 Using up to 4 cpu(s) for the stress calculation.

 average force= 0.000036
 time avg. forc= 0.100000
 largest residual force= 0.000003 in node 4143 and dof 1
 largest increment of disp= 8.290039e-05
 largest correction to disp= 5.218005e-07 in node 28018 and dof 1

 convergence; the increment size is increased to 2.531250e-02

 the increment size exceeds the maximum allowed and is decreased to 2.000000e-02

 increment 25 attempt 1 
 increment size= 2.000000e-02
 sum of previous increments=3.712500e-01
 actual step time=3.912500e-01
 actual total time=3.912500e-01

 iteration 1

 Using up to 4 cpu(s) for the stress calculation.

 Using up to 4 cpu(s) for the symmetric stiffness/mass contributions.

 Factoring the system of equations using the symmetric spooles solver
 Using up to 4 cpu(s) for spooles.

 Using up to 4 cpu(s) for the stress calculation.

 average force= 0.000038
 time avg. forc= 0.100000
 largest residual force= 0.000059 in node 4154 and dof 1
 largest increment of disp= 8.893510e-05
 largest correction to disp= 8.893510e-05 in node 28182 and dof 1

 no convergence

 iteration 2

 Using up to 4 cpu(s) for the symmetric stiffness/mass contributions.

 Factoring the system of equations using the symmetric spooles solver
 Using up to 4 cpu(s) for spooles.

 Using up to 4 cpu(s) for the stress calculation.

 average force= 0.000038
 time avg. forc= 0.100000
 largest residual force= 0.000006 in node 6395 and dof 1
 largest increment of disp= 8.893510e-05
 largest correction to disp= 3.249300e-05 in node 28128 and dof 1

 no convergence

 iteration 3

 Using up to 4 cpu(s) for the symmetric stiffness/mass contributions.

 Factoring the system of equations using the symmetric spooles solver
 Using up to 4 cpu(s) for spooles.

 Using up to 4 cpu(s) for the stress calculation.

 average force= 0.000038
 time avg. forc= 0.100000
 largest residual force= 0.000000 in node 7795 and dof 1
 largest increment of disp= 8.893510e-05
 largest correction to disp= 2.010717e-06 in node 28063 and dof 1

 convergence; the increment size is increased to 3.000000e-02

 the increment size exceeds the maximum allowed and is decreased to 2.000000e-02

 Using up to 4 cpu(s) for the stress calculation.

 increment 26 attempt 1 
 increment size= 2.000000e-02
 sum of previous increments=3.912500e-01
 actual step time=4.112500e-01
 actual total time=4.112500e-01

 iteration 1

 Using up to 4 cpu(s) for the stress calculation.

 Using up to 4 cpu(s) for the symmetric stiffness/mass contributions.

 Factoring the system of equations using the symmetric spooles solver
 Using up to 4 cpu(s) for spooles.

 Using up to 4 cpu(s) for the stress calculation.

 average force= 0.000040
 time avg. forc= 0.100000
 largest residual force= 0.000020 in node 4163 and dof 1
 largest increment of disp= 7.880766e-05
 largest correction to disp= 2.888590e-05 in node 28173 and dof 1

 no convergence

 iteration 2

 Using up to 4 cpu(s) for the symmetric stiffness/mass contributions.

 Factoring the system of equations using the symmetric spooles solver
 Using up to 4 cpu(s) for spooles.

 Using up to 4 cpu(s) for the stress calculation.

 average force= 0.000040
 time avg. forc= 0.100000
 largest residual force= 0.000000 in node 1681 and dof 1
 largest increment of disp= 7.880766e-05
 largest correction to disp= 3.172193e-06 in node 28018 and dof 1

 convergence; the increment size is increased to 3.000000e-02

 the increment size exceeds the maximum allowed and is decreased to 2.000000e-02

 increment 27 attempt 1 
 increment size= 2.000000e-02
 sum of previous increments=4.112500e-01
 actual step time=4.312500e-01
 actual total time=4.312500e-01

 iteration 1

 Using up to 4 cpu(s) for the stress calculation.

 Using up to 4 cpu(s) for the symmetric stiffness/mass contributions.

 Factoring the system of equations using the symmetric spooles solver
 Using up to 4 cpu(s) for spooles.

 Using up to 4 cpu(s) for the stress calculation.

 average force= 0.000042
 time avg. forc= 0.100000
 largest residual force= 0.000010 in node 4162 and dof 1
 largest increment of disp= 6.041992e-05
 largest correction to disp= 1.400192e-05 in node 23689 and dof 1

 no convergence

 iteration 2

 Using up to 4 cpu(s) for the symmetric stiffness/mass contributions.

 Factoring the system of equations using the symmetric spooles solver
 Using up to 4 cpu(s) for spooles.

 Using up to 4 cpu(s) for the stress calculation.

 average force= 0.000042
 time avg. forc= 0.100000
 largest residual force= 0.000000 in node 1681 and dof 1
 largest increment of disp= 6.041992e-05
 largest correction to disp= 1.079082e-06 in node 14458 and dof 1

 convergence; the increment size is increased to 3.000000e-02

 the increment size exceeds the maximum allowed and is decreased to 2.000000e-02

 increment 28 attempt 1 
 increment size= 2.000000e-02
 sum of previous increments=4.312500e-01
 actual step time=4.512500e-01
 actual total time=4.512500e-01

 iteration 1

 Using up to 4 cpu(s) for the stress calculation.

 Using up to 4 cpu(s) for the symmetric stiffness/mass contributions.

 Factoring the system of equations using the symmetric spooles solver
 Using up to 4 cpu(s) for spooles.

 Using up to 4 cpu(s) for the stress calculation.

 average force= 0.000044
 time avg. forc= 0.100000
 largest residual force= 0.000009 in node 4162 and dof 1
 largest increment of disp= 6.121201e-05
 largest correction to disp= 9.603233e-06 in node 28078 and dof 1

 no convergence

 iteration 2

 Using up to 4 cpu(s) for the symmetric stiffness/mass contributions.

 Factoring the system of equations using the symmetric spooles solver
 Using up to 4 cpu(s) for spooles.

 Using up to 4 cpu(s) for the stress calculation.

 average force= 0.000044
 time avg. forc= 0.100000
 largest residual force= 0.000000 in node 4162 and dof 1
 largest increment of disp= 6.121201e-05
 largest correction to disp= 5.738763e-07 in node 14440 and dof 1

 convergence; the increment size is increased to 3.000000e-02

 the increment size exceeds the maximum allowed and is decreased to 2.000000e-02

 increment 29 attempt 1 
 increment size= 2.000000e-02
 sum of previous increments=4.512500e-01
 actual step time=4.712500e-01
 actual total time=4.712500e-01

 iteration 1

 Using up to 4 cpu(s) for the stress calculation.

 Using up to 4 cpu(s) for the symmetric stiffness/mass contributions.

 Factoring the system of equations using the symmetric spooles solver
 Using up to 4 cpu(s) for spooles.

 Using up to 4 cpu(s) for the stress calculation.

 average force= 0.000047
 time avg. forc= 0.100000
 largest residual force= 0.000006 in node 4161 and dof 1
 largest increment of disp= 6.299958e-05
 largest correction to disp= 1.588046e-05 in node 28051 and dof 1

 no convergence

 iteration 2

 Using up to 4 cpu(s) for the symmetric stiffness/mass contributions.

 Factoring the system of equations using the symmetric spooles solver
 Using up to 4 cpu(s) for spooles.

 Using up to 4 cpu(s) for the stress calculation.

 average force= 0.000047
 time avg. forc= 0.100000
 largest residual force= 0.000001 in node 4162 and dof 1
 largest increment of disp= 6.299958e-05
 largest correction to disp= 9.887301e-07 in node 28024 and dof 1

 convergence; the increment size is increased to 3.000000e-02

 the increment size exceeds the maximum allowed and is decreased to 2.000000e-02

 increment 30 attempt 1 
 increment size= 2.000000e-02
 sum of previous increments=4.712500e-01
 actual step time=4.912500e-01
 actual total time=4.912500e-01

 iteration 1

 Using up to 4 cpu(s) for the stress calculation.

 Using up to 4 cpu(s) for the symmetric stiffness/mass contributions.

 Factoring the system of equations using the symmetric spooles solver
 Using up to 4 cpu(s) for spooles.

 Using up to 4 cpu(s) for the stress calculation.

 average force= 0.000049
 time avg. forc= 0.100000
 largest residual force= 0.000025 in node 4857 and dof 1
 largest increment of disp= 7.164906e-05
 largest correction to disp= 7.164906e-05 in node 28051 and dof 1

 no convergence

 iteration 2

 Using up to 4 cpu(s) for the symmetric stiffness/mass contributions.

 Factoring the system of equations using the symmetric spooles solver
 Using up to 4 cpu(s) for spooles.

 Using up to 4 cpu(s) for the stress calculation.

 average force= 0.000049
 time avg. forc= 0.100000
 largest residual force= 0.000001 in node 7789 and dof 1
 largest increment of disp= 7.164906e-05
 largest correction to disp= 1.171447e-05 in node 28024 and dof 1

 no convergence

 iteration 3

 Using up to 4 cpu(s) for the symmetric stiffness/mass contributions.

 Factoring the system of equations using the symmetric spooles solver
 Using up to 4 cpu(s) for spooles.

 Using up to 4 cpu(s) for the stress calculation.

 average force= 0.000049
 time avg. forc= 0.100000
 largest residual force= 0.000000 in node 4857 and dof 1
 largest increment of disp= 7.164906e-05
 largest correction to disp= 6.706208e-06 in node 27997 and dof 1

 convergence; the increment size is increased to 3.000000e-02

 the increment size exceeds the maximum allowed and is decreased to 2.000000e-02

 Using up to 4 cpu(s) for the stress calculation.

 increment 31 attempt 1 
 increment size= 2.000000e-02
 sum of previous increments=4.912500e-01
 actual step time=5.112500e-01
 actual total time=5.112500e-01

 iteration 1

 Using up to 4 cpu(s) for the stress calculation.

 Using up to 4 cpu(s) for the symmetric stiffness/mass contributions.

 Factoring the system of equations using the symmetric spooles solver
 Using up to 4 cpu(s) for spooles.

 Using up to 4 cpu(s) for the stress calculation.

 average force= 0.000051
 time avg. forc= 0.100000
 largest residual force= 0.000035 in node 6436 and dof 1
 largest increment of disp= 1.220682e-04
 largest correction to disp= 7.587582e-05 in node 28168 and dof 1

 no convergence

 iteration 2

 Using up to 4 cpu(s) for the symmetric stiffness/mass contributions.

 Factoring the system of equations using the symmetric spooles solver
 Using up to 4 cpu(s) for spooles.

 Using up to 4 cpu(s) for the stress calculation.

 average force= 0.000051
 time avg. forc= 0.100000
 largest residual force= 0.000005 in node 4162 and dof 1
 largest increment of disp= 1.220682e-04
 largest correction to disp= 1.141563e-05 in node 27997 and dof 1

 no convergence

 iteration 3

 Using up to 4 cpu(s) for the symmetric stiffness/mass contributions.

 Factoring the system of equations using the symmetric spooles solver
 Using up to 4 cpu(s) for spooles.

 Using up to 4 cpu(s) for the stress calculation.

 average force= 0.000051
 time avg. forc= 0.100000
 largest residual force= 0.000000 in node 7783 and dof 1
 largest increment of disp= 1.220682e-04
 largest correction to disp= 1.015557e-06 in node 27997 and dof 1

 convergence; the increment size is increased to 3.000000e-02

 the increment size exceeds the maximum allowed and is decreased to 2.000000e-02

 increment 32 attempt 1 
 increment size= 2.000000e-02
 sum of previous increments=5.112500e-01
 actual step time=5.312500e-01
 actual total time=5.312500e-01

 iteration 1

 Using up to 4 cpu(s) for the stress calculation.

 Using up to 4 cpu(s) for the symmetric stiffness/mass contributions.

 Factoring the system of equations using the symmetric spooles solver
 Using up to 4 cpu(s) for spooles.

 Using up to 4 cpu(s) for the stress calculation.

 average force= 0.000053
 time avg. forc= 0.100000
 largest residual force= 0.000030 in node 7801 and dof 1
 largest increment of disp= 1.200927e-04
 largest correction to disp= 4.623616e-05 in node 28063 and dof 1

 no convergence

 iteration 2

 Using up to 4 cpu(s) for the symmetric stiffness/mass contributions.

 Factoring the system of equations using the symmetric spooles solver
 Using up to 4 cpu(s) for spooles.

 Using up to 4 cpu(s) for the stress calculation.

 average force= 0.000053
 time avg. forc= 0.100000
 largest residual force= 0.000005 in node 7781 and dof 1
 largest increment of disp= 1.200927e-04
 largest correction to disp= 1.626586e-05 in node 27997 and dof 1

 no convergence

 iteration 3

 Using up to 4 cpu(s) for the symmetric stiffness/mass contributions.

 Factoring the system of equations using the symmetric spooles solver
 Using up to 4 cpu(s) for spooles.

 Using up to 4 cpu(s) for the stress calculation.

 average force= 0.000053
 time avg. forc= 0.100000
 largest residual force= 0.000000 in node 7789 and dof 1
 largest increment of disp= 1.200927e-04
 largest correction to disp= 9.197531e-07 in node 28024 and dof 1

 convergence; the increment size is increased to 3.000000e-02

 the increment size exceeds the maximum allowed and is decreased to 2.000000e-02

 increment 33 attempt 1 
 increment size= 2.000000e-02
 sum of previous increments=5.312500e-01
 actual step time=5.512500e-01
 actual total time=5.512500e-01

 iteration 1

 Using up to 4 cpu(s) for the stress calculation.

 Using up to 4 cpu(s) for the symmetric stiffness/mass contributions.

 Factoring the system of equations using the symmetric spooles solver
 Using up to 4 cpu(s) for spooles.

 Using up to 4 cpu(s) for the stress calculation.

 average force= 0.000055
 time avg. forc= 0.100000
 largest residual force= 0.000146 in node 28124 and dof 1
 largest increment of disp= 9.322099e-05
 largest correction to disp= 9.159234e-05 in node 23788 and dof 1

 no convergence

 iteration 2

 Using up to 4 cpu(s) for the symmetric stiffness/mass contributions.

 Factoring the system of equations using the symmetric spooles solver
 Using up to 4 cpu(s) for spooles.

 Using up to 4 cpu(s) for the stress calculation.

 average force= 0.000056
 time avg. forc= 0.100000
 largest residual force= 0.001920 in node 6394 and dof 3
 largest increment of disp= 2.580366e-04
 largest correction to disp= 2.580366e-04 in node 28069 and dof 3

 no convergence

 iteration 3

 Using up to 4 cpu(s) for the symmetric stiffness/mass contributions.

 Factoring the system of equations using the symmetric spooles solver
 Using up to 4 cpu(s) for spooles.

 Using up to 4 cpu(s) for the stress calculation.

 average force= 0.000065
 time avg. forc= 0.100000
 largest residual force= 0.086215 in node 23841 and dof 2
 largest increment of disp= 1.900031e-03
 largest correction to disp= 1.900031e-03 in node 23788 and dof 1

 no convergence

 iteration 4

 Using up to 4 cpu(s) for the symmetric stiffness/mass contributions.

 Factoring the system of equations using the symmetric spooles solver
 Using up to 4 cpu(s) for spooles.

 Using up to 4 cpu(s) for the stress calculation.

 average force= 0.014335
 time avg. forc= 0.100000
 largest residual force= 784.908826 in node 23870 and dof 2
 largest increment of disp= 2.597020e-03
 largest correction to disp= 2.597020e-03 in node 23932 and dof 1

 no convergence

 iteration 5

 Using up to 4 cpu(s) for the symmetric stiffness/mass contributions.

 Factoring the system of equations using the symmetric spooles solver
 Using up to 4 cpu(s) for spooles.

 Using up to 4 cpu(s) for the stress calculation.

 average force= 1.759117
 time avg. forc= 0.100000
 largest residual force= 19450.423857 in node 23690 and dof 2
 largest increment of disp= 2.984747e-02
 largest correction to disp= 2.984747e-02 in node 23788 and dof 1

 no convergence

 iteration 6

 Using up to 4 cpu(s) for the symmetric stiffness/mass contributions.

 Factoring the system of equations using the symmetric spooles solver
 Using up to 4 cpu(s) for spooles.

 Using up to 4 cpu(s) for the stress calculation.

 average force= 53452.419212
 time avg. forc= 0.100000
 largest residual force= 1254861735.569767 in node 21191 and dof 1
 largest increment of disp= 7.979555e-02
 largest correction to disp= 7.979555e-02 in node 14518 and dof 2

 no convergence

 iteration 7

 Using up to 4 cpu(s) for the symmetric stiffness/mass contributions.

 Factoring the system of equations using the symmetric spooles solver
 Using up to 4 cpu(s) for spooles.

 Using up to 4 cpu(s) for the stress calculation.

 average force= 541053799.466887
 time avg. forc= 0.100000
 largest residual force= 15837967366583.500000 in node 18038 and dof 1
 largest increment of disp= 7.430677e-01
 largest correction to disp= 7.430677e-01 in node 27682 and dof 2

 no convergence

 iteration 8

 Using up to 4 cpu(s) for the symmetric stiffness/mass contributions.

 Factoring the system of equations using the symmetric spooles solver
 Using up to 4 cpu(s) for spooles.

 Using up to 4 cpu(s) for the stress calculation.

 average force= 18993777670844839886848.000000
 time avg. forc= 0.100000
 largest residual force= 1991464207316414677349564416.000000 in node 28376 and dof 2
 largest increment of disp= 9.814524e+02
 largest correction to disp= 9.814524e+02 in node 28375 and dof 1

 divergence; the increment size is decreased to 5.000000e-03
 the increment is reattempted

 increment 33 attempt 2 
 increment size= 5.000000e-03
 sum of previous increments=5.312500e-01
 actual step time=5.362500e-01
 actual total time=5.362500e-01

 iteration 1

 Using up to 4 cpu(s) for the stress calculation.

 Using up to 4 cpu(s) for the symmetric stiffness/mass contributions.

 Factoring the system of equations using the symmetric spooles solver
 Using up to 4 cpu(s) for spooles.

 Using up to 4 cpu(s) for the stress calculation.

 average force= 0.000054
 time avg. forc= 0.100000
 largest residual force= 0.000003 in node 7797 and dof 1
 largest increment of disp= 2.330525e-05
 largest correction to disp= 8.082535e-06 in node 28122 and dof 1

 no convergence

 iteration 2

 Using up to 4 cpu(s) for the symmetric stiffness/mass contributions.

 Factoring the system of equations using the symmetric spooles solver
 Using up to 4 cpu(s) for spooles.

 Using up to 4 cpu(s) for the stress calculation.

 average force= 0.000054
 time avg. forc= 0.100000
 largest residual force= 0.000000 in node 6394 and dof 1
 largest increment of disp= 2.330525e-05
 largest correction to disp= 3.478778e-06 in node 28114 and dof 2

 convergence

 increment 34 attempt 1 
 increment size= 5.000000e-03
 sum of previous increments=5.362500e-01
 actual step time=5.412500e-01
 actual total time=5.412500e-01

 iteration 1

 Using up to 4 cpu(s) for the stress calculation.

 Using up to 4 cpu(s) for the symmetric stiffness/mass contributions.

 Factoring the system of equations using the symmetric spooles solver
 Using up to 4 cpu(s) for spooles.

 Using up to 4 cpu(s) for the stress calculation.

 average force= 0.000054
 time avg. forc= 0.100000
 largest residual force= 0.000222 in node 6394 and dof 1
 largest increment of disp= 7.363651e-05
 largest correction to disp= 7.363651e-05 in node 28123 and dof 2

 no convergence

 iteration 2

 Using up to 4 cpu(s) for the symmetric stiffness/mass contributions.

 Factoring the system of equations using the symmetric spooles solver
 Using up to 4 cpu(s) for spooles.

 Using up to 4 cpu(s) for the stress calculation.

 average force= 0.000054
 time avg. forc= 0.100000
 largest residual force= 0.000176 in node 4905 and dof 1
 largest increment of disp= 1.462844e-04
 largest correction to disp= 1.462844e-04 in node 28177 and dof 1

 no convergence

 iteration 3

 Using up to 4 cpu(s) for the symmetric stiffness/mass contributions.

 Factoring the system of equations using the symmetric spooles solver
 Using up to 4 cpu(s) for spooles.

 Using up to 4 cpu(s) for the stress calculation.

 average force= 0.000054
 time avg. forc= 0.100000
 largest residual force= 0.000075 in node 4168 and dof 1
 largest increment of disp= 1.462844e-04
 largest correction to disp= 9.934103e-05 in node 23788 and dof 1

 no convergence

 iteration 4

 Using up to 4 cpu(s) for the symmetric stiffness/mass contributions.

 Factoring the system of equations using the symmetric spooles solver
 Using up to 4 cpu(s) for spooles.

 Using up to 4 cpu(s) for the stress calculation.

 average force= 0.000054
 time avg. forc= 0.100000
 largest residual force= 0.000140 in node 6436 and dof 1
 largest increment of disp= 1.462844e-04
 largest correction to disp= 1.445061e-04 in node 28168 and dof 1

 no convergence

 iteration 5

 Using up to 4 cpu(s) for the symmetric stiffness/mass contributions.

 Factoring the system of equations using the symmetric spooles solver
 Using up to 4 cpu(s) for spooles.

 Using up to 4 cpu(s) for the stress calculation.

 average force= 0.000054
 time avg. forc= 0.100000
 largest residual force= 0.000007 in node 4155 and dof 1
 largest increment of disp= 1.462844e-04
 largest correction to disp= 3.695444e-05 in node 28231 and dof 1

 no convergence

 iteration 6

 Using up to 4 cpu(s) for the symmetric stiffness/mass contributions.

 Factoring the system of equations using the symmetric spooles solver
 Using up to 4 cpu(s) for spooles.

 Using up to 4 cpu(s) for the stress calculation.

 average force= 0.000054
 time avg. forc= 0.100000
 largest residual force= 0.001601 in node 6436 and dof 1
 largest increment of disp= 5.407126e-04
 largest correction to disp= 5.407126e-04 in node 28168 and dof 1

 no convergence

 iteration 7

 Using up to 4 cpu(s) for the symmetric stiffness/mass contributions.

 Factoring the system of equations using the symmetric spooles solver
 Using up to 4 cpu(s) for spooles.

 Using up to 4 cpu(s) for the stress calculation.

 average force= 0.000055
 time avg. forc= 0.100000
 largest residual force= 0.005312 in node 28115 and dof 3
 largest increment of disp= 5.407126e-04
 largest correction to disp= 4.967978e-04 in node 28114 and dof 2

 no convergence

 iteration 8

 Using up to 4 cpu(s) for the symmetric stiffness/mass contributions.

 Factoring the system of equations using the symmetric spooles solver
 Using up to 4 cpu(s) for spooles.

 Using up to 4 cpu(s) for the stress calculation.

 average force= 0.000076
 time avg. forc= 0.100000
 largest residual force= 0.160041 in node 28115 and dof 3
 largest increment of disp= 2.580717e-03
 largest correction to disp= 2.580717e-03 in node 28018 and dof 1

 divergence; the increment size is decreased to 1.250000e-03
 the increment is reattempted

 increment 34 attempt 2 
 increment size= 1.250000e-03
 sum of previous increments=5.362500e-01
 actual step time=5.375000e-01
 actual total time=5.375000e-01

 iteration 1

 Using up to 4 cpu(s) for the stress calculation.

 Using up to 4 cpu(s) for the symmetric stiffness/mass contributions.

 Factoring the system of equations using the symmetric spooles solver
 Using up to 4 cpu(s) for spooles.

 Using up to 4 cpu(s) for the stress calculation.

 average force= 0.000054
 time avg. forc= 0.100000
 largest residual force= 0.000002 in node 6394 and dof 1
 largest increment of disp= 7.218474e-06
 largest correction to disp= 7.218474e-06 in node 28122 and dof 1

 no convergence

 iteration 2

 Using up to 4 cpu(s) for the symmetric stiffness/mass contributions.

 Factoring the system of equations using the symmetric spooles solver
 Using up to 4 cpu(s) for spooles.

 Using up to 4 cpu(s) for the stress calculation.

 average force= 0.000054
 time avg. forc= 0.100000
 largest residual force= 0.000002 in node 6394 and dof 1
 largest increment of disp= 7.218474e-06
 largest correction to disp= 6.813107e-06 in node 28114 and dof 2

 no convergence

 iteration 3

 Using up to 4 cpu(s) for the symmetric stiffness/mass contributions.

 Factoring the system of equations using the symmetric spooles solver
 Using up to 4 cpu(s) for spooles.

 Using up to 4 cpu(s) for the stress calculation.

 average force= 0.000054
 time avg. forc= 0.100000
 largest residual force= 0.000002 in node 7803 and dof 1
 largest increment of disp= 7.218474e-06
 largest correction to disp= 5.523964e-06 in node 28114 and dof 2

 no convergence

 iteration 4

 Using up to 4 cpu(s) for the symmetric stiffness/mass contributions.

 Factoring the system of equations using the symmetric spooles solver
 Using up to 4 cpu(s) for spooles.

 Using up to 4 cpu(s) for the stress calculation.

 average force= 0.000054
 time avg. forc= 0.100000
 largest residual force= 0.000006 in node 7803 and dof 1
 largest increment of disp= 1.089251e-05
 largest correction to disp= 1.089251e-05 in node 28123 and dof 2

 no convergence

 iteration 5

 Using up to 4 cpu(s) for the symmetric stiffness/mass contributions.

 Factoring the system of equations using the symmetric spooles solver
 Using up to 4 cpu(s) for spooles.

 Using up to 4 cpu(s) for the stress calculation.

 average force= 0.000054
 time avg. forc= 0.100000
 largest residual force= 0.000002 in node 7795 and dof 1
 largest increment of disp= 1.089251e-05
 largest correction to disp= 4.265040e-06 in node 28123 and dof 2

 no convergence

 iteration 6

 Using up to 4 cpu(s) for the symmetric stiffness/mass contributions.

 Factoring the system of equations using the symmetric spooles solver
 Using up to 4 cpu(s) for spooles.

 Using up to 4 cpu(s) for the stress calculation.

 average force= 0.000054
 time avg. forc= 0.100000
 largest residual force= 0.000001 in node 6394 and dof 1
 largest increment of disp= 1.089251e-05
 largest correction to disp= 5.788694e-06 in node 28123 and dof 2

 no convergence

 iteration 7

 Using up to 4 cpu(s) for the symmetric stiffness/mass contributions.

 Factoring the system of equations using the symmetric spooles solver
 Using up to 4 cpu(s) for spooles.

 Using up to 4 cpu(s) for the stress calculation.

 average force= 0.000054
 time avg. forc= 0.100000
 largest residual force= 0.000007 in node 6394 and dof 1
 largest increment of disp= 1.291708e-05
 largest correction to disp= 1.291708e-05 in node 28114 and dof 2

 no convergence

 iteration 8

 Using up to 4 cpu(s) for the symmetric stiffness/mass contributions.

 Factoring the system of equations using the symmetric spooles solver
 Using up to 4 cpu(s) for spooles.

 Using up to 4 cpu(s) for the stress calculation.

 average force= 0.000054
 time avg. forc= 0.100000
 largest residual force= 0.000003 in node 7795 and dof 1
 largest increment of disp= 1.291708e-05
 largest correction to disp= 5.800157e-06 in node 28114 and dof 2

 no convergence

 iteration 9

 Using up to 4 cpu(s) for the symmetric stiffness/mass contributions.

 Factoring the system of equations using the symmetric spooles solver
 Using up to 4 cpu(s) for spooles.

 Using up to 4 cpu(s) for the stress calculation.

 average force= 0.000054
 time avg. forc= 0.100000
 largest residual force= 0.000001 in node 6394 and dof 1
 largest increment of disp= 1.291708e-05
 largest correction to disp= 5.564062e-06 in node 28123 and dof 2

 no convergence

 iteration 10

 Using up to 4 cpu(s) for the symmetric stiffness/mass contributions.

 Factoring the system of equations using the symmetric spooles solver
 Using up to 4 cpu(s) for spooles.

 Using up to 4 cpu(s) for the stress calculation.

 average force= 0.000054
 time avg. forc= 0.100000
 largest residual force= 0.000111 in node 6394 and dof 1
 largest increment of disp= 5.106293e-05
 largest correction to disp= 5.106293e-05 in node 28123 and dof 2

 no convergence

 iteration 11

 Using up to 4 cpu(s) for the symmetric stiffness/mass contributions.

 Factoring the system of equations using the symmetric spooles solver
 Using up to 4 cpu(s) for spooles.

 Using up to 4 cpu(s) for the stress calculation.

 average force= 0.000054
 time avg. forc= 0.100000
 largest residual force= 0.000145 in node 6394 and dof 1
 largest increment of disp= 7.016120e-05
 largest correction to disp= 7.016120e-05 in node 23860 and dof 1

 no convergence

 iteration 12

 Using up to 4 cpu(s) for the symmetric stiffness/mass contributions.

 Factoring the system of equations using the symmetric spooles solver
 Using up to 4 cpu(s) for spooles.

 Using up to 4 cpu(s) for the stress calculation.

 average force= 0.000054
 time avg. forc= 0.100000
 largest residual force= 0.000031 in node 4926 and dof 1
 largest increment of disp= 7.105597e-05
 largest correction to disp= 7.105597e-05 in node 28177 and dof 1

 no convergence

 iteration 13

 Using up to 4 cpu(s) for the symmetric stiffness/mass contributions.

 Factoring the system of equations using the symmetric spooles solver
 Using up to 4 cpu(s) for spooles.

 Using up to 4 cpu(s) for the stress calculation.

 average force= 0.000054
 time avg. forc= 0.100000
 largest residual force= 0.000010 in node 6415 and dof 1
 largest increment of disp= 7.105597e-05
 largest correction to disp= 3.608799e-05 in node 28168 and dof 1

 no convergence

 iteration 14

 Using up to 4 cpu(s) for the symmetric stiffness/mass contributions.

 Factoring the system of equations using the symmetric spooles solver
 Using up to 4 cpu(s) for spooles.

 Using up to 4 cpu(s) for the stress calculation.

 average force= 0.000054
 time avg. forc= 0.100000
 largest residual force= 0.000017 in node 6436 and dof 1
 largest increment of disp= 7.105597e-05
 largest correction to disp= 4.970016e-05 in node 28168 and dof 1

 no convergence

 iteration 15

 Using up to 4 cpu(s) for the symmetric stiffness/mass contributions.

 Factoring the system of equations using the symmetric spooles solver
 Using up to 4 cpu(s) for spooles.

 Using up to 4 cpu(s) for the stress calculation.

 average force= 0.000054
 time avg. forc= 0.100000
 largest residual force= 0.000017 in node 6436 and dof 1
 largest increment of disp= 7.105597e-05
 largest correction to disp= 5.116988e-05 in node 28177 and dof 1

 no convergence

 iteration 16

 Using up to 4 cpu(s) for the symmetric stiffness/mass contributions.

 Factoring the system of equations using the symmetric spooles solver
 Using up to 4 cpu(s) for spooles.

 Using up to 4 cpu(s) for the stress calculation.

 average force= 0.000054
 time avg. forc= 0.100000
 largest residual force= 0.000103 in node 6436 and dof 1
 largest increment of disp= 1.258800e-04
 largest correction to disp= 1.258800e-04 in node 28168 and dof 1

 no convergence

 iteration 17

 Using up to 4 cpu(s) for the symmetric stiffness/mass contributions.

 Factoring the system of equations using the symmetric spooles solver
 Using up to 4 cpu(s) for spooles.

 Using up to 4 cpu(s) for the stress calculation.

 average force= 0.000054
 time avg. forc= 0.100000
 largest residual force= 0.000003 in node 6436 and dof 1
 largest increment of disp= 1.258800e-04
 largest correction to disp= 1.168318e-05 in node 28285 and dof 1

convergence

 increment 35 attempt 1 
 increment size= 1.250000e-03
 sum of previous increments=5.375000e-01
 actual step time=5.387500e-01
 actual total time=5.387500e-01

 iteration 1

 Using up to 4 cpu(s) for the stress calculation.

 Using up to 4 cpu(s) for the symmetric stiffness/mass contributions.

 Factoring the system of equations using the symmetric spooles solver
 Using up to 4 cpu(s) for spooles.

 Using up to 4 cpu(s) for the stress calculation.

 average force= 0.000056
 time avg. forc= 0.100000
 largest residual force= 0.031787 in node 28061 and dof 2
 largest increment of disp= 8.593836e-04
 largest correction to disp= 8.593836e-04 in node 28182 and dof 1

 no convergence

 iteration 2

 Using up to 4 cpu(s) for the symmetric stiffness/mass contributions.

 Factoring the system of equations using the symmetric spooles solver
 Using up to 4 cpu(s) for spooles.

 Using up to 4 cpu(s) for the stress calculation.

 average force= 0.000224
 time avg. forc= 0.100000
 largest residual force= 4.504855 in node 23804 and dof 3
 largest increment of disp= 2.294345e-03
 largest correction to disp= 2.294345e-03 in node 23754 and dof 1

 no convergence

 iteration 3

 Using up to 4 cpu(s) for the symmetric stiffness/mass contributions.

 Factoring the system of equations using the symmetric spooles solver
 Using up to 4 cpu(s) for spooles.

 Using up to 4 cpu(s) for the stress calculation.

 average force= 0.054400
 time avg. forc= 0.100000
 largest residual force= 1097.777474 in node 23915 and dof 2
 largest increment of disp= 1.552247e-02
 largest correction to disp= 1.552247e-02 in node 23749 and dof 3

 no convergence

 iteration 4

 Using up to 4 cpu(s) for the symmetric stiffness/mass contributions.

 Factoring the system of equations using the symmetric spooles solver
 Using up to 4 cpu(s) for spooles.

 Using up to 4 cpu(s) for the stress calculation.

 average force= 5582.718985
 time avg. forc= 0.100000
 largest residual force= 152165316.651844 in node 28200 and dof 2
 largest increment of disp= 1.420815e-01
 largest correction to disp= 1.420815e-01 in node 23929 and dof 1

 no convergence

 iteration 5

 Using up to 4 cpu(s) for the symmetric stiffness/mass contributions.

 Factoring the system of equations using the symmetric spooles solver
 Using up to 4 cpu(s) for spooles.

 Using up to 4 cpu(s) for the stress calculation.

 average force= 11005548.132130
 time avg. forc= 0.100000
 largest residual force= 241432658517.502106 in node 13853 and dof 1
 largest increment of disp= 3.120337e-01
 largest correction to disp= 3.120337e-01 in node 24427 and dof 1

 no convergence

 iteration 6

 Using up to 4 cpu(s) for the symmetric stiffness/mass contributions.

 Factoring the system of equations using the symmetric spooles solver
 Using up to 4 cpu(s) for spooles.

 Using up to 4 cpu(s) for the stress calculation.

 average force= 57427061388260808.000000
 time avg. forc= 0.100000
 largest residual force= 4038867011709641949184.000000 in node 15059 and dof 3
 largest increment of disp= 5.560694e+01
 largest correction to disp= 5.560694e+01 in node 30706 and dof 1

 divergence; the increment size is decreased to 3.125000e-04
 the increment is reattempted

 increment 35 attempt 2 
 increment size= 3.125000e-04
 sum of previous increments=5.375000e-01
 actual step time=5.378125e-01
 actual total time=5.378125e-01

 iteration 1

 Using up to 4 cpu(s) for the stress calculation.

 Using up to 4 cpu(s) for the symmetric stiffness/mass contributions.

 Factoring the system of equations using the symmetric spooles solver
 Using up to 4 cpu(s) for spooles.

 Using up to 4 cpu(s) for the stress calculation.

 average force= 0.000054
 time avg. forc= 0.100000
 largest residual force= 0.000272 in node 4881 and dof 2
 largest increment of disp= 2.154465e-04
 largest correction to disp= 2.154465e-04 in node 28114 and dof 2

 no convergence

 iteration 2

 Using up to 4 cpu(s) for the symmetric stiffness/mass contributions.

 Factoring the system of equations using the symmetric spooles solver
 Using up to 4 cpu(s) for spooles.

 Using up to 4 cpu(s) for the stress calculation.

 average force= 0.000054
 time avg. forc= 0.100000
 largest residual force= 0.000116 in node 6394 and dof 1
 largest increment of disp= 2.154465e-04
 largest correction to disp= 1.213243e-04 in node 23754 and dof 1

 no convergence

 iteration 3

 Using up to 4 cpu(s) for the symmetric stiffness/mass contributions.

 Factoring the system of equations using the symmetric spooles solver
 Using up to 4 cpu(s) for spooles.

 Using up to 4 cpu(s) for the stress calculation.

 average force= 0.000054
 time avg. forc= 0.100000
 largest residual force= 0.001072 in node 4161 and dof 1
 largest increment of disp= 4.563936e-04
 largest correction to disp= 4.563936e-04 in node 23815 and dof 1

 no convergence

 iteration 4

 Using up to 4 cpu(s) for the symmetric stiffness/mass contributions.

 Factoring the system of equations using the symmetric spooles solver
 Using up to 4 cpu(s) for spooles.

 Using up to 4 cpu(s) for the stress calculation.

 average force= 0.000054
 time avg. forc= 0.100000
 largest residual force= 0.002348 in node 4905 and dof 3
 largest increment of disp= 4.563936e-04
 largest correction to disp= 4.207980e-04 in node 28177 and dof 2

 no convergence

 iteration 5

 Using up to 4 cpu(s) for the symmetric stiffness/mass contributions.

 Factoring the system of equations using the symmetric spooles solver
 Using up to 4 cpu(s) for spooles.

 Using up to 4 cpu(s) for the stress calculation.

 average force= 0.000054
 time avg. forc= 0.100000
 largest residual force= 0.001179 in node 6436 and dof 1
 largest increment of disp= 4.563936e-04
 largest correction to disp= 2.291698e-04 in node 28173 and dof 1

 no convergence

 iteration 6

 Using up to 4 cpu(s) for the symmetric stiffness/mass contributions.

 Factoring the system of equations using the symmetric spooles solver
 Using up to 4 cpu(s) for spooles.

 Using up to 4 cpu(s) for the stress calculation.

 average force= 0.000470
 time avg. forc= 0.100000
 largest residual force= 3.562559 in node 4879 and dof 2
 largest increment of disp= 8.669977e-03
 largest correction to disp= 8.669977e-03 in node 23743 and dof 1

 no convergence

 iteration 7

 Using up to 4 cpu(s) for the symmetric stiffness/mass contributions.

 Factoring the system of equations using the symmetric spooles solver
 Using up to 4 cpu(s) for spooles.

 Using up to 4 cpu(s) for the stress calculation.

 average force= 1.638928
 time avg. forc= 0.100000
 largest residual force= 14886.533577 in node 28057 and dof 1
 largest increment of disp= 3.707573e-02
 largest correction to disp= 3.707573e-02 in node 28240 and dof 2

 no convergence

 iteration 8

 Using up to 4 cpu(s) for the symmetric stiffness/mass contributions.

 Factoring the system of equations using the symmetric spooles solver
 Using up to 4 cpu(s) for spooles.

 Using up to 4 cpu(s) for the stress calculation.

 average force= 65308828.011297
 time avg. forc= 0.100000
 largest residual force= 718371871289.751343 in node 31166 and dof 1
 largest increment of disp= 8.084582e-01
 largest correction to disp= 8.084582e-01 in node 31165 and dof 2

 divergence; the increment size is decreased to 7.812500e-05
 the increment is reattempted

 increment 35 attempt 3 
 increment size= 7.812500e-05
 sum of previous increments=5.375000e-01
 actual step time=5.375781e-01
 actual total time=5.375781e-01

 iteration 1

 Using up to 4 cpu(s) for the stress calculation.

 Using up to 4 cpu(s) for the symmetric stiffness/mass contributions.

 Factoring the system of equations using the symmetric spooles solver
 Using up to 4 cpu(s) for spooles.

 Using up to 4 cpu(s) for the stress calculation.

 average force= 0.000054
 time avg. forc= 0.100000
 largest residual force= 0.000002 in node 4884 and dof 3
 largest increment of disp= 2.311460e-05
 largest correction to disp= 1.324105e-05 in node 28222 and dof 1

 no convergence

 iteration 2

 Using up to 4 cpu(s) for the symmetric stiffness/mass contributions.

 Factoring the system of equations using the symmetric spooles solver
 Using up to 4 cpu(s) for spooles.

 Using up to 4 cpu(s) for the stress calculation.

 average force= 0.000054
 time avg. forc= 0.100000
 largest residual force= 0.000000 in node 6436 and dof 1
 largest increment of disp= 2.311460e-05
 largest correction to disp= 4.467483e-06 in node 28177 and dof 1

 convergence

 Using up to 4 cpu(s) for the stress calculation.

 increment 36 attempt 1 
 increment size= 7.812500e-05
 sum of previous increments=5.375781e-01
 actual step time=5.376563e-01
 actual total time=5.376563e-01

 iteration 1

 Using up to 4 cpu(s) for the stress calculation.

 Using up to 4 cpu(s) for the symmetric stiffness/mass contributions.

 Factoring the system of equations using the symmetric spooles solver
 Using up to 4 cpu(s) for spooles.

 Using up to 4 cpu(s) for the stress calculation.

 average force= 0.000054
 time avg. forc= 0.100000
 largest residual force= 0.000004 in node 6436 and dof 1
 largest increment of disp= 4.043002e-05
 largest correction to disp= 2.264039e-05 in node 28168 and dof 1

 no convergence

 iteration 2

 Using up to 4 cpu(s) for the symmetric stiffness/mass contributions.

 Factoring the system of equations using the symmetric spooles solver
 Using up to 4 cpu(s) for spooles.

 Using up to 4 cpu(s) for the stress calculation.

 average force= 0.000054
 time avg. forc= 0.100000
 largest residual force= 0.000002 in node 6436 and dof 1
 largest increment of disp= 4.043002e-05
 largest correction to disp= 1.418937e-05 in node 28168 and dof 1

 no convergence

 iteration 3

 Using up to 4 cpu(s) for the symmetric stiffness/mass contributions.

 Factoring the system of equations using the symmetric spooles solver
 Using up to 4 cpu(s) for spooles.

 Using up to 4 cpu(s) for the stress calculation.

 average force= 0.000054
 time avg. forc= 0.100000
 largest residual force= 0.000000 in node 6436 and dof 1
 largest increment of disp= 4.043002e-05
 largest correction to disp= 2.127485e-06 in node 28177 and dof 1

 convergence; the increment size is increased to 1.171875e-04

 increment 37 attempt 1 
 increment size= 1.171875e-04
 sum of previous increments=5.376563e-01
 actual step time=5.377734e-01
 actual total time=5.377734e-01

 iteration 1

 Using up to 4 cpu(s) for the stress calculation.

 Using up to 4 cpu(s) for the symmetric stiffness/mass contributions.

 Factoring the system of equations using the symmetric spooles solver
 Using up to 4 cpu(s) for spooles.

 Using up to 4 cpu(s) for the stress calculation.

 average force= 0.000054
 time avg. forc= 0.100000
 largest residual force= 0.000000 in node 7797 and dof 1
 largest increment of disp= 2.209154e-06
 largest correction to disp= 1.025160e-06 in node 28177 and dof 1

 no convergence

 iteration 2

 Using up to 4 cpu(s) for the symmetric stiffness/mass contributions.

 Factoring the system of equations using the symmetric spooles solver
 Using up to 4 cpu(s) for spooles.

 Using up to 4 cpu(s) for the stress calculation.

 average force= 0.000054
 time avg. forc= 0.100000
 largest residual force= 0.000000 in node 7801 and dof 1
 largest increment of disp= 2.209154e-06
 largest correction to disp= 4.371674e-07 in node 28168 and dof 1

 convergence; the increment size is increased to 1.757812e-04

 increment 38 attempt 1 
 increment size= 1.757812e-04
 sum of previous increments=5.377734e-01
 actual step time=5.379492e-01
 actual total time=5.379492e-01

 iteration 1

 Using up to 4 cpu(s) for the stress calculation.

 Using up to 4 cpu(s) for the symmetric stiffness/mass contributions.

 Factoring the system of equations using the symmetric spooles solver
 Using up to 4 cpu(s) for spooles.

 Using up to 4 cpu(s) for the stress calculation.

 average force= 0.000054
 time avg. forc= 0.100000
 largest residual force= 0.000000 in node 7801 and dof 1
 largest increment of disp= 4.195721e-06
 largest correction to disp= 3.106374e-07 in node 28168 and dof 1

 no convergence

 iteration 2

 Using up to 4 cpu(s) for the symmetric stiffness/mass contributions.

 Factoring the system of equations using the symmetric spooles solver
 Using up to 4 cpu(s) for spooles.

 Using up to 4 cpu(s) for the stress calculation.

 average force= 0.000054
 time avg. forc= 0.100000
 largest residual force= 0.000000 in node 7797 and dof 1
 largest increment of disp= 4.195721e-06
 largest correction to disp= 1.208833e-07 in node 28177 and dof 1

 convergence; the increment size is increased to 2.636719e-04

 increment 39 attempt 1 
 increment size= 2.636719e-04
 sum of previous increments=5.379492e-01
 actual step time=5.382129e-01
 actual total time=5.382129e-01

 iteration 1

 Using up to 4 cpu(s) for the stress calculation.

 Using up to 4 cpu(s) for the symmetric stiffness/mass contributions.

 Factoring the system of equations using the symmetric spooles solver
 Using up to 4 cpu(s) for spooles.

 Using up to 4 cpu(s) for the stress calculation.

 average force= 0.000054
 time avg. forc= 0.100000
 largest residual force= 0.000000 in node 6436 and dof 1
 largest increment of disp= 6.578212e-06
 largest correction to disp= 5.959314e-07 in node 28168 and dof 1

 no convergence

 iteration 2

 Using up to 4 cpu(s) for the symmetric stiffness/mass contributions.

 Factoring the system of equations using the symmetric spooles solver
 Using up to 4 cpu(s) for spooles.

 Using up to 4 cpu(s) for the stress calculation.

 average force= 0.000054
 time avg. forc= 0.100000
 largest residual force= 0.000000 in node 7797 and dof 1
 largest increment of disp= 6.578212e-06
 largest correction to disp= 9.227610e-08 in node 28177 and dof 1

 convergence; the increment size is increased to 3.955078e-04

 increment 40 attempt 1 
 increment size= 3.955078e-04
 sum of previous increments=5.382129e-01
 actual step time=5.386084e-01
 actual total time=5.386084e-01

 iteration 1

 Using up to 4 cpu(s) for the stress calculation.

 Using up to 4 cpu(s) for the symmetric stiffness/mass contributions.

 Factoring the system of equations using the symmetric spooles solver
 Using up to 4 cpu(s) for spooles.

 Using up to 4 cpu(s) for the stress calculation.

 average force= 0.000054
 time avg. forc= 0.100000
 largest residual force= 0.000000 in node 6436 and dof 1
 largest increment of disp= 9.111835e-06
 largest correction to disp= 1.007934e-06 in node 28177 and dof 1

 no convergence

 iteration 2

 Using up to 4 cpu(s) for the symmetric stiffness/mass contributions.

 Factoring the system of equations using the symmetric spooles solver
 Using up to 4 cpu(s) for spooles.

 Using up to 4 cpu(s) for the stress calculation.

 average force= 0.000054
 time avg. forc= 0.100000
 largest residual force= 0.000000 in node 7801 and dof 1
 largest increment of disp= 9.111835e-06
 largest correction to disp= 1.192497e-07 in node 28168 and dof 1

 convergence; the increment size is increased to 5.932617e-04

 Using up to 4 cpu(s) for the stress calculation.

 increment 41 attempt 1 
 increment size= 5.932617e-04
 sum of previous increments=5.386084e-01
 actual step time=5.392017e-01
 actual total time=5.392017e-01

 iteration 1

 Using up to 4 cpu(s) for the stress calculation.

 Using up to 4 cpu(s) for the symmetric stiffness/mass contributions.

 Factoring the system of equations using the symmetric spooles solver
 Using up to 4 cpu(s) for spooles.

 Using up to 4 cpu(s) for the stress calculation.

 average force= 0.000054
 time avg. forc= 0.100000
 largest residual force= 0.000000 in node 6436 and dof 1
 largest increment of disp= 1.233473e-05
 largest correction to disp= 1.526661e-06 in node 28168 and dof 1

 no convergence

 iteration 2

 Using up to 4 cpu(s) for the symmetric stiffness/mass contributions.

 Factoring the system of equations using the symmetric spooles solver
 Using up to 4 cpu(s) for spooles.

 Using up to 4 cpu(s) for the stress calculation.

 average force= 0.000054
 time avg. forc= 0.100000
 largest residual force= 0.000000 in node 7797 and dof 1
 largest increment of disp= 1.233473e-05
 largest correction to disp= 9.548576e-08 in node 28168 and dof 1

 convergence; the increment size is increased to 8.898926e-04

 increment 42 attempt 1 
 increment size= 8.898926e-04
 sum of previous increments=5.392017e-01
 actual step time=5.400916e-01
 actual total time=5.400916e-01

 iteration 1

 Using up to 4 cpu(s) for the stress calculation.

 Using up to 4 cpu(s) for the symmetric stiffness/mass contributions.

 Factoring the system of equations using the symmetric spooles solver
 Using up to 4 cpu(s) for spooles.

 Using up to 4 cpu(s) for the stress calculation.

 average force= 0.000054
 time avg. forc= 0.100000
 largest residual force= 0.000000 in node 6436 and dof 1
 largest increment of disp= 1.635533e-05
 largest correction to disp= 2.376545e-06 in node 28177 and dof 1

 no convergence

 iteration 2

 Using up to 4 cpu(s) for the symmetric stiffness/mass contributions.

 Factoring the system of equations using the symmetric spooles solver
 Using up to 4 cpu(s) for spooles.

 Using up to 4 cpu(s) for the stress calculation.

 average force= 0.000054
 time avg. forc= 0.100000
 largest residual force= 0.000000 in node 7797 and dof 1
 largest increment of disp= 1.635533e-05
 largest correction to disp= 4.247239e-08 in node 28177 and dof 1

 convergence; the increment size is increased to 1.334839e-03

 increment 43 attempt 1 
 increment size= 1.334839e-03
 sum of previous increments=5.400916e-01
 actual step time=5.414264e-01
 actual total time=5.414264e-01

 iteration 1

 Using up to 4 cpu(s) for the stress calculation.

 Using up to 4 cpu(s) for the symmetric stiffness/mass contributions.

 Factoring the system of equations using the symmetric spooles solver
 Using up to 4 cpu(s) for spooles.

 Using up to 4 cpu(s) for the stress calculation.

 average force= 0.000054
 time avg. forc= 0.100000
 largest residual force= 0.000000 in node 6436 and dof 1
 largest increment of disp= 2.103188e-05
 largest correction to disp= 3.530433e-06 in node 28177 and dof 1

 no convergence

 iteration 2

 Using up to 4 cpu(s) for the symmetric stiffness/mass contributions.

 Factoring the system of equations using the symmetric spooles solver
 Using up to 4 cpu(s) for spooles.

 Using up to 4 cpu(s) for the stress calculation.

 average force= 0.000054
 time avg. forc= 0.100000
 largest residual force= 0.000000 in node 7801 and dof 1
 largest increment of disp= 2.103188e-05
 largest correction to disp= 8.790863e-08 in node 28168 and dof 1

 convergence; the increment size is increased to 2.002258e-03

 increment 44 attempt 1 
 increment size= 2.002258e-03
 sum of previous increments=5.414264e-01
 actual step time=5.434286e-01
 actual total time=5.434286e-01

 iteration 1

 Using up to 4 cpu(s) for the stress calculation.

 Using up to 4 cpu(s) for the symmetric stiffness/mass contributions.

 Factoring the system of equations using the symmetric spooles solver
 Using up to 4 cpu(s) for spooles.

 Using up to 4 cpu(s) for the stress calculation.

 average force= 0.000055
 time avg. forc= 0.100000
 largest residual force= 0.000000 in node 6436 and dof 1
 largest increment of disp= 2.612031e-05
 largest correction to disp= 4.908607e-06 in node 28177 and dof 1

 no convergence

 iteration 2

 Using up to 4 cpu(s) for the symmetric stiffness/mass contributions.

 Factoring the system of equations using the symmetric spooles solver
 Using up to 4 cpu(s) for spooles.

 Using up to 4 cpu(s) for the stress calculation.

 average force= 0.000055
 time avg. forc= 0.100000
 largest residual force= 0.000000 in node 4155 and dof 1
 largest increment of disp= 2.612031e-05
 largest correction to disp= 3.155296e-07 in node 28177 and dof 1

 convergence; the increment size is increased to 3.003387e-03

 increment 45 attempt 1 
 increment size= 3.003387e-03
 sum of previous increments=5.434286e-01
 actual step time=5.464320e-01
 actual total time=5.464320e-01

 iteration 1

 Using up to 4 cpu(s) for the stress calculation.

 Using up to 4 cpu(s) for the symmetric stiffness/mass contributions.

 Factoring the system of equations using the symmetric spooles solver
 Using up to 4 cpu(s) for spooles.

 Using up to 4 cpu(s) for the stress calculation.

 average force= 0.000055
 time avg. forc= 0.100000
 largest residual force= 0.000000 in node 6436 and dof 1
 largest increment of disp= 3.134426e-05
 largest correction to disp= 6.409149e-06 in node 28168 and dof 1

 no convergence

 iteration 2

 Using up to 4 cpu(s) for the symmetric stiffness/mass contributions.

 Factoring the system of equations using the symmetric spooles solver
 Using up to 4 cpu(s) for spooles.

 Using up to 4 cpu(s) for the stress calculation.

 average force= 0.000055
 time avg. forc= 0.100000
 largest residual force= 0.000000 in node 4155 and dof 1
 largest increment of disp= 3.134426e-05
 largest correction to disp= 6.089411e-07 in node 28168 and dof 1

 convergence; the increment size is increased to 4.505081e-03

 Using up to 4 cpu(s) for the stress calculation.

 increment 46 attempt 1 
 increment size= 4.505081e-03
 sum of previous increments=5.464320e-01
 actual step time=5.509371e-01
 actual total time=5.509371e-01

 iteration 1

 Using up to 4 cpu(s) for the stress calculation.

 Using up to 4 cpu(s) for the symmetric stiffness/mass contributions.

 Factoring the system of equations using the symmetric spooles solver
 Using up to 4 cpu(s) for spooles.

 Using up to 4 cpu(s) for the stress calculation.

 average force= 0.000055
 time avg. forc= 0.100000
 largest residual force= 0.000000 in node 6436 and dof 1
 largest increment of disp= 3.648925e-05
 largest correction to disp= 7.917801e-06 in node 28168 and dof 1

 no convergence

 iteration 2

 Using up to 4 cpu(s) for the symmetric stiffness/mass contributions.

 Factoring the system of equations using the symmetric spooles solver
 Using up to 4 cpu(s) for spooles.

 Using up to 4 cpu(s) for the stress calculation.

 average force= 0.000055
 time avg. forc= 0.100000
 largest residual force= 0.000000 in node 6436 and dof 1
 largest increment of disp= 3.648925e-05
 largest correction to disp= 9.077122e-07 in node 28177 and dof 1

 convergence; the increment size is increased to 6.757622e-03

 increment 47 attempt 1 
 increment size= 6.757622e-03
 sum of previous increments=5.509371e-01
 actual step time=5.576947e-01
 actual total time=5.576947e-01

 iteration 1

 Using up to 4 cpu(s) for the stress calculation.

 Using up to 4 cpu(s) for the symmetric stiffness/mass contributions.

 Factoring the system of equations using the symmetric spooles solver
 Using up to 4 cpu(s) for spooles.

 Using up to 4 cpu(s) for the stress calculation.

 average force= 0.000056
 time avg. forc= 0.100000
 largest residual force= 0.000000 in node 6436 and dof 1
 largest increment of disp= 4.206142e-05
 largest correction to disp= 9.419005e-06 in node 28168 and dof 1

 no convergence

 iteration 2

 Using up to 4 cpu(s) for the symmetric stiffness/mass contributions.

 Factoring the system of equations using the symmetric spooles solver
 Using up to 4 cpu(s) for spooles.

 Using up to 4 cpu(s) for the stress calculation.

 average force= 0.000056
 time avg. forc= 0.100000
 largest residual force= 0.000000 in node 6436 and dof 1
 largest increment of disp= 4.206142e-05
 largest correction to disp= 1.201143e-06 in node 28231 and dof 1

 convergence; the increment size is increased to 1.013643e-02

 increment 48 attempt 1 
 increment size= 1.013643e-02
 sum of previous increments=5.576947e-01
 actual step time=5.678312e-01
 actual total time=5.678312e-01

 iteration 1

 Using up to 4 cpu(s) for the stress calculation.

 Using up to 4 cpu(s) for the symmetric stiffness/mass contributions.

 Factoring the system of equations using the symmetric spooles solver
 Using up to 4 cpu(s) for spooles.

 Using up to 4 cpu(s) for the stress calculation.

 average force= 0.000057
 time avg. forc= 0.100000
 largest residual force= 0.000000 in node 6436 and dof 3
 largest increment of disp= 4.734174e-05
 largest correction to disp= 1.142317e-05 in node 28231 and dof 1

 no convergence

 iteration 2

 Using up to 4 cpu(s) for the symmetric stiffness/mass contributions.

 Factoring the system of equations using the symmetric spooles solver
 Using up to 4 cpu(s) for spooles.

 Using up to 4 cpu(s) for the stress calculation.

 average force= 0.000057
 time avg. forc= 0.100000
 largest residual force= 0.000000 in node 6436 and dof 1
 largest increment of disp= 4.734174e-05
 largest correction to disp= 1.507324e-06 in node 28222 and dof 1

 convergence; the increment size is increased to 1.520465e-02

 increment 49 attempt 1 
 increment size= 1.520465e-02
 sum of previous increments=5.678312e-01
 actual step time=5.830358e-01
 actual total time=5.830358e-01

 iteration 1

 Using up to 4 cpu(s) for the stress calculation.

 Using up to 4 cpu(s) for the symmetric stiffness/mass contributions.

 Factoring the system of equations using the symmetric spooles solver
 Using up to 4 cpu(s) for spooles.

 Using up to 4 cpu(s) for the stress calculation.

 average force= 0.000059
 time avg. forc= 0.100000
 largest residual force= 0.000001 in node 6436 and dof 3
 largest increment of disp= 5.161687e-05
 largest correction to disp= 1.396513e-05 in node 28222 and dof 1

 no convergence

 iteration 2

 Using up to 4 cpu(s) for the symmetric stiffness/mass contributions.

 Factoring the system of equations using the symmetric spooles solver
 Using up to 4 cpu(s) for spooles.

 Using up to 4 cpu(s) for the stress calculation.

 average force= 0.000059
 time avg. forc= 0.100000
 largest residual force= 0.000000 in node 6436 and dof 1
 largest increment of disp= 5.161687e-05
 largest correction to disp= 1.868242e-06 in node 28231 and dof 1

 convergence; the increment size is increased to 2.280697e-02

 the increment size exceeds the maximum allowed and is decreased to 2.000000e-02

 increment 50 attempt 1 
 increment size= 2.000000e-02
 sum of previous increments=5.830358e-01
 actual step time=6.030358e-01
 actual total time=6.030358e-01

 iteration 1

 Using up to 4 cpu(s) for the stress calculation.

 Using up to 4 cpu(s) for the symmetric stiffness/mass contributions.

 Factoring the system of equations using the symmetric spooles solver
 Using up to 4 cpu(s) for spooles.

 Using up to 4 cpu(s) for the stress calculation.

 average force= 0.000061
 time avg. forc= 0.100000
 largest residual force= 0.000003 in node 7811 and dof 1
 largest increment of disp= 4.908007e-05
 largest correction to disp= 1.445177e-05 in node 23743 and dof 1

 no convergence

 iteration 2

 Using up to 4 cpu(s) for the symmetric stiffness/mass contributions.

 Factoring the system of equations using the symmetric spooles solver
 Using up to 4 cpu(s) for spooles.

 Using up to 4 cpu(s) for the stress calculation.

 average force= 0.000061
 time avg. forc= 0.100000
 largest residual force= 0.000000 in node 4162 and dof 1
 largest increment of disp= 4.908007e-05
 largest correction to disp= 1.651318e-06 in node 28231 and dof 1

 convergence; the increment size is increased to 3.000000e-02

 the increment size exceeds the maximum allowed and is decreased to 2.000000e-02

 Using up to 4 cpu(s) for the stress calculation.

 increment 51 attempt 1 
 increment size= 2.000000e-02
 sum of previous increments=6.030358e-01
 actual step time=6.230358e-01
 actual total time=6.230358e-01

 iteration 1

 Using up to 4 cpu(s) for the stress calculation.

 Using up to 4 cpu(s) for the symmetric stiffness/mass contributions.

 Factoring the system of equations using the symmetric spooles solver
 Using up to 4 cpu(s) for spooles.

 Using up to 4 cpu(s) for the stress calculation.

 average force= 0.000063
 time avg. forc= 0.100000
 largest residual force= 0.000003 in node 7801 and dof 1
 largest increment of disp= 5.371344e-05
 largest correction to disp= 9.609219e-06 in node 28168 and dof 1

 no convergence

 iteration 2

 Using up to 4 cpu(s) for the symmetric stiffness/mass contributions.

 Factoring the system of equations using the symmetric spooles solver
 Using up to 4 cpu(s) for spooles.

 Using up to 4 cpu(s) for the stress calculation.

 average force= 0.000063
 time avg. forc= 0.100000
 largest residual force= 0.000000 in node 4162 and dof 1
 largest increment of disp= 5.371344e-05
 largest correction to disp= 1.408216e-06 in node 23754 and dof 3

 convergence; the increment size is increased to 3.000000e-02

 the increment size exceeds the maximum allowed and is decreased to 2.000000e-02

 increment 52 attempt 1 
 increment size= 2.000000e-02
 sum of previous increments=6.230358e-01
 actual step time=6.430358e-01
 actual total time=6.430358e-01

 iteration 1

 Using up to 4 cpu(s) for the stress calculation.

 Using up to 4 cpu(s) for the symmetric stiffness/mass contributions.

 Factoring the system of equations using the symmetric spooles solver
 Using up to 4 cpu(s) for spooles.

 Using up to 4 cpu(s) for the stress calculation.

 average force= 0.000065
 time avg. forc= 0.100000
 largest residual force= 0.000004 in node 7795 and dof 1
 largest increment of disp= 6.109500e-05
 largest correction to disp= 8.239132e-06 in node 23754 and dof 1

 no convergence

 iteration 2

 Using up to 4 cpu(s) for the symmetric stiffness/mass contributions.

 Factoring the system of equations using the symmetric spooles solver
 Using up to 4 cpu(s) for spooles.

 Using up to 4 cpu(s) for the stress calculation.

 average force= 0.000065
 time avg. forc= 0.100000
 largest residual force= 0.000000 in node 4162 and dof 1
 largest increment of disp= 6.109500e-05
 largest correction to disp= 1.608003e-06 in node 23754 and dof 3

 convergence; the increment size is increased to 3.000000e-02

 the increment size exceeds the maximum allowed and is decreased to 2.000000e-02

 increment 53 attempt 1 
 increment size= 2.000000e-02
 sum of previous increments=6.430358e-01
 actual step time=6.630358e-01
 actual total time=6.630358e-01

 iteration 1

 Using up to 4 cpu(s) for the stress calculation.

 Using up to 4 cpu(s) for the symmetric stiffness/mass contributions.

 Factoring the system of equations using the symmetric spooles solver
 Using up to 4 cpu(s) for spooles.

 Using up to 4 cpu(s) for the stress calculation.

 average force= 0.000067
 time avg. forc= 0.100000
 largest residual force= 0.000005 in node 7795 and dof 1
 largest increment of disp= 6.460957e-05
 largest correction to disp= 1.122813e-05 in node 23743 and dof 1

 no convergence

 iteration 2

 Using up to 4 cpu(s) for the symmetric stiffness/mass contributions.

 Factoring the system of equations using the symmetric spooles solver
 Using up to 4 cpu(s) for spooles.

 Using up to 4 cpu(s) for the stress calculation.

 average force= 0.000067
 time avg. forc= 0.100000
 largest residual force= 0.000000 in node 4861 and dof 1
 largest increment of disp= 6.460957e-05
 largest correction to disp= 8.500505e-06 in node 23743 and dof 3

 convergence; the increment size is increased to 3.000000e-02

 the increment size exceeds the maximum allowed and is decreased to 2.000000e-02

 increment 54 attempt 1 
 increment size= 2.000000e-02
 sum of previous increments=6.630358e-01
 actual step time=6.830358e-01
 actual total time=6.830358e-01

 iteration 1

 Using up to 4 cpu(s) for the stress calculation.

 Using up to 4 cpu(s) for the symmetric stiffness/mass contributions.

 Factoring the system of equations using the symmetric spooles solver
 Using up to 4 cpu(s) for spooles.

 Using up to 4 cpu(s) for the stress calculation.

 average force= 0.000069
 time avg. forc= 0.100000
 largest residual force= 0.000031 in node 4862 and dof 1
 largest increment of disp= 7.442031e-05
 largest correction to disp= 5.517670e-05 in node 23851 and dof 3

 no convergence

 iteration 2

 Using up to 4 cpu(s) for the symmetric stiffness/mass contributions.

 Factoring the system of equations using the symmetric spooles solver
 Using up to 4 cpu(s) for spooles.

 Using up to 4 cpu(s) for the stress calculation.

 average force= 0.000069
 time avg. forc= 0.100000
 largest residual force= 0.000201 in node 4883 and dof 1
 largest increment of disp= 1.503648e-04
 largest correction to disp= 1.503648e-04 in node 23743 and dof 1

 no convergence

 iteration 3

 Using up to 4 cpu(s) for the symmetric stiffness/mass contributions.

 Factoring the system of equations using the symmetric spooles solver
 Using up to 4 cpu(s) for spooles.

 Using up to 4 cpu(s) for the stress calculation.

 average force= 0.000069
 time avg. forc= 0.100000
 largest residual force= 0.000044 in node 6395 and dof 1
 largest increment of disp= 1.503648e-04
 largest correction to disp= 6.866203e-05 in node 28063 and dof 1

 no convergence

 iteration 4

 Using up to 4 cpu(s) for the symmetric stiffness/mass contributions.

 Factoring the system of equations using the symmetric spooles solver
 Using up to 4 cpu(s) for spooles.

 Using up to 4 cpu(s) for the stress calculation.

 average force= 0.000069
 time avg. forc= 0.100000
 largest residual force= 0.008714 in node 4882 and dof 1
 largest increment of disp= 1.392772e-03
 largest correction to disp= 1.392772e-03 in node 28072 and dof 1

 no convergence

 iteration 5

 Using up to 4 cpu(s) for the symmetric stiffness/mass contributions.

 Factoring the system of equations using the symmetric spooles solver
 Using up to 4 cpu(s) for spooles.

 Using up to 4 cpu(s) for the stress calculation.

 average force= 0.000237
 time avg. forc= 0.100000
 largest residual force= 0.846521 in node 28073 and dof 3
 largest increment of disp= 4.901734e-03
 largest correction to disp= 4.901734e-03 in node 28117 and dof 3

 no convergence

 iteration 6

 Using up to 4 cpu(s) for the symmetric stiffness/mass contributions.

 Factoring the system of equations using the symmetric spooles solver
 Using up to 4 cpu(s) for spooles.

 Using up to 4 cpu(s) for the stress calculation.

 average force= 2.995688
 time avg. forc= 0.100000
 largest residual force= 60444.223618 in node 23890 and dof 2
 largest increment of disp= 3.676957e-02
 largest correction to disp= 3.676957e-02 in node 27957 and dof 1

 no convergence

 iteration 7

 Using up to 4 cpu(s) for the symmetric stiffness/mass contributions.

 Factoring the system of equations using the symmetric spooles solver
 Using up to 4 cpu(s) for spooles.

 Using up to 4 cpu(s) for the stress calculation.

 average force= 15092.340040
 time avg. forc= 0.100000
 largest residual force= 105284538.963435 in node 1717 and dof 1
 largest increment of disp= 1.341928e-01
 largest correction to disp= 1.341928e-01 in node 27633 and dof 3

 no convergence

 iteration 8

 Using up to 4 cpu(s) for the symmetric stiffness/mass contributions.

 Factoring the system of equations using the symmetric spooles solver
 Using up to 4 cpu(s) for spooles.

 Using up to 4 cpu(s) for the stress calculation.

 average force= 2311881520329.338379
 time avg. forc= 0.100000
 largest residual force= 87916825633776800.000000 in node 27251 and dof 3
 largest increment of disp= 7.174443e+00
 largest correction to disp= 7.174443e+00 in node 27250 and dof 1

 divergence; the increment size is decreased to 5.000000e-03
 the increment is reattempted

 increment 54 attempt 2 
 increment size= 5.000000e-03
 sum of previous increments=6.630358e-01
 actual step time=6.680358e-01
 actual total time=6.680358e-01

 iteration 1

 Using up to 4 cpu(s) for the stress calculation.

 Using up to 4 cpu(s) for the symmetric stiffness/mass contributions.

 Factoring the system of equations using the symmetric spooles solver
 Using up to 4 cpu(s) for spooles.

 Using up to 4 cpu(s) for the stress calculation.

 average force= 0.000068
 time avg. forc= 0.100000
 largest residual force= 0.000000 in node 4861 and dof 1
 largest increment of disp= 1.860508e-05
 largest correction to disp= 1.027149e-05 in node 23752 and dof 1

 no convergence

 iteration 2

 Using up to 4 cpu(s) for the symmetric stiffness/mass contributions.

 Factoring the system of equations using the symmetric spooles solver
 Using up to 4 cpu(s) for spooles.

 Using up to 4 cpu(s) for the stress calculation.

 average force= 0.000068
 time avg. forc= 0.100000
 largest residual force= 0.000000 in node 4862 and dof 3
 largest increment of disp= 1.860508e-05
 largest correction to disp= 3.471649e-06 in node 23752 and dof 1

 convergence

 increment 55 attempt 1 
 increment size= 5.000000e-03
 sum of previous increments=6.680358e-01
 actual step time=6.730358e-01
 actual total time=6.730358e-01

 iteration 1

 Using up to 4 cpu(s) for the stress calculation.

 Using up to 4 cpu(s) for the symmetric stiffness/mass contributions.

 Factoring the system of equations using the symmetric spooles solver
 Using up to 4 cpu(s) for spooles.

 Using up to 4 cpu(s) for the stress calculation.

 average force= 0.000068
 time avg. forc= 0.100000
 largest residual force= 0.000007 in node 4883 and dof 1
 largest increment of disp= 2.928602e-05
 largest correction to disp= 2.799951e-05 in node 23752 and dof 1

 no convergence

 iteration 2

 Using up to 4 cpu(s) for the symmetric stiffness/mass contributions.

 Factoring the system of equations using the symmetric spooles solver
 Using up to 4 cpu(s) for spooles.

 Using up to 4 cpu(s) for the stress calculation.

 average force= 0.000068
 time avg. forc= 0.100000
 largest residual force= 0.000004 in node 4883 and dof 1
 largest increment of disp= 2.928602e-05
 largest correction to disp= 2.020730e-05 in node 23752 and dof 1

 no convergence

 iteration 3

 Using up to 4 cpu(s) for the symmetric stiffness/mass contributions.

 Factoring the system of equations using the symmetric spooles solver
 Using up to 4 cpu(s) for spooles.

 Using up to 4 cpu(s) for the stress calculation.

 average force= 0.000068
 time avg. forc= 0.100000
 largest residual force= 0.000023 in node 4883 and dof 1
 largest increment of disp= 5.006693e-05
 largest correction to disp= 5.006693e-05 in node 23752 and dof 1

 no convergence

 iteration 4

 Using up to 4 cpu(s) for the symmetric stiffness/mass contributions.

 Factoring the system of equations using the symmetric spooles solver
 Using up to 4 cpu(s) for spooles.

 Using up to 4 cpu(s) for the stress calculation.

 average force= 0.000068
 time avg. forc= 0.100000
 largest residual force= 0.000012 in node 4883 and dof 1
 largest increment of disp= 5.006693e-05
 largest correction to disp= 3.480002e-05 in node 23752 and dof 1

 no convergence

 iteration 5

 Using up to 4 cpu(s) for the symmetric stiffness/mass contributions.

 Factoring the system of equations using the symmetric spooles solver
 Using up to 4 cpu(s) for spooles.

 Using up to 4 cpu(s) for the stress calculation.

 average force= 0.000068
 time avg. forc= 0.100000
 largest residual force= 0.000140 in node 4883 and dof 1
 largest increment of disp= 1.196474e-04
 largest correction to disp= 1.196474e-04 in node 23743 and dof 1

 no convergence

 iteration 6

 Using up to 4 cpu(s) for the symmetric stiffness/mass contributions.

 Factoring the system of equations using the symmetric spooles solver
 Using up to 4 cpu(s) for spooles.

 Using up to 4 cpu(s) for the stress calculation.

 average force= 0.000068
 time avg. forc= 0.100000
 largest residual force= 0.000003 in node 4883 and dof 1
 largest increment of disp= 1.196474e-04
 largest correction to disp= 2.054903e-05 in node 28063 and dof 1

 no convergence

 iteration 7

 Using up to 4 cpu(s) for the symmetric stiffness/mass contributions.

 Factoring the system of equations using the symmetric spooles solver
 Using up to 4 cpu(s) for spooles.

 Using up to 4 cpu(s) for the stress calculation.

 average force= 0.000068
 time avg. forc= 0.100000
 largest residual force= 0.000031 in node 4883 and dof 1
 largest increment of disp= 1.196474e-04
 largest correction to disp= 5.884440e-05 in node 23752 and dof 1

 no convergence

 iteration 8

 Using up to 4 cpu(s) for the symmetric stiffness/mass contributions.

 Factoring the system of equations using the symmetric spooles solver
 Using up to 4 cpu(s) for spooles.

 Using up to 4 cpu(s) for the stress calculation.

 average force= 0.000068
 time avg. forc= 0.100000
 largest residual force= 0.000001 in node 4883 and dof 1
 largest increment of disp= 1.196474e-04
 largest correction to disp= 1.207305e-05 in node 23752 and dof 1

 no convergence

 iteration 9

 Using up to 4 cpu(s) for the symmetric stiffness/mass contributions.

 Factoring the system of equations using the symmetric spooles solver
 Using up to 4 cpu(s) for spooles.

 Using up to 4 cpu(s) for the stress calculation.

 average force= 0.000068
 time avg. forc= 0.100000
 largest residual force= 0.000021 in node 4883 and dof 1
 largest increment of disp= 1.196474e-04
 largest correction to disp= 4.669291e-05 in node 23752 and dof 1

 no convergence

 iteration 10

 Using up to 4 cpu(s) for the symmetric stiffness/mass contributions.

 Factoring the system of equations using the symmetric spooles solver
 Using up to 4 cpu(s) for spooles.

 Using up to 4 cpu(s) for the stress calculation.

 average force= 0.000068
 time avg. forc= 0.100000
 largest residual force= 0.000001 in node 4883 and dof 1
 largest increment of disp= 1.196474e-04
 largest correction to disp= 1.067823e-05 in node 23752 and dof 1

 no convergence

 iteration 11

 Using up to 4 cpu(s) for the symmetric stiffness/mass contributions.

 Factoring the system of equations using the symmetric spooles solver
 Using up to 4 cpu(s) for spooles.

 Using up to 4 cpu(s) for the stress calculation.

 average force= 0.000068
 time avg. forc= 0.100000
 largest residual force= 0.004375 in node 4882 and dof 1
 largest increment of disp= 7.858787e-04
 largest correction to disp= 7.858787e-04 in node 23752 and dof 1

 no convergence

 iteration 12

 Using up to 4 cpu(s) for the symmetric stiffness/mass contributions.

 Factoring the system of equations using the symmetric spooles solver
 Using up to 4 cpu(s) for spooles.

 Using up to 4 cpu(s) for the stress calculation.

 average force= 1092.998667
 time avg. forc= 0.100000
 largest residual force= 7727304.511442 in node 23814 and dof 2
 largest increment of disp= 9.900475e-02
 largest correction to disp= 9.900475e-02 in node 23815 and dof 1

 divergence; the increment size is decreased to 1.250000e-03
 the increment is reattempted

 increment 55 attempt 2 
 increment size= 1.250000e-03
 sum of previous increments=6.680358e-01
 actual step time=6.692858e-01
 actual total time=6.692858e-01

 iteration 1

 Using up to 4 cpu(s) for the stress calculation.

 Using up to 4 cpu(s) for the symmetric stiffness/mass contributions.

 Factoring the system of equations using the symmetric spooles solver
 Using up to 4 cpu(s) for spooles.

 Using up to 4 cpu(s) for the stress calculation.

 average force= 0.000068
 time avg. forc= 0.100000
 largest residual force= 0.000000 in node 4883 and dof 1
 largest increment of disp= 7.321504e-06
 largest correction to disp= 3.647187e-06 in node 23752 and dof 1

 no convergence

 iteration 2

 Using up to 4 cpu(s) for the symmetric stiffness/mass contributions.

 Factoring the system of equations using the symmetric spooles solver
 Using up to 4 cpu(s) for spooles.

 Using up to 4 cpu(s) for the stress calculation.

 average force= 0.000068
 time avg. forc= 0.100000
 largest residual force= 0.000000 in node 4883 and dof 1
 largest increment of disp= 7.321504e-06
 largest correction to disp= 2.689880e-07 in node 23743 and dof 1

 convergence

 Using up to 4 cpu(s) for the stress calculation.

 increment 56 attempt 1 
 increment size= 1.250000e-03
 sum of previous increments=6.692858e-01
 actual step time=6.705358e-01
 actual total time=6.705358e-01

 iteration 1

 Using up to 4 cpu(s) for the stress calculation.

 Using up to 4 cpu(s) for the symmetric stiffness/mass contributions.

 Factoring the system of equations using the symmetric spooles solver
 Using up to 4 cpu(s) for spooles.

 Using up to 4 cpu(s) for the stress calculation.

 average force= 0.000068
 time avg. forc= 0.100000
 largest residual force= 0.000000 in node 4883 and dof 1
 largest increment of disp= 1.060286e-05
 largest correction to disp= 3.274294e-06 in node 23752 and dof 1

 no convergence

 iteration 2

 Using up to 4 cpu(s) for the symmetric stiffness/mass contributions.

 Factoring the system of equations using the symmetric spooles solver
 Using up to 4 cpu(s) for spooles.

 Using up to 4 cpu(s) for the stress calculation.

 average force= 0.000068
 time avg. forc= 0.100000
 largest residual force= 0.000000 in node 4883 and dof 1
 largest increment of disp= 1.060286e-05
 largest correction to disp= 3.319294e-07 in node 23752 and dof 1

 convergence; the increment size is increased to 1.875000e-03

 increment 57 attempt 1 
 increment size= 1.875000e-03
 sum of previous increments=6.705358e-01
 actual step time=6.724108e-01
 actual total time=6.724108e-01

 iteration 1

 Using up to 4 cpu(s) for the stress calculation.

 Using up to 4 cpu(s) for the symmetric stiffness/mass contributions.

 Factoring the system of equations using the symmetric spooles solver
 Using up to 4 cpu(s) for spooles.

 Using up to 4 cpu(s) for the stress calculation.

 average force= 0.000068
 time avg. forc= 0.100000
 largest residual force= 0.000002 in node 4883 and dof 1
 largest increment of disp= 2.051986e-05
 largest correction to disp= 1.341297e-05 in node 23743 and dof 1

 no convergence

 iteration 2

 Using up to 4 cpu(s) for the symmetric stiffness/mass contributions.

 Factoring the system of equations using the symmetric spooles solver
 Using up to 4 cpu(s) for spooles.

 Using up to 4 cpu(s) for the stress calculation.

 average force= 0.000068
 time avg. forc= 0.100000
 largest residual force= 0.000002 in node 4883 and dof 1
 largest increment of disp= 2.051986e-05
 largest correction to disp= 1.465949e-05 in node 23752 and dof 1

 no convergence

 iteration 3

 Using up to 4 cpu(s) for the symmetric stiffness/mass contributions.

 Factoring the system of equations using the symmetric spooles solver
 Using up to 4 cpu(s) for spooles.

 Using up to 4 cpu(s) for the stress calculation.

 average force= 0.000068
 time avg. forc= 0.100000
 largest residual force= 0.000002 in node 4883 and dof 1
 largest increment of disp= 2.051986e-05
 largest correction to disp= 1.297924e-05 in node 23752 and dof 1

 no convergence

 iteration 4

 Using up to 4 cpu(s) for the symmetric stiffness/mass contributions.

 Factoring the system of equations using the symmetric spooles solver
 Using up to 4 cpu(s) for spooles.

 Using up to 4 cpu(s) for the stress calculation.

 average force= 0.000068
 time avg. forc= 0.100000
 largest residual force= 0.000619 in node 4883 and dof 1
 largest increment of disp= 2.857810e-04
 largest correction to disp= 2.857810e-04 in node 23752 and dof 1

 no convergence

 iteration 5

 Using up to 4 cpu(s) for the symmetric stiffness/mass contributions.

 Factoring the system of equations using the symmetric spooles solver
 Using up to 4 cpu(s) for spooles.

 Using up to 4 cpu(s) for the stress calculation.

 average force= 0.000070
 time avg. forc= 0.100000
 largest residual force= 0.023401 in node 6373 and dof 1
 largest increment of disp= 1.982548e-03
 largest correction to disp= 1.982548e-03 in node 28072 and dof 1

 no convergence

 iteration 6

 Using up to 4 cpu(s) for the symmetric stiffness/mass contributions.

 Factoring the system of equations using the symmetric spooles solver
 Using up to 4 cpu(s) for spooles.

 Using up to 4 cpu(s) for the stress calculation.

 average force= 0.000310
 time avg. forc= 0.100000
 largest residual force= 1.749623 in node 23864 and dof 2
 largest increment of disp= 6.825677e-03
 largest correction to disp= 6.825677e-03 in node 23862 and dof 3

 no convergence

 iteration 7

 Using up to 4 cpu(s) for the symmetric stiffness/mass contributions.

 Factoring the system of equations using the symmetric spooles solver
 Using up to 4 cpu(s) for spooles.

 Using up to 4 cpu(s) for the stress calculation.

 average force= 0.256965
 time avg. forc= 0.100000
 largest residual force= 9019.554407 in node 23849 and dof 1
 largest increment of disp= 2.061022e-02
 largest correction to disp= 2.061022e-02 in node 28063 and dof 1

 no convergence

 iteration 8

 Using up to 4 cpu(s) for the symmetric stiffness/mass contributions.

 Factoring the system of equations using the symmetric spooles solver
 Using up to 4 cpu(s) for spooles.

 Using up to 4 cpu(s) for the stress calculation.

 average force= 21407.745021
 time avg. forc= 0.100000
 largest residual force= 446856253.239034 in node 28282 and dof 1
 largest increment of disp= 2.098268e-01
 largest correction to disp= 2.098268e-01 in node 23569 and dof 1

 divergence; the increment size is decreased to 4.687500e-04
 the increment is reattempted

 increment 57 attempt 2 
 increment size= 4.687500e-04
 sum of previous increments=6.705358e-01
 actual step time=6.710046e-01
 actual total time=6.710046e-01

 iteration 1

 Using up to 4 cpu(s) for the stress calculation.

 Using up to 4 cpu(s) for the symmetric stiffness/mass contributions.

 Factoring the system of equations using the symmetric spooles solver
 Using up to 4 cpu(s) for spooles.

 Using up to 4 cpu(s) for the stress calculation.

 average force= 0.000068
 time avg. forc= 0.100000
 largest residual force= 0.000000 in node 4883 and dof 1
 largest increment of disp= 5.129965e-06
 largest correction to disp= 1.784659e-06 in node 23752 and dof 1

 no convergence

 iteration 2

 Using up to 4 cpu(s) for the symmetric stiffness/mass contributions.

 Factoring the system of equations using the symmetric spooles solver
 Using up to 4 cpu(s) for spooles.

 Using up to 4 cpu(s) for the stress calculation.

 average force= 0.000068
 time avg. forc= 0.100000
 largest residual force= 0.000000 in node 4883 and dof 1
 largest increment of disp= 5.129965e-06
 largest correction to disp= 1.064462e-07 in node 23752 and dof 1

 convergence

 increment 58 attempt 1 
 increment size= 4.687500e-04
 sum of previous increments=6.710046e-01
 actual step time=6.714733e-01
 actual total time=6.714733e-01

 iteration 1

 Using up to 4 cpu(s) for the stress calculation.

 Using up to 4 cpu(s) for the symmetric stiffness/mass contributions.

 Factoring the system of equations using the symmetric spooles solver
 Using up to 4 cpu(s) for spooles.

 Using up to 4 cpu(s) for the stress calculation.

 average force= 0.000068
 time avg. forc= 0.100000
 largest residual force= 0.000000 in node 4883 and dof 1
 largest increment of disp= 6.706591e-06
 largest correction to disp= 1.881651e-06 in node 23743 and dof 1

 no convergence

 iteration 2

 Using up to 4 cpu(s) for the symmetric stiffness/mass contributions.

 Factoring the system of equations using the symmetric spooles solver
 Using up to 4 cpu(s) for spooles.

 Using up to 4 cpu(s) for the stress calculation.

 average force= 0.000068
 time avg. forc= 0.100000
 largest residual force= 0.000000 in node 4883 and dof 1
 largest increment of disp= 6.706591e-06
 largest correction to disp= 1.541381e-07 in node 23752 and dof 1

 convergence; the increment size is increased to 7.031250e-04

 increment 59 attempt 1 
 increment size= 7.031250e-04
 sum of previous increments=6.714733e-01
 actual step time=6.721764e-01
 actual total time=6.721764e-01

 iteration 1

 Using up to 4 cpu(s) for the stress calculation.

 Using up to 4 cpu(s) for the symmetric stiffness/mass contributions.

 Factoring the system of equations using the symmetric spooles solver
 Using up to 4 cpu(s) for spooles.

 Using up to 4 cpu(s) for the stress calculation.

 average force= 0.000068
 time avg. forc= 0.100000
 largest residual force= 0.000000 in node 4883 and dof 1
 largest increment of disp= 1.256058e-05
 largest correction to disp= 6.757208e-06 in node 23752 and dof 1

 no convergence

 iteration 2

 Using up to 4 cpu(s) for the symmetric stiffness/mass contributions.

 Factoring the system of equations using the symmetric spooles solver
 Using up to 4 cpu(s) for spooles.

 Using up to 4 cpu(s) for the stress calculation.

 average force= 0.000068
 time avg. forc= 0.100000
 largest residual force= 0.000000 in node 4883 and dof 1
 largest increment of disp= 1.256058e-05
 largest correction to disp= 4.500477e-06 in node 23743 and dof 1

 convergence; the increment size is increased to 1.054688e-03

 increment 60 attempt 1 
 increment size= 1.054688e-03
 sum of previous increments=6.721764e-01
 actual step time=6.732311e-01
 actual total time=6.732311e-01

 iteration 1

 Using up to 4 cpu(s) for the stress calculation.

 Using up to 4 cpu(s) for the symmetric stiffness/mass contributions.

 Factoring the system of equations using the symmetric spooles solver
 Using up to 4 cpu(s) for spooles.

 Using up to 4 cpu(s) for the stress calculation.

 average force= 0.000068
 time avg. forc= 0.100000
 largest residual force= 0.000006 in node 4883 and dof 1
 largest increment of disp= 3.458070e-05
 largest correction to disp= 2.406951e-05 in node 23752 and dof 1

 no convergence

 iteration 2

 Using up to 4 cpu(s) for the symmetric stiffness/mass contributions.

 Factoring the system of equations using the symmetric spooles solver
 Using up to 4 cpu(s) for spooles.

 Using up to 4 cpu(s) for the stress calculation.

 average force= 0.000068
 time avg. forc= 0.100000
 largest residual force= 0.000064 in node 4883 and dof 1
 largest increment of disp= 8.182524e-05
 largest correction to disp= 8.182524e-05 in node 23752 and dof 1

 no convergence

 iteration 3

 Using up to 4 cpu(s) for the symmetric stiffness/mass contributions.

 Factoring the system of equations using the symmetric spooles solver
 Using up to 4 cpu(s) for spooles.

 Using up to 4 cpu(s) for the stress calculation.

 average force= 0.000068
 time avg. forc= 0.100000
 largest residual force= 0.000000 in node 4862 and dof 1
 largest increment of disp= 8.182524e-05
 largest correction to disp= 9.523935e-06 in node 28063 and dof 1

 convergence; the increment size is increased to 1.582031e-03

 Using up to 4 cpu(s) for the stress calculation.

 increment 61 attempt 1 
 increment size= 1.582031e-03
 sum of previous increments=6.732311e-01
 actual step time=6.748132e-01
 actual total time=6.748132e-01

 iteration 1

 Using up to 4 cpu(s) for the stress calculation.

 Using up to 4 cpu(s) for the symmetric stiffness/mass contributions.

 Factoring the system of equations using the symmetric spooles solver
 Using up to 4 cpu(s) for spooles.

 Using up to 4 cpu(s) for the stress calculation.

 average force= 0.000068
 time avg. forc= 0.100000
 largest residual force= 0.000023 in node 4883 and dof 1
 largest increment of disp= 5.060146e-05
 largest correction to disp= 5.060146e-05 in node 23752 and dof 1

 no convergence

 iteration 2

 Using up to 4 cpu(s) for the symmetric stiffness/mass contributions.

 Factoring the system of equations using the symmetric spooles solver
 Using up to 4 cpu(s) for spooles.

 Using up to 4 cpu(s) for the stress calculation.

 average force= 0.000068
 time avg. forc= 0.100000
 largest residual force= 0.000010 in node 4883 and dof 1
 largest increment of disp= 5.060146e-05
 largest correction to disp= 3.241490e-05 in node 23752 and dof 1

 no convergence

 iteration 3

 Using up to 4 cpu(s) for the symmetric stiffness/mass contributions.

 Factoring the system of equations using the symmetric spooles solver
 Using up to 4 cpu(s) for spooles.

 Using up to 4 cpu(s) for the stress calculation.

 average force= 0.000068
 time avg. forc= 0.100000
 largest residual force= 0.001350 in node 4883 and dof 1
 largest increment of disp= 4.110609e-04
 largest correction to disp= 4.110609e-04 in node 23752 and dof 1

 no convergence

 iteration 4

 Using up to 4 cpu(s) for the symmetric stiffness/mass contributions.

 Factoring the system of equations using the symmetric spooles solver
 Using up to 4 cpu(s) for spooles.

 Using up to 4 cpu(s) for the stress calculation.

 average force= 0.000069
 time avg. forc= 0.100000
 largest residual force= 0.008860 in node 6395 and dof 1
 largest increment of disp= 8.082827e-04
 largest correction to disp= 8.082827e-04 in node 28072 and dof 1

 no convergence

 iteration 5

 Using up to 4 cpu(s) for the symmetric stiffness/mass contributions.

 Factoring the system of equations using the symmetric spooles solver
 Using up to 4 cpu(s) for spooles.

 Using up to 4 cpu(s) for the stress calculation.

 average force= 0.000078
 time avg. forc= 0.100000
 largest residual force= 0.183383 in node 28109 and dof 2
 largest increment of disp= 9.409329e-04
 largest correction to disp= 9.409329e-04 in node 28119 and dof 2

 no convergence

 iteration 6

 Using up to 4 cpu(s) for the symmetric stiffness/mass contributions.

 Factoring the system of equations using the symmetric spooles solver
 Using up to 4 cpu(s) for spooles.

 Using up to 4 cpu(s) for the stress calculation.

 average force= 0.000818
 time avg. forc= 0.100000
 largest residual force= 4.782300 in node 6374 and dof 3
 largest increment of disp= 4.754407e-03
 largest correction to disp= 4.754407e-03 in node 23851 and dof 3

 no convergence

 iteration 7

 Using up to 4 cpu(s) for the symmetric stiffness/mass contributions.

 Factoring the system of equations using the symmetric spooles solver
 Using up to 4 cpu(s) for spooles.

 Using up to 4 cpu(s) for the stress calculation.

 average force= 6.939780
 time avg. forc= 0.100000
 largest residual force= 173417.521580 in node 23705 and dof 2
 largest increment of disp= 3.271032e-02
 largest correction to disp= 3.271032e-02 in node 23704 and dof 3

 no convergence

 iteration 8

 Using up to 4 cpu(s) for the symmetric stiffness/mass contributions.

 Factoring the system of equations using the symmetric spooles solver
 Using up to 4 cpu(s) for spooles.

 Using up to 4 cpu(s) for the stress calculation.

 average force= 7997.369152
 time avg. forc= 0.100000
 largest residual force= 181214793.467970 in node 27733 and dof 3
 largest increment of disp= 2.257485e-01
 largest correction to disp= 2.257485e-01 in node 27759 and dof 2

 divergence; the increment size is decreased to 3.955078e-04
 the increment is reattempted

 increment 61 attempt 2 
 increment size= 3.955078e-04
 sum of previous increments=6.732311e-01
 actual step time=6.736266e-01
 actual total time=6.736266e-01

 iteration 1

 Using up to 4 cpu(s) for the stress calculation.

 Using up to 4 cpu(s) for the symmetric stiffness/mass contributions.

 Factoring the system of equations using the symmetric spooles solver
 Using up to 4 cpu(s) for spooles.

 Using up to 4 cpu(s) for the stress calculation.

 average force= 0.000068
 time avg. forc= 0.100000
 largest residual force= 0.000051 in node 4883 and dof 1
 largest increment of disp= 7.650485e-05
 largest correction to disp= 7.650485e-05 in node 23752 and dof 1

 no convergence

 iteration 2

 Using up to 4 cpu(s) for the symmetric stiffness/mass contributions.

 Factoring the system of equations using the symmetric spooles solver
 Using up to 4 cpu(s) for spooles.

 Using up to 4 cpu(s) for the stress calculation.

 average force= 0.000068
 time avg. forc= 0.100000
 largest residual force= 0.000003 in node 4883 and dof 1
 largest increment of disp= 7.650485e-05
 largest correction to disp= 1.724958e-05 in node 23752 and dof 1

 convergence

 increment 62 attempt 1 
 increment size= 3.955078e-04
 sum of previous increments=6.736266e-01
 actual step time=6.740222e-01
 actual total time=6.740222e-01

 iteration 1

 Using up to 4 cpu(s) for the stress calculation.

 Using up to 4 cpu(s) for the symmetric stiffness/mass contributions.

 Factoring the system of equations using the symmetric spooles solver
 Using up to 4 cpu(s) for spooles.

 Using up to 4 cpu(s) for the stress calculation.

 average force= 0.000068
 time avg. forc= 0.100000
 largest residual force= 0.000025 in node 6395 and dof 1
 largest increment of disp= 8.774539e-05
 largest correction to disp= 5.293269e-05 in node 28072 and dof 1

 no convergence

 iteration 2

 Using up to 4 cpu(s) for the symmetric stiffness/mass contributions.

 Factoring the system of equations using the symmetric spooles solver
 Using up to 4 cpu(s) for spooles.

 Using up to 4 cpu(s) for the stress calculation.

 average force= 0.000068
 time avg. forc= 0.100000
 largest residual force= 0.001508 in node 4883 and dof 1
 largest increment of disp= 5.017478e-04
 largest correction to disp= 5.017478e-04 in node 28063 and dof 1

 no convergence

 iteration 3

 Using up to 4 cpu(s) for the symmetric stiffness/mass contributions.

 Factoring the system of equations using the symmetric spooles solver
 Using up to 4 cpu(s) for spooles.

 Using up to 4 cpu(s) for the stress calculation.

 average force= 0.000068
 time avg. forc= 0.100000
 largest residual force= 0.000981 in node 4156 and dof 1
 largest increment of disp= 5.017478e-04
 largest correction to disp= 1.218143e-04 in node 28182 and dof 1

 no convergence

 iteration 4

 Using up to 4 cpu(s) for the symmetric stiffness/mass contributions.

 Factoring the system of equations using the symmetric spooles solver
 Using up to 4 cpu(s) for spooles.

 Using up to 4 cpu(s) for the stress calculation.

 average force= 0.000068
 time avg. forc= 0.100000
 largest residual force= 0.000585 in node 6395 and dof 1
 largest increment of disp= 5.017478e-04
 largest correction to disp= 2.187449e-04 in node 28117 and dof 3

 no convergence

 iteration 5

 Using up to 4 cpu(s) for the symmetric stiffness/mass contributions.

 Factoring the system of equations using the symmetric spooles solver
 Using up to 4 cpu(s) for spooles.

 Using up to 4 cpu(s) for the stress calculation.

 average force= 0.000068
 time avg. forc= 0.100000
 largest residual force= 0.000128 in node 6395 and dof 3
 largest increment of disp= 5.017478e-04
 largest correction to disp= 6.456039e-05 in node 28063 and dof 3

 no convergence

 iteration 6

 Using up to 4 cpu(s) for the symmetric stiffness/mass contributions.

 Factoring the system of equations using the symmetric spooles solver
 Using up to 4 cpu(s) for spooles.

 Using up to 4 cpu(s) for the stress calculation.

 average force= 0.000088
 time avg. forc= 0.100000
 largest residual force= 0.195101 in node 23850 and dof 2
 largest increment of disp= 3.693361e-03
 largest correction to disp= 3.693361e-03 in node 23860 and dof 3

 no convergence

 iteration 7

 Using up to 4 cpu(s) for the symmetric stiffness/mass contributions.

 Factoring the system of equations using the symmetric spooles solver
 Using up to 4 cpu(s) for spooles.

 Using up to 4 cpu(s) for the stress calculation.

 average force= 38.725950
 time avg. forc= 0.100000
 largest residual force= 792981.555245 in node 23809 and dof 2
 largest increment of disp= 5.595355e-02
 largest correction to disp= 5.595355e-02 in node 28072 and dof 2

 no convergence

 iteration 8

 Using up to 4 cpu(s) for the symmetric stiffness/mass contributions.

 Factoring the system of equations using the symmetric spooles solver
 Using up to 4 cpu(s) for spooles.

 Using up to 4 cpu(s) for the stress calculation.

 average force= 1391984.573069
 time avg. forc= 0.100000
 largest residual force= 12493122919.702095 in node 1499 and dof 3
 largest increment of disp= 3.999810e-01
 largest correction to disp= 3.999810e-01 in node 23995 and dof 1

 divergence; the increment size is decreased to 9.887695e-05
 the increment is reattempted

 increment 62 attempt 2 
 increment size= 9.887695e-05
 sum of previous increments=6.736266e-01
 actual step time=6.737255e-01
 actual total time=6.737255e-01

 iteration 1

 Using up to 4 cpu(s) for the stress calculation.

 Using up to 4 cpu(s) for the symmetric stiffness/mass contributions.

 Factoring the system of equations using the symmetric spooles solver
 Using up to 4 cpu(s) for spooles.

 Using up to 4 cpu(s) for the stress calculation.

 average force= 0.000068
 time avg. forc= 0.100000
 largest residual force= 0.000596 in node 4883 and dof 1
 largest increment of disp= 2.741907e-04
 largest correction to disp= 2.741907e-04 in node 23752 and dof 1

 no convergence

 iteration 2

 Using up to 4 cpu(s) for the symmetric stiffness/mass contributions.

 Factoring the system of equations using the symmetric spooles solver
 Using up to 4 cpu(s) for spooles.

 Using up to 4 cpu(s) for the stress calculation.

 average force= 0.000068
 time avg. forc= 0.100000
 largest residual force= 0.000314 in node 6395 and dof 1
 largest increment of disp= 2.741907e-04
 largest correction to disp= 1.845836e-04 in node 28072 and dof 1

 no convergence

 iteration 3

 Using up to 4 cpu(s) for the symmetric stiffness/mass contributions.

 Factoring the system of equations using the symmetric spooles solver
 Using up to 4 cpu(s) for spooles.

 Using up to 4 cpu(s) for the stress calculation.

 average force= 0.000136
 time avg. forc= 0.100000
 largest residual force= 0.714417 in node 23746 and dof 3
 largest increment of disp= 3.326540e-03
 largest correction to disp= 3.326540e-03 in node 23743 and dof 3

 no convergence

 iteration 4

 Using up to 4 cpu(s) for the symmetric stiffness/mass contributions.

 Factoring the system of equations using the symmetric spooles solver
 Using up to 4 cpu(s) for spooles.

 Using up to 4 cpu(s) for the stress calculation.

 average force= 0.001375
 time avg. forc= 0.100000
 largest residual force= 13.175539 in node 23813 and dof 2
 largest increment of disp= 6.078290e-03
 largest correction to disp= 6.078290e-03 in node 23716 and dof 1

 no convergence

 iteration 5

 Using up to 4 cpu(s) for the symmetric stiffness/mass contributions.

 Factoring the system of equations using the symmetric spooles solver
 Using up to 4 cpu(s) for spooles.

 Using up to 4 cpu(s) for the stress calculation.

 average force= 8.147953
 time avg. forc= 0.100000
 largest residual force= 200559.090406 in node 28226 and dof 1
 largest increment of disp= 4.022419e-02
 largest correction to disp= 4.022419e-02 in node 28225 and dof 3

 no convergence

 iteration 6

 Using up to 4 cpu(s) for the symmetric stiffness/mass contributions.

 Factoring the system of equations using the symmetric spooles solver
 Using up to 4 cpu(s) for spooles.

 Using up to 4 cpu(s) for the stress calculation.

 average force= 303647.711150
 time avg. forc= 0.100000
 largest residual force= 1590320556.236983 in node 16641 and dof 1
 largest increment of disp= 2.532735e-01
 largest correction to disp= 2.532735e-01 in node 28357 and dof 1

 no convergence

 iteration 7

 Using up to 4 cpu(s) for the symmetric stiffness/mass contributions.

 Factoring the system of equations using the symmetric spooles solver
 Using up to 4 cpu(s) for spooles.

 Using up to 4 cpu(s) for the stress calculation.

 average force= 48867320608.151764
 time avg. forc= 0.100000
 largest residual force= 500060843994863.000000 in node 15380 and dof 3
 largest increment of disp= 2.839440e+00
 largest correction to disp= 2.839440e+00 in node 30877 and dof 1

 no convergence

 iteration 8

 Using up to 4 cpu(s) for the symmetric stiffness/mass contributions.

 Factoring the system of equations using the symmetric spooles solver
 Using up to 4 cpu(s) for spooles.

 Using up to 4 cpu(s) for the stress calculation.

 average force= 256372697305242337280.000000
 time avg. forc= 0.100000
 largest residual force= 13174777931411250464423936.000000 in node 22123 and dof 2
 largest increment of disp= 2.378518e+02
 largest correction to disp= 2.378518e+02 in node 31105 and dof 2

 divergence; the increment size is decreased to 2.471924e-05
 the increment is reattempted

 increment 62 attempt 3 
 increment size= 2.471924e-05
 sum of previous increments=6.736266e-01
 actual step time=6.736514e-01
 actual total time=6.736514e-01

 iteration 1

 Using up to 4 cpu(s) for the stress calculation.

 Using up to 4 cpu(s) for the symmetric stiffness/mass contributions.

 Factoring the system of equations using the symmetric spooles solver
 Using up to 4 cpu(s) for spooles.

 Using up to 4 cpu(s) for the stress calculation.

 average force= 0.000068
 time avg. forc= 0.100000
 largest residual force= 0.000095 in node 4883 and dof 1
 largest increment of disp= 9.864009e-05
 largest correction to disp= 9.864009e-05 in node 23752 and dof 1

 no convergence

 iteration 2

 Using up to 4 cpu(s) for the symmetric stiffness/mass contributions.

 Factoring the system of equations using the symmetric spooles solver
 Using up to 4 cpu(s) for spooles.

 Using up to 4 cpu(s) for the stress calculation.

 average force= 0.000068
 time avg. forc= 0.100000
 largest residual force= 0.000002 in node 4862 and dof 1
 largest increment of disp= 9.864009e-05
 largest correction to disp= 1.418701e-05 in node 28063 and dof 1

 convergence

 increment 63 attempt 1 
 increment size= 2.471924e-05
 sum of previous increments=6.736514e-01
 actual step time=6.736761e-01
 actual total time=6.736761e-01

 iteration 1

 Using up to 4 cpu(s) for the stress calculation.

 Using up to 4 cpu(s) for the symmetric stiffness/mass contributions.

 Factoring the system of equations using the symmetric spooles solver
 Using up to 4 cpu(s) for spooles.

 Using up to 4 cpu(s) for the stress calculation.

 average force= 0.000068
 time avg. forc= 0.100000
 largest residual force= 0.000004 in node 4862 and dof 1
 largest increment of disp= 8.600623e-05
 largest correction to disp= 1.453135e-05 in node 23752 and dof 1

 no convergence

 iteration 2

 Using up to 4 cpu(s) for the symmetric stiffness/mass contributions.

 Factoring the system of equations using the symmetric spooles solver
 Using up to 4 cpu(s) for spooles.

 Using up to 4 cpu(s) for the stress calculation.

 average force= 0.000068
 time avg. forc= 0.100000
 largest residual force= 0.000061 in node 4861 and dof 1
 largest increment of disp= 8.600623e-05
 largest correction to disp= 8.302542e-05 in node 23860 and dof 3

 no convergence

 iteration 3

 Using up to 4 cpu(s) for the symmetric stiffness/mass contributions.

 Factoring the system of equations using the symmetric spooles solver
 Using up to 4 cpu(s) for spooles.

 Using up to 4 cpu(s) for the stress calculation.

 average force= 0.000068
 time avg. forc= 0.100000
 largest residual force= 0.000001 in node 4862 and dof 1
 largest increment of disp= 8.600623e-05
 largest correction to disp= 1.013508e-05 in node 23752 and dof 1

 no convergence

 iteration 4

 Using up to 4 cpu(s) for the symmetric stiffness/mass contributions.

 Factoring the system of equations using the symmetric spooles solver
 Using up to 4 cpu(s) for spooles.

 Using up to 4 cpu(s) for the stress calculation.

 average force= 0.000068
 time avg. forc= 0.100000
 largest residual force= 0.003528 in node 4882 and dof 1
 largest increment of disp= 7.037852e-04
 largest correction to disp= 7.037852e-04 in node 23752 and dof 1

 no convergence

 iteration 5

 Using up to 4 cpu(s) for the symmetric stiffness/mass contributions.

 Factoring the system of equations using the symmetric spooles solver
 Using up to 4 cpu(s) for spooles.

 Using up to 4 cpu(s) for the stress calculation.

 average force= 0.000073
 time avg. forc= 0.100000
 largest residual force= 0.049418 in node 23744 and dof 2
 largest increment of disp= 2.563058e-03
 largest correction to disp= 2.563058e-03 in node 23743 and dof 1

 no convergence

 iteration 6

 Using up to 4 cpu(s) for the symmetric stiffness/mass contributions.

 Factoring the system of equations using the symmetric spooles solver
 Using up to 4 cpu(s) for spooles.

 Using up to 4 cpu(s) for the stress calculation.

 average force= 0.015168
 time avg. forc= 0.100000
 largest residual force= 446.380225 in node 23751 and dof 2
 largest increment of disp= 2.563058e-03
 largest correction to disp= 1.821391e-03 in node 23745 and dof 2

 no convergence

 iteration 7

 Using up to 4 cpu(s) for the symmetric stiffness/mass contributions.

 Factoring the system of equations using the symmetric spooles solver
 Using up to 4 cpu(s) for spooles.

 Using up to 4 cpu(s) for the stress calculation.

 average force= 0.066992
 time avg. forc= 0.100000
 largest residual force= 1860.562840 in node 28064 and dof 3
 largest increment of disp= 1.271895e-02
 largest correction to disp= 1.271895e-02 in node 28063 and dof 2

 no convergence

 iteration 8

 Using up to 4 cpu(s) for the symmetric stiffness/mass contributions.

 Factoring the system of equations using the symmetric spooles solver
 Using up to 4 cpu(s) for spooles.

 Using up to 4 cpu(s) for the stress calculation.

 average force= 731090681.584793
 time avg. forc= 0.100000
 largest residual force= 21455411782384.582031 in node 28200 and dof 2
 largest increment of disp= 1.846409e+00
 largest correction to disp= 1.846409e+00 in node 27916 and dof 1

 divergence; the increment size is decreased to 6.179810e-06
 the increment is reattempted

 increment 63 attempt 2 
 increment size= 6.179810e-06
 sum of previous increments=6.736514e-01
 actual step time=6.736575e-01
 actual total time=6.736575e-01

 iteration 1

 Using up to 4 cpu(s) for the stress calculation.

 Using up to 4 cpu(s) for the symmetric stiffness/mass contributions.

 Factoring the system of equations using the symmetric spooles solver
 Using up to 4 cpu(s) for spooles.

 Using up to 4 cpu(s) for the stress calculation.

 average force= 0.000068
 time avg. forc= 0.100000
 largest residual force= 0.000003 in node 4883 and dof 1
 largest increment of disp= 2.150156e-05
 largest correction to disp= 1.786588e-05 in node 23752 and dof 1

 no convergence

 iteration 2

 Using up to 4 cpu(s) for the symmetric stiffness/mass contributions.

 Factoring the system of equations using the symmetric spooles solver
 Using up to 4 cpu(s) for spooles.

 Using up to 4 cpu(s) for the stress calculation.

 average force= 0.000068
 time avg. forc= 0.100000
 largest residual force= 0.000034 in node 4883 and dof 1
 largest increment of disp= 6.212730e-05
 largest correction to disp= 6.212730e-05 in node 23752 and dof 1

 no convergence

 iteration 3

 Using up to 4 cpu(s) for the symmetric stiffness/mass contributions.

 Factoring the system of equations using the symmetric spooles solver
 Using up to 4 cpu(s) for spooles.

 Using up to 4 cpu(s) for the stress calculation.

 average force= 0.000068
 time avg. forc= 0.100000
 largest residual force= 0.000005 in node 4883 and dof 1
 largest increment of disp= 6.212730e-05
 largest correction to disp= 2.127673e-05 in node 23752 and dof 1

 no convergence

 iteration 4

 Using up to 4 cpu(s) for the symmetric stiffness/mass contributions.

 Factoring the system of equations using the symmetric spooles solver
 Using up to 4 cpu(s) for spooles.

 Using up to 4 cpu(s) for the stress calculation.

 average force= 0.000068
 time avg. forc= 0.100000
 largest residual force= 0.000055 in node 4883 and dof 1
 largest increment of disp= 7.510467e-05
 largest correction to disp= 7.510467e-05 in node 23752 and dof 1

 no convergence

 iteration 5

 Using up to 4 cpu(s) for the symmetric stiffness/mass contributions.

 Factoring the system of equations using the symmetric spooles solver
 Using up to 4 cpu(s) for spooles.

 Using up to 4 cpu(s) for the stress calculation.

 average force= 0.000068
 time avg. forc= 0.100000
 largest residual force= 0.000000 in node 7803 and dof 1
 largest increment of disp= 7.510467e-05
 largest correction to disp= 9.828179e-06 in node 28063 and dof 1

 convergence

 increment 64 attempt 1 
 increment size= 6.179810e-06
 sum of previous increments=6.736575e-01
 actual step time=6.736637e-01
 actual total time=6.736637e-01

 iteration 1

 Using up to 4 cpu(s) for the stress calculation.

 Using up to 4 cpu(s) for the symmetric stiffness/mass contributions.

 Factoring the system of equations using the symmetric spooles solver
 Using up to 4 cpu(s) for spooles.

 Using up to 4 cpu(s) for the stress calculation.

 average force= 0.000068
 time avg. forc= 0.100000
 largest residual force= 0.000364 in node 4883 and dof 1
 largest increment of disp= 2.101226e-04
 largest correction to disp= 2.101226e-04 in node 23752 and dof 1

 no convergence

 iteration 2

 Using up to 4 cpu(s) for the symmetric stiffness/mass contributions.

 Factoring the system of equations using the symmetric spooles solver
 Using up to 4 cpu(s) for spooles.

 Using up to 4 cpu(s) for the stress calculation.

 average force= 0.000068
 time avg. forc= 0.100000
 largest residual force= 0.000185 in node 6395 and dof 1
 largest increment of disp= 2.101226e-04
 largest correction to disp= 1.422979e-04 in node 28072 and dof 1

 no convergence

 iteration 3

 Using up to 4 cpu(s) for the symmetric stiffness/mass contributions.

 Factoring the system of equations using the symmetric spooles solver
 Using up to 4 cpu(s) for spooles.

 Using up to 4 cpu(s) for the stress calculation.

 average force= 0.000068
 time avg. forc= 0.100000
 largest residual force= 0.000062 in node 4863 and dof 3
 largest increment of disp= 2.101226e-04
 largest correction to disp= 6.839956e-05 in node 23700 and dof 3

 no convergence

 iteration 4

 Using up to 4 cpu(s) for the symmetric stiffness/mass contributions.

 Factoring the system of equations using the symmetric spooles solver
 Using up to 4 cpu(s) for spooles.

 Using up to 4 cpu(s) for the stress calculation.

 average force= 0.001084
 time avg. forc= 0.100000
 largest residual force= 13.927419 in node 28071 and dof 2
 largest increment of disp= 8.084152e-03
 largest correction to disp= 8.084152e-03 in node 28063 and dof 1

 no convergence

 iteration 5

 Using up to 4 cpu(s) for the symmetric stiffness/mass contributions.

 Factoring the system of equations using the symmetric spooles solver
 Using up to 4 cpu(s) for spooles.

 Using up to 4 cpu(s) for the stress calculation.

 average force= 0.827594
 time avg. forc= 0.100000
 largest residual force= 12466.787999 in node 23826 and dof 1
 largest increment of disp= 2.535815e-02
 largest correction to disp= 2.535815e-02 in node 28218 and dof 1

 no convergence

 iteration 6

 Using up to 4 cpu(s) for the symmetric stiffness/mass contributions.

 Factoring the system of equations using the symmetric spooles solver
 Using up to 4 cpu(s) for spooles.

 Using up to 4 cpu(s) for the stress calculation.

 average force= 6479.284315
 time avg. forc= 0.100000
 largest residual force= 101455542.490307 in node 24970 and dof 1
 largest increment of disp= 1.725922e-01
 largest correction to disp= 1.725922e-01 in node 29289 and dof 3

 no convergence

 iteration 7

 Using up to 4 cpu(s) for the symmetric stiffness/mass contributions.

 Factoring the system of equations using the symmetric spooles solver
 Using up to 4 cpu(s) for spooles.

 Using up to 4 cpu(s) for the stress calculation.

 average force= 1749511650.299545
 time avg. forc= 0.100000
 largest residual force= 32915121970403.132812 in node 34945 and dof 3
 largest increment of disp= 1.283153e+00
 largest correction to disp= 1.283153e+00 in node 27723 and dof 1

 no convergence

 iteration 8

 Using up to 4 cpu(s) for the symmetric stiffness/mass contributions.

 Factoring the system of equations using the symmetric spooles solver
 Using up to 4 cpu(s) for spooles.

 Using up to 4 cpu(s) for the stress calculation.

 average force= 3836727089410049024.000000
 time avg. forc= 0.100000
 largest residual force= 266000022891765614772224.000000 in node 28381 and dof 3
 largest increment of disp= 1.410544e+02
 largest correction to disp= 1.410544e+02 in node 28380 and dof 1

 divergence; the increment size is decreased to 1.544952e-06
 the increment is reattempted

 increment 64 attempt 2 
 increment size= 1.544952e-06
 sum of previous increments=6.736575e-01
 actual step time=6.736591e-01
 actual total time=6.736591e-01

 iteration 1

 Using up to 4 cpu(s) for the stress calculation.

 Using up to 4 cpu(s) for the symmetric stiffness/mass contributions.

 Factoring the system of equations using the symmetric spooles solver
 Using up to 4 cpu(s) for spooles.

 Using up to 4 cpu(s) for the stress calculation.

 average force= 0.000069
 time avg. forc= 0.100000
 largest residual force= 0.006693 in node 4862 and dof 1
 largest increment of disp= 9.408937e-04
 largest correction to disp= 9.408937e-04 in node 23752 and dof 1

 no convergence

 iteration 2

 Using up to 4 cpu(s) for the symmetric stiffness/mass contributions.

 Factoring the system of equations using the symmetric spooles solver
 Using up to 4 cpu(s) for spooles.

 Using up to 4 cpu(s) for the stress calculation.

 average force= 0.001715
 time avg. forc= 0.100000
 largest residual force= 62.943542 in node 23732 and dof 2
 largest increment of disp= 3.179985e-03
 largest correction to disp= 3.179985e-03 in node 23752 and dof 3

 no convergence

 iteration 3

 Using up to 4 cpu(s) for the symmetric stiffness/mass contributions.

 Factoring the system of equations using the symmetric spooles solver
 Using up to 4 cpu(s) for spooles.

 Using up to 4 cpu(s) for the stress calculation.

 average force= 0.521006
 time avg. forc= 0.100000
 largest residual force= 5940.677462 in node 4926 and dof 3
 largest increment of disp= 2.370074e-02
 largest correction to disp= 2.370074e-02 in node 28168 and dof 2

 no convergence

 iteration 4

 Using up to 4 cpu(s) for the symmetric stiffness/mass contributions.

 Factoring the system of equations using the symmetric spooles solver
 Using up to 4 cpu(s) for spooles.

 Using up to 4 cpu(s) for the stress calculation.

 average force= 15219.727927
 time avg. forc= 0.100000
 largest residual force= 107723767.661209 in node 14708 and dof 1
 largest increment of disp= 7.481128e-02
 largest correction to disp= 7.481128e-02 in node 23936 and dof 2

 no convergence

 iteration 5

 Using up to 4 cpu(s) for the symmetric stiffness/mass contributions.

 Factoring the system of equations using the symmetric spooles solver
 Using up to 4 cpu(s) for spooles.

 Using up to 4 cpu(s) for the stress calculation.

 average force= 22809659.995707
 time avg. forc= 0.100000
 largest residual force= 370811190571.893433 in node 35415 and dof 1
 largest increment of disp= 4.290839e-01
 largest correction to disp= 4.290839e-01 in node 24478 and dof 1

 no convergence

 iteration 6

 Using up to 4 cpu(s) for the symmetric stiffness/mass contributions.

 Factoring the system of equations using the symmetric spooles solver
 Using up to 4 cpu(s) for spooles.

 Using up to 4 cpu(s) for the stress calculation.

 average force= 9618228101937706.000000
 time avg. forc= 0.100000
 largest residual force= 358776338940533735424.000000 in node 19379 and dof 2
 largest increment of disp= 3.156978e+01
 largest correction to disp= 3.156978e+01 in node 30486 and dof 2

 divergence; the increment size is decreased to 3.862381e-07
 the increment is reattempted


 *ERROR: increment size smaller than minimum
 best solution and residuals are in the frd file

