=== on-caso-3 (CCX): polyMesh -> CalculiX .inp  [k_winkler=200000 Pa/m] ===
[1/5] Lendo polyMesh em ../solid/constant/polyMesh
      nodes=5317, faces=14796, cells=4752, patches=10, zones=['on', 'pia', 'sas', 'dura', 'lc', 'sclera_peri', 'sclera_ring', 'globo']
[2/5] Reconstruindo conectividade C3D8 (4752 celulas)
      OK
[3/5] Escrevendo malha em on-caso-3_mesh.inp
      DURA_INNER_SURF: 240 faces (interface dura<->sas)
[4/5] Escrevendo Winkler em on-caso-3_winkler.inp
[5/5] Concluido. Total: 5317 nodes, 4752 hex C3D8I.
=== on-caso-3 (CCX): P_CONTACT = 4517 Pa (arteria oftalmica) ===
295:CONTACT_LOCAL_SURF, P, 4517
=== on-caso-3 (CCX): solver ccx_preCICE -i on-caso-3  [tag=Pc4517] ===

************************************************************

CalculiX Version 2.20, Copyright(C) 1998-2022 Guido Dhondt
CalculiX comes with ABSOLUTELY NO WARRANTY. This is free
software, and you are welcome to redistribute it under
certain conditions, see gpl.htm

************************************************************

You are using an executable made on Sun Jul 31 18:08:37 CEST 2022

  The numbers below are estimated upper bounds

  number of:

   nodes:        19822
   elements:         5001
   one-dimensional elements:            0
   two-dimensional elements:            0
   integration points per element:            8
   degrees of freedom per node:            3
   layers per element:            1

   distributed facial loads:          242
   distributed volumetric loads:            0
   concentrated loads:          409
   single point constraints:         3417
   multiple point constraints:            1
   terms in all multiple point constraints:            1
   tie constraints:            0
   dependent nodes tied by cyclic constraints:            0
   dependent nodes in pre-tension constraints:            0

   sets:          280
   terms in all sets:        18471

   materials:          257
   constants per material and temperature:            9
   temperature points per material:            1
   plastic data points per material:            0

   orientations:            1
   amplitudes:            8
   data points in all amplitudes:           11
   print requests:            8
   transformations:            0
   property cards:            0

 *INFO reading *HYPERELASTIC: nonlinear geometric
       effects are turned on

 *INFO reading *HYPERELASTIC: nonlinear geometric
       effects are turned on

 *INFO reading *HYPERELASTIC: nonlinear geometric
       effects are turned on

 *INFO reading *HYPERELASTIC: nonlinear geometric
       effects are turned on

 *INFO reading *HYPERELASTIC: nonlinear geometric
       effects are turned on

 *INFO reading *HYPERELASTIC: nonlinear geometric
       effects are turned on

 *INFO reading *HYPERELASTIC: nonlinear geometric
       effects are turned on

 *INFO reading *STEP: nonlinear geometric
       effects are turned on

 *WARNING reading *STATIC: parameter not recognized:
          RIKS
 *WARNING reading *STATIC. Card image:
          *STATIC,RIKS

 *WARNING reading *STATIC:
          the minimum increment    1.0000000000000000E-008
          is smaller then 1.e-6 times the 
          step time;
          the minimum increment is changed
          to    9.9999999999999995E-007
          which is the minimum of the initial
          increment time and 1.e-6 times the step time


 STEP            1

 Static analysis was selected

 Nonlinear material laws are taken into account

 Newton-Raphson iterative procedure is active

 Nonlinear geometric effects are taken into account

 Decascading the MPC's

 Determining the structure of the matrix:
 Using up to 1 cpu(s) for setting up the structure of the matrix.
 number of equations
 56265
 number of nonzero lower triangular matrix elements
 1607559

 increment 1 attempt 1 
 increment size= 2.500000e-02
 sum of previous increments=0.000000e+00
 actual step time=2.500000e-02
 actual total time=2.500000e-02

 iteration 1

 Using up to 1 cpu(s) for the stress calculation.

 Using up to 1 cpu(s) for the symmetric stiffness/mass contributions.

 Factoring the system of equations using the symmetric spooles solver
 Using up to 1 cpu(s) for spooles.

 Using up to 1 cpu(s) for the stress calculation.

 average force= 0.000006
 time avg. forc= 0.000006
 largest residual force= 0.000080 in node 2176 and dof 1
 largest increment of disp= 3.749468e-05
 largest correction to disp= 3.749468e-05 in node 4727 and dof 3

 no convergence

 iteration 2

 Using up to 1 cpu(s) for the symmetric stiffness/mass contributions.

 Factoring the system of equations using the symmetric spooles solver
 Using up to 1 cpu(s) for spooles.

 Using up to 1 cpu(s) for the stress calculation.

 average force= 0.000006
 time avg. forc= 0.000006
 largest residual force= 0.000000 in node 3779 and dof 1
 largest increment of disp= 3.749468e-05
 largest correction to disp= 7.630620e-07 in node 4335 and dof 3

 convergence

 increment 2 attempt 1 
 increment size= 2.500000e-02
 sum of previous increments=2.500000e-02
 actual step time=5.000000e-02
 actual total time=5.000000e-02

 iteration 1

 Using up to 1 cpu(s) for the stress calculation.

 Using up to 1 cpu(s) for the symmetric stiffness/mass contributions.

 Factoring the system of equations using the symmetric spooles solver
 Using up to 1 cpu(s) for spooles.

 Using up to 1 cpu(s) for the stress calculation.

 average force= 0.000013
 time avg. forc= 0.000010
 largest residual force= 0.000000 in node 3545 and dof 2
 largest increment of disp= 3.749494e-05
 largest correction to disp= 1.756584e-07 in node 16632 and dof 2

 no convergence

 iteration 2

 Using up to 1 cpu(s) for the symmetric stiffness/mass contributions.

 Factoring the system of equations using the symmetric spooles solver
 Using up to 1 cpu(s) for spooles.

 Using up to 1 cpu(s) for the stress calculation.

 average force= 0.000013
 time avg. forc= 0.000010
 largest residual force= 0.000000 in node 2169 and dof 1
 largest increment of disp= 3.749494e-05
 largest correction to disp= 4.526705e-10 in node 11063 and dof 1

 convergence; the increment size is increased to 3.750000e-02

 increment 3 attempt 1 
 increment size= 3.750000e-02
 sum of previous increments=5.000000e-02
 actual step time=8.750000e-02
 actual total time=8.750000e-02

 iteration 1

 Using up to 1 cpu(s) for the stress calculation.

 Using up to 1 cpu(s) for the symmetric stiffness/mass contributions.

 Factoring the system of equations using the symmetric spooles solver
 Using up to 1 cpu(s) for spooles.

 Using up to 1 cpu(s) for the stress calculation.

 average force= 0.000023
 time avg. forc= 0.000014
 largest residual force= 0.000001 in node 2155 and dof 1
 largest increment of disp= 5.624270e-05
 largest correction to disp= 4.638566e-07 in node 16632 and dof 2

 no convergence

 iteration 2

 Using up to 1 cpu(s) for the symmetric stiffness/mass contributions.

 Factoring the system of equations using the symmetric spooles solver
 Using up to 1 cpu(s) for spooles.

 Using up to 1 cpu(s) for the stress calculation.

 average force= 0.000023
 time avg. forc= 0.000014
 largest residual force= 0.000000 in node 2176 and dof 1
 largest increment of disp= 5.624270e-05
 largest correction to disp= 5.231113e-09 in node 11081 and dof 1

 convergence; the increment size is increased to 5.625000e-02

 the increment size exceeds the maximum allowed and is decreased to 5.000000e-02

 increment 4 attempt 1 
 increment size= 5.000000e-02
 sum of previous increments=8.750000e-02
 actual step time=1.375000e-01
 actual total time=1.375000e-01

 iteration 1

 Using up to 1 cpu(s) for the stress calculation.

 Using up to 1 cpu(s) for the symmetric stiffness/mass contributions.

 Factoring the system of equations using the symmetric spooles solver
 Using up to 1 cpu(s) for spooles.

 Using up to 1 cpu(s) for the stress calculation.

 average force= 0.000036
 time avg. forc= 0.000020
 largest residual force= 0.000087 in node 2169 and dof 1
 largest increment of disp= 7.499077e-05
 largest correction to disp= 1.552079e-06 in node 11081 and dof 1

 no convergence

 iteration 2

 Using up to 1 cpu(s) for the symmetric stiffness/mass contributions.

 Factoring the system of equations using the symmetric spooles solver
 Using up to 1 cpu(s) for spooles.

 Using up to 1 cpu(s) for the stress calculation.

 average force= 0.000036
 time avg. forc= 0.000020
 largest residual force= 0.000002 in node 2176 and dof 1
 largest increment of disp= 7.499077e-05
 largest correction to disp= 2.358100e-07 in node 11081 and dof 1

 no convergence

 iteration 3

 Using up to 1 cpu(s) for the symmetric stiffness/mass contributions.

 Factoring the system of equations using the symmetric spooles solver
 Using up to 1 cpu(s) for spooles.

 Using up to 1 cpu(s) for the stress calculation.

 average force= 0.000036
 time avg. forc= 0.000020
 largest residual force= 0.000000 in node 2176 and dof 1
 largest increment of disp= 7.499077e-05
 largest correction to disp= 4.137925e-09 in node 11084 and dof 1

 convergence; the increment size is increased to 7.500000e-02

 the increment size exceeds the maximum allowed and is decreased to 5.000000e-02

 increment 5 attempt 1 
 increment size= 5.000000e-02
 sum of previous increments=1.375000e-01
 actual step time=1.875000e-01
 actual total time=1.875000e-01

 iteration 1

 Using up to 1 cpu(s) for the stress calculation.

 Using up to 1 cpu(s) for the symmetric stiffness/mass contributions.

 Factoring the system of equations using the symmetric spooles solver
 Using up to 1 cpu(s) for spooles.

 Using up to 1 cpu(s) for the stress calculation.

 average force= 0.000056
 time avg. forc= 0.000027
 largest residual force= 0.003254 in node 2176 and dof 1
 largest increment of disp= 7.499299e-05
 largest correction to disp= 9.433427e-06 in node 11099 and dof 1

 no convergence

 iteration 2

 Using up to 1 cpu(s) for the symmetric stiffness/mass contributions.

 Factoring the system of equations using the symmetric spooles solver
 Using up to 1 cpu(s) for spooles.

 Using up to 1 cpu(s) for the stress calculation.

 average force= 0.000060
 time avg. forc= 0.000028
 largest residual force= 0.007924 in node 2176 and dof 1
 largest increment of disp= 7.499299e-05
 largest correction to disp= 1.473307e-05 in node 11081 and dof 1

 no convergence

 iteration 3

 Using up to 1 cpu(s) for the symmetric stiffness/mass contributions.

 Factoring the system of equations using the symmetric spooles solver
 Using up to 1 cpu(s) for spooles.

 Using up to 1 cpu(s) for the stress calculation.

 average force= 0.000059
 time avg. forc= 0.000027
 largest residual force= 0.005840 in node 2311 and dof 1
 largest increment of disp= 7.499299e-05
 largest correction to disp= 1.261350e-05 in node 11462 and dof 1

 no convergence

 iteration 4

 Using up to 1 cpu(s) for the symmetric stiffness/mass contributions.

 Factoring the system of equations using the symmetric spooles solver
 Using up to 1 cpu(s) for spooles.

 Using up to 1 cpu(s) for the stress calculation.

 average force= 0.000083
 time avg. forc= 0.000032
 largest residual force= 0.016799 in node 2371 and dof 2
 largest increment of disp= 7.499299e-05
 largest correction to disp= 2.151055e-05 in node 11642 and dof 2

 no convergence

 iteration 5

 Using up to 1 cpu(s) for the symmetric stiffness/mass contributions.

 Factoring the system of equations using the symmetric spooles solver
 Using up to 1 cpu(s) for spooles.

 Using up to 1 cpu(s) for the stress calculation.

 average force= 0.000059
 time avg. forc= 0.000027
 largest residual force= 0.002864 in node 2311 and dof 1
 largest increment of disp= 7.499299e-05
 largest correction to disp= 8.820267e-06 in node 11459 and dof 1

 no convergence

 iteration 6

 Using up to 1 cpu(s) for the symmetric stiffness/mass contributions.

 Factoring the system of equations using the symmetric spooles solver
 Using up to 1 cpu(s) for spooles.

 Using up to 1 cpu(s) for the stress calculation.

 average force= 0.000081
 time avg. forc= 0.000032
 largest residual force= 0.029092 in node 2176 and dof 1
 largest increment of disp= 7.499299e-05
 largest correction to disp= 2.823979e-05 in node 11084 and dof 1

 no convergence

 iteration 7

 Using up to 1 cpu(s) for the symmetric stiffness/mass contributions.

 Factoring the system of equations using the symmetric spooles solver
 Using up to 1 cpu(s) for spooles.

 Using up to 1 cpu(s) for the stress calculation.

 average force= 0.000060
 time avg. forc= 0.000028
 largest residual force= 0.000074 in node 2311 and dof 1
 largest increment of disp= 7.499299e-05
 largest correction to disp= 1.409172e-06 in node 11441 and dof 1

 no convergence

 iteration 8

 Using up to 1 cpu(s) for the symmetric stiffness/mass contributions.

 Factoring the system of equations using the symmetric spooles solver
 Using up to 1 cpu(s) for spooles.

 Using up to 1 cpu(s) for the stress calculation.

 average force= 0.000060
 time avg. forc= 0.000028
 largest residual force= 0.000365 in node 2311 and dof 1
 largest increment of disp= 7.499299e-05
 largest correction to disp= 3.158905e-06 in node 11462 and dof 1

 estimated number of iterations till convergence = 4
 no convergence

 iteration 9

 Using up to 1 cpu(s) for the symmetric stiffness/mass contributions.

 Factoring the system of equations using the symmetric spooles solver
 Using up to 1 cpu(s) for spooles.

 Using up to 1 cpu(s) for the stress calculation.

 average force= 0.000060
 time avg. forc= 0.000028
 largest residual force= 0.000001 in node 2311 and dof 1
 largest increment of disp= 7.499299e-05
 largest correction to disp= 1.805600e-07 in node 11444 and dof 1

 estimated number of iterations till convergence = 10
 no convergence

 iteration 10

 Using up to 1 cpu(s) for the symmetric stiffness/mass contributions.

 Factoring the system of equations using the symmetric spooles solver
 Using up to 1 cpu(s) for spooles.

 Using up to 1 cpu(s) for the stress calculation.

 average force= 0.000060
 time avg. forc= 0.000028
 largest residual force= 0.000000 in node 2311 and dof 1
 largest increment of disp= 7.499299e-05
 largest correction to disp= 1.542335e-08 in node 11444 and dof 1

 convergence

 Using up to 1 cpu(s) for the stress calculation.

 increment 6 attempt 1 
 increment size= 5.000000e-02
 sum of previous increments=1.875000e-01
 actual step time=2.375000e-01
 actual total time=2.375000e-01

 iteration 1

 Using up to 1 cpu(s) for the stress calculation.

 Using up to 1 cpu(s) for the symmetric stiffness/mass contributions.

 Factoring the system of equations using the symmetric spooles solver
 Using up to 1 cpu(s) for spooles.

 Using up to 1 cpu(s) for the stress calculation.

 average force= 0.000112
 time avg. forc= 0.000042
 largest residual force= 0.003602 in node 2176 and dof 1
 largest increment of disp= 7.570228e-05
 largest correction to disp= 2.552246e-05 in node 16242 and dof 1

 no convergence

 iteration 2

 Using up to 1 cpu(s) for the symmetric stiffness/mass contributions.

 Factoring the system of equations using the symmetric spooles solver
 Using up to 1 cpu(s) for spooles.

 Using up to 1 cpu(s) for the stress calculation.

 average force= 0.000156
 time avg. forc= 0.000049
 largest residual force= 0.040335 in node 2370 and dof 2
 largest increment of disp= 7.570228e-05
 largest correction to disp= 3.683558e-05 in node 17000 and dof 1

 no convergence

 iteration 3

 Using up to 1 cpu(s) for the symmetric stiffness/mass contributions.

 Factoring the system of equations using the symmetric spooles solver
 Using up to 1 cpu(s) for spooles.

 Using up to 1 cpu(s) for the stress calculation.

 average force= 0.000132
 time avg. forc= 0.000045
 largest residual force= 0.021378 in node 2176 and dof 1
 largest increment of disp= 7.570228e-05
 largest correction to disp= 2.880409e-05 in node 16280 and dof 1

 no convergence

 iteration 4

 Using up to 1 cpu(s) for the symmetric stiffness/mass contributions.

 Factoring the system of equations using the symmetric spooles solver
 Using up to 1 cpu(s) for spooles.

 Using up to 1 cpu(s) for the stress calculation.

 average force= 0.000176
 time avg. forc= 0.000052
 largest residual force= 0.019856 in node 2243 and dof 2
 largest increment of disp= 7.570228e-05
 largest correction to disp= 3.921966e-05 in node 16274 and dof 1

 no convergence

 iteration 5

 Using up to 1 cpu(s) for the symmetric stiffness/mass contributions.

 Factoring the system of equations using the symmetric spooles solver
 Using up to 1 cpu(s) for spooles.

 Using up to 1 cpu(s) for the stress calculation.

 average force= 0.000165
 time avg. forc= 0.000051
 largest residual force= 0.049706 in node 2176 and dof 1
 largest increment of disp= 7.570228e-05
 largest correction to disp= 3.672052e-05 in node 11084 and dof 1

 no convergence

 iteration 6

 Using up to 1 cpu(s) for the symmetric stiffness/mass contributions.

 Factoring the system of equations using the symmetric spooles solver
 Using up to 1 cpu(s) for spooles.

 Using up to 1 cpu(s) for the stress calculation.

 average force= 0.000158
 time avg. forc= 0.000049
 largest residual force= 0.011575 in node 2174 and dof 1
 largest increment of disp= 7.570228e-05
 largest correction to disp= 1.654961e-05 in node 11078 and dof 1

 no convergence

 iteration 7

 Using up to 1 cpu(s) for the symmetric stiffness/mass contributions.

 Factoring the system of equations using the symmetric spooles solver
 Using up to 1 cpu(s) for spooles.

 Using up to 1 cpu(s) for the stress calculation.

 average force= 0.000219
 time avg. forc= 0.000060
 largest residual force= 0.159788 in node 2176 and dof 1
 largest increment of disp= 7.570228e-05
 largest correction to disp= 6.607606e-05 in node 11084 and dof 1

 no convergence

 iteration 8

 Using up to 1 cpu(s) for the symmetric stiffness/mass contributions.

 Factoring the system of equations using the symmetric spooles solver
 Using up to 1 cpu(s) for spooles.

 Using up to 1 cpu(s) for the stress calculation.

 average force= 0.000154
 time avg. forc= 0.000049
 largest residual force= 0.000809 in node 2372 and dof 2
 largest increment of disp= 7.570228e-05
 largest correction to disp= 6.841792e-06 in node 7230 and dof 1

 estimated number of iterations till convergence = 10
 no convergence

 iteration 9

 Using up to 1 cpu(s) for the symmetric stiffness/mass contributions.

 Factoring the system of equations using the symmetric spooles solver
 Using up to 1 cpu(s) for spooles.

 Using up to 1 cpu(s) for the stress calculation.

 average force= 0.000166
 time avg. forc= 0.000051
 largest residual force= 0.018209 in node 2169 and dof 1
 largest increment of disp= 7.570228e-05
 largest correction to disp= 2.237341e-05 in node 11081 and dof 1

 estimated number of iterations till convergence = 6
 no convergence

 iteration 10

 Using up to 1 cpu(s) for the symmetric stiffness/mass contributions.

 Factoring the system of equations using the symmetric spooles solver
 Using up to 1 cpu(s) for spooles.

 Using up to 1 cpu(s) for the stress calculation.

 average force= 0.000157
 time avg. forc= 0.000049
 largest residual force= 0.000149 in node 2176 and dof 1
 largest increment of disp= 7.570228e-05
 largest correction to disp= 2.011266e-06 in node 11084 and dof 1

 estimated number of iterations till convergence = 12
 no convergence

 iteration 11

 Using up to 1 cpu(s) for the symmetric stiffness/mass contributions.

 Factoring the system of equations using the symmetric spooles solver
 Using up to 1 cpu(s) for spooles.

 Using up to 1 cpu(s) for the stress calculation.

 average force= 0.000157
 time avg. forc= 0.000049
 largest residual force= 0.000091 in node 2169 and dof 1
 largest increment of disp= 7.570228e-05
 largest correction to disp= 1.583727e-06 in node 11084 and dof 1

 estimated number of iterations till convergence = 24
 too slow convergence; the increment size is decreased to 2.500000e-02
 the increment is reattempted

 increment 6 attempt 2 
 increment size= 2.500000e-02
 sum of previous increments=1.875000e-01
 actual step time=2.125000e-01
 actual total time=2.125000e-01

 iteration 1

 Using up to 1 cpu(s) for the stress calculation.

 Using up to 1 cpu(s) for the symmetric stiffness/mass contributions.

 Factoring the system of equations using the symmetric spooles solver
 Using up to 1 cpu(s) for spooles.

 Using up to 1 cpu(s) for the stress calculation.

 average force= 0.000082
 time avg. forc= 0.000037
 largest residual force= 0.005602 in node 2176 and dof 1
 largest increment of disp= 3.785114e-05
 largest correction to disp= 1.237229e-05 in node 11099 and dof 1

 no convergence

 iteration 2

 Using up to 1 cpu(s) for the symmetric stiffness/mass contributions.

 Factoring the system of equations using the symmetric spooles solver
 Using up to 1 cpu(s) for spooles.

 Using up to 1 cpu(s) for the stress calculation.

 average force= 0.001366
 time avg. forc= 0.000251
 largest residual force= 0.849175 in node 2371 and dof 2
 largest increment of disp= 1.512963e-04
 largest correction to disp= 1.512963e-04 in node 11645 and dof 2

 no convergence

 iteration 3

 Using up to 1 cpu(s) for the symmetric stiffness/mass contributions.

 Factoring the system of equations using the symmetric spooles solver
 Using up to 1 cpu(s) for spooles.

 Using up to 1 cpu(s) for the stress calculation.

 average force= 0.000111
 time avg. forc= 0.000042
 largest residual force= 0.001937 in node 2370 and dof 2
 largest increment of disp= 1.512963e-04
 largest correction to disp= 9.508664e-06 in node 9429 and dof 1

 no convergence

 iteration 4

 Using up to 1 cpu(s) for the symmetric stiffness/mass contributions.

 Factoring the system of equations using the symmetric spooles solver
 Using up to 1 cpu(s) for spooles.

 Using up to 1 cpu(s) for the stress calculation.

 average force= 0.000167
 time avg. forc= 0.000051
 largest residual force= 0.075774 in node 2370 and dof 2
 largest increment of disp= 1.512963e-04
 largest correction to disp= 4.745039e-05 in node 11642 and dof 2

 no convergence

 iteration 5

 Using up to 1 cpu(s) for the symmetric stiffness/mass contributions.

 Factoring the system of equations using the symmetric spooles solver
 Using up to 1 cpu(s) for spooles.

 Using up to 1 cpu(s) for the stress calculation.

 average force= 0.000099
 time avg. forc= 0.000040
 largest residual force= 0.001720 in node 2371 and dof 2
 largest increment of disp= 1.512963e-04
 largest correction to disp= 6.925617e-06 in node 11642 and dof 2

 no convergence

 iteration 6

 Using up to 1 cpu(s) for the symmetric stiffness/mass contributions.

 Factoring the system of equations using the symmetric spooles solver
 Using up to 1 cpu(s) for spooles.

 Using up to 1 cpu(s) for the stress calculation.

 average force= 0.000104
 time avg. forc= 0.000040
 largest residual force= 0.012022 in node 2370 and dof 2
 largest increment of disp= 1.512963e-04
 largest correction to disp= 1.872873e-05 in node 11642 and dof 2

 no convergence

 iteration 7

 Using up to 1 cpu(s) for the symmetric stiffness/mass contributions.

 Factoring the system of equations using the symmetric spooles solver
 Using up to 1 cpu(s) for spooles.

 Using up to 1 cpu(s) for the stress calculation.

 average force= 0.000094
 time avg. forc= 0.000039
 largest residual force= 0.000329 in node 2370 and dof 2
 largest increment of disp= 1.512963e-04
 largest correction to disp= 3.094918e-06 in node 11642 and dof 2

 no convergence

 iteration 8

 Using up to 1 cpu(s) for the symmetric stiffness/mass contributions.

 Factoring the system of equations using the symmetric spooles solver
 Using up to 1 cpu(s) for spooles.

 Using up to 1 cpu(s) for the stress calculation.

 average force= 0.000093
 time avg. forc= 0.000039
 largest residual force= 0.000149 in node 2370 and dof 2
 largest increment of disp= 1.512963e-04
 largest correction to disp= 2.076828e-06 in node 11624 and dof 2

 estimated number of iterations till convergence = 17
 too slow convergence; the increment size is decreased to 1.250000e-02
 the increment is reattempted

 increment 6 attempt 3 
 increment size= 1.250000e-02
 sum of previous increments=1.875000e-01
 actual step time=2.000000e-01
 actual total time=2.000000e-01

 iteration 1

 Using up to 1 cpu(s) for the stress calculation.

 Using up to 1 cpu(s) for the symmetric stiffness/mass contributions.

 Factoring the system of equations using the symmetric spooles solver
 Using up to 1 cpu(s) for spooles.

 Using up to 1 cpu(s) for the stress calculation.

 average force= 0.003841
 time avg. forc= 0.000663
 largest residual force= 3.881207 in node 2176 and dof 1
 largest increment of disp= 3.270000e-04
 largest correction to disp= 3.270000e-04 in node 11099 and dof 1

 no convergence

 iteration 2

 Using up to 1 cpu(s) for the symmetric stiffness/mass contributions.

 Factoring the system of equations using the symmetric spooles solver
 Using up to 1 cpu(s) for spooles.

 Using up to 1 cpu(s) for the stress calculation.

 average force= 20754673.427949
 time avg. forc= 3459112.238014
 largest residual force= 45137990186.062202 in node 2167 and dof 1
 largest increment of disp= 1.286003e-01
 largest correction to disp= 1.286003e-01 in node 11057 and dof 2

 no convergence

 iteration 3

 Using up to 1 cpu(s) for the symmetric stiffness/mass contributions.

 Factoring the system of equations using the symmetric spooles solver
 Using up to 1 cpu(s) for spooles.

 Using up to 1 cpu(s) for the stress calculation.

 average force= 3401217738978.937012
 time avg. forc= 566869623163.156128
 largest residual force= 22815021105274188.000000 in node 3778 and dof 3
 largest increment of disp= 1.385851e+01
 largest correction to disp= 1.385851e+01 in node 15426 and dof 1

 no convergence

 iteration 4

 Using up to 1 cpu(s) for the symmetric stiffness/mass contributions.

 Factoring the system of equations using the symmetric spooles solver
 Using up to 1 cpu(s) for spooles.

 Using up to 1 cpu(s) for the stress calculation.

 average force= 460368220583585513472.000000
 time avg. forc= 76728036763930918912.000000
 largest residual force= 12925617884741913160974336.000000 in node 11190 and dof 2
 largest increment of disp= 2.190900e+02
 largest correction to disp= 2.190900e+02 in node 11859 and dof 3

 divergence; the increment size is decreased to 3.125000e-03
 the increment is reattempted

 increment 6 attempt 4 
 increment size= 3.125000e-03
 sum of previous increments=1.875000e-01
 actual step time=1.906250e-01
 actual total time=1.906250e-01

 iteration 1

 Using up to 1 cpu(s) for the stress calculation.

 Using up to 1 cpu(s) for the symmetric stiffness/mass contributions.

 Factoring the system of equations using the symmetric spooles solver
 Using up to 1 cpu(s) for spooles.

 Using up to 1 cpu(s) for the stress calculation.

 average force= 0.000062
 time avg. forc= 0.000033
 largest residual force= 0.000083 in node 2245 and dof 2
 largest increment of disp= 4.731393e-06
 largest correction to disp= 1.500458e-06 in node 11279 and dof 2

 no convergence

 iteration 2

 Using up to 1 cpu(s) for the symmetric stiffness/mass contributions.

 Factoring the system of equations using the symmetric spooles solver
 Using up to 1 cpu(s) for spooles.

 Using up to 1 cpu(s) for the stress calculation.

 average force= 0.000062
 time avg. forc= 0.000033
 largest residual force= 0.000092 in node 2311 and dof 1
 largest increment of disp= 4.731393e-06
 largest correction to disp= 1.587352e-06 in node 11441 and dof 1

 no convergence

 iteration 3

 Using up to 1 cpu(s) for the symmetric stiffness/mass contributions.

 Factoring the system of equations using the symmetric spooles solver
 Using up to 1 cpu(s) for spooles.

 Using up to 1 cpu(s) for the stress calculation.

 average force= 0.000062
 time avg. forc= 0.000033
 largest residual force= 0.000000 in node 2311 and dof 1
 largest increment of disp= 4.731393e-06
 largest correction to disp= 4.265530e-08 in node 11459 and dof 1

 convergence

 increment 7 attempt 1 
 increment size= 3.125000e-03
 sum of previous increments=1.906250e-01
 actual step time=1.937500e-01
 actual total time=1.937500e-01

 iteration 1

 Using up to 1 cpu(s) for the stress calculation.

 Using up to 1 cpu(s) for the symmetric stiffness/mass contributions.

 Factoring the system of equations using the symmetric spooles solver
 Using up to 1 cpu(s) for spooles.

 Using up to 1 cpu(s) for the stress calculation.

 average force= 0.000065
 time avg. forc= 0.000038
 largest residual force= 0.000005 in node 2311 and dof 1
 largest increment of disp= 5.949728e-06
 largest correction to disp= 3.808511e-07 in node 11459 and dof 1

 no convergence

 iteration 2

 Using up to 1 cpu(s) for the symmetric stiffness/mass contributions.

 Factoring the system of equations using the symmetric spooles solver
 Using up to 1 cpu(s) for spooles.

 Using up to 1 cpu(s) for the stress calculation.

 average force= 0.000065
 time avg. forc= 0.000038
 largest residual force= 0.000000 in node 2311 and dof 1
 largest increment of disp= 5.949728e-06
 largest correction to disp= 1.436244e-07 in node 11441 and dof 1

 convergence; the increment size is increased to 4.687500e-03

 increment 8 attempt 1 
 increment size= 4.687500e-03
 sum of previous increments=1.937500e-01
 actual step time=1.984375e-01
 actual total time=1.984375e-01

 iteration 1

 Using up to 1 cpu(s) for the stress calculation.

 Using up to 1 cpu(s) for the symmetric stiffness/mass contributions.

 Factoring the system of equations using the symmetric spooles solver
 Using up to 1 cpu(s) for spooles.

 Using up to 1 cpu(s) for the stress calculation.

 average force= 0.000069
 time avg. forc= 0.000042
 largest residual force= 0.000010 in node 2311 and dof 1
 largest increment of disp= 8.142960e-06
 largest correction to disp= 5.194429e-07 in node 11459 and dof 1

 no convergence

 iteration 2

 Using up to 1 cpu(s) for the symmetric stiffness/mass contributions.

 Factoring the system of equations using the symmetric spooles solver
 Using up to 1 cpu(s) for spooles.

 Using up to 1 cpu(s) for the stress calculation.

 average force= 0.000069
 time avg. forc= 0.000042
 largest residual force= 0.000002 in node 2311 and dof 1
 largest increment of disp= 8.142960e-06
 largest correction to disp= 2.531099e-07 in node 11441 and dof 1

 no convergence

 iteration 3

 Using up to 1 cpu(s) for the symmetric stiffness/mass contributions.

 Factoring the system of equations using the symmetric spooles solver
 Using up to 1 cpu(s) for spooles.

 Using up to 1 cpu(s) for the stress calculation.

 average force= 0.000069
 time avg. forc= 0.000042
 largest residual force= 0.000000 in node 2311 and dof 1
 largest increment of disp= 8.142960e-06
 largest correction to disp= 1.372914e-09 in node 11441 and dof 1

 convergence; the increment size is increased to 7.031250e-03

 increment 9 attempt 1 
 increment size= 7.031250e-03
 sum of previous increments=1.984375e-01
 actual step time=2.054687e-01
 actual total time=2.054687e-01

 iteration 1

 Using up to 1 cpu(s) for the stress calculation.

 Using up to 1 cpu(s) for the symmetric stiffness/mass contributions.

 Factoring the system of equations using the symmetric spooles solver
 Using up to 1 cpu(s) for spooles.

 Using up to 1 cpu(s) for the stress calculation.

 average force= 0.000075
 time avg. forc= 0.000045
 largest residual force= 0.000022 in node 2311 and dof 1
 largest increment of disp= 1.106263e-05
 largest correction to disp= 7.684073e-07 in node 11462 and dof 1

 no convergence

 iteration 2

 Using up to 1 cpu(s) for the symmetric stiffness/mass contributions.

 Factoring the system of equations using the symmetric spooles solver
 Using up to 1 cpu(s) for spooles.

 Using up to 1 cpu(s) for the stress calculation.

 average force= 0.000075
 time avg. forc= 0.000045
 largest residual force= 0.000011 in node 2311 and dof 1
 largest increment of disp= 1.106263e-05
 largest correction to disp= 5.419644e-07 in node 11444 and dof 1

 no convergence

 iteration 3

 Using up to 1 cpu(s) for the symmetric stiffness/mass contributions.

 Factoring the system of equations using the symmetric spooles solver
 Using up to 1 cpu(s) for spooles.

 Using up to 1 cpu(s) for the stress calculation.

 average force= 0.000075
 time avg. forc= 0.000045
 largest residual force= 0.000000 in node 2311 and dof 1
 largest increment of disp= 1.106263e-05
 largest correction to disp= 5.474047e-09 in node 11444 and dof 1

 convergence; the increment size is increased to 1.054688e-02

 increment 10 attempt 1 
 increment size= 1.054688e-02
 sum of previous increments=2.054687e-01
 actual step time=2.160156e-01
 actual total time=2.160156e-01

 iteration 1

 Using up to 1 cpu(s) for the stress calculation.

 Using up to 1 cpu(s) for the symmetric stiffness/mass contributions.

 Factoring the system of equations using the symmetric spooles solver
 Using up to 1 cpu(s) for spooles.

 Using up to 1 cpu(s) for the stress calculation.

 average force= 0.000085
 time avg. forc= 0.000049
 largest residual force= 0.000041 in node 2311 and dof 1
 largest increment of disp= 1.602734e-05
 largest correction to disp= 1.388993e-06 in node 16244 and dof 1

 no convergence

 iteration 2

 Using up to 1 cpu(s) for the symmetric stiffness/mass contributions.

 Factoring the system of equations using the symmetric spooles solver
 Using up to 1 cpu(s) for spooles.

 Using up to 1 cpu(s) for the stress calculation.

 average force= 0.000085
 time avg. forc= 0.000049
 largest residual force= 0.000036 in node 2311 and dof 1
 largest increment of disp= 1.602734e-05
 largest correction to disp= 1.000621e-06 in node 11444 and dof 1

 no convergence

 iteration 3

 Using up to 1 cpu(s) for the symmetric stiffness/mass contributions.

 Factoring the system of equations using the symmetric spooles solver
 Using up to 1 cpu(s) for spooles.

 Using up to 1 cpu(s) for the stress calculation.

 average force= 0.000085
 time avg. forc= 0.000049
 largest residual force= 0.000000 in node 2311 and dof 1
 largest increment of disp= 1.602734e-05
 largest correction to disp= 1.612094e-08 in node 11444 and dof 1

 convergence; the increment size is increased to 1.582031e-02

 Using up to 1 cpu(s) for the stress calculation.

 increment 11 attempt 1 
 increment size= 1.582031e-02
 sum of previous increments=2.160156e-01
 actual step time=2.318359e-01
 actual total time=2.318359e-01

 iteration 1

 Using up to 1 cpu(s) for the stress calculation.

 Using up to 1 cpu(s) for the symmetric stiffness/mass contributions.

 Factoring the system of equations using the symmetric spooles solver
 Using up to 1 cpu(s) for spooles.

 Using up to 1 cpu(s) for the stress calculation.

 average force= 0.000114
 time avg. forc= 0.000055
 largest residual force= 0.002352 in node 4077 and dof 1
 largest increment of disp= 2.399517e-05
 largest correction to disp= 2.339344e-05 in node 16274 and dof 1

 no convergence

 iteration 2

 Using up to 1 cpu(s) for the symmetric stiffness/mass contributions.

 Factoring the system of equations using the symmetric spooles solver
 Using up to 1 cpu(s) for spooles.

 Using up to 1 cpu(s) for the stress calculation.

 average force= 0.000111
 time avg. forc= 0.000055
 largest residual force= 0.000150 in node 2176 and dof 1
 largest increment of disp= 2.399517e-05
 largest correction to disp= 5.505750e-06 in node 16274 and dof 1

 no convergence

 iteration 3

 Using up to 1 cpu(s) for the symmetric stiffness/mass contributions.

 Factoring the system of equations using the symmetric spooles solver
 Using up to 1 cpu(s) for spooles.

 Using up to 1 cpu(s) for the stress calculation.

 average force= 0.000109
 time avg. forc= 0.000055
 largest residual force= 0.000134 in node 4359 and dof 1
 largest increment of disp= 2.399517e-05
 largest correction to disp= 5.559514e-06 in node 17036 and dof 1

 no convergence

 iteration 4

 Using up to 1 cpu(s) for the symmetric stiffness/mass contributions.

 Factoring the system of equations using the symmetric spooles solver
 Using up to 1 cpu(s) for spooles.

 Using up to 1 cpu(s) for the stress calculation.

 average force= 0.000108
 time avg. forc= 0.000055
 largest residual force= 0.000012 in node 4359 and dof 1
 largest increment of disp= 2.399517e-05
 largest correction to disp= 1.684082e-06 in node 17000 and dof 1

 no convergence

 iteration 5

 Using up to 1 cpu(s) for the symmetric stiffness/mass contributions.

 Factoring the system of equations using the symmetric spooles solver
 Using up to 1 cpu(s) for spooles.

 Using up to 1 cpu(s) for the stress calculation.

 average force= 0.000108
 time avg. forc= 0.000055
 largest residual force= 0.000000 in node 4359 and dof 1
 largest increment of disp= 2.399517e-05
 largest correction to disp= 3.112356e-07 in node 16994 and dof 1

 convergence

 increment 12 attempt 1 
 increment size= 1.582031e-02
 sum of previous increments=2.318359e-01
 actual step time=2.476562e-01
 actual total time=2.476562e-01

 iteration 1

 Using up to 1 cpu(s) for the stress calculation.

 Using up to 1 cpu(s) for the symmetric stiffness/mass contributions.

 Factoring the system of equations using the symmetric spooles solver
 Using up to 1 cpu(s) for spooles.

 Using up to 1 cpu(s) for the stress calculation.

 average force= 0.000174
 time avg. forc= 0.000065
 largest residual force= 0.016020 in node 4359 and dof 1
 largest increment of disp= 6.085659e-05
 largest correction to disp= 6.085659e-05 in node 16994 and dof 1

 no convergence

 iteration 2

 Using up to 1 cpu(s) for the symmetric stiffness/mass contributions.

 Factoring the system of equations using the symmetric spooles solver
 Using up to 1 cpu(s) for spooles.

 Using up to 1 cpu(s) for the stress calculation.

 average force= 0.000154
 time avg. forc= 0.000063
 largest residual force= 0.000553 in node 4347 and dof 1
 largest increment of disp= 6.085659e-05
 largest correction to disp= 1.121936e-05 in node 16958 and dof 1

 no convergence

 iteration 3

 Using up to 1 cpu(s) for the symmetric stiffness/mass contributions.

 Factoring the system of equations using the symmetric spooles solver
 Using up to 1 cpu(s) for spooles.

 Using up to 1 cpu(s) for the stress calculation.

 average force= 0.000147
 time avg. forc= 0.000062
 largest residual force= 0.000439 in node 4347 and dof 1
 largest increment of disp= 6.085659e-05
 largest correction to disp= 1.007388e-05 in node 17000 and dof 1

 no convergence

 iteration 4

 Using up to 1 cpu(s) for the symmetric stiffness/mass contributions.

 Factoring the system of equations using the symmetric spooles solver
 Using up to 1 cpu(s) for spooles.

 Using up to 1 cpu(s) for the stress calculation.

 average force= 0.000144
 time avg. forc= 0.000062
 largest residual force= 0.000610 in node 3338 and dof 1
 largest increment of disp= 6.085659e-05
 largest correction to disp= 1.221132e-05 in node 16272 and dof 1

 no convergence

 iteration 5

 Using up to 1 cpu(s) for the symmetric stiffness/mass contributions.

 Factoring the system of equations using the symmetric spooles solver
 Using up to 1 cpu(s) for spooles.

 Using up to 1 cpu(s) for the stress calculation.

 average force= 0.000143
 time avg. forc= 0.000062
 largest residual force= 0.000009 in node 3761 and dof 1
 largest increment of disp= 6.085659e-05
 largest correction to disp= 1.480277e-06 in node 16992 and dof 1

 no convergence

 iteration 6

 Using up to 1 cpu(s) for the symmetric stiffness/mass contributions.

 Factoring the system of equations using the symmetric spooles solver
 Using up to 1 cpu(s) for spooles.

 Using up to 1 cpu(s) for the stress calculation.

 average force= 0.000143
 time avg. forc= 0.000062
 largest residual force= 0.000007 in node 3338 and dof 1
 largest increment of disp= 6.085659e-05
 largest correction to disp= 1.322585e-06 in node 16278 and dof 1

 no convergence

 iteration 7

 Using up to 1 cpu(s) for the symmetric stiffness/mass contributions.

 Factoring the system of equations using the symmetric spooles solver
 Using up to 1 cpu(s) for spooles.

 Using up to 1 cpu(s) for the stress calculation.

 average force= 0.000143
 time avg. forc= 0.000062
 largest residual force= 0.000000 in node 3338 and dof 1
 largest increment of disp= 6.085659e-05
 largest correction to disp= 4.725037e-08 in node 16242 and dof 1

 convergence

 increment 13 attempt 1 
 increment size= 1.582031e-02
 sum of previous increments=2.476562e-01
 actual step time=2.634766e-01
 actual total time=2.634766e-01

 iteration 1

 Using up to 1 cpu(s) for the stress calculation.

 Using up to 1 cpu(s) for the symmetric stiffness/mass contributions.

 Factoring the system of equations using the symmetric spooles solver
 Using up to 1 cpu(s) for spooles.

 Using up to 1 cpu(s) for the stress calculation.

 average force= 0.000288
 time avg. forc= 0.000079
 largest residual force= 0.073416 in node 4076 and dof 1
 largest increment of disp= 1.321073e-04
 largest correction to disp= 1.321073e-04 in node 16236 and dof 1

 no convergence

 iteration 2

 Using up to 1 cpu(s) for the symmetric stiffness/mass contributions.

 Factoring the system of equations using the symmetric spooles solver
 Using up to 1 cpu(s) for spooles.

 Using up to 1 cpu(s) for the stress calculation.

 average force= 0.000206
 time avg. forc= 0.000073
 largest residual force= 0.006605 in node 2178 and dof 1
 largest increment of disp= 1.321073e-04
 largest correction to disp= 1.587688e-05 in node 16278 and dof 1

 no convergence

 iteration 3

 Using up to 1 cpu(s) for the symmetric stiffness/mass contributions.

 Factoring the system of equations using the symmetric spooles solver
 Using up to 1 cpu(s) for spooles.

 Using up to 1 cpu(s) for the stress calculation.

 average force= 0.000249
 time avg. forc= 0.000076
 largest residual force= 0.053308 in node 2175 and dof 1
 largest increment of disp= 1.321073e-04
 largest correction to disp= 3.834679e-05 in node 11099 and dof 1

 no convergence

 iteration 4

 Using up to 1 cpu(s) for the symmetric stiffness/mass contributions.

 Factoring the system of equations using the symmetric spooles solver
 Using up to 1 cpu(s) for spooles.

 Using up to 1 cpu(s) for the stress calculation.

 average force= 0.000193
 time avg. forc= 0.000072
 largest residual force= 0.001327 in node 2244 and dof 2
 largest increment of disp= 1.321073e-04
 largest correction to disp= 1.236552e-05 in node 16236 and dof 1

 no convergence

 iteration 5

 Using up to 1 cpu(s) for the symmetric stiffness/mass contributions.

 Factoring the system of equations using the symmetric spooles solver
 Using up to 1 cpu(s) for spooles.

 Using up to 1 cpu(s) for the stress calculation.

 average force= 0.000928
 time avg. forc= 0.000129
 largest residual force= 0.697048 in node 2372 and dof 2
 largest increment of disp= 1.405941e-04
 largest correction to disp= 1.405941e-04 in node 11645 and dof 2

 no convergence

 iteration 6

 Using up to 1 cpu(s) for the symmetric stiffness/mass contributions.

 Factoring the system of equations using the symmetric spooles solver
 Using up to 1 cpu(s) for spooles.

 Using up to 1 cpu(s) for the stress calculation.

 average force= 0.000205
 time avg. forc= 0.000073
 largest residual force= 0.002254 in node 2371 and dof 2
 largest increment of disp= 1.405941e-04
 largest correction to disp= 5.736461e-06 in node 11976 and dof 1

 divergence; the increment size is decreased to 3.955078e-03
 the increment is reattempted

 increment 13 attempt 2 
 increment size= 3.955078e-03
 sum of previous increments=2.476562e-01
 actual step time=2.516113e-01
 actual total time=2.516113e-01

 iteration 1

 Using up to 1 cpu(s) for the stress calculation.

 Using up to 1 cpu(s) for the symmetric stiffness/mass contributions.

 Factoring the system of equations using the symmetric spooles solver
 Using up to 1 cpu(s) for spooles.

 Using up to 1 cpu(s) for the stress calculation.

 average force= 0.000160
 time avg. forc= 0.000070
 largest residual force= 0.004785 in node 4076 and dof 1
 largest increment of disp= 3.388404e-05
 largest correction to disp= 3.388404e-05 in node 16278 and dof 1

 no convergence

 iteration 2

 Using up to 1 cpu(s) for the symmetric stiffness/mass contributions.

 Factoring the system of equations using the symmetric spooles solver
 Using up to 1 cpu(s) for spooles.

 Using up to 1 cpu(s) for the stress calculation.

 average force= 0.000161
 time avg. forc= 0.000070
 largest residual force= 0.000094 in node 3338 and dof 1
 largest increment of disp= 3.388404e-05
 largest correction to disp= 4.782947e-06 in node 16242 and dof 1

 no convergence

 iteration 3

 Using up to 1 cpu(s) for the symmetric stiffness/mass contributions.

 Factoring the system of equations using the symmetric spooles solver
 Using up to 1 cpu(s) for spooles.

 Using up to 1 cpu(s) for the stress calculation.

 average force= 0.000163
 time avg. forc= 0.000070
 largest residual force= 0.000365 in node 4076 and dof 1
 largest increment of disp= 3.388404e-05
 largest correction to disp= 9.449212e-06 in node 16236 and dof 1

 no convergence

 iteration 4

 Using up to 1 cpu(s) for the symmetric stiffness/mass contributions.

 Factoring the system of equations using the symmetric spooles solver
 Using up to 1 cpu(s) for spooles.

 Using up to 1 cpu(s) for the stress calculation.

 average force= 0.000162
 time avg. forc= 0.000070
 largest residual force= 0.000011 in node 4076 and dof 1
 largest increment of disp= 3.388404e-05
 largest correction to disp= 1.615840e-06 in node 16236 and dof 1

 no convergence

 iteration 5

 Using up to 1 cpu(s) for the symmetric stiffness/mass contributions.

 Factoring the system of equations using the symmetric spooles solver
 Using up to 1 cpu(s) for spooles.

 Using up to 1 cpu(s) for the stress calculation.

 average force= 0.000162
 time avg. forc= 0.000070
 largest residual force= 0.000000 in node 4076 and dof 1
 largest increment of disp= 3.388404e-05
 largest correction to disp= 2.269156e-07 in node 16242 and dof 1

 convergence

 increment 14 attempt 1 
 increment size= 3.955078e-03
 sum of previous increments=2.516113e-01
 actual step time=2.555664e-01
 actual total time=2.555664e-01

 iteration 1

 Using up to 1 cpu(s) for the stress calculation.

 Using up to 1 cpu(s) for the symmetric stiffness/mass contributions.

 Factoring the system of equations using the symmetric spooles solver
 Using up to 1 cpu(s) for spooles.

 Using up to 1 cpu(s) for the stress calculation.

 average force= 0.000181
 time avg. forc= 0.000078
 largest residual force= 0.000418 in node 3338 and dof 1
 largest increment of disp= 5.031708e-05
 largest correction to disp= 9.762430e-06 in node 16272 and dof 1

 no convergence

 iteration 2

 Using up to 1 cpu(s) for the symmetric stiffness/mass contributions.

 Factoring the system of equations using the symmetric spooles solver
 Using up to 1 cpu(s) for spooles.

 Using up to 1 cpu(s) for the stress calculation.

 average force= 0.000175
 time avg. forc= 0.000077
 largest residual force= 0.001040 in node 3338 and dof 1
 largest increment of disp= 5.031708e-05
 largest correction to disp= 1.602580e-05 in node 16236 and dof 1

 no convergence

 iteration 3

 Using up to 1 cpu(s) for the symmetric stiffness/mass contributions.

 Factoring the system of equations using the symmetric spooles solver
 Using up to 1 cpu(s) for spooles.

 Using up to 1 cpu(s) for the stress calculation.

 average force= 0.000173
 time avg. forc= 0.000077
 largest residual force= 0.000155 in node 3338 and dof 1
 largest increment of disp= 5.031708e-05
 largest correction to disp= 6.189657e-06 in node 16242 and dof 1

 no convergence

 iteration 4

 Using up to 1 cpu(s) for the symmetric stiffness/mass contributions.

 Factoring the system of equations using the symmetric spooles solver
 Using up to 1 cpu(s) for spooles.

 Using up to 1 cpu(s) for the stress calculation.

 average force= 0.000173
 time avg. forc= 0.000077
 largest residual force= 0.000014 in node 4076 and dof 1
 largest increment of disp= 5.031708e-05
 largest correction to disp= 1.837289e-06 in node 16236 and dof 1

 no convergence

 iteration 5

 Using up to 1 cpu(s) for the symmetric stiffness/mass contributions.

 Factoring the system of equations using the symmetric spooles solver
 Using up to 1 cpu(s) for spooles.

 Using up to 1 cpu(s) for the stress calculation.

 average force= 0.000173
 time avg. forc= 0.000077
 largest residual force= 0.000000 in node 4076 and dof 1
 largest increment of disp= 5.031708e-05
 largest correction to disp= 1.152598e-07 in node 16236 and dof 1

 convergence

 increment 15 attempt 1 
 increment size= 3.955078e-03
 sum of previous increments=2.555664e-01
 actual step time=2.595215e-01
 actual total time=2.595215e-01

 iteration 1

 Using up to 1 cpu(s) for the stress calculation.

 Using up to 1 cpu(s) for the symmetric stiffness/mass contributions.

 Factoring the system of equations using the symmetric spooles solver
 Using up to 1 cpu(s) for spooles.

 Using up to 1 cpu(s) for the stress calculation.

 average force= 0.000183
 time avg. forc= 0.000084
 largest residual force= 0.000055 in node 3338 and dof 1
 largest increment of disp= 1.658939e-05
 largest correction to disp= 3.661848e-06 in node 16278 and dof 1

 no convergence

 iteration 2

 Using up to 1 cpu(s) for the symmetric stiffness/mass contributions.

 Factoring the system of equations using the symmetric spooles solver
 Using up to 1 cpu(s) for spooles.

 Using up to 1 cpu(s) for the stress calculation.

 average force= 0.000182
 time avg. forc= 0.000084
 largest residual force= 0.000006 in node 3338 and dof 1
 largest increment of disp= 1.658939e-05
 largest correction to disp= 1.240507e-06 in node 16242 and dof 1

 no convergence

 iteration 3

 Using up to 1 cpu(s) for the symmetric stiffness/mass contributions.

 Factoring the system of equations using the symmetric spooles solver
 Using up to 1 cpu(s) for spooles.

 Using up to 1 cpu(s) for the stress calculation.

 average force= 0.000182
 time avg. forc= 0.000084
 largest residual force= 0.000000 in node 4076 and dof 1
 largest increment of disp= 1.658939e-05
 largest correction to disp= 3.691946e-08 in node 16236 and dof 1

 convergence

 Using up to 1 cpu(s) for the stress calculation.

 increment 16 attempt 1 
 increment size= 3.955078e-03
 sum of previous increments=2.595215e-01
 actual step time=2.634766e-01
 actual total time=2.634766e-01

 iteration 1

 Using up to 1 cpu(s) for the stress calculation.

 Using up to 1 cpu(s) for the symmetric stiffness/mass contributions.

 Factoring the system of equations using the symmetric spooles solver
 Using up to 1 cpu(s) for spooles.

 Using up to 1 cpu(s) for the stress calculation.

 average force= 0.000191
 time avg. forc= 0.000091
 largest residual force= 0.000015 in node 3338 and dof 1
 largest increment of disp= 1.166292e-05
 largest correction to disp= 1.920707e-06 in node 16278 and dof 1

 no convergence

 iteration 2

 Using up to 1 cpu(s) for the symmetric stiffness/mass contributions.

 Factoring the system of equations using the symmetric spooles solver
 Using up to 1 cpu(s) for spooles.

 Using up to 1 cpu(s) for the stress calculation.

 average force= 0.000191
 time avg. forc= 0.000091
 largest residual force= 0.000000 in node 3338 and dof 1
 largest increment of disp= 1.166292e-05
 largest correction to disp= 2.785644e-07 in node 16236 and dof 1

 convergence; the increment size is increased to 5.932617e-03

 increment 17 attempt 1 
 increment size= 5.932617e-03
 sum of previous increments=2.634766e-01
 actual step time=2.694092e-01
 actual total time=2.694092e-01

 iteration 1

 Using up to 1 cpu(s) for the stress calculation.

 Using up to 1 cpu(s) for the symmetric stiffness/mass contributions.

 Factoring the system of equations using the symmetric spooles solver
 Using up to 1 cpu(s) for spooles.

 Using up to 1 cpu(s) for the stress calculation.

 average force= 0.000202
 time avg. forc= 0.000097
 largest residual force= 0.000017 in node 3338 and dof 1
 largest increment of disp= 1.419926e-05
 largest correction to disp= 2.024215e-06 in node 16272 and dof 1

 no convergence

 iteration 2

 Using up to 1 cpu(s) for the symmetric stiffness/mass contributions.

 Factoring the system of equations using the symmetric spooles solver
 Using up to 1 cpu(s) for spooles.

 Using up to 1 cpu(s) for the stress calculation.

 average force= 0.000202
 time avg. forc= 0.000097
 largest residual force= 0.000000 in node 3338 and dof 1
 largest increment of disp= 1.419926e-05
 largest correction to disp= 2.787466e-07 in node 16242 and dof 1

 convergence; the increment size is increased to 8.898926e-03

 increment 18 attempt 1 
 increment size= 8.898926e-03
 sum of previous increments=2.694092e-01
 actual step time=2.783081e-01
 actual total time=2.783081e-01

 iteration 1

 Using up to 1 cpu(s) for the stress calculation.

 Using up to 1 cpu(s) for the symmetric stiffness/mass contributions.

 Factoring the system of equations using the symmetric spooles solver
 Using up to 1 cpu(s) for spooles.

 Using up to 1 cpu(s) for the stress calculation.

 average force= 0.000219
 time avg. forc= 0.000104
 largest residual force= 0.000027 in node 3338 and dof 1
 largest increment of disp= 1.784775e-05
 largest correction to disp= 2.930791e-06 in node 7338 and dof 1

 no convergence

 iteration 2

 Using up to 1 cpu(s) for the symmetric stiffness/mass contributions.

 Factoring the system of equations using the symmetric spooles solver
 Using up to 1 cpu(s) for spooles.

 Using up to 1 cpu(s) for the stress calculation.

 average force= 0.000218
 time avg. forc= 0.000104
 largest residual force= 0.000000 in node 3338 and dof 1
 largest increment of disp= 1.784775e-05
 largest correction to disp= 5.813683e-07 in node 7356 and dof 1

 convergence; the increment size is increased to 1.334839e-02

 increment 19 attempt 1 
 increment size= 1.334839e-02
 sum of previous increments=2.783081e-01
 actual step time=2.916565e-01
 actual total time=2.916565e-01

 iteration 1

 Using up to 1 cpu(s) for the stress calculation.

 Using up to 1 cpu(s) for the symmetric stiffness/mass contributions.

 Factoring the system of equations using the symmetric spooles solver
 Using up to 1 cpu(s) for spooles.

 Using up to 1 cpu(s) for the stress calculation.

 average force= 0.000241
 time avg. forc= 0.000111
 largest residual force= 0.000042 in node 3338 and dof 1
 largest increment of disp= 2.226547e-05
 largest correction to disp= 3.767538e-06 in node 7338 and dof 1

 no convergence

 iteration 2

 Using up to 1 cpu(s) for the symmetric stiffness/mass contributions.

 Factoring the system of equations using the symmetric spooles solver
 Using up to 1 cpu(s) for spooles.

 Using up to 1 cpu(s) for the stress calculation.

 average force= 0.000241
 time avg. forc= 0.000111
 largest residual force= 0.000004 in node 2174 and dof 1
 largest increment of disp= 2.226547e-05
 largest correction to disp= 3.593803e-06 in node 7356 and dof 1

 no convergence

 iteration 3

 Using up to 1 cpu(s) for the symmetric stiffness/mass contributions.

 Factoring the system of equations using the symmetric spooles solver
 Using up to 1 cpu(s) for spooles.

 Using up to 1 cpu(s) for the stress calculation.

 average force= 0.000241
 time avg. forc= 0.000111
 largest residual force= 0.000000 in node 2183 and dof 1
 largest increment of disp= 2.226547e-05
 largest correction to disp= 2.908980e-08 in node 9390 and dof 1

 convergence; the increment size is increased to 2.002258e-02

 increment 20 attempt 1 
 increment size= 2.002258e-02
 sum of previous increments=2.916565e-01
 actual step time=3.116791e-01
 actual total time=3.116791e-01

 iteration 1

 Using up to 1 cpu(s) for the stress calculation.

 Using up to 1 cpu(s) for the symmetric stiffness/mass contributions.

 Factoring the system of equations using the symmetric spooles solver
 Using up to 1 cpu(s) for spooles.

 Using up to 1 cpu(s) for the stress calculation.

 average force= 0.000272
 time avg. forc= 0.000119
 largest residual force= 0.004105 in node 2178 and dof 1
 largest increment of disp= 3.226577e-05
 largest correction to disp= 1.045271e-05 in node 11105 and dof 1

 no convergence

 iteration 2

 Using up to 1 cpu(s) for the symmetric stiffness/mass contributions.

 Factoring the system of equations using the symmetric spooles solver
 Using up to 1 cpu(s) for spooles.

 Using up to 1 cpu(s) for the stress calculation.

 average force= 0.000274
 time avg. forc= 0.000119
 largest residual force= 0.008773 in node 2175 and dof 1
 largest increment of disp= 3.226577e-05
 largest correction to disp= 1.535257e-05 in node 11099 and dof 1

 no convergence

 iteration 3

 Using up to 1 cpu(s) for the symmetric stiffness/mass contributions.

 Factoring the system of equations using the symmetric spooles solver
 Using up to 1 cpu(s) for spooles.

 Using up to 1 cpu(s) for the stress calculation.

 average force= 0.000378
 time avg. forc= 0.000125
 largest residual force= 0.114863 in node 2178 and dof 1
 largest increment of disp= 5.464315e-05
 largest correction to disp= 5.464315e-05 in node 11105 and dof 1

 no convergence

 iteration 4

 Using up to 1 cpu(s) for the symmetric stiffness/mass contributions.

 Factoring the system of equations using the symmetric spooles solver
 Using up to 1 cpu(s) for spooles.

 Using up to 1 cpu(s) for the stress calculation.

 average force= 0.000272
 time avg. forc= 0.000119
 largest residual force= 0.000687 in node 2372 and dof 2
 largest increment of disp= 5.464315e-05
 largest correction to disp= 4.764439e-06 in node 7278 and dof 1

 no convergence

 iteration 5

 Using up to 1 cpu(s) for the symmetric stiffness/mass contributions.

 Factoring the system of equations using the symmetric spooles solver
 Using up to 1 cpu(s) for spooles.

 Using up to 1 cpu(s) for the stress calculation.

 average force= 0.033516
 time avg. forc= 0.001781
 largest residual force= 28.823290 in node 2372 and dof 2
 largest increment of disp= 8.438511e-04
 largest correction to disp= 8.438511e-04 in node 7344 and dof 1

 no convergence

 iteration 6

 Using up to 1 cpu(s) for the symmetric stiffness/mass contributions.

 Factoring the system of equations using the symmetric spooles solver
 Using up to 1 cpu(s) for spooles.

 Using up to 1 cpu(s) for the stress calculation.

 average force= 5266728657.110343
 time avg. forc= 263336432.855623
 largest residual force= 38661103292375.492188 in node 7306 and dof 3
 largest increment of disp= 1.600983e+00
 largest correction to disp= 1.600983e+00 in node 7305 and dof 2

 divergence; the increment size is decreased to 5.005646e-03
 the increment is reattempted

 increment 20 attempt 2 
 increment size= 5.005646e-03
 sum of previous increments=2.916565e-01
 actual step time=2.966621e-01
 actual total time=2.966621e-01

 iteration 1

 Using up to 1 cpu(s) for the stress calculation.

 Using up to 1 cpu(s) for the symmetric stiffness/mass contributions.

 Factoring the system of equations using the symmetric spooles solver
 Using up to 1 cpu(s) for spooles.

 Using up to 1 cpu(s) for the stress calculation.

 average force= 0.000248
 time avg. forc= 0.000118
 largest residual force= 0.000002 in node 3338 and dof 1
 largest increment of disp= 8.066442e-06
 largest correction to disp= 8.837943e-07 in node 9408 and dof 1

 no convergence

 iteration 2

 Using up to 1 cpu(s) for the symmetric stiffness/mass contributions.

 Factoring the system of equations using the symmetric spooles solver
 Using up to 1 cpu(s) for spooles.

 Using up to 1 cpu(s) for the stress calculation.

 average force= 0.000248
 time avg. forc= 0.000118
 largest residual force= 0.000000 in node 2370 and dof 2
 largest increment of disp= 8.066442e-06
 largest correction to disp= 3.116853e-07 in node 7356 and dof 1

 convergence

 Using up to 1 cpu(s) for the stress calculation.

 increment 21 attempt 1 
 increment size= 5.005646e-03
 sum of previous increments=2.966621e-01
 actual step time=3.016678e-01
 actual total time=3.016678e-01

 iteration 1

 Using up to 1 cpu(s) for the stress calculation.

 Using up to 1 cpu(s) for the symmetric stiffness/mass contributions.

 Factoring the system of equations using the symmetric spooles solver
 Using up to 1 cpu(s) for spooles.

 Using up to 1 cpu(s) for the stress calculation.

 average force= 0.000256
 time avg. forc= 0.000125
 largest residual force= 0.000000 in node 2246 and dof 2
 largest increment of disp= 8.969049e-06
 largest correction to disp= 3.997058e-07 in node 9390 and dof 1

 no convergence

 iteration 2

 Using up to 1 cpu(s) for the symmetric stiffness/mass contributions.

 Factoring the system of equations using the symmetric spooles solver
 Using up to 1 cpu(s) for spooles.

 Using up to 1 cpu(s) for the stress calculation.

 average force= 0.000256
 time avg. forc= 0.000125
 largest residual force= 0.000000 in node 2245 and dof 2
 largest increment of disp= 8.969049e-06
 largest correction to disp= 5.886077e-08 in node 7353 and dof 1

 convergence; the increment size is increased to 7.508469e-03

 increment 22 attempt 1 
 increment size= 7.508469e-03
 sum of previous increments=3.016678e-01
 actual step time=3.091763e-01
 actual total time=3.091763e-01

 iteration 1

 Using up to 1 cpu(s) for the stress calculation.

 Using up to 1 cpu(s) for the symmetric stiffness/mass contributions.

 Factoring the system of equations using the symmetric spooles solver
 Using up to 1 cpu(s) for spooles.

 Using up to 1 cpu(s) for the stress calculation.

 average force= 0.000267
 time avg. forc= 0.000131
 largest residual force= 0.000001 in node 2246 and dof 2
 largest increment of disp= 1.319157e-05
 largest correction to disp= 6.595157e-07 in node 7209 and dof 1

 no convergence

 iteration 2

 Using up to 1 cpu(s) for the symmetric stiffness/mass contributions.

 Factoring the system of equations using the symmetric spooles solver
 Using up to 1 cpu(s) for spooles.

 Using up to 1 cpu(s) for the stress calculation.

 average force= 0.000267
 time avg. forc= 0.000131
 largest residual force= 0.000000 in node 2370 and dof 2
 largest increment of disp= 1.319157e-05
 largest correction to disp= 2.741752e-07 in node 7338 and dof 1

 convergence; the increment size is increased to 1.126270e-02

 increment 23 attempt 1 
 increment size= 1.126270e-02
 sum of previous increments=3.091763e-01
 actual step time=3.204390e-01
 actual total time=3.204390e-01

 iteration 1

 Using up to 1 cpu(s) for the stress calculation.

 Using up to 1 cpu(s) for the symmetric stiffness/mass contributions.

 Factoring the system of equations using the symmetric spooles solver
 Using up to 1 cpu(s) for spooles.

 Using up to 1 cpu(s) for the stress calculation.

 average force= 0.000283
 time avg. forc= 0.000138
 largest residual force= 0.000005 in node 2174 and dof 1
 largest increment of disp= 1.865746e-05
 largest correction to disp= 1.339523e-06 in node 7263 and dof 1

 no convergence

 iteration 2

 Using up to 1 cpu(s) for the symmetric stiffness/mass contributions.

 Factoring the system of equations using the symmetric spooles solver
 Using up to 1 cpu(s) for spooles.

 Using up to 1 cpu(s) for the stress calculation.

 average force= 0.000283
 time avg. forc= 0.000138
 largest residual force= 0.000000 in node 2370 and dof 2
 largest increment of disp= 1.865746e-05
 largest correction to disp= 8.845137e-07 in node 7356 and dof 1

 convergence; the increment size is increased to 1.689405e-02

 increment 24 attempt 1 
 increment size= 1.689405e-02
 sum of previous increments=3.204390e-01
 actual step time=3.373330e-01
 actual total time=3.373330e-01

 iteration 1

 Using up to 1 cpu(s) for the stress calculation.

 Using up to 1 cpu(s) for the symmetric stiffness/mass contributions.

 Factoring the system of equations using the symmetric spooles solver
 Using up to 1 cpu(s) for spooles.

 Using up to 1 cpu(s) for the stress calculation.

 average force= 0.000305
 time avg. forc= 0.000145
 largest residual force= 0.000031 in node 2174 and dof 1
 largest increment of disp= 2.626407e-05
 largest correction to disp= 2.222545e-06 in node 7209 and dof 1

 no convergence

 iteration 2

 Using up to 1 cpu(s) for the symmetric stiffness/mass contributions.

 Factoring the system of equations using the symmetric spooles solver
 Using up to 1 cpu(s) for spooles.

 Using up to 1 cpu(s) for the stress calculation.

 average force= 0.000305
 time avg. forc= 0.000145
 largest residual force= 0.000003 in node 2371 and dof 2
 largest increment of disp= 2.626407e-05
 largest correction to disp= 1.907699e-06 in node 7338 and dof 1

 no convergence

 iteration 3

 Using up to 1 cpu(s) for the symmetric stiffness/mass contributions.

 Factoring the system of equations using the symmetric spooles solver
 Using up to 1 cpu(s) for spooles.

 Using up to 1 cpu(s) for the stress calculation.

 average force= 0.000305
 time avg. forc= 0.000145
 largest residual force= 0.000000 in node 813 and dof 1
 largest increment of disp= 2.626407e-05
 largest correction to disp= 4.673960e-08 in node 7356 and dof 1

 convergence; the increment size is increased to 2.534108e-02

 increment 25 attempt 1 
 increment size= 2.534108e-02
 sum of previous increments=3.373330e-01
 actual step time=3.626741e-01
 actual total time=3.626741e-01

 iteration 1

 Using up to 1 cpu(s) for the stress calculation.

 Using up to 1 cpu(s) for the symmetric stiffness/mass contributions.

 Factoring the system of equations using the symmetric spooles solver
 Using up to 1 cpu(s) for spooles.

 Using up to 1 cpu(s) for the stress calculation.

 average force= 0.000343
 time avg. forc= 0.000153
 largest residual force= 0.017116 in node 2174 and dof 1
 largest increment of disp= 3.926916e-05
 largest correction to disp= 2.198053e-05 in node 11096 and dof 1

 no convergence

 iteration 2

 Using up to 1 cpu(s) for the symmetric stiffness/mass contributions.

 Factoring the system of equations using the symmetric spooles solver
 Using up to 1 cpu(s) for spooles.

 Using up to 1 cpu(s) for the stress calculation.

 average force= 0.000415
 time avg. forc= 0.000156
 largest residual force= 0.114351 in node 2176 and dof 1
 largest increment of disp= 5.594376e-05
 largest correction to disp= 5.594376e-05 in node 11102 and dof 1

 no convergence

 iteration 3

 Using up to 1 cpu(s) for the symmetric stiffness/mass contributions.

 Factoring the system of equations using the symmetric spooles solver
 Using up to 1 cpu(s) for spooles.

 Using up to 1 cpu(s) for the stress calculation.

 average force= 0.000338
 time avg. forc= 0.000152
 largest residual force= 0.007568 in node 2176 and dof 1
 largest increment of disp= 5.594376e-05
 largest correction to disp= 1.433503e-05 in node 11081 and dof 1

 no convergence

 iteration 4

 Using up to 1 cpu(s) for the symmetric stiffness/mass contributions.

 Factoring the system of equations using the symmetric spooles solver
 Using up to 1 cpu(s) for spooles.

 Using up to 1 cpu(s) for the stress calculation.

 average force= 0.000625
 time avg. forc= 0.000164
 largest residual force= 0.583144 in node 2176 and dof 1
 largest increment of disp= 1.264773e-04
 largest correction to disp= 1.264773e-04 in node 11084 and dof 1

 no convergence

 iteration 5

 Using up to 1 cpu(s) for the symmetric stiffness/mass contributions.

 Factoring the system of equations using the symmetric spooles solver
 Using up to 1 cpu(s) for spooles.

 Using up to 1 cpu(s) for the stress calculation.

 average force= 0.000338
 time avg. forc= 0.000152
 largest residual force= 0.001671 in node 2176 and dof 1
 largest increment of disp= 1.264773e-04
 largest correction to disp= 1.412758e-05 in node 12033 and dof 1

 no convergence

 iteration 6

 Using up to 1 cpu(s) for the symmetric stiffness/mass contributions.

 Factoring the system of equations using the symmetric spooles solver
 Using up to 1 cpu(s) for spooles.

 Using up to 1 cpu(s) for the stress calculation.

 average force= 0.000466
 time avg. forc= 0.000158
 largest residual force= 0.182404 in node 2175 and dof 1
 largest increment of disp= 1.264773e-04
 largest correction to disp= 7.050296e-05 in node 11099 and dof 1

 no convergence

 iteration 7

 Using up to 1 cpu(s) for the symmetric stiffness/mass contributions.

 Factoring the system of equations using the symmetric spooles solver
 Using up to 1 cpu(s) for spooles.

 Using up to 1 cpu(s) for the stress calculation.

 average force= 0.000337
 time avg. forc= 0.000152
 largest residual force= 0.002083 in node 2176 and dof 1
 largest increment of disp= 1.264773e-04
 largest correction to disp= 1.334877e-05 in node 12033 and dof 1

 divergence; the increment size is decreased to 6.335270e-03
 the increment is reattempted

 increment 25 attempt 2 
 increment size= 6.335270e-03
 sum of previous increments=3.373330e-01
 actual step time=3.436683e-01
 actual total time=3.436683e-01

 iteration 1

 Using up to 1 cpu(s) for the stress calculation.

 Using up to 1 cpu(s) for the symmetric stiffness/mass contributions.

 Factoring the system of equations using the symmetric spooles solver
 Using up to 1 cpu(s) for spooles.

 Using up to 1 cpu(s) for the stress calculation.

 average force= 0.000313
 time avg. forc= 0.000151
 largest residual force= 0.000002 in node 2370 and dof 2
 largest increment of disp= 9.817289e-06
 largest correction to disp= 7.851034e-07 in node 7356 and dof 1

 no convergence

 iteration 2

 Using up to 1 cpu(s) for the symmetric stiffness/mass contributions.

 Factoring the system of equations using the symmetric spooles solver
 Using up to 1 cpu(s) for spooles.

 Using up to 1 cpu(s) for the stress calculation.

 average force= 0.000313
 time avg. forc= 0.000151
 largest residual force= 0.000000 in node 2370 and dof 2
 largest increment of disp= 9.817289e-06
 largest correction to disp= 1.695524e-07 in node 7356 and dof 1

 convergence

 Using up to 1 cpu(s) for the stress calculation.

 increment 26 attempt 1 
 increment size= 6.335270e-03
 sum of previous increments=3.436683e-01
 actual step time=3.500036e-01
 actual total time=3.500036e-01

 iteration 1

 Using up to 1 cpu(s) for the stress calculation.

 Using up to 1 cpu(s) for the symmetric stiffness/mass contributions.

 Factoring the system of equations using the symmetric spooles solver
 Using up to 1 cpu(s) for spooles.

 Using up to 1 cpu(s) for the stress calculation.

 average force= 0.000321
 time avg. forc= 0.000158
 largest residual force= 0.000000 in node 2370 and dof 2
 largest increment of disp= 9.796313e-06
 largest correction to disp= 4.735132e-07 in node 12042 and dof 1

 no convergence

 iteration 2

 Using up to 1 cpu(s) for the symmetric stiffness/mass contributions.

 Factoring the system of equations using the symmetric spooles solver
 Using up to 1 cpu(s) for spooles.

 Using up to 1 cpu(s) for the stress calculation.

 average force= 0.000321
 time avg. forc= 0.000158
 largest residual force= 0.000000 in node 2370 and dof 2
 largest increment of disp= 9.796313e-06
 largest correction to disp= 3.435627e-08 in node 7338 and dof 1

 convergence; the increment size is increased to 9.502906e-03

 increment 27 attempt 1 
 increment size= 9.502906e-03
 sum of previous increments=3.500036e-01
 actual step time=3.595065e-01
 actual total time=3.595065e-01

 iteration 1

 Using up to 1 cpu(s) for the stress calculation.

 Using up to 1 cpu(s) for the symmetric stiffness/mass contributions.

 Factoring the system of equations using the symmetric spooles solver
 Using up to 1 cpu(s) for spooles.

 Using up to 1 cpu(s) for the stress calculation.

 average force= 0.000332
 time avg. forc= 0.000164
 largest residual force= 0.000002 in node 2245 and dof 2
 largest increment of disp= 1.467997e-05
 largest correction to disp= 1.161895e-06 in node 12042 and dof 1

 no convergence

 iteration 2

 Using up to 1 cpu(s) for the symmetric stiffness/mass contributions.

 Factoring the system of equations using the symmetric spooles solver
 Using up to 1 cpu(s) for spooles.

 Using up to 1 cpu(s) for the stress calculation.

 average force= 0.000332
 time avg. forc= 0.000164
 largest residual force= 0.000000 in node 2370 and dof 2
 largest increment of disp= 1.467997e-05
 largest correction to disp= 7.974522e-08 in node 7356 and dof 1

 convergence; the increment size is increased to 1.425436e-02

 increment 28 attempt 1 
 increment size= 1.425436e-02
 sum of previous increments=3.595065e-01
 actual step time=3.737608e-01
 actual total time=3.737608e-01

 iteration 1

 Using up to 1 cpu(s) for the stress calculation.

 Using up to 1 cpu(s) for the symmetric stiffness/mass contributions.

 Factoring the system of equations using the symmetric spooles solver
 Using up to 1 cpu(s) for spooles.

 Using up to 1 cpu(s) for the stress calculation.

 average force= 0.000348
 time avg. forc= 0.000171
 largest residual force= 0.000007 in node 2245 and dof 2
 largest increment of disp= 2.199563e-05
 largest correction to disp= 3.737983e-06 in node 12042 and dof 1

 no convergence

 iteration 2

 Using up to 1 cpu(s) for the symmetric stiffness/mass contributions.

 Factoring the system of equations using the symmetric spooles solver
 Using up to 1 cpu(s) for spooles.

 Using up to 1 cpu(s) for the stress calculation.

 average force= 0.000348
 time avg. forc= 0.000171
 largest residual force= 0.000000 in node 2370 and dof 2
 largest increment of disp= 2.199563e-05
 largest correction to disp= 2.353514e-07 in node 7338 and dof 1

 convergence; the increment size is increased to 2.138154e-02

 increment 29 attempt 1 
 increment size= 2.138154e-02
 sum of previous increments=3.737608e-01
 actual step time=3.951424e-01
 actual total time=3.951424e-01

 iteration 1

 Using up to 1 cpu(s) for the stress calculation.

 Using up to 1 cpu(s) for the symmetric stiffness/mass contributions.

 Factoring the system of equations using the symmetric spooles solver
 Using up to 1 cpu(s) for spooles.

 Using up to 1 cpu(s) for the stress calculation.

 average force= 0.000372
 time avg. forc= 0.000178
 largest residual force= 0.000024 in node 2245 and dof 2
 largest increment of disp= 3.294576e-05
 largest correction to disp= 1.232022e-05 in node 12035 and dof 1

 no convergence

 iteration 2

 Using up to 1 cpu(s) for the symmetric stiffness/mass contributions.

 Factoring the system of equations using the symmetric spooles solver
 Using up to 1 cpu(s) for spooles.

 Using up to 1 cpu(s) for the stress calculation.

 average force= 0.000372
 time avg. forc= 0.000178
 largest residual force= 0.000002 in node 2244 and dof 2
 largest increment of disp= 3.294576e-05
 largest correction to disp= 1.078488e-06 in node 12035 and dof 1

 no convergence

 iteration 3

 Using up to 1 cpu(s) for the symmetric stiffness/mass contributions.

 Factoring the system of equations using the symmetric spooles solver
 Using up to 1 cpu(s) for spooles.

 Using up to 1 cpu(s) for the stress calculation.

 average force= 0.000372
 time avg. forc= 0.000178
 largest residual force= 0.000000 in node 2176 and dof 1
 largest increment of disp= 3.294576e-05
 largest correction to disp= 1.540925e-08 in node 12044 and dof 1

 convergence; the increment size is increased to 3.207231e-02

 increment 30 attempt 1 
 increment size= 3.207231e-02
 sum of previous increments=3.951424e-01
 actual step time=4.272147e-01
 actual total time=4.272147e-01

 iteration 1

 Using up to 1 cpu(s) for the stress calculation.

 Using up to 1 cpu(s) for the symmetric stiffness/mass contributions.

 Factoring the system of equations using the symmetric spooles solver
 Using up to 1 cpu(s) for spooles.

 Using up to 1 cpu(s) for the stress calculation.

 average force= 0.000405
 time avg. forc= 0.000185
 largest residual force= 0.000073 in node 2371 and dof 2
 largest increment of disp= 4.932953e-05
 largest correction to disp= 9.848847e-06 in node 12044 and dof 1

 no convergence

 iteration 2

 Using up to 1 cpu(s) for the symmetric stiffness/mass contributions.

 Factoring the system of equations using the symmetric spooles solver
 Using up to 1 cpu(s) for spooles.

 Using up to 1 cpu(s) for the stress calculation.

 average force= 0.000405
 time avg. forc= 0.000185
 largest residual force= 0.000104 in node 2175 and dof 1
 largest increment of disp= 4.932953e-05
 largest correction to disp= 1.656518e-06 in node 11099 and dof 1

 no convergence

 iteration 3

 Using up to 1 cpu(s) for the symmetric stiffness/mass contributions.

 Factoring the system of equations using the symmetric spooles solver
 Using up to 1 cpu(s) for spooles.

 Using up to 1 cpu(s) for the stress calculation.

 average force= 0.000405
 time avg. forc= 0.000185
 largest residual force= 0.000000 in node 2174 and dof 1
 largest increment of disp= 4.932953e-05
 largest correction to disp= 2.821989e-08 in node 11075 and dof 1

 convergence; the increment size is increased to 4.810846e-02

 Using up to 1 cpu(s) for the stress calculation.

 increment 31 attempt 1 
 increment size= 4.810846e-02
 sum of previous increments=4.272147e-01
 actual step time=4.753231e-01
 actual total time=4.753231e-01

 iteration 1

 Using up to 1 cpu(s) for the stress calculation.

 Using up to 1 cpu(s) for the symmetric stiffness/mass contributions.

 Factoring the system of equations using the symmetric spooles solver
 Using up to 1 cpu(s) for spooles.

 Using up to 1 cpu(s) for the stress calculation.

 average force= 0.000451
 time avg. forc= 0.000194
 largest residual force= 0.000173 in node 2244 and dof 2
 largest increment of disp= 7.650469e-05
 largest correction to disp= 1.604168e-05 in node 11988 and dof 1

 no convergence

 iteration 2

 Using up to 1 cpu(s) for the symmetric stiffness/mass contributions.

 Factoring the system of equations using the symmetric spooles solver
 Using up to 1 cpu(s) for spooles.

 Using up to 1 cpu(s) for the stress calculation.

 average force= 0.000450
 time avg. forc= 0.000194
 largest residual force= 0.000105 in node 2371 and dof 2
 largest increment of disp= 7.650469e-05
 largest correction to disp= 2.242828e-06 in node 7338 and dof 1

 no convergence

 iteration 3

 Using up to 1 cpu(s) for the symmetric stiffness/mass contributions.

 Factoring the system of equations using the symmetric spooles solver
 Using up to 1 cpu(s) for spooles.

 Using up to 1 cpu(s) for the stress calculation.

 average force= 0.000450
 time avg. forc= 0.000194
 largest residual force= 0.000000 in node 2244 and dof 2
 largest increment of disp= 7.650469e-05
 largest correction to disp= 3.867904e-08 in node 7356 and dof 1

 convergence; the increment size is increased to 7.216269e-02

 the increment size exceeds the maximum allowed and is decreased to 5.000000e-02

 increment 32 attempt 1 
 increment size= 5.000000e-02
 sum of previous increments=4.753231e-01
 actual step time=5.253231e-01
 actual total time=5.253231e-01

 iteration 1

 Using up to 1 cpu(s) for the stress calculation.

 Using up to 1 cpu(s) for the symmetric stiffness/mass contributions.

 Factoring the system of equations using the symmetric spooles solver
 Using up to 1 cpu(s) for spooles.

 Using up to 1 cpu(s) for the stress calculation.

 average force= 0.000495
 time avg. forc= 0.000203
 largest residual force= 0.000192 in node 2371 and dof 2
 largest increment of disp= 7.655543e-05
 largest correction to disp= 1.489879e-05 in node 12035 and dof 1

 no convergence

 iteration 2

 Using up to 1 cpu(s) for the symmetric stiffness/mass contributions.

 Factoring the system of equations using the symmetric spooles solver
 Using up to 1 cpu(s) for spooles.

 Using up to 1 cpu(s) for the stress calculation.

 average force= 0.000494
 time avg. forc= 0.000203
 largest residual force= 0.000102 in node 2244 and dof 2
 largest increment of disp= 7.655543e-05
 largest correction to disp= 1.683788e-06 in node 11276 and dof 2

 no convergence

 iteration 3

 Using up to 1 cpu(s) for the symmetric stiffness/mass contributions.

 Factoring the system of equations using the symmetric spooles solver
 Using up to 1 cpu(s) for spooles.

 Using up to 1 cpu(s) for the stress calculation.

 average force= 0.000494
 time avg. forc= 0.000203
 largest residual force= 0.000000 in node 2176 and dof 1
 largest increment of disp= 7.655543e-05
 largest correction to disp= 2.096819e-08 in node 7338 and dof 1

 convergence; the increment size is increased to 7.500000e-02

 the increment size exceeds the maximum allowed and is decreased to 5.000000e-02

 increment 33 attempt 1 
 increment size= 5.000000e-02
 sum of previous increments=5.253231e-01
 actual step time=5.753231e-01
 actual total time=5.753231e-01

 iteration 1

 Using up to 1 cpu(s) for the stress calculation.

 Using up to 1 cpu(s) for the symmetric stiffness/mass contributions.

 Factoring the system of equations using the symmetric spooles solver
 Using up to 1 cpu(s) for spooles.

 Using up to 1 cpu(s) for the stress calculation.

 average force= 0.000535
 time avg. forc= 0.000213
 largest residual force= 0.000147 in node 2244 and dof 2
 largest increment of disp= 7.639021e-05
 largest correction to disp= 9.010225e-06 in node 12044 and dof 1

 no convergence

 iteration 2

 Using up to 1 cpu(s) for the symmetric stiffness/mass contributions.

 Factoring the system of equations using the symmetric spooles solver
 Using up to 1 cpu(s) for spooles.

 Using up to 1 cpu(s) for the stress calculation.

 average force= 0.000535
 time avg. forc= 0.000213
 largest residual force= 0.000048 in node 2371 and dof 2
 largest increment of disp= 7.639021e-05
 largest correction to disp= 1.210268e-06 in node 11645 and dof 2

 no convergence

 iteration 3

 Using up to 1 cpu(s) for the symmetric stiffness/mass contributions.

 Factoring the system of equations using the symmetric spooles solver
 Using up to 1 cpu(s) for spooles.

 Using up to 1 cpu(s) for the stress calculation.

 average force= 0.000535
 time avg. forc= 0.000213
 largest residual force= 0.000000 in node 2182 and dof 1
 largest increment of disp= 7.639021e-05
 largest correction to disp= 1.449529e-08 in node 11096 and dof 1

 convergence; the increment size is increased to 7.500000e-02

 the increment size exceeds the maximum allowed and is decreased to 5.000000e-02

 increment 34 attempt 1 
 increment size= 5.000000e-02
 sum of previous increments=5.753231e-01
 actual step time=6.253231e-01
 actual total time=6.253231e-01

 iteration 1

 Using up to 1 cpu(s) for the stress calculation.

 Using up to 1 cpu(s) for the symmetric stiffness/mass contributions.

 Factoring the system of equations using the symmetric spooles solver
 Using up to 1 cpu(s) for spooles.

 Using up to 1 cpu(s) for the stress calculation.

 average force= 0.000574
 time avg. forc= 0.000224
 largest residual force= 0.000108 in node 2366 and dof 2
 largest increment of disp= 7.626435e-05
 largest correction to disp= 5.889854e-06 in node 12033 and dof 1

 no convergence

 iteration 2

 Using up to 1 cpu(s) for the symmetric stiffness/mass contributions.

 Factoring the system of equations using the symmetric spooles solver
 Using up to 1 cpu(s) for spooles.

 Using up to 1 cpu(s) for the stress calculation.

 average force= 0.000574
 time avg. forc= 0.000224
 largest residual force= 0.000028 in node 2372 and dof 2
 largest increment of disp= 7.626435e-05
 largest correction to disp= 8.544259e-07 in node 11632 and dof 2

 no convergence

 iteration 3

 Using up to 1 cpu(s) for the symmetric stiffness/mass contributions.

 Factoring the system of equations using the symmetric spooles solver
 Using up to 1 cpu(s) for spooles.

 Using up to 1 cpu(s) for the stress calculation.

 average force= 0.000574
 time avg. forc= 0.000224
 largest residual force= 0.000000 in node 2184 and dof 1
 largest increment of disp= 7.626435e-05
 largest correction to disp= 1.374677e-08 in node 11105 and dof 1

 convergence; the increment size is increased to 7.500000e-02

 the increment size exceeds the maximum allowed and is decreased to 5.000000e-02

 increment 35 attempt 1 
 increment size= 5.000000e-02
 sum of previous increments=6.253231e-01
 actual step time=6.753231e-01
 actual total time=6.753231e-01

 iteration 1

 Using up to 1 cpu(s) for the stress calculation.

 Using up to 1 cpu(s) for the symmetric stiffness/mass contributions.

 Factoring the system of equations using the symmetric spooles solver
 Using up to 1 cpu(s) for spooles.

 Using up to 1 cpu(s) for the stress calculation.

 average force= 0.000611
 time avg. forc= 0.000235
 largest residual force= 0.000125 in node 2168 and dof 1
 largest increment of disp= 7.616581e-05
 largest correction to disp= 4.675751e-06 in node 15270 and dof 1

 no convergence

 iteration 2

 Using up to 1 cpu(s) for the symmetric stiffness/mass contributions.

 Factoring the system of equations using the symmetric spooles solver
 Using up to 1 cpu(s) for spooles.

 Using up to 1 cpu(s) for the stress calculation.

 average force= 0.000611
 time avg. forc= 0.000235
 largest residual force= 0.000023 in node 2174 and dof 1
 largest increment of disp= 7.616581e-05
 largest correction to disp= 8.688745e-07 in node 11075 and dof 1

 no convergence

 iteration 3

 Using up to 1 cpu(s) for the symmetric stiffness/mass contributions.

 Factoring the system of equations using the symmetric spooles solver
 Using up to 1 cpu(s) for spooles.

 Using up to 1 cpu(s) for the stress calculation.

 average force= 0.000611
 time avg. forc= 0.000235
 largest residual force= 0.000000 in node 2184 and dof 1
 largest increment of disp= 7.616581e-05
 largest correction to disp= 1.226467e-08 in node 11105 and dof 1

 convergence; the increment size is increased to 7.500000e-02

 the increment size exceeds the maximum allowed and is decreased to 5.000000e-02

 Using up to 1 cpu(s) for the stress calculation.

 increment 36 attempt 1 
 increment size= 5.000000e-02
 sum of previous increments=6.753231e-01
 actual step time=7.253231e-01
 actual total time=7.253231e-01

 iteration 1

 Using up to 1 cpu(s) for the stress calculation.

 Using up to 1 cpu(s) for the symmetric stiffness/mass contributions.

 Factoring the system of equations using the symmetric spooles solver
 Using up to 1 cpu(s) for spooles.

 Using up to 1 cpu(s) for the stress calculation.

 average force= 0.000647
 time avg. forc= 0.000246
 largest residual force= 0.000190 in node 2177 and dof 1
 largest increment of disp= 7.610220e-05
 largest correction to disp= 3.972330e-06 in node 15279 and dof 1

 no convergence

 iteration 2

 Using up to 1 cpu(s) for the symmetric stiffness/mass contributions.

 Factoring the system of equations using the symmetric spooles solver
 Using up to 1 cpu(s) for spooles.

 Using up to 1 cpu(s) for the stress calculation.

 average force= 0.000647
 time avg. forc= 0.000246
 largest residual force= 0.000060 in node 2178 and dof 1
 largest increment of disp= 7.610220e-05
 largest correction to disp= 1.258702e-06 in node 11092 and dof 1

 no convergence

 iteration 3

 Using up to 1 cpu(s) for the symmetric stiffness/mass contributions.

 Factoring the system of equations using the symmetric spooles solver
 Using up to 1 cpu(s) for spooles.

 Using up to 1 cpu(s) for the stress calculation.

 average force= 0.000647
 time avg. forc= 0.000246
 largest residual force= 0.000000 in node 2182 and dof 1
 largest increment of disp= 7.610220e-05
 largest correction to disp= 1.224838e-08 in node 11096 and dof 1

 convergence; the increment size is increased to 7.500000e-02

 the increment size exceeds the maximum allowed and is decreased to 5.000000e-02

 increment 37 attempt 1 
 increment size= 5.000000e-02
 sum of previous increments=7.253231e-01
 actual step time=7.753231e-01
 actual total time=7.753231e-01

 iteration 1

 Using up to 1 cpu(s) for the stress calculation.

 Using up to 1 cpu(s) for the symmetric stiffness/mass contributions.

 Factoring the system of equations using the symmetric spooles solver
 Using up to 1 cpu(s) for spooles.

 Using up to 1 cpu(s) for the stress calculation.

 average force= 0.000681
 time avg. forc= 0.000258
 largest residual force= 0.000439 in node 2175 and dof 1
 largest increment of disp= 7.609352e-05
 largest correction to disp= 4.142035e-06 in node 11078 and dof 1

 no convergence

 iteration 2

 Using up to 1 cpu(s) for the symmetric stiffness/mass contributions.

 Factoring the system of equations using the symmetric spooles solver
 Using up to 1 cpu(s) for spooles.

 Using up to 1 cpu(s) for the stress calculation.

 average force= 0.000681
 time avg. forc= 0.000258
 largest residual force= 0.000259 in node 2184 and dof 1
 largest increment of disp= 7.609352e-05
 largest correction to disp= 2.611335e-06 in node 11123 and dof 1

 no convergence

 iteration 3

 Using up to 1 cpu(s) for the symmetric stiffness/mass contributions.

 Factoring the system of equations using the symmetric spooles solver
 Using up to 1 cpu(s) for spooles.

 Using up to 1 cpu(s) for the stress calculation.

 average force= 0.000681
 time avg. forc= 0.000258
 largest residual force= 0.000000 in node 2190 and dof 1
 largest increment of disp= 7.609352e-05
 largest correction to disp= 3.063688e-08 in node 11117 and dof 1

 convergence; the increment size is increased to 7.500000e-02

 the increment size exceeds the maximum allowed and is decreased to 5.000000e-02

 increment 38 attempt 1 
 increment size= 5.000000e-02
 sum of previous increments=7.753231e-01
 actual step time=8.253231e-01
 actual total time=8.253231e-01

 iteration 1

 Using up to 1 cpu(s) for the stress calculation.

 Using up to 1 cpu(s) for the symmetric stiffness/mass contributions.

 Factoring the system of equations using the symmetric spooles solver
 Using up to 1 cpu(s) for spooles.

 Using up to 1 cpu(s) for the stress calculation.

 average force= 0.000715
 time avg. forc= 0.000270
 largest residual force= 0.001274 in node 2177 and dof 1
 largest increment of disp= 7.608069e-05
 largest correction to disp= 7.077115e-06 in node 11087 and dof 1

 no convergence

 iteration 2

 Using up to 1 cpu(s) for the symmetric stiffness/mass contributions.

 Factoring the system of equations using the symmetric spooles solver
 Using up to 1 cpu(s) for spooles.

 Using up to 1 cpu(s) for the stress calculation.

 average force= 0.000715
 time avg. forc= 0.000270
 largest residual force= 0.001391 in node 2182 and dof 1
 largest increment of disp= 7.608069e-05
 largest correction to disp= 6.044795e-06 in node 11114 and dof 1

 no convergence

 iteration 3

 Using up to 1 cpu(s) for the symmetric stiffness/mass contributions.

 Factoring the system of equations using the symmetric spooles solver
 Using up to 1 cpu(s) for spooles.

 Using up to 1 cpu(s) for the stress calculation.

 average force= 0.000715
 time avg. forc= 0.000270
 largest residual force= 0.000001 in node 2184 and dof 1
 largest increment of disp= 7.608069e-05
 largest correction to disp= 2.035094e-07 in node 11096 and dof 1

 no convergence

 iteration 4

 Using up to 1 cpu(s) for the symmetric stiffness/mass contributions.

 Factoring the system of equations using the symmetric spooles solver
 Using up to 1 cpu(s) for spooles.

 Using up to 1 cpu(s) for the stress calculation.

 average force= 0.000715
 time avg. forc= 0.000270
 largest residual force= 0.000000 in node 869 and dof 1
 largest increment of disp= 7.608069e-05
 largest correction to disp= 2.025762e-08 in node 11087 and dof 1

 convergence; the increment size is increased to 7.500000e-02

 the increment size exceeds the maximum allowed and is decreased to 5.000000e-02

 increment 39 attempt 1 
 increment size= 5.000000e-02
 sum of previous increments=8.253231e-01
 actual step time=8.753231e-01
 actual total time=8.753231e-01

 iteration 1

 Using up to 1 cpu(s) for the stress calculation.

 Using up to 1 cpu(s) for the symmetric stiffness/mass contributions.

 Factoring the system of equations using the symmetric spooles solver
 Using up to 1 cpu(s) for spooles.

 Using up to 1 cpu(s) for the stress calculation.

 average force= 0.000749
 time avg. forc= 0.000283
 largest residual force= 0.001992 in node 2177 and dof 1
 largest increment of disp= 7.606635e-05
 largest correction to disp= 8.149596e-06 in node 11087 and dof 1

 no convergence

 iteration 2

 Using up to 1 cpu(s) for the symmetric stiffness/mass contributions.

 Factoring the system of equations using the symmetric spooles solver
 Using up to 1 cpu(s) for spooles.

 Using up to 1 cpu(s) for the stress calculation.

 average force= 0.000750
 time avg. forc= 0.000283
 largest residual force= 0.004802 in node 2182 and dof 1
 largest increment of disp= 7.606635e-05
 largest correction to disp= 1.048847e-05 in node 11114 and dof 1

 no convergence

 iteration 3

 Using up to 1 cpu(s) for the symmetric stiffness/mass contributions.

 Factoring the system of equations using the symmetric spooles solver
 Using up to 1 cpu(s) for spooles.

 Using up to 1 cpu(s) for the stress calculation.

 average force= 0.000750
 time avg. forc= 0.000283
 largest residual force= 0.000007 in node 2190 and dof 1
 largest increment of disp= 7.606635e-05
 largest correction to disp= 4.470380e-07 in node 11117 and dof 1

 no convergence

 iteration 4

 Using up to 1 cpu(s) for the symmetric stiffness/mass contributions.

 Factoring the system of equations using the symmetric spooles solver
 Using up to 1 cpu(s) for spooles.

 Using up to 1 cpu(s) for the stress calculation.

 average force= 0.000750
 time avg. forc= 0.000283
 largest residual force= 0.000000 in node 869 and dof 1
 largest increment of disp= 7.606635e-05
 largest correction to disp= 1.325067e-07 in node 11087 and dof 1

 convergence; the increment size is increased to 7.500000e-02

 the increment size exceeds the maximum allowed and is decreased to 5.000000e-02

 increment 40 attempt 1 
 increment size= 5.000000e-02
 sum of previous increments=8.753231e-01
 actual step time=9.253231e-01
 actual total time=9.253231e-01

 iteration 1

 Using up to 1 cpu(s) for the stress calculation.

 Using up to 1 cpu(s) for the symmetric stiffness/mass contributions.

 Factoring the system of equations using the symmetric spooles solver
 Using up to 1 cpu(s) for spooles.

 Using up to 1 cpu(s) for the stress calculation.

 average force= 0.000785
 time avg. forc= 0.000295
 largest residual force= 0.001197 in node 2175 and dof 1
 largest increment of disp= 7.677217e-05
 largest correction to disp= 6.295087e-06 in node 7454 and dof 2

 no convergence

 iteration 2

 Using up to 1 cpu(s) for the symmetric stiffness/mass contributions.

 Factoring the system of equations using the symmetric spooles solver
 Using up to 1 cpu(s) for spooles.

 Using up to 1 cpu(s) for the stress calculation.

 average force= 0.000786
 time avg. forc= 0.000295
 largest residual force= 0.015230 in node 869 and dof 1
 largest increment of disp= 7.677217e-05
 largest correction to disp= 2.253518e-05 in node 11123 and dof 1

 no convergence

 iteration 3

 Using up to 1 cpu(s) for the symmetric stiffness/mass contributions.

 Factoring the system of equations using the symmetric spooles solver
 Using up to 1 cpu(s) for spooles.

 Using up to 1 cpu(s) for the stress calculation.

 average force= 0.000786
 time avg. forc= 0.000295
 largest residual force= 0.000145 in node 2182 and dof 1
 largest increment of disp= 7.677217e-05
 largest correction to disp= 2.120605e-06 in node 11096 and dof 1

 no convergence

 iteration 4

 Using up to 1 cpu(s) for the symmetric stiffness/mass contributions.

 Factoring the system of equations using the symmetric spooles solver
 Using up to 1 cpu(s) for spooles.

 Using up to 1 cpu(s) for the stress calculation.

 average force= 0.000786
 time avg. forc= 0.000295
 largest residual force= 0.000278 in node 845 and dof 1
 largest increment of disp= 7.677217e-05
 largest correction to disp= 3.201630e-06 in node 11078 and dof 1

 no convergence

 iteration 5

 Using up to 1 cpu(s) for the symmetric stiffness/mass contributions.

 Factoring the system of equations using the symmetric spooles solver
 Using up to 1 cpu(s) for spooles.

 Using up to 1 cpu(s) for the stress calculation.

 average force= 0.000786
 time avg. forc= 0.000295
 largest residual force= 0.000000 in node 2175 and dof 1
 largest increment of disp= 7.677217e-05
 largest correction to disp= 3.269719e-08 in node 11105 and dof 1

 convergence

 Using up to 1 cpu(s) for the stress calculation.

 increment 41 attempt 1 
 increment size= 5.000000e-02
 sum of previous increments=9.253231e-01
 actual step time=9.753231e-01
 actual total time=9.753231e-01

 iteration 1

 Using up to 1 cpu(s) for the stress calculation.

 Using up to 1 cpu(s) for the symmetric stiffness/mass contributions.

 Factoring the system of equations using the symmetric spooles solver
 Using up to 1 cpu(s) for spooles.

 Using up to 1 cpu(s) for the stress calculation.

 average force= 0.000822
 time avg. forc= 0.000308
 largest residual force= 0.000534 in node 2177 and dof 1
 largest increment of disp= 7.825236e-05
 largest correction to disp= 6.586107e-06 in node 12093 and dof 1

 no convergence

 iteration 2

 Using up to 1 cpu(s) for the symmetric stiffness/mass contributions.

 Factoring the system of equations using the symmetric spooles solver
 Using up to 1 cpu(s) for spooles.

 Using up to 1 cpu(s) for the stress calculation.

 average force= 0.000824
 time avg. forc= 0.000308
 largest residual force= 0.047920 in node 869 and dof 1
 largest increment of disp= 7.825236e-05
 largest correction to disp= 4.319464e-05 in node 11087 and dof 1

 no convergence

 iteration 3

 Using up to 1 cpu(s) for the symmetric stiffness/mass contributions.

 Factoring the system of equations using the symmetric spooles solver
 Using up to 1 cpu(s) for spooles.

 Using up to 1 cpu(s) for the stress calculation.

 average force= 0.000819
 time avg. forc= 0.000308
 largest residual force= 0.000107 in node 2178 and dof 1
 largest increment of disp= 7.825236e-05
 largest correction to disp= 2.241604e-06 in node 11110 and dof 2

 no convergence

 iteration 4

 Using up to 1 cpu(s) for the symmetric stiffness/mass contributions.

 Factoring the system of equations using the symmetric spooles solver
 Using up to 1 cpu(s) for spooles.

 Using up to 1 cpu(s) for the stress calculation.

 average force= 0.000819
 time avg. forc= 0.000308
 largest residual force= 0.000330 in node 869 and dof 1
 largest increment of disp= 7.825236e-05
 largest correction to disp= 3.588206e-06 in node 11087 and dof 1

 no convergence

 iteration 5

 Using up to 1 cpu(s) for the symmetric stiffness/mass contributions.

 Factoring the system of equations using the symmetric spooles solver
 Using up to 1 cpu(s) for spooles.

 Using up to 1 cpu(s) for the stress calculation.

 average force= 0.000819
 time avg. forc= 0.000308
 largest residual force= 0.000000 in node 2174 and dof 1
 largest increment of disp= 7.825236e-05
 largest correction to disp= 9.282925e-08 in node 11075 and dof 2

 convergence

 the increment size exceeds the remainder of the step and is decreased to 2.467688e-02

 increment 42 attempt 1 
 increment size= 2.467688e-02
 sum of previous increments=9.753231e-01
 actual step time=1.000000e+00
 actual total time=1.000000e+00

 iteration 1

 Using up to 1 cpu(s) for the stress calculation.

 Using up to 1 cpu(s) for the symmetric stiffness/mass contributions.

 Factoring the system of equations using the symmetric spooles solver
 Using up to 1 cpu(s) for spooles.

 Using up to 1 cpu(s) for the stress calculation.

 average force= 0.000835
 time avg. forc= 0.000320
 largest residual force= 0.000286 in node 2184 and dof 1
 largest increment of disp= 3.855687e-05
 largest correction to disp= 2.978386e-06 in node 11117 and dof 1

 no convergence

 iteration 2

 Using up to 1 cpu(s) for the symmetric stiffness/mass contributions.

 Factoring the system of equations using the symmetric spooles solver
 Using up to 1 cpu(s) for spooles.

 Using up to 1 cpu(s) for the stress calculation.

 average force= 0.000833
 time avg. forc= 0.000320
 largest residual force= 0.005875 in node 2178 and dof 1
 largest increment of disp= 3.855687e-05
 largest correction to disp= 1.298131e-05 in node 7490 and dof 2

 no convergence

 iteration 3

 Using up to 1 cpu(s) for the symmetric stiffness/mass contributions.

 Factoring the system of equations using the symmetric spooles solver
 Using up to 1 cpu(s) for spooles.

 Using up to 1 cpu(s) for the stress calculation.

 average force= 0.000833
 time avg. forc= 0.000320
 largest residual force= 0.000147 in node 2174 and dof 1
 largest increment of disp= 3.855687e-05
 largest correction to disp= 2.266538e-06 in node 11087 and dof 1

 no convergence

 iteration 4

 Using up to 1 cpu(s) for the symmetric stiffness/mass contributions.

 Factoring the system of equations using the symmetric spooles solver
 Using up to 1 cpu(s) for spooles.

 Using up to 1 cpu(s) for the stress calculation.

 average force= 0.000833
 time avg. forc= 0.000320
 largest residual force= 0.000062 in node 2178 and dof 1
 largest increment of disp= 3.855687e-05
 largest correction to disp= 1.317289e-06 in node 11078 and dof 1

 no convergence

 iteration 5

 Using up to 1 cpu(s) for the symmetric stiffness/mass contributions.

 Factoring the system of equations using the symmetric spooles solver
 Using up to 1 cpu(s) for spooles.

 Using up to 1 cpu(s) for the stress calculation.

 average force= 0.000833
 time avg. forc= 0.000320
 largest residual force= 0.000000 in node 2174 and dof 1
 largest increment of disp= 3.855687e-05
 largest correction to disp= 2.648826e-08 in node 11078 and dof 1

 convergence

 the increment size exceeds the remainder of the step and is decreased to 0.000000e+00

 Using up to 1 cpu(s) for the stress calculation.


 Job finished

________________________________________

Total CalculiX Time: 442.004322
________________________________________
=== on-caso-3 (CCX): renomeando outputs _Pc4517 ===
=== on-caso-3 (CCX): ccx2paraview nao encontrado dentro do container ===
    (esperado - rode 'cd cases/on-caso-3/ccx && /tmp/ccx2pv/bin/ccx2paraview on-caso-3_Pc4517.frd vtu' no HOST)

=== Concluido. Arquivos de saida: ===
  on-caso-3.frd  - campos CalculiX (cgx -c se disponivel)
  on-caso-3.pvd  - ParaView Data (abre direto no ParaView)
  on-caso-3.dat  - totais RF no engaste posterior (curva F_z(Dz))
  on-caso-3.sta  - status de convergencia por incremento Riks

Analise: python3 ../../../brunaStuff/analyze_on-caso-3_ccx.py
CCX_DONE rc=0
