 Container myopenfoam-fsi-run-389b5c55321d Creating 
 Container myopenfoam-fsi-run-389b5c55321d Created 
=== eye-fsi-tc0 anatomical G1: cleaning fluid domain ===
  fluid cleaned
=== eye-fsi-tc0 anatomical G1: clean done ===
=== eye-fsi-tc0 anatomical G1 Step 0 (Sim 1) MESH_LEVEL=M1 ===
Set d_TM = 9.323106e13 in TM zones (2 replacements)
=== gmshToFoam ===
/*---------------------------------------------------------------------------*\
| =========                 |                                                 |
| \\      /  F ield         | OpenFOAM: The Open Source CFD Toolbox           |
|  \\    /   O peration     | Version:  2512                                  |
|   \\  /    A nd           | Website:  www.openfoam.com                      |
|    \\/     M anipulation  |                                                 |
\*---------------------------------------------------------------------------*/
Build  : _bd2b6720-20260127 OPENFOAM=2512 version=2512
Arch   : "LSB;label=32;scalar=64"
Exec   : gmshToFoam eye_g1_lamminsalo.msh
Date   : Jul 15 2026
Time   : 20:59:01
Host   : a891e63d2518
PID    : 243
I/O    : uncollated
Case   : /simulation/eye-fsi-tc0/fluid
nProcs : 1
trapFpe: Floating point exception trapping enabled (FOAM_SIGFPE).
memory pool : not available
fileModificationChecking : Monitoring run-time modified files using timeStampMaster (fileModificationSkew 5, maxFileModificationPolls 20)
allowSystemOperations : Allowing user-supplied system call operations

// * * * * * * * * * * * * * * * * * * * * * * * * * * * * * * * * * * * * * //
Create time

Starting to read mesh format at line 2
Read format version 2.2  ascii 0

Starting to read physical names at line 5
Physical names:4
    Surface 1	back
    Surface 2	front
    Surface 4	wall
    Volume 3	fluid

Starting to read points at line 12
Vertices to be read: 9296
Vertices read:9296

Starting to read cells at line 9311
Cells to be read: 27040

Mapping region 1 to Foam patch 0
Mapping region 2 to Foam patch 1
Mapping region 4 to Foam patch 2
Mapping region 3 to Foam cellZone 0
Cells:
    total:8870
    hex  :0
    prism:8870
    pyr  :0
    tet  :0

CellZones:
Zone	Size
    0	8870

Patch 0 gets name back
Patch 1 gets name front
Patch 2 gets name wall

--> FOAM Warning : 
    From Foam::polyMesh::polyMesh(const Foam::IOobject&, Foam::pointField&&, const Foam::cellShapeList&, const Foam::faceListList&, const Foam::wordList&, const Foam::wordList&, const Foam::word&, const Foam::word&, const Foam::wordList&, bool)
    in file meshes/polyMesh/polyMeshFromShapeMesh.C at line 635
    Found 18170 undefined faces in mesh; adding to default patch defaultFaces
Finding faces of patch 0
Finding faces of patch 1
Finding faces of patch 2

FaceZones:
Zone	Size

Writing zone 0 to cellZone fluid and cellSet
End

=== createPatch (split wall → inlets/TM outlets) ===
/*---------------------------------------------------------------------------*\
| =========                 |                                                 |
| \\      /  F ield         | OpenFOAM: The Open Source CFD Toolbox           |
|  \\    /   O peration     | Version:  2512                                  |
|   \\  /    A nd           | Website:  www.openfoam.com                      |
|    \\/     M anipulation  |                                                 |
\*---------------------------------------------------------------------------*/
Build  : _bd2b6720-20260127 OPENFOAM=2512 version=2512
Arch   : "LSB;label=32;scalar=64"
Exec   : topoSet -dict system/topoSetDict.splitWall -constant
Date   : Jul 15 2026
Time   : 20:59:02
Host   : a891e63d2518
PID    : 247
I/O    : uncollated
Case   : /simulation/eye-fsi-tc0/fluid
nProcs : 1
trapFpe: Floating point exception trapping enabled (FOAM_SIGFPE).
memory pool : not available
fileModificationChecking : Monitoring run-time modified files using timeStampMaster (fileModificationSkew 5, maxFileModificationPolls 20)
allowSystemOperations : Allowing user-supplied system call operations

// * * * * * * * * * * * * * * * * * * * * * * * * * * * * * * * * * * * * * //
Create time

Create polyMesh for time = constant

Reading topoSetDict.splitWall

Time = constant
    mesh not changed.
Created faceSet outlet_tm_faces
    Applying source patchToFace
    Adding all faces of patches: (wall) ...
    Found matching patch wall with 430 faces
    faceSet outlet_tm_faces now size 430
Read set faceSet outlet_tm_faces size:430
    Applying source boxToFace
    Adding faces with centre within boxes 1((0.00645 -0.0051 -1e-05) (0.00725 -0.0042 0.001001))
    faceSet outlet_tm_faces now size 11
Created faceSet outlet_tm_left_faces
    Applying source patchToFace
    Adding all faces of patches: (wall) ...
    Found matching patch wall with 430 faces
    faceSet outlet_tm_left_faces now size 430
Read set faceSet outlet_tm_left_faces size:430
    Applying source boxToFace
    Adding faces with centre within boxes 1((-0.00725 -0.0051 -1e-05) (-0.00645 -0.0042 0.001001))
    faceSet outlet_tm_left_faces now size 11
Created faceSet ac_inlet_faces
    Applying source patchToFace
    Adding all faces of patches: (wall) ...
    Found matching patch wall with 430 faces
    faceSet ac_inlet_faces now size 430
Read set faceSet ac_inlet_faces size:430
    Applying source boxToFace
    Adding faces with centre within boxes 1((0.0067 -0.00405 -1e-05) (0.00715 -0.00325 0.001001))
    faceSet ac_inlet_faces now size 3
Read set faceSet ac_inlet_faces size:3
    Applying source normalToFace
    Adding faces according to normal being aligned with (-1 0 0) (to within 0.4) ...
    faceSet ac_inlet_faces now size 1
Created faceSet ac_inlet_left_faces
    Applying source patchToFace
    Adding all faces of patches: (wall) ...
    Found matching patch wall with 430 faces
    faceSet ac_inlet_left_faces now size 430
Read set faceSet ac_inlet_left_faces size:430
    Applying source boxToFace
    Adding faces with centre within boxes 1((-0.00715 -0.00405 -1e-05) (-0.0067 -0.00325 0.001001))
    faceSet ac_inlet_left_faces now size 3
Read set faceSet ac_inlet_left_faces size:3
    Applying source normalToFace
    Adding faces according to normal being aligned with (1 0 0) (to within 0.4) ...
    faceSet ac_inlet_left_faces now size 1
Time = 0
    mesh not changed.
Created faceSet outlet_tm_faces
    Applying source patchToFace
    Adding all faces of patches: (wall) ...
    Found matching patch wall with 430 faces
    faceSet outlet_tm_faces now size 430
Read set faceSet outlet_tm_faces size:430
    Applying source boxToFace
    Adding faces with centre within boxes 1((0.00645 -0.0051 -1e-05) (0.00725 -0.0042 0.001001))
    faceSet outlet_tm_faces now size 11
Created faceSet outlet_tm_left_faces
    Applying source patchToFace
    Adding all faces of patches: (wall) ...
    Found matching patch wall with 430 faces
    faceSet outlet_tm_left_faces now size 430
Read set faceSet outlet_tm_left_faces size:430
    Applying source boxToFace
    Adding faces with centre within boxes 1((-0.00725 -0.0051 -1e-05) (-0.00645 -0.0042 0.001001))
    faceSet outlet_tm_left_faces now size 11
Created faceSet ac_inlet_faces
    Applying source patchToFace
    Adding all faces of patches: (wall) ...
    Found matching patch wall with 430 faces
    faceSet ac_inlet_faces now size 430
Read set faceSet ac_inlet_faces size:430
    Applying source boxToFace
    Adding faces with centre within boxes 1((0.0067 -0.00405 -1e-05) (0.00715 -0.00325 0.001001))
    faceSet ac_inlet_faces now size 3
Read set faceSet ac_inlet_faces size:3
    Applying source normalToFace
    Adding faces according to normal being aligned with (-1 0 0) (to within 0.4) ...
    faceSet ac_inlet_faces now size 1
Created faceSet ac_inlet_left_faces
    Applying source patchToFace
    Adding all faces of patches: (wall) ...
    Found matching patch wall with 430 faces
    faceSet ac_inlet_left_faces now size 430
Read set faceSet ac_inlet_left_faces size:430
    Applying source boxToFace
    Adding faces with centre within boxes 1((-0.00715 -0.00405 -1e-05) (-0.0067 -0.00325 0.001001))
    faceSet ac_inlet_left_faces now size 3
Read set faceSet ac_inlet_left_faces size:3
    Applying source normalToFace
    Adding faces according to normal being aligned with (1 0 0) (to within 0.4) ...
    faceSet ac_inlet_left_faces now size 1

End

/*---------------------------------------------------------------------------*\
| =========                 |                                                 |
| \\      /  F ield         | OpenFOAM: The Open Source CFD Toolbox           |
|  \\    /   O peration     | Version:  2512                                  |
|   \\  /    A nd           | Website:  www.openfoam.com                      |
|    \\/     M anipulation  |                                                 |
\*---------------------------------------------------------------------------*/
Build  : _bd2b6720-20260127 OPENFOAM=2512 version=2512
Arch   : "LSB;label=32;scalar=64"
Exec   : createPatch -overwrite -dict system/createPatchDict.anatomical
Date   : Jul 15 2026
Time   : 20:59:02
Host   : a891e63d2518
PID    : 250
I/O    : uncollated
Case   : /simulation/eye-fsi-tc0/fluid
nProcs : 1
trapFpe: Floating point exception trapping enabled (FOAM_SIGFPE).
memory pool : not available
fileModificationChecking : Monitoring run-time modified files using timeStampMaster (fileModificationSkew 5, maxFileModificationPolls 20)
allowSystemOperations : Allowing user-supplied system call operations

// * * * * * * * * * * * * * * * * * * * * * * * * * * * * * * * * * * * * * //
Create time

Create mesh for time = 0

Reading "system/createPatchDict.anatomical"



Adding patches to mesh region0

Adding new patch outlet_tm from 
{
    type            patch;
    nFaces          0;
    startFace       0;
}

Adding new patch outlet_tm_left from 
{
    type            patch;
    nFaces          0;
    startFace       0;
}

Adding new patch ac_inlet from 
{
    type            patch;
    nFaces          0;
    startFace       0;
}

Adding new patch ac_inlet_left from 
{
    type            patch;
    nFaces          0;
    startFace       0;
}




Repatching mesh region0

Read 11 faces from faceSet outlet_tm_faces
Read 11 faces from faceSet outlet_tm_left_faces
Read 1 faces from faceSet ac_inlet_faces
Read 1 faces from faceSet ac_inlet_left_faces
Doing topology modification to order faces.

Not synchronising points.

Removing patches with no faces in them.



Writing repatched mesh region0 to 0

End

=== changeDictionary (patch types) ===
/*---------------------------------------------------------------------------*\
| =========                 |                                                 |
| \\      /  F ield         | OpenFOAM: The Open Source CFD Toolbox           |
|  \\    /   O peration     | Version:  2512                                  |
|   \\  /    A nd           | Website:  www.openfoam.com                      |
|    \\/     M anipulation  |                                                 |
\*---------------------------------------------------------------------------*/
Build  : _bd2b6720-20260127 OPENFOAM=2512 version=2512
Arch   : "LSB;label=32;scalar=64"
Exec   : changeDictionary
Date   : Jul 15 2026
Time   : 20:59:03
Host   : a891e63d2518
PID    : 254
I/O    : uncollated
Case   : /simulation/eye-fsi-tc0/fluid
nProcs : 1
trapFpe: Floating point exception trapping enabled (FOAM_SIGFPE).
memory pool : not available
fileModificationChecking : Monitoring run-time modified files using timeStampMaster (fileModificationSkew 5, maxFileModificationPolls 20)
allowSystemOperations : Allowing user-supplied system call operations

// * * * * * * * * * * * * * * * * * * * * * * * * * * * * * * * * * * * * * //
Create time

Create mesh for time = 0

Read dictionary changeDictionaryDict with replacements for dictionaries 1(boundary)
Reading polyMesh/boundary file to extract patch names
Loaded dictionary boundary with entries 7(back front wall outlet_tm outlet_tm_left ac_inlet ac_inlet_left)
Replacing entries in dictionary boundary
Special handling of boundary as polyMesh/boundary file.
Merging entries from 7(front back wall ac_inlet ac_inlet_left outlet_tm outlet_tm_left)
fieldDict:
{
    back
    {
        type            empty;
        physicalType    patch;
        nFaces          8870;
        startFace       13090;
    }
    front
    {
        type            empty;
        physicalType    patch;
        nFaces          8870;
        startFace       21960;
    }
    wall
    {
        type            wall;
        physicalType    patch;
        nFaces          406;
        startFace       30830;
    }
    outlet_tm
    {
        type            patch;
        nFaces          11;
        startFace       31236;
    }
    outlet_tm_left
    {
        type            patch;
        nFaces          11;
        startFace       31247;
    }
    ac_inlet
    {
        type            patch;
        nFaces          1;
        startFace       31258;
    }
    ac_inlet_left
    {
        type            patch;
        nFaces          1;
        startFace       31259;
    }
}

Writing modified boundary

End

=== initial fields (anatomical BCs) ===
=== topoSet zones (TM + vitreous) ===
/*---------------------------------------------------------------------------*\
| =========                 |                                                 |
| \\      /  F ield         | OpenFOAM: The Open Source CFD Toolbox           |
|  \\    /   O peration     | Version:  2512                                  |
|   \\  /    A nd           | Website:  www.openfoam.com                      |
|    \\/     M anipulation  |                                                 |
\*---------------------------------------------------------------------------*/
Build  : _bd2b6720-20260127 OPENFOAM=2512 version=2512
Arch   : "LSB;label=32;scalar=64"
Exec   : topoSet -dict system/topoSetDict.anatomical -constant
Date   : Jul 15 2026
Time   : 20:59:03
Host   : a891e63d2518
PID    : 259
I/O    : uncollated
Case   : /simulation/eye-fsi-tc0/fluid
nProcs : 1
trapFpe: Floating point exception trapping enabled (FOAM_SIGFPE).
memory pool : not available
fileModificationChecking : Monitoring run-time modified files using timeStampMaster (fileModificationSkew 5, maxFileModificationPolls 20)
allowSystemOperations : Allowing user-supplied system call operations

// * * * * * * * * * * * * * * * * * * * * * * * * * * * * * * * * * * * * * //
Create time

Create polyMesh for time = constant

Reading topoSetDict.anatomical

Time = constant
    mesh not changed.
Created cellSet tm_zone
    Applying source boxToCell
    Adding cells with centre within boxes 1((0.00645 -0.005 -1e-05) (0.00718 -0.00424 0.001001))
    cellSet tm_zone now size 164
Created cellZoneSet tm_zone
    Applying source setToCellZone
    Adding all cells from cell set: tm_zone ...
    cellZoneSet tm_zone now size 164
Created cellSet tm_zone_left
    Applying source boxToCell
    Adding cells with centre within boxes 1((-0.00718 -0.005 -1e-05) (-0.00645 -0.00424 0.001001))
    cellSet tm_zone_left now size 162
Created cellZoneSet tm_zone_left
    Applying source setToCellZone
    Adding all cells from cell set: tm_zone_left ...
    cellZoneSet tm_zone_left now size 162
Created cellSet vitreous_zone
    Applying source boxToCell
    Adding cells with centre within boxes 1((-0.008 -0.0015 -1e-05) (0.008 0.0074 0.001001))
    cellSet vitreous_zone now size 4226
Read set cellSet vitreous_zone size:4226
    Applying source boxToCell
    Removing cells with centre within boxes 1((0.00645 -0.005 -1e-05) (0.00718 -0.00424 0.001001))
    cellSet vitreous_zone now size 4226
Read set cellSet vitreous_zone size:4226
    Applying source boxToCell
    Removing cells with centre within boxes 1((-0.00718 -0.005 -1e-05) (-0.00645 -0.00424 0.001001))
    cellSet vitreous_zone now size 4226
Created cellZoneSet vitreous_zone
    Applying source setToCellZone
    Adding all cells from cell set: vitreous_zone ...
    cellZoneSet vitreous_zone now size 4226
Time = 0
    mesh not changed.
Created cellSet tm_zone
    Applying source boxToCell
    Adding cells with centre within boxes 1((0.00645 -0.005 -1e-05) (0.00718 -0.00424 0.001001))
    cellSet tm_zone now size 164
Created cellZoneSet tm_zone
    Applying source setToCellZone
    Adding all cells from cell set: tm_zone ...
    cellZoneSet tm_zone now size 164
Created cellSet tm_zone_left
    Applying source boxToCell
    Adding cells with centre within boxes 1((-0.00718 -0.005 -1e-05) (-0.00645 -0.00424 0.001001))
    cellSet tm_zone_left now size 162
Created cellZoneSet tm_zone_left
    Applying source setToCellZone
    Adding all cells from cell set: tm_zone_left ...
    cellZoneSet tm_zone_left now size 162
Created cellSet vitreous_zone
    Applying source boxToCell
    Adding cells with centre within boxes 1((-0.008 -0.0015 -1e-05) (0.008 0.0074 0.001001))
    cellSet vitreous_zone now size 4226
Read set cellSet vitreous_zone size:4226
    Applying source boxToCell
    Removing cells with centre within boxes 1((0.00645 -0.005 -1e-05) (0.00718 -0.00424 0.001001))
    cellSet vitreous_zone now size 4226
Read set cellSet vitreous_zone size:4226
    Applying source boxToCell
    Removing cells with centre within boxes 1((-0.00718 -0.005 -1e-05) (-0.00645 -0.00424 0.001001))
    cellSet vitreous_zone now size 4226
Created cellZoneSet vitreous_zone
    Applying source setToCellZone
    Adding all cells from cell set: vitreous_zone ...
    cellZoneSet vitreous_zone now size 4226

End

=== checkMesh ===
/*---------------------------------------------------------------------------*\
| =========                 |                                                 |
| \\      /  F ield         | OpenFOAM: The Open Source CFD Toolbox           |
|  \\    /   O peration     | Version:  2512                                  |
|   \\  /    A nd           | Website:  www.openfoam.com                      |
|    \\/     M anipulation  |                                                 |
\*---------------------------------------------------------------------------*/
Build  : _bd2b6720-20260127 OPENFOAM=2512 version=2512
Arch   : "LSB;label=32;scalar=64"
Exec   : checkMesh
Date   : Jul 15 2026
Time   : 20:59:03
Host   : a891e63d2518
PID    : 263
I/O    : uncollated
Case   : /simulation/eye-fsi-tc0/fluid
nProcs : 1
trapFpe: Floating point exception trapping enabled (FOAM_SIGFPE).
memory pool : not available
fileModificationChecking : Monitoring run-time modified files using timeStampMaster (fileModificationSkew 5, maxFileModificationPolls 20)
allowSystemOperations : Allowing user-supplied system call operations

// * * * * * * * * * * * * * * * * * * * * * * * * * * * * * * * * * * * * * //
Create time

Create mesh for time = 0

Check mesh...

Time = 0

Mesh stats 
    points:           9296
    internal points:  0
    faces:            31260
    internal faces:   13090
    cells:            8870
    faces per cell:   5
    boundary patches: 7
    point zones:      0
    face zones:       0
    cell zones:       4

Overall number of cells of each type:
    hexahedra:     0
    prisms:        8870
    wedges:        0
    pyramids:      0
    tet wedges:    0
    tetrahedra:    0
    polyhedra:     0

Checking topology...
    Boundary definition OK.
    Cell to face addressing OK.
    Point usage OK.
    Upper triangular ordering OK.
    Face vertices OK.
    Number of regions: 1 (OK).

Checking patch topology for multiply connected surfaces...
    Patch               Faces    Points     Surface topology
    back                8870     4648     ok (non-closed singly connected)  
    front               8870     4648     ok (non-closed singly connected)  
    wall                406      820      ok (non-closed singly connected)  
    outlet_tm           11       24       ok (non-closed singly connected)  
    outlet_tm_left      11       24       ok (non-closed singly connected)  
    ac_inlet            1        4        ok (non-closed singly connected)  
    ac_inlet_left       1        4        ok (non-closed singly connected)  
    ".*"                18170    9296     ok (closed singly connected)      


Checking faceZone topology for multiply connected surfaces...
    No faceZones found.

Checking basic cellZone addressing...
    CellZone            Cells        Points       Volume       BoundingBox
    fluid               8870         9296         1.743228e-07 (-0.0089996164 -0.00852 0) (0.0089996164 0.0075244092 0.001)
    tm_zone             164          200          4.4856494e-10 (0.0064120189 -0.0050059331 0) (0.0072207421 -0.0042031464 0.001)
    tm_zone_left        162          200          4.519905e-10 (-0.0072010789 -0.0050358666 0) (-0.0063820516 -0.0041961083 0.001)
    vitreous_zone       4226         4426         1.1348208e-07 (-0.0081281041 -0.0016156888 0) (0.0081421596 0.0075244092 0.001)

Checking basic pointZone addressing...
    No pointZones found.

Checking geometry...
    Overall domain bounding box (-0.0089996164 -0.00852 0) (0.0089996164 0.0075244092 0.001)
    Mesh has 2 geometric (non-empty/wedge) directions (1 1 0)
    Mesh has 2 solution (non-empty) directions (1 1 0)
    All edges aligned with or perpendicular to non-empty directions.
    Boundary openness (3.8755789e-18 1.3415466e-18 -1.5230536e-15) OK.
    Max cell openness = 1.9329691e-16 OK.
    Max aspect ratio = 2.8190302 OK.
    Minimum face area = 1.2881507e-09. Maximum face area = 6.934998e-07.  Face area magnitudes OK.
    Min volume = 1.2881507e-12. Max volume = 1.134912e-10.  Total volume = 1.743228e-07.  Cell volumes OK.
    Mesh non-orthogonality Max: 65.989019 average: 5.4764777
    Non-orthogonality check OK.
    Face pyramids OK.
    Max skewness = 0.51179185 OK.
    Coupled point location match (average 0) OK.

Mesh OK.

End

=== patch / zone counts ===
  ac_inlet: 1 faces
  ac_inlet_left: 1 faces
  outlet_tm: 11 faces
  outlet_tm_left: 11 faces
  wall: 406 faces
  front: 8870 faces
  back: 8870 faces
  tm_zone: 164 cells
  tm_zone_left: 162 cells
  vitreous_zone: 4226 cells
=== simpleFoam ===
/*---------------------------------------------------------------------------*\
| =========                 |                                                 |
| \\      /  F ield         | OpenFOAM: The Open Source CFD Toolbox           |
|  \\    /   O peration     | Version:  2512                                  |
|   \\  /    A nd           | Website:  www.openfoam.com                      |
|    \\/     M anipulation  |                                                 |
\*---------------------------------------------------------------------------*/
Build  : _bd2b6720-20260127 OPENFOAM=2512 version=2512
Arch   : "LSB;label=32;scalar=64"
Exec   : simpleFoam
Date   : Jul 15 2026
Time   : 20:59:04
Host   : a891e63d2518
PID    : 269
I/O    : uncollated
Case   : /simulation/eye-fsi-tc0/fluid
nProcs : 1
trapFpe: Floating point exception trapping enabled (FOAM_SIGFPE).
memory pool : not available
fileModificationChecking : Monitoring run-time modified files using timeStampMaster (fileModificationSkew 5, maxFileModificationPolls 20)
allowSystemOperations : Allowing user-supplied system call operations

// * * * * * * * * * * * * * * * * * * * * * * * * * * * * * * * * * * * * * //
Create time

Create mesh for time = 0

Selecting dynamicFvMesh staticFvMesh

SIMPLE: convergence criteria
    field p	 tolerance 0.0001
    field U	 tolerance 1e-05

Reading field p

Reading field U

Reading/calculating face flux field phi

Selecting incompressible transport model Newtonian
Selecting turbulence model type laminar
Selecting laminar stress model Stokes
No MRF models present

Creating finite-volume options from "system/fvOptions"

Selecting finite volume options type explicitPorositySource
    Source: tm_porous
    State: active
    - selecting cells using cellZones (tm_zone)
    - selected 164 cell(s) with volume 4.4856494e-10
Porosity region tm_porous:
    selecting model: DarcyForchheimer
--> FOAM IOWarning :
    Found [v1806] 'coordinateRotation' entry instead of 'rotation' in dictionary "system/fvOptions/tm_porous/explicitPorositySourceCoeffs/DarcyForchheimerCoeffs/coordinateSystem"

    This keyword is 90 months old.

Using [v1806] 'axesRotation' instead of 'axes' in selection table: coordinateRotation

    This lookup is 90 months old.

    creating porous zone: tm_zone
    origin: (0 0 0) e1: (1 0 0) e2: (0 1 0)
    local bounds: (0.00080872328 0.00080278667 0.001)

Selecting finite volume options type explicitPorositySource
    Source: tm_porous_left
    State: active
    - selecting cells using cellZones (tm_zone_left)
    - selected 162 cell(s) with volume 4.519905e-10
Porosity region tm_porous_left:
    selecting model: DarcyForchheimer
--> FOAM IOWarning :
    Found [v1806] 'coordinateRotation' entry instead of 'rotation' in dictionary "system/fvOptions/tm_porous_left/explicitPorositySourceCoeffs/DarcyForchheimerCoeffs/coordinateSystem"

    This keyword is 90 months old.

Using [v1806] 'axesRotation' instead of 'axes' in selection table: coordinateRotation

    This lookup is 90 months old.

    creating porous zone: tm_zone_left
    origin: (0 0 0) e1: (1 0 0) e2: (0 1 0)
    local bounds: (0.0008190273 0.00083975825 0.001)

Selecting finite volume options type explicitPorositySource
    Source: vitreous_porous
    State: active
    - selecting cells using cellZones (vitreous_zone)
    - selected 4226 cell(s) with volume 1.1348208e-07
Porosity region vitreous_porous:
    selecting model: DarcyForchheimer
--> FOAM IOWarning :
    Found [v1806] 'coordinateRotation' entry instead of 'rotation' in dictionary "system/fvOptions/vitreous_porous/explicitPorositySourceCoeffs/DarcyForchheimerCoeffs/coordinateSystem"

    This keyword is 90 months old.

Using [v1806] 'axesRotation' instead of 'axes' in selection table: coordinateRotation

    This lookup is 90 months old.

    creating porous zone: vitreous_zone
    origin: (0 0 0) e1: (1 0 0) e2: (0 1 0)
    local bounds: (0.016270264 0.009140098 0.001)


Starting time loop

surfaceFieldValue flowRateTM:
    operation     = sum


surfaceFieldValue flowRateTM_left:
    operation     = sum


surfaceFieldValue pressureACinlet:
    operation     = areaAverage


Time = 1

smoothSolver:  Solving for Ux, Initial residual = 0.99999999, Final residual = 3.420706e-09, No Iterations 10
smoothSolver:  Solving for Uy, Initial residual = 0.99999992, Final residual = 3.420702e-09, No Iterations 10
DICPCG:  Solving for p, Initial residual = 0.99999986, Final residual = 0.0087014917, No Iterations 241
DICPCG:  Solving for p, Initial residual = 0.10301715, Final residual = 0.00096141669, No Iterations 153
DICPCG:  Solving for p, Initial residual = 0.014635274, Final residual = 0.00013435893, No Iterations 231
DICPCG:  Solving for p, Initial residual = 0.0068335148, Final residual = 5.71497e-05, No Iterations 299
time step continuity errors : sum local = 1.0297575e-06, global = -9.0541117e-10, cumulative = -9.0541117e-10
ExecutionTime = 0.58 s  ClockTime = 1 s

Time = 2

smoothSolver:  Solving for Ux, Initial residual = 3.8168764e-05, Final residual = 2.7196333e-09, No Iterations 4
smoothSolver:  Solving for Uy, Initial residual = 5.1439411e-05, Final residual = 3.0390064e-09, No Iterations 4
DICPCG:  Solving for p, Initial residual = 0.14347219, Final residual = 0.0011260169, No Iterations 237
DICPCG:  Solving for p, Initial residual = 0.06405412, Final residual = 0.00055338951, No Iterations 156
DICPCG:  Solving for p, Initial residual = 0.01016976, Final residual = 9.4380948e-05, No Iterations 239
DICPCG:  Solving for p, Initial residual = 0.0054472527, Final residual = 4.934114e-05, No Iterations 298
time step continuity errors : sum local = 6.8615121e-07, global = 2.9922538e-11, cumulative = -8.7548863e-10
ExecutionTime = 0.74 s  ClockTime = 1 s

Time = 3

smoothSolver:  Solving for Ux, Initial residual = 1.529938e-05, Final residual = 7.0994798e-09, No Iterations 3
smoothSolver:  Solving for Uy, Initial residual = 2.2642237e-05, Final residual = 8.7139323e-09, No Iterations 3
DICPCG:  Solving for p, Initial residual = 0.15287734, Final residual = 0.0015056752, No Iterations 214
DICPCG:  Solving for p, Initial residual = 0.027835822, Final residual = 0.00024754862, No Iterations 176
DICPCG:  Solving for p, Initial residual = 0.0049815562, Final residual = 4.9260849e-05, No Iterations 103
DICPCG:  Solving for p, Initial residual = 0.0027292263, Final residual = 2.5049214e-05, No Iterations 171
time step continuity errors : sum local = 2.1959258e-07, global = -2.1751833e-09, cumulative = -3.0506719e-09
ExecutionTime = 0.85 s  ClockTime = 1 s

Time = 4

smoothSolver:  Solving for Ux, Initial residual = 7.208913e-06, Final residual = 3.6214904e-09, No Iterations 3
smoothSolver:  Solving for Uy, Initial residual = 1.1637364e-05, Final residual = 4.5350649e-09, No Iterations 3
DICPCG:  Solving for p, Initial residual = 0.17204486, Final residual = 0.0017155566, No Iterations 174
DICPCG:  Solving for p, Initial residual = 0.12450075, Final residual = 0.0012392677, No Iterations 100
DICPCG:  Solving for p, Initial residual = 0.015963753, Final residual = 0.00014662316, No Iterations 180
DICPCG:  Solving for p, Initial residual = 0.0071869047, Final residual = 4.9970254e-05, No Iterations 297
time step continuity errors : sum local = 2.6776659e-07, global = -4.2087625e-10, cumulative = -3.4715482e-09
ExecutionTime = 0.99 s  ClockTime = 1 s

Time = 5

smoothSolver:  Solving for Ux, Initial residual = 2.8886079e-06, Final residual = 1.7060477e-09, No Iterations 3
smoothSolver:  Solving for Uy, Initial residual = 5.0868527e-06, Final residual = 2.0515194e-09, No Iterations 3
DICPCG:  Solving for p, Initial residual = 0.18088029, Final residual = 0.0015791525, No Iterations 230
DICPCG:  Solving for p, Initial residual = 0.20329518, Final residual = 0.0018829109, No Iterations 153
DICPCG:  Solving for p, Initial residual = 0.028430914, Final residual = 0.00024210521, No Iterations 186
DICPCG:  Solving for p, Initial residual = 0.0086892489, Final residual = 8.4263616e-05, No Iterations 293
time step continuity errors : sum local = 3.883245e-07, global = -1.3708753e-10, cumulative = -3.6086357e-09
ExecutionTime = 1.13 s  ClockTime = 1 s

Time = 6

smoothSolver:  Solving for Ux, Initial residual = 5.7591527e-07, Final residual = 3.5032856e-09, No Iterations 2
smoothSolver:  Solving for Uy, Initial residual = 1.4937183e-06, Final residual = 4.1796449e-09, No Iterations 2
DICPCG:  Solving for p, Initial residual = 0.17912526, Final residual = 0.0015490132, No Iterations 228
DICPCG:  Solving for p, Initial residual = 0.14293781, Final residual = 0.001244585, No Iterations 156
DICPCG:  Solving for p, Initial residual = 0.020872774, Final residual = 0.00020661573, No Iterations 193
DICPCG:  Solving for p, Initial residual = 0.0079893707, Final residual = 7.2546724e-05, No Iterations 297
time step continuity errors : sum local = 3.7800684e-07, global = -5.8353133e-10, cumulative = -4.192167e-09
ExecutionTime = 1.28 s  ClockTime = 1 s

Time = 7

smoothSolver:  Solving for Ux, Initial residual = 1.762054e-06, Final residual = 3.405091e-09, No Iterations 2
smoothSolver:  Solving for Uy, Initial residual = 3.3265467e-06, Final residual = 7.7011118e-09, No Iterations 2
DICPCG:  Solving for p, Initial residual = 0.17098656, Final residual = 0.0015941352, No Iterations 231
DICPCG:  Solving for p, Initial residual = 0.09392565, Final residual = 0.00092719131, No Iterations 163
DICPCG:  Solving for p, Initial residual = 0.014099121, Final residual = 0.00013314874, No Iterations 195
DICPCG:  Solving for p, Initial residual = 0.0055704134, Final residual = 4.8597672e-05, No Iterations 298
time step continuity errors : sum local = 1.9563331e-07, global = -3.7856717e-10, cumulative = -4.5707342e-09
ExecutionTime = 1.44 s  ClockTime = 2 s

Time = 8

smoothSolver:  Solving for Ux, Initial residual = 2.4843801e-06, Final residual = 5.8877926e-09, No Iterations 2
smoothSolver:  Solving for Uy, Initial residual = 4.8743217e-06, Final residual = 1.9267761e-09, No Iterations 3
DICPCG:  Solving for p, Initial residual = 0.16277947, Final residual = 0.0014978906, No Iterations 215
DICPCG:  Solving for p, Initial residual = 0.035769106, Final residual = 0.00030018145, No Iterations 171
DICPCG:  Solving for p, Initial residual = 0.0050873044, Final residual = 4.2921283e-05, No Iterations 167
DICPCG:  Solving for p, Initial residual = 0.0025752237, Final residual = 2.5513713e-05, No Iterations 102
time step continuity errors : sum local = 1.084234e-07, global = 1.1673706e-08, cumulative = 7.1029717e-09
ExecutionTime = 1.55 s  ClockTime = 2 s

Time = 9

smoothSolver:  Solving for Ux, Initial residual = 2.3988957e-06, Final residual = 6.0629085e-09, No Iterations 2
smoothSolver:  Solving for Uy, Initial residual = 5.144108e-06, Final residual = 1.9297494e-09, No Iterations 3
DICPCG:  Solving for p, Initial residual = 0.15019193, Final residual = 0.0014672609, No Iterations 165
DICPCG:  Solving for p, Initial residual = 0.051660404, Final residual = 0.00050660456, No Iterations 85
DICPCG:  Solving for p, Initial residual = 0.0072123236, Final residual = 7.1425078e-05, No Iterations 186
DICPCG:  Solving for p, Initial residual = 0.0032280206, Final residual = 3.1029971e-05, No Iterations 168
time step continuity errors : sum local = 1.6839294e-07, global = -1.8633864e-08, cumulative = -1.1530892e-08
ExecutionTime = 1.66 s  ClockTime = 2 s

Time = 10

smoothSolver:  Solving for Ux, Initial residual = 1.5861189e-06, Final residual = 3.9693008e-09, No Iterations 2
smoothSolver:  Solving for Uy, Initial residual = 3.2673802e-06, Final residual = 7.2805543e-09, No Iterations 2
DICPCG:  Solving for p, Initial residual = 0.12692943, Final residual = 0.0011375075, No Iterations 184
DICPCG:  Solving for p, Initial residual = 0.05671716, Final residual = 0.00054430573, No Iterations 98
DICPCG:  Solving for p, Initial residual = 0.0074911811, Final residual = 7.4575471e-05, No Iterations 170
DICPCG:  Solving for p, Initial residual = 0.0035787768, Final residual = 3.4105772e-05, No Iterations 183
time step continuity errors : sum local = 2.1242343e-07, global = -3.7342679e-09, cumulative = -1.526516e-08
ExecutionTime = 1.77 s  ClockTime = 2 s

surfaceFieldValue flowRateTM write:
    total faces   = 11
    total area    = 7.5488664e-07

    sum(outlet_tm) of phi = 1.082688e-11

surfaceFieldValue flowRateTM_left write:
    total faces   = 11
    total area    = 8.5185452e-07

    sum(outlet_tm_left) of phi = 3.9172469e-11

surfaceFieldValue pressureACinlet write:
    total faces   = 1
    total area    = 1.6124515e-07

    areaAverage(ac_inlet) of p = 1.3399277

Time = 11

smoothSolver:  Solving for Ux, Initial residual = 5.9499457e-07, Final residual = 9.185842e-09, No Iterations 1
smoothSolver:  Solving for Uy, Initial residual = 2.0173105e-06, Final residual = 2.8914224e-09, No Iterations 2
DICPCG:  Solving for p, Initial residual = 0.096284076, Final residual = 0.00088413303, No Iterations 229
DICPCG:  Solving for p, Initial residual = 0.047566376, Final residual = 0.00046393906, No Iterations 99
DICPCG:  Solving for p, Initial residual = 0.0062040005, Final residual = 5.752097e-05, No Iterations 186
DICPCG:  Solving for p, Initial residual = 0.0029303176, Final residual = 2.3797854e-05, No Iterations 297
time step continuity errors : sum local = 1.5304e-07, global = 1.8063167e-10, cumulative = -1.5084529e-08
ExecutionTime = 1.99 s  ClockTime = 2 s

Time = 12

smoothSolver:  Solving for Ux, Initial residual = 6.8274448e-07, Final residual = 2.5462012e-09, No Iterations 2
smoothSolver:  Solving for Uy, Initial residual = 1.8432843e-06, Final residual = 5.6612459e-09, No Iterations 2
DICPCG:  Solving for p, Initial residual = 0.074107586, Final residual = 0.00062449244, No Iterations 231
DICPCG:  Solving for p, Initial residual = 0.028127126, Final residual = 0.0002740659, No Iterations 102
DICPCG:  Solving for p, Initial residual = 0.0039788443, Final residual = 3.7209603e-05, No Iterations 200
DICPCG:  Solving for p, Initial residual = 0.0019395165, Final residual = 1.4417614e-05, No Iterations 297
time step continuity errors : sum local = 8.861752e-08, global = 2.8079718e-11, cumulative = -1.5056449e-08
ExecutionTime = 2.14 s  ClockTime = 2 s

Time = 13

smoothSolver:  Solving for Ux, Initial residual = 1.0041911e-06, Final residual = 3.5586203e-09, No Iterations 2
smoothSolver:  Solving for Uy, Initial residual = 2.1391769e-06, Final residual = 6.9952861e-09, No Iterations 2
DICPCG:  Solving for p, Initial residual = 0.062123632, Final residual = 0.00055830878, No Iterations 215
DICPCG:  Solving for p, Initial residual = 0.016167121, Final residual = 0.00015872869, No Iterations 176
DICPCG:  Solving for p, Initial residual = 0.0022478036, Final residual = 1.9333882e-05, No Iterations 171
DICPCG:  Solving for p, Initial residual = 0.00097176083, Final residual = 8.8642686e-06, No Iterations 297
time step continuity errors : sum local = 5.0404621e-08, global = 7.7978841e-12, cumulative = -1.5048651e-08
ExecutionTime = 2.3 s  ClockTime = 2 s

Time = 14

smoothSolver:  Solving for Ux, Initial residual = 8.7212688e-07, Final residual = 3.1612692e-09, No Iterations 2
smoothSolver:  Solving for Uy, Initial residual = 1.8091054e-06, Final residual = 5.6112805e-09, No Iterations 2
DICPCG:  Solving for p, Initial residual = 0.054524602, Final residual = 0.00043049695, No Iterations 212
DICPCG:  Solving for p, Initial residual = 0.025671633, Final residual = 0.00024726048, No Iterations 21
DICPCG:  Solving for p, Initial residual = 0.0033961474, Final residual = 2.9893437e-05, No Iterations 120
DICPCG:  Solving for p, Initial residual = 0.0015232777, Final residual = 1.3966298e-05, No Iterations 81
time step continuity errors : sum local = 7.3229783e-08, global = -4.928195e-09, cumulative = -1.9976846e-08
ExecutionTime = 2.39 s  ClockTime = 3 s

Time = 15

smoothSolver:  Solving for Ux, Initial residual = 5.1033696e-07, Final residual = 2.00074e-09, No Iterations 2
smoothSolver:  Solving for Uy, Initial residual = 1.1617045e-06, Final residual = 2.9178218e-09, No Iterations 2
DICPCG:  Solving for p, Initial residual = 0.046022056, Final residual = 0.00045312349, No Iterations 166
DICPCG:  Solving for p, Initial residual = 0.031022194, Final residual = 0.0003050107, No Iterations 76
DICPCG:  Solving for p, Initial residual = 0.0047834192, Final residual = 4.513445e-05, No Iterations 179
DICPCG:  Solving for p, Initial residual = 0.0022757439, Final residual = 2.1591495e-05, No Iterations 104
time step continuity errors : sum local = 1.07094e-07, global = 1.3613734e-08, cumulative = -6.3631115e-09
ExecutionTime = 2.5 s  ClockTime = 3 s

Time = 16

smoothSolver:  Solving for Ux, Initial residual = 3.1210172e-07, Final residual = 6.073323e-09, No Iterations 1
smoothSolver:  Solving for Uy, Initial residual = 1.0721828e-06, Final residual = 9.9530893e-09, No Iterations 1
DICPCG:  Solving for p, Initial residual = 0.036808827, Final residual = 0.00035593321, No Iterations 162
DICPCG:  Solving for p, Initial residual = 0.024648043, Final residual = 0.00023949948, No Iterations 80
DICPCG:  Solving for p, Initial residual = 0.0040013488, Final residual = 3.9789665e-05, No Iterations 191
DICPCG:  Solving for p, Initial residual = 0.002049931, Final residual = 2.0360601e-05, No Iterations 90
time step continuity errors : sum local = 9.9036089e-08, global = 1.6267813e-08, cumulative = 9.9047017e-09
ExecutionTime = 2.66 s  ClockTime = 3 s

Time = 17

smoothSolver:  Solving for Ux, Initial residual = 3.9189255e-07, Final residual = 6.2424647e-09, No Iterations 1
smoothSolver:  Solving for Uy, Initial residual = 1.3229143e-06, Final residual = 2.1534155e-09, No Iterations 2
DICPCG:  Solving for p, Initial residual = 0.030615821, Final residual = 0.00025433168, No Iterations 213
DICPCG:  Solving for p, Initial residual = 0.013452059, Final residual = 0.00012391001, No Iterations 102
DICPCG:  Solving for p, Initial residual = 0.002593406, Final residual = 2.580443e-05, No Iterations 185
DICPCG:  Solving for p, Initial residual = 0.0013992435, Final residual = 1.3672543e-05, No Iterations 284
time step continuity errors : sum local = 6.7378288e-08, global = 5.86938e-11, cumulative = 9.9633955e-09
ExecutionTime = 2.81 s  ClockTime = 3 s

Time = 18

smoothSolver:  Solving for Ux, Initial residual = 3.9358875e-07, Final residual = 8.366767e-09, No Iterations 1
smoothSolver:  Solving for Uy, Initial residual = 9.7375479e-07, Final residual = 2.7648151e-09, No Iterations 2
DICPCG:  Solving for p, Initial residual = 0.030953618, Final residual = 0.00030492988, No Iterations 167
DICPCG:  Solving for p, Initial residual = 0.0077642667, Final residual = 7.368314e-05, No Iterations 182
DICPCG:  Solving for p, Initial residual = 0.0018212537, Final residual = 1.8200354e-05, No Iterations 181
DICPCG:  Solving for p, Initial residual = 0.00094113461, Final residual = 9.2157443e-06, No Iterations 296
time step continuity errors : sum local = 4.6687693e-08, global = -3.9649876e-11, cumulative = 9.9237456e-09
ExecutionTime = 2.95 s  ClockTime = 3 s

Time = 19

smoothSolver:  Solving for Ux, Initial residual = 3.4651667e-07, Final residual = 7.5097447e-09, No Iterations 1
smoothSolver:  Solving for Uy, Initial residual = 7.103652e-07, Final residual = 2.3258509e-09, No Iterations 2
DICPCG:  Solving for p, Initial residual = 0.029880931, Final residual = 0.00029149635, No Iterations 164
DICPCG:  Solving for p, Initial residual = 0.010926109, Final residual = 0.00010739992, No Iterations 84
DICPCG:  Solving for p, Initial residual = 0.0013813181, Final residual = 1.3501549e-05, No Iterations 96
DICPCG:  Solving for p, Initial residual = 0.00056513757, Final residual = 5.0448001e-06, No Iterations 102
time step continuity errors : sum local = 2.6326952e-08, global = -2.7655854e-09, cumulative = 7.1581602e-09
ExecutionTime = 3.03 s  ClockTime = 3 s

Time = 20

smoothSolver:  Solving for Ux, Initial residual = 2.166186e-07, Final residual = 4.8867537e-09, No Iterations 1
smoothSolver:  Solving for Uy, Initial residual = 4.6593732e-07, Final residual = 9.1462719e-09, No Iterations 1
DICPCG:  Solving for p, Initial residual = 0.025635028, Final residual = 0.00024669312, No Iterations 164
DICPCG:  Solving for p, Initial residual = 0.012958232, Final residual = 0.00012522636, No Iterations 85
DICPCG:  Solving for p, Initial residual = 0.001852066, Final residual = 1.7683581e-05, No Iterations 181
DICPCG:  Solving for p, Initial residual = 0.00087934476, Final residual = 8.7642227e-06, No Iterations 107
time step continuity errors : sum local = 4.6544369e-08, global = -9.9244094e-09, cumulative = -2.7662492e-09
ExecutionTime = 3.12 s  ClockTime = 3 s

surfaceFieldValue flowRateTM write:
    sum(outlet_tm) of phi = 1.0100672e-11

surfaceFieldValue flowRateTM_left write:
    sum(outlet_tm_left) of phi = 3.9897598e-11

surfaceFieldValue pressureACinlet write:
    areaAverage(ac_inlet) of p = 1.3399324

Time = 21

smoothSolver:  Solving for Ux, Initial residual = 1.2524781e-07, Final residual = 2.7683544e-09, No Iterations 1
smoothSolver:  Solving for Uy, Initial residual = 4.51454e-07, Final residual = 6.0265981e-09, No Iterations 1
DICPCG:  Solving for p, Initial residual = 0.020957795, Final residual = 0.00020900351, No Iterations 164
DICPCG:  Solving for p, Initial residual = 0.011328913, Final residual = 0.00010383553, No Iterations 84
DICPCG:  Solving for p, Initial residual = 0.0015929137, Final residual = 1.5000672e-05, No Iterations 180
DICPCG:  Solving for p, Initial residual = 0.00072615412, Final residual = 7.1441853e-06, No Iterations 171
time step continuity errors : sum local = 3.8123929e-08, global = -1.808151e-09, cumulative = -4.5744002e-09
ExecutionTime = 3.23 s  ClockTime = 3 s

Time = 22

smoothSolver:  Solving for Ux, Initial residual = 1.708708e-07, Final residual = 3.2545923e-09, No Iterations 1
smoothSolver:  Solving for Uy, Initial residual = 6.2743695e-07, Final residual = 8.201962e-09, No Iterations 1
DICPCG:  Solving for p, Initial residual = 0.018680013, Final residual = 0.00018128504, No Iterations 161
DICPCG:  Solving for p, Initial residual = 0.0066743938, Final residual = 6.5066257e-05, No Iterations 70
DICPCG:  Solving for p, Initial residual = 0.00098611007, Final residual = 9.6314941e-06, No Iterations 180
DICPCG:  Solving for p, Initial residual = 0.00044556643, Final residual = 4.184091e-06, No Iterations 151
time step continuity errors : sum local = 2.219277e-08, global = -5.2103213e-10, cumulative = -5.0954323e-09
ExecutionTime = 3.34 s  ClockTime = 3 s

Time = 23

smoothSolver:  Solving for Ux, Initial residual = 1.965136e-07, Final residual = 4.2157051e-09, No Iterations 1
smoothSolver:  Solving for Uy, Initial residual = 6.6826202e-07, Final residual = 9.8878764e-09, No Iterations 1
DICPCG:  Solving for p, Initial residual = 0.018131525, Final residual = 0.00017815623, No Iterations 161
DICPCG:  Solving for p, Initial residual = 0.004148879, Final residual = 4.0051733e-05, No Iterations 81
DICPCG:  Solving for p, Initial residual = 0.0006606367, Final residual = 6.2612983e-06, No Iterations 180
DICPCG:  Solving for p, Initial residual = 0.00030252559, Final residual = 2.9465023e-06, No Iterations 109
time step continuity errors : sum local = 1.5444315e-08, global = -2.2857084e-09, cumulative = -7.3811407e-09
ExecutionTime = 3.43 s  ClockTime = 4 s

Time = 24

smoothSolver:  Solving for Ux, Initial residual = 1.7012733e-07, Final residual = 3.8747701e-09, No Iterations 1
smoothSolver:  Solving for Uy, Initial residual = 5.5467378e-07, Final residual = 8.3037374e-09, No Iterations 1
DICPCG:  Solving for p, Initial residual = 0.016725213, Final residual = 0.00014594225, No Iterations 162
DICPCG:  Solving for p, Initial residual = 0.0057678088, Final residual = 5.5583822e-05, No Iterations 86
DICPCG:  Solving for p, Initial residual = 0.00077212036, Final residual = 7.4285506e-06, No Iterations 103
DICPCG:  Solving for p, Initial residual = 0.00033592984, Final residual = 3.2827327e-06, No Iterations 115
time step continuity errors : sum local = 1.7015545e-08, global = 1.0727834e-09, cumulative = -6.3083573e-09
ExecutionTime = 3.51 s  ClockTime = 4 s

Time = 25

smoothSolver:  Solving for Ux, Initial residual = 1.1065131e-07, Final residual = 2.7430499e-09, No Iterations 1
smoothSolver:  Solving for Uy, Initial residual = 3.592351e-07, Final residual = 5.0970799e-09, No Iterations 1
DICPCG:  Solving for p, Initial residual = 0.014343803, Final residual = 0.00014116864, No Iterations 165
DICPCG:  Solving for p, Initial residual = 0.0062181055, Final residual = 6.0861504e-05, No Iterations 16
DICPCG:  Solving for p, Initial residual = 0.00089804912, Final residual = 8.6326372e-06, No Iterations 180
DICPCG:  Solving for p, Initial residual = 0.00045905324, Final residual = 4.5114906e-06, No Iterations 106
time step continuity errors : sum local = 2.3249146e-08, global = 4.019773e-09, cumulative = -2.2885843e-09
ExecutionTime = 3.58 s  ClockTime = 4 s

Time = 26

smoothSolver:  Solving for Ux, Initial residual = 6.1144894e-08, Final residual = 2.1151305e-09, No Iterations 1
smoothSolver:  Solving for Uy, Initial residual = 1.810039e-07, Final residual = 3.6308995e-09, No Iterations 1
DICPCG:  Solving for p, Initial residual = 0.011647971, Final residual = 0.00011392666, No Iterations 164
DICPCG:  Solving for p, Initial residual = 0.0046369818, Final residual = 4.4419402e-05, No Iterations 90
DICPCG:  Solving for p, Initial residual = 0.00079691427, Final residual = 7.5527792e-06, No Iterations 181
DICPCG:  Solving for p, Initial residual = 0.00039368419, Final residual = 3.8492959e-06, No Iterations 99
time step continuity errors : sum local = 1.9848753e-08, global = 3.2246983e-09, cumulative = 9.3611402e-10
ExecutionTime = 3.67 s  ClockTime = 4 s

Time = 27

smoothSolver:  Solving for Ux, Initial residual = 5.5495312e-08, Final residual = 2.0355907e-09, No Iterations 1
smoothSolver:  Solving for Uy, Initial residual = 1.191584e-07, Final residual = 4.3869596e-09, No Iterations 1
DICPCG:  Solving for p, Initial residual = 0.010593875, Final residual = 0.00010575466, No Iterations 160
DICPCG:  Solving for p, Initial residual = 0.0027630611, Final residual = 2.3353565e-05, No Iterations 98
DICPCG:  Solving for p, Initial residual = 0.00059739846, Final residual = 5.7063119e-06, No Iterations 171
DICPCG:  Solving for p, Initial residual = 0.00032142777, Final residual = 2.9892341e-06, No Iterations 71
time step continuity errors : sum local = 1.5467349e-08, global = 1.45714e-09, cumulative = 2.393254e-09
ExecutionTime = 3.75 s  ClockTime = 4 s

Time = 28

smoothSolver:  Solving for Ux, Initial residual = 6.5797689e-08, Final residual = 2.1035213e-09, No Iterations 1
smoothSolver:  Solving for Uy, Initial residual = 1.4896935e-07, Final residual = 4.5528011e-09, No Iterations 1
DICPCG:  Solving for p, Initial residual = 0.010313734, Final residual = 9.782658e-05, No Iterations 83
DICPCG:  Solving for p, Initial residual = 0.0023245228, Final residual = 2.3232335e-05, No Iterations 104
DICPCG:  Solving for p, Initial residual = 0.00047586377, Final residual = 4.5630329e-06, No Iterations 108
DICPCG:  Solving for p, Initial residual = 0.00025175486, Final residual = 2.4033507e-06, No Iterations 281
time step continuity errors : sum local = 1.2533288e-08, global = 9.6070854e-12, cumulative = 2.4028611e-09
ExecutionTime = 3.85 s  ClockTime = 4 s

Time = 29

smoothSolver:  Solving for Ux, Initial residual = 6.3875287e-08, Final residual = 1.8574877e-09, No Iterations 1
smoothSolver:  Solving for Uy, Initial residual = 1.8968588e-07, Final residual = 3.7242318e-09, No Iterations 1
DICPCG:  Solving for p, Initial residual = 0.0093728168, Final residual = 7.7128003e-05, No Iterations 161
DICPCG:  Solving for p, Initial residual = 0.0029014311, Final residual = 2.5477986e-05, No Iterations 25
DICPCG:  Solving for p, Initial residual = 0.00049348087, Final residual = 4.368235e-06, No Iterations 98
DICPCG:  Solving for p, Initial residual = 0.00026318434, Final residual = 2.5646731e-06, No Iterations 106
time step continuity errors : sum local = 1.3391773e-08, global = -1.4224607e-10, cumulative = 2.260615e-09
ExecutionTime = 3.92 s  ClockTime = 4 s

Time = 30

smoothSolver:  Solving for Ux, Initial residual = 4.638822e-08, Final residual = 1.5422809e-09, No Iterations 1
smoothSolver:  Solving for Uy, Initial residual = 1.4186408e-07, Final residual = 2.9071409e-09, No Iterations 1
DICPCG:  Solving for p, Initial residual = 0.0079421915, Final residual = 6.770984e-05, No Iterations 163
DICPCG:  Solving for p, Initial residual = 0.0029654303, Final residual = 2.9083888e-05, No Iterations 24
DICPCG:  Solving for p, Initial residual = 0.00051550577, Final residual = 5.1441733e-06, No Iterations 124
DICPCG:  Solving for p, Initial residual = 0.00028397655, Final residual = 2.6873279e-06, No Iterations 162
time step continuity errors : sum local = 1.4065693e-08, global = 6.7892424e-10, cumulative = 2.9395393e-09
ExecutionTime = 3.99 s  ClockTime = 4 s

surfaceFieldValue flowRateTM write:
    sum(outlet_tm) of phi = 1.0114967e-11

surfaceFieldValue flowRateTM_left write:
    sum(outlet_tm_left) of phi = 3.9885152e-11

surfaceFieldValue pressureACinlet write:
    areaAverage(ac_inlet) of p = 1.339933

Time = 31

smoothSolver:  Solving for Ux, Initial residual = 3.3017345e-08, Final residual = 1.4008142e-09, No Iterations 1
smoothSolver:  Solving for Uy, Initial residual = 1.039508e-07, Final residual = 2.6521523e-09, No Iterations 1
DICPCG:  Solving for p, Initial residual = 0.0069109518, Final residual = 6.6062987e-05, No Iterations 164
DICPCG:  Solving for p, Initial residual = 0.0022024357, Final residual = 2.1766644e-05, No Iterations 92
DICPCG:  Solving for p, Initial residual = 0.00036580643, Final residual = 3.4679808e-06, No Iterations 182
DICPCG:  Solving for p, Initial residual = 0.00017789869, Final residual = 1.7355298e-06, No Iterations 173
time step continuity errors : sum local = 9.10478e-09, global = 1.5069567e-09, cumulative = 4.446496e-09
ExecutionTime = 4.1 s  ClockTime = 4 s

Time = 32

smoothSolver:  Solving for Ux, Initial residual = 3.0884144e-08, Final residual = 1.3917755e-09, No Iterations 1
smoothSolver:  Solving for Uy, Initial residual = 8.4716497e-08, Final residual = 2.7116975e-09, No Iterations 1
DICPCG:  Solving for p, Initial residual = 0.0064754801, Final residual = 5.5068449e-05, No Iterations 158
DICPCG:  Solving for p, Initial residual = 0.0015821404, Final residual = 1.5534136e-05, No Iterations 97
DICPCG:  Solving for p, Initial residual = 0.00029457827, Final residual = 2.6001482e-06, No Iterations 182
DICPCG:  Solving for p, Initial residual = 0.00013945505, Final residual = 1.292934e-06, No Iterations 102
time step continuity errors : sum local = 6.7743127e-09, global = -2.5460982e-10, cumulative = 4.1918862e-09
ExecutionTime = 4.19 s  ClockTime = 4 s

Time = 33

smoothSolver:  Solving for Ux, Initial residual = 3.0891007e-08, Final residual = 1.3860045e-09, No Iterations 1
smoothSolver:  Solving for Uy, Initial residual = 7.3729862e-08, Final residual = 2.7321294e-09, No Iterations 1
DICPCG:  Solving for p, Initial residual = 0.0061119662, Final residual = 5.7870486e-05, No Iterations 90
DICPCG:  Solving for p, Initial residual = 0.001341351, Final residual = 1.2612563e-05, No Iterations 104
DICPCG:  Solving for p, Initial residual = 0.00026642216, Final residual = 2.5066924e-06, No Iterations 102
DICPCG:  Solving for p, Initial residual = 0.00013483445, Final residual = 1.1941855e-06, No Iterations 184
time step continuity errors : sum local = 6.2649657e-09, global = -2.4787494e-10, cumulative = 3.9440112e-09
ExecutionTime = 4.27 s  ClockTime = 4 s

Time = 34

smoothSolver:  Solving for Ux, Initial residual = 2.6287859e-08, Final residual = 1.3081795e-09, No Iterations 1
smoothSolver:  Solving for Uy, Initial residual = 6.0193217e-08, Final residual = 2.4784612e-09, No Iterations 1
DICPCG:  Solving for p, Initial residual = 0.0054991343, Final residual = 5.1382136e-05, No Iterations 161
DICPCG:  Solving for p, Initial residual = 0.0013730616, Final residual = 1.2101541e-05, No Iterations 26
DICPCG:  Solving for p, Initial residual = 0.00021548178, Final residual = 2.0273236e-06, No Iterations 98
DICPCG:  Solving for p, Initial residual = 0.00010402154, Final residual = 8.8675722e-07, No Iterations 104
time step continuity errors : sum local = 4.6442131e-09, global = 1.0089114e-09, cumulative = 4.9529226e-09
ExecutionTime = 4.34 s  ClockTime = 4 s

Time = 35

smoothSolver:  Solving for Ux, Initial residual = 2.0379654e-08, Final residual = 1.2292537e-09, No Iterations 1
smoothSolver:  Solving for Uy, Initial residual = 4.8946595e-08, Final residual = 2.1650717e-09, No Iterations 1
DICPCG:  Solving for p, Initial residual = 0.0047635596, Final residual = 4.0502701e-05, No Iterations 160
DICPCG:  Solving for p, Initial residual = 0.001231254, Final residual = 1.1675333e-05, No Iterations 25
DICPCG:  Solving for p, Initial residual = 0.00019264854, Final residual = 1.9023324e-06, No Iterations 171
DICPCG:  Solving for p, Initial residual = 9.4209334e-05, Final residual = 8.1596007e-07, No Iterations 163
time step continuity errors : sum local = 4.290458e-09, global = -4.7370938e-11, cumulative = 4.9055517e-09
ExecutionTime = 4.43 s  ClockTime = 5 s

Time = 36

smoothSolver:  Solving for Ux, Initial residual = 1.8210659e-08, Final residual = 1.1768703e-09, No Iterations 1
smoothSolver:  Solving for Uy, Initial residual = 4.7324581e-08, Final residual = 1.9452238e-09, No Iterations 1
DICPCG:  Solving for p, Initial residual = 0.0042302538, Final residual = 4.0507457e-05, No Iterations 118
DICPCG:  Solving for p, Initial residual = 0.00097505352, Final residual = 9.3563346e-06, No Iterations 99
DICPCG:  Solving for p, Initial residual = 0.00018789633, Final residual = 1.4973417e-06, No Iterations 172
DICPCG:  Solving for p, Initial residual = 9.7318489e-05, Final residual = 9.569919e-07, No Iterations 78
time step continuity errors : sum local = 5.0070299e-09, global = 8.1610608e-10, cumulative = 5.7216578e-09
ExecutionTime = 4.5 s  ClockTime = 5 s

Time = 37

smoothSolver:  Solving for Ux, Initial residual = 1.7714369e-08, Final residual = 1.1137172e-09, No Iterations 1
smoothSolver:  Solving for Uy, Initial residual = 4.6016352e-08, Final residual = 1.8204094e-09, No Iterations 1
DICPCG:  Solving for p, Initial residual = 0.0038972166, Final residual = 3.5364437e-05, No Iterations 110
DICPCG:  Solving for p, Initial residual = 0.00078015432, Final residual = 7.4271339e-06, No Iterations 150
DICPCG:  Solving for p, Initial residual = 0.00019165103, Final residual = 1.8639865e-06, No Iterations 40
DICPCG:  Solving for p, Initial residual = 8.6256151e-05, Final residual = 8.540569e-07, No Iterations 155
time step continuity errors : sum local = 4.4870976e-09, global = -1.6489923e-10, cumulative = 5.5567585e-09
ExecutionTime = 4.58 s  ClockTime = 5 s

Time = 38

smoothSolver:  Solving for Ux, Initial residual = 1.6198806e-08, Final residual = 1.0481592e-09, No Iterations 1
smoothSolver:  Solving for Uy, Initial residual = 4.1739753e-08, Final residual = 1.7443714e-09, No Iterations 1
DICPCG:  Solving for p, Initial residual = 0.0035860042, Final residual = 3.343298e-05, No Iterations 84
DICPCG:  Solving for p, Initial residual = 0.00068565998, Final residual = 6.4793445e-06, No Iterations 153
DICPCG:  Solving for p, Initial residual = 0.00013965326, Final residual = 1.3113392e-06, No Iterations 98
DICPCG:  Solving for p, Initial residual = 6.9998566e-05, Final residual = 6.5732314e-07, No Iterations 99
time step continuity errors : sum local = 3.4593817e-09, global = -1.2254422e-10, cumulative = 5.4342143e-09
ExecutionTime = 4.65 s  ClockTime = 5 s

Time = 39

smoothSolver:  Solving for Ux, Initial residual = 1.4046207e-08, Final residual = 9.8786622e-10, No Iterations 1
smoothSolver:  Solving for Uy, Initial residual = 3.502882e-08, Final residual = 1.6915893e-09, No Iterations 1
DICPCG:  Solving for p, Initial residual = 0.0032897851, Final residual = 3.0311043e-05, No Iterations 159
DICPCG:  Solving for p, Initial residual = 0.00063223803, Final residual = 6.1460687e-06, No Iterations 31
DICPCG:  Solving for p, Initial residual = 0.00011930428, Final residual = 1.1893901e-06, No Iterations 115
DICPCG:  Solving for p, Initial residual = 5.9815458e-05, Final residual = 5.5239226e-07, No Iterations 73
time step continuity errors : sum local = 2.9083848e-09, global = -3.4296633e-11, cumulative = 5.3999177e-09
ExecutionTime = 4.71 s  ClockTime = 5 s

Time = 40

smoothSolver:  Solving for Ux, Initial residual = 1.1507852e-08, Final residual = 9.3582149e-10, No Iterations 1
smoothSolver:  Solving for Uy, Initial residual = 2.7695399e-08, Final residual = 1.606438e-09, No Iterations 1
DICPCG:  Solving for p, Initial residual = 0.0030395893, Final residual = 2.8888829e-05, No Iterations 126
DICPCG:  Solving for p, Initial residual = 0.00056480001, Final residual = 5.5189308e-06, No Iterations 101
DICPCG:  Solving for p, Initial residual = 0.00012611885, Final residual = 1.2038188e-06, No Iterations 175
DICPCG:  Solving for p, Initial residual = 6.4771429e-05, Final residual = 6.3206285e-07, No Iterations 81
time step continuity errors : sum local = 3.3246594e-09, global = -2.6269406e-10, cumulative = 5.1372236e-09
ExecutionTime = 4.79 s  ClockTime = 5 s

surfaceFieldValue flowRateTM write:
    sum(outlet_tm) of phi = 1.0136759e-11

surfaceFieldValue flowRateTM_left write:
    sum(outlet_tm_left) of phi = 3.9863195e-11

surfaceFieldValue pressureACinlet write:
    areaAverage(ac_inlet) of p = 1.339933

Time = 41

smoothSolver:  Solving for Ux, Initial residual = 9.5890414e-09, Final residual = 9.5890414e-09, No Iterations 0
smoothSolver:  Solving for Uy, Initial residual = 2.1490008e-08, Final residual = 1.4966617e-09, No Iterations 1
DICPCG:  Solving for p, Initial residual = 0.0027797341, Final residual = 2.5811906e-05, No Iterations 117
DICPCG:  Solving for p, Initial residual = 0.00052622498, Final residual = 5.1331783e-06, No Iterations 76
DICPCG:  Solving for p, Initial residual = 0.0001176076, Final residual = 1.1056064e-06, No Iterations 174
DICPCG:  Solving for p, Initial residual = 6.2999586e-05, Final residual = 6.0615337e-07, No Iterations 90
time step continuity errors : sum local = 3.1957459e-09, global = -1.5831969e-10, cumulative = 4.9789039e-09
ExecutionTime = 4.87 s  ClockTime = 5 s

Time = 42

smoothSolver:  Solving for Ux, Initial residual = 9.2137719e-09, Final residual = 9.2137719e-09, No Iterations 0
smoothSolver:  Solving for Uy, Initial residual = 1.7294123e-08, Final residual = 1.2971883e-09, No Iterations 1
DICPCG:  Solving for p, Initial residual = 0.0025327119, Final residual = 2.3813626e-05, No Iterations 110
DICPCG:  Solving for p, Initial residual = 0.00049658366, Final residual = 4.8169569e-06, No Iterations 152
DICPCG:  Solving for p, Initial residual = 0.00011959942, Final residual = 1.193555e-06, No Iterations 89
DICPCG:  Solving for p, Initial residual = 5.8188465e-05, Final residual = 5.5174478e-07, No Iterations 104
time step continuity errors : sum local = 2.9127764e-09, global = -1.033349e-10, cumulative = 4.875569e-09
ExecutionTime = 4.95 s  ClockTime = 5 s

Time = 43

smoothSolver:  Solving for Ux, Initial residual = 9.4170771e-09, Final residual = 9.4170771e-09, No Iterations 0
smoothSolver:  Solving for Uy, Initial residual = 1.5322532e-08, Final residual = 1.0727145e-09, No Iterations 1
DICPCG:  Solving for p, Initial residual = 0.002274981, Final residual = 2.1528358e-05, No Iterations 83
DICPCG:  Solving for p, Initial residual = 0.00041166657, Final residual = 4.0686573e-06, No Iterations 53
DICPCG:  Solving for p, Initial residual = 8.3763617e-05, Final residual = 7.6812413e-07, No Iterations 156
DICPCG:  Solving for p, Initial residual = 4.182385e-05, Final residual = 3.8746897e-07, No Iterations 90
time step continuity errors : sum local = 2.0637087e-09, global = -1.1527794e-10, cumulative = 4.7602911e-09
ExecutionTime = 5.02 s  ClockTime = 5 s

Time = 44

smoothSolver:  Solving for Ux, Initial residual = 9.2415606e-09, Final residual = 9.2415606e-09, No Iterations 0
smoothSolver:  Solving for Uy, Initial residual = 1.2998353e-08, Final residual = 8.561075e-10, No Iterations 1
DICPCG:  Solving for p, Initial residual = 0.0020686342, Final residual = 1.9145954e-05, No Iterations 103
DICPCG:  Solving for p, Initial residual = 0.00033062488, Final residual = 2.7935296e-06, No Iterations 152
DICPCG:  Solving for p, Initial residual = 5.6856725e-05, Final residual = 5.1566518e-07, No Iterations 92
DICPCG:  Solving for p, Initial residual = 2.5207707e-05, Final residual = 2.4435493e-07, No Iterations 55
time step continuity errors : sum local = 1.3034797e-09, global = -3.6173999e-11, cumulative = 4.7241171e-09
ExecutionTime = 5.09 s  ClockTime = 5 s

Time = 45

smoothSolver:  Solving for Ux, Initial residual = 8.6894523e-09, Final residual = 8.6894523e-09, No Iterations 0
smoothSolver:  Solving for Uy, Initial residual = 1.0532748e-08, Final residual = 6.9899303e-10, No Iterations 1
DICPCG:  Solving for p, Initial residual = 0.0019026643, Final residual = 1.8832662e-05, No Iterations 64
DICPCG:  Solving for p, Initial residual = 0.00027318437, Final residual = 2.2692342e-06, No Iterations 152
DICPCG:  Solving for p, Initial residual = 6.1653374e-05, Final residual = 5.7651044e-07, No Iterations 75
DICPCG:  Solving for p, Initial residual = 2.3729289e-05, Final residual = 2.1035848e-07, No Iterations 175
time step continuity errors : sum local = 1.1554473e-09, global = 5.3433308e-11, cumulative = 4.7775504e-09
ExecutionTime = 5.17 s  ClockTime = 5 s

Time = 46

smoothSolver:  Solving for Ux, Initial residual = 7.9353544e-09, Final residual = 7.9353544e-09, No Iterations 0
smoothSolver:  Solving for Uy, Initial residual = 8.7903096e-09, Final residual = 8.7903096e-09, No Iterations 0
DICPCG:  Solving for p, Initial residual = 0.0017605432, Final residual = 1.5879449e-05, No Iterations 65
DICPCG:  Solving for p, Initial residual = 0.000279476, Final residual = 2.4002296e-06, No Iterations 152
DICPCG:  Solving for p, Initial residual = 7.2418966e-05, Final residual = 6.4469854e-07, No Iterations 18
DICPCG:  Solving for p, Initial residual = 3.0933193e-05, Final residual = 2.9478528e-07, No Iterations 176
time step continuity errors : sum local = 1.593961e-09, global = 3.3569368e-11, cumulative = 4.8111198e-09
ExecutionTime = 5.24 s  ClockTime = 5 s

Time = 47

smoothSolver:  Solving for Ux, Initial residual = 7.2473243e-09, Final residual = 7.2473243e-09, No Iterations 0
smoothSolver:  Solving for Uy, Initial residual = 8.9221623e-09, Final residual = 8.9221623e-09, No Iterations 0
DICPCG:  Solving for p, Initial residual = 0.0016801558, Final residual = 1.5972059e-05, No Iterations 69
DICPCG:  Solving for p, Initial residual = 0.00032201422, Final residual = 3.0130618e-06, No Iterations 121
DICPCG:  Solving for p, Initial residual = 7.6709879e-05, Final residual = 7.4705804e-07, No Iterations 69
DICPCG:  Solving for p, Initial residual = 3.5359539e-05, Final residual = 3.4495958e-07, No Iterations 157
time step continuity errors : sum local = 1.8474358e-09, global = 1.0470637e-10, cumulative = 4.9158261e-09
ExecutionTime = 5.31 s  ClockTime = 5 s

Time = 48

smoothSolver:  Solving for Ux, Initial residual = 7.1128342e-09, Final residual = 7.1128342e-09, No Iterations 0
smoothSolver:  Solving for Uy, Initial residual = 1.0329864e-08, Final residual = 8.7584531e-10, No Iterations 1
DICPCG:  Solving for p, Initial residual = 0.0014778069, Final residual = 1.4492687e-05, No Iterations 70
DICPCG:  Solving for p, Initial residual = 0.00023769127, Final residual = 2.3476274e-06, No Iterations 153
DICPCG:  Solving for p, Initial residual = 6.1209071e-05, Final residual = 5.3920007e-07, No Iterations 90
DICPCG:  Solving for p, Initial residual = 2.9444098e-05, Final residual = 2.7449338e-07, No Iterations 108
time step continuity errors : sum local = 1.4683822e-09, global = 3.231372e-10, cumulative = 5.2389633e-09
ExecutionTime = 5.38 s  ClockTime = 6 s

Time = 49

smoothSolver:  Solving for Ux, Initial residual = 7.0666214e-09, Final residual = 7.0666214e-09, No Iterations 0
smoothSolver:  Solving for Uy, Initial residual = 1.0733763e-08, Final residual = 9.4848793e-10, No Iterations 1
DICPCG:  Solving for p, Initial residual = 0.0013515627, Final residual = 1.3101073e-05, No Iterations 56
DICPCG:  Solving for p, Initial residual = 0.00017173574, Final residual = 1.5022736e-06, No Iterations 153
DICPCG:  Solving for p, Initial residual = 4.5232656e-05, Final residual = 4.4882766e-07, No Iterations 107
DICPCG:  Solving for p, Initial residual = 2.183906e-05, Final residual = 1.9715548e-07, No Iterations 179
time step continuity errors : sum local = 1.0889235e-09, global = 1.9152624e-11, cumulative = 5.258116e-09
ExecutionTime = 5.47 s  ClockTime = 6 s

Time = 50

smoothSolver:  Solving for Ux, Initial residual = 6.9312474e-09, Final residual = 6.9312474e-09, No Iterations 0
smoothSolver:  Solving for Uy, Initial residual = 1.017686e-08, Final residual = 9.4641903e-10, No Iterations 1
DICPCG:  Solving for p, Initial residual = 0.0012685972, Final residual = 1.2643272e-05, No Iterations 38
DICPCG:  Solving for p, Initial residual = 0.00015823299, Final residual = 1.4535555e-06, No Iterations 139
DICPCG:  Solving for p, Initial residual = 3.9007323e-05, Final residual = 3.5171359e-07, No Iterations 120
DICPCG:  Solving for p, Initial residual = 1.6780003e-05, Final residual = 1.6775137e-07, No Iterations 109
time step continuity errors : sum local = 9.1953263e-10, global = 1.7287656e-10, cumulative = 5.4309925e-09
ExecutionTime = 5.54 s  ClockTime = 6 s

surfaceFieldValue flowRateTM write:
    sum(outlet_tm) of phi = 1.0137313e-11

surfaceFieldValue flowRateTM_left write:
    sum(outlet_tm_left) of phi = 3.9862717e-11

surfaceFieldValue pressureACinlet write:
    areaAverage(ac_inlet) of p = 1.339933

Time = 51

smoothSolver:  Solving for Ux, Initial residual = 6.7124567e-09, Final residual = 6.7124567e-09, No Iterations 0
smoothSolver:  Solving for Uy, Initial residual = 9.1245274e-09, Final residual = 9.1245274e-09, No Iterations 0
DICPCG:  Solving for p, Initial residual = 0.0011608196, Final residual = 1.1280846e-05, No Iterations 40
DICPCG:  Solving for p, Initial residual = 0.00013511465, Final residual = 1.3261882e-06, No Iterations 99
DICPCG:  Solving for p, Initial residual = 3.6126991e-05, Final residual = 3.0838539e-07, No Iterations 157
DICPCG:  Solving for p, Initial residual = 1.7638479e-05, Final residual = 1.7462988e-07, No Iterations 67
time step continuity errors : sum local = 9.4291548e-10, global = 4.1708338e-11, cumulative = 5.4727009e-09
ExecutionTime = 5.6 s  ClockTime = 6 s

Time = 52

smoothSolver:  Solving for Ux, Initial residual = 6.372272e-09, Final residual = 6.372272e-09, No Iterations 0
smoothSolver:  Solving for Uy, Initial residual = 8.7183383e-09, Final residual = 8.7183383e-09, No Iterations 0
DICPCG:  Solving for p, Initial residual = 0.0010777219, Final residual = 1.0510544e-05, No Iterations 41
DICPCG:  Solving for p, Initial residual = 0.00013828708, Final residual = 1.2331541e-06, No Iterations 152
DICPCG:  Solving for p, Initial residual = 3.7257799e-05, Final residual = 3.5555947e-07, No Iterations 104
DICPCG:  Solving for p, Initial residual = 2.0377266e-05, Final residual = 1.9414499e-07, No Iterations 101
time step continuity errors : sum local = 1.0546891e-09, global = -3.1783805e-11, cumulative = 5.4409171e-09
ExecutionTime = 5.67 s  ClockTime = 6 s

Time = 53

smoothSolver:  Solving for Ux, Initial residual = 5.9833161e-09, Final residual = 5.9833161e-09, No Iterations 0
smoothSolver:  Solving for Uy, Initial residual = 8.6208172e-09, Final residual = 8.6208172e-09, No Iterations 0
DICPCG:  Solving for p, Initial residual = 0.0010183434, Final residual = 9.2983879e-06, No Iterations 41
DICPCG:  Solving for p, Initial residual = 0.00014508373, Final residual = 1.3953354e-06, No Iterations 102
DICPCG:  Solving for p, Initial residual = 4.0862219e-05, Final residual = 3.4732383e-07, No Iterations 155
DICPCG:  Solving for p, Initial residual = 2.5513621e-05, Final residual = 2.1677782e-07, No Iterations 103
time step continuity errors : sum local = 1.1733723e-09, global = 1.138864e-10, cumulative = 5.5548035e-09
ExecutionTime = 5.74 s  ClockTime = 6 s

Time = 54

smoothSolver:  Solving for Ux, Initial residual = 5.5943186e-09, Final residual = 5.5943186e-09, No Iterations 0
smoothSolver:  Solving for Uy, Initial residual = 8.65352e-09, Final residual = 8.65352e-09, No Iterations 0
DICPCG:  Solving for p, Initial residual = 0.00096623876, Final residual = 9.4406223e-06, No Iterations 36
DICPCG:  Solving for p, Initial residual = 0.00014001408, Final residual = 1.2645507e-06, No Iterations 101
DICPCG:  Solving for p, Initial residual = 3.9255899e-05, Final residual = 3.4861733e-07, No Iterations 155
DICPCG:  Solving for p, Initial residual = 2.3585117e-05, Final residual = 1.9326063e-07, No Iterations 103
time step continuity errors : sum local = 1.051508e-09, global = 1.146288e-10, cumulative = 5.6694323e-09
ExecutionTime = 5.81 s  ClockTime = 6 s

Time = 55

smoothSolver:  Solving for Ux, Initial residual = 5.2768068e-09, Final residual = 5.2768068e-09, No Iterations 0
smoothSolver:  Solving for Uy, Initial residual = 8.8583147e-09, Final residual = 8.8583147e-09, No Iterations 0
DICPCG:  Solving for p, Initial residual = 0.00091975953, Final residual = 8.7488905e-06, No Iterations 35
DICPCG:  Solving for p, Initial residual = 0.00012264991, Final residual = 1.2247204e-06, No Iterations 99
DICPCG:  Solving for p, Initial residual = 3.5430078e-05, Final residual = 3.4162236e-07, No Iterations 155
DICPCG:  Solving for p, Initial residual = 2.1270107e-05, Final residual = 1.9919413e-07, No Iterations 102
time step continuity errors : sum local = 1.0787099e-09, global = 1.0674895e-10, cumulative = 5.7761812e-09
ExecutionTime = 5.88 s  ClockTime = 6 s

Time = 56

smoothSolver:  Solving for Ux, Initial residual = 5.074195e-09, Final residual = 5.074195e-09, No Iterations 0
smoothSolver:  Solving for Uy, Initial residual = 8.9456202e-09, Final residual = 8.9456202e-09, No Iterations 0
DICPCG:  Solving for p, Initial residual = 0.00087294025, Final residual = 7.8638966e-06, No Iterations 53
DICPCG:  Solving for p, Initial residual = 9.723868e-05, Final residual = 8.2254188e-07, No Iterations 101
DICPCG:  Solving for p, Initial residual = 2.9568985e-05, Final residual = 2.8687963e-07, No Iterations 64
DICPCG:  Solving for p, Initial residual = 1.7399618e-05, Final residual = 1.6310392e-07, No Iterations 157
time step continuity errors : sum local = 9.0463002e-10, global = -1.3736883e-11, cumulative = 5.7624443e-09
ExecutionTime = 5.95 s  ClockTime = 6 s

Time = 57

smoothSolver:  Solving for Ux, Initial residual = 4.963992e-09, Final residual = 4.963992e-09, No Iterations 0
smoothSolver:  Solving for Uy, Initial residual = 8.8746533e-09, Final residual = 8.8746533e-09, No Iterations 0
DICPCG:  Solving for p, Initial residual = 0.00082762822, Final residual = 8.2313419e-06, No Iterations 51
DICPCG:  Solving for p, Initial residual = 7.8617312e-05, Final residual = 7.6861582e-07, No Iterations 155
DICPCG:  Solving for p, Initial residual = 2.588682e-05, Final residual = 2.253514e-07, No Iterations 100
DICPCG:  Solving for p, Initial residual = 1.4850648e-05, Final residual = 1.2627241e-07, No Iterations 103
time step continuity errors : sum local = 7.0356237e-10, global = 7.6403454e-11, cumulative = 5.8388478e-09
ExecutionTime = 6.01 s  ClockTime = 6 s

Time = 58

smoothSolver:  Solving for Ux, Initial residual = 4.8683364e-09, Final residual = 4.8683364e-09, No Iterations 0
smoothSolver:  Solving for Uy, Initial residual = 8.6465514e-09, Final residual = 8.6465514e-09, No Iterations 0
DICPCG:  Solving for p, Initial residual = 0.00078660285, Final residual = 7.7263181e-06, No Iterations 52
DICPCG:  Solving for p, Initial residual = 6.8955175e-05, Final residual = 5.8834539e-07, No Iterations 155
DICPCG:  Solving for p, Initial residual = 2.4078362e-05, Final residual = 2.3263174e-07, No Iterations 65
DICPCG:  Solving for p, Initial residual = 1.2478688e-05, Final residual = 1.2049754e-07, No Iterations 65
time step continuity errors : sum local = 6.6716822e-10, global = 7.7799803e-12, cumulative = 5.8466278e-09
ExecutionTime = 6.08 s  ClockTime = 6 s

Time = 59

smoothSolver:  Solving for Ux, Initial residual = 4.776111e-09, Final residual = 4.776111e-09, No Iterations 0
smoothSolver:  Solving for Uy, Initial residual = 8.2509938e-09, Final residual = 8.2509938e-09, No Iterations 0
DICPCG:  Solving for p, Initial residual = 0.00075119902, Final residual = 6.9212551e-06, No Iterations 54
DICPCG:  Solving for p, Initial residual = 6.7563658e-05, Final residual = 5.8521881e-07, No Iterations 156
DICPCG:  Solving for p, Initial residual = 2.4009258e-05, Final residual = 2.3712926e-07, No Iterations 99
DICPCG:  Solving for p, Initial residual = 1.157476e-05, Final residual = 1.0711679e-07, No Iterations 103
time step continuity errors : sum local = 6.0885273e-10, global = 8.551162e-11, cumulative = 5.9321394e-09
ExecutionTime = 6.15 s  ClockTime = 6 s

Time = 60

smoothSolver:  Solving for Ux, Initial residual = 4.7097483e-09, Final residual = 4.7097483e-09, No Iterations 0
smoothSolver:  Solving for Uy, Initial residual = 7.8997801e-09, Final residual = 7.8997801e-09, No Iterations 0
DICPCG:  Solving for p, Initial residual = 0.00072076691, Final residual = 7.2004042e-06, No Iterations 46
DICPCG:  Solving for p, Initial residual = 6.6812583e-05, Final residual = 5.7724886e-07, No Iterations 156
DICPCG:  Solving for p, Initial residual = 2.3733436e-05, Final residual = 2.2235286e-07, No Iterations 91
DICPCG:  Solving for p, Initial residual = 1.154125e-05, Final residual = 1.040202e-07, No Iterations 106
time step continuity errors : sum local = 5.9663239e-10, global = 9.0782516e-11, cumulative = 6.0229219e-09
ExecutionTime = 6.21 s  ClockTime = 6 s

surfaceFieldValue flowRateTM write:
    sum(outlet_tm) of phi = 1.0135263e-11

surfaceFieldValue flowRateTM_left write:
    sum(outlet_tm_left) of phi = 3.9864752e-11

surfaceFieldValue pressureACinlet write:
    areaAverage(ac_inlet) of p = 1.339933

Time = 61

smoothSolver:  Solving for Ux, Initial residual = 4.6917551e-09, Final residual = 4.6917551e-09, No Iterations 0
smoothSolver:  Solving for Uy, Initial residual = 7.5720799e-09, Final residual = 7.5720799e-09, No Iterations 0
DICPCG:  Solving for p, Initial residual = 0.00069151459, Final residual = 6.5420508e-06, No Iterations 44
DICPCG:  Solving for p, Initial residual = 6.1038812e-05, Final residual = 5.9884321e-07, No Iterations 156
DICPCG:  Solving for p, Initial residual = 2.0605541e-05, Final residual = 1.9684738e-07, No Iterations 89
DICPCG:  Solving for p, Initial residual = 1.0009245e-05, Final residual = 9.9564606e-08, No Iterations 106
time step continuity errors : sum local = 5.7134398e-10, global = 7.4401882e-11, cumulative = 6.0973238e-09
ExecutionTime = 6.3 s  ClockTime = 6 s

Time = 62

smoothSolver:  Solving for Ux, Initial residual = 4.6757566e-09, Final residual = 4.6757566e-09, No Iterations 0
smoothSolver:  Solving for Uy, Initial residual = 7.3225968e-09, Final residual = 7.3225968e-09, No Iterations 0
DICPCG:  Solving for p, Initial residual = 0.00066613005, Final residual = 6.5766732e-06, No Iterations 43
DICPCG:  Solving for p, Initial residual = 5.5565712e-05, Final residual = 4.770285e-07, No Iterations 156
DICPCG:  Solving for p, Initial residual = 1.8417164e-05, Final residual = 1.778809e-07, No Iterations 81
DICPCG:  Solving for p, Initial residual = 9.6887062e-06, Final residual = 9.182335e-08, No Iterations 104
time step continuity errors : sum local = 5.3549911e-10, global = 5.5882089e-11, cumulative = 6.1532059e-09
ExecutionTime = 6.37 s  ClockTime = 7 s

Time = 63

smoothSolver:  Solving for Ux, Initial residual = 4.6343633e-09, Final residual = 4.6343633e-09, No Iterations 0
smoothSolver:  Solving for Uy, Initial residual = 7.128385e-09, Final residual = 7.128385e-09, No Iterations 0
DICPCG:  Solving for p, Initial residual = 0.00064489804, Final residual = 6.1896162e-06, No Iterations 42
DICPCG:  Solving for p, Initial residual = 4.9873349e-05, Final residual = 4.4131429e-07, No Iterations 155
DICPCG:  Solving for p, Initial residual = 1.693026e-05, Final residual = 1.5622689e-07, No Iterations 81
DICPCG:  Solving for p, Initial residual = 9.2721011e-06, Final residual = 8.8935825e-08, No Iterations 105
time step continuity errors : sum local = 5.2106627e-10, global = 4.5131079e-11, cumulative = 6.1983369e-09
ExecutionTime = 6.44 s  ClockTime = 7 s

Time = 64

smoothSolver:  Solving for Ux, Initial residual = 4.573155e-09, Final residual = 4.573155e-09, No Iterations 0
smoothSolver:  Solving for Uy, Initial residual = 6.973579e-09, Final residual = 6.973579e-09, No Iterations 0
DICPCG:  Solving for p, Initial residual = 0.00062646258, Final residual = 5.9797624e-06, No Iterations 33
DICPCG:  Solving for p, Initial residual = 4.5528997e-05, Final residual = 4.3899368e-07, No Iterations 109
DICPCG:  Solving for p, Initial residual = 1.5836618e-05, Final residual = 1.4299755e-07, No Iterations 158
DICPCG:  Solving for p, Initial residual = 9.0510156e-06, Final residual = 8.6697197e-08, No Iterations 105
time step continuity errors : sum local = 5.0379831e-10, global = 6.354999e-11, cumulative = 6.2618869e-09
ExecutionTime = 6.52 s  ClockTime = 7 s

Time = 65

smoothSolver:  Solving for Ux, Initial residual = 4.4967369e-09, Final residual = 4.4967369e-09, No Iterations 0
smoothSolver:  Solving for Uy, Initial residual = 6.8294867e-09, Final residual = 6.8294867e-09, No Iterations 0
DICPCG:  Solving for p, Initial residual = 0.00060959279, Final residual = 5.8402277e-06, No Iterations 33
DICPCG:  Solving for p, Initial residual = 4.1826797e-05, Final residual = 3.9806204e-07, No Iterations 109
DICPCG:  Solving for p, Initial residual = 1.4556383e-05, Final residual = 1.431479e-07, No Iterations 156
DICPCG:  Solving for p, Initial residual = 8.1876971e-06, Final residual = 7.6860376e-08, No Iterations 104
time step continuity errors : sum local = 4.5391029e-10, global = 6.1474211e-11, cumulative = 6.3233611e-09
ExecutionTime = 6.59 s  ClockTime = 7 s

Time = 66

smoothSolver:  Solving for Ux, Initial residual = 4.4074008e-09, Final residual = 4.4074008e-09, No Iterations 0
smoothSolver:  Solving for Uy, Initial residual = 6.6947483e-09, Final residual = 6.6947483e-09, No Iterations 0
DICPCG:  Solving for p, Initial residual = 0.00059302567, Final residual = 5.652715e-06, No Iterations 33
DICPCG:  Solving for p, Initial residual = 3.8746405e-05, Final residual = 3.218884e-07, No Iterations 140
DICPCG:  Solving for p, Initial residual = 1.3888493e-05, Final residual = 1.281225e-07, No Iterations 99
DICPCG:  Solving for p, Initial residual = 7.482613e-06, Final residual = 6.9674154e-08, No Iterations 103
time step continuity errors : sum local = 4.1724701e-10, global = 4.3618425e-11, cumulative = 6.3669796e-09
ExecutionTime = 6.66 s  ClockTime = 7 s

Time = 67

smoothSolver:  Solving for Ux, Initial residual = 4.3115868e-09, Final residual = 4.3115868e-09, No Iterations 0
smoothSolver:  Solving for Uy, Initial residual = 6.5470622e-09, Final residual = 6.5470622e-09, No Iterations 0
DICPCG:  Solving for p, Initial residual = 0.00057712231, Final residual = 5.5909591e-06, No Iterations 44
DICPCG:  Solving for p, Initial residual = 3.6487171e-05, Final residual = 3.2846422e-07, No Iterations 153
DICPCG:  Solving for p, Initial residual = 1.2893723e-05, Final residual = 1.1211256e-07, No Iterations 101
DICPCG:  Solving for p, Initial residual = 6.9674852e-06, Final residual = 6.9000918e-08, No Iterations 101
time step continuity errors : sum local = 4.2058943e-10, global = 2.896849e-11, cumulative = 6.3959481e-09
ExecutionTime = 6.74 s  ClockTime = 7 s

Time = 68

smoothSolver:  Solving for Ux, Initial residual = 4.2154758e-09, Final residual = 4.2154758e-09, No Iterations 0
smoothSolver:  Solving for Uy, Initial residual = 6.4406127e-09, Final residual = 6.4406127e-09, No Iterations 0
DICPCG:  Solving for p, Initial residual = 0.00056080689, Final residual = 5.5731301e-06, No Iterations 45
DICPCG:  Solving for p, Initial residual = 3.4292738e-05, Final residual = 2.9907728e-07, No Iterations 155
DICPCG:  Solving for p, Initial residual = 1.2345479e-05, Final residual = 1.0946809e-07, No Iterations 101
DICPCG:  Solving for p, Initial residual = 6.5889337e-06, Final residual = 5.8659655e-08, No Iterations 102
time step continuity errors : sum local = 3.6589189e-10, global = 2.6673128e-11, cumulative = 6.4226212e-09
ExecutionTime = 6.81 s  ClockTime = 7 s

Time = 69

smoothSolver:  Solving for Ux, Initial residual = 4.1229222e-09, Final residual = 4.1229222e-09, No Iterations 0
smoothSolver:  Solving for Uy, Initial residual = 6.3407461e-09, Final residual = 6.3407461e-09, No Iterations 0
DICPCG:  Solving for p, Initial residual = 0.00054512802, Final residual = 4.7948046e-06, No Iterations 46
DICPCG:  Solving for p, Initial residual = 3.2989377e-05, Final residual = 3.1157557e-07, No Iterations 155
DICPCG:  Solving for p, Initial residual = 1.21705e-05, Final residual = 1.0716971e-07, No Iterations 101
DICPCG:  Solving for p, Initial residual = 6.4785563e-06, Final residual = 5.4650536e-08, No Iterations 103
time step continuity errors : sum local = 3.4663283e-10, global = 2.9451555e-11, cumulative = 6.4520727e-09
ExecutionTime = 6.95 s  ClockTime = 7 s

Time = 70

smoothSolver:  Solving for Ux, Initial residual = 4.0375957e-09, Final residual = 4.0375957e-09, No Iterations 0
smoothSolver:  Solving for Uy, Initial residual = 6.2446251e-09, Final residual = 6.2446251e-09, No Iterations 0
DICPCG:  Solving for p, Initial residual = 0.00053044437, Final residual = 4.5751402e-06, No Iterations 46
DICPCG:  Solving for p, Initial residual = 3.1882909e-05, Final residual = 3.0455559e-07, No Iterations 155
DICPCG:  Solving for p, Initial residual = 1.191246e-05, Final residual = 1.0412992e-07, No Iterations 101
DICPCG:  Solving for p, Initial residual = 6.3021261e-06, Final residual = 5.8080128e-08, No Iterations 103
time step continuity errors : sum local = 3.6326496e-10, global = 3.6104969e-11, cumulative = 6.4881777e-09
ExecutionTime = 7.03 s  ClockTime = 7 s

surfaceFieldValue flowRateTM write:
    sum(outlet_tm) of phi = 1.0133138e-11

surfaceFieldValue flowRateTM_left write:
    sum(outlet_tm_left) of phi = 3.9866869e-11

surfaceFieldValue pressureACinlet write:
    areaAverage(ac_inlet) of p = 1.339933

Time = 71

smoothSolver:  Solving for Ux, Initial residual = 3.9615362e-09, Final residual = 3.9615362e-09, No Iterations 0
smoothSolver:  Solving for Uy, Initial residual = 6.1492033e-09, Final residual = 6.1492033e-09, No Iterations 0
DICPCG:  Solving for p, Initial residual = 0.00051738211, Final residual = 5.0706724e-06, No Iterations 45
DICPCG:  Solving for p, Initial residual = 3.076051e-05, Final residual = 2.8827545e-07, No Iterations 155
DICPCG:  Solving for p, Initial residual = 1.1842234e-05, Final residual = 1.0051102e-07, No Iterations 101
DICPCG:  Solving for p, Initial residual = 6.1490014e-06, Final residual = 5.5531598e-08, No Iterations 104
time step continuity errors : sum local = 3.4971745e-10, global = 4.2015038e-11, cumulative = 6.5301927e-09
ExecutionTime = 7.11 s  ClockTime = 7 s

Time = 72

smoothSolver:  Solving for Ux, Initial residual = 3.8946953e-09, Final residual = 3.8946953e-09, No Iterations 0
smoothSolver:  Solving for Uy, Initial residual = 6.0616509e-09, Final residual = 6.0616509e-09, No Iterations 0
DICPCG:  Solving for p, Initial residual = 0.0005057126, Final residual = 4.7356378e-06, No Iterations 45
DICPCG:  Solving for p, Initial residual = 2.9628084e-05, Final residual = 2.7169812e-07, No Iterations 156
DICPCG:  Solving for p, Initial residual = 1.1570636e-05, Final residual = 1.1561513e-07, No Iterations 101
DICPCG:  Solving for p, Initial residual = 6.0176566e-06, Final residual = 5.9819675e-08, No Iterations 104
time step continuity errors : sum local = 3.7180772e-10, global = 4.6950893e-11, cumulative = 6.5771436e-09
ExecutionTime = 7.19 s  ClockTime = 7 s

Time = 73

smoothSolver:  Solving for Ux, Initial residual = 3.8339085e-09, Final residual = 3.8339085e-09, No Iterations 0
smoothSolver:  Solving for Uy, Initial residual = 5.9659653e-09, Final residual = 5.9659653e-09, No Iterations 0
DICPCG:  Solving for p, Initial residual = 0.00049485137, Final residual = 4.4280043e-06, No Iterations 45
DICPCG:  Solving for p, Initial residual = 2.8854075e-05, Final residual = 2.5849996e-07, No Iterations 156
DICPCG:  Solving for p, Initial residual = 1.152164e-05, Final residual = 1.1048866e-07, No Iterations 101
DICPCG:  Solving for p, Initial residual = 6.0971229e-06, Final residual = 5.9036218e-08, No Iterations 106
time step continuity errors : sum local = 3.6846408e-10, global = 5.0070162e-11, cumulative = 6.6272138e-09
ExecutionTime = 7.26 s  ClockTime = 7 s

Time = 74

smoothSolver:  Solving for Ux, Initial residual = 3.776948e-09, Final residual = 3.776948e-09, No Iterations 0
smoothSolver:  Solving for Uy, Initial residual = 5.8487589e-09, Final residual = 5.8487589e-09, No Iterations 0
DICPCG:  Solving for p, Initial residual = 0.00048463417, Final residual = 4.1821469e-06, No Iterations 45
DICPCG:  Solving for p, Initial residual = 2.8498316e-05, Final residual = 2.5330292e-07, No Iterations 156
DICPCG:  Solving for p, Initial residual = 1.1614965e-05, Final residual = 1.152688e-07, No Iterations 90
DICPCG:  Solving for p, Initial residual = 6.2356987e-06, Final residual = 6.0669022e-08, No Iterations 105
time step continuity errors : sum local = 3.7561492e-10, global = 5.069748e-11, cumulative = 6.6779113e-09
ExecutionTime = 7.34 s  ClockTime = 7 s

Time = 75

smoothSolver:  Solving for Ux, Initial residual = 3.7227444e-09, Final residual = 3.7227444e-09, No Iterations 0
smoothSolver:  Solving for Uy, Initial residual = 5.7199588e-09, Final residual = 5.7199588e-09, No Iterations 0
DICPCG:  Solving for p, Initial residual = 0.00047484625, Final residual = 4.0130027e-06, No Iterations 45
DICPCG:  Solving for p, Initial residual = 2.7951789e-05, Final residual = 2.4483492e-07, No Iterations 157
DICPCG:  Solving for p, Initial residual = 1.1340877e-05, Final residual = 1.1044293e-07, No Iterations 91
DICPCG:  Solving for p, Initial residual = 6.2220565e-06, Final residual = 6.1300723e-08, No Iterations 106
time step continuity errors : sum local = 3.8048675e-10, global = 5.0256015e-11, cumulative = 6.7281673e-09
ExecutionTime = 7.42 s  ClockTime = 8 s

Time = 76

smoothSolver:  Solving for Ux, Initial residual = 3.6675288e-09, Final residual = 3.6675288e-09, No Iterations 0
smoothSolver:  Solving for Uy, Initial residual = 5.6035307e-09, Final residual = 5.6035307e-09, No Iterations 0
DICPCG:  Solving for p, Initial residual = 0.00046522833, Final residual = 3.9092625e-06, No Iterations 45
DICPCG:  Solving for p, Initial residual = 2.7095973e-05, Final residual = 2.5020619e-07, No Iterations 156
DICPCG:  Solving for p, Initial residual = 1.0970492e-05, Final residual = 9.0462345e-08, No Iterations 101
DICPCG:  Solving for p, Initial residual = 6.1404495e-06, Final residual = 5.9067349e-08, No Iterations 106
time step continuity errors : sum local = 3.6689048e-10, global = 4.8091397e-11, cumulative = 6.7762587e-09
ExecutionTime = 7.49 s  ClockTime = 8 s

Time = 77

smoothSolver:  Solving for Ux, Initial residual = 3.6104837e-09, Final residual = 3.6104837e-09, No Iterations 0
smoothSolver:  Solving for Uy, Initial residual = 5.4910463e-09, Final residual = 5.4910463e-09, No Iterations 0
DICPCG:  Solving for p, Initial residual = 0.0004555877, Final residual = 3.8986793e-06, No Iterations 45
DICPCG:  Solving for p, Initial residual = 2.660473e-05, Final residual = 2.4834828e-07, No Iterations 155
DICPCG:  Solving for p, Initial residual = 1.0709703e-05, Final residual = 8.4594625e-08, No Iterations 101
DICPCG:  Solving for p, Initial residual = 6.0307383e-06, Final residual = 5.9410846e-08, No Iterations 104
time step continuity errors : sum local = 3.7034055e-10, global = 4.5072972e-11, cumulative = 6.8213317e-09
ExecutionTime = 7.57 s  ClockTime = 8 s

Time = 78

smoothSolver:  Solving for Ux, Initial residual = 3.551293e-09, Final residual = 3.551293e-09, No Iterations 0
smoothSolver:  Solving for Uy, Initial residual = 5.3873761e-09, Final residual = 5.3873761e-09, No Iterations 0
DICPCG:  Solving for p, Initial residual = 0.00044586386, Final residual = 3.8972198e-06, No Iterations 45
DICPCG:  Solving for p, Initial residual = 2.6331234e-05, Final residual = 2.4349306e-07, No Iterations 155
DICPCG:  Solving for p, Initial residual = 1.0506309e-05, Final residual = 8.4400821e-08, No Iterations 101
DICPCG:  Solving for p, Initial residual = 5.8447348e-06, Final residual = 5.7394116e-08, No Iterations 104
time step continuity errors : sum local = 3.6120595e-10, global = 4.3180974e-11, cumulative = 6.8645126e-09
ExecutionTime = 7.64 s  ClockTime = 8 s

Time = 79

smoothSolver:  Solving for Ux, Initial residual = 3.4903784e-09, Final residual = 3.4903784e-09, No Iterations 0
smoothSolver:  Solving for Uy, Initial residual = 5.2805522e-09, Final residual = 5.2805522e-09, No Iterations 0
DICPCG:  Solving for p, Initial residual = 0.00043635751, Final residual = 3.9007349e-06, No Iterations 45
DICPCG:  Solving for p, Initial residual = 2.5976219e-05, Final residual = 2.197183e-07, No Iterations 155
DICPCG:  Solving for p, Initial residual = 1.0309298e-05, Final residual = 1.0164498e-07, No Iterations 101
DICPCG:  Solving for p, Initial residual = 5.6984053e-06, Final residual = 5.5325945e-08, No Iterations 104
time step continuity errors : sum local = 3.472243e-10, global = 4.0815612e-11, cumulative = 6.9053282e-09
ExecutionTime = 7.71 s  ClockTime = 8 s

Time = 80

smoothSolver:  Solving for Ux, Initial residual = 3.4293182e-09, Final residual = 3.4293182e-09, No Iterations 0
smoothSolver:  Solving for Uy, Initial residual = 5.1864363e-09, Final residual = 5.1864363e-09, No Iterations 0
DICPCG:  Solving for p, Initial residual = 0.00042726026, Final residual = 3.8931361e-06, No Iterations 45
DICPCG:  Solving for p, Initial residual = 2.5425329e-05, Final residual = 2.1050824e-07, No Iterations 155
DICPCG:  Solving for p, Initial residual = 1.030131e-05, Final residual = 9.2639243e-08, No Iterations 101
DICPCG:  Solving for p, Initial residual = 5.814053e-06, Final residual = 5.6678962e-08, No Iterations 104
time step continuity errors : sum local = 3.5290221e-10, global = 3.8838509e-11, cumulative = 6.9441668e-09
ExecutionTime = 7.81 s  ClockTime = 8 s

surfaceFieldValue flowRateTM write:
    sum(outlet_tm) of phi = 1.0131221e-11

surfaceFieldValue flowRateTM_left write:
    sum(outlet_tm_left) of phi = 3.9868786e-11

surfaceFieldValue pressureACinlet write:
    areaAverage(ac_inlet) of p = 1.339933

Time = 81

smoothSolver:  Solving for Ux, Initial residual = 3.3696601e-09, Final residual = 3.3696601e-09, No Iterations 0
smoothSolver:  Solving for Uy, Initial residual = 5.0968351e-09, Final residual = 5.0968351e-09, No Iterations 0
DICPCG:  Solving for p, Initial residual = 0.00041880772, Final residual = 3.8728221e-06, No Iterations 45
DICPCG:  Solving for p, Initial residual = 2.47216e-05, Final residual = 2.0287511e-07, No Iterations 155
DICPCG:  Solving for p, Initial residual = 1.0144706e-05, Final residual = 9.1988124e-08, No Iterations 101
DICPCG:  Solving for p, Initial residual = 5.726641e-06, Final residual = 5.408238e-08, No Iterations 104
time step continuity errors : sum local = 3.3933624e-10, global = 3.8657039e-11, cumulative = 6.9828238e-09
ExecutionTime = 7.88 s  ClockTime = 8 s

Time = 82

smoothSolver:  Solving for Ux, Initial residual = 3.3115818e-09, Final residual = 3.3115818e-09, No Iterations 0
smoothSolver:  Solving for Uy, Initial residual = 5.0137606e-09, Final residual = 5.0137606e-09, No Iterations 0
DICPCG:  Solving for p, Initial residual = 0.00041057499, Final residual = 3.8609429e-06, No Iterations 45
DICPCG:  Solving for p, Initial residual = 2.3917159e-05, Final residual = 1.9085578e-07, No Iterations 155
DICPCG:  Solving for p, Initial residual = 9.8914217e-06, Final residual = 9.0812592e-08, No Iterations 101
DICPCG:  Solving for p, Initial residual = 5.5989947e-06, Final residual = 5.5681652e-08, No Iterations 104
time step continuity errors : sum local = 3.5259877e-10, global = 3.8696031e-11, cumulative = 7.0215198e-09
ExecutionTime = 7.95 s  ClockTime = 8 s

Time = 83

smoothSolver:  Solving for Ux, Initial residual = 3.2556125e-09, Final residual = 3.2556125e-09, No Iterations 0
smoothSolver:  Solving for Uy, Initial residual = 4.9351737e-09, Final residual = 4.9351737e-09, No Iterations 0
DICPCG:  Solving for p, Initial residual = 0.0004025537, Final residual = 3.8142682e-06, No Iterations 45
DICPCG:  Solving for p, Initial residual = 2.3341868e-05, Final residual = 2.0746981e-07, No Iterations 155
DICPCG:  Solving for p, Initial residual = 9.756733e-06, Final residual = 9.0923427e-08, No Iterations 101
DICPCG:  Solving for p, Initial residual = 5.5352882e-06, Final residual = 5.3766441e-08, No Iterations 104
time step continuity errors : sum local = 3.4264469e-10, global = 3.9622323e-11, cumulative = 7.0611422e-09
ExecutionTime = 8.03 s  ClockTime = 8 s

Time = 84

smoothSolver:  Solving for Ux, Initial residual = 3.2017783e-09, Final residual = 3.2017783e-09, No Iterations 0
smoothSolver:  Solving for Uy, Initial residual = 4.8576465e-09, Final residual = 4.8576465e-09, No Iterations 0
DICPCG:  Solving for p, Initial residual = 0.00039460187, Final residual = 3.7485469e-06, No Iterations 45
DICPCG:  Solving for p, Initial residual = 2.2711964e-05, Final residual = 2.221586e-07, No Iterations 155
DICPCG:  Solving for p, Initial residual = 9.5395869e-06, Final residual = 9.0580138e-08, No Iterations 101
DICPCG:  Solving for p, Initial residual = 5.4052662e-06, Final residual = 5.3156765e-08, No Iterations 105
time step continuity errors : sum local = 3.3976994e-10, global = 4.0166356e-11, cumulative = 7.1013085e-09
ExecutionTime = 8.1 s  ClockTime = 8 s

Time = 85

smoothSolver:  Solving for Ux, Initial residual = 3.1499236e-09, Final residual = 3.1499236e-09, No Iterations 0
smoothSolver:  Solving for Uy, Initial residual = 4.7689063e-09, Final residual = 4.7689063e-09, No Iterations 0
DICPCG:  Solving for p, Initial residual = 0.0003866376, Final residual = 3.6562858e-06, No Iterations 45
DICPCG:  Solving for p, Initial residual = 2.2234323e-05, Final residual = 2.041701e-07, No Iterations 156
DICPCG:  Solving for p, Initial residual = 9.3793078e-06, Final residual = 8.5433723e-08, No Iterations 101
DICPCG:  Solving for p, Initial residual = 4.9884101e-06, Final residual = 4.7967322e-08, No Iterations 109
time step continuity errors : sum local = 3.2176854e-10, global = 4.0421616e-11, cumulative = 7.1417301e-09
ExecutionTime = 8.17 s  ClockTime = 8 s

Time = 86

smoothSolver:  Solving for Ux, Initial residual = 3.0999327e-09, Final residual = 3.0999327e-09, No Iterations 0
smoothSolver:  Solving for Uy, Initial residual = 4.688184e-09, Final residual = 4.688184e-09, No Iterations 0
DICPCG:  Solving for p, Initial residual = 0.00037888009, Final residual = 3.5402391e-06, No Iterations 45
DICPCG:  Solving for p, Initial residual = 2.1714653e-05, Final residual = 1.9111571e-07, No Iterations 157
DICPCG:  Solving for p, Initial residual = 8.7277987e-06, Final residual = 8.0093119e-08, No Iterations 101
DICPCG:  Solving for p, Initial residual = 4.7048816e-06, Final residual = 4.2821505e-08, No Iterations 176
time step continuity errors : sum local = 3.2104501e-10, global = 2.3207133e-12, cumulative = 7.1440508e-09
ExecutionTime = 8.25 s  ClockTime = 8 s

Time = 87

smoothSolver:  Solving for Ux, Initial residual = 3.0527848e-09, Final residual = 3.0527848e-09, No Iterations 0
smoothSolver:  Solving for Uy, Initial residual = 4.5929397e-09, Final residual = 4.5929397e-09, No Iterations 0
DICPCG:  Solving for p, Initial residual = 0.0003714776, Final residual = 3.4001761e-06, No Iterations 45
DICPCG:  Solving for p, Initial residual = 2.1043775e-05, Final residual = 1.8178654e-07, No Iterations 157
DICPCG:  Solving for p, Initial residual = 8.6426348e-06, Final residual = 8.3404991e-08, No Iterations 101
DICPCG:  Solving for p, Initial residual = 4.643451e-06, Final residual = 4.3662004e-08, No Iterations 175
time step continuity errors : sum local = 3.1644084e-10, global = 3.7610149e-12, cumulative = 7.1478119e-09
ExecutionTime = 8.34 s  ClockTime = 8 s

Time = 88

smoothSolver:  Solving for Ux, Initial residual = 3.005518e-09, Final residual = 3.005518e-09, No Iterations 0
smoothSolver:  Solving for Uy, Initial residual = 4.5067039e-09, Final residual = 4.5067039e-09, No Iterations 0
DICPCG:  Solving for p, Initial residual = 0.00036437394, Final residual = 3.2656136e-06, No Iterations 45
DICPCG:  Solving for p, Initial residual = 2.0029273e-05, Final residual = 1.9719209e-07, No Iterations 156
DICPCG:  Solving for p, Initial residual = 8.2513257e-06, Final residual = 7.484972e-08, No Iterations 101
DICPCG:  Solving for p, Initial residual = 4.476591e-06, Final residual = 4.4673268e-08, No Iterations 175
time step continuity errors : sum local = 3.1977419e-10, global = 3.2443061e-12, cumulative = 7.1510562e-09
ExecutionTime = 8.42 s  ClockTime = 9 s

Time = 89

smoothSolver:  Solving for Ux, Initial residual = 2.9570302e-09, Final residual = 2.9570302e-09, No Iterations 0
smoothSolver:  Solving for Uy, Initial residual = 4.4310313e-09, Final residual = 4.4310313e-09, No Iterations 0
DICPCG:  Solving for p, Initial residual = 0.00035782429, Final residual = 3.1496985e-06, No Iterations 45
DICPCG:  Solving for p, Initial residual = 1.9831579e-05, Final residual = 1.87677e-07, No Iterations 156
DICPCG:  Solving for p, Initial residual = 8.2064406e-06, Final residual = 7.8376036e-08, No Iterations 101
DICPCG:  Solving for p, Initial residual = 4.5428785e-06, Final residual = 4.4290369e-08, No Iterations 106
time step continuity errors : sum local = 2.9879396e-10, global = 3.8652271e-11, cumulative = 7.1897084e-09
ExecutionTime = 8.5 s  ClockTime = 9 s

Time = 90

smoothSolver:  Solving for Ux, Initial residual = 2.9080919e-09, Final residual = 2.9080919e-09, No Iterations 0
smoothSolver:  Solving for Uy, Initial residual = 4.3547717e-09, Final residual = 4.3547717e-09, No Iterations 0
DICPCG:  Solving for p, Initial residual = 0.00035167905, Final residual = 3.0587843e-06, No Iterations 45
DICPCG:  Solving for p, Initial residual = 1.9809503e-05, Final residual = 1.9167695e-07, No Iterations 155
DICPCG:  Solving for p, Initial residual = 8.2331996e-06, Final residual = 7.7103202e-08, No Iterations 101
DICPCG:  Solving for p, Initial residual = 4.5570516e-06, Final residual = 4.4343367e-08, No Iterations 105
time step continuity errors : sum local = 2.9756031e-10, global = 3.7137956e-11, cumulative = 7.2268464e-09
ExecutionTime = 8.57 s  ClockTime = 9 s

surfaceFieldValue flowRateTM write:
    sum(outlet_tm) of phi = 1.0129589e-11

surfaceFieldValue flowRateTM_left write:
    sum(outlet_tm_left) of phi = 3.9870418e-11

surfaceFieldValue pressureACinlet write:
    areaAverage(ac_inlet) of p = 1.339933

Time = 91

smoothSolver:  Solving for Ux, Initial residual = 2.8598236e-09, Final residual = 2.8598236e-09, No Iterations 0
smoothSolver:  Solving for Uy, Initial residual = 4.2793475e-09, Final residual = 4.2793475e-09, No Iterations 0
DICPCG:  Solving for p, Initial residual = 0.00034572707, Final residual = 2.9823411e-06, No Iterations 45
DICPCG:  Solving for p, Initial residual = 1.9819411e-05, Final residual = 1.9003954e-07, No Iterations 155
DICPCG:  Solving for p, Initial residual = 8.254406e-06, Final residual = 7.5194931e-08, No Iterations 101
DICPCG:  Solving for p, Initial residual = 4.6023831e-06, Final residual = 4.5778023e-08, No Iterations 104
time step continuity errors : sum local = 3.0878979e-10, global = 3.6011621e-11, cumulative = 7.262858e-09
ExecutionTime = 8.65 s  ClockTime = 9 s

Time = 92

smoothSolver:  Solving for Ux, Initial residual = 2.8125689e-09, Final residual = 2.8125689e-09, No Iterations 0
smoothSolver:  Solving for Uy, Initial residual = 4.2055985e-09, Final residual = 4.2055985e-09, No Iterations 0
DICPCG:  Solving for p, Initial residual = 0.00033968226, Final residual = 2.9229244e-06, No Iterations 45
DICPCG:  Solving for p, Initial residual = 1.9450806e-05, Final residual = 1.7538102e-07, No Iterations 155
DICPCG:  Solving for p, Initial residual = 8.1594916e-06, Final residual = 7.0681523e-08, No Iterations 101
DICPCG:  Solving for p, Initial residual = 4.5314822e-06, Final residual = 4.3004623e-08, No Iterations 104
time step continuity errors : sum local = 2.9224025e-10, global = 3.4053727e-11, cumulative = 7.2969117e-09
ExecutionTime = 8.72 s  ClockTime = 9 s

Time = 93

smoothSolver:  Solving for Ux, Initial residual = 2.7662436e-09, Final residual = 2.7662436e-09, No Iterations 0
smoothSolver:  Solving for Uy, Initial residual = 4.1309704e-09, Final residual = 4.1309704e-09, No Iterations 0
DICPCG:  Solving for p, Initial residual = 0.00033387068, Final residual = 2.8708799e-06, No Iterations 45
DICPCG:  Solving for p, Initial residual = 1.9231256e-05, Final residual = 1.7356372e-07, No Iterations 155
DICPCG:  Solving for p, Initial residual = 8.0634905e-06, Final residual = 6.8879482e-08, No Iterations 101
DICPCG:  Solving for p, Initial residual = 4.4871212e-06, Final residual = 3.9789301e-08, No Iterations 104
time step continuity errors : sum local = 2.7714571e-10, global = 3.382112e-11, cumulative = 7.3307329e-09
ExecutionTime = 8.78 s  ClockTime = 9 s

Time = 94

smoothSolver:  Solving for Ux, Initial residual = 2.720935e-09, Final residual = 2.720935e-09, No Iterations 0
smoothSolver:  Solving for Uy, Initial residual = 4.0608529e-09, Final residual = 4.0608529e-09, No Iterations 0
DICPCG:  Solving for p, Initial residual = 0.00032819729, Final residual = 2.8271796e-06, No Iterations 45
DICPCG:  Solving for p, Initial residual = 1.8948996e-05, Final residual = 1.6835603e-07, No Iterations 155
DICPCG:  Solving for p, Initial residual = 7.9043813e-06, Final residual = 6.5757281e-08, No Iterations 101
DICPCG:  Solving for p, Initial residual = 4.3795223e-06, Final residual = 3.8445148e-08, No Iterations 104
time step continuity errors : sum local = 2.6782475e-10, global = 3.1474191e-11, cumulative = 7.362207e-09
ExecutionTime = 8.85 s  ClockTime = 9 s

Time = 95

smoothSolver:  Solving for Ux, Initial residual = 2.6767892e-09, Final residual = 2.6767892e-09, No Iterations 0
smoothSolver:  Solving for Uy, Initial residual = 3.9929934e-09, Final residual = 3.9929934e-09, No Iterations 0
DICPCG:  Solving for p, Initial residual = 0.00032264065, Final residual = 2.790472e-06, No Iterations 45
DICPCG:  Solving for p, Initial residual = 1.8616793e-05, Final residual = 1.664443e-07, No Iterations 155
DICPCG:  Solving for p, Initial residual = 7.7516912e-06, Final residual = 6.3176318e-08, No Iterations 101
DICPCG:  Solving for p, Initial residual = 4.3233046e-06, Final residual = 4.3016369e-08, No Iterations 103
time step continuity errors : sum local = 2.8660898e-10, global = 3.0852182e-11, cumulative = 7.3930592e-09
ExecutionTime = 8.92 s  ClockTime = 9 s

Time = 96

smoothSolver:  Solving for Ux, Initial residual = 2.6338444e-09, Final residual = 2.6338444e-09, No Iterations 0
smoothSolver:  Solving for Uy, Initial residual = 3.9202796e-09, Final residual = 3.9202796e-09, No Iterations 0
DICPCG:  Solving for p, Initial residual = 0.00031723163, Final residual = 2.7616824e-06, No Iterations 45
DICPCG:  Solving for p, Initial residual = 1.8132986e-05, Final residual = 1.6354075e-07, No Iterations 155
DICPCG:  Solving for p, Initial residual = 7.5345702e-06, Final residual = 6.1729914e-08, No Iterations 101
DICPCG:  Solving for p, Initial residual = 4.1841722e-06, Final residual = 3.8377332e-08, No Iterations 104
time step continuity errors : sum local = 2.681749e-10, global = 3.0713493e-11, cumulative = 7.4237727e-09
ExecutionTime = 8.99 s  ClockTime = 9 s

Time = 97

smoothSolver:  Solving for Ux, Initial residual = 2.5914245e-09, Final residual = 2.5914245e-09, No Iterations 0
smoothSolver:  Solving for Uy, Initial residual = 3.8552653e-09, Final residual = 3.8552653e-09, No Iterations 0
DICPCG:  Solving for p, Initial residual = 0.00031197996, Final residual = 2.7321253e-06, No Iterations 45
DICPCG:  Solving for p, Initial residual = 1.7794896e-05, Final residual = 1.5373133e-07, No Iterations 155
DICPCG:  Solving for p, Initial residual = 7.318267e-06, Final residual = 5.5694454e-08, No Iterations 101
DICPCG:  Solving for p, Initial residual = 4.065914e-06, Final residual = 4.0015866e-08, No Iterations 173
time step continuity errors : sum local = 2.9735625e-10, global = 4.4258762e-12, cumulative = 7.4281986e-09
ExecutionTime = 9.07 s  ClockTime = 9 s

Time = 98

smoothSolver:  Solving for Ux, Initial residual = 2.5520835e-09, Final residual = 2.5520835e-09, No Iterations 0
smoothSolver:  Solving for Uy, Initial residual = 3.7913597e-09, Final residual = 3.7913597e-09, No Iterations 0
DICPCG:  Solving for p, Initial residual = 0.0003068641, Final residual = 2.6909557e-06, No Iterations 45
DICPCG:  Solving for p, Initial residual = 1.757113e-05, Final residual = 1.5589823e-07, No Iterations 155
DICPCG:  Solving for p, Initial residual = 7.1730297e-06, Final residual = 5.6862714e-08, No Iterations 101
DICPCG:  Solving for p, Initial residual = 3.9854973e-06, Final residual = 3.8772686e-08, No Iterations 104
time step continuity errors : sum local = 2.6884684e-10, global = 3.0045269e-11, cumulative = 7.4582439e-09
ExecutionTime = 9.14 s  ClockTime = 9 s

Time = 99

smoothSolver:  Solving for Ux, Initial residual = 2.5107047e-09, Final residual = 2.5107047e-09, No Iterations 0
smoothSolver:  Solving for Uy, Initial residual = 3.7230565e-09, Final residual = 3.7230565e-09, No Iterations 0
DICPCG:  Solving for p, Initial residual = 0.00030180475, Final residual = 2.6493029e-06, No Iterations 45
DICPCG:  Solving for p, Initial residual = 1.7345491e-05, Final residual = 1.5624979e-07, No Iterations 155
DICPCG:  Solving for p, Initial residual = 7.0961489e-06, Final residual = 5.773641e-08, No Iterations 101
DICPCG:  Solving for p, Initial residual = 3.944697e-06, Final residual = 3.7993868e-08, No Iterations 104
time step continuity errors : sum local = 2.6435131e-10, global = 3.0520977e-11, cumulative = 7.4887648e-09
ExecutionTime = 9.21 s  ClockTime = 9 s

Time = 100

smoothSolver:  Solving for Ux, Initial residual = 2.4703424e-09, Final residual = 2.4703424e-09, No Iterations 0
smoothSolver:  Solving for Uy, Initial residual = 3.6556492e-09, Final residual = 3.6556492e-09, No Iterations 0
DICPCG:  Solving for p, Initial residual = 0.00029684049, Final residual = 2.602022e-06, No Iterations 45
DICPCG:  Solving for p, Initial residual = 1.7103401e-05, Final residual = 1.6935829e-07, No Iterations 154
DICPCG:  Solving for p, Initial residual = 7.1748571e-06, Final residual = 5.7500185e-08, No Iterations 101
DICPCG:  Solving for p, Initial residual = 3.9541368e-06, Final residual = 3.6272715e-08, No Iterations 104
time step continuity errors : sum local = 2.6134628e-10, global = 2.9390919e-11, cumulative = 7.5181558e-09
ExecutionTime = 9.28 s  ClockTime = 9 s

surfaceFieldValue flowRateTM write:
    sum(outlet_tm) of phi = 1.0128223e-11

surfaceFieldValue flowRateTM_left write:
    sum(outlet_tm_left) of phi = 3.9871782e-11

surfaceFieldValue pressureACinlet write:
    areaAverage(ac_inlet) of p = 1.339933

Time = 101

smoothSolver:  Solving for Ux, Initial residual = 2.4311305e-09, Final residual = 2.4311305e-09, No Iterations 0
smoothSolver:  Solving for Uy, Initial residual = 3.5912105e-09, Final residual = 3.5912105e-09, No Iterations 0
DICPCG:  Solving for p, Initial residual = 0.00029204598, Final residual = 2.5591627e-06, No Iterations 45
DICPCG:  Solving for p, Initial residual = 1.6691543e-05, Final residual = 1.4844946e-07, No Iterations 155
DICPCG:  Solving for p, Initial residual = 6.9348095e-06, Final residual = 5.5026681e-08, No Iterations 101
DICPCG:  Solving for p, Initial residual = 3.8135749e-06, Final residual = 3.7561928e-08, No Iterations 104
time step continuity errors : sum local = 2.6766668e-10, global = 2.8651957e-11, cumulative = 7.5468077e-09
ExecutionTime = 9.35 s  ClockTime = 9 s

Time = 102

smoothSolver:  Solving for Ux, Initial residual = 2.3932737e-09, Final residual = 2.3932737e-09, No Iterations 0
smoothSolver:  Solving for Uy, Initial residual = 3.5372948e-09, Final residual = 3.5372948e-09, No Iterations 0
DICPCG:  Solving for p, Initial residual = 0.00028715988, Final residual = 2.516733e-06, No Iterations 45
DICPCG:  Solving for p, Initial residual = 1.6274308e-05, Final residual = 1.4511784e-07, No Iterations 155
DICPCG:  Solving for p, Initial residual = 6.8464668e-06, Final residual = 5.3365789e-08, No Iterations 101
DICPCG:  Solving for p, Initial residual = 3.7361817e-06, Final residual = 3.7189384e-08, No Iterations 103
time step continuity errors : sum local = 2.5837823e-10, global = 2.7981418e-11, cumulative = 7.5747891e-09
ExecutionTime = 9.41 s  ClockTime = 10 s

Time = 103

smoothSolver:  Solving for Ux, Initial residual = 2.3560106e-09, Final residual = 2.3560106e-09, No Iterations 0
smoothSolver:  Solving for Uy, Initial residual = 3.4727919e-09, Final residual = 3.4727919e-09, No Iterations 0
DICPCG:  Solving for p, Initial residual = 0.00028221398, Final residual = 2.4923098e-06, No Iterations 45
DICPCG:  Solving for p, Initial residual = 1.578164e-05, Final residual = 1.3790203e-07, No Iterations 155
DICPCG:  Solving for p, Initial residual = 6.6009671e-06, Final residual = 5.6121657e-08, No Iterations 101
DICPCG:  Solving for p, Initial residual = 3.6191658e-06, Final residual = 3.5091029e-08, No Iterations 103
time step continuity errors : sum local = 2.4984423e-10, global = 2.6903333e-11, cumulative = 7.6016925e-09
ExecutionTime = 9.48 s  ClockTime = 10 s

Time = 104

smoothSolver:  Solving for Ux, Initial residual = 2.3192143e-09, Final residual = 2.3192143e-09, No Iterations 0
smoothSolver:  Solving for Uy, Initial residual = 3.4135055e-09, Final residual = 3.4135055e-09, No Iterations 0
DICPCG:  Solving for p, Initial residual = 0.00027734586, Final residual = 2.4602112e-06, No Iterations 45
DICPCG:  Solving for p, Initial residual = 1.5269065e-05, Final residual = 1.3874413e-07, No Iterations 155
DICPCG:  Solving for p, Initial residual = 6.424953e-06, Final residual = 6.1752455e-08, No Iterations 100
DICPCG:  Solving for p, Initial residual = 3.5337618e-06, Final residual = 3.2995604e-08, No Iterations 104
time step continuity errors : sum local = 2.4294963e-10, global = 2.7009985e-11, cumulative = 7.6287025e-09
ExecutionTime = 9.56 s  ClockTime = 10 s

Time = 105

smoothSolver:  Solving for Ux, Initial residual = 2.2829492e-09, Final residual = 2.2829492e-09, No Iterations 0
smoothSolver:  Solving for Uy, Initial residual = 3.3562166e-09, Final residual = 3.3562166e-09, No Iterations 0
DICPCG:  Solving for p, Initial residual = 0.00027269232, Final residual = 2.4048833e-06, No Iterations 45
DICPCG:  Solving for p, Initial residual = 1.4980906e-05, Final residual = 1.4957553e-07, No Iterations 154
DICPCG:  Solving for p, Initial residual = 6.316216e-06, Final residual = 5.8882513e-08, No Iterations 100
DICPCG:  Solving for p, Initial residual = 3.5256743e-06, Final residual = 3.3238775e-08, No Iterations 104
time step continuity errors : sum local = 2.4923465e-10, global = 2.5478322e-11, cumulative = 7.6541808e-09
ExecutionTime = 9.63 s  ClockTime = 10 s

Time = 106

smoothSolver:  Solving for Ux, Initial residual = 2.2470596e-09, Final residual = 2.2470596e-09, No Iterations 0
smoothSolver:  Solving for Uy, Initial residual = 3.3001655e-09, Final residual = 3.3001655e-09, No Iterations 0
DICPCG:  Solving for p, Initial residual = 0.00026813011, Final residual = 2.331385e-06, No Iterations 45
DICPCG:  Solving for p, Initial residual = 1.4681078e-05, Final residual = 1.2959986e-07, No Iterations 155
DICPCG:  Solving for p, Initial residual = 6.1718625e-06, Final residual = 4.8908623e-08, No Iterations 101
DICPCG:  Solving for p, Initial residual = 3.4250793e-06, Final residual = 3.1890352e-08, No Iterations 104
time step continuity errors : sum local = 2.4016884e-10, global = 2.4921505e-11, cumulative = 7.6791023e-09
ExecutionTime = 9.71 s  ClockTime = 10 s

Time = 107

smoothSolver:  Solving for Ux, Initial residual = 2.2118355e-09, Final residual = 2.2118355e-09, No Iterations 0
smoothSolver:  Solving for Uy, Initial residual = 3.2382281e-09, Final residual = 3.2382281e-09, No Iterations 0
DICPCG:  Solving for p, Initial residual = 0.0002636294, Final residual = 2.2528284e-06, No Iterations 45
DICPCG:  Solving for p, Initial residual = 1.4513671e-05, Final residual = 1.4297938e-07, No Iterations 154
DICPCG:  Solving for p, Initial residual = 6.1651341e-06, Final residual = 5.6757062e-08, No Iterations 100
DICPCG:  Solving for p, Initial residual = 3.426306e-06, Final residual = 3.3047573e-08, No Iterations 104
time step continuity errors : sum local = 2.480835e-10, global = 2.4798039e-11, cumulative = 7.7039003e-09
ExecutionTime = 9.78 s  ClockTime = 10 s

Time = 108

smoothSolver:  Solving for Ux, Initial residual = 2.1770871e-09, Final residual = 2.1770871e-09, No Iterations 0
smoothSolver:  Solving for Uy, Initial residual = 3.1794229e-09, Final residual = 3.1794229e-09, No Iterations 0
DICPCG:  Solving for p, Initial residual = 0.00025915662, Final residual = 2.1768363e-06, No Iterations 45
DICPCG:  Solving for p, Initial residual = 1.4375425e-05, Final residual = 1.279718e-07, No Iterations 155
DICPCG:  Solving for p, Initial residual = 6.2094366e-06, Final residual = 6.1498547e-08, No Iterations 99
DICPCG:  Solving for p, Initial residual = 3.4751776e-06, Final residual = 3.3312275e-08, No Iterations 104
time step continuity errors : sum local = 2.4806422e-10, global = 2.4989039e-11, cumulative = 7.7288894e-09
ExecutionTime = 9.86 s  ClockTime = 10 s

Time = 109

smoothSolver:  Solving for Ux, Initial residual = 2.1429636e-09, Final residual = 2.1429636e-09, No Iterations 0
smoothSolver:  Solving for Uy, Initial residual = 3.1232961e-09, Final residual = 3.1232961e-09, No Iterations 0
DICPCG:  Solving for p, Initial residual = 0.00025469088, Final residual = 2.1156646e-06, No Iterations 45
DICPCG:  Solving for p, Initial residual = 1.424852e-05, Final residual = 1.2916276e-07, No Iterations 155
DICPCG:  Solving for p, Initial residual = 6.2320184e-06, Final residual = 6.2197721e-08, No Iterations 99
DICPCG:  Solving for p, Initial residual = 3.5161275e-06, Final residual = 3.3927747e-08, No Iterations 104
time step continuity errors : sum local = 2.4815374e-10, global = 2.3822661e-11, cumulative = 7.752712e-09
ExecutionTime = 9.95 s  ClockTime = 10 s

Time = 110

smoothSolver:  Solving for Ux, Initial residual = 2.1093909e-09, Final residual = 2.1093909e-09, No Iterations 0
smoothSolver:  Solving for Uy, Initial residual = 3.0705944e-09, Final residual = 3.0705944e-09, No Iterations 0
DICPCG:  Solving for p, Initial residual = 0.00025029477, Final residual = 2.4748146e-06, No Iterations 44
DICPCG:  Solving for p, Initial residual = 1.4118515e-05, Final residual = 1.3681635e-07, No Iterations 154
DICPCG:  Solving for p, Initial residual = 6.1535553e-06, Final residual = 5.7240427e-08, No Iterations 100
DICPCG:  Solving for p, Initial residual = 3.4338958e-06, Final residual = 3.3443214e-08, No Iterations 104
time step continuity errors : sum local = 2.5276345e-10, global = 2.4475197e-11, cumulative = 7.7771872e-09
ExecutionTime = 10.02 s  ClockTime = 10 s

surfaceFieldValue flowRateTM write:
    sum(outlet_tm) of phi = 1.0127072e-11

surfaceFieldValue flowRateTM_left write:
    sum(outlet_tm_left) of phi = 3.9872932e-11

surfaceFieldValue pressureACinlet write:
    areaAverage(ac_inlet) of p = 1.339933

Time = 111

smoothSolver:  Solving for Ux, Initial residual = 2.0765292e-09, Final residual = 2.0765292e-09, No Iterations 0
smoothSolver:  Solving for Uy, Initial residual = 3.0197843e-09, Final residual = 3.0197843e-09, No Iterations 0
DICPCG:  Solving for p, Initial residual = 0.00024602643, Final residual = 2.422191e-06, No Iterations 44
DICPCG:  Solving for p, Initial residual = 1.3677252e-05, Final residual = 1.3603186e-07, No Iterations 154
DICPCG:  Solving for p, Initial residual = 5.9312255e-06, Final residual = 5.4503973e-08, No Iterations 100
DICPCG:  Solving for p, Initial residual = 3.2693674e-06, Final residual = 3.2495471e-08, No Iterations 105
time step continuity errors : sum local = 2.3916032e-10, global = 2.3973272e-11, cumulative = 7.8011605e-09
ExecutionTime = 10.1 s  ClockTime = 10 s

Time = 112

smoothSolver:  Solving for Ux, Initial residual = 2.044481e-09, Final residual = 2.044481e-09, No Iterations 0
smoothSolver:  Solving for Uy, Initial residual = 2.9683393e-09, Final residual = 2.9683393e-09, No Iterations 0
DICPCG:  Solving for p, Initial residual = 0.0002418527, Final residual = 2.4067688e-06, No Iterations 44
DICPCG:  Solving for p, Initial residual = 1.3405015e-05, Final residual = 1.2640972e-07, No Iterations 155
DICPCG:  Solving for p, Initial residual = 5.7970241e-06, Final residual = 5.3632002e-08, No Iterations 100
DICPCG:  Solving for p, Initial residual = 3.2124484e-06, Final residual = 3.2082375e-08, No Iterations 105
time step continuity errors : sum local = 2.4164769e-10, global = 2.3329458e-11, cumulative = 7.8244899e-09
ExecutionTime = 10.17 s  ClockTime = 10 s

Time = 113

smoothSolver:  Solving for Ux, Initial residual = 2.0129664e-09, Final residual = 2.0129664e-09, No Iterations 0
smoothSolver:  Solving for Uy, Initial residual = 2.9192863e-09, Final residual = 2.9192863e-09, No Iterations 0
DICPCG:  Solving for p, Initial residual = 0.0002377686, Final residual = 2.0477175e-06, No Iterations 45
DICPCG:  Solving for p, Initial residual = 1.3012974e-05, Final residual = 1.2913261e-07, No Iterations 154
DICPCG:  Solving for p, Initial residual = 5.7565946e-06, Final residual = 5.174658e-08, No Iterations 100
DICPCG:  Solving for p, Initial residual = 3.2185005e-06, Final residual = 3.1493618e-08, No Iterations 104
time step continuity errors : sum local = 2.3573505e-10, global = 2.2868301e-11, cumulative = 7.8473582e-09
ExecutionTime = 10.23 s  ClockTime = 10 s

Time = 114

smoothSolver:  Solving for Ux, Initial residual = 1.98183e-09, Final residual = 1.98183e-09, No Iterations 0
smoothSolver:  Solving for Uy, Initial residual = 2.8730824e-09, Final residual = 2.8730824e-09, No Iterations 0
DICPCG:  Solving for p, Initial residual = 0.0002338597, Final residual = 2.0237092e-06, No Iterations 45
DICPCG:  Solving for p, Initial residual = 1.2764286e-05, Final residual = 1.2713442e-07, No Iterations 154
DICPCG:  Solving for p, Initial residual = 5.5829131e-06, Final residual = 4.8466266e-08, No Iterations 100
DICPCG:  Solving for p, Initial residual = 3.1339871e-06, Final residual = 2.9634496e-08, No Iterations 104
time step continuity errors : sum local = 2.2714337e-10, global = 2.2169038e-11, cumulative = 7.8695273e-09
ExecutionTime = 10.3 s  ClockTime = 10 s

Time = 115

smoothSolver:  Solving for Ux, Initial residual = 1.9515183e-09, Final residual = 1.9515183e-09, No Iterations 0
smoothSolver:  Solving for Uy, Initial residual = 2.8262994e-09, Final residual = 2.8262994e-09, No Iterations 0
DICPCG:  Solving for p, Initial residual = 0.00023000822, Final residual = 1.9848611e-06, No Iterations 45
DICPCG:  Solving for p, Initial residual = 1.2509971e-05, Final residual = 1.2328298e-07, No Iterations 154
DICPCG:  Solving for p, Initial residual = 5.5884128e-06, Final residual = 5.4880682e-08, No Iterations 99
DICPCG:  Solving for p, Initial residual = 3.1446087e-06, Final residual = 2.9035537e-08, No Iterations 104
time step continuity errors : sum local = 2.2780002e-10, global = 2.2261878e-11, cumulative = 7.8917892e-09
ExecutionTime = 10.37 s  ClockTime = 11 s

Time = 116

smoothSolver:  Solving for Ux, Initial residual = 1.9216616e-09, Final residual = 1.9216616e-09, No Iterations 0
smoothSolver:  Solving for Uy, Initial residual = 2.78197e-09, Final residual = 2.78197e-09, No Iterations 0
DICPCG:  Solving for p, Initial residual = 0.00022627074, Final residual = 1.920763e-06, No Iterations 45
DICPCG:  Solving for p, Initial residual = 1.2317643e-05, Final residual = 1.1783182e-07, No Iterations 155
DICPCG:  Solving for p, Initial residual = 5.5663014e-06, Final residual = 5.2637082e-08, No Iterations 100
DICPCG:  Solving for p, Initial residual = 3.1285091e-06, Final residual = 3.0072054e-08, No Iterations 104
time step continuity errors : sum local = 2.2916103e-10, global = 2.2360888e-11, cumulative = 7.9141501e-09
ExecutionTime = 10.44 s  ClockTime = 11 s

Time = 117

smoothSolver:  Solving for Ux, Initial residual = 1.8924969e-09, Final residual = 1.8924969e-09, No Iterations 0
smoothSolver:  Solving for Uy, Initial residual = 2.7363966e-09, Final residual = 2.7363966e-09, No Iterations 0
DICPCG:  Solving for p, Initial residual = 0.000222604, Final residual = 1.8943627e-06, No Iterations 45
DICPCG:  Solving for p, Initial residual = 1.2284355e-05, Final residual = 1.2254028e-07, No Iterations 154
DICPCG:  Solving for p, Initial residual = 5.597788e-06, Final residual = 5.4849707e-08, No Iterations 99
DICPCG:  Solving for p, Initial residual = 3.1537263e-06, Final residual = 3.1007605e-08, No Iterations 104
time step continuity errors : sum local = 2.3662894e-10, global = 2.1950759e-11, cumulative = 7.9361008e-09
ExecutionTime = 10.51 s  ClockTime = 11 s

Time = 118

smoothSolver:  Solving for Ux, Initial residual = 1.863788e-09, Final residual = 1.863788e-09, No Iterations 0
smoothSolver:  Solving for Uy, Initial residual = 2.6931989e-09, Final residual = 2.6931989e-09, No Iterations 0
DICPCG:  Solving for p, Initial residual = 0.00021898185, Final residual = 1.8803631e-06, No Iterations 45
DICPCG:  Solving for p, Initial residual = 1.2308226e-05, Final residual = 1.209809e-07, No Iterations 154
DICPCG:  Solving for p, Initial residual = 5.6360982e-06, Final residual = 5.2799672e-08, No Iterations 99
DICPCG:  Solving for p, Initial residual = 3.2083878e-06, Final residual = 2.8751235e-08, No Iterations 104
time step continuity errors : sum local = 2.3073154e-10, global = 2.1560829e-11, cumulative = 7.9576616e-09
ExecutionTime = 10.57 s  ClockTime = 11 s

Time = 119

smoothSolver:  Solving for Ux, Initial residual = 1.8354023e-09, Final residual = 1.8354023e-09, No Iterations 0
smoothSolver:  Solving for Uy, Initial residual = 2.6493541e-09, Final residual = 2.6493541e-09, No Iterations 0
DICPCG:  Solving for p, Initial residual = 0.00021540058, Final residual = 1.8564841e-06, No Iterations 45
DICPCG:  Solving for p, Initial residual = 1.2201001e-05, Final residual = 1.1784999e-07, No Iterations 154
DICPCG:  Solving for p, Initial residual = 5.6091261e-06, Final residual = 5.4855909e-08, No Iterations 98
DICPCG:  Solving for p, Initial residual = 3.1928033e-06, Final residual = 2.9942359e-08, No Iterations 104
time step continuity errors : sum local = 2.3426818e-10, global = 2.1107441e-11, cumulative = 7.9787691e-09
ExecutionTime = 10.64 s  ClockTime = 11 s

Time = 120

smoothSolver:  Solving for Ux, Initial residual = 1.8076131e-09, Final residual = 1.8076131e-09, No Iterations 0
smoothSolver:  Solving for Uy, Initial residual = 2.6050126e-09, Final residual = 2.6050126e-09, No Iterations 0
DICPCG:  Solving for p, Initial residual = 0.00021191366, Final residual = 1.8257425e-06, No Iterations 45
DICPCG:  Solving for p, Initial residual = 1.2073419e-05, Final residual = 1.1012258e-07, No Iterations 155
DICPCG:  Solving for p, Initial residual = 5.5463388e-06, Final residual = 5.4208801e-08, No Iterations 98
DICPCG:  Solving for p, Initial residual = 3.1468669e-06, Final residual = 3.0584994e-08, No Iterations 103
time step continuity errors : sum local = 2.3117287e-10, global = 2.0669603e-11, cumulative = 7.9994387e-09
ExecutionTime = 10.71 s  ClockTime = 11 s

surfaceFieldValue flowRateTM write:
    sum(outlet_tm) of phi = 1.0126092e-11

surfaceFieldValue flowRateTM_left write:
    sum(outlet_tm_left) of phi = 3.9873912e-11

surfaceFieldValue pressureACinlet write:
    areaAverage(ac_inlet) of p = 1.339933

Time = 121

smoothSolver:  Solving for Ux, Initial residual = 1.780499e-09, Final residual = 1.780499e-09, No Iterations 0
smoothSolver:  Solving for Uy, Initial residual = 2.5626098e-09, Final residual = 2.5626098e-09, No Iterations 0
DICPCG:  Solving for p, Initial residual = 0.00020859057, Final residual = 1.7932498e-06, No Iterations 45
DICPCG:  Solving for p, Initial residual = 1.1932172e-05, Final residual = 1.0878069e-07, No Iterations 155
DICPCG:  Solving for p, Initial residual = 5.4459433e-06, Final residual = 5.4352486e-08, No Iterations 98
DICPCG:  Solving for p, Initial residual = 3.1045409e-06, Final residual = 2.9623961e-08, No Iterations 103
time step continuity errors : sum local = 2.347079e-10, global = 1.9775846e-11, cumulative = 8.0192145e-09
ExecutionTime = 10.78 s  ClockTime = 11 s

Time = 122

smoothSolver:  Solving for Ux, Initial residual = 1.7538119e-09, Final residual = 1.7538119e-09, No Iterations 0
smoothSolver:  Solving for Uy, Initial residual = 2.5180472e-09, Final residual = 2.5180472e-09, No Iterations 0
DICPCG:  Solving for p, Initial residual = 0.00020546583, Final residual = 1.7617541e-06, No Iterations 45
DICPCG:  Solving for p, Initial residual = 1.1790404e-05, Final residual = 1.1246135e-07, No Iterations 154
DICPCG:  Solving for p, Initial residual = 5.4003222e-06, Final residual = 5.1384489e-08, No Iterations 98
DICPCG:  Solving for p, Initial residual = 3.0898466e-06, Final residual = 3.02907e-08, No Iterations 102
time step continuity errors : sum local = 2.3229475e-10, global = 1.9582255e-11, cumulative = 8.0387968e-09
ExecutionTime = 10.85 s  ClockTime = 11 s

Time = 123

smoothSolver:  Solving for Ux, Initial residual = 1.7276327e-09, Final residual = 1.7276327e-09, No Iterations 0
smoothSolver:  Solving for Uy, Initial residual = 2.4755351e-09, Final residual = 2.4755351e-09, No Iterations 0
DICPCG:  Solving for p, Initial residual = 0.00020246619, Final residual = 1.7343391e-06, No Iterations 45
DICPCG:  Solving for p, Initial residual = 1.154221e-05, Final residual = 1.0449734e-07, No Iterations 154
DICPCG:  Solving for p, Initial residual = 5.2922781e-06, Final residual = 5.1128721e-08, No Iterations 98
DICPCG:  Solving for p, Initial residual = 3.0248059e-06, Final residual = 3.0155453e-08, No Iterations 103
time step continuity errors : sum local = 2.3290169e-10, global = 1.9855993e-11, cumulative = 8.0586528e-09
ExecutionTime = 10.92 s  ClockTime = 11 s

Time = 124

smoothSolver:  Solving for Ux, Initial residual = 1.7015543e-09, Final residual = 1.7015543e-09, No Iterations 0
smoothSolver:  Solving for Uy, Initial residual = 2.4386911e-09, Final residual = 2.4386911e-09, No Iterations 0
DICPCG:  Solving for p, Initial residual = 0.00019949687, Final residual = 1.7061602e-06, No Iterations 45
DICPCG:  Solving for p, Initial residual = 1.1347341e-05, Final residual = 1.0073661e-07, No Iterations 154
DICPCG:  Solving for p, Initial residual = 5.2656949e-06, Final residual = 4.6913525e-08, No Iterations 98
DICPCG:  Solving for p, Initial residual = 3.0030413e-06, Final residual = 2.9220063e-08, No Iterations 103
time step continuity errors : sum local = 2.2762141e-10, global = 1.8871486e-11, cumulative = 8.0775243e-09
ExecutionTime = 10.99 s  ClockTime = 11 s

Time = 125

smoothSolver:  Solving for Ux, Initial residual = 1.676062e-09, Final residual = 1.676062e-09, No Iterations 0
smoothSolver:  Solving for Uy, Initial residual = 2.3998111e-09, Final residual = 2.3998111e-09, No Iterations 0
DICPCG:  Solving for p, Initial residual = 0.00019654714, Final residual = 1.674624e-06, No Iterations 45
DICPCG:  Solving for p, Initial residual = 1.1152345e-05, Final residual = 9.9885445e-08, No Iterations 154
DICPCG:  Solving for p, Initial residual = 5.2343141e-06, Final residual = 4.3782866e-08, No Iterations 99
DICPCG:  Solving for p, Initial residual = 2.9818716e-06, Final residual = 2.7140863e-08, No Iterations 104
time step continuity errors : sum local = 2.1694823e-10, global = 1.9116451e-11, cumulative = 8.0966407e-09
ExecutionTime = 11.05 s  ClockTime = 11 s

Time = 126

smoothSolver:  Solving for Ux, Initial residual = 1.6508816e-09, Final residual = 1.6508816e-09, No Iterations 0
smoothSolver:  Solving for Uy, Initial residual = 2.3619494e-09, Final residual = 2.3619494e-09, No Iterations 0
DICPCG:  Solving for p, Initial residual = 0.00019363943, Final residual = 1.6426598e-06, No Iterations 45
DICPCG:  Solving for p, Initial residual = 1.1020531e-05, Final residual = 1.0523494e-07, No Iterations 154
DICPCG:  Solving for p, Initial residual = 5.1887124e-06, Final residual = 5.1342307e-08, No Iterations 98
DICPCG:  Solving for p, Initial residual = 2.9068858e-06, Final residual = 2.6753618e-08, No Iterations 104
time step continuity errors : sum local = 2.207507e-10, global = 1.9530835e-11, cumulative = 8.1161715e-09
ExecutionTime = 11.13 s  ClockTime = 11 s

Time = 127

smoothSolver:  Solving for Ux, Initial residual = 1.6262017e-09, Final residual = 1.6262017e-09, No Iterations 0
smoothSolver:  Solving for Uy, Initial residual = 2.3216109e-09, Final residual = 2.3216109e-09, No Iterations 0
DICPCG:  Solving for p, Initial residual = 0.0001907035, Final residual = 1.6117271e-06, No Iterations 45
DICPCG:  Solving for p, Initial residual = 1.0937026e-05, Final residual = 1.0145843e-07, No Iterations 155
DICPCG:  Solving for p, Initial residual = 5.1182226e-06, Final residual = 5.0387547e-08, No Iterations 84
DICPCG:  Solving for p, Initial residual = 2.8693116e-06, Final residual = 2.8454789e-08, No Iterations 104
time step continuity errors : sum local = 2.2763261e-10, global = 1.8749426e-11, cumulative = 8.134921e-09
ExecutionTime = 11.19 s  ClockTime = 11 s

Time = 128

smoothSolver:  Solving for Ux, Initial residual = 1.6017349e-09, Final residual = 1.6017349e-09, No Iterations 0
smoothSolver:  Solving for Uy, Initial residual = 2.291047e-09, Final residual = 2.291047e-09, No Iterations 0
DICPCG:  Solving for p, Initial residual = 0.00018763705, Final residual = 1.585091e-06, No Iterations 45
DICPCG:  Solving for p, Initial residual = 1.0829884e-05, Final residual = 1.0544056e-07, No Iterations 155
DICPCG:  Solving for p, Initial residual = 5.0110935e-06, Final residual = 4.7052243e-08, No Iterations 98
DICPCG:  Solving for p, Initial residual = 2.7854985e-06, Final residual = 2.5416087e-08, No Iterations 104
time step continuity errors : sum local = 2.1599165e-10, global = 1.8009277e-11, cumulative = 8.1529303e-09
ExecutionTime = 11.26 s  ClockTime = 11 s

Time = 129

smoothSolver:  Solving for Ux, Initial residual = 1.5779443e-09, Final residual = 1.5779443e-09, No Iterations 0
smoothSolver:  Solving for Uy, Initial residual = 2.2498389e-09, Final residual = 2.2498389e-09, No Iterations 0
DICPCG:  Solving for p, Initial residual = 0.00018456287, Final residual = 1.565675e-06, No Iterations 45
DICPCG:  Solving for p, Initial residual = 1.0670044e-05, Final residual = 1.049478e-07, No Iterations 155
DICPCG:  Solving for p, Initial residual = 4.9352754e-06, Final residual = 4.7518393e-08, No Iterations 81
DICPCG:  Solving for p, Initial residual = 2.7920952e-06, Final residual = 2.7389184e-08, No Iterations 104
time step continuity errors : sum local = 2.2427905e-10, global = 1.687578e-11, cumulative = 8.169806e-09
ExecutionTime = 11.33 s  ClockTime = 11 s

Time = 130

smoothSolver:  Solving for Ux, Initial residual = 1.5545848e-09, Final residual = 1.5545848e-09, No Iterations 0
smoothSolver:  Solving for Uy, Initial residual = 2.212615e-09, Final residual = 2.212615e-09, No Iterations 0
DICPCG:  Solving for p, Initial residual = 0.00018164998, Final residual = 1.5527906e-06, No Iterations 45
DICPCG:  Solving for p, Initial residual = 1.0506529e-05, Final residual = 1.0401391e-07, No Iterations 155
DICPCG:  Solving for p, Initial residual = 4.9224327e-06, Final residual = 4.4832445e-08, No Iterations 98
DICPCG:  Solving for p, Initial residual = 2.8203469e-06, Final residual = 2.6200293e-08, No Iterations 104
time step continuity errors : sum local = 2.1753102e-10, global = 1.7015753e-11, cumulative = 8.1868218e-09
ExecutionTime = 11.39 s  ClockTime = 12 s

surfaceFieldValue flowRateTM write:
    sum(outlet_tm) of phi = 1.012525e-11

surfaceFieldValue flowRateTM_left write:
    sum(outlet_tm_left) of phi = 3.9874753e-11

surfaceFieldValue pressureACinlet write:
    areaAverage(ac_inlet) of p = 1.339933

Time = 131

smoothSolver:  Solving for Ux, Initial residual = 1.5317325e-09, Final residual = 1.5317325e-09, No Iterations 0
smoothSolver:  Solving for Uy, Initial residual = 2.1755435e-09, Final residual = 2.1755435e-09, No Iterations 0
DICPCG:  Solving for p, Initial residual = 0.00017893065, Final residual = 1.5413145e-06, No Iterations 45
DICPCG:  Solving for p, Initial residual = 1.0296002e-05, Final residual = 9.0701161e-08, No Iterations 156
DICPCG:  Solving for p, Initial residual = 4.8529257e-06, Final residual = 4.6408107e-08, No Iterations 84
DICPCG:  Solving for p, Initial residual = 2.7814227e-06, Final residual = 2.4895197e-08, No Iterations 105
time step continuity errors : sum local = 2.1243234e-10, global = 1.6201563e-11, cumulative = 8.2030233e-09
ExecutionTime = 11.46 s  ClockTime = 12 s

Time = 132

smoothSolver:  Solving for Ux, Initial residual = 1.5087994e-09, Final residual = 1.5087994e-09, No Iterations 0
smoothSolver:  Solving for Uy, Initial residual = 2.1388388e-09, Final residual = 2.1388388e-09, No Iterations 0
DICPCG:  Solving for p, Initial residual = 0.00017628345, Final residual = 1.5252808e-06, No Iterations 45
DICPCG:  Solving for p, Initial residual = 1.0194928e-05, Final residual = 9.6469862e-08, No Iterations 156
DICPCG:  Solving for p, Initial residual = 4.8023294e-06, Final residual = 4.794448e-08, No Iterations 85
DICPCG:  Solving for p, Initial residual = 2.7642059e-06, Final residual = 2.708438e-08, No Iterations 105
time step continuity errors : sum local = 2.2133164e-10, global = 1.6243866e-11, cumulative = 8.2192672e-09
ExecutionTime = 11.53 s  ClockTime = 12 s

Time = 133

smoothSolver:  Solving for Ux, Initial residual = 1.4863298e-09, Final residual = 1.4863298e-09, No Iterations 0
smoothSolver:  Solving for Uy, Initial residual = 2.1070568e-09, Final residual = 2.1070568e-09, No Iterations 0
DICPCG:  Solving for p, Initial residual = 0.00017364263, Final residual = 1.5025444e-06, No Iterations 45
DICPCG:  Solving for p, Initial residual = 1.0192914e-05, Final residual = 9.6793723e-08, No Iterations 156
DICPCG:  Solving for p, Initial residual = 4.8566543e-06, Final residual = 4.7466786e-08, No Iterations 84
DICPCG:  Solving for p, Initial residual = 2.839216e-06, Final residual = 2.7148872e-08, No Iterations 104
time step continuity errors : sum local = 2.2435622e-10, global = 1.5337956e-11, cumulative = 8.2346052e-09
ExecutionTime = 11.59 s  ClockTime = 12 s

Time = 134

smoothSolver:  Solving for Ux, Initial residual = 1.4644848e-09, Final residual = 1.4644848e-09, No Iterations 0
smoothSolver:  Solving for Uy, Initial residual = 2.068288e-09, Final residual = 2.068288e-09, No Iterations 0
DICPCG:  Solving for p, Initial residual = 0.00017103519, Final residual = 1.4695637e-06, No Iterations 45
DICPCG:  Solving for p, Initial residual = 1.0132559e-05, Final residual = 9.4757839e-08, No Iterations 156
DICPCG:  Solving for p, Initial residual = 4.8446116e-06, Final residual = 4.727414e-08, No Iterations 83
DICPCG:  Solving for p, Initial residual = 2.8364298e-06, Final residual = 2.83408e-08, No Iterations 103
time step continuity errors : sum local = 2.2677647e-10, global = 1.4550158e-11, cumulative = 8.2491553e-09
ExecutionTime = 11.66 s  ClockTime = 12 s

Time = 135

smoothSolver:  Solving for Ux, Initial residual = 1.4426425e-09, Final residual = 1.4426425e-09, No Iterations 0
smoothSolver:  Solving for Uy, Initial residual = 2.036453e-09, Final residual = 2.036453e-09, No Iterations 0
DICPCG:  Solving for p, Initial residual = 0.00016847216, Final residual = 1.4330683e-06, No Iterations 45
DICPCG:  Solving for p, Initial residual = 1.0041449e-05, Final residual = 9.2469055e-08, No Iterations 156
DICPCG:  Solving for p, Initial residual = 4.8511172e-06, Final residual = 4.7987896e-08, No Iterations 83
DICPCG:  Solving for p, Initial residual = 2.8610505e-06, Final residual = 2.5450293e-08, No Iterations 104
time step continuity errors : sum local = 2.0971187e-10, global = 1.423205e-11, cumulative = 8.2633874e-09
ExecutionTime = 11.73 s  ClockTime = 12 s

Time = 136

smoothSolver:  Solving for Ux, Initial residual = 1.4212082e-09, Final residual = 1.4212082e-09, No Iterations 0
smoothSolver:  Solving for Uy, Initial residual = 2.0086209e-09, Final residual = 2.0086209e-09, No Iterations 0
DICPCG:  Solving for p, Initial residual = 0.00016590655, Final residual = 1.4002056e-06, No Iterations 45
DICPCG:  Solving for p, Initial residual = 9.8860307e-06, Final residual = 9.8055194e-08, No Iterations 156
DICPCG:  Solving for p, Initial residual = 4.775667e-06, Final residual = 4.3904949e-08, No Iterations 84
DICPCG:  Solving for p, Initial residual = 2.8260631e-06, Final residual = 2.7713508e-08, No Iterations 103
time step continuity errors : sum local = 2.1742897e-10, global = 1.4383573e-11, cumulative = 8.277771e-09
ExecutionTime = 11.8 s  ClockTime = 12 s

Time = 137

smoothSolver:  Solving for Ux, Initial residual = 1.3999024e-09, Final residual = 1.3999024e-09, No Iterations 0
smoothSolver:  Solving for Uy, Initial residual = 1.9767588e-09, Final residual = 1.9767588e-09, No Iterations 0
DICPCG:  Solving for p, Initial residual = 0.00016337692, Final residual = 1.3752029e-06, No Iterations 45
DICPCG:  Solving for p, Initial residual = 9.7299026e-06, Final residual = 9.0637583e-08, No Iterations 156
DICPCG:  Solving for p, Initial residual = 4.6841376e-06, Final residual = 4.5143165e-08, No Iterations 84
DICPCG:  Solving for p, Initial residual = 2.7683922e-06, Final residual = 2.5918113e-08, No Iterations 103
time step continuity errors : sum local = 2.1837214e-10, global = 1.4374729e-11, cumulative = 8.2921457e-09
ExecutionTime = 11.86 s  ClockTime = 12 s

Time = 138

smoothSolver:  Solving for Ux, Initial residual = 1.3792137e-09, Final residual = 1.3792137e-09, No Iterations 0
smoothSolver:  Solving for Uy, Initial residual = 1.9410362e-09, Final residual = 1.9410362e-09, No Iterations 0
DICPCG:  Solving for p, Initial residual = 0.00016090419, Final residual = 1.3531637e-06, No Iterations 45
DICPCG:  Solving for p, Initial residual = 9.5314126e-06, Final residual = 9.4804139e-08, No Iterations 156
DICPCG:  Solving for p, Initial residual = 4.5474718e-06, Final residual = 4.4429717e-08, No Iterations 89
DICPCG:  Solving for p, Initial residual = 2.682528e-06, Final residual = 2.6669264e-08, No Iterations 103
time step continuity errors : sum local = 2.1809324e-10, global = 1.4185247e-11, cumulative = 8.3063309e-09
ExecutionTime = 11.93 s  ClockTime = 12 s

Time = 139

smoothSolver:  Solving for Ux, Initial residual = 1.3589207e-09, Final residual = 1.3589207e-09, No Iterations 0
smoothSolver:  Solving for Uy, Initial residual = 1.9081747e-09, Final residual = 1.9081747e-09, No Iterations 0
DICPCG:  Solving for p, Initial residual = 0.00015847358, Final residual = 1.3297426e-06, No Iterations 45
DICPCG:  Solving for p, Initial residual = 9.3334675e-06, Final residual = 8.9880394e-08, No Iterations 156
DICPCG:  Solving for p, Initial residual = 4.409531e-06, Final residual = 4.248381e-08, No Iterations 84
DICPCG:  Solving for p, Initial residual = 2.581712e-06, Final residual = 2.3205875e-08, No Iterations 104
time step continuity errors : sum local = 2.0665425e-10, global = 1.429609e-11, cumulative = 8.320627e-09
ExecutionTime = 12 s  ClockTime = 12 s

Time = 140

smoothSolver:  Solving for Ux, Initial residual = 1.33891e-09, Final residual = 1.33891e-09, No Iterations 0
smoothSolver:  Solving for Uy, Initial residual = 1.8771946e-09, Final residual = 1.8771946e-09, No Iterations 0
DICPCG:  Solving for p, Initial residual = 0.00015612044, Final residual = 1.3065512e-06, No Iterations 45
DICPCG:  Solving for p, Initial residual = 9.1376802e-06, Final residual = 8.4052892e-08, No Iterations 156
DICPCG:  Solving for p, Initial residual = 4.3660634e-06, Final residual = 4.3284562e-08, No Iterations 74
DICPCG:  Solving for p, Initial residual = 2.5630646e-06, Final residual = 2.3864907e-08, No Iterations 107
time step continuity errors : sum local = 2.0674708e-10, global = 1.2546206e-11, cumulative = 8.3331732e-09
ExecutionTime = 12.06 s  ClockTime = 12 s

surfaceFieldValue flowRateTM write:
    sum(outlet_tm) of phi = 1.0124527e-11

surfaceFieldValue flowRateTM_left write:
    sum(outlet_tm_left) of phi = 3.9875475e-11

surfaceFieldValue pressureACinlet write:
    areaAverage(ac_inlet) of p = 1.339933

Time = 141

smoothSolver:  Solving for Ux, Initial residual = 1.3189476e-09, Final residual = 1.3189476e-09, No Iterations 0
smoothSolver:  Solving for Uy, Initial residual = 1.8496277e-09, Final residual = 1.8496277e-09, No Iterations 0
DICPCG:  Solving for p, Initial residual = 0.00015384408, Final residual = 1.5321388e-06, No Iterations 44
DICPCG:  Solving for p, Initial residual = 9.1002207e-06, Final residual = 8.1043029e-08, No Iterations 156
DICPCG:  Solving for p, Initial residual = 4.3397194e-06, Final residual = 4.125403e-08, No Iterations 97
DICPCG:  Solving for p, Initial residual = 2.5091254e-06, Final residual = 2.28638e-08, No Iterations 103
time step continuity errors : sum local = 2.0358073e-10, global = 1.3160644e-11, cumulative = 8.3463339e-09
ExecutionTime = 12.14 s  ClockTime = 12 s

Time = 142

smoothSolver:  Solving for Ux, Initial residual = 1.2997438e-09, Final residual = 1.2997438e-09, No Iterations 0
smoothSolver:  Solving for Uy, Initial residual = 1.8178693e-09, Final residual = 1.8178693e-09, No Iterations 0
DICPCG:  Solving for p, Initial residual = 0.00015162074, Final residual = 1.4880196e-06, No Iterations 44
DICPCG:  Solving for p, Initial residual = 8.9219555e-06, Final residual = 7.7441714e-08, No Iterations 156
DICPCG:  Solving for p, Initial residual = 4.2585417e-06, Final residual = 4.1249226e-08, No Iterations 97
DICPCG:  Solving for p, Initial residual = 2.4663021e-06, Final residual = 2.1589469e-08, No Iterations 104
time step continuity errors : sum local = 1.9493666e-10, global = 1.2882817e-11, cumulative = 8.3592167e-09
ExecutionTime = 12.2 s  ClockTime = 12 s

Time = 143

smoothSolver:  Solving for Ux, Initial residual = 1.2808419e-09, Final residual = 1.2808419e-09, No Iterations 0
smoothSolver:  Solving for Uy, Initial residual = 1.792012e-09, Final residual = 1.792012e-09, No Iterations 0
DICPCG:  Solving for p, Initial residual = 0.00014944419, Final residual = 1.472314e-06, No Iterations 44
DICPCG:  Solving for p, Initial residual = 8.7699125e-06, Final residual = 7.666571e-08, No Iterations 156
DICPCG:  Solving for p, Initial residual = 4.1646677e-06, Final residual = 3.9549264e-08, No Iterations 97
DICPCG:  Solving for p, Initial residual = 2.4242692e-06, Final residual = 2.1515427e-08, No Iterations 104
time step continuity errors : sum local = 2.0082304e-10, global = 1.25028e-11, cumulative = 8.3717195e-09
ExecutionTime = 12.27 s  ClockTime = 12 s

Time = 144

smoothSolver:  Solving for Ux, Initial residual = 1.2618595e-09, Final residual = 1.2618595e-09, No Iterations 0
smoothSolver:  Solving for Uy, Initial residual = 1.7625322e-09, Final residual = 1.7625322e-09, No Iterations 0
DICPCG:  Solving for p, Initial residual = 0.00014732091, Final residual = 1.4588462e-06, No Iterations 44
DICPCG:  Solving for p, Initial residual = 8.6590532e-06, Final residual = 8.3422327e-08, No Iterations 156
DICPCG:  Solving for p, Initial residual = 4.1191668e-06, Final residual = 3.8087557e-08, No Iterations 97
DICPCG:  Solving for p, Initial residual = 2.3735265e-06, Final residual = 2.183324e-08, No Iterations 104
time step continuity errors : sum local = 2.0251203e-10, global = 1.232775e-11, cumulative = 8.3840472e-09
ExecutionTime = 12.34 s  ClockTime = 12 s

Time = 145

smoothSolver:  Solving for Ux, Initial residual = 1.2434706e-09, Final residual = 1.2434706e-09, No Iterations 0
smoothSolver:  Solving for Uy, Initial residual = 1.7377089e-09, Final residual = 1.7377089e-09, No Iterations 0
DICPCG:  Solving for p, Initial residual = 0.00014525262, Final residual = 1.4399516e-06, No Iterations 44
DICPCG:  Solving for p, Initial residual = 8.553617e-06, Final residual = 8.5456232e-08, No Iterations 154
DICPCG:  Solving for p, Initial residual = 4.0399194e-06, Final residual = 3.9140715e-08, No Iterations 97
DICPCG:  Solving for p, Initial residual = 2.3547153e-06, Final residual = 2.1696855e-08, No Iterations 104
time step continuity errors : sum local = 1.9513573e-10, global = 1.2804007e-11, cumulative = 8.3968512e-09
ExecutionTime = 12.41 s  ClockTime = 13 s

Time = 146

smoothSolver:  Solving for Ux, Initial residual = 1.2253596e-09, Final residual = 1.2253596e-09, No Iterations 0
smoothSolver:  Solving for Uy, Initial residual = 1.7090842e-09, Final residual = 1.7090842e-09, No Iterations 0
DICPCG:  Solving for p, Initial residual = 0.00014321798, Final residual = 1.4187955e-06, No Iterations 44
DICPCG:  Solving for p, Initial residual = 8.4312066e-06, Final residual = 8.2227226e-08, No Iterations 157
DICPCG:  Solving for p, Initial residual = 4.0329788e-06, Final residual = 4.002291e-08, No Iterations 89
DICPCG:  Solving for p, Initial residual = 2.3420303e-06, Final residual = 2.2182569e-08, No Iterations 103
time step continuity errors : sum local = 1.9889781e-10, global = 1.2128911e-11, cumulative = 8.4089802e-09
ExecutionTime = 12.47 s  ClockTime = 13 s

Time = 147

smoothSolver:  Solving for Ux, Initial residual = 1.2071825e-09, Final residual = 1.2071825e-09, No Iterations 0
smoothSolver:  Solving for Uy, Initial residual = 1.6827948e-09, Final residual = 1.6827948e-09, No Iterations 0
DICPCG:  Solving for p, Initial residual = 0.0001411825, Final residual = 1.3978892e-06, No Iterations 44
DICPCG:  Solving for p, Initial residual = 8.2751959e-06, Final residual = 8.0276458e-08, No Iterations 157
DICPCG:  Solving for p, Initial residual = 3.949331e-06, Final residual = 3.7786688e-08, No Iterations 96
DICPCG:  Solving for p, Initial residual = 2.3051964e-06, Final residual = 2.1661018e-08, No Iterations 104
time step continuity errors : sum local = 1.9964781e-10, global = 1.2063082e-11, cumulative = 8.4210432e-09
ExecutionTime = 12.56 s  ClockTime = 13 s

Time = 148

smoothSolver:  Solving for Ux, Initial residual = 1.1894318e-09, Final residual = 1.1894318e-09, No Iterations 0
smoothSolver:  Solving for Uy, Initial residual = 1.6565855e-09, Final residual = 1.6565855e-09, No Iterations 0
DICPCG:  Solving for p, Initial residual = 0.00013914926, Final residual = 1.3775061e-06, No Iterations 44
DICPCG:  Solving for p, Initial residual = 8.2194714e-06, Final residual = 7.8021728e-08, No Iterations 153
DICPCG:  Solving for p, Initial residual = 3.9007637e-06, Final residual = 3.8770142e-08, No Iterations 90
DICPCG:  Solving for p, Initial residual = 2.2685211e-06, Final residual = 2.1183752e-08, No Iterations 103
time step continuity errors : sum local = 1.9737096e-10, global = 1.0711795e-11, cumulative = 8.431755e-09
ExecutionTime = 12.62 s  ClockTime = 13 s

Time = 149

smoothSolver:  Solving for Ux, Initial residual = 1.1717352e-09, Final residual = 1.1717352e-09, No Iterations 0
smoothSolver:  Solving for Uy, Initial residual = 1.6306589e-09, Final residual = 1.6306589e-09, No Iterations 0
DICPCG:  Solving for p, Initial residual = 0.00013716802, Final residual = 1.3642059e-06, No Iterations 42
DICPCG:  Solving for p, Initial residual = 8.1275071e-06, Final residual = 7.2127077e-08, No Iterations 154
DICPCG:  Solving for p, Initial residual = 3.8407464e-06, Final residual = 3.4565584e-08, No Iterations 98
DICPCG:  Solving for p, Initial residual = 2.1934258e-06, Final residual = 2.1307911e-08, No Iterations 104
time step continuity errors : sum local = 1.9447325e-10, global = 1.1904375e-11, cumulative = 8.4436594e-09
ExecutionTime = 12.69 s  ClockTime = 13 s

Time = 150

smoothSolver:  Solving for Ux, Initial residual = 1.1545668e-09, Final residual = 1.1545668e-09, No Iterations 0
smoothSolver:  Solving for Uy, Initial residual = 1.60846e-09, Final residual = 1.60846e-09, No Iterations 0
DICPCG:  Solving for p, Initial residual = 0.00013523975, Final residual = 1.3384757e-06, No Iterations 42
DICPCG:  Solving for p, Initial residual = 8.0639674e-06, Final residual = 7.9836142e-08, No Iterations 153
DICPCG:  Solving for p, Initial residual = 3.7921068e-06, Final residual = 3.5230333e-08, No Iterations 99
DICPCG:  Solving for p, Initial residual = 2.1424186e-06, Final residual = 1.9148148e-08, No Iterations 105
time step continuity errors : sum local = 1.9333316e-10, global = 1.0809693e-11, cumulative = 8.4544691e-09
ExecutionTime = 12.76 s  ClockTime = 13 s

surfaceFieldValue flowRateTM write:
    sum(outlet_tm) of phi = 1.0123907e-11

surfaceFieldValue flowRateTM_left write:
    sum(outlet_tm_left) of phi = 3.9876094e-11

surfaceFieldValue pressureACinlet write:
    areaAverage(ac_inlet) of p = 1.339933

Time = 151

smoothSolver:  Solving for Ux, Initial residual = 1.1377243e-09, Final residual = 1.1377243e-09, No Iterations 0
smoothSolver:  Solving for Uy, Initial residual = 1.5815135e-09, Final residual = 1.5815135e-09, No Iterations 0
DICPCG:  Solving for p, Initial residual = 0.00013328074, Final residual = 1.3162136e-06, No Iterations 42
DICPCG:  Solving for p, Initial residual = 7.9143102e-06, Final residual = 7.4606996e-08, No Iterations 153
DICPCG:  Solving for p, Initial residual = 3.6741895e-06, Final residual = 3.5522737e-08, No Iterations 99
DICPCG:  Solving for p, Initial residual = 2.0920898e-06, Final residual = 1.9347255e-08, No Iterations 104
time step continuity errors : sum local = 1.8778304e-10, global = 1.0595965e-11, cumulative = 8.4650651e-09
ExecutionTime = 12.82 s  ClockTime = 13 s

Time = 152

smoothSolver:  Solving for Ux, Initial residual = 1.1210425e-09, Final residual = 1.1210425e-09, No Iterations 0
smoothSolver:  Solving for Uy, Initial residual = 1.5563397e-09, Final residual = 1.5563397e-09, No Iterations 0
DICPCG:  Solving for p, Initial residual = 0.00013136184, Final residual = 1.296609e-06, No Iterations 42
DICPCG:  Solving for p, Initial residual = 7.7521715e-06, Final residual = 7.104169e-08, No Iterations 153
DICPCG:  Solving for p, Initial residual = 3.5960016e-06, Final residual = 3.5318914e-08, No Iterations 98
DICPCG:  Solving for p, Initial residual = 2.077883e-06, Final residual = 2.0655695e-08, No Iterations 104
time step continuity errors : sum local = 1.9304099e-10, global = 1.1337924e-11, cumulative = 8.476403e-09
ExecutionTime = 12.89 s  ClockTime = 13 s

Time = 153

smoothSolver:  Solving for Ux, Initial residual = 1.1047249e-09, Final residual = 1.1047249e-09, No Iterations 0
smoothSolver:  Solving for Uy, Initial residual = 1.5318904e-09, Final residual = 1.5318904e-09, No Iterations 0
DICPCG:  Solving for p, Initial residual = 0.00012950063, Final residual = 1.2781349e-06, No Iterations 42
DICPCG:  Solving for p, Initial residual = 7.5591005e-06, Final residual = 7.2282085e-08, No Iterations 153
DICPCG:  Solving for p, Initial residual = 3.5442346e-06, Final residual = 3.3087463e-08, No Iterations 101
DICPCG:  Solving for p, Initial residual = 2.0453144e-06, Final residual = 2.02736e-08, No Iterations 104
time step continuity errors : sum local = 1.9759668e-10, global = 1.073151e-11, cumulative = 8.4871345e-09
ExecutionTime = 12.96 s  ClockTime = 13 s

Time = 154

smoothSolver:  Solving for Ux, Initial residual = 1.0884407e-09, Final residual = 1.0884407e-09, No Iterations 0
smoothSolver:  Solving for Uy, Initial residual = 1.5079135e-09, Final residual = 1.5079135e-09, No Iterations 0
DICPCG:  Solving for p, Initial residual = 0.00012767366, Final residual = 1.260085e-06, No Iterations 42
DICPCG:  Solving for p, Initial residual = 7.3685145e-06, Final residual = 7.2412133e-08, No Iterations 151
DICPCG:  Solving for p, Initial residual = 3.482814e-06, Final residual = 3.4573611e-08, No Iterations 100
DICPCG:  Solving for p, Initial residual = 2.0075625e-06, Final residual = 1.8690407e-08, No Iterations 104
time step continuity errors : sum local = 1.869469e-10, global = 1.1133241e-11, cumulative = 8.4982677e-09
ExecutionTime = 13.02 s  ClockTime = 13 s

Time = 155

smoothSolver:  Solving for Ux, Initial residual = 1.0725309e-09, Final residual = 1.0725309e-09, No Iterations 0
smoothSolver:  Solving for Uy, Initial residual = 1.4862315e-09, Final residual = 1.4862315e-09, No Iterations 0
DICPCG:  Solving for p, Initial residual = 0.00012586518, Final residual = 1.239579e-06, No Iterations 42
DICPCG:  Solving for p, Initial residual = 7.2106482e-06, Final residual = 6.9508485e-08, No Iterations 151
DICPCG:  Solving for p, Initial residual = 3.3832418e-06, Final residual = 3.2797847e-08, No Iterations 99
DICPCG:  Solving for p, Initial residual = 1.9420553e-06, Final residual = 1.7641228e-08, No Iterations 104
time step continuity errors : sum local = 1.8314801e-10, global = 1.0850524e-11, cumulative = 8.5091183e-09
ExecutionTime = 13.09 s  ClockTime = 13 s

Time = 156

smoothSolver:  Solving for Ux, Initial residual = 1.0567401e-09, Final residual = 1.0567401e-09, No Iterations 0
smoothSolver:  Solving for Uy, Initial residual = 1.4642807e-09, Final residual = 1.4642807e-09, No Iterations 0
DICPCG:  Solving for p, Initial residual = 0.00012407221, Final residual = 1.2166543e-06, No Iterations 42
DICPCG:  Solving for p, Initial residual = 7.0601765e-06, Final residual = 6.4183275e-08, No Iterations 151
DICPCG:  Solving for p, Initial residual = 3.297471e-06, Final residual = 3.1066752e-08, No Iterations 99
DICPCG:  Solving for p, Initial residual = 1.8841282e-06, Final residual = 1.8004761e-08, No Iterations 104
time step continuity errors : sum local = 1.8262767e-10, global = 1.0143779e-11, cumulative = 8.519262e-09
ExecutionTime = 13.16 s  ClockTime = 13 s

Time = 157

smoothSolver:  Solving for Ux, Initial residual = 1.0413966e-09, Final residual = 1.0413966e-09, No Iterations 0
smoothSolver:  Solving for Uy, Initial residual = 1.444042e-09, Final residual = 1.444042e-09, No Iterations 0
DICPCG:  Solving for p, Initial residual = 0.00012233438, Final residual = 1.1910085e-06, No Iterations 42
DICPCG:  Solving for p, Initial residual = 6.9120972e-06, Final residual = 6.5930577e-08, No Iterations 152
DICPCG:  Solving for p, Initial residual = 3.2150204e-06, Final residual = 3.0713579e-08, No Iterations 98
DICPCG:  Solving for p, Initial residual = 1.8326048e-06, Final residual = 1.7225299e-08, No Iterations 104
time step continuity errors : sum local = 1.8264868e-10, global = 1.0881809e-11, cumulative = 8.5301438e-09
ExecutionTime = 13.23 s  ClockTime = 13 s

Time = 158

smoothSolver:  Solving for Ux, Initial residual = 1.0262973e-09, Final residual = 1.0262973e-09, No Iterations 0
smoothSolver:  Solving for Uy, Initial residual = 1.4217528e-09, Final residual = 1.4217528e-09, No Iterations 0
DICPCG:  Solving for p, Initial residual = 0.00012064727, Final residual = 1.1664744e-06, No Iterations 42
DICPCG:  Solving for p, Initial residual = 6.7701925e-06, Final residual = 6.715543e-08, No Iterations 152
DICPCG:  Solving for p, Initial residual = 3.143805e-06, Final residual = 3.0440019e-08, No Iterations 99
DICPCG:  Solving for p, Initial residual = 1.7833717e-06, Final residual = 1.7099353e-08, No Iterations 106
time step continuity errors : sum local = 1.7936807e-10, global = 1.0653211e-11, cumulative = 8.5407971e-09
ExecutionTime = 13.3 s  ClockTime = 13 s

Time = 159

smoothSolver:  Solving for Ux, Initial residual = 1.0117054e-09, Final residual = 1.0117054e-09, No Iterations 0
smoothSolver:  Solving for Uy, Initial residual = 1.3960565e-09, Final residual = 1.3960565e-09, No Iterations 0
DICPCG:  Solving for p, Initial residual = 0.0001189879, Final residual = 1.1399406e-06, No Iterations 42
DICPCG:  Solving for p, Initial residual = 6.642899e-06, Final residual = 6.2255248e-08, No Iterations 152
DICPCG:  Solving for p, Initial residual = 3.1036286e-06, Final residual = 2.8894001e-08, No Iterations 99
DICPCG:  Solving for p, Initial residual = 1.7594089e-06, Final residual = 1.7398966e-08, No Iterations 104
time step continuity errors : sum local = 1.8427518e-10, global = 1.0610902e-11, cumulative = 8.551408e-09
ExecutionTime = 13.37 s  ClockTime = 14 s

Time = 160

smoothSolver:  Solving for Ux, Initial residual = 9.9714383e-10, Final residual = 9.9714383e-10, No Iterations 0
smoothSolver:  Solving for Uy, Initial residual = 1.374136e-09, Final residual = 1.374136e-09, No Iterations 0
DICPCG:  Solving for p, Initial residual = 0.00011737696, Final residual = 1.1126585e-06, No Iterations 42
DICPCG:  Solving for p, Initial residual = 6.5213251e-06, Final residual = 6.1894665e-08, No Iterations 152
DICPCG:  Solving for p, Initial residual = 3.037006e-06, Final residual = 2.9489777e-08, No Iterations 98
DICPCG:  Solving for p, Initial residual = 1.7162645e-06, Final residual = 1.5666999e-08, No Iterations 105
time step continuity errors : sum local = 1.8076384e-10, global = 9.9163638e-12, cumulative = 8.5613243e-09
ExecutionTime = 13.44 s  ClockTime = 14 s

surfaceFieldValue flowRateTM write:
    sum(outlet_tm) of phi = 1.0123377e-11

surfaceFieldValue flowRateTM_left write:
    sum(outlet_tm_left) of phi = 3.9876624e-11

surfaceFieldValue pressureACinlet write:
    areaAverage(ac_inlet) of p = 1.339933

Time = 161

smoothSolver:  Solving for Ux, Initial residual = 9.8276516e-10, Final residual = 9.8276516e-10, No Iterations 0
smoothSolver:  Solving for Uy, Initial residual = 1.3526957e-09, Final residual = 1.3526957e-09, No Iterations 0
DICPCG:  Solving for p, Initial residual = 0.0001157906, Final residual = 1.0856857e-06, No Iterations 42
DICPCG:  Solving for p, Initial residual = 6.4142292e-06, Final residual = 5.8469675e-08, No Iterations 153
DICPCG:  Solving for p, Initial residual = 2.9491459e-06, Final residual = 2.5017769e-08, No Iterations 98
DICPCG:  Solving for p, Initial residual = 1.6585155e-06, Final residual = 1.6229737e-08, No Iterations 105
time step continuity errors : sum local = 1.7301456e-10, global = 1.0387707e-11, cumulative = 8.571712e-09
ExecutionTime = 13.51 s  ClockTime = 14 s

Time = 162

smoothSolver:  Solving for Ux, Initial residual = 9.6860612e-10, Final residual = 9.6860612e-10, No Iterations 0
smoothSolver:  Solving for Uy, Initial residual = 1.3322938e-09, Final residual = 1.3322938e-09, No Iterations 0
DICPCG:  Solving for p, Initial residual = 0.00011421889, Final residual = 1.1245181e-06, No Iterations 41
DICPCG:  Solving for p, Initial residual = 6.3181127e-06, Final residual = 6.0227875e-08, No Iterations 153
DICPCG:  Solving for p, Initial residual = 2.9135955e-06, Final residual = 2.6569322e-08, No Iterations 98
DICPCG:  Solving for p, Initial residual = 1.6262004e-06, Final residual = 1.6140514e-08, No Iterations 104
time step continuity errors : sum local = 1.7931832e-10, global = 9.8265698e-12, cumulative = 8.5815386e-09
ExecutionTime = 13.58 s  ClockTime = 14 s

Time = 163

smoothSolver:  Solving for Ux, Initial residual = 9.5486829e-10, Final residual = 9.5486829e-10, No Iterations 0
smoothSolver:  Solving for Uy, Initial residual = 1.3117036e-09, Final residual = 1.3117036e-09, No Iterations 0
DICPCG:  Solving for p, Initial residual = 0.00011264208, Final residual = 1.1129878e-06, No Iterations 41
DICPCG:  Solving for p, Initial residual = 6.1881046e-06, Final residual = 5.7079769e-08, No Iterations 154
DICPCG:  Solving for p, Initial residual = 2.8779954e-06, Final residual = 2.4958739e-08, No Iterations 98
DICPCG:  Solving for p, Initial residual = 1.6297544e-06, Final residual = 1.514433e-08, No Iterations 106
time step continuity errors : sum local = 1.7493105e-10, global = 9.229808e-12, cumulative = 8.5907684e-09
ExecutionTime = 13.64 s  ClockTime = 14 s

Time = 164

smoothSolver:  Solving for Ux, Initial residual = 9.412254e-10, Final residual = 9.412254e-10, No Iterations 0
smoothSolver:  Solving for Uy, Initial residual = 1.2918664e-09, Final residual = 1.2918664e-09, No Iterations 0
DICPCG:  Solving for p, Initial residual = 0.00011115182, Final residual = 1.0389096e-06, No Iterations 42
DICPCG:  Solving for p, Initial residual = 6.1387503e-06, Final residual = 5.5036602e-08, No Iterations 153
DICPCG:  Solving for p, Initial residual = 2.898652e-06, Final residual = 2.7160084e-08, No Iterations 99
DICPCG:  Solving for p, Initial residual = 1.655133e-06, Final residual = 1.6193954e-08, No Iterations 104
time step continuity errors : sum local = 1.7588187e-10, global = 8.7428755e-12, cumulative = 8.5995113e-09
ExecutionTime = 13.71 s  ClockTime = 14 s

Time = 165

smoothSolver:  Solving for Ux, Initial residual = 9.2767462e-10, Final residual = 9.2767462e-10, No Iterations 0
smoothSolver:  Solving for Uy, Initial residual = 1.2713644e-09, Final residual = 1.2713644e-09, No Iterations 0
DICPCG:  Solving for p, Initial residual = 0.00010966851, Final residual = 1.0331502e-06, No Iterations 42
DICPCG:  Solving for p, Initial residual = 6.1384732e-06, Final residual = 5.6803142e-08, No Iterations 153
DICPCG:  Solving for p, Initial residual = 2.931824e-06, Final residual = 2.6980654e-08, No Iterations 99
DICPCG:  Solving for p, Initial residual = 1.6791831e-06, Final residual = 1.6094403e-08, No Iterations 102
time step continuity errors : sum local = 1.8231069e-10, global = 8.9375793e-12, cumulative = 8.6084489e-09
ExecutionTime = 13.78 s  ClockTime = 14 s

Time = 166

smoothSolver:  Solving for Ux, Initial residual = 9.1412212e-10, Final residual = 9.1412212e-10, No Iterations 0
smoothSolver:  Solving for Uy, Initial residual = 1.2526858e-09, Final residual = 1.2526858e-09, No Iterations 0
DICPCG:  Solving for p, Initial residual = 0.00010818149, Final residual = 1.0585725e-06, No Iterations 41
DICPCG:  Solving for p, Initial residual = 6.1651559e-06, Final residual = 5.9077264e-08, No Iterations 152
DICPCG:  Solving for p, Initial residual = 2.9613301e-06, Final residual = 2.6040069e-08, No Iterations 99
DICPCG:  Solving for p, Initial residual = 1.710088e-06, Final residual = 1.6058762e-08, No Iterations 103
time step continuity errors : sum local = 1.7468927e-10, global = 8.4281862e-12, cumulative = 8.6168771e-09
ExecutionTime = 13.84 s  ClockTime = 14 s

Time = 167

smoothSolver:  Solving for Ux, Initial residual = 9.0083905e-10, Final residual = 9.0083905e-10, No Iterations 0
smoothSolver:  Solving for Uy, Initial residual = 1.2350416e-09, Final residual = 1.2350416e-09, No Iterations 0
DICPCG:  Solving for p, Initial residual = 0.0001066812, Final residual = 1.0126334e-06, No Iterations 41
DICPCG:  Solving for p, Initial residual = 6.1555686e-06, Final residual = 5.8179054e-08, No Iterations 152
DICPCG:  Solving for p, Initial residual = 2.982384e-06, Final residual = 2.5792331e-08, No Iterations 99
DICPCG:  Solving for p, Initial residual = 1.7324341e-06, Final residual = 1.5896377e-08, No Iterations 103
time step continuity errors : sum local = 1.7631864e-10, global = 8.4657047e-12, cumulative = 8.6253428e-09
ExecutionTime = 13.91 s  ClockTime = 14 s

Time = 168

smoothSolver:  Solving for Ux, Initial residual = 8.8775272e-10, Final residual = 8.8775272e-10, No Iterations 0
smoothSolver:  Solving for Uy, Initial residual = 1.2179092e-09, Final residual = 1.2179092e-09, No Iterations 0
DICPCG:  Solving for p, Initial residual = 0.00010519687, Final residual = 1.0139185e-06, No Iterations 41
DICPCG:  Solving for p, Initial residual = 6.158725e-06, Final residual = 6.0927351e-08, No Iterations 152
DICPCG:  Solving for p, Initial residual = 2.9966515e-06, Final residual = 2.775893e-08, No Iterations 99
DICPCG:  Solving for p, Initial residual = 1.7532308e-06, Final residual = 1.7049864e-08, No Iterations 103
time step continuity errors : sum local = 1.8392325e-10, global = 8.5296495e-12, cumulative = 8.6338724e-09
ExecutionTime = 13.98 s  ClockTime = 14 s

Time = 169

smoothSolver:  Solving for Ux, Initial residual = 8.7501874e-10, Final residual = 8.7501874e-10, No Iterations 0
smoothSolver:  Solving for Uy, Initial residual = 1.1992496e-09, Final residual = 1.1992496e-09, No Iterations 0
DICPCG:  Solving for p, Initial residual = 0.00010370501, Final residual = 1.0054437e-06, No Iterations 41
DICPCG:  Solving for p, Initial residual = 6.1618802e-06, Final residual = 5.2612204e-08, No Iterations 152
DICPCG:  Solving for p, Initial residual = 3.0415806e-06, Final residual = 2.8609007e-08, No Iterations 98
DICPCG:  Solving for p, Initial residual = 1.7867343e-06, Final residual = 1.7061514e-08, No Iterations 102
time step continuity errors : sum local = 1.7648735e-10, global = 7.8875475e-12, cumulative = 8.64176e-09
ExecutionTime = 14.04 s  ClockTime = 14 s

Time = 170

smoothSolver:  Solving for Ux, Initial residual = 8.6222306e-10, Final residual = 8.6222306e-10, No Iterations 0
smoothSolver:  Solving for Uy, Initial residual = 1.1808661e-09, Final residual = 1.1808661e-09, No Iterations 0
DICPCG:  Solving for p, Initial residual = 0.00010222736, Final residual = 9.8017896e-07, No Iterations 41
DICPCG:  Solving for p, Initial residual = 6.1370499e-06, Final residual = 4.9463476e-08, No Iterations 152
DICPCG:  Solving for p, Initial residual = 3.0503929e-06, Final residual = 2.8801977e-08, No Iterations 98
DICPCG:  Solving for p, Initial residual = 1.7974635e-06, Final residual = 1.6156637e-08, No Iterations 102
time step continuity errors : sum local = 1.7876254e-10, global = 7.486244e-12, cumulative = 8.6492462e-09
ExecutionTime = 14.1 s  ClockTime = 14 s

surfaceFieldValue flowRateTM write:
    sum(outlet_tm) of phi = 1.0122925e-11

surfaceFieldValue flowRateTM_left write:
    sum(outlet_tm_left) of phi = 3.9877076e-11

surfaceFieldValue pressureACinlet write:
    areaAverage(ac_inlet) of p = 1.339933

Time = 171

smoothSolver:  Solving for Ux, Initial residual = 8.4979494e-10, Final residual = 8.4979494e-10, No Iterations 0
smoothSolver:  Solving for Uy, Initial residual = 1.1619637e-09, Final residual = 1.1619637e-09, No Iterations 0
DICPCG:  Solving for p, Initial residual = 0.00010070769, Final residual = 9.7169108e-07, No Iterations 41
DICPCG:  Solving for p, Initial residual = 6.094894e-06, Final residual = 5.2518051e-08, No Iterations 152
DICPCG:  Solving for p, Initial residual = 3.0412568e-06, Final residual = 3.0237841e-08, No Iterations 97
DICPCG:  Solving for p, Initial residual = 1.7835962e-06, Final residual = 1.7606215e-08, No Iterations 102
time step continuity errors : sum local = 1.7685868e-10, global = 7.1365698e-12, cumulative = 8.6563828e-09
ExecutionTime = 14.18 s  ClockTime = 14 s

Time = 172

smoothSolver:  Solving for Ux, Initial residual = 8.3770723e-10, Final residual = 8.3770723e-10, No Iterations 0
smoothSolver:  Solving for Uy, Initial residual = 1.1435093e-09, Final residual = 1.1435093e-09, No Iterations 0
DICPCG:  Solving for p, Initial residual = 9.9101986e-05, Final residual = 9.540139e-07, No Iterations 41
DICPCG:  Solving for p, Initial residual = 5.9377952e-06, Final residual = 5.4648747e-08, No Iterations 153
DICPCG:  Solving for p, Initial residual = 2.9503445e-06, Final residual = 2.8602888e-08, No Iterations 96
DICPCG:  Solving for p, Initial residual = 1.7239141e-06, Final residual = 1.7140309e-08, No Iterations 54
time step continuity errors : sum local = 1.5504719e-10, global = 4.5124127e-12, cumulative = 8.6608952e-09
ExecutionTime = 14.25 s  ClockTime = 14 s


SIMPLE solution converged in 172 iterations

End


=== post-run summary ===
  nCells = N/A
nCells=8870
d_TM=9.3231e+13
IOP_AC_right=10.000 mmHg
IOP_AC_left=10.000 mmHg
IOP_AC_mean=10.000 mmHg
IOP_vitreous_mean=10.000 mmHg
delta_AC_vitreous=0.000 mmHg
Q_TM_total=5.0000e-11 m³/s (target 5.0000e-11)
Q_balance_error=0.00 %
=== anatomical G1 Sim 1 done (M1) ===
