/*--------------------------------*- C++ -*----------------------------------*\
| =========                 |                                                 |
| \\      /  F ield         | OpenFOAM: The Open Source CFD Toolbox           |
|  \\    /   O peration     | Version:  2512                                  |
|   \\  /    A nd           | Website:  www.openfoam.com                      |
|    \\/     M anipulation  |                                                 |
\*---------------------------------------------------------------------------*/
FoamFile
{
    version     2.0;
    format      ascii;
    arch        "LSB;label=32;scalar=64";
    class       vectorField;
    location    "0.005/polyMesh";
    object      points;
}
// * * * * * * * * * * * * * * * * * * * * * * * * * * * * * * * * * * * * * //


14619
(
(0 0.001 0)
(0 0.00098768516 0.00015643323)
(0 0.00095105109 0.00030901421)
(0 0.0008909998 0.00045398611)
(0 0.00080900985 0.00058777945)
(0 0.0007071 0.0007071)
(0 0.00058777945 0.00080900985)
(0 0.00045398611 0.0008909998)
(0 0.00030901421 0.00095105109)
(0 0.00015643323 0.00098768516)
(0 0 0.001)
(0.0003 0.001 0)
(0.0003 0.00098768516 0.00015643323)
(0.0003 0.00095105109 0.00030901421)
(0.0003 0.0008909998 0.00045398611)
(0.0003 0.00080900985 0.00058777945)
(0.0003 0.0007071 0.0007071)
(0.0003 0.00058777945 0.00080900985)
(0.0003 0.00045398611 0.0008909998)
(0.0003 0.00030901421 0.00095105109)
(0.0003 0.00015643323 0.00098768516)
(0.0003 0 0.001)
(0.0006 0.001 0)
(0.0006 0.00098768516 0.00015643323)
(0.0006 0.00095105109 0.00030901421)
(0.0006 0.0008909998 0.00045398611)
(0.0006 0.00080900985 0.00058777945)
(0.0006 0.0007071 0.0007071)
(0.0006 0.00058777945 0.00080900985)
(0.0006 0.00045398611 0.0008909998)
(0.0006 0.00030901421 0.00095105109)
(0.0006 0.00015643323 0.00098768516)
(0.0006 0 0.001)
(0.0009 0.001 0)
(0.0009 0.00098768516 0.00015643323)
(0.0009 0.00095105109 0.00030901421)
(0.0009 0.0008909998 0.00045398611)
(0.0009 0.00080900985 0.00058777945)
(0.0009 0.0007071 0.0007071)
(0.0009 0.00058777945 0.00080900985)
(0.0009 0.00045398611 0.0008909998)
(0.0009 0.00030901421 0.00095105109)
(0.0009 0.00015643323 0.00098768516)
(0.0009 0 0.001)
(0.0012 0.001 0)
(0.0012 0.00098768516 0.00015643323)
(0.0012 0.00095105109 0.00030901421)
(0.0012 0.0008909998 0.00045398611)
(0.0012 0.00080900985 0.00058777945)
(0.0012 0.0007071 0.0007071)
(0.0012 0.00058777945 0.00080900985)
(0.0012 0.00045398611 0.0008909998)
(0.0012 0.00030901421 0.00095105109)
(0.0012 0.00015643323 0.00098768516)
(0.0012 0 0.001)
(0.0015 0.001 0)
(0.0015 0.00098768516 0.00015643323)
(0.0015 0.00095105109 0.00030901421)
(0.0015 0.0008909998 0.00045398611)
(0.0015 0.00080900985 0.00058777945)
(0.0015 0.0007071 0.0007071)
(0.0015 0.00058777945 0.00080900985)
(0.0015 0.00045398611 0.0008909998)
(0.0015 0.00030901421 0.00095105109)
(0.0015 0.00015643323 0.00098768516)
(0.0015 0 0.001)
(0.0018 0.001 0)
(0.0018 0.00098768516 0.00015643323)
(0.0018 0.00095105109 0.00030901421)
(0.0018 0.0008909998 0.00045398611)
(0.0018 0.00080900985 0.00058777945)
(0.0018 0.0007071 0.0007071)
(0.0018 0.00058777945 0.00080900985)
(0.0018 0.00045398611 0.0008909998)
(0.0018 0.00030901421 0.00095105109)
(0.0018 0.00015643323 0.00098768516)
(0.0018 0 0.001)
(0.0021 0.001 0)
(0.0021 0.00098768516 0.00015643323)
(0.0021 0.00095105109 0.00030901421)
(0.0021 0.0008909998 0.00045398611)
(0.0021 0.00080900985 0.00058777945)
(0.0021 0.0007071 0.0007071)
(0.0021 0.00058777945 0.00080900985)
(0.0021 0.00045398611 0.0008909998)
(0.0021 0.00030901421 0.00095105109)
(0.0021 0.00015643323 0.00098768516)
(0.0021 0 0.001)
(0.0024 0.001 0)
(0.0024 0.00098768516 0.00015643323)
(0.0024 0.00095105109 0.00030901421)
(0.0024 0.0008909998 0.00045398611)
(0.0024 0.00080900985 0.00058777945)
(0.0024 0.0007071 0.0007071)
(0.0024 0.00058777945 0.00080900985)
(0.0024 0.00045398611 0.0008909998)
(0.0024 0.00030901421 0.00095105109)
(0.0024 0.00015643323 0.00098768516)
(0.0024 0 0.001)
(0.0027 0.001 0)
(0.0027 0.00098768516 0.00015643323)
(0.0027 0.00095105109 0.00030901421)
(0.0027 0.0008909998 0.00045398611)
(0.0027 0.00080900985 0.00058777945)
(0.0027 0.0007071 0.0007071)
(0.0027 0.00058777945 0.00080900985)
(0.0027 0.00045398611 0.0008909998)
(0.0027 0.00030901421 0.00095105109)
(0.0027 0.00015643323 0.00098768516)
(0.0027 0 0.001)
(0.003 0.001 0)
(0.003 0.00098768516 0.00015643323)
(0.003 0.00095105109 0.00030901421)
(0.003 0.0008909998 0.00045398611)
(0.003 0.00080900985 0.00058777945)
(0.003 0.0007071 0.0007071)
(0.003 0.00058777945 0.00080900985)
(0.003 0.00045398611 0.0008909998)
(0.003 0.00030901421 0.00095105109)
(0.003 0.00015643323 0.00098768516)
(0.003 0 0.001)
(0.0033 0.001 0)
(0.0033 0.00098768516 0.00015643323)
(0.0033 0.00095105109 0.00030901421)
(0.0033 0.0008909998 0.00045398611)
(0.0033 0.00080900985 0.00058777945)
(0.0033 0.0007071 0.0007071)
(0.0033 0.00058777945 0.00080900985)
(0.0033 0.00045398611 0.0008909998)
(0.0033 0.00030901421 0.00095105109)
(0.0033 0.00015643323 0.00098768516)
(0.0033 0 0.001)
(0.0036 0.001 0)
(0.0036 0.00098768516 0.00015643323)
(0.0036 0.00095105109 0.00030901421)
(0.0036 0.0008909998 0.00045398611)
(0.0036 0.00080900985 0.00058777945)
(0.0036 0.0007071 0.0007071)
(0.0036 0.00058777945 0.00080900985)
(0.0036 0.00045398611 0.0008909998)
(0.0036 0.00030901421 0.00095105109)
(0.0036 0.00015643323 0.00098768516)
(0.0036 0 0.001)
(0.0039 0.001 0)
(0.0039 0.00098768516 0.00015643323)
(0.0039 0.00095105109 0.00030901421)
(0.0039 0.0008909998 0.00045398611)
(0.0039 0.00080900985 0.00058777945)
(0.0039 0.0007071 0.0007071)
(0.0039 0.00058777945 0.00080900985)
(0.0039 0.00045398611 0.0008909998)
(0.0039 0.00030901421 0.00095105109)
(0.0039 0.00015643323 0.00098768516)
(0.0039 0 0.001)
(0.0042 0.001 0)
(0.0042 0.00098768516 0.00015643323)
(0.0042 0.00095105109 0.00030901421)
(0.0042 0.0008909998 0.00045398611)
(0.0042 0.00080900985 0.00058777945)
(0.0042 0.0007071 0.0007071)
(0.0042 0.00058777945 0.00080900985)
(0.0042 0.00045398611 0.0008909998)
(0.0042 0.00030901421 0.00095105109)
(0.0042 0.00015643323 0.00098768516)
(0.0042 0 0.001)
(0.0045 0.001 0)
(0.0045 0.00098768516 0.00015643323)
(0.0045 0.00095105109 0.00030901421)
(0.0045 0.0008909998 0.00045398611)
(0.0045 0.00080900985 0.00058777945)
(0.0045 0.0007071 0.0007071)
(0.0045 0.00058777945 0.00080900985)
(0.0045 0.00045398611 0.0008909998)
(0.0045 0.00030901421 0.00095105109)
(0.0045 0.00015643323 0.00098768516)
(0.0045 0 0.001)
(0.0048 0.001 0)
(0.0048 0.00098768516 0.00015643323)
(0.0048 0.00095105109 0.00030901421)
(0.0048 0.0008909998 0.00045398611)
(0.0048 0.00080900985 0.00058777945)
(0.0048 0.0007071 0.0007071)
(0.0048 0.00058777945 0.00080900985)
(0.0048 0.00045398611 0.0008909998)
(0.0048 0.00030901421 0.00095105109)
(0.0048 0.00015643323 0.00098768516)
(0.0048 0 0.001)
(0.0051 0.001 0)
(0.0051 0.00098768516 0.00015643323)
(0.0051 0.00095105109 0.00030901421)
(0.0051 0.0008909998 0.00045398611)
(0.0051 0.00080900985 0.00058777945)
(0.0051 0.0007071 0.0007071)
(0.0051 0.00058777945 0.00080900985)
(0.0051 0.00045398611 0.0008909998)
(0.0051 0.00030901421 0.00095105109)
(0.0051 0.00015643323 0.00098768516)
(0.0051 0 0.001)
(0.0054 0.001 0)
(0.0054 0.00098768516 0.00015643323)
(0.0054 0.00095105109 0.00030901421)
(0.0054 0.0008909998 0.00045398611)
(0.0054 0.00080900985 0.00058777945)
(0.0054 0.0007071 0.0007071)
(0.0054 0.00058777945 0.00080900985)
(0.0054 0.00045398611 0.0008909998)
(0.0054 0.00030901421 0.00095105109)
(0.0054 0.00015643323 0.00098768516)
(0.0054 0 0.001)
(0.0057 0.001 0)
(0.0057 0.00098768516 0.00015643323)
(0.0057 0.00095105109 0.00030901421)
(0.0057 0.0008909998 0.00045398611)
(0.0057 0.00080900985 0.00058777945)
(0.0057 0.0007071 0.0007071)
(0.0057 0.00058777945 0.00080900985)
(0.0057 0.00045398611 0.0008909998)
(0.0057 0.00030901421 0.00095105109)
(0.0057 0.00015643323 0.00098768516)
(0.0057 0 0.001)
(0.006 0.001 0)
(0.006 0.00098768516 0.00015643323)
(0.006 0.00095105109 0.00030901421)
(0.006 0.0008909998 0.00045398611)
(0.006 0.00080900985 0.00058777945)
(0.006 0.0007071 0.0007071)
(0.006 0.00058777945 0.00080900985)
(0.006 0.00045398611 0.0008909998)
(0.006 0.00030901421 0.00095105109)
(0.006 0.00015643323 0.00098768516)
(0.006 0 0.001)
(0.0063 0.001 0)
(0.0063 0.00098768516 0.00015643323)
(0.0063 0.00095105109 0.00030901421)
(0.0063 0.0008909998 0.00045398611)
(0.0063 0.00080900985 0.00058777945)
(0.0063 0.0007071 0.0007071)
(0.0063 0.00058777945 0.00080900985)
(0.0063 0.00045398611 0.0008909998)
(0.0063 0.00030901421 0.00095105109)
(0.0063 0.00015643323 0.00098768516)
(0.0063 0 0.001)
(0.0066 0.001 0)
(0.0066 0.00098768516 0.00015643323)
(0.0066 0.00095105109 0.00030901421)
(0.0066 0.0008909998 0.00045398611)
(0.0066 0.00080900985 0.00058777945)
(0.0066 0.0007071 0.0007071)
(0.0066 0.00058777945 0.00080900985)
(0.0066 0.00045398611 0.0008909998)
(0.0066 0.00030901421 0.00095105109)
(0.0066 0.00015643323 0.00098768516)
(0.0066 0 0.001)
(0.0069 0.001 0)
(0.0069 0.00098768516 0.00015643323)
(0.0069 0.00095105109 0.00030901421)
(0.0069 0.0008909998 0.00045398611)
(0.0069 0.00080900985 0.00058777945)
(0.0069 0.0007071 0.0007071)
(0.0069 0.00058777945 0.00080900985)
(0.0069 0.00045398611 0.0008909998)
(0.0069 0.00030901421 0.00095105109)
(0.0069 0.00015643323 0.00098768516)
(0.0069 0 0.001)
(0.0072 0.001 0)
(0.0072 0.00098768516 0.00015643323)
(0.0072 0.00095105109 0.00030901421)
(0.0072 0.0008909998 0.00045398611)
(0.0072 0.00080900985 0.00058777945)
(0.0072 0.0007071 0.0007071)
(0.0072 0.00058777945 0.00080900985)
(0.0072 0.00045398611 0.0008909998)
(0.0072 0.00030901421 0.00095105109)
(0.0072 0.00015643323 0.00098768516)
(0.0072 0 0.001)
(0.0075 0.001 0)
(0.0075 0.00098768516 0.00015643323)
(0.0075 0.00095105109 0.00030901421)
(0.0075 0.0008909998 0.00045398611)
(0.0075 0.00080900985 0.00058777945)
(0.0075 0.0007071 0.0007071)
(0.0075 0.00058777945 0.00080900985)
(0.0075 0.00045398611 0.0008909998)
(0.0075 0.00030901421 0.00095105109)
(0.0075 0.00015643323 0.00098768516)
(0.0075 0 0.001)
(0.0078 0.001 0)
(0.0078 0.00098768516 0.00015643323)
(0.0078 0.00095105109 0.00030901421)
(0.0078 0.0008909998 0.00045398611)
(0.0078 0.00080900985 0.00058777945)
(0.0078 0.0007071 0.0007071)
(0.0078 0.00058777945 0.00080900985)
(0.0078 0.00045398611 0.0008909998)
(0.0078 0.00030901421 0.00095105109)
(0.0078 0.00015643323 0.00098768516)
(0.0078 0 0.001)
(0.0081 0.001 0)
(0.0081 0.00098768516 0.00015643323)
(0.0081 0.00095105109 0.00030901421)
(0.0081 0.0008909998 0.00045398611)
(0.0081 0.00080900985 0.00058777945)
(0.0081 0.0007071 0.0007071)
(0.0081 0.00058777945 0.00080900985)
(0.0081 0.00045398611 0.0008909998)
(0.0081 0.00030901421 0.00095105109)
(0.0081 0.00015643323 0.00098768516)
(0.0081 0 0.001)
(0.0084 0.001 0)
(0.0084 0.00098768516 0.00015643323)
(0.0084 0.00095105109 0.00030901421)
(0.0084 0.0008909998 0.00045398611)
(0.0084 0.00080900985 0.00058777945)
(0.0084 0.0007071 0.0007071)
(0.0084 0.00058777945 0.00080900985)
(0.0084 0.00045398611 0.0008909998)
(0.0084 0.00030901421 0.00095105109)
(0.0084 0.00015643323 0.00098768516)
(0.0084 0 0.001)
(0.0087 0.001 0)
(0.0087 0.00098768516 0.00015643323)
(0.0087 0.00095105109 0.00030901421)
(0.0087 0.0008909998 0.00045398611)
(0.0087 0.00080900985 0.00058777945)
(0.0087 0.0007071 0.0007071)
(0.0087 0.00058777945 0.00080900985)
(0.0087 0.00045398611 0.0008909998)
(0.0087 0.00030901421 0.00095105109)
(0.0087 0.00015643323 0.00098768516)
(0.0087 0 0.001)
(0.009 0.001 0)
(0.009 0.00098768516 0.00015643323)
(0.009 0.00095105109 0.00030901421)
(0.009 0.0008909998 0.00045398611)
(0.009 0.00080900985 0.00058777945)
(0.009 0.0007071 0.0007071)
(0.009 0.00058777945 0.00080900985)
(0.009 0.00045398611 0.0008909998)
(0.009 0.00030901421 0.00095105109)
(0.009 0.00015643323 0.00098768516)
(0.009 0 0.001)
(0 0.0012916667 0)
(0 0.001275762 0.00020206035)
(0 0.0012284443 0.00039914506)
(0 0.0011508789 0.00058640142)
(0 0.0010449754 0.00075921869)
(0 0.00091334167 0.00091334167)
(0 0.00075921869 0.0010449754)
(0 0.00058640142 0.0011508789)
(0 0.00039914506 0.0012284443)
(0 0.00020206035 0.001275762)
(0 0 0.0012916667)
(0.00030000358 0.001291666 0)
(0.00030000356 0.0012757613 0.00020206024)
(0.00030000356 0.0012284437 0.00039914485)
(0.00030000356 0.0011508783 0.00058640111)
(0.00030000356 0.0010449749 0.00075921829)
(0.00030000356 0.00091334118 0.00091334118)
(0.00030000356 0.00075921829 0.0010449749)
(0.00030000356 0.00058640111 0.0011508783)
(0.00030000356 0.00039914485 0.0012284437)
(0.00030000356 0.00020206024 0.0012757613)
(0.00030000358 0 0.001291666)
(0.00060000719 0.0012916653 0)
(0.00060000715 0.0012757606 0.00020206013)
(0.00060000715 0.001228443 0.00039914463)
(0.00060000715 0.0011508776 0.00058640079)
(0.00060000715 0.0010449743 0.00075921788)
(0.00060000715 0.00091334069 0.00091334069)
(0.00060000715 0.00075921788 0.0010449743)
(0.00060000715 0.00058640079 0.0011508776)
(0.00060000715 0.00039914463 0.001228443)
(0.00060000715 0.00020206013 0.0012757606)
(0.00060000719 0 0.0012916653)
(0.00090001092 0.0012916645 0)
(0.00090001085 0.0012757599 0.00020206001)
(0.00090001085 0.0012284423 0.00039914441)
(0.00090001085 0.001150877 0.00058640046)
(0.00090001085 0.0010449737 0.00075921744)
(0.00090001085 0.00091334017 0.00091334017)
(0.00090001085 0.00075921744 0.0010449737)
(0.00090001085 0.00058640046 0.001150877)
(0.00090001085 0.00039914441 0.0012284423)
(0.00090001085 0.00020206001 0.0012757599)
(0.00090001092 0 0.0012916645)
(0.0012000149 0.0012916637 0)
(0.0012000148 0.0012757591 0.00020205989)
(0.0012000148 0.0012284416 0.00039914416)
(0.0012000148 0.0011508763 0.0005864001)
(0.0012000148 0.0010449731 0.00075921697)
(0.0012000148 0.0009133396 0.0009133396)
(0.0012000148 0.00075921697 0.0010449731)
(0.0012000148 0.0005864001 0.0011508763)
(0.0012000148 0.00039914416 0.0012284416)
(0.0012000148 0.00020205989 0.0012757591)
(0.0012000149 0 0.0012916637)
(0.0015000192 0.0012916628 0)
(0.0015000191 0.0012757582 0.00020205975)
(0.0015000191 0.0012284407 0.00039914389)
(0.0015000191 0.0011508755 0.00058639969)
(0.0015000191 0.0010449724 0.00075921645)
(0.0015000191 0.00091333897 0.00091333897)
(0.0015000191 0.00075921645 0.0010449724)
(0.0015000191 0.00058639969 0.0011508755)
(0.0015000191 0.00039914389 0.0012284407)
(0.0015000191 0.00020205975 0.0012757582)
(0.0015000192 0 0.0012916628)
(0.001800024 0.0012916618 0)
(0.0018000238 0.0012757572 0.00020205959)
(0.0018000238 0.0012284397 0.00039914357)
(0.0018000238 0.0011508746 0.00058639923)
(0.0018000238 0.0010449715 0.00075921585)
(0.0018000238 0.00091333825 0.00091333825)
(0.0018000238 0.00075921585 0.0010449715)
(0.0018000238 0.00058639923 0.0011508746)
(0.0018000238 0.00039914357 0.0012284397)
(0.0018000238 0.00020205959 0.0012757572)
(0.001800024 0 0.0012916618)
(0.0021000294 0.0012916606 0)
(0.0021000292 0.001275756 0.0002020594)
(0.0021000292 0.0012284386 0.0003991432)
(0.0021000292 0.0011508735 0.00058639869)
(0.0021000292 0.0010449706 0.00075921515)
(0.0021000292 0.00091333741 0.00091333741)
(0.0021000292 0.00075921515 0.0010449706)
(0.0021000292 0.00058639869 0.0011508735)
(0.0021000292 0.0003991432 0.0012284386)
(0.0021000292 0.0002020594 0.001275756)
(0.0021000294 0 0.0012916606)
(0.0024000356 0.0012916592 0)
(0.0024000354 0.0012757546 0.00020205919)
(0.0024000354 0.0012284373 0.00039914277)
(0.0024000354 0.0011508723 0.00058639806)
(0.0024000354 0.0010449695 0.00075921433)
(0.0024000354 0.00091333643 0.00091333643)
(0.0024000354 0.00075921433 0.0010449695)
(0.0024000354 0.00058639806 0.0011508723)
(0.0024000354 0.00039914277 0.0012284373)
(0.0024000354 0.00020205919 0.0012757546)
(0.0024000356 0 0.0012916592)
(0.0027000428 0.0012916576 0)
(0.0027000425 0.001275753 0.00020205893)
(0.0027000425 0.0012284357 0.00039914226)
(0.0027000425 0.0011508708 0.0005863973)
(0.0027000425 0.0010449681 0.00075921336)
(0.0027000425 0.00091333526 0.00091333526)
(0.0027000425 0.00075921336 0.0010449681)
(0.0027000425 0.0005863973 0.0011508708)
(0.0027000425 0.00039914226 0.0012284357)
(0.0027000425 0.00020205893 0.001275753)
(0.0027000428 0 0.0012916576)
(0.0030000512 0.0012916556 0)
(0.0030000508 0.0012757511 0.00020205862)
(0.0030000508 0.0012284338 0.00039914165)
(0.0030000508 0.001150869 0.00058639641)
(0.0030000508 0.0010449665 0.0007592122)
(0.0030000508 0.00091333386 0.00091333386)
(0.0030000508 0.0007592122 0.0010449665)
(0.0030000508 0.00058639641 0.001150869)
(0.0030000508 0.00039914165 0.0012284338)
(0.0030000508 0.00020205862 0.0012757511)
(0.0030000512 0 0.0012916556)
(0.003300061 0.0012916532 0)
(0.0033000606 0.0012757487 0.00020205825)
(0.0033000606 0.0012284316 0.00039914092)
(0.0033000606 0.0011508669 0.00058639533)
(0.0033000606 0.0010449646 0.00075921081)
(0.0033000606 0.00091333219 0.00091333219)
(0.0033000606 0.00075921081 0.0010449646)
(0.0033000606 0.00058639533 0.0011508669)
(0.0033000606 0.00039914092 0.0012284316)
(0.0033000606 0.00020205825 0.0012757487)
(0.003300061 0 0.0012916532)
(0.0036000725 0.0012916503 0)
(0.0036000721 0.0012757459 0.0002020578)
(0.0036000721 0.0012284289 0.00039914004)
(0.0036000721 0.0011508644 0.00058639404)
(0.0036000721 0.0010449623 0.00075920914)
(0.0036000721 0.00091333017 0.00091333018)
(0.0036000721 0.00075920913 0.0010449623)
(0.0036000721 0.00058639404 0.0011508644)
(0.0036000721 0.00039914004 0.0012284289)
(0.0036000721 0.0002020578 0.0012757459)
(0.0036000725 0 0.0012916503)
(0.0039000862 0.0012916469 0)
(0.0039000857 0.0012757425 0.00020205726)
(0.0039000857 0.0012284256 0.00039913898)
(0.0039000857 0.0011508613 0.00058639248)
(0.0039000857 0.0010449595 0.00075920712)
(0.0039000857 0.00091332775 0.00091332775)
(0.0039000857 0.00075920712 0.0010449595)
(0.0039000857 0.00058639248 0.0011508613)
(0.0039000857 0.00039913898 0.0012284256)
(0.0039000857 0.00020205726 0.0012757425)
(0.0039000862 0 0.0012916469)
(0.0042001025 0.0012916427 0)
(0.0042001019 0.0012757385 0.00020205661)
(0.0042001019 0.0012284217 0.00039913769)
(0.0042001019 0.0011508577 0.0005863906)
(0.0042001019 0.0010449562 0.00075920468)
(0.0042001019 0.00091332482 0.00091332482)
(0.0042001019 0.00075920468 0.0010449562)
(0.0042001019 0.0005863906 0.0011508577)
(0.0042001019 0.00039913769 0.0012284217)
(0.0042001019 0.00020205661 0.0012757385)
(0.0042001025 0 0.0012916427)
(0.004500122 0.0012916377 0)
(0.0045001212 0.0012757335 0.00020205583)
(0.0045001212 0.0012284169 0.00039913614)
(0.0045001212 0.0011508532 0.00058638831)
(0.0045001212 0.0010449521 0.00075920173)
(0.0045001212 0.00091332127 0.00091332127)
(0.0045001212 0.00075920173 0.0010449521)
(0.0045001212 0.00058638831 0.0011508532)
(0.0045001212 0.00039913614 0.0012284169)
(0.0045001212 0.00020205583 0.0012757335)
(0.004500122 0 0.0012916377)
(0.0048001453 0.0012916316 0)
(0.0048001444 0.0012757275 0.00020205487)
(0.0048001444 0.0012284111 0.00039913425)
(0.0048001444 0.0011508478 0.00058638554)
(0.0048001444 0.0010449472 0.00075919814)
(0.0048001444 0.00091331696 0.00091331696)
(0.0048001444 0.00075919814 0.0010449472)
(0.0048001444 0.00058638554 0.0011508478)
(0.0048001444 0.00039913425 0.0012284111)
(0.0048001444 0.00020205487 0.0012757275)
(0.0048001453 0 0.0012916316)
(0.0051001736 0.0012916241 0)
(0.0051001725 0.0012757202 0.00020205371)
(0.0051001725 0.0012284041 0.00039913196)
(0.0051001725 0.0011508412 0.00058638217)
(0.0051001725 0.0010449412 0.00075919378)
(0.0051001725 0.00091331172 0.00091331172)
(0.0051001725 0.00075919378 0.0010449412)
(0.0051001725 0.00058638217 0.0011508412)
(0.0051001725 0.00039913196 0.0012284041)
(0.0051001725 0.00020205371 0.0012757202)
(0.0051001736 0 0.0012916241)
(0.005400208 0.0012916151 0)
(0.0054002067 0.0012757113 0.00020205229)
(0.0054002067 0.0012283955 0.00039912915)
(0.0054002067 0.0011508331 0.00058637806)
(0.0054002067 0.0010449339 0.00075918846)
(0.0054002067 0.00091330532 0.00091330532)
(0.0054002067 0.00075918846 0.0010449339)
(0.0054002067 0.00058637806 0.0011508331)
(0.0054002067 0.00039912915 0.0012283955)
(0.0054002067 0.00020205229 0.0012757113)
(0.005400208 0 0.0012916151)
(0.0057002501 0.0012916039 0)
(0.0057002486 0.0012757004 0.00020205055)
(0.0057002486 0.001228385 0.00039912572)
(0.0057002486 0.0011508233 0.00058637301)
(0.0057002486 0.0010449249 0.00075918193)
(0.0057002486 0.00091329748 0.00091329748)
(0.0057002486 0.00075918193 0.0010449249)
(0.0057002486 0.00058637301 0.0011508233)
(0.0057002486 0.00039912571 0.001228385)
(0.0057002486 0.00020205055 0.0012757004)
(0.0057002501 0 0.0012916039)
(0.0060003024 0.0012915903 0)
(0.0060003005 0.001275687 0.00020204841)
(0.0060003005 0.0012283721 0.00039912149)
(0.0060003005 0.0011508112 0.0005863668)
(0.0060003005 0.0010449139 0.00075917391)
(0.0060003005 0.00091328783 0.00091328784)
(0.0060003005 0.00075917391 0.0010449139)
(0.0060003005 0.0005863668 0.0011508112)
(0.0060003005 0.00039912149 0.0012283721)
(0.0060003005 0.00020204841 0.001275687)
(0.0060003024 0 0.0012915903)
(0.0063003678 0.0012915734 0)
(0.0063003655 0.0012756704 0.00020204575)
(0.0063003655 0.0012283561 0.00039911625)
(0.0063003655 0.0011507962 0.00058635912)
(0.0063003655 0.0010449003 0.00075916398)
(0.0063003655 0.0009132759 0.00091327591)
(0.0063003655 0.00075916397 0.0010449003)
(0.0063003655 0.00058635912 0.0011507962)
(0.0063003655 0.00039911625 0.0012283561)
(0.0063003655 0.00020204575 0.0012756704)
(0.0063003678 0 0.0012915734)
(0.0066004509 0.0012915523 0)
(0.0066004481 0.0012756497 0.00020204245)
(0.0066004481 0.0012283362 0.00039910973)
(0.0066004481 0.0011507775 0.00058634955)
(0.0066004481 0.0010448833 0.0007591516)
(0.0066004481 0.00091326104 0.00091326104)
(0.0066004481 0.0007591516 0.0010448833)
(0.0066004481 0.00058634955 0.0011507775)
(0.0066004481 0.00039910973 0.0012283362)
(0.0066004481 0.00020204245 0.0012756497)
(0.0066004509 0 0.0012915523)
(0.0069005582 0.0012915258 0)
(0.0069005548 0.0012756237 0.00020203828)
(0.0069005548 0.0012283111 0.00039910152)
(0.0069005548 0.001150754 0.00058633751)
(0.0069005548 0.0010448619 0.00075913604)
(0.0069005548 0.00091324235 0.00091324235)
(0.0069005548 0.00075913604 0.0010448619)
(0.0069005548 0.00058633751 0.001150754)
(0.0069005548 0.00039910152 0.0012283111)
(0.0069005548 0.00020203828 0.0012756237)
(0.0069005582 0 0.0012915258)
(0.0072007 0.0012914921 0)
(0.0072006957 0.0012755905 0.00020203296)
(0.0072006957 0.0012282792 0.00039909103)
(0.0072006957 0.001150724 0.00058632215)
(0.0072006958 0.0010448347 0.0007591162)
(0.0072006958 0.00091321851 0.00091321851)
(0.0072006958 0.00075911619 0.0010448347)
(0.0072006957 0.00058632215 0.001150724)
(0.0072006957 0.00039909103 0.0012282792)
(0.0072006957 0.00020203296 0.0012755905)
(0.0072007 0 0.0012914921)
(0.0075008925 0.001291448 0)
(0.0075008871 0.0012755473 0.00020202598)
(0.0075008871 0.0012282375 0.00039907733)
(0.0075008871 0.001150685 0.00058630214)
(0.0075008871 0.0010447992 0.00075909036)
(0.0075008871 0.00091318747 0.00091318747)
(0.0075008871 0.00075909036 0.0010447992)
(0.0075008871 0.00058630214 0.001150685)
(0.0075008871 0.00039907733 0.0012282375)
(0.0075008871 0.00020202598 0.0012755473)
(0.0075008925 0 0.001291448)
(0.0078011636 0.0012913888 0)
(0.0078011567 0.0012754891 0.00020201645)
(0.0078011567 0.0012281814 0.00039905883)
(0.0078011566 0.0011506324 0.00058627523)
(0.0078011566 0.0010447515 0.00075905566)
(0.0078011566 0.00091314577 0.00091314577)
(0.0078011566 0.00075905566 0.0010447515)
(0.0078011566 0.00058627523 0.0011506324)
(0.0078011567 0.00039905883 0.0012281814)
(0.0078011567 0.00020201645 0.0012754891)
(0.0078011636 0 0.0012913888)
(0.008101563 0.0012913052 0)
(0.0081015541 0.001275407 0.0002020025)
(0.008101554 0.0012281024 0.0003990326)
(0.0081015538 0.0011505584 0.00058623744)
(0.0081015537 0.0010446843 0.00075900698)
(0.0081015537 0.00091308717 0.00091308717)
(0.0081015537 0.00075900697 0.0010446843)
(0.0081015538 0.00058623744 0.0011505584)
(0.008101554 0.0003990326 0.0012281024)
(0.0081015541 0.0002020025 0.001275407)
(0.008101563 0 0.0012913052)
(0.0084021774 0.0012911811 0)
(0.008402166 0.001275285 0.00020197964)
(0.0084021658 0.0012279851 0.00039899354)
(0.0084021652 0.0011504486 0.00058618187)
(0.0084021649 0.0010445848 0.00075893518)
(0.0084021648 0.00091300046 0.00091300046)
(0.0084021649 0.00075893518 0.0010445848)
(0.0084021652 0.00058618187 0.0011504486)
(0.0084021658 0.00039899354 0.0012279851)
(0.008402166 0.00020197964 0.001275285)
(0.0084021774 0 0.0012911811)
(0.0087031079 0.0012909963 0)
(0.0087030939 0.0012751036 0.00020193693)
(0.0087030935 0.001227811 0.00039893728)
(0.0087030917 0.0011502856 0.00058610105)
(0.008703091 0.0010444369 0.00075882942)
(0.008703091 0.00091287196 0.00091287196)
(0.008703091 0.00075882942 0.0010444369)
(0.0087030917 0.00058610105 0.0011502856)
(0.0087030935 0.00039893728 0.001227811)
(0.0087030939 0.00020193693 0.0012751036)
(0.0087031079 0 0.0012909963)
(0.0090049069 0.0012906418 0)
(0.0090049148 0.001274753 0.00020188133)
(0.0090049134 0.0012274762 0.00039883482)
(0.0090049061 0.0011499706 0.00058594398)
(0.0090049072 0.0010441501 0.00075862487)
(0.0090049064 0.00091262235 0.00091262236)
(0.0090049072 0.00075862487 0.0010441501)
(0.0090049061 0.00058594398 0.0011499706)
(0.0090049134 0.00039883482 0.0012274762)
(0.0090049148 0.00020188133 0.001274753)
(0.0090049069 0 0.0012906418)
(0 0.0015833333 0)
(0 0.0015638387 0.00024768746)
(0 0.0015058376 0.00048927592)
(0 0.0014107579 0.00071881674)
(0 0.001280941 0.00093065793)
(0 0.0011195833 0.0011195833)
(0 0.00093065793 0.001280941)
(0 0.00071881674 0.0014107579)
(0 0.00048927592 0.0015058376)
(0 0.00024768746 0.0015638387)
(0 0 0.0015833333)
(0.00030000625 0.0015833321 0)
(0.00030000623 0.0015638375 0.00024768727)
(0.00030000623 0.0015058364 0.00048927554)
(0.00030000623 0.0014107568 0.00071881618)
(0.00030000623 0.00128094 0.0009306572)
(0.00030000623 0.0011195825 0.0011195825)
(0.00030000623 0.0009306572 0.00128094)
(0.00030000623 0.00071881618 0.0014107568)
(0.00030000623 0.00048927554 0.0015058364)
(0.00030000623 0.00024768727 0.0015638375)
(0.00030000625 0 0.0015833321)
(0.00060001254 0.0015833308 0)
(0.00060001252 0.0015638363 0.00024768708)
(0.00060001252 0.0015058352 0.00048927515)
(0.00060001252 0.0014107557 0.00071881561)
(0.00060001252 0.001280939 0.00093065647)
(0.00060001252 0.0011195816 0.0011195816)
(0.00060001252 0.00093065647 0.001280939)
(0.00060001252 0.00071881561 0.0014107557)
(0.00060001252 0.00048927515 0.0015058352)
(0.00060001252 0.00024768708 0.0015638363)
(0.00060001254 0 0.0015833308)
(0.00090001904 0.0015833295 0)
(0.000900019 0.001563835 0.00024768687)
(0.000900019 0.001505834 0.00048927475)
(0.000900019 0.0014107546 0.00071881501)
(0.000900019 0.001280938 0.0009306557)
(0.000900019 0.0011195807 0.0011195807)
(0.000900019 0.0009306557 0.001280938)
(0.000900019 0.00071881501 0.0014107546)
(0.000900019 0.00048927475 0.001505834)
(0.000900019 0.00024768687 0.001563835)
(0.00090001904 0 0.0015833295)
(0.0012000259 0.0015833281 0)
(0.0012000259 0.0015638336 0.00024768665)
(0.0012000259 0.0015058326 0.00048927431)
(0.0012000259 0.0014107533 0.00071881437)
(0.0012000259 0.0012809368 0.00093065486)
(0.0012000259 0.0011195796 0.0011195796)
(0.0012000259 0.00093065486 0.0012809368)
(0.0012000259 0.00071881437 0.0014107533)
(0.0012000259 0.00048927431 0.0015058326)
(0.0012000259 0.00024768665 0.0015638336)
(0.0012000259 0 0.0015833281)
(0.0015000334 0.0015833265 0)
(0.0015000334 0.001563832 0.0002476864)
(0.0015000334 0.0015058311 0.00048927381)
(0.0015000334 0.0014107519 0.00071881364)
(0.0015000334 0.0012809355 0.00093065392)
(0.0015000334 0.0011195785 0.0011195785)
(0.0015000334 0.00093065392 0.0012809355)
(0.0015000334 0.00071881364 0.0014107519)
(0.0015000334 0.00048927381 0.0015058311)
(0.0015000334 0.0002476864 0.001563832)
(0.0015000335 0 0.0015833265)
(0.0018000418 0.0015833247 0)
(0.0018000417 0.0015638302 0.00024768611)
(0.0018000417 0.0015058294 0.00048927325)
(0.0018000417 0.0014107503 0.00071881282)
(0.0018000417 0.0012809341 0.00093065285)
(0.0018000417 0.0011195772 0.0011195772)
(0.0018000417 0.00093065285 0.0012809341)
(0.0018000417 0.00071881282 0.0014107503)
(0.0018000417 0.00048927325 0.0015058294)
(0.0018000417 0.00024768611 0.0015638302)
(0.0018000418 0 0.0015833247)
(0.0021000512 0.0015833226 0)
(0.0021000511 0.0015638281 0.00024768578)
(0.0021000511 0.0015058273 0.0004892726)
(0.0021000511 0.0014107484 0.00071881185)
(0.0021000511 0.0012809323 0.00093065161)
(0.0021000511 0.0011195757 0.0011195757)
(0.0021000511 0.00093065161 0.0012809323)
(0.0021000511 0.00071881185 0.0014107484)
(0.0021000511 0.0004892726 0.0015058273)
(0.0021000511 0.00024768578 0.0015638281)
(0.0021000512 0 0.0015833226)
(0.002400062 0.0015833201 0)
(0.0024000619 0.0015638257 0.00024768539)
(0.0024000619 0.001505825 0.00048927183)
(0.0024000619 0.0014107462 0.00071881072)
(0.0024000619 0.0012809303 0.00093065015)
(0.0024000619 0.001119574 0.001119574)
(0.0024000619 0.00093065015 0.0012809303)
(0.0024000619 0.00071881072 0.0014107462)
(0.0024000619 0.00048927183 0.001505825)
(0.0024000619 0.00024768539 0.0015638257)
(0.0024000621 0 0.0015833201)
(0.0027000745 0.0015833171 0)
(0.0027000744 0.0015638228 0.00024768493)
(0.0027000744 0.0015058222 0.00048927091)
(0.0027000744 0.0014107435 0.00071880938)
(0.0027000744 0.0012809279 0.00093064841)
(0.0027000744 0.0011195719 0.0011195719)
(0.0027000744 0.00093064841 0.001280928)
(0.0027000744 0.00071880938 0.0014107435)
(0.0027000744 0.00048927091 0.0015058222)
(0.0027000744 0.00024768493 0.0015638228)
(0.0027000745 0 0.0015833171)
(0.0030000891 0.0015833136 0)
(0.0030000889 0.0015638193 0.00024768438)
(0.0030000889 0.0015058188 0.00048926982)
(0.0030000889 0.0014107404 0.00071880778)
(0.0030000889 0.0012809251 0.00093064634)
(0.0030000889 0.0011195694 0.0011195694)
(0.0030000889 0.00093064634 0.0012809251)
(0.0030000889 0.00071880778 0.0014107404)
(0.0030000889 0.00048926982 0.0015058188)
(0.0030000889 0.00024768438 0.0015638193)
(0.0030000891 0 0.0015833136)
(0.0033001061 0.0015833094 0)
(0.0033001059 0.0015638151 0.00024768372)
(0.0033001059 0.0015058148 0.00048926852)
(0.0033001059 0.0014107366 0.00071880587)
(0.0033001059 0.0012809217 0.00093064386)
(0.0033001059 0.0011195664 0.0011195664)
(0.0033001059 0.00093064386 0.0012809217)
(0.0033001059 0.00071880587 0.0014107366)
(0.0033001059 0.00048926852 0.0015058148)
(0.0033001059 0.00024768372 0.0015638151)
(0.0033001061 0 0.0015833094)
(0.0036001262 0.0015833043 0)
(0.0036001259 0.0015638101 0.00024768292)
(0.0036001259 0.00150581 0.00048926695)
(0.0036001259 0.0014107321 0.00071880356)
(0.0036001259 0.0012809176 0.00093064088)
(0.0036001259 0.0011195628 0.0011195628)
(0.0036001259 0.00093064088 0.0012809176)
(0.0036001259 0.00071880356 0.0014107321)
(0.0036001259 0.00048926695 0.00150581)
(0.0036001259 0.00024768292 0.0015638101)
(0.0036001262 0 0.0015833043)
(0.0039001499 0.0015832982 0)
(0.0039001496 0.0015638041 0.00024768197)
(0.0039001496 0.0015058042 0.00048926506)
(0.0039001496 0.0014107267 0.00071880079)
(0.0039001496 0.0012809127 0.00093063729)
(0.0039001496 0.0011195585 0.0011195585)
(0.0039001496 0.00093063729 0.0012809127)
(0.0039001496 0.00071880079 0.0014107267)
(0.0039001496 0.00048926506 0.0015058042)
(0.0039001496 0.00024768197 0.0015638041)
(0.0039001499 0 0.0015832982)
(0.004200178 0.0015832908 0)
(0.0042001777 0.0015637969 0.00024768081)
(0.0042001777 0.0015057972 0.00048926278)
(0.0042001777 0.0014107201 0.00071879744)
(0.0042001777 0.0012809067 0.00093063295)
(0.0042001777 0.0011195533 0.0011195533)
(0.0042001777 0.00093063295 0.0012809067)
(0.0042001777 0.00071879744 0.0014107201)
(0.0042001777 0.00048926278 0.0015057972)
(0.0042001777 0.00024768081 0.0015637969)
(0.004200178 0 0.0015832909)
(0.0045002116 0.0015832819 0)
(0.0045002112 0.0015637881 0.00024767941)
(0.0045002112 0.0015057888 0.00048926002)
(0.0045002112 0.0014107122 0.00071879338)
(0.0045002112 0.0012808995 0.00093062771)
(0.0045002112 0.001119547 0.001119547)
(0.0045002112 0.00093062771 0.0012808995)
(0.0045002112 0.00071879338 0.0014107122)
(0.0045002112 0.00048926002 0.0015057888)
(0.0045002112 0.00024767941 0.0015637881)
(0.0045002116 0 0.0015832819)
(0.0048002519 0.0015832711 0)
(0.0048002514 0.0015637774 0.00024767772)
(0.0048002514 0.0015057785 0.00048925667)
(0.0048002514 0.0014107026 0.00071878847)
(0.0048002514 0.0012808908 0.00093062135)
(0.0048002514 0.0011195394 0.0011195394)
(0.0048002514 0.00093062135 0.0012808908)
(0.0048002514 0.00071878847 0.0014107026)
(0.0048002514 0.00048925667 0.0015057785)
(0.0048002514 0.00024767772 0.0015637775)
(0.0048002519 0 0.0015832712)
(0.0051003004 0.001583258 0)
(0.0051002998 0.0015637645 0.00024767566)
(0.0051002998 0.0015057661 0.0004892526)
(0.0051002998 0.0014106909 0.0007187825)
(0.0051002998 0.0012808802 0.00093061363)
(0.0051002998 0.0011195301 0.0011195301)
(0.0051002998 0.00093061363 0.0012808802)
(0.0051002998 0.0007187825 0.0014106909)
(0.0051002998 0.0004892526 0.0015057661)
(0.0051002998 0.00024767566 0.0015637645)
(0.0051003004 0 0.001583258)
(0.0054003593 0.0015832421 0)
(0.0054003586 0.0015637488 0.00024767315)
(0.0054003586 0.0015057509 0.00048924765)
(0.0054003586 0.0014106767 0.00071877522)
(0.0054003586 0.0012808672 0.00093060422)
(0.0054003586 0.0011195188 0.0011195188)
(0.0054003586 0.00093060421 0.0012808672)
(0.0054003586 0.00071877522 0.0014106767)
(0.0054003586 0.00048924764 0.0015057509)
(0.0054003586 0.00024767315 0.0015637488)
(0.0054003593 0 0.0015832421)
(0.0057004312 0.0015832226 0)
(0.0057004303 0.0015637296 0.00024767008)
(0.0057004303 0.0015057324 0.00048924158)
(0.0057004303 0.0014106593 0.00071876632)
(0.0057004303 0.0012808514 0.00093059271)
(0.0057004303 0.0011195049 0.0011195049)
(0.0057004303 0.00093059271 0.0012808514)
(0.0057004303 0.00071876632 0.0014106593)
(0.0057004303 0.00048924158 0.0015057324)
(0.0057004303 0.00024767008 0.0015637296)
(0.0057004312 0 0.0015832226)
(0.0060005197 0.0015831987 0)
(0.0060005187 0.001563706 0.00024766631)
(0.0060005187 0.0015057097 0.00048923415)
(0.0060005187 0.001410638 0.00071875541)
(0.0060005187 0.0012808321 0.00093057861)
(0.0060005187 0.001119488 0.001119488)
(0.0060005187 0.0009305786 0.0012808321)
(0.0060005187 0.00071875541 0.0014106381)
(0.0060005187 0.00048923415 0.0015057097)
(0.0060005187 0.00024766631 0.001563706)
(0.0060005197 0 0.0015831987)
(0.0063006299 0.0015831693 0)
(0.0063006287 0.001563677 0.00024766167)
(0.0063006287 0.0015056817 0.00048922499)
(0.0063006287 0.0014106118 0.00071874197)
(0.0063006287 0.0012808082 0.00093056123)
(0.0063006287 0.0011194671 0.0011194671)
(0.0063006287 0.00093056123 0.0012808082)
(0.0063006287 0.00071874197 0.0014106118)
(0.0063006287 0.00048922499 0.0015056817)
(0.0063006286 0.00024766167 0.001563677)
(0.0063006298 0 0.0015831693)
(0.0066007684 0.0015831329 0)
(0.006600767 0.0015636411 0.00024765591)
(0.006600767 0.0015056471 0.00048921364)
(0.006600767 0.0014105794 0.00071872533)
(0.006600767 0.0012807787 0.00093053972)
(0.0066007671 0.0011194413 0.0011194413)
(0.006600767 0.00093053972 0.0012807787)
(0.006600767 0.00071872533 0.0014105794)
(0.006600767 0.00048921364 0.0015056471)
(0.006600767 0.00024765591 0.0015636411)
(0.0066007684 0 0.0015831329)
(0.0069009451 0.0015830875 0)
(0.0069009433 0.0015635964 0.00024764873)
(0.0069009433 0.001505604 0.00048919949)
(0.0069009434 0.0014105389 0.00071870459)
(0.0069009434 0.001280742 0.00093051293)
(0.0069009434 0.0011194091 0.0011194091)
(0.0069009434 0.00093051293 0.001280742)
(0.0069009434 0.00071870459 0.001410539)
(0.0069009433 0.00048919949 0.001505604)
(0.0069009433 0.00024764873 0.0015635964)
(0.006900945 0 0.0015830875)
(0.0072011737 0.0015830306 0)
(0.0072011716 0.0015635403 0.00024763968)
(0.0072011716 0.0015055499 0.00048918169)
(0.0072011716 0.0014104882 0.00071867855)
(0.0072011717 0.0012806958 0.00093047929)
(0.0072011717 0.0011193687 0.0011193687)
(0.0072011717 0.00093047929 0.0012806958)
(0.0072011716 0.00071867854 0.0014104882)
(0.0072011716 0.00048918169 0.0015055499)
(0.0072011716 0.00024763968 0.0015635403)
(0.0072011737 0 0.0015830306)
(0.0075014747 0.0015829583 0)
(0.0075014722 0.001563469 0.0002476281)
(0.0075014722 0.0015054812 0.00048915904)
(0.0075014722 0.0014104237 0.00071864548)
(0.0075014722 0.0012806372 0.00093043662)
(0.0075014722 0.0011193175 0.0011193175)
(0.0075014722 0.00093043662 0.0012806372)
(0.0075014722 0.00071864548 0.0014104237)
(0.0075014722 0.00048915904 0.0015054812)
(0.0075014722 0.0002476281 0.001563469)
(0.0075014747 0 0.0015829583)
(0.0078018784 0.0015828653 0)
(0.0078018756 0.0015633772 0.00024761294)
(0.0078018755 0.0015053927 0.00048912976)
(0.0078018755 0.0014103407 0.00071860298)
(0.0078018754 0.0012805618 0.00093038183)
(0.0078018754 0.0011192516 0.0011192516)
(0.0078018754 0.00093038183 0.0012805618)
(0.0078018755 0.00071860298 0.0014103407)
(0.0078018755 0.00048912976 0.0015053927)
(0.0078018756 0.00024761294 0.0015633772)
(0.0078018784 0 0.0015828653)
(0.008102428 0.001582744 0)
(0.008102425 0.0015632573 0.00024759224)
(0.0081024248 0.0015052772 0.00048909134)
(0.0081024246 0.0014102324 0.00071854776)
(0.0081024244 0.0012804636 0.00093031066)
(0.0081024244 0.0011191659 0.0011191659)
(0.0081024244 0.00093031066 0.0012804636)
(0.0081024246 0.00071854776 0.0014102324)
(0.0081024248 0.00048909134 0.0015052772)
(0.008102425 0.00024759224 0.0015632573)
(0.008102428 0 0.001582744)
(0.0084031737 0.0015825855 0)
(0.0084031712 0.0015631007 0.00024756201)
(0.0084031708 0.0015051262 0.00048904107)
(0.0084031701 0.0014100911 0.00071847643)
(0.0084031697 0.0012803355 0.00093021844)
(0.0084031697 0.0011190544 0.0011190544)
(0.0084031697 0.00093021844 0.0012803355)
(0.0084031701 0.00071847643 0.0014100911)
(0.0084031708 0.00048904107 0.0015051263)
(0.0084031712 0.00024756201 0.0015631007)
(0.0084031737 0 0.0015825855)
(0.0087041073 0.0015823925 0)
(0.0087041076 0.0015629097 0.00024751438)
(0.008704107 0.0015049425 0.00048898197)
(0.008704105 0.0014099191 0.00071839159)
(0.0087041042 0.0012801797 0.00093010727)
(0.0087041043 0.0011189192 0.0011189192)
(0.0087041042 0.00093010726 0.0012801797)
(0.008704105 0.00071839159 0.0014099191)
(0.008704107 0.00048898197 0.0015049425)
(0.0087041076 0.00024751438 0.0015629097)
(0.0087041073 0 0.0015823925)
(0.009004631 0.0015822834 0)
(0.0090046368 0.0015628014 0.00024750358)
(0.0090046356 0.0015048393 0.00048895462)
(0.0090046297 0.0014098229 0.0007183451)
(0.0090046306 0.0012800924 0.00093004648)
(0.0090046303 0.0011188439 0.0011188439)
(0.0090046306 0.00093004648 0.0012800924)
(0.0090046297 0.0007183451 0.0014098229)
(0.0090046355 0.00048895461 0.0015048393)
(0.0090046368 0.00024750358 0.0015628014)
(0.009004631 0 0.0015822834)
(0 0.001875 0)
(0 0.0018519155 0.00029331458)
(0 0.0017832308 0.00057940678)
(0 0.001670637 0.00085123205)
(0 0.0015169066 0.0011020972)
(0 0.001325825 0.001325825)
(0 0.0011020972 0.0015169066)
(0 0.00085123205 0.001670637)
(0 0.00057940678 0.0017832308)
(0 0.00029331458 0.0018519155)
(0 0 0.001875)
(0.00030000827 0.0018749983 0)
(0.00030000826 0.0018519139 0.00029331432)
(0.00030000826 0.0017832292 0.00057940626)
(0.00030000827 0.0016706355 0.00085123129)
(0.00030000827 0.0015169053 0.0011020962)
(0.00030000827 0.0013258238 0.0013258238)
(0.00030000827 0.0011020962 0.0015169053)
(0.00030000827 0.00085123129 0.0016706355)
(0.00030000827 0.00057940626 0.0017832292)
(0.00030000827 0.00029331432 0.0018519139)
(0.00030000827 0 0.0018749983)
(0.00060001661 0.0018749966 0)
(0.00060001659 0.0018519122 0.00029331406)
(0.00060001659 0.0017832276 0.00057940573)
(0.00060001659 0.001670634 0.00085123052)
(0.00060001659 0.0015169039 0.0011020952)
(0.00060001659 0.0013258226 0.0013258226)
(0.00060001659 0.0011020952 0.0015169039)
(0.00060001659 0.00085123052 0.001670634)
(0.00060001659 0.00057940573 0.0017832276)
(0.00060001659 0.00029331406 0.0018519122)
(0.00060001661 0 0.0018749966)
(0.00090002521 0.0018749948 0)
(0.00090002518 0.0018519105 0.00029331378)
(0.00090002518 0.0017832259 0.00057940518)
(0.00090002518 0.0016706324 0.00085122971)
(0.00090002519 0.0015169025 0.0011020941)
(0.00090002519 0.0013258214 0.0013258214)
(0.00090002519 0.0011020941 0.0015169025)
(0.00090002519 0.00085122971 0.0016706324)
(0.00090002519 0.00057940518 0.0017832259)
(0.00090002519 0.00029331378 0.0018519105)
(0.00090002521 0 0.0018749948)
(0.0012000343 0.0018749929 0)
(0.0012000343 0.0018519085 0.00029331347)
(0.0012000343 0.0017832241 0.00057940459)
(0.0012000343 0.0016706307 0.00085122883)
(0.0012000343 0.0015169009 0.001102093)
(0.0012000343 0.00132582 0.00132582)
(0.0012000343 0.001102093 0.0015169009)
(0.0012000343 0.00085122883 0.0016706307)
(0.0012000343 0.00057940459 0.0017832241)
(0.0012000343 0.00029331347 0.0018519085)
(0.0012000343 0 0.0018749929)
(0.0015000443 0.0018749907 0)
(0.0015000442 0.0018519064 0.00029331313)
(0.0015000442 0.001783222 0.00057940392)
(0.0015000442 0.0016706288 0.00085122785)
(0.0015000442 0.0015168992 0.0011020917)
(0.0015000442 0.0013258185 0.0013258185)
(0.0015000442 0.0011020917 0.0015168992)
(0.0015000442 0.00085122785 0.0016706288)
(0.0015000442 0.00057940392 0.001783222)
(0.0015000442 0.00029331313 0.0018519064)
(0.0015000443 0 0.0018749908)
(0.0018000553 0.0018749883 0)
(0.0018000553 0.001851904 0.00029331275)
(0.0018000553 0.0017832197 0.00057940315)
(0.0018000553 0.0016706266 0.00085122672)
(0.0018000553 0.0015168972 0.0011020903)
(0.0018000553 0.0013258167 0.0013258167)
(0.0018000553 0.0011020903 0.0015168972)
(0.0018000553 0.00085122672 0.0016706266)
(0.0018000553 0.00057940315 0.0017832197)
(0.0018000553 0.00029331275 0.001851904)
(0.0018000553 0 0.0018749883)
(0.0021000678 0.0018749854 0)
(0.0021000677 0.0018519011 0.0002933123)
(0.0021000677 0.0017832169 0.00057940226)
(0.0021000677 0.001670624 0.00085122542)
(0.0021000677 0.0015168948 0.0011020886)
(0.0021000677 0.0013258147 0.0013258147)
(0.0021000677 0.0011020886 0.0015168948)
(0.0021000677 0.00085122542 0.001670624)
(0.0021000677 0.00057940226 0.0017832169)
(0.0021000677 0.0002933123 0.0018519011)
(0.0021000678 0 0.0018749854)
(0.0024000821 0.001874982 0)
(0.002400082 0.0018518978 0.00029331177)
(0.002400082 0.0017832137 0.00057940122)
(0.002400082 0.001670621 0.00085122389)
(0.002400082 0.0015168921 0.0011020866)
(0.002400082 0.0013258123 0.0013258123)
(0.002400082 0.0011020866 0.0015168921)
(0.002400082 0.00085122389 0.001670621)
(0.002400082 0.00057940122 0.0017832137)
(0.002400082 0.00029331177 0.0018518978)
(0.0024000821 0 0.001874982)
(0.0027000985 0.001874978 0)
(0.0027000984 0.0018518939 0.00029331114)
(0.0027000985 0.0017832099 0.00057939998)
(0.0027000985 0.0016706175 0.00085122207)
(0.0027000985 0.0015168889 0.0011020842)
(0.0027000985 0.0013258095 0.0013258095)
(0.0027000985 0.0011020842 0.0015168889)
(0.0027000985 0.00085122207 0.0016706175)
(0.0027000985 0.00057939998 0.0017832099)
(0.0027000985 0.00029331114 0.0018518939)
(0.0027000985 0 0.001874978)
(0.0030001177 0.0018749733 0)
(0.0030001176 0.0018518892 0.0002933104)
(0.0030001176 0.0017832054 0.00057939851)
(0.0030001176 0.0016706132 0.0008512199)
(0.0030001176 0.001516885 0.0011020814)
(0.0030001176 0.0013258061 0.0013258061)
(0.0030001176 0.0011020814 0.001516885)
(0.0030001176 0.0008512199 0.0016706132)
(0.0030001176 0.00057939851 0.0017832054)
(0.0030001176 0.0002933104 0.0018518892)
(0.0030001177 0 0.0018749733)
(0.0033001401 0.0018749676 0)
(0.00330014 0.0018518835 0.0002933095)
(0.00330014 0.0017832 0.00057939674)
(0.00330014 0.0016706081 0.00085121731)
(0.00330014 0.0015168804 0.0011020781)
(0.00330014 0.0013258021 0.0013258021)
(0.00330014 0.0011020781 0.0015168804)
(0.00330014 0.00085121731 0.0016706081)
(0.00330014 0.00057939674 0.0017832)
(0.00330014 0.0002933095 0.0018518835)
(0.0033001401 0 0.0018749676)
(0.0036001664 0.0018749607 0)
(0.0036001663 0.0018518768 0.00029330843)
(0.0036001663 0.0017831935 0.00057939462)
(0.0036001663 0.001670602 0.0008512142)
(0.0036001663 0.0015168749 0.0011020741)
(0.0036001663 0.0013257972 0.0013257972)
(0.0036001663 0.0011020741 0.0015168749)
(0.0036001663 0.0008512142 0.0016706021)
(0.0036001663 0.00057939462 0.0017831935)
(0.0036001663 0.00029330843 0.0018518768)
(0.0036001664 0 0.0018749607)
(0.0039001975 0.0018749525 0)
(0.0039001973 0.0018518687 0.00029330714)
(0.0039001973 0.0017831857 0.00057939207)
(0.0039001974 0.0016705947 0.00085121045)
(0.0039001974 0.0015168682 0.0011020692)
(0.0039001974 0.0013257914 0.0013257914)
(0.0039001974 0.0011020692 0.0015168682)
(0.0039001974 0.00085121045 0.0016705947)
(0.0039001973 0.00057939207 0.0017831857)
(0.0039001973 0.00029330714 0.0018518687)
(0.0039001975 0 0.0018749525)
(0.0042002343 0.0018749426 0)
(0.0042002341 0.0018518589 0.00029330558)
(0.0042002341 0.0017831762 0.00057938899)
(0.0042002341 0.0016705859 0.00085120593)
(0.0042002341 0.0015168602 0.0011020634)
(0.0042002341 0.0013257844 0.0013257844)
(0.0042002341 0.0011020634 0.0015168602)
(0.0042002341 0.00085120593 0.0016705859)
(0.0042002341 0.00057938899 0.0017831762)
(0.0042002341 0.00029330558 0.0018518589)
(0.0042002343 0 0.0018749426)
(0.0045002781 0.0018749306 0)
(0.0045002779 0.0018518471 0.0002933037)
(0.0045002779 0.0017831649 0.00057938528)
(0.0045002779 0.0016705752 0.00085120048)
(0.0045002779 0.0015168505 0.0011020563)
(0.0045002779 0.0013257759 0.0013257759)
(0.0045002779 0.0011020563 0.0015168505)
(0.0045002779 0.00085120048 0.0016705752)
(0.0045002779 0.00057938528 0.0017831649)
(0.0045002779 0.0002933037 0.0018518471)
(0.0045002781 0 0.0018749306)
(0.0048003304 0.0018749162 0)
(0.0048003301 0.0018518328 0.00029330142)
(0.0048003301 0.0017831511 0.00057938078)
(0.0048003301 0.0016705623 0.00085119388)
(0.0048003302 0.0015168388 0.0011020478)
(0.0048003302 0.0013257656 0.0013257656)
(0.0048003302 0.0011020478 0.0015168388)
(0.0048003301 0.00085119388 0.0016705623)
(0.0048003301 0.00057938078 0.0017831511)
(0.0048003301 0.00029330142 0.0018518328)
(0.0048003304 0 0.0018749162)
(0.0051003931 0.0018748987 0)
(0.0051003928 0.0018518155 0.00029329866)
(0.0051003928 0.0017831345 0.00057937533)
(0.0051003928 0.0016705467 0.00085118588)
(0.0051003928 0.0015168246 0.0011020374)
(0.0051003929 0.0013257532 0.0013257532)
(0.0051003928 0.0011020374 0.0015168246)
(0.0051003928 0.00085118588 0.0016705467)
(0.0051003928 0.00057937533 0.0017831345)
(0.0051003928 0.00029329866 0.0018518155)
(0.0051003931 0 0.0018748987)
(0.0054004688 0.0018748774 0)
(0.0054004684 0.0018517945 0.00029329531)
(0.0054004684 0.0017831142 0.00057936871)
(0.0054004685 0.0016705277 0.00085117617)
(0.0054004685 0.0015168073 0.0011020249)
(0.0054004685 0.0013257381 0.0013257381)
(0.0054004685 0.0011020249 0.0015168073)
(0.0054004685 0.00085117616 0.0016705277)
(0.0054004684 0.00057936871 0.0017831142)
(0.0054004684 0.0002932953 0.0018517946)
(0.0054004688 0 0.0018748774)
(0.0057005606 0.0018748515 0)
(0.0057005602 0.001851769 0.00029329122)
(0.0057005602 0.0017830896 0.00057936065)
(0.0057005602 0.0016705047 0.00085116434)
(0.0057005602 0.0015167863 0.0011020096)
(0.0057005602 0.0013257197 0.0013257197)
(0.0057005602 0.0011020096 0.0015167863)
(0.0057005602 0.00085116434 0.0016705047)
(0.0057005602 0.00057936065 0.0017830896)
(0.0057005602 0.00029329122 0.001851769)
(0.0057005606 0 0.0018748516)
(0.0060006727 0.00187482 0)
(0.0060006722 0.0018517379 0.00029328623)
(0.0060006722 0.0017830596 0.00057935081)
(0.0060006723 0.0016704765 0.0008511499)
(0.0060006723 0.0015167607 0.0011019909)
(0.0060006723 0.0013256973 0.0013256973)
(0.0060006723 0.0011019909 0.0015167607)
(0.0060006723 0.0008511499 0.0016704765)
(0.0060006722 0.00057935081 0.0017830596)
(0.0060006722 0.00029328623 0.0018517379)
(0.0060006727 0 0.00187482)
(0.0063008107 0.0018747815 0)
(0.0063008101 0.0018516998 0.00029328013)
(0.0063008101 0.0017830229 0.00057933876)
(0.0063008102 0.0016704421 0.00085113223)
(0.0063008102 0.0015167294 0.0011019681)
(0.0063008102 0.0013256699 0.0013256699)
(0.0063008102 0.0011019681 0.0015167294)
(0.0063008102 0.00085113223 0.0016704421)
(0.0063008101 0.00057933876 0.0017830229)
(0.0063008101 0.00029328013 0.0018516998)
(0.0063008107 0 0.0018747815)
(0.0066009818 0.0018747342 0)
(0.0066009811 0.0018516532 0.00029327262)
(0.0066009811 0.0017829779 0.00057932397)
(0.0066009812 0.0016703999 0.00085111055)
(0.0066009812 0.001516691 0.0011019401)
(0.0066009812 0.0013256363 0.0013256363)
(0.0066009812 0.0011019401 0.001516691)
(0.0066009812 0.00085111055 0.0016703999)
(0.0066009811 0.00057932397 0.0017829779)
(0.0066009811 0.00029327262 0.0018516532)
(0.0066009817 0 0.0018747342)
(0.0069011956 0.0018746761 0)
(0.0069011949 0.0018515958 0.00029326338)
(0.0069011949 0.0017829226 0.00057930577)
(0.006901195 0.0016703479 0.00085108389)
(0.006901195 0.0015166438 0.0011019056)
(0.006901195 0.0013255949 0.0013255949)
(0.006901195 0.0011019056 0.0015166438)
(0.006901195 0.00085108389 0.0016703479)
(0.0069011949 0.00057930576 0.0017829226)
(0.0069011949 0.00029326337 0.0018515958)
(0.0069011956 0 0.0018746761)
(0.007201465 0.0018746046 0)
(0.0072014641 0.0018515252 0.00029325193)
(0.0072014642 0.0017828545 0.0005792833)
(0.0072014642 0.001670284 0.00085105104)
(0.0072014643 0.0015165856 0.0011018632)
(0.0072014643 0.001325544 0.001325544)
(0.0072014643 0.0011018632 0.0015165856)
(0.0072014642 0.00085105104 0.001670284)
(0.0072014642 0.0005792833 0.0017828545)
(0.0072014641 0.00029325193 0.0018515252)
(0.007201465 0 0.0018746046)
(0.0075018058 0.0018745167 0)
(0.0075018049 0.0018514383 0.00029323772)
(0.0075018049 0.0017827706 0.00057925558)
(0.007501805 0.0016702053 0.00085101064)
(0.0075018051 0.001516514 0.0011018111)
(0.0075018051 0.0013254814 0.0013254814)
(0.0075018051 0.0011018111 0.001516514)
(0.007501805 0.00085101063 0.0016702053)
(0.0075018049 0.00057925558 0.0017827707)
(0.0075018049 0.00029323772 0.0018514383)
(0.0075018058 0 0.0018745167)
(0.0078022362 0.0018744091 0)
(0.0078022353 0.0018513319 0.00029321995)
(0.0078022353 0.001782668 0.00057922152)
(0.0078022354 0.0016701089 0.00085096127)
(0.0078022354 0.0015164265 0.0011017475)
(0.0078022354 0.0013254049 0.0013254049)
(0.0078022354 0.0011017475 0.0015164265)
(0.0078022353 0.00085096127 0.0016701089)
(0.0078022353 0.00057922152 0.001782668)
(0.0078022353 0.00029321995 0.001851332)
(0.0078022362 0 0.0018744091)
(0.0081027698 0.0018742802 0)
(0.0081027691 0.0018512044 0.00029319754)
(0.008102769 0.0017825448 0.00057918046)
(0.0081027689 0.0016699932 0.00085090234)
(0.0081027688 0.0015163215 0.0011016714)
(0.0081027689 0.0013253133 0.0013253133)
(0.0081027688 0.0011016714 0.0015163215)
(0.0081027689 0.00085090234 0.0016699932)
(0.008102769 0.00057918046 0.0017825448)
(0.0081027691 0.00029319754 0.0018512044)
(0.0081027698 0 0.0018742802)
(0.0084033924 0.0018741344 0)
(0.0084033924 0.0018510598 0.00029316878)
(0.008403392 0.0017824048 0.00057913396)
(0.0084033915 0.0016698619 0.00085083631)
(0.0084033914 0.0015162024 0.0011015859)
(0.0084033915 0.0013252097 0.0013252097)
(0.0084033914 0.0011015859 0.0015162024)
(0.0084033915 0.0008508363 0.0016698619)
(0.008403392 0.00057913396 0.0017824048)
(0.0084033924 0.00029316878 0.0018510598)
(0.0084033924 0 0.0018741344)
(0.0087039978 0.0018739954 0)
(0.0087039988 0.0018509215 0.00029313178)
(0.008703998 0.0017822705 0.00057909147)
(0.0087039967 0.0016697359 0.00085077483)
(0.0087039966 0.0015160886 0.001101505)
(0.0087039968 0.0013251112 0.0013251112)
(0.0087039966 0.001101505 0.0015160886)
(0.0087039967 0.00085077483 0.0016697359)
(0.008703998 0.00057909147 0.0017822705)
(0.0087039988 0.00029313178 0.0018509215)
(0.0087039978 0 0.0018739954)
(0.0090042886 0.001873926 0)
(0.0090042907 0.0018508489 0.00029313078)
(0.0090042884 0.0017821982 0.00057907358)
(0.0090042851 0.0016696694 0.00085074334)
(0.0090042863 0.0015160284 0.0011014633)
(0.0090042864 0.0013250594 0.0013250594)
(0.0090042863 0.0011014633 0.0015160284)
(0.0090042851 0.00085074334 0.0016696694)
(0.0090042884 0.00057907358 0.0017821982)
(0.0090042907 0.00029313078 0.0018508489)
(0.0090042886 0 0.001873926)
(0 0.0021666667 0)
(0 0.0021399923 0.0003389417)
(0 0.002060624 0.00066953763)
(0 0.0019305161 0.00098364736)
(0 0.0017528722 0.0012735364)
(0 0.0015320667 0.0015320667)
(0 0.0012735364 0.0017528722)
(0 0.00098364736 0.0019305161)
(0 0.00066953763 0.002060624)
(0 0.0003389417 0.0021399923)
(0 0 0.0021666667)
(0.00030000976 0.0021666646 0)
(0.00030000975 0.0021399903 0.00033894138)
(0.00030000975 0.0020606221 0.00066953701)
(0.00030000975 0.0019305143 0.00098364644)
(0.00030000975 0.0017528706 0.0012735352)
(0.00030000975 0.0015320652 0.0015320652)
(0.00030000975 0.0012735352 0.0017528706)
(0.00030000975 0.00098364644 0.0019305143)
(0.00030000975 0.00066953701 0.0020606221)
(0.00030000975 0.00033894138 0.0021399903)
(0.00030000976 0 0.0021666646)
(0.00060001959 0.0021666626 0)
(0.00060001958 0.0021399883 0.00033894106)
(0.00060001958 0.0020606202 0.00066953637)
(0.00060001958 0.0019305125 0.00098364551)
(0.00060001958 0.0017528689 0.001273534)
(0.00060001958 0.0015320638 0.0015320638)
(0.00060001958 0.001273534 0.0017528689)
(0.00060001958 0.00098364551 0.0019305125)
(0.00060001958 0.00066953637 0.0020606202)
(0.00060001958 0.00033894106 0.0021399883)
(0.00060001959 0 0.0021666626)
(0.00090002973 0.0021666604 0)
(0.00090002971 0.0021399862 0.00033894073)
(0.00090002971 0.0020606181 0.0006695357)
(0.00090002972 0.0019305105 0.00098364453)
(0.00090002972 0.0017528672 0.0012735327)
(0.00090002972 0.0015320623 0.0015320623)
(0.00090002972 0.0012735327 0.0017528672)
(0.00090002972 0.00098364453 0.0019305105)
(0.00090002972 0.0006695357 0.0020606181)
(0.00090002972 0.00033894073 0.0021399862)
(0.00090002973 0 0.0021666604)
(0.0012000405 0.0021666581 0)
(0.0012000405 0.0021399839 0.00033894036)
(0.0012000405 0.0020606159 0.00066953498)
(0.0012000405 0.0019305085 0.00098364347)
(0.0012000405 0.0017528653 0.0012735314)
(0.0012000405 0.0015320606 0.0015320606)
(0.0012000405 0.0012735314 0.0017528653)
(0.0012000405 0.00098364347 0.0019305085)
(0.0012000405 0.00066953498 0.0020606159)
(0.0012000405 0.00033894036 0.0021399839)
(0.0012000405 0 0.0021666581)
(0.0015000522 0.0021666555 0)
(0.0015000522 0.0021399813 0.00033893995)
(0.0015000522 0.0020606134 0.00066953417)
(0.0015000522 0.0019305061 0.00098364228)
(0.0015000522 0.0017528632 0.0012735298)
(0.0015000522 0.0015320588 0.0015320588)
(0.0015000522 0.0012735298 0.0017528632)
(0.0015000522 0.00098364228 0.0019305061)
(0.0015000522 0.00066953417 0.0020606134)
(0.0015000522 0.00033893995 0.0021399813)
(0.0015000522 0 0.0021666555)
(0.0018000652 0.0021666525 0)
(0.0018000652 0.0021399783 0.00033893948)
(0.0018000652 0.0020606106 0.00066953325)
(0.0018000652 0.0019305035 0.00098364092)
(0.0018000652 0.0017528608 0.0012735281)
(0.0018000652 0.0015320566 0.0015320566)
(0.0018000652 0.0012735281 0.0017528608)
(0.0018000652 0.00098364092 0.0019305035)
(0.0018000652 0.00066953325 0.0020606106)
(0.0018000652 0.00033893948 0.0021399783)
(0.0018000652 0 0.0021666525)
(0.0021000799 0.002166649 0)
(0.0021000798 0.0021399749 0.00033893894)
(0.0021000798 0.0020606073 0.00066953218)
(0.0021000798 0.0019305004 0.00098363935)
(0.0021000798 0.001752858 0.001273526)
(0.0021000798 0.0015320542 0.0015320542)
(0.0021000798 0.001273526 0.001752858)
(0.0021000798 0.00098363935 0.0019305004)
(0.0021000798 0.00066953218 0.0020606073)
(0.0021000798 0.00033893894 0.0021399749)
(0.0021000799 0 0.002166649)
(0.0024000966 0.002166645 0)
(0.0024000966 0.0021399709 0.0003389383)
(0.0024000966 0.0020606034 0.00066953092)
(0.0024000966 0.0019304968 0.0009836375)
(0.0024000966 0.0017528547 0.0012735236)
(0.0024000966 0.0015320513 0.0015320513)
(0.0024000966 0.0012735236 0.0017528547)
(0.0024000966 0.00098363749 0.0019304968)
(0.0024000966 0.00066953091 0.0020606034)
(0.0024000966 0.0003389383 0.0021399709)
(0.0024000966 0 0.002166645)
(0.002700116 0.0021666402 0)
(0.0027001159 0.0021399662 0.00033893754)
(0.0027001159 0.0020605988 0.00066952942)
(0.0027001159 0.0019304925 0.0009836353)
(0.0027001159 0.0017528508 0.0012735208)
(0.0027001159 0.0015320479 0.0015320479)
(0.0027001159 0.0012735208 0.0017528508)
(0.0027001159 0.0009836353 0.0019304925)
(0.0027001159 0.00066952942 0.0020605988)
(0.0027001159 0.00033893754 0.0021399662)
(0.002700116 0 0.0021666402)
(0.0030001384 0.0021666344 0)
(0.0030001383 0.0021399605 0.00033893664)
(0.0030001383 0.0020605934 0.00066952764)
(0.0030001383 0.0019304874 0.00098363269)
(0.0030001383 0.0017528461 0.0012735174)
(0.0030001383 0.0015320438 0.0015320438)
(0.0030001383 0.0012735174 0.0017528461)
(0.0030001383 0.00098363269 0.0019304874)
(0.0030001383 0.00066952764 0.0020605934)
(0.0030001383 0.00033893664 0.0021399605)
(0.0030001384 0 0.0021666344)
(0.0033001646 0.0021666276 0)
(0.0033001645 0.0021399537 0.00033893557)
(0.0033001645 0.0020605869 0.00066952552)
(0.0033001645 0.0019304812 0.00098362957)
(0.0033001645 0.0017528406 0.0012735134)
(0.0033001645 0.001532039 0.001532039)
(0.0033001645 0.0012735134 0.0017528406)
(0.0033001645 0.00098362957 0.0019304812)
(0.0033001645 0.00066952552 0.0020605869)
(0.0033001645 0.00033893557 0.0021399537)
(0.0033001646 0 0.0021666276)
(0.0036001953 0.0021666194 0)
(0.0036001952 0.0021399456 0.00033893428)
(0.0036001952 0.002060579 0.00066952297)
(0.0036001952 0.0019304739 0.00098362583)
(0.0036001952 0.0017528339 0.0012735085)
(0.0036001952 0.0015320332 0.0015320332)
(0.0036001952 0.0012735085 0.0017528339)
(0.0036001952 0.00098362583 0.0019304739)
(0.0036001952 0.00066952297 0.002060579)
(0.0036001952 0.00033893428 0.0021399456)
(0.0036001953 0 0.0021666194)
(0.0039002315 0.0021666095 0)
(0.0039002314 0.0021399359 0.00033893273)
(0.0039002314 0.0020605697 0.00066951991)
(0.0039002314 0.0019304651 0.00098362133)
(0.0039002314 0.0017528259 0.0012735027)
(0.0039002314 0.0015320262 0.0015320262)
(0.0039002314 0.0012735027 0.0017528259)
(0.0039002314 0.00098362133 0.0019304651)
(0.0039002314 0.00066951991 0.0020605697)
(0.0039002314 0.00033893273 0.0021399359)
(0.0039002315 0 0.0021666095)
(0.0042002741 0.0021665976 0)
(0.004200274 0.0021399242 0.00033893086)
(0.004200274 0.0020605584 0.00066951622)
(0.004200274 0.0019304546 0.00098361592)
(0.004200274 0.0017528163 0.0012734957)
(0.004200274 0.0015320178 0.0015320178)
(0.004200274 0.0012734957 0.0017528163)
(0.004200274 0.00098361592 0.0019304546)
(0.004200274 0.00066951622 0.0020605584)
(0.004200274 0.00033893086 0.0021399242)
(0.0042002741 0 0.0021665977)
(0.0045003247 0.0021665834 0)
(0.0045003246 0.0021399101 0.00033892861)
(0.0045003246 0.0020605448 0.00066951178)
(0.0045003246 0.0019304418 0.00098360941)
(0.0045003246 0.0017528048 0.0012734873)
(0.0045003246 0.0015320076 0.0015320076)
(0.0045003246 0.0012734873 0.0017528048)
(0.0045003246 0.00098360941 0.0019304418)
(0.0045003246 0.00066951178 0.0020605448)
(0.0045003246 0.00033892861 0.0021399101)
(0.0045003247 0 0.0021665834)
(0.0048003847 0.0021665662 0)
(0.0048003846 0.0021398931 0.0003389259)
(0.0048003846 0.0020605284 0.00066950643)
(0.0048003846 0.0019304265 0.00098360155)
(0.0048003846 0.0017527908 0.0012734771)
(0.0048003846 0.0015319954 0.0015319954)
(0.0048003846 0.0012734771 0.0017527908)
(0.0048003846 0.00098360154 0.0019304265)
(0.0048003846 0.00066950643 0.0020605284)
(0.0048003846 0.0003389259 0.0021398931)
(0.0048003847 0 0.0021665662)
(0.0051004564 0.0021665454 0)
(0.0051004562 0.0021398726 0.00033892262)
(0.0051004562 0.0020605087 0.00066949996)
(0.0051004563 0.0019304079 0.00098359205)
(0.0051004563 0.0017527739 0.0012734649)
(0.0051004563 0.0015319807 0.0015319807)
(0.0051004563 0.0012734648 0.001752774)
(0.0051004563 0.00098359205 0.001930408)
(0.0051004562 0.00066949996 0.0020605087)
(0.0051004562 0.00033892262 0.0021398726)
(0.0051004564 0 0.0021665454)
(0.0054005421 0.0021665203 0)
(0.005400542 0.0021398478 0.00033891865)
(0.005400542 0.0020604848 0.00066949213)
(0.005400542 0.0019303855 0.00098358056)
(0.005400542 0.0017527536 0.00127345)
(0.005400542 0.0015319628 0.0015319628)
(0.005400542 0.00127345 0.0017527536)
(0.005400542 0.00098358056 0.0019303856)
(0.005400542 0.00066949213 0.0020604848)
(0.005400542 0.00033891865 0.0021398478)
(0.0054005421 0 0.0021665203)
(0.0057006453 0.00216649 0)
(0.0057006451 0.0021398178 0.00033891385)
(0.0057006451 0.0020604559 0.00066948264)
(0.0057006451 0.0019303584 0.00098356665)
(0.0057006452 0.0017527289 0.001273432)
(0.0057006452 0.0015319412 0.0015319412)
(0.0057006452 0.001273432 0.0017527289)
(0.0057006451 0.00098356665 0.0019303584)
(0.0057006451 0.00066948264 0.0020604559)
(0.0057006451 0.00033891385 0.0021398179)
(0.0057006453 0 0.00216649)
(0.0060007698 0.0021664532 0)
(0.0060007696 0.0021397815 0.00033890801)
(0.0060007697 0.0020604209 0.00066947113)
(0.0060007697 0.0019303256 0.00098354977)
(0.0060007697 0.001752699 0.0012734102)
(0.0060007698 0.0015319151 0.0015319151)
(0.0060007697 0.0012734102 0.001752699)
(0.0060007697 0.00098354977 0.0019303256)
(0.0060007697 0.00066947113 0.0020604209)
(0.0060007696 0.00033890801 0.0021397815)
(0.0060007698 0 0.0021664532)
(0.006300921 0.0021664086 0)
(0.0063009208 0.0021397375 0.00033890092)
(0.0063009208 0.0020603784 0.00066945715)
(0.0063009209 0.0019302857 0.00098352928)
(0.0063009209 0.0017526627 0.0012733837)
(0.0063009209 0.0015318833 0.0015318833)
(0.0063009209 0.0012733837 0.0017526627)
(0.0063009209 0.00098352927 0.0019302857)
(0.0063009208 0.00066945715 0.0020603784)
(0.0063009208 0.00033890092 0.0021397375)
(0.006300921 0 0.0021664086)
(0.0066011052 0.0021663545 0)
(0.006601105 0.002139684 0.00033889229)
(0.006601105 0.0020603268 0.00066944016)
(0.0066011051 0.0019302373 0.00098350438)
(0.0066011052 0.0017526186 0.0012733516)
(0.0066011052 0.0015318447 0.0015318447)
(0.0066011052 0.0012733516 0.0017526187)
(0.0066011051 0.00098350438 0.0019302373)
(0.006601105 0.00066944016 0.0020603268)
(0.006601105 0.00033889229 0.002139684)
(0.0066011052 0 0.0021663545)
(0.0069013304 0.0021662889 0)
(0.0069013301 0.0021396192 0.0003388818)
(0.0069013302 0.0020602643 0.00066941952)
(0.0069013303 0.0019301785 0.00098347418)
(0.0069013304 0.0017525652 0.0012733126)
(0.0069013305 0.0015317979 0.0015317979)
(0.0069013304 0.0012733126 0.0017525652)
(0.0069013303 0.00098347418 0.0019301785)
(0.0069013302 0.00066941952 0.0020602643)
(0.0069013301 0.0003388818 0.0021396192)
(0.0069013304 0 0.0021662889)
(0.0072016056 0.0021662098 0)
(0.0072016054 0.002139541 0.00033886904)
(0.0072016055 0.0020601888 0.00066939453)
(0.0072016057 0.0019301076 0.00098343769)
(0.0072016058 0.0017525006 0.0012732655)
(0.0072016058 0.0015317413 0.0015317413)
(0.0072016058 0.0012732655 0.0017525006)
(0.0072016057 0.00098343768 0.0019301076)
(0.0072016055 0.00066939453 0.0020601888)
(0.0072016054 0.00033886904 0.002139541)
(0.0072016056 0 0.0021662098)
(0.0075019403 0.0021661151 0)
(0.0075019402 0.0021394473 0.00033885358)
(0.0075019403 0.0020600983 0.00066936451)
(0.0075019404 0.0019300225 0.00098339399)
(0.0075019406 0.0017524233 0.0012732091)
(0.0075019406 0.0015316736 0.0015316736)
(0.0075019406 0.0012732091 0.0017524233)
(0.0075019404 0.00098339399 0.0019300225)
(0.0075019403 0.00066936451 0.0020600983)
(0.0075019402 0.00033885358 0.0021394473)
(0.0075019403 0 0.0021661151)
(0.0078023405 0.0021660039 0)
(0.0078023405 0.0021393373 0.00033883497)
(0.0078023406 0.0020599919 0.00066932908)
(0.0078023407 0.0019299224 0.00098334269)
(0.0078023409 0.0017523322 0.001273143)
(0.007802341 0.001531594 0.001531594)
(0.0078023409 0.001273143 0.0017523322)
(0.0078023407 0.00098334269 0.0019299225)
(0.0078023406 0.00066932908 0.0020599919)
(0.0078023405 0.00033883497 0.0021393373)
(0.0078023405 0 0.002166004)
(0.0081028009 0.0021658783 0)
(0.0081028011 0.0021392128 0.00033881271)
(0.0081028012 0.0020598711 0.00066928882)
(0.0081028013 0.0019298089 0.00098328488)
(0.0081028015 0.001752229 0.0012730683)
(0.0081028016 0.001531504 0.001531504)
(0.0081028015 0.0012730683 0.001752229)
(0.0081028013 0.00098328487 0.0019298089)
(0.0081028012 0.00066928882 0.0020598712)
(0.0081028011 0.00033881271 0.0021392128)
(0.0081028009 0 0.0021658783)
(0.0084032877 0.0021657473 0)
(0.0084032883 0.0021390825 0.00033878629)
(0.0084032881 0.0020597443 0.0006692469)
(0.0084032881 0.0019296894 0.000983225)
(0.0084032884 0.0017521207 0.0012729905)
(0.0084032886 0.0015314098 0.0015314098)
(0.0084032884 0.0012729905 0.0017521207)
(0.0084032881 0.000983225 0.0019296894)
(0.0084032881 0.0006692469 0.0020597443)
(0.0084032883 0.00033878629 0.0021390825)
(0.0084032877 0 0.0021657473)
(0.0087037099 0.0021656339 0)
(0.0087037108 0.0021389688 0.00033875564)
(0.0087037102 0.0020596326 0.00066921227)
(0.0087037099 0.0019295843 0.00098317395)
(0.0087037105 0.0017520258 0.0012729231)
(0.0087037109 0.0015313276 0.0015313276)
(0.0087037105 0.0012729231 0.0017520258)
(0.0087037099 0.00098317394 0.0019295843)
(0.0087037102 0.00066921227 0.0020596326)
(0.0087037108 0.00033875564 0.0021389688)
(0.0087037099 0 0.0021656339)
(0.0090039022 0.00216558 0)
(0.0090039023 0.00213891 0.00033875949)
(0.0090039006 0.0020595722 0.00066919796)
(0.0090039 0.0019295291 0.00098314842)
(0.0090039017 0.001751976 0.0012728886)
(0.0090039022 0.0015312849 0.0015312849)
(0.0090039017 0.0012728886 0.001751976)
(0.0090039 0.00098314842 0.0019295291)
(0.0090039006 0.00066919796 0.0020595722)
(0.0090039023 0.00033875949 0.00213891)
(0.0090039022 0 0.00216558)
(0 0.0024583333 0)
(0 0.0024280691 0.00038456882)
(0 0.0023380173 0.00075966849)
(0 0.0021903952 0.0011160627)
(0 0.0019888378 0.0014449756)
(0 0.0017383083 0.0017383083)
(0 0.0014449756 0.0019888378)
(0 0.0011160627 0.0021903952)
(0 0.00075966849 0.0023380173)
(0 0.00038456882 0.0024280691)
(0 0 0.0024583333)
(0.00030001076 0.002458331 0)
(0.00030001076 0.0024280669 0.00038456846)
(0.00030001076 0.0023380151 0.00075966778)
(0.00030001076 0.0021903931 0.0011160616)
(0.00030001076 0.001988836 0.0014449743)
(0.00030001076 0.0017383067 0.0017383067)
(0.00030001076 0.0014449743 0.001988836)
(0.00030001076 0.0011160616 0.0021903931)
(0.00030001076 0.00075966778 0.0023380151)
(0.00030001076 0.00038456846 0.0024280669)
(0.00030001076 0 0.002458331)
(0.0006000216 0.0024583287 0)
(0.0006000216 0.0024280646 0.0003845681)
(0.0006000216 0.0023380129 0.00075966706)
(0.0006000216 0.0021903911 0.0011160606)
(0.0006000216 0.0019888341 0.0014449729)
(0.0006000216 0.0017383051 0.0017383051)
(0.0006000216 0.0014449729 0.0019888341)
(0.0006000216 0.0011160606 0.0021903911)
(0.0006000216 0.00075966706 0.0023380129)
(0.0006000216 0.0003845681 0.0024280646)
(0.00060002161 0 0.0024583287)
(0.00090003278 0.0024583263 0)
(0.00090003278 0.0024280622 0.00038456772)
(0.00090003278 0.0023380106 0.00075966631)
(0.00090003278 0.0021903889 0.0011160595)
(0.00090003278 0.0019888321 0.0014449715)
(0.00090003278 0.0017383033 0.0017383034)
(0.00090003278 0.0014449715 0.0019888321)
(0.00090003278 0.0011160595 0.0021903889)
(0.00090003278 0.00075966631 0.0023380106)
(0.00090003278 0.00038456772 0.0024280622)
(0.00090003278 0 0.0024583263)
(0.0012000446 0.0024583236 0)
(0.0012000446 0.0024280596 0.0003845673)
(0.0012000446 0.0023380081 0.00075966549)
(0.0012000446 0.0021903865 0.0011160583)
(0.0012000446 0.00198883 0.0014449699)
(0.0012000446 0.0017383015 0.0017383015)
(0.0012000446 0.0014449699 0.00198883)
(0.0012000446 0.0011160583 0.0021903865)
(0.0012000446 0.00075966549 0.0023380081)
(0.0012000446 0.0003845673 0.0024280596)
(0.0012000446 0 0.0024583236)
(0.0015000575 0.0024583207 0)
(0.0015000575 0.0024280566 0.00038456684)
(0.0015000575 0.0023380053 0.00075966458)
(0.0015000575 0.0021903839 0.0011160569)
(0.0015000575 0.0019888276 0.0014449682)
(0.0015000575 0.0017382994 0.0017382994)
(0.0015000575 0.0014449682 0.0019888276)
(0.0015000575 0.0011160569 0.0021903839)
(0.0015000575 0.00075966458 0.0023380053)
(0.0015000575 0.00038456684 0.0024280566)
(0.0015000575 0 0.0024583207)
(0.0018000718 0.0024583173 0)
(0.0018000718 0.0024280533 0.00038456631)
(0.0018000718 0.002338002 0.00075966353)
(0.0018000718 0.0021903809 0.0011160554)
(0.0018000718 0.0019888249 0.0014449662)
(0.0018000718 0.001738297 0.001738297)
(0.0018000718 0.0014449662 0.0019888249)
(0.0018000718 0.0011160554 0.0021903809)
(0.0018000718 0.00075966353 0.002338002)
(0.0018000718 0.00038456631 0.0024280533)
(0.0018000718 0 0.0024583173)
(0.002100088 0.0024583134 0)
(0.0021000879 0.0024280495 0.0003845657)
(0.0021000879 0.0023379983 0.00075966232)
(0.0021000879 0.0021903774 0.0011160536)
(0.0021000879 0.0019888217 0.0014449639)
(0.0021000879 0.0017382942 0.0017382942)
(0.0021000879 0.0014449639 0.0019888217)
(0.0021000879 0.0011160536 0.0021903774)
(0.0021000879 0.00075966232 0.0023379983)
(0.0021000879 0.0003845657 0.0024280495)
(0.002100088 0 0.0024583134)
(0.0024001064 0.0024583088 0)
(0.0024001063 0.0024280449 0.00038456498)
(0.0024001063 0.002337994 0.0007596609)
(0.0024001063 0.0021903733 0.0011160515)
(0.0024001063 0.001988818 0.0014449612)
(0.0024001063 0.001738291 0.001738291)
(0.0024001063 0.0014449612 0.001988818)
(0.0024001063 0.0011160515 0.0021903733)
(0.0024001063 0.0007596609 0.002337994)
(0.0024001063 0.00038456498 0.0024280449)
(0.0024001064 0 0.0024583088)
(0.0027001275 0.0024583034 0)
(0.0027001275 0.0024280396 0.00038456413)
(0.0027001275 0.0023379888 0.00075965922)
(0.0027001275 0.0021903685 0.0011160491)
(0.0027001275 0.0019888136 0.001444958)
(0.0027001275 0.0017382872 0.0017382872)
(0.0027001275 0.001444958 0.0019888136)
(0.0027001275 0.0011160491 0.0021903685)
(0.0027001275 0.00075965922 0.0023379888)
(0.0027001275 0.00038456413 0.0024280396)
(0.0027001275 0 0.0024583034)
(0.0030001521 0.002458297 0)
(0.003000152 0.0024280332 0.00038456311)
(0.003000152 0.0023379827 0.00075965722)
(0.003000152 0.0021903628 0.0011160461)
(0.003000152 0.0019888084 0.0014449542)
(0.003000152 0.0017382826 0.0017382826)
(0.003000152 0.0014449542 0.0019888084)
(0.003000152 0.0011160461 0.0021903628)
(0.003000152 0.00075965722 0.0023379827)
(0.003000152 0.00038456311 0.0024280332)
(0.0030001521 0 0.002458297)
(0.0033001806 0.0024582893 0)
(0.0033001806 0.0024280256 0.0003845619)
(0.0033001806 0.0023379754 0.00075965483)
(0.0033001806 0.0021903559 0.0011160426)
(0.0033001806 0.0019888022 0.0014449497)
(0.0033001806 0.0017382771 0.0017382771)
(0.0033001806 0.0014449497 0.0019888022)
(0.0033001806 0.0011160426 0.0021903559)
(0.0033001806 0.00075965483 0.0023379754)
(0.0033001806 0.0003845619 0.0024280256)
(0.0033001807 0 0.0024582893)
(0.0036002141 0.0024582801 0)
(0.003600214 0.0024280165 0.00038456046)
(0.003600214 0.0023379666 0.00075965197)
(0.003600214 0.0021903477 0.0011160384)
(0.003600214 0.0019887947 0.0014449443)
(0.0036002141 0.0017382706 0.0017382706)
(0.003600214 0.0014449443 0.0019887947)
(0.003600214 0.0011160384 0.0021903477)
(0.003600214 0.00075965197 0.0023379666)
(0.003600214 0.00038456046 0.0024280165)
(0.0036002141 0 0.0024582801)
(0.0039002533 0.0024582691 0)
(0.0039002532 0.0024280057 0.00038455872)
(0.0039002532 0.0023379561 0.00075964855)
(0.0039002532 0.0021903379 0.0011160334)
(0.0039002532 0.0019887858 0.0014449378)
(0.0039002532 0.0017382628 0.0017382628)
(0.0039002532 0.0014449378 0.0019887858)
(0.0039002532 0.0011160334 0.0021903379)
(0.0039002532 0.00075964855 0.0023379561)
(0.0039002532 0.00038455872 0.0024280057)
(0.0039002533 0 0.0024582691)
(0.0042002993 0.0024582559 0)
(0.0042002993 0.0024279926 0.00038455664)
(0.0042002993 0.0023379436 0.00075964443)
(0.0042002993 0.0021903261 0.0011160274)
(0.0042002993 0.001988775 0.0014449299)
(0.0042002993 0.0017382534 0.0017382534)
(0.0042002993 0.0014449299 0.001988775)
(0.0042002993 0.0011160274 0.0021903261)
(0.0042002993 0.00075964443 0.0023379436)
(0.0042002993 0.00038455664 0.0024279926)
(0.0042002993 0 0.0024582559)
(0.0045003536 0.00245824 0)
(0.0045003536 0.0024279769 0.00038455413)
(0.0045003536 0.0023379285 0.00075963949)
(0.0045003536 0.0021903119 0.0011160201)
(0.0045003536 0.0019887622 0.0014449206)
(0.0045003536 0.0017382421 0.0017382421)
(0.0045003536 0.0014449206 0.0019887622)
(0.0045003536 0.0011160201 0.0021903119)
(0.0045003536 0.00075963949 0.0023379285)
(0.0045003536 0.00038455413 0.0024279769)
(0.0045003536 0 0.00245824)
(0.0048004178 0.0024582209 0)
(0.0048004177 0.0024279581 0.00038455112)
(0.0048004178 0.0023379103 0.00075963355)
(0.0048004178 0.0021902949 0.0011160114)
(0.0048004178 0.0019887467 0.0014449093)
(0.0048004178 0.0017382286 0.0017382286)
(0.0048004178 0.0014449093 0.0019887467)
(0.0048004178 0.0011160114 0.0021902949)
(0.0048004178 0.00075963355 0.0023379103)
(0.0048004177 0.00038455112 0.0024279581)
(0.0048004178 0 0.0024582209)
(0.0051004937 0.002458198 0)
(0.0051004937 0.0024279355 0.0003845475)
(0.0051004937 0.0023378885 0.0007596264)
(0.0051004937 0.0021902744 0.0011160009)
(0.0051004937 0.0019887281 0.0014448957)
(0.0051004938 0.0017382123 0.0017382123)
(0.0051004937 0.0014448957 0.0019887281)
(0.0051004937 0.0011160009 0.0021902744)
(0.0051004937 0.0007596264 0.0023378885)
(0.0051004937 0.0003845475 0.0024279355)
(0.0051004937 0 0.002458198)
(0.0054005838 0.0024581705 0)
(0.0054005838 0.0024279083 0.00038454314)
(0.0054005838 0.0023378623 0.00075961779)
(0.0054005839 0.0021902498 0.0011159883)
(0.0054005839 0.0019887057 0.0014448794)
(0.0054005839 0.0017381927 0.0017381927)
(0.0054005839 0.0014448794 0.0019887057)
(0.0054005838 0.0011159883 0.0021902498)
(0.0054005838 0.00075961779 0.0023378623)
(0.0054005838 0.00038454314 0.0024279083)
(0.0054005838 0 0.0024581705)
(0.005700691 0.0024581374 0)
(0.005700691 0.0024278756 0.00038453788)
(0.005700691 0.0023378308 0.00075960742)
(0.0057006911 0.0021902202 0.0011159731)
(0.0057006911 0.0019886788 0.0014448598)
(0.0057006911 0.0017381691 0.0017381691)
(0.0057006911 0.0014448598 0.0019886788)
(0.0057006911 0.0011159731 0.0021902202)
(0.005700691 0.00075960742 0.0023378308)
(0.005700691 0.00038453788 0.0024278756)
(0.005700691 0 0.0024581374)
(0.0060008188 0.0024580976 0)
(0.0060008188 0.0024278363 0.00038453155)
(0.0060008188 0.0023377928 0.00075959493)
(0.0060008189 0.0021901846 0.0011159547)
(0.006000819 0.0019886464 0.0014448361)
(0.006000819 0.0017381407 0.0017381407)
(0.006000819 0.0014448361 0.0019886464)
(0.0060008189 0.0011159547 0.0021901846)
(0.0060008188 0.00075959493 0.0023377928)
(0.0060008188 0.00038453155 0.0024278363)
(0.0060008188 0 0.0024580976)
(0.0063009714 0.0024580497 0)
(0.0063009714 0.002427789 0.00038452391)
(0.0063009715 0.0023377472 0.00075957988)
(0.0063009716 0.0021901418 0.0011159327)
(0.0063009717 0.0019886073 0.0014448076)
(0.0063009717 0.0017381065 0.0017381065)
(0.0063009717 0.0014448076 0.0019886074)
(0.0063009716 0.0011159327 0.0021901418)
(0.0063009715 0.00075957988 0.0023377472)
(0.0063009714 0.00038452391 0.002427789)
(0.0063009714 0 0.0024580498)
(0.0066011539 0.0024579923 0)
(0.0066011539 0.0024277322 0.00038451471)
(0.006601154 0.0023376924 0.00075956178)
(0.0066011541 0.0021900903 0.0011159062)
(0.0066011542 0.0019885605 0.0014447734)
(0.0066011542 0.0017380655 0.0017380655)
(0.0066011542 0.0014447734 0.0019885605)
(0.0066011541 0.0011159062 0.0021900903)
(0.006601154 0.00075956178 0.0023376924)
(0.0066011539 0.00038451471 0.0024277322)
(0.0066011538 0 0.0024579923)
(0.0069013715 0.0024579236 0)
(0.0069013716 0.0024276643 0.00038450365)
(0.0069013717 0.0023376268 0.00075954006)
(0.0069013719 0.0021900287 0.0011158744)
(0.0069013721 0.0019885044 0.0014447324)
(0.0069013721 0.0017380163 0.0017380163)
(0.0069013721 0.0014447324 0.0019885044)
(0.0069013719 0.0011158744 0.0021900287)
(0.0069013717 0.00075954006 0.0023376268)
(0.0069013716 0.00038450365 0.0024276643)
(0.0069013715 0 0.0024579237)
(0.0072016299 0.0024578421 0)
(0.00720163 0.0024275837 0.0003844904)
(0.0072016302 0.0023375489 0.00075951418)
(0.0072016305 0.0021899554 0.0011158367)
(0.0072016307 0.0019884376 0.0014446837)
(0.0072016307 0.0017379578 0.0017379578)
(0.0072016307 0.0014446837 0.0019884376)
(0.0072016305 0.0011158367 0.0021899554)
(0.0072016302 0.00075951417 0.0023375489)
(0.00720163 0.0003844904 0.0024275837)
(0.0072016299 0 0.0024578421)
(0.0075019327 0.0024577466 0)
(0.007501933 0.0024274891 0.00038447463)
(0.0075019332 0.0023374574 0.0007594837)
(0.0075019335 0.0021898693 0.0011157924)
(0.0075019338 0.0019883592 0.0014446266)
(0.0075019338 0.0017378892 0.0017378892)
(0.0075019337 0.0014446266 0.0019883592)
(0.0075019335 0.0011157924 0.0021898693)
(0.0075019332 0.0007594837 0.0023374574)
(0.007501933 0.00038447463 0.0024274891)
(0.0075019327 0 0.0024577467)
(0.0078022788 0.0024576375 0)
(0.0078022792 0.0024273809 0.00038445608)
(0.0078022795 0.0023373525 0.00075944866)
(0.0078022799 0.0021897704 0.0011157417)
(0.0078022802 0.0019882692 0.0014445612)
(0.0078022803 0.0017378105 0.0017378105)
(0.0078022802 0.0014445612 0.0019882692)
(0.0078022799 0.0011157417 0.0021897704)
(0.0078022795 0.00075944866 0.0023373525)
(0.0078022792 0.00038445608 0.002427381)
(0.0078022788 0 0.0024576375)
(0.008102656 0.0024575181 0)
(0.0081026566 0.0024272624 0.00038443455)
(0.0081026569 0.0023372372 0.00075941012)
(0.0081026574 0.0021896616 0.0011156862)
(0.0081026578 0.0019881702 0.0014444895)
(0.008102658 0.0017377241 0.0017377241)
(0.0081026578 0.0014444895 0.0019881703)
(0.0081026573 0.0011156862 0.0021896616)
(0.0081026569 0.00075941012 0.0023372372)
(0.0081026566 0.00038443455 0.0024272624)
(0.008102656 0 0.0024575181)
(0.0084030317 0.002457398 0)
(0.0084030325 0.0024271425 0.00038440998)
(0.0084030326 0.0023371198 0.00075937148)
(0.0084030332 0.0021895508 0.0011156306)
(0.0084030339 0.0019880696 0.0014444171)
(0.0084030342 0.0017376365 0.0017376365)
(0.0084030339 0.0014444171 0.0019880696)
(0.0084030332 0.0011156306 0.0021895508)
(0.0084030326 0.00075937148 0.0023371198)
(0.0084030325 0.00038440997 0.0024271425)
(0.0084030317 0 0.002457398)
(0.0087033412 0.0024572969 0)
(0.008703342 0.0024270406 0.0003843831)
(0.0087033419 0.0023370187 0.00075934041)
(0.0087033426 0.0021894552 0.0011155841)
(0.0087033437 0.0019879831 0.0014443556)
(0.0087033443 0.0017375615 0.0017375615)
(0.0087033437 0.0014443556 0.0019879831)
(0.0087033426 0.0011155841 0.0021894552)
(0.0087033419 0.00075934041 0.0023370187)
(0.008703342 0.00038438309 0.0024270406)
(0.0087033412 0 0.0024572969)
(0.0090034801 0.0024572482 0)
(0.0090034793 0.0024269858 0.00038438922)
(0.0090034784 0.0023369609 0.00075932614)
(0.0090034795 0.0021894025 0.0011155596)
(0.0090034816 0.0019879357 0.0014443224)
(0.0090034823 0.0017375207 0.0017375207)
(0.0090034816 0.0014443224 0.0019879357)
(0.0090034795 0.0011155596 0.0021894025)
(0.0090034784 0.00075932614 0.0023369609)
(0.0090034793 0.00038438922 0.0024269858)
(0.0090034801 0 0.0024572482)
(0 0.00275 0)
(0 0.0027161459 0.00043019594)
(0 0.0026154105 0.00084979934)
(0 0.0024502742 0.001248478)
(0 0.0022248034 0.0016164149)
(0 0.00194455 0.00194455)
(0 0.0016164149 0.0022248034)
(0 0.001248478 0.0024502742)
(0 0.00084979934 0.0026154105)
(0 0.00043019594 0.0027161459)
(0 0 0.00275)
(0.00030001133 0.0027499975 0)
(0.00030001133 0.0027161435 0.00043019555)
(0.00030001133 0.0026154082 0.00084979858)
(0.00030001133 0.002450272 0.0012484769)
(0.00030001133 0.0022248014 0.0016164134)
(0.00030001133 0.0019445483 0.0019445483)
(0.00030001133 0.0016164134 0.0022248014)
(0.00030001133 0.0012484769 0.002450272)
(0.00030001133 0.00084979858 0.0026154082)
(0.00030001133 0.00043019555 0.0027161435)
(0.00030001133 0 0.0027499975)
(0.00060002275 0.002749995 0)
(0.00060002275 0.002716141 0.00043019516)
(0.00060002275 0.0026154058 0.00084979781)
(0.00060002275 0.0024502698 0.0012484757)
(0.00060002275 0.0022247994 0.001616412)
(0.00060002275 0.0019445465 0.0019445465)
(0.00060002275 0.001616412 0.0022247994)
(0.00060002275 0.0012484757 0.0024502698)
(0.00060002275 0.00084979781 0.0026154058)
(0.00060002275 0.00043019516 0.002716141)
(0.00060002275 0 0.002749995)
(0.00090003451 0.0027499924 0)
(0.00090003451 0.0027161384 0.00043019475)
(0.00090003451 0.0026154033 0.000849797)
(0.00090003451 0.0024502675 0.0012484745)
(0.00090003451 0.0022247973 0.0016164104)
(0.00090003451 0.0019445446 0.0019445446)
(0.00090003451 0.0016164104 0.0022247973)
(0.00090003451 0.0012484745 0.0024502675)
(0.00090003451 0.000849797 0.0026154033)
(0.00090003451 0.00043019475 0.0027161384)
(0.00090003451 0 0.0027499924)
(0.001200047 0.0027499896 0)
(0.001200047 0.0027161356 0.0004301943)
(0.001200047 0.0026154006 0.00084979611)
(0.001200047 0.0024502649 0.0012484732)
(0.001200047 0.002224795 0.0016164087)
(0.001200047 0.0019445426 0.0019445426)
(0.001200047 0.0016164087 0.002224795)
(0.001200047 0.0012484732 0.0024502649)
(0.001200047 0.00084979611 0.0026154006)
(0.001200047 0.0004301943 0.0027161356)
(0.001200047 0 0.0027499896)
(0.0015000605 0.0027499864 0)
(0.0015000605 0.0027161325 0.0004301938)
(0.0015000605 0.0026153976 0.00084979513)
(0.0015000605 0.0024502621 0.0012484718)
(0.0015000605 0.0022247924 0.0016164069)
(0.0015000605 0.0019445404 0.0019445404)
(0.0015000605 0.0016164069 0.0022247924)
(0.0015000605 0.0012484718 0.0024502621)
(0.0015000605 0.00084979513 0.0026153976)
(0.0015000605 0.0004301938 0.0027161325)
(0.0015000605 0 0.0027499864)
(0.0018000755 0.0027499828 0)
(0.0018000755 0.0027161289 0.00043019324)
(0.0018000755 0.0026153941 0.00084979401)
(0.0018000755 0.0024502589 0.0012484701)
(0.0018000755 0.0022247895 0.0016164047)
(0.0018000755 0.0019445378 0.0019445378)
(0.0018000755 0.0016164047 0.0022247895)
(0.0018000755 0.0012484701 0.0024502589)
(0.0018000755 0.00084979401 0.0026153941)
(0.0018000755 0.00043019324 0.0027161289)
(0.0018000755 0 0.0027499828)
(0.0021000925 0.0027499786 0)
(0.0021000924 0.0027161248 0.00043019258)
(0.0021000924 0.0026153901 0.00084979271)
(0.0021000924 0.0024502551 0.0012484682)
(0.0021000925 0.0022247861 0.0016164023)
(0.0021000925 0.0019445348 0.0019445348)
(0.0021000925 0.0016164023 0.0022247861)
(0.0021000925 0.0012484682 0.0024502551)
(0.0021000924 0.00084979271 0.0026153901)
(0.0021000924 0.00043019258 0.0027161248)
(0.0021000925 0 0.0027499786)
(0.0024001117 0.0027499737 0)
(0.0024001117 0.0027161199 0.0004301918)
(0.0024001117 0.0026153854 0.00084979118)
(0.0024001117 0.0024502508 0.001248466)
(0.0024001117 0.0022247821 0.0016163994)
(0.0024001117 0.0019445313 0.0019445313)
(0.0024001117 0.0016163994 0.0022247821)
(0.0024001117 0.001248466 0.0024502508)
(0.0024001117 0.00084979118 0.0026153854)
(0.0024001117 0.0004301918 0.0027161199)
(0.0024001117 0 0.0027499737)
(0.0027001338 0.0027499678 0)
(0.0027001338 0.0027161142 0.00043019089)
(0.0027001338 0.0026153799 0.00084978938)
(0.0027001338 0.0024502456 0.0012484633)
(0.0027001338 0.0022247774 0.0016163959)
(0.0027001338 0.0019445272 0.0019445272)
(0.0027001338 0.0016163959 0.0022247774)
(0.0027001338 0.0012484633 0.0024502456)
(0.0027001338 0.00084978938 0.0026153799)
(0.0027001338 0.00043019089 0.0027161142)
(0.0027001338 0 0.0027499678)
(0.0030001594 0.0027499609 0)
(0.0030001594 0.0027161073 0.0004301898)
(0.0030001594 0.0026153733 0.00084978723)
(0.0030001594 0.0024502394 0.0012484602)
(0.0030001594 0.0022247718 0.0016163919)
(0.0030001594 0.0019445223 0.0019445223)
(0.0030001594 0.0016163919 0.0022247718)
(0.0030001594 0.0012484602 0.0024502394)
(0.0030001594 0.00084978723 0.0026153733)
(0.0030001594 0.0004301898 0.0027161073)
(0.0030001594 0 0.0027499609)
(0.0033001891 0.0027499527 0)
(0.0033001891 0.0027160992 0.00043018851)
(0.0033001891 0.0026153655 0.00084978468)
(0.0033001891 0.0024502321 0.0012484564)
(0.0033001892 0.0022247651 0.001616387)
(0.0033001892 0.0019445165 0.0019445165)
(0.0033001892 0.001616387 0.0022247651)
(0.0033001892 0.0012484564 0.0024502321)
(0.0033001891 0.00084978468 0.0026153655)
(0.0033001891 0.00043018851 0.0027160992)
(0.0033001892 0 0.0027499527)
(0.0036002238 0.0027499429 0)
(0.0036002238 0.0027160895 0.00043018696)
(0.0036002238 0.0026153562 0.00084978162)
(0.0036002238 0.0024502233 0.001248452)
(0.0036002238 0.0022247572 0.0016163812)
(0.0036002238 0.0019445095 0.0019445095)
(0.0036002238 0.0016163812 0.0022247572)
(0.0036002238 0.001248452 0.0024502233)
(0.0036002238 0.00084978162 0.0026153562)
(0.0036002238 0.00043018696 0.0027160895)
(0.0036002238 0 0.0027499429)
(0.0039002643 0.0027499312 0)
(0.0039002642 0.0027160779 0.00043018511)
(0.0039002643 0.002615345 0.00084977797)
(0.0039002643 0.0024502129 0.0012484466)
(0.0039002643 0.0022247476 0.0016163743)
(0.0039002643 0.0019445012 0.0019445012)
(0.0039002643 0.0016163743 0.0022247476)
(0.0039002643 0.0012484466 0.0024502129)
(0.0039002643 0.00084977797 0.002615345)
(0.0039002642 0.00043018511 0.0027160779)
(0.0039002643 0 0.0027499312)
(0.0042003116 0.0027499172 0)
(0.0042003116 0.0027160641 0.0004301829)
(0.0042003116 0.0026153317 0.0008497736)
(0.0042003116 0.0024502003 0.0012484402)
(0.0042003116 0.0022247363 0.001616366)
(0.0042003116 0.0019444912 0.0019444912)
(0.0042003116 0.001616366 0.0022247363)
(0.0042003116 0.0012484402 0.0024502003)
(0.0042003116 0.0008497736 0.0026153317)
(0.0042003116 0.0004301829 0.0027160641)
(0.0042003116 0 0.0027499172)
(0.0045003671 0.0027499004 0)
(0.0045003671 0.0027160475 0.00043018025)
(0.0045003671 0.0026153157 0.00084976837)
(0.0045003671 0.0024501853 0.0012484325)
(0.0045003671 0.0022247226 0.0016163561)
(0.0045003671 0.0019444793 0.0019444793)
(0.0045003671 0.001616356 0.0022247226)
(0.0045003671 0.0012484325 0.0024501854)
(0.0045003671 0.00084976837 0.0026153157)
(0.0045003671 0.00043018025 0.0027160475)
(0.0045003671 0 0.0027499004)
(0.0048004322 0.0027498803 0)
(0.0048004322 0.0027160277 0.00043017707)
(0.0048004322 0.0026152966 0.0008497621)
(0.0048004322 0.0024501674 0.0012484233)
(0.0048004322 0.0022247063 0.0016163442)
(0.0048004322 0.001944465 0.001944465)
(0.0048004322 0.0016163442 0.0022247063)
(0.0048004322 0.0012484233 0.0024501674)
(0.0048004322 0.0008497621 0.0026152966)
(0.0048004322 0.00043017707 0.0027160277)
(0.0048004322 0 0.0027498803)
(0.0051005086 0.0027498563 0)
(0.0051005086 0.002716004 0.00043017327)
(0.0051005086 0.0026152737 0.00084975459)
(0.0051005086 0.002450146 0.0012484123)
(0.0051005087 0.0022246868 0.0016163299)
(0.0051005087 0.0019444479 0.0019444479)
(0.0051005087 0.0016163299 0.0022246868)
(0.0051005086 0.0012484123 0.002450146)
(0.0051005086 0.00084975459 0.0026152737)
(0.0051005086 0.00043017327 0.002716004)
(0.0051005085 0 0.0027498563)
(0.0054005983 0.0027498276 0)
(0.0054005983 0.0027159756 0.00043016871)
(0.0054005983 0.0026152464 0.00084974561)
(0.0054005984 0.0024501203 0.0012483991)
(0.0054005984 0.0022246635 0.0016163129)
(0.0054005985 0.0019444275 0.0019444275)
(0.0054005984 0.0016163129 0.0022246635)
(0.0054005984 0.0012483991 0.0024501203)
(0.0054005983 0.0008497456 0.0026152464)
(0.0054005983 0.00043016871 0.0027159757)
(0.0054005983 0 0.0027498277)
(0.0057007037 0.0027497934 0)
(0.0057007038 0.0027159418 0.00043016326)
(0.0057007038 0.0026152138 0.00084973485)
(0.0057007039 0.0024500897 0.0012483834)
(0.0057007039 0.0022246356 0.0016162925)
(0.005700704 0.001944403 0.0019444031)
(0.0057007039 0.0016162925 0.0022246356)
(0.0057007039 0.0012483834 0.0024500897)
(0.0057007038 0.00084973485 0.0026152138)
(0.0057007038 0.00043016326 0.0027159418)
(0.0057007037 0 0.0027497934)
(0.0060008276 0.0027497525 0)
(0.0060008276 0.0027159014 0.00043015674)
(0.0060008277 0.0026151748 0.00084972199)
(0.0060008278 0.0024500531 0.0012483645)
(0.0060008279 0.0022246022 0.0016162682)
(0.0060008279 0.0019443738 0.0019443739)
(0.0060008279 0.0016162682 0.0022246022)
(0.0060008278 0.0012483645 0.0024500531)
(0.0060008277 0.00084972199 0.0026151748)
(0.0060008276 0.00043015673 0.0027159014)
(0.0060008276 0 0.0027497525)
(0.006300973 0.0027497039 0)
(0.006300973 0.0027158533 0.00043014894)
(0.0063009732 0.0026151284 0.00084970664)
(0.0063009733 0.0024500094 0.001248342)
(0.0063009734 0.0022245625 0.0016162392)
(0.0063009734 0.001944339 0.001944339)
(0.0063009734 0.0016162392 0.0022245625)
(0.0063009733 0.001248342 0.0024500094)
(0.0063009731 0.00084970664 0.0026151284)
(0.006300973 0.00043014894 0.0027158533)
(0.0063009729 0 0.0027497039)
(0.0066011431 0.0027496461 0)
(0.0066011432 0.0027157962 0.00043013964)
(0.0066011434 0.0026150732 0.00084968836)
(0.0066011435 0.0024499576 0.0012483153)
(0.0066011437 0.0022245153 0.0016162047)
(0.0066011438 0.0019442976 0.0019442976)
(0.0066011437 0.0016162047 0.0022245153)
(0.0066011435 0.0012483153 0.0024499576)
(0.0066011434 0.00084968836 0.0026150732)
(0.0066011432 0.00043013964 0.0027157962)
(0.0066011431 0 0.0027496461)
(0.0069013411 0.0027495779 0)
(0.0069013413 0.0027157287 0.00043012857)
(0.0069013415 0.002615008 0.00084966667)
(0.0069013418 0.0024498962 0.0012482836)
(0.006901342 0.0022244593 0.0016161638)
(0.006901342 0.0019442486 0.0019442486)
(0.006901342 0.0016161638 0.0022244593)
(0.0069013418 0.0012482836 0.0024498962)
(0.0069013415 0.00084966667 0.002615008)
(0.0069013413 0.00043012857 0.0027157287)
(0.0069013411 0 0.0027495779)
(0.0072015693 0.002749498 0)
(0.0072015697 0.0027156496 0.00043011547)
(0.0072015699 0.0026149314 0.00084964116)
(0.0072015703 0.0024498241 0.0012482464)
(0.0072015706 0.0022243937 0.0016161159)
(0.0072015707 0.0019441911 0.0019441911)
(0.0072015706 0.0016161159 0.0022243937)
(0.0072015703 0.0012482464 0.0024498241)
(0.0072015699 0.00084964115 0.0026149314)
(0.0072015696 0.00043011547 0.0027156496)
(0.0072015693 0 0.002749498)
(0.007501828 0.0027494058 0)
(0.0075018285 0.0027155583 0.00043010006)
(0.0075018288 0.0026148429 0.00084961152)
(0.0075018293 0.0024497407 0.0012482034)
(0.0075018297 0.0022243176 0.0016160604)
(0.0075018298 0.0019441244 0.0019441244)
(0.0075018297 0.0016160604 0.0022243176)
(0.0075018293 0.0012482034 0.0024497407)
(0.0075018288 0.00084961152 0.0026148429)
(0.0075018284 0.00043010006 0.0027155583)
(0.007501828 0 0.0027494058)
(0.0078021127 0.002749302 0)
(0.0078021133 0.0027154552 0.00043008214)
(0.0078021138 0.0026147427 0.00084957791)
(0.0078021144 0.0024496461 0.0012481548)
(0.0078021149 0.0022242314 0.0016159977)
(0.0078021151 0.001944049 0.001944049)
(0.0078021149 0.0016159977 0.0022242314)
(0.0078021144 0.0012481548 0.0024496461)
(0.0078021138 0.00084957791 0.0026147427)
(0.0078021133 0.00043008214 0.0027154552)
(0.0078021127 0 0.002749302)
(0.0081024111 0.0027491899 0)
(0.0081024118 0.0027153437 0.00043006157)
(0.0081024124 0.0026146338 0.00084954142)
(0.0081024132 0.0024495432 0.0012481022)
(0.0081024139 0.0022241377 0.0016159297)
(0.0081024142 0.0019439671 0.0019439671)
(0.0081024139 0.0016159297 0.0022241377)
(0.0081024132 0.0012481022 0.0024495432)
(0.0081024124 0.00084954142 0.0026146338)
(0.0081024118 0.00043006157 0.0027153437)
(0.0081024111 0 0.00274919)
(0.0084026975 0.002749078 0)
(0.0084026984 0.0027152317 0.00043003844)
(0.008402699 0.0026145236 0.00084950507)
(0.0084027001 0.0024494387 0.0012480496)
(0.0084027011 0.0022240427 0.0016158612)
(0.0084027015 0.0019438843 0.0019438843)
(0.0084027011 0.0016158612 0.0022240427)
(0.0084027001 0.0012480496 0.0024494387)
(0.008402699 0.00084950507 0.0026145236)
(0.0084026984 0.00043003844 0.0027152317)
(0.0084026975 0 0.002749078)
(0.0087029285 0.0027489832 0)
(0.0087029293 0.0027151358 0.00043001393)
(0.0087029298 0.0026144278 0.00084947543)
(0.0087029313 0.0024493478 0.0012480048)
(0.0087029328 0.0022239603 0.0016158023)
(0.0087029334 0.0019438127 0.0019438127)
(0.0087029328 0.0016158023 0.0022239603)
(0.0087029313 0.0012480048 0.0024493478)
(0.0087029298 0.00084947543 0.0026144278)
(0.0087029293 0.00043001393 0.0027151358)
(0.0087029285 0 0.0027489832)
(0.009003032 0.0027489365 0)
(0.0090030312 0.0027150822 0.00043002105)
(0.0090030313 0.0026143704 0.00084946013)
(0.0090030336 0.0024492955 0.00124798)
(0.0090030357 0.0022239131 0.0016157689)
(0.0090030365 0.001943772 0.001943772)
(0.0090030357 0.0016157689 0.0022239131)
(0.0090030336 0.00124798 0.0024492955)
(0.0090030313 0.00084946012 0.0026143704)
(0.0090030312 0.00043002105 0.0027150822)
(0.009003032 0 0.0027489365)
(0 0.0030416667 0)
(0 0.0030042227 0.00047582306)
(0 0.0028928037 0.0009399302)
(0 0.0027101533 0.0013808933)
(0 0.002460769 0.0017878541)
(0 0.0021507917 0.0021507917)
(0 0.0017878541 0.002460769)
(0 0.0013808933 0.0027101533)
(0 0.0009399302 0.0028928037)
(0 0.00047582306 0.0030042227)
(0 0 0.0030416667)
(0.00030001151 0.0030416641 0)
(0.00030001151 0.0030042202 0.00047582265)
(0.00030001151 0.0028928013 0.00093992941)
(0.00030001151 0.002710151 0.0013808921)
(0.00030001151 0.002460767 0.0017878526)
(0.00030001151 0.0021507899 0.0021507899)
(0.00030001151 0.0017878526 0.002460767)
(0.00030001151 0.0013808921 0.002710151)
(0.00030001151 0.00093992941 0.0028928013)
(0.00030001151 0.00047582265 0.0030042202)
(0.00030001151 0 0.0030416641)
(0.00060002309 0.0030416615 0)
(0.00060002309 0.0030042176 0.00047582225)
(0.00060002309 0.0028927988 0.00093992861)
(0.00060002309 0.0027101487 0.001380891)
(0.00060002309 0.0024607649 0.0017878511)
(0.00060002309 0.002150788 0.002150788)
(0.00060002309 0.0017878511 0.0024607649)
(0.00060002309 0.001380891 0.0027101487)
(0.00060002309 0.00093992861 0.0028927988)
(0.00060002309 0.00047582225 0.0030042176)
(0.00060002309 0 0.0030416615)
(0.00090003503 0.0030416588 0)
(0.00090003503 0.0030042149 0.00047582182)
(0.00090003503 0.0028927963 0.00093992776)
(0.00090003503 0.0027101463 0.0013808897)
(0.00090003503 0.0024607626 0.0017878495)
(0.00090003503 0.0021507861 0.0021507861)
(0.00090003503 0.0017878495 0.0024607626)
(0.00090003503 0.0013808897 0.0027101463)
(0.00090003503 0.00093992776 0.0028927963)
(0.00090003503 0.00047582182 0.0030042149)
(0.00090003503 0 0.0030416588)
(0.0012000477 0.0030416558 0)
(0.0012000477 0.003004212 0.00047582136)
(0.0012000477 0.0028927934 0.00093992685)
(0.0012000477 0.0027101437 0.0013808884)
(0.0012000477 0.0024607603 0.0017878477)
(0.0012000477 0.002150784 0.002150784)
(0.0012000477 0.0017878477 0.0024607603)
(0.0012000477 0.0013808884 0.0027101437)
(0.0012000477 0.00093992685 0.0028927934)
(0.0012000477 0.00047582136 0.003004212)
(0.0012000477 0 0.0030416559)
(0.0015000614 0.0030416526 0)
(0.0015000614 0.0030042088 0.00047582084)
(0.0015000614 0.0028927903 0.00093992583)
(0.0015000614 0.0027101407 0.0013808869)
(0.0015000614 0.0024607576 0.0017878458)
(0.0015000614 0.0021507817 0.0021507817)
(0.0015000614 0.0017878458 0.0024607576)
(0.0015000614 0.0013808869 0.0027101407)
(0.0015000614 0.00093992583 0.0028927903)
(0.0015000614 0.00047582084 0.0030042088)
(0.0015000614 0 0.0030416526)
(0.0018000766 0.0030416488 0)
(0.0018000766 0.0030042051 0.00047582025)
(0.0018000766 0.0028927868 0.00093992467)
(0.0018000766 0.0027101374 0.0013808852)
(0.0018000766 0.0024607546 0.0017878436)
(0.0018000766 0.002150779 0.002150779)
(0.0018000766 0.0017878436 0.0024607546)
(0.0018000766 0.0013808852 0.0027101374)
(0.0018000766 0.00093992467 0.0028927868)
(0.0018000766 0.00047582025 0.0030042051)
(0.0018000766 0 0.0030416488)
(0.0021000937 0.0030416445 0)
(0.0021000937 0.0030042008 0.00047581957)
(0.0021000937 0.0028927826 0.00093992332)
(0.0021000937 0.0027101335 0.0013808832)
(0.0021000937 0.002460751 0.001787841)
(0.0021000937 0.0021507759 0.0021507759)
(0.0021000937 0.001787841 0.002460751)
(0.0021000937 0.0013808832 0.0027101335)
(0.0021000937 0.00093992332 0.0028927826)
(0.0021000937 0.00047581957 0.0030042008)
(0.0021000937 0 0.0030416445)
(0.0024001131 0.0030416394 0)
(0.0024001131 0.0030041958 0.00047581877)
(0.0024001131 0.0028927778 0.00093992174)
(0.0024001131 0.002710129 0.0013808809)
(0.0024001131 0.0024607469 0.001787838)
(0.0024001131 0.0021507723 0.0021507723)
(0.0024001131 0.001787838 0.0024607469)
(0.0024001131 0.0013808809 0.002710129)
(0.0024001131 0.00093992174 0.0028927778)
(0.0024001131 0.00047581877 0.0030041958)
(0.0024001131 0 0.0030416394)
(0.0027001354 0.0030416334 0)
(0.0027001354 0.0030041898 0.00047581783)
(0.0027001354 0.0028927721 0.00093991988)
(0.0027001354 0.0027101236 0.0013808781)
(0.0027001354 0.0024607421 0.0017878345)
(0.0027001354 0.0021507681 0.0021507681)
(0.0027001354 0.0017878345 0.0024607421)
(0.0027001354 0.0013808781 0.0027101236)
(0.0027001354 0.00093991988 0.0028927721)
(0.0027001354 0.00047581783 0.0030041898)
(0.0027001354 0 0.0030416334)
(0.0030001611 0.0030416263 0)
(0.0030001611 0.0030041828 0.00047581671)
(0.0030001611 0.0028927653 0.00093991767)
(0.0030001611 0.0027101173 0.0013808749)
(0.0030001611 0.0024607363 0.0017878303)
(0.0030001611 0.002150763 0.002150763)
(0.0030001611 0.0017878303 0.0024607363)
(0.0030001611 0.0013808749 0.0027101173)
(0.0030001611 0.00093991767 0.0028927653)
(0.0030001611 0.00047581671 0.0030041828)
(0.0030001611 0 0.0030416263)
(0.0033001909 0.0030416178 0)
(0.0033001909 0.0030041745 0.00047581538)
(0.0033001909 0.0028927573 0.00093991504)
(0.0033001909 0.0027101098 0.001380871)
(0.0033001909 0.0024607294 0.0017878253)
(0.0033001909 0.002150757 0.002150757)
(0.0033001909 0.0017878253 0.0024607294)
(0.0033001909 0.001380871 0.0027101098)
(0.0033001909 0.00093991504 0.0028927573)
(0.0033001909 0.00047581538 0.0030041745)
(0.0033001909 0 0.0030416178)
(0.0036002254 0.0030416078 0)
(0.0036002255 0.0030041645 0.00047581379)
(0.0036002255 0.0028927477 0.0009399119)
(0.0036002255 0.0027101008 0.0013808664)
(0.0036002255 0.0024607213 0.0017878194)
(0.0036002255 0.0021507499 0.0021507499)
(0.0036002255 0.0017878194 0.0024607213)
(0.0036002255 0.0013808664 0.0027101008)
(0.0036002255 0.0009399119 0.0028927477)
(0.0036002255 0.00047581379 0.0030041645)
(0.0036002254 0 0.0030416078)
(0.0039002657 0.0030415958 0)
(0.0039002657 0.0030041527 0.00047581189)
(0.0039002657 0.0028927363 0.00093990816)
(0.0039002657 0.00271009 0.0013808609)
(0.0039002657 0.0024607115 0.0017878123)
(0.0039002657 0.0021507414 0.0021507414)
(0.0039002657 0.0017878123 0.0024607115)
(0.0039002657 0.0013808609 0.0027100901)
(0.0039002657 0.00093990816 0.0028927363)
(0.0039002657 0.00047581189 0.0030041527)
(0.0039002657 0 0.0030415958)
(0.0042003125 0.0030415814 0)
(0.0042003125 0.0030041385 0.00047580963)
(0.0042003125 0.0028927226 0.0009399037)
(0.0042003125 0.0027100773 0.0013808544)
(0.0042003125 0.0024606999 0.0017878038)
(0.0042003125 0.0021507312 0.0021507312)
(0.0042003125 0.0017878038 0.0024606999)
(0.0042003125 0.0013808544 0.0027100773)
(0.0042003125 0.0009399037 0.0028927226)
(0.0042003125 0.00047580963 0.0030041385)
(0.0042003125 0 0.0030415815)
(0.004500367 0.0030415644 0)
(0.004500367 0.0030041217 0.00047580693)
(0.004500367 0.0028927064 0.00093989837)
(0.004500367 0.002710062 0.0013808466)
(0.0045003671 0.002460686 0.0017877937)
(0.0045003671 0.0021507191 0.0021507191)
(0.0045003671 0.0017877937 0.002460686)
(0.004500367 0.0013808466 0.002710062)
(0.004500367 0.00093989837 0.0028927064)
(0.004500367 0.00047580693 0.0030041217)
(0.004500367 0 0.0030415644)
(0.0048004304 0.0030415441 0)
(0.0048004304 0.0030041016 0.00047580371)
(0.0048004305 0.002892687 0.00093989202)
(0.0048004305 0.0027100439 0.0013808373)
(0.0048004305 0.0024606695 0.0017877816)
(0.0048004305 0.0021507046 0.0021507046)
(0.0048004305 0.0017877816 0.0024606695)
(0.0048004305 0.0013808373 0.0027100439)
(0.0048004305 0.00093989202 0.0028926871)
(0.0048004304 0.00047580371 0.0030041016)
(0.0048004304 0 0.0030415441)
(0.0051005042 0.00304152 0)
(0.0051005042 0.0030040778 0.00047579988)
(0.0051005043 0.002892664 0.00093988445)
(0.0051005043 0.0027100223 0.0013808262)
(0.0051005044 0.0024606499 0.0017877673)
(0.0051005044 0.0021506874 0.0021506874)
(0.0051005044 0.0017877673 0.0024606499)
(0.0051005043 0.0013808262 0.0027100223)
(0.0051005043 0.00093988445 0.002892664)
(0.0051005042 0.00047579988 0.0030040778)
(0.0051005042 0 0.00304152)
(0.0054005899 0.0030414913 0)
(0.0054005899 0.0030040494 0.00047579531)
(0.00540059 0.0028926367 0.00093987545)
(0.0054005901 0.0027099966 0.001380813)
(0.0054005901 0.0024606265 0.0017877502)
(0.0054005901 0.0021506669 0.0021506669)
(0.0054005901 0.0017877502 0.0024606265)
(0.0054005901 0.001380813 0.0027099966)
(0.00540059 0.00093987544 0.0028926367)
(0.0054005899 0.00047579531 0.0030040494)
(0.0054005899 0 0.0030414913)
(0.0057006893 0.0030414573 0)
(0.0057006893 0.0030040158 0.00047578989)
(0.0057006894 0.0028926043 0.00093986475)
(0.0057006895 0.0027099662 0.0013807973)
(0.0057006896 0.0024605988 0.00178773)
(0.0057006896 0.0021506426 0.0021506426)
(0.0057006896 0.00178773 0.0024605988)
(0.0057006895 0.0013807973 0.0027099662)
(0.0057006894 0.00093986475 0.0028926043)
(0.0057006893 0.00047578988 0.0030040158)
(0.0057006892 0 0.0030414573)
(0.0060008041 0.0030414171 0)
(0.0060008042 0.0030039761 0.00047578345)
(0.0060008043 0.0028925659 0.00093985206)
(0.0060008044 0.0027099301 0.0013807787)
(0.0060008045 0.0024605659 0.001787706)
(0.0060008046 0.0021506138 0.0021506138)
(0.0060008045 0.001787706 0.002460566)
(0.0060008044 0.0013807787 0.0027099301)
(0.0060008043 0.00093985206 0.0028925659)
(0.0060008042 0.00047578345 0.0030039761)
(0.0060008041 0 0.0030414171)
(0.0063009363 0.0030413697 0)
(0.0063009364 0.0030039292 0.00047577582)
(0.0063009366 0.0028925207 0.00093983706)
(0.0063009368 0.0027098876 0.0013807567)
(0.0063009369 0.0024605272 0.0017876777)
(0.006300937 0.0021505798 0.0021505798)
(0.0063009369 0.0017876777 0.0024605272)
(0.0063009368 0.0013807567 0.0027098876)
(0.0063009366 0.00093983706 0.0028925207)
(0.0063009364 0.00047577582 0.0030039292)
(0.0063009363 0 0.0030413697)
(0.0066010875 0.0030413141 0)
(0.0066010877 0.0030038742 0.00047576681)
(0.0066010879 0.0028924675 0.00093981938)
(0.0066010882 0.0027098375 0.0013807309)
(0.0066010884 0.0024604816 0.0017876443)
(0.0066010885 0.0021505398 0.0021505398)
(0.0066010884 0.0017876443 0.0024604816)
(0.0066010882 0.0013807309 0.0027098375)
(0.0066010879 0.00093981938 0.0028924675)
(0.0066010877 0.00047576681 0.0030038742)
(0.0066010875 0 0.0030413141)
(0.0069012589 0.0030412492 0)
(0.0069012592 0.0030038099 0.00047575621)
(0.0069012595 0.0028924053 0.00093979865)
(0.0069012599 0.002709779 0.0013807006)
(0.0069012601 0.0024604282 0.0017876053)
(0.0069012602 0.0021504931 0.0021504931)
(0.0069012601 0.0017876053 0.0024604282)
(0.0069012599 0.0013807006 0.002709779)
(0.0069012595 0.00093979864 0.0028924053)
(0.0069012592 0.00047575621 0.0030038099)
(0.0069012589 0 0.0030412492)
(0.0072014506 0.0030411741 0)
(0.007201451 0.0030037356 0.00047574378)
(0.0072014514 0.0028923333 0.00093977452)
(0.0072014519 0.0027097111 0.0013806655)
(0.0072014522 0.0024603663 0.00178756)
(0.0072014524 0.0021504387 0.0021504388)
(0.0072014522 0.00178756 0.0024603663)
(0.0072014519 0.0013806655 0.0027097111)
(0.0072014514 0.00093977451 0.0028923333)
(0.007201451 0.00047574378 0.0030037356)
(0.0072014506 0 0.0030411741)
(0.0075016606 0.0030410884 0)
(0.0075016612 0.0030036506 0.00047572928)
(0.0075016617 0.0028922507 0.00093974677)
(0.0075016623 0.0027096332 0.0013806253)
(0.0075016628 0.0024602952 0.0017875082)
(0.007501663 0.0021503765 0.0021503765)
(0.0075016628 0.0017875082 0.0024602952)
(0.0075016623 0.0013806253 0.0027096332)
(0.0075016617 0.00093974677 0.0028922507)
(0.0075016612 0.00047572928 0.0030036506)
(0.0075016606 0 0.0030410884)
(0.0078018838 0.0030409927 0)
(0.0078018845 0.0030035555 0.00047571248)
(0.0078018852 0.002892158 0.00093971549)
(0.0078018861 0.0027095455 0.0013805801)
(0.0078018867 0.0024602152 0.0017874499)
(0.007801887 0.0021503065 0.0021503065)
(0.0078018867 0.0017874499 0.0024602152)
(0.0078018861 0.0013805801 0.0027095455)
(0.0078018852 0.00093971549 0.002892158)
(0.0078018845 0.00047571248 0.0030035555)
(0.0078018838 0 0.0030409927)
(0.0081021099 0.0030408895 0)
(0.0081021108 0.0030034526 0.0004756932)
(0.0081021117 0.0028920572 0.00093968152)
(0.0081021129 0.0027094499 0.0013805311)
(0.0081021137 0.0024601281 0.0017873866)
(0.0081021141 0.0021502303 0.0021502303)
(0.0081021137 0.0017873866 0.0024601281)
(0.0081021129 0.0013805311 0.0027094499)
(0.0081021117 0.00093968152 0.0028920572)
(0.0081021108 0.00047569319 0.0030034526)
(0.0081021099 0 0.0030408895)
(0.0084023216 0.0030407855 0)
(0.0084023227 0.0030033482 0.00047567147)
(0.0084023237 0.002891954 0.00093964726)
(0.0084023252 0.0027093519 0.0013804813)
(0.0084023264 0.0024600389 0.001787322)
(0.0084023269 0.0021501524 0.0021501524)
(0.0084023264 0.001787322 0.0024600389)
(0.0084023252 0.0013804813 0.0027093519)
(0.0084023237 0.00093964725 0.002891954)
(0.0084023227 0.00047567147 0.0030033482)
(0.0084023216 0 0.0030407855)
(0.0087024908 0.0030406952 0)
(0.0087024919 0.0030032566 0.00047564871)
(0.008702493 0.0028918622 0.00093961829)
(0.0087024949 0.0027092646 0.0013804376)
(0.0087024966 0.0024599595 0.0017872649)
(0.0087024972 0.0021500832 0.0021500832)
(0.0087024966 0.0017872649 0.0024599595)
(0.0087024949 0.0013804376 0.0027092646)
(0.008702493 0.00093961829 0.0028918622)
(0.0087024918 0.00047564871 0.0030032566)
(0.0087024908 0 0.0030406952)
(0.0090025665 0.0030406494 0)
(0.0090025662 0.0030032034 0.00047565578)
(0.0090025674 0.0028918045 0.00093960149)
(0.0090025702 0.002709212 0.001380412)
(0.0090025722 0.002459912 0.0017872309)
(0.009002573 0.002150042 0.002150042)
(0.0090025722 0.0017872309 0.002459912)
(0.0090025702 0.001380412 0.002709212)
(0.0090025674 0.00093960148 0.0028918045)
(0.0090025662 0.00047565578 0.0030032034)
(0.0090025665 0 0.0030406494)
(0 0.0033333333 0)
(0 0.0032922995 0.00052145017)
(0 0.003170197 0.0010300611)
(0 0.0029700324 0.0015133086)
(0 0.0026967346 0.0019592933)
(0 0.0023570333 0.0023570333)
(0 0.0019592933 0.0026967346)
(0 0.0015133086 0.0029700324)
(0 0.0010300611 0.003170197)
(0 0.00052145017 0.0032922995)
(0 0 0.0033333333)
(0.00030001132 0.0033333308 0)
(0.00030001132 0.003292297 0.00052144977)
(0.00030001132 0.0031701945 0.0010300603)
(0.00030001132 0.0029700301 0.0015133074)
(0.00030001132 0.0026967325 0.0019592918)
(0.00030001132 0.0023570315 0.0023570315)
(0.00030001132 0.0019592918 0.0026967325)
(0.00030001132 0.0015133074 0.0029700301)
(0.00030001132 0.0010300603 0.0031701945)
(0.00030001132 0.00052144977 0.003292297)
(0.00030001132 0 0.0033333308)
(0.00060002272 0.0033333282 0)
(0.00060002272 0.0032922944 0.00052144936)
(0.00060002272 0.0031701921 0.0010300595)
(0.00060002272 0.0029700278 0.0015133063)
(0.00060002272 0.0026967304 0.0019592903)
(0.00060002272 0.0023570297 0.0023570297)
(0.00060002272 0.0019592903 0.0026967304)
(0.00060002272 0.0015133063 0.0029700278)
(0.00060002272 0.0010300595 0.0031701921)
(0.00060002272 0.00052144936 0.0032922944)
(0.00060002272 0 0.0033333282)
(0.00090003445 0.0033333254 0)
(0.00090003445 0.0032922917 0.00052144894)
(0.00090003445 0.0031701895 0.0010300586)
(0.00090003445 0.0029700254 0.001513305)
(0.00090003445 0.0026967282 0.0019592887)
(0.00090003445 0.0023570277 0.0023570277)
(0.00090003445 0.0019592887 0.0026967282)
(0.00090003445 0.001513305 0.0029700254)
(0.00090003445 0.0010300586 0.0031701895)
(0.00090003445 0.00052144894 0.0032922917)
(0.00090003445 0 0.0033333254)
(0.0012000469 0.0033333225 0)
(0.0012000469 0.0032922888 0.00052144847)
(0.0012000469 0.0031701867 0.0010300577)
(0.0012000469 0.0029700227 0.0015133037)
(0.0012000469 0.0026967258 0.001959287)
(0.0012000469 0.0023570256 0.0023570256)
(0.0012000469 0.001959287 0.0026967258)
(0.0012000469 0.0015133037 0.0029700227)
(0.0012000469 0.0010300577 0.0031701867)
(0.0012000469 0.00052144847 0.0032922888)
(0.0012000469 0 0.0033333225)
(0.0015000603 0.0033333192 0)
(0.0015000604 0.0032922855 0.00052144795)
(0.0015000604 0.0031701835 0.0010300567)
(0.0015000604 0.0029700198 0.0015133022)
(0.0015000604 0.0026967232 0.001959285)
(0.0015000604 0.0023570233 0.0023570233)
(0.0015000604 0.001959285 0.0026967232)
(0.0015000604 0.0015133022 0.0029700198)
(0.0015000604 0.0010300567 0.0031701835)
(0.0015000604 0.00052144795 0.0032922855)
(0.0015000604 0 0.0033333192)
(0.0018000753 0.0033333154 0)
(0.0018000753 0.0032922818 0.00052144736)
(0.0018000753 0.0031701799 0.0010300555)
(0.0018000753 0.0029700164 0.0015133005)
(0.0018000753 0.0026967201 0.0019592828)
(0.0018000753 0.0023570207 0.0023570207)
(0.0018000753 0.0019592828 0.0026967201)
(0.0018000753 0.0015133005 0.0029700164)
(0.0018000753 0.0010300555 0.0031701799)
(0.0018000753 0.00052144736 0.0032922818)
(0.0018000753 0 0.0033333154)
(0.002100092 0.0033333111 0)
(0.002100092 0.0032922775 0.00052144668)
(0.002100092 0.0031701758 0.0010300542)
(0.002100092 0.0029700126 0.0015132985)
(0.002100092 0.0026967166 0.0019592802)
(0.002100092 0.0023570176 0.0023570176)
(0.002100092 0.0019592802 0.0026967166)
(0.002100092 0.0015132985 0.0029700126)
(0.002100092 0.0010300542 0.0031701758)
(0.002100092 0.00052144668 0.0032922775)
(0.002100092 0 0.0033333111)
(0.002400111 0.003333306 0)
(0.002400111 0.0032922725 0.00052144588)
(0.002400111 0.003170171 0.0010300526)
(0.002400111 0.002970008 0.0015132962)
(0.002400111 0.0026967125 0.0019592772)
(0.002400111 0.002357014 0.002357014)
(0.002400111 0.0019592772 0.0026967125)
(0.002400111 0.0015132962 0.002970008)
(0.002400111 0.0010300526 0.003170171)
(0.002400111 0.00052144588 0.0032922725)
(0.002400111 0 0.003333306)
(0.0027001327 0.0033333 0)
(0.0027001327 0.0032922666 0.00052144494)
(0.0027001327 0.0031701653 0.0010300507)
(0.0027001327 0.0029700027 0.0015132934)
(0.0027001327 0.0026967076 0.0019592737)
(0.0027001327 0.0023570097 0.0023570097)
(0.0027001327 0.0019592737 0.0026967076)
(0.0027001327 0.0015132934 0.0029700027)
(0.0027001327 0.0010300507 0.0031701653)
(0.0027001327 0.00052144494 0.0032922666)
(0.0027001327 0 0.0033333)
(0.0030001577 0.003333293 0)
(0.0030001577 0.0032922596 0.00052144382)
(0.0030001577 0.0031701585 0.0010300485)
(0.0030001577 0.0029699964 0.0015132902)
(0.0030001577 0.0026967019 0.0019592695)
(0.0030001578 0.0023570047 0.0023570047)
(0.0030001578 0.0019592695 0.0026967019)
(0.0030001577 0.0015132902 0.0029699964)
(0.0030001577 0.0010300485 0.0031701585)
(0.0030001577 0.00052144382 0.0032922596)
(0.0030001577 0 0.003333293)
(0.0033001866 0.0033332845 0)
(0.0033001866 0.0032922513 0.0005214425)
(0.0033001866 0.0031701505 0.0010300459)
(0.0033001866 0.0029699889 0.0015132864)
(0.0033001866 0.0026966951 0.0019592646)
(0.0033001866 0.0023569987 0.0023569987)
(0.0033001866 0.0019592646 0.0026966951)
(0.0033001866 0.0015132864 0.0029699889)
(0.0033001866 0.0010300459 0.0031701505)
(0.0033001866 0.0005214425 0.0032922513)
(0.0033001866 0 0.0033332845)
(0.00360022 0.0033332746 0)
(0.00360022 0.0032922414 0.00052144092)
(0.00360022 0.003170141 0.0010300428)
(0.0036002201 0.0029699799 0.0015132818)
(0.0036002201 0.0026966869 0.0019592586)
(0.0036002201 0.0023569916 0.0023569916)
(0.0036002201 0.0019592586 0.002696687)
(0.0036002201 0.0015132818 0.0029699799)
(0.00360022 0.0010300428 0.003170141)
(0.00360022 0.00052144092 0.0032922414)
(0.00360022 0 0.0033332746)
(0.0039002587 0.0033332627 0)
(0.0039002587 0.0032922297 0.00052143904)
(0.0039002587 0.0031701297 0.0010300391)
(0.0039002588 0.0029699693 0.0015132764)
(0.0039002588 0.0026966773 0.0019592516)
(0.0039002588 0.0023569832 0.0023569832)
(0.0039002588 0.0019592516 0.0026966773)
(0.0039002588 0.0015132763 0.0029699693)
(0.0039002587 0.0010300391 0.0031701297)
(0.0039002587 0.00052143904 0.0032922297)
(0.0039002587 0 0.0033332627)
(0.0042003035 0.0033332486 0)
(0.0042003035 0.0032922158 0.00052143681)
(0.0042003035 0.0031701163 0.0010300347)
(0.0042003036 0.0029699567 0.0015132699)
(0.0042003036 0.0026966658 0.0019592433)
(0.0042003036 0.0023569731 0.0023569731)
(0.0042003036 0.0019592433 0.0026966658)
(0.0042003036 0.0015132699 0.0029699567)
(0.0042003035 0.0010300347 0.0031701163)
(0.0042003035 0.00052143681 0.0032922158)
(0.0042003035 0 0.0033332486)
(0.0045003553 0.0033332318 0)
(0.0045003553 0.0032921992 0.00052143415)
(0.0045003553 0.0031701003 0.0010300294)
(0.0045003554 0.0029699417 0.0015132622)
(0.0045003554 0.0026966522 0.0019592333)
(0.0045003554 0.0023569612 0.0023569612)
(0.0045003554 0.0019592333 0.0026966522)
(0.0045003554 0.0015132622 0.0029699418)
(0.0045003554 0.0010300294 0.0031701003)
(0.0045003553 0.00052143415 0.0032921992)
(0.0045003553 0 0.0033332318)
(0.0048004151 0.003333212 0)
(0.0048004151 0.0032921796 0.000521431)
(0.0048004152 0.0031700814 0.0010300232)
(0.0048004152 0.002969924 0.0015132531)
(0.0048004153 0.0026966361 0.0019592215)
(0.0048004153 0.0023569471 0.0023569471)
(0.0048004153 0.0019592215 0.0026966361)
(0.0048004152 0.0015132531 0.002969924)
(0.0048004152 0.0010300232 0.0031700814)
(0.0048004151 0.000521431 0.0032921796)
(0.0048004151 0 0.003333212)
(0.005100484 0.0033331885 0)
(0.005100484 0.0032921564 0.00052142727)
(0.0051004841 0.003170059 0.0010300158)
(0.0051004841 0.002969903 0.0015132423)
(0.0051004842 0.0026966169 0.0019592076)
(0.0051004842 0.0023569303 0.0023569303)
(0.0051004842 0.0019592076 0.0026966169)
(0.0051004841 0.0015132423 0.002969903)
(0.0051004841 0.0010300158 0.003170059)
(0.005100484 0.00052142727 0.0032921564)
(0.005100484 0 0.0033331885)
(0.005400563 0.0033331608 0)
(0.0054005631 0.003292129 0.00052142285)
(0.0054005632 0.0031700326 0.0010300071)
(0.0054005633 0.0029698782 0.0015132295)
(0.0054005633 0.0026965944 0.0019591911)
(0.0054005633 0.0023569105 0.0023569105)
(0.0054005633 0.0019591911 0.0026965944)
(0.0054005633 0.0015132295 0.0029698782)
(0.0054005632 0.0010300071 0.0031700326)
(0.0054005631 0.00052142285 0.003292129)
(0.005400563 0 0.0033331608)
(0.0057006534 0.0033331283 0)
(0.0057006535 0.0032920968 0.00052141764)
(0.0057006536 0.0031700016 0.0010299969)
(0.0057006537 0.002969849 0.0015132145)
(0.0057006538 0.0026965678 0.0019591717)
(0.0057006538 0.0023568872 0.0023568872)
(0.0057006538 0.0019591717 0.0026965678)
(0.0057006537 0.0015132145 0.002969849)
(0.0057006536 0.0010299969 0.0031700016)
(0.0057006535 0.00052141764 0.0032920969)
(0.0057006534 0 0.0033331283)
(0.006000756 0.0033330901 0)
(0.0060007561 0.0032920591 0.00052141151)
(0.0060007562 0.0031699652 0.0010299848)
(0.0060007564 0.0029698148 0.0015131968)
(0.0060007565 0.0026965366 0.0019591489)
(0.0060007566 0.0023568599 0.0023568599)
(0.0060007565 0.0019591489 0.0026965366)
(0.0060007564 0.0015131968 0.0029698148)
(0.0060007562 0.0010299848 0.0031699652)
(0.0060007561 0.00052141151 0.0032920592)
(0.006000756 0 0.0033330901)
(0.0063008716 0.0033330457 0)
(0.0063008718 0.0032920152 0.00052140433)
(0.006300872 0.0031699227 0.0010299707)
(0.0063008722 0.0029697748 0.0015131761)
(0.0063008724 0.0026965001 0.0019591222)
(0.0063008724 0.0023568279 0.0023568279)
(0.0063008724 0.0019591222 0.0026965002)
(0.0063008722 0.0015131761 0.0029697748)
(0.006300872 0.0010299707 0.0031699227)
(0.0063008718 0.00052140433 0.0032920152)
(0.0063008716 0 0.0033330457)
(0.0066010006 0.0033329942 0)
(0.0066010008 0.0032919642 0.00052139594)
(0.0066010011 0.0031698734 0.0010299542)
(0.0066010014 0.0029697284 0.0015131521)
(0.0066010016 0.0026964578 0.0019590912)
(0.0066010017 0.0023567908 0.0023567908)
(0.0066010016 0.0019590912 0.0026964578)
(0.0066010014 0.0015131521 0.0029697284)
(0.0066010011 0.0010299542 0.0031698734)
(0.0066010008 0.00052139594 0.0032919642)
(0.0066010006 0 0.0033329942)
(0.0069011424 0.0033329349 0)
(0.0069011428 0.0032919055 0.00052138618)
(0.0069011431 0.0031698165 0.0010299352)
(0.0069011436 0.0029696747 0.0015131244)
(0.0069011439 0.0026964089 0.0019590555)
(0.006901144 0.0023567479 0.0023567479)
(0.0069011439 0.0019590555 0.0026964089)
(0.0069011436 0.0015131244 0.0029696748)
(0.0069011431 0.0010299352 0.0031698165)
(0.0069011428 0.00052138618 0.0032919055)
(0.0069011424 0 0.0033329349)
(0.0072012956 0.0033328672 0)
(0.0072012961 0.0032918384 0.00052137488)
(0.0072012966 0.0031697514 0.0010299133)
(0.0072012972 0.0029696133 0.0015130925)
(0.0072012976 0.0026963528 0.0019590145)
(0.0072012977 0.0023566987 0.0023566987)
(0.0072012976 0.0019590145 0.0026963528)
(0.0072012972 0.0015130925 0.0029696133)
(0.0072012966 0.0010299133 0.0031697514)
(0.0072012961 0.00052137488 0.0032918384)
(0.0072012956 0 0.0033328672)
(0.0075014569 0.0033327909 0)
(0.0075014575 0.0032917626 0.00052136181)
(0.0075014582 0.0031696777 0.0010298884)
(0.007501459 0.0029695437 0.0015130565)
(0.0075014596 0.0026962892 0.001958968)
(0.0075014598 0.002356643 0.002356643)
(0.0075014596 0.001958968 0.0026962892)
(0.007501459 0.0015130565 0.0029695437)
(0.0075014582 0.0010298884 0.0031696777)
(0.0075014575 0.0005213618 0.0032917626)
(0.0075014569 0 0.0033327909)
(0.0078016212 0.0033327062 0)
(0.007801622 0.0032916784 0.00052134671)
(0.0078016229 0.0031695953 0.0010298605)
(0.007801624 0.0029694657 0.0015130161)
(0.0078016247 0.0026962181 0.0019589161)
(0.007801625 0.0023565806 0.0023565806)
(0.0078016247 0.0019589161 0.0026962181)
(0.007801624 0.0015130161 0.0029694657)
(0.0078016229 0.0010298605 0.0031695954)
(0.0078016219 0.00052134671 0.0032916784)
(0.0078016212 0 0.0033327062)
(0.0081017809 0.0033326146 0)
(0.0081017819 0.0032915868 0.00052132927)
(0.0081017832 0.0031695054 0.00102983)
(0.0081017846 0.0029693803 0.0015129721)
(0.0081017856 0.0026961401 0.0019588593)
(0.0081017859 0.0023565124 0.0023565124)
(0.0081017856 0.0019588593 0.0026961401)
(0.0081017846 0.0015129721 0.0029693803)
(0.0081017832 0.00102983 0.0031695054)
(0.0081017819 0.00052132927 0.0032915868)
(0.0081017809 0 0.0033326146)
(0.008401926 0.0033325203 0)
(0.0084019272 0.003291492 0.00052130936)
(0.0084019288 0.0031694113 0.0010297984)
(0.0084019307 0.0029692908 0.0015129263)
(0.008401932 0.0026960586 0.0019588001)
(0.0084019324 0.0023564411 0.0023564411)
(0.008401932 0.0019588001 0.0026960586)
(0.0084019307 0.0015129263 0.0029692908)
(0.0084019288 0.0010297984 0.0031694114)
(0.0084019272 0.00052130936 0.003291492)
(0.008401926 0 0.0033325203)
(0.0087020413 0.0033324352 0)
(0.0087020426 0.0032914056 0.00052128824)
(0.0087020445 0.0031693244 0.0010297703)
(0.0087020468 0.002969208 0.0015128841)
(0.0087020484 0.0026959833 0.0019587454)
(0.0087020489 0.0023563753 0.0023563753)
(0.0087020484 0.0019587454 0.0026959833)
(0.0087020468 0.0015128841 0.002969208)
(0.0087020445 0.0010297703 0.0031693244)
(0.0087020426 0.00052128824 0.0032914056)
(0.0087020413 0 0.0033324352)
(0.0090020923 0.0033323906 0)
(0.0090020927 0.0032913535 0.00052129434)
(0.0090020949 0.0031692677 0.0010297522)
(0.0090020978 0.0029691564 0.0015128584)
(0.0090020994 0.0026959366 0.0019587118)
(0.0090021001 0.0023563347 0.0023563347)
(0.0090020994 0.0019587118 0.0026959366)
(0.0090020978 0.0015128583 0.0029691564)
(0.0090020949 0.0010297522 0.0031692677)
(0.0090020927 0.00052129434 0.0032913535)
(0.0090020923 0 0.0033323906)
(0 0.003625 0)
(0 0.0035803763 0.00056707729)
(0 0.0034475902 0.0011201919)
(0 0.0032299115 0.0016457239)
(0 0.0029327002 0.0021307326)
(0 0.002563275 0.002563275)
(0 0.0021307326 0.0029327002)
(0 0.0016457239 0.0032299115)
(0 0.0011201919 0.0034475902)
(0 0.00056707729 0.0035803763)
(0 0 0.003625)
(0.00030001081 0.0036249975 0)
(0.00030001081 0.0035803738 0.0005670769)
(0.00030001081 0.0034475878 0.0011201911)
(0.00030001081 0.0032299092 0.0016457228)
(0.00030001081 0.0029326982 0.0021307311)
(0.00030001081 0.0025632732 0.0025632732)
(0.00030001081 0.0021307311 0.0029326982)
(0.00030001081 0.0016457228 0.0032299092)
(0.00030001081 0.0011201911 0.0034475878)
(0.00030001081 0.0005670769 0.0035803738)
(0.00030001081 0 0.0036249975)
(0.00060002169 0.003624995 0)
(0.0006000217 0.0035803713 0.0005670765)
(0.0006000217 0.0034475854 0.0011201904)
(0.0006000217 0.003229907 0.0016457216)
(0.0006000217 0.0029326961 0.0021307296)
(0.0006000217 0.0025632714 0.0025632714)
(0.0006000217 0.0021307296 0.0029326961)
(0.0006000217 0.0016457216 0.003229907)
(0.0006000217 0.0011201904 0.0034475854)
(0.0006000217 0.0005670765 0.0035803713)
(0.0006000217 0 0.003624995)
(0.00090003289 0.0036249923 0)
(0.0009000329 0.0035803687 0.00056707609)
(0.0009000329 0.0034475829 0.0011201895)
(0.0009000329 0.0032299046 0.0016457204)
(0.0009000329 0.002932694 0.0021307281)
(0.0009000329 0.0025632696 0.0025632696)
(0.0009000329 0.0021307281 0.002932694)
(0.0009000329 0.0016457204 0.0032299046)
(0.0009000329 0.0011201895 0.0034475829)
(0.0009000329 0.00056707609 0.0035803687)
(0.0009000329 0 0.0036249923)
(0.0012000447 0.0036249895 0)
(0.0012000448 0.0035803659 0.00056707564)
(0.0012000448 0.0034475802 0.0011201886)
(0.0012000448 0.0032299021 0.0016457191)
(0.0012000448 0.0029326917 0.0021307264)
(0.0012000448 0.0025632675 0.0025632675)
(0.0012000448 0.0021307264 0.0029326917)
(0.0012000448 0.0016457191 0.0032299021)
(0.0012000448 0.0011201886 0.0034475802)
(0.0012000448 0.00056707564 0.0035803659)
(0.0012000447 0 0.0036249895)
(0.0015000576 0.0036249863 0)
(0.0015000576 0.0035803627 0.00056707513)
(0.0015000576 0.0034475771 0.0011201877)
(0.0015000576 0.0032298992 0.0016457177)
(0.0015000576 0.0029326891 0.0021307245)
(0.0015000576 0.0025632653 0.0025632653)
(0.0015000576 0.0021307245 0.0029326891)
(0.0015000576 0.0016457177 0.0032298992)
(0.0015000576 0.0011201877 0.0034475771)
(0.0015000576 0.00056707513 0.0035803627)
(0.0015000576 0 0.0036249863)
(0.0018000718 0.0036249826 0)
(0.0018000718 0.0035803591 0.00056707456)
(0.0018000718 0.0034475737 0.0011201865)
(0.0018000718 0.003229896 0.001645716)
(0.0018000718 0.0029326861 0.0021307223)
(0.0018000718 0.0025632627 0.0025632627)
(0.0018000718 0.0021307223 0.0029326861)
(0.0018000718 0.001645716 0.003229896)
(0.0018000718 0.0011201865 0.0034475737)
(0.0018000718 0.00056707456 0.0035803591)
(0.0018000718 0 0.0036249826)
(0.0021000877 0.0036249784 0)
(0.0021000877 0.003580355 0.0005670739)
(0.0021000877 0.0034475697 0.0011201852)
(0.0021000877 0.0032298922 0.0016457141)
(0.0021000877 0.0029326827 0.0021307199)
(0.0021000877 0.0025632597 0.0025632597)
(0.0021000877 0.0021307199 0.0029326827)
(0.0021000877 0.0016457141 0.0032298922)
(0.0021000877 0.0011201852 0.0034475697)
(0.0021000877 0.0005670739 0.003580355)
(0.0021000877 0 0.0036249784)
(0.0024001057 0.0036249735 0)
(0.0024001057 0.0035803501 0.00056707313)
(0.0024001057 0.003447565 0.0011201837)
(0.0024001057 0.0032298878 0.0016457118)
(0.0024001057 0.0029326787 0.002130717)
(0.0024001057 0.0025632562 0.0025632562)
(0.0024001057 0.002130717 0.0029326787)
(0.0024001057 0.0016457118 0.0032298878)
(0.0024001057 0.0011201837 0.003447565)
(0.0024001057 0.00056707313 0.0035803501)
(0.0024001057 0 0.0036249735)
(0.0027001263 0.0036249677 0)
(0.0027001263 0.0035803444 0.00056707221)
(0.0027001263 0.0034475595 0.0011201819)
(0.0027001263 0.0032298827 0.0016457092)
(0.0027001263 0.002932674 0.0021307135)
(0.0027001263 0.0025632521 0.0025632521)
(0.0027001263 0.0021307135 0.002932674)
(0.0027001263 0.0016457092 0.0032298827)
(0.0027001263 0.0011201819 0.0034475595)
(0.0027001263 0.00056707221 0.0035803444)
(0.0027001263 0 0.0036249677)
(0.0030001499 0.0036249609 0)
(0.0030001499 0.0035803376 0.00056707114)
(0.0030001499 0.003447553 0.0011201798)
(0.0030001499 0.0032298766 0.0016457061)
(0.00300015 0.0029326685 0.0021307095)
(0.00300015 0.0025632472 0.0025632472)
(0.00300015 0.0021307095 0.0029326685)
(0.00300015 0.0016457061 0.0032298766)
(0.0030001499 0.0011201798 0.003447553)
(0.0030001499 0.00056707114 0.0035803376)
(0.0030001499 0 0.0036249609)
(0.0033001771 0.0036249528 0)
(0.0033001771 0.0035803296 0.00056706986)
(0.0033001771 0.0034475453 0.0011201772)
(0.0033001772 0.0032298693 0.0016457024)
(0.0033001772 0.0029326619 0.0021307047)
(0.0033001772 0.0025632415 0.0025632415)
(0.0033001772 0.0021307047 0.0029326619)
(0.0033001772 0.0016457024 0.0032298693)
(0.0033001771 0.0011201772 0.0034475453)
(0.0033001771 0.00056706986 0.0035803296)
(0.0033001771 0 0.0036249528)
(0.0036002085 0.0036249432 0)
(0.0036002085 0.0035803201 0.00056706834)
(0.0036002085 0.0034475361 0.0011201742)
(0.0036002085 0.0032298607 0.001645698)
(0.0036002085 0.0029326541 0.002130699)
(0.0036002085 0.0025632347 0.0025632347)
(0.0036002085 0.002130699 0.0029326541)
(0.0036002085 0.001645698 0.0032298607)
(0.0036002085 0.0011201742 0.0034475361)
(0.0036002085 0.00056706834 0.0035803201)
(0.0036002085 0 0.0036249432)
(0.0039002446 0.0036249318 0)
(0.0039002446 0.0035803089 0.00056706654)
(0.0039002446 0.0034475253 0.0011201707)
(0.0039002447 0.0032298506 0.0016456928)
(0.0039002447 0.0029326448 0.0021306923)
(0.0039002447 0.0025632265 0.0025632266)
(0.0039002447 0.0021306923 0.0029326448)
(0.0039002447 0.0016456927 0.0032298506)
(0.0039002447 0.0011201707 0.0034475253)
(0.0039002446 0.00056706653 0.0035803089)
(0.0039002446 0 0.0036249318)
(0.0042002862 0.0036249183 0)
(0.0042002862 0.0035802956 0.0005670644)
(0.0042002863 0.0034475124 0.0011201665)
(0.0042002863 0.0032298385 0.0016456866)
(0.0042002863 0.0029326339 0.0021306843)
(0.0042002863 0.0025632169 0.0025632169)
(0.0042002863 0.0021306843 0.0029326339)
(0.0042002863 0.0016456866 0.0032298385)
(0.0042002863 0.0011201665 0.0034475124)
(0.0042002862 0.0005670644 0.0035802956)
(0.0042002862 0 0.0036249183)
(0.004500334 0.0036249023 0)
(0.004500334 0.0035802798 0.00056706187)
(0.0045003341 0.0034474972 0.0011201615)
(0.0045003341 0.0032298242 0.0016456792)
(0.0045003341 0.0029326209 0.0021306748)
(0.0045003341 0.0025632056 0.0025632056)
(0.0045003341 0.0021306748 0.0029326209)
(0.0045003341 0.0016456792 0.0032298242)
(0.0045003341 0.0011201615 0.0034474972)
(0.004500334 0.00056706187 0.0035802798)
(0.004500334 0 0.0036249023)
(0.0048003887 0.0036248835 0)
(0.0048003888 0.0035802612 0.00056705887)
(0.0048003888 0.0034474793 0.0011201556)
(0.0048003889 0.0032298074 0.0016456706)
(0.0048003889 0.0029326056 0.0021306636)
(0.0048003889 0.0025631922 0.0025631922)
(0.0048003889 0.0021306636 0.0029326056)
(0.0048003889 0.0016456706 0.0032298074)
(0.0048003888 0.0011201556 0.0034474793)
(0.0048003888 0.00056705887 0.0035802612)
(0.0048003887 0 0.0036248835)
(0.0051004511 0.0036248614 0)
(0.0051004512 0.0035802394 0.00056705535)
(0.0051004512 0.0034474582 0.0011201486)
(0.0051004513 0.0032297876 0.0016456604)
(0.0051004514 0.0029325876 0.0021306505)
(0.0051004514 0.0025631764 0.0025631764)
(0.0051004514 0.0021306505 0.0029325876)
(0.0051004513 0.0016456604 0.0032297876)
(0.0051004512 0.0011201486 0.0034474582)
(0.0051004512 0.00056705535 0.0035802394)
(0.0051004511 0 0.0036248614)
(0.0054005219 0.0036248355 0)
(0.0054005219 0.0035802138 0.00056705121)
(0.005400522 0.0034474335 0.0011201405)
(0.0054005221 0.0032297644 0.0016456484)
(0.0054005222 0.0029325664 0.002130635)
(0.0054005222 0.0025631578 0.0025631578)
(0.0054005222 0.002130635 0.0029325664)
(0.0054005221 0.0016456484 0.0032297644)
(0.005400522 0.0011201404 0.0034474335)
(0.0054005219 0.00056705121 0.0035802138)
(0.0054005219 0 0.0036248356)
(0.0057006015 0.0036248054 0)
(0.0057006016 0.0035801839 0.00056704637)
(0.0057006017 0.0034474047 0.0011201309)
(0.0057006018 0.0032297373 0.0016456345)
(0.0057006019 0.0029325418 0.002130617)
(0.0057006019 0.0025631362 0.0025631362)
(0.0057006019 0.002130617 0.0029325418)
(0.0057006018 0.0016456345 0.0032297373)
(0.0057006017 0.0011201309 0.0034474047)
(0.0057006016 0.00056704637 0.0035801839)
(0.0057006015 0 0.0036248054)
(0.0060006902 0.0036247704 0)
(0.0060006903 0.0035801494 0.00056704073)
(0.0060006905 0.0034473713 0.0011201198)
(0.0060006907 0.0032297059 0.0016456182)
(0.0060006908 0.0029325131 0.002130596)
(0.0060006909 0.0025631111 0.0025631111)
(0.0060006908 0.002130596 0.0029325131)
(0.0060006907 0.0016456182 0.0032297059)
(0.0060006905 0.0011201198 0.0034473713)
(0.0060006903 0.00056704073 0.0035801494)
(0.0060006902 0 0.0036247704)
(0.0063007879 0.0036247301 0)
(0.0063007881 0.0035801095 0.0005670342)
(0.0063007883 0.0034473328 0.001120107)
(0.0063007886 0.0032296696 0.0016455995)
(0.0063007888 0.00293248 0.0021305718)
(0.0063007888 0.0025630821 0.0025630821)
(0.0063007888 0.0021305718 0.00293248)
(0.0063007886 0.0016455995 0.0032296696)
(0.0063007883 0.001120107 0.0034473328)
(0.0063007881 0.0005670342 0.0035801095)
(0.0063007879 0 0.0036247301)
(0.0066008938 0.0036246841 0)
(0.0066008941 0.003580064 0.00056702667)
(0.0066008944 0.0034472887 0.0011200923)
(0.0066008948 0.0032296281 0.001645578)
(0.006600895 0.0029324422 0.0021305441)
(0.0066008951 0.0025630488 0.0025630488)
(0.006600895 0.0021305441 0.0029324422)
(0.0066008948 0.001645578 0.0032296281)
(0.0066008944 0.0011200923 0.0034472887)
(0.0066008941 0.00056702667 0.003580064)
(0.0066008938 0 0.0036246842)
(0.0069010062 0.0036246321 0)
(0.0069010066 0.0035800124 0.00056701806)
(0.006901007 0.0034472387 0.0011200755)
(0.0069010075 0.003229581 0.0016455535)
(0.0069010079 0.0029323991 0.0021305126)
(0.006901008 0.0025630111 0.0025630111)
(0.0069010079 0.0021305126 0.0029323991)
(0.0069010075 0.0016455535 0.003229581)
(0.006901007 0.0011200755 0.0034472387)
(0.0069010066 0.00056701806 0.0035800124)
(0.0069010062 0 0.0036246321)
(0.0072011223 0.0036245739 0)
(0.0072011227 0.0035799546 0.00056700825)
(0.0072011234 0.0034471826 0.0011200565)
(0.007201124 0.0032295279 0.001645526)
(0.0072011245 0.0029323507 0.0021304772)
(0.0072011247 0.0025629686 0.0025629686)
(0.0072011245 0.0021304772 0.0029323507)
(0.007201124 0.001645526 0.0032295279)
(0.0072011234 0.0011200565 0.0034471826)
(0.0072011227 0.00056700825 0.0035799546)
(0.0072011223 0 0.0036245739)
(0.0075012377 0.0036245094 0)
(0.0075012383 0.0035798906 0.00056699709)
(0.0075012392 0.0034471202 0.0011200354)
(0.0075012401 0.0032294688 0.0016454953)
(0.0075012407 0.0029322967 0.0021304377)
(0.0075012409 0.0025629213 0.0025629213)
(0.0075012407 0.0021304377 0.0029322967)
(0.0075012401 0.0016454953 0.0032294688)
(0.0075012392 0.0011200354 0.0034471202)
(0.0075012383 0.00056699709 0.0035798906)
(0.0075012377 0 0.0036245095)
(0.0078013471 0.0036244391 0)
(0.007801348 0.0035798205 0.00056698437)
(0.0078013492 0.0034470514 0.001120012)
(0.0078013505 0.0032294037 0.0016454615)
(0.0078013513 0.0029322372 0.0021303942)
(0.0078013515 0.0025628691 0.0025628691)
(0.0078013513 0.0021303942 0.0029322372)
(0.0078013505 0.0016454615 0.0032294037)
(0.0078013492 0.0011200119 0.0034470515)
(0.007801348 0.00056698437 0.0035798205)
(0.0078013471 0 0.0036244391)
(0.008101445 0.0036243631 0)
(0.0081014461 0.0035797445 0.0005669697)
(0.0081014478 0.0034469765 0.0011199864)
(0.0081014495 0.0032293325 0.0016454247)
(0.0081014505 0.0029321723 0.0021303468)
(0.0081014509 0.0025628122 0.0025628122)
(0.0081014505 0.0021303468 0.0029321723)
(0.0081014495 0.0016454247 0.0032293325)
(0.0081014478 0.0011199864 0.0034469765)
(0.0081014461 0.0005669697 0.0035797445)
(0.008101445 0 0.0036243631)
(0.0084015271 0.0036242829 0)
(0.0084015285 0.0035796637 0.0005669526)
(0.0084015308 0.0034468963 0.0011199592)
(0.0084015329 0.0032292561 0.0016453852)
(0.0084015342 0.0029321026 0.002130296)
(0.0084015346 0.0025627513 0.0025627513)
(0.0084015342 0.002130296 0.0029321026)
(0.0084015329 0.0016453852 0.0032292561)
(0.0084015308 0.0011199592 0.0034468963)
(0.0084015285 0.0005669526 0.0035796637)
(0.0084015271 0 0.0036242829)
(0.0087015907 0.0036242054 0)
(0.0087015924 0.0035795851 0.00056693366)
(0.008701595 0.0034468175 0.001119933)
(0.0087015976 0.0032291811 0.0016453464)
(0.0087015991 0.0029320344 0.0021302463)
(0.0087015995 0.0025626916 0.0025626916)
(0.0087015991 0.0021302463 0.0029320344)
(0.0087015976 0.0016453464 0.0032291811)
(0.008701595 0.001119933 0.0034468175)
(0.0087015924 0.00056693365 0.0035795851)
(0.0087015907 0 0.0036242054)
(0.009001618 0.003624162 0)
(0.0090016196 0.0035795342 0.000566938)
(0.0090016236 0.0034467614 0.0011199137)
(0.0090016269 0.0032291298 0.0016453204)
(0.0090016282 0.002931988 0.0021302127)
(0.0090016287 0.0025626511 0.0025626511)
(0.0090016282 0.0021302127 0.002931988)
(0.0090016269 0.0016453204 0.0032291298)
(0.0090016236 0.0011199137 0.0034467614)
(0.0090016196 0.000566938 0.0035795342)
(0.009001618 0 0.003624162)
(0 0.0039166667 0)
(0 0.0038684531 0.00061270441)
(0 0.0037249834 0.0012103228)
(0 0.0034897905 0.0017781392)
(0 0.0031686658 0.0023021718)
(0 0.0027695167 0.0027695167)
(0 0.0023021718 0.0031686658)
(0 0.0017781392 0.0034897905)
(0 0.0012103228 0.0037249834)
(0 0.00061270441 0.0038684531)
(0 0 0.0039166667)
(0.00030001002 0.0039166643 0)
(0.00030001002 0.0038684508 0.00061270404)
(0.00030001002 0.0037249812 0.001210322)
(0.00030001002 0.0034897884 0.0017781382)
(0.00030001002 0.0031686639 0.0023021704)
(0.00030001002 0.002769515 0.002769515)
(0.00030001002 0.0023021704 0.0031686639)
(0.00030001002 0.0017781382 0.0034897884)
(0.00030001002 0.001210322 0.0037249812)
(0.00030001002 0.00061270404 0.0038684508)
(0.00030001002 0 0.0039166643)
(0.00060002011 0.0039166619 0)
(0.00060002011 0.0038684484 0.00061270367)
(0.00060002011 0.0037249789 0.0012103213)
(0.00060002011 0.0034897863 0.0017781371)
(0.00060002011 0.003168662 0.002302169)
(0.00060002011 0.0027695133 0.0027695133)
(0.00060002011 0.002302169 0.003168662)
(0.00060002011 0.0017781371 0.0034897863)
(0.00060002011 0.0012103213 0.0037249789)
(0.00060002011 0.00061270367 0.0038684484)
(0.00060002011 0 0.0039166619)
(0.00090003048 0.0039166594 0)
(0.00090003049 0.003868446 0.00061270328)
(0.00090003049 0.0037249766 0.0012103205)
(0.00090003049 0.0034897841 0.0017781359)
(0.00090003049 0.00316866 0.0023021676)
(0.00090003049 0.0027695115 0.0027695115)
(0.00090003049 0.0023021676 0.00316866)
(0.00090003049 0.0017781359 0.0034897841)
(0.00090003049 0.0012103205 0.0037249766)
(0.00090003049 0.00061270328 0.003868446)
(0.00090003049 0 0.0039166594)
(0.0012000415 0.0039166567 0)
(0.0012000415 0.0038684433 0.00061270285)
(0.0012000415 0.003724974 0.0012103197)
(0.0012000415 0.0034897817 0.0017781347)
(0.0012000415 0.0031686578 0.002302166)
(0.0012000415 0.0027695096 0.0027695096)
(0.0012000415 0.002302166 0.0031686578)
(0.0012000415 0.0017781347 0.0034897817)
(0.0012000415 0.0012103197 0.003724974)
(0.0012000415 0.00061270285 0.0038684433)
(0.0012000415 0 0.0039166567)
(0.0015000533 0.0039166537 0)
(0.0015000533 0.0038684403 0.00061270238)
(0.0015000533 0.0037249711 0.0012103188)
(0.0015000533 0.003489779 0.0017781333)
(0.0015000534 0.0031686553 0.0023021642)
(0.0015000534 0.0027695075 0.0027695075)
(0.0015000534 0.0023021642 0.0031686553)
(0.0015000534 0.0017781333 0.003489779)
(0.0015000533 0.0012103188 0.0037249711)
(0.0015000533 0.00061270238 0.0038684403)
(0.0015000533 0 0.0039166537)
(0.0018000664 0.0039166503 0)
(0.0018000665 0.0038684369 0.00061270184)
(0.0018000665 0.0037249679 0.0012103177)
(0.0018000665 0.003489776 0.0017781318)
(0.0018000665 0.0031686526 0.0023021622)
(0.0018000665 0.0027695051 0.0027695051)
(0.0018000665 0.0023021622 0.0031686526)
(0.0018000665 0.0017781318 0.003489776)
(0.0018000665 0.0012103177 0.0037249679)
(0.0018000665 0.00061270184 0.0038684369)
(0.0018000665 0 0.0039166503)
(0.0021000811 0.0039166464 0)
(0.0021000811 0.003868433 0.00061270122)
(0.0021000811 0.0037249641 0.0012103165)
(0.0021000811 0.0034897724 0.00177813)
(0.0021000811 0.0031686493 0.0023021598)
(0.0021000811 0.0027695023 0.0027695023)
(0.0021000811 0.0023021598 0.0031686494)
(0.0021000811 0.00177813 0.0034897724)
(0.0021000811 0.0012103165 0.0037249641)
(0.0021000811 0.00061270122 0.003868433)
(0.0021000811 0 0.0039166464)
(0.0024000977 0.0039166417 0)
(0.0024000977 0.0038684285 0.00061270049)
(0.0024000978 0.0037249597 0.001210315)
(0.0024000978 0.0034897683 0.0017781279)
(0.0024000978 0.0031686456 0.0023021571)
(0.0024000978 0.002769499 0.002769499)
(0.0024000978 0.0023021571 0.0031686456)
(0.0024000978 0.0017781279 0.0034897683)
(0.0024000978 0.001210315 0.0037249597)
(0.0024000978 0.00061270049 0.0038684285)
(0.0024000977 0 0.0039166417)
(0.0027001167 0.0039166363 0)
(0.0027001167 0.0038684231 0.00061269964)
(0.0027001167 0.0037249546 0.0012103133)
(0.0027001167 0.0034897635 0.0017781254)
(0.0027001167 0.0031686412 0.0023021539)
(0.0027001167 0.0027694951 0.0027694951)
(0.0027001167 0.0023021539 0.0031686412)
(0.0027001167 0.0017781254 0.0034897635)
(0.0027001167 0.0012103133 0.0037249546)
(0.0027001167 0.00061269964 0.0038684231)
(0.0027001167 0 0.0039166363)
(0.0030001383 0.0039166299 0)
(0.0030001384 0.0038684168 0.00061269863)
(0.0030001384 0.0037249485 0.0012103113)
(0.0030001384 0.0034897578 0.0017781225)
(0.0030001384 0.003168636 0.0023021501)
(0.0030001384 0.0027694906 0.0027694906)
(0.0030001384 0.0023021501 0.003168636)
(0.0030001384 0.0017781225 0.0034897578)
(0.0030001384 0.0012103113 0.0037249485)
(0.0030001384 0.00061269863 0.0038684168)
(0.0030001383 0 0.0039166299)
(0.0033001632 0.0039166224 0)
(0.0033001632 0.0038684093 0.00061269743)
(0.0033001632 0.0037249413 0.001210309)
(0.0033001633 0.003489751 0.001778119)
(0.0033001633 0.0031686299 0.0023021457)
(0.0033001633 0.0027694852 0.0027694852)
(0.0033001633 0.0023021457 0.0031686299)
(0.0033001633 0.001778119 0.003489751)
(0.0033001633 0.001210309 0.0037249413)
(0.0033001632 0.00061269743 0.0038684093)
(0.0033001632 0 0.0039166224)
(0.0036001918 0.0039166134 0)
(0.0036001918 0.0038684005 0.00061269601)
(0.0036001918 0.0037249327 0.0012103062)
(0.0036001918 0.003489743 0.0017781149)
(0.0036001919 0.0031686226 0.0023021403)
(0.0036001919 0.0027694788 0.0027694788)
(0.0036001919 0.0023021403 0.0031686226)
(0.0036001918 0.0017781149 0.003489743)
(0.0036001918 0.0012103062 0.0037249327)
(0.0036001918 0.00061269601 0.0038684005)
(0.0036001918 0 0.0039166134)
(0.0039002246 0.0039166028 0)
(0.0039002246 0.00386839 0.00061269434)
(0.0039002246 0.0037249226 0.0012103029)
(0.0039002247 0.0034897335 0.00177811)
(0.0039002247 0.003168614 0.0023021341)
(0.0039002247 0.0027694713 0.0027694713)
(0.0039002247 0.0023021341 0.003168614)
(0.0039002247 0.00177811 0.0034897335)
(0.0039002246 0.0012103029 0.0037249227)
(0.0039002246 0.00061269434 0.00386839)
(0.0039002246 0 0.0039166028)
(0.0042002621 0.0039165903 0)
(0.0042002622 0.0038683776 0.00061269235)
(0.0042002622 0.0037249107 0.001210299)
(0.0042002622 0.0034897223 0.0017781043)
(0.0042002622 0.0031686038 0.0023021266)
(0.0042002623 0.0027694624 0.0027694624)
(0.0042002622 0.0023021266 0.0031686038)
(0.0042002622 0.0017781043 0.0034897223)
(0.0042002622 0.001210299 0.0037249107)
(0.0042002622 0.00061269235 0.0038683777)
(0.0042002621 0 0.0039165903)
(0.004500305 0.0039165756 0)
(0.004500305 0.0038683631 0.00061269001)
(0.0045003051 0.0037248967 0.0012102944)
(0.0045003051 0.0034897092 0.0017780975)
(0.0045003051 0.0031685918 0.0023021179)
(0.0045003051 0.0027694519 0.0027694519)
(0.0045003051 0.0023021179 0.0031685918)
(0.0045003051 0.0017780975 0.0034897092)
(0.0045003051 0.0012102944 0.0037248967)
(0.004500305 0.00061269001 0.0038683631)
(0.004500305 0 0.0039165756)
(0.0048003537 0.0039165583 0)
(0.0048003537 0.003868346 0.00061268726)
(0.0048003538 0.0037248802 0.0012102889)
(0.0048003538 0.0034896937 0.0017780896)
(0.0048003539 0.0031685777 0.0023021076)
(0.0048003539 0.0027694396 0.0027694396)
(0.0048003539 0.0023021076 0.0031685777)
(0.0048003538 0.0017780896 0.0034896937)
(0.0048003538 0.0012102889 0.0037248802)
(0.0048003537 0.00061268726 0.003868346)
(0.0048003537 0 0.0039165583)
(0.0051004086 0.0039165381 0)
(0.0051004087 0.0038683261 0.00061268404)
(0.0051004087 0.003724861 0.0012102826)
(0.0051004088 0.0034896756 0.0017780803)
(0.0051004089 0.0031685613 0.0023020956)
(0.0051004089 0.0027694251 0.0027694251)
(0.0051004089 0.0023020956 0.0031685613)
(0.0051004088 0.0017780803 0.0034896756)
(0.0051004087 0.0012102826 0.003724861)
(0.0051004087 0.00061268403 0.0038683261)
(0.0051004086 0 0.0039165381)
(0.0054004701 0.0039165147 0)
(0.0054004702 0.0038683029 0.00061268027)
(0.0054004703 0.0037248386 0.0012102752)
(0.0054004704 0.0034896546 0.0017780694)
(0.0054004705 0.0031685421 0.0023020816)
(0.0054004705 0.0027694083 0.0027694083)
(0.0054004705 0.0023020816 0.0031685421)
(0.0054004704 0.0017780694 0.0034896546)
(0.0054004703 0.0012102752 0.0037248386)
(0.0054004702 0.00061268027 0.0038683029)
(0.0054004701 0 0.0039165147)
(0.0057005383 0.0039164875 0)
(0.0057005384 0.003868276 0.00061267591)
(0.0057005386 0.0037248127 0.0012102666)
(0.0057005387 0.0034896302 0.0017780568)
(0.0057005388 0.0031685199 0.0023020653)
(0.0057005389 0.0027693888 0.0027693888)
(0.0057005388 0.0023020653 0.0031685199)
(0.0057005387 0.0017780568 0.0034896302)
(0.0057005386 0.0012102666 0.0037248127)
(0.0057005384 0.00061267591 0.0038682761)
(0.0057005383 0 0.0039164876)
(0.0060006129 0.0039164565 0)
(0.006000613 0.0038682453 0.00061267089)
(0.0060006132 0.003724783 0.0012102567)
(0.0060006134 0.0034896022 0.0017780424)
(0.0060006136 0.0031684944 0.0023020467)
(0.0060006136 0.0027693665 0.0027693665)
(0.0060006136 0.0023020467 0.0031684944)
(0.0060006134 0.0017780424 0.0034896022)
(0.0060006132 0.0012102567 0.003724783)
(0.006000613 0.00061267089 0.0038682453)
(0.0060006129 0 0.0039164565)
(0.006300693 0.0039164212 0)
(0.0063006932 0.0038682104 0.00061266514)
(0.0063006934 0.0037247492 0.0012102454)
(0.0063006937 0.0034895704 0.0017780259)
(0.0063006939 0.0031684654 0.0023020254)
(0.006300694 0.002769341 0.002769341)
(0.0063006939 0.0023020254 0.0031684654)
(0.0063006937 0.0017780259 0.0034895704)
(0.0063006934 0.0012102454 0.0037247492)
(0.0063006932 0.00061266514 0.0038682104)
(0.006300693 0 0.0039164212)
(0.006600777 0.0039163816 0)
(0.0066007773 0.0038681711 0.00061265864)
(0.0066007776 0.0037247112 0.0012102327)
(0.006600778 0.0034895346 0.0017780073)
(0.0066007783 0.0031684327 0.0023020015)
(0.0066007784 0.0027693123 0.0027693123)
(0.0066007783 0.0023020015 0.0031684327)
(0.006600778 0.0017780073 0.0034895346)
(0.0066007776 0.0012102327 0.0037247112)
(0.0066007773 0.00061265864 0.0038681712)
(0.006600777 0 0.0039163816)
(0.0069008624 0.0039163378 0)
(0.0069008627 0.0038681277 0.00061265135)
(0.0069008632 0.003724669 0.0012102185)
(0.0069008638 0.0034894948 0.0017779866)
(0.0069008641 0.0031683963 0.0023019749)
(0.0069008643 0.0027692804 0.0027692804)
(0.0069008641 0.0023019749 0.0031683963)
(0.0069008638 0.0017779866 0.0034894948)
(0.0069008632 0.0012102185 0.003724669)
(0.0069008627 0.00061265135 0.0038681277)
(0.0069008624 0 0.0039163378)
(0.0072009452 0.0039162901 0)
(0.0072009457 0.0038680804 0.00061264327)
(0.0072009464 0.003724623 0.0012102029)
(0.0072009471 0.0034894513 0.001777964)
(0.0072009476 0.0031683566 0.0023019458)
(0.0072009478 0.0027692455 0.0027692455)
(0.0072009476 0.0023019458 0.0031683566)
(0.0072009471 0.001777964 0.0034894513)
(0.0072009464 0.0012102029 0.003724623)
(0.0072009457 0.00061264327 0.0038680804)
(0.0072009452 0 0.0039162901)
(0.0075010202 0.0039162393 0)
(0.0075010208 0.0038680299 0.00061263441)
(0.0075010219 0.0037245736 0.0012101861)
(0.0075010228 0.0034894045 0.0017779397)
(0.0075010235 0.0031683138 0.0023019145)
(0.0075010237 0.002769208 0.002769208)
(0.0075010235 0.0023019145 0.0031683138)
(0.0075010228 0.0017779397 0.0034894045)
(0.0075010219 0.0012101861 0.0037245736)
(0.0075010208 0.0006126344 0.0038680299)
(0.0075010202 0 0.0039162393)
(0.0078010809 0.0039161863 0)
(0.0078010819 0.003867977 0.00061262472)
(0.0078010833 0.0037245216 0.0012101683)
(0.0078010847 0.0034893551 0.001777914)
(0.0078010855 0.0031682687 0.0023018815)
(0.0078010857 0.0027691685 0.0027691685)
(0.0078010855 0.0023018815 0.0031682687)
(0.0078010847 0.001777914 0.0034893551)
(0.0078010833 0.0012101683 0.0037245216)
(0.0078010819 0.00061262472 0.003867977)
(0.0078010809 0 0.0039161863)
(0.0081011214 0.0039161317 0)
(0.0081011228 0.0038679221 0.00061261403)
(0.0081011249 0.0037244673 0.0012101497)
(0.0081011267 0.0034893034 0.0017778871)
(0.0081011277 0.0031682215 0.002301847)
(0.008101128 0.0027691271 0.0027691271)
(0.0081011277 0.002301847 0.0031682215)
(0.0081011267 0.0017778871 0.0034893034)
(0.0081011249 0.0012101497 0.0037244673)
(0.0081011228 0.00061261403 0.0038679221)
(0.0081011214 0 0.0039161317)
(0.0084011402 0.0039160742 0)
(0.0084011421 0.0038678639 0.00061260172)
(0.0084011451 0.0037244092 0.00121013)
(0.0084011475 0.003489248 0.0017778584)
(0.0084011487 0.0031681711 0.0023018102)
(0.008401149 0.002769083 0.002769083)
(0.0084011487 0.0023018102 0.0031681711)
(0.0084011475 0.0017778584 0.003489248)
(0.0084011451 0.00121013 0.0037244092)
(0.0084011421 0.00061260172 0.0038678639)
(0.0084011402 0 0.0039160742)
(0.0087011493 0.0039160096 0)
(0.0087011519 0.0038677983 0.00061258685)
(0.0087011562 0.0037243433 0.0012101079)
(0.0087011592 0.0034891855 0.0017778258)
(0.0087011605 0.0031681143 0.0023017687)
(0.0087011609 0.0027690333 0.0027690333)
(0.0087011605 0.0023017686 0.0031681143)
(0.0087011592 0.0017778258 0.0034891855)
(0.0087011562 0.0012101079 0.0037243433)
(0.0087011519 0.00061258685 0.0038677983)
(0.0087011493 0 0.0039160096)
(0.0090011524 0.0039159638 0)
(0.0090011537 0.0038677492 0.0006125884)
(0.0090011572 0.0037242939 0.0012100886)
(0.0090011602 0.003489141 0.0017778025)
(0.0090011613 0.0031680741 0.0023017393)
(0.0090011616 0.0027689982 0.0027689982)
(0.0090011613 0.0023017393 0.0031680741)
(0.0090011602 0.0017778025 0.0034891411)
(0.0090011572 0.0012100886 0.0037242939)
(0.0090011537 0.0006125884 0.0038677492)
(0.0090011524 0 0.0039159638)
(0 0.0042083333 0)
(0 0.0041565299 0.00065833153)
(0 0.0040023767 0.0013004536)
(0 0.0037496696 0.0019105546)
(0 0.0034046314 0.0024736111)
(0 0.0029757583 0.0029757583)
(0 0.0024736111 0.0034046314)
(0 0.0019105546 0.0037496696)
(0 0.0013004536 0.0040023767)
(0 0.00065833153 0.0041565299)
(0 0 0.0042083333)
(0.00030000899 0.0042083312 0)
(0.00030000899 0.0041565278 0.00065833119)
(0.00030000899 0.0040023746 0.001300453)
(0.00030000899 0.0037496677 0.0019105536)
(0.000300009 0.0034046297 0.0024736098)
(0.000300009 0.0029757568 0.0029757568)
(0.000300009 0.0024736098 0.0034046297)
(0.000300009 0.0019105536 0.0037496677)
(0.00030000899 0.001300453 0.0040023746)
(0.00030000899 0.00065833119 0.0041565278)
(0.00030000899 0 0.0042083312)
(0.00060001804 0.004208329 0)
(0.00060001804 0.0041565256 0.00065833085)
(0.00060001804 0.0040023726 0.0013004523)
(0.00060001805 0.0037496658 0.0019105526)
(0.00060001805 0.0034046279 0.0024736085)
(0.00060001805 0.0029757553 0.0029757553)
(0.00060001805 0.0024736085 0.0034046279)
(0.00060001805 0.0019105526 0.0037496658)
(0.00060001805 0.0013004523 0.0040023726)
(0.00060001805 0.00065833085 0.0041565256)
(0.00060001804 0 0.004208329)
(0.00090002735 0.0042083268 0)
(0.00090002735 0.0041565234 0.0006583305)
(0.00090002735 0.0040023704 0.0013004516)
(0.00090002735 0.0037496638 0.0019105516)
(0.00090002735 0.0034046261 0.0024736072)
(0.00090002736 0.0029757537 0.0029757537)
(0.00090002736 0.0024736072 0.0034046261)
(0.00090002735 0.0019105516 0.0037496638)
(0.00090002735 0.0013004516 0.0040023704)
(0.00090002735 0.0006583305 0.0041565234)
(0.00090002735 0 0.0042083268)
(0.0012000372 0.0042083243 0)
(0.0012000372 0.004156521 0.00065833011)
(0.0012000372 0.0040023681 0.0013004508)
(0.0012000372 0.0037496616 0.0019105504)
(0.0012000372 0.0034046241 0.0024736057)
(0.0012000372 0.0029757519 0.0029757519)
(0.0012000372 0.0024736057 0.0034046241)
(0.0012000372 0.0019105504 0.0037496616)
(0.0012000372 0.0013004508 0.0040023681)
(0.0012000372 0.00065833011 0.004156521)
(0.0012000372 0 0.0042083243)
(0.0015000478 0.0042083216 0)
(0.0015000478 0.0041565183 0.00065832968)
(0.0015000478 0.0040023655 0.00130045)
(0.0015000478 0.0037496591 0.0019105492)
(0.0015000478 0.0034046219 0.0024736041)
(0.0015000478 0.00297575 0.00297575)
(0.0015000478 0.0024736041 0.0034046219)
(0.0015000478 0.0019105492 0.0037496591)
(0.0015000478 0.00130045 0.0040023655)
(0.0015000478 0.00065832968 0.0041565183)
(0.0015000478 0 0.0042083216)
(0.0018000596 0.0042083185 0)
(0.0018000596 0.0041565152 0.00065832919)
(0.0018000596 0.0040023625 0.001300449)
(0.0018000596 0.0037496564 0.0019105478)
(0.0018000596 0.0034046194 0.0024736023)
(0.0018000596 0.0029757478 0.0029757478)
(0.0018000596 0.0024736023 0.0034046194)
(0.0018000596 0.0019105478 0.0037496564)
(0.0018000596 0.001300449 0.0040023625)
(0.0018000596 0.00065832919 0.0041565152)
(0.0018000596 0 0.0042083185)
(0.0021000727 0.0042083149 0)
(0.0021000727 0.0041565117 0.00065832863)
(0.0021000727 0.0040023591 0.0013004479)
(0.0021000727 0.0037496532 0.0019105461)
(0.0021000727 0.0034046164 0.0024736002)
(0.0021000727 0.0029757452 0.0029757452)
(0.0021000727 0.0024736002 0.0034046164)
(0.0021000727 0.0019105461 0.0037496532)
(0.0021000727 0.0013004479 0.0040023591)
(0.0021000727 0.00065832863 0.0041565117)
(0.0021000727 0 0.0042083149)
(0.0024000875 0.0042083107 0)
(0.0024000875 0.0041565075 0.00065832797)
(0.0024000875 0.0040023551 0.0013004466)
(0.0024000875 0.0037496494 0.0019105442)
(0.0024000875 0.003404613 0.0024735977)
(0.0024000875 0.0029757423 0.0029757423)
(0.0024000875 0.0024735977 0.003404613)
(0.0024000875 0.0019105442 0.0037496494)
(0.0024000875 0.0013004466 0.0040023551)
(0.0024000875 0.00065832797 0.0041565075)
(0.0024000875 0 0.0042083107)
(0.0027001044 0.0042083058 0)
(0.0027001044 0.0041565027 0.00065832719)
(0.0027001044 0.0040023505 0.0013004451)
(0.0027001044 0.003749645 0.001910542)
(0.0027001044 0.0034046091 0.0024735948)
(0.0027001044 0.0029757388 0.0029757388)
(0.0027001044 0.0024735948 0.0034046091)
(0.0027001044 0.001910542 0.003749645)
(0.0027001044 0.0013004451 0.0040023505)
(0.0027001044 0.00065832719 0.0041565027)
(0.0027001044 0 0.0042083058)
(0.0030001236 0.0042083 0)
(0.0030001237 0.0041564969 0.00065832628)
(0.0030001237 0.0040023449 0.0013004433)
(0.0030001237 0.0037496399 0.0019105393)
(0.0030001237 0.0034046044 0.0024735914)
(0.0030001237 0.0029757347 0.0029757347)
(0.0030001237 0.0024735914 0.0034046044)
(0.0030001237 0.0019105393 0.0037496399)
(0.0030001237 0.0013004433 0.0040023449)
(0.0030001237 0.00065832628 0.0041564969)
(0.0030001236 0 0.0042083)
(0.0033001457 0.0042082932 0)
(0.0033001457 0.0041564902 0.0006583252)
(0.0033001457 0.0040023384 0.0013004411)
(0.0033001457 0.0037496337 0.0019105362)
(0.0033001457 0.0034045988 0.0024735873)
(0.0033001458 0.0029757298 0.0029757298)
(0.0033001457 0.0024735873 0.0034045988)
(0.0033001457 0.0019105362 0.0037496338)
(0.0033001457 0.0013004411 0.0040023384)
(0.0033001457 0.0006583252 0.0041564902)
(0.0033001457 0 0.0042082932)
(0.0036001709 0.0042082851 0)
(0.003600171 0.0041564822 0.00065832392)
(0.003600171 0.0040023307 0.0013004386)
(0.003600171 0.0037496265 0.0019105325)
(0.003600171 0.0034045922 0.0024735825)
(0.003600171 0.0029757241 0.0029757241)
(0.003600171 0.0024735825 0.0034045922)
(0.003600171 0.0019105325 0.0037496265)
(0.003600171 0.0013004386 0.0040023307)
(0.003600171 0.00065832392 0.0041564822)
(0.0036001709 0 0.0042082851)
(0.0039001998 0.0042082756 0)
(0.0039001998 0.0041564728 0.00065832241)
(0.0039001998 0.0040023217 0.0013004356)
(0.0039001999 0.003749618 0.0019105281)
(0.0039001999 0.0034045845 0.0024735769)
(0.0039001999 0.0029757173 0.0029757173)
(0.0039001999 0.0024735769 0.0034045845)
(0.0039001999 0.0019105281 0.003749618)
(0.0039001999 0.0013004356 0.0040023217)
(0.0039001998 0.00065832241 0.0041564728)
(0.0039001998 0 0.0042082756)
(0.0042002327 0.0042082643 0)
(0.0042002327 0.0041564617 0.00065832063)
(0.0042002328 0.004002311 0.0013004321)
(0.0042002328 0.003749608 0.001910523)
(0.0042002328 0.0034045754 0.0024735702)
(0.0042002328 0.0029757093 0.0029757093)
(0.0042002328 0.0024735702 0.0034045754)
(0.0042002328 0.001910523 0.003749608)
(0.0042002328 0.0013004321 0.004002311)
(0.0042002327 0.00065832063 0.0041564617)
(0.0042002327 0 0.0042082643)
(0.00450027 0.0042082512 0)
(0.00450027 0.0041564487 0.00065831853)
(0.0045002701 0.0040022984 0.001300428)
(0.0045002701 0.0037495962 0.0019105169)
(0.0045002702 0.0034045646 0.0024735624)
(0.0045002702 0.0029756999 0.0029756999)
(0.0045002702 0.0024735624 0.0034045646)
(0.0045002701 0.0019105169 0.0037495962)
(0.0045002701 0.001300428 0.0040022984)
(0.00450027 0.00065831853 0.0041564487)
(0.00450027 0 0.0042082512)
(0.0048003121 0.0042082358 0)
(0.0048003121 0.0041564335 0.00065831608)
(0.0048003122 0.0040022838 0.0013004231)
(0.0048003122 0.0037495824 0.0019105098)
(0.0048003123 0.0034045521 0.0024735532)
(0.0048003123 0.0029756889 0.0029756889)
(0.0048003123 0.0024735532 0.0034045521)
(0.0048003122 0.0019105098 0.0037495824)
(0.0048003122 0.0013004231 0.0040022838)
(0.0048003121 0.00065831608 0.0041564335)
(0.0048003121 0 0.0042082358)
(0.0051003591 0.004208218 0)
(0.0051003592 0.0041564159 0.00065831322)
(0.0051003592 0.0040022667 0.0013004175)
(0.0051003593 0.0037495664 0.0019105016)
(0.0051003594 0.0034045375 0.0024735426)
(0.0051003594 0.0029756761 0.0029756761)
(0.0051003594 0.0024735426 0.0034045375)
(0.0051003593 0.0019105016 0.0037495664)
(0.0051003592 0.0013004175 0.0040022667)
(0.0051003592 0.00065831322 0.0041564159)
(0.0051003591 0 0.004208218)
(0.0054004112 0.0042081973 0)
(0.0054004113 0.0041563955 0.00065830991)
(0.0054004114 0.004002247 0.001300411)
(0.0054004115 0.0037495479 0.001910492)
(0.0054004115 0.0034045206 0.0024735302)
(0.0054004116 0.0029756613 0.0029756613)
(0.0054004115 0.0024735302 0.0034045206)
(0.0054004115 0.001910492 0.0037495479)
(0.0054004114 0.001300411 0.004002247)
(0.0054004113 0.00065830991 0.0041563955)
(0.0054004112 0 0.0042081973)
(0.005700468 0.0042081737 0)
(0.0057004681 0.0041563721 0.0006583061)
(0.0057004683 0.0040022245 0.0013004035)
(0.0057004684 0.0037495267 0.001910481)
(0.0057004685 0.0034045013 0.0024735161)
(0.0057004686 0.0029756443 0.0029756443)
(0.0057004685 0.0024735161 0.0034045013)
(0.0057004684 0.001910481 0.0037495267)
(0.0057004683 0.0013004035 0.0040022245)
(0.0057004681 0.0006583061 0.0041563721)
(0.005700468 0 0.0042081737)
(0.006000529 0.0042081469 0)
(0.0060005292 0.0041563456 0.00065830176)
(0.0060005294 0.0040021988 0.0013003949)
(0.0060005296 0.0037495025 0.0019104685)
(0.0060005297 0.0034044793 0.0024735)
(0.0060005298 0.002975625 0.002975625)
(0.0060005297 0.0024735 0.0034044793)
(0.0060005296 0.0019104685 0.0037495025)
(0.0060005294 0.0013003949 0.0040021988)
(0.0060005292 0.00065830176 0.0041563456)
(0.006000529 0 0.0042081469)
(0.0063005929 0.004208117 0)
(0.0063005931 0.0041563159 0.00065829687)
(0.0063005934 0.0040021701 0.0013003854)
(0.0063005937 0.0037494755 0.0019104545)
(0.0063005939 0.0034044546 0.0024734819)
(0.0063005939 0.0029756034 0.0029756034)
(0.0063005939 0.0024734819 0.0034044546)
(0.0063005937 0.0019104545 0.0037494755)
(0.0063005934 0.0013003853 0.0040021701)
(0.0063005931 0.00065829687 0.0041563159)
(0.0063005929 0 0.004208117)
(0.0066006577 0.004208084 0)
(0.006600658 0.0041562833 0.00065829144)
(0.0066006583 0.0040021385 0.0013003747)
(0.0066006587 0.0037494456 0.001910439)
(0.006600659 0.0034044273 0.0024734619)
(0.0066006591 0.0029755794 0.0029755794)
(0.006600659 0.0024734619 0.0034044273)
(0.0066006587 0.001910439 0.0037494456)
(0.0066006583 0.0013003747 0.0040021385)
(0.006600658 0.00065829144 0.0041562833)
(0.0066006577 0 0.004208084)
(0.0069007202 0.0042080485 0)
(0.0069007205 0.0041562481 0.00065828551)
(0.0069007211 0.0040021043 0.0013003632)
(0.0069007216 0.0037494133 0.0019104222)
(0.006900722 0.0034043978 0.0024734403)
(0.0069007221 0.0029755535 0.0029755535)
(0.006900722 0.0024734403 0.0034043978)
(0.0069007216 0.0019104222 0.0037494133)
(0.0069007211 0.0013003632 0.0040021043)
(0.0069007205 0.00065828551 0.0041562481)
(0.0069007202 0 0.0042080485)
(0.007200776 0.0042080115 0)
(0.0072007764 0.0041562113 0.00065827921)
(0.0072007772 0.0040020684 0.001300351)
(0.0072007779 0.0037493794 0.0019104046)
(0.0072007784 0.0034043668 0.0024734176)
(0.0072007785 0.0029755263 0.0029755263)
(0.0072007784 0.0024734176 0.0034043668)
(0.0072007779 0.0019104046 0.0037493794)
(0.0072007772 0.001300351 0.0040020684)
(0.0072007764 0.00065827921 0.0041562113)
(0.007200776 0 0.0042080115)
(0.0075008189 0.0042079745 0)
(0.0075008195 0.0041561744 0.00065827271)
(0.0075008206 0.0040020323 0.0013003387)
(0.0075008216 0.0037493451 0.0019103867)
(0.0075008222 0.0034043355 0.0024733947)
(0.0075008224 0.0029754988 0.0029754988)
(0.0075008222 0.0024733947 0.0034043355)
(0.0075008216 0.0019103867 0.0037493451)
(0.0075008206 0.0013003387 0.0040020323)
(0.0075008195 0.00065827271 0.0041561744)
(0.0075008189 0 0.0042079745)
(0.0078008409 0.00420794 0)
(0.0078008419 0.0041561399 0.00065826635)
(0.0078008434 0.0040019982 0.0013003271)
(0.0078008447 0.0037493127 0.0019103698)
(0.0078008455 0.0034043058 0.002473373)
(0.0078008457 0.0029754728 0.0029754728)
(0.0078008455 0.002473373 0.0034043059)
(0.0078008447 0.0019103698 0.0037493127)
(0.0078008434 0.0013003271 0.0040019982)
(0.0078008419 0.00065826635 0.0041561399)
(0.0078008409 0 0.00420794)
(0.0081008325 0.0042079118 0)
(0.0081008338 0.0041561112 0.00065826064)
(0.0081008361 0.0040019695 0.0013003172)
(0.0081008379 0.0037492852 0.0019103555)
(0.0081008388 0.0034042808 0.0024733546)
(0.008100839 0.0029754509 0.0029754509)
(0.0081008388 0.0024733546 0.0034042808)
(0.0081008379 0.0019103555 0.0037492852)
(0.0081008361 0.0013003172 0.0040019695)
(0.0081008338 0.00065826063 0.0041561112)
(0.0081008325 0 0.0042079118)
(0.0084007835 0.0042078947 0)
(0.0084007856 0.0041560932 0.00065825636)
(0.008400789 0.0040019506 0.0013003108)
(0.0084007913 0.003749267 0.0019103461)
(0.0084007923 0.0034042643 0.0024733426)
(0.0084007925 0.0029754365 0.0029754365)
(0.0084007923 0.0024733426 0.0034042643)
(0.0084007913 0.0019103461 0.003749267)
(0.008400789 0.0013003108 0.0040019506)
(0.0084007856 0.00065825636 0.0041560932)
(0.0084007835 0 0.0042078947)
(0.008700692 0.0042078934 0)
(0.0087006954 0.0041560905 0.00065825462)
(0.0087007005 0.004001946 0.0013003097)
(0.0087007035 0.0037492624 0.0019103437)
(0.0087007044 0.0034042604 0.0024733398)
(0.0087007046 0.0029754332 0.0029754332)
(0.0087007044 0.0024733398 0.0034042604)
(0.0087007035 0.0019103437 0.0037492624)
(0.0087007005 0.0013003097 0.0040019461)
(0.0087006954 0.00065825462 0.0041560905)
(0.008700692 0 0.0042078934)
(0.0090006969 0.0042078137 0)
(0.0090007091 0.0041560004 0.00065825181)
(0.0090007235 0.00400185 0.0013002774)
(0.0090007263 0.0037491747 0.0019102988)
(0.009000727 0.0034041809 0.0024732821)
(0.0090007272 0.0029753638 0.0029753638)
(0.009000727 0.0024732821 0.0034041809)
(0.0090007263 0.0019102987 0.0037491747)
(0.0090007235 0.0013002774 0.00400185)
(0.0090007091 0.00065825181 0.0041560004)
(0.0090006969 0 0.0042078137)
(0 0.0045 0)
(0 0.0044446067 0.00070395865)
(0 0.0042797699 0.0013905845)
(0 0.0040095487 0.0020429699)
(0 0.003640597 0.0026450503)
(0 0.003182 0.003182)
(0 0.0026450503 0.003640597)
(0 0.0020429699 0.0040095487)
(0 0.0013905845 0.0042797699)
(0 0.00070395865 0.0044446067)
(0 0 0.0045)
(0.00030000784 0.0044999981 0)
(0.00030000788 0.0044446048 0.00070395835)
(0.00030000788 0.0042797681 0.0013905839)
(0.00030000788 0.004009547 0.002042969)
(0.00030000788 0.0036405955 0.0026450492)
(0.00030000788 0.0031819987 0.0031819987)
(0.00030000788 0.0026450492 0.0036405955)
(0.00030000788 0.002042969 0.004009547)
(0.00030000788 0.0013905839 0.0042797681)
(0.00030000788 0.00070395835 0.0044446048)
(0.00030000784 0 0.0044999981)
(0.00060001573 0.0044999962 0)
(0.0006000158 0.0044446029 0.00070395805)
(0.0006000158 0.0042797663 0.0013905833)
(0.0006000158 0.0040095453 0.0020429681)
(0.0006000158 0.0036405939 0.002645048)
(0.0006000158 0.0031819973 0.0031819973)
(0.0006000158 0.002645048 0.0036405939)
(0.0006000158 0.0020429681 0.0040095453)
(0.0006000158 0.0013905833 0.0042797663)
(0.0006000158 0.00070395805 0.0044446029)
(0.00060001573 0 0.0044999962)
(0.00090002384 0.0044999942 0)
(0.00090002395 0.0044446009 0.00070395773)
(0.00090002395 0.0042797644 0.0013905827)
(0.00090002395 0.0040095435 0.0020429672)
(0.00090002395 0.0036405923 0.0026450469)
(0.00090002395 0.0031819959 0.0031819959)
(0.00090002395 0.0026450469 0.0036405923)
(0.00090002395 0.0020429672 0.0040095435)
(0.00090002395 0.0013905827 0.0042797644)
(0.00090002395 0.00070395773 0.0044446009)
(0.00090002384 0 0.0044999942)
(0.0012000324 0.004499992 0)
(0.0012000326 0.0044445988 0.00070395739)
(0.0012000326 0.0042797623 0.001390582)
(0.0012000326 0.0040095416 0.0020429662)
(0.0012000326 0.0036405905 0.0026450456)
(0.0012000326 0.0031819943 0.0031819943)
(0.0012000326 0.0026450456 0.0036405905)
(0.0012000326 0.0020429662 0.0040095416)
(0.0012000326 0.001390582 0.0042797623)
(0.0012000326 0.00070395739 0.0044445988)
(0.0012000324 0 0.004499992)
(0.0015000417 0.0044999896 0)
(0.0015000419 0.0044445964 0.00070395701)
(0.0015000419 0.00427976 0.0013905813)
(0.0015000419 0.0040095394 0.0020429651)
(0.0015000419 0.0036405886 0.0026450442)
(0.0015000419 0.0031819926 0.0031819926)
(0.0015000419 0.0026450442 0.0036405886)
(0.0015000419 0.0020429651 0.0040095394)
(0.0015000419 0.0013905813 0.00427976)
(0.0015000419 0.00070395701 0.0044445964)
(0.0015000417 0 0.0044999896)
(0.0018000519 0.0044999869 0)
(0.0018000521 0.0044445937 0.00070395658)
(0.0018000521 0.0042797574 0.0013905804)
(0.0018000521 0.004009537 0.0020429639)
(0.0018000521 0.0036405863 0.0026450425)
(0.0018000521 0.0031819907 0.0031819907)
(0.0018000521 0.0026450425 0.0036405863)
(0.0018000521 0.0020429639 0.004009537)
(0.0018000521 0.0013905804 0.0042797574)
(0.0018000521 0.00070395658 0.0044445937)
(0.0018000519 0 0.0044999869)
(0.0021000633 0.0044999837 0)
(0.0021000636 0.0044445905 0.00070395608)
(0.0021000636 0.0042797544 0.0013905794)
(0.0021000636 0.0040095341 0.0020429624)
(0.0021000636 0.0036405838 0.0026450407)
(0.0021000636 0.0031819884 0.0031819884)
(0.0021000636 0.0026450407 0.0036405838)
(0.0021000636 0.0020429624 0.0040095341)
(0.0021000636 0.0013905794 0.0042797544)
(0.0021000636 0.00070395608 0.0044445905)
(0.0021000633 0 0.0044999837)
(0.0024000762 0.0044999801 0)
(0.0024000765 0.0044445869 0.0007039555)
(0.0024000765 0.0042797509 0.0013905783)
(0.0024000765 0.0040095308 0.0020429607)
(0.0024000765 0.0036405808 0.0026450385)
(0.0024000765 0.0031819858 0.0031819858)
(0.0024000765 0.0026450385 0.0036405808)
(0.0024000765 0.0020429607 0.0040095308)
(0.0024000765 0.0013905783 0.0042797509)
(0.0024000765 0.00070395549 0.0044445869)
(0.0024000762 0 0.0044999801)
(0.0027000908 0.0044999757 0)
(0.0027000912 0.0044445826 0.00070395481)
(0.0027000912 0.0042797467 0.0013905769)
(0.0027000912 0.0040095269 0.0020429587)
(0.0027000912 0.0036405772 0.0026450359)
(0.0027000912 0.0031819827 0.0031819827)
(0.0027000912 0.0026450359 0.0036405772)
(0.0027000912 0.0020429587 0.0040095269)
(0.0027000912 0.0013905769 0.0042797467)
(0.0027000912 0.00070395481 0.0044445826)
(0.0027000908 0 0.0044999757)
(0.0030001075 0.0044999707 0)
(0.003000108 0.0044445776 0.000703954)
(0.003000108 0.0042797419 0.0013905753)
(0.003000108 0.0040095224 0.0020429564)
(0.003000108 0.0036405731 0.0026450329)
(0.003000108 0.0031819791 0.0031819791)
(0.003000108 0.0026450329 0.0036405731)
(0.003000108 0.0020429564 0.0040095224)
(0.003000108 0.0013905753 0.0042797419)
(0.003000108 0.000703954 0.0044445776)
(0.0030001075 0 0.0044999707)
(0.0033001265 0.0044999647 0)
(0.0033001271 0.0044445716 0.00070395305)
(0.0033001271 0.0042797361 0.0013905734)
(0.0033001271 0.004009517 0.0020429536)
(0.0033001271 0.0036405682 0.0026450293)
(0.0033001271 0.0031819748 0.0031819748)
(0.0033001271 0.0026450293 0.0036405682)
(0.0033001271 0.0020429536 0.004009517)
(0.0033001271 0.0013905734 0.0042797361)
(0.0033001271 0.00070395305 0.0044445716)
(0.0033001265 0 0.0044999647)
(0.0036001483 0.0044999576 0)
(0.003600149 0.0044445646 0.00070395193)
(0.003600149 0.0042797294 0.0013905712)
(0.003600149 0.0040095107 0.0020429504)
(0.003600149 0.0036405624 0.0026450251)
(0.003600149 0.0031819697 0.0031819697)
(0.003600149 0.0026450251 0.0036405624)
(0.003600149 0.0020429504 0.0040095107)
(0.003600149 0.0013905712 0.0042797294)
(0.003600149 0.00070395193 0.0044445646)
(0.0036001483 0 0.0044999576)
(0.0039001731 0.0044999493 0)
(0.0039001739 0.0044445563 0.0007039506)
(0.0039001739 0.0042797214 0.0013905686)
(0.0039001739 0.0040095032 0.0020429465)
(0.0039001739 0.0036405556 0.0026450201)
(0.0039001739 0.0031819638 0.0031819638)
(0.0039001739 0.0026450201 0.0036405556)
(0.0039001739 0.0020429465 0.0040095032)
(0.0039001739 0.0013905686 0.0042797214)
(0.0039001739 0.0007039506 0.0044445563)
(0.0039001731 0 0.0044999493)
(0.0042002012 0.0044999395 0)
(0.0042002021 0.0044445466 0.00070394904)
(0.0042002022 0.004279712 0.0013905655)
(0.0042002022 0.0040094944 0.002042942)
(0.0042002022 0.0036405476 0.0026450143)
(0.0042002022 0.0031819568 0.0031819568)
(0.0042002022 0.0026450143 0.0036405476)
(0.0042002022 0.002042942 0.0040094944)
(0.0042002022 0.0013905655 0.004279712)
(0.0042002021 0.00070394904 0.0044445466)
(0.0042002012 0 0.0044999395)
(0.0045002329 0.004499928 0)
(0.0045002341 0.0044445353 0.00070394721)
(0.0045002341 0.0042797011 0.0013905619)
(0.0045002341 0.0040094841 0.0020429367)
(0.0045002342 0.0036405382 0.0026450075)
(0.0045002342 0.0031819486 0.0031819486)
(0.0045002342 0.0026450075 0.0036405382)
(0.0045002341 0.0020429367 0.0040094841)
(0.0045002341 0.0013905619 0.0042797011)
(0.0045002341 0.0007039472 0.0044445353)
(0.0045002329 0 0.004499928)
(0.0048002685 0.0044999147 0)
(0.0048002698 0.004444522 0.00070394507)
(0.0048002699 0.0042796883 0.0013905577)
(0.0048002699 0.0040094721 0.0020429306)
(0.00480027 0.0036405273 0.0026449995)
(0.00480027 0.003181939 0.003181939)
(0.00480027 0.0026449995 0.0036405273)
(0.0048002699 0.0020429305 0.0040094721)
(0.0048002699 0.0013905577 0.0042796883)
(0.0048002698 0.00070394507 0.004444522)
(0.0048002685 0 0.0044999147)
(0.005100308 0.0044998993 0)
(0.0051003095 0.0044445067 0.00070394259)
(0.0051003096 0.0042796735 0.0013905528)
(0.0051003097 0.0040094582 0.0020429234)
(0.0051003097 0.0036405147 0.0026449902)
(0.0051003098 0.0031819279 0.0031819279)
(0.0051003097 0.0026449902 0.0036405147)
(0.0051003097 0.0020429234 0.0040094582)
(0.0051003096 0.0013905528 0.0042796735)
(0.0051003095 0.00070394259 0.0044445067)
(0.005100308 0 0.0044998993)
(0.0054003513 0.0044998816 0)
(0.0054003531 0.0044444891 0.00070393973)
(0.0054003532 0.0042796565 0.0013905472)
(0.0054003533 0.0040094422 0.0020429151)
(0.0054003534 0.0036405001 0.0026449796)
(0.0054003534 0.0031819151 0.0031819151)
(0.0054003534 0.0026449796 0.0036405001)
(0.0054003533 0.0020429151 0.0040094422)
(0.0054003532 0.0013905472 0.0042796565)
(0.0054003531 0.00070393973 0.0044444891)
(0.0054003513 0 0.0044998816)
(0.005700398 0.0044998615 0)
(0.0057004001 0.0044444691 0.00070393646)
(0.0057004002 0.0042796372 0.0013905407)
(0.0057004004 0.004009424 0.0020429057)
(0.0057004005 0.0036404835 0.0026449674)
(0.0057004005 0.0031819006 0.0031819006)
(0.0057004005 0.0026449674 0.0036404835)
(0.0057004004 0.0020429057 0.004009424)
(0.0057004002 0.0013905407 0.0042796372)
(0.0057004001 0.00070393646 0.0044444691)
(0.005700398 0 0.0044998615)
(0.0060004473 0.0044998389 0)
(0.0060004497 0.0044444467 0.00070393278)
(0.0060004499 0.0042796155 0.0013905335)
(0.0060004501 0.0040094036 0.0020428951)
(0.0060004503 0.0036404649 0.0026449538)
(0.0060004503 0.0031818842 0.0031818842)
(0.0060004503 0.0026449538 0.0036404649)
(0.0060004501 0.0020428951 0.0040094036)
(0.0060004499 0.0013905335 0.0042796155)
(0.0060004497 0.00070393277 0.0044444467)
(0.0060004473 0 0.0044998389)
(0.0063004978 0.0044998139 0)
(0.0063005006 0.0044444218 0.00070392867)
(0.0063005009 0.0042795914 0.0013905254)
(0.0063005012 0.0040093809 0.0020428834)
(0.0063005014 0.0036404442 0.0026449386)
(0.0063005014 0.003181866 0.003181866)
(0.0063005014 0.0026449386 0.0036404442)
(0.0063005012 0.0020428834 0.0040093809)
(0.0063005009 0.0013905254 0.0042795914)
(0.0063005006 0.00070392867 0.0044444218)
(0.0063004978 0 0.0044998139)
(0.0066005475 0.004499787 0)
(0.0066005507 0.004444395 0.0007039242)
(0.006600551 0.0042795654 0.0013905167)
(0.0066005514 0.0040093563 0.0020428706)
(0.0066005517 0.0036404217 0.0026449222)
(0.0066005518 0.0031818463 0.0031818463)
(0.0066005517 0.0026449222 0.0036404217)
(0.0066005514 0.0020428706 0.0040093563)
(0.006600551 0.0013905167 0.0042795654)
(0.0066005507 0.0007039242 0.004444395)
(0.0066005475 0 0.004499787)
(0.006900593 0.0044997588 0)
(0.0069005967 0.0044443668 0.00070391944)
(0.0069005972 0.0042795379 0.0013905074)
(0.0069005977 0.0040093304 0.0020428571)
(0.0069005981 0.003640398 0.0026449048)
(0.0069005982 0.0031818255 0.0031818255)
(0.0069005981 0.0026449048 0.003640398)
(0.0069005977 0.0020428571 0.0040093304)
(0.0069005972 0.0013905074 0.0042795379)
(0.0069005967 0.00070391944 0.0044443668)
(0.006900593 0 0.0044997588)
(0.0072006301 0.0044997305 0)
(0.0072006344 0.0044443385 0.00070391459)
(0.0072006351 0.0042795104 0.0013904981)
(0.0072006358 0.0040093043 0.0020428435)
(0.0072006362 0.0036403741 0.0026448873)
(0.0072006363 0.0031818046 0.0031818046)
(0.0072006362 0.0026448873 0.0036403742)
(0.0072006358 0.0020428435 0.0040093043)
(0.0072006351 0.0013904981 0.0042795104)
(0.0072006344 0.00070391459 0.0044443385)
(0.0072006302 0 0.0044997305)
(0.0075006528 0.0044997045 0)
(0.0075006575 0.0044443122 0.00070390997)
(0.0075006586 0.0042794846 0.0013904893)
(0.0075006595 0.0040092798 0.0020428308)
(0.00750066 0.0036403518 0.0026448709)
(0.0075006602 0.0031817849 0.0031817849)
(0.00750066 0.0026448709 0.0036403518)
(0.0075006595 0.0020428308 0.0040092798)
(0.0075006586 0.0013904893 0.0042794846)
(0.0075006575 0.00070390996 0.0044443122)
(0.0075006528 0 0.0044997045)
(0.0078006528 0.0044996842 0)
(0.0078006582 0.0044442915 0.00070390611)
(0.0078006596 0.004279464 0.0013904822)
(0.0078006608 0.0040092601 0.0020428205)
(0.0078006615 0.0036403338 0.0026448578)
(0.0078006617 0.0031817692 0.0031817692)
(0.0078006615 0.0026448578 0.0036403338)
(0.0078006608 0.0020428205 0.0040092601)
(0.0078006596 0.0013904822 0.004279464)
(0.0078006582 0.00070390611 0.0044442915)
(0.0078006528 0 0.0044996842)
(0.0081006194 0.0044996755 0)
(0.0081006253 0.0044442821 0.00070390403)
(0.0081006274 0.0042794541 0.0013904788)
(0.008100629 0.0040092505 0.0020428155)
(0.0081006297 0.003640325 0.0026448514)
(0.0081006299 0.0031817615 0.0031817615)
(0.0081006297 0.0026448514 0.003640325)
(0.008100629 0.0020428155 0.0040092505)
(0.0081006274 0.0013904788 0.0042794541)
(0.0081006253 0.00070390403 0.0044442821)
(0.0081006194 0 0.0044996755)
(0.0084005382 0.0044996886 0)
(0.0084005445 0.0044442942 0.00070390555)
(0.0084005474 0.0042794649 0.0013904824)
(0.0084005493 0.0040092604 0.0020428206)
(0.0084005501 0.0036403341 0.002644858)
(0.0084005503 0.0031817695 0.0031817695)
(0.0084005501 0.002644858 0.0036403341)
(0.0084005493 0.0020428206 0.0040092604)
(0.0084005474 0.0013904824 0.0042794649)
(0.0084005445 0.00070390555 0.0044442942)
(0.0084005382 0 0.0044996886)
(0.0087003987 0.0044997375 0)
(0.0087004042 0.0044443421 0.00070391348)
(0.0087004082 0.0042795103 0.001390498)
(0.0087004103 0.004009303 0.0020428428)
(0.0087004109 0.0036403732 0.0026448867)
(0.0087004111 0.0031818038 0.0031818038)
(0.0087004109 0.0026448867 0.0036403732)
(0.0087004103 0.0020428428 0.004009303)
(0.0087004082 0.001390498 0.0042795103)
(0.0087004042 0.00070391348 0.0044443421)
(0.0087003987 0 0.0044997375)
(0.009 0.0045 0)
(0.009 0.0044446067 0.00070395865)
(0.009 0.0042797699 0.0013905845)
(0.009 0.0040095487 0.0020429699)
(0.009 0.003640597 0.0026450503)
(0.009 0.003182 0.003182)
(0.009 0.0026450503 0.003640597)
(0.009 0.0020429699 0.0040095487)
(0.009 0.0013905845 0.0042797699)
(0.009 0.00070395865 0.0044446067)
(0.009 0 0.0045)
(0 0.0046875 0)
(0 0.0046298182 0.00073329785)
(0 0.004458127 0.0014485426)
(0 0.0041766546 0.0021281206)
(0 0.0037923324 0.0027552963)
(0 0.003314625 0.003314625)
(0 0.0027552963 0.0037923324)
(0 0.0021281206 0.0041766546)
(0 0.0014485426 0.004458127)
(0 0.00073329785 0.0046298182)
(0 0 0.0046875)
(0.0003000069 0.0046874983 0)
(0.0003000069 0.0046298165 0.00073329759)
(0.0003000069 0.0044581254 0.0014485421)
(0.0003000069 0.0041766531 0.0021281198)
(0.0003000069 0.0037923311 0.0027552954)
(0.0003000069 0.0033146238 0.0033146238)
(0.0003000069 0.0027552954 0.0037923311)
(0.0003000069 0.0021281198 0.0041766531)
(0.0003000069 0.0014485421 0.0044581254)
(0.0003000069 0.00073329759 0.0046298165)
(0.0003000069 0 0.0046874983)
(0.00060001384 0.0046874966 0)
(0.00060001384 0.0046298149 0.00073329733)
(0.00060001384 0.0044581238 0.0014485416)
(0.00060001384 0.0041766516 0.002128119)
(0.00060001384 0.0037923297 0.0027552944)
(0.00060001384 0.0033146226 0.0033146226)
(0.00060001384 0.0027552944 0.0037923297)
(0.00060001384 0.002128119 0.0041766516)
(0.00060001384 0.0014485416 0.0044581238)
(0.00060001384 0.00073329733 0.0046298149)
(0.00060001384 0 0.0046874966)
(0.00090002097 0.0046874949 0)
(0.00090002098 0.0046298131 0.00073329705)
(0.00090002098 0.0044581221 0.001448541)
(0.00090002098 0.00417665 0.0021281182)
(0.00090002098 0.0037923283 0.0027552933)
(0.00090002098 0.0033146214 0.0033146214)
(0.00090002098 0.0027552933 0.0037923283)
(0.00090002098 0.0021281182 0.00417665)
(0.00090002098 0.001448541 0.0044581221)
(0.00090002098 0.00073329705 0.0046298131)
(0.00090002098 0 0.0046874949)
(0.0012000285 0.0046874929 0)
(0.0012000285 0.0046298112 0.00073329675)
(0.0012000285 0.0044581203 0.0014485404)
(0.0012000285 0.0041766483 0.0021281174)
(0.0012000285 0.0037923267 0.0027552922)
(0.0012000285 0.00331462 0.00331462)
(0.0012000285 0.0027552922 0.0037923267)
(0.0012000285 0.0021281174 0.0041766483)
(0.0012000285 0.0014485404 0.0044581203)
(0.0012000285 0.00073329675 0.0046298112)
(0.0012000285 0 0.0046874929)
(0.0015000367 0.0046874908 0)
(0.0015000367 0.0046298091 0.00073329641)
(0.0015000367 0.0044581183 0.0014485398)
(0.0015000367 0.0041766464 0.0021281164)
(0.0015000367 0.003792325 0.0027552909)
(0.0015000367 0.0033146185 0.0033146185)
(0.0015000367 0.0027552909 0.003792325)
(0.0015000367 0.0021281164 0.0041766464)
(0.0015000367 0.0014485398 0.0044581183)
(0.0015000367 0.00073329641 0.0046298091)
(0.0015000367 0 0.0046874908)
(0.0018000456 0.0046874884 0)
(0.0018000456 0.0046298067 0.00073329603)
(0.0018000456 0.004458116 0.001448539)
(0.0018000456 0.0041766442 0.0021281153)
(0.0018000456 0.003792323 0.0027552895)
(0.0018000456 0.0033146168 0.0033146168)
(0.0018000456 0.0027552895 0.003792323)
(0.0018000456 0.0021281153 0.0041766442)
(0.0018000456 0.001448539 0.004458116)
(0.0018000456 0.00073329603 0.0046298067)
(0.0018000456 0 0.0046874884)
(0.0021000556 0.0046874856 0)
(0.0021000557 0.0046298039 0.00073329559)
(0.0021000557 0.0044581133 0.0014485381)
(0.0021000557 0.0041766417 0.002128114)
(0.0021000557 0.0037923208 0.0027552878)
(0.0021000557 0.0033146148 0.0033146148)
(0.0021000557 0.0027552878 0.0037923208)
(0.0021000557 0.002128114 0.0041766417)
(0.0021000557 0.0014485381 0.0044581133)
(0.0021000557 0.00073329559 0.0046298039)
(0.0021000557 0 0.0046874856)
(0.0024000669 0.0046874823 0)
(0.002400067 0.0046298007 0.00073329507)
(0.002400067 0.0044581102 0.0014485371)
(0.002400067 0.0041766388 0.0021281125)
(0.002400067 0.0037923181 0.0027552859)
(0.002400067 0.0033146125 0.0033146125)
(0.002400067 0.0027552859 0.0037923181)
(0.002400067 0.0021281125 0.0041766388)
(0.002400067 0.0014485371 0.0044581102)
(0.002400067 0.00073329507 0.0046298007)
(0.002400067 0 0.0046874823)
(0.0027000798 0.0046874785 0)
(0.0027000798 0.004629797 0.00073329447)
(0.0027000798 0.0044581066 0.0014485359)
(0.0027000798 0.0041766354 0.0021281108)
(0.0027000798 0.003792315 0.0027552837)
(0.0027000798 0.0033146098 0.0033146098)
(0.0027000798 0.0027552837 0.003792315)
(0.0027000798 0.0021281108 0.0041766354)
(0.0027000798 0.0014485359 0.0044581066)
(0.0027000798 0.00073329447 0.004629797)
(0.0027000798 0 0.0046874785)
(0.0030000944 0.004687474 0)
(0.0030000944 0.0046297925 0.00073329376)
(0.0030000944 0.0044581023 0.0014485345)
(0.0030000944 0.0041766314 0.0021281087)
(0.0030000944 0.0037923114 0.002755281)
(0.0030000944 0.0033146066 0.0033146066)
(0.0030000944 0.002755281 0.0037923114)
(0.0030000944 0.0021281087 0.0041766314)
(0.0030000944 0.0014485345 0.0044581023)
(0.0030000944 0.00073329376 0.0046297925)
(0.0030000944 0 0.004687474)
(0.0033001111 0.0046874687 0)
(0.0033001111 0.0046297873 0.00073329292)
(0.0033001111 0.0044580972 0.0014485329)
(0.0033001111 0.0041766266 0.0021281063)
(0.0033001111 0.0037923071 0.0027552779)
(0.0033001111 0.0033146028 0.0033146028)
(0.0033001111 0.0027552779 0.0037923071)
(0.0033001111 0.0021281063 0.0041766266)
(0.0033001111 0.0014485329 0.0044580972)
(0.0033001111 0.00073329292 0.0046297873)
(0.0033001111 0 0.0046874687)
(0.0036001301 0.0046874625 0)
(0.0036001301 0.0046297811 0.00073329193)
(0.0036001301 0.0044580913 0.0014485309)
(0.0036001301 0.0041766211 0.0021281034)
(0.0036001301 0.003792302 0.0027552742)
(0.0036001301 0.0033145983 0.0033145983)
(0.0036001301 0.0027552742 0.003792302)
(0.0036001301 0.0021281034 0.0041766211)
(0.0036001301 0.0014485309 0.0044580913)
(0.0036001301 0.00073329193 0.0046297811)
(0.0036001301 0 0.0046874625)
(0.0039001517 0.0046874551 0)
(0.0039001517 0.0046297739 0.00073329077)
(0.0039001517 0.0044580843 0.0014485286)
(0.0039001517 0.0041766145 0.0021281)
(0.0039001517 0.003792296 0.0027552698)
(0.0039001517 0.0033145931 0.0033145931)
(0.0039001517 0.0027552698 0.003792296)
(0.0039001517 0.0021281 0.0041766145)
(0.0039001517 0.0014485286 0.0044580843)
(0.0039001517 0.00073329077 0.0046297739)
(0.0039001517 0 0.0046874551)
(0.0042001761 0.0046874465 0)
(0.0042001761 0.0046297653 0.0007332894)
(0.0042001762 0.0044580761 0.0014485259)
(0.0042001762 0.0041766068 0.0021280961)
(0.0042001762 0.003792289 0.0027552647)
(0.0042001762 0.003314587 0.003314587)
(0.0042001762 0.0027552647 0.003792289)
(0.0042001762 0.0021280961 0.0041766068)
(0.0042001762 0.0014485259 0.0044580761)
(0.0042001761 0.0007332894 0.0046297653)
(0.0042001761 0 0.0046874465)
(0.0045002037 0.0046874365 0)
(0.0045002037 0.0046297554 0.00073328779)
(0.0045002037 0.0044580665 0.0014485228)
(0.0045002037 0.0041765978 0.0021280914)
(0.0045002038 0.0037922808 0.0027552587)
(0.0045002038 0.0033145798 0.0033145798)
(0.0045002038 0.0027552587 0.0037922808)
(0.0045002038 0.0021280914 0.0041765978)
(0.0045002037 0.0014485228 0.0044580665)
(0.0045002037 0.00073328779 0.0046297554)
(0.0045002037 0 0.0046874365)
(0.0048002344 0.0046874248 0)
(0.0048002344 0.0046297438 0.00073328592)
(0.0048002345 0.0044580553 0.0014485191)
(0.0048002345 0.0041765873 0.002128086)
(0.0048002346 0.0037922712 0.0027552517)
(0.0048002346 0.0033145714 0.0033145714)
(0.0048002346 0.0027552517 0.0037922712)
(0.0048002345 0.002128086 0.0041765873)
(0.0048002345 0.0014485191 0.0044580553)
(0.0048002344 0.00073328592 0.0046297438)
(0.0048002344 0 0.0046874248)
(0.0051002684 0.0046874113 0)
(0.0051002684 0.0046297305 0.00073328376)
(0.0051002685 0.0044580424 0.0014485148)
(0.0051002685 0.0041765752 0.0021280798)
(0.0051002686 0.0037922602 0.0027552436)
(0.0051002686 0.0033145617 0.0033145617)
(0.0051002686 0.0027552436 0.0037922602)
(0.0051002685 0.0021280798 0.0041765752)
(0.0051002685 0.0014485148 0.0044580424)
(0.0051002684 0.00073328376 0.0046297305)
(0.0051002684 0 0.0046874113)
(0.0054003054 0.0046873958 0)
(0.0054003054 0.0046297152 0.00073328128)
(0.0054003055 0.0044580277 0.0014485099)
(0.0054003056 0.0041765613 0.0021280726)
(0.0054003057 0.0037922476 0.0027552344)
(0.0054003057 0.0033145506 0.0033145506)
(0.0054003057 0.0027552344 0.0037922476)
(0.0054003056 0.0021280726 0.0041765613)
(0.0054003055 0.0014485099 0.0044580277)
(0.0054003054 0.00073328128 0.0046297152)
(0.0054003054 0 0.0046873958)
(0.005700345 0.0046873784 0)
(0.0057003451 0.004629698 0.00073327845)
(0.0057003452 0.004458011 0.0014485044)
(0.0057003454 0.0041765456 0.0021280645)
(0.0057003455 0.0037922332 0.0027552239)
(0.0057003455 0.0033145381 0.0033145381)
(0.0057003455 0.0027552239 0.0037922332)
(0.0057003454 0.0021280645 0.0041765456)
(0.0057003452 0.0014485044 0.004458011)
(0.0057003451 0.00073327845 0.004629698)
(0.005700345 0 0.0046873784)
(0.0060003865 0.0046873589 0)
(0.0060003866 0.0046296787 0.00073327528)
(0.0060003867 0.0044579923 0.0014484981)
(0.0060003869 0.004176528 0.0021280554)
(0.0060003871 0.0037922172 0.0027552122)
(0.0060003871 0.003314524 0.003314524)
(0.0060003871 0.0027552122 0.0037922172)
(0.0060003869 0.0021280554 0.004176528)
(0.0060003867 0.0014484981 0.0044579923)
(0.0060003866 0.00073327528 0.0046296787)
(0.0060003865 0 0.0046873589)
(0.0063004284 0.0046873375 0)
(0.0063004285 0.0046296575 0.00073327179)
(0.0063004288 0.0044579718 0.0014484913)
(0.006300429 0.0041765087 0.0021280454)
(0.0063004292 0.0037921995 0.0027551992)
(0.0063004293 0.0033145085 0.0033145085)
(0.0063004292 0.0027551992 0.0037921995)
(0.006300429 0.0021280454 0.0041765087)
(0.0063004288 0.0014484913 0.0044579718)
(0.0063004285 0.00073327179 0.0046296575)
(0.0063004284 0 0.0046873375)
(0.0066004688 0.0046873147 0)
(0.0066004689 0.0046296349 0.00073326802)
(0.0066004693 0.0044579499 0.0014484839)
(0.0066004696 0.004176488 0.0021280346)
(0.0066004699 0.0037921806 0.0027551854)
(0.0066004699 0.0033144919 0.0033144919)
(0.0066004699 0.0027551854 0.0037921806)
(0.0066004696 0.0021280346 0.004176488)
(0.0066004693 0.0014484839 0.0044579499)
(0.0066004689 0.00073326802 0.0046296349)
(0.0066004688 0 0.0046873147)
(0.0069005047 0.0046872912 0)
(0.006900505 0.0046296116 0.00073326409)
(0.0069005054 0.0044579272 0.0014484763)
(0.0069005059 0.0041764666 0.0021280235)
(0.0069005062 0.0037921611 0.002755171)
(0.0069005063 0.0033144747 0.0033144747)
(0.0069005062 0.002755171 0.0037921611)
(0.0069005059 0.0021280235 0.0041764666)
(0.0069005054 0.0014484763 0.0044579272)
(0.006900505 0.00073326409 0.0046296116)
(0.0069005047 0 0.0046872912)
(0.0072005323 0.0046872684 0)
(0.0072005326 0.0046295889 0.0007332602)
(0.0072005333 0.0044579051 0.0014484687)
(0.0072005339 0.0041764456 0.0021280125)
(0.0072005343 0.0037921419 0.002755157)
(0.0072005344 0.0033144579 0.0033144579)
(0.0072005343 0.002755157 0.0037921419)
(0.0072005339 0.0021280125 0.0041764456)
(0.0072005333 0.0014484687 0.0044579051)
(0.0072005326 0.0007332602 0.0046295889)
(0.0072005323 0 0.0046872684)
(0.0075005462 0.0046872484 0)
(0.0075005466 0.004629569 0.00073325668)
(0.0075005476 0.0044578855 0.001448462)
(0.0075005484 0.0041764269 0.0021280028)
(0.0075005489 0.0037921248 0.0027551445)
(0.007500549 0.0033144429 0.0033144429)
(0.0075005489 0.0027551445 0.0037921248)
(0.0075005484 0.0021280028 0.0041764269)
(0.0075005476 0.001448462 0.0044578855)
(0.0075005466 0.00073325668 0.004629569)
(0.0075005462 0 0.0046872484)
(0.0078005397 0.0046872347 0)
(0.0078005404 0.0046295551 0.00073325409)
(0.0078005417 0.0044578716 0.0014484573)
(0.0078005427 0.0041764137 0.0021279959)
(0.0078005433 0.0037921127 0.0027551356)
(0.0078005435 0.0033144323 0.0033144323)
(0.0078005433 0.0027551356 0.0037921127)
(0.0078005427 0.0021279959 0.0041764137)
(0.0078005417 0.0014484573 0.0044578716)
(0.0078005404 0.00073325409 0.0046295551)
(0.0078005397 0 0.0046872347)
(0.008100505 0.0046872322 0)
(0.0081005059 0.0046295523 0.0007332533)
(0.0081005077 0.0044578684 0.0014484561)
(0.008100509 0.0041764103 0.0021279941)
(0.0081005097 0.0037921097 0.0027551334)
(0.0081005098 0.0033144296 0.0033144296)
(0.0081005097 0.0027551334 0.0037921097)
(0.008100509 0.0021279941 0.0041764103)
(0.0081005077 0.0014484561 0.0044578684)
(0.0081005059 0.00073325329 0.0046295523)
(0.008100505 0 0.0046872322)
(0.008400434 0.0046872483 0)
(0.0084004353 0.0046295677 0.00073325558)
(0.0084004376 0.0044578827 0.0014484609)
(0.0084004392 0.0041764236 0.002128001)
(0.0084004399 0.0037921218 0.0027551423)
(0.00840044 0.0033144403 0.0033144403)
(0.0084004399 0.0027551423 0.0037921218)
(0.0084004392 0.002128001 0.0041764236)
(0.0084004376 0.0014484609 0.0044578827)
(0.0084004353 0.00073325558 0.0046295677)
(0.008400434 0 0.0046872483)
(0.0087003289 0.0046872886 0)
(0.0087003305 0.0046296073 0.00073326211)
(0.0087003333 0.0044579204 0.0014484737)
(0.008700335 0.0041764591 0.0021280195)
(0.0087003355 0.0037921543 0.0027551661)
(0.0087003357 0.0033144689 0.0033144689)
(0.0087003355 0.0027551661 0.0037921543)
(0.008700335 0.0021280195 0.0041764591)
(0.0087003333 0.0014484737 0.0044579204)
(0.0087003305 0.00073326211 0.0046296073)
(0.0087003289 0 0.0046872886)
(0.0090001846 0.0046873741 0)
(0.0090001699 0.0046297034 0.0007332784)
(0.0090001717 0.0044580143 0.0014485051)
(0.0090001727 0.0041765479 0.0021280654)
(0.009000173 0.0037922353 0.0027552253)
(0.0090001731 0.0033145398 0.0033145398)
(0.009000173 0.0027552253 0.0037922353)
(0.0090001727 0.0021280654 0.0041765479)
(0.0090001717 0.0014485051 0.0044580143)
(0.0090001699 0.0007332784 0.0046297034)
(0.0090001846 0 0.0046873741)
(0 0.004875 0)
(0 0.0048150297 0.00076263706)
(0 0.0046364841 0.0015065008)
(0 0.0043437604 0.0022132713)
(0 0.0039440679 0.0028655424)
(0 0.00344725 0.00344725)
(0 0.0028655424 0.0039440679)
(0 0.0022132713 0.0043437604)
(0 0.0015065008 0.0046364841)
(0 0.00076263706 0.0048150297)
(0 0 0.004875)
(0.00030000597 0.0048749985 0)
(0.00030000597 0.0048150282 0.00076263683)
(0.00030000598 0.0046364827 0.0015065003)
(0.00030000598 0.0043437591 0.0022132706)
(0.00030000598 0.0039440667 0.0028655415)
(0.00030000598 0.003447249 0.003447249)
(0.00030000598 0.0028655415 0.0039440667)
(0.00030000598 0.0022132706 0.0043437591)
(0.00030000598 0.0015065003 0.0046364827)
(0.00030000598 0.00076263683 0.0048150282)
(0.00030000598 0 0.0048749985)
(0.00060001199 0.0048749971 0)
(0.00060001199 0.0048150268 0.0007626366)
(0.00060001199 0.0046364813 0.0015064999)
(0.00060001199 0.0043437578 0.00221327)
(0.00060001199 0.0039440655 0.0028655407)
(0.00060001199 0.0034472479 0.0034472479)
(0.00060001199 0.0028655407 0.0039440655)
(0.00060001199 0.00221327 0.0043437578)
(0.00060001199 0.0015064999 0.0046364813)
(0.00060001199 0.0007626366 0.0048150268)
(0.00060001199 0 0.0048749971)
(0.00090001816 0.0048749955 0)
(0.00090001817 0.0048150253 0.00076263636)
(0.00090001817 0.0046364798 0.0015064994)
(0.00090001817 0.0043437564 0.0022132693)
(0.00090001817 0.0039440642 0.0028655398)
(0.00090001817 0.0034472468 0.0034472468)
(0.00090001817 0.0028655398 0.0039440642)
(0.00090001817 0.0022132693 0.0043437564)
(0.00090001817 0.0015064994 0.0046364798)
(0.00090001817 0.00076263636 0.0048150253)
(0.00090001817 0 0.0048749955)
(0.0012000247 0.0048749939 0)
(0.0012000247 0.0048150236 0.0007626361)
(0.0012000247 0.0046364782 0.0015064989)
(0.0012000247 0.0043437549 0.0022132685)
(0.0012000247 0.0039440629 0.0028655388)
(0.0012000247 0.0034472456 0.0034472456)
(0.0012000247 0.0028655388 0.0039440629)
(0.0012000247 0.0022132685 0.0043437549)
(0.0012000247 0.0015064989 0.0046364782)
(0.0012000247 0.0007626361 0.0048150236)
(0.0012000247 0 0.0048749939)
(0.0015000317 0.004874992 0)
(0.0015000317 0.0048150218 0.0007626358)
(0.0015000317 0.0046364765 0.0015064983)
(0.0015000317 0.0043437533 0.0022132676)
(0.0015000318 0.0039440614 0.0028655377)
(0.0015000318 0.0034472443 0.0034472443)
(0.0015000318 0.0028655377 0.0039440614)
(0.0015000318 0.0022132676 0.0043437533)
(0.0015000317 0.0015064983 0.0046364765)
(0.0015000317 0.0007626358 0.0048150218)
(0.0015000317 0 0.004874992)
(0.0018000395 0.0048749899 0)
(0.0018000395 0.0048150197 0.00076263547)
(0.0018000395 0.0046364745 0.0015064976)
(0.0018000395 0.0043437514 0.0022132667)
(0.0018000395 0.0039440597 0.0028655364)
(0.0018000395 0.0034472428 0.0034472428)
(0.0018000395 0.0028655364 0.0039440597)
(0.0018000395 0.0022132667 0.0043437514)
(0.0018000395 0.0015064976 0.0046364745)
(0.0018000395 0.00076263547 0.0048150197)
(0.0018000395 0 0.0048749899)
(0.0021000482 0.0048749875 0)
(0.0021000482 0.0048150173 0.00076263509)
(0.0021000482 0.0046364721 0.0015064969)
(0.0021000482 0.0043437492 0.0022132656)
(0.0021000482 0.0039440577 0.002865535)
(0.0021000482 0.0034472411 0.0034472411)
(0.0021000482 0.002865535 0.0039440577)
(0.0021000482 0.0022132656 0.0043437492)
(0.0021000482 0.0015064969 0.0046364721)
(0.0021000482 0.00076263509 0.0048150173)
(0.0021000482 0 0.0048749875)
(0.0024000579 0.0048749846 0)
(0.0024000579 0.0048150145 0.00076263464)
(0.002400058 0.0046364694 0.001506496)
(0.002400058 0.0043437467 0.0022132643)
(0.002400058 0.0039440554 0.0028655333)
(0.002400058 0.0034472391 0.0034472391)
(0.002400058 0.0028655333 0.0039440554)
(0.002400058 0.0022132643 0.0043437467)
(0.002400058 0.001506496 0.0046364694)
(0.002400058 0.00076263464 0.0048150145)
(0.0024000579 0 0.0048749846)
(0.002700069 0.0048749813 0)
(0.002700069 0.0048150112 0.00076263412)
(0.002700069 0.0046364663 0.0015064949)
(0.002700069 0.0043437437 0.0022132628)
(0.002700069 0.0039440527 0.0028655314)
(0.0027000691 0.0034472367 0.0034472367)
(0.0027000691 0.0028655314 0.0039440527)
(0.002700069 0.0022132628 0.0043437437)
(0.002700069 0.0015064949 0.0046364663)
(0.002700069 0.00076263412 0.0048150112)
(0.002700069 0 0.0048749813)
(0.0030000816 0.0048749774 0)
(0.0030000817 0.0048150073 0.0007626335)
(0.0030000817 0.0046364626 0.0015064937)
(0.0030000817 0.0043437402 0.002213261)
(0.0030000817 0.0039440495 0.002865529)
(0.0030000817 0.0034472339 0.0034472339)
(0.0030000817 0.002865529 0.0039440495)
(0.0030000817 0.002213261 0.0043437402)
(0.0030000817 0.0015064937 0.0046364626)
(0.0030000817 0.0007626335 0.0048150073)
(0.0030000816 0 0.0048749774)
(0.003300096 0.0048749728 0)
(0.003300096 0.0048150028 0.00076263277)
(0.003300096 0.0046364582 0.0015064923)
(0.0033000961 0.0043437361 0.0022132589)
(0.0033000961 0.0039440458 0.0028655263)
(0.0033000961 0.0034472307 0.0034472307)
(0.0033000961 0.0028655263 0.0039440458)
(0.0033000961 0.0022132589 0.0043437361)
(0.003300096 0.0015064923 0.0046364582)
(0.003300096 0.00076263277 0.0048150028)
(0.003300096 0 0.0048749728)
(0.0036001124 0.0048749674 0)
(0.0036001124 0.0048149974 0.00076263191)
(0.0036001124 0.004636453 0.0015064906)
(0.0036001124 0.0043437313 0.0022132564)
(0.0036001124 0.0039440414 0.0028655231)
(0.0036001124 0.0034472268 0.0034472268)
(0.0036001124 0.0028655231 0.0039440414)
(0.0036001124 0.0022132564 0.0043437313)
(0.0036001124 0.0015064906 0.004636453)
(0.0036001124 0.00076263191 0.0048149974)
(0.0036001124 0 0.0048749674)
(0.003900131 0.004874961 0)
(0.003900131 0.0048149911 0.00076263089)
(0.003900131 0.0046364469 0.0015064886)
(0.003900131 0.0043437256 0.0022132534)
(0.003900131 0.0039440362 0.0028655193)
(0.0039001311 0.0034472222 0.0034472222)
(0.003900131 0.0028655193 0.0039440362)
(0.003900131 0.0022132534 0.0043437256)
(0.003900131 0.0015064886 0.0046364469)
(0.003900131 0.00076263089 0.0048149911)
(0.003900131 0 0.004874961)
(0.004200152 0.0048749535 0)
(0.004200152 0.0048149837 0.00076262971)
(0.004200152 0.0046364398 0.0015064862)
(0.0042001521 0.0043437189 0.00221325)
(0.0042001521 0.0039440301 0.0028655149)
(0.0042001521 0.0034472169 0.0034472169)
(0.0042001521 0.0028655148 0.0039440301)
(0.0042001521 0.00221325 0.0043437189)
(0.004200152 0.0015064862 0.0046364398)
(0.004200152 0.0007626297 0.0048149837)
(0.004200152 0 0.0048749535)
(0.0045001756 0.0048749448 0)
(0.0045001756 0.0048149751 0.00076262831)
(0.0045001756 0.0046364315 0.0015064835)
(0.0045001757 0.0043437111 0.002213246)
(0.0045001757 0.003944023 0.0028655097)
(0.0045001757 0.0034472107 0.0034472107)
(0.0045001757 0.0028655097 0.003944023)
(0.0045001757 0.002213246 0.0043437111)
(0.0045001756 0.0015064835 0.0046364315)
(0.0045001756 0.00076262831 0.0048149751)
(0.0045001756 0 0.0048749448)
(0.0048002019 0.0048749347 0)
(0.0048002019 0.0048149651 0.0007626267)
(0.0048002019 0.0046364218 0.0015064803)
(0.004800202 0.004343702 0.0022132413)
(0.004800202 0.0039440147 0.0028655036)
(0.004800202 0.0034472034 0.0034472034)
(0.004800202 0.0028655036 0.0039440147)
(0.004800202 0.0022132413 0.004343702)
(0.0048002019 0.0015064803 0.0046364218)
(0.0048002019 0.0007626267 0.0048149651)
(0.0048002019 0 0.0048749347)
(0.0051002308 0.004874923 0)
(0.0051002308 0.0048149536 0.00076262483)
(0.0051002309 0.0046364107 0.0015064766)
(0.005100231 0.0043436915 0.0022132359)
(0.005100231 0.0039440052 0.0028654967)
(0.005100231 0.0034471951 0.0034471951)
(0.005100231 0.0028654967 0.0039440052)
(0.005100231 0.0022132359 0.0043436915)
(0.0051002309 0.0015064766 0.0046364107)
(0.0051002309 0.00076262483 0.0048149536)
(0.0051002308 0 0.004874923)
(0.0054002622 0.0048749097 0)
(0.0054002623 0.0048149404 0.00076262269)
(0.0054002623 0.004636398 0.0015064724)
(0.0054002624 0.0043436796 0.0022132297)
(0.0054002625 0.0039439943 0.0028654887)
(0.0054002625 0.0034471855 0.0034471855)
(0.0054002625 0.0028654887 0.0039439943)
(0.0054002624 0.0022132297 0.0043436796)
(0.0054002623 0.0015064724 0.004636398)
(0.0054002623 0.00076262268 0.0048149404)
(0.0054002622 0 0.0048749097)
(0.0057002957 0.0048748947 0)
(0.0057002957 0.0048149256 0.00076262026)
(0.0057002958 0.0046363837 0.0015064676)
(0.005700296 0.0043436661 0.0022132227)
(0.0057002961 0.003943982 0.0028654797)
(0.0057002961 0.0034471747 0.0034471747)
(0.0057002961 0.0028654797 0.003943982)
(0.005700296 0.0022132227 0.0043436661)
(0.0057002958 0.0015064676 0.0046363837)
(0.0057002957 0.00076262026 0.0048149256)
(0.0057002957 0 0.0048748947)
(0.0060003304 0.004874878 0)
(0.0060003305 0.0048149091 0.00076261755)
(0.0060003306 0.0046363677 0.0015064623)
(0.0060003308 0.004343651 0.0022132149)
(0.0060003309 0.0039439682 0.0028654696)
(0.006000331 0.0034471627 0.0034471627)
(0.0060003309 0.0028654696 0.0039439682)
(0.0060003308 0.0022132149 0.004343651)
(0.0060003306 0.0015064623 0.0046363677)
(0.0060003305 0.00076261755 0.0048149091)
(0.0060003304 0 0.004874878)
(0.0063003652 0.0048748599 0)
(0.0063003653 0.0048148911 0.00076261457)
(0.0063003655 0.0046363503 0.0015064565)
(0.0063003657 0.0043436346 0.0022132064)
(0.0063003659 0.0039439532 0.0028654586)
(0.0063003659 0.0034471495 0.0034471495)
(0.0063003659 0.0028654586 0.0039439532)
(0.0063003657 0.0022132064 0.0043436346)
(0.0063003655 0.0015064565 0.0046363503)
(0.0063003653 0.00076261457 0.0048148911)
(0.0063003652 0 0.0048748599)
(0.0066003982 0.0048748407 0)
(0.0066003984 0.0048148721 0.00076261139)
(0.0066003987 0.0046363318 0.0015064502)
(0.006600399 0.0043436171 0.0022131973)
(0.0066003992 0.0039439373 0.0028654469)
(0.0066003993 0.0034471355 0.0034471355)
(0.0066003992 0.0028654469 0.0039439373)
(0.006600399 0.0022131973 0.0043436171)
(0.0066003987 0.0015064502 0.0046363318)
(0.0066003984 0.00076261139 0.0048148721)
(0.0066003982 0 0.0048748407)
(0.006900427 0.0048748211 0)
(0.0069004272 0.0048148527 0.00076260812)
(0.0069004276 0.0046363129 0.0015064439)
(0.006900428 0.0043435993 0.0022131881)
(0.0069004283 0.003943921 0.002865435)
(0.0069004284 0.0034471212 0.0034471212)
(0.0069004283 0.002865435 0.003943921)
(0.006900428 0.0022131881 0.0043435993)
(0.0069004276 0.0015064439 0.0046363129)
(0.0069004272 0.00076260812 0.0048148527)
(0.006900427 0 0.0048748211)
(0.0072004481 0.0048748025 0)
(0.0072004484 0.0048148342 0.00076260496)
(0.007200449 0.0046362949 0.0015064378)
(0.0072004495 0.0043435822 0.0022131791)
(0.0072004499 0.0039439053 0.0028654235)
(0.00720045 0.0034471075 0.0034471075)
(0.0072004499 0.0028654235 0.0039439053)
(0.0072004496 0.0022131791 0.0043435822)
(0.007200449 0.0015064378 0.0046362949)
(0.0072004484 0.00076260496 0.0048148342)
(0.0072004481 0 0.0048748025)
(0.0075004573 0.0048747869 0)
(0.0075004577 0.0048148185 0.0007626022)
(0.0075004585 0.0046362795 0.0015064325)
(0.0075004592 0.0043435675 0.0022131715)
(0.0075004596 0.0039438919 0.0028654137)
(0.0075004598 0.0034470957 0.0034470957)
(0.0075004596 0.0028654137 0.0039438919)
(0.0075004592 0.0022131715 0.0043435675)
(0.0075004585 0.0015064325 0.0046362795)
(0.0075004577 0.0007626022 0.0048148185)
(0.0075004573 0 0.0048747868)
(0.0078004493 0.004874777 0)
(0.0078004498 0.0048148086 0.00076260034)
(0.0078004509 0.0046362695 0.001506429)
(0.0078004519 0.004343558 0.0022131665)
(0.0078004524 0.0039438832 0.0028654073)
(0.0078004525 0.003447088 0.003447088)
(0.0078004524 0.0028654073 0.0039438832)
(0.0078004519 0.0022131665 0.004343558)
(0.0078004509 0.001506429 0.0046362695)
(0.0078004498 0.00076260034 0.0048148086)
(0.0078004493 0 0.004874777)
(0.0081004188 0.0048747769 0)
(0.0081004195 0.0048148082 0.00076260006)
(0.008100421 0.0046362687 0.0015064287)
(0.0081004221 0.0043435571 0.002213166)
(0.0081004227 0.0039438824 0.0028654067)
(0.0081004229 0.0034470873 0.0034470873)
(0.0081004227 0.0028654067 0.0039438824)
(0.0081004221 0.002213166 0.0043435571)
(0.008100421 0.0015064287 0.0046362687)
(0.0081004195 0.00076260006 0.0048148082)
(0.0081004188 0 0.0048747769)
(0.0084003621 0.0048747913 0)
(0.0084003631 0.0048148222 0.0007626022)
(0.008400365 0.0046362818 0.0015064331)
(0.0084003663 0.0043435693 0.0022131723)
(0.0084003668 0.0039438935 0.0028654149)
(0.008400367 0.0034470971 0.0034470971)
(0.0084003668 0.0028654148 0.0039438935)
(0.0084003663 0.0022131723 0.0043435693)
(0.008400365 0.0015064331 0.0046362818)
(0.0084003631 0.0007626022 0.0048148222)
(0.0084003621 0 0.0048747913)
(0.0087002817 0.0048748241 0)
(0.0087002828 0.0048148544 0.0007626075)
(0.0087002849 0.0046363127 0.0015064435)
(0.0087002863 0.0043435983 0.0022131874)
(0.0087002867 0.00394392 0.0028654343)
(0.0087002869 0.0034471204 0.0034471204)
(0.0087002867 0.0028654343 0.00394392)
(0.0087002863 0.0022131874 0.0043435983)
(0.0087002849 0.0015064435 0.0046363127)
(0.0087002828 0.0007626075 0.0048148544)
(0.0087002817 0 0.0048748241)
(0.0090001752 0.0048748863 0)
(0.0090001643 0.0048149241 0.00076261925)
(0.0090001658 0.0046363807 0.0015064663)
(0.0090001667 0.0043436626 0.0022132207)
(0.009000167 0.0039439787 0.0028654772)
(0.0090001671 0.0034471718 0.0034471718)
(0.009000167 0.0028654772 0.0039439787)
(0.0090001667 0.0022132207 0.0043436626)
(0.0090001658 0.0015064663 0.0046363807)
(0.0090001643 0.00076261925 0.0048149241)
(0.0090001752 0 0.0048748863)
(0 0.0050625 0)
(0 0.0050002412 0.00079197627)
(0 0.0048148412 0.0015644589)
(0 0.0045108663 0.002298422)
(0 0.0040958033 0.0029757884)
(0 0.003579875 0.003579875)
(0 0.0029757884 0.0040958033)
(0 0.002298422 0.0045108663)
(0 0.0015644589 0.0048148412)
(0 0.00079197627 0.0050002412)
(0 0 0.0050625)
(0.00030000501 0.0050624988 0)
(0.00030000501 0.00500024 0.00079197608)
(0.00030000501 0.00481484 0.0015644585)
(0.00030000501 0.0045108652 0.0022984215)
(0.00030000501 0.0040958023 0.0029757877)
(0.00030000501 0.0035798741 0.0035798741)
(0.00030000501 0.0029757877 0.0040958023)
(0.00030000501 0.0022984215 0.0045108652)
(0.00030000501 0.0015644585 0.00481484)
(0.00030000501 0.00079197608 0.00500024)
(0.00030000501 0 0.0050624988)
(0.00060001005 0.0050624975 0)
(0.00060001005 0.0050002387 0.00079197588)
(0.00060001005 0.0048148388 0.0015644581)
(0.00060001005 0.0045108641 0.0022984209)
(0.00060001005 0.0040958013 0.002975787)
(0.00060001005 0.0035798733 0.0035798733)
(0.00060001005 0.002975787 0.0040958013)
(0.00060001005 0.0022984209 0.0045108641)
(0.00060001005 0.0015644581 0.0048148388)
(0.00060001005 0.00079197588 0.0050002387)
(0.00060001005 0 0.0050624975)
(0.00090001523 0.0050624962 0)
(0.00090001524 0.0050002375 0.00079197568)
(0.00090001524 0.0048148376 0.0015644577)
(0.00090001524 0.0045108629 0.0022984203)
(0.00090001524 0.0040958003 0.0029757862)
(0.00090001524 0.0035798723 0.0035798723)
(0.00090001524 0.0029757862 0.0040958003)
(0.00090001524 0.0022984203 0.0045108629)
(0.00090001524 0.0015644577 0.0048148376)
(0.00090001524 0.00079197568 0.0050002375)
(0.00090001524 0 0.0050624962)
(0.0012000207 0.0050624948 0)
(0.0012000207 0.0050002361 0.00079197546)
(0.0012000207 0.0048148362 0.0015644573)
(0.0012000207 0.0045108617 0.0022984197)
(0.0012000207 0.0040957991 0.0029757854)
(0.0012000207 0.0035798713 0.0035798713)
(0.0012000207 0.0029757854 0.0040957991)
(0.0012000207 0.0022984197 0.0045108617)
(0.0012000207 0.0015644573 0.0048148362)
(0.0012000207 0.00079197546 0.0050002361)
(0.0012000207 0 0.0050624948)
(0.0015000266 0.0050624933 0)
(0.0015000266 0.0050002345 0.00079197521)
(0.0015000266 0.0048148348 0.0015644568)
(0.0015000266 0.0045108603 0.0022984189)
(0.0015000266 0.0040957978 0.0029757845)
(0.0015000266 0.0035798702 0.0035798702)
(0.0015000266 0.0029757845 0.0040957978)
(0.0015000266 0.0022984189 0.0045108603)
(0.0015000266 0.0015644568 0.0048148348)
(0.0015000266 0.00079197521 0.0050002345)
(0.0015000266 0 0.0050624933)
(0.0018000331 0.0050624915 0)
(0.0018000331 0.0050002328 0.00079197493)
(0.0018000331 0.0048148331 0.0015644563)
(0.0018000331 0.0045108587 0.0022984181)
(0.0018000331 0.0040957964 0.0029757834)
(0.0018000331 0.003579869 0.003579869)
(0.0018000331 0.0029757834 0.0040957964)
(0.0018000331 0.0022984181 0.0045108587)
(0.0018000331 0.0015644563 0.0048148331)
(0.0018000331 0.00079197493 0.0050002328)
(0.0018000331 0 0.0050624915)
(0.0021000404 0.0050624894 0)
(0.0021000404 0.0050002307 0.00079197461)
(0.0021000404 0.0048148311 0.0015644556)
(0.0021000404 0.0045108569 0.0022984172)
(0.0021000404 0.0040957947 0.0029757822)
(0.0021000404 0.0035798675 0.0035798675)
(0.0021000404 0.0029757822 0.0040957947)
(0.0021000404 0.0022984172 0.0045108569)
(0.0021000404 0.0015644556 0.0048148311)
(0.0021000404 0.00079197461 0.0050002307)
(0.0021000404 0 0.0050624894)
(0.0024000486 0.005062487 0)
(0.0024000486 0.0050002284 0.00079197423)
(0.0024000486 0.0048148288 0.0015644549)
(0.0024000486 0.0045108547 0.0022984161)
(0.0024000486 0.0040957928 0.0029757808)
(0.0024000486 0.0035798658 0.0035798658)
(0.0024000486 0.0029757808 0.0040957928)
(0.0024000486 0.0022984161 0.0045108547)
(0.0024000486 0.0015644549 0.0048148288)
(0.0024000486 0.00079197423 0.0050002284)
(0.0024000486 0 0.005062487)
(0.0027000579 0.0050624842 0)
(0.0027000579 0.0050002256 0.00079197379)
(0.0027000579 0.0048148262 0.001564454)
(0.0027000579 0.0045108522 0.0022984148)
(0.0027000579 0.0040957905 0.0029757791)
(0.0027000579 0.0035798638 0.0035798638)
(0.0027000579 0.0029757791 0.0040957905)
(0.0027000579 0.0022984148 0.0045108522)
(0.0027000579 0.001564454 0.0048148262)
(0.0027000579 0.00079197379 0.0050002256)
(0.0027000579 0 0.0050624842)
(0.0030000684 0.0050624809 0)
(0.0030000684 0.0050002223 0.00079197327)
(0.0030000684 0.004814823 0.001564453)
(0.0030000684 0.0045108493 0.0022984133)
(0.0030000684 0.0040957878 0.0029757772)
(0.0030000685 0.0035798615 0.0035798615)
(0.0030000684 0.0029757772 0.0040957878)
(0.0030000684 0.0022984133 0.0045108493)
(0.0030000684 0.001564453 0.004814823)
(0.0030000684 0.00079197327 0.0050002223)
(0.0030000684 0 0.0050624809)
(0.0033000805 0.0050624771 0)
(0.0033000805 0.0050002185 0.00079197265)
(0.0033000805 0.0048148193 0.0015644518)
(0.0033000805 0.0045108458 0.0022984115)
(0.0033000805 0.0040957847 0.0029757749)
(0.0033000805 0.0035798587 0.0035798587)
(0.0033000805 0.0029757749 0.0040957847)
(0.0033000805 0.0022984115 0.0045108458)
(0.0033000805 0.0015644518 0.0048148193)
(0.0033000805 0.00079197265 0.0050002185)
(0.0033000805 0 0.0050624771)
(0.0036000941 0.0050624725 0)
(0.0036000941 0.005000214 0.00079197193)
(0.0036000942 0.004814815 0.0015644503)
(0.0036000942 0.0045108417 0.0022984094)
(0.0036000942 0.004095781 0.0029757722)
(0.0036000942 0.0035798555 0.0035798555)
(0.0036000942 0.0029757722 0.004095781)
(0.0036000942 0.0022984094 0.0045108417)
(0.0036000942 0.0015644503 0.004814815)
(0.0036000941 0.00079197193 0.005000214)
(0.0036000941 0 0.0050624725)
(0.0039001097 0.0050624671 0)
(0.0039001097 0.0050002087 0.00079197107)
(0.0039001097 0.0048148099 0.0015644486)
(0.0039001097 0.0045108369 0.002298407)
(0.0039001097 0.0040957766 0.002975769)
(0.0039001097 0.0035798516 0.0035798516)
(0.0039001097 0.002975769 0.0040957766)
(0.0039001097 0.002298407 0.0045108369)
(0.0039001097 0.0015644486 0.0048148099)
(0.0039001097 0.00079197107 0.0050002087)
(0.0039001097 0 0.0050624671)
(0.0042001272 0.0050624608 0)
(0.0042001272 0.0050002025 0.00079197007)
(0.0042001272 0.0048148039 0.0015644467)
(0.0042001272 0.0045108313 0.0022984041)
(0.0042001272 0.0040957715 0.0029757652)
(0.0042001273 0.0035798471 0.0035798471)
(0.0042001272 0.0029757652 0.0040957715)
(0.0042001272 0.0022984041 0.0045108313)
(0.0042001272 0.0015644467 0.0048148039)
(0.0042001272 0.00079197007 0.0050002025)
(0.0042001272 0 0.0050624608)
(0.0045001468 0.0050624535 0)
(0.0045001468 0.0050001953 0.0007919689)
(0.0045001469 0.0048147969 0.0015644444)
(0.0045001469 0.0045108247 0.0022984007)
(0.0045001469 0.0040957655 0.0029757609)
(0.0045001469 0.0035798419 0.0035798419)
(0.0045001469 0.0029757609 0.0040957655)
(0.0045001469 0.0022984007 0.0045108247)
(0.0045001469 0.0015644444 0.0048147969)
(0.0045001468 0.0007919689 0.0050001953)
(0.0045001468 0 0.0050624535)
(0.0048001687 0.005062445 0)
(0.0048001687 0.0050001869 0.00079196755)
(0.0048001687 0.0048147888 0.0015644417)
(0.0048001687 0.0045108171 0.0022983968)
(0.0048001688 0.0040957586 0.0029757558)
(0.0048001688 0.0035798358 0.0035798358)
(0.0048001688 0.0029757558 0.0040957586)
(0.0048001687 0.0022983968 0.0045108171)
(0.0048001687 0.0015644417 0.0048147888)
(0.0048001687 0.00079196755 0.0050001869)
(0.0048001687 0 0.005062445)
(0.0051001926 0.0050624353 0)
(0.0051001927 0.0050001772 0.00079196598)
(0.0051001927 0.0048147795 0.0015644386)
(0.0051001928 0.0045108084 0.0022983922)
(0.0051001928 0.0040957506 0.00297575)
(0.0051001928 0.0035798288 0.0035798288)
(0.0051001928 0.00297575 0.0040957506)
(0.0051001928 0.0022983922 0.0045108084)
(0.0051001927 0.0015644386 0.0048147795)
(0.0051001927 0.00079196598 0.0050001772)
(0.0051001926 0 0.0050624353)
(0.0054002186 0.0050624241 0)
(0.0054002186 0.0050001662 0.00079196418)
(0.0054002187 0.0048147688 0.0015644351)
(0.0054002188 0.0045107984 0.0022983871)
(0.0054002188 0.0040957415 0.0029757433)
(0.0054002188 0.0035798208 0.0035798208)
(0.0054002188 0.0029757433 0.0040957415)
(0.0054002188 0.0022983871 0.0045107984)
(0.0054002187 0.0015644351 0.0048147688)
(0.0054002186 0.00079196418 0.0050001662)
(0.0054002186 0 0.0050624241)
(0.0057002461 0.0050624116 0)
(0.0057002461 0.0050001538 0.00079196216)
(0.0057002462 0.0048147568 0.0015644311)
(0.0057002464 0.0045107871 0.0022983812)
(0.0057002464 0.0040957312 0.0029757358)
(0.0057002465 0.0035798118 0.0035798118)
(0.0057002464 0.0029757358 0.0040957312)
(0.0057002464 0.0022983812 0.0045107871)
(0.0057002462 0.0015644311 0.0048147569)
(0.0057002462 0.00079196216 0.0050001538)
(0.0057002461 0 0.0050624116)
(0.0060002745 0.0050623977 0)
(0.0060002746 0.0050001401 0.0007919599)
(0.0060002747 0.0048147436 0.0015644266)
(0.0060002749 0.0045107745 0.0022983747)
(0.006000275 0.0040957197 0.0029757274)
(0.006000275 0.0035798018 0.0035798018)
(0.006000275 0.0029757274 0.0040957197)
(0.0060002749 0.0022983747 0.0045107746)
(0.0060002747 0.0015644266 0.0048147436)
(0.0060002746 0.0007919599 0.0050001401)
(0.0060002745 0 0.0050623977)
(0.0063003028 0.0050623827 0)
(0.0063003029 0.0050001252 0.00079195743)
(0.0063003031 0.0048147291 0.0015644218)
(0.0063003033 0.0045107609 0.0022983677)
(0.0063003034 0.0040957073 0.0029757183)
(0.0063003035 0.0035797908 0.0035797908)
(0.0063003034 0.0029757183 0.0040957073)
(0.0063003033 0.0022983677 0.0045107609)
(0.0063003031 0.0015644218 0.0048147291)
(0.0063003029 0.00079195743 0.0050001252)
(0.0063003028 0 0.0050623827)
(0.0066003294 0.0050623668 0)
(0.0066003296 0.0050001095 0.00079195481)
(0.0066003298 0.0048147139 0.0015644167)
(0.0066003301 0.0045107465 0.0022983602)
(0.0066003303 0.0040956942 0.0029757087)
(0.0066003303 0.0035797793 0.0035797793)
(0.0066003303 0.0029757087 0.0040956942)
(0.0066003301 0.0022983602 0.0045107465)
(0.0066003298 0.0015644167 0.0048147139)
(0.0066003296 0.00079195481 0.0050001095)
(0.0066003294 0 0.0050623668)
(0.0069003523 0.0050623509 0)
(0.0069003525 0.0050000936 0.00079195215)
(0.0069003528 0.0048146985 0.0015644115)
(0.0069003532 0.004510732 0.0022983526)
(0.0069003534 0.0040956808 0.0029756989)
(0.0069003535 0.0035797676 0.0035797676)
(0.0069003534 0.0029756989 0.0040956808)
(0.0069003532 0.0022983526 0.004510732)
(0.0069003528 0.0015644115 0.0048146985)
(0.0069003525 0.00079195215 0.0050000936)
(0.0069003523 0 0.0050623509)
(0.0072003686 0.0050623359 0)
(0.0072003689 0.0050000788 0.0007919496)
(0.0072003694 0.0048146839 0.0015644065)
(0.0072003698 0.0045107182 0.0022983454)
(0.0072003701 0.0040956683 0.0029756897)
(0.0072003702 0.0035797566 0.0035797566)
(0.0072003701 0.0029756897 0.0040956683)
(0.0072003698 0.0022983454 0.0045107182)
(0.0072003694 0.0015644065 0.0048146839)
(0.0072003689 0.0007919496 0.0050000788)
(0.0072003686 0 0.0050623359)
(0.007500375 0.0050623236 0)
(0.0075003754 0.0050000665 0.00079194745)
(0.0075003761 0.0048146719 0.0015644024)
(0.0075003767 0.0045107067 0.0022983394)
(0.007500377 0.0040956577 0.002975682)
(0.0075003772 0.0035797473 0.0035797473)
(0.007500377 0.002975682 0.0040956577)
(0.0075003767 0.0022983394 0.0045107067)
(0.0075003761 0.0015644024 0.0048146719)
(0.0075003754 0.00079194745 0.0050000665)
(0.007500375 0 0.0050623236)
(0.0078003677 0.0050623164 0)
(0.0078003682 0.0050000591 0.00079194608)
(0.0078003691 0.0048146645 0.0015643999)
(0.0078003699 0.0045106996 0.0022983357)
(0.0078003703 0.0040956512 0.0029756772)
(0.0078003704 0.0035797416 0.0035797416)
(0.0078003703 0.0029756772 0.0040956512)
(0.0078003699 0.0022983357 0.0045106996)
(0.0078003691 0.0015643999 0.0048146645)
(0.0078003682 0.00079194608 0.0050000591)
(0.0078003677 0 0.0050623163)
(0.0081003431 0.0050623171 0)
(0.0081003437 0.0050000597 0.00079194601)
(0.0081003449 0.0048146647 0.0015643999)
(0.0081003458 0.0045106997 0.0022983358)
(0.0081003463 0.0040956513 0.0029756772)
(0.0081003464 0.0035797417 0.0035797417)
(0.0081003463 0.0029756772 0.0040956513)
(0.0081003458 0.0022983357 0.0045106997)
(0.0081003449 0.0015643999 0.0048146647)
(0.0081003437 0.00079194601 0.0050000597)
(0.0081003431 0 0.0050623171)
(0.0084002992 0.0050623292 0)
(0.0084003 0.0050000715 0.00079194785)
(0.0084003014 0.0048146758 0.0015644036)
(0.0084003025 0.0045107101 0.0022983411)
(0.0084003029 0.0040956608 0.0029756842)
(0.008400303 0.00357975 0.00357975)
(0.0084003029 0.0029756842 0.0040956608)
(0.0084003025 0.0022983411 0.0045107101)
(0.0084003014 0.0015644036 0.0048146758)
(0.0084003 0.00079194785 0.0050000715)
(0.0084002992 0 0.0050623292)
(0.0087002376 0.0050623556 0)
(0.0087002384 0.0050000975 0.00079195214)
(0.00870024 0.0048147009 0.001564412)
(0.008700241 0.0045107337 0.0022983534)
(0.0087002414 0.0040956823 0.0029757)
(0.0087002415 0.0035797689 0.0035797689)
(0.0087002414 0.0029757 0.0040956823)
(0.008700241 0.0022983534 0.0045107337)
(0.00870024 0.001564412 0.0048147009)
(0.0087002384 0.00079195214 0.0050000975)
(0.0087002376 0 0.0050623556)
(0.009000159 0.0050624012 0)
(0.0090001511 0.0050001483 0.00079196065)
(0.0090001522 0.0048147504 0.0015644286)
(0.009000153 0.0045107804 0.0022983776)
(0.0090001532 0.004095725 0.0029757311)
(0.0090001533 0.0035798063 0.0035798063)
(0.0090001532 0.0029757311 0.004095725)
(0.009000153 0.0022983775 0.0045107804)
(0.0090001522 0.0015644286 0.0048147504)
(0.0090001511 0.00079196065 0.0050001483)
(0.009000159 0 0.0050624012)
(0 0.00525 0)
(0 0.0051854527 0.00082131548)
(0 0.0049931983 0.001622417)
(0 0.0046779722 0.0023835727)
(0 0.0042475387 0.0030860345)
(0 0.0037125 0.0037125)
(0 0.0030860345 0.0042475387)
(0 0.0023835727 0.0046779722)
(0 0.001622417 0.0049931983)
(0 0.00082131548 0.0051854527)
(0 0 0.00525)
(0.00030000402 0.005249999 0)
(0.00030000402 0.0051854517 0.00082131532)
(0.00030000402 0.0049931973 0.0016224167)
(0.00030000402 0.0046779713 0.0023835723)
(0.00030000402 0.0042475379 0.0030860339)
(0.00030000402 0.0037124993 0.0037124993)
(0.00030000402 0.0030860339 0.0042475379)
(0.00030000402 0.0023835723 0.0046779713)
(0.00030000402 0.0016224167 0.0049931973)
(0.00030000402 0.00082131532 0.0051854517)
(0.00030000402 0 0.005249999)
(0.00060000806 0.005249998 0)
(0.00060000806 0.0051854507 0.00082131517)
(0.00060000806 0.0049931964 0.0016224164)
(0.00060000806 0.0046779704 0.0023835718)
(0.00060000806 0.0042475371 0.0030860333)
(0.00060000806 0.0037124986 0.0037124986)
(0.00060000806 0.0030860333 0.0042475371)
(0.00060000806 0.0023835718 0.0046779704)
(0.00060000806 0.0016224164 0.0049931964)
(0.00060000806 0.00082131517 0.0051854507)
(0.00060000806 0 0.005249998)
(0.00090001222 0.005249997 0)
(0.00090001222 0.0051854497 0.000821315)
(0.00090001222 0.0049931954 0.0016224161)
(0.00090001222 0.0046779695 0.0023835713)
(0.00090001222 0.0042475363 0.0030860327)
(0.00090001222 0.0037124978 0.0037124978)
(0.00090001222 0.0030860327 0.0042475363)
(0.00090001222 0.0023835713 0.0046779695)
(0.00090001222 0.0016224161 0.0049931954)
(0.00090001222 0.000821315 0.0051854497)
(0.00090001222 0 0.005249997)
(0.0012000166 0.0052499958 0)
(0.0012000166 0.0051854486 0.00082131482)
(0.0012000166 0.0049931943 0.0016224157)
(0.0012000166 0.0046779684 0.0023835708)
(0.0012000166 0.0042475354 0.003086032)
(0.0012000166 0.003712497 0.003712497)
(0.0012000166 0.003086032 0.0042475354)
(0.0012000166 0.0023835708 0.0046779684)
(0.0012000166 0.0016224157 0.0049931943)
(0.0012000166 0.00082131482 0.0051854486)
(0.0012000166 0 0.0052499958)
(0.0015000214 0.0052499946 0)
(0.0015000214 0.0051854473 0.00082131462)
(0.0015000214 0.0049931931 0.0016224154)
(0.0015000214 0.0046779673 0.0023835703)
(0.0015000214 0.0042475343 0.0030860313)
(0.0015000214 0.0037124961 0.0037124961)
(0.0015000214 0.0030860313 0.0042475343)
(0.0015000214 0.0023835703 0.0046779673)
(0.0015000214 0.0016224154 0.0049931931)
(0.0015000214 0.00082131462 0.0051854473)
(0.0015000214 0 0.0052499946)
(0.0018000266 0.0052499931 0)
(0.0018000266 0.0051854459 0.0008213144)
(0.0018000266 0.0049931917 0.0016224149)
(0.0018000266 0.004677966 0.0023835696)
(0.0018000266 0.0042475332 0.0030860305)
(0.0018000266 0.0037124951 0.0037124951)
(0.0018000266 0.0030860305 0.0042475332)
(0.0018000266 0.0023835696 0.004677966)
(0.0018000266 0.0016224149 0.0049931917)
(0.0018000266 0.0008213144 0.0051854459)
(0.0018000266 0 0.0052499931)
(0.0021000324 0.0052499915 0)
(0.0021000324 0.0051854443 0.00082131414)
(0.0021000324 0.0049931902 0.0016224144)
(0.0021000324 0.0046779646 0.0023835688)
(0.0021000324 0.0042475318 0.0030860295)
(0.0021000324 0.003712494 0.003712494)
(0.0021000324 0.0030860295 0.0042475318)
(0.0021000324 0.0023835688 0.0046779646)
(0.0021000324 0.0016224144 0.0049931902)
(0.0021000324 0.00082131414 0.0051854443)
(0.0021000324 0 0.0052499915)
(0.002400039 0.0052499896 0)
(0.002400039 0.0051854424 0.00082131383)
(0.002400039 0.0049931883 0.0016224138)
(0.002400039 0.0046779628 0.002383568)
(0.002400039 0.0042475303 0.0030860283)
(0.002400039 0.0037124926 0.0037124926)
(0.002400039 0.0030860283 0.0042475303)
(0.002400039 0.002383568 0.0046779628)
(0.002400039 0.0016224138 0.0049931883)
(0.002400039 0.00082131383 0.0051854424)
(0.002400039 0 0.0052499896)
(0.0027000464 0.0052499873 0)
(0.0027000464 0.0051854401 0.00082131348)
(0.0027000464 0.0049931862 0.0016224131)
(0.0027000464 0.0046779608 0.0023835669)
(0.0027000464 0.0042475284 0.003086027)
(0.0027000464 0.003712491 0.003712491)
(0.0027000464 0.003086027 0.0042475284)
(0.0027000464 0.0023835669 0.0046779608)
(0.0027000464 0.0016224131 0.0049931862)
(0.0027000464 0.00082131348 0.0051854401)
(0.0027000464 0 0.0052499873)
(0.0030000549 0.0052499846 0)
(0.0030000549 0.0051854375 0.00082131306)
(0.0030000549 0.0049931836 0.0016224123)
(0.0030000549 0.0046779585 0.0023835657)
(0.0030000549 0.0042475263 0.0030860254)
(0.0030000549 0.0037124891 0.0037124891)
(0.0030000549 0.0030860254 0.0042475263)
(0.0030000549 0.0023835657 0.0046779585)
(0.0030000549 0.0016224123 0.0049931836)
(0.0030000549 0.00082131306 0.0051854375)
(0.0030000549 0 0.0052499846)
(0.0033000645 0.0052499815 0)
(0.0033000645 0.0051854344 0.00082131256)
(0.0033000645 0.0049931807 0.0016224113)
(0.0033000645 0.0046779557 0.0023835643)
(0.0033000645 0.0042475237 0.0030860236)
(0.0033000645 0.0037124869 0.0037124869)
(0.0033000645 0.0030860236 0.0042475237)
(0.0033000645 0.0023835643 0.0046779557)
(0.0033000645 0.0016224113 0.0049931807)
(0.0033000645 0.00082131256 0.0051854344)
(0.0033000645 0 0.0052499815)
(0.0036000755 0.0052499778 0)
(0.0036000755 0.0051854308 0.00082131198)
(0.0036000755 0.0049931772 0.0016224101)
(0.0036000755 0.0046779524 0.0023835626)
(0.0036000755 0.0042475207 0.0030860214)
(0.0036000755 0.0037124843 0.0037124843)
(0.0036000755 0.0030860214 0.0042475207)
(0.0036000755 0.0023835626 0.0046779524)
(0.0036000755 0.0016224101 0.0049931772)
(0.0036000755 0.00082131198 0.0051854308)
(0.0036000755 0 0.0052499778)
(0.0039000879 0.0052499735 0)
(0.0039000879 0.0051854265 0.00082131129)
(0.0039000879 0.004993173 0.0016224088)
(0.0039000879 0.0046779485 0.0023835606)
(0.0039000879 0.0042475172 0.0030860188)
(0.0039000879 0.0037124812 0.0037124812)
(0.0039000879 0.0030860188 0.0042475172)
(0.0039000879 0.0023835606 0.0046779485)
(0.0039000879 0.0016224088 0.0049931731)
(0.0039000879 0.00082131129 0.0051854265)
(0.0039000879 0 0.0052499735)
(0.0042001019 0.0052499685 0)
(0.0042001019 0.0051854215 0.00082131049)
(0.0042001019 0.0049931682 0.0016224072)
(0.0042001019 0.004677944 0.0023835583)
(0.0042001019 0.0042475131 0.0030860158)
(0.0042001019 0.0037124776 0.0037124776)
(0.0042001019 0.0030860158 0.0042475131)
(0.0042001019 0.0023835583 0.004677944)
(0.0042001019 0.0016224072 0.0049931682)
(0.0042001019 0.00082131049 0.0051854215)
(0.0042001019 0 0.0052499685)
(0.0045001176 0.0052499626 0)
(0.0045001176 0.0051854157 0.00082130955)
(0.0045001176 0.0049931626 0.0016224053)
(0.0045001176 0.0046779387 0.0023835556)
(0.0045001176 0.0042475083 0.0030860123)
(0.0045001176 0.0037124733 0.0037124733)
(0.0045001176 0.0030860123 0.0042475083)
(0.0045001176 0.0023835556 0.0046779387)
(0.0045001176 0.0016224053 0.0049931626)
(0.0045001176 0.00082130955 0.0051854157)
(0.0045001176 0 0.0052499626)
(0.004800135 0.0052499558 0)
(0.004800135 0.005185409 0.00082130845)
(0.004800135 0.0049931561 0.0016224032)
(0.004800135 0.0046779326 0.0023835524)
(0.0048001351 0.0042475027 0.0030860082)
(0.0048001351 0.0037124685 0.0037124685)
(0.0048001351 0.0030860082 0.0042475027)
(0.004800135 0.0023835524 0.0046779326)
(0.004800135 0.0016224032 0.0049931561)
(0.004800135 0.00082130845 0.005185409)
(0.004800135 0 0.0052499558)
(0.0051001541 0.0052499479 0)
(0.0051001541 0.0051854012 0.00082130719)
(0.0051001541 0.0049931486 0.0016224007)
(0.0051001542 0.0046779255 0.0023835488)
(0.0051001542 0.0042474963 0.0030860035)
(0.0051001542 0.0037124628 0.0037124628)
(0.0051001542 0.0030860035 0.0042474963)
(0.0051001542 0.0023835488 0.0046779255)
(0.0051001541 0.0016224007 0.0049931486)
(0.0051001541 0.00082130719 0.0051854012)
(0.0051001541 0 0.0052499479)
(0.0054001747 0.005249939 0)
(0.0054001747 0.0051853924 0.00082130575)
(0.0054001748 0.0049931401 0.0016223979)
(0.0054001748 0.0046779175 0.0023835446)
(0.0054001749 0.004247489 0.0030859982)
(0.0054001749 0.0037124564 0.0037124564)
(0.0054001749 0.0030859982 0.004247489)
(0.0054001748 0.0023835446 0.0046779175)
(0.0054001748 0.0016223979 0.0049931401)
(0.0054001747 0.00082130575 0.0051853924)
(0.0054001747 0 0.005249939)
(0.0057001965 0.0052499289 0)
(0.0057001965 0.0051853824 0.00082130413)
(0.0057001966 0.0049931305 0.0016223947)
(0.0057001967 0.0046779085 0.0023835399)
(0.0057001968 0.0042474807 0.0030859921)
(0.0057001968 0.0037124492 0.0037124492)
(0.0057001968 0.0030859921 0.0042474807)
(0.0057001967 0.0023835399 0.0046779085)
(0.0057001966 0.0016223947 0.0049931305)
(0.0057001965 0.00082130413 0.0051853824)
(0.0057001965 0 0.0052499289)
(0.006000219 0.0052499178 0)
(0.006000219 0.0051853714 0.00082130232)
(0.0060002191 0.0049931198 0.0016223911)
(0.0060002192 0.0046778984 0.0023835347)
(0.0060002193 0.0042474716 0.0030859854)
(0.0060002194 0.0037124411 0.0037124411)
(0.0060002193 0.0030859854 0.0042474716)
(0.0060002192 0.0023835347 0.0046778984)
(0.0060002191 0.0016223911 0.0049931198)
(0.006000219 0.00082130232 0.0051853714)
(0.006000219 0 0.0052499178)
(0.0063002412 0.0052499058 0)
(0.0063002413 0.0051853595 0.00082130035)
(0.0063002415 0.0049931083 0.0016223872)
(0.0063002416 0.0046778876 0.0023835291)
(0.0063002417 0.0042474616 0.0030859782)
(0.0063002418 0.0037124324 0.0037124324)
(0.0063002417 0.0030859782 0.0042474617)
(0.0063002416 0.0023835291 0.0046778876)
(0.0063002415 0.0016223872 0.0049931083)
(0.0063002413 0.00082130035 0.0051853595)
(0.0063002412 0 0.0052499058)
(0.0066002621 0.0052498932 0)
(0.0066002622 0.005185347 0.00082129827)
(0.0066002624 0.0049930962 0.0016223832)
(0.0066002626 0.0046778761 0.0023835231)
(0.0066002628 0.0042474512 0.0030859705)
(0.0066002628 0.0037124232 0.0037124232)
(0.0066002628 0.0030859705 0.0042474512)
(0.0066002626 0.0023835231 0.0046778761)
(0.0066002624 0.0016223832 0.0049930962)
(0.0066002622 0.00082129827 0.005185347)
(0.0066002621 0 0.0052498932)
(0.0069002799 0.0052498806 0)
(0.00690028 0.0051853345 0.00082129616)
(0.0069002803 0.004993084 0.0016223791)
(0.0069002806 0.0046778646 0.0023835171)
(0.0069002808 0.0042474407 0.0030859628)
(0.0069002809 0.003712414 0.003712414)
(0.0069002808 0.0030859628 0.0042474407)
(0.0069002806 0.0023835171 0.0046778646)
(0.0069002803 0.0016223791 0.004993084)
(0.00690028 0.00082129616 0.0051853345)
(0.0069002799 0 0.0052498806)
(0.0072002925 0.0052498688 0)
(0.0072002927 0.0051853228 0.00082129416)
(0.0072002931 0.0049930726 0.0016223752)
(0.0072002935 0.0046778538 0.0023835115)
(0.0072002937 0.0042474308 0.0030859555)
(0.0072002938 0.0037124053 0.0037124053)
(0.0072002937 0.0030859555 0.0042474308)
(0.0072002935 0.0023835115 0.0046778538)
(0.0072002931 0.0016223752 0.0049930726)
(0.0072002927 0.00082129416 0.0051853228)
(0.0072002925 0 0.0052498688)
(0.0075002973 0.0052498593 0)
(0.0075002976 0.0051853133 0.0008212925)
(0.0075002981 0.0049930632 0.001622372)
(0.0075002987 0.0046778449 0.0023835069)
(0.0075002989 0.0042474226 0.0030859495)
(0.007500299 0.0037123981 0.0037123981)
(0.0075002989 0.0030859495 0.0042474226)
(0.0075002987 0.0023835069 0.0046778449)
(0.0075002982 0.001622372 0.0049930632)
(0.0075002976 0.0008212925 0.0051853133)
(0.0075002973 0 0.0052498593)
(0.0078002916 0.0052498538 0)
(0.007800292 0.0051853078 0.00082129148)
(0.0078002927 0.0049930576 0.0016223701)
(0.0078002934 0.0046778395 0.0023835041)
(0.0078002937 0.0042474177 0.003085946)
(0.0078002938 0.0037123939 0.0037123939)
(0.0078002937 0.003085946 0.0042474177)
(0.0078002934 0.0023835041 0.0046778395)
(0.0078002927 0.0016223701 0.0049930576)
(0.007800292 0.00082129148 0.0051853078)
(0.0078002916 0 0.0052498538)
(0.008100273 0.0052498547 0)
(0.0081002735 0.0051853085 0.00082129148)
(0.0081002744 0.0049930581 0.0016223702)
(0.0081002752 0.0046778399 0.0023835042)
(0.0081002755 0.004247418 0.0030859462)
(0.0081002756 0.0037123941 0.0037123941)
(0.0081002755 0.0030859462 0.004247418)
(0.0081002752 0.0023835042 0.0046778399)
(0.0081002744 0.0016223702 0.0049930581)
(0.0081002735 0.00082129148 0.0051853085)
(0.008100273 0 0.0052498547)
(0.0084002402 0.0052498643 0)
(0.0084002408 0.0051853179 0.00082129296)
(0.0084002419 0.004993067 0.0016223731)
(0.0084002427 0.0046778482 0.0023835085)
(0.008400243 0.0042474256 0.0030859517)
(0.0084002432 0.0037124008 0.0037124008)
(0.008400243 0.0030859517 0.0042474256)
(0.0084002427 0.0023835085 0.0046778482)
(0.0084002419 0.0016223731 0.004993067)
(0.0084002408 0.00082129296 0.0051853179)
(0.0084002402 0 0.0052498643)
(0.0087001942 0.0052498847 0)
(0.0087001948 0.005185338 0.00082129627)
(0.008700196 0.0049930864 0.0016223796)
(0.0087001967 0.0046778664 0.002383518)
(0.0087001971 0.0042474423 0.0030859639)
(0.0087001972 0.0037124154 0.0037124154)
(0.0087001971 0.0030859639 0.0042474423)
(0.0087001967 0.002383518 0.0046778664)
(0.008700196 0.0016223796 0.0049930864)
(0.0087001948 0.00082129627 0.005185338)
(0.0087001942 0 0.0052498847)
(0.0090001369 0.0052499177 0)
(0.0090001311 0.0051853747 0.00082130241)
(0.009000132 0.0049931221 0.0016223916)
(0.0090001326 0.0046779002 0.0023835355)
(0.0090001329 0.0042474731 0.0030859865)
(0.0090001329 0.0037124424 0.0037124424)
(0.0090001329 0.0030859865 0.0042474731)
(0.0090001326 0.0023835355 0.0046779002)
(0.009000132 0.0016223916 0.0049931221)
(0.0090001311 0.00082130241 0.0051853747)
(0.0090001369 0 0.0052499177)
(0 0.0054375 0)
(0 0.0053706642 0.00085065469)
(0 0.0051715553 0.0016803752)
(0 0.004845078 0.0024687234)
(0 0.0043992742 0.0031962806)
(0 0.003845125 0.003845125)
(0 0.0031962806 0.0043992742)
(0 0.0024687234 0.004845078)
(0 0.0016803752 0.0051715553)
(0 0.00085065469 0.0053706642)
(0 0 0.0054375)
(0.00030000301 0.0054374993 0)
(0.00030000301 0.0053706634 0.00085065457)
(0.00030000301 0.0051715546 0.0016803749)
(0.00030000301 0.0048450774 0.0024687231)
(0.00030000301 0.0043992736 0.0031962801)
(0.00030000301 0.0038451245 0.0038451245)
(0.00030000301 0.0031962801 0.0043992736)
(0.00030000301 0.0024687231 0.0048450774)
(0.00030000301 0.0016803749 0.0051715546)
(0.00030000301 0.00085065457 0.0053706634)
(0.00030000301 0 0.0054374993)
(0.00060000604 0.0054374985 0)
(0.00060000604 0.0053706627 0.00085065445)
(0.00060000604 0.0051715539 0.0016803747)
(0.00060000604 0.0048450767 0.0024687228)
(0.00060000604 0.004399273 0.0031962797)
(0.00060000604 0.0038451239 0.0038451239)
(0.00060000604 0.0031962797 0.004399273)
(0.00060000604 0.0024687228 0.0048450767)
(0.00060000604 0.0016803747 0.0051715539)
(0.00060000604 0.00085065445 0.0053706627)
(0.00060000604 0 0.0054374985)
(0.00090000915 0.0054374977 0)
(0.00090000915 0.0053706619 0.00085065433)
(0.00090000915 0.0051715532 0.0016803745)
(0.00090000916 0.004845076 0.0024687224)
(0.00090000916 0.0043992723 0.0031962792)
(0.00090000916 0.0038451234 0.0038451234)
(0.00090000916 0.0031962792 0.0043992723)
(0.00090000916 0.0024687224 0.004845076)
(0.00090000916 0.0016803745 0.0051715532)
(0.00090000916 0.00085065433 0.0053706619)
(0.00090000915 0 0.0054374977)
(0.0012000124 0.0054374969 0)
(0.0012000124 0.0053706611 0.00085065419)
(0.0012000124 0.0051715524 0.0016803742)
(0.0012000124 0.0048450752 0.002468722)
(0.0012000124 0.0043992716 0.0031962787)
(0.0012000124 0.0038451228 0.0038451228)
(0.0012000124 0.0031962787 0.0043992716)
(0.0012000124 0.002468722 0.0048450752)
(0.0012000124 0.0016803742 0.0051715524)
(0.0012000124 0.00085065419 0.0053706611)
(0.0012000124 0 0.0054374969)
(0.001500016 0.0054374959 0)
(0.001500016 0.0053706601 0.00085065404)
(0.001500016 0.0051715515 0.0016803739)
(0.001500016 0.0048450744 0.0024687216)
(0.001500016 0.0043992709 0.0031962781)
(0.001500016 0.0038451221 0.0038451221)
(0.001500016 0.0031962781 0.0043992709)
(0.001500016 0.0024687216 0.0048450744)
(0.001500016 0.0016803739 0.0051715515)
(0.001500016 0.00085065404 0.0053706601)
(0.001500016 0 0.0054374959)
(0.0018000199 0.0054374948 0)
(0.0018000199 0.0053706591 0.00085065387)
(0.0018000199 0.0051715504 0.0016803736)
(0.0018000199 0.0048450734 0.0024687211)
(0.0018000199 0.00439927 0.0031962775)
(0.0018000199 0.0038451213 0.0038451213)
(0.0018000199 0.0031962775 0.00439927)
(0.0018000199 0.0024687211 0.0048450734)
(0.0018000199 0.0016803736 0.0051715504)
(0.0018000199 0.00085065387 0.0053706591)
(0.0018000199 0 0.0054374948)
(0.0021000243 0.0054374936 0)
(0.0021000243 0.0053706579 0.00085065368)
(0.0021000243 0.0051715493 0.0016803732)
(0.0021000243 0.0048450723 0.0024687205)
(0.0021000243 0.004399269 0.0031962768)
(0.0021000243 0.0038451205 0.0038451205)
(0.0021000243 0.0031962768 0.004399269)
(0.0021000243 0.0024687205 0.0048450723)
(0.0021000243 0.0016803732 0.0051715493)
(0.0021000243 0.00085065368 0.0053706579)
(0.0021000243 0 0.0054374936)
(0.0024000292 0.0054374922 0)
(0.0024000292 0.0053706564 0.00085065345)
(0.0024000292 0.0051715479 0.0016803727)
(0.0024000292 0.004845071 0.0024687199)
(0.0024000292 0.0043992678 0.0031962759)
(0.0024000292 0.0038451194 0.0038451194)
(0.0024000292 0.0031962759 0.0043992678)
(0.0024000292 0.0024687199 0.004845071)
(0.0024000292 0.0016803727 0.0051715479)
(0.0024000292 0.00085065345 0.0053706564)
(0.0024000292 0 0.0054374922)
(0.0027000348 0.0054374905 0)
(0.0027000348 0.0053706547 0.00085065318)
(0.0027000348 0.0051715463 0.0016803722)
(0.0027000348 0.0048450695 0.0024687191)
(0.0027000348 0.0043992664 0.0031962749)
(0.0027000348 0.0038451182 0.0038451182)
(0.0027000348 0.0031962749 0.0043992664)
(0.0027000348 0.0024687191 0.0048450695)
(0.0027000348 0.0016803722 0.0051715463)
(0.0027000348 0.00085065318 0.0053706547)
(0.0027000348 0 0.0054374905)
(0.0030000411 0.0054374885 0)
(0.0030000411 0.0053706528 0.00085065287)
(0.0030000411 0.0051715444 0.0016803716)
(0.0030000411 0.0048450677 0.0024687182)
(0.0030000411 0.0043992648 0.0031962737)
(0.0030000411 0.0038451168 0.0038451168)
(0.0030000411 0.0031962737 0.0043992648)
(0.0030000411 0.0024687182 0.0048450677)
(0.0030000411 0.0016803716 0.0051715444)
(0.0030000411 0.00085065287 0.0053706528)
(0.0030000411 0 0.0054374885)
(0.0033000483 0.0054374861 0)
(0.0033000483 0.0053706505 0.00085065249)
(0.0033000483 0.0051715421 0.0016803708)
(0.0033000483 0.0048450656 0.0024687171)
(0.0033000483 0.0043992629 0.0031962723)
(0.0033000483 0.0038451151 0.0038451151)
(0.0033000483 0.0031962723 0.0043992629)
(0.0033000483 0.0024687171 0.0048450656)
(0.0033000483 0.0016803708 0.0051715421)
(0.0033000483 0.00085065249 0.0053706505)
(0.0033000483 0 0.0054374861)
(0.0036000565 0.0054374833 0)
(0.0036000565 0.0053706477 0.00085065205)
(0.0036000565 0.0051715395 0.00168037)
(0.0036000565 0.0048450632 0.0024687158)
(0.0036000565 0.0043992606 0.0031962707)
(0.0036000565 0.0038451132 0.0038451132)
(0.0036000565 0.0031962707 0.0043992606)
(0.0036000565 0.0024687158 0.0048450632)
(0.0036000565 0.00168037 0.0051715395)
(0.0036000565 0.00085065205 0.0053706477)
(0.0036000565 0 0.0054374833)
(0.0039000658 0.0054374801 0)
(0.0039000658 0.0053706445 0.00085065154)
(0.0039000658 0.0051715364 0.001680369)
(0.0039000658 0.0048450602 0.0024687143)
(0.0039000658 0.004399258 0.0031962688)
(0.0039000659 0.0038451108 0.0038451108)
(0.0039000658 0.0031962688 0.004399258)
(0.0039000658 0.0024687143 0.0048450602)
(0.0039000658 0.001680369 0.0051715364)
(0.0039000658 0.00085065154 0.0053706445)
(0.0039000658 0 0.0054374801)
(0.0042000763 0.0054374763 0)
(0.0042000763 0.0053706408 0.00085065093)
(0.0042000763 0.0051715328 0.0016803678)
(0.0042000763 0.0048450568 0.0024687126)
(0.0042000763 0.0043992549 0.0031962665)
(0.0042000763 0.0038451081 0.0038451081)
(0.0042000763 0.0031962665 0.0043992549)
(0.0042000763 0.0024687126 0.0048450568)
(0.0042000763 0.0016803678 0.0051715328)
(0.0042000763 0.00085065093 0.0053706408)
(0.0042000763 0 0.0054374763)
(0.004500088 0.0054374719 0)
(0.004500088 0.0053706364 0.00085065022)
(0.004500088 0.0051715285 0.0016803664)
(0.0045000881 0.0048450529 0.0024687105)
(0.0045000881 0.0043992513 0.0031962639)
(0.0045000881 0.003845105 0.003845105)
(0.0045000881 0.0031962639 0.0043992513)
(0.0045000881 0.0024687105 0.0048450529)
(0.004500088 0.0016803664 0.0051715285)
(0.004500088 0.00085065022 0.0053706364)
(0.004500088 0 0.0054374719)
(0.004800101 0.0054374667 0)
(0.004800101 0.0053706313 0.0008506494)
(0.0048001011 0.0051715236 0.0016803648)
(0.0048001011 0.0048450483 0.0024687082)
(0.0048001011 0.0043992471 0.0031962608)
(0.0048001011 0.0038451013 0.0038451013)
(0.0048001011 0.0031962608 0.0043992471)
(0.0048001011 0.0024687082 0.0048450483)
(0.0048001011 0.0016803648 0.0051715236)
(0.004800101 0.0008506494 0.0053706313)
(0.004800101 0 0.0054374667)
(0.0051001153 0.0054374608 0)
(0.0051001153 0.0053706255 0.00085064845)
(0.0051001153 0.005171518 0.0016803629)
(0.0051001154 0.004845043 0.0024687054)
(0.0051001154 0.0043992423 0.0031962573)
(0.0051001154 0.003845097 0.003845097)
(0.0051001154 0.0031962573 0.0043992423)
(0.0051001154 0.0024687054 0.004845043)
(0.0051001153 0.0016803629 0.005171518)
(0.0051001153 0.00085064845 0.0053706255)
(0.0051001153 0 0.0054374608)
(0.0054001307 0.0054374541 0)
(0.0054001307 0.0053706188 0.00085064737)
(0.0054001307 0.0051715116 0.0016803608)
(0.0054001308 0.0048450369 0.0024687023)
(0.0054001308 0.0043992368 0.0031962532)
(0.0054001308 0.0038450922 0.0038450922)
(0.0054001308 0.0031962532 0.0043992368)
(0.0054001308 0.0024687023 0.0048450369)
(0.0054001307 0.0016803608 0.0051715116)
(0.0054001307 0.00085064737 0.0053706188)
(0.0054001307 0 0.0054374541)
(0.0057001469 0.0054374466 0)
(0.005700147 0.0053706113 0.00085064615)
(0.005700147 0.0051715044 0.0016803583)
(0.0057001471 0.0048450301 0.0024686988)
(0.0057001472 0.0043992305 0.0031962487)
(0.0057001472 0.0038450868 0.0038450868)
(0.0057001472 0.0031962487 0.0043992305)
(0.0057001471 0.0024686988 0.0048450301)
(0.005700147 0.0016803583 0.0051715044)
(0.005700147 0.00085064615 0.0053706113)
(0.0057001469 0 0.0054374466)
(0.0060001637 0.0054374382 0)
(0.0060001637 0.0053706031 0.00085064479)
(0.0060001638 0.0051714964 0.0016803557)
(0.0060001639 0.0048450226 0.0024686949)
(0.006000164 0.0043992237 0.0031962437)
(0.006000164 0.0038450807 0.0038450807)
(0.006000164 0.0031962437 0.0043992237)
(0.0060001639 0.0024686949 0.0048450226)
(0.0060001638 0.0016803557 0.0051714964)
(0.0060001637 0.00085064479 0.0053706031)
(0.0060001637 0 0.0054374382)
(0.0063001803 0.0054374292 0)
(0.0063001803 0.0053705941 0.00085064331)
(0.0063001804 0.0051714877 0.0016803528)
(0.0063001806 0.0048450144 0.0024686906)
(0.0063001807 0.0043992162 0.0031962382)
(0.0063001807 0.0038450742 0.0038450742)
(0.0063001807 0.0031962382 0.0043992162)
(0.0063001806 0.0024686906 0.0048450144)
(0.0063001804 0.0016803528 0.0051714877)
(0.0063001803 0.00085064331 0.0053705941)
(0.0063001803 0 0.0054374292)
(0.0066001958 0.0054374197 0)
(0.0066001959 0.0053705848 0.00085064175)
(0.006600196 0.0051714786 0.0016803497)
(0.0066001962 0.0048450058 0.0024686862)
(0.0066001963 0.0043992084 0.0031962324)
(0.0066001964 0.0038450673 0.0038450673)
(0.0066001963 0.0031962324 0.0043992084)
(0.0066001962 0.0024686862 0.0048450058)
(0.006600196 0.0016803497 0.0051714786)
(0.0066001959 0.00085064175 0.0053705848)
(0.0066001958 0 0.0054374197)
(0.006900209 0.0054374103 0)
(0.0069002091 0.0053705754 0.00085064017)
(0.0069002094 0.0051714695 0.0016803466)
(0.0069002096 0.0048449972 0.0024686817)
(0.0069002097 0.0043992005 0.0031962266)
(0.0069002098 0.0038450604 0.0038450604)
(0.0069002097 0.0031962266 0.0043992005)
(0.0069002096 0.0024686817 0.0048449972)
(0.0069002094 0.0016803466 0.0051714695)
(0.0069002091 0.00085064017 0.0053705754)
(0.006900209 0 0.0054374103)
(0.0072002185 0.0054374015 0)
(0.0072002186 0.0053705667 0.00085063868)
(0.0072002189 0.0051714609 0.0016803437)
(0.0072002192 0.0048449891 0.0024686775)
(0.0072002194 0.0043991931 0.0031962212)
(0.0072002195 0.0038450539 0.0038450539)
(0.0072002194 0.0031962212 0.0043991931)
(0.0072002192 0.0024686775 0.0048449891)
(0.0072002189 0.0016803437 0.0051714609)
(0.0072002186 0.00085063868 0.0053705667)
(0.0072002185 0 0.0054374015)
(0.0075002223 0.0054373944 0)
(0.0075002225 0.0053705596 0.00085063744)
(0.0075002229 0.005171454 0.0016803414)
(0.0075002233 0.0048449825 0.002468674)
(0.0075002235 0.004399187 0.0031962168)
(0.0075002236 0.0038450485 0.0038450485)
(0.0075002235 0.0031962168 0.004399187)
(0.0075002233 0.002468674 0.0048449825)
(0.0075002229 0.0016803414 0.005171454)
(0.0075002225 0.00085063744 0.0053705596)
(0.0075002223 0 0.0054373944)
(0.0078002185 0.0054373903 0)
(0.0078002188 0.0053705554 0.00085063669)
(0.0078002193 0.0051714498 0.0016803399)
(0.0078002198 0.0048449785 0.0024686719)
(0.00780022 0.0043991834 0.0031962141)
(0.0078002201 0.0038450453 0.0038450453)
(0.00780022 0.0031962141 0.0043991834)
(0.0078002198 0.0024686719 0.0048449785)
(0.0078002193 0.0016803399 0.0051714498)
(0.0078002188 0.00085063669 0.0053705554)
(0.0078002185 0 0.0054373903)
(0.0081002054 0.0054373909 0)
(0.0081002058 0.0053705559 0.0008506367)
(0.0081002065 0.0051714502 0.00168034)
(0.008100207 0.0048449788 0.002468672)
(0.0081002073 0.0043991836 0.0031962143)
(0.0081002074 0.0038450455 0.0038450455)
(0.0081002073 0.0031962143 0.0043991836)
(0.008100207 0.002468672 0.0048449788)
(0.0081002065 0.00168034 0.0051714502)
(0.0081002058 0.0008506367 0.0053705559)
(0.0081002054 0 0.0054373909)
(0.0084001822 0.0054373979 0)
(0.0084001826 0.0053705628 0.00085063779)
(0.0084001834 0.0051714567 0.0016803422)
(0.008400184 0.0048449849 0.0024686752)
(0.0084001843 0.0043991892 0.0031962184)
(0.0084001844 0.0038450504 0.0038450504)
(0.0084001843 0.0031962183 0.0043991892)
(0.008400184 0.0024686752 0.0048449849)
(0.0084001834 0.0016803422 0.0051714567)
(0.0084001826 0.00085063779 0.0053705628)
(0.0084001822 0 0.0054373979)
(0.0087001496 0.0054374127 0)
(0.00870015 0.0053705774 0.00085064019)
(0.0087001508 0.0051714708 0.0016803469)
(0.0087001514 0.0048449981 0.0024686821)
(0.0087001516 0.0043992013 0.0031962272)
(0.0087001517 0.0038450611 0.0038450611)
(0.0087001516 0.0031962272 0.0043992013)
(0.0087001514 0.0024686821 0.0048449981)
(0.0087001508 0.0016803469 0.0051714708)
(0.00870015 0.00085064019 0.0053705774)
(0.0087001496 0 0.0054374127)
(0.0090001093 0.0054374359 0)
(0.0090001052 0.0053706032 0.00085064448)
(0.0090001059 0.0051714959 0.0016803553)
(0.0090001063 0.0048450218 0.0024686943)
(0.0090001065 0.0043992229 0.003196243)
(0.0090001066 0.00384508 0.00384508)
(0.0090001065 0.003196243 0.0043992229)
(0.0090001063 0.0024686943 0.0048450218)
(0.0090001059 0.0016803553 0.0051714959)
(0.0090001052 0.00085064448 0.0053706032)
(0.0090001093 0 0.0054374359)
(0 0.005625 0)
(0 0.0055558757 0.00087999389)
(0 0.0053499124 0.0017383333)
(0 0.0050121839 0.0025538742)
(0 0.0045510096 0.0033065266)
(0 0.00397775 0.00397775)
(0 0.0033065266 0.0045510096)
(0 0.0025538742 0.0050121839)
(0 0.0017383333 0.0053499124)
(0 0.00087999389 0.0055558757)
(0 0 0.005625)
(0.000300002 0.0056249995 0)
(0.000300002 0.0055558752 0.00087999382)
(0.000300002 0.005349912 0.0017383332)
(0.000300002 0.0050121835 0.0025538739)
(0.000300002 0.0045510092 0.0033065263)
(0.000300002 0.0039777497 0.0039777497)
(0.000300002 0.0033065263 0.0045510092)
(0.000300002 0.0025538739 0.0050121835)
(0.000300002 0.0017383332 0.005349912)
(0.000300002 0.00087999382 0.0055558752)
(0.000300002 0 0.0056249995)
(0.00060000401 0.005624999 0)
(0.00060000401 0.0055558747 0.00087999374)
(0.00060000401 0.0053499115 0.001738333)
(0.00060000401 0.005012183 0.0025538737)
(0.00060000401 0.0045510088 0.003306526)
(0.00060000401 0.0039777493 0.0039777493)
(0.00060000401 0.003306526 0.0045510088)
(0.00060000401 0.0025538737 0.005012183)
(0.00060000401 0.001738333 0.0053499115)
(0.00060000401 0.00087999374 0.0055558747)
(0.00060000401 0 0.005624999)
(0.00090000607 0.0056249985 0)
(0.00090000607 0.0055558742 0.00087999365)
(0.00090000607 0.005349911 0.0017383328)
(0.00090000607 0.0050121825 0.0025538735)
(0.00090000607 0.0045510084 0.0033065257)
(0.00090000607 0.0039777489 0.0039777489)
(0.00090000607 0.0033065257 0.0045510084)
(0.00090000607 0.0025538735 0.0050121825)
(0.00090000607 0.0017383328 0.005349911)
(0.00090000607 0.00087999365 0.0055558742)
(0.00090000607 0 0.0056249985)
(0.0012000083 0.0056249979 0)
(0.0012000083 0.0055558736 0.00087999357)
(0.0012000083 0.0053499104 0.0017383327)
(0.0012000083 0.005012182 0.0025538732)
(0.0012000083 0.0045510079 0.0033065254)
(0.0012000083 0.0039777485 0.0039777485)
(0.0012000083 0.0033065254 0.0045510079)
(0.0012000083 0.0025538732 0.005012182)
(0.0012000083 0.0017383327 0.0053499104)
(0.0012000083 0.00087999357 0.0055558736)
(0.0012000083 0 0.0056249979)
(0.0015000106 0.0056249973 0)
(0.0015000106 0.005555873 0.00087999347)
(0.0015000106 0.0053499098 0.0017383325)
(0.0015000106 0.0050121815 0.0025538729)
(0.0015000106 0.0045510074 0.003306525)
(0.0015000106 0.0039777481 0.0039777481)
(0.0015000106 0.003306525 0.0045510074)
(0.0015000106 0.0025538729 0.0050121815)
(0.0015000106 0.0017383325 0.0053499098)
(0.0015000106 0.00087999347 0.005555873)
(0.0015000106 0 0.0056249973)
(0.0018000132 0.0056249966 0)
(0.0018000132 0.0055558723 0.00087999335)
(0.0018000132 0.0053499092 0.0017383323)
(0.0018000132 0.0050121808 0.0025538726)
(0.0018000132 0.0045510068 0.0033065246)
(0.0018000132 0.0039777476 0.0039777476)
(0.0018000132 0.0033065246 0.0045510068)
(0.0018000132 0.0025538726 0.0050121808)
(0.0018000132 0.0017383323 0.0053499092)
(0.0018000132 0.00087999335 0.0055558723)
(0.0018000132 0 0.0056249966)
(0.0021000161 0.0056249957 0)
(0.0021000161 0.0055558715 0.00087999322)
(0.0021000161 0.0053499084 0.001738332)
(0.0021000161 0.0050121801 0.0025538722)
(0.0021000161 0.0045510062 0.0033065241)
(0.0021000161 0.003977747 0.003977747)
(0.0021000161 0.0033065241 0.0045510062)
(0.0021000161 0.0025538722 0.0050121801)
(0.0021000161 0.001738332 0.0053499084)
(0.0021000161 0.00087999322 0.0055558715)
(0.0021000161 0 0.0056249957)
(0.0024000194 0.0056249948 0)
(0.0024000194 0.0055558705 0.00087999307)
(0.0024000194 0.0053499075 0.0017383317)
(0.0024000194 0.0050121792 0.0025538718)
(0.0024000194 0.0045510054 0.0033065235)
(0.0024000194 0.0039777463 0.0039777463)
(0.0024000194 0.0033065235 0.0045510054)
(0.0024000194 0.0025538718 0.0050121792)
(0.0024000194 0.0017383317 0.0053499075)
(0.0024000194 0.00087999307 0.0055558705)
(0.0024000194 0 0.0056249948)
(0.0027000231 0.0056249936 0)
(0.0027000231 0.0055558694 0.00087999289)
(0.0027000231 0.0053499064 0.0017383313)
(0.0027000231 0.0050121782 0.0025538713)
(0.0027000231 0.0045510045 0.0033065229)
(0.0027000231 0.0039777455 0.0039777455)
(0.0027000231 0.0033065229 0.0045510045)
(0.0027000231 0.0025538713 0.0050121782)
(0.0027000231 0.0017383313 0.0053499064)
(0.0027000231 0.00087999289 0.0055558694)
(0.0027000231 0 0.0056249936)
(0.0030000273 0.0056249923 0)
(0.0030000273 0.0055558681 0.00087999268)
(0.0030000273 0.0053499051 0.0017383309)
(0.0030000273 0.005012177 0.0025538707)
(0.0030000273 0.0045510034 0.0033065221)
(0.0030000273 0.0039777445 0.0039777445)
(0.0030000273 0.0033065221 0.0045510034)
(0.0030000273 0.0025538707 0.005012177)
(0.0030000273 0.0017383309 0.0053499051)
(0.0030000273 0.00087999268 0.0055558681)
(0.0030000273 0 0.0056249923)
(0.0033000321 0.0056249908 0)
(0.0033000321 0.0055558665 0.00087999243)
(0.0033000321 0.0053499036 0.0017383304)
(0.0033000321 0.0050121756 0.0025538699)
(0.0033000321 0.0045510021 0.0033065211)
(0.0033000321 0.0039777434 0.0039777434)
(0.0033000321 0.0033065211 0.0045510021)
(0.0033000321 0.0025538699 0.0050121756)
(0.0033000321 0.0017383304 0.0053499036)
(0.0033000321 0.00087999243 0.0055558665)
(0.0033000321 0 0.0056249908)
(0.0036000375 0.0056249889 0)
(0.0036000375 0.0055558647 0.00087999214)
(0.0036000375 0.0053499019 0.0017383299)
(0.0036000375 0.005012174 0.0025538691)
(0.0036000375 0.0045510006 0.00330652)
(0.0036000375 0.0039777421 0.0039777421)
(0.0036000375 0.00330652 0.0045510006)
(0.0036000375 0.0025538691 0.005012174)
(0.0036000375 0.0017383299 0.0053499019)
(0.0036000375 0.00087999214 0.0055558647)
(0.0036000375 0 0.0056249889)
(0.0039000437 0.0056249868 0)
(0.0039000437 0.0055558626 0.0008799918)
(0.0039000437 0.0053498998 0.0017383292)
(0.0039000437 0.0050121721 0.0025538681)
(0.0039000437 0.0045509988 0.0033065188)
(0.0039000437 0.0039777406 0.0039777406)
(0.0039000437 0.0033065188 0.0045509988)
(0.0039000437 0.0025538681 0.0050121721)
(0.0039000437 0.0017383292 0.0053498998)
(0.0039000437 0.0008799918 0.0055558626)
(0.0039000437 0 0.0056249868)
(0.0042000506 0.0056249842 0)
(0.0042000506 0.0055558601 0.00087999139)
(0.0042000507 0.0053498974 0.0017383284)
(0.0042000507 0.0050121698 0.0025538669)
(0.0042000507 0.0045509968 0.0033065172)
(0.0042000507 0.0039777388 0.0039777388)
(0.0042000507 0.0033065172 0.0045509968)
(0.0042000507 0.0025538669 0.0050121698)
(0.0042000507 0.0017383284 0.0053498974)
(0.0042000506 0.00087999139 0.0055558601)
(0.0042000506 0 0.0056249842)
(0.0045000584 0.0056249813 0)
(0.0045000584 0.0055558572 0.00087999092)
(0.0045000584 0.0053498946 0.0017383275)
(0.0045000585 0.0050121671 0.0025538656)
(0.0045000585 0.0045509944 0.0033065155)
(0.0045000585 0.0039777367 0.0039777367)
(0.0045000585 0.0033065155 0.0045509944)
(0.0045000585 0.0025538656 0.0050121671)
(0.0045000584 0.0017383275 0.0053498946)
(0.0045000584 0.00087999092 0.0055558572)
(0.0045000584 0 0.0056249813)
(0.0048000671 0.0056249778 0)
(0.0048000671 0.0055558538 0.00087999037)
(0.0048000671 0.0053498913 0.0017383264)
(0.0048000671 0.0050121641 0.002553864)
(0.0048000671 0.0045509916 0.0033065134)
(0.0048000671 0.0039777342 0.0039777342)
(0.0048000671 0.0033065134 0.0045509916)
(0.0048000671 0.002553864 0.0050121641)
(0.0048000671 0.0017383264 0.0053498913)
(0.0048000671 0.00087999037 0.0055558538)
(0.0048000671 0 0.0056249778)
(0.0051000765 0.0056249739 0)
(0.0051000765 0.0055558499 0.00087998974)
(0.0051000766 0.0053498876 0.0017383251)
(0.0051000766 0.0050121605 0.0025538621)
(0.0051000766 0.0045509883 0.0033065111)
(0.0051000766 0.0039777314 0.0039777314)
(0.0051000766 0.0033065111 0.0045509883)
(0.0051000766 0.0025538621 0.0050121605)
(0.0051000766 0.0017383251 0.0053498876)
(0.0051000765 0.00087998974 0.0055558499)
(0.0051000765 0 0.0056249739)
(0.0054000868 0.0056249694 0)
(0.0054000868 0.0055558454 0.00087998902)
(0.0054000868 0.0053498833 0.0017383237)
(0.0054000868 0.0050121565 0.0025538601)
(0.0054000869 0.0045509847 0.0033065084)
(0.0054000869 0.0039777281 0.0039777281)
(0.0054000869 0.0033065084 0.0045509847)
(0.0054000868 0.0025538601 0.0050121565)
(0.0054000868 0.0017383237 0.0053498833)
(0.0054000868 0.00087998902 0.0055558455)
(0.0054000868 0 0.0056249694)
(0.0057000976 0.0056249644 0)
(0.0057000976 0.0055558405 0.0008799882)
(0.0057000976 0.0053498784 0.0017383221)
(0.0057000977 0.005012152 0.0025538577)
(0.0057000977 0.0045509805 0.0033065054)
(0.0057000977 0.0039777245 0.0039777245)
(0.0057000977 0.0033065054 0.0045509805)
(0.0057000977 0.0025538577 0.005012152)
(0.0057000976 0.0017383221 0.0053498784)
(0.0057000976 0.0008799882 0.0055558405)
(0.0057000976 0 0.0056249644)
(0.0060001087 0.0056249588 0)
(0.0060001087 0.0055558349 0.00087998729)
(0.0060001088 0.0053498731 0.0017383203)
(0.0060001088 0.0050121469 0.0025538551)
(0.0060001089 0.0045509759 0.003306502)
(0.0060001089 0.0039777205 0.0039777205)
(0.0060001089 0.003306502 0.0045509759)
(0.0060001088 0.0025538551 0.0050121469)
(0.0060001088 0.0017383203 0.0053498731)
(0.0060001087 0.00087998729 0.0055558349)
(0.0060001087 0 0.0056249588)
(0.0063001197 0.0056249528 0)
(0.0063001198 0.005555829 0.0008799863)
(0.0063001199 0.0053498673 0.0017383184)
(0.0063001199 0.0050121415 0.0025538523)
(0.00630012 0.0045509709 0.0033064983)
(0.00630012 0.0039777161 0.0039777161)
(0.00630012 0.0033064983 0.0045509709)
(0.0063001199 0.0025538523 0.0050121415)
(0.0063001199 0.0017383184 0.0053498673)
(0.0063001198 0.0008799863 0.005555829)
(0.0063001197 0 0.0056249528)
(0.0066001301 0.0056249464 0)
(0.0066001302 0.0055558227 0.00087998526)
(0.0066001303 0.0053498612 0.0017383163)
(0.0066001304 0.0050121357 0.0025538493)
(0.0066001305 0.0045509657 0.0033064945)
(0.0066001305 0.0039777115 0.0039777115)
(0.0066001305 0.0033064945 0.0045509657)
(0.0066001304 0.0025538493 0.0050121357)
(0.0066001303 0.0017383163 0.0053498612)
(0.0066001302 0.00087998526 0.0055558227)
(0.0066001301 0 0.0056249464)
(0.006900139 0.0056249401 0)
(0.0069001391 0.0055558164 0.0008799842)
(0.0069001393 0.0053498551 0.0017383143)
(0.0069001394 0.0050121299 0.0025538463)
(0.0069001395 0.0045509604 0.0033064906)
(0.0069001395 0.0039777068 0.0039777068)
(0.0069001395 0.0033064906 0.0045509604)
(0.0069001394 0.0025538463 0.0050121299)
(0.0069001393 0.0017383143 0.0053498551)
(0.0069001391 0.0008799842 0.0055558164)
(0.006900139 0 0.0056249401)
(0.0072001455 0.0056249342 0)
(0.0072001456 0.0055558105 0.0008799832)
(0.0072001458 0.0053498493 0.0017383123)
(0.007200146 0.0050121245 0.0025538434)
(0.0072001461 0.0045509554 0.0033064869)
(0.0072001462 0.0039777025 0.0039777025)
(0.0072001461 0.0033064869 0.0045509554)
(0.007200146 0.0025538434 0.0050121245)
(0.0072001458 0.0017383123 0.0053498493)
(0.0072001456 0.0008799832 0.0055558105)
(0.0072001455 0 0.0056249342)
(0.0075001483 0.0056249293 0)
(0.0075001484 0.0055558057 0.00087998236)
(0.0075001487 0.0053498446 0.0017383107)
(0.007500149 0.00501212 0.0025538411)
(0.0075001491 0.0045509513 0.0033064839)
(0.0075001492 0.0039776988 0.0039776988)
(0.0075001491 0.0033064839 0.0045509513)
(0.007500149 0.0025538411 0.00501212)
(0.0075001487 0.0017383107 0.0053498446)
(0.0075001484 0.00087998236 0.0055558057)
(0.0075001483 0 0.0056249293)
(0.0078001462 0.0056249265 0)
(0.0078001464 0.0055558028 0.00087998184)
(0.0078001468 0.0053498417 0.0017383097)
(0.0078001471 0.0050121172 0.0025538396)
(0.0078001473 0.0045509488 0.0033064821)
(0.0078001473 0.0039776966 0.0039776966)
(0.0078001473 0.0033064821 0.0045509488)
(0.0078001471 0.0025538396 0.0050121172)
(0.0078001468 0.0017383097 0.0053498417)
(0.0078001464 0.00087998184 0.0055558028)
(0.0078001462 0 0.0056249265)
(0.0081001382 0.0056249268 0)
(0.0081001384 0.005555803 0.00087998183)
(0.0081001388 0.0053498419 0.0017383097)
(0.0081001392 0.0050121173 0.0025538397)
(0.0081001394 0.0045509488 0.0033064821)
(0.0081001395 0.0039776967 0.0039776967)
(0.0081001394 0.0033064821 0.0045509488)
(0.0081001392 0.0025538397 0.0050121173)
(0.0081001388 0.0017383097 0.0053498419)
(0.0081001384 0.00087998183 0.005555803)
(0.0081001382 0 0.0056249268)
(0.0084001234 0.0056249313 0)
(0.0084001237 0.0055558075 0.00087998254)
(0.0084001242 0.0053498461 0.0017383111)
(0.0084001246 0.0050121212 0.0025538417)
(0.0084001248 0.0045509524 0.0033064848)
(0.0084001249 0.0039776998 0.0039776998)
(0.0084001248 0.0033064848 0.0045509524)
(0.0084001246 0.0025538417 0.0050121212)
(0.0084001242 0.0017383111 0.0053498461)
(0.0084001237 0.00087998254 0.0055558075)
(0.0084001234 0 0.0056249313)
(0.0087001025 0.0056249409 0)
(0.0087001028 0.005555817 0.0008799841)
(0.0087001033 0.0053498553 0.0017383142)
(0.0087001037 0.0050121299 0.0025538462)
(0.0087001039 0.0045509603 0.0033064905)
(0.0087001039 0.0039777068 0.0039777068)
(0.0087001039 0.0033064905 0.0045509603)
(0.0087001037 0.0025538462 0.0050121299)
(0.0087001033 0.0017383142 0.0053498553)
(0.0087001028 0.0008799841 0.005555817)
(0.0087001025 0 0.0056249409)
(0.0090000767 0.0056249558 0)
(0.009000074 0.0055558335 0.00087998685)
(0.0090000745 0.0053498713 0.0017383196)
(0.0090000748 0.005012145 0.002553854)
(0.0090000749 0.0045509741 0.0033065007)
(0.009000075 0.0039777189 0.0039777189)
(0.0090000749 0.0033065007 0.0045509741)
(0.0090000748 0.002553854 0.005012145)
(0.0090000745 0.0017383196 0.0053498713)
(0.009000074 0.00087998685 0.0055558335)
(0.0090000767 0 0.0056249558)
(0 0.0058125 0)
(0 0.0057410872 0.0009093331)
(0 0.0055282695 0.0017962915)
(0 0.0051792898 0.0026390249)
(0 0.004702745 0.0034167727)
(0 0.004110375 0.004110375)
(0 0.0034167727 0.004702745)
(0 0.0026390249 0.0051792898)
(0 0.0017962915 0.0055282695)
(0 0.0009093331 0.0057410872)
(0 0 0.0058125)
(0.00030000099 0.0058124998 0)
(0.00030000099 0.0057410869 0.00090933306)
(0.00030000099 0.0055282693 0.0017962914)
(0.00030000099 0.0051792896 0.0026390248)
(0.00030000099 0.0047027448 0.0034167725)
(0.00030000099 0.0041103748 0.0041103748)
(0.00030000099 0.0034167725 0.0047027448)
(0.00030000099 0.0026390248 0.0051792896)
(0.00030000099 0.0017962914 0.0055282693)
(0.00030000099 0.00090933306 0.0057410869)
(0.00030000099 0 0.0058124998)
(0.00060000198 0.0058124995 0)
(0.00060000198 0.0057410867 0.00090933302)
(0.00060000198 0.005528269 0.0017962913)
(0.00060000198 0.0051792893 0.0026390247)
(0.00060000198 0.0047027446 0.0034167724)
(0.00060000198 0.0041103747 0.0041103747)
(0.00060000198 0.0034167724 0.0047027446)
(0.00060000198 0.0026390247 0.0051792893)
(0.00060000198 0.0017962913 0.005528269)
(0.00060000198 0.00090933302 0.0057410867)
(0.00060000198 0 0.0058124995)
(0.00090000301 0.0058124992 0)
(0.00090000301 0.0057410864 0.00090933298)
(0.00090000301 0.0055282688 0.0017962912)
(0.00090000301 0.0051792891 0.0026390245)
(0.00090000301 0.0047027444 0.0034167722)
(0.00090000301 0.0041103745 0.0041103745)
(0.00090000301 0.0034167722 0.0047027444)
(0.00090000301 0.0026390245 0.0051792891)
(0.00090000301 0.0017962912 0.0055282688)
(0.00090000301 0.00090933298 0.0057410864)
(0.00090000301 0 0.0058124992)
(0.0012000041 0.005812499 0)
(0.0012000041 0.0057410862 0.00090933294)
(0.0012000041 0.0055282685 0.0017962911)
(0.0012000041 0.0051792888 0.0026390244)
(0.0012000041 0.0047027442 0.003416772)
(0.0012000041 0.0041103743 0.0041103743)
(0.0012000041 0.003416772 0.0047027442)
(0.0012000041 0.0026390244 0.0051792888)
(0.0012000041 0.0017962911 0.0055282685)
(0.0012000041 0.00090933294 0.0057410862)
(0.0012000041 0 0.005812499)
(0.0015000053 0.0058124987 0)
(0.0015000053 0.0057410858 0.00090933289)
(0.0015000053 0.0055282682 0.001796291)
(0.0015000053 0.0051792886 0.0026390243)
(0.0015000053 0.004702744 0.0034167719)
(0.0015000053 0.004110374 0.004110374)
(0.0015000053 0.0034167719 0.004702744)
(0.0015000053 0.0026390243 0.0051792886)
(0.0015000053 0.001796291 0.0055282682)
(0.0015000053 0.00090933289 0.0057410858)
(0.0015000053 0 0.0058124987)
(0.0018000065 0.0058124983 0)
(0.0018000065 0.0057410855 0.00090933283)
(0.0018000065 0.0055282679 0.0017962909)
(0.0018000065 0.0051792883 0.0026390241)
(0.0018000065 0.0047027437 0.0034167717)
(0.0018000065 0.0041103738 0.0041103738)
(0.0018000065 0.0034167717 0.0047027437)
(0.0018000065 0.0026390241 0.0051792883)
(0.0018000065 0.0017962909 0.0055282679)
(0.0018000065 0.00090933283 0.0057410855)
(0.0018000065 0 0.0058124983)
(0.002100008 0.0058124979 0)
(0.002100008 0.0057410851 0.00090933277)
(0.002100008 0.0055282675 0.0017962908)
(0.002100008 0.0051792879 0.0026390239)
(0.002100008 0.0047027433 0.0034167714)
(0.002100008 0.0041103735 0.0041103735)
(0.002100008 0.0034167714 0.0047027433)
(0.002100008 0.0026390239 0.0051792879)
(0.002100008 0.0017962908 0.0055282675)
(0.002100008 0.00090933277 0.0057410851)
(0.002100008 0 0.0058124979)
(0.0024000096 0.0058124974 0)
(0.0024000096 0.0057410846 0.00090933269)
(0.0024000096 0.0055282671 0.0017962907)
(0.0024000096 0.0051792875 0.0026390237)
(0.0024000096 0.0047027429 0.0034167711)
(0.0024000096 0.0041103732 0.0041103732)
(0.0024000096 0.0034167711 0.0047027429)
(0.0024000096 0.0026390237 0.0051792875)
(0.0024000096 0.0017962907 0.0055282671)
(0.0024000096 0.00090933269 0.0057410846)
(0.0024000096 0 0.0058124974)
(0.0027000114 0.0058124968 0)
(0.0027000114 0.0057410841 0.0009093326)
(0.0027000114 0.0055282665 0.0017962905)
(0.0027000114 0.005179287 0.0026390234)
(0.0027000114 0.0047027425 0.0034167708)
(0.0027000114 0.0041103728 0.0041103728)
(0.0027000114 0.0034167708 0.0047027425)
(0.0027000114 0.0026390234 0.005179287)
(0.0027000114 0.0017962905 0.0055282665)
(0.0027000114 0.0009093326 0.0057410841)
(0.0027000114 0 0.0058124968)
(0.0030000135 0.0058124962 0)
(0.0030000135 0.0057410834 0.0009093325)
(0.0030000135 0.0055282659 0.0017962903)
(0.0030000135 0.0051792864 0.0026390231)
(0.0030000135 0.004702742 0.0034167704)
(0.0030000135 0.0041103723 0.0041103723)
(0.0030000135 0.0034167704 0.004702742)
(0.0030000135 0.0026390231 0.0051792864)
(0.0030000135 0.0017962903 0.0055282659)
(0.0030000135 0.0009093325 0.0057410834)
(0.0030000135 0 0.0058124962)
(0.0033000159 0.0058124954 0)
(0.0033000159 0.0057410826 0.00090933238)
(0.0033000159 0.0055282651 0.00179629)
(0.0033000159 0.0051792857 0.0026390228)
(0.0033000159 0.0047027413 0.0034167699)
(0.0033000159 0.0041103717 0.0041103717)
(0.0033000159 0.0034167699 0.0047027413)
(0.0033000159 0.0026390228 0.0051792857)
(0.0033000159 0.00179629 0.0055282651)
(0.0033000159 0.00090933238 0.0057410826)
(0.0033000159 0 0.0058124954)
(0.0036000186 0.0058124945 0)
(0.0036000186 0.0057410817 0.00090933223)
(0.0036000186 0.0055282643 0.0017962897)
(0.0036000186 0.0051792849 0.0026390224)
(0.0036000186 0.0047027406 0.0034167694)
(0.0036000186 0.0041103711 0.0041103711)
(0.0036000186 0.0034167694 0.0047027406)
(0.0036000186 0.0026390224 0.0051792849)
(0.0036000186 0.0017962897 0.0055282643)
(0.0036000186 0.00090933223 0.0057410817)
(0.0036000186 0 0.0058124945)
(0.0039000216 0.0058124934 0)
(0.0039000217 0.0057410807 0.00090933206)
(0.0039000217 0.0055282633 0.0017962894)
(0.0039000217 0.0051792839 0.0026390219)
(0.0039000217 0.0047027397 0.0034167688)
(0.0039000217 0.0041103703 0.0041103703)
(0.0039000217 0.0034167688 0.0047027397)
(0.0039000217 0.0026390219 0.0051792839)
(0.0039000217 0.0017962894 0.0055282633)
(0.0039000217 0.00090933206 0.0057410807)
(0.0039000216 0 0.0058124934)
(0.0042000251 0.0058124922 0)
(0.0042000251 0.0057410794 0.00090933186)
(0.0042000251 0.005528262 0.001796289)
(0.0042000251 0.0051792828 0.0026390213)
(0.0042000251 0.0047027387 0.003416768)
(0.0042000251 0.0041103694 0.0041103694)
(0.0042000251 0.003416768 0.0047027387)
(0.0042000251 0.0026390213 0.0051792828)
(0.0042000251 0.001796289 0.005528262)
(0.0042000251 0.00090933186 0.0057410794)
(0.0042000251 0 0.0058124922)
(0.004500029 0.0058124907 0)
(0.004500029 0.005741078 0.00090933163)
(0.004500029 0.0055282606 0.0017962885)
(0.004500029 0.0051792814 0.0026390206)
(0.004500029 0.0047027375 0.0034167671)
(0.004500029 0.0041103684 0.0041103684)
(0.004500029 0.0034167671 0.0047027375)
(0.004500029 0.0026390206 0.0051792814)
(0.004500029 0.0017962885 0.0055282606)
(0.004500029 0.00090933163 0.005741078)
(0.004500029 0 0.0058124907)
(0.0048000333 0.005812489 0)
(0.0048000333 0.0057410763 0.00090933135)
(0.0048000333 0.005528259 0.001796288)
(0.0048000333 0.0051792799 0.0026390198)
(0.0048000333 0.0047027361 0.0034167661)
(0.0048000333 0.0041103671 0.0041103671)
(0.0048000333 0.0034167661 0.0047027361)
(0.0048000333 0.0026390198 0.0051792799)
(0.0048000333 0.001796288 0.005528259)
(0.0048000333 0.00090933135 0.0057410763)
(0.0048000333 0 0.005812489)
(0.005100038 0.005812487 0)
(0.005100038 0.0057410744 0.00090933104)
(0.005100038 0.0055282571 0.0017962874)
(0.005100038 0.0051792782 0.0026390189)
(0.005100038 0.0047027345 0.0034167649)
(0.005100038 0.0041103657 0.0041103657)
(0.005100038 0.0034167649 0.0047027345)
(0.005100038 0.0026390189 0.0051792782)
(0.005100038 0.0017962874 0.0055282572)
(0.005100038 0.00090933104 0.0057410744)
(0.005100038 0 0.005812487)
(0.005400043 0.0058124848 0)
(0.005400043 0.0057410721 0.00090933068)
(0.0054000431 0.005528255 0.0017962867)
(0.0054000431 0.0051792761 0.0026390179)
(0.0054000431 0.0047027326 0.0034167636)
(0.0054000431 0.0041103641 0.0041103641)
(0.0054000431 0.0034167636 0.0047027326)
(0.0054000431 0.0026390179 0.0051792761)
(0.0054000431 0.0017962867 0.005528255)
(0.005400043 0.00090933068 0.0057410721)
(0.005400043 0 0.0058124848)
(0.0057000484 0.0058124823 0)
(0.0057000484 0.0057410697 0.00090933027)
(0.0057000485 0.0055282526 0.0017962859)
(0.0057000485 0.0051792739 0.0026390167)
(0.0057000485 0.0047027306 0.0034167621)
(0.0057000485 0.0041103623 0.0041103623)
(0.0057000485 0.0034167621 0.0047027306)
(0.0057000485 0.0026390167 0.0051792739)
(0.0057000485 0.0017962859 0.0055282526)
(0.0057000484 0.00090933027 0.0057410697)
(0.0057000484 0 0.0058124823)
(0.006000054 0.0058124795 0)
(0.006000054 0.0057410669 0.00090932981)
(0.006000054 0.0055282499 0.001796285)
(0.006000054 0.0051792714 0.0026390154)
(0.0060000541 0.0047027283 0.0034167604)
(0.0060000541 0.0041103603 0.0041103603)
(0.0060000541 0.0034167604 0.0047027283)
(0.006000054 0.0026390154 0.0051792714)
(0.006000054 0.001796285 0.0055282499)
(0.006000054 0.00090932981 0.0057410669)
(0.006000054 0 0.0058124795)
(0.0063000595 0.0058124765 0)
(0.0063000595 0.0057410639 0.00090932932)
(0.0063000596 0.005528247 0.001796284)
(0.0063000596 0.0051792686 0.002639014)
(0.0063000596 0.0047027258 0.0034167586)
(0.0063000596 0.0041103581 0.0041103581)
(0.0063000596 0.0034167586 0.0047027258)
(0.0063000596 0.002639014 0.0051792686)
(0.0063000596 0.001796284 0.005528247)
(0.0063000595 0.00090932932 0.0057410639)
(0.0063000595 0 0.0058124765)
(0.0066000647 0.0058124733 0)
(0.0066000647 0.0057410608 0.00090932879)
(0.0066000648 0.005528244 0.001796283)
(0.0066000648 0.0051792657 0.0026390125)
(0.0066000649 0.0047027231 0.0034167566)
(0.0066000649 0.0041103558 0.0041103558)
(0.0066000649 0.0034167566 0.0047027231)
(0.0066000648 0.0026390125 0.0051792657)
(0.0066000648 0.001796283 0.005528244)
(0.0066000647 0.00090932879 0.0057410608)
(0.0066000647 0 0.0058124733)
(0.0069000692 0.0058124701 0)
(0.0069000693 0.0057410576 0.00090932826)
(0.0069000693 0.0055282409 0.0017962819)
(0.0069000694 0.0051792628 0.0026390109)
(0.0069000695 0.0047027205 0.0034167547)
(0.0069000695 0.0041103534 0.0041103534)
(0.0069000695 0.0034167547 0.0047027205)
(0.0069000694 0.0026390109 0.0051792628)
(0.0069000693 0.0017962819 0.0055282409)
(0.0069000693 0.00090932826 0.0057410576)
(0.0069000692 0 0.0058124701)
(0.0072000726 0.0058124671 0)
(0.0072000726 0.0057410546 0.00090932775)
(0.0072000727 0.005528238 0.001796281)
(0.0072000728 0.0051792601 0.0026390095)
(0.0072000729 0.0047027179 0.0034167528)
(0.0072000729 0.0041103512 0.0041103512)
(0.0072000729 0.0034167528 0.0047027179)
(0.0072000728 0.0026390095 0.0051792601)
(0.0072000727 0.001796281 0.005528238)
(0.0072000726 0.00090932775 0.0057410546)
(0.0072000726 0 0.0058124671)
(0.0075000741 0.0058124646 0)
(0.0075000742 0.0057410521 0.00090932733)
(0.0075000744 0.0055282356 0.0017962801)
(0.0075000745 0.0051792578 0.0026390083)
(0.0075000746 0.0047027158 0.0034167513)
(0.0075000746 0.0041103494 0.0041103494)
(0.0075000746 0.0034167513 0.0047027158)
(0.0075000745 0.0026390083 0.0051792578)
(0.0075000744 0.0017962801 0.0055282356)
(0.0075000742 0.00090932733 0.0057410521)
(0.0075000741 0 0.0058124646)
(0.0078000733 0.0058124631 0)
(0.0078000734 0.0057410506 0.00090932706)
(0.0078000736 0.0055282341 0.0017962796)
(0.0078000738 0.0051792563 0.0026390076)
(0.0078000739 0.0047027145 0.0034167503)
(0.0078000739 0.0041103482 0.0041103482)
(0.0078000739 0.0034167503 0.0047027145)
(0.0078000738 0.0026390076 0.0051792563)
(0.0078000736 0.0017962796 0.0055282341)
(0.0078000734 0.00090932706 0.0057410506)
(0.0078000733 0 0.0058124631)
(0.0081000696 0.0058124632 0)
(0.0081000697 0.0057410506 0.00090932704)
(0.0081000699 0.005528234 0.0017962796)
(0.0081000701 0.0051792563 0.0026390075)
(0.0081000702 0.0047027145 0.0034167503)
(0.0081000702 0.0041103482 0.0041103482)
(0.0081000702 0.0034167503 0.0047027145)
(0.0081000701 0.0026390075 0.0051792563)
(0.0081000699 0.0017962796 0.005528234)
(0.0081000697 0.00090932704 0.0057410506)
(0.0081000696 0 0.0058124632)
(0.0084000625 0.0058124654 0)
(0.0084000626 0.0057410528 0.00090932738)
(0.0084000629 0.0055282361 0.0017962803)
(0.0084000631 0.0051792582 0.0026390085)
(0.0084000632 0.0047027162 0.0034167516)
(0.0084000632 0.0041103497 0.0041103497)
(0.0084000632 0.0034167516 0.0047027162)
(0.0084000631 0.0026390085 0.0051792582)
(0.0084000629 0.0017962803 0.0055282361)
(0.0084000626 0.00090932738 0.0057410528)
(0.0084000625 0 0.0058124654)
(0.0087000523 0.0058124701 0)
(0.0087000524 0.0057410575 0.00090932815)
(0.0087000527 0.0055282406 0.0017962818)
(0.0087000529 0.0051792624 0.0026390107)
(0.008700053 0.0047027201 0.0034167544)
(0.008700053 0.0041103531 0.0041103531)
(0.008700053 0.0034167544 0.0047027201)
(0.0087000529 0.0026390107 0.0051792624)
(0.0087000527 0.0017962818 0.0055282406)
(0.0087000524 0.00090932815 0.0057410575)
(0.0087000523 0 0.0058124701)
(0.0090000396 0.0058124774 0)
(0.0090000383 0.0057410656 0.00090932949)
(0.0090000386 0.0055282485 0.0017962844)
(0.0090000387 0.0051792699 0.0026390146)
(0.0090000388 0.0047027269 0.0034167594)
(0.0090000388 0.0041103591 0.0041103591)
(0.0090000388 0.0034167594 0.0047027269)
(0.0090000387 0.0026390146 0.0051792699)
(0.0090000386 0.0017962844 0.0055282485)
(0.0090000383 0.00090932949 0.0057410656)
(0.0090000396 0 0.0058124774)
(0 0.006 0)
(0 0.0059262987 0.00093867231)
(0 0.0057066266 0.0018542496)
(0 0.0053463956 0.0027241756)
(0 0.0048544805 0.0035270187)
(0 0.004243 0.004243)
(0 0.0035270187 0.0048544805)
(0 0.0027241756 0.0053463956)
(0 0.0018542496 0.0057066266)
(0 0.00093867231 0.0059262987)
(0 0 0.006)
(0.0003 0.006 0)
(0.0003 0.0059262987 0.00093867231)
(0.0003 0.0057066266 0.0018542496)
(0.0003 0.0053463956 0.0027241756)
(0.0003 0.0048544805 0.0035270187)
(0.0003 0.004243 0.004243)
(0.0003 0.0035270187 0.0048544805)
(0.0003 0.0027241756 0.0053463956)
(0.0003 0.0018542496 0.0057066266)
(0.0003 0.00093867231 0.0059262987)
(0.0003 0 0.006)
(0.0006 0.006 0)
(0.0006 0.0059262987 0.00093867231)
(0.0006 0.0057066266 0.0018542496)
(0.0006 0.0053463956 0.0027241756)
(0.0006 0.0048544805 0.0035270187)
(0.0006 0.004243 0.004243)
(0.0006 0.0035270187 0.0048544805)
(0.0006 0.0027241756 0.0053463956)
(0.0006 0.0018542496 0.0057066266)
(0.0006 0.00093867231 0.0059262987)
(0.0006 0 0.006)
(0.0009 0.006 0)
(0.0009 0.0059262987 0.00093867231)
(0.0009 0.0057066266 0.0018542496)
(0.0009 0.0053463956 0.0027241756)
(0.0009 0.0048544805 0.0035270187)
(0.0009 0.004243 0.004243)
(0.0009 0.0035270187 0.0048544805)
(0.0009 0.0027241756 0.0053463956)
(0.0009 0.0018542496 0.0057066266)
(0.0009 0.00093867231 0.0059262987)
(0.0009 0 0.006)
(0.0012 0.006 0)
(0.0012 0.0059262987 0.00093867231)
(0.0012 0.0057066266 0.0018542496)
(0.0012 0.0053463956 0.0027241756)
(0.0012 0.0048544805 0.0035270187)
(0.0012 0.004243 0.004243)
(0.0012 0.0035270187 0.0048544805)
(0.0012 0.0027241756 0.0053463956)
(0.0012 0.0018542496 0.0057066266)
(0.0012 0.00093867231 0.0059262987)
(0.0012 0 0.006)
(0.0015 0.006 0)
(0.0015 0.0059262987 0.00093867231)
(0.0015 0.0057066266 0.0018542496)
(0.0015 0.0053463956 0.0027241756)
(0.0015 0.0048544805 0.0035270187)
(0.0015 0.004243 0.004243)
(0.0015 0.0035270187 0.0048544805)
(0.0015 0.0027241756 0.0053463956)
(0.0015 0.0018542496 0.0057066266)
(0.0015 0.00093867231 0.0059262987)
(0.0015 0 0.006)
(0.0018 0.006 0)
(0.0018 0.0059262987 0.00093867231)
(0.0018 0.0057066266 0.0018542496)
(0.0018 0.0053463956 0.0027241756)
(0.0018 0.0048544805 0.0035270187)
(0.0018 0.004243 0.004243)
(0.0018 0.0035270187 0.0048544805)
(0.0018 0.0027241756 0.0053463956)
(0.0018 0.0018542496 0.0057066266)
(0.0018 0.00093867231 0.0059262987)
(0.0018 0 0.006)
(0.0021 0.006 0)
(0.0021 0.0059262987 0.00093867231)
(0.0021 0.0057066266 0.0018542496)
(0.0021 0.0053463956 0.0027241756)
(0.0021 0.0048544805 0.0035270187)
(0.0021 0.004243 0.004243)
(0.0021 0.0035270187 0.0048544805)
(0.0021 0.0027241756 0.0053463956)
(0.0021 0.0018542496 0.0057066266)
(0.0021 0.00093867231 0.0059262987)
(0.0021 0 0.006)
(0.0024 0.006 0)
(0.0024 0.0059262987 0.00093867231)
(0.0024 0.0057066266 0.0018542496)
(0.0024 0.0053463956 0.0027241756)
(0.0024 0.0048544805 0.0035270187)
(0.0024 0.004243 0.004243)
(0.0024 0.0035270187 0.0048544805)
(0.0024 0.0027241756 0.0053463956)
(0.0024 0.0018542496 0.0057066266)
(0.0024 0.00093867231 0.0059262987)
(0.0024 0 0.006)
(0.0027 0.006 0)
(0.0027 0.0059262987 0.00093867231)
(0.0027 0.0057066266 0.0018542496)
(0.0027 0.0053463956 0.0027241756)
(0.0027 0.0048544805 0.0035270187)
(0.0027 0.004243 0.004243)
(0.0027 0.0035270187 0.0048544805)
(0.0027 0.0027241756 0.0053463956)
(0.0027 0.0018542496 0.0057066266)
(0.0027 0.00093867231 0.0059262987)
(0.0027 0 0.006)
(0.003 0.006 0)
(0.003 0.0059262987 0.00093867231)
(0.003 0.0057066266 0.0018542496)
(0.003 0.0053463956 0.0027241756)
(0.003 0.0048544805 0.0035270187)
(0.003 0.004243 0.004243)
(0.003 0.0035270187 0.0048544805)
(0.003 0.0027241756 0.0053463956)
(0.003 0.0018542496 0.0057066266)
(0.003 0.00093867231 0.0059262987)
(0.003 0 0.006)
(0.0033 0.006 0)
(0.0033 0.0059262987 0.00093867231)
(0.0033 0.0057066266 0.0018542496)
(0.0033 0.0053463956 0.0027241756)
(0.0033 0.0048544805 0.0035270187)
(0.0033 0.004243 0.004243)
(0.0033 0.0035270187 0.0048544805)
(0.0033 0.0027241756 0.0053463956)
(0.0033 0.0018542496 0.0057066266)
(0.0033 0.00093867231 0.0059262987)
(0.0033 0 0.006)
(0.0036 0.006 0)
(0.0036 0.0059262987 0.00093867231)
(0.0036 0.0057066266 0.0018542496)
(0.0036 0.0053463956 0.0027241756)
(0.0036 0.0048544805 0.0035270187)
(0.0036 0.004243 0.004243)
(0.0036 0.0035270187 0.0048544805)
(0.0036 0.0027241756 0.0053463956)
(0.0036 0.0018542496 0.0057066266)
(0.0036 0.00093867231 0.0059262987)
(0.0036 0 0.006)
(0.0039 0.006 0)
(0.0039 0.0059262987 0.00093867231)
(0.0039 0.0057066266 0.0018542496)
(0.0039 0.0053463956 0.0027241756)
(0.0039 0.0048544805 0.0035270187)
(0.0039 0.004243 0.004243)
(0.0039 0.0035270187 0.0048544805)
(0.0039 0.0027241756 0.0053463956)
(0.0039 0.0018542496 0.0057066266)
(0.0039 0.00093867231 0.0059262987)
(0.0039 0 0.006)
(0.0042 0.006 0)
(0.0042 0.0059262987 0.00093867231)
(0.0042 0.0057066266 0.0018542496)
(0.0042 0.0053463956 0.0027241756)
(0.0042 0.0048544805 0.0035270187)
(0.0042 0.004243 0.004243)
(0.0042 0.0035270187 0.0048544805)
(0.0042 0.0027241756 0.0053463956)
(0.0042 0.0018542496 0.0057066266)
(0.0042 0.00093867231 0.0059262987)
(0.0042 0 0.006)
(0.0045 0.006 0)
(0.0045 0.0059262987 0.00093867231)
(0.0045 0.0057066266 0.0018542496)
(0.0045 0.0053463956 0.0027241756)
(0.0045 0.0048544805 0.0035270187)
(0.0045 0.004243 0.004243)
(0.0045 0.0035270187 0.0048544805)
(0.0045 0.0027241756 0.0053463956)
(0.0045 0.0018542496 0.0057066266)
(0.0045 0.00093867231 0.0059262987)
(0.0045 0 0.006)
(0.0048 0.006 0)
(0.0048 0.0059262987 0.00093867231)
(0.0048 0.0057066266 0.0018542496)
(0.0048 0.0053463956 0.0027241756)
(0.0048 0.0048544805 0.0035270187)
(0.0048 0.004243 0.004243)
(0.0048 0.0035270187 0.0048544805)
(0.0048 0.0027241756 0.0053463956)
(0.0048 0.0018542496 0.0057066266)
(0.0048 0.00093867231 0.0059262987)
(0.0048 0 0.006)
(0.0051 0.006 0)
(0.0051 0.0059262987 0.00093867231)
(0.0051 0.0057066266 0.0018542496)
(0.0051 0.0053463956 0.0027241756)
(0.0051 0.0048544805 0.0035270187)
(0.0051 0.004243 0.004243)
(0.0051 0.0035270187 0.0048544805)
(0.0051 0.0027241756 0.0053463956)
(0.0051 0.0018542496 0.0057066266)
(0.0051 0.00093867231 0.0059262987)
(0.0051 0 0.006)
(0.0054 0.006 0)
(0.0054 0.0059262987 0.00093867231)
(0.0054 0.0057066266 0.0018542496)
(0.0054 0.0053463956 0.0027241756)
(0.0054 0.0048544805 0.0035270187)
(0.0054 0.004243 0.004243)
(0.0054 0.0035270187 0.0048544805)
(0.0054 0.0027241756 0.0053463956)
(0.0054 0.0018542496 0.0057066266)
(0.0054 0.00093867231 0.0059262987)
(0.0054 0 0.006)
(0.0057 0.006 0)
(0.0057 0.0059262987 0.00093867231)
(0.0057 0.0057066266 0.0018542496)
(0.0057 0.0053463956 0.0027241756)
(0.0057 0.0048544805 0.0035270187)
(0.0057 0.004243 0.004243)
(0.0057 0.0035270187 0.0048544805)
(0.0057 0.0027241756 0.0053463956)
(0.0057 0.0018542496 0.0057066266)
(0.0057 0.00093867231 0.0059262987)
(0.0057 0 0.006)
(0.006 0.006 0)
(0.006 0.0059262987 0.00093867231)
(0.006 0.0057066266 0.0018542496)
(0.006 0.0053463956 0.0027241756)
(0.006 0.0048544805 0.0035270187)
(0.006 0.004243 0.004243)
(0.006 0.0035270187 0.0048544805)
(0.006 0.0027241756 0.0053463956)
(0.006 0.0018542496 0.0057066266)
(0.006 0.00093867231 0.0059262987)
(0.006 0 0.006)
(0.0063 0.006 0)
(0.0063 0.0059262987 0.00093867231)
(0.0063 0.0057066266 0.0018542496)
(0.0063 0.0053463956 0.0027241756)
(0.0063 0.0048544805 0.0035270187)
(0.0063 0.004243 0.004243)
(0.0063 0.0035270187 0.0048544805)
(0.0063 0.0027241756 0.0053463956)
(0.0063 0.0018542496 0.0057066266)
(0.0063 0.00093867231 0.0059262987)
(0.0063 0 0.006)
(0.0066 0.006 0)
(0.0066 0.0059262987 0.00093867231)
(0.0066 0.0057066266 0.0018542496)
(0.0066 0.0053463956 0.0027241756)
(0.0066 0.0048544805 0.0035270187)
(0.0066 0.004243 0.004243)
(0.0066 0.0035270187 0.0048544805)
(0.0066 0.0027241756 0.0053463956)
(0.0066 0.0018542496 0.0057066266)
(0.0066 0.00093867231 0.0059262987)
(0.0066 0 0.006)
(0.0069 0.006 0)
(0.0069 0.0059262987 0.00093867231)
(0.0069 0.0057066266 0.0018542496)
(0.0069 0.0053463956 0.0027241756)
(0.0069 0.0048544805 0.0035270187)
(0.0069 0.004243 0.004243)
(0.0069 0.0035270187 0.0048544805)
(0.0069 0.0027241756 0.0053463956)
(0.0069 0.0018542496 0.0057066266)
(0.0069 0.00093867231 0.0059262987)
(0.0069 0 0.006)
(0.0072 0.006 0)
(0.0072 0.0059262987 0.00093867231)
(0.0072 0.0057066266 0.0018542496)
(0.0072 0.0053463956 0.0027241756)
(0.0072 0.0048544805 0.0035270187)
(0.0072 0.004243 0.004243)
(0.0072 0.0035270187 0.0048544805)
(0.0072 0.0027241756 0.0053463956)
(0.0072 0.0018542496 0.0057066266)
(0.0072 0.00093867231 0.0059262987)
(0.0072 0 0.006)
(0.0075 0.006 0)
(0.0075 0.0059262987 0.00093867231)
(0.0075 0.0057066266 0.0018542496)
(0.0075 0.0053463956 0.0027241756)
(0.0075 0.0048544805 0.0035270187)
(0.0075 0.004243 0.004243)
(0.0075 0.0035270187 0.0048544805)
(0.0075 0.0027241756 0.0053463956)
(0.0075 0.0018542496 0.0057066266)
(0.0075 0.00093867231 0.0059262987)
(0.0075 0 0.006)
(0.0078 0.006 0)
(0.0078 0.0059262987 0.00093867231)
(0.0078 0.0057066266 0.0018542496)
(0.0078 0.0053463956 0.0027241756)
(0.0078 0.0048544805 0.0035270187)
(0.0078 0.004243 0.004243)
(0.0078 0.0035270187 0.0048544805)
(0.0078 0.0027241756 0.0053463956)
(0.0078 0.0018542496 0.0057066266)
(0.0078 0.00093867231 0.0059262987)
(0.0078 0 0.006)
(0.0081 0.006 0)
(0.0081 0.0059262987 0.00093867231)
(0.0081 0.0057066266 0.0018542496)
(0.0081 0.0053463956 0.0027241756)
(0.0081 0.0048544805 0.0035270187)
(0.0081 0.004243 0.004243)
(0.0081 0.0035270187 0.0048544805)
(0.0081 0.0027241756 0.0053463956)
(0.0081 0.0018542496 0.0057066266)
(0.0081 0.00093867231 0.0059262987)
(0.0081 0 0.006)
(0.0084 0.006 0)
(0.0084 0.0059262987 0.00093867231)
(0.0084 0.0057066266 0.0018542496)
(0.0084 0.0053463956 0.0027241756)
(0.0084 0.0048544805 0.0035270187)
(0.0084 0.004243 0.004243)
(0.0084 0.0035270187 0.0048544805)
(0.0084 0.0027241756 0.0053463956)
(0.0084 0.0018542496 0.0057066266)
(0.0084 0.00093867231 0.0059262987)
(0.0084 0 0.006)
(0.0087 0.006 0)
(0.0087 0.0059262987 0.00093867231)
(0.0087 0.0057066266 0.0018542496)
(0.0087 0.0053463956 0.0027241756)
(0.0087 0.0048544805 0.0035270187)
(0.0087 0.004243 0.004243)
(0.0087 0.0035270187 0.0048544805)
(0.0087 0.0027241756 0.0053463956)
(0.0087 0.0018542496 0.0057066266)
(0.0087 0.00093867231 0.0059262987)
(0.0087 0 0.006)
(0.009 0.006 0)
(0.009 0.0059262987 0.00093867231)
(0.009 0.0057066266 0.0018542496)
(0.009 0.0053463956 0.0027241756)
(0.009 0.0048544805 0.0035270187)
(0.009 0.004243 0.004243)
(0.009 0.0035270187 0.0048544805)
(0.009 0.0027241756 0.0053463956)
(0.009 0.0018542496 0.0057066266)
(0.009 0.00093867231 0.0059262987)
(0.009 0 0.006)
(0.0095 0.0045 0)
(0.0095 0.0044446067 0.00070395865)
(0.0095 0.0042797699 0.0013905845)
(0.0095 0.0040095487 0.0020429699)
(0.0095 0.003640597 0.0026450503)
(0.0095 0.003182 0.003182)
(0.0095 0.0026450503 0.003640597)
(0.0095 0.0020429699 0.0040095487)
(0.0095 0.0013905845 0.0042797699)
(0.0095 0.00070395865 0.0044446067)
(0.0095 0 0.0045)
(0.01 0.0045 0)
(0.01 0.0044446067 0.00070395865)
(0.01 0.0042797699 0.0013905845)
(0.01 0.0040095487 0.0020429699)
(0.01 0.003640597 0.0026450503)
(0.01 0.003182 0.003182)
(0.01 0.0026450503 0.003640597)
(0.01 0.0020429699 0.0040095487)
(0.01 0.0013905845 0.0042797699)
(0.01 0.00070395865 0.0044446067)
(0.01 0 0.0045)
(0.0105 0.0045 0)
(0.0105 0.0044446067 0.00070395865)
(0.0105 0.0042797699 0.0013905845)
(0.0105 0.0040095487 0.0020429699)
(0.0105 0.003640597 0.0026450503)
(0.0105 0.003182 0.003182)
(0.0105 0.0026450503 0.003640597)
(0.0105 0.0020429699 0.0040095487)
(0.0105 0.0013905845 0.0042797699)
(0.0105 0.00070395865 0.0044446067)
(0.0105 0 0.0045)
(0.011 0.0045 0)
(0.011 0.0044446067 0.00070395865)
(0.011 0.0042797699 0.0013905845)
(0.011 0.0040095487 0.0020429699)
(0.011 0.003640597 0.0026450503)
(0.011 0.003182 0.003182)
(0.011 0.0026450503 0.003640597)
(0.011 0.0020429699 0.0040095487)
(0.011 0.0013905845 0.0042797699)
(0.011 0.00070395865 0.0044446067)
(0.011 0 0.0045)
(0.0095000392 0.0046874774 0)
(0.0095000394 0.0046297957 0.00073329405)
(0.0095000398 0.004458105 0.0014485353)
(0.00950004 0.0041766337 0.0021281098)
(0.0095000401 0.0037923134 0.0027552824)
(0.0095000401 0.0033146083 0.0033146083)
(0.0095000401 0.0027552824 0.0037923134)
(0.00950004 0.0021281098 0.0041766337)
(0.0095000398 0.0014485353 0.004458105)
(0.0095000394 0.00073329405 0.0046297957)
(0.0095000392 0 0.0046874774)
(0.010000021 0.0046874998 0)
(0.010000021 0.004629818 0.0007332978)
(0.010000021 0.0044581268 0.0014485425)
(0.010000021 0.0041766544 0.0021281205)
(0.010000021 0.0037923323 0.0027552962)
(0.010000021 0.0033146248 0.0033146248)
(0.010000021 0.0027552962 0.0037923323)
(0.010000021 0.0021281205 0.0041766544)
(0.010000021 0.0014485425 0.0044581268)
(0.010000021 0.0007332978 0.004629818)
(0.010000021 0 0.0046874998)
(0.010500035 0.0046875219 0)
(0.010500036 0.00462984 0.00073330142)
(0.010500036 0.0044581483 0.0014485496)
(0.010500036 0.0041766747 0.0021281309)
(0.010500036 0.0037923508 0.0027553097)
(0.010500036 0.0033146411 0.0033146411)
(0.010500036 0.0027553097 0.0037923508)
(0.010500036 0.0021281309 0.0041766747)
(0.010500036 0.0014485496 0.0044581483)
(0.010500036 0.00073330142 0.00462984)
(0.010500035 0 0.0046875219)
(0.011000163 0.0046876227 0)
(0.01100015 0.0046299299 0.00073331619)
(0.011000152 0.0044582365 0.0014485785)
(0.011000153 0.004176758 0.0021281737)
(0.011000153 0.0037924267 0.002755365)
(0.011000153 0.0033147075 0.0033147075)
(0.011000153 0.002755365 0.0037924267)
(0.011000153 0.0021281737 0.004176758)
(0.011000152 0.0014485785 0.0044582365)
(0.01100015 0.00073331619 0.0046299299)
(0.011000163 0 0.0046876227)
(0.0095000599 0.0048749676 0)
(0.0095000601 0.0048149974 0.00076263162)
(0.0095000606 0.0046364525 0.0015064902)
(0.0095000609 0.0043437305 0.0022132558)
(0.0095000611 0.0039440406 0.0028655224)
(0.0095000611 0.0034472261 0.0034472261)
(0.0095000611 0.0028655224 0.0039440406)
(0.0095000609 0.0022132558 0.0043437305)
(0.0095000606 0.0015064902 0.0046364525)
(0.0095000601 0.00076263162 0.0048149974)
(0.0095000599 0 0.0048749676)
(0.010000036 0.0048749997 0)
(0.010000036 0.0048150294 0.00076263696)
(0.010000036 0.0046364838 0.0015065006)
(0.010000036 0.0043437601 0.0022132711)
(0.010000036 0.0039440676 0.0028655422)
(0.010000036 0.0034472497 0.0034472497)
(0.010000036 0.0028655422 0.0039440676)
(0.010000036 0.0022132711 0.0043437601)
(0.010000036 0.0015065006 0.0046364838)
(0.010000036 0.00076263696 0.0048150294)
(0.010000036 0 0.0048749997)
(0.010500054 0.0048750314 0)
(0.010500055 0.004815061 0.00076264217)
(0.010500055 0.0046365146 0.0015065108)
(0.010500055 0.0043437893 0.0022132861)
(0.010500056 0.0039440942 0.0028655616)
(0.010500056 0.003447273 0.003447273)
(0.010500056 0.0028655616 0.0039440942)
(0.010500055 0.0022132861 0.0043437893)
(0.010500055 0.0015065108 0.0046365146)
(0.010500055 0.00076264217 0.004815061)
(0.010500054 0 0.0048750314)
(0.011000156 0.0048751108 0)
(0.011000147 0.0048151325 0.00076265391)
(0.011000148 0.0046365846 0.0015065338)
(0.011000149 0.0043438554 0.0022133201)
(0.011000149 0.0039441544 0.0028656055)
(0.011000149 0.0034473257 0.0034473257)
(0.011000149 0.0028656055 0.0039441544)
(0.011000149 0.0022133201 0.0043438554)
(0.011000148 0.0015065338 0.0046365846)
(0.011000147 0.00076265391 0.0048151325)
(0.011000156 0 0.0048751108)
(0.0095000691 0.0050624645 0)
(0.0095000694 0.0050002058 0.00079197032)
(0.0095000699 0.0048148066 0.0015644473)
(0.0095000702 0.0045108336 0.0022984051)
(0.0095000704 0.0040957735 0.0029757666)
(0.0095000704 0.0035798488 0.0035798488)
(0.0095000704 0.0029757666 0.0040957735)
(0.0095000702 0.0022984051 0.0045108336)
(0.0095000699 0.0015644473 0.0048148066)
(0.0095000694 0.00079197032 0.0050002058)
(0.0095000691 0 0.0050624645)
(0.010000044 0.0050624996 0)
(0.010000044 0.0050002408 0.00079197615)
(0.010000045 0.0048148408 0.0015644587)
(0.010000045 0.0045108659 0.0022984218)
(0.010000045 0.0040958029 0.0029757882)
(0.010000045 0.0035798747 0.0035798747)
(0.010000045 0.0029757882 0.0040958029)
(0.010000045 0.0022984218 0.0045108659)
(0.010000045 0.0015644587 0.0048148408)
(0.010000044 0.00079197615 0.0050002408)
(0.010000044 0 0.0050624996)
(0.010500063 0.0050625344 0)
(0.010500063 0.0050002754 0.00079198185)
(0.010500064 0.0048148746 0.0015644699)
(0.010500064 0.0045108978 0.0022984382)
(0.010500064 0.0040958321 0.0029758094)
(0.010500064 0.0035799002 0.0035799002)
(0.010500064 0.0029758094 0.0040958321)
(0.010500064 0.0022984382 0.0045108978)
(0.010500064 0.0015644699 0.0048148746)
(0.010500063 0.00079198185 0.0050002754)
(0.010500063 0 0.0050625344)
(0.011000142 0.0050625963 0)
(0.011000135 0.0050003317 0.00079199109)
(0.011000137 0.0048149295 0.001564488)
(0.011000137 0.0045109497 0.0022984649)
(0.011000137 0.0040958793 0.0029758439)
(0.011000138 0.0035799416 0.0035799416)
(0.011000138 0.0029758439 0.0040958793)
(0.011000137 0.0022984649 0.0045109497)
(0.011000137 0.001564488 0.0048149295)
(0.011000135 0.00079199109 0.0050003317)
(0.011000142 0 0.0050625963)
(0.0095000683 0.0052499664 0)
(0.0095000685 0.0051854193 0.00082130987)
(0.009500069 0.0049931656 0.0016224061)
(0.0095000693 0.0046779413 0.0023835567)
(0.0095000694 0.0042475106 0.0030860139)
(0.0095000695 0.0037124753 0.0037124753)
(0.0095000694 0.0030860139 0.0042475106)
(0.0095000693 0.0023835567 0.0046779413)
(0.009500069 0.0016224061 0.0049931656)
(0.0095000685 0.00082130987 0.0051854193)
(0.0095000683 0 0.0052499664)
(0.010000046 0.0052499996 0)
(0.010000046 0.0051854523 0.00082131536)
(0.010000046 0.0049931979 0.0016224168)
(0.010000046 0.0046779718 0.0023835725)
(0.010000047 0.0042475384 0.0030860342)
(0.010000047 0.0037124997 0.0037124997)
(0.010000047 0.0030860342 0.0042475384)
(0.010000046 0.0023835725 0.0046779718)
(0.010000046 0.0016224168 0.0049931979)
(0.010000046 0.00082131536 0.0051854523)
(0.010000046 0 0.0052499996)
(0.010500063 0.0052500325 0)
(0.010500063 0.005185485 0.00082132074)
(0.010500063 0.0049932297 0.0016224274)
(0.010500064 0.0046780019 0.002383588)
(0.010500064 0.0042475658 0.0030860543)
(0.010500064 0.0037125237 0.0037125237)
(0.010500064 0.0030860543 0.0042475658)
(0.010500064 0.002383588 0.0046780019)
(0.010500063 0.0016224274 0.0049932297)
(0.010500063 0.00082132074 0.005185485)
(0.010500063 0 0.0052500325)
(0.011000123 0.0052500802 0)
(0.011000118 0.0051855286 0.0008213279)
(0.011000119 0.0049932723 0.0016224414)
(0.011000119 0.0046780421 0.0023836086)
(0.01100012 0.0042476024 0.003086081)
(0.01100012 0.0037125558 0.0037125558)
(0.01100012 0.003086081 0.0042476024)
(0.011000119 0.0023836087 0.0046780421)
(0.011000119 0.0016224414 0.0049932723)
(0.011000118 0.0008213279 0.0051855286)
(0.011000123 0 0.0052500802)
(0.0095000592 0.0054374719 0)
(0.0095000594 0.0053706362 0.00085065)
(0.0095000598 0.0051715281 0.001680366)
(0.0095000601 0.0048450522 0.0024687101)
(0.0095000602 0.0043992506 0.0031962633)
(0.0095000602 0.0038451043 0.0038451043)
(0.0095000602 0.0031962633 0.0043992506)
(0.0095000601 0.0024687101 0.0048450522)
(0.0095000598 0.001680366 0.0051715281)
(0.0095000594 0.00085065 0.0053706362)
(0.0095000592 0 0.0054374719)
(0.010000041 0.0054374997 0)
(0.010000041 0.0053706638 0.00085065458)
(0.010000041 0.005171555 0.001680375)
(0.010000042 0.0048450777 0.0024687232)
(0.010000042 0.0043992738 0.0031962803)
(0.010000042 0.0038451247 0.0038451247)
(0.010000042 0.0031962803 0.0043992738)
(0.010000042 0.0024687232 0.0048450777)
(0.010000041 0.001680375 0.005171555)
(0.010000041 0.00085065458 0.0053706638)
(0.010000041 0 0.0054374997)
(0.010500055 0.0054375272 0)
(0.010500055 0.0053706912 0.00085065908)
(0.010500055 0.0051715816 0.0016803838)
(0.010500055 0.0048451029 0.0024687362)
(0.010500055 0.0043992968 0.0031962971)
(0.010500056 0.0038451448 0.0038451448)
(0.010500055 0.0031962971 0.0043992968)
(0.010500055 0.0024687362 0.0048451029)
(0.010500055 0.0016803838 0.0051715816)
(0.010500055 0.00085065908 0.0053706912)
(0.010500055 0 0.0054375272)
(0.011000099 0.0054375624 0)
(0.011000095 0.0053707235 0.00085066439)
(0.011000096 0.0051716132 0.0016803942)
(0.011000096 0.0048451326 0.0024687515)
(0.011000096 0.0043993239 0.0031963169)
(0.011000096 0.0038451686 0.0038451686)
(0.011000096 0.0031963169 0.0043993239)
(0.011000096 0.0024687515 0.0048451326)
(0.011000096 0.0016803942 0.0051716132)
(0.011000095 0.00085066439 0.0053707235)
(0.011000099 0 0.0054375624)
(0.0095000437 0.0056249798 0)
(0.0095000438 0.0055558556 0.00087999053)
(0.0095000441 0.0053498928 0.0017383268)
(0.0095000443 0.0050121654 0.0025538646)
(0.0095000444 0.0045509927 0.0033065142)
(0.0095000444 0.0039777352 0.0039777352)
(0.0095000444 0.0033065142 0.0045509927)
(0.0095000443 0.0025538646 0.0050121654)
(0.0095000441 0.0017383268 0.0053498928)
(0.0095000438 0.00087999053 0.0055558556)
(0.0095000437 0 0.0056249798)
(0.010000031 0.0056249997 0)
(0.010000031 0.0055558754 0.00087999382)
(0.010000031 0.0053499122 0.0017383332)
(0.010000031 0.0050121836 0.002553874)
(0.010000031 0.0045510094 0.0033065264)
(0.010000031 0.0039777498 0.0039777498)
(0.010000031 0.0033065264 0.0045510094)
(0.010000031 0.002553874 0.0050121836)
(0.010000031 0.0017383332 0.0053499122)
(0.010000031 0.00087999382 0.0055558754)
(0.010000031 0 0.0056249997)
(0.01050004 0.0056250195 0)
(0.01050004 0.0055558951 0.00087999705)
(0.010500041 0.0053499313 0.0017383395)
(0.010500041 0.0050122017 0.0025538833)
(0.010500041 0.0045510259 0.0033065384)
(0.010500041 0.0039777642 0.0039777642)
(0.010500041 0.0033065384 0.0045510259)
(0.010500041 0.0025538833 0.0050122017)
(0.010500041 0.0017383395 0.0053499313)
(0.01050004 0.00087999705 0.0055558951)
(0.01050004 0 0.0056250195)
(0.011000069 0.005625043 0)
(0.011000067 0.0055559167 0.0008800006)
(0.011000067 0.0053499524 0.0017383465)
(0.011000068 0.0050122216 0.0025538935)
(0.011000068 0.004551044 0.0033065517)
(0.011000068 0.0039777801 0.0039777801)
(0.011000068 0.0033065517 0.004551044)
(0.011000068 0.0025538936 0.0050122216)
(0.011000067 0.0017383465 0.0053499524)
(0.011000067 0.0008800006 0.0055559167)
(0.011000069 0 0.005625043)
(0.0095000232 0.0058124894 0)
(0.0095000233 0.0057410767 0.00090933134)
(0.0095000234 0.0055282593 0.001796288)
(0.0095000235 0.0051792801 0.0026390199)
(0.0095000236 0.0047027362 0.0034167662)
(0.0095000236 0.0041103672 0.0041103672)
(0.0095000236 0.0034167662 0.0047027362)
(0.0095000235 0.0026390199 0.0051792801)
(0.0095000234 0.001796288 0.0055282593)
(0.0095000233 0.00090933134 0.0057410767)
(0.0095000232 0 0.0058124894)
(0.010000017 0.0058124999 0)
(0.010000017 0.005741087 0.00090933306)
(0.010000017 0.0055282694 0.0017962914)
(0.010000017 0.0051792896 0.0026390248)
(0.010000017 0.0047027449 0.0034167725)
(0.010000017 0.0041103749 0.0041103749)
(0.010000017 0.0034167725 0.0047027449)
(0.010000017 0.0026390248 0.0051792896)
(0.010000017 0.0017962914 0.0055282694)
(0.010000017 0.00090933306 0.005741087)
(0.010000017 0 0.0058124999)
(0.010500021 0.0058125102 0)
(0.010500021 0.0057410973 0.00090933475)
(0.010500022 0.0055282794 0.0017962947)
(0.010500022 0.0051792991 0.0026390297)
(0.010500022 0.0047027535 0.0034167788)
(0.010500022 0.0041103824 0.0041103824)
(0.010500022 0.0034167788 0.0047027535)
(0.010500022 0.0026390297 0.0051792991)
(0.010500022 0.0017962947 0.0055282794)
(0.010500021 0.00090933475 0.0057410973)
(0.010500021 0 0.0058125102)
(0.011000036 0.005812522 0)
(0.011000035 0.0057411082 0.00090933653)
(0.011000035 0.00552829 0.0017962982)
(0.011000035 0.0051793091 0.0026390348)
(0.011000035 0.0047027627 0.0034167855)
(0.011000035 0.0041103904 0.0041103904)
(0.011000035 0.0034167855 0.0047027627)
(0.011000035 0.0026390348 0.0051793091)
(0.011000035 0.0017962982 0.00552829)
(0.011000035 0.00090933654 0.0057411082)
(0.011000036 0 0.005812522)
(0.0095 0.006 0)
(0.0095 0.0059262987 0.00093867231)
(0.0095 0.0057066266 0.0018542496)
(0.0095 0.0053463956 0.0027241756)
(0.0095 0.0048544805 0.0035270187)
(0.0095 0.004243 0.004243)
(0.0095 0.0035270187 0.0048544805)
(0.0095 0.0027241756 0.0053463956)
(0.0095 0.0018542496 0.0057066266)
(0.0095 0.00093867231 0.0059262987)
(0.0095 0 0.006)
(0.01 0.006 0)
(0.01 0.0059262987 0.00093867231)
(0.01 0.0057066266 0.0018542496)
(0.01 0.0053463956 0.0027241756)
(0.01 0.0048544805 0.0035270187)
(0.01 0.004243 0.004243)
(0.01 0.0035270187 0.0048544805)
(0.01 0.0027241756 0.0053463956)
(0.01 0.0018542496 0.0057066266)
(0.01 0.00093867231 0.0059262987)
(0.01 0 0.006)
(0.0105 0.006 0)
(0.0105 0.0059262987 0.00093867231)
(0.0105 0.0057066266 0.0018542496)
(0.0105 0.0053463956 0.0027241756)
(0.0105 0.0048544805 0.0035270187)
(0.0105 0.004243 0.004243)
(0.0105 0.0035270187 0.0048544805)
(0.0105 0.0027241756 0.0053463956)
(0.0105 0.0018542496 0.0057066266)
(0.0105 0.00093867231 0.0059262987)
(0.0105 0 0.006)
(0.011 0.006 0)
(0.011 0.0059262987 0.00093867231)
(0.011 0.0057066266 0.0018542496)
(0.011 0.0053463956 0.0027241756)
(0.011 0.0048544805 0.0035270187)
(0.011 0.004243 0.004243)
(0.011 0.0035270187 0.0048544805)
(0.011 0.0027241756 0.0053463956)
(0.011 0.0018542496 0.0057066266)
(0.011 0.00093867231 0.0059262987)
(0.011 0 0.006)
(0.011300355 0.0045002564 0)
(0.01130036 0.0044448648 0.00070400133)
(0.011300364 0.0042800228 0.0013906674)
(0.011300366 0.0040097876 0.0020430925)
(0.011300366 0.0036408145 0.0026452088)
(0.011300366 0.0031821904 0.0031821904)
(0.011300366 0.0026452088 0.0036408145)
(0.011300366 0.0020430925 0.0040097876)
(0.011300364 0.0013906674 0.0042800228)
(0.01130036 0.00070400133 0.0044448648)
(0.011300355 0 0.0045002564)
(0.011600488 0.0045003044 0)
(0.011600494 0.004444912 0.00070400936)
(0.011600496 0.0042800676 0.0013906828)
(0.011600498 0.0040098298 0.0020431144)
(0.011600499 0.0036408531 0.002645237)
(0.011600499 0.0031822243 0.0031822243)
(0.011600499 0.002645237 0.0036408531)
(0.011600498 0.0020431144 0.0040098298)
(0.011600496 0.0013906828 0.0042800676)
(0.011600494 0.00070400936 0.004444912)
(0.011600488 0 0.0045003044)
(0.011900568 0.0045003168 0)
(0.011900573 0.0044449234 0.00070401105)
(0.011900575 0.0042800778 0.0013906864)
(0.011900577 0.0040098392 0.0020431193)
(0.011900577 0.0036408618 0.0026452434)
(0.011900577 0.0031822319 0.0031822319)
(0.011900577 0.0026452434 0.0036408618)
(0.011900577 0.0020431193 0.0040098392)
(0.011900575 0.0013906864 0.0042800778)
(0.011900573 0.00070401105 0.0044449234)
(0.011900568 0 0.0045003168)
(0.012200603 0.0045003076 0)
(0.012200608 0.0044449135 0.00070400913)
(0.012200609 0.0042800676 0.0013906831)
(0.01220061 0.0040098293 0.0020431143)
(0.012200611 0.0036408528 0.0026452369)
(0.012200611 0.0031822241 0.0031822241)
(0.012200611 0.0026452369 0.0036408528)
(0.01220061 0.0020431143 0.0040098293)
(0.012200609 0.0013906831 0.0042800676)
(0.012200608 0.00070400913 0.0044449136)
(0.012200603 0 0.0045003076)
(0.012500606 0.0045002871 0)
(0.012500611 0.0044448927 0.00070400544)
(0.012500612 0.0042800469 0.0013906762)
(0.012500612 0.0040098096 0.0020431042)
(0.012500613 0.0036408348 0.0026452238)
(0.012500613 0.0031822083 0.0031822083)
(0.012500613 0.0026452238 0.0036408348)
(0.012500612 0.0020431042 0.0040098096)
(0.012500612 0.0013906762 0.0042800469)
(0.012500611 0.00070400544 0.0044448927)
(0.012500606 0 0.0045002871)
(0.012800588 0.0045002612 0)
(0.012800592 0.0044448666 0.00070400097)
(0.012800592 0.0042800214 0.0013906676)
(0.012800593 0.0040097854 0.0020430917)
(0.012800593 0.0036408126 0.0026452077)
(0.012800593 0.0031821889 0.0031821889)
(0.012800593 0.0026452077 0.0036408126)
(0.012800593 0.0020430917 0.0040097854)
(0.012800592 0.0013906676 0.0042800214)
(0.012800592 0.00070400097 0.0044448666)
(0.012800588 0 0.0045002612)
(0.013100555 0.0045002333 0)
(0.013100558 0.0044448387 0.00070399629)
(0.013100559 0.0042799942 0.0013906585)
(0.013100559 0.0040097596 0.0020430784)
(0.013100559 0.0036407892 0.0026451905)
(0.01310056 0.0031821684 0.0031821684)
(0.013100559 0.0026451905 0.0036407892)
(0.013100559 0.0020430784 0.0040097596)
(0.013100559 0.0013906585 0.0042799942)
(0.013100558 0.00070399629 0.0044448387)
(0.013100555 0 0.0045002333)
(0.013400514 0.0045002056 0)
(0.013400517 0.004444811 0.0007039917)
(0.013400517 0.0042799673 0.0013906496)
(0.013400517 0.0040097343 0.0020430653)
(0.013400517 0.003640766 0.0026451736)
(0.013400517 0.0031821481 0.0031821481)
(0.013400517 0.0026451736 0.003640766)
(0.013400517 0.0020430653 0.0040097343)
(0.013400517 0.0013906496 0.0042799673)
(0.013400517 0.0007039917 0.004444811)
(0.013400514 0 0.0045002056)
(0.013700468 0.0045001793 0)
(0.013700471 0.0044447848 0.00070398738)
(0.013700471 0.0042799419 0.0013906411)
(0.013700471 0.0040097103 0.0020430529)
(0.013700471 0.0036407441 0.0026451576)
(0.013700471 0.0031821289 0.0031821289)
(0.013700471 0.0026451576 0.0036407441)
(0.013700471 0.0020430529 0.0040097103)
(0.013700471 0.0013906411 0.0042799419)
(0.013700471 0.00070398738 0.0044447848)
(0.013700468 0 0.0045001793)
(0.014000421 0.0045001551 0)
(0.014000423 0.0044447607 0.00070398343)
(0.014000423 0.0042799185 0.0013906334)
(0.014000424 0.0040096883 0.0020430416)
(0.014000424 0.0036407241 0.002645143)
(0.014000424 0.0031821113 0.0031821113)
(0.014000424 0.002645143 0.0036407241)
(0.014000424 0.0020430416 0.0040096883)
(0.014000423 0.0013906334 0.0042799185)
(0.014000423 0.00070398344 0.0044447607)
(0.014000421 0 0.0045001551)
(0.014300375 0.0045001332 0)
(0.014300377 0.0044447389 0.00070397989)
(0.014300377 0.0042798975 0.0013906264)
(0.014300377 0.0040096685 0.0020430313)
(0.014300377 0.003640706 0.0026451298)
(0.014300377 0.0031820955 0.0031820955)
(0.014300377 0.0026451298 0.003640706)
(0.014300377 0.0020430313 0.0040096685)
(0.014300377 0.0013906264 0.0042798975)
(0.014300377 0.00070397989 0.0044447389)
(0.014300375 0 0.0045001332)
(0.014600331 0.0045001137 0)
(0.014600333 0.0044447196 0.00070397676)
(0.014600333 0.0042798788 0.0013906202)
(0.014600333 0.0040096509 0.0020430223)
(0.014600333 0.00364069 0.0026451181)
(0.014600333 0.0031820814 0.0031820814)
(0.014600333 0.0026451181 0.00364069)
(0.014600333 0.0020430223 0.0040096509)
(0.014600333 0.0013906202 0.0042798788)
(0.014600333 0.00070397676 0.0044447196)
(0.014600331 0 0.0045001137)
(0.014900291 0.0045000966 0)
(0.014900292 0.0044447026 0.00070397401)
(0.014900292 0.0042798624 0.0013906148)
(0.014900292 0.0040096355 0.0020430144)
(0.014900292 0.003640676 0.0026451078)
(0.014900293 0.0031820691 0.0031820691)
(0.014900292 0.0026451078 0.0036406759)
(0.014900292 0.0020430144 0.0040096355)
(0.014900292 0.0013906148 0.0042798624)
(0.014900292 0.00070397401 0.0044447026)
(0.014900291 0 0.0045000966)
(0.015200254 0.0045000818 0)
(0.015200255 0.0044446878 0.00070397163)
(0.015200255 0.0042798482 0.0013906101)
(0.015200255 0.0040096221 0.0020430075)
(0.015200255 0.0036406638 0.0026450989)
(0.015200255 0.0031820585 0.0031820585)
(0.015200255 0.002645099 0.0036406638)
(0.015200255 0.0020430075 0.0040096221)
(0.015200255 0.0013906101 0.0042798482)
(0.015200255 0.00070397163 0.0044446878)
(0.015200254 0 0.0045000818)
(0.01550022 0.004500069 0)
(0.015500221 0.0044446751 0.00070396959)
(0.015500221 0.0042798359 0.0013906061)
(0.015500221 0.0040096106 0.0020430016)
(0.015500221 0.0036406533 0.0026450913)
(0.015500221 0.0031820493 0.0031820493)
(0.015500221 0.0026450913 0.0036406533)
(0.015500221 0.0020430016 0.0040096106)
(0.015500221 0.0013906061 0.0042798359)
(0.015500221 0.00070396959 0.0044446751)
(0.01550022 0 0.004500069)
(0.01580019 0.004500058 0)
(0.015800191 0.0044446642 0.00070396783)
(0.015800191 0.0042798254 0.0013906026)
(0.015800191 0.0040096007 0.0020429965)
(0.015800191 0.0036406443 0.0026450847)
(0.015800191 0.0031820414 0.0031820414)
(0.015800191 0.0026450847 0.0036406443)
(0.015800191 0.0020429965 0.0040096007)
(0.015800191 0.0013906026 0.0042798254)
(0.015800191 0.00070396783 0.0044446642)
(0.01580019 0 0.004500058)
(0.016100164 0.0045000486 0)
(0.016100165 0.0044446549 0.00070396634)
(0.016100165 0.0042798164 0.0013905997)
(0.016100165 0.0040095923 0.0020429922)
(0.016100165 0.0036406366 0.0026450791)
(0.016100165 0.0031820347 0.0031820347)
(0.016100165 0.0026450791 0.0036406366)
(0.016100165 0.0020429922 0.0040095923)
(0.016100165 0.0013905997 0.0042798164)
(0.016100165 0.00070396634 0.0044446549)
(0.016100164 0 0.0045000486)
(0.01640014 0.0045000406 0)
(0.016400141 0.004444647 0.00070396507)
(0.016400141 0.0042798087 0.0013905972)
(0.016400141 0.0040095851 0.0020429885)
(0.016400141 0.0036406301 0.0026450744)
(0.016400141 0.0031820289 0.0031820289)
(0.016400141 0.0026450744 0.0036406301)
(0.016400141 0.0020429885 0.0040095851)
(0.016400141 0.0013905972 0.0042798087)
(0.016400141 0.00070396507 0.004444647)
(0.01640014 0 0.0045000406)
(0.01670012 0.0045000338 0)
(0.01670012 0.0044446402 0.00070396399)
(0.01670012 0.0042798022 0.001390595)
(0.01670012 0.004009579 0.0020429854)
(0.01670012 0.0036406246 0.0026450703)
(0.01670012 0.0031820241 0.0031820241)
(0.01670012 0.0026450703 0.0036406246)
(0.01670012 0.0020429854 0.004009579)
(0.01670012 0.001390595 0.0042798022)
(0.01670012 0.00070396399 0.0044446402)
(0.01670012 0 0.0045000338)
(0.017000102 0.0045000281 0)
(0.017000102 0.0044446345 0.00070396308)
(0.017000102 0.0042797968 0.0013905932)
(0.017000102 0.0040095739 0.0020429827)
(0.017000102 0.0036406199 0.0026450669)
(0.017000102 0.00318202 0.00318202)
(0.017000102 0.0026450669 0.0036406199)
(0.017000102 0.0020429827 0.0040095739)
(0.017000102 0.0013905932 0.0042797968)
(0.017000102 0.00070396308 0.0044446345)
(0.017000102 0 0.0045000281)
(0.017300086 0.0045000232 0)
(0.017300086 0.0044446297 0.00070396231)
(0.017300086 0.0042797921 0.0013905917)
(0.017300086 0.0040095695 0.0020429805)
(0.017300086 0.0036406159 0.002645064)
(0.017300086 0.0031820165 0.0031820165)
(0.017300086 0.002645064 0.0036406159)
(0.017300086 0.0020429805 0.0040095695)
(0.017300086 0.0013905917 0.0042797921)
(0.017300086 0.00070396231 0.0044446297)
(0.017300086 0 0.0045000232)
(0.017600072 0.0045000191 0)
(0.017600073 0.0044446256 0.00070396166)
(0.017600073 0.0042797881 0.0013905904)
(0.017600073 0.0040095658 0.0020429786)
(0.017600073 0.0036406125 0.0026450616)
(0.017600073 0.0031820136 0.0031820136)
(0.017600073 0.0026450616 0.0036406125)
(0.017600073 0.0020429786 0.0040095658)
(0.017600073 0.0013905904 0.0042797881)
(0.017600073 0.00070396166 0.0044446256)
(0.017600072 0 0.0045000191)
(0.01790006 0.0045000156 0)
(0.01790006 0.0044446221 0.0007039611)
(0.01790006 0.0042797848 0.0013905893)
(0.01790006 0.0040095626 0.002042977)
(0.01790006 0.0036406097 0.0026450595)
(0.01790006 0.0031820111 0.0031820111)
(0.01790006 0.0026450595 0.0036406097)
(0.01790006 0.002042977 0.0040095626)
(0.01790006 0.0013905893 0.0042797848)
(0.01790006 0.0007039611 0.0044446221)
(0.01790006 0 0.0045000156)
(0.018200049 0.0045000125 0)
(0.018200049 0.0044446191 0.00070396062)
(0.018200049 0.0042797819 0.0013905884)
(0.018200049 0.0040095599 0.0020429756)
(0.018200049 0.0036406072 0.0026450577)
(0.018200049 0.0031820089 0.0031820089)
(0.018200049 0.0026450577 0.0036406072)
(0.018200049 0.0020429756 0.0040095599)
(0.018200049 0.0013905884 0.0042797819)
(0.018200049 0.00070396062 0.0044446191)
(0.018200049 0 0.0045000125)
(0.01850004 0.0045000099 0)
(0.01850004 0.0044446165 0.00070396021)
(0.01850004 0.0042797794 0.0013905876)
(0.01850004 0.0040095576 0.0020429744)
(0.01850004 0.0036406051 0.0026450562)
(0.01850004 0.0031820071 0.0031820071)
(0.01850004 0.0026450562 0.0036406051)
(0.01850004 0.0020429744 0.0040095576)
(0.01850004 0.0013905876 0.0042797794)
(0.01850004 0.00070396021 0.0044446165)
(0.01850004 0 0.0045000099)
(0.018800031 0.0045000076 0)
(0.018800031 0.0044446142 0.00070395985)
(0.018800031 0.0042797772 0.0013905868)
(0.018800031 0.0040095555 0.0020429733)
(0.018800031 0.0036406032 0.0026450548)
(0.018800031 0.0031820054 0.0031820054)
(0.018800031 0.0026450548 0.0036406032)
(0.018800031 0.0020429733 0.0040095555)
(0.018800031 0.0013905868 0.0042797772)
(0.018800031 0.00070395985 0.0044446142)
(0.018800031 0 0.0045000076)
(0.019100023 0.0045000055 0)
(0.019100023 0.0044446122 0.00070395952)
(0.019100023 0.0042797752 0.0013905862)
(0.019100023 0.0040095536 0.0020429724)
(0.019100023 0.0036406015 0.0026450536)
(0.019100023 0.0031820039 0.0031820039)
(0.019100023 0.0026450536 0.0036406015)
(0.019100023 0.0020429724 0.0040095536)
(0.019100023 0.0013905862 0.0042797752)
(0.019100023 0.00070395952 0.0044446122)
(0.019100023 0 0.0045000055)
(0.019400015 0.0045000036 0)
(0.019400015 0.0044446103 0.00070395922)
(0.019400015 0.0042797734 0.0013905856)
(0.019400015 0.0040095519 0.0020429715)
(0.019400015 0.0036405999 0.0026450524)
(0.019400015 0.0031820026 0.0031820026)
(0.019400015 0.0026450524 0.0036405999)
(0.019400015 0.0020429715 0.0040095519)
(0.019400015 0.0013905856 0.0042797734)
(0.019400015 0.00070395922 0.0044446103)
(0.019400015 0 0.0045000036)
(0.019700007 0.0045000018 0)
(0.019700007 0.0044446085 0.00070395893)
(0.019700007 0.0042797716 0.001390585)
(0.019700007 0.0040095503 0.0020429707)
(0.019700007 0.0036405985 0.0026450514)
(0.019700007 0.0031820013 0.0031820013)
(0.019700007 0.0026450514 0.0036405985)
(0.019700007 0.0020429707 0.0040095503)
(0.019700007 0.001390585 0.0042797716)
(0.019700007 0.00070395893 0.0044446085)
(0.019700007 0 0.0045000018)
(0.02 0.0045 0)
(0.02 0.0044446067 0.00070395865)
(0.02 0.0042797699 0.0013905845)
(0.02 0.0040095487 0.0020429699)
(0.02 0.003640597 0.0026450503)
(0.02 0.003182 0.003182)
(0.02 0.0026450503 0.003640597)
(0.02 0.0020429699 0.0040095487)
(0.02 0.0013905845 0.0042797699)
(0.02 0.00070395865 0.0044446067)
(0.02 0 0.0045)
(0.011300294 0.0046877063 0)
(0.011300295 0.0046300238 0.00073333173)
(0.011300298 0.0044583281 0.0014486087)
(0.011300299 0.0041768446 0.0021282182)
(0.0113003 0.0037925055 0.0027554225)
(0.0113003 0.0033147765 0.0033147765)
(0.0113003 0.0027554225 0.0037925055)
(0.011300299 0.0021282182 0.0041768446)
(0.011300298 0.0014486087 0.0044583281)
(0.011300295 0.00073333173 0.0046300238)
(0.011300294 0 0.0046877063)
(0.011600393 0.0046877459 0)
(0.011600394 0.0046300626 0.00073333821)
(0.011600396 0.0044583652 0.0014486213)
(0.011600398 0.0041768795 0.0021282362)
(0.011600398 0.0037925374 0.0027554458)
(0.011600399 0.0033148045 0.0033148045)
(0.011600398 0.0027554458 0.0037925374)
(0.011600398 0.0021282362 0.0041768795)
(0.011600396 0.0014486213 0.0044583652)
(0.011600394 0.00073333821 0.0046300626)
(0.011600393 0 0.0046877459)
(0.011900462 0.0046877613 0)
(0.011900463 0.0046300775 0.00073334058)
(0.011900465 0.0044583791 0.001448626)
(0.011900466 0.0041768924 0.0021282429)
(0.011900466 0.0037925492 0.0027554544)
(0.011900466 0.0033148149 0.0033148149)
(0.011900466 0.0027554545 0.0037925492)
(0.011900466 0.0021282429 0.0041768924)
(0.011900465 0.001448626 0.0044583791)
(0.011900463 0.00073334058 0.0046300775)
(0.011900462 0 0.0046877613)
(0.012200498 0.0046877584 0)
(0.012200498 0.0046300744 0.00073333989)
(0.012200499 0.0044583755 0.0014486249)
(0.0122005 0.0041768888 0.0021282412)
(0.012200501 0.003792546 0.0027554522)
(0.012200501 0.0033148121 0.0033148121)
(0.012200501 0.0027554522 0.003792546)
(0.0122005 0.0021282412 0.0041768888)
(0.012200499 0.0014486249 0.0044583755)
(0.012200498 0.00073333989 0.0046300744)
(0.012200498 0 0.0046877584)
(0.012500506 0.0046877445 0)
(0.012500507 0.0046300604 0.00073333743)
(0.012500508 0.0044583616 0.0014486203)
(0.012500508 0.0041768755 0.0021282343)
(0.012500509 0.0037925338 0.0027554433)
(0.012500509 0.0033148015 0.0033148015)
(0.012500509 0.0027554433 0.0037925338)
(0.012500508 0.0021282343 0.0041768755)
(0.012500508 0.0014486203 0.0044583616)
(0.012500507 0.00073333743 0.0046300604)
(0.012500506 0 0.0046877445)
(0.012800496 0.0046877246 0)
(0.012800496 0.0046300405 0.00073333404)
(0.012800496 0.0044583421 0.0014486137)
(0.012800497 0.0041768571 0.0021282248)
(0.012800497 0.003792517 0.002755431)
(0.012800497 0.0033147867 0.0033147867)
(0.012800497 0.002755431 0.003792517)
(0.012800497 0.0021282248 0.0041768571)
(0.012800496 0.0014486138 0.0044583421)
(0.012800496 0.00073333405 0.0046300405)
(0.012800496 0 0.0046877246)
(0.013100472 0.0046877021 0)
(0.013100472 0.0046300181 0.00073333029)
(0.013100472 0.0044583203 0.0014486065)
(0.013100473 0.0041768364 0.0021282141)
(0.013100473 0.0037924981 0.0027554172)
(0.013100473 0.0033147701 0.0033147701)
(0.013100473 0.0027554172 0.0037924981)
(0.013100473 0.0021282141 0.0041768364)
(0.013100472 0.0014486065 0.0044583203)
(0.013100472 0.00073333029 0.0046300181)
(0.013100472 0 0.0046877021)
(0.013400439 0.004687679 0)
(0.013400439 0.0046299953 0.0007333265)
(0.01340044 0.0044582981 0.001448599)
(0.01340044 0.0041768154 0.0021282033)
(0.01340044 0.0037924789 0.0027554032)
(0.01340044 0.0033147533 0.0033147533)
(0.01340044 0.0027554032 0.0037924789)
(0.01340044 0.0021282033 0.0041768154)
(0.01340044 0.001448599 0.0044582981)
(0.013400439 0.0007333265 0.0046299953)
(0.013400439 0 0.004687679)
(0.013700402 0.0046876567 0)
(0.013700402 0.0046299732 0.00073332286)
(0.013700402 0.0044582766 0.0014485919)
(0.013700403 0.0041767952 0.0021281929)
(0.013700403 0.0037924605 0.0027553898)
(0.013700403 0.0033147372 0.0033147372)
(0.013700403 0.0027553898 0.0037924605)
(0.013700403 0.0021281929 0.0041767952)
(0.013700402 0.0014485919 0.0044582766)
(0.013700402 0.00073332286 0.0046299732)
(0.013700402 0 0.0046876567)
(0.014000363 0.0046876359 0)
(0.014000364 0.0046299526 0.00073331949)
(0.014000364 0.0044582567 0.0014485853)
(0.014000364 0.0041767764 0.0021281832)
(0.014000364 0.0037924433 0.0027553772)
(0.014000364 0.0033147221 0.0033147221)
(0.014000364 0.0027553772 0.0037924433)
(0.014000364 0.0021281832 0.0041767764)
(0.014000364 0.0014485853 0.0044582567)
(0.014000364 0.00073331949 0.0046299526)
(0.014000364 0 0.0046876359)
(0.014300325 0.004687617 0)
(0.014300325 0.0046299338 0.00073331645)
(0.014300325 0.0044582386 0.0014485793)
(0.014300325 0.0041767593 0.0021281744)
(0.014300325 0.0037924278 0.0027553659)
(0.014300325 0.0033147085 0.0033147085)
(0.014300325 0.0027553659 0.0037924278)
(0.014300325 0.0021281744 0.0041767593)
(0.014300325 0.0014485793 0.0044582386)
(0.014300325 0.00073331645 0.0046299338)
(0.014300325 0 0.004687617)
(0.014600288 0.0046876001 0)
(0.014600288 0.0046299171 0.00073331373)
(0.014600288 0.0044582224 0.0014485739)
(0.014600288 0.0041767441 0.0021281665)
(0.014600288 0.0037924139 0.0027553558)
(0.014600288 0.0033146964 0.0033146964)
(0.014600288 0.0027553558 0.0037924139)
(0.014600288 0.0021281665 0.0041767441)
(0.014600288 0.0014485739 0.0044582224)
(0.014600288 0.00073331373 0.0046299171)
(0.014600288 0 0.0046876001)
(0.014900253 0.0046875852 0)
(0.014900253 0.0046299024 0.00073331135)
(0.014900253 0.0044582082 0.0014485692)
(0.014900253 0.0041767307 0.0021281597)
(0.014900253 0.0037924017 0.0027553469)
(0.014900254 0.0033146857 0.0033146857)
(0.014900253 0.0027553469 0.0037924017)
(0.014900253 0.0021281597 0.0041767307)
(0.014900253 0.0014485692 0.0044582082)
(0.014900253 0.00073331135 0.0046299024)
(0.014900253 0 0.0046875852)
(0.015200221 0.0046875722 0)
(0.015200221 0.0046298895 0.00073330927)
(0.015200221 0.0044581958 0.0014485652)
(0.015200222 0.0041767191 0.0021281537)
(0.015200222 0.0037923911 0.0027553391)
(0.015200222 0.0033146764 0.0033146764)
(0.015200222 0.0027553391 0.0037923911)
(0.015200222 0.0021281537 0.0041767191)
(0.015200221 0.0014485652 0.0044581958)
(0.015200221 0.00073330927 0.0046298895)
(0.015200221 0 0.0046875722)
(0.015500193 0.0046875609 0)
(0.015500193 0.0046298784 0.00073330748)
(0.015500193 0.004458185 0.0014485616)
(0.015500193 0.004176709 0.0021281485)
(0.015500193 0.0037923819 0.0027553324)
(0.015500193 0.0033146683 0.0033146683)
(0.015500193 0.0027553324 0.0037923819)
(0.015500193 0.0021281485 0.004176709)
(0.015500193 0.0014485616 0.004458185)
(0.015500193 0.00073330748 0.0046298784)
(0.015500193 0 0.0046875609)
(0.015800167 0.0046875513 0)
(0.015800167 0.0046298688 0.00073330594)
(0.015800167 0.0044581758 0.0014485586)
(0.015800167 0.0041767003 0.002128144)
(0.015800167 0.0037923741 0.0027553267)
(0.015800167 0.0033146614 0.0033146614)
(0.015800167 0.0027553267 0.0037923741)
(0.015800167 0.002128144 0.0041767003)
(0.015800167 0.0014485586 0.0044581758)
(0.015800167 0.00073330594 0.0046298688)
(0.015800167 0 0.0046875513)
(0.016100144 0.004687543 0)
(0.016100144 0.0046298606 0.00073330463)
(0.016100144 0.0044581679 0.001448556)
(0.016100144 0.0041766929 0.0021281402)
(0.016100144 0.0037923673 0.0027553218)
(0.016100144 0.0033146555 0.0033146555)
(0.016100144 0.0027553218 0.0037923673)
(0.016100144 0.0021281402 0.0041766929)
(0.016100144 0.001448556 0.0044581679)
(0.016100144 0.00073330463 0.0046298606)
(0.016100144 0 0.004687543)
(0.016400123 0.0046875359 0)
(0.016400123 0.0046298537 0.00073330352)
(0.016400123 0.0044581612 0.0014485538)
(0.016400123 0.0041766866 0.002128137)
(0.016400123 0.0037923616 0.0027553176)
(0.016400123 0.0033146505 0.0033146505)
(0.016400123 0.0027553176 0.0037923616)
(0.016400123 0.002128137 0.0041766866)
(0.016400123 0.0014485538 0.0044581612)
(0.016400123 0.00073330352 0.0046298537)
(0.016400123 0 0.0046875359)
(0.016700105 0.0046875299 0)
(0.016700105 0.0046298478 0.00073330257)
(0.016700105 0.0044581555 0.0014485519)
(0.016700105 0.0041766813 0.0021281342)
(0.016700105 0.0037923567 0.002755314)
(0.016700105 0.0033146463 0.0033146463)
(0.016700105 0.002755314 0.0037923567)
(0.016700105 0.0021281342 0.0041766813)
(0.016700105 0.0014485519 0.0044581555)
(0.016700105 0.00073330257 0.0046298478)
(0.016700105 0 0.0046875299)
(0.017000089 0.0046875249 0)
(0.017000089 0.0046298427 0.00073330177)
(0.017000089 0.0044581507 0.0014485503)
(0.017000089 0.0041766767 0.0021281319)
(0.017000089 0.0037923526 0.002755311)
(0.017000089 0.0033146426 0.0033146426)
(0.017000089 0.002755311 0.0037923526)
(0.017000089 0.0021281319 0.0041766767)
(0.017000089 0.0014485503 0.0044581507)
(0.017000089 0.00073330177 0.0046298427)
(0.017000089 0 0.0046875249)
(0.017300076 0.0046875206 0)
(0.017300076 0.0046298385 0.00073330109)
(0.017300076 0.0044581466 0.001448549)
(0.017300076 0.0041766729 0.00212813)
(0.017300076 0.0037923491 0.0027553085)
(0.017300076 0.0033146396 0.0033146396)
(0.017300076 0.0027553085 0.0037923491)
(0.017300076 0.00212813 0.0041766729)
(0.017300076 0.001448549 0.0044581466)
(0.017300076 0.00073330109 0.0046298385)
(0.017300076 0 0.0046875206)
(0.017600063 0.0046875169 0)
(0.017600063 0.0046298349 0.00073330051)
(0.017600063 0.0044581431 0.0014485479)
(0.017600063 0.0041766696 0.0021281283)
(0.017600063 0.0037923461 0.0027553063)
(0.017600063 0.003314637 0.003314637)
(0.017600063 0.0027553063 0.0037923461)
(0.017600063 0.0021281283 0.0041766696)
(0.017600063 0.0014485479 0.0044581431)
(0.017600063 0.00073330051 0.0046298349)
(0.017600063 0 0.0046875169)
(0.017900053 0.0046875138 0)
(0.017900053 0.0046298318 0.00073330002)
(0.017900053 0.0044581401 0.0014485469)
(0.017900053 0.0041766668 0.0021281269)
(0.017900053 0.0037923436 0.0027553045)
(0.017900053 0.0033146348 0.0033146348)
(0.017900053 0.0027553045 0.0037923436)
(0.017900053 0.0021281269 0.0041766668)
(0.017900053 0.0014485469 0.0044581401)
(0.017900053 0.00073330002 0.0046298318)
(0.017900053 0 0.0046875138)
(0.018200043 0.0046875111 0)
(0.018200043 0.0046298291 0.0007332996)
(0.018200043 0.0044581376 0.0014485461)
(0.018200043 0.0041766645 0.0021281256)
(0.018200043 0.0037923414 0.0027553029)
(0.018200043 0.0033146329 0.0033146329)
(0.018200043 0.0027553029 0.0037923414)
(0.018200043 0.0021281256 0.0041766645)
(0.018200043 0.0014485461 0.0044581376)
(0.018200043 0.0007332996 0.0046298291)
(0.018200043 0 0.0046875111)
(0.018500035 0.0046875088 0)
(0.018500035 0.0046298269 0.00073329923)
(0.018500035 0.0044581354 0.0014485453)
(0.018500035 0.0041766624 0.0021281246)
(0.018500035 0.0037923396 0.0027553015)
(0.018500035 0.0033146312 0.0033146312)
(0.018500035 0.0027553015 0.0037923396)
(0.018500035 0.0021281246 0.0041766624)
(0.018500035 0.0014485453 0.0044581354)
(0.018500035 0.00073329923 0.0046298269)
(0.018500035 0 0.0046875088)
(0.018800027 0.0046875067 0)
(0.018800027 0.0046298248 0.00073329891)
(0.018800027 0.0044581334 0.0014485447)
(0.018800027 0.0041766606 0.0021281236)
(0.018800027 0.0037923379 0.0027553003)
(0.018800027 0.0033146298 0.0033146298)
(0.018800027 0.0027553003 0.0037923379)
(0.018800027 0.0021281236 0.0041766606)
(0.018800027 0.0014485447 0.0044581334)
(0.018800027 0.00073329891 0.0046298248)
(0.018800027 0 0.0046875067)
(0.01910002 0.0046875049 0)
(0.01910002 0.004629823 0.00073329862)
(0.01910002 0.0044581317 0.0014485441)
(0.01910002 0.0041766589 0.0021281228)
(0.01910002 0.0037923364 0.0027552992)
(0.01910002 0.0033146285 0.0033146285)
(0.01910002 0.0027552992 0.0037923364)
(0.01910002 0.0021281228 0.0041766589)
(0.01910002 0.0014485441 0.0044581317)
(0.01910002 0.00073329862 0.004629823)
(0.01910002 0 0.0046875049)
(0.019400013 0.0046875032 0)
(0.019400013 0.0046298214 0.00073329836)
(0.019400013 0.0044581301 0.0014485436)
(0.019400013 0.0041766574 0.002128122)
(0.019400013 0.003792335 0.0027552982)
(0.019400013 0.0033146273 0.0033146273)
(0.019400013 0.0027552982 0.003792335)
(0.019400013 0.002128122 0.0041766574)
(0.019400013 0.0014485436 0.0044581301)
(0.019400013 0.00073329836 0.0046298214)
(0.019400013 0 0.0046875032)
(0.019700007 0.0046875016 0)
(0.019700007 0.0046298198 0.0007332981)
(0.019700007 0.0044581285 0.0014485431)
(0.019700007 0.004176656 0.0021281213)
(0.019700007 0.0037923337 0.0027552973)
(0.019700007 0.0033146261 0.0033146261)
(0.019700007 0.0027552973 0.0037923337)
(0.019700007 0.0021281213 0.004176656)
(0.019700007 0.0014485431 0.0044581285)
(0.019700007 0.0007332981 0.0046298198)
(0.019700007 0 0.0046875016)
(0.02 0.0046875 0)
(0.02 0.0046298182 0.00073329785)
(0.02 0.004458127 0.0014485426)
(0.02 0.0041766546 0.0021281206)
(0.02 0.0037923324 0.0027552963)
(0.02 0.003314625 0.003314625)
(0.02 0.0027552963 0.0037923324)
(0.02 0.0021281206 0.0041766546)
(0.02 0.0014485426 0.004458127)
(0.02 0.00073329785 0.0046298182)
(0.02 0 0.0046875)
(0.011300252 0.0048751717 0)
(0.011300254 0.0048152006 0.00076266514)
(0.011300256 0.004636651 0.0015065557)
(0.011300257 0.0043439181 0.0022133523)
(0.011300257 0.0039442115 0.0028656471)
(0.011300257 0.0034473758 0.0034473758)
(0.011300257 0.0028656471 0.0039442115)
(0.011300257 0.0022133523 0.0043439181)
(0.011300256 0.0015065557 0.004636651)
(0.011300254 0.00076266515 0.0048152006)
(0.011300252 0 0.0048751717)
(0.011600328 0.0048752037 0)
(0.011600329 0.0048152321 0.00076267036)
(0.011600331 0.0046366812 0.0015065658)
(0.011600332 0.0043439465 0.002213367)
(0.011600332 0.0039442375 0.0028656661)
(0.011600333 0.0034473985 0.0034473985)
(0.011600332 0.0028656661 0.0039442375)
(0.011600332 0.002213367 0.0043439465)
(0.011600331 0.0015065658 0.0046366812)
(0.011600329 0.00076267036 0.0048152321)
(0.011600328 0 0.0048752037)
(0.011900383 0.0048752176 0)
(0.011900384 0.0048152456 0.00076267254)
(0.011900385 0.0046366939 0.0015065702)
(0.011900386 0.0043439584 0.0022133731)
(0.011900386 0.0039442483 0.002865674)
(0.011900387 0.0034474081 0.0034474081)
(0.011900386 0.002865674 0.0039442483)
(0.011900386 0.0022133731 0.0043439584)
(0.011900385 0.0015065702 0.0046366939)
(0.011900384 0.00076267254 0.0048152456)
(0.011900383 0 0.0048752176)
(0.012200414 0.0048752172 0)
(0.012200414 0.004815245 0.00076267233)
(0.012200415 0.0046366929 0.0015065699)
(0.012200416 0.0043439573 0.0022133726)
(0.012200416 0.0039442473 0.0028656733)
(0.012200416 0.0034474072 0.0034474072)
(0.012200416 0.0028656733 0.0039442473)
(0.012200416 0.0022133726 0.0043439573)
(0.012200415 0.0015065699 0.0046366929)
(0.012200414 0.00076267233 0.004815245)
(0.012200414 0 0.0048752172)
(0.012500423 0.0048752072 0)
(0.012500424 0.0048152349 0.00076267057)
(0.012500424 0.0046366829 0.0015065665)
(0.012500425 0.0043439477 0.0022133677)
(0.012500425 0.0039442386 0.002865667)
(0.012500425 0.0034473996 0.0034473996)
(0.012500425 0.002865667 0.0039442386)
(0.012500425 0.0022133677 0.0043439477)
(0.012500424 0.0015065665 0.0046366829)
(0.012500424 0.00076267057 0.0048152349)
(0.012500423 0 0.0048752072)
(0.012800417 0.0048751916 0)
(0.012800417 0.0048152194 0.00076266792)
(0.012800417 0.0046366676 0.0015065614)
(0.012800418 0.0043439332 0.0022133602)
(0.012800418 0.0039442253 0.0028656573)
(0.012800418 0.0034473879 0.0034473879)
(0.012800418 0.0028656573 0.0039442253)
(0.012800418 0.0022133602 0.0043439332)
(0.012800417 0.0015065614 0.0046366676)
(0.012800417 0.00076266792 0.0048152194)
(0.012800417 0 0.0048751916)
(0.013100398 0.0048751733 0)
(0.013100399 0.0048152011 0.00076266487)
(0.013100399 0.0046366498 0.0015065555)
(0.013100399 0.0043439163 0.0022133515)
(0.0131004 0.0039442099 0.0028656461)
(0.0131004 0.0034473745 0.0034473745)
(0.0131004 0.0028656461 0.0039442099)
(0.013100399 0.0022133515 0.0043439163)
(0.013100399 0.0015065555 0.0046366498)
(0.013100399 0.00076266487 0.0048152011)
(0.013100399 0 0.0048751733)
(0.013400373 0.0048751541 0)
(0.013400373 0.0048151821 0.00076266171)
(0.013400373 0.0046366313 0.0015065493)
(0.013400373 0.0043438989 0.0022133425)
(0.013400373 0.0039441939 0.0028656344)
(0.013400374 0.0034473605 0.0034473605)
(0.013400373 0.0028656344 0.0039441939)
(0.013400373 0.0022133425 0.0043438989)
(0.013400373 0.0015065493 0.0046366313)
(0.013400373 0.00076266171 0.0048151821)
(0.013400373 0 0.0048751541)
(0.013700343 0.0048751353 0)
(0.013700343 0.0048151634 0.00076265865)
(0.013700343 0.0046366132 0.0015065433)
(0.013700343 0.0043438818 0.0022133337)
(0.013700343 0.0039441784 0.002865623)
(0.013700343 0.0034473468 0.0034473468)
(0.013700343 0.002865623 0.0039441784)
(0.013700343 0.0022133337 0.0043438818)
(0.013700343 0.0015065433 0.0046366132)
(0.013700343 0.00076265865 0.0048151634)
(0.013700343 0 0.0048751353)
(0.014000311 0.0048751176 0)
(0.014000311 0.0048151459 0.00076265578)
(0.014000311 0.0046365963 0.0015065377)
(0.014000311 0.0043438658 0.0022133254)
(0.014000311 0.0039441638 0.0028656124)
(0.014000311 0.003447334 0.003447334)
(0.014000311 0.0028656124 0.0039441638)
(0.014000311 0.0022133254 0.0043438658)
(0.014000311 0.0015065377 0.0046365963)
(0.014000311 0.00076265578 0.0048151459)
(0.014000311 0 0.0048751176)
(0.014300278 0.0048751014 0)
(0.014300278 0.0048151299 0.00076265317)
(0.014300278 0.0046365808 0.0015065325)
(0.014300279 0.0043438512 0.0022133179)
(0.014300279 0.0039441505 0.0028656027)
(0.014300279 0.0034473224 0.0034473224)
(0.014300279 0.0028656027 0.0039441505)
(0.014300279 0.0022133179 0.0043438512)
(0.014300278 0.0015065325 0.0046365808)
(0.014300278 0.00076265317 0.0048151299)
(0.014300278 0 0.0048751014)
(0.014600247 0.0048750868 0)
(0.014600247 0.0048151155 0.00076265084)
(0.014600247 0.0046365668 0.0015065279)
(0.014600247 0.0043438381 0.0022133112)
(0.014600247 0.0039441386 0.002865594)
(0.014600247 0.0034473119 0.0034473119)
(0.014600247 0.002865594 0.0039441386)
(0.014600247 0.0022133112 0.0043438381)
(0.014600247 0.0015065279 0.0046365668)
(0.014600247 0.00076265084 0.0048151155)
(0.014600247 0 0.0048750868)
(0.014900218 0.004875074 0)
(0.014900218 0.0048151028 0.00076264878)
(0.014900218 0.0046365546 0.0015065239)
(0.014900218 0.0043438266 0.0022133052)
(0.014900218 0.0039441281 0.0028655863)
(0.014900218 0.0034473027 0.0034473027)
(0.014900218 0.0028655863 0.0039441281)
(0.014900218 0.0022133052 0.0043438266)
(0.014900218 0.0015065239 0.0046365546)
(0.014900218 0.00076264878 0.0048151028)
(0.014900218 0 0.004875074)
(0.015200191 0.0048750627 0)
(0.015200191 0.0048150916 0.00076264698)
(0.015200191 0.0046365438 0.0015065203)
(0.015200191 0.0043438165 0.0022133)
(0.015200191 0.0039441189 0.0028655796)
(0.015200191 0.0034472946 0.0034472946)
(0.015200191 0.0028655796 0.0039441189)
(0.015200191 0.0022133 0.0043438165)
(0.015200191 0.0015065203 0.0046365438)
(0.015200191 0.00076264698 0.0048150916)
(0.015200191 0 0.0048750627)
(0.015500166 0.004875053 0)
(0.015500166 0.004815082 0.00076264543)
(0.015500166 0.0046365345 0.0015065173)
(0.015500166 0.0043438078 0.0022132955)
(0.015500166 0.0039441109 0.0028655738)
(0.015500166 0.0034472877 0.0034472877)
(0.015500166 0.0028655738 0.0039441109)
(0.015500166 0.0022132955 0.0043438078)
(0.015500166 0.0015065173 0.0046365345)
(0.015500166 0.00076264543 0.004815082)
(0.015500166 0 0.004875053)
(0.015800144 0.0048750446 0)
(0.015800144 0.0048150737 0.0007626441)
(0.015800144 0.0046365265 0.0015065147)
(0.015800144 0.0043438002 0.0022132917)
(0.015800144 0.0039441041 0.0028655688)
(0.015800144 0.0034472817 0.0034472817)
(0.015800144 0.0028655688 0.0039441041)
(0.015800144 0.0022132917 0.0043438002)
(0.015800144 0.0015065147 0.0046365265)
(0.015800144 0.0007626441 0.0048150737)
(0.015800144 0 0.0048750446)
(0.016100124 0.0048750374 0)
(0.016100124 0.0048150666 0.00076264296)
(0.016100124 0.0046365197 0.0015065124)
(0.016100124 0.0043437938 0.0022132884)
(0.016100124 0.0039440982 0.0028655645)
(0.016100124 0.0034472766 0.0034472766)
(0.016100124 0.0028655645 0.0039440982)
(0.016100124 0.0022132884 0.0043437938)
(0.016100124 0.0015065124 0.0046365197)
(0.016100124 0.00076264296 0.0048150666)
(0.016100124 0 0.0048750374)
(0.016400106 0.0048750313 0)
(0.016400106 0.0048150606 0.00076264199)
(0.016400106 0.0046365139 0.0015065105)
(0.016400106 0.0043437883 0.0022132856)
(0.016400106 0.0039440932 0.0028655609)
(0.016400106 0.0034472722 0.0034472722)
(0.016400106 0.0028655609 0.0039440932)
(0.016400106 0.0022132856 0.0043437883)
(0.016400106 0.0015065105 0.0046365139)
(0.016400106 0.00076264199 0.0048150606)
(0.016400106 0 0.0048750313)
(0.016700091 0.0048750261 0)
(0.016700091 0.0048150554 0.00076264117)
(0.016700091 0.0046365089 0.0015065089)
(0.016700091 0.0043437837 0.0022132832)
(0.016700091 0.003944089 0.0028655578)
(0.016700091 0.0034472685 0.0034472685)
(0.016700091 0.0028655578 0.003944089)
(0.016700091 0.0022132832 0.0043437837)
(0.016700091 0.0015065089 0.0046365089)
(0.016700091 0.00076264117 0.0048150554)
(0.016700091 0 0.0048750261)
(0.017000077 0.0048750216 0)
(0.017000077 0.0048150511 0.00076264047)
(0.017000077 0.0046365047 0.0015065075)
(0.017000077 0.0043437797 0.0022132812)
(0.017000077 0.0039440854 0.0028655552)
(0.017000077 0.0034472654 0.0034472654)
(0.017000077 0.0028655552 0.0039440854)
(0.017000077 0.0022132812 0.0043437797)
(0.017000077 0.0015065075 0.0046365047)
(0.017000077 0.00076264047 0.0048150511)
(0.017000077 0 0.0048750216)
(0.017300065 0.0048750179 0)
(0.017300065 0.0048150474 0.00076263988)
(0.017300065 0.0046365011 0.0015065063)
(0.017300065 0.0043437764 0.0022132795)
(0.017300065 0.0039440824 0.002865553)
(0.017300065 0.0034472627 0.0034472627)
(0.017300065 0.002865553 0.0039440824)
(0.017300065 0.0022132795 0.0043437764)
(0.017300065 0.0015065063 0.0046365011)
(0.017300065 0.00076263988 0.0048150474)
(0.017300065 0 0.0048750179)
(0.017600055 0.0048750147 0)
(0.017600055 0.0048150442 0.00076263938)
(0.017600055 0.0046364981 0.0015065053)
(0.017600055 0.0043437736 0.002213278)
(0.017600055 0.0039440798 0.0028655511)
(0.017600055 0.0034472604 0.0034472604)
(0.017600055 0.0028655511 0.0039440798)
(0.017600055 0.002213278 0.0043437736)
(0.017600055 0.0015065053 0.0046364981)
(0.017600055 0.00076263938 0.0048150442)
(0.017600055 0 0.0048750147)
(0.017900046 0.004875012 0)
(0.017900046 0.0048150415 0.00076263895)
(0.017900046 0.0046364955 0.0015065045)
(0.017900046 0.0043437711 0.0022132768)
(0.017900046 0.0039440776 0.0028655495)
(0.017900046 0.0034472585 0.0034472585)
(0.017900046 0.0028655495 0.0039440776)
(0.017900046 0.0022132768 0.0043437711)
(0.017900046 0.0015065045 0.0046364955)
(0.017900046 0.00076263895 0.0048150415)
(0.017900046 0 0.004875012)
(0.018200037 0.0048750097 0)
(0.018200037 0.0048150392 0.00076263858)
(0.018200037 0.0046364933 0.0015065038)
(0.018200037 0.0043437691 0.0022132757)
(0.018200037 0.0039440757 0.0028655481)
(0.018200037 0.0034472569 0.0034472569)
(0.018200037 0.0028655481 0.0039440757)
(0.018200037 0.0022132757 0.0043437691)
(0.018200037 0.0015065038 0.0046364933)
(0.018200037 0.00076263858 0.0048150392)
(0.018200037 0 0.0048750097)
(0.01850003 0.0048750077 0)
(0.01850003 0.0048150372 0.00076263826)
(0.01850003 0.0046364914 0.0015065031)
(0.01850003 0.0043437673 0.0022132748)
(0.01850003 0.0039440741 0.0028655469)
(0.01850003 0.0034472554 0.0034472554)
(0.01850003 0.0028655469 0.0039440741)
(0.01850003 0.0022132748 0.0043437673)
(0.01850003 0.0015065031 0.0046364914)
(0.01850003 0.00076263826 0.0048150372)
(0.01850003 0 0.0048750077)
(0.018800023 0.0048750059 0)
(0.018800023 0.0048150355 0.00076263798)
(0.018800023 0.0046364897 0.0015065026)
(0.018800023 0.0043437657 0.002213274)
(0.018800023 0.0039440726 0.0028655459)
(0.018800023 0.0034472542 0.0034472542)
(0.018800023 0.0028655459 0.0039440726)
(0.018800023 0.002213274 0.0043437657)
(0.018800023 0.0015065026 0.0046364897)
(0.018800023 0.00076263798 0.0048150355)
(0.018800023 0 0.0048750059)
(0.019100017 0.0048750043 0)
(0.019100017 0.0048150339 0.00076263773)
(0.019100017 0.0046364882 0.0015065021)
(0.019100017 0.0043437642 0.0022132732)
(0.019100017 0.0039440713 0.0028655449)
(0.019100017 0.003447253 0.003447253)
(0.019100017 0.0028655449 0.0039440713)
(0.019100017 0.0022132732 0.0043437642)
(0.019100017 0.0015065021 0.0046364882)
(0.019100017 0.00076263773 0.0048150339)
(0.019100017 0 0.0048750043)
(0.019400011 0.0048750028 0)
(0.019400011 0.0048150324 0.0007626375)
(0.019400011 0.0046364867 0.0015065016)
(0.019400011 0.0043437629 0.0022132726)
(0.019400011 0.0039440701 0.002865544)
(0.019400011 0.003447252 0.003447252)
(0.019400011 0.002865544 0.0039440701)
(0.019400011 0.0022132726 0.0043437629)
(0.019400011 0.0015065016 0.0046364867)
(0.019400011 0.0007626375 0.0048150324)
(0.019400011 0 0.0048750028)
(0.019700006 0.0048750014 0)
(0.019700006 0.004815031 0.00076263728)
(0.019700006 0.0046364854 0.0015065012)
(0.019700006 0.0043437617 0.0022132719)
(0.019700006 0.003944069 0.0028655432)
(0.019700006 0.003447251 0.003447251)
(0.019700006 0.0028655432 0.003944069)
(0.019700006 0.0022132719 0.0043437617)
(0.019700006 0.0015065012 0.0046364854)
(0.019700006 0.00076263728 0.004815031)
(0.019700006 0 0.0048750014)
(0.02 0.004875 0)
(0.02 0.0048150297 0.00076263706)
(0.02 0.0046364841 0.0015065008)
(0.02 0.0043437604 0.0022132713)
(0.02 0.0039440679 0.0028655424)
(0.02 0.00344725 0.00344725)
(0.02 0.0028655424 0.0039440679)
(0.02 0.0022132713 0.0043437604)
(0.02 0.0015065008 0.0046364841)
(0.02 0.00076263706 0.0048150297)
(0.02 0 0.004875)
(0.011300214 0.0050626408 0)
(0.011300214 0.0050003812 0.00079199924)
(0.011300216 0.0048149777 0.0015645039)
(0.011300217 0.0045109953 0.0022984883)
(0.011300217 0.0040959208 0.0029758742)
(0.011300217 0.0035799779 0.0035799779)
(0.011300217 0.0029758742 0.0040959208)
(0.011300217 0.0022984883 0.0045109953)
(0.011300216 0.0015645039 0.0048149777)
(0.011300214 0.00079199924 0.0050003812)
(0.011300214 0 0.0050626408)
(0.011600271 0.0050626666 0)
(0.011600272 0.0050004067 0.00079200343)
(0.011600273 0.0048150022 0.0015645121)
(0.011600274 0.0045110183 0.0022985002)
(0.011600275 0.0040959419 0.0029758895)
(0.011600275 0.0035799964 0.0035799964)
(0.011600275 0.0029758895 0.0040959419)
(0.011600274 0.0022985002 0.0045110183)
(0.011600273 0.0015645121 0.0048150022)
(0.011600272 0.00079200343 0.0050004067)
(0.011600271 0 0.0050626666)
(0.011900314 0.0050626783 0)
(0.011900314 0.0050004181 0.00079200528)
(0.011900315 0.004815013 0.0015645157)
(0.011900316 0.0045110284 0.0022985054)
(0.011900316 0.0040959511 0.0029758963)
(0.011900317 0.0035800045 0.0035800045)
(0.011900316 0.0029758963 0.0040959511)
(0.011900316 0.0022985054 0.0045110284)
(0.011900315 0.0015645157 0.004815013)
(0.011900314 0.00079200528 0.0050004181)
(0.011900314 0 0.0050626783)
(0.012200338 0.0050626788 0)
(0.012200339 0.0050004184 0.00079200527)
(0.012200339 0.0048150131 0.0015645158)
(0.01220034 0.0045110284 0.0022985054)
(0.012200341 0.004095951 0.0029758962)
(0.012200341 0.0035800044 0.0035800044)
(0.012200341 0.0029758962 0.004095951)
(0.01220034 0.0022985054 0.0045110284)
(0.012200339 0.0015645158 0.0048150131)
(0.012200339 0.00079200527 0.0050004184)
(0.012200338 0 0.0050626789)
(0.012500347 0.0050626715 0)
(0.012500347 0.005000411 0.00079200397)
(0.012500348 0.0048150057 0.0015645133)
(0.012500348 0.0045110213 0.0022985018)
(0.012500349 0.0040959445 0.0029758915)
(0.012500349 0.0035799988 0.0035799988)
(0.012500349 0.0029758915 0.0040959445)
(0.012500348 0.0022985018 0.0045110213)
(0.012500348 0.0015645133 0.0048150057)
(0.012500347 0.00079200397 0.005000411)
(0.012500347 0 0.0050626715)
(0.012800342 0.0050626593 0)
(0.012800343 0.0050003988 0.00079200191)
(0.012800343 0.0048149937 0.0015645093)
(0.012800343 0.0045110099 0.0022984959)
(0.012800344 0.0040959342 0.0029758839)
(0.012800344 0.0035799897 0.0035799897)
(0.012800344 0.002975884 0.0040959342)
(0.012800343 0.0022984959 0.0045110099)
(0.012800343 0.0015645093 0.0048149937)
(0.012800343 0.00079200191 0.0050003988)
(0.012800342 0 0.0050626593)
(0.013100328 0.0050626445 0)
(0.013100329 0.0050003841 0.00079199946)
(0.013100329 0.0048149794 0.0015645045)
(0.013100329 0.0045109963 0.0022984889)
(0.013100329 0.0040959218 0.0029758749)
(0.013100329 0.0035799788 0.0035799788)
(0.013100329 0.0029758749 0.0040959218)
(0.013100329 0.0022984889 0.0045109963)
(0.013100329 0.0015645045 0.0048149794)
(0.013100329 0.00079199946 0.0050003841)
(0.013100328 0 0.0050626445)
(0.013400308 0.0050626288 0)
(0.013400308 0.0050003686 0.00079199688)
(0.013400308 0.0048149643 0.0015644995)
(0.013400309 0.004510982 0.0022984815)
(0.013400309 0.0040959087 0.0029758654)
(0.013400309 0.0035799674 0.0035799674)
(0.013400309 0.0029758654 0.0040959087)
(0.013400309 0.0022984816 0.004510982)
(0.013400308 0.0015644995 0.0048149643)
(0.013400308 0.00079199688 0.0050003686)
(0.013400308 0 0.0050626288)
(0.013700284 0.0050626133 0)
(0.013700284 0.0050003532 0.00079199436)
(0.013700284 0.0048149494 0.0015644946)
(0.013700284 0.004510968 0.0022984743)
(0.013700284 0.0040958959 0.002975856)
(0.013700284 0.0035799561 0.0035799561)
(0.013700284 0.002975856 0.0040958959)
(0.013700284 0.0022984743 0.004510968)
(0.013700284 0.0015644946 0.0048149494)
(0.013700284 0.00079199436 0.0050003532)
(0.013700284 0 0.0050626133)
(0.014000258 0.0050625986 0)
(0.014000258 0.0050003387 0.00079199198)
(0.014000258 0.0048149353 0.0015644899)
(0.014000258 0.0045109547 0.0022984674)
(0.014000258 0.0040958838 0.0029758472)
(0.014000258 0.0035799455 0.0035799455)
(0.014000258 0.0029758472 0.0040958838)
(0.014000258 0.0022984675 0.0045109547)
(0.014000258 0.0015644899 0.0048149353)
(0.014000258 0.00079199198 0.0050003387)
(0.014000258 0 0.0050625986)
(0.014300232 0.0050625851 0)
(0.014300232 0.0050003253 0.0007919898)
(0.014300232 0.0048149224 0.0015644856)
(0.014300232 0.0045109426 0.0022984612)
(0.014300232 0.0040958727 0.0029758391)
(0.014300232 0.0035799358 0.0035799358)
(0.014300232 0.0029758391 0.0040958727)
(0.014300232 0.0022984612 0.0045109426)
(0.014300232 0.0015644856 0.0048149224)
(0.014300232 0.0007919898 0.0050003253)
(0.014300232 0 0.0050625851)
(0.014600206 0.005062573 0)
(0.014600206 0.0050003133 0.00079198785)
(0.014600206 0.0048149108 0.0015644818)
(0.014600206 0.0045109316 0.0022984555)
(0.014600206 0.0040958628 0.0029758318)
(0.014600206 0.0035799271 0.0035799271)
(0.014600206 0.0029758318 0.0040958628)
(0.014600206 0.0022984555 0.0045109316)
(0.014600206 0.0015644818 0.0048149108)
(0.014600206 0.00079198785 0.0050003133)
(0.014600206 0 0.005062573)
(0.014900182 0.0050625622 0)
(0.014900182 0.0050003027 0.00079198613)
(0.014900182 0.0048149005 0.0015644784)
(0.014900182 0.004510922 0.0022984506)
(0.014900182 0.0040958539 0.0029758254)
(0.014900182 0.0035799193 0.0035799193)
(0.014900182 0.0029758254 0.0040958539)
(0.014900182 0.0022984506 0.004510922)
(0.014900182 0.0015644784 0.0048149005)
(0.014900182 0.00079198613 0.0050003027)
(0.014900182 0 0.0050625622)
(0.015200159 0.0050625528 0)
(0.015200159 0.0050002933 0.00079198462)
(0.015200159 0.0048148915 0.0015644754)
(0.015200159 0.0045109135 0.0022984462)
(0.015200159 0.0040958462 0.0029758197)
(0.015200159 0.0035799126 0.0035799126)
(0.015200159 0.0029758197 0.0040958462)
(0.015200159 0.0022984462 0.0045109135)
(0.015200159 0.0015644754 0.0048148915)
(0.015200159 0.00079198462 0.0050002933)
(0.015200159 0 0.0050625528)
(0.015500139 0.0050625446 0)
(0.015500139 0.0050002852 0.00079198332)
(0.015500139 0.0048148837 0.0015644728)
(0.015500139 0.0045109062 0.0022984424)
(0.015500139 0.0040958396 0.0029758149)
(0.015500139 0.0035799067 0.0035799067)
(0.015500139 0.0029758149 0.0040958396)
(0.015500139 0.0022984424 0.0045109062)
(0.015500139 0.0015644728 0.0048148837)
(0.015500139 0.00079198332 0.0050002852)
(0.015500139 0 0.0050625446)
(0.01580012 0.0050625375 0)
(0.01580012 0.0050002783 0.0007919822)
(0.01580012 0.0048148769 0.0015644706)
(0.01580012 0.0045108998 0.0022984392)
(0.01580012 0.0040958338 0.0029758107)
(0.01580012 0.0035799017 0.0035799017)
(0.01580012 0.0029758107 0.0040958338)
(0.01580012 0.0022984392 0.0045108998)
(0.01580012 0.0015644706 0.0048148769)
(0.01580012 0.0007919822 0.0050002783)
(0.01580012 0 0.0050625375)
(0.016100104 0.0050625315 0)
(0.016100104 0.0050002723 0.00079198124)
(0.016100104 0.0048148712 0.0015644687)
(0.016100104 0.0045108944 0.0022984364)
(0.016100104 0.0040958289 0.0029758071)
(0.016100104 0.0035798974 0.0035798974)
(0.016100104 0.0029758071 0.0040958289)
(0.016100104 0.0022984364 0.0045108944)
(0.016100104 0.0015644687 0.0048148712)
(0.016100104 0.00079198124 0.0050002723)
(0.016100104 0 0.0050625315)
(0.016400089 0.0050625264 0)
(0.016400089 0.0050002672 0.00079198042)
(0.016400089 0.0048148663 0.0015644671)
(0.016400089 0.0045108898 0.0022984341)
(0.016400089 0.0040958247 0.002975804)
(0.016400089 0.0035798937 0.0035798937)
(0.016400089 0.002975804 0.0040958247)
(0.016400089 0.0022984341 0.0045108898)
(0.016400089 0.0015644671 0.0048148663)
(0.016400089 0.00079198042 0.0050002672)
(0.016400089 0 0.0050625264)
(0.016700076 0.005062522 0)
(0.016700076 0.0050002629 0.00079197973)
(0.016700076 0.0048148621 0.0015644657)
(0.016700076 0.0045108859 0.002298432)
(0.016700076 0.0040958211 0.0029758014)
(0.016700076 0.0035798906 0.0035798906)
(0.016700076 0.0029758014 0.0040958211)
(0.016700076 0.002298432 0.0045108859)
(0.016700076 0.0015644657 0.0048148621)
(0.016700076 0.00079197973 0.0050002629)
(0.016700076 0 0.005062522)
(0.017000065 0.0050625182 0)
(0.017000065 0.0050002592 0.00079197914)
(0.017000065 0.0048148585 0.0015644646)
(0.017000065 0.0045108826 0.0022984303)
(0.017000065 0.0040958181 0.0029757992)
(0.017000065 0.0035798879 0.0035798879)
(0.017000065 0.0029757992 0.0040958181)
(0.017000065 0.0022984303 0.0045108826)
(0.017000065 0.0015644646 0.0048148585)
(0.017000065 0.00079197914 0.0050002592)
(0.017000065 0 0.0050625182)
(0.017300055 0.0050625151 0)
(0.017300055 0.0050002561 0.00079197864)
(0.017300055 0.0048148555 0.0015644636)
(0.017300055 0.0045108798 0.0022984289)
(0.017300055 0.0040958155 0.0029757974)
(0.017300055 0.0035798857 0.0035798857)
(0.017300055 0.0029757974 0.0040958155)
(0.017300055 0.0022984289 0.0045108798)
(0.017300055 0.0015644636 0.0048148555)
(0.017300055 0.00079197864 0.0050002561)
(0.017300055 0 0.0050625151)
(0.017600046 0.0050625124 0)
(0.017600046 0.0050002534 0.00079197822)
(0.017600046 0.004814853 0.0015644628)
(0.017600046 0.0045108774 0.0022984277)
(0.017600046 0.0040958134 0.0029757958)
(0.017600046 0.0035798838 0.0035798838)
(0.017600046 0.0029757958 0.0040958134)
(0.017600046 0.0022984277 0.0045108774)
(0.017600046 0.0015644628 0.004814853)
(0.017600046 0.00079197822 0.0050002534)
(0.017600046 0 0.0050625124)
(0.017900038 0.0050625101 0)
(0.017900038 0.0050002512 0.00079197786)
(0.017900038 0.0048148508 0.001564462)
(0.017900038 0.0045108753 0.0022984266)
(0.017900038 0.0040958115 0.0029757944)
(0.017900038 0.0035798822 0.0035798822)
(0.017900038 0.0029757944 0.0040958115)
(0.017900038 0.0022984266 0.0045108753)
(0.017900038 0.001564462 0.0048148508)
(0.017900038 0.00079197786 0.0050002512)
(0.017900038 0 0.0050625101)
(0.018200031 0.0050625082 0)
(0.018200031 0.0050002492 0.00079197755)
(0.018200031 0.0048148489 0.0015644614)
(0.018200031 0.0045108736 0.0022984257)
(0.018200031 0.0040958099 0.0029757933)
(0.018200031 0.0035798808 0.0035798808)
(0.018200031 0.0029757933 0.0040958099)
(0.018200031 0.0022984257 0.0045108736)
(0.018200031 0.0015644614 0.0048148489)
(0.018200031 0.00079197755 0.0050002492)
(0.018200031 0 0.0050625082)
(0.018500025 0.0050625064 0)
(0.018500025 0.0050002475 0.00079197728)
(0.018500025 0.0048148473 0.0015644609)
(0.018500025 0.004510872 0.0022984249)
(0.018500025 0.0040958085 0.0029757922)
(0.018500025 0.0035798796 0.0035798796)
(0.018500025 0.0029757922 0.0040958085)
(0.018500025 0.0022984249 0.004510872)
(0.018500025 0.0015644609 0.0048148473)
(0.018500025 0.00079197728 0.0050002475)
(0.018500025 0 0.0050625064)
(0.01880002 0.005062505 0)
(0.01880002 0.0050002461 0.00079197705)
(0.01880002 0.0048148459 0.0015644604)
(0.01880002 0.0045108707 0.0022984243)
(0.01880002 0.0040958073 0.0029757914)
(0.01880002 0.0035798785 0.0035798785)
(0.01880002 0.0029757914 0.0040958073)
(0.01880002 0.0022984243 0.0045108707)
(0.01880002 0.0015644604 0.0048148459)
(0.01880002 0.00079197705 0.0050002461)
(0.01880002 0 0.0050625049)
(0.019100014 0.0050625036 0)
(0.019100014 0.0050002447 0.00079197684)
(0.019100014 0.0048148446 0.00156446)
(0.019100014 0.0045108695 0.0022984237)
(0.019100014 0.0040958062 0.0029757906)
(0.019100014 0.0035798776 0.0035798776)
(0.019100014 0.0029757906 0.0040958062)
(0.019100014 0.0022984237 0.0045108695)
(0.019100014 0.00156446 0.0048148446)
(0.019100014 0.00079197684 0.0050002447)
(0.019100014 0 0.0050625036)
(0.01940001 0.0050625024 0)
(0.01940001 0.0050002435 0.00079197664)
(0.01940001 0.0048148434 0.0015644596)
(0.01940001 0.0045108684 0.0022984231)
(0.01940001 0.0040958052 0.0029757898)
(0.01940001 0.0035798767 0.0035798767)
(0.01940001 0.0029757898 0.0040958052)
(0.01940001 0.0022984231 0.0045108684)
(0.01940001 0.0015644596 0.0048148434)
(0.01940001 0.00079197664 0.0050002435)
(0.01940001 0 0.0050625024)
(0.019700005 0.0050625012 0)
(0.019700005 0.0050002423 0.00079197645)
(0.019700005 0.0048148423 0.0015644593)
(0.019700005 0.0045108673 0.0022984225)
(0.019700005 0.0040958043 0.0029757891)
(0.019700005 0.0035798758 0.0035798758)
(0.019700005 0.0029757891 0.0040958043)
(0.019700005 0.0022984225 0.0045108673)
(0.019700005 0.0015644593 0.0048148423)
(0.019700005 0.00079197645 0.0050002423)
(0.019700005 0 0.0050625012)
(0.02 0.0050625 0)
(0.02 0.0050002412 0.00079197627)
(0.02 0.0048148412 0.0015644589)
(0.02 0.0045108663 0.002298422)
(0.02 0.0040958033 0.0029757884)
(0.02 0.003579875 0.003579875)
(0.02 0.0029757884 0.0040958033)
(0.02 0.002298422 0.0045108663)
(0.02 0.0015644589 0.0048148412)
(0.02 0.00079197627 0.0050002412)
(0.02 0 0.0050625)
(0.011300175 0.0052501125 0)
(0.011300176 0.0051855645 0.00082133379)
(0.011300177 0.0049933071 0.001622453)
(0.011300178 0.004678075 0.0023836256)
(0.011300178 0.0042476324 0.0030861028)
(0.011300178 0.0037125821 0.0037125821)
(0.011300178 0.0030861028 0.0042476324)
(0.011300178 0.0023836256 0.004678075)
(0.011300177 0.001622453 0.0049933071)
(0.011300176 0.00082133379 0.0051855645)
(0.011300175 0 0.0052501125)
(0.011600218 0.0052501324 0)
(0.011600219 0.0051855841 0.00082133701)
(0.01160022 0.0049933261 0.0016224593)
(0.01160022 0.0046780928 0.0023836348)
(0.011600221 0.0042476487 0.0030861147)
(0.011600221 0.0037125963 0.0037125963)
(0.011600221 0.0030861147 0.0042476487)
(0.01160022 0.0023836348 0.0046780928)
(0.01160022 0.0016224593 0.0049933261)
(0.011600219 0.00082133701 0.0051855841)
(0.011600218 0 0.0052501324)
(0.011900249 0.0052501417 0)
(0.01190025 0.0051855932 0.00082133848)
(0.011900251 0.0049933347 0.0016224622)
(0.011900251 0.0046781009 0.002383639)
(0.011900252 0.0042476561 0.0030861201)
(0.011900252 0.0037126028 0.0037126028)
(0.011900252 0.0030861201 0.0042476561)
(0.011900251 0.002383639 0.0046781009)
(0.011900251 0.0016224622 0.0049933347)
(0.01190025 0.00082133848 0.0051855932)
(0.011900249 0 0.0052501417)
(0.012200268 0.0052501423 0)
(0.012200268 0.0051855937 0.00082133853)
(0.012200269 0.0049933351 0.0016224623)
(0.01220027 0.0046781011 0.0023836391)
(0.01220027 0.0042476563 0.0030861203)
(0.01220027 0.003712603 0.003712603)
(0.01220027 0.0030861203 0.0042476563)
(0.01220027 0.0023836391 0.0046781011)
(0.012200269 0.0016224623 0.0049933351)
(0.012200268 0.00082133853 0.0051855937)
(0.012200268 0 0.0052501423)
(0.012500275 0.0052501368 0)
(0.012500275 0.0051855882 0.00082133756)
(0.012500276 0.0049933295 0.0016224604)
(0.012500276 0.0046780958 0.0023836364)
(0.012500276 0.0042476514 0.0030861167)
(0.012500276 0.0037125987 0.0037125987)
(0.012500276 0.0030861167 0.0042476514)
(0.012500276 0.0023836364 0.0046780958)
(0.012500276 0.0016224604 0.0049933295)
(0.012500275 0.00082133756 0.0051855882)
(0.012500275 0 0.0052501368)
(0.012800271 0.0052501273 0)
(0.012800272 0.0051855787 0.00082133597)
(0.012800272 0.0049933202 0.0016224574)
(0.012800272 0.004678087 0.0023836318)
(0.012800273 0.0042476434 0.0030861109)
(0.012800273 0.0037125917 0.0037125917)
(0.012800273 0.0030861109 0.0042476434)
(0.012800272 0.0023836318 0.004678087)
(0.012800272 0.0016224574 0.0049933202)
(0.012800272 0.00082133597 0.0051855787)
(0.012800271 0 0.0052501273)
(0.013100261 0.0052501157 0)
(0.013100261 0.0051855672 0.00082133405)
(0.013100261 0.004993309 0.0016224536)
(0.013100261 0.0046780763 0.0023836263)
(0.013100262 0.0042476337 0.0030861038)
(0.013100262 0.0037125832 0.0037125832)
(0.013100262 0.0030861038 0.0042476337)
(0.013100261 0.0023836263 0.0046780763)
(0.013100261 0.0016224536 0.004993309)
(0.013100261 0.00082133405 0.0051855672)
(0.013100261 0 0.0052501158)
(0.013400245 0.0052501033 0)
(0.013400245 0.0051855549 0.00082133202)
(0.013400245 0.004993297 0.0016224496)
(0.013400245 0.004678065 0.0023836205)
(0.013400245 0.0042476233 0.0030860962)
(0.013400246 0.0037125741 0.0037125741)
(0.013400245 0.0030860962 0.0042476233)
(0.013400245 0.0023836205 0.004678065)
(0.013400245 0.0016224496 0.004993297)
(0.013400245 0.00082133202 0.0051855549)
(0.013400245 0 0.0052501033)
(0.013700226 0.005250091 0)
(0.013700226 0.0051855427 0.00082133001)
(0.013700226 0.0049932852 0.0016224457)
(0.013700226 0.0046780539 0.0023836147)
(0.013700226 0.0042476131 0.0030860888)
(0.013700226 0.0037125652 0.0037125652)
(0.013700226 0.0030860888 0.0042476131)
(0.013700226 0.0023836147 0.0046780539)
(0.013700226 0.0016224457 0.0049932852)
(0.013700226 0.00082133001 0.0051855427)
(0.013700226 0 0.005250091)
(0.014000206 0.0052500793 0)
(0.014000206 0.0051855311 0.00082132811)
(0.014000206 0.0049932739 0.0016224419)
(0.014000206 0.0046780433 0.0023836093)
(0.014000206 0.0042476035 0.0030860817)
(0.014000206 0.0037125567 0.0037125567)
(0.014000206 0.0030860817 0.0042476035)
(0.014000206 0.0023836093 0.0046780433)
(0.014000206 0.0016224419 0.0049932739)
(0.014000206 0.00082132811 0.0051855311)
(0.014000206 0 0.0052500793)
(0.014300185 0.0052500685 0)
(0.014300185 0.0051855204 0.00082132637)
(0.014300185 0.0049932636 0.0016224385)
(0.014300185 0.0046780335 0.0023836042)
(0.014300185 0.0042475946 0.0030860752)
(0.014300185 0.0037125489 0.0037125489)
(0.014300185 0.0030860752 0.0042475946)
(0.014300185 0.0023836042 0.0046780335)
(0.014300185 0.0016224385 0.0049932636)
(0.014300185 0.00082132637 0.0051855204)
(0.014300185 0 0.0052500685)
(0.014600164 0.0052500587 0)
(0.014600165 0.0051855107 0.0008213248)
(0.014600165 0.0049932543 0.0016224354)
(0.014600165 0.0046780247 0.0023835997)
(0.014600165 0.0042475866 0.0030860694)
(0.014600165 0.0037125419 0.0037125419)
(0.014600165 0.0030860694 0.0042475866)
(0.014600165 0.0023835997 0.0046780247)
(0.014600165 0.0016224354 0.0049932543)
(0.014600165 0.0008213248 0.0051855107)
(0.014600164 0 0.0052500587)
(0.014900145 0.0052500501 0)
(0.014900145 0.0051855022 0.00082132342)
(0.014900145 0.004993246 0.0016224327)
(0.014900145 0.004678017 0.0023835957)
(0.014900145 0.0042475795 0.0030860642)
(0.014900145 0.0037125357 0.0037125357)
(0.014900145 0.0030860642 0.0042475795)
(0.014900145 0.0023835957 0.004678017)
(0.014900145 0.0016224327 0.004993246)
(0.014900145 0.00082132342 0.0051855022)
(0.014900145 0 0.0052500501)
(0.015200127 0.0052500425 0)
(0.015200127 0.0051854947 0.00082132221)
(0.015200127 0.0049932388 0.0016224303)
(0.015200127 0.0046780102 0.0023835922)
(0.015200127 0.0042475733 0.0030860597)
(0.015200127 0.0037125303 0.0037125303)
(0.015200127 0.0030860597 0.0042475733)
(0.015200127 0.0023835922 0.0046780102)
(0.015200127 0.0016224303 0.0049932388)
(0.015200127 0.00082132221 0.0051854947)
(0.015200127 0 0.0052500425)
(0.015500111 0.0052500359 0)
(0.015500111 0.0051854882 0.00082132116)
(0.015500111 0.0049932325 0.0016224282)
(0.015500111 0.0046780043 0.0023835892)
(0.015500111 0.0042475679 0.0030860558)
(0.015500111 0.0037125256 0.0037125256)
(0.015500111 0.0030860558 0.0042475679)
(0.015500111 0.0023835892 0.0046780043)
(0.015500111 0.0016224282 0.0049932325)
(0.015500111 0.00082132116 0.0051854882)
(0.015500111 0 0.0052500359)
(0.015800096 0.0052500302 0)
(0.015800096 0.0051854826 0.00082132025)
(0.015800096 0.0049932271 0.0016224265)
(0.015800096 0.0046779992 0.0023835866)
(0.015800096 0.0042475633 0.0030860524)
(0.015800096 0.0037125215 0.0037125215)
(0.015800096 0.0030860524 0.0042475633)
(0.015800096 0.0023835866 0.0046779992)
(0.015800096 0.0016224265 0.0049932271)
(0.015800096 0.00082132025 0.0051854826)
(0.015800096 0 0.0052500302)
(0.016100083 0.0052500254 0)
(0.016100083 0.0051854778 0.00082131948)
(0.016100083 0.0049932224 0.0016224249)
(0.016100083 0.0046779948 0.0023835843)
(0.016100083 0.0042475593 0.0030860495)
(0.016100083 0.003712518 0.003712518)
(0.016100083 0.0030860495 0.0042475593)
(0.016100083 0.0023835843 0.0046779948)
(0.016100083 0.0016224249 0.0049932224)
(0.016100083 0.00082131948 0.0051854777)
(0.016100083 0 0.0052500254)
(0.016400071 0.0052500212 0)
(0.016400071 0.0051854736 0.00082131882)
(0.016400071 0.0049932185 0.0016224236)
(0.016400071 0.0046779911 0.0023835824)
(0.016400071 0.004247556 0.003086047)
(0.016400071 0.0037125151 0.0037125151)
(0.016400071 0.003086047 0.004247556)
(0.016400071 0.0023835824 0.0046779911)
(0.016400071 0.0016224236 0.0049932185)
(0.016400071 0.00082131882 0.0051854736)
(0.016400071 0 0.0052500212)
(0.016700061 0.0052500177 0)
(0.016700061 0.0051854702 0.00082131827)
(0.016700061 0.0049932151 0.0016224225)
(0.016700061 0.004677988 0.0023835808)
(0.016700061 0.0042475531 0.003086045)
(0.016700061 0.0037125126 0.0037125126)
(0.016700061 0.003086045 0.0042475531)
(0.016700061 0.0023835808 0.004677988)
(0.016700061 0.0016224225 0.0049932151)
(0.016700061 0.00082131827 0.0051854702)
(0.016700061 0 0.0052500177)
(0.017000052 0.0052500147 0)
(0.017000052 0.0051854672 0.00082131779)
(0.017000052 0.0049932122 0.0016224216)
(0.017000052 0.0046779853 0.0023835794)
(0.017000052 0.0042475507 0.0030860432)
(0.017000052 0.0037125104 0.0037125104)
(0.017000052 0.0030860432 0.0042475507)
(0.017000052 0.0023835794 0.0046779853)
(0.017000052 0.0016224216 0.0049932122)
(0.017000052 0.00082131779 0.0051854672)
(0.017000052 0 0.0052500147)
(0.017300044 0.0052500122 0)
(0.017300044 0.0051854647 0.00082131739)
(0.017300044 0.0049932098 0.0016224208)
(0.017300044 0.004677983 0.0023835783)
(0.017300044 0.0042475486 0.0030860417)
(0.017300044 0.0037125086 0.0037125086)
(0.017300044 0.0030860417 0.0042475486)
(0.017300044 0.0023835783 0.004677983)
(0.017300044 0.0016224208 0.0049932098)
(0.017300044 0.00082131739 0.0051854647)
(0.017300044 0 0.0052500122)
(0.017600037 0.00525001 0)
(0.017600037 0.0051854625 0.00082131705)
(0.017600037 0.0049932078 0.0016224201)
(0.017600037 0.0046779811 0.0023835773)
(0.017600037 0.0042475468 0.0030860404)
(0.017600037 0.0037125071 0.0037125071)
(0.017600037 0.0030860404 0.0042475468)
(0.017600037 0.0023835773 0.0046779811)
(0.017600037 0.0016224201 0.0049932078)
(0.017600037 0.00082131705 0.0051854625)
(0.017600037 0 0.00525001)
(0.017900031 0.0052500081 0)
(0.017900031 0.0051854607 0.00082131676)
(0.017900031 0.004993206 0.0016224196)
(0.017900031 0.0046779794 0.0023835764)
(0.017900031 0.0042475453 0.0030860393)
(0.017900031 0.0037125058 0.0037125058)
(0.017900031 0.0030860393 0.0042475453)
(0.017900031 0.0023835764 0.0046779794)
(0.017900031 0.0016224196 0.004993206)
(0.017900031 0.00082131676 0.0051854607)
(0.017900031 0 0.0052500081)
(0.018200025 0.0052500066 0)
(0.018200025 0.0051854592 0.00082131651)
(0.018200025 0.0049932045 0.0016224191)
(0.018200025 0.004677978 0.0023835757)
(0.018200025 0.0042475441 0.0030860384)
(0.018200025 0.0037125047 0.0037125047)
(0.018200025 0.0030860384 0.0042475441)
(0.018200025 0.0023835757 0.004677978)
(0.018200025 0.0016224191 0.0049932045)
(0.018200025 0.00082131651 0.0051854592)
(0.018200025 0 0.0052500066)
(0.01850002 0.0052500052 0)
(0.01850002 0.0051854578 0.00082131629)
(0.01850002 0.0049932032 0.0016224186)
(0.01850002 0.0046779768 0.0023835751)
(0.01850002 0.0042475429 0.0030860376)
(0.01850002 0.0037125037 0.0037125037)
(0.01850002 0.0030860376 0.0042475429)
(0.01850002 0.0023835751 0.0046779768)
(0.01850002 0.0016224186 0.0049932032)
(0.01850002 0.00082131629 0.0051854578)
(0.01850002 0 0.0052500052)
(0.018800016 0.005250004 0)
(0.018800016 0.0051854566 0.0008213161)
(0.018800016 0.0049932021 0.0016224183)
(0.018800016 0.0046779757 0.0023835745)
(0.018800016 0.004247542 0.0030860368)
(0.018800016 0.0037125028 0.0037125028)
(0.018800016 0.0030860368 0.004247542)
(0.018800016 0.0023835745 0.0046779757)
(0.018800016 0.0016224183 0.0049932021)
(0.018800016 0.0008213161 0.0051854566)
(0.018800016 0 0.005250004)
(0.019100012 0.0052500029 0)
(0.019100012 0.0051854555 0.00082131593)
(0.019100012 0.004993201 0.0016224179)
(0.019100012 0.0046779748 0.002383574)
(0.019100012 0.0042475411 0.0030860362)
(0.019100012 0.0037125021 0.0037125021)
(0.019100012 0.0030860362 0.0042475411)
(0.019100012 0.002383574 0.0046779748)
(0.019100012 0.0016224179 0.004993201)
(0.019100012 0.00082131593 0.0051854555)
(0.019100012 0 0.0052500029)
(0.019400008 0.0052500019 0)
(0.019400008 0.0051854546 0.00082131578)
(0.019400008 0.0049932001 0.0016224176)
(0.019400008 0.0046779739 0.0023835736)
(0.019400008 0.0042475403 0.0030860356)
(0.019400008 0.0037125013 0.0037125013)
(0.019400008 0.0030860356 0.0042475403)
(0.019400008 0.0023835736 0.0046779739)
(0.019400008 0.0016224176 0.0049932001)
(0.019400008 0.00082131578 0.0051854546)
(0.019400008 0 0.0052500019)
(0.019700004 0.0052500009 0)
(0.019700004 0.0051854536 0.00082131563)
(0.019700004 0.0049931992 0.0016224173)
(0.019700004 0.004677973 0.0023835732)
(0.019700004 0.0042475395 0.0030860351)
(0.019700004 0.0037125007 0.0037125007)
(0.019700004 0.0030860351 0.0042475395)
(0.019700004 0.0023835732 0.004677973)
(0.019700004 0.0016224173 0.0049931992)
(0.019700004 0.00082131563 0.0051854536)
(0.019700004 0 0.0052500009)
(0.02 0.00525 0)
(0.02 0.0051854527 0.00082131548)
(0.02 0.0049931983 0.001622417)
(0.02 0.0046779722 0.0023835727)
(0.02 0.0042475387 0.0030860345)
(0.02 0.0037125 0.0037125)
(0.02 0.0030860345 0.0042475387)
(0.02 0.0023835727 0.0046779722)
(0.02 0.001622417 0.0049931983)
(0.02 0.00082131548 0.0051854527)
(0.02 0 0.00525)
(0.011300135 0.0054375851 0)
(0.011300136 0.0053707487 0.00085066852)
(0.011300136 0.0051716376 0.0016804023)
(0.011300137 0.0048451557 0.0024687634)
(0.011300137 0.004399345 0.0031963322)
(0.011300137 0.003845187 0.003845187)
(0.011300137 0.0031963322 0.004399345)
(0.011300137 0.0024687634 0.0048451557)
(0.011300136 0.0016804023 0.0051716376)
(0.011300136 0.00085066852 0.0053707487)
(0.011300135 0 0.0054375851)
(0.011600165 0.0054375995 0)
(0.011600166 0.005370763 0.00085067085)
(0.011600167 0.0051716514 0.0016804069)
(0.011600167 0.0048451687 0.0024687701)
(0.011600167 0.0043993568 0.0031963408)
(0.011600167 0.0038451974 0.0038451974)
(0.011600167 0.0031963408 0.0043993568)
(0.011600167 0.0024687701 0.0048451687)
(0.011600167 0.0016804069 0.0051716514)
(0.011600166 0.00085067085 0.005370763)
(0.011600165 0 0.0054375995)
(0.011900188 0.0054376063 0)
(0.011900188 0.0053707696 0.00085067193)
(0.011900189 0.0051716577 0.001680409)
(0.011900189 0.0048451746 0.0024687731)
(0.011900189 0.0043993622 0.0031963448)
(0.011900189 0.0038452021 0.0038452021)
(0.011900189 0.0031963448 0.0043993622)
(0.011900189 0.0024687731 0.0048451746)
(0.011900189 0.001680409 0.0051716577)
(0.011900188 0.00085067193 0.0053707696)
(0.011900188 0 0.0054376063)
(0.012200201 0.0054376068 0)
(0.012200201 0.00537077 0.00085067197)
(0.012200202 0.005171658 0.0016804091)
(0.012200202 0.0048451748 0.0024687732)
(0.012200202 0.0043993624 0.0031963449)
(0.012200202 0.0038452023 0.0038452023)
(0.012200202 0.0031963449 0.0043993624)
(0.012200202 0.0024687732 0.0048451748)
(0.012200202 0.0016804091 0.005171658)
(0.012200201 0.00085067197 0.00537077)
(0.012200201 0 0.0054376068)
(0.012500205 0.0054376027 0)
(0.012500205 0.0053707659 0.00085067126)
(0.012500206 0.0051716539 0.0016804078)
(0.012500206 0.0048451708 0.0024687712)
(0.012500206 0.0043993588 0.0031963423)
(0.012500206 0.0038451991 0.0038451991)
(0.012500206 0.0031963423 0.0043993588)
(0.012500206 0.0024687712 0.0048451708)
(0.012500206 0.0016804078 0.0051716539)
(0.012500205 0.00085067126 0.0053707659)
(0.012500205 0 0.0054376027)
(0.012800203 0.0054375957 0)
(0.012800203 0.0053707589 0.00085067008)
(0.012800203 0.005171647 0.0016804055)
(0.012800203 0.0048451643 0.0024687678)
(0.012800203 0.0043993528 0.0031963379)
(0.012800204 0.0038451939 0.0038451939)
(0.012800203 0.0031963379 0.0043993528)
(0.012800203 0.0024687678 0.0048451643)
(0.012800203 0.0016804055 0.005171647)
(0.012800203 0.00085067008 0.0053707589)
(0.012800203 0 0.0054375957)
(0.013100195 0.005437587 0)
(0.013100195 0.0053707502 0.00085066864)
(0.013100195 0.0051716386 0.0016804027)
(0.013100195 0.0048451563 0.0024687637)
(0.013100195 0.0043993455 0.0031963326)
(0.013100195 0.0038451875 0.0038451875)
(0.013100195 0.0031963326 0.0043993455)
(0.013100195 0.0024687637 0.0048451563)
(0.013100195 0.0016804027 0.0051716386)
(0.013100195 0.00085066864 0.0053707503)
(0.013100195 0 0.005437587)
(0.013400183 0.0054375777 0)
(0.013400183 0.005370741 0.00085066712)
(0.013400183 0.0051716296 0.0016803997)
(0.013400183 0.0048451479 0.0024687594)
(0.013400183 0.0043993378 0.003196327)
(0.013400183 0.0038451807 0.0038451807)
(0.013400183 0.003196327 0.0043993378)
(0.013400183 0.0024687594 0.0048451479)
(0.013400183 0.0016803997 0.0051716296)
(0.013400183 0.00085066712 0.005370741)
(0.013400183 0 0.0054375777)
(0.013700169 0.0054375684 0)
(0.013700169 0.0053707319 0.00085066561)
(0.013700169 0.0051716207 0.0016803967)
(0.013700169 0.0048451395 0.002468755)
(0.013700169 0.0043993301 0.0031963214)
(0.013700169 0.003845174 0.003845174)
(0.013700169 0.0031963214 0.0043993301)
(0.013700169 0.002468755 0.0048451395)
(0.013700169 0.0016803967 0.0051716207)
(0.013700169 0.00085066561 0.0053707319)
(0.013700169 0 0.0054375684)
(0.014000154 0.0054375596 0)
(0.014000154 0.0053707231 0.00085066419)
(0.014000154 0.0051716123 0.0016803939)
(0.014000154 0.0048451315 0.0024687509)
(0.014000154 0.0043993229 0.0031963161)
(0.014000154 0.0038451677 0.0038451677)
(0.014000154 0.0031963161 0.0043993229)
(0.014000154 0.0024687509 0.0048451315)
(0.014000154 0.0016803939 0.0051716123)
(0.014000154 0.00085066419 0.0053707231)
(0.014000154 0 0.0054375596)
(0.014300138 0.0054375515 0)
(0.014300138 0.0053707151 0.00085066288)
(0.014300138 0.0051716045 0.0016803913)
(0.014300138 0.0048451242 0.0024687471)
(0.014300138 0.0043993162 0.0031963112)
(0.014300138 0.0038451618 0.0038451618)
(0.014300138 0.0031963112 0.0043993162)
(0.014300138 0.0024687471 0.0048451242)
(0.014300138 0.0016803913 0.0051716045)
(0.014300138 0.00085066288 0.0053707151)
(0.014300138 0 0.0054375515)
(0.014600123 0.0054375442 0)
(0.014600123 0.0053707078 0.0008506617)
(0.014600123 0.0051715975 0.001680389)
(0.014600123 0.0048451176 0.0024687437)
(0.014600123 0.0043993102 0.0031963068)
(0.014600123 0.0038451565 0.0038451565)
(0.014600123 0.0031963068 0.0043993102)
(0.014600123 0.0024687437 0.0048451176)
(0.014600123 0.001680389 0.0051715975)
(0.014600123 0.0008506617 0.0053707078)
(0.014600123 0 0.0054375442)
(0.014900109 0.0054375377 0)
(0.014900109 0.0053707014 0.00085066066)
(0.014900109 0.0051715913 0.001680387)
(0.014900109 0.0048451117 0.0024687407)
(0.014900109 0.0043993048 0.0031963029)
(0.014900109 0.0038451519 0.0038451519)
(0.014900109 0.0031963029 0.0043993048)
(0.014900109 0.0024687407 0.0048451117)
(0.014900109 0.001680387 0.0051715913)
(0.014900109 0.00085066066 0.0053707014)
(0.014900109 0 0.0054375377)
(0.015200095 0.005437532 0)
(0.015200095 0.0053706958 0.00085065975)
(0.015200095 0.0051715858 0.0016803852)
(0.015200095 0.0048451066 0.0024687381)
(0.015200095 0.0043993002 0.0031962995)
(0.015200095 0.0038451478 0.0038451478)
(0.015200095 0.0031962995 0.0043993002)
(0.015200095 0.0024687381 0.0048451066)
(0.015200095 0.0016803852 0.0051715858)
(0.015200095 0.00085065975 0.0053706958)
(0.015200095 0 0.005437532)
(0.015500083 0.005437527 0)
(0.015500083 0.0053706909 0.00085065896)
(0.015500083 0.0051715811 0.0016803836)
(0.015500083 0.0048451022 0.0024687358)
(0.015500083 0.0043992961 0.0031962966)
(0.015500083 0.0038451442 0.0038451442)
(0.015500083 0.0031962966 0.0043992961)
(0.015500083 0.0024687358 0.0048451022)
(0.015500083 0.0016803836 0.0051715811)
(0.015500083 0.00085065896 0.0053706909)
(0.015500083 0 0.005437527)
(0.015800072 0.0054375227 0)
(0.015800072 0.0053706867 0.00085065828)
(0.015800072 0.005171577 0.0016803823)
(0.015800072 0.0048450984 0.0024687339)
(0.015800072 0.0043992927 0.003196294)
(0.015800072 0.0038451412 0.0038451412)
(0.015800072 0.003196294 0.0043992927)
(0.015800072 0.0024687339 0.0048450984)
(0.015800072 0.0016803823 0.005171577)
(0.015800072 0.00085065828 0.0053706867)
(0.015800072 0 0.0054375227)
(0.016100062 0.0054375191 0)
(0.016100062 0.005370683 0.0008506577)
(0.016100062 0.0051715735 0.0016803811)
(0.016100062 0.0048450951 0.0024687322)
(0.016100062 0.0043992897 0.0031962918)
(0.016100062 0.0038451386 0.0038451386)
(0.016100062 0.0031962918 0.0043992897)
(0.016100062 0.0024687322 0.0048450951)
(0.016100062 0.0016803811 0.0051715735)
(0.016100062 0.0008506577 0.005370683)
(0.016100062 0 0.0054375191)
(0.016400053 0.005437516 0)
(0.016400053 0.0053706799 0.0008506572)
(0.016400053 0.0051715705 0.0016803801)
(0.016400053 0.0048450923 0.0024687307)
(0.016400053 0.0043992871 0.00319629)
(0.016400054 0.0038451363 0.0038451363)
(0.016400053 0.00319629 0.0043992871)
(0.016400053 0.0024687307 0.0048450923)
(0.016400053 0.0016803801 0.0051715705)
(0.016400053 0.0008506572 0.0053706799)
(0.016400053 0 0.005437516)
(0.016700046 0.0054375133 0)
(0.016700046 0.0053706773 0.00085065678)
(0.016700046 0.005171568 0.0016803793)
(0.016700046 0.0048450899 0.0024687295)
(0.016700046 0.004399285 0.0031962884)
(0.016700046 0.0038451344 0.0038451344)
(0.016700046 0.0031962884 0.004399285)
(0.016700046 0.0024687295 0.0048450899)
(0.016700046 0.0016803793 0.005171568)
(0.016700046 0.00085065678 0.0053706773)
(0.016700046 0 0.0054375133)
(0.017000039 0.0054375111 0)
(0.017000039 0.0053706751 0.00085065643)
(0.017000039 0.0051715659 0.0016803786)
(0.017000039 0.0048450879 0.0024687285)
(0.017000039 0.0043992831 0.0031962871)
(0.017000039 0.0038451328 0.0038451328)
(0.017000039 0.0031962871 0.0043992831)
(0.017000039 0.0024687285 0.0048450879)
(0.017000039 0.0016803786 0.0051715659)
(0.017000039 0.00085065643 0.0053706751)
(0.017000039 0 0.0054375111)
(0.017300033 0.0054375091 0)
(0.017300033 0.0053706732 0.00085065612)
(0.017300033 0.005171564 0.001680378)
(0.017300033 0.0048450862 0.0024687276)
(0.017300033 0.0043992816 0.0031962859)
(0.017300033 0.0038451315 0.0038451315)
(0.017300033 0.0031962859 0.0043992816)
(0.017300033 0.0024687276 0.0048450862)
(0.017300033 0.001680378 0.005171564)
(0.017300033 0.00085065612 0.0053706732)
(0.017300033 0 0.0054375091)
(0.017600028 0.0054375075 0)
(0.017600028 0.0053706716 0.00085065587)
(0.017600028 0.0051715625 0.0016803775)
(0.017600028 0.0048450847 0.0024687269)
(0.017600028 0.0043992803 0.003196285)
(0.017600028 0.0038451303 0.0038451303)
(0.017600028 0.003196285 0.0043992803)
(0.017600028 0.0024687269 0.0048450847)
(0.017600028 0.0016803775 0.0051715625)
(0.017600028 0.00085065587 0.0053706716)
(0.017600028 0 0.0054375075)
(0.017900023 0.0054375061 0)
(0.017900023 0.0053706702 0.00085065565)
(0.017900023 0.0051715612 0.0016803771)
(0.017900023 0.0048450835 0.0024687262)
(0.017900023 0.0043992791 0.0031962842)
(0.017900023 0.0038451293 0.0038451293)
(0.017900023 0.0031962842 0.0043992791)
(0.017900023 0.0024687262 0.0048450835)
(0.017900023 0.0016803771 0.0051715612)
(0.017900023 0.00085065565 0.0053706702)
(0.017900023 0 0.0054375061)
(0.018200019 0.0054375049 0)
(0.018200019 0.0053706691 0.00085065546)
(0.018200019 0.00517156 0.0016803767)
(0.018200019 0.0048450824 0.0024687257)
(0.018200019 0.0043992782 0.0031962835)
(0.018200019 0.0038451285 0.0038451285)
(0.018200019 0.0031962835 0.0043992782)
(0.018200019 0.0024687257 0.0048450824)
(0.018200019 0.0016803767 0.00517156)
(0.018200019 0.00085065546 0.0053706691)
(0.018200019 0 0.0054375049)
(0.018500015 0.0054375039 0)
(0.018500015 0.005370668 0.0008506553)
(0.018500015 0.0051715591 0.0016803764)
(0.018500015 0.0048450815 0.0024687252)
(0.018500015 0.0043992773 0.0031962829)
(0.018500015 0.0038451278 0.0038451278)
(0.018500015 0.0031962829 0.0043992773)
(0.018500015 0.0024687252 0.0048450815)
(0.018500015 0.0016803764 0.0051715591)
(0.018500015 0.0008506553 0.005370668)
(0.018500015 0 0.0054375039)
(0.018800012 0.005437503 0)
(0.018800012 0.0053706671 0.00085065516)
(0.018800012 0.0051715582 0.0016803761)
(0.018800012 0.0048450807 0.0024687248)
(0.018800012 0.0043992766 0.0031962823)
(0.018800012 0.0038451271 0.0038451271)
(0.018800012 0.0031962823 0.0043992766)
(0.018800012 0.0024687248 0.0048450807)
(0.018800012 0.0016803761 0.0051715582)
(0.018800012 0.00085065516 0.0053706671)
(0.018800012 0 0.005437503)
(0.019100009 0.0054375022 0)
(0.019100009 0.0053706663 0.00085065503)
(0.019100009 0.0051715574 0.0016803759)
(0.019100009 0.00484508 0.0024687244)
(0.019100009 0.0043992759 0.0031962818)
(0.019100009 0.0038451265 0.0038451265)
(0.019100009 0.0031962818 0.0043992759)
(0.019100009 0.0024687244 0.00484508)
(0.019100009 0.0016803759 0.0051715574)
(0.019100009 0.00085065503 0.0053706663)
(0.019100009 0 0.0054375022)
(0.019400006 0.0054375014 0)
(0.019400006 0.0053706656 0.00085065491)
(0.019400006 0.0051715567 0.0016803756)
(0.019400006 0.0048450793 0.0024687241)
(0.019400006 0.0043992753 0.0031962814)
(0.019400006 0.003845126 0.003845126)
(0.019400006 0.0031962814 0.0043992753)
(0.019400006 0.0024687241 0.0048450793)
(0.019400006 0.0016803756 0.0051715567)
(0.019400006 0.00085065491 0.0053706656)
(0.019400006 0 0.0054375014)
(0.019700003 0.0054375007 0)
(0.019700003 0.0053706649 0.0008506548)
(0.019700003 0.005171556 0.0016803754)
(0.019700003 0.0048450787 0.0024687238)
(0.019700003 0.0043992747 0.003196281)
(0.019700003 0.0038451255 0.0038451255)
(0.019700003 0.003196281 0.0043992747)
(0.019700003 0.0024687238 0.0048450787)
(0.019700003 0.0016803754 0.005171556)
(0.019700003 0.0008506548 0.0053706649)
(0.019700003 0 0.0054375007)
(0.02 0.0054375 0)
(0.02 0.0053706642 0.00085065469)
(0.02 0.0051715553 0.0016803752)
(0.02 0.004845078 0.0024687234)
(0.02 0.0043992742 0.0031962806)
(0.02 0.003845125 0.003845125)
(0.02 0.0031962806 0.0043992742)
(0.02 0.0024687234 0.004845078)
(0.02 0.0016803752 0.0051715553)
(0.02 0.00085065469 0.0053706642)
(0.02 0 0.0054375)
(0.011300093 0.0056250576 0)
(0.011300093 0.0055559329 0.00088000324)
(0.011300093 0.0053499681 0.0017383517)
(0.011300094 0.0050122364 0.0025539012)
(0.011300094 0.0045510575 0.0033065615)
(0.011300094 0.0039777919 0.0039777919)
(0.011300094 0.0033065615 0.0045510575)
(0.011300094 0.0025539012 0.0050122364)
(0.011300093 0.0017383517 0.0053499681)
(0.011300093 0.00088000324 0.0055559329)
(0.011300093 0 0.0056250576)
(0.011600112 0.005625067 0)
(0.011600112 0.0055559421 0.00088000476)
(0.011600113 0.005349977 0.0017383547)
(0.011600113 0.0050122448 0.0025539055)
(0.011600113 0.0045510652 0.0033065671)
(0.011600113 0.0039777987 0.0039777987)
(0.011600113 0.0033065671 0.0045510652)
(0.011600113 0.0025539055 0.0050122448)
(0.011600113 0.0017383547 0.005349977)
(0.011600112 0.00088000476 0.0055559421)
(0.011600112 0 0.005625067)
(0.011900126 0.0056250714 0)
(0.011900126 0.0055559464 0.00088000546)
(0.011900127 0.0053499811 0.001738356)
(0.011900127 0.0050122487 0.0025539075)
(0.011900127 0.0045510687 0.0033065697)
(0.011900127 0.0039778017 0.0039778017)
(0.011900127 0.0033065697 0.0045510687)
(0.011900127 0.0025539075 0.0050122487)
(0.011900127 0.001738356 0.0053499811)
(0.011900126 0.00088000546 0.0055559464)
(0.011900126 0 0.0056250714)
(0.012200134 0.0056250716 0)
(0.012200135 0.0055559466 0.00088000547)
(0.012200135 0.0053499812 0.0017383561)
(0.012200135 0.0050122487 0.0025539075)
(0.012200135 0.0045510687 0.0033065697)
(0.012200135 0.0039778018 0.0039778018)
(0.012200135 0.0033065697 0.0045510687)
(0.012200135 0.0025539075 0.0050122487)
(0.012200135 0.0017383561 0.0053499812)
(0.012200135 0.00088000547 0.0055559466)
(0.012200134 0 0.0056250716)
(0.012500137 0.0056250687 0)
(0.012500137 0.0055559437 0.00088000498)
(0.012500137 0.0053499783 0.0017383551)
(0.012500138 0.005012246 0.0025539061)
(0.012500138 0.0045510662 0.0033065679)
(0.012500138 0.0039777996 0.0039777996)
(0.012500138 0.0033065679 0.0045510662)
(0.012500138 0.0025539061 0.005012246)
(0.012500137 0.0017383551 0.0053499783)
(0.012500137 0.00088000498 0.0055559437)
(0.012500137 0 0.0056250687)
(0.012800135 0.0056250639 0)
(0.012800135 0.005555939 0.00088000418)
(0.012800135 0.0053499737 0.0017383536)
(0.012800135 0.0050122416 0.0025539038)
(0.012800135 0.0045510622 0.003306565)
(0.012800135 0.003977796 0.003977796)
(0.012800135 0.003306565 0.0045510622)
(0.012800135 0.0025539038 0.0050122416)
(0.012800135 0.0017383536 0.0053499737)
(0.012800135 0.00088000418 0.005555939)
(0.012800135 0 0.0056250639)
(0.013100129 0.0056250581 0)
(0.013100129 0.0055559332 0.00088000322)
(0.01310013 0.005349968 0.0017383517)
(0.01310013 0.0050122362 0.0025539011)
(0.01310013 0.0045510573 0.0033065614)
(0.01310013 0.0039777918 0.0039777918)
(0.01310013 0.0033065614 0.0045510573)
(0.01310013 0.0025539011 0.0050122362)
(0.01310013 0.0017383517 0.005349968)
(0.013100129 0.00088000322 0.0055559332)
(0.013100129 0 0.0056250581)
(0.013400121 0.0056250519 0)
(0.013400122 0.005555927 0.0008800022)
(0.013400122 0.005349962 0.0017383497)
(0.013400122 0.0050122305 0.0025538981)
(0.013400122 0.0045510521 0.0033065576)
(0.013400122 0.0039777872 0.0039777872)
(0.013400122 0.0033065576 0.0045510521)
(0.013400122 0.0025538981 0.0050122305)
(0.013400122 0.0017383497 0.005349962)
(0.013400122 0.0008800022 0.005555927)
(0.013400121 0 0.0056250519)
(0.013700112 0.0056250457 0)
(0.013700112 0.0055559208 0.00088000119)
(0.013700112 0.005349956 0.0017383477)
(0.013700112 0.0050122249 0.0025538952)
(0.013700112 0.0045510469 0.0033065538)
(0.013700112 0.0039777827 0.0039777827)
(0.013700112 0.0033065538 0.0045510469)
(0.013700112 0.0025538952 0.0050122249)
(0.013700112 0.0017383477 0.005349956)
(0.013700112 0.00088000119 0.0055559208)
(0.013700112 0 0.0056250457)
(0.014000102 0.0056250398 0)
(0.014000102 0.005555915 0.00088000023)
(0.014000102 0.0053499504 0.0017383458)
(0.014000102 0.0050122196 0.0025538925)
(0.014000102 0.0045510421 0.0033065503)
(0.014000102 0.0039777784 0.0039777784)
(0.014000102 0.0033065503 0.0045510421)
(0.014000102 0.0025538925 0.0050122196)
(0.014000102 0.0017383458 0.0053499504)
(0.014000102 0.00088000023 0.005555915)
(0.014000102 0 0.0056250398)
(0.014300092 0.0056250343 0)
(0.014300092 0.0055559096 0.00087999936)
(0.014300092 0.0053499452 0.0017383441)
(0.014300092 0.0050122147 0.00255389)
(0.014300092 0.0045510376 0.003306547)
(0.014300092 0.0039777745 0.0039777745)
(0.014300092 0.003306547 0.0045510376)
(0.014300092 0.00255389 0.0050122147)
(0.014300092 0.0017383441 0.0053499452)
(0.014300092 0.00087999936 0.0055559096)
(0.014300092 0 0.0056250343)
(0.014600082 0.0056250294 0)
(0.014600082 0.0055559048 0.00087999857)
(0.014600082 0.0053499405 0.0017383425)
(0.014600082 0.0050122103 0.0025538877)
(0.014600082 0.0045510336 0.0033065441)
(0.014600082 0.003977771 0.003977771)
(0.014600082 0.0033065441 0.0045510336)
(0.014600082 0.0025538877 0.0050122103)
(0.014600082 0.0017383425 0.0053499405)
(0.014600082 0.00087999857 0.0055559048)
(0.014600082 0 0.0056250294)
(0.014900072 0.0056250251 0)
(0.014900072 0.0055559005 0.00087999787)
(0.014900072 0.0053499364 0.0017383412)
(0.014900072 0.0050122064 0.0025538857)
(0.014900072 0.00455103 0.0033065415)
(0.014900072 0.0039777679 0.0039777679)
(0.014900072 0.0033065415 0.00455103)
(0.014900072 0.0025538857 0.0050122064)
(0.014900072 0.0017383412 0.0053499364)
(0.014900072 0.00087999787 0.0055559005)
(0.014900072 0 0.0056250251)
(0.015200063 0.0056250213 0)
(0.015200063 0.0055558967 0.00087999727)
(0.015200063 0.0053499327 0.00173834)
(0.015200063 0.0050122029 0.0025538839)
(0.015200063 0.0045510269 0.0033065392)
(0.015200063 0.0039777652 0.0039777652)
(0.015200063 0.0033065392 0.0045510269)
(0.015200063 0.0025538839 0.0050122029)
(0.015200063 0.00173834 0.0053499327)
(0.015200063 0.00087999727 0.0055558967)
(0.015200063 0 0.0056250213)
(0.015500055 0.005625018 0)
(0.015500055 0.0055558935 0.00087999674)
(0.015500055 0.0053499296 0.0017383389)
(0.015500055 0.0050122 0.0025538824)
(0.015500055 0.0045510242 0.0033065373)
(0.015500055 0.0039777628 0.0039777628)
(0.015500055 0.0033065373 0.0045510242)
(0.015500055 0.0025538824 0.0050122)
(0.015500055 0.0017383389 0.0053499296)
(0.015500055 0.00087999674 0.0055558935)
(0.015500055 0 0.005625018)
(0.015800048 0.0056250151 0)
(0.015800048 0.0055558906 0.00087999629)
(0.015800048 0.0053499269 0.001738338)
(0.015800048 0.0050121974 0.0025538811)
(0.015800048 0.0045510219 0.0033065356)
(0.015800048 0.0039777608 0.0039777608)
(0.015800048 0.0033065356 0.0045510219)
(0.015800048 0.0025538811 0.0050121974)
(0.015800048 0.001738338 0.0053499269)
(0.015800048 0.00087999629 0.0055558906)
(0.015800048 0 0.0056250151)
(0.016100041 0.0056250127 0)
(0.016100041 0.0055558882 0.0008799959)
(0.016100041 0.0053499245 0.0017383373)
(0.016100041 0.0050121952 0.00255388)
(0.016100041 0.0045510199 0.0033065341)
(0.016100041 0.003977759 0.003977759)
(0.016100041 0.0033065341 0.0045510199)
(0.016100041 0.00255388 0.0050121952)
(0.016100041 0.0017383373 0.0053499245)
(0.016100041 0.0008799959 0.0055558882)
(0.016100041 0 0.0056250127)
(0.016400035 0.0056250106 0)
(0.016400035 0.0055558862 0.00087999557)
(0.016400035 0.0053499225 0.0017383366)
(0.016400036 0.0050121934 0.002553879)
(0.016400036 0.0045510182 0.0033065329)
(0.016400036 0.0039777575 0.0039777575)
(0.016400036 0.0033065329 0.0045510182)
(0.016400036 0.002553879 0.0050121934)
(0.016400035 0.0017383366 0.0053499225)
(0.016400035 0.00087999557 0.0055558862)
(0.016400035 0 0.0056250106)
(0.01670003 0.0056250089 0)
(0.01670003 0.0055558844 0.00087999529)
(0.01670003 0.0053499209 0.0017383361)
(0.01670003 0.0050121918 0.0025538782)
(0.01670003 0.0045510168 0.0033065318)
(0.01670003 0.0039777563 0.0039777563)
(0.01670003 0.0033065318 0.0045510168)
(0.01670003 0.0025538782 0.0050121918)
(0.01670003 0.0017383361 0.0053499209)
(0.01670003 0.00087999529 0.0055558844)
(0.01670003 0 0.0056250089)
(0.017000026 0.0056250074 0)
(0.017000026 0.0055558829 0.00087999505)
(0.017000026 0.0053499194 0.0017383356)
(0.017000026 0.0050121905 0.0025538775)
(0.017000026 0.0045510156 0.0033065309)
(0.017000026 0.0039777552 0.0039777552)
(0.017000026 0.0033065309 0.0045510156)
(0.017000026 0.0025538775 0.0050121905)
(0.017000026 0.0017383356 0.0053499194)
(0.017000026 0.00087999505 0.0055558829)
(0.017000026 0 0.0056250074)
(0.017300022 0.0056250061 0)
(0.017300022 0.0055558817 0.00087999485)
(0.017300022 0.0053499182 0.0017383352)
(0.017300022 0.0050121893 0.0025538769)
(0.017300022 0.0045510145 0.0033065302)
(0.017300022 0.0039777543 0.0039777543)
(0.017300022 0.0033065302 0.0045510145)
(0.017300022 0.0025538769 0.0050121893)
(0.017300022 0.0017383352 0.0053499182)
(0.017300022 0.00087999485 0.0055558817)
(0.017300022 0 0.0056250061)
(0.017600018 0.005625005 0)
(0.017600018 0.0055558806 0.00087999468)
(0.017600018 0.0053499172 0.0017383349)
(0.017600018 0.0050121884 0.0025538764)
(0.017600018 0.0045510137 0.0033065296)
(0.017600018 0.0039777535 0.0039777535)
(0.017600018 0.0033065296 0.0045510137)
(0.017600018 0.0025538764 0.0050121884)
(0.017600018 0.0017383349 0.0053499172)
(0.017600018 0.00087999468 0.0055558806)
(0.017600018 0 0.005625005)
(0.017900015 0.0056250041 0)
(0.017900015 0.0055558797 0.00087999453)
(0.017900015 0.0053499163 0.0017383346)
(0.017900015 0.0050121875 0.002553876)
(0.017900015 0.0045510129 0.003306529)
(0.017900015 0.0039777529 0.0039777529)
(0.017900015 0.003306529 0.0045510129)
(0.017900015 0.002553876 0.0050121875)
(0.017900015 0.0017383346 0.0053499163)
(0.017900015 0.00087999453 0.0055558797)
(0.017900015 0 0.0056250041)
(0.018200013 0.0056250033 0)
(0.018200013 0.0055558789 0.00087999441)
(0.018200013 0.0053499156 0.0017383343)
(0.018200013 0.0050121868 0.0025538757)
(0.018200013 0.0045510123 0.0033065285)
(0.018200013 0.0039777523 0.0039777523)
(0.018200013 0.0033065285 0.0045510123)
(0.018200013 0.0025538757 0.0050121868)
(0.018200013 0.0017383343 0.0053499156)
(0.018200013 0.00087999441 0.0055558789)
(0.018200013 0 0.0056250033)
(0.01850001 0.0056250026 0)
(0.01850001 0.0055558782 0.0008799943)
(0.01850001 0.0053499149 0.0017383341)
(0.01850001 0.0050121862 0.0025538753)
(0.01850001 0.0045510117 0.0033065281)
(0.01850001 0.0039777518 0.0039777518)
(0.01850001 0.0033065281 0.0045510117)
(0.01850001 0.0025538753 0.0050121862)
(0.01850001 0.0017383341 0.0053499149)
(0.01850001 0.0008799943 0.0055558782)
(0.01850001 0 0.0056250026)
(0.018800008 0.005625002 0)
(0.018800008 0.0055558776 0.00087999421)
(0.018800008 0.0053499143 0.0017383339)
(0.018800008 0.0050121857 0.0025538751)
(0.018800008 0.0045510112 0.0033065278)
(0.018800008 0.0039777514 0.0039777514)
(0.018800008 0.0033065278 0.0045510112)
(0.018800008 0.0025538751 0.0050121857)
(0.018800008 0.0017383339 0.0053499143)
(0.018800008 0.00087999421 0.0055558776)
(0.018800008 0 0.005625002)
(0.019100006 0.0056250015 0)
(0.019100006 0.0055558771 0.00087999412)
(0.019100006 0.0053499138 0.0017383338)
(0.019100006 0.0050121852 0.0025538748)
(0.019100006 0.0045510108 0.0033065275)
(0.019100006 0.003977751 0.003977751)
(0.019100006 0.0033065275 0.0045510108)
(0.019100006 0.0025538748 0.0050121852)
(0.019100006 0.0017383338 0.0053499138)
(0.019100006 0.00087999412 0.0055558771)
(0.019100006 0 0.0056250014)
(0.019400004 0.0056250009 0)
(0.019400004 0.0055558766 0.00087999404)
(0.019400004 0.0053499133 0.0017383336)
(0.019400004 0.0050121847 0.0025538746)
(0.019400004 0.0045510104 0.0033065272)
(0.019400004 0.0039777507 0.0039777507)
(0.019400004 0.0033065272 0.0045510104)
(0.019400004 0.0025538746 0.0050121847)
(0.019400004 0.0017383336 0.0053499133)
(0.019400004 0.00087999404 0.0055558766)
(0.019400004 0 0.0056250009)
(0.019700002 0.0056250005 0)
(0.019700002 0.0055558761 0.00087999397)
(0.019700002 0.0053499129 0.0017383335)
(0.019700002 0.0050121843 0.0025538744)
(0.019700002 0.00455101 0.0033065269)
(0.019700002 0.0039777503 0.0039777503)
(0.019700002 0.0033065269 0.00455101)
(0.019700002 0.0025538744 0.0050121843)
(0.019700002 0.0017383335 0.0053499129)
(0.019700002 0.00087999397 0.0055558761)
(0.019700002 0 0.0056250005)
(0.02 0.005625 0)
(0.02 0.0055558757 0.00087999389)
(0.02 0.0053499124 0.0017383333)
(0.02 0.0050121839 0.0025538742)
(0.02 0.0045510096 0.0033065266)
(0.02 0.00397775 0.00397775)
(0.02 0.0033065266 0.0045510096)
(0.02 0.0025538742 0.0050121839)
(0.02 0.0017383333 0.0053499124)
(0.02 0.00087999389 0.0055558757)
(0.02 0 0.005625)
(0.011300047 0.0058125292 0)
(0.011300047 0.0057411161 0.00090933783)
(0.011300048 0.0055282977 0.0017963008)
(0.011300048 0.0051793163 0.0026390385)
(0.011300048 0.0047027693 0.0034167903)
(0.011300048 0.0041103962 0.0041103962)
(0.011300048 0.0034167903 0.0047027693)
(0.011300048 0.0026390385 0.0051793163)
(0.011300048 0.0017963008 0.0055282977)
(0.011300047 0.00090933783 0.0057411161)
(0.011300047 0 0.0058125292)
(0.011600057 0.0058125338 0)
(0.011600057 0.0057411207 0.00090933858)
(0.011600057 0.0055283021 0.0017963022)
(0.011600057 0.0051793205 0.0026390407)
(0.011600057 0.004702773 0.0034167931)
(0.011600057 0.0041103995 0.0041103995)
(0.011600057 0.0034167931 0.004702773)
(0.011600057 0.0026390407 0.0051793205)
(0.011600057 0.0017963022 0.0055283021)
(0.011600057 0.00090933858 0.0057411207)
(0.011600057 0 0.0058125338)
(0.011900064 0.0058125359 0)
(0.011900064 0.0057411228 0.00090933891)
(0.011900064 0.005528304 0.0017963029)
(0.011900064 0.0051793223 0.0026390416)
(0.011900064 0.0047027747 0.0034167943)
(0.011900064 0.004110401 0.004110401)
(0.011900064 0.0034167943 0.0047027747)
(0.011900064 0.0026390416 0.0051793223)
(0.011900064 0.0017963029 0.005528304)
(0.011900064 0.00090933891 0.0057411228)
(0.011900064 0 0.0058125359)
(0.012200067 0.0058125359 0)
(0.012200067 0.0057411228 0.0009093389)
(0.012200068 0.005528304 0.0017963029)
(0.012200068 0.0051793223 0.0026390416)
(0.012200068 0.0047027747 0.0034167943)
(0.012200068 0.004110401 0.004110401)
(0.012200068 0.0034167943 0.0047027747)
(0.012200068 0.0026390416 0.0051793223)
(0.012200068 0.0017963029 0.005528304)
(0.012200067 0.0009093389 0.0057411228)
(0.012200067 0 0.0058125359)
(0.012500068 0.0058125344 0)
(0.012500069 0.0057411213 0.00090933865)
(0.012500069 0.0055283025 0.0017963024)
(0.012500069 0.0051793209 0.0026390409)
(0.012500069 0.0047027734 0.0034167933)
(0.012500069 0.0041103998 0.0041103998)
(0.012500069 0.0034167933 0.0047027734)
(0.012500069 0.0026390409 0.0051793209)
(0.012500069 0.0017963024 0.0055283025)
(0.012500069 0.00090933865 0.0057411213)
(0.012500068 0 0.0058125344)
(0.012800067 0.005812532 0)
(0.012800067 0.0057411188 0.00090933824)
(0.012800067 0.0055283001 0.0017963016)
(0.012800067 0.0051793186 0.0026390397)
(0.012800068 0.0047027713 0.0034167918)
(0.012800068 0.004110398 0.004110398)
(0.012800068 0.0034167918 0.0047027713)
(0.012800067 0.0026390397 0.0051793186)
(0.012800067 0.0017963016 0.0055283001)
(0.012800067 0.00090933824 0.0057411188)
(0.012800067 0 0.005812532)
(0.013100064 0.005812529 0)
(0.013100064 0.0057411159 0.00090933776)
(0.013100065 0.0055282973 0.0017963006)
(0.013100065 0.0051793159 0.0026390383)
(0.013100065 0.0047027688 0.00341679)
(0.013100065 0.0041103958 0.0041103958)
(0.013100065 0.00341679 0.0047027688)
(0.013100065 0.0026390383 0.0051793159)
(0.013100065 0.0017963006 0.0055282973)
(0.013100064 0.00090933776 0.0057411159)
(0.013100064 0 0.005812529)
(0.01340006 0.0058125259 0)
(0.01340006 0.0057411128 0.00090933724)
(0.01340006 0.0055282942 0.0017962996)
(0.013400061 0.005179313 0.0026390368)
(0.013400061 0.0047027662 0.0034167881)
(0.013400061 0.0041103936 0.0041103936)
(0.013400061 0.0034167881 0.0047027662)
(0.013400061 0.0026390368 0.005179313)
(0.01340006 0.0017962996 0.0055282942)
(0.01340006 0.00090933724 0.0057411128)
(0.01340006 0 0.0058125259)
(0.013700056 0.0058125228 0)
(0.013700056 0.0057411097 0.00090933674)
(0.013700056 0.0055282912 0.0017962986)
(0.013700056 0.0051793102 0.0026390354)
(0.013700056 0.0047027636 0.0034167862)
(0.013700056 0.0041103913 0.0041103913)
(0.013700056 0.0034167862 0.0047027636)
(0.013700056 0.0026390354 0.0051793102)
(0.013700056 0.0017962986 0.0055282912)
(0.013700056 0.00090933674 0.0057411097)
(0.013700056 0 0.0058125228)
(0.014000051 0.0058125198 0)
(0.014000051 0.0057411068 0.00090933626)
(0.014000051 0.0055282884 0.0017962977)
(0.014000051 0.0051793075 0.002639034)
(0.014000051 0.0047027612 0.0034167845)
(0.014000051 0.0041103892 0.0041103892)
(0.014000051 0.0034167845 0.0047027612)
(0.014000051 0.002639034 0.0051793075)
(0.014000051 0.0017962977 0.0055282884)
(0.014000051 0.00090933626 0.0057411068)
(0.014000051 0 0.0058125198)
(0.014300046 0.0058125171 0)
(0.014300046 0.0057411041 0.00090933582)
(0.014300046 0.0055282858 0.0017962968)
(0.014300046 0.0051793051 0.0026390327)
(0.014300046 0.004702759 0.0034167828)
(0.014300046 0.0041103872 0.0041103872)
(0.014300046 0.0034167828 0.004702759)
(0.014300046 0.0026390327 0.0051793051)
(0.014300046 0.0017962968 0.0055282858)
(0.014300046 0.00090933582 0.0057411041)
(0.014300046 0 0.0058125171)
(0.014600041 0.0058125146 0)
(0.014600041 0.0057411017 0.00090933543)
(0.014600041 0.0055282835 0.001796296)
(0.014600041 0.0051793029 0.0026390316)
(0.014600041 0.004702757 0.0034167814)
(0.014600041 0.0041103855 0.0041103855)
(0.014600041 0.0034167814 0.004702757)
(0.014600041 0.0026390316 0.0051793029)
(0.014600041 0.001796296 0.0055282835)
(0.014600041 0.00090933543 0.0057411017)
(0.014600041 0 0.0058125146)
(0.014900036 0.0058125125 0)
(0.014900036 0.0057410995 0.00090933508)
(0.014900036 0.0055282814 0.0017962954)
(0.014900036 0.0051793009 0.0026390306)
(0.014900036 0.0047027552 0.0034167801)
(0.014900036 0.0041103839 0.0041103839)
(0.014900036 0.0034167801 0.0047027552)
(0.014900036 0.0026390306 0.0051793009)
(0.014900036 0.0017962954 0.0055282814)
(0.014900036 0.00090933508 0.0057410995)
(0.014900036 0 0.0058125125)
(0.015200031 0.0058125106 0)
(0.015200031 0.0057410976 0.00090933478)
(0.015200031 0.0055282796 0.0017962948)
(0.015200031 0.0051792992 0.0026390297)
(0.015200031 0.0047027537 0.0034167789)
(0.015200031 0.0041103825 0.0041103825)
(0.015200031 0.0034167789 0.0047027537)
(0.015200031 0.0026390297 0.0051792992)
(0.015200031 0.0017962948 0.0055282796)
(0.015200031 0.00090933478 0.0057410976)
(0.015200031 0 0.0058125106)
(0.015500027 0.0058125089 0)
(0.015500027 0.005741096 0.00090933451)
(0.015500027 0.005528278 0.0017962942)
(0.015500027 0.0051792978 0.002639029)
(0.015500027 0.0047027523 0.003416778)
(0.015500027 0.0041103814 0.0041103814)
(0.015500027 0.003416778 0.0047027523)
(0.015500027 0.002639029 0.0051792978)
(0.015500027 0.0017962942 0.005528278)
(0.015500027 0.00090933451 0.005741096)
(0.015500027 0 0.0058125089)
(0.015800024 0.0058125075 0)
(0.015800024 0.0057410946 0.00090933429)
(0.015800024 0.0055282767 0.0017962938)
(0.015800024 0.0051792965 0.0026390283)
(0.015800024 0.0047027512 0.0034167771)
(0.015800024 0.0041103803 0.0041103803)
(0.015800024 0.0034167771 0.0047027512)
(0.015800024 0.0026390283 0.0051792965)
(0.015800024 0.0017962938 0.0055282767)
(0.015800024 0.00090933429 0.0057410946)
(0.015800024 0 0.0058125075)
(0.01610002 0.0058125063 0)
(0.01610002 0.0057410934 0.0009093341)
(0.01610002 0.0055282755 0.0017962934)
(0.01610002 0.0051792954 0.0026390278)
(0.01610002 0.0047027502 0.0034167764)
(0.01610002 0.0041103795 0.0041103795)
(0.01610002 0.0034167764 0.0047027502)
(0.01610002 0.0026390278 0.0051792954)
(0.01610002 0.0017962934 0.0055282755)
(0.01610002 0.0009093341 0.0057410934)
(0.01610002 0 0.0058125063)
(0.016400018 0.0058125053 0)
(0.016400018 0.0057410924 0.00090933393)
(0.016400018 0.0055282745 0.0017962931)
(0.016400018 0.0051792945 0.0026390273)
(0.016400018 0.0047027493 0.0034167758)
(0.016400018 0.0041103787 0.0041103787)
(0.016400018 0.0034167758 0.0047027493)
(0.016400018 0.0026390273 0.0051792945)
(0.016400018 0.0017962931 0.0055282745)
(0.016400018 0.00090933393 0.0057410924)
(0.016400018 0 0.0058125053)
(0.016700015 0.0058125044 0)
(0.016700015 0.0057410915 0.00090933379)
(0.016700015 0.0055282737 0.0017962928)
(0.016700015 0.0051792937 0.0026390269)
(0.016700015 0.0047027486 0.0034167753)
(0.016700015 0.0041103781 0.0041103781)
(0.016700015 0.0034167753 0.0047027486)
(0.016700015 0.0026390269 0.0051792937)
(0.016700015 0.0017962928 0.0055282737)
(0.016700015 0.00090933379 0.0057410915)
(0.016700015 0 0.0058125044)
(0.017000013 0.0058125036 0)
(0.017000013 0.0057410908 0.00090933368)
(0.017000013 0.005528273 0.0017962926)
(0.017000013 0.005179293 0.0026390265)
(0.017000013 0.004702748 0.0034167748)
(0.017000013 0.0041103776 0.0041103776)
(0.017000013 0.0034167748 0.004702748)
(0.017000013 0.0026390265 0.005179293)
(0.017000013 0.0017962926 0.005528273)
(0.017000013 0.00090933368 0.0057410908)
(0.017000013 0 0.0058125036)
(0.017300011 0.005812503 0)
(0.017300011 0.0057410902 0.00090933358)
(0.017300011 0.0055282724 0.0017962924)
(0.017300011 0.0051792925 0.0026390263)
(0.017300011 0.0047027475 0.0034167744)
(0.017300011 0.0041103771 0.0041103771)
(0.017300011 0.0034167744 0.0047027475)
(0.017300011 0.0026390263 0.0051792925)
(0.017300011 0.0017962924 0.0055282724)
(0.017300011 0.00090933358 0.0057410902)
(0.017300011 0 0.005812503)
(0.017600009 0.0058125025 0)
(0.017600009 0.0057410896 0.00090933349)
(0.017600009 0.0055282719 0.0017962922)
(0.017600009 0.005179292 0.002639026)
(0.017600009 0.0047027471 0.0034167741)
(0.017600009 0.0041103768 0.0041103768)
(0.017600009 0.0034167741 0.0047027471)
(0.017600009 0.002639026 0.005179292)
(0.017600009 0.0017962922 0.0055282719)
(0.017600009 0.00090933349 0.0057410896)
(0.017600009 0 0.0058125025)
(0.017900008 0.005812502 0)
(0.017900008 0.0057410892 0.00090933342)
(0.017900008 0.0055282714 0.0017962921)
(0.017900008 0.0051792916 0.0026390258)
(0.017900008 0.0047027467 0.0034167738)
(0.017900008 0.0041103764 0.0041103764)
(0.017900008 0.0034167738 0.0047027467)
(0.017900008 0.0026390258 0.0051792916)
(0.017900008 0.0017962921 0.0055282714)
(0.017900008 0.00090933342 0.0057410892)
(0.017900008 0 0.005812502)
(0.018200006 0.0058125016 0)
(0.018200006 0.0057410888 0.00090933336)
(0.018200006 0.0055282711 0.001796292)
(0.018200006 0.0051792912 0.0026390256)
(0.018200006 0.0047027464 0.0034167736)
(0.018200006 0.0041103762 0.0041103762)
(0.018200006 0.0034167736 0.0047027464)
(0.018200006 0.0026390256 0.0051792912)
(0.018200006 0.001796292 0.0055282711)
(0.018200006 0.00090933336 0.0057410888)
(0.018200006 0 0.0058125016)
(0.018500005 0.0058125013 0)
(0.018500005 0.0057410884 0.0009093333)
(0.018500005 0.0055282707 0.0017962919)
(0.018500005 0.0051792909 0.0026390255)
(0.018500005 0.0047027461 0.0034167734)
(0.018500005 0.0041103759 0.0041103759)
(0.018500005 0.0034167734 0.0047027461)
(0.018500005 0.0026390255 0.0051792909)
(0.018500005 0.0017962919 0.0055282707)
(0.018500005 0.0009093333 0.0057410884)
(0.018500005 0 0.0058125013)
(0.018800004 0.005812501 0)
(0.018800004 0.0057410882 0.00090933326)
(0.018800004 0.0055282705 0.0017962918)
(0.018800004 0.0051792907 0.0026390253)
(0.018800004 0.0047027458 0.0034167732)
(0.018800004 0.0041103757 0.0041103757)
(0.018800004 0.0034167732 0.0047027458)
(0.018800004 0.0026390253 0.0051792907)
(0.018800004 0.0017962918 0.0055282705)
(0.018800004 0.00090933326 0.0057410882)
(0.018800004 0 0.005812501)
(0.019100003 0.0058125007 0)
(0.019100003 0.0057410879 0.00090933321)
(0.019100003 0.0055282702 0.0017962917)
(0.019100003 0.0051792904 0.0026390252)
(0.019100003 0.0047027456 0.0034167731)
(0.019100003 0.0041103755 0.0041103755)
(0.019100003 0.0034167731 0.0047027456)
(0.019100003 0.0026390252 0.0051792904)
(0.019100003 0.0017962917 0.0055282702)
(0.019100003 0.00090933321 0.0057410879)
(0.019100003 0 0.0058125007)
(0.019400002 0.0058125005 0)
(0.019400002 0.0057410876 0.00090933317)
(0.019400002 0.00552827 0.0017962916)
(0.019400002 0.0051792902 0.0026390251)
(0.019400002 0.0047027454 0.0034167729)
(0.019400002 0.0041103753 0.0041103753)
(0.019400002 0.0034167729 0.0047027454)
(0.019400002 0.0026390251 0.0051792902)
(0.019400002 0.0017962916 0.00552827)
(0.019400002 0.00090933317 0.0057410876)
(0.019400002 0 0.0058125005)
(0.019700001 0.0058125002 0)
(0.019700001 0.0057410874 0.00090933314)
(0.019700001 0.0055282697 0.0017962915)
(0.019700001 0.00517929 0.002639025)
(0.019700001 0.0047027452 0.0034167728)
(0.019700001 0.0041103752 0.0041103752)
(0.019700001 0.0034167728 0.0047027452)
(0.019700001 0.002639025 0.00517929)
(0.019700001 0.0017962915 0.0055282697)
(0.019700001 0.00090933314 0.0057410874)
(0.019700001 0 0.0058125002)
(0.02 0.0058125 0)
(0.02 0.0057410872 0.0009093331)
(0.02 0.0055282695 0.0017962915)
(0.02 0.0051792898 0.0026390249)
(0.02 0.004702745 0.0034167727)
(0.02 0.004110375 0.004110375)
(0.02 0.0034167727 0.004702745)
(0.02 0.0026390249 0.0051792898)
(0.02 0.0017962915 0.0055282695)
(0.02 0.0009093331 0.0057410872)
(0.02 0 0.0058125)
(0.0113 0.006 0)
(0.0113 0.0059262987 0.00093867231)
(0.0113 0.0057066266 0.0018542496)
(0.0113 0.0053463956 0.0027241756)
(0.0113 0.0048544805 0.0035270187)
(0.0113 0.004243 0.004243)
(0.0113 0.0035270187 0.0048544805)
(0.0113 0.0027241756 0.0053463956)
(0.0113 0.0018542496 0.0057066266)
(0.0113 0.00093867231 0.0059262987)
(0.0113 0 0.006)
(0.0116 0.006 0)
(0.0116 0.0059262987 0.00093867231)
(0.0116 0.0057066266 0.0018542496)
(0.0116 0.0053463956 0.0027241756)
(0.0116 0.0048544805 0.0035270187)
(0.0116 0.004243 0.004243)
(0.0116 0.0035270187 0.0048544805)
(0.0116 0.0027241756 0.0053463956)
(0.0116 0.0018542496 0.0057066266)
(0.0116 0.00093867231 0.0059262987)
(0.0116 0 0.006)
(0.0119 0.006 0)
(0.0119 0.0059262987 0.00093867231)
(0.0119 0.0057066266 0.0018542496)
(0.0119 0.0053463956 0.0027241756)
(0.0119 0.0048544805 0.0035270187)
(0.0119 0.004243 0.004243)
(0.0119 0.0035270187 0.0048544805)
(0.0119 0.0027241756 0.0053463956)
(0.0119 0.0018542496 0.0057066266)
(0.0119 0.00093867231 0.0059262987)
(0.0119 0 0.006)
(0.0122 0.006 0)
(0.0122 0.0059262987 0.00093867231)
(0.0122 0.0057066266 0.0018542496)
(0.0122 0.0053463956 0.0027241756)
(0.0122 0.0048544805 0.0035270187)
(0.0122 0.004243 0.004243)
(0.0122 0.0035270187 0.0048544805)
(0.0122 0.0027241756 0.0053463956)
(0.0122 0.0018542496 0.0057066266)
(0.0122 0.00093867231 0.0059262987)
(0.0122 0 0.006)
(0.0125 0.006 0)
(0.0125 0.0059262987 0.00093867231)
(0.0125 0.0057066266 0.0018542496)
(0.0125 0.0053463956 0.0027241756)
(0.0125 0.0048544805 0.0035270187)
(0.0125 0.004243 0.004243)
(0.0125 0.0035270187 0.0048544805)
(0.0125 0.0027241756 0.0053463956)
(0.0125 0.0018542496 0.0057066266)
(0.0125 0.00093867231 0.0059262987)
(0.0125 0 0.006)
(0.0128 0.006 0)
(0.0128 0.0059262987 0.00093867231)
(0.0128 0.0057066266 0.0018542496)
(0.0128 0.0053463956 0.0027241756)
(0.0128 0.0048544805 0.0035270187)
(0.0128 0.004243 0.004243)
(0.0128 0.0035270187 0.0048544805)
(0.0128 0.0027241756 0.0053463956)
(0.0128 0.0018542496 0.0057066266)
(0.0128 0.00093867231 0.0059262987)
(0.0128 0 0.006)
(0.0131 0.006 0)
(0.0131 0.0059262987 0.00093867231)
(0.0131 0.0057066266 0.0018542496)
(0.0131 0.0053463956 0.0027241756)
(0.0131 0.0048544805 0.0035270187)
(0.0131 0.004243 0.004243)
(0.0131 0.0035270187 0.0048544805)
(0.0131 0.0027241756 0.0053463956)
(0.0131 0.0018542496 0.0057066266)
(0.0131 0.00093867231 0.0059262987)
(0.0131 0 0.006)
(0.0134 0.006 0)
(0.0134 0.0059262987 0.00093867231)
(0.0134 0.0057066266 0.0018542496)
(0.0134 0.0053463956 0.0027241756)
(0.0134 0.0048544805 0.0035270187)
(0.0134 0.004243 0.004243)
(0.0134 0.0035270187 0.0048544805)
(0.0134 0.0027241756 0.0053463956)
(0.0134 0.0018542496 0.0057066266)
(0.0134 0.00093867231 0.0059262987)
(0.0134 0 0.006)
(0.0137 0.006 0)
(0.0137 0.0059262987 0.00093867231)
(0.0137 0.0057066266 0.0018542496)
(0.0137 0.0053463956 0.0027241756)
(0.0137 0.0048544805 0.0035270187)
(0.0137 0.004243 0.004243)
(0.0137 0.0035270187 0.0048544805)
(0.0137 0.0027241756 0.0053463956)
(0.0137 0.0018542496 0.0057066266)
(0.0137 0.00093867231 0.0059262987)
(0.0137 0 0.006)
(0.014 0.006 0)
(0.014 0.0059262987 0.00093867231)
(0.014 0.0057066266 0.0018542496)
(0.014 0.0053463956 0.0027241756)
(0.014 0.0048544805 0.0035270187)
(0.014 0.004243 0.004243)
(0.014 0.0035270187 0.0048544805)
(0.014 0.0027241756 0.0053463956)
(0.014 0.0018542496 0.0057066266)
(0.014 0.00093867231 0.0059262987)
(0.014 0 0.006)
(0.0143 0.006 0)
(0.0143 0.0059262987 0.00093867231)
(0.0143 0.0057066266 0.0018542496)
(0.0143 0.0053463956 0.0027241756)
(0.0143 0.0048544805 0.0035270187)
(0.0143 0.004243 0.004243)
(0.0143 0.0035270187 0.0048544805)
(0.0143 0.0027241756 0.0053463956)
(0.0143 0.0018542496 0.0057066266)
(0.0143 0.00093867231 0.0059262987)
(0.0143 0 0.006)
(0.0146 0.006 0)
(0.0146 0.0059262987 0.00093867231)
(0.0146 0.0057066266 0.0018542496)
(0.0146 0.0053463956 0.0027241756)
(0.0146 0.0048544805 0.0035270187)
(0.0146 0.004243 0.004243)
(0.0146 0.0035270187 0.0048544805)
(0.0146 0.0027241756 0.0053463956)
(0.0146 0.0018542496 0.0057066266)
(0.0146 0.00093867231 0.0059262987)
(0.0146 0 0.006)
(0.0149 0.006 0)
(0.0149 0.0059262987 0.00093867231)
(0.0149 0.0057066266 0.0018542496)
(0.0149 0.0053463956 0.0027241756)
(0.0149 0.0048544805 0.0035270187)
(0.0149 0.004243 0.004243)
(0.0149 0.0035270187 0.0048544805)
(0.0149 0.0027241756 0.0053463956)
(0.0149 0.0018542496 0.0057066266)
(0.0149 0.00093867231 0.0059262987)
(0.0149 0 0.006)
(0.0152 0.006 0)
(0.0152 0.0059262987 0.00093867231)
(0.0152 0.0057066266 0.0018542496)
(0.0152 0.0053463956 0.0027241756)
(0.0152 0.0048544805 0.0035270187)
(0.0152 0.004243 0.004243)
(0.0152 0.0035270187 0.0048544805)
(0.0152 0.0027241756 0.0053463956)
(0.0152 0.0018542496 0.0057066266)
(0.0152 0.00093867231 0.0059262987)
(0.0152 0 0.006)
(0.0155 0.006 0)
(0.0155 0.0059262987 0.00093867231)
(0.0155 0.0057066266 0.0018542496)
(0.0155 0.0053463956 0.0027241756)
(0.0155 0.0048544805 0.0035270187)
(0.0155 0.004243 0.004243)
(0.0155 0.0035270187 0.0048544805)
(0.0155 0.0027241756 0.0053463956)
(0.0155 0.0018542496 0.0057066266)
(0.0155 0.00093867231 0.0059262987)
(0.0155 0 0.006)
(0.0158 0.006 0)
(0.0158 0.0059262987 0.00093867231)
(0.0158 0.0057066266 0.0018542496)
(0.0158 0.0053463956 0.0027241756)
(0.0158 0.0048544805 0.0035270187)
(0.0158 0.004243 0.004243)
(0.0158 0.0035270187 0.0048544805)
(0.0158 0.0027241756 0.0053463956)
(0.0158 0.0018542496 0.0057066266)
(0.0158 0.00093867231 0.0059262987)
(0.0158 0 0.006)
(0.0161 0.006 0)
(0.0161 0.0059262987 0.00093867231)
(0.0161 0.0057066266 0.0018542496)
(0.0161 0.0053463956 0.0027241756)
(0.0161 0.0048544805 0.0035270187)
(0.0161 0.004243 0.004243)
(0.0161 0.0035270187 0.0048544805)
(0.0161 0.0027241756 0.0053463956)
(0.0161 0.0018542496 0.0057066266)
(0.0161 0.00093867231 0.0059262987)
(0.0161 0 0.006)
(0.0164 0.006 0)
(0.0164 0.0059262987 0.00093867231)
(0.0164 0.0057066266 0.0018542496)
(0.0164 0.0053463956 0.0027241756)
(0.0164 0.0048544805 0.0035270187)
(0.0164 0.004243 0.004243)
(0.0164 0.0035270187 0.0048544805)
(0.0164 0.0027241756 0.0053463956)
(0.0164 0.0018542496 0.0057066266)
(0.0164 0.00093867231 0.0059262987)
(0.0164 0 0.006)
(0.0167 0.006 0)
(0.0167 0.0059262987 0.00093867231)
(0.0167 0.0057066266 0.0018542496)
(0.0167 0.0053463956 0.0027241756)
(0.0167 0.0048544805 0.0035270187)
(0.0167 0.004243 0.004243)
(0.0167 0.0035270187 0.0048544805)
(0.0167 0.0027241756 0.0053463956)
(0.0167 0.0018542496 0.0057066266)
(0.0167 0.00093867231 0.0059262987)
(0.0167 0 0.006)
(0.017 0.006 0)
(0.017 0.0059262987 0.00093867231)
(0.017 0.0057066266 0.0018542496)
(0.017 0.0053463956 0.0027241756)
(0.017 0.0048544805 0.0035270187)
(0.017 0.004243 0.004243)
(0.017 0.0035270187 0.0048544805)
(0.017 0.0027241756 0.0053463956)
(0.017 0.0018542496 0.0057066266)
(0.017 0.00093867231 0.0059262987)
(0.017 0 0.006)
(0.0173 0.006 0)
(0.0173 0.0059262987 0.00093867231)
(0.0173 0.0057066266 0.0018542496)
(0.0173 0.0053463956 0.0027241756)
(0.0173 0.0048544805 0.0035270187)
(0.0173 0.004243 0.004243)
(0.0173 0.0035270187 0.0048544805)
(0.0173 0.0027241756 0.0053463956)
(0.0173 0.0018542496 0.0057066266)
(0.0173 0.00093867231 0.0059262987)
(0.0173 0 0.006)
(0.0176 0.006 0)
(0.0176 0.0059262987 0.00093867231)
(0.0176 0.0057066266 0.0018542496)
(0.0176 0.0053463956 0.0027241756)
(0.0176 0.0048544805 0.0035270187)
(0.0176 0.004243 0.004243)
(0.0176 0.0035270187 0.0048544805)
(0.0176 0.0027241756 0.0053463956)
(0.0176 0.0018542496 0.0057066266)
(0.0176 0.00093867231 0.0059262987)
(0.0176 0 0.006)
(0.0179 0.006 0)
(0.0179 0.0059262987 0.00093867231)
(0.0179 0.0057066266 0.0018542496)
(0.0179 0.0053463956 0.0027241756)
(0.0179 0.0048544805 0.0035270187)
(0.0179 0.004243 0.004243)
(0.0179 0.0035270187 0.0048544805)
(0.0179 0.0027241756 0.0053463956)
(0.0179 0.0018542496 0.0057066266)
(0.0179 0.00093867231 0.0059262987)
(0.0179 0 0.006)
(0.0182 0.006 0)
(0.0182 0.0059262987 0.00093867231)
(0.0182 0.0057066266 0.0018542496)
(0.0182 0.0053463956 0.0027241756)
(0.0182 0.0048544805 0.0035270187)
(0.0182 0.004243 0.004243)
(0.0182 0.0035270187 0.0048544805)
(0.0182 0.0027241756 0.0053463956)
(0.0182 0.0018542496 0.0057066266)
(0.0182 0.00093867231 0.0059262987)
(0.0182 0 0.006)
(0.0185 0.006 0)
(0.0185 0.0059262987 0.00093867231)
(0.0185 0.0057066266 0.0018542496)
(0.0185 0.0053463956 0.0027241756)
(0.0185 0.0048544805 0.0035270187)
(0.0185 0.004243 0.004243)
(0.0185 0.0035270187 0.0048544805)
(0.0185 0.0027241756 0.0053463956)
(0.0185 0.0018542496 0.0057066266)
(0.0185 0.00093867231 0.0059262987)
(0.0185 0 0.006)
(0.0188 0.006 0)
(0.0188 0.0059262987 0.00093867231)
(0.0188 0.0057066266 0.0018542496)
(0.0188 0.0053463956 0.0027241756)
(0.0188 0.0048544805 0.0035270187)
(0.0188 0.004243 0.004243)
(0.0188 0.0035270187 0.0048544805)
(0.0188 0.0027241756 0.0053463956)
(0.0188 0.0018542496 0.0057066266)
(0.0188 0.00093867231 0.0059262987)
(0.0188 0 0.006)
(0.0191 0.006 0)
(0.0191 0.0059262987 0.00093867231)
(0.0191 0.0057066266 0.0018542496)
(0.0191 0.0053463956 0.0027241756)
(0.0191 0.0048544805 0.0035270187)
(0.0191 0.004243 0.004243)
(0.0191 0.0035270187 0.0048544805)
(0.0191 0.0027241756 0.0053463956)
(0.0191 0.0018542496 0.0057066266)
(0.0191 0.00093867231 0.0059262987)
(0.0191 0 0.006)
(0.0194 0.006 0)
(0.0194 0.0059262987 0.00093867231)
(0.0194 0.0057066266 0.0018542496)
(0.0194 0.0053463956 0.0027241756)
(0.0194 0.0048544805 0.0035270187)
(0.0194 0.004243 0.004243)
(0.0194 0.0035270187 0.0048544805)
(0.0194 0.0027241756 0.0053463956)
(0.0194 0.0018542496 0.0057066266)
(0.0194 0.00093867231 0.0059262987)
(0.0194 0 0.006)
(0.0197 0.006 0)
(0.0197 0.0059262987 0.00093867231)
(0.0197 0.0057066266 0.0018542496)
(0.0197 0.0053463956 0.0027241756)
(0.0197 0.0048544805 0.0035270187)
(0.0197 0.004243 0.004243)
(0.0197 0.0035270187 0.0048544805)
(0.0197 0.0027241756 0.0053463956)
(0.0197 0.0018542496 0.0057066266)
(0.0197 0.00093867231 0.0059262987)
(0.0197 0 0.006)
(0.02 0.006 0)
(0.02 0.0059262987 0.00093867231)
(0.02 0.0057066266 0.0018542496)
(0.02 0.0053463956 0.0027241756)
(0.02 0.0048544805 0.0035270187)
(0.02 0.004243 0.004243)
(0.02 0.0035270187 0.0048544805)
(0.02 0.0027241756 0.0053463956)
(0.02 0.0018542496 0.0057066266)
(0.02 0.00093867231 0.0059262987)
(0.02 0 0.006)
(0.011 0.001 0)
(0.011 0.00098768516 0.00015643323)
(0.011 0.00095105109 0.00030901421)
(0.011 0.0008909998 0.00045398611)
(0.011 0.00080900985 0.00058777945)
(0.011 0.0007071 0.0007071)
(0.011 0.00058777945 0.00080900985)
(0.011 0.00045398611 0.0008909998)
(0.011 0.00030901421 0.00095105109)
(0.011 0.00015643323 0.00098768516)
(0.011 0 0.001)
(0.0113 0.001 0)
(0.0113 0.00098768516 0.00015643323)
(0.0113 0.00095105109 0.00030901421)
(0.0113 0.0008909998 0.00045398611)
(0.0113 0.00080900985 0.00058777945)
(0.0113 0.0007071 0.0007071)
(0.0113 0.00058777945 0.00080900985)
(0.0113 0.00045398611 0.0008909998)
(0.0113 0.00030901421 0.00095105109)
(0.0113 0.00015643323 0.00098768516)
(0.0113 0 0.001)
(0.0116 0.001 0)
(0.0116 0.00098768516 0.00015643323)
(0.0116 0.00095105109 0.00030901421)
(0.0116 0.0008909998 0.00045398611)
(0.0116 0.00080900985 0.00058777945)
(0.0116 0.0007071 0.0007071)
(0.0116 0.00058777945 0.00080900985)
(0.0116 0.00045398611 0.0008909998)
(0.0116 0.00030901421 0.00095105109)
(0.0116 0.00015643323 0.00098768516)
(0.0116 0 0.001)
(0.0119 0.001 0)
(0.0119 0.00098768516 0.00015643323)
(0.0119 0.00095105109 0.00030901421)
(0.0119 0.0008909998 0.00045398611)
(0.0119 0.00080900985 0.00058777945)
(0.0119 0.0007071 0.0007071)
(0.0119 0.00058777945 0.00080900985)
(0.0119 0.00045398611 0.0008909998)
(0.0119 0.00030901421 0.00095105109)
(0.0119 0.00015643323 0.00098768516)
(0.0119 0 0.001)
(0.0122 0.001 0)
(0.0122 0.00098768516 0.00015643323)
(0.0122 0.00095105109 0.00030901421)
(0.0122 0.0008909998 0.00045398611)
(0.0122 0.00080900985 0.00058777945)
(0.0122 0.0007071 0.0007071)
(0.0122 0.00058777945 0.00080900985)
(0.0122 0.00045398611 0.0008909998)
(0.0122 0.00030901421 0.00095105109)
(0.0122 0.00015643323 0.00098768516)
(0.0122 0 0.001)
(0.0125 0.001 0)
(0.0125 0.00098768516 0.00015643323)
(0.0125 0.00095105109 0.00030901421)
(0.0125 0.0008909998 0.00045398611)
(0.0125 0.00080900985 0.00058777945)
(0.0125 0.0007071 0.0007071)
(0.0125 0.00058777945 0.00080900985)
(0.0125 0.00045398611 0.0008909998)
(0.0125 0.00030901421 0.00095105109)
(0.0125 0.00015643323 0.00098768516)
(0.0125 0 0.001)
(0.0128 0.001 0)
(0.0128 0.00098768516 0.00015643323)
(0.0128 0.00095105109 0.00030901421)
(0.0128 0.0008909998 0.00045398611)
(0.0128 0.00080900985 0.00058777945)
(0.0128 0.0007071 0.0007071)
(0.0128 0.00058777945 0.00080900985)
(0.0128 0.00045398611 0.0008909998)
(0.0128 0.00030901421 0.00095105109)
(0.0128 0.00015643323 0.00098768516)
(0.0128 0 0.001)
(0.0131 0.001 0)
(0.0131 0.00098768516 0.00015643323)
(0.0131 0.00095105109 0.00030901421)
(0.0131 0.0008909998 0.00045398611)
(0.0131 0.00080900985 0.00058777945)
(0.0131 0.0007071 0.0007071)
(0.0131 0.00058777945 0.00080900985)
(0.0131 0.00045398611 0.0008909998)
(0.0131 0.00030901421 0.00095105109)
(0.0131 0.00015643323 0.00098768516)
(0.0131 0 0.001)
(0.0134 0.001 0)
(0.0134 0.00098768516 0.00015643323)
(0.0134 0.00095105109 0.00030901421)
(0.0134 0.0008909998 0.00045398611)
(0.0134 0.00080900985 0.00058777945)
(0.0134 0.0007071 0.0007071)
(0.0134 0.00058777945 0.00080900985)
(0.0134 0.00045398611 0.0008909998)
(0.0134 0.00030901421 0.00095105109)
(0.0134 0.00015643323 0.00098768516)
(0.0134 0 0.001)
(0.0137 0.001 0)
(0.0137 0.00098768516 0.00015643323)
(0.0137 0.00095105109 0.00030901421)
(0.0137 0.0008909998 0.00045398611)
(0.0137 0.00080900985 0.00058777945)
(0.0137 0.0007071 0.0007071)
(0.0137 0.00058777945 0.00080900985)
(0.0137 0.00045398611 0.0008909998)
(0.0137 0.00030901421 0.00095105109)
(0.0137 0.00015643323 0.00098768516)
(0.0137 0 0.001)
(0.014 0.001 0)
(0.014 0.00098768516 0.00015643323)
(0.014 0.00095105109 0.00030901421)
(0.014 0.0008909998 0.00045398611)
(0.014 0.00080900985 0.00058777945)
(0.014 0.0007071 0.0007071)
(0.014 0.00058777945 0.00080900985)
(0.014 0.00045398611 0.0008909998)
(0.014 0.00030901421 0.00095105109)
(0.014 0.00015643323 0.00098768516)
(0.014 0 0.001)
(0.0143 0.001 0)
(0.0143 0.00098768516 0.00015643323)
(0.0143 0.00095105109 0.00030901421)
(0.0143 0.0008909998 0.00045398611)
(0.0143 0.00080900985 0.00058777945)
(0.0143 0.0007071 0.0007071)
(0.0143 0.00058777945 0.00080900985)
(0.0143 0.00045398611 0.0008909998)
(0.0143 0.00030901421 0.00095105109)
(0.0143 0.00015643323 0.00098768516)
(0.0143 0 0.001)
(0.0146 0.001 0)
(0.0146 0.00098768516 0.00015643323)
(0.0146 0.00095105109 0.00030901421)
(0.0146 0.0008909998 0.00045398611)
(0.0146 0.00080900985 0.00058777945)
(0.0146 0.0007071 0.0007071)
(0.0146 0.00058777945 0.00080900985)
(0.0146 0.00045398611 0.0008909998)
(0.0146 0.00030901421 0.00095105109)
(0.0146 0.00015643323 0.00098768516)
(0.0146 0 0.001)
(0.0149 0.001 0)
(0.0149 0.00098768516 0.00015643323)
(0.0149 0.00095105109 0.00030901421)
(0.0149 0.0008909998 0.00045398611)
(0.0149 0.00080900985 0.00058777945)
(0.0149 0.0007071 0.0007071)
(0.0149 0.00058777945 0.00080900985)
(0.0149 0.00045398611 0.0008909998)
(0.0149 0.00030901421 0.00095105109)
(0.0149 0.00015643323 0.00098768516)
(0.0149 0 0.001)
(0.0152 0.001 0)
(0.0152 0.00098768516 0.00015643323)
(0.0152 0.00095105109 0.00030901421)
(0.0152 0.0008909998 0.00045398611)
(0.0152 0.00080900985 0.00058777945)
(0.0152 0.0007071 0.0007071)
(0.0152 0.00058777945 0.00080900985)
(0.0152 0.00045398611 0.0008909998)
(0.0152 0.00030901421 0.00095105109)
(0.0152 0.00015643323 0.00098768516)
(0.0152 0 0.001)
(0.0155 0.001 0)
(0.0155 0.00098768516 0.00015643323)
(0.0155 0.00095105109 0.00030901421)
(0.0155 0.0008909998 0.00045398611)
(0.0155 0.00080900985 0.00058777945)
(0.0155 0.0007071 0.0007071)
(0.0155 0.00058777945 0.00080900985)
(0.0155 0.00045398611 0.0008909998)
(0.0155 0.00030901421 0.00095105109)
(0.0155 0.00015643323 0.00098768516)
(0.0155 0 0.001)
(0.0158 0.001 0)
(0.0158 0.00098768516 0.00015643323)
(0.0158 0.00095105109 0.00030901421)
(0.0158 0.0008909998 0.00045398611)
(0.0158 0.00080900985 0.00058777945)
(0.0158 0.0007071 0.0007071)
(0.0158 0.00058777945 0.00080900985)
(0.0158 0.00045398611 0.0008909998)
(0.0158 0.00030901421 0.00095105109)
(0.0158 0.00015643323 0.00098768516)
(0.0158 0 0.001)
(0.0161 0.001 0)
(0.0161 0.00098768516 0.00015643323)
(0.0161 0.00095105109 0.00030901421)
(0.0161 0.0008909998 0.00045398611)
(0.0161 0.00080900985 0.00058777945)
(0.0161 0.0007071 0.0007071)
(0.0161 0.00058777945 0.00080900985)
(0.0161 0.00045398611 0.0008909998)
(0.0161 0.00030901421 0.00095105109)
(0.0161 0.00015643323 0.00098768516)
(0.0161 0 0.001)
(0.0164 0.001 0)
(0.0164 0.00098768516 0.00015643323)
(0.0164 0.00095105109 0.00030901421)
(0.0164 0.0008909998 0.00045398611)
(0.0164 0.00080900985 0.00058777945)
(0.0164 0.0007071 0.0007071)
(0.0164 0.00058777945 0.00080900985)
(0.0164 0.00045398611 0.0008909998)
(0.0164 0.00030901421 0.00095105109)
(0.0164 0.00015643323 0.00098768516)
(0.0164 0 0.001)
(0.0167 0.001 0)
(0.0167 0.00098768516 0.00015643323)
(0.0167 0.00095105109 0.00030901421)
(0.0167 0.0008909998 0.00045398611)
(0.0167 0.00080900985 0.00058777945)
(0.0167 0.0007071 0.0007071)
(0.0167 0.00058777945 0.00080900985)
(0.0167 0.00045398611 0.0008909998)
(0.0167 0.00030901421 0.00095105109)
(0.0167 0.00015643323 0.00098768516)
(0.0167 0 0.001)
(0.017 0.001 0)
(0.017 0.00098768516 0.00015643323)
(0.017 0.00095105109 0.00030901421)
(0.017 0.0008909998 0.00045398611)
(0.017 0.00080900985 0.00058777945)
(0.017 0.0007071 0.0007071)
(0.017 0.00058777945 0.00080900985)
(0.017 0.00045398611 0.0008909998)
(0.017 0.00030901421 0.00095105109)
(0.017 0.00015643323 0.00098768516)
(0.017 0 0.001)
(0.0173 0.001 0)
(0.0173 0.00098768516 0.00015643323)
(0.0173 0.00095105109 0.00030901421)
(0.0173 0.0008909998 0.00045398611)
(0.0173 0.00080900985 0.00058777945)
(0.0173 0.0007071 0.0007071)
(0.0173 0.00058777945 0.00080900985)
(0.0173 0.00045398611 0.0008909998)
(0.0173 0.00030901421 0.00095105109)
(0.0173 0.00015643323 0.00098768516)
(0.0173 0 0.001)
(0.0176 0.001 0)
(0.0176 0.00098768516 0.00015643323)
(0.0176 0.00095105109 0.00030901421)
(0.0176 0.0008909998 0.00045398611)
(0.0176 0.00080900985 0.00058777945)
(0.0176 0.0007071 0.0007071)
(0.0176 0.00058777945 0.00080900985)
(0.0176 0.00045398611 0.0008909998)
(0.0176 0.00030901421 0.00095105109)
(0.0176 0.00015643323 0.00098768516)
(0.0176 0 0.001)
(0.0179 0.001 0)
(0.0179 0.00098768516 0.00015643323)
(0.0179 0.00095105109 0.00030901421)
(0.0179 0.0008909998 0.00045398611)
(0.0179 0.00080900985 0.00058777945)
(0.0179 0.0007071 0.0007071)
(0.0179 0.00058777945 0.00080900985)
(0.0179 0.00045398611 0.0008909998)
(0.0179 0.00030901421 0.00095105109)
(0.0179 0.00015643323 0.00098768516)
(0.0179 0 0.001)
(0.0182 0.001 0)
(0.0182 0.00098768516 0.00015643323)
(0.0182 0.00095105109 0.00030901421)
(0.0182 0.0008909998 0.00045398611)
(0.0182 0.00080900985 0.00058777945)
(0.0182 0.0007071 0.0007071)
(0.0182 0.00058777945 0.00080900985)
(0.0182 0.00045398611 0.0008909998)
(0.0182 0.00030901421 0.00095105109)
(0.0182 0.00015643323 0.00098768516)
(0.0182 0 0.001)
(0.0185 0.001 0)
(0.0185 0.00098768516 0.00015643323)
(0.0185 0.00095105109 0.00030901421)
(0.0185 0.0008909998 0.00045398611)
(0.0185 0.00080900985 0.00058777945)
(0.0185 0.0007071 0.0007071)
(0.0185 0.00058777945 0.00080900985)
(0.0185 0.00045398611 0.0008909998)
(0.0185 0.00030901421 0.00095105109)
(0.0185 0.00015643323 0.00098768516)
(0.0185 0 0.001)
(0.0188 0.001 0)
(0.0188 0.00098768516 0.00015643323)
(0.0188 0.00095105109 0.00030901421)
(0.0188 0.0008909998 0.00045398611)
(0.0188 0.00080900985 0.00058777945)
(0.0188 0.0007071 0.0007071)
(0.0188 0.00058777945 0.00080900985)
(0.0188 0.00045398611 0.0008909998)
(0.0188 0.00030901421 0.00095105109)
(0.0188 0.00015643323 0.00098768516)
(0.0188 0 0.001)
(0.0191 0.001 0)
(0.0191 0.00098768516 0.00015643323)
(0.0191 0.00095105109 0.00030901421)
(0.0191 0.0008909998 0.00045398611)
(0.0191 0.00080900985 0.00058777945)
(0.0191 0.0007071 0.0007071)
(0.0191 0.00058777945 0.00080900985)
(0.0191 0.00045398611 0.0008909998)
(0.0191 0.00030901421 0.00095105109)
(0.0191 0.00015643323 0.00098768516)
(0.0191 0 0.001)
(0.0194 0.001 0)
(0.0194 0.00098768516 0.00015643323)
(0.0194 0.00095105109 0.00030901421)
(0.0194 0.0008909998 0.00045398611)
(0.0194 0.00080900985 0.00058777945)
(0.0194 0.0007071 0.0007071)
(0.0194 0.00058777945 0.00080900985)
(0.0194 0.00045398611 0.0008909998)
(0.0194 0.00030901421 0.00095105109)
(0.0194 0.00015643323 0.00098768516)
(0.0194 0 0.001)
(0.0197 0.001 0)
(0.0197 0.00098768516 0.00015643323)
(0.0197 0.00095105109 0.00030901421)
(0.0197 0.0008909998 0.00045398611)
(0.0197 0.00080900985 0.00058777945)
(0.0197 0.0007071 0.0007071)
(0.0197 0.00058777945 0.00080900985)
(0.0197 0.00045398611 0.0008909998)
(0.0197 0.00030901421 0.00095105109)
(0.0197 0.00015643323 0.00098768516)
(0.0197 0 0.001)
(0.02 0.001 0)
(0.02 0.00098768516 0.00015643323)
(0.02 0.00095105109 0.00030901421)
(0.02 0.0008909998 0.00045398611)
(0.02 0.00080900985 0.00058777945)
(0.02 0.0007071 0.0007071)
(0.02 0.00058777945 0.00080900985)
(0.02 0.00045398611 0.0008909998)
(0.02 0.00030901421 0.00095105109)
(0.02 0.00015643323 0.00098768516)
(0.02 0 0.001)
(0.011004785 0.0012924765 0)
(0.011004792 0.0012765529 0.00020221489)
(0.011004786 0.0012291945 0.00039938975)
(0.011004775 0.0011515797 0.00058675654)
(0.011004774 0.0010456114 0.00075967627)
(0.011004773 0.00091389563 0.00091389563)
(0.011004774 0.00075967627 0.0010456114)
(0.011004775 0.00058675654 0.0011515797)
(0.011004786 0.00039938975 0.0012291945)
(0.011004792 0.00020221489 0.0012765529)
(0.011004785 0 0.0012924765)
(0.011303031 0.001292214 0)
(0.011303016 0.0012762979 0.00020216659)
(0.011303015 0.0012289571 0.00039931596)
(0.011303011 0.0011513574 0.00058664462)
(0.011303009 0.001045409 0.00075953234)
(0.011303009 0.00091371964 0.00091371965)
(0.011303009 0.00075953234 0.001045409)
(0.011303011 0.00058664462 0.0011513574)
(0.011303015 0.00039931595 0.0012289571)
(0.011303016 0.00020216659 0.0012762979)
(0.011303031 0 0.001292214)
(0.011602129 0.0012920768 0)
(0.011602117 0.0012761642 0.00020212987)
(0.011602116 0.0012288308 0.00039927359)
(0.011602115 0.0011512402 0.00058658621)
(0.011602114 0.001045303 0.00075945655)
(0.011602114 0.00091362767 0.00091362767)
(0.011602114 0.00075945655 0.001045303)
(0.011602115 0.00058658621 0.0011512402)
(0.011602116 0.00039927359 0.0012288308)
(0.011602117 0.00020212987 0.0012761642)
(0.011602129 0 0.0012920768)
(0.011901526 0.0012919807 0)
(0.011901517 0.0012760702 0.00020211093)
(0.011901516 0.001228741 0.00039924292)
(0.011901516 0.0011511566 0.00058654365)
(0.011901516 0.0010452275 0.00075940204)
(0.011901515 0.00091356196 0.00091356196)
(0.011901516 0.00075940204 0.0010452275)
(0.011901516 0.00058654365 0.0011511566)
(0.011901516 0.00039924292 0.001228741)
(0.011901517 0.00020211093 0.0012760702)
(0.011901526 0 0.0012919807)
(0.012201132 0.0012919135 0)
(0.012201126 0.0012760042 0.0002020994)
(0.012201125 0.0012286776 0.00039922165)
(0.012201125 0.0011510975 0.00058651337)
(0.012201125 0.001045174 0.00075936322)
(0.012201125 0.00091351531 0.00091351531)
(0.012201125 0.00075936322 0.001045174)
(0.012201125 0.00058651337 0.0011510975)
(0.012201125 0.00039922165 0.0012286777)
(0.012201126 0.0002020994 0.0012760042)
(0.012201132 0 0.0012919135)
(0.012500866 0.0012918641 0)
(0.01250086 0.0012759558 0.00020209138)
(0.01250086 0.001228631 0.00039920619)
(0.01250086 0.0011510539 0.00058649099)
(0.01250086 0.0010451344 0.00075933443)
(0.01250086 0.00091348074 0.00091348074)
(0.01250086 0.00075933443 0.0010451344)
(0.01250086 0.00058649099 0.0011510539)
(0.01250086 0.00039920619 0.001228631)
(0.01250086 0.00020209138 0.0012759558)
(0.012500866 0 0.0012918641)
(0.012800677 0.0012918263 0)
(0.012800673 0.0012759187 0.00020208537)
(0.012800673 0.0012285953 0.00039919443)
(0.012800673 0.0011510204 0.00058647383)
(0.012800673 0.0010451041 0.00075931232)
(0.012800673 0.00091345417 0.00091345417)
(0.012800673 0.00075931232 0.0010451041)
(0.012800673 0.00058647383 0.0011510204)
(0.012800673 0.00039919443 0.0012285953)
(0.012800673 0.00020208537 0.0012759187)
(0.012800677 0 0.0012918263)
(0.013100538 0.0012917966 0)
(0.013100535 0.0012758895 0.00020208069)
(0.013100535 0.0012285672 0.00039918522)
(0.013100535 0.0011509941 0.00058646035)
(0.013100535 0.0010450802 0.00075929491)
(0.013100535 0.00091343327 0.00091343327)
(0.013100535 0.00075929491 0.0010450802)
(0.013100535 0.00058646035 0.0011509941)
(0.013100535 0.00039918522 0.0012285672)
(0.013100535 0.00020208069 0.0012758895)
(0.013100538 0 0.0012917966)
(0.013400434 0.001291773 0)
(0.013400431 0.0012758663 0.00020207697)
(0.013400431 0.0012285448 0.00039917788)
(0.013400431 0.0011509731 0.0005864496)
(0.013400431 0.0010450611 0.00075928101)
(0.013400431 0.00091341657 0.00091341657)
(0.013400431 0.00075928101 0.0010450611)
(0.013400431 0.0005864496 0.0011509731)
(0.013400431 0.00039917788 0.0012285448)
(0.013400431 0.00020207697 0.0012758663)
(0.013400434 0 0.001291773)
(0.013700353 0.0012917539 0)
(0.013700351 0.0012758475 0.00020207397)
(0.013700351 0.0012285268 0.00039917197)
(0.013700351 0.0011509562 0.00058644093)
(0.013700351 0.0010450457 0.0007592698)
(0.013700351 0.00091340311 0.00091340311)
(0.013700351 0.0007592698 0.0010450457)
(0.013700351 0.00058644093 0.0011509562)
(0.013700351 0.00039917197 0.0012285268)
(0.013700351 0.00020207397 0.0012758475)
(0.013700353 0 0.0012917539)
(0.01400029 0.0012917384 0)
(0.014000288 0.0012758323 0.00020207155)
(0.014000288 0.0012285121 0.00039916718)
(0.014000288 0.0011509424 0.0005864339)
(0.014000288 0.0010450332 0.00075926071)
(0.014000288 0.00091339218 0.00091339218)
(0.014000288 0.00075926071 0.0010450332)
(0.014000288 0.0005864339 0.0011509424)
(0.014000288 0.00039916718 0.0012285121)
(0.014000288 0.00020207155 0.0012758323)
(0.01400029 0 0.0012917384)
(0.014300239 0.0012917257 0)
(0.014300238 0.0012758199 0.00020206957)
(0.014300238 0.0012285002 0.00039916328)
(0.014300238 0.0011509312 0.00058642817)
(0.014300238 0.001045023 0.0007592533)
(0.014300238 0.00091338327 0.00091338327)
(0.014300238 0.0007592533 0.001045023)
(0.014300238 0.00058642817 0.0011509312)
(0.014300238 0.00039916328 0.0012285002)
(0.014300238 0.00020206957 0.0012758199)
(0.014300239 0 0.0012917257)
(0.014600199 0.0012917154 0)
(0.014600197 0.0012758098 0.00020206795)
(0.014600197 0.0012284904 0.00039916008)
(0.014600197 0.0011509221 0.00058642348)
(0.014600197 0.0010450147 0.00075924723)
(0.014600197 0.00091337598 0.00091337598)
(0.014600197 0.00075924723 0.0010450147)
(0.014600197 0.00058642348 0.0011509221)
(0.014600197 0.00039916008 0.0012284904)
(0.014600197 0.00020206795 0.0012758098)
(0.014600199 0 0.0012917154)
(0.014900166 0.0012917069 0)
(0.014900165 0.0012758015 0.00020206662)
(0.014900165 0.0012284824 0.00039915746)
(0.014900165 0.0011509145 0.00058641963)
(0.014900165 0.0010450078 0.00075924226)
(0.014900165 0.00091337 0.00091337)
(0.014900165 0.00075924226 0.0010450078)
(0.014900165 0.00058641963 0.0011509145)
(0.014900165 0.00039915746 0.0012284824)
(0.014900165 0.00020206663 0.0012758015)
(0.014900166 0 0.0012917069)
(0.015200139 0.0012916999 0)
(0.015200138 0.0012757946 0.00020206553)
(0.015200138 0.0012284758 0.00039915531)
(0.015200138 0.0011509083 0.00058641647)
(0.015200138 0.0010450022 0.00075923816)
(0.015200138 0.00091336508 0.00091336508)
(0.015200138 0.00075923816 0.0010450022)
(0.015200138 0.00058641647 0.0011509083)
(0.015200138 0.00039915531 0.0012284758)
(0.015200138 0.00020206553 0.0012757946)
(0.015200139 0 0.0012916999)
(0.015500116 0.0012916942 0)
(0.015500115 0.001275789 0.00020206463)
(0.015500115 0.0012284703 0.00039915353)
(0.015500115 0.0011509032 0.00058641386)
(0.015500115 0.0010449976 0.00075923479)
(0.015500115 0.00091336103 0.00091336103)
(0.015500115 0.00075923479 0.0010449976)
(0.015500115 0.00058641386 0.0011509032)
(0.015500115 0.00039915353 0.0012284703)
(0.015500115 0.00020206463 0.001275789)
(0.015500116 0 0.0012916942)
(0.015800098 0.0012916894 0)
(0.015800097 0.0012757843 0.00020206389)
(0.015800097 0.0012284658 0.00039915207)
(0.015800097 0.001150899 0.00058641171)
(0.015800097 0.0010449938 0.000759232)
(0.015800097 0.00091335768 0.00091335768)
(0.015800097 0.000759232 0.0010449938)
(0.015800097 0.00058641171 0.001150899)
(0.015800097 0.00039915207 0.0012284658)
(0.015800097 0.00020206389 0.0012757843)
(0.015800098 0 0.0012916894)
(0.016100082 0.0012916855 0)
(0.016100082 0.0012757804 0.00020206328)
(0.016100082 0.0012284621 0.00039915085)
(0.016100082 0.0011508955 0.00058640993)
(0.016100082 0.0010449906 0.0007592297)
(0.016100082 0.0009133549 0.0009133549)
(0.016100082 0.0007592297 0.0010449906)
(0.016100082 0.00058640993 0.0011508955)
(0.016100082 0.00039915085 0.0012284621)
(0.016100082 0.00020206328 0.0012757804)
(0.016100082 0 0.0012916855)
(0.016400069 0.0012916822 0)
(0.016400069 0.0012757772 0.00020206277)
(0.016400069 0.001228459 0.00039914985)
(0.016400069 0.0011508926 0.00058640845)
(0.016400069 0.001044988 0.00075922779)
(0.016400069 0.00091335261 0.00091335261)
(0.016400069 0.00075922779 0.001044988)
(0.016400069 0.00058640845 0.0011508926)
(0.016400069 0.00039914985 0.001228459)
(0.016400069 0.00020206277 0.0012757772)
(0.016400069 0 0.0012916822)
(0.016700058 0.0012916795 0)
(0.016700058 0.0012757746 0.00020206235)
(0.016700058 0.0012284565 0.00039914901)
(0.016700058 0.0011508902 0.00058640722)
(0.016700058 0.0010449858 0.0007592262)
(0.016700058 0.0009133507 0.0009133507)
(0.016700058 0.0007592262 0.0010449858)
(0.016700058 0.00058640722 0.0011508902)
(0.016700058 0.00039914901 0.0012284565)
(0.016700058 0.00020206235 0.0012757746)
(0.016700058 0 0.0012916795)
(0.017000049 0.0012916772 0)
(0.017000048 0.0012757723 0.00020206199)
(0.017000048 0.0012284543 0.00039914832)
(0.017000048 0.0011508882 0.0005864062)
(0.017000048 0.001044984 0.00075922488)
(0.017000048 0.00091334911 0.00091334911)
(0.017000048 0.00075922488 0.001044984)
(0.017000048 0.0005864062 0.0011508882)
(0.017000048 0.00039914832 0.0012284543)
(0.017000048 0.00020206199 0.0012757723)
(0.017000049 0 0.0012916772)
(0.017300041 0.0012916754 0)
(0.01730004 0.0012757705 0.0002020617)
(0.01730004 0.0012284525 0.00039914774)
(0.01730004 0.0011508866 0.00058640535)
(0.01730004 0.0010449824 0.00075922377)
(0.01730004 0.00091334778 0.00091334778)
(0.01730004 0.00075922377 0.0010449824)
(0.01730004 0.00058640535 0.0011508866)
(0.01730004 0.00039914774 0.0012284525)
(0.01730004 0.0002020617 0.0012757705)
(0.017300041 0 0.0012916754)
(0.017600034 0.0012916738 0)
(0.017600034 0.0012757689 0.00020206145)
(0.017600034 0.001228451 0.00039914725)
(0.017600034 0.0011508852 0.00058640463)
(0.017600034 0.0010449812 0.00075922285)
(0.017600034 0.00091334667 0.00091334666)
(0.017600034 0.00075922285 0.0010449812)
(0.017600034 0.00058640463 0.0011508852)
(0.017600034 0.00039914725 0.001228451)
(0.017600034 0.00020206145 0.0012757689)
(0.017600034 0 0.0012916738)
(0.017900028 0.0012916724 0)
(0.017900028 0.0012757676 0.00020206124)
(0.017900028 0.0012284498 0.00039914684)
(0.017900028 0.001150884 0.00058640403)
(0.017900028 0.0010449801 0.00075922207)
(0.017900028 0.00091334573 0.00091334573)
(0.017900028 0.00075922207 0.0010449801)
(0.017900028 0.00058640403 0.001150884)
(0.017900028 0.00039914684 0.0012284498)
(0.017900028 0.00020206125 0.0012757676)
(0.017900028 0 0.0012916724)
(0.018200023 0.0012916713 0)
(0.018200023 0.0012757665 0.00020206107)
(0.018200023 0.0012284487 0.00039914649)
(0.018200023 0.001150883 0.00058640352)
(0.018200023 0.0010449792 0.0007592214)
(0.018200023 0.00091334493 0.00091334493)
(0.018200023 0.0007592214 0.0010449792)
(0.018200023 0.00058640352 0.001150883)
(0.018200023 0.00039914649 0.0012284487)
(0.018200023 0.00020206107 0.0012757665)
(0.018200023 0 0.0012916713)
(0.018500018 0.0012916703 0)
(0.018500018 0.0012757655 0.00020206092)
(0.018500018 0.0012284478 0.00039914619)
(0.018500018 0.0011508821 0.00058640307)
(0.018500018 0.0010449784 0.00075922083)
(0.018500018 0.00091334424 0.00091334424)
(0.018500018 0.00075922083 0.0010449784)
(0.018500018 0.00058640307 0.0011508821)
(0.018500018 0.00039914619 0.0012284478)
(0.018500018 0.00020206092 0.0012757655)
(0.018500018 0 0.0012916703)
(0.018800014 0.0012916695 0)
(0.018800014 0.0012757647 0.00020206078)
(0.018800014 0.001228447 0.00039914593)
(0.018800014 0.0011508814 0.00058640269)
(0.018800014 0.0010449777 0.00075922033)
(0.018800014 0.00091334364 0.00091334364)
(0.018800014 0.00075922033 0.0010449777)
(0.018800014 0.00058640269 0.0011508814)
(0.018800014 0.00039914593 0.001228447)
(0.018800014 0.00020206078 0.0012757647)
(0.018800014 0 0.0012916695)
(0.01910001 0.0012916687 0)
(0.01910001 0.001275764 0.00020206066)
(0.01910001 0.0012284463 0.00039914569)
(0.01910001 0.0011508807 0.00058640234)
(0.01910001 0.0010449771 0.00075921988)
(0.01910001 0.0009133431 0.0009133431)
(0.01910001 0.00075921988 0.0010449771)
(0.01910001 0.00058640234 0.0011508807)
(0.01910001 0.00039914569 0.0012284463)
(0.01910001 0.00020206066 0.001275764)
(0.01910001 0 0.0012916687)
(0.019400007 0.001291668 0)
(0.019400007 0.0012757633 0.00020206055)
(0.019400007 0.0012284456 0.00039914547)
(0.019400007 0.0011508801 0.00058640202)
(0.019400007 0.0010449765 0.00075921947)
(0.019400007 0.0009133426 0.0009133426)
(0.019400007 0.00075921947 0.0010449765)
(0.019400007 0.00058640202 0.0011508801)
(0.019400007 0.00039914547 0.0012284456)
(0.019400007 0.00020206055 0.0012757633)
(0.019400007 0 0.001291668)
(0.019700003 0.0012916673 0)
(0.019700003 0.0012757626 0.00020206045)
(0.019700003 0.001228445 0.00039914527)
(0.019700003 0.0011508795 0.00058640172)
(0.019700003 0.001044976 0.00075921908)
(0.019700003 0.00091334213 0.00091334213)
(0.019700003 0.00075921908 0.001044976)
(0.019700003 0.00058640172 0.0011508795)
(0.019700003 0.00039914527 0.001228445)
(0.019700003 0.00020206045 0.0012757626)
(0.019700003 0 0.0012916673)
(0.02 0.0012916667 0)
(0.02 0.001275762 0.00020206035)
(0.02 0.0012284443 0.00039914506)
(0.02 0.0011508789 0.00058640142)
(0.02 0.0010449754 0.00075921869)
(0.02 0.00091334167 0.00091334167)
(0.02 0.00075921869 0.0010449754)
(0.02 0.00058640142 0.0011508789)
(0.02 0.00039914506 0.0012284443)
(0.02 0.00020206035 0.001275762)
(0.02 0 0.0012916667)
(0.011004489 0.001584213 0)
(0.011004497 0.0015647056 0.0002478507)
(0.011004495 0.0015066674 0.00048954456)
(0.011004485 0.0014115328 0.00071920864)
(0.011004485 0.0012816434 0.00093116363)
(0.011004484 0.0011201948 0.0011201948)
(0.011004485 0.00093116363 0.0012816434)
(0.011004485 0.00071920864 0.0014115328)
(0.011004495 0.00048954455 0.0015066674)
(0.011004497 0.0002478507 0.0015647056)
(0.011004489 0 0.001584213)
(0.011303985 0.0015841261 0)
(0.011303986 0.0015646202 0.00024783932)
(0.011303984 0.0015065882 0.00048952487)
(0.01130398 0.0014114596 0.00071917288)
(0.011303978 0.0012815769 0.00093111781)
(0.011303978 0.0011201376 0.0011201377)
(0.011303978 0.00093111781 0.0012815769)
(0.01130398 0.00071917288 0.0014114596)
(0.011303984 0.00048952487 0.0015065882)
(0.011303986 0.00024783932 0.0015646202)
(0.011303985 0 0.0015841261)
(0.01160308 0.0015839774 0)
(0.011603078 0.0015644739 0.0002477973)
(0.011603077 0.0015064488 0.00048947884)
(0.011603075 0.0014113301 0.00071910901)
(0.011603074 0.00128146 0.00093103457)
(0.011603074 0.0011200364 0.0011200364)
(0.011603074 0.00093103457 0.00128146)
(0.011603075 0.00071910901 0.0014113301)
(0.011603077 0.00048947883 0.0015064488)
(0.011603078 0.0002477973 0.0015644739)
(0.01160308 0 0.0015839774)
(0.011902354 0.0015838517 0)
(0.011902352 0.0015643499 0.00024777169)
(0.011902351 0.0015063299 0.00048943843)
(0.01190235 0.0014112192 0.00071905291)
(0.01190235 0.0012813598 0.00093096249)
(0.01190235 0.0011199494 0.0011199494)
(0.01190235 0.00093096249 0.0012813598)
(0.01190235 0.00071905291 0.0014112192)
(0.011902351 0.00048943843 0.0015063299)
(0.011902352 0.00024777169 0.0015643499)
(0.011902354 0 0.0015838517)
(0.012201818 0.0015837522 0)
(0.012201816 0.0015642518 0.00024775426)
(0.012201815 0.0015062355 0.00048940671)
(0.012201815 0.001411131 0.00071900779)
(0.012201815 0.0012812799 0.00093090459)
(0.012201815 0.0011198797 0.0011198797)
(0.012201815 0.00093090459 0.0012812799)
(0.012201815 0.00071900779 0.001411131)
(0.012201815 0.00048940671 0.0015062355)
(0.012201816 0.00024775426 0.0015642518)
(0.012201818 0 0.0015837522)
(0.012501424 0.0015836736 0)
(0.012501422 0.0015641743 0.00024774132)
(0.012501422 0.0015061608 0.0004893819)
(0.012501422 0.0014110611 0.00071897196)
(0.012501422 0.0012812165 0.00093085849)
(0.012501422 0.0011198243 0.0011198243)
(0.012501422 0.00093085849 0.0012812165)
(0.012501422 0.00071897196 0.0014110611)
(0.012501422 0.0004893819 0.0015061608)
(0.012501422 0.00024774132 0.0015641743)
(0.012501424 0 0.0015836736)
(0.012801131 0.001583611 0)
(0.012801129 0.0015641125 0.00024773126)
(0.012801129 0.0015061013 0.00048936226)
(0.012801129 0.0014110053 0.00071894335)
(0.012801129 0.0012811658 0.00093082161)
(0.012801129 0.00111978 0.00111978)
(0.012801129 0.00093082161 0.0012811658)
(0.012801129 0.00071894335 0.0014110053)
(0.012801129 0.00048936226 0.0015061013)
(0.012801129 0.00024773126 0.0015641125)
(0.012801131 0 0.001583611)
(0.013100909 0.0015835607 0)
(0.013100907 0.0015640629 0.00024772325)
(0.013100907 0.0015060535 0.00048934653)
(0.013100907 0.0014109604 0.00071892035)
(0.013100907 0.0012811251 0.00093079192)
(0.013100907 0.0011197443 0.0011197443)
(0.013100907 0.00093079192 0.0012811251)
(0.013100907 0.00071892035 0.0014109604)
(0.013100907 0.00048934653 0.0015060535)
(0.013100907 0.00024772325 0.0015640629)
(0.013100909 0 0.0015835607)
(0.013400738 0.0015835199 0)
(0.013400736 0.0015640227 0.0002477168)
(0.013400736 0.0015060148 0.00048933384)
(0.013400736 0.0014109241 0.00071890174)
(0.013400736 0.0012810921 0.00093076788)
(0.013400736 0.0011197155 0.0011197155)
(0.013400736 0.00093076788 0.0012810921)
(0.013400736 0.00071890174 0.0014109241)
(0.013400736 0.00048933384 0.0015060148)
(0.013400736 0.0002477168 0.0015640227)
(0.013400738 0 0.0015835199)
(0.013700603 0.0015834868 0)
(0.013700602 0.0015639901 0.00024771158)
(0.013700602 0.0015059833 0.00048932353)
(0.013700602 0.0014108946 0.00071888662)
(0.013700602 0.0012810653 0.00093074833)
(0.013700602 0.001119692 0.001119692)
(0.013700602 0.00093074833 0.0012810652)
(0.013700602 0.00071888662 0.0014108946)
(0.013700602 0.00048932353 0.0015059833)
(0.013700602 0.00024771158 0.0015639901)
(0.013700603 0 0.0015834868)
(0.014000497 0.0015834598 0)
(0.014000496 0.0015639634 0.00024770732)
(0.014000496 0.0015059577 0.00048931512)
(0.014000496 0.0014108705 0.00071887429)
(0.014000496 0.0012810434 0.00093073239)
(0.014000496 0.0011196728 0.0011196728)
(0.014000496 0.00093073239 0.0012810434)
(0.014000496 0.00071887429 0.0014108705)
(0.014000496 0.00048931512 0.0015059577)
(0.014000496 0.00024770732 0.0015639634)
(0.014000497 0 0.0015834598)
(0.014300412 0.0015834377 0)
(0.014300411 0.0015639416 0.00024770384)
(0.014300411 0.0015059367 0.00048930825)
(0.014300411 0.0014108508 0.0007188642)
(0.014300411 0.0012810255 0.00093071935)
(0.014300411 0.0011196572 0.0011196572)
(0.014300411 0.00093071935 0.0012810254)
(0.014300411 0.0007188642 0.0014108508)
(0.014300411 0.00048930825 0.0015059367)
(0.014300411 0.00024770384 0.0015639416)
(0.014300412 0 0.0015834377)
(0.014600343 0.0015834195 0)
(0.014600342 0.0015639237 0.00024770098)
(0.014600342 0.0015059194 0.00048930261)
(0.014600342 0.0014108347 0.00071885593)
(0.014600342 0.0012810108 0.00093070864)
(0.014600342 0.0011196443 0.0011196443)
(0.014600342 0.00093070864 0.0012810108)
(0.014600342 0.00071885593 0.0014108347)
(0.014600342 0.00048930261 0.0015059194)
(0.014600342 0.00024770098 0.0015639237)
(0.014600343 0 0.0015834195)
(0.014900286 0.0015834046 0)
(0.014900286 0.001563909 0.00024769863)
(0.014900286 0.0015059052 0.00048929798)
(0.014900286 0.0014108214 0.00071884913)
(0.014900286 0.0012809987 0.00093069984)
(0.014900286 0.0011196337 0.0011196337)
(0.014900286 0.00093069984 0.0012809987)
(0.014900286 0.00071884913 0.0014108214)
(0.014900286 0.00048929798 0.0015059052)
(0.014900286 0.00024769863 0.001563909)
(0.014900286 0 0.0015834046)
(0.01520024 0.0015833923 0)
(0.015200239 0.0015638969 0.0002476967)
(0.015200239 0.0015058935 0.00048929416)
(0.015200239 0.0014108104 0.00071884352)
(0.015200239 0.0012809887 0.00093069259)
(0.015200239 0.001119625 0.001119625)
(0.015200239 0.00093069259 0.0012809887)
(0.015200239 0.00071884352 0.0014108104)
(0.015200239 0.00048929416 0.0015058935)
(0.015200239 0.0002476967 0.0015638969)
(0.01520024 0 0.0015833923)
(0.015500201 0.0015833821 0)
(0.015500201 0.0015638868 0.0002476951)
(0.015500201 0.0015058839 0.00048929101)
(0.015500201 0.0014108014 0.0007188389)
(0.015500201 0.0012809805 0.00093068661)
(0.015500201 0.0011196178 0.0011196178)
(0.015500201 0.00093068661 0.0012809805)
(0.015500201 0.0007188389 0.0014108014)
(0.015500201 0.00048929101 0.0015058839)
(0.015500201 0.0002476951 0.0015638868)
(0.015500201 0 0.0015833821)
(0.015800169 0.0015833737 0)
(0.015800169 0.0015638785 0.00024769379)
(0.015800169 0.0015058759 0.0004892884)
(0.015800169 0.0014107939 0.00071883507)
(0.015800169 0.0012809737 0.00093068166)
(0.015800169 0.0011196119 0.0011196119)
(0.015800169 0.00093068166 0.0012809737)
(0.015800169 0.00071883507 0.0014107939)
(0.015800169 0.0004892884 0.0015058759)
(0.015800169 0.00024769379 0.0015638785)
(0.015800169 0 0.0015833737)
(0.016100143 0.0015833667 0)
(0.016100142 0.0015638717 0.00024769269)
(0.016100142 0.0015058693 0.00048928625)
(0.016100142 0.0014107877 0.0007188319)
(0.016100142 0.001280968 0.00093067756)
(0.016100142 0.0011196069 0.0011196069)
(0.016100142 0.00093067756 0.001280968)
(0.016100142 0.0007188319 0.0014107877)
(0.016100142 0.00048928625 0.0015058693)
(0.016100142 0.00024769269 0.0015638717)
(0.016100143 0 0.0015833667)
(0.01640012 0.001583361 0)
(0.01640012 0.001563866 0.00024769179)
(0.01640012 0.0015058638 0.00048928446)
(0.01640012 0.0014107825 0.00071882927)
(0.01640012 0.0012809634 0.00093067415)
(0.01640012 0.0011196028 0.0011196028)
(0.01640012 0.00093067415 0.0012809634)
(0.01640012 0.00071882927 0.0014107825)
(0.01640012 0.00048928446 0.0015058638)
(0.01640012 0.00024769179 0.001563866)
(0.01640012 0 0.001583361)
(0.016700101 0.0015833561 0)
(0.016700101 0.0015638612 0.00024769103)
(0.016700101 0.0015058592 0.00048928297)
(0.016700101 0.0014107782 0.00071882709)
(0.016700101 0.0012809595 0.00093067133)
(0.016700101 0.0011195994 0.0011195994)
(0.016700101 0.00093067133 0.0012809595)
(0.016700101 0.00071882709 0.0014107782)
(0.016700101 0.00048928297 0.0015058592)
(0.016700101 0.00024769103 0.0015638612)
(0.016700101 0 0.0015833561)
(0.017000085 0.0015833521 0)
(0.017000084 0.0015638573 0.0002476904)
(0.017000084 0.0015058554 0.00048928173)
(0.017000084 0.0014107747 0.00071882527)
(0.017000084 0.0012809562 0.00093066897)
(0.017000084 0.0011195966 0.0011195966)
(0.017000084 0.00093066897 0.0012809562)
(0.017000084 0.00071882527 0.0014107747)
(0.017000084 0.00048928173 0.0015058554)
(0.017000084 0.0002476904 0.0015638573)
(0.017000085 0 0.0015833521)
(0.017300071 0.0015833488 0)
(0.017300071 0.001563854 0.00024768988)
(0.017300071 0.0015058522 0.00048928069)
(0.017300071 0.0014107717 0.00071882374)
(0.017300071 0.0012809535 0.000930667)
(0.017300071 0.0011195942 0.0011195942)
(0.017300071 0.000930667 0.0012809535)
(0.017300071 0.00071882374 0.0014107717)
(0.017300071 0.00048928069 0.0015058522)
(0.017300071 0.00024768988 0.001563854)
(0.017300071 0 0.0015833488)
(0.017600059 0.001583346 0)
(0.017600059 0.0015638512 0.00024768944)
(0.017600059 0.0015058496 0.00048927982)
(0.017600059 0.0014107692 0.00071882247)
(0.017600059 0.0012809513 0.00093066535)
(0.017600059 0.0011195923 0.0011195923)
(0.017600059 0.00093066535 0.0012809513)
(0.017600059 0.00071882247 0.0014107692)
(0.017600059 0.00048927982 0.0015058496)
(0.017600059 0.00024768944 0.0015638512)
(0.017600059 0 0.001583346)
(0.017900049 0.0015833436 0)
(0.017900049 0.0015638489 0.00024768907)
(0.017900049 0.0015058473 0.00048927909)
(0.017900049 0.0014107671 0.00071882139)
(0.017900049 0.0012809493 0.00093066395)
(0.017900049 0.0011195906 0.0011195906)
(0.017900049 0.00093066396 0.0012809493)
(0.017900049 0.00071882139 0.0014107671)
(0.017900049 0.00048927909 0.0015058473)
(0.017900049 0.00024768907 0.0015638489)
(0.017900049 0 0.0015833436)
(0.01820004 0.0015833416 0)
(0.01820004 0.0015638469 0.00024768875)
(0.01820004 0.0015058454 0.00048927847)
(0.01820004 0.0014107653 0.00071882048)
(0.01820004 0.0012809477 0.00093066277)
(0.01820004 0.0011195892 0.0011195892)
(0.01820004 0.00093066277 0.0012809477)
(0.01820004 0.00071882048 0.0014107653)
(0.01820004 0.00048927847 0.0015058454)
(0.01820004 0.00024768875 0.0015638469)
(0.01820004 0 0.0015833416)
(0.018500032 0.0015833398 0)
(0.018500032 0.0015638452 0.00024768848)
(0.018500032 0.0015058437 0.00048927793)
(0.018500032 0.0014107637 0.00071881969)
(0.018500032 0.0012809463 0.00093066175)
(0.018500032 0.0011195879 0.0011195879)
(0.018500032 0.00093066175 0.0012809463)
(0.018500032 0.00071881969 0.0014107637)
(0.018500032 0.00048927793 0.0015058437)
(0.018500032 0.00024768848 0.0015638452)
(0.018500032 0 0.0015833398)
(0.018800025 0.0015833383 0)
(0.018800025 0.0015638437 0.00024768824)
(0.018800025 0.0015058423 0.00048927746)
(0.018800025 0.0014107624 0.000718819)
(0.018800025 0.0012809451 0.00093066085)
(0.018800025 0.0011195869 0.0011195869)
(0.018800025 0.00093066086 0.0012809451)
(0.018800025 0.000718819 0.0014107624)
(0.018800025 0.00048927746 0.0015058423)
(0.018800025 0.00024768824 0.0015638437)
(0.018800025 0 0.0015833383)
(0.019100018 0.001583337 0)
(0.019100018 0.0015638423 0.00024768803)
(0.019100018 0.001505841 0.00048927704)
(0.019100018 0.0014107612 0.00071881838)
(0.019100018 0.001280944 0.00093066006)
(0.019100018 0.0011195859 0.0011195859)
(0.019100018 0.00093066006 0.001280944)
(0.019100018 0.00071881838 0.0014107612)
(0.019100018 0.00048927704 0.001505841)
(0.019100018 0.00024768803 0.0015638423)
(0.019100018 0 0.001583337)
(0.019400012 0.0015833357 0)
(0.019400012 0.0015638411 0.00024768784)
(0.019400012 0.0015058398 0.00048927665)
(0.019400012 0.0014107601 0.00071881781)
(0.019400012 0.001280943 0.00093065932)
(0.019400012 0.001119585 0.001119585)
(0.019400012 0.00093065932 0.001280943)
(0.019400012 0.00071881781 0.0014107601)
(0.019400012 0.00048927665 0.0015058398)
(0.019400012 0.00024768784 0.0015638411)
(0.019400012 0 0.0015833357)
(0.019700006 0.0015833345 0)
(0.019700006 0.0015638399 0.00024768765)
(0.019700006 0.0015058387 0.00048927628)
(0.019700006 0.001410759 0.00071881727)
(0.019700006 0.001280942 0.00093065862)
(0.019700006 0.0011195842 0.0011195842)
(0.019700006 0.00093065862 0.001280942)
(0.019700006 0.00071881727 0.001410759)
(0.019700006 0.00048927628 0.0015058387)
(0.019700006 0.00024768765 0.0015638399)
(0.019700006 0 0.0015833345)
(0.02 0.0015833333 0)
(0.02 0.0015638387 0.00024768746)
(0.02 0.0015058376 0.00048927592)
(0.02 0.0014107579 0.00071881674)
(0.02 0.001280941 0.00093065793)
(0.02 0.0011195833 0.0011195833)
(0.02 0.00093065793 0.001280941)
(0.02 0.00071881674 0.0014107579)
(0.02 0.00048927592 0.0015058376)
(0.02 0.00024768746 0.0015638387)
(0.02 0 0.0015833333)
(0.011004142 0.0018759381 0)
(0.011004146 0.0018528472 0.00029348113)
(0.011004142 0.0017841318 0.0005796969)
(0.011004136 0.0016714801 0.00085165732)
(0.011004137 0.001517671 0.001102648)
(0.011004136 0.0013264907 0.0013264907)
(0.011004137 0.001102648 0.001517671)
(0.011004136 0.00085165731 0.0016714801)
(0.011004142 0.0005796969 0.0017841318)
(0.011004146 0.00029348113 0.0018528472)
(0.011004142 0 0.0018759381)
(0.011303862 0.0018758802 0)
(0.011303863 0.001852786 0.00029347902)
(0.011303861 0.0017840709 0.00057968361)
(0.011303858 0.0016714244 0.00085163111)
(0.011303857 0.0015176206 0.0011026135)
(0.011303857 0.0013264476 0.0013264476)
(0.011303857 0.0011026135 0.0015176206)
(0.011303858 0.00085163111 0.0016714244)
(0.011303861 0.00057968361 0.0017840709)
(0.011303863 0.00029347902 0.001852786)
(0.011303862 0 0.0018758802)
(0.011603276 0.0018757662 0)
(0.011603276 0.0018526727 0.00029344516)
(0.011603275 0.0017839612 0.00057964858)
(0.011603274 0.0016713218 0.00085158147)
(0.011603273 0.0015175283 0.0011025482)
(0.011603273 0.0013263678 0.0013263678)
(0.011603273 0.0011025482 0.0015175283)
(0.011603274 0.00085158147 0.0016713219)
(0.011603275 0.00057964858 0.0017839612)
(0.011603276 0.00029344516 0.0018526727)
(0.011603276 0 0.0018757662)
(0.011902673 0.0018756449 0)
(0.011902672 0.0018525526 0.00029341989)
(0.011902672 0.0017838451 0.00057960958)
(0.011902671 0.0016712132 0.00085152693)
(0.011902671 0.00151743 0.0011024777)
(0.011902671 0.0013262825 0.0013262825)
(0.011902671 0.0011024777 0.00151743)
(0.011902671 0.00085152693 0.0016712132)
(0.011902672 0.00057960958 0.0017838451)
(0.011902672 0.00029341989 0.0018525526)
(0.011902673 0 0.0018756449)
(0.012202156 0.0018755355 0)
(0.012202155 0.0018524444 0.00029340042)
(0.012202154 0.0017837407 0.00057957457)
(0.012202154 0.0016711153 0.00085147708)
(0.012202154 0.0015173413 0.0011024136)
(0.012202154 0.0013262052 0.0013262052)
(0.012202154 0.0011024136 0.0015173413)
(0.012202154 0.00085147708 0.0016711153)
(0.012202154 0.00057957457 0.0017837407)
(0.012202155 0.00029340042 0.0018524444)
(0.012202156 0 0.0018755355)
(0.012501738 0.0018754424 0)
(0.012501737 0.0018523523 0.0002933849)
(0.012501737 0.0017836519 0.00057954502)
(0.012501737 0.001671032 0.00085143443)
(0.012501737 0.0015172657 0.0011023586)
(0.012501737 0.0013261391 0.0013261391)
(0.012501737 0.0011023586 0.0015172657)
(0.012501737 0.00085143443 0.001671032)
(0.012501737 0.00057954502 0.0017836519)
(0.012501737 0.0002933849 0.0018523523)
(0.012501738 0 0.0018754424)
(0.012801408 0.0018753649 0)
(0.012801407 0.0018522757 0.00029337233)
(0.012801407 0.001783578 0.00057952057)
(0.012801407 0.0016709627 0.00085139886)
(0.012801407 0.0015172027 0.0011023128)
(0.012801407 0.001326084 0.001326084)
(0.012801407 0.0011023128 0.0015172027)
(0.012801407 0.00085139886 0.0016709627)
(0.012801407 0.00057952057 0.001783578)
(0.012801407 0.00029337233 0.0018522757)
(0.012801408 0 0.0018753649)
(0.013101147 0.0018753008 0)
(0.013101146 0.0018522125 0.00029336209)
(0.013101146 0.001783517 0.00057950048)
(0.013101146 0.0016709055 0.0008513695)
(0.013101146 0.0015171507 0.0011022749)
(0.013101146 0.0013260385 0.0013260385)
(0.013101146 0.0011022749 0.0015171507)
(0.013101146 0.0008513695 0.0016709055)
(0.013101146 0.00057950048 0.001783517)
(0.013101146 0.00029336209 0.0018522125)
(0.013101147 0 0.0018753008)
(0.01340094 0.0018752482 0)
(0.01340094 0.0018521605 0.00029335371)
(0.01340094 0.0017834669 0.000579484)
(0.01340094 0.0016708584 0.00085134537)
(0.01340094 0.0015171079 0.0011022437)
(0.01340094 0.0013260011 0.0013260011)
(0.01340094 0.0011022437 0.0015171079)
(0.01340094 0.00085134537 0.0016708584)
(0.01340094 0.000579484 0.0017834669)
(0.01340094 0.00029335371 0.0018521605)
(0.01340094 0 0.0018752482)
(0.013700775 0.0018752049 0)
(0.013700775 0.0018521178 0.00029334685)
(0.013700775 0.0017834257 0.00057947048)
(0.013700775 0.0016708198 0.00085132555)
(0.013700775 0.0015170727 0.0011022181)
(0.013700775 0.0013259703 0.0013259703)
(0.013700775 0.0011022181 0.0015170727)
(0.013700775 0.00085132555 0.0016708198)
(0.013700775 0.00057947048 0.0017834257)
(0.013700775 0.00029334685 0.0018521178)
(0.013700775 0 0.0018752049)
(0.014000643 0.0018751694 0)
(0.014000642 0.0018520827 0.00029334123)
(0.014000642 0.0017833918 0.00057945938)
(0.014000642 0.001670788 0.00085130927)
(0.014000642 0.0015170439 0.0011021971)
(0.014000642 0.0013259451 0.0013259451)
(0.014000642 0.0011021971 0.0015170439)
(0.014000642 0.00085130927 0.001670788)
(0.014000642 0.00057945938 0.0017833918)
(0.014000642 0.00029334123 0.0018520827)
(0.014000643 0 0.0018751694)
(0.014300535 0.0018751401 0)
(0.014300535 0.0018520538 0.0002933366)
(0.014300535 0.001783364 0.00057945025)
(0.014300535 0.0016707619 0.00085129588)
(0.014300535 0.0015170201 0.0011021797)
(0.014300535 0.0013259243 0.0013259243)
(0.014300535 0.0011021797 0.0015170201)
(0.014300535 0.00085129588 0.0016707619)
(0.014300535 0.00057945025 0.001783364)
(0.014300535 0.0002933366 0.0018520538)
(0.014300535 0 0.0018751401)
(0.014600447 0.0018751159 0)
(0.014600447 0.0018520299 0.00029333279)
(0.014600447 0.001783341 0.00057944274)
(0.014600447 0.0016707403 0.00085128485)
(0.014600447 0.0015170005 0.0011021655)
(0.014600447 0.0013259071 0.0013259071)
(0.014600447 0.0011021655 0.0015170005)
(0.014600447 0.00085128485 0.0016707403)
(0.014600447 0.00057944274 0.001783341)
(0.014600447 0.00029333279 0.0018520299)
(0.014600447 0 0.0018751159)
(0.014900375 0.001875096 0)
(0.014900374 0.0018520103 0.00029332965)
(0.014900374 0.0017833221 0.00057943654)
(0.014900374 0.0016707226 0.00085127575)
(0.014900374 0.0015169844 0.0011021537)
(0.014900374 0.001325893 0.001325893)
(0.014900374 0.0011021537 0.0015169844)
(0.014900374 0.00085127575 0.0016707226)
(0.014900374 0.00057943654 0.0017833221)
(0.014900374 0.00029332965 0.0018520103)
(0.014900375 0 0.001875096)
(0.015200315 0.0018750795 0)
(0.015200314 0.001851994 0.00029332706)
(0.015200314 0.0017833064 0.00057943142)
(0.015200314 0.0016707079 0.00085126824)
(0.015200314 0.001516971 0.001102144)
(0.015200314 0.0013258813 0.0013258813)
(0.015200314 0.001102144 0.001516971)
(0.015200314 0.00085126824 0.0016707079)
(0.015200314 0.00057943142 0.0017833064)
(0.015200314 0.00029332706 0.001851994)
(0.015200315 0 0.0018750795)
(0.015500265 0.0018750659 0)
(0.015500264 0.0018519805 0.00029332492)
(0.015500264 0.0017832934 0.00057942718)
(0.015500264 0.0016706957 0.00085126202)
(0.015500264 0.00151696 0.0011021359)
(0.015500264 0.0013258716 0.0013258716)
(0.015500264 0.0011021359 0.00151696)
(0.015500264 0.00085126202 0.0016706957)
(0.015500264 0.00057942718 0.0017832934)
(0.015500264 0.00029332492 0.0018519805)
(0.015500265 0 0.0018750659)
(0.015800223 0.0018750546 0)
(0.015800223 0.0018519694 0.00029332314)
(0.015800223 0.0017832827 0.00057942367)
(0.015800223 0.0016706856 0.00085125686)
(0.015800223 0.0015169508 0.0011021293)
(0.015800223 0.0013258636 0.0013258636)
(0.015800223 0.0011021293 0.0015169508)
(0.015800223 0.00085125686 0.0016706856)
(0.015800223 0.00057942367 0.0017832827)
(0.015800223 0.00029332314 0.0018519694)
(0.015800223 0 0.0018750546)
(0.016100188 0.0018750452 0)
(0.016100188 0.0018519601 0.00029332166)
(0.016100188 0.0017832737 0.00057942076)
(0.016100188 0.0016706773 0.00085125259)
(0.016100188 0.0015169432 0.0011021237)
(0.016100188 0.001325857 0.001325857)
(0.016100188 0.0011021237 0.0015169432)
(0.016100188 0.00085125259 0.0016706773)
(0.016100188 0.00057942076 0.0017832737)
(0.016100188 0.00029332166 0.0018519601)
(0.016100188 0 0.0018750452)
(0.016400158 0.0018750374 0)
(0.016400158 0.0018519524 0.00029332044)
(0.016400158 0.0017832663 0.00057941834)
(0.016400158 0.0016706703 0.00085124904)
(0.016400158 0.0015169369 0.0011021192)
(0.016400158 0.0013258514 0.0013258514)
(0.016400158 0.0011021192 0.0015169369)
(0.016400158 0.00085124904 0.0016706703)
(0.016400158 0.00057941834 0.0017832663)
(0.016400158 0.00029332044 0.0018519524)
(0.016400158 0 0.0018750374)
(0.016700133 0.0018750309 0)
(0.016700133 0.001851946 0.00029331942)
(0.016700133 0.0017832602 0.00057941633)
(0.016700133 0.0016706645 0.00085124608)
(0.016700133 0.0015169316 0.0011021153)
(0.016700133 0.0013258468 0.0013258468)
(0.016700133 0.0011021153 0.0015169316)
(0.016700133 0.00085124608 0.0016706645)
(0.016700133 0.00057941633 0.0017832602)
(0.016700133 0.00029331942 0.001851946)
(0.016700133 0 0.0018750309)
(0.017000112 0.0018750255 0)
(0.017000112 0.0018519407 0.00029331857)
(0.017000112 0.001783255 0.00057941465)
(0.017000112 0.0016706597 0.00085124362)
(0.017000112 0.0015169272 0.0011021121)
(0.017000112 0.001325843 0.001325843)
(0.017000112 0.0011021121 0.0015169272)
(0.017000112 0.00085124362 0.0016706597)
(0.017000112 0.00057941465 0.001783255)
(0.017000112 0.00029331857 0.0018519407)
(0.017000112 0 0.0018750255)
(0.017300094 0.0018750209 0)
(0.017300093 0.0018519362 0.00029331786)
(0.017300093 0.0017832507 0.00057941325)
(0.017300093 0.0016706557 0.00085124156)
(0.017300093 0.0015169236 0.0011021095)
(0.017300093 0.0013258398 0.0013258398)
(0.017300093 0.0011021095 0.0015169236)
(0.017300093 0.00085124156 0.0016706557)
(0.017300093 0.00057941325 0.0017832507)
(0.017300093 0.00029331786 0.0018519362)
(0.017300094 0 0.0018750209)
(0.017600078 0.0018750171 0)
(0.017600078 0.0018519324 0.00029331727)
(0.017600078 0.0017832471 0.00057941207)
(0.017600078 0.0016706523 0.00085123983)
(0.017600078 0.0015169205 0.0011021072)
(0.017600078 0.0013258371 0.0013258371)
(0.017600078 0.0011021072 0.0015169205)
(0.017600078 0.00085123983 0.0016706523)
(0.017600078 0.00057941207 0.0017832471)
(0.017600078 0.00029331727 0.0018519324)
(0.017600078 0 0.0018750171)
(0.017900064 0.0018750139 0)
(0.017900064 0.0018519293 0.00029331676)
(0.017900064 0.001783244 0.00057941108)
(0.017900064 0.0016706494 0.00085123837)
(0.017900064 0.0015169179 0.0011021053)
(0.017900064 0.0013258348 0.0013258348)
(0.017900064 0.0011021053 0.0015169179)
(0.017900064 0.00085123837 0.0016706494)
(0.017900064 0.00057941108 0.001783244)
(0.017900064 0.00029331676 0.0018519293)
(0.017900064 0 0.0018750139)
(0.018200053 0.0018750112 0)
(0.018200052 0.0018519266 0.00029331633)
(0.018200052 0.0017832414 0.00057941023)
(0.018200052 0.001670647 0.00085123713)
(0.018200052 0.0015169157 0.0011021037)
(0.018200052 0.0013258329 0.0013258329)
(0.018200052 0.0011021037 0.0015169157)
(0.018200052 0.00085123713 0.001670647)
(0.018200052 0.00057941023 0.0017832414)
(0.018200052 0.00029331633 0.0018519266)
(0.018200053 0 0.0018750112)
(0.018500042 0.0018750088 0)
(0.018500042 0.0018519242 0.00029331596)
(0.018500042 0.0017832392 0.0005794095)
(0.018500042 0.0016706449 0.00085123606)
(0.018500042 0.0015169138 0.0011021024)
(0.018500042 0.0013258312 0.0013258312)
(0.018500042 0.0011021024 0.0015169138)
(0.018500042 0.00085123606 0.0016706449)
(0.018500042 0.0005794095 0.0017832392)
(0.018500042 0.00029331596 0.0018519242)
(0.018500042 0 0.0018750088)
(0.018800033 0.0018750068 0)
(0.018800033 0.0018519222 0.00029331564)
(0.018800033 0.0017832372 0.00057940887)
(0.018800033 0.001670643 0.00085123512)
(0.018800033 0.0015169121 0.0011021011)
(0.018800033 0.0013258298 0.0013258298)
(0.018800033 0.0011021011 0.0015169121)
(0.018800033 0.00085123512 0.001670643)
(0.018800033 0.00057940887 0.0017832372)
(0.018800033 0.00029331564 0.0018519222)
(0.018800033 0 0.0018750068)
(0.019100024 0.0018750049 0)
(0.019100024 0.0018519204 0.00029331535)
(0.019100024 0.0017832355 0.0005794083)
(0.019100024 0.0016706414 0.00085123428)
(0.019100024 0.0015169106 0.0011021001)
(0.019100024 0.0013258285 0.0013258285)
(0.019100024 0.0011021001 0.0015169106)
(0.019100024 0.00085123428 0.0016706414)
(0.019100024 0.0005794083 0.0017832355)
(0.019100024 0.00029331535 0.0018519204)
(0.019100024 0 0.0018750049)
(0.019400016 0.0018750032 0)
(0.019400016 0.0018519187 0.00029331509)
(0.019400016 0.0017832339 0.00057940777)
(0.019400016 0.0016706399 0.00085123351)
(0.019400016 0.0015169092 0.0011020991)
(0.019400016 0.0013258273 0.0013258273)
(0.019400016 0.0011020991 0.0015169092)
(0.019400016 0.00085123351 0.0016706399)
(0.019400016 0.00057940777 0.0017832339)
(0.019400016 0.00029331509 0.0018519187)
(0.019400016 0 0.0018750032)
(0.019700008 0.0018750016 0)
(0.019700008 0.0018519171 0.00029331483)
(0.019700008 0.0017832323 0.00057940727)
(0.019700008 0.0016706384 0.00085123277)
(0.019700008 0.0015169079 0.0011020981)
(0.019700008 0.0013258261 0.0013258261)
(0.019700008 0.0011020981 0.0015169079)
(0.019700008 0.00085123277 0.0016706384)
(0.019700008 0.00057940727 0.0017832323)
(0.019700008 0.00029331483 0.0018519171)
(0.019700008 0 0.0018750016)
(0.02 0.001875 0)
(0.02 0.0018519155 0.00029331458)
(0.02 0.0017832308 0.00057940678)
(0.02 0.001670637 0.00085123205)
(0.02 0.0015169066 0.0011020972)
(0.02 0.001325825 0.001325825)
(0.02 0.0011020972 0.0015169066)
(0.02 0.00085123205 0.001670637)
(0.02 0.00057940678 0.0017832308)
(0.02 0.00029331458 0.0018519155)
(0.02 0 0.001875)
(0.011003755 0.0021676488 0)
(0.011003755 0.0021409713 0.0003391104)
(0.011003752 0.0020615757 0.00066984294)
(0.011003749 0.0019314085 0.0009840967)
(0.01100375 0.001753682 0.0012741203)
(0.01100375 0.0015327723 0.0015327723)
(0.01100375 0.0012741203 0.001753682)
(0.011003749 0.0009840967 0.0019314085)
(0.011003752 0.00066984294 0.0020615757)
(0.011003755 0.0003391104 0.0021409713)
(0.011003755 0 0.0021676488)
(0.011303569 0.0021676005 0)
(0.01130357 0.0021409179 0.0003391128)
(0.011303568 0.0020615206 0.00066983164)
(0.011303567 0.0019313583 0.00098407394)
(0.011303566 0.0017536368 0.0012740894)
(0.011303566 0.0015327337 0.0015327337)
(0.011303566 0.0012740894 0.0017536368)
(0.011303567 0.00098407394 0.0019313583)
(0.011303568 0.00066983164 0.0020615206)
(0.01130357 0.0003391128 0.0021409179)
(0.011303569 0 0.0021676005)
(0.011603162 0.0021675014 0)
(0.011603162 0.0021408184 0.00033908389)
(0.011603161 0.0020614227 0.00066980146)
(0.01160316 0.0019312662 0.00098402982)
(0.01160316 0.0017535538 0.0012740308)
(0.01160316 0.0015326619 0.0015326619)
(0.01160316 0.0012740308 0.0017535538)
(0.01160316 0.00098402982 0.0019312662)
(0.011603161 0.00066980146 0.0020614227)
(0.011603162 0.00033908389 0.0021408184)
(0.011603162 0 0.0021675014)
(0.011902692 0.0021673867 0)
(0.011902692 0.0021407043 0.00033905981)
(0.011902692 0.0020613116 0.00066976466)
(0.011902691 0.0019311617 0.00098397773)
(0.011902691 0.0017534591 0.0012739631)
(0.011902691 0.0015325798 0.0015325798)
(0.011902691 0.0012739631 0.0017534591)
(0.011902691 0.00098397773 0.0019311617)
(0.011902692 0.00066976466 0.0020613116)
(0.011902692 0.0003390598 0.0021407043)
(0.011902692 0 0.0021673867)
(0.012202247 0.0021672759 0)
(0.012202247 0.0021405944 0.00033903982)
(0.012202247 0.002061205 0.00066972907)
(0.012202247 0.0019310615 0.0009839269)
(0.012202247 0.0017533682 0.0012738974)
(0.012202247 0.0015325005 0.0015325005)
(0.012202247 0.0012738974 0.0017533682)
(0.012202247 0.0009839269 0.0019310615)
(0.012202247 0.00066972907 0.002061205)
(0.012202247 0.00033903982 0.0021405944)
(0.012202247 0 0.0021672759)
(0.012501861 0.0021671768 0)
(0.012501861 0.0021404963 0.00033902311)
(0.012501861 0.0020611102 0.00066969748)
(0.012501861 0.0019309724 0.00098388129)
(0.012501861 0.0017532872 0.0012738386)
(0.012501861 0.0015324298 0.0015324298)
(0.012501861 0.0012738386 0.0017532872)
(0.012501861 0.00098388129 0.0019309724)
(0.012501861 0.00066969748 0.0020611102)
(0.012501861 0.00033902311 0.0021404963)
(0.012501861 0 0.0021671768)
(0.012801538 0.0021670915 0)
(0.012801538 0.002140412 0.00033900916)
(0.012801538 0.0020610287 0.00066967047)
(0.012801538 0.0019308958 0.00098384201)
(0.012801538 0.0017532175 0.001273788)
(0.012801538 0.0015323689 0.0015323689)
(0.012801538 0.001273788 0.0017532175)
(0.012801538 0.00098384201 0.0019308958)
(0.012801538 0.00066967047 0.0020610287)
(0.012801538 0.00033900916 0.002140412)
(0.012801538 0 0.0021670915)
(0.013101273 0.0021670195 0)
(0.013101273 0.0021403409 0.00033899756)
(0.013101273 0.00206096 0.00066964778)
(0.013101273 0.0019308313 0.00098380889)
(0.013101273 0.0017531589 0.0012737452)
(0.013101273 0.0015323175 0.0015323175)
(0.013101273 0.0012737452 0.0017531589)
(0.013101273 0.00098380889 0.0019308313)
(0.013101273 0.00066964778 0.00206096)
(0.013101273 0.00033899756 0.0021403409)
(0.013101273 0 0.0021670195)
(0.013401056 0.0021669594 0)
(0.013401056 0.0021402815 0.00033898796)
(0.013401056 0.0020609027 0.00066962889)
(0.013401056 0.0019307775 0.00098378125)
(0.013401056 0.0017531099 0.0012737095)
(0.013401056 0.0015322747 0.0015322747)
(0.013401056 0.0012737095 0.0017531099)
(0.013401056 0.00098378125 0.0019307775)
(0.013401056 0.00066962889 0.0020609027)
(0.013401056 0.00033898796 0.0021402815)
(0.013401056 0 0.0021669594)
(0.013700879 0.0021669094 0)
(0.013700879 0.0021402321 0.00033898001)
(0.013700879 0.0020608551 0.00066961323)
(0.013700879 0.0019307328 0.00098375831)
(0.013700879 0.0017530692 0.0012736799)
(0.013700879 0.0015322391 0.0015322391)
(0.013700879 0.0012736799 0.0017530692)
(0.013700879 0.00098375831 0.0019307328)
(0.013700879 0.00066961323 0.0020608551)
(0.013700879 0.00033898001 0.0021402321)
(0.013700879 0 0.0021669094)
(0.014000734 0.002166868 0)
(0.014000734 0.0021401912 0.00033897343)
(0.014000734 0.0020608156 0.00066960027)
(0.014000734 0.0019306958 0.00098373931)
(0.014000734 0.0017530356 0.0012736553)
(0.014000734 0.0015322096 0.0015322096)
(0.014000734 0.0012736553 0.0017530356)
(0.014000734 0.00098373931 0.0019306958)
(0.014000734 0.00066960027 0.0020608156)
(0.014000734 0.00033897343 0.0021401912)
(0.014000734 0 0.002166868)
(0.014300615 0.0021668337 0)
(0.014300615 0.0021401573 0.000338968)
(0.014300615 0.0020607829 0.00066958955)
(0.014300615 0.0019306651 0.00098372358)
(0.014300615 0.0017530077 0.001273635)
(0.014300615 0.0015321852 0.0015321852)
(0.014300615 0.001273635 0.0017530077)
(0.014300615 0.00098372358 0.0019306651)
(0.014300615 0.00066958955 0.0020607829)
(0.014300615 0.000338968 0.0021401573)
(0.014300615 0 0.0021668337)
(0.014600516 0.0021668053 0)
(0.014600516 0.0021401292 0.0003389635)
(0.014600516 0.0020607559 0.00066958068)
(0.014600516 0.0019306397 0.00098371056)
(0.014600516 0.0017529846 0.0012736182)
(0.014600516 0.0015321649 0.0015321649)
(0.014600516 0.0012736182 0.0017529846)
(0.014600516 0.00098371056 0.0019306397)
(0.014600516 0.00066958068 0.0020607559)
(0.014600516 0.0003389635 0.0021401292)
(0.014600516 0 0.0021668053)
(0.014900434 0.0021667817 0)
(0.014900434 0.0021401059 0.00033895978)
(0.014900434 0.0020607334 0.00066957333)
(0.014900434 0.0019306186 0.00098369978)
(0.014900434 0.0017529654 0.0012736042)
(0.014900434 0.0015321482 0.0015321482)
(0.014900434 0.0012736042 0.0017529654)
(0.014900434 0.00098369978 0.0019306186)
(0.014900434 0.00066957333 0.0020607334)
(0.014900434 0.00033895978 0.0021401059)
(0.014900434 0 0.0021667817)
(0.015200366 0.0021667621 0)
(0.015200366 0.0021400866 0.00033895669)
(0.015200366 0.0020607148 0.00066956724)
(0.015200366 0.0019306012 0.00098369083)
(0.015200366 0.0017529495 0.0012735927)
(0.015200366 0.0015321343 0.0015321343)
(0.015200366 0.0012735927 0.0017529495)
(0.015200366 0.00098369083 0.0019306012)
(0.015200366 0.00066956724 0.0020607148)
(0.015200366 0.00033895669 0.0021400865)
(0.015200366 0 0.0021667621)
(0.015500309 0.0021667458 0)
(0.015500309 0.0021400705 0.00033895413)
(0.015500309 0.0020606993 0.00066956218)
(0.015500309 0.0019305867 0.00098368341)
(0.015500309 0.0017529364 0.0012735831)
(0.015500309 0.0015321228 0.0015321228)
(0.015500309 0.0012735831 0.0017529364)
(0.015500309 0.00098368341 0.0019305867)
(0.015500309 0.00066956218 0.0020606993)
(0.015500309 0.00033895413 0.0021400705)
(0.015500309 0 0.0021667458)
(0.015800261 0.0021667323 0)
(0.01580026 0.0021400572 0.00033895201)
(0.01580026 0.0020606865 0.00066955799)
(0.01580026 0.0019305746 0.00098367725)
(0.01580026 0.0017529254 0.0012735751)
(0.01580026 0.0015321132 0.0015321132)
(0.01580026 0.0012735751 0.0017529254)
(0.01580026 0.00098367725 0.0019305746)
(0.01580026 0.00066955799 0.0020606865)
(0.01580026 0.00033895201 0.0021400572)
(0.015800261 0 0.0021667323)
(0.01610022 0.0021667211 0)
(0.01610022 0.0021400461 0.00033895024)
(0.01610022 0.0020606758 0.0006695545)
(0.01610022 0.0019305646 0.00098367213)
(0.01610022 0.0017529163 0.0012735685)
(0.01610022 0.0015321052 0.0015321052)
(0.01610022 0.0012735685 0.0017529163)
(0.01610022 0.00098367213 0.0019305646)
(0.01610022 0.0006695545 0.0020606758)
(0.01610022 0.00033895024 0.0021400461)
(0.01610022 0 0.0021667211)
(0.016400186 0.0021667117 0)
(0.016400185 0.0021400368 0.00033894877)
(0.016400185 0.0020606669 0.00066955159)
(0.016400185 0.0019305563 0.00098366786)
(0.016400185 0.0017529087 0.0012735629)
(0.016400185 0.0015320986 0.0015320986)
(0.016400185 0.0012735629 0.0017529087)
(0.016400185 0.00098366786 0.0019305563)
(0.016400185 0.00066955159 0.0020606669)
(0.016400185 0.00033894877 0.0021400368)
(0.016400186 0 0.0021667117)
(0.016700156 0.0021667039 0)
(0.016700156 0.0021400291 0.00033894754)
(0.016700156 0.0020606595 0.00066954917)
(0.016700156 0.0019305493 0.00098366431)
(0.016700156 0.0017529024 0.0012735583)
(0.016700156 0.001532093 0.001532093)
(0.016700156 0.0012735583 0.0017529024)
(0.016700156 0.00098366431 0.0019305493)
(0.016700156 0.00066954917 0.0020606595)
(0.016700156 0.00033894754 0.0021400291)
(0.016700156 0 0.0021667039)
(0.017000131 0.0021666974 0)
(0.017000131 0.0021400227 0.00033894652)
(0.017000131 0.0020606533 0.00066954715)
(0.017000131 0.0019305435 0.00098366134)
(0.017000131 0.0017528971 0.0012735545)
(0.017000131 0.0015320884 0.0015320884)
(0.017000131 0.0012735545 0.0017528971)
(0.017000131 0.00098366134 0.0019305435)
(0.017000131 0.00066954715 0.0020606533)
(0.017000131 0.00033894652 0.0021400227)
(0.017000131 0 0.0021666974)
(0.01730011 0.002166692 0)
(0.01730011 0.0021400173 0.00033894566)
(0.01730011 0.0020606481 0.00066954546)
(0.01730011 0.0019305386 0.00098365886)
(0.01730011 0.0017528927 0.0012735513)
(0.01730011 0.0015320846 0.0015320846)
(0.01730011 0.0012735513 0.0017528927)
(0.01730011 0.00098365886 0.0019305386)
(0.01730011 0.00066954546 0.0020606481)
(0.01730011 0.00033894566 0.0021400173)
(0.01730011 0 0.002166692)
(0.017600092 0.0021666874 0)
(0.017600092 0.0021400128 0.00033894494)
(0.017600092 0.0020606437 0.00066954404)
(0.017600092 0.0019305345 0.00098365677)
(0.017600092 0.001752889 0.0012735486)
(0.017600092 0.0015320813 0.0015320813)
(0.017600092 0.0012735486 0.001752889)
(0.017600092 0.00098365677 0.0019305345)
(0.017600092 0.00066954404 0.0020606437)
(0.017600092 0.00033894494 0.0021400128)
(0.017600092 0 0.0021666874)
(0.017900076 0.0021666835 0)
(0.017900076 0.0021400089 0.00033894434)
(0.017900076 0.00206064 0.00066954284)
(0.017900076 0.0019305311 0.00098365501)
(0.017900076 0.0017528858 0.0012735463)
(0.017900076 0.0015320786 0.0015320786)
(0.017900076 0.0012735463 0.0017528858)
(0.017900076 0.00098365501 0.0019305311)
(0.017900076 0.00066954284 0.00206064)
(0.017900076 0.00033894434 0.0021400089)
(0.017900076 0 0.0021666835)
(0.018200062 0.0021666802 0)
(0.018200062 0.0021400057 0.00033894382)
(0.018200062 0.0020606369 0.00066954181)
(0.018200062 0.0019305281 0.0009836535)
(0.018200062 0.0017528832 0.0012735444)
(0.018200062 0.0015320762 0.0015320762)
(0.018200062 0.0012735444 0.0017528832)
(0.018200062 0.0009836535 0.0019305281)
(0.018200062 0.00066954182 0.0020606369)
(0.018200062 0.00033894382 0.0021400057)
(0.018200062 0 0.0021666802)
(0.01850005 0.0021666773 0)
(0.01850005 0.0021400029 0.00033894337)
(0.01850005 0.0020606342 0.00066954093)
(0.01850005 0.0019305256 0.00098365221)
(0.01850005 0.0017528809 0.0012735427)
(0.01850005 0.0015320742 0.0015320742)
(0.01850005 0.0012735427 0.0017528809)
(0.01850005 0.00098365221 0.0019305256)
(0.01850005 0.00066954093 0.0020606342)
(0.01850005 0.00033894337 0.0021400029)
(0.01850005 0 0.0021666773)
(0.018800038 0.0021666748 0)
(0.018800038 0.0021400004 0.00033894298)
(0.018800038 0.0020606318 0.00066954016)
(0.018800038 0.0019305234 0.00098365108)
(0.018800038 0.0017528789 0.0012735412)
(0.018800038 0.0015320725 0.0015320725)
(0.018800038 0.0012735412 0.0017528789)
(0.018800038 0.00098365108 0.0019305234)
(0.018800038 0.00066954016 0.0020606318)
(0.018800038 0.00033894298 0.0021400004)
(0.018800038 0 0.0021666748)
(0.019100028 0.0021666726 0)
(0.019100028 0.0021399982 0.00033894263)
(0.019100028 0.0020606297 0.00066953947)
(0.019100028 0.0019305214 0.00098365006)
(0.019100028 0.001752877 0.0012735399)
(0.019100028 0.0015320709 0.0015320709)
(0.019100028 0.0012735399 0.001752877)
(0.019100028 0.00098365006 0.0019305214)
(0.019100028 0.00066953947 0.0020606297)
(0.019100028 0.00033894263 0.0021399982)
(0.019100028 0 0.0021666726)
(0.019400019 0.0021666706 0)
(0.019400019 0.0021399962 0.00033894231)
(0.019400019 0.0020606277 0.00066953884)
(0.019400019 0.0019305196 0.00098364913)
(0.019400019 0.0017528754 0.0012735387)
(0.019400019 0.0015320694 0.0015320694)
(0.019400019 0.0012735387 0.0017528754)
(0.019400019 0.00098364913 0.0019305196)
(0.019400019 0.00066953884 0.0020606277)
(0.019400019 0.00033894231 0.0021399962)
(0.019400019 0 0.0021666706)
(0.019700009 0.0021666686 0)
(0.019700009 0.0021399942 0.000338942)
(0.019700009 0.0020606259 0.00066953823)
(0.019700009 0.0019305178 0.00098364824)
(0.019700009 0.0017528738 0.0012735375)
(0.019700009 0.001532068 0.001532068)
(0.019700009 0.0012735375 0.0017528738)
(0.019700009 0.00098364824 0.0019305178)
(0.019700009 0.00066953823 0.0020606259)
(0.019700009 0.000338942 0.0021399942)
(0.019700009 0 0.0021666686)
(0.02 0.0021666667 0)
(0.02 0.0021399923 0.0003389417)
(0.02 0.002060624 0.00066953763)
(0.02 0.0019305161 0.00098364736)
(0.02 0.0017528722 0.0012735364)
(0.02 0.0015320667 0.0015320667)
(0.02 0.0012735364 0.0017528722)
(0.02 0.00098364736 0.0019305161)
(0.02 0.00066953763 0.002060624)
(0.02 0.0003389417 0.0021399923)
(0.02 0 0.0021666667)
(0.011003334 0.0024593407 0)
(0.011003333 0.0024290758 0.00038473805)
(0.01100333 0.0023389997 0.00075998403)
(0.011003329 0.0021913181 0.0011165279)
(0.01100333 0.0019896762 0.0014455809)
(0.011003331 0.0017390394 0.0017390394)
(0.01100333 0.0014455809 0.0019896762)
(0.011003329 0.0011165279 0.0021913181)
(0.01100333 0.00075998403 0.0023389998)
(0.011003333 0.00038473805 0.0024290758)
(0.011003334 0 0.0024593407)
(0.0113032 0.0024592948 0)
(0.0113032 0.0024290235 0.00038474284)
(0.011303199 0.0023389442 0.00075997191)
(0.011303198 0.0021912677 0.0011165049)
(0.011303198 0.0019896307 0.0014455494)
(0.011303199 0.0017390004 0.0017390004)
(0.011303198 0.0014455494 0.0019896307)
(0.011303198 0.0011165049 0.0021912677)
(0.011303199 0.00075997191 0.0023389442)
(0.0113032 0.00038474284 0.0024290235)
(0.0113032 0 0.0024592948)
(0.011602903 0.0024592013 0)
(0.011602903 0.0024289291 0.00038471683)
(0.011602902 0.0023388504 0.00075994346)
(0.011602902 0.0021911789 0.0011164623)
(0.011602902 0.0019895505 0.0014454927)
(0.011602902 0.001738931 0.001738931)
(0.011602902 0.0014454927 0.0019895505)
(0.011602902 0.0011164623 0.0021911789)
(0.011602902 0.00075994346 0.0023388504)
(0.011602903 0.00038471683 0.0024289291)
(0.011602903 0 0.0024592013)
(0.011902542 0.0024590911 0)
(0.011902542 0.0024288191 0.00038469371)
(0.011902542 0.0023387425 0.00075990812)
(0.011902542 0.002191077 0.0011164117)
(0.011902542 0.001989458 0.0014454266)
(0.011902542 0.0017388507 0.0017388507)
(0.011902542 0.0014454266 0.001989458)
(0.011902542 0.0011164117 0.002191077)
(0.011902542 0.00075990812 0.0023387425)
(0.011902542 0.00038469371 0.0024288191)
(0.011902542 0 0.0024590911)
(0.01220218 0.0024589818 0)
(0.01220218 0.0024287105 0.00038467377)
(0.01220218 0.0023386367 0.00075987289)
(0.01220218 0.0021909773 0.0011163611)
(0.01220218 0.0019893674 0.0014453612)
(0.01220218 0.0017387717 0.0017387717)
(0.01220218 0.0014453612 0.0019893674)
(0.01220218 0.0011163611 0.0021909773)
(0.01220218 0.00075987289 0.0023386367)
(0.01220218 0.00038467377 0.0024287105)
(0.01220218 0 0.0024589818)
(0.012501848 0.0024588817 0)
(0.012501848 0.0024286112 0.00038465669)
(0.012501848 0.0023385405 0.00075984081)
(0.012501848 0.0021908866 0.0011163148)
(0.012501848 0.0019892849 0.0014453013)
(0.012501848 0.0017386996 0.0017386996)
(0.012501848 0.0014453013 0.0019892849)
(0.012501848 0.0011163148 0.0021908866)
(0.012501848 0.00075984081 0.0023385405)
(0.012501848 0.00038465669 0.0024286112)
(0.012501848 0 0.0024588817)
(0.012801557 0.0024587938 0)
(0.012801557 0.0024285242 0.00038464218)
(0.012801557 0.0023384563 0.00075981282)
(0.012801557 0.0021908073 0.0011162741)
(0.012801557 0.0019892128 0.0014452489)
(0.012801557 0.0017386365 0.0017386365)
(0.012801557 0.0014452489 0.0019892128)
(0.012801557 0.0011162741 0.0021908073)
(0.012801557 0.00075981282 0.0023384563)
(0.012801557 0.00038464218 0.0024285242)
(0.012801557 0 0.0024587938)
(0.013101309 0.0024587184 0)
(0.013101309 0.0024284496 0.00038462995)
(0.013101309 0.0023383842 0.00075978896)
(0.013101309 0.0021907396 0.0011162393)
(0.013101309 0.0019891511 0.0014452039)
(0.013101309 0.0017385826 0.0017385826)
(0.013101309 0.0014452039 0.0019891511)
(0.013101309 0.0011162393 0.0021907396)
(0.013101309 0.00075978896 0.0023383842)
(0.013101309 0.00038462995 0.0024284496)
(0.013101309 0 0.0024587184)
(0.013401101 0.0024586547 0)
(0.013401101 0.0024283866 0.0003846197)
(0.013401101 0.0023383233 0.00075976885)
(0.013401101 0.0021906824 0.0011162099)
(0.013401101 0.001989099 0.0014451659)
(0.013401101 0.001738537 0.001738537)
(0.013401101 0.0014451659 0.001989099)
(0.013401101 0.0011162099 0.0021906824)
(0.013401101 0.00075976885 0.0023383233)
(0.013401101 0.0003846197 0.0024283866)
(0.013401101 0 0.0024586546)
(0.013700926 0.0024586011 0)
(0.013700926 0.0024283337 0.00038461115)
(0.013700926 0.0023382723 0.00075975201)
(0.013700926 0.0021906344 0.0011161852)
(0.013700926 0.0019890553 0.0014451341)
(0.013700926 0.0017384987 0.0017384987)
(0.013700926 0.0014451341 0.0019890553)
(0.013700926 0.0011161852 0.0021906344)
(0.013700926 0.00075975201 0.0023382722)
(0.013700926 0.00038461115 0.0024283337)
(0.013700926 0 0.0024586011)
(0.01400078 0.0024585563 0)
(0.01400078 0.0024282894 0.00038460402)
(0.01400078 0.0023382296 0.00075973797)
(0.01400078 0.0021905943 0.0011161646)
(0.01400078 0.0019890189 0.0014451075)
(0.01400078 0.0017384668 0.0017384668)
(0.01400078 0.0014451075 0.0019890189)
(0.01400078 0.0011161646 0.0021905943)
(0.01400078 0.00075973797 0.0023382296)
(0.01400078 0.00038460402 0.0024282894)
(0.01400078 0 0.0024585563)
(0.014300658 0.002458519 0)
(0.014300658 0.0024282525 0.00038459809)
(0.014300658 0.002338194 0.00075972627)
(0.014300658 0.0021905609 0.0011161475)
(0.014300658 0.0019889885 0.0014450853)
(0.014300658 0.0017384401 0.0017384401)
(0.014300658 0.0014450853 0.0019889885)
(0.014300658 0.0011161475 0.0021905609)
(0.014300658 0.00075972627 0.002338194)
(0.014300658 0.00038459809 0.0024282525)
(0.014300658 0 0.002458519)
(0.014600555 0.0024584878 0)
(0.014600555 0.0024282217 0.00038459315)
(0.014600555 0.0023381643 0.00075971653)
(0.014600555 0.002190533 0.0011161332)
(0.014600555 0.0019889631 0.0014450669)
(0.014600555 0.001738418 0.001738418)
(0.014600555 0.0014450669 0.0019889631)
(0.014600555 0.0011161332 0.002190533)
(0.014600555 0.00075971653 0.0023381643)
(0.014600555 0.00038459315 0.0024282217)
(0.014600555 0 0.0024584878)
(0.01490047 0.0024584618 0)
(0.014900469 0.002428196 0.00038458904)
(0.014900469 0.0023381395 0.00075970842)
(0.014900469 0.0021905098 0.0011161213)
(0.014900469 0.001988942 0.0014450515)
(0.014900469 0.0017383995 0.0017383995)
(0.014900469 0.0014450515 0.001988942)
(0.014900469 0.0011161213 0.0021905098)
(0.014900469 0.00075970842 0.0023381395)
(0.014900469 0.00038458904 0.002428196)
(0.014900469 0 0.0024584618)
(0.015200397 0.0024584402 0)
(0.015200397 0.0024281747 0.00038458562)
(0.015200397 0.0023381189 0.00075970167)
(0.015200397 0.0021904905 0.0011161114)
(0.015200397 0.0019889244 0.0014450387)
(0.015200397 0.0017383841 0.0017383841)
(0.015200397 0.0014450387 0.0019889244)
(0.015200397 0.0011161114 0.0021904905)
(0.015200397 0.00075970167 0.0023381189)
(0.015200397 0.00038458562 0.0024281747)
(0.015200397 0 0.0024584402)
(0.015500336 0.0024584221 0)
(0.015500336 0.0024281568 0.00038458278)
(0.015500336 0.0023381018 0.00075969605)
(0.015500336 0.0021904744 0.0011161031)
(0.015500336 0.0019889098 0.001445028)
(0.015500336 0.0017383713 0.0017383713)
(0.015500336 0.001445028 0.0019889098)
(0.015500336 0.0011161031 0.0021904744)
(0.015500336 0.00075969605 0.0023381018)
(0.015500336 0.00038458278 0.0024281568)
(0.015500336 0 0.0024584221)
(0.015800284 0.0024584071 0)
(0.015800284 0.002428142 0.00038458041)
(0.015800284 0.0023380874 0.00075969137)
(0.015800284 0.0021904609 0.0011160963)
(0.015800284 0.0019888976 0.0014450191)
(0.015800284 0.0017383606 0.0017383606)
(0.015800284 0.0014450191 0.0019888976)
(0.015800284 0.0011160963 0.0021904609)
(0.015800284 0.00075969137 0.0023380874)
(0.015800284 0.00038458041 0.002428142)
(0.015800284 0 0.0024584071)
(0.016100241 0.0024583946 0)
(0.01610024 0.0024281296 0.00038457843)
(0.01610024 0.0023380755 0.00075968747)
(0.016100241 0.0021904498 0.0011160905)
(0.016100241 0.0019888874 0.0014450117)
(0.016100241 0.0017383517 0.0017383517)
(0.016100241 0.0014450117 0.0019888874)
(0.016100241 0.0011160905 0.0021904498)
(0.01610024 0.00075968747 0.0023380755)
(0.01610024 0.00038457843 0.0024281296)
(0.016100241 0 0.0024583945)
(0.016400203 0.0024583841 0)
(0.016400203 0.0024281192 0.00038457678)
(0.016400203 0.0023380655 0.00075968422)
(0.016400203 0.0021904404 0.0011160858)
(0.016400203 0.0019888789 0.0014450055)
(0.016400203 0.0017383443 0.0017383443)
(0.016400203 0.0014450055 0.0019888789)
(0.016400203 0.0011160858 0.0021904404)
(0.016400203 0.00075968422 0.0023380655)
(0.016400203 0.00038457678 0.0024281192)
(0.016400203 0 0.0024583841)
(0.016700172 0.0024583753 0)
(0.016700171 0.0024281106 0.00038457541)
(0.016700171 0.0023380572 0.0007596815)
(0.016700171 0.0021904326 0.0011160818)
(0.016700171 0.0019888718 0.0014450004)
(0.016700171 0.0017383381 0.0017383381)
(0.016700171 0.0014450004 0.0019888718)
(0.016700171 0.0011160818 0.0021904326)
(0.016700171 0.0007596815 0.0023380572)
(0.016700171 0.00038457541 0.0024281106)
(0.016700172 0 0.0024583753)
(0.017000144 0.002458368 0)
(0.017000144 0.0024281034 0.00038457426)
(0.017000144 0.0023380502 0.00075967923)
(0.017000144 0.0021904261 0.0011160784)
(0.017000144 0.0019888659 0.0014449961)
(0.017000144 0.0017383329 0.0017383329)
(0.017000144 0.0014449961 0.0019888659)
(0.017000144 0.0011160784 0.0021904261)
(0.017000144 0.00075967923 0.0023380502)
(0.017000144 0.00038457426 0.0024281034)
(0.017000144 0 0.002458368)
(0.017300121 0.0024583619 0)
(0.017300121 0.0024280973 0.00038457329)
(0.017300121 0.0023380444 0.00075967732)
(0.017300121 0.0021904206 0.0011160757)
(0.017300121 0.0019888609 0.0014449924)
(0.017300121 0.0017383285 0.0017383285)
(0.017300121 0.0014449924 0.0019888609)
(0.017300121 0.0011160757 0.0021904206)
(0.017300121 0.00075967732 0.0023380444)
(0.017300121 0.00038457329 0.0024280973)
(0.017300121 0 0.0024583619)
(0.017600101 0.0024583567 0)
(0.017600101 0.0024280922 0.00038457248)
(0.017600101 0.0023380395 0.00075967572)
(0.017600101 0.002190416 0.0011160733)
(0.017600101 0.0019888567 0.0014449894)
(0.017600101 0.0017383249 0.0017383249)
(0.017600101 0.0014449894 0.0019888567)
(0.017600101 0.0011160733 0.002190416)
(0.017600101 0.00075967572 0.0023380395)
(0.017600101 0.00038457248 0.0024280922)
(0.017600101 0 0.0024583567)
(0.017900083 0.0024583523 0)
(0.017900083 0.0024280879 0.0003845718)
(0.017900083 0.0023380353 0.00075967437)
(0.017900083 0.0021904121 0.0011160713)
(0.017900083 0.0019888532 0.0014449868)
(0.017900083 0.0017383218 0.0017383218)
(0.017900083 0.0014449868 0.0019888532)
(0.017900083 0.0011160713 0.0021904121)
(0.017900083 0.00075967437 0.0023380353)
(0.017900083 0.0003845718 0.0024280879)
(0.017900083 0 0.0024583523)
(0.018200068 0.0024583486 0)
(0.018200068 0.0024280842 0.00038457121)
(0.018200068 0.0023380318 0.00075967322)
(0.018200068 0.0021904088 0.0011160696)
(0.018200068 0.0019888502 0.0014449846)
(0.018200068 0.0017383191 0.0017383191)
(0.018200068 0.0014449846 0.0019888502)
(0.018200068 0.0011160696 0.0021904088)
(0.018200068 0.00075967322 0.0023380318)
(0.018200068 0.00038457121 0.0024280842)
(0.018200068 0 0.0024583486)
(0.018500055 0.0024583454 0)
(0.018500055 0.002428081 0.00038457071)
(0.018500055 0.0023380287 0.00075967222)
(0.018500055 0.0021904059 0.0011160682)
(0.018500055 0.0019888476 0.0014449827)
(0.018500055 0.0017383169 0.0017383169)
(0.018500055 0.0014449827 0.0019888476)
(0.018500055 0.0011160682 0.0021904059)
(0.018500055 0.00075967222 0.0023380287)
(0.018500055 0.00038457071 0.002428081)
(0.018500055 0 0.0024583454)
(0.018800042 0.0024583426 0)
(0.018800042 0.0024280783 0.00038457027)
(0.018800042 0.0023380261 0.00075967135)
(0.018800042 0.0021904034 0.0011160669)
(0.018800042 0.0019888453 0.0014449811)
(0.018800042 0.0017383149 0.0017383149)
(0.018800042 0.0014449811 0.0019888453)
(0.018800042 0.0011160669 0.0021904034)
(0.018800042 0.00075967135 0.0023380261)
(0.018800042 0.00038457027 0.0024280783)
(0.018800042 0 0.0024583426)
(0.019100031 0.0024583401 0)
(0.019100031 0.0024280758 0.00038456987)
(0.019100031 0.0023380237 0.00075967057)
(0.019100031 0.0021904012 0.0011160657)
(0.019100031 0.0019888433 0.0014449796)
(0.019100031 0.0017383131 0.0017383131)
(0.019100031 0.0014449796 0.0019888433)
(0.019100031 0.0011160657 0.0021904012)
(0.019100031 0.00075967057 0.0023380237)
(0.019100031 0.00038456987 0.0024280758)
(0.019100031 0 0.0024583401)
(0.019400021 0.0024583377 0)
(0.01940002 0.0024280735 0.00038456951)
(0.01940002 0.0023380215 0.00075966985)
(0.01940002 0.0021903991 0.0011160647)
(0.01940002 0.0019888414 0.0014449782)
(0.01940002 0.0017383114 0.0017383114)
(0.01940002 0.0014449782 0.0019888414)
(0.01940002 0.0011160647 0.0021903991)
(0.01940002 0.00075966985 0.0023380215)
(0.01940002 0.00038456951 0.0024280735)
(0.019400021 0 0.0024583377)
(0.01970001 0.0024583355 0)
(0.01970001 0.0024280713 0.00038456916)
(0.01970001 0.0023380193 0.00075966916)
(0.01970001 0.0021903971 0.0011160637)
(0.01970001 0.0019888396 0.0014449769)
(0.01970001 0.0017383099 0.0017383099)
(0.01970001 0.0014449769 0.0019888396)
(0.01970001 0.0011160637 0.0021903971)
(0.01970001 0.00075966916 0.0023380193)
(0.01970001 0.00038456916 0.0024280713)
(0.01970001 0 0.0024583355)
(0.02 0.0024583333 0)
(0.02 0.0024280691 0.00038456882)
(0.02 0.0023380173 0.00075966849)
(0.02 0.0021903952 0.0011160627)
(0.02 0.0019888378 0.0014449756)
(0.02 0.0017383083 0.0017383083)
(0.02 0.0014449756 0.0019888378)
(0.02 0.0011160627 0.0021903952)
(0.02 0.00075966849 0.0023380173)
(0.02 0.00038456882 0.0024280691)
(0.02 0 0.0024583333)
(0.011002888 0.0027510085 0)
(0.011002886 0.0027171557 0.00043036301)
(0.011002884 0.002616399 0.00085011827)
(0.011002884 0.0024512042 0.0012489482)
(0.011002886 0.002225649 0.0016170264)
(0.011002886 0.001945288 0.001945288)
(0.011002886 0.0016170264 0.002225649)
(0.011002884 0.0012489482 0.0024512042)
(0.011002884 0.00085011827 0.002616399)
(0.011002886 0.00043036301 0.0027171557)
(0.011002888 0 0.0027510085)
(0.011302789 0.0027509626 0)
(0.011302789 0.0027171026 0.00043036901)
(0.011302788 0.0026163418 0.00085010448)
(0.011302788 0.0024511522 0.001248924)
(0.011302788 0.002225602 0.0016169935)
(0.011302789 0.0019452476 0.0019452476)
(0.011302788 0.0016169935 0.002225602)
(0.011302788 0.001248924 0.0024511522)
(0.011302788 0.00085010447 0.0026163418)
(0.011302789 0.00043036901 0.0027171026)
(0.011302789 0 0.0027509626)
(0.011602569 0.0027508711 0)
(0.011602569 0.0027170099 0.00043034487)
(0.011602569 0.002616249 0.00085007625)
(0.011602569 0.0024510641 0.0012488812)
(0.011602569 0.0022255222 0.0016169368)
(0.011602569 0.0019451784 0.0019451784)
(0.011602569 0.0016169368 0.0022255222)
(0.011602569 0.0012488812 0.0024510641)
(0.011602569 0.00085007625 0.002616249)
(0.011602569 0.00043034487 0.0027170099)
(0.011602569 0 0.0027508711)
(0.011902296 0.0027507645 0)
(0.011902297 0.0027169031 0.00043032257)
(0.011902297 0.0026161437 0.00085004189)
(0.011902297 0.0024509643 0.0012488314)
(0.011902297 0.0022254316 0.0016168718)
(0.011902297 0.0019450995 0.0019450995)
(0.011902297 0.0016168718 0.0022254316)
(0.011902297 0.0012488314 0.0024509643)
(0.011902297 0.00085004188 0.0026161437)
(0.011902297 0.00043032257 0.0027169031)
(0.011902296 0 0.0027507645)
(0.012202012 0.0027506586 0)
(0.012202013 0.0027167976 0.00043030305)
(0.012202013 0.0026160406 0.00085000758)
(0.012202013 0.0024508668 0.001248782)
(0.012202013 0.0022253428 0.0016168077)
(0.012202013 0.0019450221 0.0019450221)
(0.012202013 0.0016168077 0.0022253428)
(0.012202013 0.001248782 0.0024508668)
(0.012202013 0.00085000758 0.0026160406)
(0.012202013 0.00043030305 0.0027167976)
(0.012202012 0 0.0027506586)
(0.012501741 0.0027505609 0)
(0.012501741 0.0027167006 0.00043028618)
(0.012501741 0.0026159463 0.0008499761)
(0.012501741 0.0024507778 0.0012487365)
(0.012501741 0.0022252617 0.0016167489)
(0.012501742 0.0019449512 0.0019449512)
(0.012501741 0.0016167489 0.0022252617)
(0.012501741 0.0012487365 0.0024507778)
(0.012501741 0.0008499761 0.0026159463)
(0.012501741 0.00043028618 0.0027167006)
(0.012501741 0 0.0027505609)
(0.012801494 0.0027504743 0)
(0.012801494 0.0027166148 0.00043027174)
(0.012801495 0.0026158631 0.00084994837)
(0.012801495 0.0024506994 0.0012486962)
(0.012801495 0.0022251903 0.0016166969)
(0.012801495 0.0019448887 0.0019448887)
(0.012801495 0.0016166969 0.0022251903)
(0.012801495 0.0012486962 0.0024506994)
(0.012801495 0.00084994837 0.0026158631)
(0.012801494 0.00043027174 0.0027166148)
(0.012801494 0 0.0027504743)
(0.013101277 0.0027503992 0)
(0.013101277 0.0027165405 0.00043025948)
(0.013101277 0.0026157912 0.0008499245)
(0.013101277 0.0024506317 0.0012486614)
(0.013101277 0.0022251286 0.0016166519)
(0.013101277 0.0019448347 0.0019448347)
(0.013101277 0.0016166519 0.0022251286)
(0.013101277 0.0012486614 0.0024506317)
(0.013101277 0.0008499245 0.0026157912)
(0.013101277 0.00043025948 0.0027165405)
(0.013101277 0 0.0027503992)
(0.013401088 0.0027503351 0)
(0.013401088 0.0027164771 0.00043024911)
(0.013401088 0.0026157298 0.00084990419)
(0.013401088 0.002450574 0.0012486317)
(0.013401088 0.0022250761 0.0016166136)
(0.013401088 0.0019447887 0.0019447887)
(0.013401088 0.0016166136 0.0022250761)
(0.013401088 0.0012486317 0.002450574)
(0.013401088 0.00084990419 0.0026157298)
(0.013401088 0.00043024911 0.0027164771)
(0.013401088 0 0.0027503351)
(0.013700926 0.0027502807 0)
(0.013700926 0.0027164233 0.00043024039)
(0.013700926 0.0026156779 0.00084988704)
(0.013700926 0.0024505252 0.0012486066)
(0.013700926 0.0022250317 0.0016165812)
(0.013700926 0.0019447498 0.0019447498)
(0.013700926 0.0016165812 0.0022250317)
(0.013700926 0.0012486066 0.0024505252)
(0.013700926 0.00084988704 0.0026156779)
(0.013700926 0.00043024039 0.0027164233)
(0.013700925 0 0.0027502807)
(0.014000787 0.0027502348 0)
(0.014000787 0.0027163779 0.00043023306)
(0.014000787 0.0026156341 0.00084987261)
(0.014000787 0.0024504841 0.0012485855)
(0.014000787 0.0022249942 0.0016165539)
(0.014000787 0.001944717 0.001944717)
(0.014000787 0.0016165539 0.0022249942)
(0.014000787 0.0012485855 0.0024504841)
(0.014000787 0.00084987261 0.0026156341)
(0.014000787 0.00043023306 0.0027163779)
(0.014000787 0 0.0027502348)
(0.014300669 0.0027501962 0)
(0.014300669 0.0027163398 0.00043022692)
(0.014300669 0.0026155974 0.0008498605)
(0.014300669 0.0024504495 0.0012485677)
(0.014300669 0.0022249628 0.0016165309)
(0.014300669 0.0019446895 0.0019446895)
(0.014300669 0.001616531 0.0022249628)
(0.014300669 0.0012485677 0.0024504495)
(0.014300669 0.0008498605 0.0026155974)
(0.014300669 0.00043022692 0.0027163398)
(0.014300669 0 0.0027501962)
(0.014600569 0.0027501639 0)
(0.014600569 0.0027163078 0.00043022178)
(0.014600569 0.0026155665 0.00084985035)
(0.014600569 0.0024504205 0.0012485529)
(0.014600569 0.0022249364 0.0016165117)
(0.014600569 0.0019446664 0.0019446664)
(0.014600569 0.0016165117 0.0022249364)
(0.014600569 0.0012485529 0.0024504205)
(0.014600569 0.00084985035 0.0026155665)
(0.014600569 0.00043022178 0.0027163078)
(0.014600569 0 0.0027501638)
(0.014900483 0.0027501367 0)
(0.014900483 0.0027162809 0.00043021747)
(0.014900483 0.0026155406 0.00084984186)
(0.014900483 0.0024503962 0.0012485404)
(0.014900483 0.0022249143 0.0016164956)
(0.014900483 0.001944647 0.001944647)
(0.014900483 0.0016164956 0.0022249143)
(0.014900483 0.0012485404 0.0024503962)
(0.014900483 0.00084984186 0.0026155406)
(0.014900483 0.00043021747 0.0027162809)
(0.014900483 0 0.0027501367)
(0.01520041 0.0027501139 0)
(0.01520041 0.0027162585 0.00043021387)
(0.01520041 0.0026155189 0.00084983476)
(0.01520041 0.0024503759 0.00124853)
(0.015200411 0.0022248958 0.0016164821)
(0.015200411 0.0019446308 0.0019446308)
(0.01520041 0.0016164821 0.0022248958)
(0.01520041 0.00124853 0.0024503759)
(0.01520041 0.00084983476 0.0026155189)
(0.01520041 0.00043021387 0.0027162585)
(0.01520041 0 0.0027501139)
(0.015500349 0.0027500949 0)
(0.015500349 0.0027162396 0.00043021086)
(0.015500349 0.0026155008 0.00084982882)
(0.015500349 0.0024503589 0.0012485213)
(0.015500349 0.0022248804 0.0016164709)
(0.015500349 0.0019446173 0.0019446173)
(0.015500349 0.0016164709 0.0022248804)
(0.015500349 0.0012485213 0.0024503589)
(0.015500349 0.00084982882 0.0026155008)
(0.015500349 0.00043021086 0.0027162396)
(0.015500349 0 0.0027500949)
(0.015800296 0.0027500789 0)
(0.015800296 0.0027162239 0.00043020835)
(0.015800296 0.0026154856 0.00084982385)
(0.015800296 0.0024503447 0.001248514)
(0.015800296 0.0022248674 0.0016164614)
(0.015800296 0.001944606 0.001944606)
(0.015800296 0.0016164614 0.0022248674)
(0.015800296 0.001248514 0.0024503447)
(0.015800296 0.00084982385 0.0026154856)
(0.015800296 0.00043020835 0.0027162239)
(0.015800296 0 0.0027500789)
(0.016100251 0.0027500656 0)
(0.016100251 0.0027162107 0.00043020625)
(0.016100251 0.0026154729 0.0008498197)
(0.016100251 0.0024503328 0.0012485079)
(0.016100251 0.0022248566 0.0016164536)
(0.016100251 0.0019445965 0.0019445965)
(0.016100251 0.0016164536 0.0022248566)
(0.016100251 0.0012485079 0.0024503328)
(0.016100251 0.0008498197 0.0026154729)
(0.016100251 0.00043020625 0.0027162107)
(0.016100251 0 0.0027500656)
(0.016400212 0.0027500544 0)
(0.016400212 0.0027161997 0.00043020449)
(0.016400212 0.0026154623 0.00084981623)
(0.016400212 0.0024503228 0.0012485028)
(0.016400212 0.0022248475 0.001616447)
(0.016400212 0.0019445886 0.0019445886)
(0.016400212 0.001616447 0.0022248475)
(0.016400212 0.0012485028 0.0024503228)
(0.016400212 0.00084981623 0.0026154623)
(0.016400212 0.00043020449 0.0027161997)
(0.016400212 0 0.0027500544)
(0.01670018 0.0027500451 0)
(0.01670018 0.0027161905 0.00043020302)
(0.01670018 0.0026154534 0.00084981333)
(0.01670018 0.0024503145 0.0012484985)
(0.01670018 0.00222484 0.0016164414)
(0.01670018 0.0019445819 0.0019445819)
(0.01670018 0.0016164414 0.00222484)
(0.01670018 0.0012484985 0.0024503145)
(0.01670018 0.00084981333 0.0026154534)
(0.01670018 0.00043020302 0.0027161905)
(0.01670018 0 0.0027500451)
(0.017000151 0.0027500373 0)
(0.017000151 0.0027161827 0.00043020179)
(0.017000151 0.002615446 0.00084981089)
(0.017000151 0.0024503075 0.0012484949)
(0.017000151 0.0022248336 0.0016164368)
(0.017000151 0.0019445764 0.0019445764)
(0.017000151 0.0016164368 0.0022248336)
(0.017000151 0.0012484949 0.0024503075)
(0.017000151 0.00084981089 0.002615446)
(0.017000151 0.00043020179 0.0027161827)
(0.017000151 0 0.0027500373)
(0.017300127 0.0027500307 0)
(0.017300127 0.0027161762 0.00043020075)
(0.017300127 0.0026154397 0.00084980885)
(0.017300127 0.0024503016 0.001248492)
(0.017300127 0.0022248283 0.0016164329)
(0.017300127 0.0019445717 0.0019445717)
(0.017300127 0.0016164329 0.0022248283)
(0.017300127 0.001248492 0.0024503016)
(0.017300127 0.00084980885 0.0026154397)
(0.017300127 0.00043020075 0.0027161762)
(0.017300127 0 0.0027500307)
(0.017600106 0.0027500251 0)
(0.017600106 0.0027161708 0.00043019988)
(0.017600106 0.0026154344 0.00084980713)
(0.017600106 0.0024502967 0.0012484894)
(0.017600106 0.0022248238 0.0016164297)
(0.017600106 0.0019445678 0.0019445678)
(0.017600106 0.0016164297 0.0022248238)
(0.017600106 0.0012484894 0.0024502967)
(0.017600106 0.00084980713 0.0026154344)
(0.017600106 0.00043019988 0.0027161708)
(0.017600106 0 0.0027500251)
(0.017900088 0.0027500205 0)
(0.017900088 0.0027161661 0.00043019914)
(0.017900088 0.00261543 0.00084980568)
(0.017900088 0.0024502925 0.0012484873)
(0.017900088 0.00222482 0.0016164269)
(0.017900088 0.0019445645 0.0019445645)
(0.017900088 0.0016164269 0.00222482)
(0.017900088 0.0012484873 0.0024502925)
(0.017900088 0.00084980568 0.00261543)
(0.017900088 0.00043019914 0.0027161661)
(0.017900088 0 0.0027500205)
(0.018200072 0.0027500164 0)
(0.018200072 0.0027161622 0.00043019852)
(0.018200072 0.0026154261 0.00084980444)
(0.018200072 0.0024502889 0.0012484855)
(0.018200072 0.0022248167 0.0016164246)
(0.018200072 0.0019445616 0.0019445616)
(0.018200072 0.0016164246 0.0022248167)
(0.018200072 0.0012484855 0.0024502889)
(0.018200072 0.00084980444 0.0026154261)
(0.018200072 0.00043019852 0.0027161622)
(0.018200072 0 0.0027500164)
(0.018500057 0.002750013 0)
(0.018500057 0.0027161588 0.00043019797)
(0.018500057 0.0026154229 0.00084980337)
(0.018500057 0.0024502858 0.0012484839)
(0.018500057 0.0022248139 0.0016164225)
(0.018500057 0.0019445592 0.0019445592)
(0.018500057 0.0016164225 0.0022248139)
(0.018500057 0.0012484839 0.0024502858)
(0.018500057 0.00084980337 0.0026154229)
(0.018500057 0.00043019797 0.0027161587)
(0.018500057 0 0.002750013)
(0.018800045 0.00275001 0)
(0.018800045 0.0027161558 0.0004301975)
(0.018800045 0.00261542 0.00084980243)
(0.018800045 0.0024502831 0.0012484825)
(0.018800045 0.0022248115 0.0016164207)
(0.018800045 0.0019445571 0.0019445571)
(0.018800045 0.0016164207 0.0022248115)
(0.018800045 0.0012484825 0.0024502831)
(0.018800045 0.00084980243 0.00261542)
(0.018800045 0.0004301975 0.0027161558)
(0.018800045 0 0.00275001)
(0.019100033 0.0027500072 0)
(0.019100033 0.0027161531 0.00043019707)
(0.019100033 0.0026154174 0.00084980159)
(0.019100033 0.0024502807 0.0012484813)
(0.019100033 0.0022248093 0.0016164191)
(0.019100033 0.0019445551 0.0019445551)
(0.019100033 0.0016164191 0.0022248093)
(0.019100033 0.0012484813 0.0024502807)
(0.019100033 0.00084980159 0.0026154174)
(0.019100033 0.00043019707 0.0027161531)
(0.019100033 0 0.0027500072)
(0.019400022 0.0027500047 0)
(0.019400022 0.0027161506 0.00043019668)
(0.019400022 0.002615415 0.00084980081)
(0.019400022 0.0024502785 0.0012484801)
(0.019400022 0.0022248073 0.0016164177)
(0.019400022 0.0019445534 0.0019445534)
(0.019400022 0.0016164177 0.0022248073)
(0.019400022 0.0012484801 0.0024502785)
(0.019400022 0.00084980081 0.002615415)
(0.019400022 0.00043019668 0.0027161506)
(0.019400022 0 0.0027500047)
(0.019700011 0.0027500024 0)
(0.019700011 0.0027161482 0.00043019631)
(0.019700011 0.0026154127 0.00084980007)
(0.019700011 0.0024502763 0.0012484791)
(0.019700011 0.0022248053 0.0016164163)
(0.019700011 0.0019445517 0.0019445517)
(0.019700011 0.0016164163 0.0022248053)
(0.019700011 0.0012484791 0.0024502763)
(0.019700011 0.00084980007 0.0026154127)
(0.019700011 0.00043019631 0.0027161482)
(0.019700011 0 0.0027500024)
(0.02 0.00275 0)
(0.02 0.0027161459 0.00043019594)
(0.02 0.0026154105 0.00084979934)
(0.02 0.0024502742 0.001248478)
(0.02 0.0022248034 0.0016164149)
(0.02 0.00194455 0.00194455)
(0.02 0.0016164149 0.0022248034)
(0.02 0.001248478 0.0024502742)
(0.02 0.00084979934 0.0026154105)
(0.02 0.00043019594 0.0027161459)
(0.02 0 0.00275)
(0.011002426 0.0030426478 0)
(0.011002424 0.003005207 0.00047598445)
(0.011002423 0.0028937698 0.00094024402)
(0.011002424 0.0027110631 0.0013813551)
(0.011002425 0.0024615968 0.001788454)
(0.011002426 0.0021515149 0.0021515149)
(0.011002425 0.001788454 0.0024615968)
(0.011002424 0.0013813551 0.0027110631)
(0.011002423 0.00094024401 0.0028937698)
(0.011002424 0.00047598445 0.003005207)
(0.011002426 0 0.0030426478)
(0.011302355 0.0030426014 0)
(0.011302355 0.0030051527 0.00047599066)
(0.011302354 0.0028937107 0.00094022822)
(0.011302355 0.0027110094 0.0013813295)
(0.011302356 0.0024615483 0.0017884196)
(0.011302356 0.0021514729 0.0021514729)
(0.011302356 0.0017884196 0.0024615483)
(0.011302355 0.0013813295 0.0027110094)
(0.011302354 0.00094022821 0.0028937107)
(0.011302355 0.00047599066 0.0030051527)
(0.011302355 0 0.0030426014)
(0.011602197 0.0030425115 0)
(0.011602197 0.0030050614 0.00047596797)
(0.011602197 0.0028936189 0.00094019984)
(0.011602197 0.0027109221 0.0013812864)
(0.011602198 0.002461469 0.0017883629)
(0.011602198 0.0021514039 0.0021514039)
(0.011602198 0.0017883629 0.002461469)
(0.011602197 0.0013812864 0.0027109221)
(0.011602197 0.00094019984 0.0028936189)
(0.011602197 0.00047596797 0.0030050614)
(0.011602197 0 0.0030425115)
(0.011901998 0.0030424094 0)
(0.011901999 0.0030049588 0.00047594668)
(0.011901999 0.0028935174 0.00094016663)
(0.011901999 0.0027108256 0.001381238)
(0.011902 0.0024613813 0.0017882997)
(0.011902 0.0021513275 0.0021513275)
(0.011902 0.0017882997 0.0024613813)
(0.011901999 0.001381238 0.0027108256)
(0.011901999 0.00094016663 0.0028935174)
(0.011901999 0.00047594668 0.0030049588)
(0.011901998 0 0.0030424094)
(0.012201786 0.0030423093 0)
(0.012201786 0.003004859 0.00047592805)
(0.012201786 0.0028934195 0.000940134)
(0.012201787 0.0027107328 0.0013811909)
(0.012201787 0.0024612968 0.0017882386)
(0.012201787 0.0021512537 0.0021512537)
(0.012201787 0.0017882386 0.0024612968)
(0.012201787 0.0013811909 0.0027107328)
(0.012201786 0.000940134 0.0028934195)
(0.012201786 0.00047592805 0.003004859)
(0.012201786 0 0.0030423093)
(0.012501575 0.0030422173 0)
(0.012501575 0.0030047675 0.00047591198)
(0.012501576 0.0028933303 0.00094010416)
(0.012501576 0.0027106485 0.0013811477)
(0.012501576 0.0024612199 0.0017881828)
(0.012501576 0.0021511864 0.0021511865)
(0.012501576 0.0017881828 0.0024612199)
(0.012501576 0.0013811477 0.0027106485)
(0.012501576 0.00094010416 0.0028933303)
(0.012501575 0.00047591198 0.0030047675)
(0.012501575 0 0.0030422173)
(0.012801376 0.0030421353 0)
(0.012801377 0.0030046862 0.0004758982)
(0.012801377 0.0028932513 0.00094007781)
(0.012801377 0.002710574 0.0013811094)
(0.012801377 0.002461152 0.0017881333)
(0.012801377 0.002151127 0.002151127)
(0.012801377 0.0017881333 0.002461152)
(0.012801377 0.0013811094 0.002710574)
(0.012801377 0.00094007781 0.0028932513)
(0.012801377 0.0004758982 0.0030046862)
(0.012801376 0 0.0030421353)
(0.013101195 0.0030420638 0)
(0.013101195 0.0030046154 0.00047588642)
(0.013101195 0.0028931827 0.00094005495)
(0.013101195 0.0027105093 0.0013810761)
(0.013101196 0.002461093 0.0017880903)
(0.013101196 0.0021510754 0.0021510754)
(0.013101196 0.0017880903 0.002461093)
(0.013101195 0.0013810761 0.0027105093)
(0.013101195 0.00094005495 0.0028931827)
(0.013101195 0.00047588642 0.0030046153)
(0.013101195 0 0.0030420638)
(0.013401032 0.0030420021 0)
(0.013401032 0.0030045543 0.00047587639)
(0.013401033 0.0028931236 0.00094003533)
(0.013401033 0.0027104536 0.0013810474)
(0.013401033 0.0024610423 0.0017880533)
(0.013401033 0.0021510309 0.0021510309)
(0.013401033 0.0017880533 0.0024610423)
(0.013401033 0.0013810474 0.0027104536)
(0.013401033 0.00094003533 0.0028931236)
(0.013401032 0.00047587639 0.0030045543)
(0.013401032 0 0.0030420021)
(0.013700889 0.0030419492 0)
(0.013700889 0.003004502 0.00047586788)
(0.013700889 0.0028930731 0.00094001861)
(0.013700889 0.0027104061 0.001381023)
(0.013700889 0.002460999 0.0017880217)
(0.013700889 0.002150993 0.002150993)
(0.013700889 0.0017880217 0.002460999)
(0.013700889 0.001381023 0.0027104061)
(0.013700889 0.00094001861 0.002893073)
(0.013700889 0.00047586788 0.003004502)
(0.013700889 0 0.0030419492)
(0.014000763 0.0030419042 0)
(0.014000763 0.0030044575 0.00047586067)
(0.014000763 0.0028930301 0.00094000441)
(0.014000764 0.0027103657 0.0013810022)
(0.014000764 0.0024609622 0.0017879949)
(0.014000764 0.0021509608 0.0021509608)
(0.014000764 0.0017879949 0.0024609622)
(0.014000764 0.0013810022 0.0027103657)
(0.014000763 0.00094000441 0.0028930301)
(0.014000763 0.00047586067 0.0030044575)
(0.014000763 0 0.0030419042)
(0.014300654 0.0030418661 0)
(0.014300654 0.0030044197 0.00047585457)
(0.014300654 0.0028929936 0.0009399924)
(0.014300654 0.0027103315 0.0013809846)
(0.014300654 0.002460931 0.0017879722)
(0.014300654 0.0021509335 0.0021509335)
(0.014300654 0.0017879722 0.002460931)
(0.014300654 0.0013809846 0.0027103315)
(0.014300654 0.0009399924 0.0028929936)
(0.014300654 0.00047585457 0.0030044197)
(0.014300654 0 0.0030418661)
(0.01460056 0.0030418337 0)
(0.01460056 0.0030043878 0.00047584943)
(0.01460056 0.0028929628 0.00093998227)
(0.01460056 0.0027103026 0.0013809697)
(0.01460056 0.0024609047 0.0017879529)
(0.01460056 0.0021509104 0.0021509104)
(0.01460056 0.0017879529 0.0024609047)
(0.01460056 0.0013809697 0.0027103026)
(0.01460056 0.00093998227 0.0028929628)
(0.01460056 0.00047584943 0.0030043878)
(0.01460056 0 0.0030418337)
(0.014900479 0.0030418065 0)
(0.014900479 0.0030043608 0.0004758451)
(0.014900479 0.0028929368 0.00093997373)
(0.014900479 0.0027102782 0.0013809572)
(0.014900479 0.0024608825 0.0017879368)
(0.014900479 0.002150891 0.002150891)
(0.014900479 0.0017879368 0.0024608825)
(0.014900479 0.0013809572 0.0027102782)
(0.014900479 0.00093997373 0.0028929368)
(0.014900479 0.0004758451 0.0030043608)
(0.014900479 0 0.0030418065)
(0.015200408 0.0030417835 0)
(0.015200408 0.0030043381 0.00047584147)
(0.015200408 0.002892915 0.00093996655)
(0.015200409 0.0027102576 0.0013809467)
(0.015200409 0.0024608638 0.0017879231)
(0.015200409 0.0021508746 0.0021508746)
(0.015200409 0.0017879231 0.0024608638)
(0.015200409 0.0013809467 0.0027102576)
(0.015200408 0.00093996655 0.002892915)
(0.015200408 0.00047584147 0.0030043381)
(0.015200408 0 0.0030417835)
(0.015500348 0.0030417642 0)
(0.015500348 0.0030043191 0.00047583841)
(0.015500348 0.0028928966 0.00093996052)
(0.015500348 0.0027102403 0.0013809378)
(0.015500348 0.0024608481 0.0017879117)
(0.015500348 0.0021508609 0.0021508609)
(0.015500348 0.0017879117 0.0024608481)
(0.015500348 0.0013809378 0.0027102403)
(0.015500348 0.00093996052 0.0028928966)
(0.015500348 0.00047583841 0.003004319)
(0.015500348 0 0.0030417642)
(0.015800296 0.003041748 0)
(0.015800297 0.003004303 0.00047583584)
(0.015800297 0.0028928811 0.00093995545)
(0.015800297 0.0027102258 0.0013809304)
(0.015800297 0.0024608349 0.0017879021)
(0.015800297 0.0021508493 0.0021508493)
(0.015800297 0.0017879021 0.0024608349)
(0.015800297 0.0013809304 0.0027102258)
(0.015800297 0.00093995545 0.0028928811)
(0.015800297 0.00047583584 0.003004303)
(0.015800296 0 0.003041748)
(0.016100252 0.0030417343 0)
(0.016100252 0.0030042895 0.00047583369)
(0.016100252 0.0028928681 0.00093995121)
(0.016100252 0.0027102137 0.0013809241)
(0.016100252 0.0024608239 0.001787894)
(0.016100252 0.0021508396 0.0021508396)
(0.016100252 0.001787894 0.0024608239)
(0.016100252 0.0013809241 0.0027102137)
(0.016100252 0.00093995121 0.0028928681)
(0.016100252 0.00047583369 0.0030042895)
(0.016100252 0 0.0030417343)
(0.016400214 0.0030417229 0)
(0.016400214 0.0030042782 0.00047583189)
(0.016400214 0.0028928572 0.00093994765)
(0.016400214 0.0027102035 0.0013809189)
(0.016400214 0.0024608146 0.0017878873)
(0.016400214 0.0021508315 0.0021508315)
(0.016400214 0.0017878873 0.0024608146)
(0.016400214 0.0013809189 0.0027102035)
(0.016400214 0.00093994765 0.0028928572)
(0.016400214 0.00047583189 0.0030042782)
(0.016400214 0 0.0030417229)
(0.016700181 0.0030417133 0)
(0.016700181 0.0030042688 0.00047583038)
(0.016700181 0.0028928481 0.00093994466)
(0.016700181 0.0027101949 0.0013809145)
(0.016700181 0.0024608068 0.0017878816)
(0.016700181 0.0021508247 0.0021508247)
(0.016700181 0.0017878816 0.0024608068)
(0.016700181 0.0013809145 0.0027101949)
(0.016700181 0.00093994466 0.0028928481)
(0.016700181 0.00047583038 0.0030042688)
(0.016700181 0 0.0030417133)
(0.017000153 0.0030417052 0)
(0.017000153 0.0030042608 0.00047582911)
(0.017000153 0.0028928404 0.00093994215)
(0.017000153 0.0027101877 0.0013809109)
(0.017000153 0.0024608003 0.0017878768)
(0.017000153 0.002150819 0.002150819)
(0.017000153 0.0017878768 0.0024608003)
(0.017000153 0.0013809109 0.0027101877)
(0.017000153 0.00093994215 0.0028928404)
(0.017000153 0.00047582911 0.0030042608)
(0.017000153 0 0.0030417052)
(0.017300128 0.0030416984 0)
(0.017300128 0.0030042541 0.00047582804)
(0.017300128 0.002892834 0.00093994005)
(0.017300128 0.0027101816 0.0013809078)
(0.017300128 0.0024607948 0.0017878728)
(0.017300128 0.0021508142 0.0021508142)
(0.017300128 0.0017878728 0.0024607948)
(0.017300128 0.0013809078 0.0027101816)
(0.017300128 0.00093994005 0.002892834)
(0.017300128 0.00047582804 0.0030042541)
(0.017300128 0 0.0030416984)
(0.017600107 0.0030416927 0)
(0.017600107 0.0030042484 0.00047582714)
(0.017600107 0.0028928285 0.00093993827)
(0.017600107 0.0027101765 0.0013809052)
(0.017600107 0.0024607901 0.0017878695)
(0.017600107 0.0021508101 0.0021508101)
(0.017600107 0.0017878695 0.0024607901)
(0.017600107 0.0013809052 0.0027101765)
(0.017600107 0.00093993827 0.0028928285)
(0.017600107 0.00047582714 0.0030042484)
(0.017600107 0 0.0030416927)
(0.017900089 0.0030416879 0)
(0.017900089 0.0030042436 0.00047582638)
(0.017900089 0.0028928239 0.00093993677)
(0.017900089 0.0027101722 0.0013809029)
(0.017900089 0.0024607862 0.0017878666)
(0.017900089 0.0021508067 0.0021508067)
(0.017900089 0.0017878666 0.0024607862)
(0.017900089 0.0013809029 0.0027101722)
(0.017900089 0.00093993677 0.0028928239)
(0.017900089 0.00047582638 0.0030042436)
(0.017900089 0 0.0030416879)
(0.018200073 0.0030416837 0)
(0.018200073 0.0030042396 0.00047582573)
(0.018200073 0.00289282 0.00093993548)
(0.018200073 0.0027101685 0.0013809011)
(0.018200073 0.0024607828 0.0017878642)
(0.018200073 0.0021508037 0.0021508037)
(0.018200073 0.0017878642 0.0024607828)
(0.018200073 0.0013809011 0.0027101685)
(0.018200073 0.00093993548 0.00289282)
(0.018200073 0.00047582573 0.0030042396)
(0.018200073 0 0.0030416837)
(0.018500058 0.0030416801 0)
(0.018500058 0.003004236 0.00047582517)
(0.018500058 0.0028928166 0.00093993437)
(0.018500058 0.0027101653 0.0013808994)
(0.018500058 0.0024607799 0.001787862)
(0.018500058 0.0021508012 0.0021508012)
(0.018500058 0.001787862 0.0024607799)
(0.018500058 0.0013808994 0.0027101653)
(0.018500058 0.00093993437 0.0028928166)
(0.018500058 0.00047582517 0.003004236)
(0.018500058 0 0.0030416801)
(0.018800045 0.003041677 0)
(0.018800045 0.0030042329 0.00047582467)
(0.018800045 0.0028928136 0.0009399334)
(0.018800045 0.0027101625 0.001380898)
(0.018800045 0.0024607774 0.0017878602)
(0.018800045 0.002150799 0.002150799)
(0.018800045 0.0017878602 0.0024607774)
(0.018800045 0.001380898 0.0027101625)
(0.018800045 0.0009399334 0.0028928136)
(0.018800045 0.00047582468 0.0030042329)
(0.018800045 0 0.003041677)
(0.019100033 0.0030416742 0)
(0.019100033 0.0030042301 0.00047582423)
(0.019100033 0.0028928109 0.00093993253)
(0.019100033 0.00271016 0.0013808967)
(0.019100033 0.0024607751 0.0017878585)
(0.019100033 0.002150797 0.002150797)
(0.019100033 0.0017878585 0.0024607751)
(0.019100033 0.0013808967 0.00271016)
(0.019100033 0.00093993253 0.0028928109)
(0.019100033 0.00047582423 0.0030042301)
(0.019100033 0 0.0030416742)
(0.019400022 0.0030416716 0)
(0.019400022 0.0030042276 0.00047582383)
(0.019400022 0.0028928084 0.00093993172)
(0.019400022 0.0027101577 0.0013808955)
(0.019400022 0.002460773 0.001787857)
(0.019400022 0.0021507951 0.0021507951)
(0.019400022 0.001787857 0.002460773)
(0.019400022 0.0013808955 0.0027101577)
(0.019400022 0.00093993172 0.0028928084)
(0.019400022 0.00047582383 0.0030042276)
(0.019400022 0 0.0030416716)
(0.019700011 0.0030416691 0)
(0.019700011 0.0030042251 0.00047582344)
(0.019700011 0.0028928061 0.00093993096)
(0.019700011 0.0027101555 0.0013808944)
(0.019700011 0.002460771 0.0017878555)
(0.019700011 0.0021507934 0.0021507934)
(0.019700011 0.0017878555 0.002460771)
(0.019700011 0.0013808944 0.0027101555)
(0.019700011 0.00093993096 0.0028928061)
(0.019700011 0.00047582344 0.0030042251)
(0.019700011 0 0.0030416691)
(0.02 0.0030416667 0)
(0.02 0.0030042227 0.00047582306)
(0.02 0.0028928037 0.0009399302)
(0.02 0.0027101533 0.0013808933)
(0.02 0.002460769 0.0017878541)
(0.02 0.0021507917 0.0021507917)
(0.02 0.0017878541 0.002460769)
(0.02 0.0013808933 0.0027101533)
(0.02 0.0009399302 0.0028928037)
(0.02 0.00047582306 0.0030042227)
(0.02 0 0.0030416667)
(0.011001957 0.003334255 0)
(0.011001956 0.0032932254 0.0005216014)
(0.011001955 0.0031711074 0.0010303593)
(0.011001956 0.0029708903 0.001513746)
(0.011001958 0.0026975155 0.0019598603)
(0.011001958 0.002357716 0.002357716)
(0.011001958 0.0019598603 0.0026975155)
(0.011001956 0.001513746 0.0029708903)
(0.011001955 0.0010303593 0.0031711074)
(0.011001956 0.0005216014 0.0032932254)
(0.011001957 0 0.003334255)
(0.011301911 0.0033342084 0)
(0.011301912 0.0032931708 0.00052160688)
(0.011301912 0.0031710479 0.0010303417)
(0.011301913 0.0029708362 0.0015137195)
(0.011301914 0.0026974667 0.0019598254)
(0.011301914 0.0023576736 0.0023576736)
(0.011301914 0.0019598254 0.0026974667)
(0.011301913 0.0015137195 0.0029708362)
(0.011301912 0.0010303417 0.0031710479)
(0.011301912 0.00052160688 0.0032931708)
(0.011301911 0 0.0033342084)
(0.011601808 0.0033341216 0)
(0.011601808 0.0032930826 0.00052158574)
(0.011601809 0.003170959 0.0010303136)
(0.01160181 0.0029707516 0.0015136771)
(0.01160181 0.0026973898 0.00195977)
(0.011601811 0.0023576066 0.0023576066)
(0.01160181 0.00195977 0.0026973898)
(0.01160181 0.0015136771 0.0029707516)
(0.011601809 0.0010303136 0.003170959)
(0.011601808 0.00052158574 0.0032930826)
(0.011601808 0 0.0033341216)
(0.011901676 0.003334027 0)
(0.011901676 0.0032929874 0.00052156607)
(0.011901677 0.0031708646 0.0010302825)
(0.011901677 0.0029706617 0.0015136317)
(0.011901678 0.002697308 0.0019597109)
(0.011901678 0.0023575353 0.0023575353)
(0.011901678 0.0019597109 0.002697308)
(0.011901677 0.0015136317 0.0029706618)
(0.011901677 0.0010302825 0.0031708646)
(0.011901676 0.00052156607 0.0032929874)
(0.011901676 0 0.003334027)
(0.012201528 0.0033339364 0)
(0.012201529 0.0032928968 0.00052154906)
(0.012201529 0.0031707755 0.0010302528)
(0.01220153 0.0029705772 0.0015135886)
(0.01220153 0.002697231 0.0019596551)
(0.012201531 0.0023574679 0.0023574679)
(0.01220153 0.0019596551 0.002697231)
(0.01220153 0.0015135886 0.0029705772)
(0.012201529 0.0010302528 0.0031707755)
(0.012201529 0.00052154906 0.0032928968)
(0.012201528 0 0.0033339364)
(0.012501376 0.0033338535 0)
(0.012501376 0.0032928144 0.00052153446)
(0.012501377 0.003170695 0.0010302258)
(0.012501377 0.002970501 0.0015135495)
(0.012501377 0.0026971614 0.0019596045)
(0.012501377 0.0023574071 0.0023574071)
(0.012501377 0.0019596045 0.0026971614)
(0.012501377 0.0015135495 0.002970501)
(0.012501377 0.0010302258 0.003170695)
(0.012501376 0.00052153446 0.0032928144)
(0.012501376 0 0.0033338535)
(0.012801225 0.0033337795 0)
(0.012801225 0.0032927409 0.0005215219)
(0.012801226 0.0031706234 0.0010302019)
(0.012801226 0.0029704334 0.0015135147)
(0.012801226 0.0026970998 0.0019595596)
(0.012801226 0.0023573531 0.0023573531)
(0.012801226 0.0019595596 0.0026970998)
(0.012801226 0.0015135147 0.0029704334)
(0.012801226 0.0010302019 0.0031706234)
(0.012801225 0.0005215219 0.0032927409)
(0.012801225 0 0.0033337795)
(0.013101081 0.0033337143 0)
(0.013101081 0.0032926762 0.00052151109)
(0.013101081 0.0031705607 0.0010301809)
(0.013101082 0.0029703742 0.0015134842)
(0.013101082 0.0026970458 0.0019595203)
(0.013101082 0.0023573058 0.0023573058)
(0.013101082 0.0019595203 0.0026970458)
(0.013101082 0.0015134842 0.0029703742)
(0.013101081 0.0010301809 0.0031705607)
(0.013101081 0.00052151109 0.0032926762)
(0.013101081 0 0.0033337143)
(0.013400947 0.0033336573 0)
(0.013400948 0.0032926198 0.00052150179)
(0.013400948 0.0031705061 0.0010301628)
(0.013400948 0.0029703227 0.0015134577)
(0.013400948 0.0026969989 0.001959486)
(0.013400948 0.0023572647 0.0023572647)
(0.013400948 0.001959486 0.0026969989)
(0.013400948 0.0015134577 0.0029703227)
(0.013400948 0.0010301628 0.0031705061)
(0.013400948 0.00052150179 0.0032926198)
(0.013400947 0 0.0033336573)
(0.013700826 0.003333608 0)
(0.013700826 0.003292571 0.00052149381)
(0.013700826 0.0031704588 0.0010301471)
(0.013700826 0.0029702783 0.0015134348)
(0.013700826 0.0026969583 0.0019594565)
(0.013700826 0.0023572292 0.0023572292)
(0.013700826 0.0019594565 0.0026969583)
(0.013700826 0.0015134348 0.0029702783)
(0.013700826 0.0010301471 0.0031704588)
(0.013700826 0.00052149381 0.003292571)
(0.013700826 0 0.003333608)
(0.014000716 0.0033335655 0)
(0.014000716 0.0032925289 0.00052148698)
(0.014000717 0.0031704182 0.0010301337)
(0.014000717 0.0029702401 0.0015134151)
(0.014000717 0.0026969235 0.0019594311)
(0.014000717 0.0023571987 0.0023571987)
(0.014000717 0.0019594311 0.0026969235)
(0.014000717 0.0015134151 0.0029702401)
(0.014000717 0.0010301337 0.0031704182)
(0.014000716 0.00052148698 0.0032925289)
(0.014000716 0 0.0033335655)
(0.014300619 0.0033335291 0)
(0.014300619 0.0032924929 0.00052148115)
(0.014300619 0.0031703835 0.0010301222)
(0.014300619 0.0029702074 0.0015133983)
(0.01430062 0.0026968938 0.0019594093)
(0.01430062 0.0023571727 0.0023571727)
(0.01430062 0.0019594093 0.0026968938)
(0.014300619 0.0015133983 0.0029702074)
(0.014300619 0.0010301222 0.0031703835)
(0.014300619 0.00052148115 0.0032924929)
(0.014300619 0 0.0033335291)
(0.014600534 0.003333498 0)
(0.014600534 0.0032924622 0.0005214762)
(0.014600534 0.0031703538 0.0010301124)
(0.014600534 0.0029701795 0.001513384)
(0.014600534 0.0026968684 0.0019593908)
(0.014600534 0.0023571505 0.0023571505)
(0.014600534 0.0019593908 0.0026968684)
(0.014600534 0.001513384 0.0029701795)
(0.014600534 0.0010301124 0.0031703538)
(0.014600534 0.0005214762 0.0032924622)
(0.014600534 0 0.003333498)
(0.014900459 0.0033334716 0)
(0.014900459 0.0032924361 0.000521472)
(0.014900459 0.0031703286 0.0010301041)
(0.014900459 0.0029701559 0.0015133718)
(0.014900459 0.0026968469 0.0019593751)
(0.014900459 0.0023571316 0.0023571316)
(0.014900459 0.0019593751 0.0026968469)
(0.014900459 0.0015133718 0.0029701559)
(0.014900459 0.0010301041 0.0031703286)
(0.014900459 0.000521472 0.0032924361)
(0.014900459 0 0.0033334716)
(0.015200394 0.0033334492 0)
(0.015200394 0.003292414 0.00052146844)
(0.015200394 0.0031703073 0.0010300971)
(0.015200394 0.0029701358 0.0015133616)
(0.015200394 0.0026968287 0.0019593618)
(0.015200394 0.0023571156 0.0023571156)
(0.015200394 0.0019593618 0.0026968287)
(0.015200394 0.0015133616 0.0029701358)
(0.015200394 0.0010300971 0.0031703073)
(0.015200394 0.00052146844 0.003292414)
(0.015200394 0 0.0033334492)
(0.015500337 0.0033334303 0)
(0.015500337 0.0032923953 0.00052146544)
(0.015500337 0.0031702892 0.0010300912)
(0.015500337 0.0029701189 0.0015133529)
(0.015500337 0.0026968133 0.0019593506)
(0.015500337 0.0023571021 0.0023571021)
(0.015500337 0.0019593506 0.0026968133)
(0.015500337 0.0015133529 0.0029701189)
(0.015500337 0.0010300912 0.0031702892)
(0.015500337 0.00052146544 0.0032923953)
(0.015500337 0 0.0033334303)
(0.015800288 0.0033334143 0)
(0.015800288 0.0032923795 0.00052146292)
(0.015800288 0.003170274 0.0010300862)
(0.015800288 0.0029701046 0.0015133456)
(0.015800288 0.0026968003 0.0019593411)
(0.015800288 0.0023570908 0.0023570908)
(0.015800288 0.0019593411 0.0026968003)
(0.015800288 0.0015133456 0.0029701046)
(0.015800288 0.0010300862 0.003170274)
(0.015800288 0.00052146292 0.0032923795)
(0.015800288 0 0.0033334143)
(0.016100245 0.0033334008 0)
(0.016100245 0.0032923662 0.00052146079)
(0.016100245 0.0031702612 0.001030082)
(0.016100245 0.0029700926 0.0015133394)
(0.016100245 0.0026967893 0.0019593332)
(0.016100245 0.0023570812 0.0023570812)
(0.016100245 0.0019593332 0.0026967893)
(0.016100245 0.0015133394 0.0029700926)
(0.016100245 0.001030082 0.0031702612)
(0.016100245 0.00052146079 0.0032923662)
(0.016100245 0 0.0033334008)
(0.016400209 0.0033333895 0)
(0.016400209 0.003292355 0.000521459)
(0.016400209 0.0031702504 0.0010300785)
(0.016400209 0.0029700825 0.0015133342)
(0.016400209 0.0026967801 0.0019593265)
(0.016400209 0.0023570731 0.0023570731)
(0.016400209 0.0019593265 0.0026967801)
(0.016400209 0.0015133342 0.0029700825)
(0.016400209 0.0010300785 0.0031702504)
(0.016400209 0.000521459 0.003292355)
(0.016400209 0 0.0033333895)
(0.016700177 0.0033333799 0)
(0.016700177 0.0032923455 0.0005214575)
(0.016700177 0.0031702413 0.0010300755)
(0.016700177 0.002970074 0.0015133298)
(0.016700177 0.0026967724 0.0019593208)
(0.016700177 0.0023570664 0.0023570664)
(0.016700177 0.0019593208 0.0026967724)
(0.016700177 0.0015133298 0.002970074)
(0.016700177 0.0010300755 0.0031702413)
(0.016700177 0.0005214575 0.0032923455)
(0.016700177 0 0.0033333799)
(0.01700015 0.0033333719 0)
(0.01700015 0.0032923376 0.00052145623)
(0.01700015 0.0031702337 0.001030073)
(0.01700015 0.0029700668 0.0015133262)
(0.01700015 0.0026967659 0.0019593161)
(0.01700015 0.0023570607 0.0023570607)
(0.01700015 0.0019593161 0.0026967659)
(0.01700015 0.0015133262 0.0029700668)
(0.01700015 0.001030073 0.0031702337)
(0.01700015 0.00052145623 0.0032923376)
(0.01700015 0 0.0033333719)
(0.017300126 0.0033333651 0)
(0.017300126 0.0032923309 0.00052145517)
(0.017300126 0.0031702272 0.0010300709)
(0.017300126 0.0029700608 0.0015133231)
(0.017300126 0.0026967604 0.0019593121)
(0.017300126 0.0023570559 0.0023570559)
(0.017300126 0.0019593121 0.0026967604)
(0.017300126 0.0015133231 0.0029700608)
(0.017300126 0.0010300709 0.0031702272)
(0.017300126 0.00052145517 0.0032923309)
(0.017300126 0 0.0033333651)
(0.017600105 0.0033333594 0)
(0.017600105 0.0032923253 0.00052145427)
(0.017600105 0.0031702218 0.0010300691)
(0.017600105 0.0029700557 0.0015133205)
(0.017600105 0.0026967558 0.0019593087)
(0.017600105 0.0023570518 0.0023570518)
(0.017600105 0.0019593087 0.0026967558)
(0.017600105 0.0015133205 0.0029700557)
(0.017600105 0.0010300691 0.0031702218)
(0.017600105 0.00052145427 0.0032923253)
(0.017600105 0 0.0033333594)
(0.017900087 0.0033333546 0)
(0.017900087 0.0032923205 0.00052145351)
(0.017900087 0.0031702172 0.0010300676)
(0.017900087 0.0029700513 0.0015133183)
(0.017900087 0.0026967518 0.0019593059)
(0.017900087 0.0023570484 0.0023570484)
(0.017900087 0.0019593059 0.0026967518)
(0.017900087 0.0015133183 0.0029700513)
(0.017900087 0.0010300676 0.0031702172)
(0.017900087 0.00052145351 0.0032923205)
(0.017900087 0 0.0033333546)
(0.018200071 0.0033333504 0)
(0.018200071 0.0032923164 0.00052145286)
(0.018200071 0.0031702132 0.0010300664)
(0.018200071 0.0029700476 0.0015133164)
(0.018200071 0.0026967485 0.0019593034)
(0.018200071 0.0023570454 0.0023570454)
(0.018200071 0.0019593034 0.0026967485)
(0.018200071 0.0015133164 0.0029700476)
(0.018200071 0.0010300664 0.0031702132)
(0.018200071 0.00052145286 0.0032923164)
(0.018200071 0 0.0033333504)
(0.018500057 0.0033333468 0)
(0.018500057 0.0032923129 0.00052145229)
(0.018500057 0.0031702098 0.0010300652)
(0.018500057 0.0029700444 0.0015133148)
(0.018500057 0.0026967456 0.0019593013)
(0.018500057 0.0023570429 0.0023570429)
(0.018500057 0.0019593013 0.0026967456)
(0.018500057 0.0015133148 0.0029700444)
(0.018500057 0.0010300652 0.0031702098)
(0.018500057 0.00052145229 0.0032923129)
(0.018500057 0 0.0033333468)
(0.018800044 0.0033333437 0)
(0.018800044 0.0032923097 0.0005214518)
(0.018800044 0.0031702068 0.0010300643)
(0.018800044 0.0029700416 0.0015133133)
(0.018800044 0.002696743 0.0019592994)
(0.018800044 0.0023570407 0.0023570407)
(0.018800044 0.0019592994 0.002696743)
(0.018800044 0.0015133133 0.0029700416)
(0.018800044 0.0010300643 0.0031702068)
(0.018800044 0.0005214518 0.0032923097)
(0.018800044 0 0.0033333437)
(0.019100033 0.0033333409 0)
(0.019100033 0.003292307 0.00052145136)
(0.019100033 0.0031702041 0.0010300634)
(0.019100033 0.0029700391 0.001513312)
(0.019100033 0.0026967407 0.0019592978)
(0.019100033 0.0023570387 0.0023570387)
(0.019100033 0.0019592978 0.0026967407)
(0.019100033 0.001513312 0.0029700391)
(0.019100033 0.0010300634 0.0031702041)
(0.019100033 0.00052145136 0.003292307)
(0.019100033 0 0.0033333409)
(0.019400022 0.0033333383 0)
(0.019400022 0.0032923044 0.00052145095)
(0.019400022 0.0031702017 0.0010300626)
(0.019400022 0.0029700368 0.0015133109)
(0.019400022 0.0026967386 0.0019592963)
(0.019400022 0.0023570368 0.0023570368)
(0.019400022 0.0019592963 0.0026967386)
(0.019400022 0.0015133109 0.0029700368)
(0.019400022 0.0010300626 0.0031702017)
(0.019400022 0.00052145095 0.0032923044)
(0.019400022 0 0.0033333383)
(0.019700011 0.0033333358 0)
(0.019700011 0.0032923019 0.00052145056)
(0.019700011 0.0031701993 0.0010300618)
(0.019700011 0.0029700346 0.0015133097)
(0.019700011 0.0026967366 0.0019592948)
(0.019700011 0.0023570351 0.0023570351)
(0.019700011 0.0019592948 0.0026967366)
(0.019700011 0.0015133097 0.0029700346)
(0.019700011 0.0010300618 0.0031701993)
(0.019700011 0.00052145056 0.0032923019)
(0.019700011 0 0.0033333358)
(0.02 0.0033333333 0)
(0.02 0.0032922995 0.00052145017)
(0.02 0.003170197 0.0010300611)
(0.02 0.0029700324 0.0015133086)
(0.02 0.0026967346 0.0019592933)
(0.02 0.0023570333 0.0023570333)
(0.02 0.0019592933 0.0026967346)
(0.02 0.0015133086 0.0029700324)
(0.02 0.0010300611 0.003170197)
(0.02 0.00052145017 0.0032922995)
(0.02 0 0.0033333333)
(0.011001491 0.0036258269 0)
(0.011001491 0.0035812079 0.00056721246)
(0.011001492 0.003448409 0.0011204621)
(0.011001494 0.0032306831 0.0016461189)
(0.011001496 0.0029334026 0.0021312435)
(0.011001496 0.0025638894 0.0025638894)
(0.011001496 0.0021312435 0.0029334026)
(0.011001494 0.0016461189 0.0032306831)
(0.011001492 0.0011204621 0.003448409)
(0.011001491 0.00056721246 0.0035812079)
(0.011001491 0 0.0036258269)
(0.01130147 0.0036257806 0)
(0.011301471 0.0035811538 0.00056721647)
(0.011301473 0.0034483497 0.0011204432)
(0.011301474 0.003230629 0.0016460919)
(0.011301475 0.0029333537 0.0021312082)
(0.011301475 0.0025638469 0.0025638469)
(0.011301475 0.0021312082 0.0029333537)
(0.011301474 0.0016460919 0.003230629)
(0.011301473 0.0011204432 0.0034483497)
(0.011301471 0.00056721647 0.0035811538)
(0.01130147 0 0.0036257806)
(0.011601419 0.0036257004 0)
(0.01160142 0.0035810724 0.00056719765)
(0.011601422 0.0034482681 0.0011204169)
(0.011601423 0.0032305514 0.0016460524)
(0.011601424 0.0029332833 0.0021311572)
(0.011601424 0.0025637854 0.0025637854)
(0.011601424 0.0021311572 0.0029332833)
(0.011601423 0.0016460524 0.0032305514)
(0.011601422 0.0011204169 0.0034482681)
(0.01160142 0.00056719765 0.0035810724)
(0.011601419 0 0.0036257004)
(0.01190135 0.0036256188 0)
(0.01190135 0.0035809903 0.0005671808)
(0.011901351 0.0034481865 0.0011203899)
(0.011901352 0.0032304738 0.0016460129)
(0.011901353 0.0029332127 0.002131106)
(0.011901353 0.0025637237 0.0025637237)
(0.011901353 0.002131106 0.0029332127)
(0.011901352 0.0016460129 0.0032304738)
(0.011901351 0.0011203899 0.0034481865)
(0.01190135 0.0005671808 0.0035809903)
(0.01190135 0 0.0036256188)
(0.012201263 0.0036255427 0)
(0.012201263 0.0035809141 0.00056716645)
(0.012201264 0.0034481114 0.0011203648)
(0.012201265 0.0032304025 0.0016459765)
(0.012201266 0.0029331477 0.0021310588)
(0.012201266 0.0025636669 0.0025636669)
(0.012201266 0.0021310588 0.0029331477)
(0.012201265 0.0016459765 0.0032304025)
(0.012201264 0.0011203648 0.0034481114)
(0.012201263 0.00056716645 0.0035809141)
(0.012201263 0 0.0036255427)
(0.012501163 0.0036254731 0)
(0.012501164 0.0035808446 0.00056715409)
(0.012501164 0.0034480434 0.001120342)
(0.012501165 0.0032303381 0.0016459434)
(0.012501165 0.0029330889 0.0021310161)
(0.012501166 0.0025636154 0.0025636154)
(0.012501165 0.0021310161 0.0029330889)
(0.012501165 0.0016459434 0.0032303381)
(0.012501164 0.001120342 0.0034480434)
(0.012501164 0.00056715409 0.0035808446)
(0.012501163 0 0.0036254731)
(0.012801057 0.0036254099 0)
(0.012801057 0.0035807819 0.00056714331)
(0.012801058 0.0034479822 0.0011203215)
(0.012801058 0.0032302802 0.0016459136)
(0.012801059 0.0029330361 0.0021309776)
(0.012801059 0.0025635692 0.0025635692)
(0.012801059 0.0021309776 0.0029330361)
(0.012801058 0.0016459136 0.0032302802)
(0.012801058 0.0011203215 0.0034479822)
(0.012801057 0.00056714331 0.0035807819)
(0.012801057 0 0.0036254099)
(0.013100949 0.0036253532 0)
(0.01310095 0.0035807256 0.00056713387)
(0.01310095 0.0034479276 0.0011203032)
(0.01310095 0.0032302286 0.001645887)
(0.01310095 0.002932989 0.0021309433)
(0.01310095 0.002563528 0.002563528)
(0.01310095 0.0021309433 0.002932989)
(0.01310095 0.001645887 0.0032302286)
(0.01310095 0.0011203032 0.0034479276)
(0.01310095 0.00056713387 0.0035807256)
(0.013100949 0 0.0036253532)
(0.013400844 0.0036253028 0)
(0.013400844 0.0035806757 0.00056712561)
(0.013400845 0.0034478792 0.0011202871)
(0.013400845 0.003230183 0.0016458634)
(0.013400845 0.0029329474 0.0021309129)
(0.013400845 0.0025634915 0.0025634915)
(0.013400845 0.0021309129 0.0029329474)
(0.013400845 0.0016458634 0.003230183)
(0.013400845 0.0011202871 0.0034478792)
(0.013400844 0.00056712561 0.0035806757)
(0.013400844 0 0.0036253028)
(0.013700745 0.0036252585 0)
(0.013700745 0.0035806318 0.00056711841)
(0.013700745 0.0034478367 0.001120273)
(0.013700745 0.003230143 0.0016458428)
(0.013700745 0.0029329109 0.0021308862)
(0.013700745 0.0025634595 0.0025634595)
(0.013700745 0.0021308862 0.0029329109)
(0.013700745 0.0016458428 0.003230143)
(0.013700745 0.001120273 0.0034478367)
(0.013700745 0.00056711841 0.0035806318)
(0.013700745 0 0.0036252585)
(0.014000653 0.0036252198 0)
(0.014000653 0.0035805935 0.00056711217)
(0.014000653 0.0034477997 0.0011202607)
(0.014000653 0.0032301081 0.0016458249)
(0.014000653 0.0029328792 0.0021308631)
(0.014000653 0.0025634317 0.0025634317)
(0.014000653 0.0021308631 0.0029328792)
(0.014000653 0.0016458249 0.0032301081)
(0.014000653 0.0011202607 0.0034477997)
(0.014000653 0.00056711217 0.0035805935)
(0.014000653 0 0.0036252198)
(0.014300569 0.0036251862 0)
(0.014300569 0.0035805603 0.00056710679)
(0.014300569 0.0034477676 0.0011202501)
(0.014300569 0.003230078 0.0016458093)
(0.01430057 0.0029328517 0.002130843)
(0.01430057 0.0025634076 0.0025634076)
(0.01430057 0.002130843 0.0029328517)
(0.014300569 0.0016458093 0.003230078)
(0.014300569 0.0011202501 0.0034477676)
(0.014300569 0.00056710679 0.0035805603)
(0.014300569 0 0.0036251862)
(0.014600494 0.0036251573 0)
(0.014600494 0.0035805317 0.00056710217)
(0.014600494 0.00344774 0.001120241)
(0.014600494 0.0032300521 0.001645796)
(0.014600494 0.0029328281 0.0021308258)
(0.014600494 0.0025633869 0.0025633869)
(0.014600494 0.0021308258 0.0029328281)
(0.014600494 0.001645796 0.003230052)
(0.014600494 0.001120241 0.00344774)
(0.014600494 0.00056710217 0.0035805317)
(0.014600494 0 0.0036251573)
(0.014900427 0.0036251325 0)
(0.014900427 0.0035805072 0.00056709822)
(0.014900427 0.0034477164 0.0011202332)
(0.014900427 0.0032300298 0.0016457846)
(0.014900427 0.0029328079 0.002130811)
(0.014900427 0.0025633692 0.0025633692)
(0.014900427 0.002130811 0.0029328079)
(0.014900427 0.0016457846 0.0032300298)
(0.014900427 0.0011202332 0.0034477164)
(0.014900427 0.00056709822 0.0035805072)
(0.014900427 0 0.0036251325)
(0.015200368 0.0036251113 0)
(0.015200368 0.0035804863 0.00056709486)
(0.015200368 0.0034476962 0.0011202266)
(0.015200368 0.0032300109 0.0016457748)
(0.015200368 0.0029327906 0.0021307984)
(0.015200368 0.0025633541 0.0025633541)
(0.015200368 0.0021307984 0.0029327906)
(0.015200368 0.0016457748 0.0032300109)
(0.015200368 0.0011202266 0.0034476962)
(0.015200368 0.00056709486 0.0035804863)
(0.015200368 0 0.0036251113)
(0.015500316 0.0036250933 0)
(0.015500317 0.0035804685 0.00056709201)
(0.015500317 0.0034476791 0.001120221)
(0.015500317 0.0032299948 0.0016457666)
(0.015500317 0.002932776 0.0021307878)
(0.015500317 0.0025633413 0.0025633413)
(0.015500317 0.0021307878 0.002932776)
(0.015500317 0.0016457666 0.0032299948)
(0.015500317 0.001120221 0.0034476791)
(0.015500317 0.00056709201 0.0035804685)
(0.015500316 0 0.0036250933)
(0.015800271 0.0036250781 0)
(0.015800271 0.0035804535 0.0005670896)
(0.015800271 0.0034476646 0.0011202162)
(0.015800271 0.0032299812 0.0016457596)
(0.015800271 0.0029327636 0.0021307787)
(0.015800271 0.0025633304 0.0025633304)
(0.015800271 0.0021307787 0.0029327636)
(0.015800271 0.0016457596 0.0032299812)
(0.015800271 0.0011202162 0.0034476646)
(0.015800271 0.0005670896 0.0035804535)
(0.015800271 0 0.0036250781)
(0.016100232 0.0036250652 0)
(0.016100232 0.0035804407 0.00056708756)
(0.016100232 0.0034476523 0.0011202122)
(0.016100232 0.0032299697 0.0016457537)
(0.016100232 0.0029327531 0.0021307711)
(0.016100232 0.0025633213 0.0025633213)
(0.016100232 0.0021307711 0.0029327531)
(0.016100232 0.0016457537 0.0032299697)
(0.016100232 0.0011202122 0.0034476523)
(0.016100232 0.00056708756 0.0035804407)
(0.016100232 0 0.0036250652)
(0.016400198 0.0036250543 0)
(0.016400198 0.00358043 0.00056708584)
(0.016400198 0.0034476419 0.0011202088)
(0.016400198 0.0032299599 0.0016457487)
(0.016400198 0.0029327443 0.0021307646)
(0.016400198 0.0025633135 0.0025633135)
(0.016400198 0.0021307646 0.0029327443)
(0.016400198 0.0016457487 0.0032299599)
(0.016400198 0.0011202088 0.0034476419)
(0.016400198 0.00056708584 0.00358043)
(0.016400198 0 0.0036250543)
(0.016700168 0.0036250451 0)
(0.016700168 0.0035804209 0.00056708439)
(0.016700168 0.0034476332 0.0011202059)
(0.016700168 0.0032299517 0.0016457445)
(0.016700168 0.0029327368 0.0021307592)
(0.016700168 0.002563307 0.002563307)
(0.016700168 0.0021307592 0.0029327368)
(0.016700168 0.0016457445 0.0032299517)
(0.016700168 0.0011202059 0.0034476332)
(0.016700168 0.00056708439 0.0035804209)
(0.016700168 0 0.0036250451)
(0.017000142 0.0036250374 0)
(0.017000142 0.0035804132 0.00056708317)
(0.017000142 0.0034476258 0.0011202035)
(0.017000142 0.0032299448 0.001645741)
(0.017000142 0.0029327305 0.0021307546)
(0.017000142 0.0025633015 0.0025633015)
(0.017000142 0.0021307546 0.0029327305)
(0.017000142 0.001645741 0.0032299448)
(0.017000142 0.0011202035 0.0034476258)
(0.017000142 0.00056708317 0.0035804132)
(0.017000142 0 0.0036250374)
(0.01730012 0.0036250309 0)
(0.01730012 0.0035804068 0.00056708214)
(0.01730012 0.0034476196 0.0011202015)
(0.01730012 0.003229939 0.001645738)
(0.01730012 0.0029327252 0.0021307508)
(0.01730012 0.0025632969 0.0025632969)
(0.01730012 0.0021307508 0.0029327252)
(0.01730012 0.001645738 0.003229939)
(0.01730012 0.0011202015 0.0034476196)
(0.01730012 0.00056708214 0.0035804068)
(0.01730012 0 0.0036250309)
(0.0176001 0.0036250253 0)
(0.0176001 0.0035804013 0.00056708127)
(0.0176001 0.0034476143 0.0011201998)
(0.0176001 0.0032299341 0.0016457355)
(0.0176001 0.0029327207 0.0021307475)
(0.0176001 0.0025632929 0.0025632929)
(0.0176001 0.0021307475 0.0029327207)
(0.0176001 0.0016457355 0.0032299341)
(0.0176001 0.0011201998 0.0034476143)
(0.0176001 0.00056708127 0.0035804013)
(0.0176001 0 0.0036250253)
(0.017900083 0.0036250206 0)
(0.017900083 0.0035803967 0.00056708053)
(0.017900083 0.0034476098 0.0011201983)
(0.017900083 0.0032299299 0.0016457333)
(0.017900083 0.0029327169 0.0021307447)
(0.017900083 0.0025632896 0.0025632896)
(0.017900083 0.0021307447 0.0029327169)
(0.017900083 0.0016457333 0.0032299299)
(0.017900083 0.0011201983 0.0034476098)
(0.017900083 0.00056708053 0.0035803967)
(0.017900083 0 0.0036250206)
(0.018200068 0.0036250166 0)
(0.018200068 0.0035803927 0.0005670799)
(0.018200068 0.003447606 0.0011201971)
(0.018200068 0.0032299263 0.0016457315)
(0.018200068 0.0029327137 0.0021307424)
(0.018200068 0.0025632868 0.0025632868)
(0.018200068 0.0021307424 0.0029327137)
(0.018200068 0.0016457315 0.0032299263)
(0.018200068 0.0011201971 0.003447606)
(0.018200068 0.0005670799 0.0035803927)
(0.018200068 0 0.0036250166)
(0.018500055 0.0036250131 0)
(0.018500055 0.0035803893 0.00056707935)
(0.018500055 0.0034476027 0.001120196)
(0.018500055 0.0032299232 0.0016457299)
(0.018500055 0.0029327108 0.0021307403)
(0.018500055 0.0025632843 0.0025632843)
(0.018500055 0.0021307403 0.0029327108)
(0.018500055 0.0016457299 0.0032299232)
(0.018500055 0.001120196 0.0034476027)
(0.018500055 0.00056707935 0.0035803893)
(0.018500055 0 0.0036250131)
(0.018800042 0.0036250101 0)
(0.018800042 0.0035803862 0.00056707887)
(0.018800042 0.0034475998 0.001120195)
(0.018800042 0.0032299205 0.0016457285)
(0.018800042 0.0029327084 0.0021307385)
(0.018800042 0.0025632821 0.0025632821)
(0.018800042 0.0021307385 0.0029327084)
(0.018800042 0.0016457285 0.0032299204)
(0.018800042 0.001120195 0.0034475998)
(0.018800042 0.00056707887 0.0035803862)
(0.018800042 0 0.0036250101)
(0.019100031 0.0036250073 0)
(0.019100031 0.0035803835 0.00056707844)
(0.019100031 0.0034475972 0.0011201942)
(0.019100031 0.003229918 0.0016457273)
(0.019100031 0.0029327062 0.0021307369)
(0.019100031 0.0025632802 0.0025632802)
(0.019100031 0.0021307369 0.0029327061)
(0.019100031 0.0016457273 0.003229918)
(0.019100031 0.0011201942 0.0034475972)
(0.019100031 0.00056707844 0.0035803835)
(0.019100031 0 0.0036250073)
(0.019400021 0.0036250048 0)
(0.019400021 0.003580381 0.00056707804)
(0.019400021 0.0034475948 0.0011201934)
(0.019400021 0.0032299157 0.0016457261)
(0.019400021 0.0029327041 0.0021307354)
(0.019400021 0.0025632784 0.0025632784)
(0.019400021 0.0021307354 0.0029327041)
(0.019400021 0.0016457261 0.0032299157)
(0.019400021 0.0011201934 0.0034475948)
(0.019400021 0.00056707804 0.003580381)
(0.019400021 0 0.0036250048)
(0.01970001 0.0036250024 0)
(0.01970001 0.0035803786 0.00056707766)
(0.01970001 0.0034475925 0.0011201927)
(0.01970001 0.0032299136 0.001645725)
(0.01970001 0.0029327021 0.002130734)
(0.01970001 0.0025632767 0.0025632767)
(0.01970001 0.002130734 0.0029327021)
(0.01970001 0.001645725 0.0032299136)
(0.01970001 0.0011201927 0.0034475925)
(0.01970001 0.00056707766 0.0035803786)
(0.01970001 0 0.0036250024)
(0.02 0.003625 0)
(0.02 0.0035803763 0.00056707729)
(0.02 0.0034475902 0.0011201919)
(0.02 0.0032299115 0.0016457239)
(0.02 0.0029327002 0.0021307326)
(0.02 0.002563275 0.002563275)
(0.02 0.0021307326 0.0029327002)
(0.02 0.0016457239 0.0032299115)
(0.02 0.0011201919 0.0034475902)
(0.02 0.00056707729 0.0035803763)
(0.02 0 0.003625)
(0.01100104 0.0039173625 0)
(0.01100104 0.0038691502 0.00061281584)
(0.011001042 0.0037256662 0.0012105502)
(0.011001045 0.0034904329 0.0017784693)
(0.011001045 0.0031692504 0.0023025977)
(0.011001046 0.0027700283 0.0027700283)
(0.011001045 0.0023025977 0.0031692504)
(0.011001045 0.0017784693 0.0034904329)
(0.011001042 0.0012105502 0.0037256661)
(0.01100104 0.00061281584 0.0038691502)
(0.01100104 0 0.0039173625)
(0.011301045 0.0039173134 0)
(0.011301047 0.0038690975 0.00061281753)
(0.011301051 0.0037256131 0.0012105309)
(0.011301053 0.0034903852 0.0017784448)
(0.011301054 0.0031692073 0.0023025663)
(0.011301054 0.0027699906 0.0027699906)
(0.011301054 0.0023025663 0.0031692073)
(0.011301053 0.0017784447 0.0034903852)
(0.011301051 0.0012105309 0.0037256131)
(0.011301047 0.00061281753 0.0038690975)
(0.011301045 0 0.0039173134)
(0.011601048 0.0039172472 0)
(0.01160105 0.0038690303 0.0006128033)
(0.011601052 0.0037255459 0.0012105093)
(0.011601054 0.0034903215 0.0017784121)
(0.011601055 0.0031691496 0.0023025243)
(0.011601055 0.0027699402 0.0027699402)
(0.011601055 0.0023025243 0.0031691496)
(0.011601054 0.0017784121 0.0034903215)
(0.011601052 0.0012105093 0.0037255459)
(0.01160105 0.0006128033 0.0038690303)
(0.011601048 0 0.0039172472)
(0.011901039 0.0039171884 0)
(0.01190104 0.003868971 0.00061279139)
(0.011901042 0.0037254867 0.0012104898)
(0.011901043 0.0034902652 0.0017783834)
(0.011901044 0.0031690984 0.0023024872)
(0.011901044 0.0027698955 0.0027698955)
(0.011901044 0.0023024872 0.0031690984)
(0.011901043 0.0017783834 0.0034902652)
(0.011901042 0.0012104898 0.0037254867)
(0.01190104 0.00061279139 0.003868971)
(0.011901039 0 0.0039171884)
(0.012201008 0.0039171332 0)
(0.012201008 0.0038689155 0.000612781)
(0.012201009 0.0037254319 0.0012104715)
(0.01220101 0.0034902132 0.0017783567)
(0.012201011 0.0031690509 0.0023024527)
(0.012201011 0.002769854 0.002769854)
(0.012201011 0.0023024527 0.0031690509)
(0.01220101 0.0017783567 0.0034902132)
(0.012201009 0.0012104715 0.0037254319)
(0.012201008 0.000612781 0.0038689155)
(0.012201008 0 0.0039171332)
(0.012500955 0.0039170803 0)
(0.012500955 0.0038688627 0.0006127716)
(0.012500956 0.00372538 0.0012104541)
(0.012500957 0.003490164 0.0017783314)
(0.012500957 0.0031690061 0.00230242)
(0.012500957 0.0027698147 0.0027698147)
(0.012500957 0.00230242 0.0031690061)
(0.012500957 0.0017783314 0.003490164)
(0.012500956 0.0012104541 0.00372538)
(0.012500955 0.0006127716 0.0038688627)
(0.012500955 0 0.0039170803)
(0.012800887 0.0039170302 0)
(0.012800887 0.0038688128 0.00061276302)
(0.012800888 0.0037253313 0.0012104378)
(0.012800888 0.0034901179 0.0017783076)
(0.012800889 0.003168964 0.0023023894)
(0.012800889 0.0027697779 0.0027697779)
(0.012800889 0.0023023894 0.003168964)
(0.012800888 0.0017783076 0.0034901179)
(0.012800888 0.0012104378 0.0037253313)
(0.012800887 0.00061276302 0.0038688128)
(0.012800887 0 0.0039170302)
(0.013100811 0.0039169835 0)
(0.013100811 0.0038687665 0.00061275522)
(0.013100812 0.0037252862 0.0012104227)
(0.013100812 0.0034900753 0.0017782857)
(0.013100812 0.0031689251 0.002302361)
(0.013100812 0.0027697438 0.0027697438)
(0.013100812 0.002302361 0.0031689251)
(0.013100812 0.0017782857 0.0034900753)
(0.013100812 0.0012104227 0.0037252862)
(0.013100811 0.00061275522 0.0038687665)
(0.013100811 0 0.0039169835)
(0.013400732 0.0039169408 0)
(0.013400732 0.0038687242 0.0006127482)
(0.013400732 0.0037252452 0.001210409)
(0.013400733 0.0034900365 0.0017782657)
(0.013400733 0.0031688898 0.0023023352)
(0.013400733 0.0027697129 0.0027697129)
(0.013400733 0.0023023352 0.0031688898)
(0.013400733 0.0017782657 0.0034900365)
(0.013400732 0.001210409 0.0037252452)
(0.013400732 0.0006127482 0.0038687242)
(0.013400732 0 0.0039169408)
(0.013700654 0.0039169024 0)
(0.013700654 0.0038686862 0.00061274196)
(0.013700654 0.0037252084 0.0012103968)
(0.013700654 0.0034900018 0.0017782478)
(0.013700654 0.0031688581 0.0023023121)
(0.013700654 0.0027696851 0.0027696851)
(0.013700654 0.0023023121 0.0031688581)
(0.013700654 0.0017782478 0.0034900018)
(0.013700654 0.0012103968 0.0037252084)
(0.013700654 0.00061274196 0.0038686862)
(0.013700654 0 0.0039169024)
(0.014000579 0.0039168683 0)
(0.014000579 0.0038686524 0.00061273645)
(0.014000579 0.0037251757 0.001210386)
(0.014000579 0.0034899711 0.0017782319)
(0.014000579 0.0031688301 0.0023022916)
(0.014000579 0.0027696606 0.0027696606)
(0.014000579 0.0023022916 0.0031688301)
(0.014000579 0.0017782319 0.0034899711)
(0.014000579 0.001210386 0.0037251757)
(0.014000579 0.00061273645 0.0038686524)
(0.014000579 0 0.0039168683)
(0.014300509 0.0039168384 0)
(0.014300509 0.0038686228 0.00061273164)
(0.014300509 0.0037251471 0.0012103765)
(0.014300509 0.0034899442 0.0017782181)
(0.014300509 0.0031688056 0.0023022737)
(0.014300509 0.0027696391 0.002769639)
(0.014300509 0.0023022737 0.0031688056)
(0.014300509 0.0017782181 0.0034899442)
(0.014300509 0.0012103765 0.0037251471)
(0.014300509 0.00061273164 0.0038686228)
(0.014300509 0 0.0039168384)
(0.014600445 0.0039168123 0)
(0.014600445 0.003868597 0.00061272746)
(0.014600445 0.0037251222 0.0012103683)
(0.014600445 0.0034899207 0.001778206)
(0.014600445 0.0031687842 0.0023022581)
(0.014600445 0.0027696204 0.0027696204)
(0.014600445 0.0023022581 0.0031687842)
(0.014600445 0.001778206 0.0034899207)
(0.014600445 0.0012103683 0.0037251222)
(0.014600445 0.00061272746 0.003868597)
(0.014600445 0 0.0039168123)
(0.014900387 0.0039167897 0)
(0.014900387 0.0038685747 0.00061272387)
(0.014900387 0.0037251007 0.0012103612)
(0.014900387 0.0034899005 0.0017781956)
(0.014900387 0.0031687658 0.0023022447)
(0.014900387 0.0027696042 0.0027696042)
(0.014900387 0.0023022447 0.0031687658)
(0.014900387 0.0017781956 0.0034899005)
(0.014900387 0.0012103612 0.0037251007)
(0.014900387 0.00061272387 0.0038685747)
(0.014900387 0 0.0039167897)
(0.015200335 0.0039167704 0)
(0.015200335 0.0038685556 0.00061272079)
(0.015200335 0.0037250822 0.0012103551)
(0.015200335 0.0034898832 0.0017781867)
(0.015200335 0.0031687501 0.0023022332)
(0.015200335 0.0027695904 0.0027695904)
(0.015200335 0.0023022332 0.0031687501)
(0.015200335 0.0017781867 0.0034898832)
(0.015200335 0.0012103551 0.0037250822)
(0.015200335 0.00061272079 0.0038685556)
(0.015200335 0 0.0039167704)
(0.015500289 0.0039167538 0)
(0.015500289 0.0038685392 0.00061271816)
(0.015500289 0.0037250664 0.0012103499)
(0.015500289 0.0034898684 0.0017781791)
(0.015500289 0.0031687366 0.0023022234)
(0.015500289 0.0027695786 0.0027695786)
(0.015500289 0.0023022234 0.0031687366)
(0.015500289 0.0017781791 0.0034898684)
(0.015500289 0.0012103499 0.0037250664)
(0.015500289 0.00061271816 0.0038685392)
(0.015500289 0 0.0039167538)
(0.015800248 0.0039167397 0)
(0.015800248 0.0038685253 0.00061271592)
(0.015800248 0.003725053 0.0012103455)
(0.015800248 0.0034898558 0.0017781726)
(0.015800248 0.0031687251 0.002302215)
(0.015800248 0.0027695685 0.0027695685)
(0.015800248 0.002302215 0.0031687251)
(0.015800248 0.0017781726 0.0034898558)
(0.015800248 0.0012103455 0.003725053)
(0.015800248 0.00061271592 0.0038685253)
(0.015800248 0 0.0039167397)
(0.016100213 0.0039167277 0)
(0.016100213 0.0038685134 0.00061271403)
(0.016100213 0.0037250416 0.0012103418)
(0.016100213 0.0034898451 0.0017781671)
(0.016100213 0.0031687154 0.0023022079)
(0.016100213 0.00276956 0.00276956)
(0.016100213 0.0023022079 0.0031687154)
(0.016100213 0.0017781671 0.0034898451)
(0.016100213 0.0012103418 0.0037250416)
(0.016100213 0.00061271403 0.0038685134)
(0.016100213 0 0.0039167277)
(0.016400182 0.0039167176 0)
(0.016400182 0.0038685034 0.00061271243)
(0.016400182 0.0037250319 0.0012103386)
(0.016400182 0.003489836 0.0017781625)
(0.016400182 0.0031687071 0.0023022019)
(0.016400182 0.0027695528 0.0027695528)
(0.016400182 0.0023022019 0.0031687071)
(0.016400182 0.0017781625 0.003489836)
(0.016400182 0.0012103386 0.0037250319)
(0.016400182 0.00061271243 0.0038685034)
(0.016400182 0 0.0039167176)
(0.016700155 0.003916709 0)
(0.016700155 0.0038684949 0.00061271107)
(0.016700155 0.0037250238 0.0012103359)
(0.016700155 0.0034898283 0.0017781586)
(0.016700155 0.0031687002 0.0023021968)
(0.016700155 0.0027695467 0.0027695467)
(0.016700155 0.0023021968 0.0031687002)
(0.016700155 0.0017781586 0.0034898283)
(0.016700155 0.0012103359 0.0037250238)
(0.016700155 0.00061271107 0.0038684949)
(0.016700155 0 0.003916709)
(0.017000131 0.0039167018 0)
(0.017000131 0.0038684878 0.00061270993)
(0.017000131 0.0037250169 0.0012103337)
(0.017000131 0.0034898219 0.0017781553)
(0.017000131 0.0031686943 0.0023021925)
(0.017000131 0.0027695416 0.0027695416)
(0.017000131 0.0023021925 0.0031686943)
(0.017000131 0.0017781553 0.0034898219)
(0.017000131 0.0012103337 0.0037250169)
(0.017000131 0.00061270993 0.0038684878)
(0.017000131 0 0.0039167018)
(0.017300111 0.0039166957 0)
(0.017300111 0.0038684817 0.00061270897)
(0.017300111 0.003725011 0.0012103318)
(0.017300111 0.0034898164 0.0017781525)
(0.017300111 0.0031686893 0.0023021889)
(0.017300111 0.0027695372 0.0027695372)
(0.017300111 0.0023021889 0.0031686893)
(0.017300111 0.0017781525 0.0034898164)
(0.017300111 0.0012103318 0.003725011)
(0.017300111 0.00061270897 0.0038684817)
(0.017300111 0 0.0039166957)
(0.017600093 0.0039166905 0)
(0.017600093 0.0038684766 0.00061270815)
(0.017600093 0.0037250061 0.0012103302)
(0.017600093 0.0034898118 0.0017781501)
(0.017600093 0.0031686851 0.0023021859)
(0.017600093 0.0027695336 0.0027695336)
(0.017600093 0.0023021859 0.0031686851)
(0.017600093 0.0017781501 0.0034898118)
(0.017600093 0.0012103302 0.0037250061)
(0.017600093 0.00061270815 0.0038684766)
(0.017600093 0 0.0039166905)
(0.017900077 0.0039166861 0)
(0.017900077 0.0038684723 0.00061270746)
(0.017900077 0.0037250019 0.0012103288)
(0.017900077 0.0034898079 0.0017781481)
(0.017900077 0.0031686815 0.0023021833)
(0.017900077 0.0027695304 0.0027695304)
(0.017900077 0.0023021833 0.0031686815)
(0.017900077 0.0017781481 0.0034898079)
(0.017900077 0.0012103288 0.0037250019)
(0.017900077 0.00061270746 0.0038684723)
(0.017900077 0 0.0039166861)
(0.018200063 0.0039166823 0)
(0.018200063 0.0038684685 0.00061270686)
(0.018200063 0.0037249983 0.0012103276)
(0.018200063 0.0034898045 0.0017781464)
(0.018200063 0.0031686785 0.002302181)
(0.018200063 0.0027695277 0.0027695277)
(0.018200063 0.002302181 0.0031686785)
(0.018200063 0.0017781464 0.0034898045)
(0.018200063 0.0012103276 0.0037249983)
(0.018200063 0.00061270686 0.0038684685)
(0.018200063 0 0.0039166823)
(0.018500051 0.003916679 0)
(0.018500051 0.0038684653 0.00061270635)
(0.018500051 0.0037249952 0.0012103266)
(0.018500051 0.0034898016 0.0017781449)
(0.018500051 0.0031686758 0.0023021791)
(0.018500051 0.0027695254 0.0027695254)
(0.018500051 0.0023021791 0.0031686758)
(0.018500051 0.0017781449 0.0034898016)
(0.018500051 0.0012103266 0.0037249952)
(0.018500051 0.00061270635 0.0038684653)
(0.018500051 0 0.003916679)
(0.018800039 0.0039166762 0)
(0.018800039 0.0038684625 0.0006127059)
(0.018800039 0.0037249925 0.0012103257)
(0.018800039 0.003489799 0.0017781436)
(0.018800039 0.0031686735 0.0023021774)
(0.018800039 0.0027695234 0.0027695234)
(0.018800039 0.0023021774 0.0031686735)
(0.018800039 0.0017781436 0.003489799)
(0.018800039 0.0012103257 0.0037249925)
(0.018800039 0.0006127059 0.0038684625)
(0.018800039 0 0.0039166762)
(0.019100029 0.0039166736 0)
(0.019100029 0.0038684599 0.00061270549)
(0.019100029 0.00372499 0.0012103249)
(0.019100029 0.0034897967 0.0017781424)
(0.019100029 0.0031686714 0.0023021759)
(0.019100029 0.0027695216 0.0027695216)
(0.019100029 0.0023021759 0.0031686714)
(0.019100029 0.0017781424 0.0034897967)
(0.019100029 0.0012103249 0.00372499)
(0.019100029 0.00061270549 0.0038684599)
(0.019100029 0 0.0039166736)
(0.019400019 0.0039166712 0)
(0.019400019 0.0038684576 0.00061270512)
(0.019400019 0.0037249877 0.0012103242)
(0.019400019 0.0034897946 0.0017781413)
(0.019400019 0.0031686695 0.0023021745)
(0.019400019 0.0027695199 0.0027695199)
(0.019400019 0.0023021745 0.0031686695)
(0.019400019 0.0017781413 0.0034897946)
(0.019400019 0.0012103242 0.0037249877)
(0.019400019 0.00061270512 0.0038684576)
(0.019400019 0 0.0039166712)
(0.01970001 0.0039166689 0)
(0.01970001 0.0038684553 0.00061270476)
(0.01970001 0.0037249856 0.0012103235)
(0.01970001 0.0034897925 0.0017781403)
(0.01970001 0.0031686676 0.0023021731)
(0.01970001 0.0027695183 0.0027695183)
(0.01970001 0.0023021731 0.0031686676)
(0.01970001 0.0017781403 0.0034897925)
(0.01970001 0.0012103235 0.0037249856)
(0.01970001 0.00061270476 0.0038684553)
(0.01970001 0 0.0039166689)
(0.02 0.0039166667 0)
(0.02 0.0038684531 0.00061270441)
(0.02 0.0037249834 0.0012103228)
(0.02 0.0034897905 0.0017781392)
(0.02 0.0031686658 0.0023021718)
(0.02 0.0027695167 0.0027695167)
(0.02 0.0023021718 0.0031686658)
(0.02 0.0017781392 0.0034897905)
(0.02 0.0012103228 0.0037249834)
(0.02 0.00061270441 0.0038684531)
(0.02 0 0.0039166667)
(0.011000607 0.0042088402 0)
(0.011000619 0.004157045 0.00065840534)
(0.011000633 0.0040028874 0.0013006215)
(0.011000635 0.003750149 0.0019108006)
(0.011000636 0.0034050674 0.0024739286)
(0.011000636 0.0029761398 0.0029761398)
(0.011000636 0.0024739286 0.0034050674)
(0.011000635 0.0019108006 0.003750149)
(0.011000633 0.0013006215 0.0040028874)
(0.011000619 0.00065840534 0.004157045)
(0.011000607 0 0.0042088402)
(0.01130062 0.0042087648 0)
(0.011300623 0.0041569604 0.0006584047)
(0.011300628 0.0040027981 0.0013005922)
(0.01130063 0.0037500676 0.001910759)
(0.011300631 0.0034049937 0.0024738751)
(0.011300631 0.0029760755 0.0029760755)
(0.011300631 0.0024738751 0.0034049937)
(0.01130063 0.001910759 0.0037500676)
(0.011300628 0.0013005922 0.0040027981)
(0.011300623 0.0006584047 0.0041569604)
(0.01130062 0 0.0042087648)
(0.011600714 0.004208763 0)
(0.011600716 0.0041569573 0.00065840357)
(0.011600719 0.0040027934 0.0013005915)
(0.011600721 0.0037500631 0.0019107568)
(0.011600721 0.0034049898 0.0024738724)
(0.011600722 0.0029760722 0.0029760722)
(0.011600721 0.0024738724 0.0034049898)
(0.011600721 0.0019107568 0.0037500631)
(0.011600719 0.0013005915 0.0040027934)
(0.011600716 0.00065840357 0.0041569573)
(0.011600714 0 0.004208763)
(0.011900767 0.004208745 0)
(0.011900768 0.0041569385 0.00065839965)
(0.01190077 0.004002774 0.0013005853)
(0.011900771 0.0037500444 0.0019107473)
(0.011900772 0.003404973 0.0024738601)
(0.011900772 0.0029760575 0.0029760575)
(0.011900772 0.0024738601 0.003404973)
(0.011900771 0.0019107473 0.0037500444)
(0.01190077 0.0013005853 0.004002774)
(0.011900768 0.00065839965 0.0041569386)
(0.011900767 0 0.004208745)
(0.01220078 0.0042087161 0)
(0.012200781 0.0041569094 0.00065839418)
(0.012200782 0.0040027448 0.0013005756)
(0.012200783 0.0037500166 0.0019107331)
(0.012200784 0.0034049476 0.0024738417)
(0.012200784 0.0029760354 0.0029760354)
(0.012200784 0.0024738417 0.0034049476)
(0.012200783 0.0019107331 0.0037500166)
(0.012200782 0.0013005756 0.0040027448)
(0.012200781 0.00065839418 0.0041569094)
(0.01220078 0 0.0042087161)
(0.012500763 0.0042086816 0)
(0.012500764 0.0041568748 0.00065838804)
(0.012500765 0.0040027107 0.0013005642)
(0.012500765 0.0037499842 0.0019107164)
(0.012500766 0.0034049181 0.0024738202)
(0.012500766 0.0029760095 0.0029760095)
(0.012500766 0.0024738202 0.0034049181)
(0.012500765 0.0019107164 0.0037499842)
(0.012500765 0.0013005642 0.0040027107)
(0.012500764 0.00065838804 0.0041568748)
(0.012500763 0 0.0042086816)
(0.012800726 0.0042086448 0)
(0.012800726 0.0041568382 0.00065838176)
(0.012800727 0.0040026749 0.0013005522)
(0.012800727 0.0037499503 0.001910699)
(0.012800728 0.0034048871 0.0024737976)
(0.012800728 0.0029759824 0.0029759824)
(0.012800728 0.0024737976 0.0034048871)
(0.012800727 0.001910699 0.0037499503)
(0.012800727 0.0013005522 0.0040026749)
(0.012800726 0.00065838176 0.0041568382)
(0.012800726 0 0.0042086448)
(0.013100675 0.0042086084 0)
(0.013100676 0.004156802 0.00065837566)
(0.013100676 0.0040026396 0.0013005404)
(0.013100677 0.0037499169 0.0019106818)
(0.013100677 0.0034048567 0.0024737754)
(0.013100677 0.0029759557 0.0029759557)
(0.013100677 0.0024737754 0.0034048567)
(0.013100677 0.0019106818 0.0037499169)
(0.013100676 0.0013005405 0.0040026396)
(0.013100676 0.00065837566 0.004156802)
(0.013100675 0 0.0042086084)
(0.013400618 0.0042085737 0)
(0.013400618 0.0041567676 0.00065836995)
(0.013400619 0.0040026062 0.0013005293)
(0.013400619 0.0037498854 0.0019106655)
(0.013400619 0.0034048279 0.0024737544)
(0.013400619 0.0029759304 0.0029759304)
(0.013400619 0.0024737544 0.0034048279)
(0.013400619 0.0019106655 0.0037498854)
(0.013400619 0.0013005293 0.0040026062)
(0.013400618 0.00065836995 0.0041567676)
(0.013400618 0 0.0042085737)
(0.013700558 0.0042085416 0)
(0.013700558 0.0041567358 0.00065836472)
(0.013700559 0.0040025754 0.0013005191)
(0.013700559 0.0037498563 0.0019106505)
(0.013700559 0.0034048014 0.0024737351)
(0.013700559 0.0029759072 0.0029759072)
(0.013700559 0.0024737351 0.0034048014)
(0.013700559 0.0019106505 0.0037498563)
(0.013700559 0.0013005191 0.0040025754)
(0.013700558 0.00065836472 0.0041567358)
(0.013700558 0 0.0042085416)
(0.014000499 0.0042085125 0)
(0.014000499 0.004156707 0.00065836002)
(0.014000499 0.0040025476 0.0013005098)
(0.014000499 0.0037498301 0.001910637)
(0.014000499 0.0034047775 0.0024737176)
(0.014000499 0.0029758863 0.0029758863)
(0.014000499 0.0024737176 0.0034047775)
(0.014000499 0.001910637 0.0037498301)
(0.014000499 0.0013005098 0.0040025476)
(0.014000499 0.00065836002 0.004156707)
(0.014000499 0 0.0042085125)
(0.014300442 0.0042084866 0)
(0.014300442 0.0041566814 0.00065835585)
(0.014300442 0.0040025228 0.0013005016)
(0.014300442 0.0037498068 0.001910625)
(0.014300442 0.0034047562 0.0024737021)
(0.014300442 0.0029758677 0.0029758677)
(0.014300442 0.0024737021 0.0034047562)
(0.014300442 0.001910625 0.0037498068)
(0.014300442 0.0013005016 0.0040025228)
(0.014300442 0.00065835586 0.0041566814)
(0.014300442 0 0.0042084866)
(0.014600388 0.0042084638 0)
(0.014600388 0.0041566588 0.0006583522)
(0.014600389 0.004002501 0.0013004944)
(0.014600389 0.0037497863 0.0019106144)
(0.014600389 0.0034047376 0.0024736885)
(0.014600389 0.0029758513 0.0029758513)
(0.014600389 0.0024736885 0.0034047376)
(0.014600389 0.0019106144 0.0037497863)
(0.014600389 0.0013004944 0.004002501)
(0.014600388 0.0006583522 0.0041566588)
(0.014600388 0 0.0042084638)
(0.014900339 0.0042084439 0)
(0.014900339 0.0041566392 0.00065834903)
(0.01490034 0.0040024821 0.0013004882)
(0.01490034 0.0037497685 0.0019106052)
(0.01490034 0.0034047214 0.0024736766)
(0.01490034 0.0029758371 0.0029758371)
(0.01490034 0.0024736766 0.0034047214)
(0.01490034 0.0019106052 0.0037497685)
(0.01490034 0.0013004882 0.0040024821)
(0.014900339 0.00065834903 0.0041566392)
(0.014900339 0 0.0042084439)
(0.015200295 0.0042084268 0)
(0.015200295 0.0041566222 0.00065834629)
(0.015200295 0.0040024657 0.0013004828)
(0.015200295 0.0037497531 0.0019105973)
(0.015200295 0.0034047073 0.0024736664)
(0.015200295 0.0029758248 0.0029758248)
(0.015200295 0.0024736664 0.0034047073)
(0.015200295 0.0019105973 0.0037497531)
(0.015200295 0.0013004828 0.0040024657)
(0.015200295 0.00065834629 0.0041566222)
(0.015200295 0 0.0042084268)
(0.015500255 0.004208412 0)
(0.015500256 0.0041566076 0.00065834395)
(0.015500256 0.0040024516 0.0013004781)
(0.015500256 0.0037497399 0.0019105905)
(0.015500256 0.0034046953 0.0024736576)
(0.015500256 0.0029758143 0.0029758143)
(0.015500256 0.0024736576 0.0034046953)
(0.015500256 0.0019105905 0.0037497399)
(0.015500256 0.0013004781 0.0040024516)
(0.015500256 0.00065834395 0.0041566076)
(0.015500255 0 0.004208412)
(0.01580022 0.0042083994 0)
(0.01580022 0.0041565951 0.00065834194)
(0.01580022 0.0040024396 0.0013004742)
(0.01580022 0.0037497286 0.0019105847)
(0.01580022 0.003404685 0.0024736501)
(0.01580022 0.0029758053 0.0029758053)
(0.01580022 0.0024736501 0.003404685)
(0.01580022 0.0019105847 0.0037497286)
(0.01580022 0.0013004742 0.0040024396)
(0.01580022 0.00065834195 0.0041565951)
(0.01580022 0 0.0042083994)
(0.016100189 0.0042083886 0)
(0.016100189 0.0041565845 0.00065834024)
(0.016100189 0.0040024293 0.0013004708)
(0.016100189 0.003749719 0.0019105798)
(0.016100189 0.0034046763 0.0024736437)
(0.016100189 0.0029757976 0.0029757976)
(0.016100189 0.0024736437 0.0034046763)
(0.016100189 0.0019105798 0.003749719)
(0.016100189 0.0013004708 0.0040024293)
(0.016100189 0.00065834024 0.0041565845)
(0.016100189 0 0.0042083886)
(0.016400162 0.0042083795 0)
(0.016400162 0.0041565755 0.0006583388)
(0.016400162 0.0040024206 0.001300468)
(0.016400162 0.0037497108 0.0019105756)
(0.016400162 0.0034046689 0.0024736383)
(0.016400162 0.0029757911 0.0029757911)
(0.016400162 0.0024736383 0.0034046689)
(0.016400162 0.0019105756 0.0037497108)
(0.016400162 0.001300468 0.0040024206)
(0.016400162 0.0006583388 0.0041565755)
(0.016400162 0 0.0042083795)
(0.016700138 0.0042083718 0)
(0.016700138 0.0041565679 0.00065833758)
(0.016700138 0.0040024133 0.0013004656)
(0.016700138 0.0037497039 0.0019105721)
(0.016700138 0.0034046626 0.0024736337)
(0.016700138 0.0029757856 0.0029757856)
(0.016700138 0.0024736337 0.0034046626)
(0.016700138 0.0019105721 0.0037497039)
(0.016700138 0.0013004656 0.0040024133)
(0.016700138 0.00065833758 0.0041565679)
(0.016700138 0 0.0042083718)
(0.017000117 0.0042083652 0)
(0.017000117 0.0041565614 0.00065833654)
(0.017000117 0.004002407 0.0013004635)
(0.017000117 0.0037496981 0.0019105691)
(0.017000117 0.0034046573 0.0024736299)
(0.017000117 0.002975781 0.002975781)
(0.017000117 0.0024736299 0.0034046573)
(0.017000117 0.0019105691 0.0037496981)
(0.017000117 0.0013004635 0.004002407)
(0.017000117 0.00065833654 0.0041565614)
(0.017000117 0 0.0042083652)
(0.017300099 0.0042083597 0)
(0.017300099 0.0041565559 0.00065833567)
(0.017300099 0.0040024018 0.0013004618)
(0.017300099 0.0037496931 0.0019105666)
(0.017300099 0.0034046528 0.0024736266)
(0.017300099 0.002975777 0.002975777)
(0.017300099 0.0024736266 0.0034046528)
(0.017300099 0.0019105666 0.0037496931)
(0.017300099 0.0013004618 0.0040024018)
(0.017300099 0.00065833567 0.0041565559)
(0.017300099 0 0.0042083597)
(0.017600083 0.004208355 0)
(0.017600083 0.0041565513 0.00065833493)
(0.017600083 0.0040023973 0.0013004603)
(0.017600083 0.0037496889 0.0019105644)
(0.017600083 0.003404649 0.0024736238)
(0.017600083 0.0029757737 0.0029757737)
(0.017600083 0.0024736238 0.003404649)
(0.017600083 0.0019105644 0.0037496889)
(0.017600083 0.0013004603 0.0040023973)
(0.017600083 0.00065833493 0.0041565513)
(0.017600083 0 0.004208355)
(0.017900069 0.004208351 0)
(0.017900069 0.0041565473 0.0006583343)
(0.017900069 0.0040023935 0.0013004591)
(0.017900069 0.0037496854 0.0019105626)
(0.017900069 0.0034046457 0.0024736215)
(0.017900069 0.0029757708 0.0029757708)
(0.017900069 0.0024736215 0.0034046457)
(0.017900069 0.0019105626 0.0037496854)
(0.017900069 0.0013004591 0.0040023935)
(0.017900069 0.0006583343 0.0041565473)
(0.017900069 0 0.004208351)
(0.018200056 0.0042083475 0)
(0.018200056 0.0041565439 0.00065833376)
(0.018200056 0.0040023902 0.001300458)
(0.018200056 0.0037496823 0.001910561)
(0.018200056 0.0034046429 0.0024736194)
(0.018200056 0.0029757684 0.0029757684)
(0.018200056 0.0024736194 0.0034046429)
(0.018200056 0.001910561 0.0037496823)
(0.018200056 0.001300458 0.0040023902)
(0.018200056 0.00065833376 0.0041565439)
(0.018200056 0 0.0042083475)
(0.018500045 0.0042083446 0)
(0.018500045 0.004156541 0.00065833329)
(0.018500045 0.0040023874 0.0013004571)
(0.018500045 0.0037496796 0.0019105597)
(0.018500045 0.0034046405 0.0024736177)
(0.018500045 0.0029757663 0.0029757663)
(0.018500045 0.0024736177 0.0034046405)
(0.018500045 0.0019105597 0.0037496796)
(0.018500045 0.0013004571 0.0040023874)
(0.018500045 0.00065833329 0.004156541)
(0.018500045 0 0.0042083446)
(0.018800035 0.004208342 0)
(0.018800035 0.0041565384 0.00065833288)
(0.018800035 0.0040023849 0.0013004563)
(0.018800035 0.0037496773 0.0019105585)
(0.018800035 0.0034046384 0.0024736161)
(0.018800035 0.0029757644 0.0029757644)
(0.018800035 0.0024736161 0.0034046384)
(0.018800035 0.0019105585 0.0037496773)
(0.018800035 0.0013004563 0.0040023849)
(0.018800035 0.00065833288 0.0041565384)
(0.018800035 0 0.004208342)
(0.019100026 0.0042083396 0)
(0.019100026 0.0041565361 0.00065833251)
(0.019100026 0.0040023827 0.0013004556)
(0.019100026 0.0037496752 0.0019105574)
(0.019100026 0.0034046365 0.0024736148)
(0.019100026 0.0029757628 0.0029757628)
(0.019100026 0.0024736148 0.0034046365)
(0.019100026 0.0019105574 0.0037496752)
(0.019100026 0.0013004556 0.0040023827)
(0.019100026 0.00065833251 0.0041565361)
(0.019100026 0 0.0042083396)
(0.019400017 0.0042083374 0)
(0.019400017 0.0041565339 0.00065833217)
(0.019400017 0.0040023806 0.0013004549)
(0.019400017 0.0037496733 0.0019105564)
(0.019400017 0.0034046347 0.0024736135)
(0.019400017 0.0029757612 0.0029757612)
(0.019400017 0.0024736135 0.0034046347)
(0.019400017 0.0019105564 0.0037496733)
(0.019400017 0.0013004549 0.0040023806)
(0.019400017 0.00065833217 0.0041565339)
(0.019400017 0 0.0042083374)
(0.019700009 0.0042083354 0)
(0.019700009 0.0041565319 0.00065833185)
(0.019700009 0.0040023786 0.0013004543)
(0.019700009 0.0037496714 0.0019105555)
(0.019700009 0.0034046331 0.0024736123)
(0.019700009 0.0029757598 0.0029757598)
(0.019700009 0.0024736123 0.0034046331)
(0.019700009 0.0019105555 0.0037496714)
(0.019700009 0.0013004543 0.0040023786)
(0.019700009 0.00065833185 0.0041565319)
(0.019700009 0 0.0042083354)
(0.02 0.0042083333 0)
(0.02 0.0041565299 0.00065833153)
(0.02 0.0040023767 0.0013004536)
(0.02 0.0037496696 0.0019105546)
(0.02 0.0034046314 0.0024736111)
(0.02 0.0029757583 0.0029757583)
(0.02 0.0024736111 0.0034046314)
(0.02 0.0019105546 0.0037496696)
(0.02 0.0013004536 0.0040023767)
(0.02 0.00065833153 0.0041565299)
(0.02 0 0.0042083333)
)


// ************************************************************************* //
