  Time  Coordinate0  Coordinate1  Coordinate2  Force0  Force1  Force2
 0.00000000e+00   2.42927990e-03  -1.21057140e-03   2.46674053e-02   0.00000000e+00   0.00000000e+00   0.00000000e+00
 1.00000000e-03   2.42927990e-03  -1.21057140e-03   2.46674053e-02  -3.81018800e-07   1.47315974e-07  -5.74373015e-08
 2.00000000e-03   2.42927990e-03  -1.21057140e-03   2.46674053e-02  -7.62037523e-07   2.94631502e-07  -1.14874270e-07
 3.00000000e-03   2.42927990e-03  -1.21057140e-03   2.46674053e-02  -1.14305639e-06   4.41946765e-07  -1.72311015e-07
 4.00000000e-03   2.42927990e-03  -1.21057140e-03   2.46674053e-02  -1.52407536e-06   5.89261815e-07  -2.29747580e-07
 5.00000000e-03   2.42927990e-03  -1.21057140e-03   2.46674053e-02  -2.39891888e-06   9.27505639e-07  -3.61624932e-07
 6.00000000e-03   2.42927990e-03  -1.21057140e-03   2.46674053e-02  -3.53733740e-06   1.36765423e-06  -5.33232952e-07
 7.00000000e-03   2.42927990e-03  -1.21057140e-03   2.46674053e-02  -4.67575651e-06   1.80780041e-06  -7.04839032e-07
 8.00000000e-03   2.42927990e-03  -1.21057140e-03   2.46674053e-02  -5.81417650e-06   2.24794484e-06  -8.76443641e-07
 9.00000000e-03   2.42927990e-03  -1.21057140e-03   2.46674053e-02  -7.18009559e-06   2.77604503e-06  -1.08234004e-06
 1.00000000e-02   2.42927990e-03  -1.21057140e-03   2.46674053e-02  -9.06686659e-06   3.50551778e-06  -1.36674690e-06
 1.10000000e-02   2.42927990e-03  -1.21057140e-03   2.46674053e-02  -1.09536385e-05   4.23498416e-06  -1.65114872e-06
 1.20000000e-02   2.42927990e-03  -1.21057140e-03   2.46674053e-02  -1.28404128e-05   4.96444612e-06  -1.93554680e-06
 1.30000000e-02   2.42927990e-03  -1.21057140e-03   2.46674053e-02  -1.47271890e-05   5.69390442e-06  -2.21994179e-06
 1.40000000e-02   2.42927990e-03  -1.21057140e-03   2.46674053e-02  -1.73164332e-05   6.69494944e-06  -2.61022116e-06
 1.50000000e-02   2.42927990e-03  -1.21057140e-03   2.46674053e-02  -1.99372409e-05   7.70818659e-06  -3.00524977e-06
 1.60000000e-02   2.42927990e-03  -1.21057140e-03   2.46674053e-02  -2.25580529e-05   8.72141617e-06  -3.40027193e-06
 1.70000000e-02   2.42927990e-03  -1.21057140e-03   2.46674053e-02  -2.51788686e-05   9.73463953e-06  -3.79528880e-06
 1.80000000e-02   2.42927990e-03  -1.21057140e-03   2.46674053e-02  -2.82353069e-05   1.09162769e-05  -4.25596366e-06
 1.90000000e-02   2.42927990e-03  -1.21057140e-03   2.46674053e-02  -3.15714305e-05   1.22060347e-05  -4.75878763e-06
 2.00000000e-02   2.42927990e-03  -1.21057140e-03   2.46674053e-02  -3.49075576e-05   1.34957805e-05  -5.26160191e-06
 2.10000000e-02   2.42927990e-03  -1.21057140e-03   2.46674053e-02  -3.82436902e-05   1.47855175e-05  -5.76440859e-06
 2.20000000e-02   2.42927990e-03  -1.21057140e-03   2.46674053e-02  -4.17594403e-05   1.61446887e-05  -6.29428230e-06
 2.30000000e-02   2.42927990e-03  -1.21057140e-03   2.46674053e-02  -4.57837540e-05   1.77004692e-05  -6.90080481e-06
 2.40000000e-02   2.42927990e-03  -1.21057140e-03   2.46674053e-02  -4.98080713e-05   1.92562346e-05  -7.50731510e-06
 2.50000000e-02   2.42927990e-03  -1.21057140e-03   2.46674053e-02  -5.38323950e-05   2.08119887e-05  -8.11381579e-06
 2.60000000e-02   2.42927990e-03  -1.21057140e-03   2.46674053e-02  -5.78567236e-05   2.23677330e-05  -8.72030824e-06
 2.70000000e-02   2.42927990e-03  -1.21057140e-03   2.46674053e-02  -6.24749524e-05   2.41530804e-05  -9.41631317e-06
 2.80000000e-02   2.42927990e-03  -1.21057140e-03   2.46674053e-02  -6.71497771e-05   2.59602914e-05  -1.01208356e-05
 2.90000000e-02   2.42927990e-03  -1.21057140e-03   2.46674053e-02  -7.18246071e-05   2.77674892e-05  -1.08253470e-05
 3.00000000e-02   2.42927990e-03  -1.21057140e-03   2.46674053e-02  -7.64994458e-05   2.95746772e-05  -1.15298496e-05
 3.10000000e-02   2.42927990e-03  -1.21057140e-03   2.46674053e-02  -8.15130337e-05   3.15128217e-05  -1.22854048e-05
 3.20000000e-02   2.42927990e-03  -1.21057140e-03   2.46674053e-02  -8.67874378e-05   3.35517894e-05  -1.30802633e-05
 3.30000000e-02   2.42927990e-03  -1.21057140e-03   2.46674053e-02  -9.20618453e-05   3.55907431e-05  -1.38751105e-05
 3.40000000e-02   2.42927990e-03  -1.21057140e-03   2.46674053e-02  -9.73362623e-05   3.76296872e-05  -1.46699489e-05
 3.50000000e-02   2.42927990e-03  -1.21057140e-03   2.46674053e-02  -1.02726649e-04   3.97134570e-05  -1.54822597e-05
 3.60000000e-02   2.42927990e-03  -1.21057140e-03   2.46674053e-02  -1.08535505e-04   4.19590075e-05  -1.63576418e-05
 3.70000000e-02   2.42927990e-03  -1.21057140e-03   2.46674053e-02  -1.14344362e-04   4.42045456e-05  -1.72330140e-05
 3.80000000e-02   2.42927990e-03  -1.21057140e-03   2.46674053e-02  -1.20153224e-04   4.64500739e-05  -1.81083779e-05
 3.90000000e-02   2.42927990e-03  -1.21057140e-03   2.46674053e-02  -1.25962089e-04   4.86955935e-05  -1.89837346e-05
 4.00000000e-02   2.42927990e-03  -1.21057140e-03   2.46674053e-02  -1.32160756e-04   5.10918165e-05  -1.99178459e-05
 4.10000000e-02   2.42927990e-03  -1.21057140e-03   2.46674053e-02  -1.38417676e-04   5.35105535e-05  -2.08607321e-05
 4.20000000e-02   2.42927990e-03  -1.21057140e-03   2.46674053e-02  -1.44674601e-04   5.59292852e-05  -2.18036132e-05
 4.30000000e-02   2.42927990e-03  -1.21057140e-03   2.46674053e-02  -1.50931525e-04   5.83480096e-05  -2.27464886e-05
 4.40000000e-02   2.42927990e-03  -1.21057140e-03   2.46674053e-02  -1.57369938e-04   6.08369010e-05  -2.37167204e-05
 4.50000000e-02   2.42927990e-03  -1.21057140e-03   2.46674053e-02  -1.63974541e-04   6.33900475e-05  -2.47120044e-05
 4.60000000e-02   2.42927990e-03  -1.21057140e-03   2.46674053e-02  -1.70579141e-04   6.59431910e-05  -2.57072865e-05
 4.70000000e-02   2.42927990e-03  -1.21057140e-03   2.46674053e-02  -1.77183746e-04   6.84963340e-05  -2.67025674e-05
 4.80000000e-02   2.42927990e-03  -1.21057140e-03   2.46674053e-02  -1.83828098e-04   7.10648447e-05  -2.77038399e-05
 4.90000000e-02   2.42927990e-03  -1.21057140e-03   2.46674053e-02  -1.90661085e-04   7.37062984e-05  -2.87335559e-05
 5.00000000e-02   2.42927990e-03  -1.21057140e-03   2.46674053e-02  -1.97494067e-04   7.63477567e-05  -2.97632759e-05
 5.10000000e-02   2.42927990e-03  -1.21057140e-03   2.46674053e-02  -2.04327054e-04   7.89892210e-05  -3.07929998e-05
 5.20000000e-02   2.42927990e-03  -1.21057140e-03   2.46674053e-02  -2.11160033e-04   8.16306854e-05  -3.18227248e-05
 5.30000000e-02   2.42927990e-03  -1.21057140e-03   2.46674053e-02  -2.18069929e-04   8.43019065e-05  -3.28640584e-05
 5.40000000e-02   2.42927990e-03  -1.21057140e-03   2.46674053e-02  -2.24996027e-04   8.69794077e-05  -3.39078464e-05
 5.50000000e-02   2.42927990e-03  -1.21057140e-03   2.46674053e-02  -2.31922131e-04   8.96569236e-05  -3.49516448e-05
 5.60000000e-02   2.42927990e-03  -1.21057140e-03   2.46674053e-02  -2.38848213e-04   9.23344410e-05  -3.59954475e-05
 5.70000000e-02   2.42927990e-03  -1.21057140e-03   2.46674053e-02  -2.45747971e-04   9.50017993e-05  -3.70352964e-05
 5.80000000e-02   2.42927990e-03  -1.21057140e-03   2.46674053e-02  -2.52618962e-04   9.76580628e-05  -3.80708298e-05
 5.90000000e-02   2.42927990e-03  -1.21057140e-03   2.46674053e-02  -2.59489957e-04   1.00314349e-04  -3.91063801e-05
 6.00000000e-02   2.42927990e-03  -1.21057140e-03   2.46674053e-02  -2.66360945e-04   1.02970649e-04  -4.01419425e-05
 6.10000000e-02   2.42927990e-03  -1.21057140e-03   2.46674053e-02  -2.73204554e-04   1.05616382e-04  -4.11733911e-05
 6.20000000e-02   2.42927990e-03  -1.21057140e-03   2.46674053e-02  -2.79864926e-04   1.08191307e-04  -4.21772472e-05
 6.30000000e-02   2.42927990e-03  -1.21057140e-03   2.46674053e-02  -2.86525292e-04   1.10766259e-04  -4.31811255e-05
 6.40000000e-02   2.42927990e-03  -1.21057140e-03   2.46674053e-02  -2.93185658e-04   1.13341236e-04  -4.41850227e-05
 6.50000000e-02   2.42927990e-03  -1.21057140e-03   2.46674053e-02  -2.99846009e-04   1.15916227e-04  -4.51889335e-05
 6.60000000e-02   2.42927990e-03  -1.21057140e-03   2.46674053e-02  -3.06213279e-04   1.18377943e-04  -4.61486945e-05
 6.70000000e-02   2.42927990e-03  -1.21057140e-03   2.46674053e-02  -3.12499320e-04   1.20808292e-04  -4.70962406e-05
 6.80000000e-02   2.42927990e-03  -1.21057140e-03   2.46674053e-02  -3.18785353e-04   1.23238669e-04  -4.80438100e-05
 6.90000000e-02   2.42927990e-03  -1.21057140e-03   2.46674053e-02  -3.25071380e-04   1.25669070e-04  -4.89913988e-05
 7.00000000e-02   2.42927990e-03  -1.21057140e-03   2.46674053e-02  -3.31126357e-04   1.28010175e-04  -4.99041852e-05
 7.10000000e-02   2.42927990e-03  -1.21057140e-03   2.46674053e-02  -3.36881239e-04   1.30235297e-04  -5.07717689e-05
 7.20000000e-02   2.42927990e-03  -1.21057140e-03   2.46674053e-02  -3.42636124e-04   1.32460458e-04  -5.16393821e-05
 7.30000000e-02   2.42927990e-03  -1.21057140e-03   2.46674053e-02  -3.48391002e-04   1.34685647e-04  -5.25070185e-05
 7.40000000e-02   2.42927990e-03  -1.21057140e-03   2.46674053e-02  -3.54086626e-04   1.36887957e-04  -5.33657456e-05
 7.50000000e-02   2.42927990e-03  -1.21057140e-03   2.46674053e-02  -3.59160620e-04   1.38849971e-04  -5.41308027e-05
 7.60000000e-02   2.42927990e-03  -1.21057140e-03   2.46674053e-02  -3.64234599e-04   1.40812020e-04  -5.48958898e-05
 7.70000000e-02   2.42927990e-03  -1.21057140e-03   2.46674053e-02  -3.69308558e-04   1.42774097e-04  -5.56610009e-05
 7.80000000e-02   2.42927990e-03  -1.21057140e-03   2.46674053e-02  -3.74382509e-04   1.44736201e-04  -5.64261338e-05
 7.90000000e-02   2.42927990e-03  -1.21057140e-03   2.46674053e-02  -3.78853619e-04   1.46465267e-04  -5.71004240e-05
 8.00000000e-02   2.42927990e-03  -1.21057140e-03   2.46674053e-02  -3.83111806e-04   1.48112051e-04  -5.77426500e-05
 8.10000000e-02   2.42927990e-03  -1.21057140e-03   2.46674053e-02  -3.87369987e-04   1.49758870e-04  -5.83849028e-05
 8.20000000e-02   2.42927990e-03  -1.21057140e-03   2.46674053e-02  -3.91628155e-04   1.51405714e-04  -5.90271775e-05
 8.30000000e-02   2.42927990e-03  -1.21057140e-03   2.46674053e-02  -3.95522711e-04   1.52912006e-04  -5.96146655e-05
 8.40000000e-02   2.42927990e-03  -1.21057140e-03   2.46674053e-02  -3.98850937e-04   1.54199374e-04  -6.01168121e-05
 8.50000000e-02   2.42927990e-03  -1.21057140e-03   2.46674053e-02  -4.02179153e-04   1.55486773e-04  -6.06189840e-05
 8.60000000e-02   2.42927990e-03  -1.21057140e-03   2.46674053e-02  -4.05507355e-04   1.56774196e-04  -6.11211767e-05
 8.70000000e-02   2.42927990e-03  -1.21057140e-03   2.46674053e-02  -4.08795483e-04   1.58046142e-04  -6.16173416e-05
 8.80000000e-02   2.42927990e-03  -1.21057140e-03   2.46674053e-02  -4.11191974e-04   1.58973158e-04  -6.19789489e-05
 8.90000000e-02   2.42927990e-03  -1.21057140e-03   2.46674053e-02  -4.13588442e-04   1.59900032e-04  -6.23404491e-05
 9.00000000e-02   2.42927990e-03  -1.21057140e-03   2.46674053e-02  -4.15984949e-04   1.60826820e-04  -6.27018780e-05
 9.10000000e-02   2.42927990e-03  -1.21057140e-03   2.46674053e-02  -4.18381484e-04   1.61753542e-04  -6.30632513e-05
 9.20000000e-02   2.42927990e-03  -1.21057140e-03   2.46674053e-02  -4.20273682e-04   1.62485006e-04  -6.33483948e-05
 9.30000000e-02   2.42927990e-03  -1.21057140e-03   2.46674053e-02  -4.21945595e-04   1.63131013e-04  -6.36001102e-05
 9.40000000e-02   2.42927990e-03  -1.21057140e-03   2.46674053e-02  -4.23617572e-04   1.63776825e-04  -6.38516654e-05
 9.50000000e-02   2.42927990e-03  -1.21057140e-03   2.46674053e-02  -4.25289600e-04   1.64422481e-04  -6.41030917e-05
 9.60000000e-02   2.42927990e-03  -1.21057140e-03   2.46674053e-02  -4.26804541e-04   1.65007258e-04  -6.43307278e-05
 9.70000000e-02   2.42927990e-03  -1.21057140e-03   2.46674053e-02  -4.28025099e-04   1.65478104e-04  -6.45138994e-05
 9.80000000e-02   2.42927990e-03  -1.21057140e-03   2.46674053e-02  -4.29245696e-04   1.65948865e-04  -6.46969995e-05
 9.90000000e-02   2.42927990e-03  -1.21057140e-03   2.46674053e-02  -4.30466333e-04   1.66419553e-04  -6.48800363e-05
 1.00000000e-01   2.42927990e-03  -1.21057140e-03   2.46674053e-02  -4.31686986e-04   1.66890167e-04  -6.50630130e-05
 1.01000000e-01   2.42927990e-03  -1.21057140e-03   2.46674053e-02  -4.32876952e-04   1.67348879e-04  -6.52413342e-05
 1.02000000e-01   2.42927990e-03  -1.21057140e-03   2.46674053e-02  -4.34066934e-04   1.67807556e-04  -6.54196258e-05
 1.03000000e-01   2.42927990e-03  -1.21057140e-03   2.46674053e-02  -4.35256926e-04   1.68266197e-04  -6.55978863e-05
 1.04000000e-01   2.42927990e-03  -1.21057140e-03   2.46674053e-02  -4.36446935e-04   1.68724803e-04  -6.57761172e-05
 1.05000000e-01   2.42927990e-03  -1.21057140e-03   2.46674053e-02  -4.37886273e-04   1.69279801e-04  -6.59919255e-05
 1.06000000e-01   2.42927990e-03  -1.21057140e-03   2.46674053e-02  -4.39458660e-04   1.69886241e-04  -6.62277899e-05
 1.07000000e-01   2.42927990e-03  -1.21057140e-03   2.46674053e-02  -4.41031094e-04   1.70492692e-04  -6.64636550e-05
 1.08000000e-01   2.42927990e-03  -1.21057140e-03   2.46674053e-02  -4.42603499e-04   1.71099121e-04  -6.66995064e-05
 1.09000000e-01   2.42927990e-03  -1.21057140e-03   2.46674053e-02  -4.44273866e-04   1.71743431e-04  -6.69501275e-05
 1.10000000e-01   2.42927990e-03  -1.21057140e-03   2.46674053e-02  -4.46168689e-04   1.72474561e-04  -6.72346123e-05
 1.11000000e-01   2.42927990e-03  -1.21057140e-03   2.46674053e-02  -4.48063522e-04   1.73205719e-04  -6.75191160e-05
 1.12000000e-01   2.42927990e-03  -1.21057140e-03   2.46674053e-02  -4.49958295e-04   1.73936869e-04  -6.78036218e-05
 1.13000000e-01   2.42927990e-03  -1.21057140e-03   2.46674053e-02  -4.51853077e-04   1.74668032e-04  -6.80881358e-05
 1.14000000e-01   2.42927990e-03  -1.21057140e-03   2.46674053e-02  -4.53985920e-04   1.75491308e-04  -6.84085887e-05
 1.15000000e-01   2.42927990e-03  -1.21057140e-03   2.46674053e-02  -4.56129425e-04   1.76318757e-04  -6.87306883e-05
 1.16000000e-01   2.42927990e-03  -1.21057140e-03   2.46674053e-02  -4.58272944e-04   1.77146252e-04  -6.90528198e-05
 1.17000000e-01   2.42927990e-03  -1.21057140e-03   2.46674053e-02  -4.60416405e-04   1.77973755e-04  -6.93749663e-05
 1.18000000e-01   2.42927990e-03  -1.21057140e-03   2.46674053e-02  -4.62661476e-04   1.78840612e-04  -6.97124819e-05
 1.19000000e-01   2.42927990e-03  -1.21057140e-03   2.46674053e-02  -4.64971832e-04   1.79732789e-04  -7.00598999e-05
 1.20000000e-01   2.42927990e-03  -1.21057140e-03   2.46674053e-02  -4.67282066e-04   1.80624981e-04  -7.04073473e-05
 1.21000000e-01   2.42927990e-03  -1.21057140e-03   2.46674053e-02  -4.69592373e-04   1.81517251e-04  -7.07548441e-05
 1.22000000e-01   2.42927990e-03  -1.21057140e-03   2.46674053e-02  -4.71923007e-04   1.82417441e-04  -7.11054522e-05
 1.23000000e-01   2.42927990e-03  -1.21057140e-03   2.46674053e-02  -4.74311321e-04   1.83340035e-04  -7.14648353e-05
 1.24000000e-01   2.42927990e-03  -1.21057140e-03   2.46674053e-02  -4.76699632e-04   1.84262708e-04  -7.18242806e-05
 1.25000000e-01   2.42927990e-03  -1.21057140e-03   2.46674053e-02  -4.79087924e-04   1.85185440e-04  -7.21837749e-05
 1.26000000e-01   2.42927990e-03  -1.21057140e-03   2.46674053e-02  -4.81476239e-04   1.86108236e-04  -7.25433163e-05
 1.27000000e-01   2.42927990e-03  -1.21057140e-03   2.46674053e-02  -4.83851973e-04   1.87026282e-04  -7.29010497e-05
 1.28000000e-01   2.42927990e-03  -1.21057140e-03   2.46674053e-02  -4.86226549e-04   1.87943977e-04  -7.32586843e-05
 1.29000000e-01   2.42927990e-03  -1.21057140e-03   2.46674053e-02  -4.88601107e-04   1.88861744e-04  -7.36163783e-05
 1.30000000e-01   2.42927990e-03  -1.21057140e-03   2.46674053e-02  -4.90975613e-04   1.89779557e-04  -7.39741168e-05
 1.31000000e-01   2.42927990e-03  -1.21057140e-03   2.46674053e-02  -4.93290801e-04   1.90674533e-04  -7.43229896e-05
 1.32000000e-01   2.42927990e-03  -1.21057140e-03   2.46674053e-02  -4.95560355e-04   1.91551974e-04  -7.46650690e-05
 1.33000000e-01   2.42927990e-03  -1.21057140e-03   2.46674053e-02  -4.97829905e-04   1.92429503e-04  -7.50072180e-05
 1.34000000e-01   2.42927990e-03  -1.21057140e-03   2.46674053e-02  -5.00099354e-04   1.93307069e-04  -7.53494113e-05
 1.35000000e-01   2.42927990e-03  -1.21057140e-03   2.46674053e-02  -5.02327239e-04   1.94168643e-04  -7.56854010e-05
 1.36000000e-01   2.42927990e-03  -1.21057140e-03   2.46674053e-02  -5.04405040e-04   1.94972306e-04  -7.59988580e-05
 1.37000000e-01   2.42927990e-03  -1.21057140e-03   2.46674053e-02  -5.06482778e-04   1.95776040e-04  -7.63123808e-05
 1.38000000e-01   2.42927990e-03  -1.21057140e-03   2.46674053e-02  -5.08560492e-04   1.96579846e-04  -7.66259632e-05
 1.39000000e-01   2.42927990e-03  -1.21057140e-03   2.46674053e-02  -5.10638237e-04   1.97383732e-04  -7.69396048e-05
 1.40000000e-01   2.42927990e-03  -1.21057140e-03   2.46674053e-02  -5.12478867e-04   1.98096050e-04  -7.72175882e-05
 1.41000000e-01   2.42927990e-03  -1.21057140e-03   2.46674053e-02  -5.14284086e-04   1.98794775e-04  -7.74903100e-05
 1.42000000e-01   2.42927990e-03  -1.21057140e-03   2.46674053e-02  -5.16089242e-04   1.99493557e-04  -7.77630870e-05
 1.43000000e-01   2.42927990e-03  -1.21057140e-03   2.46674053e-02  -5.17894419e-04   2.00192418e-04  -7.80359228e-05
 1.44000000e-01   2.42927990e-03  -1.21057140e-03   2.46674053e-02  -5.19521356e-04   2.00822451e-04  -7.82819571e-05
 1.45000000e-01   2.42927990e-03  -1.21057140e-03   2.46674053e-02  -5.20985112e-04   2.01389487e-04  -7.85034672e-05
 1.46000000e-01   2.42927990e-03  -1.21057140e-03   2.46674053e-02  -5.22448826e-04   2.01956587e-04  -7.87250339e-05
 1.47000000e-01   2.42927990e-03  -1.21057140e-03   2.46674053e-02  -5.23912548e-04   2.02523758e-04  -7.89466559e-05
 1.48000000e-01   2.42927990e-03  -1.21057140e-03   2.46674053e-02  -5.25307023e-04   2.03064223e-04  -7.91578917e-05
 1.49000000e-01   2.42927990e-03  -1.21057140e-03   2.46674053e-02  -5.26373026e-04   2.03477776e-04  -7.93196797e-05
 1.50000000e-01   2.42927990e-03  -1.21057140e-03   2.46674053e-02  -5.27439016e-04   2.03891397e-04  -7.94815235e-05
 1.51000000e-01   2.42927990e-03  -1.21057140e-03   2.46674053e-02  -5.28504986e-04   2.04305075e-04  -7.96434145e-05
 1.52000000e-01   2.42927990e-03  -1.21057140e-03   2.46674053e-02  -5.29570941e-04   2.04718803e-04  -7.98053472e-05
 1.53000000e-01   2.42927990e-03  -1.21057140e-03   2.46674053e-02  -5.30274568e-04   2.04992510e-04  -7.99127137e-05
 1.54000000e-01   2.42927990e-03  -1.21057140e-03   2.46674053e-02  -5.30901851e-04   2.05236764e-04  -8.00086210e-05
 1.55000000e-01   2.42927990e-03  -1.21057140e-03   2.46674053e-02  -5.31529108e-04   2.05481062e-04  -8.01045673e-05
 1.56000000e-01   2.42927990e-03  -1.21057140e-03   2.46674053e-02  -5.32156344e-04   2.05725401e-04  -8.02005488e-05
 1.57000000e-01   2.42927990e-03  -1.21057140e-03   2.46674053e-02  -5.32581946e-04   2.05891779e-04  -8.02661325e-05
 1.58000000e-01   2.42927990e-03  -1.21057140e-03   2.46674053e-02  -5.32787357e-04   2.05972976e-04  -8.02984874e-05
 1.59000000e-01   2.42927990e-03  -1.21057140e-03   2.46674053e-02  -5.32992745e-04   2.06054138e-04  -8.03308178e-05
 1.60000000e-01   2.42927990e-03  -1.21057140e-03   2.46674053e-02  -5.33198125e-04   2.06135282e-04  -8.03631349e-05
 1.61000000e-01   2.42927990e-03  -1.21057140e-03   2.46674053e-02  -5.33363817e-04   2.06201055e-04  -8.03894486e-05
 1.62000000e-01   2.42927990e-03  -1.21057140e-03   2.46674053e-02  -5.33263956e-04   2.06164019e-04  -8.03756245e-05
 1.63000000e-01   2.42927990e-03  -1.21057140e-03   2.46674053e-02  -5.33164077e-04   2.06126877e-04  -8.03617210e-05
 1.64000000e-01   2.42927990e-03  -1.21057140e-03   2.46674053e-02  -5.33064213e-04   2.06089668e-04  -8.03477615e-05
 1.65000000e-01   2.42927990e-03  -1.21057140e-03   2.46674053e-02  -5.32964364e-04   2.06052407e-04  -8.03337590e-05
 1.66000000e-01   2.42927990e-03  -1.21057140e-03   2.46674053e-02  -5.32740855e-04   2.05967283e-04  -8.03010747e-05
 1.67000000e-01   2.42927990e-03  -1.21057140e-03   2.46674053e-02  -5.32483073e-04   2.05868866e-04  -8.02631899e-05
 1.68000000e-01   2.42927990e-03  -1.21057140e-03   2.46674053e-02  -5.32225300e-04   2.05770416e-04  -8.02252777e-05
 1.69000000e-01   2.42927990e-03  -1.21057140e-03   2.46674053e-02  -5.31967534e-04   2.05671938e-04  -8.01873416e-05
 1.70000000e-01   2.42927990e-03  -1.21057140e-03   2.46674053e-02  -5.31644104e-04   2.05548042e-04  -8.01394833e-05
 1.71000000e-01   2.42927990e-03  -1.21057140e-03   2.46674053e-02  -5.31235388e-04   2.05391144e-04  -8.00787455e-05
 1.72000000e-01   2.42927990e-03  -1.21057140e-03   2.46674053e-02  -5.30826677e-04   2.05234222e-04  -8.00179883e-05
 1.73000000e-01   2.42927990e-03  -1.21057140e-03   2.46674053e-02  -5.30417970e-04   2.05077280e-04  -7.99572138e-05
 1.74000000e-01   2.42927990e-03  -1.21057140e-03   2.46674053e-02  -5.29996737e-04   2.04915475e-04  -7.98945344e-05
 1.75000000e-01   2.42927990e-03  -1.21057140e-03   2.46674053e-02  -5.29444083e-04   2.04702832e-04  -7.98120236e-05
 1.76000000e-01   2.42927990e-03  -1.21057140e-03   2.46674053e-02  -5.28891455e-04   2.04490178e-04  -7.97294993e-05
 1.77000000e-01   2.42927990e-03  -1.21057140e-03   2.46674053e-02  -5.28338765e-04   2.04277481e-04  -7.96469502e-05
 1.78000000e-01   2.42927990e-03  -1.21057140e-03   2.46674053e-02  -5.27786113e-04   2.04064782e-04  -7.95643930e-05
 1.79000000e-01   2.42927990e-03  -1.21057140e-03   2.46674053e-02  -5.27134074e-04   2.03813634e-04  -7.94668357e-05
 1.80000000e-01   2.42927990e-03  -1.21057140e-03   2.46674053e-02  -5.26446923e-04   2.03548889e-04  -7.93639681e-05
 1.81000000e-01   2.42927990e-03  -1.21057140e-03   2.46674053e-02  -5.25759788e-04   2.03284132e-04  -7.92610880e-05
 1.82000000e-01   2.42927990e-03  -1.21057140e-03   2.46674053e-02  -5.25072646e-04   2.03019356e-04  -7.91581937e-05
 1.83000000e-01   2.42927990e-03  -1.21057140e-03   2.46674053e-02  -5.24337503e-04   2.02736002e-04  -7.90480481e-05
 1.84000000e-01   2.42927990e-03  -1.21057140e-03   2.46674053e-02  -5.23527583e-04   2.02423714e-04  -7.89266120e-05
 1.85000000e-01   2.42927990e-03  -1.21057140e-03   2.46674053e-02  -5.22717659e-04   2.02111405e-04  -7.88051598e-05
 1.86000000e-01   2.42927990e-03  -1.21057140e-03   2.46674053e-02  -5.21907743e-04   2.01799083e-04  -7.86836954e-05
 1.87000000e-01   2.42927990e-03  -1.21057140e-03   2.46674053e-02  -5.21093144e-04   2.01484934e-04  -7.85615127e-05
 1.88000000e-01   2.42927990e-03  -1.21057140e-03   2.46674053e-02  -5.20174107e-04   2.01130381e-04  -7.84235663e-05
 1.89000000e-01   2.42927990e-03  -1.21057140e-03   2.46674053e-02  -5.19255069e-04   2.00775806e-04  -7.82856029e-05
 1.90000000e-01   2.42927990e-03  -1.21057140e-03   2.46674053e-02  -5.18336039e-04   2.00421217e-04  -7.81476265e-05
 1.91000000e-01   2.42927990e-03  -1.21057140e-03   2.46674053e-02  -5.17417011e-04   2.00066613e-04  -7.80096381e-05
 1.92000000e-01   2.42927990e-03  -1.21057140e-03   2.46674053e-02  -5.16433280e-04   1.99686969e-04  -7.78618773e-05
 1.93000000e-01   2.42927990e-03  -1.21057140e-03   2.46674053e-02  -5.15421269e-04   1.99296367e-04  -7.77098350e-05
 1.94000000e-01   2.42927990e-03  -1.21057140e-03   2.46674053e-02  -5.14409265e-04   1.98905748e-04  -7.75577781e-05
 1.95000000e-01   2.42927990e-03  -1.21057140e-03   2.46674053e-02  -5.13397262e-04   1.98515113e-04  -7.74057078e-05
 1.96000000e-01   2.42927990e-03  -1.21057140e-03   2.46674053e-02  -5.12358862e-04   1.98114251e-04  -7.72496426e-05
 1.97000000e-01   2.42927990e-03  -1.21057140e-03   2.46674053e-02  -5.11270991e-04   1.97694236e-04  -7.70860989e-05
 1.98000000e-01   2.42927990e-03  -1.21057140e-03   2.46674053e-02  -5.10183123e-04   1.97274199e-04  -7.69225385e-05
 1.99000000e-01   2.42927990e-03  -1.21057140e-03   2.46674053e-02  -5.09095269e-04   1.96854149e-04  -7.67589657e-05
 2.00000000e-01   2.42927990e-03  -1.21057140e-03   2.46674053e-02  -5.08007413e-04   1.96434082e-04  -7.65953796e-05
 2.01000000e-01   2.42927990e-03  -1.21057140e-03   2.46674053e-02  -5.06862285e-04   1.95991842e-04  -7.64231368e-05
 2.02000000e-01   2.42927990e-03  -1.21057140e-03   2.46674053e-02  -5.05717161e-04   1.95549578e-04  -7.62508757e-05
 2.03000000e-01   2.42927990e-03  -1.21057140e-03   2.46674053e-02  -5.04572044e-04   1.95107297e-04  -7.60785999e-05
 2.04000000e-01   2.42927990e-03  -1.21057140e-03   2.46674053e-02  -5.03426935e-04   1.94665001e-04  -7.59063114e-05
 2.05000000e-01   2.42927990e-03  -1.21057140e-03   2.46674053e-02  -5.02257268e-04   1.94213184e-04  -7.57303006e-05
 2.06000000e-01   2.42927990e-03  -1.21057140e-03   2.46674053e-02  -5.01074491e-04   1.93756270e-04  -7.55522925e-05
 2.07000000e-01   2.42927990e-03  -1.21057140e-03   2.46674053e-02  -4.99891721e-04   1.93299336e-04  -7.53742681e-05
 2.08000000e-01   2.42927990e-03  -1.21057140e-03   2.46674053e-02  -4.98708956e-04   1.92842385e-04  -7.51962296e-05
 2.09000000e-01   2.42927990e-03  -1.21057140e-03   2.46674053e-02  -4.97520824e-04   1.92383336e-04  -7.50173649e-05
 2.10000000e-01   2.42927990e-03  -1.21057140e-03   2.46674053e-02  -4.96320351e-04   1.91919486e-04  -7.48366170e-05
 2.11000000e-01   2.42927990e-03  -1.21057140e-03   2.46674053e-02  -4.95119879e-04   1.91455611e-04  -7.46558502e-05
 2.12000000e-01   2.42927990e-03  -1.21057140e-03   2.46674053e-02  -4.93919423e-04   1.90991721e-04  -7.44750698e-05
 2.13000000e-01   2.42927990e-03  -1.21057140e-03   2.46674053e-02  -4.92718986e-04   1.90527820e-04  -7.42942784e-05
 2.14000000e-01   2.42927990e-03  -1.21057140e-03   2.46674053e-02  -4.91521753e-04   1.90065126e-04  -7.41139455e-05
 2.15000000e-01   2.42927990e-03  -1.21057140e-03   2.46674053e-02  -4.90324691e-04   1.89602471e-04  -7.39336182e-05
 2.16000000e-01   2.42927990e-03  -1.21057140e-03   2.46674053e-02  -4.89127630e-04   1.89139793e-04  -7.37532738e-05
 2.17000000e-01   2.42927990e-03  -1.21057140e-03   2.46674053e-02  -4.87930596e-04   1.88677106e-04  -7.35729187e-05
 2.18000000e-01   2.42927990e-03  -1.21057140e-03   2.46674053e-02  -4.86747908e-04   1.88219939e-04  -7.33947059e-05
 2.19000000e-01   2.42927990e-03  -1.21057140e-03   2.46674053e-02  -4.85574448e-04   1.87766310e-04  -7.32178622e-05
 2.20000000e-01   2.42927990e-03  -1.21057140e-03   2.46674053e-02  -4.84401006e-04   1.87312664e-04  -7.30410031e-05
 2.21000000e-01   2.42927990e-03  -1.21057140e-03   2.46674053e-02  -4.83227571e-04   1.86859000e-04  -7.28641296e-05
 2.22000000e-01   2.42927990e-03  -1.21057140e-03   2.46674053e-02  -4.82065542e-04   1.86409724e-04  -7.26889586e-05
 2.23000000e-01   2.42927990e-03  -1.21057140e-03   2.46674053e-02  -4.80935772e-04   1.85972889e-04  -7.25186276e-05
 2.24000000e-01   2.42927990e-03  -1.21057140e-03   2.46674053e-02  -4.79806021e-04   1.85536036e-04  -7.23482803e-05
 2.25000000e-01   2.42927990e-03  -1.21057140e-03   2.46674053e-02  -4.78676296e-04   1.85099172e-04  -7.21779208e-05
 2.26000000e-01   2.42927990e-03  -1.21057140e-03   2.46674053e-02  -4.77546537e-04   1.84662275e-04  -7.20075422e-05
 2.27000000e-01   2.42927990e-03  -1.21057140e-03   2.46674053e-02  -4.76474321e-04   1.84247596e-04  -7.18458152e-05
 2.28000000e-01   2.42927990e-03  -1.21057140e-03   2.46674053e-02  -4.75407559e-04   1.83835000e-04  -7.16848907e-05
 2.29000000e-01   2.42927990e-03  -1.21057140e-03   2.46674053e-02  -4.74340809e-04   1.83422386e-04  -7.15239515e-05
 2.30000000e-01   2.42927990e-03  -1.21057140e-03   2.46674053e-02  -4.73274068e-04   1.83009756e-04  -7.13629992e-05
 2.31000000e-01   2.42927990e-03  -1.21057140e-03   2.46674053e-02  -4.72253262e-04   1.82614861e-04  -7.12089528e-05
 2.32000000e-01   2.42927990e-03  -1.21057140e-03   2.46674053e-02  -4.71267772e-04   1.82233594e-04  -7.10602100e-05
 2.33000000e-01   2.42927990e-03  -1.21057140e-03   2.46674053e-02  -4.70282320e-04   1.81852318e-04  -7.09114560e-05
 2.34000000e-01   2.42927990e-03  -1.21057140e-03   2.46674053e-02  -4.69296871e-04   1.81471025e-04  -7.07626879e-05
 2.35000000e-01   2.42927990e-03  -1.21057140e-03   2.46674053e-02  -4.68332665e-04   1.81097924e-04  -7.06171072e-05
 2.36000000e-01   2.42927990e-03  -1.21057140e-03   2.46674053e-02  -4.67445122e-04   1.80754437e-04  -7.04830629e-05
 2.37000000e-01   2.42927990e-03  -1.21057140e-03   2.46674053e-02  -4.66557572e-04   1.80410925e-04  -7.03490006e-05
 2.38000000e-01   2.42927990e-03  -1.21057140e-03   2.46674053e-02  -4.65670042e-04   1.80067400e-04  -7.02149267e-05
 2.39000000e-01   2.42927990e-03  -1.21057140e-03   2.46674053e-02  -4.64782521e-04   1.79723862e-04  -7.00808415e-05
 2.40000000e-01   2.42927990e-03  -1.21057140e-03   2.46674053e-02  -4.63993723e-04   1.79418470e-04  -6.99616200e-05
 2.41000000e-01   2.42927990e-03  -1.21057140e-03   2.46674053e-02  -4.63219685e-04   1.79118762e-04  -6.98446068e-05
 2.42000000e-01   2.42927990e-03  -1.21057140e-03   2.46674053e-02  -4.62445661e-04   1.78819040e-04  -6.97275816e-05
 2.43000000e-01   2.42927990e-03  -1.21057140e-03   2.46674053e-02  -4.61671646e-04   1.78519305e-04  -6.96105453e-05
 2.44000000e-01   2.42927990e-03  -1.21057140e-03   2.46674053e-02  -4.60963681e-04   1.78245088e-04  -6.95034512e-05
 2.45000000e-01   2.42927990e-03  -1.21057140e-03   2.46674053e-02  -4.60316198e-04   1.77994235e-04  -6.94054585e-05
 2.46000000e-01   2.42927990e-03  -1.21057140e-03   2.46674053e-02  -4.59668720e-04   1.77743365e-04  -6.93074530e-05
 2.47000000e-01   2.42927990e-03  -1.21057140e-03   2.46674053e-02  -4.59021256e-04   1.77492485e-04  -6.92094377e-05
 2.48000000e-01   2.42927990e-03  -1.21057140e-03   2.46674053e-02  -4.58397743e-04   1.77250850e-04  -6.91150214e-05
 2.49000000e-01   2.42927990e-03  -1.21057140e-03   2.46674053e-02  -4.57887886e-04   1.77053139e-04  -6.90377235e-05
 2.50000000e-01   2.42927990e-03  -1.21057140e-03   2.46674053e-02  -4.57378030e-04   1.76855412e-04  -6.89604132e-05
 2.51000000e-01   2.42927990e-03  -1.21057140e-03   2.46674053e-02  -4.56868192e-04   1.76657677e-04  -6.88830944e-05
 2.52000000e-01   2.42927990e-03  -1.21057140e-03   2.46674053e-02  -4.56358350e-04   1.76459928e-04  -6.88057654e-05
 2.53000000e-01   2.42927990e-03  -1.21057140e-03   2.46674053e-02  -4.55969382e-04   1.76308897e-04  -6.87466455e-05
 2.54000000e-01   2.42927990e-03  -1.21057140e-03   2.46674053e-02  -4.55605873e-04   1.76167695e-04  -6.86913521e-05
 2.55000000e-01   2.42927990e-03  -1.21057140e-03   2.46674053e-02  -4.55242368e-04   1.76026482e-04  -6.86360495e-05
 2.56000000e-01   2.42927990e-03  -1.21057140e-03   2.46674053e-02  -4.54878867e-04   1.75885258e-04  -6.85807386e-05
 2.57000000e-01   2.42927990e-03  -1.21057140e-03   2.46674053e-02  -4.54588290e-04   1.75772218e-04  -6.85364116e-05
 2.58000000e-01   2.42927990e-03  -1.21057140e-03   2.46674053e-02  -4.54377346e-04   1.75689955e-04  -6.85040796e-05
 2.59000000e-01   2.42927990e-03  -1.21057140e-03   2.46674053e-02  -4.54166402e-04   1.75607681e-04  -6.84717391e-05
 2.60000000e-01   2.42927990e-03  -1.21057140e-03   2.46674053e-02  -4.53955459e-04   1.75525398e-04  -6.84393913e-05
 2.61000000e-01   2.42927990e-03  -1.21057140e-03   2.46674053e-02  -4.53763001e-04   1.75450258e-04  -6.84098268e-05
 2.62000000e-01   2.42927990e-03  -1.21057140e-03   2.46674053e-02  -4.53694232e-04   1.75422968e-04  -6.83989281e-05
 2.63000000e-01   2.42927990e-03  -1.21057140e-03   2.46674053e-02  -4.53625468e-04   1.75395696e-04  -6.83880436e-05
 2.64000000e-01   2.42927990e-03  -1.21057140e-03   2.46674053e-02  -4.53556696e-04   1.75368435e-04  -6.83771675e-05
 2.65000000e-01   2.42927990e-03  -1.21057140e-03   2.46674053e-02  -4.53487917e-04   1.75341181e-04  -6.83662972e-05
 2.66000000e-01   2.42927990e-03  -1.21057140e-03   2.46674053e-02  -4.53498021e-04   1.75344470e-04  -6.83673519e-05
 2.67000000e-01   2.42927990e-03  -1.21057140e-03   2.46674053e-02  -4.53529988e-04   1.75356255e-04  -6.83717352e-05
 2.68000000e-01   2.42927990e-03  -1.21057140e-03   2.46674053e-02  -4.53561941e-04   1.75368068e-04  -6.83761412e-05
 2.69000000e-01   2.42927990e-03  -1.21057140e-03   2.46674053e-02  -4.53593879e-04   1.75379900e-04  -6.83805647e-05
 2.70000000e-01   2.42927990e-03  -1.21057140e-03   2.46674053e-02  -4.53647674e-04   1.75400207e-04  -6.83882999e-05
 2.71000000e-01   2.42927990e-03  -1.21057140e-03   2.46674053e-02  -4.53729862e-04   1.75431511e-04  -6.84003305e-05
 2.72000000e-01   2.42927990e-03  -1.21057140e-03   2.46674053e-02  -4.53812040e-04   1.75462829e-04  -6.84123725e-05
 2.73000000e-01   2.42927990e-03  -1.21057140e-03   2.46674053e-02  -4.53894206e-04   1.75494157e-04  -6.84244237e-05
 2.74000000e-01   2.42927990e-03  -1.21057140e-03   2.46674053e-02  -4.53980486e-04   1.75527089e-04  -6.84371053e-05
 2.75000000e-01   2.42927990e-03  -1.21057140e-03   2.46674053e-02  -4.54110005e-04   1.75576753e-04  -6.84563156e-05
 2.76000000e-01   2.42927990e-03  -1.21057140e-03   2.46674053e-02  -4.54239515e-04   1.75626427e-04  -6.84755340e-05
 2.77000000e-01   2.42927990e-03  -1.21057140e-03   2.46674053e-02  -4.54369013e-04   1.75676107e-04  -6.84947587e-05
 2.78000000e-01   2.42927990e-03  -1.21057140e-03   2.46674053e-02  -4.54498522e-04   1.75725801e-04  -6.85139927e-05
 2.79000000e-01   2.42927990e-03  -1.21057140e-03   2.46674053e-02  -4.54660660e-04   1.75788123e-04  -6.85381541e-05
 2.80000000e-01   2.42927990e-03  -1.21057140e-03   2.46674053e-02  -4.54834329e-04   1.75854914e-04  -6.85640619e-05
 2.81000000e-01   2.42927990e-03  -1.21057140e-03   2.46674053e-02  -4.55007990e-04   1.75921711e-04  -6.85899758e-05
 2.82000000e-01   2.42927990e-03  -1.21057140e-03   2.46674053e-02  -4.55181656e-04   1.75988519e-04  -6.86158971e-05
 2.83000000e-01   2.42927990e-03  -1.21057140e-03   2.46674053e-02  -4.55370918e-04   1.76061367e-04  -6.86441764e-05
 2.84000000e-01   2.42927990e-03  -1.21057140e-03   2.46674053e-02  -4.55584466e-04   1.76143616e-04  -6.86761251e-05
 2.85000000e-01   2.42927990e-03  -1.21057140e-03   2.46674053e-02  -4.55798012e-04   1.76225873e-04  -6.87080804e-05
 2.86000000e-01   2.42927990e-03  -1.21057140e-03   2.46674053e-02  -4.56011550e-04   1.76308134e-04  -6.87400407e-05
 2.87000000e-01   2.42927990e-03  -1.21057140e-03   2.46674053e-02  -4.56226578e-04   1.76390980e-04  -6.87722313e-05
 2.88000000e-01   2.42927990e-03  -1.21057140e-03   2.46674053e-02  -4.56474830e-04   1.76486683e-04  -6.88094391e-05
 2.89000000e-01   2.42927990e-03  -1.21057140e-03   2.46674053e-02  -4.56723076e-04   1.76582393e-04  -6.88466531e-05
 2.90000000e-01   2.42927990e-03  -1.21057140e-03   2.46674053e-02  -4.56971322e-04   1.76678112e-04  -6.88838734e-05
 2.91000000e-01   2.42927990e-03  -1.21057140e-03   2.46674053e-02  -4.57219560e-04   1.76773834e-04  -6.89210980e-05
 2.92000000e-01   2.42927990e-03  -1.21057140e-03   2.46674053e-02  -4.57487627e-04   1.76877233e-04  -6.89613196e-05
 2.93000000e-01   2.42927990e-03  -1.21057140e-03   2.46674053e-02  -4.57764346e-04   1.76983988e-04  -6.90028533e-05
 2.94000000e-01   2.42927990e-03  -1.21057140e-03   2.46674053e-02  -4.58041060e-04   1.77090750e-04  -6.90443928e-05
 2.95000000e-01   2.42927990e-03  -1.21057140e-03   2.46674053e-02  -4.58317771e-04   1.77197518e-04  -6.90859377e-05
 2.96000000e-01   2.42927990e-03  -1.21057140e-03   2.46674053e-02  -4.58602043e-04   1.77307218e-04  -6.91286289e-05
 2.97000000e-01   2.42927990e-03  -1.21057140e-03   2.46674053e-02  -4.58900482e-04   1.77422407e-04  -6.91734645e-05
 2.98000000e-01   2.42927990e-03  -1.21057140e-03   2.46674053e-02  -4.59198916e-04   1.77537603e-04  -6.92183064e-05
 2.99000000e-01   2.42927990e-03  -1.21057140e-03   2.46674053e-02  -4.59497348e-04   1.77652806e-04  -6.92631542e-05
 3.00000000e-01   2.42927990e-03  -1.21057140e-03   2.46674053e-02  -4.59795772e-04   1.77768014e-04  -6.93080061e-05
 3.01000000e-01   2.42927990e-03  -1.21057140e-03   2.46674053e-02  -4.60108589e-04   1.77888798e-04  -6.93550372e-05
 3.02000000e-01   2.42927990e-03  -1.21057140e-03   2.46674053e-02  -4.60421404e-04   1.78009592e-04  -6.94020759e-05
 3.03000000e-01   2.42927990e-03  -1.21057140e-03   2.46674053e-02  -4.60734210e-04   1.78130391e-04  -6.94491197e-05
 3.04000000e-01   2.42927990e-03  -1.21057140e-03   2.46674053e-02  -4.61047017e-04   1.78251198e-04  -6.94961693e-05
 3.05000000e-01   2.42927990e-03  -1.21057140e-03   2.46674053e-02  -4.61364177e-04   1.78373699e-04  -6.95438835e-05
 3.06000000e-01   2.42927990e-03  -1.21057140e-03   2.46674053e-02  -4.61683660e-04   1.78497108e-04  -6.95919562e-05
 3.07000000e-01   2.42927990e-03  -1.21057140e-03   2.46674053e-02  -4.62003138e-04   1.78620525e-04  -6.96400354e-05
 3.08000000e-01   2.42927990e-03  -1.21057140e-03   2.46674053e-02  -4.62322620e-04   1.78743952e-04  -6.96881213e-05
 3.09000000e-01   2.42927990e-03  -1.21057140e-03   2.46674053e-02  -4.62641764e-04   1.78867257e-04  -6.97361631e-05
 3.10000000e-01   2.42927990e-03  -1.21057140e-03   2.46674053e-02  -4.62960126e-04   1.78990272e-04  -6.97840963e-05
 3.11000000e-01   2.42927990e-03  -1.21057140e-03   2.46674053e-02  -4.63278507e-04   1.79113303e-04  -6.98320399e-05
 3.12000000e-01   2.42927990e-03  -1.21057140e-03   2.46674053e-02  -4.63596865e-04   1.79236334e-04  -6.98799865e-05
 3.13000000e-01   2.42927990e-03  -1.21057140e-03   2.46674053e-02  -4.63915235e-04   1.79359378e-04  -6.99279408e-05
 3.14000000e-01   2.42927990e-03  -1.21057140e-03   2.46674053e-02  -4.64224895e-04   1.79479065e-04  -6.99745914e-05
 3.15000000e-01   2.42927990e-03  -1.21057140e-03   2.46674053e-02  -4.64534161e-04   1.79598612e-04  -7.00211907e-05
 3.16000000e-01   2.42927990e-03  -1.21057140e-03   2.46674053e-02  -4.64843418e-04   1.79718163e-04  -7.00677956e-05
 3.17000000e-01   2.42927990e-03  -1.21057140e-03   2.46674053e-02  -4.65152681e-04   1.79837725e-04  -7.01144072e-05
 3.18000000e-01   2.42927990e-03  -1.21057140e-03   2.46674053e-02  -4.65451809e-04   1.79953378e-04  -7.01594991e-05
 3.19000000e-01   2.42927990e-03  -1.21057140e-03   2.46674053e-02  -4.65744438e-04   1.80066529e-04  -7.02036197e-05
 3.20000000e-01   2.42927990e-03  -1.21057140e-03   2.46674053e-02  -4.66037063e-04   1.80179688e-04  -7.02477466e-05
 3.21000000e-01   2.42927990e-03  -1.21057140e-03   2.46674053e-02  -4.66329684e-04   1.80292853e-04  -7.02918791e-05
 3.22000000e-01   2.42927990e-03  -1.21057140e-03   2.46674053e-02  -4.66616080e-04   1.80403621e-04  -7.03350799e-05
 3.23000000e-01   2.42927990e-03  -1.21057140e-03   2.46674053e-02  -4.66884862e-04   1.80507588e-04  -7.03756339e-05
 3.24000000e-01   2.42927990e-03  -1.21057140e-03   2.46674053e-02  -4.67153647e-04   1.80611567e-04  -7.04161955e-05
 3.25000000e-01   2.42927990e-03  -1.21057140e-03   2.46674053e-02  -4.67422426e-04   1.80715551e-04  -7.04567625e-05
 3.26000000e-01   2.42927990e-03  -1.21057140e-03   2.46674053e-02  -4.67691203e-04   1.80819541e-04  -7.04973345e-05
 3.27000000e-01   2.42927990e-03  -1.21057140e-03   2.46674053e-02  -4.67932166e-04   1.80912788e-04  -7.05337219e-05
 3.28000000e-01   2.42927990e-03  -1.21057140e-03   2.46674053e-02  -4.68170482e-04   1.81005021e-04  -7.05697175e-05
 3.29000000e-01   2.42927990e-03  -1.21057140e-03   2.46674053e-02  -4.68408799e-04   1.81097262e-04  -7.06057193e-05
 3.30000000e-01   2.42927990e-03  -1.21057140e-03   2.46674053e-02  -4.68647108e-04   1.81189507e-04  -7.06417253e-05
 3.31000000e-01   2.42927990e-03  -1.21057140e-03   2.46674053e-02  -4.68864895e-04   1.81273826e-04  -7.06746441e-05
 3.32000000e-01   2.42927990e-03  -1.21057140e-03   2.46674053e-02  -4.69066874e-04   1.81352042e-04  -7.07051869e-05
 3.33000000e-01   2.42927990e-03  -1.21057140e-03   2.46674053e-02  -4.69268850e-04   1.81430264e-04  -7.07357354e-05
 3.34000000e-01   2.42927990e-03  -1.21057140e-03   2.46674053e-02  -4.69470823e-04   1.81508492e-04  -7.07662883e-05
 3.35000000e-01   2.42927990e-03  -1.21057140e-03   2.46674053e-02  -4.69663843e-04   1.81583265e-04  -7.07954969e-05
 3.36000000e-01   2.42927990e-03  -1.21057140e-03   2.46674053e-02  -4.69824559e-04   1.81645557e-04  -7.08198422e-05
 3.37000000e-01   2.42927990e-03  -1.21057140e-03   2.46674053e-02  -4.69985274e-04   1.81707855e-04  -7.08441928e-05
 3.38000000e-01   2.42927990e-03  -1.21057140e-03   2.46674053e-02  -4.70145986e-04   1.81770158e-04  -7.08685478e-05
 3.39000000e-01   2.42927990e-03  -1.21057140e-03   2.46674053e-02  -4.70306692e-04   1.81832465e-04  -7.08929063e-05
 3.40000000e-01   2.42927990e-03  -1.21057140e-03   2.46674053e-02  -4.70427999e-04   1.81879546e-04  -7.09113308e-05
 3.41000000e-01   2.42927990e-03  -1.21057140e-03   2.46674053e-02  -4.70543416e-04   1.81924355e-04  -7.09288724e-05
 3.42000000e-01   2.42927990e-03  -1.21057140e-03   2.46674053e-02  -4.70658830e-04   1.81969169e-04  -7.09464178e-05
 3.43000000e-01   2.42927990e-03  -1.21057140e-03   2.46674053e-02  -4.70774239e-04   1.82013986e-04  -7.09639664e-05
 3.44000000e-01   2.42927990e-03  -1.21057140e-03   2.46674053e-02  -4.70864539e-04   1.82049101e-04  -7.09777339e-05
 3.45000000e-01   2.42927990e-03  -1.21057140e-03   2.46674053e-02  -4.70931843e-04   1.82075329e-04  -7.09880387e-05
 3.46000000e-01   2.42927990e-03  -1.21057140e-03   2.46674053e-02  -4.70999144e-04   1.82101561e-04  -7.09983468e-05
 3.47000000e-01   2.42927990e-03  -1.21057140e-03   2.46674053e-02  -4.71066444e-04   1.82127797e-04  -7.10086581e-05
 3.48000000e-01   2.42927990e-03  -1.21057140e-03   2.46674053e-02  -4.71124957e-04   1.82150640e-04  -7.10176478e-05
 3.49000000e-01   2.42927990e-03  -1.21057140e-03   2.46674053e-02  -4.71141768e-04   1.82157365e-04  -7.10203557e-05
 3.50000000e-01   2.42927990e-03  -1.21057140e-03   2.46674053e-02  -4.71158578e-04   1.82164094e-04  -7.10230671e-05
 3.51000000e-01   2.42927990e-03  -1.21057140e-03   2.46674053e-02  -4.71175384e-04   1.82170826e-04  -7.10257813e-05
 3.52000000e-01   2.42927990e-03  -1.21057140e-03   2.46674053e-02  -4.71192190e-04   1.82177562e-04  -7.10284983e-05
 3.53000000e-01   2.42927990e-03  -1.21057140e-03   2.46674053e-02  -4.71165006e-04   1.82167295e-04  -7.10245880e-05
 3.54000000e-01   2.42927990e-03  -1.21057140e-03   2.46674053e-02  -4.71128552e-04   1.82153450e-04  -7.10192841e-05
 3.55000000e-01   2.42927990e-03  -1.21057140e-03   2.46674053e-02  -4.71092097e-04   1.82139607e-04  -7.10139832e-05
 3.56000000e-01   2.42927990e-03  -1.21057140e-03   2.46674053e-02  -4.71055641e-04   1.82125768e-04  -7.10086849e-05
 3.57000000e-01   2.42927990e-03  -1.21057140e-03   2.46674053e-02  -4.70992659e-04   1.82101676e-04  -7.09993903e-05
 3.58000000e-01   2.42927990e-03  -1.21057140e-03   2.46674053e-02  -4.70900711e-04   1.82066387e-04  -7.09857308e-05
 3.59000000e-01   2.42927990e-03  -1.21057140e-03   2.46674053e-02  -4.70808761e-04   1.82031100e-04  -7.09720729e-05
 3.60000000e-01   2.42927990e-03  -1.21057140e-03   2.46674053e-02  -4.70716809e-04   1.81995814e-04  -7.09584163e-05
 3.61000000e-01   2.42927990e-03  -1.21057140e-03   2.46674053e-02  -4.70617763e-04   1.81957788e-04  -7.09436918e-05
 3.62000000e-01   2.42927990e-03  -1.21057140e-03   2.46674053e-02  -4.70471241e-04   1.81901406e-04  -7.09218109e-05
 3.63000000e-01   2.42927990e-03  -1.21057140e-03   2.46674053e-02  -4.70324718e-04   1.81845025e-04  -7.08999307e-05
 3.64000000e-01   2.42927990e-03  -1.21057140e-03   2.46674053e-02  -4.70178194e-04   1.81788644e-04  -7.08780511e-05
 3.65000000e-01   2.42927990e-03  -1.21057140e-03   2.46674053e-02  -4.70031670e-04   1.81732264e-04  -7.08561721e-05
 3.66000000e-01   2.42927990e-03  -1.21057140e-03   2.46674053e-02  -4.69843732e-04   1.81659872e-04  -7.08280501e-05
 3.67000000e-01   2.42927990e-03  -1.21057140e-03   2.46674053e-02  -4.69644320e-04   1.81583044e-04  -7.07981981e-05
 3.68000000e-01   2.42927990e-03  -1.21057140e-03   2.46674053e-02  -4.69444902e-04   1.81506213e-04  -7.07683451e-05
 3.69000000e-01   2.42927990e-03  -1.21057140e-03   2.46674053e-02  -4.69245489e-04   1.81429384e-04  -7.07384930e-05
 3.70000000e-01   2.42927990e-03  -1.21057140e-03   2.46674053e-02  -4.69024000e-04   1.81344020e-04  -7.07053125e-05
 3.71000000e-01   2.42927990e-03  -1.21057140e-03   2.46674053e-02  -4.68773838e-04   1.81247568e-04  -7.06678084e-05
 3.72000000e-01   2.42927990e-03  -1.21057140e-03   2.46674053e-02  -4.68523674e-04   1.81151113e-04  -7.06303030e-05
 3.73000000e-01   2.42927990e-03  -1.21057140e-03   2.46674053e-02  -4.68273507e-04   1.81054657e-04  -7.05927967e-05
 3.74000000e-01   2.42927990e-03  -1.21057140e-03   2.46674053e-02  -4.68019166e-04   1.80956587e-04  -7.05546607e-05
 3.75000000e-01   2.42927990e-03  -1.21057140e-03   2.46674053e-02  -4.67721006e-04   1.80841572e-04  -7.05099166e-05
 3.76000000e-01   2.42927990e-03  -1.21057140e-03   2.46674053e-02  -4.67422846e-04   1.80726554e-04  -7.04651711e-05
 3.77000000e-01   2.42927990e-03  -1.21057140e-03   2.46674053e-02  -4.67124688e-04   1.80611536e-04  -7.04204245e-05
 3.78000000e-01   2.42927990e-03  -1.21057140e-03   2.46674053e-02  -4.66826526e-04   1.80496515e-04  -7.03756764e-05
 3.79000000e-01   2.42927990e-03  -1.21057140e-03   2.46674053e-02  -4.66495302e-04   1.80368708e-04  -7.03259417e-05
 3.80000000e-01   2.42927990e-03  -1.21057140e-03   2.46674053e-02  -4.66152399e-04   1.80236382e-04  -7.02744439e-05
 3.81000000e-01   2.42927990e-03  -1.21057140e-03   2.46674053e-02  -4.65809496e-04   1.80104054e-04  -7.02229442e-05
 3.82000000e-01   2.42927990e-03  -1.21057140e-03   2.46674053e-02  -4.65466593e-04   1.79971723e-04  -7.01714428e-05
 3.83000000e-01   2.42927990e-03  -1.21057140e-03   2.46674053e-02  -4.65107665e-04   1.79833194e-04  -7.01175235e-05
 3.84000000e-01   2.42927990e-03  -1.21057140e-03   2.46674053e-02  -4.64723779e-04   1.79685010e-04  -7.00598383e-05
 3.85000000e-01   2.42927990e-03  -1.21057140e-03   2.46674053e-02  -4.64339893e-04   1.79536824e-04  -7.00021504e-05
 3.86000000e-01   2.42927990e-03  -1.21057140e-03   2.46674053e-02  -4.63956007e-04   1.79388634e-04  -6.99444603e-05
 3.87000000e-01   2.42927990e-03  -1.21057140e-03   2.46674053e-02  -4.63570540e-04   1.79239830e-04  -6.98865298e-05
 3.88000000e-01   2.42927990e-03  -1.21057140e-03   2.46674053e-02  -4.63149790e-04   1.79077379e-04  -6.98232762e-05
 3.89000000e-01   2.42927990e-03  -1.21057140e-03   2.46674053e-02  -4.62729038e-04   1.78914923e-04  -6.97600189e-05
 3.90000000e-01   2.42927990e-03  -1.21057140e-03   2.46674053e-02  -4.62308290e-04   1.78752465e-04  -6.96967593e-05
 3.91000000e-01   2.42927990e-03  -1.21057140e-03   2.46674053e-02  -4.61887543e-04   1.78590004e-04  -6.96334974e-05
 3.92000000e-01   2.42927990e-03  -1.21057140e-03   2.46674053e-02  -4.61444473e-04   1.78418907e-04  -6.95668663e-05
 3.93000000e-01   2.42927990e-03  -1.21057140e-03   2.46674053e-02  -4.60991650e-04   1.78244034e-04  -6.94987608e-05
 3.94000000e-01   2.42927990e-03  -1.21057140e-03   2.46674053e-02  -4.60538830e-04   1.78069157e-04  -6.94306522e-05
 3.95000000e-01   2.42927990e-03  -1.21057140e-03   2.46674053e-02  -4.60086012e-04   1.77894277e-04  -6.93625409e-05
 3.96000000e-01   2.42927990e-03  -1.21057140e-03   2.46674053e-02  -4.59623728e-04   1.77715732e-04  -6.92929990e-05
 3.97000000e-01   2.42927990e-03  -1.21057140e-03   2.46674053e-02  -4.59143705e-04   1.77530323e-04  -6.92207781e-05
 3.98000000e-01   2.42927990e-03  -1.21057140e-03   2.46674053e-02  -4.58663684e-04   1.77344909e-04  -6.91485532e-05
 3.99000000e-01   2.42927990e-03  -1.21057140e-03   2.46674053e-02  -4.58183664e-04   1.77159490e-04  -6.90763250e-05
 4.00000000e-01   2.42927990e-03  -1.21057140e-03   2.46674053e-02  -4.57703645e-04   1.76974069e-04  -6.90040941e-05
 4.01000000e-01   2.42927990e-03  -1.21057140e-03   2.46674053e-02  -4.57201689e-04   1.76780157e-04  -6.89285501e-05
 4.02000000e-01   2.42927990e-03  -1.21057140e-03   2.46674053e-02  -4.56699720e-04   1.76586235e-04  -6.88529997e-05
 4.03000000e-01   2.42927990e-03  -1.21057140e-03   2.46674053e-02  -4.56197771e-04   1.76392315e-04  -6.87774481e-05
 4.04000000e-01   2.42927990e-03  -1.21057140e-03   2.46674053e-02  -4.55695799e-04   1.76198382e-04  -6.87018897e-05
 4.05000000e-01   2.42927990e-03  -1.21057140e-03   2.46674053e-02  -4.55183120e-04   1.76000303e-04  -6.86247121e-05
 4.06000000e-01   2.42927990e-03  -1.21057140e-03   2.46674053e-02  -4.54664714e-04   1.75800002e-04  -6.85466655e-05
 4.07000000e-01   2.42927990e-03  -1.21057140e-03   2.46674053e-02  -4.54146309e-04   1.75599695e-04  -6.84686147e-05
 4.08000000e-01   2.42927990e-03  -1.21057140e-03   2.46674053e-02  -4.53627905e-04   1.75399384e-04  -6.83905602e-05
 4.09000000e-01   2.42927990e-03  -1.21057140e-03   2.46674053e-02  -4.53106195e-04   1.75197789e-04  -6.83120029e-05
 4.10000000e-01   2.42927990e-03  -1.21057140e-03   2.46674053e-02  -4.52576908e-04   1.74993256e-04  -6.82322971e-05
 4.11000000e-01   2.42927990e-03  -1.21057140e-03   2.46674053e-02  -4.52047620e-04   1.74788716e-04  -6.81525862e-05
 4.12000000e-01   2.42927990e-03  -1.21057140e-03   2.46674053e-02  -4.51518338e-04   1.74584173e-04  -6.80728719e-05
 4.13000000e-01   2.42927990e-03  -1.21057140e-03   2.46674053e-02  -4.50989060e-04   1.74379626e-04  -6.79931546e-05
 4.14000000e-01   2.42927990e-03  -1.21057140e-03   2.46674053e-02  -4.50455133e-04   1.74173273e-04  -6.79127296e-05
 4.15000000e-01   2.42927990e-03  -1.21057140e-03   2.46674053e-02  -4.49921003e-04   1.73966835e-04  -6.78322686e-05
 4.16000000e-01   2.42927990e-03  -1.21057140e-03   2.46674053e-02  -4.49386874e-04   1.73760391e-04  -6.77518031e-05
 4.17000000e-01   2.42927990e-03  -1.21057140e-03   2.46674053e-02  -4.48852753e-04   1.73553945e-04  -6.76713347e-05
 4.18000000e-01   2.42927990e-03  -1.21057140e-03   2.46674053e-02  -4.48319161e-04   1.73347696e-04  -6.75909405e-05
 4.19000000e-01   2.42927990e-03  -1.21057140e-03   2.46674053e-02  -4.47785922e-04   1.73141574e-04  -6.75105931e-05
 4.20000000e-01   2.42927990e-03  -1.21057140e-03   2.46674053e-02  -4.47252683e-04   1.72935447e-04  -6.74302409e-05
 4.21000000e-01   2.42927990e-03  -1.21057140e-03   2.46674053e-02  -4.46719448e-04   1.72729315e-04  -6.73498847e-05
 4.22000000e-01   2.42927990e-03  -1.21057140e-03   2.46674053e-02  -4.46187971e-04   1.72523857e-04  -6.72697889e-05
 4.23000000e-01   2.42927990e-03  -1.21057140e-03   2.46674053e-02  -4.45661459e-04   1.72320310e-04  -6.71904350e-05
 4.24000000e-01   2.42927990e-03  -1.21057140e-03   2.46674053e-02  -4.45134952e-04   1.72116757e-04  -6.71110762e-05
 4.25000000e-01   2.42927990e-03  -1.21057140e-03   2.46674053e-02  -4.44608444e-04   1.71913198e-04  -6.70317127e-05
 4.26000000e-01   2.42927990e-03  -1.21057140e-03   2.46674053e-02  -4.44081946e-04   1.71709637e-04  -6.69523467e-05
 4.27000000e-01   2.42927990e-03  -1.21057140e-03   2.46674053e-02  -4.43566848e-04   1.71510475e-04  -6.68746925e-05
 4.28000000e-01   2.42927990e-03  -1.21057140e-03   2.46674053e-02  -4.43052840e-04   1.71311727e-04  -6.67971967e-05
 4.29000000e-01   2.42927990e-03  -1.21057140e-03   2.46674053e-02  -4.42538831e-04   1.71112973e-04  -6.67196959e-05
 4.30000000e-01   2.42927990e-03  -1.21057140e-03   2.46674053e-02  -4.42024827e-04   1.70914214e-04  -6.66421916e-05
 4.31000000e-01   2.42927990e-03  -1.21057140e-03   2.46674053e-02  -4.41521059e-04   1.70719406e-04  -6.65662249e-05
 4.32000000e-01   2.42927990e-03  -1.21057140e-03   2.46674053e-02  -4.41025182e-04   1.70527641e-04  -6.64914414e-05
 4.33000000e-01   2.42927990e-03  -1.21057140e-03   2.46674053e-02  -4.40529306e-04   1.70335869e-04  -6.64166530e-05
 4.34000000e-01   2.42927990e-03  -1.21057140e-03   2.46674053e-02  -4.40033431e-04   1.70144092e-04  -6.63418603e-05
 4.35000000e-01   2.42927990e-03  -1.21057140e-03   2.46674053e-02  -4.39542645e-04   1.69954276e-04  -6.62678301e-05
 4.36000000e-01   2.42927990e-03  -1.21057140e-03   2.46674053e-02  -4.39070214e-04   1.69771548e-04  -6.61965605e-05
 4.37000000e-01   2.42927990e-03  -1.21057140e-03   2.46674053e-02  -4.38597790e-04   1.69588817e-04  -6.61252865e-05
 4.38000000e-01   2.42927990e-03  -1.21057140e-03   2.46674053e-02  -4.38125370e-04   1.69406080e-04  -6.60540087e-05
 4.39000000e-01   2.42927990e-03  -1.21057140e-03   2.46674053e-02  -4.37652948e-04   1.69223338e-04  -6.59827265e-05
 4.40000000e-01   2.42927990e-03  -1.21057140e-03   2.46674053e-02  -4.37205624e-04   1.69050291e-04  -6.59152215e-05
 4.41000000e-01   2.42927990e-03  -1.21057140e-03   2.46674053e-02  -4.36762049e-04   1.68878687e-04  -6.58482764e-05
 4.42000000e-01   2.42927990e-03  -1.21057140e-03   2.46674053e-02  -4.36318478e-04   1.68707078e-04  -6.57813271e-05
 4.43000000e-01   2.42927990e-03  -1.21057140e-03   2.46674053e-02  -4.35874909e-04   1.68535465e-04  -6.57143742e-05
 4.44000000e-01   2.42927990e-03  -1.21057140e-03   2.46674053e-02  -4.35448877e-04   1.68370625e-04  -6.56500597e-05
 4.45000000e-01   2.42927990e-03  -1.21057140e-03   2.46674053e-02  -4.35038899e-04   1.68211985e-04  -6.55881599e-05
 4.46000000e-01   2.42927990e-03  -1.21057140e-03   2.46674053e-02  -4.34628932e-04   1.68053343e-04  -6.55262569e-05
 4.47000000e-01   2.42927990e-03  -1.21057140e-03   2.46674053e-02  -4.34218957e-04   1.67894693e-04  -6.54643486e-05
 4.48000000e-01   2.42927990e-03  -1.21057140e-03   2.46674053e-02  -4.33815620e-04   1.67738604e-04  -6.54034371e-05
 4.49000000e-01   2.42927990e-03  -1.21057140e-03   2.46674053e-02  -4.33443734e-04   1.67594667e-04  -6.53472610e-05
 4.50000000e-01   2.42927990e-03  -1.21057140e-03   2.46674053e-02  -4.33071850e-04   1.67450726e-04  -6.52910806e-05
 4.51000000e-01   2.42927990e-03  -1.21057140e-03   2.46674053e-02  -4.32699972e-04   1.67306781e-04  -6.52348970e-05
 4.52000000e-01   2.42927990e-03  -1.21057140e-03   2.46674053e-02  -4.32328094e-04   1.67162832e-04  -6.51787099e-05
 4.53000000e-01   2.42927990e-03  -1.21057140e-03   2.46674053e-02  -4.31991030e-04   1.67032336e-04  -6.51277659e-05
 4.54000000e-01   2.42927990e-03  -1.21057140e-03   2.46674053e-02  -4.31661309e-04   1.66904673e-04  -6.50779241e-05
 4.55000000e-01   2.42927990e-03  -1.21057140e-03   2.46674053e-02  -4.31331584e-04   1.66777004e-04  -6.50280779e-05
 4.56000000e-01   2.42927990e-03  -1.21057140e-03   2.46674053e-02  -4.31001865e-04   1.66649333e-04  -6.49782290e-05
 4.57000000e-01   2.42927990e-03  -1.21057140e-03   2.46674053e-02  -4.30694030e-04   1.66530117e-04  -6.49316751e-05
 4.58000000e-01   2.42927990e-03  -1.21057140e-03   2.46674053e-02  -4.30410088e-04   1.66420133e-04  -6.48887186e-05
 4.59000000e-01   2.42927990e-03  -1.21057140e-03   2.46674053e-02  -4.30126150e-04   1.66310146e-04  -6.48457587e-05
 4.60000000e-01   2.42927990e-03  -1.21057140e-03   2.46674053e-02  -4.29842215e-04   1.66200156e-04  -6.48027961e-05
 4.61000000e-01   2.42927990e-03  -1.21057140e-03   2.46674053e-02  -4.29564628e-04   1.66092616e-04  -6.47607873e-05
 4.62000000e-01   2.42927990e-03  -1.21057140e-03   2.46674053e-02  -4.29329511e-04   1.66001491e-04  -6.47251764e-05
 4.63000000e-01   2.42927990e-03  -1.21057140e-03   2.46674053e-02  -4.29094397e-04   1.65910363e-04  -6.46895624e-05
 4.64000000e-01   2.42927990e-03  -1.21057140e-03   2.46674053e-02  -4.28859284e-04   1.65819231e-04  -6.46539455e-05
 4.65000000e-01   2.42927990e-03  -1.21057140e-03   2.46674053e-02  -4.28624173e-04   1.65728096e-04  -6.46183260e-05
 4.66000000e-01   2.42927990e-03  -1.21057140e-03   2.46674053e-02  -4.28429400e-04   1.65652553e-04  -6.45887840e-05
 4.67000000e-01   2.42927990e-03  -1.21057140e-03   2.46674053e-02  -4.28245807e-04   1.65581328e-04  -6.45609240e-05
 4.68000000e-01   2.42927990e-03  -1.21057140e-03   2.46674053e-02  -4.28062216e-04   1.65510100e-04  -6.45330614e-05
 4.69000000e-01   2.42927990e-03  -1.21057140e-03   2.46674053e-02  -4.27878626e-04   1.65438869e-04  -6.45051964e-05
 4.70000000e-01   2.42927990e-03  -1.21057140e-03   2.46674053e-02  -4.27718296e-04   1.65376627e-04  -6.44808352e-05
 4.71000000e-01   2.42927990e-03  -1.21057140e-03   2.46674053e-02  -4.27588175e-04   1.65326063e-04  -6.44610251e-05
 4.72000000e-01   2.42927990e-03  -1.21057140e-03   2.46674053e-02  -4.27458056e-04   1.65275496e-04  -6.44412127e-05
 4.73000000e-01   2.42927990e-03  -1.21057140e-03   2.46674053e-02  -4.27327939e-04   1.65224926e-04  -6.44213984e-05
 4.74000000e-01   2.42927990e-03  -1.21057140e-03   2.46674053e-02  -4.27202597e-04   1.65176200e-04  -6.44023019e-05
 4.75000000e-01   2.42927990e-03  -1.21057140e-03   2.46674053e-02  -4.27127375e-04   1.65146850e-04  -6.43907583e-05
 4.76000000e-01   2.42927990e-03  -1.21057140e-03   2.46674053e-02  -4.27052154e-04   1.65117496e-04  -6.43792128e-05
 4.77000000e-01   2.42927990e-03  -1.21057140e-03   2.46674053e-02  -4.26976933e-04   1.65088141e-04  -6.43676656e-05
 4.78000000e-01   2.42927990e-03  -1.21057140e-03   2.46674053e-02  -4.26901713e-04   1.65058784e-04  -6.43561167e-05
 4.79000000e-01   2.42927990e-03  -1.21057140e-03   2.46674053e-02  -4.26861310e-04   1.65042903e-04  -6.43498276e-05
 4.80000000e-01   2.42927990e-03  -1.21057140e-03   2.46674053e-02  -4.26833205e-04   1.65031793e-04  -6.43454047e-05
 4.81000000e-01   2.42927990e-03  -1.21057140e-03   2.46674053e-02  -4.26805097e-04   1.65020694e-04  -6.43409906e-05
 4.82000000e-01   2.42927990e-03  -1.21057140e-03   2.46674053e-02  -4.26776986e-04   1.65009603e-04  -6.43365829e-05
 4.83000000e-01   2.42927990e-03  -1.21057140e-03   2.46674053e-02  -4.26757150e-04   1.65001729e-04  -6.43334369e-05
 4.84000000e-01   2.42927990e-03  -1.21057140e-03   2.46674053e-02  -4.26750207e-04   1.64998873e-04  -6.43322591e-05
 4.85000000e-01   2.42927990e-03  -1.21057140e-03   2.46674053e-02  -4.26743262e-04   1.64996040e-04  -6.43310995e-05
 4.86000000e-01   2.42927990e-03  -1.21057140e-03   2.46674053e-02  -4.26736307e-04   1.64993223e-04  -6.43299532e-05
 4.87000000e-01   2.42927990e-03  -1.21057140e-03   2.46674053e-02  -4.26728941e-04   1.64990262e-04  -6.43287572e-05
 4.88000000e-01   2.42927990e-03  -1.21057140e-03   2.46674053e-02  -4.26712566e-04   1.64983833e-04  -6.43262137e-05
 4.89000000e-01   2.42927990e-03  -1.21057140e-03   2.46674053e-02  -4.26696184e-04   1.64977413e-04  -6.43236786e-05
 4.90000000e-01   2.42927990e-03  -1.21057140e-03   2.46674053e-02  -4.26679798e-04   1.64971002e-04  -6.43211509e-05
 4.91000000e-01   2.42927990e-03  -1.21057140e-03   2.46674053e-02  -4.26663406e-04   1.64964598e-04  -6.43186295e-05
 4.92000000e-01   2.42927990e-03  -1.21057140e-03   2.46674053e-02  -4.26640096e-04   1.64955528e-04  -6.43150717e-05
 4.93000000e-01   2.42927990e-03  -1.21057140e-03   2.46674053e-02  -4.26613763e-04   1.64945296e-04  -6.43110641e-05
 4.94000000e-01   2.42927990e-03  -1.21057140e-03   2.46674053e-02  -4.26587424e-04   1.64935070e-04  -6.43070611e-05
 4.95000000e-01   2.42927990e-03  -1.21057140e-03   2.46674053e-02  -4.26561082e-04   1.64924849e-04  -6.43030626e-05
 4.96000000e-01   2.42927990e-03  -1.21057140e-03   2.46674053e-02  -4.26531291e-04   1.64913300e-04  -6.42985487e-05
 4.97000000e-01   2.42927990e-03  -1.21057140e-03   2.46674053e-02  -4.26495033e-04   1.64899257e-04  -6.42930643e-05
 4.98000000e-01   2.42927990e-03  -1.21057140e-03   2.46674053e-02  -4.26458773e-04   1.64885218e-04  -6.42875834e-05
 4.99000000e-01   2.42927990e-03  -1.21057140e-03   2.46674053e-02  -4.26422511e-04   1.64871183e-04  -6.42821059e-05
 5.00000000e-01   2.42927990e-03  -1.21057140e-03   2.46674053e-02  -4.26386246e-04   1.64857152e-04  -6.42766314e-05
 5.01000000e-01   2.42927990e-03  -1.21057140e-03   2.46674053e-02  -4.26340122e-04   1.64839312e-04  -6.42696738e-05
 5.02000000e-01   2.42927990e-03  -1.21057140e-03   2.46674053e-02  -4.26293996e-04   1.64821476e-04  -6.42627188e-05
 5.03000000e-01   2.42927990e-03  -1.21057140e-03   2.46674053e-02  -4.26247868e-04   1.64803642e-04  -6.42557663e-05
 5.04000000e-01   2.42927990e-03  -1.21057140e-03   2.46674053e-02  -4.26201738e-04   1.64785811e-04  -6.42488160e-05
 5.05000000e-01   2.42927990e-03  -1.21057140e-03   2.46674053e-02  -4.26149213e-04   1.64765511e-04  -6.42409040e-05
 5.06000000e-01   2.42927990e-03  -1.21057140e-03   2.46674053e-02  -4.26093273e-04   1.64743893e-04  -6.42324795e-05
 5.07000000e-01   2.42927990e-03  -1.21057140e-03   2.46674053e-02  -4.26037331e-04   1.64722277e-04  -6.42240569e-05
 5.08000000e-01   2.42927990e-03  -1.21057140e-03   2.46674053e-02  -4.25981388e-04   1.64700664e-04  -6.42156359e-05
 5.09000000e-01   2.42927990e-03  -1.21057140e-03   2.46674053e-02  -4.25922479e-04   1.64677905e-04  -6.42067697e-05
 5.10000000e-01   2.42927990e-03  -1.21057140e-03   2.46674053e-02  -4.25856781e-04   1.64652524e-04  -6.41968816e-05
 5.11000000e-01   2.42927990e-03  -1.21057140e-03   2.46674053e-02  -4.25791081e-04   1.64627145e-04  -6.41869950e-05
 5.12000000e-01   2.42927990e-03  -1.21057140e-03   2.46674053e-02  -4.25725381e-04   1.64601767e-04  -6.41771096e-05
 5.13000000e-01   2.42927990e-03  -1.21057140e-03   2.46674053e-02  -4.25659680e-04   1.64576391e-04  -6.41672255e-05
 5.14000000e-01   2.42927990e-03  -1.21057140e-03   2.46674053e-02  -4.25584754e-04   1.64547449e-04  -6.41559520e-05
 5.15000000e-01   2.42927990e-03  -1.21057140e-03   2.46674053e-02  -4.25509412e-04   1.64518349e-04  -6.41446171e-05
 5.16000000e-01   2.42927990e-03  -1.21057140e-03   2.46674053e-02  -4.25434070e-04   1.64489250e-04  -6.41332832e-05
 5.17000000e-01   2.42927990e-03  -1.21057140e-03   2.46674053e-02  -4.25358728e-04   1.64460152e-04  -6.41219504e-05
 5.18000000e-01   2.42927990e-03  -1.21057140e-03   2.46674053e-02  -4.25277562e-04   1.64428803e-04  -6.41097404e-05
 5.19000000e-01   2.42927990e-03  -1.21057140e-03   2.46674053e-02  -4.25192656e-04   1.64396010e-04  -6.40969676e-05
 5.20000000e-01   2.42927990e-03  -1.21057140e-03   2.46674053e-02  -4.25107748e-04   1.64363217e-04  -6.40841954e-05
 5.21000000e-01   2.42927990e-03  -1.21057140e-03   2.46674053e-02  -4.25022841e-04   1.64330425e-04  -6.40714239e-05
 5.22000000e-01   2.42927990e-03  -1.21057140e-03   2.46674053e-02  -4.24935461e-04   1.64296679e-04  -6.40582805e-05
 5.23000000e-01   2.42927990e-03  -1.21057140e-03   2.46674053e-02  -4.24841083e-04   1.64260227e-04  -6.40440827e-05
 5.24000000e-01   2.42927990e-03  -1.21057140e-03   2.46674053e-02  -4.24746704e-04   1.64223775e-04  -6.40298854e-05
 5.25000000e-01   2.42927990e-03  -1.21057140e-03   2.46674053e-02  -4.24652325e-04   1.64187325e-04  -6.40156886e-05
 5.26000000e-01   2.42927990e-03  -1.21057140e-03   2.46674053e-02  -4.24557945e-04   1.64150874e-04  -6.40014922e-05
 5.27000000e-01   2.42927990e-03  -1.21057140e-03   2.46674053e-02  -4.24455035e-04   1.64111127e-04  -6.39860104e-05
 5.28000000e-01   2.42927990e-03  -1.21057140e-03   2.46674053e-02  -4.24351313e-04   1.64071065e-04  -6.39704064e-05
 5.29000000e-01   2.42927990e-03  -1.21057140e-03   2.46674053e-02  -4.24247590e-04   1.64031004e-04  -6.39548028e-05
 5.30000000e-01   2.42927990e-03  -1.21057140e-03   2.46674053e-02  -4.24143866e-04   1.63990943e-04  -6.39391995e-05
 5.31000000e-01   2.42927990e-03  -1.21057140e-03   2.46674053e-02  -4.24034931e-04   1.63948868e-04  -6.39228109e-05
 5.32000000e-01   2.42927990e-03  -1.21057140e-03   2.46674053e-02  -4.23921983e-04   1.63905241e-04  -6.39058176e-05
 5.33000000e-01   2.42927990e-03  -1.21057140e-03   2.46674053e-02  -4.23809035e-04   1.63861615e-04  -6.38888246e-05
 5.34000000e-01   2.42927990e-03  -1.21057140e-03   2.46674053e-02  -4.23696086e-04   1.63817989e-04  -6.38718318e-05
 5.35000000e-01   2.42927990e-03  -1.21057140e-03   2.46674053e-02  -4.23581162e-04   1.63773600e-04  -6.38545415e-05
 5.36000000e-01   2.42927990e-03  -1.21057140e-03   2.46674053e-02  -4.23459113e-04   1.63726455e-04  -6.38361771e-05
 5.37000000e-01   2.42927990e-03  -1.21057140e-03   2.46674053e-02  -4.23337063e-04   1.63679311e-04  -6.38178128e-05
 5.38000000e-01   2.42927990e-03  -1.21057140e-03   2.46674053e-02  -4.23215013e-04   1.63632167e-04  -6.37994487e-05
 5.39000000e-01   2.42927990e-03  -1.21057140e-03   2.46674053e-02  -4.23092963e-04   1.63585023e-04  -6.37810848e-05
 5.40000000e-01   2.42927990e-03  -1.21057140e-03   2.46674053e-02  -4.22963157e-04   1.63534881e-04  -6.37615518e-05
 5.41000000e-01   2.42927990e-03  -1.21057140e-03   2.46674053e-02  -4.22832193e-04   1.63484291e-04  -6.37418442e-05
 5.42000000e-01   2.42927990e-03  -1.21057140e-03   2.46674053e-02  -4.22701229e-04   1.63433701e-04  -6.37221367e-05
 5.43000000e-01   2.42927990e-03  -1.21057140e-03   2.46674053e-02  -4.22570265e-04   1.63383111e-04  -6.37024293e-05
 5.44000000e-01   2.42927990e-03  -1.21057140e-03   2.46674053e-02  -4.22434722e-04   1.63330750e-04  -6.36820316e-05
 5.45000000e-01   2.42927990e-03  -1.21057140e-03   2.46674053e-02  -4.22294983e-04   1.63276768e-04  -6.36610015e-05
 5.46000000e-01   2.42927990e-03  -1.21057140e-03   2.46674053e-02  -4.22155245e-04   1.63222786e-04  -6.36399715e-05
 5.47000000e-01   2.42927990e-03  -1.21057140e-03   2.46674053e-02  -4.22015505e-04   1.63168803e-04  -6.36189412e-05
 5.48000000e-01   2.42927990e-03  -1.21057140e-03   2.46674053e-02  -4.21874269e-04   1.63114242e-04  -6.35976855e-05
 5.49000000e-01   2.42927990e-03  -1.21057140e-03   2.46674053e-02  -4.21725924e-04   1.63056932e-04  -6.35753581e-05
 5.50000000e-01   2.42927990e-03  -1.21057140e-03   2.46674053e-02  -4.21577580e-04   1.62999622e-04  -6.35530307e-05
 5.51000000e-01   2.42927990e-03  -1.21057140e-03   2.46674053e-02  -4.21429236e-04   1.62942312e-04  -6.35307033e-05
 5.52000000e-01   2.42927990e-03  -1.21057140e-03   2.46674053e-02  -4.21280892e-04   1.62885003e-04  -6.35083758e-05
 5.53000000e-01   2.42927990e-03  -1.21057140e-03   2.46674053e-02  -4.21125593e-04   1.62825004e-04  -6.34849998e-05
 5.54000000e-01   2.42927990e-03  -1.21057140e-03   2.46674053e-02  -4.20968827e-04   1.62764437e-04  -6.34614026e-05
 5.55000000e-01   2.42927990e-03  -1.21057140e-03   2.46674053e-02  -4.20812059e-04   1.62703870e-04  -6.34378050e-05
 5.56000000e-01   2.42927990e-03  -1.21057140e-03   2.46674053e-02  -4.20655293e-04   1.62643304e-04  -6.34142078e-05
 5.57000000e-01   2.42927990e-03  -1.21057140e-03   2.46674053e-02  -4.20494593e-04   1.62581217e-04  -6.33900174e-05
 5.58000000e-01   2.42927990e-03  -1.21057140e-03   2.46674053e-02  -4.20329597e-04   1.62517468e-04  -6.33651791e-05
 5.59000000e-01   2.42927990e-03  -1.21057140e-03   2.46674053e-02  -4.20164600e-04   1.62453719e-04  -6.33403408e-05
 5.60000000e-01   2.42927990e-03  -1.21057140e-03   2.46674053e-02  -4.19999604e-04   1.62389970e-04  -6.33155024e-05
 5.61000000e-01   2.42927990e-03  -1.21057140e-03   2.46674053e-02  -4.19833558e-04   1.62325815e-04  -6.32905057e-05
 5.62000000e-01   2.42927990e-03  -1.21057140e-03   2.46674053e-02  -4.19660491e-04   1.62258945e-04  -6.32644503e-05
 5.63000000e-01   2.42927990e-03  -1.21057140e-03   2.46674053e-02  -4.19487424e-04   1.62192075e-04  -6.32383949e-05
 5.64000000e-01   2.42927990e-03  -1.21057140e-03   2.46674053e-02  -4.19314357e-04   1.62125205e-04  -6.32123393e-05
 5.65000000e-01   2.42927990e-03  -1.21057140e-03   2.46674053e-02  -4.19141290e-04   1.62058335e-04  -6.31862837e-05
 5.66000000e-01   2.42927990e-03  -1.21057140e-03   2.46674053e-02  -4.18962127e-04   1.61989108e-04  -6.31593089e-05
 5.67000000e-01   2.42927990e-03  -1.21057140e-03   2.46674053e-02  -4.18781274e-04   1.61919227e-04  -6.31320792e-05
 5.68000000e-01   2.42927990e-03  -1.21057140e-03   2.46674053e-02  -4.18600422e-04   1.61849346e-04  -6.31048494e-05
 5.69000000e-01   2.42927990e-03  -1.21057140e-03   2.46674053e-02  -4.18419569e-04   1.61779465e-04  -6.30776195e-05
 5.70000000e-01   2.42927990e-03  -1.21057140e-03   2.46674053e-02  -4.18235411e-04   1.61708305e-04  -6.30498910e-05
 5.71000000e-01   2.42927990e-03  -1.21057140e-03   2.46674053e-02  -4.18046959e-04   1.61635485e-04  -6.30215151e-05
 5.72000000e-01   2.42927990e-03  -1.21057140e-03   2.46674053e-02  -4.17858506e-04   1.61562665e-04  -6.29931390e-05
 5.73000000e-01   2.42927990e-03  -1.21057140e-03   2.46674053e-02  -4.17670054e-04   1.61489844e-04  -6.29647627e-05
 5.74000000e-01   2.42927990e-03  -1.21057140e-03   2.46674053e-02  -4.17480961e-04   1.61416776e-04  -6.29362897e-05
 5.75000000e-01   2.42927990e-03  -1.21057140e-03   2.46674053e-02  -4.17285137e-04   1.61341105e-04  -6.29068017e-05
 5.76000000e-01   2.42927990e-03  -1.21057140e-03   2.46674053e-02  -4.17089312e-04   1.61265433e-04  -6.28773136e-05
 5.77000000e-01   2.42927990e-03  -1.21057140e-03   2.46674053e-02  -4.16893488e-04   1.61189761e-04  -6.28478252e-05
 5.78000000e-01   2.42927990e-03  -1.21057140e-03   2.46674053e-02  -4.16697664e-04   1.61114090e-04  -6.28183368e-05
 5.79000000e-01   2.42927990e-03  -1.21057140e-03   2.46674053e-02  -4.16496575e-04   1.61036382e-04  -6.27880545e-05
 5.80000000e-01   2.42927990e-03  -1.21057140e-03   2.46674053e-02  -4.16293627e-04   1.60957955e-04  -6.27574917e-05
 5.81000000e-01   2.42927990e-03  -1.21057140e-03   2.46674053e-02  -4.16090679e-04   1.60879528e-04  -6.27269287e-05
 5.82000000e-01   2.42927990e-03  -1.21057140e-03   2.46674053e-02  -4.15887730e-04   1.60801101e-04  -6.26963654e-05
 5.83000000e-01   2.42927990e-03  -1.21057140e-03   2.46674053e-02  -4.15682088e-04   1.60721631e-04  -6.26653959e-05
 5.84000000e-01   2.42927990e-03  -1.21057140e-03   2.46674053e-02  -4.15472249e-04   1.60640539e-04  -6.26337935e-05
 5.85000000e-01   2.42927990e-03  -1.21057140e-03   2.46674053e-02  -4.15262411e-04   1.60559447e-04  -6.26021909e-05
 5.86000000e-01   2.42927990e-03  -1.21057140e-03   2.46674053e-02  -4.15052572e-04   1.60478354e-04  -6.25705881e-05
 5.87000000e-01   2.42927990e-03  -1.21057140e-03   2.46674053e-02  -4.14842446e-04   1.60397151e-04  -6.25389419e-05
 5.88000000e-01   2.42927990e-03  -1.21057140e-03   2.46674053e-02  -4.14625927e-04   1.60313474e-04  -6.25063315e-05
 5.89000000e-01   2.42927990e-03  -1.21057140e-03   2.46674053e-02  -4.14409408e-04   1.60229798e-04  -6.24737210e-05
 5.90000000e-01   2.42927990e-03  -1.21057140e-03   2.46674053e-02  -4.14192889e-04   1.60146121e-04  -6.24411102e-05
 5.91000000e-01   2.42927990e-03  -1.21057140e-03   2.46674053e-02  -4.13976370e-04   1.60062444e-04  -6.24084993e-05
 5.92000000e-01   2.42927990e-03  -1.21057140e-03   2.46674053e-02  -4.13755459e-04   1.59977069e-04  -6.23752260e-05
 5.93000000e-01   2.42927990e-03  -1.21057140e-03   2.46674053e-02  -4.13532628e-04   1.59890951e-04  -6.23416632e-05
 5.94000000e-01   2.42927990e-03  -1.21057140e-03   2.46674053e-02  -4.13309799e-04   1.59804833e-04  -6.23081001e-05
 5.95000000e-01   2.42927990e-03  -1.21057140e-03   2.46674053e-02  -4.13086969e-04   1.59718715e-04  -6.22745369e-05
 5.96000000e-01   2.42927990e-03  -1.21057140e-03   2.46674053e-02  -4.12862018e-04   1.59631777e-04  -6.22406538e-05
 5.97000000e-01   2.42927990e-03  -1.21057140e-03   2.46674053e-02  -4.12633093e-04   1.59543302e-04  -6.22061712e-05
 5.98000000e-01   2.42927990e-03  -1.21057140e-03   2.46674053e-02  -4.12404169e-04   1.59454826e-04  -6.21716886e-05
 5.99000000e-01   2.42927990e-03  -1.21057140e-03   2.46674053e-02  -4.12175245e-04   1.59366350e-04  -6.21372056e-05
 6.00000000e-01   2.42927990e-03  -1.21057140e-03   2.46674053e-02  -4.11946320e-04   1.59277874e-04  -6.21027224e-05
 6.01000000e-01   2.42927990e-03  -1.21057140e-03   2.46674053e-02  -4.11711578e-04   1.59187148e-04  -6.20673620e-05
 6.02000000e-01   2.42927990e-03  -1.21057140e-03   2.46674053e-02  -4.11476837e-04   1.59096423e-04  -6.20320013e-05
 6.03000000e-01   2.42927990e-03  -1.21057140e-03   2.46674053e-02  -4.11242095e-04   1.59005696e-04  -6.19966405e-05
 6.04000000e-01   2.42927990e-03  -1.21057140e-03   2.46674053e-02  -4.11007354e-04   1.58914970e-04  -6.19612794e-05
 6.05000000e-01   2.42927990e-03  -1.21057140e-03   2.46674053e-02  -4.10769007e-04   1.58822849e-04  -6.19253745e-05
 6.06000000e-01   2.42927990e-03  -1.21057140e-03   2.46674053e-02  -4.10528734e-04   1.58729983e-04  -6.18891790e-05
 6.07000000e-01   2.42927990e-03  -1.21057140e-03   2.46674053e-02  -4.10288462e-04   1.58637117e-04  -6.18529833e-05
 6.08000000e-01   2.42927990e-03  -1.21057140e-03   2.46674053e-02  -4.10048190e-04   1.58544251e-04  -6.18167875e-05
 6.09000000e-01   2.42927990e-03  -1.21057140e-03   2.46674053e-02  -4.09806311e-04   1.58450763e-04  -6.17803491e-05
 6.10000000e-01   2.42927990e-03  -1.21057140e-03   2.46674053e-02  -4.09560751e-04   1.58355852e-04  -6.17433555e-05
 6.11000000e-01   2.42927990e-03  -1.21057140e-03   2.46674053e-02  -4.09315192e-04   1.58260940e-04  -6.17063617e-05
 6.12000000e-01   2.42927990e-03  -1.21057140e-03   2.46674053e-02  -4.09069633e-04   1.58166028e-04  -6.16693678e-05
 6.13000000e-01   2.42927990e-03  -1.21057140e-03   2.46674053e-02  -4.08824075e-04   1.58071117e-04  -6.16323738e-05
 6.14000000e-01   2.42927990e-03  -1.21057140e-03   2.46674053e-02  -4.08573843e-04   1.57974397e-04  -6.15946749e-05
 6.15000000e-01   2.42927990e-03  -1.21057140e-03   2.46674053e-02  -4.08323401e-04   1.57877597e-04  -6.15569440e-05
 6.16000000e-01   2.42927990e-03  -1.21057140e-03   2.46674053e-02  -4.08072960e-04   1.57780796e-04  -6.15192129e-05
 6.17000000e-01   2.42927990e-03  -1.21057140e-03   2.46674053e-02  -4.07822518e-04   1.57683994e-04  -6.14814816e-05
 6.18000000e-01   2.42927990e-03  -1.21057140e-03   2.46674053e-02  -4.07569254e-04   1.57586101e-04  -6.14433245e-05
 6.19000000e-01   2.42927990e-03  -1.21057140e-03   2.46674053e-02  -4.07314178e-04   1.57487507e-04  -6.14048939e-05
 6.20000000e-01   2.42927990e-03  -1.21057140e-03   2.46674053e-02  -4.07059102e-04   1.57388913e-04  -6.13664630e-05
 6.21000000e-01   2.42927990e-03  -1.21057140e-03   2.46674053e-02  -4.06804026e-04   1.57290318e-04  -6.13280319e-05
 6.22000000e-01   2.42927990e-03  -1.21057140e-03   2.46674053e-02  -4.06547822e-04   1.57191288e-04  -6.12894306e-05
 6.23000000e-01   2.42927990e-03  -1.21057140e-03   2.46674053e-02  -4.06288426e-04   1.57091022e-04  -6.12503476e-05
 6.24000000e-01   2.42927990e-03  -1.21057140e-03   2.46674053e-02  -4.06029029e-04   1.56990755e-04  -6.12112642e-05
 6.25000000e-01   2.42927990e-03  -1.21057140e-03   2.46674053e-02  -4.05769633e-04   1.56890489e-04  -6.11721807e-05
 6.26000000e-01   2.42927990e-03  -1.21057140e-03   2.46674053e-02  -4.05510237e-04   1.56790222e-04  -6.11330969e-05
 6.27000000e-01   2.42927990e-03  -1.21057140e-03   2.46674053e-02  -4.05247189e-04   1.56688543e-04  -6.10934624e-05
 6.28000000e-01   2.42927990e-03  -1.21057140e-03   2.46674053e-02  -4.04983790e-04   1.56586727e-04  -6.10537745e-05
 6.29000000e-01   2.42927990e-03  -1.21057140e-03   2.46674053e-02  -4.04720391e-04   1.56484912e-04  -6.10140864e-05
 6.30000000e-01   2.42927990e-03  -1.21057140e-03   2.46674053e-02  -4.04456993e-04   1.56383096e-04  -6.09743981e-05
 6.31000000e-01   2.42927990e-03  -1.21057140e-03   2.46674053e-02  -4.04191511e-04   1.56280474e-04  -6.09343956e-05
 6.32000000e-01   2.42927990e-03  -1.21057140e-03   2.46674053e-02  -4.03924427e-04   1.56177233e-04  -6.08941509e-05
 6.33000000e-01   2.42927990e-03  -1.21057140e-03   2.46674053e-02  -4.03657342e-04   1.56073990e-04  -6.08539060e-05
 6.34000000e-01   2.42927990e-03  -1.21057140e-03   2.46674053e-02  -4.03390258e-04   1.55970748e-04  -6.08136609e-05
 6.35000000e-01   2.42927990e-03  -1.21057140e-03   2.46674053e-02  -4.03122430e-04   1.55867217e-04  -6.07733034e-05
 6.36000000e-01   2.42927990e-03  -1.21057140e-03   2.46674053e-02  -4.02851920e-04   1.55762649e-04  -6.07325412e-05
 6.37000000e-01   2.42927990e-03  -1.21057140e-03   2.46674053e-02  -4.02581409e-04   1.55658081e-04  -6.06917785e-05
 6.38000000e-01   2.42927990e-03  -1.21057140e-03   2.46674053e-02  -4.02310899e-04   1.55553512e-04  -6.06510157e-05
 6.39000000e-01   2.42927990e-03  -1.21057140e-03   2.46674053e-02  -4.02040388e-04   1.55448943e-04  -6.06102526e-05
 6.40000000e-01   2.42927990e-03  -1.21057140e-03   2.46674053e-02  -4.01767299e-04   1.55343376e-04  -6.05691004e-05
 6.41000000e-01   2.42927990e-03  -1.21057140e-03   2.46674053e-02  -4.01493826e-04   1.55237661e-04  -6.05278901e-05
 6.42000000e-01   2.42927990e-03  -1.21057140e-03   2.46674053e-02  -4.01220351e-04   1.55131944e-04  -6.04866790e-05
 6.43000000e-01   2.42927990e-03  -1.21057140e-03   2.46674053e-02  -4.00946880e-04   1.55026229e-04  -6.04454683e-05
 6.44000000e-01   2.42927990e-03  -1.21057140e-03   2.46674053e-02  -4.00672001e-04   1.54919969e-04  -6.04040451e-05
 6.45000000e-01   2.42927990e-03  -1.21057140e-03   2.46674053e-02  -4.00395834e-04   1.54813210e-04  -6.03624273e-05
 6.46000000e-01   2.42927990e-03  -1.21057140e-03   2.46674053e-02  -4.00119669e-04   1.54706452e-04  -6.03208096e-05
 6.47000000e-01   2.42927990e-03  -1.21057140e-03   2.46674053e-02  -3.99843502e-04   1.54599692e-04  -6.02791912e-05
 6.48000000e-01   2.42927990e-03  -1.21057140e-03   2.46674053e-02  -3.99566921e-04   1.54492772e-04  -6.02375102e-05
 6.49000000e-01   2.42927990e-03  -1.21057140e-03   2.46674053e-02  -3.99288396e-04   1.54385100e-04  -6.01955358e-05
 6.50000000e-01   2.42927990e-03  -1.21057140e-03   2.46674053e-02  -3.99009868e-04   1.54277427e-04  -6.01535605e-05
 6.51000000e-01   2.42927990e-03  -1.21057140e-03   2.46674053e-02  -3.98731340e-04   1.54169753e-04  -6.01115851e-05
 6.52000000e-01   2.42927990e-03  -1.21057140e-03   2.46674053e-02  -3.98452813e-04   1.54062079e-04  -6.00696094e-05
 6.53000000e-01   2.42927990e-03  -1.21057140e-03   2.46674053e-02  -3.98172613e-04   1.53953758e-04  -6.00273812e-05
 6.54000000e-01   2.42927990e-03  -1.21057140e-03   2.46674053e-02  -3.97892061e-04   1.53845300e-04  -5.99850996e-05
 6.55000000e-01   2.42927990e-03  -1.21057140e-03   2.46674053e-02  -3.97611509e-04   1.53736842e-04  -5.99428176e-05
 6.56000000e-01   2.42927990e-03  -1.21057140e-03   2.46674053e-02  -3.97330953e-04   1.53628382e-04  -5.99005349e-05
 6.57000000e-01   2.42927990e-03  -1.21057140e-03   2.46674053e-02  -3.97049606e-04   1.53519615e-04  -5.98581325e-05
 6.58000000e-01   2.42927990e-03  -1.21057140e-03   2.46674053e-02  -3.96767379e-04   1.53410508e-04  -5.98155971e-05
 6.59000000e-01   2.42927990e-03  -1.21057140e-03   2.46674053e-02  -3.96485149e-04   1.53301399e-04  -5.97730609e-05
 6.60000000e-01   2.42927990e-03  -1.21057140e-03   2.46674053e-02  -3.96202924e-04   1.53192292e-04  -5.97305251e-05
 6.61000000e-01   2.42927990e-03  -1.21057140e-03   2.46674053e-02  -3.95920517e-04   1.53083114e-04  -5.96879618e-05
 6.62000000e-01   2.42927990e-03  -1.21057140e-03   2.46674053e-02  -3.95636895e-04   1.52973466e-04  -5.96452148e-05
 6.63000000e-01   2.42927990e-03  -1.21057140e-03   2.46674053e-02  -3.95353268e-04   1.52863816e-04  -5.96024667e-05
 6.64000000e-01   2.42927990e-03  -1.21057140e-03   2.46674053e-02  -3.95069647e-04   1.52754167e-04  -5.95597192e-05
 6.65000000e-01   2.42927990e-03  -1.21057140e-03   2.46674053e-02  -3.94786024e-04   1.52644518e-04  -5.95169713e-05
 6.66000000e-01   2.42927990e-03  -1.21057140e-03   2.46674053e-02  -3.94501671e-04   1.52534585e-04  -5.94741127e-05
 6.67000000e-01   2.42927990e-03  -1.21057140e-03   2.46674053e-02  -3.94217127e-04   1.52424578e-04  -5.94312251e-05
 6.68000000e-01   2.42927990e-03  -1.21057140e-03   2.46674053e-02  -3.93932576e-04   1.52314568e-04  -5.93883362e-05
 6.69000000e-01   2.42927990e-03  -1.21057140e-03   2.46674053e-02  -3.93648026e-04   1.52204558e-04  -5.93454471e-05
 6.70000000e-01   2.42927990e-03  -1.21057140e-03   2.46674053e-02  -3.93363194e-04   1.52094439e-04  -5.93025152e-05
 6.71000000e-01   2.42927990e-03  -1.21057140e-03   2.46674053e-02  -3.93077994e-04   1.51984177e-04  -5.92595274e-05
 6.72000000e-01   2.42927990e-03  -1.21057140e-03   2.46674053e-02  -3.92792801e-04   1.51873917e-04  -5.92165403e-05
 6.73000000e-01   2.42927990e-03  -1.21057140e-03   2.46674053e-02  -3.92507605e-04   1.51763656e-04  -5.91735524e-05
 6.74000000e-01   2.42927990e-03  -1.21057140e-03   2.46674053e-02  -3.92222382e-04   1.51653384e-04  -5.91305603e-05
 6.75000000e-01   2.42927990e-03  -1.21057140e-03   2.46674053e-02  -3.91936898e-04   1.51543010e-04  -5.90875283e-05
 6.76000000e-01   2.42927990e-03  -1.21057140e-03   2.46674053e-02  -3.91651413e-04   1.51432636e-04  -5.90444960e-05
 6.77000000e-01   2.42927990e-03  -1.21057140e-03   2.46674053e-02  -3.91365929e-04   1.51322261e-04  -5.90014634e-05
 6.78000000e-01   2.42927990e-03  -1.21057140e-03   2.46674053e-02  -3.91080443e-04   1.51211885e-04  -5.89584303e-05
 6.79000000e-01   2.42927990e-03  -1.21057140e-03   2.46674053e-02  -3.90794994e-04   1.51101524e-04  -5.89154023e-05
 6.80000000e-01   2.42927990e-03  -1.21057140e-03   2.46674053e-02  -3.90509555e-04   1.50991165e-04  -5.88723755e-05
 6.81000000e-01   2.42927990e-03  -1.21057140e-03   2.46674053e-02  -3.90224116e-04   1.50880806e-04  -5.88293484e-05
 6.82000000e-01   2.42927990e-03  -1.21057140e-03   2.46674053e-02  -3.89938677e-04   1.50770447e-04  -5.87863210e-05
 6.83000000e-01   2.42927990e-03  -1.21057140e-03   2.46674053e-02  -3.89653398e-04   1.50660150e-04  -5.87433175e-05
 6.84000000e-01   2.42927990e-03  -1.21057140e-03   2.46674053e-02  -3.89368367e-04   1.50549947e-04  -5.87003508e-05
 6.85000000e-01   2.42927990e-03  -1.21057140e-03   2.46674053e-02  -3.89083336e-04   1.50439744e-04  -5.86573838e-05
 6.86000000e-01   2.42927990e-03  -1.21057140e-03   2.46674053e-02  -3.88798305e-04   1.50329541e-04  -5.86144166e-05
 6.87000000e-01   2.42927990e-03  -1.21057140e-03   2.46674053e-02  -3.88513303e-04   1.50219349e-04  -5.85714535e-05
 6.88000000e-01   2.42927990e-03  -1.21057140e-03   2.46674053e-02  -3.88228948e-04   1.50109406e-04  -5.85285875e-05
 6.89000000e-01   2.42927990e-03  -1.21057140e-03   2.46674053e-02  -3.87944594e-04   1.49999463e-04  -5.84857212e-05
 6.90000000e-01   2.42927990e-03  -1.21057140e-03   2.46674053e-02  -3.87660239e-04   1.49889520e-04  -5.84428546e-05
 6.91000000e-01   2.42927990e-03  -1.21057140e-03   2.46674053e-02  -3.87375885e-04   1.49779576e-04  -5.83999878e-05
 6.92000000e-01   2.42927990e-03  -1.21057140e-03   2.46674053e-02  -3.87092339e-04   1.49669944e-04  -5.83572424e-05
 6.93000000e-01   2.42927990e-03  -1.21057140e-03   2.46674053e-02  -3.86809146e-04   1.49560449e-04  -5.83145499e-05
 6.94000000e-01   2.42927990e-03  -1.21057140e-03   2.46674053e-02  -3.86525953e-04   1.49450953e-04  -5.82718571e-05
 6.95000000e-01   2.42927990e-03  -1.21057140e-03   2.46674053e-02  -3.86242760e-04   1.49341456e-04  -5.82291640e-05
 6.96000000e-01   2.42927990e-03  -1.21057140e-03   2.46674053e-02  -3.85960068e-04   1.49232153e-04  -5.81865460e-05
 6.97000000e-01   2.42927990e-03  -1.21057140e-03   2.46674053e-02  -3.85678313e-04   1.49123212e-04  -5.81440690e-05
 6.98000000e-01   2.42927990e-03  -1.21057140e-03   2.46674053e-02  -3.85396558e-04   1.49014270e-04  -5.81015916e-05
 6.99000000e-01   2.42927990e-03  -1.21057140e-03   2.46674053e-02  -3.85114804e-04   1.48905328e-04  -5.80591140e-05
 7.00000000e-01   2.42927990e-03  -1.21057140e-03   2.46674053e-02  -3.84833049e-04   1.48796385e-04  -5.80166361e-05
 7.01000000e-01   2.42927990e-03  -1.21057140e-03   2.46674053e-02  -3.84553080e-04   1.48688133e-04  -5.79744270e-05
 7.02000000e-01   2.42927990e-03  -1.21057140e-03   2.46674053e-02  -3.84273114e-04   1.48579881e-04  -5.79322180e-05
 7.03000000e-01   2.42927990e-03  -1.21057140e-03   2.46674053e-02  -3.83993147e-04   1.48471628e-04  -5.78900084e-05
 7.04000000e-01   2.42927990e-03  -1.21057140e-03   2.46674053e-02  -3.83713179e-04   1.48363375e-04  -5.78477987e-05
 7.05000000e-01   2.42927990e-03  -1.21057140e-03   2.46674053e-02  -3.83434592e-04   1.48255655e-04  -5.78057965e-05
 7.06000000e-01   2.42927990e-03  -1.21057140e-03   2.46674053e-02  -3.83156742e-04   1.48148219e-04  -5.77639051e-05
 7.07000000e-01   2.42927990e-03  -1.21057140e-03   2.46674053e-02  -3.82878891e-04   1.48040783e-04  -5.77220133e-05
 7.08000000e-01   2.42927990e-03  -1.21057140e-03   2.46674053e-02  -3.82601041e-04   1.47933347e-04  -5.76801214e-05
 7.09000000e-01   2.42927990e-03  -1.21057140e-03   2.46674053e-02  -3.82323922e-04   1.47826193e-04  -5.76383393e-05
 7.10000000e-01   2.42927990e-03  -1.21057140e-03   2.46674053e-02  -3.82048475e-04   1.47719685e-04  -5.75968090e-05
 7.11000000e-01   2.42927990e-03  -1.21057140e-03   2.46674053e-02  -3.81773029e-04   1.47613177e-04  -5.75552784e-05
 7.12000000e-01   2.42927990e-03  -1.21057140e-03   2.46674053e-02  -3.81497583e-04   1.47506669e-04  -5.75137475e-05
 7.13000000e-01   2.42927990e-03  -1.21057140e-03   2.46674053e-02  -3.81222137e-04   1.47400160e-04  -5.74722164e-05
 7.14000000e-01   2.42927990e-03  -1.21057140e-03   2.46674053e-02  -3.80949426e-04   1.47294708e-04  -5.74310971e-05
 7.15000000e-01   2.42927990e-03  -1.21057140e-03   2.46674053e-02  -3.80676835e-04   1.47189302e-04  -5.73899956e-05
 7.16000000e-01   2.42927990e-03  -1.21057140e-03   2.46674053e-02  -3.80404247e-04   1.47083897e-04  -5.73488943e-05
 7.17000000e-01   2.42927990e-03  -1.21057140e-03   2.46674053e-02  -3.80131658e-04   1.46978490e-04  -5.73077924e-05
 7.18000000e-01   2.42927990e-03  -1.21057140e-03   2.46674053e-02  -3.79860977e-04   1.46873822e-04  -5.72669779e-05
 7.19000000e-01   2.42927990e-03  -1.21057140e-03   2.46674053e-02  -3.79591520e-04   1.46769626e-04  -5.72263477e-05
 7.20000000e-01   2.42927990e-03  -1.21057140e-03   2.46674053e-02  -3.79322065e-04   1.46665430e-04  -5.71857172e-05
 7.21000000e-01   2.42927990e-03  -1.21057140e-03   2.46674053e-02  -3.79052609e-04   1.46561234e-04  -5.71450865e-05
 7.22000000e-01   2.42927990e-03  -1.21057140e-03   2.46674053e-02  -3.78784056e-04   1.46457387e-04  -5.71045915e-05
 7.23000000e-01   2.42927990e-03  -1.21057140e-03   2.46674053e-02  -3.78518057e-04   1.46354526e-04  -5.70644812e-05
 7.24000000e-01   2.42927990e-03  -1.21057140e-03   2.46674053e-02  -3.78252059e-04   1.46251665e-04  -5.70243707e-05
 7.25000000e-01   2.42927990e-03  -1.21057140e-03   2.46674053e-02  -3.77986061e-04   1.46148804e-04  -5.69842600e-05
 7.26000000e-01   2.42927990e-03  -1.21057140e-03   2.46674053e-02  -3.77720063e-04   1.46045943e-04  -5.69441489e-05
 7.27000000e-01   2.42927990e-03  -1.21057140e-03   2.46674053e-02  -3.77457518e-04   1.45944416e-04  -5.69045581e-05
 7.28000000e-01   2.42927990e-03  -1.21057140e-03   2.46674053e-02  -3.77195304e-04   1.45843017e-04  -5.68650168e-05
 7.29000000e-01   2.42927990e-03  -1.21057140e-03   2.46674053e-02  -3.76933090e-04   1.45741617e-04  -5.68254751e-05
 7.30000000e-01   2.42927990e-03  -1.21057140e-03   2.46674053e-02  -3.76670876e-04   1.45640218e-04  -5.67859332e-05
 7.31000000e-01   2.42927990e-03  -1.21057140e-03   2.46674053e-02  -3.76410977e-04   1.45539712e-04  -5.67467400e-05
 7.32000000e-01   2.42927990e-03  -1.21057140e-03   2.46674053e-02  -3.76152860e-04   1.45439895e-04  -5.67078151e-05
 7.33000000e-01   2.42927990e-03  -1.21057140e-03   2.46674053e-02  -3.75894744e-04   1.45340079e-04  -5.66688900e-05
 7.34000000e-01   2.42927990e-03  -1.21057140e-03   2.46674053e-02  -3.75636630e-04   1.45240262e-04  -5.66299648e-05
 7.35000000e-01   2.42927990e-03  -1.21057140e-03   2.46674053e-02  -3.75379458e-04   1.45140810e-04  -5.65911815e-05
 7.36000000e-01   2.42927990e-03  -1.21057140e-03   2.46674053e-02  -3.75125700e-04   1.45042676e-04  -5.65529124e-05
 7.37000000e-01   2.42927990e-03  -1.21057140e-03   2.46674053e-02  -3.74871937e-04   1.44944541e-04  -5.65146422e-05
 7.38000000e-01   2.42927990e-03  -1.21057140e-03   2.46674053e-02  -3.74618178e-04   1.44846407e-04  -5.64763725e-05
 7.39000000e-01   2.42927990e-03  -1.21057140e-03   2.46674053e-02  -3.74364418e-04   1.44748272e-04  -5.64381022e-05
 7.40000000e-01   2.42927990e-03  -1.21057140e-03   2.46674053e-02  -3.74114821e-04   1.44651746e-04  -5.64004592e-05
 7.41000000e-01   2.42927990e-03  -1.21057140e-03   2.46674053e-02  -3.73865847e-04   1.44555461e-04  -5.63629097e-05
 7.42000000e-01   2.42927990e-03  -1.21057140e-03   2.46674053e-02  -3.73616873e-04   1.44459175e-04  -5.63253599e-05
 7.43000000e-01   2.42927990e-03  -1.21057140e-03   2.46674053e-02  -3.73367900e-04   1.44362889e-04  -5.62878102e-05
 7.44000000e-01   2.42927990e-03  -1.21057140e-03   2.46674053e-02  -3.73121550e-04   1.44267617e-04  -5.62506554e-05
 7.45000000e-01   2.42927990e-03  -1.21057140e-03   2.46674053e-02  -3.72877603e-04   1.44173274e-04  -5.62138627e-05
 7.46000000e-01   2.42927990e-03  -1.21057140e-03   2.46674053e-02  -3.72633657e-04   1.44078931e-04  -5.61770696e-05
 7.47000000e-01   2.42927990e-03  -1.21057140e-03   2.46674053e-02  -3.72389712e-04   1.43984588e-04  -5.61402767e-05
 7.48000000e-01   2.42927990e-03  -1.21057140e-03   2.46674053e-02  -3.72146693e-04   1.43890602e-04  -5.61036229e-05
 7.49000000e-01   2.42927990e-03  -1.21057140e-03   2.46674053e-02  -3.71908079e-04   1.43798319e-04  -5.60676328e-05
 7.50000000e-01   2.42927990e-03  -1.21057140e-03   2.46674053e-02  -3.71669463e-04   1.43706035e-04  -5.60316422e-05
 7.51000000e-01   2.42927990e-03  -1.21057140e-03   2.46674053e-02  -3.71430849e-04   1.43613751e-04  -5.59956516e-05
 7.52000000e-01   2.42927990e-03  -1.21057140e-03   2.46674053e-02  -3.71192235e-04   1.43521467e-04  -5.59596607e-05
 7.53000000e-01   2.42927990e-03  -1.21057140e-03   2.46674053e-02  -3.70958254e-04   1.43430974e-04  -5.59243679e-05
 7.54000000e-01   2.42927990e-03  -1.21057140e-03   2.46674053e-02  -3.70725248e-04   1.43340858e-04  -5.58892218e-05
 7.55000000e-01   2.42927990e-03  -1.21057140e-03   2.46674053e-02  -3.70492243e-04   1.43250741e-04  -5.58540756e-05
 7.56000000e-01   2.42927990e-03  -1.21057140e-03   2.46674053e-02  -3.70259238e-04   1.43160624e-04  -5.58189292e-05
 7.57000000e-01   2.42927990e-03  -1.21057140e-03   2.46674053e-02  -3.70029056e-04   1.43071598e-04  -5.57842079e-05
 7.58000000e-01   2.42927990e-03  -1.21057140e-03   2.46674053e-02  -3.69801951e-04   1.42983762e-04  -5.57499503e-05
 7.59000000e-01   2.42927990e-03  -1.21057140e-03   2.46674053e-02  -3.69574845e-04   1.42895925e-04  -5.57156922e-05
 7.60000000e-01   2.42927990e-03  -1.21057140e-03   2.46674053e-02  -3.69347744e-04   1.42808089e-04  -5.56814345e-05
 7.61000000e-01   2.42927990e-03  -1.21057140e-03   2.46674053e-02  -3.69121437e-04   1.42720561e-04  -5.56472965e-05
 7.62000000e-01   2.42927990e-03  -1.21057140e-03   2.46674053e-02  -3.68900458e-04   1.42635091e-04  -5.56139612e-05
 7.63000000e-01   2.42927990e-03  -1.21057140e-03   2.46674053e-02  -3.68679481e-04   1.42549622e-04  -5.55806259e-05
 7.64000000e-01   2.42927990e-03  -1.21057140e-03   2.46674053e-02  -3.68458504e-04   1.42464153e-04  -5.55472904e-05
 7.65000000e-01   2.42927990e-03  -1.21057140e-03   2.46674053e-02  -3.68237529e-04   1.42378684e-04  -5.55139549e-05
 7.66000000e-01   2.42927990e-03  -1.21057140e-03   2.46674053e-02  -3.68021640e-04   1.42295181e-04  -5.54813858e-05
 7.67000000e-01   2.42927990e-03  -1.21057140e-03   2.46674053e-02  -3.67807162e-04   1.42212224e-04  -5.54490293e-05
 7.68000000e-01   2.42927990e-03  -1.21057140e-03   2.46674053e-02  -3.67592684e-04   1.42129266e-04  -5.54166723e-05
 7.69000000e-01   2.42927990e-03  -1.21057140e-03   2.46674053e-02  -3.67378205e-04   1.42046307e-04  -5.53843151e-05
 7.70000000e-01   2.42927990e-03  -1.21057140e-03   2.46674053e-02  -3.67166648e-04   1.41964478e-04  -5.53523979e-05
 7.71000000e-01   2.42927990e-03  -1.21057140e-03   2.46674053e-02  -3.66958876e-04   1.41884112e-04  -5.53210511e-05
 7.72000000e-01   2.42927990e-03  -1.21057140e-03   2.46674053e-02  -3.66751104e-04   1.41803746e-04  -5.52897042e-05
 7.73000000e-01   2.42927990e-03  -1.21057140e-03   2.46674053e-02  -3.66543333e-04   1.41723379e-04  -5.52583571e-05
 7.74000000e-01   2.42927990e-03  -1.21057140e-03   2.46674053e-02  -3.66336168e-04   1.41643247e-04  -5.52271010e-05
 7.75000000e-01   2.42927990e-03  -1.21057140e-03   2.46674053e-02  -3.66135355e-04   1.41565570e-04  -5.51968023e-05
 7.76000000e-01   2.42927990e-03  -1.21057140e-03   2.46674053e-02  -3.65934544e-04   1.41487893e-04  -5.51665036e-05
 7.77000000e-01   2.42927990e-03  -1.21057140e-03   2.46674053e-02  -3.65733732e-04   1.41410216e-04  -5.51362046e-05
 7.78000000e-01   2.42927990e-03  -1.21057140e-03   2.46674053e-02  -3.65532922e-04   1.41332540e-04  -5.51059056e-05
 7.79000000e-01   2.42927990e-03  -1.21057140e-03   2.46674053e-02  -3.65337433e-04   1.41256920e-04  -5.50764084e-05
 7.80000000e-01   2.42927990e-03  -1.21057140e-03   2.46674053e-02  -3.65143822e-04   1.41182026e-04  -5.50471941e-05
 7.81000000e-01   2.42927990e-03  -1.21057140e-03   2.46674053e-02  -3.64950213e-04   1.41107132e-04  -5.50179798e-05
 7.82000000e-01   2.42927990e-03  -1.21057140e-03   2.46674053e-02  -3.64756603e-04   1.41032238e-04  -5.49887652e-05
 7.83000000e-01   2.42927990e-03  -1.21057140e-03   2.46674053e-02  -3.64565905e-04   1.40958470e-04  -5.49599894e-05
 7.84000000e-01   2.42927990e-03  -1.21057140e-03   2.46674053e-02  -3.64379740e-04   1.40886454e-04  -5.49318965e-05
 7.85000000e-01   2.42927990e-03  -1.21057140e-03   2.46674053e-02  -3.64193574e-04   1.40814436e-04  -5.49038033e-05
 7.86000000e-01   2.42927990e-03  -1.21057140e-03   2.46674053e-02  -3.64007409e-04   1.40742420e-04  -5.48757101e-05
 7.87000000e-01   2.42927990e-03  -1.21057140e-03   2.46674053e-02  -3.63821572e-04   1.40670530e-04  -5.48476661e-05
 7.88000000e-01   2.42927990e-03  -1.21057140e-03   2.46674053e-02  -3.63643035e-04   1.40601461e-04  -5.48207221e-05
 7.89000000e-01   2.42927990e-03  -1.21057140e-03   2.46674053e-02  -3.63464497e-04   1.40532392e-04  -5.47937779e-05
 7.90000000e-01   2.42927990e-03  -1.21057140e-03   2.46674053e-02  -3.63285959e-04   1.40463323e-04  -5.47668336e-05
 7.91000000e-01   2.42927990e-03  -1.21057140e-03   2.46674053e-02  -3.63107423e-04   1.40394254e-04  -5.47398892e-05
 7.92000000e-01   2.42927990e-03  -1.21057140e-03   2.46674053e-02  -3.62934400e-04   1.40327317e-04  -5.47137758e-05
 7.93000000e-01   2.42927990e-03  -1.21057140e-03   2.46674053e-02  -3.62763786e-04   1.40261311e-04  -5.46880251e-05
 7.94000000e-01   2.42927990e-03  -1.21057140e-03   2.46674053e-02  -3.62593174e-04   1.40195305e-04  -5.46622746e-05
 7.95000000e-01   2.42927990e-03  -1.21057140e-03   2.46674053e-02  -3.62422561e-04   1.40129298e-04  -5.46365238e-05
 7.96000000e-01   2.42927990e-03  -1.21057140e-03   2.46674053e-02  -3.62254766e-04   1.40064381e-04  -5.46111975e-05
 7.97000000e-01   2.42927990e-03  -1.21057140e-03   2.46674053e-02  -3.62092249e-04   1.40001504e-04  -5.45866667e-05
 7.98000000e-01   2.42927990e-03  -1.21057140e-03   2.46674053e-02  -3.61929733e-04   1.39938627e-04  -5.45621358e-05
 7.99000000e-01   2.42927990e-03  -1.21057140e-03   2.46674053e-02  -3.61767217e-04   1.39875750e-04  -5.45376046e-05
 8.00000000e-01   2.42927990e-03  -1.21057140e-03   2.46674053e-02  -3.61604700e-04   1.39812873e-04  -5.45130733e-05
 8.01000000e-01   2.42927990e-03  -1.21057140e-03   2.46674053e-02  -3.61450474e-04   1.39753201e-04  -5.44897915e-05
 8.02000000e-01   2.42927990e-03  -1.21057140e-03   2.46674053e-02  -3.61296249e-04   1.39693528e-04  -5.44665095e-05
 8.03000000e-01   2.42927990e-03  -1.21057140e-03   2.46674053e-02  -3.61142022e-04   1.39633855e-04  -5.44432272e-05
 8.04000000e-01   2.42927990e-03  -1.21057140e-03   2.46674053e-02  -3.60987796e-04   1.39574182e-04  -5.44199448e-05
 8.05000000e-01   2.42927990e-03  -1.21057140e-03   2.46674053e-02  -3.60839098e-04   1.39516646e-04  -5.43974956e-05
 8.06000000e-01   2.42927990e-03  -1.21057140e-03   2.46674053e-02  -3.60693351e-04   1.39460251e-04  -5.43754908e-05
 8.07000000e-01   2.42927990e-03  -1.21057140e-03   2.46674053e-02  -3.60547605e-04   1.39403855e-04  -5.43534861e-05
 8.08000000e-01   2.42927990e-03  -1.21057140e-03   2.46674053e-02  -3.60401857e-04   1.39347460e-04  -5.43314811e-05
 8.09000000e-01   2.42927990e-03  -1.21057140e-03   2.46674053e-02  -3.60258730e-04   1.39292076e-04  -5.43098708e-05
 8.10000000e-01   2.42927990e-03  -1.21057140e-03   2.46674053e-02  -3.60121605e-04   1.39239014e-04  -5.42891651e-05
 8.11000000e-01   2.42927990e-03  -1.21057140e-03   2.46674053e-02  -3.59984478e-04   1.39185950e-04  -5.42684590e-05
 8.12000000e-01   2.42927990e-03  -1.21057140e-03   2.46674053e-02  -3.59847351e-04   1.39132886e-04  -5.42477528e-05
 8.13000000e-01   2.42927990e-03  -1.21057140e-03   2.46674053e-02  -3.59710225e-04   1.39079822e-04  -5.42270464e-05
 8.14000000e-01   2.42927990e-03  -1.21057140e-03   2.46674053e-02  -3.59581576e-04   1.39030036e-04  -5.42076178e-05
 8.15000000e-01   2.42927990e-03  -1.21057140e-03   2.46674053e-02  -3.59453308e-04   1.38980397e-04  -5.41882464e-05
 8.16000000e-01   2.42927990e-03  -1.21057140e-03   2.46674053e-02  -3.59325040e-04   1.38930757e-04  -5.41688749e-05
 8.17000000e-01   2.42927990e-03  -1.21057140e-03   2.46674053e-02  -3.59196773e-04   1.38881117e-04  -5.41495033e-05
 8.18000000e-01   2.42927990e-03  -1.21057140e-03   2.46674053e-02  -3.59073975e-04   1.38833592e-04  -5.41309560e-05
 8.19000000e-01   2.42927990e-03  -1.21057140e-03   2.46674053e-02  -3.58954689e-04   1.38787425e-04  -5.41129380e-05
 8.20000000e-01   2.42927990e-03  -1.21057140e-03   2.46674053e-02  -3.58835403e-04   1.38741257e-04  -5.40949198e-05
 8.21000000e-01   2.42927990e-03  -1.21057140e-03   2.46674053e-02  -3.58716117e-04   1.38695089e-04  -5.40769015e-05
 8.22000000e-01   2.42927990e-03  -1.21057140e-03   2.46674053e-02  -3.58599212e-04   1.38649842e-04  -5.40592420e-05
 8.23000000e-01   2.42927990e-03  -1.21057140e-03   2.46674053e-02  -3.58489047e-04   1.38607200e-04  -5.40425983e-05
 8.24000000e-01   2.42927990e-03  -1.21057140e-03   2.46674053e-02  -3.58378882e-04   1.38564558e-04  -5.40259544e-05
 8.25000000e-01   2.42927990e-03  -1.21057140e-03   2.46674053e-02  -3.58268718e-04   1.38521916e-04  -5.40093104e-05
 8.26000000e-01   2.42927990e-03  -1.21057140e-03   2.46674053e-02  -3.58158552e-04   1.38479274e-04  -5.39926663e-05
 8.27000000e-01   2.42927990e-03  -1.21057140e-03   2.46674053e-02  -3.58056845e-04   1.38439901e-04  -5.39772970e-05
 8.28000000e-01   2.42927990e-03  -1.21057140e-03   2.46674053e-02  -3.57955944e-04   1.38400840e-04  -5.39620490e-05
 8.29000000e-01   2.42927990e-03  -1.21057140e-03   2.46674053e-02  -3.57855042e-04   1.38361779e-04  -5.39468008e-05
 8.30000000e-01   2.42927990e-03  -1.21057140e-03   2.46674053e-02  -3.57754141e-04   1.38322717e-04  -5.39315526e-05
 8.31000000e-01   2.42927990e-03  -1.21057140e-03   2.46674053e-02  -3.57658539e-04   1.38285705e-04  -5.39171032e-05
 8.32000000e-01   2.42927990e-03  -1.21057140e-03   2.46674053e-02  -3.57567018e-04   1.38250270e-04  -5.39032687e-05
 8.33000000e-01   2.42927990e-03  -1.21057140e-03   2.46674053e-02  -3.57475497e-04   1.38214835e-04  -5.38894341e-05
 8.34000000e-01   2.42927990e-03  -1.21057140e-03   2.46674053e-02  -3.57383976e-04   1.38179399e-04  -5.38755993e-05
 8.35000000e-01   2.42927990e-03  -1.21057140e-03   2.46674053e-02  -3.57294512e-04   1.38144759e-04  -5.38620746e-05
 8.36000000e-01   2.42927990e-03  -1.21057140e-03   2.46674053e-02  -3.57212470e-04   1.38112989e-04  -5.38496686e-05
 8.37000000e-01   2.42927990e-03  -1.21057140e-03   2.46674053e-02  -3.57130429e-04   1.38081218e-04  -5.38372625e-05
 8.38000000e-01   2.42927990e-03  -1.21057140e-03   2.46674053e-02  -3.57048387e-04   1.38049447e-04  -5.38248564e-05
 8.39000000e-01   2.42927990e-03  -1.21057140e-03   2.46674053e-02  -3.56966346e-04   1.38017676e-04  -5.38124501e-05
 8.40000000e-01   2.42927990e-03  -1.21057140e-03   2.46674053e-02  -3.56892665e-04   1.37989138e-04  -5.38013041e-05
 8.41000000e-01   2.42927990e-03  -1.21057140e-03   2.46674053e-02  -3.56820234e-04   1.37961082e-04  -5.37903462e-05
 8.42000000e-01   2.42927990e-03  -1.21057140e-03   2.46674053e-02  -3.56747803e-04   1.37933027e-04  -5.37793883e-05
 8.43000000e-01   2.42927990e-03  -1.21057140e-03   2.46674053e-02  -3.56675372e-04   1.37904971e-04  -5.37684303e-05
 8.44000000e-01   2.42927990e-03  -1.21057140e-03   2.46674053e-02  -3.56607992e-04   1.37878868e-04  -5.37582337e-05
 8.45000000e-01   2.42927990e-03  -1.21057140e-03   2.46674053e-02  -3.56545239e-04   1.37854554e-04  -5.37487343e-05
 8.46000000e-01   2.42927990e-03  -1.21057140e-03   2.46674053e-02  -3.56482485e-04   1.37830239e-04  -5.37392348e-05
 8.47000000e-01   2.42927990e-03  -1.21057140e-03   2.46674053e-02  -3.56419731e-04   1.37805925e-04  -5.37297352e-05
 8.48000000e-01   2.42927990e-03  -1.21057140e-03   2.46674053e-02  -3.56358677e-04   1.37782267e-04  -5.37204917e-05
 8.49000000e-01   2.42927990e-03  -1.21057140e-03   2.46674053e-02  -3.56305689e-04   1.37761728e-04  -5.37124642e-05
 8.50000000e-01   2.42927990e-03  -1.21057140e-03   2.46674053e-02  -3.56252702e-04   1.37741189e-04  -5.37044365e-05
 8.51000000e-01   2.42927990e-03  -1.21057140e-03   2.46674053e-02  -3.56199714e-04   1.37720650e-04  -5.36964088e-05
 8.52000000e-01   2.42927990e-03  -1.21057140e-03   2.46674053e-02  -3.56146727e-04   1.37700110e-04  -5.36883810e-05
 8.53000000e-01   2.42927990e-03  -1.21057140e-03   2.46674053e-02  -3.56101849e-04   1.37682707e-04  -5.36815756e-05
 8.54000000e-01   2.42927990e-03  -1.21057140e-03   2.46674053e-02  -3.56058679e-04   1.37665963e-04  -5.36750277e-05
 8.55000000e-01   2.42927990e-03  -1.21057140e-03   2.46674053e-02  -3.56015510e-04   1.37649220e-04  -5.36684798e-05
 8.56000000e-01   2.42927990e-03  -1.21057140e-03   2.46674053e-02  -3.55972341e-04   1.37632477e-04  -5.36619318e-05
 8.57000000e-01   2.42927990e-03  -1.21057140e-03   2.46674053e-02  -3.55933894e-04   1.37617559e-04  -5.36560955e-05
 8.58000000e-01   2.42927990e-03  -1.21057140e-03   2.46674053e-02  -3.55900604e-04   1.37604635e-04  -5.36510366e-05
 8.59000000e-01   2.42927990e-03  -1.21057140e-03   2.46674053e-02  -3.55867313e-04   1.37591710e-04  -5.36459775e-05
 8.60000000e-01   2.42927990e-03  -1.21057140e-03   2.46674053e-02  -3.55834024e-04   1.37578786e-04  -5.36409186e-05
 8.61000000e-01   2.42927990e-03  -1.21057140e-03   2.46674053e-02  -3.55802021e-04   1.37566360e-04  -5.36360535e-05
 8.62000000e-01   2.42927990e-03  -1.21057140e-03   2.46674053e-02  -3.55778640e-04   1.37557266e-04  -5.36324881e-05
 8.63000000e-01   2.42927990e-03  -1.21057140e-03   2.46674053e-02  -3.55755258e-04   1.37548173e-04  -5.36289225e-05
 8.64000000e-01   2.42927990e-03  -1.21057140e-03   2.46674053e-02  -3.55731876e-04   1.37539079e-04  -5.36253569e-05
 8.65000000e-01   2.42927990e-03  -1.21057140e-03   2.46674053e-02  -3.55708494e-04   1.37529986e-04  -5.36217911e-05
 8.66000000e-01   2.42927990e-03  -1.21057140e-03   2.46674053e-02  -3.55692903e-04   1.37523904e-04  -5.36193999e-05
 8.67000000e-01   2.42927990e-03  -1.21057140e-03   2.46674053e-02  -3.55679471e-04   1.37518657e-04  -5.36173340e-05
 8.68000000e-01   2.42927990e-03  -1.21057140e-03   2.46674053e-02  -3.55666039e-04   1.37513411e-04  -5.36152682e-05
 8.69000000e-01   2.42927990e-03  -1.21057140e-03   2.46674053e-02  -3.55652607e-04   1.37508164e-04  -5.36132022e-05
 8.70000000e-01   2.42927990e-03  -1.21057140e-03   2.46674053e-02  -3.55654369e-04   1.37508763e-04  -5.36134046e-05
 8.71000000e-01   2.42927990e-03  -1.21057140e-03   2.46674053e-02  -3.55675862e-04   1.37516933e-04  -5.36165368e-05
 8.72000000e-01   2.42927990e-03  -1.21057140e-03   2.46674053e-02  -3.55697362e-04   1.37525062e-04  -5.36196368e-05
 8.73000000e-01   2.42927990e-03  -1.21057140e-03   2.46674053e-02  -3.55718875e-04   1.37533162e-04  -5.36227127e-05
 8.74000000e-01   2.42927990e-03  -1.21057140e-03   2.46674053e-02  -3.55750009e-04   1.37544948e-04  -5.36272127e-05
 8.75000000e-01   2.42927990e-03  -1.21057140e-03   2.46674053e-02  -3.55881963e-04   1.37595613e-04  -5.36468319e-05
 8.76000000e-01   2.42927990e-03  -1.21057140e-03   2.46674053e-02  -3.56013930e-04   1.37646204e-04  -5.36663926e-05
 8.77000000e-01   2.42927990e-03  -1.21057140e-03   2.46674053e-02  -3.56145918e-04   1.37696740e-04  -5.36859086e-05
 8.78000000e-01   2.42927990e-03  -1.21057140e-03   2.46674053e-02  -3.56277929e-04   1.37747234e-04  -5.37053886e-05
 8.79000000e-01   2.42927990e-03  -1.21057140e-03   2.46674053e-02  -3.56554765e-04   1.37853683e-04  -5.37466694e-05
 8.80000000e-01   2.42927990e-03  -1.21057140e-03   2.46674053e-02  -3.56882755e-04   1.37979876e-04  -5.37956352e-05
 8.81000000e-01   2.42927990e-03  -1.21057140e-03   2.46674053e-02  -3.57210761e-04   1.38106043e-04  -5.38445794e-05
 8.82000000e-01   2.42927990e-03  -1.21057140e-03   2.46674053e-02  -3.57538777e-04   1.38232187e-04  -5.38935037e-05
 8.83000000e-01   2.42927990e-03  -1.21057140e-03   2.46674053e-02  -3.57940887e-04   1.38386957e-04  -5.39535806e-05
 8.84000000e-01   2.42927990e-03  -1.21057140e-03   2.46674053e-02  -3.58458392e-04   1.38586328e-04  -5.40310415e-05
 8.85000000e-01   2.42927990e-03  -1.21057140e-03   2.46674053e-02  -3.58975906e-04   1.38785687e-04  -5.41084920e-05
 8.86000000e-01   2.42927990e-03  -1.21057140e-03   2.46674053e-02  -3.59493425e-04   1.38985033e-04  -5.41859314e-05
 8.87000000e-01   2.42927990e-03  -1.21057140e-03   2.46674053e-02  -3.60018552e-04   1.39187308e-04  -5.42645071e-05
 8.88000000e-01   2.42927990e-03  -1.21057140e-03   2.46674053e-02  -3.60712966e-04   1.39455034e-04  -5.43686013e-05
 8.89000000e-01   2.42927990e-03  -1.21057140e-03   2.46674053e-02  -3.61407384e-04   1.39722758e-04  -5.44726931e-05
 8.90000000e-01   2.42927990e-03  -1.21057140e-03   2.46674053e-02  -3.62101808e-04   1.39990479e-04  -5.45767815e-05
 8.91000000e-01   2.42927990e-03  -1.21057140e-03   2.46674053e-02  -3.62796226e-04   1.40258193e-04  -5.46808644e-05
 8.92000000e-01   2.42927990e-03  -1.21057140e-03   2.46674053e-02  -3.63601645e-04   1.40568829e-04  -5.48016842e-05
 8.93000000e-01   2.42927990e-03  -1.21057140e-03   2.46674053e-02  -3.64455549e-04   1.40898218e-04  -5.49298180e-05
 8.94000000e-01   2.42927990e-03  -1.21057140e-03   2.46674053e-02  -3.65309445e-04   1.41227608e-04  -5.50579534e-05
 8.95000000e-01   2.42927990e-03  -1.21057140e-03   2.46674053e-02  -3.66163343e-04   1.41557001e-04  -5.51860903e-05
 8.96000000e-01   2.42927990e-03  -1.21057140e-03   2.46674053e-02  -3.67065478e-04   1.41905051e-04  -5.53215042e-05
 8.97000000e-01   2.42927990e-03  -1.21057140e-03   2.46674053e-02  -3.68057988e-04   1.42288062e-04  -5.54705550e-05
 8.98000000e-01   2.42927990e-03  -1.21057140e-03   2.46674053e-02  -3.69050499e-04   1.42671085e-04  -5.56196150e-05
 8.99000000e-01   2.42927990e-03  -1.21057140e-03   2.46674053e-02  -3.70043010e-04   1.43054117e-04  -5.57686819e-05
 9.00000000e-01   2.42927990e-03  -1.21057140e-03   2.46674053e-02  -3.71035515e-04   1.43437154e-04  -5.59177532e-05
 9.01000000e-01   2.42927990e-03  -1.21057140e-03   2.46674053e-02  -3.72142207e-04   1.43864367e-04  -5.60840582e-05
 9.02000000e-01   2.42927990e-03  -1.21057140e-03   2.46674053e-02  -3.73248886e-04   1.44291596e-04  -5.62503768e-05
 9.03000000e-01   2.42927990e-03  -1.21057140e-03   2.46674053e-02  -3.74355561e-04   1.44718838e-04  -5.64167068e-05
 9.04000000e-01   2.42927990e-03  -1.21057140e-03   2.46674053e-02  -3.75462233e-04   1.45146092e-04  -5.65830461e-05
 9.05000000e-01   2.42927990e-03  -1.21057140e-03   2.46674053e-02  -3.76625583e-04   1.45595286e-04  -5.67579492e-05
 9.06000000e-01   2.42927990e-03  -1.21057140e-03   2.46674053e-02  -3.77819184e-04   1.46056205e-04  -5.69374342e-05
 9.07000000e-01   2.42927990e-03  -1.21057140e-03   2.46674053e-02  -3.79012777e-04   1.46517142e-04  -5.71169351e-05
 9.08000000e-01   2.42927990e-03  -1.21057140e-03   2.46674053e-02  -3.80206363e-04   1.46978096e-04  -5.72964492e-05
 9.09000000e-01   2.42927990e-03  -1.21057140e-03   2.46674053e-02  -3.81417519e-04   1.47445866e-04  -5.74786296e-05
 9.10000000e-01   2.42927990e-03  -1.21057140e-03   2.46674053e-02  -3.82668944e-04   1.47929240e-04  -5.76669080e-05
 9.11000000e-01   2.42927990e-03  -1.21057140e-03   2.46674053e-02  -3.83920377e-04   1.48412647e-04  -5.78552094e-05
 9.12000000e-01   2.42927990e-03  -1.21057140e-03   2.46674053e-02  -3.85171785e-04   1.48896067e-04  -5.80435253e-05
 9.13000000e-01   2.42927990e-03  -1.21057140e-03   2.46674053e-02  -3.86423180e-04   1.49379502e-04  -5.82318546e-05
 9.14000000e-01   2.42927990e-03  -1.21057140e-03   2.46674053e-02  -3.87699919e-04   1.49872776e-04  -5.84240361e-05
 9.15000000e-01   2.42927990e-03  -1.21057140e-03   2.46674053e-02  -3.88977778e-04   1.50366518e-04  -5.86164128e-05
 9.16000000e-01   2.42927990e-03  -1.21057140e-03   2.46674053e-02  -3.90255642e-04   1.50860290e-04  -5.88088118e-05
 9.17000000e-01   2.42927990e-03  -1.21057140e-03   2.46674053e-02  -3.91533456e-04   1.51354065e-04  -5.90012216e-05
 9.18000000e-01   2.42927990e-03  -1.21057140e-03   2.46674053e-02  -3.92808425e-04   1.51846777e-04  -5.91932304e-05
 9.19000000e-01   2.42927990e-03  -1.21057140e-03   2.46674053e-02  -3.94081584e-04   1.52338827e-04  -5.93849964e-05
 9.20000000e-01   2.42927990e-03  -1.21057140e-03   2.46674053e-02  -3.95354668e-04   1.52830881e-04  -5.95767762e-05
 9.21000000e-01   2.42927990e-03  -1.21057140e-03   2.46674053e-02  -3.96627774e-04   1.53322969e-04  -5.97685802e-05
 9.22000000e-01   2.42927990e-03  -1.21057140e-03   2.46674053e-02  -3.97891504e-04   1.53811463e-04  -5.99589941e-05
 9.23000000e-01   2.42927990e-03  -1.21057140e-03   2.46674053e-02  -3.99128540e-04   1.54289679e-04  -6.01454175e-05
 9.24000000e-01   2.42927990e-03  -1.21057140e-03   2.46674053e-02  -4.00365563e-04   1.54767924e-04  -6.03318665e-05
 9.25000000e-01   2.42927990e-03  -1.21057140e-03   2.46674053e-02  -4.01602578e-04   1.55246197e-04  -6.05183374e-05
 9.26000000e-01   2.42927990e-03  -1.21057140e-03   2.46674053e-02  -4.02839601e-04   1.55724498e-04  -6.07048296e-05
 9.27000000e-01   2.42927990e-03  -1.21057140e-03   2.46674053e-02  -4.04015875e-04   1.56179354e-04  -6.08821980e-05
 9.28000000e-01   2.42927990e-03  -1.21057140e-03   2.46674053e-02  -4.05186349e-04   1.56632006e-04  -6.10587215e-05
 9.29000000e-01   2.42927990e-03  -1.21057140e-03   2.46674053e-02  -4.06356820e-04   1.57084688e-04  -6.12352692e-05
 9.30000000e-01   2.42927990e-03  -1.21057140e-03   2.46674053e-02  -4.07527301e-04   1.57537401e-04  -6.14118396e-05
 9.31000000e-01   2.42927990e-03  -1.21057140e-03   2.46674053e-02  -4.08643895e-04   1.57969316e-04  -6.15803149e-05
 9.32000000e-01   2.42927990e-03  -1.21057140e-03   2.46674053e-02  -4.09719032e-04   1.58385241e-04  -6.17425714e-05
 9.33000000e-01   2.42927990e-03  -1.21057140e-03   2.46674053e-02  -4.10794155e-04   1.58801193e-04  -6.19048513e-05
 9.34000000e-01   2.42927990e-03  -1.21057140e-03   2.46674053e-02  -4.11869260e-04   1.59217166e-04  -6.20671508e-05
 9.35000000e-01   2.42927990e-03  -1.21057140e-03   2.46674053e-02  -4.12917963e-04   1.59622961e-04  -6.22254928e-05
 9.36000000e-01   2.42927990e-03  -1.21057140e-03   2.46674053e-02  -4.13871437e-04   1.59991976e-04  -6.23695104e-05
 9.37000000e-01   2.42927990e-03  -1.21057140e-03   2.46674053e-02  -4.14824943e-04   1.60361036e-04  -6.25135589e-05
 9.38000000e-01   2.42927990e-03  -1.21057140e-03   2.46674053e-02  -4.15778435e-04   1.60730120e-04  -6.26576273e-05
 9.39000000e-01   2.42927990e-03  -1.21057140e-03   2.46674053e-02  -4.16731928e-04   1.61099228e-04  -6.28017152e-05
 9.40000000e-01   2.42927990e-03  -1.21057140e-03   2.46674053e-02  -4.17558801e-04   1.61419417e-04  -6.29267439e-05
 9.41000000e-01   2.42927990e-03  -1.21057140e-03   2.46674053e-02  -4.18366768e-04   1.61732328e-04  -6.30489477e-05
 9.42000000e-01   2.42927990e-03  -1.21057140e-03   2.46674053e-02  -4.19174704e-04   1.62045255e-04  -6.31711686e-05
 9.43000000e-01   2.42927990e-03  -1.21057140e-03   2.46674053e-02  -4.19982643e-04   1.62358208e-04  -6.32934087e-05
 9.44000000e-01   2.42927990e-03  -1.21057140e-03   2.46674053e-02  -4.20704345e-04   1.62637846e-04  -6.34026710e-05
 9.45000000e-01   2.42927990e-03  -1.21057140e-03   2.46674053e-02  -4.21347102e-04   1.62886992e-04  -6.35000564e-05
 9.46000000e-01   2.42927990e-03  -1.21057140e-03   2.46674053e-02  -4.21989835e-04   1.63136154e-04  -6.35974586e-05
 9.47000000e-01   2.42927990e-03  -1.21057140e-03   2.46674053e-02  -4.22632565e-04   1.63385339e-04  -6.36948782e-05
 9.48000000e-01   2.42927990e-03  -1.21057140e-03   2.46674053e-02  -4.23243791e-04   1.63622364e-04  -6.37875655e-05
 9.49000000e-01   2.42927990e-03  -1.21057140e-03   2.46674053e-02  -4.23705493e-04   1.63801606e-04  -6.38577340e-05
 9.50000000e-01   2.42927990e-03  -1.21057140e-03   2.46674053e-02  -4.24167189e-04   1.63980869e-04  -6.39279198e-05
 9.51000000e-01   2.42927990e-03  -1.21057140e-03   2.46674053e-02  -4.24628872e-04   1.64160147e-04  -6.39981196e-05
 9.52000000e-01   2.42927990e-03  -1.21057140e-03   2.46674053e-02  -4.25090547e-04   1.64339441e-04  -6.40683325e-05
 9.53000000e-01   2.42927990e-03  -1.21057140e-03   2.46674053e-02  -4.25393308e-04   1.64457314e-04  -6.41146060e-05
 9.54000000e-01   2.42927990e-03  -1.21057140e-03   2.46674053e-02  -4.25662578e-04   1.64562258e-04  -6.41558462e-05
 9.55000000e-01   2.42927990e-03  -1.21057140e-03   2.46674053e-02  -4.25931846e-04   1.64667219e-04  -6.41970998e-05
 9.56000000e-01   2.42927990e-03  -1.21057140e-03   2.46674053e-02  -4.26201100e-04   1.64772190e-04  -6.42383631e-05
 9.57000000e-01   2.42927990e-03  -1.21057140e-03   2.46674053e-02  -4.26417168e-04   1.64856502e-04  -6.42715355e-05
 9.58000000e-01   2.42927990e-03  -1.21057140e-03   2.46674053e-02  -4.26575144e-04   1.64918168e-04  -6.42958070e-05
 9.59000000e-01   2.42927990e-03  -1.21057140e-03   2.46674053e-02  -4.26733127e-04   1.64979700e-04  -6.43199739e-05
 9.60000000e-01   2.42927990e-03  -1.21057140e-03   2.46674053e-02  -4.26891147e-04   1.65041143e-04  -6.43440655e-05
 9.61000000e-01   2.42927990e-03  -1.21057140e-03   2.46674053e-02  -4.27068918e-04   1.65110101e-04  -6.43710411e-05
 9.62000000e-01   2.42927990e-03  -1.21057140e-03   2.46674053e-02  -4.27378672e-04   1.65229742e-04  -6.44176451e-05
 9.63000000e-01   2.42927990e-03  -1.21057140e-03   2.46674053e-02  -4.27688445e-04   1.65349128e-04  -6.44640487e-05
 9.64000000e-01   2.42927990e-03  -1.21057140e-03   2.46674053e-02  -4.27998294e-04   1.65468336e-04  -6.45103034e-05
 9.65000000e-01   2.42927990e-03  -1.21057140e-03   2.46674053e-02  -4.28308220e-04   1.65587404e-04  -6.45564379e-05
 9.66000000e-01   2.42927990e-03  -1.21057140e-03   2.46674053e-02  -4.28971850e-04   1.65843096e-04  -6.46557903e-05
 9.67000000e-01   2.42927990e-03  -1.21057140e-03   2.46674053e-02  -4.29733588e-04   1.66136608e-04  -6.47698451e-05
 9.68000000e-01   2.42927990e-03  -1.21057140e-03   2.46674053e-02  -4.30495325e-04   1.66430019e-04  -6.48838219e-05
 9.69000000e-01   2.42927990e-03  -1.21057140e-03   2.46674053e-02  -4.31257097e-04   1.66723354e-04  -6.49977335e-05
 9.70000000e-01   2.42927990e-03  -1.21057140e-03   2.46674053e-02  -4.32205129e-04   1.67088637e-04  -6.51396705e-05
 9.71000000e-01   2.42927990e-03  -1.21057140e-03   2.46674053e-02  -4.33395061e-04   1.67547402e-04  -6.53180375e-05
 9.72000000e-01   2.42927990e-03  -1.21057140e-03   2.46674053e-02  -4.34585012e-04   1.68006128e-04  -6.54963704e-05
 9.73000000e-01   2.42927990e-03  -1.21057140e-03   2.46674053e-02  -4.35774970e-04   1.68464810e-04  -6.56746677e-05
 9.74000000e-01   2.42927990e-03  -1.21057140e-03   2.46674053e-02  -4.36998206e-04   1.68936318e-04  -6.58579491e-05
 9.75000000e-01   2.42927990e-03  -1.21057140e-03   2.46674053e-02  -4.38570583e-04   1.69542819e-04  -6.60938628e-05
 9.76000000e-01   2.42927990e-03  -1.21057140e-03   2.46674053e-02  -4.40142962e-04   1.70149313e-04  -6.63297700e-05
 9.77000000e-01   2.42927990e-03  -1.21057140e-03   2.46674053e-02  -4.41715334e-04   1.70755792e-04  -6.65656651e-05
 9.78000000e-01   2.42927990e-03  -1.21057140e-03   2.46674053e-02  -4.43287750e-04   1.71362273e-04  -6.68015537e-05
 9.79000000e-01   2.42927990e-03  -1.21057140e-03   2.46674053e-02  -4.45098022e-04   1.72060742e-04  -6.70733162e-05
 9.80000000e-01   2.42927990e-03  -1.21057140e-03   2.46674053e-02  -4.46992396e-04   1.72791755e-04  -6.73577772e-05
 9.81000000e-01   2.42927990e-03  -1.21057140e-03   2.46674053e-02  -4.48886742e-04   1.73522775e-04  -6.76422460e-05
 9.82000000e-01   2.42927990e-03  -1.21057140e-03   2.46674053e-02  -4.50781074e-04   1.74253799e-04  -6.79267196e-05
 9.83000000e-01   2.42927990e-03  -1.21057140e-03   2.46674053e-02  -4.52772838e-04   1.75022526e-04  -6.82259041e-05
 9.84000000e-01   2.42927990e-03  -1.21057140e-03   2.46674053e-02  -4.54916319e-04   1.75849972e-04  -6.85480055e-05
 9.85000000e-01   2.42927990e-03  -1.21057140e-03   2.46674053e-02  -4.57059831e-04   1.76677475e-04  -6.88701450e-05
 9.86000000e-01   2.42927990e-03  -1.21057140e-03   2.46674053e-02  -4.59203321e-04   1.77505002e-04  -6.91923065e-05
 9.87000000e-01   2.42927990e-03  -1.21057140e-03   2.46674053e-02  -4.61353993e-04   1.78335336e-04  -6.95155731e-05
 9.88000000e-01   2.42927990e-03  -1.21057140e-03   2.46674053e-02  -4.63664819e-04   1.79227681e-04  -6.98630517e-05
 9.89000000e-01   2.42927990e-03  -1.21057140e-03   2.46674053e-02  -4.65975672e-04   1.80120105e-04  -7.02105869e-05
 9.90000000e-01   2.42927990e-03  -1.21057140e-03   2.46674053e-02  -4.68286448e-04   1.81012553e-04  -7.05581526e-05
 9.91000000e-01   2.42927990e-03  -1.21057140e-03   2.46674053e-02  -4.70597267e-04   1.81905062e-04  -7.09057589e-05
 9.92000000e-01   2.42927990e-03  -1.21057140e-03   2.46674053e-02  -4.72962010e-04   1.82818508e-04  -7.12615619e-05
 9.93000000e-01   2.42927990e-03  -1.21057140e-03   2.46674053e-02  -4.75350339e-04   1.83741163e-04  -7.16209912e-05
 9.94000000e-01   2.42927990e-03  -1.21057140e-03   2.46674053e-02  -4.77738615e-04   1.84663871e-04  -7.19804691e-05
 9.95000000e-01   2.42927990e-03  -1.21057140e-03   2.46674053e-02  -4.80126934e-04   1.85586655e-04  -7.23400004e-05
 9.96000000e-01   2.42927990e-03  -1.21057140e-03   2.46674053e-02  -4.82510396e-04   1.86507637e-04  -7.26988588e-05
 9.97000000e-01   2.42927990e-03  -1.21057140e-03   2.46674053e-02  -4.84884988e-04   1.87425300e-04  -7.30564659e-05
 9.98000000e-01   2.42927990e-03  -1.21057140e-03   2.46674053e-02  -4.87259556e-04   1.88343040e-04  -7.34141378e-05
 9.99000000e-01   2.42927990e-03  -1.21057140e-03   2.46674053e-02  -4.89634064e-04   1.89260830e-04  -7.37718577e-05
 1.00000000e+00   2.42927990e-03  -1.21057140e-03   2.46674053e-02  -4.92008574e-04   1.90178682e-04  -7.41296266e-05
 1.00100000e+00   2.42927990e-03  -1.21057140e-03   2.46674053e-02  -4.94278102e-04   1.91056068e-04  -7.44716663e-05
 1.00200000e+00   2.42927990e-03  -1.21057140e-03   2.46674053e-02  -4.96547628e-04   1.91933551e-04  -7.48137828e-05
 1.00300000e+00   2.42927990e-03  -1.21057140e-03   2.46674053e-02  -4.98817150e-04   1.92811115e-04  -7.51559631e-05
 1.00400000e+00   2.42927990e-03  -1.21057140e-03   2.46674053e-02  -5.01086629e-04   1.93688730e-04  -7.54981915e-05
 1.00500000e+00   2.42927990e-03  -1.21057140e-03   2.46674053e-02  -5.03230793e-04   1.94517997e-04  -7.58216093e-05
 1.00600000e+00   2.42927990e-03  -1.21057140e-03   2.46674053e-02  -5.05308115e-04   1.95321526e-04  -7.61350344e-05
 1.00700000e+00   2.42927990e-03  -1.21057140e-03   2.46674053e-02  -5.07385347e-04   1.96125108e-04  -7.64485153e-05
 1.00800000e+00   2.42927990e-03  -1.21057140e-03   2.46674053e-02  -5.09462607e-04   1.96928775e-04  -7.67620590e-05
 1.00900000e+00   2.42927990e-03  -1.21057140e-03   2.46674053e-02  -5.11457294e-04   1.97700599e-04  -7.70632198e-05
 1.01000000e+00   2.42927990e-03  -1.21057140e-03   2.46674053e-02  -5.13262920e-04   1.98399433e-04  -7.73359657e-05
 1.01100000e+00   2.42927990e-03  -1.21057140e-03   2.46674053e-02  -5.15068515e-04   1.99098346e-04  -7.76087777e-05
 1.01200000e+00   2.42927990e-03  -1.21057140e-03   2.46674053e-02  -5.16874085e-04   1.99797325e-04  -7.78816460e-05
 1.01300000e+00   2.42927990e-03  -1.21057140e-03   2.46674053e-02  -5.18679678e-04   2.00496379e-04  -7.81545702e-05
 1.01400000e+00   2.42927990e-03  -1.21057140e-03   2.46674053e-02  -5.20158106e-04   2.01069042e-04  -7.83782560e-05
 1.01500000e+00   2.42927990e-03  -1.21057140e-03   2.46674053e-02  -5.21621858e-04   2.01636117e-04  -7.85997979e-05
 1.01600000e+00   2.42927990e-03  -1.21057140e-03   2.46674053e-02  -5.23085564e-04   2.02203250e-04  -7.88213914e-05
 1.01700000e+00   2.42927990e-03  -1.21057140e-03   2.46674053e-02  -5.24549276e-04   2.02770448e-04  -7.90430364e-05
 1.01800000e+00   2.42927990e-03  -1.21057140e-03   2.46674053e-02  -5.25770768e-04   2.03244074e-04  -7.92282291e-05
 1.01900000e+00   2.42927990e-03  -1.21057140e-03   2.46674053e-02  -5.26836768e-04   2.03657663e-04  -7.93900454e-05
 1.02000000e+00   2.42927990e-03  -1.21057140e-03   2.46674053e-02  -5.27902731e-04   2.04071305e-04  -7.95519099e-05
 1.02100000e+00   2.42927990e-03  -1.21057140e-03   2.46674053e-02  -5.28968708e-04   2.04485013e-04  -7.97138236e-05
 1.02200000e+00   2.42927990e-03  -1.21057140e-03   2.46674053e-02  -5.29920157e-04   2.04854500e-04  -7.98585191e-05
 1.02300000e+00   2.42927990e-03  -1.21057140e-03   2.46674053e-02  -5.30547456e-04   2.05098727e-04  -7.99544035e-05
 1.02400000e+00   2.42927990e-03  -1.21057140e-03   2.46674053e-02  -5.31174724e-04   2.05343001e-04  -8.00503295e-05
 1.02500000e+00   2.42927990e-03  -1.21057140e-03   2.46674053e-02  -5.31801975e-04   2.05587321e-04  -8.01462938e-05
 1.02600000e+00   2.42927990e-03  -1.21057140e-03   2.46674053e-02  -5.32429200e-04   2.05831678e-04  -8.02422907e-05
 1.02700000e+00   2.42927990e-03  -1.21057140e-03   2.46674053e-02  -5.32671316e-04   2.05927090e-04  -8.02801964e-05
 1.02800000e+00   2.42927990e-03  -1.21057140e-03   2.46674053e-02  -5.32876712e-04   2.06008269e-04  -8.03125388e-05
 1.02900000e+00   2.42927990e-03  -1.21057140e-03   2.46674053e-02  -5.33082097e-04   2.06089422e-04  -8.03448631e-05
 1.03000000e+00   2.42927990e-03  -1.21057140e-03   2.46674053e-02  -5.33287472e-04   2.06170561e-04  -8.03771767e-05
 1.03100000e+00   2.42927990e-03  -1.21057140e-03   2.46674053e-02  -5.33320401e-04   2.06184942e-04  -8.03834292e-05
 1.03200000e+00   2.42927990e-03  -1.21057140e-03   2.46674053e-02  -5.33220553e-04   2.06147867e-04  -8.03695730e-05
 1.03300000e+00   2.42927990e-03  -1.21057140e-03   2.46674053e-02  -5.33120704e-04   2.06110704e-04  -8.03556486e-05
 1.03400000e+00   2.42927990e-03  -1.21057140e-03   2.46674053e-02  -5.33020869e-04   2.06073481e-04  -8.03416740e-05
 1.03500000e+00   2.42927990e-03  -1.21057140e-03   2.46674053e-02  -5.32886754e-04   2.06022950e-04  -8.03224891e-05
 1.03600000e+00   2.42927990e-03  -1.21057140e-03   2.46674053e-02  -5.32628911e-04   2.05924534e-04  -8.02846146e-05
 1.03700000e+00   2.42927990e-03  -1.21057140e-03   2.46674053e-02  -5.32371078e-04   2.05826081e-04  -8.02467099e-05
 1.03800000e+00   2.42927990e-03  -1.21057140e-03   2.46674053e-02  -5.32113248e-04   2.05727596e-04  -8.02087786e-05
 1.03900000e+00   2.42927990e-03  -1.21057140e-03   2.46674053e-02  -5.31855420e-04   2.05629083e-04  -8.01708242e-05
 1.04000000e+00   2.42927990e-03  -1.21057140e-03   2.46674053e-02  -5.31466319e-04   2.05479785e-04  -8.01130564e-05
 1.04100000e+00   2.42927990e-03  -1.21057140e-03   2.46674053e-02  -5.31057604e-04   2.05322876e-04  -8.00523103e-05
 1.04200000e+00   2.42927990e-03  -1.21057140e-03   2.46674053e-02  -5.30648893e-04   2.05165946e-04  -7.99915457e-05
 1.04300000e+00   2.42927990e-03  -1.21057140e-03   2.46674053e-02  -5.30240187e-04   2.05008996e-04  -7.99307647e-05
 1.04400000e+00   2.42927990e-03  -1.21057140e-03   2.46674053e-02  -5.29756335e-04   2.04822969e-04  -7.98586371e-05
 1.04500000e+00   2.42927990e-03  -1.21057140e-03   2.46674053e-02  -5.29203682e-04   2.04610318e-04  -7.97761192e-05
 1.04600000e+00   2.42927990e-03  -1.21057140e-03   2.46674053e-02  -5.28651027e-04   2.04397646e-04  -7.96935845e-05
 1.04700000e+00   2.42927990e-03  -1.21057140e-03   2.46674053e-02  -5.28098370e-04   2.04184955e-04  -7.96110346e-05
 1.04800000e+00   2.42927990e-03  -1.21057140e-03   2.46674053e-02  -5.27522318e-04   2.03963200e-04  -7.95249434e-05
 1.04900000e+00   2.42927990e-03  -1.21057140e-03   2.46674053e-02  -5.26835170e-04   2.03698468e-04  -7.94220859e-05
 1.05000000e+00   2.42927990e-03  -1.21057140e-03   2.46674053e-02  -5.26148024e-04   2.03433717e-04  -7.93192127e-05
 1.05100000e+00   2.42927990e-03  -1.21057140e-03   2.46674053e-02  -5.25460878e-04   2.03168949e-04  -7.92163253e-05
 1.05200000e+00   2.42927990e-03  -1.21057140e-03   2.46674053e-02  -5.24773741e-04   2.02904169e-04  -7.91134267e-05
 1.05300000e+00   2.42927990e-03  -1.21057140e-03   2.46674053e-02  -5.23985190e-04   2.02600156e-04  -7.89952220e-05
 1.05400000e+00   2.42927990e-03  -1.21057140e-03   2.46674053e-02  -5.23175264e-04   2.02287856e-04  -7.88737781e-05
 1.05500000e+00   2.42927990e-03  -1.21057140e-03   2.46674053e-02  -5.22365348e-04   2.01975543e-04  -7.87523213e-05
 1.05600000e+00   2.42927990e-03  -1.21057140e-03   2.46674053e-02  -5.21555440e-04   2.01663218e-04  -7.86308530e-05
 1.05700000e+00   2.42927990e-03  -1.21057140e-03   2.46674053e-02  -5.20693465e-04   2.01330741e-04  -7.85015197e-05
 1.05800000e+00   2.42927990e-03  -1.21057140e-03   2.46674053e-02  -5.19774641e-04   2.00976261e-04  -7.83635982e-05
 1.05900000e+00   2.42927990e-03  -1.21057140e-03   2.46674053e-02  -5.18855815e-04   2.00621761e-04  -7.82256607e-05
 1.06000000e+00   2.42927990e-03  -1.21057140e-03   2.46674053e-02  -5.17936999e-04   2.00267247e-04  -7.80877111e-05
 1.06100000e+00   2.42927990e-03  -1.21057140e-03   2.46674053e-02  -5.17006048e-04   1.99908025e-04  -7.79479191e-05
 1.06200000e+00   2.42927990e-03  -1.21057140e-03   2.46674053e-02  -5.15993805e-04   1.99517346e-04  -7.77958518e-05
 1.06300000e+00   2.42927990e-03  -1.21057140e-03   2.46674053e-02  -5.14981565e-04   1.99126647e-04  -7.76437679e-05
 1.06400000e+00   2.42927990e-03  -1.21057140e-03   2.46674053e-02  -5.13969325e-04   1.98735930e-04  -7.74916695e-05
 1.06500000e+00   2.42927990e-03  -1.21057140e-03   2.46674053e-02  -5.12957095e-04   1.98345200e-04  -7.73395598e-05
 1.06600000e+00   2.42927990e-03  -1.21057140e-03   2.46674053e-02  -5.11885640e-04   1.97931546e-04  -7.71785021e-05
 1.06700000e+00   2.42927990e-03  -1.21057140e-03   2.46674053e-02  -5.10797768e-04   1.97511520e-04  -7.70149506e-05
 1.06800000e+00   2.42927990e-03  -1.21057140e-03   2.46674053e-02  -5.09709910e-04   1.97091479e-04  -7.68513850e-05
 1.06900000e+00   2.42927990e-03  -1.21057140e-03   2.46674053e-02  -5.08622051e-04   1.96671420e-04  -7.66878057e-05
 1.07000000e+00   2.42927990e-03  -1.21057140e-03   2.46674053e-02  -5.07509283e-04   1.96241708e-04  -7.65204542e-05
 1.07100000e+00   2.42927990e-03  -1.21057140e-03   2.46674053e-02  -5.06364156e-04   1.95799457e-04  -7.63482033e-05
 1.07200000e+00   2.42927990e-03  -1.21057140e-03   2.46674053e-02  -5.05219035e-04   1.95357186e-04  -7.61759357e-05
 1.07300000e+00   2.42927990e-03  -1.21057140e-03   2.46674053e-02  -5.04073924e-04   1.94914899e-04  -7.60036546e-05
 1.07400000e+00   2.42927990e-03  -1.21057140e-03   2.46674053e-02  -5.02925539e-04   1.94471328e-04  -7.58308660e-05
 1.07500000e+00   2.42927990e-03  -1.21057140e-03   2.46674053e-02  -5.01742762e-04   1.94014429e-04  -7.56528691e-05
 1.07600000e+00   2.42927990e-03  -1.21057140e-03   2.46674053e-02  -5.00559982e-04   1.93557504e-04  -7.54748527e-05
 1.07700000e+00   2.42927990e-03  -1.21057140e-03   2.46674053e-02  -4.99377217e-04   1.93100563e-04  -7.52968222e-05
 1.07800000e+00   2.42927990e-03  -1.21057140e-03   2.46674053e-02  -4.98194466e-04   1.92643610e-04  -7.51187798e-05
 1.07900000e+00   2.42927990e-03  -1.21057140e-03   2.46674053e-02  -4.96998822e-04   1.92181643e-04  -7.49387723e-05
 1.08000000e+00   2.42927990e-03  -1.21057140e-03   2.46674053e-02  -4.95798628e-04   1.91717889e-04  -7.47580577e-05
 1.08100000e+00   2.42927990e-03  -1.21057140e-03   2.46674053e-02  -4.94598433e-04   1.91254111e-04  -7.45773254e-05
 1.08200000e+00   2.42927990e-03  -1.21057140e-03   2.46674053e-02  -4.93398268e-04   1.90790326e-04  -7.43965826e-05
 1.08300000e+00   2.42927990e-03  -1.21057140e-03   2.46674053e-02  -4.92199310e-04   1.90326983e-04  -7.42160037e-05
 1.08400000e+00   2.42927990e-03  -1.21057140e-03   2.46674053e-02  -4.91002225e-04   1.89864334e-04  -7.40356842e-05
 1.08500000e+00   2.42927990e-03  -1.21057140e-03   2.46674053e-02  -4.89805162e-04   1.89401668e-04  -7.38553491e-05
 1.08600000e+00   2.42927990e-03  -1.21057140e-03   2.46674053e-02  -4.88608119e-04   1.88938989e-04  -7.36750008e-05
 1.08700000e+00   2.42927990e-03  -1.21057140e-03   2.46674053e-02  -4.87412086e-04   1.88476680e-04  -7.34947905e-05
 1.08800000e+00   2.42927990e-03  -1.21057140e-03   2.46674053e-02  -4.86238339e-04   1.88022956e-04  -7.33179152e-05
 1.08900000e+00   2.42927990e-03  -1.21057140e-03   2.46674053e-02  -4.85064623e-04   1.87569217e-04  -7.31410244e-05
 1.09000000e+00   2.42927990e-03  -1.21057140e-03   2.46674053e-02  -4.83890912e-04   1.87115458e-04  -7.29641176e-05
 1.09100000e+00   2.42927990e-03  -1.21057140e-03   2.46674053e-02  -4.82717215e-04   1.86661684e-04  -7.27871983e-05
 1.09200000e+00   2.42927990e-03  -1.21057140e-03   2.46674053e-02  -4.81574089e-04   1.86219702e-04  -7.26148664e-05
 1.09300000e+00   2.42927990e-03  -1.21057140e-03   2.46674053e-02  -4.80444320e-04   1.85782857e-04  -7.24445269e-05
 1.09400000e+00   2.42927990e-03  -1.21057140e-03   2.46674053e-02  -4.79314580e-04   1.85345998e-04  -7.22741740e-05
 1.09500000e+00   2.42927990e-03  -1.21057140e-03   2.46674053e-02  -4.78184867e-04   1.84909130e-04  -7.21038099e-05
 1.09600000e+00   2.42927990e-03  -1.21057140e-03   2.46674053e-02  -4.77077040e-04   1.84480700e-04  -7.19367280e-05
 1.09700000e+00   2.42927990e-03  -1.21057140e-03   2.46674053e-02  -4.76010276e-04   1.84068118e-04  -7.17758141e-05
 1.09800000e+00   2.42927990e-03  -1.21057140e-03   2.46674053e-02  -4.74943522e-04   1.83655514e-04  -7.16148833e-05
 1.09900000e+00   2.42927990e-03  -1.21057140e-03   2.46674053e-02  -4.73876776e-04   1.83242893e-04  -7.14539383e-05
 1.10000000e+00   2.42927990e-03  -1.21057140e-03   2.46674053e-02  -4.72810063e-04   1.82830266e-04  -7.12929845e-05
 1.10100000e+00   2.42927990e-03  -1.21057140e-03   2.46674053e-02  -4.71824577e-04   1.82449015e-04  -7.11442530e-05
 1.10200000e+00   2.42927990e-03  -1.21057140e-03   2.46674053e-02  -4.70839095e-04   1.82067740e-04  -7.09955036e-05
 1.10300000e+00   2.42927990e-03  -1.21057140e-03   2.46674053e-02  -4.69853655e-04   1.81686460e-04  -7.08467446e-05
 1.10400000e+00   2.42927990e-03  -1.21057140e-03   2.46674053e-02  -4.68868200e-04   1.81305156e-04  -7.06979698e-05
 1.10500000e+00   2.42927990e-03  -1.21057140e-03   2.46674053e-02  -4.67946710e-04   1.80948559e-04  -7.05588191e-05
 1.10600000e+00   2.42927990e-03  -1.21057140e-03   2.46674053e-02  -4.67059366e-04   1.80605138e-04  -7.04247971e-05
 1.10700000e+00   2.42927990e-03  -1.21057140e-03   2.46674053e-02  -4.66172040e-04   1.80261704e-04  -7.02907621e-05
 1.10800000e+00   2.42927990e-03  -1.21057140e-03   2.46674053e-02  -4.65284719e-04   1.79918253e-04  -7.01567139e-05
 1.10900000e+00   2.42927990e-03  -1.21057140e-03   2.46674053e-02  -4.64431778e-04   1.79588075e-04  -7.00278341e-05
 1.11000000e+00   2.42927990e-03  -1.21057140e-03   2.46674053e-02  -4.63657557e-04   1.79288308e-04  -6.99108025e-05
 1.11100000e+00   2.42927990e-03  -1.21057140e-03   2.46674053e-02  -4.62883347e-04   1.78988525e-04  -6.97937571e-05
 1.11200000e+00   2.42927990e-03  -1.21057140e-03   2.46674053e-02  -4.62109149e-04   1.78688729e-04  -6.96767000e-05
 1.11300000e+00   2.42927990e-03  -1.21057140e-03   2.46674053e-02  -4.61334961e-04   1.78388920e-04  -6.95596326e-05
 1.11400000e+00   2.42927990e-03  -1.21057140e-03   2.46674053e-02  -4.60682030e-04   1.78135972e-04  -6.94608273e-05
 1.11500000e+00   2.42927990e-03  -1.21057140e-03   2.46674053e-02  -4.60034543e-04   1.77885108e-04  -6.93628277e-05
 1.11600000e+00   2.42927990e-03  -1.21057140e-03   2.46674053e-02  -4.59387075e-04   1.77634235e-04  -6.92648183e-05
 1.11700000e+00   2.42927990e-03  -1.21057140e-03   2.46674053e-02  -4.58739609e-04   1.77383348e-04  -6.91667979e-05
 1.11800000e+00   2.42927990e-03  -1.21057140e-03   2.46674053e-02  -4.58175953e-04   1.77164847e-04  -6.90813982e-05
 1.11900000e+00   2.42927990e-03  -1.21057140e-03   2.46674053e-02  -4.57666099e-04   1.76967130e-04  -6.90040951e-05
 1.12000000e+00   2.42927990e-03  -1.21057140e-03   2.46674053e-02  -4.57156247e-04   1.76769398e-04  -6.89267804e-05
 1.12100000e+00   2.42927990e-03  -1.21057140e-03   2.46674053e-02  -4.56646412e-04   1.76571658e-04  -6.88494577e-05
 1.12200000e+00   2.42927990e-03  -1.21057140e-03   2.46674053e-02  -4.56174762e-04   1.76388669e-04  -6.87778809e-05
 1.12300000e+00   2.42927990e-03  -1.21057140e-03   2.46674053e-02  -4.55811255e-04   1.76247476e-04  -6.87225941e-05
 1.12400000e+00   2.42927990e-03  -1.21057140e-03   2.46674053e-02  -4.55447748e-04   1.76106269e-04  -6.86672965e-05
 1.12500000e+00   2.42927990e-03  -1.21057140e-03   2.46674053e-02  -4.55084245e-04   1.75965051e-04  -6.86119903e-05
 1.12600000e+00   2.42927990e-03  -1.21057140e-03   2.46674053e-02  -4.54720748e-04   1.75823824e-04  -6.85566763e-05
 1.12700000e+00   2.42927990e-03  -1.21057140e-03   2.46674053e-02  -4.54496527e-04   1.75736435e-04  -6.85223481e-05
 1.12800000e+00   2.42927990e-03  -1.21057140e-03   2.46674053e-02  -4.54285585e-04   1.75654168e-04  -6.84900126e-05
 1.12900000e+00   2.42927990e-03  -1.21057140e-03   2.46674053e-02  -4.54074641e-04   1.75571889e-04  -6.84576687e-05
 1.13000000e+00   2.42927990e-03  -1.21057140e-03   2.46674053e-02  -4.53863700e-04   1.75489603e-04  -6.84253180e-05
 1.13100000e+00   2.42927990e-03  -1.21057140e-03   2.46674053e-02  -4.53733095e-04   1.75438390e-04  -6.84050868e-05
 1.13200000e+00   2.42927990e-03  -1.21057140e-03   2.46674053e-02  -4.53664345e-04   1.75411114e-04  -6.83941970e-05
 1.13300000e+00   2.42927990e-03  -1.21057140e-03   2.46674053e-02  -4.53595593e-04   1.75383854e-04  -6.83833187e-05
 1.13400000e+00   2.42927990e-03  -1.21057140e-03   2.46674053e-02  -4.53526834e-04   1.75356602e-04  -6.83724477e-05
 1.13500000e+00   2.42927990e-03  -1.21057140e-03   2.46674053e-02  -4.53479930e-04   1.75337818e-04  -6.83648851e-05
 1.13600000e+00   2.42927990e-03  -1.21057140e-03   2.46674053e-02  -4.53511903e-04   1.75349583e-04  -6.83692521e-05
 1.13700000e+00   2.42927990e-03  -1.21057140e-03   2.46674053e-02  -4.53543874e-04   1.75361385e-04  -6.83736475e-05
 1.13800000e+00   2.42927990e-03  -1.21057140e-03   2.46674053e-02  -4.53575826e-04   1.75373209e-04  -6.83780625e-05
 1.13900000e+00   2.42927990e-03  -1.21057140e-03   2.46674053e-02  -4.53607767e-04   1.75385053e-04  -6.83824937e-05
 1.14000000e+00   2.42927990e-03  -1.21057140e-03   2.46674053e-02  -4.53683426e-04   1.75413822e-04  -6.83935320e-05
 1.14100000e+00   2.42927990e-03  -1.21057140e-03   2.46674053e-02  -4.53765610e-04   1.75445133e-04  -6.84055677e-05
 1.14200000e+00   2.42927990e-03  -1.21057140e-03   2.46674053e-02  -4.53847783e-04   1.75476455e-04  -6.84176139e-05
 1.14300000e+00   2.42927990e-03  -1.21057140e-03   2.46674053e-02  -4.53929946e-04   1.75507788e-04  -6.84296691e-05
 1.14400000e+00   2.42927990e-03  -1.21057140e-03   2.46674053e-02  -4.54036827e-04   1.75548692e-04  -6.84454609e-05
 1.14500000e+00   2.42927990e-03  -1.21057140e-03   2.46674053e-02  -4.54166342e-04   1.75598360e-04  -6.84646748e-05
 1.14600000e+00   2.42927990e-03  -1.21057140e-03   2.46674053e-02  -4.54295852e-04   1.75648039e-04  -6.84838968e-05
 1.14700000e+00   2.42927990e-03  -1.21057140e-03   2.46674053e-02  -4.54425353e-04   1.75697724e-04  -6.85031254e-05
 1.14800000e+00   2.42927990e-03  -1.21057140e-03   2.46674053e-02  -4.54562535e-04   1.75750390e-04  -6.85235195e-05
 1.14900000e+00   2.42927990e-03  -1.21057140e-03   2.46674053e-02  -4.54736207e-04   1.75817176e-04  -6.85494233e-05
 1.15000000e+00   2.42927990e-03  -1.21057140e-03   2.46674053e-02  -4.54909876e-04   1.75883972e-04  -6.85753345e-05
 1.15100000e+00   2.42927990e-03  -1.21057140e-03   2.46674053e-02  -4.55083537e-04   1.75950773e-04  -6.86012512e-05
 1.15200000e+00   2.42927990e-03  -1.21057140e-03   2.46674053e-02  -4.55257205e-04   1.76017585e-04  -6.86271754e-05
 1.15300000e+00   2.42927990e-03  -1.21057140e-03   2.46674053e-02  -4.55463816e-04   1.76097146e-04  -6.86580738e-05
 1.15400000e+00   2.42927990e-03  -1.21057140e-03   2.46674053e-02  -4.55677359e-04   1.76179397e-04  -6.86900250e-05
 1.15500000e+00   2.42927990e-03  -1.21057140e-03   2.46674053e-02  -4.55890902e-04   1.76261656e-04  -6.87219827e-05
 1.15600000e+00   2.42927990e-03  -1.21057140e-03   2.46674053e-02  -4.56104437e-04   1.76343920e-04  -6.87539450e-05
 1.15700000e+00   2.42927990e-03  -1.21057140e-03   2.46674053e-02  -4.56334541e-04   1.76432600e-04  -6.87884121e-05
 1.15800000e+00   2.42927990e-03  -1.21057140e-03   2.46674053e-02  -4.56582733e-04   1.76528284e-04  -6.88256140e-05
 1.15900000e+00   2.42927990e-03  -1.21057140e-03   2.46674053e-02  -4.56830924e-04   1.76623976e-04  -6.88628225e-05
 1.16000000e+00   2.42927990e-03  -1.21057140e-03   2.46674053e-02  -4.57079107e-04   1.76719673e-04  -6.89000357e-05
 1.16100000e+00   2.42927990e-03  -1.21057140e-03   2.46674053e-02  -4.57331007e-04   1.76816815e-04  -6.89378151e-05
 1.16200000e+00   2.42927990e-03  -1.21057140e-03   2.46674053e-02  -4.57607791e-04   1.76923590e-04  -6.89793545e-05
 1.16300000e+00   2.42927990e-03  -1.21057140e-03   2.46674053e-02  -4.57884577e-04   1.77030375e-04  -6.90209012e-05
 1.16400000e+00   2.42927990e-03  -1.21057140e-03   2.46674053e-02  -4.58161352e-04   1.77137163e-04  -6.90624526e-05
 1.16500000e+00   2.42927990e-03  -1.21057140e-03   2.46674053e-02  -4.58438124e-04   1.77243958e-04  -6.91040089e-05
 1.16600000e+00   2.42927990e-03  -1.21057140e-03   2.46674053e-02  -4.58731864e-04   1.77357324e-04  -6.91481315e-05
 1.16700000e+00   2.42927990e-03  -1.21057140e-03   2.46674053e-02  -4.59030301e-04   1.77472516e-04  -6.91929700e-05
 1.16800000e+00   2.42927990e-03  -1.21057140e-03   2.46674053e-02  -4.59328734e-04   1.77587715e-04  -6.92378145e-05
 1.16900000e+00   2.42927990e-03  -1.21057140e-03   2.46674053e-02  -4.59627164e-04   1.77702921e-04  -6.92826644e-05
 1.17000000e+00   2.42927990e-03  -1.21057140e-03   2.46674053e-02  -4.59931846e-04   1.77820554e-04  -6.93284640e-05
 1.17100000e+00   2.42927990e-03  -1.21057140e-03   2.46674053e-02  -4.60244666e-04   1.77941344e-04  -6.93754990e-05
 1.17200000e+00   2.42927990e-03  -1.21057140e-03   2.46674053e-02  -4.60557476e-04   1.78062140e-04  -6.94225397e-05
 1.17300000e+00   2.42927990e-03  -1.21057140e-03   2.46674053e-02  -4.60870280e-04   1.78182941e-04  -6.94695857e-05
 1.17400000e+00   2.42927990e-03  -1.21057140e-03   2.46674053e-02  -4.61183667e-04   1.78303976e-04  -6.95167255e-05
 1.17500000e+00   2.42927990e-03  -1.21057140e-03   2.46674053e-02  -4.61503150e-04   1.78427380e-04  -6.95647938e-05
 1.17600000e+00   2.42927990e-03  -1.21057140e-03   2.46674053e-02  -4.61822632e-04   1.78550793e-04  -6.96128697e-05
 1.17700000e+00   2.42927990e-03  -1.21057140e-03   2.46674053e-02  -4.62142111e-04   1.78674215e-04  -6.96609519e-05
 1.17800000e+00   2.42927990e-03  -1.21057140e-03   2.46674053e-02  -4.62461594e-04   1.78797645e-04  -6.97090402e-05
 1.17900000e+00   2.42927990e-03  -1.21057140e-03   2.46674053e-02  -4.62780194e-04   1.78920745e-04  -6.97570043e-05
 1.18000000e+00   2.42927990e-03  -1.21057140e-03   2.46674053e-02  -4.63098501e-04   1.79043742e-04  -6.98049327e-05
 1.18100000e+00   2.42927990e-03  -1.21057140e-03   2.46674053e-02  -4.63416787e-04   1.79166741e-04  -6.98528650e-05
 1.18200000e+00   2.42927990e-03  -1.21057140e-03   2.46674053e-02  -4.63735076e-04   1.79289749e-04  -6.99008038e-05
 1.18300000e+00   2.42927990e-03  -1.21057140e-03   2.46674053e-02  -4.64049849e-04   1.79411407e-04  -6.99482199e-05
 1.18400000e+00   2.42927990e-03  -1.21057140e-03   2.46674053e-02  -4.64359117e-04   1.79530948e-04  -6.99948150e-05
 1.18500000e+00   2.42927990e-03  -1.21057140e-03   2.46674053e-02  -4.64668376e-04   1.79650495e-04  -7.00414163e-05
 1.18600000e+00   2.42927990e-03  -1.21057140e-03   2.46674053e-02  -4.64977639e-04   1.79770052e-04  -7.00880247e-05
 1.18700000e+00   2.42927990e-03  -1.21057140e-03   2.46674053e-02  -4.65286186e-04   1.79889340e-04  -7.01345309e-05
 1.18800000e+00   2.42927990e-03  -1.21057140e-03   2.46674053e-02  -4.65578880e-04   1.80002511e-04  -7.01786567e-05
 1.18900000e+00   2.42927990e-03  -1.21057140e-03   2.46674053e-02  -4.65871576e-04   1.80115693e-04  -7.02227907e-05
 1.19000000e+00   2.42927990e-03  -1.21057140e-03   2.46674053e-02  -4.66164265e-04   1.80228880e-04  -7.02669302e-05
 1.19100000e+00   2.42927990e-03  -1.21057140e-03   2.46674053e-02  -4.66456950e-04   1.80342073e-04  -7.03110748e-05
 1.19200000e+00   2.42927990e-03  -1.21057140e-03   2.46674053e-02  -4.66733000e-04   1.80448845e-04  -7.03527199e-05
 1.19300000e+00   2.42927990e-03  -1.21057140e-03   2.46674053e-02  -4.67001782e-04   1.80552817e-04  -7.03932772e-05
 1.19400000e+00   2.42927990e-03  -1.21057140e-03   2.46674053e-02  -4.67270565e-04   1.80656798e-04  -7.04338412e-05
 1.19500000e+00   2.42927990e-03  -1.21057140e-03   2.46674053e-02  -4.67539344e-04   1.80760786e-04  -7.04744107e-05
 1.19600000e+00   2.42927990e-03  -1.21057140e-03   2.46674053e-02  -4.67797515e-04   1.80860680e-04  -7.05133874e-05
 1.19700000e+00   2.42927990e-03  -1.21057140e-03   2.46674053e-02  -4.68035836e-04   1.80952909e-04  -7.05493796e-05
 1.19800000e+00   2.42927990e-03  -1.21057140e-03   2.46674053e-02  -4.68274150e-04   1.81045145e-04  -7.05853777e-05
 1.19900000e+00   2.42927990e-03  -1.21057140e-03   2.46674053e-02  -4.68512463e-04   1.81137388e-04  -7.06213814e-05
 1.20000000e+00   2.42927990e-03  -1.21057140e-03   2.46674053e-02  -4.68750773e-04   1.81229636e-04  -7.06573896e-05
 1.20100000e+00   2.42927990e-03  -1.21057140e-03   2.46674053e-02  -4.68952754e-04   1.81307848e-04  -7.06879290e-05
 1.20200000e+00   2.42927990e-03  -1.21057140e-03   2.46674053e-02  -4.69154733e-04   1.81386067e-04  -7.07184745e-05
 1.20300000e+00   2.42927990e-03  -1.21057140e-03   2.46674053e-02  -4.69356709e-04   1.81464293e-04  -7.07490253e-05
 1.20400000e+00   2.42927990e-03  -1.21057140e-03   2.46674053e-02  -4.69558683e-04   1.81542524e-04  -7.07795805e-05
 1.20500000e+00   2.42927990e-03  -1.21057140e-03   2.46674053e-02  -4.69733730e-04   1.81610352e-04  -7.08060827e-05
 1.20600000e+00   2.42927990e-03  -1.21057140e-03   2.46674053e-02  -4.69894410e-04   1.81672633e-04  -7.08304250e-05
 1.20700000e+00   2.42927990e-03  -1.21057140e-03   2.46674053e-02  -4.70055085e-04   1.81734918e-04  -7.08547717e-05
 1.20800000e+00   2.42927990e-03  -1.21057140e-03   2.46674053e-02  -4.70215758e-04   1.81797209e-04  -7.08791229e-05
 1.20900000e+00   2.42927990e-03  -1.21057140e-03   2.46674053e-02  -4.70362680e-04   1.81854189e-04  -7.09014057e-05
 1.21000000e+00   2.42927990e-03  -1.21057140e-03   2.46674053e-02  -4.70478124e-04   1.81899006e-04  -7.09189486e-05
 1.21100000e+00   2.42927990e-03  -1.21057140e-03   2.46674053e-02  -4.70593567e-04   1.81943828e-04  -7.09364960e-05
 1.21200000e+00   2.42927990e-03  -1.21057140e-03   2.46674053e-02  -4.70709004e-04   1.81988653e-04  -7.09540467e-05
 1.21300000e+00   2.42927990e-03  -1.21057140e-03   2.46674053e-02  -4.70824442e-04   1.82033483e-04  -7.09716011e-05
 1.21400000e+00   2.42927990e-03  -1.21057140e-03   2.46674053e-02  -4.70893817e-04   1.82060510e-04  -7.09822160e-05
 1.21500000e+00   2.42927990e-03  -1.21057140e-03   2.46674053e-02  -4.70961120e-04   1.82086740e-04  -7.09925225e-05
 1.21600000e+00   2.42927990e-03  -1.21057140e-03   2.46674053e-02  -4.71028421e-04   1.82112974e-04  -7.10028319e-05
 1.21700000e+00   2.42927990e-03  -1.21057140e-03   2.46674053e-02  -4.71095718e-04   1.82139210e-04  -7.10131441e-05
 1.21800000e+00   2.42927990e-03  -1.21057140e-03   2.46674053e-02  -4.71132269e-04   1.82153564e-04  -7.10188252e-05
 1.21900000e+00   2.42927990e-03  -1.21057140e-03   2.46674053e-02  -4.71149080e-04   1.82160291e-04  -7.10215347e-05
 1.22000000e+00   2.42927990e-03  -1.21057140e-03   2.46674053e-02  -4.71165889e-04   1.82167022e-04  -7.10242474e-05
 1.22100000e+00   2.42927990e-03  -1.21057140e-03   2.46674053e-02  -4.71182695e-04   1.82173756e-04  -7.10269629e-05
 1.22200000e+00   2.42927990e-03  -1.21057140e-03   2.46674053e-02  -4.71185601e-04   1.82175120e-04  -7.10275861e-05
 1.22300000e+00   2.42927990e-03  -1.21057140e-03   2.46674053e-02  -4.71149149e-04   1.82161272e-04  -7.10222804e-05
 1.22400000e+00   2.42927990e-03  -1.21057140e-03   2.46674053e-02  -4.71112695e-04   1.82147428e-04  -7.10169779e-05
 1.22500000e+00   2.42927990e-03  -1.21057140e-03   2.46674053e-02  -4.71076239e-04   1.82133587e-04  -7.10116781e-05
 1.22600000e+00   2.42927990e-03  -1.21057140e-03   2.46674053e-02  -4.71039781e-04   1.82119749e-04  -7.10063808e-05
 1.22700000e+00   2.42927990e-03  -1.21057140e-03   2.46674053e-02  -4.70952662e-04   1.82086325e-04  -7.09934482e-05
 1.22800000e+00   2.42927990e-03  -1.21057140e-03   2.46674053e-02  -4.70860713e-04   1.82051037e-04  -7.09797895e-05
 1.22900000e+00   2.42927990e-03  -1.21057140e-03   2.46674053e-02  -4.70768762e-04   1.82015751e-04  -7.09661321e-05
 1.23000000e+00   2.42927990e-03  -1.21057140e-03   2.46674053e-02  -4.70676810e-04   1.81980466e-04  -7.09524762e-05
 1.23100000e+00   2.42927990e-03  -1.21057140e-03   2.46674053e-02  -4.70554045e-04   1.81933269e-04  -7.09341764e-05
 1.23200000e+00   2.42927990e-03  -1.21057140e-03   2.46674053e-02  -4.70407557e-04   1.81876900e-04  -7.09123009e-05
 1.23300000e+00   2.42927990e-03  -1.21057140e-03   2.46674053e-02  -4.70261067e-04   1.81820532e-04  -7.08904260e-05
 1.23400000e+00   2.42927990e-03  -1.21057140e-03   2.46674053e-02  -4.70114576e-04   1.81764165e-04  -7.08685517e-05
 1.23500000e+00   2.42927990e-03  -1.21057140e-03   2.46674053e-02  -4.69956590e-04   1.81703354e-04  -7.08449451e-05
 1.23600000e+00   2.42927990e-03  -1.21057140e-03   2.46674053e-02  -4.69757132e-04   1.81626508e-04  -7.08150862e-05
 1.23700000e+00   2.42927990e-03  -1.21057140e-03   2.46674053e-02  -4.69557670e-04   1.81549660e-04  -7.07852266e-05
 1.23800000e+00   2.42927990e-03  -1.21057140e-03   2.46674053e-02  -4.69358206e-04   1.81472811e-04  -7.07553667e-05
 1.23900000e+00   2.42927990e-03  -1.21057140e-03   2.46674053e-02  -4.69158752e-04   1.81395967e-04  -7.07255084e-05
 1.24000000e+00   2.42927990e-03  -1.21057140e-03   2.46674053e-02  -4.68915179e-04   1.81302063e-04  -7.06889983e-05
 1.24100000e+00   2.42927990e-03  -1.21057140e-03   2.46674053e-02  -4.68665018e-04   1.81205610e-04  -7.06514938e-05
 1.24200000e+00   2.42927990e-03  -1.21057140e-03   2.46674053e-02  -4.68414851e-04   1.81109155e-04  -7.06139879e-05
 1.24300000e+00   2.42927990e-03  -1.21057140e-03   2.46674053e-02  -4.68164686e-04   1.81012700e-04  -7.05764817e-05
 1.24400000e+00   2.42927990e-03  -1.21057140e-03   2.46674053e-02  -4.67889467e-04   1.80906556e-04  -7.05351971e-05
 1.24500000e+00   2.42927990e-03  -1.21057140e-03   2.46674053e-02  -4.67591306e-04   1.80791539e-04  -7.04904524e-05
 1.24600000e+00   2.42927990e-03  -1.21057140e-03   2.46674053e-02  -4.67293146e-04   1.80676521e-04  -7.04457062e-05
 1.24700000e+00   2.42927990e-03  -1.21057140e-03   2.46674053e-02  -4.66994989e-04   1.80561503e-04  -7.04009593e-05
 1.24800000e+00   2.42927990e-03  -1.21057140e-03   2.46674053e-02  -4.66689042e-04   1.80443471e-04  -7.03550369e-05
 1.24900000e+00   2.42927990e-03  -1.21057140e-03   2.46674053e-02  -4.66346139e-04   1.80311147e-04  -7.03035405e-05
 1.25000000e+00   2.42927990e-03  -1.21057140e-03   2.46674053e-02  -4.66003236e-04   1.80178819e-04  -7.02520418e-05
 1.25100000e+00   2.42927990e-03  -1.21057140e-03   2.46674053e-02  -4.65660333e-04   1.80046490e-04  -7.02005413e-05
 1.25200000e+00   2.42927990e-03  -1.21057140e-03   2.46674053e-02  -4.65317430e-04   1.79914159e-04  -7.01490393e-05
 1.25300000e+00   2.42927990e-03  -1.21057140e-03   2.46674053e-02  -4.64940675e-04   1.79768735e-04  -7.00924309e-05
 1.25400000e+00   2.42927990e-03  -1.21057140e-03   2.46674053e-02  -4.64556788e-04   1.79620550e-04  -7.00347444e-05
 1.25500000e+00   2.42927990e-03  -1.21057140e-03   2.46674053e-02  -4.64172903e-04   1.79472362e-04  -6.99770556e-05
 1.25600000e+00   2.42927990e-03  -1.21057140e-03   2.46674053e-02  -4.63789018e-04   1.79324171e-04  -6.99193646e-05
 1.25700000e+00   2.42927990e-03  -1.21057140e-03   2.46674053e-02  -4.63387560e-04   1.79169182e-04  -6.98590217e-05
 1.25800000e+00   2.42927990e-03  -1.21057140e-03   2.46674053e-02  -4.62966905e-04   1.79006766e-04  -6.97957808e-05
 1.25900000e+00   2.42927990e-03  -1.21057140e-03   2.46674053e-02  -4.62546253e-04   1.78844347e-04  -6.97325373e-05
 1.26000000e+00   2.42927990e-03  -1.21057140e-03   2.46674053e-02  -4.62125602e-04   1.78681925e-04  -6.96692912e-05
 1.26100000e+00   2.42927990e-03  -1.21057140e-03   2.46674053e-02  -4.61700756e-04   1.78517878e-04  -6.96054102e-05
 1.26200000e+00   2.42927990e-03  -1.21057140e-03   2.46674053e-02  -4.61247829e-04   1.78342967e-04  -6.95372912e-05
 1.26300000e+00   2.42927990e-03  -1.21057140e-03   2.46674053e-02  -4.60794905e-04   1.78168052e-04  -6.94691688e-05
 1.26400000e+00   2.42927990e-03  -1.21057140e-03   2.46674053e-02  -4.60341981e-04   1.77993134e-04  -6.94010432e-05
 1.26500000e+00   2.42927990e-03  -1.21057140e-03   2.46674053e-02  -4.59889059e-04   1.77818212e-04  -6.93329152e-05
 1.26600000e+00   2.42927990e-03  -1.21057140e-03   2.46674053e-02  -4.59414918e-04   1.77635080e-04  -6.92615835e-05
 1.26700000e+00   2.42927990e-03  -1.21057140e-03   2.46674053e-02  -4.58934896e-04   1.77449668e-04  -6.91893607e-05
 1.26800000e+00   2.42927990e-03  -1.21057140e-03   2.46674053e-02  -4.58454876e-04   1.77264252e-04  -6.91171343e-05
 1.26900000e+00   2.42927990e-03  -1.21057140e-03   2.46674053e-02  -4.57974856e-04   1.77078833e-04  -6.90449049e-05
 1.27000000e+00   2.42927990e-03  -1.21057140e-03   2.46674053e-02  -4.57485292e-04   1.76889717e-04  -6.89712324e-05
 1.27100000e+00   2.42927990e-03  -1.21057140e-03   2.46674053e-02  -4.56983333e-04   1.76695802e-04  -6.88956860e-05
 1.27200000e+00   2.42927990e-03  -1.21057140e-03   2.46674053e-02  -4.56481368e-04   1.76501879e-04  -6.88201344e-05
 1.27300000e+00   2.42927990e-03  -1.21057140e-03   2.46674053e-02  -4.55979406e-04   1.76307952e-04  -6.87445794e-05
 1.27400000e+00   2.42927990e-03  -1.21057140e-03   2.46674053e-02  -4.55476020e-04   1.76113470e-04  -6.86688062e-05
 1.27500000e+00   2.42927990e-03  -1.21057140e-03   2.46674053e-02  -4.54957613e-04   1.75913173e-04  -6.85907625e-05
 1.27600000e+00   2.42927990e-03  -1.21057140e-03   2.46674053e-02  -4.54439207e-04   1.75712869e-04  -6.85127139e-05
 1.27700000e+00   2.42927990e-03  -1.21057140e-03   2.46674053e-02  -4.53920802e-04   1.75512560e-04  -6.84346613e-05
 1.27800000e+00   2.42927990e-03  -1.21057140e-03   2.46674053e-02  -4.53402401e-04   1.75312248e-04  -6.83566057e-05
 1.27900000e+00   2.42927990e-03  -1.21057140e-03   2.46674053e-02  -4.52876045e-04   1.75108852e-04  -6.82773451e-05
 1.28000000e+00   2.42927990e-03  -1.21057140e-03   2.46674053e-02  -4.52346878e-04   1.74904363e-04  -6.81976552e-05
 1.28100000e+00   2.42927990e-03  -1.21057140e-03   2.46674053e-02  -4.51817715e-04   1.74699869e-04  -6.81179612e-05
 1.28200000e+00   2.42927990e-03  -1.21057140e-03   2.46674053e-02  -4.51288556e-04   1.74495371e-04  -6.80382637e-05
 1.28300000e+00   2.42927990e-03  -1.21057140e-03   2.46674053e-02  -4.50757453e-04   1.74290115e-04  -6.79582684e-05
 1.28400000e+00   2.42927990e-03  -1.21057140e-03   2.46674053e-02  -4.50223320e-04   1.74083680e-04  -6.78778100e-05
 1.28500000e+00   2.42927990e-03  -1.21057140e-03   2.46674053e-02  -4.49689190e-04   1.73877238e-04  -6.77973468e-05
 1.28600000e+00   2.42927990e-03  -1.21057140e-03   2.46674053e-02  -4.49155064e-04   1.73670793e-04  -6.77168800e-05
 1.28700000e+00   2.42927990e-03  -1.21057140e-03   2.46674053e-02  -4.48620976e-04   1.73464357e-04  -6.76364149e-05
 1.28800000e+00   2.42927990e-03  -1.21057140e-03   2.46674053e-02  -4.48087607e-04   1.73258190e-04  -6.75560512e-05
 1.28900000e+00   2.42927990e-03  -1.21057140e-03   2.46674053e-02  -4.47554247e-04   1.73052020e-04  -6.74756833e-05
 1.29000000e+00   2.42927990e-03  -1.21057140e-03   2.46674053e-02  -4.47020886e-04   1.72845842e-04  -6.73953106e-05
 1.29100000e+00   2.42927990e-03  -1.21057140e-03   2.46674053e-02  -4.46487528e-04   1.72639661e-04  -6.73149344e-05
 1.29200000e+00   2.42927990e-03  -1.21057140e-03   2.46674053e-02  -4.45958938e-04   1.72435315e-04  -6.72352707e-05
 1.29300000e+00   2.42927990e-03  -1.21057140e-03   2.46674053e-02  -4.45432428e-04   1.72231765e-04  -6.71559144e-05
 1.29400000e+00   2.42927990e-03  -1.21057140e-03   2.46674053e-02  -4.44905920e-04   1.72028209e-04  -6.70765536e-05
 1.29500000e+00   2.42927990e-03  -1.21057140e-03   2.46674053e-02  -4.44379421e-04   1.71824651e-04  -6.69971896e-05
 1.29600000e+00   2.42927990e-03  -1.21057140e-03   2.46674053e-02  -4.43857261e-04   1.71622764e-04  -6.69184746e-05
 1.29700000e+00   2.42927990e-03  -1.21057140e-03   2.46674053e-02  -4.43343257e-04   1.71424022e-04  -6.68409827e-05
 1.29800000e+00   2.42927990e-03  -1.21057140e-03   2.46674053e-02  -4.42829248e-04   1.71225270e-04  -6.67634846e-05
 1.29900000e+00   2.42927990e-03  -1.21057140e-03   2.46674053e-02  -4.42315238e-04   1.71026513e-04  -6.66859818e-05
 1.30000000e+00   2.42927990e-03  -1.21057140e-03   2.46674053e-02  -4.41801233e-04   1.70827752e-04  -6.66084757e-05
 1.30100000e+00   2.42927990e-03  -1.21057140e-03   2.46674053e-02  -4.41305354e-04   1.70635990e-04  -6.65336952e-05
 1.30200000e+00   2.42927990e-03  -1.21057140e-03   2.46674053e-02  -4.40809476e-04   1.70444221e-04  -6.64589092e-05
 1.30300000e+00   2.42927990e-03  -1.21057140e-03   2.46674053e-02  -4.40313600e-04   1.70252446e-04  -6.63841187e-05
 1.30400000e+00   2.42927990e-03  -1.21057140e-03   2.46674053e-02  -4.39817727e-04   1.70060667e-04  -6.63093245e-05
 1.30500000e+00   2.42927990e-03  -1.21057140e-03   2.46674053e-02  -4.39337208e-04   1.69874818e-04  -6.62368392e-05
 1.30600000e+00   2.42927990e-03  -1.21057140e-03   2.46674053e-02  -4.38864886e-04   1.69692129e-04  -6.61655836e-05
 1.30700000e+00   2.42927990e-03  -1.21057140e-03   2.46674053e-02  -4.38392575e-04   1.69509438e-04  -6.60943246e-05
 1.30800000e+00   2.42927990e-03  -1.21057140e-03   2.46674053e-02  -4.37920263e-04   1.69326741e-04  -6.60230612e-05
 1.30900000e+00   2.42927990e-03  -1.21057140e-03   2.46674053e-02  -4.37456659e-04   1.69147405e-04  -6.59531058e-05
 1.31000000e+00   2.42927990e-03  -1.21057140e-03   2.46674053e-02  -4.37012981e-04   1.68975765e-04  -6.58861481e-05
 1.31100000e+00   2.42927990e-03  -1.21057140e-03   2.46674053e-02  -4.36569303e-04   1.68804118e-04  -6.58191853e-05
 1.31200000e+00   2.42927990e-03  -1.21057140e-03   2.46674053e-02  -4.36125634e-04   1.68632469e-04  -6.57522193e-05
 1.31300000e+00   2.42927990e-03  -1.21057140e-03   2.46674053e-02  -4.35681964e-04   1.68460814e-04  -6.56852496e-05
 1.31400000e+00   2.42927990e-03  -1.21057140e-03   2.46674053e-02  -4.35270535e-04   1.68301617e-04  -6.56231339e-05
 1.31500000e+00   2.42927990e-03  -1.21057140e-03   2.46674053e-02  -4.34860562e-04   1.68142976e-04  -6.55612326e-05
 1.31600000e+00   2.42927990e-03  -1.21057140e-03   2.46674053e-02  -4.34450595e-04   1.67984332e-04  -6.54993278e-05
 1.31700000e+00   2.42927990e-03  -1.21057140e-03   2.46674053e-02  -4.34040625e-04   1.67825682e-04  -6.54374187e-05
 1.31800000e+00   2.42927990e-03  -1.21057140e-03   2.46674053e-02  -4.33653849e-04   1.67675992e-04  -6.53790011e-05
 1.31900000e+00   2.42927990e-03  -1.21057140e-03   2.46674053e-02  -4.33281967e-04   1.67532055e-04  -6.53228235e-05
 1.32000000e+00   2.42927990e-03  -1.21057140e-03   2.46674053e-02  -4.32910084e-04   1.67388111e-04  -6.52666414e-05
 1.32100000e+00   2.42927990e-03  -1.21057140e-03   2.46674053e-02  -4.32538201e-04   1.67244162e-04  -6.52104555e-05
 1.32200000e+00   2.42927990e-03  -1.21057140e-03   2.46674053e-02  -4.32177329e-04   1.67104465e-04  -6.51559254e-05
 1.32300000e+00   2.42927990e-03  -1.21057140e-03   2.46674053e-02  -4.31847600e-04   1.66976803e-04  -6.51060851e-05
 1.32400000e+00   2.42927990e-03  -1.21057140e-03   2.46674053e-02  -4.31517877e-04   1.66849137e-04  -6.50562412e-05
 1.32500000e+00   2.42927990e-03  -1.21057140e-03   2.46674053e-02  -4.31188156e-04   1.66721467e-04  -6.50063940e-05
 1.32600000e+00   2.42927990e-03  -1.21057140e-03   2.46674053e-02  -4.30858438e-04   1.66593794e-04  -6.49565439e-05
 1.32700000e+00   2.42927990e-03  -1.21057140e-03   2.46674053e-02  -4.30570516e-04   1.66482275e-04  -6.49129898e-05
 1.32800000e+00   2.42927990e-03  -1.21057140e-03   2.46674053e-02  -4.30286575e-04   1.66372290e-04  -6.48700315e-05
 1.32900000e+00   2.42927990e-03  -1.21057140e-03   2.46674053e-02  -4.30002639e-04   1.66262302e-04  -6.48270706e-05
 1.33000000e+00   2.42927990e-03  -1.21057140e-03   2.46674053e-02  -4.29718703e-04   1.66152309e-04  -6.47841064e-05
 1.33100000e+00   2.42927990e-03  -1.21057140e-03   2.46674053e-02  -4.29462383e-04   1.66052989e-04  -6.47453016e-05
 1.33200000e+00   2.42927990e-03  -1.21057140e-03   2.46674053e-02  -4.29227322e-04   1.65961884e-04  -6.47096976e-05
 1.33300000e+00   2.42927990e-03  -1.21057140e-03   2.46674053e-02  -4.28992261e-04   1.65870774e-04  -6.46740902e-05
 1.33400000e+00   2.42927990e-03  -1.21057140e-03   2.46674053e-02  -4.28757204e-04   1.65779662e-04  -6.46384804e-05
 1.33500000e+00   2.42927990e-03  -1.21057140e-03   2.46674053e-02  -4.28533305e-04   1.65692861e-04  -6.46045499e-05
 1.33600000e+00   2.42927990e-03  -1.21057140e-03   2.46674053e-02  -4.28349669e-04   1.65621621e-04  -6.45766853e-05
 1.33700000e+00   2.42927990e-03  -1.21057140e-03   2.46674053e-02  -4.28166035e-04   1.65550379e-04  -6.45488177e-05
 1.33800000e+00   2.42927990e-03  -1.21057140e-03   2.46674053e-02  -4.27982402e-04   1.65479133e-04  -6.45209477e-05
 1.33900000e+00   2.42927990e-03  -1.21057140e-03   2.46674053e-02  -4.27798770e-04   1.65407885e-04  -6.44930754e-05
 1.34000000e+00   2.42927990e-03  -1.21057140e-03   2.46674053e-02  -4.27661693e-04   1.65354632e-04  -6.44722182e-05
 1.34100000e+00   2.42927990e-03  -1.21057140e-03   2.46674053e-02  -4.27531573e-04   1.65304067e-04  -6.44524071e-05
 1.34200000e+00   2.42927990e-03  -1.21057140e-03   2.46674053e-02  -4.27401455e-04   1.65253498e-04  -6.44325937e-05
 1.34300000e+00   2.42927990e-03  -1.21057140e-03   2.46674053e-02  -4.27271338e-04   1.65202928e-04  -6.44127786e-05
 1.34400000e+00   2.42927990e-03  -1.21057140e-03   2.46674053e-02  -4.27169875e-04   1.65163433e-04  -6.43972807e-05
 1.34500000e+00   2.42927990e-03  -1.21057140e-03   2.46674053e-02  -4.27094654e-04   1.65134081e-04  -6.43857363e-05
 1.34600000e+00   2.42927990e-03  -1.21057140e-03   2.46674053e-02  -4.27019432e-04   1.65104727e-04  -6.43741899e-05
 1.34700000e+00   2.42927990e-03  -1.21057140e-03   2.46674053e-02  -4.26944212e-04   1.65075371e-04  -6.43626420e-05
 1.34800000e+00   2.42927990e-03  -1.21057140e-03   2.46674053e-02  -4.26877190e-04   1.65049187e-04  -6.43523313e-05
 1.34900000e+00   2.42927990e-03  -1.21057140e-03   2.46674053e-02  -4.26849084e-04   1.65038068e-04  -6.43479019e-05
 1.35000000e+00   2.42927990e-03  -1.21057140e-03   2.46674053e-02  -4.26820978e-04   1.65026963e-04  -6.43434834e-05
 1.35100000e+00   2.42927990e-03  -1.21057140e-03   2.46674053e-02  -4.26792869e-04   1.65015868e-04  -6.43390724e-05
 1.35200000e+00   2.42927990e-03  -1.21057140e-03   2.46674053e-02  -4.26764756e-04   1.65004779e-04  -6.43346670e-05
 1.35300000e+00   2.42927990e-03  -1.21057140e-03   2.46674053e-02  -4.26754130e-04   1.65000482e-04  -6.43329211e-05
 1.35400000e+00   2.42927990e-03  -1.21057140e-03   2.46674053e-02  -4.26747188e-04   1.64997638e-04  -6.43317522e-05
 1.35500000e+00   2.42927990e-03  -1.21057140e-03   2.46674053e-02  -4.26740238e-04   1.64994812e-04  -6.43305989e-05
 1.35600000e+00   2.42927990e-03  -1.21057140e-03   2.46674053e-02  -4.26733280e-04   1.64992001e-04  -6.43294578e-05
 1.35700000e+00   2.42927990e-03  -1.21057140e-03   2.46674053e-02  -4.26721820e-04   1.64987465e-04  -6.43276496e-05
 1.35800000e+00   2.42927990e-03  -1.21057140e-03   2.46674053e-02  -4.26705446e-04   1.64981041e-04  -6.43251105e-05
 1.35900000e+00   2.42927990e-03  -1.21057140e-03   2.46674053e-02  -4.26689067e-04   1.64974627e-04  -6.43225794e-05
 1.36000000e+00   2.42927990e-03  -1.21057140e-03   2.46674053e-02  -4.26672681e-04   1.64968220e-04  -6.43200550e-05
 1.36100000e+00   2.42927990e-03  -1.21057140e-03   2.46674053e-02  -4.26654999e-04   1.64961321e-04  -6.43173420e-05
 1.36200000e+00   2.42927990e-03  -1.21057140e-03   2.46674053e-02  -4.26628661e-04   1.64951084e-04  -6.43133305e-05
 1.36300000e+00   2.42927990e-03  -1.21057140e-03   2.46674053e-02  -4.26602319e-04   1.64940852e-04  -6.43093241e-05
 1.36400000e+00   2.42927990e-03  -1.21057140e-03   2.46674053e-02  -4.26575973e-04   1.64930626e-04  -6.43053221e-05
 1.36500000e+00   2.42927990e-03  -1.21057140e-03   2.46674053e-02  -4.26549625e-04   1.64920405e-04  -6.43013248e-05
 1.36600000e+00   2.42927990e-03  -1.21057140e-03   2.46674053e-02  -4.26515519e-04   1.64907191e-04  -6.42961624e-05
 1.36700000e+00   2.42927990e-03  -1.21057140e-03   2.46674053e-02  -4.26479260e-04   1.64893150e-04  -6.42906795e-05
 1.36800000e+00   2.42927990e-03  -1.21057140e-03   2.46674053e-02  -4.26442999e-04   1.64879112e-04  -6.42852002e-05
 1.36900000e+00   2.42927990e-03  -1.21057140e-03   2.46674053e-02  -4.26406736e-04   1.64865079e-04  -6.42797240e-05
 1.37000000e+00   2.42927990e-03  -1.21057140e-03   2.46674053e-02  -4.26366183e-04   1.64849391e-04  -6.42736044e-05
 1.37100000e+00   2.42927990e-03  -1.21057140e-03   2.46674053e-02  -4.26320058e-04   1.64831553e-04  -6.42666479e-05
 1.37200000e+00   2.42927990e-03  -1.21057140e-03   2.46674053e-02  -4.26273931e-04   1.64813718e-04  -6.42596941e-05
 1.37300000e+00   2.42927990e-03  -1.21057140e-03   2.46674053e-02  -4.26227802e-04   1.64795886e-04  -6.42527426e-05
 1.37400000e+00   2.42927990e-03  -1.21057140e-03   2.46674053e-02  -4.26180818e-04   1.64777726e-04  -6.42456646e-05
 1.37500000e+00   2.42927990e-03  -1.21057140e-03   2.46674053e-02  -4.26124879e-04   1.64756107e-04  -6.42372391e-05
 1.37600000e+00   2.42927990e-03  -1.21057140e-03   2.46674053e-02  -4.26068938e-04   1.64734490e-04  -6.42288154e-05
 1.37700000e+00   2.42927990e-03  -1.21057140e-03   2.46674053e-02  -4.26012996e-04   1.64712875e-04  -6.42203935e-05
 1.37800000e+00   2.42927990e-03  -1.21057140e-03   2.46674053e-02  -4.25957053e-04   1.64691262e-04  -6.42119733e-05
 1.37900000e+00   2.42927990e-03  -1.21057140e-03   2.46674053e-02  -4.25893912e-04   1.64666869e-04  -6.42024698e-05
 1.38000000e+00   2.42927990e-03  -1.21057140e-03   2.46674053e-02  -4.25828228e-04   1.64641494e-04  -6.41925847e-05
 1.38100000e+00   2.42927990e-03  -1.21057140e-03   2.46674053e-02  -4.25762543e-04   1.64616121e-04  -6.41827008e-05
 1.38200000e+00   2.42927990e-03  -1.21057140e-03   2.46674053e-02  -4.25696857e-04   1.64590750e-04  -6.41728183e-05
 1.38300000e+00   2.42927990e-03  -1.21057140e-03   2.46674053e-02  -4.25627396e-04   1.64563921e-04  -6.41623680e-05
 1.38400000e+00   2.42927990e-03  -1.21057140e-03   2.46674053e-02  -4.25552055e-04   1.64534820e-04  -6.41510325e-05
 1.38500000e+00   2.42927990e-03  -1.21057140e-03   2.46674053e-02  -4.25476714e-04   1.64505720e-04  -6.41396981e-05
 1.38600000e+00   2.42927990e-03  -1.21057140e-03   2.46674053e-02  -4.25401372e-04   1.64476621e-04  -6.41283646e-05
 1.38700000e+00   2.42927990e-03  -1.21057140e-03   2.46674053e-02  -4.25325617e-04   1.64447364e-04  -6.41169699e-05
 1.38800000e+00   2.42927990e-03  -1.21057140e-03   2.46674053e-02  -4.25240692e-04   1.64414563e-04  -6.41041938e-05
 1.38900000e+00   2.42927990e-03  -1.21057140e-03   2.46674053e-02  -4.25155766e-04   1.64381762e-04  -6.40914183e-05
 1.39000000e+00   2.42927990e-03  -1.21057140e-03   2.46674053e-02  -4.25070839e-04   1.64348962e-04  -6.40786435e-05
 1.39100000e+00   2.42927990e-03  -1.21057140e-03   2.46674053e-02  -4.24985912e-04   1.64316163e-04  -6.40658694e-05
 1.39200000e+00   2.42927990e-03  -1.21057140e-03   2.46674053e-02  -4.24894407e-04   1.64280822e-04  -6.40521043e-05
 1.39300000e+00   2.42927990e-03  -1.21057140e-03   2.46674053e-02  -4.24800028e-04   1.64244370e-04  -6.40379067e-05
 1.39400000e+00   2.42927990e-03  -1.21057140e-03   2.46674053e-02  -4.24705649e-04   1.64207919e-04  -6.40237097e-05
 1.39500000e+00   2.42927990e-03  -1.21057140e-03   2.46674053e-02  -4.24611270e-04   1.64171469e-04  -6.40095131e-05
 1.39600000e+00   2.42927990e-03  -1.21057140e-03   2.46674053e-02  -4.24513639e-04   1.64133762e-04  -6.39948268e-05
 1.39700000e+00   2.42927990e-03  -1.21057140e-03   2.46674053e-02  -4.24409916e-04   1.64093700e-04  -6.39792226e-05
 1.39800000e+00   2.42927990e-03  -1.21057140e-03   2.46674053e-02  -4.24306193e-04   1.64053638e-04  -6.39636188e-05
 1.39900000e+00   2.42927990e-03  -1.21057140e-03   2.46674053e-02  -4.24202470e-04   1.64013578e-04  -6.39480154e-05
 1.40000000e+00   2.42927990e-03  -1.21057140e-03   2.46674053e-02  -4.24098746e-04   1.63973517e-04  -6.39324122e-05
 1.40100000e+00   2.42927990e-03  -1.21057140e-03   2.46674053e-02  -4.23985798e-04   1.63929890e-04  -6.39154188e-05
 1.40200000e+00   2.42927990e-03  -1.21057140e-03   2.46674053e-02  -4.23872850e-04   1.63886264e-04  -6.38984256e-05
 1.40300000e+00   2.42927990e-03  -1.21057140e-03   2.46674053e-02  -4.23759902e-04   1.63842638e-04  -6.38814327e-05
 1.40400000e+00   2.42927990e-03  -1.21057140e-03   2.46674053e-02  -4.23646953e-04   1.63799012e-04  -6.38644399e-05
 1.40500000e+00   2.42927990e-03  -1.21057140e-03   2.46674053e-02  -4.23528089e-04   1.63753099e-04  -6.38465557e-05
 1.40600000e+00   2.42927990e-03  -1.21057140e-03   2.46674053e-02  -4.23406067e-04   1.63705965e-04  -6.38281956e-05
 1.40700000e+00   2.42927990e-03  -1.21057140e-03   2.46674053e-02  -4.23284046e-04   1.63658832e-04  -6.38098356e-05
 1.40800000e+00   2.42927990e-03  -1.21057140e-03   2.46674053e-02  -4.23162024e-04   1.63611699e-04  -6.37914758e-05
 1.40900000e+00   2.42927990e-03  -1.21057140e-03   2.46674053e-02  -4.23037274e-04   1.63563512e-04  -6.37727050e-05
 1.41000000e+00   2.42927990e-03  -1.21057140e-03   2.46674053e-02  -4.22906280e-04   1.63512910e-04  -6.37529928e-05
 1.41100000e+00   2.42927990e-03  -1.21057140e-03   2.46674053e-02  -4.22775286e-04   1.63462308e-04  -6.37332807e-05
 1.41200000e+00   2.42927990e-03  -1.21057140e-03   2.46674053e-02  -4.22644292e-04   1.63411706e-04  -6.37135687e-05
 1.41300000e+00   2.42927990e-03  -1.21057140e-03   2.46674053e-02  -4.22513297e-04   1.63361105e-04  -6.36938568e-05
 1.41400000e+00   2.42927990e-03  -1.21057140e-03   2.46674053e-02  -4.22373935e-04   1.63307268e-04  -6.36728835e-05
 1.41500000e+00   2.42927990e-03  -1.21057140e-03   2.46674053e-02  -4.22234197e-04   1.63253286e-04  -6.36518535e-05
 1.41600000e+00   2.42927990e-03  -1.21057140e-03   2.46674053e-02  -4.22094458e-04   1.63199303e-04  -6.36308234e-05
 1.41700000e+00   2.42927990e-03  -1.21057140e-03   2.46674053e-02  -4.21954718e-04   1.63145320e-04  -6.36097931e-05
 1.41800000e+00   2.42927990e-03  -1.21057140e-03   2.46674053e-02  -4.21809739e-04   1.63089312e-04  -6.35879731e-05
 1.41900000e+00   2.42927990e-03  -1.21057140e-03   2.46674053e-02  -4.21661395e-04   1.63032002e-04  -6.35656456e-05
 1.42000000e+00   2.42927990e-03  -1.21057140e-03   2.46674053e-02  -4.21513051e-04   1.62974692e-04  -6.35433182e-05
 1.42100000e+00   2.42927990e-03  -1.21057140e-03   2.46674053e-02  -4.21364707e-04   1.62917383e-04  -6.35209908e-05
 1.42200000e+00   2.42927990e-03  -1.21057140e-03   2.46674053e-02  -4.21214164e-04   1.62859223e-04  -6.34983320e-05
 1.42300000e+00   2.42927990e-03  -1.21057140e-03   2.46674053e-02  -4.21057399e-04   1.62798657e-04  -6.34747349e-05
 1.42400000e+00   2.42927990e-03  -1.21057140e-03   2.46674053e-02  -4.20900632e-04   1.62738090e-04  -6.34511375e-05
 1.42500000e+00   2.42927990e-03  -1.21057140e-03   2.46674053e-02  -4.20743866e-04   1.62677524e-04  -6.34275403e-05
 1.42600000e+00   2.42927990e-03  -1.21057140e-03   2.46674053e-02  -4.20587100e-04   1.62616958e-04  -6.34039430e-05
 1.42700000e+00   2.42927990e-03  -1.21057140e-03   2.46674053e-02  -4.20422820e-04   1.62553486e-04  -6.33792128e-05
 1.42800000e+00   2.42927990e-03  -1.21057140e-03   2.46674053e-02  -4.20257823e-04   1.62489737e-04  -6.33543745e-05
 1.42900000e+00   2.42927990e-03  -1.21057140e-03   2.46674053e-02  -4.20092827e-04   1.62425988e-04  -6.33295361e-05
 1.43000000e+00   2.42927990e-03  -1.21057140e-03   2.46674053e-02  -4.19927831e-04   1.62362239e-04  -6.33046976e-05
 1.43100000e+00   2.42927990e-03  -1.21057140e-03   2.46674053e-02  -4.19758297e-04   1.62296736e-04  -6.32791750e-05
 1.43200000e+00   2.42927990e-03  -1.21057140e-03   2.46674053e-02  -4.19585269e-04   1.62229881e-04  -6.32531256e-05
 1.43300000e+00   2.42927990e-03  -1.21057140e-03   2.46674053e-02  -4.19412242e-04   1.62163026e-04  -6.32270761e-05
 1.43400000e+00   2.42927990e-03  -1.21057140e-03   2.46674053e-02  -4.19239215e-04   1.62096172e-04  -6.32010265e-05
 1.43500000e+00   2.42927990e-03  -1.21057140e-03   2.46674053e-02  -4.19064480e-04   1.62028657e-04  -6.31747194e-05
 1.43600000e+00   2.42927990e-03  -1.21057140e-03   2.46674053e-02  -4.18883586e-04   1.61958760e-04  -6.31474836e-05
 1.43700000e+00   2.42927990e-03  -1.21057140e-03   2.46674053e-02  -4.18702692e-04   1.61888863e-04  -6.31202476e-05
 1.43800000e+00   2.42927990e-03  -1.21057140e-03   2.46674053e-02  -4.18521798e-04   1.61818966e-04  -6.30930115e-05
 1.43900000e+00   2.42927990e-03  -1.21057140e-03   2.46674053e-02  -4.18340904e-04   1.61749068e-04  -6.30657752e-05
 1.44000000e+00   2.42927990e-03  -1.21057140e-03   2.46674053e-02  -4.18153434e-04   1.61676628e-04  -6.30375475e-05
 1.44100000e+00   2.42927990e-03  -1.21057140e-03   2.46674053e-02  -4.17964982e-04   1.61603808e-04  -6.30091715e-05
 1.44200000e+00   2.42927990e-03  -1.21057140e-03   2.46674053e-02  -4.17776530e-04   1.61530988e-04  -6.29807953e-05
 1.44300000e+00   2.42927990e-03  -1.21057140e-03   2.46674053e-02  -4.17588078e-04   1.61458167e-04  -6.29524190e-05
 1.44400000e+00   2.42927990e-03  -1.21057140e-03   2.46674053e-02  -4.17395777e-04   1.61383859e-04  -6.29234624e-05
 1.44500000e+00   2.42927990e-03  -1.21057140e-03   2.46674053e-02  -4.17199953e-04   1.61308188e-04  -6.28939744e-05
 1.44600000e+00   2.42927990e-03  -1.21057140e-03   2.46674053e-02  -4.17004129e-04   1.61232516e-04  -6.28644862e-05
 1.44700000e+00   2.42927990e-03  -1.21057140e-03   2.46674053e-02  -4.16808305e-04   1.61156844e-04  -6.28349978e-05
 1.44800000e+00   2.42927990e-03  -1.21057140e-03   2.46674053e-02  -4.16611241e-04   1.61080693e-04  -6.28053224e-05
 1.44900000e+00   2.42927990e-03  -1.21057140e-03   2.46674053e-02  -4.16408293e-04   1.61002266e-04  -6.27747598e-05
 1.45000000e+00   2.42927990e-03  -1.21057140e-03   2.46674053e-02  -4.16205345e-04   1.60923839e-04  -6.27441968e-05
 1.45100000e+00   2.42927990e-03  -1.21057140e-03   2.46674053e-02  -4.16002396e-04   1.60845412e-04  -6.27136336e-05
 1.45200000e+00   2.42927990e-03  -1.21057140e-03   2.46674053e-02  -4.15799449e-04   1.60766985e-04  -6.26830705e-05
 1.45300000e+00   2.42927990e-03  -1.21057140e-03   2.46674053e-02  -4.15590808e-04   1.60686356e-04  -6.26516489e-05
 1.45400000e+00   2.42927990e-03  -1.21057140e-03   2.46674053e-02  -4.15380970e-04   1.60605264e-04  -6.26200464e-05
 1.45500000e+00   2.42927990e-03  -1.21057140e-03   2.46674053e-02  -4.15171131e-04   1.60524172e-04  -6.25884437e-05
 1.45600000e+00   2.42927990e-03  -1.21057140e-03   2.46674053e-02  -4.14961293e-04   1.60443079e-04  -6.25568408e-05
 1.45700000e+00   2.42927990e-03  -1.21057140e-03   2.46674053e-02  -4.14748284e-04   1.60360761e-04  -6.25247600e-05
 1.45800000e+00   2.42927990e-03  -1.21057140e-03   2.46674053e-02  -4.14531815e-04   1.60277104e-04  -6.24921571e-05
 1.45900000e+00   2.42927990e-03  -1.21057140e-03   2.46674053e-02  -4.14315346e-04   1.60193446e-04  -6.24595539e-05
 1.46000000e+00   2.42927990e-03  -1.21057140e-03   2.46674053e-02  -4.14098876e-04   1.60109789e-04  -6.24269506e-05
 1.46100000e+00   2.42927990e-03  -1.21057140e-03   2.46674053e-02  -4.13881574e-04   1.60025809e-04  -6.23942215e-05
 1.46200000e+00   2.42927990e-03  -1.21057140e-03   2.46674053e-02  -4.13658692e-04   1.59939672e-04  -6.23606510e-05
 1.46300000e+00   2.42927990e-03  -1.21057140e-03   2.46674053e-02  -4.13435811e-04   1.59853534e-04  -6.23270804e-05
 1.46400000e+00   2.42927990e-03  -1.21057140e-03   2.46674053e-02  -4.13212930e-04   1.59767396e-04  -6.22935096e-05
 1.46500000e+00   2.42927990e-03  -1.21057140e-03   2.46674053e-02  -4.12990049e-04   1.59681258e-04  -6.22599386e-05
 1.46600000e+00   2.42927990e-03  -1.21057140e-03   2.46674053e-02  -4.12762436e-04   1.59593290e-04  -6.22256539e-05
 1.46700000e+00   2.42927990e-03  -1.21057140e-03   2.46674053e-02  -4.12533511e-04   1.59504815e-04  -6.21911712e-05
 1.46800000e+00   2.42927990e-03  -1.21057140e-03   2.46674053e-02  -4.12304587e-04   1.59416339e-04  -6.21566885e-05
 1.46900000e+00   2.42927990e-03  -1.21057140e-03   2.46674053e-02  -4.12075662e-04   1.59327863e-04  -6.21222054e-05
 1.47000000e+00   2.42927990e-03  -1.21057140e-03   2.46674053e-02  -4.11844207e-04   1.59238408e-04  -6.20873406e-05
 1.47100000e+00   2.42927990e-03  -1.21057140e-03   2.46674053e-02  -4.11609466e-04   1.59147683e-04  -6.20519801e-05
 1.47200000e+00   2.42927990e-03  -1.21057140e-03   2.46674053e-02  -4.11374724e-04   1.59056957e-04  -6.20166194e-05
 1.47300000e+00   2.42927990e-03  -1.21057140e-03   2.46674053e-02  -4.11139983e-04   1.58966230e-04  -6.19812584e-05
 1.47400000e+00   2.42927990e-03  -1.21057140e-03   2.46674053e-02  -4.10904760e-04   1.58875318e-04  -6.19458248e-05
 1.47500000e+00   2.42927990e-03  -1.21057140e-03   2.46674053e-02  -4.10664488e-04   1.58782452e-04  -6.19096295e-05
 1.47600000e+00   2.42927990e-03  -1.21057140e-03   2.46674053e-02  -4.10424216e-04   1.58689586e-04  -6.18734339e-05
 1.47700000e+00   2.42927990e-03  -1.21057140e-03   2.46674053e-02  -4.10183944e-04   1.58596720e-04  -6.18372382e-05
 1.47800000e+00   2.42927990e-03  -1.21057140e-03   2.46674053e-02  -4.09943672e-04   1.58503854e-04  -6.18010422e-05
 1.47900000e+00   2.42927990e-03  -1.21057140e-03   2.46674053e-02  -4.09699534e-04   1.58409493e-04  -6.17642632e-05
 1.48000000e+00   2.42927990e-03  -1.21057140e-03   2.46674053e-02  -4.09454031e-04   1.58314603e-04  -6.17272781e-05
 1.48100000e+00   2.42927990e-03  -1.21057140e-03   2.46674053e-02  -4.09208529e-04   1.58219713e-04  -6.16902928e-05
 1.48200000e+00   2.42927990e-03  -1.21057140e-03   2.46674053e-02  -4.08963027e-04   1.58124824e-04  -6.16533074e-05
 1.48300000e+00   2.42927990e-03  -1.21057140e-03   2.46674053e-02  -4.08715593e-04   1.58029186e-04  -6.16160304e-05
 1.48400000e+00   2.42927990e-03  -1.21057140e-03   2.46674053e-02  -4.08465151e-04   1.57932386e-04  -6.15782997e-05
 1.48500000e+00   2.42927990e-03  -1.21057140e-03   2.46674053e-02  -4.08214709e-04   1.57835585e-04  -6.15405687e-05
 1.48600000e+00   2.42927990e-03  -1.21057140e-03   2.46674053e-02  -4.07964268e-04   1.57738784e-04  -6.15028376e-05
 1.48700000e+00   2.42927990e-03  -1.21057140e-03   2.46674053e-02  -4.07713625e-04   1.57641905e-04  -6.14650758e-05
 1.48800000e+00   2.42927990e-03  -1.21057140e-03   2.46674053e-02  -4.07458490e-04   1.57543288e-04  -6.14266365e-05
 1.48900000e+00   2.42927990e-03  -1.21057140e-03   2.46674053e-02  -4.07203355e-04   1.57444671e-04  -6.13881969e-05
 1.49000000e+00   2.42927990e-03  -1.21057140e-03   2.46674053e-02  -4.06948220e-04   1.57346054e-04  -6.13497570e-05
 1.49100000e+00   2.42927990e-03  -1.21057140e-03   2.46674053e-02  -4.06693086e-04   1.57247437e-04  -6.13113170e-05
 1.49200000e+00   2.42927990e-03  -1.21057140e-03   2.46674053e-02  -4.06434985e-04   1.57147672e-04  -6.12724295e-05
 1.49300000e+00   2.42927990e-03  -1.21057140e-03   2.46674053e-02  -4.06175588e-04   1.57047406e-04  -6.12333463e-05
 1.49400000e+00   2.42927990e-03  -1.21057140e-03   2.46674053e-02  -4.05916192e-04   1.56947139e-04  -6.11942629e-05
 1.49500000e+00   2.42927990e-03  -1.21057140e-03   2.46674053e-02  -4.05656796e-04   1.56846873e-04  -6.11551793e-05
 1.49600000e+00   2.42927990e-03  -1.21057140e-03   2.46674053e-02  -4.05396006e-04   1.56746067e-04  -6.11158854e-05
 1.49700000e+00   2.42927990e-03  -1.21057140e-03   2.46674053e-02  -4.05132611e-04   1.56644253e-04  -6.10761982e-05
 1.49800000e+00   2.42927990e-03  -1.21057140e-03   2.46674053e-02  -4.04869211e-04   1.56542438e-04  -6.10365102e-05
 1.49900000e+00   2.42927990e-03  -1.21057140e-03   2.46674053e-02  -4.04605813e-04   1.56440622e-04  -6.09968220e-05
 1.50000000e+00   2.42927990e-03  -1.21057140e-03   2.46674053e-02  -4.04342414e-04   1.56338806e-04  -6.09571337e-05
 1.50100000e+00   2.42927990e-03  -1.21057140e-03   2.46674053e-02  -4.04075330e-04   1.56235564e-04  -6.09168892e-05
 1.50200000e+00   2.42927990e-03  -1.21057140e-03   2.46674053e-02  -4.03808244e-04   1.56132322e-04  -6.08766444e-05
 1.50300000e+00   2.42927990e-03  -1.21057140e-03   2.46674053e-02  -4.03541161e-04   1.56029080e-04  -6.08363994e-05
 1.50400000e+00   2.42927990e-03  -1.21057140e-03   2.46674053e-02  -4.03274076e-04   1.55925837e-04  -6.07961542e-05
 1.50500000e+00   2.42927990e-03  -1.21057140e-03   2.46674053e-02  -4.03004799e-04   1.55821746e-04  -6.07555780e-05
 1.50600000e+00   2.42927990e-03  -1.21057140e-03   2.46674053e-02  -4.02734350e-04   1.55717202e-04  -6.07148249e-05
 1.50700000e+00   2.42927990e-03  -1.21057140e-03   2.46674053e-02  -4.02463902e-04   1.55612657e-04  -6.06740716e-05
 1.50800000e+00   2.42927990e-03  -1.21057140e-03   2.46674053e-02  -4.02193454e-04   1.55508113e-04  -6.06333180e-05
 1.50900000e+00   2.42927990e-03  -1.21057140e-03   2.46674053e-02  -4.01922066e-04   1.55403204e-04  -6.05924225e-05
 1.51000000e+00   2.42927990e-03  -1.21057140e-03   2.46674053e-02  -4.01648529e-04   1.55297464e-04  -6.05512027e-05
 1.51100000e+00   2.42927990e-03  -1.21057140e-03   2.46674053e-02  -4.01374994e-04   1.55191724e-04  -6.05099828e-05
 1.51200000e+00   2.42927990e-03  -1.21057140e-03   2.46674053e-02  -4.01101458e-04   1.55085984e-04  -6.04687624e-05
 1.51300000e+00   2.42927990e-03  -1.21057140e-03   2.46674053e-02  -4.00827921e-04   1.54980243e-04  -6.04275418e-05
 1.51400000e+00   2.42927990e-03  -1.21057140e-03   2.46674053e-02  -4.00551868e-04   1.54873529e-04  -6.03859414e-05
 1.51500000e+00   2.42927990e-03  -1.21057140e-03   2.46674053e-02  -4.00275701e-04   1.54766770e-04  -6.03443235e-05
 1.51600000e+00   2.42927990e-03  -1.21057140e-03   2.46674053e-02  -3.99999537e-04   1.54660012e-04  -6.03027057e-05
 1.51700000e+00   2.42927990e-03  -1.21057140e-03   2.46674053e-02  -3.99723369e-04   1.54553252e-04  -6.02610872e-05
 1.51800000e+00   2.42927990e-03  -1.21057140e-03   2.46674053e-02  -3.99445761e-04   1.54445935e-04  -6.02192512e-05
 1.51900000e+00   2.42927990e-03  -1.21057140e-03   2.46674053e-02  -3.99167236e-04   1.54338262e-04  -6.01772766e-05
 1.52000000e+00   2.42927990e-03  -1.21057140e-03   2.46674053e-02  -3.98888708e-04   1.54230589e-04  -6.01353012e-05
 1.52100000e+00   2.42927990e-03  -1.21057140e-03   2.46674053e-02  -3.98610181e-04   1.54122915e-04  -6.00933257e-05
 1.52200000e+00   2.42927990e-03  -1.21057140e-03   2.46674053e-02  -3.98331125e-04   1.54015036e-04  -6.00512702e-05
 1.52300000e+00   2.42927990e-03  -1.21057140e-03   2.46674053e-02  -3.98050568e-04   1.53906577e-04  -6.00089880e-05
 1.52400000e+00   2.42927990e-03  -1.21057140e-03   2.46674053e-02  -3.97770024e-04   1.53798122e-04  -5.99667074e-05
 1.52500000e+00   2.42927990e-03  -1.21057140e-03   2.46674053e-02  -3.97489470e-04   1.53689663e-04  -5.99244251e-05
 1.52600000e+00   2.42927990e-03  -1.21057140e-03   2.46674053e-02  -3.97208919e-04   1.53581204e-04  -5.98821429e-05
 1.52700000e+00   2.42927990e-03  -1.21057140e-03   2.46674053e-02  -3.96926837e-04   1.53472154e-04  -5.98396296e-05
 1.52800000e+00   2.42927990e-03  -1.21057140e-03   2.46674053e-02  -3.96644607e-04   1.53363045e-04  -5.97970936e-05
 1.52900000e+00   2.42927990e-03  -1.21057140e-03   2.46674053e-02  -3.96362381e-04   1.53253938e-04  -5.97545579e-05
 1.53000000e+00   2.42927990e-03  -1.21057140e-03   2.46674053e-02  -3.96080156e-04   1.53144830e-04  -5.97120220e-05
 1.53100000e+00   2.42927990e-03  -1.21057140e-03   2.46674053e-02  -3.95797179e-04   1.53035432e-04  -5.96693725e-05
 1.53200000e+00   2.42927990e-03  -1.21057140e-03   2.46674053e-02  -3.95513618e-04   1.52925807e-04  -5.96266345e-05
 1.53300000e+00   2.42927990e-03  -1.21057140e-03   2.46674053e-02  -3.95230060e-04   1.52816183e-04  -5.95838968e-05
 1.53400000e+00   2.42927990e-03  -1.21057140e-03   2.46674053e-02  -3.94946504e-04   1.52706560e-04  -5.95411590e-05
 1.53500000e+00   2.42927990e-03  -1.21057140e-03   2.46674053e-02  -3.94662712e-04   1.52596844e-04  -5.94983854e-05
 1.53600000e+00   2.42927990e-03  -1.21057140e-03   2.46674053e-02  -3.94378102e-04   1.52486812e-04  -5.94554881e-05
 1.53700000e+00   2.42927990e-03  -1.21057140e-03   2.46674053e-02  -3.94093486e-04   1.52376778e-04  -5.94125894e-05
 1.53800000e+00   2.42927990e-03  -1.21057140e-03   2.46674053e-02  -3.93808872e-04   1.52266743e-04  -5.93696907e-05
 1.53900000e+00   2.42927990e-03  -1.21057140e-03   2.46674053e-02  -3.93524254e-04   1.52156707e-04  -5.93267914e-05
 1.54000000e+00   2.42927990e-03  -1.21057140e-03   2.46674053e-02  -3.93239135e-04   1.52046476e-04  -5.92838160e-05
 1.54100000e+00   2.42927990e-03  -1.21057140e-03   2.46674053e-02  -3.92953935e-04   1.51936214e-04  -5.92408281e-05
 1.54200000e+00   2.42927990e-03  -1.21057140e-03   2.46674053e-02  -3.92668741e-04   1.51825954e-04  -5.91978407e-05
 1.54300000e+00   2.42927990e-03  -1.21057140e-03   2.46674053e-02  -3.92383539e-04   1.51715690e-04  -5.91548518e-05
 1.54400000e+00   2.42927990e-03  -1.21057140e-03   2.46674053e-02  -3.92098197e-04   1.51605371e-04  -5.91118415e-05
 1.54500000e+00   2.42927990e-03  -1.21057140e-03   2.46674053e-02  -3.91812713e-04   1.51494997e-04  -5.90688094e-05
 1.54600000e+00   2.42927990e-03  -1.21057140e-03   2.46674053e-02  -3.91527228e-04   1.51384623e-04  -5.90257769e-05
 1.54700000e+00   2.42927990e-03  -1.21057140e-03   2.46674053e-02  -3.91241744e-04   1.51274248e-04  -5.89827442e-05
 1.54800000e+00   2.42927990e-03  -1.21057140e-03   2.46674053e-02  -3.90956265e-04   1.51163875e-04  -5.89397121e-05
 1.54900000e+00   2.42927990e-03  -1.21057140e-03   2.46674053e-02  -3.90670828e-04   1.51053518e-04  -5.88966857e-05
 1.55000000e+00   2.42927990e-03  -1.21057140e-03   2.46674053e-02  -3.90385389e-04   1.50943159e-04  -5.88536587e-05
 1.55100000e+00   2.42927990e-03  -1.21057140e-03   2.46674053e-02  -3.90099950e-04   1.50832800e-04  -5.88106315e-05
 1.55200000e+00   2.42927990e-03  -1.21057140e-03   2.46674053e-02  -3.89814512e-04   1.50722441e-04  -5.87676041e-05
 1.55300000e+00   2.42927990e-03  -1.21057140e-03   2.46674053e-02  -3.89529410e-04   1.50612211e-04  -5.87246270e-05
 1.55400000e+00   2.42927990e-03  -1.21057140e-03   2.46674053e-02  -3.89244378e-04   1.50502009e-04  -5.86816602e-05
 1.55500000e+00   2.42927990e-03  -1.21057140e-03   2.46674053e-02  -3.88959347e-04   1.50391806e-04  -5.86386931e-05
 1.55600000e+00   2.42927990e-03  -1.21057140e-03   2.46674053e-02  -3.88674316e-04   1.50281602e-04  -5.85957258e-05
 1.55700000e+00   2.42927990e-03  -1.21057140e-03   2.46674053e-02  -3.88389640e-04   1.50171536e-04  -5.85528115e-05
 1.55800000e+00   2.42927990e-03  -1.21057140e-03   2.46674053e-02  -3.88105351e-04   1.50061618e-04  -5.85099553e-05
 1.55900000e+00   2.42927990e-03  -1.21057140e-03   2.46674053e-02  -3.87821061e-04   1.49951700e-04  -5.84670987e-05
 1.56000000e+00   2.42927990e-03  -1.21057140e-03   2.46674053e-02  -3.87536773e-04   1.49841782e-04  -5.84242419e-05
 1.56100000e+00   2.42927990e-03  -1.21057140e-03   2.46674053e-02  -3.87252618e-04   1.49731915e-04  -5.83814050e-05
 1.56200000e+00   2.42927990e-03  -1.21057140e-03   2.46674053e-02  -3.86969360e-04   1.49622395e-04  -5.83387028e-05
 1.56300000e+00   2.42927990e-03  -1.21057140e-03   2.46674053e-02  -3.86686101e-04   1.49512874e-04  -5.82960003e-05
 1.56400000e+00   2.42927990e-03  -1.21057140e-03   2.46674053e-02  -3.86402844e-04   1.49403352e-04  -5.82532976e-05
 1.56500000e+00   2.42927990e-03  -1.21057140e-03   2.46674053e-02  -3.86119585e-04   1.49293831e-04  -5.82105945e-05
 1.56600000e+00   2.42927990e-03  -1.21057140e-03   2.46674053e-02  -3.85837505e-04   1.49184764e-04  -5.81680686e-05
 1.56700000e+00   2.42927990e-03  -1.21057140e-03   2.46674053e-02  -3.85555750e-04   1.49075822e-04  -5.81255914e-05
 1.56800000e+00   2.42927990e-03  -1.21057140e-03   2.46674053e-02  -3.85273995e-04   1.48966880e-04  -5.80831139e-05
 1.56900000e+00   2.42927990e-03  -1.21057140e-03   2.46674053e-02  -3.84992240e-04   1.48857938e-04  -5.80406362e-05
 1.57000000e+00   2.42927990e-03  -1.21057140e-03   2.46674053e-02  -3.84711263e-04   1.48749296e-04  -5.79982752e-05
 1.57100000e+00   2.42927990e-03  -1.21057140e-03   2.46674053e-02  -3.84431294e-04   1.48641043e-04  -5.79560660e-05
 1.57200000e+00   2.42927990e-03  -1.21057140e-03   2.46674053e-02  -3.84151328e-04   1.48532791e-04  -5.79138569e-05
 1.57300000e+00   2.42927990e-03  -1.21057140e-03   2.46674053e-02  -3.83871361e-04   1.48424538e-04  -5.78716472e-05
 1.57400000e+00   2.42927990e-03  -1.21057140e-03   2.46674053e-02  -3.83591578e-04   1.48316356e-04  -5.78294651e-05
 1.57500000e+00   2.42927990e-03  -1.21057140e-03   2.46674053e-02  -3.83313727e-04   1.48208921e-04  -5.77875738e-05
 1.57600000e+00   2.42927990e-03  -1.21057140e-03   2.46674053e-02  -3.83035877e-04   1.48101485e-04  -5.77456822e-05
 1.57700000e+00   2.42927990e-03  -1.21057140e-03   2.46674053e-02  -3.82758026e-04   1.47994049e-04  -5.77037904e-05
 1.57800000e+00   2.42927990e-03  -1.21057140e-03   2.46674053e-02  -3.82480176e-04   1.47886612e-04  -5.76618983e-05
 1.57900000e+00   2.42927990e-03  -1.21057140e-03   2.46674053e-02  -3.82204149e-04   1.47779880e-04  -5.76202807e-05
 1.58000000e+00   2.42927990e-03  -1.21057140e-03   2.46674053e-02  -3.81928766e-04   1.47673397e-04  -5.75787598e-05
 1.58100000e+00   2.42927990e-03  -1.21057140e-03   2.46674053e-02  -3.81653384e-04   1.47566913e-04  -5.75372386e-05
 1.58200000e+00   2.42927990e-03  -1.21057140e-03   2.46674053e-02  -3.81378001e-04   1.47460429e-04  -5.74957172e-05
 1.58300000e+00   2.42927990e-03  -1.21057140e-03   2.46674053e-02  -3.81103710e-04   1.47354366e-04  -5.74543601e-05
 1.58400000e+00   2.42927990e-03  -1.21057140e-03   2.46674053e-02  -3.80831122e-04   1.47248962e-04  -5.74132591e-05
 1.58500000e+00   2.42927990e-03  -1.21057140e-03   2.46674053e-02  -3.80558531e-04   1.47143556e-04  -5.73721575e-05
 1.58600000e+00   2.42927990e-03  -1.21057140e-03   2.46674053e-02  -3.80285943e-04   1.47038150e-04  -5.73310561e-05
 1.58700000e+00   2.42927990e-03  -1.21057140e-03   2.46674053e-02  -3.80013486e-04   1.46932795e-04  -5.72899741e-05
 1.58800000e+00   2.42927990e-03  -1.21057140e-03   2.46674053e-02  -3.79743968e-04   1.46828576e-04  -5.72493347e-05
 1.58900000e+00   2.42927990e-03  -1.21057140e-03   2.46674053e-02  -3.79474450e-04   1.46724356e-04  -5.72086950e-05
 1.59000000e+00   2.42927990e-03  -1.21057140e-03   2.46674053e-02  -3.79204932e-04   1.46620136e-04  -5.71680551e-05
 1.59100000e+00   2.42927990e-03  -1.21057140e-03   2.46674053e-02  -3.78935415e-04   1.46515916e-04  -5.71274149e-05
 1.59200000e+00   2.42927990e-03  -1.21057140e-03   2.46674053e-02  -3.78668347e-04   1.46412642e-04  -5.70871437e-05
 1.59300000e+00   2.42927990e-03  -1.21057140e-03   2.46674053e-02  -3.78402348e-04   1.46309782e-04  -5.70470332e-05
 1.59400000e+00   2.42927990e-03  -1.21057140e-03   2.46674053e-02  -3.78136350e-04   1.46206921e-04  -5.70069226e-05
 1.59500000e+00   2.42927990e-03  -1.21057140e-03   2.46674053e-02  -3.77870352e-04   1.46104060e-04  -5.69668117e-05
 1.59600000e+00   2.42927990e-03  -1.21057140e-03   2.46674053e-02  -3.77605670e-04   1.46001707e-04  -5.69268990e-05
 1.59700000e+00   2.42927990e-03  -1.21057140e-03   2.46674053e-02  -3.77343456e-04   1.45900308e-04  -5.68873578e-05
 1.59800000e+00   2.42927990e-03  -1.21057140e-03   2.46674053e-02  -3.77081243e-04   1.45798909e-04  -5.68478164e-05
 1.59900000e+00   2.42927990e-03  -1.21057140e-03   2.46674053e-02  -3.76819027e-04   1.45697509e-04  -5.68082744e-05
 1.60000000e+00   2.42927990e-03  -1.21057140e-03   2.46674053e-02  -3.76556813e-04   1.45596108e-04  -5.67687324e-05
 1.60100000e+00   2.42927990e-03  -1.21057140e-03   2.46674053e-02  -3.76298696e-04   1.45496292e-04  -5.67298077e-05
 1.60200000e+00   2.42927990e-03  -1.21057140e-03   2.46674053e-02  -3.76040580e-04   1.45396475e-04  -5.66908827e-05
 1.60300000e+00   2.42927990e-03  -1.21057140e-03   2.46674053e-02  -3.75782465e-04   1.45296659e-04  -5.66519576e-05
 1.60400000e+00   2.42927990e-03  -1.21057140e-03   2.46674053e-02  -3.75524348e-04   1.45196841e-04  -5.66130321e-05
 1.60500000e+00   2.42927990e-03  -1.21057140e-03   2.46674053e-02  -3.75269112e-04   1.45098137e-04  -5.65745404e-05
 1.60600000e+00   2.42927990e-03  -1.21057140e-03   2.46674053e-02  -3.75015409e-04   1.45000025e-04  -5.65362793e-05
 1.60700000e+00   2.42927990e-03  -1.21057140e-03   2.46674053e-02  -3.74761708e-04   1.44901913e-04  -5.64980184e-05
 1.60800000e+00   2.42927990e-03  -1.21057140e-03   2.46674053e-02  -3.74508005e-04   1.44803801e-04  -5.64597570e-05
 1.60900000e+00   2.42927990e-03  -1.21057140e-03   2.46674053e-02  -3.74255724e-04   1.44706237e-04  -5.64217095e-05
 1.61000000e+00   2.42927990e-03  -1.21057140e-03   2.46674053e-02  -3.74006692e-04   1.44609929e-04  -5.63841515e-05
 1.61100000e+00   2.42927990e-03  -1.21057140e-03   2.46674053e-02  -3.73757660e-04   1.44513622e-04  -5.63465932e-05
 1.61200000e+00   2.42927990e-03  -1.21057140e-03   2.46674053e-02  -3.73508630e-04   1.44417314e-04  -5.63090350e-05
 1.61300000e+00   2.42927990e-03  -1.21057140e-03   2.46674053e-02  -3.73259599e-04   1.44321006e-04  -5.62714763e-05
 1.61400000e+00   2.42927990e-03  -1.21057140e-03   2.46674053e-02  -3.73015434e-04   1.44226578e-04  -5.62346508e-05
 1.61500000e+00   2.42927990e-03  -1.21057140e-03   2.46674053e-02  -3.72771486e-04   1.44132235e-04  -5.61978577e-05
 1.61600000e+00   2.42927990e-03  -1.21057140e-03   2.46674053e-02  -3.72527540e-04   1.44037891e-04  -5.61610646e-05
 1.61700000e+00   2.42927990e-03  -1.21057140e-03   2.46674053e-02  -3.72283596e-04   1.43943548e-04  -5.61242715e-05
 1.61800000e+00   2.42927990e-03  -1.21057140e-03   2.46674053e-02  -3.72042896e-04   1.43850459e-04  -5.60879672e-05
 1.61900000e+00   2.42927990e-03  -1.21057140e-03   2.46674053e-02  -3.71804281e-04   1.43758175e-04  -5.60519770e-05
 1.62000000e+00   2.42927990e-03  -1.21057140e-03   2.46674053e-02  -3.71565666e-04   1.43665892e-04  -5.60159863e-05
 1.62100000e+00   2.42927990e-03  -1.21057140e-03   2.46674053e-02  -3.71327052e-04   1.43573608e-04  -5.59799956e-05
 1.62200000e+00   2.42927990e-03  -1.21057140e-03   2.46674053e-02  -3.71089901e-04   1.43481889e-04  -5.59442252e-05
 1.62300000e+00   2.42927990e-03  -1.21057140e-03   2.46674053e-02  -3.70856896e-04   1.43391774e-04  -5.59090794e-05
 1.62400000e+00   2.42927990e-03  -1.21057140e-03   2.46674053e-02  -3.70623891e-04   1.43301657e-04  -5.58739332e-05
 1.62500000e+00   2.42927990e-03  -1.21057140e-03   2.46674053e-02  -3.70390886e-04   1.43211540e-04  -5.58387869e-05
 1.62600000e+00   2.42927990e-03  -1.21057140e-03   2.46674053e-02  -3.70157881e-04   1.43121423e-04  -5.58036404e-05
 1.62700000e+00   2.42927990e-03  -1.21057140e-03   2.46674053e-02  -3.69930263e-04   1.43033389e-04  -5.57693056e-05
 1.62800000e+00   2.42927990e-03  -1.21057140e-03   2.46674053e-02  -3.69703159e-04   1.42945553e-04  -5.57350479e-05
 1.62900000e+00   2.42927990e-03  -1.21057140e-03   2.46674053e-02  -3.69476057e-04   1.42857717e-04  -5.57007903e-05
 1.63000000e+00   2.42927990e-03  -1.21057140e-03   2.46674053e-02  -3.69248954e-04   1.42769881e-04  -5.56665324e-05
 1.63100000e+00   2.42927990e-03  -1.21057140e-03   2.46674053e-02  -3.69025339e-04   1.42683392e-04  -5.56327999e-05
 1.63200000e+00   2.42927990e-03  -1.21057140e-03   2.46674053e-02  -3.68804413e-04   1.42597943e-04  -5.55994724e-05
 1.63300000e+00   2.42927990e-03  -1.21057140e-03   2.46674053e-02  -3.68583487e-04   1.42512494e-04  -5.55661446e-05
 1.63400000e+00   2.42927990e-03  -1.21057140e-03   2.46674053e-02  -3.68362560e-04   1.42427044e-04  -5.55328166e-05
 1.63500000e+00   2.42927990e-03  -1.21057140e-03   2.46674053e-02  -3.68143024e-04   1.42342131e-04  -5.54996980e-05
 1.63600000e+00   2.42927990e-03  -1.21057140e-03   2.46674053e-02  -3.67928496e-04   1.42259155e-04  -5.54673340e-05
 1.63700000e+00   2.42927990e-03  -1.21057140e-03   2.46674053e-02  -3.67713970e-04   1.42176178e-04  -5.54349699e-05
 1.63800000e+00   2.42927990e-03  -1.21057140e-03   2.46674053e-02  -3.67499442e-04   1.42093201e-04  -5.54026055e-05
 1.63900000e+00   2.42927990e-03  -1.21057140e-03   2.46674053e-02  -3.67284914e-04   1.42010223e-04  -5.53702407e-05
 1.64000000e+00   2.42927990e-03  -1.21057140e-03   2.46674053e-02  -3.67076267e-04   1.41929519e-04  -5.53387622e-05
 1.64100000e+00   2.42927990e-03  -1.21057140e-03   2.46674053e-02  -3.66868495e-04   1.41849153e-04  -5.53074153e-05
 1.64200000e+00   2.42927990e-03  -1.21057140e-03   2.46674053e-02  -3.66660724e-04   1.41768786e-04  -5.52760682e-05
 1.64300000e+00   2.42927990e-03  -1.21057140e-03   2.46674053e-02  -3.66452953e-04   1.41688420e-04  -5.52447210e-05
 1.64400000e+00   2.42927990e-03  -1.21057140e-03   2.46674053e-02  -3.66248813e-04   1.41609457e-04  -5.52139210e-05
 1.64500000e+00   2.42927990e-03  -1.21057140e-03   2.46674053e-02  -3.66048004e-04   1.41531781e-04  -5.51836227e-05
 1.64600000e+00   2.42927990e-03  -1.21057140e-03   2.46674053e-02  -3.65847191e-04   1.41454104e-04  -5.51533235e-05
 1.64700000e+00   2.42927990e-03  -1.21057140e-03   2.46674053e-02  -3.65646381e-04   1.41376427e-04  -5.51230247e-05
 1.64800000e+00   2.42927990e-03  -1.21057140e-03   2.46674053e-02  -3.65446822e-04   1.41299235e-04  -5.50929143e-05
 1.64900000e+00   2.42927990e-03  -1.21057140e-03   2.46674053e-02  -3.65253213e-04   1.41224341e-04  -5.50637003e-05
 1.65000000e+00   2.42927990e-03  -1.21057140e-03   2.46674053e-02  -3.65059602e-04   1.41149447e-04  -5.50344859e-05
 1.65100000e+00   2.42927990e-03  -1.21057140e-03   2.46674053e-02  -3.64865992e-04   1.41074553e-04  -5.50052714e-05
 1.65200000e+00   2.42927990e-03  -1.21057140e-03   2.46674053e-02  -3.64672383e-04   1.40999659e-04  -5.49760568e-05
 1.65300000e+00   2.42927990e-03  -1.21057140e-03   2.46674053e-02  -3.64484923e-04   1.40927143e-04  -5.49477690e-05
 1.65400000e+00   2.42927990e-03  -1.21057140e-03   2.46674053e-02  -3.64298758e-04   1.40855126e-04  -5.49196761e-05
 1.65500000e+00   2.42927990e-03  -1.21057140e-03   2.46674053e-02  -3.64112592e-04   1.40783109e-04  -5.48915828e-05
 1.65600000e+00   2.42927990e-03  -1.21057140e-03   2.46674053e-02  -3.63926427e-04   1.40711092e-04  -5.48634895e-05
 1.65700000e+00   2.42927990e-03  -1.21057140e-03   2.46674053e-02  -3.63743928e-04   1.40640492e-04  -5.48359485e-05
 1.65800000e+00   2.42927990e-03  -1.21057140e-03   2.46674053e-02  -3.63565431e-04   1.40571440e-04  -5.48090106e-05
 1.65900000e+00   2.42927990e-03  -1.21057140e-03   2.46674053e-02  -3.63386935e-04   1.40502386e-04  -5.47820725e-05
 1.66000000e+00   2.42927990e-03  -1.21057140e-03   2.46674053e-02  -3.63208438e-04   1.40433333e-04  -5.47551342e-05
 1.66100000e+00   2.42927990e-03  -1.21057140e-03   2.46674053e-02  -3.63030963e-04   1.40364675e-04  -5.47283497e-05
 1.66200000e+00   2.42927990e-03  -1.21057140e-03   2.46674053e-02  -3.62860310e-04   1.40298653e-04  -5.47025934e-05
 1.66300000e+00   2.42927990e-03  -1.21057140e-03   2.46674053e-02  -3.62689656e-04   1.40232631e-04  -5.46768367e-05
 1.66400000e+00   2.42927990e-03  -1.21057140e-03   2.46674053e-02  -3.62519005e-04   1.40166611e-04  -5.46510803e-05
 1.66500000e+00   2.42927990e-03  -1.21057140e-03   2.46674053e-02  -3.62348353e-04   1.40100589e-04  -5.46253234e-05
 1.66600000e+00   2.42927990e-03  -1.21057140e-03   2.46674053e-02  -3.62184071e-04   1.40037030e-04  -5.46005266e-05
 1.66700000e+00   2.42927990e-03  -1.21057140e-03   2.46674053e-02  -3.62021555e-04   1.39974153e-04  -5.45759958e-05
 1.66800000e+00   2.42927990e-03  -1.21057140e-03   2.46674053e-02  -3.61859039e-04   1.39911276e-04  -5.45514648e-05
 1.66900000e+00   2.42927990e-03  -1.21057140e-03   2.46674053e-02  -3.61696522e-04   1.39848399e-04  -5.45269335e-05
 1.67000000e+00   2.42927990e-03  -1.21057140e-03   2.46674053e-02  -3.61537612e-04   1.39786916e-04  -5.45029458e-05
 1.67100000e+00   2.42927990e-03  -1.21057140e-03   2.46674053e-02  -3.61383385e-04   1.39727243e-04  -5.44796637e-05
 1.67200000e+00   2.42927990e-03  -1.21057140e-03   2.46674053e-02  -3.61229160e-04   1.39667571e-04  -5.44563818e-05
 1.67300000e+00   2.42927990e-03  -1.21057140e-03   2.46674053e-02  -3.61074934e-04   1.39607898e-04  -5.44330994e-05
 1.67400000e+00   2.42927990e-03  -1.21057140e-03   2.46674053e-02  -3.60921445e-04   1.39548509e-04  -5.44099281e-05
 1.67500000e+00   2.42927990e-03  -1.21057140e-03   2.46674053e-02  -3.60775698e-04   1.39492114e-04  -5.43879236e-05
 1.67600000e+00   2.42927990e-03  -1.21057140e-03   2.46674053e-02  -3.60629951e-04   1.39435719e-04  -5.43659188e-05
 1.67700000e+00   2.42927990e-03  -1.21057140e-03   2.46674053e-02  -3.60484205e-04   1.39379323e-04  -5.43439140e-05
 1.67800000e+00   2.42927990e-03  -1.21057140e-03   2.46674053e-02  -3.60338457e-04   1.39322927e-04  -5.43219089e-05
 1.67900000e+00   2.42927990e-03  -1.21057140e-03   2.46674053e-02  -3.60199103e-04   1.39269003e-04  -5.43008673e-05
 1.68000000e+00   2.42927990e-03  -1.21057140e-03   2.46674053e-02  -3.60062009e-04   1.39215952e-04  -5.42801663e-05
 1.68100000e+00   2.42927990e-03  -1.21057140e-03   2.46674053e-02  -3.59924914e-04   1.39162901e-04  -5.42594648e-05
 1.68200000e+00   2.42927990e-03  -1.21057140e-03   2.46674053e-02  -3.59787819e-04   1.39109849e-04  -5.42387633e-05
 1.68300000e+00   2.42927990e-03  -1.21057140e-03   2.46674053e-02  -3.59654176e-04   1.39058132e-04  -5.42185819e-05
 1.68400000e+00   2.42927990e-03  -1.21057140e-03   2.46674053e-02  -3.59525908e-04   1.39008492e-04  -5.41992106e-05
 1.68500000e+00   2.42927990e-03  -1.21057140e-03   2.46674053e-02  -3.59397640e-04   1.38958853e-04  -5.41798392e-05
 1.68600000e+00   2.42927990e-03  -1.21057140e-03   2.46674053e-02  -3.59269372e-04   1.38909213e-04  -5.41604676e-05
 1.68700000e+00   2.42927990e-03  -1.21057140e-03   2.46674053e-02  -3.59141490e-04   1.38859722e-04  -5.41411540e-05
 1.68800000e+00   2.42927990e-03  -1.21057140e-03   2.46674053e-02  -3.59022176e-04   1.38813545e-04  -5.41231319e-05
 1.68900000e+00   2.42927990e-03  -1.21057140e-03   2.46674053e-02  -3.58902863e-04   1.38767366e-04  -5.41051097e-05
 1.69000000e+00   2.42927990e-03  -1.21057140e-03   2.46674053e-02  -3.58783549e-04   1.38721188e-04  -5.40870873e-05
 1.69100000e+00   2.42927990e-03  -1.21057140e-03   2.46674053e-02  -3.58664237e-04   1.38675010e-04  -5.40690648e-05
 1.69200000e+00   2.42927990e-03  -1.21057140e-03   2.46674053e-02  -3.58551290e-04   1.38631293e-04  -5.40520020e-05
 1.69300000e+00   2.42927990e-03  -1.21057140e-03   2.46674053e-02  -3.58441125e-04   1.38588651e-04  -5.40353582e-05
 1.69400000e+00   2.42927990e-03  -1.21057140e-03   2.46674053e-02  -3.58330960e-04   1.38546009e-04  -5.40187143e-05
 1.69500000e+00   2.42927990e-03  -1.21057140e-03   2.46674053e-02  -3.58220796e-04   1.38503367e-04  -5.40020703e-05
 1.69600000e+00   2.42927990e-03  -1.21057140e-03   2.46674053e-02  -3.58113854e-04   1.38461971e-04  -5.39859120e-05
 1.69700000e+00   2.42927990e-03  -1.21057140e-03   2.46674053e-02  -3.58012953e-04   1.38422910e-04  -5.39706641e-05
 1.69800000e+00   2.42927990e-03  -1.21057140e-03   2.46674053e-02  -3.57912051e-04   1.38383848e-04  -5.39554160e-05
 1.69900000e+00   2.42927990e-03  -1.21057140e-03   2.46674053e-02  -3.57811150e-04   1.38344787e-04  -5.39401679e-05
 1.70000000e+00   2.42927990e-03  -1.21057140e-03   2.46674053e-02  -3.57710249e-04   1.38305726e-04  -5.39249196e-05
 1.70100000e+00   2.42927990e-03  -1.21057140e-03   2.46674053e-02  -3.57618727e-04   1.38270291e-04  -5.39110852e-05
 1.70200000e+00   2.42927990e-03  -1.21057140e-03   2.46674053e-02  -3.57527206e-04   1.38234856e-04  -5.38972507e-05
 1.70300000e+00   2.42927990e-03  -1.21057140e-03   2.46674053e-02  -3.57435685e-04   1.38199420e-04  -5.38834160e-05
 1.70400000e+00   2.42927990e-03  -1.21057140e-03   2.46674053e-02  -3.57344164e-04   1.38163985e-04  -5.38695812e-05
 1.70500000e+00   2.42927990e-03  -1.21057140e-03   2.46674053e-02  -3.57258836e-04   1.38130944e-04  -5.38566799e-05
 1.70600000e+00   2.42927990e-03  -1.21057140e-03   2.46674053e-02  -3.57176813e-04   1.38099180e-04  -5.38442767e-05
 1.70700000e+00   2.42927990e-03  -1.21057140e-03   2.46674053e-02  -3.57094791e-04   1.38067417e-04  -5.38318734e-05
 1.70800000e+00   2.42927990e-03  -1.21057140e-03   2.46674053e-02  -3.57012768e-04   1.38035654e-04  -5.38194700e-05
 1.70900000e+00   2.42927990e-03  -1.21057140e-03   2.46674053e-02  -3.56933656e-04   1.38005015e-04  -5.38075053e-05
 1.71000000e+00   2.42927990e-03  -1.21057140e-03   2.46674053e-02  -3.56861209e-04   1.37976953e-04  -5.37965451e-05
 1.71100000e+00   2.42927990e-03  -1.21057140e-03   2.46674053e-02  -3.56788761e-04   1.37948891e-04  -5.37855847e-05
 1.71200000e+00   2.42927990e-03  -1.21057140e-03   2.46674053e-02  -3.56716313e-04   1.37920829e-04  -5.37746242e-05
 1.71300000e+00   2.42927990e-03  -1.21057140e-03   2.46674053e-02  -3.56643865e-04   1.37892767e-04  -5.37636636e-05
 1.71400000e+00   2.42927990e-03  -1.21057140e-03   2.46674053e-02  -3.56580695e-04   1.37868291e-04  -5.37541014e-05
 1.71500000e+00   2.42927990e-03  -1.21057140e-03   2.46674053e-02  -3.56517941e-04   1.37843977e-04  -5.37446020e-05
 1.71600000e+00   2.42927990e-03  -1.21057140e-03   2.46674053e-02  -3.56455187e-04   1.37819662e-04  -5.37351025e-05
 1.71700000e+00   2.42927990e-03  -1.21057140e-03   2.46674053e-02  -3.56392433e-04   1.37795348e-04  -5.37256029e-05
 1.71800000e+00   2.42927990e-03  -1.21057140e-03   2.46674053e-02  -3.56335627e-04   1.37773332e-04  -5.37169998e-05
 1.71900000e+00   2.42927990e-03  -1.21057140e-03   2.46674053e-02  -3.56282640e-04   1.37752793e-04  -5.37089722e-05
 1.72000000e+00   2.42927990e-03  -1.21057140e-03   2.46674053e-02  -3.56229652e-04   1.37732254e-04  -5.37009445e-05
 1.72100000e+00   2.42927990e-03  -1.21057140e-03   2.46674053e-02  -3.56176664e-04   1.37711715e-04  -5.36929167e-05
 1.72200000e+00   2.42927990e-03  -1.21057140e-03   2.46674053e-02  -3.56126240e-04   1.37692167e-04  -5.36852752e-05
 1.72300000e+00   2.42927990e-03  -1.21057140e-03   2.46674053e-02  -3.56083070e-04   1.37675423e-04  -5.36787273e-05
 1.72400000e+00   2.42927990e-03  -1.21057140e-03   2.46674053e-02  -3.56039901e-04   1.37658680e-04  -5.36721794e-05
 1.72500000e+00   2.42927990e-03  -1.21057140e-03   2.46674053e-02  -3.55996732e-04   1.37641937e-04  -5.36656315e-05
 1.72600000e+00   2.42927990e-03  -1.21057140e-03   2.46674053e-02  -3.55953562e-04   1.37625193e-04  -5.36590833e-05
 1.72700000e+00   2.42927990e-03  -1.21057140e-03   2.46674053e-02  -3.55919413e-04   1.37611937e-04  -5.36538950e-05
 1.72800000e+00   2.42927990e-03  -1.21057140e-03   2.46674053e-02  -3.55886122e-04   1.37599012e-04  -5.36488358e-05
 1.72900000e+00   2.42927990e-03  -1.21057140e-03   2.46674053e-02  -3.55852833e-04   1.37586088e-04  -5.36437770e-05
 1.73000000e+00   2.42927990e-03  -1.21057140e-03   2.46674053e-02  -3.55819543e-04   1.37573164e-04  -5.36387179e-05
 1.73100000e+00   2.42927990e-03  -1.21057140e-03   2.46674053e-02  -3.55791853e-04   1.37562405e-04  -5.36345030e-05
 1.73200000e+00   2.42927990e-03  -1.21057140e-03   2.46674053e-02  -3.55768477e-04   1.37553314e-04  -5.36309383e-05
 1.73300000e+00   2.42927990e-03  -1.21057140e-03   2.46674053e-02  -3.55745100e-04   1.37544222e-04  -5.36273735e-05
 1.73400000e+00   2.42927990e-03  -1.21057140e-03   2.46674053e-02  -3.55721724e-04   1.37535131e-04  -5.36238087e-05
 1.73500000e+00   2.42927990e-03  -1.21057140e-03   2.46674053e-02  -3.55700505e-04   1.37526873e-04  -5.36205690e-05
 1.73600000e+00   2.42927990e-03  -1.21057140e-03   2.46674053e-02  -3.55687070e-04   1.37521626e-04  -5.36185027e-05
 1.73700000e+00   2.42927990e-03  -1.21057140e-03   2.46674053e-02  -3.55673635e-04   1.37516378e-04  -5.36164364e-05
 1.73800000e+00   2.42927990e-03  -1.21057140e-03   2.46674053e-02  -3.55660200e-04   1.37511130e-04  -5.36143700e-05
 1.73900000e+00   2.42927990e-03  -1.21057140e-03   2.46674053e-02  -3.55646765e-04   1.37505882e-04  -5.36123036e-05
 1.74000000e+00   2.42927990e-03  -1.21057140e-03   2.46674053e-02  -3.55663719e-04   1.37512326e-04  -5.36147743e-05
 1.74100000e+00   2.42927990e-03  -1.21057140e-03   2.46674053e-02  -3.55685212e-04   1.37520475e-04  -5.36178903e-05
 1.74200000e+00   2.42927990e-03  -1.21057140e-03   2.46674053e-02  -3.55706718e-04   1.37528590e-04  -5.36209787e-05
 1.74300000e+00   2.42927990e-03  -1.21057140e-03   2.46674053e-02  -3.55728236e-04   1.37536680e-04  -5.36240458e-05
 1.74400000e+00   2.42927990e-03  -1.21057140e-03   2.46674053e-02  -3.55807407e-04   1.37566993e-04  -5.36357515e-05
 1.74500000e+00   2.42927990e-03  -1.21057140e-03   2.46674053e-02  -3.55939366e-04   1.37617624e-04  -5.36553444e-05
 1.74600000e+00   2.42927990e-03  -1.21057140e-03   2.46674053e-02  -3.56071342e-04   1.37668190e-04  -5.36748850e-05
 1.74700000e+00   2.42927990e-03  -1.21057140e-03   2.46674053e-02  -3.56203339e-04   1.37718707e-04  -5.36943847e-05
 1.74800000e+00   2.42927990e-03  -1.21057140e-03   2.46674053e-02  -3.56369456e-04   1.37782370e-04  -5.37189918e-05
 1.74900000e+00   2.42927990e-03  -1.21057140e-03   2.46674053e-02  -3.56697440e-04   1.37908579e-04  -5.37679715e-05
 1.75000000e+00   2.42927990e-03  -1.21057140e-03   2.46674053e-02  -3.57025437e-04   1.38034761e-04  -5.38169276e-05
 1.75100000e+00   2.42927990e-03  -1.21057140e-03   2.46674053e-02  -3.57353447e-04   1.38160918e-04  -5.38658631e-05
 1.75200000e+00   2.42927990e-03  -1.21057140e-03   2.46674053e-02  -3.57681468e-04   1.38287052e-04  -5.39147794e-05
 1.75300000e+00   2.42927990e-03  -1.21057140e-03   2.46674053e-02  -3.58166000e-04   1.38473683e-04  -5.39872765e-05
 1.75400000e+00   2.42927990e-03  -1.21057140e-03   2.46674053e-02  -3.58683510e-04   1.38673049e-04  -5.40647331e-05
 1.75500000e+00   2.42927990e-03  -1.21057140e-03   2.46674053e-02  -3.59201027e-04   1.38872403e-04  -5.41421789e-05
 1.75600000e+00   2.42927990e-03  -1.21057140e-03   2.46674053e-02  -3.59718546e-04   1.39071744e-04  -5.42196137e-05
 1.75700000e+00   2.42927990e-03  -1.21057140e-03   2.46674053e-02  -3.60320545e-04   1.39303740e-04  -5.43097771e-05
 1.75800000e+00   2.42927990e-03  -1.21057140e-03   2.46674053e-02  -3.61014802e-04   1.39571403e-04  -5.44138462e-05
 1.75900000e+00   2.42927990e-03  -1.21057140e-03   2.46674053e-02  -3.61709065e-04   1.39839066e-04  -5.45179130e-05
 1.76000000e+00   2.42927990e-03  -1.21057140e-03   2.46674053e-02  -3.62403324e-04   1.40106721e-04  -5.46219746e-05
 1.76100000e+00   2.42927990e-03  -1.21057140e-03   2.46674053e-02  -3.63118362e-04   1.40382406e-04  -5.47291654e-05
 1.76200000e+00   2.42927990e-03  -1.21057140e-03   2.46674053e-02  -3.63972461e-04   1.40711868e-04  -5.48573264e-05
 1.76300000e+00   2.42927990e-03  -1.21057140e-03   2.46674053e-02  -3.64826561e-04   1.41041335e-04  -5.49854912e-05
 1.76400000e+00   2.42927990e-03  -1.21057140e-03   2.46674053e-02  -3.65680652e-04   1.41370801e-04  -5.51136567e-05
 1.76500000e+00   2.42927990e-03  -1.21057140e-03   2.46674053e-02  -3.66534745e-04   1.41700270e-04  -5.52418233e-05
 1.76600000e+00   2.42927990e-03  -1.21057140e-03   2.46674053e-02  -3.67497221e-04   1.42071659e-04  -5.53863398e-05
 1.76700000e+00   2.42927990e-03  -1.21057140e-03   2.46674053e-02  -3.68489731e-04   1.42454676e-04  -5.55353950e-05
 1.76800000e+00   2.42927990e-03  -1.21057140e-03   2.46674053e-02  -3.69482239e-04   1.42837702e-04  -5.56844577e-05
 1.76900000e+00   2.42927990e-03  -1.21057140e-03   2.46674053e-02  -3.70474748e-04   1.43220737e-04  -5.58335269e-05
 1.77000000e+00   2.42927990e-03  -1.21057140e-03   2.46674053e-02  -3.71516924e-04   1.43622990e-04  -5.59900950e-05
 1.77100000e+00   2.42927990e-03  -1.21057140e-03   2.46674053e-02  -3.72623610e-04   1.44050210e-04  -5.61564059e-05
 1.77200000e+00   2.42927990e-03  -1.21057140e-03   2.46674053e-02  -3.73730288e-04   1.44477445e-04  -5.63227297e-05
 1.77300000e+00   2.42927990e-03  -1.21057140e-03   2.46674053e-02  -3.74836963e-04   1.44904693e-04  -5.64890638e-05
 1.77400000e+00   2.42927990e-03  -1.21057140e-03   2.46674053e-02  -3.75951196e-04   1.45334877e-04  -5.66565481e-05
 1.77500000e+00   2.42927990e-03  -1.21057140e-03   2.46674053e-02  -3.77144793e-04   1.45795780e-04  -5.68360213e-05
 1.77600000e+00   2.42927990e-03  -1.21057140e-03   2.46674053e-02  -3.78338401e-04   1.46256711e-04  -5.70155154e-05
 1.77700000e+00   2.42927990e-03  -1.21057140e-03   2.46674053e-02  -3.79531994e-04   1.46717658e-04  -5.71950230e-05
 1.77800000e+00   2.42927990e-03  -1.21057140e-03   2.46674053e-02  -3.80725580e-04   1.47178618e-04  -5.73745426e-05
 1.77900000e+00   2.42927990e-03  -1.21057140e-03   2.46674053e-02  -3.81961678e-04   1.47656048e-04  -5.75604957e-05
 1.78000000e+00   2.42927990e-03  -1.21057140e-03   2.46674053e-02  -3.83212820e-04   1.48139326e-04  -5.77487415e-05
 1.78100000e+00   2.42927990e-03  -1.21057140e-03   2.46674053e-02  -3.84463953e-04   1.48622628e-04  -5.79370062e-05
 1.78200000e+00   2.42927990e-03  -1.21057140e-03   2.46674053e-02  -3.85715070e-04   1.49105944e-04  -5.81252852e-05
 1.78300000e+00   2.42927990e-03  -1.21057140e-03   2.46674053e-02  -3.86976646e-04   1.49593333e-04  -5.83151627e-05
 1.78400000e+00   2.42927990e-03  -1.21057140e-03   2.46674053e-02  -3.88254495e-04   1.50087052e-04  -5.85075233e-05
 1.78500000e+00   2.42927990e-03  -1.21057140e-03   2.46674053e-02  -3.89532370e-04   1.50580812e-04  -5.86999119e-05
 1.78600000e+00   2.42927990e-03  -1.21057140e-03   2.46674053e-02  -3.90810197e-04   1.51074580e-04  -5.88923136e-05
 1.78700000e+00   2.42927990e-03  -1.21057140e-03   2.46674053e-02  -3.92087849e-04   1.51568303e-04  -5.90847070e-05
 1.78800000e+00   2.42927990e-03  -1.21057140e-03   2.46674053e-02  -3.93361269e-04   1.52060434e-04  -5.92764966e-05
 1.78900000e+00   2.42927990e-03  -1.21057140e-03   2.46674053e-02  -3.94634718e-04   1.52552612e-04  -5.94683180e-05
 1.79000000e+00   2.42927990e-03  -1.21057140e-03   2.46674053e-02  -3.95908103e-04   1.53044794e-04  -5.96601529e-05
 1.79100000e+00   2.42927990e-03  -1.21057140e-03   2.46674053e-02  -3.97181501e-04   1.53537007e-04  -5.98520093e-05
 1.79200000e+00   2.42927990e-03  -1.21057140e-03   2.46674053e-02  -3.98429608e-04   1.54019479e-04  -6.00400834e-05
 1.79300000e+00   2.42927990e-03  -1.21057140e-03   2.46674053e-02  -3.99666635e-04   1.54497708e-04  -6.02265181e-05
 1.79400000e+00   2.42927990e-03  -1.21057140e-03   2.46674053e-02  -4.00903662e-04   1.54975968e-04  -6.04129782e-05
 1.79500000e+00   2.42927990e-03  -1.21057140e-03   2.46674053e-02  -4.02140686e-04   1.55454256e-04  -6.05994595e-05
 1.79600000e+00   2.42927990e-03  -1.21057140e-03   2.46674053e-02  -4.03354540e-04   1.55923617e-04  -6.07824733e-05
 1.79700000e+00   2.42927990e-03  -1.21057140e-03   2.46674053e-02  -4.04525038e-04   1.56376257e-04  -6.09589842e-05
 1.79800000e+00   2.42927990e-03  -1.21057140e-03   2.46674053e-02  -4.05695510e-04   1.56828922e-04  -6.11355183e-05
 1.79900000e+00   2.42927990e-03  -1.21057140e-03   2.46674053e-02  -4.06865980e-04   1.57281616e-04  -6.13120755e-05
 1.80000000e+00   2.42927990e-03  -1.21057140e-03   2.46674053e-02  -4.08036445e-04   1.57734334e-04  -6.14886519e-05
 1.80100000e+00   2.42927990e-03  -1.21057140e-03   2.46674053e-02  -4.09111579e-04   1.58150237e-04  -6.16508917e-05
 1.80200000e+00   2.42927990e-03  -1.21057140e-03   2.46674053e-02  -4.10186712e-04   1.58566176e-04  -6.18131596e-05
 1.80300000e+00   2.42927990e-03  -1.21057140e-03   2.46674053e-02  -4.11261828e-04   1.58982138e-04  -6.19754488e-05
 1.80400000e+00   2.42927990e-03  -1.21057140e-03   2.46674053e-02  -4.12336932e-04   1.59398122e-04  -6.21377569e-05
 1.80500000e+00   2.42927990e-03  -1.21057140e-03   2.46674053e-02  -4.13332583e-04   1.59783423e-04  -6.22881157e-05
 1.80600000e+00   2.42927990e-03  -1.21057140e-03   2.46674053e-02  -4.14285852e-04   1.60152374e-04  -6.24321142e-05
 1.80700000e+00   2.42927990e-03  -1.21057140e-03   2.46674053e-02  -4.15239130e-04   1.60521359e-04  -6.25761382e-05
 1.80800000e+00   2.42927990e-03  -1.21057140e-03   2.46674053e-02  -4.16192401e-04   1.60890368e-04  -6.27201820e-05
 1.80900000e+00   2.42927990e-03  -1.21057140e-03   2.46674053e-02  -4.17101561e-04   1.61242351e-04  -6.28575984e-05
 1.81000000e+00   2.42927990e-03  -1.21057140e-03   2.46674053e-02  -4.17909699e-04   1.61555311e-04  -6.29798143e-05
 1.81100000e+00   2.42927990e-03  -1.21057140e-03   2.46674053e-02  -4.18717843e-04   1.61868303e-04  -6.31020545e-05
 1.81200000e+00   2.42927990e-03  -1.21057140e-03   2.46674053e-02  -4.19525963e-04   1.62181312e-04  -6.32243116e-05
 1.81300000e+00   2.42927990e-03  -1.21057140e-03   2.46674053e-02  -4.20334090e-04   1.62494346e-04  -6.33465876e-05
 1.81400000e+00   2.42927990e-03  -1.21057140e-03   2.46674053e-02  -4.20983936e-04   1.62746217e-04  -6.34450289e-05
 1.81500000e+00   2.42927990e-03  -1.21057140e-03   2.46674053e-02  -4.21626692e-04   1.62995374e-04  -6.35424236e-05
 1.81600000e+00   2.42927990e-03  -1.21057140e-03   2.46674053e-02  -4.22269417e-04   1.63244544e-04  -6.36398327e-05
 1.81700000e+00   2.42927990e-03  -1.21057140e-03   2.46674053e-02  -4.22912149e-04   1.63493738e-04  -6.37372596e-05
 1.81800000e+00   2.42927990e-03  -1.21057140e-03   2.46674053e-02  -4.23444630e-04   1.63700331e-04  -6.38180861e-05
 1.81900000e+00   2.42927990e-03  -1.21057140e-03   2.46674053e-02  -4.23906331e-04   1.63879582e-04  -6.38882626e-05
 1.82000000e+00   2.42927990e-03  -1.21057140e-03   2.46674053e-02  -4.24368021e-04   1.64058852e-04  -6.39584547e-05
 1.82100000e+00   2.42927990e-03  -1.21057140e-03   2.46674053e-02  -4.24829705e-04   1.64238139e-04  -6.40286612e-05
 1.82200000e+00   2.42927990e-03  -1.21057140e-03   2.46674053e-02  -4.25241163e-04   1.64398026e-04  -6.40913108e-05
 1.82300000e+00   2.42927990e-03  -1.21057140e-03   2.46674053e-02  -4.25510439e-04   1.64502961e-04  -6.41325435e-05
 1.82400000e+00   2.42927990e-03  -1.21057140e-03   2.46674053e-02  -4.25779711e-04   1.64607914e-04  -6.41737901e-05
 1.82500000e+00   2.42927990e-03  -1.21057140e-03   2.46674053e-02  -4.26048973e-04   1.64712879e-04  -6.42150480e-05
 1.82600000e+00   2.42927990e-03  -1.21057140e-03   2.46674053e-02  -4.26318224e-04   1.64817856e-04  -6.42563159e-05
 1.82700000e+00   2.42927990e-03  -1.21057140e-03   2.46674053e-02  -4.26485891e-04   1.64883361e-04  -6.42821198e-05
 1.82800000e+00   2.42927990e-03  -1.21057140e-03   2.46674053e-02  -4.26643858e-04   1.64944956e-04  -6.43063377e-05
 1.82900000e+00   2.42927990e-03  -1.21057140e-03   2.46674053e-02  -4.26801858e-04   1.65006444e-04  -6.43304680e-05
 1.83000000e+00   2.42927990e-03  -1.21057140e-03   2.46674053e-02  -4.26959894e-04   1.65067853e-04  -6.43545311e-05
 1.83100000e+00   2.42927990e-03  -1.21057140e-03   2.46674053e-02  -4.27203620e-04   1.65162154e-04  -6.43913275e-05
 1.83200000e+00   2.42927990e-03  -1.21057140e-03   2.46674053e-02  -4.27513301e-04   1.65281649e-04  -6.44378286e-05
 1.83300000e+00   2.42927990e-03  -1.21057140e-03   2.46674053e-02  -4.27823049e-04   1.65400931e-04  -6.44841562e-05
 1.83400000e+00   2.42927990e-03  -1.21057140e-03   2.46674053e-02  -4.28132852e-04   1.65520046e-04  -6.45303449e-05
 1.83500000e+00   2.42927990e-03  -1.21057140e-03   2.46674053e-02  -4.28540785e-04   1.65676946e-04  -6.45912066e-05
 1.83600000e+00   2.42927990e-03  -1.21057140e-03   2.46674053e-02  -4.29302649e-04   1.65970569e-04  -6.47053290e-05
 1.83700000e+00   2.42927990e-03  -1.21057140e-03   2.46674053e-02  -4.30064559e-04   1.66264104e-04  -6.48193753e-05
 1.83800000e+00   2.42927990e-03  -1.21057140e-03   2.46674053e-02  -4.30826483e-04   1.66557547e-04  -6.49333489e-05
 1.83900000e+00   2.42927990e-03  -1.21057140e-03   2.46674053e-02  -4.31588465e-04   1.66850927e-04  -6.50472638e-05
 1.84000000e+00   2.42927990e-03  -1.21057140e-03   2.46674053e-02  -4.32722747e-04   1.67288202e-04  -6.52172627e-05
 1.84100000e+00   2.42927990e-03  -1.21057140e-03   2.46674053e-02  -4.33912680e-04   1.67746948e-04  -6.53956140e-05
 1.84200000e+00   2.42927990e-03  -1.21057140e-03   2.46674053e-02  -4.35102649e-04   1.68205660e-04  -6.55739338e-05
 1.84300000e+00   2.42927990e-03  -1.21057140e-03   2.46674053e-02  -4.36292602e-04   1.68664321e-04  -6.57522148e-05
 1.84400000e+00   2.42927990e-03  -1.21057140e-03   2.46674053e-02  -4.37682195e-04   1.69200151e-04  -6.59605745e-05
 1.84500000e+00   2.42927990e-03  -1.21057140e-03   2.46674053e-02  -4.39254571e-04   1.69806648e-04  -6.61964853e-05
 1.84600000e+00   2.42927990e-03  -1.21057140e-03   2.46674053e-02  -4.40826960e-04   1.70413141e-04  -6.64323892e-05
 1.84700000e+00   2.42927990e-03  -1.21057140e-03   2.46674053e-02  -4.42399325e-04   1.71019610e-04  -6.66682774e-05
 1.84800000e+00   2.42927990e-03  -1.21057140e-03   2.46674053e-02  -4.44027717e-04   1.71647735e-04  -6.69126055e-05
 1.84900000e+00   2.42927990e-03  -1.21057140e-03   2.46674053e-02  -4.45922107e-04   1.72378741e-04  -6.71970590e-05
 1.85000000e+00   2.42927990e-03  -1.21057140e-03   2.46674053e-02  -4.47816436e-04   1.73109746e-04  -6.74815193e-05
 1.85100000e+00   2.42927990e-03  -1.21057140e-03   2.46674053e-02  -4.49710778e-04   1.73840770e-04  -6.77659913e-05
 1.85200000e+00   2.42927990e-03  -1.21057140e-03   2.46674053e-02  -4.51605112e-04   1.74571798e-04  -6.80504674e-05
 1.85300000e+00   2.42927990e-03  -1.21057140e-03   2.46674053e-02  -4.53705264e-04   1.75382461e-04  -6.83660134e-05
 1.85400000e+00   2.42927990e-03  -1.21057140e-03   2.46674053e-02  -4.55848751e-04   1.76209931e-04  -6.86881319e-05
 1.85500000e+00   2.42927990e-03  -1.21057140e-03   2.46674053e-02  -4.57992247e-04   1.77037443e-04  -6.90102811e-05
 1.85600000e+00   2.42927990e-03  -1.21057140e-03   2.46674053e-02  -4.60135758e-04   1.77864991e-04  -6.93324551e-05
 1.85700000e+00   2.42927990e-03  -1.21057140e-03   2.46674053e-02  -4.62358991e-04   1.78723420e-04  -6.96666910e-05
 1.85800000e+00   2.42927990e-03  -1.21057140e-03   2.46674053e-02  -4.64669238e-04   1.79615572e-04  -7.00141059e-05
 1.85900000e+00   2.42927990e-03  -1.21057140e-03   2.46674053e-02  -4.66979550e-04   1.80507811e-04  -7.03615783e-05
 1.86000000e+00   2.42927990e-03  -1.21057140e-03   2.46674053e-02  -4.69289801e-04   1.81400076e-04  -7.07090800e-05
 1.86100000e+00   2.42927990e-03  -1.21057140e-03   2.46674053e-02  -4.71610301e-04   1.82296353e-04  -7.10581657e-05
 1.86200000e+00   2.42927990e-03  -1.21057140e-03   2.46674053e-02  -4.73999158e-04   1.83219166e-04  -7.14176374e-05
 1.86300000e+00   2.42927990e-03  -1.21057140e-03   2.46674053e-02  -4.76388026e-04   1.84142063e-04  -7.17771743e-05
 1.86400000e+00   2.42927990e-03  -1.21057140e-03   2.46674053e-02  -4.78776870e-04   1.85065018e-04  -7.21367594e-05
 1.86500000e+00   2.42927990e-03  -1.21057140e-03   2.46674053e-02  -4.81165686e-04   1.85988018e-04  -7.24963838e-05
 1.86600000e+00   2.42927990e-03  -1.21057140e-03   2.46674053e-02  -4.83543372e-04   1.86906818e-04  -7.28544117e-05
 1.86700000e+00   2.42927990e-03  -1.21057140e-03   2.46674053e-02  -4.85917938e-04   1.87824511e-04  -7.32120465e-05
 1.86800000e+00   2.42927990e-03  -1.21057140e-03   2.46674053e-02  -4.88292472e-04   1.88742272e-04  -7.35697396e-05
 1.86900000e+00   2.42927990e-03  -1.21057140e-03   2.46674053e-02  -4.90667001e-04   1.89660098e-04  -7.39274850e-05
 1.87000000e+00   2.42927990e-03  -1.21057140e-03   2.46674053e-02  -4.92995859e-04   1.90560354e-04  -7.42784145e-05
 1.87100000e+00   2.42927990e-03  -1.21057140e-03   2.46674053e-02  -4.95265382e-04   1.91437781e-04  -7.46204876e-05
 1.87200000e+00   2.42927990e-03  -1.21057140e-03   2.46674053e-02  -4.97534921e-04   1.92315305e-04  -7.49626343e-05
 1.87300000e+00   2.42927990e-03  -1.21057140e-03   2.46674053e-02  -4.99804408e-04   1.93192886e-04  -7.53048335e-05
 1.87400000e+00   2.42927990e-03  -1.21057140e-03   2.46674053e-02  -5.02057122e-04   1.94064051e-04  -7.56445602e-05
 1.87500000e+00   2.42927990e-03  -1.21057140e-03   2.46674053e-02  -5.04134417e-04   1.94867514e-04  -7.59579371e-05
 1.87600000e+00   2.42927990e-03  -1.21057140e-03   2.46674053e-02  -5.06211731e-04   1.95671081e-04  -7.62713930e-05
 1.87700000e+00   2.42927990e-03  -1.21057140e-03   2.46674053e-02  -5.08288948e-04   1.96474691e-04  -7.65848985e-05
 1.87800000e+00   2.42927990e-03  -1.21057140e-03   2.46674053e-02  -5.10366217e-04   1.97278392e-04  -7.68984670e-05
 1.87900000e+00   2.42927990e-03  -1.21057140e-03   2.46674053e-02  -5.12242419e-04   1.98004455e-04  -7.71818057e-05
 1.88000000e+00   2.42927990e-03  -1.21057140e-03   2.46674053e-02  -5.14047636e-04   1.98703172e-04  -7.74545223e-05
 1.88100000e+00   2.42927990e-03  -1.21057140e-03   2.46674053e-02  -5.15852818e-04   1.99401959e-04  -7.77272993e-05
 1.88200000e+00   2.42927990e-03  -1.21057140e-03   2.46674053e-02  -5.17657959e-04   2.00100802e-04  -7.80001265e-05
 1.88300000e+00   2.42927990e-03  -1.21057140e-03   2.46674053e-02  -5.19329629e-04   2.00748121e-04  -7.82528970e-05
 1.88400000e+00   2.42927990e-03  -1.21057140e-03   2.46674053e-02  -5.20793390e-04   2.01315152e-04  -7.84744022e-05
 1.88500000e+00   2.42927990e-03  -1.21057140e-03   2.46674053e-02  -5.22257105e-04   2.01882246e-04  -7.86959646e-05
 1.88600000e+00   2.42927990e-03  -1.21057140e-03   2.46674053e-02  -5.23720818e-04   2.02449409e-04  -7.89175814e-05
 1.88700000e+00   2.42927990e-03  -1.21057140e-03   2.46674053e-02  -5.25167409e-04   2.03010016e-04  -7.91366668e-05
 1.88800000e+00   2.42927990e-03  -1.21057140e-03   2.46674053e-02  -5.26233653e-04   2.03423655e-04  -7.92984858e-05
 1.88900000e+00   2.42927990e-03  -1.21057140e-03   2.46674053e-02  -5.27299894e-04   2.03837368e-04  -7.94603631e-05
 1.89000000e+00   2.42927990e-03  -1.21057140e-03   2.46674053e-02  -5.28366109e-04   2.04251135e-04  -7.96222872e-05
 1.89100000e+00   2.42927990e-03  -1.21057140e-03   2.46674053e-02  -5.29432314e-04   2.04664956e-04  -7.97842544e-05
 1.89200000e+00   2.42927990e-03  -1.21057140e-03   2.46674053e-02  -5.30193036e-04   2.04960732e-04  -7.99002229e-05
 1.89300000e+00   2.42927990e-03  -1.21057140e-03   2.46674053e-02  -5.30820315e-04   2.05204978e-04  -7.99961252e-05
 1.89400000e+00   2.42927990e-03  -1.21057140e-03   2.46674053e-02  -5.31447583e-04   2.05449275e-04  -8.00920696e-05
 1.89500000e+00   2.42927990e-03  -1.21057140e-03   2.46674053e-02  -5.32074819e-04   2.05693611e-04  -8.01880480e-05
 1.89600000e+00   2.42927990e-03  -1.21057140e-03   2.46674053e-02  -5.32555254e-04   2.05881198e-04  -8.02619047e-05
 1.89700000e+00   2.42927990e-03  -1.21057140e-03   2.46674053e-02  -5.32760667e-04   2.05962402e-04  -8.02942647e-05
 1.89800000e+00   2.42927990e-03  -1.21057140e-03   2.46674053e-02  -5.32966055e-04   2.06043569e-04  -8.03265985e-05
 1.89900000e+00   2.42927990e-03  -1.21057140e-03   2.46674053e-02  -5.33171437e-04   2.06124716e-04  -8.03589182e-05
 1.90000000e+00   2.42927990e-03  -1.21057140e-03   2.46674053e-02  -5.33376809e-04   2.06205851e-04  -8.03912290e-05
 1.90100000e+00   2.42927990e-03  -1.21057140e-03   2.46674053e-02  -5.33276973e-04   2.06168839e-04  -8.03774201e-05
 1.90200000e+00   2.42927990e-03  -1.21057140e-03   2.46674053e-02  -5.33177113e-04   2.06131716e-04  -8.03635283e-05
 1.90300000e+00   2.42927990e-03  -1.21057140e-03   2.46674053e-02  -5.33077271e-04   2.06094524e-04  -8.03495791e-05
 1.90400000e+00   2.42927990e-03  -1.21057140e-03   2.46674053e-02  -5.32977443e-04   2.06057277e-04  -8.03355854e-05
 1.90500000e+00   2.42927990e-03  -1.21057140e-03   2.46674053e-02  -5.32774629e-04   2.05980163e-04  -8.03060264e-05
 1.90600000e+00   2.42927990e-03  -1.21057140e-03   2.46674053e-02  -5.32516848e-04   2.05881751e-04  -8.02681462e-05
 1.90700000e+00   2.42927990e-03  -1.21057140e-03   2.46674053e-02  -5.32259075e-04   2.05783306e-04  -8.02302379e-05
 1.90800000e+00   2.42927990e-03  -1.21057140e-03   2.46674053e-02  -5.32001305e-04   2.05684831e-04  -8.01923049e-05
 1.90900000e+00   2.42927990e-03  -1.21057140e-03   2.46674053e-02  -5.31697622e-04   2.05568575e-04  -8.01474271e-05
 1.91000000e+00   2.42927990e-03  -1.21057140e-03   2.46674053e-02  -5.31288812e-04   2.05411644e-04  -8.00866784e-05
 1.91100000e+00   2.42927990e-03  -1.21057140e-03   2.46674053e-02  -5.30880006e-04   2.05254689e-04  -8.00259098e-05
 1.91200000e+00   2.42927990e-03  -1.21057140e-03   2.46674053e-02  -5.30471204e-04   2.05097714e-04  -7.99651236e-05
 1.91300000e+00   2.42927990e-03  -1.21057140e-03   2.46674053e-02  -5.30062407e-04   2.04940721e-04  -7.99043219e-05
 1.91400000e+00   2.42927990e-03  -1.21057140e-03   2.46674053e-02  -5.29515925e-04   2.04730468e-04  -7.98227445e-05
 1.91500000e+00   2.42927990e-03  -1.21057140e-03   2.46674053e-02  -5.28963304e-04   2.04517820e-04  -7.97402238e-05
 1.91600000e+00   2.42927990e-03  -1.21057140e-03   2.46674053e-02  -5.28410616e-04   2.04305126e-04  -7.96576771e-05
 1.91700000e+00   2.42927990e-03  -1.21057140e-03   2.46674053e-02  -5.27857961e-04   2.04092429e-04  -7.95751216e-05
 1.91800000e+00   2.42927990e-03  -1.21057140e-03   2.46674053e-02  -5.27223407e-04   2.03848044e-04  -7.94802027e-05
 1.91900000e+00   2.42927990e-03  -1.21057140e-03   2.46674053e-02  -5.26536257e-04   2.03583303e-04  -7.93773377e-05
 1.92000000e+00   2.42927990e-03  -1.21057140e-03   2.46674053e-02  -5.25849118e-04   2.03318547e-04  -7.92744593e-05
 1.92100000e+00   2.42927990e-03  -1.21057140e-03   2.46674053e-02  -5.25161979e-04   2.03053775e-04  -7.91715673e-05
 1.92200000e+00   2.42927990e-03  -1.21057140e-03   2.46674053e-02  -5.24442793e-04   2.02776594e-04  -7.90638301e-05
 1.92300000e+00   2.42927990e-03  -1.21057140e-03   2.46674053e-02  -5.23632873e-04   2.02464309e-04  -7.89423964e-05
 1.92400000e+00   2.42927990e-03  -1.21057140e-03   2.46674053e-02  -5.22822950e-04   2.02152003e-04  -7.88209465e-05
 1.92500000e+00   2.42927990e-03  -1.21057140e-03   2.46674053e-02  -5.22013034e-04   2.01839683e-04  -7.86994839e-05
 1.92600000e+00   2.42927990e-03  -1.21057140e-03   2.46674053e-02  -5.21203127e-04   2.01527351e-04  -7.85780105e-05
 1.92700000e+00   2.42927990e-03  -1.21057140e-03   2.46674053e-02  -5.20293777e-04   2.01176546e-04  -7.84415268e-05
 1.92800000e+00   2.42927990e-03  -1.21057140e-03   2.46674053e-02  -5.19374949e-04   2.00822055e-04  -7.83035974e-05
 1.92900000e+00   2.42927990e-03  -1.21057140e-03   2.46674053e-02  -5.18456130e-04   2.00467550e-04  -7.81656548e-05
 1.93000000e+00   2.42927990e-03  -1.21057140e-03   2.46674053e-02  -5.17537313e-04   2.00113030e-04  -7.80276999e-05
 1.93100000e+00   2.42927990e-03  -1.21057140e-03   2.46674053e-02  -5.16565854e-04   1.99738134e-04  -7.78817919e-05
 1.93200000e+00   2.42927990e-03  -1.21057140e-03   2.46674053e-02  -5.15553844e-04   1.99347535e-04  -7.77297519e-05
 1.93300000e+00   2.42927990e-03  -1.21057140e-03   2.46674053e-02  -5.14541839e-04   1.98956919e-04  -7.75776970e-05
 1.93400000e+00   2.42927990e-03  -1.21057140e-03   2.46674053e-02  -5.13529835e-04   1.98566285e-04  -7.74256283e-05
 1.93500000e+00   2.42927990e-03  -1.21057140e-03   2.46674053e-02  -5.12501318e-04   1.98169249e-04  -7.72710560e-05
 1.93600000e+00   2.42927990e-03  -1.21057140e-03   2.46674053e-02  -5.11413199e-04   1.97749140e-04  -7.71074774e-05
 1.93700000e+00   2.42927990e-03  -1.21057140e-03   2.46674053e-02  -5.10325079e-04   1.97329009e-04  -7.69438813e-05
 1.93800000e+00   2.42927990e-03  -1.21057140e-03   2.46674053e-02  -5.09236975e-04   1.96908865e-04  -7.67802724e-05
 1.93900000e+00   2.42927990e-03  -1.21057140e-03   2.46674053e-02  -5.08148867e-04   1.96488703e-04  -7.66166502e-05
 1.94000000e+00   2.42927990e-03  -1.21057140e-03   2.46674053e-02  -5.07011153e-04   1.96049333e-04  -7.64455281e-05
 1.94100000e+00   2.42927990e-03  -1.21057140e-03   2.46674053e-02  -5.05866027e-04   1.95607072e-04  -7.62732692e-05
 1.94200000e+00   2.42927990e-03  -1.21057140e-03   2.46674053e-02  -5.04720910e-04   1.95164793e-04  -7.61009953e-05
 1.94300000e+00   2.42927990e-03  -1.21057140e-03   2.46674053e-02  -5.03575800e-04   1.94722499e-04  -7.59287084e-05
 1.94400000e+00   2.42927990e-03  -1.21057140e-03   2.46674053e-02  -5.02411030e-04   1.94272579e-04  -7.57534391e-05
 1.94500000e+00   2.42927990e-03  -1.21057140e-03   2.46674053e-02  -5.01228255e-04   1.93815670e-04  -7.55754340e-05
 1.94600000e+00   2.42927990e-03  -1.21057140e-03   2.46674053e-02  -5.00045480e-04   1.93358737e-04  -7.53974111e-05
 1.94700000e+00   2.42927990e-03  -1.21057140e-03   2.46674053e-02  -4.98862715e-04   1.92901788e-04  -7.52193743e-05
 1.94800000e+00   2.42927990e-03  -1.21057140e-03   2.46674053e-02  -4.97676935e-04   1.92443653e-04  -7.50408676e-05
 1.94900000e+00   2.42927990e-03  -1.21057140e-03   2.46674053e-02  -4.96476737e-04   1.91979913e-04  -7.48601638e-05
 1.95000000e+00   2.42927990e-03  -1.21057140e-03   2.46674053e-02  -4.95276546e-04   1.91516150e-04  -7.46794417e-05
 1.95100000e+00   2.42927990e-03  -1.21057140e-03   2.46674053e-02  -4.94076357e-04   1.91052366e-04  -7.44987035e-05
 1.95200000e+00   2.42927990e-03  -1.21057140e-03   2.46674053e-02  -4.92876197e-04   1.90588574e-04  -7.43179553e-05
 1.95300000e+00   2.42927990e-03  -1.21057140e-03   2.46674053e-02  -4.91678569e-04   1.90125731e-04  -7.41375662e-05
 1.95400000e+00   2.42927990e-03  -1.21057140e-03   2.46674053e-02  -4.90481507e-04   1.89663079e-04  -7.39572414e-05
 1.95500000e+00   2.42927990e-03  -1.21057140e-03   2.46674053e-02  -4.89284444e-04   1.89200404e-04  -7.37768990e-05
 1.95600000e+00   2.42927990e-03  -1.21057140e-03   2.46674053e-02  -4.88087408e-04   1.88737718e-04  -7.35965456e-05
 1.95700000e+00   2.42927990e-03  -1.21057140e-03   2.46674053e-02  -4.86901633e-04   1.88279362e-04  -7.34178706e-05
 1.95800000e+00   2.42927990e-03  -1.21057140e-03   2.46674053e-02  -4.85728171e-04   1.87825736e-04  -7.32410294e-05
 1.95900000e+00   2.42927990e-03  -1.21057140e-03   2.46674053e-02  -4.84554714e-04   1.87372088e-04  -7.30641703e-05
 1.96000000e+00   2.42927990e-03  -1.21057140e-03   2.46674053e-02  -4.83381295e-04   1.86918432e-04  -7.28873010e-05
 1.96100000e+00   2.42927990e-03  -1.21057140e-03   2.46674053e-02  -4.82213508e-04   1.86466934e-04  -7.27112654e-05
 1.96200000e+00   2.42927990e-03  -1.21057140e-03   2.46674053e-02  -4.81083478e-04   1.86030002e-04  -7.25408977e-05
 1.96300000e+00   2.42927990e-03  -1.21057140e-03   2.46674053e-02  -4.79953448e-04   1.85593045e-04  -7.23705108e-05
 1.96400000e+00   2.42927990e-03  -1.21057140e-03   2.46674053e-02  -4.78823469e-04   1.85156085e-04  -7.22001149e-05
 1.96500000e+00   2.42927990e-03  -1.21057140e-03   2.46674053e-02  -4.77693458e-04   1.84719093e-04  -7.20297000e-05
 1.96600000e+00   2.42927990e-03  -1.21057140e-03   2.46674053e-02  -4.76613000e-04   1.84301232e-04  -7.18667335e-05
 1.96700000e+00   2.42927990e-03  -1.21057140e-03   2.46674053e-02  -4.75546239e-04   1.83888639e-04  -7.17058116e-05
 1.96800000e+00   2.42927990e-03  -1.21057140e-03   2.46674053e-02  -4.74479488e-04   1.83476027e-04  -7.15448743e-05
 1.96900000e+00   2.42927990e-03  -1.21057140e-03   2.46674053e-02  -4.73412742e-04   1.83063398e-04  -7.13839231e-05
 1.97000000e+00   2.42927990e-03  -1.21057140e-03   2.46674053e-02  -4.72381375e-04   1.82664423e-04  -7.12282876e-05
 1.97100000e+00   2.42927990e-03  -1.21057140e-03   2.46674053e-02  -4.71395885e-04   1.82283160e-04  -7.10795474e-05
 1.97200000e+00   2.42927990e-03  -1.21057140e-03   2.46674053e-02  -4.70410426e-04   1.81901884e-04  -7.09307944e-05
 1.97300000e+00   2.42927990e-03  -1.21057140e-03   2.46674053e-02  -4.69424979e-04   1.81520593e-04  -7.07820282e-05
 1.97400000e+00   2.42927990e-03  -1.21057140e-03   2.46674053e-02  -4.68448067e-04   1.81142584e-04  -7.06345350e-05
 1.97500000e+00   2.42927990e-03  -1.21057140e-03   2.46674053e-02  -4.67560725e-04   1.80799178e-04  -7.05005234e-05
 1.97600000e+00   2.42927990e-03  -1.21057140e-03   2.46674053e-02  -4.66673380e-04   1.80455747e-04  -7.03664940e-05
 1.97700000e+00   2.42927990e-03  -1.21057140e-03   2.46674053e-02  -4.65786053e-04   1.80112304e-04  -7.02324525e-05
 1.97800000e+00   2.42927990e-03  -1.21057140e-03   2.46674053e-02  -4.64898730e-04   1.79768845e-04  -7.00983986e-05
 1.97900000e+00   2.42927990e-03  -1.21057140e-03   2.46674053e-02  -4.64095123e-04   1.79457730e-04  -6.99769472e-05
 1.98000000e+00   2.42927990e-03  -1.21057140e-03   2.46674053e-02  -4.63321084e-04   1.79158024e-04  -6.98599360e-05
 1.98100000e+00   2.42927990e-03  -1.21057140e-03   2.46674053e-02  -4.62547057e-04   1.78858304e-04  -6.97429121e-05
 1.98200000e+00   2.42927990e-03  -1.21057140e-03   2.46674053e-02  -4.61773042e-04   1.78558571e-04  -6.96258774e-05
 1.98300000e+00   2.42927990e-03  -1.21057140e-03   2.46674053e-02  -4.61048502e-04   1.78277949e-04  -6.95162871e-05
 1.98400000e+00   2.42927990e-03  -1.21057140e-03   2.46674053e-02  -4.60401018e-04   1.78027098e-04  -6.94182962e-05
 1.98500000e+00   2.42927990e-03  -1.21057140e-03   2.46674053e-02  -4.59753539e-04   1.77776230e-04  -6.93202922e-05
 1.98600000e+00   2.42927990e-03  -1.21057140e-03   2.46674053e-02  -4.59106077e-04   1.77525352e-04  -6.92222786e-05
 1.98700000e+00   2.42927990e-03  -1.21057140e-03   2.46674053e-02  -4.58464530e-04   1.77276747e-04  -6.91251458e-05
 1.98800000e+00   2.42927990e-03  -1.21057140e-03   2.46674053e-02  -4.57954555e-04   1.77078993e-04  -6.90478319e-05
 1.98900000e+00   2.42927990e-03  -1.21057140e-03   2.46674053e-02  -4.57444583e-04   1.76881223e-04  -6.89705056e-05
 1.99000000e+00   2.42927990e-03  -1.21057140e-03   2.46674053e-02  -4.56934623e-04   1.76683443e-04  -6.88931698e-05
 1.99100000e+00   2.42927990e-03  -1.21057140e-03   2.46674053e-02  -4.56424664e-04   1.76485650e-04  -6.88158243e-05
 1.99200000e+00   2.42927990e-03  -1.21057140e-03   2.46674053e-02  -4.56016639e-04   1.76327253e-04  -6.87538330e-05
 1.99300000e+00   2.42927990e-03  -1.21057140e-03   2.46674053e-02  -4.55653127e-04   1.76186052e-04  -6.86985407e-05
 1.99400000e+00   2.42927990e-03  -1.21057140e-03   2.46674053e-02  -4.55289624e-04   1.76044840e-04  -6.86432395e-05
 1.99500000e+00   2.42927990e-03  -1.21057140e-03   2.46674053e-02  -4.54926122e-04   1.75903618e-04  -6.85879296e-05
 1.99600000e+00   2.42927990e-03  -1.21057140e-03   2.46674053e-02  -4.54615712e-04   1.75782912e-04  -6.85406142e-05
 1.99700000e+00   2.42927990e-03  -1.21057140e-03   2.46674053e-02  -4.54404769e-04   1.75700650e-04  -6.85082834e-05
 1.99800000e+00   2.42927990e-03  -1.21057140e-03   2.46674053e-02  -4.54193824e-04   1.75618378e-04  -6.84759439e-05
 1.99900000e+00   2.42927990e-03  -1.21057140e-03   2.46674053e-02  -4.53982881e-04   1.75536096e-04  -6.84435970e-05
 2.00000000e+00   2.42927990e-03  -1.21057140e-03   2.46674053e-02  -4.53771941e-04   1.75453806e-04  -6.84112436e-05
 2.00100000e+00   2.42927990e-03  -1.21057140e-03   2.46674053e-02  -4.53703187e-04   1.75426519e-04  -6.84003454e-05
 2.00200000e+00   2.42927990e-03  -1.21057140e-03   2.46674053e-02  -4.53634439e-04   1.75399253e-04  -6.83894622e-05
 2.00300000e+00   2.42927990e-03  -1.21057140e-03   2.46674053e-02  -4.53565684e-04   1.75371997e-04  -6.83785878e-05
 2.00400000e+00   2.42927990e-03  -1.21057140e-03   2.46674053e-02  -4.53496923e-04   1.75344748e-04  -6.83677194e-05
 2.00500000e+00   2.42927990e-03  -1.21057140e-03   2.46674053e-02  -4.53493834e-04   1.75342929e-04  -6.83667801e-05
 2.00600000e+00   2.42927990e-03  -1.21057140e-03   2.46674053e-02  -4.53525801e-04   1.75354709e-04  -6.83711595e-05
 2.00700000e+00   2.42927990e-03  -1.21057140e-03   2.46674053e-02  -4.53557756e-04   1.75366519e-04  -6.83755629e-05
 2.00800000e+00   2.42927990e-03  -1.21057140e-03   2.46674053e-02  -4.53589696e-04   1.75378349e-04  -6.83799842e-05
 2.00900000e+00   2.42927990e-03  -1.21057140e-03   2.46674053e-02  -4.53636912e-04   1.75396109e-04  -6.83867256e-05
 2.01000000e+00   2.42927990e-03  -1.21057140e-03   2.46674053e-02  -4.53719120e-04   1.75427419e-04  -6.83987574e-05
 2.01100000e+00   2.42927990e-03  -1.21057140e-03   2.46674053e-02  -4.53801319e-04   1.75458742e-04  -6.84108008e-05
 2.01200000e+00   2.42927990e-03  -1.21057140e-03   2.46674053e-02  -4.53883506e-04   1.75490076e-04  -6.84228539e-05
 2.01300000e+00   2.42927990e-03  -1.21057140e-03   2.46674053e-02  -4.53965684e-04   1.75521421e-04  -6.84349156e-05
 2.01400000e+00   2.42927990e-03  -1.21057140e-03   2.46674053e-02  -4.54093167e-04   1.75570296e-04  -6.84538177e-05
 2.01500000e+00   2.42927990e-03  -1.21057140e-03   2.46674053e-02  -4.54222679e-04   1.75619969e-04  -6.84730352e-05
 2.01600000e+00   2.42927990e-03  -1.21057140e-03   2.46674053e-02  -4.54352183e-04   1.75669650e-04  -6.84922598e-05
 2.01700000e+00   2.42927990e-03  -1.21057140e-03   2.46674053e-02  -4.54481685e-04   1.75719340e-04  -6.85114918e-05
 2.01800000e+00   2.42927990e-03  -1.21057140e-03   2.46674053e-02  -4.54638082e-04   1.75779441e-04  -6.85347865e-05
 2.01900000e+00   2.42927990e-03  -1.21057140e-03   2.46674053e-02  -4.54811751e-04   1.75846230e-04  -6.85606933e-05
 2.02000000e+00   2.42927990e-03  -1.21057140e-03   2.46674053e-02  -4.54985415e-04   1.75913027e-04  -6.85866068e-05
 2.02100000e+00   2.42927990e-03  -1.21057140e-03   2.46674053e-02  -4.55159081e-04   1.75979835e-04  -6.86125273e-05
 2.02200000e+00   2.42927990e-03  -1.21057140e-03   2.46674053e-02  -4.55343156e-04   1.76050675e-04  -6.86400236e-05
 2.02300000e+00   2.42927990e-03  -1.21057140e-03   2.46674053e-02  -4.55556707e-04   1.76132924e-04  -6.86719717e-05
 2.02400000e+00   2.42927990e-03  -1.21057140e-03   2.46674053e-02  -4.55770252e-04   1.76215179e-04  -6.87039260e-05
 2.02500000e+00   2.42927990e-03  -1.21057140e-03   2.46674053e-02  -4.55983791e-04   1.76297440e-04  -6.87358857e-05
 2.02600000e+00   2.42927990e-03  -1.21057140e-03   2.46674053e-02  -4.56197325e-04   1.76379708e-04  -6.87678503e-05
 2.02700000e+00   2.42927990e-03  -1.21057140e-03   2.46674053e-02  -4.56442505e-04   1.76474221e-04  -6.88045939e-05
 2.02800000e+00   2.42927990e-03  -1.21057140e-03   2.46674053e-02  -4.56690695e-04   1.76569908e-04  -6.88417986e-05
 2.02900000e+00   2.42927990e-03  -1.21057140e-03   2.46674053e-02  -4.56938885e-04   1.76665604e-04  -6.88790096e-05
 2.03000000e+00   2.42927990e-03  -1.21057140e-03   2.46674053e-02  -4.57187066e-04   1.76761303e-04  -6.89162249e-05
 2.03100000e+00   2.42927990e-03  -1.21057140e-03   2.46674053e-02  -4.57451377e-04   1.76863249e-04  -6.89558791e-05
 2.03200000e+00   2.42927990e-03  -1.21057140e-03   2.46674053e-02  -4.57728096e-04   1.76970003e-04  -6.89974119e-05
 2.03300000e+00   2.42927990e-03  -1.21057140e-03   2.46674053e-02  -4.58004808e-04   1.77076762e-04  -6.90389503e-05
 2.03400000e+00   2.42927990e-03  -1.21057140e-03   2.46674053e-02  -4.58281523e-04   1.77183531e-04  -6.90804951e-05
 2.03500000e+00   2.42927990e-03  -1.21057140e-03   2.46674053e-02  -4.58562960e-04   1.77292134e-04  -6.91227578e-05
 2.03600000e+00   2.42927990e-03  -1.21057140e-03   2.46674053e-02  -4.58861469e-04   1.77407348e-04  -6.91676028e-05
 2.03700000e+00   2.42927990e-03  -1.21057140e-03   2.46674053e-02  -4.59159973e-04   1.77522570e-04  -6.92124545e-05
 2.03800000e+00   2.42927990e-03  -1.21057140e-03   2.46674053e-02  -4.59458470e-04   1.77637798e-04  -6.92573113e-05
 2.03900000e+00   2.42927990e-03  -1.21057140e-03   2.46674053e-02  -4.59756974e-04   1.77753035e-04  -6.93021747e-05
 2.04000000e+00   2.42927990e-03  -1.21057140e-03   2.46674053e-02  -4.60067924e-04   1.77873096e-04  -6.93489231e-05
 2.04100000e+00   2.42927990e-03  -1.21057140e-03   2.46674053e-02  -4.60380738e-04   1.77993889e-04  -6.93959606e-05
 2.04200000e+00   2.42927990e-03  -1.21057140e-03   2.46674053e-02  -4.60693545e-04   1.78114687e-04  -6.94430037e-05
 2.04300000e+00   2.42927990e-03  -1.21057140e-03   2.46674053e-02  -4.61006353e-04   1.78235493e-04  -6.94900529e-05
 2.04400000e+00   2.42927990e-03  -1.21057140e-03   2.46674053e-02  -4.61322644e-04   1.78357656e-04  -6.95376347e-05
 2.04500000e+00   2.42927990e-03  -1.21057140e-03   2.46674053e-02  -4.61642123e-04   1.78481063e-04  -6.95857059e-05
 2.04600000e+00   2.42927990e-03  -1.21057140e-03   2.46674053e-02  -4.61961606e-04   1.78604481e-04  -6.96337848e-05
 2.04700000e+00   2.42927990e-03  -1.21057140e-03   2.46674053e-02  -4.62281084e-04   1.78727905e-04  -6.96818694e-05
 2.04800000e+00   2.42927990e-03  -1.21057140e-03   2.46674053e-02  -4.62600364e-04   1.78851261e-04  -6.97299305e-05
 2.04900000e+00   2.42927990e-03  -1.21057140e-03   2.46674053e-02  -4.62918652e-04   1.78974245e-04  -6.97778513e-05
 2.05000000e+00   2.42927990e-03  -1.21057140e-03   2.46674053e-02  -4.63236961e-04   1.79097248e-04  -6.98257832e-05
 2.05100000e+00   2.42927990e-03  -1.21057140e-03   2.46674053e-02  -4.63555241e-04   1.79220248e-04  -6.98737173e-05
 2.05200000e+00   2.42927990e-03  -1.21057140e-03   2.46674053e-02  -4.63873542e-04   1.79343264e-04  -6.99216604e-05
 2.05300000e+00   2.42927990e-03  -1.21057140e-03   2.46674053e-02  -4.64184381e-04   1.79463406e-04  -6.99684876e-05
 2.05400000e+00   2.42927990e-03  -1.21057140e-03   2.46674053e-02  -4.64493647e-04   1.79582951e-04  -7.00150859e-05
 2.05500000e+00   2.42927990e-03  -1.21057140e-03   2.46674053e-02  -4.64802902e-04   1.79702500e-04  -7.00616896e-05
 2.05600000e+00   2.42927990e-03  -1.21057140e-03   2.46674053e-02  -4.65112167e-04   1.79822062e-04  -7.01083008e-05
 2.05700000e+00   2.42927990e-03  -1.21057140e-03   2.46674053e-02  -4.65413474e-04   1.79938556e-04  -7.01537198e-05
 2.05800000e+00   2.42927990e-03  -1.21057140e-03   2.46674053e-02  -4.65706104e-04   1.80051706e-04  -7.01978395e-05
 2.05900000e+00   2.42927990e-03  -1.21057140e-03   2.46674053e-02  -4.65998729e-04   1.80164864e-04  -7.02419657e-05
 2.06000000e+00   2.42927990e-03  -1.21057140e-03   2.46674053e-02  -4.66291350e-04   1.80278028e-04  -7.02860975e-05
 2.06100000e+00   2.42927990e-03  -1.21057140e-03   2.46674053e-02  -4.66580881e-04   1.80390006e-04  -7.03297694e-05
 2.06200000e+00   2.42927990e-03  -1.21057140e-03   2.46674053e-02  -4.66849722e-04   1.80493995e-04  -7.03703314e-05
 2.06300000e+00   2.42927990e-03  -1.21057140e-03   2.46674053e-02  -4.67118566e-04   1.80597995e-04  -7.04109010e-05
 2.06400000e+00   2.42927990e-03  -1.21057140e-03   2.46674053e-02  -4.67387408e-04   1.80702003e-04  -7.04514768e-05
 2.06500000e+00   2.42927990e-03  -1.21057140e-03   2.46674053e-02  -4.67656247e-04   1.80806016e-04  -7.04920577e-05
 2.06600000e+00   2.42927990e-03  -1.21057140e-03   2.46674053e-02  -4.67901184e-04   1.80900798e-04  -7.05290430e-05
 2.06700000e+00   2.42927990e-03  -1.21057140e-03   2.46674053e-02  -4.68139504e-04   1.80993031e-04  -7.05650382e-05
 2.06800000e+00   2.42927990e-03  -1.21057140e-03   2.46674053e-02  -4.68377817e-04   1.81085270e-04  -7.06010387e-05
 2.06900000e+00   2.42927990e-03  -1.21057140e-03   2.46674053e-02  -4.68616133e-04   1.81177517e-04  -7.06370450e-05
 2.07000000e+00   2.42927990e-03  -1.21057140e-03   2.46674053e-02  -4.68838636e-04   1.81263658e-04  -7.06706739e-05
 2.07100000e+00   2.42927990e-03  -1.21057140e-03   2.46674053e-02  -4.69040616e-04   1.81341873e-04  -7.07012160e-05
 2.07200000e+00   2.42927990e-03  -1.21057140e-03   2.46674053e-02  -4.69242592e-04   1.81420094e-04  -7.07317636e-05
 2.07300000e+00   2.42927990e-03  -1.21057140e-03   2.46674053e-02  -4.69444567e-04   1.81498322e-04  -7.07623162e-05
 2.07400000e+00   2.42927990e-03  -1.21057140e-03   2.46674053e-02  -4.69642947e-04   1.81575167e-04  -7.07923319e-05
 2.07500000e+00   2.42927990e-03  -1.21057140e-03   2.46674053e-02  -4.69803626e-04   1.81637443e-04  -7.08166708e-05
 2.07600000e+00   2.42927990e-03  -1.21057140e-03   2.46674053e-02  -4.69964305e-04   1.81699726e-04  -7.08410154e-05
 2.07700000e+00   2.42927990e-03  -1.21057140e-03   2.46674053e-02  -4.70124979e-04   1.81762014e-04  -7.08653641e-05
 2.07800000e+00   2.42927990e-03  -1.21057140e-03   2.46674053e-02  -4.70285651e-04   1.81824307e-04  -7.08897170e-05
 2.07900000e+00   2.42927990e-03  -1.21057140e-03   2.46674053e-02  -4.70412878e-04   1.81873676e-04  -7.09090332e-05
 2.08000000e+00   2.42927990e-03  -1.21057140e-03   2.46674053e-02  -4.70528296e-04   1.81918485e-04  -7.09265744e-05
 2.08100000e+00   2.42927990e-03  -1.21057140e-03   2.46674053e-02  -4.70643710e-04   1.81963298e-04  -7.09441192e-05
 2.08200000e+00   2.42927990e-03  -1.21057140e-03   2.46674053e-02  -4.70759121e-04   1.82008116e-04  -7.09616675e-05
 2.08300000e+00   2.42927990e-03  -1.21057140e-03   2.46674053e-02  -4.70855722e-04   1.82045665e-04  -7.09763842e-05
 2.08400000e+00   2.42927990e-03  -1.21057140e-03   2.46674053e-02  -4.70923026e-04   1.82071893e-04  -7.09866886e-05
 2.08500000e+00   2.42927990e-03  -1.21057140e-03   2.46674053e-02  -4.70990328e-04   1.82098125e-04  -7.09969964e-05
 2.08600000e+00   2.42927990e-03  -1.21057140e-03   2.46674053e-02  -4.71057628e-04   1.82124360e-04  -7.10073072e-05
 2.08700000e+00   2.42927990e-03  -1.21057140e-03   2.46674053e-02  -4.71122755e-04   1.82149759e-04  -7.10172934e-05
 2.08800000e+00   2.42927990e-03  -1.21057140e-03   2.46674053e-02  -4.71139570e-04   1.82156485e-04  -7.10200013e-05
 2.08900000e+00   2.42927990e-03  -1.21057140e-03   2.46674053e-02  -4.71156384e-04   1.82163215e-04  -7.10227129e-05
 2.09000000e+00   2.42927990e-03  -1.21057140e-03   2.46674053e-02  -4.71173195e-04   1.82169949e-04  -7.10254274e-05
 2.09100000e+00   2.42927990e-03  -1.21057140e-03   2.46674053e-02  -4.71190004e-04   1.82176686e-04  -7.10281446e-05
 2.09200000e+00   2.42927990e-03  -1.21057140e-03   2.46674053e-02  -4.71169744e-04   1.82169095e-04  -7.10252776e-05
 2.09300000e+00   2.42927990e-03  -1.21057140e-03   2.46674053e-02  -4.71133292e-04   1.82155249e-04  -7.10199734e-05
 2.09400000e+00   2.42927990e-03  -1.21057140e-03   2.46674053e-02  -4.71096837e-04   1.82141407e-04  -7.10146721e-05
 2.09500000e+00   2.42927990e-03  -1.21057140e-03   2.46674053e-02  -4.71060380e-04   1.82127567e-04  -7.10093735e-05
 2.09600000e+00   2.42927990e-03  -1.21057140e-03   2.46674053e-02  -4.71004612e-04   1.82106264e-04  -7.10011661e-05
 2.09700000e+00   2.42927990e-03  -1.21057140e-03   2.46674053e-02  -4.70912664e-04   1.82070975e-04  -7.09875065e-05
 2.09800000e+00   2.42927990e-03  -1.21057140e-03   2.46674053e-02  -4.70820714e-04   1.82035687e-04  -7.09738483e-05
 2.09900000e+00   2.42927990e-03  -1.21057140e-03   2.46674053e-02  -4.70728763e-04   1.82000401e-04  -7.09601916e-05
 2.10000000e+00   2.42927990e-03  -1.21057140e-03   2.46674053e-02  -4.70636810e-04   1.81965117e-04  -7.09465362e-05
 2.10100000e+00   2.42927990e-03  -1.21057140e-03   2.46674053e-02  -4.70490323e-04   1.81908748e-04  -7.09246605e-05
 2.10200000e+00   2.42927990e-03  -1.21057140e-03   2.46674053e-02  -4.70343834e-04   1.81852380e-04  -7.09027853e-05
 2.10300000e+00   2.42927990e-03  -1.21057140e-03   2.46674053e-02  -4.70197344e-04   1.81796012e-04  -7.08809106e-05
 2.10400000e+00   2.42927990e-03  -1.21057140e-03   2.46674053e-02  -4.70050854e-04   1.81739646e-04  -7.08590368e-05
 2.10500000e+00   2.42927990e-03  -1.21057140e-03   2.46674053e-02  -4.69869854e-04   1.81669937e-04  -7.08319607e-05
 2.10600000e+00   2.42927990e-03  -1.21057140e-03   2.46674053e-02  -4.69670445e-04   1.81593109e-04  -7.08021091e-05
 2.10700000e+00   2.42927990e-03  -1.21057140e-03   2.46674053e-02  -4.69471025e-04   1.81516278e-04  -7.07722559e-05
 2.10800000e+00   2.42927990e-03  -1.21057140e-03   2.46674053e-02  -4.69271610e-04   1.81439448e-04  -7.07424034e-05
 2.10900000e+00   2.42927990e-03  -1.21057140e-03   2.46674053e-02  -4.69056754e-04   1.81356648e-04  -7.07102230e-05
 2.11000000e+00   2.42927990e-03  -1.21057140e-03   2.46674053e-02  -4.68806534e-04   1.81260174e-04  -7.06727102e-05
 2.11100000e+00   2.42927990e-03  -1.21057140e-03   2.46674053e-02  -4.68556313e-04   1.81163698e-04  -7.06351964e-05
 2.11200000e+00   2.42927990e-03  -1.21057140e-03   2.46674053e-02  -4.68306089e-04   1.81067220e-04  -7.05976815e-05
 2.11300000e+00   2.42927990e-03  -1.21057140e-03   2.46674053e-02  -4.68055866e-04   1.80970742e-04  -7.05601664e-05
 2.11400000e+00   2.42927990e-03  -1.21057140e-03   2.46674053e-02  -4.67759766e-04   1.80856523e-04  -7.05157333e-05
 2.11500000e+00   2.42927990e-03  -1.21057140e-03   2.46674053e-02  -4.67461607e-04   1.80741507e-04  -7.04709881e-05
 2.11600000e+00   2.42927990e-03  -1.21057140e-03   2.46674053e-02  -4.67163447e-04   1.80626488e-04  -7.04262413e-05
 2.11700000e+00   2.42927990e-03  -1.21057140e-03   2.46674053e-02  -4.66865287e-04   1.80511468e-04  -7.03814937e-05
 2.11800000e+00   2.42927990e-03  -1.21057140e-03   2.46674053e-02  -4.66539879e-04   1.80385910e-04  -7.03326362e-05
 2.11900000e+00   2.42927990e-03  -1.21057140e-03   2.46674053e-02  -4.66196976e-04   1.80253584e-04  -7.02811387e-05
 2.12000000e+00   2.42927990e-03  -1.21057140e-03   2.46674053e-02  -4.65854073e-04   1.80121256e-04  -7.02296392e-05
 2.12100000e+00   2.42927990e-03  -1.21057140e-03   2.46674053e-02  -4.65511170e-04   1.79988926e-04  -7.01781380e-05
 2.12200000e+00   2.42927990e-03  -1.21057140e-03   2.46674053e-02  -4.65157571e-04   1.79852458e-04  -7.01250224e-05
 2.12300000e+00   2.42927990e-03  -1.21057140e-03   2.46674053e-02  -4.64773684e-04   1.79704275e-04  -7.00673375e-05
 2.12400000e+00   2.42927990e-03  -1.21057140e-03   2.46674053e-02  -4.64389798e-04   1.79556088e-04  -7.00096499e-05
 2.12500000e+00   2.42927990e-03  -1.21057140e-03   2.46674053e-02  -4.64005912e-04   1.79407899e-04  -6.99519601e-05
 2.12600000e+00   2.42927990e-03  -1.21057140e-03   2.46674053e-02  -4.63622030e-04   1.79259708e-04  -6.98942689e-05
 2.12700000e+00   2.42927990e-03  -1.21057140e-03   2.46674053e-02  -4.63204576e-04   1.79098532e-04  -6.98315126e-05
 2.12800000e+00   2.42927990e-03  -1.21057140e-03   2.46674053e-02  -4.62783921e-04   1.78936114e-04  -6.97682703e-05
 2.12900000e+00   2.42927990e-03  -1.21057140e-03   2.46674053e-02  -4.62363269e-04   1.78773694e-04  -6.97050256e-05
 2.13000000e+00   2.42927990e-03  -1.21057140e-03   2.46674053e-02  -4.61942618e-04   1.78611271e-04  -6.96417786e-05
 2.13100000e+00   2.42927990e-03  -1.21057140e-03   2.46674053e-02  -4.61503792e-04   1.78441815e-04  -6.95757878e-05
 2.13200000e+00   2.42927990e-03  -1.21057140e-03   2.46674053e-02  -4.61050970e-04   1.78266942e-04  -6.95076828e-05
 2.13300000e+00   2.42927990e-03  -1.21057140e-03   2.46674053e-02  -4.60598149e-04   1.78092066e-04  -6.94395746e-05
 2.13400000e+00   2.42927990e-03  -1.21057140e-03   2.46674053e-02  -4.60145329e-04   1.77917186e-04  -6.93714634e-05
 2.13500000e+00   2.42927990e-03  -1.21057140e-03   2.46674053e-02  -4.59686587e-04   1.77740012e-04  -6.93024562e-05
 2.13600000e+00   2.42927990e-03  -1.21057140e-03   2.46674053e-02  -4.59206454e-04   1.77554560e-04  -6.92302191e-05
 2.13700000e+00   2.42927990e-03  -1.21057140e-03   2.46674053e-02  -4.58726322e-04   1.77369104e-04  -6.91579780e-05
 2.13800000e+00   2.42927990e-03  -1.21057140e-03   2.46674053e-02  -4.58246191e-04   1.77183643e-04  -6.90857336e-05
 2.13900000e+00   2.42927990e-03  -1.21057140e-03   2.46674053e-02  -4.57766062e-04   1.76998179e-04  -6.90134863e-05
 2.14000000e+00   2.42927990e-03  -1.21057140e-03   2.46674053e-02  -4.57266944e-04   1.76805366e-04  -6.89383710e-05
 2.14100000e+00   2.42927990e-03  -1.21057140e-03   2.46674053e-02  -4.56764978e-04   1.76611446e-04  -6.88628215e-05
 2.14200000e+00   2.42927990e-03  -1.21057140e-03   2.46674053e-02  -4.56263025e-04   1.76417525e-04  -6.87872700e-05
 2.14300000e+00   2.42927990e-03  -1.21057140e-03   2.46674053e-02  -4.55761053e-04   1.76223593e-04  -6.87117121e-05
 2.14400000e+00   2.42927990e-03  -1.21057140e-03   2.46674053e-02  -4.55250513e-04   1.76026341e-04  -6.86348577e-05
 2.14500000e+00   2.42927990e-03  -1.21057140e-03   2.46674053e-02  -4.54732107e-04   1.75826041e-04  -6.85568118e-05
 2.14600000e+00   2.42927990e-03  -1.21057140e-03   2.46674053e-02  -4.54213701e-04   1.75625735e-04  -6.84787615e-05
 2.14700000e+00   2.42927990e-03  -1.21057140e-03   2.46674053e-02  -4.53695297e-04   1.75425424e-04  -6.84007074e-05
 2.14800000e+00   2.42927990e-03  -1.21057140e-03   2.46674053e-02  -4.53175024e-04   1.75224386e-04  -6.83223675e-05
 2.14900000e+00   2.42927990e-03  -1.21057140e-03   2.46674053e-02  -4.52645858e-04   1.75019901e-04  -6.82426808e-05
 2.15000000e+00   2.42927990e-03  -1.21057140e-03   2.46674053e-02  -4.52116692e-04   1.74815409e-04  -6.81629888e-05
 2.15100000e+00   2.42927990e-03  -1.21057140e-03   2.46674053e-02  -4.51587531e-04   1.74610913e-04  -6.80832932e-05
 2.15200000e+00   2.42927990e-03  -1.21057140e-03   2.46674053e-02  -4.51058372e-04   1.74406413e-04  -6.80035943e-05
 2.15300000e+00   2.42927990e-03  -1.21057140e-03   2.46674053e-02  -4.50525106e-04   1.74200317e-04  -6.79232699e-05
 2.15400000e+00   2.42927990e-03  -1.21057140e-03   2.46674053e-02  -4.49990973e-04   1.73993879e-04  -6.78428092e-05
 2.15500000e+00   2.42927990e-03  -1.21057140e-03   2.46674053e-02  -4.49456844e-04   1.73787435e-04  -6.77623442e-05
 2.15600000e+00   2.42927990e-03  -1.21057140e-03   2.46674053e-02  -4.48922723e-04   1.73580990e-04  -6.76818763e-05
 2.15700000e+00   2.42927990e-03  -1.21057140e-03   2.46674053e-02  -4.48389016e-04   1.73374697e-04  -6.76014656e-05
 2.15800000e+00   2.42927990e-03  -1.21057140e-03   2.46674053e-02  -4.47855778e-04   1.73168577e-04  -6.75211191e-05
 2.15900000e+00   2.42927990e-03  -1.21057140e-03   2.46674053e-02  -4.47322538e-04   1.72962450e-04  -6.74407672e-05
 2.16000000e+00   2.42927990e-03  -1.21057140e-03   2.46674053e-02  -4.46789302e-04   1.72756319e-04  -6.73604115e-05
 2.16100000e+00   2.42927990e-03  -1.21057140e-03   2.46674053e-02  -4.46256928e-04   1.72550515e-04  -6.72801816e-05
 2.16200000e+00   2.42927990e-03  -1.21057140e-03   2.46674053e-02  -4.45730295e-04   1.72346922e-04  -6.72008101e-05
 2.16300000e+00   2.42927990e-03  -1.21057140e-03   2.46674053e-02  -4.45203665e-04   1.72143323e-04  -6.71214335e-05
 2.16400000e+00   2.42927990e-03  -1.21057140e-03   2.46674053e-02  -4.44677037e-04   1.71939717e-04  -6.70420524e-05
 2.16500000e+00   2.42927990e-03  -1.21057140e-03   2.46674053e-02  -4.44150418e-04   1.71736111e-04  -6.69626686e-05
 2.16600000e+00   2.42927990e-03  -1.21057140e-03   2.46674053e-02  -4.43633662e-04   1.71536309e-04  -6.68847654e-05
 2.16700000e+00   2.42927990e-03  -1.21057140e-03   2.46674053e-02  -4.43119662e-04   1.71337566e-04  -6.68072716e-05
 2.16800000e+00   2.42927990e-03  -1.21057140e-03   2.46674053e-02  -4.42605654e-04   1.71138812e-04  -6.67297715e-05
 2.16900000e+00   2.42927990e-03  -1.21057140e-03   2.46674053e-02  -4.42091648e-04   1.70940053e-04  -6.66522674e-05
 2.17000000e+00   2.42927990e-03  -1.21057140e-03   2.46674053e-02  -4.41585523e-04   1.70744335e-04  -6.65759463e-05
 2.17100000e+00   2.42927990e-03  -1.21057140e-03   2.46674053e-02  -4.41089646e-04   1.70552571e-04  -6.65011636e-05
 2.17200000e+00   2.42927990e-03  -1.21057140e-03   2.46674053e-02  -4.40593770e-04   1.70360800e-04  -6.64263757e-05
 2.17300000e+00   2.42927990e-03  -1.21057140e-03   2.46674053e-02  -4.40097895e-04   1.70169023e-04  -6.63515835e-05
 2.17400000e+00   2.42927990e-03  -1.21057140e-03   2.46674053e-02  -4.39604072e-04   1.69978034e-04  -6.62770965e-05
 2.17500000e+00   2.42927990e-03  -1.21057140e-03   2.46674053e-02  -4.39131756e-04   1.69795352e-04  -6.62058449e-05
 2.17600000e+00   2.42927990e-03  -1.21057140e-03   2.46674053e-02  -4.38659432e-04   1.69612660e-04  -6.61345867e-05
 2.17700000e+00   2.42927990e-03  -1.21057140e-03   2.46674053e-02  -4.38187120e-04   1.69429966e-04  -6.60633257e-05
 2.17800000e+00   2.42927990e-03  -1.21057140e-03   2.46674053e-02  -4.37714807e-04   1.69247266e-04  -6.59920604e-05
 2.17900000e+00   2.42927990e-03  -1.21057140e-03   2.46674053e-02  -4.37263733e-04   1.69072771e-04  -6.59239910e-05
 2.18000000e+00   2.42927990e-03  -1.21057140e-03   2.46674053e-02  -4.36820154e-04   1.68901166e-04  -6.58570459e-05
 2.18100000e+00   2.42927990e-03  -1.21057140e-03   2.46674053e-02  -4.36376583e-04   1.68729558e-04  -6.57900972e-05
 2.18200000e+00   2.42927990e-03  -1.21057140e-03   2.46674053e-02  -4.35933018e-04   1.68557947e-04  -6.57231454e-05
 2.18300000e+00   2.42927990e-03  -1.21057140e-03   2.46674053e-02  -4.35502584e-04   1.68391406e-04  -6.56581682e-05
 2.18400000e+00   2.42927990e-03  -1.21057140e-03   2.46674053e-02  -4.35092606e-04   1.68232767e-04  -6.55962690e-05
 2.18500000e+00   2.42927990e-03  -1.21057140e-03   2.46674053e-02  -4.34682634e-04   1.68074124e-04  -6.55343658e-05
 2.18600000e+00   2.42927990e-03  -1.21057140e-03   2.46674053e-02  -4.34272664e-04   1.67915477e-04  -6.54724589e-05
 2.18700000e+00   2.42927990e-03  -1.21057140e-03   2.46674053e-02  -4.33864334e-04   1.67757458e-04  -6.54107954e-05
 2.18800000e+00   2.42927990e-03  -1.21057140e-03   2.46674053e-02  -4.33492362e-04   1.67613489e-04  -6.53546070e-05
 2.18900000e+00   2.42927990e-03  -1.21057140e-03   2.46674053e-02  -4.33120395e-04   1.67469516e-04  -6.52984146e-05
 2.19000000e+00   2.42927990e-03  -1.21057140e-03   2.46674053e-02  -4.32748428e-04   1.67325537e-04  -6.52422180e-05
 2.19100000e+00   2.42927990e-03  -1.21057140e-03   2.46674053e-02  -4.32376461e-04   1.67181554e-04  -6.51860180e-05
 2.19200000e+00   2.42927990e-03  -1.21057140e-03   2.46674053e-02  -4.32033895e-04   1.67048932e-04  -6.51342452e-05
 2.19300000e+00   2.42927990e-03  -1.21057140e-03   2.46674053e-02  -4.31704170e-04   1.66921269e-04  -6.50844035e-05
 2.19400000e+00   2.42927990e-03  -1.21057140e-03   2.46674053e-02  -4.31374448e-04   1.66793602e-04  -6.50345581e-05
 2.19500000e+00   2.42927990e-03  -1.21057140e-03   2.46674053e-02  -4.31044728e-04   1.66665930e-04  -6.49847095e-05
 2.19600000e+00   2.42927990e-03  -1.21057140e-03   2.46674053e-02  -4.30730942e-04   1.66544414e-04  -6.49372592e-05
 2.19700000e+00   2.42927990e-03  -1.21057140e-03   2.46674053e-02  -4.30447001e-04   1.66434432e-04  -6.48943033e-05
 2.19800000e+00   2.42927990e-03  -1.21057140e-03   2.46674053e-02  -4.30163062e-04   1.66324445e-04  -6.48513437e-05
 2.19900000e+00   2.42927990e-03  -1.21057140e-03   2.46674053e-02  -4.29879126e-04   1.66214455e-04  -6.48083814e-05
 2.20000000e+00   2.42927990e-03  -1.21057140e-03   2.46674053e-02  -4.29595194e-04   1.66104463e-04  -6.47654166e-05
 2.20100000e+00   2.42927990e-03  -1.21057140e-03   2.46674053e-02  -4.29360130e-04   1.66013359e-04  -6.47298142e-05
 2.20200000e+00   2.42927990e-03  -1.21057140e-03   2.46674053e-02  -4.29125070e-04   1.65922252e-04  -6.46942088e-05
 2.20300000e+00   2.42927990e-03  -1.21057140e-03   2.46674053e-02  -4.28890011e-04   1.65831141e-04  -6.46586004e-05
 2.20400000e+00   2.42927990e-03  -1.21057140e-03   2.46674053e-02  -4.28654954e-04   1.65740027e-04  -6.46229894e-05
 2.20500000e+00   2.42927990e-03  -1.21057140e-03   2.46674053e-02  -4.28453451e-04   1.65661883e-04  -6.45924334e-05
 2.20600000e+00   2.42927990e-03  -1.21057140e-03   2.46674053e-02  -4.28269858e-04   1.65590658e-04  -6.45645738e-05
 2.20700000e+00   2.42927990e-03  -1.21057140e-03   2.46674053e-02  -4.28086267e-04   1.65519431e-04  -6.45367115e-05
 2.20800000e+00   2.42927990e-03  -1.21057140e-03   2.46674053e-02  -4.27902676e-04   1.65448200e-04  -6.45088468e-05
 2.20900000e+00   2.42927990e-03  -1.21057140e-03   2.46674053e-02  -4.27735332e-04   1.65383248e-04  -6.44834287e-05
 2.21000000e+00   2.42927990e-03  -1.21057140e-03   2.46674053e-02  -4.27605182e-04   1.65332672e-04  -6.44636145e-05
 2.21100000e+00   2.42927990e-03  -1.21057140e-03   2.46674053e-02  -4.27475033e-04   1.65282093e-04  -6.44437978e-05
 2.21200000e+00   2.42927990e-03  -1.21057140e-03   2.46674053e-02  -4.27344886e-04   1.65231513e-04  -6.44239792e-05
 2.21300000e+00   2.42927990e-03  -1.21057140e-03   2.46674053e-02  -4.27214738e-04   1.65180929e-04  -6.44041585e-05
 2.21400000e+00   2.42927990e-03  -1.21057140e-03   2.46674053e-02  -4.27137154e-04   1.65150665e-04  -6.43922592e-05
 2.21500000e+00   2.42927990e-03  -1.21057140e-03   2.46674053e-02  -4.27061932e-04   1.65121313e-04  -6.43807139e-05
 2.21600000e+00   2.42927990e-03  -1.21057140e-03   2.46674053e-02  -4.26986711e-04   1.65091958e-04  -6.43691669e-05
 2.21700000e+00   2.42927990e-03  -1.21057140e-03   2.46674053e-02  -4.26911492e-04   1.65062601e-04  -6.43576182e-05
 2.21800000e+00   2.42927990e-03  -1.21057140e-03   2.46674053e-02  -4.26864964e-04   1.65044349e-04  -6.43504037e-05
 2.21900000e+00   2.42927990e-03  -1.21057140e-03   2.46674053e-02  -4.26836858e-04   1.65033237e-04  -6.43459793e-05
 2.22000000e+00   2.42927990e-03  -1.21057140e-03   2.46674053e-02  -4.26808751e-04   1.65022137e-04  -6.43415643e-05
 2.22100000e+00   2.42927990e-03  -1.21057140e-03   2.46674053e-02  -4.26780640e-04   1.65011044e-04  -6.43371558e-05
 2.22200000e+00   2.42927990e-03  -1.21057140e-03   2.46674053e-02  -4.26758052e-04   1.65002102e-04  -6.43335913e-05
 2.22300000e+00   2.42927990e-03  -1.21057140e-03   2.46674053e-02  -4.26751110e-04   1.64999243e-04  -6.43324108e-05
 2.22400000e+00   2.42927990e-03  -1.21057140e-03   2.46674053e-02  -4.26744166e-04   1.64996407e-04  -6.43312493e-05
 2.22500000e+00   2.42927990e-03  -1.21057140e-03   2.46674053e-02  -4.26737212e-04   1.64993588e-04  -6.43301015e-05
 2.22600000e+00   2.42927990e-03  -1.21057140e-03   2.46674053e-02  -4.26730251e-04   1.64990783e-04  -6.43289651e-05
 2.22700000e+00   2.42927990e-03  -1.21057140e-03   2.46674053e-02  -4.26714698e-04   1.64984669e-04  -6.43265443e-05
 2.22800000e+00   2.42927990e-03  -1.21057140e-03   2.46674053e-02  -4.26698321e-04   1.64978250e-04  -6.43240088e-05
 2.22900000e+00   2.42927990e-03  -1.21057140e-03   2.46674053e-02  -4.26681940e-04   1.64971839e-04  -6.43214807e-05
 2.23000000e+00   2.42927990e-03  -1.21057140e-03   2.46674053e-02  -4.26665552e-04   1.64965436e-04  -6.43189591e-05
 2.23100000e+00   2.42927990e-03  -1.21057140e-03   2.46674053e-02  -4.26643545e-04   1.64956868e-04  -6.43155970e-05
 2.23200000e+00   2.42927990e-03  -1.21057140e-03   2.46674053e-02  -4.26617212e-04   1.64946636e-04  -6.43115887e-05
 2.23300000e+00   2.42927990e-03  -1.21057140e-03   2.46674053e-02  -4.26590875e-04   1.64936410e-04  -6.43075853e-05
 2.23400000e+00   2.42927990e-03  -1.21057140e-03   2.46674053e-02  -4.26564533e-04   1.64926187e-04  -6.43035860e-05
 2.23500000e+00   2.42927990e-03  -1.21057140e-03   2.46674053e-02  -4.26536038e-04   1.64915140e-04  -6.42992671e-05
 2.23600000e+00   2.42927990e-03  -1.21057140e-03   2.46674053e-02  -4.26499773e-04   1.64901093e-04  -6.42937809e-05
 2.23700000e+00   2.42927990e-03  -1.21057140e-03   2.46674053e-02  -4.26463505e-04   1.64887050e-04  -6.42882984e-05
 2.23800000e+00   2.42927990e-03  -1.21057140e-03   2.46674053e-02  -4.26427235e-04   1.64873011e-04  -6.42828192e-05
 2.23900000e+00   2.42927990e-03  -1.21057140e-03   2.46674053e-02  -4.26390961e-04   1.64858976e-04  -6.42773430e-05
 2.24000000e+00   2.42927990e-03  -1.21057140e-03   2.46674053e-02  -4.26346119e-04   1.64841631e-04  -6.42705781e-05
 2.24100000e+00   2.42927990e-03  -1.21057140e-03   2.46674053e-02  -4.26299993e-04   1.64823794e-04  -6.42636228e-05
 2.24200000e+00   2.42927990e-03  -1.21057140e-03   2.46674053e-02  -4.26253865e-04   1.64805961e-04  -6.42566700e-05
 2.24300000e+00   2.42927990e-03  -1.21057140e-03   2.46674053e-02  -4.26207735e-04   1.64788129e-04  -6.42497194e-05
 2.24400000e+00   2.42927990e-03  -1.21057140e-03   2.46674053e-02  -4.26156485e-04   1.64768321e-04  -6.42419993e-05
 2.24500000e+00   2.42927990e-03  -1.21057140e-03   2.46674053e-02  -4.26100545e-04   1.64746703e-04  -6.42335746e-05
 2.24600000e+00   2.42927990e-03  -1.21057140e-03   2.46674053e-02  -4.26044604e-04   1.64725087e-04  -6.42251517e-05
 2.24700000e+00   2.42927990e-03  -1.21057140e-03   2.46674053e-02  -4.25988661e-04   1.64703473e-04  -6.42167306e-05
 2.24800000e+00   2.42927990e-03  -1.21057140e-03   2.46674053e-02  -4.25931023e-04   1.64681206e-04  -6.42080556e-05
 2.24900000e+00   2.42927990e-03  -1.21057140e-03   2.46674053e-02  -4.25865340e-04   1.64655831e-04  -6.41981697e-05
 2.25000000e+00   2.42927990e-03  -1.21057140e-03   2.46674053e-02  -4.25799655e-04   1.64630457e-04  -6.41882851e-05
 2.25100000e+00   2.42927990e-03  -1.21057140e-03   2.46674053e-02  -4.25733970e-04   1.64605085e-04  -6.41784018e-05
 2.25200000e+00   2.42927990e-03  -1.21057140e-03   2.46674053e-02  -4.25668284e-04   1.64579714e-04  -6.41685198e-05
 2.25300000e+00   2.42927990e-03  -1.21057140e-03   2.46674053e-02  -4.25594623e-04   1.64551262e-04  -6.41574370e-05
 2.25400000e+00   2.42927990e-03  -1.21057140e-03   2.46674053e-02  -4.25519282e-04   1.64522161e-04  -6.41461019e-05
 2.25500000e+00   2.42927990e-03  -1.21057140e-03   2.46674053e-02  -4.25443940e-04   1.64493062e-04  -6.41347679e-05
 2.25600000e+00   2.42927990e-03  -1.21057140e-03   2.46674053e-02  -4.25368598e-04   1.64463964e-04  -6.41234350e-05
 2.25700000e+00   2.42927990e-03  -1.21057140e-03   2.46674053e-02  -4.25288684e-04   1.64433099e-04  -6.41114137e-05
 2.25800000e+00   2.42927990e-03  -1.21057140e-03   2.46674053e-02  -4.25203778e-04   1.64400306e-04  -6.40986408e-05
 2.25900000e+00   2.42927990e-03  -1.21057140e-03   2.46674053e-02  -4.25118871e-04   1.64367513e-04  -6.40858685e-05
 2.26000000e+00   2.42927990e-03  -1.21057140e-03   2.46674053e-02  -4.25033964e-04   1.64334721e-04  -6.40730969e-05
 2.26100000e+00   2.42927990e-03  -1.21057140e-03   2.46674053e-02  -4.24947822e-04   1.64301453e-04  -6.40601400e-05
 2.26200000e+00   2.42927990e-03  -1.21057140e-03   2.46674053e-02  -4.24853422e-04   1.64264992e-04  -6.40459389e-05
 2.26300000e+00   2.42927990e-03  -1.21057140e-03   2.46674053e-02  -4.24759021e-04   1.64228532e-04  -6.40317382e-05
 2.26400000e+00   2.42927990e-03  -1.21057140e-03   2.46674053e-02  -4.24664621e-04   1.64192073e-04  -6.40175381e-05
 2.26500000e+00   2.42927990e-03  -1.21057140e-03   2.46674053e-02  -4.24570219e-04   1.64155615e-04  -6.40033384e-05
 2.26600000e+00   2.42927990e-03  -1.21057140e-03   2.46674053e-02  -4.24468519e-04   1.64116335e-04  -6.39880389e-05
 2.26700000e+00   2.42927990e-03  -1.21057140e-03   2.46674053e-02  -4.24364797e-04   1.64076273e-04  -6.39724349e-05
 2.26800000e+00   2.42927990e-03  -1.21057140e-03   2.46674053e-02  -4.24261074e-04   1.64036212e-04  -6.39568313e-05
 2.26900000e+00   2.42927990e-03  -1.21057140e-03   2.46674053e-02  -4.24157350e-04   1.63996151e-04  -6.39412279e-05
 2.27000000e+00   2.42927990e-03  -1.21057140e-03   2.46674053e-02  -4.24049614e-04   1.63954539e-04  -6.39250200e-05
 2.27100000e+00   2.42927990e-03  -1.21057140e-03   2.46674053e-02  -4.23936666e-04   1.63910913e-04  -6.39080267e-05
 2.27200000e+00   2.42927990e-03  -1.21057140e-03   2.46674053e-02  -4.23823718e-04   1.63867286e-04  -6.38910337e-05
 2.27300000e+00   2.42927990e-03  -1.21057140e-03   2.46674053e-02  -4.23710769e-04   1.63823660e-04  -6.38740409e-05
 2.27400000e+00   2.42927990e-03  -1.21057140e-03   2.46674053e-02  -4.23597031e-04   1.63779729e-04  -6.38569292e-05
 2.27500000e+00   2.42927990e-03  -1.21057140e-03   2.46674053e-02  -4.23475010e-04   1.63732596e-04  -6.38385690e-05
 2.27600000e+00   2.42927990e-03  -1.21057140e-03   2.46674053e-02  -4.23352988e-04   1.63685462e-04  -6.38202090e-05
 2.27700000e+00   2.42927990e-03  -1.21057140e-03   2.46674053e-02  -4.23230966e-04   1.63638329e-04  -6.38018491e-05
 2.27800000e+00   2.42927990e-03  -1.21057140e-03   2.46674053e-02  -4.23108944e-04   1.63591196e-04  -6.37834894e-05
 2.27900000e+00   2.42927990e-03  -1.21057140e-03   2.46674053e-02  -4.22980315e-04   1.63541509e-04  -6.37641336e-05
 2.28000000e+00   2.42927990e-03  -1.21057140e-03   2.46674053e-02  -4.22849350e-04   1.63490918e-04  -6.37444259e-05
 2.28100000e+00   2.42927990e-03  -1.21057140e-03   2.46674053e-02  -4.22718386e-04   1.63440328e-04  -6.37247184e-05
 2.28200000e+00   2.42927990e-03  -1.21057140e-03   2.46674053e-02  -4.22587422e-04   1.63389738e-04  -6.37050111e-05
 2.28300000e+00   2.42927990e-03  -1.21057140e-03   2.46674053e-02  -4.22453028e-04   1.63337822e-04  -6.36847867e-05
 2.28400000e+00   2.42927990e-03  -1.21057140e-03   2.46674053e-02  -4.22313288e-04   1.63283839e-04  -6.36637564e-05
 2.28500000e+00   2.42927990e-03  -1.21057140e-03   2.46674053e-02  -4.22173551e-04   1.63229857e-04  -6.36427264e-05
 2.28600000e+00   2.42927990e-03  -1.21057140e-03   2.46674053e-02  -4.22033811e-04   1.63175875e-04  -6.36216962e-05
 2.28700000e+00   2.42927990e-03  -1.21057140e-03   2.46674053e-02  -4.21893701e-04   1.63121749e-04  -6.36006102e-05
 2.28800000e+00   2.42927990e-03  -1.21057140e-03   2.46674053e-02  -4.21745322e-04   1.63064426e-04  -6.35782776e-05
 2.28900000e+00   2.42927990e-03  -1.21057140e-03   2.46674053e-02  -4.21596944e-04   1.63007103e-04  -6.35559450e-05
 2.29000000e+00   2.42927990e-03  -1.21057140e-03   2.46674053e-02  -4.21448566e-04   1.62949780e-04  -6.35336125e-05
 2.29100000e+00   2.42927990e-03  -1.21057140e-03   2.46674053e-02  -4.21300187e-04   1.62892457e-04  -6.35112799e-05
 2.29200000e+00   2.42927990e-03  -1.21057140e-03   2.46674053e-02  -4.21145972e-04   1.62832877e-04  -6.34880674e-05
 2.29300000e+00   2.42927990e-03  -1.21057140e-03   2.46674053e-02  -4.20989206e-04   1.62772311e-04  -6.34644702e-05
 2.29400000e+00   2.42927990e-03  -1.21057140e-03   2.46674053e-02  -4.20832438e-04   1.62711744e-04  -6.34408727e-05
 2.29500000e+00   2.42927990e-03  -1.21057140e-03   2.46674053e-02  -4.20675673e-04   1.62651178e-04  -6.34172755e-05
 2.29600000e+00   2.42927990e-03  -1.21057140e-03   2.46674053e-02  -4.20516043e-04   1.62589504e-04  -6.33932463e-05
 2.29700000e+00   2.42927990e-03  -1.21057140e-03   2.46674053e-02  -4.20351046e-04   1.62525755e-04  -6.33684081e-05
 2.29800000e+00   2.42927990e-03  -1.21057140e-03   2.46674053e-02  -4.20186050e-04   1.62462006e-04  -6.33435698e-05
 2.29900000e+00   2.42927990e-03  -1.21057140e-03   2.46674053e-02  -4.20021054e-04   1.62398257e-04  -6.33187314e-05
 2.30000000e+00   2.42927990e-03  -1.21057140e-03   2.46674053e-02  -4.19856057e-04   1.62334508e-04  -6.32938929e-05
 2.30100000e+00   2.42927990e-03  -1.21057140e-03   2.46674053e-02  -4.19683029e-04   1.62267654e-04  -6.32678435e-05
 2.30200000e+00   2.42927990e-03  -1.21057140e-03   2.46674053e-02  -4.19510002e-04   1.62200799e-04  -6.32417941e-05
 2.30300000e+00   2.42927990e-03  -1.21057140e-03   2.46674053e-02  -4.19336975e-04   1.62133944e-04  -6.32157445e-05
 2.30400000e+00   2.42927990e-03  -1.21057140e-03   2.46674053e-02  -4.19163948e-04   1.62067090e-04  -6.31896949e-05
 2.30500000e+00   2.42927990e-03  -1.21057140e-03   2.46674053e-02  -4.18985818e-04   1.61998262e-04  -6.31628759e-05
 2.30600000e+00   2.42927990e-03  -1.21057140e-03   2.46674053e-02  -4.18804966e-04   1.61928381e-04  -6.31356463e-05
 2.30700000e+00   2.42927990e-03  -1.21057140e-03   2.46674053e-02  -4.18624114e-04   1.61858500e-04  -6.31084165e-05
 2.30800000e+00   2.42927990e-03  -1.21057140e-03   2.46674053e-02  -4.18443261e-04   1.61788619e-04  -6.30811866e-05
 2.30900000e+00   2.42927990e-03  -1.21057140e-03   2.46674053e-02  -4.18260085e-04   1.61717839e-04  -6.30536063e-05
 2.31000000e+00   2.42927990e-03  -1.21057140e-03   2.46674053e-02  -4.18071589e-04   1.61645003e-04  -6.30252238e-05
 2.31100000e+00   2.42927990e-03  -1.21057140e-03   2.46674053e-02  -4.17883094e-04   1.61572166e-04  -6.29968412e-05
 2.31200000e+00   2.42927990e-03  -1.21057140e-03   2.46674053e-02  -4.17694598e-04   1.61499328e-04  -6.29684585e-05
 2.31300000e+00   2.42927990e-03  -1.21057140e-03   2.46674053e-02  -4.17506103e-04   1.61426491e-04  -6.29400756e-05
 2.31400000e+00   2.42927990e-03  -1.21057140e-03   2.46674053e-02  -4.17310594e-04   1.61350942e-04  -6.29106352e-05
 2.31500000e+00   2.42927990e-03  -1.21057140e-03   2.46674053e-02  -4.17114770e-04   1.61275271e-04  -6.28811471e-05
 2.31600000e+00   2.42927990e-03  -1.21057140e-03   2.46674053e-02  -4.16918946e-04   1.61199599e-04  -6.28516588e-05
 2.31700000e+00   2.42927990e-03  -1.21057140e-03   2.46674053e-02  -4.16723121e-04   1.61123927e-04  -6.28221703e-05
 2.31800000e+00   2.42927990e-03  -1.21057140e-03   2.46674053e-02  -4.16522959e-04   1.61046577e-04  -6.27920277e-05
 2.31900000e+00   2.42927990e-03  -1.21057140e-03   2.46674053e-02  -4.16320011e-04   1.60968151e-04  -6.27614649e-05
 2.32000000e+00   2.42927990e-03  -1.21057140e-03   2.46674053e-02  -4.16117062e-04   1.60889724e-04  -6.27309019e-05
 2.32100000e+00   2.42927990e-03  -1.21057140e-03   2.46674053e-02  -4.15914114e-04   1.60811296e-04  -6.27003386e-05
 2.32200000e+00   2.42927990e-03  -1.21057140e-03   2.46674053e-02  -4.15709367e-04   1.60732173e-04  -6.26695042e-05
 2.32300000e+00   2.42927990e-03  -1.21057140e-03   2.46674053e-02  -4.15499528e-04   1.60651081e-04  -6.26379018e-05
 2.32400000e+00   2.42927990e-03  -1.21057140e-03   2.46674053e-02  -4.15289690e-04   1.60569989e-04  -6.26062992e-05
 2.32500000e+00   2.42927990e-03  -1.21057140e-03   2.46674053e-02  -4.15079851e-04   1.60488896e-04  -6.25746965e-05
 2.32600000e+00   2.42927990e-03  -1.21057140e-03   2.46674053e-02  -4.14870013e-04   1.60407804e-04  -6.25430936e-05
 2.32700000e+00   2.42927990e-03  -1.21057140e-03   2.46674053e-02  -4.14654120e-04   1.60324370e-04  -6.25105777e-05
 2.32800000e+00   2.42927990e-03  -1.21057140e-03   2.46674053e-02  -4.14437651e-04   1.60240713e-04  -6.24779747e-05
 2.32900000e+00   2.42927990e-03  -1.21057140e-03   2.46674053e-02  -4.14221181e-04   1.60157055e-04  -6.24453715e-05
 2.33000000e+00   2.42927990e-03  -1.21057140e-03   2.46674053e-02  -4.14004712e-04   1.60073398e-04  -6.24127681e-05
 2.33100000e+00   2.42927990e-03  -1.21057140e-03   2.46674053e-02  -4.13784649e-04   1.59988350e-04  -6.23796227e-05
 2.33200000e+00   2.42927990e-03  -1.21057140e-03   2.46674053e-02  -4.13561819e-04   1.59902233e-04  -6.23460599e-05
 2.33300000e+00   2.42927990e-03  -1.21057140e-03   2.46674053e-02  -4.13338989e-04   1.59816115e-04  -6.23124969e-05
 2.33400000e+00   2.42927990e-03  -1.21057140e-03   2.46674053e-02  -4.13116160e-04   1.59729997e-04  -6.22789337e-05
 2.33500000e+00   2.42927990e-03  -1.21057140e-03   2.46674053e-02  -4.12891996e-04   1.59643363e-04  -6.22451692e-05
 2.33600000e+00   2.42927990e-03  -1.21057140e-03   2.46674053e-02  -4.12663018e-04   1.59554867e-04  -6.22106788e-05
 2.33700000e+00   2.42927990e-03  -1.21057140e-03   2.46674053e-02  -4.12434042e-04   1.59466371e-04  -6.21761882e-05
 2.33800000e+00   2.42927990e-03  -1.21057140e-03   2.46674053e-02  -4.12205064e-04   1.59377875e-04  -6.21416973e-05
 2.33900000e+00   2.42927990e-03  -1.21057140e-03   2.46674053e-02  -4.11976087e-04   1.59289379e-04  -6.21072062e-05
 2.34000000e+00   2.42927990e-03  -1.21057140e-03   2.46674053e-02  -4.11742095e-04   1.59198943e-04  -6.20719588e-05
 2.34100000e+00   2.42927990e-03  -1.21057140e-03   2.46674053e-02  -4.11507353e-04   1.59108217e-04  -6.20365982e-05
 2.34200000e+00   2.42927990e-03  -1.21057140e-03   2.46674053e-02  -4.11272612e-04   1.59017491e-04  -6.20012374e-05
 2.34300000e+00   2.42927990e-03  -1.21057140e-03   2.46674053e-02  -4.11037870e-04   1.58926764e-04  -6.19658763e-05
 2.34400000e+00   2.42927990e-03  -1.21057140e-03   2.46674053e-02  -4.10800242e-04   1.58834921e-04  -6.19300798e-05
 2.34500000e+00   2.42927990e-03  -1.21057140e-03   2.46674053e-02  -4.10559970e-04   1.58742056e-04  -6.18938844e-05
 2.34600000e+00   2.42927990e-03  -1.21057140e-03   2.46674053e-02  -4.10319697e-04   1.58649190e-04  -6.18576888e-05
 2.34700000e+00   2.42927990e-03  -1.21057140e-03   2.46674053e-02  -4.10079425e-04   1.58556324e-04  -6.18214929e-05
 2.34800000e+00   2.42927990e-03  -1.21057140e-03   2.46674053e-02  -4.09838243e-04   1.58463105e-04  -6.17851597e-05
 2.34900000e+00   2.42927990e-03  -1.21057140e-03   2.46674053e-02  -4.09592740e-04   1.58368216e-04  -6.17481747e-05
 2.35000000e+00   2.42927990e-03  -1.21057140e-03   2.46674053e-02  -4.09347237e-04   1.58273326e-04  -6.17111894e-05
 2.35100000e+00   2.42927990e-03  -1.21057140e-03   2.46674053e-02  -4.09101735e-04   1.58178436e-04  -6.16742041e-05
 2.35200000e+00   2.42927990e-03  -1.21057140e-03   2.46674053e-02  -4.08856233e-04   1.58083546e-04  -6.16372186e-05
 2.35300000e+00   2.42927990e-03  -1.21057140e-03   2.46674053e-02  -4.08606651e-04   1.57987078e-04  -6.15996176e-05
 2.35400000e+00   2.42927990e-03  -1.21057140e-03   2.46674053e-02  -4.08356209e-04   1.57890278e-04  -6.15618868e-05
 2.35500000e+00   2.42927990e-03  -1.21057140e-03   2.46674053e-02  -4.08105767e-04   1.57793477e-04  -6.15241557e-05
 2.35600000e+00   2.42927990e-03  -1.21057140e-03   2.46674053e-02  -4.07855326e-04   1.57696675e-04  -6.14864244e-05
 2.35700000e+00   2.42927990e-03  -1.21057140e-03   2.46674053e-02  -4.07602669e-04   1.57599017e-04  -6.14483589e-05
 2.35800000e+00   2.42927990e-03  -1.21057140e-03   2.46674053e-02  -4.07347593e-04   1.57500423e-04  -6.14099283e-05
 2.35900000e+00   2.42927990e-03  -1.21057140e-03   2.46674053e-02  -4.07092517e-04   1.57401829e-04  -6.13714975e-05
 2.36000000e+00   2.42927990e-03  -1.21057140e-03   2.46674053e-02  -4.06837441e-04   1.57303234e-04  -6.13330664e-05
 2.36100000e+00   2.42927990e-03  -1.21057140e-03   2.46674053e-02  -4.06581796e-04   1.57204419e-04  -6.12945493e-05
 2.36200000e+00   2.42927990e-03  -1.21057140e-03   2.46674053e-02  -4.06322339e-04   1.57104130e-04  -6.12554573e-05
 2.36300000e+00   2.42927990e-03  -1.21057140e-03   2.46674053e-02  -4.06062883e-04   1.57003841e-04  -6.12163650e-05
 2.36400000e+00   2.42927990e-03  -1.21057140e-03   2.46674053e-02  -4.05803427e-04   1.56903551e-04  -6.11772725e-05
 2.36500000e+00   2.42927990e-03  -1.21057140e-03   2.46674053e-02  -4.05543971e-04   1.56803262e-04  -6.11381798e-05
 2.36600000e+00   2.42927990e-03  -1.21057140e-03   2.46674053e-02  -4.05281431e-04   1.56701779e-04  -6.10986217e-05
 2.36700000e+00   2.42927990e-03  -1.21057140e-03   2.46674053e-02  -4.05018032e-04   1.56599963e-04  -6.10589339e-05
 2.36800000e+00   2.42927990e-03  -1.21057140e-03   2.46674053e-02  -4.04754633e-04   1.56498148e-04  -6.10192458e-05
 2.36900000e+00   2.42927990e-03  -1.21057140e-03   2.46674053e-02  -4.04491234e-04   1.56396332e-04  -6.09795576e-05
 2.37000000e+00   2.42927990e-03  -1.21057140e-03   2.46674053e-02  -4.04226233e-04   1.56293896e-04  -6.09396273e-05
 2.37100000e+00   2.42927990e-03  -1.21057140e-03   2.46674053e-02  -4.03959148e-04   1.56190654e-04  -6.08993827e-05
 2.37200000e+00   2.42927990e-03  -1.21057140e-03   2.46674053e-02  -4.03692063e-04   1.56087412e-04  -6.08591379e-05
 2.37300000e+00   2.42927990e-03  -1.21057140e-03   2.46674053e-02  -4.03424979e-04   1.55984169e-04  -6.08188928e-05
 2.37400000e+00   2.42927990e-03  -1.21057140e-03   2.46674053e-02  -4.03157602e-04   1.55880813e-04  -6.07786033e-05
 2.37500000e+00   2.42927990e-03  -1.21057140e-03   2.46674053e-02  -4.02887154e-04   1.55776269e-04  -6.07378505e-05
 2.37600000e+00   2.42927990e-03  -1.21057140e-03   2.46674053e-02  -4.02616705e-04   1.55671725e-04  -6.06970973e-05
 2.37700000e+00   2.42927990e-03  -1.21057140e-03   2.46674053e-02  -4.02346257e-04   1.55567180e-04  -6.06563438e-05
 2.37800000e+00   2.42927990e-03  -1.21057140e-03   2.46674053e-02  -4.02075809e-04   1.55462635e-04  -6.06155902e-05
 2.37900000e+00   2.42927990e-03  -1.21057140e-03   2.46674053e-02  -4.01803124e-04   1.55357225e-04  -6.05744989e-05
 2.38000000e+00   2.42927990e-03  -1.21057140e-03   2.46674053e-02  -4.01529651e-04   1.55251510e-04  -6.05332886e-05
 2.38100000e+00   2.42927990e-03  -1.21057140e-03   2.46674053e-02  -4.01256176e-04   1.55145793e-04  -6.04920777e-05
 2.38200000e+00   2.42927990e-03  -1.21057140e-03   2.46674053e-02  -4.00982705e-04   1.55040078e-04  -6.04508669e-05
 2.38300000e+00   2.42927990e-03  -1.21057140e-03   2.46674053e-02  -4.00708178e-04   1.54933954e-04  -6.04094970e-05
 2.38400000e+00   2.42927990e-03  -1.21057140e-03   2.46674053e-02  -4.00432011e-04   1.54827195e-04  -6.03678793e-05
 2.38500000e+00   2.42927990e-03  -1.21057140e-03   2.46674053e-02  -4.00155847e-04   1.54720437e-04  -6.03262616e-05
 2.38600000e+00   2.42927990e-03  -1.21057140e-03   2.46674053e-02  -3.99879679e-04   1.54613678e-04  -6.02846432e-05
 2.38700000e+00   2.42927990e-03  -1.21057140e-03   2.46674053e-02  -3.99603405e-04   1.54506876e-04  -6.02430085e-05
 2.38800000e+00   2.42927990e-03  -1.21057140e-03   2.46674053e-02  -3.99324816e-04   1.54399180e-04  -6.02010244e-05
 2.38900000e+00   2.42927990e-03  -1.21057140e-03   2.46674053e-02  -3.99046224e-04   1.54291481e-04  -6.01590396e-05
 2.39000000e+00   2.42927990e-03  -1.21057140e-03   2.46674053e-02  -3.98767632e-04   1.54183783e-04  -6.01170545e-05
 2.39100000e+00   2.42927990e-03  -1.21057140e-03   2.46674053e-02  -3.98489041e-04   1.54076084e-04  -6.00750692e-05
 2.39200000e+00   2.42927990e-03  -1.21057140e-03   2.46674053e-02  -3.98209085e-04   1.53967857e-04  -6.00328777e-05
 2.39300000e+00   2.42927990e-03  -1.21057140e-03   2.46674053e-02  -3.97928533e-04   1.53859399e-04  -5.99905962e-05
 2.39400000e+00   2.42927990e-03  -1.21057140e-03   2.46674053e-02  -3.97647981e-04   1.53750941e-04  -5.99483143e-05
 2.39500000e+00   2.42927990e-03  -1.21057140e-03   2.46674053e-02  -3.97367425e-04   1.53642481e-04  -5.99060316e-05
 2.39600000e+00   2.42927990e-03  -1.21057140e-03   2.46674053e-02  -3.97086296e-04   1.53533799e-04  -5.98636621e-05
 2.39700000e+00   2.42927990e-03  -1.21057140e-03   2.46674053e-02  -3.96804069e-04   1.53424692e-04  -5.98211267e-05
 2.39800000e+00   2.42927990e-03  -1.21057140e-03   2.46674053e-02  -3.96521838e-04   1.53315583e-04  -5.97785905e-05
 2.39900000e+00   2.42927990e-03  -1.21057140e-03   2.46674053e-02  -3.96239613e-04   1.53206476e-04  -5.97360548e-05
 2.40000000e+00   2.42927990e-03  -1.21057140e-03   2.46674053e-02  -3.95957388e-04   1.53097369e-04  -5.96935189e-05
 2.40100000e+00   2.42927990e-03  -1.21057140e-03   2.46674053e-02  -3.95673832e-04   1.52987746e-04  -5.96507818e-05
 2.40200000e+00   2.42927990e-03  -1.21057140e-03   2.46674053e-02  -3.95390269e-04   1.52878120e-04  -5.96080435e-05
 2.40300000e+00   2.42927990e-03  -1.21057140e-03   2.46674053e-02  -3.95106713e-04   1.52768497e-04  -5.95653059e-05
 2.40400000e+00   2.42927990e-03  -1.21057140e-03   2.46674053e-02  -3.94823157e-04   1.52658873e-04  -5.95225679e-05
 2.40500000e+00   2.42927990e-03  -1.21057140e-03   2.46674053e-02  -3.94538946e-04   1.52548996e-04  -5.94797310e-05
 2.40600000e+00   2.42927990e-03  -1.21057140e-03   2.46674053e-02  -3.94254403e-04   1.52438989e-04  -5.94368436e-05
 2.40700000e+00   2.42927990e-03  -1.21057140e-03   2.46674053e-02  -3.93969852e-04   1.52328980e-04  -5.93939546e-05
 2.40800000e+00   2.42927990e-03  -1.21057140e-03   2.46674053e-02  -3.93685302e-04   1.52218970e-04  -5.93510657e-05
 2.40900000e+00   2.42927990e-03  -1.21057140e-03   2.46674053e-02  -3.93400536e-04   1.52108876e-04  -5.93081437e-05
 2.41000000e+00   2.42927990e-03  -1.21057140e-03   2.46674053e-02  -3.93115270e-04   1.51998588e-04  -5.92651459e-05
 2.41100000e+00   2.42927990e-03  -1.21057140e-03   2.46674053e-02  -3.92830011e-04   1.51888303e-04  -5.92221489e-05
 2.41200000e+00   2.42927990e-03  -1.21057140e-03   2.46674053e-02  -3.92544747e-04   1.51778016e-04  -5.91791510e-05
 2.41300000e+00   2.42927990e-03  -1.21057140e-03   2.46674053e-02  -3.92259486e-04   1.51667729e-04  -5.91361531e-05
 2.41400000e+00   2.42927990e-03  -1.21057140e-03   2.46674053e-02  -3.91974011e-04   1.51557359e-04  -5.90931226e-05
 2.41500000e+00   2.42927990e-03  -1.21057140e-03   2.46674053e-02  -3.91688526e-04   1.51446984e-04  -5.90500902e-05
 2.41600000e+00   2.42927990e-03  -1.21057140e-03   2.46674053e-02  -3.91403042e-04   1.51336610e-04  -5.90070577e-05
 2.41700000e+00   2.42927990e-03  -1.21057140e-03   2.46674053e-02  -3.91117556e-04   1.51226234e-04  -5.89640246e-05
 2.41800000e+00   2.42927990e-03  -1.21057140e-03   2.46674053e-02  -3.90832101e-04   1.51115870e-04  -5.89209958e-05
 2.41900000e+00   2.42927990e-03  -1.21057140e-03   2.46674053e-02  -3.90546662e-04   1.51005512e-04  -5.88779690e-05
 2.42000000e+00   2.42927990e-03  -1.21057140e-03   2.46674053e-02  -3.90261223e-04   1.50895153e-04  -5.88349420e-05
 2.42100000e+00   2.42927990e-03  -1.21057140e-03   2.46674053e-02  -3.89975784e-04   1.50784794e-04  -5.87919146e-05
 2.42200000e+00   2.42927990e-03  -1.21057140e-03   2.46674053e-02  -3.89690452e-04   1.50674476e-04  -5.87489031e-05
 2.42300000e+00   2.42927990e-03  -1.21057140e-03   2.46674053e-02  -3.89405421e-04   1.50564273e-04  -5.87059365e-05
 2.42400000e+00   2.42927990e-03  -1.21057140e-03   2.46674053e-02  -3.89120390e-04   1.50454071e-04  -5.86629696e-05
 2.42500000e+00   2.42927990e-03  -1.21057140e-03   2.46674053e-02  -3.88835359e-04   1.50343867e-04  -5.86200024e-05
 2.42600000e+00   2.42927990e-03  -1.21057140e-03   2.46674053e-02  -3.88550328e-04   1.50233664e-04  -5.85770349e-05
 2.42700000e+00   2.42927990e-03  -1.21057140e-03   2.46674053e-02  -3.88265974e-04   1.50123722e-04  -5.85341691e-05
 2.42800000e+00   2.42927990e-03  -1.21057140e-03   2.46674053e-02  -3.87981685e-04   1.50013804e-04  -5.84913127e-05
 2.42900000e+00   2.42927990e-03  -1.21057140e-03   2.46674053e-02  -3.87697396e-04   1.49903886e-04  -5.84484560e-05
 2.43000000e+00   2.42927990e-03  -1.21057140e-03   2.46674053e-02  -3.87413107e-04   1.49793968e-04  -5.84055991e-05
 2.43100000e+00   2.42927990e-03  -1.21057140e-03   2.46674053e-02  -3.87129437e-04   1.49684288e-04  -5.83628351e-05
 2.43200000e+00   2.42927990e-03  -1.21057140e-03   2.46674053e-02  -3.86846244e-04   1.49574793e-04  -5.83201426e-05
 2.43300000e+00   2.42927990e-03  -1.21057140e-03   2.46674053e-02  -3.86563051e-04   1.49465297e-04  -5.82774499e-05
 2.43400000e+00   2.42927990e-03  -1.21057140e-03   2.46674053e-02  -3.86279859e-04   1.49355800e-04  -5.82347568e-05
 2.43500000e+00   2.42927990e-03  -1.21057140e-03   2.46674053e-02  -3.85996964e-04   1.49246419e-04  -5.81921084e-05
 2.43600000e+00   2.42927990e-03  -1.21057140e-03   2.46674053e-02  -3.85715144e-04   1.49137452e-04  -5.81496216e-05
 2.43700000e+00   2.42927990e-03  -1.21057140e-03   2.46674053e-02  -3.85433324e-04   1.49028486e-04  -5.81071345e-05
 2.43800000e+00   2.42927990e-03  -1.21057140e-03   2.46674053e-02  -3.85151505e-04   1.48919519e-04  -5.80646471e-05
 2.43900000e+00   2.42927990e-03  -1.21057140e-03   2.46674053e-02  -3.84869686e-04   1.48810551e-04  -5.80221595e-05
 2.44000000e+00   2.42927990e-03  -1.21057140e-03   2.46674053e-02  -3.84589476e-04   1.48702206e-04  -5.79799142e-05
 2.44100000e+00   2.42927990e-03  -1.21057140e-03   2.46674053e-02  -3.84309509e-04   1.48593953e-04  -5.79377050e-05
 2.44200000e+00   2.42927990e-03  -1.21057140e-03   2.46674053e-02  -3.84029543e-04   1.48485701e-04  -5.78954957e-05
 2.44300000e+00   2.42927990e-03  -1.21057140e-03   2.46674053e-02  -3.83749575e-04   1.48377448e-04  -5.78532859e-05
 2.44400000e+00   2.42927990e-03  -1.21057140e-03   2.46674053e-02  -3.83470713e-04   1.48269622e-04  -5.78112424e-05
 2.44500000e+00   2.42927990e-03  -1.21057140e-03   2.46674053e-02  -3.83192862e-04   1.48162186e-04  -5.77693510e-05
 2.44600000e+00   2.42927990e-03  -1.21057140e-03   2.46674053e-02  -3.82915011e-04   1.48054750e-04  -5.77274593e-05
 2.44700000e+00   2.42927990e-03  -1.21057140e-03   2.46674053e-02  -3.82637162e-04   1.47947314e-04  -5.76855674e-05
 2.44800000e+00   2.42927990e-03  -1.21057140e-03   2.46674053e-02  -3.82359741e-04   1.47840043e-04  -5.76437399e-05
 2.44900000e+00   2.42927990e-03  -1.21057140e-03   2.46674053e-02  -3.82084358e-04   1.47733560e-04  -5.76022191e-05
 2.45000000e+00   2.42927990e-03  -1.21057140e-03   2.46674053e-02  -3.81808975e-04   1.47627076e-04  -5.75606981e-05
 2.45100000e+00   2.42927990e-03  -1.21057140e-03   2.46674053e-02  -3.81533592e-04   1.47520592e-04  -5.75191769e-05
 2.45200000e+00   2.42927990e-03  -1.21057140e-03   2.46674053e-02  -3.81258209e-04   1.47414108e-04  -5.74776553e-05
 2.45300000e+00   2.42927990e-03  -1.21057140e-03   2.46674053e-02  -3.80985135e-04   1.47308516e-04  -5.74364813e-05
 2.45400000e+00   2.42927990e-03  -1.21057140e-03   2.46674053e-02  -3.80712544e-04   1.47203110e-04  -5.73953798e-05
 2.45500000e+00   2.42927990e-03  -1.21057140e-03   2.46674053e-02  -3.80439956e-04   1.47097705e-04  -5.73542786e-05
 2.45600000e+00   2.42927990e-03  -1.21057140e-03   2.46674053e-02  -3.80167366e-04   1.46992298e-04  -5.73131767e-05
 2.45700000e+00   2.42927990e-03  -1.21057140e-03   2.46674053e-02  -3.79896275e-04   1.46887471e-04  -5.72723005e-05
 2.45800000e+00   2.42927990e-03  -1.21057140e-03   2.46674053e-02  -3.79626819e-04   1.46783276e-04  -5.72316703e-05
 2.45900000e+00   2.42927990e-03  -1.21057140e-03   2.46674053e-02  -3.79357363e-04   1.46679080e-04  -5.71910398e-05
 2.46000000e+00   2.42927990e-03  -1.21057140e-03   2.46674053e-02  -3.79087908e-04   1.46574884e-04  -5.71504091e-05
 2.46100000e+00   2.42927990e-03  -1.21057140e-03   2.46674053e-02  -3.78818894e-04   1.46470858e-04  -5.71098448e-05
 2.46200000e+00   2.42927990e-03  -1.21057140e-03   2.46674053e-02  -3.78552834e-04   1.46367974e-04  -5.70697253e-05
 2.46300000e+00   2.42927990e-03  -1.21057140e-03   2.46674053e-02  -3.78286774e-04   1.46265090e-04  -5.70296055e-05
 2.46400000e+00   2.42927990e-03  -1.21057140e-03   2.46674053e-02  -3.78020715e-04   1.46162205e-04  -5.69894855e-05
 2.46500000e+00   2.42927990e-03  -1.21057140e-03   2.46674053e-02  -3.77754656e-04   1.46059320e-04  -5.69493654e-05
 2.46600000e+00   2.42927990e-03  -1.21057140e-03   2.46674053e-02  -3.77491607e-04   1.45957598e-04  -5.69096985e-05
 2.46700000e+00   2.42927990e-03  -1.21057140e-03   2.46674053e-02  -3.77229394e-04   1.45856200e-04  -5.68701574e-05
 2.46800000e+00   2.42927990e-03  -1.21057140e-03   2.46674053e-02  -3.76967180e-04   1.45754800e-04  -5.68306158e-05
 2.46900000e+00   2.42927990e-03  -1.21057140e-03   2.46674053e-02  -3.76704964e-04   1.45653399e-04  -5.67910737e-05
 2.47000000e+00   2.42927990e-03  -1.21057140e-03   2.46674053e-02  -3.76444532e-04   1.45552688e-04  -5.67518002e-05
 2.47100000e+00   2.42927990e-03  -1.21057140e-03   2.46674053e-02  -3.76186416e-04   1.45452872e-04  -5.67128753e-05
 2.47200000e+00   2.42927990e-03  -1.21057140e-03   2.46674053e-02  -3.75928300e-04   1.45353055e-04  -5.66739503e-05
 2.47300000e+00   2.42927990e-03  -1.21057140e-03   2.46674053e-02  -3.75670185e-04   1.45253238e-04  -5.66350251e-05
 2.47400000e+00   2.42927990e-03  -1.21057140e-03   2.46674053e-02  -3.75412452e-04   1.45153569e-04  -5.65961573e-05
 2.47500000e+00   2.42927990e-03  -1.21057140e-03   2.46674053e-02  -3.75158752e-04   1.45055458e-04  -5.65578970e-05
 2.47600000e+00   2.42927990e-03  -1.21057140e-03   2.46674053e-02  -3.74905047e-04   1.44957346e-04  -5.65196356e-05
 2.47700000e+00   2.42927990e-03  -1.21057140e-03   2.46674053e-02  -3.74651348e-04   1.44859234e-04  -5.64813748e-05
 2.47800000e+00   2.42927990e-03  -1.21057140e-03   2.46674053e-02  -3.74397645e-04   1.44761122e-04  -5.64431132e-05
 2.47900000e+00   2.42927990e-03  -1.21057140e-03   2.46674053e-02  -3.74147437e-04   1.44664360e-04  -5.64053782e-05
 2.48000000e+00   2.42927990e-03  -1.21057140e-03   2.46674053e-02  -3.73898463e-04   1.44568074e-04  -5.63678287e-05
 2.48100000e+00   2.42927990e-03  -1.21057140e-03   2.46674053e-02  -3.73649488e-04   1.44471788e-04  -5.63302790e-05
 2.48200000e+00   2.42927990e-03  -1.21057140e-03   2.46674053e-02  -3.73400516e-04   1.44375503e-04  -5.62927292e-05
 2.48300000e+00   2.42927990e-03  -1.21057140e-03   2.46674053e-02  -3.73153508e-04   1.44279976e-04  -5.62554754e-05
 2.48400000e+00   2.42927990e-03  -1.21057140e-03   2.46674053e-02  -3.72909560e-04   1.44185633e-04  -5.62186825e-05
 2.48500000e+00   2.42927990e-03  -1.21057140e-03   2.46674053e-02  -3.72665614e-04   1.44091290e-04  -5.61818895e-05
 2.48600000e+00   2.42927990e-03  -1.21057140e-03   2.46674053e-02  -3.72421669e-04   1.43996947e-04  -5.61450966e-05
 2.48700000e+00   2.42927990e-03  -1.21057140e-03   2.46674053e-02  -3.72177949e-04   1.43902690e-04  -5.61083373e-05
 2.48800000e+00   2.42927990e-03  -1.21057140e-03   2.46674053e-02  -3.71939280e-04   1.43810386e-04  -5.60723389e-05
 2.48900000e+00   2.42927990e-03  -1.21057140e-03   2.46674053e-02  -3.71700610e-04   1.43718081e-04  -5.60363402e-05
 2.49000000e+00   2.42927990e-03  -1.21057140e-03   2.46674053e-02  -3.71461940e-04   1.43625776e-04  -5.60003412e-05
 2.49100000e+00   2.42927990e-03  -1.21057140e-03   2.46674053e-02  -3.71223271e-04   1.43533471e-04  -5.59643420e-05
 2.49200000e+00   2.42927990e-03  -1.21057140e-03   2.46674053e-02  -3.70988544e-04   1.43442689e-04  -5.59289369e-05
 2.49300000e+00   2.42927990e-03  -1.21057140e-03   2.46674053e-02  -3.70755539e-04   1.43352573e-04  -5.58937908e-05
 2.49400000e+00   2.42927990e-03  -1.21057140e-03   2.46674053e-02  -3.70522533e-04   1.43262456e-04  -5.58586446e-05
 2.49500000e+00   2.42927990e-03  -1.21057140e-03   2.46674053e-02  -3.70289529e-04   1.43172340e-04  -5.58234982e-05
 2.49600000e+00   2.42927990e-03  -1.21057140e-03   2.46674053e-02  -3.70058579e-04   1.43083017e-04  -5.57886614e-05
 2.49700000e+00   2.42927990e-03  -1.21057140e-03   2.46674053e-02  -3.69831472e-04   1.42995180e-04  -5.57544034e-05
 2.49800000e+00   2.42927990e-03  -1.21057140e-03   2.46674053e-02  -3.69604370e-04   1.42907345e-04  -5.57201460e-05
 2.49900000e+00   2.42927990e-03  -1.21057140e-03   2.46674053e-02  -3.69377268e-04   1.42819508e-04  -5.56858882e-05
 2.50000000e+00   2.42927990e-03  -1.21057140e-03   2.46674053e-02  -3.69150163e-04   1.42731671e-04  -5.56516298e-05
 2.50100000e+00   2.42927990e-03  -1.21057140e-03   2.46674053e-02  -3.68929237e-04   1.42646222e-04  -5.56183025e-05
 2.50200000e+00   2.42927990e-03  -1.21057140e-03   2.46674053e-02  -3.68708310e-04   1.42560773e-04  -5.55849749e-05
 2.50300000e+00   2.42927990e-03  -1.21057140e-03   2.46674053e-02  -3.68487384e-04   1.42475323e-04  -5.55516470e-05
 2.50400000e+00   2.42927990e-03  -1.21057140e-03   2.46674053e-02  -3.68266459e-04   1.42389874e-04  -5.55183192e-05
 2.50500000e+00   2.42927990e-03  -1.21057140e-03   2.46674053e-02  -3.68049736e-04   1.42306049e-04  -5.54856245e-05
 2.50600000e+00   2.42927990e-03  -1.21057140e-03   2.46674053e-02  -3.67835259e-04   1.42223091e-04  -5.54532680e-05
 2.50700000e+00   2.42927990e-03  -1.21057140e-03   2.46674053e-02  -3.67620781e-04   1.42140133e-04  -5.54209111e-05
 2.50800000e+00   2.42927990e-03  -1.21057140e-03   2.46674053e-02  -3.67406303e-04   1.42057175e-04  -5.53885541e-05
 2.50900000e+00   2.42927990e-03  -1.21057140e-03   2.46674053e-02  -3.67193848e-04   1.41974999e-04  -5.53565017e-05
 2.51000000e+00   2.42927990e-03  -1.21057140e-03   2.46674053e-02  -3.66986032e-04   1.41894616e-04  -5.53251483e-05
 2.51100000e+00   2.42927990e-03  -1.21057140e-03   2.46674053e-02  -3.66778212e-04   1.41814231e-04  -5.52937941e-05
 2.51200000e+00   2.42927990e-03  -1.21057140e-03   2.46674053e-02  -3.66570393e-04   1.41733846e-04  -5.52624397e-05
 2.51300000e+00   2.42927990e-03  -1.21057140e-03   2.46674053e-02  -3.66362574e-04   1.41653461e-04  -5.52310852e-05
 2.51400000e+00   2.42927990e-03  -1.21057140e-03   2.46674053e-02  -3.66161460e-04   1.41575668e-04  -5.52007411e-05
 2.51500000e+00   2.42927990e-03  -1.21057140e-03   2.46674053e-02  -3.65960650e-04   1.41497991e-04  -5.51704425e-05
 2.51600000e+00   2.42927990e-03  -1.21057140e-03   2.46674053e-02  -3.65759838e-04   1.41420314e-04  -5.51401435e-05
 2.51700000e+00   2.42927990e-03  -1.21057140e-03   2.46674053e-02  -3.65559028e-04   1.41342638e-04  -5.51098445e-05
 2.51800000e+00   2.42927990e-03  -1.21057140e-03   2.46674053e-02  -3.65362602e-04   1.41266656e-04  -5.50802062e-05
 2.51900000e+00   2.42927990e-03  -1.21057140e-03   2.46674053e-02  -3.65168992e-04   1.41191762e-04  -5.50509920e-05
 2.52000000e+00   2.42927990e-03  -1.21057140e-03   2.46674053e-02  -3.64975382e-04   1.41116869e-04  -5.50217776e-05
 2.52100000e+00   2.42927990e-03  -1.21057140e-03   2.46674053e-02  -3.64781772e-04   1.41041975e-04  -5.49925631e-05
 2.52200000e+00   2.42927990e-03  -1.21057140e-03   2.46674053e-02  -3.64590106e-04   1.40967832e-04  -5.49636413e-05
 2.52300000e+00   2.42927990e-03  -1.21057140e-03   2.46674053e-02  -3.64403942e-04   1.40895816e-04  -5.49355486e-05
 2.52400000e+00   2.42927990e-03  -1.21057140e-03   2.46674053e-02  -3.64217775e-04   1.40823799e-04  -5.49074554e-05
 2.52500000e+00   2.42927990e-03  -1.21057140e-03   2.46674053e-02  -3.64031611e-04   1.40751782e-04  -5.48793623e-05
 2.52600000e+00   2.42927990e-03  -1.21057140e-03   2.46674053e-02  -3.63845446e-04   1.40679765e-04  -5.48512688e-05
 2.52700000e+00   2.42927990e-03  -1.21057140e-03   2.46674053e-02  -3.63666282e-04   1.40610454e-04  -5.48242305e-05
 2.52800000e+00   2.42927990e-03  -1.21057140e-03   2.46674053e-02  -3.63487785e-04   1.40541402e-04  -5.47972926e-05
 2.52900000e+00   2.42927990e-03  -1.21057140e-03   2.46674053e-02  -3.63309289e-04   1.40472348e-04  -5.47703544e-05
 2.53000000e+00   2.42927990e-03  -1.21057140e-03   2.46674053e-02  -3.63130794e-04   1.40403296e-04  -5.47434163e-05
 2.53100000e+00   2.42927990e-03  -1.21057140e-03   2.46674053e-02  -3.62956751e-04   1.40335964e-04  -5.47171491e-05
 2.53200000e+00   2.42927990e-03  -1.21057140e-03   2.46674053e-02  -3.62786136e-04   1.40269957e-04  -5.46913984e-05
 2.53300000e+00   2.42927990e-03  -1.21057140e-03   2.46674053e-02  -3.62615524e-04   1.40203952e-04  -5.46656480e-05
 2.53400000e+00   2.42927990e-03  -1.21057140e-03   2.46674053e-02  -3.62444911e-04   1.40137945e-04  -5.46398971e-05
 2.53500000e+00   2.42927990e-03  -1.21057140e-03   2.46674053e-02  -3.62276047e-04   1.40072615e-04  -5.46144098e-05
 2.53600000e+00   2.42927990e-03  -1.21057140e-03   2.46674053e-02  -3.62113494e-04   1.40009724e-04  -5.45898734e-05
 2.53700000e+00   2.42927990e-03  -1.21057140e-03   2.46674053e-02  -3.61950940e-04   1.39946832e-04  -5.45653368e-05
 2.53800000e+00   2.42927990e-03  -1.21057140e-03   2.46674053e-02  -3.61788386e-04   1.39883941e-04  -5.45408001e-05
 2.53900000e+00   2.42927990e-03  -1.21057140e-03   2.46674053e-02  -3.61625832e-04   1.39821049e-04  -5.45162632e-05
 2.54000000e+00   2.42927990e-03  -1.21057140e-03   2.46674053e-02  -3.61470524e-04   1.39760958e-04  -5.44928181e-05
 2.54100000e+00   2.42927990e-03  -1.21057140e-03   2.46674053e-02  -3.61316298e-04   1.39701286e-04  -5.44695362e-05
 2.54200000e+00   2.42927990e-03  -1.21057140e-03   2.46674053e-02  -3.61162072e-04   1.39641613e-04  -5.44462540e-05
 2.54300000e+00   2.42927990e-03  -1.21057140e-03   2.46674053e-02  -3.61007846e-04   1.39581940e-04  -5.44229715e-05
 2.54400000e+00   2.42927990e-03  -1.21057140e-03   2.46674053e-02  -3.60858045e-04   1.39523978e-04  -5.44003561e-05
 2.54500000e+00   2.42927990e-03  -1.21057140e-03   2.46674053e-02  -3.60712298e-04   1.39467582e-04  -5.43783515e-05
 2.54600000e+00   2.42927990e-03  -1.21057140e-03   2.46674053e-02  -3.60566551e-04   1.39411187e-04  -5.43563467e-05
 2.54700000e+00   2.42927990e-03  -1.21057140e-03   2.46674053e-02  -3.60420805e-04   1.39354791e-04  -5.43343418e-05
 2.54800000e+00   2.42927990e-03  -1.21057140e-03   2.46674053e-02  -3.60276562e-04   1.39298977e-04  -5.43125634e-05
 2.54900000e+00   2.42927990e-03  -1.21057140e-03   2.46674053e-02  -3.60139468e-04   1.39245926e-04  -5.42918625e-05
 2.55000000e+00   2.42927990e-03  -1.21057140e-03   2.46674053e-02  -3.60002373e-04   1.39192875e-04  -5.42711611e-05
 2.55100000e+00   2.42927990e-03  -1.21057140e-03   2.46674053e-02  -3.59865278e-04   1.39139823e-04  -5.42504597e-05
 2.55200000e+00   2.42927990e-03  -1.21057140e-03   2.46674053e-02  -3.59728183e-04   1.39086772e-04  -5.42297581e-05
 2.55300000e+00   2.42927990e-03  -1.21057140e-03   2.46674053e-02  -3.59598379e-04   1.39036539e-04  -5.42101554e-05
 2.55400000e+00   2.42927990e-03  -1.21057140e-03   2.46674053e-02  -3.59470111e-04   1.38986899e-04  -5.41907841e-05
 2.55500000e+00   2.42927990e-03  -1.21057140e-03   2.46674053e-02  -3.59341843e-04   1.38937260e-04  -5.41714126e-05
 2.55600000e+00   2.42927990e-03  -1.21057140e-03   2.46674053e-02  -3.59213576e-04   1.38887620e-04  -5.41520409e-05
 2.55700000e+00   2.42927990e-03  -1.21057140e-03   2.46674053e-02  -3.59089601e-04   1.38839640e-04  -5.41333164e-05
 2.55800000e+00   2.42927990e-03  -1.21057140e-03   2.46674053e-02  -3.58970315e-04   1.38793473e-04  -5.41152984e-05
 2.55900000e+00   2.42927990e-03  -1.21057140e-03   2.46674053e-02  -3.58851030e-04   1.38747305e-04  -5.40972802e-05
 2.56000000e+00   2.42927990e-03  -1.21057140e-03   2.46674053e-02  -3.58731743e-04   1.38701137e-04  -5.40792619e-05
 2.56100000e+00   2.42927990e-03  -1.21057140e-03   2.46674053e-02  -3.58613641e-04   1.38655427e-04  -5.40614218e-05
 2.56200000e+00   2.42927990e-03  -1.21057140e-03   2.46674053e-02  -3.58503450e-04   1.38612775e-04  -5.40447743e-05
 2.56300000e+00   2.42927990e-03  -1.21057140e-03   2.46674053e-02  -3.58393260e-04   1.38570123e-04  -5.40281266e-05
 2.56400000e+00   2.42927990e-03  -1.21057140e-03   2.46674053e-02  -3.58283069e-04   1.38527471e-04  -5.40114788e-05
 2.56500000e+00   2.42927990e-03  -1.21057140e-03   2.46674053e-02  -3.58172879e-04   1.38484819e-04  -5.39948309e-05
 2.56600000e+00   2.42927990e-03  -1.21057140e-03   2.46674053e-02  -3.58069962e-04   1.38444979e-04  -5.39792792e-05
 2.56700000e+00   2.42927990e-03  -1.21057140e-03   2.46674053e-02  -3.57969061e-04   1.38405918e-04  -5.39640312e-05
 2.56800000e+00   2.42927990e-03  -1.21057140e-03   2.46674053e-02  -3.57868159e-04   1.38366857e-04  -5.39487831e-05
 2.56900000e+00   2.42927990e-03  -1.21057140e-03   2.46674053e-02  -3.57767258e-04   1.38327795e-04  -5.39335349e-05
 2.57000000e+00   2.42927990e-03  -1.21057140e-03   2.46674053e-02  -3.57670437e-04   1.38290311e-04  -5.39189017e-05
 2.57100000e+00   2.42927990e-03  -1.21057140e-03   2.46674053e-02  -3.57578916e-04   1.38254876e-04  -5.39050672e-05
 2.57200000e+00   2.42927990e-03  -1.21057140e-03   2.46674053e-02  -3.57487395e-04   1.38219441e-04  -5.38912326e-05
 2.57300000e+00   2.42927990e-03  -1.21057140e-03   2.46674053e-02  -3.57395873e-04   1.38184006e-04  -5.38773979e-05
 2.57400000e+00   2.42927990e-03  -1.21057140e-03   2.46674053e-02  -3.57305179e-04   1.38148890e-04  -5.38636876e-05
 2.57500000e+00   2.42927990e-03  -1.21057140e-03   2.46674053e-02  -3.57223156e-04   1.38117127e-04  -5.38512845e-05
 2.57600000e+00   2.42927990e-03  -1.21057140e-03   2.46674053e-02  -3.57141134e-04   1.38085363e-04  -5.38388813e-05
 2.57700000e+00   2.42927990e-03  -1.21057140e-03   2.46674053e-02  -3.57059111e-04   1.38053600e-04  -5.38264780e-05
 2.57800000e+00   2.42927990e-03  -1.21057140e-03   2.46674053e-02  -3.56977088e-04   1.38021836e-04  -5.38140745e-05
 2.57900000e+00   2.42927990e-03  -1.21057140e-03   2.46674053e-02  -3.56902154e-04   1.37992813e-04  -5.38027395e-05
 2.58000000e+00   2.42927990e-03  -1.21057140e-03   2.46674053e-02  -3.56829723e-04   1.37964758e-04  -5.37917817e-05
 2.58100000e+00   2.42927990e-03  -1.21057140e-03   2.46674053e-02  -3.56757291e-04   1.37936702e-04  -5.37808238e-05
 2.58200000e+00   2.42927990e-03  -1.21057140e-03   2.46674053e-02  -3.56684860e-04   1.37908646e-04  -5.37698658e-05
 2.58300000e+00   2.42927990e-03  -1.21057140e-03   2.46674053e-02  -3.56616213e-04   1.37882053e-04  -5.37594781e-05
 2.58400000e+00   2.42927990e-03  -1.21057140e-03   2.46674053e-02  -3.56553459e-04   1.37857739e-04  -5.37499787e-05
 2.58500000e+00   2.42927990e-03  -1.21057140e-03   2.46674053e-02  -3.56490706e-04   1.37833424e-04  -5.37404792e-05
 2.58600000e+00   2.42927990e-03  -1.21057140e-03   2.46674053e-02  -3.56427952e-04   1.37809110e-04  -5.37309796e-05
 2.58700000e+00   2.42927990e-03  -1.21057140e-03   2.46674053e-02  -3.56365618e-04   1.37784957e-04  -5.37215432e-05
 2.58800000e+00   2.42927990e-03  -1.21057140e-03   2.46674053e-02  -3.56312618e-04   1.37764414e-04  -5.37135139e-05
 2.58900000e+00   2.42927990e-03  -1.21057140e-03   2.46674053e-02  -3.56259618e-04   1.37743870e-04  -5.37054844e-05
 2.59000000e+00   2.42927990e-03  -1.21057140e-03   2.46674053e-02  -3.56206618e-04   1.37723326e-04  -5.36974548e-05
 2.59100000e+00   2.42927990e-03  -1.21057140e-03   2.46674053e-02  -3.56153619e-04   1.37702782e-04  -5.36894252e-05
 2.59200000e+00   2.42927990e-03  -1.21057140e-03   2.46674053e-02  -3.56107461e-04   1.37684883e-04  -5.36824268e-05
 2.59300000e+00   2.42927990e-03  -1.21057140e-03   2.46674053e-02  -3.56064291e-04   1.37668140e-04  -5.36758790e-05
 2.59400000e+00   2.42927990e-03  -1.21057140e-03   2.46674053e-02  -3.56021122e-04   1.37651396e-04  -5.36693309e-05
 2.59500000e+00   2.42927990e-03  -1.21057140e-03   2.46674053e-02  -3.55977954e-04   1.37634653e-04  -5.36627831e-05
 2.59600000e+00   2.42927990e-03  -1.21057140e-03   2.46674053e-02  -3.55938222e-04   1.37619239e-04  -5.36567532e-05
 2.59700000e+00   2.42927990e-03  -1.21057140e-03   2.46674053e-02  -3.55904932e-04   1.37606315e-04  -5.36516943e-05
 2.59800000e+00   2.42927990e-03  -1.21057140e-03   2.46674053e-02  -3.55871641e-04   1.37593390e-04  -5.36466353e-05
 2.59900000e+00   2.42927990e-03  -1.21057140e-03   2.46674053e-02  -3.55838352e-04   1.37580466e-04  -5.36415763e-05
 2.60000000e+00   2.42927990e-03  -1.21057140e-03   2.46674053e-02  -3.55805061e-04   1.37567542e-04  -5.36365171e-05
 2.60100000e+00   2.42927990e-03  -1.21057140e-03   2.46674053e-02  -3.55781685e-04   1.37558451e-04  -5.36329524e-05
 2.60200000e+00   2.42927990e-03  -1.21057140e-03   2.46674053e-02  -3.55758308e-04   1.37549359e-04  -5.36293877e-05
 2.60300000e+00   2.42927990e-03  -1.21057140e-03   2.46674053e-02  -3.55734932e-04   1.37540268e-04  -5.36258228e-05
 2.60400000e+00   2.42927990e-03  -1.21057140e-03   2.46674053e-02  -3.55711555e-04   1.37531176e-04  -5.36222580e-05
 2.60500000e+00   2.42927990e-03  -1.21057140e-03   2.46674053e-02  -3.55694663e-04   1.37524591e-04  -5.36196705e-05
 2.60600000e+00   2.42927990e-03  -1.21057140e-03   2.46674053e-02  -3.55681231e-04   1.37519345e-04  -5.36176047e-05
 2.60700000e+00   2.42927990e-03  -1.21057140e-03   2.46674053e-02  -3.55667799e-04   1.37514098e-04  -5.36155388e-05
 2.60800000e+00   2.42927990e-03  -1.21057140e-03   2.46674053e-02  -3.55654367e-04   1.37508851e-04  -5.36134728e-05
 2.60900000e+00   2.42927990e-03  -1.21057140e-03   2.46674053e-02  -3.55645024e-04   1.37505188e-04  -5.36120251e-05
 2.61000000e+00   2.42927990e-03  -1.21057140e-03   2.46674053e-02  -3.55645043e-04   1.37505151e-04  -5.36119942e-05