 Container myopenfoam-fsi-run-60a7fe2f3853 Creating 
 Container myopenfoam-fsi-run-60a7fe2f3853 Created 
=== doc-g1-sim1 (AC / vitreous / TM) MESH_LEVEL=M1 ===
=== gmshToFoam ===
/*---------------------------------------------------------------------------*\
| =========                 |                                                 |
| \\      /  F ield         | OpenFOAM: The Open Source CFD Toolbox           |
|  \\    /   O peration     | Version:  2512                                  |
|   \\  /    A nd           | Website:  www.openfoam.com                      |
|    \\/     M anipulation  |                                                 |
\*---------------------------------------------------------------------------*/
Build  : _bd2b6720-20260127 OPENFOAM=2512 version=2512
Arch   : "LSB;label=32;scalar=64"
Exec   : gmshToFoam eye_g1_lamminsalo.msh
Date   : Jul 16 2026
Time   : 00:55:46
Host   : c99d9a6706bf
PID    : 227
I/O    : uncollated
Case   : /simulation/doc-g1-sim1/fluid
nProcs : 1
trapFpe: Floating point exception trapping enabled (FOAM_SIGFPE).
memory pool : not available
fileModificationChecking : Monitoring run-time modified files using timeStampMaster (fileModificationSkew 5, maxFileModificationPolls 20)
allowSystemOperations : Allowing user-supplied system call operations

// * * * * * * * * * * * * * * * * * * * * * * * * * * * * * * * * * * * * * //
Create time

Starting to read mesh format at line 2
Read format version 2.2  ascii 0

Starting to read physical names at line 5
Physical names:8
    Surface 2	ac_inlet
    Surface 3	ac_inlet_left
    Surface 4	outlet_tm
    Surface 5	outlet_tm_left
    Surface 6	lens_wall
    Surface 7	iris_wall
    Surface 8	wall
    Volume 1	fluid

Starting to read points at line 16
Vertices to be read: 42364
Vertices read:42364

Starting to read cells at line 42383
Cells to be read: 42364

Mapping region 8 to Foam patch 0
Mapping region 7 to Foam patch 1
Mapping region 4 to Foam patch 2
Mapping region 2 to Foam patch 3
Mapping region 6 to Foam patch 4
Mapping region 3 to Foam patch 5
Mapping region 5 to Foam patch 6
Mapping region 1 to Foam cellZone 0
Cells:
    total:41242
    hex  :0
    prism:41242
    pyr  :0
    tet  :0

CellZones:
Zone	Size
    0	41242

Patch 0 gets name wall
Patch 1 gets name iris_wall
Patch 2 gets name outlet_tm
Patch 3 gets name ac_inlet
Patch 4 gets name lens_wall
Patch 5 gets name ac_inlet_left
Patch 6 gets name outlet_tm_left

--> FOAM Warning : 
    From Foam::polyMesh::polyMesh(const Foam::IOobject&, Foam::pointField&&, const Foam::cellShapeList&, const Foam::faceListList&, const Foam::wordList&, const Foam::wordList&, const Foam::word&, const Foam::word&, const Foam::wordList&, bool)
    in file meshes/polyMesh/polyMeshFromShapeMesh.C at line 635
    Found 83606 undefined faces in mesh; adding to default patch defaultFaces
Finding faces of patch 0
Finding faces of patch 1
Finding faces of patch 2
Finding faces of patch 3
Finding faces of patch 4
Finding faces of patch 5
Finding faces of patch 6

FaceZones:
Zone	Size

Writing zone 0 to cellZone fluid and cellSet
End

=== topoSet zones (TM + vitreous) ===
/*---------------------------------------------------------------------------*\
| =========                 |                                                 |
| \\      /  F ield         | OpenFOAM: The Open Source CFD Toolbox           |
|  \\    /   O peration     | Version:  2512                                  |
|   \\  /    A nd           | Website:  www.openfoam.com                      |
|    \\/     M anipulation  |                                                 |
\*---------------------------------------------------------------------------*/
Build  : _bd2b6720-20260127 OPENFOAM=2512 version=2512
Arch   : "LSB;label=32;scalar=64"
Exec   : topoSet -dict system/topoSetDict.anatomical -constant
Date   : Jul 16 2026
Time   : 00:55:47
Host   : c99d9a6706bf
PID    : 231
I/O    : uncollated
Case   : /simulation/doc-g1-sim1/fluid
nProcs : 1
trapFpe: Floating point exception trapping enabled (FOAM_SIGFPE).
memory pool : not available
fileModificationChecking : Monitoring run-time modified files using timeStampMaster (fileModificationSkew 5, maxFileModificationPolls 20)
allowSystemOperations : Allowing user-supplied system call operations

// * * * * * * * * * * * * * * * * * * * * * * * * * * * * * * * * * * * * * //
Create time

Create polyMesh for time = constant

Reading topoSetDict.anatomical

Time = constant
    mesh not changed.
Created cellSet tm_zone
    Applying source boxToCell
    Adding cells with centre within boxes 1((0.00645 -0.005 -1e-05) (0.00718 -0.00424 0.001001))
    cellSet tm_zone now size 69
Created cellZoneSet tm_zone
    Applying source setToCellZone
    Adding all cells from cell set: tm_zone ...
    cellZoneSet tm_zone now size 69
Created cellSet tm_zone_left
    Applying source boxToCell
    Adding cells with centre within boxes 1((-0.00718 -0.005 -1e-05) (-0.00645 -0.00424 0.001001))
    cellSet tm_zone_left now size 67
Created cellZoneSet tm_zone_left
    Applying source setToCellZone
    Adding all cells from cell set: tm_zone_left ...
    cellZoneSet tm_zone_left now size 67
Created cellSet vitreous_zone
    Applying source boxToCell
    Adding cells with centre within boxes 1((-0.008 -0.0015 -1e-05) (0.008 0.0074 0.001001))
    cellSet vitreous_zone now size 19682
Read set cellSet vitreous_zone size:19682
    Applying source boxToCell
    Removing cells with centre within boxes 1((0.00645 -0.005 -1e-05) (0.00718 -0.00424 0.001001))
    cellSet vitreous_zone now size 19682
Read set cellSet vitreous_zone size:19682
    Applying source boxToCell
    Removing cells with centre within boxes 1((-0.00718 -0.005 -1e-05) (-0.00645 -0.00424 0.001001))
    cellSet vitreous_zone now size 19682
Created cellZoneSet vitreous_zone
    Applying source setToCellZone
    Adding all cells from cell set: vitreous_zone ...
    cellZoneSet vitreous_zone now size 19682
Time = 0
    mesh not changed.
Created cellSet tm_zone
    Applying source boxToCell
    Adding cells with centre within boxes 1((0.00645 -0.005 -1e-05) (0.00718 -0.00424 0.001001))
    cellSet tm_zone now size 69
Created cellZoneSet tm_zone
    Applying source setToCellZone
    Adding all cells from cell set: tm_zone ...
    cellZoneSet tm_zone now size 69
Created cellSet tm_zone_left
    Applying source boxToCell
    Adding cells with centre within boxes 1((-0.00718 -0.005 -1e-05) (-0.00645 -0.00424 0.001001))
    cellSet tm_zone_left now size 67
Created cellZoneSet tm_zone_left
    Applying source setToCellZone
    Adding all cells from cell set: tm_zone_left ...
    cellZoneSet tm_zone_left now size 67
Created cellSet vitreous_zone
    Applying source boxToCell
    Adding cells with centre within boxes 1((-0.008 -0.0015 -1e-05) (0.008 0.0074 0.001001))
    cellSet vitreous_zone now size 19682
Read set cellSet vitreous_zone size:19682
    Applying source boxToCell
    Removing cells with centre within boxes 1((0.00645 -0.005 -1e-05) (0.00718 -0.00424 0.001001))
    cellSet vitreous_zone now size 19682
Read set cellSet vitreous_zone size:19682
    Applying source boxToCell
    Removing cells with centre within boxes 1((-0.00718 -0.005 -1e-05) (-0.00645 -0.00424 0.001001))
    cellSet vitreous_zone now size 19682
Created cellZoneSet vitreous_zone
    Applying source setToCellZone
    Adding all cells from cell set: vitreous_zone ...
    cellZoneSet vitreous_zone now size 19682
Time = 48
    mesh not changed.
Created cellSet tm_zone
    Applying source boxToCell
    Adding cells with centre within boxes 1((0.00645 -0.005 -1e-05) (0.00718 -0.00424 0.001001))
    cellSet tm_zone now size 69
Created cellZoneSet tm_zone
    Applying source setToCellZone
    Adding all cells from cell set: tm_zone ...
    cellZoneSet tm_zone now size 69
Created cellSet tm_zone_left
    Applying source boxToCell
    Adding cells with centre within boxes 1((-0.00718 -0.005 -1e-05) (-0.00645 -0.00424 0.001001))
    cellSet tm_zone_left now size 67
Created cellZoneSet tm_zone_left
    Applying source setToCellZone
    Adding all cells from cell set: tm_zone_left ...
    cellZoneSet tm_zone_left now size 67
Created cellSet vitreous_zone
    Applying source boxToCell
    Adding cells with centre within boxes 1((-0.008 -0.0015 -1e-05) (0.008 0.0074 0.001001))
    cellSet vitreous_zone now size 19682
Read set cellSet vitreous_zone size:19682
    Applying source boxToCell
    Removing cells with centre within boxes 1((0.00645 -0.005 -1e-05) (0.00718 -0.00424 0.001001))
    cellSet vitreous_zone now size 19682
Read set cellSet vitreous_zone size:19682
    Applying source boxToCell
    Removing cells with centre within boxes 1((-0.00718 -0.005 -1e-05) (-0.00645 -0.00424 0.001001))
    cellSet vitreous_zone now size 19682
Created cellZoneSet vitreous_zone
    Applying source setToCellZone
    Adding all cells from cell set: vitreous_zone ...
    cellZoneSet vitreous_zone now size 19682
Time = 50
    mesh not changed.
Created cellSet tm_zone
    Applying source boxToCell
    Adding cells with centre within boxes 1((0.00645 -0.005 -1e-05) (0.00718 -0.00424 0.001001))
    cellSet tm_zone now size 69
Created cellZoneSet tm_zone
    Applying source setToCellZone
    Adding all cells from cell set: tm_zone ...
    cellZoneSet tm_zone now size 69
Created cellSet tm_zone_left
    Applying source boxToCell
    Adding cells with centre within boxes 1((-0.00718 -0.005 -1e-05) (-0.00645 -0.00424 0.001001))
    cellSet tm_zone_left now size 67
Created cellZoneSet tm_zone_left
    Applying source setToCellZone
    Adding all cells from cell set: tm_zone_left ...
    cellZoneSet tm_zone_left now size 67
Created cellSet vitreous_zone
    Applying source boxToCell
    Adding cells with centre within boxes 1((-0.008 -0.0015 -1e-05) (0.008 0.0074 0.001001))
    cellSet vitreous_zone now size 19682
Read set cellSet vitreous_zone size:19682
    Applying source boxToCell
    Removing cells with centre within boxes 1((0.00645 -0.005 -1e-05) (0.00718 -0.00424 0.001001))
    cellSet vitreous_zone now size 19682
Read set cellSet vitreous_zone size:19682
    Applying source boxToCell
    Removing cells with centre within boxes 1((-0.00718 -0.005 -1e-05) (-0.00645 -0.00424 0.001001))
    cellSet vitreous_zone now size 19682
Created cellZoneSet vitreous_zone
    Applying source setToCellZone
    Adding all cells from cell set: vitreous_zone ...
    cellZoneSet vitreous_zone now size 19682
Time = 76
    mesh not changed.
Created cellSet tm_zone
    Applying source boxToCell
    Adding cells with centre within boxes 1((0.00645 -0.005 -1e-05) (0.00718 -0.00424 0.001001))
    cellSet tm_zone now size 69
Created cellZoneSet tm_zone
    Applying source setToCellZone
    Adding all cells from cell set: tm_zone ...
    cellZoneSet tm_zone now size 69
Created cellSet tm_zone_left
    Applying source boxToCell
    Adding cells with centre within boxes 1((-0.00718 -0.005 -1e-05) (-0.00645 -0.00424 0.001001))
    cellSet tm_zone_left now size 67
Created cellZoneSet tm_zone_left
    Applying source setToCellZone
    Adding all cells from cell set: tm_zone_left ...
    cellZoneSet tm_zone_left now size 67
Created cellSet vitreous_zone
    Applying source boxToCell
    Adding cells with centre within boxes 1((-0.008 -0.0015 -1e-05) (0.008 0.0074 0.001001))
    cellSet vitreous_zone now size 19682
Read set cellSet vitreous_zone size:19682
    Applying source boxToCell
    Removing cells with centre within boxes 1((0.00645 -0.005 -1e-05) (0.00718 -0.00424 0.001001))
    cellSet vitreous_zone now size 19682
Read set cellSet vitreous_zone size:19682
    Applying source boxToCell
    Removing cells with centre within boxes 1((-0.00718 -0.005 -1e-05) (-0.00645 -0.00424 0.001001))
    cellSet vitreous_zone now size 19682
Created cellZoneSet vitreous_zone
    Applying source setToCellZone
    Adding all cells from cell set: vitreous_zone ...
    cellZoneSet vitreous_zone now size 19682
Time = 90
    mesh not changed.
Created cellSet tm_zone
    Applying source boxToCell
    Adding cells with centre within boxes 1((0.00645 -0.005 -1e-05) (0.00718 -0.00424 0.001001))
    cellSet tm_zone now size 69
Created cellZoneSet tm_zone
    Applying source setToCellZone
    Adding all cells from cell set: tm_zone ...
    cellZoneSet tm_zone now size 69
Created cellSet tm_zone_left
    Applying source boxToCell
    Adding cells with centre within boxes 1((-0.00718 -0.005 -1e-05) (-0.00645 -0.00424 0.001001))
    cellSet tm_zone_left now size 67
Created cellZoneSet tm_zone_left
    Applying source setToCellZone
    Adding all cells from cell set: tm_zone_left ...
    cellZoneSet tm_zone_left now size 67
Created cellSet vitreous_zone
    Applying source boxToCell
    Adding cells with centre within boxes 1((-0.008 -0.0015 -1e-05) (0.008 0.0074 0.001001))
    cellSet vitreous_zone now size 19682
Read set cellSet vitreous_zone size:19682
    Applying source boxToCell
    Removing cells with centre within boxes 1((0.00645 -0.005 -1e-05) (0.00718 -0.00424 0.001001))
    cellSet vitreous_zone now size 19682
Read set cellSet vitreous_zone size:19682
    Applying source boxToCell
    Removing cells with centre within boxes 1((-0.00718 -0.005 -1e-05) (-0.00645 -0.00424 0.001001))
    cellSet vitreous_zone now size 19682
Created cellZoneSet vitreous_zone
    Applying source setToCellZone
    Adding all cells from cell set: vitreous_zone ...
    cellZoneSet vitreous_zone now size 19682
Time = 98
    mesh not changed.
Created cellSet tm_zone
    Applying source boxToCell
    Adding cells with centre within boxes 1((0.00645 -0.005 -1e-05) (0.00718 -0.00424 0.001001))
    cellSet tm_zone now size 69
Created cellZoneSet tm_zone
    Applying source setToCellZone
    Adding all cells from cell set: tm_zone ...
    cellZoneSet tm_zone now size 69
Created cellSet tm_zone_left
    Applying source boxToCell
    Adding cells with centre within boxes 1((-0.00718 -0.005 -1e-05) (-0.00645 -0.00424 0.001001))
    cellSet tm_zone_left now size 67
Created cellZoneSet tm_zone_left
    Applying source setToCellZone
    Adding all cells from cell set: tm_zone_left ...
    cellZoneSet tm_zone_left now size 67
Created cellSet vitreous_zone
    Applying source boxToCell
    Adding cells with centre within boxes 1((-0.008 -0.0015 -1e-05) (0.008 0.0074 0.001001))
    cellSet vitreous_zone now size 19682
Read set cellSet vitreous_zone size:19682
    Applying source boxToCell
    Removing cells with centre within boxes 1((0.00645 -0.005 -1e-05) (0.00718 -0.00424 0.001001))
    cellSet vitreous_zone now size 19682
Read set cellSet vitreous_zone size:19682
    Applying source boxToCell
    Removing cells with centre within boxes 1((-0.00718 -0.005 -1e-05) (-0.00645 -0.00424 0.001001))
    cellSet vitreous_zone now size 19682
Created cellZoneSet vitreous_zone
    Applying source setToCellZone
    Adding all cells from cell set: vitreous_zone ...
    cellZoneSet vitreous_zone now size 19682
Time = 100
    mesh not changed.
Created cellSet tm_zone
    Applying source boxToCell
    Adding cells with centre within boxes 1((0.00645 -0.005 -1e-05) (0.00718 -0.00424 0.001001))
    cellSet tm_zone now size 69
Created cellZoneSet tm_zone
    Applying source setToCellZone
    Adding all cells from cell set: tm_zone ...
    cellZoneSet tm_zone now size 69
Created cellSet tm_zone_left
    Applying source boxToCell
    Adding cells with centre within boxes 1((-0.00718 -0.005 -1e-05) (-0.00645 -0.00424 0.001001))
    cellSet tm_zone_left now size 67
Created cellZoneSet tm_zone_left
    Applying source setToCellZone
    Adding all cells from cell set: tm_zone_left ...
    cellZoneSet tm_zone_left now size 67
Created cellSet vitreous_zone
    Applying source boxToCell
    Adding cells with centre within boxes 1((-0.008 -0.0015 -1e-05) (0.008 0.0074 0.001001))
    cellSet vitreous_zone now size 19682
Read set cellSet vitreous_zone size:19682
    Applying source boxToCell
    Removing cells with centre within boxes 1((0.00645 -0.005 -1e-05) (0.00718 -0.00424 0.001001))
    cellSet vitreous_zone now size 19682
Read set cellSet vitreous_zone size:19682
    Applying source boxToCell
    Removing cells with centre within boxes 1((-0.00718 -0.005 -1e-05) (-0.00645 -0.00424 0.001001))
    cellSet vitreous_zone now size 19682
Created cellZoneSet vitreous_zone
    Applying source setToCellZone
    Adding all cells from cell set: vitreous_zone ...
    cellZoneSet vitreous_zone now size 19682
Time = 107
    mesh not changed.
Created cellSet tm_zone
    Applying source boxToCell
    Adding cells with centre within boxes 1((0.00645 -0.005 -1e-05) (0.00718 -0.00424 0.001001))
    cellSet tm_zone now size 69
Created cellZoneSet tm_zone
    Applying source setToCellZone
    Adding all cells from cell set: tm_zone ...
    cellZoneSet tm_zone now size 69
Created cellSet tm_zone_left
    Applying source boxToCell
    Adding cells with centre within boxes 1((-0.00718 -0.005 -1e-05) (-0.00645 -0.00424 0.001001))
    cellSet tm_zone_left now size 67
Created cellZoneSet tm_zone_left
    Applying source setToCellZone
    Adding all cells from cell set: tm_zone_left ...
    cellZoneSet tm_zone_left now size 67
Created cellSet vitreous_zone
    Applying source boxToCell
    Adding cells with centre within boxes 1((-0.008 -0.0015 -1e-05) (0.008 0.0074 0.001001))
    cellSet vitreous_zone now size 19682
Read set cellSet vitreous_zone size:19682
    Applying source boxToCell
    Removing cells with centre within boxes 1((0.00645 -0.005 -1e-05) (0.00718 -0.00424 0.001001))
    cellSet vitreous_zone now size 19682
Read set cellSet vitreous_zone size:19682
    Applying source boxToCell
    Removing cells with centre within boxes 1((-0.00718 -0.005 -1e-05) (-0.00645 -0.00424 0.001001))
    cellSet vitreous_zone now size 19682
Created cellZoneSet vitreous_zone
    Applying source setToCellZone
    Adding all cells from cell set: vitreous_zone ...
    cellZoneSet vitreous_zone now size 19682
Time = 150
    mesh not changed.
Created cellSet tm_zone
    Applying source boxToCell
    Adding cells with centre within boxes 1((0.00645 -0.005 -1e-05) (0.00718 -0.00424 0.001001))
    cellSet tm_zone now size 69
Created cellZoneSet tm_zone
    Applying source setToCellZone
    Adding all cells from cell set: tm_zone ...
    cellZoneSet tm_zone now size 69
Created cellSet tm_zone_left
    Applying source boxToCell
    Adding cells with centre within boxes 1((-0.00718 -0.005 -1e-05) (-0.00645 -0.00424 0.001001))
    cellSet tm_zone_left now size 67
Created cellZoneSet tm_zone_left
    Applying source setToCellZone
    Adding all cells from cell set: tm_zone_left ...
    cellZoneSet tm_zone_left now size 67
Created cellSet vitreous_zone
    Applying source boxToCell
    Adding cells with centre within boxes 1((-0.008 -0.0015 -1e-05) (0.008 0.0074 0.001001))
    cellSet vitreous_zone now size 19682
Read set cellSet vitreous_zone size:19682
    Applying source boxToCell
    Removing cells with centre within boxes 1((0.00645 -0.005 -1e-05) (0.00718 -0.00424 0.001001))
    cellSet vitreous_zone now size 19682
Read set cellSet vitreous_zone size:19682
    Applying source boxToCell
    Removing cells with centre within boxes 1((-0.00718 -0.005 -1e-05) (-0.00645 -0.00424 0.001001))
    cellSet vitreous_zone now size 19682
Created cellZoneSet vitreous_zone
    Applying source setToCellZone
    Adding all cells from cell set: vitreous_zone ...
    cellZoneSet vitreous_zone now size 19682
Time = 200
    mesh not changed.
Created cellSet tm_zone
    Applying source boxToCell
    Adding cells with centre within boxes 1((0.00645 -0.005 -1e-05) (0.00718 -0.00424 0.001001))
    cellSet tm_zone now size 69
Created cellZoneSet tm_zone
    Applying source setToCellZone
    Adding all cells from cell set: tm_zone ...
    cellZoneSet tm_zone now size 69
Created cellSet tm_zone_left
    Applying source boxToCell
    Adding cells with centre within boxes 1((-0.00718 -0.005 -1e-05) (-0.00645 -0.00424 0.001001))
    cellSet tm_zone_left now size 67
Created cellZoneSet tm_zone_left
    Applying source setToCellZone
    Adding all cells from cell set: tm_zone_left ...
    cellZoneSet tm_zone_left now size 67
Created cellSet vitreous_zone
    Applying source boxToCell
    Adding cells with centre within boxes 1((-0.008 -0.0015 -1e-05) (0.008 0.0074 0.001001))
    cellSet vitreous_zone now size 19682
Read set cellSet vitreous_zone size:19682
    Applying source boxToCell
    Removing cells with centre within boxes 1((0.00645 -0.005 -1e-05) (0.00718 -0.00424 0.001001))
    cellSet vitreous_zone now size 19682
Read set cellSet vitreous_zone size:19682
    Applying source boxToCell
    Removing cells with centre within boxes 1((-0.00718 -0.005 -1e-05) (-0.00645 -0.00424 0.001001))
    cellSet vitreous_zone now size 19682
Created cellZoneSet vitreous_zone
    Applying source setToCellZone
    Adding all cells from cell set: vitreous_zone ...
    cellZoneSet vitreous_zone now size 19682
Time = 250
    mesh not changed.
Created cellSet tm_zone
    Applying source boxToCell
    Adding cells with centre within boxes 1((0.00645 -0.005 -1e-05) (0.00718 -0.00424 0.001001))
    cellSet tm_zone now size 69
Created cellZoneSet tm_zone
    Applying source setToCellZone
    Adding all cells from cell set: tm_zone ...
    cellZoneSet tm_zone now size 69
Created cellSet tm_zone_left
    Applying source boxToCell
    Adding cells with centre within boxes 1((-0.00718 -0.005 -1e-05) (-0.00645 -0.00424 0.001001))
    cellSet tm_zone_left now size 67
Created cellZoneSet tm_zone_left
    Applying source setToCellZone
    Adding all cells from cell set: tm_zone_left ...
    cellZoneSet tm_zone_left now size 67
Created cellSet vitreous_zone
    Applying source boxToCell
    Adding cells with centre within boxes 1((-0.008 -0.0015 -1e-05) (0.008 0.0074 0.001001))
    cellSet vitreous_zone now size 19682
Read set cellSet vitreous_zone size:19682
    Applying source boxToCell
    Removing cells with centre within boxes 1((0.00645 -0.005 -1e-05) (0.00718 -0.00424 0.001001))
    cellSet vitreous_zone now size 19682
Read set cellSet vitreous_zone size:19682
    Applying source boxToCell
    Removing cells with centre within boxes 1((-0.00718 -0.005 -1e-05) (-0.00645 -0.00424 0.001001))
    cellSet vitreous_zone now size 19682
Created cellZoneSet vitreous_zone
    Applying source setToCellZone
    Adding all cells from cell set: vitreous_zone ...
    cellZoneSet vitreous_zone now size 19682
Time = 300
    mesh not changed.
Created cellSet tm_zone
    Applying source boxToCell
    Adding cells with centre within boxes 1((0.00645 -0.005 -1e-05) (0.00718 -0.00424 0.001001))
    cellSet tm_zone now size 69
Created cellZoneSet tm_zone
    Applying source setToCellZone
    Adding all cells from cell set: tm_zone ...
    cellZoneSet tm_zone now size 69
Created cellSet tm_zone_left
    Applying source boxToCell
    Adding cells with centre within boxes 1((-0.00718 -0.005 -1e-05) (-0.00645 -0.00424 0.001001))
    cellSet tm_zone_left now size 67
Created cellZoneSet tm_zone_left
    Applying source setToCellZone
    Adding all cells from cell set: tm_zone_left ...
    cellZoneSet tm_zone_left now size 67
Created cellSet vitreous_zone
    Applying source boxToCell
    Adding cells with centre within boxes 1((-0.008 -0.0015 -1e-05) (0.008 0.0074 0.001001))
    cellSet vitreous_zone now size 19682
Read set cellSet vitreous_zone size:19682
    Applying source boxToCell
    Removing cells with centre within boxes 1((0.00645 -0.005 -1e-05) (0.00718 -0.00424 0.001001))
    cellSet vitreous_zone now size 19682
Read set cellSet vitreous_zone size:19682
    Applying source boxToCell
    Removing cells with centre within boxes 1((-0.00718 -0.005 -1e-05) (-0.00645 -0.00424 0.001001))
    cellSet vitreous_zone now size 19682
Created cellZoneSet vitreous_zone
    Applying source setToCellZone
    Adding all cells from cell set: vitreous_zone ...
    cellZoneSet vitreous_zone now size 19682
Time = 350
    mesh not changed.
Created cellSet tm_zone
    Applying source boxToCell
    Adding cells with centre within boxes 1((0.00645 -0.005 -1e-05) (0.00718 -0.00424 0.001001))
    cellSet tm_zone now size 69
Created cellZoneSet tm_zone
    Applying source setToCellZone
    Adding all cells from cell set: tm_zone ...
    cellZoneSet tm_zone now size 69
Created cellSet tm_zone_left
    Applying source boxToCell
    Adding cells with centre within boxes 1((-0.00718 -0.005 -1e-05) (-0.00645 -0.00424 0.001001))
    cellSet tm_zone_left now size 67
Created cellZoneSet tm_zone_left
    Applying source setToCellZone
    Adding all cells from cell set: tm_zone_left ...
    cellZoneSet tm_zone_left now size 67
Created cellSet vitreous_zone
    Applying source boxToCell
    Adding cells with centre within boxes 1((-0.008 -0.0015 -1e-05) (0.008 0.0074 0.001001))
    cellSet vitreous_zone now size 19682
Read set cellSet vitreous_zone size:19682
    Applying source boxToCell
    Removing cells with centre within boxes 1((0.00645 -0.005 -1e-05) (0.00718 -0.00424 0.001001))
    cellSet vitreous_zone now size 19682
Read set cellSet vitreous_zone size:19682
    Applying source boxToCell
    Removing cells with centre within boxes 1((-0.00718 -0.005 -1e-05) (-0.00645 -0.00424 0.001001))
    cellSet vitreous_zone now size 19682
Created cellZoneSet vitreous_zone
    Applying source setToCellZone
    Adding all cells from cell set: vitreous_zone ...
    cellZoneSet vitreous_zone now size 19682
Time = 400
    mesh not changed.
Created cellSet tm_zone
    Applying source boxToCell
    Adding cells with centre within boxes 1((0.00645 -0.005 -1e-05) (0.00718 -0.00424 0.001001))
    cellSet tm_zone now size 69
Created cellZoneSet tm_zone
    Applying source setToCellZone
    Adding all cells from cell set: tm_zone ...
    cellZoneSet tm_zone now size 69
Created cellSet tm_zone_left
    Applying source boxToCell
    Adding cells with centre within boxes 1((-0.00718 -0.005 -1e-05) (-0.00645 -0.00424 0.001001))
    cellSet tm_zone_left now size 67
Created cellZoneSet tm_zone_left
    Applying source setToCellZone
    Adding all cells from cell set: tm_zone_left ...
    cellZoneSet tm_zone_left now size 67
Created cellSet vitreous_zone
    Applying source boxToCell
    Adding cells with centre within boxes 1((-0.008 -0.0015 -1e-05) (0.008 0.0074 0.001001))
    cellSet vitreous_zone now size 19682
Read set cellSet vitreous_zone size:19682
    Applying source boxToCell
    Removing cells with centre within boxes 1((0.00645 -0.005 -1e-05) (0.00718 -0.00424 0.001001))
    cellSet vitreous_zone now size 19682
Read set cellSet vitreous_zone size:19682
    Applying source boxToCell
    Removing cells with centre within boxes 1((-0.00718 -0.005 -1e-05) (-0.00645 -0.00424 0.001001))
    cellSet vitreous_zone now size 19682
Created cellZoneSet vitreous_zone
    Applying source setToCellZone
    Adding all cells from cell set: vitreous_zone ...
    cellZoneSet vitreous_zone now size 19682
Time = 450
    mesh not changed.
Created cellSet tm_zone
    Applying source boxToCell
    Adding cells with centre within boxes 1((0.00645 -0.005 -1e-05) (0.00718 -0.00424 0.001001))
    cellSet tm_zone now size 69
Created cellZoneSet tm_zone
    Applying source setToCellZone
    Adding all cells from cell set: tm_zone ...
    cellZoneSet tm_zone now size 69
Created cellSet tm_zone_left
    Applying source boxToCell
    Adding cells with centre within boxes 1((-0.00718 -0.005 -1e-05) (-0.00645 -0.00424 0.001001))
    cellSet tm_zone_left now size 67
Created cellZoneSet tm_zone_left
    Applying source setToCellZone
    Adding all cells from cell set: tm_zone_left ...
    cellZoneSet tm_zone_left now size 67
Created cellSet vitreous_zone
    Applying source boxToCell
    Adding cells with centre within boxes 1((-0.008 -0.0015 -1e-05) (0.008 0.0074 0.001001))
    cellSet vitreous_zone now size 19682
Read set cellSet vitreous_zone size:19682
    Applying source boxToCell
    Removing cells with centre within boxes 1((0.00645 -0.005 -1e-05) (0.00718 -0.00424 0.001001))
    cellSet vitreous_zone now size 19682
Read set cellSet vitreous_zone size:19682
    Applying source boxToCell
    Removing cells with centre within boxes 1((-0.00718 -0.005 -1e-05) (-0.00645 -0.00424 0.001001))
    cellSet vitreous_zone now size 19682
Created cellZoneSet vitreous_zone
    Applying source setToCellZone
    Adding all cells from cell set: vitreous_zone ...
    cellZoneSet vitreous_zone now size 19682
Time = 500
    mesh not changed.
Created cellSet tm_zone
    Applying source boxToCell
    Adding cells with centre within boxes 1((0.00645 -0.005 -1e-05) (0.00718 -0.00424 0.001001))
    cellSet tm_zone now size 69
Created cellZoneSet tm_zone
    Applying source setToCellZone
    Adding all cells from cell set: tm_zone ...
    cellZoneSet tm_zone now size 69
Created cellSet tm_zone_left
    Applying source boxToCell
    Adding cells with centre within boxes 1((-0.00718 -0.005 -1e-05) (-0.00645 -0.00424 0.001001))
    cellSet tm_zone_left now size 67
Created cellZoneSet tm_zone_left
    Applying source setToCellZone
    Adding all cells from cell set: tm_zone_left ...
    cellZoneSet tm_zone_left now size 67
Created cellSet vitreous_zone
    Applying source boxToCell
    Adding cells with centre within boxes 1((-0.008 -0.0015 -1e-05) (0.008 0.0074 0.001001))
    cellSet vitreous_zone now size 19682
Read set cellSet vitreous_zone size:19682
    Applying source boxToCell
    Removing cells with centre within boxes 1((0.00645 -0.005 -1e-05) (0.00718 -0.00424 0.001001))
    cellSet vitreous_zone now size 19682
Read set cellSet vitreous_zone size:19682
    Applying source boxToCell
    Removing cells with centre within boxes 1((-0.00718 -0.005 -1e-05) (-0.00645 -0.00424 0.001001))
    cellSet vitreous_zone now size 19682
Created cellZoneSet vitreous_zone
    Applying source setToCellZone
    Adding all cells from cell set: vitreous_zone ...
    cellZoneSet vitreous_zone now size 19682

End

=== createPatch (front/back + outlets + inlets) ===
/*---------------------------------------------------------------------------*\
| =========                 |                                                 |
| \\      /  F ield         | OpenFOAM: The Open Source CFD Toolbox           |
|  \\    /   O peration     | Version:  2512                                  |
|   \\  /    A nd           | Website:  www.openfoam.com                      |
|    \\/     M anipulation  |                                                 |
\*---------------------------------------------------------------------------*/
Build  : _bd2b6720-20260127 OPENFOAM=2512 version=2512
Arch   : "LSB;label=32;scalar=64"
Exec   : topoSet -dict system/topoSetDict.frontBack -constant
Date   : Jul 16 2026
Time   : 00:55:51
Host   : c99d9a6706bf
PID    : 234
I/O    : uncollated
Case   : /simulation/doc-g1-sim1/fluid
nProcs : 1
trapFpe: Floating point exception trapping enabled (FOAM_SIGFPE).
memory pool : not available
fileModificationChecking : Monitoring run-time modified files using timeStampMaster (fileModificationSkew 5, maxFileModificationPolls 20)
allowSystemOperations : Allowing user-supplied system call operations

// * * * * * * * * * * * * * * * * * * * * * * * * * * * * * * * * * * * * * //
Create time

Create polyMesh for time = constant

Reading topoSetDict.frontBack

Time = constant
    mesh not changed.
Created faceSet frontFaces
    Applying source patchToFace
    Adding all faces of patches: (defaultFaces) ...
    Found matching patch defaultFaces with 82484 faces
    faceSet frontFaces now size 82484
Read set faceSet frontFaces size:82484
    Applying source normalToFace
    Adding faces according to normal being aligned with (0 0 1) (to within 0.1) ...
    faceSet frontFaces now size 41242
Created faceSet backFaces
    Applying source patchToFace
    Adding all faces of patches: (defaultFaces) ...
    Found matching patch defaultFaces with 82484 faces
    faceSet backFaces now size 82484
Read set faceSet backFaces size:82484
    Applying source normalToFace
    Adding faces according to normal being aligned with (0 0 -1) (to within 0.1) ...
    faceSet backFaces now size 41242
Time = 0
    mesh not changed.
Created faceSet frontFaces
    Applying source patchToFace
    Adding all faces of patches: (defaultFaces) ...
    Found matching patch defaultFaces with 82484 faces
    faceSet frontFaces now size 82484
Read set faceSet frontFaces size:82484
    Applying source normalToFace
    Adding faces according to normal being aligned with (0 0 1) (to within 0.1) ...
    faceSet frontFaces now size 41242
Created faceSet backFaces
    Applying source patchToFace
    Adding all faces of patches: (defaultFaces) ...
    Found matching patch defaultFaces with 82484 faces
    faceSet backFaces now size 82484
Read set faceSet backFaces size:82484
    Applying source normalToFace
    Adding faces according to normal being aligned with (0 0 -1) (to within 0.1) ...
    faceSet backFaces now size 41242
Time = 48
    mesh not changed.
Created faceSet frontFaces
    Applying source patchToFace
    Adding all faces of patches: (defaultFaces) ...
    Found matching patch defaultFaces with 82484 faces
    faceSet frontFaces now size 82484
Read set faceSet frontFaces size:82484
    Applying source normalToFace
    Adding faces according to normal being aligned with (0 0 1) (to within 0.1) ...
    faceSet frontFaces now size 41242
Created faceSet backFaces
    Applying source patchToFace
    Adding all faces of patches: (defaultFaces) ...
    Found matching patch defaultFaces with 82484 faces
    faceSet backFaces now size 82484
Read set faceSet backFaces size:82484
    Applying source normalToFace
    Adding faces according to normal being aligned with (0 0 -1) (to within 0.1) ...
    faceSet backFaces now size 41242
Time = 50
    mesh not changed.
Created faceSet frontFaces
    Applying source patchToFace
    Adding all faces of patches: (defaultFaces) ...
    Found matching patch defaultFaces with 82484 faces
    faceSet frontFaces now size 82484
Read set faceSet frontFaces size:82484
    Applying source normalToFace
    Adding faces according to normal being aligned with (0 0 1) (to within 0.1) ...
    faceSet frontFaces now size 41242
Created faceSet backFaces
    Applying source patchToFace
    Adding all faces of patches: (defaultFaces) ...
    Found matching patch defaultFaces with 82484 faces
    faceSet backFaces now size 82484
Read set faceSet backFaces size:82484
    Applying source normalToFace
    Adding faces according to normal being aligned with (0 0 -1) (to within 0.1) ...
    faceSet backFaces now size 41242
Time = 76
    mesh not changed.
Created faceSet frontFaces
    Applying source patchToFace
    Adding all faces of patches: (defaultFaces) ...
    Found matching patch defaultFaces with 82484 faces
    faceSet frontFaces now size 82484
Read set faceSet frontFaces size:82484
    Applying source normalToFace
    Adding faces according to normal being aligned with (0 0 1) (to within 0.1) ...
    faceSet frontFaces now size 41242
Created faceSet backFaces
    Applying source patchToFace
    Adding all faces of patches: (defaultFaces) ...
    Found matching patch defaultFaces with 82484 faces
    faceSet backFaces now size 82484
Read set faceSet backFaces size:82484
    Applying source normalToFace
    Adding faces according to normal being aligned with (0 0 -1) (to within 0.1) ...
    faceSet backFaces now size 41242
Time = 90
    mesh not changed.
Created faceSet frontFaces
    Applying source patchToFace
    Adding all faces of patches: (defaultFaces) ...
    Found matching patch defaultFaces with 82484 faces
    faceSet frontFaces now size 82484
Read set faceSet frontFaces size:82484
    Applying source normalToFace
    Adding faces according to normal being aligned with (0 0 1) (to within 0.1) ...
    faceSet frontFaces now size 41242
Created faceSet backFaces
    Applying source patchToFace
    Adding all faces of patches: (defaultFaces) ...
    Found matching patch defaultFaces with 82484 faces
    faceSet backFaces now size 82484
Read set faceSet backFaces size:82484
    Applying source normalToFace
    Adding faces according to normal being aligned with (0 0 -1) (to within 0.1) ...
    faceSet backFaces now size 41242
Time = 98
    mesh not changed.
Created faceSet frontFaces
    Applying source patchToFace
    Adding all faces of patches: (defaultFaces) ...
    Found matching patch defaultFaces with 82484 faces
    faceSet frontFaces now size 82484
Read set faceSet frontFaces size:82484
    Applying source normalToFace
    Adding faces according to normal being aligned with (0 0 1) (to within 0.1) ...
    faceSet frontFaces now size 41242
Created faceSet backFaces
    Applying source patchToFace
    Adding all faces of patches: (defaultFaces) ...
    Found matching patch defaultFaces with 82484 faces
    faceSet backFaces now size 82484
Read set faceSet backFaces size:82484
    Applying source normalToFace
    Adding faces according to normal being aligned with (0 0 -1) (to within 0.1) ...
    faceSet backFaces now size 41242
Time = 100
    mesh not changed.
Created faceSet frontFaces
    Applying source patchToFace
    Adding all faces of patches: (defaultFaces) ...
    Found matching patch defaultFaces with 82484 faces
    faceSet frontFaces now size 82484
Read set faceSet frontFaces size:82484
    Applying source normalToFace
    Adding faces according to normal being aligned with (0 0 1) (to within 0.1) ...
    faceSet frontFaces now size 41242
Created faceSet backFaces
    Applying source patchToFace
    Adding all faces of patches: (defaultFaces) ...
    Found matching patch defaultFaces with 82484 faces
    faceSet backFaces now size 82484
Read set faceSet backFaces size:82484
    Applying source normalToFace
    Adding faces according to normal being aligned with (0 0 -1) (to within 0.1) ...
    faceSet backFaces now size 41242
Time = 107
    mesh not changed.
Created faceSet frontFaces
    Applying source patchToFace
    Adding all faces of patches: (defaultFaces) ...
    Found matching patch defaultFaces with 82484 faces
    faceSet frontFaces now size 82484
Read set faceSet frontFaces size:82484
    Applying source normalToFace
    Adding faces according to normal being aligned with (0 0 1) (to within 0.1) ...
    faceSet frontFaces now size 41242
Created faceSet backFaces
    Applying source patchToFace
    Adding all faces of patches: (defaultFaces) ...
    Found matching patch defaultFaces with 82484 faces
    faceSet backFaces now size 82484
Read set faceSet backFaces size:82484
    Applying source normalToFace
    Adding faces according to normal being aligned with (0 0 -1) (to within 0.1) ...
    faceSet backFaces now size 41242
Time = 150
    mesh not changed.
Created faceSet frontFaces
    Applying source patchToFace
    Adding all faces of patches: (defaultFaces) ...
    Found matching patch defaultFaces with 82484 faces
    faceSet frontFaces now size 82484
Read set faceSet frontFaces size:82484
    Applying source normalToFace
    Adding faces according to normal being aligned with (0 0 1) (to within 0.1) ...
    faceSet frontFaces now size 41242
Created faceSet backFaces
    Applying source patchToFace
    Adding all faces of patches: (defaultFaces) ...
    Found matching patch defaultFaces with 82484 faces
    faceSet backFaces now size 82484
Read set faceSet backFaces size:82484
    Applying source normalToFace
    Adding faces according to normal being aligned with (0 0 -1) (to within 0.1) ...
    faceSet backFaces now size 41242
Time = 200
    mesh not changed.
Created faceSet frontFaces
    Applying source patchToFace
    Adding all faces of patches: (defaultFaces) ...
    Found matching patch defaultFaces with 82484 faces
    faceSet frontFaces now size 82484
Read set faceSet frontFaces size:82484
    Applying source normalToFace
    Adding faces according to normal being aligned with (0 0 1) (to within 0.1) ...
    faceSet frontFaces now size 41242
Created faceSet backFaces
    Applying source patchToFace
    Adding all faces of patches: (defaultFaces) ...
    Found matching patch defaultFaces with 82484 faces
    faceSet backFaces now size 82484
Read set faceSet backFaces size:82484
    Applying source normalToFace
    Adding faces according to normal being aligned with (0 0 -1) (to within 0.1) ...
    faceSet backFaces now size 41242
Time = 250
    mesh not changed.
Created faceSet frontFaces
    Applying source patchToFace
    Adding all faces of patches: (defaultFaces) ...
    Found matching patch defaultFaces with 82484 faces
    faceSet frontFaces now size 82484
Read set faceSet frontFaces size:82484
    Applying source normalToFace
    Adding faces according to normal being aligned with (0 0 1) (to within 0.1) ...
    faceSet frontFaces now size 41242
Created faceSet backFaces
    Applying source patchToFace
    Adding all faces of patches: (defaultFaces) ...
    Found matching patch defaultFaces with 82484 faces
    faceSet backFaces now size 82484
Read set faceSet backFaces size:82484
    Applying source normalToFace
    Adding faces according to normal being aligned with (0 0 -1) (to within 0.1) ...
    faceSet backFaces now size 41242
Time = 300
    mesh not changed.
Created faceSet frontFaces
    Applying source patchToFace
    Adding all faces of patches: (defaultFaces) ...
    Found matching patch defaultFaces with 82484 faces
    faceSet frontFaces now size 82484
Read set faceSet frontFaces size:82484
    Applying source normalToFace
    Adding faces according to normal being aligned with (0 0 1) (to within 0.1) ...
    faceSet frontFaces now size 41242
Created faceSet backFaces
    Applying source patchToFace
    Adding all faces of patches: (defaultFaces) ...
    Found matching patch defaultFaces with 82484 faces
    faceSet backFaces now size 82484
Read set faceSet backFaces size:82484
    Applying source normalToFace
    Adding faces according to normal being aligned with (0 0 -1) (to within 0.1) ...
    faceSet backFaces now size 41242
Time = 350
    mesh not changed.
Created faceSet frontFaces
    Applying source patchToFace
    Adding all faces of patches: (defaultFaces) ...
    Found matching patch defaultFaces with 82484 faces
    faceSet frontFaces now size 82484
Read set faceSet frontFaces size:82484
    Applying source normalToFace
    Adding faces according to normal being aligned with (0 0 1) (to within 0.1) ...
    faceSet frontFaces now size 41242
Created faceSet backFaces
    Applying source patchToFace
    Adding all faces of patches: (defaultFaces) ...
    Found matching patch defaultFaces with 82484 faces
    faceSet backFaces now size 82484
Read set faceSet backFaces size:82484
    Applying source normalToFace
    Adding faces according to normal being aligned with (0 0 -1) (to within 0.1) ...
    faceSet backFaces now size 41242
Time = 400
    mesh not changed.
Created faceSet frontFaces
    Applying source patchToFace
    Adding all faces of patches: (defaultFaces) ...
    Found matching patch defaultFaces with 82484 faces
    faceSet frontFaces now size 82484
Read set faceSet frontFaces size:82484
    Applying source normalToFace
    Adding faces according to normal being aligned with (0 0 1) (to within 0.1) ...
    faceSet frontFaces now size 41242
Created faceSet backFaces
    Applying source patchToFace
    Adding all faces of patches: (defaultFaces) ...
    Found matching patch defaultFaces with 82484 faces
    faceSet backFaces now size 82484
Read set faceSet backFaces size:82484
    Applying source normalToFace
    Adding faces according to normal being aligned with (0 0 -1) (to within 0.1) ...
    faceSet backFaces now size 41242
Time = 450
    mesh not changed.
Created faceSet frontFaces
    Applying source patchToFace
    Adding all faces of patches: (defaultFaces) ...
    Found matching patch defaultFaces with 82484 faces
    faceSet frontFaces now size 82484
Read set faceSet frontFaces size:82484
    Applying source normalToFace
    Adding faces according to normal being aligned with (0 0 1) (to within 0.1) ...
    faceSet frontFaces now size 41242
Created faceSet backFaces
    Applying source patchToFace
    Adding all faces of patches: (defaultFaces) ...
    Found matching patch defaultFaces with 82484 faces
    faceSet backFaces now size 82484
Read set faceSet backFaces size:82484
    Applying source normalToFace
    Adding faces according to normal being aligned with (0 0 -1) (to within 0.1) ...
    faceSet backFaces now size 41242
Time = 500
    mesh not changed.
Created faceSet frontFaces
    Applying source patchToFace
    Adding all faces of patches: (defaultFaces) ...
    Found matching patch defaultFaces with 82484 faces
    faceSet frontFaces now size 82484
Read set faceSet frontFaces size:82484
    Applying source normalToFace
    Adding faces according to normal being aligned with (0 0 1) (to within 0.1) ...
    faceSet frontFaces now size 41242
Created faceSet backFaces
    Applying source patchToFace
    Adding all faces of patches: (defaultFaces) ...
    Found matching patch defaultFaces with 82484 faces
    faceSet backFaces now size 82484
Read set faceSet backFaces size:82484
    Applying source normalToFace
    Adding faces according to normal being aligned with (0 0 -1) (to within 0.1) ...
    faceSet backFaces now size 41242

End

/*---------------------------------------------------------------------------*\
| =========                 |                                                 |
| \\      /  F ield         | OpenFOAM: The Open Source CFD Toolbox           |
|  \\    /   O peration     | Version:  2512                                  |
|   \\  /    A nd           | Website:  www.openfoam.com                      |
|    \\/     M anipulation  |                                                 |
\*---------------------------------------------------------------------------*/
Build  : _bd2b6720-20260127 OPENFOAM=2512 version=2512
Arch   : "LSB;label=32;scalar=64"
Exec   : topoSet -dict system/topoSetDict.splitWall -constant
Date   : Jul 16 2026
Time   : 00:55:55
Host   : c99d9a6706bf
PID    : 237
I/O    : uncollated
Case   : /simulation/doc-g1-sim1/fluid
nProcs : 1
trapFpe: Floating point exception trapping enabled (FOAM_SIGFPE).
memory pool : not available
fileModificationChecking : Monitoring run-time modified files using timeStampMaster (fileModificationSkew 5, maxFileModificationPolls 20)
allowSystemOperations : Allowing user-supplied system call operations

// * * * * * * * * * * * * * * * * * * * * * * * * * * * * * * * * * * * * * //
Create time

Create polyMesh for time = constant

Reading topoSetDict.splitWall

Time = constant
    mesh not changed.
Created faceSet outlet_tm_faces
    Applying source patchToFace
    Adding all faces of patches: (outlet_tm) ...
    Found matching patch outlet_tm with 2 faces
    faceSet outlet_tm_faces now size 2
Read set faceSet outlet_tm_faces size:2
    Applying source patchToFace
    Adding all faces of patches: (wall) ...
    Found matching patch wall with 558 faces
    faceSet outlet_tm_faces now size 560
Read set faceSet outlet_tm_faces size:560
    Applying source boxToFace
    Adding faces with centre within boxes 1((0.00678 -0.00465 -1e-05) (0.00692 -0.0045 0.001001))
    faceSet outlet_tm_faces now size 1
Read set faceSet outlet_tm_faces size:1
    Applying source normalToFace
    Adding faces according to normal being aligned with (0.75568908 -0.65493054 0) (to within 0.5) ...
    faceSet outlet_tm_faces now size 1
Created faceSet outlet_tm_left_faces
    Applying source patchToFace
    Adding all faces of patches: (outlet_tm_left) ...
    Found matching patch outlet_tm_left with 2 faces
    faceSet outlet_tm_left_faces now size 2
Read set faceSet outlet_tm_left_faces size:2
    Applying source patchToFace
    Adding all faces of patches: (wall) ...
    Found matching patch wall with 558 faces
    faceSet outlet_tm_left_faces now size 560
Read set faceSet outlet_tm_left_faces size:560
    Applying source boxToFace
    Adding faces with centre within boxes 1((-0.00692 -0.00465 -1e-05) (-0.00678 -0.0045 0.001001))
    faceSet outlet_tm_left_faces now size 1
Read set faceSet outlet_tm_left_faces size:1
    Applying source normalToFace
    Adding faces according to normal being aligned with (-0.75568908 -0.65493054 0) (to within 0.5) ...
    faceSet outlet_tm_left_faces now size 1
Created faceSet outlet_se_to_wall
    Applying source patchToFace
    Adding all faces of patches: (outlet_tm) ...
    Found matching patch outlet_tm with 2 faces
    faceSet outlet_se_to_wall now size 2
Read set faceSet outlet_se_to_wall size:2
    Applying source patchToFace
    Adding all faces of patches: (outlet_tm_left) ...
    Found matching patch outlet_tm_left with 2 faces
    faceSet outlet_se_to_wall now size 4
Read set faceSet outlet_se_to_wall size:4
    Applying source faceToFace
    Removing all elements of face sets: (outlet_tm_faces)
    faceSet outlet_se_to_wall now size 3
Read set faceSet outlet_se_to_wall size:3
    Applying source faceToFace
    Removing all elements of face sets: (outlet_tm_left_faces)
    faceSet outlet_se_to_wall now size 2
Time = 0
    mesh not changed.
Created faceSet outlet_tm_faces
    Applying source patchToFace
    Adding all faces of patches: (outlet_tm) ...
    Found matching patch outlet_tm with 2 faces
    faceSet outlet_tm_faces now size 2
Read set faceSet outlet_tm_faces size:2
    Applying source patchToFace
    Adding all faces of patches: (wall) ...
    Found matching patch wall with 558 faces
    faceSet outlet_tm_faces now size 560
Read set faceSet outlet_tm_faces size:560
    Applying source boxToFace
    Adding faces with centre within boxes 1((0.00678 -0.00465 -1e-05) (0.00692 -0.0045 0.001001))
    faceSet outlet_tm_faces now size 1
Read set faceSet outlet_tm_faces size:1
    Applying source normalToFace
    Adding faces according to normal being aligned with (0.75568908 -0.65493054 0) (to within 0.5) ...
    faceSet outlet_tm_faces now size 1
Created faceSet outlet_tm_left_faces
    Applying source patchToFace
    Adding all faces of patches: (outlet_tm_left) ...
    Found matching patch outlet_tm_left with 2 faces
    faceSet outlet_tm_left_faces now size 2
Read set faceSet outlet_tm_left_faces size:2
    Applying source patchToFace
    Adding all faces of patches: (wall) ...
    Found matching patch wall with 558 faces
    faceSet outlet_tm_left_faces now size 560
Read set faceSet outlet_tm_left_faces size:560
    Applying source boxToFace
    Adding faces with centre within boxes 1((-0.00692 -0.00465 -1e-05) (-0.00678 -0.0045 0.001001))
    faceSet outlet_tm_left_faces now size 1
Read set faceSet outlet_tm_left_faces size:1
    Applying source normalToFace
    Adding faces according to normal being aligned with (-0.75568908 -0.65493054 0) (to within 0.5) ...
    faceSet outlet_tm_left_faces now size 1
Created faceSet outlet_se_to_wall
    Applying source patchToFace
    Adding all faces of patches: (outlet_tm) ...
    Found matching patch outlet_tm with 2 faces
    faceSet outlet_se_to_wall now size 2
Read set faceSet outlet_se_to_wall size:2
    Applying source patchToFace
    Adding all faces of patches: (outlet_tm_left) ...
    Found matching patch outlet_tm_left with 2 faces
    faceSet outlet_se_to_wall now size 4
Read set faceSet outlet_se_to_wall size:4
    Applying source faceToFace
    Removing all elements of face sets: (outlet_tm_faces)
    faceSet outlet_se_to_wall now size 3
Read set faceSet outlet_se_to_wall size:3
    Applying source faceToFace
    Removing all elements of face sets: (outlet_tm_left_faces)
    faceSet outlet_se_to_wall now size 2
Time = 48
    mesh not changed.
Created faceSet outlet_tm_faces
    Applying source patchToFace
    Adding all faces of patches: (outlet_tm) ...
    Found matching patch outlet_tm with 2 faces
    faceSet outlet_tm_faces now size 2
Read set faceSet outlet_tm_faces size:2
    Applying source patchToFace
    Adding all faces of patches: (wall) ...
    Found matching patch wall with 558 faces
    faceSet outlet_tm_faces now size 560
Read set faceSet outlet_tm_faces size:560
    Applying source boxToFace
    Adding faces with centre within boxes 1((0.00678 -0.00465 -1e-05) (0.00692 -0.0045 0.001001))
    faceSet outlet_tm_faces now size 1
Read set faceSet outlet_tm_faces size:1
    Applying source normalToFace
    Adding faces according to normal being aligned with (0.75568908 -0.65493054 0) (to within 0.5) ...
    faceSet outlet_tm_faces now size 1
Created faceSet outlet_tm_left_faces
    Applying source patchToFace
    Adding all faces of patches: (outlet_tm_left) ...
    Found matching patch outlet_tm_left with 2 faces
    faceSet outlet_tm_left_faces now size 2
Read set faceSet outlet_tm_left_faces size:2
    Applying source patchToFace
    Adding all faces of patches: (wall) ...
    Found matching patch wall with 558 faces
    faceSet outlet_tm_left_faces now size 560
Read set faceSet outlet_tm_left_faces size:560
    Applying source boxToFace
    Adding faces with centre within boxes 1((-0.00692 -0.00465 -1e-05) (-0.00678 -0.0045 0.001001))
    faceSet outlet_tm_left_faces now size 1
Read set faceSet outlet_tm_left_faces size:1
    Applying source normalToFace
    Adding faces according to normal being aligned with (-0.75568908 -0.65493054 0) (to within 0.5) ...
    faceSet outlet_tm_left_faces now size 1
Created faceSet outlet_se_to_wall
    Applying source patchToFace
    Adding all faces of patches: (outlet_tm) ...
    Found matching patch outlet_tm with 2 faces
    faceSet outlet_se_to_wall now size 2
Read set faceSet outlet_se_to_wall size:2
    Applying source patchToFace
    Adding all faces of patches: (outlet_tm_left) ...
    Found matching patch outlet_tm_left with 2 faces
    faceSet outlet_se_to_wall now size 4
Read set faceSet outlet_se_to_wall size:4
    Applying source faceToFace
    Removing all elements of face sets: (outlet_tm_faces)
    faceSet outlet_se_to_wall now size 3
Read set faceSet outlet_se_to_wall size:3
    Applying source faceToFace
    Removing all elements of face sets: (outlet_tm_left_faces)
    faceSet outlet_se_to_wall now size 2
Time = 50
    mesh not changed.
Created faceSet outlet_tm_faces
    Applying source patchToFace
    Adding all faces of patches: (outlet_tm) ...
    Found matching patch outlet_tm with 2 faces
    faceSet outlet_tm_faces now size 2
Read set faceSet outlet_tm_faces size:2
    Applying source patchToFace
    Adding all faces of patches: (wall) ...
    Found matching patch wall with 558 faces
    faceSet outlet_tm_faces now size 560
Read set faceSet outlet_tm_faces size:560
    Applying source boxToFace
    Adding faces with centre within boxes 1((0.00678 -0.00465 -1e-05) (0.00692 -0.0045 0.001001))
    faceSet outlet_tm_faces now size 1
Read set faceSet outlet_tm_faces size:1
    Applying source normalToFace
    Adding faces according to normal being aligned with (0.75568908 -0.65493054 0) (to within 0.5) ...
    faceSet outlet_tm_faces now size 1
Created faceSet outlet_tm_left_faces
    Applying source patchToFace
    Adding all faces of patches: (outlet_tm_left) ...
    Found matching patch outlet_tm_left with 2 faces
    faceSet outlet_tm_left_faces now size 2
Read set faceSet outlet_tm_left_faces size:2
    Applying source patchToFace
    Adding all faces of patches: (wall) ...
    Found matching patch wall with 558 faces
    faceSet outlet_tm_left_faces now size 560
Read set faceSet outlet_tm_left_faces size:560
    Applying source boxToFace
    Adding faces with centre within boxes 1((-0.00692 -0.00465 -1e-05) (-0.00678 -0.0045 0.001001))
    faceSet outlet_tm_left_faces now size 1
Read set faceSet outlet_tm_left_faces size:1
    Applying source normalToFace
    Adding faces according to normal being aligned with (-0.75568908 -0.65493054 0) (to within 0.5) ...
    faceSet outlet_tm_left_faces now size 1
Created faceSet outlet_se_to_wall
    Applying source patchToFace
    Adding all faces of patches: (outlet_tm) ...
    Found matching patch outlet_tm with 2 faces
    faceSet outlet_se_to_wall now size 2
Read set faceSet outlet_se_to_wall size:2
    Applying source patchToFace
    Adding all faces of patches: (outlet_tm_left) ...
    Found matching patch outlet_tm_left with 2 faces
    faceSet outlet_se_to_wall now size 4
Read set faceSet outlet_se_to_wall size:4
    Applying source faceToFace
    Removing all elements of face sets: (outlet_tm_faces)
    faceSet outlet_se_to_wall now size 3
Read set faceSet outlet_se_to_wall size:3
    Applying source faceToFace
    Removing all elements of face sets: (outlet_tm_left_faces)
    faceSet outlet_se_to_wall now size 2
Time = 76
    mesh not changed.
Created faceSet outlet_tm_faces
    Applying source patchToFace
    Adding all faces of patches: (outlet_tm) ...
    Found matching patch outlet_tm with 2 faces
    faceSet outlet_tm_faces now size 2
Read set faceSet outlet_tm_faces size:2
    Applying source patchToFace
    Adding all faces of patches: (wall) ...
    Found matching patch wall with 558 faces
    faceSet outlet_tm_faces now size 560
Read set faceSet outlet_tm_faces size:560
    Applying source boxToFace
    Adding faces with centre within boxes 1((0.00678 -0.00465 -1e-05) (0.00692 -0.0045 0.001001))
    faceSet outlet_tm_faces now size 1
Read set faceSet outlet_tm_faces size:1
    Applying source normalToFace
    Adding faces according to normal being aligned with (0.75568908 -0.65493054 0) (to within 0.5) ...
    faceSet outlet_tm_faces now size 1
Created faceSet outlet_tm_left_faces
    Applying source patchToFace
    Adding all faces of patches: (outlet_tm_left) ...
    Found matching patch outlet_tm_left with 2 faces
    faceSet outlet_tm_left_faces now size 2
Read set faceSet outlet_tm_left_faces size:2
    Applying source patchToFace
    Adding all faces of patches: (wall) ...
    Found matching patch wall with 558 faces
    faceSet outlet_tm_left_faces now size 560
Read set faceSet outlet_tm_left_faces size:560
    Applying source boxToFace
    Adding faces with centre within boxes 1((-0.00692 -0.00465 -1e-05) (-0.00678 -0.0045 0.001001))
    faceSet outlet_tm_left_faces now size 1
Read set faceSet outlet_tm_left_faces size:1
    Applying source normalToFace
    Adding faces according to normal being aligned with (-0.75568908 -0.65493054 0) (to within 0.5) ...
    faceSet outlet_tm_left_faces now size 1
Created faceSet outlet_se_to_wall
    Applying source patchToFace
    Adding all faces of patches: (outlet_tm) ...
    Found matching patch outlet_tm with 2 faces
    faceSet outlet_se_to_wall now size 2
Read set faceSet outlet_se_to_wall size:2
    Applying source patchToFace
    Adding all faces of patches: (outlet_tm_left) ...
    Found matching patch outlet_tm_left with 2 faces
    faceSet outlet_se_to_wall now size 4
Read set faceSet outlet_se_to_wall size:4
    Applying source faceToFace
    Removing all elements of face sets: (outlet_tm_faces)
    faceSet outlet_se_to_wall now size 3
Read set faceSet outlet_se_to_wall size:3
    Applying source faceToFace
    Removing all elements of face sets: (outlet_tm_left_faces)
    faceSet outlet_se_to_wall now size 2
Time = 90
    mesh not changed.
Created faceSet outlet_tm_faces
    Applying source patchToFace
    Adding all faces of patches: (outlet_tm) ...
    Found matching patch outlet_tm with 2 faces
    faceSet outlet_tm_faces now size 2
Read set faceSet outlet_tm_faces size:2
    Applying source patchToFace
    Adding all faces of patches: (wall) ...
    Found matching patch wall with 558 faces
    faceSet outlet_tm_faces now size 560
Read set faceSet outlet_tm_faces size:560
    Applying source boxToFace
    Adding faces with centre within boxes 1((0.00678 -0.00465 -1e-05) (0.00692 -0.0045 0.001001))
    faceSet outlet_tm_faces now size 1
Read set faceSet outlet_tm_faces size:1
    Applying source normalToFace
    Adding faces according to normal being aligned with (0.75568908 -0.65493054 0) (to within 0.5) ...
    faceSet outlet_tm_faces now size 1
Created faceSet outlet_tm_left_faces
    Applying source patchToFace
    Adding all faces of patches: (outlet_tm_left) ...
    Found matching patch outlet_tm_left with 2 faces
    faceSet outlet_tm_left_faces now size 2
Read set faceSet outlet_tm_left_faces size:2
    Applying source patchToFace
    Adding all faces of patches: (wall) ...
    Found matching patch wall with 558 faces
    faceSet outlet_tm_left_faces now size 560
Read set faceSet outlet_tm_left_faces size:560
    Applying source boxToFace
    Adding faces with centre within boxes 1((-0.00692 -0.00465 -1e-05) (-0.00678 -0.0045 0.001001))
    faceSet outlet_tm_left_faces now size 1
Read set faceSet outlet_tm_left_faces size:1
    Applying source normalToFace
    Adding faces according to normal being aligned with (-0.75568908 -0.65493054 0) (to within 0.5) ...
    faceSet outlet_tm_left_faces now size 1
Created faceSet outlet_se_to_wall
    Applying source patchToFace
    Adding all faces of patches: (outlet_tm) ...
    Found matching patch outlet_tm with 2 faces
    faceSet outlet_se_to_wall now size 2
Read set faceSet outlet_se_to_wall size:2
    Applying source patchToFace
    Adding all faces of patches: (outlet_tm_left) ...
    Found matching patch outlet_tm_left with 2 faces
    faceSet outlet_se_to_wall now size 4
Read set faceSet outlet_se_to_wall size:4
    Applying source faceToFace
    Removing all elements of face sets: (outlet_tm_faces)
    faceSet outlet_se_to_wall now size 3
Read set faceSet outlet_se_to_wall size:3
    Applying source faceToFace
    Removing all elements of face sets: (outlet_tm_left_faces)
    faceSet outlet_se_to_wall now size 2
Time = 98
    mesh not changed.
Created faceSet outlet_tm_faces
    Applying source patchToFace
    Adding all faces of patches: (outlet_tm) ...
    Found matching patch outlet_tm with 2 faces
    faceSet outlet_tm_faces now size 2
Read set faceSet outlet_tm_faces size:2
    Applying source patchToFace
    Adding all faces of patches: (wall) ...
    Found matching patch wall with 558 faces
    faceSet outlet_tm_faces now size 560
Read set faceSet outlet_tm_faces size:560
    Applying source boxToFace
    Adding faces with centre within boxes 1((0.00678 -0.00465 -1e-05) (0.00692 -0.0045 0.001001))
    faceSet outlet_tm_faces now size 1
Read set faceSet outlet_tm_faces size:1
    Applying source normalToFace
    Adding faces according to normal being aligned with (0.75568908 -0.65493054 0) (to within 0.5) ...
    faceSet outlet_tm_faces now size 1
Created faceSet outlet_tm_left_faces
    Applying source patchToFace
    Adding all faces of patches: (outlet_tm_left) ...
    Found matching patch outlet_tm_left with 2 faces
    faceSet outlet_tm_left_faces now size 2
Read set faceSet outlet_tm_left_faces size:2
    Applying source patchToFace
    Adding all faces of patches: (wall) ...
    Found matching patch wall with 558 faces
    faceSet outlet_tm_left_faces now size 560
Read set faceSet outlet_tm_left_faces size:560
    Applying source boxToFace
    Adding faces with centre within boxes 1((-0.00692 -0.00465 -1e-05) (-0.00678 -0.0045 0.001001))
    faceSet outlet_tm_left_faces now size 1
Read set faceSet outlet_tm_left_faces size:1
    Applying source normalToFace
    Adding faces according to normal being aligned with (-0.75568908 -0.65493054 0) (to within 0.5) ...
    faceSet outlet_tm_left_faces now size 1
Created faceSet outlet_se_to_wall
    Applying source patchToFace
    Adding all faces of patches: (outlet_tm) ...
    Found matching patch outlet_tm with 2 faces
    faceSet outlet_se_to_wall now size 2
Read set faceSet outlet_se_to_wall size:2
    Applying source patchToFace
    Adding all faces of patches: (outlet_tm_left) ...
    Found matching patch outlet_tm_left with 2 faces
    faceSet outlet_se_to_wall now size 4
Read set faceSet outlet_se_to_wall size:4
    Applying source faceToFace
    Removing all elements of face sets: (outlet_tm_faces)
    faceSet outlet_se_to_wall now size 3
Read set faceSet outlet_se_to_wall size:3
    Applying source faceToFace
    Removing all elements of face sets: (outlet_tm_left_faces)
    faceSet outlet_se_to_wall now size 2
Time = 100
    mesh not changed.
Created faceSet outlet_tm_faces
    Applying source patchToFace
    Adding all faces of patches: (outlet_tm) ...
    Found matching patch outlet_tm with 2 faces
    faceSet outlet_tm_faces now size 2
Read set faceSet outlet_tm_faces size:2
    Applying source patchToFace
    Adding all faces of patches: (wall) ...
    Found matching patch wall with 558 faces
    faceSet outlet_tm_faces now size 560
Read set faceSet outlet_tm_faces size:560
    Applying source boxToFace
    Adding faces with centre within boxes 1((0.00678 -0.00465 -1e-05) (0.00692 -0.0045 0.001001))
    faceSet outlet_tm_faces now size 1
Read set faceSet outlet_tm_faces size:1
    Applying source normalToFace
    Adding faces according to normal being aligned with (0.75568908 -0.65493054 0) (to within 0.5) ...
    faceSet outlet_tm_faces now size 1
Created faceSet outlet_tm_left_faces
    Applying source patchToFace
    Adding all faces of patches: (outlet_tm_left) ...
    Found matching patch outlet_tm_left with 2 faces
    faceSet outlet_tm_left_faces now size 2
Read set faceSet outlet_tm_left_faces size:2
    Applying source patchToFace
    Adding all faces of patches: (wall) ...
    Found matching patch wall with 558 faces
    faceSet outlet_tm_left_faces now size 560
Read set faceSet outlet_tm_left_faces size:560
    Applying source boxToFace
    Adding faces with centre within boxes 1((-0.00692 -0.00465 -1e-05) (-0.00678 -0.0045 0.001001))
    faceSet outlet_tm_left_faces now size 1
Read set faceSet outlet_tm_left_faces size:1
    Applying source normalToFace
    Adding faces according to normal being aligned with (-0.75568908 -0.65493054 0) (to within 0.5) ...
    faceSet outlet_tm_left_faces now size 1
Created faceSet outlet_se_to_wall
    Applying source patchToFace
    Adding all faces of patches: (outlet_tm) ...
    Found matching patch outlet_tm with 2 faces
    faceSet outlet_se_to_wall now size 2
Read set faceSet outlet_se_to_wall size:2
    Applying source patchToFace
    Adding all faces of patches: (outlet_tm_left) ...
    Found matching patch outlet_tm_left with 2 faces
    faceSet outlet_se_to_wall now size 4
Read set faceSet outlet_se_to_wall size:4
    Applying source faceToFace
    Removing all elements of face sets: (outlet_tm_faces)
    faceSet outlet_se_to_wall now size 3
Read set faceSet outlet_se_to_wall size:3
    Applying source faceToFace
    Removing all elements of face sets: (outlet_tm_left_faces)
    faceSet outlet_se_to_wall now size 2
Time = 107
    mesh not changed.
Created faceSet outlet_tm_faces
    Applying source patchToFace
    Adding all faces of patches: (outlet_tm) ...
    Found matching patch outlet_tm with 2 faces
    faceSet outlet_tm_faces now size 2
Read set faceSet outlet_tm_faces size:2
    Applying source patchToFace
    Adding all faces of patches: (wall) ...
    Found matching patch wall with 558 faces
    faceSet outlet_tm_faces now size 560
Read set faceSet outlet_tm_faces size:560
    Applying source boxToFace
    Adding faces with centre within boxes 1((0.00678 -0.00465 -1e-05) (0.00692 -0.0045 0.001001))
    faceSet outlet_tm_faces now size 1
Read set faceSet outlet_tm_faces size:1
    Applying source normalToFace
    Adding faces according to normal being aligned with (0.75568908 -0.65493054 0) (to within 0.5) ...
    faceSet outlet_tm_faces now size 1
Created faceSet outlet_tm_left_faces
    Applying source patchToFace
    Adding all faces of patches: (outlet_tm_left) ...
    Found matching patch outlet_tm_left with 2 faces
    faceSet outlet_tm_left_faces now size 2
Read set faceSet outlet_tm_left_faces size:2
    Applying source patchToFace
    Adding all faces of patches: (wall) ...
    Found matching patch wall with 558 faces
    faceSet outlet_tm_left_faces now size 560
Read set faceSet outlet_tm_left_faces size:560
    Applying source boxToFace
    Adding faces with centre within boxes 1((-0.00692 -0.00465 -1e-05) (-0.00678 -0.0045 0.001001))
    faceSet outlet_tm_left_faces now size 1
Read set faceSet outlet_tm_left_faces size:1
    Applying source normalToFace
    Adding faces according to normal being aligned with (-0.75568908 -0.65493054 0) (to within 0.5) ...
    faceSet outlet_tm_left_faces now size 1
Created faceSet outlet_se_to_wall
    Applying source patchToFace
    Adding all faces of patches: (outlet_tm) ...
    Found matching patch outlet_tm with 2 faces
    faceSet outlet_se_to_wall now size 2
Read set faceSet outlet_se_to_wall size:2
    Applying source patchToFace
    Adding all faces of patches: (outlet_tm_left) ...
    Found matching patch outlet_tm_left with 2 faces
    faceSet outlet_se_to_wall now size 4
Read set faceSet outlet_se_to_wall size:4
    Applying source faceToFace
    Removing all elements of face sets: (outlet_tm_faces)
    faceSet outlet_se_to_wall now size 3
Read set faceSet outlet_se_to_wall size:3
    Applying source faceToFace
    Removing all elements of face sets: (outlet_tm_left_faces)
    faceSet outlet_se_to_wall now size 2
Time = 150
    mesh not changed.
Created faceSet outlet_tm_faces
    Applying source patchToFace
    Adding all faces of patches: (outlet_tm) ...
    Found matching patch outlet_tm with 2 faces
    faceSet outlet_tm_faces now size 2
Read set faceSet outlet_tm_faces size:2
    Applying source patchToFace
    Adding all faces of patches: (wall) ...
    Found matching patch wall with 558 faces
    faceSet outlet_tm_faces now size 560
Read set faceSet outlet_tm_faces size:560
    Applying source boxToFace
    Adding faces with centre within boxes 1((0.00678 -0.00465 -1e-05) (0.00692 -0.0045 0.001001))
    faceSet outlet_tm_faces now size 1
Read set faceSet outlet_tm_faces size:1
    Applying source normalToFace
    Adding faces according to normal being aligned with (0.75568908 -0.65493054 0) (to within 0.5) ...
    faceSet outlet_tm_faces now size 1
Created faceSet outlet_tm_left_faces
    Applying source patchToFace
    Adding all faces of patches: (outlet_tm_left) ...
    Found matching patch outlet_tm_left with 2 faces
    faceSet outlet_tm_left_faces now size 2
Read set faceSet outlet_tm_left_faces size:2
    Applying source patchToFace
    Adding all faces of patches: (wall) ...
    Found matching patch wall with 558 faces
    faceSet outlet_tm_left_faces now size 560
Read set faceSet outlet_tm_left_faces size:560
    Applying source boxToFace
    Adding faces with centre within boxes 1((-0.00692 -0.00465 -1e-05) (-0.00678 -0.0045 0.001001))
    faceSet outlet_tm_left_faces now size 1
Read set faceSet outlet_tm_left_faces size:1
    Applying source normalToFace
    Adding faces according to normal being aligned with (-0.75568908 -0.65493054 0) (to within 0.5) ...
    faceSet outlet_tm_left_faces now size 1
Created faceSet outlet_se_to_wall
    Applying source patchToFace
    Adding all faces of patches: (outlet_tm) ...
    Found matching patch outlet_tm with 2 faces
    faceSet outlet_se_to_wall now size 2
Read set faceSet outlet_se_to_wall size:2
    Applying source patchToFace
    Adding all faces of patches: (outlet_tm_left) ...
    Found matching patch outlet_tm_left with 2 faces
    faceSet outlet_se_to_wall now size 4
Read set faceSet outlet_se_to_wall size:4
    Applying source faceToFace
    Removing all elements of face sets: (outlet_tm_faces)
    faceSet outlet_se_to_wall now size 3
Read set faceSet outlet_se_to_wall size:3
    Applying source faceToFace
    Removing all elements of face sets: (outlet_tm_left_faces)
    faceSet outlet_se_to_wall now size 2
Time = 200
    mesh not changed.
Created faceSet outlet_tm_faces
    Applying source patchToFace
    Adding all faces of patches: (outlet_tm) ...
    Found matching patch outlet_tm with 2 faces
    faceSet outlet_tm_faces now size 2
Read set faceSet outlet_tm_faces size:2
    Applying source patchToFace
    Adding all faces of patches: (wall) ...
    Found matching patch wall with 558 faces
    faceSet outlet_tm_faces now size 560
Read set faceSet outlet_tm_faces size:560
    Applying source boxToFace
    Adding faces with centre within boxes 1((0.00678 -0.00465 -1e-05) (0.00692 -0.0045 0.001001))
    faceSet outlet_tm_faces now size 1
Read set faceSet outlet_tm_faces size:1
    Applying source normalToFace
    Adding faces according to normal being aligned with (0.75568908 -0.65493054 0) (to within 0.5) ...
    faceSet outlet_tm_faces now size 1
Created faceSet outlet_tm_left_faces
    Applying source patchToFace
    Adding all faces of patches: (outlet_tm_left) ...
    Found matching patch outlet_tm_left with 2 faces
    faceSet outlet_tm_left_faces now size 2
Read set faceSet outlet_tm_left_faces size:2
    Applying source patchToFace
    Adding all faces of patches: (wall) ...
    Found matching patch wall with 558 faces
    faceSet outlet_tm_left_faces now size 560
Read set faceSet outlet_tm_left_faces size:560
    Applying source boxToFace
    Adding faces with centre within boxes 1((-0.00692 -0.00465 -1e-05) (-0.00678 -0.0045 0.001001))
    faceSet outlet_tm_left_faces now size 1
Read set faceSet outlet_tm_left_faces size:1
    Applying source normalToFace
    Adding faces according to normal being aligned with (-0.75568908 -0.65493054 0) (to within 0.5) ...
    faceSet outlet_tm_left_faces now size 1
Created faceSet outlet_se_to_wall
    Applying source patchToFace
    Adding all faces of patches: (outlet_tm) ...
    Found matching patch outlet_tm with 2 faces
    faceSet outlet_se_to_wall now size 2
Read set faceSet outlet_se_to_wall size:2
    Applying source patchToFace
    Adding all faces of patches: (outlet_tm_left) ...
    Found matching patch outlet_tm_left with 2 faces
    faceSet outlet_se_to_wall now size 4
Read set faceSet outlet_se_to_wall size:4
    Applying source faceToFace
    Removing all elements of face sets: (outlet_tm_faces)
    faceSet outlet_se_to_wall now size 3
Read set faceSet outlet_se_to_wall size:3
    Applying source faceToFace
    Removing all elements of face sets: (outlet_tm_left_faces)
    faceSet outlet_se_to_wall now size 2
Time = 250
    mesh not changed.
Created faceSet outlet_tm_faces
    Applying source patchToFace
    Adding all faces of patches: (outlet_tm) ...
    Found matching patch outlet_tm with 2 faces
    faceSet outlet_tm_faces now size 2
Read set faceSet outlet_tm_faces size:2
    Applying source patchToFace
    Adding all faces of patches: (wall) ...
    Found matching patch wall with 558 faces
    faceSet outlet_tm_faces now size 560
Read set faceSet outlet_tm_faces size:560
    Applying source boxToFace
    Adding faces with centre within boxes 1((0.00678 -0.00465 -1e-05) (0.00692 -0.0045 0.001001))
    faceSet outlet_tm_faces now size 1
Read set faceSet outlet_tm_faces size:1
    Applying source normalToFace
    Adding faces according to normal being aligned with (0.75568908 -0.65493054 0) (to within 0.5) ...
    faceSet outlet_tm_faces now size 1
Created faceSet outlet_tm_left_faces
    Applying source patchToFace
    Adding all faces of patches: (outlet_tm_left) ...
    Found matching patch outlet_tm_left with 2 faces
    faceSet outlet_tm_left_faces now size 2
Read set faceSet outlet_tm_left_faces size:2
    Applying source patchToFace
    Adding all faces of patches: (wall) ...
    Found matching patch wall with 558 faces
    faceSet outlet_tm_left_faces now size 560
Read set faceSet outlet_tm_left_faces size:560
    Applying source boxToFace
    Adding faces with centre within boxes 1((-0.00692 -0.00465 -1e-05) (-0.00678 -0.0045 0.001001))
    faceSet outlet_tm_left_faces now size 1
Read set faceSet outlet_tm_left_faces size:1
    Applying source normalToFace
    Adding faces according to normal being aligned with (-0.75568908 -0.65493054 0) (to within 0.5) ...
    faceSet outlet_tm_left_faces now size 1
Created faceSet outlet_se_to_wall
    Applying source patchToFace
    Adding all faces of patches: (outlet_tm) ...
    Found matching patch outlet_tm with 2 faces
    faceSet outlet_se_to_wall now size 2
Read set faceSet outlet_se_to_wall size:2
    Applying source patchToFace
    Adding all faces of patches: (outlet_tm_left) ...
    Found matching patch outlet_tm_left with 2 faces
    faceSet outlet_se_to_wall now size 4
Read set faceSet outlet_se_to_wall size:4
    Applying source faceToFace
    Removing all elements of face sets: (outlet_tm_faces)
    faceSet outlet_se_to_wall now size 3
Read set faceSet outlet_se_to_wall size:3
    Applying source faceToFace
    Removing all elements of face sets: (outlet_tm_left_faces)
    faceSet outlet_se_to_wall now size 2
Time = 300
    mesh not changed.
Created faceSet outlet_tm_faces
    Applying source patchToFace
    Adding all faces of patches: (outlet_tm) ...
    Found matching patch outlet_tm with 2 faces
    faceSet outlet_tm_faces now size 2
Read set faceSet outlet_tm_faces size:2
    Applying source patchToFace
    Adding all faces of patches: (wall) ...
    Found matching patch wall with 558 faces
    faceSet outlet_tm_faces now size 560
Read set faceSet outlet_tm_faces size:560
    Applying source boxToFace
    Adding faces with centre within boxes 1((0.00678 -0.00465 -1e-05) (0.00692 -0.0045 0.001001))
    faceSet outlet_tm_faces now size 1
Read set faceSet outlet_tm_faces size:1
    Applying source normalToFace
    Adding faces according to normal being aligned with (0.75568908 -0.65493054 0) (to within 0.5) ...
    faceSet outlet_tm_faces now size 1
Created faceSet outlet_tm_left_faces
    Applying source patchToFace
    Adding all faces of patches: (outlet_tm_left) ...
    Found matching patch outlet_tm_left with 2 faces
    faceSet outlet_tm_left_faces now size 2
Read set faceSet outlet_tm_left_faces size:2
    Applying source patchToFace
    Adding all faces of patches: (wall) ...
    Found matching patch wall with 558 faces
    faceSet outlet_tm_left_faces now size 560
Read set faceSet outlet_tm_left_faces size:560
    Applying source boxToFace
    Adding faces with centre within boxes 1((-0.00692 -0.00465 -1e-05) (-0.00678 -0.0045 0.001001))
    faceSet outlet_tm_left_faces now size 1
Read set faceSet outlet_tm_left_faces size:1
    Applying source normalToFace
    Adding faces according to normal being aligned with (-0.75568908 -0.65493054 0) (to within 0.5) ...
    faceSet outlet_tm_left_faces now size 1
Created faceSet outlet_se_to_wall
    Applying source patchToFace
    Adding all faces of patches: (outlet_tm) ...
    Found matching patch outlet_tm with 2 faces
    faceSet outlet_se_to_wall now size 2
Read set faceSet outlet_se_to_wall size:2
    Applying source patchToFace
    Adding all faces of patches: (outlet_tm_left) ...
    Found matching patch outlet_tm_left with 2 faces
    faceSet outlet_se_to_wall now size 4
Read set faceSet outlet_se_to_wall size:4
    Applying source faceToFace
    Removing all elements of face sets: (outlet_tm_faces)
    faceSet outlet_se_to_wall now size 3
Read set faceSet outlet_se_to_wall size:3
    Applying source faceToFace
    Removing all elements of face sets: (outlet_tm_left_faces)
    faceSet outlet_se_to_wall now size 2
Time = 350
    mesh not changed.
Created faceSet outlet_tm_faces
    Applying source patchToFace
    Adding all faces of patches: (outlet_tm) ...
    Found matching patch outlet_tm with 2 faces
    faceSet outlet_tm_faces now size 2
Read set faceSet outlet_tm_faces size:2
    Applying source patchToFace
    Adding all faces of patches: (wall) ...
    Found matching patch wall with 558 faces
    faceSet outlet_tm_faces now size 560
Read set faceSet outlet_tm_faces size:560
    Applying source boxToFace
    Adding faces with centre within boxes 1((0.00678 -0.00465 -1e-05) (0.00692 -0.0045 0.001001))
    faceSet outlet_tm_faces now size 1
Read set faceSet outlet_tm_faces size:1
    Applying source normalToFace
    Adding faces according to normal being aligned with (0.75568908 -0.65493054 0) (to within 0.5) ...
    faceSet outlet_tm_faces now size 1
Created faceSet outlet_tm_left_faces
    Applying source patchToFace
    Adding all faces of patches: (outlet_tm_left) ...
    Found matching patch outlet_tm_left with 2 faces
    faceSet outlet_tm_left_faces now size 2
Read set faceSet outlet_tm_left_faces size:2
    Applying source patchToFace
    Adding all faces of patches: (wall) ...
    Found matching patch wall with 558 faces
    faceSet outlet_tm_left_faces now size 560
Read set faceSet outlet_tm_left_faces size:560
    Applying source boxToFace
    Adding faces with centre within boxes 1((-0.00692 -0.00465 -1e-05) (-0.00678 -0.0045 0.001001))
    faceSet outlet_tm_left_faces now size 1
Read set faceSet outlet_tm_left_faces size:1
    Applying source normalToFace
    Adding faces according to normal being aligned with (-0.75568908 -0.65493054 0) (to within 0.5) ...
    faceSet outlet_tm_left_faces now size 1
Created faceSet outlet_se_to_wall
    Applying source patchToFace
    Adding all faces of patches: (outlet_tm) ...
    Found matching patch outlet_tm with 2 faces
    faceSet outlet_se_to_wall now size 2
Read set faceSet outlet_se_to_wall size:2
    Applying source patchToFace
    Adding all faces of patches: (outlet_tm_left) ...
    Found matching patch outlet_tm_left with 2 faces
    faceSet outlet_se_to_wall now size 4
Read set faceSet outlet_se_to_wall size:4
    Applying source faceToFace
    Removing all elements of face sets: (outlet_tm_faces)
    faceSet outlet_se_to_wall now size 3
Read set faceSet outlet_se_to_wall size:3
    Applying source faceToFace
    Removing all elements of face sets: (outlet_tm_left_faces)
    faceSet outlet_se_to_wall now size 2
Time = 400
    mesh not changed.
Created faceSet outlet_tm_faces
    Applying source patchToFace
    Adding all faces of patches: (outlet_tm) ...
    Found matching patch outlet_tm with 2 faces
    faceSet outlet_tm_faces now size 2
Read set faceSet outlet_tm_faces size:2
    Applying source patchToFace
    Adding all faces of patches: (wall) ...
    Found matching patch wall with 558 faces
    faceSet outlet_tm_faces now size 560
Read set faceSet outlet_tm_faces size:560
    Applying source boxToFace
    Adding faces with centre within boxes 1((0.00678 -0.00465 -1e-05) (0.00692 -0.0045 0.001001))
    faceSet outlet_tm_faces now size 1
Read set faceSet outlet_tm_faces size:1
    Applying source normalToFace
    Adding faces according to normal being aligned with (0.75568908 -0.65493054 0) (to within 0.5) ...
    faceSet outlet_tm_faces now size 1
Created faceSet outlet_tm_left_faces
    Applying source patchToFace
    Adding all faces of patches: (outlet_tm_left) ...
    Found matching patch outlet_tm_left with 2 faces
    faceSet outlet_tm_left_faces now size 2
Read set faceSet outlet_tm_left_faces size:2
    Applying source patchToFace
    Adding all faces of patches: (wall) ...
    Found matching patch wall with 558 faces
    faceSet outlet_tm_left_faces now size 560
Read set faceSet outlet_tm_left_faces size:560
    Applying source boxToFace
    Adding faces with centre within boxes 1((-0.00692 -0.00465 -1e-05) (-0.00678 -0.0045 0.001001))
    faceSet outlet_tm_left_faces now size 1
Read set faceSet outlet_tm_left_faces size:1
    Applying source normalToFace
    Adding faces according to normal being aligned with (-0.75568908 -0.65493054 0) (to within 0.5) ...
    faceSet outlet_tm_left_faces now size 1
Created faceSet outlet_se_to_wall
    Applying source patchToFace
    Adding all faces of patches: (outlet_tm) ...
    Found matching patch outlet_tm with 2 faces
    faceSet outlet_se_to_wall now size 2
Read set faceSet outlet_se_to_wall size:2
    Applying source patchToFace
    Adding all faces of patches: (outlet_tm_left) ...
    Found matching patch outlet_tm_left with 2 faces
    faceSet outlet_se_to_wall now size 4
Read set faceSet outlet_se_to_wall size:4
    Applying source faceToFace
    Removing all elements of face sets: (outlet_tm_faces)
    faceSet outlet_se_to_wall now size 3
Read set faceSet outlet_se_to_wall size:3
    Applying source faceToFace
    Removing all elements of face sets: (outlet_tm_left_faces)
    faceSet outlet_se_to_wall now size 2
Time = 450
    mesh not changed.
Created faceSet outlet_tm_faces
    Applying source patchToFace
    Adding all faces of patches: (outlet_tm) ...
    Found matching patch outlet_tm with 2 faces
    faceSet outlet_tm_faces now size 2
Read set faceSet outlet_tm_faces size:2
    Applying source patchToFace
    Adding all faces of patches: (wall) ...
    Found matching patch wall with 558 faces
    faceSet outlet_tm_faces now size 560
Read set faceSet outlet_tm_faces size:560
    Applying source boxToFace
    Adding faces with centre within boxes 1((0.00678 -0.00465 -1e-05) (0.00692 -0.0045 0.001001))
    faceSet outlet_tm_faces now size 1
Read set faceSet outlet_tm_faces size:1
    Applying source normalToFace
    Adding faces according to normal being aligned with (0.75568908 -0.65493054 0) (to within 0.5) ...
    faceSet outlet_tm_faces now size 1
Created faceSet outlet_tm_left_faces
    Applying source patchToFace
    Adding all faces of patches: (outlet_tm_left) ...
    Found matching patch outlet_tm_left with 2 faces
    faceSet outlet_tm_left_faces now size 2
Read set faceSet outlet_tm_left_faces size:2
    Applying source patchToFace
    Adding all faces of patches: (wall) ...
    Found matching patch wall with 558 faces
    faceSet outlet_tm_left_faces now size 560
Read set faceSet outlet_tm_left_faces size:560
    Applying source boxToFace
    Adding faces with centre within boxes 1((-0.00692 -0.00465 -1e-05) (-0.00678 -0.0045 0.001001))
    faceSet outlet_tm_left_faces now size 1
Read set faceSet outlet_tm_left_faces size:1
    Applying source normalToFace
    Adding faces according to normal being aligned with (-0.75568908 -0.65493054 0) (to within 0.5) ...
    faceSet outlet_tm_left_faces now size 1
Created faceSet outlet_se_to_wall
    Applying source patchToFace
    Adding all faces of patches: (outlet_tm) ...
    Found matching patch outlet_tm with 2 faces
    faceSet outlet_se_to_wall now size 2
Read set faceSet outlet_se_to_wall size:2
    Applying source patchToFace
    Adding all faces of patches: (outlet_tm_left) ...
    Found matching patch outlet_tm_left with 2 faces
    faceSet outlet_se_to_wall now size 4
Read set faceSet outlet_se_to_wall size:4
    Applying source faceToFace
    Removing all elements of face sets: (outlet_tm_faces)
    faceSet outlet_se_to_wall now size 3
Read set faceSet outlet_se_to_wall size:3
    Applying source faceToFace
    Removing all elements of face sets: (outlet_tm_left_faces)
    faceSet outlet_se_to_wall now size 2
Time = 500
    mesh not changed.
Created faceSet outlet_tm_faces
    Applying source patchToFace
    Adding all faces of patches: (outlet_tm) ...
    Found matching patch outlet_tm with 2 faces
    faceSet outlet_tm_faces now size 2
Read set faceSet outlet_tm_faces size:2
    Applying source patchToFace
    Adding all faces of patches: (wall) ...
    Found matching patch wall with 558 faces
    faceSet outlet_tm_faces now size 560
Read set faceSet outlet_tm_faces size:560
    Applying source boxToFace
    Adding faces with centre within boxes 1((0.00678 -0.00465 -1e-05) (0.00692 -0.0045 0.001001))
    faceSet outlet_tm_faces now size 1
Read set faceSet outlet_tm_faces size:1
    Applying source normalToFace
    Adding faces according to normal being aligned with (0.75568908 -0.65493054 0) (to within 0.5) ...
    faceSet outlet_tm_faces now size 1
Created faceSet outlet_tm_left_faces
    Applying source patchToFace
    Adding all faces of patches: (outlet_tm_left) ...
    Found matching patch outlet_tm_left with 2 faces
    faceSet outlet_tm_left_faces now size 2
Read set faceSet outlet_tm_left_faces size:2
    Applying source patchToFace
    Adding all faces of patches: (wall) ...
    Found matching patch wall with 558 faces
    faceSet outlet_tm_left_faces now size 560
Read set faceSet outlet_tm_left_faces size:560
    Applying source boxToFace
    Adding faces with centre within boxes 1((-0.00692 -0.00465 -1e-05) (-0.00678 -0.0045 0.001001))
    faceSet outlet_tm_left_faces now size 1
Read set faceSet outlet_tm_left_faces size:1
    Applying source normalToFace
    Adding faces according to normal being aligned with (-0.75568908 -0.65493054 0) (to within 0.5) ...
    faceSet outlet_tm_left_faces now size 1
Created faceSet outlet_se_to_wall
    Applying source patchToFace
    Adding all faces of patches: (outlet_tm) ...
    Found matching patch outlet_tm with 2 faces
    faceSet outlet_se_to_wall now size 2
Read set faceSet outlet_se_to_wall size:2
    Applying source patchToFace
    Adding all faces of patches: (outlet_tm_left) ...
    Found matching patch outlet_tm_left with 2 faces
    faceSet outlet_se_to_wall now size 4
Read set faceSet outlet_se_to_wall size:4
    Applying source faceToFace
    Removing all elements of face sets: (outlet_tm_faces)
    faceSet outlet_se_to_wall now size 3
Read set faceSet outlet_se_to_wall size:3
    Applying source faceToFace
    Removing all elements of face sets: (outlet_tm_left_faces)
    faceSet outlet_se_to_wall now size 2

End

/*---------------------------------------------------------------------------*\
| =========                 |                                                 |
| \\      /  F ield         | OpenFOAM: The Open Source CFD Toolbox           |
|  \\    /   O peration     | Version:  2512                                  |
|   \\  /    A nd           | Website:  www.openfoam.com                      |
|    \\/     M anipulation  |                                                 |
\*---------------------------------------------------------------------------*/
Build  : _bd2b6720-20260127 OPENFOAM=2512 version=2512
Arch   : "LSB;label=32;scalar=64"
Exec   : createPatch -overwrite -dict system/createPatchDict.anatomical
Date   : Jul 16 2026
Time   : 00:55:59
Host   : c99d9a6706bf
PID    : 240
I/O    : uncollated
Case   : /simulation/doc-g1-sim1/fluid
nProcs : 1
trapFpe: Floating point exception trapping enabled (FOAM_SIGFPE).
memory pool : not available
fileModificationChecking : Monitoring run-time modified files using timeStampMaster (fileModificationSkew 5, maxFileModificationPolls 20)
allowSystemOperations : Allowing user-supplied system call operations

// * * * * * * * * * * * * * * * * * * * * * * * * * * * * * * * * * * * * * //
Create time

Create mesh for time = 0

Reading "system/createPatchDict.anatomical"



Adding patches to mesh region0

Adding new patch front from 
{
    type            empty;
    nFaces          0;
    startFace       0;
}

Adding new patch back from 
{
    type            empty;
    nFaces          0;
    startFace       0;
}

Adding new patch tm_se_wall from 
{
    type            wall;
    nFaces          0;
    startFace       0;
}




Repatching mesh region0

Read 41242 faces from faceSet frontFaces
Read 41242 faces from faceSet backFaces
Read 2 faces from faceSet outlet_se_to_wall
Read 1 faces from faceSet outlet_tm_faces
Read 1 faces from faceSet outlet_tm_left_faces
Doing topology modification to order faces.

Not synchronising points.

Removing patches with no faces in them.

Removed zero-sized patch defaultFaces type patch at position 7


Writing repatched mesh region0 to 0

End

=== changeDictionary (patch types) ===
/*---------------------------------------------------------------------------*\
| =========                 |                                                 |
| \\      /  F ield         | OpenFOAM: The Open Source CFD Toolbox           |
|  \\    /   O peration     | Version:  2512                                  |
|   \\  /    A nd           | Website:  www.openfoam.com                      |
|    \\/     M anipulation  |                                                 |
\*---------------------------------------------------------------------------*/
Build  : _bd2b6720-20260127 OPENFOAM=2512 version=2512
Arch   : "LSB;label=32;scalar=64"
Exec   : changeDictionary
Date   : Jul 16 2026
Time   : 00:56:02
Host   : c99d9a6706bf
PID    : 243
I/O    : uncollated
Case   : /simulation/doc-g1-sim1/fluid
nProcs : 1
trapFpe: Floating point exception trapping enabled (FOAM_SIGFPE).
memory pool : not available
fileModificationChecking : Monitoring run-time modified files using timeStampMaster (fileModificationSkew 5, maxFileModificationPolls 20)
allowSystemOperations : Allowing user-supplied system call operations

// * * * * * * * * * * * * * * * * * * * * * * * * * * * * * * * * * * * * * //
Create time

Create mesh for time = 0

Read dictionary changeDictionaryDict with replacements for dictionaries 1(boundary)
Reading polyMesh/boundary file to extract patch names
Loaded dictionary boundary with entries 10(wall iris_wall outlet_tm ac_inlet lens_wall ac_inlet_left outlet_tm_left front back tm_se_wall)
Extracted patch groups:
    group empty with patches 2(front back)
    group wall with patches 1(tm_se_wall)
Replacing entries in dictionary boundary
Special handling of boundary as polyMesh/boundary file.
Merging entries from 10(front back wall tm_se_wall lens_wall iris_wall ac_inlet ac_inlet_left outlet_tm outlet_tm_left)
fieldDict:
{
    wall
    {
        type            patch;
        physicalType    patch;
        nFaces          558;
        startFace       61302;
    }
    iris_wall
    {
        type            wall;
        physicalType    patch;
        nFaces          238;
        startFace       61860;
    }
    outlet_tm
    {
        type            patch;
        physicalType    patch;
        nFaces          1;
        startFace       62098;
    }
    ac_inlet
    {
        type            patch;
        physicalType    patch;
        nFaces          8;
        startFace       62099;
    }
    lens_wall
    {
        type            wall;
        physicalType    patch;
        nFaces          306;
        startFace       62107;
    }
    ac_inlet_left
    {
        type            patch;
        physicalType    patch;
        nFaces          8;
        startFace       62413;
    }
    outlet_tm_left
    {
        type            patch;
        physicalType    patch;
        nFaces          1;
        startFace       62421;
    }
    front
    {
        type            empty;
        inGroups        1 ( empty );
        nFaces          41242;
        startFace       62422;
    }
    back
    {
        type            empty;
        inGroups        1 ( empty );
        nFaces          41242;
        startFace       103664;
    }
    tm_se_wall
    {
        type            wall;
        inGroups        1 ( wall );
        nFaces          2;
        startFace       144906;
    }
}

Writing modified boundary

End

=== initial fields ===
=== checkMesh ===
/*---------------------------------------------------------------------------*\
| =========                 |                                                 |
| \\      /  F ield         | OpenFOAM: The Open Source CFD Toolbox           |
|  \\    /   O peration     | Version:  2512                                  |
|   \\  /    A nd           | Website:  www.openfoam.com                      |
|    \\/     M anipulation  |                                                 |
\*---------------------------------------------------------------------------*/
Build  : _bd2b6720-20260127 OPENFOAM=2512 version=2512
Arch   : "LSB;label=32;scalar=64"
Exec   : checkMesh
Date   : Jul 16 2026
Time   : 00:56:03
Host   : c99d9a6706bf
PID    : 249
I/O    : uncollated
Case   : /simulation/doc-g1-sim1/fluid
nProcs : 1
trapFpe: Floating point exception trapping enabled (FOAM_SIGFPE).
memory pool : not available
fileModificationChecking : Monitoring run-time modified files using timeStampMaster (fileModificationSkew 5, maxFileModificationPolls 20)
allowSystemOperations : Allowing user-supplied system call operations

// * * * * * * * * * * * * * * * * * * * * * * * * * * * * * * * * * * * * * //
Create time

Create mesh for time = 0

Check mesh...

Time = 0

Mesh stats 
    points:           42364
    internal points:  0
    faces:            144908
    internal faces:   61302
    cells:            41242
    faces per cell:   5
    boundary patches: 10
    point zones:      0
    face zones:       0
    cell zones:       4

Overall number of cells of each type:
    hexahedra:     0
    prisms:        41242
    wedges:        0
    pyramids:      0
    tet wedges:    0
    tetrahedra:    0
    polyhedra:     0

Checking topology...
    Boundary definition OK.
    Cell to face addressing OK.
    Point usage OK.
    Upper triangular ordering OK.
    Face vertices OK.
    Number of regions: 1 (OK).

Checking patch topology for multiply connected surfaces...
    Patch               Faces    Points     Surface topology
    wall                558      1124     ok (non-closed singly connected)  
    iris_wall           238      492      ok (non-closed singly connected)  
    outlet_tm           1        4        ok (non-closed singly connected)  
    ac_inlet            8        18       ok (non-closed singly connected)  
    lens_wall           306      620      ok (non-closed singly connected)  
    ac_inlet_left       8        18       ok (non-closed singly connected)  
    outlet_tm_left      1        4        ok (non-closed singly connected)  
    front               41242    21182    ok (non-closed singly connected)  
    back                41242    21182    ok (non-closed singly connected)  
    tm_se_wall          2        8        ok (non-closed singly connected)  
    ".*"                83606    42364    ok (closed singly connected)      


Checking faceZone topology for multiply connected surfaces...
    No faceZones found.

Checking basic cellZone addressing...
    CellZone            Cells        Points       Volume       BoundingBox
    fluid               41242        42364        1.4629709e-07 (-0.0083688305 -0.00816 0) (0.0083688305 0.0069 0.001)
    tm_zone             69           98           1.9849536e-10 (0.0064142133 -0.0048720705 0) (0.00693 -0.0041952456 0.001)
    tm_zone_left        67           96           1.9558531e-10 (-0.00693 -0.0048720705 0) (-0.0064137072 -0.0041944014 0.001)
    vitreous_zone       19682        20142        1.0167695e-07 (-0.0080734505 -0.0015483274 0) (0.0080569714 0.0069 0.001)

Checking basic pointZone addressing...
    No pointZones found.

Checking geometry...
    Overall domain bounding box (-0.0083688305 -0.00816 0) (0.0083688305 0.0069 0.001)
    Mesh has 2 geometric (non-empty/wedge) directions (1 1 0)
    Mesh has 2 solution (non-empty) directions (1 1 0)
    All edges aligned with or perpendicular to non-empty directions.
    Boundary openness (-1.1014104e-18 6.814977e-18 -1.3698495e-15) OK.
    Max cell openness = 3.7865184e-15 OK.
    Max aspect ratio = 4.5420041 OK.
    Minimum face area = 3.4133459e-12. Maximum face area = 1.8412767e-07.  Face area magnitudes OK.
    Min volume = 3.4133459e-15. Max volume = 1.0832708e-11.  Total volume = 1.4629709e-07.  Cell volumes OK.
    Mesh non-orthogonality Max: 62.352341 average: 4.3246144
    Non-orthogonality check OK.
    Face pyramids OK.
 ***Max skewness = 4.2550004, 1 highly skew faces detected which may impair the quality of the results
  <<Writing 1 skew faces to set skewFaces
    Coupled point location match (average 0) OK.

Failed 1 mesh checks.

End

=== patch / zone counts ===
WARNING: checkMesh reported Failed (see log.checkMesh) — continuing for ParaView
  ac_inlet: 8 faces
  ac_inlet_left: 8 faces
  outlet_tm: 1 faces
  outlet_tm_left: 1 faces
  wall: 558 faces
  front: 41242 faces
  back: 41242 faces
  tm_zone: 69 cells
  tm_zone_left: 67 cells
  vitreous_zone: 19682 cells
=== simpleFoam ===
/*---------------------------------------------------------------------------*\
| =========                 |                                                 |
| \\      /  F ield         | OpenFOAM: The Open Source CFD Toolbox           |
|  \\    /   O peration     | Version:  2512                                  |
|   \\  /    A nd           | Website:  www.openfoam.com                      |
|    \\/     M anipulation  |                                                 |
\*---------------------------------------------------------------------------*/
Build  : _bd2b6720-20260127 OPENFOAM=2512 version=2512
Arch   : "LSB;label=32;scalar=64"
Exec   : simpleFoam
Date   : Jul 16 2026
Time   : 00:56:09
Host   : c99d9a6706bf
PID    : 255
I/O    : uncollated
Case   : /simulation/doc-g1-sim1/fluid
nProcs : 1
trapFpe: Floating point exception trapping enabled (FOAM_SIGFPE).
memory pool : not available
fileModificationChecking : Monitoring run-time modified files using timeStampMaster (fileModificationSkew 5, maxFileModificationPolls 20)
allowSystemOperations : Allowing user-supplied system call operations

// * * * * * * * * * * * * * * * * * * * * * * * * * * * * * * * * * * * * * //
Create time

Create mesh for time = 0


SIMPLE: convergence criteria
    field p	 tolerance 0.0001
    field U	 tolerance 1e-05

Reading field p

Reading field U

Reading/calculating face flux field phi

Selecting incompressible transport model Newtonian
Selecting turbulence model type laminar
Selecting laminar stress model Stokes
No MRF models present

Creating finite-volume options from "system/fvOptions"

Selecting finite volume options type explicitPorositySource
    Source: tm_porous
    State: active
    - selecting cells using cellZones (tm_zone)
    - selected 69 cell(s) with volume 1.9849536e-10
Porosity region tm_porous:
    selecting model: DarcyForchheimer
--> FOAM IOWarning :
    Found [v1806] 'coordinateRotation' entry instead of 'rotation' in dictionary "system/fvOptions/tm_porous/explicitPorositySourceCoeffs/DarcyForchheimerCoeffs/coordinateSystem"

    This keyword is 90 months old.

Using [v1806] 'axesRotation' instead of 'axes' in selection table: coordinateRotation

    This lookup is 90 months old.

    creating porous zone: tm_zone
    origin: (0 0 0) e1: (1 0 0) e2: (0 1 0)
    local bounds: (0.00051578665 0.00067682487 0.001)

Selecting finite volume options type explicitPorositySource
    Source: tm_porous_left
    State: active
    - selecting cells using cellZones (tm_zone_left)
    - selected 67 cell(s) with volume 1.9558531e-10
Porosity region tm_porous_left:
    selecting model: DarcyForchheimer
--> FOAM IOWarning :
    Found [v1806] 'coordinateRotation' entry instead of 'rotation' in dictionary "system/fvOptions/tm_porous_left/explicitPorositySourceCoeffs/DarcyForchheimerCoeffs/coordinateSystem"

    This keyword is 90 months old.

Using [v1806] 'axesRotation' instead of 'axes' in selection table: coordinateRotation

    This lookup is 90 months old.

    creating porous zone: tm_zone_left
    origin: (0 0 0) e1: (1 0 0) e2: (0 1 0)
    local bounds: (0.00051629278 0.00067766906 0.001)

Selecting finite volume options type explicitPorositySource
    Source: vitreous_porous
    State: active
    - selecting cells using cellZones (vitreous_zone)
    - selected 19682 cell(s) with volume 1.0167695e-07
Porosity region vitreous_porous:
    selecting model: DarcyForchheimer
--> FOAM IOWarning :
    Found [v1806] 'coordinateRotation' entry instead of 'rotation' in dictionary "system/fvOptions/vitreous_porous/explicitPorositySourceCoeffs/DarcyForchheimerCoeffs/coordinateSystem"

    This keyword is 90 months old.

Using [v1806] 'axesRotation' instead of 'axes' in selection table: coordinateRotation

    This lookup is 90 months old.

    creating porous zone: vitreous_zone
    origin: (0 0 0) e1: (1 0 0) e2: (0 1 0)
    local bounds: (0.016130422 0.0084483274 0.001)


Starting time loop

surfaceFieldValue flowRateTM:
    operation     = sum


surfaceFieldValue flowRateTM_left:
    operation     = sum


surfaceFieldValue pressureACinlet:
    operation     = areaAverage


Time = 1

smoothSolver:  Solving for Ux, Initial residual = 0.99999999, Final residual = 1.1604874e-09, No Iterations 8
smoothSolver:  Solving for Uy, Initial residual = 0.99999999, Final residual = 4.3431821e-09, No Iterations 8
DICPCG:  Solving for p, Initial residual = 0.99999996, Final residual = 0.009864953, No Iterations 791
DICPCG:  Solving for p, Initial residual = 0.098929682, Final residual = 0.00088178096, No Iterations 24
DICPCG:  Solving for p, Initial residual = 0.011772624, Final residual = 0.00011495971, No Iterations 759
DICPCG:  Solving for p, Initial residual = 0.0049296434, Final residual = 4.4742019e-05, No Iterations 764
time step continuity errors : sum local = 2.7957376e-07, global = 1.0609346e-12, cumulative = 1.0609346e-12
ExecutionTime = 4.07 s  ClockTime = 4 s

Time = 2

smoothSolver:  Solving for Ux, Initial residual = 0.29245049, Final residual = 3.2958918e-09, No Iterations 3
smoothSolver:  Solving for Uy, Initial residual = 0.25133879, Final residual = 4.1304576e-09, No Iterations 3
DICPCG:  Solving for p, Initial residual = 0.2332404, Final residual = 0.0022026256, No Iterations 789
DICPCG:  Solving for p, Initial residual = 0.066449093, Final residual = 0.00064325994, No Iterations 24
DICPCG:  Solving for p, Initial residual = 0.0084741966, Final residual = 7.3283189e-05, No Iterations 777
DICPCG:  Solving for p, Initial residual = 0.0034467626, Final residual = 3.1798017e-05, No Iterations 774
time step continuity errors : sum local = 1.6828844e-07, global = 1.8346589e-12, cumulative = 2.8955935e-12
ExecutionTime = 6.71 s  ClockTime = 6 s

Time = 3

smoothSolver:  Solving for Ux, Initial residual = 0.19681907, Final residual = 2.0830081e-09, No Iterations 3
smoothSolver:  Solving for Uy, Initial residual = 0.16258859, Final residual = 2.5079948e-09, No Iterations 3
DICPCG:  Solving for p, Initial residual = 0.19384093, Final residual = 0.0018721476, No Iterations 778
DICPCG:  Solving for p, Initial residual = 0.032942312, Final residual = 0.00031283649, No Iterations 24
DICPCG:  Solving for p, Initial residual = 0.0042766463, Final residual = 4.1940218e-05, No Iterations 782
DICPCG:  Solving for p, Initial residual = 0.0019087245, Final residual = 1.9003448e-05, No Iterations 43
time step continuity errors : sum local = 7.7315603e-08, global = -7.1544908e-09, cumulative = -7.1515952e-09
ExecutionTime = 8.54 s  ClockTime = 8 s

Time = 4

smoothSolver:  Solving for Ux, Initial residual = 0.13392045, Final residual = 9.1367188e-09, No Iterations 2
smoothSolver:  Solving for Uy, Initial residual = 0.10855914, Final residual = 9.7361484e-09, No Iterations 2
DICPCG:  Solving for p, Initial residual = 0.21932577, Final residual = 0.0020729988, No Iterations 756
DICPCG:  Solving for p, Initial residual = 0.037749623, Final residual = 0.00037718187, No Iterations 21
DICPCG:  Solving for p, Initial residual = 0.0047364576, Final residual = 4.5819046e-05, No Iterations 776
DICPCG:  Solving for p, Initial residual = 0.0018604799, Final residual = 1.747358e-05, No Iterations 774
time step continuity errors : sum local = 5.2819168e-08, global = 9.0884886e-13, cumulative = -7.1506863e-09
ExecutionTime = 11.39 s  ClockTime = 11 s

Time = 5

smoothSolver:  Solving for Ux, Initial residual = 0.087339948, Final residual = 4.0133155e-09, No Iterations 2
smoothSolver:  Solving for Uy, Initial residual = 0.070580838, Final residual = 3.9822019e-09, No Iterations 2
DICPCG:  Solving for p, Initial residual = 0.22527815, Final residual = 0.0022034037, No Iterations 762
DICPCG:  Solving for p, Initial residual = 0.087757474, Final residual = 0.00079220814, No Iterations 21
DICPCG:  Solving for p, Initial residual = 0.0090858845, Final residual = 8.7205597e-05, No Iterations 776
DICPCG:  Solving for p, Initial residual = 0.0040882025, Final residual = 3.8874212e-05, No Iterations 22
time step continuity errors : sum local = 8.6258511e-08, global = 2.4367881e-08, cumulative = 1.7217195e-08
ExecutionTime = 12.77 s  ClockTime = 13 s

Time = 6

smoothSolver:  Solving for Ux, Initial residual = 0.050552508, Final residual = 9.3580804e-09, No Iterations 1
smoothSolver:  Solving for Uy, Initial residual = 0.04151268, Final residual = 7.6280526e-09, No Iterations 1
DICPCG:  Solving for p, Initial residual = 0.21098787, Final residual = 0.0020230146, No Iterations 778
DICPCG:  Solving for p, Initial residual = 0.10302756, Final residual = 0.001026332, No Iterations 32
DICPCG:  Solving for p, Initial residual = 0.0097793524, Final residual = 9.6655033e-05, No Iterations 776
DICPCG:  Solving for p, Initial residual = 0.0035062309, Final residual = 3.4355833e-05, No Iterations 772
time step continuity errors : sum local = 6.29916e-08, global = 7.3028133e-15, cumulative = 1.7217202e-08
ExecutionTime = 15 s  ClockTime = 15 s

Time = 7

smoothSolver:  Solving for Ux, Initial residual = 0.02189493, Final residual = 2.3427812e-09, No Iterations 2
smoothSolver:  Solving for Uy, Initial residual = 0.018205639, Final residual = 2.903316e-09, No Iterations 2
DICPCG:  Solving for p, Initial residual = 0.18531191, Final residual = 0.0015701095, No Iterations 781
DICPCG:  Solving for p, Initial residual = 0.067159143, Final residual = 0.00059422557, No Iterations 31
DICPCG:  Solving for p, Initial residual = 0.005503303, Final residual = 4.9825534e-05, No Iterations 780
DICPCG:  Solving for p, Initial residual = 0.0019849782, Final residual = 1.9441526e-05, No Iterations 20
time step continuity errors : sum local = 3.9323717e-08, global = 1.1922194e-08, cumulative = 2.9139396e-08
ExecutionTime = 16.59 s  ClockTime = 16 s

Time = 8

smoothSolver:  Solving for Ux, Initial residual = 0.0095345207, Final residual = 3.3278071e-09, No Iterations 2
smoothSolver:  Solving for Uy, Initial residual = 0.0089111408, Final residual = 3.9622667e-09, No Iterations 2
DICPCG:  Solving for p, Initial residual = 0.15231306, Final residual = 0.0014042943, No Iterations 780
DICPCG:  Solving for p, Initial residual = 0.050361105, Final residual = 0.00044160709, No Iterations 770
DICPCG:  Solving for p, Initial residual = 0.00473652, Final residual = 4.6054641e-05, No Iterations 778
DICPCG:  Solving for p, Initial residual = 0.00099008445, Final residual = 9.7489785e-06, No Iterations 775
time step continuity errors : sum local = 1.8110244e-08, global = -1.4915574e-13, cumulative = 2.9139247e-08
ExecutionTime = 19.71 s  ClockTime = 19 s

Time = 9

smoothSolver:  Solving for Ux, Initial residual = 0.021278006, Final residual = 3.1192887e-09, No Iterations 2
smoothSolver:  Solving for Uy, Initial residual = 0.019017547, Final residual = 3.4855522e-09, No Iterations 2
DICPCG:  Solving for p, Initial residual = 0.14277211, Final residual = 0.0012925606, No Iterations 775
DICPCG:  Solving for p, Initial residual = 0.05500734, Final residual = 0.0005296246, No Iterations 771
DICPCG:  Solving for p, Initial residual = 0.0061404944, Final residual = 5.9288944e-05, No Iterations 777
DICPCG:  Solving for p, Initial residual = 0.0014254465, Final residual = 1.3743721e-05, No Iterations 771
time step continuity errors : sum local = 2.0994741e-08, global = -3.7045532e-13, cumulative = 2.9138876e-08
ExecutionTime = 22.83 s  ClockTime = 23 s

Time = 10

smoothSolver:  Solving for Ux, Initial residual = 0.03016148, Final residual = 1.9499579e-09, No Iterations 2
smoothSolver:  Solving for Uy, Initial residual = 0.025672036, Final residual = 1.8222564e-09, No Iterations 2
DICPCG:  Solving for p, Initial residual = 0.15347503, Final residual = 0.0013882236, No Iterations 757
DICPCG:  Solving for p, Initial residual = 0.039883602, Final residual = 0.00035384463, No Iterations 776
DICPCG:  Solving for p, Initial residual = 0.0049502512, Final residual = 4.4746047e-05, No Iterations 773
DICPCG:  Solving for p, Initial residual = 0.0020020558, Final residual = 1.6905732e-05, No Iterations 776
time step continuity errors : sum local = 3.0096971e-08, global = -1.2570965e-13, cumulative = 2.9138751e-08
ExecutionTime = 25.5 s  ClockTime = 25 s

surfaceFieldValue flowRateTM write:
    total faces   = 1
    total area    = 1.7356555e-07

    sum(outlet_tm) of phi = 2.499913e-11

surfaceFieldValue flowRateTM_left write:
    total faces   = 1
    total area    = 1.7356555e-07

    sum(outlet_tm_left) of phi = 2.500087e-11

surfaceFieldValue pressureACinlet write:
    total faces   = 8
    total area    = 8.4377393e-07

    areaAverage(ac_inlet) of p = 2.6450065

Time = 11

smoothSolver:  Solving for Ux, Initial residual = 0.030084478, Final residual = 7.0491777e-09, No Iterations 1
smoothSolver:  Solving for Uy, Initial residual = 0.023654629, Final residual = 4.6665669e-09, No Iterations 1
DICPCG:  Solving for p, Initial residual = 0.13965487, Final residual = 0.0012734361, No Iterations 753
DICPCG:  Solving for p, Initial residual = 0.031342369, Final residual = 0.00028809173, No Iterations 774
DICPCG:  Solving for p, Initial residual = 0.0033436146, Final residual = 3.1987101e-05, No Iterations 777
DICPCG:  Solving for p, Initial residual = 0.0011096332, Final residual = 1.0867462e-05, No Iterations 20
time step continuity errors : sum local = 2.1611361e-08, global = 1.8976084e-11, cumulative = 2.9157727e-08
ExecutionTime = 27.81 s  ClockTime = 28 s

Time = 12

smoothSolver:  Solving for Ux, Initial residual = 0.023609819, Final residual = 1.4284631e-09, No Iterations 2
smoothSolver:  Solving for Uy, Initial residual = 0.017451842, Final residual = 1.7755188e-09, No Iterations 2
DICPCG:  Solving for p, Initial residual = 0.10848708, Final residual = 0.0010358059, No Iterations 762
DICPCG:  Solving for p, Initial residual = 0.022196489, Final residual = 0.00021874719, No Iterations 23
DICPCG:  Solving for p, Initial residual = 0.0031907367, Final residual = 2.8792836e-05, No Iterations 752
DICPCG:  Solving for p, Initial residual = 0.0015557036, Final residual = 1.5508901e-05, No Iterations 764
time step continuity errors : sum local = 3.34502e-08, global = 8.0948774e-13, cumulative = 2.9158536e-08
ExecutionTime = 29.95 s  ClockTime = 30 s

Time = 13

smoothSolver:  Solving for Ux, Initial residual = 0.014382107, Final residual = 1.986541e-09, No Iterations 2
smoothSolver:  Solving for Uy, Initial residual = 0.010777036, Final residual = 2.3387196e-09, No Iterations 2
DICPCG:  Solving for p, Initial residual = 0.085211089, Final residual = 0.00082556349, No Iterations 775
DICPCG:  Solving for p, Initial residual = 0.017507419, Final residual = 0.00017052993, No Iterations 24
DICPCG:  Solving for p, Initial residual = 0.0026647057, Final residual = 2.5031931e-05, No Iterations 777
DICPCG:  Solving for p, Initial residual = 0.0012918387, Final residual = 1.2686658e-05, No Iterations 769
time step continuity errors : sum local = 2.8654551e-08, global = -2.050808e-14, cumulative = 2.9158516e-08
ExecutionTime = 31.96 s  ClockTime = 32 s

Time = 14

smoothSolver:  Solving for Ux, Initial residual = 0.0053745549, Final residual = 1.6747282e-09, No Iterations 2
smoothSolver:  Solving for Uy, Initial residual = 0.0054164915, Final residual = 1.9270502e-09, No Iterations 2
DICPCG:  Solving for p, Initial residual = 0.071456603, Final residual = 0.00067947306, No Iterations 776
DICPCG:  Solving for p, Initial residual = 0.017391234, Final residual = 0.0001702473, No Iterations 771
DICPCG:  Solving for p, Initial residual = 0.0025334842, Final residual = 2.1829318e-05, No Iterations 776
DICPCG:  Solving for p, Initial residual = 0.0010080482, Final residual = 9.3813007e-06, No Iterations 768
time step continuity errors : sum local = 2.1500676e-08, global = 2.3434828e-13, cumulative = 2.915875e-08
ExecutionTime = 34.52 s  ClockTime = 34 s

Time = 15

smoothSolver:  Solving for Ux, Initial residual = 0.0038698896, Final residual = 6.1033129e-09, No Iterations 1
smoothSolver:  Solving for Uy, Initial residual = 0.0043661107, Final residual = 6.2273894e-09, No Iterations 1
DICPCG:  Solving for p, Initial residual = 0.060672527, Final residual = 0.00055988596, No Iterations 773
DICPCG:  Solving for p, Initial residual = 0.015458341, Final residual = 0.00014125133, No Iterations 774
DICPCG:  Solving for p, Initial residual = 0.0021211625, Final residual = 1.9541416e-05, No Iterations 778
DICPCG:  Solving for p, Initial residual = 0.00069711, Final residual = 6.4293029e-06, No Iterations 768
time step continuity errors : sum local = 1.4661388e-08, global = -1.4974213e-12, cumulative = 2.9157253e-08
ExecutionTime = 36.9 s  ClockTime = 37 s

Time = 16

smoothSolver:  Solving for Ux, Initial residual = 0.0070578927, Final residual = 3.4598063e-09, No Iterations 1
smoothSolver:  Solving for Uy, Initial residual = 0.0056213411, Final residual = 3.0686422e-09, No Iterations 1
DICPCG:  Solving for p, Initial residual = 0.048746958, Final residual = 0.00045180188, No Iterations 767
DICPCG:  Solving for p, Initial residual = 0.011733902, Final residual = 0.00010539406, No Iterations 775
DICPCG:  Solving for p, Initial residual = 0.0017852338, Final residual = 1.7049625e-05, No Iterations 777
DICPCG:  Solving for p, Initial residual = 0.00065590956, Final residual = 6.2165518e-06, No Iterations 769
time step continuity errors : sum local = 1.3538719e-08, global = 5.4773965e-13, cumulative = 2.91578e-08
ExecutionTime = 39.37 s  ClockTime = 39 s

Time = 17

smoothSolver:  Solving for Ux, Initial residual = 0.0081244849, Final residual = 5.0633381e-09, No Iterations 1
smoothSolver:  Solving for Uy, Initial residual = 0.0058735166, Final residual = 5.1315361e-09, No Iterations 1
DICPCG:  Solving for p, Initial residual = 0.040774868, Final residual = 0.00040484886, No Iterations 752
DICPCG:  Solving for p, Initial residual = 0.0083630097, Final residual = 7.9901824e-05, No Iterations 776
DICPCG:  Solving for p, Initial residual = 0.0017074689, Final residual = 1.6839584e-05, No Iterations 22
DICPCG:  Solving for p, Initial residual = 0.000857484, Final residual = 7.5529193e-06, No Iterations 766
time step continuity errors : sum local = 1.579155e-08, global = 8.5225338e-13, cumulative = 2.9158653e-08
ExecutionTime = 41.15 s  ClockTime = 41 s

Time = 18

smoothSolver:  Solving for Ux, Initial residual = 0.0073040778, Final residual = 6.0228765e-09, No Iterations 1
smoothSolver:  Solving for Uy, Initial residual = 0.0049923324, Final residual = 6.9687609e-09, No Iterations 1
DICPCG:  Solving for p, Initial residual = 0.036961523, Final residual = 0.00036226309, No Iterations 746
DICPCG:  Solving for p, Initial residual = 0.0073040902, Final residual = 7.0262205e-05, No Iterations 771
DICPCG:  Solving for p, Initial residual = 0.0017830045, Final residual = 1.7576798e-05, No Iterations 773
DICPCG:  Solving for p, Initial residual = 0.00098682767, Final residual = 9.719285e-06, No Iterations 767
time step continuity errors : sum local = 1.9633005e-08, global = -5.0039273e-13, cumulative = 2.9158152e-08
ExecutionTime = 43.5 s  ClockTime = 43 s

Time = 19

smoothSolver:  Solving for Ux, Initial residual = 0.0054238895, Final residual = 5.4245825e-09, No Iterations 1
smoothSolver:  Solving for Uy, Initial residual = 0.0035548466, Final residual = 6.2960016e-09, No Iterations 1
DICPCG:  Solving for p, Initial residual = 0.033547895, Final residual = 0.00032938339, No Iterations 755
DICPCG:  Solving for p, Initial residual = 0.0088170467, Final residual = 8.7403559e-05, No Iterations 766
DICPCG:  Solving for p, Initial residual = 0.0018421179, Final residual = 1.6042925e-05, No Iterations 777
DICPCG:  Solving for p, Initial residual = 0.00096912343, Final residual = 9.4261173e-06, No Iterations 766
time step continuity errors : sum local = 1.8619362e-08, global = -5.2239189e-13, cumulative = 2.915763e-08
ExecutionTime = 45.86 s  ClockTime = 46 s

Time = 20

smoothSolver:  Solving for Ux, Initial residual = 0.0032071718, Final residual = 3.818345e-09, No Iterations 1
smoothSolver:  Solving for Uy, Initial residual = 0.0022985, Final residual = 4.2523525e-09, No Iterations 1
DICPCG:  Solving for p, Initial residual = 0.02869905, Final residual = 0.00027101407, No Iterations 767
DICPCG:  Solving for p, Initial residual = 0.0088853348, Final residual = 8.5252494e-05, No Iterations 765
DICPCG:  Solving for p, Initial residual = 0.0015284155, Final residual = 1.446482e-05, No Iterations 773
DICPCG:  Solving for p, Initial residual = 0.00071036235, Final residual = 6.8912635e-06, No Iterations 764
time step continuity errors : sum local = 1.3486184e-08, global = -6.0719131e-13, cumulative = 2.9157023e-08
ExecutionTime = 48.24 s  ClockTime = 48 s

surfaceFieldValue flowRateTM write:
    sum(outlet_tm) of phi = 2.5002316e-11

surfaceFieldValue flowRateTM_left write:
    sum(outlet_tm_left) of phi = 2.4997684e-11

surfaceFieldValue pressureACinlet write:
    areaAverage(ac_inlet) of p = 3.3187938

Time = 21

smoothSolver:  Solving for Ux, Initial residual = 0.001706787, Final residual = 2.4083207e-09, No Iterations 1
smoothSolver:  Solving for Uy, Initial residual = 0.0016724202, Final residual = 2.2425324e-09, No Iterations 1
DICPCG:  Solving for p, Initial residual = 0.023445283, Final residual = 0.00021784908, No Iterations 769
DICPCG:  Solving for p, Initial residual = 0.0079206778, Final residual = 7.6423932e-05, No Iterations 16
DICPCG:  Solving for p, Initial residual = 0.0011389204, Final residual = 1.0792199e-05, No Iterations 784
DICPCG:  Solving for p, Initial residual = 0.0005804677, Final residual = 5.3619428e-06, No Iterations 767
time step continuity errors : sum local = 1.0516074e-08, global = -1.1913506e-13, cumulative = 2.9156904e-08
ExecutionTime = 50.05 s  ClockTime = 50 s

Time = 22

smoothSolver:  Solving for Ux, Initial residual = 0.0015269818, Final residual = 2.0862247e-09, No Iterations 1
smoothSolver:  Solving for Uy, Initial residual = 0.0018198033, Final residual = 1.9133284e-09, No Iterations 1
DICPCG:  Solving for p, Initial residual = 0.019300461, Final residual = 0.00016372405, No Iterations 769
DICPCG:  Solving for p, Initial residual = 0.0056824715, Final residual = 5.2856462e-05, No Iterations 15
DICPCG:  Solving for p, Initial residual = 0.0008612245, Final residual = 8.1841573e-06, No Iterations 788
DICPCG:  Solving for p, Initial residual = 0.00048571266, Final residual = 4.8293304e-06, No Iterations 24
time step continuity errors : sum local = 9.3778496e-09, global = -2.3535731e-09, cumulative = 2.6803331e-08
ExecutionTime = 51.34 s  ClockTime = 51 s

Time = 23

smoothSolver:  Solving for Ux, Initial residual = 0.0019969173, Final residual = 2.096829e-09, No Iterations 1
smoothSolver:  Solving for Uy, Initial residual = 0.0020146536, Final residual = 2.4290552e-09, No Iterations 1
DICPCG:  Solving for p, Initial residual = 0.018286975, Final residual = 0.00018177812, No Iterations 759
DICPCG:  Solving for p, Initial residual = 0.0039944428, Final residual = 3.9347252e-05, No Iterations 767
DICPCG:  Solving for p, Initial residual = 0.00085601614, Final residual = 7.0105094e-06, No Iterations 775
DICPCG:  Solving for p, Initial residual = 0.00044844516, Final residual = 4.4067098e-06, No Iterations 28
time step continuity errors : sum local = 8.6487264e-09, global = 1.4067165e-09, cumulative = 2.8210047e-08
ExecutionTime = 53.16 s  ClockTime = 53 s

Time = 24

smoothSolver:  Solving for Ux, Initial residual = 0.0021382399, Final residual = 1.8517204e-09, No Iterations 1
smoothSolver:  Solving for Uy, Initial residual = 0.0018537767, Final residual = 2.6694532e-09, No Iterations 1
DICPCG:  Solving for p, Initial residual = 0.017137954, Final residual = 0.00016673528, No Iterations 751
DICPCG:  Solving for p, Initial residual = 0.003528101, Final residual = 3.1274969e-05, No Iterations 772
DICPCG:  Solving for p, Initial residual = 0.00090714571, Final residual = 8.5478465e-06, No Iterations 21
DICPCG:  Solving for p, Initial residual = 0.00046194789, Final residual = 4.6082097e-06, No Iterations 32
time step continuity errors : sum local = 9.1385025e-09, global = -6.0578015e-10, cumulative = 2.7604267e-08
ExecutionTime = 54.39 s  ClockTime = 54 s

Time = 25

smoothSolver:  Solving for Ux, Initial residual = 0.0018538903, Final residual = 1.3935791e-09, No Iterations 1
smoothSolver:  Solving for Uy, Initial residual = 0.0014886953, Final residual = 2.2174832e-09, No Iterations 1
DICPCG:  Solving for p, Initial residual = 0.015090419, Final residual = 0.00014588206, No Iterations 756
DICPCG:  Solving for p, Initial residual = 0.0037665416, Final residual = 3.7547472e-05, No Iterations 754
DICPCG:  Solving for p, Initial residual = 0.00086136491, Final residual = 8.3524155e-06, No Iterations 757
DICPCG:  Solving for p, Initial residual = 0.00048025054, Final residual = 4.7859257e-06, No Iterations 22
time step continuity errors : sum local = 9.5574218e-09, global = 2.5612155e-09, cumulative = 3.0165482e-08
ExecutionTime = 56.24 s  ClockTime = 56 s

Time = 26

smoothSolver:  Solving for Ux, Initial residual = 0.0013333975, Final residual = 1.2884452e-09, No Iterations 1
smoothSolver:  Solving for Uy, Initial residual = 0.0010573721, Final residual = 1.8214184e-09, No Iterations 1
DICPCG:  Solving for p, Initial residual = 0.012412413, Final residual = 0.00012253675, No Iterations 751
DICPCG:  Solving for p, Initial residual = 0.0033594141, Final residual = 3.3340987e-05, No Iterations 765
DICPCG:  Solving for p, Initial residual = 0.00066604287, Final residual = 6.5399614e-06, No Iterations 767
DICPCG:  Solving for p, Initial residual = 0.00037508156, Final residual = 3.6916233e-06, No Iterations 21
time step continuity errors : sum local = 7.427295e-09, global = 2.315813e-09, cumulative = 3.2481295e-08
ExecutionTime = 58.08 s  ClockTime = 58 s

Time = 27

smoothSolver:  Solving for Ux, Initial residual = 0.00076813655, Final residual = 1.3964574e-09, No Iterations 1
smoothSolver:  Solving for Uy, Initial residual = 0.00078568875, Final residual = 1.4327753e-09, No Iterations 1
DICPCG:  Solving for p, Initial residual = 0.010500133, Final residual = 9.9991461e-05, No Iterations 754
DICPCG:  Solving for p, Initial residual = 0.0026575532, Final residual = 2.5761234e-05, No Iterations 754
DICPCG:  Solving for p, Initial residual = 0.0005934689, Final residual = 5.2836904e-06, No Iterations 766
DICPCG:  Solving for p, Initial residual = 0.00038685, Final residual = 3.7249156e-06, No Iterations 14
time step continuity errors : sum local = 7.5068586e-09, global = 2.2131854e-09, cumulative = 3.4694481e-08
ExecutionTime = 59.89 s  ClockTime = 60 s

Time = 28

smoothSolver:  Solving for Ux, Initial residual = 0.00043358478, Final residual = 1.5824925e-09, No Iterations 1
smoothSolver:  Solving for Uy, Initial residual = 0.00058393247, Final residual = 1.2521437e-09, No Iterations 1
DICPCG:  Solving for p, Initial residual = 0.008941401, Final residual = 8.3064378e-05, No Iterations 753
DICPCG:  Solving for p, Initial residual = 0.0021050009, Final residual = 1.8756641e-05, No Iterations 16
DICPCG:  Solving for p, Initial residual = 0.0004662873, Final residual = 4.1904252e-06, No Iterations 765
DICPCG:  Solving for p, Initial residual = 0.00031007529, Final residual = 2.9502265e-06, No Iterations 14
time step continuity errors : sum local = 5.9521691e-09, global = 1.7877345e-09, cumulative = 3.6482215e-08
ExecutionTime = 61.14 s  ClockTime = 61 s

Time = 29

smoothSolver:  Solving for Ux, Initial residual = 0.00041293501, Final residual = 1.5631381e-09, No Iterations 1
smoothSolver:  Solving for Uy, Initial residual = 0.00055273445, Final residual = 1.3683219e-09, No Iterations 1
DICPCG:  Solving for p, Initial residual = 0.0082064652, Final residual = 7.9845831e-05, No Iterations 751
DICPCG:  Solving for p, Initial residual = 0.0017188662, Final residual = 1.6715948e-05, No Iterations 18
DICPCG:  Solving for p, Initial residual = 0.00043885354, Final residual = 4.2799025e-06, No Iterations 768
DICPCG:  Solving for p, Initial residual = 0.00029760773, Final residual = 2.8181299e-06, No Iterations 24
time step continuity errors : sum local = 5.6885947e-09, global = 9.0804088e-10, cumulative = 3.7390256e-08
ExecutionTime = 62.41 s  ClockTime = 62 s

Time = 30

smoothSolver:  Solving for Ux, Initial residual = 0.00050168718, Final residual = 1.2941253e-09, No Iterations 1
smoothSolver:  Solving for Uy, Initial residual = 0.00049877578, Final residual = 1.3287555e-09, No Iterations 1
DICPCG:  Solving for p, Initial residual = 0.0076712161, Final residual = 6.8361395e-05, No Iterations 747
DICPCG:  Solving for p, Initial residual = 0.0015104248, Final residual = 1.4774448e-05, No Iterations 13
DICPCG:  Solving for p, Initial residual = 0.00039682095, Final residual = 3.8755119e-06, No Iterations 783
DICPCG:  Solving for p, Initial residual = 0.00027102031, Final residual = 2.6581932e-06, No Iterations 26
time step continuity errors : sum local = 5.3565626e-09, global = 2.5214766e-10, cumulative = 3.7642404e-08
ExecutionTime = 63.68 s  ClockTime = 63 s

surfaceFieldValue flowRateTM write:
    sum(outlet_tm) of phi = 2.5002634e-11

surfaceFieldValue flowRateTM_left write:
    sum(outlet_tm_left) of phi = 2.4997403e-11

surfaceFieldValue pressureACinlet write:
    areaAverage(ac_inlet) of p = 3.291828

Time = 31

smoothSolver:  Solving for Ux, Initial residual = 0.00053024683, Final residual = 1.1305377e-09, No Iterations 1
smoothSolver:  Solving for Uy, Initial residual = 0.00042644191, Final residual = 1.1606593e-09, No Iterations 1
DICPCG:  Solving for p, Initial residual = 0.0069888291, Final residual = 6.8653147e-05, No Iterations 740
DICPCG:  Solving for p, Initial residual = 0.00130993, Final residual = 1.3033775e-05, No Iterations 771
DICPCG:  Solving for p, Initial residual = 0.00035756239, Final residual = 3.437714e-06, No Iterations 20
DICPCG:  Solving for p, Initial residual = 0.00022218906, Final residual = 1.9623946e-06, No Iterations 37
time step continuity errors : sum local = 3.9673047e-09, global = 7.6424525e-10, cumulative = 3.8406649e-08
ExecutionTime = 64.96 s  ClockTime = 65 s

Time = 32

smoothSolver:  Solving for Ux, Initial residual = 0.00045328599, Final residual = 1.0406148e-09, No Iterations 1
smoothSolver:  Solving for Uy, Initial residual = 0.00037097251, Final residual = 9.085291e-10, No Iterations 1
DICPCG:  Solving for p, Initial residual = 0.0057716044, Final residual = 5.3143306e-05, No Iterations 746
DICPCG:  Solving for p, Initial residual = 0.0010820193, Final residual = 1.0199175e-05, No Iterations 772
DICPCG:  Solving for p, Initial residual = 0.00027055409, Final residual = 2.4853709e-06, No Iterations 14
DICPCG:  Solving for p, Initial residual = 0.00015611588, Final residual = 1.5207741e-06, No Iterations 773
time step continuity errors : sum local = 3.284383e-09, global = -4.1465738e-13, cumulative = 3.8406234e-08
ExecutionTime = 66.76 s  ClockTime = 67 s

Time = 33

smoothSolver:  Solving for Ux, Initial residual = 0.00031987961, Final residual = 8.9545033e-10, No Iterations 1
smoothSolver:  Solving for Uy, Initial residual = 0.00029232757, Final residual = 6.9589721e-10, No Iterations 1
DICPCG:  Solving for p, Initial residual = 0.0046472927, Final residual = 4.3812998e-05, No Iterations 748
DICPCG:  Solving for p, Initial residual = 0.00091728553, Final residual = 9.1183215e-06, No Iterations 771
DICPCG:  Solving for p, Initial residual = 0.00022089485, Final residual = 2.049261e-06, No Iterations 760
DICPCG:  Solving for p, Initial residual = 0.00012685701, Final residual = 1.2184128e-06, No Iterations 13
time step continuity errors : sum local = 2.4511588e-09, global = -8.7506641e-10, cumulative = 3.7531168e-08
ExecutionTime = 68.52 s  ClockTime = 68 s

Time = 34

smoothSolver:  Solving for Ux, Initial residual = 0.00020516146, Final residual = 7.4983266e-10, No Iterations 1
smoothSolver:  Solving for Uy, Initial residual = 0.00019835527, Final residual = 6.2153915e-10, No Iterations 1
DICPCG:  Solving for p, Initial residual = 0.0039909292, Final residual = 3.9497276e-05, No Iterations 751
DICPCG:  Solving for p, Initial residual = 0.00090402998, Final residual = 8.5802295e-06, No Iterations 763
DICPCG:  Solving for p, Initial residual = 0.00021730334, Final residual = 2.0978628e-06, No Iterations 767
DICPCG:  Solving for p, Initial residual = 0.00013205188, Final residual = 1.0862372e-06, No Iterations 14
time step continuity errors : sum local = 2.1918115e-09, global = -8.4701825e-10, cumulative = 3.668415e-08
ExecutionTime = 70.28 s  ClockTime = 70 s

Time = 35

smoothSolver:  Solving for Ux, Initial residual = 0.00015659371, Final residual = 5.8849204e-10, No Iterations 1
smoothSolver:  Solving for Uy, Initial residual = 0.00016895717, Final residual = 6.1845681e-10, No Iterations 1
DICPCG:  Solving for p, Initial residual = 0.003747167, Final residual = 3.7365253e-05, No Iterations 751
DICPCG:  Solving for p, Initial residual = 0.00080527473, Final residual = 7.8560095e-06, No Iterations 14
DICPCG:  Solving for p, Initial residual = 0.00017969488, Final residual = 1.6873775e-06, No Iterations 776
DICPCG:  Solving for p, Initial residual = 0.00012018912, Final residual = 1.1598212e-06, No Iterations 23
time step continuity errors : sum local = 2.3554245e-09, global = -7.2788578e-10, cumulative = 3.5956264e-08
ExecutionTime = 71.52 s  ClockTime = 71 s

Time = 36

smoothSolver:  Solving for Ux, Initial residual = 0.00015019664, Final residual = 4.7825398e-10, No Iterations 1
smoothSolver:  Solving for Uy, Initial residual = 0.00017279657, Final residual = 6.1654954e-10, No Iterations 1
DICPCG:  Solving for p, Initial residual = 0.0034904922, Final residual = 3.3062922e-05, No Iterations 755
DICPCG:  Solving for p, Initial residual = 0.00064243789, Final residual = 6.0648005e-06, No Iterations 15
DICPCG:  Solving for p, Initial residual = 0.0001419901, Final residual = 1.3505356e-06, No Iterations 774
DICPCG:  Solving for p, Initial residual = 9.1229972e-05, Final residual = 9.087572e-07, No Iterations 26
time step continuity errors : sum local = 1.874747e-09, global = -5.0284157e-10, cumulative = 3.5453422e-08
ExecutionTime = 72.84 s  ClockTime = 73 s

Time = 37

smoothSolver:  Solving for Ux, Initial residual = 0.0001573481, Final residual = 5.6074332e-10, No Iterations 1
smoothSolver:  Solving for Uy, Initial residual = 0.00016247818, Final residual = 6.1758341e-10, No Iterations 1
DICPCG:  Solving for p, Initial residual = 0.0030821774, Final residual = 2.9938337e-05, No Iterations 754
DICPCG:  Solving for p, Initial residual = 0.00048628322, Final residual = 4.6280699e-06, No Iterations 22
DICPCG:  Solving for p, Initial residual = 0.00010051889, Final residual = 9.8892611e-07, No Iterations 53
DICPCG:  Solving for p, Initial residual = 5.5397141e-05, Final residual = 5.3918499e-07, No Iterations 36
time step continuity errors : sum local = 1.161806e-09, global = 7.3531316e-11, cumulative = 3.5526954e-08
ExecutionTime = 73.58 s  ClockTime = 73 s

Time = 38

smoothSolver:  Solving for Ux, Initial residual = 0.00014929924, Final residual = 6.3821767e-10, No Iterations 1
smoothSolver:  Solving for Uy, Initial residual = 0.00014285306, Final residual = 6.1444303e-10, No Iterations 1
DICPCG:  Solving for p, Initial residual = 0.0026947718, Final residual = 2.6836418e-05, No Iterations 35
DICPCG:  Solving for p, Initial residual = 0.00039683712, Final residual = 3.6019293e-06, No Iterations 750
DICPCG:  Solving for p, Initial residual = 0.00013500836, Final residual = 1.2681501e-06, No Iterations 13
DICPCG:  Solving for p, Initial residual = 6.0655506e-05, Final residual = 5.6942404e-07, No Iterations 27
time step continuity errors : sum local = 1.2056107e-09, global = -4.2053302e-10, cumulative = 3.5106421e-08
ExecutionTime = 74.29 s  ClockTime = 74 s

Time = 39

smoothSolver:  Solving for Ux, Initial residual = 0.00012462462, Final residual = 6.425607e-10, No Iterations 1
smoothSolver:  Solving for Uy, Initial residual = 0.00012950132, Final residual = 5.9914962e-10, No Iterations 1
DICPCG:  Solving for p, Initial residual = 0.0022160414, Final residual = 2.0434471e-05, No Iterations 745
DICPCG:  Solving for p, Initial residual = 0.00038097309, Final residual = 3.7212795e-06, No Iterations 769
DICPCG:  Solving for p, Initial residual = 8.4320987e-05, Final residual = 8.3058349e-07, No Iterations 21
DICPCG:  Solving for p, Initial residual = 4.7085788e-05, Final residual = 4.5942866e-07, No Iterations 18
time step continuity errors : sum local = 9.6234912e-10, global = -3.0838973e-10, cumulative = 3.4798031e-08
ExecutionTime = 75.74 s  ClockTime = 76 s

Time = 40

smoothSolver:  Solving for Ux, Initial residual = 9.1929451e-05, Final residual = 5.8374466e-10, No Iterations 1
smoothSolver:  Solving for Uy, Initial residual = 0.00010268831, Final residual = 5.6582009e-10, No Iterations 1
DICPCG:  Solving for p, Initial residual = 0.0018547938, Final residual = 1.8528969e-05, No Iterations 762
DICPCG:  Solving for p, Initial residual = 0.00038685101, Final residual = 3.5522031e-06, No Iterations 768
DICPCG:  Solving for p, Initial residual = 8.9535283e-05, Final residual = 8.8814726e-07, No Iterations 770
DICPCG:  Solving for p, Initial residual = 5.3085808e-05, Final residual = 4.7419598e-07, No Iterations 14
time step continuity errors : sum local = 9.9092855e-10, global = 3.0365177e-10, cumulative = 3.5101683e-08
ExecutionTime = 77.52 s  ClockTime = 77 s

surfaceFieldValue flowRateTM write:
    sum(outlet_tm) of phi = 2.5001632e-11

surfaceFieldValue flowRateTM_left write:
    sum(outlet_tm_left) of phi = 2.4998412e-11

surfaceFieldValue pressureACinlet write:
    areaAverage(ac_inlet) of p = 3.2789821

Time = 41

smoothSolver:  Solving for Ux, Initial residual = 6.2993164e-05, Final residual = 5.0153953e-10, No Iterations 1
smoothSolver:  Solving for Uy, Initial residual = 7.1827772e-05, Final residual = 5.0434281e-10, No Iterations 1
DICPCG:  Solving for p, Initial residual = 0.001665449, Final residual = 1.6135888e-05, No Iterations 760
DICPCG:  Solving for p, Initial residual = 0.00034342573, Final residual = 3.0417047e-06, No Iterations 14
DICPCG:  Solving for p, Initial residual = 7.6752526e-05, Final residual = 7.3313344e-07, No Iterations 774
DICPCG:  Solving for p, Initial residual = 5.3146242e-05, Final residual = 5.2882283e-07, No Iterations 20
time step continuity errors : sum local = 1.111359e-09, global = 3.3468012e-10, cumulative = 3.5436363e-08
ExecutionTime = 78.74 s  ClockTime = 79 s

Time = 42

smoothSolver:  Solving for Ux, Initial residual = 4.2713464e-05, Final residual = 4.2144512e-10, No Iterations 1
smoothSolver:  Solving for Uy, Initial residual = 4.5286726e-05, Final residual = 4.2767843e-10, No Iterations 1
DICPCG:  Solving for p, Initial residual = 0.0015532843, Final residual = 1.5465548e-05, No Iterations 752
DICPCG:  Solving for p, Initial residual = 0.00026842247, Final residual = 2.5844155e-06, No Iterations 764
DICPCG:  Solving for p, Initial residual = 6.6673888e-05, Final residual = 6.5828262e-07, No Iterations 23
DICPCG:  Solving for p, Initial residual = 4.0899951e-05, Final residual = 3.858935e-07, No Iterations 766
time step continuity errors : sum local = 1.1601976e-09, global = 1.5694398e-13, cumulative = 3.543652e-08
ExecutionTime = 80.6 s  ClockTime = 80 s

Time = 43

smoothSolver:  Solving for Ux, Initial residual = 3.858936e-05, Final residual = 4.010924e-10, No Iterations 1
smoothSolver:  Solving for Uy, Initial residual = 4.2742321e-05, Final residual = 3.6921185e-10, No Iterations 1
DICPCG:  Solving for p, Initial residual = 0.001392428, Final residual = 1.336427e-05, No Iterations 746
DICPCG:  Solving for p, Initial residual = 0.0001933392, Final residual = 1.9062771e-06, No Iterations 22
DICPCG:  Solving for p, Initial residual = 4.7092546e-05, Final residual = 4.6515528e-07, No Iterations 762
DICPCG:  Solving for p, Initial residual = 3.131267e-05, Final residual = 3.0219577e-07, No Iterations 24
time step continuity errors : sum local = 6.8233595e-10, global = 2.0567758e-10, cumulative = 3.5642197e-08
ExecutionTime = 81.97 s  ClockTime = 82 s

Time = 44

smoothSolver:  Solving for Ux, Initial residual = 3.7206203e-05, Final residual = 4.0530445e-10, No Iterations 1
smoothSolver:  Solving for Uy, Initial residual = 4.1152129e-05, Final residual = 3.4537661e-10, No Iterations 1
DICPCG:  Solving for p, Initial residual = 0.0011855606, Final residual = 1.1309748e-05, No Iterations 734
DICPCG:  Solving for p, Initial residual = 0.00015741184, Final residual = 1.5684218e-06, No Iterations 20
DICPCG:  Solving for p, Initial residual = 3.791956e-05, Final residual = 3.7283279e-07, No Iterations 763
DICPCG:  Solving for p, Initial residual = 2.3770708e-05, Final residual = 2.2267429e-07, No Iterations 22
time step continuity errors : sum local = 5.2182875e-10, global = 1.1310132e-10, cumulative = 3.5755299e-08
ExecutionTime = 83.17 s  ClockTime = 83 s

Time = 45

smoothSolver:  Solving for Ux, Initial residual = 3.2573837e-05, Final residual = 3.9383564e-10, No Iterations 1
smoothSolver:  Solving for Uy, Initial residual = 3.7698671e-05, Final residual = 3.3956044e-10, No Iterations 1
DICPCG:  Solving for p, Initial residual = 0.0010012032, Final residual = 9.6358604e-06, No Iterations 742
DICPCG:  Solving for p, Initial residual = 0.00014485649, Final residual = 1.3631926e-06, No Iterations 35
DICPCG:  Solving for p, Initial residual = 3.1175156e-05, Final residual = 3.0882563e-07, No Iterations 765
DICPCG:  Solving for p, Initial residual = 1.8855244e-05, Final residual = 1.7682665e-07, No Iterations 10
time step continuity errors : sum local = 3.9518527e-10, global = 2.4586627e-11, cumulative = 3.5779885e-08
ExecutionTime = 84.38 s  ClockTime = 84 s

Time = 46

smoothSolver:  Solving for Ux, Initial residual = 2.6796609e-05, Final residual = 3.7868986e-10, No Iterations 1
smoothSolver:  Solving for Uy, Initial residual = 3.3068131e-05, Final residual = 3.4007305e-10, No Iterations 1
DICPCG:  Solving for p, Initial residual = 0.00089349766, Final residual = 8.5215263e-06, No Iterations 746
DICPCG:  Solving for p, Initial residual = 0.00013562822, Final residual = 1.2869812e-06, No Iterations 21
DICPCG:  Solving for p, Initial residual = 3.3596859e-05, Final residual = 3.3141724e-07, No Iterations 762
DICPCG:  Solving for p, Initial residual = 2.2136556e-05, Final residual = 2.1675315e-07, No Iterations 9
time step continuity errors : sum local = 4.7447795e-10, global = -4.3176418e-11, cumulative = 3.5736709e-08
ExecutionTime = 85.88 s  ClockTime = 86 s

Time = 47

smoothSolver:  Solving for Ux, Initial residual = 2.0044581e-05, Final residual = 3.6161256e-10, No Iterations 1
smoothSolver:  Solving for Uy, Initial residual = 2.7264847e-05, Final residual = 3.4167041e-10, No Iterations 1
DICPCG:  Solving for p, Initial residual = 0.00080637247, Final residual = 7.7143353e-06, No Iterations 751
DICPCG:  Solving for p, Initial residual = 0.00012841214, Final residual = 1.2718404e-06, No Iterations 21
DICPCG:  Solving for p, Initial residual = 3.839964e-05, Final residual = 3.7247929e-07, No Iterations 757
DICPCG:  Solving for p, Initial residual = 2.668753e-05, Final residual = 2.5769326e-07, No Iterations 12
time step continuity errors : sum local = 5.6687556e-10, global = -8.5868355e-11, cumulative = 3.5650841e-08
ExecutionTime = 87.08 s  ClockTime = 87 s

Time = 48

smoothSolver:  Solving for Ux, Initial residual = 1.444613e-05, Final residual = 3.5560196e-10, No Iterations 1
smoothSolver:  Solving for Uy, Initial residual = 2.0358811e-05, Final residual = 3.4323382e-10, No Iterations 1
DICPCG:  Solving for p, Initial residual = 0.00073514354, Final residual = 7.2288638e-06, No Iterations 747
DICPCG:  Solving for p, Initial residual = 0.00011497041, Final residual = 1.1438853e-06, No Iterations 766
DICPCG:  Solving for p, Initial residual = 3.8618493e-05, Final residual = 3.6769756e-07, No Iterations 20
DICPCG:  Solving for p, Initial residual = 2.5219356e-05, Final residual = 2.5159752e-07, No Iterations 18
time step continuity errors : sum local = 5.6557608e-10, global = 3.2213343e-11, cumulative = 3.5683054e-08
ExecutionTime = 88.27 s  ClockTime = 88 s

Time = 49

smoothSolver:  Solving for Ux, Initial residual = 1.2201382e-05, Final residual = 3.4763956e-10, No Iterations 1
smoothSolver:  Solving for Uy, Initial residual = 1.5502136e-05, Final residual = 3.380709e-10, No Iterations 1
DICPCG:  Solving for p, Initial residual = 0.00067151763, Final residual = 6.4799268e-06, No Iterations 742
DICPCG:  Solving for p, Initial residual = 0.00011040381, Final residual = 1.0953069e-06, No Iterations 765
DICPCG:  Solving for p, Initial residual = 4.0789428e-05, Final residual = 3.9729249e-07, No Iterations 20
DICPCG:  Solving for p, Initial residual = 2.624363e-05, Final residual = 2.6121322e-07, No Iterations 20
time step continuity errors : sum local = 5.8033833e-10, global = 4.0041891e-11, cumulative = 3.5723096e-08
ExecutionTime = 89.46 s  ClockTime = 89 s

Time = 50

smoothSolver:  Solving for Ux, Initial residual = 1.0813015e-05, Final residual = 3.3006852e-10, No Iterations 1
smoothSolver:  Solving for Uy, Initial residual = 1.2565324e-05, Final residual = 3.2425845e-10, No Iterations 1
DICPCG:  Solving for p, Initial residual = 0.00061421033, Final residual = 5.6570315e-06, No Iterations 740
DICPCG:  Solving for p, Initial residual = 0.00010247212, Final residual = 9.9980101e-07, No Iterations 18
DICPCG:  Solving for p, Initial residual = 3.4886526e-05, Final residual = 3.4210022e-07, No Iterations 770
DICPCG:  Solving for p, Initial residual = 2.3544545e-05, Final residual = 2.151198e-07, No Iterations 17
time step continuity errors : sum local = 4.9335272e-10, global = -5.5246711e-11, cumulative = 3.5667849e-08
ExecutionTime = 90.77 s  ClockTime = 91 s

surfaceFieldValue flowRateTM write:
    sum(outlet_tm) of phi = 2.5001946e-11

surfaceFieldValue flowRateTM_left write:
    sum(outlet_tm_left) of phi = 2.4998046e-11

surfaceFieldValue pressureACinlet write:
    areaAverage(ac_inlet) of p = 3.2799983

Time = 51

smoothSolver:  Solving for Ux, Initial residual = 1.0234601e-05, Final residual = 3.0866293e-10, No Iterations 1
smoothSolver:  Solving for Uy, Initial residual = 1.2375239e-05, Final residual = 3.0733526e-10, No Iterations 1
DICPCG:  Solving for p, Initial residual = 0.00054642973, Final residual = 5.0289238e-06, No Iterations 22
DICPCG:  Solving for p, Initial residual = 7.3266936e-05, Final residual = 7.1471503e-07, No Iterations 753
DICPCG:  Solving for p, Initial residual = 3.271893e-05, Final residual = 3.215922e-07, No Iterations 13
DICPCG:  Solving for p, Initial residual = 1.5121986e-05, Final residual = 1.4584271e-07, No Iterations 21
time step continuity errors : sum local = 3.6676309e-10, global = 6.4861141e-11, cumulative = 3.573271e-08
ExecutionTime = 91.44 s  ClockTime = 91 s

Time = 52

smoothSolver:  Solving for Ux, Initial residual = 8.9069694e-06, Final residual = 2.9519096e-10, No Iterations 1
smoothSolver:  Solving for Uy, Initial residual = 1.2008235e-05, Final residual = 2.9310116e-10, No Iterations 1
DICPCG:  Solving for p, Initial residual = 0.00048947828, Final residual = 4.7509675e-06, No Iterations 23
DICPCG:  Solving for p, Initial residual = 6.0568659e-05, Final residual = 5.3942029e-07, No Iterations 753
DICPCG:  Solving for p, Initial residual = 2.2822691e-05, Final residual = 2.247064e-07, No Iterations 12
DICPCG:  Solving for p, Initial residual = 1.1608386e-05, Final residual = 1.0357528e-07, No Iterations 19
time step continuity errors : sum local = 2.8774889e-10, global = -5.6546356e-12, cumulative = 3.5727056e-08
ExecutionTime = 92.12 s  ClockTime = 92 s

Time = 53

smoothSolver:  Solving for Ux, Initial residual = 7.2437937e-06, Final residual = 2.915329e-10, No Iterations 1
smoothSolver:  Solving for Uy, Initial residual = 1.0347055e-05, Final residual = 2.8376209e-10, No Iterations 1
DICPCG:  Solving for p, Initial residual = 0.00045032713, Final residual = 4.3875364e-06, No Iterations 739
DICPCG:  Solving for p, Initial residual = 4.7606255e-05, Final residual = 4.757866e-07, No Iterations 36
DICPCG:  Solving for p, Initial residual = 1.2320457e-05, Final residual = 1.1099828e-07, No Iterations 774
DICPCG:  Solving for p, Initial residual = 7.6983483e-06, Final residual = 7.424657e-08, No Iterations 19
time step continuity errors : sum local = 2.4466398e-10, global = 8.8210045e-12, cumulative = 3.5735877e-08
ExecutionTime = 93.37 s  ClockTime = 93 s

Time = 54

smoothSolver:  Solving for Ux, Initial residual = 5.6808844e-06, Final residual = 2.8729762e-10, No Iterations 1
smoothSolver:  Solving for Uy, Initial residual = 8.7909779e-06, Final residual = 2.7747169e-10, No Iterations 1
DICPCG:  Solving for p, Initial residual = 0.00041907685, Final residual = 3.9764503e-06, No Iterations 737
DICPCG:  Solving for p, Initial residual = 4.2034324e-05, Final residual = 3.9742515e-07, No Iterations 762
DICPCG:  Solving for p, Initial residual = 1.0599146e-05, Final residual = 9.9163702e-08, No Iterations 26
DICPCG:  Solving for p, Initial residual = 6.3543939e-06, Final residual = 6.1197006e-08, No Iterations 24
time step continuity errors : sum local = 2.1820606e-10, global = -5.5712564e-12, cumulative = 3.5730305e-08
ExecutionTime = 94.65 s  ClockTime = 94 s

Time = 55

smoothSolver:  Solving for Ux, Initial residual = 4.9346454e-06, Final residual = 2.8278651e-10, No Iterations 1
smoothSolver:  Solving for Uy, Initial residual = 7.1732959e-06, Final residual = 2.7235354e-10, No Iterations 1
DICPCG:  Solving for p, Initial residual = 0.00038457691, Final residual = 3.452881e-06, No Iterations 741
DICPCG:  Solving for p, Initial residual = 3.9264268e-05, Final residual = 3.4925862e-07, No Iterations 754
DICPCG:  Solving for p, Initial residual = 1.0881428e-05, Final residual = 1.0430969e-07, No Iterations 18
DICPCG:  Solving for p, Initial residual = 6.6790094e-06, Final residual = 6.6553493e-08, No Iterations 24
time step continuity errors : sum local = 2.3237614e-10, global = -5.7848561e-12, cumulative = 3.572452e-08
ExecutionTime = 96.03 s  ClockTime = 96 s

Time = 56

smoothSolver:  Solving for Ux, Initial residual = 4.2844025e-06, Final residual = 2.7841777e-10, No Iterations 1
smoothSolver:  Solving for Uy, Initial residual = 5.2813747e-06, Final residual = 2.674438e-10, No Iterations 1
DICPCG:  Solving for p, Initial residual = 0.00035130019, Final residual = 3.2731631e-06, No Iterations 16
DICPCG:  Solving for p, Initial residual = 3.2063322e-05, Final residual = 3.0564892e-07, No Iterations 757
DICPCG:  Solving for p, Initial residual = 1.7445691e-05, Final residual = 1.6888482e-07, No Iterations 11
DICPCG:  Solving for p, Initial residual = 7.7258152e-06, Final residual = 7.3729235e-08, No Iterations 26
time step continuity errors : sum local = 2.6001315e-10, global = -5.2028978e-11, cumulative = 3.5672491e-08
ExecutionTime = 96.85 s  ClockTime = 97 s

Time = 57

smoothSolver:  Solving for Ux, Initial residual = 3.2664038e-06, Final residual = 2.7612399e-10, No Iterations 1
smoothSolver:  Solving for Uy, Initial residual = 3.7005689e-06, Final residual = 2.6243064e-10, No Iterations 1
DICPCG:  Solving for p, Initial residual = 0.00032021228, Final residual = 3.110343e-06, No Iterations 17
DICPCG:  Solving for p, Initial residual = 3.0567424e-05, Final residual = 2.7632797e-07, No Iterations 756
DICPCG:  Solving for p, Initial residual = 1.3965513e-05, Final residual = 1.2218714e-07, No Iterations 12
DICPCG:  Solving for p, Initial residual = 6.9457843e-06, Final residual = 6.7266526e-08, No Iterations 21
time step continuity errors : sum local = 2.3763025e-10, global = -3.2996134e-11, cumulative = 3.5639495e-08
ExecutionTime = 97.73 s  ClockTime = 98 s

Time = 58

smoothSolver:  Solving for Ux, Initial residual = 2.5841695e-06, Final residual = 2.718664e-10, No Iterations 1
smoothSolver:  Solving for Uy, Initial residual = 2.7724807e-06, Final residual = 2.5638358e-10, No Iterations 1
DICPCG:  Solving for p, Initial residual = 0.00029339926, Final residual = 2.9102597e-06, No Iterations 19
DICPCG:  Solving for p, Initial residual = 3.1075847e-05, Final residual = 3.0495493e-07, No Iterations 755
DICPCG:  Solving for p, Initial residual = 1.1894108e-05, Final residual = 1.1496989e-07, No Iterations 13
DICPCG:  Solving for p, Initial residual = 7.1491116e-06, Final residual = 6.6190428e-08, No Iterations 17
time step continuity errors : sum local = 2.2080714e-10, global = -1.4904004e-11, cumulative = 3.5624591e-08
ExecutionTime = 98.81 s  ClockTime = 99 s

Time = 59

smoothSolver:  Solving for Ux, Initial residual = 2.1355669e-06, Final residual = 2.643205e-10, No Iterations 1
smoothSolver:  Solving for Uy, Initial residual = 2.6298364e-06, Final residual = 2.4937657e-10, No Iterations 1
DICPCG:  Solving for p, Initial residual = 0.00027337859, Final residual = 2.5597784e-06, No Iterations 21
DICPCG:  Solving for p, Initial residual = 2.9454311e-05, Final residual = 2.8340356e-07, No Iterations 764
DICPCG:  Solving for p, Initial residual = 1.2238444e-05, Final residual = 1.070144e-07, No Iterations 18
DICPCG:  Solving for p, Initial residual = 6.8092981e-06, Final residual = 6.8031128e-08, No Iterations 13
time step continuity errors : sum local = 2.11368e-10, global = -3.0915986e-13, cumulative = 3.5624282e-08
ExecutionTime = 99.76 s  ClockTime = 100 s

Time = 60

smoothSolver:  Solving for Ux, Initial residual = 1.6762913e-06, Final residual = 2.5476909e-10, No Iterations 1
smoothSolver:  Solving for Uy, Initial residual = 2.4800529e-06, Final residual = 2.4225168e-10, No Iterations 1
DICPCG:  Solving for p, Initial residual = 0.00026023638, Final residual = 2.5649562e-06, No Iterations 21
DICPCG:  Solving for p, Initial residual = 2.5880632e-05, Final residual = 2.4473086e-07, No Iterations 753
DICPCG:  Solving for p, Initial residual = 1.2463324e-05, Final residual = 1.061297e-07, No Iterations 18
DICPCG:  Solving for p, Initial residual = 6.5535392e-06, Final residual = 6.373625e-08, No Iterations 17
time step continuity errors : sum local = 2.2012704e-10, global = 9.1631923e-12, cumulative = 3.5633445e-08
ExecutionTime = 100.88 s  ClockTime = 101 s

surfaceFieldValue flowRateTM write:
    sum(outlet_tm) of phi = 2.5001997e-11

surfaceFieldValue flowRateTM_left write:
    sum(outlet_tm_left) of phi = 2.4998004e-11

surfaceFieldValue pressureACinlet write:
    areaAverage(ac_inlet) of p = 3.2801366

Time = 61

smoothSolver:  Solving for Ux, Initial residual = 1.4088551e-06, Final residual = 2.462326e-10, No Iterations 1
smoothSolver:  Solving for Uy, Initial residual = 2.0655809e-06, Final residual = 2.3585951e-10, No Iterations 1
DICPCG:  Solving for p, Initial residual = 0.00024781607, Final residual = 2.3047558e-06, No Iterations 25
DICPCG:  Solving for p, Initial residual = 2.1699363e-05, Final residual = 1.9613238e-07, No Iterations 760
DICPCG:  Solving for p, Initial residual = 1.1077539e-05, Final residual = 1.0896312e-07, No Iterations 12
DICPCG:  Solving for p, Initial residual = 5.4368188e-06, Final residual = 4.864703e-08, No Iterations 19
time step continuity errors : sum local = 1.9624082e-10, global = 1.3100325e-11, cumulative = 3.5646546e-08
ExecutionTime = 102.16 s  ClockTime = 102 s

Time = 62

smoothSolver:  Solving for Ux, Initial residual = 1.3039593e-06, Final residual = 2.4020385e-10, No Iterations 1
smoothSolver:  Solving for Uy, Initial residual = 1.6554999e-06, Final residual = 2.304216e-10, No Iterations 1
DICPCG:  Solving for p, Initial residual = 0.00023489685, Final residual = 2.1871338e-06, No Iterations 19
DICPCG:  Solving for p, Initial residual = 1.9165251e-05, Final residual = 1.775082e-07, No Iterations 753
DICPCG:  Solving for p, Initial residual = 8.9163606e-06, Final residual = 8.8860531e-08, No Iterations 18
DICPCG:  Solving for p, Initial residual = 4.7225397e-06, Final residual = 4.6509297e-08, No Iterations 21
time step continuity errors : sum local = 1.9739728e-10, global = 1.356142e-11, cumulative = 3.5660107e-08
ExecutionTime = 103.22 s  ClockTime = 103 s

Time = 63

smoothSolver:  Solving for Ux, Initial residual = 1.0970172e-06, Final residual = 2.367258e-10, No Iterations 1
smoothSolver:  Solving for Uy, Initial residual = 1.329092e-06, Final residual = 2.25802e-10, No Iterations 1
DICPCG:  Solving for p, Initial residual = 0.00022315526, Final residual = 1.9333005e-06, No Iterations 11
DICPCG:  Solving for p, Initial residual = 1.6934953e-05, Final residual = 1.6333572e-07, No Iterations 776
DICPCG:  Solving for p, Initial residual = 7.2659458e-06, Final residual = 6.6712867e-08, No Iterations 12
DICPCG:  Solving for p, Initial residual = 4.2468975e-06, Final residual = 3.8642768e-08, No Iterations 19
time step continuity errors : sum local = 1.8029316e-10, global = 1.0632118e-11, cumulative = 3.5670739e-08
ExecutionTime = 104.01 s  ClockTime = 104 s

Time = 64

smoothSolver:  Solving for Ux, Initial residual = 8.140118e-07, Final residual = 2.3303512e-10, No Iterations 1
smoothSolver:  Solving for Uy, Initial residual = 1.0758484e-06, Final residual = 2.2127852e-10, No Iterations 1
DICPCG:  Solving for p, Initial residual = 0.00021278247, Final residual = 1.6420584e-06, No Iterations 10
DICPCG:  Solving for p, Initial residual = 1.4833091e-05, Final residual = 1.4342566e-07, No Iterations 774
DICPCG:  Solving for p, Initial residual = 7.0358906e-06, Final residual = 6.9948393e-08, No Iterations 10
DICPCG:  Solving for p, Initial residual = 3.8838898e-06, Final residual = 3.8369365e-08, No Iterations 17
time step continuity errors : sum local = 1.7469632e-10, global = 7.4616094e-12, cumulative = 3.5678201e-08
ExecutionTime = 104.71 s  ClockTime = 105 s

Time = 65

smoothSolver:  Solving for Ux, Initial residual = 5.853096e-07, Final residual = 2.2863746e-10, No Iterations 1
smoothSolver:  Solving for Uy, Initial residual = 8.790258e-07, Final residual = 2.1666421e-10, No Iterations 1
DICPCG:  Solving for p, Initial residual = 0.0002029793, Final residual = 1.7055123e-06, No Iterations 8
DICPCG:  Solving for p, Initial residual = 1.3407148e-05, Final residual = 1.3250198e-07, No Iterations 763
DICPCG:  Solving for p, Initial residual = 6.7187666e-06, Final residual = 5.9394632e-08, No Iterations 12
DICPCG:  Solving for p, Initial residual = 3.5003682e-06, Final residual = 3.2381382e-08, No Iterations 18
time step continuity errors : sum local = 1.6046983e-10, global = 2.8832068e-12, cumulative = 3.5681084e-08
ExecutionTime = 105.41 s  ClockTime = 105 s

Time = 66

smoothSolver:  Solving for Ux, Initial residual = 4.9860705e-07, Final residual = 2.2404239e-10, No Iterations 1
smoothSolver:  Solving for Uy, Initial residual = 7.3525025e-07, Final residual = 2.1195036e-10, No Iterations 1
DICPCG:  Solving for p, Initial residual = 0.00019466906, Final residual = 1.8678572e-06, No Iterations 8
DICPCG:  Solving for p, Initial residual = 1.2805154e-05, Final residual = 1.2667855e-07, No Iterations 774
DICPCG:  Solving for p, Initial residual = 6.6609293e-06, Final residual = 6.0632945e-08, No Iterations 12
DICPCG:  Solving for p, Initial residual = 3.2164764e-06, Final residual = 2.7795147e-08, No Iterations 17
time step continuity errors : sum local = 1.4907505e-10, global = -1.4355413e-12, cumulative = 3.5679648e-08
ExecutionTime = 106.1 s  ClockTime = 106 s

Time = 67

smoothSolver:  Solving for Ux, Initial residual = 4.6308195e-07, Final residual = 2.1985493e-10, No Iterations 1
smoothSolver:  Solving for Uy, Initial residual = 6.8610818e-07, Final residual = 2.071488e-10, No Iterations 1
DICPCG:  Solving for p, Initial residual = 0.00018809745, Final residual = 1.7292574e-06, No Iterations 12
DICPCG:  Solving for p, Initial residual = 1.260196e-05, Final residual = 1.2421843e-07, No Iterations 764
DICPCG:  Solving for p, Initial residual = 5.9450386e-06, Final residual = 5.7495952e-08, No Iterations 20
DICPCG:  Solving for p, Initial residual = 3.0237984e-06, Final residual = 2.9542755e-08, No Iterations 18
time step continuity errors : sum local = 1.4944093e-10, global = -3.3719026e-12, cumulative = 3.5676277e-08
ExecutionTime = 106.79 s  ClockTime = 107 s

Time = 68

smoothSolver:  Solving for Ux, Initial residual = 4.8191081e-07, Final residual = 2.1529648e-10, No Iterations 1
smoothSolver:  Solving for Uy, Initial residual = 6.2225772e-07, Final residual = 2.0228912e-10, No Iterations 1
DICPCG:  Solving for p, Initial residual = 0.00018260525, Final residual = 1.8109769e-06, No Iterations 13
DICPCG:  Solving for p, Initial residual = 1.2337208e-05, Final residual = 1.1389746e-07, No Iterations 761
DICPCG:  Solving for p, Initial residual = 5.3654631e-06, Final residual = 5.3294318e-08, No Iterations 20
DICPCG:  Solving for p, Initial residual = 2.8826818e-06, Final residual = 2.8300658e-08, No Iterations 17
time step continuity errors : sum local = 1.4737889e-10, global = -4.1429762e-12, cumulative = 3.5672134e-08
ExecutionTime = 107.48 s  ClockTime = 107 s

Time = 69

smoothSolver:  Solving for Ux, Initial residual = 4.5264178e-07, Final residual = 2.1036572e-10, No Iterations 1
smoothSolver:  Solving for Uy, Initial residual = 5.0247129e-07, Final residual = 1.9749058e-10, No Iterations 1
DICPCG:  Solving for p, Initial residual = 0.00017673933, Final residual = 1.7257695e-06, No Iterations 13
DICPCG:  Solving for p, Initial residual = 1.2291679e-05, Final residual = 1.1971122e-07, No Iterations 767
DICPCG:  Solving for p, Initial residual = 5.4816349e-06, Final residual = 5.4209638e-08, No Iterations 20
DICPCG:  Solving for p, Initial residual = 2.8887852e-06, Final residual = 2.7566553e-08, No Iterations 18
time step continuity errors : sum local = 1.4744718e-10, global = -3.6987894e-12, cumulative = 3.5668435e-08
ExecutionTime = 108.17 s  ClockTime = 108 s

Time = 70

smoothSolver:  Solving for Ux, Initial residual = 3.6449342e-07, Final residual = 2.0532594e-10, No Iterations 1
smoothSolver:  Solving for Uy, Initial residual = 3.9282311e-07, Final residual = 1.928249e-10, No Iterations 1
DICPCG:  Solving for p, Initial residual = 0.00017165782, Final residual = 1.5550502e-06, No Iterations 13
DICPCG:  Solving for p, Initial residual = 1.1691391e-05, Final residual = 1.0210567e-07, No Iterations 760
DICPCG:  Solving for p, Initial residual = 5.4341439e-06, Final residual = 5.1083109e-08, No Iterations 21
DICPCG:  Solving for p, Initial residual = 2.8987623e-06, Final residual = 2.558179e-08, No Iterations 22
time step continuity errors : sum local = 1.5022815e-10, global = -2.2418244e-12, cumulative = 3.5666193e-08
ExecutionTime = 108.87 s  ClockTime = 109 s

surfaceFieldValue flowRateTM write:
    sum(outlet_tm) of phi = 2.5001993e-11

surfaceFieldValue flowRateTM_left write:
    sum(outlet_tm_left) of phi = 2.4998007e-11

surfaceFieldValue pressureACinlet write:
    areaAverage(ac_inlet) of p = 3.2801182

Time = 71

smoothSolver:  Solving for Ux, Initial residual = 2.5741628e-07, Final residual = 2.0058638e-10, No Iterations 1
smoothSolver:  Solving for Uy, Initial residual = 2.9183548e-07, Final residual = 1.8840106e-10, No Iterations 1
DICPCG:  Solving for p, Initial residual = 0.00016690369, Final residual = 1.4963763e-06, No Iterations 12
DICPCG:  Solving for p, Initial residual = 1.0662573e-05, Final residual = 9.9173785e-08, No Iterations 760
DICPCG:  Solving for p, Initial residual = 4.944391e-06, Final residual = 4.6855801e-08, No Iterations 19
DICPCG:  Solving for p, Initial residual = 2.6593798e-06, Final residual = 2.615422e-08, No Iterations 21
time step continuity errors : sum local = 1.5101261e-10, global = -1.3512417e-12, cumulative = 3.5664842e-08
ExecutionTime = 109.56 s  ClockTime = 109 s

Time = 72

smoothSolver:  Solving for Ux, Initial residual = 1.767253e-07, Final residual = 1.9636958e-10, No Iterations 1
smoothSolver:  Solving for Uy, Initial residual = 2.2641072e-07, Final residual = 1.8422293e-10, No Iterations 1
DICPCG:  Solving for p, Initial residual = 0.00016194546, Final residual = 1.5730917e-06, No Iterations 10
DICPCG:  Solving for p, Initial residual = 9.4749973e-06, Final residual = 9.2075034e-08, No Iterations 155
DICPCG:  Solving for p, Initial residual = 4.2625341e-06, Final residual = 4.122942e-08, No Iterations 25
DICPCG:  Solving for p, Initial residual = 2.4449989e-06, Final residual = 2.1234225e-08, No Iterations 748
time step continuity errors : sum local = 6.8798688e-10, global = 3.2154313e-13, cumulative = 3.5665163e-08
ExecutionTime = 110.34 s  ClockTime = 110 s

Time = 73

smoothSolver:  Solving for Ux, Initial residual = 1.5268788e-07, Final residual = 1.9248682e-10, No Iterations 1
smoothSolver:  Solving for Uy, Initial residual = 1.6843118e-07, Final residual = 1.8026903e-10, No Iterations 1
DICPCG:  Solving for p, Initial residual = 0.00015734435, Final residual = 1.4232975e-06, No Iterations 10
DICPCG:  Solving for p, Initial residual = 8.3405556e-06, Final residual = 7.693127e-08, No Iterations 762
DICPCG:  Solving for p, Initial residual = 3.7300417e-06, Final residual = 3.1394223e-08, No Iterations 18
DICPCG:  Solving for p, Initial residual = 2.1084477e-06, Final residual = 2.0868653e-08, No Iterations 22
time step continuity errors : sum local = 1.3539537e-10, global = 9.646283e-13, cumulative = 3.5666128e-08
ExecutionTime = 111.04 s  ClockTime = 111 s

Time = 74

smoothSolver:  Solving for Ux, Initial residual = 1.3828242e-07, Final residual = 1.887591e-10, No Iterations 1
smoothSolver:  Solving for Uy, Initial residual = 1.482225e-07, Final residual = 1.7649746e-10, No Iterations 1
DICPCG:  Solving for p, Initial residual = 0.0001527951, Final residual = 1.5199902e-06, No Iterations 8
DICPCG:  Solving for p, Initial residual = 7.8128382e-06, Final residual = 7.7631146e-08, No Iterations 773
DICPCG:  Solving for p, Initial residual = 3.6749383e-06, Final residual = 3.4528326e-08, No Iterations 14
DICPCG:  Solving for p, Initial residual = 1.910943e-06, Final residual = 1.7406441e-08, No Iterations 21
time step continuity errors : sum local = 1.4092422e-10, global = 1.3778871e-12, cumulative = 3.5667506e-08
ExecutionTime = 111.73 s  ClockTime = 112 s

Time = 75

smoothSolver:  Solving for Ux, Initial residual = 1.2495021e-07, Final residual = 1.851057e-10, No Iterations 1
smoothSolver:  Solving for Uy, Initial residual = 1.367489e-07, Final residual = 1.728298e-10, No Iterations 1
DICPCG:  Solving for p, Initial residual = 0.00014869396, Final residual = 1.4338878e-06, No Iterations 8
DICPCG:  Solving for p, Initial residual = 7.5583998e-06, Final residual = 7.2744187e-08, No Iterations 766
DICPCG:  Solving for p, Initial residual = 3.5472799e-06, Final residual = 3.2831956e-08, No Iterations 14
DICPCG:  Solving for p, Initial residual = 1.7821574e-06, Final residual = 1.6878593e-08, No Iterations 21
time step continuity errors : sum local = 1.3322919e-10, global = 1.4264267e-12, cumulative = 3.5668932e-08
ExecutionTime = 112.46 s  ClockTime = 112 s

Time = 76

smoothSolver:  Solving for Ux, Initial residual = 1.0434966e-07, Final residual = 1.8148112e-10, No Iterations 1
smoothSolver:  Solving for Uy, Initial residual = 1.1266848e-07, Final residual = 1.6917533e-10, No Iterations 1
DICPCG:  Solving for p, Initial residual = 0.000144616, Final residual = 1.2993754e-06, No Iterations 11
DICPCG:  Solving for p, Initial residual = 7.5042294e-06, Final residual = 7.1546455e-08, No Iterations 756
DICPCG:  Solving for p, Initial residual = 3.1492806e-06, Final residual = 3.1182344e-08, No Iterations 17
DICPCG:  Solving for p, Initial residual = 1.6208013e-06, Final residual = 1.6183175e-08, No Iterations 19
time step continuity errors : sum local = 1.2623509e-10, global = 1.8184304e-13, cumulative = 3.5669114e-08
ExecutionTime = 113.16 s  ClockTime = 113 s

Time = 77

smoothSolver:  Solving for Ux, Initial residual = 8.1300373e-08, Final residual = 1.7781369e-10, No Iterations 1
smoothSolver:  Solving for Uy, Initial residual = 8.490432e-08, Final residual = 1.6557979e-10, No Iterations 1
DICPCG:  Solving for p, Initial residual = 0.00014064416, Final residual = 1.3966421e-06, No Iterations 11
DICPCG:  Solving for p, Initial residual = 7.542795e-06, Final residual = 7.4613311e-08, No Iterations 762
DICPCG:  Solving for p, Initial residual = 3.0652116e-06, Final residual = 2.9475377e-08, No Iterations 23
DICPCG:  Solving for p, Initial residual = 1.6150545e-06, Final residual = 1.6068096e-08, No Iterations 23
time step continuity errors : sum local = 1.347151e-10, global = 9.1718291e-13, cumulative = 3.5670031e-08
ExecutionTime = 113.92 s  ClockTime = 114 s

Time = 78

smoothSolver:  Solving for Ux, Initial residual = 6.0248964e-08, Final residual = 1.7409221e-10, No Iterations 1
smoothSolver:  Solving for Uy, Initial residual = 6.5624766e-08, Final residual = 1.6205833e-10, No Iterations 1
DICPCG:  Solving for p, Initial residual = 0.00013669472, Final residual = 1.216784e-06, No Iterations 12
DICPCG:  Solving for p, Initial residual = 7.4991622e-06, Final residual = 6.8914922e-08, No Iterations 48
DICPCG:  Solving for p, Initial residual = 2.7040164e-06, Final residual = 2.3670605e-08, No Iterations 68
DICPCG:  Solving for p, Initial residual = 1.5551011e-06, Final residual = 1.5276991e-08, No Iterations 24
time step continuity errors : sum local = 1.3534325e-10, global = 4.92154e-12, cumulative = 3.5674953e-08
ExecutionTime = 114.1 s  ClockTime = 114 s

Time = 79

smoothSolver:  Solving for Ux, Initial residual = 4.2737082e-08, Final residual = 1.7038265e-10, No Iterations 1
smoothSolver:  Solving for Uy, Initial residual = 5.805912e-08, Final residual = 1.5859082e-10, No Iterations 1
DICPCG:  Solving for p, Initial residual = 0.00013319116, Final residual = 1.1387021e-06, No Iterations 12
DICPCG:  Solving for p, Initial residual = 7.0460387e-06, Final residual = 6.9828727e-08, No Iterations 48
DICPCG:  Solving for p, Initial residual = 2.4454709e-06, Final residual = 2.4420117e-08, No Iterations 752
DICPCG:  Solving for p, Initial residual = 1.6668703e-06, Final residual = 1.6598323e-08, No Iterations 21
time step continuity errors : sum local = 1.4500113e-10, global = 9.184415e-13, cumulative = 3.5675871e-08
ExecutionTime = 114.89 s  ClockTime = 115 s

Time = 80

smoothSolver:  Solving for Ux, Initial residual = 3.4945318e-08, Final residual = 1.6674134e-10, No Iterations 1
smoothSolver:  Solving for Uy, Initial residual = 5.2251819e-08, Final residual = 1.55142e-10, No Iterations 1
DICPCG:  Solving for p, Initial residual = 0.00013017537, Final residual = 1.2007349e-06, No Iterations 11
DICPCG:  Solving for p, Initial residual = 6.930688e-06, Final residual = 6.5348634e-08, No Iterations 107
DICPCG:  Solving for p, Initial residual = 2.5707233e-06, Final residual = 2.5049642e-08, No Iterations 746
DICPCG:  Solving for p, Initial residual = 1.6848928e-06, Final residual = 1.6649055e-08, No Iterations 23
time step continuity errors : sum local = 1.4378533e-10, global = 4.1807649e-13, cumulative = 3.5676289e-08
ExecutionTime = 115.76 s  ClockTime = 116 s

surfaceFieldValue flowRateTM write:
    sum(outlet_tm) of phi = 2.5001994e-11

surfaceFieldValue flowRateTM_left write:
    sum(outlet_tm_left) of phi = 2.4998006e-11

surfaceFieldValue pressureACinlet write:
    areaAverage(ac_inlet) of p = 3.2801158

Time = 81

smoothSolver:  Solving for Ux, Initial residual = 3.2426802e-08, Final residual = 1.6322926e-10, No Iterations 1
smoothSolver:  Solving for Uy, Initial residual = 4.2891711e-08, Final residual = 1.5173419e-10, No Iterations 1
DICPCG:  Solving for p, Initial residual = 0.00012718567, Final residual = 1.1720465e-06, No Iterations 11
DICPCG:  Solving for p, Initial residual = 6.7404177e-06, Final residual = 6.3791416e-08, No Iterations 760
DICPCG:  Solving for p, Initial residual = 2.7160274e-06, Final residual = 2.6250518e-08, No Iterations 23
DICPCG:  Solving for p, Initial residual = 1.4593708e-06, Final residual = 1.4179484e-08, No Iterations 23
time step continuity errors : sum local = 1.2575958e-10, global = -1.0396771e-12, cumulative = 3.567525e-08
ExecutionTime = 116.55 s  ClockTime = 116 s

Time = 82

smoothSolver:  Solving for Ux, Initial residual = 3.2451241e-08, Final residual = 1.5983012e-10, No Iterations 1
smoothSolver:  Solving for Uy, Initial residual = 3.7039296e-08, Final residual = 1.4840973e-10, No Iterations 1
DICPCG:  Solving for p, Initial residual = 0.00012412007, Final residual = 1.1445768e-06, No Iterations 11
DICPCG:  Solving for p, Initial residual = 6.4751263e-06, Final residual = 6.4568354e-08, No Iterations 53
DICPCG:  Solving for p, Initial residual = 2.3900076e-06, Final residual = 2.2659866e-08, No Iterations 746
DICPCG:  Solving for p, Initial residual = 1.7133583e-06, Final residual = 1.6305809e-08, No Iterations 24
time step continuity errors : sum local = 1.4469794e-10, global = -9.2903543e-13, cumulative = 3.5674321e-08
ExecutionTime = 117.45 s  ClockTime = 117 s

Time = 83

smoothSolver:  Solving for Ux, Initial residual = 2.9235494e-08, Final residual = 1.5652595e-10, No Iterations 1
smoothSolver:  Solving for Uy, Initial residual = 3.276706e-08, Final residual = 1.4521495e-10, No Iterations 1
DICPCG:  Solving for p, Initial residual = 0.00012113472, Final residual = 1.1551687e-06, No Iterations 11
DICPCG:  Solving for p, Initial residual = 6.1309551e-06, Final residual = 5.8341498e-08, No Iterations 58
DICPCG:  Solving for p, Initial residual = 2.2747481e-06, Final residual = 2.0577583e-08, No Iterations 739
DICPCG:  Solving for p, Initial residual = 1.5987827e-06, Final residual = 1.5815912e-08, No Iterations 25
time step continuity errors : sum local = 1.4574613e-10, global = -6.7487548e-14, cumulative = 3.5674253e-08
ExecutionTime = 118.22 s  ClockTime = 118 s

Time = 84

smoothSolver:  Solving for Ux, Initial residual = 2.4661339e-08, Final residual = 1.5328269e-10, No Iterations 1
smoothSolver:  Solving for Uy, Initial residual = 2.7669164e-08, Final residual = 1.4211742e-10, No Iterations 1
DICPCG:  Solving for p, Initial residual = 0.00011825237, Final residual = 1.1297371e-06, No Iterations 11
DICPCG:  Solving for p, Initial residual = 5.8235883e-06, Final residual = 5.4332297e-08, No Iterations 102
DICPCG:  Solving for p, Initial residual = 2.2250859e-06, Final residual = 2.1645235e-08, No Iterations 743
DICPCG:  Solving for p, Initial residual = 1.5450364e-06, Final residual = 1.5359002e-08, No Iterations 26
time step continuity errors : sum local = 1.4642842e-10, global = -3.1571139e-13, cumulative = 3.5673937e-08
ExecutionTime = 119.02 s  ClockTime = 119 s

Time = 85

smoothSolver:  Solving for Ux, Initial residual = 1.9860687e-08, Final residual = 1.5008128e-10, No Iterations 1
smoothSolver:  Solving for Uy, Initial residual = 2.3683202e-08, Final residual = 1.3910143e-10, No Iterations 1
DICPCG:  Solving for p, Initial residual = 0.00011566294, Final residual = 1.0914659e-06, No Iterations 11
DICPCG:  Solving for p, Initial residual = 5.5745881e-06, Final residual = 5.2729499e-08, No Iterations 100
DICPCG:  Solving for p, Initial residual = 2.1474632e-06, Final residual = 2.1018434e-08, No Iterations 102
DICPCG:  Solving for p, Initial residual = 1.2858841e-06, Final residual = 1.2643426e-08, No Iterations 45
time step continuity errors : sum local = 1.5595083e-10, global = -6.1894307e-13, cumulative = 3.5673318e-08
ExecutionTime = 119.33 s  ClockTime = 119 s

Time = 86

smoothSolver:  Solving for Ux, Initial residual = 1.5646133e-08, Final residual = 1.4691806e-10, No Iterations 1
smoothSolver:  Solving for Uy, Initial residual = 1.8881969e-08, Final residual = 1.3614892e-10, No Iterations 1
DICPCG:  Solving for p, Initial residual = 0.00011317491, Final residual = 1.0660355e-06, No Iterations 11
DICPCG:  Solving for p, Initial residual = 5.487794e-06, Final residual = 5.4359351e-08, No Iterations 95
DICPCG:  Solving for p, Initial residual = 2.1081563e-06, Final residual = 1.9777668e-08, No Iterations 26
DICPCG:  Solving for p, Initial residual = 1.2031744e-06, Final residual = 1.144247e-08, No Iterations 102
time step continuity errors : sum local = 2.1916842e-10, global = 4.7901881e-12, cumulative = 3.5678109e-08
ExecutionTime = 119.63 s  ClockTime = 119 s

Time = 87

smoothSolver:  Solving for Ux, Initial residual = 1.2549618e-08, Final residual = 1.4379159e-10, No Iterations 1
smoothSolver:  Solving for Uy, Initial residual = 1.4548242e-08, Final residual = 1.3323264e-10, No Iterations 1
DICPCG:  Solving for p, Initial residual = 0.00011076222, Final residual = 1.069812e-06, No Iterations 11
DICPCG:  Solving for p, Initial residual = 5.5271362e-06, Final residual = 5.4503939e-08, No Iterations 92
DICPCG:  Solving for p, Initial residual = 2.1580475e-06, Final residual = 2.1123629e-08, No Iterations 25
DICPCG:  Solving for p, Initial residual = 1.242622e-06, Final residual = 1.2188154e-08, No Iterations 738
time step continuity errors : sum local = 6.8064008e-10, global = -7.4508036e-13, cumulative = 3.5677364e-08
ExecutionTime = 120.37 s  ClockTime = 120 s

Time = 88

smoothSolver:  Solving for Ux, Initial residual = 9.9872229e-09, Final residual = 9.9872229e-09, No Iterations 0
smoothSolver:  Solving for Uy, Initial residual = 1.0145304e-08, Final residual = 1.3035007e-10, No Iterations 1
DICPCG:  Solving for p, Initial residual = 0.00011188841, Final residual = 1.1070654e-06, No Iterations 34
DICPCG:  Solving for p, Initial residual = 1.5832589e-05, Final residual = 1.4741926e-07, No Iterations 35
DICPCG:  Solving for p, Initial residual = 3.0771118e-06, Final residual = 2.9816656e-08, No Iterations 82
DICPCG:  Solving for p, Initial residual = 1.5222408e-06, Final residual = 1.520357e-08, No Iterations 16
time step continuity errors : sum local = 1.2259026e-10, global = 9.4230276e-12, cumulative = 3.5686787e-08
ExecutionTime = 120.55 s  ClockTime = 120 s

Time = 89

smoothSolver:  Solving for Ux, Initial residual = 1.0301667e-08, Final residual = 1.4542998e-10, No Iterations 1
smoothSolver:  Solving for Uy, Initial residual = 9.0569387e-09, Final residual = 9.0569387e-09, No Iterations 0
DICPCG:  Solving for p, Initial residual = 0.00010274069, Final residual = 9.6067471e-07, No Iterations 24
DICPCG:  Solving for p, Initial residual = 9.1043775e-06, Final residual = 8.6702174e-08, No Iterations 85
DICPCG:  Solving for p, Initial residual = 2.4174071e-06, Final residual = 2.3723225e-08, No Iterations 736
DICPCG:  Solving for p, Initial residual = 1.5077093e-06, Final residual = 1.4654434e-08, No Iterations 17
time step continuity errors : sum local = 1.3171964e-10, global = 4.4051852e-13, cumulative = 3.5687227e-08
ExecutionTime = 121.26 s  ClockTime = 121 s

Time = 90

smoothSolver:  Solving for Ux, Initial residual = 9.4154324e-09, Final residual = 9.4154324e-09, No Iterations 0
smoothSolver:  Solving for Uy, Initial residual = 7.9978262e-09, Final residual = 7.9978262e-09, No Iterations 0
DICPCG:  Solving for p, Initial residual = 9.4616503e-05, Final residual = 9.1659345e-07, No Iterations 25
DICPCG:  Solving for p, Initial residual = 8.9745613e-06, Final residual = 8.5840549e-08, No Iterations 85
DICPCG:  Solving for p, Initial residual = 2.4638792e-06, Final residual = 2.4235685e-08, No Iterations 271
DICPCG:  Solving for p, Initial residual = 1.3265304e-06, Final residual = 1.3195195e-08, No Iterations 761
time step continuity errors : sum local = 6.9158621e-10, global = -8.9462124e-14, cumulative = 3.5687138e-08
ExecutionTime = 122.17 s  ClockTime = 122 s


SIMPLE solution converged in 90 iterations

surfaceFieldValue flowRateTM write:
    sum(outlet_tm) of phi = 2.5001994e-11

surfaceFieldValue flowRateTM_left write:
    sum(outlet_tm_left) of phi = 2.4998006e-11

surfaceFieldValue pressureACinlet write:
    areaAverage(ac_inlet) of p = 3.2801162

End


=== post-run summary ===
  nCells = N/A
nCells=41242
d_TM=1.2578e+14
IOP_AC_right=26.235 mmHg
IOP_AC_left=26.235 mmHg
IOP_AC_mean=26.235 mmHg
IOP_vitreous_mean=26.235 mmHg
delta_AC_vitreous=0.000 mmHg
Q_TM_total=5.0000e-11 m³/s (target 5.0000e-11)
Q_balance_error=0.00 %
=== doc-g1-sim1 done (M1) ===
