 Container myopenfoam-fsi-run-8e27cd466537 Creating 
 Container myopenfoam-fsi-run-8e27cd466537 Created 
=== doc-g1-sim1 (AC / vitreous / TM) MESH_LEVEL=M1 ===
=== gmshToFoam ===
/*---------------------------------------------------------------------------*\
| =========                 |                                                 |
| \\      /  F ield         | OpenFOAM: The Open Source CFD Toolbox           |
|  \\    /   O peration     | Version:  2512                                  |
|   \\  /    A nd           | Website:  www.openfoam.com                      |
|    \\/     M anipulation  |                                                 |
\*---------------------------------------------------------------------------*/
Build  : _bd2b6720-20260127 OPENFOAM=2512 version=2512
Arch   : "LSB;label=32;scalar=64"
Exec   : gmshToFoam eye_g1_lamminsalo.msh
Date   : Jul 16 2026
Time   : 02:00:03
Host   : 830cb3dbabb0
PID    : 227
I/O    : uncollated
Case   : /simulation/doc-g1-sim1/fluid
nProcs : 1
trapFpe: Floating point exception trapping enabled (FOAM_SIGFPE).
memory pool : not available
fileModificationChecking : Monitoring run-time modified files using timeStampMaster (fileModificationSkew 5, maxFileModificationPolls 20)
allowSystemOperations : Allowing user-supplied system call operations

// * * * * * * * * * * * * * * * * * * * * * * * * * * * * * * * * * * * * * //
Create time

Starting to read mesh format at line 2
Read format version 2.2  ascii 0

Starting to read physical names at line 5
Physical names:8
    Surface 2	ac_inlet
    Surface 3	ac_inlet_left
    Surface 4	outlet_tm
    Surface 5	outlet_tm_left
    Surface 6	lens_wall
    Surface 7	iris_wall
    Surface 8	wall
    Volume 1	fluid

Starting to read points at line 16
Vertices to be read: 42364
Vertices read:42364

Starting to read cells at line 42383
Cells to be read: 42364

Mapping region 8 to Foam patch 0
Mapping region 7 to Foam patch 1
Mapping region 4 to Foam patch 2
Mapping region 6 to Foam patch 3
Mapping region 2 to Foam patch 4
Mapping region 3 to Foam patch 5
Mapping region 5 to Foam patch 6
Mapping region 1 to Foam cellZone 0
Cells:
    total:41242
    hex  :0
    prism:41242
    pyr  :0
    tet  :0

CellZones:
Zone	Size
    0	41242

Patch 0 gets name wall
Patch 1 gets name iris_wall
Patch 2 gets name outlet_tm
Patch 3 gets name lens_wall
Patch 4 gets name ac_inlet
Patch 5 gets name ac_inlet_left
Patch 6 gets name outlet_tm_left

--> FOAM Warning : 
    From Foam::polyMesh::polyMesh(const Foam::IOobject&, Foam::pointField&&, const Foam::cellShapeList&, const Foam::faceListList&, const Foam::wordList&, const Foam::wordList&, const Foam::word&, const Foam::word&, const Foam::wordList&, bool)
    in file meshes/polyMesh/polyMeshFromShapeMesh.C at line 635
    Found 83606 undefined faces in mesh; adding to default patch defaultFaces
Finding faces of patch 0
Finding faces of patch 1
Finding faces of patch 2
Finding faces of patch 3
Finding faces of patch 4
Finding faces of patch 5
Finding faces of patch 6

FaceZones:
Zone	Size

Writing zone 0 to cellZone fluid and cellSet
End

=== topoSet zones (TM + vitreous) ===
/*---------------------------------------------------------------------------*\
| =========                 |                                                 |
| \\      /  F ield         | OpenFOAM: The Open Source CFD Toolbox           |
|  \\    /   O peration     | Version:  2512                                  |
|   \\  /    A nd           | Website:  www.openfoam.com                      |
|    \\/     M anipulation  |                                                 |
\*---------------------------------------------------------------------------*/
Build  : _bd2b6720-20260127 OPENFOAM=2512 version=2512
Arch   : "LSB;label=32;scalar=64"
Exec   : topoSet -dict system/topoSetDict.anatomical -constant
Date   : Jul 16 2026
Time   : 02:00:04
Host   : 830cb3dbabb0
PID    : 231
I/O    : uncollated
Case   : /simulation/doc-g1-sim1/fluid
nProcs : 1
trapFpe: Floating point exception trapping enabled (FOAM_SIGFPE).
memory pool : not available
fileModificationChecking : Monitoring run-time modified files using timeStampMaster (fileModificationSkew 5, maxFileModificationPolls 20)
allowSystemOperations : Allowing user-supplied system call operations

// * * * * * * * * * * * * * * * * * * * * * * * * * * * * * * * * * * * * * //
Create time

Create polyMesh for time = constant

Reading topoSetDict.anatomical

Time = constant
    mesh not changed.
Created cellSet tm_zone
    Applying source boxToCell
    Adding cells with centre within boxes 1((0.00645 -0.005 -1e-05) (0.00718 -0.00424 0.001001))
    cellSet tm_zone now size 69
Created cellZoneSet tm_zone
    Applying source setToCellZone
    Adding all cells from cell set: tm_zone ...
    cellZoneSet tm_zone now size 69
Created cellSet tm_zone_left
    Applying source boxToCell
    Adding cells with centre within boxes 1((-0.00718 -0.005 -1e-05) (-0.00645 -0.00424 0.001001))
    cellSet tm_zone_left now size 67
Created cellZoneSet tm_zone_left
    Applying source setToCellZone
    Adding all cells from cell set: tm_zone_left ...
    cellZoneSet tm_zone_left now size 67
Created cellSet vitreous_zone
    Applying source boxToCell
    Adding cells with centre within boxes 1((-0.008 -0.0015 -1e-05) (0.008 0.0074 0.001001))
    cellSet vitreous_zone now size 19682
Read set cellSet vitreous_zone size:19682
    Applying source boxToCell
    Removing cells with centre within boxes 1((0.00645 -0.005 -1e-05) (0.00718 -0.00424 0.001001))
    cellSet vitreous_zone now size 19682
Read set cellSet vitreous_zone size:19682
    Applying source boxToCell
    Removing cells with centre within boxes 1((-0.00718 -0.005 -1e-05) (-0.00645 -0.00424 0.001001))
    cellSet vitreous_zone now size 19682
Created cellZoneSet vitreous_zone
    Applying source setToCellZone
    Adding all cells from cell set: vitreous_zone ...
    cellZoneSet vitreous_zone now size 19682
Time = 0
    mesh not changed.
Created cellSet tm_zone
    Applying source boxToCell
    Adding cells with centre within boxes 1((0.00645 -0.005 -1e-05) (0.00718 -0.00424 0.001001))
    cellSet tm_zone now size 69
Created cellZoneSet tm_zone
    Applying source setToCellZone
    Adding all cells from cell set: tm_zone ...
    cellZoneSet tm_zone now size 69
Created cellSet tm_zone_left
    Applying source boxToCell
    Adding cells with centre within boxes 1((-0.00718 -0.005 -1e-05) (-0.00645 -0.00424 0.001001))
    cellSet tm_zone_left now size 67
Created cellZoneSet tm_zone_left
    Applying source setToCellZone
    Adding all cells from cell set: tm_zone_left ...
    cellZoneSet tm_zone_left now size 67
Created cellSet vitreous_zone
    Applying source boxToCell
    Adding cells with centre within boxes 1((-0.008 -0.0015 -1e-05) (0.008 0.0074 0.001001))
    cellSet vitreous_zone now size 19682
Read set cellSet vitreous_zone size:19682
    Applying source boxToCell
    Removing cells with centre within boxes 1((0.00645 -0.005 -1e-05) (0.00718 -0.00424 0.001001))
    cellSet vitreous_zone now size 19682
Read set cellSet vitreous_zone size:19682
    Applying source boxToCell
    Removing cells with centre within boxes 1((-0.00718 -0.005 -1e-05) (-0.00645 -0.00424 0.001001))
    cellSet vitreous_zone now size 19682
Created cellZoneSet vitreous_zone
    Applying source setToCellZone
    Adding all cells from cell set: vitreous_zone ...
    cellZoneSet vitreous_zone now size 19682
Time = 48
    mesh not changed.
Created cellSet tm_zone
    Applying source boxToCell
    Adding cells with centre within boxes 1((0.00645 -0.005 -1e-05) (0.00718 -0.00424 0.001001))
    cellSet tm_zone now size 69
Created cellZoneSet tm_zone
    Applying source setToCellZone
    Adding all cells from cell set: tm_zone ...
    cellZoneSet tm_zone now size 69
Created cellSet tm_zone_left
    Applying source boxToCell
    Adding cells with centre within boxes 1((-0.00718 -0.005 -1e-05) (-0.00645 -0.00424 0.001001))
    cellSet tm_zone_left now size 67
Created cellZoneSet tm_zone_left
    Applying source setToCellZone
    Adding all cells from cell set: tm_zone_left ...
    cellZoneSet tm_zone_left now size 67
Created cellSet vitreous_zone
    Applying source boxToCell
    Adding cells with centre within boxes 1((-0.008 -0.0015 -1e-05) (0.008 0.0074 0.001001))
    cellSet vitreous_zone now size 19682
Read set cellSet vitreous_zone size:19682
    Applying source boxToCell
    Removing cells with centre within boxes 1((0.00645 -0.005 -1e-05) (0.00718 -0.00424 0.001001))
    cellSet vitreous_zone now size 19682
Read set cellSet vitreous_zone size:19682
    Applying source boxToCell
    Removing cells with centre within boxes 1((-0.00718 -0.005 -1e-05) (-0.00645 -0.00424 0.001001))
    cellSet vitreous_zone now size 19682
Created cellZoneSet vitreous_zone
    Applying source setToCellZone
    Adding all cells from cell set: vitreous_zone ...
    cellZoneSet vitreous_zone now size 19682
Time = 50
    mesh not changed.
Created cellSet tm_zone
    Applying source boxToCell
    Adding cells with centre within boxes 1((0.00645 -0.005 -1e-05) (0.00718 -0.00424 0.001001))
    cellSet tm_zone now size 69
Created cellZoneSet tm_zone
    Applying source setToCellZone
    Adding all cells from cell set: tm_zone ...
    cellZoneSet tm_zone now size 69
Created cellSet tm_zone_left
    Applying source boxToCell
    Adding cells with centre within boxes 1((-0.00718 -0.005 -1e-05) (-0.00645 -0.00424 0.001001))
    cellSet tm_zone_left now size 67
Created cellZoneSet tm_zone_left
    Applying source setToCellZone
    Adding all cells from cell set: tm_zone_left ...
    cellZoneSet tm_zone_left now size 67
Created cellSet vitreous_zone
    Applying source boxToCell
    Adding cells with centre within boxes 1((-0.008 -0.0015 -1e-05) (0.008 0.0074 0.001001))
    cellSet vitreous_zone now size 19682
Read set cellSet vitreous_zone size:19682
    Applying source boxToCell
    Removing cells with centre within boxes 1((0.00645 -0.005 -1e-05) (0.00718 -0.00424 0.001001))
    cellSet vitreous_zone now size 19682
Read set cellSet vitreous_zone size:19682
    Applying source boxToCell
    Removing cells with centre within boxes 1((-0.00718 -0.005 -1e-05) (-0.00645 -0.00424 0.001001))
    cellSet vitreous_zone now size 19682
Created cellZoneSet vitreous_zone
    Applying source setToCellZone
    Adding all cells from cell set: vitreous_zone ...
    cellZoneSet vitreous_zone now size 19682
Time = 76
    mesh not changed.
Created cellSet tm_zone
    Applying source boxToCell
    Adding cells with centre within boxes 1((0.00645 -0.005 -1e-05) (0.00718 -0.00424 0.001001))
    cellSet tm_zone now size 69
Created cellZoneSet tm_zone
    Applying source setToCellZone
    Adding all cells from cell set: tm_zone ...
    cellZoneSet tm_zone now size 69
Created cellSet tm_zone_left
    Applying source boxToCell
    Adding cells with centre within boxes 1((-0.00718 -0.005 -1e-05) (-0.00645 -0.00424 0.001001))
    cellSet tm_zone_left now size 67
Created cellZoneSet tm_zone_left
    Applying source setToCellZone
    Adding all cells from cell set: tm_zone_left ...
    cellZoneSet tm_zone_left now size 67
Created cellSet vitreous_zone
    Applying source boxToCell
    Adding cells with centre within boxes 1((-0.008 -0.0015 -1e-05) (0.008 0.0074 0.001001))
    cellSet vitreous_zone now size 19682
Read set cellSet vitreous_zone size:19682
    Applying source boxToCell
    Removing cells with centre within boxes 1((0.00645 -0.005 -1e-05) (0.00718 -0.00424 0.001001))
    cellSet vitreous_zone now size 19682
Read set cellSet vitreous_zone size:19682
    Applying source boxToCell
    Removing cells with centre within boxes 1((-0.00718 -0.005 -1e-05) (-0.00645 -0.00424 0.001001))
    cellSet vitreous_zone now size 19682
Created cellZoneSet vitreous_zone
    Applying source setToCellZone
    Adding all cells from cell set: vitreous_zone ...
    cellZoneSet vitreous_zone now size 19682
Time = 90
    mesh not changed.
Created cellSet tm_zone
    Applying source boxToCell
    Adding cells with centre within boxes 1((0.00645 -0.005 -1e-05) (0.00718 -0.00424 0.001001))
    cellSet tm_zone now size 69
Created cellZoneSet tm_zone
    Applying source setToCellZone
    Adding all cells from cell set: tm_zone ...
    cellZoneSet tm_zone now size 69
Created cellSet tm_zone_left
    Applying source boxToCell
    Adding cells with centre within boxes 1((-0.00718 -0.005 -1e-05) (-0.00645 -0.00424 0.001001))
    cellSet tm_zone_left now size 67
Created cellZoneSet tm_zone_left
    Applying source setToCellZone
    Adding all cells from cell set: tm_zone_left ...
    cellZoneSet tm_zone_left now size 67
Created cellSet vitreous_zone
    Applying source boxToCell
    Adding cells with centre within boxes 1((-0.008 -0.0015 -1e-05) (0.008 0.0074 0.001001))
    cellSet vitreous_zone now size 19682
Read set cellSet vitreous_zone size:19682
    Applying source boxToCell
    Removing cells with centre within boxes 1((0.00645 -0.005 -1e-05) (0.00718 -0.00424 0.001001))
    cellSet vitreous_zone now size 19682
Read set cellSet vitreous_zone size:19682
    Applying source boxToCell
    Removing cells with centre within boxes 1((-0.00718 -0.005 -1e-05) (-0.00645 -0.00424 0.001001))
    cellSet vitreous_zone now size 19682
Created cellZoneSet vitreous_zone
    Applying source setToCellZone
    Adding all cells from cell set: vitreous_zone ...
    cellZoneSet vitreous_zone now size 19682
Time = 98
    mesh not changed.
Created cellSet tm_zone
    Applying source boxToCell
    Adding cells with centre within boxes 1((0.00645 -0.005 -1e-05) (0.00718 -0.00424 0.001001))
    cellSet tm_zone now size 69
Created cellZoneSet tm_zone
    Applying source setToCellZone
    Adding all cells from cell set: tm_zone ...
    cellZoneSet tm_zone now size 69
Created cellSet tm_zone_left
    Applying source boxToCell
    Adding cells with centre within boxes 1((-0.00718 -0.005 -1e-05) (-0.00645 -0.00424 0.001001))
    cellSet tm_zone_left now size 67
Created cellZoneSet tm_zone_left
    Applying source setToCellZone
    Adding all cells from cell set: tm_zone_left ...
    cellZoneSet tm_zone_left now size 67
Created cellSet vitreous_zone
    Applying source boxToCell
    Adding cells with centre within boxes 1((-0.008 -0.0015 -1e-05) (0.008 0.0074 0.001001))
    cellSet vitreous_zone now size 19682
Read set cellSet vitreous_zone size:19682
    Applying source boxToCell
    Removing cells with centre within boxes 1((0.00645 -0.005 -1e-05) (0.00718 -0.00424 0.001001))
    cellSet vitreous_zone now size 19682
Read set cellSet vitreous_zone size:19682
    Applying source boxToCell
    Removing cells with centre within boxes 1((-0.00718 -0.005 -1e-05) (-0.00645 -0.00424 0.001001))
    cellSet vitreous_zone now size 19682
Created cellZoneSet vitreous_zone
    Applying source setToCellZone
    Adding all cells from cell set: vitreous_zone ...
    cellZoneSet vitreous_zone now size 19682
Time = 100
    mesh not changed.
Created cellSet tm_zone
    Applying source boxToCell
    Adding cells with centre within boxes 1((0.00645 -0.005 -1e-05) (0.00718 -0.00424 0.001001))
    cellSet tm_zone now size 69
Created cellZoneSet tm_zone
    Applying source setToCellZone
    Adding all cells from cell set: tm_zone ...
    cellZoneSet tm_zone now size 69
Created cellSet tm_zone_left
    Applying source boxToCell
    Adding cells with centre within boxes 1((-0.00718 -0.005 -1e-05) (-0.00645 -0.00424 0.001001))
    cellSet tm_zone_left now size 67
Created cellZoneSet tm_zone_left
    Applying source setToCellZone
    Adding all cells from cell set: tm_zone_left ...
    cellZoneSet tm_zone_left now size 67
Created cellSet vitreous_zone
    Applying source boxToCell
    Adding cells with centre within boxes 1((-0.008 -0.0015 -1e-05) (0.008 0.0074 0.001001))
    cellSet vitreous_zone now size 19682
Read set cellSet vitreous_zone size:19682
    Applying source boxToCell
    Removing cells with centre within boxes 1((0.00645 -0.005 -1e-05) (0.00718 -0.00424 0.001001))
    cellSet vitreous_zone now size 19682
Read set cellSet vitreous_zone size:19682
    Applying source boxToCell
    Removing cells with centre within boxes 1((-0.00718 -0.005 -1e-05) (-0.00645 -0.00424 0.001001))
    cellSet vitreous_zone now size 19682
Created cellZoneSet vitreous_zone
    Applying source setToCellZone
    Adding all cells from cell set: vitreous_zone ...
    cellZoneSet vitreous_zone now size 19682
Time = 107
    mesh not changed.
Created cellSet tm_zone
    Applying source boxToCell
    Adding cells with centre within boxes 1((0.00645 -0.005 -1e-05) (0.00718 -0.00424 0.001001))
    cellSet tm_zone now size 69
Created cellZoneSet tm_zone
    Applying source setToCellZone
    Adding all cells from cell set: tm_zone ...
    cellZoneSet tm_zone now size 69
Created cellSet tm_zone_left
    Applying source boxToCell
    Adding cells with centre within boxes 1((-0.00718 -0.005 -1e-05) (-0.00645 -0.00424 0.001001))
    cellSet tm_zone_left now size 67
Created cellZoneSet tm_zone_left
    Applying source setToCellZone
    Adding all cells from cell set: tm_zone_left ...
    cellZoneSet tm_zone_left now size 67
Created cellSet vitreous_zone
    Applying source boxToCell
    Adding cells with centre within boxes 1((-0.008 -0.0015 -1e-05) (0.008 0.0074 0.001001))
    cellSet vitreous_zone now size 19682
Read set cellSet vitreous_zone size:19682
    Applying source boxToCell
    Removing cells with centre within boxes 1((0.00645 -0.005 -1e-05) (0.00718 -0.00424 0.001001))
    cellSet vitreous_zone now size 19682
Read set cellSet vitreous_zone size:19682
    Applying source boxToCell
    Removing cells with centre within boxes 1((-0.00718 -0.005 -1e-05) (-0.00645 -0.00424 0.001001))
    cellSet vitreous_zone now size 19682
Created cellZoneSet vitreous_zone
    Applying source setToCellZone
    Adding all cells from cell set: vitreous_zone ...
    cellZoneSet vitreous_zone now size 19682
Time = 150
    mesh not changed.
Created cellSet tm_zone
    Applying source boxToCell
    Adding cells with centre within boxes 1((0.00645 -0.005 -1e-05) (0.00718 -0.00424 0.001001))
    cellSet tm_zone now size 69
Created cellZoneSet tm_zone
    Applying source setToCellZone
    Adding all cells from cell set: tm_zone ...
    cellZoneSet tm_zone now size 69
Created cellSet tm_zone_left
    Applying source boxToCell
    Adding cells with centre within boxes 1((-0.00718 -0.005 -1e-05) (-0.00645 -0.00424 0.001001))
    cellSet tm_zone_left now size 67
Created cellZoneSet tm_zone_left
    Applying source setToCellZone
    Adding all cells from cell set: tm_zone_left ...
    cellZoneSet tm_zone_left now size 67
Created cellSet vitreous_zone
    Applying source boxToCell
    Adding cells with centre within boxes 1((-0.008 -0.0015 -1e-05) (0.008 0.0074 0.001001))
    cellSet vitreous_zone now size 19682
Read set cellSet vitreous_zone size:19682
    Applying source boxToCell
    Removing cells with centre within boxes 1((0.00645 -0.005 -1e-05) (0.00718 -0.00424 0.001001))
    cellSet vitreous_zone now size 19682
Read set cellSet vitreous_zone size:19682
    Applying source boxToCell
    Removing cells with centre within boxes 1((-0.00718 -0.005 -1e-05) (-0.00645 -0.00424 0.001001))
    cellSet vitreous_zone now size 19682
Created cellZoneSet vitreous_zone
    Applying source setToCellZone
    Adding all cells from cell set: vitreous_zone ...
    cellZoneSet vitreous_zone now size 19682
Time = 200
    mesh not changed.
Created cellSet tm_zone
    Applying source boxToCell
    Adding cells with centre within boxes 1((0.00645 -0.005 -1e-05) (0.00718 -0.00424 0.001001))
    cellSet tm_zone now size 69
Created cellZoneSet tm_zone
    Applying source setToCellZone
    Adding all cells from cell set: tm_zone ...
    cellZoneSet tm_zone now size 69
Created cellSet tm_zone_left
    Applying source boxToCell
    Adding cells with centre within boxes 1((-0.00718 -0.005 -1e-05) (-0.00645 -0.00424 0.001001))
    cellSet tm_zone_left now size 67
Created cellZoneSet tm_zone_left
    Applying source setToCellZone
    Adding all cells from cell set: tm_zone_left ...
    cellZoneSet tm_zone_left now size 67
Created cellSet vitreous_zone
    Applying source boxToCell
    Adding cells with centre within boxes 1((-0.008 -0.0015 -1e-05) (0.008 0.0074 0.001001))
    cellSet vitreous_zone now size 19682
Read set cellSet vitreous_zone size:19682
    Applying source boxToCell
    Removing cells with centre within boxes 1((0.00645 -0.005 -1e-05) (0.00718 -0.00424 0.001001))
    cellSet vitreous_zone now size 19682
Read set cellSet vitreous_zone size:19682
    Applying source boxToCell
    Removing cells with centre within boxes 1((-0.00718 -0.005 -1e-05) (-0.00645 -0.00424 0.001001))
    cellSet vitreous_zone now size 19682
Created cellZoneSet vitreous_zone
    Applying source setToCellZone
    Adding all cells from cell set: vitreous_zone ...
    cellZoneSet vitreous_zone now size 19682
Time = 242
    mesh not changed.
Created cellSet tm_zone
    Applying source boxToCell
    Adding cells with centre within boxes 1((0.00645 -0.005 -1e-05) (0.00718 -0.00424 0.001001))
    cellSet tm_zone now size 69
Created cellZoneSet tm_zone
    Applying source setToCellZone
    Adding all cells from cell set: tm_zone ...
    cellZoneSet tm_zone now size 69
Created cellSet tm_zone_left
    Applying source boxToCell
    Adding cells with centre within boxes 1((-0.00718 -0.005 -1e-05) (-0.00645 -0.00424 0.001001))
    cellSet tm_zone_left now size 67
Created cellZoneSet tm_zone_left
    Applying source setToCellZone
    Adding all cells from cell set: tm_zone_left ...
    cellZoneSet tm_zone_left now size 67
Created cellSet vitreous_zone
    Applying source boxToCell
    Adding cells with centre within boxes 1((-0.008 -0.0015 -1e-05) (0.008 0.0074 0.001001))
    cellSet vitreous_zone now size 19682
Read set cellSet vitreous_zone size:19682
    Applying source boxToCell
    Removing cells with centre within boxes 1((0.00645 -0.005 -1e-05) (0.00718 -0.00424 0.001001))
    cellSet vitreous_zone now size 19682
Read set cellSet vitreous_zone size:19682
    Applying source boxToCell
    Removing cells with centre within boxes 1((-0.00718 -0.005 -1e-05) (-0.00645 -0.00424 0.001001))
    cellSet vitreous_zone now size 19682
Created cellZoneSet vitreous_zone
    Applying source setToCellZone
    Adding all cells from cell set: vitreous_zone ...
    cellZoneSet vitreous_zone now size 19682
Time = 243
    mesh not changed.
Created cellSet tm_zone
    Applying source boxToCell
    Adding cells with centre within boxes 1((0.00645 -0.005 -1e-05) (0.00718 -0.00424 0.001001))
    cellSet tm_zone now size 69
Created cellZoneSet tm_zone
    Applying source setToCellZone
    Adding all cells from cell set: tm_zone ...
    cellZoneSet tm_zone now size 69
Created cellSet tm_zone_left
    Applying source boxToCell
    Adding cells with centre within boxes 1((-0.00718 -0.005 -1e-05) (-0.00645 -0.00424 0.001001))
    cellSet tm_zone_left now size 67
Created cellZoneSet tm_zone_left
    Applying source setToCellZone
    Adding all cells from cell set: tm_zone_left ...
    cellZoneSet tm_zone_left now size 67
Created cellSet vitreous_zone
    Applying source boxToCell
    Adding cells with centre within boxes 1((-0.008 -0.0015 -1e-05) (0.008 0.0074 0.001001))
    cellSet vitreous_zone now size 19682
Read set cellSet vitreous_zone size:19682
    Applying source boxToCell
    Removing cells with centre within boxes 1((0.00645 -0.005 -1e-05) (0.00718 -0.00424 0.001001))
    cellSet vitreous_zone now size 19682
Read set cellSet vitreous_zone size:19682
    Applying source boxToCell
    Removing cells with centre within boxes 1((-0.00718 -0.005 -1e-05) (-0.00645 -0.00424 0.001001))
    cellSet vitreous_zone now size 19682
Created cellZoneSet vitreous_zone
    Applying source setToCellZone
    Adding all cells from cell set: vitreous_zone ...
    cellZoneSet vitreous_zone now size 19682
Time = 245
    mesh not changed.
Created cellSet tm_zone
    Applying source boxToCell
    Adding cells with centre within boxes 1((0.00645 -0.005 -1e-05) (0.00718 -0.00424 0.001001))
    cellSet tm_zone now size 69
Created cellZoneSet tm_zone
    Applying source setToCellZone
    Adding all cells from cell set: tm_zone ...
    cellZoneSet tm_zone now size 69
Created cellSet tm_zone_left
    Applying source boxToCell
    Adding cells with centre within boxes 1((-0.00718 -0.005 -1e-05) (-0.00645 -0.00424 0.001001))
    cellSet tm_zone_left now size 67
Created cellZoneSet tm_zone_left
    Applying source setToCellZone
    Adding all cells from cell set: tm_zone_left ...
    cellZoneSet tm_zone_left now size 67
Created cellSet vitreous_zone
    Applying source boxToCell
    Adding cells with centre within boxes 1((-0.008 -0.0015 -1e-05) (0.008 0.0074 0.001001))
    cellSet vitreous_zone now size 19682
Read set cellSet vitreous_zone size:19682
    Applying source boxToCell
    Removing cells with centre within boxes 1((0.00645 -0.005 -1e-05) (0.00718 -0.00424 0.001001))
    cellSet vitreous_zone now size 19682
Read set cellSet vitreous_zone size:19682
    Applying source boxToCell
    Removing cells with centre within boxes 1((-0.00718 -0.005 -1e-05) (-0.00645 -0.00424 0.001001))
    cellSet vitreous_zone now size 19682
Created cellZoneSet vitreous_zone
    Applying source setToCellZone
    Adding all cells from cell set: vitreous_zone ...
    cellZoneSet vitreous_zone now size 19682
Time = 247
    mesh not changed.
Created cellSet tm_zone
    Applying source boxToCell
    Adding cells with centre within boxes 1((0.00645 -0.005 -1e-05) (0.00718 -0.00424 0.001001))
    cellSet tm_zone now size 69
Created cellZoneSet tm_zone
    Applying source setToCellZone
    Adding all cells from cell set: tm_zone ...
    cellZoneSet tm_zone now size 69
Created cellSet tm_zone_left
    Applying source boxToCell
    Adding cells with centre within boxes 1((-0.00718 -0.005 -1e-05) (-0.00645 -0.00424 0.001001))
    cellSet tm_zone_left now size 67
Created cellZoneSet tm_zone_left
    Applying source setToCellZone
    Adding all cells from cell set: tm_zone_left ...
    cellZoneSet tm_zone_left now size 67
Created cellSet vitreous_zone
    Applying source boxToCell
    Adding cells with centre within boxes 1((-0.008 -0.0015 -1e-05) (0.008 0.0074 0.001001))
    cellSet vitreous_zone now size 19682
Read set cellSet vitreous_zone size:19682
    Applying source boxToCell
    Removing cells with centre within boxes 1((0.00645 -0.005 -1e-05) (0.00718 -0.00424 0.001001))
    cellSet vitreous_zone now size 19682
Read set cellSet vitreous_zone size:19682
    Applying source boxToCell
    Removing cells with centre within boxes 1((-0.00718 -0.005 -1e-05) (-0.00645 -0.00424 0.001001))
    cellSet vitreous_zone now size 19682
Created cellZoneSet vitreous_zone
    Applying source setToCellZone
    Adding all cells from cell set: vitreous_zone ...
    cellZoneSet vitreous_zone now size 19682
Time = 250
    mesh not changed.
Created cellSet tm_zone
    Applying source boxToCell
    Adding cells with centre within boxes 1((0.00645 -0.005 -1e-05) (0.00718 -0.00424 0.001001))
    cellSet tm_zone now size 69
Created cellZoneSet tm_zone
    Applying source setToCellZone
    Adding all cells from cell set: tm_zone ...
    cellZoneSet tm_zone now size 69
Created cellSet tm_zone_left
    Applying source boxToCell
    Adding cells with centre within boxes 1((-0.00718 -0.005 -1e-05) (-0.00645 -0.00424 0.001001))
    cellSet tm_zone_left now size 67
Created cellZoneSet tm_zone_left
    Applying source setToCellZone
    Adding all cells from cell set: tm_zone_left ...
    cellZoneSet tm_zone_left now size 67
Created cellSet vitreous_zone
    Applying source boxToCell
    Adding cells with centre within boxes 1((-0.008 -0.0015 -1e-05) (0.008 0.0074 0.001001))
    cellSet vitreous_zone now size 19682
Read set cellSet vitreous_zone size:19682
    Applying source boxToCell
    Removing cells with centre within boxes 1((0.00645 -0.005 -1e-05) (0.00718 -0.00424 0.001001))
    cellSet vitreous_zone now size 19682
Read set cellSet vitreous_zone size:19682
    Applying source boxToCell
    Removing cells with centre within boxes 1((-0.00718 -0.005 -1e-05) (-0.00645 -0.00424 0.001001))
    cellSet vitreous_zone now size 19682
Created cellZoneSet vitreous_zone
    Applying source setToCellZone
    Adding all cells from cell set: vitreous_zone ...
    cellZoneSet vitreous_zone now size 19682
Time = 251
    mesh not changed.
Created cellSet tm_zone
    Applying source boxToCell
    Adding cells with centre within boxes 1((0.00645 -0.005 -1e-05) (0.00718 -0.00424 0.001001))
    cellSet tm_zone now size 69
Created cellZoneSet tm_zone
    Applying source setToCellZone
    Adding all cells from cell set: tm_zone ...
    cellZoneSet tm_zone now size 69
Created cellSet tm_zone_left
    Applying source boxToCell
    Adding cells with centre within boxes 1((-0.00718 -0.005 -1e-05) (-0.00645 -0.00424 0.001001))
    cellSet tm_zone_left now size 67
Created cellZoneSet tm_zone_left
    Applying source setToCellZone
    Adding all cells from cell set: tm_zone_left ...
    cellZoneSet tm_zone_left now size 67
Created cellSet vitreous_zone
    Applying source boxToCell
    Adding cells with centre within boxes 1((-0.008 -0.0015 -1e-05) (0.008 0.0074 0.001001))
    cellSet vitreous_zone now size 19682
Read set cellSet vitreous_zone size:19682
    Applying source boxToCell
    Removing cells with centre within boxes 1((0.00645 -0.005 -1e-05) (0.00718 -0.00424 0.001001))
    cellSet vitreous_zone now size 19682
Read set cellSet vitreous_zone size:19682
    Applying source boxToCell
    Removing cells with centre within boxes 1((-0.00718 -0.005 -1e-05) (-0.00645 -0.00424 0.001001))
    cellSet vitreous_zone now size 19682
Created cellZoneSet vitreous_zone
    Applying source setToCellZone
    Adding all cells from cell set: vitreous_zone ...
    cellZoneSet vitreous_zone now size 19682
Time = 254
    mesh not changed.
Created cellSet tm_zone
    Applying source boxToCell
    Adding cells with centre within boxes 1((0.00645 -0.005 -1e-05) (0.00718 -0.00424 0.001001))
    cellSet tm_zone now size 69
Created cellZoneSet tm_zone
    Applying source setToCellZone
    Adding all cells from cell set: tm_zone ...
    cellZoneSet tm_zone now size 69
Created cellSet tm_zone_left
    Applying source boxToCell
    Adding cells with centre within boxes 1((-0.00718 -0.005 -1e-05) (-0.00645 -0.00424 0.001001))
    cellSet tm_zone_left now size 67
Created cellZoneSet tm_zone_left
    Applying source setToCellZone
    Adding all cells from cell set: tm_zone_left ...
    cellZoneSet tm_zone_left now size 67
Created cellSet vitreous_zone
    Applying source boxToCell
    Adding cells with centre within boxes 1((-0.008 -0.0015 -1e-05) (0.008 0.0074 0.001001))
    cellSet vitreous_zone now size 19682
Read set cellSet vitreous_zone size:19682
    Applying source boxToCell
    Removing cells with centre within boxes 1((0.00645 -0.005 -1e-05) (0.00718 -0.00424 0.001001))
    cellSet vitreous_zone now size 19682
Read set cellSet vitreous_zone size:19682
    Applying source boxToCell
    Removing cells with centre within boxes 1((-0.00718 -0.005 -1e-05) (-0.00645 -0.00424 0.001001))
    cellSet vitreous_zone now size 19682
Created cellZoneSet vitreous_zone
    Applying source setToCellZone
    Adding all cells from cell set: vitreous_zone ...
    cellZoneSet vitreous_zone now size 19682
Time = 300
    mesh not changed.
Created cellSet tm_zone
    Applying source boxToCell
    Adding cells with centre within boxes 1((0.00645 -0.005 -1e-05) (0.00718 -0.00424 0.001001))
    cellSet tm_zone now size 69
Created cellZoneSet tm_zone
    Applying source setToCellZone
    Adding all cells from cell set: tm_zone ...
    cellZoneSet tm_zone now size 69
Created cellSet tm_zone_left
    Applying source boxToCell
    Adding cells with centre within boxes 1((-0.00718 -0.005 -1e-05) (-0.00645 -0.00424 0.001001))
    cellSet tm_zone_left now size 67
Created cellZoneSet tm_zone_left
    Applying source setToCellZone
    Adding all cells from cell set: tm_zone_left ...
    cellZoneSet tm_zone_left now size 67
Created cellSet vitreous_zone
    Applying source boxToCell
    Adding cells with centre within boxes 1((-0.008 -0.0015 -1e-05) (0.008 0.0074 0.001001))
    cellSet vitreous_zone now size 19682
Read set cellSet vitreous_zone size:19682
    Applying source boxToCell
    Removing cells with centre within boxes 1((0.00645 -0.005 -1e-05) (0.00718 -0.00424 0.001001))
    cellSet vitreous_zone now size 19682
Read set cellSet vitreous_zone size:19682
    Applying source boxToCell
    Removing cells with centre within boxes 1((-0.00718 -0.005 -1e-05) (-0.00645 -0.00424 0.001001))
    cellSet vitreous_zone now size 19682
Created cellZoneSet vitreous_zone
    Applying source setToCellZone
    Adding all cells from cell set: vitreous_zone ...
    cellZoneSet vitreous_zone now size 19682
Time = 350
    mesh not changed.
Created cellSet tm_zone
    Applying source boxToCell
    Adding cells with centre within boxes 1((0.00645 -0.005 -1e-05) (0.00718 -0.00424 0.001001))
    cellSet tm_zone now size 69
Created cellZoneSet tm_zone
    Applying source setToCellZone
    Adding all cells from cell set: tm_zone ...
    cellZoneSet tm_zone now size 69
Created cellSet tm_zone_left
    Applying source boxToCell
    Adding cells with centre within boxes 1((-0.00718 -0.005 -1e-05) (-0.00645 -0.00424 0.001001))
    cellSet tm_zone_left now size 67
Created cellZoneSet tm_zone_left
    Applying source setToCellZone
    Adding all cells from cell set: tm_zone_left ...
    cellZoneSet tm_zone_left now size 67
Created cellSet vitreous_zone
    Applying source boxToCell
    Adding cells with centre within boxes 1((-0.008 -0.0015 -1e-05) (0.008 0.0074 0.001001))
    cellSet vitreous_zone now size 19682
Read set cellSet vitreous_zone size:19682
    Applying source boxToCell
    Removing cells with centre within boxes 1((0.00645 -0.005 -1e-05) (0.00718 -0.00424 0.001001))
    cellSet vitreous_zone now size 19682
Read set cellSet vitreous_zone size:19682
    Applying source boxToCell
    Removing cells with centre within boxes 1((-0.00718 -0.005 -1e-05) (-0.00645 -0.00424 0.001001))
    cellSet vitreous_zone now size 19682
Created cellZoneSet vitreous_zone
    Applying source setToCellZone
    Adding all cells from cell set: vitreous_zone ...
    cellZoneSet vitreous_zone now size 19682
Time = 400
    mesh not changed.
Created cellSet tm_zone
    Applying source boxToCell
    Adding cells with centre within boxes 1((0.00645 -0.005 -1e-05) (0.00718 -0.00424 0.001001))
    cellSet tm_zone now size 69
Created cellZoneSet tm_zone
    Applying source setToCellZone
    Adding all cells from cell set: tm_zone ...
    cellZoneSet tm_zone now size 69
Created cellSet tm_zone_left
    Applying source boxToCell
    Adding cells with centre within boxes 1((-0.00718 -0.005 -1e-05) (-0.00645 -0.00424 0.001001))
    cellSet tm_zone_left now size 67
Created cellZoneSet tm_zone_left
    Applying source setToCellZone
    Adding all cells from cell set: tm_zone_left ...
    cellZoneSet tm_zone_left now size 67
Created cellSet vitreous_zone
    Applying source boxToCell
    Adding cells with centre within boxes 1((-0.008 -0.0015 -1e-05) (0.008 0.0074 0.001001))
    cellSet vitreous_zone now size 19682
Read set cellSet vitreous_zone size:19682
    Applying source boxToCell
    Removing cells with centre within boxes 1((0.00645 -0.005 -1e-05) (0.00718 -0.00424 0.001001))
    cellSet vitreous_zone now size 19682
Read set cellSet vitreous_zone size:19682
    Applying source boxToCell
    Removing cells with centre within boxes 1((-0.00718 -0.005 -1e-05) (-0.00645 -0.00424 0.001001))
    cellSet vitreous_zone now size 19682
Created cellZoneSet vitreous_zone
    Applying source setToCellZone
    Adding all cells from cell set: vitreous_zone ...
    cellZoneSet vitreous_zone now size 19682
Time = 450
    mesh not changed.
Created cellSet tm_zone
    Applying source boxToCell
    Adding cells with centre within boxes 1((0.00645 -0.005 -1e-05) (0.00718 -0.00424 0.001001))
    cellSet tm_zone now size 69
Created cellZoneSet tm_zone
    Applying source setToCellZone
    Adding all cells from cell set: tm_zone ...
    cellZoneSet tm_zone now size 69
Created cellSet tm_zone_left
    Applying source boxToCell
    Adding cells with centre within boxes 1((-0.00718 -0.005 -1e-05) (-0.00645 -0.00424 0.001001))
    cellSet tm_zone_left now size 67
Created cellZoneSet tm_zone_left
    Applying source setToCellZone
    Adding all cells from cell set: tm_zone_left ...
    cellZoneSet tm_zone_left now size 67
Created cellSet vitreous_zone
    Applying source boxToCell
    Adding cells with centre within boxes 1((-0.008 -0.0015 -1e-05) (0.008 0.0074 0.001001))
    cellSet vitreous_zone now size 19682
Read set cellSet vitreous_zone size:19682
    Applying source boxToCell
    Removing cells with centre within boxes 1((0.00645 -0.005 -1e-05) (0.00718 -0.00424 0.001001))
    cellSet vitreous_zone now size 19682
Read set cellSet vitreous_zone size:19682
    Applying source boxToCell
    Removing cells with centre within boxes 1((-0.00718 -0.005 -1e-05) (-0.00645 -0.00424 0.001001))
    cellSet vitreous_zone now size 19682
Created cellZoneSet vitreous_zone
    Applying source setToCellZone
    Adding all cells from cell set: vitreous_zone ...
    cellZoneSet vitreous_zone now size 19682
Time = 500
    mesh not changed.
Created cellSet tm_zone
    Applying source boxToCell
    Adding cells with centre within boxes 1((0.00645 -0.005 -1e-05) (0.00718 -0.00424 0.001001))
    cellSet tm_zone now size 69
Created cellZoneSet tm_zone
    Applying source setToCellZone
    Adding all cells from cell set: tm_zone ...
    cellZoneSet tm_zone now size 69
Created cellSet tm_zone_left
    Applying source boxToCell
    Adding cells with centre within boxes 1((-0.00718 -0.005 -1e-05) (-0.00645 -0.00424 0.001001))
    cellSet tm_zone_left now size 67
Created cellZoneSet tm_zone_left
    Applying source setToCellZone
    Adding all cells from cell set: tm_zone_left ...
    cellZoneSet tm_zone_left now size 67
Created cellSet vitreous_zone
    Applying source boxToCell
    Adding cells with centre within boxes 1((-0.008 -0.0015 -1e-05) (0.008 0.0074 0.001001))
    cellSet vitreous_zone now size 19682
Read set cellSet vitreous_zone size:19682
    Applying source boxToCell
    Removing cells with centre within boxes 1((0.00645 -0.005 -1e-05) (0.00718 -0.00424 0.001001))
    cellSet vitreous_zone now size 19682
Read set cellSet vitreous_zone size:19682
    Applying source boxToCell
    Removing cells with centre within boxes 1((-0.00718 -0.005 -1e-05) (-0.00645 -0.00424 0.001001))
    cellSet vitreous_zone now size 19682
Created cellZoneSet vitreous_zone
    Applying source setToCellZone
    Adding all cells from cell set: vitreous_zone ...
    cellZoneSet vitreous_zone now size 19682

End

=== createPatch (front/back + outlets + inlets) ===
/*---------------------------------------------------------------------------*\
| =========                 |                                                 |
| \\      /  F ield         | OpenFOAM: The Open Source CFD Toolbox           |
|  \\    /   O peration     | Version:  2512                                  |
|   \\  /    A nd           | Website:  www.openfoam.com                      |
|    \\/     M anipulation  |                                                 |
\*---------------------------------------------------------------------------*/
Build  : _bd2b6720-20260127 OPENFOAM=2512 version=2512
Arch   : "LSB;label=32;scalar=64"
Exec   : topoSet -dict system/topoSetDict.frontBack -constant
Date   : Jul 16 2026
Time   : 02:00:07
Host   : 830cb3dbabb0
PID    : 234
I/O    : uncollated
Case   : /simulation/doc-g1-sim1/fluid
nProcs : 1
trapFpe: Floating point exception trapping enabled (FOAM_SIGFPE).
memory pool : not available
fileModificationChecking : Monitoring run-time modified files using timeStampMaster (fileModificationSkew 5, maxFileModificationPolls 20)
allowSystemOperations : Allowing user-supplied system call operations

// * * * * * * * * * * * * * * * * * * * * * * * * * * * * * * * * * * * * * //
Create time

Create polyMesh for time = constant

Reading topoSetDict.frontBack

Time = constant
    mesh not changed.
Created faceSet frontFaces
    Applying source patchToFace
    Adding all faces of patches: (defaultFaces) ...
    Found matching patch defaultFaces with 82484 faces
    faceSet frontFaces now size 82484
Read set faceSet frontFaces size:82484
    Applying source normalToFace
    Adding faces according to normal being aligned with (0 0 1) (to within 0.1) ...
    faceSet frontFaces now size 41242
Created faceSet backFaces
    Applying source patchToFace
    Adding all faces of patches: (defaultFaces) ...
    Found matching patch defaultFaces with 82484 faces
    faceSet backFaces now size 82484
Read set faceSet backFaces size:82484
    Applying source normalToFace
    Adding faces according to normal being aligned with (0 0 -1) (to within 0.1) ...
    faceSet backFaces now size 41242
Time = 0
    mesh not changed.
Created faceSet frontFaces
    Applying source patchToFace
    Adding all faces of patches: (defaultFaces) ...
    Found matching patch defaultFaces with 82484 faces
    faceSet frontFaces now size 82484
Read set faceSet frontFaces size:82484
    Applying source normalToFace
    Adding faces according to normal being aligned with (0 0 1) (to within 0.1) ...
    faceSet frontFaces now size 41242
Created faceSet backFaces
    Applying source patchToFace
    Adding all faces of patches: (defaultFaces) ...
    Found matching patch defaultFaces with 82484 faces
    faceSet backFaces now size 82484
Read set faceSet backFaces size:82484
    Applying source normalToFace
    Adding faces according to normal being aligned with (0 0 -1) (to within 0.1) ...
    faceSet backFaces now size 41242
Time = 48
    mesh not changed.
Created faceSet frontFaces
    Applying source patchToFace
    Adding all faces of patches: (defaultFaces) ...
    Found matching patch defaultFaces with 82484 faces
    faceSet frontFaces now size 82484
Read set faceSet frontFaces size:82484
    Applying source normalToFace
    Adding faces according to normal being aligned with (0 0 1) (to within 0.1) ...
    faceSet frontFaces now size 41242
Created faceSet backFaces
    Applying source patchToFace
    Adding all faces of patches: (defaultFaces) ...
    Found matching patch defaultFaces with 82484 faces
    faceSet backFaces now size 82484
Read set faceSet backFaces size:82484
    Applying source normalToFace
    Adding faces according to normal being aligned with (0 0 -1) (to within 0.1) ...
    faceSet backFaces now size 41242
Time = 50
    mesh not changed.
Created faceSet frontFaces
    Applying source patchToFace
    Adding all faces of patches: (defaultFaces) ...
    Found matching patch defaultFaces with 82484 faces
    faceSet frontFaces now size 82484
Read set faceSet frontFaces size:82484
    Applying source normalToFace
    Adding faces according to normal being aligned with (0 0 1) (to within 0.1) ...
    faceSet frontFaces now size 41242
Created faceSet backFaces
    Applying source patchToFace
    Adding all faces of patches: (defaultFaces) ...
    Found matching patch defaultFaces with 82484 faces
    faceSet backFaces now size 82484
Read set faceSet backFaces size:82484
    Applying source normalToFace
    Adding faces according to normal being aligned with (0 0 -1) (to within 0.1) ...
    faceSet backFaces now size 41242
Time = 76
    mesh not changed.
Created faceSet frontFaces
    Applying source patchToFace
    Adding all faces of patches: (defaultFaces) ...
    Found matching patch defaultFaces with 82484 faces
    faceSet frontFaces now size 82484
Read set faceSet frontFaces size:82484
    Applying source normalToFace
    Adding faces according to normal being aligned with (0 0 1) (to within 0.1) ...
    faceSet frontFaces now size 41242
Created faceSet backFaces
    Applying source patchToFace
    Adding all faces of patches: (defaultFaces) ...
    Found matching patch defaultFaces with 82484 faces
    faceSet backFaces now size 82484
Read set faceSet backFaces size:82484
    Applying source normalToFace
    Adding faces according to normal being aligned with (0 0 -1) (to within 0.1) ...
    faceSet backFaces now size 41242
Time = 90
    mesh not changed.
Created faceSet frontFaces
    Applying source patchToFace
    Adding all faces of patches: (defaultFaces) ...
    Found matching patch defaultFaces with 82484 faces
    faceSet frontFaces now size 82484
Read set faceSet frontFaces size:82484
    Applying source normalToFace
    Adding faces according to normal being aligned with (0 0 1) (to within 0.1) ...
    faceSet frontFaces now size 41242
Created faceSet backFaces
    Applying source patchToFace
    Adding all faces of patches: (defaultFaces) ...
    Found matching patch defaultFaces with 82484 faces
    faceSet backFaces now size 82484
Read set faceSet backFaces size:82484
    Applying source normalToFace
    Adding faces according to normal being aligned with (0 0 -1) (to within 0.1) ...
    faceSet backFaces now size 41242
Time = 98
    mesh not changed.
Created faceSet frontFaces
    Applying source patchToFace
    Adding all faces of patches: (defaultFaces) ...
    Found matching patch defaultFaces with 82484 faces
    faceSet frontFaces now size 82484
Read set faceSet frontFaces size:82484
    Applying source normalToFace
    Adding faces according to normal being aligned with (0 0 1) (to within 0.1) ...
    faceSet frontFaces now size 41242
Created faceSet backFaces
    Applying source patchToFace
    Adding all faces of patches: (defaultFaces) ...
    Found matching patch defaultFaces with 82484 faces
    faceSet backFaces now size 82484
Read set faceSet backFaces size:82484
    Applying source normalToFace
    Adding faces according to normal being aligned with (0 0 -1) (to within 0.1) ...
    faceSet backFaces now size 41242
Time = 100
    mesh not changed.
Created faceSet frontFaces
    Applying source patchToFace
    Adding all faces of patches: (defaultFaces) ...
    Found matching patch defaultFaces with 82484 faces
    faceSet frontFaces now size 82484
Read set faceSet frontFaces size:82484
    Applying source normalToFace
    Adding faces according to normal being aligned with (0 0 1) (to within 0.1) ...
    faceSet frontFaces now size 41242
Created faceSet backFaces
    Applying source patchToFace
    Adding all faces of patches: (defaultFaces) ...
    Found matching patch defaultFaces with 82484 faces
    faceSet backFaces now size 82484
Read set faceSet backFaces size:82484
    Applying source normalToFace
    Adding faces according to normal being aligned with (0 0 -1) (to within 0.1) ...
    faceSet backFaces now size 41242
Time = 107
    mesh not changed.
Created faceSet frontFaces
    Applying source patchToFace
    Adding all faces of patches: (defaultFaces) ...
    Found matching patch defaultFaces with 82484 faces
    faceSet frontFaces now size 82484
Read set faceSet frontFaces size:82484
    Applying source normalToFace
    Adding faces according to normal being aligned with (0 0 1) (to within 0.1) ...
    faceSet frontFaces now size 41242
Created faceSet backFaces
    Applying source patchToFace
    Adding all faces of patches: (defaultFaces) ...
    Found matching patch defaultFaces with 82484 faces
    faceSet backFaces now size 82484
Read set faceSet backFaces size:82484
    Applying source normalToFace
    Adding faces according to normal being aligned with (0 0 -1) (to within 0.1) ...
    faceSet backFaces now size 41242
Time = 150
    mesh not changed.
Created faceSet frontFaces
    Applying source patchToFace
    Adding all faces of patches: (defaultFaces) ...
    Found matching patch defaultFaces with 82484 faces
    faceSet frontFaces now size 82484
Read set faceSet frontFaces size:82484
    Applying source normalToFace
    Adding faces according to normal being aligned with (0 0 1) (to within 0.1) ...
    faceSet frontFaces now size 41242
Created faceSet backFaces
    Applying source patchToFace
    Adding all faces of patches: (defaultFaces) ...
    Found matching patch defaultFaces with 82484 faces
    faceSet backFaces now size 82484
Read set faceSet backFaces size:82484
    Applying source normalToFace
    Adding faces according to normal being aligned with (0 0 -1) (to within 0.1) ...
    faceSet backFaces now size 41242
Time = 200
    mesh not changed.
Created faceSet frontFaces
    Applying source patchToFace
    Adding all faces of patches: (defaultFaces) ...
    Found matching patch defaultFaces with 82484 faces
    faceSet frontFaces now size 82484
Read set faceSet frontFaces size:82484
    Applying source normalToFace
    Adding faces according to normal being aligned with (0 0 1) (to within 0.1) ...
    faceSet frontFaces now size 41242
Created faceSet backFaces
    Applying source patchToFace
    Adding all faces of patches: (defaultFaces) ...
    Found matching patch defaultFaces with 82484 faces
    faceSet backFaces now size 82484
Read set faceSet backFaces size:82484
    Applying source normalToFace
    Adding faces according to normal being aligned with (0 0 -1) (to within 0.1) ...
    faceSet backFaces now size 41242
Time = 242
    mesh not changed.
Created faceSet frontFaces
    Applying source patchToFace
    Adding all faces of patches: (defaultFaces) ...
    Found matching patch defaultFaces with 82484 faces
    faceSet frontFaces now size 82484
Read set faceSet frontFaces size:82484
    Applying source normalToFace
    Adding faces according to normal being aligned with (0 0 1) (to within 0.1) ...
    faceSet frontFaces now size 41242
Created faceSet backFaces
    Applying source patchToFace
    Adding all faces of patches: (defaultFaces) ...
    Found matching patch defaultFaces with 82484 faces
    faceSet backFaces now size 82484
Read set faceSet backFaces size:82484
    Applying source normalToFace
    Adding faces according to normal being aligned with (0 0 -1) (to within 0.1) ...
    faceSet backFaces now size 41242
Time = 243
    mesh not changed.
Created faceSet frontFaces
    Applying source patchToFace
    Adding all faces of patches: (defaultFaces) ...
    Found matching patch defaultFaces with 82484 faces
    faceSet frontFaces now size 82484
Read set faceSet frontFaces size:82484
    Applying source normalToFace
    Adding faces according to normal being aligned with (0 0 1) (to within 0.1) ...
    faceSet frontFaces now size 41242
Created faceSet backFaces
    Applying source patchToFace
    Adding all faces of patches: (defaultFaces) ...
    Found matching patch defaultFaces with 82484 faces
    faceSet backFaces now size 82484
Read set faceSet backFaces size:82484
    Applying source normalToFace
    Adding faces according to normal being aligned with (0 0 -1) (to within 0.1) ...
    faceSet backFaces now size 41242
Time = 245
    mesh not changed.
Created faceSet frontFaces
    Applying source patchToFace
    Adding all faces of patches: (defaultFaces) ...
    Found matching patch defaultFaces with 82484 faces
    faceSet frontFaces now size 82484
Read set faceSet frontFaces size:82484
    Applying source normalToFace
    Adding faces according to normal being aligned with (0 0 1) (to within 0.1) ...
    faceSet frontFaces now size 41242
Created faceSet backFaces
    Applying source patchToFace
    Adding all faces of patches: (defaultFaces) ...
    Found matching patch defaultFaces with 82484 faces
    faceSet backFaces now size 82484
Read set faceSet backFaces size:82484
    Applying source normalToFace
    Adding faces according to normal being aligned with (0 0 -1) (to within 0.1) ...
    faceSet backFaces now size 41242
Time = 247
    mesh not changed.
Created faceSet frontFaces
    Applying source patchToFace
    Adding all faces of patches: (defaultFaces) ...
    Found matching patch defaultFaces with 82484 faces
    faceSet frontFaces now size 82484
Read set faceSet frontFaces size:82484
    Applying source normalToFace
    Adding faces according to normal being aligned with (0 0 1) (to within 0.1) ...
    faceSet frontFaces now size 41242
Created faceSet backFaces
    Applying source patchToFace
    Adding all faces of patches: (defaultFaces) ...
    Found matching patch defaultFaces with 82484 faces
    faceSet backFaces now size 82484
Read set faceSet backFaces size:82484
    Applying source normalToFace
    Adding faces according to normal being aligned with (0 0 -1) (to within 0.1) ...
    faceSet backFaces now size 41242
Time = 250
    mesh not changed.
Created faceSet frontFaces
    Applying source patchToFace
    Adding all faces of patches: (defaultFaces) ...
    Found matching patch defaultFaces with 82484 faces
    faceSet frontFaces now size 82484
Read set faceSet frontFaces size:82484
    Applying source normalToFace
    Adding faces according to normal being aligned with (0 0 1) (to within 0.1) ...
    faceSet frontFaces now size 41242
Created faceSet backFaces
    Applying source patchToFace
    Adding all faces of patches: (defaultFaces) ...
    Found matching patch defaultFaces with 82484 faces
    faceSet backFaces now size 82484
Read set faceSet backFaces size:82484
    Applying source normalToFace
    Adding faces according to normal being aligned with (0 0 -1) (to within 0.1) ...
    faceSet backFaces now size 41242
Time = 251
    mesh not changed.
Created faceSet frontFaces
    Applying source patchToFace
    Adding all faces of patches: (defaultFaces) ...
    Found matching patch defaultFaces with 82484 faces
    faceSet frontFaces now size 82484
Read set faceSet frontFaces size:82484
    Applying source normalToFace
    Adding faces according to normal being aligned with (0 0 1) (to within 0.1) ...
    faceSet frontFaces now size 41242
Created faceSet backFaces
    Applying source patchToFace
    Adding all faces of patches: (defaultFaces) ...
    Found matching patch defaultFaces with 82484 faces
    faceSet backFaces now size 82484
Read set faceSet backFaces size:82484
    Applying source normalToFace
    Adding faces according to normal being aligned with (0 0 -1) (to within 0.1) ...
    faceSet backFaces now size 41242
Time = 254
    mesh not changed.
Created faceSet frontFaces
    Applying source patchToFace
    Adding all faces of patches: (defaultFaces) ...
    Found matching patch defaultFaces with 82484 faces
    faceSet frontFaces now size 82484
Read set faceSet frontFaces size:82484
    Applying source normalToFace
    Adding faces according to normal being aligned with (0 0 1) (to within 0.1) ...
    faceSet frontFaces now size 41242
Created faceSet backFaces
    Applying source patchToFace
    Adding all faces of patches: (defaultFaces) ...
    Found matching patch defaultFaces with 82484 faces
    faceSet backFaces now size 82484
Read set faceSet backFaces size:82484
    Applying source normalToFace
    Adding faces according to normal being aligned with (0 0 -1) (to within 0.1) ...
    faceSet backFaces now size 41242
Time = 300
    mesh not changed.
Created faceSet frontFaces
    Applying source patchToFace
    Adding all faces of patches: (defaultFaces) ...
    Found matching patch defaultFaces with 82484 faces
    faceSet frontFaces now size 82484
Read set faceSet frontFaces size:82484
    Applying source normalToFace
    Adding faces according to normal being aligned with (0 0 1) (to within 0.1) ...
    faceSet frontFaces now size 41242
Created faceSet backFaces
    Applying source patchToFace
    Adding all faces of patches: (defaultFaces) ...
    Found matching patch defaultFaces with 82484 faces
    faceSet backFaces now size 82484
Read set faceSet backFaces size:82484
    Applying source normalToFace
    Adding faces according to normal being aligned with (0 0 -1) (to within 0.1) ...
    faceSet backFaces now size 41242
Time = 350
    mesh not changed.
Created faceSet frontFaces
    Applying source patchToFace
    Adding all faces of patches: (defaultFaces) ...
    Found matching patch defaultFaces with 82484 faces
    faceSet frontFaces now size 82484
Read set faceSet frontFaces size:82484
    Applying source normalToFace
    Adding faces according to normal being aligned with (0 0 1) (to within 0.1) ...
    faceSet frontFaces now size 41242
Created faceSet backFaces
    Applying source patchToFace
    Adding all faces of patches: (defaultFaces) ...
    Found matching patch defaultFaces with 82484 faces
    faceSet backFaces now size 82484
Read set faceSet backFaces size:82484
    Applying source normalToFace
    Adding faces according to normal being aligned with (0 0 -1) (to within 0.1) ...
    faceSet backFaces now size 41242
Time = 400
    mesh not changed.
Created faceSet frontFaces
    Applying source patchToFace
    Adding all faces of patches: (defaultFaces) ...
    Found matching patch defaultFaces with 82484 faces
    faceSet frontFaces now size 82484
Read set faceSet frontFaces size:82484
    Applying source normalToFace
    Adding faces according to normal being aligned with (0 0 1) (to within 0.1) ...
    faceSet frontFaces now size 41242
Created faceSet backFaces
    Applying source patchToFace
    Adding all faces of patches: (defaultFaces) ...
    Found matching patch defaultFaces with 82484 faces
    faceSet backFaces now size 82484
Read set faceSet backFaces size:82484
    Applying source normalToFace
    Adding faces according to normal being aligned with (0 0 -1) (to within 0.1) ...
    faceSet backFaces now size 41242
Time = 450
    mesh not changed.
Created faceSet frontFaces
    Applying source patchToFace
    Adding all faces of patches: (defaultFaces) ...
    Found matching patch defaultFaces with 82484 faces
    faceSet frontFaces now size 82484
Read set faceSet frontFaces size:82484
    Applying source normalToFace
    Adding faces according to normal being aligned with (0 0 1) (to within 0.1) ...
    faceSet frontFaces now size 41242
Created faceSet backFaces
    Applying source patchToFace
    Adding all faces of patches: (defaultFaces) ...
    Found matching patch defaultFaces with 82484 faces
    faceSet backFaces now size 82484
Read set faceSet backFaces size:82484
    Applying source normalToFace
    Adding faces according to normal being aligned with (0 0 -1) (to within 0.1) ...
    faceSet backFaces now size 41242
Time = 500
    mesh not changed.
Created faceSet frontFaces
    Applying source patchToFace
    Adding all faces of patches: (defaultFaces) ...
    Found matching patch defaultFaces with 82484 faces
    faceSet frontFaces now size 82484
Read set faceSet frontFaces size:82484
    Applying source normalToFace
    Adding faces according to normal being aligned with (0 0 1) (to within 0.1) ...
    faceSet frontFaces now size 41242
Created faceSet backFaces
    Applying source patchToFace
    Adding all faces of patches: (defaultFaces) ...
    Found matching patch defaultFaces with 82484 faces
    faceSet backFaces now size 82484
Read set faceSet backFaces size:82484
    Applying source normalToFace
    Adding faces according to normal being aligned with (0 0 -1) (to within 0.1) ...
    faceSet backFaces now size 41242

End

/*---------------------------------------------------------------------------*\
| =========                 |                                                 |
| \\      /  F ield         | OpenFOAM: The Open Source CFD Toolbox           |
|  \\    /   O peration     | Version:  2512                                  |
|   \\  /    A nd           | Website:  www.openfoam.com                      |
|    \\/     M anipulation  |                                                 |
\*---------------------------------------------------------------------------*/
Build  : _bd2b6720-20260127 OPENFOAM=2512 version=2512
Arch   : "LSB;label=32;scalar=64"
Exec   : topoSet -dict system/topoSetDict.splitWall -constant
Date   : Jul 16 2026
Time   : 02:00:11
Host   : 830cb3dbabb0
PID    : 237
I/O    : uncollated
Case   : /simulation/doc-g1-sim1/fluid
nProcs : 1
trapFpe: Floating point exception trapping enabled (FOAM_SIGFPE).
memory pool : not available
fileModificationChecking : Monitoring run-time modified files using timeStampMaster (fileModificationSkew 5, maxFileModificationPolls 20)
allowSystemOperations : Allowing user-supplied system call operations

// * * * * * * * * * * * * * * * * * * * * * * * * * * * * * * * * * * * * * //
Create time

Create polyMesh for time = constant

Reading topoSetDict.splitWall

Time = constant
    mesh not changed.
Created faceSet outlet_tm_faces
    Applying source patchToFace
    Adding all faces of patches: (outlet_tm) ...
    Found matching patch outlet_tm with 6 faces
    faceSet outlet_tm_faces now size 6
Read set faceSet outlet_tm_faces size:6
    Applying source patchToFace
    Adding all faces of patches: (wall) ...
    Found matching patch wall with 554 faces
    faceSet outlet_tm_faces now size 560
Read set faceSet outlet_tm_faces size:560
    Applying source patchToFace
    Adding all faces of patches: (iris_wall) ...
    Found matching patch iris_wall with 240 faces
    faceSet outlet_tm_faces now size 800
Read set faceSet outlet_tm_faces size:800
    Applying source patchToFace
    Adding all faces of patches: (demote_wall) ...
--> FOAM Warning : 
    From Foam::labelHashSet Foam::polyBoundaryMesh::patchSet(const Foam::UList<Foam::wordRe>&, bool, bool) const
    in file meshes/polyMesh/polyBoundaryMesh/polyBoundaryMesh.C at line 1158
    Cannot find any patch names matching demote_wall
--> FOAM Warning : 
    From void Foam::patchToFace::combine(Foam::topoSet&, bool) const
    in file topoSet/faceSources/patchToFace/patchToFace.C at line 96
    Cannot find any patches matching (demote_wall)
Valid names: (wall iris_wall outlet_tm lens_wall ac_inlet ac_inlet_left outlet_tm_left defaultFaces)
    faceSet outlet_tm_faces now size 800
Read set faceSet outlet_tm_faces size:800
    Applying source boxToFace
    Adding faces with centre within boxes 1((0.00665 -0.00485 -1e-05) (0.00698 -0.00445 0.001001))
    faceSet outlet_tm_faces now size 4
Created faceSet outlet_tm_left_faces
    Applying source patchToFace
    Adding all faces of patches: (outlet_tm_left) ...
    Found matching patch outlet_tm_left with 6 faces
    faceSet outlet_tm_left_faces now size 6
Read set faceSet outlet_tm_left_faces size:6
    Applying source patchToFace
    Adding all faces of patches: (wall) ...
    Found matching patch wall with 554 faces
    faceSet outlet_tm_left_faces now size 560
Read set faceSet outlet_tm_left_faces size:560
    Applying source patchToFace
    Adding all faces of patches: (iris_wall) ...
    Found matching patch iris_wall with 240 faces
    faceSet outlet_tm_left_faces now size 800
Read set faceSet outlet_tm_left_faces size:800
    Applying source patchToFace
    Adding all faces of patches: (demote_wall) ...
--> FOAM Warning : 
    From Foam::labelHashSet Foam::polyBoundaryMesh::patchSet(const Foam::UList<Foam::wordRe>&, bool, bool) const
    in file meshes/polyMesh/polyBoundaryMesh/polyBoundaryMesh.C at line 1158
    Cannot find any patch names matching demote_wall
--> FOAM Warning : 
    From void Foam::patchToFace::combine(Foam::topoSet&, bool) const
    in file topoSet/faceSources/patchToFace/patchToFace.C at line 96
    Cannot find any patches matching (demote_wall)
Valid names: (wall iris_wall outlet_tm lens_wall ac_inlet ac_inlet_left outlet_tm_left defaultFaces)
    faceSet outlet_tm_left_faces now size 800
Read set faceSet outlet_tm_left_faces size:800
    Applying source boxToFace
    Adding faces with centre within boxes 1((-0.00698 -0.00485 -1e-05) (-0.00665 -0.00445 0.001001))
    faceSet outlet_tm_left_faces now size 4
Created faceSet ac_inlet_faces
    Applying source patchToFace
    Adding all faces of patches: (ac_inlet) ...
    Found matching patch ac_inlet with 5 faces
    faceSet ac_inlet_faces now size 5
Read set faceSet ac_inlet_faces size:5
    Applying source patchToFace
    Adding all faces of patches: (wall) ...
    Found matching patch wall with 554 faces
    faceSet ac_inlet_faces now size 559
Read set faceSet ac_inlet_faces size:559
    Applying source patchToFace
    Adding all faces of patches: (iris_wall) ...
    Found matching patch iris_wall with 240 faces
    faceSet ac_inlet_faces now size 799
Read set faceSet ac_inlet_faces size:799
    Applying source patchToFace
    Adding all faces of patches: (demote_wall) ...
--> FOAM Warning : 
    From Foam::labelHashSet Foam::polyBoundaryMesh::patchSet(const Foam::UList<Foam::wordRe>&, bool, bool) const
    in file meshes/polyMesh/polyBoundaryMesh/polyBoundaryMesh.C at line 1158
    Cannot find any patch names matching demote_wall
--> FOAM Warning : 
    From void Foam::patchToFace::combine(Foam::topoSet&, bool) const
    in file topoSet/faceSources/patchToFace/patchToFace.C at line 96
    Cannot find any patches matching (demote_wall)
Valid names: (wall iris_wall outlet_tm lens_wall ac_inlet ac_inlet_left outlet_tm_left defaultFaces)
    faceSet ac_inlet_faces now size 799
Read set faceSet ac_inlet_faces size:799
    Applying source patchToFace
    Adding all faces of patches: (inlet_demote_wall) ...
--> FOAM Warning : 
    From Foam::labelHashSet Foam::polyBoundaryMesh::patchSet(const Foam::UList<Foam::wordRe>&, bool, bool) const
    in file meshes/polyMesh/polyBoundaryMesh/polyBoundaryMesh.C at line 1158
    Cannot find any patch names matching inlet_demote_wall
--> FOAM Warning : 
    From void Foam::patchToFace::combine(Foam::topoSet&, bool) const
    in file topoSet/faceSources/patchToFace/patchToFace.C at line 96
    Cannot find any patches matching (inlet_demote_wall)
Valid names: (wall iris_wall outlet_tm lens_wall ac_inlet ac_inlet_left outlet_tm_left defaultFaces)
    faceSet ac_inlet_faces now size 799
Read set faceSet ac_inlet_faces size:799
    Applying source boxToFace
    Adding faces with centre within boxes 1((0.00688 -0.00392 -1e-05) (0.00705 -0.0033 0.001001))
    faceSet ac_inlet_faces now size 7
Created faceSet ac_inlet_left_faces
    Applying source patchToFace
    Adding all faces of patches: (ac_inlet_left) ...
    Found matching patch ac_inlet_left with 5 faces
    faceSet ac_inlet_left_faces now size 5
Read set faceSet ac_inlet_left_faces size:5
    Applying source patchToFace
    Adding all faces of patches: (wall) ...
    Found matching patch wall with 554 faces
    faceSet ac_inlet_left_faces now size 559
Read set faceSet ac_inlet_left_faces size:559
    Applying source patchToFace
    Adding all faces of patches: (iris_wall) ...
    Found matching patch iris_wall with 240 faces
    faceSet ac_inlet_left_faces now size 799
Read set faceSet ac_inlet_left_faces size:799
    Applying source patchToFace
    Adding all faces of patches: (demote_wall) ...
--> FOAM Warning : 
    From Foam::labelHashSet Foam::polyBoundaryMesh::patchSet(const Foam::UList<Foam::wordRe>&, bool, bool) const
    in file meshes/polyMesh/polyBoundaryMesh/polyBoundaryMesh.C at line 1158
    Cannot find any patch names matching demote_wall
--> FOAM Warning : 
    From void Foam::patchToFace::combine(Foam::topoSet&, bool) const
    in file topoSet/faceSources/patchToFace/patchToFace.C at line 96
    Cannot find any patches matching (demote_wall)
Valid names: (wall iris_wall outlet_tm lens_wall ac_inlet ac_inlet_left outlet_tm_left defaultFaces)
    faceSet ac_inlet_left_faces now size 799
Read set faceSet ac_inlet_left_faces size:799
    Applying source patchToFace
    Adding all faces of patches: (inlet_demote_wall) ...
--> FOAM Warning : 
    From Foam::labelHashSet Foam::polyBoundaryMesh::patchSet(const Foam::UList<Foam::wordRe>&, bool, bool) const
    in file meshes/polyMesh/polyBoundaryMesh/polyBoundaryMesh.C at line 1158
    Cannot find any patch names matching inlet_demote_wall
--> FOAM Warning : 
    From void Foam::patchToFace::combine(Foam::topoSet&, bool) const
    in file topoSet/faceSources/patchToFace/patchToFace.C at line 96
    Cannot find any patches matching (inlet_demote_wall)
Valid names: (wall iris_wall outlet_tm lens_wall ac_inlet ac_inlet_left outlet_tm_left defaultFaces)
    faceSet ac_inlet_left_faces now size 799
Read set faceSet ac_inlet_left_faces size:799
    Applying source boxToFace
    Adding faces with centre within boxes 1((-0.00705 -0.00392 -1e-05) (-0.00688 -0.0033 0.001001))
    faceSet ac_inlet_left_faces now size 7
Created faceSet demote_to_wall
    Applying source patchToFace
    Adding all faces of patches: (outlet_tm) ...
    Found matching patch outlet_tm with 6 faces
    faceSet demote_to_wall now size 6
Read set faceSet demote_to_wall size:6
    Applying source patchToFace
    Adding all faces of patches: (outlet_tm_left) ...
    Found matching patch outlet_tm_left with 6 faces
    faceSet demote_to_wall now size 12
Read set faceSet demote_to_wall size:12
    Applying source patchToFace
    Adding all faces of patches: (ac_inlet) ...
    Found matching patch ac_inlet with 5 faces
    faceSet demote_to_wall now size 17
Read set faceSet demote_to_wall size:17
    Applying source patchToFace
    Adding all faces of patches: (ac_inlet_left) ...
    Found matching patch ac_inlet_left with 5 faces
    faceSet demote_to_wall now size 22
Read set faceSet demote_to_wall size:22
    Applying source faceToFace
    Removing all elements of face sets: (outlet_tm_faces)
    faceSet demote_to_wall now size 18
Read set faceSet demote_to_wall size:18
    Applying source faceToFace
    Removing all elements of face sets: (outlet_tm_left_faces)
    faceSet demote_to_wall now size 14
Read set faceSet demote_to_wall size:14
    Applying source faceToFace
    Removing all elements of face sets: (ac_inlet_faces)
    faceSet demote_to_wall now size 9
Read set faceSet demote_to_wall size:9
    Applying source faceToFace
    Removing all elements of face sets: (ac_inlet_left_faces)
    faceSet demote_to_wall now size 4
Time = 0
    mesh not changed.
Created faceSet outlet_tm_faces
    Applying source patchToFace
    Adding all faces of patches: (outlet_tm) ...
    Found matching patch outlet_tm with 6 faces
    faceSet outlet_tm_faces now size 6
Read set faceSet outlet_tm_faces size:6
    Applying source patchToFace
    Adding all faces of patches: (wall) ...
    Found matching patch wall with 554 faces
    faceSet outlet_tm_faces now size 560
Read set faceSet outlet_tm_faces size:560
    Applying source patchToFace
    Adding all faces of patches: (iris_wall) ...
    Found matching patch iris_wall with 240 faces
    faceSet outlet_tm_faces now size 800
Read set faceSet outlet_tm_faces size:800
    Applying source patchToFace
    Adding all faces of patches: (demote_wall) ...
--> FOAM Warning : 
    From Foam::labelHashSet Foam::polyBoundaryMesh::patchSet(const Foam::UList<Foam::wordRe>&, bool, bool) const
    in file meshes/polyMesh/polyBoundaryMesh/polyBoundaryMesh.C at line 1158
    Cannot find any patch names matching demote_wall
--> FOAM Warning : 
    From void Foam::patchToFace::combine(Foam::topoSet&, bool) const
    in file topoSet/faceSources/patchToFace/patchToFace.C at line 96
    Cannot find any patches matching (demote_wall)
Valid names: (wall iris_wall outlet_tm lens_wall ac_inlet ac_inlet_left outlet_tm_left defaultFaces)
    faceSet outlet_tm_faces now size 800
Read set faceSet outlet_tm_faces size:800
    Applying source boxToFace
    Adding faces with centre within boxes 1((0.00665 -0.00485 -1e-05) (0.00698 -0.00445 0.001001))
    faceSet outlet_tm_faces now size 4
Created faceSet outlet_tm_left_faces
    Applying source patchToFace
    Adding all faces of patches: (outlet_tm_left) ...
    Found matching patch outlet_tm_left with 6 faces
    faceSet outlet_tm_left_faces now size 6
Read set faceSet outlet_tm_left_faces size:6
    Applying source patchToFace
    Adding all faces of patches: (wall) ...
    Found matching patch wall with 554 faces
    faceSet outlet_tm_left_faces now size 560
Read set faceSet outlet_tm_left_faces size:560
    Applying source patchToFace
    Adding all faces of patches: (iris_wall) ...
    Found matching patch iris_wall with 240 faces
    faceSet outlet_tm_left_faces now size 800
Read set faceSet outlet_tm_left_faces size:800
    Applying source patchToFace
    Adding all faces of patches: (demote_wall) ...
--> FOAM Warning : 
    From Foam::labelHashSet Foam::polyBoundaryMesh::patchSet(const Foam::UList<Foam::wordRe>&, bool, bool) const
    in file meshes/polyMesh/polyBoundaryMesh/polyBoundaryMesh.C at line 1158
    Cannot find any patch names matching demote_wall
--> FOAM Warning : 
    From void Foam::patchToFace::combine(Foam::topoSet&, bool) const
    in file topoSet/faceSources/patchToFace/patchToFace.C at line 96
    Cannot find any patches matching (demote_wall)
Valid names: (wall iris_wall outlet_tm lens_wall ac_inlet ac_inlet_left outlet_tm_left defaultFaces)
    faceSet outlet_tm_left_faces now size 800
Read set faceSet outlet_tm_left_faces size:800
    Applying source boxToFace
    Adding faces with centre within boxes 1((-0.00698 -0.00485 -1e-05) (-0.00665 -0.00445 0.001001))
    faceSet outlet_tm_left_faces now size 4
Created faceSet ac_inlet_faces
    Applying source patchToFace
    Adding all faces of patches: (ac_inlet) ...
    Found matching patch ac_inlet with 5 faces
    faceSet ac_inlet_faces now size 5
Read set faceSet ac_inlet_faces size:5
    Applying source patchToFace
    Adding all faces of patches: (wall) ...
    Found matching patch wall with 554 faces
    faceSet ac_inlet_faces now size 559
Read set faceSet ac_inlet_faces size:559
    Applying source patchToFace
    Adding all faces of patches: (iris_wall) ...
    Found matching patch iris_wall with 240 faces
    faceSet ac_inlet_faces now size 799
Read set faceSet ac_inlet_faces size:799
    Applying source patchToFace
    Adding all faces of patches: (demote_wall) ...
--> FOAM Warning : 
    From Foam::labelHashSet Foam::polyBoundaryMesh::patchSet(const Foam::UList<Foam::wordRe>&, bool, bool) const
    in file meshes/polyMesh/polyBoundaryMesh/polyBoundaryMesh.C at line 1158
    Cannot find any patch names matching demote_wall
--> FOAM Warning : 
    From void Foam::patchToFace::combine(Foam::topoSet&, bool) const
    in file topoSet/faceSources/patchToFace/patchToFace.C at line 96
    Cannot find any patches matching (demote_wall)
Valid names: (wall iris_wall outlet_tm lens_wall ac_inlet ac_inlet_left outlet_tm_left defaultFaces)
    faceSet ac_inlet_faces now size 799
Read set faceSet ac_inlet_faces size:799
    Applying source patchToFace
    Adding all faces of patches: (inlet_demote_wall) ...
--> FOAM Warning : 
    From Foam::labelHashSet Foam::polyBoundaryMesh::patchSet(const Foam::UList<Foam::wordRe>&, bool, bool) const
    in file meshes/polyMesh/polyBoundaryMesh/polyBoundaryMesh.C at line 1158
    Cannot find any patch names matching inlet_demote_wall
--> FOAM Warning : 
    From void Foam::patchToFace::combine(Foam::topoSet&, bool) const
    in file topoSet/faceSources/patchToFace/patchToFace.C at line 96
    Cannot find any patches matching (inlet_demote_wall)
Valid names: (wall iris_wall outlet_tm lens_wall ac_inlet ac_inlet_left outlet_tm_left defaultFaces)
    faceSet ac_inlet_faces now size 799
Read set faceSet ac_inlet_faces size:799
    Applying source boxToFace
    Adding faces with centre within boxes 1((0.00688 -0.00392 -1e-05) (0.00705 -0.0033 0.001001))
    faceSet ac_inlet_faces now size 7
Created faceSet ac_inlet_left_faces
    Applying source patchToFace
    Adding all faces of patches: (ac_inlet_left) ...
    Found matching patch ac_inlet_left with 5 faces
    faceSet ac_inlet_left_faces now size 5
Read set faceSet ac_inlet_left_faces size:5
    Applying source patchToFace
    Adding all faces of patches: (wall) ...
    Found matching patch wall with 554 faces
    faceSet ac_inlet_left_faces now size 559
Read set faceSet ac_inlet_left_faces size:559
    Applying source patchToFace
    Adding all faces of patches: (iris_wall) ...
    Found matching patch iris_wall with 240 faces
    faceSet ac_inlet_left_faces now size 799
Read set faceSet ac_inlet_left_faces size:799
    Applying source patchToFace
    Adding all faces of patches: (demote_wall) ...
--> FOAM Warning : 
    From Foam::labelHashSet Foam::polyBoundaryMesh::patchSet(const Foam::UList<Foam::wordRe>&, bool, bool) const
    in file meshes/polyMesh/polyBoundaryMesh/polyBoundaryMesh.C at line 1158
    Cannot find any patch names matching demote_wall
--> FOAM Warning : 
    From void Foam::patchToFace::combine(Foam::topoSet&, bool) const
    in file topoSet/faceSources/patchToFace/patchToFace.C at line 96
    Cannot find any patches matching (demote_wall)
Valid names: (wall iris_wall outlet_tm lens_wall ac_inlet ac_inlet_left outlet_tm_left defaultFaces)
    faceSet ac_inlet_left_faces now size 799
Read set faceSet ac_inlet_left_faces size:799
    Applying source patchToFace
    Adding all faces of patches: (inlet_demote_wall) ...
--> FOAM Warning : 
    From Foam::labelHashSet Foam::polyBoundaryMesh::patchSet(const Foam::UList<Foam::wordRe>&, bool, bool) const
    in file meshes/polyMesh/polyBoundaryMesh/polyBoundaryMesh.C at line 1158
    Cannot find any patch names matching inlet_demote_wall
--> FOAM Warning : 
    From void Foam::patchToFace::combine(Foam::topoSet&, bool) const
    in file topoSet/faceSources/patchToFace/patchToFace.C at line 96
    Cannot find any patches matching (inlet_demote_wall)
Valid names: (wall iris_wall outlet_tm lens_wall ac_inlet ac_inlet_left outlet_tm_left defaultFaces)
    faceSet ac_inlet_left_faces now size 799
Read set faceSet ac_inlet_left_faces size:799
    Applying source boxToFace
    Adding faces with centre within boxes 1((-0.00705 -0.00392 -1e-05) (-0.00688 -0.0033 0.001001))
    faceSet ac_inlet_left_faces now size 7
Created faceSet demote_to_wall
    Applying source patchToFace
    Adding all faces of patches: (outlet_tm) ...
    Found matching patch outlet_tm with 6 faces
    faceSet demote_to_wall now size 6
Read set faceSet demote_to_wall size:6
    Applying source patchToFace
    Adding all faces of patches: (outlet_tm_left) ...
    Found matching patch outlet_tm_left with 6 faces
    faceSet demote_to_wall now size 12
Read set faceSet demote_to_wall size:12
    Applying source patchToFace
    Adding all faces of patches: (ac_inlet) ...
    Found matching patch ac_inlet with 5 faces
    faceSet demote_to_wall now size 17
Read set faceSet demote_to_wall size:17
    Applying source patchToFace
    Adding all faces of patches: (ac_inlet_left) ...
    Found matching patch ac_inlet_left with 5 faces
    faceSet demote_to_wall now size 22
Read set faceSet demote_to_wall size:22
    Applying source faceToFace
    Removing all elements of face sets: (outlet_tm_faces)
    faceSet demote_to_wall now size 18
Read set faceSet demote_to_wall size:18
    Applying source faceToFace
    Removing all elements of face sets: (outlet_tm_left_faces)
    faceSet demote_to_wall now size 14
Read set faceSet demote_to_wall size:14
    Applying source faceToFace
    Removing all elements of face sets: (ac_inlet_faces)
    faceSet demote_to_wall now size 9
Read set faceSet demote_to_wall size:9
    Applying source faceToFace
    Removing all elements of face sets: (ac_inlet_left_faces)
    faceSet demote_to_wall now size 4
Time = 48
    mesh not changed.
Created faceSet outlet_tm_faces
    Applying source patchToFace
    Adding all faces of patches: (outlet_tm) ...
    Found matching patch outlet_tm with 6 faces
    faceSet outlet_tm_faces now size 6
Read set faceSet outlet_tm_faces size:6
    Applying source patchToFace
    Adding all faces of patches: (wall) ...
    Found matching patch wall with 554 faces
    faceSet outlet_tm_faces now size 560
Read set faceSet outlet_tm_faces size:560
    Applying source patchToFace
    Adding all faces of patches: (iris_wall) ...
    Found matching patch iris_wall with 240 faces
    faceSet outlet_tm_faces now size 800
Read set faceSet outlet_tm_faces size:800
    Applying source patchToFace
    Adding all faces of patches: (demote_wall) ...
--> FOAM Warning : 
    From Foam::labelHashSet Foam::polyBoundaryMesh::patchSet(const Foam::UList<Foam::wordRe>&, bool, bool) const
    in file meshes/polyMesh/polyBoundaryMesh/polyBoundaryMesh.C at line 1158
    Cannot find any patch names matching demote_wall
--> FOAM Warning : 
    From void Foam::patchToFace::combine(Foam::topoSet&, bool) const
    in file topoSet/faceSources/patchToFace/patchToFace.C at line 96
    Cannot find any patches matching (demote_wall)
Valid names: (wall iris_wall outlet_tm lens_wall ac_inlet ac_inlet_left outlet_tm_left defaultFaces)
    faceSet outlet_tm_faces now size 800
Read set faceSet outlet_tm_faces size:800
    Applying source boxToFace
    Adding faces with centre within boxes 1((0.00665 -0.00485 -1e-05) (0.00698 -0.00445 0.001001))
    faceSet outlet_tm_faces now size 4
Created faceSet outlet_tm_left_faces
    Applying source patchToFace
    Adding all faces of patches: (outlet_tm_left) ...
    Found matching patch outlet_tm_left with 6 faces
    faceSet outlet_tm_left_faces now size 6
Read set faceSet outlet_tm_left_faces size:6
    Applying source patchToFace
    Adding all faces of patches: (wall) ...
    Found matching patch wall with 554 faces
    faceSet outlet_tm_left_faces now size 560
Read set faceSet outlet_tm_left_faces size:560
    Applying source patchToFace
    Adding all faces of patches: (iris_wall) ...
    Found matching patch iris_wall with 240 faces
    faceSet outlet_tm_left_faces now size 800
Read set faceSet outlet_tm_left_faces size:800
    Applying source patchToFace
    Adding all faces of patches: (demote_wall) ...
--> FOAM Warning : 
    From Foam::labelHashSet Foam::polyBoundaryMesh::patchSet(const Foam::UList<Foam::wordRe>&, bool, bool) const
    in file meshes/polyMesh/polyBoundaryMesh/polyBoundaryMesh.C at line 1158
    Cannot find any patch names matching demote_wall
--> FOAM Warning : 
    From void Foam::patchToFace::combine(Foam::topoSet&, bool) const
    in file topoSet/faceSources/patchToFace/patchToFace.C at line 96
    Cannot find any patches matching (demote_wall)
Valid names: (wall iris_wall outlet_tm lens_wall ac_inlet ac_inlet_left outlet_tm_left defaultFaces)
    faceSet outlet_tm_left_faces now size 800
Read set faceSet outlet_tm_left_faces size:800
    Applying source boxToFace
    Adding faces with centre within boxes 1((-0.00698 -0.00485 -1e-05) (-0.00665 -0.00445 0.001001))
    faceSet outlet_tm_left_faces now size 4
Created faceSet ac_inlet_faces
    Applying source patchToFace
    Adding all faces of patches: (ac_inlet) ...
    Found matching patch ac_inlet with 5 faces
    faceSet ac_inlet_faces now size 5
Read set faceSet ac_inlet_faces size:5
    Applying source patchToFace
    Adding all faces of patches: (wall) ...
    Found matching patch wall with 554 faces
    faceSet ac_inlet_faces now size 559
Read set faceSet ac_inlet_faces size:559
    Applying source patchToFace
    Adding all faces of patches: (iris_wall) ...
    Found matching patch iris_wall with 240 faces
    faceSet ac_inlet_faces now size 799
Read set faceSet ac_inlet_faces size:799
    Applying source patchToFace
    Adding all faces of patches: (demote_wall) ...
--> FOAM Warning : 
    From Foam::labelHashSet Foam::polyBoundaryMesh::patchSet(const Foam::UList<Foam::wordRe>&, bool, bool) const
    in file meshes/polyMesh/polyBoundaryMesh/polyBoundaryMesh.C at line 1158
    Cannot find any patch names matching demote_wall
--> FOAM Warning : 
    From void Foam::patchToFace::combine(Foam::topoSet&, bool) const
    in file topoSet/faceSources/patchToFace/patchToFace.C at line 96
    Cannot find any patches matching (demote_wall)
Valid names: (wall iris_wall outlet_tm lens_wall ac_inlet ac_inlet_left outlet_tm_left defaultFaces)
    faceSet ac_inlet_faces now size 799
Read set faceSet ac_inlet_faces size:799
    Applying source patchToFace
    Adding all faces of patches: (inlet_demote_wall) ...
--> FOAM Warning : 
    From Foam::labelHashSet Foam::polyBoundaryMesh::patchSet(const Foam::UList<Foam::wordRe>&, bool, bool) const
    in file meshes/polyMesh/polyBoundaryMesh/polyBoundaryMesh.C at line 1158
    Cannot find any patch names matching inlet_demote_wall
--> FOAM Warning : 
    From void Foam::patchToFace::combine(Foam::topoSet&, bool) const
    in file topoSet/faceSources/patchToFace/patchToFace.C at line 96
    Cannot find any patches matching (inlet_demote_wall)
Valid names: (wall iris_wall outlet_tm lens_wall ac_inlet ac_inlet_left outlet_tm_left defaultFaces)
    faceSet ac_inlet_faces now size 799
Read set faceSet ac_inlet_faces size:799
    Applying source boxToFace
    Adding faces with centre within boxes 1((0.00688 -0.00392 -1e-05) (0.00705 -0.0033 0.001001))
    faceSet ac_inlet_faces now size 7
Created faceSet ac_inlet_left_faces
    Applying source patchToFace
    Adding all faces of patches: (ac_inlet_left) ...
    Found matching patch ac_inlet_left with 5 faces
    faceSet ac_inlet_left_faces now size 5
Read set faceSet ac_inlet_left_faces size:5
    Applying source patchToFace
    Adding all faces of patches: (wall) ...
    Found matching patch wall with 554 faces
    faceSet ac_inlet_left_faces now size 559
Read set faceSet ac_inlet_left_faces size:559
    Applying source patchToFace
    Adding all faces of patches: (iris_wall) ...
    Found matching patch iris_wall with 240 faces
    faceSet ac_inlet_left_faces now size 799
Read set faceSet ac_inlet_left_faces size:799
    Applying source patchToFace
    Adding all faces of patches: (demote_wall) ...
--> FOAM Warning : 
    From Foam::labelHashSet Foam::polyBoundaryMesh::patchSet(const Foam::UList<Foam::wordRe>&, bool, bool) const
    in file meshes/polyMesh/polyBoundaryMesh/polyBoundaryMesh.C at line 1158
    Cannot find any patch names matching demote_wall
--> FOAM Warning : 
    From void Foam::patchToFace::combine(Foam::topoSet&, bool) const
    in file topoSet/faceSources/patchToFace/patchToFace.C at line 96
    Cannot find any patches matching (demote_wall)
Valid names: (wall iris_wall outlet_tm lens_wall ac_inlet ac_inlet_left outlet_tm_left defaultFaces)
    faceSet ac_inlet_left_faces now size 799
Read set faceSet ac_inlet_left_faces size:799
    Applying source patchToFace
    Adding all faces of patches: (inlet_demote_wall) ...
--> FOAM Warning : 
    From Foam::labelHashSet Foam::polyBoundaryMesh::patchSet(const Foam::UList<Foam::wordRe>&, bool, bool) const
    in file meshes/polyMesh/polyBoundaryMesh/polyBoundaryMesh.C at line 1158
    Cannot find any patch names matching inlet_demote_wall
--> FOAM Warning : 
    From void Foam::patchToFace::combine(Foam::topoSet&, bool) const
    in file topoSet/faceSources/patchToFace/patchToFace.C at line 96
    Cannot find any patches matching (inlet_demote_wall)
Valid names: (wall iris_wall outlet_tm lens_wall ac_inlet ac_inlet_left outlet_tm_left defaultFaces)
    faceSet ac_inlet_left_faces now size 799
Read set faceSet ac_inlet_left_faces size:799
    Applying source boxToFace
    Adding faces with centre within boxes 1((-0.00705 -0.00392 -1e-05) (-0.00688 -0.0033 0.001001))
    faceSet ac_inlet_left_faces now size 7
Created faceSet demote_to_wall
    Applying source patchToFace
    Adding all faces of patches: (outlet_tm) ...
    Found matching patch outlet_tm with 6 faces
    faceSet demote_to_wall now size 6
Read set faceSet demote_to_wall size:6
    Applying source patchToFace
    Adding all faces of patches: (outlet_tm_left) ...
    Found matching patch outlet_tm_left with 6 faces
    faceSet demote_to_wall now size 12
Read set faceSet demote_to_wall size:12
    Applying source patchToFace
    Adding all faces of patches: (ac_inlet) ...
    Found matching patch ac_inlet with 5 faces
    faceSet demote_to_wall now size 17
Read set faceSet demote_to_wall size:17
    Applying source patchToFace
    Adding all faces of patches: (ac_inlet_left) ...
    Found matching patch ac_inlet_left with 5 faces
    faceSet demote_to_wall now size 22
Read set faceSet demote_to_wall size:22
    Applying source faceToFace
    Removing all elements of face sets: (outlet_tm_faces)
    faceSet demote_to_wall now size 18
Read set faceSet demote_to_wall size:18
    Applying source faceToFace
    Removing all elements of face sets: (outlet_tm_left_faces)
    faceSet demote_to_wall now size 14
Read set faceSet demote_to_wall size:14
    Applying source faceToFace
    Removing all elements of face sets: (ac_inlet_faces)
    faceSet demote_to_wall now size 9
Read set faceSet demote_to_wall size:9
    Applying source faceToFace
    Removing all elements of face sets: (ac_inlet_left_faces)
    faceSet demote_to_wall now size 4
Time = 50
    mesh not changed.
Created faceSet outlet_tm_faces
    Applying source patchToFace
    Adding all faces of patches: (outlet_tm) ...
    Found matching patch outlet_tm with 6 faces
    faceSet outlet_tm_faces now size 6
Read set faceSet outlet_tm_faces size:6
    Applying source patchToFace
    Adding all faces of patches: (wall) ...
    Found matching patch wall with 554 faces
    faceSet outlet_tm_faces now size 560
Read set faceSet outlet_tm_faces size:560
    Applying source patchToFace
    Adding all faces of patches: (iris_wall) ...
    Found matching patch iris_wall with 240 faces
    faceSet outlet_tm_faces now size 800
Read set faceSet outlet_tm_faces size:800
    Applying source patchToFace
    Adding all faces of patches: (demote_wall) ...
--> FOAM Warning : 
    From Foam::labelHashSet Foam::polyBoundaryMesh::patchSet(const Foam::UList<Foam::wordRe>&, bool, bool) const
    in file meshes/polyMesh/polyBoundaryMesh/polyBoundaryMesh.C at line 1158
    Cannot find any patch names matching demote_wall
--> FOAM Warning : 
    From void Foam::patchToFace::combine(Foam::topoSet&, bool) const
    in file topoSet/faceSources/patchToFace/patchToFace.C at line 96
    Cannot find any patches matching (demote_wall)
Valid names: (wall iris_wall outlet_tm lens_wall ac_inlet ac_inlet_left outlet_tm_left defaultFaces)
    faceSet outlet_tm_faces now size 800
Read set faceSet outlet_tm_faces size:800
    Applying source boxToFace
    Adding faces with centre within boxes 1((0.00665 -0.00485 -1e-05) (0.00698 -0.00445 0.001001))
    faceSet outlet_tm_faces now size 4
Created faceSet outlet_tm_left_faces
    Applying source patchToFace
    Adding all faces of patches: (outlet_tm_left) ...
    Found matching patch outlet_tm_left with 6 faces
    faceSet outlet_tm_left_faces now size 6
Read set faceSet outlet_tm_left_faces size:6
    Applying source patchToFace
    Adding all faces of patches: (wall) ...
    Found matching patch wall with 554 faces
    faceSet outlet_tm_left_faces now size 560
Read set faceSet outlet_tm_left_faces size:560
    Applying source patchToFace
    Adding all faces of patches: (iris_wall) ...
    Found matching patch iris_wall with 240 faces
    faceSet outlet_tm_left_faces now size 800
Read set faceSet outlet_tm_left_faces size:800
    Applying source patchToFace
    Adding all faces of patches: (demote_wall) ...
--> FOAM Warning : 
    From Foam::labelHashSet Foam::polyBoundaryMesh::patchSet(const Foam::UList<Foam::wordRe>&, bool, bool) const
    in file meshes/polyMesh/polyBoundaryMesh/polyBoundaryMesh.C at line 1158
    Cannot find any patch names matching demote_wall
--> FOAM Warning : 
    From void Foam::patchToFace::combine(Foam::topoSet&, bool) const
    in file topoSet/faceSources/patchToFace/patchToFace.C at line 96
    Cannot find any patches matching (demote_wall)
Valid names: (wall iris_wall outlet_tm lens_wall ac_inlet ac_inlet_left outlet_tm_left defaultFaces)
    faceSet outlet_tm_left_faces now size 800
Read set faceSet outlet_tm_left_faces size:800
    Applying source boxToFace
    Adding faces with centre within boxes 1((-0.00698 -0.00485 -1e-05) (-0.00665 -0.00445 0.001001))
    faceSet outlet_tm_left_faces now size 4
Created faceSet ac_inlet_faces
    Applying source patchToFace
    Adding all faces of patches: (ac_inlet) ...
    Found matching patch ac_inlet with 5 faces
    faceSet ac_inlet_faces now size 5
Read set faceSet ac_inlet_faces size:5
    Applying source patchToFace
    Adding all faces of patches: (wall) ...
    Found matching patch wall with 554 faces
    faceSet ac_inlet_faces now size 559
Read set faceSet ac_inlet_faces size:559
    Applying source patchToFace
    Adding all faces of patches: (iris_wall) ...
    Found matching patch iris_wall with 240 faces
    faceSet ac_inlet_faces now size 799
Read set faceSet ac_inlet_faces size:799
    Applying source patchToFace
    Adding all faces of patches: (demote_wall) ...
--> FOAM Warning : 
    From Foam::labelHashSet Foam::polyBoundaryMesh::patchSet(const Foam::UList<Foam::wordRe>&, bool, bool) const
    in file meshes/polyMesh/polyBoundaryMesh/polyBoundaryMesh.C at line 1158
    Cannot find any patch names matching demote_wall
--> FOAM Warning : 
    From void Foam::patchToFace::combine(Foam::topoSet&, bool) const
    in file topoSet/faceSources/patchToFace/patchToFace.C at line 96
    Cannot find any patches matching (demote_wall)
Valid names: (wall iris_wall outlet_tm lens_wall ac_inlet ac_inlet_left outlet_tm_left defaultFaces)
    faceSet ac_inlet_faces now size 799
Read set faceSet ac_inlet_faces size:799
    Applying source patchToFace
    Adding all faces of patches: (inlet_demote_wall) ...
--> FOAM Warning : 
    From Foam::labelHashSet Foam::polyBoundaryMesh::patchSet(const Foam::UList<Foam::wordRe>&, bool, bool) const
    in file meshes/polyMesh/polyBoundaryMesh/polyBoundaryMesh.C at line 1158
    Cannot find any patch names matching inlet_demote_wall
--> FOAM Warning : 
    From void Foam::patchToFace::combine(Foam::topoSet&, bool) const
    in file topoSet/faceSources/patchToFace/patchToFace.C at line 96
    Cannot find any patches matching (inlet_demote_wall)
Valid names: (wall iris_wall outlet_tm lens_wall ac_inlet ac_inlet_left outlet_tm_left defaultFaces)
    faceSet ac_inlet_faces now size 799
Read set faceSet ac_inlet_faces size:799
    Applying source boxToFace
    Adding faces with centre within boxes 1((0.00688 -0.00392 -1e-05) (0.00705 -0.0033 0.001001))
    faceSet ac_inlet_faces now size 7
Created faceSet ac_inlet_left_faces
    Applying source patchToFace
    Adding all faces of patches: (ac_inlet_left) ...
    Found matching patch ac_inlet_left with 5 faces
    faceSet ac_inlet_left_faces now size 5
Read set faceSet ac_inlet_left_faces size:5
    Applying source patchToFace
    Adding all faces of patches: (wall) ...
    Found matching patch wall with 554 faces
    faceSet ac_inlet_left_faces now size 559
Read set faceSet ac_inlet_left_faces size:559
    Applying source patchToFace
    Adding all faces of patches: (iris_wall) ...
    Found matching patch iris_wall with 240 faces
    faceSet ac_inlet_left_faces now size 799
Read set faceSet ac_inlet_left_faces size:799
    Applying source patchToFace
    Adding all faces of patches: (demote_wall) ...
--> FOAM Warning : 
    From Foam::labelHashSet Foam::polyBoundaryMesh::patchSet(const Foam::UList<Foam::wordRe>&, bool, bool) const
    in file meshes/polyMesh/polyBoundaryMesh/polyBoundaryMesh.C at line 1158
    Cannot find any patch names matching demote_wall
--> FOAM Warning : 
    From void Foam::patchToFace::combine(Foam::topoSet&, bool) const
    in file topoSet/faceSources/patchToFace/patchToFace.C at line 96
    Cannot find any patches matching (demote_wall)
Valid names: (wall iris_wall outlet_tm lens_wall ac_inlet ac_inlet_left outlet_tm_left defaultFaces)
    faceSet ac_inlet_left_faces now size 799
Read set faceSet ac_inlet_left_faces size:799
    Applying source patchToFace
    Adding all faces of patches: (inlet_demote_wall) ...
--> FOAM Warning : 
    From Foam::labelHashSet Foam::polyBoundaryMesh::patchSet(const Foam::UList<Foam::wordRe>&, bool, bool) const
    in file meshes/polyMesh/polyBoundaryMesh/polyBoundaryMesh.C at line 1158
    Cannot find any patch names matching inlet_demote_wall
--> FOAM Warning : 
    From void Foam::patchToFace::combine(Foam::topoSet&, bool) const
    in file topoSet/faceSources/patchToFace/patchToFace.C at line 96
    Cannot find any patches matching (inlet_demote_wall)
Valid names: (wall iris_wall outlet_tm lens_wall ac_inlet ac_inlet_left outlet_tm_left defaultFaces)
    faceSet ac_inlet_left_faces now size 799
Read set faceSet ac_inlet_left_faces size:799
    Applying source boxToFace
    Adding faces with centre within boxes 1((-0.00705 -0.00392 -1e-05) (-0.00688 -0.0033 0.001001))
    faceSet ac_inlet_left_faces now size 7
Created faceSet demote_to_wall
    Applying source patchToFace
    Adding all faces of patches: (outlet_tm) ...
    Found matching patch outlet_tm with 6 faces
    faceSet demote_to_wall now size 6
Read set faceSet demote_to_wall size:6
    Applying source patchToFace
    Adding all faces of patches: (outlet_tm_left) ...
    Found matching patch outlet_tm_left with 6 faces
    faceSet demote_to_wall now size 12
Read set faceSet demote_to_wall size:12
    Applying source patchToFace
    Adding all faces of patches: (ac_inlet) ...
    Found matching patch ac_inlet with 5 faces
    faceSet demote_to_wall now size 17
Read set faceSet demote_to_wall size:17
    Applying source patchToFace
    Adding all faces of patches: (ac_inlet_left) ...
    Found matching patch ac_inlet_left with 5 faces
    faceSet demote_to_wall now size 22
Read set faceSet demote_to_wall size:22
    Applying source faceToFace
    Removing all elements of face sets: (outlet_tm_faces)
    faceSet demote_to_wall now size 18
Read set faceSet demote_to_wall size:18
    Applying source faceToFace
    Removing all elements of face sets: (outlet_tm_left_faces)
    faceSet demote_to_wall now size 14
Read set faceSet demote_to_wall size:14
    Applying source faceToFace
    Removing all elements of face sets: (ac_inlet_faces)
    faceSet demote_to_wall now size 9
Read set faceSet demote_to_wall size:9
    Applying source faceToFace
    Removing all elements of face sets: (ac_inlet_left_faces)
    faceSet demote_to_wall now size 4
Time = 76
    mesh not changed.
Created faceSet outlet_tm_faces
    Applying source patchToFace
    Adding all faces of patches: (outlet_tm) ...
    Found matching patch outlet_tm with 6 faces
    faceSet outlet_tm_faces now size 6
Read set faceSet outlet_tm_faces size:6
    Applying source patchToFace
    Adding all faces of patches: (wall) ...
    Found matching patch wall with 554 faces
    faceSet outlet_tm_faces now size 560
Read set faceSet outlet_tm_faces size:560
    Applying source patchToFace
    Adding all faces of patches: (iris_wall) ...
    Found matching patch iris_wall with 240 faces
    faceSet outlet_tm_faces now size 800
Read set faceSet outlet_tm_faces size:800
    Applying source patchToFace
    Adding all faces of patches: (demote_wall) ...
--> FOAM Warning : 
    From Foam::labelHashSet Foam::polyBoundaryMesh::patchSet(const Foam::UList<Foam::wordRe>&, bool, bool) const
    in file meshes/polyMesh/polyBoundaryMesh/polyBoundaryMesh.C at line 1158
    Cannot find any patch names matching demote_wall
--> FOAM Warning : 
    From void Foam::patchToFace::combine(Foam::topoSet&, bool) const
    in file topoSet/faceSources/patchToFace/patchToFace.C at line 96
    Cannot find any patches matching (demote_wall)
Valid names: (wall iris_wall outlet_tm lens_wall ac_inlet ac_inlet_left outlet_tm_left defaultFaces)
    faceSet outlet_tm_faces now size 800
Read set faceSet outlet_tm_faces size:800
    Applying source boxToFace
    Adding faces with centre within boxes 1((0.00665 -0.00485 -1e-05) (0.00698 -0.00445 0.001001))
    faceSet outlet_tm_faces now size 4
Created faceSet outlet_tm_left_faces
    Applying source patchToFace
    Adding all faces of patches: (outlet_tm_left) ...
    Found matching patch outlet_tm_left with 6 faces
    faceSet outlet_tm_left_faces now size 6
Read set faceSet outlet_tm_left_faces size:6
    Applying source patchToFace
    Adding all faces of patches: (wall) ...
    Found matching patch wall with 554 faces
    faceSet outlet_tm_left_faces now size 560
Read set faceSet outlet_tm_left_faces size:560
    Applying source patchToFace
    Adding all faces of patches: (iris_wall) ...
    Found matching patch iris_wall with 240 faces
    faceSet outlet_tm_left_faces now size 800
Read set faceSet outlet_tm_left_faces size:800
    Applying source patchToFace
    Adding all faces of patches: (demote_wall) ...
--> FOAM Warning : 
    From Foam::labelHashSet Foam::polyBoundaryMesh::patchSet(const Foam::UList<Foam::wordRe>&, bool, bool) const
    in file meshes/polyMesh/polyBoundaryMesh/polyBoundaryMesh.C at line 1158
    Cannot find any patch names matching demote_wall
--> FOAM Warning : 
    From void Foam::patchToFace::combine(Foam::topoSet&, bool) const
    in file topoSet/faceSources/patchToFace/patchToFace.C at line 96
    Cannot find any patches matching (demote_wall)
Valid names: (wall iris_wall outlet_tm lens_wall ac_inlet ac_inlet_left outlet_tm_left defaultFaces)
    faceSet outlet_tm_left_faces now size 800
Read set faceSet outlet_tm_left_faces size:800
    Applying source boxToFace
    Adding faces with centre within boxes 1((-0.00698 -0.00485 -1e-05) (-0.00665 -0.00445 0.001001))
    faceSet outlet_tm_left_faces now size 4
Created faceSet ac_inlet_faces
    Applying source patchToFace
    Adding all faces of patches: (ac_inlet) ...
    Found matching patch ac_inlet with 5 faces
    faceSet ac_inlet_faces now size 5
Read set faceSet ac_inlet_faces size:5
    Applying source patchToFace
    Adding all faces of patches: (wall) ...
    Found matching patch wall with 554 faces
    faceSet ac_inlet_faces now size 559
Read set faceSet ac_inlet_faces size:559
    Applying source patchToFace
    Adding all faces of patches: (iris_wall) ...
    Found matching patch iris_wall with 240 faces
    faceSet ac_inlet_faces now size 799
Read set faceSet ac_inlet_faces size:799
    Applying source patchToFace
    Adding all faces of patches: (demote_wall) ...
--> FOAM Warning : 
    From Foam::labelHashSet Foam::polyBoundaryMesh::patchSet(const Foam::UList<Foam::wordRe>&, bool, bool) const
    in file meshes/polyMesh/polyBoundaryMesh/polyBoundaryMesh.C at line 1158
    Cannot find any patch names matching demote_wall
--> FOAM Warning : 
    From void Foam::patchToFace::combine(Foam::topoSet&, bool) const
    in file topoSet/faceSources/patchToFace/patchToFace.C at line 96
    Cannot find any patches matching (demote_wall)
Valid names: (wall iris_wall outlet_tm lens_wall ac_inlet ac_inlet_left outlet_tm_left defaultFaces)
    faceSet ac_inlet_faces now size 799
Read set faceSet ac_inlet_faces size:799
    Applying source patchToFace
    Adding all faces of patches: (inlet_demote_wall) ...
--> FOAM Warning : 
    From Foam::labelHashSet Foam::polyBoundaryMesh::patchSet(const Foam::UList<Foam::wordRe>&, bool, bool) const
    in file meshes/polyMesh/polyBoundaryMesh/polyBoundaryMesh.C at line 1158
    Cannot find any patch names matching inlet_demote_wall
--> FOAM Warning : 
    From void Foam::patchToFace::combine(Foam::topoSet&, bool) const
    in file topoSet/faceSources/patchToFace/patchToFace.C at line 96
    Cannot find any patches matching (inlet_demote_wall)
Valid names: (wall iris_wall outlet_tm lens_wall ac_inlet ac_inlet_left outlet_tm_left defaultFaces)
    faceSet ac_inlet_faces now size 799
Read set faceSet ac_inlet_faces size:799
    Applying source boxToFace
    Adding faces with centre within boxes 1((0.00688 -0.00392 -1e-05) (0.00705 -0.0033 0.001001))
    faceSet ac_inlet_faces now size 7
Created faceSet ac_inlet_left_faces
    Applying source patchToFace
    Adding all faces of patches: (ac_inlet_left) ...
    Found matching patch ac_inlet_left with 5 faces
    faceSet ac_inlet_left_faces now size 5
Read set faceSet ac_inlet_left_faces size:5
    Applying source patchToFace
    Adding all faces of patches: (wall) ...
    Found matching patch wall with 554 faces
    faceSet ac_inlet_left_faces now size 559
Read set faceSet ac_inlet_left_faces size:559
    Applying source patchToFace
    Adding all faces of patches: (iris_wall) ...
    Found matching patch iris_wall with 240 faces
    faceSet ac_inlet_left_faces now size 799
Read set faceSet ac_inlet_left_faces size:799
    Applying source patchToFace
    Adding all faces of patches: (demote_wall) ...
--> FOAM Warning : 
    From Foam::labelHashSet Foam::polyBoundaryMesh::patchSet(const Foam::UList<Foam::wordRe>&, bool, bool) const
    in file meshes/polyMesh/polyBoundaryMesh/polyBoundaryMesh.C at line 1158
    Cannot find any patch names matching demote_wall
--> FOAM Warning : 
    From void Foam::patchToFace::combine(Foam::topoSet&, bool) const
    in file topoSet/faceSources/patchToFace/patchToFace.C at line 96
    Cannot find any patches matching (demote_wall)
Valid names: (wall iris_wall outlet_tm lens_wall ac_inlet ac_inlet_left outlet_tm_left defaultFaces)
    faceSet ac_inlet_left_faces now size 799
Read set faceSet ac_inlet_left_faces size:799
    Applying source patchToFace
    Adding all faces of patches: (inlet_demote_wall) ...
--> FOAM Warning : 
    From Foam::labelHashSet Foam::polyBoundaryMesh::patchSet(const Foam::UList<Foam::wordRe>&, bool, bool) const
    in file meshes/polyMesh/polyBoundaryMesh/polyBoundaryMesh.C at line 1158
    Cannot find any patch names matching inlet_demote_wall
--> FOAM Warning : 
    From void Foam::patchToFace::combine(Foam::topoSet&, bool) const
    in file topoSet/faceSources/patchToFace/patchToFace.C at line 96
    Cannot find any patches matching (inlet_demote_wall)
Valid names: (wall iris_wall outlet_tm lens_wall ac_inlet ac_inlet_left outlet_tm_left defaultFaces)
    faceSet ac_inlet_left_faces now size 799
Read set faceSet ac_inlet_left_faces size:799
    Applying source boxToFace
    Adding faces with centre within boxes 1((-0.00705 -0.00392 -1e-05) (-0.00688 -0.0033 0.001001))
    faceSet ac_inlet_left_faces now size 7
Created faceSet demote_to_wall
    Applying source patchToFace
    Adding all faces of patches: (outlet_tm) ...
    Found matching patch outlet_tm with 6 faces
    faceSet demote_to_wall now size 6
Read set faceSet demote_to_wall size:6
    Applying source patchToFace
    Adding all faces of patches: (outlet_tm_left) ...
    Found matching patch outlet_tm_left with 6 faces
    faceSet demote_to_wall now size 12
Read set faceSet demote_to_wall size:12
    Applying source patchToFace
    Adding all faces of patches: (ac_inlet) ...
    Found matching patch ac_inlet with 5 faces
    faceSet demote_to_wall now size 17
Read set faceSet demote_to_wall size:17
    Applying source patchToFace
    Adding all faces of patches: (ac_inlet_left) ...
    Found matching patch ac_inlet_left with 5 faces
    faceSet demote_to_wall now size 22
Read set faceSet demote_to_wall size:22
    Applying source faceToFace
    Removing all elements of face sets: (outlet_tm_faces)
    faceSet demote_to_wall now size 18
Read set faceSet demote_to_wall size:18
    Applying source faceToFace
    Removing all elements of face sets: (outlet_tm_left_faces)
    faceSet demote_to_wall now size 14
Read set faceSet demote_to_wall size:14
    Applying source faceToFace
    Removing all elements of face sets: (ac_inlet_faces)
    faceSet demote_to_wall now size 9
Read set faceSet demote_to_wall size:9
    Applying source faceToFace
    Removing all elements of face sets: (ac_inlet_left_faces)
    faceSet demote_to_wall now size 4
Time = 90
    mesh not changed.
Created faceSet outlet_tm_faces
    Applying source patchToFace
    Adding all faces of patches: (outlet_tm) ...
    Found matching patch outlet_tm with 6 faces
    faceSet outlet_tm_faces now size 6
Read set faceSet outlet_tm_faces size:6
    Applying source patchToFace
    Adding all faces of patches: (wall) ...
    Found matching patch wall with 554 faces
    faceSet outlet_tm_faces now size 560
Read set faceSet outlet_tm_faces size:560
    Applying source patchToFace
    Adding all faces of patches: (iris_wall) ...
    Found matching patch iris_wall with 240 faces
    faceSet outlet_tm_faces now size 800
Read set faceSet outlet_tm_faces size:800
    Applying source patchToFace
    Adding all faces of patches: (demote_wall) ...
--> FOAM Warning : 
    From Foam::labelHashSet Foam::polyBoundaryMesh::patchSet(const Foam::UList<Foam::wordRe>&, bool, bool) const
    in file meshes/polyMesh/polyBoundaryMesh/polyBoundaryMesh.C at line 1158
    Cannot find any patch names matching demote_wall
--> FOAM Warning : 
    From void Foam::patchToFace::combine(Foam::topoSet&, bool) const
    in file topoSet/faceSources/patchToFace/patchToFace.C at line 96
    Cannot find any patches matching (demote_wall)
Valid names: (wall iris_wall outlet_tm lens_wall ac_inlet ac_inlet_left outlet_tm_left defaultFaces)
    faceSet outlet_tm_faces now size 800
Read set faceSet outlet_tm_faces size:800
    Applying source boxToFace
    Adding faces with centre within boxes 1((0.00665 -0.00485 -1e-05) (0.00698 -0.00445 0.001001))
    faceSet outlet_tm_faces now size 4
Created faceSet outlet_tm_left_faces
    Applying source patchToFace
    Adding all faces of patches: (outlet_tm_left) ...
    Found matching patch outlet_tm_left with 6 faces
    faceSet outlet_tm_left_faces now size 6
Read set faceSet outlet_tm_left_faces size:6
    Applying source patchToFace
    Adding all faces of patches: (wall) ...
    Found matching patch wall with 554 faces
    faceSet outlet_tm_left_faces now size 560
Read set faceSet outlet_tm_left_faces size:560
    Applying source patchToFace
    Adding all faces of patches: (iris_wall) ...
    Found matching patch iris_wall with 240 faces
    faceSet outlet_tm_left_faces now size 800
Read set faceSet outlet_tm_left_faces size:800
    Applying source patchToFace
    Adding all faces of patches: (demote_wall) ...
--> FOAM Warning : 
    From Foam::labelHashSet Foam::polyBoundaryMesh::patchSet(const Foam::UList<Foam::wordRe>&, bool, bool) const
    in file meshes/polyMesh/polyBoundaryMesh/polyBoundaryMesh.C at line 1158
    Cannot find any patch names matching demote_wall
--> FOAM Warning : 
    From void Foam::patchToFace::combine(Foam::topoSet&, bool) const
    in file topoSet/faceSources/patchToFace/patchToFace.C at line 96
    Cannot find any patches matching (demote_wall)
Valid names: (wall iris_wall outlet_tm lens_wall ac_inlet ac_inlet_left outlet_tm_left defaultFaces)
    faceSet outlet_tm_left_faces now size 800
Read set faceSet outlet_tm_left_faces size:800
    Applying source boxToFace
    Adding faces with centre within boxes 1((-0.00698 -0.00485 -1e-05) (-0.00665 -0.00445 0.001001))
    faceSet outlet_tm_left_faces now size 4
Created faceSet ac_inlet_faces
    Applying source patchToFace
    Adding all faces of patches: (ac_inlet) ...
    Found matching patch ac_inlet with 5 faces
    faceSet ac_inlet_faces now size 5
Read set faceSet ac_inlet_faces size:5
    Applying source patchToFace
    Adding all faces of patches: (wall) ...
    Found matching patch wall with 554 faces
    faceSet ac_inlet_faces now size 559
Read set faceSet ac_inlet_faces size:559
    Applying source patchToFace
    Adding all faces of patches: (iris_wall) ...
    Found matching patch iris_wall with 240 faces
    faceSet ac_inlet_faces now size 799
Read set faceSet ac_inlet_faces size:799
    Applying source patchToFace
    Adding all faces of patches: (demote_wall) ...
--> FOAM Warning : 
    From Foam::labelHashSet Foam::polyBoundaryMesh::patchSet(const Foam::UList<Foam::wordRe>&, bool, bool) const
    in file meshes/polyMesh/polyBoundaryMesh/polyBoundaryMesh.C at line 1158
    Cannot find any patch names matching demote_wall
--> FOAM Warning : 
    From void Foam::patchToFace::combine(Foam::topoSet&, bool) const
    in file topoSet/faceSources/patchToFace/patchToFace.C at line 96
    Cannot find any patches matching (demote_wall)
Valid names: (wall iris_wall outlet_tm lens_wall ac_inlet ac_inlet_left outlet_tm_left defaultFaces)
    faceSet ac_inlet_faces now size 799
Read set faceSet ac_inlet_faces size:799
    Applying source patchToFace
    Adding all faces of patches: (inlet_demote_wall) ...
--> FOAM Warning : 
    From Foam::labelHashSet Foam::polyBoundaryMesh::patchSet(const Foam::UList<Foam::wordRe>&, bool, bool) const
    in file meshes/polyMesh/polyBoundaryMesh/polyBoundaryMesh.C at line 1158
    Cannot find any patch names matching inlet_demote_wall
--> FOAM Warning : 
    From void Foam::patchToFace::combine(Foam::topoSet&, bool) const
    in file topoSet/faceSources/patchToFace/patchToFace.C at line 96
    Cannot find any patches matching (inlet_demote_wall)
Valid names: (wall iris_wall outlet_tm lens_wall ac_inlet ac_inlet_left outlet_tm_left defaultFaces)
    faceSet ac_inlet_faces now size 799
Read set faceSet ac_inlet_faces size:799
    Applying source boxToFace
    Adding faces with centre within boxes 1((0.00688 -0.00392 -1e-05) (0.00705 -0.0033 0.001001))
    faceSet ac_inlet_faces now size 7
Created faceSet ac_inlet_left_faces
    Applying source patchToFace
    Adding all faces of patches: (ac_inlet_left) ...
    Found matching patch ac_inlet_left with 5 faces
    faceSet ac_inlet_left_faces now size 5
Read set faceSet ac_inlet_left_faces size:5
    Applying source patchToFace
    Adding all faces of patches: (wall) ...
    Found matching patch wall with 554 faces
    faceSet ac_inlet_left_faces now size 559
Read set faceSet ac_inlet_left_faces size:559
    Applying source patchToFace
    Adding all faces of patches: (iris_wall) ...
    Found matching patch iris_wall with 240 faces
    faceSet ac_inlet_left_faces now size 799
Read set faceSet ac_inlet_left_faces size:799
    Applying source patchToFace
    Adding all faces of patches: (demote_wall) ...
--> FOAM Warning : 
    From Foam::labelHashSet Foam::polyBoundaryMesh::patchSet(const Foam::UList<Foam::wordRe>&, bool, bool) const
    in file meshes/polyMesh/polyBoundaryMesh/polyBoundaryMesh.C at line 1158
    Cannot find any patch names matching demote_wall
--> FOAM Warning : 
    From void Foam::patchToFace::combine(Foam::topoSet&, bool) const
    in file topoSet/faceSources/patchToFace/patchToFace.C at line 96
    Cannot find any patches matching (demote_wall)
Valid names: (wall iris_wall outlet_tm lens_wall ac_inlet ac_inlet_left outlet_tm_left defaultFaces)
    faceSet ac_inlet_left_faces now size 799
Read set faceSet ac_inlet_left_faces size:799
    Applying source patchToFace
    Adding all faces of patches: (inlet_demote_wall) ...
--> FOAM Warning : 
    From Foam::labelHashSet Foam::polyBoundaryMesh::patchSet(const Foam::UList<Foam::wordRe>&, bool, bool) const
    in file meshes/polyMesh/polyBoundaryMesh/polyBoundaryMesh.C at line 1158
    Cannot find any patch names matching inlet_demote_wall
--> FOAM Warning : 
    From void Foam::patchToFace::combine(Foam::topoSet&, bool) const
    in file topoSet/faceSources/patchToFace/patchToFace.C at line 96
    Cannot find any patches matching (inlet_demote_wall)
Valid names: (wall iris_wall outlet_tm lens_wall ac_inlet ac_inlet_left outlet_tm_left defaultFaces)
    faceSet ac_inlet_left_faces now size 799
Read set faceSet ac_inlet_left_faces size:799
    Applying source boxToFace
    Adding faces with centre within boxes 1((-0.00705 -0.00392 -1e-05) (-0.00688 -0.0033 0.001001))
    faceSet ac_inlet_left_faces now size 7
Created faceSet demote_to_wall
    Applying source patchToFace
    Adding all faces of patches: (outlet_tm) ...
    Found matching patch outlet_tm with 6 faces
    faceSet demote_to_wall now size 6
Read set faceSet demote_to_wall size:6
    Applying source patchToFace
    Adding all faces of patches: (outlet_tm_left) ...
    Found matching patch outlet_tm_left with 6 faces
    faceSet demote_to_wall now size 12
Read set faceSet demote_to_wall size:12
    Applying source patchToFace
    Adding all faces of patches: (ac_inlet) ...
    Found matching patch ac_inlet with 5 faces
    faceSet demote_to_wall now size 17
Read set faceSet demote_to_wall size:17
    Applying source patchToFace
    Adding all faces of patches: (ac_inlet_left) ...
    Found matching patch ac_inlet_left with 5 faces
    faceSet demote_to_wall now size 22
Read set faceSet demote_to_wall size:22
    Applying source faceToFace
    Removing all elements of face sets: (outlet_tm_faces)
    faceSet demote_to_wall now size 18
Read set faceSet demote_to_wall size:18
    Applying source faceToFace
    Removing all elements of face sets: (outlet_tm_left_faces)
    faceSet demote_to_wall now size 14
Read set faceSet demote_to_wall size:14
    Applying source faceToFace
    Removing all elements of face sets: (ac_inlet_faces)
    faceSet demote_to_wall now size 9
Read set faceSet demote_to_wall size:9
    Applying source faceToFace
    Removing all elements of face sets: (ac_inlet_left_faces)
    faceSet demote_to_wall now size 4
Time = 98
    mesh not changed.
Created faceSet outlet_tm_faces
    Applying source patchToFace
    Adding all faces of patches: (outlet_tm) ...
    Found matching patch outlet_tm with 6 faces
    faceSet outlet_tm_faces now size 6
Read set faceSet outlet_tm_faces size:6
    Applying source patchToFace
    Adding all faces of patches: (wall) ...
    Found matching patch wall with 554 faces
    faceSet outlet_tm_faces now size 560
Read set faceSet outlet_tm_faces size:560
    Applying source patchToFace
    Adding all faces of patches: (iris_wall) ...
    Found matching patch iris_wall with 240 faces
    faceSet outlet_tm_faces now size 800
Read set faceSet outlet_tm_faces size:800
    Applying source patchToFace
    Adding all faces of patches: (demote_wall) ...
--> FOAM Warning : 
    From Foam::labelHashSet Foam::polyBoundaryMesh::patchSet(const Foam::UList<Foam::wordRe>&, bool, bool) const
    in file meshes/polyMesh/polyBoundaryMesh/polyBoundaryMesh.C at line 1158
    Cannot find any patch names matching demote_wall
--> FOAM Warning : 
    From void Foam::patchToFace::combine(Foam::topoSet&, bool) const
    in file topoSet/faceSources/patchToFace/patchToFace.C at line 96
    Cannot find any patches matching (demote_wall)
Valid names: (wall iris_wall outlet_tm lens_wall ac_inlet ac_inlet_left outlet_tm_left defaultFaces)
    faceSet outlet_tm_faces now size 800
Read set faceSet outlet_tm_faces size:800
    Applying source boxToFace
    Adding faces with centre within boxes 1((0.00665 -0.00485 -1e-05) (0.00698 -0.00445 0.001001))
    faceSet outlet_tm_faces now size 4
Created faceSet outlet_tm_left_faces
    Applying source patchToFace
    Adding all faces of patches: (outlet_tm_left) ...
    Found matching patch outlet_tm_left with 6 faces
    faceSet outlet_tm_left_faces now size 6
Read set faceSet outlet_tm_left_faces size:6
    Applying source patchToFace
    Adding all faces of patches: (wall) ...
    Found matching patch wall with 554 faces
    faceSet outlet_tm_left_faces now size 560
Read set faceSet outlet_tm_left_faces size:560
    Applying source patchToFace
    Adding all faces of patches: (iris_wall) ...
    Found matching patch iris_wall with 240 faces
    faceSet outlet_tm_left_faces now size 800
Read set faceSet outlet_tm_left_faces size:800
    Applying source patchToFace
    Adding all faces of patches: (demote_wall) ...
--> FOAM Warning : 
    From Foam::labelHashSet Foam::polyBoundaryMesh::patchSet(const Foam::UList<Foam::wordRe>&, bool, bool) const
    in file meshes/polyMesh/polyBoundaryMesh/polyBoundaryMesh.C at line 1158
    Cannot find any patch names matching demote_wall
--> FOAM Warning : 
    From void Foam::patchToFace::combine(Foam::topoSet&, bool) const
    in file topoSet/faceSources/patchToFace/patchToFace.C at line 96
    Cannot find any patches matching (demote_wall)
Valid names: (wall iris_wall outlet_tm lens_wall ac_inlet ac_inlet_left outlet_tm_left defaultFaces)
    faceSet outlet_tm_left_faces now size 800
Read set faceSet outlet_tm_left_faces size:800
    Applying source boxToFace
    Adding faces with centre within boxes 1((-0.00698 -0.00485 -1e-05) (-0.00665 -0.00445 0.001001))
    faceSet outlet_tm_left_faces now size 4
Created faceSet ac_inlet_faces
    Applying source patchToFace
    Adding all faces of patches: (ac_inlet) ...
    Found matching patch ac_inlet with 5 faces
    faceSet ac_inlet_faces now size 5
Read set faceSet ac_inlet_faces size:5
    Applying source patchToFace
    Adding all faces of patches: (wall) ...
    Found matching patch wall with 554 faces
    faceSet ac_inlet_faces now size 559
Read set faceSet ac_inlet_faces size:559
    Applying source patchToFace
    Adding all faces of patches: (iris_wall) ...
    Found matching patch iris_wall with 240 faces
    faceSet ac_inlet_faces now size 799
Read set faceSet ac_inlet_faces size:799
    Applying source patchToFace
    Adding all faces of patches: (demote_wall) ...
--> FOAM Warning : 
    From Foam::labelHashSet Foam::polyBoundaryMesh::patchSet(const Foam::UList<Foam::wordRe>&, bool, bool) const
    in file meshes/polyMesh/polyBoundaryMesh/polyBoundaryMesh.C at line 1158
    Cannot find any patch names matching demote_wall
--> FOAM Warning : 
    From void Foam::patchToFace::combine(Foam::topoSet&, bool) const
    in file topoSet/faceSources/patchToFace/patchToFace.C at line 96
    Cannot find any patches matching (demote_wall)
Valid names: (wall iris_wall outlet_tm lens_wall ac_inlet ac_inlet_left outlet_tm_left defaultFaces)
    faceSet ac_inlet_faces now size 799
Read set faceSet ac_inlet_faces size:799
    Applying source patchToFace
    Adding all faces of patches: (inlet_demote_wall) ...
--> FOAM Warning : 
    From Foam::labelHashSet Foam::polyBoundaryMesh::patchSet(const Foam::UList<Foam::wordRe>&, bool, bool) const
    in file meshes/polyMesh/polyBoundaryMesh/polyBoundaryMesh.C at line 1158
    Cannot find any patch names matching inlet_demote_wall
--> FOAM Warning : 
    From void Foam::patchToFace::combine(Foam::topoSet&, bool) const
    in file topoSet/faceSources/patchToFace/patchToFace.C at line 96
    Cannot find any patches matching (inlet_demote_wall)
Valid names: (wall iris_wall outlet_tm lens_wall ac_inlet ac_inlet_left outlet_tm_left defaultFaces)
    faceSet ac_inlet_faces now size 799
Read set faceSet ac_inlet_faces size:799
    Applying source boxToFace
    Adding faces with centre within boxes 1((0.00688 -0.00392 -1e-05) (0.00705 -0.0033 0.001001))
    faceSet ac_inlet_faces now size 7
Created faceSet ac_inlet_left_faces
    Applying source patchToFace
    Adding all faces of patches: (ac_inlet_left) ...
    Found matching patch ac_inlet_left with 5 faces
    faceSet ac_inlet_left_faces now size 5
Read set faceSet ac_inlet_left_faces size:5
    Applying source patchToFace
    Adding all faces of patches: (wall) ...
    Found matching patch wall with 554 faces
    faceSet ac_inlet_left_faces now size 559
Read set faceSet ac_inlet_left_faces size:559
    Applying source patchToFace
    Adding all faces of patches: (iris_wall) ...
    Found matching patch iris_wall with 240 faces
    faceSet ac_inlet_left_faces now size 799
Read set faceSet ac_inlet_left_faces size:799
    Applying source patchToFace
    Adding all faces of patches: (demote_wall) ...
--> FOAM Warning : 
    From Foam::labelHashSet Foam::polyBoundaryMesh::patchSet(const Foam::UList<Foam::wordRe>&, bool, bool) const
    in file meshes/polyMesh/polyBoundaryMesh/polyBoundaryMesh.C at line 1158
    Cannot find any patch names matching demote_wall
--> FOAM Warning : 
    From void Foam::patchToFace::combine(Foam::topoSet&, bool) const
    in file topoSet/faceSources/patchToFace/patchToFace.C at line 96
    Cannot find any patches matching (demote_wall)
Valid names: (wall iris_wall outlet_tm lens_wall ac_inlet ac_inlet_left outlet_tm_left defaultFaces)
    faceSet ac_inlet_left_faces now size 799
Read set faceSet ac_inlet_left_faces size:799
    Applying source patchToFace
    Adding all faces of patches: (inlet_demote_wall) ...
--> FOAM Warning : 
    From Foam::labelHashSet Foam::polyBoundaryMesh::patchSet(const Foam::UList<Foam::wordRe>&, bool, bool) const
    in file meshes/polyMesh/polyBoundaryMesh/polyBoundaryMesh.C at line 1158
    Cannot find any patch names matching inlet_demote_wall
--> FOAM Warning : 
    From void Foam::patchToFace::combine(Foam::topoSet&, bool) const
    in file topoSet/faceSources/patchToFace/patchToFace.C at line 96
    Cannot find any patches matching (inlet_demote_wall)
Valid names: (wall iris_wall outlet_tm lens_wall ac_inlet ac_inlet_left outlet_tm_left defaultFaces)
    faceSet ac_inlet_left_faces now size 799
Read set faceSet ac_inlet_left_faces size:799
    Applying source boxToFace
    Adding faces with centre within boxes 1((-0.00705 -0.00392 -1e-05) (-0.00688 -0.0033 0.001001))
    faceSet ac_inlet_left_faces now size 7
Created faceSet demote_to_wall
    Applying source patchToFace
    Adding all faces of patches: (outlet_tm) ...
    Found matching patch outlet_tm with 6 faces
    faceSet demote_to_wall now size 6
Read set faceSet demote_to_wall size:6
    Applying source patchToFace
    Adding all faces of patches: (outlet_tm_left) ...
    Found matching patch outlet_tm_left with 6 faces
    faceSet demote_to_wall now size 12
Read set faceSet demote_to_wall size:12
    Applying source patchToFace
    Adding all faces of patches: (ac_inlet) ...
    Found matching patch ac_inlet with 5 faces
    faceSet demote_to_wall now size 17
Read set faceSet demote_to_wall size:17
    Applying source patchToFace
    Adding all faces of patches: (ac_inlet_left) ...
    Found matching patch ac_inlet_left with 5 faces
    faceSet demote_to_wall now size 22
Read set faceSet demote_to_wall size:22
    Applying source faceToFace
    Removing all elements of face sets: (outlet_tm_faces)
    faceSet demote_to_wall now size 18
Read set faceSet demote_to_wall size:18
    Applying source faceToFace
    Removing all elements of face sets: (outlet_tm_left_faces)
    faceSet demote_to_wall now size 14
Read set faceSet demote_to_wall size:14
    Applying source faceToFace
    Removing all elements of face sets: (ac_inlet_faces)
    faceSet demote_to_wall now size 9
Read set faceSet demote_to_wall size:9
    Applying source faceToFace
    Removing all elements of face sets: (ac_inlet_left_faces)
    faceSet demote_to_wall now size 4
Time = 100
    mesh not changed.
Created faceSet outlet_tm_faces
    Applying source patchToFace
    Adding all faces of patches: (outlet_tm) ...
    Found matching patch outlet_tm with 6 faces
    faceSet outlet_tm_faces now size 6
Read set faceSet outlet_tm_faces size:6
    Applying source patchToFace
    Adding all faces of patches: (wall) ...
    Found matching patch wall with 554 faces
    faceSet outlet_tm_faces now size 560
Read set faceSet outlet_tm_faces size:560
    Applying source patchToFace
    Adding all faces of patches: (iris_wall) ...
    Found matching patch iris_wall with 240 faces
    faceSet outlet_tm_faces now size 800
Read set faceSet outlet_tm_faces size:800
    Applying source patchToFace
    Adding all faces of patches: (demote_wall) ...
--> FOAM Warning : 
    From Foam::labelHashSet Foam::polyBoundaryMesh::patchSet(const Foam::UList<Foam::wordRe>&, bool, bool) const
    in file meshes/polyMesh/polyBoundaryMesh/polyBoundaryMesh.C at line 1158
    Cannot find any patch names matching demote_wall
--> FOAM Warning : 
    From void Foam::patchToFace::combine(Foam::topoSet&, bool) const
    in file topoSet/faceSources/patchToFace/patchToFace.C at line 96
    Cannot find any patches matching (demote_wall)
Valid names: (wall iris_wall outlet_tm lens_wall ac_inlet ac_inlet_left outlet_tm_left defaultFaces)
    faceSet outlet_tm_faces now size 800
Read set faceSet outlet_tm_faces size:800
    Applying source boxToFace
    Adding faces with centre within boxes 1((0.00665 -0.00485 -1e-05) (0.00698 -0.00445 0.001001))
    faceSet outlet_tm_faces now size 4
Created faceSet outlet_tm_left_faces
    Applying source patchToFace
    Adding all faces of patches: (outlet_tm_left) ...
    Found matching patch outlet_tm_left with 6 faces
    faceSet outlet_tm_left_faces now size 6
Read set faceSet outlet_tm_left_faces size:6
    Applying source patchToFace
    Adding all faces of patches: (wall) ...
    Found matching patch wall with 554 faces
    faceSet outlet_tm_left_faces now size 560
Read set faceSet outlet_tm_left_faces size:560
    Applying source patchToFace
    Adding all faces of patches: (iris_wall) ...
    Found matching patch iris_wall with 240 faces
    faceSet outlet_tm_left_faces now size 800
Read set faceSet outlet_tm_left_faces size:800
    Applying source patchToFace
    Adding all faces of patches: (demote_wall) ...
--> FOAM Warning : 
    From Foam::labelHashSet Foam::polyBoundaryMesh::patchSet(const Foam::UList<Foam::wordRe>&, bool, bool) const
    in file meshes/polyMesh/polyBoundaryMesh/polyBoundaryMesh.C at line 1158
    Cannot find any patch names matching demote_wall
--> FOAM Warning : 
    From void Foam::patchToFace::combine(Foam::topoSet&, bool) const
    in file topoSet/faceSources/patchToFace/patchToFace.C at line 96
    Cannot find any patches matching (demote_wall)
Valid names: (wall iris_wall outlet_tm lens_wall ac_inlet ac_inlet_left outlet_tm_left defaultFaces)
    faceSet outlet_tm_left_faces now size 800
Read set faceSet outlet_tm_left_faces size:800
    Applying source boxToFace
    Adding faces with centre within boxes 1((-0.00698 -0.00485 -1e-05) (-0.00665 -0.00445 0.001001))
    faceSet outlet_tm_left_faces now size 4
Created faceSet ac_inlet_faces
    Applying source patchToFace
    Adding all faces of patches: (ac_inlet) ...
    Found matching patch ac_inlet with 5 faces
    faceSet ac_inlet_faces now size 5
Read set faceSet ac_inlet_faces size:5
    Applying source patchToFace
    Adding all faces of patches: (wall) ...
    Found matching patch wall with 554 faces
    faceSet ac_inlet_faces now size 559
Read set faceSet ac_inlet_faces size:559
    Applying source patchToFace
    Adding all faces of patches: (iris_wall) ...
    Found matching patch iris_wall with 240 faces
    faceSet ac_inlet_faces now size 799
Read set faceSet ac_inlet_faces size:799
    Applying source patchToFace
    Adding all faces of patches: (demote_wall) ...
--> FOAM Warning : 
    From Foam::labelHashSet Foam::polyBoundaryMesh::patchSet(const Foam::UList<Foam::wordRe>&, bool, bool) const
    in file meshes/polyMesh/polyBoundaryMesh/polyBoundaryMesh.C at line 1158
    Cannot find any patch names matching demote_wall
--> FOAM Warning : 
    From void Foam::patchToFace::combine(Foam::topoSet&, bool) const
    in file topoSet/faceSources/patchToFace/patchToFace.C at line 96
    Cannot find any patches matching (demote_wall)
Valid names: (wall iris_wall outlet_tm lens_wall ac_inlet ac_inlet_left outlet_tm_left defaultFaces)
    faceSet ac_inlet_faces now size 799
Read set faceSet ac_inlet_faces size:799
    Applying source patchToFace
    Adding all faces of patches: (inlet_demote_wall) ...
--> FOAM Warning : 
    From Foam::labelHashSet Foam::polyBoundaryMesh::patchSet(const Foam::UList<Foam::wordRe>&, bool, bool) const
    in file meshes/polyMesh/polyBoundaryMesh/polyBoundaryMesh.C at line 1158
    Cannot find any patch names matching inlet_demote_wall
--> FOAM Warning : 
    From void Foam::patchToFace::combine(Foam::topoSet&, bool) const
    in file topoSet/faceSources/patchToFace/patchToFace.C at line 96
    Cannot find any patches matching (inlet_demote_wall)
Valid names: (wall iris_wall outlet_tm lens_wall ac_inlet ac_inlet_left outlet_tm_left defaultFaces)
    faceSet ac_inlet_faces now size 799
Read set faceSet ac_inlet_faces size:799
    Applying source boxToFace
    Adding faces with centre within boxes 1((0.00688 -0.00392 -1e-05) (0.00705 -0.0033 0.001001))
    faceSet ac_inlet_faces now size 7
Created faceSet ac_inlet_left_faces
    Applying source patchToFace
    Adding all faces of patches: (ac_inlet_left) ...
    Found matching patch ac_inlet_left with 5 faces
    faceSet ac_inlet_left_faces now size 5
Read set faceSet ac_inlet_left_faces size:5
    Applying source patchToFace
    Adding all faces of patches: (wall) ...
    Found matching patch wall with 554 faces
    faceSet ac_inlet_left_faces now size 559
Read set faceSet ac_inlet_left_faces size:559
    Applying source patchToFace
    Adding all faces of patches: (iris_wall) ...
    Found matching patch iris_wall with 240 faces
    faceSet ac_inlet_left_faces now size 799
Read set faceSet ac_inlet_left_faces size:799
    Applying source patchToFace
    Adding all faces of patches: (demote_wall) ...
--> FOAM Warning : 
    From Foam::labelHashSet Foam::polyBoundaryMesh::patchSet(const Foam::UList<Foam::wordRe>&, bool, bool) const
    in file meshes/polyMesh/polyBoundaryMesh/polyBoundaryMesh.C at line 1158
    Cannot find any patch names matching demote_wall
--> FOAM Warning : 
    From void Foam::patchToFace::combine(Foam::topoSet&, bool) const
    in file topoSet/faceSources/patchToFace/patchToFace.C at line 96
    Cannot find any patches matching (demote_wall)
Valid names: (wall iris_wall outlet_tm lens_wall ac_inlet ac_inlet_left outlet_tm_left defaultFaces)
    faceSet ac_inlet_left_faces now size 799
Read set faceSet ac_inlet_left_faces size:799
    Applying source patchToFace
    Adding all faces of patches: (inlet_demote_wall) ...
--> FOAM Warning : 
    From Foam::labelHashSet Foam::polyBoundaryMesh::patchSet(const Foam::UList<Foam::wordRe>&, bool, bool) const
    in file meshes/polyMesh/polyBoundaryMesh/polyBoundaryMesh.C at line 1158
    Cannot find any patch names matching inlet_demote_wall
--> FOAM Warning : 
    From void Foam::patchToFace::combine(Foam::topoSet&, bool) const
    in file topoSet/faceSources/patchToFace/patchToFace.C at line 96
    Cannot find any patches matching (inlet_demote_wall)
Valid names: (wall iris_wall outlet_tm lens_wall ac_inlet ac_inlet_left outlet_tm_left defaultFaces)
    faceSet ac_inlet_left_faces now size 799
Read set faceSet ac_inlet_left_faces size:799
    Applying source boxToFace
    Adding faces with centre within boxes 1((-0.00705 -0.00392 -1e-05) (-0.00688 -0.0033 0.001001))
    faceSet ac_inlet_left_faces now size 7
Created faceSet demote_to_wall
    Applying source patchToFace
    Adding all faces of patches: (outlet_tm) ...
    Found matching patch outlet_tm with 6 faces
    faceSet demote_to_wall now size 6
Read set faceSet demote_to_wall size:6
    Applying source patchToFace
    Adding all faces of patches: (outlet_tm_left) ...
    Found matching patch outlet_tm_left with 6 faces
    faceSet demote_to_wall now size 12
Read set faceSet demote_to_wall size:12
    Applying source patchToFace
    Adding all faces of patches: (ac_inlet) ...
    Found matching patch ac_inlet with 5 faces
    faceSet demote_to_wall now size 17
Read set faceSet demote_to_wall size:17
    Applying source patchToFace
    Adding all faces of patches: (ac_inlet_left) ...
    Found matching patch ac_inlet_left with 5 faces
    faceSet demote_to_wall now size 22
Read set faceSet demote_to_wall size:22
    Applying source faceToFace
    Removing all elements of face sets: (outlet_tm_faces)
    faceSet demote_to_wall now size 18
Read set faceSet demote_to_wall size:18
    Applying source faceToFace
    Removing all elements of face sets: (outlet_tm_left_faces)
    faceSet demote_to_wall now size 14
Read set faceSet demote_to_wall size:14
    Applying source faceToFace
    Removing all elements of face sets: (ac_inlet_faces)
    faceSet demote_to_wall now size 9
Read set faceSet demote_to_wall size:9
    Applying source faceToFace
    Removing all elements of face sets: (ac_inlet_left_faces)
    faceSet demote_to_wall now size 4
Time = 107
    mesh not changed.
Created faceSet outlet_tm_faces
    Applying source patchToFace
    Adding all faces of patches: (outlet_tm) ...
    Found matching patch outlet_tm with 6 faces
    faceSet outlet_tm_faces now size 6
Read set faceSet outlet_tm_faces size:6
    Applying source patchToFace
    Adding all faces of patches: (wall) ...
    Found matching patch wall with 554 faces
    faceSet outlet_tm_faces now size 560
Read set faceSet outlet_tm_faces size:560
    Applying source patchToFace
    Adding all faces of patches: (iris_wall) ...
    Found matching patch iris_wall with 240 faces
    faceSet outlet_tm_faces now size 800
Read set faceSet outlet_tm_faces size:800
    Applying source patchToFace
    Adding all faces of patches: (demote_wall) ...
--> FOAM Warning : 
    From Foam::labelHashSet Foam::polyBoundaryMesh::patchSet(const Foam::UList<Foam::wordRe>&, bool, bool) const
    in file meshes/polyMesh/polyBoundaryMesh/polyBoundaryMesh.C at line 1158
    Cannot find any patch names matching demote_wall
--> FOAM Warning : 
    From void Foam::patchToFace::combine(Foam::topoSet&, bool) const
    in file topoSet/faceSources/patchToFace/patchToFace.C at line 96
    Cannot find any patches matching (demote_wall)
Valid names: (wall iris_wall outlet_tm lens_wall ac_inlet ac_inlet_left outlet_tm_left defaultFaces)
    faceSet outlet_tm_faces now size 800
Read set faceSet outlet_tm_faces size:800
    Applying source boxToFace
    Adding faces with centre within boxes 1((0.00665 -0.00485 -1e-05) (0.00698 -0.00445 0.001001))
    faceSet outlet_tm_faces now size 4
Created faceSet outlet_tm_left_faces
    Applying source patchToFace
    Adding all faces of patches: (outlet_tm_left) ...
    Found matching patch outlet_tm_left with 6 faces
    faceSet outlet_tm_left_faces now size 6
Read set faceSet outlet_tm_left_faces size:6
    Applying source patchToFace
    Adding all faces of patches: (wall) ...
    Found matching patch wall with 554 faces
    faceSet outlet_tm_left_faces now size 560
Read set faceSet outlet_tm_left_faces size:560
    Applying source patchToFace
    Adding all faces of patches: (iris_wall) ...
    Found matching patch iris_wall with 240 faces
    faceSet outlet_tm_left_faces now size 800
Read set faceSet outlet_tm_left_faces size:800
    Applying source patchToFace
    Adding all faces of patches: (demote_wall) ...
--> FOAM Warning : 
    From Foam::labelHashSet Foam::polyBoundaryMesh::patchSet(const Foam::UList<Foam::wordRe>&, bool, bool) const
    in file meshes/polyMesh/polyBoundaryMesh/polyBoundaryMesh.C at line 1158
    Cannot find any patch names matching demote_wall
--> FOAM Warning : 
    From void Foam::patchToFace::combine(Foam::topoSet&, bool) const
    in file topoSet/faceSources/patchToFace/patchToFace.C at line 96
    Cannot find any patches matching (demote_wall)
Valid names: (wall iris_wall outlet_tm lens_wall ac_inlet ac_inlet_left outlet_tm_left defaultFaces)
    faceSet outlet_tm_left_faces now size 800
Read set faceSet outlet_tm_left_faces size:800
    Applying source boxToFace
    Adding faces with centre within boxes 1((-0.00698 -0.00485 -1e-05) (-0.00665 -0.00445 0.001001))
    faceSet outlet_tm_left_faces now size 4
Created faceSet ac_inlet_faces
    Applying source patchToFace
    Adding all faces of patches: (ac_inlet) ...
    Found matching patch ac_inlet with 5 faces
    faceSet ac_inlet_faces now size 5
Read set faceSet ac_inlet_faces size:5
    Applying source patchToFace
    Adding all faces of patches: (wall) ...
    Found matching patch wall with 554 faces
    faceSet ac_inlet_faces now size 559
Read set faceSet ac_inlet_faces size:559
    Applying source patchToFace
    Adding all faces of patches: (iris_wall) ...
    Found matching patch iris_wall with 240 faces
    faceSet ac_inlet_faces now size 799
Read set faceSet ac_inlet_faces size:799
    Applying source patchToFace
    Adding all faces of patches: (demote_wall) ...
--> FOAM Warning : 
    From Foam::labelHashSet Foam::polyBoundaryMesh::patchSet(const Foam::UList<Foam::wordRe>&, bool, bool) const
    in file meshes/polyMesh/polyBoundaryMesh/polyBoundaryMesh.C at line 1158
    Cannot find any patch names matching demote_wall
--> FOAM Warning : 
    From void Foam::patchToFace::combine(Foam::topoSet&, bool) const
    in file topoSet/faceSources/patchToFace/patchToFace.C at line 96
    Cannot find any patches matching (demote_wall)
Valid names: (wall iris_wall outlet_tm lens_wall ac_inlet ac_inlet_left outlet_tm_left defaultFaces)
    faceSet ac_inlet_faces now size 799
Read set faceSet ac_inlet_faces size:799
    Applying source patchToFace
    Adding all faces of patches: (inlet_demote_wall) ...
--> FOAM Warning : 
    From Foam::labelHashSet Foam::polyBoundaryMesh::patchSet(const Foam::UList<Foam::wordRe>&, bool, bool) const
    in file meshes/polyMesh/polyBoundaryMesh/polyBoundaryMesh.C at line 1158
    Cannot find any patch names matching inlet_demote_wall
--> FOAM Warning : 
    From void Foam::patchToFace::combine(Foam::topoSet&, bool) const
    in file topoSet/faceSources/patchToFace/patchToFace.C at line 96
    Cannot find any patches matching (inlet_demote_wall)
Valid names: (wall iris_wall outlet_tm lens_wall ac_inlet ac_inlet_left outlet_tm_left defaultFaces)
    faceSet ac_inlet_faces now size 799
Read set faceSet ac_inlet_faces size:799
    Applying source boxToFace
    Adding faces with centre within boxes 1((0.00688 -0.00392 -1e-05) (0.00705 -0.0033 0.001001))
    faceSet ac_inlet_faces now size 7
Created faceSet ac_inlet_left_faces
    Applying source patchToFace
    Adding all faces of patches: (ac_inlet_left) ...
    Found matching patch ac_inlet_left with 5 faces
    faceSet ac_inlet_left_faces now size 5
Read set faceSet ac_inlet_left_faces size:5
    Applying source patchToFace
    Adding all faces of patches: (wall) ...
    Found matching patch wall with 554 faces
    faceSet ac_inlet_left_faces now size 559
Read set faceSet ac_inlet_left_faces size:559
    Applying source patchToFace
    Adding all faces of patches: (iris_wall) ...
    Found matching patch iris_wall with 240 faces
    faceSet ac_inlet_left_faces now size 799
Read set faceSet ac_inlet_left_faces size:799
    Applying source patchToFace
    Adding all faces of patches: (demote_wall) ...
--> FOAM Warning : 
    From Foam::labelHashSet Foam::polyBoundaryMesh::patchSet(const Foam::UList<Foam::wordRe>&, bool, bool) const
    in file meshes/polyMesh/polyBoundaryMesh/polyBoundaryMesh.C at line 1158
    Cannot find any patch names matching demote_wall
--> FOAM Warning : 
    From void Foam::patchToFace::combine(Foam::topoSet&, bool) const
    in file topoSet/faceSources/patchToFace/patchToFace.C at line 96
    Cannot find any patches matching (demote_wall)
Valid names: (wall iris_wall outlet_tm lens_wall ac_inlet ac_inlet_left outlet_tm_left defaultFaces)
    faceSet ac_inlet_left_faces now size 799
Read set faceSet ac_inlet_left_faces size:799
    Applying source patchToFace
    Adding all faces of patches: (inlet_demote_wall) ...
--> FOAM Warning : 
    From Foam::labelHashSet Foam::polyBoundaryMesh::patchSet(const Foam::UList<Foam::wordRe>&, bool, bool) const
    in file meshes/polyMesh/polyBoundaryMesh/polyBoundaryMesh.C at line 1158
    Cannot find any patch names matching inlet_demote_wall
--> FOAM Warning : 
    From void Foam::patchToFace::combine(Foam::topoSet&, bool) const
    in file topoSet/faceSources/patchToFace/patchToFace.C at line 96
    Cannot find any patches matching (inlet_demote_wall)
Valid names: (wall iris_wall outlet_tm lens_wall ac_inlet ac_inlet_left outlet_tm_left defaultFaces)
    faceSet ac_inlet_left_faces now size 799
Read set faceSet ac_inlet_left_faces size:799
    Applying source boxToFace
    Adding faces with centre within boxes 1((-0.00705 -0.00392 -1e-05) (-0.00688 -0.0033 0.001001))
    faceSet ac_inlet_left_faces now size 7
Created faceSet demote_to_wall
    Applying source patchToFace
    Adding all faces of patches: (outlet_tm) ...
    Found matching patch outlet_tm with 6 faces
    faceSet demote_to_wall now size 6
Read set faceSet demote_to_wall size:6
    Applying source patchToFace
    Adding all faces of patches: (outlet_tm_left) ...
    Found matching patch outlet_tm_left with 6 faces
    faceSet demote_to_wall now size 12
Read set faceSet demote_to_wall size:12
    Applying source patchToFace
    Adding all faces of patches: (ac_inlet) ...
    Found matching patch ac_inlet with 5 faces
    faceSet demote_to_wall now size 17
Read set faceSet demote_to_wall size:17
    Applying source patchToFace
    Adding all faces of patches: (ac_inlet_left) ...
    Found matching patch ac_inlet_left with 5 faces
    faceSet demote_to_wall now size 22
Read set faceSet demote_to_wall size:22
    Applying source faceToFace
    Removing all elements of face sets: (outlet_tm_faces)
    faceSet demote_to_wall now size 18
Read set faceSet demote_to_wall size:18
    Applying source faceToFace
    Removing all elements of face sets: (outlet_tm_left_faces)
    faceSet demote_to_wall now size 14
Read set faceSet demote_to_wall size:14
    Applying source faceToFace
    Removing all elements of face sets: (ac_inlet_faces)
    faceSet demote_to_wall now size 9
Read set faceSet demote_to_wall size:9
    Applying source faceToFace
    Removing all elements of face sets: (ac_inlet_left_faces)
    faceSet demote_to_wall now size 4
Time = 150
    mesh not changed.
Created faceSet outlet_tm_faces
    Applying source patchToFace
    Adding all faces of patches: (outlet_tm) ...
    Found matching patch outlet_tm with 6 faces
    faceSet outlet_tm_faces now size 6
Read set faceSet outlet_tm_faces size:6
    Applying source patchToFace
    Adding all faces of patches: (wall) ...
    Found matching patch wall with 554 faces
    faceSet outlet_tm_faces now size 560
Read set faceSet outlet_tm_faces size:560
    Applying source patchToFace
    Adding all faces of patches: (iris_wall) ...
    Found matching patch iris_wall with 240 faces
    faceSet outlet_tm_faces now size 800
Read set faceSet outlet_tm_faces size:800
    Applying source patchToFace
    Adding all faces of patches: (demote_wall) ...
--> FOAM Warning : 
    From Foam::labelHashSet Foam::polyBoundaryMesh::patchSet(const Foam::UList<Foam::wordRe>&, bool, bool) const
    in file meshes/polyMesh/polyBoundaryMesh/polyBoundaryMesh.C at line 1158
    Cannot find any patch names matching demote_wall
--> FOAM Warning : 
    From void Foam::patchToFace::combine(Foam::topoSet&, bool) const
    in file topoSet/faceSources/patchToFace/patchToFace.C at line 96
    Cannot find any patches matching (demote_wall)
Valid names: (wall iris_wall outlet_tm lens_wall ac_inlet ac_inlet_left outlet_tm_left defaultFaces)
    faceSet outlet_tm_faces now size 800
Read set faceSet outlet_tm_faces size:800
    Applying source boxToFace
    Adding faces with centre within boxes 1((0.00665 -0.00485 -1e-05) (0.00698 -0.00445 0.001001))
    faceSet outlet_tm_faces now size 4
Created faceSet outlet_tm_left_faces
    Applying source patchToFace
    Adding all faces of patches: (outlet_tm_left) ...
    Found matching patch outlet_tm_left with 6 faces
    faceSet outlet_tm_left_faces now size 6
Read set faceSet outlet_tm_left_faces size:6
    Applying source patchToFace
    Adding all faces of patches: (wall) ...
    Found matching patch wall with 554 faces
    faceSet outlet_tm_left_faces now size 560
Read set faceSet outlet_tm_left_faces size:560
    Applying source patchToFace
    Adding all faces of patches: (iris_wall) ...
    Found matching patch iris_wall with 240 faces
    faceSet outlet_tm_left_faces now size 800
Read set faceSet outlet_tm_left_faces size:800
    Applying source patchToFace
    Adding all faces of patches: (demote_wall) ...
--> FOAM Warning : 
    From Foam::labelHashSet Foam::polyBoundaryMesh::patchSet(const Foam::UList<Foam::wordRe>&, bool, bool) const
    in file meshes/polyMesh/polyBoundaryMesh/polyBoundaryMesh.C at line 1158
    Cannot find any patch names matching demote_wall
--> FOAM Warning : 
    From void Foam::patchToFace::combine(Foam::topoSet&, bool) const
    in file topoSet/faceSources/patchToFace/patchToFace.C at line 96
    Cannot find any patches matching (demote_wall)
Valid names: (wall iris_wall outlet_tm lens_wall ac_inlet ac_inlet_left outlet_tm_left defaultFaces)
    faceSet outlet_tm_left_faces now size 800
Read set faceSet outlet_tm_left_faces size:800
    Applying source boxToFace
    Adding faces with centre within boxes 1((-0.00698 -0.00485 -1e-05) (-0.00665 -0.00445 0.001001))
    faceSet outlet_tm_left_faces now size 4
Created faceSet ac_inlet_faces
    Applying source patchToFace
    Adding all faces of patches: (ac_inlet) ...
    Found matching patch ac_inlet with 5 faces
    faceSet ac_inlet_faces now size 5
Read set faceSet ac_inlet_faces size:5
    Applying source patchToFace
    Adding all faces of patches: (wall) ...
    Found matching patch wall with 554 faces
    faceSet ac_inlet_faces now size 559
Read set faceSet ac_inlet_faces size:559
    Applying source patchToFace
    Adding all faces of patches: (iris_wall) ...
    Found matching patch iris_wall with 240 faces
    faceSet ac_inlet_faces now size 799
Read set faceSet ac_inlet_faces size:799
    Applying source patchToFace
    Adding all faces of patches: (demote_wall) ...
--> FOAM Warning : 
    From Foam::labelHashSet Foam::polyBoundaryMesh::patchSet(const Foam::UList<Foam::wordRe>&, bool, bool) const
    in file meshes/polyMesh/polyBoundaryMesh/polyBoundaryMesh.C at line 1158
    Cannot find any patch names matching demote_wall
--> FOAM Warning : 
    From void Foam::patchToFace::combine(Foam::topoSet&, bool) const
    in file topoSet/faceSources/patchToFace/patchToFace.C at line 96
    Cannot find any patches matching (demote_wall)
Valid names: (wall iris_wall outlet_tm lens_wall ac_inlet ac_inlet_left outlet_tm_left defaultFaces)
    faceSet ac_inlet_faces now size 799
Read set faceSet ac_inlet_faces size:799
    Applying source patchToFace
    Adding all faces of patches: (inlet_demote_wall) ...
--> FOAM Warning : 
    From Foam::labelHashSet Foam::polyBoundaryMesh::patchSet(const Foam::UList<Foam::wordRe>&, bool, bool) const
    in file meshes/polyMesh/polyBoundaryMesh/polyBoundaryMesh.C at line 1158
    Cannot find any patch names matching inlet_demote_wall
--> FOAM Warning : 
    From void Foam::patchToFace::combine(Foam::topoSet&, bool) const
    in file topoSet/faceSources/patchToFace/patchToFace.C at line 96
    Cannot find any patches matching (inlet_demote_wall)
Valid names: (wall iris_wall outlet_tm lens_wall ac_inlet ac_inlet_left outlet_tm_left defaultFaces)
    faceSet ac_inlet_faces now size 799
Read set faceSet ac_inlet_faces size:799
    Applying source boxToFace
    Adding faces with centre within boxes 1((0.00688 -0.00392 -1e-05) (0.00705 -0.0033 0.001001))
    faceSet ac_inlet_faces now size 7
Created faceSet ac_inlet_left_faces
    Applying source patchToFace
    Adding all faces of patches: (ac_inlet_left) ...
    Found matching patch ac_inlet_left with 5 faces
    faceSet ac_inlet_left_faces now size 5
Read set faceSet ac_inlet_left_faces size:5
    Applying source patchToFace
    Adding all faces of patches: (wall) ...
    Found matching patch wall with 554 faces
    faceSet ac_inlet_left_faces now size 559
Read set faceSet ac_inlet_left_faces size:559
    Applying source patchToFace
    Adding all faces of patches: (iris_wall) ...
    Found matching patch iris_wall with 240 faces
    faceSet ac_inlet_left_faces now size 799
Read set faceSet ac_inlet_left_faces size:799
    Applying source patchToFace
    Adding all faces of patches: (demote_wall) ...
--> FOAM Warning : 
    From Foam::labelHashSet Foam::polyBoundaryMesh::patchSet(const Foam::UList<Foam::wordRe>&, bool, bool) const
    in file meshes/polyMesh/polyBoundaryMesh/polyBoundaryMesh.C at line 1158
    Cannot find any patch names matching demote_wall
--> FOAM Warning : 
    From void Foam::patchToFace::combine(Foam::topoSet&, bool) const
    in file topoSet/faceSources/patchToFace/patchToFace.C at line 96
    Cannot find any patches matching (demote_wall)
Valid names: (wall iris_wall outlet_tm lens_wall ac_inlet ac_inlet_left outlet_tm_left defaultFaces)
    faceSet ac_inlet_left_faces now size 799
Read set faceSet ac_inlet_left_faces size:799
    Applying source patchToFace
    Adding all faces of patches: (inlet_demote_wall) ...
--> FOAM Warning : 
    From Foam::labelHashSet Foam::polyBoundaryMesh::patchSet(const Foam::UList<Foam::wordRe>&, bool, bool) const
    in file meshes/polyMesh/polyBoundaryMesh/polyBoundaryMesh.C at line 1158
    Cannot find any patch names matching inlet_demote_wall
--> FOAM Warning : 
    From void Foam::patchToFace::combine(Foam::topoSet&, bool) const
    in file topoSet/faceSources/patchToFace/patchToFace.C at line 96
    Cannot find any patches matching (inlet_demote_wall)
Valid names: (wall iris_wall outlet_tm lens_wall ac_inlet ac_inlet_left outlet_tm_left defaultFaces)
    faceSet ac_inlet_left_faces now size 799
Read set faceSet ac_inlet_left_faces size:799
    Applying source boxToFace
    Adding faces with centre within boxes 1((-0.00705 -0.00392 -1e-05) (-0.00688 -0.0033 0.001001))
    faceSet ac_inlet_left_faces now size 7
Created faceSet demote_to_wall
    Applying source patchToFace
    Adding all faces of patches: (outlet_tm) ...
    Found matching patch outlet_tm with 6 faces
    faceSet demote_to_wall now size 6
Read set faceSet demote_to_wall size:6
    Applying source patchToFace
    Adding all faces of patches: (outlet_tm_left) ...
    Found matching patch outlet_tm_left with 6 faces
    faceSet demote_to_wall now size 12
Read set faceSet demote_to_wall size:12
    Applying source patchToFace
    Adding all faces of patches: (ac_inlet) ...
    Found matching patch ac_inlet with 5 faces
    faceSet demote_to_wall now size 17
Read set faceSet demote_to_wall size:17
    Applying source patchToFace
    Adding all faces of patches: (ac_inlet_left) ...
    Found matching patch ac_inlet_left with 5 faces
    faceSet demote_to_wall now size 22
Read set faceSet demote_to_wall size:22
    Applying source faceToFace
    Removing all elements of face sets: (outlet_tm_faces)
    faceSet demote_to_wall now size 18
Read set faceSet demote_to_wall size:18
    Applying source faceToFace
    Removing all elements of face sets: (outlet_tm_left_faces)
    faceSet demote_to_wall now size 14
Read set faceSet demote_to_wall size:14
    Applying source faceToFace
    Removing all elements of face sets: (ac_inlet_faces)
    faceSet demote_to_wall now size 9
Read set faceSet demote_to_wall size:9
    Applying source faceToFace
    Removing all elements of face sets: (ac_inlet_left_faces)
    faceSet demote_to_wall now size 4
Time = 200
    mesh not changed.
Created faceSet outlet_tm_faces
    Applying source patchToFace
    Adding all faces of patches: (outlet_tm) ...
    Found matching patch outlet_tm with 6 faces
    faceSet outlet_tm_faces now size 6
Read set faceSet outlet_tm_faces size:6
    Applying source patchToFace
    Adding all faces of patches: (wall) ...
    Found matching patch wall with 554 faces
    faceSet outlet_tm_faces now size 560
Read set faceSet outlet_tm_faces size:560
    Applying source patchToFace
    Adding all faces of patches: (iris_wall) ...
    Found matching patch iris_wall with 240 faces
    faceSet outlet_tm_faces now size 800
Read set faceSet outlet_tm_faces size:800
    Applying source patchToFace
    Adding all faces of patches: (demote_wall) ...
--> FOAM Warning : 
    From Foam::labelHashSet Foam::polyBoundaryMesh::patchSet(const Foam::UList<Foam::wordRe>&, bool, bool) const
    in file meshes/polyMesh/polyBoundaryMesh/polyBoundaryMesh.C at line 1158
    Cannot find any patch names matching demote_wall
--> FOAM Warning : 
    From void Foam::patchToFace::combine(Foam::topoSet&, bool) const
    in file topoSet/faceSources/patchToFace/patchToFace.C at line 96
    Cannot find any patches matching (demote_wall)
Valid names: (wall iris_wall outlet_tm lens_wall ac_inlet ac_inlet_left outlet_tm_left defaultFaces)
    faceSet outlet_tm_faces now size 800
Read set faceSet outlet_tm_faces size:800
    Applying source boxToFace
    Adding faces with centre within boxes 1((0.00665 -0.00485 -1e-05) (0.00698 -0.00445 0.001001))
    faceSet outlet_tm_faces now size 4
Created faceSet outlet_tm_left_faces
    Applying source patchToFace
    Adding all faces of patches: (outlet_tm_left) ...
    Found matching patch outlet_tm_left with 6 faces
    faceSet outlet_tm_left_faces now size 6
Read set faceSet outlet_tm_left_faces size:6
    Applying source patchToFace
    Adding all faces of patches: (wall) ...
    Found matching patch wall with 554 faces
    faceSet outlet_tm_left_faces now size 560
Read set faceSet outlet_tm_left_faces size:560
    Applying source patchToFace
    Adding all faces of patches: (iris_wall) ...
    Found matching patch iris_wall with 240 faces
    faceSet outlet_tm_left_faces now size 800
Read set faceSet outlet_tm_left_faces size:800
    Applying source patchToFace
    Adding all faces of patches: (demote_wall) ...
--> FOAM Warning : 
    From Foam::labelHashSet Foam::polyBoundaryMesh::patchSet(const Foam::UList<Foam::wordRe>&, bool, bool) const
    in file meshes/polyMesh/polyBoundaryMesh/polyBoundaryMesh.C at line 1158
    Cannot find any patch names matching demote_wall
--> FOAM Warning : 
    From void Foam::patchToFace::combine(Foam::topoSet&, bool) const
    in file topoSet/faceSources/patchToFace/patchToFace.C at line 96
    Cannot find any patches matching (demote_wall)
Valid names: (wall iris_wall outlet_tm lens_wall ac_inlet ac_inlet_left outlet_tm_left defaultFaces)
    faceSet outlet_tm_left_faces now size 800
Read set faceSet outlet_tm_left_faces size:800
    Applying source boxToFace
    Adding faces with centre within boxes 1((-0.00698 -0.00485 -1e-05) (-0.00665 -0.00445 0.001001))
    faceSet outlet_tm_left_faces now size 4
Created faceSet ac_inlet_faces
    Applying source patchToFace
    Adding all faces of patches: (ac_inlet) ...
    Found matching patch ac_inlet with 5 faces
    faceSet ac_inlet_faces now size 5
Read set faceSet ac_inlet_faces size:5
    Applying source patchToFace
    Adding all faces of patches: (wall) ...
    Found matching patch wall with 554 faces
    faceSet ac_inlet_faces now size 559
Read set faceSet ac_inlet_faces size:559
    Applying source patchToFace
    Adding all faces of patches: (iris_wall) ...
    Found matching patch iris_wall with 240 faces
    faceSet ac_inlet_faces now size 799
Read set faceSet ac_inlet_faces size:799
    Applying source patchToFace
    Adding all faces of patches: (demote_wall) ...
--> FOAM Warning : 
    From Foam::labelHashSet Foam::polyBoundaryMesh::patchSet(const Foam::UList<Foam::wordRe>&, bool, bool) const
    in file meshes/polyMesh/polyBoundaryMesh/polyBoundaryMesh.C at line 1158
    Cannot find any patch names matching demote_wall
--> FOAM Warning : 
    From void Foam::patchToFace::combine(Foam::topoSet&, bool) const
    in file topoSet/faceSources/patchToFace/patchToFace.C at line 96
    Cannot find any patches matching (demote_wall)
Valid names: (wall iris_wall outlet_tm lens_wall ac_inlet ac_inlet_left outlet_tm_left defaultFaces)
    faceSet ac_inlet_faces now size 799
Read set faceSet ac_inlet_faces size:799
    Applying source patchToFace
    Adding all faces of patches: (inlet_demote_wall) ...
--> FOAM Warning : 
    From Foam::labelHashSet Foam::polyBoundaryMesh::patchSet(const Foam::UList<Foam::wordRe>&, bool, bool) const
    in file meshes/polyMesh/polyBoundaryMesh/polyBoundaryMesh.C at line 1158
    Cannot find any patch names matching inlet_demote_wall
--> FOAM Warning : 
    From void Foam::patchToFace::combine(Foam::topoSet&, bool) const
    in file topoSet/faceSources/patchToFace/patchToFace.C at line 96
    Cannot find any patches matching (inlet_demote_wall)
Valid names: (wall iris_wall outlet_tm lens_wall ac_inlet ac_inlet_left outlet_tm_left defaultFaces)
    faceSet ac_inlet_faces now size 799
Read set faceSet ac_inlet_faces size:799
    Applying source boxToFace
    Adding faces with centre within boxes 1((0.00688 -0.00392 -1e-05) (0.00705 -0.0033 0.001001))
    faceSet ac_inlet_faces now size 7
Created faceSet ac_inlet_left_faces
    Applying source patchToFace
    Adding all faces of patches: (ac_inlet_left) ...
    Found matching patch ac_inlet_left with 5 faces
    faceSet ac_inlet_left_faces now size 5
Read set faceSet ac_inlet_left_faces size:5
    Applying source patchToFace
    Adding all faces of patches: (wall) ...
    Found matching patch wall with 554 faces
    faceSet ac_inlet_left_faces now size 559
Read set faceSet ac_inlet_left_faces size:559
    Applying source patchToFace
    Adding all faces of patches: (iris_wall) ...
    Found matching patch iris_wall with 240 faces
    faceSet ac_inlet_left_faces now size 799
Read set faceSet ac_inlet_left_faces size:799
    Applying source patchToFace
    Adding all faces of patches: (demote_wall) ...
--> FOAM Warning : 
    From Foam::labelHashSet Foam::polyBoundaryMesh::patchSet(const Foam::UList<Foam::wordRe>&, bool, bool) const
    in file meshes/polyMesh/polyBoundaryMesh/polyBoundaryMesh.C at line 1158
    Cannot find any patch names matching demote_wall
--> FOAM Warning : 
    From void Foam::patchToFace::combine(Foam::topoSet&, bool) const
    in file topoSet/faceSources/patchToFace/patchToFace.C at line 96
    Cannot find any patches matching (demote_wall)
Valid names: (wall iris_wall outlet_tm lens_wall ac_inlet ac_inlet_left outlet_tm_left defaultFaces)
    faceSet ac_inlet_left_faces now size 799
Read set faceSet ac_inlet_left_faces size:799
    Applying source patchToFace
    Adding all faces of patches: (inlet_demote_wall) ...
--> FOAM Warning : 
    From Foam::labelHashSet Foam::polyBoundaryMesh::patchSet(const Foam::UList<Foam::wordRe>&, bool, bool) const
    in file meshes/polyMesh/polyBoundaryMesh/polyBoundaryMesh.C at line 1158
    Cannot find any patch names matching inlet_demote_wall
--> FOAM Warning : 
    From void Foam::patchToFace::combine(Foam::topoSet&, bool) const
    in file topoSet/faceSources/patchToFace/patchToFace.C at line 96
    Cannot find any patches matching (inlet_demote_wall)
Valid names: (wall iris_wall outlet_tm lens_wall ac_inlet ac_inlet_left outlet_tm_left defaultFaces)
    faceSet ac_inlet_left_faces now size 799
Read set faceSet ac_inlet_left_faces size:799
    Applying source boxToFace
    Adding faces with centre within boxes 1((-0.00705 -0.00392 -1e-05) (-0.00688 -0.0033 0.001001))
    faceSet ac_inlet_left_faces now size 7
Created faceSet demote_to_wall
    Applying source patchToFace
    Adding all faces of patches: (outlet_tm) ...
    Found matching patch outlet_tm with 6 faces
    faceSet demote_to_wall now size 6
Read set faceSet demote_to_wall size:6
    Applying source patchToFace
    Adding all faces of patches: (outlet_tm_left) ...
    Found matching patch outlet_tm_left with 6 faces
    faceSet demote_to_wall now size 12
Read set faceSet demote_to_wall size:12
    Applying source patchToFace
    Adding all faces of patches: (ac_inlet) ...
    Found matching patch ac_inlet with 5 faces
    faceSet demote_to_wall now size 17
Read set faceSet demote_to_wall size:17
    Applying source patchToFace
    Adding all faces of patches: (ac_inlet_left) ...
    Found matching patch ac_inlet_left with 5 faces
    faceSet demote_to_wall now size 22
Read set faceSet demote_to_wall size:22
    Applying source faceToFace
    Removing all elements of face sets: (outlet_tm_faces)
    faceSet demote_to_wall now size 18
Read set faceSet demote_to_wall size:18
    Applying source faceToFace
    Removing all elements of face sets: (outlet_tm_left_faces)
    faceSet demote_to_wall now size 14
Read set faceSet demote_to_wall size:14
    Applying source faceToFace
    Removing all elements of face sets: (ac_inlet_faces)
    faceSet demote_to_wall now size 9
Read set faceSet demote_to_wall size:9
    Applying source faceToFace
    Removing all elements of face sets: (ac_inlet_left_faces)
    faceSet demote_to_wall now size 4
Time = 242
    mesh not changed.
Created faceSet outlet_tm_faces
    Applying source patchToFace
    Adding all faces of patches: (outlet_tm) ...
    Found matching patch outlet_tm with 6 faces
    faceSet outlet_tm_faces now size 6
Read set faceSet outlet_tm_faces size:6
    Applying source patchToFace
    Adding all faces of patches: (wall) ...
    Found matching patch wall with 554 faces
    faceSet outlet_tm_faces now size 560
Read set faceSet outlet_tm_faces size:560
    Applying source patchToFace
    Adding all faces of patches: (iris_wall) ...
    Found matching patch iris_wall with 240 faces
    faceSet outlet_tm_faces now size 800
Read set faceSet outlet_tm_faces size:800
    Applying source patchToFace
    Adding all faces of patches: (demote_wall) ...
--> FOAM Warning : 
    From Foam::labelHashSet Foam::polyBoundaryMesh::patchSet(const Foam::UList<Foam::wordRe>&, bool, bool) const
    in file meshes/polyMesh/polyBoundaryMesh/polyBoundaryMesh.C at line 1158
    Cannot find any patch names matching demote_wall
--> FOAM Warning : 
    From void Foam::patchToFace::combine(Foam::topoSet&, bool) const
    in file topoSet/faceSources/patchToFace/patchToFace.C at line 96
    Cannot find any patches matching (demote_wall)
Valid names: (wall iris_wall outlet_tm lens_wall ac_inlet ac_inlet_left outlet_tm_left defaultFaces)
    faceSet outlet_tm_faces now size 800
Read set faceSet outlet_tm_faces size:800
    Applying source boxToFace
    Adding faces with centre within boxes 1((0.00665 -0.00485 -1e-05) (0.00698 -0.00445 0.001001))
    faceSet outlet_tm_faces now size 4
Created faceSet outlet_tm_left_faces
    Applying source patchToFace
    Adding all faces of patches: (outlet_tm_left) ...
    Found matching patch outlet_tm_left with 6 faces
    faceSet outlet_tm_left_faces now size 6
Read set faceSet outlet_tm_left_faces size:6
    Applying source patchToFace
    Adding all faces of patches: (wall) ...
    Found matching patch wall with 554 faces
    faceSet outlet_tm_left_faces now size 560
Read set faceSet outlet_tm_left_faces size:560
    Applying source patchToFace
    Adding all faces of patches: (iris_wall) ...
    Found matching patch iris_wall with 240 faces
    faceSet outlet_tm_left_faces now size 800
Read set faceSet outlet_tm_left_faces size:800
    Applying source patchToFace
    Adding all faces of patches: (demote_wall) ...
--> FOAM Warning : 
    From Foam::labelHashSet Foam::polyBoundaryMesh::patchSet(const Foam::UList<Foam::wordRe>&, bool, bool) const
    in file meshes/polyMesh/polyBoundaryMesh/polyBoundaryMesh.C at line 1158
    Cannot find any patch names matching demote_wall
--> FOAM Warning : 
    From void Foam::patchToFace::combine(Foam::topoSet&, bool) const
    in file topoSet/faceSources/patchToFace/patchToFace.C at line 96
    Cannot find any patches matching (demote_wall)
Valid names: (wall iris_wall outlet_tm lens_wall ac_inlet ac_inlet_left outlet_tm_left defaultFaces)
    faceSet outlet_tm_left_faces now size 800
Read set faceSet outlet_tm_left_faces size:800
    Applying source boxToFace
    Adding faces with centre within boxes 1((-0.00698 -0.00485 -1e-05) (-0.00665 -0.00445 0.001001))
    faceSet outlet_tm_left_faces now size 4
Created faceSet ac_inlet_faces
    Applying source patchToFace
    Adding all faces of patches: (ac_inlet) ...
    Found matching patch ac_inlet with 5 faces
    faceSet ac_inlet_faces now size 5
Read set faceSet ac_inlet_faces size:5
    Applying source patchToFace
    Adding all faces of patches: (wall) ...
    Found matching patch wall with 554 faces
    faceSet ac_inlet_faces now size 559
Read set faceSet ac_inlet_faces size:559
    Applying source patchToFace
    Adding all faces of patches: (iris_wall) ...
    Found matching patch iris_wall with 240 faces
    faceSet ac_inlet_faces now size 799
Read set faceSet ac_inlet_faces size:799
    Applying source patchToFace
    Adding all faces of patches: (demote_wall) ...
--> FOAM Warning : 
    From Foam::labelHashSet Foam::polyBoundaryMesh::patchSet(const Foam::UList<Foam::wordRe>&, bool, bool) const
    in file meshes/polyMesh/polyBoundaryMesh/polyBoundaryMesh.C at line 1158
    Cannot find any patch names matching demote_wall
--> FOAM Warning : 
    From void Foam::patchToFace::combine(Foam::topoSet&, bool) const
    in file topoSet/faceSources/patchToFace/patchToFace.C at line 96
    Cannot find any patches matching (demote_wall)
Valid names: (wall iris_wall outlet_tm lens_wall ac_inlet ac_inlet_left outlet_tm_left defaultFaces)
    faceSet ac_inlet_faces now size 799
Read set faceSet ac_inlet_faces size:799
    Applying source patchToFace
    Adding all faces of patches: (inlet_demote_wall) ...
--> FOAM Warning : 
    From Foam::labelHashSet Foam::polyBoundaryMesh::patchSet(const Foam::UList<Foam::wordRe>&, bool, bool) const
    in file meshes/polyMesh/polyBoundaryMesh/polyBoundaryMesh.C at line 1158
    Cannot find any patch names matching inlet_demote_wall
--> FOAM Warning : 
    From void Foam::patchToFace::combine(Foam::topoSet&, bool) const
    in file topoSet/faceSources/patchToFace/patchToFace.C at line 96
    Cannot find any patches matching (inlet_demote_wall)
Valid names: (wall iris_wall outlet_tm lens_wall ac_inlet ac_inlet_left outlet_tm_left defaultFaces)
    faceSet ac_inlet_faces now size 799
Read set faceSet ac_inlet_faces size:799
    Applying source boxToFace
    Adding faces with centre within boxes 1((0.00688 -0.00392 -1e-05) (0.00705 -0.0033 0.001001))
    faceSet ac_inlet_faces now size 7
Created faceSet ac_inlet_left_faces
    Applying source patchToFace
    Adding all faces of patches: (ac_inlet_left) ...
    Found matching patch ac_inlet_left with 5 faces
    faceSet ac_inlet_left_faces now size 5
Read set faceSet ac_inlet_left_faces size:5
    Applying source patchToFace
    Adding all faces of patches: (wall) ...
    Found matching patch wall with 554 faces
    faceSet ac_inlet_left_faces now size 559
Read set faceSet ac_inlet_left_faces size:559
    Applying source patchToFace
    Adding all faces of patches: (iris_wall) ...
    Found matching patch iris_wall with 240 faces
    faceSet ac_inlet_left_faces now size 799
Read set faceSet ac_inlet_left_faces size:799
    Applying source patchToFace
    Adding all faces of patches: (demote_wall) ...
--> FOAM Warning : 
    From Foam::labelHashSet Foam::polyBoundaryMesh::patchSet(const Foam::UList<Foam::wordRe>&, bool, bool) const
    in file meshes/polyMesh/polyBoundaryMesh/polyBoundaryMesh.C at line 1158
    Cannot find any patch names matching demote_wall
--> FOAM Warning : 
    From void Foam::patchToFace::combine(Foam::topoSet&, bool) const
    in file topoSet/faceSources/patchToFace/patchToFace.C at line 96
    Cannot find any patches matching (demote_wall)
Valid names: (wall iris_wall outlet_tm lens_wall ac_inlet ac_inlet_left outlet_tm_left defaultFaces)
    faceSet ac_inlet_left_faces now size 799
Read set faceSet ac_inlet_left_faces size:799
    Applying source patchToFace
    Adding all faces of patches: (inlet_demote_wall) ...
--> FOAM Warning : 
    From Foam::labelHashSet Foam::polyBoundaryMesh::patchSet(const Foam::UList<Foam::wordRe>&, bool, bool) const
    in file meshes/polyMesh/polyBoundaryMesh/polyBoundaryMesh.C at line 1158
    Cannot find any patch names matching inlet_demote_wall
--> FOAM Warning : 
    From void Foam::patchToFace::combine(Foam::topoSet&, bool) const
    in file topoSet/faceSources/patchToFace/patchToFace.C at line 96
    Cannot find any patches matching (inlet_demote_wall)
Valid names: (wall iris_wall outlet_tm lens_wall ac_inlet ac_inlet_left outlet_tm_left defaultFaces)
    faceSet ac_inlet_left_faces now size 799
Read set faceSet ac_inlet_left_faces size:799
    Applying source boxToFace
    Adding faces with centre within boxes 1((-0.00705 -0.00392 -1e-05) (-0.00688 -0.0033 0.001001))
    faceSet ac_inlet_left_faces now size 7
Created faceSet demote_to_wall
    Applying source patchToFace
    Adding all faces of patches: (outlet_tm) ...
    Found matching patch outlet_tm with 6 faces
    faceSet demote_to_wall now size 6
Read set faceSet demote_to_wall size:6
    Applying source patchToFace
    Adding all faces of patches: (outlet_tm_left) ...
    Found matching patch outlet_tm_left with 6 faces
    faceSet demote_to_wall now size 12
Read set faceSet demote_to_wall size:12
    Applying source patchToFace
    Adding all faces of patches: (ac_inlet) ...
    Found matching patch ac_inlet with 5 faces
    faceSet demote_to_wall now size 17
Read set faceSet demote_to_wall size:17
    Applying source patchToFace
    Adding all faces of patches: (ac_inlet_left) ...
    Found matching patch ac_inlet_left with 5 faces
    faceSet demote_to_wall now size 22
Read set faceSet demote_to_wall size:22
    Applying source faceToFace
    Removing all elements of face sets: (outlet_tm_faces)
    faceSet demote_to_wall now size 18
Read set faceSet demote_to_wall size:18
    Applying source faceToFace
    Removing all elements of face sets: (outlet_tm_left_faces)
    faceSet demote_to_wall now size 14
Read set faceSet demote_to_wall size:14
    Applying source faceToFace
    Removing all elements of face sets: (ac_inlet_faces)
    faceSet demote_to_wall now size 9
Read set faceSet demote_to_wall size:9
    Applying source faceToFace
    Removing all elements of face sets: (ac_inlet_left_faces)
    faceSet demote_to_wall now size 4
Time = 243
    mesh not changed.
Created faceSet outlet_tm_faces
    Applying source patchToFace
    Adding all faces of patches: (outlet_tm) ...
    Found matching patch outlet_tm with 6 faces
    faceSet outlet_tm_faces now size 6
Read set faceSet outlet_tm_faces size:6
    Applying source patchToFace
    Adding all faces of patches: (wall) ...
    Found matching patch wall with 554 faces
    faceSet outlet_tm_faces now size 560
Read set faceSet outlet_tm_faces size:560
    Applying source patchToFace
    Adding all faces of patches: (iris_wall) ...
    Found matching patch iris_wall with 240 faces
    faceSet outlet_tm_faces now size 800
Read set faceSet outlet_tm_faces size:800
    Applying source patchToFace
    Adding all faces of patches: (demote_wall) ...
--> FOAM Warning : 
    From Foam::labelHashSet Foam::polyBoundaryMesh::patchSet(const Foam::UList<Foam::wordRe>&, bool, bool) const
    in file meshes/polyMesh/polyBoundaryMesh/polyBoundaryMesh.C at line 1158
    Cannot find any patch names matching demote_wall
--> FOAM Warning : 
    From void Foam::patchToFace::combine(Foam::topoSet&, bool) const
    in file topoSet/faceSources/patchToFace/patchToFace.C at line 96
    Cannot find any patches matching (demote_wall)
Valid names: (wall iris_wall outlet_tm lens_wall ac_inlet ac_inlet_left outlet_tm_left defaultFaces)
    faceSet outlet_tm_faces now size 800
Read set faceSet outlet_tm_faces size:800
    Applying source boxToFace
    Adding faces with centre within boxes 1((0.00665 -0.00485 -1e-05) (0.00698 -0.00445 0.001001))
    faceSet outlet_tm_faces now size 4
Created faceSet outlet_tm_left_faces
    Applying source patchToFace
    Adding all faces of patches: (outlet_tm_left) ...
    Found matching patch outlet_tm_left with 6 faces
    faceSet outlet_tm_left_faces now size 6
Read set faceSet outlet_tm_left_faces size:6
    Applying source patchToFace
    Adding all faces of patches: (wall) ...
    Found matching patch wall with 554 faces
    faceSet outlet_tm_left_faces now size 560
Read set faceSet outlet_tm_left_faces size:560
    Applying source patchToFace
    Adding all faces of patches: (iris_wall) ...
    Found matching patch iris_wall with 240 faces
    faceSet outlet_tm_left_faces now size 800
Read set faceSet outlet_tm_left_faces size:800
    Applying source patchToFace
    Adding all faces of patches: (demote_wall) ...
--> FOAM Warning : 
    From Foam::labelHashSet Foam::polyBoundaryMesh::patchSet(const Foam::UList<Foam::wordRe>&, bool, bool) const
    in file meshes/polyMesh/polyBoundaryMesh/polyBoundaryMesh.C at line 1158
    Cannot find any patch names matching demote_wall
--> FOAM Warning : 
    From void Foam::patchToFace::combine(Foam::topoSet&, bool) const
    in file topoSet/faceSources/patchToFace/patchToFace.C at line 96
    Cannot find any patches matching (demote_wall)
Valid names: (wall iris_wall outlet_tm lens_wall ac_inlet ac_inlet_left outlet_tm_left defaultFaces)
    faceSet outlet_tm_left_faces now size 800
Read set faceSet outlet_tm_left_faces size:800
    Applying source boxToFace
    Adding faces with centre within boxes 1((-0.00698 -0.00485 -1e-05) (-0.00665 -0.00445 0.001001))
    faceSet outlet_tm_left_faces now size 4
Created faceSet ac_inlet_faces
    Applying source patchToFace
    Adding all faces of patches: (ac_inlet) ...
    Found matching patch ac_inlet with 5 faces
    faceSet ac_inlet_faces now size 5
Read set faceSet ac_inlet_faces size:5
    Applying source patchToFace
    Adding all faces of patches: (wall) ...
    Found matching patch wall with 554 faces
    faceSet ac_inlet_faces now size 559
Read set faceSet ac_inlet_faces size:559
    Applying source patchToFace
    Adding all faces of patches: (iris_wall) ...
    Found matching patch iris_wall with 240 faces
    faceSet ac_inlet_faces now size 799
Read set faceSet ac_inlet_faces size:799
    Applying source patchToFace
    Adding all faces of patches: (demote_wall) ...
--> FOAM Warning : 
    From Foam::labelHashSet Foam::polyBoundaryMesh::patchSet(const Foam::UList<Foam::wordRe>&, bool, bool) const
    in file meshes/polyMesh/polyBoundaryMesh/polyBoundaryMesh.C at line 1158
    Cannot find any patch names matching demote_wall
--> FOAM Warning : 
    From void Foam::patchToFace::combine(Foam::topoSet&, bool) const
    in file topoSet/faceSources/patchToFace/patchToFace.C at line 96
    Cannot find any patches matching (demote_wall)
Valid names: (wall iris_wall outlet_tm lens_wall ac_inlet ac_inlet_left outlet_tm_left defaultFaces)
    faceSet ac_inlet_faces now size 799
Read set faceSet ac_inlet_faces size:799
    Applying source patchToFace
    Adding all faces of patches: (inlet_demote_wall) ...
--> FOAM Warning : 
    From Foam::labelHashSet Foam::polyBoundaryMesh::patchSet(const Foam::UList<Foam::wordRe>&, bool, bool) const
    in file meshes/polyMesh/polyBoundaryMesh/polyBoundaryMesh.C at line 1158
    Cannot find any patch names matching inlet_demote_wall
--> FOAM Warning : 
    From void Foam::patchToFace::combine(Foam::topoSet&, bool) const
    in file topoSet/faceSources/patchToFace/patchToFace.C at line 96
    Cannot find any patches matching (inlet_demote_wall)
Valid names: (wall iris_wall outlet_tm lens_wall ac_inlet ac_inlet_left outlet_tm_left defaultFaces)
    faceSet ac_inlet_faces now size 799
Read set faceSet ac_inlet_faces size:799
    Applying source boxToFace
    Adding faces with centre within boxes 1((0.00688 -0.00392 -1e-05) (0.00705 -0.0033 0.001001))
    faceSet ac_inlet_faces now size 7
Created faceSet ac_inlet_left_faces
    Applying source patchToFace
    Adding all faces of patches: (ac_inlet_left) ...
    Found matching patch ac_inlet_left with 5 faces
    faceSet ac_inlet_left_faces now size 5
Read set faceSet ac_inlet_left_faces size:5
    Applying source patchToFace
    Adding all faces of patches: (wall) ...
    Found matching patch wall with 554 faces
    faceSet ac_inlet_left_faces now size 559
Read set faceSet ac_inlet_left_faces size:559
    Applying source patchToFace
    Adding all faces of patches: (iris_wall) ...
    Found matching patch iris_wall with 240 faces
    faceSet ac_inlet_left_faces now size 799
Read set faceSet ac_inlet_left_faces size:799
    Applying source patchToFace
    Adding all faces of patches: (demote_wall) ...
--> FOAM Warning : 
    From Foam::labelHashSet Foam::polyBoundaryMesh::patchSet(const Foam::UList<Foam::wordRe>&, bool, bool) const
    in file meshes/polyMesh/polyBoundaryMesh/polyBoundaryMesh.C at line 1158
    Cannot find any patch names matching demote_wall
--> FOAM Warning : 
    From void Foam::patchToFace::combine(Foam::topoSet&, bool) const
    in file topoSet/faceSources/patchToFace/patchToFace.C at line 96
    Cannot find any patches matching (demote_wall)
Valid names: (wall iris_wall outlet_tm lens_wall ac_inlet ac_inlet_left outlet_tm_left defaultFaces)
    faceSet ac_inlet_left_faces now size 799
Read set faceSet ac_inlet_left_faces size:799
    Applying source patchToFace
    Adding all faces of patches: (inlet_demote_wall) ...
--> FOAM Warning : 
    From Foam::labelHashSet Foam::polyBoundaryMesh::patchSet(const Foam::UList<Foam::wordRe>&, bool, bool) const
    in file meshes/polyMesh/polyBoundaryMesh/polyBoundaryMesh.C at line 1158
    Cannot find any patch names matching inlet_demote_wall
--> FOAM Warning : 
    From void Foam::patchToFace::combine(Foam::topoSet&, bool) const
    in file topoSet/faceSources/patchToFace/patchToFace.C at line 96
    Cannot find any patches matching (inlet_demote_wall)
Valid names: (wall iris_wall outlet_tm lens_wall ac_inlet ac_inlet_left outlet_tm_left defaultFaces)
    faceSet ac_inlet_left_faces now size 799
Read set faceSet ac_inlet_left_faces size:799
    Applying source boxToFace
    Adding faces with centre within boxes 1((-0.00705 -0.00392 -1e-05) (-0.00688 -0.0033 0.001001))
    faceSet ac_inlet_left_faces now size 7
Created faceSet demote_to_wall
    Applying source patchToFace
    Adding all faces of patches: (outlet_tm) ...
    Found matching patch outlet_tm with 6 faces
    faceSet demote_to_wall now size 6
Read set faceSet demote_to_wall size:6
    Applying source patchToFace
    Adding all faces of patches: (outlet_tm_left) ...
    Found matching patch outlet_tm_left with 6 faces
    faceSet demote_to_wall now size 12
Read set faceSet demote_to_wall size:12
    Applying source patchToFace
    Adding all faces of patches: (ac_inlet) ...
    Found matching patch ac_inlet with 5 faces
    faceSet demote_to_wall now size 17
Read set faceSet demote_to_wall size:17
    Applying source patchToFace
    Adding all faces of patches: (ac_inlet_left) ...
    Found matching patch ac_inlet_left with 5 faces
    faceSet demote_to_wall now size 22
Read set faceSet demote_to_wall size:22
    Applying source faceToFace
    Removing all elements of face sets: (outlet_tm_faces)
    faceSet demote_to_wall now size 18
Read set faceSet demote_to_wall size:18
    Applying source faceToFace
    Removing all elements of face sets: (outlet_tm_left_faces)
    faceSet demote_to_wall now size 14
Read set faceSet demote_to_wall size:14
    Applying source faceToFace
    Removing all elements of face sets: (ac_inlet_faces)
    faceSet demote_to_wall now size 9
Read set faceSet demote_to_wall size:9
    Applying source faceToFace
    Removing all elements of face sets: (ac_inlet_left_faces)
    faceSet demote_to_wall now size 4
Time = 245
    mesh not changed.
Created faceSet outlet_tm_faces
    Applying source patchToFace
    Adding all faces of patches: (outlet_tm) ...
    Found matching patch outlet_tm with 6 faces
    faceSet outlet_tm_faces now size 6
Read set faceSet outlet_tm_faces size:6
    Applying source patchToFace
    Adding all faces of patches: (wall) ...
    Found matching patch wall with 554 faces
    faceSet outlet_tm_faces now size 560
Read set faceSet outlet_tm_faces size:560
    Applying source patchToFace
    Adding all faces of patches: (iris_wall) ...
    Found matching patch iris_wall with 240 faces
    faceSet outlet_tm_faces now size 800
Read set faceSet outlet_tm_faces size:800
    Applying source patchToFace
    Adding all faces of patches: (demote_wall) ...
--> FOAM Warning : 
    From Foam::labelHashSet Foam::polyBoundaryMesh::patchSet(const Foam::UList<Foam::wordRe>&, bool, bool) const
    in file meshes/polyMesh/polyBoundaryMesh/polyBoundaryMesh.C at line 1158
    Cannot find any patch names matching demote_wall
--> FOAM Warning : 
    From void Foam::patchToFace::combine(Foam::topoSet&, bool) const
    in file topoSet/faceSources/patchToFace/patchToFace.C at line 96
    Cannot find any patches matching (demote_wall)
Valid names: (wall iris_wall outlet_tm lens_wall ac_inlet ac_inlet_left outlet_tm_left defaultFaces)
    faceSet outlet_tm_faces now size 800
Read set faceSet outlet_tm_faces size:800
    Applying source boxToFace
    Adding faces with centre within boxes 1((0.00665 -0.00485 -1e-05) (0.00698 -0.00445 0.001001))
    faceSet outlet_tm_faces now size 4
Created faceSet outlet_tm_left_faces
    Applying source patchToFace
    Adding all faces of patches: (outlet_tm_left) ...
    Found matching patch outlet_tm_left with 6 faces
    faceSet outlet_tm_left_faces now size 6
Read set faceSet outlet_tm_left_faces size:6
    Applying source patchToFace
    Adding all faces of patches: (wall) ...
    Found matching patch wall with 554 faces
    faceSet outlet_tm_left_faces now size 560
Read set faceSet outlet_tm_left_faces size:560
    Applying source patchToFace
    Adding all faces of patches: (iris_wall) ...
    Found matching patch iris_wall with 240 faces
    faceSet outlet_tm_left_faces now size 800
Read set faceSet outlet_tm_left_faces size:800
    Applying source patchToFace
    Adding all faces of patches: (demote_wall) ...
--> FOAM Warning : 
    From Foam::labelHashSet Foam::polyBoundaryMesh::patchSet(const Foam::UList<Foam::wordRe>&, bool, bool) const
    in file meshes/polyMesh/polyBoundaryMesh/polyBoundaryMesh.C at line 1158
    Cannot find any patch names matching demote_wall
--> FOAM Warning : 
    From void Foam::patchToFace::combine(Foam::topoSet&, bool) const
    in file topoSet/faceSources/patchToFace/patchToFace.C at line 96
    Cannot find any patches matching (demote_wall)
Valid names: (wall iris_wall outlet_tm lens_wall ac_inlet ac_inlet_left outlet_tm_left defaultFaces)
    faceSet outlet_tm_left_faces now size 800
Read set faceSet outlet_tm_left_faces size:800
    Applying source boxToFace
    Adding faces with centre within boxes 1((-0.00698 -0.00485 -1e-05) (-0.00665 -0.00445 0.001001))
    faceSet outlet_tm_left_faces now size 4
Created faceSet ac_inlet_faces
    Applying source patchToFace
    Adding all faces of patches: (ac_inlet) ...
    Found matching patch ac_inlet with 5 faces
    faceSet ac_inlet_faces now size 5
Read set faceSet ac_inlet_faces size:5
    Applying source patchToFace
    Adding all faces of patches: (wall) ...
    Found matching patch wall with 554 faces
    faceSet ac_inlet_faces now size 559
Read set faceSet ac_inlet_faces size:559
    Applying source patchToFace
    Adding all faces of patches: (iris_wall) ...
    Found matching patch iris_wall with 240 faces
    faceSet ac_inlet_faces now size 799
Read set faceSet ac_inlet_faces size:799
    Applying source patchToFace
    Adding all faces of patches: (demote_wall) ...
--> FOAM Warning : 
    From Foam::labelHashSet Foam::polyBoundaryMesh::patchSet(const Foam::UList<Foam::wordRe>&, bool, bool) const
    in file meshes/polyMesh/polyBoundaryMesh/polyBoundaryMesh.C at line 1158
    Cannot find any patch names matching demote_wall
--> FOAM Warning : 
    From void Foam::patchToFace::combine(Foam::topoSet&, bool) const
    in file topoSet/faceSources/patchToFace/patchToFace.C at line 96
    Cannot find any patches matching (demote_wall)
Valid names: (wall iris_wall outlet_tm lens_wall ac_inlet ac_inlet_left outlet_tm_left defaultFaces)
    faceSet ac_inlet_faces now size 799
Read set faceSet ac_inlet_faces size:799
    Applying source patchToFace
    Adding all faces of patches: (inlet_demote_wall) ...
--> FOAM Warning : 
    From Foam::labelHashSet Foam::polyBoundaryMesh::patchSet(const Foam::UList<Foam::wordRe>&, bool, bool) const
    in file meshes/polyMesh/polyBoundaryMesh/polyBoundaryMesh.C at line 1158
    Cannot find any patch names matching inlet_demote_wall
--> FOAM Warning : 
    From void Foam::patchToFace::combine(Foam::topoSet&, bool) const
    in file topoSet/faceSources/patchToFace/patchToFace.C at line 96
    Cannot find any patches matching (inlet_demote_wall)
Valid names: (wall iris_wall outlet_tm lens_wall ac_inlet ac_inlet_left outlet_tm_left defaultFaces)
    faceSet ac_inlet_faces now size 799
Read set faceSet ac_inlet_faces size:799
    Applying source boxToFace
    Adding faces with centre within boxes 1((0.00688 -0.00392 -1e-05) (0.00705 -0.0033 0.001001))
    faceSet ac_inlet_faces now size 7
Created faceSet ac_inlet_left_faces
    Applying source patchToFace
    Adding all faces of patches: (ac_inlet_left) ...
    Found matching patch ac_inlet_left with 5 faces
    faceSet ac_inlet_left_faces now size 5
Read set faceSet ac_inlet_left_faces size:5
    Applying source patchToFace
    Adding all faces of patches: (wall) ...
    Found matching patch wall with 554 faces
    faceSet ac_inlet_left_faces now size 559
Read set faceSet ac_inlet_left_faces size:559
    Applying source patchToFace
    Adding all faces of patches: (iris_wall) ...
    Found matching patch iris_wall with 240 faces
    faceSet ac_inlet_left_faces now size 799
Read set faceSet ac_inlet_left_faces size:799
    Applying source patchToFace
    Adding all faces of patches: (demote_wall) ...
--> FOAM Warning : 
    From Foam::labelHashSet Foam::polyBoundaryMesh::patchSet(const Foam::UList<Foam::wordRe>&, bool, bool) const
    in file meshes/polyMesh/polyBoundaryMesh/polyBoundaryMesh.C at line 1158
    Cannot find any patch names matching demote_wall
--> FOAM Warning : 
    From void Foam::patchToFace::combine(Foam::topoSet&, bool) const
    in file topoSet/faceSources/patchToFace/patchToFace.C at line 96
    Cannot find any patches matching (demote_wall)
Valid names: (wall iris_wall outlet_tm lens_wall ac_inlet ac_inlet_left outlet_tm_left defaultFaces)
    faceSet ac_inlet_left_faces now size 799
Read set faceSet ac_inlet_left_faces size:799
    Applying source patchToFace
    Adding all faces of patches: (inlet_demote_wall) ...
--> FOAM Warning : 
    From Foam::labelHashSet Foam::polyBoundaryMesh::patchSet(const Foam::UList<Foam::wordRe>&, bool, bool) const
    in file meshes/polyMesh/polyBoundaryMesh/polyBoundaryMesh.C at line 1158
    Cannot find any patch names matching inlet_demote_wall
--> FOAM Warning : 
    From void Foam::patchToFace::combine(Foam::topoSet&, bool) const
    in file topoSet/faceSources/patchToFace/patchToFace.C at line 96
    Cannot find any patches matching (inlet_demote_wall)
Valid names: (wall iris_wall outlet_tm lens_wall ac_inlet ac_inlet_left outlet_tm_left defaultFaces)
    faceSet ac_inlet_left_faces now size 799
Read set faceSet ac_inlet_left_faces size:799
    Applying source boxToFace
    Adding faces with centre within boxes 1((-0.00705 -0.00392 -1e-05) (-0.00688 -0.0033 0.001001))
    faceSet ac_inlet_left_faces now size 7
Created faceSet demote_to_wall
    Applying source patchToFace
    Adding all faces of patches: (outlet_tm) ...
    Found matching patch outlet_tm with 6 faces
    faceSet demote_to_wall now size 6
Read set faceSet demote_to_wall size:6
    Applying source patchToFace
    Adding all faces of patches: (outlet_tm_left) ...
    Found matching patch outlet_tm_left with 6 faces
    faceSet demote_to_wall now size 12
Read set faceSet demote_to_wall size:12
    Applying source patchToFace
    Adding all faces of patches: (ac_inlet) ...
    Found matching patch ac_inlet with 5 faces
    faceSet demote_to_wall now size 17
Read set faceSet demote_to_wall size:17
    Applying source patchToFace
    Adding all faces of patches: (ac_inlet_left) ...
    Found matching patch ac_inlet_left with 5 faces
    faceSet demote_to_wall now size 22
Read set faceSet demote_to_wall size:22
    Applying source faceToFace
    Removing all elements of face sets: (outlet_tm_faces)
    faceSet demote_to_wall now size 18
Read set faceSet demote_to_wall size:18
    Applying source faceToFace
    Removing all elements of face sets: (outlet_tm_left_faces)
    faceSet demote_to_wall now size 14
Read set faceSet demote_to_wall size:14
    Applying source faceToFace
    Removing all elements of face sets: (ac_inlet_faces)
    faceSet demote_to_wall now size 9
Read set faceSet demote_to_wall size:9
    Applying source faceToFace
    Removing all elements of face sets: (ac_inlet_left_faces)
    faceSet demote_to_wall now size 4
Time = 247
    mesh not changed.
Created faceSet outlet_tm_faces
    Applying source patchToFace
    Adding all faces of patches: (outlet_tm) ...
    Found matching patch outlet_tm with 6 faces
    faceSet outlet_tm_faces now size 6
Read set faceSet outlet_tm_faces size:6
    Applying source patchToFace
    Adding all faces of patches: (wall) ...
    Found matching patch wall with 554 faces
    faceSet outlet_tm_faces now size 560
Read set faceSet outlet_tm_faces size:560
    Applying source patchToFace
    Adding all faces of patches: (iris_wall) ...
    Found matching patch iris_wall with 240 faces
    faceSet outlet_tm_faces now size 800
Read set faceSet outlet_tm_faces size:800
    Applying source patchToFace
    Adding all faces of patches: (demote_wall) ...
--> FOAM Warning : 
    From Foam::labelHashSet Foam::polyBoundaryMesh::patchSet(const Foam::UList<Foam::wordRe>&, bool, bool) const
    in file meshes/polyMesh/polyBoundaryMesh/polyBoundaryMesh.C at line 1158
    Cannot find any patch names matching demote_wall
--> FOAM Warning : 
    From void Foam::patchToFace::combine(Foam::topoSet&, bool) const
    in file topoSet/faceSources/patchToFace/patchToFace.C at line 96
    Cannot find any patches matching (demote_wall)
Valid names: (wall iris_wall outlet_tm lens_wall ac_inlet ac_inlet_left outlet_tm_left defaultFaces)
    faceSet outlet_tm_faces now size 800
Read set faceSet outlet_tm_faces size:800
    Applying source boxToFace
    Adding faces with centre within boxes 1((0.00665 -0.00485 -1e-05) (0.00698 -0.00445 0.001001))
    faceSet outlet_tm_faces now size 4
Created faceSet outlet_tm_left_faces
    Applying source patchToFace
    Adding all faces of patches: (outlet_tm_left) ...
    Found matching patch outlet_tm_left with 6 faces
    faceSet outlet_tm_left_faces now size 6
Read set faceSet outlet_tm_left_faces size:6
    Applying source patchToFace
    Adding all faces of patches: (wall) ...
    Found matching patch wall with 554 faces
    faceSet outlet_tm_left_faces now size 560
Read set faceSet outlet_tm_left_faces size:560
    Applying source patchToFace
    Adding all faces of patches: (iris_wall) ...
    Found matching patch iris_wall with 240 faces
    faceSet outlet_tm_left_faces now size 800
Read set faceSet outlet_tm_left_faces size:800
    Applying source patchToFace
    Adding all faces of patches: (demote_wall) ...
--> FOAM Warning : 
    From Foam::labelHashSet Foam::polyBoundaryMesh::patchSet(const Foam::UList<Foam::wordRe>&, bool, bool) const
    in file meshes/polyMesh/polyBoundaryMesh/polyBoundaryMesh.C at line 1158
    Cannot find any patch names matching demote_wall
--> FOAM Warning : 
    From void Foam::patchToFace::combine(Foam::topoSet&, bool) const
    in file topoSet/faceSources/patchToFace/patchToFace.C at line 96
    Cannot find any patches matching (demote_wall)
Valid names: (wall iris_wall outlet_tm lens_wall ac_inlet ac_inlet_left outlet_tm_left defaultFaces)
    faceSet outlet_tm_left_faces now size 800
Read set faceSet outlet_tm_left_faces size:800
    Applying source boxToFace
    Adding faces with centre within boxes 1((-0.00698 -0.00485 -1e-05) (-0.00665 -0.00445 0.001001))
    faceSet outlet_tm_left_faces now size 4
Created faceSet ac_inlet_faces
    Applying source patchToFace
    Adding all faces of patches: (ac_inlet) ...
    Found matching patch ac_inlet with 5 faces
    faceSet ac_inlet_faces now size 5
Read set faceSet ac_inlet_faces size:5
    Applying source patchToFace
    Adding all faces of patches: (wall) ...
    Found matching patch wall with 554 faces
    faceSet ac_inlet_faces now size 559
Read set faceSet ac_inlet_faces size:559
    Applying source patchToFace
    Adding all faces of patches: (iris_wall) ...
    Found matching patch iris_wall with 240 faces
    faceSet ac_inlet_faces now size 799
Read set faceSet ac_inlet_faces size:799
    Applying source patchToFace
    Adding all faces of patches: (demote_wall) ...
--> FOAM Warning : 
    From Foam::labelHashSet Foam::polyBoundaryMesh::patchSet(const Foam::UList<Foam::wordRe>&, bool, bool) const
    in file meshes/polyMesh/polyBoundaryMesh/polyBoundaryMesh.C at line 1158
    Cannot find any patch names matching demote_wall
--> FOAM Warning : 
    From void Foam::patchToFace::combine(Foam::topoSet&, bool) const
    in file topoSet/faceSources/patchToFace/patchToFace.C at line 96
    Cannot find any patches matching (demote_wall)
Valid names: (wall iris_wall outlet_tm lens_wall ac_inlet ac_inlet_left outlet_tm_left defaultFaces)
    faceSet ac_inlet_faces now size 799
Read set faceSet ac_inlet_faces size:799
    Applying source patchToFace
    Adding all faces of patches: (inlet_demote_wall) ...
--> FOAM Warning : 
    From Foam::labelHashSet Foam::polyBoundaryMesh::patchSet(const Foam::UList<Foam::wordRe>&, bool, bool) const
    in file meshes/polyMesh/polyBoundaryMesh/polyBoundaryMesh.C at line 1158
    Cannot find any patch names matching inlet_demote_wall
--> FOAM Warning : 
    From void Foam::patchToFace::combine(Foam::topoSet&, bool) const
    in file topoSet/faceSources/patchToFace/patchToFace.C at line 96
    Cannot find any patches matching (inlet_demote_wall)
Valid names: (wall iris_wall outlet_tm lens_wall ac_inlet ac_inlet_left outlet_tm_left defaultFaces)
    faceSet ac_inlet_faces now size 799
Read set faceSet ac_inlet_faces size:799
    Applying source boxToFace
    Adding faces with centre within boxes 1((0.00688 -0.00392 -1e-05) (0.00705 -0.0033 0.001001))
    faceSet ac_inlet_faces now size 7
Created faceSet ac_inlet_left_faces
    Applying source patchToFace
    Adding all faces of patches: (ac_inlet_left) ...
    Found matching patch ac_inlet_left with 5 faces
    faceSet ac_inlet_left_faces now size 5
Read set faceSet ac_inlet_left_faces size:5
    Applying source patchToFace
    Adding all faces of patches: (wall) ...
    Found matching patch wall with 554 faces
    faceSet ac_inlet_left_faces now size 559
Read set faceSet ac_inlet_left_faces size:559
    Applying source patchToFace
    Adding all faces of patches: (iris_wall) ...
    Found matching patch iris_wall with 240 faces
    faceSet ac_inlet_left_faces now size 799
Read set faceSet ac_inlet_left_faces size:799
    Applying source patchToFace
    Adding all faces of patches: (demote_wall) ...
--> FOAM Warning : 
    From Foam::labelHashSet Foam::polyBoundaryMesh::patchSet(const Foam::UList<Foam::wordRe>&, bool, bool) const
    in file meshes/polyMesh/polyBoundaryMesh/polyBoundaryMesh.C at line 1158
    Cannot find any patch names matching demote_wall
--> FOAM Warning : 
    From void Foam::patchToFace::combine(Foam::topoSet&, bool) const
    in file topoSet/faceSources/patchToFace/patchToFace.C at line 96
    Cannot find any patches matching (demote_wall)
Valid names: (wall iris_wall outlet_tm lens_wall ac_inlet ac_inlet_left outlet_tm_left defaultFaces)
    faceSet ac_inlet_left_faces now size 799
Read set faceSet ac_inlet_left_faces size:799
    Applying source patchToFace
    Adding all faces of patches: (inlet_demote_wall) ...
--> FOAM Warning : 
    From Foam::labelHashSet Foam::polyBoundaryMesh::patchSet(const Foam::UList<Foam::wordRe>&, bool, bool) const
    in file meshes/polyMesh/polyBoundaryMesh/polyBoundaryMesh.C at line 1158
    Cannot find any patch names matching inlet_demote_wall
--> FOAM Warning : 
    From void Foam::patchToFace::combine(Foam::topoSet&, bool) const
    in file topoSet/faceSources/patchToFace/patchToFace.C at line 96
    Cannot find any patches matching (inlet_demote_wall)
Valid names: (wall iris_wall outlet_tm lens_wall ac_inlet ac_inlet_left outlet_tm_left defaultFaces)
    faceSet ac_inlet_left_faces now size 799
Read set faceSet ac_inlet_left_faces size:799
    Applying source boxToFace
    Adding faces with centre within boxes 1((-0.00705 -0.00392 -1e-05) (-0.00688 -0.0033 0.001001))
    faceSet ac_inlet_left_faces now size 7
Created faceSet demote_to_wall
    Applying source patchToFace
    Adding all faces of patches: (outlet_tm) ...
    Found matching patch outlet_tm with 6 faces
    faceSet demote_to_wall now size 6
Read set faceSet demote_to_wall size:6
    Applying source patchToFace
    Adding all faces of patches: (outlet_tm_left) ...
    Found matching patch outlet_tm_left with 6 faces
    faceSet demote_to_wall now size 12
Read set faceSet demote_to_wall size:12
    Applying source patchToFace
    Adding all faces of patches: (ac_inlet) ...
    Found matching patch ac_inlet with 5 faces
    faceSet demote_to_wall now size 17
Read set faceSet demote_to_wall size:17
    Applying source patchToFace
    Adding all faces of patches: (ac_inlet_left) ...
    Found matching patch ac_inlet_left with 5 faces
    faceSet demote_to_wall now size 22
Read set faceSet demote_to_wall size:22
    Applying source faceToFace
    Removing all elements of face sets: (outlet_tm_faces)
    faceSet demote_to_wall now size 18
Read set faceSet demote_to_wall size:18
    Applying source faceToFace
    Removing all elements of face sets: (outlet_tm_left_faces)
    faceSet demote_to_wall now size 14
Read set faceSet demote_to_wall size:14
    Applying source faceToFace
    Removing all elements of face sets: (ac_inlet_faces)
    faceSet demote_to_wall now size 9
Read set faceSet demote_to_wall size:9
    Applying source faceToFace
    Removing all elements of face sets: (ac_inlet_left_faces)
    faceSet demote_to_wall now size 4
Time = 250
    mesh not changed.
Created faceSet outlet_tm_faces
    Applying source patchToFace
    Adding all faces of patches: (outlet_tm) ...
    Found matching patch outlet_tm with 6 faces
    faceSet outlet_tm_faces now size 6
Read set faceSet outlet_tm_faces size:6
    Applying source patchToFace
    Adding all faces of patches: (wall) ...
    Found matching patch wall with 554 faces
    faceSet outlet_tm_faces now size 560
Read set faceSet outlet_tm_faces size:560
    Applying source patchToFace
    Adding all faces of patches: (iris_wall) ...
    Found matching patch iris_wall with 240 faces
    faceSet outlet_tm_faces now size 800
Read set faceSet outlet_tm_faces size:800
    Applying source patchToFace
    Adding all faces of patches: (demote_wall) ...
--> FOAM Warning : 
    From Foam::labelHashSet Foam::polyBoundaryMesh::patchSet(const Foam::UList<Foam::wordRe>&, bool, bool) const
    in file meshes/polyMesh/polyBoundaryMesh/polyBoundaryMesh.C at line 1158
    Cannot find any patch names matching demote_wall
--> FOAM Warning : 
    From void Foam::patchToFace::combine(Foam::topoSet&, bool) const
    in file topoSet/faceSources/patchToFace/patchToFace.C at line 96
    Cannot find any patches matching (demote_wall)
Valid names: (wall iris_wall outlet_tm lens_wall ac_inlet ac_inlet_left outlet_tm_left defaultFaces)
    faceSet outlet_tm_faces now size 800
Read set faceSet outlet_tm_faces size:800
    Applying source boxToFace
    Adding faces with centre within boxes 1((0.00665 -0.00485 -1e-05) (0.00698 -0.00445 0.001001))
    faceSet outlet_tm_faces now size 4
Created faceSet outlet_tm_left_faces
    Applying source patchToFace
    Adding all faces of patches: (outlet_tm_left) ...
    Found matching patch outlet_tm_left with 6 faces
    faceSet outlet_tm_left_faces now size 6
Read set faceSet outlet_tm_left_faces size:6
    Applying source patchToFace
    Adding all faces of patches: (wall) ...
    Found matching patch wall with 554 faces
    faceSet outlet_tm_left_faces now size 560
Read set faceSet outlet_tm_left_faces size:560
    Applying source patchToFace
    Adding all faces of patches: (iris_wall) ...
    Found matching patch iris_wall with 240 faces
    faceSet outlet_tm_left_faces now size 800
Read set faceSet outlet_tm_left_faces size:800
    Applying source patchToFace
    Adding all faces of patches: (demote_wall) ...
--> FOAM Warning : 
    From Foam::labelHashSet Foam::polyBoundaryMesh::patchSet(const Foam::UList<Foam::wordRe>&, bool, bool) const
    in file meshes/polyMesh/polyBoundaryMesh/polyBoundaryMesh.C at line 1158
    Cannot find any patch names matching demote_wall
--> FOAM Warning : 
    From void Foam::patchToFace::combine(Foam::topoSet&, bool) const
    in file topoSet/faceSources/patchToFace/patchToFace.C at line 96
    Cannot find any patches matching (demote_wall)
Valid names: (wall iris_wall outlet_tm lens_wall ac_inlet ac_inlet_left outlet_tm_left defaultFaces)
    faceSet outlet_tm_left_faces now size 800
Read set faceSet outlet_tm_left_faces size:800
    Applying source boxToFace
    Adding faces with centre within boxes 1((-0.00698 -0.00485 -1e-05) (-0.00665 -0.00445 0.001001))
    faceSet outlet_tm_left_faces now size 4
Created faceSet ac_inlet_faces
    Applying source patchToFace
    Adding all faces of patches: (ac_inlet) ...
    Found matching patch ac_inlet with 5 faces
    faceSet ac_inlet_faces now size 5
Read set faceSet ac_inlet_faces size:5
    Applying source patchToFace
    Adding all faces of patches: (wall) ...
    Found matching patch wall with 554 faces
    faceSet ac_inlet_faces now size 559
Read set faceSet ac_inlet_faces size:559
    Applying source patchToFace
    Adding all faces of patches: (iris_wall) ...
    Found matching patch iris_wall with 240 faces
    faceSet ac_inlet_faces now size 799
Read set faceSet ac_inlet_faces size:799
    Applying source patchToFace
    Adding all faces of patches: (demote_wall) ...
--> FOAM Warning : 
    From Foam::labelHashSet Foam::polyBoundaryMesh::patchSet(const Foam::UList<Foam::wordRe>&, bool, bool) const
    in file meshes/polyMesh/polyBoundaryMesh/polyBoundaryMesh.C at line 1158
    Cannot find any patch names matching demote_wall
--> FOAM Warning : 
    From void Foam::patchToFace::combine(Foam::topoSet&, bool) const
    in file topoSet/faceSources/patchToFace/patchToFace.C at line 96
    Cannot find any patches matching (demote_wall)
Valid names: (wall iris_wall outlet_tm lens_wall ac_inlet ac_inlet_left outlet_tm_left defaultFaces)
    faceSet ac_inlet_faces now size 799
Read set faceSet ac_inlet_faces size:799
    Applying source patchToFace
    Adding all faces of patches: (inlet_demote_wall) ...
--> FOAM Warning : 
    From Foam::labelHashSet Foam::polyBoundaryMesh::patchSet(const Foam::UList<Foam::wordRe>&, bool, bool) const
    in file meshes/polyMesh/polyBoundaryMesh/polyBoundaryMesh.C at line 1158
    Cannot find any patch names matching inlet_demote_wall
--> FOAM Warning : 
    From void Foam::patchToFace::combine(Foam::topoSet&, bool) const
    in file topoSet/faceSources/patchToFace/patchToFace.C at line 96
    Cannot find any patches matching (inlet_demote_wall)
Valid names: (wall iris_wall outlet_tm lens_wall ac_inlet ac_inlet_left outlet_tm_left defaultFaces)
    faceSet ac_inlet_faces now size 799
Read set faceSet ac_inlet_faces size:799
    Applying source boxToFace
    Adding faces with centre within boxes 1((0.00688 -0.00392 -1e-05) (0.00705 -0.0033 0.001001))
    faceSet ac_inlet_faces now size 7
Created faceSet ac_inlet_left_faces
    Applying source patchToFace
    Adding all faces of patches: (ac_inlet_left) ...
    Found matching patch ac_inlet_left with 5 faces
    faceSet ac_inlet_left_faces now size 5
Read set faceSet ac_inlet_left_faces size:5
    Applying source patchToFace
    Adding all faces of patches: (wall) ...
    Found matching patch wall with 554 faces
    faceSet ac_inlet_left_faces now size 559
Read set faceSet ac_inlet_left_faces size:559
    Applying source patchToFace
    Adding all faces of patches: (iris_wall) ...
    Found matching patch iris_wall with 240 faces
    faceSet ac_inlet_left_faces now size 799
Read set faceSet ac_inlet_left_faces size:799
    Applying source patchToFace
    Adding all faces of patches: (demote_wall) ...
--> FOAM Warning : 
    From Foam::labelHashSet Foam::polyBoundaryMesh::patchSet(const Foam::UList<Foam::wordRe>&, bool, bool) const
    in file meshes/polyMesh/polyBoundaryMesh/polyBoundaryMesh.C at line 1158
    Cannot find any patch names matching demote_wall
--> FOAM Warning : 
    From void Foam::patchToFace::combine(Foam::topoSet&, bool) const
    in file topoSet/faceSources/patchToFace/patchToFace.C at line 96
    Cannot find any patches matching (demote_wall)
Valid names: (wall iris_wall outlet_tm lens_wall ac_inlet ac_inlet_left outlet_tm_left defaultFaces)
    faceSet ac_inlet_left_faces now size 799
Read set faceSet ac_inlet_left_faces size:799
    Applying source patchToFace
    Adding all faces of patches: (inlet_demote_wall) ...
--> FOAM Warning : 
    From Foam::labelHashSet Foam::polyBoundaryMesh::patchSet(const Foam::UList<Foam::wordRe>&, bool, bool) const
    in file meshes/polyMesh/polyBoundaryMesh/polyBoundaryMesh.C at line 1158
    Cannot find any patch names matching inlet_demote_wall
--> FOAM Warning : 
    From void Foam::patchToFace::combine(Foam::topoSet&, bool) const
    in file topoSet/faceSources/patchToFace/patchToFace.C at line 96
    Cannot find any patches matching (inlet_demote_wall)
Valid names: (wall iris_wall outlet_tm lens_wall ac_inlet ac_inlet_left outlet_tm_left defaultFaces)
    faceSet ac_inlet_left_faces now size 799
Read set faceSet ac_inlet_left_faces size:799
    Applying source boxToFace
    Adding faces with centre within boxes 1((-0.00705 -0.00392 -1e-05) (-0.00688 -0.0033 0.001001))
    faceSet ac_inlet_left_faces now size 7
Created faceSet demote_to_wall
    Applying source patchToFace
    Adding all faces of patches: (outlet_tm) ...
    Found matching patch outlet_tm with 6 faces
    faceSet demote_to_wall now size 6
Read set faceSet demote_to_wall size:6
    Applying source patchToFace
    Adding all faces of patches: (outlet_tm_left) ...
    Found matching patch outlet_tm_left with 6 faces
    faceSet demote_to_wall now size 12
Read set faceSet demote_to_wall size:12
    Applying source patchToFace
    Adding all faces of patches: (ac_inlet) ...
    Found matching patch ac_inlet with 5 faces
    faceSet demote_to_wall now size 17
Read set faceSet demote_to_wall size:17
    Applying source patchToFace
    Adding all faces of patches: (ac_inlet_left) ...
    Found matching patch ac_inlet_left with 5 faces
    faceSet demote_to_wall now size 22
Read set faceSet demote_to_wall size:22
    Applying source faceToFace
    Removing all elements of face sets: (outlet_tm_faces)
    faceSet demote_to_wall now size 18
Read set faceSet demote_to_wall size:18
    Applying source faceToFace
    Removing all elements of face sets: (outlet_tm_left_faces)
    faceSet demote_to_wall now size 14
Read set faceSet demote_to_wall size:14
    Applying source faceToFace
    Removing all elements of face sets: (ac_inlet_faces)
    faceSet demote_to_wall now size 9
Read set faceSet demote_to_wall size:9
    Applying source faceToFace
    Removing all elements of face sets: (ac_inlet_left_faces)
    faceSet demote_to_wall now size 4
Time = 251
    mesh not changed.
Created faceSet outlet_tm_faces
    Applying source patchToFace
    Adding all faces of patches: (outlet_tm) ...
    Found matching patch outlet_tm with 6 faces
    faceSet outlet_tm_faces now size 6
Read set faceSet outlet_tm_faces size:6
    Applying source patchToFace
    Adding all faces of patches: (wall) ...
    Found matching patch wall with 554 faces
    faceSet outlet_tm_faces now size 560
Read set faceSet outlet_tm_faces size:560
    Applying source patchToFace
    Adding all faces of patches: (iris_wall) ...
    Found matching patch iris_wall with 240 faces
    faceSet outlet_tm_faces now size 800
Read set faceSet outlet_tm_faces size:800
    Applying source patchToFace
    Adding all faces of patches: (demote_wall) ...
--> FOAM Warning : 
    From Foam::labelHashSet Foam::polyBoundaryMesh::patchSet(const Foam::UList<Foam::wordRe>&, bool, bool) const
    in file meshes/polyMesh/polyBoundaryMesh/polyBoundaryMesh.C at line 1158
    Cannot find any patch names matching demote_wall
--> FOAM Warning : 
    From void Foam::patchToFace::combine(Foam::topoSet&, bool) const
    in file topoSet/faceSources/patchToFace/patchToFace.C at line 96
    Cannot find any patches matching (demote_wall)
Valid names: (wall iris_wall outlet_tm lens_wall ac_inlet ac_inlet_left outlet_tm_left defaultFaces)
    faceSet outlet_tm_faces now size 800
Read set faceSet outlet_tm_faces size:800
    Applying source boxToFace
    Adding faces with centre within boxes 1((0.00665 -0.00485 -1e-05) (0.00698 -0.00445 0.001001))
    faceSet outlet_tm_faces now size 4
Created faceSet outlet_tm_left_faces
    Applying source patchToFace
    Adding all faces of patches: (outlet_tm_left) ...
    Found matching patch outlet_tm_left with 6 faces
    faceSet outlet_tm_left_faces now size 6
Read set faceSet outlet_tm_left_faces size:6
    Applying source patchToFace
    Adding all faces of patches: (wall) ...
    Found matching patch wall with 554 faces
    faceSet outlet_tm_left_faces now size 560
Read set faceSet outlet_tm_left_faces size:560
    Applying source patchToFace
    Adding all faces of patches: (iris_wall) ...
    Found matching patch iris_wall with 240 faces
    faceSet outlet_tm_left_faces now size 800
Read set faceSet outlet_tm_left_faces size:800
    Applying source patchToFace
    Adding all faces of patches: (demote_wall) ...
--> FOAM Warning : 
    From Foam::labelHashSet Foam::polyBoundaryMesh::patchSet(const Foam::UList<Foam::wordRe>&, bool, bool) const
    in file meshes/polyMesh/polyBoundaryMesh/polyBoundaryMesh.C at line 1158
    Cannot find any patch names matching demote_wall
--> FOAM Warning : 
    From void Foam::patchToFace::combine(Foam::topoSet&, bool) const
    in file topoSet/faceSources/patchToFace/patchToFace.C at line 96
    Cannot find any patches matching (demote_wall)
Valid names: (wall iris_wall outlet_tm lens_wall ac_inlet ac_inlet_left outlet_tm_left defaultFaces)
    faceSet outlet_tm_left_faces now size 800
Read set faceSet outlet_tm_left_faces size:800
    Applying source boxToFace
    Adding faces with centre within boxes 1((-0.00698 -0.00485 -1e-05) (-0.00665 -0.00445 0.001001))
    faceSet outlet_tm_left_faces now size 4
Created faceSet ac_inlet_faces
    Applying source patchToFace
    Adding all faces of patches: (ac_inlet) ...
    Found matching patch ac_inlet with 5 faces
    faceSet ac_inlet_faces now size 5
Read set faceSet ac_inlet_faces size:5
    Applying source patchToFace
    Adding all faces of patches: (wall) ...
    Found matching patch wall with 554 faces
    faceSet ac_inlet_faces now size 559
Read set faceSet ac_inlet_faces size:559
    Applying source patchToFace
    Adding all faces of patches: (iris_wall) ...
    Found matching patch iris_wall with 240 faces
    faceSet ac_inlet_faces now size 799
Read set faceSet ac_inlet_faces size:799
    Applying source patchToFace
    Adding all faces of patches: (demote_wall) ...
--> FOAM Warning : 
    From Foam::labelHashSet Foam::polyBoundaryMesh::patchSet(const Foam::UList<Foam::wordRe>&, bool, bool) const
    in file meshes/polyMesh/polyBoundaryMesh/polyBoundaryMesh.C at line 1158
    Cannot find any patch names matching demote_wall
--> FOAM Warning : 
    From void Foam::patchToFace::combine(Foam::topoSet&, bool) const
    in file topoSet/faceSources/patchToFace/patchToFace.C at line 96
    Cannot find any patches matching (demote_wall)
Valid names: (wall iris_wall outlet_tm lens_wall ac_inlet ac_inlet_left outlet_tm_left defaultFaces)
    faceSet ac_inlet_faces now size 799
Read set faceSet ac_inlet_faces size:799
    Applying source patchToFace
    Adding all faces of patches: (inlet_demote_wall) ...
--> FOAM Warning : 
    From Foam::labelHashSet Foam::polyBoundaryMesh::patchSet(const Foam::UList<Foam::wordRe>&, bool, bool) const
    in file meshes/polyMesh/polyBoundaryMesh/polyBoundaryMesh.C at line 1158
    Cannot find any patch names matching inlet_demote_wall
--> FOAM Warning : 
    From void Foam::patchToFace::combine(Foam::topoSet&, bool) const
    in file topoSet/faceSources/patchToFace/patchToFace.C at line 96
    Cannot find any patches matching (inlet_demote_wall)
Valid names: (wall iris_wall outlet_tm lens_wall ac_inlet ac_inlet_left outlet_tm_left defaultFaces)
    faceSet ac_inlet_faces now size 799
Read set faceSet ac_inlet_faces size:799
    Applying source boxToFace
    Adding faces with centre within boxes 1((0.00688 -0.00392 -1e-05) (0.00705 -0.0033 0.001001))
    faceSet ac_inlet_faces now size 7
Created faceSet ac_inlet_left_faces
    Applying source patchToFace
    Adding all faces of patches: (ac_inlet_left) ...
    Found matching patch ac_inlet_left with 5 faces
    faceSet ac_inlet_left_faces now size 5
Read set faceSet ac_inlet_left_faces size:5
    Applying source patchToFace
    Adding all faces of patches: (wall) ...
    Found matching patch wall with 554 faces
    faceSet ac_inlet_left_faces now size 559
Read set faceSet ac_inlet_left_faces size:559
    Applying source patchToFace
    Adding all faces of patches: (iris_wall) ...
    Found matching patch iris_wall with 240 faces
    faceSet ac_inlet_left_faces now size 799
Read set faceSet ac_inlet_left_faces size:799
    Applying source patchToFace
    Adding all faces of patches: (demote_wall) ...
--> FOAM Warning : 
    From Foam::labelHashSet Foam::polyBoundaryMesh::patchSet(const Foam::UList<Foam::wordRe>&, bool, bool) const
    in file meshes/polyMesh/polyBoundaryMesh/polyBoundaryMesh.C at line 1158
    Cannot find any patch names matching demote_wall
--> FOAM Warning : 
    From void Foam::patchToFace::combine(Foam::topoSet&, bool) const
    in file topoSet/faceSources/patchToFace/patchToFace.C at line 96
    Cannot find any patches matching (demote_wall)
Valid names: (wall iris_wall outlet_tm lens_wall ac_inlet ac_inlet_left outlet_tm_left defaultFaces)
    faceSet ac_inlet_left_faces now size 799
Read set faceSet ac_inlet_left_faces size:799
    Applying source patchToFace
    Adding all faces of patches: (inlet_demote_wall) ...
--> FOAM Warning : 
    From Foam::labelHashSet Foam::polyBoundaryMesh::patchSet(const Foam::UList<Foam::wordRe>&, bool, bool) const
    in file meshes/polyMesh/polyBoundaryMesh/polyBoundaryMesh.C at line 1158
    Cannot find any patch names matching inlet_demote_wall
--> FOAM Warning : 
    From void Foam::patchToFace::combine(Foam::topoSet&, bool) const
    in file topoSet/faceSources/patchToFace/patchToFace.C at line 96
    Cannot find any patches matching (inlet_demote_wall)
Valid names: (wall iris_wall outlet_tm lens_wall ac_inlet ac_inlet_left outlet_tm_left defaultFaces)
    faceSet ac_inlet_left_faces now size 799
Read set faceSet ac_inlet_left_faces size:799
    Applying source boxToFace
    Adding faces with centre within boxes 1((-0.00705 -0.00392 -1e-05) (-0.00688 -0.0033 0.001001))
    faceSet ac_inlet_left_faces now size 7
Created faceSet demote_to_wall
    Applying source patchToFace
    Adding all faces of patches: (outlet_tm) ...
    Found matching patch outlet_tm with 6 faces
    faceSet demote_to_wall now size 6
Read set faceSet demote_to_wall size:6
    Applying source patchToFace
    Adding all faces of patches: (outlet_tm_left) ...
    Found matching patch outlet_tm_left with 6 faces
    faceSet demote_to_wall now size 12
Read set faceSet demote_to_wall size:12
    Applying source patchToFace
    Adding all faces of patches: (ac_inlet) ...
    Found matching patch ac_inlet with 5 faces
    faceSet demote_to_wall now size 17
Read set faceSet demote_to_wall size:17
    Applying source patchToFace
    Adding all faces of patches: (ac_inlet_left) ...
    Found matching patch ac_inlet_left with 5 faces
    faceSet demote_to_wall now size 22
Read set faceSet demote_to_wall size:22
    Applying source faceToFace
    Removing all elements of face sets: (outlet_tm_faces)
    faceSet demote_to_wall now size 18
Read set faceSet demote_to_wall size:18
    Applying source faceToFace
    Removing all elements of face sets: (outlet_tm_left_faces)
    faceSet demote_to_wall now size 14
Read set faceSet demote_to_wall size:14
    Applying source faceToFace
    Removing all elements of face sets: (ac_inlet_faces)
    faceSet demote_to_wall now size 9
Read set faceSet demote_to_wall size:9
    Applying source faceToFace
    Removing all elements of face sets: (ac_inlet_left_faces)
    faceSet demote_to_wall now size 4
Time = 254
    mesh not changed.
Created faceSet outlet_tm_faces
    Applying source patchToFace
    Adding all faces of patches: (outlet_tm) ...
    Found matching patch outlet_tm with 6 faces
    faceSet outlet_tm_faces now size 6
Read set faceSet outlet_tm_faces size:6
    Applying source patchToFace
    Adding all faces of patches: (wall) ...
    Found matching patch wall with 554 faces
    faceSet outlet_tm_faces now size 560
Read set faceSet outlet_tm_faces size:560
    Applying source patchToFace
    Adding all faces of patches: (iris_wall) ...
    Found matching patch iris_wall with 240 faces
    faceSet outlet_tm_faces now size 800
Read set faceSet outlet_tm_faces size:800
    Applying source patchToFace
    Adding all faces of patches: (demote_wall) ...
--> FOAM Warning : 
    From Foam::labelHashSet Foam::polyBoundaryMesh::patchSet(const Foam::UList<Foam::wordRe>&, bool, bool) const
    in file meshes/polyMesh/polyBoundaryMesh/polyBoundaryMesh.C at line 1158
    Cannot find any patch names matching demote_wall
--> FOAM Warning : 
    From void Foam::patchToFace::combine(Foam::topoSet&, bool) const
    in file topoSet/faceSources/patchToFace/patchToFace.C at line 96
    Cannot find any patches matching (demote_wall)
Valid names: (wall iris_wall outlet_tm lens_wall ac_inlet ac_inlet_left outlet_tm_left defaultFaces)
    faceSet outlet_tm_faces now size 800
Read set faceSet outlet_tm_faces size:800
    Applying source boxToFace
    Adding faces with centre within boxes 1((0.00665 -0.00485 -1e-05) (0.00698 -0.00445 0.001001))
    faceSet outlet_tm_faces now size 4
Created faceSet outlet_tm_left_faces
    Applying source patchToFace
    Adding all faces of patches: (outlet_tm_left) ...
    Found matching patch outlet_tm_left with 6 faces
    faceSet outlet_tm_left_faces now size 6
Read set faceSet outlet_tm_left_faces size:6
    Applying source patchToFace
    Adding all faces of patches: (wall) ...
    Found matching patch wall with 554 faces
    faceSet outlet_tm_left_faces now size 560
Read set faceSet outlet_tm_left_faces size:560
    Applying source patchToFace
    Adding all faces of patches: (iris_wall) ...
    Found matching patch iris_wall with 240 faces
    faceSet outlet_tm_left_faces now size 800
Read set faceSet outlet_tm_left_faces size:800
    Applying source patchToFace
    Adding all faces of patches: (demote_wall) ...
--> FOAM Warning : 
    From Foam::labelHashSet Foam::polyBoundaryMesh::patchSet(const Foam::UList<Foam::wordRe>&, bool, bool) const
    in file meshes/polyMesh/polyBoundaryMesh/polyBoundaryMesh.C at line 1158
    Cannot find any patch names matching demote_wall
--> FOAM Warning : 
    From void Foam::patchToFace::combine(Foam::topoSet&, bool) const
    in file topoSet/faceSources/patchToFace/patchToFace.C at line 96
    Cannot find any patches matching (demote_wall)
Valid names: (wall iris_wall outlet_tm lens_wall ac_inlet ac_inlet_left outlet_tm_left defaultFaces)
    faceSet outlet_tm_left_faces now size 800
Read set faceSet outlet_tm_left_faces size:800
    Applying source boxToFace
    Adding faces with centre within boxes 1((-0.00698 -0.00485 -1e-05) (-0.00665 -0.00445 0.001001))
    faceSet outlet_tm_left_faces now size 4
Created faceSet ac_inlet_faces
    Applying source patchToFace
    Adding all faces of patches: (ac_inlet) ...
    Found matching patch ac_inlet with 5 faces
    faceSet ac_inlet_faces now size 5
Read set faceSet ac_inlet_faces size:5
    Applying source patchToFace
    Adding all faces of patches: (wall) ...
    Found matching patch wall with 554 faces
    faceSet ac_inlet_faces now size 559
Read set faceSet ac_inlet_faces size:559
    Applying source patchToFace
    Adding all faces of patches: (iris_wall) ...
    Found matching patch iris_wall with 240 faces
    faceSet ac_inlet_faces now size 799
Read set faceSet ac_inlet_faces size:799
    Applying source patchToFace
    Adding all faces of patches: (demote_wall) ...
--> FOAM Warning : 
    From Foam::labelHashSet Foam::polyBoundaryMesh::patchSet(const Foam::UList<Foam::wordRe>&, bool, bool) const
    in file meshes/polyMesh/polyBoundaryMesh/polyBoundaryMesh.C at line 1158
    Cannot find any patch names matching demote_wall
--> FOAM Warning : 
    From void Foam::patchToFace::combine(Foam::topoSet&, bool) const
    in file topoSet/faceSources/patchToFace/patchToFace.C at line 96
    Cannot find any patches matching (demote_wall)
Valid names: (wall iris_wall outlet_tm lens_wall ac_inlet ac_inlet_left outlet_tm_left defaultFaces)
    faceSet ac_inlet_faces now size 799
Read set faceSet ac_inlet_faces size:799
    Applying source patchToFace
    Adding all faces of patches: (inlet_demote_wall) ...
--> FOAM Warning : 
    From Foam::labelHashSet Foam::polyBoundaryMesh::patchSet(const Foam::UList<Foam::wordRe>&, bool, bool) const
    in file meshes/polyMesh/polyBoundaryMesh/polyBoundaryMesh.C at line 1158
    Cannot find any patch names matching inlet_demote_wall
--> FOAM Warning : 
    From void Foam::patchToFace::combine(Foam::topoSet&, bool) const
    in file topoSet/faceSources/patchToFace/patchToFace.C at line 96
    Cannot find any patches matching (inlet_demote_wall)
Valid names: (wall iris_wall outlet_tm lens_wall ac_inlet ac_inlet_left outlet_tm_left defaultFaces)
    faceSet ac_inlet_faces now size 799
Read set faceSet ac_inlet_faces size:799
    Applying source boxToFace
    Adding faces with centre within boxes 1((0.00688 -0.00392 -1e-05) (0.00705 -0.0033 0.001001))
    faceSet ac_inlet_faces now size 7
Created faceSet ac_inlet_left_faces
    Applying source patchToFace
    Adding all faces of patches: (ac_inlet_left) ...
    Found matching patch ac_inlet_left with 5 faces
    faceSet ac_inlet_left_faces now size 5
Read set faceSet ac_inlet_left_faces size:5
    Applying source patchToFace
    Adding all faces of patches: (wall) ...
    Found matching patch wall with 554 faces
    faceSet ac_inlet_left_faces now size 559
Read set faceSet ac_inlet_left_faces size:559
    Applying source patchToFace
    Adding all faces of patches: (iris_wall) ...
    Found matching patch iris_wall with 240 faces
    faceSet ac_inlet_left_faces now size 799
Read set faceSet ac_inlet_left_faces size:799
    Applying source patchToFace
    Adding all faces of patches: (demote_wall) ...
--> FOAM Warning : 
    From Foam::labelHashSet Foam::polyBoundaryMesh::patchSet(const Foam::UList<Foam::wordRe>&, bool, bool) const
    in file meshes/polyMesh/polyBoundaryMesh/polyBoundaryMesh.C at line 1158
    Cannot find any patch names matching demote_wall
--> FOAM Warning : 
    From void Foam::patchToFace::combine(Foam::topoSet&, bool) const
    in file topoSet/faceSources/patchToFace/patchToFace.C at line 96
    Cannot find any patches matching (demote_wall)
Valid names: (wall iris_wall outlet_tm lens_wall ac_inlet ac_inlet_left outlet_tm_left defaultFaces)
    faceSet ac_inlet_left_faces now size 799
Read set faceSet ac_inlet_left_faces size:799
    Applying source patchToFace
    Adding all faces of patches: (inlet_demote_wall) ...
--> FOAM Warning : 
    From Foam::labelHashSet Foam::polyBoundaryMesh::patchSet(const Foam::UList<Foam::wordRe>&, bool, bool) const
    in file meshes/polyMesh/polyBoundaryMesh/polyBoundaryMesh.C at line 1158
    Cannot find any patch names matching inlet_demote_wall
--> FOAM Warning : 
    From void Foam::patchToFace::combine(Foam::topoSet&, bool) const
    in file topoSet/faceSources/patchToFace/patchToFace.C at line 96
    Cannot find any patches matching (inlet_demote_wall)
Valid names: (wall iris_wall outlet_tm lens_wall ac_inlet ac_inlet_left outlet_tm_left defaultFaces)
    faceSet ac_inlet_left_faces now size 799
Read set faceSet ac_inlet_left_faces size:799
    Applying source boxToFace
    Adding faces with centre within boxes 1((-0.00705 -0.00392 -1e-05) (-0.00688 -0.0033 0.001001))
    faceSet ac_inlet_left_faces now size 7
Created faceSet demote_to_wall
    Applying source patchToFace
    Adding all faces of patches: (outlet_tm) ...
    Found matching patch outlet_tm with 6 faces
    faceSet demote_to_wall now size 6
Read set faceSet demote_to_wall size:6
    Applying source patchToFace
    Adding all faces of patches: (outlet_tm_left) ...
    Found matching patch outlet_tm_left with 6 faces
    faceSet demote_to_wall now size 12
Read set faceSet demote_to_wall size:12
    Applying source patchToFace
    Adding all faces of patches: (ac_inlet) ...
    Found matching patch ac_inlet with 5 faces
    faceSet demote_to_wall now size 17
Read set faceSet demote_to_wall size:17
    Applying source patchToFace
    Adding all faces of patches: (ac_inlet_left) ...
    Found matching patch ac_inlet_left with 5 faces
    faceSet demote_to_wall now size 22
Read set faceSet demote_to_wall size:22
    Applying source faceToFace
    Removing all elements of face sets: (outlet_tm_faces)
    faceSet demote_to_wall now size 18
Read set faceSet demote_to_wall size:18
    Applying source faceToFace
    Removing all elements of face sets: (outlet_tm_left_faces)
    faceSet demote_to_wall now size 14
Read set faceSet demote_to_wall size:14
    Applying source faceToFace
    Removing all elements of face sets: (ac_inlet_faces)
    faceSet demote_to_wall now size 9
Read set faceSet demote_to_wall size:9
    Applying source faceToFace
    Removing all elements of face sets: (ac_inlet_left_faces)
    faceSet demote_to_wall now size 4
Time = 300
    mesh not changed.
Created faceSet outlet_tm_faces
    Applying source patchToFace
    Adding all faces of patches: (outlet_tm) ...
    Found matching patch outlet_tm with 6 faces
    faceSet outlet_tm_faces now size 6
Read set faceSet outlet_tm_faces size:6
    Applying source patchToFace
    Adding all faces of patches: (wall) ...
    Found matching patch wall with 554 faces
    faceSet outlet_tm_faces now size 560
Read set faceSet outlet_tm_faces size:560
    Applying source patchToFace
    Adding all faces of patches: (iris_wall) ...
    Found matching patch iris_wall with 240 faces
    faceSet outlet_tm_faces now size 800
Read set faceSet outlet_tm_faces size:800
    Applying source patchToFace
    Adding all faces of patches: (demote_wall) ...
--> FOAM Warning : 
    From Foam::labelHashSet Foam::polyBoundaryMesh::patchSet(const Foam::UList<Foam::wordRe>&, bool, bool) const
    in file meshes/polyMesh/polyBoundaryMesh/polyBoundaryMesh.C at line 1158
    Cannot find any patch names matching demote_wall
--> FOAM Warning : 
    From void Foam::patchToFace::combine(Foam::topoSet&, bool) const
    in file topoSet/faceSources/patchToFace/patchToFace.C at line 96
    Cannot find any patches matching (demote_wall)
Valid names: (wall iris_wall outlet_tm lens_wall ac_inlet ac_inlet_left outlet_tm_left defaultFaces)
    faceSet outlet_tm_faces now size 800
Read set faceSet outlet_tm_faces size:800
    Applying source boxToFace
    Adding faces with centre within boxes 1((0.00665 -0.00485 -1e-05) (0.00698 -0.00445 0.001001))
    faceSet outlet_tm_faces now size 4
Created faceSet outlet_tm_left_faces
    Applying source patchToFace
    Adding all faces of patches: (outlet_tm_left) ...
    Found matching patch outlet_tm_left with 6 faces
    faceSet outlet_tm_left_faces now size 6
Read set faceSet outlet_tm_left_faces size:6
    Applying source patchToFace
    Adding all faces of patches: (wall) ...
    Found matching patch wall with 554 faces
    faceSet outlet_tm_left_faces now size 560
Read set faceSet outlet_tm_left_faces size:560
    Applying source patchToFace
    Adding all faces of patches: (iris_wall) ...
    Found matching patch iris_wall with 240 faces
    faceSet outlet_tm_left_faces now size 800
Read set faceSet outlet_tm_left_faces size:800
    Applying source patchToFace
    Adding all faces of patches: (demote_wall) ...
--> FOAM Warning : 
    From Foam::labelHashSet Foam::polyBoundaryMesh::patchSet(const Foam::UList<Foam::wordRe>&, bool, bool) const
    in file meshes/polyMesh/polyBoundaryMesh/polyBoundaryMesh.C at line 1158
    Cannot find any patch names matching demote_wall
--> FOAM Warning : 
    From void Foam::patchToFace::combine(Foam::topoSet&, bool) const
    in file topoSet/faceSources/patchToFace/patchToFace.C at line 96
    Cannot find any patches matching (demote_wall)
Valid names: (wall iris_wall outlet_tm lens_wall ac_inlet ac_inlet_left outlet_tm_left defaultFaces)
    faceSet outlet_tm_left_faces now size 800
Read set faceSet outlet_tm_left_faces size:800
    Applying source boxToFace
    Adding faces with centre within boxes 1((-0.00698 -0.00485 -1e-05) (-0.00665 -0.00445 0.001001))
    faceSet outlet_tm_left_faces now size 4
Created faceSet ac_inlet_faces
    Applying source patchToFace
    Adding all faces of patches: (ac_inlet) ...
    Found matching patch ac_inlet with 5 faces
    faceSet ac_inlet_faces now size 5
Read set faceSet ac_inlet_faces size:5
    Applying source patchToFace
    Adding all faces of patches: (wall) ...
    Found matching patch wall with 554 faces
    faceSet ac_inlet_faces now size 559
Read set faceSet ac_inlet_faces size:559
    Applying source patchToFace
    Adding all faces of patches: (iris_wall) ...
    Found matching patch iris_wall with 240 faces
    faceSet ac_inlet_faces now size 799
Read set faceSet ac_inlet_faces size:799
    Applying source patchToFace
    Adding all faces of patches: (demote_wall) ...
--> FOAM Warning : 
    From Foam::labelHashSet Foam::polyBoundaryMesh::patchSet(const Foam::UList<Foam::wordRe>&, bool, bool) const
    in file meshes/polyMesh/polyBoundaryMesh/polyBoundaryMesh.C at line 1158
    Cannot find any patch names matching demote_wall
--> FOAM Warning : 
    From void Foam::patchToFace::combine(Foam::topoSet&, bool) const
    in file topoSet/faceSources/patchToFace/patchToFace.C at line 96
    Cannot find any patches matching (demote_wall)
Valid names: (wall iris_wall outlet_tm lens_wall ac_inlet ac_inlet_left outlet_tm_left defaultFaces)
    faceSet ac_inlet_faces now size 799
Read set faceSet ac_inlet_faces size:799
    Applying source patchToFace
    Adding all faces of patches: (inlet_demote_wall) ...
--> FOAM Warning : 
    From Foam::labelHashSet Foam::polyBoundaryMesh::patchSet(const Foam::UList<Foam::wordRe>&, bool, bool) const
    in file meshes/polyMesh/polyBoundaryMesh/polyBoundaryMesh.C at line 1158
    Cannot find any patch names matching inlet_demote_wall
--> FOAM Warning : 
    From void Foam::patchToFace::combine(Foam::topoSet&, bool) const
    in file topoSet/faceSources/patchToFace/patchToFace.C at line 96
    Cannot find any patches matching (inlet_demote_wall)
Valid names: (wall iris_wall outlet_tm lens_wall ac_inlet ac_inlet_left outlet_tm_left defaultFaces)
    faceSet ac_inlet_faces now size 799
Read set faceSet ac_inlet_faces size:799
    Applying source boxToFace
    Adding faces with centre within boxes 1((0.00688 -0.00392 -1e-05) (0.00705 -0.0033 0.001001))
    faceSet ac_inlet_faces now size 7
Created faceSet ac_inlet_left_faces
    Applying source patchToFace
    Adding all faces of patches: (ac_inlet_left) ...
    Found matching patch ac_inlet_left with 5 faces
    faceSet ac_inlet_left_faces now size 5
Read set faceSet ac_inlet_left_faces size:5
    Applying source patchToFace
    Adding all faces of patches: (wall) ...
    Found matching patch wall with 554 faces
    faceSet ac_inlet_left_faces now size 559
Read set faceSet ac_inlet_left_faces size:559
    Applying source patchToFace
    Adding all faces of patches: (iris_wall) ...
    Found matching patch iris_wall with 240 faces
    faceSet ac_inlet_left_faces now size 799
Read set faceSet ac_inlet_left_faces size:799
    Applying source patchToFace
    Adding all faces of patches: (demote_wall) ...
--> FOAM Warning : 
    From Foam::labelHashSet Foam::polyBoundaryMesh::patchSet(const Foam::UList<Foam::wordRe>&, bool, bool) const
    in file meshes/polyMesh/polyBoundaryMesh/polyBoundaryMesh.C at line 1158
    Cannot find any patch names matching demote_wall
--> FOAM Warning : 
    From void Foam::patchToFace::combine(Foam::topoSet&, bool) const
    in file topoSet/faceSources/patchToFace/patchToFace.C at line 96
    Cannot find any patches matching (demote_wall)
Valid names: (wall iris_wall outlet_tm lens_wall ac_inlet ac_inlet_left outlet_tm_left defaultFaces)
    faceSet ac_inlet_left_faces now size 799
Read set faceSet ac_inlet_left_faces size:799
    Applying source patchToFace
    Adding all faces of patches: (inlet_demote_wall) ...
--> FOAM Warning : 
    From Foam::labelHashSet Foam::polyBoundaryMesh::patchSet(const Foam::UList<Foam::wordRe>&, bool, bool) const
    in file meshes/polyMesh/polyBoundaryMesh/polyBoundaryMesh.C at line 1158
    Cannot find any patch names matching inlet_demote_wall
--> FOAM Warning : 
    From void Foam::patchToFace::combine(Foam::topoSet&, bool) const
    in file topoSet/faceSources/patchToFace/patchToFace.C at line 96
    Cannot find any patches matching (inlet_demote_wall)
Valid names: (wall iris_wall outlet_tm lens_wall ac_inlet ac_inlet_left outlet_tm_left defaultFaces)
    faceSet ac_inlet_left_faces now size 799
Read set faceSet ac_inlet_left_faces size:799
    Applying source boxToFace
    Adding faces with centre within boxes 1((-0.00705 -0.00392 -1e-05) (-0.00688 -0.0033 0.001001))
    faceSet ac_inlet_left_faces now size 7
Created faceSet demote_to_wall
    Applying source patchToFace
    Adding all faces of patches: (outlet_tm) ...
    Found matching patch outlet_tm with 6 faces
    faceSet demote_to_wall now size 6
Read set faceSet demote_to_wall size:6
    Applying source patchToFace
    Adding all faces of patches: (outlet_tm_left) ...
    Found matching patch outlet_tm_left with 6 faces
    faceSet demote_to_wall now size 12
Read set faceSet demote_to_wall size:12
    Applying source patchToFace
    Adding all faces of patches: (ac_inlet) ...
    Found matching patch ac_inlet with 5 faces
    faceSet demote_to_wall now size 17
Read set faceSet demote_to_wall size:17
    Applying source patchToFace
    Adding all faces of patches: (ac_inlet_left) ...
    Found matching patch ac_inlet_left with 5 faces
    faceSet demote_to_wall now size 22
Read set faceSet demote_to_wall size:22
    Applying source faceToFace
    Removing all elements of face sets: (outlet_tm_faces)
    faceSet demote_to_wall now size 18
Read set faceSet demote_to_wall size:18
    Applying source faceToFace
    Removing all elements of face sets: (outlet_tm_left_faces)
    faceSet demote_to_wall now size 14
Read set faceSet demote_to_wall size:14
    Applying source faceToFace
    Removing all elements of face sets: (ac_inlet_faces)
    faceSet demote_to_wall now size 9
Read set faceSet demote_to_wall size:9
    Applying source faceToFace
    Removing all elements of face sets: (ac_inlet_left_faces)
    faceSet demote_to_wall now size 4
Time = 350
    mesh not changed.
Created faceSet outlet_tm_faces
    Applying source patchToFace
    Adding all faces of patches: (outlet_tm) ...
    Found matching patch outlet_tm with 6 faces
    faceSet outlet_tm_faces now size 6
Read set faceSet outlet_tm_faces size:6
    Applying source patchToFace
    Adding all faces of patches: (wall) ...
    Found matching patch wall with 554 faces
    faceSet outlet_tm_faces now size 560
Read set faceSet outlet_tm_faces size:560
    Applying source patchToFace
    Adding all faces of patches: (iris_wall) ...
    Found matching patch iris_wall with 240 faces
    faceSet outlet_tm_faces now size 800
Read set faceSet outlet_tm_faces size:800
    Applying source patchToFace
    Adding all faces of patches: (demote_wall) ...
--> FOAM Warning : 
    From Foam::labelHashSet Foam::polyBoundaryMesh::patchSet(const Foam::UList<Foam::wordRe>&, bool, bool) const
    in file meshes/polyMesh/polyBoundaryMesh/polyBoundaryMesh.C at line 1158
    Cannot find any patch names matching demote_wall
--> FOAM Warning : 
    From void Foam::patchToFace::combine(Foam::topoSet&, bool) const
    in file topoSet/faceSources/patchToFace/patchToFace.C at line 96
    Cannot find any patches matching (demote_wall)
Valid names: (wall iris_wall outlet_tm lens_wall ac_inlet ac_inlet_left outlet_tm_left defaultFaces)
    faceSet outlet_tm_faces now size 800
Read set faceSet outlet_tm_faces size:800
    Applying source boxToFace
    Adding faces with centre within boxes 1((0.00665 -0.00485 -1e-05) (0.00698 -0.00445 0.001001))
    faceSet outlet_tm_faces now size 4
Created faceSet outlet_tm_left_faces
    Applying source patchToFace
    Adding all faces of patches: (outlet_tm_left) ...
    Found matching patch outlet_tm_left with 6 faces
    faceSet outlet_tm_left_faces now size 6
Read set faceSet outlet_tm_left_faces size:6
    Applying source patchToFace
    Adding all faces of patches: (wall) ...
    Found matching patch wall with 554 faces
    faceSet outlet_tm_left_faces now size 560
Read set faceSet outlet_tm_left_faces size:560
    Applying source patchToFace
    Adding all faces of patches: (iris_wall) ...
    Found matching patch iris_wall with 240 faces
    faceSet outlet_tm_left_faces now size 800
Read set faceSet outlet_tm_left_faces size:800
    Applying source patchToFace
    Adding all faces of patches: (demote_wall) ...
--> FOAM Warning : 
    From Foam::labelHashSet Foam::polyBoundaryMesh::patchSet(const Foam::UList<Foam::wordRe>&, bool, bool) const
    in file meshes/polyMesh/polyBoundaryMesh/polyBoundaryMesh.C at line 1158
    Cannot find any patch names matching demote_wall
--> FOAM Warning : 
    From void Foam::patchToFace::combine(Foam::topoSet&, bool) const
    in file topoSet/faceSources/patchToFace/patchToFace.C at line 96
    Cannot find any patches matching (demote_wall)
Valid names: (wall iris_wall outlet_tm lens_wall ac_inlet ac_inlet_left outlet_tm_left defaultFaces)
    faceSet outlet_tm_left_faces now size 800
Read set faceSet outlet_tm_left_faces size:800
    Applying source boxToFace
    Adding faces with centre within boxes 1((-0.00698 -0.00485 -1e-05) (-0.00665 -0.00445 0.001001))
    faceSet outlet_tm_left_faces now size 4
Created faceSet ac_inlet_faces
    Applying source patchToFace
    Adding all faces of patches: (ac_inlet) ...
    Found matching patch ac_inlet with 5 faces
    faceSet ac_inlet_faces now size 5
Read set faceSet ac_inlet_faces size:5
    Applying source patchToFace
    Adding all faces of patches: (wall) ...
    Found matching patch wall with 554 faces
    faceSet ac_inlet_faces now size 559
Read set faceSet ac_inlet_faces size:559
    Applying source patchToFace
    Adding all faces of patches: (iris_wall) ...
    Found matching patch iris_wall with 240 faces
    faceSet ac_inlet_faces now size 799
Read set faceSet ac_inlet_faces size:799
    Applying source patchToFace
    Adding all faces of patches: (demote_wall) ...
--> FOAM Warning : 
    From Foam::labelHashSet Foam::polyBoundaryMesh::patchSet(const Foam::UList<Foam::wordRe>&, bool, bool) const
    in file meshes/polyMesh/polyBoundaryMesh/polyBoundaryMesh.C at line 1158
    Cannot find any patch names matching demote_wall
--> FOAM Warning : 
    From void Foam::patchToFace::combine(Foam::topoSet&, bool) const
    in file topoSet/faceSources/patchToFace/patchToFace.C at line 96
    Cannot find any patches matching (demote_wall)
Valid names: (wall iris_wall outlet_tm lens_wall ac_inlet ac_inlet_left outlet_tm_left defaultFaces)
    faceSet ac_inlet_faces now size 799
Read set faceSet ac_inlet_faces size:799
    Applying source patchToFace
    Adding all faces of patches: (inlet_demote_wall) ...
--> FOAM Warning : 
    From Foam::labelHashSet Foam::polyBoundaryMesh::patchSet(const Foam::UList<Foam::wordRe>&, bool, bool) const
    in file meshes/polyMesh/polyBoundaryMesh/polyBoundaryMesh.C at line 1158
    Cannot find any patch names matching inlet_demote_wall
--> FOAM Warning : 
    From void Foam::patchToFace::combine(Foam::topoSet&, bool) const
    in file topoSet/faceSources/patchToFace/patchToFace.C at line 96
    Cannot find any patches matching (inlet_demote_wall)
Valid names: (wall iris_wall outlet_tm lens_wall ac_inlet ac_inlet_left outlet_tm_left defaultFaces)
    faceSet ac_inlet_faces now size 799
Read set faceSet ac_inlet_faces size:799
    Applying source boxToFace
    Adding faces with centre within boxes 1((0.00688 -0.00392 -1e-05) (0.00705 -0.0033 0.001001))
    faceSet ac_inlet_faces now size 7
Created faceSet ac_inlet_left_faces
    Applying source patchToFace
    Adding all faces of patches: (ac_inlet_left) ...
    Found matching patch ac_inlet_left with 5 faces
    faceSet ac_inlet_left_faces now size 5
Read set faceSet ac_inlet_left_faces size:5
    Applying source patchToFace
    Adding all faces of patches: (wall) ...
    Found matching patch wall with 554 faces
    faceSet ac_inlet_left_faces now size 559
Read set faceSet ac_inlet_left_faces size:559
    Applying source patchToFace
    Adding all faces of patches: (iris_wall) ...
    Found matching patch iris_wall with 240 faces
    faceSet ac_inlet_left_faces now size 799
Read set faceSet ac_inlet_left_faces size:799
    Applying source patchToFace
    Adding all faces of patches: (demote_wall) ...
--> FOAM Warning : 
    From Foam::labelHashSet Foam::polyBoundaryMesh::patchSet(const Foam::UList<Foam::wordRe>&, bool, bool) const
    in file meshes/polyMesh/polyBoundaryMesh/polyBoundaryMesh.C at line 1158
    Cannot find any patch names matching demote_wall
--> FOAM Warning : 
    From void Foam::patchToFace::combine(Foam::topoSet&, bool) const
    in file topoSet/faceSources/patchToFace/patchToFace.C at line 96
    Cannot find any patches matching (demote_wall)
Valid names: (wall iris_wall outlet_tm lens_wall ac_inlet ac_inlet_left outlet_tm_left defaultFaces)
    faceSet ac_inlet_left_faces now size 799
Read set faceSet ac_inlet_left_faces size:799
    Applying source patchToFace
    Adding all faces of patches: (inlet_demote_wall) ...
--> FOAM Warning : 
    From Foam::labelHashSet Foam::polyBoundaryMesh::patchSet(const Foam::UList<Foam::wordRe>&, bool, bool) const
    in file meshes/polyMesh/polyBoundaryMesh/polyBoundaryMesh.C at line 1158
    Cannot find any patch names matching inlet_demote_wall
--> FOAM Warning : 
    From void Foam::patchToFace::combine(Foam::topoSet&, bool) const
    in file topoSet/faceSources/patchToFace/patchToFace.C at line 96
    Cannot find any patches matching (inlet_demote_wall)
Valid names: (wall iris_wall outlet_tm lens_wall ac_inlet ac_inlet_left outlet_tm_left defaultFaces)
    faceSet ac_inlet_left_faces now size 799
Read set faceSet ac_inlet_left_faces size:799
    Applying source boxToFace
    Adding faces with centre within boxes 1((-0.00705 -0.00392 -1e-05) (-0.00688 -0.0033 0.001001))
    faceSet ac_inlet_left_faces now size 7
Created faceSet demote_to_wall
    Applying source patchToFace
    Adding all faces of patches: (outlet_tm) ...
    Found matching patch outlet_tm with 6 faces
    faceSet demote_to_wall now size 6
Read set faceSet demote_to_wall size:6
    Applying source patchToFace
    Adding all faces of patches: (outlet_tm_left) ...
    Found matching patch outlet_tm_left with 6 faces
    faceSet demote_to_wall now size 12
Read set faceSet demote_to_wall size:12
    Applying source patchToFace
    Adding all faces of patches: (ac_inlet) ...
    Found matching patch ac_inlet with 5 faces
    faceSet demote_to_wall now size 17
Read set faceSet demote_to_wall size:17
    Applying source patchToFace
    Adding all faces of patches: (ac_inlet_left) ...
    Found matching patch ac_inlet_left with 5 faces
    faceSet demote_to_wall now size 22
Read set faceSet demote_to_wall size:22
    Applying source faceToFace
    Removing all elements of face sets: (outlet_tm_faces)
    faceSet demote_to_wall now size 18
Read set faceSet demote_to_wall size:18
    Applying source faceToFace
    Removing all elements of face sets: (outlet_tm_left_faces)
    faceSet demote_to_wall now size 14
Read set faceSet demote_to_wall size:14
    Applying source faceToFace
    Removing all elements of face sets: (ac_inlet_faces)
    faceSet demote_to_wall now size 9
Read set faceSet demote_to_wall size:9
    Applying source faceToFace
    Removing all elements of face sets: (ac_inlet_left_faces)
    faceSet demote_to_wall now size 4
Time = 400
    mesh not changed.
Created faceSet outlet_tm_faces
    Applying source patchToFace
    Adding all faces of patches: (outlet_tm) ...
    Found matching patch outlet_tm with 6 faces
    faceSet outlet_tm_faces now size 6
Read set faceSet outlet_tm_faces size:6
    Applying source patchToFace
    Adding all faces of patches: (wall) ...
    Found matching patch wall with 554 faces
    faceSet outlet_tm_faces now size 560
Read set faceSet outlet_tm_faces size:560
    Applying source patchToFace
    Adding all faces of patches: (iris_wall) ...
    Found matching patch iris_wall with 240 faces
    faceSet outlet_tm_faces now size 800
Read set faceSet outlet_tm_faces size:800
    Applying source patchToFace
    Adding all faces of patches: (demote_wall) ...
--> FOAM Warning : 
    From Foam::labelHashSet Foam::polyBoundaryMesh::patchSet(const Foam::UList<Foam::wordRe>&, bool, bool) const
    in file meshes/polyMesh/polyBoundaryMesh/polyBoundaryMesh.C at line 1158
    Cannot find any patch names matching demote_wall
--> FOAM Warning : 
    From void Foam::patchToFace::combine(Foam::topoSet&, bool) const
    in file topoSet/faceSources/patchToFace/patchToFace.C at line 96
    Cannot find any patches matching (demote_wall)
Valid names: (wall iris_wall outlet_tm lens_wall ac_inlet ac_inlet_left outlet_tm_left defaultFaces)
    faceSet outlet_tm_faces now size 800
Read set faceSet outlet_tm_faces size:800
    Applying source boxToFace
    Adding faces with centre within boxes 1((0.00665 -0.00485 -1e-05) (0.00698 -0.00445 0.001001))
    faceSet outlet_tm_faces now size 4
Created faceSet outlet_tm_left_faces
    Applying source patchToFace
    Adding all faces of patches: (outlet_tm_left) ...
    Found matching patch outlet_tm_left with 6 faces
    faceSet outlet_tm_left_faces now size 6
Read set faceSet outlet_tm_left_faces size:6
    Applying source patchToFace
    Adding all faces of patches: (wall) ...
    Found matching patch wall with 554 faces
    faceSet outlet_tm_left_faces now size 560
Read set faceSet outlet_tm_left_faces size:560
    Applying source patchToFace
    Adding all faces of patches: (iris_wall) ...
    Found matching patch iris_wall with 240 faces
    faceSet outlet_tm_left_faces now size 800
Read set faceSet outlet_tm_left_faces size:800
    Applying source patchToFace
    Adding all faces of patches: (demote_wall) ...
--> FOAM Warning : 
    From Foam::labelHashSet Foam::polyBoundaryMesh::patchSet(const Foam::UList<Foam::wordRe>&, bool, bool) const
    in file meshes/polyMesh/polyBoundaryMesh/polyBoundaryMesh.C at line 1158
    Cannot find any patch names matching demote_wall
--> FOAM Warning : 
    From void Foam::patchToFace::combine(Foam::topoSet&, bool) const
    in file topoSet/faceSources/patchToFace/patchToFace.C at line 96
    Cannot find any patches matching (demote_wall)
Valid names: (wall iris_wall outlet_tm lens_wall ac_inlet ac_inlet_left outlet_tm_left defaultFaces)
    faceSet outlet_tm_left_faces now size 800
Read set faceSet outlet_tm_left_faces size:800
    Applying source boxToFace
    Adding faces with centre within boxes 1((-0.00698 -0.00485 -1e-05) (-0.00665 -0.00445 0.001001))
    faceSet outlet_tm_left_faces now size 4
Created faceSet ac_inlet_faces
    Applying source patchToFace
    Adding all faces of patches: (ac_inlet) ...
    Found matching patch ac_inlet with 5 faces
    faceSet ac_inlet_faces now size 5
Read set faceSet ac_inlet_faces size:5
    Applying source patchToFace
    Adding all faces of patches: (wall) ...
    Found matching patch wall with 554 faces
    faceSet ac_inlet_faces now size 559
Read set faceSet ac_inlet_faces size:559
    Applying source patchToFace
    Adding all faces of patches: (iris_wall) ...
    Found matching patch iris_wall with 240 faces
    faceSet ac_inlet_faces now size 799
Read set faceSet ac_inlet_faces size:799
    Applying source patchToFace
    Adding all faces of patches: (demote_wall) ...
--> FOAM Warning : 
    From Foam::labelHashSet Foam::polyBoundaryMesh::patchSet(const Foam::UList<Foam::wordRe>&, bool, bool) const
    in file meshes/polyMesh/polyBoundaryMesh/polyBoundaryMesh.C at line 1158
    Cannot find any patch names matching demote_wall
--> FOAM Warning : 
    From void Foam::patchToFace::combine(Foam::topoSet&, bool) const
    in file topoSet/faceSources/patchToFace/patchToFace.C at line 96
    Cannot find any patches matching (demote_wall)
Valid names: (wall iris_wall outlet_tm lens_wall ac_inlet ac_inlet_left outlet_tm_left defaultFaces)
    faceSet ac_inlet_faces now size 799
Read set faceSet ac_inlet_faces size:799
    Applying source patchToFace
    Adding all faces of patches: (inlet_demote_wall) ...
--> FOAM Warning : 
    From Foam::labelHashSet Foam::polyBoundaryMesh::patchSet(const Foam::UList<Foam::wordRe>&, bool, bool) const
    in file meshes/polyMesh/polyBoundaryMesh/polyBoundaryMesh.C at line 1158
    Cannot find any patch names matching inlet_demote_wall
--> FOAM Warning : 
    From void Foam::patchToFace::combine(Foam::topoSet&, bool) const
    in file topoSet/faceSources/patchToFace/patchToFace.C at line 96
    Cannot find any patches matching (inlet_demote_wall)
Valid names: (wall iris_wall outlet_tm lens_wall ac_inlet ac_inlet_left outlet_tm_left defaultFaces)
    faceSet ac_inlet_faces now size 799
Read set faceSet ac_inlet_faces size:799
    Applying source boxToFace
    Adding faces with centre within boxes 1((0.00688 -0.00392 -1e-05) (0.00705 -0.0033 0.001001))
    faceSet ac_inlet_faces now size 7
Created faceSet ac_inlet_left_faces
    Applying source patchToFace
    Adding all faces of patches: (ac_inlet_left) ...
    Found matching patch ac_inlet_left with 5 faces
    faceSet ac_inlet_left_faces now size 5
Read set faceSet ac_inlet_left_faces size:5
    Applying source patchToFace
    Adding all faces of patches: (wall) ...
    Found matching patch wall with 554 faces
    faceSet ac_inlet_left_faces now size 559
Read set faceSet ac_inlet_left_faces size:559
    Applying source patchToFace
    Adding all faces of patches: (iris_wall) ...
    Found matching patch iris_wall with 240 faces
    faceSet ac_inlet_left_faces now size 799
Read set faceSet ac_inlet_left_faces size:799
    Applying source patchToFace
    Adding all faces of patches: (demote_wall) ...
--> FOAM Warning : 
    From Foam::labelHashSet Foam::polyBoundaryMesh::patchSet(const Foam::UList<Foam::wordRe>&, bool, bool) const
    in file meshes/polyMesh/polyBoundaryMesh/polyBoundaryMesh.C at line 1158
    Cannot find any patch names matching demote_wall
--> FOAM Warning : 
    From void Foam::patchToFace::combine(Foam::topoSet&, bool) const
    in file topoSet/faceSources/patchToFace/patchToFace.C at line 96
    Cannot find any patches matching (demote_wall)
Valid names: (wall iris_wall outlet_tm lens_wall ac_inlet ac_inlet_left outlet_tm_left defaultFaces)
    faceSet ac_inlet_left_faces now size 799
Read set faceSet ac_inlet_left_faces size:799
    Applying source patchToFace
    Adding all faces of patches: (inlet_demote_wall) ...
--> FOAM Warning : 
    From Foam::labelHashSet Foam::polyBoundaryMesh::patchSet(const Foam::UList<Foam::wordRe>&, bool, bool) const
    in file meshes/polyMesh/polyBoundaryMesh/polyBoundaryMesh.C at line 1158
    Cannot find any patch names matching inlet_demote_wall
--> FOAM Warning : 
    From void Foam::patchToFace::combine(Foam::topoSet&, bool) const
    in file topoSet/faceSources/patchToFace/patchToFace.C at line 96
    Cannot find any patches matching (inlet_demote_wall)
Valid names: (wall iris_wall outlet_tm lens_wall ac_inlet ac_inlet_left outlet_tm_left defaultFaces)
    faceSet ac_inlet_left_faces now size 799
Read set faceSet ac_inlet_left_faces size:799
    Applying source boxToFace
    Adding faces with centre within boxes 1((-0.00705 -0.00392 -1e-05) (-0.00688 -0.0033 0.001001))
    faceSet ac_inlet_left_faces now size 7
Created faceSet demote_to_wall
    Applying source patchToFace
    Adding all faces of patches: (outlet_tm) ...
    Found matching patch outlet_tm with 6 faces
    faceSet demote_to_wall now size 6
Read set faceSet demote_to_wall size:6
    Applying source patchToFace
    Adding all faces of patches: (outlet_tm_left) ...
    Found matching patch outlet_tm_left with 6 faces
    faceSet demote_to_wall now size 12
Read set faceSet demote_to_wall size:12
    Applying source patchToFace
    Adding all faces of patches: (ac_inlet) ...
    Found matching patch ac_inlet with 5 faces
    faceSet demote_to_wall now size 17
Read set faceSet demote_to_wall size:17
    Applying source patchToFace
    Adding all faces of patches: (ac_inlet_left) ...
    Found matching patch ac_inlet_left with 5 faces
    faceSet demote_to_wall now size 22
Read set faceSet demote_to_wall size:22
    Applying source faceToFace
    Removing all elements of face sets: (outlet_tm_faces)
    faceSet demote_to_wall now size 18
Read set faceSet demote_to_wall size:18
    Applying source faceToFace
    Removing all elements of face sets: (outlet_tm_left_faces)
    faceSet demote_to_wall now size 14
Read set faceSet demote_to_wall size:14
    Applying source faceToFace
    Removing all elements of face sets: (ac_inlet_faces)
    faceSet demote_to_wall now size 9
Read set faceSet demote_to_wall size:9
    Applying source faceToFace
    Removing all elements of face sets: (ac_inlet_left_faces)
    faceSet demote_to_wall now size 4
Time = 450
    mesh not changed.
Created faceSet outlet_tm_faces
    Applying source patchToFace
    Adding all faces of patches: (outlet_tm) ...
    Found matching patch outlet_tm with 6 faces
    faceSet outlet_tm_faces now size 6
Read set faceSet outlet_tm_faces size:6
    Applying source patchToFace
    Adding all faces of patches: (wall) ...
    Found matching patch wall with 554 faces
    faceSet outlet_tm_faces now size 560
Read set faceSet outlet_tm_faces size:560
    Applying source patchToFace
    Adding all faces of patches: (iris_wall) ...
    Found matching patch iris_wall with 240 faces
    faceSet outlet_tm_faces now size 800
Read set faceSet outlet_tm_faces size:800
    Applying source patchToFace
    Adding all faces of patches: (demote_wall) ...
--> FOAM Warning : 
    From Foam::labelHashSet Foam::polyBoundaryMesh::patchSet(const Foam::UList<Foam::wordRe>&, bool, bool) const
    in file meshes/polyMesh/polyBoundaryMesh/polyBoundaryMesh.C at line 1158
    Cannot find any patch names matching demote_wall
--> FOAM Warning : 
    From void Foam::patchToFace::combine(Foam::topoSet&, bool) const
    in file topoSet/faceSources/patchToFace/patchToFace.C at line 96
    Cannot find any patches matching (demote_wall)
Valid names: (wall iris_wall outlet_tm lens_wall ac_inlet ac_inlet_left outlet_tm_left defaultFaces)
    faceSet outlet_tm_faces now size 800
Read set faceSet outlet_tm_faces size:800
    Applying source boxToFace
    Adding faces with centre within boxes 1((0.00665 -0.00485 -1e-05) (0.00698 -0.00445 0.001001))
    faceSet outlet_tm_faces now size 4
Created faceSet outlet_tm_left_faces
    Applying source patchToFace
    Adding all faces of patches: (outlet_tm_left) ...
    Found matching patch outlet_tm_left with 6 faces
    faceSet outlet_tm_left_faces now size 6
Read set faceSet outlet_tm_left_faces size:6
    Applying source patchToFace
    Adding all faces of patches: (wall) ...
    Found matching patch wall with 554 faces
    faceSet outlet_tm_left_faces now size 560
Read set faceSet outlet_tm_left_faces size:560
    Applying source patchToFace
    Adding all faces of patches: (iris_wall) ...
    Found matching patch iris_wall with 240 faces
    faceSet outlet_tm_left_faces now size 800
Read set faceSet outlet_tm_left_faces size:800
    Applying source patchToFace
    Adding all faces of patches: (demote_wall) ...
--> FOAM Warning : 
    From Foam::labelHashSet Foam::polyBoundaryMesh::patchSet(const Foam::UList<Foam::wordRe>&, bool, bool) const
    in file meshes/polyMesh/polyBoundaryMesh/polyBoundaryMesh.C at line 1158
    Cannot find any patch names matching demote_wall
--> FOAM Warning : 
    From void Foam::patchToFace::combine(Foam::topoSet&, bool) const
    in file topoSet/faceSources/patchToFace/patchToFace.C at line 96
    Cannot find any patches matching (demote_wall)
Valid names: (wall iris_wall outlet_tm lens_wall ac_inlet ac_inlet_left outlet_tm_left defaultFaces)
    faceSet outlet_tm_left_faces now size 800
Read set faceSet outlet_tm_left_faces size:800
    Applying source boxToFace
    Adding faces with centre within boxes 1((-0.00698 -0.00485 -1e-05) (-0.00665 -0.00445 0.001001))
    faceSet outlet_tm_left_faces now size 4
Created faceSet ac_inlet_faces
    Applying source patchToFace
    Adding all faces of patches: (ac_inlet) ...
    Found matching patch ac_inlet with 5 faces
    faceSet ac_inlet_faces now size 5
Read set faceSet ac_inlet_faces size:5
    Applying source patchToFace
    Adding all faces of patches: (wall) ...
    Found matching patch wall with 554 faces
    faceSet ac_inlet_faces now size 559
Read set faceSet ac_inlet_faces size:559
    Applying source patchToFace
    Adding all faces of patches: (iris_wall) ...
    Found matching patch iris_wall with 240 faces
    faceSet ac_inlet_faces now size 799
Read set faceSet ac_inlet_faces size:799
    Applying source patchToFace
    Adding all faces of patches: (demote_wall) ...
--> FOAM Warning : 
    From Foam::labelHashSet Foam::polyBoundaryMesh::patchSet(const Foam::UList<Foam::wordRe>&, bool, bool) const
    in file meshes/polyMesh/polyBoundaryMesh/polyBoundaryMesh.C at line 1158
    Cannot find any patch names matching demote_wall
--> FOAM Warning : 
    From void Foam::patchToFace::combine(Foam::topoSet&, bool) const
    in file topoSet/faceSources/patchToFace/patchToFace.C at line 96
    Cannot find any patches matching (demote_wall)
Valid names: (wall iris_wall outlet_tm lens_wall ac_inlet ac_inlet_left outlet_tm_left defaultFaces)
    faceSet ac_inlet_faces now size 799
Read set faceSet ac_inlet_faces size:799
    Applying source patchToFace
    Adding all faces of patches: (inlet_demote_wall) ...
--> FOAM Warning : 
    From Foam::labelHashSet Foam::polyBoundaryMesh::patchSet(const Foam::UList<Foam::wordRe>&, bool, bool) const
    in file meshes/polyMesh/polyBoundaryMesh/polyBoundaryMesh.C at line 1158
    Cannot find any patch names matching inlet_demote_wall
--> FOAM Warning : 
    From void Foam::patchToFace::combine(Foam::topoSet&, bool) const
    in file topoSet/faceSources/patchToFace/patchToFace.C at line 96
    Cannot find any patches matching (inlet_demote_wall)
Valid names: (wall iris_wall outlet_tm lens_wall ac_inlet ac_inlet_left outlet_tm_left defaultFaces)
    faceSet ac_inlet_faces now size 799
Read set faceSet ac_inlet_faces size:799
    Applying source boxToFace
    Adding faces with centre within boxes 1((0.00688 -0.00392 -1e-05) (0.00705 -0.0033 0.001001))
    faceSet ac_inlet_faces now size 7
Created faceSet ac_inlet_left_faces
    Applying source patchToFace
    Adding all faces of patches: (ac_inlet_left) ...
    Found matching patch ac_inlet_left with 5 faces
    faceSet ac_inlet_left_faces now size 5
Read set faceSet ac_inlet_left_faces size:5
    Applying source patchToFace
    Adding all faces of patches: (wall) ...
    Found matching patch wall with 554 faces
    faceSet ac_inlet_left_faces now size 559
Read set faceSet ac_inlet_left_faces size:559
    Applying source patchToFace
    Adding all faces of patches: (iris_wall) ...
    Found matching patch iris_wall with 240 faces
    faceSet ac_inlet_left_faces now size 799
Read set faceSet ac_inlet_left_faces size:799
    Applying source patchToFace
    Adding all faces of patches: (demote_wall) ...
--> FOAM Warning : 
    From Foam::labelHashSet Foam::polyBoundaryMesh::patchSet(const Foam::UList<Foam::wordRe>&, bool, bool) const
    in file meshes/polyMesh/polyBoundaryMesh/polyBoundaryMesh.C at line 1158
    Cannot find any patch names matching demote_wall
--> FOAM Warning : 
    From void Foam::patchToFace::combine(Foam::topoSet&, bool) const
    in file topoSet/faceSources/patchToFace/patchToFace.C at line 96
    Cannot find any patches matching (demote_wall)
Valid names: (wall iris_wall outlet_tm lens_wall ac_inlet ac_inlet_left outlet_tm_left defaultFaces)
    faceSet ac_inlet_left_faces now size 799
Read set faceSet ac_inlet_left_faces size:799
    Applying source patchToFace
    Adding all faces of patches: (inlet_demote_wall) ...
--> FOAM Warning : 
    From Foam::labelHashSet Foam::polyBoundaryMesh::patchSet(const Foam::UList<Foam::wordRe>&, bool, bool) const
    in file meshes/polyMesh/polyBoundaryMesh/polyBoundaryMesh.C at line 1158
    Cannot find any patch names matching inlet_demote_wall
--> FOAM Warning : 
    From void Foam::patchToFace::combine(Foam::topoSet&, bool) const
    in file topoSet/faceSources/patchToFace/patchToFace.C at line 96
    Cannot find any patches matching (inlet_demote_wall)
Valid names: (wall iris_wall outlet_tm lens_wall ac_inlet ac_inlet_left outlet_tm_left defaultFaces)
    faceSet ac_inlet_left_faces now size 799
Read set faceSet ac_inlet_left_faces size:799
    Applying source boxToFace
    Adding faces with centre within boxes 1((-0.00705 -0.00392 -1e-05) (-0.00688 -0.0033 0.001001))
    faceSet ac_inlet_left_faces now size 7
Created faceSet demote_to_wall
    Applying source patchToFace
    Adding all faces of patches: (outlet_tm) ...
    Found matching patch outlet_tm with 6 faces
    faceSet demote_to_wall now size 6
Read set faceSet demote_to_wall size:6
    Applying source patchToFace
    Adding all faces of patches: (outlet_tm_left) ...
    Found matching patch outlet_tm_left with 6 faces
    faceSet demote_to_wall now size 12
Read set faceSet demote_to_wall size:12
    Applying source patchToFace
    Adding all faces of patches: (ac_inlet) ...
    Found matching patch ac_inlet with 5 faces
    faceSet demote_to_wall now size 17
Read set faceSet demote_to_wall size:17
    Applying source patchToFace
    Adding all faces of patches: (ac_inlet_left) ...
    Found matching patch ac_inlet_left with 5 faces
    faceSet demote_to_wall now size 22
Read set faceSet demote_to_wall size:22
    Applying source faceToFace
    Removing all elements of face sets: (outlet_tm_faces)
    faceSet demote_to_wall now size 18
Read set faceSet demote_to_wall size:18
    Applying source faceToFace
    Removing all elements of face sets: (outlet_tm_left_faces)
    faceSet demote_to_wall now size 14
Read set faceSet demote_to_wall size:14
    Applying source faceToFace
    Removing all elements of face sets: (ac_inlet_faces)
    faceSet demote_to_wall now size 9
Read set faceSet demote_to_wall size:9
    Applying source faceToFace
    Removing all elements of face sets: (ac_inlet_left_faces)
    faceSet demote_to_wall now size 4
Time = 500
    mesh not changed.
Created faceSet outlet_tm_faces
    Applying source patchToFace
    Adding all faces of patches: (outlet_tm) ...
    Found matching patch outlet_tm with 6 faces
    faceSet outlet_tm_faces now size 6
Read set faceSet outlet_tm_faces size:6
    Applying source patchToFace
    Adding all faces of patches: (wall) ...
    Found matching patch wall with 554 faces
    faceSet outlet_tm_faces now size 560
Read set faceSet outlet_tm_faces size:560
    Applying source patchToFace
    Adding all faces of patches: (iris_wall) ...
    Found matching patch iris_wall with 240 faces
    faceSet outlet_tm_faces now size 800
Read set faceSet outlet_tm_faces size:800
    Applying source patchToFace
    Adding all faces of patches: (demote_wall) ...
--> FOAM Warning : 
    From Foam::labelHashSet Foam::polyBoundaryMesh::patchSet(const Foam::UList<Foam::wordRe>&, bool, bool) const
    in file meshes/polyMesh/polyBoundaryMesh/polyBoundaryMesh.C at line 1158
    Cannot find any patch names matching demote_wall
--> FOAM Warning : 
    From void Foam::patchToFace::combine(Foam::topoSet&, bool) const
    in file topoSet/faceSources/patchToFace/patchToFace.C at line 96
    Cannot find any patches matching (demote_wall)
Valid names: (wall iris_wall outlet_tm lens_wall ac_inlet ac_inlet_left outlet_tm_left defaultFaces)
    faceSet outlet_tm_faces now size 800
Read set faceSet outlet_tm_faces size:800
    Applying source boxToFace
    Adding faces with centre within boxes 1((0.00665 -0.00485 -1e-05) (0.00698 -0.00445 0.001001))
    faceSet outlet_tm_faces now size 4
Created faceSet outlet_tm_left_faces
    Applying source patchToFace
    Adding all faces of patches: (outlet_tm_left) ...
    Found matching patch outlet_tm_left with 6 faces
    faceSet outlet_tm_left_faces now size 6
Read set faceSet outlet_tm_left_faces size:6
    Applying source patchToFace
    Adding all faces of patches: (wall) ...
    Found matching patch wall with 554 faces
    faceSet outlet_tm_left_faces now size 560
Read set faceSet outlet_tm_left_faces size:560
    Applying source patchToFace
    Adding all faces of patches: (iris_wall) ...
    Found matching patch iris_wall with 240 faces
    faceSet outlet_tm_left_faces now size 800
Read set faceSet outlet_tm_left_faces size:800
    Applying source patchToFace
    Adding all faces of patches: (demote_wall) ...
--> FOAM Warning : 
    From Foam::labelHashSet Foam::polyBoundaryMesh::patchSet(const Foam::UList<Foam::wordRe>&, bool, bool) const
    in file meshes/polyMesh/polyBoundaryMesh/polyBoundaryMesh.C at line 1158
    Cannot find any patch names matching demote_wall
--> FOAM Warning : 
    From void Foam::patchToFace::combine(Foam::topoSet&, bool) const
    in file topoSet/faceSources/patchToFace/patchToFace.C at line 96
    Cannot find any patches matching (demote_wall)
Valid names: (wall iris_wall outlet_tm lens_wall ac_inlet ac_inlet_left outlet_tm_left defaultFaces)
    faceSet outlet_tm_left_faces now size 800
Read set faceSet outlet_tm_left_faces size:800
    Applying source boxToFace
    Adding faces with centre within boxes 1((-0.00698 -0.00485 -1e-05) (-0.00665 -0.00445 0.001001))
    faceSet outlet_tm_left_faces now size 4
Created faceSet ac_inlet_faces
    Applying source patchToFace
    Adding all faces of patches: (ac_inlet) ...
    Found matching patch ac_inlet with 5 faces
    faceSet ac_inlet_faces now size 5
Read set faceSet ac_inlet_faces size:5
    Applying source patchToFace
    Adding all faces of patches: (wall) ...
    Found matching patch wall with 554 faces
    faceSet ac_inlet_faces now size 559
Read set faceSet ac_inlet_faces size:559
    Applying source patchToFace
    Adding all faces of patches: (iris_wall) ...
    Found matching patch iris_wall with 240 faces
    faceSet ac_inlet_faces now size 799
Read set faceSet ac_inlet_faces size:799
    Applying source patchToFace
    Adding all faces of patches: (demote_wall) ...
--> FOAM Warning : 
    From Foam::labelHashSet Foam::polyBoundaryMesh::patchSet(const Foam::UList<Foam::wordRe>&, bool, bool) const
    in file meshes/polyMesh/polyBoundaryMesh/polyBoundaryMesh.C at line 1158
    Cannot find any patch names matching demote_wall
--> FOAM Warning : 
    From void Foam::patchToFace::combine(Foam::topoSet&, bool) const
    in file topoSet/faceSources/patchToFace/patchToFace.C at line 96
    Cannot find any patches matching (demote_wall)
Valid names: (wall iris_wall outlet_tm lens_wall ac_inlet ac_inlet_left outlet_tm_left defaultFaces)
    faceSet ac_inlet_faces now size 799
Read set faceSet ac_inlet_faces size:799
    Applying source patchToFace
    Adding all faces of patches: (inlet_demote_wall) ...
--> FOAM Warning : 
    From Foam::labelHashSet Foam::polyBoundaryMesh::patchSet(const Foam::UList<Foam::wordRe>&, bool, bool) const
    in file meshes/polyMesh/polyBoundaryMesh/polyBoundaryMesh.C at line 1158
    Cannot find any patch names matching inlet_demote_wall
--> FOAM Warning : 
    From void Foam::patchToFace::combine(Foam::topoSet&, bool) const
    in file topoSet/faceSources/patchToFace/patchToFace.C at line 96
    Cannot find any patches matching (inlet_demote_wall)
Valid names: (wall iris_wall outlet_tm lens_wall ac_inlet ac_inlet_left outlet_tm_left defaultFaces)
    faceSet ac_inlet_faces now size 799
Read set faceSet ac_inlet_faces size:799
    Applying source boxToFace
    Adding faces with centre within boxes 1((0.00688 -0.00392 -1e-05) (0.00705 -0.0033 0.001001))
    faceSet ac_inlet_faces now size 7
Created faceSet ac_inlet_left_faces
    Applying source patchToFace
    Adding all faces of patches: (ac_inlet_left) ...
    Found matching patch ac_inlet_left with 5 faces
    faceSet ac_inlet_left_faces now size 5
Read set faceSet ac_inlet_left_faces size:5
    Applying source patchToFace
    Adding all faces of patches: (wall) ...
    Found matching patch wall with 554 faces
    faceSet ac_inlet_left_faces now size 559
Read set faceSet ac_inlet_left_faces size:559
    Applying source patchToFace
    Adding all faces of patches: (iris_wall) ...
    Found matching patch iris_wall with 240 faces
    faceSet ac_inlet_left_faces now size 799
Read set faceSet ac_inlet_left_faces size:799
    Applying source patchToFace
    Adding all faces of patches: (demote_wall) ...
--> FOAM Warning : 
    From Foam::labelHashSet Foam::polyBoundaryMesh::patchSet(const Foam::UList<Foam::wordRe>&, bool, bool) const
    in file meshes/polyMesh/polyBoundaryMesh/polyBoundaryMesh.C at line 1158
    Cannot find any patch names matching demote_wall
--> FOAM Warning : 
    From void Foam::patchToFace::combine(Foam::topoSet&, bool) const
    in file topoSet/faceSources/patchToFace/patchToFace.C at line 96
    Cannot find any patches matching (demote_wall)
Valid names: (wall iris_wall outlet_tm lens_wall ac_inlet ac_inlet_left outlet_tm_left defaultFaces)
    faceSet ac_inlet_left_faces now size 799
Read set faceSet ac_inlet_left_faces size:799
    Applying source patchToFace
    Adding all faces of patches: (inlet_demote_wall) ...
--> FOAM Warning : 
    From Foam::labelHashSet Foam::polyBoundaryMesh::patchSet(const Foam::UList<Foam::wordRe>&, bool, bool) const
    in file meshes/polyMesh/polyBoundaryMesh/polyBoundaryMesh.C at line 1158
    Cannot find any patch names matching inlet_demote_wall
--> FOAM Warning : 
    From void Foam::patchToFace::combine(Foam::topoSet&, bool) const
    in file topoSet/faceSources/patchToFace/patchToFace.C at line 96
    Cannot find any patches matching (inlet_demote_wall)
Valid names: (wall iris_wall outlet_tm lens_wall ac_inlet ac_inlet_left outlet_tm_left defaultFaces)
    faceSet ac_inlet_left_faces now size 799
Read set faceSet ac_inlet_left_faces size:799
    Applying source boxToFace
    Adding faces with centre within boxes 1((-0.00705 -0.00392 -1e-05) (-0.00688 -0.0033 0.001001))
    faceSet ac_inlet_left_faces now size 7
Created faceSet demote_to_wall
    Applying source patchToFace
    Adding all faces of patches: (outlet_tm) ...
    Found matching patch outlet_tm with 6 faces
    faceSet demote_to_wall now size 6
Read set faceSet demote_to_wall size:6
    Applying source patchToFace
    Adding all faces of patches: (outlet_tm_left) ...
    Found matching patch outlet_tm_left with 6 faces
    faceSet demote_to_wall now size 12
Read set faceSet demote_to_wall size:12
    Applying source patchToFace
    Adding all faces of patches: (ac_inlet) ...
    Found matching patch ac_inlet with 5 faces
    faceSet demote_to_wall now size 17
Read set faceSet demote_to_wall size:17
    Applying source patchToFace
    Adding all faces of patches: (ac_inlet_left) ...
    Found matching patch ac_inlet_left with 5 faces
    faceSet demote_to_wall now size 22
Read set faceSet demote_to_wall size:22
    Applying source faceToFace
    Removing all elements of face sets: (outlet_tm_faces)
    faceSet demote_to_wall now size 18
Read set faceSet demote_to_wall size:18
    Applying source faceToFace
    Removing all elements of face sets: (outlet_tm_left_faces)
    faceSet demote_to_wall now size 14
Read set faceSet demote_to_wall size:14
    Applying source faceToFace
    Removing all elements of face sets: (ac_inlet_faces)
    faceSet demote_to_wall now size 9
Read set faceSet demote_to_wall size:9
    Applying source faceToFace
    Removing all elements of face sets: (ac_inlet_left_faces)
    faceSet demote_to_wall now size 4

End

/*---------------------------------------------------------------------------*\
| =========                 |                                                 |
| \\      /  F ield         | OpenFOAM: The Open Source CFD Toolbox           |
|  \\    /   O peration     | Version:  2512                                  |
|   \\  /    A nd           | Website:  www.openfoam.com                      |
|    \\/     M anipulation  |                                                 |
\*---------------------------------------------------------------------------*/
Build  : _bd2b6720-20260127 OPENFOAM=2512 version=2512
Arch   : "LSB;label=32;scalar=64"
Exec   : createPatch -overwrite -dict system/createPatchDict.anatomical
Date   : Jul 16 2026
Time   : 02:00:15
Host   : 830cb3dbabb0
PID    : 240
I/O    : uncollated
Case   : /simulation/doc-g1-sim1/fluid
nProcs : 1
trapFpe: Floating point exception trapping enabled (FOAM_SIGFPE).
memory pool : not available
fileModificationChecking : Monitoring run-time modified files using timeStampMaster (fileModificationSkew 5, maxFileModificationPolls 20)
allowSystemOperations : Allowing user-supplied system call operations

// * * * * * * * * * * * * * * * * * * * * * * * * * * * * * * * * * * * * * //
Create time

Create mesh for time = 0

Reading "system/createPatchDict.anatomical"



Adding patches to mesh region0

Adding new patch front from 
{
    type            empty;
    nFaces          0;
    startFace       0;
}

Adding new patch back from 
{
    type            empty;
    nFaces          0;
    startFace       0;
}

Adding new patch demote_wall from 
{
    type            wall;
    nFaces          0;
    startFace       0;
}




Repatching mesh region0

Read 41242 faces from faceSet frontFaces
Read 41242 faces from faceSet backFaces
Read 4 faces from faceSet demote_to_wall
Read 4 faces from faceSet outlet_tm_faces
Read 4 faces from faceSet outlet_tm_left_faces
Read 7 faces from faceSet ac_inlet_faces
Read 7 faces from faceSet ac_inlet_left_faces
Doing topology modification to order faces.

Not synchronising points.

Removing patches with no faces in them.

Removed zero-sized patch defaultFaces type patch at position 7


Writing repatched mesh region0 to 0

End

=== changeDictionary (patch types) ===
/*---------------------------------------------------------------------------*\
| =========                 |                                                 |
| \\      /  F ield         | OpenFOAM: The Open Source CFD Toolbox           |
|  \\    /   O peration     | Version:  2512                                  |
|   \\  /    A nd           | Website:  www.openfoam.com                      |
|    \\/     M anipulation  |                                                 |
\*---------------------------------------------------------------------------*/
Build  : _bd2b6720-20260127 OPENFOAM=2512 version=2512
Arch   : "LSB;label=32;scalar=64"
Exec   : changeDictionary
Date   : Jul 16 2026
Time   : 02:00:16
Host   : 830cb3dbabb0
PID    : 243
I/O    : uncollated
Case   : /simulation/doc-g1-sim1/fluid
nProcs : 1
trapFpe: Floating point exception trapping enabled (FOAM_SIGFPE).
memory pool : not available
fileModificationChecking : Monitoring run-time modified files using timeStampMaster (fileModificationSkew 5, maxFileModificationPolls 20)
allowSystemOperations : Allowing user-supplied system call operations

// * * * * * * * * * * * * * * * * * * * * * * * * * * * * * * * * * * * * * //
Create time

Create mesh for time = 0

Read dictionary changeDictionaryDict with replacements for dictionaries 1(boundary)
Reading polyMesh/boundary file to extract patch names
Loaded dictionary boundary with entries 10(wall iris_wall outlet_tm lens_wall ac_inlet ac_inlet_left outlet_tm_left front back demote_wall)
Extracted patch groups:
    group empty with patches 2(front back)
    group wall with patches 1(demote_wall)
Replacing entries in dictionary boundary
Special handling of boundary as polyMesh/boundary file.
Merging entries from 
12
(
front
back
wall
tm_se_wall
inlet_demote_wall
demote_wall
lens_wall
iris_wall
ac_inlet
ac_inlet_left
outlet_tm
outlet_tm_left
)

--> FOAM Warning : 
    From bool merge(bool, Foam::dictionary&, const Foam::dictionary&, bool, const Foam::HashTable<Foam::List<Foam::word> >&)
    in file changeDictionary.C at line 303
    Reading "system/changeDictionaryDict/boundary" at line 10 to 21
    Ignoring non-existing entry tm_se_wall
--> FOAM Warning : 
    From bool merge(bool, Foam::dictionary&, const Foam::dictionary&, bool, const Foam::HashTable<Foam::List<Foam::word> >&)
    in file changeDictionary.C at line 303
    Reading "system/changeDictionaryDict/boundary" at line 10 to 21
    Ignoring non-existing entry inlet_demote_wall
fieldDict:
{
    wall
    {
        type            patch;
        physicalType    patch;
        nFaces          550;
        startFace       61302;
    }
    iris_wall
    {
        type            wall;
        physicalType    patch;
        nFaces          240;
        startFace       61852;
    }
    outlet_tm
    {
        type            patch;
        physicalType    patch;
        nFaces          4;
        startFace       62092;
    }
    lens_wall
    {
        type            wall;
        physicalType    patch;
        nFaces          306;
        startFace       62096;
    }
    ac_inlet
    {
        type            patch;
        physicalType    patch;
        nFaces          7;
        startFace       62402;
    }
    ac_inlet_left
    {
        type            patch;
        physicalType    patch;
        nFaces          7;
        startFace       62409;
    }
    outlet_tm_left
    {
        type            patch;
        physicalType    patch;
        nFaces          4;
        startFace       62416;
    }
    front
    {
        type            empty;
        inGroups        1 ( empty );
        nFaces          41242;
        startFace       62420;
    }
    back
    {
        type            empty;
        inGroups        1 ( empty );
        nFaces          41242;
        startFace       103662;
    }
    demote_wall
    {
        type            wall;
        inGroups        1 ( wall );
        nFaces          4;
        startFace       144904;
    }
}

Writing modified boundary

End

=== initial fields ===
=== checkMesh ===
/*---------------------------------------------------------------------------*\
| =========                 |                                                 |
| \\      /  F ield         | OpenFOAM: The Open Source CFD Toolbox           |
|  \\    /   O peration     | Version:  2512                                  |
|   \\  /    A nd           | Website:  www.openfoam.com                      |
|    \\/     M anipulation  |                                                 |
\*---------------------------------------------------------------------------*/
Build  : _bd2b6720-20260127 OPENFOAM=2512 version=2512
Arch   : "LSB;label=32;scalar=64"
Exec   : checkMesh
Date   : Jul 16 2026
Time   : 02:00:16
Host   : 830cb3dbabb0
PID    : 249
I/O    : uncollated
Case   : /simulation/doc-g1-sim1/fluid
nProcs : 1
trapFpe: Floating point exception trapping enabled (FOAM_SIGFPE).
memory pool : not available
fileModificationChecking : Monitoring run-time modified files using timeStampMaster (fileModificationSkew 5, maxFileModificationPolls 20)
allowSystemOperations : Allowing user-supplied system call operations

// * * * * * * * * * * * * * * * * * * * * * * * * * * * * * * * * * * * * * //
Create time

Create mesh for time = 0

Check mesh...

Time = 0

Mesh stats 
    points:           42364
    internal points:  0
    faces:            144908
    internal faces:   61302
    cells:            41242
    faces per cell:   5
    boundary patches: 10
    point zones:      0
    face zones:       0
    cell zones:       4

Overall number of cells of each type:
    hexahedra:     0
    prisms:        41242
    wedges:        0
    pyramids:      0
    tet wedges:    0
    tetrahedra:    0
    polyhedra:     0

Checking topology...
    Boundary definition OK.
    Cell to face addressing OK.
    Point usage OK.
    Upper triangular ordering OK.
    Face vertices OK.
    Number of regions: 1 (OK).

Checking patch topology for multiply connected surfaces...
    Patch               Faces    Points     Surface topology
    wall                550      1108     ok (non-closed singly connected)  
    iris_wall           240      496      ok (non-closed singly connected)  
    outlet_tm           4        10       ok (non-closed singly connected)  
    lens_wall           306      620      ok (non-closed singly connected)  
    ac_inlet            7        16       ok (non-closed singly connected)  
    ac_inlet_left       7        16       ok (non-closed singly connected)  
    outlet_tm_left      4        10       ok (non-closed singly connected)  
    front               41242    21182    ok (non-closed singly connected)  
    back                41242    21182    ok (non-closed singly connected)  
    demote_wall         4        16       ok (non-closed singly connected)  
    ".*"                83606    42364    ok (closed singly connected)      


Checking faceZone topology for multiply connected surfaces...
    No faceZones found.

Checking basic cellZone addressing...
    CellZone            Cells        Points       Volume       BoundingBox
    fluid               41242        42364        1.4629709e-07 (-0.0083688305 -0.00816 0) (0.0083688305 0.0069 0.001)
    tm_zone             69           98           1.9849536e-10 (0.0064142133 -0.0048720705 0) (0.00693 -0.0041952456 0.001)
    tm_zone_left        67           96           1.9558531e-10 (-0.00693 -0.0048720705 0) (-0.0064137072 -0.0041944014 0.001)
    vitreous_zone       19682        20142        1.0167695e-07 (-0.0080734505 -0.0015483274 0) (0.0080569714 0.0069 0.001)

Checking basic pointZone addressing...
    No pointZones found.

Checking geometry...
    Overall domain bounding box (-0.0083688305 -0.00816 0) (0.0083688305 0.0069 0.001)
    Mesh has 2 geometric (non-empty/wedge) directions (1 1 0)
    Mesh has 2 solution (non-empty) directions (1 1 0)
    All edges aligned with or perpendicular to non-empty directions.
    Boundary openness (-1.1702486e-18 9.6373412e-18 -1.3698495e-15) OK.
    Max cell openness = 3.7865184e-15 OK.
    Max aspect ratio = 4.5420041 OK.
    Minimum face area = 3.4133459e-12. Maximum face area = 1.8412767e-07.  Face area magnitudes OK.
    Min volume = 3.4133459e-15. Max volume = 1.0832708e-11.  Total volume = 1.4629709e-07.  Cell volumes OK.
    Mesh non-orthogonality Max: 62.352341 average: 4.3246144
    Non-orthogonality check OK.
    Face pyramids OK.
 ***Max skewness = 4.2550004, 1 highly skew faces detected which may impair the quality of the results
  <<Writing 1 skew faces to set skewFaces
    Coupled point location match (average 0) OK.

Failed 1 mesh checks.

End

=== patch / zone counts ===
WARNING: checkMesh reported Failed (see log.checkMesh) — continuing for ParaView
  ac_inlet: 7 faces
  ac_inlet_left: 7 faces
  outlet_tm: 4 faces
  outlet_tm_left: 4 faces
  wall: 550 faces
  front: 41242 faces
  back: 41242 faces
  tm_zone: 69 cells
  tm_zone_left: 67 cells
  vitreous_zone: 19682 cells
=== simpleFoam ===
/*---------------------------------------------------------------------------*\
| =========                 |                                                 |
| \\      /  F ield         | OpenFOAM: The Open Source CFD Toolbox           |
|  \\    /   O peration     | Version:  2512                                  |
|   \\  /    A nd           | Website:  www.openfoam.com                      |
|    \\/     M anipulation  |                                                 |
\*---------------------------------------------------------------------------*/
Build  : _bd2b6720-20260127 OPENFOAM=2512 version=2512
Arch   : "LSB;label=32;scalar=64"
Exec   : simpleFoam
Date   : Jul 16 2026
Time   : 02:00:18
Host   : 830cb3dbabb0
PID    : 255
I/O    : uncollated
Case   : /simulation/doc-g1-sim1/fluid
nProcs : 1
trapFpe: Floating point exception trapping enabled (FOAM_SIGFPE).
memory pool : not available
fileModificationChecking : Monitoring run-time modified files using timeStampMaster (fileModificationSkew 5, maxFileModificationPolls 20)
allowSystemOperations : Allowing user-supplied system call operations

// * * * * * * * * * * * * * * * * * * * * * * * * * * * * * * * * * * * * * //
Create time

Create mesh for time = 0


SIMPLE: convergence criteria
    field p	 tolerance 0.0001
    field U	 tolerance 1e-05

Reading field p

Reading field U

Reading/calculating face flux field phi

Selecting incompressible transport model Newtonian
Selecting turbulence model type laminar
Selecting laminar stress model Stokes
No MRF models present

Creating finite-volume options from "system/fvOptions"

Selecting finite volume options type explicitPorositySource
    Source: tm_porous
    State: active
    - selecting cells using cellZones (tm_zone)
    - selected 69 cell(s) with volume 1.9849536e-10
Porosity region tm_porous:
    selecting model: DarcyForchheimer
--> FOAM IOWarning :
    Found [v1806] 'coordinateRotation' entry instead of 'rotation' in dictionary "system/fvOptions/tm_porous/explicitPorositySourceCoeffs/DarcyForchheimerCoeffs/coordinateSystem"

    This keyword is 90 months old.

Using [v1806] 'axesRotation' instead of 'axes' in selection table: coordinateRotation

    This lookup is 90 months old.

    creating porous zone: tm_zone
    origin: (0 0 0) e1: (1 0 0) e2: (0 1 0)
    local bounds: (0.00051578665 0.00067682487 0.001)

Selecting finite volume options type explicitPorositySource
    Source: tm_porous_left
    State: active
    - selecting cells using cellZones (tm_zone_left)
    - selected 67 cell(s) with volume 1.9558531e-10
Porosity region tm_porous_left:
    selecting model: DarcyForchheimer
--> FOAM IOWarning :
    Found [v1806] 'coordinateRotation' entry instead of 'rotation' in dictionary "system/fvOptions/tm_porous_left/explicitPorositySourceCoeffs/DarcyForchheimerCoeffs/coordinateSystem"

    This keyword is 90 months old.

Using [v1806] 'axesRotation' instead of 'axes' in selection table: coordinateRotation

    This lookup is 90 months old.

    creating porous zone: tm_zone_left
    origin: (0 0 0) e1: (1 0 0) e2: (0 1 0)
    local bounds: (0.00051629278 0.00067766906 0.001)

Selecting finite volume options type explicitPorositySource
    Source: vitreous_porous
    State: active
    - selecting cells using cellZones (vitreous_zone)
    - selected 19682 cell(s) with volume 1.0167695e-07
Porosity region vitreous_porous:
    selecting model: DarcyForchheimer
--> FOAM IOWarning :
    Found [v1806] 'coordinateRotation' entry instead of 'rotation' in dictionary "system/fvOptions/vitreous_porous/explicitPorositySourceCoeffs/DarcyForchheimerCoeffs/coordinateSystem"

    This keyword is 90 months old.

Using [v1806] 'axesRotation' instead of 'axes' in selection table: coordinateRotation

    This lookup is 90 months old.

    creating porous zone: vitreous_zone
    origin: (0 0 0) e1: (1 0 0) e2: (0 1 0)
    local bounds: (0.016130422 0.0084483274 0.001)


Starting time loop

surfaceFieldValue flowRateTM:
    operation     = sum


surfaceFieldValue flowRateTM_left:
    operation     = sum


surfaceFieldValue pressureACinlet:
    operation     = areaAverage


Time = 1

smoothSolver:  Solving for Ux, Initial residual = 1, Final residual = 2.4429096e-09, No Iterations 11
smoothSolver:  Solving for Uy, Initial residual = 0.99999999, Final residual = 3.5101226e-09, No Iterations 10
DICPCG:  Solving for p, Initial residual = 0.99999996, Final residual = 0.0096258996, No Iterations 796
DICPCG:  Solving for p, Initial residual = 0.53771016, Final residual = 0.0053466687, No Iterations 249
DICPCG:  Solving for p, Initial residual = 0.056843808, Final residual = 0.00055122553, No Iterations 775
DICPCG:  Solving for p, Initial residual = 0.026293936, Final residual = 0.00026207949, No Iterations 256
time step continuity errors : sum local = 8.7382294e-06, global = -1.4717449e-06, cumulative = -1.4717449e-06
ExecutionTime = 2.36 s  ClockTime = 2 s

Time = 2

smoothSolver:  Solving for Ux, Initial residual = 0.28316698, Final residual = 7.1192997e-09, No Iterations 5
smoothSolver:  Solving for Uy, Initial residual = 0.14818071, Final residual = 2.9083217e-09, No Iterations 5
DICPCG:  Solving for p, Initial residual = 0.2357687, Final residual = 0.0021587505, No Iterations 782
DICPCG:  Solving for p, Initial residual = 0.30474125, Final residual = 0.0028107773, No Iterations 772
DICPCG:  Solving for p, Initial residual = 0.0377798, Final residual = 0.00036671551, No Iterations 318
DICPCG:  Solving for p, Initial residual = 0.013692445, Final residual = 0.00012324368, No Iterations 774
time step continuity errors : sum local = 3.1527014e-06, global = -3.97215e-12, cumulative = -1.4717489e-06
ExecutionTime = 4.4 s  ClockTime = 4 s

Time = 3

smoothSolver:  Solving for Ux, Initial residual = 0.18810445, Final residual = 4.4930664e-09, No Iterations 5
smoothSolver:  Solving for Uy, Initial residual = 0.087530681, Final residual = 9.7617445e-09, No Iterations 4
DICPCG:  Solving for p, Initial residual = 0.26818493, Final residual = 0.0025531015, No Iterations 782
DICPCG:  Solving for p, Initial residual = 0.17027865, Final residual = 0.0016503531, No Iterations 772
DICPCG:  Solving for p, Initial residual = 0.02150852, Final residual = 0.00020520123, No Iterations 322
DICPCG:  Solving for p, Initial residual = 0.008720721, Final residual = 8.6627678e-05, No Iterations 776
time step continuity errors : sum local = 1.4650465e-06, global = -1.2199425e-12, cumulative = -1.4717501e-06
ExecutionTime = 6.41 s  ClockTime = 6 s

Time = 4

smoothSolver:  Solving for Ux, Initial residual = 0.12779213, Final residual = 2.5149585e-09, No Iterations 5
smoothSolver:  Solving for Uy, Initial residual = 0.056890311, Final residual = 5.2323886e-09, No Iterations 4
DICPCG:  Solving for p, Initial residual = 0.28949059, Final residual = 0.0028085736, No Iterations 358
DICPCG:  Solving for p, Initial residual = 0.27500093, Final residual = 0.0027338468, No Iterations 18
DICPCG:  Solving for p, Initial residual = 0.030598725, Final residual = 0.00028283037, No Iterations 770
DICPCG:  Solving for p, Initial residual = 0.015129043, Final residual = 0.00014606272, No Iterations 316
time step continuity errors : sum local = 2.3573693e-06, global = 1.5300187e-07, cumulative = -1.3187483e-06
ExecutionTime = 7.52 s  ClockTime = 8 s

Time = 5

smoothSolver:  Solving for Ux, Initial residual = 0.084163411, Final residual = 5.6712692e-09, No Iterations 4
smoothSolver:  Solving for Uy, Initial residual = 0.037260246, Final residual = 1.9782414e-09, No Iterations 4
DICPCG:  Solving for p, Initial residual = 0.27578424, Final residual = 0.0026883681, No Iterations 784
DICPCG:  Solving for p, Initial residual = 0.32558878, Final residual = 0.0030384571, No Iterations 16
DICPCG:  Solving for p, Initial residual = 0.033832134, Final residual = 0.0002985767, No Iterations 776
DICPCG:  Solving for p, Initial residual = 0.022344293, Final residual = 0.0002159916, No Iterations 238
time step continuity errors : sum local = 3.3895538e-06, global = 2.4489392e-07, cumulative = -1.0738543e-06
ExecutionTime = 8.88 s  ClockTime = 9 s

Time = 6

smoothSolver:  Solving for Ux, Initial residual = 0.051694885, Final residual = 9.2763341e-09, No Iterations 3
smoothSolver:  Solving for Uy, Initial residual = 0.022906863, Final residual = 2.9930948e-09, No Iterations 3
DICPCG:  Solving for p, Initial residual = 0.23716294, Final residual = 0.0023319637, No Iterations 783
DICPCG:  Solving for p, Initial residual = 0.29614945, Final residual = 0.0029176109, No Iterations 238
DICPCG:  Solving for p, Initial residual = 0.034815405, Final residual = 0.00034137582, No Iterations 768
DICPCG:  Solving for p, Initial residual = 0.021511291, Final residual = 0.00020663902, No Iterations 294
time step continuity errors : sum local = 2.7337568e-06, global = 9.4394113e-08, cumulative = -9.7946022e-07
ExecutionTime = 10.42 s  ClockTime = 11 s

Time = 7

smoothSolver:  Solving for Ux, Initial residual = 0.026114615, Final residual = 5.7291897e-09, No Iterations 4
smoothSolver:  Solving for Uy, Initial residual = 0.011355241, Final residual = 1.9522578e-09, No Iterations 4
DICPCG:  Solving for p, Initial residual = 0.19480884, Final residual = 0.0018978019, No Iterations 758
DICPCG:  Solving for p, Initial residual = 0.15225526, Final residual = 0.0015001003, No Iterations 770
DICPCG:  Solving for p, Initial residual = 0.021254767, Final residual = 0.00020534647, No Iterations 782
DICPCG:  Solving for p, Initial residual = 0.0087253435, Final residual = 8.3354632e-05, No Iterations 777
time step continuity errors : sum local = 8.2200109e-07, global = -3.4118226e-14, cumulative = -9.7946025e-07
ExecutionTime = 12.68 s  ClockTime = 13 s

Time = 8

smoothSolver:  Solving for Ux, Initial residual = 0.0093970568, Final residual = 7.0149734e-09, No Iterations 4
smoothSolver:  Solving for Uy, Initial residual = 0.0045350945, Final residual = 2.4970393e-09, No Iterations 4
DICPCG:  Solving for p, Initial residual = 0.18134741, Final residual = 0.0017374708, No Iterations 778
DICPCG:  Solving for p, Initial residual = 0.16646219, Final residual = 0.0016082385, No Iterations 770
DICPCG:  Solving for p, Initial residual = 0.014458195, Final residual = 0.00014359479, No Iterations 780
DICPCG:  Solving for p, Initial residual = 0.0048713901, Final residual = 4.4007723e-05, No Iterations 786
time step continuity errors : sum local = 3.7284195e-07, global = 2.9026594e-13, cumulative = -9.7945996e-07
ExecutionTime = 14.95 s  ClockTime = 15 s

Time = 9

smoothSolver:  Solving for Ux, Initial residual = 0.015832077, Final residual = 5.4397567e-09, No Iterations 4
smoothSolver:  Solving for Uy, Initial residual = 0.0093156057, Final residual = 2.0004054e-09, No Iterations 4
DICPCG:  Solving for p, Initial residual = 0.17444841, Final residual = 0.0016643752, No Iterations 786
DICPCG:  Solving for p, Initial residual = 0.25437107, Final residual = 0.0024535259, No Iterations 25
DICPCG:  Solving for p, Initial residual = 0.025076973, Final residual = 0.00022627121, No Iterations 771
DICPCG:  Solving for p, Initial residual = 0.011761778, Final residual = 0.00011654375, No Iterations 320
time step continuity errors : sum local = 1.1851665e-06, global = 1.4527506e-07, cumulative = -8.3418489e-07
ExecutionTime = 16.35 s  ClockTime = 16 s

Time = 10

smoothSolver:  Solving for Ux, Initial residual = 0.022756674, Final residual = 1.9382353e-09, No Iterations 4
smoothSolver:  Solving for Uy, Initial residual = 0.01306298, Final residual = 4.4481025e-09, No Iterations 3
DICPCG:  Solving for p, Initial residual = 0.1461638, Final residual = 0.0013873083, No Iterations 789
DICPCG:  Solving for p, Initial residual = 0.23666159, Final residual = 0.0023533697, No Iterations 16
DICPCG:  Solving for p, Initial residual = 0.022747592, Final residual = 0.00021566579, No Iterations 772
DICPCG:  Solving for p, Initial residual = 0.010527932, Final residual = 0.0001027573, No Iterations 39
time step continuity errors : sum local = 1.1429958e-06, global = 8.472053e-08, cumulative = -7.4946436e-07
ExecutionTime = 17.62 s  ClockTime = 18 s

surfaceFieldValue flowRateTM write:
    total faces   = 4
    total area    = 4.6279645e-07

    sum(outlet_tm) of phi = 2.5078112e-11

surfaceFieldValue flowRateTM_left write:
    total faces   = 4
    total area    = 4.6279645e-07

    sum(outlet_tm_left) of phi = 2.4934282e-11

surfaceFieldValue pressureACinlet write:
    total faces   = 7
    total area    = 5.7339197e-07

    areaAverage(ac_inlet) of p = 2.6803562

Time = 11

smoothSolver:  Solving for Ux, Initial residual = 0.024066476, Final residual = 1.97877e-09, No Iterations 4
smoothSolver:  Solving for Uy, Initial residual = 0.013145162, Final residual = 4.2138006e-09, No Iterations 3
DICPCG:  Solving for p, Initial residual = 0.11478243, Final residual = 0.0011236548, No Iterations 787
DICPCG:  Solving for p, Initial residual = 0.14825626, Final residual = 0.0013980587, No Iterations 16
DICPCG:  Solving for p, Initial residual = 0.014172612, Final residual = 0.00012723704, No Iterations 773
DICPCG:  Solving for p, Initial residual = 0.0068254367, Final residual = 6.6353994e-05, No Iterations 20
time step continuity errors : sum local = 7.1548984e-07, global = -1.1201673e-07, cumulative = -8.6148109e-07
ExecutionTime = 18.84 s  ClockTime = 19 s

Time = 12

smoothSolver:  Solving for Ux, Initial residual = 0.019713888, Final residual = 4.4514835e-09, No Iterations 4
smoothSolver:  Solving for Uy, Initial residual = 0.010546956, Final residual = 9.4031444e-09, No Iterations 3
DICPCG:  Solving for p, Initial residual = 0.1110004, Final residual = 0.00099952075, No Iterations 776
DICPCG:  Solving for p, Initial residual = 0.036646925, Final residual = 0.00035570885, No Iterations 757
DICPCG:  Solving for p, Initial residual = 0.0049984118, Final residual = 4.765518e-05, No Iterations 767
DICPCG:  Solving for p, Initial residual = 0.00191054, Final residual = 1.8467251e-05, No Iterations 19
time step continuity errors : sum local = 1.8099783e-07, global = -1.7758421e-08, cumulative = -8.7923951e-07
ExecutionTime = 20.55 s  ClockTime = 21 s

Time = 13

smoothSolver:  Solving for Ux, Initial residual = 0.012436354, Final residual = 4.708992e-09, No Iterations 4
smoothSolver:  Solving for Uy, Initial residual = 0.0066112162, Final residual = 9.967504e-09, No Iterations 3
DICPCG:  Solving for p, Initial residual = 0.1066663, Final residual = 0.00096150647, No Iterations 781
DICPCG:  Solving for p, Initial residual = 0.090037907, Final residual = 0.00083265996, No Iterations 756
DICPCG:  Solving for p, Initial residual = 0.0074800097, Final residual = 7.3867888e-05, No Iterations 93
DICPCG:  Solving for p, Initial residual = 0.002045492, Final residual = 2.0262762e-05, No Iterations 760
time step continuity errors : sum local = 2.012227e-07, global = -3.4017369e-13, cumulative = -8.7923985e-07
ExecutionTime = 22.31 s  ClockTime = 22 s

Time = 14

smoothSolver:  Solving for Ux, Initial residual = 0.0055591721, Final residual = 3.0220261e-09, No Iterations 4
smoothSolver:  Solving for Uy, Initial residual = 0.0032866062, Final residual = 6.4810775e-09, No Iterations 3
DICPCG:  Solving for p, Initial residual = 0.09354273, Final residual = 0.00092468276, No Iterations 785
DICPCG:  Solving for p, Initial residual = 0.12683061, Final residual = 0.0011905273, No Iterations 18
DICPCG:  Solving for p, Initial residual = 0.011496887, Final residual = 0.00011178009, No Iterations 765
DICPCG:  Solving for p, Initial residual = 0.0046679442, Final residual = 4.6068093e-05, No Iterations 45
time step continuity errors : sum local = 4.9386782e-07, global = -1.0814227e-07, cumulative = -9.8738212e-07
ExecutionTime = 23.53 s  ClockTime = 24 s

Time = 15

smoothSolver:  Solving for Ux, Initial residual = 0.0040695829, Final residual = 3.7015389e-09, No Iterations 3
smoothSolver:  Solving for Uy, Initial residual = 0.0023052011, Final residual = 1.6381958e-09, No Iterations 3
DICPCG:  Solving for p, Initial residual = 0.067320485, Final residual = 0.00064174933, No Iterations 789
DICPCG:  Solving for p, Initial residual = 0.11281095, Final residual = 0.001101181, No Iterations 18
DICPCG:  Solving for p, Initial residual = 0.011465832, Final residual = 0.00011280133, No Iterations 768
DICPCG:  Solving for p, Initial residual = 0.0053452411, Final residual = 4.7382602e-05, No Iterations 20
time step continuity errors : sum local = 5.0935524e-07, global = -8.3957387e-08, cumulative = -1.0713395e-06
ExecutionTime = 24.72 s  ClockTime = 25 s

Time = 16

smoothSolver:  Solving for Ux, Initial residual = 0.005836899, Final residual = 9.6080318e-09, No Iterations 3
smoothSolver:  Solving for Uy, Initial residual = 0.0027853045, Final residual = 3.0425392e-09, No Iterations 3
DICPCG:  Solving for p, Initial residual = 0.053059076, Final residual = 0.00050418048, No Iterations 786
DICPCG:  Solving for p, Initial residual = 0.062094982, Final residual = 0.00061388747, No Iterations 20
DICPCG:  Solving for p, Initial residual = 0.0066607013, Final residual = 6.4214167e-05, No Iterations 754
DICPCG:  Solving for p, Initial residual = 0.0032680576, Final residual = 3.0899422e-05, No Iterations 19
time step continuity errors : sum local = 3.123836e-07, global = -4.0671422e-08, cumulative = -1.1120109e-06
ExecutionTime = 25.91 s  ClockTime = 26 s

Time = 17

smoothSolver:  Solving for Ux, Initial residual = 0.006541098, Final residual = 2.5428281e-09, No Iterations 4
smoothSolver:  Solving for Uy, Initial residual = 0.0033080192, Final residual = 5.0277292e-09, No Iterations 3
DICPCG:  Solving for p, Initial residual = 0.056200199, Final residual = 0.00053085977, No Iterations 755
DICPCG:  Solving for p, Initial residual = 0.021660567, Final residual = 0.00019938082, No Iterations 18
DICPCG:  Solving for p, Initial residual = 0.0026862761, Final residual = 2.5618028e-05, No Iterations 781
DICPCG:  Solving for p, Initial residual = 0.001300938, Final residual = 1.2662557e-05, No Iterations 246
time step continuity errors : sum local = 1.1909492e-07, global = -1.0442685e-08, cumulative = -1.1224536e-06
ExecutionTime = 27.23 s  ClockTime = 27 s

Time = 18

smoothSolver:  Solving for Ux, Initial residual = 0.0058269624, Final residual = 2.3013778e-09, No Iterations 4
smoothSolver:  Solving for Uy, Initial residual = 0.0031354947, Final residual = 4.6789655e-09, No Iterations 3
DICPCG:  Solving for p, Initial residual = 0.05861171, Final residual = 0.00053504758, No Iterations 781
DICPCG:  Solving for p, Initial residual = 0.059984985, Final residual = 0.00059767958, No Iterations 10
DICPCG:  Solving for p, Initial residual = 0.0057121072, Final residual = 5.3957207e-05, No Iterations 777
DICPCG:  Solving for p, Initial residual = 0.0023659682, Final residual = 2.2747517e-05, No Iterations 18
time step continuity errors : sum local = 2.1492434e-07, global = -1.2907529e-09, cumulative = -1.1237444e-06
ExecutionTime = 28.43 s  ClockTime = 29 s

Time = 19

smoothSolver:  Solving for Ux, Initial residual = 0.0044752155, Final residual = 7.4117686e-09, No Iterations 3
smoothSolver:  Solving for Uy, Initial residual = 0.0025690934, Final residual = 2.5602268e-09, No Iterations 3
DICPCG:  Solving for p, Initial residual = 0.051431426, Final residual = 0.00050473396, No Iterations 785
DICPCG:  Solving for p, Initial residual = 0.075585014, Final residual = 0.00070567355, No Iterations 16
DICPCG:  Solving for p, Initial residual = 0.0074710052, Final residual = 6.9946963e-05, No Iterations 771
DICPCG:  Solving for p, Initial residual = 0.0034384891, Final residual = 3.3579822e-05, No Iterations 12
time step continuity errors : sum local = 3.2176367e-07, global = 1.061082e-08, cumulative = -1.1131335e-06
ExecutionTime = 29.62 s  ClockTime = 30 s

Time = 20

smoothSolver:  Solving for Ux, Initial residual = 0.0028968475, Final residual = 9.7880684e-09, No Iterations 2
smoothSolver:  Solving for Uy, Initial residual = 0.0018996558, Final residual = 3.8406718e-09, No Iterations 2
DICPCG:  Solving for p, Initial residual = 0.037059797, Final residual = 0.00034188167, No Iterations 787
DICPCG:  Solving for p, Initial residual = 0.061957793, Final residual = 0.00060295869, No Iterations 17
DICPCG:  Solving for p, Initial residual = 0.0065136275, Final residual = 6.2318523e-05, No Iterations 762
DICPCG:  Solving for p, Initial residual = 0.0030147599, Final residual = 2.9941324e-05, No Iterations 18
time step continuity errors : sum local = 2.8232305e-07, global = 3.1991494e-08, cumulative = -1.0811421e-06
ExecutionTime = 30.8 s  ClockTime = 31 s

surfaceFieldValue flowRateTM write:
    sum(outlet_tm) of phi = 2.5115028e-11

surfaceFieldValue flowRateTM_left write:
    sum(outlet_tm_left) of phi = 2.4889652e-11

surfaceFieldValue pressureACinlet write:
    areaAverage(ac_inlet) of p = 3.1439449

Time = 21

smoothSolver:  Solving for Ux, Initial residual = 0.0019169644, Final residual = 6.5643102e-09, No Iterations 3
smoothSolver:  Solving for Uy, Initial residual = 0.0012905292, Final residual = 2.1932313e-09, No Iterations 3
DICPCG:  Solving for p, Initial residual = 0.031942443, Final residual = 0.00030015109, No Iterations 782
DICPCG:  Solving for p, Initial residual = 0.027785911, Final residual = 0.00026510341, No Iterations 45
DICPCG:  Solving for p, Initial residual = 0.0031093346, Final residual = 3.0488324e-05, No Iterations 761
DICPCG:  Solving for p, Initial residual = 0.0014183438, Final residual = 1.406933e-05, No Iterations 23
time step continuity errors : sum local = 1.2733336e-07, global = 2.7381252e-08, cumulative = -1.0537608e-06
ExecutionTime = 32.01 s  ClockTime = 32 s

Time = 22

smoothSolver:  Solving for Ux, Initial residual = 0.0019298547, Final residual = 8.8178162e-09, No Iterations 3
smoothSolver:  Solving for Uy, Initial residual = 0.0010172269, Final residual = 2.9998292e-09, No Iterations 3
DICPCG:  Solving for p, Initial residual = 0.034913035, Final residual = 0.00029010486, No Iterations 778
DICPCG:  Solving for p, Initial residual = 0.019813713, Final residual = 0.00019111121, No Iterations 18
DICPCG:  Solving for p, Initial residual = 0.0017702821, Final residual = 1.6887293e-05, No Iterations 775
DICPCG:  Solving for p, Initial residual = 0.00079290602, Final residual = 7.6685708e-06, No Iterations 756
time step continuity errors : sum local = 6.7933189e-08, global = 5.2510734e-13, cumulative = -1.0537603e-06
ExecutionTime = 33.71 s  ClockTime = 34 s

Time = 23

smoothSolver:  Solving for Ux, Initial residual = 0.002316014, Final residual = 7.2035023e-09, No Iterations 3
smoothSolver:  Solving for Uy, Initial residual = 0.00092483572, Final residual = 2.5157733e-09, No Iterations 3
DICPCG:  Solving for p, Initial residual = 0.034416452, Final residual = 0.00032380225, No Iterations 781
DICPCG:  Solving for p, Initial residual = 0.039567217, Final residual = 0.00039352024, No Iterations 11
DICPCG:  Solving for p, Initial residual = 0.0034236519, Final residual = 3.3049483e-05, No Iterations 775
DICPCG:  Solving for p, Initial residual = 0.0013643532, Final residual = 1.308675e-05, No Iterations 16
time step continuity errors : sum local = 1.1774393e-07, global = 8.9965644e-09, cumulative = -1.0447637e-06
ExecutionTime = 34.89 s  ClockTime = 35 s

Time = 24

smoothSolver:  Solving for Ux, Initial residual = 0.0024770053, Final residual = 3.0906894e-09, No Iterations 3
smoothSolver:  Solving for Uy, Initial residual = 0.00089900893, Final residual = 7.2241895e-09, No Iterations 2
DICPCG:  Solving for p, Initial residual = 0.028145939, Final residual = 0.00027300556, No Iterations 784
DICPCG:  Solving for p, Initial residual = 0.042891084, Final residual = 0.0004159087, No Iterations 12
DICPCG:  Solving for p, Initial residual = 0.004015987, Final residual = 3.6639812e-05, No Iterations 60
DICPCG:  Solving for p, Initial residual = 0.0016825796, Final residual = 1.6700406e-05, No Iterations 21
time step continuity errors : sum local = 1.5245053e-07, global = 6.3521926e-08, cumulative = -9.8124178e-07
ExecutionTime = 35.58 s  ClockTime = 36 s

Time = 25

smoothSolver:  Solving for Ux, Initial residual = 0.0022147231, Final residual = 1.7115555e-09, No Iterations 3
smoothSolver:  Solving for Uy, Initial residual = 0.00080633301, Final residual = 3.9822806e-09, No Iterations 2
DICPCG:  Solving for p, Initial residual = 0.020808079, Final residual = 0.00019713911, No Iterations 786
DICPCG:  Solving for p, Initial residual = 0.030078861, Final residual = 0.00029153201, No Iterations 13
DICPCG:  Solving for p, Initial residual = 0.0029398388, Final residual = 2.8618275e-05, No Iterations 328
DICPCG:  Solving for p, Initial residual = 0.0013019122, Final residual = 1.2946417e-05, No Iterations 13
time step continuity errors : sum local = 1.1798507e-07, global = -3.1854291e-08, cumulative = -1.0130961e-06
ExecutionTime = 36.44 s  ClockTime = 37 s

Time = 26

smoothSolver:  Solving for Ux, Initial residual = 0.0017198465, Final residual = 4.4803673e-09, No Iterations 3
smoothSolver:  Solving for Uy, Initial residual = 0.00067388171, Final residual = 8.2966609e-09, No Iterations 2
DICPCG:  Solving for p, Initial residual = 0.019753262, Final residual = 0.00018781493, No Iterations 760
DICPCG:  Solving for p, Initial residual = 0.0097623428, Final residual = 9.1429988e-05, No Iterations 21
DICPCG:  Solving for p, Initial residual = 0.001211953, Final residual = 1.1596411e-05, No Iterations 769
DICPCG:  Solving for p, Initial residual = 0.00048475083, Final residual = 4.2833618e-06, No Iterations 21
time step continuity errors : sum local = 3.8671536e-08, global = -6.6255582e-09, cumulative = -1.0197216e-06
ExecutionTime = 37.61 s  ClockTime = 38 s

Time = 27

smoothSolver:  Solving for Ux, Initial residual = 0.0011415626, Final residual = 5.10144e-09, No Iterations 3
smoothSolver:  Solving for Uy, Initial residual = 0.00051927611, Final residual = 9.4744599e-09, No Iterations 2
DICPCG:  Solving for p, Initial residual = 0.022355446, Final residual = 0.00019135241, No Iterations 776
DICPCG:  Solving for p, Initial residual = 0.013855746, Final residual = 0.00012371134, No Iterations 14
DICPCG:  Solving for p, Initial residual = 0.0011407012, Final residual = 1.0821003e-05, No Iterations 775
DICPCG:  Solving for p, Initial residual = 0.00038129415, Final residual = 3.7584661e-06, No Iterations 20
time step continuity errors : sum local = 3.4002168e-08, global = -6.7332731e-09, cumulative = -1.0264549e-06
ExecutionTime = 38.8 s  ClockTime = 39 s

Time = 28

smoothSolver:  Solving for Ux, Initial residual = 0.00065881034, Final residual = 3.5932132e-09, No Iterations 3
smoothSolver:  Solving for Uy, Initial residual = 0.00036127161, Final residual = 6.898655e-09, No Iterations 2
DICPCG:  Solving for p, Initial residual = 0.021847576, Final residual = 0.00020340267, No Iterations 781
DICPCG:  Solving for p, Initial residual = 0.022737018, Final residual = 0.00020794435, No Iterations 13
DICPCG:  Solving for p, Initial residual = 0.0021786154, Final residual = 2.1518783e-05, No Iterations 773
DICPCG:  Solving for p, Initial residual = 0.00098467171, Final residual = 9.4126008e-06, No Iterations 14
time step continuity errors : sum local = 8.5824172e-08, global = -5.2911917e-09, cumulative = -1.0317461e-06
ExecutionTime = 39.98 s  ClockTime = 40 s

Time = 29

smoothSolver:  Solving for Ux, Initial residual = 0.0004070496, Final residual = 6.5706874e-09, No Iterations 2
smoothSolver:  Solving for Uy, Initial residual = 0.0002651822, Final residual = 2.3345562e-09, No Iterations 2
DICPCG:  Solving for p, Initial residual = 0.017149375, Final residual = 0.00016904991, No Iterations 784
DICPCG:  Solving for p, Initial residual = 0.0216271, Final residual = 0.00019510675, No Iterations 13
DICPCG:  Solving for p, Initial residual = 0.0021862662, Final residual = 2.1090428e-05, No Iterations 772
DICPCG:  Solving for p, Initial residual = 0.001046104, Final residual = 1.012431e-05, No Iterations 15
time step continuity errors : sum local = 9.242577e-08, global = -3.3033426e-09, cumulative = -1.0350494e-06
ExecutionTime = 41.17 s  ClockTime = 41 s

Time = 30

smoothSolver:  Solving for Ux, Initial residual = 0.00040852657, Final residual = 8.7850376e-09, No Iterations 2
smoothSolver:  Solving for Uy, Initial residual = 0.00024710636, Final residual = 2.7774988e-09, No Iterations 2
DICPCG:  Solving for p, Initial residual = 0.014143246, Final residual = 0.00014063185, No Iterations 783
DICPCG:  Solving for p, Initial residual = 0.014210272, Final residual = 0.00012953449, No Iterations 13
DICPCG:  Solving for p, Initial residual = 0.0014836299, Final residual = 1.3567177e-05, No Iterations 770
DICPCG:  Solving for p, Initial residual = 0.00072880971, Final residual = 6.9392214e-06, No Iterations 12
time step continuity errors : sum local = 6.2883179e-08, global = -1.365999e-09, cumulative = -1.0364154e-06
ExecutionTime = 42.34 s  ClockTime = 42 s

surfaceFieldValue flowRateTM write:
    sum(outlet_tm) of phi = 2.5077166e-11

surfaceFieldValue flowRateTM_left write:
    sum(outlet_tm_left) of phi = 2.4922634e-11

surfaceFieldValue pressureACinlet write:
    areaAverage(ac_inlet) of p = 3.099366

Time = 31

smoothSolver:  Solving for Ux, Initial residual = 0.00042999784, Final residual = 2.6615435e-09, No Iterations 3
smoothSolver:  Solving for Uy, Initial residual = 0.00024337723, Final residual = 4.9745099e-09, No Iterations 2
DICPCG:  Solving for p, Initial residual = 0.015603586, Final residual = 0.00014479979, No Iterations 770
DICPCG:  Solving for p, Initial residual = 0.0050191707, Final residual = 4.4970746e-05, No Iterations 14
DICPCG:  Solving for p, Initial residual = 0.00065797309, Final residual = 6.1069308e-06, No Iterations 770
DICPCG:  Solving for p, Initial residual = 0.00033764414, Final residual = 3.3515185e-06, No Iterations 16
time step continuity errors : sum local = 3.0135451e-08, global = 7.9769433e-11, cumulative = -1.0363357e-06
ExecutionTime = 43.52 s  ClockTime = 44 s

Time = 32

smoothSolver:  Solving for Ux, Initial residual = 0.00040193665, Final residual = 2.7288742e-09, No Iterations 3
smoothSolver:  Solving for Uy, Initial residual = 0.00022976426, Final residual = 5.359638e-09, No Iterations 2
DICPCG:  Solving for p, Initial residual = 0.016091274, Final residual = 0.00015838133, No Iterations 115
DICPCG:  Solving for p, Initial residual = 0.0096439769, Final residual = 8.8534491e-05, No Iterations 17
DICPCG:  Solving for p, Initial residual = 0.00089858937, Final residual = 8.8281376e-06, No Iterations 764
DICPCG:  Solving for p, Initial residual = 0.00075143418, Final residual = 6.8966538e-06, No Iterations 316
time step continuity errors : sum local = 6.1918418e-08, global = 8.3882377e-09, cumulative = -1.0279474e-06
ExecutionTime = 44.44 s  ClockTime = 45 s

Time = 33

smoothSolver:  Solving for Ux, Initial residual = 0.00032959665, Final residual = 1.7128131e-09, No Iterations 3
smoothSolver:  Solving for Uy, Initial residual = 0.00019344538, Final residual = 3.7629709e-09, No Iterations 2
DICPCG:  Solving for p, Initial residual = 0.014204501, Final residual = 0.00014036081, No Iterations 780
DICPCG:  Solving for p, Initial residual = 0.012974133, Final residual = 0.00012752212, No Iterations 13
DICPCG:  Solving for p, Initial residual = 0.0010886457, Final residual = 1.0824411e-05, No Iterations 776
DICPCG:  Solving for p, Initial residual = 0.00044799362, Final residual = 3.8746169e-06, No Iterations 14
time step continuity errors : sum local = 3.4773389e-08, global = 1.2465609e-09, cumulative = -1.0267009e-06
ExecutionTime = 45.63 s  ClockTime = 46 s

Time = 34

smoothSolver:  Solving for Ux, Initial residual = 0.00024040822, Final residual = 4.1408365e-09, No Iterations 2
smoothSolver:  Solving for Uy, Initial residual = 0.00013892632, Final residual = 2.0702742e-09, No Iterations 2
DICPCG:  Solving for p, Initial residual = 0.01126797, Final residual = 0.00011251554, No Iterations 781
DICPCG:  Solving for p, Initial residual = 0.011101011, Final residual = 9.8340264e-05, No Iterations 13
DICPCG:  Solving for p, Initial residual = 0.00093462105, Final residual = 9.2267121e-06, No Iterations 776
DICPCG:  Solving for p, Initial residual = 0.00039940843, Final residual = 3.8305485e-06, No Iterations 14
time step continuity errors : sum local = 3.4403538e-08, global = 1.1595487e-09, cumulative = -1.0255413e-06
ExecutionTime = 46.86 s  ClockTime = 47 s

Time = 35

smoothSolver:  Solving for Ux, Initial residual = 0.0001734083, Final residual = 6.4101356e-09, No Iterations 2
smoothSolver:  Solving for Uy, Initial residual = 8.630065e-05, Final residual = 2.2076887e-09, No Iterations 2
DICPCG:  Solving for p, Initial residual = 0.010114261, Final residual = 9.8576301e-05, No Iterations 780
DICPCG:  Solving for p, Initial residual = 0.006144708, Final residual = 5.2854868e-05, No Iterations 13
DICPCG:  Solving for p, Initial residual = 0.0005491986, Final residual = 5.359105e-06, No Iterations 773
DICPCG:  Solving for p, Initial residual = 0.00024534957, Final residual = 2.4399734e-06, No Iterations 14
time step continuity errors : sum local = 2.191174e-08, global = 8.6931835e-10, cumulative = -1.024672e-06
ExecutionTime = 48.12 s  ClockTime = 48 s

Time = 36

smoothSolver:  Solving for Ux, Initial residual = 0.00014379359, Final residual = 9.5242656e-09, No Iterations 2
smoothSolver:  Solving for Uy, Initial residual = 5.9020331e-05, Final residual = 2.8591461e-09, No Iterations 2
DICPCG:  Solving for p, Initial residual = 0.01068741, Final residual = 0.00010562629, No Iterations 763
DICPCG:  Solving for p, Initial residual = 0.0027826725, Final residual = 2.6649247e-05, No Iterations 17
DICPCG:  Solving for p, Initial residual = 0.00030933781, Final residual = 2.7701672e-06, No Iterations 773
DICPCG:  Solving for p, Initial residual = 0.00013399717, Final residual = 1.2511763e-06, No Iterations 20
time step continuity errors : sum local = 1.1257092e-08, global = 5.2497387e-10, cumulative = -1.024147e-06
ExecutionTime = 49.35 s  ClockTime = 49 s

Time = 37

smoothSolver:  Solving for Ux, Initial residual = 0.00015903585, Final residual = 8.7519922e-09, No Iterations 2
smoothSolver:  Solving for Uy, Initial residual = 5.6961732e-05, Final residual = 2.6616534e-09, No Iterations 2
DICPCG:  Solving for p, Initial residual = 0.011148024, Final residual = 0.00010768499, No Iterations 773
DICPCG:  Solving for p, Initial residual = 0.0054128508, Final residual = 4.8237142e-05, No Iterations 16
DICPCG:  Solving for p, Initial residual = 0.00049965518, Final residual = 4.6528704e-06, No Iterations 772
DICPCG:  Solving for p, Initial residual = 0.00020363556, Final residual = 2.0326188e-06, No Iterations 17
time step continuity errors : sum local = 1.8298142e-08, global = 2.3268803e-10, cumulative = -1.0239143e-06
ExecutionTime = 50.59 s  ClockTime = 51 s

Time = 38

smoothSolver:  Solving for Ux, Initial residual = 0.00015401854, Final residual = 5.0995907e-09, No Iterations 2
smoothSolver:  Solving for Uy, Initial residual = 5.6414749e-05, Final residual = 1.7078824e-09, No Iterations 2
DICPCG:  Solving for p, Initial residual = 0.0098557429, Final residual = 9.7624547e-05, No Iterations 336
DICPCG:  Solving for p, Initial residual = 0.0068581003, Final residual = 6.1224404e-05, No Iterations 15
DICPCG:  Solving for p, Initial residual = 0.00063160771, Final residual = 6.0375821e-06, No Iterations 762
DICPCG:  Solving for p, Initial residual = 0.00031226271, Final residual = 3.0666581e-06, No Iterations 20
time step continuity errors : sum local = 2.7633412e-08, global = 2.6292862e-09, cumulative = -1.0212851e-06
ExecutionTime = 51.5 s  ClockTime = 52 s

Time = 39

smoothSolver:  Solving for Ux, Initial residual = 0.00013183952, Final residual = 3.1554326e-09, No Iterations 2
smoothSolver:  Solving for Uy, Initial residual = 5.4564885e-05, Final residual = 6.9362678e-09, No Iterations 1
DICPCG:  Solving for p, Initial residual = 0.0078522575, Final residual = 7.7568707e-05, No Iterations 352
DICPCG:  Solving for p, Initial residual = 0.0061773945, Final residual = 5.8812236e-05, No Iterations 13
DICPCG:  Solving for p, Initial residual = 0.00053742882, Final residual = 5.0768082e-06, No Iterations 759
DICPCG:  Solving for p, Initial residual = 0.00030455924, Final residual = 2.8238321e-06, No Iterations 17
time step continuity errors : sum local = 2.5422431e-08, global = -2.2384458e-09, cumulative = -1.0235235e-06
ExecutionTime = 52.4 s  ClockTime = 52 s

Time = 40

smoothSolver:  Solving for Ux, Initial residual = 0.00010528598, Final residual = 4.4454365e-09, No Iterations 2
smoothSolver:  Solving for Uy, Initial residual = 4.6756867e-05, Final residual = 9.1026413e-09, No Iterations 1
DICPCG:  Solving for p, Initial residual = 0.0077633748, Final residual = 7.3354451e-05, No Iterations 111
DICPCG:  Solving for p, Initial residual = 0.003802072, Final residual = 3.7146675e-05, No Iterations 744
DICPCG:  Solving for p, Initial residual = 0.00063595157, Final residual = 6.2196678e-06, No Iterations 235
DICPCG:  Solving for p, Initial residual = 0.00017617156, Final residual = 1.6735827e-06, No Iterations 770
time step continuity errors : sum local = 1.5219689e-08, global = -5.0263048e-13, cumulative = -1.023524e-06
ExecutionTime = 53.86 s  ClockTime = 54 s

surfaceFieldValue flowRateTM write:
    sum(outlet_tm) of phi = 2.5080066e-11

surfaceFieldValue flowRateTM_left write:
    sum(outlet_tm_left) of phi = 2.4919934e-11

surfaceFieldValue pressureACinlet write:
    areaAverage(ac_inlet) of p = 3.0916274

Time = 41

smoothSolver:  Solving for Ux, Initial residual = 7.603731e-05, Final residual = 5.5874365e-09, No Iterations 2
smoothSolver:  Solving for Uy, Initial residual = 3.6491643e-05, Final residual = 1.8010703e-09, No Iterations 2
DICPCG:  Solving for p, Initial residual = 0.0087678754, Final residual = 8.2208098e-05, No Iterations 90
DICPCG:  Solving for p, Initial residual = 0.0022072433, Final residual = 2.1136306e-05, No Iterations 748
DICPCG:  Solving for p, Initial residual = 0.00033406604, Final residual = 3.3340928e-06, No Iterations 764
DICPCG:  Solving for p, Initial residual = 0.00011170491, Final residual = 9.8721323e-07, No Iterations 23
time step continuity errors : sum local = 8.8874756e-09, global = -1.4841924e-10, cumulative = -1.0236724e-06
ExecutionTime = 55.11 s  ClockTime = 55 s

Time = 42

smoothSolver:  Solving for Ux, Initial residual = 4.9412988e-05, Final residual = 4.9345179e-09, No Iterations 2
smoothSolver:  Solving for Uy, Initial residual = 2.6270515e-05, Final residual = 1.6988804e-09, No Iterations 2
DICPCG:  Solving for p, Initial residual = 0.0086072151, Final residual = 8.5792074e-05, No Iterations 322
DICPCG:  Solving for p, Initial residual = 0.0035695974, Final residual = 3.4560359e-05, No Iterations 16
DICPCG:  Solving for p, Initial residual = 0.0003235892, Final residual = 2.9189823e-06, No Iterations 764
DICPCG:  Solving for p, Initial residual = 0.00027437502, Final residual = 2.5527007e-06, No Iterations 764
time step continuity errors : sum local = 2.3065462e-08, global = -1.4085015e-13, cumulative = -1.0236726e-06
ExecutionTime = 56.49 s  ClockTime = 57 s

Time = 43

smoothSolver:  Solving for Ux, Initial residual = 3.5208118e-05, Final residual = 3.3741825e-09, No Iterations 2
smoothSolver:  Solving for Uy, Initial residual = 2.194037e-05, Final residual = 8.5590337e-09, No Iterations 1
DICPCG:  Solving for p, Initial residual = 0.0070365102, Final residual = 6.9623551e-05, No Iterations 337
DICPCG:  Solving for p, Initial residual = 0.0037776224, Final residual = 3.4736819e-05, No Iterations 12
DICPCG:  Solving for p, Initial residual = 0.00034782007, Final residual = 3.0495175e-06, No Iterations 767
DICPCG:  Solving for p, Initial residual = 0.00022718289, Final residual = 2.1473644e-06, No Iterations 764
time step continuity errors : sum local = 1.9449016e-08, global = -2.2916859e-13, cumulative = -1.0236728e-06
ExecutionTime = 57.92 s  ClockTime = 58 s

Time = 44

smoothSolver:  Solving for Ux, Initial residual = 3.4512044e-05, Final residual = 2.7991944e-09, No Iterations 2
smoothSolver:  Solving for Uy, Initial residual = 2.1202047e-05, Final residual = 7.8697049e-09, No Iterations 1
DICPCG:  Solving for p, Initial residual = 0.0057845258, Final residual = 5.5318189e-05, No Iterations 335
DICPCG:  Solving for p, Initial residual = 0.002705587, Final residual = 2.5577959e-05, No Iterations 14
DICPCG:  Solving for p, Initial residual = 0.0002582282, Final residual = 2.5011368e-06, No Iterations 750
DICPCG:  Solving for p, Initial residual = 0.00015354125, Final residual = 1.4693717e-06, No Iterations 316
time step continuity errors : sum local = 1.3306334e-08, global = -1.9893204e-09, cumulative = -1.0256621e-06
ExecutionTime = 59.01 s  ClockTime = 59 s

Time = 45

smoothSolver:  Solving for Ux, Initial residual = 3.3213276e-05, Final residual = 3.1178264e-09, No Iterations 2
smoothSolver:  Solving for Uy, Initial residual = 2.0020598e-05, Final residual = 7.8815564e-09, No Iterations 1
DICPCG:  Solving for p, Initial residual = 0.0057701724, Final residual = 5.4783195e-05, No Iterations 99
DICPCG:  Solving for p, Initial residual = 0.0014113238, Final residual = 1.3987877e-05, No Iterations 24
DICPCG:  Solving for p, Initial residual = 0.00016938072, Final residual = 1.5414899e-06, No Iterations 759
DICPCG:  Solving for p, Initial residual = 0.00010404103, Final residual = 9.835817e-07, No Iterations 290
time step continuity errors : sum local = 8.9491685e-09, global = -3.7984228e-10, cumulative = -1.026042e-06
ExecutionTime = 59.91 s  ClockTime = 60 s

Time = 46

smoothSolver:  Solving for Ux, Initial residual = 3.0453862e-05, Final residual = 3.2644497e-09, No Iterations 2
smoothSolver:  Solving for Uy, Initial residual = 1.8274079e-05, Final residual = 7.5858474e-09, No Iterations 1
DICPCG:  Solving for p, Initial residual = 0.0061821393, Final residual = 5.8341083e-05, No Iterations 101
DICPCG:  Solving for p, Initial residual = 0.0013979784, Final residual = 1.3470839e-05, No Iterations 263
DICPCG:  Solving for p, Initial residual = 0.00022233333, Final residual = 2.0554914e-06, No Iterations 756
DICPCG:  Solving for p, Initial residual = 8.4955146e-05, Final residual = 8.158954e-07, No Iterations 19
time step continuity errors : sum local = 7.3571213e-09, global = 8.274317e-10, cumulative = -1.0252145e-06
ExecutionTime = 60.77 s  ClockTime = 61 s

Time = 47

smoothSolver:  Solving for Ux, Initial residual = 2.5971074e-05, Final residual = 2.8078885e-09, No Iterations 2
smoothSolver:  Solving for Uy, Initial residual = 1.5121723e-05, Final residual = 6.8822317e-09, No Iterations 1
DICPCG:  Solving for p, Initial residual = 0.0059379779, Final residual = 5.4050757e-05, No Iterations 106
DICPCG:  Solving for p, Initial residual = 0.0021404216, Final residual = 2.0728338e-05, No Iterations 283
DICPCG:  Solving for p, Initial residual = 0.00034151575, Final residual = 3.0556329e-06, No Iterations 763
DICPCG:  Solving for p, Initial residual = 0.00012870217, Final residual = 1.2462113e-06, No Iterations 19
time step continuity errors : sum local = 1.1222752e-08, global = 1.533171e-09, cumulative = -1.0236814e-06
ExecutionTime = 61.67 s  ClockTime = 62 s

Time = 48

smoothSolver:  Solving for Ux, Initial residual = 2.0716223e-05, Final residual = 2.3472006e-09, No Iterations 2
smoothSolver:  Solving for Uy, Initial residual = 1.1138917e-05, Final residual = 6.1303577e-09, No Iterations 1
DICPCG:  Solving for p, Initial residual = 0.0049022793, Final residual = 4.8712781e-05, No Iterations 108
DICPCG:  Solving for p, Initial residual = 0.0021587081, Final residual = 2.149146e-05, No Iterations 243
DICPCG:  Solving for p, Initial residual = 0.00033856647, Final residual = 3.3810602e-06, No Iterations 741
DICPCG:  Solving for p, Initial residual = 0.00014098963, Final residual = 1.400048e-06, No Iterations 41
time step continuity errors : sum local = 1.2616404e-08, global = 1.7579439e-09, cumulative = -1.0219234e-06
ExecutionTime = 62.53 s  ClockTime = 63 s

Time = 49

smoothSolver:  Solving for Ux, Initial residual = 1.7238558e-05, Final residual = 2.465413e-09, No Iterations 2
smoothSolver:  Solving for Uy, Initial residual = 8.6057162e-06, Final residual = 5.821252e-09, No Iterations 1
DICPCG:  Solving for p, Initial residual = 0.0042351019, Final residual = 4.1170967e-05, No Iterations 103
DICPCG:  Solving for p, Initial residual = 0.0015610709, Final residual = 1.4337486e-05, No Iterations 733
DICPCG:  Solving for p, Initial residual = 0.00019098484, Final residual = 1.888843e-06, No Iterations 231
DICPCG:  Solving for p, Initial residual = 6.2151999e-05, Final residual = 5.9356106e-07, No Iterations 767
time step continuity errors : sum local = 5.5295381e-09, global = 9.6903451e-13, cumulative = -1.0219224e-06
ExecutionTime = 63.89 s  ClockTime = 64 s

Time = 50

smoothSolver:  Solving for Ux, Initial residual = 1.679362e-05, Final residual = 2.6138793e-09, No Iterations 2
smoothSolver:  Solving for Uy, Initial residual = 7.6071675e-06, Final residual = 5.9308374e-09, No Iterations 1
DICPCG:  Solving for p, Initial residual = 0.004358473, Final residual = 4.2961668e-05, No Iterations 89
DICPCG:  Solving for p, Initial residual = 0.000948079, Final residual = 9.2945901e-06, No Iterations 37
DICPCG:  Solving for p, Initial residual = 0.00011729437, Final residual = 1.1318344e-06, No Iterations 758
DICPCG:  Solving for p, Initial residual = 7.2366315e-05, Final residual = 7.1890922e-07, No Iterations 756
time step continuity errors : sum local = 6.6495511e-09, global = 1.8056944e-13, cumulative = -1.0219223e-06
ExecutionTime = 65.26 s  ClockTime = 65 s

surfaceFieldValue flowRateTM write:
    sum(outlet_tm) of phi = 2.5081197e-11

surfaceFieldValue flowRateTM_left write:
    sum(outlet_tm_left) of phi = 2.4918803e-11

surfaceFieldValue pressureACinlet write:
    areaAverage(ac_inlet) of p = 3.0926508

Time = 51

smoothSolver:  Solving for Ux, Initial residual = 1.6016668e-05, Final residual = 2.550769e-09, No Iterations 2
smoothSolver:  Solving for Uy, Initial residual = 6.6264795e-06, Final residual = 5.7804979e-09, No Iterations 1
DICPCG:  Solving for p, Initial residual = 0.004383066, Final residual = 4.2200431e-05, No Iterations 99
DICPCG:  Solving for p, Initial residual = 0.0010716115, Final residual = 1.0073593e-05, No Iterations 32
DICPCG:  Solving for p, Initial residual = 0.00012162631, Final residual = 1.207964e-06, No Iterations 755
DICPCG:  Solving for p, Initial residual = 9.7060925e-05, Final residual = 9.4655214e-07, No Iterations 309
time step continuity errors : sum local = 8.6109492e-09, global = 6.5861852e-10, cumulative = -1.0212636e-06
ExecutionTime = 66.17 s  ClockTime = 66 s

Time = 52

smoothSolver:  Solving for Ux, Initial residual = 1.3854396e-05, Final residual = 2.3753401e-09, No Iterations 2
smoothSolver:  Solving for Uy, Initial residual = 5.2544671e-06, Final residual = 5.5428618e-09, No Iterations 1
DICPCG:  Solving for p, Initial residual = 0.0038915642, Final residual = 3.5748626e-05, No Iterations 103
DICPCG:  Solving for p, Initial residual = 0.0012248095, Final residual = 1.1693097e-05, No Iterations 256
DICPCG:  Solving for p, Initial residual = 0.00015666184, Final residual = 1.5603838e-06, No Iterations 758
DICPCG:  Solving for p, Initial residual = 4.9586895e-05, Final residual = 4.9541709e-07, No Iterations 289
time step continuity errors : sum local = 4.5725998e-09, global = 1.8990971e-10, cumulative = -1.0210737e-06
ExecutionTime = 67.23 s  ClockTime = 67 s

Time = 53

smoothSolver:  Solving for Ux, Initial residual = 1.1665524e-05, Final residual = 2.2183349e-09, No Iterations 2
smoothSolver:  Solving for Uy, Initial residual = 4.3085498e-06, Final residual = 5.5111023e-09, No Iterations 1
DICPCG:  Solving for p, Initial residual = 0.0033329743, Final residual = 3.0169255e-05, No Iterations 102
DICPCG:  Solving for p, Initial residual = 0.0010009277, Final residual = 9.3898119e-06, No Iterations 22
DICPCG:  Solving for p, Initial residual = 9.7428726e-05, Final residual = 9.2851786e-07, No Iterations 757
DICPCG:  Solving for p, Initial residual = 6.623637e-05, Final residual = 6.5011778e-07, No Iterations 303
time step continuity errors : sum local = 5.9525295e-09, global = -1.7116755e-10, cumulative = -1.0212449e-06
ExecutionTime = 68.13 s  ClockTime = 68 s

Time = 54

smoothSolver:  Solving for Ux, Initial residual = 9.1408236e-06, Final residual = 2.1216826e-09, No Iterations 2
smoothSolver:  Solving for Uy, Initial residual = 3.539994e-06, Final residual = 5.6433395e-09, No Iterations 1
DICPCG:  Solving for p, Initial residual = 0.0032064378, Final residual = 3.1233515e-05, No Iterations 93
DICPCG:  Solving for p, Initial residual = 0.00069117121, Final residual = 6.6773884e-06, No Iterations 28
DICPCG:  Solving for p, Initial residual = 7.7246328e-05, Final residual = 7.0378225e-07, No Iterations 757
DICPCG:  Solving for p, Initial residual = 3.7281676e-05, Final residual = 3.6909279e-07, No Iterations 19
time step continuity errors : sum local = 3.3441162e-09, global = -3.9557345e-10, cumulative = -1.0216405e-06
ExecutionTime = 68.84 s  ClockTime = 69 s

Time = 55

smoothSolver:  Solving for Ux, Initial residual = 6.7022919e-06, Final residual = 2.0626542e-09, No Iterations 2
smoothSolver:  Solving for Uy, Initial residual = 2.7277069e-06, Final residual = 5.6615279e-09, No Iterations 1
DICPCG:  Solving for p, Initial residual = 0.0032436735, Final residual = 2.9778194e-05, No Iterations 55
DICPCG:  Solving for p, Initial residual = 0.00060962957, Final residual = 5.9388577e-06, No Iterations 79
DICPCG:  Solving for p, Initial residual = 8.5244143e-05, Final residual = 8.4578817e-07, No Iterations 759
DICPCG:  Solving for p, Initial residual = 4.9711419e-05, Final residual = 4.7774814e-07, No Iterations 232
time step continuity errors : sum local = 4.3913767e-09, global = -4.810787e-10, cumulative = -1.0221216e-06
ExecutionTime = 69.69 s  ClockTime = 70 s

Time = 56

smoothSolver:  Solving for Ux, Initial residual = 4.6812634e-06, Final residual = 1.9932099e-09, No Iterations 2
smoothSolver:  Solving for Uy, Initial residual = 2.1470969e-06, Final residual = 5.5016361e-09, No Iterations 1
DICPCG:  Solving for p, Initial residual = 0.0030579188, Final residual = 2.8351296e-05, No Iterations 98
DICPCG:  Solving for p, Initial residual = 0.00070582913, Final residual = 6.9218433e-06, No Iterations 25
DICPCG:  Solving for p, Initial residual = 8.2657181e-05, Final residual = 8.1233269e-07, No Iterations 756
DICPCG:  Solving for p, Initial residual = 5.6829086e-05, Final residual = 5.6613611e-07, No Iterations 290
time step continuity errors : sum local = 5.1994308e-09, global = -4.5676735e-10, cumulative = -1.0225783e-06
ExecutionTime = 70.58 s  ClockTime = 71 s

Time = 57

smoothSolver:  Solving for Ux, Initial residual = 3.3731295e-06, Final residual = 1.9427724e-09, No Iterations 2
smoothSolver:  Solving for Uy, Initial residual = 1.7512633e-06, Final residual = 5.1956626e-09, No Iterations 1
DICPCG:  Solving for p, Initial residual = 0.0026946587, Final residual = 2.4386375e-05, No Iterations 99
DICPCG:  Solving for p, Initial residual = 0.00066433583, Final residual = 6.421092e-06, No Iterations 21
DICPCG:  Solving for p, Initial residual = 8.1650004e-05, Final residual = 7.7883794e-07, No Iterations 736
DICPCG:  Solving for p, Initial residual = 5.1802807e-05, Final residual = 5.1381931e-07, No Iterations 289
time step continuity errors : sum local = 4.7310909e-09, global = -3.5770866e-10, cumulative = -1.022936e-06
ExecutionTime = 71.45 s  ClockTime = 72 s

Time = 58

smoothSolver:  Solving for Ux, Initial residual = 2.7848102e-06, Final residual = 1.9143562e-09, No Iterations 2
smoothSolver:  Solving for Uy, Initial residual = 1.5206881e-06, Final residual = 4.8762907e-09, No Iterations 1
DICPCG:  Solving for p, Initial residual = 0.0024552904, Final residual = 2.4000792e-05, No Iterations 92
DICPCG:  Solving for p, Initial residual = 0.00050473176, Final residual = 4.8193502e-06, No Iterations 29
DICPCG:  Solving for p, Initial residual = 6.7849812e-05, Final residual = 6.701209e-07, No Iterations 743
DICPCG:  Solving for p, Initial residual = 3.7601515e-05, Final residual = 3.5394233e-07, No Iterations 23
time step continuity errors : sum local = 3.2116632e-09, global = -2.2553505e-10, cumulative = -1.0231616e-06
ExecutionTime = 72.14 s  ClockTime = 72 s

Time = 59

smoothSolver:  Solving for Ux, Initial residual = 2.6232682e-06, Final residual = 1.8932552e-09, No Iterations 2
smoothSolver:  Solving for Uy, Initial residual = 1.4317818e-06, Final residual = 4.6309374e-09, No Iterations 1
DICPCG:  Solving for p, Initial residual = 0.0023730236, Final residual = 2.3170123e-05, No Iterations 90
DICPCG:  Solving for p, Initial residual = 0.00042801532, Final residual = 4.2463998e-06, No Iterations 273
DICPCG:  Solving for p, Initial residual = 7.356791e-05, Final residual = 6.8716041e-07, No Iterations 749
DICPCG:  Solving for p, Initial residual = 3.1727175e-05, Final residual = 2.939188e-07, No Iterations 27
time step continuity errors : sum local = 2.6794379e-09, global = -9.4958876e-11, cumulative = -1.0232565e-06
ExecutionTime = 73.02 s  ClockTime = 73 s

Time = 60

smoothSolver:  Solving for Ux, Initial residual = 2.4280559e-06, Final residual = 1.8749812e-09, No Iterations 2
smoothSolver:  Solving for Uy, Initial residual = 1.260508e-06, Final residual = 4.483074e-09, No Iterations 1
DICPCG:  Solving for p, Initial residual = 0.0022603235, Final residual = 1.9841244e-05, No Iterations 96
DICPCG:  Solving for p, Initial residual = 0.00042678561, Final residual = 4.2003465e-06, No Iterations 30
DICPCG:  Solving for p, Initial residual = 6.0700034e-05, Final residual = 5.9021618e-07, No Iterations 244
DICPCG:  Solving for p, Initial residual = 4.0045e-05, Final residual = 3.9846319e-07, No Iterations 356
time step continuity errors : sum local = 3.7113899e-09, global = 3.588522e-10, cumulative = -1.0228977e-06
ExecutionTime = 73.58 s  ClockTime = 74 s

surfaceFieldValue flowRateTM write:
    sum(outlet_tm) of phi = 2.5080991e-11

surfaceFieldValue flowRateTM_left write:
    sum(outlet_tm_left) of phi = 2.4919062e-11

surfaceFieldValue pressureACinlet write:
    areaAverage(ac_inlet) of p = 3.0927701

Time = 61

smoothSolver:  Solving for Ux, Initial residual = 2.0992823e-06, Final residual = 1.8446998e-09, No Iterations 2
smoothSolver:  Solving for Uy, Initial residual = 1.0622292e-06, Final residual = 4.4565627e-09, No Iterations 1
DICPCG:  Solving for p, Initial residual = 0.0020894672, Final residual = 2.0801355e-05, No Iterations 95
DICPCG:  Solving for p, Initial residual = 0.00041743647, Final residual = 4.1433562e-06, No Iterations 25
DICPCG:  Solving for p, Initial residual = 5.8396854e-05, Final residual = 5.692278e-07, No Iterations 755
DICPCG:  Solving for p, Initial residual = 3.6775236e-05, Final residual = 3.5614126e-07, No Iterations 262
time step continuity errors : sum local = 3.3191573e-09, global = 9.095791e-11, cumulative = -1.0228067e-06
ExecutionTime = 74.45 s  ClockTime = 75 s

Time = 62

smoothSolver:  Solving for Ux, Initial residual = 1.710694e-06, Final residual = 1.8020865e-09, No Iterations 2
smoothSolver:  Solving for Uy, Initial residual = 8.5817947e-07, Final residual = 4.4985825e-09, No Iterations 1
DICPCG:  Solving for p, Initial residual = 0.0019470209, Final residual = 1.9163859e-05, No Iterations 91
DICPCG:  Solving for p, Initial residual = 0.00035680478, Final residual = 3.2831225e-06, No Iterations 26
DICPCG:  Solving for p, Initial residual = 5.4104734e-05, Final residual = 5.3534617e-07, No Iterations 762
DICPCG:  Solving for p, Initial residual = 3.1223293e-05, Final residual = 2.8584445e-07, No Iterations 34
time step continuity errors : sum local = 2.6099118e-09, global = 1.2399063e-10, cumulative = -1.0226827e-06
ExecutionTime = 75.15 s  ClockTime = 75 s

Time = 63

smoothSolver:  Solving for Ux, Initial residual = 1.3652148e-06, Final residual = 1.7550245e-09, No Iterations 2
smoothSolver:  Solving for Uy, Initial residual = 6.5751687e-07, Final residual = 4.5319175e-09, No Iterations 1
DICPCG:  Solving for p, Initial residual = 0.0018751867, Final residual = 1.7863315e-05, No Iterations 88
DICPCG:  Solving for p, Initial residual = 0.00030555722, Final residual = 2.9169391e-06, No Iterations 38
DICPCG:  Solving for p, Initial residual = 5.4214174e-05, Final residual = 5.0554695e-07, No Iterations 758
DICPCG:  Solving for p, Initial residual = 3.1116344e-05, Final residual = 2.938115e-07, No Iterations 42
time step continuity errors : sum local = 2.6872784e-09, global = 1.2224185e-10, cumulative = -1.0225605e-06
ExecutionTime = 75.87 s  ClockTime = 76 s

Time = 64

smoothSolver:  Solving for Ux, Initial residual = 1.0941815e-06, Final residual = 1.7097792e-09, No Iterations 2
smoothSolver:  Solving for Uy, Initial residual = 4.9802255e-07, Final residual = 4.5031083e-09, No Iterations 1
DICPCG:  Solving for p, Initial residual = 0.0017959535, Final residual = 1.7697996e-05, No Iterations 49
DICPCG:  Solving for p, Initial residual = 0.00026733426, Final residual = 2.5542029e-06, No Iterations 88
DICPCG:  Solving for p, Initial residual = 5.3015299e-05, Final residual = 5.0034827e-07, No Iterations 758
DICPCG:  Solving for p, Initial residual = 2.9818992e-05, Final residual = 2.981619e-07, No Iterations 50
time step continuity errors : sum local = 2.7277946e-09, global = 9.8398642e-11, cumulative = -1.0224621e-06
ExecutionTime = 76.59 s  ClockTime = 77 s

Time = 65

smoothSolver:  Solving for Ux, Initial residual = 1.0029305e-06, Final residual = 1.6709765e-09, No Iterations 2
smoothSolver:  Solving for Uy, Initial residual = 3.6886753e-07, Final residual = 4.4032392e-09, No Iterations 1
DICPCG:  Solving for p, Initial residual = 0.0016933154, Final residual = 1.6577054e-05, No Iterations 85
DICPCG:  Solving for p, Initial residual = 0.00024013952, Final residual = 2.3943678e-06, No Iterations 45
DICPCG:  Solving for p, Initial residual = 4.6379483e-05, Final residual = 4.4848438e-07, No Iterations 757
DICPCG:  Solving for p, Initial residual = 2.6785822e-05, Final residual = 2.589832e-07, No Iterations 48
time step continuity errors : sum local = 2.3805226e-09, global = 6.2556108e-11, cumulative = -1.0223995e-06
ExecutionTime = 77.35 s  ClockTime = 77 s

Time = 66

smoothSolver:  Solving for Ux, Initial residual = 9.3018449e-07, Final residual = 1.6349709e-09, No Iterations 2
smoothSolver:  Solving for Uy, Initial residual = 3.243087e-07, Final residual = 4.26889e-09, No Iterations 1
DICPCG:  Solving for p, Initial residual = 0.0015946696, Final residual = 1.4752242e-05, No Iterations 85
DICPCG:  Solving for p, Initial residual = 0.00021985812, Final residual = 2.132105e-06, No Iterations 29
DICPCG:  Solving for p, Initial residual = 4.202454e-05, Final residual = 4.0552815e-07, No Iterations 313
DICPCG:  Solving for p, Initial residual = 2.5537052e-05, Final residual = 2.2784606e-07, No Iterations 36
time step continuity errors : sum local = 2.0872995e-09, global = 3.8030969e-10, cumulative = -1.0220192e-06
ExecutionTime = 77.72 s  ClockTime = 78 s

Time = 67

smoothSolver:  Solving for Ux, Initial residual = 8.3018992e-07, Final residual = 1.6073741e-09, No Iterations 2
smoothSolver:  Solving for Uy, Initial residual = 3.0944586e-07, Final residual = 4.135658e-09, No Iterations 1
DICPCG:  Solving for p, Initial residual = 0.0015076174, Final residual = 1.4674142e-05, No Iterations 84
DICPCG:  Solving for p, Initial residual = 0.00020466282, Final residual = 2.0333536e-06, No Iterations 38
DICPCG:  Solving for p, Initial residual = 4.0500323e-05, Final residual = 3.7526598e-07, No Iterations 296
DICPCG:  Solving for p, Initial residual = 2.6153412e-05, Final residual = 2.4525701e-07, No Iterations 36
time step continuity errors : sum local = 2.2482663e-09, global = 1.8225748e-11, cumulative = -1.022001e-06
ExecutionTime = 78.11 s  ClockTime = 78 s

Time = 68

smoothSolver:  Solving for Ux, Initial residual = 7.4191193e-07, Final residual = 9.888239e-09, No Iterations 1
smoothSolver:  Solving for Uy, Initial residual = 3.0030569e-07, Final residual = 4.0236754e-09, No Iterations 1
DICPCG:  Solving for p, Initial residual = 0.001434362, Final residual = 1.431013e-05, No Iterations 58
DICPCG:  Solving for p, Initial residual = 0.00018397361, Final residual = 1.8229752e-06, No Iterations 75
DICPCG:  Solving for p, Initial residual = 4.1864311e-05, Final residual = 3.997569e-07, No Iterations 289
DICPCG:  Solving for p, Initial residual = 2.5614665e-05, Final residual = 2.5429198e-07, No Iterations 273
time step continuity errors : sum local = 2.4188289e-09, global = -2.8606662e-10, cumulative = -1.0222871e-06
ExecutionTime = 78.65 s  ClockTime = 79 s

Time = 69

smoothSolver:  Solving for Ux, Initial residual = 6.2702774e-07, Final residual = 9.8071307e-09, No Iterations 1
smoothSolver:  Solving for Uy, Initial residual = 2.7462e-07, Final residual = 3.9052303e-09, No Iterations 1
DICPCG:  Solving for p, Initial residual = 0.001375739, Final residual = 1.3360606e-05, No Iterations 57
DICPCG:  Solving for p, Initial residual = 0.00016325043, Final residual = 1.6216191e-06, No Iterations 290
DICPCG:  Solving for p, Initial residual = 4.1425641e-05, Final residual = 3.8939699e-07, No Iterations 750
DICPCG:  Solving for p, Initial residual = 1.9415003e-05, Final residual = 1.9061351e-07, No Iterations 40
time step continuity errors : sum local = 1.7658123e-09, global = -3.1698616e-11, cumulative = -1.0223188e-06
ExecutionTime = 79.52 s  ClockTime = 80 s

Time = 70

smoothSolver:  Solving for Ux, Initial residual = 4.4178241e-07, Final residual = 9.743384e-09, No Iterations 1
smoothSolver:  Solving for Uy, Initial residual = 2.0904054e-07, Final residual = 3.8012749e-09, No Iterations 1
DICPCG:  Solving for p, Initial residual = 0.0013195989, Final residual = 1.2632497e-05, No Iterations 84
DICPCG:  Solving for p, Initial residual = 0.00015210811, Final residual = 1.5153701e-06, No Iterations 77
DICPCG:  Solving for p, Initial residual = 3.2021099e-05, Final residual = 3.1759226e-07, No Iterations 279
DICPCG:  Solving for p, Initial residual = 1.9745291e-05, Final residual = 1.928276e-07, No Iterations 755
time step continuity errors : sum local = 2.0226479e-09, global = -1.9945235e-13, cumulative = -1.022319e-06
ExecutionTime = 80.42 s  ClockTime = 81 s

surfaceFieldValue flowRateTM write:
    sum(outlet_tm) of phi = 2.5080983e-11

surfaceFieldValue flowRateTM_left write:
    sum(outlet_tm_left) of phi = 2.4919017e-11

surfaceFieldValue pressureACinlet write:
    areaAverage(ac_inlet) of p = 3.0927326

Time = 71

smoothSolver:  Solving for Ux, Initial residual = 2.8830467e-07, Final residual = 9.6499331e-09, No Iterations 1
smoothSolver:  Solving for Uy, Initial residual = 1.5696491e-07, Final residual = 3.7222167e-09, No Iterations 1
DICPCG:  Solving for p, Initial residual = 0.0012645611, Final residual = 1.1235052e-05, No Iterations 84
DICPCG:  Solving for p, Initial residual = 0.00013805564, Final residual = 1.3150554e-06, No Iterations 74
DICPCG:  Solving for p, Initial residual = 2.9920738e-05, Final residual = 2.7177516e-07, No Iterations 745
DICPCG:  Solving for p, Initial residual = 1.7084534e-05, Final residual = 1.6793577e-07, No Iterations 38
time step continuity errors : sum local = 1.5626106e-09, global = -2.8143289e-11, cumulative = -1.0223471e-06
ExecutionTime = 81.15 s  ClockTime = 81 s

Time = 72

smoothSolver:  Solving for Ux, Initial residual = 2.6337027e-07, Final residual = 9.515495e-09, No Iterations 1
smoothSolver:  Solving for Uy, Initial residual = 1.4526675e-07, Final residual = 3.6661127e-09, No Iterations 1
DICPCG:  Solving for p, Initial residual = 0.001218618, Final residual = 1.1937921e-05, No Iterations 63
DICPCG:  Solving for p, Initial residual = 0.0001189772, Final residual = 1.154568e-06, No Iterations 83
DICPCG:  Solving for p, Initial residual = 3.0301438e-05, Final residual = 2.8799064e-07, No Iterations 105
DICPCG:  Solving for p, Initial residual = 1.5778164e-05, Final residual = 1.531653e-07, No Iterations 62
time step continuity errors : sum local = 1.4426189e-09, global = -2.9923751e-10, cumulative = -1.0226463e-06
ExecutionTime = 81.43 s  ClockTime = 82 s

Time = 73

smoothSolver:  Solving for Ux, Initial residual = 2.5009165e-07, Final residual = 9.3484243e-09, No Iterations 1
smoothSolver:  Solving for Uy, Initial residual = 1.3501729e-07, Final residual = 3.6243782e-09, No Iterations 1
DICPCG:  Solving for p, Initial residual = 0.001176791, Final residual = 1.0738384e-05, No Iterations 40
DICPCG:  Solving for p, Initial residual = 9.9276989e-05, Final residual = 9.6288037e-07, No Iterations 78
DICPCG:  Solving for p, Initial residual = 2.6265772e-05, Final residual = 2.5074218e-07, No Iterations 273
DICPCG:  Solving for p, Initial residual = 1.4225001e-05, Final residual = 1.4117572e-07, No Iterations 44
time step continuity errors : sum local = 1.3230366e-09, global = -2.2855922e-10, cumulative = -1.0228749e-06
ExecutionTime = 81.79 s  ClockTime = 82 s

Time = 74

smoothSolver:  Solving for Ux, Initial residual = 2.3361298e-07, Final residual = 9.1691587e-09, No Iterations 1
smoothSolver:  Solving for Uy, Initial residual = 1.247256e-07, Final residual = 3.5889935e-09, No Iterations 1
DICPCG:  Solving for p, Initial residual = 0.0011302261, Final residual = 1.0584521e-05, No Iterations 25
DICPCG:  Solving for p, Initial residual = 8.8478734e-05, Final residual = 8.6544958e-07, No Iterations 87
DICPCG:  Solving for p, Initial residual = 2.4095544e-05, Final residual = 2.3056051e-07, No Iterations 298
DICPCG:  Solving for p, Initial residual = 1.4521876e-05, Final residual = 1.44302e-07, No Iterations 35
time step continuity errors : sum local = 1.3475734e-09, global = -1.6271194e-10, cumulative = -1.0230376e-06
ExecutionTime = 82.17 s  ClockTime = 82 s

Time = 75

smoothSolver:  Solving for Ux, Initial residual = 2.1827455e-07, Final residual = 9.0020937e-09, No Iterations 1
smoothSolver:  Solving for Uy, Initial residual = 1.1228148e-07, Final residual = 3.552015e-09, No Iterations 1
DICPCG:  Solving for p, Initial residual = 0.0010817399, Final residual = 1.0640165e-05, No Iterations 39
DICPCG:  Solving for p, Initial residual = 8.4185364e-05, Final residual = 8.3311032e-07, No Iterations 302
DICPCG:  Solving for p, Initial residual = 2.4296063e-05, Final residual = 2.4016589e-07, No Iterations 32
DICPCG:  Solving for p, Initial residual = 1.1332689e-05, Final residual = 1.1132897e-07, No Iterations 307
time step continuity errors : sum local = 1.1917864e-09, global = -1.0330411e-10, cumulative = -1.0231409e-06
ExecutionTime = 82.7 s  ClockTime = 83 s

Time = 76

smoothSolver:  Solving for Ux, Initial residual = 1.9585724e-07, Final residual = 8.8565662e-09, No Iterations 1
smoothSolver:  Solving for Uy, Initial residual = 9.8776918e-08, Final residual = 3.5060117e-09, No Iterations 1
DICPCG:  Solving for p, Initial residual = 0.0010421133, Final residual = 1.023553e-05, No Iterations 40
DICPCG:  Solving for p, Initial residual = 8.2310555e-05, Final residual = 7.9040195e-07, No Iterations 305
DICPCG:  Solving for p, Initial residual = 2.4282685e-05, Final residual = 2.3785102e-07, No Iterations 30
DICPCG:  Solving for p, Initial residual = 1.0466291e-05, Final residual = 1.0182843e-07, No Iterations 299
time step continuity errors : sum local = 1.1067819e-09, global = -5.177549e-11, cumulative = -1.0231927e-06
ExecutionTime = 83.23 s  ClockTime = 83 s

Time = 77

smoothSolver:  Solving for Ux, Initial residual = 1.6907683e-07, Final residual = 8.7296283e-09, No Iterations 1
smoothSolver:  Solving for Uy, Initial residual = 8.5964659e-08, Final residual = 3.4509126e-09, No Iterations 1
DICPCG:  Solving for p, Initial residual = 0.0010112453, Final residual = 9.9552735e-06, No Iterations 38
DICPCG:  Solving for p, Initial residual = 7.6616819e-05, Final residual = 7.4918127e-07, No Iterations 306
DICPCG:  Solving for p, Initial residual = 2.2311305e-05, Final residual = 2.1923844e-07, No Iterations 35
DICPCG:  Solving for p, Initial residual = 1.0171433e-05, Final residual = 1.0084786e-07, No Iterations 301
time step continuity errors : sum local = 1.0994616e-09, global = -8.7170864e-12, cumulative = -1.0232014e-06
ExecutionTime = 83.77 s  ClockTime = 84 s

Time = 78

smoothSolver:  Solving for Ux, Initial residual = 1.4706718e-07, Final residual = 8.6128115e-09, No Iterations 1
smoothSolver:  Solving for Uy, Initial residual = 7.5696691e-08, Final residual = 3.3913684e-09, No Iterations 1
DICPCG:  Solving for p, Initial residual = 0.00098173455, Final residual = 9.3465598e-06, No Iterations 35
DICPCG:  Solving for p, Initial residual = 6.989954e-05, Final residual = 6.7830282e-07, No Iterations 308
DICPCG:  Solving for p, Initial residual = 1.9891838e-05, Final residual = 1.8541301e-07, No Iterations 22
DICPCG:  Solving for p, Initial residual = 9.4979276e-06, Final residual = 9.4103268e-08, No Iterations 293
time step continuity errors : sum local = 1.0307106e-09, global = 2.5961221e-11, cumulative = -1.0231754e-06
ExecutionTime = 84.29 s  ClockTime = 84 s

Time = 79

smoothSolver:  Solving for Ux, Initial residual = 1.3244764e-07, Final residual = 8.4996502e-09, No Iterations 1
smoothSolver:  Solving for Uy, Initial residual = 6.4829941e-08, Final residual = 3.332869e-09, No Iterations 1
DICPCG:  Solving for p, Initial residual = 0.00095357387, Final residual = 9.5156418e-06, No Iterations 38
DICPCG:  Solving for p, Initial residual = 6.5584537e-05, Final residual = 6.0076506e-07, No Iterations 84
DICPCG:  Solving for p, Initial residual = 1.7535791e-05, Final residual = 1.7069746e-07, No Iterations 285
DICPCG:  Solving for p, Initial residual = 9.9816928e-06, Final residual = 9.7067802e-08, No Iterations 35
time step continuity errors : sum local = 9.3079526e-10, global = 5.2931706e-11, cumulative = -1.0231225e-06
ExecutionTime = 84.66 s  ClockTime = 85 s

Time = 80

smoothSolver:  Solving for Ux, Initial residual = 1.1723005e-07, Final residual = 8.3868484e-09, No Iterations 1
smoothSolver:  Solving for Uy, Initial residual = 5.4940457e-08, Final residual = 3.2799529e-09, No Iterations 1
DICPCG:  Solving for p, Initial residual = 0.00092743442, Final residual = 9.2361314e-06, No Iterations 41
DICPCG:  Solving for p, Initial residual = 6.1877258e-05, Final residual = 6.1008523e-07, No Iterations 85
DICPCG:  Solving for p, Initial residual = 1.7705382e-05, Final residual = 1.7513812e-07, No Iterations 284
DICPCG:  Solving for p, Initial residual = 1.029252e-05, Final residual = 9.6084316e-08, No Iterations 35
time step continuity errors : sum local = 9.2074616e-10, global = 7.33474e-11, cumulative = -1.0230492e-06
ExecutionTime = 85.03 s  ClockTime = 85 s

surfaceFieldValue flowRateTM write:
    sum(outlet_tm) of phi = 2.5080981e-11

surfaceFieldValue flowRateTM_left write:
    sum(outlet_tm_left) of phi = 2.491903e-11

surfaceFieldValue pressureACinlet write:
    areaAverage(ac_inlet) of p = 3.092735

Time = 81

smoothSolver:  Solving for Ux, Initial residual = 1.0495708e-07, Final residual = 8.2741126e-09, No Iterations 1
smoothSolver:  Solving for Uy, Initial residual = 4.8515067e-08, Final residual = 3.2332404e-09, No Iterations 1
DICPCG:  Solving for p, Initial residual = 0.00090302706, Final residual = 7.8187979e-06, No Iterations 42
DICPCG:  Solving for p, Initial residual = 5.73776e-05, Final residual = 5.5454284e-07, No Iterations 88
DICPCG:  Solving for p, Initial residual = 1.7888735e-05, Final residual = 1.7737934e-07, No Iterations 287
DICPCG:  Solving for p, Initial residual = 1.0668551e-05, Final residual = 1.0185793e-07, No Iterations 39
time step continuity errors : sum local = 9.7145185e-10, global = 8.8468506e-11, cumulative = -1.0229607e-06
ExecutionTime = 85.41 s  ClockTime = 86 s

Time = 82

smoothSolver:  Solving for Ux, Initial residual = 9.5247755e-08, Final residual = 8.1621302e-09, No Iterations 1
smoothSolver:  Solving for Uy, Initial residual = 4.3883189e-08, Final residual = 3.1916992e-09, No Iterations 1
DICPCG:  Solving for p, Initial residual = 0.00087989826, Final residual = 8.6838978e-06, No Iterations 33
DICPCG:  Solving for p, Initial residual = 5.218614e-05, Final residual = 4.9633149e-07, No Iterations 303
DICPCG:  Solving for p, Initial residual = 1.9307572e-05, Final residual = 1.9001129e-07, No Iterations 39
DICPCG:  Solving for p, Initial residual = 9.2930382e-06, Final residual = 9.0333029e-08, No Iterations 250
time step continuity errors : sum local = 9.8103506e-10, global = 9.9535585e-11, cumulative = -1.0228612e-06
ExecutionTime = 85.9 s  ClockTime = 86 s

Time = 83

smoothSolver:  Solving for Ux, Initial residual = 8.6828946e-08, Final residual = 8.0530374e-09, No Iterations 1
smoothSolver:  Solving for Uy, Initial residual = 3.990835e-08, Final residual = 3.1515517e-09, No Iterations 1
DICPCG:  Solving for p, Initial residual = 0.0008579202, Final residual = 8.2415057e-06, No Iterations 29
DICPCG:  Solving for p, Initial residual = 4.9239609e-05, Final residual = 4.5533214e-07, No Iterations 311
DICPCG:  Solving for p, Initial residual = 1.8626827e-05, Final residual = 1.783664e-07, No Iterations 38
DICPCG:  Solving for p, Initial residual = 8.8431283e-06, Final residual = 8.6324164e-08, No Iterations 756
time step continuity errors : sum local = 1.1317105e-09, global = 4.6074598e-13, cumulative = -1.0228607e-06
ExecutionTime = 86.76 s  ClockTime = 87 s

Time = 84

smoothSolver:  Solving for Ux, Initial residual = 8.6356082e-08, Final residual = 7.9471986e-09, No Iterations 1
smoothSolver:  Solving for Uy, Initial residual = 3.6336051e-08, Final residual = 3.110457e-09, No Iterations 1
DICPCG:  Solving for p, Initial residual = 0.00083654614, Final residual = 8.3147522e-06, No Iterations 31
DICPCG:  Solving for p, Initial residual = 4.9941719e-05, Final residual = 4.690494e-07, No Iterations 310
DICPCG:  Solving for p, Initial residual = 1.865242e-05, Final residual = 1.8418452e-07, No Iterations 30
DICPCG:  Solving for p, Initial residual = 8.9980978e-06, Final residual = 8.882422e-08, No Iterations 317
time step continuity errors : sum local = 1.0102914e-09, global = 7.7788062e-11, cumulative = -1.0227829e-06
ExecutionTime = 87.31 s  ClockTime = 87 s

Time = 85

smoothSolver:  Solving for Ux, Initial residual = 8.0679412e-08, Final residual = 7.8439905e-09, No Iterations 1
smoothSolver:  Solving for Uy, Initial residual = 3.2810403e-08, Final residual = 3.0678106e-09, No Iterations 1
DICPCG:  Solving for p, Initial residual = 0.00081680299, Final residual = 7.65122e-06, No Iterations 33
DICPCG:  Solving for p, Initial residual = 4.9600301e-05, Final residual = 4.8605549e-07, No Iterations 309
DICPCG:  Solving for p, Initial residual = 1.7824515e-05, Final residual = 1.768666e-07, No Iterations 28
DICPCG:  Solving for p, Initial residual = 8.311712e-06, Final residual = 8.2492851e-08, No Iterations 277
time step continuity errors : sum local = 9.3552043e-10, global = 6.9297599e-11, cumulative = -1.0227136e-06
ExecutionTime = 87.82 s  ClockTime = 88 s

Time = 86

smoothSolver:  Solving for Ux, Initial residual = 7.7603171e-08, Final residual = 7.7423498e-09, No Iterations 1
smoothSolver:  Solving for Uy, Initial residual = 3.0591503e-08, Final residual = 3.0253794e-09, No Iterations 1
DICPCG:  Solving for p, Initial residual = 0.00079871856, Final residual = 7.7219927e-06, No Iterations 31
DICPCG:  Solving for p, Initial residual = 4.7933528e-05, Final residual = 4.6908334e-07, No Iterations 309
DICPCG:  Solving for p, Initial residual = 1.7400986e-05, Final residual = 1.6884325e-07, No Iterations 24
DICPCG:  Solving for p, Initial residual = 8.5751286e-06, Final residual = 8.5698043e-08, No Iterations 292
time step continuity errors : sum local = 9.6032432e-10, global = 6.2137889e-11, cumulative = -1.0226515e-06
ExecutionTime = 88.34 s  ClockTime = 88 s

Time = 87

smoothSolver:  Solving for Ux, Initial residual = 7.4956746e-08, Final residual = 7.6423375e-09, No Iterations 1
smoothSolver:  Solving for Uy, Initial residual = 2.8959477e-08, Final residual = 2.9844829e-09, No Iterations 1
DICPCG:  Solving for p, Initial residual = 0.00078256559, Final residual = 7.2848932e-06, No Iterations 31
DICPCG:  Solving for p, Initial residual = 4.6558373e-05, Final residual = 4.3877908e-07, No Iterations 307
DICPCG:  Solving for p, Initial residual = 1.7125897e-05, Final residual = 1.6388048e-07, No Iterations 22
DICPCG:  Solving for p, Initial residual = 8.8312287e-06, Final residual = 8.7826054e-08, No Iterations 40
time step continuity errors : sum local = 8.4632633e-10, global = 5.621932e-11, cumulative = -1.0225953e-06
ExecutionTime = 88.68 s  ClockTime = 89 s

Time = 88

smoothSolver:  Solving for Ux, Initial residual = 7.228967e-08, Final residual = 7.5443663e-09, No Iterations 1
smoothSolver:  Solving for Uy, Initial residual = 2.7727485e-08, Final residual = 2.9460202e-09, No Iterations 1
DICPCG:  Solving for p, Initial residual = 0.00076825214, Final residual = 7.2125757e-06, No Iterations 31
DICPCG:  Solving for p, Initial residual = 4.6426618e-05, Final residual = 4.4663587e-07, No Iterations 82
DICPCG:  Solving for p, Initial residual = 1.6502808e-05, Final residual = 1.5953329e-07, No Iterations 281
DICPCG:  Solving for p, Initial residual = 9.9389096e-06, Final residual = 9.7796111e-08, No Iterations 45
time step continuity errors : sum local = 9.3483518e-10, global = 5.1364979e-11, cumulative = -1.0225439e-06
ExecutionTime = 89.05 s  ClockTime = 89 s

Time = 89

smoothSolver:  Solving for Ux, Initial residual = 6.9380921e-08, Final residual = 7.4494013e-09, No Iterations 1
smoothSolver:  Solving for Uy, Initial residual = 2.6875356e-08, Final residual = 2.9101514e-09, No Iterations 1
DICPCG:  Solving for p, Initial residual = 0.00075570105, Final residual = 7.2117781e-06, No Iterations 31
DICPCG:  Solving for p, Initial residual = 4.7860159e-05, Final residual = 4.7713536e-07, No Iterations 79
DICPCG:  Solving for p, Initial residual = 1.7485928e-05, Final residual = 1.7432235e-07, No Iterations 244
DICPCG:  Solving for p, Initial residual = 1.0632802e-05, Final residual = 1.0347932e-07, No Iterations 46
time step continuity errors : sum local = 9.8665235e-10, global = 4.7385843e-11, cumulative = -1.0224965e-06
ExecutionTime = 89.39 s  ClockTime = 90 s

Time = 90

smoothSolver:  Solving for Ux, Initial residual = 6.600373e-08, Final residual = 7.3573544e-09, No Iterations 1
smoothSolver:  Solving for Uy, Initial residual = 2.5668731e-08, Final residual = 2.8758979e-09, No Iterations 1
DICPCG:  Solving for p, Initial residual = 0.00074496127, Final residual = 7.0499079e-06, No Iterations 31
DICPCG:  Solving for p, Initial residual = 4.8858473e-05, Final residual = 4.8731657e-07, No Iterations 78
DICPCG:  Solving for p, Initial residual = 1.84403e-05, Final residual = 1.8037269e-07, No Iterations 249
DICPCG:  Solving for p, Initial residual = 1.1444057e-05, Final residual = 1.1134569e-07, No Iterations 48
time step continuity errors : sum local = 1.0600322e-09, global = 4.4080856e-11, cumulative = -1.0224524e-06
ExecutionTime = 89.74 s  ClockTime = 90 s

surfaceFieldValue flowRateTM write:
    sum(outlet_tm) of phi = 2.5080977e-11

surfaceFieldValue flowRateTM_left write:
    sum(outlet_tm_left) of phi = 2.4919029e-11

surfaceFieldValue pressureACinlet write:
    areaAverage(ac_inlet) of p = 3.0927344

Time = 91

smoothSolver:  Solving for Ux, Initial residual = 6.2687173e-08, Final residual = 7.2658766e-09, No Iterations 1
smoothSolver:  Solving for Uy, Initial residual = 2.4330571e-08, Final residual = 2.8409933e-09, No Iterations 1
DICPCG:  Solving for p, Initial residual = 0.0007330411, Final residual = 7.0780185e-06, No Iterations 31
DICPCG:  Solving for p, Initial residual = 4.7177862e-05, Final residual = 4.6558609e-07, No Iterations 291
DICPCG:  Solving for p, Initial residual = 1.8814327e-05, Final residual = 1.7497378e-07, No Iterations 67
DICPCG:  Solving for p, Initial residual = 1.0034574e-05, Final residual = 9.7514513e-08, No Iterations 41
time step continuity errors : sum local = 9.3648386e-10, global = 4.1310004e-11, cumulative = -1.0224111e-06
ExecutionTime = 90.09 s  ClockTime = 90 s

Time = 92

smoothSolver:  Solving for Ux, Initial residual = 5.9695282e-08, Final residual = 7.1770038e-09, No Iterations 1
smoothSolver:  Solving for Uy, Initial residual = 2.2985714e-08, Final residual = 2.8049806e-09, No Iterations 1
DICPCG:  Solving for p, Initial residual = 0.00071983554, Final residual = 7.1211431e-06, No Iterations 31
DICPCG:  Solving for p, Initial residual = 4.516175e-05, Final residual = 4.3192374e-07, No Iterations 310
DICPCG:  Solving for p, Initial residual = 1.8109585e-05, Final residual = 1.7954752e-07, No Iterations 37
DICPCG:  Solving for p, Initial residual = 9.0265337e-06, Final residual = 8.8403328e-08, No Iterations 280
time step continuity errors : sum local = 9.87377e-10, global = 3.8985553e-11, cumulative = -1.0223721e-06
ExecutionTime = 90.62 s  ClockTime = 91 s

Time = 93

smoothSolver:  Solving for Ux, Initial residual = 5.7932281e-08, Final residual = 7.0901044e-09, No Iterations 1
smoothSolver:  Solving for Uy, Initial residual = 2.2176448e-08, Final residual = 2.7689105e-09, No Iterations 1
DICPCG:  Solving for p, Initial residual = 0.00070575635, Final residual = 6.8728453e-06, No Iterations 33
DICPCG:  Solving for p, Initial residual = 4.3336343e-05, Final residual = 4.2919623e-07, No Iterations 306
DICPCG:  Solving for p, Initial residual = 1.6921209e-05, Final residual = 1.5839364e-07, No Iterations 41
DICPCG:  Solving for p, Initial residual = 8.1843281e-06, Final residual = 8.0749237e-08, No Iterations 292
time step continuity errors : sum local = 9.3241941e-10, global = 3.6998118e-11, cumulative = -1.0223351e-06
ExecutionTime = 91.14 s  ClockTime = 91 s

Time = 94

smoothSolver:  Solving for Ux, Initial residual = 5.698427e-08, Final residual = 7.0046924e-09, No Iterations 1
smoothSolver:  Solving for Uy, Initial residual = 2.1909742e-08, Final residual = 2.7331603e-09, No Iterations 1
DICPCG:  Solving for p, Initial residual = 0.00069132521, Final residual = 6.6771122e-06, No Iterations 33
DICPCG:  Solving for p, Initial residual = 4.1250616e-05, Final residual = 4.1090645e-07, No Iterations 306
DICPCG:  Solving for p, Initial residual = 1.6406515e-05, Final residual = 1.5365554e-07, No Iterations 41
DICPCG:  Solving for p, Initial residual = 7.5070658e-06, Final residual = 7.3399506e-08, No Iterations 279
time step continuity errors : sum local = 8.6151535e-10, global = 3.5332502e-11, cumulative = -1.0222998e-06
ExecutionTime = 91.67 s  ClockTime = 92 s

Time = 95

smoothSolver:  Solving for Ux, Initial residual = 5.5809313e-08, Final residual = 6.9190098e-09, No Iterations 1
smoothSolver:  Solving for Uy, Initial residual = 2.1621281e-08, Final residual = 2.6966218e-09, No Iterations 1
DICPCG:  Solving for p, Initial residual = 0.00067745834, Final residual = 6.343439e-06, No Iterations 33
DICPCG:  Solving for p, Initial residual = 3.7659047e-05, Final residual = 3.5574186e-07, No Iterations 308
DICPCG:  Solving for p, Initial residual = 1.508969e-05, Final residual = 1.5011421e-07, No Iterations 40
DICPCG:  Solving for p, Initial residual = 7.6714664e-06, Final residual = 7.5181495e-08, No Iterations 274
time step continuity errors : sum local = 8.7680068e-10, global = 3.3973155e-11, cumulative = -1.0222658e-06
ExecutionTime = 92.2 s  ClockTime = 92 s

Time = 96

smoothSolver:  Solving for Ux, Initial residual = 5.4473282e-08, Final residual = 6.8348825e-09, No Iterations 1
smoothSolver:  Solving for Uy, Initial residual = 2.1105277e-08, Final residual = 2.6622185e-09, No Iterations 1
DICPCG:  Solving for p, Initial residual = 0.00066419907, Final residual = 6.5724078e-06, No Iterations 31
DICPCG:  Solving for p, Initial residual = 3.4998075e-05, Final residual = 3.4774789e-07, No Iterations 308
DICPCG:  Solving for p, Initial residual = 1.3836731e-05, Final residual = 1.3478317e-07, No Iterations 43
DICPCG:  Solving for p, Initial residual = 7.0480335e-06, Final residual = 6.9974678e-08, No Iterations 280
time step continuity errors : sum local = 8.3944978e-10, global = 3.2896764e-11, cumulative = -1.0222329e-06
ExecutionTime = 92.72 s  ClockTime = 93 s

Time = 97

smoothSolver:  Solving for Ux, Initial residual = 5.3035425e-08, Final residual = 6.7529286e-09, No Iterations 1
smoothSolver:  Solving for Uy, Initial residual = 2.0521371e-08, Final residual = 2.6295166e-09, No Iterations 1
DICPCG:  Solving for p, Initial residual = 0.00065072002, Final residual = 6.2994516e-06, No Iterations 31
DICPCG:  Solving for p, Initial residual = 3.284438e-05, Final residual = 3.1096745e-07, No Iterations 309
DICPCG:  Solving for p, Initial residual = 1.239781e-05, Final residual = 1.216668e-07, No Iterations 50
DICPCG:  Solving for p, Initial residual = 6.0753253e-06, Final residual = 5.9645542e-08, No Iterations 291
time step continuity errors : sum local = 7.6250302e-10, global = 3.2082295e-11, cumulative = -1.0222008e-06
ExecutionTime = 93.26 s  ClockTime = 93 s

Time = 98

smoothSolver:  Solving for Ux, Initial residual = 5.1676527e-08, Final residual = 6.6729841e-09, No Iterations 1
smoothSolver:  Solving for Uy, Initial residual = 1.992361e-08, Final residual = 2.5978209e-09, No Iterations 1
DICPCG:  Solving for p, Initial residual = 0.00063665431, Final residual = 6.2758577e-06, No Iterations 31
DICPCG:  Solving for p, Initial residual = 3.1402399e-05, Final residual = 3.0275875e-07, No Iterations 310
DICPCG:  Solving for p, Initial residual = 1.1716213e-05, Final residual = 1.1693605e-07, No Iterations 55
DICPCG:  Solving for p, Initial residual = 5.5859891e-06, Final residual = 5.2955751e-08, No Iterations 310
time step continuity errors : sum local = 7.1694133e-10, global = 3.1498901e-11, cumulative = -1.0221693e-06
ExecutionTime = 93.84 s  ClockTime = 94 s

Time = 99

smoothSolver:  Solving for Ux, Initial residual = 5.0624698e-08, Final residual = 6.5947378e-09, No Iterations 1
smoothSolver:  Solving for Uy, Initial residual = 1.9419133e-08, Final residual = 2.5666948e-09, No Iterations 1
DICPCG:  Solving for p, Initial residual = 0.00062271965, Final residual = 6.1610295e-06, No Iterations 32
DICPCG:  Solving for p, Initial residual = 3.0459764e-05, Final residual = 2.9844046e-07, No Iterations 291
DICPCG:  Solving for p, Initial residual = 1.1224949e-05, Final residual = 1.0633968e-07, No Iterations 62
DICPCG:  Solving for p, Initial residual = 5.3349495e-06, Final residual = 4.9172339e-08, No Iterations 308
time step continuity errors : sum local = 6.8548239e-10, global = 3.1106609e-11, cumulative = -1.0221382e-06
ExecutionTime = 94.38 s  ClockTime = 95 s

Time = 100

smoothSolver:  Solving for Ux, Initial residual = 4.98134e-08, Final residual = 6.5177427e-09, No Iterations 1
smoothSolver:  Solving for Uy, Initial residual = 1.90968e-08, Final residual = 2.5358936e-09, No Iterations 1
DICPCG:  Solving for p, Initial residual = 0.0006093352, Final residual = 5.7590592e-06, No Iterations 33
DICPCG:  Solving for p, Initial residual = 2.9954444e-05, Final residual = 2.9008724e-07, No Iterations 309
DICPCG:  Solving for p, Initial residual = 1.1342683e-05, Final residual = 1.1178515e-07, No Iterations 53
DICPCG:  Solving for p, Initial residual = 5.4403551e-06, Final residual = 4.9556819e-08, No Iterations 312
time step continuity errors : sum local = 6.9514839e-10, global = 3.0866143e-11, cumulative = -1.0221074e-06
ExecutionTime = 95.02 s  ClockTime = 95 s

surfaceFieldValue flowRateTM write:
    sum(outlet_tm) of phi = 2.5080976e-11

surfaceFieldValue flowRateTM_left write:
    sum(outlet_tm_left) of phi = 2.4919028e-11

surfaceFieldValue pressureACinlet write:
    areaAverage(ac_inlet) of p = 3.0927344

Time = 101

smoothSolver:  Solving for Ux, Initial residual = 4.9092792e-08, Final residual = 6.4416312e-09, No Iterations 1
smoothSolver:  Solving for Uy, Initial residual = 1.8845785e-08, Final residual = 2.5056653e-09, No Iterations 1
DICPCG:  Solving for p, Initial residual = 0.00059706584, Final residual = 5.6746829e-06, No Iterations 33
DICPCG:  Solving for p, Initial residual = 2.9510105e-05, Final residual = 2.8669742e-07, No Iterations 311
DICPCG:  Solving for p, Initial residual = 1.133107e-05, Final residual = 1.1090321e-07, No Iterations 48
DICPCG:  Solving for p, Initial residual = 5.6186552e-06, Final residual = 5.5852672e-08, No Iterations 296
time step continuity errors : sum local = 7.3068123e-10, global = 3.0739898e-11, cumulative = -1.0220766e-06
ExecutionTime = 95.57 s  ClockTime = 96 s

Time = 102

smoothSolver:  Solving for Ux, Initial residual = 4.8379549e-08, Final residual = 6.3665592e-09, No Iterations 1
smoothSolver:  Solving for Uy, Initial residual = 1.8571015e-08, Final residual = 2.4762556e-09, No Iterations 1
DICPCG:  Solving for p, Initial residual = 0.0005858754, Final residual = 5.5414904e-06, No Iterations 33
DICPCG:  Solving for p, Initial residual = 2.9139601e-05, Final residual = 2.8702824e-07, No Iterations 310
DICPCG:  Solving for p, Initial residual = 1.1352302e-05, Final residual = 1.1009901e-07, No Iterations 53
DICPCG:  Solving for p, Initial residual = 5.7842424e-06, Final residual = 5.7041197e-08, No Iterations 299
time step continuity errors : sum local = 7.441404e-10, global = 3.069269e-11, cumulative = -1.0220459e-06
ExecutionTime = 96.17 s  ClockTime = 96 s

Time = 103

smoothSolver:  Solving for Ux, Initial residual = 4.7639983e-08, Final residual = 6.2930563e-09, No Iterations 1
smoothSolver:  Solving for Uy, Initial residual = 1.8266177e-08, Final residual = 2.4476435e-09, No Iterations 1
DICPCG:  Solving for p, Initial residual = 0.00057516999, Final residual = 5.7083461e-06, No Iterations 32
DICPCG:  Solving for p, Initial residual = 2.8870237e-05, Final residual = 2.8611352e-07, No Iterations 310
DICPCG:  Solving for p, Initial residual = 1.1566836e-05, Final residual = 1.147558e-07, No Iterations 48
DICPCG:  Solving for p, Initial residual = 6.0254878e-06, Final residual = 5.7324282e-08, No Iterations 293
time step continuity errors : sum local = 7.456593e-10, global = 3.069691e-11, cumulative = -1.0220152e-06
ExecutionTime = 96.95 s  ClockTime = 97 s

Time = 104

smoothSolver:  Solving for Ux, Initial residual = 4.6854173e-08, Final residual = 6.2210256e-09, No Iterations 1
smoothSolver:  Solving for Uy, Initial residual = 1.7949689e-08, Final residual = 2.4198817e-09, No Iterations 1
DICPCG:  Solving for p, Initial residual = 0.00056473137, Final residual = 5.5508206e-06, No Iterations 31
DICPCG:  Solving for p, Initial residual = 2.8703077e-05, Final residual = 2.6366492e-07, No Iterations 309
DICPCG:  Solving for p, Initial residual = 1.1698167e-05, Final residual = 1.1357608e-07, No Iterations 48
DICPCG:  Solving for p, Initial residual = 6.1561008e-06, Final residual = 6.1533678e-08, No Iterations 292
time step continuity errors : sum local = 7.7951532e-10, global = 3.0731793e-11, cumulative = -1.0219845e-06
ExecutionTime = 97.48 s  ClockTime = 98 s

Time = 105

smoothSolver:  Solving for Ux, Initial residual = 4.609759e-08, Final residual = 6.1504602e-09, No Iterations 1
smoothSolver:  Solving for Uy, Initial residual = 1.7648181e-08, Final residual = 2.3926524e-09, No Iterations 1
DICPCG:  Solving for p, Initial residual = 0.00055463273, Final residual = 5.4031065e-06, No Iterations 31
DICPCG:  Solving for p, Initial residual = 2.8458697e-05, Final residual = 2.7396384e-07, No Iterations 308
DICPCG:  Solving for p, Initial residual = 1.1772672e-05, Final residual = 1.1513024e-07, No Iterations 48
DICPCG:  Solving for p, Initial residual = 6.2607474e-06, Final residual = 5.9404149e-08, No Iterations 296
time step continuity errors : sum local = 7.6537751e-10, global = 3.0783787e-11, cumulative = -1.0219537e-06
ExecutionTime = 98.02 s  ClockTime = 98 s

Time = 106

smoothSolver:  Solving for Ux, Initial residual = 4.5450628e-08, Final residual = 6.0814689e-09, No Iterations 1
smoothSolver:  Solving for Uy, Initial residual = 1.7411673e-08, Final residual = 2.3656619e-09, No Iterations 1
DICPCG:  Solving for p, Initial residual = 0.00054494714, Final residual = 5.3130215e-06, No Iterations 31
DICPCG:  Solving for p, Initial residual = 2.8410032e-05, Final residual = 2.5543296e-07, No Iterations 309
DICPCG:  Solving for p, Initial residual = 1.1974704e-05, Final residual = 1.1721689e-07, No Iterations 48
DICPCG:  Solving for p, Initial residual = 6.4441512e-06, Final residual = 6.4086546e-08, No Iterations 300
time step continuity errors : sum local = 8.094171e-10, global = 3.0844827e-11, cumulative = -1.0219229e-06
ExecutionTime = 98.57 s  ClockTime = 99 s

Time = 107

smoothSolver:  Solving for Ux, Initial residual = 4.4841022e-08, Final residual = 6.013788e-09, No Iterations 1
smoothSolver:  Solving for Uy, Initial residual = 1.7183297e-08, Final residual = 2.3388773e-09, No Iterations 1
DICPCG:  Solving for p, Initial residual = 0.00053590584, Final residual = 5.2191219e-06, No Iterations 31
DICPCG:  Solving for p, Initial residual = 2.8605795e-05, Final residual = 2.6425734e-07, No Iterations 308
DICPCG:  Solving for p, Initial residual = 1.2428553e-05, Final residual = 1.1778233e-07, No Iterations 48
DICPCG:  Solving for p, Initial residual = 6.7351678e-06, Final residual = 6.63052e-08, No Iterations 57
time step continuity errors : sum local = 6.7634924e-10, global = 3.0900496e-11, cumulative = -1.021892e-06
ExecutionTime = 98.94 s  ClockTime = 99 s

Time = 108

smoothSolver:  Solving for Ux, Initial residual = 4.4173098e-08, Final residual = 5.9473932e-09, No Iterations 1
smoothSolver:  Solving for Uy, Initial residual = 1.6931947e-08, Final residual = 2.3123894e-09, No Iterations 1
DICPCG:  Solving for p, Initial residual = 0.00052752654, Final residual = 5.0378954e-06, No Iterations 31
DICPCG:  Solving for p, Initial residual = 2.8730079e-05, Final residual = 2.6946856e-07, No Iterations 308
DICPCG:  Solving for p, Initial residual = 1.2414113e-05, Final residual = 1.2070021e-07, No Iterations 47
DICPCG:  Solving for p, Initial residual = 6.5503096e-06, Final residual = 6.422499e-08, No Iterations 292
time step continuity errors : sum local = 8.016155e-10, global = 3.0977303e-11, cumulative = -1.021861e-06
ExecutionTime = 99.48 s  ClockTime = 100 s

Time = 109

smoothSolver:  Solving for Ux, Initial residual = 4.3602849e-08, Final residual = 5.8818857e-09, No Iterations 1
smoothSolver:  Solving for Uy, Initial residual = 1.6702926e-08, Final residual = 2.2862736e-09, No Iterations 1
DICPCG:  Solving for p, Initial residual = 0.00051978762, Final residual = 5.117684e-06, No Iterations 31
DICPCG:  Solving for p, Initial residual = 2.8678479e-05, Final residual = 2.6069257e-07, No Iterations 308
DICPCG:  Solving for p, Initial residual = 1.2205112e-05, Final residual = 1.1751735e-07, No Iterations 47
DICPCG:  Solving for p, Initial residual = 6.0588819e-06, Final residual = 6.0050669e-08, No Iterations 295
time step continuity errors : sum local = 7.6756575e-10, global = 3.1044449e-11, cumulative = -1.02183e-06
ExecutionTime = 100.02 s  ClockTime = 100 s

Time = 110

smoothSolver:  Solving for Ux, Initial residual = 4.3067854e-08, Final residual = 5.8173505e-09, No Iterations 1
smoothSolver:  Solving for Uy, Initial residual = 1.648674e-08, Final residual = 2.2605893e-09, No Iterations 1
DICPCG:  Solving for p, Initial residual = 0.00051247435, Final residual = 4.755376e-06, No Iterations 31
DICPCG:  Solving for p, Initial residual = 2.8101319e-05, Final residual = 2.4845784e-07, No Iterations 308
DICPCG:  Solving for p, Initial residual = 1.1602012e-05, Final residual = 1.1118446e-07, No Iterations 47
DICPCG:  Solving for p, Initial residual = 5.3497919e-06, Final residual = 5.1592344e-08, No Iterations 310
time step continuity errors : sum local = 7.0977423e-10, global = 3.1111419e-11, cumulative = -1.0217988e-06
ExecutionTime = 100.57 s  ClockTime = 101 s

surfaceFieldValue flowRateTM write:
    sum(outlet_tm) of phi = 2.5080976e-11

surfaceFieldValue flowRateTM_left write:
    sum(outlet_tm_left) of phi = 2.4919028e-11

surfaceFieldValue pressureACinlet write:
    areaAverage(ac_inlet) of p = 3.0927344

Time = 111

smoothSolver:  Solving for Ux, Initial residual = 4.2562811e-08, Final residual = 5.7539756e-09, No Iterations 1
smoothSolver:  Solving for Uy, Initial residual = 1.6276995e-08, Final residual = 2.235387e-09, No Iterations 1
DICPCG:  Solving for p, Initial residual = 0.00050527996, Final residual = 4.5808898e-06, No Iterations 31
DICPCG:  Solving for p, Initial residual = 2.7636011e-05, Final residual = 2.4702059e-07, No Iterations 308
DICPCG:  Solving for p, Initial residual = 1.1229277e-05, Final residual = 1.086449e-07, No Iterations 47
DICPCG:  Solving for p, Initial residual = 5.2831099e-06, Final residual = 5.1457617e-08, No Iterations 301
time step continuity errors : sum local = 7.0728481e-10, global = 3.1179524e-11, cumulative = -1.0217677e-06
ExecutionTime = 101.11 s  ClockTime = 101 s

Time = 112

smoothSolver:  Solving for Ux, Initial residual = 4.2077782e-08, Final residual = 5.6917959e-09, No Iterations 1
smoothSolver:  Solving for Uy, Initial residual = 1.6081813e-08, Final residual = 2.210841e-09, No Iterations 1
DICPCG:  Solving for p, Initial residual = 0.00049897103, Final residual = 4.9409402e-06, No Iterations 29
DICPCG:  Solving for p, Initial residual = 2.7281708e-05, Final residual = 2.723477e-07, No Iterations 97
DICPCG:  Solving for p, Initial residual = 1.029229e-05, Final residual = 9.809251e-08, No Iterations 265
DICPCG:  Solving for p, Initial residual = 5.7114926e-06, Final residual = 5.6677681e-08, No Iterations 54
time step continuity errors : sum local = 5.8365086e-10, global = 3.1240803e-11, cumulative = -1.0217364e-06
ExecutionTime = 101.49 s  ClockTime = 102 s

Time = 113

smoothSolver:  Solving for Ux, Initial residual = 4.1572399e-08, Final residual = 5.6307589e-09, No Iterations 1
smoothSolver:  Solving for Uy, Initial residual = 1.5884049e-08, Final residual = 2.1868706e-09, No Iterations 1
DICPCG:  Solving for p, Initial residual = 0.00049330119, Final residual = 4.7929233e-06, No Iterations 29
DICPCG:  Solving for p, Initial residual = 2.6846271e-05, Final residual = 2.566142e-07, No Iterations 309
DICPCG:  Solving for p, Initial residual = 1.026374e-05, Final residual = 1.0110819e-07, No Iterations 49
DICPCG:  Solving for p, Initial residual = 4.9351869e-06, Final residual = 4.9057648e-08, No Iterations 298
time step continuity errors : sum local = 6.8843152e-10, global = 3.1325583e-11, cumulative = -1.0217051e-06
ExecutionTime = 102.04 s  ClockTime = 102 s

Time = 114

smoothSolver:  Solving for Ux, Initial residual = 4.1118677e-08, Final residual = 5.5701531e-09, No Iterations 1
smoothSolver:  Solving for Uy, Initial residual = 1.5708052e-08, Final residual = 2.1636823e-09, No Iterations 1
DICPCG:  Solving for p, Initial residual = 0.00048694944, Final residual = 4.7072877e-06, No Iterations 29
DICPCG:  Solving for p, Initial residual = 2.550975e-05, Final residual = 2.4891443e-07, No Iterations 310
DICPCG:  Solving for p, Initial residual = 9.8682091e-06, Final residual = 9.5689686e-08, No Iterations 51
DICPCG:  Solving for p, Initial residual = 4.8382193e-06, Final residual = 4.6583828e-08, No Iterations 296
time step continuity errors : sum local = 6.6113672e-10, global = 3.1401599e-11, cumulative = -1.0216737e-06
ExecutionTime = 102.58 s  ClockTime = 103 s

Time = 115

smoothSolver:  Solving for Ux, Initial residual = 4.0657905e-08, Final residual = 5.5108593e-09, No Iterations 1
smoothSolver:  Solving for Uy, Initial residual = 1.5535378e-08, Final residual = 2.1420868e-09, No Iterations 1
DICPCG:  Solving for p, Initial residual = 0.00047923311, Final residual = 4.684961e-06, No Iterations 29
DICPCG:  Solving for p, Initial residual = 2.4298821e-05, Final residual = 2.2185769e-07, No Iterations 312
DICPCG:  Solving for p, Initial residual = 9.7686674e-06, Final residual = 9.7239044e-08, No Iterations 37
DICPCG:  Solving for p, Initial residual = 4.7385431e-06, Final residual = 4.6134863e-08, No Iterations 299
time step continuity errors : sum local = 6.6402093e-10, global = 3.1479194e-11, cumulative = -1.0216422e-06
ExecutionTime = 103.12 s  ClockTime = 103 s

Time = 116

smoothSolver:  Solving for Ux, Initial residual = 4.0192639e-08, Final residual = 5.4531138e-09, No Iterations 1
smoothSolver:  Solving for Uy, Initial residual = 1.5364574e-08, Final residual = 2.1201937e-09, No Iterations 1
DICPCG:  Solving for p, Initial residual = 0.00047102098, Final residual = 4.3046862e-06, No Iterations 31
DICPCG:  Solving for p, Initial residual = 2.3500307e-05, Final residual = 2.155631e-07, No Iterations 312
DICPCG:  Solving for p, Initial residual = 9.2386601e-06, Final residual = 9.0646637e-08, No Iterations 38
DICPCG:  Solving for p, Initial residual = 4.5264364e-06, Final residual = 4.3075085e-08, No Iterations 302
time step continuity errors : sum local = 6.4342003e-10, global = 3.1557327e-11, cumulative = -1.0216107e-06
ExecutionTime = 103.66 s  ClockTime = 104 s

Time = 117

smoothSolver:  Solving for Ux, Initial residual = 3.9736557e-08, Final residual = 5.3965979e-09, No Iterations 1
smoothSolver:  Solving for Uy, Initial residual = 1.5192105e-08, Final residual = 2.098421e-09, No Iterations 1
DICPCG:  Solving for p, Initial residual = 0.0004627914, Final residual = 4.3834233e-06, No Iterations 31
DICPCG:  Solving for p, Initial residual = 2.3358603e-05, Final residual = 2.2777894e-07, No Iterations 311
DICPCG:  Solving for p, Initial residual = 8.9676828e-06, Final residual = 8.8952756e-08, No Iterations 51
DICPCG:  Solving for p, Initial residual = 4.4162996e-06, Final residual = 4.3159699e-08, No Iterations 290
time step continuity errors : sum local = 6.3754183e-10, global = 3.163546e-11, cumulative = -1.021579e-06
ExecutionTime = 104.23 s  ClockTime = 104 s

Time = 118

smoothSolver:  Solving for Ux, Initial residual = 3.9289448e-08, Final residual = 5.341221e-09, No Iterations 1
smoothSolver:  Solving for Uy, Initial residual = 1.5023322e-08, Final residual = 2.0768054e-09, No Iterations 1
DICPCG:  Solving for p, Initial residual = 0.00045480979, Final residual = 4.3467991e-06, No Iterations 31
DICPCG:  Solving for p, Initial residual = 2.3381749e-05, Final residual = 2.1472369e-07, No Iterations 312
DICPCG:  Solving for p, Initial residual = 8.8557422e-06, Final residual = 8.8237213e-08, No Iterations 49
DICPCG:  Solving for p, Initial residual = 4.3468861e-06, Final residual = 4.3333839e-08, No Iterations 294
time step continuity errors : sum local = 6.4707483e-10, global = 3.1713137e-11, cumulative = -1.0215473e-06
ExecutionTime = 104.76 s  ClockTime = 105 s

Time = 119

smoothSolver:  Solving for Ux, Initial residual = 3.8858011e-08, Final residual = 5.2866284e-09, No Iterations 1
smoothSolver:  Solving for Uy, Initial residual = 1.4853601e-08, Final residual = 2.0554827e-09, No Iterations 1
DICPCG:  Solving for p, Initial residual = 0.0004470998, Final residual = 4.2337921e-06, No Iterations 31
DICPCG:  Solving for p, Initial residual = 2.3123288e-05, Final residual = 2.0605798e-07, No Iterations 312
DICPCG:  Solving for p, Initial residual = 8.7338071e-06, Final residual = 8.6318129e-08, No Iterations 47
DICPCG:  Solving for p, Initial residual = 4.3052513e-06, Final residual = 4.2526237e-08, No Iterations 302
time step continuity errors : sum local = 6.3908925e-10, global = 3.1791133e-11, cumulative = -1.0215155e-06
ExecutionTime = 105.32 s  ClockTime = 106 s

Time = 120

smoothSolver:  Solving for Ux, Initial residual = 3.8435631e-08, Final residual = 5.2330093e-09, No Iterations 1
smoothSolver:  Solving for Uy, Initial residual = 1.4687053e-08, Final residual = 2.0344414e-09, No Iterations 1
DICPCG:  Solving for p, Initial residual = 0.00043972608, Final residual = 4.0800518e-06, No Iterations 31
DICPCG:  Solving for p, Initial residual = 2.2763688e-05, Final residual = 2.2470851e-07, No Iterations 311
DICPCG:  Solving for p, Initial residual = 8.6461831e-06, Final residual = 8.4997026e-08, No Iterations 47
DICPCG:  Solving for p, Initial residual = 4.2989986e-06, Final residual = 4.2619957e-08, No Iterations 299
time step continuity errors : sum local = 6.3631797e-10, global = 3.1868512e-11, cumulative = -1.0214837e-06
ExecutionTime = 105.87 s  ClockTime = 106 s

surfaceFieldValue flowRateTM write:
    sum(outlet_tm) of phi = 2.5080976e-11

surfaceFieldValue flowRateTM_left write:
    sum(outlet_tm_left) of phi = 2.4919028e-11

surfaceFieldValue pressureACinlet write:
    areaAverage(ac_inlet) of p = 3.0927344

Time = 121

smoothSolver:  Solving for Ux, Initial residual = 3.8023094e-08, Final residual = 5.1799866e-09, No Iterations 1
smoothSolver:  Solving for Uy, Initial residual = 1.4527283e-08, Final residual = 2.013808e-09, No Iterations 1
DICPCG:  Solving for p, Initial residual = 0.00043264321, Final residual = 4.3229416e-06, No Iterations 29
DICPCG:  Solving for p, Initial residual = 2.243878e-05, Final residual = 2.2170958e-07, No Iterations 311
DICPCG:  Solving for p, Initial residual = 8.7351085e-06, Final residual = 8.6643619e-08, No Iterations 42
DICPCG:  Solving for p, Initial residual = 4.2861271e-06, Final residual = 3.9419449e-08, No Iterations 301
time step continuity errors : sum local = 6.1630308e-10, global = 3.1946147e-11, cumulative = -1.0214517e-06
ExecutionTime = 106.43 s  ClockTime = 107 s

Time = 122

smoothSolver:  Solving for Ux, Initial residual = 3.7613736e-08, Final residual = 5.1276576e-09, No Iterations 1
smoothSolver:  Solving for Uy, Initial residual = 1.4375732e-08, Final residual = 1.9936234e-09, No Iterations 1
DICPCG:  Solving for p, Initial residual = 0.00042595232, Final residual = 4.1916687e-06, No Iterations 29
DICPCG:  Solving for p, Initial residual = 2.2026263e-05, Final residual = 2.1895174e-07, No Iterations 310
DICPCG:  Solving for p, Initial residual = 8.5829184e-06, Final residual = 8.3634011e-08, No Iterations 47
DICPCG:  Solving for p, Initial residual = 4.2227069e-06, Final residual = 4.0995989e-08, No Iterations 308
time step continuity errors : sum local = 6.2666271e-10, global = 3.2023524e-11, cumulative = -1.0214197e-06
ExecutionTime = 106.99 s  ClockTime = 107 s

Time = 123

smoothSolver:  Solving for Ux, Initial residual = 3.7228193e-08, Final residual = 5.0764052e-09, No Iterations 1
smoothSolver:  Solving for Uy, Initial residual = 1.4226144e-08, Final residual = 1.9738115e-09, No Iterations 1
DICPCG:  Solving for p, Initial residual = 0.00041964044, Final residual = 4.0999983e-06, No Iterations 29
DICPCG:  Solving for p, Initial residual = 2.1607138e-05, Final residual = 2.0059952e-07, No Iterations 311
DICPCG:  Solving for p, Initial residual = 8.3557586e-06, Final residual = 7.9635016e-08, No Iterations 47
DICPCG:  Solving for p, Initial residual = 3.9711941e-06, Final residual = 3.6730246e-08, No Iterations 311
time step continuity errors : sum local = 6.0740453e-10, global = 3.2100555e-11, cumulative = -1.0213876e-06
ExecutionTime = 107.54 s  ClockTime = 108 s

Time = 124

smoothSolver:  Solving for Ux, Initial residual = 3.6855872e-08, Final residual = 5.0260946e-09, No Iterations 1
smoothSolver:  Solving for Uy, Initial residual = 1.4080657e-08, Final residual = 1.9543569e-09, No Iterations 1
DICPCG:  Solving for p, Initial residual = 0.00041353577, Final residual = 4.0535775e-06, No Iterations 29
DICPCG:  Solving for p, Initial residual = 2.126767e-05, Final residual = 1.9797581e-07, No Iterations 311
DICPCG:  Solving for p, Initial residual = 7.9179215e-06, Final residual = 7.8778482e-08, No Iterations 47
DICPCG:  Solving for p, Initial residual = 3.7631147e-06, Final residual = 3.6233685e-08, No Iterations 312
time step continuity errors : sum local = 6.0029037e-10, global = 3.2177057e-11, cumulative = -1.0213554e-06
ExecutionTime = 108.1 s  ClockTime = 108 s

Time = 125

smoothSolver:  Solving for Ux, Initial residual = 3.6489199e-08, Final residual = 4.9766306e-09, No Iterations 1
smoothSolver:  Solving for Uy, Initial residual = 1.3937752e-08, Final residual = 1.9352564e-09, No Iterations 1
DICPCG:  Solving for p, Initial residual = 0.00040774764, Final residual = 3.9840282e-06, No Iterations 29
DICPCG:  Solving for p, Initial residual = 2.0906844e-05, Final residual = 1.9664595e-07, No Iterations 311
DICPCG:  Solving for p, Initial residual = 7.7691174e-06, Final residual = 7.6352195e-08, No Iterations 47
DICPCG:  Solving for p, Initial residual = 3.6794755e-06, Final residual = 3.5467587e-08, No Iterations 313
time step continuity errors : sum local = 6.0912211e-10, global = 3.2252516e-11, cumulative = -1.0213232e-06
ExecutionTime = 108.66 s  ClockTime = 109 s

Time = 126

smoothSolver:  Solving for Ux, Initial residual = 3.6131971e-08, Final residual = 4.9278037e-09, No Iterations 1
smoothSolver:  Solving for Uy, Initial residual = 1.3797188e-08, Final residual = 1.9165513e-09, No Iterations 1
DICPCG:  Solving for p, Initial residual = 0.00040222555, Final residual = 3.913492e-06, No Iterations 29
DICPCG:  Solving for p, Initial residual = 2.0507013e-05, Final residual = 1.9539766e-07, No Iterations 311
DICPCG:  Solving for p, Initial residual = 7.5894777e-06, Final residual = 7.3058228e-08, No Iterations 47
DICPCG:  Solving for p, Initial residual = 3.5515532e-06, Final residual = 3.5121935e-08, No Iterations 295
time step continuity errors : sum local = 5.912942e-10, global = 3.2326356e-11, cumulative = -1.0212908e-06
ExecutionTime = 109.21 s  ClockTime = 109 s

Time = 127

smoothSolver:  Solving for Ux, Initial residual = 3.5766722e-08, Final residual = 4.879765e-09, No Iterations 1
smoothSolver:  Solving for Uy, Initial residual = 1.3662972e-08, Final residual = 1.8981431e-09, No Iterations 1
DICPCG:  Solving for p, Initial residual = 0.00039690633, Final residual = 3.8310538e-06, No Iterations 29
DICPCG:  Solving for p, Initial residual = 2.0111047e-05, Final residual = 1.8587668e-07, No Iterations 311
DICPCG:  Solving for p, Initial residual = 7.3575427e-06, Final residual = 7.322102e-08, No Iterations 46
DICPCG:  Solving for p, Initial residual = 3.412246e-06, Final residual = 2.9758538e-08, No Iterations 746
time step continuity errors : sum local = 7.7714135e-10, global = 1.0591233e-12, cumulative = -1.0212898e-06
ExecutionTime = 110.07 s  ClockTime = 110 s

Time = 128

smoothSolver:  Solving for Ux, Initial residual = 4.135889e-08, Final residual = 4.8326451e-09, No Iterations 1
smoothSolver:  Solving for Uy, Initial residual = 1.6089602e-08, Final residual = 1.8799598e-09, No Iterations 1
DICPCG:  Solving for p, Initial residual = 0.00039164161, Final residual = 3.7505974e-06, No Iterations 29
DICPCG:  Solving for p, Initial residual = 1.9663788e-05, Final residual = 1.8970418e-07, No Iterations 311
DICPCG:  Solving for p, Initial residual = 7.1997545e-06, Final residual = 7.1010847e-08, No Iterations 42
DICPCG:  Solving for p, Initial residual = 3.3258607e-06, Final residual = 3.182385e-08, No Iterations 292
time step continuity errors : sum local = 5.6512515e-10, global = 2.1963938e-11, cumulative = -1.0212678e-06
ExecutionTime = 110.6 s  ClockTime = 111 s

Time = 129

smoothSolver:  Solving for Ux, Initial residual = 3.9941237e-08, Final residual = 4.7863165e-09, No Iterations 1
smoothSolver:  Solving for Uy, Initial residual = 1.5512454e-08, Final residual = 1.8620279e-09, No Iterations 1
DICPCG:  Solving for p, Initial residual = 0.00038643734, Final residual = 3.6866136e-06, No Iterations 29
DICPCG:  Solving for p, Initial residual = 1.9180853e-05, Final residual = 1.8586812e-07, No Iterations 311
DICPCG:  Solving for p, Initial residual = 6.9729094e-06, Final residual = 6.7283648e-08, No Iterations 47
DICPCG:  Solving for p, Initial residual = 3.1545262e-06, Final residual = 3.1322156e-08, No Iterations 311
time step continuity errors : sum local = 5.7803829e-10, global = 1.8188094e-11, cumulative = -1.0212496e-06
ExecutionTime = 111.15 s  ClockTime = 111 s

Time = 130

smoothSolver:  Solving for Ux, Initial residual = 3.8696018e-08, Final residual = 4.7406317e-09, No Iterations 1
smoothSolver:  Solving for Uy, Initial residual = 1.5001443e-08, Final residual = 1.8443585e-09, No Iterations 1
DICPCG:  Solving for p, Initial residual = 0.00038129466, Final residual = 3.6383078e-06, No Iterations 29
DICPCG:  Solving for p, Initial residual = 1.8874227e-05, Final residual = 1.7708651e-07, No Iterations 310
DICPCG:  Solving for p, Initial residual = 6.7687959e-06, Final residual = 6.728438e-08, No Iterations 49
DICPCG:  Solving for p, Initial residual = 3.0316665e-06, Final residual = 2.9594511e-08, No Iterations 309
time step continuity errors : sum local = 5.6587287e-10, global = 1.5088599e-11, cumulative = -1.0212345e-06
ExecutionTime = 111.7 s  ClockTime = 112 s

surfaceFieldValue flowRateTM write:
    sum(outlet_tm) of phi = 2.5080975e-11

surfaceFieldValue flowRateTM_left write:
    sum(outlet_tm_left) of phi = 2.4919027e-11

surfaceFieldValue pressureACinlet write:
    areaAverage(ac_inlet) of p = 3.0927342

Time = 131

smoothSolver:  Solving for Ux, Initial residual = 3.7610961e-08, Final residual = 4.6954797e-09, No Iterations 1
smoothSolver:  Solving for Uy, Initial residual = 1.4558528e-08, Final residual = 1.826966e-09, No Iterations 1
DICPCG:  Solving for p, Initial residual = 0.00037619582, Final residual = 3.6237573e-06, No Iterations 29
DICPCG:  Solving for p, Initial residual = 1.8649878e-05, Final residual = 1.7950278e-07, No Iterations 311
DICPCG:  Solving for p, Initial residual = 6.734049e-06, Final residual = 6.7077317e-08, No Iterations 51
DICPCG:  Solving for p, Initial residual = 3.0792742e-06, Final residual = 3.0105926e-08, No Iterations 285
time step continuity errors : sum local = 5.5448834e-10, global = 1.2561112e-11, cumulative = -1.021222e-06
ExecutionTime = 112.23 s  ClockTime = 112 s

Time = 132

smoothSolver:  Solving for Ux, Initial residual = 3.6691648e-08, Final residual = 4.6509756e-09, No Iterations 1
smoothSolver:  Solving for Uy, Initial residual = 1.4178633e-08, Final residual = 1.809785e-09, No Iterations 1
DICPCG:  Solving for p, Initial residual = 0.00037119765, Final residual = 3.5737323e-06, No Iterations 29
DICPCG:  Solving for p, Initial residual = 1.8312399e-05, Final residual = 1.7914153e-07, No Iterations 311
DICPCG:  Solving for p, Initial residual = 6.6464626e-06, Final residual = 6.5837453e-08, No Iterations 54
DICPCG:  Solving for p, Initial residual = 3.0632741e-06, Final residual = 3.0276558e-08, No Iterations 284
time step continuity errors : sum local = 5.5292531e-10, global = 1.0513062e-11, cumulative = -1.0212115e-06
ExecutionTime = 112.77 s  ClockTime = 113 s

Time = 133

smoothSolver:  Solving for Ux, Initial residual = 3.5885387e-08, Final residual = 4.6071676e-09, No Iterations 1
smoothSolver:  Solving for Uy, Initial residual = 1.3840393e-08, Final residual = 1.7927816e-09, No Iterations 1
DICPCG:  Solving for p, Initial residual = 0.00036627967, Final residual = 3.5121615e-06, No Iterations 29
DICPCG:  Solving for p, Initial residual = 1.8046143e-05, Final residual = 1.7519788e-07, No Iterations 311
DICPCG:  Solving for p, Initial residual = 6.6105179e-06, Final residual = 6.581068e-08, No Iterations 53
DICPCG:  Solving for p, Initial residual = 3.0612028e-06, Final residual = 2.9576792e-08, No Iterations 284
time step continuity errors : sum local = 5.4862258e-10, global = 8.8620419e-12, cumulative = -1.0212026e-06
ExecutionTime = 113.31 s  ClockTime = 113 s

Time = 134

smoothSolver:  Solving for Ux, Initial residual = 3.5168203e-08, Final residual = 4.5642155e-09, No Iterations 1
smoothSolver:  Solving for Uy, Initial residual = 1.3537763e-08, Final residual = 1.7760344e-09, No Iterations 1
DICPCG:  Solving for p, Initial residual = 0.0003614144, Final residual = 3.426532e-06, No Iterations 29
DICPCG:  Solving for p, Initial residual = 1.7853612e-05, Final residual = 1.686749e-07, No Iterations 311
DICPCG:  Solving for p, Initial residual = 6.6103453e-06, Final residual = 6.5722726e-08, No Iterations 50
DICPCG:  Solving for p, Initial residual = 3.0966066e-06, Final residual = 2.8486899e-08, No Iterations 289
time step continuity errors : sum local = 5.4490856e-10, global = 7.5368372e-12, cumulative = -1.0211951e-06
ExecutionTime = 113.85 s  ClockTime = 114 s

Time = 135

smoothSolver:  Solving for Ux, Initial residual = 3.4526087e-08, Final residual = 4.5220277e-09, No Iterations 1
smoothSolver:  Solving for Uy, Initial residual = 1.326804e-08, Final residual = 1.7596078e-09, No Iterations 1
DICPCG:  Solving for p, Initial residual = 0.00035665783, Final residual = 3.5277597e-06, No Iterations 28
DICPCG:  Solving for p, Initial residual = 1.7658081e-05, Final residual = 1.7531453e-07, No Iterations 312
DICPCG:  Solving for p, Initial residual = 6.58988e-06, Final residual = 6.5857208e-08, No Iterations 48
DICPCG:  Solving for p, Initial residual = 3.1019083e-06, Final residual = 2.9996676e-08, No Iterations 290
time step continuity errors : sum local = 5.5850908e-10, global = 6.4751224e-12, cumulative = -1.0211886e-06
ExecutionTime = 114.39 s  ClockTime = 115 s

Time = 136

smoothSolver:  Solving for Ux, Initial residual = 3.3940231e-08, Final residual = 4.4803675e-09, No Iterations 1
smoothSolver:  Solving for Uy, Initial residual = 1.3028243e-08, Final residual = 1.7435329e-09, No Iterations 1
DICPCG:  Solving for p, Initial residual = 0.00035194773, Final residual = 3.4380185e-06, No Iterations 28
DICPCG:  Solving for p, Initial residual = 1.7300033e-05, Final residual = 1.7260305e-07, No Iterations 312
DICPCG:  Solving for p, Initial residual = 6.4326587e-06, Final residual = 6.425229e-08, No Iterations 48
DICPCG:  Solving for p, Initial residual = 3.0165687e-06, Final residual = 2.9484838e-08, No Iterations 290
time step continuity errors : sum local = 5.5271081e-10, global = 5.6273959e-12, cumulative = -1.021183e-06
ExecutionTime = 114.93 s  ClockTime = 115 s

Time = 137

smoothSolver:  Solving for Ux, Initial residual = 3.339954e-08, Final residual = 4.4390481e-09, No Iterations 1
smoothSolver:  Solving for Uy, Initial residual = 1.2811901e-08, Final residual = 1.7277708e-09, No Iterations 1
DICPCG:  Solving for p, Initial residual = 0.00034721988, Final residual = 3.3596964e-06, No Iterations 28
DICPCG:  Solving for p, Initial residual = 1.7031721e-05, Final residual = 1.5660733e-07, No Iterations 312
DICPCG:  Solving for p, Initial residual = 6.3111205e-06, Final residual = 6.0948448e-08, No Iterations 49
DICPCG:  Solving for p, Initial residual = 2.9434071e-06, Final residual = 2.8462688e-08, No Iterations 283
time step continuity errors : sum local = 5.38422e-10, global = 4.9512946e-12, cumulative = -1.021178e-06
ExecutionTime = 115.46 s  ClockTime = 116 s

Time = 138

smoothSolver:  Solving for Ux, Initial residual = 3.2896222e-08, Final residual = 4.3982976e-09, No Iterations 1
smoothSolver:  Solving for Uy, Initial residual = 1.2614271e-08, Final residual = 1.7122072e-09, No Iterations 1
DICPCG:  Solving for p, Initial residual = 0.00034254512, Final residual = 3.4029704e-06, No Iterations 27
DICPCG:  Solving for p, Initial residual = 1.701327e-05, Final residual = 1.6912271e-07, No Iterations 313
DICPCG:  Solving for p, Initial residual = 6.3300638e-06, Final residual = 6.2245967e-08, No Iterations 49
DICPCG:  Solving for p, Initial residual = 2.9557558e-06, Final residual = 2.8674205e-08, No Iterations 290
time step continuity errors : sum local = 5.4535066e-10, global = 4.4122503e-12, cumulative = -1.0211736e-06
ExecutionTime = 116 s  ClockTime = 116 s

Time = 139

smoothSolver:  Solving for Ux, Initial residual = 3.2431981e-08, Final residual = 4.358115e-09, No Iterations 1
smoothSolver:  Solving for Uy, Initial residual = 1.2431349e-08, Final residual = 1.6968516e-09, No Iterations 1
DICPCG:  Solving for p, Initial residual = 0.00033826009, Final residual = 3.3505015e-06, No Iterations 27
DICPCG:  Solving for p, Initial residual = 1.6956094e-05, Final residual = 1.6406354e-07, No Iterations 312
DICPCG:  Solving for p, Initial residual = 6.2949275e-06, Final residual = 6.2426285e-08, No Iterations 49
DICPCG:  Solving for p, Initial residual = 2.9424778e-06, Final residual = 2.9235573e-08, No Iterations 283
time step continuity errors : sum local = 5.3707242e-10, global = 3.9833129e-12, cumulative = -1.0211696e-06
ExecutionTime = 116.52 s  ClockTime = 117 s

Time = 140

smoothSolver:  Solving for Ux, Initial residual = 3.1992292e-08, Final residual = 4.3184903e-09, No Iterations 1
smoothSolver:  Solving for Uy, Initial residual = 1.2264027e-08, Final residual = 1.6816948e-09, No Iterations 1
DICPCG:  Solving for p, Initial residual = 0.00033406752, Final residual = 3.3082098e-06, No Iterations 27
DICPCG:  Solving for p, Initial residual = 1.6798588e-05, Final residual = 1.6537076e-07, No Iterations 314
DICPCG:  Solving for p, Initial residual = 6.2039061e-06, Final residual = 6.0093389e-08, No Iterations 50
DICPCG:  Solving for p, Initial residual = 2.9001927e-06, Final residual = 2.8628298e-08, No Iterations 283
time step continuity errors : sum local = 5.4068152e-10, global = 3.642413e-12, cumulative = -1.021166e-06
ExecutionTime = 117.06 s  ClockTime = 117 s

surfaceFieldValue flowRateTM write:
    sum(outlet_tm) of phi = 2.5080974e-11

surfaceFieldValue flowRateTM_left write:
    sum(outlet_tm_left) of phi = 2.4919026e-11

surfaceFieldValue pressureACinlet write:
    areaAverage(ac_inlet) of p = 3.0927342

Time = 141

smoothSolver:  Solving for Ux, Initial residual = 3.1580768e-08, Final residual = 4.2795396e-09, No Iterations 1
smoothSolver:  Solving for Uy, Initial residual = 1.2112962e-08, Final residual = 1.6667047e-09, No Iterations 1
DICPCG:  Solving for p, Initial residual = 0.00033002257, Final residual = 3.2684712e-06, No Iterations 27
DICPCG:  Solving for p, Initial residual = 1.6650581e-05, Final residual = 1.657654e-07, No Iterations 313
DICPCG:  Solving for p, Initial residual = 6.2137788e-06, Final residual = 6.1560827e-08, No Iterations 49
DICPCG:  Solving for p, Initial residual = 2.9066831e-06, Final residual = 2.8289101e-08, No Iterations 285
time step continuity errors : sum local = 5.3429338e-10, global = 3.3717887e-12, cumulative = -1.0211626e-06
ExecutionTime = 117.6 s  ClockTime = 118 s

Time = 142

smoothSolver:  Solving for Ux, Initial residual = 3.1195178e-08, Final residual = 4.2411673e-09, No Iterations 1
smoothSolver:  Solving for Uy, Initial residual = 1.1969976e-08, Final residual = 1.6518987e-09, No Iterations 1
DICPCG:  Solving for p, Initial residual = 0.00032604096, Final residual = 3.2263235e-06, No Iterations 27
DICPCG:  Solving for p, Initial residual = 1.6469199e-05, Final residual = 1.6214356e-07, No Iterations 314
DICPCG:  Solving for p, Initial residual = 6.1951685e-06, Final residual = 6.1478744e-08, No Iterations 48
DICPCG:  Solving for p, Initial residual = 2.9096743e-06, Final residual = 2.9073026e-08, No Iterations 289
time step continuity errors : sum local = 5.4534065e-10, global = 3.1590366e-12, cumulative = -1.0211594e-06
ExecutionTime = 118.13 s  ClockTime = 118 s

Time = 143

smoothSolver:  Solving for Ux, Initial residual = 3.0833067e-08, Final residual = 4.2033639e-09, No Iterations 1
smoothSolver:  Solving for Uy, Initial residual = 1.1832859e-08, Final residual = 1.6372646e-09, No Iterations 1
DICPCG:  Solving for p, Initial residual = 0.00032208463, Final residual = 3.1678257e-06, No Iterations 27
DICPCG:  Solving for p, Initial residual = 1.6331258e-05, Final residual = 1.5843201e-07, No Iterations 312
DICPCG:  Solving for p, Initial residual = 6.139823e-06, Final residual = 6.0665456e-08, No Iterations 48
DICPCG:  Solving for p, Initial residual = 2.8987202e-06, Final residual = 2.8140429e-08, No Iterations 292
time step continuity errors : sum local = 5.4271563e-10, global = 2.9927079e-12, cumulative = -1.0211564e-06
ExecutionTime = 118.67 s  ClockTime = 119 s

Time = 144

smoothSolver:  Solving for Ux, Initial residual = 3.049295e-08, Final residual = 4.1661152e-09, No Iterations 1
smoothSolver:  Solving for Uy, Initial residual = 1.1702134e-08, Final residual = 1.6228533e-09, No Iterations 1
DICPCG:  Solving for p, Initial residual = 0.00031815789, Final residual = 3.0995632e-06, No Iterations 27
DICPCG:  Solving for p, Initial residual = 1.6229038e-05, Final residual = 1.5980823e-07, No Iterations 312
DICPCG:  Solving for p, Initial residual = 6.1289518e-06, Final residual = 6.0044089e-08, No Iterations 48
DICPCG:  Solving for p, Initial residual = 2.899975e-06, Final residual = 2.7483336e-08, No Iterations 294
time step continuity errors : sum local = 5.367484e-10, global = 2.8644395e-12, cumulative = -1.0211536e-06
ExecutionTime = 119.33 s  ClockTime = 120 s

Time = 145

smoothSolver:  Solving for Ux, Initial residual = 3.0168405e-08, Final residual = 4.1294056e-09, No Iterations 1
smoothSolver:  Solving for Uy, Initial residual = 1.1576548e-08, Final residual = 1.6086333e-09, No Iterations 1
DICPCG:  Solving for p, Initial residual = 0.00031428086, Final residual = 3.0297959e-06, No Iterations 27
DICPCG:  Solving for p, Initial residual = 1.6101709e-05, Final residual = 1.5664168e-07, No Iterations 313
DICPCG:  Solving for p, Initial residual = 6.1405458e-06, Final residual = 5.9072044e-08, No Iterations 48
DICPCG:  Solving for p, Initial residual = 2.9327753e-06, Final residual = 2.8899167e-08, No Iterations 295
time step continuity errors : sum local = 5.3919488e-10, global = 2.7679643e-12, cumulative = -1.0211508e-06
ExecutionTime = 119.88 s  ClockTime = 120 s

Time = 146

smoothSolver:  Solving for Ux, Initial residual = 2.9857242e-08, Final residual = 4.0933716e-09, No Iterations 1
smoothSolver:  Solving for Uy, Initial residual = 1.1458348e-08, Final residual = 1.594645e-09, No Iterations 1
DICPCG:  Solving for p, Initial residual = 0.00031054067, Final residual = 2.9626115e-06, No Iterations 27
DICPCG:  Solving for p, Initial residual = 1.5838159e-05, Final residual = 1.524001e-07, No Iterations 312
DICPCG:  Solving for p, Initial residual = 6.2514335e-06, Final residual = 6.1135844e-08, No Iterations 47
DICPCG:  Solving for p, Initial residual = 2.9639112e-06, Final residual = 2.9063257e-08, No Iterations 294
time step continuity errors : sum local = 5.4324953e-10, global = 2.6968142e-12, cumulative = -1.0211481e-06
ExecutionTime = 120.42 s  ClockTime = 121 s

Time = 147

smoothSolver:  Solving for Ux, Initial residual = 2.9552331e-08, Final residual = 4.0578699e-09, No Iterations 1
smoothSolver:  Solving for Uy, Initial residual = 1.1344927e-08, Final residual = 1.5808596e-09, No Iterations 1
DICPCG:  Solving for p, Initial residual = 0.00030690559, Final residual = 2.9071647e-06, No Iterations 27
DICPCG:  Solving for p, Initial residual = 1.5495008e-05, Final residual = 1.4600285e-07, No Iterations 312
DICPCG:  Solving for p, Initial residual = 6.1226519e-06, Final residual = 5.9049874e-08, No Iterations 47
DICPCG:  Solving for p, Initial residual = 2.9258326e-06, Final residual = 2.9172101e-08, No Iterations 292
time step continuity errors : sum local = 5.4054191e-10, global = 2.6476409e-12, cumulative = -1.0211455e-06
ExecutionTime = 120.96 s  ClockTime = 121 s

Time = 148

smoothSolver:  Solving for Ux, Initial residual = 2.9257627e-08, Final residual = 4.0228603e-09, No Iterations 1
smoothSolver:  Solving for Uy, Initial residual = 1.1235985e-08, Final residual = 1.5672262e-09, No Iterations 1
DICPCG:  Solving for p, Initial residual = 0.00030334257, Final residual = 3.0306677e-06, No Iterations 26
DICPCG:  Solving for p, Initial residual = 1.524382e-05, Final residual = 1.4867587e-07, No Iterations 314
DICPCG:  Solving for p, Initial residual = 5.8477989e-06, Final residual = 5.6746216e-08, No Iterations 47
DICPCG:  Solving for p, Initial residual = 2.7709383e-06, Final residual = 2.667327e-08, No Iterations 289
time step continuity errors : sum local = 5.2659089e-10, global = 2.6165385e-12, cumulative = -1.0211428e-06
ExecutionTime = 121.5 s  ClockTime = 122 s

Time = 149

smoothSolver:  Solving for Ux, Initial residual = 2.8971553e-08, Final residual = 3.988334e-09, No Iterations 1
smoothSolver:  Solving for Uy, Initial residual = 1.1132661e-08, Final residual = 1.5537776e-09, No Iterations 1
DICPCG:  Solving for p, Initial residual = 0.00029984102, Final residual = 2.8306961e-06, No Iterations 27
DICPCG:  Solving for p, Initial residual = 1.4911881e-05, Final residual = 1.4517465e-07, No Iterations 312
DICPCG:  Solving for p, Initial residual = 5.6554448e-06, Final residual = 5.5301744e-08, No Iterations 47
DICPCG:  Solving for p, Initial residual = 2.6759026e-06, Final residual = 2.6004048e-08, No Iterations 275
time step continuity errors : sum local = 5.1926735e-10, global = 2.6003436e-12, cumulative = -1.0211402e-06
ExecutionTime = 122.03 s  ClockTime = 122 s

Time = 150

smoothSolver:  Solving for Ux, Initial residual = 2.8691402e-08, Final residual = 3.9542993e-09, No Iterations 1
smoothSolver:  Solving for Uy, Initial residual = 1.103435e-08, Final residual = 1.5405194e-09, No Iterations 1
DICPCG:  Solving for p, Initial residual = 0.00029628172, Final residual = 2.8005696e-06, No Iterations 27
DICPCG:  Solving for p, Initial residual = 1.4666128e-05, Final residual = 1.3923404e-07, No Iterations 312
DICPCG:  Solving for p, Initial residual = 5.6007248e-06, Final residual = 5.4603442e-08, No Iterations 47
DICPCG:  Solving for p, Initial residual = 2.6728178e-06, Final residual = 2.6391086e-08, No Iterations 275
time step continuity errors : sum local = 5.2092818e-10, global = 2.595969e-12, cumulative = -1.0211377e-06
ExecutionTime = 122.66 s  ClockTime = 123 s

surfaceFieldValue flowRateTM write:
    sum(outlet_tm) of phi = 2.5080974e-11

surfaceFieldValue flowRateTM_left write:
    sum(outlet_tm_left) of phi = 2.4919026e-11

surfaceFieldValue pressureACinlet write:
    areaAverage(ac_inlet) of p = 3.0927342

Time = 151

smoothSolver:  Solving for Ux, Initial residual = 2.8429061e-08, Final residual = 3.9207244e-09, No Iterations 1
smoothSolver:  Solving for Uy, Initial residual = 1.0938836e-08, Final residual = 1.5275273e-09, No Iterations 1
DICPCG:  Solving for p, Initial residual = 0.00029273717, Final residual = 2.7686033e-06, No Iterations 27
DICPCG:  Solving for p, Initial residual = 1.4617304e-05, Final residual = 1.4331596e-07, No Iterations 312
DICPCG:  Solving for p, Initial residual = 5.5278696e-06, Final residual = 5.3760863e-08, No Iterations 47
DICPCG:  Solving for p, Initial residual = 2.710843e-06, Final residual = 2.651269e-08, No Iterations 291
time step continuity errors : sum local = 5.3217391e-10, global = 2.601966e-12, cumulative = -1.0211351e-06
ExecutionTime = 123.22 s  ClockTime = 123 s

Time = 152

smoothSolver:  Solving for Ux, Initial residual = 2.8184184e-08, Final residual = 3.8874091e-09, No Iterations 1
smoothSolver:  Solving for Uy, Initial residual = 1.0843765e-08, Final residual = 1.5147938e-09, No Iterations 1
DICPCG:  Solving for p, Initial residual = 0.00028949639, Final residual = 2.714111e-06, No Iterations 27
DICPCG:  Solving for p, Initial residual = 1.4342653e-05, Final residual = 1.4171575e-07, No Iterations 312
DICPCG:  Solving for p, Initial residual = 5.3772044e-06, Final residual = 5.2975741e-08, No Iterations 47
DICPCG:  Solving for p, Initial residual = 2.6465175e-06, Final residual = 2.5291918e-08, No Iterations 289
time step continuity errors : sum local = 5.221892e-10, global = 2.6157638e-12, cumulative = -1.0211324e-06
ExecutionTime = 123.75 s  ClockTime = 124 s

Time = 153

smoothSolver:  Solving for Ux, Initial residual = 2.7942804e-08, Final residual = 3.8545697e-09, No Iterations 1
smoothSolver:  Solving for Uy, Initial residual = 1.0747416e-08, Final residual = 1.5021762e-09, No Iterations 1
DICPCG:  Solving for p, Initial residual = 0.00028635968, Final residual = 2.8618101e-06, No Iterations 26
DICPCG:  Solving for p, Initial residual = 1.4334082e-05, Final residual = 1.407814e-07, No Iterations 312
DICPCG:  Solving for p, Initial residual = 5.3973198e-06, Final residual = 5.3195458e-08, No Iterations 47
DICPCG:  Solving for p, Initial residual = 2.6727824e-06, Final residual = 2.5954378e-08, No Iterations 289
time step continuity errors : sum local = 5.331301e-10, global = 2.635825e-12, cumulative = -1.0211298e-06
ExecutionTime = 124.36 s  ClockTime = 125 s

Time = 154

smoothSolver:  Solving for Ux, Initial residual = 2.7707879e-08, Final residual = 3.8220327e-09, No Iterations 1
smoothSolver:  Solving for Uy, Initial residual = 1.0654662e-08, Final residual = 1.4897133e-09, No Iterations 1
DICPCG:  Solving for p, Initial residual = 0.00028319466, Final residual = 2.8106825e-06, No Iterations 26
DICPCG:  Solving for p, Initial residual = 1.4234907e-05, Final residual = 1.3019335e-07, No Iterations 312
DICPCG:  Solving for p, Initial residual = 5.4321984e-06, Final residual = 5.4039364e-08, No Iterations 41
DICPCG:  Solving for p, Initial residual = 2.731994e-06, Final residual = 2.6778497e-08, No Iterations 269
time step continuity errors : sum local = 5.1902695e-10, global = 2.6615743e-12, cumulative = -1.0211271e-06
ExecutionTime = 124.91 s  ClockTime = 125 s

Time = 155

smoothSolver:  Solving for Ux, Initial residual = 2.7457138e-08, Final residual = 3.7900415e-09, No Iterations 1
smoothSolver:  Solving for Uy, Initial residual = 1.0563808e-08, Final residual = 1.4773907e-09, No Iterations 1
DICPCG:  Solving for p, Initial residual = 0.00028032251, Final residual = 2.770491e-06, No Iterations 26
DICPCG:  Solving for p, Initial residual = 1.4003456e-05, Final residual = 1.354502e-07, No Iterations 312
DICPCG:  Solving for p, Initial residual = 5.3612414e-06, Final residual = 5.3551444e-08, No Iterations 38
DICPCG:  Solving for p, Initial residual = 2.7001931e-06, Final residual = 2.5715445e-08, No Iterations 290
time step continuity errors : sum local = 5.2282855e-10, global = 2.6906687e-12, cumulative = -1.0211244e-06
ExecutionTime = 125.47 s  ClockTime = 126 s

Time = 156

smoothSolver:  Solving for Ux, Initial residual = 2.7229131e-08, Final residual = 3.7584714e-09, No Iterations 1
smoothSolver:  Solving for Uy, Initial residual = 1.0474416e-08, Final residual = 1.4652093e-09, No Iterations 1
DICPCG:  Solving for p, Initial residual = 0.00027756495, Final residual = 2.7457819e-06, No Iterations 26
DICPCG:  Solving for p, Initial residual = 1.3801917e-05, Final residual = 1.3742098e-07, No Iterations 312
DICPCG:  Solving for p, Initial residual = 5.3037822e-06, Final residual = 5.2887889e-08, No Iterations 39
DICPCG:  Solving for p, Initial residual = 2.6194133e-06, Final residual = 2.5711056e-08, No Iterations 269
time step continuity errors : sum local = 5.1088061e-10, global = 2.72297e-12, cumulative = -1.0211217e-06
ExecutionTime = 126 s  ClockTime = 126 s

Time = 157

smoothSolver:  Solving for Ux, Initial residual = 2.6992618e-08, Final residual = 3.727252e-09, No Iterations 1
smoothSolver:  Solving for Uy, Initial residual = 1.0392052e-08, Final residual = 1.453131e-09, No Iterations 1
DICPCG:  Solving for p, Initial residual = 0.00027455331, Final residual = 2.7313097e-06, No Iterations 26
DICPCG:  Solving for p, Initial residual = 1.3693376e-05, Final residual = 1.3383197e-07, No Iterations 313
DICPCG:  Solving for p, Initial residual = 5.1448359e-06, Final residual = 5.1106842e-08, No Iterations 48
DICPCG:  Solving for p, Initial residual = 2.5997744e-06, Final residual = 2.5656389e-08, No Iterations 278
time step continuity errors : sum local = 5.1496949e-10, global = 2.7576176e-12, cumulative = -1.021119e-06
ExecutionTime = 126.54 s  ClockTime = 127 s

Time = 158

smoothSolver:  Solving for Ux, Initial residual = 2.6773732e-08, Final residual = 3.6965935e-09, No Iterations 1
smoothSolver:  Solving for Uy, Initial residual = 1.031338e-08, Final residual = 1.4412009e-09, No Iterations 1
DICPCG:  Solving for p, Initial residual = 0.00027146167, Final residual = 2.7090578e-06, No Iterations 26
DICPCG:  Solving for p, Initial residual = 1.3563375e-05, Final residual = 1.3288696e-07, No Iterations 314
DICPCG:  Solving for p, Initial residual = 5.1707599e-06, Final residual = 5.1508435e-08, No Iterations 49
DICPCG:  Solving for p, Initial residual = 2.610862e-06, Final residual = 2.5099524e-08, No Iterations 62
time step continuity errors : sum local = 3.3989917e-10, global = 2.7897394e-12, cumulative = -1.0211162e-06
ExecutionTime = 126.92 s  ClockTime = 127 s

Time = 159

smoothSolver:  Solving for Ux, Initial residual = 2.6559037e-08, Final residual = 3.6663718e-09, No Iterations 1
smoothSolver:  Solving for Uy, Initial residual = 1.0223531e-08, Final residual = 1.4294161e-09, No Iterations 1
DICPCG:  Solving for p, Initial residual = 0.00026827893, Final residual = 2.4990481e-06, No Iterations 27
DICPCG:  Solving for p, Initial residual = 1.331522e-05, Final residual = 1.2983719e-07, No Iterations 314
DICPCG:  Solving for p, Initial residual = 5.2919575e-06, Final residual = 5.1919136e-08, No Iterations 53
DICPCG:  Solving for p, Initial residual = 2.7049399e-06, Final residual = 2.7002494e-08, No Iterations 58
time step continuity errors : sum local = 3.5024584e-10, global = 2.8275813e-12, cumulative = -1.0211133e-06
ExecutionTime = 127.3 s  ClockTime = 128 s

Time = 160

smoothSolver:  Solving for Ux, Initial residual = 2.6345109e-08, Final residual = 3.6365287e-09, No Iterations 1
smoothSolver:  Solving for Uy, Initial residual = 1.0136588e-08, Final residual = 1.4177731e-09, No Iterations 1
DICPCG:  Solving for p, Initial residual = 0.00026511056, Final residual = 2.5000687e-06, No Iterations 27
DICPCG:  Solving for p, Initial residual = 1.3139761e-05, Final residual = 1.2417703e-07, No Iterations 313
DICPCG:  Solving for p, Initial residual = 5.3076236e-06, Final residual = 5.1794118e-08, No Iterations 53
DICPCG:  Solving for p, Initial residual = 2.7136471e-06, Final residual = 2.5646998e-08, No Iterations 62
time step continuity errors : sum local = 3.4337579e-10, global = 2.8670819e-12, cumulative = -1.0211105e-06
ExecutionTime = 127.68 s  ClockTime = 128 s

surfaceFieldValue flowRateTM write:
    sum(outlet_tm) of phi = 2.5080974e-11

surfaceFieldValue flowRateTM_left write:
    sum(outlet_tm_left) of phi = 2.4919026e-11

surfaceFieldValue pressureACinlet write:
    areaAverage(ac_inlet) of p = 3.0927342

Time = 161

smoothSolver:  Solving for Ux, Initial residual = 2.613046e-08, Final residual = 3.6070761e-09, No Iterations 1
smoothSolver:  Solving for Uy, Initial residual = 1.0052551e-08, Final residual = 1.406299e-09, No Iterations 1
DICPCG:  Solving for p, Initial residual = 0.00026198758, Final residual = 2.4942128e-06, No Iterations 27
DICPCG:  Solving for p, Initial residual = 1.3067975e-05, Final residual = 1.2616969e-07, No Iterations 313
DICPCG:  Solving for p, Initial residual = 5.2975501e-06, Final residual = 5.2551911e-08, No Iterations 51
DICPCG:  Solving for p, Initial residual = 2.7284276e-06, Final residual = 2.543953e-08, No Iterations 279
time step continuity errors : sum local = 5.1734835e-10, global = 2.9129864e-12, cumulative = -1.0211076e-06
ExecutionTime = 128.21 s  ClockTime = 128 s

Time = 162

smoothSolver:  Solving for Ux, Initial residual = 2.591698e-08, Final residual = 3.5780656e-09, No Iterations 1
smoothSolver:  Solving for Uy, Initial residual = 9.9751227e-09, Final residual = 9.9751227e-09, No Iterations 0
DICPCG:  Solving for p, Initial residual = 0.00028324406, Final residual = 2.6550734e-06, No Iterations 88
DICPCG:  Solving for p, Initial residual = 8.5003441e-05, Final residual = 8.4581915e-07, No Iterations 46
DICPCG:  Solving for p, Initial residual = 1.4312827e-05, Final residual = 1.3676187e-07, No Iterations 288
DICPCG:  Solving for p, Initial residual = 8.0178935e-06, Final residual = 7.1765924e-08, No Iterations 265
time step continuity errors : sum local = 8.3779884e-10, global = 2.79618e-12, cumulative = -1.0211048e-06
ExecutionTime = 128.76 s  ClockTime = 129 s

Time = 163

smoothSolver:  Solving for Ux, Initial residual = 2.461127e-08, Final residual = 3.3980022e-09, No Iterations 1
smoothSolver:  Solving for Uy, Initial residual = 1.0687841e-08, Final residual = 1.5036669e-09, No Iterations 1
DICPCG:  Solving for p, Initial residual = 0.00026424552, Final residual = 2.59675e-06, No Iterations 50
DICPCG:  Solving for p, Initial residual = 3.7999369e-05, Final residual = 3.7702465e-07, No Iterations 71
DICPCG:  Solving for p, Initial residual = 8.8565695e-06, Final residual = 8.5982728e-08, No Iterations 290
DICPCG:  Solving for p, Initial residual = 4.9537269e-06, Final residual = 4.9150145e-08, No Iterations 42
time step continuity errors : sum local = 5.1560899e-10, global = 2.8751289e-12, cumulative = -1.0211019e-06
ExecutionTime = 129.14 s  ClockTime = 129 s

Time = 164

smoothSolver:  Solving for Ux, Initial residual = 2.4127466e-08, Final residual = 3.3144313e-09, No Iterations 1
smoothSolver:  Solving for Uy, Initial residual = 1.0922265e-08, Final residual = 1.5292031e-09, No Iterations 1
DICPCG:  Solving for p, Initial residual = 0.00027516696, Final residual = 2.7196015e-06, No Iterations 53
DICPCG:  Solving for p, Initial residual = 3.1366816e-05, Final residual = 3.1036558e-07, No Iterations 161
DICPCG:  Solving for p, Initial residual = 7.2628449e-06, Final residual = 6.9803367e-08, No Iterations 288
DICPCG:  Solving for p, Initial residual = 4.0390671e-06, Final residual = 4.000821e-08, No Iterations 265
time step continuity errors : sum local = 6.0243124e-10, global = 2.9611374e-12, cumulative = -1.0210989e-06
ExecutionTime = 129.75 s  ClockTime = 130 s

Time = 165

smoothSolver:  Solving for Ux, Initial residual = 2.4054583e-08, Final residual = 3.3236306e-09, No Iterations 1
smoothSolver:  Solving for Uy, Initial residual = 1.0642365e-08, Final residual = 1.4921054e-09, No Iterations 1
DICPCG:  Solving for p, Initial residual = 0.00027878098, Final residual = 2.7851672e-06, No Iterations 85
DICPCG:  Solving for p, Initial residual = 5.8022419e-05, Final residual = 5.3127917e-07, No Iterations 284
DICPCG:  Solving for p, Initial residual = 1.0621185e-05, Final residual = 9.7510595e-08, No Iterations 252
DICPCG:  Solving for p, Initial residual = 4.7924546e-06, Final residual = 4.5867026e-08, No Iterations 88
time step continuity errors : sum local = 5.2745217e-10, global = 3.0458219e-12, cumulative = -1.0210959e-06
ExecutionTime = 130.31 s  ClockTime = 131 s

Time = 166

smoothSolver:  Solving for Ux, Initial residual = 2.4477894e-08, Final residual = 3.3918014e-09, No Iterations 1
smoothSolver:  Solving for Uy, Initial residual = 1.0103186e-08, Final residual = 1.4166269e-09, No Iterations 1
DICPCG:  Solving for p, Initial residual = 0.000265549, Final residual = 2.5873957e-06, No Iterations 86
DICPCG:  Solving for p, Initial residual = 5.9934793e-05, Final residual = 5.6766294e-07, No Iterations 284
DICPCG:  Solving for p, Initial residual = 1.1432228e-05, Final residual = 1.1301041e-07, No Iterations 248
DICPCG:  Solving for p, Initial residual = 5.4550943e-06, Final residual = 5.3763048e-08, No Iterations 28
time step continuity errors : sum local = 5.393739e-10, global = 3.110462e-12, cumulative = -1.0210928e-06
ExecutionTime = 130.82 s  ClockTime = 131 s

Time = 167

smoothSolver:  Solving for Ux, Initial residual = 2.522923e-08, Final residual = 3.4651145e-09, No Iterations 1
smoothSolver:  Solving for Uy, Initial residual = 9.6170114e-09, Final residual = 9.6170114e-09, No Iterations 0
DICPCG:  Solving for p, Initial residual = 0.00025756608, Final residual = 2.5044605e-06, No Iterations 78
DICPCG:  Solving for p, Initial residual = 4.924145e-05, Final residual = 4.8154522e-07, No Iterations 72
DICPCG:  Solving for p, Initial residual = 9.550151e-06, Final residual = 9.3634605e-08, No Iterations 270
DICPCG:  Solving for p, Initial residual = 5.3209068e-06, Final residual = 5.263631e-08, No Iterations 58
time step continuity errors : sum local = 5.561685e-10, global = 3.0160446e-12, cumulative = -1.0210898e-06
ExecutionTime = 131.22 s  ClockTime = 131 s

Time = 168

smoothSolver:  Solving for Ux, Initial residual = 2.4188172e-08, Final residual = 3.3505828e-09, No Iterations 1
smoothSolver:  Solving for Uy, Initial residual = 9.9002637e-09, Final residual = 9.9002637e-09, No Iterations 0
DICPCG:  Solving for p, Initial residual = 0.0002847936, Final residual = 2.6970855e-06, No Iterations 96
DICPCG:  Solving for p, Initial residual = 0.00010627199, Final residual = 1.0522903e-06, No Iterations 27
DICPCG:  Solving for p, Initial residual = 1.5711743e-05, Final residual = 1.5332386e-07, No Iterations 292
DICPCG:  Solving for p, Initial residual = 9.3088708e-06, Final residual = 9.2662508e-08, No Iterations 281
time step continuity errors : sum local = 1.0125423e-09, global = 2.9090322e-12, cumulative = -1.0210869e-06
ExecutionTime = 131.77 s  ClockTime = 132 s

Time = 169

smoothSolver:  Solving for Ux, Initial residual = 2.2867837e-08, Final residual = 3.1325241e-09, No Iterations 1
smoothSolver:  Solving for Uy, Initial residual = 1.0864041e-08, Final residual = 1.5232384e-09, No Iterations 1
DICPCG:  Solving for p, Initial residual = 0.00024082841, Final residual = 2.3797019e-06, No Iterations 55
DICPCG:  Solving for p, Initial residual = 3.3451848e-05, Final residual = 3.2314489e-07, No Iterations 64
DICPCG:  Solving for p, Initial residual = 8.2517164e-06, Final residual = 8.2445187e-08, No Iterations 294
DICPCG:  Solving for p, Initial residual = 4.6961258e-06, Final residual = 4.6836362e-08, No Iterations 44
time step continuity errors : sum local = 4.9791973e-10, global = 3.0208302e-12, cumulative = -1.0210838e-06
ExecutionTime = 132.16 s  ClockTime = 132 s

Time = 170

smoothSolver:  Solving for Ux, Initial residual = 2.2440031e-08, Final residual = 3.0602369e-09, No Iterations 1
smoothSolver:  Solving for Uy, Initial residual = 1.105755e-08, Final residual = 1.5432332e-09, No Iterations 1
DICPCG:  Solving for p, Initial residual = 0.00026491043, Final residual = 2.6402859e-06, No Iterations 81
DICPCG:  Solving for p, Initial residual = 5.1343732e-05, Final residual = 5.1240806e-07, No Iterations 289
DICPCG:  Solving for p, Initial residual = 9.8332542e-06, Final residual = 9.5848706e-08, No Iterations 45
DICPCG:  Solving for p, Initial residual = 4.6204591e-06, Final residual = 4.6063776e-08, No Iterations 267
time step continuity errors : sum local = 6.4012178e-10, global = 3.1388083e-12, cumulative = -1.0210807e-06
ExecutionTime = 132.7 s  ClockTime = 133 s

surfaceFieldValue flowRateTM write:
    sum(outlet_tm) of phi = 2.5080974e-11

surfaceFieldValue flowRateTM_left write:
    sum(outlet_tm_left) of phi = 2.4919026e-11

surfaceFieldValue pressureACinlet write:
    areaAverage(ac_inlet) of p = 3.0927342

Time = 171

smoothSolver:  Solving for Ux, Initial residual = 2.2516149e-08, Final residual = 3.1146171e-09, No Iterations 1
smoothSolver:  Solving for Uy, Initial residual = 1.0532654e-08, Final residual = 1.4752015e-09, No Iterations 1
DICPCG:  Solving for p, Initial residual = 0.00027328518, Final residual = 2.5637668e-06, No Iterations 96
DICPCG:  Solving for p, Initial residual = 8.5853044e-05, Final residual = 8.503186e-07, No Iterations 29
DICPCG:  Solving for p, Initial residual = 1.3209243e-05, Final residual = 1.2679621e-07, No Iterations 287
DICPCG:  Solving for p, Initial residual = 8.0241479e-06, Final residual = 7.9555874e-08, No Iterations 283
time step continuity errors : sum local = 9.0250341e-10, global = 3.245307e-12, cumulative = -1.0210775e-06
ExecutionTime = 133.24 s  ClockTime = 133 s

Time = 172

smoothSolver:  Solving for Ux, Initial residual = 2.3535961e-08, Final residual = 3.2424197e-09, No Iterations 1
smoothSolver:  Solving for Uy, Initial residual = 9.7597433e-09, Final residual = 9.7597433e-09, No Iterations 0
DICPCG:  Solving for p, Initial residual = 0.00022602437, Final residual = 2.2324234e-06, No Iterations 30
DICPCG:  Solving for p, Initial residual = 1.4308136e-05, Final residual = 1.3161337e-07, No Iterations 59
DICPCG:  Solving for p, Initial residual = 5.3503087e-06, Final residual = 5.158861e-08, No Iterations 286
DICPCG:  Solving for p, Initial residual = 3.2548125e-06, Final residual = 3.1883573e-08, No Iterations 38
time step continuity errors : sum local = 3.6935012e-10, global = 3.1579146e-12, cumulative = -1.0210743e-06
ExecutionTime = 133.61 s  ClockTime = 134 s

Time = 173

smoothSolver:  Solving for Ux, Initial residual = 2.32017e-08, Final residual = 3.2060489e-09, No Iterations 1
smoothSolver:  Solving for Uy, Initial residual = 9.748547e-09, Final residual = 9.748547e-09, No Iterations 0
DICPCG:  Solving for p, Initial residual = 0.00024639632, Final residual = 2.3751794e-06, No Iterations 88
DICPCG:  Solving for p, Initial residual = 7.4216855e-05, Final residual = 7.1422239e-07, No Iterations 66
DICPCG:  Solving for p, Initial residual = 1.2420469e-05, Final residual = 1.1825501e-07, No Iterations 279
DICPCG:  Solving for p, Initial residual = 6.9825084e-06, Final residual = 6.4828996e-08, No Iterations 263
time step continuity errors : sum local = 7.8563259e-10, global = 3.0757614e-12, cumulative = -1.0210712e-06
ExecutionTime = 134.15 s  ClockTime = 134 s

Time = 174

smoothSolver:  Solving for Ux, Initial residual = 2.2044818e-08, Final residual = 3.0475402e-09, No Iterations 1
smoothSolver:  Solving for Uy, Initial residual = 1.033293e-08, Final residual = 1.456244e-09, No Iterations 1
DICPCG:  Solving for p, Initial residual = 0.00021927131, Final residual = 2.1636961e-06, No Iterations 38
DICPCG:  Solving for p, Initial residual = 1.9101034e-05, Final residual = 1.8802122e-07, No Iterations 101
DICPCG:  Solving for p, Initial residual = 5.6880215e-06, Final residual = 5.6873599e-08, No Iterations 99
DICPCG:  Solving for p, Initial residual = 3.2667534e-06, Final residual = 3.1810415e-08, No Iterations 60
time step continuity errors : sum local = 3.8982344e-10, global = 3.1790097e-12, cumulative = -1.021068e-06
ExecutionTime = 134.42 s  ClockTime = 135 s

Time = 175

smoothSolver:  Solving for Ux, Initial residual = 2.1713669e-08, Final residual = 3.0037121e-09, No Iterations 1
smoothSolver:  Solving for Uy, Initial residual = 1.0354525e-08, Final residual = 1.4534975e-09, No Iterations 1
DICPCG:  Solving for p, Initial residual = 0.00022467857, Final residual = 2.1077947e-06, No Iterations 84
DICPCG:  Solving for p, Initial residual = 4.6502014e-05, Final residual = 4.5756723e-07, No Iterations 82
DICPCG:  Solving for p, Initial residual = 8.7817944e-06, Final residual = 8.1373831e-08, No Iterations 286
DICPCG:  Solving for p, Initial residual = 5.1694188e-06, Final residual = 5.0559602e-08, No Iterations 237
time step continuity errors : sum local = 6.5589539e-10, global = 3.289105e-12, cumulative = -1.0210647e-06
ExecutionTime = 134.96 s  ClockTime = 135 s

Time = 176

smoothSolver:  Solving for Ux, Initial residual = 2.2042557e-08, Final residual = 3.0547573e-09, No Iterations 1
smoothSolver:  Solving for Uy, Initial residual = 9.931875e-09, Final residual = 9.931875e-09, No Iterations 0
DICPCG:  Solving for p, Initial residual = 0.00021092457, Final residual = 2.0919233e-06, No Iterations 51
DICPCG:  Solving for p, Initial residual = 2.4050518e-05, Final residual = 2.3996933e-07, No Iterations 79
DICPCG:  Solving for p, Initial residual = 6.4525156e-06, Final residual = 6.394959e-08, No Iterations 125
DICPCG:  Solving for p, Initial residual = 3.5800718e-06, Final residual = 3.3954241e-08, No Iterations 294
time step continuity errors : sum local = 5.8520067e-10, global = 3.2264675e-12, cumulative = -1.0210615e-06
ExecutionTime = 135.41 s  ClockTime = 136 s

Time = 177

smoothSolver:  Solving for Ux, Initial residual = 2.1574649e-08, Final residual = 2.9969153e-09, No Iterations 1
smoothSolver:  Solving for Uy, Initial residual = 1.0022351e-08, Final residual = 1.4150066e-09, No Iterations 1
DICPCG:  Solving for p, Initial residual = 0.00021159013, Final residual = 2.0916217e-06, No Iterations 71
DICPCG:  Solving for p, Initial residual = 3.2070777e-05, Final residual = 3.1336373e-07, No Iterations 77
DICPCG:  Solving for p, Initial residual = 6.9340405e-06, Final residual = 6.760275e-08, No Iterations 253
DICPCG:  Solving for p, Initial residual = 4.2341132e-06, Final residual = 4.0985421e-08, No Iterations 271
time step continuity errors : sum local = 6.0116778e-10, global = 3.3283056e-12, cumulative = -1.0210582e-06
ExecutionTime = 135.94 s  ClockTime = 136 s

Time = 178

smoothSolver:  Solving for Ux, Initial residual = 2.1819673e-08, Final residual = 3.022698e-09, No Iterations 1
smoothSolver:  Solving for Uy, Initial residual = 9.7351751e-09, Final residual = 9.7351751e-09, No Iterations 0
DICPCG:  Solving for p, Initial residual = 0.00020724539, Final residual = 2.0390143e-06, No Iterations 77
DICPCG:  Solving for p, Initial residual = 3.6141372e-05, Final residual = 3.5641718e-07, No Iterations 72
DICPCG:  Solving for p, Initial residual = 7.7096227e-06, Final residual = 7.1637786e-08, No Iterations 288
DICPCG:  Solving for p, Initial residual = 4.531538e-06, Final residual = 4.4042388e-08, No Iterations 33
time step continuity errors : sum local = 4.626462e-10, global = 3.2703233e-12, cumulative = -1.0210549e-06
ExecutionTime = 136.33 s  ClockTime = 137 s

Time = 179

smoothSolver:  Solving for Ux, Initial residual = 2.1218217e-08, Final residual = 2.9420267e-09, No Iterations 1
smoothSolver:  Solving for Uy, Initial residual = 9.9721274e-09, Final residual = 9.9721274e-09, No Iterations 0
DICPCG:  Solving for p, Initial residual = 0.00021976552, Final residual = 2.065163e-06, No Iterations 89
DICPCG:  Solving for p, Initial residual = 7.0519542e-05, Final residual = 6.9751448e-07, No Iterations 45
DICPCG:  Solving for p, Initial residual = 1.1876673e-05, Final residual = 1.1472663e-07, No Iterations 301
DICPCG:  Solving for p, Initial residual = 7.0084447e-06, Final residual = 6.9707687e-08, No Iterations 264
time step continuity errors : sum local = 8.2030071e-10, global = 3.2044924e-12, cumulative = -1.0210517e-06
ExecutionTime = 136.89 s  ClockTime = 137 s

Time = 180

smoothSolver:  Solving for Ux, Initial residual = 2.0452733e-08, Final residual = 2.8003955e-09, No Iterations 1
smoothSolver:  Solving for Uy, Initial residual = 1.0651634e-08, Final residual = 1.4929917e-09, No Iterations 1
DICPCG:  Solving for p, Initial residual = 0.0002097247, Final residual = 2.0274052e-06, No Iterations 54
DICPCG:  Solving for p, Initial residual = 2.4859689e-05, Final residual = 2.4221815e-07, No Iterations 285
DICPCG:  Solving for p, Initial residual = 6.4124942e-06, Final residual = 6.2581183e-08, No Iterations 64
DICPCG:  Solving for p, Initial residual = 3.2069333e-06, Final residual = 3.1742617e-08, No Iterations 204
time step continuity errors : sum local = 5.1055589e-10, global = 3.3396643e-12, cumulative = -1.0210484e-06
ExecutionTime = 137.38 s  ClockTime = 138 s

surfaceFieldValue flowRateTM write:
    sum(outlet_tm) of phi = 2.5080974e-11

surfaceFieldValue flowRateTM_left write:
    sum(outlet_tm_left) of phi = 2.4919026e-11

surfaceFieldValue pressureACinlet write:
    areaAverage(ac_inlet) of p = 3.0927342

Time = 181

smoothSolver:  Solving for Ux, Initial residual = 2.0402031e-08, Final residual = 2.8108996e-09, No Iterations 1
smoothSolver:  Solving for Uy, Initial residual = 1.0384627e-08, Final residual = 1.4554772e-09, No Iterations 1
DICPCG:  Solving for p, Initial residual = 0.00023739157, Final residual = 2.3578465e-06, No Iterations 96
DICPCG:  Solving for p, Initial residual = 8.0387575e-05, Final residual = 7.9269794e-07, No Iterations 27
DICPCG:  Solving for p, Initial residual = 1.2190027e-05, Final residual = 1.2181675e-07, No Iterations 284
DICPCG:  Solving for p, Initial residual = 7.4236002e-06, Final residual = 7.4173603e-08, No Iterations 281
time step continuity errors : sum local = 8.6180659e-10, global = 3.4705813e-12, cumulative = -1.0210449e-06
ExecutionTime = 137.92 s  ClockTime = 138 s

Time = 182

smoothSolver:  Solving for Ux, Initial residual = 2.1246032e-08, Final residual = 2.9306756e-09, No Iterations 1
smoothSolver:  Solving for Uy, Initial residual = 9.6134148e-09, Final residual = 9.6134148e-09, No Iterations 0
DICPCG:  Solving for p, Initial residual = 0.00019617138, Final residual = 1.8902234e-06, No Iterations 39
DICPCG:  Solving for p, Initial residual = 1.6938805e-05, Final residual = 1.6821284e-07, No Iterations 86
DICPCG:  Solving for p, Initial residual = 5.2741183e-06, Final residual = 5.0071105e-08, No Iterations 291
DICPCG:  Solving for p, Initial residual = 3.1635837e-06, Final residual = 3.1127894e-08, No Iterations 34
time step continuity errors : sum local = 3.5409111e-10, global = 3.4057092e-12, cumulative = -1.0210415e-06
ExecutionTime = 138.29 s  ClockTime = 139 s

Time = 183

smoothSolver:  Solving for Ux, Initial residual = 2.1242812e-08, Final residual = 2.9247633e-09, No Iterations 1
smoothSolver:  Solving for Uy, Initial residual = 9.4917546e-09, Final residual = 9.4917546e-09, No Iterations 0
DICPCG:  Solving for p, Initial residual = 0.00020454672, Final residual = 1.9325396e-06, No Iterations 84
DICPCG:  Solving for p, Initial residual = 4.9582933e-05, Final residual = 4.9161481e-07, No Iterations 68
DICPCG:  Solving for p, Initial residual = 9.2525689e-06, Final residual = 9.037492e-08, No Iterations 278
DICPCG:  Solving for p, Initial residual = 5.4157188e-06, Final residual = 5.4106759e-08, No Iterations 50
time step continuity errors : sum local = 5.5983439e-10, global = 3.3631886e-12, cumulative = -1.0210381e-06
ExecutionTime = 138.69 s  ClockTime = 139 s

Time = 184

smoothSolver:  Solving for Ux, Initial residual = 2.0271129e-08, Final residual = 2.8168987e-09, No Iterations 1
smoothSolver:  Solving for Uy, Initial residual = 9.8131143e-09, Final residual = 9.8131143e-09, No Iterations 0
DICPCG:  Solving for p, Initial residual = 0.00021284564, Final residual = 1.9175261e-06, No Iterations 96
DICPCG:  Solving for p, Initial residual = 7.5918861e-05, Final residual = 7.2615865e-07, No Iterations 46
DICPCG:  Solving for p, Initial residual = 1.2097016e-05, Final residual = 1.2080928e-07, No Iterations 304
DICPCG:  Solving for p, Initial residual = 7.1141063e-06, Final residual = 6.3958612e-08, No Iterations 266
time step continuity errors : sum local = 7.7961883e-10, global = 3.300437e-12, cumulative = -1.0210348e-06
ExecutionTime = 139.24 s  ClockTime = 139 s

Time = 185

smoothSolver:  Solving for Ux, Initial residual = 1.9526082e-08, Final residual = 2.6661186e-09, No Iterations 1
smoothSolver:  Solving for Uy, Initial residual = 1.0563668e-08, Final residual = 1.4793872e-09, No Iterations 1
DICPCG:  Solving for p, Initial residual = 0.00019354003, Final residual = 1.8573377e-06, No Iterations 57
DICPCG:  Solving for p, Initial residual = 2.4662478e-05, Final residual = 2.3931452e-07, No Iterations 67
DICPCG:  Solving for p, Initial residual = 5.7912502e-06, Final residual = 5.5165417e-08, No Iterations 299
DICPCG:  Solving for p, Initial residual = 3.4137456e-06, Final residual = 3.162496e-08, No Iterations 246
time step continuity errors : sum local = 5.3021524e-10, global = 3.4470462e-12, cumulative = -1.0210314e-06
ExecutionTime = 139.77 s  ClockTime = 140 s

Time = 186

smoothSolver:  Solving for Ux, Initial residual = 1.9487788e-08, Final residual = 2.680785e-09, No Iterations 1
smoothSolver:  Solving for Uy, Initial residual = 1.0263374e-08, Final residual = 1.4386514e-09, No Iterations 1
DICPCG:  Solving for p, Initial residual = 0.00022969982, Final residual = 2.2408845e-06, No Iterations 100
DICPCG:  Solving for p, Initial residual = 8.7491599e-05, Final residual = 8.3554918e-07, No Iterations 24
DICPCG:  Solving for p, Initial residual = 1.2886779e-05, Final residual = 1.2703339e-07, No Iterations 290
DICPCG:  Solving for p, Initial residual = 7.6900176e-06, Final residual = 7.5915034e-08, No Iterations 281
time step continuity errors : sum local = 8.7474318e-10, global = 3.5897458e-12, cumulative = -1.0210278e-06
ExecutionTime = 140.33 s  ClockTime = 141 s

Time = 187

smoothSolver:  Solving for Ux, Initial residual = 2.0480675e-08, Final residual = 2.8150366e-09, No Iterations 1
smoothSolver:  Solving for Uy, Initial residual = 9.4404877e-09, Final residual = 9.4404877e-09, No Iterations 0
DICPCG:  Solving for p, Initial residual = 0.000184839, Final residual = 1.8052074e-06, No Iterations 71
DICPCG:  Solving for p, Initial residual = 2.5993498e-05, Final residual = 2.5979814e-07, No Iterations 78
DICPCG:  Solving for p, Initial residual = 5.970421e-06, Final residual = 5.9136172e-08, No Iterations 251
DICPCG:  Solving for p, Initial residual = 3.7185348e-06, Final residual = 3.4316622e-08, No Iterations 262
time step continuity errors : sum local = 5.5297584e-10, global = 3.5426003e-12, cumulative = -1.0210243e-06
ExecutionTime = 140.85 s  ClockTime = 141 s

Time = 188

smoothSolver:  Solving for Ux, Initial residual = 2.0687692e-08, Final residual = 2.8322941e-09, No Iterations 1
smoothSolver:  Solving for Uy, Initial residual = 9.2414331e-09, Final residual = 9.2414331e-09, No Iterations 0
DICPCG:  Solving for p, Initial residual = 0.00019222086, Final residual = 1.8727067e-06, No Iterations 80
DICPCG:  Solving for p, Initial residual = 3.9320913e-05, Final residual = 3.8958026e-07, No Iterations 77
DICPCG:  Solving for p, Initial residual = 7.6602807e-06, Final residual = 7.6137913e-08, No Iterations 292
DICPCG:  Solving for p, Initial residual = 4.3759999e-06, Final residual = 4.3224641e-08, No Iterations 88
time step continuity errors : sum local = 5.0624162e-10, global = 3.4956157e-12, cumulative = -1.0210208e-06
ExecutionTime = 141.29 s  ClockTime = 142 s

Time = 189

smoothSolver:  Solving for Ux, Initial residual = 1.9810071e-08, Final residual = 2.7436704e-09, No Iterations 1
smoothSolver:  Solving for Uy, Initial residual = 9.4604987e-09, Final residual = 9.4604987e-09, No Iterations 0
DICPCG:  Solving for p, Initial residual = 0.00020274989, Final residual = 1.9919314e-06, No Iterations 96
DICPCG:  Solving for p, Initial residual = 6.990119e-05, Final residual = 6.9225739e-07, No Iterations 52
DICPCG:  Solving for p, Initial residual = 1.1265525e-05, Final residual = 1.0587009e-07, No Iterations 291
DICPCG:  Solving for p, Initial residual = 6.577781e-06, Final residual = 6.2733702e-08, No Iterations 266
time step continuity errors : sum local = 7.6559161e-10, global = 3.4384503e-12, cumulative = -1.0210173e-06
ExecutionTime = 141.83 s  ClockTime = 142 s

Time = 190

smoothSolver:  Solving for Ux, Initial residual = 1.8920022e-08, Final residual = 2.6025774e-09, No Iterations 1
smoothSolver:  Solving for Uy, Initial residual = 1.0086536e-08, Final residual = 1.4179078e-09, No Iterations 1
DICPCG:  Solving for p, Initial residual = 0.00017701163, Final residual = 1.6912836e-06, No Iterations 57
DICPCG:  Solving for p, Initial residual = 2.1281218e-05, Final residual = 2.0846378e-07, No Iterations 67
DICPCG:  Solving for p, Initial residual = 5.249128e-06, Final residual = 5.07153e-08, No Iterations 254
DICPCG:  Solving for p, Initial residual = 3.1313813e-06, Final residual = 2.9651353e-08, No Iterations 313
time step continuity errors : sum local = 5.6198734e-10, global = 3.5762485e-12, cumulative = -1.0210137e-06
ExecutionTime = 142.39 s  ClockTime = 143 s

surfaceFieldValue flowRateTM write:
    sum(outlet_tm) of phi = 2.5080974e-11

surfaceFieldValue flowRateTM_left write:
    sum(outlet_tm_left) of phi = 2.4919026e-11

surfaceFieldValue pressureACinlet write:
    areaAverage(ac_inlet) of p = 3.0927342

Time = 191

smoothSolver:  Solving for Ux, Initial residual = 1.8898188e-08, Final residual = 2.6129582e-09, No Iterations 1
smoothSolver:  Solving for Uy, Initial residual = 9.8294995e-09, Final residual = 9.8294995e-09, No Iterations 0
DICPCG:  Solving for p, Initial residual = 0.00017493261, Final residual = 1.721728e-06, No Iterations 41
DICPCG:  Solving for p, Initial residual = 1.7013303e-05, Final residual = 1.6593137e-07, No Iterations 75
DICPCG:  Solving for p, Initial residual = 5.0288377e-06, Final residual = 4.9984265e-08, No Iterations 61
DICPCG:  Solving for p, Initial residual = 2.8862442e-06, Final residual = 2.8428158e-08, No Iterations 42
time step continuity errors : sum local = 3.4581092e-10, global = 3.5497271e-12, cumulative = -1.0210102e-06
ExecutionTime = 142.61 s  ClockTime = 143 s

Time = 192

smoothSolver:  Solving for Ux, Initial residual = 1.865459e-08, Final residual = 2.5761106e-09, No Iterations 1
smoothSolver:  Solving for Uy, Initial residual = 9.9054093e-09, Final residual = 9.9054093e-09, No Iterations 0
DICPCG:  Solving for p, Initial residual = 0.0001784361, Final residual = 1.7313015e-06, No Iterations 81
DICPCG:  Solving for p, Initial residual = 3.3617388e-05, Final residual = 3.2913935e-07, No Iterations 39
DICPCG:  Solving for p, Initial residual = 7.1299726e-06, Final residual = 6.6135167e-08, No Iterations 291
DICPCG:  Solving for p, Initial residual = 4.3814248e-06, Final residual = 4.3628747e-08, No Iterations 39
time step continuity errors : sum local = 4.6677572e-10, global = 3.5259362e-12, cumulative = -1.0210067e-06
ExecutionTime = 142.99 s  ClockTime = 143 s

Time = 193

smoothSolver:  Solving for Ux, Initial residual = 1.8347709e-08, Final residual = 2.5080977e-09, No Iterations 1
smoothSolver:  Solving for Uy, Initial residual = 1.0183669e-08, Final residual = 1.4332073e-09, No Iterations 1
DICPCG:  Solving for p, Initial residual = 0.0001958568, Final residual = 1.8476139e-06, No Iterations 96
DICPCG:  Solving for p, Initial residual = 5.9725875e-05, Final residual = 5.9351109e-07, No Iterations 242
DICPCG:  Solving for p, Initial residual = 1.0739604e-05, Final residual = 1.0083127e-07, No Iterations 266
DICPCG:  Solving for p, Initial residual = 5.0024495e-06, Final residual = 4.9800694e-08, No Iterations 51
time step continuity errors : sum local = 5.2091797e-10, global = 3.6710235e-12, cumulative = -1.021003e-06
ExecutionTime = 143.51 s  ClockTime = 144 s

Time = 194

smoothSolver:  Solving for Ux, Initial residual = 1.8652505e-08, Final residual = 2.5893319e-09, No Iterations 1
smoothSolver:  Solving for Uy, Initial residual = 9.5979381e-09, Final residual = 9.5979381e-09, No Iterations 0
DICPCG:  Solving for p, Initial residual = 0.00016901758, Final residual = 1.657176e-06, No Iterations 55
DICPCG:  Solving for p, Initial residual = 1.9829829e-05, Final residual = 1.9699401e-07, No Iterations 292
DICPCG:  Solving for p, Initial residual = 5.3127914e-06, Final residual = 5.1749139e-08, No Iterations 50
DICPCG:  Solving for p, Initial residual = 2.6615962e-06, Final residual = 2.6562675e-08, No Iterations 223
time step continuity errors : sum local = 4.8543087e-10, global = 3.6418413e-12, cumulative = -1.0209994e-06
ExecutionTime = 144 s  ClockTime = 144 s

Time = 195

smoothSolver:  Solving for Ux, Initial residual = 1.8721095e-08, Final residual = 2.5970998e-09, No Iterations 1
smoothSolver:  Solving for Uy, Initial residual = 9.4519686e-09, Final residual = 9.4519686e-09, No Iterations 0
DICPCG:  Solving for p, Initial residual = 0.00016672812, Final residual = 1.6640254e-06, No Iterations 72
DICPCG:  Solving for p, Initial residual = 2.5394624e-05, Final residual = 2.4176693e-07, No Iterations 74
DICPCG:  Solving for p, Initial residual = 5.5322549e-06, Final residual = 5.455687e-08, No Iterations 289
DICPCG:  Solving for p, Initial residual = 3.2474343e-06, Final residual = 3.1918241e-08, No Iterations 35
time step continuity errors : sum local = 3.6584583e-10, global = 3.6117295e-12, cumulative = -1.0209957e-06
ExecutionTime = 144.39 s  ClockTime = 145 s

Time = 196

smoothSolver:  Solving for Ux, Initial residual = 1.8309197e-08, Final residual = 2.5380025e-09, No Iterations 1
smoothSolver:  Solving for Uy, Initial residual = 9.5878196e-09, Final residual = 9.5878196e-09, No Iterations 0
DICPCG:  Solving for p, Initial residual = 0.00017043174, Final residual = 1.6466715e-06, No Iterations 86
DICPCG:  Solving for p, Initial residual = 4.5708038e-05, Final residual = 4.4109036e-07, No Iterations 66
DICPCG:  Solving for p, Initial residual = 8.2197323e-06, Final residual = 7.7879575e-08, No Iterations 289
DICPCG:  Solving for p, Initial residual = 4.7548602e-06, Final residual = 4.4509341e-08, No Iterations 266
time step continuity errors : sum local = 6.3370877e-10, global = 3.5782986e-12, cumulative = -1.0209922e-06
ExecutionTime = 144.94 s  ClockTime = 145 s

Time = 197

smoothSolver:  Solving for Ux, Initial residual = 1.7776062e-08, Final residual = 2.4447188e-09, No Iterations 1
smoothSolver:  Solving for Uy, Initial residual = 9.9730175e-09, Final residual = 9.9730175e-09, No Iterations 0
DICPCG:  Solving for p, Initial residual = 0.00016803498, Final residual = 1.6462927e-06, No Iterations 87
DICPCG:  Solving for p, Initial residual = 4.8636408e-05, Final residual = 4.6600838e-07, No Iterations 46
DICPCG:  Solving for p, Initial residual = 8.6270508e-06, Final residual = 8.5342821e-08, No Iterations 301
DICPCG:  Solving for p, Initial residual = 5.1359977e-06, Final residual = 4.8911241e-08, No Iterations 264
time step continuity errors : sum local = 6.6115903e-10, global = 3.5628445e-12, cumulative = -1.0209886e-06
ExecutionTime = 145.5 s  ClockTime = 146 s

Time = 198

smoothSolver:  Solving for Ux, Initial residual = 1.7289775e-08, Final residual = 2.3506457e-09, No Iterations 1
smoothSolver:  Solving for Uy, Initial residual = 1.045658e-08, Final residual = 1.4598616e-09, No Iterations 1
DICPCG:  Solving for p, Initial residual = 0.00019002728, Final residual = 1.8598469e-06, No Iterations 97
DICPCG:  Solving for p, Initial residual = 6.3146262e-05, Final residual = 6.0957691e-07, No Iterations 241
DICPCG:  Solving for p, Initial residual = 1.0948367e-05, Final residual = 1.0094442e-07, No Iterations 278
DICPCG:  Solving for p, Initial residual = 5.0722969e-06, Final residual = 5.0166521e-08, No Iterations 29
time step continuity errors : sum local = 5.0696758e-10, global = 3.7385265e-12, cumulative = -1.0209849e-06
ExecutionTime = 146.01 s  ClockTime = 146 s

Time = 199

smoothSolver:  Solving for Ux, Initial residual = 1.7583997e-08, Final residual = 2.4364857e-09, No Iterations 1
smoothSolver:  Solving for Uy, Initial residual = 9.7398129e-09, Final residual = 9.7398129e-09, No Iterations 0
DICPCG:  Solving for p, Initial residual = 0.00016628592, Final residual = 1.612311e-06, No Iterations 85
DICPCG:  Solving for p, Initial residual = 3.5169297e-05, Final residual = 3.5057896e-07, No Iterations 283
DICPCG:  Solving for p, Initial residual = 7.0060584e-06, Final residual = 6.9548286e-08, No Iterations 252
DICPCG:  Solving for p, Initial residual = 3.3618822e-06, Final residual = 3.3463257e-08, No Iterations 61
time step continuity errors : sum local = 4.0355148e-10, global = 3.726364e-12, cumulative = -1.0209811e-06
ExecutionTime = 146.55 s  ClockTime = 147 s

Time = 200

smoothSolver:  Solving for Ux, Initial residual = 1.7910097e-08, Final residual = 2.4744e-09, No Iterations 1
smoothSolver:  Solving for Uy, Initial residual = 9.4270059e-09, Final residual = 9.4270059e-09, No Iterations 0
DICPCG:  Solving for p, Initial residual = 0.00015257003, Final residual = 1.4626884e-06, No Iterations 28
DICPCG:  Solving for p, Initial residual = 8.6047579e-06, Final residual = 8.549454e-08, No Iterations 91
DICPCG:  Solving for p, Initial residual = 3.4566015e-06, Final residual = 3.377594e-08, No Iterations 258
DICPCG:  Solving for p, Initial residual = 2.2178366e-06, Final residual = 2.1806596e-08, No Iterations 33
time step continuity errors : sum local = 2.8192382e-10, global = 3.7030766e-12, cumulative = -1.0209774e-06
ExecutionTime = 146.98 s  ClockTime = 147 s

surfaceFieldValue flowRateTM write:
    sum(outlet_tm) of phi = 2.5080974e-11

surfaceFieldValue flowRateTM_left write:
    sum(outlet_tm_left) of phi = 2.4919026e-11

surfaceFieldValue pressureACinlet write:
    areaAverage(ac_inlet) of p = 3.0927342

Time = 201

smoothSolver:  Solving for Ux, Initial residual = 1.7742244e-08, Final residual = 2.4548337e-09, No Iterations 1
smoothSolver:  Solving for Uy, Initial residual = 9.3971714e-09, Final residual = 9.3971714e-09, No Iterations 0
DICPCG:  Solving for p, Initial residual = 0.00015586265, Final residual = 1.4557366e-06, No Iterations 79
DICPCG:  Solving for p, Initial residual = 2.8414155e-05, Final residual = 2.7929106e-07, No Iterations 76
DICPCG:  Solving for p, Initial residual = 5.8499214e-06, Final residual = 5.4744354e-08, No Iterations 263
DICPCG:  Solving for p, Initial residual = 3.4381508e-06, Final residual = 3.3574734e-08, No Iterations 49
time step continuity errors : sum local = 3.9235811e-10, global = 3.6895387e-12, cumulative = -1.0209738e-06
ExecutionTime = 147.36 s  ClockTime = 148 s

Time = 202

smoothSolver:  Solving for Ux, Initial residual = 1.7218295e-08, Final residual = 2.392569e-09, No Iterations 1
smoothSolver:  Solving for Uy, Initial residual = 9.5758831e-09, Final residual = 9.5758831e-09, No Iterations 0
DICPCG:  Solving for p, Initial residual = 0.00015511845, Final residual = 1.5350029e-06, No Iterations 85
DICPCG:  Solving for p, Initial residual = 3.8592094e-05, Final residual = 3.8515686e-07, No Iterations 73
DICPCG:  Solving for p, Initial residual = 7.0973808e-06, Final residual = 6.9572235e-08, No Iterations 258
DICPCG:  Solving for p, Initial residual = 4.1044393e-06, Final residual = 4.0811477e-08, No Iterations 54
time step continuity errors : sum local = 4.5663832e-10, global = 3.6789272e-12, cumulative = -1.0209701e-06
ExecutionTime = 147.76 s  ClockTime = 148 s

Time = 203

smoothSolver:  Solving for Ux, Initial residual = 1.6849e-08, Final residual = 2.3143893e-09, No Iterations 1
smoothSolver:  Solving for Uy, Initial residual = 9.9051171e-09, Final residual = 9.9051171e-09, No Iterations 0
DICPCG:  Solving for p, Initial residual = 0.00015121498, Final residual = 1.4747014e-06, No Iterations 85
DICPCG:  Solving for p, Initial residual = 3.5953425e-05, Final residual = 3.5021278e-07, No Iterations 49
DICPCG:  Solving for p, Initial residual = 6.899895e-06, Final residual = 6.227583e-08, No Iterations 289
DICPCG:  Solving for p, Initial residual = 4.2101648e-06, Final residual = 3.9093466e-08, No Iterations 266
time step continuity errors : sum local = 5.891439e-10, global = 3.6647137e-12, cumulative = -1.0209664e-06
ExecutionTime = 148.3 s  ClockTime = 149 s

Time = 204

smoothSolver:  Solving for Ux, Initial residual = 1.6449388e-08, Final residual = 2.2436825e-09, No Iterations 1
smoothSolver:  Solving for Uy, Initial residual = 1.0241445e-08, Final residual = 1.4365168e-09, No Iterations 1
DICPCG:  Solving for p, Initial residual = 0.00018562178, Final residual = 1.8182011e-06, No Iterations 102
DICPCG:  Solving for p, Initial residual = 7.4529553e-05, Final residual = 7.2350988e-07, No Iterations 24
DICPCG:  Solving for p, Initial residual = 1.1189966e-05, Final residual = 1.112986e-07, No Iterations 298
DICPCG:  Solving for p, Initial residual = 6.6913307e-06, Final residual = 6.4045572e-08, No Iterations 282
time step continuity errors : sum local = 7.8102708e-10, global = 3.8466917e-12, cumulative = -1.0209626e-06
ExecutionTime = 148.86 s  ClockTime = 149 s

Time = 205

smoothSolver:  Solving for Ux, Initial residual = 1.6936044e-08, Final residual = 2.3526165e-09, No Iterations 1
smoothSolver:  Solving for Uy, Initial residual = 9.4537147e-09, Final residual = 9.4537147e-09, No Iterations 0
DICPCG:  Solving for p, Initial residual = 0.00015656924, Final residual = 1.5184268e-06, No Iterations 89
DICPCG:  Solving for p, Initial residual = 4.4649902e-05, Final residual = 4.4441025e-07, No Iterations 250
DICPCG:  Solving for p, Initial residual = 8.6120822e-06, Final residual = 8.4843465e-08, No Iterations 276
DICPCG:  Solving for p, Initial residual = 4.235717e-06, Final residual = 4.1564095e-08, No Iterations 31
time step continuity errors : sum local = 4.3650256e-10, global = 3.8387831e-12, cumulative = -1.0209587e-06
ExecutionTime = 149.37 s  ClockTime = 150 s

Time = 206

smoothSolver:  Solving for Ux, Initial residual = 1.7544719e-08, Final residual = 2.4095754e-09, No Iterations 1
smoothSolver:  Solving for Uy, Initial residual = 9.1174565e-09, Final residual = 9.1174565e-09, No Iterations 0
DICPCG:  Solving for p, Initial residual = 0.0001483796, Final residual = 1.3090916e-06, No Iterations 35
DICPCG:  Solving for p, Initial residual = 1.1956029e-05, Final residual = 1.1930836e-07, No Iterations 300
DICPCG:  Solving for p, Initial residual = 4.438742e-06, Final residual = 4.2199201e-08, No Iterations 36
DICPCG:  Solving for p, Initial residual = 2.4302556e-06, Final residual = 2.3659351e-08, No Iterations 29
time step continuity errors : sum local = 2.8699347e-10, global = 3.8185207e-12, cumulative = -1.0209549e-06
ExecutionTime = 149.72 s  ClockTime = 150 s

Time = 207

smoothSolver:  Solving for Ux, Initial residual = 1.7471095e-08, Final residual = 2.3984954e-09, No Iterations 1
smoothSolver:  Solving for Uy, Initial residual = 9.0309694e-09, Final residual = 9.0309694e-09, No Iterations 0
DICPCG:  Solving for p, Initial residual = 0.00015779746, Final residual = 1.5109914e-06, No Iterations 79
DICPCG:  Solving for p, Initial residual = 2.9032563e-05, Final residual = 2.8802193e-07, No Iterations 107
DICPCG:  Solving for p, Initial residual = 5.8965831e-06, Final residual = 5.5938048e-08, No Iterations 296
DICPCG:  Solving for p, Initial residual = 3.2838412e-06, Final residual = 3.1878964e-08, No Iterations 49
time step continuity errors : sum local = 3.7871326e-10, global = 3.8075565e-12, cumulative = -1.0209511e-06
ExecutionTime = 150.14 s  ClockTime = 150 s

Time = 208

smoothSolver:  Solving for Ux, Initial residual = 1.6888338e-08, Final residual = 2.3355996e-09, No Iterations 1
smoothSolver:  Solving for Uy, Initial residual = 9.1650581e-09, Final residual = 9.1650581e-09, No Iterations 0
DICPCG:  Solving for p, Initial residual = 0.00015576388, Final residual = 1.4704709e-06, No Iterations 87
DICPCG:  Solving for p, Initial residual = 4.1824394e-05, Final residual = 4.132277e-07, No Iterations 106
DICPCG:  Solving for p, Initial residual = 7.4374132e-06, Final residual = 7.2288959e-08, No Iterations 288
DICPCG:  Solving for p, Initial residual = 3.9240392e-06, Final residual = 3.9180969e-08, No Iterations 265
time step continuity errors : sum local = 5.9867824e-10, global = 3.7883202e-12, cumulative = -1.0209473e-06
ExecutionTime = 150.73 s  ClockTime = 151 s

Time = 209

smoothSolver:  Solving for Ux, Initial residual = 1.6287587e-08, Final residual = 2.2527635e-09, No Iterations 1
smoothSolver:  Solving for Uy, Initial residual = 9.4849004e-09, Final residual = 9.4849004e-09, No Iterations 0
DICPCG:  Solving for p, Initial residual = 0.00014549405, Final residual = 1.4130673e-06, No Iterations 87
DICPCG:  Solving for p, Initial residual = 3.9852594e-05, Final residual = 3.9573777e-07, No Iterations 53
DICPCG:  Solving for p, Initial residual = 7.0315978e-06, Final residual = 7.0069388e-08, No Iterations 302
DICPCG:  Solving for p, Initial residual = 4.1407366e-06, Final residual = 4.0137922e-08, No Iterations 262
time step continuity errors : sum local = 5.9139845e-10, global = 3.7862554e-12, cumulative = -1.0209435e-06
ExecutionTime = 151.29 s  ClockTime = 152 s

Time = 210

smoothSolver:  Solving for Ux, Initial residual = 1.5917334e-08, Final residual = 2.1758618e-09, No Iterations 1
smoothSolver:  Solving for Uy, Initial residual = 9.8639573e-09, Final residual = 9.8639573e-09, No Iterations 0
DICPCG:  Solving for p, Initial residual = 0.00014828382, Final residual = 1.4472253e-06, No Iterations 83
DICPCG:  Solving for p, Initial residual = 2.9734643e-05, Final residual = 2.8369948e-07, No Iterations 38
DICPCG:  Solving for p, Initial residual = 6.0565832e-06, Final residual = 5.6643202e-08, No Iterations 290
DICPCG:  Solving for p, Initial residual = 3.6415666e-06, Final residual = 3.5899311e-08, No Iterations 39
time step continuity errors : sum local = 4.0215089e-10, global = 3.8007151e-12, cumulative = -1.0209397e-06
ExecutionTime = 151.66 s  ClockTime = 152 s

surfaceFieldValue flowRateTM write:
    sum(outlet_tm) of phi = 2.5080974e-11

surfaceFieldValue flowRateTM_left write:
    sum(outlet_tm_left) of phi = 2.4919026e-11

surfaceFieldValue pressureACinlet write:
    areaAverage(ac_inlet) of p = 3.0927342

Time = 211

smoothSolver:  Solving for Ux, Initial residual = 1.5654556e-08, Final residual = 2.1207684e-09, No Iterations 1
smoothSolver:  Solving for Uy, Initial residual = 1.0099473e-08, Final residual = 1.4159467e-09, No Iterations 1
DICPCG:  Solving for p, Initial residual = 0.0001956491, Final residual = 1.8878716e-06, No Iterations 104
DICPCG:  Solving for p, Initial residual = 8.5084839e-05, Final residual = 8.200015e-07, No Iterations 256
DICPCG:  Solving for p, Initial residual = 1.3545745e-05, Final residual = 1.3239452e-07, No Iterations 283
DICPCG:  Solving for p, Initial residual = 5.8537928e-06, Final residual = 5.8111179e-08, No Iterations 60
time step continuity errors : sum local = 6.0042121e-10, global = 3.9803452e-12, cumulative = -1.0209357e-06
ExecutionTime = 152.22 s  ClockTime = 153 s

Time = 212

smoothSolver:  Solving for Ux, Initial residual = 1.6208393e-08, Final residual = 2.2501092e-09, No Iterations 1
smoothSolver:  Solving for Uy, Initial residual = 9.2323191e-09, Final residual = 9.2323191e-09, No Iterations 0
DICPCG:  Solving for p, Initial residual = 0.00015585344, Final residual = 1.4583211e-06, No Iterations 98
DICPCG:  Solving for p, Initial residual = 5.4448204e-05, Final residual = 5.3058239e-07, No Iterations 248
DICPCG:  Solving for p, Initial residual = 9.649272e-06, Final residual = 9.5325244e-08, No Iterations 75
DICPCG:  Solving for p, Initial residual = 4.5233925e-06, Final residual = 4.3635567e-08, No Iterations 273
time step continuity errors : sum local = 6.2510432e-10, global = 3.9773492e-12, cumulative = -1.0209318e-06
ExecutionTime = 152.76 s  ClockTime = 153 s

Time = 213

smoothSolver:  Solving for Ux, Initial residual = 1.7087626e-08, Final residual = 2.3294825e-09, No Iterations 1
smoothSolver:  Solving for Uy, Initial residual = 8.8090734e-09, Final residual = 8.8090734e-09, No Iterations 0
DICPCG:  Solving for p, Initial residual = 0.00014473479, Final residual = 1.4341194e-06, No Iterations 60
DICPCG:  Solving for p, Initial residual = 1.8076257e-05, Final residual = 1.8072785e-07, No Iterations 85
DICPCG:  Solving for p, Initial residual = 4.7789062e-06, Final residual = 4.7265448e-08, No Iterations 282
DICPCG:  Solving for p, Initial residual = 2.8339199e-06, Final residual = 2.7616057e-08, No Iterations 48
time step continuity errors : sum local = 3.376119e-10, global = 3.9520309e-12, cumulative = -1.0209278e-06
ExecutionTime = 153.18 s  ClockTime = 153 s

Time = 214

smoothSolver:  Solving for Ux, Initial residual = 1.7145243e-08, Final residual = 2.3305896e-09, No Iterations 1
smoothSolver:  Solving for Uy, Initial residual = 8.6636151e-09, Final residual = 8.6636151e-09, No Iterations 0
DICPCG:  Solving for p, Initial residual = 0.00016142534, Final residual = 1.4931184e-06, No Iterations 73
DICPCG:  Solving for p, Initial residual = 2.8363385e-05, Final residual = 2.8175333e-07, No Iterations 133
DICPCG:  Solving for p, Initial residual = 5.7643202e-06, Final residual = 5.2538178e-08, No Iterations 290
DICPCG:  Solving for p, Initial residual = 3.0081492e-06, Final residual = 2.9643308e-08, No Iterations 35
time step continuity errors : sum local = 3.4753491e-10, global = 3.9413832e-12, cumulative = -1.0209239e-06
ExecutionTime = 153.6 s  ClockTime = 154 s

Time = 215

smoothSolver:  Solving for Ux, Initial residual = 1.6537191e-08, Final residual = 2.2693522e-09, No Iterations 1
smoothSolver:  Solving for Uy, Initial residual = 8.7629015e-09, Final residual = 8.7629015e-09, No Iterations 0
DICPCG:  Solving for p, Initial residual = 0.00016116642, Final residual = 1.5999447e-06, No Iterations 87
DICPCG:  Solving for p, Initial residual = 4.3683084e-05, Final residual = 4.2346249e-07, No Iterations 115
DICPCG:  Solving for p, Initial residual = 7.5205404e-06, Final residual = 7.4473718e-08, No Iterations 289
DICPCG:  Solving for p, Initial residual = 3.9067151e-06, Final residual = 3.7065043e-08, No Iterations 263
time step continuity errors : sum local = 5.7979746e-10, global = 3.921671e-12, cumulative = -1.0209199e-06
ExecutionTime = 154.19 s  ClockTime = 154 s

Time = 216

smoothSolver:  Solving for Ux, Initial residual = 1.569332e-08, Final residual = 2.1827081e-09, No Iterations 1
smoothSolver:  Solving for Uy, Initial residual = 9.0458888e-09, Final residual = 9.0458888e-09, No Iterations 0
DICPCG:  Solving for p, Initial residual = 0.00014440836, Final residual = 1.4358534e-06, No Iterations 89
DICPCG:  Solving for p, Initial residual = 4.3263831e-05, Final residual = 4.177487e-07, No Iterations 102
DICPCG:  Solving for p, Initial residual = 7.604142e-06, Final residual = 7.531946e-08, No Iterations 302
DICPCG:  Solving for p, Initial residual = 4.148761e-06, Final residual = 3.9670413e-08, No Iterations 248
time step continuity errors : sum local = 5.8498588e-10, global = 3.9201748e-12, cumulative = -1.020916e-06
ExecutionTime = 154.78 s  ClockTime = 155 s

Time = 217

smoothSolver:  Solving for Ux, Initial residual = 1.5360517e-08, Final residual = 2.1015311e-09, No Iterations 1
smoothSolver:  Solving for Uy, Initial residual = 9.4323741e-09, Final residual = 9.4323741e-09, No Iterations 0
DICPCG:  Solving for p, Initial residual = 0.00014133756, Final residual = 1.3408857e-06, No Iterations 86
DICPCG:  Solving for p, Initial residual = 3.3024017e-05, Final residual = 3.260816e-07, No Iterations 39
DICPCG:  Solving for p, Initial residual = 6.3796658e-06, Final residual = 6.283043e-08, No Iterations 290
DICPCG:  Solving for p, Initial residual = 3.7228587e-06, Final residual = 3.6345511e-08, No Iterations 270
time step continuity errors : sum local = 5.7667028e-10, global = 3.9305046e-12, cumulative = -1.0209121e-06
ExecutionTime = 155.31 s  ClockTime = 156 s

Time = 218

smoothSolver:  Solving for Ux, Initial residual = 1.5092207e-08, Final residual = 2.0421413e-09, No Iterations 1
smoothSolver:  Solving for Uy, Initial residual = 9.7214265e-09, Final residual = 9.7214265e-09, No Iterations 0
DICPCG:  Solving for p, Initial residual = 0.00015301093, Final residual = 1.5050849e-06, No Iterations 79
DICPCG:  Solving for p, Initial residual = 2.4532574e-05, Final residual = 2.412377e-07, No Iterations 88
DICPCG:  Solving for p, Initial residual = 5.4040448e-06, Final residual = 5.2424906e-08, No Iterations 132
DICPCG:  Solving for p, Initial residual = 3.0363303e-06, Final residual = 2.9362337e-08, No Iterations 47
time step continuity errors : sum local = 3.5620248e-10, global = 3.9519484e-12, cumulative = -1.0209081e-06
ExecutionTime = 155.61 s  ClockTime = 156 s

Time = 219

smoothSolver:  Solving for Ux, Initial residual = 1.4824673e-08, Final residual = 2.0105809e-09, No Iterations 1
smoothSolver:  Solving for Uy, Initial residual = 9.8388512e-09, Final residual = 9.8388512e-09, No Iterations 0
DICPCG:  Solving for p, Initial residual = 0.00015848796, Final residual = 1.556627e-06, No Iterations 48
DICPCG:  Solving for p, Initial residual = 2.203939e-05, Final residual = 2.1910423e-07, No Iterations 152
DICPCG:  Solving for p, Initial residual = 5.3490395e-06, Final residual = 5.3423299e-08, No Iterations 199
DICPCG:  Solving for p, Initial residual = 2.883002e-06, Final residual = 2.813007e-08, No Iterations 87
time step continuity errors : sum local = 3.8904427e-10, global = 3.9600502e-12, cumulative = -1.0209042e-06
ExecutionTime = 156.01 s  ClockTime = 156 s

Time = 220

smoothSolver:  Solving for Ux, Initial residual = 1.4708618e-08, Final residual = 2.005489e-09, No Iterations 1
smoothSolver:  Solving for Uy, Initial residual = 9.7936785e-09, Final residual = 9.7936785e-09, No Iterations 0
DICPCG:  Solving for p, Initial residual = 0.00015269653, Final residual = 1.4901239e-06, No Iterations 68
DICPCG:  Solving for p, Initial residual = 2.2608855e-05, Final residual = 2.2454838e-07, No Iterations 132
DICPCG:  Solving for p, Initial residual = 5.1680538e-06, Final residual = 5.119476e-08, No Iterations 287
DICPCG:  Solving for p, Initial residual = 2.9351127e-06, Final residual = 2.7495036e-08, No Iterations 229
time step continuity errors : sum local = 4.9027716e-10, global = 3.9767155e-12, cumulative = -1.0209002e-06
ExecutionTime = 156.57 s  ClockTime = 157 s

surfaceFieldValue flowRateTM write:
    sum(outlet_tm) of phi = 2.5080974e-11

surfaceFieldValue flowRateTM_left write:
    sum(outlet_tm_left) of phi = 2.4919026e-11

surfaceFieldValue pressureACinlet write:
    areaAverage(ac_inlet) of p = 3.0927342

Time = 221

smoothSolver:  Solving for Ux, Initial residual = 1.4684182e-08, Final residual = 2.0169543e-09, No Iterations 1
smoothSolver:  Solving for Uy, Initial residual = 9.6362603e-09, Final residual = 9.6362603e-09, No Iterations 0
DICPCG:  Solving for p, Initial residual = 0.00014356406, Final residual = 1.4293513e-06, No Iterations 73
DICPCG:  Solving for p, Initial residual = 2.1809302e-05, Final residual = 2.1410731e-07, No Iterations 84
DICPCG:  Solving for p, Initial residual = 4.676791e-06, Final residual = 4.5264192e-08, No Iterations 284
DICPCG:  Solving for p, Initial residual = 2.7407352e-06, Final residual = 2.6283633e-08, No Iterations 231
time step continuity errors : sum local = 4.8616273e-10, global = 3.9871616e-12, cumulative = -1.0208962e-06
ExecutionTime = 157.1 s  ClockTime = 157 s

Time = 222

smoothSolver:  Solving for Ux, Initial residual = 1.4708081e-08, Final residual = 2.0321915e-09, No Iterations 1
smoothSolver:  Solving for Uy, Initial residual = 9.4273592e-09, Final residual = 9.4273592e-09, No Iterations 0
DICPCG:  Solving for p, Initial residual = 0.00013820194, Final residual = 1.3377351e-06, No Iterations 77
DICPCG:  Solving for p, Initial residual = 2.0334426e-05, Final residual = 1.9195241e-07, No Iterations 76
DICPCG:  Solving for p, Initial residual = 4.5678346e-06, Final residual = 4.4660949e-08, No Iterations 255
DICPCG:  Solving for p, Initial residual = 2.7303014e-06, Final residual = 2.614162e-08, No Iterations 46
time step continuity errors : sum local = 3.2684244e-10, global = 3.9925548e-12, cumulative = -1.0208922e-06
ExecutionTime = 157.47 s  ClockTime = 158 s

Time = 223

smoothSolver:  Solving for Ux, Initial residual = 1.4715382e-08, Final residual = 2.0411352e-09, No Iterations 1
smoothSolver:  Solving for Uy, Initial residual = 9.2511462e-09, Final residual = 9.2511462e-09, No Iterations 0
DICPCG:  Solving for p, Initial residual = 0.00013574253, Final residual = 1.3461016e-06, No Iterations 61
DICPCG:  Solving for p, Initial residual = 1.9003497e-05, Final residual = 1.8999283e-07, No Iterations 73
DICPCG:  Solving for p, Initial residual = 4.6858053e-06, Final residual = 4.2992671e-08, No Iterations 275
DICPCG:  Solving for p, Initial residual = 2.7241572e-06, Final residual = 2.6707877e-08, No Iterations 49
time step continuity errors : sum local = 3.3624186e-10, global = 4.0063364e-12, cumulative = -1.0208882e-06
ExecutionTime = 157.85 s  ClockTime = 158 s

Time = 224

smoothSolver:  Solving for Ux, Initial residual = 1.4765922e-08, Final residual = 2.0409378e-09, No Iterations 1
smoothSolver:  Solving for Uy, Initial residual = 9.1236478e-09, Final residual = 9.1236478e-09, No Iterations 0
DICPCG:  Solving for p, Initial residual = 0.00013282439, Final residual = 1.3247455e-06, No Iterations 51
DICPCG:  Solving for p, Initial residual = 1.7064333e-05, Final residual = 1.6825564e-07, No Iterations 101
DICPCG:  Solving for p, Initial residual = 4.6372445e-06, Final residual = 4.3825126e-08, No Iterations 262
DICPCG:  Solving for p, Initial residual = 2.651751e-06, Final residual = 2.6279599e-08, No Iterations 46
time step continuity errors : sum local = 3.2569471e-10, global = 4.0225038e-12, cumulative = -1.0208842e-06
ExecutionTime = 158.23 s  ClockTime = 159 s

Time = 225

smoothSolver:  Solving for Ux, Initial residual = 1.4762187e-08, Final residual = 2.0332759e-09, No Iterations 1
smoothSolver:  Solving for Uy, Initial residual = 9.0463047e-09, Final residual = 9.0463047e-09, No Iterations 0
DICPCG:  Solving for p, Initial residual = 0.00012932511, Final residual = 1.2149472e-06, No Iterations 51
DICPCG:  Solving for p, Initial residual = 1.4732754e-05, Final residual = 1.4184011e-07, No Iterations 83
DICPCG:  Solving for p, Initial residual = 4.3658961e-06, Final residual = 4.2385459e-08, No Iterations 284
DICPCG:  Solving for p, Initial residual = 2.5678043e-06, Final residual = 2.4223238e-08, No Iterations 46
time step continuity errors : sum local = 3.144033e-10, global = 4.0406575e-12, cumulative = -1.0208802e-06
ExecutionTime = 158.61 s  ClockTime = 159 s

Time = 226

smoothSolver:  Solving for Ux, Initial residual = 1.4681681e-08, Final residual = 2.0209002e-09, No Iterations 1
smoothSolver:  Solving for Uy, Initial residual = 9.004422e-09, Final residual = 9.004422e-09, No Iterations 0
DICPCG:  Solving for p, Initial residual = 0.00012621085, Final residual = 1.2082073e-06, No Iterations 49
DICPCG:  Solving for p, Initial residual = 1.2945023e-05, Final residual = 1.2507824e-07, No Iterations 80
DICPCG:  Solving for p, Initial residual = 4.1316784e-06, Final residual = 4.1178372e-08, No Iterations 261
DICPCG:  Solving for p, Initial residual = 2.5092161e-06, Final residual = 2.4384603e-08, No Iterations 47
time step continuity errors : sum local = 3.1869803e-10, global = 4.0586678e-12, cumulative = -1.0208761e-06
ExecutionTime = 158.98 s  ClockTime = 159 s

Time = 227

smoothSolver:  Solving for Ux, Initial residual = 1.456611e-08, Final residual = 2.0062561e-09, No Iterations 1
smoothSolver:  Solving for Uy, Initial residual = 8.9841427e-09, Final residual = 8.9841427e-09, No Iterations 0
DICPCG:  Solving for p, Initial residual = 0.00012337356, Final residual = 1.1949439e-06, No Iterations 38
DICPCG:  Solving for p, Initial residual = 1.1962924e-05, Final residual = 1.1425871e-07, No Iterations 84
DICPCG:  Solving for p, Initial residual = 3.9599666e-06, Final residual = 3.8098381e-08, No Iterations 262
DICPCG:  Solving for p, Initial residual = 2.4333617e-06, Final residual = 2.3684935e-08, No Iterations 56
time step continuity errors : sum local = 3.2236667e-10, global = 4.0755648e-12, cumulative = -1.020872e-06
ExecutionTime = 159.34 s  ClockTime = 160 s

Time = 228

smoothSolver:  Solving for Ux, Initial residual = 1.442996e-08, Final residual = 1.9911505e-09, No Iterations 1
smoothSolver:  Solving for Uy, Initial residual = 8.9701489e-09, Final residual = 8.9701489e-09, No Iterations 0
DICPCG:  Solving for p, Initial residual = 0.00012052237, Final residual = 1.1705131e-06, No Iterations 33
DICPCG:  Solving for p, Initial residual = 1.1389633e-05, Final residual = 1.0869823e-07, No Iterations 90
DICPCG:  Solving for p, Initial residual = 3.6731942e-06, Final residual = 3.3539586e-08, No Iterations 262
DICPCG:  Solving for p, Initial residual = 2.2978081e-06, Final residual = 2.2827891e-08, No Iterations 48
time step continuity errors : sum local = 3.0977999e-10, global = 4.0910208e-12, cumulative = -1.0208679e-06
ExecutionTime = 159.71 s  ClockTime = 160 s

Time = 229

smoothSolver:  Solving for Ux, Initial residual = 1.4291103e-08, Final residual = 1.9766756e-09, No Iterations 1
smoothSolver:  Solving for Uy, Initial residual = 8.9537694e-09, Final residual = 8.9537694e-09, No Iterations 0
DICPCG:  Solving for p, Initial residual = 0.0001174759, Final residual = 1.1668353e-06, No Iterations 31
DICPCG:  Solving for p, Initial residual = 1.0534682e-05, Final residual = 1.0006538e-07, No Iterations 125
DICPCG:  Solving for p, Initial residual = 3.3534735e-06, Final residual = 3.2831622e-08, No Iterations 229
DICPCG:  Solving for p, Initial residual = 2.0735275e-06, Final residual = 2.0568744e-08, No Iterations 50
time step continuity errors : sum local = 2.9308192e-10, global = 4.1048922e-12, cumulative = -1.0208638e-06
ExecutionTime = 160.06 s  ClockTime = 160 s

Time = 230

smoothSolver:  Solving for Ux, Initial residual = 1.4141547e-08, Final residual = 1.9635092e-09, No Iterations 1
smoothSolver:  Solving for Uy, Initial residual = 8.9268422e-09, Final residual = 8.9268422e-09, No Iterations 0
DICPCG:  Solving for p, Initial residual = 0.00011490072, Final residual = 1.1471165e-06, No Iterations 29
DICPCG:  Solving for p, Initial residual = 9.6690678e-06, Final residual = 8.6983638e-08, No Iterations 159
DICPCG:  Solving for p, Initial residual = 3.1116167e-06, Final residual = 3.0657962e-08, No Iterations 271
DICPCG:  Solving for p, Initial residual = 1.9083242e-06, Final residual = 1.8656058e-08, No Iterations 57
time step continuity errors : sum local = 2.8928516e-10, global = 4.1183083e-12, cumulative = -1.0208597e-06
ExecutionTime = 160.49 s  ClockTime = 161 s

surfaceFieldValue flowRateTM write:
    sum(outlet_tm) of phi = 2.5080974e-11

surfaceFieldValue flowRateTM_left write:
    sum(outlet_tm_left) of phi = 2.4919026e-11

surfaceFieldValue pressureACinlet write:
    areaAverage(ac_inlet) of p = 3.0927342

Time = 231

smoothSolver:  Solving for Ux, Initial residual = 1.4087868e-08, Final residual = 1.951445e-09, No Iterations 1
smoothSolver:  Solving for Uy, Initial residual = 8.9373235e-09, Final residual = 8.9373235e-09, No Iterations 0
DICPCG:  Solving for p, Initial residual = 0.00011286404, Final residual = 1.120461e-06, No Iterations 28
DICPCG:  Solving for p, Initial residual = 9.0722879e-06, Final residual = 8.3001729e-08, No Iterations 159
DICPCG:  Solving for p, Initial residual = 3.0890475e-06, Final residual = 3.0485135e-08, No Iterations 247
DICPCG:  Solving for p, Initial residual = 1.9399536e-06, Final residual = 1.8278059e-08, No Iterations 47
time step continuity errors : sum local = 2.7421632e-10, global = 4.1320631e-12, cumulative = -1.0208556e-06
ExecutionTime = 160.88 s  ClockTime = 161 s

Time = 232

smoothSolver:  Solving for Ux, Initial residual = 1.4067648e-08, Final residual = 1.940475e-09, No Iterations 1
smoothSolver:  Solving for Uy, Initial residual = 8.9303567e-09, Final residual = 8.9303567e-09, No Iterations 0
DICPCG:  Solving for p, Initial residual = 0.0001112564, Final residual = 1.0537871e-06, No Iterations 28
DICPCG:  Solving for p, Initial residual = 8.5281709e-06, Final residual = 8.3118521e-08, No Iterations 159
DICPCG:  Solving for p, Initial residual = 2.993984e-06, Final residual = 2.9831455e-08, No Iterations 275
DICPCG:  Solving for p, Initial residual = 1.8820091e-06, Final residual = 1.8717376e-08, No Iterations 47
time step continuity errors : sum local = 2.8134445e-10, global = 4.1472302e-12, cumulative = -1.0208514e-06
ExecutionTime = 161.3 s  ClockTime = 162 s

Time = 233

smoothSolver:  Solving for Ux, Initial residual = 1.3964846e-08, Final residual = 1.9306343e-09, No Iterations 1
smoothSolver:  Solving for Uy, Initial residual = 8.8822919e-09, Final residual = 8.8822919e-09, No Iterations 0
DICPCG:  Solving for p, Initial residual = 0.00010981907, Final residual = 1.0045606e-06, No Iterations 29
DICPCG:  Solving for p, Initial residual = 8.1154819e-06, Final residual = 7.6430149e-08, No Iterations 159
DICPCG:  Solving for p, Initial residual = 2.9454414e-06, Final residual = 2.7739812e-08, No Iterations 279
DICPCG:  Solving for p, Initial residual = 1.8285105e-06, Final residual = 1.7537166e-08, No Iterations 48
time step continuity errors : sum local = 2.6976258e-10, global = 4.1636446e-12, cumulative = -1.0208473e-06
ExecutionTime = 161.71 s  ClockTime = 162 s

Time = 234

smoothSolver:  Solving for Ux, Initial residual = 1.3838988e-08, Final residual = 1.9219202e-09, No Iterations 1
smoothSolver:  Solving for Uy, Initial residual = 8.8153134e-09, Final residual = 8.8153134e-09, No Iterations 0
DICPCG:  Solving for p, Initial residual = 0.00010839346, Final residual = 1.0463189e-06, No Iterations 31
DICPCG:  Solving for p, Initial residual = 7.9405415e-06, Final residual = 7.9350223e-08, No Iterations 108
DICPCG:  Solving for p, Initial residual = 2.917635e-06, Final residual = 2.8556001e-08, No Iterations 244
DICPCG:  Solving for p, Initial residual = 1.7786198e-06, Final residual = 1.760495e-08, No Iterations 46
time step continuity errors : sum local = 2.6937073e-10, global = 4.180721e-12, cumulative = -1.0208431e-06
ExecutionTime = 162.09 s  ClockTime = 162 s

Time = 235

smoothSolver:  Solving for Ux, Initial residual = 1.3752864e-08, Final residual = 1.9140477e-09, No Iterations 1
smoothSolver:  Solving for Uy, Initial residual = 8.7570753e-09, Final residual = 8.7570753e-09, No Iterations 0
DICPCG:  Solving for p, Initial residual = 0.00010704269, Final residual = 1.0406055e-06, No Iterations 38
DICPCG:  Solving for p, Initial residual = 7.8831756e-06, Final residual = 7.7154635e-08, No Iterations 84
DICPCG:  Solving for p, Initial residual = 2.9315953e-06, Final residual = 2.8424864e-08, No Iterations 264
DICPCG:  Solving for p, Initial residual = 1.8261248e-06, Final residual = 1.7481181e-08, No Iterations 47
time step continuity errors : sum local = 2.6730453e-10, global = 4.1981411e-12, cumulative = -1.0208389e-06
ExecutionTime = 162.46 s  ClockTime = 163 s

Time = 236

smoothSolver:  Solving for Ux, Initial residual = 1.3696693e-08, Final residual = 1.9065546e-09, No Iterations 1
smoothSolver:  Solving for Uy, Initial residual = 8.700419e-09, Final residual = 8.700419e-09, No Iterations 0
DICPCG:  Solving for p, Initial residual = 0.0001057526, Final residual = 1.0289887e-06, No Iterations 40
DICPCG:  Solving for p, Initial residual = 7.6068084e-06, Final residual = 7.396832e-08, No Iterations 86
DICPCG:  Solving for p, Initial residual = 2.8660134e-06, Final residual = 2.7666567e-08, No Iterations 263
DICPCG:  Solving for p, Initial residual = 1.806341e-06, Final residual = 1.7717363e-08, No Iterations 47
time step continuity errors : sum local = 2.6709821e-10, global = 4.2150865e-12, cumulative = -1.0208347e-06
ExecutionTime = 162.82 s  ClockTime = 163 s

Time = 237

smoothSolver:  Solving for Ux, Initial residual = 1.3651535e-08, Final residual = 1.8988882e-09, No Iterations 1
smoothSolver:  Solving for Uy, Initial residual = 8.6483762e-09, Final residual = 8.6483762e-09, No Iterations 0
DICPCG:  Solving for p, Initial residual = 0.00010470216, Final residual = 1.0377297e-06, No Iterations 35
DICPCG:  Solving for p, Initial residual = 7.2531295e-06, Final residual = 7.1623509e-08, No Iterations 88
DICPCG:  Solving for p, Initial residual = 2.8836192e-06, Final residual = 2.6686328e-08, No Iterations 263
DICPCG:  Solving for p, Initial residual = 1.7987322e-06, Final residual = 1.7949352e-08, No Iterations 48
time step continuity errors : sum local = 2.7355166e-10, global = 4.2314394e-12, cumulative = -1.0208304e-06
ExecutionTime = 163.18 s  ClockTime = 163 s

Time = 238

smoothSolver:  Solving for Ux, Initial residual = 1.3600353e-08, Final residual = 1.8906412e-09, No Iterations 1
smoothSolver:  Solving for Uy, Initial residual = 8.6016807e-09, Final residual = 8.6016807e-09, No Iterations 0
DICPCG:  Solving for p, Initial residual = 0.00010376996, Final residual = 1.005239e-06, No Iterations 33
DICPCG:  Solving for p, Initial residual = 6.9067077e-06, Final residual = 6.6859705e-08, No Iterations 306
DICPCG:  Solving for p, Initial residual = 2.9162284e-06, Final residual = 2.7882219e-08, No Iterations 46
DICPCG:  Solving for p, Initial residual = 1.6161032e-06, Final residual = 1.5951039e-08, No Iterations 49
time step continuity errors : sum local = 2.5979846e-10, global = 4.2474001e-12, cumulative = -1.0208262e-06
ExecutionTime = 163.54 s  ClockTime = 164 s

Time = 239

smoothSolver:  Solving for Ux, Initial residual = 1.3542715e-08, Final residual = 1.8816718e-09, No Iterations 1
smoothSolver:  Solving for Uy, Initial residual = 8.5597478e-09, Final residual = 8.5597478e-09, No Iterations 0
DICPCG:  Solving for p, Initial residual = 0.00010289585, Final residual = 9.9171245e-07, No Iterations 29
DICPCG:  Solving for p, Initial residual = 6.6438503e-06, Final residual = 6.290266e-08, No Iterations 307
DICPCG:  Solving for p, Initial residual = 2.8890564e-06, Final residual = 2.8824293e-08, No Iterations 43
DICPCG:  Solving for p, Initial residual = 1.6071051e-06, Final residual = 1.5773192e-08, No Iterations 47
time step continuity errors : sum local = 2.5644112e-10, global = 4.2627247e-12, cumulative = -1.0208219e-06
ExecutionTime = 163.9 s  ClockTime = 164 s

Time = 240

smoothSolver:  Solving for Ux, Initial residual = 1.3476376e-08, Final residual = 1.8720549e-09, No Iterations 1
smoothSolver:  Solving for Uy, Initial residual = 8.5217473e-09, Final residual = 8.5217473e-09, No Iterations 0
DICPCG:  Solving for p, Initial residual = 0.00010212856, Final residual = 9.6585916e-07, No Iterations 27
DICPCG:  Solving for p, Initial residual = 6.4825638e-06, Final residual = 6.4176096e-08, No Iterations 306
DICPCG:  Solving for p, Initial residual = 2.82919e-06, Final residual = 2.8203548e-08, No Iterations 45
DICPCG:  Solving for p, Initial residual = 1.596374e-06, Final residual = 1.5211547e-08, No Iterations 43
time step continuity errors : sum local = 2.4800248e-10, global = 4.2779596e-12, cumulative = -1.0208177e-06
ExecutionTime = 164.25 s  ClockTime = 165 s

surfaceFieldValue flowRateTM write:
    sum(outlet_tm) of phi = 2.5080974e-11

surfaceFieldValue flowRateTM_left write:
    sum(outlet_tm_left) of phi = 2.4919026e-11

surfaceFieldValue pressureACinlet write:
    areaAverage(ac_inlet) of p = 3.0927342

Time = 241

smoothSolver:  Solving for Ux, Initial residual = 1.3404587e-08, Final residual = 1.8621282e-09, No Iterations 1
smoothSolver:  Solving for Uy, Initial residual = 8.4863288e-09, Final residual = 8.4863288e-09, No Iterations 0
DICPCG:  Solving for p, Initial residual = 0.00010138662, Final residual = 9.2214869e-07, No Iterations 27
DICPCG:  Solving for p, Initial residual = 6.3189186e-06, Final residual = 6.1264448e-08, No Iterations 307
DICPCG:  Solving for p, Initial residual = 2.7828337e-06, Final residual = 2.5747005e-08, No Iterations 46
DICPCG:  Solving for p, Initial residual = 1.5827475e-06, Final residual = 1.5166422e-08, No Iterations 43
time step continuity errors : sum local = 2.463654e-10, global = 4.2930105e-12, cumulative = -1.0208134e-06
ExecutionTime = 164.6 s  ClockTime = 165 s

Time = 242

smoothSolver:  Solving for Ux, Initial residual = 1.3332668e-08, Final residual = 1.8522719e-09, No Iterations 1
smoothSolver:  Solving for Uy, Initial residual = 8.4521317e-09, Final residual = 8.4521317e-09, No Iterations 0
DICPCG:  Solving for p, Initial residual = 0.00010067222, Final residual = 9.9751524e-07, No Iterations 26
DICPCG:  Solving for p, Initial residual = 6.2270124e-06, Final residual = 5.749342e-08, No Iterations 308
DICPCG:  Solving for p, Initial residual = 2.723118e-06, Final residual = 2.6495391e-08, No Iterations 46
DICPCG:  Solving for p, Initial residual = 1.5557061e-06, Final residual = 1.52568e-08, No Iterations 43
time step continuity errors : sum local = 2.450606e-10, global = 4.3083557e-12, cumulative = -1.0208091e-06
ExecutionTime = 164.96 s  ClockTime = 165 s

Time = 243

smoothSolver:  Solving for Ux, Initial residual = 1.3263246e-08, Final residual = 1.8427462e-09, No Iterations 1
smoothSolver:  Solving for Uy, Initial residual = 8.4180403e-09, Final residual = 8.4180403e-09, No Iterations 0
DICPCG:  Solving for p, Initial residual = 9.9929803e-05, Final residual = 9.3879234e-07, No Iterations 27
DICPCG:  Solving for p, Initial residual = 6.1632703e-06, Final residual = 6.1157982e-08, No Iterations 307
DICPCG:  Solving for p, Initial residual = 2.7165042e-06, Final residual = 2.6976996e-08, No Iterations 46
DICPCG:  Solving for p, Initial residual = 1.5422494e-06, Final residual = 1.4992266e-08, No Iterations 46
time step continuity errors : sum local = 2.5002312e-10, global = 4.3238657e-12, cumulative = -1.0208047e-06
ExecutionTime = 165.31 s  ClockTime = 166 s


SIMPLE solution converged in 243 iterations

End


=== post-run summary ===
  nCells = N/A
nCells=41242
d_TM=1.2578e+14
IOP_AC_right=23.066 mmHg
IOP_AC_left=23.066 mmHg
IOP_AC_mean=23.066 mmHg
IOP_vitreous_mean=23.081 mmHg
delta_AC_vitreous=0.015 mmHg
Q_TM_total=5.0000e-11 m³/s (target 5.0000e-11)
Q_balance_error=0.00 %
=== doc-g1-sim1 done (M1) ===
