 Container myopenfoam-fsi-run-c18b240b4344 Creating 
 Container myopenfoam-fsi-run-c18b240b4344 Created 
=== doc-g1-sim1 (AC / vitreous / TM) MESH_LEVEL=M1 ===
=== gmshToFoam ===
/*---------------------------------------------------------------------------*\
| =========                 |                                                 |
| \\      /  F ield         | OpenFOAM: The Open Source CFD Toolbox           |
|  \\    /   O peration     | Version:  2512                                  |
|   \\  /    A nd           | Website:  www.openfoam.com                      |
|    \\/     M anipulation  |                                                 |
\*---------------------------------------------------------------------------*/
Build  : _bd2b6720-20260127 OPENFOAM=2512 version=2512
Arch   : "LSB;label=32;scalar=64"
Exec   : gmshToFoam eye_g1_lamminsalo.msh
Date   : Jul 16 2026
Time   : 01:20:33
Host   : e68ef4a73144
PID    : 227
I/O    : uncollated
Case   : /simulation/doc-g1-sim1/fluid
nProcs : 1
trapFpe: Floating point exception trapping enabled (FOAM_SIGFPE).
memory pool : not available
fileModificationChecking : Monitoring run-time modified files using timeStampMaster (fileModificationSkew 5, maxFileModificationPolls 20)
allowSystemOperations : Allowing user-supplied system call operations

// * * * * * * * * * * * * * * * * * * * * * * * * * * * * * * * * * * * * * //
Create time

Starting to read mesh format at line 2
Read format version 2.2  ascii 0

Starting to read physical names at line 5
Physical names:8
    Surface 2	ac_inlet
    Surface 3	ac_inlet_left
    Surface 4	outlet_tm
    Surface 5	outlet_tm_left
    Surface 6	lens_wall
    Surface 7	iris_wall
    Surface 8	wall
    Volume 1	fluid

Starting to read points at line 16
Vertices to be read: 42364
Vertices read:42364

Starting to read cells at line 42383
Cells to be read: 42364

Mapping region 8 to Foam patch 0
Mapping region 7 to Foam patch 1
Mapping region 4 to Foam patch 2
Mapping region 6 to Foam patch 3
Mapping region 2 to Foam patch 4
Mapping region 3 to Foam patch 5
Mapping region 5 to Foam patch 6
Mapping region 1 to Foam cellZone 0
Cells:
    total:41242
    hex  :0
    prism:41242
    pyr  :0
    tet  :0

CellZones:
Zone	Size
    0	41242

Patch 0 gets name wall
Patch 1 gets name iris_wall
Patch 2 gets name outlet_tm
Patch 3 gets name lens_wall
Patch 4 gets name ac_inlet
Patch 5 gets name ac_inlet_left
Patch 6 gets name outlet_tm_left

--> FOAM Warning : 
    From Foam::polyMesh::polyMesh(const Foam::IOobject&, Foam::pointField&&, const Foam::cellShapeList&, const Foam::faceListList&, const Foam::wordList&, const Foam::wordList&, const Foam::word&, const Foam::word&, const Foam::wordList&, bool)
    in file meshes/polyMesh/polyMeshFromShapeMesh.C at line 635
    Found 83606 undefined faces in mesh; adding to default patch defaultFaces
Finding faces of patch 0
Finding faces of patch 1
Finding faces of patch 2
Finding faces of patch 3
Finding faces of patch 4
Finding faces of patch 5
Finding faces of patch 6

FaceZones:
Zone	Size

Writing zone 0 to cellZone fluid and cellSet
End

=== topoSet zones (TM + vitreous) ===
/*---------------------------------------------------------------------------*\
| =========                 |                                                 |
| \\      /  F ield         | OpenFOAM: The Open Source CFD Toolbox           |
|  \\    /   O peration     | Version:  2512                                  |
|   \\  /    A nd           | Website:  www.openfoam.com                      |
|    \\/     M anipulation  |                                                 |
\*---------------------------------------------------------------------------*/
Build  : _bd2b6720-20260127 OPENFOAM=2512 version=2512
Arch   : "LSB;label=32;scalar=64"
Exec   : topoSet -dict system/topoSetDict.anatomical -constant
Date   : Jul 16 2026
Time   : 01:20:35
Host   : e68ef4a73144
PID    : 231
I/O    : uncollated
Case   : /simulation/doc-g1-sim1/fluid
nProcs : 1
trapFpe: Floating point exception trapping enabled (FOAM_SIGFPE).
memory pool : not available
fileModificationChecking : Monitoring run-time modified files using timeStampMaster (fileModificationSkew 5, maxFileModificationPolls 20)
allowSystemOperations : Allowing user-supplied system call operations

// * * * * * * * * * * * * * * * * * * * * * * * * * * * * * * * * * * * * * //
Create time

Create polyMesh for time = constant

Reading topoSetDict.anatomical

Time = constant
    mesh not changed.
Created cellSet tm_zone
    Applying source boxToCell
    Adding cells with centre within boxes 1((0.00645 -0.005 -1e-05) (0.00718 -0.00424 0.001001))
    cellSet tm_zone now size 69
Created cellZoneSet tm_zone
    Applying source setToCellZone
    Adding all cells from cell set: tm_zone ...
    cellZoneSet tm_zone now size 69
Created cellSet tm_zone_left
    Applying source boxToCell
    Adding cells with centre within boxes 1((-0.00718 -0.005 -1e-05) (-0.00645 -0.00424 0.001001))
    cellSet tm_zone_left now size 67
Created cellZoneSet tm_zone_left
    Applying source setToCellZone
    Adding all cells from cell set: tm_zone_left ...
    cellZoneSet tm_zone_left now size 67
Created cellSet vitreous_zone
    Applying source boxToCell
    Adding cells with centre within boxes 1((-0.008 -0.0015 -1e-05) (0.008 0.0074 0.001001))
    cellSet vitreous_zone now size 19682
Read set cellSet vitreous_zone size:19682
    Applying source boxToCell
    Removing cells with centre within boxes 1((0.00645 -0.005 -1e-05) (0.00718 -0.00424 0.001001))
    cellSet vitreous_zone now size 19682
Read set cellSet vitreous_zone size:19682
    Applying source boxToCell
    Removing cells with centre within boxes 1((-0.00718 -0.005 -1e-05) (-0.00645 -0.00424 0.001001))
    cellSet vitreous_zone now size 19682
Created cellZoneSet vitreous_zone
    Applying source setToCellZone
    Adding all cells from cell set: vitreous_zone ...
    cellZoneSet vitreous_zone now size 19682
Time = 0
    mesh not changed.
Created cellSet tm_zone
    Applying source boxToCell
    Adding cells with centre within boxes 1((0.00645 -0.005 -1e-05) (0.00718 -0.00424 0.001001))
    cellSet tm_zone now size 69
Created cellZoneSet tm_zone
    Applying source setToCellZone
    Adding all cells from cell set: tm_zone ...
    cellZoneSet tm_zone now size 69
Created cellSet tm_zone_left
    Applying source boxToCell
    Adding cells with centre within boxes 1((-0.00718 -0.005 -1e-05) (-0.00645 -0.00424 0.001001))
    cellSet tm_zone_left now size 67
Created cellZoneSet tm_zone_left
    Applying source setToCellZone
    Adding all cells from cell set: tm_zone_left ...
    cellZoneSet tm_zone_left now size 67
Created cellSet vitreous_zone
    Applying source boxToCell
    Adding cells with centre within boxes 1((-0.008 -0.0015 -1e-05) (0.008 0.0074 0.001001))
    cellSet vitreous_zone now size 19682
Read set cellSet vitreous_zone size:19682
    Applying source boxToCell
    Removing cells with centre within boxes 1((0.00645 -0.005 -1e-05) (0.00718 -0.00424 0.001001))
    cellSet vitreous_zone now size 19682
Read set cellSet vitreous_zone size:19682
    Applying source boxToCell
    Removing cells with centre within boxes 1((-0.00718 -0.005 -1e-05) (-0.00645 -0.00424 0.001001))
    cellSet vitreous_zone now size 19682
Created cellZoneSet vitreous_zone
    Applying source setToCellZone
    Adding all cells from cell set: vitreous_zone ...
    cellZoneSet vitreous_zone now size 19682
Time = 48
    mesh not changed.
Created cellSet tm_zone
    Applying source boxToCell
    Adding cells with centre within boxes 1((0.00645 -0.005 -1e-05) (0.00718 -0.00424 0.001001))
    cellSet tm_zone now size 69
Created cellZoneSet tm_zone
    Applying source setToCellZone
    Adding all cells from cell set: tm_zone ...
    cellZoneSet tm_zone now size 69
Created cellSet tm_zone_left
    Applying source boxToCell
    Adding cells with centre within boxes 1((-0.00718 -0.005 -1e-05) (-0.00645 -0.00424 0.001001))
    cellSet tm_zone_left now size 67
Created cellZoneSet tm_zone_left
    Applying source setToCellZone
    Adding all cells from cell set: tm_zone_left ...
    cellZoneSet tm_zone_left now size 67
Created cellSet vitreous_zone
    Applying source boxToCell
    Adding cells with centre within boxes 1((-0.008 -0.0015 -1e-05) (0.008 0.0074 0.001001))
    cellSet vitreous_zone now size 19682
Read set cellSet vitreous_zone size:19682
    Applying source boxToCell
    Removing cells with centre within boxes 1((0.00645 -0.005 -1e-05) (0.00718 -0.00424 0.001001))
    cellSet vitreous_zone now size 19682
Read set cellSet vitreous_zone size:19682
    Applying source boxToCell
    Removing cells with centre within boxes 1((-0.00718 -0.005 -1e-05) (-0.00645 -0.00424 0.001001))
    cellSet vitreous_zone now size 19682
Created cellZoneSet vitreous_zone
    Applying source setToCellZone
    Adding all cells from cell set: vitreous_zone ...
    cellZoneSet vitreous_zone now size 19682
Time = 50
    mesh not changed.
Created cellSet tm_zone
    Applying source boxToCell
    Adding cells with centre within boxes 1((0.00645 -0.005 -1e-05) (0.00718 -0.00424 0.001001))
    cellSet tm_zone now size 69
Created cellZoneSet tm_zone
    Applying source setToCellZone
    Adding all cells from cell set: tm_zone ...
    cellZoneSet tm_zone now size 69
Created cellSet tm_zone_left
    Applying source boxToCell
    Adding cells with centre within boxes 1((-0.00718 -0.005 -1e-05) (-0.00645 -0.00424 0.001001))
    cellSet tm_zone_left now size 67
Created cellZoneSet tm_zone_left
    Applying source setToCellZone
    Adding all cells from cell set: tm_zone_left ...
    cellZoneSet tm_zone_left now size 67
Created cellSet vitreous_zone
    Applying source boxToCell
    Adding cells with centre within boxes 1((-0.008 -0.0015 -1e-05) (0.008 0.0074 0.001001))
    cellSet vitreous_zone now size 19682
Read set cellSet vitreous_zone size:19682
    Applying source boxToCell
    Removing cells with centre within boxes 1((0.00645 -0.005 -1e-05) (0.00718 -0.00424 0.001001))
    cellSet vitreous_zone now size 19682
Read set cellSet vitreous_zone size:19682
    Applying source boxToCell
    Removing cells with centre within boxes 1((-0.00718 -0.005 -1e-05) (-0.00645 -0.00424 0.001001))
    cellSet vitreous_zone now size 19682
Created cellZoneSet vitreous_zone
    Applying source setToCellZone
    Adding all cells from cell set: vitreous_zone ...
    cellZoneSet vitreous_zone now size 19682
Time = 76
    mesh not changed.
Created cellSet tm_zone
    Applying source boxToCell
    Adding cells with centre within boxes 1((0.00645 -0.005 -1e-05) (0.00718 -0.00424 0.001001))
    cellSet tm_zone now size 69
Created cellZoneSet tm_zone
    Applying source setToCellZone
    Adding all cells from cell set: tm_zone ...
    cellZoneSet tm_zone now size 69
Created cellSet tm_zone_left
    Applying source boxToCell
    Adding cells with centre within boxes 1((-0.00718 -0.005 -1e-05) (-0.00645 -0.00424 0.001001))
    cellSet tm_zone_left now size 67
Created cellZoneSet tm_zone_left
    Applying source setToCellZone
    Adding all cells from cell set: tm_zone_left ...
    cellZoneSet tm_zone_left now size 67
Created cellSet vitreous_zone
    Applying source boxToCell
    Adding cells with centre within boxes 1((-0.008 -0.0015 -1e-05) (0.008 0.0074 0.001001))
    cellSet vitreous_zone now size 19682
Read set cellSet vitreous_zone size:19682
    Applying source boxToCell
    Removing cells with centre within boxes 1((0.00645 -0.005 -1e-05) (0.00718 -0.00424 0.001001))
    cellSet vitreous_zone now size 19682
Read set cellSet vitreous_zone size:19682
    Applying source boxToCell
    Removing cells with centre within boxes 1((-0.00718 -0.005 -1e-05) (-0.00645 -0.00424 0.001001))
    cellSet vitreous_zone now size 19682
Created cellZoneSet vitreous_zone
    Applying source setToCellZone
    Adding all cells from cell set: vitreous_zone ...
    cellZoneSet vitreous_zone now size 19682
Time = 90
    mesh not changed.
Created cellSet tm_zone
    Applying source boxToCell
    Adding cells with centre within boxes 1((0.00645 -0.005 -1e-05) (0.00718 -0.00424 0.001001))
    cellSet tm_zone now size 69
Created cellZoneSet tm_zone
    Applying source setToCellZone
    Adding all cells from cell set: tm_zone ...
    cellZoneSet tm_zone now size 69
Created cellSet tm_zone_left
    Applying source boxToCell
    Adding cells with centre within boxes 1((-0.00718 -0.005 -1e-05) (-0.00645 -0.00424 0.001001))
    cellSet tm_zone_left now size 67
Created cellZoneSet tm_zone_left
    Applying source setToCellZone
    Adding all cells from cell set: tm_zone_left ...
    cellZoneSet tm_zone_left now size 67
Created cellSet vitreous_zone
    Applying source boxToCell
    Adding cells with centre within boxes 1((-0.008 -0.0015 -1e-05) (0.008 0.0074 0.001001))
    cellSet vitreous_zone now size 19682
Read set cellSet vitreous_zone size:19682
    Applying source boxToCell
    Removing cells with centre within boxes 1((0.00645 -0.005 -1e-05) (0.00718 -0.00424 0.001001))
    cellSet vitreous_zone now size 19682
Read set cellSet vitreous_zone size:19682
    Applying source boxToCell
    Removing cells with centre within boxes 1((-0.00718 -0.005 -1e-05) (-0.00645 -0.00424 0.001001))
    cellSet vitreous_zone now size 19682
Created cellZoneSet vitreous_zone
    Applying source setToCellZone
    Adding all cells from cell set: vitreous_zone ...
    cellZoneSet vitreous_zone now size 19682
Time = 98
    mesh not changed.
Created cellSet tm_zone
    Applying source boxToCell
    Adding cells with centre within boxes 1((0.00645 -0.005 -1e-05) (0.00718 -0.00424 0.001001))
    cellSet tm_zone now size 69
Created cellZoneSet tm_zone
    Applying source setToCellZone
    Adding all cells from cell set: tm_zone ...
    cellZoneSet tm_zone now size 69
Created cellSet tm_zone_left
    Applying source boxToCell
    Adding cells with centre within boxes 1((-0.00718 -0.005 -1e-05) (-0.00645 -0.00424 0.001001))
    cellSet tm_zone_left now size 67
Created cellZoneSet tm_zone_left
    Applying source setToCellZone
    Adding all cells from cell set: tm_zone_left ...
    cellZoneSet tm_zone_left now size 67
Created cellSet vitreous_zone
    Applying source boxToCell
    Adding cells with centre within boxes 1((-0.008 -0.0015 -1e-05) (0.008 0.0074 0.001001))
    cellSet vitreous_zone now size 19682
Read set cellSet vitreous_zone size:19682
    Applying source boxToCell
    Removing cells with centre within boxes 1((0.00645 -0.005 -1e-05) (0.00718 -0.00424 0.001001))
    cellSet vitreous_zone now size 19682
Read set cellSet vitreous_zone size:19682
    Applying source boxToCell
    Removing cells with centre within boxes 1((-0.00718 -0.005 -1e-05) (-0.00645 -0.00424 0.001001))
    cellSet vitreous_zone now size 19682
Created cellZoneSet vitreous_zone
    Applying source setToCellZone
    Adding all cells from cell set: vitreous_zone ...
    cellZoneSet vitreous_zone now size 19682
Time = 100
    mesh not changed.
Created cellSet tm_zone
    Applying source boxToCell
    Adding cells with centre within boxes 1((0.00645 -0.005 -1e-05) (0.00718 -0.00424 0.001001))
    cellSet tm_zone now size 69
Created cellZoneSet tm_zone
    Applying source setToCellZone
    Adding all cells from cell set: tm_zone ...
    cellZoneSet tm_zone now size 69
Created cellSet tm_zone_left
    Applying source boxToCell
    Adding cells with centre within boxes 1((-0.00718 -0.005 -1e-05) (-0.00645 -0.00424 0.001001))
    cellSet tm_zone_left now size 67
Created cellZoneSet tm_zone_left
    Applying source setToCellZone
    Adding all cells from cell set: tm_zone_left ...
    cellZoneSet tm_zone_left now size 67
Created cellSet vitreous_zone
    Applying source boxToCell
    Adding cells with centre within boxes 1((-0.008 -0.0015 -1e-05) (0.008 0.0074 0.001001))
    cellSet vitreous_zone now size 19682
Read set cellSet vitreous_zone size:19682
    Applying source boxToCell
    Removing cells with centre within boxes 1((0.00645 -0.005 -1e-05) (0.00718 -0.00424 0.001001))
    cellSet vitreous_zone now size 19682
Read set cellSet vitreous_zone size:19682
    Applying source boxToCell
    Removing cells with centre within boxes 1((-0.00718 -0.005 -1e-05) (-0.00645 -0.00424 0.001001))
    cellSet vitreous_zone now size 19682
Created cellZoneSet vitreous_zone
    Applying source setToCellZone
    Adding all cells from cell set: vitreous_zone ...
    cellZoneSet vitreous_zone now size 19682
Time = 107
    mesh not changed.
Created cellSet tm_zone
    Applying source boxToCell
    Adding cells with centre within boxes 1((0.00645 -0.005 -1e-05) (0.00718 -0.00424 0.001001))
    cellSet tm_zone now size 69
Created cellZoneSet tm_zone
    Applying source setToCellZone
    Adding all cells from cell set: tm_zone ...
    cellZoneSet tm_zone now size 69
Created cellSet tm_zone_left
    Applying source boxToCell
    Adding cells with centre within boxes 1((-0.00718 -0.005 -1e-05) (-0.00645 -0.00424 0.001001))
    cellSet tm_zone_left now size 67
Created cellZoneSet tm_zone_left
    Applying source setToCellZone
    Adding all cells from cell set: tm_zone_left ...
    cellZoneSet tm_zone_left now size 67
Created cellSet vitreous_zone
    Applying source boxToCell
    Adding cells with centre within boxes 1((-0.008 -0.0015 -1e-05) (0.008 0.0074 0.001001))
    cellSet vitreous_zone now size 19682
Read set cellSet vitreous_zone size:19682
    Applying source boxToCell
    Removing cells with centre within boxes 1((0.00645 -0.005 -1e-05) (0.00718 -0.00424 0.001001))
    cellSet vitreous_zone now size 19682
Read set cellSet vitreous_zone size:19682
    Applying source boxToCell
    Removing cells with centre within boxes 1((-0.00718 -0.005 -1e-05) (-0.00645 -0.00424 0.001001))
    cellSet vitreous_zone now size 19682
Created cellZoneSet vitreous_zone
    Applying source setToCellZone
    Adding all cells from cell set: vitreous_zone ...
    cellZoneSet vitreous_zone now size 19682
Time = 150
    mesh not changed.
Created cellSet tm_zone
    Applying source boxToCell
    Adding cells with centre within boxes 1((0.00645 -0.005 -1e-05) (0.00718 -0.00424 0.001001))
    cellSet tm_zone now size 69
Created cellZoneSet tm_zone
    Applying source setToCellZone
    Adding all cells from cell set: tm_zone ...
    cellZoneSet tm_zone now size 69
Created cellSet tm_zone_left
    Applying source boxToCell
    Adding cells with centre within boxes 1((-0.00718 -0.005 -1e-05) (-0.00645 -0.00424 0.001001))
    cellSet tm_zone_left now size 67
Created cellZoneSet tm_zone_left
    Applying source setToCellZone
    Adding all cells from cell set: tm_zone_left ...
    cellZoneSet tm_zone_left now size 67
Created cellSet vitreous_zone
    Applying source boxToCell
    Adding cells with centre within boxes 1((-0.008 -0.0015 -1e-05) (0.008 0.0074 0.001001))
    cellSet vitreous_zone now size 19682
Read set cellSet vitreous_zone size:19682
    Applying source boxToCell
    Removing cells with centre within boxes 1((0.00645 -0.005 -1e-05) (0.00718 -0.00424 0.001001))
    cellSet vitreous_zone now size 19682
Read set cellSet vitreous_zone size:19682
    Applying source boxToCell
    Removing cells with centre within boxes 1((-0.00718 -0.005 -1e-05) (-0.00645 -0.00424 0.001001))
    cellSet vitreous_zone now size 19682
Created cellZoneSet vitreous_zone
    Applying source setToCellZone
    Adding all cells from cell set: vitreous_zone ...
    cellZoneSet vitreous_zone now size 19682
Time = 200
    mesh not changed.
Created cellSet tm_zone
    Applying source boxToCell
    Adding cells with centre within boxes 1((0.00645 -0.005 -1e-05) (0.00718 -0.00424 0.001001))
    cellSet tm_zone now size 69
Created cellZoneSet tm_zone
    Applying source setToCellZone
    Adding all cells from cell set: tm_zone ...
    cellZoneSet tm_zone now size 69
Created cellSet tm_zone_left
    Applying source boxToCell
    Adding cells with centre within boxes 1((-0.00718 -0.005 -1e-05) (-0.00645 -0.00424 0.001001))
    cellSet tm_zone_left now size 67
Created cellZoneSet tm_zone_left
    Applying source setToCellZone
    Adding all cells from cell set: tm_zone_left ...
    cellZoneSet tm_zone_left now size 67
Created cellSet vitreous_zone
    Applying source boxToCell
    Adding cells with centre within boxes 1((-0.008 -0.0015 -1e-05) (0.008 0.0074 0.001001))
    cellSet vitreous_zone now size 19682
Read set cellSet vitreous_zone size:19682
    Applying source boxToCell
    Removing cells with centre within boxes 1((0.00645 -0.005 -1e-05) (0.00718 -0.00424 0.001001))
    cellSet vitreous_zone now size 19682
Read set cellSet vitreous_zone size:19682
    Applying source boxToCell
    Removing cells with centre within boxes 1((-0.00718 -0.005 -1e-05) (-0.00645 -0.00424 0.001001))
    cellSet vitreous_zone now size 19682
Created cellZoneSet vitreous_zone
    Applying source setToCellZone
    Adding all cells from cell set: vitreous_zone ...
    cellZoneSet vitreous_zone now size 19682
Time = 245
    mesh not changed.
Created cellSet tm_zone
    Applying source boxToCell
    Adding cells with centre within boxes 1((0.00645 -0.005 -1e-05) (0.00718 -0.00424 0.001001))
    cellSet tm_zone now size 69
Created cellZoneSet tm_zone
    Applying source setToCellZone
    Adding all cells from cell set: tm_zone ...
    cellZoneSet tm_zone now size 69
Created cellSet tm_zone_left
    Applying source boxToCell
    Adding cells with centre within boxes 1((-0.00718 -0.005 -1e-05) (-0.00645 -0.00424 0.001001))
    cellSet tm_zone_left now size 67
Created cellZoneSet tm_zone_left
    Applying source setToCellZone
    Adding all cells from cell set: tm_zone_left ...
    cellZoneSet tm_zone_left now size 67
Created cellSet vitreous_zone
    Applying source boxToCell
    Adding cells with centre within boxes 1((-0.008 -0.0015 -1e-05) (0.008 0.0074 0.001001))
    cellSet vitreous_zone now size 19682
Read set cellSet vitreous_zone size:19682
    Applying source boxToCell
    Removing cells with centre within boxes 1((0.00645 -0.005 -1e-05) (0.00718 -0.00424 0.001001))
    cellSet vitreous_zone now size 19682
Read set cellSet vitreous_zone size:19682
    Applying source boxToCell
    Removing cells with centre within boxes 1((-0.00718 -0.005 -1e-05) (-0.00645 -0.00424 0.001001))
    cellSet vitreous_zone now size 19682
Created cellZoneSet vitreous_zone
    Applying source setToCellZone
    Adding all cells from cell set: vitreous_zone ...
    cellZoneSet vitreous_zone now size 19682
Time = 250
    mesh not changed.
Created cellSet tm_zone
    Applying source boxToCell
    Adding cells with centre within boxes 1((0.00645 -0.005 -1e-05) (0.00718 -0.00424 0.001001))
    cellSet tm_zone now size 69
Created cellZoneSet tm_zone
    Applying source setToCellZone
    Adding all cells from cell set: tm_zone ...
    cellZoneSet tm_zone now size 69
Created cellSet tm_zone_left
    Applying source boxToCell
    Adding cells with centre within boxes 1((-0.00718 -0.005 -1e-05) (-0.00645 -0.00424 0.001001))
    cellSet tm_zone_left now size 67
Created cellZoneSet tm_zone_left
    Applying source setToCellZone
    Adding all cells from cell set: tm_zone_left ...
    cellZoneSet tm_zone_left now size 67
Created cellSet vitreous_zone
    Applying source boxToCell
    Adding cells with centre within boxes 1((-0.008 -0.0015 -1e-05) (0.008 0.0074 0.001001))
    cellSet vitreous_zone now size 19682
Read set cellSet vitreous_zone size:19682
    Applying source boxToCell
    Removing cells with centre within boxes 1((0.00645 -0.005 -1e-05) (0.00718 -0.00424 0.001001))
    cellSet vitreous_zone now size 19682
Read set cellSet vitreous_zone size:19682
    Applying source boxToCell
    Removing cells with centre within boxes 1((-0.00718 -0.005 -1e-05) (-0.00645 -0.00424 0.001001))
    cellSet vitreous_zone now size 19682
Created cellZoneSet vitreous_zone
    Applying source setToCellZone
    Adding all cells from cell set: vitreous_zone ...
    cellZoneSet vitreous_zone now size 19682
Time = 300
    mesh not changed.
Created cellSet tm_zone
    Applying source boxToCell
    Adding cells with centre within boxes 1((0.00645 -0.005 -1e-05) (0.00718 -0.00424 0.001001))
    cellSet tm_zone now size 69
Created cellZoneSet tm_zone
    Applying source setToCellZone
    Adding all cells from cell set: tm_zone ...
    cellZoneSet tm_zone now size 69
Created cellSet tm_zone_left
    Applying source boxToCell
    Adding cells with centre within boxes 1((-0.00718 -0.005 -1e-05) (-0.00645 -0.00424 0.001001))
    cellSet tm_zone_left now size 67
Created cellZoneSet tm_zone_left
    Applying source setToCellZone
    Adding all cells from cell set: tm_zone_left ...
    cellZoneSet tm_zone_left now size 67
Created cellSet vitreous_zone
    Applying source boxToCell
    Adding cells with centre within boxes 1((-0.008 -0.0015 -1e-05) (0.008 0.0074 0.001001))
    cellSet vitreous_zone now size 19682
Read set cellSet vitreous_zone size:19682
    Applying source boxToCell
    Removing cells with centre within boxes 1((0.00645 -0.005 -1e-05) (0.00718 -0.00424 0.001001))
    cellSet vitreous_zone now size 19682
Read set cellSet vitreous_zone size:19682
    Applying source boxToCell
    Removing cells with centre within boxes 1((-0.00718 -0.005 -1e-05) (-0.00645 -0.00424 0.001001))
    cellSet vitreous_zone now size 19682
Created cellZoneSet vitreous_zone
    Applying source setToCellZone
    Adding all cells from cell set: vitreous_zone ...
    cellZoneSet vitreous_zone now size 19682
Time = 350
    mesh not changed.
Created cellSet tm_zone
    Applying source boxToCell
    Adding cells with centre within boxes 1((0.00645 -0.005 -1e-05) (0.00718 -0.00424 0.001001))
    cellSet tm_zone now size 69
Created cellZoneSet tm_zone
    Applying source setToCellZone
    Adding all cells from cell set: tm_zone ...
    cellZoneSet tm_zone now size 69
Created cellSet tm_zone_left
    Applying source boxToCell
    Adding cells with centre within boxes 1((-0.00718 -0.005 -1e-05) (-0.00645 -0.00424 0.001001))
    cellSet tm_zone_left now size 67
Created cellZoneSet tm_zone_left
    Applying source setToCellZone
    Adding all cells from cell set: tm_zone_left ...
    cellZoneSet tm_zone_left now size 67
Created cellSet vitreous_zone
    Applying source boxToCell
    Adding cells with centre within boxes 1((-0.008 -0.0015 -1e-05) (0.008 0.0074 0.001001))
    cellSet vitreous_zone now size 19682
Read set cellSet vitreous_zone size:19682
    Applying source boxToCell
    Removing cells with centre within boxes 1((0.00645 -0.005 -1e-05) (0.00718 -0.00424 0.001001))
    cellSet vitreous_zone now size 19682
Read set cellSet vitreous_zone size:19682
    Applying source boxToCell
    Removing cells with centre within boxes 1((-0.00718 -0.005 -1e-05) (-0.00645 -0.00424 0.001001))
    cellSet vitreous_zone now size 19682
Created cellZoneSet vitreous_zone
    Applying source setToCellZone
    Adding all cells from cell set: vitreous_zone ...
    cellZoneSet vitreous_zone now size 19682
Time = 400
    mesh not changed.
Created cellSet tm_zone
    Applying source boxToCell
    Adding cells with centre within boxes 1((0.00645 -0.005 -1e-05) (0.00718 -0.00424 0.001001))
    cellSet tm_zone now size 69
Created cellZoneSet tm_zone
    Applying source setToCellZone
    Adding all cells from cell set: tm_zone ...
    cellZoneSet tm_zone now size 69
Created cellSet tm_zone_left
    Applying source boxToCell
    Adding cells with centre within boxes 1((-0.00718 -0.005 -1e-05) (-0.00645 -0.00424 0.001001))
    cellSet tm_zone_left now size 67
Created cellZoneSet tm_zone_left
    Applying source setToCellZone
    Adding all cells from cell set: tm_zone_left ...
    cellZoneSet tm_zone_left now size 67
Created cellSet vitreous_zone
    Applying source boxToCell
    Adding cells with centre within boxes 1((-0.008 -0.0015 -1e-05) (0.008 0.0074 0.001001))
    cellSet vitreous_zone now size 19682
Read set cellSet vitreous_zone size:19682
    Applying source boxToCell
    Removing cells with centre within boxes 1((0.00645 -0.005 -1e-05) (0.00718 -0.00424 0.001001))
    cellSet vitreous_zone now size 19682
Read set cellSet vitreous_zone size:19682
    Applying source boxToCell
    Removing cells with centre within boxes 1((-0.00718 -0.005 -1e-05) (-0.00645 -0.00424 0.001001))
    cellSet vitreous_zone now size 19682
Created cellZoneSet vitreous_zone
    Applying source setToCellZone
    Adding all cells from cell set: vitreous_zone ...
    cellZoneSet vitreous_zone now size 19682
Time = 450
    mesh not changed.
Created cellSet tm_zone
    Applying source boxToCell
    Adding cells with centre within boxes 1((0.00645 -0.005 -1e-05) (0.00718 -0.00424 0.001001))
    cellSet tm_zone now size 69
Created cellZoneSet tm_zone
    Applying source setToCellZone
    Adding all cells from cell set: tm_zone ...
    cellZoneSet tm_zone now size 69
Created cellSet tm_zone_left
    Applying source boxToCell
    Adding cells with centre within boxes 1((-0.00718 -0.005 -1e-05) (-0.00645 -0.00424 0.001001))
    cellSet tm_zone_left now size 67
Created cellZoneSet tm_zone_left
    Applying source setToCellZone
    Adding all cells from cell set: tm_zone_left ...
    cellZoneSet tm_zone_left now size 67
Created cellSet vitreous_zone
    Applying source boxToCell
    Adding cells with centre within boxes 1((-0.008 -0.0015 -1e-05) (0.008 0.0074 0.001001))
    cellSet vitreous_zone now size 19682
Read set cellSet vitreous_zone size:19682
    Applying source boxToCell
    Removing cells with centre within boxes 1((0.00645 -0.005 -1e-05) (0.00718 -0.00424 0.001001))
    cellSet vitreous_zone now size 19682
Read set cellSet vitreous_zone size:19682
    Applying source boxToCell
    Removing cells with centre within boxes 1((-0.00718 -0.005 -1e-05) (-0.00645 -0.00424 0.001001))
    cellSet vitreous_zone now size 19682
Created cellZoneSet vitreous_zone
    Applying source setToCellZone
    Adding all cells from cell set: vitreous_zone ...
    cellZoneSet vitreous_zone now size 19682
Time = 500
    mesh not changed.
Created cellSet tm_zone
    Applying source boxToCell
    Adding cells with centre within boxes 1((0.00645 -0.005 -1e-05) (0.00718 -0.00424 0.001001))
    cellSet tm_zone now size 69
Created cellZoneSet tm_zone
    Applying source setToCellZone
    Adding all cells from cell set: tm_zone ...
    cellZoneSet tm_zone now size 69
Created cellSet tm_zone_left
    Applying source boxToCell
    Adding cells with centre within boxes 1((-0.00718 -0.005 -1e-05) (-0.00645 -0.00424 0.001001))
    cellSet tm_zone_left now size 67
Created cellZoneSet tm_zone_left
    Applying source setToCellZone
    Adding all cells from cell set: tm_zone_left ...
    cellZoneSet tm_zone_left now size 67
Created cellSet vitreous_zone
    Applying source boxToCell
    Adding cells with centre within boxes 1((-0.008 -0.0015 -1e-05) (0.008 0.0074 0.001001))
    cellSet vitreous_zone now size 19682
Read set cellSet vitreous_zone size:19682
    Applying source boxToCell
    Removing cells with centre within boxes 1((0.00645 -0.005 -1e-05) (0.00718 -0.00424 0.001001))
    cellSet vitreous_zone now size 19682
Read set cellSet vitreous_zone size:19682
    Applying source boxToCell
    Removing cells with centre within boxes 1((-0.00718 -0.005 -1e-05) (-0.00645 -0.00424 0.001001))
    cellSet vitreous_zone now size 19682
Created cellZoneSet vitreous_zone
    Applying source setToCellZone
    Adding all cells from cell set: vitreous_zone ...
    cellZoneSet vitreous_zone now size 19682

End

=== createPatch (front/back + outlets + inlets) ===
/*---------------------------------------------------------------------------*\
| =========                 |                                                 |
| \\      /  F ield         | OpenFOAM: The Open Source CFD Toolbox           |
|  \\    /   O peration     | Version:  2512                                  |
|   \\  /    A nd           | Website:  www.openfoam.com                      |
|    \\/     M anipulation  |                                                 |
\*---------------------------------------------------------------------------*/
Build  : _bd2b6720-20260127 OPENFOAM=2512 version=2512
Arch   : "LSB;label=32;scalar=64"
Exec   : topoSet -dict system/topoSetDict.frontBack -constant
Date   : Jul 16 2026
Time   : 01:20:38
Host   : e68ef4a73144
PID    : 234
I/O    : uncollated
Case   : /simulation/doc-g1-sim1/fluid
nProcs : 1
trapFpe: Floating point exception trapping enabled (FOAM_SIGFPE).
memory pool : not available
fileModificationChecking : Monitoring run-time modified files using timeStampMaster (fileModificationSkew 5, maxFileModificationPolls 20)
allowSystemOperations : Allowing user-supplied system call operations

// * * * * * * * * * * * * * * * * * * * * * * * * * * * * * * * * * * * * * //
Create time

Create polyMesh for time = constant

Reading topoSetDict.frontBack

Time = constant
    mesh not changed.
Created faceSet frontFaces
    Applying source patchToFace
    Adding all faces of patches: (defaultFaces) ...
    Found matching patch defaultFaces with 82484 faces
    faceSet frontFaces now size 82484
Read set faceSet frontFaces size:82484
    Applying source normalToFace
    Adding faces according to normal being aligned with (0 0 1) (to within 0.1) ...
    faceSet frontFaces now size 41242
Created faceSet backFaces
    Applying source patchToFace
    Adding all faces of patches: (defaultFaces) ...
    Found matching patch defaultFaces with 82484 faces
    faceSet backFaces now size 82484
Read set faceSet backFaces size:82484
    Applying source normalToFace
    Adding faces according to normal being aligned with (0 0 -1) (to within 0.1) ...
    faceSet backFaces now size 41242
Time = 0
    mesh not changed.
Created faceSet frontFaces
    Applying source patchToFace
    Adding all faces of patches: (defaultFaces) ...
    Found matching patch defaultFaces with 82484 faces
    faceSet frontFaces now size 82484
Read set faceSet frontFaces size:82484
    Applying source normalToFace
    Adding faces according to normal being aligned with (0 0 1) (to within 0.1) ...
    faceSet frontFaces now size 41242
Created faceSet backFaces
    Applying source patchToFace
    Adding all faces of patches: (defaultFaces) ...
    Found matching patch defaultFaces with 82484 faces
    faceSet backFaces now size 82484
Read set faceSet backFaces size:82484
    Applying source normalToFace
    Adding faces according to normal being aligned with (0 0 -1) (to within 0.1) ...
    faceSet backFaces now size 41242
Time = 48
    mesh not changed.
Created faceSet frontFaces
    Applying source patchToFace
    Adding all faces of patches: (defaultFaces) ...
    Found matching patch defaultFaces with 82484 faces
    faceSet frontFaces now size 82484
Read set faceSet frontFaces size:82484
    Applying source normalToFace
    Adding faces according to normal being aligned with (0 0 1) (to within 0.1) ...
    faceSet frontFaces now size 41242
Created faceSet backFaces
    Applying source patchToFace
    Adding all faces of patches: (defaultFaces) ...
    Found matching patch defaultFaces with 82484 faces
    faceSet backFaces now size 82484
Read set faceSet backFaces size:82484
    Applying source normalToFace
    Adding faces according to normal being aligned with (0 0 -1) (to within 0.1) ...
    faceSet backFaces now size 41242
Time = 50
    mesh not changed.
Created faceSet frontFaces
    Applying source patchToFace
    Adding all faces of patches: (defaultFaces) ...
    Found matching patch defaultFaces with 82484 faces
    faceSet frontFaces now size 82484
Read set faceSet frontFaces size:82484
    Applying source normalToFace
    Adding faces according to normal being aligned with (0 0 1) (to within 0.1) ...
    faceSet frontFaces now size 41242
Created faceSet backFaces
    Applying source patchToFace
    Adding all faces of patches: (defaultFaces) ...
    Found matching patch defaultFaces with 82484 faces
    faceSet backFaces now size 82484
Read set faceSet backFaces size:82484
    Applying source normalToFace
    Adding faces according to normal being aligned with (0 0 -1) (to within 0.1) ...
    faceSet backFaces now size 41242
Time = 76
    mesh not changed.
Created faceSet frontFaces
    Applying source patchToFace
    Adding all faces of patches: (defaultFaces) ...
    Found matching patch defaultFaces with 82484 faces
    faceSet frontFaces now size 82484
Read set faceSet frontFaces size:82484
    Applying source normalToFace
    Adding faces according to normal being aligned with (0 0 1) (to within 0.1) ...
    faceSet frontFaces now size 41242
Created faceSet backFaces
    Applying source patchToFace
    Adding all faces of patches: (defaultFaces) ...
    Found matching patch defaultFaces with 82484 faces
    faceSet backFaces now size 82484
Read set faceSet backFaces size:82484
    Applying source normalToFace
    Adding faces according to normal being aligned with (0 0 -1) (to within 0.1) ...
    faceSet backFaces now size 41242
Time = 90
    mesh not changed.
Created faceSet frontFaces
    Applying source patchToFace
    Adding all faces of patches: (defaultFaces) ...
    Found matching patch defaultFaces with 82484 faces
    faceSet frontFaces now size 82484
Read set faceSet frontFaces size:82484
    Applying source normalToFace
    Adding faces according to normal being aligned with (0 0 1) (to within 0.1) ...
    faceSet frontFaces now size 41242
Created faceSet backFaces
    Applying source patchToFace
    Adding all faces of patches: (defaultFaces) ...
    Found matching patch defaultFaces with 82484 faces
    faceSet backFaces now size 82484
Read set faceSet backFaces size:82484
    Applying source normalToFace
    Adding faces according to normal being aligned with (0 0 -1) (to within 0.1) ...
    faceSet backFaces now size 41242
Time = 98
    mesh not changed.
Created faceSet frontFaces
    Applying source patchToFace
    Adding all faces of patches: (defaultFaces) ...
    Found matching patch defaultFaces with 82484 faces
    faceSet frontFaces now size 82484
Read set faceSet frontFaces size:82484
    Applying source normalToFace
    Adding faces according to normal being aligned with (0 0 1) (to within 0.1) ...
    faceSet frontFaces now size 41242
Created faceSet backFaces
    Applying source patchToFace
    Adding all faces of patches: (defaultFaces) ...
    Found matching patch defaultFaces with 82484 faces
    faceSet backFaces now size 82484
Read set faceSet backFaces size:82484
    Applying source normalToFace
    Adding faces according to normal being aligned with (0 0 -1) (to within 0.1) ...
    faceSet backFaces now size 41242
Time = 100
    mesh not changed.
Created faceSet frontFaces
    Applying source patchToFace
    Adding all faces of patches: (defaultFaces) ...
    Found matching patch defaultFaces with 82484 faces
    faceSet frontFaces now size 82484
Read set faceSet frontFaces size:82484
    Applying source normalToFace
    Adding faces according to normal being aligned with (0 0 1) (to within 0.1) ...
    faceSet frontFaces now size 41242
Created faceSet backFaces
    Applying source patchToFace
    Adding all faces of patches: (defaultFaces) ...
    Found matching patch defaultFaces with 82484 faces
    faceSet backFaces now size 82484
Read set faceSet backFaces size:82484
    Applying source normalToFace
    Adding faces according to normal being aligned with (0 0 -1) (to within 0.1) ...
    faceSet backFaces now size 41242
Time = 107
    mesh not changed.
Created faceSet frontFaces
    Applying source patchToFace
    Adding all faces of patches: (defaultFaces) ...
    Found matching patch defaultFaces with 82484 faces
    faceSet frontFaces now size 82484
Read set faceSet frontFaces size:82484
    Applying source normalToFace
    Adding faces according to normal being aligned with (0 0 1) (to within 0.1) ...
    faceSet frontFaces now size 41242
Created faceSet backFaces
    Applying source patchToFace
    Adding all faces of patches: (defaultFaces) ...
    Found matching patch defaultFaces with 82484 faces
    faceSet backFaces now size 82484
Read set faceSet backFaces size:82484
    Applying source normalToFace
    Adding faces according to normal being aligned with (0 0 -1) (to within 0.1) ...
    faceSet backFaces now size 41242
Time = 150
    mesh not changed.
Created faceSet frontFaces
    Applying source patchToFace
    Adding all faces of patches: (defaultFaces) ...
    Found matching patch defaultFaces with 82484 faces
    faceSet frontFaces now size 82484
Read set faceSet frontFaces size:82484
    Applying source normalToFace
    Adding faces according to normal being aligned with (0 0 1) (to within 0.1) ...
    faceSet frontFaces now size 41242
Created faceSet backFaces
    Applying source patchToFace
    Adding all faces of patches: (defaultFaces) ...
    Found matching patch defaultFaces with 82484 faces
    faceSet backFaces now size 82484
Read set faceSet backFaces size:82484
    Applying source normalToFace
    Adding faces according to normal being aligned with (0 0 -1) (to within 0.1) ...
    faceSet backFaces now size 41242
Time = 200
    mesh not changed.
Created faceSet frontFaces
    Applying source patchToFace
    Adding all faces of patches: (defaultFaces) ...
    Found matching patch defaultFaces with 82484 faces
    faceSet frontFaces now size 82484
Read set faceSet frontFaces size:82484
    Applying source normalToFace
    Adding faces according to normal being aligned with (0 0 1) (to within 0.1) ...
    faceSet frontFaces now size 41242
Created faceSet backFaces
    Applying source patchToFace
    Adding all faces of patches: (defaultFaces) ...
    Found matching patch defaultFaces with 82484 faces
    faceSet backFaces now size 82484
Read set faceSet backFaces size:82484
    Applying source normalToFace
    Adding faces according to normal being aligned with (0 0 -1) (to within 0.1) ...
    faceSet backFaces now size 41242
Time = 245
    mesh not changed.
Created faceSet frontFaces
    Applying source patchToFace
    Adding all faces of patches: (defaultFaces) ...
    Found matching patch defaultFaces with 82484 faces
    faceSet frontFaces now size 82484
Read set faceSet frontFaces size:82484
    Applying source normalToFace
    Adding faces according to normal being aligned with (0 0 1) (to within 0.1) ...
    faceSet frontFaces now size 41242
Created faceSet backFaces
    Applying source patchToFace
    Adding all faces of patches: (defaultFaces) ...
    Found matching patch defaultFaces with 82484 faces
    faceSet backFaces now size 82484
Read set faceSet backFaces size:82484
    Applying source normalToFace
    Adding faces according to normal being aligned with (0 0 -1) (to within 0.1) ...
    faceSet backFaces now size 41242
Time = 250
    mesh not changed.
Created faceSet frontFaces
    Applying source patchToFace
    Adding all faces of patches: (defaultFaces) ...
    Found matching patch defaultFaces with 82484 faces
    faceSet frontFaces now size 82484
Read set faceSet frontFaces size:82484
    Applying source normalToFace
    Adding faces according to normal being aligned with (0 0 1) (to within 0.1) ...
    faceSet frontFaces now size 41242
Created faceSet backFaces
    Applying source patchToFace
    Adding all faces of patches: (defaultFaces) ...
    Found matching patch defaultFaces with 82484 faces
    faceSet backFaces now size 82484
Read set faceSet backFaces size:82484
    Applying source normalToFace
    Adding faces according to normal being aligned with (0 0 -1) (to within 0.1) ...
    faceSet backFaces now size 41242
Time = 300
    mesh not changed.
Created faceSet frontFaces
    Applying source patchToFace
    Adding all faces of patches: (defaultFaces) ...
    Found matching patch defaultFaces with 82484 faces
    faceSet frontFaces now size 82484
Read set faceSet frontFaces size:82484
    Applying source normalToFace
    Adding faces according to normal being aligned with (0 0 1) (to within 0.1) ...
    faceSet frontFaces now size 41242
Created faceSet backFaces
    Applying source patchToFace
    Adding all faces of patches: (defaultFaces) ...
    Found matching patch defaultFaces with 82484 faces
    faceSet backFaces now size 82484
Read set faceSet backFaces size:82484
    Applying source normalToFace
    Adding faces according to normal being aligned with (0 0 -1) (to within 0.1) ...
    faceSet backFaces now size 41242
Time = 350
    mesh not changed.
Created faceSet frontFaces
    Applying source patchToFace
    Adding all faces of patches: (defaultFaces) ...
    Found matching patch defaultFaces with 82484 faces
    faceSet frontFaces now size 82484
Read set faceSet frontFaces size:82484
    Applying source normalToFace
    Adding faces according to normal being aligned with (0 0 1) (to within 0.1) ...
    faceSet frontFaces now size 41242
Created faceSet backFaces
    Applying source patchToFace
    Adding all faces of patches: (defaultFaces) ...
    Found matching patch defaultFaces with 82484 faces
    faceSet backFaces now size 82484
Read set faceSet backFaces size:82484
    Applying source normalToFace
    Adding faces according to normal being aligned with (0 0 -1) (to within 0.1) ...
    faceSet backFaces now size 41242
Time = 400
    mesh not changed.
Created faceSet frontFaces
    Applying source patchToFace
    Adding all faces of patches: (defaultFaces) ...
    Found matching patch defaultFaces with 82484 faces
    faceSet frontFaces now size 82484
Read set faceSet frontFaces size:82484
    Applying source normalToFace
    Adding faces according to normal being aligned with (0 0 1) (to within 0.1) ...
    faceSet frontFaces now size 41242
Created faceSet backFaces
    Applying source patchToFace
    Adding all faces of patches: (defaultFaces) ...
    Found matching patch defaultFaces with 82484 faces
    faceSet backFaces now size 82484
Read set faceSet backFaces size:82484
    Applying source normalToFace
    Adding faces according to normal being aligned with (0 0 -1) (to within 0.1) ...
    faceSet backFaces now size 41242
Time = 450
    mesh not changed.
Created faceSet frontFaces
    Applying source patchToFace
    Adding all faces of patches: (defaultFaces) ...
    Found matching patch defaultFaces with 82484 faces
    faceSet frontFaces now size 82484
Read set faceSet frontFaces size:82484
    Applying source normalToFace
    Adding faces according to normal being aligned with (0 0 1) (to within 0.1) ...
    faceSet frontFaces now size 41242
Created faceSet backFaces
    Applying source patchToFace
    Adding all faces of patches: (defaultFaces) ...
    Found matching patch defaultFaces with 82484 faces
    faceSet backFaces now size 82484
Read set faceSet backFaces size:82484
    Applying source normalToFace
    Adding faces according to normal being aligned with (0 0 -1) (to within 0.1) ...
    faceSet backFaces now size 41242
Time = 500
    mesh not changed.
Created faceSet frontFaces
    Applying source patchToFace
    Adding all faces of patches: (defaultFaces) ...
    Found matching patch defaultFaces with 82484 faces
    faceSet frontFaces now size 82484
Read set faceSet frontFaces size:82484
    Applying source normalToFace
    Adding faces according to normal being aligned with (0 0 1) (to within 0.1) ...
    faceSet frontFaces now size 41242
Created faceSet backFaces
    Applying source patchToFace
    Adding all faces of patches: (defaultFaces) ...
    Found matching patch defaultFaces with 82484 faces
    faceSet backFaces now size 82484
Read set faceSet backFaces size:82484
    Applying source normalToFace
    Adding faces according to normal being aligned with (0 0 -1) (to within 0.1) ...
    faceSet backFaces now size 41242

End

/*---------------------------------------------------------------------------*\
| =========                 |                                                 |
| \\      /  F ield         | OpenFOAM: The Open Source CFD Toolbox           |
|  \\    /   O peration     | Version:  2512                                  |
|   \\  /    A nd           | Website:  www.openfoam.com                      |
|    \\/     M anipulation  |                                                 |
\*---------------------------------------------------------------------------*/
Build  : _bd2b6720-20260127 OPENFOAM=2512 version=2512
Arch   : "LSB;label=32;scalar=64"
Exec   : topoSet -dict system/topoSetDict.splitWall -constant
Date   : Jul 16 2026
Time   : 01:20:41
Host   : e68ef4a73144
PID    : 237
I/O    : uncollated
Case   : /simulation/doc-g1-sim1/fluid
nProcs : 1
trapFpe: Floating point exception trapping enabled (FOAM_SIGFPE).
memory pool : not available
fileModificationChecking : Monitoring run-time modified files using timeStampMaster (fileModificationSkew 5, maxFileModificationPolls 20)
allowSystemOperations : Allowing user-supplied system call operations

// * * * * * * * * * * * * * * * * * * * * * * * * * * * * * * * * * * * * * //
Create time

Create polyMesh for time = constant

Reading topoSetDict.splitWall

Time = constant
    mesh not changed.
Time = 0
    mesh not changed.
Time = 48
    mesh not changed.
Time = 50
    mesh not changed.
Time = 76
    mesh not changed.
Time = 90
    mesh not changed.
Time = 98
    mesh not changed.
Time = 100
    mesh not changed.
Time = 107
    mesh not changed.
Time = 150
    mesh not changed.
Time = 200
    mesh not changed.
Time = 245
    mesh not changed.
Time = 250
    mesh not changed.
Time = 300
    mesh not changed.
Time = 350
    mesh not changed.
Time = 400
    mesh not changed.
Time = 450
    mesh not changed.
Time = 500
    mesh not changed.

End

/*---------------------------------------------------------------------------*\
| =========                 |                                                 |
| \\      /  F ield         | OpenFOAM: The Open Source CFD Toolbox           |
|  \\    /   O peration     | Version:  2512                                  |
|   \\  /    A nd           | Website:  www.openfoam.com                      |
|    \\/     M anipulation  |                                                 |
\*---------------------------------------------------------------------------*/
Build  : _bd2b6720-20260127 OPENFOAM=2512 version=2512
Arch   : "LSB;label=32;scalar=64"
Exec   : createPatch -overwrite -dict system/createPatchDict.anatomical
Date   : Jul 16 2026
Time   : 01:20:42
Host   : e68ef4a73144
PID    : 240
I/O    : uncollated
Case   : /simulation/doc-g1-sim1/fluid
nProcs : 1
trapFpe: Floating point exception trapping enabled (FOAM_SIGFPE).
memory pool : not available
fileModificationChecking : Monitoring run-time modified files using timeStampMaster (fileModificationSkew 5, maxFileModificationPolls 20)
allowSystemOperations : Allowing user-supplied system call operations

// * * * * * * * * * * * * * * * * * * * * * * * * * * * * * * * * * * * * * //
Create time

Create mesh for time = 0

Reading "system/createPatchDict.anatomical"



Adding patches to mesh region0

Adding new patch front from 
{
    type            empty;
    nFaces          0;
    startFace       0;
}

Adding new patch back from 
{
    type            empty;
    nFaces          0;
    startFace       0;
}




Repatching mesh region0

Read 41242 faces from faceSet frontFaces
Read 41242 faces from faceSet backFaces
Doing topology modification to order faces.

Not synchronising points.

Removing patches with no faces in them.

Removed zero-sized patch defaultFaces type patch at position 7


Writing repatched mesh region0 to 0

End

=== changeDictionary (patch types) ===
/*---------------------------------------------------------------------------*\
| =========                 |                                                 |
| \\      /  F ield         | OpenFOAM: The Open Source CFD Toolbox           |
|  \\    /   O peration     | Version:  2512                                  |
|   \\  /    A nd           | Website:  www.openfoam.com                      |
|    \\/     M anipulation  |                                                 |
\*---------------------------------------------------------------------------*/
Build  : _bd2b6720-20260127 OPENFOAM=2512 version=2512
Arch   : "LSB;label=32;scalar=64"
Exec   : changeDictionary
Date   : Jul 16 2026
Time   : 01:20:43
Host   : e68ef4a73144
PID    : 243
I/O    : uncollated
Case   : /simulation/doc-g1-sim1/fluid
nProcs : 1
trapFpe: Floating point exception trapping enabled (FOAM_SIGFPE).
memory pool : not available
fileModificationChecking : Monitoring run-time modified files using timeStampMaster (fileModificationSkew 5, maxFileModificationPolls 20)
allowSystemOperations : Allowing user-supplied system call operations

// * * * * * * * * * * * * * * * * * * * * * * * * * * * * * * * * * * * * * //
Create time

Create mesh for time = 0

Read dictionary changeDictionaryDict with replacements for dictionaries 1(boundary)
Reading polyMesh/boundary file to extract patch names
Loaded dictionary boundary with entries 9(wall iris_wall outlet_tm lens_wall ac_inlet ac_inlet_left outlet_tm_left front back)
Extracted patch groups:
    group empty with patches 2(front back)
Replacing entries in dictionary boundary
Special handling of boundary as polyMesh/boundary file.
Merging entries from 
11
(
front
back
wall
tm_se_wall
inlet_demote_wall
lens_wall
iris_wall
ac_inlet
ac_inlet_left
outlet_tm
outlet_tm_left
)

--> FOAM Warning : 
    From bool merge(bool, Foam::dictionary&, const Foam::dictionary&, bool, const Foam::HashTable<Foam::List<Foam::word> >&)
    in file changeDictionary.C at line 303
    Reading "system/changeDictionaryDict/boundary" at line 10 to 20
    Ignoring non-existing entry tm_se_wall
--> FOAM Warning : 
    From bool merge(bool, Foam::dictionary&, const Foam::dictionary&, bool, const Foam::HashTable<Foam::List<Foam::word> >&)
    in file changeDictionary.C at line 303
    Reading "system/changeDictionaryDict/boundary" at line 10 to 20
    Ignoring non-existing entry inlet_demote_wall
fieldDict:
{
    wall
    {
        type            wall;
        physicalType    patch;
        nFaces          558;
        startFace       61302;
    }
    iris_wall
    {
        type            wall;
        physicalType    patch;
        nFaces          248;
        startFace       61860;
    }
    outlet_tm
    {
        type            patch;
        physicalType    patch;
        nFaces          2;
        startFace       62108;
    }
    lens_wall
    {
        type            wall;
        physicalType    patch;
        nFaces          306;
        startFace       62110;
    }
    ac_inlet
    {
        type            patch;
        physicalType    patch;
        nFaces          3;
        startFace       62416;
    }
    ac_inlet_left
    {
        type            patch;
        physicalType    patch;
        nFaces          3;
        startFace       62419;
    }
    outlet_tm_left
    {
        type            patch;
        physicalType    patch;
        nFaces          2;
        startFace       62422;
    }
    front
    {
        type            empty;
        inGroups        1 ( empty );
        nFaces          41242;
        startFace       62424;
    }
    back
    {
        type            empty;
        inGroups        1 ( empty );
        nFaces          41242;
        startFace       103666;
    }
}

Writing modified boundary

End

=== initial fields ===
=== checkMesh ===
/*---------------------------------------------------------------------------*\
| =========                 |                                                 |
| \\      /  F ield         | OpenFOAM: The Open Source CFD Toolbox           |
|  \\    /   O peration     | Version:  2512                                  |
|   \\  /    A nd           | Website:  www.openfoam.com                      |
|    \\/     M anipulation  |                                                 |
\*---------------------------------------------------------------------------*/
Build  : _bd2b6720-20260127 OPENFOAM=2512 version=2512
Arch   : "LSB;label=32;scalar=64"
Exec   : checkMesh
Date   : Jul 16 2026
Time   : 01:20:43
Host   : e68ef4a73144
PID    : 249
I/O    : uncollated
Case   : /simulation/doc-g1-sim1/fluid
nProcs : 1
trapFpe: Floating point exception trapping enabled (FOAM_SIGFPE).
memory pool : not available
fileModificationChecking : Monitoring run-time modified files using timeStampMaster (fileModificationSkew 5, maxFileModificationPolls 20)
allowSystemOperations : Allowing user-supplied system call operations

// * * * * * * * * * * * * * * * * * * * * * * * * * * * * * * * * * * * * * //
Create time

Create mesh for time = 0

Check mesh...

Time = 0

Mesh stats 
    points:           42364
    internal points:  0
    faces:            144908
    internal faces:   61302
    cells:            41242
    faces per cell:   5
    boundary patches: 9
    point zones:      0
    face zones:       0
    cell zones:       4

Overall number of cells of each type:
    hexahedra:     0
    prisms:        41242
    wedges:        0
    pyramids:      0
    tet wedges:    0
    tetrahedra:    0
    polyhedra:     0

Checking topology...
    Boundary definition OK.
    Cell to face addressing OK.
    Point usage OK.
    Upper triangular ordering OK.
    Face vertices OK.
    Number of regions: 1 (OK).

Checking patch topology for multiply connected surfaces...
    Patch               Faces    Points     Surface topology
    wall                558      1124     ok (non-closed singly connected)  
    iris_wall           248      512      ok (non-closed singly connected)  
    outlet_tm           2        6        ok (non-closed singly connected)  
    lens_wall           306      620      ok (non-closed singly connected)  
    ac_inlet            3        8        ok (non-closed singly connected)  
    ac_inlet_left       3        8        ok (non-closed singly connected)  
    outlet_tm_left      2        6        ok (non-closed singly connected)  
    front               41242    21182    ok (non-closed singly connected)  
    back                41242    21182    ok (non-closed singly connected)  
    ".*"                83606    42364    ok (closed singly connected)      


Checking faceZone topology for multiply connected surfaces...
    No faceZones found.

Checking basic cellZone addressing...
    CellZone            Cells        Points       Volume       BoundingBox
    fluid               41242        42364        1.4629709e-07 (-0.0083688305 -0.00816 0) (0.0083688305 0.0069 0.001)
    tm_zone             69           98           1.9849536e-10 (0.0064142133 -0.0048720705 0) (0.00693 -0.0041952456 0.001)
    tm_zone_left        67           96           1.9558531e-10 (-0.00693 -0.0048720705 0) (-0.0064137072 -0.0041944014 0.001)
    vitreous_zone       19682        20142        1.0167695e-07 (-0.0080734505 -0.0015483274 0) (0.0080569714 0.0069 0.001)

Checking basic pointZone addressing...
    No pointZones found.

Checking geometry...
    Overall domain bounding box (-0.0083688305 -0.00816 0) (0.0083688305 0.0069 0.001)
    Mesh has 2 geometric (non-empty/wedge) directions (1 1 0)
    Mesh has 2 solution (non-empty) directions (1 1 0)
    All edges aligned with or perpendicular to non-empty directions.
    Boundary openness (-1.7725824e-18 9.5685031e-18 -1.3698495e-15) OK.
    Max cell openness = 3.7865184e-15 OK.
    Max aspect ratio = 4.5420041 OK.
    Minimum face area = 3.4133459e-12. Maximum face area = 1.8412767e-07.  Face area magnitudes OK.
    Min volume = 3.4133459e-15. Max volume = 1.0832708e-11.  Total volume = 1.4629709e-07.  Cell volumes OK.
    Mesh non-orthogonality Max: 62.352341 average: 4.3246144
    Non-orthogonality check OK.
    Face pyramids OK.
 ***Max skewness = 4.2550004, 1 highly skew faces detected which may impair the quality of the results
  <<Writing 1 skew faces to set skewFaces
    Coupled point location match (average 0) OK.

Failed 1 mesh checks.

End

WARNING: checkMesh reported Failed (see log.checkMesh) — continuing for ParaView
=== patch / zone counts ===
  ac_inlet: 3 faces
  ac_inlet_left: 3 faces
  outlet_tm: 2 faces
  outlet_tm_left: 2 faces
  wall: 558 faces
  front: 41242 faces
  back: 41242 faces
  tm_zone: 69 cells
  tm_zone_left: 67 cells
  vitreous_zone: 19682 cells
=== simpleFoam ===
/*---------------------------------------------------------------------------*\
| =========                 |                                                 |
| \\      /  F ield         | OpenFOAM: The Open Source CFD Toolbox           |
|  \\    /   O peration     | Version:  2512                                  |
|   \\  /    A nd           | Website:  www.openfoam.com                      |
|    \\/     M anipulation  |                                                 |
\*---------------------------------------------------------------------------*/
Build  : _bd2b6720-20260127 OPENFOAM=2512 version=2512
Arch   : "LSB;label=32;scalar=64"
Exec   : simpleFoam
Date   : Jul 16 2026
Time   : 01:20:46
Host   : e68ef4a73144
PID    : 255
I/O    : uncollated
Case   : /simulation/doc-g1-sim1/fluid
nProcs : 1
trapFpe: Floating point exception trapping enabled (FOAM_SIGFPE).
memory pool : not available
fileModificationChecking : Monitoring run-time modified files using timeStampMaster (fileModificationSkew 5, maxFileModificationPolls 20)
allowSystemOperations : Allowing user-supplied system call operations

// * * * * * * * * * * * * * * * * * * * * * * * * * * * * * * * * * * * * * //
Create time

Create mesh for time = 0


SIMPLE: convergence criteria
    field p	 tolerance 0.0001
    field U	 tolerance 1e-05

Reading field p

Reading field U

Reading/calculating face flux field phi

Selecting incompressible transport model Newtonian
Selecting turbulence model type laminar
Selecting laminar stress model Stokes
No MRF models present

Creating finite-volume options from "system/fvOptions"

Selecting finite volume options type explicitPorositySource
    Source: tm_porous
    State: active
    - selecting cells using cellZones (tm_zone)
    - selected 69 cell(s) with volume 1.9849536e-10
Porosity region tm_porous:
    selecting model: DarcyForchheimer
--> FOAM IOWarning :
    Found [v1806] 'coordinateRotation' entry instead of 'rotation' in dictionary "system/fvOptions/tm_porous/explicitPorositySourceCoeffs/DarcyForchheimerCoeffs/coordinateSystem"

    This keyword is 90 months old.

Using [v1806] 'axesRotation' instead of 'axes' in selection table: coordinateRotation

    This lookup is 90 months old.

    creating porous zone: tm_zone
    origin: (0 0 0) e1: (1 0 0) e2: (0 1 0)
    local bounds: (0.00051578665 0.00067682487 0.001)

Selecting finite volume options type explicitPorositySource
    Source: tm_porous_left
    State: active
    - selecting cells using cellZones (tm_zone_left)
    - selected 67 cell(s) with volume 1.9558531e-10
Porosity region tm_porous_left:
    selecting model: DarcyForchheimer
--> FOAM IOWarning :
    Found [v1806] 'coordinateRotation' entry instead of 'rotation' in dictionary "system/fvOptions/tm_porous_left/explicitPorositySourceCoeffs/DarcyForchheimerCoeffs/coordinateSystem"

    This keyword is 90 months old.

Using [v1806] 'axesRotation' instead of 'axes' in selection table: coordinateRotation

    This lookup is 90 months old.

    creating porous zone: tm_zone_left
    origin: (0 0 0) e1: (1 0 0) e2: (0 1 0)
    local bounds: (0.00051629278 0.00067766906 0.001)

Selecting finite volume options type explicitPorositySource
    Source: vitreous_porous
    State: active
    - selecting cells using cellZones (vitreous_zone)
    - selected 19682 cell(s) with volume 1.0167695e-07
Porosity region vitreous_porous:
    selecting model: DarcyForchheimer
--> FOAM IOWarning :
    Found [v1806] 'coordinateRotation' entry instead of 'rotation' in dictionary "system/fvOptions/vitreous_porous/explicitPorositySourceCoeffs/DarcyForchheimerCoeffs/coordinateSystem"

    This keyword is 90 months old.

Using [v1806] 'axesRotation' instead of 'axes' in selection table: coordinateRotation

    This lookup is 90 months old.

    creating porous zone: vitreous_zone
    origin: (0 0 0) e1: (1 0 0) e2: (0 1 0)
    local bounds: (0.016130422 0.0084483274 0.001)


Starting time loop

surfaceFieldValue flowRateTM:
    operation     = sum


surfaceFieldValue flowRateTM_left:
    operation     = sum


surfaceFieldValue pressureACinlet:
    operation     = areaAverage


Time = 1

smoothSolver:  Solving for Ux, Initial residual = 1, Final residual = 2.3230559e-09, No Iterations 11
smoothSolver:  Solving for Uy, Initial residual = 0.99999997, Final residual = 2.323054e-09, No Iterations 11
DICPCG:  Solving for p, Initial residual = 0.99999996, Final residual = 0.0097711018, No Iterations 802
DICPCG:  Solving for p, Initial residual = 0.66580746, Final residual = 0.0063142969, No Iterations 772
DICPCG:  Solving for p, Initial residual = 0.063514125, Final residual = 0.00060844911, No Iterations 323
DICPCG:  Solving for p, Initial residual = 0.019592782, Final residual = 0.00018324366, No Iterations 764
time step continuity errors : sum local = 5.5011015e-06, global = -2.1769132e-12, cumulative = -2.1769132e-12
ExecutionTime = 3.02 s  ClockTime = 3 s

Time = 2

smoothSolver:  Solving for Ux, Initial residual = 0.28616648, Final residual = 5.9766464e-09, No Iterations 5
smoothSolver:  Solving for Uy, Initial residual = 0.14372587, Final residual = 3.1331979e-09, No Iterations 5
DICPCG:  Solving for p, Initial residual = 0.26526517, Final residual = 0.0024838406, No Iterations 785
DICPCG:  Solving for p, Initial residual = 0.37114476, Final residual = 0.0034386281, No Iterations 774
DICPCG:  Solving for p, Initial residual = 0.0435818, Final residual = 0.0004203558, No Iterations 789
DICPCG:  Solving for p, Initial residual = 0.015683, Final residual = 0.00014692761, No Iterations 316
time step continuity errors : sum local = 3.3036922e-06, global = -1.625069e-07, cumulative = -1.6250908e-07
ExecutionTime = 5.01 s  ClockTime = 5 s

Time = 3

smoothSolver:  Solving for Ux, Initial residual = 0.19075962, Final residual = 3.8017336e-09, No Iterations 5
smoothSolver:  Solving for Uy, Initial residual = 0.083832717, Final residual = 1.75592e-09, No Iterations 5
DICPCG:  Solving for p, Initial residual = 0.30563057, Final residual = 0.0029890783, No Iterations 779
DICPCG:  Solving for p, Initial residual = 0.20140964, Final residual = 0.0019301485, No Iterations 780
DICPCG:  Solving for p, Initial residual = 0.024820423, Final residual = 0.00024678692, No Iterations 778
DICPCG:  Solving for p, Initial residual = 0.0098570845, Final residual = 9.4256475e-05, No Iterations 318
time step continuity errors : sum local = 1.3740489e-06, global = -5.5246979e-08, cumulative = -2.1775606e-07
ExecutionTime = 6.97 s  ClockTime = 7 s

Time = 4

smoothSolver:  Solving for Ux, Initial residual = 0.12952303, Final residual = 2.1389514e-09, No Iterations 5
smoothSolver:  Solving for Uy, Initial residual = 0.053817613, Final residual = 5.6290227e-09, No Iterations 4
DICPCG:  Solving for p, Initial residual = 0.33184673, Final residual = 0.0032142193, No Iterations 790
DICPCG:  Solving for p, Initial residual = 0.30477794, Final residual = 0.0028223462, No Iterations 18
DICPCG:  Solving for p, Initial residual = 0.03247182, Final residual = 0.00031456807, No Iterations 777
DICPCG:  Solving for p, Initial residual = 0.014789435, Final residual = 0.00014501471, No Iterations 317
time step continuity errors : sum local = 2.141171e-06, global = 1.6506222e-07, cumulative = -5.2693842e-08
ExecutionTime = 8.4 s  ClockTime = 8 s

Time = 5

smoothSolver:  Solving for Ux, Initial residual = 0.085197595, Final residual = 4.8403756e-09, No Iterations 4
smoothSolver:  Solving for Uy, Initial residual = 0.0347664, Final residual = 2.132292e-09, No Iterations 4
DICPCG:  Solving for p, Initial residual = 0.31818193, Final residual = 0.0029314788, No Iterations 791
DICPCG:  Solving for p, Initial residual = 0.34492665, Final residual = 0.0033441885, No Iterations 17
DICPCG:  Solving for p, Initial residual = 0.036200414, Final residual = 0.00035120185, No Iterations 780
DICPCG:  Solving for p, Initial residual = 0.024290353, Final residual = 0.00023599525, No Iterations 315
time step continuity errors : sum local = 3.5578091e-06, global = 4.148881e-07, cumulative = 3.6219426e-07
ExecutionTime = 9.82 s  ClockTime = 9 s

Time = 6

smoothSolver:  Solving for Ux, Initial residual = 0.052264873, Final residual = 7.9397862e-09, No Iterations 3
smoothSolver:  Solving for Uy, Initial residual = 0.020643137, Final residual = 3.261138e-09, No Iterations 3
DICPCG:  Solving for p, Initial residual = 0.2719527, Final residual = 0.002508772, No Iterations 789
DICPCG:  Solving for p, Initial residual = 0.30654105, Final residual = 0.0028689701, No Iterations 771
DICPCG:  Solving for p, Initial residual = 0.035925549, Final residual = 0.00032588814, No Iterations 781
DICPCG:  Solving for p, Initial residual = 0.017210212, Final residual = 0.0001706947, No Iterations 295
time step continuity errors : sum local = 2.2468471e-06, global = 1.598234e-07, cumulative = 5.2201766e-07
ExecutionTime = 11.75 s  ClockTime = 11 s

Time = 7

smoothSolver:  Solving for Ux, Initial residual = 0.026440076, Final residual = 4.9189717e-09, No Iterations 4
smoothSolver:  Solving for Uy, Initial residual = 0.009183149, Final residual = 2.1314848e-09, No Iterations 4
DICPCG:  Solving for p, Initial residual = 0.21785149, Final residual = 0.0021023041, No Iterations 769
DICPCG:  Solving for p, Initial residual = 0.15251845, Final residual = 0.0014418063, No Iterations 773
DICPCG:  Solving for p, Initial residual = 0.020354049, Final residual = 0.00019702716, No Iterations 789
DICPCG:  Solving for p, Initial residual = 0.0084260237, Final residual = 8.4180301e-05, No Iterations 254
time step continuity errors : sum local = 8.6728686e-07, global = 5.9901763e-08, cumulative = 5.8191942e-07
ExecutionTime = 13.65 s  ClockTime = 13 s

Time = 8

smoothSolver:  Solving for Ux, Initial residual = 0.0090413173, Final residual = 6.0146588e-09, No Iterations 4
smoothSolver:  Solving for Uy, Initial residual = 0.008132211, Final residual = 2.7448429e-09, No Iterations 4
DICPCG:  Solving for p, Initial residual = 0.19983019, Final residual = 0.0017972416, No Iterations 785
DICPCG:  Solving for p, Initial residual = 0.16391337, Final residual = 0.0015405014, No Iterations 775
DICPCG:  Solving for p, Initial residual = 0.013382978, Final residual = 0.00012722054, No Iterations 791
DICPCG:  Solving for p, Initial residual = 0.0045717831, Final residual = 4.4815453e-05, No Iterations 334
time step continuity errors : sum local = 3.9377646e-07, global = 3.2781665e-08, cumulative = 6.1470109e-07
ExecutionTime = 15.62 s  ClockTime = 15 s

Time = 9

smoothSolver:  Solving for Ux, Initial residual = 0.016153033, Final residual = 4.6436141e-09, No Iterations 4
smoothSolver:  Solving for Uy, Initial residual = 0.012394701, Final residual = 2.2106122e-09, No Iterations 4
DICPCG:  Solving for p, Initial residual = 0.19012937, Final residual = 0.0017130603, No Iterations 792
DICPCG:  Solving for p, Initial residual = 0.25756574, Final residual = 0.0025553412, No Iterations 24
DICPCG:  Solving for p, Initial residual = 0.025370078, Final residual = 0.00023810706, No Iterations 777
DICPCG:  Solving for p, Initial residual = 0.011996445, Final residual = 0.00011976606, No Iterations 249
time step continuity errors : sum local = 1.2052628e-06, global = 1.4040465e-07, cumulative = 7.5510574e-07
ExecutionTime = 17.24 s  ClockTime = 17 s

Time = 10

smoothSolver:  Solving for Ux, Initial residual = 0.022483476, Final residual = 1.6496439e-09, No Iterations 4
smoothSolver:  Solving for Uy, Initial residual = 0.014251473, Final residual = 4.9027491e-09, No Iterations 3
DICPCG:  Solving for p, Initial residual = 0.15991805, Final residual = 0.0015376632, No Iterations 793
DICPCG:  Solving for p, Initial residual = 0.24455753, Final residual = 0.0023116565, No Iterations 17
DICPCG:  Solving for p, Initial residual = 0.023869988, Final residual = 0.00022826276, No Iterations 777
DICPCG:  Solving for p, Initial residual = 0.011001935, Final residual = 0.00010479079, No Iterations 20
time step continuity errors : sum local = 1.1315865e-06, global = 8.7438472e-08, cumulative = 8.4254421e-07
ExecutionTime = 18.87 s  ClockTime = 18 s

surfaceFieldValue flowRateTM write:
    total faces   = 2
    total area    = 1.1401754e-07

    sum(outlet_tm) of phi = 2.5063141e-11

surfaceFieldValue flowRateTM_left write:
    total faces   = 2
    total area    = 1.1401754e-07

    sum(outlet_tm_left) of phi = 2.4949651e-11

surfaceFieldValue pressureACinlet write:
    total faces   = 3
    total area    = 5.1623638e-07

    areaAverage(ac_inlet) of p = 3.2934685

Time = 11

smoothSolver:  Solving for Ux, Initial residual = 0.02290187, Final residual = 1.6603517e-09, No Iterations 4
smoothSolver:  Solving for Uy, Initial residual = 0.013014731, Final residual = 4.6631505e-09, No Iterations 3
DICPCG:  Solving for p, Initial residual = 0.12705302, Final residual = 0.0011862057, No Iterations 792
DICPCG:  Solving for p, Initial residual = 0.15824177, Final residual = 0.0014156746, No Iterations 16
DICPCG:  Solving for p, Initial residual = 0.015420785, Final residual = 0.00015303884, No Iterations 69
DICPCG:  Solving for p, Initial residual = 0.0069239551, Final residual = 6.5644805e-05, No Iterations 744
time step continuity errors : sum local = 6.7072176e-07, global = 1.7483477e-13, cumulative = 8.4254439e-07
ExecutionTime = 21.46 s  ClockTime = 21 s

Time = 12

smoothSolver:  Solving for Ux, Initial residual = 0.018401067, Final residual = 3.7479373e-09, No Iterations 4
smoothSolver:  Solving for Uy, Initial residual = 0.01031175, Final residual = 1.7324479e-09, No Iterations 4
DICPCG:  Solving for p, Initial residual = 0.12300292, Final residual = 0.0011874369, No Iterations 779
DICPCG:  Solving for p, Initial residual = 0.040530074, Final residual = 0.00038578391, No Iterations 771
DICPCG:  Solving for p, Initial residual = 0.0056047614, Final residual = 4.938125e-05, No Iterations 776
DICPCG:  Solving for p, Initial residual = 0.0020688896, Final residual = 2.0155415e-05, No Iterations 772
time step continuity errors : sum local = 1.8233026e-07, global = 5.8960988e-13, cumulative = 8.4254498e-07
ExecutionTime = 26.71 s  ClockTime = 26 s

Time = 13

smoothSolver:  Solving for Ux, Initial residual = 0.011175708, Final residual = 3.9785748e-09, No Iterations 4
smoothSolver:  Solving for Uy, Initial residual = 0.0069337051, Final residual = 1.8306466e-09, No Iterations 4
DICPCG:  Solving for p, Initial residual = 0.11629406, Final residual = 0.0010876006, No Iterations 786
DICPCG:  Solving for p, Initial residual = 0.09971599, Final residual = 0.00098102936, No Iterations 760
DICPCG:  Solving for p, Initial residual = 0.0091479395, Final residual = 8.2715565e-05, No Iterations 786
DICPCG:  Solving for p, Initial residual = 0.0024391868, Final residual = 2.4209305e-05, No Iterations 28
time step continuity errors : sum local = 2.193321e-07, global = -3.1620303e-08, cumulative = 8.1092467e-07
ExecutionTime = 29.03 s  ClockTime = 29 s

Time = 14

smoothSolver:  Solving for Ux, Initial residual = 0.004966412, Final residual = 2.5584622e-09, No Iterations 4
smoothSolver:  Solving for Uy, Initial residual = 0.0036386811, Final residual = 7.1078718e-09, No Iterations 3
DICPCG:  Solving for p, Initial residual = 0.10168764, Final residual = 0.00090876623, No Iterations 792
DICPCG:  Solving for p, Initial residual = 0.1402781, Final residual = 0.0013272539, No Iterations 755
DICPCG:  Solving for p, Initial residual = 0.013399224, Final residual = 0.00012381071, No Iterations 782
DICPCG:  Solving for p, Initial residual = 0.0045165165, Final residual = 4.4767908e-05, No Iterations 18
time step continuity errors : sum local = 4.3990187e-07, global = -3.4065766e-08, cumulative = 7.7685891e-07
ExecutionTime = 31.09 s  ClockTime = 31 s

Time = 15

smoothSolver:  Solving for Ux, Initial residual = 0.0045669297, Final residual = 3.1021389e-09, No Iterations 3
smoothSolver:  Solving for Uy, Initial residual = 0.0032991058, Final residual = 1.7691649e-09, No Iterations 3
DICPCG:  Solving for p, Initial residual = 0.073883516, Final residual = 0.00065249415, No Iterations 795
DICPCG:  Solving for p, Initial residual = 0.12426373, Final residual = 0.0012353308, No Iterations 18
DICPCG:  Solving for p, Initial residual = 0.012710275, Final residual = 0.00012115528, No Iterations 777
DICPCG:  Solving for p, Initial residual = 0.0058976188, Final residual = 5.6984041e-05, No Iterations 770
time step continuity errors : sum local = 5.6161995e-07, global = 4.4574977e-14, cumulative = 7.7685895e-07
ExecutionTime = 34.57 s  ClockTime = 34 s

Time = 16

smoothSolver:  Solving for Ux, Initial residual = 0.0071981926, Final residual = 8.1018449e-09, No Iterations 3
smoothSolver:  Solving for Uy, Initial residual = 0.0039572489, Final residual = 3.3326136e-09, No Iterations 3
DICPCG:  Solving for p, Initial residual = 0.05840833, Final residual = 0.00055552754, No Iterations 791
DICPCG:  Solving for p, Initial residual = 0.068436868, Final residual = 0.00065065241, No Iterations 22
DICPCG:  Solving for p, Initial residual = 0.007358623, Final residual = 7.1743986e-05, No Iterations 775
DICPCG:  Solving for p, Initial residual = 0.0036258397, Final residual = 3.3312035e-05, No Iterations 773
time step continuity errors : sum local = 3.0888391e-07, global = -7.2067107e-13, cumulative = 7.7685823e-07
ExecutionTime = 37.24 s  ClockTime = 37 s

Time = 17

smoothSolver:  Solving for Ux, Initial residual = 0.0076686336, Final residual = 2.1401289e-09, No Iterations 4
smoothSolver:  Solving for Uy, Initial residual = 0.004066018, Final residual = 5.4841458e-09, No Iterations 3
DICPCG:  Solving for p, Initial residual = 0.061000239, Final residual = 0.00058726934, No Iterations 775
DICPCG:  Solving for p, Initial residual = 0.023733419, Final residual = 0.0002289346, No Iterations 15
DICPCG:  Solving for p, Initial residual = 0.0028720448, Final residual = 2.6440228e-05, No Iterations 787
DICPCG:  Solving for p, Initial residual = 0.0013533066, Final residual = 1.3343638e-05, No Iterations 771
time step continuity errors : sum local = 1.1545483e-07, global = 1.6894624e-12, cumulative = 7.7685992e-07
ExecutionTime = 39.19 s  ClockTime = 39 s

Time = 18

smoothSolver:  Solving for Ux, Initial residual = 0.0065080932, Final residual = 1.9307098e-09, No Iterations 4
smoothSolver:  Solving for Uy, Initial residual = 0.0035710044, Final residual = 5.0903629e-09, No Iterations 3
DICPCG:  Solving for p, Initial residual = 0.063342338, Final residual = 0.00057551019, No Iterations 787
DICPCG:  Solving for p, Initial residual = 0.064975695, Final residual = 0.00057642135, No Iterations 11
DICPCG:  Solving for p, Initial residual = 0.005622137, Final residual = 5.401103e-05, No Iterations 782
DICPCG:  Solving for p, Initial residual = 0.0024002025, Final residual = 2.3697541e-05, No Iterations 17
time step continuity errors : sum local = 2.0680878e-07, global = 6.8837026e-09, cumulative = 7.8374362e-07
ExecutionTime = 40.5 s  ClockTime = 40 s

Time = 19

smoothSolver:  Solving for Ux, Initial residual = 0.0045637711, Final residual = 6.2191747e-09, No Iterations 3
smoothSolver:  Solving for Uy, Initial residual = 0.0027656125, Final residual = 2.7766432e-09, No Iterations 3
DICPCG:  Solving for p, Initial residual = 0.05592652, Final residual = 0.00052351699, No Iterations 791
DICPCG:  Solving for p, Initial residual = 0.081602143, Final residual = 0.00080747689, No Iterations 11
DICPCG:  Solving for p, Initial residual = 0.0077101571, Final residual = 7.089857e-05, No Iterations 779
DICPCG:  Solving for p, Initial residual = 0.0037590903, Final residual = 3.6582383e-05, No Iterations 19
time step continuity errors : sum local = 3.256992e-07, global = 5.8349409e-08, cumulative = 8.4209303e-07
ExecutionTime = 41.76 s  ClockTime = 41 s

Time = 20

smoothSolver:  Solving for Ux, Initial residual = 0.0026332365, Final residual = 8.0838696e-09, No Iterations 2
smoothSolver:  Solving for Uy, Initial residual = 0.0021083494, Final residual = 4.1232596e-09, No Iterations 2
DICPCG:  Solving for p, Initial residual = 0.04071323, Final residual = 0.00039874163, No Iterations 793
DICPCG:  Solving for p, Initial residual = 0.067108669, Final residual = 0.00065681943, No Iterations 22
DICPCG:  Solving for p, Initial residual = 0.007254178, Final residual = 6.6589946e-05, No Iterations 773
DICPCG:  Solving for p, Initial residual = 0.0034183038, Final residual = 3.2693036e-05, No Iterations 773
time step continuity errors : sum local = 2.8774238e-07, global = -4.2978303e-13, cumulative = 8.420926e-07
ExecutionTime = 43.74 s  ClockTime = 43 s

surfaceFieldValue flowRateTM write:
    sum(outlet_tm) of phi = 2.5112564e-11

surfaceFieldValue flowRateTM_left write:
    sum(outlet_tm_left) of phi = 2.4887436e-11

surfaceFieldValue pressureACinlet write:
    areaAverage(ac_inlet) of p = 4.119057

Time = 21

smoothSolver:  Solving for Ux, Initial residual = 0.0017900179, Final residual = 5.4068666e-09, No Iterations 3
smoothSolver:  Solving for Uy, Initial residual = 0.0017163016, Final residual = 2.3735379e-09, No Iterations 3
DICPCG:  Solving for p, Initial residual = 0.035149431, Final residual = 0.00032523206, No Iterations 789
DICPCG:  Solving for p, Initial residual = 0.030614337, Final residual = 0.00030020454, No Iterations 41
DICPCG:  Solving for p, Initial residual = 0.0035444092, Final residual = 3.4819762e-05, No Iterations 762
DICPCG:  Solving for p, Initial residual = 0.001746274, Final residual = 1.573396e-05, No Iterations 775
time step continuity errors : sum local = 1.3309552e-07, global = -9.216311e-13, cumulative = 8.4209168e-07
ExecutionTime = 45.85 s  ClockTime = 45 s

Time = 22

smoothSolver:  Solving for Ux, Initial residual = 0.0024793922, Final residual = 7.3164045e-09, No Iterations 3
smoothSolver:  Solving for Uy, Initial residual = 0.0014168633, Final residual = 3.267416e-09, No Iterations 3
DICPCG:  Solving for p, Initial residual = 0.03783923, Final residual = 0.00036133004, No Iterations 781
DICPCG:  Solving for p, Initial residual = 0.02125407, Final residual = 0.00019598838, No Iterations 18
DICPCG:  Solving for p, Initial residual = 0.0018633097, Final residual = 1.6581237e-05, No Iterations 780
DICPCG:  Solving for p, Initial residual = 0.0007776508, Final residual = 7.5306828e-06, No Iterations 769
time step continuity errors : sum local = 6.2314396e-08, global = -7.9393887e-13, cumulative = 8.4209089e-07
ExecutionTime = 47.88 s  ClockTime = 48 s

Time = 23

smoothSolver:  Solving for Ux, Initial residual = 0.0030877876, Final residual = 5.9902745e-09, No Iterations 3
smoothSolver:  Solving for Uy, Initial residual = 0.0012133655, Final residual = 2.7451349e-09, No Iterations 3
DICPCG:  Solving for p, Initial residual = 0.037540784, Final residual = 0.00034329522, No Iterations 788
DICPCG:  Solving for p, Initial residual = 0.042264744, Final residual = 0.00041759752, No Iterations 10
DICPCG:  Solving for p, Initial residual = 0.0033827342, Final residual = 3.1719852e-05, No Iterations 780
DICPCG:  Solving for p, Initial residual = 0.0013516587, Final residual = 1.1935471e-05, No Iterations 19
time step continuity errors : sum local = 1.0027623e-07, global = 2.0661065e-09, cumulative = 8.4415699e-07
ExecutionTime = 49.38 s  ClockTime = 49 s

Time = 24

smoothSolver:  Solving for Ux, Initial residual = 0.0031157666, Final residual = 2.5522752e-09, No Iterations 3
smoothSolver:  Solving for Uy, Initial residual = 0.0010341564, Final residual = 7.8565237e-09, No Iterations 2
DICPCG:  Solving for p, Initial residual = 0.030658191, Final residual = 0.00030299332, No Iterations 371
DICPCG:  Solving for p, Initial residual = 0.045590356, Final residual = 0.00044357527, No Iterations 11
DICPCG:  Solving for p, Initial residual = 0.0039832215, Final residual = 3.8563018e-05, No Iterations 774
DICPCG:  Solving for p, Initial residual = 0.002153925, Final residual = 2.0895279e-05, No Iterations 14
time step continuity errors : sum local = 1.7779492e-07, global = 2.2572552e-08, cumulative = 8.6672954e-07
ExecutionTime = 51.05 s  ClockTime = 51 s

Time = 25

smoothSolver:  Solving for Ux, Initial residual = 0.0026660986, Final residual = 8.752612e-09, No Iterations 2
smoothSolver:  Solving for Uy, Initial residual = 0.00084853365, Final residual = 4.2797189e-09, No Iterations 2
DICPCG:  Solving for p, Initial residual = 0.022467111, Final residual = 0.00020901059, No Iterations 792
DICPCG:  Solving for p, Initial residual = 0.032094106, Final residual = 0.00031178477, No Iterations 14
DICPCG:  Solving for p, Initial residual = 0.0029489728, Final residual = 2.5121185e-05, No Iterations 771
DICPCG:  Solving for p, Initial residual = 0.0012984378, Final residual = 1.0813385e-05, No Iterations 19
time step continuity errors : sum local = 9.1730897e-08, global = -5.4149738e-09, cumulative = 8.6131457e-07
ExecutionTime = 52.68 s  ClockTime = 52 s

Time = 26

smoothSolver:  Solving for Ux, Initial residual = 0.0020309587, Final residual = 3.7276426e-09, No Iterations 3
smoothSolver:  Solving for Uy, Initial residual = 0.00067711147, Final residual = 9.0124559e-09, No Iterations 2
DICPCG:  Solving for p, Initial residual = 0.021394066, Final residual = 0.00019794052, No Iterations 764
DICPCG:  Solving for p, Initial residual = 0.010328031, Final residual = 0.00010207712, No Iterations 32
DICPCG:  Solving for p, Initial residual = 0.0011678362, Final residual = 1.1252752e-05, No Iterations 768
DICPCG:  Solving for p, Initial residual = 0.00050115109, Final residual = 4.8349462e-06, No Iterations 33
time step continuity errors : sum local = 4.0553587e-08, global = -7.9619756e-09, cumulative = 8.5335259e-07
ExecutionTime = 54.27 s  ClockTime = 54 s

Time = 27

smoothSolver:  Solving for Ux, Initial residual = 0.0013638195, Final residual = 4.2493996e-09, No Iterations 3
smoothSolver:  Solving for Uy, Initial residual = 0.00063896868, Final residual = 1.685589e-09, No Iterations 3
DICPCG:  Solving for p, Initial residual = 0.024181115, Final residual = 0.00023476119, No Iterations 781
DICPCG:  Solving for p, Initial residual = 0.014807182, Final residual = 0.00014266332, No Iterations 11
DICPCG:  Solving for p, Initial residual = 0.0012269974, Final residual = 1.1827825e-05, No Iterations 782
DICPCG:  Solving for p, Initial residual = 0.00045410075, Final residual = 4.323635e-06, No Iterations 27
time step continuity errors : sum local = 3.6311428e-08, global = -8.298274e-09, cumulative = 8.4505432e-07
ExecutionTime = 55.91 s  ClockTime = 56 s

Time = 28

smoothSolver:  Solving for Ux, Initial residual = 0.00077129498, Final residual = 2.9951014e-09, No Iterations 3
smoothSolver:  Solving for Uy, Initial residual = 0.00058496866, Final residual = 7.4746966e-09, No Iterations 2
DICPCG:  Solving for p, Initial residual = 0.023736668, Final residual = 0.00023234665, No Iterations 786
DICPCG:  Solving for p, Initial residual = 0.024465913, Final residual = 0.00022734511, No Iterations 13
DICPCG:  Solving for p, Initial residual = 0.0023166105, Final residual = 2.1674122e-05, No Iterations 781
DICPCG:  Solving for p, Initial residual = 0.0010025164, Final residual = 8.3567488e-06, No Iterations 19
time step continuity errors : sum local = 7.0692588e-08, global = -7.6597985e-09, cumulative = 8.3739452e-07
ExecutionTime = 58.23 s  ClockTime = 58 s

Time = 29

smoothSolver:  Solving for Ux, Initial residual = 0.000468925, Final residual = 5.4576208e-09, No Iterations 2
smoothSolver:  Solving for Uy, Initial residual = 0.00050672258, Final residual = 2.5436787e-09, No Iterations 2
DICPCG:  Solving for p, Initial residual = 0.018676577, Final residual = 0.00017361889, No Iterations 788
DICPCG:  Solving for p, Initial residual = 0.023266595, Final residual = 0.00020819208, No Iterations 13
DICPCG:  Solving for p, Initial residual = 0.0023034699, Final residual = 2.1370349e-05, No Iterations 780
DICPCG:  Solving for p, Initial residual = 0.0010851941, Final residual = 1.0100954e-05, No Iterations 14
time step continuity errors : sum local = 8.5534589e-08, global = -5.3301922e-09, cumulative = 8.3206433e-07
ExecutionTime = 60.82 s  ClockTime = 60 s

Time = 30

smoothSolver:  Solving for Ux, Initial residual = 0.00043509597, Final residual = 7.143524e-09, No Iterations 2
smoothSolver:  Solving for Uy, Initial residual = 0.00043581384, Final residual = 2.9542028e-09, No Iterations 2
DICPCG:  Solving for p, Initial residual = 0.015408579, Final residual = 0.00014745804, No Iterations 788
DICPCG:  Solving for p, Initial residual = 0.015436135, Final residual = 0.00014457474, No Iterations 13
DICPCG:  Solving for p, Initial residual = 0.0015426304, Final residual = 1.5342432e-05, No Iterations 67
DICPCG:  Solving for p, Initial residual = 0.00072402961, Final residual = 7.1224189e-06, No Iterations 747
time step continuity errors : sum local = 6.0213944e-08, global = 1.3629576e-12, cumulative = 8.3206569e-07
ExecutionTime = 63.27 s  ClockTime = 63 s

surfaceFieldValue flowRateTM write:
    sum(outlet_tm) of phi = 2.5139134e-11

surfaceFieldValue flowRateTM_left write:
    sum(outlet_tm_left) of phi = 2.4860867e-11

surfaceFieldValue pressureACinlet write:
    areaAverage(ac_inlet) of p = 4.0569913

Time = 31

smoothSolver:  Solving for Ux, Initial residual = 0.00040869216, Final residual = 2.1834918e-09, No Iterations 3
smoothSolver:  Solving for Uy, Initial residual = 0.00036342434, Final residual = 5.3173079e-09, No Iterations 2
DICPCG:  Solving for p, Initial residual = 0.016952104, Final residual = 0.00016866736, No Iterations 329
DICPCG:  Solving for p, Initial residual = 0.0055517346, Final residual = 5.1438407e-05, No Iterations 18
DICPCG:  Solving for p, Initial residual = 0.00065094508, Final residual = 6.3967737e-06, No Iterations 770
DICPCG:  Solving for p, Initial residual = 0.00032651162, Final residual = 3.2630891e-06, No Iterations 12
time step continuity errors : sum local = 2.7246544e-08, global = 1.7349398e-09, cumulative = 8.3380063e-07
ExecutionTime = 64.67 s  ClockTime = 64 s

Time = 32

smoothSolver:  Solving for Ux, Initial residual = 0.00035393584, Final residual = 2.2467665e-09, No Iterations 3
smoothSolver:  Solving for Uy, Initial residual = 0.00029735383, Final residual = 5.761621e-09, No Iterations 2
DICPCG:  Solving for p, Initial residual = 0.017539171, Final residual = 0.00017532673, No Iterations 115
DICPCG:  Solving for p, Initial residual = 0.010348231, Final residual = 0.00010202621, No Iterations 18
DICPCG:  Solving for p, Initial residual = 0.00093324677, Final residual = 8.1588338e-06, No Iterations 769
DICPCG:  Solving for p, Initial residual = 0.00090191792, Final residual = 8.9367106e-06, No Iterations 772
time step continuity errors : sum local = 7.469626e-08, global = 7.7522651e-14, cumulative = 8.3380071e-07
ExecutionTime = 66.69 s  ClockTime = 66 s

Time = 33

smoothSolver:  Solving for Ux, Initial residual = 0.00028189304, Final residual = 8.5262194e-09, No Iterations 2
smoothSolver:  Solving for Uy, Initial residual = 0.00024032541, Final residual = 4.02207e-09, No Iterations 2
DICPCG:  Solving for p, Initial residual = 0.015453973, Final residual = 0.00015031988, No Iterations 785
DICPCG:  Solving for p, Initial residual = 0.013955411, Final residual = 0.00013258777, No Iterations 10
DICPCG:  Solving for p, Initial residual = 0.0011058213, Final residual = 9.7303482e-06, No Iterations 784
DICPCG:  Solving for p, Initial residual = 0.00046094998, Final residual = 4.2467454e-06, No Iterations 766
time step continuity errors : sum local = 3.5773034e-08, global = -1.6937683e-13, cumulative = 8.3380054e-07
ExecutionTime = 69.09 s  ClockTime = 69 s

Time = 34

smoothSolver:  Solving for Ux, Initial residual = 0.0002310254, Final residual = 3.3381352e-09, No Iterations 2
smoothSolver:  Solving for Uy, Initial residual = 0.00018038054, Final residual = 2.1702604e-09, No Iterations 2
DICPCG:  Solving for p, Initial residual = 0.012266562, Final residual = 0.00011211135, No Iterations 786
DICPCG:  Solving for p, Initial residual = 0.011912397, Final residual = 0.00011805233, No Iterations 10
DICPCG:  Solving for p, Initial residual = 0.00095564007, Final residual = 8.384444e-06, No Iterations 785
DICPCG:  Solving for p, Initial residual = 0.00040750721, Final residual = 3.7879823e-06, No Iterations 769
time step continuity errors : sum local = 3.1958566e-08, global = 4.3621029e-13, cumulative = 8.3380098e-07
ExecutionTime = 71.15 s  ClockTime = 71 s

Time = 35

smoothSolver:  Solving for Ux, Initial residual = 0.00022531031, Final residual = 5.2167413e-09, No Iterations 2
smoothSolver:  Solving for Uy, Initial residual = 0.00014512732, Final residual = 2.3558923e-09, No Iterations 2
DICPCG:  Solving for p, Initial residual = 0.010977087, Final residual = 0.00010962497, No Iterations 783
DICPCG:  Solving for p, Initial residual = 0.0066086205, Final residual = 5.9145234e-05, No Iterations 13
DICPCG:  Solving for p, Initial residual = 0.00058838713, Final residual = 5.8766792e-06, No Iterations 778
DICPCG:  Solving for p, Initial residual = 0.0002494271, Final residual = 2.3600471e-06, No Iterations 767
time step continuity errors : sum local = 2.0051158e-08, global = -1.0808313e-12, cumulative = 8.337999e-07
ExecutionTime = 72.98 s  ClockTime = 73 s

Time = 36

smoothSolver:  Solving for Ux, Initial residual = 0.00023293921, Final residual = 7.8419676e-09, No Iterations 2
smoothSolver:  Solving for Uy, Initial residual = 0.00011987793, Final residual = 3.0799335e-09, No Iterations 2
DICPCG:  Solving for p, Initial residual = 0.011571595, Final residual = 0.00011350339, No Iterations 91
DICPCG:  Solving for p, Initial residual = 0.0030864345, Final residual = 2.9808134e-05, No Iterations 748
DICPCG:  Solving for p, Initial residual = 0.00048220975, Final residual = 4.6880124e-06, No Iterations 773
DICPCG:  Solving for p, Initial residual = 0.00010488925, Final residual = 9.5875484e-07, No Iterations 775
time step continuity errors : sum local = 8.4466537e-09, global = -2.9063275e-13, cumulative = 8.3379961e-07
ExecutionTime = 74.93 s  ClockTime = 75 s

Time = 37

smoothSolver:  Solving for Ux, Initial residual = 0.00022055197, Final residual = 7.2599197e-09, No Iterations 2
smoothSolver:  Solving for Uy, Initial residual = 9.6278693e-05, Final residual = 2.8809361e-09, No Iterations 2
DICPCG:  Solving for p, Initial residual = 0.012069764, Final residual = 0.00011591974, No Iterations 324
DICPCG:  Solving for p, Initial residual = 0.005821207, Final residual = 5.754229e-05, No Iterations 17
DICPCG:  Solving for p, Initial residual = 0.00051572796, Final residual = 4.9885985e-06, No Iterations 767
DICPCG:  Solving for p, Initial residual = 0.0002331494, Final residual = 2.1599543e-06, No Iterations 770
time step continuity errors : sum local = 1.8429077e-08, global = 1.610352e-13, cumulative = 8.3379977e-07
ExecutionTime = 76.56 s  ClockTime = 76 s

Time = 38

smoothSolver:  Solving for Ux, Initial residual = 0.0001888394, Final residual = 4.2431407e-09, No Iterations 2
smoothSolver:  Solving for Uy, Initial residual = 6.9510466e-05, Final residual = 1.8670844e-09, No Iterations 2
DICPCG:  Solving for p, Initial residual = 0.01064046, Final residual = 0.00010411383, No Iterations 332
DICPCG:  Solving for p, Initial residual = 0.0072673055, Final residual = 6.8376417e-05, No Iterations 14
DICPCG:  Solving for p, Initial residual = 0.0006437473, Final residual = 5.9426983e-06, No Iterations 750
DICPCG:  Solving for p, Initial residual = 0.00036391024, Final residual = 3.585974e-06, No Iterations 32
time step continuity errors : sum local = 3.005397e-08, global = -3.1349791e-09, cumulative = 8.3066479e-07
ExecutionTime = 77.73 s  ClockTime = 77 s

Time = 39

smoothSolver:  Solving for Ux, Initial residual = 0.0001428619, Final residual = 2.5301341e-09, No Iterations 2
smoothSolver:  Solving for Uy, Initial residual = 5.2889095e-05, Final residual = 7.5782473e-09, No Iterations 1
DICPCG:  Solving for p, Initial residual = 0.0084414611, Final residual = 8.190228e-05, No Iterations 366
DICPCG:  Solving for p, Initial residual = 0.0065887847, Final residual = 6.458211e-05, No Iterations 10
DICPCG:  Solving for p, Initial residual = 0.00054382343, Final residual = 4.8334326e-06, No Iterations 755
DICPCG:  Solving for p, Initial residual = 0.00036152096, Final residual = 3.4762876e-06, No Iterations 770
time step continuity errors : sum local = 2.942653e-08, global = -7.4599327e-14, cumulative = 8.3066471e-07
ExecutionTime = 79.52 s  ClockTime = 79 s

Time = 40

smoothSolver:  Solving for Ux, Initial residual = 9.8810534e-05, Final residual = 3.5888105e-09, No Iterations 2
smoothSolver:  Solving for Uy, Initial residual = 4.866051e-05, Final residual = 9.6136071e-09, No Iterations 1
DICPCG:  Solving for p, Initial residual = 0.0082626177, Final residual = 7.9196456e-05, No Iterations 112
DICPCG:  Solving for p, Initial residual = 0.0040623373, Final residual = 3.9374644e-05, No Iterations 751
DICPCG:  Solving for p, Initial residual = 0.00065736272, Final residual = 6.5604854e-06, No Iterations 241
DICPCG:  Solving for p, Initial residual = 0.00015857541, Final residual = 1.567845e-06, No Iterations 773
time step continuity errors : sum local = 1.3497041e-08, global = -4.8679074e-15, cumulative = 8.3066471e-07
ExecutionTime = 81.26 s  ClockTime = 81 s

surfaceFieldValue flowRateTM write:
    sum(outlet_tm) of phi = 2.5126242e-11

surfaceFieldValue flowRateTM_left write:
    sum(outlet_tm_left) of phi = 2.4873758e-11

surfaceFieldValue pressureACinlet write:
    areaAverage(ac_inlet) of p = 4.0455275

Time = 41

smoothSolver:  Solving for Ux, Initial residual = 6.5155618e-05, Final residual = 4.5716522e-09, No Iterations 2
smoothSolver:  Solving for Uy, Initial residual = 4.3035903e-05, Final residual = 1.902453e-09, No Iterations 2
DICPCG:  Solving for p, Initial residual = 0.0093650579, Final residual = 8.890517e-05, No Iterations 88
DICPCG:  Solving for p, Initial residual = 0.0023386173, Final residual = 2.2207231e-05, No Iterations 754
DICPCG:  Solving for p, Initial residual = 0.00031883619, Final residual = 3.0763652e-06, No Iterations 769
DICPCG:  Solving for p, Initial residual = 8.6315159e-05, Final residual = 8.2619247e-07, No Iterations 39
time step continuity errors : sum local = 6.9702232e-09, global = -8.4510742e-10, cumulative = 8.298196e-07
ExecutionTime = 83.03 s  ClockTime = 83 s

Time = 42

smoothSolver:  Solving for Ux, Initial residual = 4.9208382e-05, Final residual = 4.0454578e-09, No Iterations 2
smoothSolver:  Solving for Uy, Initial residual = 3.7983086e-05, Final residual = 1.7857755e-09, No Iterations 2
DICPCG:  Solving for p, Initial residual = 0.0092395052, Final residual = 9.1502938e-05, No Iterations 314
DICPCG:  Solving for p, Initial residual = 0.0037436457, Final residual = 3.5193087e-05, No Iterations 13
DICPCG:  Solving for p, Initial residual = 0.00031562193, Final residual = 3.050607e-06, No Iterations 755
DICPCG:  Solving for p, Initial residual = 0.0002215886, Final residual = 2.1035038e-06, No Iterations 772
time step continuity errors : sum local = 1.790294e-08, global = 9.5202852e-13, cumulative = 8.2982055e-07
ExecutionTime = 84.57 s  ClockTime = 84 s

Time = 43

smoothSolver:  Solving for Ux, Initial residual = 4.4297156e-05, Final residual = 2.7433705e-09, No Iterations 2
smoothSolver:  Solving for Uy, Initial residual = 3.6222277e-05, Final residual = 8.9236529e-09, No Iterations 1
DICPCG:  Solving for p, Initial residual = 0.007520839, Final residual = 7.5171483e-05, No Iterations 322
DICPCG:  Solving for p, Initial residual = 0.0039743639, Final residual = 3.8755101e-05, No Iterations 13
DICPCG:  Solving for p, Initial residual = 0.0003472121, Final residual = 3.4174093e-06, No Iterations 762
DICPCG:  Solving for p, Initial residual = 0.00018338267, Final residual = 1.5964722e-06, No Iterations 761
time step continuity errors : sum local = 1.3721777e-08, global = 2.789748e-13, cumulative = 8.2982083e-07
ExecutionTime = 86.06 s  ClockTime = 86 s

Time = 44

smoothSolver:  Solving for Ux, Initial residual = 3.8195274e-05, Final residual = 2.2779543e-09, No Iterations 2
smoothSolver:  Solving for Uy, Initial residual = 3.1818772e-05, Final residual = 8.2426707e-09, No Iterations 1
DICPCG:  Solving for p, Initial residual = 0.0060767557, Final residual = 5.9804591e-05, No Iterations 319
DICPCG:  Solving for p, Initial residual = 0.0028499669, Final residual = 2.832216e-05, No Iterations 17
DICPCG:  Solving for p, Initial residual = 0.00026060482, Final residual = 2.5270697e-06, No Iterations 764
DICPCG:  Solving for p, Initial residual = 0.00012586279, Final residual = 1.1569851e-06, No Iterations 20
time step continuity errors : sum local = 9.696075e-09, global = -6.8406828e-10, cumulative = 8.2913676e-07
ExecutionTime = 86.97 s  ClockTime = 87 s

Time = 45

smoothSolver:  Solving for Ux, Initial residual = 2.9677872e-05, Final residual = 2.5597755e-09, No Iterations 2
smoothSolver:  Solving for Uy, Initial residual = 2.6994965e-05, Final residual = 8.3673044e-09, No Iterations 1
DICPCG:  Solving for p, Initial residual = 0.0060182386, Final residual = 5.7715931e-05, No Iterations 100
DICPCG:  Solving for p, Initial residual = 0.0015168966, Final residual = 1.3996659e-05, No Iterations 23
DICPCG:  Solving for p, Initial residual = 0.0001747295, Final residual = 1.7136772e-06, No Iterations 761
DICPCG:  Solving for p, Initial residual = 0.00011521719, Final residual = 1.1513122e-06, No Iterations 293
time step continuity errors : sum local = 9.8584611e-09, global = 8.1909432e-10, cumulative = 8.2995586e-07
ExecutionTime = 87.94 s  ClockTime = 88 s

Time = 46

smoothSolver:  Solving for Ux, Initial residual = 2.3021278e-05, Final residual = 2.6814491e-09, No Iterations 2
smoothSolver:  Solving for Uy, Initial residual = 2.1489229e-05, Final residual = 8.100566e-09, No Iterations 1
DICPCG:  Solving for p, Initial residual = 0.0065347783, Final residual = 6.4423614e-05, No Iterations 102
DICPCG:  Solving for p, Initial residual = 0.0015191495, Final residual = 1.4714241e-05, No Iterations 755
DICPCG:  Solving for p, Initial residual = 0.00021716423, Final residual = 2.0651556e-06, No Iterations 288
DICPCG:  Solving for p, Initial residual = 6.061638e-05, Final residual = 5.8831037e-07, No Iterations 772
time step continuity errors : sum local = 5.4114572e-09, global = 6.6777204e-13, cumulative = 8.2995653e-07
ExecutionTime = 89.55 s  ClockTime = 89 s

Time = 47

smoothSolver:  Solving for Ux, Initial residual = 1.9545148e-05, Final residual = 2.3053892e-09, No Iterations 2
smoothSolver:  Solving for Uy, Initial residual = 1.8581159e-05, Final residual = 7.3160871e-09, No Iterations 1
DICPCG:  Solving for p, Initial residual = 0.0063097126, Final residual = 6.2203936e-05, No Iterations 106
DICPCG:  Solving for p, Initial residual = 0.0022967428, Final residual = 2.1940499e-05, No Iterations 275
DICPCG:  Solving for p, Initial residual = 0.00035541883, Final residual = 3.4803848e-06, No Iterations 765
DICPCG:  Solving for p, Initial residual = 0.00012605021, Final residual = 1.2452363e-06, No Iterations 43
time step continuity errors : sum local = 1.0478715e-08, global = 1.9745397e-09, cumulative = 8.3193107e-07
ExecutionTime = 90.55 s  ClockTime = 90 s

Time = 48

smoothSolver:  Solving for Ux, Initial residual = 1.8584356e-05, Final residual = 1.917139e-09, No Iterations 2
smoothSolver:  Solving for Uy, Initial residual = 1.5807415e-05, Final residual = 6.4966285e-09, No Iterations 1
DICPCG:  Solving for p, Initial residual = 0.0051902924, Final residual = 4.9696385e-05, No Iterations 109
DICPCG:  Solving for p, Initial residual = 0.0022922983, Final residual = 2.2916882e-05, No Iterations 247
DICPCG:  Solving for p, Initial residual = 0.00034937688, Final residual = 3.2044663e-06, No Iterations 762
DICPCG:  Solving for p, Initial residual = 0.00013585582, Final residual = 1.2544417e-06, No Iterations 21
time step continuity errors : sum local = 1.0524673e-08, global = 1.8406499e-09, cumulative = 8.3377172e-07
ExecutionTime = 91.58 s  ClockTime = 91 s

Time = 49

smoothSolver:  Solving for Ux, Initial residual = 1.9279337e-05, Final residual = 2.0029727e-09, No Iterations 2
smoothSolver:  Solving for Uy, Initial residual = 1.2803157e-05, Final residual = 6.1964342e-09, No Iterations 1
DICPCG:  Solving for p, Initial residual = 0.0044422093, Final residual = 4.3941951e-05, No Iterations 102
DICPCG:  Solving for p, Initial residual = 0.0016344373, Final residual = 1.6032645e-05, No Iterations 264
DICPCG:  Solving for p, Initial residual = 0.00022671957, Final residual = 1.8470079e-06, No Iterations 769
DICPCG:  Solving for p, Initial residual = 0.00010303943, Final residual = 9.6400159e-07, No Iterations 766
time step continuity errors : sum local = 8.4714695e-09, global = -8.4845374e-13, cumulative = 8.3377087e-07
ExecutionTime = 93.13 s  ClockTime = 93 s

Time = 50

smoothSolver:  Solving for Ux, Initial residual = 1.9487495e-05, Final residual = 2.1258449e-09, No Iterations 2
smoothSolver:  Solving for Uy, Initial residual = 1.034685e-05, Final residual = 6.2721027e-09, No Iterations 1
DICPCG:  Solving for p, Initial residual = 0.0045827346, Final residual = 4.4939525e-05, No Iterations 89
DICPCG:  Solving for p, Initial residual = 0.00099921865, Final residual = 9.8380401e-06, No Iterations 34
DICPCG:  Solving for p, Initial residual = 0.00012196932, Final residual = 1.1747287e-06, No Iterations 763
DICPCG:  Solving for p, Initial residual = 7.3207842e-05, Final residual = 7.1650093e-07, No Iterations 315
time step continuity errors : sum local = 6.2541778e-09, global = 8.7345613e-10, cumulative = 8.3464432e-07
ExecutionTime = 95.03 s  ClockTime = 95 s

surfaceFieldValue flowRateTM write:
    sum(outlet_tm) of phi = 2.5127655e-11

surfaceFieldValue flowRateTM_left write:
    sum(outlet_tm_left) of phi = 2.4872473e-11

surfaceFieldValue pressureACinlet write:
    areaAverage(ac_inlet) of p = 4.0463561

Time = 51

smoothSolver:  Solving for Ux, Initial residual = 1.8523273e-05, Final residual = 2.0737144e-09, No Iterations 2
smoothSolver:  Solving for Uy, Initial residual = 8.5543657e-06, Final residual = 6.0483609e-09, No Iterations 1
DICPCG:  Solving for p, Initial residual = 0.0046018042, Final residual = 4.3789693e-05, No Iterations 100
DICPCG:  Solving for p, Initial residual = 0.0011477076, Final residual = 1.1476126e-05, No Iterations 36
DICPCG:  Solving for p, Initial residual = 0.00012787569, Final residual = 1.1862399e-06, No Iterations 753
DICPCG:  Solving for p, Initial residual = 9.8564994e-05, Final residual = 9.7743907e-07, No Iterations 304
time step continuity errors : sum local = 8.4199746e-09, global = 3.6473797e-10, cumulative = 8.3500906e-07
ExecutionTime = 96.24 s  ClockTime = 96 s

Time = 52

smoothSolver:  Solving for Ux, Initial residual = 1.6505886e-05, Final residual = 1.9305782e-09, No Iterations 2
smoothSolver:  Solving for Uy, Initial residual = 6.9952031e-06, Final residual = 5.7701771e-09, No Iterations 1
DICPCG:  Solving for p, Initial residual = 0.004066399, Final residual = 3.8409949e-05, No Iterations 103
DICPCG:  Solving for p, Initial residual = 0.001295379, Final residual = 1.2680847e-05, No Iterations 255
DICPCG:  Solving for p, Initial residual = 0.00016967657, Final residual = 1.6533844e-06, No Iterations 282
DICPCG:  Solving for p, Initial residual = 5.1923942e-05, Final residual = 4.6906803e-07, No Iterations 311
time step continuity errors : sum local = 4.2105825e-09, global = -3.601276e-10, cumulative = 8.3464893e-07
ExecutionTime = 97.36 s  ClockTime = 97 s

Time = 53

smoothSolver:  Solving for Ux, Initial residual = 1.375805e-05, Final residual = 1.8073836e-09, No Iterations 2
smoothSolver:  Solving for Uy, Initial residual = 6.068768e-06, Final residual = 5.7560184e-09, No Iterations 1
DICPCG:  Solving for p, Initial residual = 0.0034550882, Final residual = 3.2652837e-05, No Iterations 102
DICPCG:  Solving for p, Initial residual = 0.0010468154, Final residual = 1.004135e-05, No Iterations 250
DICPCG:  Solving for p, Initial residual = 0.00012971072, Final residual = 1.2810266e-06, No Iterations 751
DICPCG:  Solving for p, Initial residual = 4.3736166e-05, Final residual = 4.234433e-07, No Iterations 24
time step continuity errors : sum local = 3.6031896e-09, global = -3.092263e-10, cumulative = 8.3433971e-07
ExecutionTime = 98.8 s  ClockTime = 99 s

Time = 54

smoothSolver:  Solving for Ux, Initial residual = 1.066176e-05, Final residual = 1.7355123e-09, No Iterations 2
smoothSolver:  Solving for Uy, Initial residual = 5.448892e-06, Final residual = 5.9473832e-09, No Iterations 1
DICPCG:  Solving for p, Initial residual = 0.0032958272, Final residual = 3.1595906e-05, No Iterations 94
DICPCG:  Solving for p, Initial residual = 0.00072071275, Final residual = 6.763046e-06, No Iterations 29
DICPCG:  Solving for p, Initial residual = 8.1719083e-05, Final residual = 7.9032183e-07, No Iterations 760
DICPCG:  Solving for p, Initial residual = 4.1730988e-05, Final residual = 3.906818e-07, No Iterations 24
time step continuity errors : sum local = 3.3371498e-09, global = -4.2961144e-10, cumulative = 8.339101e-07
ExecutionTime = 100.58 s  ClockTime = 100 s

Time = 55

smoothSolver:  Solving for Ux, Initial residual = 7.7400812e-06, Final residual = 1.6882179e-09, No Iterations 2
smoothSolver:  Solving for Uy, Initial residual = 4.7137999e-06, Final residual = 5.9855347e-09, No Iterations 1
DICPCG:  Solving for p, Initial residual = 0.0033405012, Final residual = 3.2906019e-05, No Iterations 58
DICPCG:  Solving for p, Initial residual = 0.00065142991, Final residual = 6.1910226e-06, No Iterations 82
DICPCG:  Solving for p, Initial residual = 8.3695987e-05, Final residual = 8.1660591e-07, No Iterations 760
DICPCG:  Solving for p, Initial residual = 4.7745193e-05, Final residual = 4.774275e-07, No Iterations 233
time step continuity errors : sum local = 4.2245496e-09, global = -4.3190751e-10, cumulative = 8.3347819e-07
ExecutionTime = 101.86 s  ClockTime = 102 s

Time = 56

smoothSolver:  Solving for Ux, Initial residual = 5.5220509e-06, Final residual = 1.6290319e-09, No Iterations 2
smoothSolver:  Solving for Uy, Initial residual = 3.824509e-06, Final residual = 5.809569e-09, No Iterations 1
DICPCG:  Solving for p, Initial residual = 0.0031419103, Final residual = 3.0901246e-05, No Iterations 98
DICPCG:  Solving for p, Initial residual = 0.00074814754, Final residual = 6.8094211e-06, No Iterations 24
DICPCG:  Solving for p, Initial residual = 8.4188952e-05, Final residual = 7.3228796e-07, No Iterations 754
DICPCG:  Solving for p, Initial residual = 5.6052335e-05, Final residual = 5.3723089e-07, No Iterations 294
time step continuity errors : sum local = 4.756455e-09, global = -3.5753315e-10, cumulative = 8.3312065e-07
ExecutionTime = 103.11 s  ClockTime = 103 s

Time = 57

smoothSolver:  Solving for Ux, Initial residual = 3.9757683e-06, Final residual = 9.941237e-09, No Iterations 1
smoothSolver:  Solving for Uy, Initial residual = 2.897955e-06, Final residual = 5.4890663e-09, No Iterations 1
DICPCG:  Solving for p, Initial residual = 0.0027446526, Final residual = 2.7410114e-05, No Iterations 98
DICPCG:  Solving for p, Initial residual = 0.00068185048, Final residual = 6.7596529e-06, No Iterations 20
DICPCG:  Solving for p, Initial residual = 7.7152861e-05, Final residual = 7.6406936e-07, No Iterations 761
DICPCG:  Solving for p, Initial residual = 4.6691984e-05, Final residual = 4.4884725e-07, No Iterations 289
time step continuity errors : sum local = 4.0264219e-09, global = -2.4389598e-10, cumulative = 8.3287676e-07
ExecutionTime = 104.28 s  ClockTime = 104 s

Time = 58

smoothSolver:  Solving for Ux, Initial residual = 3.0507319e-06, Final residual = 9.8177129e-09, No Iterations 1
smoothSolver:  Solving for Uy, Initial residual = 2.3406289e-06, Final residual = 5.0993116e-09, No Iterations 1
DICPCG:  Solving for p, Initial residual = 0.0024959363, Final residual = 2.3871941e-05, No Iterations 93
DICPCG:  Solving for p, Initial residual = 0.00051562016, Final residual = 5.0299078e-06, No Iterations 27
DICPCG:  Solving for p, Initial residual = 6.4015095e-05, Final residual = 5.9281186e-07, No Iterations 763
DICPCG:  Solving for p, Initial residual = 3.2758323e-05, Final residual = 3.1268076e-07, No Iterations 22
time step continuity errors : sum local = 2.6854759e-09, global = -1.2676085e-10, cumulative = 8.3275e-07
ExecutionTime = 105.49 s  ClockTime = 105 s

Time = 59

smoothSolver:  Solving for Ux, Initial residual = 2.4300927e-06, Final residual = 9.7653262e-09, No Iterations 1
smoothSolver:  Solving for Uy, Initial residual = 1.9661111e-06, Final residual = 4.7655707e-09, No Iterations 1
DICPCG:  Solving for p, Initial residual = 0.0024109777, Final residual = 2.2756083e-05, No Iterations 93
DICPCG:  Solving for p, Initial residual = 0.0004438805, Final residual = 4.4233008e-06, No Iterations 270
DICPCG:  Solving for p, Initial residual = 6.9121952e-05, Final residual = 6.6576915e-07, No Iterations 304
DICPCG:  Solving for p, Initial residual = 2.5415658e-05, Final residual = 2.357569e-07, No Iterations 763
time step continuity errors : sum local = 2.6195908e-09, global = 2.6356014e-13, cumulative = 8.3275026e-07
ExecutionTime = 106.84 s  ClockTime = 107 s

Time = 60

smoothSolver:  Solving for Ux, Initial residual = 1.974041e-06, Final residual = 9.7454641e-09, No Iterations 1
smoothSolver:  Solving for Uy, Initial residual = 1.6488069e-06, Final residual = 4.5520697e-09, No Iterations 1
DICPCG:  Solving for p, Initial residual = 0.0023012546, Final residual = 2.2368228e-05, No Iterations 96
DICPCG:  Solving for p, Initial residual = 0.0004372086, Final residual = 4.1064249e-06, No Iterations 32
DICPCG:  Solving for p, Initial residual = 5.4487365e-05, Final residual = 5.3475428e-07, No Iterations 301
DICPCG:  Solving for p, Initial residual = 3.4074322e-05, Final residual = 3.3523851e-07, No Iterations 295
time step continuity errors : sum local = 3.1179194e-09, global = 4.1306956e-10, cumulative = 8.3316333e-07
ExecutionTime = 107.65 s  ClockTime = 107 s

surfaceFieldValue flowRateTM write:
    sum(outlet_tm) of phi = 2.5127537e-11

surfaceFieldValue flowRateTM_left write:
    sum(outlet_tm_left) of phi = 2.4872523e-11

surfaceFieldValue pressureACinlet write:
    areaAverage(ac_inlet) of p = 4.0465266

Time = 61

smoothSolver:  Solving for Ux, Initial residual = 1.7508613e-06, Final residual = 9.6695643e-09, No Iterations 1
smoothSolver:  Solving for Uy, Initial residual = 1.3875025e-06, Final residual = 4.4944284e-09, No Iterations 1
DICPCG:  Solving for p, Initial residual = 0.0021179364, Final residual = 2.0102993e-05, No Iterations 96
DICPCG:  Solving for p, Initial residual = 0.00042314074, Final residual = 4.0757626e-06, No Iterations 29
DICPCG:  Solving for p, Initial residual = 5.0379626e-05, Final residual = 4.8800572e-07, No Iterations 756
DICPCG:  Solving for p, Initial residual = 3.0145314e-05, Final residual = 2.9019523e-07, No Iterations 309
time step continuity errors : sum local = 2.7650871e-09, global = 8.0322958e-11, cumulative = 8.3324365e-07
ExecutionTime = 108.76 s  ClockTime = 109 s

Time = 62

smoothSolver:  Solving for Ux, Initial residual = 1.5613179e-06, Final residual = 9.4877032e-09, No Iterations 1
smoothSolver:  Solving for Uy, Initial residual = 1.1332588e-06, Final residual = 4.5441167e-09, No Iterations 1
DICPCG:  Solving for p, Initial residual = 0.0019589512, Final residual = 1.7483307e-05, No Iterations 92
DICPCG:  Solving for p, Initial residual = 0.00035590117, Final residual = 3.4175812e-06, No Iterations 29
DICPCG:  Solving for p, Initial residual = 4.5150119e-05, Final residual = 4.115643e-07, No Iterations 741
DICPCG:  Solving for p, Initial residual = 2.2525803e-05, Final residual = 2.0883363e-07, No Iterations 37
time step continuity errors : sum local = 1.8492786e-09, global = 8.7269175e-11, cumulative = 8.3333092e-07
ExecutionTime = 109.65 s  ClockTime = 109 s

Time = 63

smoothSolver:  Solving for Ux, Initial residual = 1.3274755e-06, Final residual = 9.238288e-09, No Iterations 1
smoothSolver:  Solving for Uy, Initial residual = 8.4241549e-07, Final residual = 4.6100163e-09, No Iterations 1
DICPCG:  Solving for p, Initial residual = 0.001874088, Final residual = 1.7731619e-05, No Iterations 89
DICPCG:  Solving for p, Initial residual = 0.00030549131, Final residual = 2.9871703e-06, No Iterations 36
DICPCG:  Solving for p, Initial residual = 4.3414007e-05, Final residual = 4.2768185e-07, No Iterations 755
DICPCG:  Solving for p, Initial residual = 2.0955797e-05, Final residual = 2.0860509e-07, No Iterations 23
time step continuity errors : sum local = 1.8257195e-09, global = 7.1739451e-11, cumulative = 8.3340266e-07
ExecutionTime = 110.48 s  ClockTime = 110 s

Time = 64

smoothSolver:  Solving for Ux, Initial residual = 1.0657014e-06, Final residual = 8.9715328e-09, No Iterations 1
smoothSolver:  Solving for Uy, Initial residual = 6.2947226e-07, Final residual = 4.6151072e-09, No Iterations 1
DICPCG:  Solving for p, Initial residual = 0.0017963313, Final residual = 1.7388109e-05, No Iterations 54
DICPCG:  Solving for p, Initial residual = 0.00026661141, Final residual = 2.6458653e-06, No Iterations 84
DICPCG:  Solving for p, Initial residual = 4.0354036e-05, Final residual = 3.9887626e-07, No Iterations 756
DICPCG:  Solving for p, Initial residual = 1.8382342e-05, Final residual = 1.7701205e-07, No Iterations 286
time step continuity errors : sum local = 1.8698988e-09, global = 4.6348701e-11, cumulative = 8.3344901e-07
ExecutionTime = 111.51 s  ClockTime = 111 s

Time = 65

smoothSolver:  Solving for Ux, Initial residual = 8.9031842e-07, Final residual = 8.7406052e-09, No Iterations 1
smoothSolver:  Solving for Uy, Initial residual = 4.7972441e-07, Final residual = 4.5432774e-09, No Iterations 1
DICPCG:  Solving for p, Initial residual = 0.0016884679, Final residual = 1.662211e-05, No Iterations 84
DICPCG:  Solving for p, Initial residual = 0.00023015992, Final residual = 2.2969544e-06, No Iterations 66
DICPCG:  Solving for p, Initial residual = 3.4027421e-05, Final residual = 3.3091019e-07, No Iterations 309
DICPCG:  Solving for p, Initial residual = 1.6920682e-05, Final residual = 1.6480143e-07, No Iterations 757
time step continuity errors : sum local = 2.1487532e-09, global = -3.2601557e-13, cumulative = 8.3344869e-07
ExecutionTime = 112.62 s  ClockTime = 112 s

Time = 66

smoothSolver:  Solving for Ux, Initial residual = 7.5127484e-07, Final residual = 8.5385117e-09, No Iterations 1
smoothSolver:  Solving for Uy, Initial residual = 4.3883273e-07, Final residual = 4.4165548e-09, No Iterations 1
DICPCG:  Solving for p, Initial residual = 0.001585049, Final residual = 1.5404517e-05, No Iterations 85
DICPCG:  Solving for p, Initial residual = 0.00021207174, Final residual = 2.089828e-06, No Iterations 36
DICPCG:  Solving for p, Initial residual = 3.1099516e-05, Final residual = 3.0663953e-07, No Iterations 280
DICPCG:  Solving for p, Initial residual = 1.6179953e-05, Final residual = 1.6124113e-07, No Iterations 42
time step continuity errors : sum local = 1.4580547e-09, global = -1.2489684e-11, cumulative = 8.334362e-07
ExecutionTime = 113.09 s  ClockTime = 113 s

Time = 67

smoothSolver:  Solving for Ux, Initial residual = 6.3390414e-07, Final residual = 8.3855037e-09, No Iterations 1
smoothSolver:  Solving for Uy, Initial residual = 3.8955943e-07, Final residual = 4.2750033e-09, No Iterations 1
DICPCG:  Solving for p, Initial residual = 0.0014929585, Final residual = 1.4841794e-05, No Iterations 84
DICPCG:  Solving for p, Initial residual = 0.00020202677, Final residual = 1.9641602e-06, No Iterations 248
DICPCG:  Solving for p, Initial residual = 3.4810549e-05, Final residual = 3.1698784e-07, No Iterations 310
DICPCG:  Solving for p, Initial residual = 1.4061027e-05, Final residual = 1.2872019e-07, No Iterations 745
time step continuity errors : sum local = 1.8983949e-09, global = 3.0786119e-13, cumulative = 8.334365e-07
ExecutionTime = 114.35 s  ClockTime = 114 s

Time = 68

smoothSolver:  Solving for Ux, Initial residual = 5.4166538e-07, Final residual = 8.2923992e-09, No Iterations 1
smoothSolver:  Solving for Uy, Initial residual = 3.6731746e-07, Final residual = 4.1494587e-09, No Iterations 1
DICPCG:  Solving for p, Initial residual = 0.0014192591, Final residual = 1.4017554e-05, No Iterations 75
DICPCG:  Solving for p, Initial residual = 0.00018170912, Final residual = 1.690845e-06, No Iterations 85
DICPCG:  Solving for p, Initial residual = 3.1819898e-05, Final residual = 3.0937887e-07, No Iterations 284
DICPCG:  Solving for p, Initial residual = 1.7931428e-05, Final residual = 1.7782207e-07, No Iterations 762
time step continuity errors : sum local = 2.2244929e-09, global = 3.3734482e-13, cumulative = 8.3343684e-07
ExecutionTime = 115.48 s  ClockTime = 115 s

Time = 69

smoothSolver:  Solving for Ux, Initial residual = 4.78015e-07, Final residual = 8.2168051e-09, No Iterations 1
smoothSolver:  Solving for Uy, Initial residual = 3.5211816e-07, Final residual = 4.0536353e-09, No Iterations 1
DICPCG:  Solving for p, Initial residual = 0.0013662241, Final residual = 1.3532064e-05, No Iterations 48
DICPCG:  Solving for p, Initial residual = 0.00015163022, Final residual = 1.4516738e-06, No Iterations 86
DICPCG:  Solving for p, Initial residual = 2.9495783e-05, Final residual = 2.9109561e-07, No Iterations 289
DICPCG:  Solving for p, Initial residual = 1.564525e-05, Final residual = 1.5540871e-07, No Iterations 757
time step continuity errors : sum local = 2.0641644e-09, global = -5.6975928e-13, cumulative = 8.3343627e-07
ExecutionTime = 116.52 s  ClockTime = 116 s

Time = 70

smoothSolver:  Solving for Ux, Initial residual = 4.2342561e-07, Final residual = 8.1234716e-09, No Iterations 1
smoothSolver:  Solving for Uy, Initial residual = 3.2309443e-07, Final residual = 3.9894563e-09, No Iterations 1
DICPCG:  Solving for p, Initial residual = 0.0013172018, Final residual = 1.2864455e-05, No Iterations 83
DICPCG:  Solving for p, Initial residual = 0.00014135506, Final residual = 1.4041513e-06, No Iterations 89
DICPCG:  Solving for p, Initial residual = 2.4008873e-05, Final residual = 2.3884863e-07, No Iterations 279
DICPCG:  Solving for p, Initial residual = 1.2385412e-05, Final residual = 1.1968066e-07, No Iterations 767
time step continuity errors : sum local = 1.8392761e-09, global = -9.2164133e-13, cumulative = 8.3343535e-07
ExecutionTime = 117.58 s  ClockTime = 117 s

surfaceFieldValue flowRateTM write:
    sum(outlet_tm) of phi = 2.5127481e-11

surfaceFieldValue flowRateTM_left write:
    sum(outlet_tm_left) of phi = 2.4872519e-11

surfaceFieldValue pressureACinlet write:
    areaAverage(ac_inlet) of p = 4.0465013

Time = 71

smoothSolver:  Solving for Ux, Initial residual = 3.7463911e-07, Final residual = 8.0030872e-09, No Iterations 1
smoothSolver:  Solving for Uy, Initial residual = 2.7530482e-07, Final residual = 3.9487461e-09, No Iterations 1
DICPCG:  Solving for p, Initial residual = 0.0012637139, Final residual = 1.2143615e-05, No Iterations 83
DICPCG:  Solving for p, Initial residual = 0.00013152463, Final residual = 1.2898457e-06, No Iterations 77
DICPCG:  Solving for p, Initial residual = 2.3098868e-05, Final residual = 2.303007e-07, No Iterations 150
DICPCG:  Solving for p, Initial residual = 1.1047564e-05, Final residual = 1.1043632e-07, No Iterations 261
time step continuity errors : sum local = 1.3423726e-09, global = -1.0727516e-10, cumulative = 8.3332807e-07
ExecutionTime = 118.1 s  ClockTime = 118 s

Time = 72

smoothSolver:  Solving for Ux, Initial residual = 3.2513796e-07, Final residual = 7.8661474e-09, No Iterations 1
smoothSolver:  Solving for Uy, Initial residual = 2.194731e-07, Final residual = 3.9154707e-09, No Iterations 1
DICPCG:  Solving for p, Initial residual = 0.0012141338, Final residual = 1.17884e-05, No Iterations 77
DICPCG:  Solving for p, Initial residual = 0.00011632979, Final residual = 1.0408855e-06, No Iterations 84
DICPCG:  Solving for p, Initial residual = 2.2991894e-05, Final residual = 2.2089059e-07, No Iterations 136
DICPCG:  Solving for p, Initial residual = 1.0518111e-05, Final residual = 1.0277503e-07, No Iterations 41
time step continuity errors : sum local = 9.9106697e-10, global = -6.0324e-11, cumulative = 8.3326775e-07
ExecutionTime = 118.47 s  ClockTime = 118 s

Time = 73

smoothSolver:  Solving for Ux, Initial residual = 2.7342956e-07, Final residual = 7.7232412e-09, No Iterations 1
smoothSolver:  Solving for Uy, Initial residual = 1.7553711e-07, Final residual = 3.8784226e-09, No Iterations 1
DICPCG:  Solving for p, Initial residual = 0.0011734916, Final residual = 1.1403017e-05, No Iterations 42
DICPCG:  Solving for p, Initial residual = 9.688448e-05, Final residual = 9.1868787e-07, No Iterations 85
DICPCG:  Solving for p, Initial residual = 2.1703949e-05, Final residual = 2.1413109e-07, No Iterations 263
DICPCG:  Solving for p, Initial residual = 9.6979497e-06, Final residual = 9.5235794e-08, No Iterations 41
time step continuity errors : sum local = 9.3685068e-10, global = -1.919291e-11, cumulative = 8.3324856e-07
ExecutionTime = 118.91 s  ClockTime = 119 s

Time = 74

smoothSolver:  Solving for Ux, Initial residual = 2.2531462e-07, Final residual = 7.5887707e-09, No Iterations 1
smoothSolver:  Solving for Uy, Initial residual = 1.5277331e-07, Final residual = 3.8319767e-09, No Iterations 1
DICPCG:  Solving for p, Initial residual = 0.0011309342, Final residual = 1.0923043e-05, No Iterations 25
DICPCG:  Solving for p, Initial residual = 8.3963446e-05, Final residual = 7.6157753e-07, No Iterations 86
DICPCG:  Solving for p, Initial residual = 2.0032936e-05, Final residual = 1.8934519e-07, No Iterations 263
DICPCG:  Solving for p, Initial residual = 1.0492624e-05, Final residual = 1.0438352e-07, No Iterations 278
time step continuity errors : sum local = 1.3183982e-09, global = 1.6001928e-11, cumulative = 8.3326456e-07
ExecutionTime = 119.57 s  ClockTime = 119 s

Time = 75

smoothSolver:  Solving for Ux, Initial residual = 1.8644564e-07, Final residual = 7.4722549e-09, No Iterations 1
smoothSolver:  Solving for Uy, Initial residual = 1.3848277e-07, Final residual = 3.7756098e-09, No Iterations 1
DICPCG:  Solving for p, Initial residual = 0.0010884997, Final residual = 9.9447476e-06, No Iterations 35
DICPCG:  Solving for p, Initial residual = 8.1307229e-05, Final residual = 7.9232742e-07, No Iterations 307
DICPCG:  Solving for p, Initial residual = 2.2535501e-05, Final residual = 2.2176285e-07, No Iterations 304
DICPCG:  Solving for p, Initial residual = 8.9696669e-06, Final residual = 8.5493482e-08, No Iterations 40
time step continuity errors : sum local = 8.5255573e-10, global = 4.5617701e-11, cumulative = 8.3331018e-07
ExecutionTime = 120.51 s  ClockTime = 120 s

Time = 76

smoothSolver:  Solving for Ux, Initial residual = 1.6336063e-07, Final residual = 7.3730457e-09, No Iterations 1
smoothSolver:  Solving for Uy, Initial residual = 1.2599109e-07, Final residual = 3.7110033e-09, No Iterations 1
DICPCG:  Solving for p, Initial residual = 0.0010530208, Final residual = 9.9315519e-06, No Iterations 40
DICPCG:  Solving for p, Initial residual = 8.1493722e-05, Final residual = 7.9287135e-07, No Iterations 306
DICPCG:  Solving for p, Initial residual = 2.2862688e-05, Final residual = 2.1510664e-07, No Iterations 285
DICPCG:  Solving for p, Initial residual = 8.9273893e-06, Final residual = 8.0827273e-08, No Iterations 38
time step continuity errors : sum local = 8.1206751e-10, global = 7.0345005e-11, cumulative = 8.3338052e-07
ExecutionTime = 121.4 s  ClockTime = 121 s

Time = 77

smoothSolver:  Solving for Ux, Initial residual = 1.5358737e-07, Final residual = 7.2826421e-09, No Iterations 1
smoothSolver:  Solving for Uy, Initial residual = 1.1225657e-07, Final residual = 3.643071e-09, No Iterations 1
DICPCG:  Solving for p, Initial residual = 0.0010250169, Final residual = 1.0109617e-05, No Iterations 38
DICPCG:  Solving for p, Initial residual = 7.6042325e-05, Final residual = 7.4284806e-07, No Iterations 305
DICPCG:  Solving for p, Initial residual = 2.1446448e-05, Final residual = 2.140316e-07, No Iterations 44
DICPCG:  Solving for p, Initial residual = 8.8401292e-06, Final residual = 8.8270884e-08, No Iterations 297
time step continuity errors : sum local = 1.2461186e-09, global = 9.0992719e-11, cumulative = 8.3347151e-07
ExecutionTime = 122.05 s  ClockTime = 122 s

Time = 78

smoothSolver:  Solving for Ux, Initial residual = 1.4525283e-07, Final residual = 7.1914757e-09, No Iterations 1
smoothSolver:  Solving for Uy, Initial residual = 9.4476432e-08, Final residual = 3.5782446e-09, No Iterations 1
DICPCG:  Solving for p, Initial residual = 0.0009973963, Final residual = 9.5169024e-06, No Iterations 35
DICPCG:  Solving for p, Initial residual = 6.7848358e-05, Final residual = 6.419325e-07, No Iterations 309
DICPCG:  Solving for p, Initial residual = 1.8837172e-05, Final residual = 1.8580834e-07, No Iterations 21
DICPCG:  Solving for p, Initial residual = 8.3765217e-06, Final residual = 7.9971406e-08, No Iterations 753
time step continuity errors : sum local = 1.6096406e-09, global = 7.3349456e-14, cumulative = 8.3347159e-07
ExecutionTime = 122.93 s  ClockTime = 123 s

Time = 79

smoothSolver:  Solving for Ux, Initial residual = 1.4002312e-07, Final residual = 7.0949786e-09, No Iterations 1
smoothSolver:  Solving for Uy, Initial residual = 7.5780211e-08, Final residual = 3.5205881e-09, No Iterations 1
DICPCG:  Solving for p, Initial residual = 0.00097081225, Final residual = 9.4026133e-06, No Iterations 37
DICPCG:  Solving for p, Initial residual = 6.3391866e-05, Final residual = 6.2612954e-07, No Iterations 84
DICPCG:  Solving for p, Initial residual = 1.6072312e-05, Final residual = 1.5942552e-07, No Iterations 270
DICPCG:  Solving for p, Initial residual = 8.8957968e-06, Final residual = 8.6505781e-08, No Iterations 296
time step continuity errors : sum local = 1.2294324e-09, global = 8.5693783e-11, cumulative = 8.3355728e-07
ExecutionTime = 123.53 s  ClockTime = 123 s

Time = 80

smoothSolver:  Solving for Ux, Initial residual = 1.2835272e-07, Final residual = 6.9936208e-09, No Iterations 1
smoothSolver:  Solving for Uy, Initial residual = 6.2490511e-08, Final residual = 3.4717242e-09, No Iterations 1
DICPCG:  Solving for p, Initial residual = 0.00094569486, Final residual = 8.832152e-06, No Iterations 40
DICPCG:  Solving for p, Initial residual = 6.0242044e-05, Final residual = 5.2810599e-07, No Iterations 86
DICPCG:  Solving for p, Initial residual = 1.6078904e-05, Final residual = 1.6066173e-07, No Iterations 264
DICPCG:  Solving for p, Initial residual = 8.8507348e-06, Final residual = 8.7280623e-08, No Iterations 312
time step continuity errors : sum local = 1.2543824e-09, global = 8.3725128e-11, cumulative = 8.3364101e-07
ExecutionTime = 124.11 s  ClockTime = 124 s

surfaceFieldValue flowRateTM write:
    sum(outlet_tm) of phi = 2.5127503e-11

surfaceFieldValue flowRateTM_left write:
    sum(outlet_tm_left) of phi = 2.4872509e-11

surfaceFieldValue pressureACinlet write:
    areaAverage(ac_inlet) of p = 4.0465004

Time = 81

smoothSolver:  Solving for Ux, Initial residual = 1.1440915e-07, Final residual = 6.8914684e-09, No Iterations 1
smoothSolver:  Solving for Uy, Initial residual = 5.4782159e-08, Final residual = 3.4301648e-09, No Iterations 1
DICPCG:  Solving for p, Initial residual = 0.0009225167, Final residual = 8.0866519e-06, No Iterations 42
DICPCG:  Solving for p, Initial residual = 5.6590559e-05, Final residual = 5.237601e-07, No Iterations 91
DICPCG:  Solving for p, Initial residual = 1.6486914e-05, Final residual = 1.5990337e-07, No Iterations 264
DICPCG:  Solving for p, Initial residual = 9.2841567e-06, Final residual = 8.8467391e-08, No Iterations 275
time step continuity errors : sum local = 1.2056362e-09, global = 8.2518579e-11, cumulative = 8.3372353e-07
ExecutionTime = 124.68 s  ClockTime = 124 s

Time = 82

smoothSolver:  Solving for Ux, Initial residual = 1.0301068e-07, Final residual = 6.7920256e-09, No Iterations 1
smoothSolver:  Solving for Uy, Initial residual = 5.1815674e-08, Final residual = 3.3918852e-09, No Iterations 1
DICPCG:  Solving for p, Initial residual = 0.00090073171, Final residual = 8.9110152e-06, No Iterations 40
DICPCG:  Solving for p, Initial residual = 5.2060698e-05, Final residual = 5.1269697e-07, No Iterations 89
DICPCG:  Solving for p, Initial residual = 1.6420034e-05, Final residual = 1.5599853e-07, No Iterations 264
DICPCG:  Solving for p, Initial residual = 9.3693744e-06, Final residual = 9.2702761e-08, No Iterations 305
time step continuity errors : sum local = 1.2811109e-09, global = 8.1857905e-11, cumulative = 8.3380538e-07
ExecutionTime = 125.24 s  ClockTime = 125 s

Time = 83

smoothSolver:  Solving for Ux, Initial residual = 9.4073516e-08, Final residual = 6.6986762e-09, No Iterations 1
smoothSolver:  Solving for Uy, Initial residual = 4.8615428e-08, Final residual = 3.3524501e-09, No Iterations 1
DICPCG:  Solving for p, Initial residual = 0.00087979565, Final residual = 8.6421147e-06, No Iterations 32
DICPCG:  Solving for p, Initial residual = 4.8884366e-05, Final residual = 4.5564673e-07, No Iterations 255
DICPCG:  Solving for p, Initial residual = 1.7977122e-05, Final residual = 1.7573581e-07, No Iterations 314
DICPCG:  Solving for p, Initial residual = 8.1004541e-06, Final residual = 7.9020042e-08, No Iterations 108
time step continuity errors : sum local = 9.3562095e-10, global = 8.1521676e-11, cumulative = 8.3388691e-07
ExecutionTime = 125.82 s  ClockTime = 126 s

Time = 84

smoothSolver:  Solving for Ux, Initial residual = 8.6136639e-08, Final residual = 6.6109278e-09, No Iterations 1
smoothSolver:  Solving for Uy, Initial residual = 4.4957229e-08, Final residual = 3.3092348e-09, No Iterations 1
DICPCG:  Solving for p, Initial residual = 0.00085934766, Final residual = 8.2018408e-06, No Iterations 33
DICPCG:  Solving for p, Initial residual = 4.9344883e-05, Final residual = 4.8641918e-07, No Iterations 305
DICPCG:  Solving for p, Initial residual = 1.7933353e-05, Final residual = 1.7200931e-07, No Iterations 48
DICPCG:  Solving for p, Initial residual = 8.2003451e-06, Final residual = 8.064419e-08, No Iterations 756
time step continuity errors : sum local = 1.6275237e-09, global = 9.1669385e-13, cumulative = 8.3388782e-07
ExecutionTime = 126.71 s  ClockTime = 126 s

Time = 85

smoothSolver:  Solving for Ux, Initial residual = 8.7827555e-08, Final residual = 6.5272905e-09, No Iterations 1
smoothSolver:  Solving for Uy, Initial residual = 4.1692299e-08, Final residual = 3.262535e-09, No Iterations 1
DICPCG:  Solving for p, Initial residual = 0.00084064963, Final residual = 8.0759522e-06, No Iterations 33
DICPCG:  Solving for p, Initial residual = 4.9785564e-05, Final residual = 4.6867418e-07, No Iterations 310
DICPCG:  Solving for p, Initial residual = 1.77516e-05, Final residual = 1.7091807e-07, No Iterations 22
DICPCG:  Solving for p, Initial residual = 8.1150432e-06, Final residual = 7.9542209e-08, No Iterations 276
time step continuity errors : sum local = 1.1508976e-09, global = 5.3388923e-11, cumulative = 8.3394121e-07
ExecutionTime = 127.25 s  ClockTime = 127 s

Time = 86

smoothSolver:  Solving for Ux, Initial residual = 8.0032475e-08, Final residual = 6.4450178e-09, No Iterations 1
smoothSolver:  Solving for Uy, Initial residual = 3.7476691e-08, Final residual = 3.2151679e-09, No Iterations 1
DICPCG:  Solving for p, Initial residual = 0.00082425559, Final residual = 8.1858584e-06, No Iterations 31
DICPCG:  Solving for p, Initial residual = 4.8575019e-05, Final residual = 4.7052188e-07, No Iterations 310
DICPCG:  Solving for p, Initial residual = 1.7785171e-05, Final residual = 1.76921e-07, No Iterations 22
DICPCG:  Solving for p, Initial residual = 8.5458318e-06, Final residual = 8.2388039e-08, No Iterations 264
time step continuity errors : sum local = 1.1660889e-09, global = 4.2345053e-11, cumulative = 8.3398356e-07
ExecutionTime = 127.76 s  ClockTime = 128 s

Time = 87

smoothSolver:  Solving for Ux, Initial residual = 7.266226e-08, Final residual = 6.3632534e-09, No Iterations 1
smoothSolver:  Solving for Uy, Initial residual = 3.388331e-08, Final residual = 3.1699347e-09, No Iterations 1
DICPCG:  Solving for p, Initial residual = 0.00080929966, Final residual = 7.8324401e-06, No Iterations 31
DICPCG:  Solving for p, Initial residual = 4.7866201e-05, Final residual = 4.6495654e-07, No Iterations 306
DICPCG:  Solving for p, Initial residual = 1.7649021e-05, Final residual = 1.7115619e-07, No Iterations 23
DICPCG:  Solving for p, Initial residual = 8.9734249e-06, Final residual = 8.8029246e-08, No Iterations 43
time step continuity errors : sum local = 8.79592e-10, global = 3.3124298e-11, cumulative = 8.3401668e-07
ExecutionTime = 128.12 s  ClockTime = 128 s

Time = 88

smoothSolver:  Solving for Ux, Initial residual = 6.6327321e-08, Final residual = 6.2821834e-09, No Iterations 1
smoothSolver:  Solving for Uy, Initial residual = 3.1046433e-08, Final residual = 3.1284133e-09, No Iterations 1
DICPCG:  Solving for p, Initial residual = 0.00079593461, Final residual = 7.7050589e-06, No Iterations 31
DICPCG:  Solving for p, Initial residual = 4.8542826e-05, Final residual = 4.8127242e-07, No Iterations 303
DICPCG:  Solving for p, Initial residual = 1.8360884e-05, Final residual = 1.8020304e-07, No Iterations 24
DICPCG:  Solving for p, Initial residual = 9.5707694e-06, Final residual = 9.4611947e-08, No Iterations 270
time step continuity errors : sum local = 1.265839e-09, global = 2.5461177e-11, cumulative = 8.3404214e-07
ExecutionTime = 128.64 s  ClockTime = 128 s

Time = 89

smoothSolver:  Solving for Ux, Initial residual = 6.1735948e-08, Final residual = 6.2025674e-09, No Iterations 1
smoothSolver:  Solving for Uy, Initial residual = 2.930413e-08, Final residual = 3.090773e-09, No Iterations 1
DICPCG:  Solving for p, Initial residual = 0.00078428296, Final residual = 7.5982411e-06, No Iterations 31
DICPCG:  Solving for p, Initial residual = 5.0152168e-05, Final residual = 4.6671943e-07, No Iterations 80
DICPCG:  Solving for p, Initial residual = 1.8160111e-05, Final residual = 1.7785118e-07, No Iterations 258
DICPCG:  Solving for p, Initial residual = 1.0993051e-05, Final residual = 1.0689665e-07, No Iterations 46
time step continuity errors : sum local = 1.0355441e-09, global = 1.9075576e-11, cumulative = 8.3406122e-07
ExecutionTime = 129.05 s  ClockTime = 129 s

Time = 90

smoothSolver:  Solving for Ux, Initial residual = 5.8236899e-08, Final residual = 6.1238056e-09, No Iterations 1
smoothSolver:  Solving for Uy, Initial residual = 2.8363985e-08, Final residual = 3.0552997e-09, No Iterations 1
DICPCG:  Solving for p, Initial residual = 0.000773186, Final residual = 7.6333956e-06, No Iterations 31
DICPCG:  Solving for p, Initial residual = 5.0244367e-05, Final residual = 4.9112443e-07, No Iterations 80
DICPCG:  Solving for p, Initial residual = 1.8788929e-05, Final residual = 1.8440646e-07, No Iterations 246
DICPCG:  Solving for p, Initial residual = 1.1459156e-05, Final residual = 1.1420002e-07, No Iterations 47
time step continuity errors : sum local = 1.1043721e-09, global = 1.3802677e-11, cumulative = 8.3407502e-07
ExecutionTime = 129.48 s  ClockTime = 129 s

surfaceFieldValue flowRateTM write:
    sum(outlet_tm) of phi = 2.5127495e-11

surfaceFieldValue flowRateTM_left write:
    sum(outlet_tm_left) of phi = 2.4872507e-11

surfaceFieldValue pressureACinlet write:
    areaAverage(ac_inlet) of p = 4.0464997

Time = 91

smoothSolver:  Solving for Ux, Initial residual = 5.5467063e-08, Final residual = 6.0464482e-09, No Iterations 1
smoothSolver:  Solving for Uy, Initial residual = 2.7611043e-08, Final residual = 3.0195087e-09, No Iterations 1
DICPCG:  Solving for p, Initial residual = 0.00076103372, Final residual = 7.2596711e-06, No Iterations 33
DICPCG:  Solving for p, Initial residual = 4.817549e-05, Final residual = 4.7998093e-07, No Iterations 80
DICPCG:  Solving for p, Initial residual = 1.7774946e-05, Final residual = 1.7708582e-07, No Iterations 262
DICPCG:  Solving for p, Initial residual = 1.1097643e-05, Final residual = 1.0907568e-07, No Iterations 50
time step continuity errors : sum local = 1.0638449e-09, global = 9.4657193e-12, cumulative = 8.3408449e-07
ExecutionTime = 129.93 s  ClockTime = 130 s

Time = 92

smoothSolver:  Solving for Ux, Initial residual = 5.3546556e-08, Final residual = 5.971825e-09, No Iterations 1
smoothSolver:  Solving for Uy, Initial residual = 2.6805442e-08, Final residual = 2.9825333e-09, No Iterations 1
DICPCG:  Solving for p, Initial residual = 0.00074784292, Final residual = 7.1744302e-06, No Iterations 33
DICPCG:  Solving for p, Initial residual = 4.5870473e-05, Final residual = 4.5214615e-07, No Iterations 306
DICPCG:  Solving for p, Initial residual = 1.8081174e-05, Final residual = 1.7880651e-07, No Iterations 39
DICPCG:  Solving for p, Initial residual = 9.0737646e-06, Final residual = 8.2479169e-08, No Iterations 287
time step continuity errors : sum local = 1.2097915e-09, global = 5.9411114e-12, cumulative = 8.3409043e-07
ExecutionTime = 130.65 s  ClockTime = 130 s

Time = 93

smoothSolver:  Solving for Ux, Initial residual = 5.232824e-08, Final residual = 5.8993584e-09, No Iterations 1
smoothSolver:  Solving for Uy, Initial residual = 2.6000535e-08, Final residual = 2.9450516e-09, No Iterations 1
DICPCG:  Solving for p, Initial residual = 0.00073402221, Final residual = 7.1728041e-06, No Iterations 33
DICPCG:  Solving for p, Initial residual = 4.3911246e-05, Final residual = 4.3128684e-07, No Iterations 308
DICPCG:  Solving for p, Initial residual = 1.7368878e-05, Final residual = 1.6013807e-07, No Iterations 40
DICPCG:  Solving for p, Initial residual = 8.220343e-06, Final residual = 7.6438778e-08, No Iterations 292
time step continuity errors : sum local = 1.177368e-09, global = 3.0668738e-12, cumulative = 8.3409349e-07
ExecutionTime = 131.25 s  ClockTime = 131 s

Time = 94

smoothSolver:  Solving for Ux, Initial residual = 5.1020863e-08, Final residual = 5.8285283e-09, No Iterations 1
smoothSolver:  Solving for Uy, Initial residual = 2.5227238e-08, Final residual = 2.9074354e-09, No Iterations 1
DICPCG:  Solving for p, Initial residual = 0.00072020536, Final residual = 6.8710153e-06, No Iterations 33
DICPCG:  Solving for p, Initial residual = 4.1700616e-05, Final residual = 4.0034327e-07, No Iterations 307
DICPCG:  Solving for p, Initial residual = 1.6507596e-05, Final residual = 1.5660344e-07, No Iterations 40
DICPCG:  Solving for p, Initial residual = 7.4229602e-06, Final residual = 7.403345e-08, No Iterations 264
time step continuity errors : sum local = 1.1294901e-09, global = 7.4884569e-13, cumulative = 8.3409424e-07
ExecutionTime = 131.87 s  ClockTime = 132 s

Time = 95

smoothSolver:  Solving for Ux, Initial residual = 4.9699445e-08, Final residual = 5.7573912e-09, No Iterations 1
smoothSolver:  Solving for Uy, Initial residual = 2.4401365e-08, Final residual = 2.8686166e-09, No Iterations 1
DICPCG:  Solving for p, Initial residual = 0.00070697663, Final residual = 7.0645339e-06, No Iterations 32
DICPCG:  Solving for p, Initial residual = 3.8205031e-05, Final residual = 3.5342102e-07, No Iterations 309
DICPCG:  Solving for p, Initial residual = 1.5195817e-05, Final residual = 1.4397864e-07, No Iterations 40
DICPCG:  Solving for p, Initial residual = 7.5821241e-06, Final residual = 7.4445788e-08, No Iterations 244
time step continuity errors : sum local = 1.1087723e-09, global = -1.110648e-12, cumulative = 8.3409313e-07
ExecutionTime = 132.42 s  ClockTime = 132 s

Time = 96

smoothSolver:  Solving for Ux, Initial residual = 4.8345227e-08, Final residual = 5.6875971e-09, No Iterations 1
smoothSolver:  Solving for Uy, Initial residual = 2.3626206e-08, Final residual = 2.8321768e-09, No Iterations 1
DICPCG:  Solving for p, Initial residual = 0.00069416099, Final residual = 6.8102513e-06, No Iterations 31
DICPCG:  Solving for p, Initial residual = 3.5632009e-05, Final residual = 3.2217911e-07, No Iterations 309
DICPCG:  Solving for p, Initial residual = 1.3593946e-05, Final residual = 1.3494918e-07, No Iterations 42
DICPCG:  Solving for p, Initial residual = 6.7263198e-06, Final residual = 6.6043219e-08, No Iterations 243
time step continuity errors : sum local = 1.05173e-09, global = -2.5976967e-12, cumulative = 8.3409053e-07
ExecutionTime = 132.96 s  ClockTime = 133 s

Time = 97

smoothSolver:  Solving for Ux, Initial residual = 4.684433e-08, Final residual = 5.6193484e-09, No Iterations 1
smoothSolver:  Solving for Uy, Initial residual = 2.2998587e-08, Final residual = 2.7975572e-09, No Iterations 1
DICPCG:  Solving for p, Initial residual = 0.00068083996, Final residual = 6.6065433e-06, No Iterations 31
DICPCG:  Solving for p, Initial residual = 3.3770217e-05, Final residual = 3.3601797e-07, No Iterations 309
DICPCG:  Solving for p, Initial residual = 1.2237511e-05, Final residual = 1.2126176e-07, No Iterations 46
DICPCG:  Solving for p, Initial residual = 5.7676314e-06, Final residual = 5.4381926e-08, No Iterations 283
time step continuity errors : sum local = 1.0274095e-09, global = -3.7871516e-12, cumulative = 8.3408675e-07
ExecutionTime = 133.52 s  ClockTime = 133 s

Time = 98

smoothSolver:  Solving for Ux, Initial residual = 4.5446642e-08, Final residual = 5.5528466e-09, No Iterations 1
smoothSolver:  Solving for Uy, Initial residual = 2.2292668e-08, Final residual = 2.7642348e-09, No Iterations 1
DICPCG:  Solving for p, Initial residual = 0.00066697435, Final residual = 6.6606934e-06, No Iterations 31
DICPCG:  Solving for p, Initial residual = 3.2622716e-05, Final residual = 3.1888615e-07, No Iterations 309
DICPCG:  Solving for p, Initial residual = 1.1638502e-05, Final residual = 1.0953606e-07, No Iterations 48
DICPCG:  Solving for p, Initial residual = 5.2383001e-06, Final residual = 4.9576243e-08, No Iterations 285
time step continuity errors : sum local = 9.942473e-10, global = -4.7420366e-12, cumulative = 8.34082e-07
ExecutionTime = 134.08 s  ClockTime = 134 s

Time = 99

smoothSolver:  Solving for Ux, Initial residual = 4.4088135e-08, Final residual = 5.487807e-09, No Iterations 1
smoothSolver:  Solving for Uy, Initial residual = 2.1591256e-08, Final residual = 2.731717e-09, No Iterations 1
DICPCG:  Solving for p, Initial residual = 0.00065301587, Final residual = 6.3418317e-06, No Iterations 33
DICPCG:  Solving for p, Initial residual = 3.1639826e-05, Final residual = 3.16146e-07, No Iterations 304
DICPCG:  Solving for p, Initial residual = 1.1015217e-05, Final residual = 1.0304021e-07, No Iterations 79
DICPCG:  Solving for p, Initial residual = 4.9589012e-06, Final residual = 4.7621068e-08, No Iterations 285
time step continuity errors : sum local = 9.8692165e-10, global = -5.5131481e-12, cumulative = 8.3407649e-07
ExecutionTime = 134.67 s  ClockTime = 134 s

Time = 100

smoothSolver:  Solving for Ux, Initial residual = 4.2818308e-08, Final residual = 5.4240645e-09, No Iterations 1
smoothSolver:  Solving for Uy, Initial residual = 2.0916667e-08, Final residual = 2.699536e-09, No Iterations 1
DICPCG:  Solving for p, Initial residual = 0.00063931732, Final residual = 6.3299832e-06, No Iterations 34
DICPCG:  Solving for p, Initial residual = 3.092308e-05, Final residual = 3.0023117e-07, No Iterations 303
DICPCG:  Solving for p, Initial residual = 1.1345953e-05, Final residual = 1.105037e-07, No Iterations 78
DICPCG:  Solving for p, Initial residual = 5.3521571e-06, Final residual = 5.214075e-08, No Iterations 272
time step continuity errors : sum local = 9.9387175e-10, global = -6.1413893e-12, cumulative = 8.3407035e-07
ExecutionTime = 135.39 s  ClockTime = 135 s

surfaceFieldValue flowRateTM write:
    sum(outlet_tm) of phi = 2.5127494e-11

surfaceFieldValue flowRateTM_left write:
    sum(outlet_tm_left) of phi = 2.4872505e-11

surfaceFieldValue pressureACinlet write:
    areaAverage(ac_inlet) of p = 4.0464997

Time = 101

smoothSolver:  Solving for Ux, Initial residual = 4.1706344e-08, Final residual = 5.3611197e-09, No Iterations 1
smoothSolver:  Solving for Uy, Initial residual = 2.0335651e-08, Final residual = 2.6680347e-09, No Iterations 1
DICPCG:  Solving for p, Initial residual = 0.00062690405, Final residual = 6.1924653e-06, No Iterations 34
DICPCG:  Solving for p, Initial residual = 3.0374279e-05, Final residual = 3.0068556e-07, No Iterations 289
DICPCG:  Solving for p, Initial residual = 1.1359494e-05, Final residual = 1.0612579e-07, No Iterations 77
DICPCG:  Solving for p, Initial residual = 5.5357253e-06, Final residual = 5.33784e-08, No Iterations 285
time step continuity errors : sum local = 1.0301817e-09, global = -6.6566904e-12, cumulative = 8.3406369e-07
ExecutionTime = 136 s  ClockTime = 136 s

Time = 102

smoothSolver:  Solving for Ux, Initial residual = 4.0805075e-08, Final residual = 5.2989598e-09, No Iterations 1
smoothSolver:  Solving for Uy, Initial residual = 1.9857839e-08, Final residual = 2.6372814e-09, No Iterations 1
DICPCG:  Solving for p, Initial residual = 0.00061549983, Final residual = 6.0492408e-06, No Iterations 33
DICPCG:  Solving for p, Initial residual = 3.003973e-05, Final residual = 2.8572115e-07, No Iterations 310
DICPCG:  Solving for p, Initial residual = 1.141987e-05, Final residual = 1.130639e-07, No Iterations 46
DICPCG:  Solving for p, Initial residual = 5.5933227e-06, Final residual = 5.537981e-08, No Iterations 294
time step continuity errors : sum local = 1.0505174e-09, global = -7.0806453e-12, cumulative = 8.3405661e-07
ExecutionTime = 136.63 s  ClockTime = 136 s

Time = 103

smoothSolver:  Solving for Ux, Initial residual = 4.002741e-08, Final residual = 5.2380119e-09, No Iterations 1
smoothSolver:  Solving for Uy, Initial residual = 1.9514678e-08, Final residual = 2.6072909e-09, No Iterations 1
DICPCG:  Solving for p, Initial residual = 0.00060444706, Final residual = 5.7541475e-06, No Iterations 33
DICPCG:  Solving for p, Initial residual = 2.9746546e-05, Final residual = 2.8405138e-07, No Iterations 309
DICPCG:  Solving for p, Initial residual = 1.1478388e-05, Final residual = 1.1401322e-07, No Iterations 46
DICPCG:  Solving for p, Initial residual = 5.7615039e-06, Final residual = 5.5126846e-08, No Iterations 289
time step continuity errors : sum local = 1.0286513e-09, global = -7.4293496e-12, cumulative = 8.3404918e-07
ExecutionTime = 137.26 s  ClockTime = 137 s

Time = 104

smoothSolver:  Solving for Ux, Initial residual = 3.9333563e-08, Final residual = 5.1781446e-09, No Iterations 1
smoothSolver:  Solving for Uy, Initial residual = 1.92728e-08, Final residual = 2.5781669e-09, No Iterations 1
DICPCG:  Solving for p, Initial residual = 0.00059370527, Final residual = 5.8483317e-06, No Iterations 31
DICPCG:  Solving for p, Initial residual = 2.9790748e-05, Final residual = 2.8326564e-07, No Iterations 310
DICPCG:  Solving for p, Initial residual = 1.1817897e-05, Final residual = 1.1579507e-07, No Iterations 44
DICPCG:  Solving for p, Initial residual = 6.0346662e-06, Final residual = 5.6199133e-08, No Iterations 286
time step continuity errors : sum local = 1.0488362e-09, global = -7.7138066e-12, cumulative = 8.3404147e-07
ExecutionTime = 137.86 s  ClockTime = 138 s

Time = 105

smoothSolver:  Solving for Ux, Initial residual = 3.8725158e-08, Final residual = 5.1195098e-09, No Iterations 1
smoothSolver:  Solving for Uy, Initial residual = 1.9024562e-08, Final residual = 2.549604e-09, No Iterations 1
DICPCG:  Solving for p, Initial residual = 0.00058318604, Final residual = 5.6730456e-06, No Iterations 31
DICPCG:  Solving for p, Initial residual = 2.9720735e-05, Final residual = 2.8908916e-07, No Iterations 309
DICPCG:  Solving for p, Initial residual = 1.1968295e-05, Final residual = 1.1683249e-07, No Iterations 44
DICPCG:  Solving for p, Initial residual = 6.1791287e-06, Final residual = 6.172919e-08, No Iterations 286
time step continuity errors : sum local = 1.0739572e-09, global = -7.9421961e-12, cumulative = 8.3403353e-07
ExecutionTime = 138.5 s  ClockTime = 138 s

Time = 106

smoothSolver:  Solving for Ux, Initial residual = 3.8171553e-08, Final residual = 5.0621879e-09, No Iterations 1
smoothSolver:  Solving for Uy, Initial residual = 1.876378e-08, Final residual = 2.5213501e-09, No Iterations 1
DICPCG:  Solving for p, Initial residual = 0.00057311762, Final residual = 5.5725254e-06, No Iterations 31
DICPCG:  Solving for p, Initial residual = 2.9767665e-05, Final residual = 2.7935876e-07, No Iterations 309
DICPCG:  Solving for p, Initial residual = 1.2316029e-05, Final residual = 1.2024974e-07, No Iterations 43
DICPCG:  Solving for p, Initial residual = 6.4663999e-06, Final residual = 6.3271628e-08, No Iterations 284
time step continuity errors : sum local = 1.0733248e-09, global = -8.1217816e-12, cumulative = 8.3402541e-07
ExecutionTime = 139.74 s  ClockTime = 140 s

Time = 107

smoothSolver:  Solving for Ux, Initial residual = 3.7647249e-08, Final residual = 5.0063275e-09, No Iterations 1
smoothSolver:  Solving for Uy, Initial residual = 1.8486061e-08, Final residual = 2.4934054e-09, No Iterations 1
DICPCG:  Solving for p, Initial residual = 0.00056378781, Final residual = 5.465249e-06, No Iterations 31
DICPCG:  Solving for p, Initial residual = 3.0012878e-05, Final residual = 2.9666672e-07, No Iterations 308
DICPCG:  Solving for p, Initial residual = 1.2841218e-05, Final residual = 1.2635515e-07, No Iterations 42
DICPCG:  Solving for p, Initial residual = 6.717033e-06, Final residual = 6.5538695e-08, No Iterations 280
time step continuity errors : sum local = 1.0915106e-09, global = -8.2578996e-12, cumulative = 8.3401715e-07
ExecutionTime = 140.58 s  ClockTime = 140 s

Time = 108

smoothSolver:  Solving for Ux, Initial residual = 3.7128748e-08, Final residual = 4.951584e-09, No Iterations 1
smoothSolver:  Solving for Uy, Initial residual = 1.8206832e-08, Final residual = 2.4656759e-09, No Iterations 1
DICPCG:  Solving for p, Initial residual = 0.00055549325, Final residual = 5.2377718e-06, No Iterations 31
DICPCG:  Solving for p, Initial residual = 3.0211126e-05, Final residual = 2.8987316e-07, No Iterations 308
DICPCG:  Solving for p, Initial residual = 1.246272e-05, Final residual = 1.2140536e-07, No Iterations 42
DICPCG:  Solving for p, Initial residual = 6.0646571e-06, Final residual = 5.5976565e-08, No Iterations 285
time step continuity errors : sum local = 1.036753e-09, global = -8.3568549e-12, cumulative = 8.3400879e-07
ExecutionTime = 141.3 s  ClockTime = 141 s

Time = 109

smoothSolver:  Solving for Ux, Initial residual = 3.6619887e-08, Final residual = 4.8977052e-09, No Iterations 1
smoothSolver:  Solving for Uy, Initial residual = 1.7933893e-08, Final residual = 2.4382202e-09, No Iterations 1
DICPCG:  Solving for p, Initial residual = 0.00054791402, Final residual = 5.1791202e-06, No Iterations 31
DICPCG:  Solving for p, Initial residual = 3.0215255e-05, Final residual = 2.8634001e-07, No Iterations 308
DICPCG:  Solving for p, Initial residual = 1.2390428e-05, Final residual = 1.238776e-07, No Iterations 41
DICPCG:  Solving for p, Initial residual = 5.6877186e-06, Final residual = 5.5777609e-08, No Iterations 285
time step continuity errors : sum local = 1.0531359e-09, global = -8.4233476e-12, cumulative = 8.3400037e-07
ExecutionTime = 141.89 s  ClockTime = 142 s

Time = 110

smoothSolver:  Solving for Ux, Initial residual = 3.6117839e-08, Final residual = 4.8444491e-09, No Iterations 1
smoothSolver:  Solving for Uy, Initial residual = 1.7674154e-08, Final residual = 2.4112811e-09, No Iterations 1
DICPCG:  Solving for p, Initial residual = 0.00054096488, Final residual = 4.9655038e-06, No Iterations 31
DICPCG:  Solving for p, Initial residual = 2.9448778e-05, Final residual = 2.897663e-07, No Iterations 307
DICPCG:  Solving for p, Initial residual = 1.1671369e-05, Final residual = 1.1463595e-07, No Iterations 42
DICPCG:  Solving for p, Initial residual = 5.1778195e-06, Final residual = 5.0076504e-08, No Iterations 285
time step continuity errors : sum local = 1.0100989e-09, global = -8.4624867e-12, cumulative = 8.3399191e-07
ExecutionTime = 142.48 s  ClockTime = 142 s

surfaceFieldValue flowRateTM write:
    sum(outlet_tm) of phi = 2.5127494e-11

surfaceFieldValue flowRateTM_left write:
    sum(outlet_tm_left) of phi = 2.4872505e-11

surfaceFieldValue pressureACinlet write:
    areaAverage(ac_inlet) of p = 4.0464997

Time = 111

smoothSolver:  Solving for Ux, Initial residual = 3.5633973e-08, Final residual = 4.7920772e-09, No Iterations 1
smoothSolver:  Solving for Uy, Initial residual = 1.7440405e-08, Final residual = 2.3848496e-09, No Iterations 1
DICPCG:  Solving for p, Initial residual = 0.00053443248, Final residual = 5.3134803e-06, No Iterations 29
DICPCG:  Solving for p, Initial residual = 2.8868596e-05, Final residual = 2.6566837e-07, No Iterations 309
DICPCG:  Solving for p, Initial residual = 1.0836332e-05, Final residual = 1.0714991e-07, No Iterations 43
DICPCG:  Solving for p, Initial residual = 4.8684434e-06, Final residual = 4.7252781e-08, No Iterations 287
time step continuity errors : sum local = 1.0022318e-09, global = -8.4782514e-12, cumulative = 8.3398343e-07
ExecutionTime = 143.05 s  ClockTime = 143 s

Time = 112

smoothSolver:  Solving for Ux, Initial residual = 3.5163767e-08, Final residual = 4.7405823e-09, No Iterations 1
smoothSolver:  Solving for Uy, Initial residual = 1.7216382e-08, Final residual = 2.3589832e-09, No Iterations 1
DICPCG:  Solving for p, Initial residual = 0.00052861806, Final residual = 5.1023547e-06, No Iterations 29
DICPCG:  Solving for p, Initial residual = 2.8335847e-05, Final residual = 2.8275678e-07, No Iterations 307
DICPCG:  Solving for p, Initial residual = 1.0416545e-05, Final residual = 9.8093042e-08, No Iterations 46
DICPCG:  Solving for p, Initial residual = 4.7663226e-06, Final residual = 4.7153752e-08, No Iterations 288
time step continuity errors : sum local = 9.942535e-10, global = -8.4752856e-12, cumulative = 8.3397495e-07
ExecutionTime = 143.63 s  ClockTime = 143 s

Time = 113

smoothSolver:  Solving for Ux, Initial residual = 3.470507e-08, Final residual = 4.6896108e-09, No Iterations 1
smoothSolver:  Solving for Uy, Initial residual = 1.6995931e-08, Final residual = 2.3336791e-09, No Iterations 1
DICPCG:  Solving for p, Initial residual = 0.00052258707, Final residual = 4.9384783e-06, No Iterations 29
DICPCG:  Solving for p, Initial residual = 2.7368104e-05, Final residual = 2.6190449e-07, No Iterations 309
DICPCG:  Solving for p, Initial residual = 9.9601399e-06, Final residual = 9.8158107e-08, No Iterations 46
DICPCG:  Solving for p, Initial residual = 4.6898653e-06, Final residual = 4.3749847e-08, No Iterations 289
time step continuity errors : sum local = 9.7257384e-10, global = -8.4570907e-12, cumulative = 8.3396649e-07
ExecutionTime = 144.2 s  ClockTime = 144 s

Time = 114

smoothSolver:  Solving for Ux, Initial residual = 3.4256454e-08, Final residual = 4.6391588e-09, No Iterations 1
smoothSolver:  Solving for Uy, Initial residual = 1.678095e-08, Final residual = 2.3100151e-09, No Iterations 1
DICPCG:  Solving for p, Initial residual = 0.00051471083, Final residual = 4.8806865e-06, No Iterations 29
DICPCG:  Solving for p, Initial residual = 2.5777191e-05, Final residual = 2.5110132e-07, No Iterations 311
DICPCG:  Solving for p, Initial residual = 9.9371891e-06, Final residual = 9.6191128e-08, No Iterations 38
DICPCG:  Solving for p, Initial residual = 4.6743476e-06, Final residual = 4.6235315e-08, No Iterations 286
time step continuity errors : sum local = 9.9080482e-10, global = -8.4266904e-12, cumulative = 8.3395807e-07
ExecutionTime = 144.78 s  ClockTime = 145 s

Time = 115

smoothSolver:  Solving for Ux, Initial residual = 3.3838964e-08, Final residual = 4.5904314e-09, No Iterations 1
smoothSolver:  Solving for Uy, Initial residual = 1.6583507e-08, Final residual = 2.2864083e-09, No Iterations 1
DICPCG:  Solving for p, Initial residual = 0.00050579431, Final residual = 4.9328829e-06, No Iterations 29
DICPCG:  Solving for p, Initial residual = 2.5234999e-05, Final residual = 2.4868036e-07, No Iterations 311
DICPCG:  Solving for p, Initial residual = 9.9446903e-06, Final residual = 9.618173e-08, No Iterations 47
DICPCG:  Solving for p, Initial residual = 4.6466637e-06, Final residual = 4.554409e-08, No Iterations 268
time step continuity errors : sum local = 9.560884e-10, global = -8.3869488e-12, cumulative = 8.3394968e-07
ExecutionTime = 145.35 s  ClockTime = 145 s

Time = 116

smoothSolver:  Solving for Ux, Initial residual = 3.3443988e-08, Final residual = 4.5430546e-09, No Iterations 1
smoothSolver:  Solving for Uy, Initial residual = 1.6397095e-08, Final residual = 2.2628995e-09, No Iterations 1
DICPCG:  Solving for p, Initial residual = 0.00049685857, Final residual = 4.5486525e-06, No Iterations 31
DICPCG:  Solving for p, Initial residual = 2.4621196e-05, Final residual = 2.3985737e-07, No Iterations 310
DICPCG:  Solving for p, Initial residual = 9.582341e-06, Final residual = 9.1795662e-08, No Iterations 47
DICPCG:  Solving for p, Initial residual = 4.5754845e-06, Final residual = 4.4770667e-08, No Iterations 277
time step continuity errors : sum local = 9.6651352e-10, global = -8.3414528e-12, cumulative = 8.3394134e-07
ExecutionTime = 145.9 s  ClockTime = 146 s

Time = 117

smoothSolver:  Solving for Ux, Initial residual = 3.3065672e-08, Final residual = 4.4966022e-09, No Iterations 1
smoothSolver:  Solving for Uy, Initial residual = 1.6218368e-08, Final residual = 2.2396984e-09, No Iterations 1
DICPCG:  Solving for p, Initial residual = 0.00048830573, Final residual = 4.5974372e-06, No Iterations 31
DICPCG:  Solving for p, Initial residual = 2.4886126e-05, Final residual = 2.2401612e-07, No Iterations 312
DICPCG:  Solving for p, Initial residual = 9.5649388e-06, Final residual = 9.5234695e-08, No Iterations 44
DICPCG:  Solving for p, Initial residual = 4.620878e-06, Final residual = 4.5740091e-08, No Iterations 280
time step continuity errors : sum local = 9.8070231e-10, global = -8.2927925e-12, cumulative = 8.3393305e-07
ExecutionTime = 146.47 s  ClockTime = 146 s

Time = 118

smoothSolver:  Solving for Ux, Initial residual = 3.2704051e-08, Final residual = 4.4506663e-09, No Iterations 1
smoothSolver:  Solving for Uy, Initial residual = 1.6038063e-08, Final residual = 2.2168867e-09, No Iterations 1
DICPCG:  Solving for p, Initial residual = 0.00048007088, Final residual = 4.516902e-06, No Iterations 31
DICPCG:  Solving for p, Initial residual = 2.501566e-05, Final residual = 2.4513079e-07, No Iterations 311
DICPCG:  Solving for p, Initial residual = 9.5614909e-06, Final residual = 9.5047084e-08, No Iterations 42
DICPCG:  Solving for p, Initial residual = 4.6567333e-06, Final residual = 4.5553613e-08, No Iterations 282
time step continuity errors : sum local = 9.7968214e-10, global = -8.2420618e-12, cumulative = 8.339248e-07
ExecutionTime = 147.03 s  ClockTime = 147 s

Time = 119

smoothSolver:  Solving for Ux, Initial residual = 3.2352047e-08, Final residual = 4.4054123e-09, No Iterations 1
smoothSolver:  Solving for Uy, Initial residual = 1.5860641e-08, Final residual = 2.1943828e-09, No Iterations 1
DICPCG:  Solving for p, Initial residual = 0.00047214038, Final residual = 4.6928878e-06, No Iterations 29
DICPCG:  Solving for p, Initial residual = 2.4935613e-05, Final residual = 2.4876181e-07, No Iterations 310
DICPCG:  Solving for p, Initial residual = 9.6776229e-06, Final residual = 9.6292624e-08, No Iterations 42
DICPCG:  Solving for p, Initial residual = 4.711788e-06, Final residual = 4.6360459e-08, No Iterations 279
time step continuity errors : sum local = 9.8211091e-10, global = -8.1904671e-12, cumulative = 8.3391661e-07
ExecutionTime = 147.56 s  ClockTime = 147 s

Time = 120

smoothSolver:  Solving for Ux, Initial residual = 3.2006899e-08, Final residual = 4.3607315e-09, No Iterations 1
smoothSolver:  Solving for Uy, Initial residual = 1.5685095e-08, Final residual = 2.1722862e-09, No Iterations 1
DICPCG:  Solving for p, Initial residual = 0.00046456533, Final residual = 4.4955655e-06, No Iterations 29
DICPCG:  Solving for p, Initial residual = 2.4527526e-05, Final residual = 2.4184916e-07, No Iterations 310
DICPCG:  Solving for p, Initial residual = 9.5600439e-06, Final residual = 9.1143356e-08, No Iterations 38
DICPCG:  Solving for p, Initial residual = 4.6737768e-06, Final residual = 4.462431e-08, No Iterations 276
time step continuity errors : sum local = 9.6442615e-10, global = -8.1388921e-12, cumulative = 8.3390848e-07
ExecutionTime = 148.11 s  ClockTime = 148 s

surfaceFieldValue flowRateTM write:
    sum(outlet_tm) of phi = 2.5127494e-11

surfaceFieldValue flowRateTM_left write:
    sum(outlet_tm_left) of phi = 2.4872505e-11

surfaceFieldValue pressureACinlet write:
    areaAverage(ac_inlet) of p = 4.0464997

Time = 121

smoothSolver:  Solving for Ux, Initial residual = 3.1663833e-08, Final residual = 4.3165104e-09, No Iterations 1
smoothSolver:  Solving for Uy, Initial residual = 1.5515268e-08, Final residual = 2.1506551e-09, No Iterations 1
DICPCG:  Solving for p, Initial residual = 0.00045727127, Final residual = 4.3580962e-06, No Iterations 29
DICPCG:  Solving for p, Initial residual = 2.4134938e-05, Final residual = 2.3654621e-07, No Iterations 310
DICPCG:  Solving for p, Initial residual = 9.4316539e-06, Final residual = 9.3841572e-08, No Iterations 37
DICPCG:  Solving for p, Initial residual = 4.5353562e-06, Final residual = 4.3761892e-08, No Iterations 276
time step continuity errors : sum local = 9.5589709e-10, global = -8.0873858e-12, cumulative = 8.3390039e-07
ExecutionTime = 148.66 s  ClockTime = 149 s

Time = 122

smoothSolver:  Solving for Ux, Initial residual = 3.1328643e-08, Final residual = 4.2729745e-09, No Iterations 1
smoothSolver:  Solving for Uy, Initial residual = 1.5350191e-08, Final residual = 2.1294118e-09, No Iterations 1
DICPCG:  Solving for p, Initial residual = 0.00045035487, Final residual = 4.2839189e-06, No Iterations 29
DICPCG:  Solving for p, Initial residual = 2.3825113e-05, Final residual = 2.230383e-07, No Iterations 310
DICPCG:  Solving for p, Initial residual = 9.1769616e-06, Final residual = 8.8240503e-08, No Iterations 38
DICPCG:  Solving for p, Initial residual = 4.5128208e-06, Final residual = 4.4664447e-08, No Iterations 277
time step continuity errors : sum local = 9.7481424e-10, global = -8.0361872e-12, cumulative = 8.3389235e-07
ExecutionTime = 149.26 s  ClockTime = 149 s

Time = 123

smoothSolver:  Solving for Ux, Initial residual = 3.1002735e-08, Final residual = 4.2302688e-09, No Iterations 1
smoothSolver:  Solving for Uy, Initial residual = 1.5189638e-08, Final residual = 2.1084945e-09, No Iterations 1
DICPCG:  Solving for p, Initial residual = 0.00044378558, Final residual = 4.2396954e-06, No Iterations 29
DICPCG:  Solving for p, Initial residual = 2.3387398e-05, Final residual = 2.2306342e-07, No Iterations 310
DICPCG:  Solving for p, Initial residual = 8.9472989e-06, Final residual = 8.5639584e-08, No Iterations 38
DICPCG:  Solving for p, Initial residual = 4.3754406e-06, Final residual = 4.2285459e-08, No Iterations 279
time step continuity errors : sum local = 9.7933019e-10, global = -7.9852335e-12, cumulative = 8.3388437e-07
ExecutionTime = 149.85 s  ClockTime = 150 s

Time = 124

smoothSolver:  Solving for Ux, Initial residual = 3.0688103e-08, Final residual = 4.1885e-09, No Iterations 1
smoothSolver:  Solving for Uy, Initial residual = 1.5033093e-08, Final residual = 2.087916e-09, No Iterations 1
DICPCG:  Solving for p, Initial residual = 0.00043743542, Final residual = 4.1981602e-06, No Iterations 29
DICPCG:  Solving for p, Initial residual = 2.2973026e-05, Final residual = 2.268495e-07, No Iterations 310
DICPCG:  Solving for p, Initial residual = 8.677501e-06, Final residual = 8.5278264e-08, No Iterations 38
DICPCG:  Solving for p, Initial residual = 4.1945628e-06, Final residual = 4.0279041e-08, No Iterations 279
time step continuity errors : sum local = 9.5660971e-10, global = -7.9345437e-12, cumulative = 8.3387643e-07
ExecutionTime = 150.43 s  ClockTime = 150 s

Time = 125

smoothSolver:  Solving for Ux, Initial residual = 3.0380763e-08, Final residual = 4.1474849e-09, No Iterations 1
smoothSolver:  Solving for Uy, Initial residual = 1.4882219e-08, Final residual = 2.0675977e-09, No Iterations 1
DICPCG:  Solving for p, Initial residual = 0.00043135672, Final residual = 4.1351062e-06, No Iterations 29
DICPCG:  Solving for p, Initial residual = 2.2529381e-05, Final residual = 2.1412528e-07, No Iterations 311
DICPCG:  Solving for p, Initial residual = 8.4589647e-06, Final residual = 8.3036572e-08, No Iterations 37
DICPCG:  Solving for p, Initial residual = 4.0652607e-06, Final residual = 3.8715394e-08, No Iterations 278
time step continuity errors : sum local = 9.5622536e-10, global = -7.8842607e-12, cumulative = 8.3386855e-07
ExecutionTime = 151.17 s  ClockTime = 151 s

Time = 126

smoothSolver:  Solving for Ux, Initial residual = 3.0075154e-08, Final residual = 4.107067e-09, No Iterations 1
smoothSolver:  Solving for Uy, Initial residual = 1.4735813e-08, Final residual = 2.0476257e-09, No Iterations 1
DICPCG:  Solving for p, Initial residual = 0.00042541854, Final residual = 4.0502739e-06, No Iterations 29
DICPCG:  Solving for p, Initial residual = 2.2119666e-05, Final residual = 2.0932053e-07, No Iterations 311
DICPCG:  Solving for p, Initial residual = 8.2902204e-06, Final residual = 8.2737288e-08, No Iterations 37
DICPCG:  Solving for p, Initial residual = 3.9742498e-06, Final residual = 3.9557647e-08, No Iterations 274
time step continuity errors : sum local = 9.4995361e-10, global = -7.8349955e-12, cumulative = 8.3386071e-07
ExecutionTime = 151.73 s  ClockTime = 152 s

Time = 127

smoothSolver:  Solving for Ux, Initial residual = 2.976776e-08, Final residual = 4.0671661e-09, No Iterations 1
smoothSolver:  Solving for Uy, Initial residual = 1.4592603e-08, Final residual = 2.0280465e-09, No Iterations 1
DICPCG:  Solving for p, Initial residual = 0.00041952585, Final residual = 3.9554806e-06, No Iterations 29
DICPCG:  Solving for p, Initial residual = 2.1812617e-05, Final residual = 2.1611048e-07, No Iterations 310
DICPCG:  Solving for p, Initial residual = 8.1336767e-06, Final residual = 7.9874577e-08, No Iterations 38
DICPCG:  Solving for p, Initial residual = 3.8440313e-06, Final residual = 3.7704371e-08, No Iterations 285
time step continuity errors : sum local = 9.5356484e-10, global = -7.7858234e-12, cumulative = 8.3385293e-07
ExecutionTime = 152.31 s  ClockTime = 152 s

Time = 128

smoothSolver:  Solving for Ux, Initial residual = 2.9470894e-08, Final residual = 4.0278974e-09, No Iterations 1
smoothSolver:  Solving for Uy, Initial residual = 1.4448697e-08, Final residual = 2.0086972e-09, No Iterations 1
DICPCG:  Solving for p, Initial residual = 0.00041371038, Final residual = 3.8719728e-06, No Iterations 29
DICPCG:  Solving for p, Initial residual = 2.140338e-05, Final residual = 1.9967785e-07, No Iterations 311
DICPCG:  Solving for p, Initial residual = 7.9400245e-06, Final residual = 7.8015036e-08, No Iterations 33
DICPCG:  Solving for p, Initial residual = 3.7424426e-06, Final residual = 3.5785791e-08, No Iterations 286
time step continuity errors : sum local = 9.5016269e-10, global = -7.7367436e-12, cumulative = 8.3384519e-07
ExecutionTime = 152.88 s  ClockTime = 153 s

Time = 129

smoothSolver:  Solving for Ux, Initial residual = 2.9174349e-08, Final residual = 3.9892622e-09, No Iterations 1
smoothSolver:  Solving for Uy, Initial residual = 1.4307098e-08, Final residual = 1.9896179e-09, No Iterations 1
DICPCG:  Solving for p, Initial residual = 0.00040796689, Final residual = 3.7988557e-06, No Iterations 29
DICPCG:  Solving for p, Initial residual = 2.0897928e-05, Final residual = 1.9335988e-07, No Iterations 311
DICPCG:  Solving for p, Initial residual = 7.7526762e-06, Final residual = 7.5433891e-08, No Iterations 33
DICPCG:  Solving for p, Initial residual = 3.6150393e-06, Final residual = 3.6098954e-08, No Iterations 287
time step continuity errors : sum local = 9.4374118e-10, global = -7.6877001e-12, cumulative = 8.338375e-07
ExecutionTime = 153.47 s  ClockTime = 153 s

Time = 130

smoothSolver:  Solving for Ux, Initial residual = 2.8890465e-08, Final residual = 3.9512111e-09, No Iterations 1
smoothSolver:  Solving for Uy, Initial residual = 1.4165309e-08, Final residual = 1.9708333e-09, No Iterations 1
DICPCG:  Solving for p, Initial residual = 0.00040227971, Final residual = 3.7481941e-06, No Iterations 29
DICPCG:  Solving for p, Initial residual = 2.0366921e-05, Final residual = 1.8645021e-07, No Iterations 311
DICPCG:  Solving for p, Initial residual = 7.4461997e-06, Final residual = 7.3712035e-08, No Iterations 40
DICPCG:  Solving for p, Initial residual = 3.5007194e-06, Final residual = 3.3474125e-08, No Iterations 278
time step continuity errors : sum local = 9.2795089e-10, global = -7.6386282e-12, cumulative = 8.3382986e-07
ExecutionTime = 154.01 s  ClockTime = 154 s

surfaceFieldValue flowRateTM write:
    sum(outlet_tm) of phi = 2.5127494e-11

surfaceFieldValue flowRateTM_left write:
    sum(outlet_tm_left) of phi = 2.4872505e-11

surfaceFieldValue pressureACinlet write:
    areaAverage(ac_inlet) of p = 4.0464997

Time = 131

smoothSolver:  Solving for Ux, Initial residual = 2.8599957e-08, Final residual = 3.9136625e-09, No Iterations 1
smoothSolver:  Solving for Uy, Initial residual = 1.4031175e-08, Final residual = 1.9523403e-09, No Iterations 1
DICPCG:  Solving for p, Initial residual = 0.00039676849, Final residual = 3.7082607e-06, No Iterations 29
DICPCG:  Solving for p, Initial residual = 1.9970262e-05, Final residual = 1.872221e-07, No Iterations 311
DICPCG:  Solving for p, Initial residual = 7.3365118e-06, Final residual = 7.3192346e-08, No Iterations 42
DICPCG:  Solving for p, Initial residual = 3.4457656e-06, Final residual = 3.3691684e-08, No Iterations 273
time step continuity errors : sum local = 9.0922709e-10, global = -7.5890719e-12, cumulative = 8.3382227e-07
ExecutionTime = 154.55 s  ClockTime = 154 s

Time = 132

smoothSolver:  Solving for Ux, Initial residual = 2.8314122e-08, Final residual = 3.8766553e-09, No Iterations 1
smoothSolver:  Solving for Uy, Initial residual = 1.3899743e-08, Final residual = 1.9340734e-09, No Iterations 1
DICPCG:  Solving for p, Initial residual = 0.00039134887, Final residual = 3.9062436e-06, No Iterations 28
DICPCG:  Solving for p, Initial residual = 1.9658556e-05, Final residual = 1.9530435e-07, No Iterations 310
DICPCG:  Solving for p, Initial residual = 7.2418147e-06, Final residual = 7.172632e-08, No Iterations 46
DICPCG:  Solving for p, Initial residual = 3.3948177e-06, Final residual = 3.2775047e-08, No Iterations 278
time step continuity errors : sum local = 9.3108163e-10, global = -7.5400531e-12, cumulative = 8.3381473e-07
ExecutionTime = 155.15 s  ClockTime = 155 s

Time = 133

smoothSolver:  Solving for Ux, Initial residual = 2.8036052e-08, Final residual = 3.8401671e-09, No Iterations 1
smoothSolver:  Solving for Uy, Initial residual = 1.3766682e-08, Final residual = 1.9159896e-09, No Iterations 1
DICPCG:  Solving for p, Initial residual = 0.00038600172, Final residual = 3.8290197e-06, No Iterations 28
DICPCG:  Solving for p, Initial residual = 1.9417842e-05, Final residual = 1.8142871e-07, No Iterations 311
DICPCG:  Solving for p, Initial residual = 7.220392e-06, Final residual = 7.0946965e-08, No Iterations 46
DICPCG:  Solving for p, Initial residual = 3.3876106e-06, Final residual = 3.3607677e-08, No Iterations 278
time step continuity errors : sum local = 9.3004101e-10, global = -7.4909732e-12, cumulative = 8.3380724e-07
ExecutionTime = 155.73 s  ClockTime = 156 s

Time = 134

smoothSolver:  Solving for Ux, Initial residual = 2.7765619e-08, Final residual = 3.8043005e-09, No Iterations 1
smoothSolver:  Solving for Uy, Initial residual = 1.3634583e-08, Final residual = 1.8981376e-09, No Iterations 1
DICPCG:  Solving for p, Initial residual = 0.00038081197, Final residual = 3.7410272e-06, No Iterations 28
DICPCG:  Solving for p, Initial residual = 1.921723e-05, Final residual = 1.7966322e-07, No Iterations 311
DICPCG:  Solving for p, Initial residual = 7.1137541e-06, Final residual = 7.1007604e-08, No Iterations 45
DICPCG:  Solving for p, Initial residual = 3.3746399e-06, Final residual = 3.3199278e-08, No Iterations 279
time step continuity errors : sum local = 9.2246671e-10, global = -7.4425589e-12, cumulative = 8.337998e-07
ExecutionTime = 156.45 s  ClockTime = 156 s

Time = 135

smoothSolver:  Solving for Ux, Initial residual = 2.7501443e-08, Final residual = 3.7690692e-09, No Iterations 1
smoothSolver:  Solving for Uy, Initial residual = 1.350497e-08, Final residual = 1.8806225e-09, No Iterations 1
DICPCG:  Solving for p, Initial residual = 0.00037586719, Final residual = 3.6452017e-06, No Iterations 28
DICPCG:  Solving for p, Initial residual = 1.9009306e-05, Final residual = 1.7795258e-07, No Iterations 311
DICPCG:  Solving for p, Initial residual = 7.1037112e-06, Final residual = 7.0225534e-08, No Iterations 42
DICPCG:  Solving for p, Initial residual = 3.3969832e-06, Final residual = 3.3493979e-08, No Iterations 280
time step continuity errors : sum local = 9.1709337e-10, global = -7.3945603e-12, cumulative = 8.3379241e-07
ExecutionTime = 157.12 s  ClockTime = 157 s

Time = 136

smoothSolver:  Solving for Ux, Initial residual = 2.7242579e-08, Final residual = 3.7342335e-09, No Iterations 1
smoothSolver:  Solving for Uy, Initial residual = 1.3378555e-08, Final residual = 1.8634698e-09, No Iterations 1
DICPCG:  Solving for p, Initial residual = 0.00037114043, Final residual = 3.6970594e-06, No Iterations 27
DICPCG:  Solving for p, Initial residual = 1.871209e-05, Final residual = 1.8523835e-07, No Iterations 311
DICPCG:  Solving for p, Initial residual = 7.0187538e-06, Final residual = 6.9017017e-08, No Iterations 42
DICPCG:  Solving for p, Initial residual = 3.3496776e-06, Final residual = 3.2818796e-08, No Iterations 283
time step continuity errors : sum local = 9.1706982e-10, global = -7.3475767e-12, cumulative = 8.3378506e-07
ExecutionTime = 157.72 s  ClockTime = 158 s

Time = 137

smoothSolver:  Solving for Ux, Initial residual = 2.6985809e-08, Final residual = 3.699697e-09, No Iterations 1
smoothSolver:  Solving for Uy, Initial residual = 1.3253938e-08, Final residual = 1.8466386e-09, No Iterations 1
DICPCG:  Solving for p, Initial residual = 0.00036643319, Final residual = 3.6054729e-06, No Iterations 27
DICPCG:  Solving for p, Initial residual = 1.8444588e-05, Final residual = 1.7938164e-07, No Iterations 312
DICPCG:  Solving for p, Initial residual = 6.9262472e-06, Final residual = 6.8267428e-08, No Iterations 42
DICPCG:  Solving for p, Initial residual = 3.3186994e-06, Final residual = 3.2987852e-08, No Iterations 279
time step continuity errors : sum local = 9.2683535e-10, global = -7.3010426e-12, cumulative = 8.3377776e-07
ExecutionTime = 158.31 s  ClockTime = 158 s

Time = 138

smoothSolver:  Solving for Ux, Initial residual = 2.672988e-08, Final residual = 3.6656876e-09, No Iterations 1
smoothSolver:  Solving for Uy, Initial residual = 1.3131581e-08, Final residual = 1.8299689e-09, No Iterations 1
DICPCG:  Solving for p, Initial residual = 0.00036164449, Final residual = 3.5305194e-06, No Iterations 27
DICPCG:  Solving for p, Initial residual = 1.8375923e-05, Final residual = 1.8314111e-07, No Iterations 310
DICPCG:  Solving for p, Initial residual = 6.9452164e-06, Final residual = 6.7587773e-08, No Iterations 44
DICPCG:  Solving for p, Initial residual = 3.3417518e-06, Final residual = 3.2514101e-08, No Iterations 279
time step continuity errors : sum local = 9.2919754e-10, global = -7.2551264e-12, cumulative = 8.337705e-07
ExecutionTime = 158.92 s  ClockTime = 159 s

Time = 139

smoothSolver:  Solving for Ux, Initial residual = 2.6476665e-08, Final residual = 3.6322017e-09, No Iterations 1
smoothSolver:  Solving for Uy, Initial residual = 1.3010548e-08, Final residual = 1.8134802e-09, No Iterations 1
DICPCG:  Solving for p, Initial residual = 0.00035696352, Final residual = 3.4770401e-06, No Iterations 27
DICPCG:  Solving for p, Initial residual = 1.8319031e-05, Final residual = 1.7102643e-07, No Iterations 311
DICPCG:  Solving for p, Initial residual = 6.9340625e-06, Final residual = 6.8234459e-08, No Iterations 44
DICPCG:  Solving for p, Initial residual = 3.3687141e-06, Final residual = 3.1866782e-08, No Iterations 283
time step continuity errors : sum local = 9.1909278e-10, global = -7.2100136e-12, cumulative = 8.3376329e-07
ExecutionTime = 159.75 s  ClockTime = 160 s

Time = 140

smoothSolver:  Solving for Ux, Initial residual = 2.6227138e-08, Final residual = 3.5991962e-09, No Iterations 1
smoothSolver:  Solving for Uy, Initial residual = 1.2890529e-08, Final residual = 1.7971971e-09, No Iterations 1
DICPCG:  Solving for p, Initial residual = 0.00035238807, Final residual = 3.4376579e-06, No Iterations 27
DICPCG:  Solving for p, Initial residual = 1.8201616e-05, Final residual = 1.79612e-07, No Iterations 311
DICPCG:  Solving for p, Initial residual = 6.8852578e-06, Final residual = 6.7934951e-08, No Iterations 42
DICPCG:  Solving for p, Initial residual = 3.3301708e-06, Final residual = 3.3264113e-08, No Iterations 278
time step continuity errors : sum local = 9.2134884e-10, global = -7.165403e-12, cumulative = 8.3375613e-07
ExecutionTime = 160.45 s  ClockTime = 160 s

surfaceFieldValue flowRateTM write:
    sum(outlet_tm) of phi = 2.5127494e-11

surfaceFieldValue flowRateTM_left write:
    sum(outlet_tm_left) of phi = 2.4872505e-11

surfaceFieldValue pressureACinlet write:
    areaAverage(ac_inlet) of p = 4.0464997

Time = 141

smoothSolver:  Solving for Ux, Initial residual = 2.5977755e-08, Final residual = 3.5667023e-09, No Iterations 1
smoothSolver:  Solving for Uy, Initial residual = 1.2773102e-08, Final residual = 1.7811497e-09, No Iterations 1
DICPCG:  Solving for p, Initial residual = 0.00034804098, Final residual = 3.4039169e-06, No Iterations 27
DICPCG:  Solving for p, Initial residual = 1.8131262e-05, Final residual = 1.7812316e-07, No Iterations 312
DICPCG:  Solving for p, Initial residual = 6.8590166e-06, Final residual = 6.469963e-08, No Iterations 42
DICPCG:  Solving for p, Initial residual = 3.3473723e-06, Final residual = 3.2733156e-08, No Iterations 278
time step continuity errors : sum local = 9.2483981e-10, global = -7.1217219e-12, cumulative = 8.3374901e-07
ExecutionTime = 161.18 s  ClockTime = 161 s

Time = 142

smoothSolver:  Solving for Ux, Initial residual = 2.5734986e-08, Final residual = 3.5347573e-09, No Iterations 1
smoothSolver:  Solving for Uy, Initial residual = 1.2658517e-08, Final residual = 1.7653826e-09, No Iterations 1
DICPCG:  Solving for p, Initial residual = 0.00034385023, Final residual = 3.3660018e-06, No Iterations 27
DICPCG:  Solving for p, Initial residual = 1.8054445e-05, Final residual = 1.7141685e-07, No Iterations 312
DICPCG:  Solving for p, Initial residual = 6.921018e-06, Final residual = 6.8134024e-08, No Iterations 40
DICPCG:  Solving for p, Initial residual = 3.4020413e-06, Final residual = 3.3081405e-08, No Iterations 278
time step continuity errors : sum local = 9.2320294e-10, global = -7.0787834e-12, cumulative = 8.3374193e-07
ExecutionTime = 161.78 s  ClockTime = 162 s

Time = 143

smoothSolver:  Solving for Ux, Initial residual = 2.549599e-08, Final residual = 3.503255e-09, No Iterations 1
smoothSolver:  Solving for Uy, Initial residual = 1.2545512e-08, Final residual = 1.7498582e-09, No Iterations 1
DICPCG:  Solving for p, Initial residual = 0.00033971346, Final residual = 3.3200661e-06, No Iterations 27
DICPCG:  Solving for p, Initial residual = 1.7981715e-05, Final residual = 1.7629408e-07, No Iterations 310
DICPCG:  Solving for p, Initial residual = 6.9408366e-06, Final residual = 6.9348149e-08, No Iterations 40
DICPCG:  Solving for p, Initial residual = 3.4483425e-06, Final residual = 3.2794808e-08, No Iterations 284
time step continuity errors : sum local = 9.1855096e-10, global = -7.0365175e-12, cumulative = 8.3373489e-07
ExecutionTime = 162.4 s  ClockTime = 162 s

Time = 144

smoothSolver:  Solving for Ux, Initial residual = 2.5264777e-08, Final residual = 3.4722474e-09, No Iterations 1
smoothSolver:  Solving for Uy, Initial residual = 1.2433756e-08, Final residual = 1.7345933e-09, No Iterations 1
DICPCG:  Solving for p, Initial residual = 0.00033558864, Final residual = 3.2654713e-06, No Iterations 27
DICPCG:  Solving for p, Initial residual = 1.7912789e-05, Final residual = 1.7456348e-07, No Iterations 310
DICPCG:  Solving for p, Initial residual = 6.950513e-06, Final residual = 6.9237103e-08, No Iterations 41
DICPCG:  Solving for p, Initial residual = 3.4622805e-06, Final residual = 3.3819465e-08, No Iterations 285
time step continuity errors : sum local = 9.3124351e-10, global = -6.9952015e-12, cumulative = 8.337279e-07
ExecutionTime = 163 s  ClockTime = 163 s

Time = 145

smoothSolver:  Solving for Ux, Initial residual = 2.5036545e-08, Final residual = 3.4416975e-09, No Iterations 1
smoothSolver:  Solving for Uy, Initial residual = 1.2323096e-08, Final residual = 1.719523e-09, No Iterations 1
DICPCG:  Solving for p, Initial residual = 0.00033149493, Final residual = 3.2026526e-06, No Iterations 27
DICPCG:  Solving for p, Initial residual = 1.7709259e-05, Final residual = 1.7483548e-07, No Iterations 309
DICPCG:  Solving for p, Initial residual = 7.0389638e-06, Final residual = 6.6803227e-08, No Iterations 42
DICPCG:  Solving for p, Initial residual = 3.4898206e-06, Final residual = 3.4357066e-08, No Iterations 288
time step continuity errors : sum local = 9.3919889e-10, global = -6.954906e-12, cumulative = 8.3372094e-07
ExecutionTime = 163.59 s  ClockTime = 163 s

Time = 146

smoothSolver:  Solving for Ux, Initial residual = 2.4812571e-08, Final residual = 3.4116936e-09, No Iterations 1
smoothSolver:  Solving for Uy, Initial residual = 1.2214129e-08, Final residual = 1.7046489e-09, No Iterations 1
DICPCG:  Solving for p, Initial residual = 0.00032749954, Final residual = 3.1291031e-06, No Iterations 27
DICPCG:  Solving for p, Initial residual = 1.7399807e-05, Final residual = 1.7047384e-07, No Iterations 309
DICPCG:  Solving for p, Initial residual = 7.1125906e-06, Final residual = 7.0599264e-08, No Iterations 41
DICPCG:  Solving for p, Initial residual = 3.5498555e-06, Final residual = 3.4780004e-08, No Iterations 288
time step continuity errors : sum local = 9.4321535e-10, global = -6.9151319e-12, cumulative = 8.3371403e-07
ExecutionTime = 164.19 s  ClockTime = 164 s

Time = 147

smoothSolver:  Solving for Ux, Initial residual = 2.4591427e-08, Final residual = 3.3821548e-09, No Iterations 1
smoothSolver:  Solving for Uy, Initial residual = 1.2107705e-08, Final residual = 1.6900086e-09, No Iterations 1
DICPCG:  Solving for p, Initial residual = 0.00032364095, Final residual = 3.2108339e-06, No Iterations 26
DICPCG:  Solving for p, Initial residual = 1.7110389e-05, Final residual = 1.6854779e-07, No Iterations 309
DICPCG:  Solving for p, Initial residual = 7.0899713e-06, Final residual = 7.0630192e-08, No Iterations 40
DICPCG:  Solving for p, Initial residual = 3.5542148e-06, Final residual = 3.5121524e-08, No Iterations 288
time step continuity errors : sum local = 9.4146898e-10, global = -6.8764001e-12, cumulative = 8.3370715e-07
ExecutionTime = 164.86 s  ClockTime = 165 s

Time = 148

smoothSolver:  Solving for Ux, Initial residual = 2.4369752e-08, Final residual = 3.3530661e-09, No Iterations 1
smoothSolver:  Solving for Uy, Initial residual = 1.2003361e-08, Final residual = 1.6755913e-09, No Iterations 1
DICPCG:  Solving for p, Initial residual = 0.00031990685, Final residual = 3.1507661e-06, No Iterations 26
DICPCG:  Solving for p, Initial residual = 1.6731815e-05, Final residual = 1.6347221e-07, No Iterations 309
DICPCG:  Solving for p, Initial residual = 6.7361333e-06, Final residual = 6.330716e-08, No Iterations 42
DICPCG:  Solving for p, Initial residual = 3.3814775e-06, Final residual = 3.2184956e-08, No Iterations 284
time step continuity errors : sum local = 9.2136752e-10, global = -6.838402e-12, cumulative = 8.3370031e-07
ExecutionTime = 165.54 s  ClockTime = 165 s

Time = 149

smoothSolver:  Solving for Ux, Initial residual = 2.4150922e-08, Final residual = 3.3243324e-09, No Iterations 1
smoothSolver:  Solving for Uy, Initial residual = 1.1901812e-08, Final residual = 1.6613789e-09, No Iterations 1
DICPCG:  Solving for p, Initial residual = 0.00031615936, Final residual = 3.1017434e-06, No Iterations 26
DICPCG:  Solving for p, Initial residual = 1.6422377e-05, Final residual = 1.6074867e-07, No Iterations 312
DICPCG:  Solving for p, Initial residual = 6.5000969e-06, Final residual = 6.4906728e-08, No Iterations 38
DICPCG:  Solving for p, Initial residual = 3.2227253e-06, Final residual = 3.1701972e-08, No Iterations 264
time step continuity errors : sum local = 9.0626638e-10, global = -6.8010959e-12, cumulative = 8.3369351e-07
ExecutionTime = 166.33 s  ClockTime = 166 s

Time = 150

smoothSolver:  Solving for Ux, Initial residual = 2.3935816e-08, Final residual = 3.2960535e-09, No Iterations 1
smoothSolver:  Solving for Uy, Initial residual = 1.1802318e-08, Final residual = 1.6473852e-09, No Iterations 1
DICPCG:  Solving for p, Initial residual = 0.00031222448, Final residual = 3.0622918e-06, No Iterations 26
DICPCG:  Solving for p, Initial residual = 1.6249269e-05, Final residual = 1.5799555e-07, No Iterations 309
DICPCG:  Solving for p, Initial residual = 6.4358821e-06, Final residual = 6.2544734e-08, No Iterations 44
DICPCG:  Solving for p, Initial residual = 3.2558542e-06, Final residual = 3.2309829e-08, No Iterations 77
time step continuity errors : sum local = 5.6340405e-10, global = -6.7686476e-12, cumulative = 8.3368674e-07
ExecutionTime = 166.92 s  ClockTime = 167 s

surfaceFieldValue flowRateTM write:
    sum(outlet_tm) of phi = 2.5127494e-11

surfaceFieldValue flowRateTM_left write:
    sum(outlet_tm_left) of phi = 2.4872505e-11

surfaceFieldValue pressureACinlet write:
    areaAverage(ac_inlet) of p = 4.0464997

Time = 151

smoothSolver:  Solving for Ux, Initial residual = 2.3731557e-08, Final residual = 3.2681136e-09, No Iterations 1
smoothSolver:  Solving for Uy, Initial residual = 1.1702265e-08, Final residual = 1.6336493e-09, No Iterations 1
DICPCG:  Solving for p, Initial residual = 0.00030836809, Final residual = 3.0348184e-06, No Iterations 26
DICPCG:  Solving for p, Initial residual = 1.6052233e-05, Final residual = 1.5073085e-07, No Iterations 309
DICPCG:  Solving for p, Initial residual = 6.2622582e-06, Final residual = 6.0971846e-08, No Iterations 44
DICPCG:  Solving for p, Initial residual = 3.1962648e-06, Final residual = 3.1553506e-08, No Iterations 258
time step continuity errors : sum local = 8.9132844e-10, global = -6.7284102e-12, cumulative = 8.3368001e-07
ExecutionTime = 167.5 s  ClockTime = 167 s

Time = 152

smoothSolver:  Solving for Ux, Initial residual = 2.3540886e-08, Final residual = 3.2404465e-09, No Iterations 1
smoothSolver:  Solving for Uy, Initial residual = 1.1608201e-08, Final residual = 1.6200959e-09, No Iterations 1
DICPCG:  Solving for p, Initial residual = 0.00030489637, Final residual = 2.9965682e-06, No Iterations 26
DICPCG:  Solving for p, Initial residual = 1.5765637e-05, Final residual = 1.534619e-07, No Iterations 309
DICPCG:  Solving for p, Initial residual = 6.2126541e-06, Final residual = 6.1823853e-08, No Iterations 42
DICPCG:  Solving for p, Initial residual = 3.1828431e-06, Final residual = 3.1743436e-08, No Iterations 78
time step continuity errors : sum local = 5.6408069e-10, global = -6.697278e-12, cumulative = 8.3367331e-07
ExecutionTime = 167.93 s  ClockTime = 168 s

Time = 153

smoothSolver:  Solving for Ux, Initial residual = 2.3326417e-08, Final residual = 3.2130954e-09, No Iterations 1
smoothSolver:  Solving for Uy, Initial residual = 1.1510396e-08, Final residual = 1.6066877e-09, No Iterations 1
DICPCG:  Solving for p, Initial residual = 0.00030143145, Final residual = 2.9705345e-06, No Iterations 26
DICPCG:  Solving for p, Initial residual = 1.5545657e-05, Final residual = 1.5174213e-07, No Iterations 312
DICPCG:  Solving for p, Initial residual = 6.1746443e-06, Final residual = 6.0326464e-08, No Iterations 42
DICPCG:  Solving for p, Initial residual = 3.1113311e-06, Final residual = 3.0698289e-08, No Iterations 36
time step continuity errors : sum local = 4.4637153e-10, global = -6.6627733e-12, cumulative = 8.3366665e-07
ExecutionTime = 168.49 s  ClockTime = 168 s

Time = 154

smoothSolver:  Solving for Ux, Initial residual = 2.3116403e-08, Final residual = 3.1860278e-09, No Iterations 1
smoothSolver:  Solving for Uy, Initial residual = 1.14061e-08, Final residual = 1.5934724e-09, No Iterations 1
DICPCG:  Solving for p, Initial residual = 0.00029806195, Final residual = 2.955966e-06, No Iterations 26
DICPCG:  Solving for p, Initial residual = 1.5494928e-05, Final residual = 1.5253821e-07, No Iterations 309
DICPCG:  Solving for p, Initial residual = 6.1408393e-06, Final residual = 6.073388e-08, No Iterations 42
DICPCG:  Solving for p, Initial residual = 3.1692069e-06, Final residual = 3.1251111e-08, No Iterations 33
time step continuity errors : sum local = 4.3835459e-10, global = -6.6289253e-12, cumulative = 8.3366002e-07
ExecutionTime = 168.88 s  ClockTime = 169 s

Time = 155

smoothSolver:  Solving for Ux, Initial residual = 2.2913285e-08, Final residual = 3.1593854e-09, No Iterations 1
smoothSolver:  Solving for Uy, Initial residual = 1.1306352e-08, Final residual = 1.5804268e-09, No Iterations 1
DICPCG:  Solving for p, Initial residual = 0.00029479366, Final residual = 2.9362227e-06, No Iterations 26
DICPCG:  Solving for p, Initial residual = 1.5487665e-05, Final residual = 1.5127065e-07, No Iterations 312
DICPCG:  Solving for p, Initial residual = 6.2577856e-06, Final residual = 6.2452913e-08, No Iterations 35
DICPCG:  Solving for p, Initial residual = 3.2368935e-06, Final residual = 3.2241383e-08, No Iterations 37
time step continuity errors : sum local = 4.5302939e-10, global = -6.5957572e-12, cumulative = 8.3365343e-07
ExecutionTime = 169.28 s  ClockTime = 169 s

Time = 156

smoothSolver:  Solving for Ux, Initial residual = 2.2717238e-08, Final residual = 3.1331439e-09, No Iterations 1
smoothSolver:  Solving for Uy, Initial residual = 1.1210149e-08, Final residual = 1.5675218e-09, No Iterations 1
DICPCG:  Solving for p, Initial residual = 0.00029161682, Final residual = 2.8998087e-06, No Iterations 26
DICPCG:  Solving for p, Initial residual = 1.5160404e-05, Final residual = 1.5135534e-07, No Iterations 309
DICPCG:  Solving for p, Initial residual = 6.1075718e-06, Final residual = 6.1064593e-08, No Iterations 38
DICPCG:  Solving for p, Initial residual = 3.0506901e-06, Final residual = 3.0080116e-08, No Iterations 258
time step continuity errors : sum local = 8.7948741e-10, global = -6.5585571e-12, cumulative = 8.3364687e-07
ExecutionTime = 169.94 s  ClockTime = 170 s

Time = 157

smoothSolver:  Solving for Ux, Initial residual = 2.2531665e-08, Final residual = 3.1073358e-09, No Iterations 1
smoothSolver:  Solving for Uy, Initial residual = 1.1121008e-08, Final residual = 1.5548149e-09, No Iterations 1
DICPCG:  Solving for p, Initial residual = 0.00028840701, Final residual = 2.8404232e-06, No Iterations 26
DICPCG:  Solving for p, Initial residual = 1.4966615e-05, Final residual = 1.3711884e-07, No Iterations 310
DICPCG:  Solving for p, Initial residual = 5.8575704e-06, Final residual = 5.8439568e-08, No Iterations 44
DICPCG:  Solving for p, Initial residual = 2.9884489e-06, Final residual = 2.9761883e-08, No Iterations 37
time step continuity errors : sum local = 4.4113448e-10, global = -6.5308321e-12, cumulative = 8.3364034e-07
ExecutionTime = 170.37 s  ClockTime = 170 s

Time = 158

smoothSolver:  Solving for Ux, Initial residual = 2.2346341e-08, Final residual = 3.0819982e-09, No Iterations 1
smoothSolver:  Solving for Uy, Initial residual = 1.1028759e-08, Final residual = 1.5422822e-09, No Iterations 1
DICPCG:  Solving for p, Initial residual = 0.00028504772, Final residual = 2.7934505e-06, No Iterations 26
DICPCG:  Solving for p, Initial residual = 1.4807485e-05, Final residual = 1.4424072e-07, No Iterations 310
DICPCG:  Solving for p, Initial residual = 5.7679019e-06, Final residual = 5.4544849e-08, No Iterations 48
DICPCG:  Solving for p, Initial residual = 2.9265772e-06, Final residual = 2.7381321e-08, No Iterations 256
time step continuity errors : sum local = 8.655902e-10, global = -6.4950862e-12, cumulative = 8.3363384e-07
ExecutionTime = 171.07 s  ClockTime = 171 s

Time = 159

smoothSolver:  Solving for Ux, Initial residual = 2.2158016e-08, Final residual = 3.0570859e-09, No Iterations 1
smoothSolver:  Solving for Uy, Initial residual = 1.0946453e-08, Final residual = 1.5299028e-09, No Iterations 1
DICPCG:  Solving for p, Initial residual = 0.00028172449, Final residual = 2.7369393e-06, No Iterations 26
DICPCG:  Solving for p, Initial residual = 1.4695911e-05, Final residual = 1.4076477e-07, No Iterations 310
DICPCG:  Solving for p, Initial residual = 5.8145193e-06, Final residual = 5.773245e-08, No Iterations 48
DICPCG:  Solving for p, Initial residual = 3.0200742e-06, Final residual = 2.9719114e-08, No Iterations 35
time step continuity errors : sum local = 4.3788755e-10, global = -6.4676246e-12, cumulative = 8.3362738e-07
ExecutionTime = 171.58 s  ClockTime = 172 s

Time = 160

smoothSolver:  Solving for Ux, Initial residual = 2.1976833e-08, Final residual = 3.0324146e-09, No Iterations 1
smoothSolver:  Solving for Uy, Initial residual = 1.0853289e-08, Final residual = 1.5176326e-09, No Iterations 1
DICPCG:  Solving for p, Initial residual = 0.00027838919, Final residual = 2.7120674e-06, No Iterations 26
DICPCG:  Solving for p, Initial residual = 1.4495273e-05, Final residual = 1.4123669e-07, No Iterations 309
DICPCG:  Solving for p, Initial residual = 5.7749931e-06, Final residual = 5.7719294e-08, No Iterations 56
DICPCG:  Solving for p, Initial residual = 3.000977e-06, Final residual = 2.997252e-08, No Iterations 38
time step continuity errors : sum local = 4.435861e-10, global = -6.4365816e-12, cumulative = 8.3362094e-07
ExecutionTime = 172.41 s  ClockTime = 172 s

surfaceFieldValue flowRateTM write:
    sum(outlet_tm) of phi = 2.5127494e-11

surfaceFieldValue flowRateTM_left write:
    sum(outlet_tm_left) of phi = 2.4872505e-11

surfaceFieldValue pressureACinlet write:
    areaAverage(ac_inlet) of p = 4.0464997

Time = 161

smoothSolver:  Solving for Ux, Initial residual = 2.1799578e-08, Final residual = 3.0080025e-09, No Iterations 1
smoothSolver:  Solving for Uy, Initial residual = 1.0763854e-08, Final residual = 1.5055089e-09, No Iterations 1
DICPCG:  Solving for p, Initial residual = 0.00027521258, Final residual = 2.7007132e-06, No Iterations 26
DICPCG:  Solving for p, Initial residual = 1.4335725e-05, Final residual = 1.3695745e-07, No Iterations 310
DICPCG:  Solving for p, Initial residual = 5.7264145e-06, Final residual = 5.5932027e-08, No Iterations 58
DICPCG:  Solving for p, Initial residual = 2.9442032e-06, Final residual = 2.881896e-08, No Iterations 255
time step continuity errors : sum local = 8.6857996e-10, global = -6.4013029e-12, cumulative = 8.3361454e-07
ExecutionTime = 173.06 s  ClockTime = 173 s

Time = 162

smoothSolver:  Solving for Ux, Initial residual = 2.161702e-08, Final residual = 2.9840359e-09, No Iterations 1
smoothSolver:  Solving for Uy, Initial residual = 1.0688792e-08, Final residual = 1.4935072e-09, No Iterations 1
DICPCG:  Solving for p, Initial residual = 0.00027214235, Final residual = 2.6784919e-06, No Iterations 26
DICPCG:  Solving for p, Initial residual = 1.420604e-05, Final residual = 1.4162565e-07, No Iterations 309
DICPCG:  Solving for p, Initial residual = 5.6590933e-06, Final residual = 5.5759081e-08, No Iterations 48
DICPCG:  Solving for p, Initial residual = 2.9184448e-06, Final residual = 2.8039984e-08, No Iterations 285
time step continuity errors : sum local = 9.066209e-10, global = -6.3704442e-12, cumulative = 8.3360817e-07
ExecutionTime = 173.65 s  ClockTime = 174 s

Time = 163

smoothSolver:  Solving for Ux, Initial residual = 2.1447944e-08, Final residual = 2.9604871e-09, No Iterations 1
smoothSolver:  Solving for Uy, Initial residual = 1.0609385e-08, Final residual = 1.4817005e-09, No Iterations 1
DICPCG:  Solving for p, Initial residual = 0.00026913578, Final residual = 2.6391082e-06, No Iterations 26
DICPCG:  Solving for p, Initial residual = 1.4024242e-05, Final residual = 1.3605542e-07, No Iterations 309
DICPCG:  Solving for p, Initial residual = 5.5916229e-06, Final residual = 5.4684415e-08, No Iterations 48
DICPCG:  Solving for p, Initial residual = 2.8946434e-06, Final residual = 2.8944866e-08, No Iterations 37
time step continuity errors : sum local = 4.3681204e-10, global = -6.3436612e-12, cumulative = 8.3360182e-07
ExecutionTime = 174.03 s  ClockTime = 174 s

Time = 164

smoothSolver:  Solving for Ux, Initial residual = 2.1272843e-08, Final residual = 2.9372671e-09, No Iterations 1
smoothSolver:  Solving for Uy, Initial residual = 1.0517185e-08, Final residual = 1.4700429e-09, No Iterations 1
DICPCG:  Solving for p, Initial residual = 0.00026606544, Final residual = 2.6110239e-06, No Iterations 26
DICPCG:  Solving for p, Initial residual = 1.388416e-05, Final residual = 1.313942e-07, No Iterations 310
DICPCG:  Solving for p, Initial residual = 5.5801918e-06, Final residual = 5.4197077e-08, No Iterations 48
DICPCG:  Solving for p, Initial residual = 2.8913243e-06, Final residual = 2.7757025e-08, No Iterations 37
time step continuity errors : sum local = 4.2721599e-10, global = -6.3135856e-12, cumulative = 8.3359551e-07
ExecutionTime = 174.4 s  ClockTime = 174 s

Time = 165

smoothSolver:  Solving for Ux, Initial residual = 2.1104832e-08, Final residual = 2.9143114e-09, No Iterations 1
smoothSolver:  Solving for Uy, Initial residual = 1.0428376e-08, Final residual = 1.4585344e-09, No Iterations 1
DICPCG:  Solving for p, Initial residual = 0.00026297028, Final residual = 2.5792316e-06, No Iterations 26
DICPCG:  Solving for p, Initial residual = 1.3730664e-05, Final residual = 1.3149236e-07, No Iterations 310
DICPCG:  Solving for p, Initial residual = 5.5547569e-06, Final residual = 5.4691949e-08, No Iterations 48
DICPCG:  Solving for p, Initial residual = 2.8818345e-06, Final residual = 2.8761249e-08, No Iterations 38
time step continuity errors : sum local = 4.3849015e-10, global = -6.2840703e-12, cumulative = 8.3358923e-07
ExecutionTime = 174.79 s  ClockTime = 175 s

Time = 166

smoothSolver:  Solving for Ux, Initial residual = 2.0942999e-08, Final residual = 2.8915612e-09, No Iterations 1
smoothSolver:  Solving for Uy, Initial residual = 1.0343502e-08, Final residual = 1.4471786e-09, No Iterations 1
DICPCG:  Solving for p, Initial residual = 0.00025984813, Final residual = 2.5430007e-06, No Iterations 26
DICPCG:  Solving for p, Initial residual = 1.3639373e-05, Final residual = 1.3275697e-07, No Iterations 309
DICPCG:  Solving for p, Initial residual = 5.5328154e-06, Final residual = 5.4910206e-08, No Iterations 59
DICPCG:  Solving for p, Initial residual = 2.885915e-06, Final residual = 2.8753195e-08, No Iterations 259
time step continuity errors : sum local = 8.7013501e-10, global = -6.2512421e-12, cumulative = 8.3358297e-07
ExecutionTime = 175.38 s  ClockTime = 175 s

Time = 167

smoothSolver:  Solving for Ux, Initial residual = 2.0789928e-08, Final residual = 2.8692058e-09, No Iterations 1
smoothSolver:  Solving for Uy, Initial residual = 1.0264444e-08, Final residual = 1.435907e-09, No Iterations 1
DICPCG:  Solving for p, Initial residual = 0.0002568299, Final residual = 2.4926592e-06, No Iterations 26
DICPCG:  Solving for p, Initial residual = 1.3552684e-05, Final residual = 1.2531347e-07, No Iterations 309
DICPCG:  Solving for p, Initial residual = 5.4611949e-06, Final residual = 5.1427106e-08, No Iterations 60
DICPCG:  Solving for p, Initial residual = 2.831015e-06, Final residual = 2.8161861e-08, No Iterations 256
time step continuity errors : sum local = 8.7012952e-10, global = -6.2223162e-12, cumulative = 8.3357675e-07
ExecutionTime = 176.02 s  ClockTime = 176 s

Time = 168

smoothSolver:  Solving for Ux, Initial residual = 2.062838e-08, Final residual = 2.8470873e-09, No Iterations 1
smoothSolver:  Solving for Uy, Initial residual = 1.0188189e-08, Final residual = 1.4247817e-09, No Iterations 1
DICPCG:  Solving for p, Initial residual = 0.00025395989, Final residual = 2.4442292e-06, No Iterations 26
DICPCG:  Solving for p, Initial residual = 1.3459258e-05, Final residual = 1.3333965e-07, No Iterations 309
DICPCG:  Solving for p, Initial residual = 5.4428379e-06, Final residual = 5.4145279e-08, No Iterations 58
DICPCG:  Solving for p, Initial residual = 2.865559e-06, Final residual = 2.8652359e-08, No Iterations 62
time step continuity errors : sum local = 5.04076e-10, global = -6.1974988e-12, cumulative = 8.3357055e-07
ExecutionTime = 176.45 s  ClockTime = 176 s

Time = 169

smoothSolver:  Solving for Ux, Initial residual = 2.045982e-08, Final residual = 2.8251544e-09, No Iterations 1
smoothSolver:  Solving for Uy, Initial residual = 1.0108481e-08, Final residual = 1.4138029e-09, No Iterations 1
DICPCG:  Solving for p, Initial residual = 0.00025113698, Final residual = 2.4173583e-06, No Iterations 26
DICPCG:  Solving for p, Initial residual = 1.3346104e-05, Final residual = 1.3116208e-07, No Iterations 308
DICPCG:  Solving for p, Initial residual = 5.3795498e-06, Final residual = 5.3336535e-08, No Iterations 53
DICPCG:  Solving for p, Initial residual = 2.8390557e-06, Final residual = 2.8067229e-08, No Iterations 38
time step continuity errors : sum local = 4.3433886e-10, global = -6.169477e-12, cumulative = 8.3356439e-07
ExecutionTime = 176.83 s  ClockTime = 177 s

Time = 170

smoothSolver:  Solving for Ux, Initial residual = 2.0300291e-08, Final residual = 2.8034738e-09, No Iterations 1
smoothSolver:  Solving for Uy, Initial residual = 1.0026844e-08, Final residual = 1.4029973e-09, No Iterations 1
DICPCG:  Solving for p, Initial residual = 0.00024836552, Final residual = 2.4082175e-06, No Iterations 26
DICPCG:  Solving for p, Initial residual = 1.3318712e-05, Final residual = 1.2665256e-07, No Iterations 308
DICPCG:  Solving for p, Initial residual = 5.4140372e-06, Final residual = 5.2337874e-08, No Iterations 48
DICPCG:  Solving for p, Initial residual = 2.8604532e-06, Final residual = 2.832123e-08, No Iterations 266
time step continuity errors : sum local = 8.7392025e-10, global = -6.1380026e-12, cumulative = 8.3355825e-07
ExecutionTime = 177.35 s  ClockTime = 177 s

surfaceFieldValue flowRateTM write:
    sum(outlet_tm) of phi = 2.5127494e-11

surfaceFieldValue flowRateTM_left write:
    sum(outlet_tm_left) of phi = 2.4872505e-11

surfaceFieldValue pressureACinlet write:
    areaAverage(ac_inlet) of p = 4.0464997

Time = 171

smoothSolver:  Solving for Ux, Initial residual = 2.0139561e-08, Final residual = 2.7820936e-09, No Iterations 1
smoothSolver:  Solving for Uy, Initial residual = 9.955328e-09, Final residual = 9.955328e-09, No Iterations 0
DICPCG:  Solving for p, Initial residual = 0.00027019635, Final residual = 2.4303174e-06, No Iterations 88
DICPCG:  Solving for p, Initial residual = 8.5479465e-05, Final residual = 8.2818419e-07, No Iterations 49
DICPCG:  Solving for p, Initial residual = 1.3329552e-05, Final residual = 1.3193871e-07, No Iterations 297
DICPCG:  Solving for p, Initial residual = 7.356841e-06, Final residual = 7.3442014e-08, No Iterations 274
time step continuity errors : sum local = 1.106859e-09, global = -6.1974391e-12, cumulative = 8.3355205e-07
ExecutionTime = 177.95 s  ClockTime = 178 s

Time = 172

smoothSolver:  Solving for Ux, Initial residual = 1.924926e-08, Final residual = 2.6404358e-09, No Iterations 1
smoothSolver:  Solving for Uy, Initial residual = 1.069403e-08, Final residual = 1.4977694e-09, No Iterations 1
DICPCG:  Solving for p, Initial residual = 0.00025112078, Final residual = 2.3356265e-06, No Iterations 76
DICPCG:  Solving for p, Initial residual = 3.7626371e-05, Final residual = 3.7396235e-07, No Iterations 66
DICPCG:  Solving for p, Initial residual = 7.7405077e-06, Final residual = 7.6715811e-08, No Iterations 256
DICPCG:  Solving for p, Initial residual = 4.3797773e-06, Final residual = 4.3585492e-08, No Iterations 47
time step continuity errors : sum local = 5.5566432e-10, global = -6.150353e-12, cumulative = 8.335459e-07
ExecutionTime = 178.34 s  ClockTime = 178 s

Time = 173

smoothSolver:  Solving for Ux, Initial residual = 1.8939745e-08, Final residual = 2.5759261e-09, No Iterations 1
smoothSolver:  Solving for Uy, Initial residual = 1.0929134e-08, Final residual = 1.5221881e-09, No Iterations 1
DICPCG:  Solving for p, Initial residual = 0.0002611969, Final residual = 2.5801564e-06, No Iterations 59
DICPCG:  Solving for p, Initial residual = 3.123653e-05, Final residual = 3.0950048e-07, No Iterations 296
DICPCG:  Solving for p, Initial residual = 7.5824154e-06, Final residual = 7.3140494e-08, No Iterations 68
DICPCG:  Solving for p, Initial residual = 3.4634991e-06, Final residual = 3.2690919e-08, No Iterations 257
time step continuity errors : sum local = 8.8581157e-10, global = -6.0991606e-12, cumulative = 8.335398e-07
ExecutionTime = 178.92 s  ClockTime = 179 s

Time = 174

smoothSolver:  Solving for Ux, Initial residual = 1.8830052e-08, Final residual = 2.5856087e-09, No Iterations 1
smoothSolver:  Solving for Uy, Initial residual = 1.0632477e-08, Final residual = 1.4861861e-09, No Iterations 1
DICPCG:  Solving for p, Initial residual = 0.00026433627, Final residual = 2.5067258e-06, No Iterations 88
DICPCG:  Solving for p, Initial residual = 5.7361498e-05, Final residual = 5.5832807e-07, No Iterations 268
DICPCG:  Solving for p, Initial residual = 1.0790611e-05, Final residual = 1.0728395e-07, No Iterations 274
DICPCG:  Solving for p, Initial residual = 4.9436736e-06, Final residual = 4.7554605e-08, No Iterations 50
time step continuity errors : sum local = 5.949513e-10, global = -6.0502949e-12, cumulative = 8.3353375e-07
ExecutionTime = 179.47 s  ClockTime = 179 s

Time = 175

smoothSolver:  Solving for Ux, Initial residual = 1.9063532e-08, Final residual = 2.6418282e-09, No Iterations 1
smoothSolver:  Solving for Uy, Initial residual = 1.0105391e-08, Final residual = 1.4136934e-09, No Iterations 1
DICPCG:  Solving for p, Initial residual = 0.00025167324, Final residual = 2.386371e-06, No Iterations 89
DICPCG:  Solving for p, Initial residual = 5.9338911e-05, Final residual = 5.5387249e-07, No Iterations 255
DICPCG:  Solving for p, Initial residual = 1.111598e-05, Final residual = 1.1008588e-07, No Iterations 274
DICPCG:  Solving for p, Initial residual = 5.130527e-06, Final residual = 5.0929429e-08, No Iterations 76
time step continuity errors : sum local = 6.8240232e-10, global = -6.0109107e-12, cumulative = 8.3352774e-07
ExecutionTime = 180.03 s  ClockTime = 180 s

Time = 176

smoothSolver:  Solving for Ux, Initial residual = 1.9708858e-08, Final residual = 2.7016357e-09, No Iterations 1
smoothSolver:  Solving for Uy, Initial residual = 9.6603552e-09, Final residual = 9.6603552e-09, No Iterations 0
DICPCG:  Solving for p, Initial residual = 0.00024604001, Final residual = 2.3870589e-06, No Iterations 79
DICPCG:  Solving for p, Initial residual = 5.0053341e-05, Final residual = 4.8101396e-07, No Iterations 58
DICPCG:  Solving for p, Initial residual = 9.1025535e-06, Final residual = 9.0461742e-08, No Iterations 298
DICPCG:  Solving for p, Initial residual = 4.8779621e-06, Final residual = 4.7518362e-08, No Iterations 254
time step continuity errors : sum local = 9.5156468e-10, global = -6.065486e-12, cumulative = 8.3352167e-07
ExecutionTime = 180.6 s  ClockTime = 181 s

Time = 177

smoothSolver:  Solving for Ux, Initial residual = 1.8854807e-08, Final residual = 2.6116473e-09, No Iterations 1
smoothSolver:  Solving for Uy, Initial residual = 9.8686422e-09, Final residual = 9.8686422e-09, No Iterations 0
DICPCG:  Solving for p, Initial residual = 0.00027267641, Final residual = 2.5646072e-06, No Iterations 102
DICPCG:  Solving for p, Initial residual = 0.00010776396, Final residual = 1.0750314e-06, No Iterations 23
DICPCG:  Solving for p, Initial residual = 1.531108e-05, Final residual = 1.5062416e-07, No Iterations 297
DICPCG:  Solving for p, Initial residual = 8.9323096e-06, Final residual = 8.7630152e-08, No Iterations 283
time step continuity errors : sum local = 1.2168263e-09, global = -6.1158564e-12, cumulative = 8.3351556e-07
ExecutionTime = 181.2 s  ClockTime = 181 s

Time = 178

smoothSolver:  Solving for Ux, Initial residual = 1.7915009e-08, Final residual = 2.4395268e-09, No Iterations 1
smoothSolver:  Solving for Uy, Initial residual = 1.0907982e-08, Final residual = 1.5183235e-09, No Iterations 1
DICPCG:  Solving for p, Initial residual = 0.00022887603, Final residual = 2.2400727e-06, No Iterations 75
DICPCG:  Solving for p, Initial residual = 3.3316563e-05, Final residual = 3.1747001e-07, No Iterations 68
DICPCG:  Solving for p, Initial residual = 7.2574134e-06, Final residual = 7.1034971e-08, No Iterations 285
DICPCG:  Solving for p, Initial residual = 4.1465337e-06, Final residual = 4.0316821e-08, No Iterations 46
time step continuity errors : sum local = 5.2701762e-10, global = -6.0539682e-12, cumulative = 8.335095e-07
ExecutionTime = 181.6 s  ClockTime = 182 s

Time = 179

smoothSolver:  Solving for Ux, Initial residual = 1.7597077e-08, Final residual = 2.3835696e-09, No Iterations 1
smoothSolver:  Solving for Uy, Initial residual = 1.1098125e-08, Final residual = 1.5376539e-09, No Iterations 1
DICPCG:  Solving for p, Initial residual = 0.00025368866, Final residual = 2.4275771e-06, No Iterations 86
DICPCG:  Solving for p, Initial residual = 5.1789058e-05, Final residual = 5.128316e-07, No Iterations 283
DICPCG:  Solving for p, Initial residual = 9.8021494e-06, Final residual = 9.791429e-08, No Iterations 276
DICPCG:  Solving for p, Initial residual = 4.3635039e-06, Final residual = 4.3565137e-08, No Iterations 49
time step continuity errors : sum local = 5.60403e-10, global = -5.9883833e-12, cumulative = 8.3350352e-07
ExecutionTime = 182.17 s  ClockTime = 182 s

Time = 180

smoothSolver:  Solving for Ux, Initial residual = 1.7595202e-08, Final residual = 2.4283676e-09, No Iterations 1
smoothSolver:  Solving for Uy, Initial residual = 1.0537207e-08, Final residual = 1.471471e-09, No Iterations 1
DICPCG:  Solving for p, Initial residual = 0.00026154915, Final residual = 2.5793792e-06, No Iterations 100
DICPCG:  Solving for p, Initial residual = 8.5470011e-05, Final residual = 8.3934755e-07, No Iterations 26
DICPCG:  Solving for p, Initial residual = 1.2705576e-05, Final residual = 1.180818e-07, No Iterations 297
DICPCG:  Solving for p, Initial residual = 7.6147338e-06, Final residual = 7.4086729e-08, No Iterations 281
time step continuity errors : sum local = 1.1230391e-09, global = -5.9265373e-12, cumulative = 8.3349759e-07
ExecutionTime = 182.74 s  ClockTime = 183 s

surfaceFieldValue flowRateTM write:
    sum(outlet_tm) of phi = 2.5127494e-11

surfaceFieldValue flowRateTM_left write:
    sum(outlet_tm_left) of phi = 2.4872505e-11

surfaceFieldValue pressureACinlet write:
    areaAverage(ac_inlet) of p = 4.0464997

Time = 181

smoothSolver:  Solving for Ux, Initial residual = 1.8490177e-08, Final residual = 2.5316737e-09, No Iterations 1
smoothSolver:  Solving for Uy, Initial residual = 9.7823829e-09, Final residual = 9.7823829e-09, No Iterations 0
DICPCG:  Solving for p, Initial residual = 0.00021533504, Final residual = 2.125115e-06, No Iterations 29
DICPCG:  Solving for p, Initial residual = 1.3665203e-05, Final residual = 1.272452e-07, No Iterations 90
DICPCG:  Solving for p, Initial residual = 4.6609669e-06, Final residual = 4.5889641e-08, No Iterations 259
DICPCG:  Solving for p, Initial residual = 2.7098085e-06, Final residual = 2.5697232e-08, No Iterations 67
time step continuity errors : sum local = 4.9867528e-10, global = -5.9729785e-12, cumulative = 8.3349162e-07
ExecutionTime = 183.11 s  ClockTime = 183 s

Time = 182

smoothSolver:  Solving for Ux, Initial residual = 1.8191939e-08, Final residual = 2.5042003e-09, No Iterations 1
smoothSolver:  Solving for Uy, Initial residual = 9.7642407e-09, Final residual = 9.7642407e-09, No Iterations 0
DICPCG:  Solving for p, Initial residual = 0.00023642658, Final residual = 2.2982672e-06, No Iterations 88
DICPCG:  Solving for p, Initial residual = 7.517114e-05, Final residual = 7.2849853e-07, No Iterations 69
DICPCG:  Solving for p, Initial residual = 1.205955e-05, Final residual = 1.1529696e-07, No Iterations 284
DICPCG:  Solving for p, Initial residual = 6.5248716e-06, Final residual = 6.4220269e-08, No Iterations 264
time step continuity errors : sum local = 1.0504072e-09, global = -6.0159578e-12, cumulative = 8.334856e-07
ExecutionTime = 183.66 s  ClockTime = 184 s

Time = 183

smoothSolver:  Solving for Ux, Initial residual = 1.7283685e-08, Final residual = 2.3795279e-09, No Iterations 1
smoothSolver:  Solving for Uy, Initial residual = 1.0347433e-08, Final residual = 1.4541792e-09, No Iterations 1
DICPCG:  Solving for p, Initial residual = 0.00020910409, Final residual = 2.0836994e-06, No Iterations 39
DICPCG:  Solving for p, Initial residual = 1.9217129e-05, Final residual = 1.9197155e-07, No Iterations 102
DICPCG:  Solving for p, Initial residual = 5.2249344e-06, Final residual = 4.9010261e-08, No Iterations 109
DICPCG:  Solving for p, Initial residual = 2.6886443e-06, Final residual = 2.6125369e-08, No Iterations 66
time step continuity errors : sum local = 5.0212716e-10, global = -5.957848e-12, cumulative = 8.3347964e-07
ExecutionTime = 183.94 s  ClockTime = 184 s

Time = 184

smoothSolver:  Solving for Ux, Initial residual = 1.7044231e-08, Final residual = 2.3453193e-09, No Iterations 1
smoothSolver:  Solving for Uy, Initial residual = 1.0372615e-08, Final residual = 1.4517989e-09, No Iterations 1
DICPCG:  Solving for p, Initial residual = 0.00021419452, Final residual = 2.1154862e-06, No Iterations 86
DICPCG:  Solving for p, Initial residual = 4.6584298e-05, Final residual = 4.6522196e-07, No Iterations 86
DICPCG:  Solving for p, Initial residual = 8.978432e-06, Final residual = 8.9693333e-08, No Iterations 279
DICPCG:  Solving for p, Initial residual = 5.2137652e-06, Final residual = 4.9760207e-08, No Iterations 264
time step continuity errors : sum local = 9.750881e-10, global = -5.8950588e-12, cumulative = 8.3347375e-07
ExecutionTime = 184.52 s  ClockTime = 184 s

Time = 185

smoothSolver:  Solving for Ux, Initial residual = 1.7203662e-08, Final residual = 2.3866928e-09, No Iterations 1
smoothSolver:  Solving for Uy, Initial residual = 9.9003227e-09, Final residual = 9.9003227e-09, No Iterations 0
DICPCG:  Solving for p, Initial residual = 0.00020138955, Final residual = 1.9959507e-06, No Iterations 70
DICPCG:  Solving for p, Initial residual = 2.3954864e-05, Final residual = 2.2666342e-07, No Iterations 72
DICPCG:  Solving for p, Initial residual = 5.2976099e-06, Final residual = 4.846116e-08, No Iterations 298
DICPCG:  Solving for p, Initial residual = 2.9413887e-06, Final residual = 2.8736079e-08, No Iterations 31
time step continuity errors : sum local = 4.1689085e-10, global = -5.9287843e-12, cumulative = 8.3346782e-07
ExecutionTime = 184.93 s  ClockTime = 185 s

Time = 186

smoothSolver:  Solving for Ux, Initial residual = 1.6928085e-08, Final residual = 2.3418267e-09, No Iterations 1
smoothSolver:  Solving for Uy, Initial residual = 1.0027657e-08, Final residual = 1.4150828e-09, No Iterations 1
DICPCG:  Solving for p, Initial residual = 0.0002021191, Final residual = 1.9748225e-06, No Iterations 77
DICPCG:  Solving for p, Initial residual = 3.2242354e-05, Final residual = 3.1075355e-07, No Iterations 84
DICPCG:  Solving for p, Initial residual = 6.8585205e-06, Final residual = 6.1149449e-08, No Iterations 285
DICPCG:  Solving for p, Initial residual = 4.0200564e-06, Final residual = 4.0009366e-08, No Iterations 275
time step continuity errors : sum local = 9.5753666e-10, global = -5.8706188e-12, cumulative = 8.3346195e-07
ExecutionTime = 185.55 s  ClockTime = 185 s

Time = 187

smoothSolver:  Solving for Ux, Initial residual = 1.7055231e-08, Final residual = 2.3633348e-09, No Iterations 1
smoothSolver:  Solving for Uy, Initial residual = 9.7547793e-09, Final residual = 9.7547793e-09, No Iterations 0
DICPCG:  Solving for p, Initial residual = 0.00019812631, Final residual = 1.9628491e-06, No Iterations 78
DICPCG:  Solving for p, Initial residual = 3.6083626e-05, Final residual = 3.5765044e-07, No Iterations 60
DICPCG:  Solving for p, Initial residual = 6.9239907e-06, Final residual = 6.8393151e-08, No Iterations 285
DICPCG:  Solving for p, Initial residual = 3.943654e-06, Final residual = 3.931028e-08, No Iterations 32
time step continuity errors : sum local = 4.9086469e-10, global = -5.901592e-12, cumulative = 8.3345605e-07
ExecutionTime = 185.93 s  ClockTime = 186 s

Time = 188

smoothSolver:  Solving for Ux, Initial residual = 1.6658177e-08, Final residual = 2.300356e-09, No Iterations 1
smoothSolver:  Solving for Uy, Initial residual = 9.9889866e-09, Final residual = 9.9889866e-09, No Iterations 0
DICPCG:  Solving for p, Initial residual = 0.00021044746, Final residual = 2.0864588e-06, No Iterations 88
DICPCG:  Solving for p, Initial residual = 7.1092227e-05, Final residual = 7.0166152e-07, No Iterations 49
DICPCG:  Solving for p, Initial residual = 1.1453975e-05, Final residual = 1.0641957e-07, No Iterations 304
DICPCG:  Solving for p, Initial residual = 6.5709364e-06, Final residual = 6.3852941e-08, No Iterations 288
time step continuity errors : sum local = 1.07946e-09, global = -5.9359375e-12, cumulative = 8.3345011e-07
ExecutionTime = 186.5 s  ClockTime = 186 s

Time = 189

smoothSolver:  Solving for Ux, Initial residual = 1.6147462e-08, Final residual = 2.1884643e-09, No Iterations 1
smoothSolver:  Solving for Uy, Initial residual = 1.06911e-08, Final residual = 1.4912176e-09, No Iterations 1
DICPCG:  Solving for p, Initial residual = 0.00020102, Final residual = 1.9858581e-06, No Iterations 60
DICPCG:  Solving for p, Initial residual = 2.4127008e-05, Final residual = 2.3456235e-07, No Iterations 86
DICPCG:  Solving for p, Initial residual = 5.5946973e-06, Final residual = 5.5596624e-08, No Iterations 263
DICPCG:  Solving for p, Initial residual = 3.0495718e-06, Final residual = 3.0300208e-08, No Iterations 228
time step continuity errors : sum local = 8.3841175e-10, global = -5.8597558e-12, cumulative = 8.3344425e-07
ExecutionTime = 187.1 s  ClockTime = 187 s

Time = 190

smoothSolver:  Solving for Ux, Initial residual = 1.6058186e-08, Final residual = 2.197789e-09, No Iterations 1
smoothSolver:  Solving for Uy, Initial residual = 1.04144e-08, Final residual = 1.4547033e-09, No Iterations 1
DICPCG:  Solving for p, Initial residual = 0.00022805889, Final residual = 2.2701278e-06, No Iterations 102
DICPCG:  Solving for p, Initial residual = 7.9936538e-05, Final residual = 7.7295351e-07, No Iterations 276
DICPCG:  Solving for p, Initial residual = 1.3074791e-05, Final residual = 1.2842774e-07, No Iterations 263
DICPCG:  Solving for p, Initial residual = 5.6634053e-06, Final residual = 5.6519561e-08, No Iterations 45
time step continuity errors : sum local = 6.4699506e-10, global = -5.787109e-12, cumulative = 8.3343846e-07
ExecutionTime = 187.67 s  ClockTime = 188 s

surfaceFieldValue flowRateTM write:
    sum(outlet_tm) of phi = 2.5127494e-11

surfaceFieldValue flowRateTM_left write:
    sum(outlet_tm_left) of phi = 2.4872505e-11

surfaceFieldValue pressureACinlet write:
    areaAverage(ac_inlet) of p = 4.0464997

Time = 191

smoothSolver:  Solving for Ux, Initial residual = 1.6621126e-08, Final residual = 2.2936699e-09, No Iterations 1
smoothSolver:  Solving for Uy, Initial residual = 9.6520062e-09, Final residual = 9.6520062e-09, No Iterations 0
DICPCG:  Solving for p, Initial residual = 0.00018757719, Final residual = 1.8403775e-06, No Iterations 49
DICPCG:  Solving for p, Initial residual = 1.6309555e-05, Final residual = 1.6237956e-07, No Iterations 296
DICPCG:  Solving for p, Initial residual = 5.0641914e-06, Final residual = 5.0491114e-08, No Iterations 44
DICPCG:  Solving for p, Initial residual = 2.52427e-06, Final residual = 2.5038038e-08, No Iterations 274
time step continuity errors : sum local = 8.9230213e-10, global = -5.816297e-12, cumulative = 8.3343265e-07
ExecutionTime = 188.22 s  ClockTime = 188 s

Time = 192

smoothSolver:  Solving for Ux, Initial residual = 1.6654881e-08, Final residual = 2.2900647e-09, No Iterations 1
smoothSolver:  Solving for Uy, Initial residual = 9.5344603e-09, Final residual = 9.5344603e-09, No Iterations 0
DICPCG:  Solving for p, Initial residual = 0.00019675015, Final residual = 1.9525092e-06, No Iterations 84
DICPCG:  Solving for p, Initial residual = 4.9502166e-05, Final residual = 4.7786802e-07, No Iterations 69
DICPCG:  Solving for p, Initial residual = 8.3806043e-06, Final residual = 8.2661974e-08, No Iterations 280
DICPCG:  Solving for p, Initial residual = 4.6993072e-06, Final residual = 4.5104e-08, No Iterations 254
time step continuity errors : sum local = 9.292876e-10, global = -5.8490695e-12, cumulative = 8.334268e-07
ExecutionTime = 188.78 s  ClockTime = 189 s

Time = 193

smoothSolver:  Solving for Ux, Initial residual = 1.58825e-08, Final residual = 2.2055717e-09, No Iterations 1
smoothSolver:  Solving for Uy, Initial residual = 9.870883e-09, Final residual = 9.870883e-09, No Iterations 0
DICPCG:  Solving for p, Initial residual = 0.00020465808, Final residual = 1.9518849e-06, No Iterations 102
DICPCG:  Solving for p, Initial residual = 7.6595234e-05, Final residual = 7.5270637e-07, No Iterations 26
DICPCG:  Solving for p, Initial residual = 1.1765131e-05, Final residual = 1.1024724e-07, No Iterations 296
DICPCG:  Solving for p, Initial residual = 6.8902069e-06, Final residual = 6.4638198e-08, No Iterations 278
time step continuity errors : sum local = 1.0737268e-09, global = -5.8753713e-12, cumulative = 8.3342092e-07
ExecutionTime = 189.35 s  ClockTime = 189 s

Time = 194

smoothSolver:  Solving for Ux, Initial residual = 1.5355957e-08, Final residual = 2.0862981e-09, No Iterations 1
smoothSolver:  Solving for Uy, Initial residual = 1.0639482e-08, Final residual = 1.4791438e-09, No Iterations 1
DICPCG:  Solving for p, Initial residual = 0.00018529811, Final residual = 1.7671843e-06, No Iterations 72
DICPCG:  Solving for p, Initial residual = 2.4376659e-05, Final residual = 2.2379308e-07, No Iterations 80
DICPCG:  Solving for p, Initial residual = 5.1113655e-06, Final residual = 4.9825462e-08, No Iterations 283
DICPCG:  Solving for p, Initial residual = 2.9181872e-06, Final residual = 2.9022698e-08, No Iterations 276
time step continuity errors : sum local = 8.9251136e-10, global = -5.7925255e-12, cumulative = 8.3341513e-07
ExecutionTime = 190.43 s  ClockTime = 190 s

Time = 195

smoothSolver:  Solving for Ux, Initial residual = 1.5291527e-08, Final residual = 2.0990149e-09, No Iterations 1
smoothSolver:  Solving for Uy, Initial residual = 1.0320959e-08, Final residual = 1.4395762e-09, No Iterations 1
DICPCG:  Solving for p, Initial residual = 0.00022144915, Final residual = 2.1139884e-06, No Iterations 104
DICPCG:  Solving for p, Initial residual = 8.7873441e-05, Final residual = 8.2004771e-07, No Iterations 276
DICPCG:  Solving for p, Initial residual = 1.3828788e-05, Final residual = 1.3085965e-07, No Iterations 262
DICPCG:  Solving for p, Initial residual = 5.9465957e-06, Final residual = 5.9037557e-08, No Iterations 46
time step continuity errors : sum local = 6.6223613e-10, global = -5.7136308e-12, cumulative = 8.3340942e-07
ExecutionTime = 191.01 s  ClockTime = 191 s

Time = 196

smoothSolver:  Solving for Ux, Initial residual = 1.603858e-08, Final residual = 2.2066575e-09, No Iterations 1
smoothSolver:  Solving for Uy, Initial residual = 9.4983842e-09, Final residual = 9.4983842e-09, No Iterations 0
DICPCG:  Solving for p, Initial residual = 0.00017683243, Final residual = 1.6557482e-06, No Iterations 76
DICPCG:  Solving for p, Initial residual = 2.5476092e-05, Final residual = 2.477521e-07, No Iterations 84
DICPCG:  Solving for p, Initial residual = 5.5000418e-06, Final residual = 5.4780279e-08, No Iterations 283
DICPCG:  Solving for p, Initial residual = 3.2954318e-06, Final residual = 3.1813449e-08, No Iterations 275
time step continuity errors : sum local = 9.0924584e-10, global = -5.7368019e-12, cumulative = 8.3340368e-07
ExecutionTime = 191.58 s  ClockTime = 192 s

Time = 197

smoothSolver:  Solving for Ux, Initial residual = 1.6210324e-08, Final residual = 2.2209582e-09, No Iterations 1
smoothSolver:  Solving for Uy, Initial residual = 9.3212543e-09, Final residual = 9.3212543e-09, No Iterations 0
DICPCG:  Solving for p, Initial residual = 0.00018511555, Final residual = 1.7720875e-06, No Iterations 82
DICPCG:  Solving for p, Initial residual = 3.9817805e-05, Final residual = 3.9541549e-07, No Iterations 97
DICPCG:  Solving for p, Initial residual = 6.9783879e-06, Final residual = 6.7906918e-08, No Iterations 296
DICPCG:  Solving for p, Initial residual = 3.6823757e-06, Final residual = 3.6749885e-08, No Iterations 245
time step continuity errors : sum local = 8.8486945e-10, global = -5.765235e-12, cumulative = 8.3339791e-07
ExecutionTime = 192.15 s  ClockTime = 192 s

Time = 198

smoothSolver:  Solving for Ux, Initial residual = 1.5545624e-08, Final residual = 2.151334e-09, No Iterations 1
smoothSolver:  Solving for Uy, Initial residual = 9.4912661e-09, Final residual = 9.4912661e-09, No Iterations 0
DICPCG:  Solving for p, Initial residual = 0.00019563531, Final residual = 1.770372e-06, No Iterations 103
DICPCG:  Solving for p, Initial residual = 7.099674e-05, Final residual = 6.9923232e-07, No Iterations 115
DICPCG:  Solving for p, Initial residual = 1.1096265e-05, Final residual = 1.0554394e-07, No Iterations 290
DICPCG:  Solving for p, Initial residual = 5.9944128e-06, Final residual = 5.986171e-08, No Iterations 283
time step continuity errors : sum local = 1.0519474e-09, global = -5.7898969e-12, cumulative = 8.3339212e-07
ExecutionTime = 192.78 s  ClockTime = 193 s

Time = 199

smoothSolver:  Solving for Ux, Initial residual = 1.4927161e-08, Final residual = 2.0392105e-09, No Iterations 1
smoothSolver:  Solving for Uy, Initial residual = 1.0156872e-08, Final residual = 1.421007e-09, No Iterations 1
DICPCG:  Solving for p, Initial residual = 0.00016921318, Final residual = 1.6200828e-06, No Iterations 71
DICPCG:  Solving for p, Initial residual = 2.1046029e-05, Final residual = 2.0706539e-07, No Iterations 78
DICPCG:  Solving for p, Initial residual = 4.7317553e-06, Final residual = 4.6469785e-08, No Iterations 244
DICPCG:  Solving for p, Initial residual = 2.7904161e-06, Final residual = 2.7380369e-08, No Iterations 259
time step continuity errors : sum local = 8.749419e-10, global = -5.712222e-12, cumulative = 8.3338641e-07
ExecutionTime = 193.31 s  ClockTime = 193 s

Time = 200

smoothSolver:  Solving for Ux, Initial residual = 1.4870049e-08, Final residual = 2.0483846e-09, No Iterations 1
smoothSolver:  Solving for Uy, Initial residual = 9.8859664e-09, Final residual = 9.8859664e-09, No Iterations 0
DICPCG:  Solving for p, Initial residual = 0.0001677994, Final residual = 1.5606645e-06, No Iterations 44
DICPCG:  Solving for p, Initial residual = 1.6341224e-05, Final residual = 1.5847118e-07, No Iterations 73
DICPCG:  Solving for p, Initial residual = 4.436199e-06, Final residual = 4.2513174e-08, No Iterations 65
DICPCG:  Solving for p, Initial residual = 2.2495722e-06, Final residual = 2.2185887e-08, No Iterations 306
time step continuity errors : sum local = 9.3074704e-10, global = -5.7270764e-12, cumulative = 8.3338068e-07
ExecutionTime = 193.81 s  ClockTime = 194 s

surfaceFieldValue flowRateTM write:
    sum(outlet_tm) of phi = 2.5127494e-11

surfaceFieldValue flowRateTM_left write:
    sum(outlet_tm_left) of phi = 2.4872505e-11

surfaceFieldValue pressureACinlet write:
    areaAverage(ac_inlet) of p = 4.0464997

Time = 201

smoothSolver:  Solving for Ux, Initial residual = 1.471273e-08, Final residual = 2.020202e-09, No Iterations 1
smoothSolver:  Solving for Uy, Initial residual = 9.9642395e-09, Final residual = 9.9642395e-09, No Iterations 0
DICPCG:  Solving for p, Initial residual = 0.00017127261, Final residual = 1.6848567e-06, No Iterations 82
DICPCG:  Solving for p, Initial residual = 3.3538865e-05, Final residual = 3.2770044e-07, No Iterations 46
DICPCG:  Solving for p, Initial residual = 6.5725692e-06, Final residual = 6.469737e-08, No Iterations 282
DICPCG:  Solving for p, Initial residual = 3.7844342e-06, Final residual = 3.7708454e-08, No Iterations 267
time step continuity errors : sum local = 9.3335164e-10, global = -5.7406377e-12, cumulative = 8.3337494e-07
ExecutionTime = 194.35 s  ClockTime = 194 s

Time = 202

smoothSolver:  Solving for Ux, Initial residual = 1.4437741e-08, Final residual = 1.9671079e-09, No Iterations 1
smoothSolver:  Solving for Uy, Initial residual = 1.0255114e-08, Final residual = 1.4360782e-09, No Iterations 1
DICPCG:  Solving for p, Initial residual = 0.00018848502, Final residual = 1.8186172e-06, No Iterations 100
DICPCG:  Solving for p, Initial residual = 5.9466841e-05, Final residual = 5.77742e-07, No Iterations 279
DICPCG:  Solving for p, Initial residual = 1.0700288e-05, Final residual = 9.7548393e-08, No Iterations 262
DICPCG:  Solving for p, Initial residual = 4.8330551e-06, Final residual = 4.825852e-08, No Iterations 87
time step continuity errors : sum local = 6.8512668e-10, global = -5.6553056e-12, cumulative = 8.3336929e-07
ExecutionTime = 194.93 s  ClockTime = 195 s

Time = 203

smoothSolver:  Solving for Ux, Initial residual = 1.4634123e-08, Final residual = 2.0327567e-09, No Iterations 1
smoothSolver:  Solving for Uy, Initial residual = 9.6310415e-09, Final residual = 9.6310415e-09, No Iterations 0
DICPCG:  Solving for p, Initial residual = 0.00016158056, Final residual = 1.5368032e-06, No Iterations 71
DICPCG:  Solving for p, Initial residual = 1.9512454e-05, Final residual = 1.9019985e-07, No Iterations 80
DICPCG:  Solving for p, Initial residual = 4.6765791e-06, Final residual = 4.661144e-08, No Iterations 282
DICPCG:  Solving for p, Initial residual = 2.8104265e-06, Final residual = 2.7463899e-08, No Iterations 278
time step continuity errors : sum local = 9.0153541e-10, global = -5.6697478e-12, cumulative = 8.3336362e-07
ExecutionTime = 195.5 s  ClockTime = 195 s

Time = 204

smoothSolver:  Solving for Ux, Initial residual = 1.4713762e-08, Final residual = 2.039797e-09, No Iterations 1
smoothSolver:  Solving for Uy, Initial residual = 9.4847631e-09, Final residual = 9.4847631e-09, No Iterations 0
DICPCG:  Solving for p, Initial residual = 0.00016019795, Final residual = 1.5955657e-06, No Iterations 77
DICPCG:  Solving for p, Initial residual = 2.6128238e-05, Final residual = 2.5114853e-07, No Iterations 70
DICPCG:  Solving for p, Initial residual = 5.3052429e-06, Final residual = 5.0630806e-08, No Iterations 298
DICPCG:  Solving for p, Initial residual = 3.0369109e-06, Final residual = 2.9945395e-08, No Iterations 31
time step continuity errors : sum local = 4.2329085e-10, global = -5.685305e-12, cumulative = 8.3335793e-07
ExecutionTime = 195.91 s  ClockTime = 196 s

Time = 205

smoothSolver:  Solving for Ux, Initial residual = 1.4352474e-08, Final residual = 1.9933914e-09, No Iterations 1
smoothSolver:  Solving for Uy, Initial residual = 9.6112224e-09, Final residual = 9.6112224e-09, No Iterations 0
DICPCG:  Solving for p, Initial residual = 0.00016404982, Final residual = 1.5893467e-06, No Iterations 86
DICPCG:  Solving for p, Initial residual = 4.668195e-05, Final residual = 4.5880619e-07, No Iterations 65
DICPCG:  Solving for p, Initial residual = 8.0555485e-06, Final residual = 7.302713e-08, No Iterations 284
DICPCG:  Solving for p, Initial residual = 4.5113986e-06, Final residual = 4.3609025e-08, No Iterations 263
time step continuity errors : sum local = 9.4592709e-10, global = -5.7012544e-12, cumulative = 8.3335223e-07
ExecutionTime = 196.51 s  ClockTime = 196 s

Time = 206

smoothSolver:  Solving for Ux, Initial residual = 1.4026359e-08, Final residual = 1.9193451e-09, No Iterations 1
smoothSolver:  Solving for Uy, Initial residual = 1.0031394e-08, Final residual = 1.4078343e-09, No Iterations 1
DICPCG:  Solving for p, Initial residual = 0.00016599266, Final residual = 1.6329586e-06, No Iterations 95
DICPCG:  Solving for p, Initial residual = 4.7325361e-05, Final residual = 4.7262258e-07, No Iterations 86
DICPCG:  Solving for p, Initial residual = 8.6569638e-06, Final residual = 8.1214539e-08, No Iterations 290
DICPCG:  Solving for p, Initial residual = 5.0689894e-06, Final residual = 4.9540105e-08, No Iterations 233
time step continuity errors : sum local = 9.2314841e-10, global = -5.6154706e-12, cumulative = 8.3334662e-07
ExecutionTime = 197.12 s  ClockTime = 197 s

Time = 207

smoothSolver:  Solving for Ux, Initial residual = 1.4158561e-08, Final residual = 1.9666737e-09, No Iterations 1
smoothSolver:  Solving for Uy, Initial residual = 9.5384728e-09, Final residual = 9.5384728e-09, No Iterations 0
DICPCG:  Solving for p, Initial residual = 0.0001512441, Final residual = 1.4668544e-06, No Iterations 55
DICPCG:  Solving for p, Initial residual = 1.5210348e-05, Final residual = 1.4865291e-07, No Iterations 85
DICPCG:  Solving for p, Initial residual = 4.3558688e-06, Final residual = 4.0892127e-08, No Iterations 284
DICPCG:  Solving for p, Initial residual = 2.6339559e-06, Final residual = 2.4563846e-08, No Iterations 47
time step continuity errors : sum local = 4.3840355e-10, global = -5.628707e-12, cumulative = 8.3334099e-07
ExecutionTime = 197.56 s  ClockTime = 198 s

Time = 208

smoothSolver:  Solving for Ux, Initial residual = 1.4182111e-08, Final residual = 1.9670953e-09, No Iterations 1
smoothSolver:  Solving for Uy, Initial residual = 9.4122618e-09, Final residual = 9.4122618e-09, No Iterations 0
DICPCG:  Solving for p, Initial residual = 0.00014942664, Final residual = 1.4465521e-06, No Iterations 77
DICPCG:  Solving for p, Initial residual = 2.2771915e-05, Final residual = 2.2500171e-07, No Iterations 62
DICPCG:  Solving for p, Initial residual = 4.8529774e-06, Final residual = 4.6329857e-08, No Iterations 299
DICPCG:  Solving for p, Initial residual = 2.7638626e-06, Final residual = 2.6915001e-08, No Iterations 29
time step continuity errors : sum local = 3.9867597e-10, global = -5.635273e-12, cumulative = 8.3333535e-07
ExecutionTime = 198.22 s  ClockTime = 198 s

Time = 209

smoothSolver:  Solving for Ux, Initial residual = 1.3905807e-08, Final residual = 1.9271329e-09, No Iterations 1
smoothSolver:  Solving for Uy, Initial residual = 9.5350562e-09, Final residual = 9.5350562e-09, No Iterations 0
DICPCG:  Solving for p, Initial residual = 0.00015125076, Final residual = 1.4805688e-06, No Iterations 85
DICPCG:  Solving for p, Initial residual = 3.8709543e-05, Final residual = 3.775475e-07, No Iterations 53
DICPCG:  Solving for p, Initial residual = 6.9506863e-06, Final residual = 6.8300241e-08, No Iterations 290
DICPCG:  Solving for p, Initial residual = 3.9547732e-06, Final residual = 3.8432643e-08, No Iterations 266
time step continuity errors : sum local = 9.1702526e-10, global = -5.6457009e-12, cumulative = 8.3332971e-07
ExecutionTime = 198.88 s  ClockTime = 199 s

Time = 210

smoothSolver:  Solving for Ux, Initial residual = 1.3616514e-08, Final residual = 1.8654636e-09, No Iterations 1
smoothSolver:  Solving for Uy, Initial residual = 9.8928298e-09, Final residual = 9.8928298e-09, No Iterations 0
DICPCG:  Solving for p, Initial residual = 0.00015249657, Final residual = 1.489603e-06, No Iterations 86
DICPCG:  Solving for p, Initial residual = 4.1106633e-05, Final residual = 4.0698414e-07, No Iterations 49
DICPCG:  Solving for p, Initial residual = 7.2001681e-06, Final residual = 7.1300058e-08, No Iterations 289
DICPCG:  Solving for p, Initial residual = 4.0160618e-06, Final residual = 3.971653e-08, No Iterations 258
time step continuity errors : sum local = 9.2470422e-10, global = -5.6511838e-12, cumulative = 8.3332406e-07
ExecutionTime = 199.54 s  ClockTime = 200 s

surfaceFieldValue flowRateTM write:
    sum(outlet_tm) of phi = 2.5127494e-11

surfaceFieldValue flowRateTM_left write:
    sum(outlet_tm_left) of phi = 2.4872505e-11

surfaceFieldValue pressureACinlet write:
    areaAverage(ac_inlet) of p = 4.0464997

Time = 211

smoothSolver:  Solving for Ux, Initial residual = 1.3334285e-08, Final residual = 1.8027018e-09, No Iterations 1
smoothSolver:  Solving for Uy, Initial residual = 1.0292777e-08, Final residual = 1.433944e-09, No Iterations 1
DICPCG:  Solving for p, Initial residual = 0.00017915119, Final residual = 1.7794868e-06, No Iterations 103
DICPCG:  Solving for p, Initial residual = 6.6454083e-05, Final residual = 6.2033819e-07, No Iterations 278
DICPCG:  Solving for p, Initial residual = 1.1530888e-05, Final residual = 1.1369489e-07, No Iterations 262
DICPCG:  Solving for p, Initial residual = 5.1651184e-06, Final residual = 5.0862547e-08, No Iterations 47
time step continuity errors : sum local = 6.0471371e-10, global = -5.5553417e-12, cumulative = 8.333185e-07
ExecutionTime = 200.14 s  ClockTime = 200 s

Time = 212

smoothSolver:  Solving for Ux, Initial residual = 1.3564837e-08, Final residual = 1.8785964e-09, No Iterations 1
smoothSolver:  Solving for Uy, Initial residual = 9.5335726e-09, Final residual = 9.5335726e-09, No Iterations 0
DICPCG:  Solving for p, Initial residual = 0.00015175728, Final residual = 1.4939096e-06, No Iterations 88
DICPCG:  Solving for p, Initial residual = 3.598038e-05, Final residual = 3.5117561e-07, No Iterations 254
DICPCG:  Solving for p, Initial residual = 7.1546451e-06, Final residual = 6.8613305e-08, No Iterations 269
DICPCG:  Solving for p, Initial residual = 3.4611964e-06, Final residual = 3.4524051e-08, No Iterations 33
time step continuity errors : sum local = 4.6178608e-10, global = -5.5614916e-12, cumulative = 8.3331294e-07
ExecutionTime = 200.97 s  ClockTime = 201 s

Time = 213

smoothSolver:  Solving for Ux, Initial residual = 1.3904995e-08, Final residual = 1.9123839e-09, No Iterations 1
smoothSolver:  Solving for Uy, Initial residual = 9.2646417e-09, Final residual = 9.2646417e-09, No Iterations 0
DICPCG:  Solving for p, Initial residual = 0.00014325509, Final residual = 1.4155278e-06, No Iterations 30
DICPCG:  Solving for p, Initial residual = 1.049693e-05, Final residual = 1.0193e-07, No Iterations 138
DICPCG:  Solving for p, Initial residual = 3.3244801e-06, Final residual = 3.2801095e-08, No Iterations 282
DICPCG:  Solving for p, Initial residual = 1.9237836e-06, Final residual = 1.8904777e-08, No Iterations 33
time step continuity errors : sum local = 3.6560455e-10, global = -5.5729341e-12, cumulative = 8.3330737e-07
ExecutionTime = 201.4 s  ClockTime = 201 s

Time = 214

smoothSolver:  Solving for Ux, Initial residual = 1.3744413e-08, Final residual = 1.8955056e-09, No Iterations 1
smoothSolver:  Solving for Uy, Initial residual = 9.2324651e-09, Final residual = 9.2324651e-09, No Iterations 0
DICPCG:  Solving for p, Initial residual = 0.00014968183, Final residual = 1.3707168e-06, No Iterations 82
DICPCG:  Solving for p, Initial residual = 3.1324872e-05, Final residual = 3.053619e-07, No Iterations 99
DICPCG:  Solving for p, Initial residual = 5.735812e-06, Final residual = 5.3337548e-08, No Iterations 298
DICPCG:  Solving for p, Initial residual = 3.0497506e-06, Final residual = 2.9600707e-08, No Iterations 290
time step continuity errors : sum local = 9.2103154e-10, global = -5.5812737e-12, cumulative = 8.3330179e-07
ExecutionTime = 202.11 s  ClockTime = 202 s

Time = 215

smoothSolver:  Solving for Ux, Initial residual = 1.3264069e-08, Final residual = 1.8430594e-09, No Iterations 1
smoothSolver:  Solving for Uy, Initial residual = 9.4063909e-09, Final residual = 9.4063909e-09, No Iterations 0
DICPCG:  Solving for p, Initial residual = 0.00014625495, Final residual = 1.3355085e-06, No Iterations 87
DICPCG:  Solving for p, Initial residual = 4.1334562e-05, Final residual = 3.9577672e-07, No Iterations 97
DICPCG:  Solving for p, Initial residual = 7.1661576e-06, Final residual = 6.9208809e-08, No Iterations 285
DICPCG:  Solving for p, Initial residual = 3.7750698e-06, Final residual = 3.7397354e-08, No Iterations 250
time step continuity errors : sum local = 8.9127059e-10, global = -5.5864061e-12, cumulative = 8.332962e-07
ExecutionTime = 202.71 s  ClockTime = 203 s

Time = 216

smoothSolver:  Solving for Ux, Initial residual = 1.2961001e-08, Final residual = 1.7789878e-09, No Iterations 1
smoothSolver:  Solving for Uy, Initial residual = 9.7921486e-09, Final residual = 9.7921486e-09, No Iterations 0
DICPCG:  Solving for p, Initial residual = 0.00014106693, Final residual = 1.3154104e-06, No Iterations 86
DICPCG:  Solving for p, Initial residual = 3.7502671e-05, Final residual = 3.7445859e-07, No Iterations 50
DICPCG:  Solving for p, Initial residual = 6.5778424e-06, Final residual = 6.5596224e-08, No Iterations 299
DICPCG:  Solving for p, Initial residual = 3.658967e-06, Final residual = 3.6294034e-08, No Iterations 262
time step continuity errors : sum local = 8.9469702e-10, global = -5.5854722e-12, cumulative = 8.3329061e-07
ExecutionTime = 203.29 s  ClockTime = 203 s

Time = 217

smoothSolver:  Solving for Ux, Initial residual = 1.2735496e-08, Final residual = 1.7228035e-09, No Iterations 1
smoothSolver:  Solving for Uy, Initial residual = 1.0135947e-08, Final residual = 1.4132982e-09, No Iterations 1
DICPCG:  Solving for p, Initial residual = 0.00017545356, Final residual = 1.7472906e-06, No Iterations 104
DICPCG:  Solving for p, Initial residual = 7.3047264e-05, Final residual = 7.25966e-07, No Iterations 279
DICPCG:  Solving for p, Initial residual = 1.230646e-05, Final residual = 1.1659898e-07, No Iterations 270
DICPCG:  Solving for p, Initial residual = 5.4076922e-06, Final residual = 5.2726623e-08, No Iterations 48
time step continuity errors : sum local = 6.2347563e-10, global = -5.4850966e-12, cumulative = 8.3328513e-07
ExecutionTime = 203.88 s  ClockTime = 204 s

Time = 218

smoothSolver:  Solving for Ux, Initial residual = 1.3042867e-08, Final residual = 1.8074864e-09, No Iterations 1
smoothSolver:  Solving for Uy, Initial residual = 9.3343857e-09, Final residual = 9.3343857e-09, No Iterations 0
DICPCG:  Solving for p, Initial residual = 0.00014587128, Final residual = 1.3891954e-06, No Iterations 98
DICPCG:  Solving for p, Initial residual = 4.4286078e-05, Final residual = 4.2273715e-07, No Iterations 277
DICPCG:  Solving for p, Initial residual = 8.4280319e-06, Final residual = 8.3837815e-08, No Iterations 43
DICPCG:  Solving for p, Initial residual = 4.0480222e-06, Final residual = 3.8090279e-08, No Iterations 252
time step continuity errors : sum local = 9.1410362e-10, global = -5.4853314e-12, cumulative = 8.3327964e-07
ExecutionTime = 204.45 s  ClockTime = 204 s

Time = 219

smoothSolver:  Solving for Ux, Initial residual = 1.3522903e-08, Final residual = 1.853362e-09, No Iterations 1
smoothSolver:  Solving for Uy, Initial residual = 9.0520941e-09, Final residual = 9.0520941e-09, No Iterations 0
DICPCG:  Solving for p, Initial residual = 0.00013578581, Final residual = 1.3397638e-06, No Iterations 40
DICPCG:  Solving for p, Initial residual = 1.1318212e-05, Final residual = 1.1132971e-07, No Iterations 302
DICPCG:  Solving for p, Initial residual = 4.375671e-06, Final residual = 4.3568904e-08, No Iterations 42
DICPCG:  Solving for p, Initial residual = 2.3610774e-06, Final residual = 2.3241987e-08, No Iterations 47
time step continuity errors : sum local = 4.375371e-10, global = -5.4967534e-12, cumulative = 8.3327415e-07
ExecutionTime = 204.82 s  ClockTime = 205 s

Time = 220

smoothSolver:  Solving for Ux, Initial residual = 1.346489e-08, Final residual = 1.8464071e-09, No Iterations 1
smoothSolver:  Solving for Uy, Initial residual = 8.9608047e-09, Final residual = 8.9608047e-09, No Iterations 0
DICPCG:  Solving for p, Initial residual = 0.00014680703, Final residual = 1.3649073e-06, No Iterations 80
DICPCG:  Solving for p, Initial residual = 2.8606358e-05, Final residual = 2.7885941e-07, No Iterations 106
DICPCG:  Solving for p, Initial residual = 5.8292622e-06, Final residual = 5.4561679e-08, No Iterations 298
DICPCG:  Solving for p, Initial residual = 3.1243365e-06, Final residual = 2.9676139e-08, No Iterations 40
time step continuity errors : sum local = 4.5373199e-10, global = -5.5006887e-12, cumulative = 8.3326865e-07
ExecutionTime = 205.27 s  ClockTime = 205 s

surfaceFieldValue flowRateTM write:
    sum(outlet_tm) of phi = 2.5127494e-11

surfaceFieldValue flowRateTM_left write:
    sum(outlet_tm_left) of phi = 2.4872505e-11

surfaceFieldValue pressureACinlet write:
    areaAverage(ac_inlet) of p = 4.0464997

Time = 221

smoothSolver:  Solving for Ux, Initial residual = 1.2947612e-08, Final residual = 1.7983926e-09, No Iterations 1
smoothSolver:  Solving for Uy, Initial residual = 9.0648558e-09, Final residual = 9.0648558e-09, No Iterations 0
DICPCG:  Solving for p, Initial residual = 0.00014536101, Final residual = 1.4091063e-06, No Iterations 88
DICPCG:  Solving for p, Initial residual = 4.1377602e-05, Final residual = 3.9400145e-07, No Iterations 100
DICPCG:  Solving for p, Initial residual = 7.2277669e-06, Final residual = 6.964532e-08, No Iterations 296
DICPCG:  Solving for p, Initial residual = 3.7468203e-06, Final residual = 3.7278271e-08, No Iterations 277
time step continuity errors : sum local = 9.2330105e-10, global = -5.5093813e-12, cumulative = 8.3326314e-07
ExecutionTime = 205.87 s  ClockTime = 206 s

Time = 222

smoothSolver:  Solving for Ux, Initial residual = 1.2576745e-08, Final residual = 1.7337128e-09, No Iterations 1
smoothSolver:  Solving for Uy, Initial residual = 9.3755721e-09, Final residual = 9.3755721e-09, No Iterations 0
DICPCG:  Solving for p, Initial residual = 0.00013474957, Final residual = 1.2050056e-06, No Iterations 87
DICPCG:  Solving for p, Initial residual = 3.9694216e-05, Final residual = 3.8758839e-07, No Iterations 65
DICPCG:  Solving for p, Initial residual = 6.9153239e-06, Final residual = 6.8794212e-08, No Iterations 268
DICPCG:  Solving for p, Initial residual = 3.8681026e-06, Final residual = 3.7057087e-08, No Iterations 263
time step continuity errors : sum local = 9.1242813e-10, global = -5.5085713e-12, cumulative = 8.3325763e-07
ExecutionTime = 206.43 s  ClockTime = 206 s

Time = 223

smoothSolver:  Solving for Ux, Initial residual = 1.2337007e-08, Final residual = 1.6743527e-09, No Iterations 1
smoothSolver:  Solving for Uy, Initial residual = 9.752111e-09, Final residual = 9.752111e-09, No Iterations 0
DICPCG:  Solving for p, Initial residual = 0.0001380603, Final residual = 1.3312224e-06, No Iterations 83
DICPCG:  Solving for p, Initial residual = 2.9264433e-05, Final residual = 2.9075547e-07, No Iterations 46
DICPCG:  Solving for p, Initial residual = 5.8785345e-06, Final residual = 5.7111778e-08, No Iterations 296
DICPCG:  Solving for p, Initial residual = 3.4031955e-06, Final residual = 3.3394456e-08, No Iterations 46
time step continuity errors : sum local = 4.9355524e-10, global = -5.4993033e-12, cumulative = 8.3325213e-07
ExecutionTime = 206.82 s  ClockTime = 207 s

Time = 224

smoothSolver:  Solving for Ux, Initial residual = 1.2160192e-08, Final residual = 1.6325747e-09, No Iterations 1
smoothSolver:  Solving for Uy, Initial residual = 9.9890144e-09, Final residual = 9.9890144e-09, No Iterations 0
DICPCG:  Solving for p, Initial residual = 0.0001491603, Final residual = 1.4510437e-06, No Iterations 51
DICPCG:  Solving for p, Initial residual = 2.1065527e-05, Final residual = 1.9405007e-07, No Iterations 128
DICPCG:  Solving for p, Initial residual = 5.154981e-06, Final residual = 5.0918605e-08, No Iterations 78
DICPCG:  Solving for p, Initial residual = 2.5385109e-06, Final residual = 2.5350081e-08, No Iterations 272
time step continuity errors : sum local = 8.7814747e-10, global = -5.4932371e-12, cumulative = 8.3324664e-07
ExecutionTime = 207.25 s  ClockTime = 207 s

Time = 225

smoothSolver:  Solving for Ux, Initial residual = 1.1984345e-08, Final residual = 1.6122826e-09, No Iterations 1
smoothSolver:  Solving for Uy, Initial residual = 1.0063704e-08, Final residual = 1.40497e-09, No Iterations 1
DICPCG:  Solving for p, Initial residual = 0.00019813541, Final residual = 1.8645434e-06, No Iterations 111
DICPCG:  Solving for p, Initial residual = 9.781486e-05, Final residual = 9.5819694e-07, No Iterations 279
DICPCG:  Solving for p, Initial residual = 1.5121786e-05, Final residual = 1.4942143e-07, No Iterations 275
DICPCG:  Solving for p, Initial residual = 6.4596527e-06, Final residual = 6.2457711e-08, No Iterations 58
time step continuity errors : sum local = 7.1540196e-10, global = -5.3879813e-12, cumulative = 8.3324125e-07
ExecutionTime = 207.84 s  ClockTime = 208 s

Time = 226

smoothSolver:  Solving for Ux, Initial residual = 1.2613427e-08, Final residual = 1.736952e-09, No Iterations 1
smoothSolver:  Solving for Uy, Initial residual = 9.1077991e-09, Final residual = 9.1077991e-09, No Iterations 0
DICPCG:  Solving for p, Initial residual = 0.00015057011, Final residual = 1.481689e-06, No Iterations 104
DICPCG:  Solving for p, Initial residual = 6.2208313e-05, Final residual = 5.8924712e-07, No Iterations 279
DICPCG:  Solving for p, Initial residual = 1.084452e-05, Final residual = 1.0025473e-07, No Iterations 270
DICPCG:  Solving for p, Initial residual = 5.0376056e-06, Final residual = 4.9825978e-08, No Iterations 78
time step continuity errors : sum local = 6.7368196e-10, global = -5.3887521e-12, cumulative = 8.3323586e-07
ExecutionTime = 208.43 s  ClockTime = 208 s

Time = 227

smoothSolver:  Solving for Ux, Initial residual = 1.3541327e-08, Final residual = 1.8126399e-09, No Iterations 1
smoothSolver:  Solving for Uy, Initial residual = 8.6840309e-09, Final residual = 8.6840309e-09, No Iterations 0
DICPCG:  Solving for p, Initial residual = 0.00015272317, Final residual = 1.4756608e-06, No Iterations 78
DICPCG:  Solving for p, Initial residual = 2.5353274e-05, Final residual = 2.4724479e-07, No Iterations 87
DICPCG:  Solving for p, Initial residual = 6.0414628e-06, Final residual = 5.7779179e-08, No Iterations 284
DICPCG:  Solving for p, Initial residual = 3.6023557e-06, Final residual = 3.4359873e-08, No Iterations 46
time step continuity errors : sum local = 5.0371444e-10, global = -5.4006219e-12, cumulative = 8.3323046e-07
ExecutionTime = 208.89 s  ClockTime = 209 s

Time = 228

smoothSolver:  Solving for Ux, Initial residual = 1.3569169e-08, Final residual = 1.8149953e-09, No Iterations 1
smoothSolver:  Solving for Uy, Initial residual = 8.5085186e-09, Final residual = 8.5085186e-09, No Iterations 0
DICPCG:  Solving for p, Initial residual = 0.00017444599, Final residual = 1.699812e-06, No Iterations 81
DICPCG:  Solving for p, Initial residual = 3.4602863e-05, Final residual = 3.4507746e-07, No Iterations 115
DICPCG:  Solving for p, Initial residual = 6.8055389e-06, Final residual = 6.7203957e-08, No Iterations 297
DICPCG:  Solving for p, Initial residual = 3.4923763e-06, Final residual = 3.4379265e-08, No Iterations 45
time step continuity errors : sum local = 4.953805e-10, global = -5.4038742e-12, cumulative = 8.3322505e-07
ExecutionTime = 209.36 s  ClockTime = 209 s

Time = 229

smoothSolver:  Solving for Ux, Initial residual = 1.2957642e-08, Final residual = 1.7615899e-09, No Iterations 1
smoothSolver:  Solving for Uy, Initial residual = 8.5721028e-09, Final residual = 8.5721028e-09, No Iterations 0
DICPCG:  Solving for p, Initial residual = 0.00017008415, Final residual = 1.6714052e-06, No Iterations 102
DICPCG:  Solving for p, Initial residual = 4.9364601e-05, Final residual = 4.7911745e-07, No Iterations 109
DICPCG:  Solving for p, Initial residual = 8.057963e-06, Final residual = 7.657233e-08, No Iterations 286
DICPCG:  Solving for p, Initial residual = 4.1535265e-06, Final residual = 4.085418e-08, No Iterations 289
time step continuity errors : sum local = 9.6779996e-10, global = -5.4124934e-12, cumulative = 8.3321964e-07
ExecutionTime = 209.98 s  ClockTime = 210 s

Time = 230

smoothSolver:  Solving for Ux, Initial residual = 1.2184423e-08, Final residual = 1.6866258e-09, No Iterations 1
smoothSolver:  Solving for Uy, Initial residual = 8.8558584e-09, Final residual = 8.8558584e-09, No Iterations 0
DICPCG:  Solving for p, Initial residual = 0.00014794388, Final residual = 1.3984268e-06, No Iterations 103
DICPCG:  Solving for p, Initial residual = 4.8065573e-05, Final residual = 4.5669881e-07, No Iterations 109
DICPCG:  Solving for p, Initial residual = 7.5202938e-06, Final residual = 7.2920175e-08, No Iterations 235
DICPCG:  Solving for p, Initial residual = 3.9637715e-06, Final residual = 3.7813975e-08, No Iterations 302
time step continuity errors : sum local = 9.7823674e-10, global = -5.4098434e-12, cumulative = 8.3321423e-07
ExecutionTime = 210.57 s  ClockTime = 211 s

surfaceFieldValue flowRateTM write:
    sum(outlet_tm) of phi = 2.5127494e-11

surfaceFieldValue flowRateTM_left write:
    sum(outlet_tm_left) of phi = 2.4872505e-11

surfaceFieldValue pressureACinlet write:
    areaAverage(ac_inlet) of p = 4.0464997

Time = 231

smoothSolver:  Solving for Ux, Initial residual = 1.1876006e-08, Final residual = 1.6169802e-09, No Iterations 1
smoothSolver:  Solving for Uy, Initial residual = 9.3018467e-09, Final residual = 9.3018467e-09, No Iterations 0
DICPCG:  Solving for p, Initial residual = 0.00014447756, Final residual = 1.3809161e-06, No Iterations 87
DICPCG:  Solving for p, Initial residual = 3.7656488e-05, Final residual = 3.7143732e-07, No Iterations 46
DICPCG:  Solving for p, Initial residual = 6.4879066e-06, Final residual = 6.4839214e-08, No Iterations 298
DICPCG:  Solving for p, Initial residual = 3.6135163e-06, Final residual = 3.5260533e-08, No Iterations 262
time step continuity errors : sum local = 9.042156e-10, global = -5.4017735e-12, cumulative = 8.3320883e-07
ExecutionTime = 211.12 s  ClockTime = 211 s

Time = 232

smoothSolver:  Solving for Ux, Initial residual = 1.166577e-08, Final residual = 1.5657423e-09, No Iterations 1
smoothSolver:  Solving for Uy, Initial residual = 9.6452983e-09, Final residual = 9.6452983e-09, No Iterations 0
DICPCG:  Solving for p, Initial residual = 0.00015574171, Final residual = 1.5264491e-06, No Iterations 80
DICPCG:  Solving for p, Initial residual = 2.9235014e-05, Final residual = 2.8600835e-07, No Iterations 85
DICPCG:  Solving for p, Initial residual = 5.8572741e-06, Final residual = 5.7744743e-08, No Iterations 139
DICPCG:  Solving for p, Initial residual = 3.1143317e-06, Final residual = 3.0828919e-08, No Iterations 238
time step continuity errors : sum local = 8.3943392e-10, global = -5.3910024e-12, cumulative = 8.3320344e-07
ExecutionTime = 211.57 s  ClockTime = 212 s

Time = 233

smoothSolver:  Solving for Ux, Initial residual = 1.1505361e-08, Final residual = 1.5389716e-09, No Iterations 1
smoothSolver:  Solving for Uy, Initial residual = 9.7729486e-09, Final residual = 9.7729486e-09, No Iterations 0
DICPCG:  Solving for p, Initial residual = 0.00015956133, Final residual = 1.5703988e-06, No Iterations 50
DICPCG:  Solving for p, Initial residual = 2.5674319e-05, Final residual = 2.5349225e-07, No Iterations 136
DICPCG:  Solving for p, Initial residual = 5.7768683e-06, Final residual = 5.7138807e-08, No Iterations 269
DICPCG:  Solving for p, Initial residual = 2.9261058e-06, Final residual = 2.8724821e-08, No Iterations 74
time step continuity errors : sum local = 5.3552671e-10, global = -5.3835958e-12, cumulative = 8.3319806e-07
ExecutionTime = 212.05 s  ClockTime = 212 s

Time = 234

smoothSolver:  Solving for Ux, Initial residual = 1.1399392e-08, Final residual = 1.5358184e-09, No Iterations 1
smoothSolver:  Solving for Uy, Initial residual = 9.7104941e-09, Final residual = 9.7104941e-09, No Iterations 0
DICPCG:  Solving for p, Initial residual = 0.00015122297, Final residual = 1.510443e-06, No Iterations 74
DICPCG:  Solving for p, Initial residual = 2.4979116e-05, Final residual = 2.3969357e-07, No Iterations 136
DICPCG:  Solving for p, Initial residual = 5.4793458e-06, Final residual = 5.1274892e-08, No Iterations 275
DICPCG:  Solving for p, Initial residual = 2.9026739e-06, Final residual = 2.8837302e-08, No Iterations 279
time step continuity errors : sum local = 9.0507382e-10, global = -5.3728379e-12, cumulative = 8.3319268e-07
ExecutionTime = 212.67 s  ClockTime = 213 s

Time = 235

smoothSolver:  Solving for Ux, Initial residual = 1.1347868e-08, Final residual = 1.5472319e-09, No Iterations 1
smoothSolver:  Solving for Uy, Initial residual = 9.5242242e-09, Final residual = 9.5242242e-09, No Iterations 0
DICPCG:  Solving for p, Initial residual = 0.00014102522, Final residual = 1.3852109e-06, No Iterations 82
DICPCG:  Solving for p, Initial residual = 2.4044888e-05, Final residual = 2.3875453e-07, No Iterations 127
DICPCG:  Solving for p, Initial residual = 5.2562273e-06, Final residual = 5.0964542e-08, No Iterations 209
DICPCG:  Solving for p, Initial residual = 2.947392e-06, Final residual = 2.795179e-08, No Iterations 286
time step continuity errors : sum local = 9.1164286e-10, global = -5.3664007e-12, cumulative = 8.3318732e-07
ExecutionTime = 213.25 s  ClockTime = 213 s

Time = 236

smoothSolver:  Solving for Ux, Initial residual = 1.1300768e-08, Final residual = 1.5617018e-09, No Iterations 1
smoothSolver:  Solving for Uy, Initial residual = 9.3150712e-09, Final residual = 9.3150712e-09, No Iterations 0
DICPCG:  Solving for p, Initial residual = 0.00013604809, Final residual = 1.2937124e-06, No Iterations 82
DICPCG:  Solving for p, Initial residual = 2.2651189e-05, Final residual = 2.2635631e-07, No Iterations 72
DICPCG:  Solving for p, Initial residual = 5.059026e-06, Final residual = 5.0367581e-08, No Iterations 273
DICPCG:  Solving for p, Initial residual = 2.928967e-06, Final residual = 2.8853689e-08, No Iterations 92
time step continuity errors : sum local = 5.7691416e-10, global = -5.3633098e-12, cumulative = 8.3318195e-07
ExecutionTime = 213.7 s  ClockTime = 214 s

Time = 237

smoothSolver:  Solving for Ux, Initial residual = 1.1327189e-08, Final residual = 1.5710203e-09, No Iterations 1
smoothSolver:  Solving for Uy, Initial residual = 9.1267602e-09, Final residual = 9.1267602e-09, No Iterations 0
DICPCG:  Solving for p, Initial residual = 0.000133397, Final residual = 1.2377839e-06, No Iterations 78
DICPCG:  Solving for p, Initial residual = 2.1082871e-05, Final residual = 2.0648313e-07, No Iterations 74
DICPCG:  Solving for p, Initial residual = 4.7982458e-06, Final residual = 4.7495596e-08, No Iterations 270
DICPCG:  Solving for p, Initial residual = 2.8204465e-06, Final residual = 2.6149782e-08, No Iterations 76
time step continuity errors : sum local = 5.2754601e-10, global = -5.3542148e-12, cumulative = 8.331766e-07
ExecutionTime = 214.12 s  ClockTime = 214 s

Time = 238

smoothSolver:  Solving for Ux, Initial residual = 1.1382748e-08, Final residual = 1.5727922e-09, No Iterations 1
smoothSolver:  Solving for Uy, Initial residual = 9.0051091e-09, Final residual = 9.0051091e-09, No Iterations 0
DICPCG:  Solving for p, Initial residual = 0.00012941759, Final residual = 1.2719864e-06, No Iterations 53
DICPCG:  Solving for p, Initial residual = 1.8874683e-05, Final residual = 1.8781591e-07, No Iterations 73
DICPCG:  Solving for p, Initial residual = 4.9215658e-06, Final residual = 4.9071386e-08, No Iterations 296
DICPCG:  Solving for p, Initial residual = 2.799867e-06, Final residual = 2.7892944e-08, No Iterations 42
time step continuity errors : sum local = 4.4807624e-10, global = -5.3432546e-12, cumulative = 8.3317126e-07
ExecutionTime = 214.53 s  ClockTime = 215 s

Time = 239

smoothSolver:  Solving for Ux, Initial residual = 1.1376213e-08, Final residual = 1.5682135e-09, No Iterations 1
smoothSolver:  Solving for Uy, Initial residual = 8.9236966e-09, Final residual = 8.9236966e-09, No Iterations 0
DICPCG:  Solving for p, Initial residual = 0.00012523265, Final residual = 1.1552507e-06, No Iterations 51
DICPCG:  Solving for p, Initial residual = 1.6075163e-05, Final residual = 1.5834641e-07, No Iterations 75
DICPCG:  Solving for p, Initial residual = 4.5361923e-06, Final residual = 4.3255524e-08, No Iterations 261
DICPCG:  Solving for p, Initial residual = 2.6644738e-06, Final residual = 2.6629982e-08, No Iterations 45
time step continuity errors : sum local = 4.4543106e-10, global = -5.3314902e-12, cumulative = 8.3316592e-07
ExecutionTime = 214.91 s  ClockTime = 215 s

Time = 240

smoothSolver:  Solving for Ux, Initial residual = 1.1308974e-08, Final residual = 1.5595193e-09, No Iterations 1
smoothSolver:  Solving for Uy, Initial residual = 8.8769999e-09, Final residual = 8.8769999e-09, No Iterations 0
DICPCG:  Solving for p, Initial residual = 0.00012139016, Final residual = 1.1441955e-06, No Iterations 51
DICPCG:  Solving for p, Initial residual = 1.4258889e-05, Final residual = 1.3544025e-07, No Iterations 76
DICPCG:  Solving for p, Initial residual = 4.1321992e-06, Final residual = 3.9018889e-08, No Iterations 259
DICPCG:  Solving for p, Initial residual = 2.4268106e-06, Final residual = 2.3556702e-08, No Iterations 48
time step continuity errors : sum local = 4.4431526e-10, global = -5.3193748e-12, cumulative = 8.331606e-07
ExecutionTime = 215.3 s  ClockTime = 215 s

surfaceFieldValue flowRateTM write:
    sum(outlet_tm) of phi = 2.5127494e-11

surfaceFieldValue flowRateTM_left write:
    sum(outlet_tm_left) of phi = 2.4872505e-11

surfaceFieldValue pressureACinlet write:
    areaAverage(ac_inlet) of p = 4.0464997

Time = 241

smoothSolver:  Solving for Ux, Initial residual = 1.1196224e-08, Final residual = 1.5484997e-09, No Iterations 1
smoothSolver:  Solving for Uy, Initial residual = 8.8543737e-09, Final residual = 8.8543737e-09, No Iterations 0
DICPCG:  Solving for p, Initial residual = 0.00011815793, Final residual = 1.1626132e-06, No Iterations 49
DICPCG:  Solving for p, Initial residual = 1.2739881e-05, Final residual = 1.2397048e-07, No Iterations 74
DICPCG:  Solving for p, Initial residual = 3.7363915e-06, Final residual = 3.4751074e-08, No Iterations 297
DICPCG:  Solving for p, Initial residual = 2.1620461e-06, Final residual = 2.1445715e-08, No Iterations 44
time step continuity errors : sum local = 4.1302906e-10, global = -5.3084243e-12, cumulative = 8.331553e-07
ExecutionTime = 215.71 s  ClockTime = 216 s

Time = 242

smoothSolver:  Solving for Ux, Initial residual = 1.1057366e-08, Final residual = 1.5364729e-09, No Iterations 1
smoothSolver:  Solving for Uy, Initial residual = 8.8402411e-09, Final residual = 8.8402411e-09, No Iterations 0
DICPCG:  Solving for p, Initial residual = 0.0001151487, Final residual = 1.1211004e-06, No Iterations 35
DICPCG:  Solving for p, Initial residual = 1.1710173e-05, Final residual = 1.1569271e-07, No Iterations 92
DICPCG:  Solving for p, Initial residual = 3.4436357e-06, Final residual = 3.3435924e-08, No Iterations 286
DICPCG:  Solving for p, Initial residual = 2.006721e-06, Final residual = 1.8938511e-08, No Iterations 47
time step continuity errors : sum local = 4.1750202e-10, global = -5.2986742e-12, cumulative = 8.3315e-07
ExecutionTime = 216.13 s  ClockTime = 216 s

Time = 243

smoothSolver:  Solving for Ux, Initial residual = 1.0952384e-08, Final residual = 1.5247897e-09, No Iterations 1
smoothSolver:  Solving for Uy, Initial residual = 8.831333e-09, Final residual = 8.831333e-09, No Iterations 0
DICPCG:  Solving for p, Initial residual = 0.00011189303, Final residual = 1.0667053e-06, No Iterations 32
DICPCG:  Solving for p, Initial residual = 1.0827964e-05, Final residual = 1.0450282e-07, No Iterations 102
DICPCG:  Solving for p, Initial residual = 3.1248727e-06, Final residual = 3.0197838e-08, No Iterations 289
DICPCG:  Solving for p, Initial residual = 1.8513397e-06, Final residual = 1.8400606e-08, No Iterations 46
time step continuity errors : sum local = 4.0744723e-10, global = -5.2901442e-12, cumulative = 8.3314471e-07
ExecutionTime = 216.57 s  ClockTime = 217 s

Time = 244

smoothSolver:  Solving for Ux, Initial residual = 1.0890355e-08, Final residual = 1.5141733e-09, No Iterations 1
smoothSolver:  Solving for Uy, Initial residual = 8.8245933e-09, Final residual = 8.8245933e-09, No Iterations 0
DICPCG:  Solving for p, Initial residual = 0.00010894006, Final residual = 1.0505799e-06, No Iterations 30
DICPCG:  Solving for p, Initial residual = 9.9095625e-06, Final residual = 9.7309365e-08, No Iterations 154
DICPCG:  Solving for p, Initial residual = 2.9550338e-06, Final residual = 2.9446539e-08, No Iterations 258
DICPCG:  Solving for p, Initial residual = 1.7302987e-06, Final residual = 1.6999597e-08, No Iterations 47
time step continuity errors : sum local = 4.0237315e-10, global = -5.2818592e-12, cumulative = 8.3313943e-07
ExecutionTime = 216.99 s  ClockTime = 217 s

Time = 245

smoothSolver:  Solving for Ux, Initial residual = 1.0856291e-08, Final residual = 1.5047673e-09, No Iterations 1
smoothSolver:  Solving for Uy, Initial residual = 8.8245034e-09, Final residual = 8.8245034e-09, No Iterations 0
DICPCG:  Solving for p, Initial residual = 0.00010658195, Final residual = 9.7481991e-07, No Iterations 29
DICPCG:  Solving for p, Initial residual = 9.1390174e-06, Final residual = 8.9939386e-08, No Iterations 155
DICPCG:  Solving for p, Initial residual = 2.8999562e-06, Final residual = 2.7836369e-08, No Iterations 279
DICPCG:  Solving for p, Initial residual = 1.6858298e-06, Final residual = 1.5988369e-08, No Iterations 48
time step continuity errors : sum local = 4.0623496e-10, global = -5.2729575e-12, cumulative = 8.3313415e-07
ExecutionTime = 217.44 s  ClockTime = 217 s

Time = 246

smoothSolver:  Solving for Ux, Initial residual = 1.0788547e-08, Final residual = 1.4965886e-09, No Iterations 1
smoothSolver:  Solving for Uy, Initial residual = 8.8015354e-09, Final residual = 8.8015354e-09, No Iterations 0
DICPCG:  Solving for p, Initial residual = 0.00010490838, Final residual = 9.9618104e-07, No Iterations 29
DICPCG:  Solving for p, Initial residual = 8.5491541e-06, Final residual = 8.5085609e-08, No Iterations 158
DICPCG:  Solving for p, Initial residual = 2.9038972e-06, Final residual = 2.8971647e-08, No Iterations 293
DICPCG:  Solving for p, Initial residual = 1.6729494e-06, Final residual = 1.6427524e-08, No Iterations 43
time step continuity errors : sum local = 3.8625958e-10, global = -5.2633166e-12, cumulative = 8.3312889e-07
ExecutionTime = 217.89 s  ClockTime = 218 s

Time = 247

smoothSolver:  Solving for Ux, Initial residual = 1.0710943e-08, Final residual = 1.4897252e-09, No Iterations 1
smoothSolver:  Solving for Uy, Initial residual = 8.7624325e-09, Final residual = 8.7624325e-09, No Iterations 0
DICPCG:  Solving for p, Initial residual = 0.00010346008, Final residual = 9.7812966e-07, No Iterations 31
DICPCG:  Solving for p, Initial residual = 8.1375308e-06, Final residual = 8.1307053e-08, No Iterations 173
DICPCG:  Solving for p, Initial residual = 2.8993088e-06, Final residual = 2.8625696e-08, No Iterations 298
DICPCG:  Solving for p, Initial residual = 1.6411515e-06, Final residual = 1.5355172e-08, No Iterations 43
time step continuity errors : sum local = 3.8390321e-10, global = -5.2529394e-12, cumulative = 8.3312364e-07
ExecutionTime = 218.36 s  ClockTime = 218 s

Time = 248

smoothSolver:  Solving for Ux, Initial residual = 1.0646105e-08, Final residual = 1.484006e-09, No Iterations 1
smoothSolver:  Solving for Uy, Initial residual = 8.7129132e-09, Final residual = 8.7129132e-09, No Iterations 0
DICPCG:  Solving for p, Initial residual = 0.00010226462, Final residual = 1.0103463e-06, No Iterations 44
DICPCG:  Solving for p, Initial residual = 8.0541528e-06, Final residual = 7.2738178e-08, No Iterations 296
DICPCG:  Solving for p, Initial residual = 2.821053e-06, Final residual = 2.8098559e-08, No Iterations 42
DICPCG:  Solving for p, Initial residual = 1.4980999e-06, Final residual = 1.4844451e-08, No Iterations 78
time step continuity errors : sum local = 4.826937e-10, global = -5.2421845e-12, cumulative = 8.3311839e-07
ExecutionTime = 218.75 s  ClockTime = 219 s

Time = 249

smoothSolver:  Solving for Ux, Initial residual = 1.061781e-08, Final residual = 1.4790359e-09, No Iterations 1
smoothSolver:  Solving for Uy, Initial residual = 8.6621334e-09, Final residual = 8.6621334e-09, No Iterations 0
DICPCG:  Solving for p, Initial residual = 0.00010116201, Final residual = 9.9261859e-07, No Iterations 44
DICPCG:  Solving for p, Initial residual = 7.8415988e-06, Final residual = 7.8109836e-08, No Iterations 76
DICPCG:  Solving for p, Initial residual = 2.69609e-06, Final residual = 2.4854867e-08, No Iterations 297
DICPCG:  Solving for p, Initial residual = 1.6426616e-06, Final residual = 1.6273672e-08, No Iterations 45
time step continuity errors : sum local = 3.9603764e-10, global = -5.2308739e-12, cumulative = 8.3311316e-07
ExecutionTime = 219.15 s  ClockTime = 219 s

Time = 250

smoothSolver:  Solving for Ux, Initial residual = 1.0597204e-08, Final residual = 1.474203e-09, No Iterations 1
smoothSolver:  Solving for Uy, Initial residual = 8.6140206e-09, Final residual = 8.6140206e-09, No Iterations 0
DICPCG:  Solving for p, Initial residual = 0.00010008889, Final residual = 9.7262322e-07, No Iterations 43
DICPCG:  Solving for p, Initial residual = 7.5141101e-06, Final residual = 7.2943272e-08, No Iterations 297
DICPCG:  Solving for p, Initial residual = 2.8257084e-06, Final residual = 2.7435434e-08, No Iterations 43
DICPCG:  Solving for p, Initial residual = 1.5038036e-06, Final residual = 1.497133e-08, No Iterations 78
time step continuity errors : sum local = 4.8463263e-10, global = -5.2204056e-12, cumulative = 8.3310794e-07
ExecutionTime = 219.64 s  ClockTime = 220 s

surfaceFieldValue flowRateTM write:
    sum(outlet_tm) of phi = 2.5127494e-11

surfaceFieldValue flowRateTM_left write:
    sum(outlet_tm_left) of phi = 2.4872505e-11

surfaceFieldValue pressureACinlet write:
    areaAverage(ac_inlet) of p = 4.0464997

Time = 251

smoothSolver:  Solving for Ux, Initial residual = 1.0569096e-08, Final residual = 1.4689568e-09, No Iterations 1
smoothSolver:  Solving for Uy, Initial residual = 8.5687748e-09, Final residual = 8.5687748e-09, No Iterations 0
DICPCG:  Solving for p, Initial residual = 9.920397e-05, Final residual = 9.9074187e-07, No Iterations 37
DICPCG:  Solving for p, Initial residual = 7.1807419e-06, Final residual = 6.8002011e-08, No Iterations 302
DICPCG:  Solving for p, Initial residual = 2.8289285e-06, Final residual = 2.7783188e-08, No Iterations 43
DICPCG:  Solving for p, Initial residual = 1.5132872e-06, Final residual = 1.4220607e-08, No Iterations 79
time step continuity errors : sum local = 4.7806597e-10, global = -5.2096998e-12, cumulative = 8.3310273e-07
ExecutionTime = 220.03 s  ClockTime = 220 s


SIMPLE solution converged in 251 iterations

End


=== post-run summary ===
  nCells = N/A
nCells=41242
d_TM=1.2578e+14
IOP_AC_right=30.184 mmHg
IOP_AC_left=30.184 mmHg
IOP_AC_mean=30.184 mmHg
IOP_vitreous_mean=30.199 mmHg
delta_AC_vitreous=0.015 mmHg
Q_TM_total=5.0000e-11 m³/s (target 5.0000e-11)
Q_balance_error=0.00 %
=== doc-g1-sim1 done (M1) ===
