 Container myopenfoam-fsi-run-0105f9112be8 Creating 
 Container myopenfoam-fsi-run-0105f9112be8 Created 
=== doc-g1-sim1 (AC / vitreous / TM) MESH_LEVEL=M1 ===
=== gmshToFoam ===
/*---------------------------------------------------------------------------*\
| =========                 |                                                 |
| \\      /  F ield         | OpenFOAM: The Open Source CFD Toolbox           |
|  \\    /   O peration     | Version:  2512                                  |
|   \\  /    A nd           | Website:  www.openfoam.com                      |
|    \\/     M anipulation  |                                                 |
\*---------------------------------------------------------------------------*/
Build  : _bd2b6720-20260127 OPENFOAM=2512 version=2512
Arch   : "LSB;label=32;scalar=64"
Exec   : gmshToFoam eye_g1_lamminsalo.msh
Date   : Jul 16 2026
Time   : 01:37:56
Host   : d846ffc91617
PID    : 227
I/O    : uncollated
Case   : /simulation/doc-g1-sim1/fluid
nProcs : 1
trapFpe: Floating point exception trapping enabled (FOAM_SIGFPE).
memory pool : not available
fileModificationChecking : Monitoring run-time modified files using timeStampMaster (fileModificationSkew 5, maxFileModificationPolls 20)
allowSystemOperations : Allowing user-supplied system call operations

// * * * * * * * * * * * * * * * * * * * * * * * * * * * * * * * * * * * * * //
Create time

Starting to read mesh format at line 2
Read format version 2.2  ascii 0

Starting to read physical names at line 5
Physical names:8
    Surface 2	ac_inlet
    Surface 3	ac_inlet_left
    Surface 4	outlet_tm
    Surface 5	outlet_tm_left
    Surface 6	lens_wall
    Surface 7	iris_wall
    Surface 8	wall
    Volume 1	fluid

Starting to read points at line 16
Vertices to be read: 42364
Vertices read:42364

Starting to read cells at line 42383
Cells to be read: 42364

Mapping region 8 to Foam patch 0
Mapping region 7 to Foam patch 1
Mapping region 4 to Foam patch 2
Mapping region 6 to Foam patch 3
Mapping region 2 to Foam patch 4
Mapping region 3 to Foam patch 5
Mapping region 5 to Foam patch 6
Mapping region 1 to Foam cellZone 0
Cells:
    total:41242
    hex  :0
    prism:41242
    pyr  :0
    tet  :0

CellZones:
Zone	Size
    0	41242

Patch 0 gets name wall
Patch 1 gets name iris_wall
Patch 2 gets name outlet_tm
Patch 3 gets name lens_wall
Patch 4 gets name ac_inlet
Patch 5 gets name ac_inlet_left
Patch 6 gets name outlet_tm_left

--> FOAM Warning : 
    From Foam::polyMesh::polyMesh(const Foam::IOobject&, Foam::pointField&&, const Foam::cellShapeList&, const Foam::faceListList&, const Foam::wordList&, const Foam::wordList&, const Foam::word&, const Foam::word&, const Foam::wordList&, bool)
    in file meshes/polyMesh/polyMeshFromShapeMesh.C at line 635
    Found 83606 undefined faces in mesh; adding to default patch defaultFaces
Finding faces of patch 0
Finding faces of patch 1
Finding faces of patch 2
Finding faces of patch 3
Finding faces of patch 4
Finding faces of patch 5
Finding faces of patch 6

FaceZones:
Zone	Size

Writing zone 0 to cellZone fluid and cellSet
End

=== topoSet zones (TM + vitreous) ===
/*---------------------------------------------------------------------------*\
| =========                 |                                                 |
| \\      /  F ield         | OpenFOAM: The Open Source CFD Toolbox           |
|  \\    /   O peration     | Version:  2512                                  |
|   \\  /    A nd           | Website:  www.openfoam.com                      |
|    \\/     M anipulation  |                                                 |
\*---------------------------------------------------------------------------*/
Build  : _bd2b6720-20260127 OPENFOAM=2512 version=2512
Arch   : "LSB;label=32;scalar=64"
Exec   : topoSet -dict system/topoSetDict.anatomical -constant
Date   : Jul 16 2026
Time   : 01:37:57
Host   : d846ffc91617
PID    : 231
I/O    : uncollated
Case   : /simulation/doc-g1-sim1/fluid
nProcs : 1
trapFpe: Floating point exception trapping enabled (FOAM_SIGFPE).
memory pool : not available
fileModificationChecking : Monitoring run-time modified files using timeStampMaster (fileModificationSkew 5, maxFileModificationPolls 20)
allowSystemOperations : Allowing user-supplied system call operations

// * * * * * * * * * * * * * * * * * * * * * * * * * * * * * * * * * * * * * //
Create time

Create polyMesh for time = constant

Reading topoSetDict.anatomical

Time = constant
    mesh not changed.
Created cellSet tm_zone
    Applying source boxToCell
    Adding cells with centre within boxes 1((0.00645 -0.005 -1e-05) (0.00718 -0.00424 0.001001))
    cellSet tm_zone now size 69
Created cellZoneSet tm_zone
    Applying source setToCellZone
    Adding all cells from cell set: tm_zone ...
    cellZoneSet tm_zone now size 69
Created cellSet tm_zone_left
    Applying source boxToCell
    Adding cells with centre within boxes 1((-0.00718 -0.005 -1e-05) (-0.00645 -0.00424 0.001001))
    cellSet tm_zone_left now size 67
Created cellZoneSet tm_zone_left
    Applying source setToCellZone
    Adding all cells from cell set: tm_zone_left ...
    cellZoneSet tm_zone_left now size 67
Created cellSet vitreous_zone
    Applying source boxToCell
    Adding cells with centre within boxes 1((-0.008 -0.0015 -1e-05) (0.008 0.0074 0.001001))
    cellSet vitreous_zone now size 19682
Read set cellSet vitreous_zone size:19682
    Applying source boxToCell
    Removing cells with centre within boxes 1((0.00645 -0.005 -1e-05) (0.00718 -0.00424 0.001001))
    cellSet vitreous_zone now size 19682
Read set cellSet vitreous_zone size:19682
    Applying source boxToCell
    Removing cells with centre within boxes 1((-0.00718 -0.005 -1e-05) (-0.00645 -0.00424 0.001001))
    cellSet vitreous_zone now size 19682
Created cellZoneSet vitreous_zone
    Applying source setToCellZone
    Adding all cells from cell set: vitreous_zone ...
    cellZoneSet vitreous_zone now size 19682
Time = 0
    mesh not changed.
Created cellSet tm_zone
    Applying source boxToCell
    Adding cells with centre within boxes 1((0.00645 -0.005 -1e-05) (0.00718 -0.00424 0.001001))
    cellSet tm_zone now size 69
Created cellZoneSet tm_zone
    Applying source setToCellZone
    Adding all cells from cell set: tm_zone ...
    cellZoneSet tm_zone now size 69
Created cellSet tm_zone_left
    Applying source boxToCell
    Adding cells with centre within boxes 1((-0.00718 -0.005 -1e-05) (-0.00645 -0.00424 0.001001))
    cellSet tm_zone_left now size 67
Created cellZoneSet tm_zone_left
    Applying source setToCellZone
    Adding all cells from cell set: tm_zone_left ...
    cellZoneSet tm_zone_left now size 67
Created cellSet vitreous_zone
    Applying source boxToCell
    Adding cells with centre within boxes 1((-0.008 -0.0015 -1e-05) (0.008 0.0074 0.001001))
    cellSet vitreous_zone now size 19682
Read set cellSet vitreous_zone size:19682
    Applying source boxToCell
    Removing cells with centre within boxes 1((0.00645 -0.005 -1e-05) (0.00718 -0.00424 0.001001))
    cellSet vitreous_zone now size 19682
Read set cellSet vitreous_zone size:19682
    Applying source boxToCell
    Removing cells with centre within boxes 1((-0.00718 -0.005 -1e-05) (-0.00645 -0.00424 0.001001))
    cellSet vitreous_zone now size 19682
Created cellZoneSet vitreous_zone
    Applying source setToCellZone
    Adding all cells from cell set: vitreous_zone ...
    cellZoneSet vitreous_zone now size 19682
Time = 48
    mesh not changed.
Created cellSet tm_zone
    Applying source boxToCell
    Adding cells with centre within boxes 1((0.00645 -0.005 -1e-05) (0.00718 -0.00424 0.001001))
    cellSet tm_zone now size 69
Created cellZoneSet tm_zone
    Applying source setToCellZone
    Adding all cells from cell set: tm_zone ...
    cellZoneSet tm_zone now size 69
Created cellSet tm_zone_left
    Applying source boxToCell
    Adding cells with centre within boxes 1((-0.00718 -0.005 -1e-05) (-0.00645 -0.00424 0.001001))
    cellSet tm_zone_left now size 67
Created cellZoneSet tm_zone_left
    Applying source setToCellZone
    Adding all cells from cell set: tm_zone_left ...
    cellZoneSet tm_zone_left now size 67
Created cellSet vitreous_zone
    Applying source boxToCell
    Adding cells with centre within boxes 1((-0.008 -0.0015 -1e-05) (0.008 0.0074 0.001001))
    cellSet vitreous_zone now size 19682
Read set cellSet vitreous_zone size:19682
    Applying source boxToCell
    Removing cells with centre within boxes 1((0.00645 -0.005 -1e-05) (0.00718 -0.00424 0.001001))
    cellSet vitreous_zone now size 19682
Read set cellSet vitreous_zone size:19682
    Applying source boxToCell
    Removing cells with centre within boxes 1((-0.00718 -0.005 -1e-05) (-0.00645 -0.00424 0.001001))
    cellSet vitreous_zone now size 19682
Created cellZoneSet vitreous_zone
    Applying source setToCellZone
    Adding all cells from cell set: vitreous_zone ...
    cellZoneSet vitreous_zone now size 19682
Time = 50
    mesh not changed.
Created cellSet tm_zone
    Applying source boxToCell
    Adding cells with centre within boxes 1((0.00645 -0.005 -1e-05) (0.00718 -0.00424 0.001001))
    cellSet tm_zone now size 69
Created cellZoneSet tm_zone
    Applying source setToCellZone
    Adding all cells from cell set: tm_zone ...
    cellZoneSet tm_zone now size 69
Created cellSet tm_zone_left
    Applying source boxToCell
    Adding cells with centre within boxes 1((-0.00718 -0.005 -1e-05) (-0.00645 -0.00424 0.001001))
    cellSet tm_zone_left now size 67
Created cellZoneSet tm_zone_left
    Applying source setToCellZone
    Adding all cells from cell set: tm_zone_left ...
    cellZoneSet tm_zone_left now size 67
Created cellSet vitreous_zone
    Applying source boxToCell
    Adding cells with centre within boxes 1((-0.008 -0.0015 -1e-05) (0.008 0.0074 0.001001))
    cellSet vitreous_zone now size 19682
Read set cellSet vitreous_zone size:19682
    Applying source boxToCell
    Removing cells with centre within boxes 1((0.00645 -0.005 -1e-05) (0.00718 -0.00424 0.001001))
    cellSet vitreous_zone now size 19682
Read set cellSet vitreous_zone size:19682
    Applying source boxToCell
    Removing cells with centre within boxes 1((-0.00718 -0.005 -1e-05) (-0.00645 -0.00424 0.001001))
    cellSet vitreous_zone now size 19682
Created cellZoneSet vitreous_zone
    Applying source setToCellZone
    Adding all cells from cell set: vitreous_zone ...
    cellZoneSet vitreous_zone now size 19682
Time = 76
    mesh not changed.
Created cellSet tm_zone
    Applying source boxToCell
    Adding cells with centre within boxes 1((0.00645 -0.005 -1e-05) (0.00718 -0.00424 0.001001))
    cellSet tm_zone now size 69
Created cellZoneSet tm_zone
    Applying source setToCellZone
    Adding all cells from cell set: tm_zone ...
    cellZoneSet tm_zone now size 69
Created cellSet tm_zone_left
    Applying source boxToCell
    Adding cells with centre within boxes 1((-0.00718 -0.005 -1e-05) (-0.00645 -0.00424 0.001001))
    cellSet tm_zone_left now size 67
Created cellZoneSet tm_zone_left
    Applying source setToCellZone
    Adding all cells from cell set: tm_zone_left ...
    cellZoneSet tm_zone_left now size 67
Created cellSet vitreous_zone
    Applying source boxToCell
    Adding cells with centre within boxes 1((-0.008 -0.0015 -1e-05) (0.008 0.0074 0.001001))
    cellSet vitreous_zone now size 19682
Read set cellSet vitreous_zone size:19682
    Applying source boxToCell
    Removing cells with centre within boxes 1((0.00645 -0.005 -1e-05) (0.00718 -0.00424 0.001001))
    cellSet vitreous_zone now size 19682
Read set cellSet vitreous_zone size:19682
    Applying source boxToCell
    Removing cells with centre within boxes 1((-0.00718 -0.005 -1e-05) (-0.00645 -0.00424 0.001001))
    cellSet vitreous_zone now size 19682
Created cellZoneSet vitreous_zone
    Applying source setToCellZone
    Adding all cells from cell set: vitreous_zone ...
    cellZoneSet vitreous_zone now size 19682
Time = 90
    mesh not changed.
Created cellSet tm_zone
    Applying source boxToCell
    Adding cells with centre within boxes 1((0.00645 -0.005 -1e-05) (0.00718 -0.00424 0.001001))
    cellSet tm_zone now size 69
Created cellZoneSet tm_zone
    Applying source setToCellZone
    Adding all cells from cell set: tm_zone ...
    cellZoneSet tm_zone now size 69
Created cellSet tm_zone_left
    Applying source boxToCell
    Adding cells with centre within boxes 1((-0.00718 -0.005 -1e-05) (-0.00645 -0.00424 0.001001))
    cellSet tm_zone_left now size 67
Created cellZoneSet tm_zone_left
    Applying source setToCellZone
    Adding all cells from cell set: tm_zone_left ...
    cellZoneSet tm_zone_left now size 67
Created cellSet vitreous_zone
    Applying source boxToCell
    Adding cells with centre within boxes 1((-0.008 -0.0015 -1e-05) (0.008 0.0074 0.001001))
    cellSet vitreous_zone now size 19682
Read set cellSet vitreous_zone size:19682
    Applying source boxToCell
    Removing cells with centre within boxes 1((0.00645 -0.005 -1e-05) (0.00718 -0.00424 0.001001))
    cellSet vitreous_zone now size 19682
Read set cellSet vitreous_zone size:19682
    Applying source boxToCell
    Removing cells with centre within boxes 1((-0.00718 -0.005 -1e-05) (-0.00645 -0.00424 0.001001))
    cellSet vitreous_zone now size 19682
Created cellZoneSet vitreous_zone
    Applying source setToCellZone
    Adding all cells from cell set: vitreous_zone ...
    cellZoneSet vitreous_zone now size 19682
Time = 98
    mesh not changed.
Created cellSet tm_zone
    Applying source boxToCell
    Adding cells with centre within boxes 1((0.00645 -0.005 -1e-05) (0.00718 -0.00424 0.001001))
    cellSet tm_zone now size 69
Created cellZoneSet tm_zone
    Applying source setToCellZone
    Adding all cells from cell set: tm_zone ...
    cellZoneSet tm_zone now size 69
Created cellSet tm_zone_left
    Applying source boxToCell
    Adding cells with centre within boxes 1((-0.00718 -0.005 -1e-05) (-0.00645 -0.00424 0.001001))
    cellSet tm_zone_left now size 67
Created cellZoneSet tm_zone_left
    Applying source setToCellZone
    Adding all cells from cell set: tm_zone_left ...
    cellZoneSet tm_zone_left now size 67
Created cellSet vitreous_zone
    Applying source boxToCell
    Adding cells with centre within boxes 1((-0.008 -0.0015 -1e-05) (0.008 0.0074 0.001001))
    cellSet vitreous_zone now size 19682
Read set cellSet vitreous_zone size:19682
    Applying source boxToCell
    Removing cells with centre within boxes 1((0.00645 -0.005 -1e-05) (0.00718 -0.00424 0.001001))
    cellSet vitreous_zone now size 19682
Read set cellSet vitreous_zone size:19682
    Applying source boxToCell
    Removing cells with centre within boxes 1((-0.00718 -0.005 -1e-05) (-0.00645 -0.00424 0.001001))
    cellSet vitreous_zone now size 19682
Created cellZoneSet vitreous_zone
    Applying source setToCellZone
    Adding all cells from cell set: vitreous_zone ...
    cellZoneSet vitreous_zone now size 19682
Time = 100
    mesh not changed.
Created cellSet tm_zone
    Applying source boxToCell
    Adding cells with centre within boxes 1((0.00645 -0.005 -1e-05) (0.00718 -0.00424 0.001001))
    cellSet tm_zone now size 69
Created cellZoneSet tm_zone
    Applying source setToCellZone
    Adding all cells from cell set: tm_zone ...
    cellZoneSet tm_zone now size 69
Created cellSet tm_zone_left
    Applying source boxToCell
    Adding cells with centre within boxes 1((-0.00718 -0.005 -1e-05) (-0.00645 -0.00424 0.001001))
    cellSet tm_zone_left now size 67
Created cellZoneSet tm_zone_left
    Applying source setToCellZone
    Adding all cells from cell set: tm_zone_left ...
    cellZoneSet tm_zone_left now size 67
Created cellSet vitreous_zone
    Applying source boxToCell
    Adding cells with centre within boxes 1((-0.008 -0.0015 -1e-05) (0.008 0.0074 0.001001))
    cellSet vitreous_zone now size 19682
Read set cellSet vitreous_zone size:19682
    Applying source boxToCell
    Removing cells with centre within boxes 1((0.00645 -0.005 -1e-05) (0.00718 -0.00424 0.001001))
    cellSet vitreous_zone now size 19682
Read set cellSet vitreous_zone size:19682
    Applying source boxToCell
    Removing cells with centre within boxes 1((-0.00718 -0.005 -1e-05) (-0.00645 -0.00424 0.001001))
    cellSet vitreous_zone now size 19682
Created cellZoneSet vitreous_zone
    Applying source setToCellZone
    Adding all cells from cell set: vitreous_zone ...
    cellZoneSet vitreous_zone now size 19682
Time = 107
    mesh not changed.
Created cellSet tm_zone
    Applying source boxToCell
    Adding cells with centre within boxes 1((0.00645 -0.005 -1e-05) (0.00718 -0.00424 0.001001))
    cellSet tm_zone now size 69
Created cellZoneSet tm_zone
    Applying source setToCellZone
    Adding all cells from cell set: tm_zone ...
    cellZoneSet tm_zone now size 69
Created cellSet tm_zone_left
    Applying source boxToCell
    Adding cells with centre within boxes 1((-0.00718 -0.005 -1e-05) (-0.00645 -0.00424 0.001001))
    cellSet tm_zone_left now size 67
Created cellZoneSet tm_zone_left
    Applying source setToCellZone
    Adding all cells from cell set: tm_zone_left ...
    cellZoneSet tm_zone_left now size 67
Created cellSet vitreous_zone
    Applying source boxToCell
    Adding cells with centre within boxes 1((-0.008 -0.0015 -1e-05) (0.008 0.0074 0.001001))
    cellSet vitreous_zone now size 19682
Read set cellSet vitreous_zone size:19682
    Applying source boxToCell
    Removing cells with centre within boxes 1((0.00645 -0.005 -1e-05) (0.00718 -0.00424 0.001001))
    cellSet vitreous_zone now size 19682
Read set cellSet vitreous_zone size:19682
    Applying source boxToCell
    Removing cells with centre within boxes 1((-0.00718 -0.005 -1e-05) (-0.00645 -0.00424 0.001001))
    cellSet vitreous_zone now size 19682
Created cellZoneSet vitreous_zone
    Applying source setToCellZone
    Adding all cells from cell set: vitreous_zone ...
    cellZoneSet vitreous_zone now size 19682
Time = 150
    mesh not changed.
Created cellSet tm_zone
    Applying source boxToCell
    Adding cells with centre within boxes 1((0.00645 -0.005 -1e-05) (0.00718 -0.00424 0.001001))
    cellSet tm_zone now size 69
Created cellZoneSet tm_zone
    Applying source setToCellZone
    Adding all cells from cell set: tm_zone ...
    cellZoneSet tm_zone now size 69
Created cellSet tm_zone_left
    Applying source boxToCell
    Adding cells with centre within boxes 1((-0.00718 -0.005 -1e-05) (-0.00645 -0.00424 0.001001))
    cellSet tm_zone_left now size 67
Created cellZoneSet tm_zone_left
    Applying source setToCellZone
    Adding all cells from cell set: tm_zone_left ...
    cellZoneSet tm_zone_left now size 67
Created cellSet vitreous_zone
    Applying source boxToCell
    Adding cells with centre within boxes 1((-0.008 -0.0015 -1e-05) (0.008 0.0074 0.001001))
    cellSet vitreous_zone now size 19682
Read set cellSet vitreous_zone size:19682
    Applying source boxToCell
    Removing cells with centre within boxes 1((0.00645 -0.005 -1e-05) (0.00718 -0.00424 0.001001))
    cellSet vitreous_zone now size 19682
Read set cellSet vitreous_zone size:19682
    Applying source boxToCell
    Removing cells with centre within boxes 1((-0.00718 -0.005 -1e-05) (-0.00645 -0.00424 0.001001))
    cellSet vitreous_zone now size 19682
Created cellZoneSet vitreous_zone
    Applying source setToCellZone
    Adding all cells from cell set: vitreous_zone ...
    cellZoneSet vitreous_zone now size 19682
Time = 200
    mesh not changed.
Created cellSet tm_zone
    Applying source boxToCell
    Adding cells with centre within boxes 1((0.00645 -0.005 -1e-05) (0.00718 -0.00424 0.001001))
    cellSet tm_zone now size 69
Created cellZoneSet tm_zone
    Applying source setToCellZone
    Adding all cells from cell set: tm_zone ...
    cellZoneSet tm_zone now size 69
Created cellSet tm_zone_left
    Applying source boxToCell
    Adding cells with centre within boxes 1((-0.00718 -0.005 -1e-05) (-0.00645 -0.00424 0.001001))
    cellSet tm_zone_left now size 67
Created cellZoneSet tm_zone_left
    Applying source setToCellZone
    Adding all cells from cell set: tm_zone_left ...
    cellZoneSet tm_zone_left now size 67
Created cellSet vitreous_zone
    Applying source boxToCell
    Adding cells with centre within boxes 1((-0.008 -0.0015 -1e-05) (0.008 0.0074 0.001001))
    cellSet vitreous_zone now size 19682
Read set cellSet vitreous_zone size:19682
    Applying source boxToCell
    Removing cells with centre within boxes 1((0.00645 -0.005 -1e-05) (0.00718 -0.00424 0.001001))
    cellSet vitreous_zone now size 19682
Read set cellSet vitreous_zone size:19682
    Applying source boxToCell
    Removing cells with centre within boxes 1((-0.00718 -0.005 -1e-05) (-0.00645 -0.00424 0.001001))
    cellSet vitreous_zone now size 19682
Created cellZoneSet vitreous_zone
    Applying source setToCellZone
    Adding all cells from cell set: vitreous_zone ...
    cellZoneSet vitreous_zone now size 19682
Time = 242
    mesh not changed.
Created cellSet tm_zone
    Applying source boxToCell
    Adding cells with centre within boxes 1((0.00645 -0.005 -1e-05) (0.00718 -0.00424 0.001001))
    cellSet tm_zone now size 69
Created cellZoneSet tm_zone
    Applying source setToCellZone
    Adding all cells from cell set: tm_zone ...
    cellZoneSet tm_zone now size 69
Created cellSet tm_zone_left
    Applying source boxToCell
    Adding cells with centre within boxes 1((-0.00718 -0.005 -1e-05) (-0.00645 -0.00424 0.001001))
    cellSet tm_zone_left now size 67
Created cellZoneSet tm_zone_left
    Applying source setToCellZone
    Adding all cells from cell set: tm_zone_left ...
    cellZoneSet tm_zone_left now size 67
Created cellSet vitreous_zone
    Applying source boxToCell
    Adding cells with centre within boxes 1((-0.008 -0.0015 -1e-05) (0.008 0.0074 0.001001))
    cellSet vitreous_zone now size 19682
Read set cellSet vitreous_zone size:19682
    Applying source boxToCell
    Removing cells with centre within boxes 1((0.00645 -0.005 -1e-05) (0.00718 -0.00424 0.001001))
    cellSet vitreous_zone now size 19682
Read set cellSet vitreous_zone size:19682
    Applying source boxToCell
    Removing cells with centre within boxes 1((-0.00718 -0.005 -1e-05) (-0.00645 -0.00424 0.001001))
    cellSet vitreous_zone now size 19682
Created cellZoneSet vitreous_zone
    Applying source setToCellZone
    Adding all cells from cell set: vitreous_zone ...
    cellZoneSet vitreous_zone now size 19682
Time = 245
    mesh not changed.
Created cellSet tm_zone
    Applying source boxToCell
    Adding cells with centre within boxes 1((0.00645 -0.005 -1e-05) (0.00718 -0.00424 0.001001))
    cellSet tm_zone now size 69
Created cellZoneSet tm_zone
    Applying source setToCellZone
    Adding all cells from cell set: tm_zone ...
    cellZoneSet tm_zone now size 69
Created cellSet tm_zone_left
    Applying source boxToCell
    Adding cells with centre within boxes 1((-0.00718 -0.005 -1e-05) (-0.00645 -0.00424 0.001001))
    cellSet tm_zone_left now size 67
Created cellZoneSet tm_zone_left
    Applying source setToCellZone
    Adding all cells from cell set: tm_zone_left ...
    cellZoneSet tm_zone_left now size 67
Created cellSet vitreous_zone
    Applying source boxToCell
    Adding cells with centre within boxes 1((-0.008 -0.0015 -1e-05) (0.008 0.0074 0.001001))
    cellSet vitreous_zone now size 19682
Read set cellSet vitreous_zone size:19682
    Applying source boxToCell
    Removing cells with centre within boxes 1((0.00645 -0.005 -1e-05) (0.00718 -0.00424 0.001001))
    cellSet vitreous_zone now size 19682
Read set cellSet vitreous_zone size:19682
    Applying source boxToCell
    Removing cells with centre within boxes 1((-0.00718 -0.005 -1e-05) (-0.00645 -0.00424 0.001001))
    cellSet vitreous_zone now size 19682
Created cellZoneSet vitreous_zone
    Applying source setToCellZone
    Adding all cells from cell set: vitreous_zone ...
    cellZoneSet vitreous_zone now size 19682
Time = 247
    mesh not changed.
Created cellSet tm_zone
    Applying source boxToCell
    Adding cells with centre within boxes 1((0.00645 -0.005 -1e-05) (0.00718 -0.00424 0.001001))
    cellSet tm_zone now size 69
Created cellZoneSet tm_zone
    Applying source setToCellZone
    Adding all cells from cell set: tm_zone ...
    cellZoneSet tm_zone now size 69
Created cellSet tm_zone_left
    Applying source boxToCell
    Adding cells with centre within boxes 1((-0.00718 -0.005 -1e-05) (-0.00645 -0.00424 0.001001))
    cellSet tm_zone_left now size 67
Created cellZoneSet tm_zone_left
    Applying source setToCellZone
    Adding all cells from cell set: tm_zone_left ...
    cellZoneSet tm_zone_left now size 67
Created cellSet vitreous_zone
    Applying source boxToCell
    Adding cells with centre within boxes 1((-0.008 -0.0015 -1e-05) (0.008 0.0074 0.001001))
    cellSet vitreous_zone now size 19682
Read set cellSet vitreous_zone size:19682
    Applying source boxToCell
    Removing cells with centre within boxes 1((0.00645 -0.005 -1e-05) (0.00718 -0.00424 0.001001))
    cellSet vitreous_zone now size 19682
Read set cellSet vitreous_zone size:19682
    Applying source boxToCell
    Removing cells with centre within boxes 1((-0.00718 -0.005 -1e-05) (-0.00645 -0.00424 0.001001))
    cellSet vitreous_zone now size 19682
Created cellZoneSet vitreous_zone
    Applying source setToCellZone
    Adding all cells from cell set: vitreous_zone ...
    cellZoneSet vitreous_zone now size 19682
Time = 250
    mesh not changed.
Created cellSet tm_zone
    Applying source boxToCell
    Adding cells with centre within boxes 1((0.00645 -0.005 -1e-05) (0.00718 -0.00424 0.001001))
    cellSet tm_zone now size 69
Created cellZoneSet tm_zone
    Applying source setToCellZone
    Adding all cells from cell set: tm_zone ...
    cellZoneSet tm_zone now size 69
Created cellSet tm_zone_left
    Applying source boxToCell
    Adding cells with centre within boxes 1((-0.00718 -0.005 -1e-05) (-0.00645 -0.00424 0.001001))
    cellSet tm_zone_left now size 67
Created cellZoneSet tm_zone_left
    Applying source setToCellZone
    Adding all cells from cell set: tm_zone_left ...
    cellZoneSet tm_zone_left now size 67
Created cellSet vitreous_zone
    Applying source boxToCell
    Adding cells with centre within boxes 1((-0.008 -0.0015 -1e-05) (0.008 0.0074 0.001001))
    cellSet vitreous_zone now size 19682
Read set cellSet vitreous_zone size:19682
    Applying source boxToCell
    Removing cells with centre within boxes 1((0.00645 -0.005 -1e-05) (0.00718 -0.00424 0.001001))
    cellSet vitreous_zone now size 19682
Read set cellSet vitreous_zone size:19682
    Applying source boxToCell
    Removing cells with centre within boxes 1((-0.00718 -0.005 -1e-05) (-0.00645 -0.00424 0.001001))
    cellSet vitreous_zone now size 19682
Created cellZoneSet vitreous_zone
    Applying source setToCellZone
    Adding all cells from cell set: vitreous_zone ...
    cellZoneSet vitreous_zone now size 19682
Time = 251
    mesh not changed.
Created cellSet tm_zone
    Applying source boxToCell
    Adding cells with centre within boxes 1((0.00645 -0.005 -1e-05) (0.00718 -0.00424 0.001001))
    cellSet tm_zone now size 69
Created cellZoneSet tm_zone
    Applying source setToCellZone
    Adding all cells from cell set: tm_zone ...
    cellZoneSet tm_zone now size 69
Created cellSet tm_zone_left
    Applying source boxToCell
    Adding cells with centre within boxes 1((-0.00718 -0.005 -1e-05) (-0.00645 -0.00424 0.001001))
    cellSet tm_zone_left now size 67
Created cellZoneSet tm_zone_left
    Applying source setToCellZone
    Adding all cells from cell set: tm_zone_left ...
    cellZoneSet tm_zone_left now size 67
Created cellSet vitreous_zone
    Applying source boxToCell
    Adding cells with centre within boxes 1((-0.008 -0.0015 -1e-05) (0.008 0.0074 0.001001))
    cellSet vitreous_zone now size 19682
Read set cellSet vitreous_zone size:19682
    Applying source boxToCell
    Removing cells with centre within boxes 1((0.00645 -0.005 -1e-05) (0.00718 -0.00424 0.001001))
    cellSet vitreous_zone now size 19682
Read set cellSet vitreous_zone size:19682
    Applying source boxToCell
    Removing cells with centre within boxes 1((-0.00718 -0.005 -1e-05) (-0.00645 -0.00424 0.001001))
    cellSet vitreous_zone now size 19682
Created cellZoneSet vitreous_zone
    Applying source setToCellZone
    Adding all cells from cell set: vitreous_zone ...
    cellZoneSet vitreous_zone now size 19682
Time = 300
    mesh not changed.
Created cellSet tm_zone
    Applying source boxToCell
    Adding cells with centre within boxes 1((0.00645 -0.005 -1e-05) (0.00718 -0.00424 0.001001))
    cellSet tm_zone now size 69
Created cellZoneSet tm_zone
    Applying source setToCellZone
    Adding all cells from cell set: tm_zone ...
    cellZoneSet tm_zone now size 69
Created cellSet tm_zone_left
    Applying source boxToCell
    Adding cells with centre within boxes 1((-0.00718 -0.005 -1e-05) (-0.00645 -0.00424 0.001001))
    cellSet tm_zone_left now size 67
Created cellZoneSet tm_zone_left
    Applying source setToCellZone
    Adding all cells from cell set: tm_zone_left ...
    cellZoneSet tm_zone_left now size 67
Created cellSet vitreous_zone
    Applying source boxToCell
    Adding cells with centre within boxes 1((-0.008 -0.0015 -1e-05) (0.008 0.0074 0.001001))
    cellSet vitreous_zone now size 19682
Read set cellSet vitreous_zone size:19682
    Applying source boxToCell
    Removing cells with centre within boxes 1((0.00645 -0.005 -1e-05) (0.00718 -0.00424 0.001001))
    cellSet vitreous_zone now size 19682
Read set cellSet vitreous_zone size:19682
    Applying source boxToCell
    Removing cells with centre within boxes 1((-0.00718 -0.005 -1e-05) (-0.00645 -0.00424 0.001001))
    cellSet vitreous_zone now size 19682
Created cellZoneSet vitreous_zone
    Applying source setToCellZone
    Adding all cells from cell set: vitreous_zone ...
    cellZoneSet vitreous_zone now size 19682
Time = 350
    mesh not changed.
Created cellSet tm_zone
    Applying source boxToCell
    Adding cells with centre within boxes 1((0.00645 -0.005 -1e-05) (0.00718 -0.00424 0.001001))
    cellSet tm_zone now size 69
Created cellZoneSet tm_zone
    Applying source setToCellZone
    Adding all cells from cell set: tm_zone ...
    cellZoneSet tm_zone now size 69
Created cellSet tm_zone_left
    Applying source boxToCell
    Adding cells with centre within boxes 1((-0.00718 -0.005 -1e-05) (-0.00645 -0.00424 0.001001))
    cellSet tm_zone_left now size 67
Created cellZoneSet tm_zone_left
    Applying source setToCellZone
    Adding all cells from cell set: tm_zone_left ...
    cellZoneSet tm_zone_left now size 67
Created cellSet vitreous_zone
    Applying source boxToCell
    Adding cells with centre within boxes 1((-0.008 -0.0015 -1e-05) (0.008 0.0074 0.001001))
    cellSet vitreous_zone now size 19682
Read set cellSet vitreous_zone size:19682
    Applying source boxToCell
    Removing cells with centre within boxes 1((0.00645 -0.005 -1e-05) (0.00718 -0.00424 0.001001))
    cellSet vitreous_zone now size 19682
Read set cellSet vitreous_zone size:19682
    Applying source boxToCell
    Removing cells with centre within boxes 1((-0.00718 -0.005 -1e-05) (-0.00645 -0.00424 0.001001))
    cellSet vitreous_zone now size 19682
Created cellZoneSet vitreous_zone
    Applying source setToCellZone
    Adding all cells from cell set: vitreous_zone ...
    cellZoneSet vitreous_zone now size 19682
Time = 400
    mesh not changed.
Created cellSet tm_zone
    Applying source boxToCell
    Adding cells with centre within boxes 1((0.00645 -0.005 -1e-05) (0.00718 -0.00424 0.001001))
    cellSet tm_zone now size 69
Created cellZoneSet tm_zone
    Applying source setToCellZone
    Adding all cells from cell set: tm_zone ...
    cellZoneSet tm_zone now size 69
Created cellSet tm_zone_left
    Applying source boxToCell
    Adding cells with centre within boxes 1((-0.00718 -0.005 -1e-05) (-0.00645 -0.00424 0.001001))
    cellSet tm_zone_left now size 67
Created cellZoneSet tm_zone_left
    Applying source setToCellZone
    Adding all cells from cell set: tm_zone_left ...
    cellZoneSet tm_zone_left now size 67
Created cellSet vitreous_zone
    Applying source boxToCell
    Adding cells with centre within boxes 1((-0.008 -0.0015 -1e-05) (0.008 0.0074 0.001001))
    cellSet vitreous_zone now size 19682
Read set cellSet vitreous_zone size:19682
    Applying source boxToCell
    Removing cells with centre within boxes 1((0.00645 -0.005 -1e-05) (0.00718 -0.00424 0.001001))
    cellSet vitreous_zone now size 19682
Read set cellSet vitreous_zone size:19682
    Applying source boxToCell
    Removing cells with centre within boxes 1((-0.00718 -0.005 -1e-05) (-0.00645 -0.00424 0.001001))
    cellSet vitreous_zone now size 19682
Created cellZoneSet vitreous_zone
    Applying source setToCellZone
    Adding all cells from cell set: vitreous_zone ...
    cellZoneSet vitreous_zone now size 19682
Time = 450
    mesh not changed.
Created cellSet tm_zone
    Applying source boxToCell
    Adding cells with centre within boxes 1((0.00645 -0.005 -1e-05) (0.00718 -0.00424 0.001001))
    cellSet tm_zone now size 69
Created cellZoneSet tm_zone
    Applying source setToCellZone
    Adding all cells from cell set: tm_zone ...
    cellZoneSet tm_zone now size 69
Created cellSet tm_zone_left
    Applying source boxToCell
    Adding cells with centre within boxes 1((-0.00718 -0.005 -1e-05) (-0.00645 -0.00424 0.001001))
    cellSet tm_zone_left now size 67
Created cellZoneSet tm_zone_left
    Applying source setToCellZone
    Adding all cells from cell set: tm_zone_left ...
    cellZoneSet tm_zone_left now size 67
Created cellSet vitreous_zone
    Applying source boxToCell
    Adding cells with centre within boxes 1((-0.008 -0.0015 -1e-05) (0.008 0.0074 0.001001))
    cellSet vitreous_zone now size 19682
Read set cellSet vitreous_zone size:19682
    Applying source boxToCell
    Removing cells with centre within boxes 1((0.00645 -0.005 -1e-05) (0.00718 -0.00424 0.001001))
    cellSet vitreous_zone now size 19682
Read set cellSet vitreous_zone size:19682
    Applying source boxToCell
    Removing cells with centre within boxes 1((-0.00718 -0.005 -1e-05) (-0.00645 -0.00424 0.001001))
    cellSet vitreous_zone now size 19682
Created cellZoneSet vitreous_zone
    Applying source setToCellZone
    Adding all cells from cell set: vitreous_zone ...
    cellZoneSet vitreous_zone now size 19682
Time = 500
    mesh not changed.
Created cellSet tm_zone
    Applying source boxToCell
    Adding cells with centre within boxes 1((0.00645 -0.005 -1e-05) (0.00718 -0.00424 0.001001))
    cellSet tm_zone now size 69
Created cellZoneSet tm_zone
    Applying source setToCellZone
    Adding all cells from cell set: tm_zone ...
    cellZoneSet tm_zone now size 69
Created cellSet tm_zone_left
    Applying source boxToCell
    Adding cells with centre within boxes 1((-0.00718 -0.005 -1e-05) (-0.00645 -0.00424 0.001001))
    cellSet tm_zone_left now size 67
Created cellZoneSet tm_zone_left
    Applying source setToCellZone
    Adding all cells from cell set: tm_zone_left ...
    cellZoneSet tm_zone_left now size 67
Created cellSet vitreous_zone
    Applying source boxToCell
    Adding cells with centre within boxes 1((-0.008 -0.0015 -1e-05) (0.008 0.0074 0.001001))
    cellSet vitreous_zone now size 19682
Read set cellSet vitreous_zone size:19682
    Applying source boxToCell
    Removing cells with centre within boxes 1((0.00645 -0.005 -1e-05) (0.00718 -0.00424 0.001001))
    cellSet vitreous_zone now size 19682
Read set cellSet vitreous_zone size:19682
    Applying source boxToCell
    Removing cells with centre within boxes 1((-0.00718 -0.005 -1e-05) (-0.00645 -0.00424 0.001001))
    cellSet vitreous_zone now size 19682
Created cellZoneSet vitreous_zone
    Applying source setToCellZone
    Adding all cells from cell set: vitreous_zone ...
    cellZoneSet vitreous_zone now size 19682

End

=== createPatch (front/back + outlets + inlets) ===
/*---------------------------------------------------------------------------*\
| =========                 |                                                 |
| \\      /  F ield         | OpenFOAM: The Open Source CFD Toolbox           |
|  \\    /   O peration     | Version:  2512                                  |
|   \\  /    A nd           | Website:  www.openfoam.com                      |
|    \\/     M anipulation  |                                                 |
\*---------------------------------------------------------------------------*/
Build  : _bd2b6720-20260127 OPENFOAM=2512 version=2512
Arch   : "LSB;label=32;scalar=64"
Exec   : topoSet -dict system/topoSetDict.frontBack -constant
Date   : Jul 16 2026
Time   : 01:38:00
Host   : d846ffc91617
PID    : 234
I/O    : uncollated
Case   : /simulation/doc-g1-sim1/fluid
nProcs : 1
trapFpe: Floating point exception trapping enabled (FOAM_SIGFPE).
memory pool : not available
fileModificationChecking : Monitoring run-time modified files using timeStampMaster (fileModificationSkew 5, maxFileModificationPolls 20)
allowSystemOperations : Allowing user-supplied system call operations

// * * * * * * * * * * * * * * * * * * * * * * * * * * * * * * * * * * * * * //
Create time

Create polyMesh for time = constant

Reading topoSetDict.frontBack

Time = constant
    mesh not changed.
Created faceSet frontFaces
    Applying source patchToFace
    Adding all faces of patches: (defaultFaces) ...
    Found matching patch defaultFaces with 82484 faces
    faceSet frontFaces now size 82484
Read set faceSet frontFaces size:82484
    Applying source normalToFace
    Adding faces according to normal being aligned with (0 0 1) (to within 0.1) ...
    faceSet frontFaces now size 41242
Created faceSet backFaces
    Applying source patchToFace
    Adding all faces of patches: (defaultFaces) ...
    Found matching patch defaultFaces with 82484 faces
    faceSet backFaces now size 82484
Read set faceSet backFaces size:82484
    Applying source normalToFace
    Adding faces according to normal being aligned with (0 0 -1) (to within 0.1) ...
    faceSet backFaces now size 41242
Time = 0
    mesh not changed.
Created faceSet frontFaces
    Applying source patchToFace
    Adding all faces of patches: (defaultFaces) ...
    Found matching patch defaultFaces with 82484 faces
    faceSet frontFaces now size 82484
Read set faceSet frontFaces size:82484
    Applying source normalToFace
    Adding faces according to normal being aligned with (0 0 1) (to within 0.1) ...
    faceSet frontFaces now size 41242
Created faceSet backFaces
    Applying source patchToFace
    Adding all faces of patches: (defaultFaces) ...
    Found matching patch defaultFaces with 82484 faces
    faceSet backFaces now size 82484
Read set faceSet backFaces size:82484
    Applying source normalToFace
    Adding faces according to normal being aligned with (0 0 -1) (to within 0.1) ...
    faceSet backFaces now size 41242
Time = 48
    mesh not changed.
Created faceSet frontFaces
    Applying source patchToFace
    Adding all faces of patches: (defaultFaces) ...
    Found matching patch defaultFaces with 82484 faces
    faceSet frontFaces now size 82484
Read set faceSet frontFaces size:82484
    Applying source normalToFace
    Adding faces according to normal being aligned with (0 0 1) (to within 0.1) ...
    faceSet frontFaces now size 41242
Created faceSet backFaces
    Applying source patchToFace
    Adding all faces of patches: (defaultFaces) ...
    Found matching patch defaultFaces with 82484 faces
    faceSet backFaces now size 82484
Read set faceSet backFaces size:82484
    Applying source normalToFace
    Adding faces according to normal being aligned with (0 0 -1) (to within 0.1) ...
    faceSet backFaces now size 41242
Time = 50
    mesh not changed.
Created faceSet frontFaces
    Applying source patchToFace
    Adding all faces of patches: (defaultFaces) ...
    Found matching patch defaultFaces with 82484 faces
    faceSet frontFaces now size 82484
Read set faceSet frontFaces size:82484
    Applying source normalToFace
    Adding faces according to normal being aligned with (0 0 1) (to within 0.1) ...
    faceSet frontFaces now size 41242
Created faceSet backFaces
    Applying source patchToFace
    Adding all faces of patches: (defaultFaces) ...
    Found matching patch defaultFaces with 82484 faces
    faceSet backFaces now size 82484
Read set faceSet backFaces size:82484
    Applying source normalToFace
    Adding faces according to normal being aligned with (0 0 -1) (to within 0.1) ...
    faceSet backFaces now size 41242
Time = 76
    mesh not changed.
Created faceSet frontFaces
    Applying source patchToFace
    Adding all faces of patches: (defaultFaces) ...
    Found matching patch defaultFaces with 82484 faces
    faceSet frontFaces now size 82484
Read set faceSet frontFaces size:82484
    Applying source normalToFace
    Adding faces according to normal being aligned with (0 0 1) (to within 0.1) ...
    faceSet frontFaces now size 41242
Created faceSet backFaces
    Applying source patchToFace
    Adding all faces of patches: (defaultFaces) ...
    Found matching patch defaultFaces with 82484 faces
    faceSet backFaces now size 82484
Read set faceSet backFaces size:82484
    Applying source normalToFace
    Adding faces according to normal being aligned with (0 0 -1) (to within 0.1) ...
    faceSet backFaces now size 41242
Time = 90
    mesh not changed.
Created faceSet frontFaces
    Applying source patchToFace
    Adding all faces of patches: (defaultFaces) ...
    Found matching patch defaultFaces with 82484 faces
    faceSet frontFaces now size 82484
Read set faceSet frontFaces size:82484
    Applying source normalToFace
    Adding faces according to normal being aligned with (0 0 1) (to within 0.1) ...
    faceSet frontFaces now size 41242
Created faceSet backFaces
    Applying source patchToFace
    Adding all faces of patches: (defaultFaces) ...
    Found matching patch defaultFaces with 82484 faces
    faceSet backFaces now size 82484
Read set faceSet backFaces size:82484
    Applying source normalToFace
    Adding faces according to normal being aligned with (0 0 -1) (to within 0.1) ...
    faceSet backFaces now size 41242
Time = 98
    mesh not changed.
Created faceSet frontFaces
    Applying source patchToFace
    Adding all faces of patches: (defaultFaces) ...
    Found matching patch defaultFaces with 82484 faces
    faceSet frontFaces now size 82484
Read set faceSet frontFaces size:82484
    Applying source normalToFace
    Adding faces according to normal being aligned with (0 0 1) (to within 0.1) ...
    faceSet frontFaces now size 41242
Created faceSet backFaces
    Applying source patchToFace
    Adding all faces of patches: (defaultFaces) ...
    Found matching patch defaultFaces with 82484 faces
    faceSet backFaces now size 82484
Read set faceSet backFaces size:82484
    Applying source normalToFace
    Adding faces according to normal being aligned with (0 0 -1) (to within 0.1) ...
    faceSet backFaces now size 41242
Time = 100
    mesh not changed.
Created faceSet frontFaces
    Applying source patchToFace
    Adding all faces of patches: (defaultFaces) ...
    Found matching patch defaultFaces with 82484 faces
    faceSet frontFaces now size 82484
Read set faceSet frontFaces size:82484
    Applying source normalToFace
    Adding faces according to normal being aligned with (0 0 1) (to within 0.1) ...
    faceSet frontFaces now size 41242
Created faceSet backFaces
    Applying source patchToFace
    Adding all faces of patches: (defaultFaces) ...
    Found matching patch defaultFaces with 82484 faces
    faceSet backFaces now size 82484
Read set faceSet backFaces size:82484
    Applying source normalToFace
    Adding faces according to normal being aligned with (0 0 -1) (to within 0.1) ...
    faceSet backFaces now size 41242
Time = 107
    mesh not changed.
Created faceSet frontFaces
    Applying source patchToFace
    Adding all faces of patches: (defaultFaces) ...
    Found matching patch defaultFaces with 82484 faces
    faceSet frontFaces now size 82484
Read set faceSet frontFaces size:82484
    Applying source normalToFace
    Adding faces according to normal being aligned with (0 0 1) (to within 0.1) ...
    faceSet frontFaces now size 41242
Created faceSet backFaces
    Applying source patchToFace
    Adding all faces of patches: (defaultFaces) ...
    Found matching patch defaultFaces with 82484 faces
    faceSet backFaces now size 82484
Read set faceSet backFaces size:82484
    Applying source normalToFace
    Adding faces according to normal being aligned with (0 0 -1) (to within 0.1) ...
    faceSet backFaces now size 41242
Time = 150
    mesh not changed.
Created faceSet frontFaces
    Applying source patchToFace
    Adding all faces of patches: (defaultFaces) ...
    Found matching patch defaultFaces with 82484 faces
    faceSet frontFaces now size 82484
Read set faceSet frontFaces size:82484
    Applying source normalToFace
    Adding faces according to normal being aligned with (0 0 1) (to within 0.1) ...
    faceSet frontFaces now size 41242
Created faceSet backFaces
    Applying source patchToFace
    Adding all faces of patches: (defaultFaces) ...
    Found matching patch defaultFaces with 82484 faces
    faceSet backFaces now size 82484
Read set faceSet backFaces size:82484
    Applying source normalToFace
    Adding faces according to normal being aligned with (0 0 -1) (to within 0.1) ...
    faceSet backFaces now size 41242
Time = 200
    mesh not changed.
Created faceSet frontFaces
    Applying source patchToFace
    Adding all faces of patches: (defaultFaces) ...
    Found matching patch defaultFaces with 82484 faces
    faceSet frontFaces now size 82484
Read set faceSet frontFaces size:82484
    Applying source normalToFace
    Adding faces according to normal being aligned with (0 0 1) (to within 0.1) ...
    faceSet frontFaces now size 41242
Created faceSet backFaces
    Applying source patchToFace
    Adding all faces of patches: (defaultFaces) ...
    Found matching patch defaultFaces with 82484 faces
    faceSet backFaces now size 82484
Read set faceSet backFaces size:82484
    Applying source normalToFace
    Adding faces according to normal being aligned with (0 0 -1) (to within 0.1) ...
    faceSet backFaces now size 41242
Time = 242
    mesh not changed.
Created faceSet frontFaces
    Applying source patchToFace
    Adding all faces of patches: (defaultFaces) ...
    Found matching patch defaultFaces with 82484 faces
    faceSet frontFaces now size 82484
Read set faceSet frontFaces size:82484
    Applying source normalToFace
    Adding faces according to normal being aligned with (0 0 1) (to within 0.1) ...
    faceSet frontFaces now size 41242
Created faceSet backFaces
    Applying source patchToFace
    Adding all faces of patches: (defaultFaces) ...
    Found matching patch defaultFaces with 82484 faces
    faceSet backFaces now size 82484
Read set faceSet backFaces size:82484
    Applying source normalToFace
    Adding faces according to normal being aligned with (0 0 -1) (to within 0.1) ...
    faceSet backFaces now size 41242
Time = 245
    mesh not changed.
Created faceSet frontFaces
    Applying source patchToFace
    Adding all faces of patches: (defaultFaces) ...
    Found matching patch defaultFaces with 82484 faces
    faceSet frontFaces now size 82484
Read set faceSet frontFaces size:82484
    Applying source normalToFace
    Adding faces according to normal being aligned with (0 0 1) (to within 0.1) ...
    faceSet frontFaces now size 41242
Created faceSet backFaces
    Applying source patchToFace
    Adding all faces of patches: (defaultFaces) ...
    Found matching patch defaultFaces with 82484 faces
    faceSet backFaces now size 82484
Read set faceSet backFaces size:82484
    Applying source normalToFace
    Adding faces according to normal being aligned with (0 0 -1) (to within 0.1) ...
    faceSet backFaces now size 41242
Time = 247
    mesh not changed.
Created faceSet frontFaces
    Applying source patchToFace
    Adding all faces of patches: (defaultFaces) ...
    Found matching patch defaultFaces with 82484 faces
    faceSet frontFaces now size 82484
Read set faceSet frontFaces size:82484
    Applying source normalToFace
    Adding faces according to normal being aligned with (0 0 1) (to within 0.1) ...
    faceSet frontFaces now size 41242
Created faceSet backFaces
    Applying source patchToFace
    Adding all faces of patches: (defaultFaces) ...
    Found matching patch defaultFaces with 82484 faces
    faceSet backFaces now size 82484
Read set faceSet backFaces size:82484
    Applying source normalToFace
    Adding faces according to normal being aligned with (0 0 -1) (to within 0.1) ...
    faceSet backFaces now size 41242
Time = 250
    mesh not changed.
Created faceSet frontFaces
    Applying source patchToFace
    Adding all faces of patches: (defaultFaces) ...
    Found matching patch defaultFaces with 82484 faces
    faceSet frontFaces now size 82484
Read set faceSet frontFaces size:82484
    Applying source normalToFace
    Adding faces according to normal being aligned with (0 0 1) (to within 0.1) ...
    faceSet frontFaces now size 41242
Created faceSet backFaces
    Applying source patchToFace
    Adding all faces of patches: (defaultFaces) ...
    Found matching patch defaultFaces with 82484 faces
    faceSet backFaces now size 82484
Read set faceSet backFaces size:82484
    Applying source normalToFace
    Adding faces according to normal being aligned with (0 0 -1) (to within 0.1) ...
    faceSet backFaces now size 41242
Time = 251
    mesh not changed.
Created faceSet frontFaces
    Applying source patchToFace
    Adding all faces of patches: (defaultFaces) ...
    Found matching patch defaultFaces with 82484 faces
    faceSet frontFaces now size 82484
Read set faceSet frontFaces size:82484
    Applying source normalToFace
    Adding faces according to normal being aligned with (0 0 1) (to within 0.1) ...
    faceSet frontFaces now size 41242
Created faceSet backFaces
    Applying source patchToFace
    Adding all faces of patches: (defaultFaces) ...
    Found matching patch defaultFaces with 82484 faces
    faceSet backFaces now size 82484
Read set faceSet backFaces size:82484
    Applying source normalToFace
    Adding faces according to normal being aligned with (0 0 -1) (to within 0.1) ...
    faceSet backFaces now size 41242
Time = 300
    mesh not changed.
Created faceSet frontFaces
    Applying source patchToFace
    Adding all faces of patches: (defaultFaces) ...
    Found matching patch defaultFaces with 82484 faces
    faceSet frontFaces now size 82484
Read set faceSet frontFaces size:82484
    Applying source normalToFace
    Adding faces according to normal being aligned with (0 0 1) (to within 0.1) ...
    faceSet frontFaces now size 41242
Created faceSet backFaces
    Applying source patchToFace
    Adding all faces of patches: (defaultFaces) ...
    Found matching patch defaultFaces with 82484 faces
    faceSet backFaces now size 82484
Read set faceSet backFaces size:82484
    Applying source normalToFace
    Adding faces according to normal being aligned with (0 0 -1) (to within 0.1) ...
    faceSet backFaces now size 41242
Time = 350
    mesh not changed.
Created faceSet frontFaces
    Applying source patchToFace
    Adding all faces of patches: (defaultFaces) ...
    Found matching patch defaultFaces with 82484 faces
    faceSet frontFaces now size 82484
Read set faceSet frontFaces size:82484
    Applying source normalToFace
    Adding faces according to normal being aligned with (0 0 1) (to within 0.1) ...
    faceSet frontFaces now size 41242
Created faceSet backFaces
    Applying source patchToFace
    Adding all faces of patches: (defaultFaces) ...
    Found matching patch defaultFaces with 82484 faces
    faceSet backFaces now size 82484
Read set faceSet backFaces size:82484
    Applying source normalToFace
    Adding faces according to normal being aligned with (0 0 -1) (to within 0.1) ...
    faceSet backFaces now size 41242
Time = 400
    mesh not changed.
Created faceSet frontFaces
    Applying source patchToFace
    Adding all faces of patches: (defaultFaces) ...
    Found matching patch defaultFaces with 82484 faces
    faceSet frontFaces now size 82484
Read set faceSet frontFaces size:82484
    Applying source normalToFace
    Adding faces according to normal being aligned with (0 0 1) (to within 0.1) ...
    faceSet frontFaces now size 41242
Created faceSet backFaces
    Applying source patchToFace
    Adding all faces of patches: (defaultFaces) ...
    Found matching patch defaultFaces with 82484 faces
    faceSet backFaces now size 82484
Read set faceSet backFaces size:82484
    Applying source normalToFace
    Adding faces according to normal being aligned with (0 0 -1) (to within 0.1) ...
    faceSet backFaces now size 41242
Time = 450
    mesh not changed.
Created faceSet frontFaces
    Applying source patchToFace
    Adding all faces of patches: (defaultFaces) ...
    Found matching patch defaultFaces with 82484 faces
    faceSet frontFaces now size 82484
Read set faceSet frontFaces size:82484
    Applying source normalToFace
    Adding faces according to normal being aligned with (0 0 1) (to within 0.1) ...
    faceSet frontFaces now size 41242
Created faceSet backFaces
    Applying source patchToFace
    Adding all faces of patches: (defaultFaces) ...
    Found matching patch defaultFaces with 82484 faces
    faceSet backFaces now size 82484
Read set faceSet backFaces size:82484
    Applying source normalToFace
    Adding faces according to normal being aligned with (0 0 -1) (to within 0.1) ...
    faceSet backFaces now size 41242
Time = 500
    mesh not changed.
Created faceSet frontFaces
    Applying source patchToFace
    Adding all faces of patches: (defaultFaces) ...
    Found matching patch defaultFaces with 82484 faces
    faceSet frontFaces now size 82484
Read set faceSet frontFaces size:82484
    Applying source normalToFace
    Adding faces according to normal being aligned with (0 0 1) (to within 0.1) ...
    faceSet frontFaces now size 41242
Created faceSet backFaces
    Applying source patchToFace
    Adding all faces of patches: (defaultFaces) ...
    Found matching patch defaultFaces with 82484 faces
    faceSet backFaces now size 82484
Read set faceSet backFaces size:82484
    Applying source normalToFace
    Adding faces according to normal being aligned with (0 0 -1) (to within 0.1) ...
    faceSet backFaces now size 41242

End

/*---------------------------------------------------------------------------*\
| =========                 |                                                 |
| \\      /  F ield         | OpenFOAM: The Open Source CFD Toolbox           |
|  \\    /   O peration     | Version:  2512                                  |
|   \\  /    A nd           | Website:  www.openfoam.com                      |
|    \\/     M anipulation  |                                                 |
\*---------------------------------------------------------------------------*/
Build  : _bd2b6720-20260127 OPENFOAM=2512 version=2512
Arch   : "LSB;label=32;scalar=64"
Exec   : topoSet -dict system/topoSetDict.splitWall -constant
Date   : Jul 16 2026
Time   : 01:38:03
Host   : d846ffc91617
PID    : 237
I/O    : uncollated
Case   : /simulation/doc-g1-sim1/fluid
nProcs : 1
trapFpe: Floating point exception trapping enabled (FOAM_SIGFPE).
memory pool : not available
fileModificationChecking : Monitoring run-time modified files using timeStampMaster (fileModificationSkew 5, maxFileModificationPolls 20)
allowSystemOperations : Allowing user-supplied system call operations

// * * * * * * * * * * * * * * * * * * * * * * * * * * * * * * * * * * * * * //
Create time

Create polyMesh for time = constant

Reading topoSetDict.splitWall

Time = constant
    mesh not changed.
Created faceSet outlet_tm_faces
    Applying source patchToFace
    Adding all faces of patches: (outlet_tm) ...
    Found matching patch outlet_tm with 6 faces
    faceSet outlet_tm_faces now size 6
Read set faceSet outlet_tm_faces size:6
    Applying source patchToFace
    Adding all faces of patches: (wall) ...
    Found matching patch wall with 554 faces
    faceSet outlet_tm_faces now size 560
Read set faceSet outlet_tm_faces size:560
    Applying source patchToFace
    Adding all faces of patches: (iris_wall) ...
    Found matching patch iris_wall with 240 faces
    faceSet outlet_tm_faces now size 800
Read set faceSet outlet_tm_faces size:800
    Applying source patchToFace
    Adding all faces of patches: (demote_wall) ...
--> FOAM Warning : 
    From Foam::labelHashSet Foam::polyBoundaryMesh::patchSet(const Foam::UList<Foam::wordRe>&, bool, bool) const
    in file meshes/polyMesh/polyBoundaryMesh/polyBoundaryMesh.C at line 1158
    Cannot find any patch names matching demote_wall
--> FOAM Warning : 
    From void Foam::patchToFace::combine(Foam::topoSet&, bool) const
    in file topoSet/faceSources/patchToFace/patchToFace.C at line 96
    Cannot find any patches matching (demote_wall)
Valid names: (wall iris_wall outlet_tm lens_wall ac_inlet ac_inlet_left outlet_tm_left defaultFaces)
    faceSet outlet_tm_faces now size 800
Read set faceSet outlet_tm_faces size:800
    Applying source boxToFace
    Adding faces with centre within boxes 1((0.00682 -0.00462 -1e-05) (0.00692 -0.0045 0.001001))
    faceSet outlet_tm_faces now size 1
Created faceSet outlet_tm_left_faces
    Applying source patchToFace
    Adding all faces of patches: (outlet_tm_left) ...
    Found matching patch outlet_tm_left with 6 faces
    faceSet outlet_tm_left_faces now size 6
Read set faceSet outlet_tm_left_faces size:6
    Applying source patchToFace
    Adding all faces of patches: (wall) ...
    Found matching patch wall with 554 faces
    faceSet outlet_tm_left_faces now size 560
Read set faceSet outlet_tm_left_faces size:560
    Applying source patchToFace
    Adding all faces of patches: (iris_wall) ...
    Found matching patch iris_wall with 240 faces
    faceSet outlet_tm_left_faces now size 800
Read set faceSet outlet_tm_left_faces size:800
    Applying source patchToFace
    Adding all faces of patches: (demote_wall) ...
--> FOAM Warning : 
    From Foam::labelHashSet Foam::polyBoundaryMesh::patchSet(const Foam::UList<Foam::wordRe>&, bool, bool) const
    in file meshes/polyMesh/polyBoundaryMesh/polyBoundaryMesh.C at line 1158
    Cannot find any patch names matching demote_wall
--> FOAM Warning : 
    From void Foam::patchToFace::combine(Foam::topoSet&, bool) const
    in file topoSet/faceSources/patchToFace/patchToFace.C at line 96
    Cannot find any patches matching (demote_wall)
Valid names: (wall iris_wall outlet_tm lens_wall ac_inlet ac_inlet_left outlet_tm_left defaultFaces)
    faceSet outlet_tm_left_faces now size 800
Read set faceSet outlet_tm_left_faces size:800
    Applying source boxToFace
    Adding faces with centre within boxes 1((-0.00692 -0.00462 -1e-05) (-0.00682 -0.0045 0.001001))
    faceSet outlet_tm_left_faces now size 1
Created faceSet ac_inlet_faces
    Applying source patchToFace
    Adding all faces of patches: (ac_inlet) ...
    Found matching patch ac_inlet with 5 faces
    faceSet ac_inlet_faces now size 5
Read set faceSet ac_inlet_faces size:5
    Applying source patchToFace
    Adding all faces of patches: (wall) ...
    Found matching patch wall with 554 faces
    faceSet ac_inlet_faces now size 559
Read set faceSet ac_inlet_faces size:559
    Applying source patchToFace
    Adding all faces of patches: (iris_wall) ...
    Found matching patch iris_wall with 240 faces
    faceSet ac_inlet_faces now size 799
Read set faceSet ac_inlet_faces size:799
    Applying source patchToFace
    Adding all faces of patches: (demote_wall) ...
--> FOAM Warning : 
    From Foam::labelHashSet Foam::polyBoundaryMesh::patchSet(const Foam::UList<Foam::wordRe>&, bool, bool) const
    in file meshes/polyMesh/polyBoundaryMesh/polyBoundaryMesh.C at line 1158
    Cannot find any patch names matching demote_wall
--> FOAM Warning : 
    From void Foam::patchToFace::combine(Foam::topoSet&, bool) const
    in file topoSet/faceSources/patchToFace/patchToFace.C at line 96
    Cannot find any patches matching (demote_wall)
Valid names: (wall iris_wall outlet_tm lens_wall ac_inlet ac_inlet_left outlet_tm_left defaultFaces)
    faceSet ac_inlet_faces now size 799
Read set faceSet ac_inlet_faces size:799
    Applying source boxToFace
    Adding faces with centre within boxes 1((0.00692 -0.00366 -1e-05) (0.007 -0.00355 0.001001))
    faceSet ac_inlet_faces now size 1
Created faceSet ac_inlet_left_faces
    Applying source patchToFace
    Adding all faces of patches: (ac_inlet_left) ...
    Found matching patch ac_inlet_left with 5 faces
    faceSet ac_inlet_left_faces now size 5
Read set faceSet ac_inlet_left_faces size:5
    Applying source patchToFace
    Adding all faces of patches: (wall) ...
    Found matching patch wall with 554 faces
    faceSet ac_inlet_left_faces now size 559
Read set faceSet ac_inlet_left_faces size:559
    Applying source patchToFace
    Adding all faces of patches: (iris_wall) ...
    Found matching patch iris_wall with 240 faces
    faceSet ac_inlet_left_faces now size 799
Read set faceSet ac_inlet_left_faces size:799
    Applying source patchToFace
    Adding all faces of patches: (demote_wall) ...
--> FOAM Warning : 
    From Foam::labelHashSet Foam::polyBoundaryMesh::patchSet(const Foam::UList<Foam::wordRe>&, bool, bool) const
    in file meshes/polyMesh/polyBoundaryMesh/polyBoundaryMesh.C at line 1158
    Cannot find any patch names matching demote_wall
--> FOAM Warning : 
    From void Foam::patchToFace::combine(Foam::topoSet&, bool) const
    in file topoSet/faceSources/patchToFace/patchToFace.C at line 96
    Cannot find any patches matching (demote_wall)
Valid names: (wall iris_wall outlet_tm lens_wall ac_inlet ac_inlet_left outlet_tm_left defaultFaces)
    faceSet ac_inlet_left_faces now size 799
Read set faceSet ac_inlet_left_faces size:799
    Applying source boxToFace
    Adding faces with centre within boxes 1((-0.007 -0.00366 -1e-05) (-0.00692 -0.00355 0.001001))
    faceSet ac_inlet_left_faces now size 1
Created faceSet demote_to_wall
    Applying source patchToFace
    Adding all faces of patches: (outlet_tm) ...
    Found matching patch outlet_tm with 6 faces
    faceSet demote_to_wall now size 6
Read set faceSet demote_to_wall size:6
    Applying source patchToFace
    Adding all faces of patches: (outlet_tm_left) ...
    Found matching patch outlet_tm_left with 6 faces
    faceSet demote_to_wall now size 12
Read set faceSet demote_to_wall size:12
    Applying source patchToFace
    Adding all faces of patches: (ac_inlet) ...
    Found matching patch ac_inlet with 5 faces
    faceSet demote_to_wall now size 17
Read set faceSet demote_to_wall size:17
    Applying source patchToFace
    Adding all faces of patches: (ac_inlet_left) ...
    Found matching patch ac_inlet_left with 5 faces
    faceSet demote_to_wall now size 22
Read set faceSet demote_to_wall size:22
    Applying source faceToFace
    Removing all elements of face sets: (outlet_tm_faces)
    faceSet demote_to_wall now size 21
Read set faceSet demote_to_wall size:21
    Applying source faceToFace
    Removing all elements of face sets: (outlet_tm_left_faces)
    faceSet demote_to_wall now size 20
Read set faceSet demote_to_wall size:20
    Applying source faceToFace
    Removing all elements of face sets: (ac_inlet_faces)
    faceSet demote_to_wall now size 19
Read set faceSet demote_to_wall size:19
    Applying source faceToFace
    Removing all elements of face sets: (ac_inlet_left_faces)
    faceSet demote_to_wall now size 18
Time = 0
    mesh not changed.
Created faceSet outlet_tm_faces
    Applying source patchToFace
    Adding all faces of patches: (outlet_tm) ...
    Found matching patch outlet_tm with 6 faces
    faceSet outlet_tm_faces now size 6
Read set faceSet outlet_tm_faces size:6
    Applying source patchToFace
    Adding all faces of patches: (wall) ...
    Found matching patch wall with 554 faces
    faceSet outlet_tm_faces now size 560
Read set faceSet outlet_tm_faces size:560
    Applying source patchToFace
    Adding all faces of patches: (iris_wall) ...
    Found matching patch iris_wall with 240 faces
    faceSet outlet_tm_faces now size 800
Read set faceSet outlet_tm_faces size:800
    Applying source patchToFace
    Adding all faces of patches: (demote_wall) ...
--> FOAM Warning : 
    From Foam::labelHashSet Foam::polyBoundaryMesh::patchSet(const Foam::UList<Foam::wordRe>&, bool, bool) const
    in file meshes/polyMesh/polyBoundaryMesh/polyBoundaryMesh.C at line 1158
    Cannot find any patch names matching demote_wall
--> FOAM Warning : 
    From void Foam::patchToFace::combine(Foam::topoSet&, bool) const
    in file topoSet/faceSources/patchToFace/patchToFace.C at line 96
    Cannot find any patches matching (demote_wall)
Valid names: (wall iris_wall outlet_tm lens_wall ac_inlet ac_inlet_left outlet_tm_left defaultFaces)
    faceSet outlet_tm_faces now size 800
Read set faceSet outlet_tm_faces size:800
    Applying source boxToFace
    Adding faces with centre within boxes 1((0.00682 -0.00462 -1e-05) (0.00692 -0.0045 0.001001))
    faceSet outlet_tm_faces now size 1
Created faceSet outlet_tm_left_faces
    Applying source patchToFace
    Adding all faces of patches: (outlet_tm_left) ...
    Found matching patch outlet_tm_left with 6 faces
    faceSet outlet_tm_left_faces now size 6
Read set faceSet outlet_tm_left_faces size:6
    Applying source patchToFace
    Adding all faces of patches: (wall) ...
    Found matching patch wall with 554 faces
    faceSet outlet_tm_left_faces now size 560
Read set faceSet outlet_tm_left_faces size:560
    Applying source patchToFace
    Adding all faces of patches: (iris_wall) ...
    Found matching patch iris_wall with 240 faces
    faceSet outlet_tm_left_faces now size 800
Read set faceSet outlet_tm_left_faces size:800
    Applying source patchToFace
    Adding all faces of patches: (demote_wall) ...
--> FOAM Warning : 
    From Foam::labelHashSet Foam::polyBoundaryMesh::patchSet(const Foam::UList<Foam::wordRe>&, bool, bool) const
    in file meshes/polyMesh/polyBoundaryMesh/polyBoundaryMesh.C at line 1158
    Cannot find any patch names matching demote_wall
--> FOAM Warning : 
    From void Foam::patchToFace::combine(Foam::topoSet&, bool) const
    in file topoSet/faceSources/patchToFace/patchToFace.C at line 96
    Cannot find any patches matching (demote_wall)
Valid names: (wall iris_wall outlet_tm lens_wall ac_inlet ac_inlet_left outlet_tm_left defaultFaces)
    faceSet outlet_tm_left_faces now size 800
Read set faceSet outlet_tm_left_faces size:800
    Applying source boxToFace
    Adding faces with centre within boxes 1((-0.00692 -0.00462 -1e-05) (-0.00682 -0.0045 0.001001))
    faceSet outlet_tm_left_faces now size 1
Created faceSet ac_inlet_faces
    Applying source patchToFace
    Adding all faces of patches: (ac_inlet) ...
    Found matching patch ac_inlet with 5 faces
    faceSet ac_inlet_faces now size 5
Read set faceSet ac_inlet_faces size:5
    Applying source patchToFace
    Adding all faces of patches: (wall) ...
    Found matching patch wall with 554 faces
    faceSet ac_inlet_faces now size 559
Read set faceSet ac_inlet_faces size:559
    Applying source patchToFace
    Adding all faces of patches: (iris_wall) ...
    Found matching patch iris_wall with 240 faces
    faceSet ac_inlet_faces now size 799
Read set faceSet ac_inlet_faces size:799
    Applying source patchToFace
    Adding all faces of patches: (demote_wall) ...
--> FOAM Warning : 
    From Foam::labelHashSet Foam::polyBoundaryMesh::patchSet(const Foam::UList<Foam::wordRe>&, bool, bool) const
    in file meshes/polyMesh/polyBoundaryMesh/polyBoundaryMesh.C at line 1158
    Cannot find any patch names matching demote_wall
--> FOAM Warning : 
    From void Foam::patchToFace::combine(Foam::topoSet&, bool) const
    in file topoSet/faceSources/patchToFace/patchToFace.C at line 96
    Cannot find any patches matching (demote_wall)
Valid names: (wall iris_wall outlet_tm lens_wall ac_inlet ac_inlet_left outlet_tm_left defaultFaces)
    faceSet ac_inlet_faces now size 799
Read set faceSet ac_inlet_faces size:799
    Applying source boxToFace
    Adding faces with centre within boxes 1((0.00692 -0.00366 -1e-05) (0.007 -0.00355 0.001001))
    faceSet ac_inlet_faces now size 1
Created faceSet ac_inlet_left_faces
    Applying source patchToFace
    Adding all faces of patches: (ac_inlet_left) ...
    Found matching patch ac_inlet_left with 5 faces
    faceSet ac_inlet_left_faces now size 5
Read set faceSet ac_inlet_left_faces size:5
    Applying source patchToFace
    Adding all faces of patches: (wall) ...
    Found matching patch wall with 554 faces
    faceSet ac_inlet_left_faces now size 559
Read set faceSet ac_inlet_left_faces size:559
    Applying source patchToFace
    Adding all faces of patches: (iris_wall) ...
    Found matching patch iris_wall with 240 faces
    faceSet ac_inlet_left_faces now size 799
Read set faceSet ac_inlet_left_faces size:799
    Applying source patchToFace
    Adding all faces of patches: (demote_wall) ...
--> FOAM Warning : 
    From Foam::labelHashSet Foam::polyBoundaryMesh::patchSet(const Foam::UList<Foam::wordRe>&, bool, bool) const
    in file meshes/polyMesh/polyBoundaryMesh/polyBoundaryMesh.C at line 1158
    Cannot find any patch names matching demote_wall
--> FOAM Warning : 
    From void Foam::patchToFace::combine(Foam::topoSet&, bool) const
    in file topoSet/faceSources/patchToFace/patchToFace.C at line 96
    Cannot find any patches matching (demote_wall)
Valid names: (wall iris_wall outlet_tm lens_wall ac_inlet ac_inlet_left outlet_tm_left defaultFaces)
    faceSet ac_inlet_left_faces now size 799
Read set faceSet ac_inlet_left_faces size:799
    Applying source boxToFace
    Adding faces with centre within boxes 1((-0.007 -0.00366 -1e-05) (-0.00692 -0.00355 0.001001))
    faceSet ac_inlet_left_faces now size 1
Created faceSet demote_to_wall
    Applying source patchToFace
    Adding all faces of patches: (outlet_tm) ...
    Found matching patch outlet_tm with 6 faces
    faceSet demote_to_wall now size 6
Read set faceSet demote_to_wall size:6
    Applying source patchToFace
    Adding all faces of patches: (outlet_tm_left) ...
    Found matching patch outlet_tm_left with 6 faces
    faceSet demote_to_wall now size 12
Read set faceSet demote_to_wall size:12
    Applying source patchToFace
    Adding all faces of patches: (ac_inlet) ...
    Found matching patch ac_inlet with 5 faces
    faceSet demote_to_wall now size 17
Read set faceSet demote_to_wall size:17
    Applying source patchToFace
    Adding all faces of patches: (ac_inlet_left) ...
    Found matching patch ac_inlet_left with 5 faces
    faceSet demote_to_wall now size 22
Read set faceSet demote_to_wall size:22
    Applying source faceToFace
    Removing all elements of face sets: (outlet_tm_faces)
    faceSet demote_to_wall now size 21
Read set faceSet demote_to_wall size:21
    Applying source faceToFace
    Removing all elements of face sets: (outlet_tm_left_faces)
    faceSet demote_to_wall now size 20
Read set faceSet demote_to_wall size:20
    Applying source faceToFace
    Removing all elements of face sets: (ac_inlet_faces)
    faceSet demote_to_wall now size 19
Read set faceSet demote_to_wall size:19
    Applying source faceToFace
    Removing all elements of face sets: (ac_inlet_left_faces)
    faceSet demote_to_wall now size 18
Time = 48
    mesh not changed.
Created faceSet outlet_tm_faces
    Applying source patchToFace
    Adding all faces of patches: (outlet_tm) ...
    Found matching patch outlet_tm with 6 faces
    faceSet outlet_tm_faces now size 6
Read set faceSet outlet_tm_faces size:6
    Applying source patchToFace
    Adding all faces of patches: (wall) ...
    Found matching patch wall with 554 faces
    faceSet outlet_tm_faces now size 560
Read set faceSet outlet_tm_faces size:560
    Applying source patchToFace
    Adding all faces of patches: (iris_wall) ...
    Found matching patch iris_wall with 240 faces
    faceSet outlet_tm_faces now size 800
Read set faceSet outlet_tm_faces size:800
    Applying source patchToFace
    Adding all faces of patches: (demote_wall) ...
--> FOAM Warning : 
    From Foam::labelHashSet Foam::polyBoundaryMesh::patchSet(const Foam::UList<Foam::wordRe>&, bool, bool) const
    in file meshes/polyMesh/polyBoundaryMesh/polyBoundaryMesh.C at line 1158
    Cannot find any patch names matching demote_wall
--> FOAM Warning : 
    From void Foam::patchToFace::combine(Foam::topoSet&, bool) const
    in file topoSet/faceSources/patchToFace/patchToFace.C at line 96
    Cannot find any patches matching (demote_wall)
Valid names: (wall iris_wall outlet_tm lens_wall ac_inlet ac_inlet_left outlet_tm_left defaultFaces)
    faceSet outlet_tm_faces now size 800
Read set faceSet outlet_tm_faces size:800
    Applying source boxToFace
    Adding faces with centre within boxes 1((0.00682 -0.00462 -1e-05) (0.00692 -0.0045 0.001001))
    faceSet outlet_tm_faces now size 1
Created faceSet outlet_tm_left_faces
    Applying source patchToFace
    Adding all faces of patches: (outlet_tm_left) ...
    Found matching patch outlet_tm_left with 6 faces
    faceSet outlet_tm_left_faces now size 6
Read set faceSet outlet_tm_left_faces size:6
    Applying source patchToFace
    Adding all faces of patches: (wall) ...
    Found matching patch wall with 554 faces
    faceSet outlet_tm_left_faces now size 560
Read set faceSet outlet_tm_left_faces size:560
    Applying source patchToFace
    Adding all faces of patches: (iris_wall) ...
    Found matching patch iris_wall with 240 faces
    faceSet outlet_tm_left_faces now size 800
Read set faceSet outlet_tm_left_faces size:800
    Applying source patchToFace
    Adding all faces of patches: (demote_wall) ...
--> FOAM Warning : 
    From Foam::labelHashSet Foam::polyBoundaryMesh::patchSet(const Foam::UList<Foam::wordRe>&, bool, bool) const
    in file meshes/polyMesh/polyBoundaryMesh/polyBoundaryMesh.C at line 1158
    Cannot find any patch names matching demote_wall
--> FOAM Warning : 
    From void Foam::patchToFace::combine(Foam::topoSet&, bool) const
    in file topoSet/faceSources/patchToFace/patchToFace.C at line 96
    Cannot find any patches matching (demote_wall)
Valid names: (wall iris_wall outlet_tm lens_wall ac_inlet ac_inlet_left outlet_tm_left defaultFaces)
    faceSet outlet_tm_left_faces now size 800
Read set faceSet outlet_tm_left_faces size:800
    Applying source boxToFace
    Adding faces with centre within boxes 1((-0.00692 -0.00462 -1e-05) (-0.00682 -0.0045 0.001001))
    faceSet outlet_tm_left_faces now size 1
Created faceSet ac_inlet_faces
    Applying source patchToFace
    Adding all faces of patches: (ac_inlet) ...
    Found matching patch ac_inlet with 5 faces
    faceSet ac_inlet_faces now size 5
Read set faceSet ac_inlet_faces size:5
    Applying source patchToFace
    Adding all faces of patches: (wall) ...
    Found matching patch wall with 554 faces
    faceSet ac_inlet_faces now size 559
Read set faceSet ac_inlet_faces size:559
    Applying source patchToFace
    Adding all faces of patches: (iris_wall) ...
    Found matching patch iris_wall with 240 faces
    faceSet ac_inlet_faces now size 799
Read set faceSet ac_inlet_faces size:799
    Applying source patchToFace
    Adding all faces of patches: (demote_wall) ...
--> FOAM Warning : 
    From Foam::labelHashSet Foam::polyBoundaryMesh::patchSet(const Foam::UList<Foam::wordRe>&, bool, bool) const
    in file meshes/polyMesh/polyBoundaryMesh/polyBoundaryMesh.C at line 1158
    Cannot find any patch names matching demote_wall
--> FOAM Warning : 
    From void Foam::patchToFace::combine(Foam::topoSet&, bool) const
    in file topoSet/faceSources/patchToFace/patchToFace.C at line 96
    Cannot find any patches matching (demote_wall)
Valid names: (wall iris_wall outlet_tm lens_wall ac_inlet ac_inlet_left outlet_tm_left defaultFaces)
    faceSet ac_inlet_faces now size 799
Read set faceSet ac_inlet_faces size:799
    Applying source boxToFace
    Adding faces with centre within boxes 1((0.00692 -0.00366 -1e-05) (0.007 -0.00355 0.001001))
    faceSet ac_inlet_faces now size 1
Created faceSet ac_inlet_left_faces
    Applying source patchToFace
    Adding all faces of patches: (ac_inlet_left) ...
    Found matching patch ac_inlet_left with 5 faces
    faceSet ac_inlet_left_faces now size 5
Read set faceSet ac_inlet_left_faces size:5
    Applying source patchToFace
    Adding all faces of patches: (wall) ...
    Found matching patch wall with 554 faces
    faceSet ac_inlet_left_faces now size 559
Read set faceSet ac_inlet_left_faces size:559
    Applying source patchToFace
    Adding all faces of patches: (iris_wall) ...
    Found matching patch iris_wall with 240 faces
    faceSet ac_inlet_left_faces now size 799
Read set faceSet ac_inlet_left_faces size:799
    Applying source patchToFace
    Adding all faces of patches: (demote_wall) ...
--> FOAM Warning : 
    From Foam::labelHashSet Foam::polyBoundaryMesh::patchSet(const Foam::UList<Foam::wordRe>&, bool, bool) const
    in file meshes/polyMesh/polyBoundaryMesh/polyBoundaryMesh.C at line 1158
    Cannot find any patch names matching demote_wall
--> FOAM Warning : 
    From void Foam::patchToFace::combine(Foam::topoSet&, bool) const
    in file topoSet/faceSources/patchToFace/patchToFace.C at line 96
    Cannot find any patches matching (demote_wall)
Valid names: (wall iris_wall outlet_tm lens_wall ac_inlet ac_inlet_left outlet_tm_left defaultFaces)
    faceSet ac_inlet_left_faces now size 799
Read set faceSet ac_inlet_left_faces size:799
    Applying source boxToFace
    Adding faces with centre within boxes 1((-0.007 -0.00366 -1e-05) (-0.00692 -0.00355 0.001001))
    faceSet ac_inlet_left_faces now size 1
Created faceSet demote_to_wall
    Applying source patchToFace
    Adding all faces of patches: (outlet_tm) ...
    Found matching patch outlet_tm with 6 faces
    faceSet demote_to_wall now size 6
Read set faceSet demote_to_wall size:6
    Applying source patchToFace
    Adding all faces of patches: (outlet_tm_left) ...
    Found matching patch outlet_tm_left with 6 faces
    faceSet demote_to_wall now size 12
Read set faceSet demote_to_wall size:12
    Applying source patchToFace
    Adding all faces of patches: (ac_inlet) ...
    Found matching patch ac_inlet with 5 faces
    faceSet demote_to_wall now size 17
Read set faceSet demote_to_wall size:17
    Applying source patchToFace
    Adding all faces of patches: (ac_inlet_left) ...
    Found matching patch ac_inlet_left with 5 faces
    faceSet demote_to_wall now size 22
Read set faceSet demote_to_wall size:22
    Applying source faceToFace
    Removing all elements of face sets: (outlet_tm_faces)
    faceSet demote_to_wall now size 21
Read set faceSet demote_to_wall size:21
    Applying source faceToFace
    Removing all elements of face sets: (outlet_tm_left_faces)
    faceSet demote_to_wall now size 20
Read set faceSet demote_to_wall size:20
    Applying source faceToFace
    Removing all elements of face sets: (ac_inlet_faces)
    faceSet demote_to_wall now size 19
Read set faceSet demote_to_wall size:19
    Applying source faceToFace
    Removing all elements of face sets: (ac_inlet_left_faces)
    faceSet demote_to_wall now size 18
Time = 50
    mesh not changed.
Created faceSet outlet_tm_faces
    Applying source patchToFace
    Adding all faces of patches: (outlet_tm) ...
    Found matching patch outlet_tm with 6 faces
    faceSet outlet_tm_faces now size 6
Read set faceSet outlet_tm_faces size:6
    Applying source patchToFace
    Adding all faces of patches: (wall) ...
    Found matching patch wall with 554 faces
    faceSet outlet_tm_faces now size 560
Read set faceSet outlet_tm_faces size:560
    Applying source patchToFace
    Adding all faces of patches: (iris_wall) ...
    Found matching patch iris_wall with 240 faces
    faceSet outlet_tm_faces now size 800
Read set faceSet outlet_tm_faces size:800
    Applying source patchToFace
    Adding all faces of patches: (demote_wall) ...
--> FOAM Warning : 
    From Foam::labelHashSet Foam::polyBoundaryMesh::patchSet(const Foam::UList<Foam::wordRe>&, bool, bool) const
    in file meshes/polyMesh/polyBoundaryMesh/polyBoundaryMesh.C at line 1158
    Cannot find any patch names matching demote_wall
--> FOAM Warning : 
    From void Foam::patchToFace::combine(Foam::topoSet&, bool) const
    in file topoSet/faceSources/patchToFace/patchToFace.C at line 96
    Cannot find any patches matching (demote_wall)
Valid names: (wall iris_wall outlet_tm lens_wall ac_inlet ac_inlet_left outlet_tm_left defaultFaces)
    faceSet outlet_tm_faces now size 800
Read set faceSet outlet_tm_faces size:800
    Applying source boxToFace
    Adding faces with centre within boxes 1((0.00682 -0.00462 -1e-05) (0.00692 -0.0045 0.001001))
    faceSet outlet_tm_faces now size 1
Created faceSet outlet_tm_left_faces
    Applying source patchToFace
    Adding all faces of patches: (outlet_tm_left) ...
    Found matching patch outlet_tm_left with 6 faces
    faceSet outlet_tm_left_faces now size 6
Read set faceSet outlet_tm_left_faces size:6
    Applying source patchToFace
    Adding all faces of patches: (wall) ...
    Found matching patch wall with 554 faces
    faceSet outlet_tm_left_faces now size 560
Read set faceSet outlet_tm_left_faces size:560
    Applying source patchToFace
    Adding all faces of patches: (iris_wall) ...
    Found matching patch iris_wall with 240 faces
    faceSet outlet_tm_left_faces now size 800
Read set faceSet outlet_tm_left_faces size:800
    Applying source patchToFace
    Adding all faces of patches: (demote_wall) ...
--> FOAM Warning : 
    From Foam::labelHashSet Foam::polyBoundaryMesh::patchSet(const Foam::UList<Foam::wordRe>&, bool, bool) const
    in file meshes/polyMesh/polyBoundaryMesh/polyBoundaryMesh.C at line 1158
    Cannot find any patch names matching demote_wall
--> FOAM Warning : 
    From void Foam::patchToFace::combine(Foam::topoSet&, bool) const
    in file topoSet/faceSources/patchToFace/patchToFace.C at line 96
    Cannot find any patches matching (demote_wall)
Valid names: (wall iris_wall outlet_tm lens_wall ac_inlet ac_inlet_left outlet_tm_left defaultFaces)
    faceSet outlet_tm_left_faces now size 800
Read set faceSet outlet_tm_left_faces size:800
    Applying source boxToFace
    Adding faces with centre within boxes 1((-0.00692 -0.00462 -1e-05) (-0.00682 -0.0045 0.001001))
    faceSet outlet_tm_left_faces now size 1
Created faceSet ac_inlet_faces
    Applying source patchToFace
    Adding all faces of patches: (ac_inlet) ...
    Found matching patch ac_inlet with 5 faces
    faceSet ac_inlet_faces now size 5
Read set faceSet ac_inlet_faces size:5
    Applying source patchToFace
    Adding all faces of patches: (wall) ...
    Found matching patch wall with 554 faces
    faceSet ac_inlet_faces now size 559
Read set faceSet ac_inlet_faces size:559
    Applying source patchToFace
    Adding all faces of patches: (iris_wall) ...
    Found matching patch iris_wall with 240 faces
    faceSet ac_inlet_faces now size 799
Read set faceSet ac_inlet_faces size:799
    Applying source patchToFace
    Adding all faces of patches: (demote_wall) ...
--> FOAM Warning : 
    From Foam::labelHashSet Foam::polyBoundaryMesh::patchSet(const Foam::UList<Foam::wordRe>&, bool, bool) const
    in file meshes/polyMesh/polyBoundaryMesh/polyBoundaryMesh.C at line 1158
    Cannot find any patch names matching demote_wall
--> FOAM Warning : 
    From void Foam::patchToFace::combine(Foam::topoSet&, bool) const
    in file topoSet/faceSources/patchToFace/patchToFace.C at line 96
    Cannot find any patches matching (demote_wall)
Valid names: (wall iris_wall outlet_tm lens_wall ac_inlet ac_inlet_left outlet_tm_left defaultFaces)
    faceSet ac_inlet_faces now size 799
Read set faceSet ac_inlet_faces size:799
    Applying source boxToFace
    Adding faces with centre within boxes 1((0.00692 -0.00366 -1e-05) (0.007 -0.00355 0.001001))
    faceSet ac_inlet_faces now size 1
Created faceSet ac_inlet_left_faces
    Applying source patchToFace
    Adding all faces of patches: (ac_inlet_left) ...
    Found matching patch ac_inlet_left with 5 faces
    faceSet ac_inlet_left_faces now size 5
Read set faceSet ac_inlet_left_faces size:5
    Applying source patchToFace
    Adding all faces of patches: (wall) ...
    Found matching patch wall with 554 faces
    faceSet ac_inlet_left_faces now size 559
Read set faceSet ac_inlet_left_faces size:559
    Applying source patchToFace
    Adding all faces of patches: (iris_wall) ...
    Found matching patch iris_wall with 240 faces
    faceSet ac_inlet_left_faces now size 799
Read set faceSet ac_inlet_left_faces size:799
    Applying source patchToFace
    Adding all faces of patches: (demote_wall) ...
--> FOAM Warning : 
    From Foam::labelHashSet Foam::polyBoundaryMesh::patchSet(const Foam::UList<Foam::wordRe>&, bool, bool) const
    in file meshes/polyMesh/polyBoundaryMesh/polyBoundaryMesh.C at line 1158
    Cannot find any patch names matching demote_wall
--> FOAM Warning : 
    From void Foam::patchToFace::combine(Foam::topoSet&, bool) const
    in file topoSet/faceSources/patchToFace/patchToFace.C at line 96
    Cannot find any patches matching (demote_wall)
Valid names: (wall iris_wall outlet_tm lens_wall ac_inlet ac_inlet_left outlet_tm_left defaultFaces)
    faceSet ac_inlet_left_faces now size 799
Read set faceSet ac_inlet_left_faces size:799
    Applying source boxToFace
    Adding faces with centre within boxes 1((-0.007 -0.00366 -1e-05) (-0.00692 -0.00355 0.001001))
    faceSet ac_inlet_left_faces now size 1
Created faceSet demote_to_wall
    Applying source patchToFace
    Adding all faces of patches: (outlet_tm) ...
    Found matching patch outlet_tm with 6 faces
    faceSet demote_to_wall now size 6
Read set faceSet demote_to_wall size:6
    Applying source patchToFace
    Adding all faces of patches: (outlet_tm_left) ...
    Found matching patch outlet_tm_left with 6 faces
    faceSet demote_to_wall now size 12
Read set faceSet demote_to_wall size:12
    Applying source patchToFace
    Adding all faces of patches: (ac_inlet) ...
    Found matching patch ac_inlet with 5 faces
    faceSet demote_to_wall now size 17
Read set faceSet demote_to_wall size:17
    Applying source patchToFace
    Adding all faces of patches: (ac_inlet_left) ...
    Found matching patch ac_inlet_left with 5 faces
    faceSet demote_to_wall now size 22
Read set faceSet demote_to_wall size:22
    Applying source faceToFace
    Removing all elements of face sets: (outlet_tm_faces)
    faceSet demote_to_wall now size 21
Read set faceSet demote_to_wall size:21
    Applying source faceToFace
    Removing all elements of face sets: (outlet_tm_left_faces)
    faceSet demote_to_wall now size 20
Read set faceSet demote_to_wall size:20
    Applying source faceToFace
    Removing all elements of face sets: (ac_inlet_faces)
    faceSet demote_to_wall now size 19
Read set faceSet demote_to_wall size:19
    Applying source faceToFace
    Removing all elements of face sets: (ac_inlet_left_faces)
    faceSet demote_to_wall now size 18
Time = 76
    mesh not changed.
Created faceSet outlet_tm_faces
    Applying source patchToFace
    Adding all faces of patches: (outlet_tm) ...
    Found matching patch outlet_tm with 6 faces
    faceSet outlet_tm_faces now size 6
Read set faceSet outlet_tm_faces size:6
    Applying source patchToFace
    Adding all faces of patches: (wall) ...
    Found matching patch wall with 554 faces
    faceSet outlet_tm_faces now size 560
Read set faceSet outlet_tm_faces size:560
    Applying source patchToFace
    Adding all faces of patches: (iris_wall) ...
    Found matching patch iris_wall with 240 faces
    faceSet outlet_tm_faces now size 800
Read set faceSet outlet_tm_faces size:800
    Applying source patchToFace
    Adding all faces of patches: (demote_wall) ...
--> FOAM Warning : 
    From Foam::labelHashSet Foam::polyBoundaryMesh::patchSet(const Foam::UList<Foam::wordRe>&, bool, bool) const
    in file meshes/polyMesh/polyBoundaryMesh/polyBoundaryMesh.C at line 1158
    Cannot find any patch names matching demote_wall
--> FOAM Warning : 
    From void Foam::patchToFace::combine(Foam::topoSet&, bool) const
    in file topoSet/faceSources/patchToFace/patchToFace.C at line 96
    Cannot find any patches matching (demote_wall)
Valid names: (wall iris_wall outlet_tm lens_wall ac_inlet ac_inlet_left outlet_tm_left defaultFaces)
    faceSet outlet_tm_faces now size 800
Read set faceSet outlet_tm_faces size:800
    Applying source boxToFace
    Adding faces with centre within boxes 1((0.00682 -0.00462 -1e-05) (0.00692 -0.0045 0.001001))
    faceSet outlet_tm_faces now size 1
Created faceSet outlet_tm_left_faces
    Applying source patchToFace
    Adding all faces of patches: (outlet_tm_left) ...
    Found matching patch outlet_tm_left with 6 faces
    faceSet outlet_tm_left_faces now size 6
Read set faceSet outlet_tm_left_faces size:6
    Applying source patchToFace
    Adding all faces of patches: (wall) ...
    Found matching patch wall with 554 faces
    faceSet outlet_tm_left_faces now size 560
Read set faceSet outlet_tm_left_faces size:560
    Applying source patchToFace
    Adding all faces of patches: (iris_wall) ...
    Found matching patch iris_wall with 240 faces
    faceSet outlet_tm_left_faces now size 800
Read set faceSet outlet_tm_left_faces size:800
    Applying source patchToFace
    Adding all faces of patches: (demote_wall) ...
--> FOAM Warning : 
    From Foam::labelHashSet Foam::polyBoundaryMesh::patchSet(const Foam::UList<Foam::wordRe>&, bool, bool) const
    in file meshes/polyMesh/polyBoundaryMesh/polyBoundaryMesh.C at line 1158
    Cannot find any patch names matching demote_wall
--> FOAM Warning : 
    From void Foam::patchToFace::combine(Foam::topoSet&, bool) const
    in file topoSet/faceSources/patchToFace/patchToFace.C at line 96
    Cannot find any patches matching (demote_wall)
Valid names: (wall iris_wall outlet_tm lens_wall ac_inlet ac_inlet_left outlet_tm_left defaultFaces)
    faceSet outlet_tm_left_faces now size 800
Read set faceSet outlet_tm_left_faces size:800
    Applying source boxToFace
    Adding faces with centre within boxes 1((-0.00692 -0.00462 -1e-05) (-0.00682 -0.0045 0.001001))
    faceSet outlet_tm_left_faces now size 1
Created faceSet ac_inlet_faces
    Applying source patchToFace
    Adding all faces of patches: (ac_inlet) ...
    Found matching patch ac_inlet with 5 faces
    faceSet ac_inlet_faces now size 5
Read set faceSet ac_inlet_faces size:5
    Applying source patchToFace
    Adding all faces of patches: (wall) ...
    Found matching patch wall with 554 faces
    faceSet ac_inlet_faces now size 559
Read set faceSet ac_inlet_faces size:559
    Applying source patchToFace
    Adding all faces of patches: (iris_wall) ...
    Found matching patch iris_wall with 240 faces
    faceSet ac_inlet_faces now size 799
Read set faceSet ac_inlet_faces size:799
    Applying source patchToFace
    Adding all faces of patches: (demote_wall) ...
--> FOAM Warning : 
    From Foam::labelHashSet Foam::polyBoundaryMesh::patchSet(const Foam::UList<Foam::wordRe>&, bool, bool) const
    in file meshes/polyMesh/polyBoundaryMesh/polyBoundaryMesh.C at line 1158
    Cannot find any patch names matching demote_wall
--> FOAM Warning : 
    From void Foam::patchToFace::combine(Foam::topoSet&, bool) const
    in file topoSet/faceSources/patchToFace/patchToFace.C at line 96
    Cannot find any patches matching (demote_wall)
Valid names: (wall iris_wall outlet_tm lens_wall ac_inlet ac_inlet_left outlet_tm_left defaultFaces)
    faceSet ac_inlet_faces now size 799
Read set faceSet ac_inlet_faces size:799
    Applying source boxToFace
    Adding faces with centre within boxes 1((0.00692 -0.00366 -1e-05) (0.007 -0.00355 0.001001))
    faceSet ac_inlet_faces now size 1
Created faceSet ac_inlet_left_faces
    Applying source patchToFace
    Adding all faces of patches: (ac_inlet_left) ...
    Found matching patch ac_inlet_left with 5 faces
    faceSet ac_inlet_left_faces now size 5
Read set faceSet ac_inlet_left_faces size:5
    Applying source patchToFace
    Adding all faces of patches: (wall) ...
    Found matching patch wall with 554 faces
    faceSet ac_inlet_left_faces now size 559
Read set faceSet ac_inlet_left_faces size:559
    Applying source patchToFace
    Adding all faces of patches: (iris_wall) ...
    Found matching patch iris_wall with 240 faces
    faceSet ac_inlet_left_faces now size 799
Read set faceSet ac_inlet_left_faces size:799
    Applying source patchToFace
    Adding all faces of patches: (demote_wall) ...
--> FOAM Warning : 
    From Foam::labelHashSet Foam::polyBoundaryMesh::patchSet(const Foam::UList<Foam::wordRe>&, bool, bool) const
    in file meshes/polyMesh/polyBoundaryMesh/polyBoundaryMesh.C at line 1158
    Cannot find any patch names matching demote_wall
--> FOAM Warning : 
    From void Foam::patchToFace::combine(Foam::topoSet&, bool) const
    in file topoSet/faceSources/patchToFace/patchToFace.C at line 96
    Cannot find any patches matching (demote_wall)
Valid names: (wall iris_wall outlet_tm lens_wall ac_inlet ac_inlet_left outlet_tm_left defaultFaces)
    faceSet ac_inlet_left_faces now size 799
Read set faceSet ac_inlet_left_faces size:799
    Applying source boxToFace
    Adding faces with centre within boxes 1((-0.007 -0.00366 -1e-05) (-0.00692 -0.00355 0.001001))
    faceSet ac_inlet_left_faces now size 1
Created faceSet demote_to_wall
    Applying source patchToFace
    Adding all faces of patches: (outlet_tm) ...
    Found matching patch outlet_tm with 6 faces
    faceSet demote_to_wall now size 6
Read set faceSet demote_to_wall size:6
    Applying source patchToFace
    Adding all faces of patches: (outlet_tm_left) ...
    Found matching patch outlet_tm_left with 6 faces
    faceSet demote_to_wall now size 12
Read set faceSet demote_to_wall size:12
    Applying source patchToFace
    Adding all faces of patches: (ac_inlet) ...
    Found matching patch ac_inlet with 5 faces
    faceSet demote_to_wall now size 17
Read set faceSet demote_to_wall size:17
    Applying source patchToFace
    Adding all faces of patches: (ac_inlet_left) ...
    Found matching patch ac_inlet_left with 5 faces
    faceSet demote_to_wall now size 22
Read set faceSet demote_to_wall size:22
    Applying source faceToFace
    Removing all elements of face sets: (outlet_tm_faces)
    faceSet demote_to_wall now size 21
Read set faceSet demote_to_wall size:21
    Applying source faceToFace
    Removing all elements of face sets: (outlet_tm_left_faces)
    faceSet demote_to_wall now size 20
Read set faceSet demote_to_wall size:20
    Applying source faceToFace
    Removing all elements of face sets: (ac_inlet_faces)
    faceSet demote_to_wall now size 19
Read set faceSet demote_to_wall size:19
    Applying source faceToFace
    Removing all elements of face sets: (ac_inlet_left_faces)
    faceSet demote_to_wall now size 18
Time = 90
    mesh not changed.
Created faceSet outlet_tm_faces
    Applying source patchToFace
    Adding all faces of patches: (outlet_tm) ...
    Found matching patch outlet_tm with 6 faces
    faceSet outlet_tm_faces now size 6
Read set faceSet outlet_tm_faces size:6
    Applying source patchToFace
    Adding all faces of patches: (wall) ...
    Found matching patch wall with 554 faces
    faceSet outlet_tm_faces now size 560
Read set faceSet outlet_tm_faces size:560
    Applying source patchToFace
    Adding all faces of patches: (iris_wall) ...
    Found matching patch iris_wall with 240 faces
    faceSet outlet_tm_faces now size 800
Read set faceSet outlet_tm_faces size:800
    Applying source patchToFace
    Adding all faces of patches: (demote_wall) ...
--> FOAM Warning : 
    From Foam::labelHashSet Foam::polyBoundaryMesh::patchSet(const Foam::UList<Foam::wordRe>&, bool, bool) const
    in file meshes/polyMesh/polyBoundaryMesh/polyBoundaryMesh.C at line 1158
    Cannot find any patch names matching demote_wall
--> FOAM Warning : 
    From void Foam::patchToFace::combine(Foam::topoSet&, bool) const
    in file topoSet/faceSources/patchToFace/patchToFace.C at line 96
    Cannot find any patches matching (demote_wall)
Valid names: (wall iris_wall outlet_tm lens_wall ac_inlet ac_inlet_left outlet_tm_left defaultFaces)
    faceSet outlet_tm_faces now size 800
Read set faceSet outlet_tm_faces size:800
    Applying source boxToFace
    Adding faces with centre within boxes 1((0.00682 -0.00462 -1e-05) (0.00692 -0.0045 0.001001))
    faceSet outlet_tm_faces now size 1
Created faceSet outlet_tm_left_faces
    Applying source patchToFace
    Adding all faces of patches: (outlet_tm_left) ...
    Found matching patch outlet_tm_left with 6 faces
    faceSet outlet_tm_left_faces now size 6
Read set faceSet outlet_tm_left_faces size:6
    Applying source patchToFace
    Adding all faces of patches: (wall) ...
    Found matching patch wall with 554 faces
    faceSet outlet_tm_left_faces now size 560
Read set faceSet outlet_tm_left_faces size:560
    Applying source patchToFace
    Adding all faces of patches: (iris_wall) ...
    Found matching patch iris_wall with 240 faces
    faceSet outlet_tm_left_faces now size 800
Read set faceSet outlet_tm_left_faces size:800
    Applying source patchToFace
    Adding all faces of patches: (demote_wall) ...
--> FOAM Warning : 
    From Foam::labelHashSet Foam::polyBoundaryMesh::patchSet(const Foam::UList<Foam::wordRe>&, bool, bool) const
    in file meshes/polyMesh/polyBoundaryMesh/polyBoundaryMesh.C at line 1158
    Cannot find any patch names matching demote_wall
--> FOAM Warning : 
    From void Foam::patchToFace::combine(Foam::topoSet&, bool) const
    in file topoSet/faceSources/patchToFace/patchToFace.C at line 96
    Cannot find any patches matching (demote_wall)
Valid names: (wall iris_wall outlet_tm lens_wall ac_inlet ac_inlet_left outlet_tm_left defaultFaces)
    faceSet outlet_tm_left_faces now size 800
Read set faceSet outlet_tm_left_faces size:800
    Applying source boxToFace
    Adding faces with centre within boxes 1((-0.00692 -0.00462 -1e-05) (-0.00682 -0.0045 0.001001))
    faceSet outlet_tm_left_faces now size 1
Created faceSet ac_inlet_faces
    Applying source patchToFace
    Adding all faces of patches: (ac_inlet) ...
    Found matching patch ac_inlet with 5 faces
    faceSet ac_inlet_faces now size 5
Read set faceSet ac_inlet_faces size:5
    Applying source patchToFace
    Adding all faces of patches: (wall) ...
    Found matching patch wall with 554 faces
    faceSet ac_inlet_faces now size 559
Read set faceSet ac_inlet_faces size:559
    Applying source patchToFace
    Adding all faces of patches: (iris_wall) ...
    Found matching patch iris_wall with 240 faces
    faceSet ac_inlet_faces now size 799
Read set faceSet ac_inlet_faces size:799
    Applying source patchToFace
    Adding all faces of patches: (demote_wall) ...
--> FOAM Warning : 
    From Foam::labelHashSet Foam::polyBoundaryMesh::patchSet(const Foam::UList<Foam::wordRe>&, bool, bool) const
    in file meshes/polyMesh/polyBoundaryMesh/polyBoundaryMesh.C at line 1158
    Cannot find any patch names matching demote_wall
--> FOAM Warning : 
    From void Foam::patchToFace::combine(Foam::topoSet&, bool) const
    in file topoSet/faceSources/patchToFace/patchToFace.C at line 96
    Cannot find any patches matching (demote_wall)
Valid names: (wall iris_wall outlet_tm lens_wall ac_inlet ac_inlet_left outlet_tm_left defaultFaces)
    faceSet ac_inlet_faces now size 799
Read set faceSet ac_inlet_faces size:799
    Applying source boxToFace
    Adding faces with centre within boxes 1((0.00692 -0.00366 -1e-05) (0.007 -0.00355 0.001001))
    faceSet ac_inlet_faces now size 1
Created faceSet ac_inlet_left_faces
    Applying source patchToFace
    Adding all faces of patches: (ac_inlet_left) ...
    Found matching patch ac_inlet_left with 5 faces
    faceSet ac_inlet_left_faces now size 5
Read set faceSet ac_inlet_left_faces size:5
    Applying source patchToFace
    Adding all faces of patches: (wall) ...
    Found matching patch wall with 554 faces
    faceSet ac_inlet_left_faces now size 559
Read set faceSet ac_inlet_left_faces size:559
    Applying source patchToFace
    Adding all faces of patches: (iris_wall) ...
    Found matching patch iris_wall with 240 faces
    faceSet ac_inlet_left_faces now size 799
Read set faceSet ac_inlet_left_faces size:799
    Applying source patchToFace
    Adding all faces of patches: (demote_wall) ...
--> FOAM Warning : 
    From Foam::labelHashSet Foam::polyBoundaryMesh::patchSet(const Foam::UList<Foam::wordRe>&, bool, bool) const
    in file meshes/polyMesh/polyBoundaryMesh/polyBoundaryMesh.C at line 1158
    Cannot find any patch names matching demote_wall
--> FOAM Warning : 
    From void Foam::patchToFace::combine(Foam::topoSet&, bool) const
    in file topoSet/faceSources/patchToFace/patchToFace.C at line 96
    Cannot find any patches matching (demote_wall)
Valid names: (wall iris_wall outlet_tm lens_wall ac_inlet ac_inlet_left outlet_tm_left defaultFaces)
    faceSet ac_inlet_left_faces now size 799
Read set faceSet ac_inlet_left_faces size:799
    Applying source boxToFace
    Adding faces with centre within boxes 1((-0.007 -0.00366 -1e-05) (-0.00692 -0.00355 0.001001))
    faceSet ac_inlet_left_faces now size 1
Created faceSet demote_to_wall
    Applying source patchToFace
    Adding all faces of patches: (outlet_tm) ...
    Found matching patch outlet_tm with 6 faces
    faceSet demote_to_wall now size 6
Read set faceSet demote_to_wall size:6
    Applying source patchToFace
    Adding all faces of patches: (outlet_tm_left) ...
    Found matching patch outlet_tm_left with 6 faces
    faceSet demote_to_wall now size 12
Read set faceSet demote_to_wall size:12
    Applying source patchToFace
    Adding all faces of patches: (ac_inlet) ...
    Found matching patch ac_inlet with 5 faces
    faceSet demote_to_wall now size 17
Read set faceSet demote_to_wall size:17
    Applying source patchToFace
    Adding all faces of patches: (ac_inlet_left) ...
    Found matching patch ac_inlet_left with 5 faces
    faceSet demote_to_wall now size 22
Read set faceSet demote_to_wall size:22
    Applying source faceToFace
    Removing all elements of face sets: (outlet_tm_faces)
    faceSet demote_to_wall now size 21
Read set faceSet demote_to_wall size:21
    Applying source faceToFace
    Removing all elements of face sets: (outlet_tm_left_faces)
    faceSet demote_to_wall now size 20
Read set faceSet demote_to_wall size:20
    Applying source faceToFace
    Removing all elements of face sets: (ac_inlet_faces)
    faceSet demote_to_wall now size 19
Read set faceSet demote_to_wall size:19
    Applying source faceToFace
    Removing all elements of face sets: (ac_inlet_left_faces)
    faceSet demote_to_wall now size 18
Time = 98
    mesh not changed.
Created faceSet outlet_tm_faces
    Applying source patchToFace
    Adding all faces of patches: (outlet_tm) ...
    Found matching patch outlet_tm with 6 faces
    faceSet outlet_tm_faces now size 6
Read set faceSet outlet_tm_faces size:6
    Applying source patchToFace
    Adding all faces of patches: (wall) ...
    Found matching patch wall with 554 faces
    faceSet outlet_tm_faces now size 560
Read set faceSet outlet_tm_faces size:560
    Applying source patchToFace
    Adding all faces of patches: (iris_wall) ...
    Found matching patch iris_wall with 240 faces
    faceSet outlet_tm_faces now size 800
Read set faceSet outlet_tm_faces size:800
    Applying source patchToFace
    Adding all faces of patches: (demote_wall) ...
--> FOAM Warning : 
    From Foam::labelHashSet Foam::polyBoundaryMesh::patchSet(const Foam::UList<Foam::wordRe>&, bool, bool) const
    in file meshes/polyMesh/polyBoundaryMesh/polyBoundaryMesh.C at line 1158
    Cannot find any patch names matching demote_wall
--> FOAM Warning : 
    From void Foam::patchToFace::combine(Foam::topoSet&, bool) const
    in file topoSet/faceSources/patchToFace/patchToFace.C at line 96
    Cannot find any patches matching (demote_wall)
Valid names: (wall iris_wall outlet_tm lens_wall ac_inlet ac_inlet_left outlet_tm_left defaultFaces)
    faceSet outlet_tm_faces now size 800
Read set faceSet outlet_tm_faces size:800
    Applying source boxToFace
    Adding faces with centre within boxes 1((0.00682 -0.00462 -1e-05) (0.00692 -0.0045 0.001001))
    faceSet outlet_tm_faces now size 1
Created faceSet outlet_tm_left_faces
    Applying source patchToFace
    Adding all faces of patches: (outlet_tm_left) ...
    Found matching patch outlet_tm_left with 6 faces
    faceSet outlet_tm_left_faces now size 6
Read set faceSet outlet_tm_left_faces size:6
    Applying source patchToFace
    Adding all faces of patches: (wall) ...
    Found matching patch wall with 554 faces
    faceSet outlet_tm_left_faces now size 560
Read set faceSet outlet_tm_left_faces size:560
    Applying source patchToFace
    Adding all faces of patches: (iris_wall) ...
    Found matching patch iris_wall with 240 faces
    faceSet outlet_tm_left_faces now size 800
Read set faceSet outlet_tm_left_faces size:800
    Applying source patchToFace
    Adding all faces of patches: (demote_wall) ...
--> FOAM Warning : 
    From Foam::labelHashSet Foam::polyBoundaryMesh::patchSet(const Foam::UList<Foam::wordRe>&, bool, bool) const
    in file meshes/polyMesh/polyBoundaryMesh/polyBoundaryMesh.C at line 1158
    Cannot find any patch names matching demote_wall
--> FOAM Warning : 
    From void Foam::patchToFace::combine(Foam::topoSet&, bool) const
    in file topoSet/faceSources/patchToFace/patchToFace.C at line 96
    Cannot find any patches matching (demote_wall)
Valid names: (wall iris_wall outlet_tm lens_wall ac_inlet ac_inlet_left outlet_tm_left defaultFaces)
    faceSet outlet_tm_left_faces now size 800
Read set faceSet outlet_tm_left_faces size:800
    Applying source boxToFace
    Adding faces with centre within boxes 1((-0.00692 -0.00462 -1e-05) (-0.00682 -0.0045 0.001001))
    faceSet outlet_tm_left_faces now size 1
Created faceSet ac_inlet_faces
    Applying source patchToFace
    Adding all faces of patches: (ac_inlet) ...
    Found matching patch ac_inlet with 5 faces
    faceSet ac_inlet_faces now size 5
Read set faceSet ac_inlet_faces size:5
    Applying source patchToFace
    Adding all faces of patches: (wall) ...
    Found matching patch wall with 554 faces
    faceSet ac_inlet_faces now size 559
Read set faceSet ac_inlet_faces size:559
    Applying source patchToFace
    Adding all faces of patches: (iris_wall) ...
    Found matching patch iris_wall with 240 faces
    faceSet ac_inlet_faces now size 799
Read set faceSet ac_inlet_faces size:799
    Applying source patchToFace
    Adding all faces of patches: (demote_wall) ...
--> FOAM Warning : 
    From Foam::labelHashSet Foam::polyBoundaryMesh::patchSet(const Foam::UList<Foam::wordRe>&, bool, bool) const
    in file meshes/polyMesh/polyBoundaryMesh/polyBoundaryMesh.C at line 1158
    Cannot find any patch names matching demote_wall
--> FOAM Warning : 
    From void Foam::patchToFace::combine(Foam::topoSet&, bool) const
    in file topoSet/faceSources/patchToFace/patchToFace.C at line 96
    Cannot find any patches matching (demote_wall)
Valid names: (wall iris_wall outlet_tm lens_wall ac_inlet ac_inlet_left outlet_tm_left defaultFaces)
    faceSet ac_inlet_faces now size 799
Read set faceSet ac_inlet_faces size:799
    Applying source boxToFace
    Adding faces with centre within boxes 1((0.00692 -0.00366 -1e-05) (0.007 -0.00355 0.001001))
    faceSet ac_inlet_faces now size 1
Created faceSet ac_inlet_left_faces
    Applying source patchToFace
    Adding all faces of patches: (ac_inlet_left) ...
    Found matching patch ac_inlet_left with 5 faces
    faceSet ac_inlet_left_faces now size 5
Read set faceSet ac_inlet_left_faces size:5
    Applying source patchToFace
    Adding all faces of patches: (wall) ...
    Found matching patch wall with 554 faces
    faceSet ac_inlet_left_faces now size 559
Read set faceSet ac_inlet_left_faces size:559
    Applying source patchToFace
    Adding all faces of patches: (iris_wall) ...
    Found matching patch iris_wall with 240 faces
    faceSet ac_inlet_left_faces now size 799
Read set faceSet ac_inlet_left_faces size:799
    Applying source patchToFace
    Adding all faces of patches: (demote_wall) ...
--> FOAM Warning : 
    From Foam::labelHashSet Foam::polyBoundaryMesh::patchSet(const Foam::UList<Foam::wordRe>&, bool, bool) const
    in file meshes/polyMesh/polyBoundaryMesh/polyBoundaryMesh.C at line 1158
    Cannot find any patch names matching demote_wall
--> FOAM Warning : 
    From void Foam::patchToFace::combine(Foam::topoSet&, bool) const
    in file topoSet/faceSources/patchToFace/patchToFace.C at line 96
    Cannot find any patches matching (demote_wall)
Valid names: (wall iris_wall outlet_tm lens_wall ac_inlet ac_inlet_left outlet_tm_left defaultFaces)
    faceSet ac_inlet_left_faces now size 799
Read set faceSet ac_inlet_left_faces size:799
    Applying source boxToFace
    Adding faces with centre within boxes 1((-0.007 -0.00366 -1e-05) (-0.00692 -0.00355 0.001001))
    faceSet ac_inlet_left_faces now size 1
Created faceSet demote_to_wall
    Applying source patchToFace
    Adding all faces of patches: (outlet_tm) ...
    Found matching patch outlet_tm with 6 faces
    faceSet demote_to_wall now size 6
Read set faceSet demote_to_wall size:6
    Applying source patchToFace
    Adding all faces of patches: (outlet_tm_left) ...
    Found matching patch outlet_tm_left with 6 faces
    faceSet demote_to_wall now size 12
Read set faceSet demote_to_wall size:12
    Applying source patchToFace
    Adding all faces of patches: (ac_inlet) ...
    Found matching patch ac_inlet with 5 faces
    faceSet demote_to_wall now size 17
Read set faceSet demote_to_wall size:17
    Applying source patchToFace
    Adding all faces of patches: (ac_inlet_left) ...
    Found matching patch ac_inlet_left with 5 faces
    faceSet demote_to_wall now size 22
Read set faceSet demote_to_wall size:22
    Applying source faceToFace
    Removing all elements of face sets: (outlet_tm_faces)
    faceSet demote_to_wall now size 21
Read set faceSet demote_to_wall size:21
    Applying source faceToFace
    Removing all elements of face sets: (outlet_tm_left_faces)
    faceSet demote_to_wall now size 20
Read set faceSet demote_to_wall size:20
    Applying source faceToFace
    Removing all elements of face sets: (ac_inlet_faces)
    faceSet demote_to_wall now size 19
Read set faceSet demote_to_wall size:19
    Applying source faceToFace
    Removing all elements of face sets: (ac_inlet_left_faces)
    faceSet demote_to_wall now size 18
Time = 100
    mesh not changed.
Created faceSet outlet_tm_faces
    Applying source patchToFace
    Adding all faces of patches: (outlet_tm) ...
    Found matching patch outlet_tm with 6 faces
    faceSet outlet_tm_faces now size 6
Read set faceSet outlet_tm_faces size:6
    Applying source patchToFace
    Adding all faces of patches: (wall) ...
    Found matching patch wall with 554 faces
    faceSet outlet_tm_faces now size 560
Read set faceSet outlet_tm_faces size:560
    Applying source patchToFace
    Adding all faces of patches: (iris_wall) ...
    Found matching patch iris_wall with 240 faces
    faceSet outlet_tm_faces now size 800
Read set faceSet outlet_tm_faces size:800
    Applying source patchToFace
    Adding all faces of patches: (demote_wall) ...
--> FOAM Warning : 
    From Foam::labelHashSet Foam::polyBoundaryMesh::patchSet(const Foam::UList<Foam::wordRe>&, bool, bool) const
    in file meshes/polyMesh/polyBoundaryMesh/polyBoundaryMesh.C at line 1158
    Cannot find any patch names matching demote_wall
--> FOAM Warning : 
    From void Foam::patchToFace::combine(Foam::topoSet&, bool) const
    in file topoSet/faceSources/patchToFace/patchToFace.C at line 96
    Cannot find any patches matching (demote_wall)
Valid names: (wall iris_wall outlet_tm lens_wall ac_inlet ac_inlet_left outlet_tm_left defaultFaces)
    faceSet outlet_tm_faces now size 800
Read set faceSet outlet_tm_faces size:800
    Applying source boxToFace
    Adding faces with centre within boxes 1((0.00682 -0.00462 -1e-05) (0.00692 -0.0045 0.001001))
    faceSet outlet_tm_faces now size 1
Created faceSet outlet_tm_left_faces
    Applying source patchToFace
    Adding all faces of patches: (outlet_tm_left) ...
    Found matching patch outlet_tm_left with 6 faces
    faceSet outlet_tm_left_faces now size 6
Read set faceSet outlet_tm_left_faces size:6
    Applying source patchToFace
    Adding all faces of patches: (wall) ...
    Found matching patch wall with 554 faces
    faceSet outlet_tm_left_faces now size 560
Read set faceSet outlet_tm_left_faces size:560
    Applying source patchToFace
    Adding all faces of patches: (iris_wall) ...
    Found matching patch iris_wall with 240 faces
    faceSet outlet_tm_left_faces now size 800
Read set faceSet outlet_tm_left_faces size:800
    Applying source patchToFace
    Adding all faces of patches: (demote_wall) ...
--> FOAM Warning : 
    From Foam::labelHashSet Foam::polyBoundaryMesh::patchSet(const Foam::UList<Foam::wordRe>&, bool, bool) const
    in file meshes/polyMesh/polyBoundaryMesh/polyBoundaryMesh.C at line 1158
    Cannot find any patch names matching demote_wall
--> FOAM Warning : 
    From void Foam::patchToFace::combine(Foam::topoSet&, bool) const
    in file topoSet/faceSources/patchToFace/patchToFace.C at line 96
    Cannot find any patches matching (demote_wall)
Valid names: (wall iris_wall outlet_tm lens_wall ac_inlet ac_inlet_left outlet_tm_left defaultFaces)
    faceSet outlet_tm_left_faces now size 800
Read set faceSet outlet_tm_left_faces size:800
    Applying source boxToFace
    Adding faces with centre within boxes 1((-0.00692 -0.00462 -1e-05) (-0.00682 -0.0045 0.001001))
    faceSet outlet_tm_left_faces now size 1
Created faceSet ac_inlet_faces
    Applying source patchToFace
    Adding all faces of patches: (ac_inlet) ...
    Found matching patch ac_inlet with 5 faces
    faceSet ac_inlet_faces now size 5
Read set faceSet ac_inlet_faces size:5
    Applying source patchToFace
    Adding all faces of patches: (wall) ...
    Found matching patch wall with 554 faces
    faceSet ac_inlet_faces now size 559
Read set faceSet ac_inlet_faces size:559
    Applying source patchToFace
    Adding all faces of patches: (iris_wall) ...
    Found matching patch iris_wall with 240 faces
    faceSet ac_inlet_faces now size 799
Read set faceSet ac_inlet_faces size:799
    Applying source patchToFace
    Adding all faces of patches: (demote_wall) ...
--> FOAM Warning : 
    From Foam::labelHashSet Foam::polyBoundaryMesh::patchSet(const Foam::UList<Foam::wordRe>&, bool, bool) const
    in file meshes/polyMesh/polyBoundaryMesh/polyBoundaryMesh.C at line 1158
    Cannot find any patch names matching demote_wall
--> FOAM Warning : 
    From void Foam::patchToFace::combine(Foam::topoSet&, bool) const
    in file topoSet/faceSources/patchToFace/patchToFace.C at line 96
    Cannot find any patches matching (demote_wall)
Valid names: (wall iris_wall outlet_tm lens_wall ac_inlet ac_inlet_left outlet_tm_left defaultFaces)
    faceSet ac_inlet_faces now size 799
Read set faceSet ac_inlet_faces size:799
    Applying source boxToFace
    Adding faces with centre within boxes 1((0.00692 -0.00366 -1e-05) (0.007 -0.00355 0.001001))
    faceSet ac_inlet_faces now size 1
Created faceSet ac_inlet_left_faces
    Applying source patchToFace
    Adding all faces of patches: (ac_inlet_left) ...
    Found matching patch ac_inlet_left with 5 faces
    faceSet ac_inlet_left_faces now size 5
Read set faceSet ac_inlet_left_faces size:5
    Applying source patchToFace
    Adding all faces of patches: (wall) ...
    Found matching patch wall with 554 faces
    faceSet ac_inlet_left_faces now size 559
Read set faceSet ac_inlet_left_faces size:559
    Applying source patchToFace
    Adding all faces of patches: (iris_wall) ...
    Found matching patch iris_wall with 240 faces
    faceSet ac_inlet_left_faces now size 799
Read set faceSet ac_inlet_left_faces size:799
    Applying source patchToFace
    Adding all faces of patches: (demote_wall) ...
--> FOAM Warning : 
    From Foam::labelHashSet Foam::polyBoundaryMesh::patchSet(const Foam::UList<Foam::wordRe>&, bool, bool) const
    in file meshes/polyMesh/polyBoundaryMesh/polyBoundaryMesh.C at line 1158
    Cannot find any patch names matching demote_wall
--> FOAM Warning : 
    From void Foam::patchToFace::combine(Foam::topoSet&, bool) const
    in file topoSet/faceSources/patchToFace/patchToFace.C at line 96
    Cannot find any patches matching (demote_wall)
Valid names: (wall iris_wall outlet_tm lens_wall ac_inlet ac_inlet_left outlet_tm_left defaultFaces)
    faceSet ac_inlet_left_faces now size 799
Read set faceSet ac_inlet_left_faces size:799
    Applying source boxToFace
    Adding faces with centre within boxes 1((-0.007 -0.00366 -1e-05) (-0.00692 -0.00355 0.001001))
    faceSet ac_inlet_left_faces now size 1
Created faceSet demote_to_wall
    Applying source patchToFace
    Adding all faces of patches: (outlet_tm) ...
    Found matching patch outlet_tm with 6 faces
    faceSet demote_to_wall now size 6
Read set faceSet demote_to_wall size:6
    Applying source patchToFace
    Adding all faces of patches: (outlet_tm_left) ...
    Found matching patch outlet_tm_left with 6 faces
    faceSet demote_to_wall now size 12
Read set faceSet demote_to_wall size:12
    Applying source patchToFace
    Adding all faces of patches: (ac_inlet) ...
    Found matching patch ac_inlet with 5 faces
    faceSet demote_to_wall now size 17
Read set faceSet demote_to_wall size:17
    Applying source patchToFace
    Adding all faces of patches: (ac_inlet_left) ...
    Found matching patch ac_inlet_left with 5 faces
    faceSet demote_to_wall now size 22
Read set faceSet demote_to_wall size:22
    Applying source faceToFace
    Removing all elements of face sets: (outlet_tm_faces)
    faceSet demote_to_wall now size 21
Read set faceSet demote_to_wall size:21
    Applying source faceToFace
    Removing all elements of face sets: (outlet_tm_left_faces)
    faceSet demote_to_wall now size 20
Read set faceSet demote_to_wall size:20
    Applying source faceToFace
    Removing all elements of face sets: (ac_inlet_faces)
    faceSet demote_to_wall now size 19
Read set faceSet demote_to_wall size:19
    Applying source faceToFace
    Removing all elements of face sets: (ac_inlet_left_faces)
    faceSet demote_to_wall now size 18
Time = 107
    mesh not changed.
Created faceSet outlet_tm_faces
    Applying source patchToFace
    Adding all faces of patches: (outlet_tm) ...
    Found matching patch outlet_tm with 6 faces
    faceSet outlet_tm_faces now size 6
Read set faceSet outlet_tm_faces size:6
    Applying source patchToFace
    Adding all faces of patches: (wall) ...
    Found matching patch wall with 554 faces
    faceSet outlet_tm_faces now size 560
Read set faceSet outlet_tm_faces size:560
    Applying source patchToFace
    Adding all faces of patches: (iris_wall) ...
    Found matching patch iris_wall with 240 faces
    faceSet outlet_tm_faces now size 800
Read set faceSet outlet_tm_faces size:800
    Applying source patchToFace
    Adding all faces of patches: (demote_wall) ...
--> FOAM Warning : 
    From Foam::labelHashSet Foam::polyBoundaryMesh::patchSet(const Foam::UList<Foam::wordRe>&, bool, bool) const
    in file meshes/polyMesh/polyBoundaryMesh/polyBoundaryMesh.C at line 1158
    Cannot find any patch names matching demote_wall
--> FOAM Warning : 
    From void Foam::patchToFace::combine(Foam::topoSet&, bool) const
    in file topoSet/faceSources/patchToFace/patchToFace.C at line 96
    Cannot find any patches matching (demote_wall)
Valid names: (wall iris_wall outlet_tm lens_wall ac_inlet ac_inlet_left outlet_tm_left defaultFaces)
    faceSet outlet_tm_faces now size 800
Read set faceSet outlet_tm_faces size:800
    Applying source boxToFace
    Adding faces with centre within boxes 1((0.00682 -0.00462 -1e-05) (0.00692 -0.0045 0.001001))
    faceSet outlet_tm_faces now size 1
Created faceSet outlet_tm_left_faces
    Applying source patchToFace
    Adding all faces of patches: (outlet_tm_left) ...
    Found matching patch outlet_tm_left with 6 faces
    faceSet outlet_tm_left_faces now size 6
Read set faceSet outlet_tm_left_faces size:6
    Applying source patchToFace
    Adding all faces of patches: (wall) ...
    Found matching patch wall with 554 faces
    faceSet outlet_tm_left_faces now size 560
Read set faceSet outlet_tm_left_faces size:560
    Applying source patchToFace
    Adding all faces of patches: (iris_wall) ...
    Found matching patch iris_wall with 240 faces
    faceSet outlet_tm_left_faces now size 800
Read set faceSet outlet_tm_left_faces size:800
    Applying source patchToFace
    Adding all faces of patches: (demote_wall) ...
--> FOAM Warning : 
    From Foam::labelHashSet Foam::polyBoundaryMesh::patchSet(const Foam::UList<Foam::wordRe>&, bool, bool) const
    in file meshes/polyMesh/polyBoundaryMesh/polyBoundaryMesh.C at line 1158
    Cannot find any patch names matching demote_wall
--> FOAM Warning : 
    From void Foam::patchToFace::combine(Foam::topoSet&, bool) const
    in file topoSet/faceSources/patchToFace/patchToFace.C at line 96
    Cannot find any patches matching (demote_wall)
Valid names: (wall iris_wall outlet_tm lens_wall ac_inlet ac_inlet_left outlet_tm_left defaultFaces)
    faceSet outlet_tm_left_faces now size 800
Read set faceSet outlet_tm_left_faces size:800
    Applying source boxToFace
    Adding faces with centre within boxes 1((-0.00692 -0.00462 -1e-05) (-0.00682 -0.0045 0.001001))
    faceSet outlet_tm_left_faces now size 1
Created faceSet ac_inlet_faces
    Applying source patchToFace
    Adding all faces of patches: (ac_inlet) ...
    Found matching patch ac_inlet with 5 faces
    faceSet ac_inlet_faces now size 5
Read set faceSet ac_inlet_faces size:5
    Applying source patchToFace
    Adding all faces of patches: (wall) ...
    Found matching patch wall with 554 faces
    faceSet ac_inlet_faces now size 559
Read set faceSet ac_inlet_faces size:559
    Applying source patchToFace
    Adding all faces of patches: (iris_wall) ...
    Found matching patch iris_wall with 240 faces
    faceSet ac_inlet_faces now size 799
Read set faceSet ac_inlet_faces size:799
    Applying source patchToFace
    Adding all faces of patches: (demote_wall) ...
--> FOAM Warning : 
    From Foam::labelHashSet Foam::polyBoundaryMesh::patchSet(const Foam::UList<Foam::wordRe>&, bool, bool) const
    in file meshes/polyMesh/polyBoundaryMesh/polyBoundaryMesh.C at line 1158
    Cannot find any patch names matching demote_wall
--> FOAM Warning : 
    From void Foam::patchToFace::combine(Foam::topoSet&, bool) const
    in file topoSet/faceSources/patchToFace/patchToFace.C at line 96
    Cannot find any patches matching (demote_wall)
Valid names: (wall iris_wall outlet_tm lens_wall ac_inlet ac_inlet_left outlet_tm_left defaultFaces)
    faceSet ac_inlet_faces now size 799
Read set faceSet ac_inlet_faces size:799
    Applying source boxToFace
    Adding faces with centre within boxes 1((0.00692 -0.00366 -1e-05) (0.007 -0.00355 0.001001))
    faceSet ac_inlet_faces now size 1
Created faceSet ac_inlet_left_faces
    Applying source patchToFace
    Adding all faces of patches: (ac_inlet_left) ...
    Found matching patch ac_inlet_left with 5 faces
    faceSet ac_inlet_left_faces now size 5
Read set faceSet ac_inlet_left_faces size:5
    Applying source patchToFace
    Adding all faces of patches: (wall) ...
    Found matching patch wall with 554 faces
    faceSet ac_inlet_left_faces now size 559
Read set faceSet ac_inlet_left_faces size:559
    Applying source patchToFace
    Adding all faces of patches: (iris_wall) ...
    Found matching patch iris_wall with 240 faces
    faceSet ac_inlet_left_faces now size 799
Read set faceSet ac_inlet_left_faces size:799
    Applying source patchToFace
    Adding all faces of patches: (demote_wall) ...
--> FOAM Warning : 
    From Foam::labelHashSet Foam::polyBoundaryMesh::patchSet(const Foam::UList<Foam::wordRe>&, bool, bool) const
    in file meshes/polyMesh/polyBoundaryMesh/polyBoundaryMesh.C at line 1158
    Cannot find any patch names matching demote_wall
--> FOAM Warning : 
    From void Foam::patchToFace::combine(Foam::topoSet&, bool) const
    in file topoSet/faceSources/patchToFace/patchToFace.C at line 96
    Cannot find any patches matching (demote_wall)
Valid names: (wall iris_wall outlet_tm lens_wall ac_inlet ac_inlet_left outlet_tm_left defaultFaces)
    faceSet ac_inlet_left_faces now size 799
Read set faceSet ac_inlet_left_faces size:799
    Applying source boxToFace
    Adding faces with centre within boxes 1((-0.007 -0.00366 -1e-05) (-0.00692 -0.00355 0.001001))
    faceSet ac_inlet_left_faces now size 1
Created faceSet demote_to_wall
    Applying source patchToFace
    Adding all faces of patches: (outlet_tm) ...
    Found matching patch outlet_tm with 6 faces
    faceSet demote_to_wall now size 6
Read set faceSet demote_to_wall size:6
    Applying source patchToFace
    Adding all faces of patches: (outlet_tm_left) ...
    Found matching patch outlet_tm_left with 6 faces
    faceSet demote_to_wall now size 12
Read set faceSet demote_to_wall size:12
    Applying source patchToFace
    Adding all faces of patches: (ac_inlet) ...
    Found matching patch ac_inlet with 5 faces
    faceSet demote_to_wall now size 17
Read set faceSet demote_to_wall size:17
    Applying source patchToFace
    Adding all faces of patches: (ac_inlet_left) ...
    Found matching patch ac_inlet_left with 5 faces
    faceSet demote_to_wall now size 22
Read set faceSet demote_to_wall size:22
    Applying source faceToFace
    Removing all elements of face sets: (outlet_tm_faces)
    faceSet demote_to_wall now size 21
Read set faceSet demote_to_wall size:21
    Applying source faceToFace
    Removing all elements of face sets: (outlet_tm_left_faces)
    faceSet demote_to_wall now size 20
Read set faceSet demote_to_wall size:20
    Applying source faceToFace
    Removing all elements of face sets: (ac_inlet_faces)
    faceSet demote_to_wall now size 19
Read set faceSet demote_to_wall size:19
    Applying source faceToFace
    Removing all elements of face sets: (ac_inlet_left_faces)
    faceSet demote_to_wall now size 18
Time = 150
    mesh not changed.
Created faceSet outlet_tm_faces
    Applying source patchToFace
    Adding all faces of patches: (outlet_tm) ...
    Found matching patch outlet_tm with 6 faces
    faceSet outlet_tm_faces now size 6
Read set faceSet outlet_tm_faces size:6
    Applying source patchToFace
    Adding all faces of patches: (wall) ...
    Found matching patch wall with 554 faces
    faceSet outlet_tm_faces now size 560
Read set faceSet outlet_tm_faces size:560
    Applying source patchToFace
    Adding all faces of patches: (iris_wall) ...
    Found matching patch iris_wall with 240 faces
    faceSet outlet_tm_faces now size 800
Read set faceSet outlet_tm_faces size:800
    Applying source patchToFace
    Adding all faces of patches: (demote_wall) ...
--> FOAM Warning : 
    From Foam::labelHashSet Foam::polyBoundaryMesh::patchSet(const Foam::UList<Foam::wordRe>&, bool, bool) const
    in file meshes/polyMesh/polyBoundaryMesh/polyBoundaryMesh.C at line 1158
    Cannot find any patch names matching demote_wall
--> FOAM Warning : 
    From void Foam::patchToFace::combine(Foam::topoSet&, bool) const
    in file topoSet/faceSources/patchToFace/patchToFace.C at line 96
    Cannot find any patches matching (demote_wall)
Valid names: (wall iris_wall outlet_tm lens_wall ac_inlet ac_inlet_left outlet_tm_left defaultFaces)
    faceSet outlet_tm_faces now size 800
Read set faceSet outlet_tm_faces size:800
    Applying source boxToFace
    Adding faces with centre within boxes 1((0.00682 -0.00462 -1e-05) (0.00692 -0.0045 0.001001))
    faceSet outlet_tm_faces now size 1
Created faceSet outlet_tm_left_faces
    Applying source patchToFace
    Adding all faces of patches: (outlet_tm_left) ...
    Found matching patch outlet_tm_left with 6 faces
    faceSet outlet_tm_left_faces now size 6
Read set faceSet outlet_tm_left_faces size:6
    Applying source patchToFace
    Adding all faces of patches: (wall) ...
    Found matching patch wall with 554 faces
    faceSet outlet_tm_left_faces now size 560
Read set faceSet outlet_tm_left_faces size:560
    Applying source patchToFace
    Adding all faces of patches: (iris_wall) ...
    Found matching patch iris_wall with 240 faces
    faceSet outlet_tm_left_faces now size 800
Read set faceSet outlet_tm_left_faces size:800
    Applying source patchToFace
    Adding all faces of patches: (demote_wall) ...
--> FOAM Warning : 
    From Foam::labelHashSet Foam::polyBoundaryMesh::patchSet(const Foam::UList<Foam::wordRe>&, bool, bool) const
    in file meshes/polyMesh/polyBoundaryMesh/polyBoundaryMesh.C at line 1158
    Cannot find any patch names matching demote_wall
--> FOAM Warning : 
    From void Foam::patchToFace::combine(Foam::topoSet&, bool) const
    in file topoSet/faceSources/patchToFace/patchToFace.C at line 96
    Cannot find any patches matching (demote_wall)
Valid names: (wall iris_wall outlet_tm lens_wall ac_inlet ac_inlet_left outlet_tm_left defaultFaces)
    faceSet outlet_tm_left_faces now size 800
Read set faceSet outlet_tm_left_faces size:800
    Applying source boxToFace
    Adding faces with centre within boxes 1((-0.00692 -0.00462 -1e-05) (-0.00682 -0.0045 0.001001))
    faceSet outlet_tm_left_faces now size 1
Created faceSet ac_inlet_faces
    Applying source patchToFace
    Adding all faces of patches: (ac_inlet) ...
    Found matching patch ac_inlet with 5 faces
    faceSet ac_inlet_faces now size 5
Read set faceSet ac_inlet_faces size:5
    Applying source patchToFace
    Adding all faces of patches: (wall) ...
    Found matching patch wall with 554 faces
    faceSet ac_inlet_faces now size 559
Read set faceSet ac_inlet_faces size:559
    Applying source patchToFace
    Adding all faces of patches: (iris_wall) ...
    Found matching patch iris_wall with 240 faces
    faceSet ac_inlet_faces now size 799
Read set faceSet ac_inlet_faces size:799
    Applying source patchToFace
    Adding all faces of patches: (demote_wall) ...
--> FOAM Warning : 
    From Foam::labelHashSet Foam::polyBoundaryMesh::patchSet(const Foam::UList<Foam::wordRe>&, bool, bool) const
    in file meshes/polyMesh/polyBoundaryMesh/polyBoundaryMesh.C at line 1158
    Cannot find any patch names matching demote_wall
--> FOAM Warning : 
    From void Foam::patchToFace::combine(Foam::topoSet&, bool) const
    in file topoSet/faceSources/patchToFace/patchToFace.C at line 96
    Cannot find any patches matching (demote_wall)
Valid names: (wall iris_wall outlet_tm lens_wall ac_inlet ac_inlet_left outlet_tm_left defaultFaces)
    faceSet ac_inlet_faces now size 799
Read set faceSet ac_inlet_faces size:799
    Applying source boxToFace
    Adding faces with centre within boxes 1((0.00692 -0.00366 -1e-05) (0.007 -0.00355 0.001001))
    faceSet ac_inlet_faces now size 1
Created faceSet ac_inlet_left_faces
    Applying source patchToFace
    Adding all faces of patches: (ac_inlet_left) ...
    Found matching patch ac_inlet_left with 5 faces
    faceSet ac_inlet_left_faces now size 5
Read set faceSet ac_inlet_left_faces size:5
    Applying source patchToFace
    Adding all faces of patches: (wall) ...
    Found matching patch wall with 554 faces
    faceSet ac_inlet_left_faces now size 559
Read set faceSet ac_inlet_left_faces size:559
    Applying source patchToFace
    Adding all faces of patches: (iris_wall) ...
    Found matching patch iris_wall with 240 faces
    faceSet ac_inlet_left_faces now size 799
Read set faceSet ac_inlet_left_faces size:799
    Applying source patchToFace
    Adding all faces of patches: (demote_wall) ...
--> FOAM Warning : 
    From Foam::labelHashSet Foam::polyBoundaryMesh::patchSet(const Foam::UList<Foam::wordRe>&, bool, bool) const
    in file meshes/polyMesh/polyBoundaryMesh/polyBoundaryMesh.C at line 1158
    Cannot find any patch names matching demote_wall
--> FOAM Warning : 
    From void Foam::patchToFace::combine(Foam::topoSet&, bool) const
    in file topoSet/faceSources/patchToFace/patchToFace.C at line 96
    Cannot find any patches matching (demote_wall)
Valid names: (wall iris_wall outlet_tm lens_wall ac_inlet ac_inlet_left outlet_tm_left defaultFaces)
    faceSet ac_inlet_left_faces now size 799
Read set faceSet ac_inlet_left_faces size:799
    Applying source boxToFace
    Adding faces with centre within boxes 1((-0.007 -0.00366 -1e-05) (-0.00692 -0.00355 0.001001))
    faceSet ac_inlet_left_faces now size 1
Created faceSet demote_to_wall
    Applying source patchToFace
    Adding all faces of patches: (outlet_tm) ...
    Found matching patch outlet_tm with 6 faces
    faceSet demote_to_wall now size 6
Read set faceSet demote_to_wall size:6
    Applying source patchToFace
    Adding all faces of patches: (outlet_tm_left) ...
    Found matching patch outlet_tm_left with 6 faces
    faceSet demote_to_wall now size 12
Read set faceSet demote_to_wall size:12
    Applying source patchToFace
    Adding all faces of patches: (ac_inlet) ...
    Found matching patch ac_inlet with 5 faces
    faceSet demote_to_wall now size 17
Read set faceSet demote_to_wall size:17
    Applying source patchToFace
    Adding all faces of patches: (ac_inlet_left) ...
    Found matching patch ac_inlet_left with 5 faces
    faceSet demote_to_wall now size 22
Read set faceSet demote_to_wall size:22
    Applying source faceToFace
    Removing all elements of face sets: (outlet_tm_faces)
    faceSet demote_to_wall now size 21
Read set faceSet demote_to_wall size:21
    Applying source faceToFace
    Removing all elements of face sets: (outlet_tm_left_faces)
    faceSet demote_to_wall now size 20
Read set faceSet demote_to_wall size:20
    Applying source faceToFace
    Removing all elements of face sets: (ac_inlet_faces)
    faceSet demote_to_wall now size 19
Read set faceSet demote_to_wall size:19
    Applying source faceToFace
    Removing all elements of face sets: (ac_inlet_left_faces)
    faceSet demote_to_wall now size 18
Time = 200
    mesh not changed.
Created faceSet outlet_tm_faces
    Applying source patchToFace
    Adding all faces of patches: (outlet_tm) ...
    Found matching patch outlet_tm with 6 faces
    faceSet outlet_tm_faces now size 6
Read set faceSet outlet_tm_faces size:6
    Applying source patchToFace
    Adding all faces of patches: (wall) ...
    Found matching patch wall with 554 faces
    faceSet outlet_tm_faces now size 560
Read set faceSet outlet_tm_faces size:560
    Applying source patchToFace
    Adding all faces of patches: (iris_wall) ...
    Found matching patch iris_wall with 240 faces
    faceSet outlet_tm_faces now size 800
Read set faceSet outlet_tm_faces size:800
    Applying source patchToFace
    Adding all faces of patches: (demote_wall) ...
--> FOAM Warning : 
    From Foam::labelHashSet Foam::polyBoundaryMesh::patchSet(const Foam::UList<Foam::wordRe>&, bool, bool) const
    in file meshes/polyMesh/polyBoundaryMesh/polyBoundaryMesh.C at line 1158
    Cannot find any patch names matching demote_wall
--> FOAM Warning : 
    From void Foam::patchToFace::combine(Foam::topoSet&, bool) const
    in file topoSet/faceSources/patchToFace/patchToFace.C at line 96
    Cannot find any patches matching (demote_wall)
Valid names: (wall iris_wall outlet_tm lens_wall ac_inlet ac_inlet_left outlet_tm_left defaultFaces)
    faceSet outlet_tm_faces now size 800
Read set faceSet outlet_tm_faces size:800
    Applying source boxToFace
    Adding faces with centre within boxes 1((0.00682 -0.00462 -1e-05) (0.00692 -0.0045 0.001001))
    faceSet outlet_tm_faces now size 1
Created faceSet outlet_tm_left_faces
    Applying source patchToFace
    Adding all faces of patches: (outlet_tm_left) ...
    Found matching patch outlet_tm_left with 6 faces
    faceSet outlet_tm_left_faces now size 6
Read set faceSet outlet_tm_left_faces size:6
    Applying source patchToFace
    Adding all faces of patches: (wall) ...
    Found matching patch wall with 554 faces
    faceSet outlet_tm_left_faces now size 560
Read set faceSet outlet_tm_left_faces size:560
    Applying source patchToFace
    Adding all faces of patches: (iris_wall) ...
    Found matching patch iris_wall with 240 faces
    faceSet outlet_tm_left_faces now size 800
Read set faceSet outlet_tm_left_faces size:800
    Applying source patchToFace
    Adding all faces of patches: (demote_wall) ...
--> FOAM Warning : 
    From Foam::labelHashSet Foam::polyBoundaryMesh::patchSet(const Foam::UList<Foam::wordRe>&, bool, bool) const
    in file meshes/polyMesh/polyBoundaryMesh/polyBoundaryMesh.C at line 1158
    Cannot find any patch names matching demote_wall
--> FOAM Warning : 
    From void Foam::patchToFace::combine(Foam::topoSet&, bool) const
    in file topoSet/faceSources/patchToFace/patchToFace.C at line 96
    Cannot find any patches matching (demote_wall)
Valid names: (wall iris_wall outlet_tm lens_wall ac_inlet ac_inlet_left outlet_tm_left defaultFaces)
    faceSet outlet_tm_left_faces now size 800
Read set faceSet outlet_tm_left_faces size:800
    Applying source boxToFace
    Adding faces with centre within boxes 1((-0.00692 -0.00462 -1e-05) (-0.00682 -0.0045 0.001001))
    faceSet outlet_tm_left_faces now size 1
Created faceSet ac_inlet_faces
    Applying source patchToFace
    Adding all faces of patches: (ac_inlet) ...
    Found matching patch ac_inlet with 5 faces
    faceSet ac_inlet_faces now size 5
Read set faceSet ac_inlet_faces size:5
    Applying source patchToFace
    Adding all faces of patches: (wall) ...
    Found matching patch wall with 554 faces
    faceSet ac_inlet_faces now size 559
Read set faceSet ac_inlet_faces size:559
    Applying source patchToFace
    Adding all faces of patches: (iris_wall) ...
    Found matching patch iris_wall with 240 faces
    faceSet ac_inlet_faces now size 799
Read set faceSet ac_inlet_faces size:799
    Applying source patchToFace
    Adding all faces of patches: (demote_wall) ...
--> FOAM Warning : 
    From Foam::labelHashSet Foam::polyBoundaryMesh::patchSet(const Foam::UList<Foam::wordRe>&, bool, bool) const
    in file meshes/polyMesh/polyBoundaryMesh/polyBoundaryMesh.C at line 1158
    Cannot find any patch names matching demote_wall
--> FOAM Warning : 
    From void Foam::patchToFace::combine(Foam::topoSet&, bool) const
    in file topoSet/faceSources/patchToFace/patchToFace.C at line 96
    Cannot find any patches matching (demote_wall)
Valid names: (wall iris_wall outlet_tm lens_wall ac_inlet ac_inlet_left outlet_tm_left defaultFaces)
    faceSet ac_inlet_faces now size 799
Read set faceSet ac_inlet_faces size:799
    Applying source boxToFace
    Adding faces with centre within boxes 1((0.00692 -0.00366 -1e-05) (0.007 -0.00355 0.001001))
    faceSet ac_inlet_faces now size 1
Created faceSet ac_inlet_left_faces
    Applying source patchToFace
    Adding all faces of patches: (ac_inlet_left) ...
    Found matching patch ac_inlet_left with 5 faces
    faceSet ac_inlet_left_faces now size 5
Read set faceSet ac_inlet_left_faces size:5
    Applying source patchToFace
    Adding all faces of patches: (wall) ...
    Found matching patch wall with 554 faces
    faceSet ac_inlet_left_faces now size 559
Read set faceSet ac_inlet_left_faces size:559
    Applying source patchToFace
    Adding all faces of patches: (iris_wall) ...
    Found matching patch iris_wall with 240 faces
    faceSet ac_inlet_left_faces now size 799
Read set faceSet ac_inlet_left_faces size:799
    Applying source patchToFace
    Adding all faces of patches: (demote_wall) ...
--> FOAM Warning : 
    From Foam::labelHashSet Foam::polyBoundaryMesh::patchSet(const Foam::UList<Foam::wordRe>&, bool, bool) const
    in file meshes/polyMesh/polyBoundaryMesh/polyBoundaryMesh.C at line 1158
    Cannot find any patch names matching demote_wall
--> FOAM Warning : 
    From void Foam::patchToFace::combine(Foam::topoSet&, bool) const
    in file topoSet/faceSources/patchToFace/patchToFace.C at line 96
    Cannot find any patches matching (demote_wall)
Valid names: (wall iris_wall outlet_tm lens_wall ac_inlet ac_inlet_left outlet_tm_left defaultFaces)
    faceSet ac_inlet_left_faces now size 799
Read set faceSet ac_inlet_left_faces size:799
    Applying source boxToFace
    Adding faces with centre within boxes 1((-0.007 -0.00366 -1e-05) (-0.00692 -0.00355 0.001001))
    faceSet ac_inlet_left_faces now size 1
Created faceSet demote_to_wall
    Applying source patchToFace
    Adding all faces of patches: (outlet_tm) ...
    Found matching patch outlet_tm with 6 faces
    faceSet demote_to_wall now size 6
Read set faceSet demote_to_wall size:6
    Applying source patchToFace
    Adding all faces of patches: (outlet_tm_left) ...
    Found matching patch outlet_tm_left with 6 faces
    faceSet demote_to_wall now size 12
Read set faceSet demote_to_wall size:12
    Applying source patchToFace
    Adding all faces of patches: (ac_inlet) ...
    Found matching patch ac_inlet with 5 faces
    faceSet demote_to_wall now size 17
Read set faceSet demote_to_wall size:17
    Applying source patchToFace
    Adding all faces of patches: (ac_inlet_left) ...
    Found matching patch ac_inlet_left with 5 faces
    faceSet demote_to_wall now size 22
Read set faceSet demote_to_wall size:22
    Applying source faceToFace
    Removing all elements of face sets: (outlet_tm_faces)
    faceSet demote_to_wall now size 21
Read set faceSet demote_to_wall size:21
    Applying source faceToFace
    Removing all elements of face sets: (outlet_tm_left_faces)
    faceSet demote_to_wall now size 20
Read set faceSet demote_to_wall size:20
    Applying source faceToFace
    Removing all elements of face sets: (ac_inlet_faces)
    faceSet demote_to_wall now size 19
Read set faceSet demote_to_wall size:19
    Applying source faceToFace
    Removing all elements of face sets: (ac_inlet_left_faces)
    faceSet demote_to_wall now size 18
Time = 242
    mesh not changed.
Created faceSet outlet_tm_faces
    Applying source patchToFace
    Adding all faces of patches: (outlet_tm) ...
    Found matching patch outlet_tm with 6 faces
    faceSet outlet_tm_faces now size 6
Read set faceSet outlet_tm_faces size:6
    Applying source patchToFace
    Adding all faces of patches: (wall) ...
    Found matching patch wall with 554 faces
    faceSet outlet_tm_faces now size 560
Read set faceSet outlet_tm_faces size:560
    Applying source patchToFace
    Adding all faces of patches: (iris_wall) ...
    Found matching patch iris_wall with 240 faces
    faceSet outlet_tm_faces now size 800
Read set faceSet outlet_tm_faces size:800
    Applying source patchToFace
    Adding all faces of patches: (demote_wall) ...
--> FOAM Warning : 
    From Foam::labelHashSet Foam::polyBoundaryMesh::patchSet(const Foam::UList<Foam::wordRe>&, bool, bool) const
    in file meshes/polyMesh/polyBoundaryMesh/polyBoundaryMesh.C at line 1158
    Cannot find any patch names matching demote_wall
--> FOAM Warning : 
    From void Foam::patchToFace::combine(Foam::topoSet&, bool) const
    in file topoSet/faceSources/patchToFace/patchToFace.C at line 96
    Cannot find any patches matching (demote_wall)
Valid names: (wall iris_wall outlet_tm lens_wall ac_inlet ac_inlet_left outlet_tm_left defaultFaces)
    faceSet outlet_tm_faces now size 800
Read set faceSet outlet_tm_faces size:800
    Applying source boxToFace
    Adding faces with centre within boxes 1((0.00682 -0.00462 -1e-05) (0.00692 -0.0045 0.001001))
    faceSet outlet_tm_faces now size 1
Created faceSet outlet_tm_left_faces
    Applying source patchToFace
    Adding all faces of patches: (outlet_tm_left) ...
    Found matching patch outlet_tm_left with 6 faces
    faceSet outlet_tm_left_faces now size 6
Read set faceSet outlet_tm_left_faces size:6
    Applying source patchToFace
    Adding all faces of patches: (wall) ...
    Found matching patch wall with 554 faces
    faceSet outlet_tm_left_faces now size 560
Read set faceSet outlet_tm_left_faces size:560
    Applying source patchToFace
    Adding all faces of patches: (iris_wall) ...
    Found matching patch iris_wall with 240 faces
    faceSet outlet_tm_left_faces now size 800
Read set faceSet outlet_tm_left_faces size:800
    Applying source patchToFace
    Adding all faces of patches: (demote_wall) ...
--> FOAM Warning : 
    From Foam::labelHashSet Foam::polyBoundaryMesh::patchSet(const Foam::UList<Foam::wordRe>&, bool, bool) const
    in file meshes/polyMesh/polyBoundaryMesh/polyBoundaryMesh.C at line 1158
    Cannot find any patch names matching demote_wall
--> FOAM Warning : 
    From void Foam::patchToFace::combine(Foam::topoSet&, bool) const
    in file topoSet/faceSources/patchToFace/patchToFace.C at line 96
    Cannot find any patches matching (demote_wall)
Valid names: (wall iris_wall outlet_tm lens_wall ac_inlet ac_inlet_left outlet_tm_left defaultFaces)
    faceSet outlet_tm_left_faces now size 800
Read set faceSet outlet_tm_left_faces size:800
    Applying source boxToFace
    Adding faces with centre within boxes 1((-0.00692 -0.00462 -1e-05) (-0.00682 -0.0045 0.001001))
    faceSet outlet_tm_left_faces now size 1
Created faceSet ac_inlet_faces
    Applying source patchToFace
    Adding all faces of patches: (ac_inlet) ...
    Found matching patch ac_inlet with 5 faces
    faceSet ac_inlet_faces now size 5
Read set faceSet ac_inlet_faces size:5
    Applying source patchToFace
    Adding all faces of patches: (wall) ...
    Found matching patch wall with 554 faces
    faceSet ac_inlet_faces now size 559
Read set faceSet ac_inlet_faces size:559
    Applying source patchToFace
    Adding all faces of patches: (iris_wall) ...
    Found matching patch iris_wall with 240 faces
    faceSet ac_inlet_faces now size 799
Read set faceSet ac_inlet_faces size:799
    Applying source patchToFace
    Adding all faces of patches: (demote_wall) ...
--> FOAM Warning : 
    From Foam::labelHashSet Foam::polyBoundaryMesh::patchSet(const Foam::UList<Foam::wordRe>&, bool, bool) const
    in file meshes/polyMesh/polyBoundaryMesh/polyBoundaryMesh.C at line 1158
    Cannot find any patch names matching demote_wall
--> FOAM Warning : 
    From void Foam::patchToFace::combine(Foam::topoSet&, bool) const
    in file topoSet/faceSources/patchToFace/patchToFace.C at line 96
    Cannot find any patches matching (demote_wall)
Valid names: (wall iris_wall outlet_tm lens_wall ac_inlet ac_inlet_left outlet_tm_left defaultFaces)
    faceSet ac_inlet_faces now size 799
Read set faceSet ac_inlet_faces size:799
    Applying source boxToFace
    Adding faces with centre within boxes 1((0.00692 -0.00366 -1e-05) (0.007 -0.00355 0.001001))
    faceSet ac_inlet_faces now size 1
Created faceSet ac_inlet_left_faces
    Applying source patchToFace
    Adding all faces of patches: (ac_inlet_left) ...
    Found matching patch ac_inlet_left with 5 faces
    faceSet ac_inlet_left_faces now size 5
Read set faceSet ac_inlet_left_faces size:5
    Applying source patchToFace
    Adding all faces of patches: (wall) ...
    Found matching patch wall with 554 faces
    faceSet ac_inlet_left_faces now size 559
Read set faceSet ac_inlet_left_faces size:559
    Applying source patchToFace
    Adding all faces of patches: (iris_wall) ...
    Found matching patch iris_wall with 240 faces
    faceSet ac_inlet_left_faces now size 799
Read set faceSet ac_inlet_left_faces size:799
    Applying source patchToFace
    Adding all faces of patches: (demote_wall) ...
--> FOAM Warning : 
    From Foam::labelHashSet Foam::polyBoundaryMesh::patchSet(const Foam::UList<Foam::wordRe>&, bool, bool) const
    in file meshes/polyMesh/polyBoundaryMesh/polyBoundaryMesh.C at line 1158
    Cannot find any patch names matching demote_wall
--> FOAM Warning : 
    From void Foam::patchToFace::combine(Foam::topoSet&, bool) const
    in file topoSet/faceSources/patchToFace/patchToFace.C at line 96
    Cannot find any patches matching (demote_wall)
Valid names: (wall iris_wall outlet_tm lens_wall ac_inlet ac_inlet_left outlet_tm_left defaultFaces)
    faceSet ac_inlet_left_faces now size 799
Read set faceSet ac_inlet_left_faces size:799
    Applying source boxToFace
    Adding faces with centre within boxes 1((-0.007 -0.00366 -1e-05) (-0.00692 -0.00355 0.001001))
    faceSet ac_inlet_left_faces now size 1
Created faceSet demote_to_wall
    Applying source patchToFace
    Adding all faces of patches: (outlet_tm) ...
    Found matching patch outlet_tm with 6 faces
    faceSet demote_to_wall now size 6
Read set faceSet demote_to_wall size:6
    Applying source patchToFace
    Adding all faces of patches: (outlet_tm_left) ...
    Found matching patch outlet_tm_left with 6 faces
    faceSet demote_to_wall now size 12
Read set faceSet demote_to_wall size:12
    Applying source patchToFace
    Adding all faces of patches: (ac_inlet) ...
    Found matching patch ac_inlet with 5 faces
    faceSet demote_to_wall now size 17
Read set faceSet demote_to_wall size:17
    Applying source patchToFace
    Adding all faces of patches: (ac_inlet_left) ...
    Found matching patch ac_inlet_left with 5 faces
    faceSet demote_to_wall now size 22
Read set faceSet demote_to_wall size:22
    Applying source faceToFace
    Removing all elements of face sets: (outlet_tm_faces)
    faceSet demote_to_wall now size 21
Read set faceSet demote_to_wall size:21
    Applying source faceToFace
    Removing all elements of face sets: (outlet_tm_left_faces)
    faceSet demote_to_wall now size 20
Read set faceSet demote_to_wall size:20
    Applying source faceToFace
    Removing all elements of face sets: (ac_inlet_faces)
    faceSet demote_to_wall now size 19
Read set faceSet demote_to_wall size:19
    Applying source faceToFace
    Removing all elements of face sets: (ac_inlet_left_faces)
    faceSet demote_to_wall now size 18
Time = 245
    mesh not changed.
Created faceSet outlet_tm_faces
    Applying source patchToFace
    Adding all faces of patches: (outlet_tm) ...
    Found matching patch outlet_tm with 6 faces
    faceSet outlet_tm_faces now size 6
Read set faceSet outlet_tm_faces size:6
    Applying source patchToFace
    Adding all faces of patches: (wall) ...
    Found matching patch wall with 554 faces
    faceSet outlet_tm_faces now size 560
Read set faceSet outlet_tm_faces size:560
    Applying source patchToFace
    Adding all faces of patches: (iris_wall) ...
    Found matching patch iris_wall with 240 faces
    faceSet outlet_tm_faces now size 800
Read set faceSet outlet_tm_faces size:800
    Applying source patchToFace
    Adding all faces of patches: (demote_wall) ...
--> FOAM Warning : 
    From Foam::labelHashSet Foam::polyBoundaryMesh::patchSet(const Foam::UList<Foam::wordRe>&, bool, bool) const
    in file meshes/polyMesh/polyBoundaryMesh/polyBoundaryMesh.C at line 1158
    Cannot find any patch names matching demote_wall
--> FOAM Warning : 
    From void Foam::patchToFace::combine(Foam::topoSet&, bool) const
    in file topoSet/faceSources/patchToFace/patchToFace.C at line 96
    Cannot find any patches matching (demote_wall)
Valid names: (wall iris_wall outlet_tm lens_wall ac_inlet ac_inlet_left outlet_tm_left defaultFaces)
    faceSet outlet_tm_faces now size 800
Read set faceSet outlet_tm_faces size:800
    Applying source boxToFace
    Adding faces with centre within boxes 1((0.00682 -0.00462 -1e-05) (0.00692 -0.0045 0.001001))
    faceSet outlet_tm_faces now size 1
Created faceSet outlet_tm_left_faces
    Applying source patchToFace
    Adding all faces of patches: (outlet_tm_left) ...
    Found matching patch outlet_tm_left with 6 faces
    faceSet outlet_tm_left_faces now size 6
Read set faceSet outlet_tm_left_faces size:6
    Applying source patchToFace
    Adding all faces of patches: (wall) ...
    Found matching patch wall with 554 faces
    faceSet outlet_tm_left_faces now size 560
Read set faceSet outlet_tm_left_faces size:560
    Applying source patchToFace
    Adding all faces of patches: (iris_wall) ...
    Found matching patch iris_wall with 240 faces
    faceSet outlet_tm_left_faces now size 800
Read set faceSet outlet_tm_left_faces size:800
    Applying source patchToFace
    Adding all faces of patches: (demote_wall) ...
--> FOAM Warning : 
    From Foam::labelHashSet Foam::polyBoundaryMesh::patchSet(const Foam::UList<Foam::wordRe>&, bool, bool) const
    in file meshes/polyMesh/polyBoundaryMesh/polyBoundaryMesh.C at line 1158
    Cannot find any patch names matching demote_wall
--> FOAM Warning : 
    From void Foam::patchToFace::combine(Foam::topoSet&, bool) const
    in file topoSet/faceSources/patchToFace/patchToFace.C at line 96
    Cannot find any patches matching (demote_wall)
Valid names: (wall iris_wall outlet_tm lens_wall ac_inlet ac_inlet_left outlet_tm_left defaultFaces)
    faceSet outlet_tm_left_faces now size 800
Read set faceSet outlet_tm_left_faces size:800
    Applying source boxToFace
    Adding faces with centre within boxes 1((-0.00692 -0.00462 -1e-05) (-0.00682 -0.0045 0.001001))
    faceSet outlet_tm_left_faces now size 1
Created faceSet ac_inlet_faces
    Applying source patchToFace
    Adding all faces of patches: (ac_inlet) ...
    Found matching patch ac_inlet with 5 faces
    faceSet ac_inlet_faces now size 5
Read set faceSet ac_inlet_faces size:5
    Applying source patchToFace
    Adding all faces of patches: (wall) ...
    Found matching patch wall with 554 faces
    faceSet ac_inlet_faces now size 559
Read set faceSet ac_inlet_faces size:559
    Applying source patchToFace
    Adding all faces of patches: (iris_wall) ...
    Found matching patch iris_wall with 240 faces
    faceSet ac_inlet_faces now size 799
Read set faceSet ac_inlet_faces size:799
    Applying source patchToFace
    Adding all faces of patches: (demote_wall) ...
--> FOAM Warning : 
    From Foam::labelHashSet Foam::polyBoundaryMesh::patchSet(const Foam::UList<Foam::wordRe>&, bool, bool) const
    in file meshes/polyMesh/polyBoundaryMesh/polyBoundaryMesh.C at line 1158
    Cannot find any patch names matching demote_wall
--> FOAM Warning : 
    From void Foam::patchToFace::combine(Foam::topoSet&, bool) const
    in file topoSet/faceSources/patchToFace/patchToFace.C at line 96
    Cannot find any patches matching (demote_wall)
Valid names: (wall iris_wall outlet_tm lens_wall ac_inlet ac_inlet_left outlet_tm_left defaultFaces)
    faceSet ac_inlet_faces now size 799
Read set faceSet ac_inlet_faces size:799
    Applying source boxToFace
    Adding faces with centre within boxes 1((0.00692 -0.00366 -1e-05) (0.007 -0.00355 0.001001))
    faceSet ac_inlet_faces now size 1
Created faceSet ac_inlet_left_faces
    Applying source patchToFace
    Adding all faces of patches: (ac_inlet_left) ...
    Found matching patch ac_inlet_left with 5 faces
    faceSet ac_inlet_left_faces now size 5
Read set faceSet ac_inlet_left_faces size:5
    Applying source patchToFace
    Adding all faces of patches: (wall) ...
    Found matching patch wall with 554 faces
    faceSet ac_inlet_left_faces now size 559
Read set faceSet ac_inlet_left_faces size:559
    Applying source patchToFace
    Adding all faces of patches: (iris_wall) ...
    Found matching patch iris_wall with 240 faces
    faceSet ac_inlet_left_faces now size 799
Read set faceSet ac_inlet_left_faces size:799
    Applying source patchToFace
    Adding all faces of patches: (demote_wall) ...
--> FOAM Warning : 
    From Foam::labelHashSet Foam::polyBoundaryMesh::patchSet(const Foam::UList<Foam::wordRe>&, bool, bool) const
    in file meshes/polyMesh/polyBoundaryMesh/polyBoundaryMesh.C at line 1158
    Cannot find any patch names matching demote_wall
--> FOAM Warning : 
    From void Foam::patchToFace::combine(Foam::topoSet&, bool) const
    in file topoSet/faceSources/patchToFace/patchToFace.C at line 96
    Cannot find any patches matching (demote_wall)
Valid names: (wall iris_wall outlet_tm lens_wall ac_inlet ac_inlet_left outlet_tm_left defaultFaces)
    faceSet ac_inlet_left_faces now size 799
Read set faceSet ac_inlet_left_faces size:799
    Applying source boxToFace
    Adding faces with centre within boxes 1((-0.007 -0.00366 -1e-05) (-0.00692 -0.00355 0.001001))
    faceSet ac_inlet_left_faces now size 1
Created faceSet demote_to_wall
    Applying source patchToFace
    Adding all faces of patches: (outlet_tm) ...
    Found matching patch outlet_tm with 6 faces
    faceSet demote_to_wall now size 6
Read set faceSet demote_to_wall size:6
    Applying source patchToFace
    Adding all faces of patches: (outlet_tm_left) ...
    Found matching patch outlet_tm_left with 6 faces
    faceSet demote_to_wall now size 12
Read set faceSet demote_to_wall size:12
    Applying source patchToFace
    Adding all faces of patches: (ac_inlet) ...
    Found matching patch ac_inlet with 5 faces
    faceSet demote_to_wall now size 17
Read set faceSet demote_to_wall size:17
    Applying source patchToFace
    Adding all faces of patches: (ac_inlet_left) ...
    Found matching patch ac_inlet_left with 5 faces
    faceSet demote_to_wall now size 22
Read set faceSet demote_to_wall size:22
    Applying source faceToFace
    Removing all elements of face sets: (outlet_tm_faces)
    faceSet demote_to_wall now size 21
Read set faceSet demote_to_wall size:21
    Applying source faceToFace
    Removing all elements of face sets: (outlet_tm_left_faces)
    faceSet demote_to_wall now size 20
Read set faceSet demote_to_wall size:20
    Applying source faceToFace
    Removing all elements of face sets: (ac_inlet_faces)
    faceSet demote_to_wall now size 19
Read set faceSet demote_to_wall size:19
    Applying source faceToFace
    Removing all elements of face sets: (ac_inlet_left_faces)
    faceSet demote_to_wall now size 18
Time = 247
    mesh not changed.
Created faceSet outlet_tm_faces
    Applying source patchToFace
    Adding all faces of patches: (outlet_tm) ...
    Found matching patch outlet_tm with 6 faces
    faceSet outlet_tm_faces now size 6
Read set faceSet outlet_tm_faces size:6
    Applying source patchToFace
    Adding all faces of patches: (wall) ...
    Found matching patch wall with 554 faces
    faceSet outlet_tm_faces now size 560
Read set faceSet outlet_tm_faces size:560
    Applying source patchToFace
    Adding all faces of patches: (iris_wall) ...
    Found matching patch iris_wall with 240 faces
    faceSet outlet_tm_faces now size 800
Read set faceSet outlet_tm_faces size:800
    Applying source patchToFace
    Adding all faces of patches: (demote_wall) ...
--> FOAM Warning : 
    From Foam::labelHashSet Foam::polyBoundaryMesh::patchSet(const Foam::UList<Foam::wordRe>&, bool, bool) const
    in file meshes/polyMesh/polyBoundaryMesh/polyBoundaryMesh.C at line 1158
    Cannot find any patch names matching demote_wall
--> FOAM Warning : 
    From void Foam::patchToFace::combine(Foam::topoSet&, bool) const
    in file topoSet/faceSources/patchToFace/patchToFace.C at line 96
    Cannot find any patches matching (demote_wall)
Valid names: (wall iris_wall outlet_tm lens_wall ac_inlet ac_inlet_left outlet_tm_left defaultFaces)
    faceSet outlet_tm_faces now size 800
Read set faceSet outlet_tm_faces size:800
    Applying source boxToFace
    Adding faces with centre within boxes 1((0.00682 -0.00462 -1e-05) (0.00692 -0.0045 0.001001))
    faceSet outlet_tm_faces now size 1
Created faceSet outlet_tm_left_faces
    Applying source patchToFace
    Adding all faces of patches: (outlet_tm_left) ...
    Found matching patch outlet_tm_left with 6 faces
    faceSet outlet_tm_left_faces now size 6
Read set faceSet outlet_tm_left_faces size:6
    Applying source patchToFace
    Adding all faces of patches: (wall) ...
    Found matching patch wall with 554 faces
    faceSet outlet_tm_left_faces now size 560
Read set faceSet outlet_tm_left_faces size:560
    Applying source patchToFace
    Adding all faces of patches: (iris_wall) ...
    Found matching patch iris_wall with 240 faces
    faceSet outlet_tm_left_faces now size 800
Read set faceSet outlet_tm_left_faces size:800
    Applying source patchToFace
    Adding all faces of patches: (demote_wall) ...
--> FOAM Warning : 
    From Foam::labelHashSet Foam::polyBoundaryMesh::patchSet(const Foam::UList<Foam::wordRe>&, bool, bool) const
    in file meshes/polyMesh/polyBoundaryMesh/polyBoundaryMesh.C at line 1158
    Cannot find any patch names matching demote_wall
--> FOAM Warning : 
    From void Foam::patchToFace::combine(Foam::topoSet&, bool) const
    in file topoSet/faceSources/patchToFace/patchToFace.C at line 96
    Cannot find any patches matching (demote_wall)
Valid names: (wall iris_wall outlet_tm lens_wall ac_inlet ac_inlet_left outlet_tm_left defaultFaces)
    faceSet outlet_tm_left_faces now size 800
Read set faceSet outlet_tm_left_faces size:800
    Applying source boxToFace
    Adding faces with centre within boxes 1((-0.00692 -0.00462 -1e-05) (-0.00682 -0.0045 0.001001))
    faceSet outlet_tm_left_faces now size 1
Created faceSet ac_inlet_faces
    Applying source patchToFace
    Adding all faces of patches: (ac_inlet) ...
    Found matching patch ac_inlet with 5 faces
    faceSet ac_inlet_faces now size 5
Read set faceSet ac_inlet_faces size:5
    Applying source patchToFace
    Adding all faces of patches: (wall) ...
    Found matching patch wall with 554 faces
    faceSet ac_inlet_faces now size 559
Read set faceSet ac_inlet_faces size:559
    Applying source patchToFace
    Adding all faces of patches: (iris_wall) ...
    Found matching patch iris_wall with 240 faces
    faceSet ac_inlet_faces now size 799
Read set faceSet ac_inlet_faces size:799
    Applying source patchToFace
    Adding all faces of patches: (demote_wall) ...
--> FOAM Warning : 
    From Foam::labelHashSet Foam::polyBoundaryMesh::patchSet(const Foam::UList<Foam::wordRe>&, bool, bool) const
    in file meshes/polyMesh/polyBoundaryMesh/polyBoundaryMesh.C at line 1158
    Cannot find any patch names matching demote_wall
--> FOAM Warning : 
    From void Foam::patchToFace::combine(Foam::topoSet&, bool) const
    in file topoSet/faceSources/patchToFace/patchToFace.C at line 96
    Cannot find any patches matching (demote_wall)
Valid names: (wall iris_wall outlet_tm lens_wall ac_inlet ac_inlet_left outlet_tm_left defaultFaces)
    faceSet ac_inlet_faces now size 799
Read set faceSet ac_inlet_faces size:799
    Applying source boxToFace
    Adding faces with centre within boxes 1((0.00692 -0.00366 -1e-05) (0.007 -0.00355 0.001001))
    faceSet ac_inlet_faces now size 1
Created faceSet ac_inlet_left_faces
    Applying source patchToFace
    Adding all faces of patches: (ac_inlet_left) ...
    Found matching patch ac_inlet_left with 5 faces
    faceSet ac_inlet_left_faces now size 5
Read set faceSet ac_inlet_left_faces size:5
    Applying source patchToFace
    Adding all faces of patches: (wall) ...
    Found matching patch wall with 554 faces
    faceSet ac_inlet_left_faces now size 559
Read set faceSet ac_inlet_left_faces size:559
    Applying source patchToFace
    Adding all faces of patches: (iris_wall) ...
    Found matching patch iris_wall with 240 faces
    faceSet ac_inlet_left_faces now size 799
Read set faceSet ac_inlet_left_faces size:799
    Applying source patchToFace
    Adding all faces of patches: (demote_wall) ...
--> FOAM Warning : 
    From Foam::labelHashSet Foam::polyBoundaryMesh::patchSet(const Foam::UList<Foam::wordRe>&, bool, bool) const
    in file meshes/polyMesh/polyBoundaryMesh/polyBoundaryMesh.C at line 1158
    Cannot find any patch names matching demote_wall
--> FOAM Warning : 
    From void Foam::patchToFace::combine(Foam::topoSet&, bool) const
    in file topoSet/faceSources/patchToFace/patchToFace.C at line 96
    Cannot find any patches matching (demote_wall)
Valid names: (wall iris_wall outlet_tm lens_wall ac_inlet ac_inlet_left outlet_tm_left defaultFaces)
    faceSet ac_inlet_left_faces now size 799
Read set faceSet ac_inlet_left_faces size:799
    Applying source boxToFace
    Adding faces with centre within boxes 1((-0.007 -0.00366 -1e-05) (-0.00692 -0.00355 0.001001))
    faceSet ac_inlet_left_faces now size 1
Created faceSet demote_to_wall
    Applying source patchToFace
    Adding all faces of patches: (outlet_tm) ...
    Found matching patch outlet_tm with 6 faces
    faceSet demote_to_wall now size 6
Read set faceSet demote_to_wall size:6
    Applying source patchToFace
    Adding all faces of patches: (outlet_tm_left) ...
    Found matching patch outlet_tm_left with 6 faces
    faceSet demote_to_wall now size 12
Read set faceSet demote_to_wall size:12
    Applying source patchToFace
    Adding all faces of patches: (ac_inlet) ...
    Found matching patch ac_inlet with 5 faces
    faceSet demote_to_wall now size 17
Read set faceSet demote_to_wall size:17
    Applying source patchToFace
    Adding all faces of patches: (ac_inlet_left) ...
    Found matching patch ac_inlet_left with 5 faces
    faceSet demote_to_wall now size 22
Read set faceSet demote_to_wall size:22
    Applying source faceToFace
    Removing all elements of face sets: (outlet_tm_faces)
    faceSet demote_to_wall now size 21
Read set faceSet demote_to_wall size:21
    Applying source faceToFace
    Removing all elements of face sets: (outlet_tm_left_faces)
    faceSet demote_to_wall now size 20
Read set faceSet demote_to_wall size:20
    Applying source faceToFace
    Removing all elements of face sets: (ac_inlet_faces)
    faceSet demote_to_wall now size 19
Read set faceSet demote_to_wall size:19
    Applying source faceToFace
    Removing all elements of face sets: (ac_inlet_left_faces)
    faceSet demote_to_wall now size 18
Time = 250
    mesh not changed.
Created faceSet outlet_tm_faces
    Applying source patchToFace
    Adding all faces of patches: (outlet_tm) ...
    Found matching patch outlet_tm with 6 faces
    faceSet outlet_tm_faces now size 6
Read set faceSet outlet_tm_faces size:6
    Applying source patchToFace
    Adding all faces of patches: (wall) ...
    Found matching patch wall with 554 faces
    faceSet outlet_tm_faces now size 560
Read set faceSet outlet_tm_faces size:560
    Applying source patchToFace
    Adding all faces of patches: (iris_wall) ...
    Found matching patch iris_wall with 240 faces
    faceSet outlet_tm_faces now size 800
Read set faceSet outlet_tm_faces size:800
    Applying source patchToFace
    Adding all faces of patches: (demote_wall) ...
--> FOAM Warning : 
    From Foam::labelHashSet Foam::polyBoundaryMesh::patchSet(const Foam::UList<Foam::wordRe>&, bool, bool) const
    in file meshes/polyMesh/polyBoundaryMesh/polyBoundaryMesh.C at line 1158
    Cannot find any patch names matching demote_wall
--> FOAM Warning : 
    From void Foam::patchToFace::combine(Foam::topoSet&, bool) const
    in file topoSet/faceSources/patchToFace/patchToFace.C at line 96
    Cannot find any patches matching (demote_wall)
Valid names: (wall iris_wall outlet_tm lens_wall ac_inlet ac_inlet_left outlet_tm_left defaultFaces)
    faceSet outlet_tm_faces now size 800
Read set faceSet outlet_tm_faces size:800
    Applying source boxToFace
    Adding faces with centre within boxes 1((0.00682 -0.00462 -1e-05) (0.00692 -0.0045 0.001001))
    faceSet outlet_tm_faces now size 1
Created faceSet outlet_tm_left_faces
    Applying source patchToFace
    Adding all faces of patches: (outlet_tm_left) ...
    Found matching patch outlet_tm_left with 6 faces
    faceSet outlet_tm_left_faces now size 6
Read set faceSet outlet_tm_left_faces size:6
    Applying source patchToFace
    Adding all faces of patches: (wall) ...
    Found matching patch wall with 554 faces
    faceSet outlet_tm_left_faces now size 560
Read set faceSet outlet_tm_left_faces size:560
    Applying source patchToFace
    Adding all faces of patches: (iris_wall) ...
    Found matching patch iris_wall with 240 faces
    faceSet outlet_tm_left_faces now size 800
Read set faceSet outlet_tm_left_faces size:800
    Applying source patchToFace
    Adding all faces of patches: (demote_wall) ...
--> FOAM Warning : 
    From Foam::labelHashSet Foam::polyBoundaryMesh::patchSet(const Foam::UList<Foam::wordRe>&, bool, bool) const
    in file meshes/polyMesh/polyBoundaryMesh/polyBoundaryMesh.C at line 1158
    Cannot find any patch names matching demote_wall
--> FOAM Warning : 
    From void Foam::patchToFace::combine(Foam::topoSet&, bool) const
    in file topoSet/faceSources/patchToFace/patchToFace.C at line 96
    Cannot find any patches matching (demote_wall)
Valid names: (wall iris_wall outlet_tm lens_wall ac_inlet ac_inlet_left outlet_tm_left defaultFaces)
    faceSet outlet_tm_left_faces now size 800
Read set faceSet outlet_tm_left_faces size:800
    Applying source boxToFace
    Adding faces with centre within boxes 1((-0.00692 -0.00462 -1e-05) (-0.00682 -0.0045 0.001001))
    faceSet outlet_tm_left_faces now size 1
Created faceSet ac_inlet_faces
    Applying source patchToFace
    Adding all faces of patches: (ac_inlet) ...
    Found matching patch ac_inlet with 5 faces
    faceSet ac_inlet_faces now size 5
Read set faceSet ac_inlet_faces size:5
    Applying source patchToFace
    Adding all faces of patches: (wall) ...
    Found matching patch wall with 554 faces
    faceSet ac_inlet_faces now size 559
Read set faceSet ac_inlet_faces size:559
    Applying source patchToFace
    Adding all faces of patches: (iris_wall) ...
    Found matching patch iris_wall with 240 faces
    faceSet ac_inlet_faces now size 799
Read set faceSet ac_inlet_faces size:799
    Applying source patchToFace
    Adding all faces of patches: (demote_wall) ...
--> FOAM Warning : 
    From Foam::labelHashSet Foam::polyBoundaryMesh::patchSet(const Foam::UList<Foam::wordRe>&, bool, bool) const
    in file meshes/polyMesh/polyBoundaryMesh/polyBoundaryMesh.C at line 1158
    Cannot find any patch names matching demote_wall
--> FOAM Warning : 
    From void Foam::patchToFace::combine(Foam::topoSet&, bool) const
    in file topoSet/faceSources/patchToFace/patchToFace.C at line 96
    Cannot find any patches matching (demote_wall)
Valid names: (wall iris_wall outlet_tm lens_wall ac_inlet ac_inlet_left outlet_tm_left defaultFaces)
    faceSet ac_inlet_faces now size 799
Read set faceSet ac_inlet_faces size:799
    Applying source boxToFace
    Adding faces with centre within boxes 1((0.00692 -0.00366 -1e-05) (0.007 -0.00355 0.001001))
    faceSet ac_inlet_faces now size 1
Created faceSet ac_inlet_left_faces
    Applying source patchToFace
    Adding all faces of patches: (ac_inlet_left) ...
    Found matching patch ac_inlet_left with 5 faces
    faceSet ac_inlet_left_faces now size 5
Read set faceSet ac_inlet_left_faces size:5
    Applying source patchToFace
    Adding all faces of patches: (wall) ...
    Found matching patch wall with 554 faces
    faceSet ac_inlet_left_faces now size 559
Read set faceSet ac_inlet_left_faces size:559
    Applying source patchToFace
    Adding all faces of patches: (iris_wall) ...
    Found matching patch iris_wall with 240 faces
    faceSet ac_inlet_left_faces now size 799
Read set faceSet ac_inlet_left_faces size:799
    Applying source patchToFace
    Adding all faces of patches: (demote_wall) ...
--> FOAM Warning : 
    From Foam::labelHashSet Foam::polyBoundaryMesh::patchSet(const Foam::UList<Foam::wordRe>&, bool, bool) const
    in file meshes/polyMesh/polyBoundaryMesh/polyBoundaryMesh.C at line 1158
    Cannot find any patch names matching demote_wall
--> FOAM Warning : 
    From void Foam::patchToFace::combine(Foam::topoSet&, bool) const
    in file topoSet/faceSources/patchToFace/patchToFace.C at line 96
    Cannot find any patches matching (demote_wall)
Valid names: (wall iris_wall outlet_tm lens_wall ac_inlet ac_inlet_left outlet_tm_left defaultFaces)
    faceSet ac_inlet_left_faces now size 799
Read set faceSet ac_inlet_left_faces size:799
    Applying source boxToFace
    Adding faces with centre within boxes 1((-0.007 -0.00366 -1e-05) (-0.00692 -0.00355 0.001001))
    faceSet ac_inlet_left_faces now size 1
Created faceSet demote_to_wall
    Applying source patchToFace
    Adding all faces of patches: (outlet_tm) ...
    Found matching patch outlet_tm with 6 faces
    faceSet demote_to_wall now size 6
Read set faceSet demote_to_wall size:6
    Applying source patchToFace
    Adding all faces of patches: (outlet_tm_left) ...
    Found matching patch outlet_tm_left with 6 faces
    faceSet demote_to_wall now size 12
Read set faceSet demote_to_wall size:12
    Applying source patchToFace
    Adding all faces of patches: (ac_inlet) ...
    Found matching patch ac_inlet with 5 faces
    faceSet demote_to_wall now size 17
Read set faceSet demote_to_wall size:17
    Applying source patchToFace
    Adding all faces of patches: (ac_inlet_left) ...
    Found matching patch ac_inlet_left with 5 faces
    faceSet demote_to_wall now size 22
Read set faceSet demote_to_wall size:22
    Applying source faceToFace
    Removing all elements of face sets: (outlet_tm_faces)
    faceSet demote_to_wall now size 21
Read set faceSet demote_to_wall size:21
    Applying source faceToFace
    Removing all elements of face sets: (outlet_tm_left_faces)
    faceSet demote_to_wall now size 20
Read set faceSet demote_to_wall size:20
    Applying source faceToFace
    Removing all elements of face sets: (ac_inlet_faces)
    faceSet demote_to_wall now size 19
Read set faceSet demote_to_wall size:19
    Applying source faceToFace
    Removing all elements of face sets: (ac_inlet_left_faces)
    faceSet demote_to_wall now size 18
Time = 251
    mesh not changed.
Created faceSet outlet_tm_faces
    Applying source patchToFace
    Adding all faces of patches: (outlet_tm) ...
    Found matching patch outlet_tm with 6 faces
    faceSet outlet_tm_faces now size 6
Read set faceSet outlet_tm_faces size:6
    Applying source patchToFace
    Adding all faces of patches: (wall) ...
    Found matching patch wall with 554 faces
    faceSet outlet_tm_faces now size 560
Read set faceSet outlet_tm_faces size:560
    Applying source patchToFace
    Adding all faces of patches: (iris_wall) ...
    Found matching patch iris_wall with 240 faces
    faceSet outlet_tm_faces now size 800
Read set faceSet outlet_tm_faces size:800
    Applying source patchToFace
    Adding all faces of patches: (demote_wall) ...
--> FOAM Warning : 
    From Foam::labelHashSet Foam::polyBoundaryMesh::patchSet(const Foam::UList<Foam::wordRe>&, bool, bool) const
    in file meshes/polyMesh/polyBoundaryMesh/polyBoundaryMesh.C at line 1158
    Cannot find any patch names matching demote_wall
--> FOAM Warning : 
    From void Foam::patchToFace::combine(Foam::topoSet&, bool) const
    in file topoSet/faceSources/patchToFace/patchToFace.C at line 96
    Cannot find any patches matching (demote_wall)
Valid names: (wall iris_wall outlet_tm lens_wall ac_inlet ac_inlet_left outlet_tm_left defaultFaces)
    faceSet outlet_tm_faces now size 800
Read set faceSet outlet_tm_faces size:800
    Applying source boxToFace
    Adding faces with centre within boxes 1((0.00682 -0.00462 -1e-05) (0.00692 -0.0045 0.001001))
    faceSet outlet_tm_faces now size 1
Created faceSet outlet_tm_left_faces
    Applying source patchToFace
    Adding all faces of patches: (outlet_tm_left) ...
    Found matching patch outlet_tm_left with 6 faces
    faceSet outlet_tm_left_faces now size 6
Read set faceSet outlet_tm_left_faces size:6
    Applying source patchToFace
    Adding all faces of patches: (wall) ...
    Found matching patch wall with 554 faces
    faceSet outlet_tm_left_faces now size 560
Read set faceSet outlet_tm_left_faces size:560
    Applying source patchToFace
    Adding all faces of patches: (iris_wall) ...
    Found matching patch iris_wall with 240 faces
    faceSet outlet_tm_left_faces now size 800
Read set faceSet outlet_tm_left_faces size:800
    Applying source patchToFace
    Adding all faces of patches: (demote_wall) ...
--> FOAM Warning : 
    From Foam::labelHashSet Foam::polyBoundaryMesh::patchSet(const Foam::UList<Foam::wordRe>&, bool, bool) const
    in file meshes/polyMesh/polyBoundaryMesh/polyBoundaryMesh.C at line 1158
    Cannot find any patch names matching demote_wall
--> FOAM Warning : 
    From void Foam::patchToFace::combine(Foam::topoSet&, bool) const
    in file topoSet/faceSources/patchToFace/patchToFace.C at line 96
    Cannot find any patches matching (demote_wall)
Valid names: (wall iris_wall outlet_tm lens_wall ac_inlet ac_inlet_left outlet_tm_left defaultFaces)
    faceSet outlet_tm_left_faces now size 800
Read set faceSet outlet_tm_left_faces size:800
    Applying source boxToFace
    Adding faces with centre within boxes 1((-0.00692 -0.00462 -1e-05) (-0.00682 -0.0045 0.001001))
    faceSet outlet_tm_left_faces now size 1
Created faceSet ac_inlet_faces
    Applying source patchToFace
    Adding all faces of patches: (ac_inlet) ...
    Found matching patch ac_inlet with 5 faces
    faceSet ac_inlet_faces now size 5
Read set faceSet ac_inlet_faces size:5
    Applying source patchToFace
    Adding all faces of patches: (wall) ...
    Found matching patch wall with 554 faces
    faceSet ac_inlet_faces now size 559
Read set faceSet ac_inlet_faces size:559
    Applying source patchToFace
    Adding all faces of patches: (iris_wall) ...
    Found matching patch iris_wall with 240 faces
    faceSet ac_inlet_faces now size 799
Read set faceSet ac_inlet_faces size:799
    Applying source patchToFace
    Adding all faces of patches: (demote_wall) ...
--> FOAM Warning : 
    From Foam::labelHashSet Foam::polyBoundaryMesh::patchSet(const Foam::UList<Foam::wordRe>&, bool, bool) const
    in file meshes/polyMesh/polyBoundaryMesh/polyBoundaryMesh.C at line 1158
    Cannot find any patch names matching demote_wall
--> FOAM Warning : 
    From void Foam::patchToFace::combine(Foam::topoSet&, bool) const
    in file topoSet/faceSources/patchToFace/patchToFace.C at line 96
    Cannot find any patches matching (demote_wall)
Valid names: (wall iris_wall outlet_tm lens_wall ac_inlet ac_inlet_left outlet_tm_left defaultFaces)
    faceSet ac_inlet_faces now size 799
Read set faceSet ac_inlet_faces size:799
    Applying source boxToFace
    Adding faces with centre within boxes 1((0.00692 -0.00366 -1e-05) (0.007 -0.00355 0.001001))
    faceSet ac_inlet_faces now size 1
Created faceSet ac_inlet_left_faces
    Applying source patchToFace
    Adding all faces of patches: (ac_inlet_left) ...
    Found matching patch ac_inlet_left with 5 faces
    faceSet ac_inlet_left_faces now size 5
Read set faceSet ac_inlet_left_faces size:5
    Applying source patchToFace
    Adding all faces of patches: (wall) ...
    Found matching patch wall with 554 faces
    faceSet ac_inlet_left_faces now size 559
Read set faceSet ac_inlet_left_faces size:559
    Applying source patchToFace
    Adding all faces of patches: (iris_wall) ...
    Found matching patch iris_wall with 240 faces
    faceSet ac_inlet_left_faces now size 799
Read set faceSet ac_inlet_left_faces size:799
    Applying source patchToFace
    Adding all faces of patches: (demote_wall) ...
--> FOAM Warning : 
    From Foam::labelHashSet Foam::polyBoundaryMesh::patchSet(const Foam::UList<Foam::wordRe>&, bool, bool) const
    in file meshes/polyMesh/polyBoundaryMesh/polyBoundaryMesh.C at line 1158
    Cannot find any patch names matching demote_wall
--> FOAM Warning : 
    From void Foam::patchToFace::combine(Foam::topoSet&, bool) const
    in file topoSet/faceSources/patchToFace/patchToFace.C at line 96
    Cannot find any patches matching (demote_wall)
Valid names: (wall iris_wall outlet_tm lens_wall ac_inlet ac_inlet_left outlet_tm_left defaultFaces)
    faceSet ac_inlet_left_faces now size 799
Read set faceSet ac_inlet_left_faces size:799
    Applying source boxToFace
    Adding faces with centre within boxes 1((-0.007 -0.00366 -1e-05) (-0.00692 -0.00355 0.001001))
    faceSet ac_inlet_left_faces now size 1
Created faceSet demote_to_wall
    Applying source patchToFace
    Adding all faces of patches: (outlet_tm) ...
    Found matching patch outlet_tm with 6 faces
    faceSet demote_to_wall now size 6
Read set faceSet demote_to_wall size:6
    Applying source patchToFace
    Adding all faces of patches: (outlet_tm_left) ...
    Found matching patch outlet_tm_left with 6 faces
    faceSet demote_to_wall now size 12
Read set faceSet demote_to_wall size:12
    Applying source patchToFace
    Adding all faces of patches: (ac_inlet) ...
    Found matching patch ac_inlet with 5 faces
    faceSet demote_to_wall now size 17
Read set faceSet demote_to_wall size:17
    Applying source patchToFace
    Adding all faces of patches: (ac_inlet_left) ...
    Found matching patch ac_inlet_left with 5 faces
    faceSet demote_to_wall now size 22
Read set faceSet demote_to_wall size:22
    Applying source faceToFace
    Removing all elements of face sets: (outlet_tm_faces)
    faceSet demote_to_wall now size 21
Read set faceSet demote_to_wall size:21
    Applying source faceToFace
    Removing all elements of face sets: (outlet_tm_left_faces)
    faceSet demote_to_wall now size 20
Read set faceSet demote_to_wall size:20
    Applying source faceToFace
    Removing all elements of face sets: (ac_inlet_faces)
    faceSet demote_to_wall now size 19
Read set faceSet demote_to_wall size:19
    Applying source faceToFace
    Removing all elements of face sets: (ac_inlet_left_faces)
    faceSet demote_to_wall now size 18
Time = 300
    mesh not changed.
Created faceSet outlet_tm_faces
    Applying source patchToFace
    Adding all faces of patches: (outlet_tm) ...
    Found matching patch outlet_tm with 6 faces
    faceSet outlet_tm_faces now size 6
Read set faceSet outlet_tm_faces size:6
    Applying source patchToFace
    Adding all faces of patches: (wall) ...
    Found matching patch wall with 554 faces
    faceSet outlet_tm_faces now size 560
Read set faceSet outlet_tm_faces size:560
    Applying source patchToFace
    Adding all faces of patches: (iris_wall) ...
    Found matching patch iris_wall with 240 faces
    faceSet outlet_tm_faces now size 800
Read set faceSet outlet_tm_faces size:800
    Applying source patchToFace
    Adding all faces of patches: (demote_wall) ...
--> FOAM Warning : 
    From Foam::labelHashSet Foam::polyBoundaryMesh::patchSet(const Foam::UList<Foam::wordRe>&, bool, bool) const
    in file meshes/polyMesh/polyBoundaryMesh/polyBoundaryMesh.C at line 1158
    Cannot find any patch names matching demote_wall
--> FOAM Warning : 
    From void Foam::patchToFace::combine(Foam::topoSet&, bool) const
    in file topoSet/faceSources/patchToFace/patchToFace.C at line 96
    Cannot find any patches matching (demote_wall)
Valid names: (wall iris_wall outlet_tm lens_wall ac_inlet ac_inlet_left outlet_tm_left defaultFaces)
    faceSet outlet_tm_faces now size 800
Read set faceSet outlet_tm_faces size:800
    Applying source boxToFace
    Adding faces with centre within boxes 1((0.00682 -0.00462 -1e-05) (0.00692 -0.0045 0.001001))
    faceSet outlet_tm_faces now size 1
Created faceSet outlet_tm_left_faces
    Applying source patchToFace
    Adding all faces of patches: (outlet_tm_left) ...
    Found matching patch outlet_tm_left with 6 faces
    faceSet outlet_tm_left_faces now size 6
Read set faceSet outlet_tm_left_faces size:6
    Applying source patchToFace
    Adding all faces of patches: (wall) ...
    Found matching patch wall with 554 faces
    faceSet outlet_tm_left_faces now size 560
Read set faceSet outlet_tm_left_faces size:560
    Applying source patchToFace
    Adding all faces of patches: (iris_wall) ...
    Found matching patch iris_wall with 240 faces
    faceSet outlet_tm_left_faces now size 800
Read set faceSet outlet_tm_left_faces size:800
    Applying source patchToFace
    Adding all faces of patches: (demote_wall) ...
--> FOAM Warning : 
    From Foam::labelHashSet Foam::polyBoundaryMesh::patchSet(const Foam::UList<Foam::wordRe>&, bool, bool) const
    in file meshes/polyMesh/polyBoundaryMesh/polyBoundaryMesh.C at line 1158
    Cannot find any patch names matching demote_wall
--> FOAM Warning : 
    From void Foam::patchToFace::combine(Foam::topoSet&, bool) const
    in file topoSet/faceSources/patchToFace/patchToFace.C at line 96
    Cannot find any patches matching (demote_wall)
Valid names: (wall iris_wall outlet_tm lens_wall ac_inlet ac_inlet_left outlet_tm_left defaultFaces)
    faceSet outlet_tm_left_faces now size 800
Read set faceSet outlet_tm_left_faces size:800
    Applying source boxToFace
    Adding faces with centre within boxes 1((-0.00692 -0.00462 -1e-05) (-0.00682 -0.0045 0.001001))
    faceSet outlet_tm_left_faces now size 1
Created faceSet ac_inlet_faces
    Applying source patchToFace
    Adding all faces of patches: (ac_inlet) ...
    Found matching patch ac_inlet with 5 faces
    faceSet ac_inlet_faces now size 5
Read set faceSet ac_inlet_faces size:5
    Applying source patchToFace
    Adding all faces of patches: (wall) ...
    Found matching patch wall with 554 faces
    faceSet ac_inlet_faces now size 559
Read set faceSet ac_inlet_faces size:559
    Applying source patchToFace
    Adding all faces of patches: (iris_wall) ...
    Found matching patch iris_wall with 240 faces
    faceSet ac_inlet_faces now size 799
Read set faceSet ac_inlet_faces size:799
    Applying source patchToFace
    Adding all faces of patches: (demote_wall) ...
--> FOAM Warning : 
    From Foam::labelHashSet Foam::polyBoundaryMesh::patchSet(const Foam::UList<Foam::wordRe>&, bool, bool) const
    in file meshes/polyMesh/polyBoundaryMesh/polyBoundaryMesh.C at line 1158
    Cannot find any patch names matching demote_wall
--> FOAM Warning : 
    From void Foam::patchToFace::combine(Foam::topoSet&, bool) const
    in file topoSet/faceSources/patchToFace/patchToFace.C at line 96
    Cannot find any patches matching (demote_wall)
Valid names: (wall iris_wall outlet_tm lens_wall ac_inlet ac_inlet_left outlet_tm_left defaultFaces)
    faceSet ac_inlet_faces now size 799
Read set faceSet ac_inlet_faces size:799
    Applying source boxToFace
    Adding faces with centre within boxes 1((0.00692 -0.00366 -1e-05) (0.007 -0.00355 0.001001))
    faceSet ac_inlet_faces now size 1
Created faceSet ac_inlet_left_faces
    Applying source patchToFace
    Adding all faces of patches: (ac_inlet_left) ...
    Found matching patch ac_inlet_left with 5 faces
    faceSet ac_inlet_left_faces now size 5
Read set faceSet ac_inlet_left_faces size:5
    Applying source patchToFace
    Adding all faces of patches: (wall) ...
    Found matching patch wall with 554 faces
    faceSet ac_inlet_left_faces now size 559
Read set faceSet ac_inlet_left_faces size:559
    Applying source patchToFace
    Adding all faces of patches: (iris_wall) ...
    Found matching patch iris_wall with 240 faces
    faceSet ac_inlet_left_faces now size 799
Read set faceSet ac_inlet_left_faces size:799
    Applying source patchToFace
    Adding all faces of patches: (demote_wall) ...
--> FOAM Warning : 
    From Foam::labelHashSet Foam::polyBoundaryMesh::patchSet(const Foam::UList<Foam::wordRe>&, bool, bool) const
    in file meshes/polyMesh/polyBoundaryMesh/polyBoundaryMesh.C at line 1158
    Cannot find any patch names matching demote_wall
--> FOAM Warning : 
    From void Foam::patchToFace::combine(Foam::topoSet&, bool) const
    in file topoSet/faceSources/patchToFace/patchToFace.C at line 96
    Cannot find any patches matching (demote_wall)
Valid names: (wall iris_wall outlet_tm lens_wall ac_inlet ac_inlet_left outlet_tm_left defaultFaces)
    faceSet ac_inlet_left_faces now size 799
Read set faceSet ac_inlet_left_faces size:799
    Applying source boxToFace
    Adding faces with centre within boxes 1((-0.007 -0.00366 -1e-05) (-0.00692 -0.00355 0.001001))
    faceSet ac_inlet_left_faces now size 1
Created faceSet demote_to_wall
    Applying source patchToFace
    Adding all faces of patches: (outlet_tm) ...
    Found matching patch outlet_tm with 6 faces
    faceSet demote_to_wall now size 6
Read set faceSet demote_to_wall size:6
    Applying source patchToFace
    Adding all faces of patches: (outlet_tm_left) ...
    Found matching patch outlet_tm_left with 6 faces
    faceSet demote_to_wall now size 12
Read set faceSet demote_to_wall size:12
    Applying source patchToFace
    Adding all faces of patches: (ac_inlet) ...
    Found matching patch ac_inlet with 5 faces
    faceSet demote_to_wall now size 17
Read set faceSet demote_to_wall size:17
    Applying source patchToFace
    Adding all faces of patches: (ac_inlet_left) ...
    Found matching patch ac_inlet_left with 5 faces
    faceSet demote_to_wall now size 22
Read set faceSet demote_to_wall size:22
    Applying source faceToFace
    Removing all elements of face sets: (outlet_tm_faces)
    faceSet demote_to_wall now size 21
Read set faceSet demote_to_wall size:21
    Applying source faceToFace
    Removing all elements of face sets: (outlet_tm_left_faces)
    faceSet demote_to_wall now size 20
Read set faceSet demote_to_wall size:20
    Applying source faceToFace
    Removing all elements of face sets: (ac_inlet_faces)
    faceSet demote_to_wall now size 19
Read set faceSet demote_to_wall size:19
    Applying source faceToFace
    Removing all elements of face sets: (ac_inlet_left_faces)
    faceSet demote_to_wall now size 18
Time = 350
    mesh not changed.
Created faceSet outlet_tm_faces
    Applying source patchToFace
    Adding all faces of patches: (outlet_tm) ...
    Found matching patch outlet_tm with 6 faces
    faceSet outlet_tm_faces now size 6
Read set faceSet outlet_tm_faces size:6
    Applying source patchToFace
    Adding all faces of patches: (wall) ...
    Found matching patch wall with 554 faces
    faceSet outlet_tm_faces now size 560
Read set faceSet outlet_tm_faces size:560
    Applying source patchToFace
    Adding all faces of patches: (iris_wall) ...
    Found matching patch iris_wall with 240 faces
    faceSet outlet_tm_faces now size 800
Read set faceSet outlet_tm_faces size:800
    Applying source patchToFace
    Adding all faces of patches: (demote_wall) ...
--> FOAM Warning : 
    From Foam::labelHashSet Foam::polyBoundaryMesh::patchSet(const Foam::UList<Foam::wordRe>&, bool, bool) const
    in file meshes/polyMesh/polyBoundaryMesh/polyBoundaryMesh.C at line 1158
    Cannot find any patch names matching demote_wall
--> FOAM Warning : 
    From void Foam::patchToFace::combine(Foam::topoSet&, bool) const
    in file topoSet/faceSources/patchToFace/patchToFace.C at line 96
    Cannot find any patches matching (demote_wall)
Valid names: (wall iris_wall outlet_tm lens_wall ac_inlet ac_inlet_left outlet_tm_left defaultFaces)
    faceSet outlet_tm_faces now size 800
Read set faceSet outlet_tm_faces size:800
    Applying source boxToFace
    Adding faces with centre within boxes 1((0.00682 -0.00462 -1e-05) (0.00692 -0.0045 0.001001))
    faceSet outlet_tm_faces now size 1
Created faceSet outlet_tm_left_faces
    Applying source patchToFace
    Adding all faces of patches: (outlet_tm_left) ...
    Found matching patch outlet_tm_left with 6 faces
    faceSet outlet_tm_left_faces now size 6
Read set faceSet outlet_tm_left_faces size:6
    Applying source patchToFace
    Adding all faces of patches: (wall) ...
    Found matching patch wall with 554 faces
    faceSet outlet_tm_left_faces now size 560
Read set faceSet outlet_tm_left_faces size:560
    Applying source patchToFace
    Adding all faces of patches: (iris_wall) ...
    Found matching patch iris_wall with 240 faces
    faceSet outlet_tm_left_faces now size 800
Read set faceSet outlet_tm_left_faces size:800
    Applying source patchToFace
    Adding all faces of patches: (demote_wall) ...
--> FOAM Warning : 
    From Foam::labelHashSet Foam::polyBoundaryMesh::patchSet(const Foam::UList<Foam::wordRe>&, bool, bool) const
    in file meshes/polyMesh/polyBoundaryMesh/polyBoundaryMesh.C at line 1158
    Cannot find any patch names matching demote_wall
--> FOAM Warning : 
    From void Foam::patchToFace::combine(Foam::topoSet&, bool) const
    in file topoSet/faceSources/patchToFace/patchToFace.C at line 96
    Cannot find any patches matching (demote_wall)
Valid names: (wall iris_wall outlet_tm lens_wall ac_inlet ac_inlet_left outlet_tm_left defaultFaces)
    faceSet outlet_tm_left_faces now size 800
Read set faceSet outlet_tm_left_faces size:800
    Applying source boxToFace
    Adding faces with centre within boxes 1((-0.00692 -0.00462 -1e-05) (-0.00682 -0.0045 0.001001))
    faceSet outlet_tm_left_faces now size 1
Created faceSet ac_inlet_faces
    Applying source patchToFace
    Adding all faces of patches: (ac_inlet) ...
    Found matching patch ac_inlet with 5 faces
    faceSet ac_inlet_faces now size 5
Read set faceSet ac_inlet_faces size:5
    Applying source patchToFace
    Adding all faces of patches: (wall) ...
    Found matching patch wall with 554 faces
    faceSet ac_inlet_faces now size 559
Read set faceSet ac_inlet_faces size:559
    Applying source patchToFace
    Adding all faces of patches: (iris_wall) ...
    Found matching patch iris_wall with 240 faces
    faceSet ac_inlet_faces now size 799
Read set faceSet ac_inlet_faces size:799
    Applying source patchToFace
    Adding all faces of patches: (demote_wall) ...
--> FOAM Warning : 
    From Foam::labelHashSet Foam::polyBoundaryMesh::patchSet(const Foam::UList<Foam::wordRe>&, bool, bool) const
    in file meshes/polyMesh/polyBoundaryMesh/polyBoundaryMesh.C at line 1158
    Cannot find any patch names matching demote_wall
--> FOAM Warning : 
    From void Foam::patchToFace::combine(Foam::topoSet&, bool) const
    in file topoSet/faceSources/patchToFace/patchToFace.C at line 96
    Cannot find any patches matching (demote_wall)
Valid names: (wall iris_wall outlet_tm lens_wall ac_inlet ac_inlet_left outlet_tm_left defaultFaces)
    faceSet ac_inlet_faces now size 799
Read set faceSet ac_inlet_faces size:799
    Applying source boxToFace
    Adding faces with centre within boxes 1((0.00692 -0.00366 -1e-05) (0.007 -0.00355 0.001001))
    faceSet ac_inlet_faces now size 1
Created faceSet ac_inlet_left_faces
    Applying source patchToFace
    Adding all faces of patches: (ac_inlet_left) ...
    Found matching patch ac_inlet_left with 5 faces
    faceSet ac_inlet_left_faces now size 5
Read set faceSet ac_inlet_left_faces size:5
    Applying source patchToFace
    Adding all faces of patches: (wall) ...
    Found matching patch wall with 554 faces
    faceSet ac_inlet_left_faces now size 559
Read set faceSet ac_inlet_left_faces size:559
    Applying source patchToFace
    Adding all faces of patches: (iris_wall) ...
    Found matching patch iris_wall with 240 faces
    faceSet ac_inlet_left_faces now size 799
Read set faceSet ac_inlet_left_faces size:799
    Applying source patchToFace
    Adding all faces of patches: (demote_wall) ...
--> FOAM Warning : 
    From Foam::labelHashSet Foam::polyBoundaryMesh::patchSet(const Foam::UList<Foam::wordRe>&, bool, bool) const
    in file meshes/polyMesh/polyBoundaryMesh/polyBoundaryMesh.C at line 1158
    Cannot find any patch names matching demote_wall
--> FOAM Warning : 
    From void Foam::patchToFace::combine(Foam::topoSet&, bool) const
    in file topoSet/faceSources/patchToFace/patchToFace.C at line 96
    Cannot find any patches matching (demote_wall)
Valid names: (wall iris_wall outlet_tm lens_wall ac_inlet ac_inlet_left outlet_tm_left defaultFaces)
    faceSet ac_inlet_left_faces now size 799
Read set faceSet ac_inlet_left_faces size:799
    Applying source boxToFace
    Adding faces with centre within boxes 1((-0.007 -0.00366 -1e-05) (-0.00692 -0.00355 0.001001))
    faceSet ac_inlet_left_faces now size 1
Created faceSet demote_to_wall
    Applying source patchToFace
    Adding all faces of patches: (outlet_tm) ...
    Found matching patch outlet_tm with 6 faces
    faceSet demote_to_wall now size 6
Read set faceSet demote_to_wall size:6
    Applying source patchToFace
    Adding all faces of patches: (outlet_tm_left) ...
    Found matching patch outlet_tm_left with 6 faces
    faceSet demote_to_wall now size 12
Read set faceSet demote_to_wall size:12
    Applying source patchToFace
    Adding all faces of patches: (ac_inlet) ...
    Found matching patch ac_inlet with 5 faces
    faceSet demote_to_wall now size 17
Read set faceSet demote_to_wall size:17
    Applying source patchToFace
    Adding all faces of patches: (ac_inlet_left) ...
    Found matching patch ac_inlet_left with 5 faces
    faceSet demote_to_wall now size 22
Read set faceSet demote_to_wall size:22
    Applying source faceToFace
    Removing all elements of face sets: (outlet_tm_faces)
    faceSet demote_to_wall now size 21
Read set faceSet demote_to_wall size:21
    Applying source faceToFace
    Removing all elements of face sets: (outlet_tm_left_faces)
    faceSet demote_to_wall now size 20
Read set faceSet demote_to_wall size:20
    Applying source faceToFace
    Removing all elements of face sets: (ac_inlet_faces)
    faceSet demote_to_wall now size 19
Read set faceSet demote_to_wall size:19
    Applying source faceToFace
    Removing all elements of face sets: (ac_inlet_left_faces)
    faceSet demote_to_wall now size 18
Time = 400
    mesh not changed.
Created faceSet outlet_tm_faces
    Applying source patchToFace
    Adding all faces of patches: (outlet_tm) ...
    Found matching patch outlet_tm with 6 faces
    faceSet outlet_tm_faces now size 6
Read set faceSet outlet_tm_faces size:6
    Applying source patchToFace
    Adding all faces of patches: (wall) ...
    Found matching patch wall with 554 faces
    faceSet outlet_tm_faces now size 560
Read set faceSet outlet_tm_faces size:560
    Applying source patchToFace
    Adding all faces of patches: (iris_wall) ...
    Found matching patch iris_wall with 240 faces
    faceSet outlet_tm_faces now size 800
Read set faceSet outlet_tm_faces size:800
    Applying source patchToFace
    Adding all faces of patches: (demote_wall) ...
--> FOAM Warning : 
    From Foam::labelHashSet Foam::polyBoundaryMesh::patchSet(const Foam::UList<Foam::wordRe>&, bool, bool) const
    in file meshes/polyMesh/polyBoundaryMesh/polyBoundaryMesh.C at line 1158
    Cannot find any patch names matching demote_wall
--> FOAM Warning : 
    From void Foam::patchToFace::combine(Foam::topoSet&, bool) const
    in file topoSet/faceSources/patchToFace/patchToFace.C at line 96
    Cannot find any patches matching (demote_wall)
Valid names: (wall iris_wall outlet_tm lens_wall ac_inlet ac_inlet_left outlet_tm_left defaultFaces)
    faceSet outlet_tm_faces now size 800
Read set faceSet outlet_tm_faces size:800
    Applying source boxToFace
    Adding faces with centre within boxes 1((0.00682 -0.00462 -1e-05) (0.00692 -0.0045 0.001001))
    faceSet outlet_tm_faces now size 1
Created faceSet outlet_tm_left_faces
    Applying source patchToFace
    Adding all faces of patches: (outlet_tm_left) ...
    Found matching patch outlet_tm_left with 6 faces
    faceSet outlet_tm_left_faces now size 6
Read set faceSet outlet_tm_left_faces size:6
    Applying source patchToFace
    Adding all faces of patches: (wall) ...
    Found matching patch wall with 554 faces
    faceSet outlet_tm_left_faces now size 560
Read set faceSet outlet_tm_left_faces size:560
    Applying source patchToFace
    Adding all faces of patches: (iris_wall) ...
    Found matching patch iris_wall with 240 faces
    faceSet outlet_tm_left_faces now size 800
Read set faceSet outlet_tm_left_faces size:800
    Applying source patchToFace
    Adding all faces of patches: (demote_wall) ...
--> FOAM Warning : 
    From Foam::labelHashSet Foam::polyBoundaryMesh::patchSet(const Foam::UList<Foam::wordRe>&, bool, bool) const
    in file meshes/polyMesh/polyBoundaryMesh/polyBoundaryMesh.C at line 1158
    Cannot find any patch names matching demote_wall
--> FOAM Warning : 
    From void Foam::patchToFace::combine(Foam::topoSet&, bool) const
    in file topoSet/faceSources/patchToFace/patchToFace.C at line 96
    Cannot find any patches matching (demote_wall)
Valid names: (wall iris_wall outlet_tm lens_wall ac_inlet ac_inlet_left outlet_tm_left defaultFaces)
    faceSet outlet_tm_left_faces now size 800
Read set faceSet outlet_tm_left_faces size:800
    Applying source boxToFace
    Adding faces with centre within boxes 1((-0.00692 -0.00462 -1e-05) (-0.00682 -0.0045 0.001001))
    faceSet outlet_tm_left_faces now size 1
Created faceSet ac_inlet_faces
    Applying source patchToFace
    Adding all faces of patches: (ac_inlet) ...
    Found matching patch ac_inlet with 5 faces
    faceSet ac_inlet_faces now size 5
Read set faceSet ac_inlet_faces size:5
    Applying source patchToFace
    Adding all faces of patches: (wall) ...
    Found matching patch wall with 554 faces
    faceSet ac_inlet_faces now size 559
Read set faceSet ac_inlet_faces size:559
    Applying source patchToFace
    Adding all faces of patches: (iris_wall) ...
    Found matching patch iris_wall with 240 faces
    faceSet ac_inlet_faces now size 799
Read set faceSet ac_inlet_faces size:799
    Applying source patchToFace
    Adding all faces of patches: (demote_wall) ...
--> FOAM Warning : 
    From Foam::labelHashSet Foam::polyBoundaryMesh::patchSet(const Foam::UList<Foam::wordRe>&, bool, bool) const
    in file meshes/polyMesh/polyBoundaryMesh/polyBoundaryMesh.C at line 1158
    Cannot find any patch names matching demote_wall
--> FOAM Warning : 
    From void Foam::patchToFace::combine(Foam::topoSet&, bool) const
    in file topoSet/faceSources/patchToFace/patchToFace.C at line 96
    Cannot find any patches matching (demote_wall)
Valid names: (wall iris_wall outlet_tm lens_wall ac_inlet ac_inlet_left outlet_tm_left defaultFaces)
    faceSet ac_inlet_faces now size 799
Read set faceSet ac_inlet_faces size:799
    Applying source boxToFace
    Adding faces with centre within boxes 1((0.00692 -0.00366 -1e-05) (0.007 -0.00355 0.001001))
    faceSet ac_inlet_faces now size 1
Created faceSet ac_inlet_left_faces
    Applying source patchToFace
    Adding all faces of patches: (ac_inlet_left) ...
    Found matching patch ac_inlet_left with 5 faces
    faceSet ac_inlet_left_faces now size 5
Read set faceSet ac_inlet_left_faces size:5
    Applying source patchToFace
    Adding all faces of patches: (wall) ...
    Found matching patch wall with 554 faces
    faceSet ac_inlet_left_faces now size 559
Read set faceSet ac_inlet_left_faces size:559
    Applying source patchToFace
    Adding all faces of patches: (iris_wall) ...
    Found matching patch iris_wall with 240 faces
    faceSet ac_inlet_left_faces now size 799
Read set faceSet ac_inlet_left_faces size:799
    Applying source patchToFace
    Adding all faces of patches: (demote_wall) ...
--> FOAM Warning : 
    From Foam::labelHashSet Foam::polyBoundaryMesh::patchSet(const Foam::UList<Foam::wordRe>&, bool, bool) const
    in file meshes/polyMesh/polyBoundaryMesh/polyBoundaryMesh.C at line 1158
    Cannot find any patch names matching demote_wall
--> FOAM Warning : 
    From void Foam::patchToFace::combine(Foam::topoSet&, bool) const
    in file topoSet/faceSources/patchToFace/patchToFace.C at line 96
    Cannot find any patches matching (demote_wall)
Valid names: (wall iris_wall outlet_tm lens_wall ac_inlet ac_inlet_left outlet_tm_left defaultFaces)
    faceSet ac_inlet_left_faces now size 799
Read set faceSet ac_inlet_left_faces size:799
    Applying source boxToFace
    Adding faces with centre within boxes 1((-0.007 -0.00366 -1e-05) (-0.00692 -0.00355 0.001001))
    faceSet ac_inlet_left_faces now size 1
Created faceSet demote_to_wall
    Applying source patchToFace
    Adding all faces of patches: (outlet_tm) ...
    Found matching patch outlet_tm with 6 faces
    faceSet demote_to_wall now size 6
Read set faceSet demote_to_wall size:6
    Applying source patchToFace
    Adding all faces of patches: (outlet_tm_left) ...
    Found matching patch outlet_tm_left with 6 faces
    faceSet demote_to_wall now size 12
Read set faceSet demote_to_wall size:12
    Applying source patchToFace
    Adding all faces of patches: (ac_inlet) ...
    Found matching patch ac_inlet with 5 faces
    faceSet demote_to_wall now size 17
Read set faceSet demote_to_wall size:17
    Applying source patchToFace
    Adding all faces of patches: (ac_inlet_left) ...
    Found matching patch ac_inlet_left with 5 faces
    faceSet demote_to_wall now size 22
Read set faceSet demote_to_wall size:22
    Applying source faceToFace
    Removing all elements of face sets: (outlet_tm_faces)
    faceSet demote_to_wall now size 21
Read set faceSet demote_to_wall size:21
    Applying source faceToFace
    Removing all elements of face sets: (outlet_tm_left_faces)
    faceSet demote_to_wall now size 20
Read set faceSet demote_to_wall size:20
    Applying source faceToFace
    Removing all elements of face sets: (ac_inlet_faces)
    faceSet demote_to_wall now size 19
Read set faceSet demote_to_wall size:19
    Applying source faceToFace
    Removing all elements of face sets: (ac_inlet_left_faces)
    faceSet demote_to_wall now size 18
Time = 450
    mesh not changed.
Created faceSet outlet_tm_faces
    Applying source patchToFace
    Adding all faces of patches: (outlet_tm) ...
    Found matching patch outlet_tm with 6 faces
    faceSet outlet_tm_faces now size 6
Read set faceSet outlet_tm_faces size:6
    Applying source patchToFace
    Adding all faces of patches: (wall) ...
    Found matching patch wall with 554 faces
    faceSet outlet_tm_faces now size 560
Read set faceSet outlet_tm_faces size:560
    Applying source patchToFace
    Adding all faces of patches: (iris_wall) ...
    Found matching patch iris_wall with 240 faces
    faceSet outlet_tm_faces now size 800
Read set faceSet outlet_tm_faces size:800
    Applying source patchToFace
    Adding all faces of patches: (demote_wall) ...
--> FOAM Warning : 
    From Foam::labelHashSet Foam::polyBoundaryMesh::patchSet(const Foam::UList<Foam::wordRe>&, bool, bool) const
    in file meshes/polyMesh/polyBoundaryMesh/polyBoundaryMesh.C at line 1158
    Cannot find any patch names matching demote_wall
--> FOAM Warning : 
    From void Foam::patchToFace::combine(Foam::topoSet&, bool) const
    in file topoSet/faceSources/patchToFace/patchToFace.C at line 96
    Cannot find any patches matching (demote_wall)
Valid names: (wall iris_wall outlet_tm lens_wall ac_inlet ac_inlet_left outlet_tm_left defaultFaces)
    faceSet outlet_tm_faces now size 800
Read set faceSet outlet_tm_faces size:800
    Applying source boxToFace
    Adding faces with centre within boxes 1((0.00682 -0.00462 -1e-05) (0.00692 -0.0045 0.001001))
    faceSet outlet_tm_faces now size 1
Created faceSet outlet_tm_left_faces
    Applying source patchToFace
    Adding all faces of patches: (outlet_tm_left) ...
    Found matching patch outlet_tm_left with 6 faces
    faceSet outlet_tm_left_faces now size 6
Read set faceSet outlet_tm_left_faces size:6
    Applying source patchToFace
    Adding all faces of patches: (wall) ...
    Found matching patch wall with 554 faces
    faceSet outlet_tm_left_faces now size 560
Read set faceSet outlet_tm_left_faces size:560
    Applying source patchToFace
    Adding all faces of patches: (iris_wall) ...
    Found matching patch iris_wall with 240 faces
    faceSet outlet_tm_left_faces now size 800
Read set faceSet outlet_tm_left_faces size:800
    Applying source patchToFace
    Adding all faces of patches: (demote_wall) ...
--> FOAM Warning : 
    From Foam::labelHashSet Foam::polyBoundaryMesh::patchSet(const Foam::UList<Foam::wordRe>&, bool, bool) const
    in file meshes/polyMesh/polyBoundaryMesh/polyBoundaryMesh.C at line 1158
    Cannot find any patch names matching demote_wall
--> FOAM Warning : 
    From void Foam::patchToFace::combine(Foam::topoSet&, bool) const
    in file topoSet/faceSources/patchToFace/patchToFace.C at line 96
    Cannot find any patches matching (demote_wall)
Valid names: (wall iris_wall outlet_tm lens_wall ac_inlet ac_inlet_left outlet_tm_left defaultFaces)
    faceSet outlet_tm_left_faces now size 800
Read set faceSet outlet_tm_left_faces size:800
    Applying source boxToFace
    Adding faces with centre within boxes 1((-0.00692 -0.00462 -1e-05) (-0.00682 -0.0045 0.001001))
    faceSet outlet_tm_left_faces now size 1
Created faceSet ac_inlet_faces
    Applying source patchToFace
    Adding all faces of patches: (ac_inlet) ...
    Found matching patch ac_inlet with 5 faces
    faceSet ac_inlet_faces now size 5
Read set faceSet ac_inlet_faces size:5
    Applying source patchToFace
    Adding all faces of patches: (wall) ...
    Found matching patch wall with 554 faces
    faceSet ac_inlet_faces now size 559
Read set faceSet ac_inlet_faces size:559
    Applying source patchToFace
    Adding all faces of patches: (iris_wall) ...
    Found matching patch iris_wall with 240 faces
    faceSet ac_inlet_faces now size 799
Read set faceSet ac_inlet_faces size:799
    Applying source patchToFace
    Adding all faces of patches: (demote_wall) ...
--> FOAM Warning : 
    From Foam::labelHashSet Foam::polyBoundaryMesh::patchSet(const Foam::UList<Foam::wordRe>&, bool, bool) const
    in file meshes/polyMesh/polyBoundaryMesh/polyBoundaryMesh.C at line 1158
    Cannot find any patch names matching demote_wall
--> FOAM Warning : 
    From void Foam::patchToFace::combine(Foam::topoSet&, bool) const
    in file topoSet/faceSources/patchToFace/patchToFace.C at line 96
    Cannot find any patches matching (demote_wall)
Valid names: (wall iris_wall outlet_tm lens_wall ac_inlet ac_inlet_left outlet_tm_left defaultFaces)
    faceSet ac_inlet_faces now size 799
Read set faceSet ac_inlet_faces size:799
    Applying source boxToFace
    Adding faces with centre within boxes 1((0.00692 -0.00366 -1e-05) (0.007 -0.00355 0.001001))
    faceSet ac_inlet_faces now size 1
Created faceSet ac_inlet_left_faces
    Applying source patchToFace
    Adding all faces of patches: (ac_inlet_left) ...
    Found matching patch ac_inlet_left with 5 faces
    faceSet ac_inlet_left_faces now size 5
Read set faceSet ac_inlet_left_faces size:5
    Applying source patchToFace
    Adding all faces of patches: (wall) ...
    Found matching patch wall with 554 faces
    faceSet ac_inlet_left_faces now size 559
Read set faceSet ac_inlet_left_faces size:559
    Applying source patchToFace
    Adding all faces of patches: (iris_wall) ...
    Found matching patch iris_wall with 240 faces
    faceSet ac_inlet_left_faces now size 799
Read set faceSet ac_inlet_left_faces size:799
    Applying source patchToFace
    Adding all faces of patches: (demote_wall) ...
--> FOAM Warning : 
    From Foam::labelHashSet Foam::polyBoundaryMesh::patchSet(const Foam::UList<Foam::wordRe>&, bool, bool) const
    in file meshes/polyMesh/polyBoundaryMesh/polyBoundaryMesh.C at line 1158
    Cannot find any patch names matching demote_wall
--> FOAM Warning : 
    From void Foam::patchToFace::combine(Foam::topoSet&, bool) const
    in file topoSet/faceSources/patchToFace/patchToFace.C at line 96
    Cannot find any patches matching (demote_wall)
Valid names: (wall iris_wall outlet_tm lens_wall ac_inlet ac_inlet_left outlet_tm_left defaultFaces)
    faceSet ac_inlet_left_faces now size 799
Read set faceSet ac_inlet_left_faces size:799
    Applying source boxToFace
    Adding faces with centre within boxes 1((-0.007 -0.00366 -1e-05) (-0.00692 -0.00355 0.001001))
    faceSet ac_inlet_left_faces now size 1
Created faceSet demote_to_wall
    Applying source patchToFace
    Adding all faces of patches: (outlet_tm) ...
    Found matching patch outlet_tm with 6 faces
    faceSet demote_to_wall now size 6
Read set faceSet demote_to_wall size:6
    Applying source patchToFace
    Adding all faces of patches: (outlet_tm_left) ...
    Found matching patch outlet_tm_left with 6 faces
    faceSet demote_to_wall now size 12
Read set faceSet demote_to_wall size:12
    Applying source patchToFace
    Adding all faces of patches: (ac_inlet) ...
    Found matching patch ac_inlet with 5 faces
    faceSet demote_to_wall now size 17
Read set faceSet demote_to_wall size:17
    Applying source patchToFace
    Adding all faces of patches: (ac_inlet_left) ...
    Found matching patch ac_inlet_left with 5 faces
    faceSet demote_to_wall now size 22
Read set faceSet demote_to_wall size:22
    Applying source faceToFace
    Removing all elements of face sets: (outlet_tm_faces)
    faceSet demote_to_wall now size 21
Read set faceSet demote_to_wall size:21
    Applying source faceToFace
    Removing all elements of face sets: (outlet_tm_left_faces)
    faceSet demote_to_wall now size 20
Read set faceSet demote_to_wall size:20
    Applying source faceToFace
    Removing all elements of face sets: (ac_inlet_faces)
    faceSet demote_to_wall now size 19
Read set faceSet demote_to_wall size:19
    Applying source faceToFace
    Removing all elements of face sets: (ac_inlet_left_faces)
    faceSet demote_to_wall now size 18
Time = 500
    mesh not changed.
Created faceSet outlet_tm_faces
    Applying source patchToFace
    Adding all faces of patches: (outlet_tm) ...
    Found matching patch outlet_tm with 6 faces
    faceSet outlet_tm_faces now size 6
Read set faceSet outlet_tm_faces size:6
    Applying source patchToFace
    Adding all faces of patches: (wall) ...
    Found matching patch wall with 554 faces
    faceSet outlet_tm_faces now size 560
Read set faceSet outlet_tm_faces size:560
    Applying source patchToFace
    Adding all faces of patches: (iris_wall) ...
    Found matching patch iris_wall with 240 faces
    faceSet outlet_tm_faces now size 800
Read set faceSet outlet_tm_faces size:800
    Applying source patchToFace
    Adding all faces of patches: (demote_wall) ...
--> FOAM Warning : 
    From Foam::labelHashSet Foam::polyBoundaryMesh::patchSet(const Foam::UList<Foam::wordRe>&, bool, bool) const
    in file meshes/polyMesh/polyBoundaryMesh/polyBoundaryMesh.C at line 1158
    Cannot find any patch names matching demote_wall
--> FOAM Warning : 
    From void Foam::patchToFace::combine(Foam::topoSet&, bool) const
    in file topoSet/faceSources/patchToFace/patchToFace.C at line 96
    Cannot find any patches matching (demote_wall)
Valid names: (wall iris_wall outlet_tm lens_wall ac_inlet ac_inlet_left outlet_tm_left defaultFaces)
    faceSet outlet_tm_faces now size 800
Read set faceSet outlet_tm_faces size:800
    Applying source boxToFace
    Adding faces with centre within boxes 1((0.00682 -0.00462 -1e-05) (0.00692 -0.0045 0.001001))
    faceSet outlet_tm_faces now size 1
Created faceSet outlet_tm_left_faces
    Applying source patchToFace
    Adding all faces of patches: (outlet_tm_left) ...
    Found matching patch outlet_tm_left with 6 faces
    faceSet outlet_tm_left_faces now size 6
Read set faceSet outlet_tm_left_faces size:6
    Applying source patchToFace
    Adding all faces of patches: (wall) ...
    Found matching patch wall with 554 faces
    faceSet outlet_tm_left_faces now size 560
Read set faceSet outlet_tm_left_faces size:560
    Applying source patchToFace
    Adding all faces of patches: (iris_wall) ...
    Found matching patch iris_wall with 240 faces
    faceSet outlet_tm_left_faces now size 800
Read set faceSet outlet_tm_left_faces size:800
    Applying source patchToFace
    Adding all faces of patches: (demote_wall) ...
--> FOAM Warning : 
    From Foam::labelHashSet Foam::polyBoundaryMesh::patchSet(const Foam::UList<Foam::wordRe>&, bool, bool) const
    in file meshes/polyMesh/polyBoundaryMesh/polyBoundaryMesh.C at line 1158
    Cannot find any patch names matching demote_wall
--> FOAM Warning : 
    From void Foam::patchToFace::combine(Foam::topoSet&, bool) const
    in file topoSet/faceSources/patchToFace/patchToFace.C at line 96
    Cannot find any patches matching (demote_wall)
Valid names: (wall iris_wall outlet_tm lens_wall ac_inlet ac_inlet_left outlet_tm_left defaultFaces)
    faceSet outlet_tm_left_faces now size 800
Read set faceSet outlet_tm_left_faces size:800
    Applying source boxToFace
    Adding faces with centre within boxes 1((-0.00692 -0.00462 -1e-05) (-0.00682 -0.0045 0.001001))
    faceSet outlet_tm_left_faces now size 1
Created faceSet ac_inlet_faces
    Applying source patchToFace
    Adding all faces of patches: (ac_inlet) ...
    Found matching patch ac_inlet with 5 faces
    faceSet ac_inlet_faces now size 5
Read set faceSet ac_inlet_faces size:5
    Applying source patchToFace
    Adding all faces of patches: (wall) ...
    Found matching patch wall with 554 faces
    faceSet ac_inlet_faces now size 559
Read set faceSet ac_inlet_faces size:559
    Applying source patchToFace
    Adding all faces of patches: (iris_wall) ...
    Found matching patch iris_wall with 240 faces
    faceSet ac_inlet_faces now size 799
Read set faceSet ac_inlet_faces size:799
    Applying source patchToFace
    Adding all faces of patches: (demote_wall) ...
--> FOAM Warning : 
    From Foam::labelHashSet Foam::polyBoundaryMesh::patchSet(const Foam::UList<Foam::wordRe>&, bool, bool) const
    in file meshes/polyMesh/polyBoundaryMesh/polyBoundaryMesh.C at line 1158
    Cannot find any patch names matching demote_wall
--> FOAM Warning : 
    From void Foam::patchToFace::combine(Foam::topoSet&, bool) const
    in file topoSet/faceSources/patchToFace/patchToFace.C at line 96
    Cannot find any patches matching (demote_wall)
Valid names: (wall iris_wall outlet_tm lens_wall ac_inlet ac_inlet_left outlet_tm_left defaultFaces)
    faceSet ac_inlet_faces now size 799
Read set faceSet ac_inlet_faces size:799
    Applying source boxToFace
    Adding faces with centre within boxes 1((0.00692 -0.00366 -1e-05) (0.007 -0.00355 0.001001))
    faceSet ac_inlet_faces now size 1
Created faceSet ac_inlet_left_faces
    Applying source patchToFace
    Adding all faces of patches: (ac_inlet_left) ...
    Found matching patch ac_inlet_left with 5 faces
    faceSet ac_inlet_left_faces now size 5
Read set faceSet ac_inlet_left_faces size:5
    Applying source patchToFace
    Adding all faces of patches: (wall) ...
    Found matching patch wall with 554 faces
    faceSet ac_inlet_left_faces now size 559
Read set faceSet ac_inlet_left_faces size:559
    Applying source patchToFace
    Adding all faces of patches: (iris_wall) ...
    Found matching patch iris_wall with 240 faces
    faceSet ac_inlet_left_faces now size 799
Read set faceSet ac_inlet_left_faces size:799
    Applying source patchToFace
    Adding all faces of patches: (demote_wall) ...
--> FOAM Warning : 
    From Foam::labelHashSet Foam::polyBoundaryMesh::patchSet(const Foam::UList<Foam::wordRe>&, bool, bool) const
    in file meshes/polyMesh/polyBoundaryMesh/polyBoundaryMesh.C at line 1158
    Cannot find any patch names matching demote_wall
--> FOAM Warning : 
    From void Foam::patchToFace::combine(Foam::topoSet&, bool) const
    in file topoSet/faceSources/patchToFace/patchToFace.C at line 96
    Cannot find any patches matching (demote_wall)
Valid names: (wall iris_wall outlet_tm lens_wall ac_inlet ac_inlet_left outlet_tm_left defaultFaces)
    faceSet ac_inlet_left_faces now size 799
Read set faceSet ac_inlet_left_faces size:799
    Applying source boxToFace
    Adding faces with centre within boxes 1((-0.007 -0.00366 -1e-05) (-0.00692 -0.00355 0.001001))
    faceSet ac_inlet_left_faces now size 1
Created faceSet demote_to_wall
    Applying source patchToFace
    Adding all faces of patches: (outlet_tm) ...
    Found matching patch outlet_tm with 6 faces
    faceSet demote_to_wall now size 6
Read set faceSet demote_to_wall size:6
    Applying source patchToFace
    Adding all faces of patches: (outlet_tm_left) ...
    Found matching patch outlet_tm_left with 6 faces
    faceSet demote_to_wall now size 12
Read set faceSet demote_to_wall size:12
    Applying source patchToFace
    Adding all faces of patches: (ac_inlet) ...
    Found matching patch ac_inlet with 5 faces
    faceSet demote_to_wall now size 17
Read set faceSet demote_to_wall size:17
    Applying source patchToFace
    Adding all faces of patches: (ac_inlet_left) ...
    Found matching patch ac_inlet_left with 5 faces
    faceSet demote_to_wall now size 22
Read set faceSet demote_to_wall size:22
    Applying source faceToFace
    Removing all elements of face sets: (outlet_tm_faces)
    faceSet demote_to_wall now size 21
Read set faceSet demote_to_wall size:21
    Applying source faceToFace
    Removing all elements of face sets: (outlet_tm_left_faces)
    faceSet demote_to_wall now size 20
Read set faceSet demote_to_wall size:20
    Applying source faceToFace
    Removing all elements of face sets: (ac_inlet_faces)
    faceSet demote_to_wall now size 19
Read set faceSet demote_to_wall size:19
    Applying source faceToFace
    Removing all elements of face sets: (ac_inlet_left_faces)
    faceSet demote_to_wall now size 18

End

/*---------------------------------------------------------------------------*\
| =========                 |                                                 |
| \\      /  F ield         | OpenFOAM: The Open Source CFD Toolbox           |
|  \\    /   O peration     | Version:  2512                                  |
|   \\  /    A nd           | Website:  www.openfoam.com                      |
|    \\/     M anipulation  |                                                 |
\*---------------------------------------------------------------------------*/
Build  : _bd2b6720-20260127 OPENFOAM=2512 version=2512
Arch   : "LSB;label=32;scalar=64"
Exec   : createPatch -overwrite -dict system/createPatchDict.anatomical
Date   : Jul 16 2026
Time   : 01:38:07
Host   : d846ffc91617
PID    : 240
I/O    : uncollated
Case   : /simulation/doc-g1-sim1/fluid
nProcs : 1
trapFpe: Floating point exception trapping enabled (FOAM_SIGFPE).
memory pool : not available
fileModificationChecking : Monitoring run-time modified files using timeStampMaster (fileModificationSkew 5, maxFileModificationPolls 20)
allowSystemOperations : Allowing user-supplied system call operations

// * * * * * * * * * * * * * * * * * * * * * * * * * * * * * * * * * * * * * //
Create time

Create mesh for time = 0

Reading "system/createPatchDict.anatomical"



Adding patches to mesh region0

Adding new patch front from 
{
    type            empty;
    nFaces          0;
    startFace       0;
}

Adding new patch back from 
{
    type            empty;
    nFaces          0;
    startFace       0;
}

Adding new patch demote_wall from 
{
    type            wall;
    nFaces          0;
    startFace       0;
}




Repatching mesh region0

Read 41242 faces from faceSet frontFaces
Read 41242 faces from faceSet backFaces
Read 18 faces from faceSet demote_to_wall
Read 1 faces from faceSet outlet_tm_faces
Read 1 faces from faceSet outlet_tm_left_faces
Read 1 faces from faceSet ac_inlet_faces
Read 1 faces from faceSet ac_inlet_left_faces
Doing topology modification to order faces.

Not synchronising points.

Removing patches with no faces in them.

Removed zero-sized patch defaultFaces type patch at position 7


Writing repatched mesh region0 to 0

End

=== changeDictionary (patch types) ===
/*---------------------------------------------------------------------------*\
| =========                 |                                                 |
| \\      /  F ield         | OpenFOAM: The Open Source CFD Toolbox           |
|  \\    /   O peration     | Version:  2512                                  |
|   \\  /    A nd           | Website:  www.openfoam.com                      |
|    \\/     M anipulation  |                                                 |
\*---------------------------------------------------------------------------*/
Build  : _bd2b6720-20260127 OPENFOAM=2512 version=2512
Arch   : "LSB;label=32;scalar=64"
Exec   : changeDictionary
Date   : Jul 16 2026
Time   : 01:38:08
Host   : d846ffc91617
PID    : 243
I/O    : uncollated
Case   : /simulation/doc-g1-sim1/fluid
nProcs : 1
trapFpe: Floating point exception trapping enabled (FOAM_SIGFPE).
memory pool : not available
fileModificationChecking : Monitoring run-time modified files using timeStampMaster (fileModificationSkew 5, maxFileModificationPolls 20)
allowSystemOperations : Allowing user-supplied system call operations

// * * * * * * * * * * * * * * * * * * * * * * * * * * * * * * * * * * * * * //
Create time

Create mesh for time = 0

Read dictionary changeDictionaryDict with replacements for dictionaries 1(boundary)
Reading polyMesh/boundary file to extract patch names
Loaded dictionary boundary with entries 10(wall iris_wall outlet_tm lens_wall ac_inlet ac_inlet_left outlet_tm_left front back demote_wall)
Extracted patch groups:
    group empty with patches 2(front back)
    group wall with patches 1(demote_wall)
Replacing entries in dictionary boundary
Special handling of boundary as polyMesh/boundary file.
Merging entries from 
12
(
front
back
wall
tm_se_wall
inlet_demote_wall
demote_wall
lens_wall
iris_wall
ac_inlet
ac_inlet_left
outlet_tm
outlet_tm_left
)

--> FOAM Warning : 
    From bool merge(bool, Foam::dictionary&, const Foam::dictionary&, bool, const Foam::HashTable<Foam::List<Foam::word> >&)
    in file changeDictionary.C at line 303
    Reading "system/changeDictionaryDict/boundary" at line 10 to 21
    Ignoring non-existing entry tm_se_wall
--> FOAM Warning : 
    From bool merge(bool, Foam::dictionary&, const Foam::dictionary&, bool, const Foam::HashTable<Foam::List<Foam::word> >&)
    in file changeDictionary.C at line 303
    Reading "system/changeDictionaryDict/boundary" at line 10 to 21
    Ignoring non-existing entry inlet_demote_wall
fieldDict:
{
    wall
    {
        type            patch;
        physicalType    patch;
        nFaces          554;
        startFace       61302;
    }
    iris_wall
    {
        type            wall;
        physicalType    patch;
        nFaces          240;
        startFace       61856;
    }
    outlet_tm
    {
        type            patch;
        physicalType    patch;
        nFaces          1;
        startFace       62096;
    }
    lens_wall
    {
        type            wall;
        physicalType    patch;
        nFaces          306;
        startFace       62097;
    }
    ac_inlet
    {
        type            patch;
        physicalType    patch;
        nFaces          1;
        startFace       62403;
    }
    ac_inlet_left
    {
        type            patch;
        physicalType    patch;
        nFaces          1;
        startFace       62404;
    }
    outlet_tm_left
    {
        type            patch;
        physicalType    patch;
        nFaces          1;
        startFace       62405;
    }
    front
    {
        type            empty;
        inGroups        1 ( empty );
        nFaces          41242;
        startFace       62406;
    }
    back
    {
        type            empty;
        inGroups        1 ( empty );
        nFaces          41242;
        startFace       103648;
    }
    demote_wall
    {
        type            wall;
        inGroups        1 ( wall );
        nFaces          18;
        startFace       144890;
    }
}

Writing modified boundary

End

=== initial fields ===
=== checkMesh ===
/*---------------------------------------------------------------------------*\
| =========                 |                                                 |
| \\      /  F ield         | OpenFOAM: The Open Source CFD Toolbox           |
|  \\    /   O peration     | Version:  2512                                  |
|   \\  /    A nd           | Website:  www.openfoam.com                      |
|    \\/     M anipulation  |                                                 |
\*---------------------------------------------------------------------------*/
Build  : _bd2b6720-20260127 OPENFOAM=2512 version=2512
Arch   : "LSB;label=32;scalar=64"
Exec   : checkMesh
Date   : Jul 16 2026
Time   : 01:38:08
Host   : d846ffc91617
PID    : 249
I/O    : uncollated
Case   : /simulation/doc-g1-sim1/fluid
nProcs : 1
trapFpe: Floating point exception trapping enabled (FOAM_SIGFPE).
memory pool : not available
fileModificationChecking : Monitoring run-time modified files using timeStampMaster (fileModificationSkew 5, maxFileModificationPolls 20)
allowSystemOperations : Allowing user-supplied system call operations

// * * * * * * * * * * * * * * * * * * * * * * * * * * * * * * * * * * * * * //
Create time

Create mesh for time = 0

Check mesh...

Time = 0

Mesh stats 
    points:           42364
    internal points:  0
    faces:            144908
    internal faces:   61302
    cells:            41242
    faces per cell:   5
    boundary patches: 10
    point zones:      0
    face zones:       0
    cell zones:       4

Overall number of cells of each type:
    hexahedra:     0
    prisms:        41242
    wedges:        0
    pyramids:      0
    tet wedges:    0
    tetrahedra:    0
    polyhedra:     0

Checking topology...
    Boundary definition OK.
    Cell to face addressing OK.
    Point usage OK.
    Upper triangular ordering OK.
    Face vertices OK.
    Number of regions: 1 (OK).

Checking patch topology for multiply connected surfaces...
    Patch               Faces    Points     Surface topology
    wall                554      1116     ok (non-closed singly connected)  
    iris_wall           240      496      ok (non-closed singly connected)  
    outlet_tm           1        4        ok (non-closed singly connected)  
    lens_wall           306      620      ok (non-closed singly connected)  
    ac_inlet            1        4        ok (non-closed singly connected)  
    ac_inlet_left       1        4        ok (non-closed singly connected)  
    outlet_tm_left      1        4        ok (non-closed singly connected)  
    front               41242    21182    ok (non-closed singly connected)  
    back                41242    21182    ok (non-closed singly connected)  
    demote_wall         18       52       ok (non-closed singly connected)  
    ".*"                83606    42364    ok (closed singly connected)      


Checking faceZone topology for multiply connected surfaces...
    No faceZones found.

Checking basic cellZone addressing...
    CellZone            Cells        Points       Volume       BoundingBox
    fluid               41242        42364        1.4629709e-07 (-0.0083688305 -0.00816 0) (0.0083688305 0.0069 0.001)
    tm_zone             69           98           1.9849536e-10 (0.0064142133 -0.0048720705 0) (0.00693 -0.0041952456 0.001)
    tm_zone_left        67           96           1.9558531e-10 (-0.00693 -0.0048720705 0) (-0.0064137072 -0.0041944014 0.001)
    vitreous_zone       19682        20142        1.0167695e-07 (-0.0080734505 -0.0015483274 0) (0.0080569714 0.0069 0.001)

Checking basic pointZone addressing...
    No pointZones found.

Checking geometry...
    Overall domain bounding box (-0.0083688305 -0.00816 0) (0.0083688305 0.0069 0.001)
    Mesh has 2 geometric (non-empty/wedge) directions (1 1 0)
    Mesh has 2 solution (non-empty) directions (1 1 0)
    All edges aligned with or perpendicular to non-empty directions.
    Boundary openness (-1.2046677e-18 6.3847385e-18 -1.3698495e-15) OK.
    Max cell openness = 3.7865184e-15 OK.
    Max aspect ratio = 4.5420041 OK.
    Minimum face area = 3.4133459e-12. Maximum face area = 1.8412767e-07.  Face area magnitudes OK.
    Min volume = 3.4133459e-15. Max volume = 1.0832708e-11.  Total volume = 1.4629709e-07.  Cell volumes OK.
    Mesh non-orthogonality Max: 62.352341 average: 4.3246144
    Non-orthogonality check OK.
    Face pyramids OK.
 ***Max skewness = 4.2550004, 1 highly skew faces detected which may impair the quality of the results
  <<Writing 1 skew faces to set skewFaces
    Coupled point location match (average 0) OK.

Failed 1 mesh checks.

End

WARNING: checkMesh reported Failed (see log.checkMesh) — continuing for ParaView
=== patch / zone counts ===
  ac_inlet: 1 faces
  ac_inlet_left: 1 faces
  outlet_tm: 1 faces
  outlet_tm_left: 1 faces
  wall: 554 faces
  front: 41242 faces
  back: 41242 faces
  tm_zone: 69 cells
  tm_zone_left: 67 cells
  vitreous_zone: 19682 cells
=== simpleFoam ===
/*---------------------------------------------------------------------------*\
| =========                 |                                                 |
| \\      /  F ield         | OpenFOAM: The Open Source CFD Toolbox           |
|  \\    /   O peration     | Version:  2512                                  |
|   \\  /    A nd           | Website:  www.openfoam.com                      |
|    \\/     M anipulation  |                                                 |
\*---------------------------------------------------------------------------*/
Build  : _bd2b6720-20260127 OPENFOAM=2512 version=2512
Arch   : "LSB;label=32;scalar=64"
Exec   : simpleFoam
Date   : Jul 16 2026
Time   : 01:38:10
Host   : d846ffc91617
PID    : 255
I/O    : uncollated
Case   : /simulation/doc-g1-sim1/fluid
nProcs : 1
trapFpe: Floating point exception trapping enabled (FOAM_SIGFPE).
memory pool : not available
fileModificationChecking : Monitoring run-time modified files using timeStampMaster (fileModificationSkew 5, maxFileModificationPolls 20)
allowSystemOperations : Allowing user-supplied system call operations

// * * * * * * * * * * * * * * * * * * * * * * * * * * * * * * * * * * * * * //
Create time

Create mesh for time = 0


SIMPLE: convergence criteria
    field p	 tolerance 0.0001
    field U	 tolerance 1e-05

Reading field p

Reading field U

Reading/calculating face flux field phi

Selecting incompressible transport model Newtonian
Selecting turbulence model type laminar
Selecting laminar stress model Stokes
No MRF models present

Creating finite-volume options from "system/fvOptions"

Selecting finite volume options type explicitPorositySource
    Source: tm_porous
    State: active
    - selecting cells using cellZones (tm_zone)
    - selected 69 cell(s) with volume 1.9849536e-10
Porosity region tm_porous:
    selecting model: DarcyForchheimer
--> FOAM IOWarning :
    Found [v1806] 'coordinateRotation' entry instead of 'rotation' in dictionary "system/fvOptions/tm_porous/explicitPorositySourceCoeffs/DarcyForchheimerCoeffs/coordinateSystem"

    This keyword is 90 months old.

Using [v1806] 'axesRotation' instead of 'axes' in selection table: coordinateRotation

    This lookup is 90 months old.

    creating porous zone: tm_zone
    origin: (0 0 0) e1: (1 0 0) e2: (0 1 0)
    local bounds: (0.00051578665 0.00067682487 0.001)

Selecting finite volume options type explicitPorositySource
    Source: tm_porous_left
    State: active
    - selecting cells using cellZones (tm_zone_left)
    - selected 67 cell(s) with volume 1.9558531e-10
Porosity region tm_porous_left:
    selecting model: DarcyForchheimer
--> FOAM IOWarning :
    Found [v1806] 'coordinateRotation' entry instead of 'rotation' in dictionary "system/fvOptions/tm_porous_left/explicitPorositySourceCoeffs/DarcyForchheimerCoeffs/coordinateSystem"

    This keyword is 90 months old.

Using [v1806] 'axesRotation' instead of 'axes' in selection table: coordinateRotation

    This lookup is 90 months old.

    creating porous zone: tm_zone_left
    origin: (0 0 0) e1: (1 0 0) e2: (0 1 0)
    local bounds: (0.00051629278 0.00067766906 0.001)

Selecting finite volume options type explicitPorositySource
    Source: vitreous_porous
    State: active
    - selecting cells using cellZones (vitreous_zone)
    - selected 19682 cell(s) with volume 1.0167695e-07
Porosity region vitreous_porous:
    selecting model: DarcyForchheimer
--> FOAM IOWarning :
    Found [v1806] 'coordinateRotation' entry instead of 'rotation' in dictionary "system/fvOptions/vitreous_porous/explicitPorositySourceCoeffs/DarcyForchheimerCoeffs/coordinateSystem"

    This keyword is 90 months old.

Using [v1806] 'axesRotation' instead of 'axes' in selection table: coordinateRotation

    This lookup is 90 months old.

    creating porous zone: vitreous_zone
    origin: (0 0 0) e1: (1 0 0) e2: (0 1 0)
    local bounds: (0.016130422 0.0084483274 0.001)


Starting time loop

surfaceFieldValue flowRateTM:
    operation     = sum


surfaceFieldValue flowRateTM_left:
    operation     = sum


surfaceFieldValue pressureACinlet:
    operation     = areaAverage


Time = 1

smoothSolver:  Solving for Ux, Initial residual = 0.99999999, Final residual = 2.6006677e-09, No Iterations 10
smoothSolver:  Solving for Uy, Initial residual = 0.99999996, Final residual = 2.6006653e-09, No Iterations 10
DICPCG:  Solving for p, Initial residual = 0.99999996, Final residual = 0.0092616931, No Iterations 802
DICPCG:  Solving for p, Initial residual = 0.65162909, Final residual = 0.0063377704, No Iterations 245
DICPCG:  Solving for p, Initial residual = 0.063164993, Final residual = 0.00057207224, No Iterations 780
DICPCG:  Solving for p, Initial residual = 0.022005687, Final residual = 0.00021888186, No Iterations 260
time step continuity errors : sum local = 6.5385315e-06, global = -7.7190661e-08, cumulative = -7.7190661e-08
ExecutionTime = 2.59 s  ClockTime = 2 s

Time = 2

smoothSolver:  Solving for Ux, Initial residual = 0.28650745, Final residual = 5.6559267e-09, No Iterations 5
smoothSolver:  Solving for Uy, Initial residual = 0.1476273, Final residual = 2.9131105e-09, No Iterations 5
DICPCG:  Solving for p, Initial residual = 0.27379221, Final residual = 0.0025930557, No Iterations 785
DICPCG:  Solving for p, Initial residual = 0.36315566, Final residual = 0.0035655929, No Iterations 248
DICPCG:  Solving for p, Initial residual = 0.043193976, Final residual = 0.00039837787, No Iterations 781
DICPCG:  Solving for p, Initial residual = 0.017925327, Final residual = 0.00017179768, No Iterations 268
time step continuity errors : sum local = 3.8482215e-06, global = -2.3733008e-08, cumulative = -1.0092367e-07
ExecutionTime = 4.14 s  ClockTime = 4 s

Time = 3

smoothSolver:  Solving for Ux, Initial residual = 0.19108918, Final residual = 3.6030897e-09, No Iterations 5
smoothSolver:  Solving for Uy, Initial residual = 0.08678116, Final residual = 9.8006744e-09, No Iterations 4
DICPCG:  Solving for p, Initial residual = 0.30560309, Final residual = 0.0027935673, No Iterations 786
DICPCG:  Solving for p, Initial residual = 0.19748994, Final residual = 0.0019651636, No Iterations 253
DICPCG:  Solving for p, Initial residual = 0.024451787, Final residual = 0.00021835681, No Iterations 791
DICPCG:  Solving for p, Initial residual = 0.011538674, Final residual = 0.00011468181, No Iterations 263
time step continuity errors : sum local = 1.6767973e-06, global = -8.7743221e-09, cumulative = -1.0969799e-07
ExecutionTime = 5.7 s  ClockTime = 6 s

Time = 4

smoothSolver:  Solving for Ux, Initial residual = 0.12955548, Final residual = 2.0256927e-09, No Iterations 5
smoothSolver:  Solving for Uy, Initial residual = 0.055896822, Final residual = 5.2632318e-09, No Iterations 4
DICPCG:  Solving for p, Initial residual = 0.33018949, Final residual = 0.0032122417, No Iterations 790
DICPCG:  Solving for p, Initial residual = 0.30744024, Final residual = 0.0029505262, No Iterations 18
DICPCG:  Solving for p, Initial residual = 0.033872811, Final residual = 0.00033799925, No Iterations 312
DICPCG:  Solving for p, Initial residual = 0.015239687, Final residual = 0.0001403403, No Iterations 777
time step continuity errors : sum local = 2.0653949e-06, global = 4.5132519e-13, cumulative = -1.0969754e-07
ExecutionTime = 7.22 s  ClockTime = 7 s

Time = 5

smoothSolver:  Solving for Ux, Initial residual = 0.084673195, Final residual = 4.5644714e-09, No Iterations 4
smoothSolver:  Solving for Uy, Initial residual = 0.03609626, Final residual = 1.9879681e-09, No Iterations 4
DICPCG:  Solving for p, Initial residual = 0.31769655, Final residual = 0.0031505825, No Iterations 791
DICPCG:  Solving for p, Initial residual = 0.34992742, Final residual = 0.0031340312, No Iterations 16
DICPCG:  Solving for p, Initial residual = 0.035927667, Final residual = 0.00035684097, No Iterations 296
DICPCG:  Solving for p, Initial residual = 0.022471743, Final residual = 0.0002183404, No Iterations 315
time step continuity errors : sum local = 3.2722793e-06, global = 4.3917311e-07, cumulative = 3.2947557e-07
ExecutionTime = 8.34 s  ClockTime = 8 s

Time = 6

smoothSolver:  Solving for Ux, Initial residual = 0.0510423, Final residual = 7.662952e-09, No Iterations 3
smoothSolver:  Solving for Uy, Initial residual = 0.021395919, Final residual = 3.0518884e-09, No Iterations 3
DICPCG:  Solving for p, Initial residual = 0.27290545, Final residual = 0.0025707381, No Iterations 790
DICPCG:  Solving for p, Initial residual = 0.30561747, Final residual = 0.002956061, No Iterations 13
DICPCG:  Solving for p, Initial residual = 0.033628244, Final residual = 0.0003322882, No Iterations 784
DICPCG:  Solving for p, Initial residual = 0.026735809, Final residual = 0.00025524467, No Iterations 246
time step continuity errors : sum local = 3.3722293e-06, global = 9.3419146e-08, cumulative = 4.2289472e-07
ExecutionTime = 9.72 s  ClockTime = 10 s

Time = 7

smoothSolver:  Solving for Ux, Initial residual = 0.024861724, Final residual = 4.7275682e-09, No Iterations 4
smoothSolver:  Solving for Uy, Initial residual = 0.0092763514, Final residual = 1.9897224e-09, No Iterations 4
DICPCG:  Solving for p, Initial residual = 0.22089041, Final residual = 0.0021585308, No Iterations 768
DICPCG:  Solving for p, Initial residual = 0.1471653, Final residual = 0.0013924542, No Iterations 241
DICPCG:  Solving for p, Initial residual = 0.019466537, Final residual = 0.00017968986, No Iterations 778
DICPCG:  Solving for p, Initial residual = 0.010758428, Final residual = 0.00010700642, No Iterations 253
time step continuity errors : sum local = 1.1080578e-06, global = -2.70731e-08, cumulative = 3.9582162e-07
ExecutionTime = 11.25 s  ClockTime = 11 s

Time = 8

smoothSolver:  Solving for Ux, Initial residual = 0.010003183, Final residual = 5.8172753e-09, No Iterations 4
smoothSolver:  Solving for Uy, Initial residual = 0.006907816, Final residual = 2.5659169e-09, No Iterations 4
DICPCG:  Solving for p, Initial residual = 0.20158261, Final residual = 0.0019208816, No Iterations 785
DICPCG:  Solving for p, Initial residual = 0.16040935, Final residual = 0.0015952492, No Iterations 245
DICPCG:  Solving for p, Initial residual = 0.013692773, Final residual = 0.00013384346, No Iterations 785
DICPCG:  Solving for p, Initial residual = 0.0069999916, Final residual = 6.9655692e-05, No Iterations 254
time step continuity errors : sum local = 6.1624087e-07, global = 9.2623764e-09, cumulative = 4.0508399e-07
ExecutionTime = 13.16 s  ClockTime = 13 s

Time = 9

smoothSolver:  Solving for Ux, Initial residual = 0.018658202, Final residual = 4.532126e-09, No Iterations 4
smoothSolver:  Solving for Uy, Initial residual = 0.01213541, Final residual = 2.0687718e-09, No Iterations 4
DICPCG:  Solving for p, Initial residual = 0.19198574, Final residual = 0.0017642984, No Iterations 792
DICPCG:  Solving for p, Initial residual = 0.25122657, Final residual = 0.0024437426, No Iterations 21
DICPCG:  Solving for p, Initial residual = 0.024627759, Final residual = 0.00024618475, No Iterations 781
DICPCG:  Solving for p, Initial residual = 0.011604634, Final residual = 0.00011564434, No Iterations 298
time step continuity errors : sum local = 1.1820342e-06, global = -2.2797858e-08, cumulative = 3.8228613e-07
ExecutionTime = 15.24 s  ClockTime = 15 s

Time = 10

smoothSolver:  Solving for Ux, Initial residual = 0.02467151, Final residual = 9.8499318e-09, No Iterations 3
smoothSolver:  Solving for Uy, Initial residual = 0.014333176, Final residual = 4.6127569e-09, No Iterations 3
DICPCG:  Solving for p, Initial residual = 0.16097807, Final residual = 0.0015599309, No Iterations 793
DICPCG:  Solving for p, Initial residual = 0.2383633, Final residual = 0.0021982901, No Iterations 17
DICPCG:  Solving for p, Initial residual = 0.022688106, Final residual = 0.00021001814, No Iterations 779
DICPCG:  Solving for p, Initial residual = 0.010400098, Final residual = 9.6891783e-05, No Iterations 20
time step continuity errors : sum local = 1.0604015e-06, global = -5.6068747e-09, cumulative = 3.7667926e-07
ExecutionTime = 16.92 s  ClockTime = 17 s

surfaceFieldValue flowRateTM write:
    total faces   = 1
    total area    = 1.7356555e-07

    sum(outlet_tm) of phi = 2.5051766e-11

surfaceFieldValue flowRateTM_left write:
    total faces   = 1
    total area    = 1.7356555e-07

    sum(outlet_tm_left) of phi = 2.4947414e-11

surfaceFieldValue pressureACinlet write:
    total faces   = 1
    total area    = 1.7207879e-07

    areaAverage(ac_inlet) of p = 3.1799451

Time = 11

smoothSolver:  Solving for Ux, Initial residual = 0.024412833, Final residual = 9.8794032e-09, No Iterations 3
smoothSolver:  Solving for Uy, Initial residual = 0.012504999, Final residual = 4.3101506e-09, No Iterations 3
DICPCG:  Solving for p, Initial residual = 0.1256962, Final residual = 0.0012417909, No Iterations 792
DICPCG:  Solving for p, Initial residual = 0.15422558, Final residual = 0.0014608301, No Iterations 17
DICPCG:  Solving for p, Initial residual = 0.015113488, Final residual = 0.00014198361, No Iterations 763
DICPCG:  Solving for p, Initial residual = 0.0069064594, Final residual = 6.0595987e-05, No Iterations 18
time step continuity errors : sum local = 6.2954896e-07, global = 2.9259982e-09, cumulative = 3.7960526e-07
ExecutionTime = 18.44 s  ClockTime = 18 s

Time = 12

smoothSolver:  Solving for Ux, Initial residual = 0.019627725, Final residual = 3.7031079e-09, No Iterations 4
smoothSolver:  Solving for Uy, Initial residual = 0.0096476813, Final residual = 9.6120995e-09, No Iterations 3
DICPCG:  Solving for p, Initial residual = 0.11910154, Final residual = 0.0011657596, No Iterations 779
DICPCG:  Solving for p, Initial residual = 0.039940588, Final residual = 0.00035989444, No Iterations 17
DICPCG:  Solving for p, Initial residual = 0.0049723841, Final residual = 4.9617343e-05, No Iterations 777
DICPCG:  Solving for p, Initial residual = 0.0024790954, Final residual = 2.4526778e-05, No Iterations 289
time step continuity errors : sum local = 2.2700113e-07, global = -5.7933123e-09, cumulative = 3.7381195e-07
ExecutionTime = 20.03 s  ClockTime = 20 s

Time = 13

smoothSolver:  Solving for Ux, Initial residual = 0.011958402, Final residual = 3.9248666e-09, No Iterations 4
smoothSolver:  Solving for Uy, Initial residual = 0.0060222, Final residual = 1.6910196e-09, No Iterations 4
DICPCG:  Solving for p, Initial residual = 0.11247366, Final residual = 0.001096404, No Iterations 786
DICPCG:  Solving for p, Initial residual = 0.096045087, Final residual = 0.00079078897, No Iterations 18
DICPCG:  Solving for p, Initial residual = 0.0080892509, Final residual = 7.8328524e-05, No Iterations 783
DICPCG:  Solving for p, Initial residual = 0.0028462419, Final residual = 2.7787925e-05, No Iterations 311
time step continuity errors : sum local = 2.5763386e-07, global = -1.4327515e-08, cumulative = 3.5948443e-07
ExecutionTime = 21.71 s  ClockTime = 22 s

Time = 14

smoothSolver:  Solving for Ux, Initial residual = 0.0052205136, Final residual = 2.5087388e-09, No Iterations 4
smoothSolver:  Solving for Uy, Initial residual = 0.0031907235, Final residual = 6.5712488e-09, No Iterations 3
DICPCG:  Solving for p, Initial residual = 0.099742771, Final residual = 0.00094126043, No Iterations 792
DICPCG:  Solving for p, Initial residual = 0.13617931, Final residual = 0.0013061701, No Iterations 12
DICPCG:  Solving for p, Initial residual = 0.011879337, Final residual = 0.00011255348, No Iterations 781
DICPCG:  Solving for p, Initial residual = 0.0052813339, Final residual = 5.0680545e-05, No Iterations 20
time step continuity errors : sum local = 5.0483194e-07, global = -1.9409856e-08, cumulative = 3.4007457e-07
ExecutionTime = 23.03 s  ClockTime = 23 s

Time = 15

smoothSolver:  Solving for Ux, Initial residual = 0.0048733245, Final residual = 3.0078442e-09, No Iterations 3
smoothSolver:  Solving for Uy, Initial residual = 0.0031553141, Final residual = 1.6337124e-09, No Iterations 3
DICPCG:  Solving for p, Initial residual = 0.073832672, Final residual = 0.00071678956, No Iterations 795
DICPCG:  Solving for p, Initial residual = 0.12099731, Final residual = 0.0011254567, No Iterations 17
DICPCG:  Solving for p, Initial residual = 0.012020389, Final residual = 0.00011626957, No Iterations 777
DICPCG:  Solving for p, Initial residual = 0.0055826557, Final residual = 5.5357994e-05, No Iterations 18
time step continuity errors : sum local = 5.5209295e-07, global = 7.14404e-08, cumulative = 4.1151497e-07
ExecutionTime = 24.78 s  ClockTime = 25 s

Time = 16

smoothSolver:  Solving for Ux, Initial residual = 0.0072520267, Final residual = 7.9146258e-09, No Iterations 3
smoothSolver:  Solving for Uy, Initial residual = 0.0036346277, Final residual = 3.0685907e-09, No Iterations 3
DICPCG:  Solving for p, Initial residual = 0.059535391, Final residual = 0.00059018221, No Iterations 790
DICPCG:  Solving for p, Initial residual = 0.068007832, Final residual = 0.00061913101, No Iterations 755
DICPCG:  Solving for p, Initial residual = 0.0078057977, Final residual = 7.5680998e-05, No Iterations 786
DICPCG:  Solving for p, Initial residual = 0.0036122092, Final residual = 3.5650051e-05, No Iterations 768
time step continuity errors : sum local = 3.3490997e-07, global = 1.9676569e-13, cumulative = 4.1151517e-07
ExecutionTime = 28.12 s  ClockTime = 28 s

Time = 17

smoothSolver:  Solving for Ux, Initial residual = 0.0075540365, Final residual = 2.0909823e-09, No Iterations 4
smoothSolver:  Solving for Uy, Initial residual = 0.0036698501, Final residual = 5.084198e-09, No Iterations 3
DICPCG:  Solving for p, Initial residual = 0.063160571, Final residual = 0.00059907817, No Iterations 776
DICPCG:  Solving for p, Initial residual = 0.02406381, Final residual = 0.00021793273, No Iterations 773
DICPCG:  Solving for p, Initial residual = 0.0031019864, Final residual = 2.6788328e-05, No Iterations 776
DICPCG:  Solving for p, Initial residual = 0.0013245062, Final residual = 1.1844764e-05, No Iterations 777
time step continuity errors : sum local = 1.0419671e-07, global = 6.9930337e-13, cumulative = 4.1151587e-07
ExecutionTime = 32.02 s  ClockTime = 32 s

Time = 18

smoothSolver:  Solving for Ux, Initial residual = 0.0063506954, Final residual = 1.8904702e-09, No Iterations 4
smoothSolver:  Solving for Uy, Initial residual = 0.003035485, Final residual = 4.7347919e-09, No Iterations 3
DICPCG:  Solving for p, Initial residual = 0.064775175, Final residual = 0.00062240496, No Iterations 786
DICPCG:  Solving for p, Initial residual = 0.063796908, Final residual = 0.00062949462, No Iterations 11
DICPCG:  Solving for p, Initial residual = 0.0056800821, Final residual = 5.6485862e-05, No Iterations 786
DICPCG:  Solving for p, Initial residual = 0.0025120814, Final residual = 2.4801725e-05, No Iterations 22
time step continuity errors : sum local = 2.2012537e-07, global = -7.552909e-08, cumulative = 3.3598678e-07
ExecutionTime = 34.81 s  ClockTime = 35 s

Time = 19

smoothSolver:  Solving for Ux, Initial residual = 0.0043946105, Final residual = 6.1130509e-09, No Iterations 3
smoothSolver:  Solving for Uy, Initial residual = 0.0021701348, Final residual = 2.5938224e-09, No Iterations 3
DICPCG:  Solving for p, Initial residual = 0.056362305, Final residual = 0.00055486346, No Iterations 790
DICPCG:  Solving for p, Initial residual = 0.07972259, Final residual = 0.0007693858, No Iterations 11
DICPCG:  Solving for p, Initial residual = 0.0073684705, Final residual = 7.089816e-05, No Iterations 779
DICPCG:  Solving for p, Initial residual = 0.0036375835, Final residual = 3.3684273e-05, No Iterations 13
time step continuity errors : sum local = 3.0494102e-07, global = -6.100838e-08, cumulative = 2.749784e-07
ExecutionTime = 37.48 s  ClockTime = 37 s

Time = 20

smoothSolver:  Solving for Ux, Initial residual = 0.0025226117, Final residual = 8.1744567e-09, No Iterations 2
smoothSolver:  Solving for Uy, Initial residual = 0.0018703066, Final residual = 3.8868255e-09, No Iterations 2
DICPCG:  Solving for p, Initial residual = 0.040291329, Final residual = 0.00036640932, No Iterations 793
DICPCG:  Solving for p, Initial residual = 0.065530625, Final residual = 0.00056347136, No Iterations 12
DICPCG:  Solving for p, Initial residual = 0.0071349388, Final residual = 6.9219653e-05, No Iterations 778
DICPCG:  Solving for p, Initial residual = 0.0036697058, Final residual = 3.4572242e-05, No Iterations 772
time step continuity errors : sum local = 3.0984701e-07, global = 9.8111624e-13, cumulative = 2.7497938e-07
ExecutionTime = 40.22 s  ClockTime = 40 s

surfaceFieldValue flowRateTM write:
    sum(outlet_tm) of phi = 2.5100617e-11

surfaceFieldValue flowRateTM_left write:
    sum(outlet_tm_left) of phi = 2.4899383e-11

surfaceFieldValue pressureACinlet write:
    areaAverage(ac_inlet) of p = 3.9183067

Time = 21

smoothSolver:  Solving for Ux, Initial residual = 0.0022083663, Final residual = 5.3202738e-09, No Iterations 3
smoothSolver:  Solving for Uy, Initial residual = 0.0017235188, Final residual = 2.1922628e-09, No Iterations 3
DICPCG:  Solving for p, Initial residual = 0.035413445, Final residual = 0.00034458296, No Iterations 789
DICPCG:  Solving for p, Initial residual = 0.029618927, Final residual = 0.00025587369, No Iterations 39
DICPCG:  Solving for p, Initial residual = 0.0033772798, Final residual = 3.300151e-05, No Iterations 758
DICPCG:  Solving for p, Initial residual = 0.0015647152, Final residual = 1.3910655e-05, No Iterations 19
time step continuity errors : sum local = 1.2019863e-07, global = 5.5135686e-09, cumulative = 2.8049295e-07
ExecutionTime = 42 s  ClockTime = 42 s

Time = 22

smoothSolver:  Solving for Ux, Initial residual = 0.0025767446, Final residual = 7.1973066e-09, No Iterations 3
smoothSolver:  Solving for Uy, Initial residual = 0.0014944013, Final residual = 3.0191002e-09, No Iterations 3
DICPCG:  Solving for p, Initial residual = 0.038761021, Final residual = 0.00038443457, No Iterations 779
DICPCG:  Solving for p, Initial residual = 0.021084556, Final residual = 0.00018932039, No Iterations 768
DICPCG:  Solving for p, Initial residual = 0.0018800405, Final residual = 1.7868109e-05, No Iterations 778
DICPCG:  Solving for p, Initial residual = 0.00064696545, Final residual = 6.0883814e-06, No Iterations 773
time step continuity errors : sum local = 5.1674016e-08, global = -1.4965447e-13, cumulative = 2.804928e-07
ExecutionTime = 44.6 s  ClockTime = 44 s

Time = 23

smoothSolver:  Solving for Ux, Initial residual = 0.0029965999, Final residual = 5.8946249e-09, No Iterations 3
smoothSolver:  Solving for Uy, Initial residual = 0.0012211072, Final residual = 2.5391697e-09, No Iterations 3
DICPCG:  Solving for p, Initial residual = 0.037895926, Final residual = 0.00034991727, No Iterations 787
DICPCG:  Solving for p, Initial residual = 0.041008305, Final residual = 0.00038610415, No Iterations 11
DICPCG:  Solving for p, Initial residual = 0.0032677258, Final residual = 2.9906794e-05, No Iterations 785
DICPCG:  Solving for p, Initial residual = 0.0012627262, Final residual = 1.1665782e-05, No Iterations 13
time step continuity errors : sum local = 1.0038256e-07, global = 2.1128609e-09, cumulative = 2.8260566e-07
ExecutionTime = 46.43 s  ClockTime = 46 s

Time = 24

smoothSolver:  Solving for Ux, Initial residual = 0.0030217517, Final residual = 2.5025945e-09, No Iterations 3
smoothSolver:  Solving for Uy, Initial residual = 0.0010060839, Final residual = 7.262029e-09, No Iterations 2
DICPCG:  Solving for p, Initial residual = 0.03068657, Final residual = 0.00029110385, No Iterations 790
DICPCG:  Solving for p, Initial residual = 0.044499932, Final residual = 0.00039547268, No Iterations 11
DICPCG:  Solving for p, Initial residual = 0.0038507669, Final residual = 3.6614629e-05, No Iterations 773
DICPCG:  Solving for p, Initial residual = 0.0017119647, Final residual = 1.6927238e-05, No Iterations 13
time step continuity errors : sum local = 1.4733639e-07, global = 1.4298179e-08, cumulative = 2.9690384e-07
ExecutionTime = 48.15 s  ClockTime = 48 s

Time = 25

smoothSolver:  Solving for Ux, Initial residual = 0.0025980664, Final residual = 8.7527911e-09, No Iterations 2
smoothSolver:  Solving for Uy, Initial residual = 0.00085939673, Final residual = 4.0206588e-09, No Iterations 2
DICPCG:  Solving for p, Initial residual = 0.022102606, Final residual = 0.0002030396, No Iterations 792
DICPCG:  Solving for p, Initial residual = 0.031317786, Final residual = 0.00030191536, No Iterations 11
DICPCG:  Solving for p, Initial residual = 0.0029302092, Final residual = 2.6528648e-05, No Iterations 100
DICPCG:  Solving for p, Initial residual = 0.0013818742, Final residual = 1.3692272e-05, No Iterations 760
time step continuity errors : sum local = 1.1885113e-07, global = 4.2839198e-13, cumulative = 2.9690427e-07
ExecutionTime = 49.65 s  ClockTime = 50 s

Time = 26

smoothSolver:  Solving for Ux, Initial residual = 0.001907457, Final residual = 3.6785581e-09, No Iterations 3
smoothSolver:  Solving for Uy, Initial residual = 0.00067064355, Final residual = 8.3566237e-09, No Iterations 2
DICPCG:  Solving for p, Initial residual = 0.021410105, Final residual = 0.00019894445, No Iterations 774
DICPCG:  Solving for p, Initial residual = 0.010168572, Final residual = 0.00010083371, No Iterations 23
DICPCG:  Solving for p, Initial residual = 0.0011009177, Final residual = 1.0680805e-05, No Iterations 775
DICPCG:  Solving for p, Initial residual = 0.00045489707, Final residual = 4.3902733e-06, No Iterations 23
time step continuity errors : sum local = 3.7606341e-08, global = -6.6928646e-09, cumulative = 2.902114e-07
ExecutionTime = 51.17 s  ClockTime = 51 s

Time = 27

smoothSolver:  Solving for Ux, Initial residual = 0.0011936416, Final residual = 4.1851043e-09, No Iterations 3
smoothSolver:  Solving for Uy, Initial residual = 0.00055961411, Final residual = 9.5538935e-09, No Iterations 2
DICPCG:  Solving for p, Initial residual = 0.024596424, Final residual = 0.00022242268, No Iterations 780
DICPCG:  Solving for p, Initial residual = 0.014645389, Final residual = 0.00014443069, No Iterations 18
DICPCG:  Solving for p, Initial residual = 0.0013963272, Final residual = 1.3422272e-05, No Iterations 777
DICPCG:  Solving for p, Initial residual = 0.00054806012, Final residual = 5.0442619e-06, No Iterations 768
time step continuity errors : sum local = 4.339922e-08, global = -5.9690174e-13, cumulative = 2.9021081e-07
ExecutionTime = 53.37 s  ClockTime = 53 s

Time = 28

smoothSolver:  Solving for Ux, Initial residual = 0.00069071838, Final residual = 2.9490381e-09, No Iterations 3
smoothSolver:  Solving for Uy, Initial residual = 0.00048398483, Final residual = 6.9817918e-09, No Iterations 2
DICPCG:  Solving for p, Initial residual = 0.024059814, Final residual = 0.0002153198, No Iterations 788
DICPCG:  Solving for p, Initial residual = 0.023681195, Final residual = 0.00022550508, No Iterations 11
DICPCG:  Solving for p, Initial residual = 0.0023836299, Final residual = 2.2483848e-05, No Iterations 784
DICPCG:  Solving for p, Initial residual = 0.0011564091, Final residual = 1.1267624e-05, No Iterations 768
time step continuity errors : sum local = 9.7530799e-08, global = -4.0799934e-13, cumulative = 2.902104e-07
ExecutionTime = 55.42 s  ClockTime = 55 s

Time = 29

smoothSolver:  Solving for Ux, Initial residual = 0.0005531241, Final residual = 5.4087732e-09, No Iterations 2
smoothSolver:  Solving for Uy, Initial residual = 0.00041530032, Final residual = 2.4148884e-09, No Iterations 2
DICPCG:  Solving for p, Initial residual = 0.018916958, Final residual = 0.00018685401, No Iterations 787
DICPCG:  Solving for p, Initial residual = 0.022662752, Final residual = 0.00022501153, No Iterations 11
DICPCG:  Solving for p, Initial residual = 0.0023987587, Final residual = 2.2707894e-05, No Iterations 780
DICPCG:  Solving for p, Initial residual = 0.0012050221, Final residual = 1.2018631e-05, No Iterations 767
time step continuity errors : sum local = 1.0416483e-07, global = -4.591369e-13, cumulative = 2.9020994e-07
ExecutionTime = 57.42 s  ClockTime = 57 s

Time = 30

smoothSolver:  Solving for Ux, Initial residual = 0.00051947707, Final residual = 7.0568538e-09, No Iterations 2
smoothSolver:  Solving for Uy, Initial residual = 0.00037743873, Final residual = 2.7406735e-09, No Iterations 2
DICPCG:  Solving for p, Initial residual = 0.015466727, Final residual = 0.00015380919, No Iterations 359
DICPCG:  Solving for p, Initial residual = 0.015100715, Final residual = 0.0001445504, No Iterations 12
DICPCG:  Solving for p, Initial residual = 0.0016427896, Final residual = 1.5794705e-05, No Iterations 772
DICPCG:  Solving for p, Initial residual = 0.00088969128, Final residual = 8.4037072e-06, No Iterations 769
time step continuity errors : sum local = 7.2386087e-08, global = 8.2822023e-13, cumulative = 2.9021077e-07
ExecutionTime = 58.94 s  ClockTime = 59 s

surfaceFieldValue flowRateTM write:
    sum(outlet_tm) of phi = 2.5080201e-11

surfaceFieldValue flowRateTM_left write:
    sum(outlet_tm_left) of phi = 2.4919799e-11

surfaceFieldValue pressureACinlet write:
    areaAverage(ac_inlet) of p = 3.8826755

Time = 31

smoothSolver:  Solving for Ux, Initial residual = 0.00047620988, Final residual = 2.1314739e-09, No Iterations 3
smoothSolver:  Solving for Uy, Initial residual = 0.00033864038, Final residual = 4.872947e-09, No Iterations 2
DICPCG:  Solving for p, Initial residual = 0.01670752, Final residual = 0.00016285188, No Iterations 343
DICPCG:  Solving for p, Initial residual = 0.0058745672, Final residual = 5.67704e-05, No Iterations 16
DICPCG:  Solving for p, Initial residual = 0.00071786872, Final residual = 6.399913e-06, No Iterations 775
DICPCG:  Solving for p, Initial residual = 0.00073540724, Final residual = 6.6976529e-06, No Iterations 776
time step continuity errors : sum local = 5.7309129e-08, global = 7.2652679e-13, cumulative = 2.9021149e-07
ExecutionTime = 60.57 s  ClockTime = 60 s

Time = 32

smoothSolver:  Solving for Ux, Initial residual = 0.00037783738, Final residual = 2.1845667e-09, No Iterations 3
smoothSolver:  Solving for Uy, Initial residual = 0.0002804444, Final residual = 5.2840502e-09, No Iterations 2
DICPCG:  Solving for p, Initial residual = 0.017330884, Final residual = 0.00016424046, No Iterations 777
DICPCG:  Solving for p, Initial residual = 0.0099953334, Final residual = 9.4801168e-05, No Iterations 11
DICPCG:  Solving for p, Initial residual = 0.00081302134, Final residual = 7.9241979e-06, No Iterations 62
DICPCG:  Solving for p, Initial residual = 0.00030409642, Final residual = 2.9441088e-06, No Iterations 766
time step continuity errors : sum local = 2.5243704e-08, global = 1.2942175e-13, cumulative = 2.9021162e-07
ExecutionTime = 61.92 s  ClockTime = 62 s

Time = 33

smoothSolver:  Solving for Ux, Initial residual = 0.00025747129, Final residual = 8.2677298e-09, No Iterations 2
smoothSolver:  Solving for Uy, Initial residual = 0.00021526052, Final residual = 3.6986841e-09, No Iterations 2
DICPCG:  Solving for p, Initial residual = 0.015445158, Final residual = 0.0001477909, No Iterations 783
DICPCG:  Solving for p, Initial residual = 0.013380192, Final residual = 0.00012412519, No Iterations 11
DICPCG:  Solving for p, Initial residual = 0.0011448937, Final residual = 1.1312655e-05, No Iterations 784
DICPCG:  Solving for p, Initial residual = 0.00049026285, Final residual = 4.8110002e-06, No Iterations 767
time step continuity errors : sum local = 4.118977e-08, global = -5.9464125e-13, cumulative = 2.9021103e-07
ExecutionTime = 64.52 s  ClockTime = 64 s

Time = 34

smoothSolver:  Solving for Ux, Initial residual = 0.00018340923, Final residual = 3.2323526e-09, No Iterations 2
smoothSolver:  Solving for Uy, Initial residual = 0.00015971948, Final residual = 2.0180061e-09, No Iterations 2
DICPCG:  Solving for p, Initial residual = 0.012302907, Final residual = 0.00010795686, No Iterations 787
DICPCG:  Solving for p, Initial residual = 0.011523744, Final residual = 0.000102883, No Iterations 11
DICPCG:  Solving for p, Initial residual = 0.00099875191, Final residual = 8.9942493e-06, No Iterations 784
DICPCG:  Solving for p, Initial residual = 0.00045170664, Final residual = 4.3326355e-06, No Iterations 767
time step continuity errors : sum local = 3.7152193e-08, global = 2.1938278e-13, cumulative = 2.9021125e-07
ExecutionTime = 67.04 s  ClockTime = 67 s

Time = 35

smoothSolver:  Solving for Ux, Initial residual = 0.00018335781, Final residual = 5.1964924e-09, No Iterations 2
smoothSolver:  Solving for Uy, Initial residual = 0.00012720476, Final residual = 2.2102003e-09, No Iterations 2
DICPCG:  Solving for p, Initial residual = 0.010868772, Final residual = 0.00010162208, No Iterations 367
DICPCG:  Solving for p, Initial residual = 0.0064559068, Final residual = 5.7523623e-05, No Iterations 19
DICPCG:  Solving for p, Initial residual = 0.00066721723, Final residual = 6.041102e-06, No Iterations 754
DICPCG:  Solving for p, Initial residual = 0.0004589721, Final residual = 4.5464431e-06, No Iterations 754
time step continuity errors : sum local = 3.8945643e-08, global = 1.6196379e-13, cumulative = 2.9021141e-07
ExecutionTime = 69.3 s  ClockTime = 69 s

Time = 36

smoothSolver:  Solving for Ux, Initial residual = 0.00021516962, Final residual = 7.7214643e-09, No Iterations 2
smoothSolver:  Solving for Uy, Initial residual = 0.00011737104, Final residual = 2.8731908e-09, No Iterations 2
DICPCG:  Solving for p, Initial residual = 0.011290558, Final residual = 0.00010867095, No Iterations 90
DICPCG:  Solving for p, Initial residual = 0.0031523584, Final residual = 3.109056e-05, No Iterations 750
DICPCG:  Solving for p, Initial residual = 0.00048602707, Final residual = 4.5208526e-06, No Iterations 776
DICPCG:  Solving for p, Initial residual = 0.00016077431, Final residual = 1.5454392e-06, No Iterations 767
time step continuity errors : sum local = 1.3364079e-08, global = 7.0180147e-13, cumulative = 2.9021211e-07
ExecutionTime = 71.64 s  ClockTime = 72 s

Time = 37

smoothSolver:  Solving for Ux, Initial residual = 0.00021231098, Final residual = 7.1161571e-09, No Iterations 2
smoothSolver:  Solving for Uy, Initial residual = 0.00010487094, Final residual = 2.6880006e-09, No Iterations 2
DICPCG:  Solving for p, Initial residual = 0.011725395, Final residual = 0.00011141663, No Iterations 110
DICPCG:  Solving for p, Initial residual = 0.0056787116, Final residual = 5.3843525e-05, No Iterations 272
DICPCG:  Solving for p, Initial residual = 0.00079922133, Final residual = 7.4552491e-06, No Iterations 763
DICPCG:  Solving for p, Initial residual = 0.00020932538, Final residual = 2.0388248e-06, No Iterations 771
time step continuity errors : sum local = 1.7610133e-08, global = 1.0258832e-12, cumulative = 2.9021314e-07
ExecutionTime = 74.23 s  ClockTime = 74 s

Time = 38

smoothSolver:  Solving for Ux, Initial residual = 0.0001878079, Final residual = 4.1387162e-09, No Iterations 2
smoothSolver:  Solving for Uy, Initial residual = 8.6444492e-05, Final residual = 1.7478287e-09, No Iterations 2
DICPCG:  Solving for p, Initial residual = 0.010395471, Final residual = 0.00010385951, No Iterations 340
DICPCG:  Solving for p, Initial residual = 0.0069248364, Final residual = 6.3629038e-05, No Iterations 16
DICPCG:  Solving for p, Initial residual = 0.00058647468, Final residual = 5.638469e-06, No Iterations 755
DICPCG:  Solving for p, Initial residual = 0.00035377681, Final residual = 3.4343157e-06, No Iterations 14
time step continuity errors : sum local = 2.9412571e-08, global = 2.1081651e-10, cumulative = 2.9042395e-07
ExecutionTime = 75.84 s  ClockTime = 76 s

Time = 39

smoothSolver:  Solving for Ux, Initial residual = 0.00014694673, Final residual = 2.4829293e-09, No Iterations 2
smoothSolver:  Solving for Uy, Initial residual = 6.9409157e-05, Final residual = 7.0111012e-09, No Iterations 1
DICPCG:  Solving for p, Initial residual = 0.0083028528, Final residual = 8.0514991e-05, No Iterations 362
DICPCG:  Solving for p, Initial residual = 0.0063415206, Final residual = 5.4842082e-05, No Iterations 11
DICPCG:  Solving for p, Initial residual = 0.00051701697, Final residual = 5.1549458e-06, No Iterations 771
DICPCG:  Solving for p, Initial residual = 0.00032856341, Final residual = 3.1899244e-06, No Iterations 771
time step continuity errors : sum local = 2.7470408e-08, global = -2.7118759e-13, cumulative = 2.9042368e-07
ExecutionTime = 77.82 s  ClockTime = 78 s

Time = 40

smoothSolver:  Solving for Ux, Initial residual = 0.00010042638, Final residual = 3.4930085e-09, No Iterations 2
smoothSolver:  Solving for Uy, Initial residual = 5.2385302e-05, Final residual = 8.7948854e-09, No Iterations 1
DICPCG:  Solving for p, Initial residual = 0.0080931112, Final residual = 7.9047361e-05, No Iterations 112
DICPCG:  Solving for p, Initial residual = 0.0040047946, Final residual = 3.74212e-05, No Iterations 18
DICPCG:  Solving for p, Initial residual = 0.00041512441, Final residual = 3.6007927e-06, No Iterations 765
DICPCG:  Solving for p, Initial residual = 0.00046072567, Final residual = 4.3783588e-06, No Iterations 774
time step continuity errors : sum local = 3.7550764e-08, global = 2.1694353e-13, cumulative = 2.904239e-07
ExecutionTime = 79.5 s  ClockTime = 79 s

surfaceFieldValue flowRateTM write:
    sum(outlet_tm) of phi = 2.5078546e-11

surfaceFieldValue flowRateTM_left write:
    sum(outlet_tm_left) of phi = 2.4921454e-11

surfaceFieldValue pressureACinlet write:
    areaAverage(ac_inlet) of p = 3.8718322

Time = 41

smoothSolver:  Solving for Ux, Initial residual = 7.5607694e-05, Final residual = 4.4222184e-09, No Iterations 2
smoothSolver:  Solving for Uy, Initial residual = 4.3523505e-05, Final residual = 1.7355807e-09, No Iterations 2
DICPCG:  Solving for p, Initial residual = 0.0090809189, Final residual = 8.470489e-05, No Iterations 87
DICPCG:  Solving for p, Initial residual = 0.002348528, Final residual = 2.3058815e-05, No Iterations 745
DICPCG:  Solving for p, Initial residual = 0.00030219894, Final residual = 2.6610126e-06, No Iterations 772
DICPCG:  Solving for p, Initial residual = 0.00011157141, Final residual = 9.8831894e-07, No Iterations 776
time step continuity errors : sum local = 8.6242741e-09, global = 3.0461639e-13, cumulative = 2.904242e-07
ExecutionTime = 82.35 s  ClockTime = 82 s

Time = 42

smoothSolver:  Solving for Ux, Initial residual = 6.2101062e-05, Final residual = 3.9121224e-09, No Iterations 2
smoothSolver:  Solving for Uy, Initial residual = 3.852923e-05, Final residual = 1.6285182e-09, No Iterations 2
DICPCG:  Solving for p, Initial residual = 0.0089867119, Final residual = 8.6018097e-05, No Iterations 106
DICPCG:  Solving for p, Initial residual = 0.0036064966, Final residual = 3.5133586e-05, No Iterations 284
DICPCG:  Solving for p, Initial residual = 0.00057934844, Final residual = 5.6134048e-06, No Iterations 765
DICPCG:  Solving for p, Initial residual = 0.00020016721, Final residual = 1.7836713e-06, No Iterations 771
time step continuity errors : sum local = 1.538005e-08, global = -1.9720214e-12, cumulative = 2.9042223e-07
ExecutionTime = 84.37 s  ClockTime = 84 s

Time = 43

smoothSolver:  Solving for Ux, Initial residual = 5.461623e-05, Final residual = 2.6498447e-09, No Iterations 2
smoothSolver:  Solving for Uy, Initial residual = 3.8084667e-05, Final residual = 8.1378411e-09, No Iterations 1
DICPCG:  Solving for p, Initial residual = 0.0073724552, Final residual = 7.325225e-05, No Iterations 331
DICPCG:  Solving for p, Initial residual = 0.0037893676, Final residual = 3.7501231e-05, No Iterations 15
DICPCG:  Solving for p, Initial residual = 0.00034760936, Final residual = 3.2782194e-06, No Iterations 328
DICPCG:  Solving for p, Initial residual = 0.0001643452, Final residual = 1.6276226e-06, No Iterations 751
time step continuity errors : sum local = 1.4054661e-08, global = -4.3597036e-13, cumulative = 2.904218e-07
ExecutionTime = 85.95 s  ClockTime = 86 s

Time = 44

smoothSolver:  Solving for Ux, Initial residual = 4.4946892e-05, Final residual = 2.2035864e-09, No Iterations 2
smoothSolver:  Solving for Uy, Initial residual = 3.4333762e-05, Final residual = 7.6561872e-09, No Iterations 1
DICPCG:  Solving for p, Initial residual = 0.0059904951, Final residual = 5.841034e-05, No Iterations 116
DICPCG:  Solving for p, Initial residual = 0.0028454113, Final residual = 2.6851642e-05, No Iterations 251
DICPCG:  Solving for p, Initial residual = 0.00041337398, Final residual = 3.5143509e-06, No Iterations 767
DICPCG:  Solving for p, Initial residual = 0.00011454517, Final residual = 1.0615988e-06, No Iterations 319
time step continuity errors : sum local = 9.1762989e-09, global = -1.2531641e-09, cumulative = 2.8916863e-07
ExecutionTime = 87.76 s  ClockTime = 88 s

Time = 45

smoothSolver:  Solving for Ux, Initial residual = 3.3636664e-05, Final residual = 2.4997775e-09, No Iterations 2
smoothSolver:  Solving for Uy, Initial residual = 2.7700644e-05, Final residual = 7.8124942e-09, No Iterations 1
DICPCG:  Solving for p, Initial residual = 0.0058565753, Final residual = 5.4375598e-05, No Iterations 99
DICPCG:  Solving for p, Initial residual = 0.0014661223, Final residual = 1.2836069e-05, No Iterations 21
DICPCG:  Solving for p, Initial residual = 0.00016600672, Final residual = 1.6543244e-06, No Iterations 766
DICPCG:  Solving for p, Initial residual = 0.00011280314, Final residual = 1.1111589e-06, No Iterations 774
time step continuity errors : sum local = 9.6758304e-09, global = 3.6058461e-14, cumulative = 2.8916867e-07
ExecutionTime = 89.44 s  ClockTime = 89 s

Time = 46

smoothSolver:  Solving for Ux, Initial residual = 2.4296553e-05, Final residual = 2.6248703e-09, No Iterations 2
smoothSolver:  Solving for Uy, Initial residual = 2.2739995e-05, Final residual = 7.5831135e-09, No Iterations 1
DICPCG:  Solving for p, Initial residual = 0.0062911929, Final residual = 5.9197526e-05, No Iterations 101
DICPCG:  Solving for p, Initial residual = 0.0014553429, Final residual = 1.3621943e-05, No Iterations 758
DICPCG:  Solving for p, Initial residual = 0.00020042102, Final residual = 1.8850099e-06, No Iterations 772
DICPCG:  Solving for p, Initial residual = 5.8194961e-05, Final residual = 5.6799837e-07, No Iterations 764
time step continuity errors : sum local = 5.0610296e-09, global = 8.9039961e-13, cumulative = 2.8916956e-07
ExecutionTime = 91.91 s  ClockTime = 92 s

Time = 47

smoothSolver:  Solving for Ux, Initial residual = 1.7473528e-05, Final residual = 2.2438097e-09, No Iterations 2
smoothSolver:  Solving for Uy, Initial residual = 1.9072773e-05, Final residual = 6.8496536e-09, No Iterations 1
DICPCG:  Solving for p, Initial residual = 0.0060846895, Final residual = 5.7256314e-05, No Iterations 104
DICPCG:  Solving for p, Initial residual = 0.0022060375, Final residual = 2.1439641e-05, No Iterations 280
DICPCG:  Solving for p, Initial residual = 0.00033521981, Final residual = 3.1447709e-06, No Iterations 763
DICPCG:  Solving for p, Initial residual = 0.00010643107, Final residual = 1.0443286e-06, No Iterations 769
time step continuity errors : sum local = 9.111602e-09, global = 6.8198163e-13, cumulative = 2.8917024e-07
ExecutionTime = 94 s  ClockTime = 94 s

Time = 48

smoothSolver:  Solving for Ux, Initial residual = 1.8926987e-05, Final residual = 1.852684e-09, No Iterations 2
smoothSolver:  Solving for Uy, Initial residual = 1.5899486e-05, Final residual = 6.012526e-09, No Iterations 1
DICPCG:  Solving for p, Initial residual = 0.0050421338, Final residual = 4.6919035e-05, No Iterations 106
DICPCG:  Solving for p, Initial residual = 0.002202596, Final residual = 2.1973062e-05, No Iterations 18
DICPCG:  Solving for p, Initial residual = 0.00021476947, Final residual = 2.0278085e-06, No Iterations 768
DICPCG:  Solving for p, Initial residual = 0.00017713115, Final residual = 1.4611141e-06, No Iterations 776
time step continuity errors : sum local = 1.2662238e-08, global = 3.6560815e-14, cumulative = 2.8917028e-07
ExecutionTime = 96.23 s  ClockTime = 96 s

Time = 49

smoothSolver:  Solving for Ux, Initial residual = 1.9228293e-05, Final residual = 1.9382094e-09, No Iterations 2
smoothSolver:  Solving for Uy, Initial residual = 1.3631546e-05, Final residual = 5.6120809e-09, No Iterations 1
DICPCG:  Solving for p, Initial residual = 0.0043357611, Final residual = 4.2203913e-05, No Iterations 102
DICPCG:  Solving for p, Initial residual = 0.0015652855, Final residual = 1.4607687e-05, No Iterations 16
DICPCG:  Solving for p, Initial residual = 0.00014765055, Final residual = 1.4641716e-06, No Iterations 302
DICPCG:  Solving for p, Initial residual = 0.00010525728, Final residual = 9.8316644e-07, No Iterations 768
time step continuity errors : sum local = 8.5760176e-09, global = -4.1795345e-13, cumulative = 2.8916986e-07
ExecutionTime = 97.22 s  ClockTime = 97 s

Time = 50

smoothSolver:  Solving for Ux, Initial residual = 1.7743645e-05, Final residual = 2.0622029e-09, No Iterations 2
smoothSolver:  Solving for Uy, Initial residual = 1.0673976e-05, Final residual = 5.6677825e-09, No Iterations 1
DICPCG:  Solving for p, Initial residual = 0.0044351078, Final residual = 4.2779142e-05, No Iterations 90
DICPCG:  Solving for p, Initial residual = 0.00094142823, Final residual = 8.8617225e-06, No Iterations 31
DICPCG:  Solving for p, Initial residual = 0.00011257724, Final residual = 1.1100528e-06, No Iterations 521
DICPCG:  Solving for p, Initial residual = 6.0189914e-05, Final residual = 5.7977679e-07, No Iterations 308
time step continuity errors : sum local = 5.0716703e-09, global = -2.778759e-11, cumulative = 2.8914207e-07
ExecutionTime = 98.2 s  ClockTime = 98 s

surfaceFieldValue flowRateTM write:
    sum(outlet_tm) of phi = 2.5079321e-11

surfaceFieldValue flowRateTM_left write:
    sum(outlet_tm_left) of phi = 2.4920675e-11

surfaceFieldValue pressureACinlet write:
    areaAverage(ac_inlet) of p = 3.8720561

Time = 51

smoothSolver:  Solving for Ux, Initial residual = 1.5523115e-05, Final residual = 2.0081118e-09, No Iterations 2
smoothSolver:  Solving for Uy, Initial residual = 8.3433869e-06, Final residual = 5.4811036e-09, No Iterations 1
DICPCG:  Solving for p, Initial residual = 0.0044543184, Final residual = 4.3797628e-05, No Iterations 101
DICPCG:  Solving for p, Initial residual = 0.0011035912, Final residual = 1.0666623e-05, No Iterations 30
DICPCG:  Solving for p, Initial residual = 0.00011434779, Final residual = 1.1420853e-06, No Iterations 309
DICPCG:  Solving for p, Initial residual = 8.694686e-05, Final residual = 8.5636571e-07, No Iterations 768
time step continuity errors : sum local = 7.5035367e-09, global = 6.2311288e-14, cumulative = 2.8914213e-07
ExecutionTime = 99.18 s  ClockTime = 99 s

Time = 52

smoothSolver:  Solving for Ux, Initial residual = 1.276869e-05, Final residual = 1.8609058e-09, No Iterations 2
smoothSolver:  Solving for Uy, Initial residual = 6.8584515e-06, Final residual = 5.2717265e-09, No Iterations 1
DICPCG:  Solving for p, Initial residual = 0.0039553193, Final residual = 3.435117e-05, No Iterations 103
DICPCG:  Solving for p, Initial residual = 0.0012613365, Final residual = 1.1559054e-05, No Iterations 21
DICPCG:  Solving for p, Initial residual = 0.00011523969, Final residual = 1.1308654e-06, No Iterations 316
DICPCG:  Solving for p, Initial residual = 9.4303082e-05, Final residual = 9.3071229e-07, No Iterations 768
time step continuity errors : sum local = 8.1319398e-09, global = -2.5550281e-13, cumulative = 2.8914188e-07
ExecutionTime = 100.15 s  ClockTime = 100 s

Time = 53

smoothSolver:  Solving for Ux, Initial residual = 9.4925744e-06, Final residual = 1.7405816e-09, No Iterations 2
smoothSolver:  Solving for Uy, Initial residual = 5.8920873e-06, Final residual = 5.3096169e-09, No Iterations 1
DICPCG:  Solving for p, Initial residual = 0.0033779115, Final residual = 3.2167372e-05, No Iterations 102
DICPCG:  Solving for p, Initial residual = 0.0010213555, Final residual = 9.7099544e-06, No Iterations 17
DICPCG:  Solving for p, Initial residual = 9.4149074e-05, Final residual = 9.1605417e-07, No Iterations 308
DICPCG:  Solving for p, Initial residual = 6.788457e-05, Final residual = 6.6058909e-07, No Iterations 772
time step continuity errors : sum local = 5.8437502e-09, global = 4.8113728e-13, cumulative = 2.8914236e-07
ExecutionTime = 101.12 s  ClockTime = 101 s

Time = 54

smoothSolver:  Solving for Ux, Initial residual = 8.1633014e-06, Final residual = 1.6759359e-09, No Iterations 2
smoothSolver:  Solving for Uy, Initial residual = 5.2933744e-06, Final residual = 5.5165274e-09, No Iterations 1
DICPCG:  Solving for p, Initial residual = 0.003214144, Final residual = 2.9947785e-05, No Iterations 93
DICPCG:  Solving for p, Initial residual = 0.00068929398, Final residual = 5.8501107e-06, No Iterations 30
DICPCG:  Solving for p, Initial residual = 7.5449475e-05, Final residual = 7.1124579e-07, No Iterations 336
DICPCG:  Solving for p, Initial residual = 3.6961643e-05, Final residual = 3.5041936e-07, No Iterations 763
time step continuity errors : sum local = 3.2220661e-09, global = 5.4017699e-13, cumulative = 2.891429e-07
ExecutionTime = 102.16 s  ClockTime = 102 s

Time = 55

smoothSolver:  Solving for Ux, Initial residual = 7.2632505e-06, Final residual = 1.6329483e-09, No Iterations 2
smoothSolver:  Solving for Uy, Initial residual = 5.3799373e-06, Final residual = 5.5604161e-09, No Iterations 1
DICPCG:  Solving for p, Initial residual = 0.0032269794, Final residual = 3.115159e-05, No Iterations 60
DICPCG:  Solving for p, Initial residual = 0.00062045447, Final residual = 5.9605481e-06, No Iterations 78
DICPCG:  Solving for p, Initial residual = 7.6720261e-05, Final residual = 7.5636854e-07, No Iterations 305
DICPCG:  Solving for p, Initial residual = 4.1930995e-05, Final residual = 3.899291e-07, No Iterations 748
time step continuity errors : sum local = 3.5525747e-09, global = -5.5455475e-13, cumulative = 2.8914235e-07
ExecutionTime = 103.17 s  ClockTime = 103 s

Time = 56

smoothSolver:  Solving for Ux, Initial residual = 6.4826431e-06, Final residual = 9.8930677e-09, No Iterations 1
smoothSolver:  Solving for Uy, Initial residual = 4.6972565e-06, Final residual = 5.3690938e-09, No Iterations 1
DICPCG:  Solving for p, Initial residual = 0.0030277382, Final residual = 2.8210812e-05, No Iterations 98
DICPCG:  Solving for p, Initial residual = 0.00070739106, Final residual = 6.8315719e-06, No Iterations 18
DICPCG:  Solving for p, Initial residual = 7.29584e-05, Final residual = 7.2403041e-07, No Iterations 309
DICPCG:  Solving for p, Initial residual = 4.6455357e-05, Final residual = 4.6292112e-07, No Iterations 236
time step continuity errors : sum local = 4.0616261e-09, global = -2.1917786e-11, cumulative = 2.8912043e-07
ExecutionTime = 103.8 s  ClockTime = 104 s

Time = 57

smoothSolver:  Solving for Ux, Initial residual = 5.1284151e-06, Final residual = 9.6444033e-09, No Iterations 1
smoothSolver:  Solving for Uy, Initial residual = 3.4419797e-06, Final residual = 5.0125681e-09, No Iterations 1
DICPCG:  Solving for p, Initial residual = 0.002659499, Final residual = 2.4024091e-05, No Iterations 98
DICPCG:  Solving for p, Initial residual = 0.00065894158, Final residual = 6.5050486e-06, No Iterations 20
DICPCG:  Solving for p, Initial residual = 7.0400705e-05, Final residual = 6.710257e-07, No Iterations 310
DICPCG:  Solving for p, Initial residual = 3.7569235e-05, Final residual = 3.7073221e-07, No Iterations 311
time step continuity errors : sum local = 3.2957342e-09, global = 2.6432913e-10, cumulative = 2.8938476e-07
ExecutionTime = 104.45 s  ClockTime = 104 s

Time = 58

smoothSolver:  Solving for Ux, Initial residual = 3.4856317e-06, Final residual = 9.5439663e-09, No Iterations 1
smoothSolver:  Solving for Uy, Initial residual = 2.1474523e-06, Final residual = 4.6273555e-09, No Iterations 1
DICPCG:  Solving for p, Initial residual = 0.0024337878, Final residual = 2.1332937e-05, No Iterations 93
DICPCG:  Solving for p, Initial residual = 0.00049875727, Final residual = 4.9584428e-06, No Iterations 22
DICPCG:  Solving for p, Initial residual = 5.9266491e-05, Final residual = 5.8646067e-07, No Iterations 503
DICPCG:  Solving for p, Initial residual = 3.0418772e-05, Final residual = 2.9005294e-07, No Iterations 85
time step continuity errors : sum local = 2.5393751e-09, global = 3.5923707e-10, cumulative = 2.8974399e-07
ExecutionTime = 105.05 s  ClockTime = 105 s

Time = 59

smoothSolver:  Solving for Ux, Initial residual = 2.2535554e-06, Final residual = 9.4667294e-09, No Iterations 1
smoothSolver:  Solving for Uy, Initial residual = 1.6451687e-06, Final residual = 4.3367503e-09, No Iterations 1
DICPCG:  Solving for p, Initial residual = 0.0023566448, Final residual = 2.0318689e-05, No Iterations 93
DICPCG:  Solving for p, Initial residual = 0.00042638189, Final residual = 4.0045309e-06, No Iterations 33
DICPCG:  Solving for p, Initial residual = 5.6354009e-05, Final residual = 5.4538459e-07, No Iterations 311
DICPCG:  Solving for p, Initial residual = 3.5593924e-05, Final residual = 3.531045e-07, No Iterations 316
time step continuity errors : sum local = 3.1480509e-09, global = 3.3062605e-10, cumulative = 2.9007462e-07
ExecutionTime = 105.7 s  ClockTime = 106 s

Time = 60

smoothSolver:  Solving for Ux, Initial residual = 2.0226537e-06, Final residual = 9.4243267e-09, No Iterations 1
smoothSolver:  Solving for Uy, Initial residual = 1.5928215e-06, Final residual = 4.1786195e-09, No Iterations 1
DICPCG:  Solving for p, Initial residual = 0.0022451438, Final residual = 2.1516191e-05, No Iterations 95
DICPCG:  Solving for p, Initial residual = 0.00042208613, Final residual = 4.173478e-06, No Iterations 19
DICPCG:  Solving for p, Initial residual = 5.0468526e-05, Final residual = 4.9317784e-07, No Iterations 319
DICPCG:  Solving for p, Initial residual = 3.5133236e-05, Final residual = 3.3389002e-07, No Iterations 310
time step continuity errors : sum local = 2.9865123e-09, global = 2.4487822e-10, cumulative = 2.903195e-07
ExecutionTime = 106.34 s  ClockTime = 106 s

surfaceFieldValue flowRateTM write:
    sum(outlet_tm) of phi = 2.5079294e-11

surfaceFieldValue flowRateTM_left write:
    sum(outlet_tm_left) of phi = 2.4920742e-11

surfaceFieldValue pressureACinlet write:
    areaAverage(ac_inlet) of p = 3.8721469

Time = 61

smoothSolver:  Solving for Ux, Initial residual = 2.2596294e-06, Final residual = 9.3334855e-09, No Iterations 1
smoothSolver:  Solving for Uy, Initial residual = 1.6995232e-06, Final residual = 4.1618751e-09, No Iterations 1
DICPCG:  Solving for p, Initial residual = 0.0020709348, Final residual = 2.0625812e-05, No Iterations 93
DICPCG:  Solving for p, Initial residual = 0.00040980713, Final residual = 3.9768086e-06, No Iterations 25
DICPCG:  Solving for p, Initial residual = 4.7572941e-05, Final residual = 4.5827407e-07, No Iterations 291
DICPCG:  Solving for p, Initial residual = 2.7581588e-05, Final residual = 2.6871647e-07, No Iterations 289
time step continuity errors : sum local = 2.4272506e-09, global = 1.5215083e-10, cumulative = 2.9047165e-07
ExecutionTime = 107.04 s  ClockTime = 107 s

Time = 62

smoothSolver:  Solving for Ux, Initial residual = 2.1269452e-06, Final residual = 9.1405875e-09, No Iterations 1
smoothSolver:  Solving for Uy, Initial residual = 1.5335158e-06, Final residual = 4.230308e-09, No Iterations 1
DICPCG:  Solving for p, Initial residual = 0.0019183815, Final residual = 1.6856562e-05, No Iterations 92
DICPCG:  Solving for p, Initial residual = 0.00034780531, Final residual = 3.3953604e-06, No Iterations 25
DICPCG:  Solving for p, Initial residual = 4.1011418e-05, Final residual = 4.0586485e-07, No Iterations 268
DICPCG:  Solving for p, Initial residual = 1.9369608e-05, Final residual = 1.9279641e-07, No Iterations 47
time step continuity errors : sum local = 1.7000083e-09, global = 8.1731912e-11, cumulative = 2.9055338e-07
ExecutionTime = 107.8 s  ClockTime = 108 s

Time = 63

smoothSolver:  Solving for Ux, Initial residual = 1.7013292e-06, Final residual = 8.8913277e-09, No Iterations 1
smoothSolver:  Solving for Uy, Initial residual = 1.2178984e-06, Final residual = 4.2966026e-09, No Iterations 1
DICPCG:  Solving for p, Initial residual = 0.0018332543, Final residual = 1.8234076e-05, No Iterations 88
DICPCG:  Solving for p, Initial residual = 0.00029959453, Final residual = 2.9258872e-06, No Iterations 31
DICPCG:  Solving for p, Initial residual = 4.022209e-05, Final residual = 3.9554072e-07, No Iterations 307
DICPCG:  Solving for p, Initial residual = 1.9471198e-05, Final residual = 1.8919647e-07, No Iterations 35
time step continuity errors : sum local = 1.6595405e-09, global = 4.3395127e-11, cumulative = 2.9059678e-07
ExecutionTime = 108.46 s  ClockTime = 108 s

Time = 64

smoothSolver:  Solving for Ux, Initial residual = 1.1982298e-06, Final residual = 8.6359694e-09, No Iterations 1
smoothSolver:  Solving for Uy, Initial residual = 8.1714389e-07, Final residual = 4.2958191e-09, No Iterations 1
DICPCG:  Solving for p, Initial residual = 0.0017560751, Final residual = 1.6739016e-05, No Iterations 55
DICPCG:  Solving for p, Initial residual = 0.00025903871, Final residual = 2.5841703e-06, No Iterations 71
DICPCG:  Solving for p, Initial residual = 3.9729611e-05, Final residual = 3.9368895e-07, No Iterations 302
DICPCG:  Solving for p, Initial residual = 1.842438e-05, Final residual = 1.7737673e-07, No Iterations 301
time step continuity errors : sum local = 1.6688359e-09, global = 3.272212e-11, cumulative = 2.906295e-07
ExecutionTime = 109.19 s  ClockTime = 109 s

Time = 65

smoothSolver:  Solving for Ux, Initial residual = 8.7701416e-07, Final residual = 8.4228214e-09, No Iterations 1
smoothSolver:  Solving for Uy, Initial residual = 4.9580477e-07, Final residual = 4.2197272e-09, No Iterations 1
DICPCG:  Solving for p, Initial residual = 0.0016538359, Final residual = 1.6476247e-05, No Iterations 82
DICPCG:  Solving for p, Initial residual = 0.00022518286, Final residual = 2.1029321e-06, No Iterations 44
DICPCG:  Solving for p, Initial residual = 3.3078665e-05, Final residual = 3.2732305e-07, No Iterations 740
DICPCG:  Solving for p, Initial residual = 1.5665145e-05, Final residual = 1.4310166e-07, No Iterations 772
time step continuity errors : sum local = 1.5207094e-09, global = 5.4158984e-13, cumulative = 2.9063004e-07
ExecutionTime = 110.58 s  ClockTime = 111 s

Time = 66

smoothSolver:  Solving for Ux, Initial residual = 8.9177785e-07, Final residual = 8.2373979e-09, No Iterations 1
smoothSolver:  Solving for Uy, Initial residual = 4.2463264e-07, Final residual = 4.0916374e-09, No Iterations 1
DICPCG:  Solving for p, Initial residual = 0.0015547574, Final residual = 1.4686327e-05, No Iterations 85
DICPCG:  Solving for p, Initial residual = 0.0002093289, Final residual = 2.0003105e-06, No Iterations 26
DICPCG:  Solving for p, Initial residual = 2.9218708e-05, Final residual = 2.9192183e-07, No Iterations 324
DICPCG:  Solving for p, Initial residual = 1.5228238e-05, Final residual = 1.5142457e-07, No Iterations 90
time step continuity errors : sum local = 1.3727843e-09, global = 3.7362982e-11, cumulative = 2.906674e-07
ExecutionTime = 111.1 s  ClockTime = 111 s

Time = 67

smoothSolver:  Solving for Ux, Initial residual = 9.5343397e-07, Final residual = 8.0927219e-09, No Iterations 1
smoothSolver:  Solving for Uy, Initial residual = 5.4844824e-07, Final residual = 3.9555915e-09, No Iterations 1
DICPCG:  Solving for p, Initial residual = 0.0014641721, Final residual = 1.3867435e-05, No Iterations 85
DICPCG:  Solving for p, Initial residual = 0.00019861808, Final residual = 1.9542983e-06, No Iterations 34
DICPCG:  Solving for p, Initial residual = 2.9177622e-05, Final residual = 2.8184747e-07, No Iterations 310
DICPCG:  Solving for p, Initial residual = 1.655163e-05, Final residual = 1.6551488e-07, No Iterations 315
time step continuity errors : sum local = 1.5780386e-09, global = 3.9116035e-11, cumulative = 2.9070652e-07
ExecutionTime = 111.76 s  ClockTime = 112 s

Time = 68

smoothSolver:  Solving for Ux, Initial residual = 8.9574729e-07, Final residual = 8.0092159e-09, No Iterations 1
smoothSolver:  Solving for Uy, Initial residual = 5.6049845e-07, Final residual = 3.8391009e-09, No Iterations 1
DICPCG:  Solving for p, Initial residual = 0.001394227, Final residual = 1.3749676e-05, No Iterations 78
DICPCG:  Solving for p, Initial residual = 0.00017801061, Final residual = 1.6903877e-06, No Iterations 86
DICPCG:  Solving for p, Initial residual = 2.9232513e-05, Final residual = 2.9102961e-07, No Iterations 284
DICPCG:  Solving for p, Initial residual = 1.6102172e-05, Final residual = 1.5300091e-07, No Iterations 261
time step continuity errors : sum local = 1.4603275e-09, global = 3.1610001e-11, cumulative = 2.9073813e-07
ExecutionTime = 112.5 s  ClockTime = 112 s

Time = 69

smoothSolver:  Solving for Ux, Initial residual = 7.2104899e-07, Final residual = 7.9426425e-09, No Iterations 1
smoothSolver:  Solving for Uy, Initial residual = 4.8019437e-07, Final residual = 3.7535097e-09, No Iterations 1
DICPCG:  Solving for p, Initial residual = 0.0013414822, Final residual = 1.3208761e-05, No Iterations 45
DICPCG:  Solving for p, Initial residual = 0.00014944733, Final residual = 1.4184975e-06, No Iterations 89
DICPCG:  Solving for p, Initial residual = 2.8007391e-05, Final residual = 2.7985191e-07, No Iterations 261
DICPCG:  Solving for p, Initial residual = 1.4402003e-05, Final residual = 1.4320836e-07, No Iterations 287
time step continuity errors : sum local = 1.3844126e-09, global = 1.5550541e-11, cumulative = 2.9075368e-07
ExecutionTime = 113.17 s  ClockTime = 113 s

Time = 70

smoothSolver:  Solving for Ux, Initial residual = 4.8833768e-07, Final residual = 7.8532842e-09, No Iterations 1
smoothSolver:  Solving for Uy, Initial residual = 3.5299333e-07, Final residual = 3.6962568e-09, No Iterations 1
DICPCG:  Solving for p, Initial residual = 0.0012907604, Final residual = 1.1200652e-05, No Iterations 66
DICPCG:  Solving for p, Initial residual = 0.0001391987, Final residual = 1.3513881e-06, No Iterations 80
DICPCG:  Solving for p, Initial residual = 2.5242139e-05, Final residual = 2.3675284e-07, No Iterations 268
DICPCG:  Solving for p, Initial residual = 1.1753328e-05, Final residual = 1.130396e-07, No Iterations 42
time step continuity errors : sum local = 1.0229346e-09, global = -5.0707314e-12, cumulative = 2.9074861e-07
ExecutionTime = 113.68 s  ClockTime = 114 s

surfaceFieldValue flowRateTM write:
    sum(outlet_tm) of phi = 2.507929e-11

surfaceFieldValue flowRateTM_left write:
    sum(outlet_tm_left) of phi = 2.4920709e-11

surfaceFieldValue pressureACinlet write:
    areaAverage(ac_inlet) of p = 3.8721466

Time = 71

smoothSolver:  Solving for Ux, Initial residual = 3.1398852e-07, Final residual = 7.7330443e-09, No Iterations 1
smoothSolver:  Solving for Uy, Initial residual = 2.2132374e-07, Final residual = 3.6584599e-09, No Iterations 1
DICPCG:  Solving for p, Initial residual = 0.0012341949, Final residual = 1.0934104e-05, No Iterations 83
DICPCG:  Solving for p, Initial residual = 0.00012994709, Final residual = 1.2306355e-06, No Iterations 35
DICPCG:  Solving for p, Initial residual = 2.1329889e-05, Final residual = 2.0758319e-07, No Iterations 278
DICPCG:  Solving for p, Initial residual = 1.1388146e-05, Final residual = 1.1385893e-07, No Iterations 22
time step continuity errors : sum local = 1.016258e-09, global = -2.5206936e-11, cumulative = 2.907234e-07
ExecutionTime = 114.1 s  ClockTime = 114 s

Time = 72

smoothSolver:  Solving for Ux, Initial residual = 2.7101024e-07, Final residual = 7.5956601e-09, No Iterations 1
smoothSolver:  Solving for Uy, Initial residual = 1.6334049e-07, Final residual = 3.6265937e-09, No Iterations 1
DICPCG:  Solving for p, Initial residual = 0.0011848386, Final residual = 1.1499086e-05, No Iterations 63
DICPCG:  Solving for p, Initial residual = 0.00011458999, Final residual = 1.0600605e-06, No Iterations 81
DICPCG:  Solving for p, Initial residual = 2.3739469e-05, Final residual = 2.3454111e-07, No Iterations 95
DICPCG:  Solving for p, Initial residual = 9.8516325e-06, Final residual = 9.8376693e-08, No Iterations 87
time step continuity errors : sum local = 9.2809453e-10, global = -4.0486034e-11, cumulative = 2.9068292e-07
ExecutionTime = 114.42 s  ClockTime = 114 s

Time = 73

smoothSolver:  Solving for Ux, Initial residual = 3.1823095e-07, Final residual = 7.4537254e-09, No Iterations 1
smoothSolver:  Solving for Uy, Initial residual = 1.6900532e-07, Final residual = 3.5906058e-09, No Iterations 1
DICPCG:  Solving for p, Initial residual = 0.0011444814, Final residual = 1.1052656e-05, No Iterations 42
DICPCG:  Solving for p, Initial residual = 9.4916709e-05, Final residual = 9.2485924e-07, No Iterations 85
DICPCG:  Solving for p, Initial residual = 2.060575e-05, Final residual = 2.0480492e-07, No Iterations 304
DICPCG:  Solving for p, Initial residual = 8.8295407e-06, Final residual = 8.6532166e-08, No Iterations 22
time step continuity errors : sum local = 7.8737056e-10, global = -4.8382746e-11, cumulative = 2.9063453e-07
ExecutionTime = 114.84 s  ClockTime = 115 s

Time = 74

smoothSolver:  Solving for Ux, Initial residual = 3.162505e-07, Final residual = 7.3214455e-09, No Iterations 1
smoothSolver:  Solving for Uy, Initial residual = 1.7149058e-07, Final residual = 3.5456746e-09, No Iterations 1
DICPCG:  Solving for p, Initial residual = 0.0011032503, Final residual = 1.0639273e-05, No Iterations 26
DICPCG:  Solving for p, Initial residual = 8.2358697e-05, Final residual = 8.1169955e-07, No Iterations 51
DICPCG:  Solving for p, Initial residual = 1.7996956e-05, Final residual = 1.7343777e-07, No Iterations 288
DICPCG:  Solving for p, Initial residual = 9.4542192e-06, Final residual = 9.0500616e-08, No Iterations 288
time step continuity errors : sum local = 9.636861e-10, global = -4.8580259e-11, cumulative = 2.9058595e-07
ExecutionTime = 115.39 s  ClockTime = 115 s

Time = 75

smoothSolver:  Solving for Ux, Initial residual = 2.6980686e-07, Final residual = 7.2088209e-09, No Iterations 1
smoothSolver:  Solving for Uy, Initial residual = 1.5321388e-07, Final residual = 3.4913808e-09, No Iterations 1
DICPCG:  Solving for p, Initial residual = 0.0010607539, Final residual = 1.0037891e-05, No Iterations 34
DICPCG:  Solving for p, Initial residual = 7.9703124e-05, Final residual = 7.4708153e-07, No Iterations 308
DICPCG:  Solving for p, Initial residual = 2.100787e-05, Final residual = 2.0752097e-07, No Iterations 18
DICPCG:  Solving for p, Initial residual = 7.9630491e-06, Final residual = 7.5668836e-08, No Iterations 312
time step continuity errors : sum local = 8.5780253e-10, global = -4.2582198e-11, cumulative = 2.9054337e-07
ExecutionTime = 116 s  ClockTime = 116 s

Time = 76

smoothSolver:  Solving for Ux, Initial residual = 2.0190331e-07, Final residual = 7.1151454e-09, No Iterations 1
smoothSolver:  Solving for Uy, Initial residual = 1.2197354e-07, Final residual = 3.4293189e-09, No Iterations 1
DICPCG:  Solving for p, Initial residual = 0.0010243405, Final residual = 1.0000746e-05, No Iterations 39
DICPCG:  Solving for p, Initial residual = 7.8785266e-05, Final residual = 7.6346887e-07, No Iterations 307
DICPCG:  Solving for p, Initial residual = 2.1867875e-05, Final residual = 2.1813742e-07, No Iterations 17
DICPCG:  Solving for p, Initial residual = 8.0790502e-06, Final residual = 8.0217125e-08, No Iterations 306
time step continuity errors : sum local = 8.939253e-10, global = -3.2857244e-11, cumulative = 2.9051051e-07
ExecutionTime = 116.55 s  ClockTime = 117 s

Time = 77

smoothSolver:  Solving for Ux, Initial residual = 1.3738959e-07, Final residual = 7.03076e-09, No Iterations 1
smoothSolver:  Solving for Uy, Initial residual = 8.8915541e-08, Final residual = 3.364968e-09, No Iterations 1
DICPCG:  Solving for p, Initial residual = 0.00099458645, Final residual = 9.5255234e-06, No Iterations 36
DICPCG:  Solving for p, Initial residual = 7.2689729e-05, Final residual = 7.0446266e-07, No Iterations 307
DICPCG:  Solving for p, Initial residual = 2.0340601e-05, Final residual = 2.0021913e-07, No Iterations 17
DICPCG:  Solving for p, Initial residual = 7.7632091e-06, Final residual = 7.1643002e-08, No Iterations 308
time step continuity errors : sum local = 8.28026e-10, global = -2.2057637e-11, cumulative = 2.9048846e-07
ExecutionTime = 117.13 s  ClockTime = 117 s

Time = 78

smoothSolver:  Solving for Ux, Initial residual = 1.286121e-07, Final residual = 6.9449838e-09, No Iterations 1
smoothSolver:  Solving for Uy, Initial residual = 7.063153e-08, Final residual = 3.3038161e-09, No Iterations 1
DICPCG:  Solving for p, Initial residual = 0.00096715714, Final residual = 9.360608e-06, No Iterations 34
DICPCG:  Solving for p, Initial residual = 6.5180736e-05, Final residual = 5.9413814e-07, No Iterations 310
DICPCG:  Solving for p, Initial residual = 1.7560742e-05, Final residual = 1.6974638e-07, No Iterations 16
DICPCG:  Solving for p, Initial residual = 7.3211246e-06, Final residual = 6.9380869e-08, No Iterations 297
time step continuity errors : sum local = 8.1032665e-10, global = -1.2337103e-11, cumulative = 2.9047612e-07
ExecutionTime = 117.7 s  ClockTime = 118 s

Time = 79

smoothSolver:  Solving for Ux, Initial residual = 1.3920768e-07, Final residual = 6.8518128e-09, No Iterations 1
smoothSolver:  Solving for Uy, Initial residual = 7.9041631e-08, Final residual = 3.2492901e-09, No Iterations 1
DICPCG:  Solving for p, Initial residual = 0.00094084092, Final residual = 9.1568702e-06, No Iterations 35
DICPCG:  Solving for p, Initial residual = 6.0643462e-05, Final residual = 6.0456065e-07, No Iterations 80
DICPCG:  Solving for p, Initial residual = 1.497116e-05, Final residual = 1.471977e-07, No Iterations 270
DICPCG:  Solving for p, Initial residual = 7.9888558e-06, Final residual = 7.5775332e-08, No Iterations 39
time step continuity errors : sum local = 7.0622e-10, global = -5.078017e-12, cumulative = 2.9047104e-07
ExecutionTime = 118.08 s  ClockTime = 118 s

Time = 80

smoothSolver:  Solving for Ux, Initial residual = 1.3682859e-07, Final residual = 6.7524537e-09, No Iterations 1
smoothSolver:  Solving for Uy, Initial residual = 7.6595237e-08, Final residual = 3.2034644e-09, No Iterations 1
DICPCG:  Solving for p, Initial residual = 0.00091507666, Final residual = 8.9561845e-06, No Iterations 40
DICPCG:  Solving for p, Initial residual = 5.7579399e-05, Final residual = 5.2507394e-07, No Iterations 86
DICPCG:  Solving for p, Initial residual = 1.4242238e-05, Final residual = 1.3039468e-07, No Iterations 256
DICPCG:  Solving for p, Initial residual = 7.8248553e-06, Final residual = 7.7722033e-08, No Iterations 246
time step continuity errors : sum local = 8.3778841e-10, global = -5.5520091e-13, cumulative = 2.9047049e-07
ExecutionTime = 118.67 s  ClockTime = 119 s

surfaceFieldValue flowRateTM write:
    sum(outlet_tm) of phi = 2.507929e-11

surfaceFieldValue flowRateTM_left write:
    sum(outlet_tm_left) of phi = 2.492071e-11

surfaceFieldValue pressureACinlet write:
    areaAverage(ac_inlet) of p = 3.8721466

Time = 81

smoothSolver:  Solving for Ux, Initial residual = 1.2300859e-07, Final residual = 6.6510854e-09, No Iterations 1
smoothSolver:  Solving for Uy, Initial residual = 6.7009359e-08, Final residual = 3.1648698e-09, No Iterations 1
DICPCG:  Solving for p, Initial residual = 0.00089194076, Final residual = 7.8146167e-06, No Iterations 42
DICPCG:  Solving for p, Initial residual = 5.4076144e-05, Final residual = 5.1799293e-07, No Iterations 89
DICPCG:  Solving for p, Initial residual = 1.4796036e-05, Final residual = 1.3838479e-07, No Iterations 258
DICPCG:  Solving for p, Initial residual = 8.3818966e-06, Final residual = 8.3479227e-08, No Iterations 258
time step continuity errors : sum local = 9.0073757e-10, global = 1.5076962e-12, cumulative = 2.9047199e-07
ExecutionTime = 119.28 s  ClockTime = 119 s

Time = 82

smoothSolver:  Solving for Ux, Initial residual = 1.0101315e-07, Final residual = 6.5524344e-09, No Iterations 1
smoothSolver:  Solving for Uy, Initial residual = 5.7183285e-08, Final residual = 3.1296453e-09, No Iterations 1
DICPCG:  Solving for p, Initial residual = 0.00087122551, Final residual = 8.6667712e-06, No Iterations 35
DICPCG:  Solving for p, Initial residual = 5.0077938e-05, Final residual = 5.0018143e-07, No Iterations 89
DICPCG:  Solving for p, Initial residual = 1.5754571e-05, Final residual = 1.5711589e-07, No Iterations 264
DICPCG:  Solving for p, Initial residual = 8.6353613e-06, Final residual = 8.4126185e-08, No Iterations 291
time step continuity errors : sum local = 9.123813e-10, global = 1.882212e-12, cumulative = 2.9047388e-07
ExecutionTime = 119.91 s  ClockTime = 120 s

Time = 83

smoothSolver:  Solving for Ux, Initial residual = 7.9989495e-08, Final residual = 6.4606576e-09, No Iterations 1
smoothSolver:  Solving for Uy, Initial residual = 4.5581105e-08, Final residual = 3.0935542e-09, No Iterations 1
DICPCG:  Solving for p, Initial residual = 0.0008514686, Final residual = 8.3893905e-06, No Iterations 29
DICPCG:  Solving for p, Initial residual = 4.7293816e-05, Final residual = 4.5940374e-07, No Iterations 249
DICPCG:  Solving for p, Initial residual = 1.7268525e-05, Final residual = 1.7155408e-07, No Iterations 289
DICPCG:  Solving for p, Initial residual = 7.2891142e-06, Final residual = 7.1355703e-08, No Iterations 43
time step continuity errors : sum local = 6.7735519e-10, global = 1.4407465e-12, cumulative = 2.9047532e-07
ExecutionTime = 120.44 s  ClockTime = 120 s

Time = 84

smoothSolver:  Solving for Ux, Initial residual = 7.4588512e-08, Final residual = 6.375797e-09, No Iterations 1
smoothSolver:  Solving for Uy, Initial residual = 3.9604898e-08, Final residual = 3.0541423e-09, No Iterations 1
DICPCG:  Solving for p, Initial residual = 0.0008316795, Final residual = 8.1924316e-06, No Iterations 31
DICPCG:  Solving for p, Initial residual = 4.7957334e-05, Final residual = 4.7380802e-07, No Iterations 308
DICPCG:  Solving for p, Initial residual = 1.7470895e-05, Final residual = 1.7391124e-07, No Iterations 18
DICPCG:  Solving for p, Initial residual = 7.6108851e-06, Final residual = 7.5606089e-08, No Iterations 302
time step continuity errors : sum local = 8.5364753e-10, global = 9.6570571e-13, cumulative = 2.9047628e-07
ExecutionTime = 121 s  ClockTime = 121 s

Time = 85

smoothSolver:  Solving for Ux, Initial residual = 7.7285273e-08, Final residual = 6.295608e-09, No Iterations 1
smoothSolver:  Solving for Uy, Initial residual = 4.0390775e-08, Final residual = 3.011603e-09, No Iterations 1
DICPCG:  Solving for p, Initial residual = 0.00081353439, Final residual = 7.8697308e-06, No Iterations 33
DICPCG:  Solving for p, Initial residual = 4.834002e-05, Final residual = 4.5956579e-07, No Iterations 310
DICPCG:  Solving for p, Initial residual = 1.669948e-05, Final residual = 1.5862495e-07, No Iterations 17
DICPCG:  Solving for p, Initial residual = 7.4438894e-06, Final residual = 7.4280967e-08, No Iterations 264
time step continuity errors : sum local = 8.3267788e-10, global = 8.1077214e-13, cumulative = 2.9047709e-07
ExecutionTime = 121.56 s  ClockTime = 122 s

Time = 86

smoothSolver:  Solving for Ux, Initial residual = 7.5619561e-08, Final residual = 6.2173765e-09, No Iterations 1
smoothSolver:  Solving for Uy, Initial residual = 3.8791788e-08, Final residual = 2.9682773e-09, No Iterations 1
DICPCG:  Solving for p, Initial residual = 0.00079742652, Final residual = 7.9340285e-06, No Iterations 31
DICPCG:  Solving for p, Initial residual = 4.7134806e-05, Final residual = 4.3566163e-07, No Iterations 310
DICPCG:  Solving for p, Initial residual = 1.6511012e-05, Final residual = 1.6234653e-07, No Iterations 18
DICPCG:  Solving for p, Initial residual = 7.7294801e-06, Final residual = 7.0947544e-08, No Iterations 264
time step continuity errors : sum local = 8.0403528e-10, global = 1.2149839e-12, cumulative = 2.9047831e-07
ExecutionTime = 122.1 s  ClockTime = 122 s

Time = 87

smoothSolver:  Solving for Ux, Initial residual = 7.0251368e-08, Final residual = 6.1389479e-09, No Iterations 1
smoothSolver:  Solving for Uy, Initial residual = 3.5464041e-08, Final residual = 2.9266568e-09, No Iterations 1
DICPCG:  Solving for p, Initial residual = 0.00078290572, Final residual = 7.3678109e-06, No Iterations 31
DICPCG:  Solving for p, Initial residual = 4.6525047e-05, Final residual = 4.4722499e-07, No Iterations 306
DICPCG:  Solving for p, Initial residual = 1.6360034e-05, Final residual = 1.5804706e-07, No Iterations 17
DICPCG:  Solving for p, Initial residual = 8.1431554e-06, Final residual = 7.82707e-08, No Iterations 46
time step continuity errors : sum local = 7.3692375e-10, global = 2.0255135e-12, cumulative = 2.9048033e-07
ExecutionTime = 122.47 s  ClockTime = 122 s

Time = 88

smoothSolver:  Solving for Ux, Initial residual = 6.210318e-08, Final residual = 6.0603694e-09, No Iterations 1
smoothSolver:  Solving for Uy, Initial residual = 3.1149224e-08, Final residual = 2.8883305e-09, No Iterations 1
DICPCG:  Solving for p, Initial residual = 0.00077000293, Final residual = 7.2174702e-06, No Iterations 31
DICPCG:  Solving for p, Initial residual = 4.7266795e-05, Final residual = 4.6178828e-07, No Iterations 303
DICPCG:  Solving for p, Initial residual = 1.6834699e-05, Final residual = 1.6675842e-07, No Iterations 18
DICPCG:  Solving for p, Initial residual = 8.6425566e-06, Final residual = 8.6421094e-08, No Iterations 288
time step continuity errors : sum local = 9.3847189e-10, global = 3.0653642e-12, cumulative = 2.904834e-07
ExecutionTime = 123.04 s  ClockTime = 123 s

Time = 89

smoothSolver:  Solving for Ux, Initial residual = 5.4413993e-08, Final residual = 5.9827888e-09, No Iterations 1
smoothSolver:  Solving for Uy, Initial residual = 2.6886643e-08, Final residual = 2.8536106e-09, No Iterations 1
DICPCG:  Solving for p, Initial residual = 0.00075939406, Final residual = 7.0569092e-06, No Iterations 31
DICPCG:  Solving for p, Initial residual = 4.8980757e-05, Final residual = 4.8211565e-07, No Iterations 78
DICPCG:  Solving for p, Initial residual = 1.6780517e-05, Final residual = 1.6530623e-07, No Iterations 253
DICPCG:  Solving for p, Initial residual = 1.0052471e-05, Final residual = 9.6666581e-08, No Iterations 45
time step continuity errors : sum local = 8.8656217e-10, global = 4.0300756e-12, cumulative = 2.9048743e-07
ExecutionTime = 123.43 s  ClockTime = 123 s

Time = 90

smoothSolver:  Solving for Ux, Initial residual = 5.3182145e-08, Final residual = 5.9052499e-09, No Iterations 1
smoothSolver:  Solving for Uy, Initial residual = 2.5788938e-08, Final residual = 2.8204558e-09, No Iterations 1
DICPCG:  Solving for p, Initial residual = 0.00074853839, Final residual = 7.1287827e-06, No Iterations 31
DICPCG:  Solving for p, Initial residual = 4.8255515e-05, Final residual = 4.7107571e-07, No Iterations 80
DICPCG:  Solving for p, Initial residual = 1.7482941e-05, Final residual = 1.6457039e-07, No Iterations 250
DICPCG:  Solving for p, Initial residual = 1.0583707e-05, Final residual = 1.0277729e-07, No Iterations 48
time step continuity errors : sum local = 9.3974916e-10, global = 4.7513835e-12, cumulative = 2.9049218e-07
ExecutionTime = 123.82 s  ClockTime = 124 s

surfaceFieldValue flowRateTM write:
    sum(outlet_tm) of phi = 2.507929e-11

surfaceFieldValue flowRateTM_left write:
    sum(outlet_tm_left) of phi = 2.4920711e-11

surfaceFieldValue pressureACinlet write:
    areaAverage(ac_inlet) of p = 3.8721466

Time = 91

smoothSolver:  Solving for Ux, Initial residual = 5.4160531e-08, Final residual = 5.8304593e-09, No Iterations 1
smoothSolver:  Solving for Uy, Initial residual = 2.6111809e-08, Final residual = 2.7870142e-09, No Iterations 1
DICPCG:  Solving for p, Initial residual = 0.00073635228, Final residual = 7.3441891e-06, No Iterations 31
DICPCG:  Solving for p, Initial residual = 4.6324528e-05, Final residual = 4.4840256e-07, No Iterations 302
DICPCG:  Solving for p, Initial residual = 1.7952566e-05, Final residual = 1.7840408e-07, No Iterations 40
DICPCG:  Solving for p, Initial residual = 9.1212411e-06, Final residual = 8.989645e-08, No Iterations 286
time step continuity errors : sum local = 9.7460124e-10, global = 5.1274877e-12, cumulative = 2.9049731e-07
ExecutionTime = 124.43 s  ClockTime = 124 s

Time = 92

smoothSolver:  Solving for Ux, Initial residual = 5.3319847e-08, Final residual = 5.7585597e-09, No Iterations 1
smoothSolver:  Solving for Uy, Initial residual = 2.5606598e-08, Final residual = 2.7526544e-09, No Iterations 1
DICPCG:  Solving for p, Initial residual = 0.00072290626, Final residual = 7.0050701e-06, No Iterations 33
DICPCG:  Solving for p, Initial residual = 4.4027777e-05, Final residual = 4.2948455e-07, No Iterations 307
DICPCG:  Solving for p, Initial residual = 1.6751808e-05, Final residual = 1.6248027e-07, No Iterations 39
DICPCG:  Solving for p, Initial residual = 8.1662379e-06, Final residual = 7.622653e-08, No Iterations 287
time step continuity errors : sum local = 8.7117054e-10, global = 5.1451386e-12, cumulative = 2.9050245e-07
ExecutionTime = 125 s  ClockTime = 125 s

Time = 93

smoothSolver:  Solving for Ux, Initial residual = 5.0790067e-08, Final residual = 5.6890611e-09, No Iterations 1
smoothSolver:  Solving for Uy, Initial residual = 2.451996e-08, Final residual = 2.717932e-09, No Iterations 1
DICPCG:  Solving for p, Initial residual = 0.00070894054, Final residual = 6.9438002e-06, No Iterations 33
DICPCG:  Solving for p, Initial residual = 4.2254002e-05, Final residual = 4.1910334e-07, No Iterations 306
DICPCG:  Solving for p, Initial residual = 1.5914655e-05, Final residual = 1.5059967e-07, No Iterations 40
DICPCG:  Solving for p, Initial residual = 7.3106727e-06, Final residual = 7.157607e-08, No Iterations 289
time step continuity errors : sum local = 8.3567842e-10, global = 4.8967956e-12, cumulative = 2.9050735e-07
ExecutionTime = 125.63 s  ClockTime = 126 s

Time = 94

smoothSolver:  Solving for Ux, Initial residual = 4.7524475e-08, Final residual = 5.6210487e-09, No Iterations 1
smoothSolver:  Solving for Uy, Initial residual = 2.3023773e-08, Final residual = 2.6830609e-09, No Iterations 1
DICPCG:  Solving for p, Initial residual = 0.00069549376, Final residual = 6.5689273e-06, No Iterations 33
DICPCG:  Solving for p, Initial residual = 4.0440426e-05, Final residual = 3.9283068e-07, No Iterations 308
DICPCG:  Solving for p, Initial residual = 1.5188822e-05, Final residual = 1.3646823e-07, No Iterations 40
DICPCG:  Solving for p, Initial residual = 6.6254947e-06, Final residual = 6.5457532e-08, No Iterations 248
time step continuity errors : sum local = 7.7027194e-10, global = 4.5193341e-12, cumulative = 2.9051187e-07
ExecutionTime = 126.19 s  ClockTime = 126 s

Time = 95

smoothSolver:  Solving for Ux, Initial residual = 4.4382469e-08, Final residual = 5.5527627e-09, No Iterations 1
smoothSolver:  Solving for Uy, Initial residual = 2.1505077e-08, Final residual = 2.6469453e-09, No Iterations 1
DICPCG:  Solving for p, Initial residual = 0.00068284072, Final residual = 6.8257243e-06, No Iterations 31
DICPCG:  Solving for p, Initial residual = 3.7014004e-05, Final residual = 3.5423747e-07, No Iterations 308
DICPCG:  Solving for p, Initial residual = 1.4023172e-05, Final residual = 1.396897e-07, No Iterations 39
DICPCG:  Solving for p, Initial residual = 6.7176512e-06, Final residual = 6.6326811e-08, No Iterations 51
time step continuity errors : sum local = 6.4161081e-10, global = 4.1515174e-12, cumulative = 2.9051602e-07
ExecutionTime = 126.58 s  ClockTime = 127 s

Time = 96

smoothSolver:  Solving for Ux, Initial residual = 4.3670785e-08, Final residual = 5.4856203e-09, No Iterations 1
smoothSolver:  Solving for Uy, Initial residual = 2.1173374e-08, Final residual = 2.6130804e-09, No Iterations 1
DICPCG:  Solving for p, Initial residual = 0.00067023198, Final residual = 6.3306524e-06, No Iterations 31
DICPCG:  Solving for p, Initial residual = 3.3912685e-05, Final residual = 3.1874993e-07, No Iterations 308
DICPCG:  Solving for p, Initial residual = 1.2125536e-05, Final residual = 1.2106432e-07, No Iterations 40
DICPCG:  Solving for p, Initial residual = 5.8250306e-06, Final residual = 5.6923533e-08, No Iterations 263
time step continuity errors : sum local = 7.0227684e-10, global = 3.8741561e-12, cumulative = 2.9051989e-07
ExecutionTime = 127.15 s  ClockTime = 127 s

Time = 97

smoothSolver:  Solving for Ux, Initial residual = 4.3872204e-08, Final residual = 5.4199016e-09, No Iterations 1
smoothSolver:  Solving for Uy, Initial residual = 2.1117498e-08, Final residual = 2.5807502e-09, No Iterations 1
DICPCG:  Solving for p, Initial residual = 0.00065691284, Final residual = 6.1007105e-06, No Iterations 31
DICPCG:  Solving for p, Initial residual = 3.1947376e-05, Final residual = 2.9188296e-07, No Iterations 309
DICPCG:  Solving for p, Initial residual = 1.0849907e-05, Final residual = 1.0680253e-07, No Iterations 46
DICPCG:  Solving for p, Initial residual = 4.9228208e-06, Final residual = 4.5246768e-08, No Iterations 286
time step continuity errors : sum local = 6.3513873e-10, global = 3.739008e-12, cumulative = 2.9052363e-07
ExecutionTime = 127.76 s  ClockTime = 128 s

Time = 98

smoothSolver:  Solving for Ux, Initial residual = 4.3306314e-08, Final residual = 5.3558215e-09, No Iterations 1
smoothSolver:  Solving for Uy, Initial residual = 2.0622964e-08, Final residual = 2.5495815e-09, No Iterations 1
DICPCG:  Solving for p, Initial residual = 0.00064326622, Final residual = 6.1645156e-06, No Iterations 31
DICPCG:  Solving for p, Initial residual = 3.0887625e-05, Final residual = 2.9901832e-07, No Iterations 308
DICPCG:  Solving for p, Initial residual = 1.0366105e-05, Final residual = 1.0274731e-07, No Iterations 48
DICPCG:  Solving for p, Initial residual = 4.4007047e-06, Final residual = 4.3525566e-08, No Iterations 288
time step continuity errors : sum local = 6.1268906e-10, global = 3.7578445e-12, cumulative = 2.9052739e-07
ExecutionTime = 128.34 s  ClockTime = 128 s

Time = 99

smoothSolver:  Solving for Ux, Initial residual = 4.2140441e-08, Final residual = 5.2934271e-09, No Iterations 1
smoothSolver:  Solving for Uy, Initial residual = 1.9918629e-08, Final residual = 2.5192836e-09, No Iterations 1
DICPCG:  Solving for p, Initial residual = 0.00062964176, Final residual = 6.2415789e-06, No Iterations 32
DICPCG:  Solving for p, Initial residual = 3.0097913e-05, Final residual = 2.9989545e-07, No Iterations 306
DICPCG:  Solving for p, Initial residual = 1.005071e-05, Final residual = 9.7522242e-08, No Iterations 291
DICPCG:  Solving for p, Initial residual = 4.2284081e-06, Final residual = 4.2004651e-08, No Iterations 37
time step continuity errors : sum local = 4.2997816e-10, global = 3.9108145e-12, cumulative = 2.905313e-07
ExecutionTime = 128.95 s  ClockTime = 129 s

Time = 100

smoothSolver:  Solving for Ux, Initial residual = 4.0728389e-08, Final residual = 5.2322682e-09, No Iterations 1
smoothSolver:  Solving for Uy, Initial residual = 1.9223082e-08, Final residual = 2.4894486e-09, No Iterations 1
DICPCG:  Solving for p, Initial residual = 0.0006162581, Final residual = 6.0523984e-06, No Iterations 33
DICPCG:  Solving for p, Initial residual = 2.9625336e-05, Final residual = 2.8716801e-07, No Iterations 296
DICPCG:  Solving for p, Initial residual = 1.0116771e-05, Final residual = 9.8215018e-08, No Iterations 77
DICPCG:  Solving for p, Initial residual = 4.343293e-06, Final residual = 4.2509096e-08, No Iterations 273
time step continuity errors : sum local = 6.0338011e-10, global = 4.1371155e-12, cumulative = 2.9053544e-07
ExecutionTime = 129.7 s  ClockTime = 130 s

surfaceFieldValue flowRateTM write:
    sum(outlet_tm) of phi = 2.507929e-11

surfaceFieldValue flowRateTM_left write:
    sum(outlet_tm_left) of phi = 2.492071e-11

surfaceFieldValue pressureACinlet write:
    areaAverage(ac_inlet) of p = 3.8721466

Time = 101

smoothSolver:  Solving for Ux, Initial residual = 3.9422346e-08, Final residual = 5.1718633e-09, No Iterations 1
smoothSolver:  Solving for Uy, Initial residual = 1.8689966e-08, Final residual = 2.4601628e-09, No Iterations 1
DICPCG:  Solving for p, Initial residual = 0.00060412153, Final residual = 5.9769081e-06, No Iterations 33
DICPCG:  Solving for p, Initial residual = 2.92569e-05, Final residual = 2.9137098e-07, No Iterations 294
DICPCG:  Solving for p, Initial residual = 1.0149746e-05, Final residual = 9.4424802e-08, No Iterations 77
DICPCG:  Solving for p, Initial residual = 4.529138e-06, Final residual = 4.1737371e-08, No Iterations 270
time step continuity errors : sum local = 5.9334797e-10, global = 4.3954792e-12, cumulative = 2.9053983e-07
ExecutionTime = 130.33 s  ClockTime = 130 s

Time = 102

smoothSolver:  Solving for Ux, Initial residual = 3.8946973e-08, Final residual = 5.1121374e-09, No Iterations 1
smoothSolver:  Solving for Uy, Initial residual = 1.8584964e-08, Final residual = 2.4316361e-09, No Iterations 1
DICPCG:  Solving for p, Initial residual = 0.00059301151, Final residual = 5.7388231e-06, No Iterations 33
DICPCG:  Solving for p, Initial residual = 2.888924e-05, Final residual = 2.7788556e-07, No Iterations 309
DICPCG:  Solving for p, Initial residual = 1.0228514e-05, Final residual = 1.0019265e-07, No Iterations 46
DICPCG:  Solving for p, Initial residual = 4.7474263e-06, Final residual = 4.5901417e-08, No Iterations 286
time step continuity errors : sum local = 6.3349066e-10, global = 4.6460815e-12, cumulative = 2.9054448e-07
ExecutionTime = 130.93 s  ClockTime = 131 s

Time = 103

smoothSolver:  Solving for Ux, Initial residual = 3.8689445e-08, Final residual = 5.0533904e-09, No Iterations 1
smoothSolver:  Solving for Uy, Initial residual = 1.8462215e-08, Final residual = 2.4038262e-09, No Iterations 1
DICPCG:  Solving for p, Initial residual = 0.00058229787, Final residual = 5.7647473e-06, No Iterations 31
DICPCG:  Solving for p, Initial residual = 2.8794749e-05, Final residual = 2.7641725e-07, No Iterations 310
DICPCG:  Solving for p, Initial residual = 1.0657736e-05, Final residual = 1.0639957e-07, No Iterations 42
DICPCG:  Solving for p, Initial residual = 5.1282308e-06, Final residual = 4.8504081e-08, No Iterations 283
time step continuity errors : sum local = 6.4930289e-10, global = 4.8646437e-12, cumulative = 2.9054935e-07
ExecutionTime = 131.48 s  ClockTime = 132 s

Time = 104

smoothSolver:  Solving for Ux, Initial residual = 3.8208978e-08, Final residual = 4.995796e-09, No Iterations 1
smoothSolver:  Solving for Uy, Initial residual = 1.8132977e-08, Final residual = 2.3767319e-09, No Iterations 1
DICPCG:  Solving for p, Initial residual = 0.0005718745, Final residual = 5.5078458e-06, No Iterations 31
DICPCG:  Solving for p, Initial residual = 2.8564369e-05, Final residual = 2.7964306e-07, No Iterations 309
DICPCG:  Solving for p, Initial residual = 1.0632296e-05, Final residual = 1.0622819e-07, No Iterations 42
DICPCG:  Solving for p, Initial residual = 5.2287204e-06, Final residual = 5.134829e-08, No Iterations 277
time step continuity errors : sum local = 6.7813608e-10, global = 5.0467181e-12, cumulative = 2.9055439e-07
ExecutionTime = 132.01 s  ClockTime = 132 s

Time = 105

smoothSolver:  Solving for Ux, Initial residual = 3.7546072e-08, Final residual = 4.9394454e-09, No Iterations 1
smoothSolver:  Solving for Uy, Initial residual = 1.769968e-08, Final residual = 2.3501087e-09, No Iterations 1
DICPCG:  Solving for p, Initial residual = 0.00056153216, Final residual = 5.3059696e-06, No Iterations 31
DICPCG:  Solving for p, Initial residual = 2.8380624e-05, Final residual = 2.6375234e-07, No Iterations 309
DICPCG:  Solving for p, Initial residual = 1.0792931e-05, Final residual = 1.0619053e-07, No Iterations 42
DICPCG:  Solving for p, Initial residual = 5.4251555e-06, Final residual = 5.4104921e-08, No Iterations 277
time step continuity errors : sum local = 6.9792709e-10, global = 5.1919945e-12, cumulative = 2.9055958e-07
ExecutionTime = 132.62 s  ClockTime = 133 s

Time = 106

smoothSolver:  Solving for Ux, Initial residual = 3.6815808e-08, Final residual = 4.8845484e-09, No Iterations 1
smoothSolver:  Solving for Uy, Initial residual = 1.7283757e-08, Final residual = 2.323779e-09, No Iterations 1
DICPCG:  Solving for p, Initial residual = 0.00055161596, Final residual = 5.1859772e-06, No Iterations 31
DICPCG:  Solving for p, Initial residual = 2.8440191e-05, Final residual = 2.7984944e-07, No Iterations 308
DICPCG:  Solving for p, Initial residual = 1.1252199e-05, Final residual = 1.0877191e-07, No Iterations 42
DICPCG:  Solving for p, Initial residual = 5.7770444e-06, Final residual = 5.6958001e-08, No Iterations 278
time step continuity errors : sum local = 7.1647423e-10, global = 5.3115531e-12, cumulative = 2.905649e-07
ExecutionTime = 133.19 s  ClockTime = 133 s

Time = 107

smoothSolver:  Solving for Ux, Initial residual = 3.6153383e-08, Final residual = 4.8310264e-09, No Iterations 1
smoothSolver:  Solving for Uy, Initial residual = 1.6944513e-08, Final residual = 2.2977231e-09, No Iterations 1
DICPCG:  Solving for p, Initial residual = 0.000542218, Final residual = 5.0909643e-06, No Iterations 31
DICPCG:  Solving for p, Initial residual = 2.8688505e-05, Final residual = 2.6807109e-07, No Iterations 308
DICPCG:  Solving for p, Initial residual = 1.1566435e-05, Final residual = 1.145459e-07, No Iterations 41
DICPCG:  Solving for p, Initial residual = 5.6550455e-06, Final residual = 5.1902899e-08, No Iterations 278
time step continuity errors : sum local = 6.8646154e-10, global = 5.4162041e-12, cumulative = 2.9057031e-07
ExecutionTime = 133.75 s  ClockTime = 134 s

Time = 108

smoothSolver:  Solving for Ux, Initial residual = 3.5737228e-08, Final residual = 4.7784659e-09, No Iterations 1
smoothSolver:  Solving for Uy, Initial residual = 1.6748728e-08, Final residual = 2.2719563e-09, No Iterations 1
DICPCG:  Solving for p, Initial residual = 0.00053401077, Final residual = 4.8953543e-06, No Iterations 31
DICPCG:  Solving for p, Initial residual = 2.8849369e-05, Final residual = 2.8820535e-07, No Iterations 306
DICPCG:  Solving for p, Initial residual = 1.1236492e-05, Final residual = 1.0965026e-07, No Iterations 42
DICPCG:  Solving for p, Initial residual = 5.1363488e-06, Final residual = 4.7693744e-08, No Iterations 277
time step continuity errors : sum local = 6.4944751e-10, global = 5.5148267e-12, cumulative = 2.9057583e-07
ExecutionTime = 134.28 s  ClockTime = 134 s

Time = 109

smoothSolver:  Solving for Ux, Initial residual = 3.5389387e-08, Final residual = 4.7266972e-09, No Iterations 1
smoothSolver:  Solving for Uy, Initial residual = 1.6586636e-08, Final residual = 2.2465271e-09, No Iterations 1
DICPCG:  Solving for p, Initial residual = 0.00052666023, Final residual = 4.9278568e-06, No Iterations 31
DICPCG:  Solving for p, Initial residual = 2.886974e-05, Final residual = 2.7642445e-07, No Iterations 307
DICPCG:  Solving for p, Initial residual = 1.1039908e-05, Final residual = 1.0934909e-07, No Iterations 40
DICPCG:  Solving for p, Initial residual = 4.6763238e-06, Final residual = 4.6472098e-08, No Iterations 285
time step continuity errors : sum local = 6.327947e-10, global = 5.6152221e-12, cumulative = 2.9058144e-07
ExecutionTime = 134.82 s  ClockTime = 135 s

Time = 110

smoothSolver:  Solving for Ux, Initial residual = 3.493579e-08, Final residual = 4.6754653e-09, No Iterations 1
smoothSolver:  Solving for Uy, Initial residual = 1.63712e-08, Final residual = 2.2216189e-09, No Iterations 1
DICPCG:  Solving for p, Initial residual = 0.00051998644, Final residual = 5.1965271e-06, No Iterations 30
DICPCG:  Solving for p, Initial residual = 2.824235e-05, Final residual = 2.7590609e-07, No Iterations 306
DICPCG:  Solving for p, Initial residual = 1.0240157e-05, Final residual = 1.0059136e-07, No Iterations 42
DICPCG:  Solving for p, Initial residual = 4.2280715e-06, Final residual = 4.181662e-08, No Iterations 285
time step continuity errors : sum local = 6.0547513e-10, global = 5.7156615e-12, cumulative = 2.9058716e-07
ExecutionTime = 135.44 s  ClockTime = 136 s

surfaceFieldValue flowRateTM write:
    sum(outlet_tm) of phi = 2.507929e-11

surfaceFieldValue flowRateTM_left write:
    sum(outlet_tm_left) of phi = 2.492071e-11

surfaceFieldValue pressureACinlet write:
    areaAverage(ac_inlet) of p = 3.8721466

Time = 111

smoothSolver:  Solving for Ux, Initial residual = 3.4427741e-08, Final residual = 4.6250794e-09, No Iterations 1
smoothSolver:  Solving for Uy, Initial residual = 1.6120378e-08, Final residual = 2.1972938e-09, No Iterations 1
DICPCG:  Solving for p, Initial residual = 0.00051384083, Final residual = 4.9769072e-06, No Iterations 29
DICPCG:  Solving for p, Initial residual = 2.7310281e-05, Final residual = 2.7100277e-07, No Iterations 308
DICPCG:  Solving for p, Initial residual = 9.4623113e-06, Final residual = 9.274608e-08, No Iterations 44
DICPCG:  Solving for p, Initial residual = 3.9431127e-06, Final residual = 3.9318174e-08, No Iterations 285
time step continuity errors : sum local = 5.8963313e-10, global = 5.8166648e-12, cumulative = 2.9059297e-07
ExecutionTime = 136.09 s  ClockTime = 136 s

Time = 112

smoothSolver:  Solving for Ux, Initial residual = 3.3923553e-08, Final residual = 4.575615e-09, No Iterations 1
smoothSolver:  Solving for Uy, Initial residual = 1.5874895e-08, Final residual = 2.1735726e-09, No Iterations 1
DICPCG:  Solving for p, Initial residual = 0.0005082422, Final residual = 4.7602383e-06, No Iterations 29
DICPCG:  Solving for p, Initial residual = 2.6706956e-05, Final residual = 2.6611673e-07, No Iterations 307
DICPCG:  Solving for p, Initial residual = 9.0347801e-06, Final residual = 9.0046872e-08, No Iterations 46
DICPCG:  Solving for p, Initial residual = 3.8558594e-06, Final residual = 3.7046946e-08, No Iterations 287
time step continuity errors : sum local = 5.8200031e-10, global = 5.9136761e-12, cumulative = 2.9059889e-07
ExecutionTime = 136.68 s  ClockTime = 137 s

Time = 113

smoothSolver:  Solving for Ux, Initial residual = 3.3474169e-08, Final residual = 4.5258838e-09, No Iterations 1
smoothSolver:  Solving for Uy, Initial residual = 1.5650969e-08, Final residual = 2.1505215e-09, No Iterations 1
DICPCG:  Solving for p, Initial residual = 0.00050143026, Final residual = 4.6149189e-06, No Iterations 29
DICPCG:  Solving for p, Initial residual = 2.4819488e-05, Final residual = 2.4295367e-07, No Iterations 309
DICPCG:  Solving for p, Initial residual = 8.7208001e-06, Final residual = 8.5464386e-08, No Iterations 37
DICPCG:  Solving for p, Initial residual = 3.8443706e-06, Final residual = 3.7132998e-08, No Iterations 293
time step continuity errors : sum local = 5.8438668e-10, global = 6.0037881e-12, cumulative = 2.9060489e-07
ExecutionTime = 137.27 s  ClockTime = 137 s

Time = 114

smoothSolver:  Solving for Ux, Initial residual = 3.313414e-08, Final residual = 4.4778467e-09, No Iterations 1
smoothSolver:  Solving for Uy, Initial residual = 1.5496824e-08, Final residual = 2.1289194e-09, No Iterations 1
DICPCG:  Solving for p, Initial residual = 0.00049338021, Final residual = 4.5820956e-06, No Iterations 29
DICPCG:  Solving for p, Initial residual = 2.4120957e-05, Final residual = 2.3060835e-07, No Iterations 310
DICPCG:  Solving for p, Initial residual = 8.7983413e-06, Final residual = 8.6185627e-08, No Iterations 38
DICPCG:  Solving for p, Initial residual = 3.8100392e-06, Final residual = 3.6657711e-08, No Iterations 291
time step continuity errors : sum local = 5.7397921e-10, global = 6.0871684e-12, cumulative = 2.9061098e-07
ExecutionTime = 137.85 s  ClockTime = 138 s

Time = 115

smoothSolver:  Solving for Ux, Initial residual = 3.2783707e-08, Final residual = 4.4311069e-09, No Iterations 1
smoothSolver:  Solving for Uy, Initial residual = 1.5335336e-08, Final residual = 2.1070643e-09, No Iterations 1
DICPCG:  Solving for p, Initial residual = 0.0004845717, Final residual = 4.6551743e-06, No Iterations 29
DICPCG:  Solving for p, Initial residual = 2.3690342e-05, Final residual = 2.2739969e-07, No Iterations 311
DICPCG:  Solving for p, Initial residual = 8.764117e-06, Final residual = 8.3693195e-08, No Iterations 48
DICPCG:  Solving for p, Initial residual = 3.8001881e-06, Final residual = 3.7027128e-08, No Iterations 291
time step continuity errors : sum local = 5.7969181e-10, global = 6.1621649e-12, cumulative = 2.9061714e-07
ExecutionTime = 138.47 s  ClockTime = 139 s

Time = 116

smoothSolver:  Solving for Ux, Initial residual = 3.2410546e-08, Final residual = 4.3854325e-09, No Iterations 1
smoothSolver:  Solving for Uy, Initial residual = 1.5148855e-08, Final residual = 2.0853801e-09, No Iterations 1
DICPCG:  Solving for p, Initial residual = 0.00047605498, Final residual = 4.7417206e-06, No Iterations 29
DICPCG:  Solving for p, Initial residual = 2.3362708e-05, Final residual = 2.1545218e-07, No Iterations 312
DICPCG:  Solving for p, Initial residual = 8.5610846e-06, Final residual = 8.1505971e-08, No Iterations 48
DICPCG:  Solving for p, Initial residual = 3.700126e-06, Final residual = 3.6776468e-08, No Iterations 270
time step continuity errors : sum local = 5.6841188e-10, global = 6.230809e-12, cumulative = 2.9062337e-07
ExecutionTime = 139.12 s  ClockTime = 139 s

Time = 117

smoothSolver:  Solving for Ux, Initial residual = 3.2016474e-08, Final residual = 4.3406618e-09, No Iterations 1
smoothSolver:  Solving for Uy, Initial residual = 1.4962445e-08, Final residual = 2.0639811e-09, No Iterations 1
DICPCG:  Solving for p, Initial residual = 0.00046792359, Final residual = 4.3716676e-06, No Iterations 31
DICPCG:  Solving for p, Initial residual = 2.3299258e-05, Final residual = 2.2948472e-07, No Iterations 309
DICPCG:  Solving for p, Initial residual = 8.2160569e-06, Final residual = 8.0900601e-08, No Iterations 47
DICPCG:  Solving for p, Initial residual = 3.6784924e-06, Final residual = 3.6103967e-08, No Iterations 283
time step continuity errors : sum local = 5.7353196e-10, global = 6.2951183e-12, cumulative = 2.9062967e-07
ExecutionTime = 139.83 s  ClockTime = 140 s

Time = 118

smoothSolver:  Solving for Ux, Initial residual = 3.1632758e-08, Final residual = 4.2964403e-09, No Iterations 1
smoothSolver:  Solving for Uy, Initial residual = 1.4772059e-08, Final residual = 2.0429468e-09, No Iterations 1
DICPCG:  Solving for p, Initial residual = 0.00046005622, Final residual = 4.2663036e-06, No Iterations 31
DICPCG:  Solving for p, Initial residual = 2.3436502e-05, Final residual = 2.2543581e-07, No Iterations 310
DICPCG:  Solving for p, Initial residual = 8.1397741e-06, Final residual = 8.0604811e-08, No Iterations 46
DICPCG:  Solving for p, Initial residual = 3.6614379e-06, Final residual = 3.6440707e-08, No Iterations 279
time step continuity errors : sum local = 5.6234966e-10, global = 6.3572359e-12, cumulative = 2.9063602e-07
ExecutionTime = 140.4 s  ClockTime = 140 s

Time = 119

smoothSolver:  Solving for Ux, Initial residual = 3.1263235e-08, Final residual = 4.2527914e-09, No Iterations 1
smoothSolver:  Solving for Uy, Initial residual = 1.4599975e-08, Final residual = 2.0222459e-09, No Iterations 1
DICPCG:  Solving for p, Initial residual = 0.0004526381, Final residual = 4.409338e-06, No Iterations 29
DICPCG:  Solving for p, Initial residual = 2.3367314e-05, Final residual = 2.2408208e-07, No Iterations 310
DICPCG:  Solving for p, Initial residual = 8.2711113e-06, Final residual = 8.0160085e-08, No Iterations 44
DICPCG:  Solving for p, Initial residual = 3.6942462e-06, Final residual = 3.4178228e-08, No Iterations 277
time step continuity errors : sum local = 5.5458733e-10, global = 6.4181076e-12, cumulative = 2.9064244e-07
ExecutionTime = 140.96 s  ClockTime = 141 s

Time = 120

smoothSolver:  Solving for Ux, Initial residual = 3.0921642e-08, Final residual = 4.2095978e-09, No Iterations 1
smoothSolver:  Solving for Uy, Initial residual = 1.4454778e-08, Final residual = 2.0018595e-09, No Iterations 1
DICPCG:  Solving for p, Initial residual = 0.00044550329, Final residual = 4.2256511e-06, No Iterations 29
DICPCG:  Solving for p, Initial residual = 2.2864451e-05, Final residual = 2.1765639e-07, No Iterations 311
DICPCG:  Solving for p, Initial residual = 8.0360349e-06, Final residual = 7.6204815e-08, No Iterations 38
DICPCG:  Solving for p, Initial residual = 3.4804187e-06, Final residual = 3.3937718e-08, No Iterations 284
time step continuity errors : sum local = 5.4951372e-10, global = 6.4808662e-12, cumulative = 2.9064892e-07
ExecutionTime = 141.53 s  ClockTime = 142 s

surfaceFieldValue flowRateTM write:
    sum(outlet_tm) of phi = 2.507929e-11

surfaceFieldValue flowRateTM_left write:
    sum(outlet_tm_left) of phi = 2.4920711e-11

surfaceFieldValue pressureACinlet write:
    areaAverage(ac_inlet) of p = 3.8721465

Time = 121

smoothSolver:  Solving for Ux, Initial residual = 3.0605649e-08, Final residual = 4.1671863e-09, No Iterations 1
smoothSolver:  Solving for Uy, Initial residual = 1.4311433e-08, Final residual = 1.9818673e-09, No Iterations 1
DICPCG:  Solving for p, Initial residual = 0.00043866332, Final residual = 4.1093181e-06, No Iterations 29
DICPCG:  Solving for p, Initial residual = 2.2431776e-05, Final residual = 2.1803457e-07, No Iterations 309
DICPCG:  Solving for p, Initial residual = 7.8022935e-06, Final residual = 7.3435e-08, No Iterations 38
DICPCG:  Solving for p, Initial residual = 3.4808562e-06, Final residual = 3.4446289e-08, No Iterations 287
time step continuity errors : sum local = 5.6374127e-10, global = 6.5451249e-12, cumulative = 2.9065547e-07
ExecutionTime = 142.09 s  ClockTime = 142 s

Time = 122

smoothSolver:  Solving for Ux, Initial residual = 3.0285514e-08, Final residual = 4.1254127e-09, No Iterations 1
smoothSolver:  Solving for Uy, Initial residual = 1.416395e-08, Final residual = 1.9622705e-09, No Iterations 1
DICPCG:  Solving for p, Initial residual = 0.00043211908, Final residual = 4.0491075e-06, No Iterations 29
DICPCG:  Solving for p, Initial residual = 2.1940934e-05, Final residual = 2.1186617e-07, No Iterations 309
DICPCG:  Solving for p, Initial residual = 7.6749449e-06, Final residual = 7.4714234e-08, No Iterations 37
DICPCG:  Solving for p, Initial residual = 3.445735e-06, Final residual = 3.3552685e-08, No Iterations 293
time step continuity errors : sum local = 5.5741035e-10, global = 6.6109784e-12, cumulative = 2.9066208e-07
ExecutionTime = 142.65 s  ClockTime = 143 s

Time = 123

smoothSolver:  Solving for Ux, Initial residual = 2.9965439e-08, Final residual = 4.0844354e-09, No Iterations 1
smoothSolver:  Solving for Uy, Initial residual = 1.4016889e-08, Final residual = 1.9430236e-09, No Iterations 1
DICPCG:  Solving for p, Initial residual = 0.00042591173, Final residual = 4.012132e-06, No Iterations 29
DICPCG:  Solving for p, Initial residual = 2.1402504e-05, Final residual = 2.1241651e-07, No Iterations 310
DICPCG:  Solving for p, Initial residual = 7.5167155e-06, Final residual = 7.455018e-08, No Iterations 33
DICPCG:  Solving for p, Initial residual = 3.339894e-06, Final residual = 3.3022204e-08, No Iterations 294
time step continuity errors : sum local = 5.5926119e-10, global = 6.6773088e-12, cumulative = 2.9066876e-07
ExecutionTime = 143.26 s  ClockTime = 143 s

Time = 124

smoothSolver:  Solving for Ux, Initial residual = 2.9662865e-08, Final residual = 4.0443234e-09, No Iterations 1
smoothSolver:  Solving for Uy, Initial residual = 1.3871553e-08, Final residual = 1.9240729e-09, No Iterations 1
DICPCG:  Solving for p, Initial residual = 0.00041995376, Final residual = 3.9977367e-06, No Iterations 29
DICPCG:  Solving for p, Initial residual = 2.0992317e-05, Final residual = 2.0262655e-07, No Iterations 311
DICPCG:  Solving for p, Initial residual = 7.3341249e-06, Final residual = 7.2599234e-08, No Iterations 33
DICPCG:  Solving for p, Initial residual = 3.2422839e-06, Final residual = 3.0823869e-08, No Iterations 294
time step continuity errors : sum local = 5.4491988e-10, global = 6.7430327e-12, cumulative = 2.906755e-07
ExecutionTime = 144.05 s  ClockTime = 144 s

Time = 125

smoothSolver:  Solving for Ux, Initial residual = 2.9367672e-08, Final residual = 4.005003e-09, No Iterations 1
smoothSolver:  Solving for Uy, Initial residual = 1.3725975e-08, Final residual = 1.9053357e-09, No Iterations 1
DICPCG:  Solving for p, Initial residual = 0.00041411596, Final residual = 3.9382621e-06, No Iterations 29
DICPCG:  Solving for p, Initial residual = 2.0631549e-05, Final residual = 2.0134978e-07, No Iterations 310
DICPCG:  Solving for p, Initial residual = 7.1776586e-06, Final residual = 7.1345085e-08, No Iterations 36
DICPCG:  Solving for p, Initial residual = 3.1527136e-06, Final residual = 3.1317798e-08, No Iterations 287
time step continuity errors : sum local = 5.4205551e-10, global = 6.8070973e-12, cumulative = 2.9068231e-07
ExecutionTime = 144.67 s  ClockTime = 145 s

Time = 126

smoothSolver:  Solving for Ux, Initial residual = 2.9073649e-08, Final residual = 3.966281e-09, No Iterations 1
smoothSolver:  Solving for Uy, Initial residual = 1.3586741e-08, Final residual = 1.8869053e-09, No Iterations 1
DICPCG:  Solving for p, Initial residual = 0.00040837879, Final residual = 3.8497243e-06, No Iterations 29
DICPCG:  Solving for p, Initial residual = 2.0357566e-05, Final residual = 2.0097569e-07, No Iterations 309
DICPCG:  Solving for p, Initial residual = 7.0308306e-06, Final residual = 6.8768857e-08, No Iterations 38
DICPCG:  Solving for p, Initial residual = 3.0793492e-06, Final residual = 3.0070955e-08, No Iterations 286
time step continuity errors : sum local = 5.322913e-10, global = 6.8687206e-12, cumulative = 2.9068918e-07
ExecutionTime = 145.27 s  ClockTime = 145 s

Time = 127

smoothSolver:  Solving for Ux, Initial residual = 2.8779873e-08, Final residual = 3.9280772e-09, No Iterations 1
smoothSolver:  Solving for Uy, Initial residual = 1.3452176e-08, Final residual = 1.8688661e-09, No Iterations 1
DICPCG:  Solving for p, Initial residual = 0.00040262475, Final residual = 4.0222911e-06, No Iterations 28
DICPCG:  Solving for p, Initial residual = 2.0156571e-05, Final residual = 1.9098511e-07, No Iterations 311
DICPCG:  Solving for p, Initial residual = 6.9294034e-06, Final residual = 6.888168e-08, No Iterations 37
DICPCG:  Solving for p, Initial residual = 2.9291267e-06, Final residual = 2.8571813e-08, No Iterations 291
time step continuity errors : sum local = 5.2939595e-10, global = 6.9283236e-12, cumulative = 2.906961e-07
ExecutionTime = 145.82 s  ClockTime = 146 s

Time = 128

smoothSolver:  Solving for Ux, Initial residual = 2.8488392e-08, Final residual = 3.8904955e-09, No Iterations 1
smoothSolver:  Solving for Uy, Initial residual = 1.3318136e-08, Final residual = 1.8510642e-09, No Iterations 1
DICPCG:  Solving for p, Initial residual = 0.00039693566, Final residual = 3.9140224e-06, No Iterations 28
DICPCG:  Solving for p, Initial residual = 1.9765933e-05, Final residual = 1.9369468e-07, No Iterations 311
DICPCG:  Solving for p, Initial residual = 6.7270794e-06, Final residual = 6.534512e-08, No Iterations 38
DICPCG:  Solving for p, Initial residual = 2.8314275e-06, Final residual = 2.8281508e-08, No Iterations 317
time step continuity errors : sum local = 5.4377937e-10, global = 6.9855609e-12, cumulative = 2.9070309e-07
ExecutionTime = 146.39 s  ClockTime = 146 s

Time = 129

smoothSolver:  Solving for Ux, Initial residual = 2.8207157e-08, Final residual = 3.8535161e-09, No Iterations 1
smoothSolver:  Solving for Uy, Initial residual = 1.3183389e-08, Final residual = 1.8335341e-09, No Iterations 1
DICPCG:  Solving for p, Initial residual = 0.00039136468, Final residual = 3.830842e-06, No Iterations 28
DICPCG:  Solving for p, Initial residual = 1.9306829e-05, Final residual = 1.7955914e-07, No Iterations 311
DICPCG:  Solving for p, Initial residual = 6.5876825e-06, Final residual = 6.4107006e-08, No Iterations 38
DICPCG:  Solving for p, Initial residual = 2.7371962e-06, Final residual = 2.7090248e-08, No Iterations 313
time step continuity errors : sum local = 5.3524102e-10, global = 7.0409147e-12, cumulative = 2.9071013e-07
ExecutionTime = 146.97 s  ClockTime = 147 s

Time = 130

smoothSolver:  Solving for Ux, Initial residual = 2.7935038e-08, Final residual = 3.8170626e-09, No Iterations 1
smoothSolver:  Solving for Uy, Initial residual = 1.3050567e-08, Final residual = 1.8163081e-09, No Iterations 1
DICPCG:  Solving for p, Initial residual = 0.00038589571, Final residual = 3.7702199e-06, No Iterations 28
DICPCG:  Solving for p, Initial residual = 1.8846863e-05, Final residual = 1.8085073e-07, No Iterations 311
DICPCG:  Solving for p, Initial residual = 6.3140117e-06, Final residual = 6.3059179e-08, No Iterations 38
DICPCG:  Solving for p, Initial residual = 2.6397646e-06, Final residual = 2.4028804e-08, No Iterations 285
time step continuity errors : sum local = 5.0514232e-10, global = 7.09503e-12, cumulative = 2.9071723e-07
ExecutionTime = 147.55 s  ClockTime = 148 s

surfaceFieldValue flowRateTM write:
    sum(outlet_tm) of phi = 2.507929e-11

surfaceFieldValue flowRateTM_left write:
    sum(outlet_tm_left) of phi = 2.4920711e-11

surfaceFieldValue pressureACinlet write:
    areaAverage(ac_inlet) of p = 3.8721465

Time = 131

smoothSolver:  Solving for Ux, Initial residual = 2.7647921e-08, Final residual = 3.7810426e-09, No Iterations 1
smoothSolver:  Solving for Uy, Initial residual = 1.2927915e-08, Final residual = 1.7993914e-09, No Iterations 1
DICPCG:  Solving for p, Initial residual = 0.00038051828, Final residual = 3.7062737e-06, No Iterations 28
DICPCG:  Solving for p, Initial residual = 1.8482899e-05, Final residual = 1.7657939e-07, No Iterations 311
DICPCG:  Solving for p, Initial residual = 6.2099539e-06, Final residual = 6.1737283e-08, No Iterations 62
DICPCG:  Solving for p, Initial residual = 2.6129712e-06, Final residual = 2.6058916e-08, No Iterations 266
time step continuity errors : sum local = 5.0081018e-10, global = 7.148008e-12, cumulative = 2.9072437e-07
ExecutionTime = 148.13 s  ClockTime = 148 s

Time = 132

smoothSolver:  Solving for Ux, Initial residual = 2.7367039e-08, Final residual = 3.7455736e-09, No Iterations 1
smoothSolver:  Solving for Uy, Initial residual = 1.2808576e-08, Final residual = 1.7827258e-09, No Iterations 1
DICPCG:  Solving for p, Initial residual = 0.00037517447, Final residual = 3.6362272e-06, No Iterations 28
DICPCG:  Solving for p, Initial residual = 1.8145358e-05, Final residual = 1.7518548e-07, No Iterations 311
DICPCG:  Solving for p, Initial residual = 6.120466e-06, Final residual = 6.0741514e-08, No Iterations 62
DICPCG:  Solving for p, Initial residual = 2.6056857e-06, Final residual = 2.5945585e-08, No Iterations 278
time step continuity errors : sum local = 5.0172695e-10, global = 7.200188e-12, cumulative = 2.9073157e-07
ExecutionTime = 148.68 s  ClockTime = 149 s

Time = 133

smoothSolver:  Solving for Ux, Initial residual = 2.7097382e-08, Final residual = 3.7106738e-09, No Iterations 1
smoothSolver:  Solving for Uy, Initial residual = 1.2689355e-08, Final residual = 1.7662474e-09, No Iterations 1
DICPCG:  Solving for p, Initial residual = 0.00037003692, Final residual = 3.5583813e-06, No Iterations 28
DICPCG:  Solving for p, Initial residual = 1.7905259e-05, Final residual = 1.7092157e-07, No Iterations 310
DICPCG:  Solving for p, Initial residual = 6.0605849e-06, Final residual = 5.9696938e-08, No Iterations 62
DICPCG:  Solving for p, Initial residual = 2.5924331e-06, Final residual = 2.5176013e-08, No Iterations 270
time step continuity errors : sum local = 5.0187993e-10, global = 7.2513357e-12, cumulative = 2.9073882e-07
ExecutionTime = 149.22 s  ClockTime = 149 s

Time = 134

smoothSolver:  Solving for Ux, Initial residual = 2.6833145e-08, Final residual = 3.6763418e-09, No Iterations 1
smoothSolver:  Solving for Uy, Initial residual = 1.2570861e-08, Final residual = 1.7500051e-09, No Iterations 1
DICPCG:  Solving for p, Initial residual = 0.00036504722, Final residual = 3.6168505e-06, No Iterations 27
DICPCG:  Solving for p, Initial residual = 1.7752326e-05, Final residual = 1.7447575e-07, No Iterations 310
DICPCG:  Solving for p, Initial residual = 6.0501153e-06, Final residual = 5.9433075e-08, No Iterations 48
DICPCG:  Solving for p, Initial residual = 2.6176397e-06, Final residual = 2.6006212e-08, No Iterations 282
time step continuity errors : sum local = 5.1311876e-10, global = 7.301638e-12, cumulative = 2.9074613e-07
ExecutionTime = 149.79 s  ClockTime = 150 s

Time = 135

smoothSolver:  Solving for Ux, Initial residual = 2.6577457e-08, Final residual = 3.6426421e-09, No Iterations 1
smoothSolver:  Solving for Uy, Initial residual = 1.2452879e-08, Final residual = 1.7340609e-09, No Iterations 1
DICPCG:  Solving for p, Initial residual = 0.00036013787, Final residual = 3.5127231e-06, No Iterations 27
DICPCG:  Solving for p, Initial residual = 1.7481716e-05, Final residual = 1.6844292e-07, No Iterations 310
DICPCG:  Solving for p, Initial residual = 5.9777242e-06, Final residual = 5.9730565e-08, No Iterations 47
DICPCG:  Solving for p, Initial residual = 2.5988528e-06, Final residual = 2.4859524e-08, No Iterations 282
time step continuity errors : sum local = 5.0696912e-10, global = 7.3504669e-12, cumulative = 2.9075348e-07
ExecutionTime = 150.33 s  ClockTime = 150 s

Time = 136

smoothSolver:  Solving for Ux, Initial residual = 2.6327713e-08, Final residual = 3.6094386e-09, No Iterations 1
smoothSolver:  Solving for Uy, Initial residual = 1.2337838e-08, Final residual = 1.7183901e-09, No Iterations 1
DICPCG:  Solving for p, Initial residual = 0.00035532913, Final residual = 3.4107033e-06, No Iterations 27
DICPCG:  Solving for p, Initial residual = 1.7139334e-05, Final residual = 1.7064889e-07, No Iterations 309
DICPCG:  Solving for p, Initial residual = 5.8373605e-06, Final residual = 5.5188879e-08, No Iterations 48
DICPCG:  Solving for p, Initial residual = 2.5462229e-06, Final residual = 2.3606645e-08, No Iterations 284
time step continuity errors : sum local = 4.9802558e-10, global = 7.3981e-12, cumulative = 2.9076088e-07
ExecutionTime = 150.88 s  ClockTime = 151 s

Time = 137

smoothSolver:  Solving for Ux, Initial residual = 2.6077107e-08, Final residual = 3.5765489e-09, No Iterations 1
smoothSolver:  Solving for Uy, Initial residual = 1.2224429e-08, Final residual = 1.7029933e-09, No Iterations 1
DICPCG:  Solving for p, Initial residual = 0.00035054237, Final residual = 3.3150254e-06, No Iterations 27
DICPCG:  Solving for p, Initial residual = 1.6863101e-05, Final residual = 1.6736786e-07, No Iterations 310
DICPCG:  Solving for p, Initial residual = 5.7679489e-06, Final residual = 5.7675152e-08, No Iterations 47
DICPCG:  Solving for p, Initial residual = 2.5103354e-06, Final residual = 2.3631563e-08, No Iterations 283
time step continuity errors : sum local = 5.0190376e-10, global = 7.4448797e-12, cumulative = 2.9076832e-07
ExecutionTime = 151.44 s  ClockTime = 152 s

Time = 138

smoothSolver:  Solving for Ux, Initial residual = 2.5830727e-08, Final residual = 3.5441474e-09, No Iterations 1
smoothSolver:  Solving for Uy, Initial residual = 1.2112717e-08, Final residual = 1.6877761e-09, No Iterations 1
DICPCG:  Solving for p, Initial residual = 0.00034580534, Final residual = 3.2367242e-06, No Iterations 27
DICPCG:  Solving for p, Initial residual = 1.6783778e-05, Final residual = 1.6565642e-07, No Iterations 310
DICPCG:  Solving for p, Initial residual = 5.7832913e-06, Final residual = 5.5906023e-08, No Iterations 48
DICPCG:  Solving for p, Initial residual = 2.5586133e-06, Final residual = 2.3947377e-08, No Iterations 285
time step continuity errors : sum local = 4.9862967e-10, global = 7.4902698e-12, cumulative = 2.9077581e-07
ExecutionTime = 152.29 s  ClockTime = 152 s

Time = 139

smoothSolver:  Solving for Ux, Initial residual = 2.5588132e-08, Final residual = 3.5122149e-09, No Iterations 1
smoothSolver:  Solving for Uy, Initial residual = 1.2001837e-08, Final residual = 1.6727326e-09, No Iterations 1
DICPCG:  Solving for p, Initial residual = 0.00034125086, Final residual = 3.4108454e-06, No Iterations 26
DICPCG:  Solving for p, Initial residual = 1.6841015e-05, Final residual = 1.6473681e-07, No Iterations 313
DICPCG:  Solving for p, Initial residual = 5.9089526e-06, Final residual = 5.7254411e-08, No Iterations 48
DICPCG:  Solving for p, Initial residual = 2.6086517e-06, Final residual = 2.5110169e-08, No Iterations 283
time step continuity errors : sum local = 5.1394927e-10, global = 7.5348911e-12, cumulative = 2.9078335e-07
ExecutionTime = 153.16 s  ClockTime = 153 s

Time = 140

smoothSolver:  Solving for Ux, Initial residual = 2.5349998e-08, Final residual = 3.4806801e-09, No Iterations 1
smoothSolver:  Solving for Uy, Initial residual = 1.1892318e-08, Final residual = 1.6579114e-09, No Iterations 1
DICPCG:  Solving for p, Initial residual = 0.00033677289, Final residual = 3.1417283e-06, No Iterations 27
DICPCG:  Solving for p, Initial residual = 1.663371e-05, Final residual = 1.6632915e-07, No Iterations 310
DICPCG:  Solving for p, Initial residual = 5.7365154e-06, Final residual = 5.5857976e-08, No Iterations 48
DICPCG:  Solving for p, Initial residual = 2.5690686e-06, Final residual = 2.4548543e-08, No Iterations 283
time step continuity errors : sum local = 5.0822455e-10, global = 7.578197e-12, cumulative = 2.9079092e-07
ExecutionTime = 154.06 s  ClockTime = 154 s

surfaceFieldValue flowRateTM write:
    sum(outlet_tm) of phi = 2.507929e-11

surfaceFieldValue flowRateTM_left write:
    sum(outlet_tm_left) of phi = 2.4920711e-11

surfaceFieldValue pressureACinlet write:
    areaAverage(ac_inlet) of p = 3.8721465

Time = 141

smoothSolver:  Solving for Ux, Initial residual = 2.5116306e-08, Final residual = 3.4496353e-09, No Iterations 1
smoothSolver:  Solving for Uy, Initial residual = 1.1785093e-08, Final residual = 1.6433281e-09, No Iterations 1
DICPCG:  Solving for p, Initial residual = 0.00033244507, Final residual = 3.1096722e-06, No Iterations 27
DICPCG:  Solving for p, Initial residual = 1.6511423e-05, Final residual = 1.5972124e-07, No Iterations 311
DICPCG:  Solving for p, Initial residual = 5.731105e-06, Final residual = 5.7157857e-08, No Iterations 47
DICPCG:  Solving for p, Initial residual = 2.5546959e-06, Final residual = 2.4640828e-08, No Iterations 284
time step continuity errors : sum local = 5.0902645e-10, global = 7.6207189e-12, cumulative = 2.9079854e-07
ExecutionTime = 155.03 s  ClockTime = 155 s

Time = 142

smoothSolver:  Solving for Ux, Initial residual = 2.488833e-08, Final residual = 3.419081e-09, No Iterations 1
smoothSolver:  Solving for Uy, Initial residual = 1.1680039e-08, Final residual = 1.6289965e-09, No Iterations 1
DICPCG:  Solving for p, Initial residual = 0.00032836361, Final residual = 3.0764611e-06, No Iterations 27
DICPCG:  Solving for p, Initial residual = 1.6367603e-05, Final residual = 1.6184202e-07, No Iterations 310
DICPCG:  Solving for p, Initial residual = 5.7753462e-06, Final residual = 5.7514782e-08, No Iterations 44
DICPCG:  Solving for p, Initial residual = 2.6203635e-06, Final residual = 2.6081373e-08, No Iterations 284
time step continuity errors : sum local = 5.1328886e-10, global = 7.6626523e-12, cumulative = 2.9080621e-07
ExecutionTime = 156.13 s  ClockTime = 156 s

Time = 143

smoothSolver:  Solving for Ux, Initial residual = 2.4662869e-08, Final residual = 3.3889483e-09, No Iterations 1
smoothSolver:  Solving for Uy, Initial residual = 1.157682e-08, Final residual = 1.6149074e-09, No Iterations 1
DICPCG:  Solving for p, Initial residual = 0.00032433871, Final residual = 3.0369601e-06, No Iterations 27
DICPCG:  Solving for p, Initial residual = 1.6239883e-05, Final residual = 1.5732321e-07, No Iterations 311
DICPCG:  Solving for p, Initial residual = 5.7682254e-06, Final residual = 5.7265791e-08, No Iterations 43
DICPCG:  Solving for p, Initial residual = 2.6365945e-06, Final residual = 2.5830142e-08, No Iterations 285
time step continuity errors : sum local = 5.1194124e-10, global = 7.7033796e-12, cumulative = 2.9081391e-07
ExecutionTime = 157.15 s  ClockTime = 157 s

Time = 144

smoothSolver:  Solving for Ux, Initial residual = 2.4440421e-08, Final residual = 3.3592978e-09, No Iterations 1
smoothSolver:  Solving for Uy, Initial residual = 1.1474545e-08, Final residual = 1.6010168e-09, No Iterations 1
DICPCG:  Solving for p, Initial residual = 0.00032037558, Final residual = 2.9856891e-06, No Iterations 27
DICPCG:  Solving for p, Initial residual = 1.6174704e-05, Final residual = 1.6030793e-07, No Iterations 309
DICPCG:  Solving for p, Initial residual = 5.8178725e-06, Final residual = 5.7962913e-08, No Iterations 44
DICPCG:  Solving for p, Initial residual = 2.6793994e-06, Final residual = 2.553905e-08, No Iterations 287
time step continuity errors : sum local = 5.1409068e-10, global = 7.7437566e-12, cumulative = 2.9082165e-07
ExecutionTime = 158.74 s  ClockTime = 159 s

Time = 145

smoothSolver:  Solving for Ux, Initial residual = 2.4221712e-08, Final residual = 3.3301329e-09, No Iterations 1
smoothSolver:  Solving for Uy, Initial residual = 1.1373292e-08, Final residual = 1.5873072e-09, No Iterations 1
DICPCG:  Solving for p, Initial residual = 0.00031646613, Final residual = 3.1490288e-06, No Iterations 26
DICPCG:  Solving for p, Initial residual = 1.6012211e-05, Final residual = 1.538042e-07, No Iterations 312
DICPCG:  Solving for p, Initial residual = 6.0023712e-06, Final residual = 5.9472571e-08, No Iterations 44
DICPCG:  Solving for p, Initial residual = 2.731499e-06, Final residual = 2.726432e-08, No Iterations 286
time step continuity errors : sum local = 5.2492208e-10, global = 7.7831873e-12, cumulative = 2.9082944e-07
ExecutionTime = 159.55 s  ClockTime = 160 s

Time = 146

smoothSolver:  Solving for Ux, Initial residual = 2.4006103e-08, Final residual = 3.3013689e-09, No Iterations 1
smoothSolver:  Solving for Uy, Initial residual = 1.127394e-08, Final residual = 1.5738201e-09, No Iterations 1
DICPCG:  Solving for p, Initial residual = 0.00031263539, Final residual = 3.0823307e-06, No Iterations 26
DICPCG:  Solving for p, Initial residual = 1.5720939e-05, Final residual = 1.4999044e-07, No Iterations 312
DICPCG:  Solving for p, Initial residual = 6.0079803e-06, Final residual = 6.00005e-08, No Iterations 43
DICPCG:  Solving for p, Initial residual = 2.7871845e-06, Final residual = 2.6814334e-08, No Iterations 287
time step continuity errors : sum local = 5.1702983e-10, global = 7.8217343e-12, cumulative = 2.9083726e-07
ExecutionTime = 160.36 s  ClockTime = 160 s

Time = 147

smoothSolver:  Solving for Ux, Initial residual = 2.3791161e-08, Final residual = 3.2730577e-09, No Iterations 1
smoothSolver:  Solving for Uy, Initial residual = 1.1175943e-08, Final residual = 1.5605438e-09, No Iterations 1
DICPCG:  Solving for p, Initial residual = 0.00030887967, Final residual = 3.018124e-06, No Iterations 26
DICPCG:  Solving for p, Initial residual = 1.5478949e-05, Final residual = 1.5133954e-07, No Iterations 310
DICPCG:  Solving for p, Initial residual = 5.8851441e-06, Final residual = 5.6545339e-08, No Iterations 44
DICPCG:  Solving for p, Initial residual = 2.755969e-06, Final residual = 2.7517226e-08, No Iterations 287
time step continuity errors : sum local = 5.2568038e-10, global = 7.859632e-12, cumulative = 2.9084512e-07
ExecutionTime = 161.45 s  ClockTime = 162 s

Time = 148

smoothSolver:  Solving for Ux, Initial residual = 2.3579491e-08, Final residual = 3.2452105e-09, No Iterations 1
smoothSolver:  Solving for Uy, Initial residual = 1.1080202e-08, Final residual = 1.5474518e-09, No Iterations 1
DICPCG:  Solving for p, Initial residual = 0.00030520846, Final residual = 2.9614597e-06, No Iterations 26
DICPCG:  Solving for p, Initial residual = 1.5160978e-05, Final residual = 1.4010496e-07, No Iterations 311
DICPCG:  Solving for p, Initial residual = 5.5144737e-06, Final residual = 5.4238798e-08, No Iterations 47
DICPCG:  Solving for p, Initial residual = 2.5291512e-06, Final residual = 2.4656232e-08, No Iterations 286
time step continuity errors : sum local = 5.0672325e-10, global = 7.8967097e-12, cumulative = 2.9085302e-07
ExecutionTime = 162.68 s  ClockTime = 163 s

Time = 149

smoothSolver:  Solving for Ux, Initial residual = 2.3373457e-08, Final residual = 3.2177195e-09, No Iterations 1
smoothSolver:  Solving for Uy, Initial residual = 1.0986891e-08, Final residual = 1.5345298e-09, No Iterations 1
DICPCG:  Solving for p, Initial residual = 0.00030161676, Final residual = 2.9158382e-06, No Iterations 26
DICPCG:  Solving for p, Initial residual = 1.4937155e-05, Final residual = 1.4184605e-07, No Iterations 311
DICPCG:  Solving for p, Initial residual = 5.2987507e-06, Final residual = 5.0776112e-08, No Iterations 48
DICPCG:  Solving for p, Initial residual = 2.3947491e-06, Final residual = 2.3136383e-08, No Iterations 286
time step continuity errors : sum local = 5.0241982e-10, global = 7.9330542e-12, cumulative = 2.9086095e-07
ExecutionTime = 163.29 s  ClockTime = 163 s

Time = 150

smoothSolver:  Solving for Ux, Initial residual = 2.3171158e-08, Final residual = 3.1905772e-09, No Iterations 1
smoothSolver:  Solving for Uy, Initial residual = 1.0896289e-08, Final residual = 1.5217891e-09, No Iterations 1
DICPCG:  Solving for p, Initial residual = 0.00029799708, Final residual = 2.8819135e-06, No Iterations 26
DICPCG:  Solving for p, Initial residual = 1.4766361e-05, Final residual = 1.4755365e-07, No Iterations 310
DICPCG:  Solving for p, Initial residual = 5.202557e-06, Final residual = 5.1803189e-08, No Iterations 48
DICPCG:  Solving for p, Initial residual = 2.3945427e-06, Final residual = 2.2772079e-08, No Iterations 283
time step continuity errors : sum local = 4.9503321e-10, global = 7.9683838e-12, cumulative = 2.9086892e-07
ExecutionTime = 164.13 s  ClockTime = 164 s

surfaceFieldValue flowRateTM write:
    sum(outlet_tm) of phi = 2.5079291e-11

surfaceFieldValue flowRateTM_left write:
    sum(outlet_tm_left) of phi = 2.4920711e-11

surfaceFieldValue pressureACinlet write:
    areaAverage(ac_inlet) of p = 3.8721465

Time = 151

smoothSolver:  Solving for Ux, Initial residual = 2.296851e-08, Final residual = 3.1636745e-09, No Iterations 1
smoothSolver:  Solving for Uy, Initial residual = 1.0806653e-08, Final residual = 1.5093212e-09, No Iterations 1
DICPCG:  Solving for p, Initial residual = 0.00029452155, Final residual = 2.845007e-06, No Iterations 26
DICPCG:  Solving for p, Initial residual = 1.4496809e-05, Final residual = 1.4448002e-07, No Iterations 310
DICPCG:  Solving for p, Initial residual = 5.0805184e-06, Final residual = 4.9991953e-08, No Iterations 50
DICPCG:  Solving for p, Initial residual = 2.3714265e-06, Final residual = 2.3097529e-08, No Iterations 287
time step continuity errors : sum local = 5.0311537e-10, global = 8.0032472e-12, cumulative = 2.9087692e-07
ExecutionTime = 164.78 s  ClockTime = 165 s

Time = 152

smoothSolver:  Solving for Ux, Initial residual = 2.2772288e-08, Final residual = 3.1371698e-09, No Iterations 1
smoothSolver:  Solving for Uy, Initial residual = 1.0719211e-08, Final residual = 1.4970823e-09, No Iterations 1
DICPCG:  Solving for p, Initial residual = 0.00029114847, Final residual = 2.8015123e-06, No Iterations 26
DICPCG:  Solving for p, Initial residual = 1.4187482e-05, Final residual = 1.3985188e-07, No Iterations 310
DICPCG:  Solving for p, Initial residual = 5.031943e-06, Final residual = 5.0045536e-08, No Iterations 50
DICPCG:  Solving for p, Initial residual = 2.3570124e-06, Final residual = 2.2250761e-08, No Iterations 289
time step continuity errors : sum local = 4.9777355e-10, global = 8.0374288e-12, cumulative = 2.9088496e-07
ExecutionTime = 165.46 s  ClockTime = 166 s

Time = 153

smoothSolver:  Solving for Ux, Initial residual = 2.2577498e-08, Final residual = 3.1110191e-09, No Iterations 1
smoothSolver:  Solving for Uy, Initial residual = 1.0628372e-08, Final residual = 1.484982e-09, No Iterations 1
DICPCG:  Solving for p, Initial residual = 0.00028776294, Final residual = 2.7619881e-06, No Iterations 26
DICPCG:  Solving for p, Initial residual = 1.3966214e-05, Final residual = 1.3155283e-07, No Iterations 310
DICPCG:  Solving for p, Initial residual = 4.9828048e-06, Final residual = 4.9724026e-08, No Iterations 48
DICPCG:  Solving for p, Initial residual = 2.3139766e-06, Final residual = 2.1817386e-08, No Iterations 291
time step continuity errors : sum local = 4.9586829e-10, global = 8.070954e-12, cumulative = 2.9089303e-07
ExecutionTime = 166.11 s  ClockTime = 166 s

Time = 154

smoothSolver:  Solving for Ux, Initial residual = 2.2380814e-08, Final residual = 3.0851536e-09, No Iterations 1
smoothSolver:  Solving for Uy, Initial residual = 1.0539867e-08, Final residual = 1.473074e-09, No Iterations 1
DICPCG:  Solving for p, Initial residual = 0.00028450014, Final residual = 2.7362133e-06, No Iterations 26
DICPCG:  Solving for p, Initial residual = 1.3948247e-05, Final residual = 1.386203e-07, No Iterations 310
DICPCG:  Solving for p, Initial residual = 4.9350272e-06, Final residual = 4.8820536e-08, No Iterations 48
DICPCG:  Solving for p, Initial residual = 2.3212992e-06, Final residual = 2.2138659e-08, No Iterations 288
time step continuity errors : sum local = 4.9737725e-10, global = 8.1040673e-12, cumulative = 2.9090113e-07
ExecutionTime = 166.74 s  ClockTime = 167 s

Time = 155

smoothSolver:  Solving for Ux, Initial residual = 2.2189472e-08, Final residual = 3.0596182e-09, No Iterations 1
smoothSolver:  Solving for Uy, Initial residual = 1.0451912e-08, Final residual = 1.4613009e-09, No Iterations 1
DICPCG:  Solving for p, Initial residual = 0.00028134765, Final residual = 2.7161268e-06, No Iterations 26
DICPCG:  Solving for p, Initial residual = 1.3877951e-05, Final residual = 1.3132229e-07, No Iterations 310
DICPCG:  Solving for p, Initial residual = 4.9905758e-06, Final residual = 4.9670464e-08, No Iterations 36
DICPCG:  Solving for p, Initial residual = 2.3648125e-06, Final residual = 2.3553335e-08, No Iterations 289
time step continuity errors : sum local = 5.0508166e-10, global = 8.1366301e-12, cumulative = 2.9090927e-07
ExecutionTime = 167.37 s  ClockTime = 168 s

Time = 156

smoothSolver:  Solving for Ux, Initial residual = 2.2001287e-08, Final residual = 3.0345494e-09, No Iterations 1
smoothSolver:  Solving for Uy, Initial residual = 1.0366038e-08, Final residual = 1.4496276e-09, No Iterations 1
DICPCG:  Solving for p, Initial residual = 0.00027841097, Final residual = 2.6944322e-06, No Iterations 26
DICPCG:  Solving for p, Initial residual = 1.3592688e-05, Final residual = 1.3560765e-07, No Iterations 311
DICPCG:  Solving for p, Initial residual = 4.908052e-06, Final residual = 4.8679295e-08, No Iterations 51
DICPCG:  Solving for p, Initial residual = 2.2225263e-06, Final residual = 2.1390953e-08, No Iterations 288
time step continuity errors : sum local = 4.9463065e-10, global = 8.1684599e-12, cumulative = 2.9091744e-07
ExecutionTime = 168.04 s  ClockTime = 168 s

Time = 157

smoothSolver:  Solving for Ux, Initial residual = 2.1815422e-08, Final residual = 3.0099183e-09, No Iterations 1
smoothSolver:  Solving for Uy, Initial residual = 1.0283662e-08, Final residual = 1.4380515e-09, No Iterations 1
DICPCG:  Solving for p, Initial residual = 0.00027545936, Final residual = 2.665213e-06, No Iterations 26
DICPCG:  Solving for p, Initial residual = 1.3531603e-05, Final residual = 1.3223152e-07, No Iterations 310
DICPCG:  Solving for p, Initial residual = 4.7852832e-06, Final residual = 4.7837127e-08, No Iterations 60
DICPCG:  Solving for p, Initial residual = 2.2041096e-06, Final residual = 2.0783616e-08, No Iterations 258
time step continuity errors : sum local = 4.7489127e-10, global = 8.1995214e-12, cumulative = 2.9092564e-07
ExecutionTime = 168.68 s  ClockTime = 169 s

Time = 158

smoothSolver:  Solving for Ux, Initial residual = 2.1632947e-08, Final residual = 2.9857175e-09, No Iterations 1
smoothSolver:  Solving for Uy, Initial residual = 1.0205803e-08, Final residual = 1.4266199e-09, No Iterations 1
DICPCG:  Solving for p, Initial residual = 0.0002724928, Final residual = 2.6343355e-06, No Iterations 26
DICPCG:  Solving for p, Initial residual = 1.3442696e-05, Final residual = 1.2374509e-07, No Iterations 311
DICPCG:  Solving for p, Initial residual = 4.7009425e-06, Final residual = 4.5435219e-08, No Iterations 61
DICPCG:  Solving for p, Initial residual = 2.187291e-06, Final residual = 2.0081276e-08, No Iterations 258
time step continuity errors : sum local = 4.6406853e-10, global = 8.2304507e-12, cumulative = 2.9093387e-07
ExecutionTime = 169.36 s  ClockTime = 170 s

Time = 159

smoothSolver:  Solving for Ux, Initial residual = 2.145684e-08, Final residual = 2.9618772e-09, No Iterations 1
smoothSolver:  Solving for Uy, Initial residual = 1.0129806e-08, Final residual = 1.4153626e-09, No Iterations 1
DICPCG:  Solving for p, Initial residual = 0.00026941529, Final residual = 2.5981214e-06, No Iterations 26
DICPCG:  Solving for p, Initial residual = 1.3344432e-05, Final residual = 1.3157788e-07, No Iterations 310
DICPCG:  Solving for p, Initial residual = 4.8157893e-06, Final residual = 4.7952278e-08, No Iterations 60
DICPCG:  Solving for p, Initial residual = 2.3031086e-06, Final residual = 2.2816432e-08, No Iterations 257
time step continuity errors : sum local = 4.7752953e-10, global = 8.2606802e-12, cumulative = 2.9094213e-07
ExecutionTime = 170.05 s  ClockTime = 170 s

Time = 160

smoothSolver:  Solving for Ux, Initial residual = 2.1285378e-08, Final residual = 2.9383403e-09, No Iterations 1
smoothSolver:  Solving for Uy, Initial residual = 1.0051778e-08, Final residual = 1.4042058e-09, No Iterations 1
DICPCG:  Solving for p, Initial residual = 0.00026627106, Final residual = 2.5697011e-06, No Iterations 26
DICPCG:  Solving for p, Initial residual = 1.3111045e-05, Final residual = 1.2134466e-07, No Iterations 311
DICPCG:  Solving for p, Initial residual = 4.7999186e-06, Final residual = 4.7363752e-08, No Iterations 60
DICPCG:  Solving for p, Initial residual = 2.3053521e-06, Final residual = 2.3032046e-08, No Iterations 38
time step continuity errors : sum local = 2.8898067e-10, global = 8.2886563e-12, cumulative = 2.9095042e-07
ExecutionTime = 170.47 s  ClockTime = 171 s

surfaceFieldValue flowRateTM write:
    sum(outlet_tm) of phi = 2.5079291e-11

surfaceFieldValue flowRateTM_left write:
    sum(outlet_tm_left) of phi = 2.4920711e-11

surfaceFieldValue pressureACinlet write:
    areaAverage(ac_inlet) of p = 3.8721465

Time = 161

smoothSolver:  Solving for Ux, Initial residual = 2.110863e-08, Final residual = 2.9151322e-09, No Iterations 1
smoothSolver:  Solving for Uy, Initial residual = 9.9661838e-09, Final residual = 9.9661838e-09, No Iterations 0
DICPCG:  Solving for p, Initial residual = 0.00028888534, Final residual = 2.7200621e-06, No Iterations 88
DICPCG:  Solving for p, Initial residual = 8.659677e-05, Final residual = 8.2266014e-07, No Iterations 49
DICPCG:  Solving for p, Initial residual = 1.3005315e-05, Final residual = 1.1979301e-07, No Iterations 302
DICPCG:  Solving for p, Initial residual = 6.8070641e-06, Final residual = 6.7756593e-08, No Iterations 289
time step continuity errors : sum local = 7.890508e-10, global = 8.2231647e-12, cumulative = 2.9095864e-07
ExecutionTime = 171.13 s  ClockTime = 171 s

Time = 162

smoothSolver:  Solving for Ux, Initial residual = 2.0226333e-08, Final residual = 2.7638938e-09, No Iterations 1
smoothSolver:  Solving for Uy, Initial residual = 1.072338e-08, Final residual = 1.4977116e-09, No Iterations 1
DICPCG:  Solving for p, Initial residual = 0.00026843202, Final residual = 2.632427e-06, No Iterations 75
DICPCG:  Solving for p, Initial residual = 3.7582705e-05, Final residual = 3.7578954e-07, No Iterations 66
DICPCG:  Solving for p, Initial residual = 6.9263798e-06, Final residual = 6.7045389e-08, No Iterations 276
DICPCG:  Solving for p, Initial residual = 3.7337044e-06, Final residual = 3.7171649e-08, No Iterations 75
time step continuity errors : sum local = 4.3275643e-10, global = 8.2765024e-12, cumulative = 2.9096692e-07
ExecutionTime = 171.58 s  ClockTime = 172 s

Time = 163

smoothSolver:  Solving for Ux, Initial residual = 1.984901e-08, Final residual = 2.6946266e-09, No Iterations 1
smoothSolver:  Solving for Uy, Initial residual = 1.0963283e-08, Final residual = 1.5215208e-09, No Iterations 1
DICPCG:  Solving for p, Initial residual = 0.00027876912, Final residual = 2.7701716e-06, No Iterations 59
DICPCG:  Solving for p, Initial residual = 3.1903361e-05, Final residual = 3.0657369e-07, No Iterations 298
DICPCG:  Solving for p, Initial residual = 7.2399669e-06, Final residual = 7.0108051e-08, No Iterations 283
DICPCG:  Solving for p, Initial residual = 3.1326478e-06, Final residual = 3.0044903e-08, No Iterations 31
time step continuity errors : sum local = 3.3019201e-10, global = 8.3312348e-12, cumulative = 2.9097525e-07
ExecutionTime = 172.17 s  ClockTime = 172 s

Time = 164

smoothSolver:  Solving for Ux, Initial residual = 1.9701274e-08, Final residual = 2.7043383e-09, No Iterations 1
smoothSolver:  Solving for Uy, Initial residual = 1.0657513e-08, Final residual = 1.4854094e-09, No Iterations 1
DICPCG:  Solving for p, Initial residual = 0.00028177775, Final residual = 2.7628715e-06, No Iterations 88
DICPCG:  Solving for p, Initial residual = 5.9221345e-05, Final residual = 5.5391907e-07, No Iterations 257
DICPCG:  Solving for p, Initial residual = 1.0384396e-05, Final residual = 1.0354227e-07, No Iterations 289
DICPCG:  Solving for p, Initial residual = 4.5712664e-06, Final residual = 4.5459191e-08, No Iterations 34
time step continuity errors : sum local = 4.5586694e-10, global = 8.38538e-12, cumulative = 2.9098363e-07
ExecutionTime = 172.83 s  ClockTime = 173 s

Time = 165

smoothSolver:  Solving for Ux, Initial residual = 1.9968805e-08, Final residual = 2.7632861e-09, No Iterations 1
smoothSolver:  Solving for Uy, Initial residual = 1.0100839e-08, Final residual = 1.4129133e-09, No Iterations 1
DICPCG:  Solving for p, Initial residual = 0.000269135, Final residual = 2.6549281e-06, No Iterations 89
DICPCG:  Solving for p, Initial residual = 6.1677608e-05, Final residual = 5.6015832e-07, No Iterations 255
DICPCG:  Solving for p, Initial residual = 1.1517153e-05, Final residual = 1.1161972e-07, No Iterations 271
DICPCG:  Solving for p, Initial residual = 5.3696338e-06, Final residual = 5.3236869e-08, No Iterations 46
time step continuity errors : sum local = 5.2816355e-10, global = 8.4281858e-12, cumulative = 2.9099206e-07
ExecutionTime = 173.49 s  ClockTime = 174 s

Time = 166

smoothSolver:  Solving for Ux, Initial residual = 2.0768621e-08, Final residual = 2.8258273e-09, No Iterations 1
smoothSolver:  Solving for Uy, Initial residual = 9.662428e-09, Final residual = 9.662428e-09, No Iterations 0
DICPCG:  Solving for p, Initial residual = 0.00026306785, Final residual = 2.5821502e-06, No Iterations 79
DICPCG:  Solving for p, Initial residual = 5.0722173e-05, Final residual = 5.0074037e-07, No Iterations 67
DICPCG:  Solving for p, Initial residual = 8.4647225e-06, Final residual = 8.4308198e-08, No Iterations 299
DICPCG:  Solving for p, Initial residual = 4.3473119e-06, Final residual = 4.2210806e-08, No Iterations 267
time step continuity errors : sum local = 5.9819467e-10, global = 8.3662399e-12, cumulative = 2.9100043e-07
ExecutionTime = 174.16 s  ClockTime = 174 s

Time = 167

smoothSolver:  Solving for Ux, Initial residual = 1.9771055e-08, Final residual = 2.7302787e-09, No Iterations 1
smoothSolver:  Solving for Uy, Initial residual = 9.8717554e-09, Final residual = 9.8717554e-09, No Iterations 0
DICPCG:  Solving for p, Initial residual = 0.00029127573, Final residual = 2.8931935e-06, No Iterations 103
DICPCG:  Solving for p, Initial residual = 0.0001086352, Final residual = 1.0856791e-06, No Iterations 25
DICPCG:  Solving for p, Initial residual = 1.4476217e-05, Final residual = 1.4018426e-07, No Iterations 302
DICPCG:  Solving for p, Initial residual = 8.0112778e-06, Final residual = 7.6815544e-08, No Iterations 289
time step continuity errors : sum local = 8.5744323e-10, global = 8.3086268e-12, cumulative = 2.9100874e-07
ExecutionTime = 174.8 s  ClockTime = 175 s

Time = 168

smoothSolver:  Solving for Ux, Initial residual = 1.8809324e-08, Final residual = 2.5471477e-09, No Iterations 1
smoothSolver:  Solving for Uy, Initial residual = 1.091509e-08, Final residual = 1.5158376e-09, No Iterations 1
DICPCG:  Solving for p, Initial residual = 0.00024439829, Final residual = 2.3293832e-06, No Iterations 75
DICPCG:  Solving for p, Initial residual = 3.3496699e-05, Final residual = 3.3273635e-07, No Iterations 67
DICPCG:  Solving for p, Initial residual = 6.5863265e-06, Final residual = 6.2717698e-08, No Iterations 296
DICPCG:  Solving for p, Initial residual = 3.553562e-06, Final residual = 3.4659862e-08, No Iterations 47
time step continuity errors : sum local = 3.8203144e-10, global = 8.3784338e-12, cumulative = 2.9101711e-07
ExecutionTime = 175.27 s  ClockTime = 175 s

Time = 169

smoothSolver:  Solving for Ux, Initial residual = 1.8478442e-08, Final residual = 2.4871001e-09, No Iterations 1
smoothSolver:  Solving for Uy, Initial residual = 1.1104554e-08, Final residual = 1.5346687e-09, No Iterations 1
DICPCG:  Solving for p, Initial residual = 0.00026935147, Final residual = 2.6673182e-06, No Iterations 86
DICPCG:  Solving for p, Initial residual = 5.3006797e-05, Final residual = 5.2779491e-07, No Iterations 284
DICPCG:  Solving for p, Initial residual = 9.7694725e-06, Final residual = 9.2804012e-08, No Iterations 275
DICPCG:  Solving for p, Initial residual = 4.3479133e-06, Final residual = 4.2615254e-08, No Iterations 35
time step continuity errors : sum local = 4.3452474e-10, global = 8.4497123e-12, cumulative = 2.9102556e-07
ExecutionTime = 175.88 s  ClockTime = 176 s

Time = 170

smoothSolver:  Solving for Ux, Initial residual = 1.8449985e-08, Final residual = 2.5340567e-09, No Iterations 1
smoothSolver:  Solving for Uy, Initial residual = 1.0527674e-08, Final residual = 1.4689705e-09, No Iterations 1
DICPCG:  Solving for p, Initial residual = 0.00027757023, Final residual = 2.5703268e-06, No Iterations 102
DICPCG:  Solving for p, Initial residual = 8.8538946e-05, Final residual = 7.6905827e-07, No Iterations 284
DICPCG:  Solving for p, Initial residual = 1.4421257e-05, Final residual = 1.4323773e-07, No Iterations 251
DICPCG:  Solving for p, Initial residual = 6.2185381e-06, Final residual = 6.2169375e-08, No Iterations 62
time step continuity errors : sum local = 6.1585452e-10, global = 8.5159498e-12, cumulative = 2.9103408e-07
ExecutionTime = 176.61 s  ClockTime = 177 s

surfaceFieldValue flowRateTM write:
    sum(outlet_tm) of phi = 2.5079291e-11

surfaceFieldValue flowRateTM_left write:
    sum(outlet_tm_left) of phi = 2.4920711e-11

surfaceFieldValue pressureACinlet write:
    areaAverage(ac_inlet) of p = 3.8721465

Time = 171

smoothSolver:  Solving for Ux, Initial residual = 1.9264068e-08, Final residual = 2.6419826e-09, No Iterations 1
smoothSolver:  Solving for Uy, Initial residual = 9.7885406e-09, Final residual = 9.7885406e-09, No Iterations 0
DICPCG:  Solving for p, Initial residual = 0.00022923996, Final residual = 2.2518013e-06, No Iterations 28
DICPCG:  Solving for p, Initial residual = 1.3885623e-05, Final residual = 1.3521649e-07, No Iterations 90
DICPCG:  Solving for p, Initial residual = 4.7149102e-06, Final residual = 4.6541366e-08, No Iterations 259
DICPCG:  Solving for p, Initial residual = 2.6418766e-06, Final residual = 2.6027774e-08, No Iterations 73
time step continuity errors : sum local = 3.5038136e-10, global = 8.4669389e-12, cumulative = 2.9104255e-07
ExecutionTime = 177.08 s  ClockTime = 177 s

Time = 172

smoothSolver:  Solving for Ux, Initial residual = 1.8980471e-08, Final residual = 2.61234e-09, No Iterations 1
smoothSolver:  Solving for Uy, Initial residual = 9.7683565e-09, Final residual = 9.7683565e-09, No Iterations 0
DICPCG:  Solving for p, Initial residual = 0.00025155028, Final residual = 2.375332e-06, No Iterations 89
DICPCG:  Solving for p, Initial residual = 7.6253444e-05, Final residual = 7.5941172e-07, No Iterations 93
DICPCG:  Solving for p, Initial residual = 1.1417092e-05, Final residual = 1.0840287e-07, No Iterations 292
DICPCG:  Solving for p, Initial residual = 5.6527468e-06, Final residual = 5.5620622e-08, No Iterations 250
time step continuity errors : sum local = 6.811308e-10, global = 8.4167723e-12, cumulative = 2.9105096e-07
ExecutionTime = 177.7 s  ClockTime = 178 s

Time = 173

smoothSolver:  Solving for Ux, Initial residual = 1.8016283e-08, Final residual = 2.4801749e-09, No Iterations 1
smoothSolver:  Solving for Uy, Initial residual = 1.0379499e-08, Final residual = 1.4512928e-09, No Iterations 1
DICPCG:  Solving for p, Initial residual = 0.00022218542, Final residual = 2.0919753e-06, No Iterations 40
DICPCG:  Solving for p, Initial residual = 1.940608e-05, Final residual = 1.881822e-07, No Iterations 108
DICPCG:  Solving for p, Initial residual = 5.1553816e-06, Final residual = 4.9067934e-08, No Iterations 108
DICPCG:  Solving for p, Initial residual = 2.5369754e-06, Final residual = 2.5158179e-08, No Iterations 67
time step continuity errors : sum local = 3.3309778e-10, global = 8.4834127e-12, cumulative = 2.9105945e-07
ExecutionTime = 178.01 s  ClockTime = 178 s

Time = 174

smoothSolver:  Solving for Ux, Initial residual = 1.7762198e-08, Final residual = 2.4437715e-09, No Iterations 1
smoothSolver:  Solving for Uy, Initial residual = 1.0383274e-08, Final residual = 1.4484037e-09, No Iterations 1
DICPCG:  Solving for p, Initial residual = 0.00022723724, Final residual = 2.1605704e-06, No Iterations 88
DICPCG:  Solving for p, Initial residual = 4.7759994e-05, Final residual = 4.7311443e-07, No Iterations 91
DICPCG:  Solving for p, Initial residual = 8.5319372e-06, Final residual = 8.3760669e-08, No Iterations 288
DICPCG:  Solving for p, Initial residual = 4.8021221e-06, Final residual = 4.6952957e-08, No Iterations 234
time step continuity errors : sum local = 6.1238079e-10, global = 8.5518888e-12, cumulative = 2.91068e-07
ExecutionTime = 178.75 s  ClockTime = 179 s

Time = 175

smoothSolver:  Solving for Ux, Initial residual = 1.7987132e-08, Final residual = 2.4874316e-09, No Iterations 1
smoothSolver:  Solving for Uy, Initial residual = 9.91879e-09, Final residual = 9.91879e-09, No Iterations 0
DICPCG:  Solving for p, Initial residual = 0.00021370892, Final residual = 2.1108651e-06, No Iterations 70
DICPCG:  Solving for p, Initial residual = 2.3962184e-05, Final residual = 2.2669335e-07, No Iterations 73
DICPCG:  Solving for p, Initial residual = 5.1821758e-06, Final residual = 5.0801636e-08, No Iterations 277
DICPCG:  Solving for p, Initial residual = 2.7316463e-06, Final residual = 2.6574288e-08, No Iterations 48
time step continuity errors : sum local = 3.2307361e-10, global = 8.5144783e-12, cumulative = 2.9107651e-07
ExecutionTime = 179.21 s  ClockTime = 179 s

Time = 176

smoothSolver:  Solving for Ux, Initial residual = 1.7721959e-08, Final residual = 2.4397998e-09, No Iterations 1
smoothSolver:  Solving for Uy, Initial residual = 1.0035348e-08, Final residual = 1.4113131e-09, No Iterations 1
DICPCG:  Solving for p, Initial residual = 0.00021428814, Final residual = 2.0585095e-06, No Iterations 78
DICPCG:  Solving for p, Initial residual = 3.3009956e-05, Final residual = 3.2008591e-07, No Iterations 84
DICPCG:  Solving for p, Initial residual = 6.752457e-06, Final residual = 6.3997322e-08, No Iterations 293
DICPCG:  Solving for p, Initial residual = 3.8936051e-06, Final residual = 3.7735504e-08, No Iterations 285
time step continuity errors : sum local = 5.8568716e-10, global = 8.5783413e-12, cumulative = 2.9108509e-07
ExecutionTime = 179.88 s  ClockTime = 180 s

Time = 177

smoothSolver:  Solving for Ux, Initial residual = 1.7768843e-08, Final residual = 2.4620871e-09, No Iterations 1
smoothSolver:  Solving for Uy, Initial residual = 9.740079e-09, Final residual = 9.740079e-09, No Iterations 0
DICPCG:  Solving for p, Initial residual = 0.00021021292, Final residual = 2.0706534e-06, No Iterations 78
DICPCG:  Solving for p, Initial residual = 3.6502399e-05, Final residual = 3.5613151e-07, No Iterations 67
DICPCG:  Solving for p, Initial residual = 6.7518131e-06, Final residual = 6.6810788e-08, No Iterations 298
DICPCG:  Solving for p, Initial residual = 3.6076396e-06, Final residual = 3.6039101e-08, No Iterations 267
time step continuity errors : sum local = 5.5936664e-10, global = 8.5386889e-12, cumulative = 2.9109363e-07
ExecutionTime = 180.78 s  ClockTime = 181 s

Time = 178

smoothSolver:  Solving for Ux, Initial residual = 1.733231e-08, Final residual = 2.3947631e-09, No Iterations 1
smoothSolver:  Solving for Uy, Initial residual = 9.9657793e-09, Final residual = 9.9657793e-09, No Iterations 0
DICPCG:  Solving for p, Initial residual = 0.00022317031, Final residual = 2.1381423e-06, No Iterations 89
DICPCG:  Solving for p, Initial residual = 7.2436194e-05, Final residual = 6.7640786e-07, No Iterations 49
DICPCG:  Solving for p, Initial residual = 1.100928e-05, Final residual = 1.0715239e-07, No Iterations 303
DICPCG:  Solving for p, Initial residual = 6.0790015e-06, Final residual = 5.9311041e-08, No Iterations 290
time step continuity errors : sum local = 7.2904603e-10, global = 8.5027952e-12, cumulative = 2.9110213e-07
ExecutionTime = 181.59 s  ClockTime = 182 s

Time = 179

smoothSolver:  Solving for Ux, Initial residual = 1.6844652e-08, Final residual = 2.2756335e-09, No Iterations 1
smoothSolver:  Solving for Uy, Initial residual = 1.0682998e-08, Final residual = 1.4850375e-09, No Iterations 1
DICPCG:  Solving for p, Initial residual = 0.00021144074, Final residual = 2.0864262e-06, No Iterations 68
DICPCG:  Solving for p, Initial residual = 2.481159e-05, Final residual = 2.3867284e-07, No Iterations 297
DICPCG:  Solving for p, Initial residual = 5.7232026e-06, Final residual = 5.4530296e-08, No Iterations 42
DICPCG:  Solving for p, Initial residual = 2.699514e-06, Final residual = 2.4503965e-08, No Iterations 251
time step continuity errors : sum local = 4.837779e-10, global = 8.5862324e-12, cumulative = 2.9111072e-07
ExecutionTime = 183.5 s  ClockTime = 184 s

Time = 180

smoothSolver:  Solving for Ux, Initial residual = 1.6706843e-08, Final residual = 2.2847699e-09, No Iterations 1
smoothSolver:  Solving for Uy, Initial residual = 1.0405771e-08, Final residual = 1.448744e-09, No Iterations 1
DICPCG:  Solving for p, Initial residual = 0.0002401832, Final residual = 2.3885779e-06, No Iterations 103
DICPCG:  Solving for p, Initial residual = 8.2011475e-05, Final residual = 8.0748036e-07, No Iterations 281
DICPCG:  Solving for p, Initial residual = 1.3128597e-05, Final residual = 1.2435529e-07, No Iterations 257
DICPCG:  Solving for p, Initial residual = 5.4867853e-06, Final residual = 5.0794949e-08, No Iterations 60
time step continuity errors : sum local = 5.233919e-10, global = 8.6660996e-12, cumulative = 2.9111939e-07
ExecutionTime = 185.05 s  ClockTime = 185 s

surfaceFieldValue flowRateTM write:
    sum(outlet_tm) of phi = 2.5079291e-11

surfaceFieldValue flowRateTM_left write:
    sum(outlet_tm_left) of phi = 2.4920711e-11

surfaceFieldValue pressureACinlet write:
    areaAverage(ac_inlet) of p = 3.8721465

Time = 181

smoothSolver:  Solving for Ux, Initial residual = 1.7329578e-08, Final residual = 2.3854045e-09, No Iterations 1
smoothSolver:  Solving for Uy, Initial residual = 9.6234393e-09, Final residual = 9.6234393e-09, No Iterations 0
DICPCG:  Solving for p, Initial residual = 0.0001983272, Final residual = 1.9331608e-06, No Iterations 49
DICPCG:  Solving for p, Initial residual = 1.6901477e-05, Final residual = 1.6586665e-07, No Iterations 293
DICPCG:  Solving for p, Initial residual = 5.1484264e-06, Final residual = 4.9367542e-08, No Iterations 44
DICPCG:  Solving for p, Initial residual = 2.4927363e-06, Final residual = 2.4812578e-08, No Iterations 307
time step continuity errors : sum local = 5.182243e-10, global = 8.6334245e-12, cumulative = 2.9112802e-07
ExecutionTime = 186.21 s  ClockTime = 186 s

Time = 182

smoothSolver:  Solving for Ux, Initial residual = 1.7334897e-08, Final residual = 2.3810532e-09, No Iterations 1
smoothSolver:  Solving for Uy, Initial residual = 9.5130933e-09, Final residual = 9.5130933e-09, No Iterations 0
DICPCG:  Solving for p, Initial residual = 0.00020795228, Final residual = 1.9898006e-06, No Iterations 85
DICPCG:  Solving for p, Initial residual = 5.1199091e-05, Final residual = 4.9243283e-07, No Iterations 91
DICPCG:  Solving for p, Initial residual = 8.5633019e-06, Final residual = 8.0780436e-08, No Iterations 294
DICPCG:  Solving for p, Initial residual = 4.5376743e-06, Final residual = 4.490884e-08, No Iterations 253
time step continuity errors : sum local = 6.1008762e-10, global = 8.5967756e-12, cumulative = 2.9113662e-07
ExecutionTime = 187.31 s  ClockTime = 187 s

Time = 183

smoothSolver:  Solving for Ux, Initial residual = 1.6551912e-08, Final residual = 2.291272e-09, No Iterations 1
smoothSolver:  Solving for Uy, Initial residual = 9.855686e-09, Final residual = 9.855686e-09, No Iterations 0
DICPCG:  Solving for p, Initial residual = 0.00021656174, Final residual = 2.0905673e-06, No Iterations 103
DICPCG:  Solving for p, Initial residual = 7.8082736e-05, Final residual = 7.3852912e-07, No Iterations 49
DICPCG:  Solving for p, Initial residual = 1.1173764e-05, Final residual = 1.0654689e-07, No Iterations 306
DICPCG:  Solving for p, Initial residual = 6.0941734e-06, Final residual = 6.0599737e-08, No Iterations 294
time step continuity errors : sum local = 7.4458263e-10, global = 8.5665668e-12, cumulative = 2.9114518e-07
ExecutionTime = 188.37 s  ClockTime = 189 s

Time = 184

smoothSolver:  Solving for Ux, Initial residual = 1.6037816e-08, Final residual = 2.1654022e-09, No Iterations 1
smoothSolver:  Solving for Uy, Initial residual = 1.0595848e-08, Final residual = 1.471855e-09, No Iterations 1
DICPCG:  Solving for p, Initial residual = 0.00019567886, Final residual = 1.9355645e-06, No Iterations 72
DICPCG:  Solving for p, Initial residual = 2.5204631e-05, Final residual = 2.4937722e-07, No Iterations 80
DICPCG:  Solving for p, Initial residual = 5.2440162e-06, Final residual = 5.2408467e-08, No Iterations 288
DICPCG:  Solving for p, Initial residual = 3.0378195e-06, Final residual = 3.0077802e-08, No Iterations 278
time step continuity errors : sum local = 5.3459388e-10, global = 8.6582217e-12, cumulative = 2.9115384e-07
ExecutionTime = 189.58 s  ClockTime = 190 s

Time = 185

smoothSolver:  Solving for Ux, Initial residual = 1.5943156e-08, Final residual = 2.178732e-09, No Iterations 1
smoothSolver:  Solving for Uy, Initial residual = 1.0265926e-08, Final residual = 1.4324094e-09, No Iterations 1
DICPCG:  Solving for p, Initial residual = 0.00023359102, Final residual = 2.3281423e-06, No Iterations 103
DICPCG:  Solving for p, Initial residual = 8.988089e-05, Final residual = 8.1385879e-07, No Iterations 283
DICPCG:  Solving for p, Initial residual = 1.3923126e-05, Final residual = 1.3279079e-07, No Iterations 38
DICPCG:  Solving for p, Initial residual = 5.8590629e-06, Final residual = 5.6150666e-08, No Iterations 255
time step continuity errors : sum local = 6.9316061e-10, global = 8.7429895e-12, cumulative = 2.9116258e-07
ExecutionTime = 190.51 s  ClockTime = 191 s

Time = 186

smoothSolver:  Solving for Ux, Initial residual = 1.6664646e-08, Final residual = 2.2916139e-09, No Iterations 1
smoothSolver:  Solving for Uy, Initial residual = 9.4763024e-09, Final residual = 9.4763024e-09, No Iterations 0
DICPCG:  Solving for p, Initial residual = 0.0001868703, Final residual = 1.8516629e-06, No Iterations 75
DICPCG:  Solving for p, Initial residual = 2.628207e-05, Final residual = 2.6278858e-07, No Iterations 83
DICPCG:  Solving for p, Initial residual = 5.5684944e-06, Final residual = 5.3667713e-08, No Iterations 291
DICPCG:  Solving for p, Initial residual = 3.2706973e-06, Final residual = 3.1270127e-08, No Iterations 283
time step continuity errors : sum local = 5.3955171e-10, global = 8.7176672e-12, cumulative = 2.911713e-07
ExecutionTime = 191.85 s  ClockTime = 192 s

Time = 187

smoothSolver:  Solving for Ux, Initial residual = 1.6873882e-08, Final residual = 2.3064918e-09, No Iterations 1
smoothSolver:  Solving for Uy, Initial residual = 9.2981696e-09, Final residual = 9.2981696e-09, No Iterations 0
DICPCG:  Solving for p, Initial residual = 0.00019525218, Final residual = 1.9518898e-06, No Iterations 82
DICPCG:  Solving for p, Initial residual = 4.0347761e-05, Final residual = 3.9704617e-07, No Iterations 100
DICPCG:  Solving for p, Initial residual = 6.7542608e-06, Final residual = 6.468594e-08, No Iterations 301
DICPCG:  Solving for p, Initial residual = 3.3525065e-06, Final residual = 3.3271227e-08, No Iterations 249
time step continuity errors : sum local = 5.3041577e-10, global = 8.6836698e-12, cumulative = 2.9117999e-07
ExecutionTime = 193.28 s  ClockTime = 193 s

Time = 188

smoothSolver:  Solving for Ux, Initial residual = 1.6100309e-08, Final residual = 2.2325609e-09, No Iterations 1
smoothSolver:  Solving for Uy, Initial residual = 9.4510126e-09, Final residual = 9.4510126e-09, No Iterations 0
DICPCG:  Solving for p, Initial residual = 0.00020645715, Final residual = 1.9653422e-06, No Iterations 103
DICPCG:  Solving for p, Initial residual = 7.2470277e-05, Final residual = 6.9556227e-07, No Iterations 284
DICPCG:  Solving for p, Initial residual = 1.1555429e-05, Final residual = 1.1445078e-07, No Iterations 40
DICPCG:  Solving for p, Initial residual = 5.030297e-06, Final residual = 4.9056648e-08, No Iterations 299
time step continuity errors : sum local = 6.5748938e-10, global = 8.6573551e-12, cumulative = 2.9118864e-07
ExecutionTime = 194.52 s  ClockTime = 195 s

Time = 189

smoothSolver:  Solving for Ux, Initial residual = 1.5575235e-08, Final residual = 2.1142573e-09, No Iterations 1
smoothSolver:  Solving for Uy, Initial residual = 1.0097553e-08, Final residual = 1.4131315e-09, No Iterations 1
DICPCG:  Solving for p, Initial residual = 0.00017871008, Final residual = 1.7524703e-06, No Iterations 70
DICPCG:  Solving for p, Initial residual = 2.1437428e-05, Final residual = 1.998279e-07, No Iterations 79
DICPCG:  Solving for p, Initial residual = 4.7004761e-06, Final residual = 4.6322271e-08, No Iterations 243
DICPCG:  Solving for p, Initial residual = 2.7452388e-06, Final residual = 2.7277732e-08, No Iterations 269
time step continuity errors : sum local = 5.0749977e-10, global = 8.7401853e-12, cumulative = 2.9119738e-07
ExecutionTime = 195.37 s  ClockTime = 196 s

Time = 190

smoothSolver:  Solving for Ux, Initial residual = 1.5492911e-08, Final residual = 2.12333e-09, No Iterations 1
smoothSolver:  Solving for Uy, Initial residual = 9.835123e-09, Final residual = 9.835123e-09, No Iterations 0
DICPCG:  Solving for p, Initial residual = 0.00017668842, Final residual = 1.7118529e-06, No Iterations 42
DICPCG:  Solving for p, Initial residual = 1.6830706e-05, Final residual = 1.6325776e-07, No Iterations 75
DICPCG:  Solving for p, Initial residual = 4.6087379e-06, Final residual = 4.595772e-08, No Iterations 65
DICPCG:  Solving for p, Initial residual = 2.3575079e-06, Final residual = 2.3200164e-08, No Iterations 295
time step continuity errors : sum local = 4.9790938e-10, global = 8.7218793e-12, cumulative = 2.912061e-07
ExecutionTime = 196.04 s  ClockTime = 196 s

surfaceFieldValue flowRateTM write:
    sum(outlet_tm) of phi = 2.5079291e-11

surfaceFieldValue flowRateTM_left write:
    sum(outlet_tm_left) of phi = 2.4920711e-11

surfaceFieldValue pressureACinlet write:
    areaAverage(ac_inlet) of p = 3.8721465

Time = 191

smoothSolver:  Solving for Ux, Initial residual = 1.5305652e-08, Final residual = 2.0931593e-09, No Iterations 1
smoothSolver:  Solving for Uy, Initial residual = 9.9109609e-09, Final residual = 9.9109609e-09, No Iterations 0
DICPCG:  Solving for p, Initial residual = 0.00018008847, Final residual = 1.6922196e-06, No Iterations 82
DICPCG:  Solving for p, Initial residual = 3.3958631e-05, Final residual = 3.3699243e-07, No Iterations 51
DICPCG:  Solving for p, Initial residual = 6.3917121e-06, Final residual = 6.0864877e-08, No Iterations 302
DICPCG:  Solving for p, Initial residual = 3.6058556e-06, Final residual = 3.3754023e-08, No Iterations 293
time step continuity errors : sum local = 5.5477522e-10, global = 8.7030842e-12, cumulative = 2.9121481e-07
ExecutionTime = 196.92 s  ClockTime = 197 s

Time = 192

smoothSolver:  Solving for Ux, Initial residual = 1.5007671e-08, Final residual = 2.0369079e-09, No Iterations 1
smoothSolver:  Solving for Uy, Initial residual = 1.0192e-08, Final residual = 1.4263932e-09, No Iterations 1
DICPCG:  Solving for p, Initial residual = 0.00019797824, Final residual = 1.8451929e-06, No Iterations 102
DICPCG:  Solving for p, Initial residual = 6.0836875e-05, Final residual = 5.7207915e-07, No Iterations 283
DICPCG:  Solving for p, Initial residual = 1.0563628e-05, Final residual = 1.0303589e-07, No Iterations 37
DICPCG:  Solving for p, Initial residual = 4.725477e-06, Final residual = 4.680912e-08, No Iterations 253
time step continuity errors : sum local = 6.2226178e-10, global = 8.7960724e-12, cumulative = 2.912236e-07
ExecutionTime = 197.59 s  ClockTime = 198 s

Time = 193

smoothSolver:  Solving for Ux, Initial residual = 1.5178855e-08, Final residual = 2.10602e-09, No Iterations 1
smoothSolver:  Solving for Uy, Initial residual = 9.5578746e-09, Final residual = 9.5578746e-09, No Iterations 0
DICPCG:  Solving for p, Initial residual = 0.00017010615, Final residual = 1.667791e-06, No Iterations 71
DICPCG:  Solving for p, Initial residual = 1.9789102e-05, Final residual = 1.9397888e-07, No Iterations 82
DICPCG:  Solving for p, Initial residual = 4.3866202e-06, Final residual = 4.2738348e-08, No Iterations 285
DICPCG:  Solving for p, Initial residual = 2.6145391e-06, Final residual = 2.5346737e-08, No Iterations 278
time step continuity errors : sum local = 5.0157849e-10, global = 8.7794594e-12, cumulative = 2.9123238e-07
ExecutionTime = 198.32 s  ClockTime = 199 s

Time = 194

smoothSolver:  Solving for Ux, Initial residual = 1.5309726e-08, Final residual = 2.1131503e-09, No Iterations 1
smoothSolver:  Solving for Uy, Initial residual = 9.4220705e-09, Final residual = 9.4220705e-09, No Iterations 0
DICPCG:  Solving for p, Initial residual = 0.0001687299, Final residual = 1.591222e-06, No Iterations 78
DICPCG:  Solving for p, Initial residual = 2.6459888e-05, Final residual = 2.5812038e-07, No Iterations 69
DICPCG:  Solving for p, Initial residual = 5.0804861e-06, Final residual = 4.7269884e-08, No Iterations 297
DICPCG:  Solving for p, Initial residual = 2.8000996e-06, Final residual = 2.7531043e-08, No Iterations 47
time step continuity errors : sum local = 3.3018173e-10, global = 8.7608543e-12, cumulative = 2.9124114e-07
ExecutionTime = 198.79 s  ClockTime = 199 s

Time = 195

smoothSolver:  Solving for Ux, Initial residual = 1.4829587e-08, Final residual = 2.0642269e-09, No Iterations 1
smoothSolver:  Solving for Uy, Initial residual = 9.5474062e-09, Final residual = 9.5474062e-09, No Iterations 0
DICPCG:  Solving for p, Initial residual = 0.00017265237, Final residual = 1.6302776e-06, No Iterations 87
DICPCG:  Solving for p, Initial residual = 4.7465424e-05, Final residual = 4.6483145e-07, No Iterations 90
DICPCG:  Solving for p, Initial residual = 7.8886209e-06, Final residual = 7.7634521e-08, No Iterations 297
DICPCG:  Solving for p, Initial residual = 4.2601947e-06, Final residual = 4.2473767e-08, No Iterations 286
time step continuity errors : sum local = 6.0875976e-10, global = 8.7398742e-12, cumulative = 2.9124988e-07
ExecutionTime = 199.53 s  ClockTime = 200 s

Time = 196

smoothSolver:  Solving for Ux, Initial residual = 1.4497891e-08, Final residual = 1.9860475e-09, No Iterations 1
smoothSolver:  Solving for Uy, Initial residual = 9.9696569e-09, Final residual = 9.9696569e-09, No Iterations 0
DICPCG:  Solving for p, Initial residual = 0.00016979999, Final residual = 1.6918408e-06, No Iterations 87
DICPCG:  Solving for p, Initial residual = 4.9971492e-05, Final residual = 4.7727281e-07, No Iterations 49
DICPCG:  Solving for p, Initial residual = 8.3978712e-06, Final residual = 8.3566941e-08, No Iterations 302
DICPCG:  Solving for p, Initial residual = 4.7139436e-06, Final residual = 4.6826068e-08, No Iterations 277
time step continuity errors : sum local = 6.3645612e-10, global = 8.7298977e-12, cumulative = 2.9125861e-07
ExecutionTime = 200.23 s  ClockTime = 200 s

Time = 197

smoothSolver:  Solving for Ux, Initial residual = 1.4184017e-08, Final residual = 1.9072923e-09, No Iterations 1
smoothSolver:  Solving for Uy, Initial residual = 1.044929e-08, Final residual = 1.4505824e-09, No Iterations 1
DICPCG:  Solving for p, Initial residual = 0.00019323482, Final residual = 1.8350937e-06, No Iterations 103
DICPCG:  Solving for p, Initial residual = 6.4159346e-05, Final residual = 5.99294e-07, No Iterations 283
DICPCG:  Solving for p, Initial residual = 1.0622268e-05, Final residual = 1.0211632e-07, No Iterations 38
DICPCG:  Solving for p, Initial residual = 4.6691347e-06, Final residual = 4.4433954e-08, No Iterations 252
time step continuity errors : sum local = 6.0348254e-10, global = 8.8370089e-12, cumulative = 2.9126745e-07
ExecutionTime = 200.93 s  ClockTime = 201 s

Time = 198

smoothSolver:  Solving for Ux, Initial residual = 1.4300399e-08, Final residual = 1.9800879e-09, No Iterations 1
smoothSolver:  Solving for Uy, Initial residual = 9.7084742e-09, Final residual = 9.7084742e-09, No Iterations 0
DICPCG:  Solving for p, Initial residual = 0.00016806492, Final residual = 1.6411015e-06, No Iterations 89
DICPCG:  Solving for p, Initial residual = 3.5704232e-05, Final residual = 3.4375767e-07, No Iterations 263
DICPCG:  Solving for p, Initial residual = 6.7127989e-06, Final residual = 6.3716391e-08, No Iterations 264
DICPCG:  Solving for p, Initial residual = 3.1104889e-06, Final residual = 3.0724187e-08, No Iterations 34
time step continuity errors : sum local = 3.3834393e-10, global = 8.8301149e-12, cumulative = 2.9127628e-07
ExecutionTime = 201.63 s  ClockTime = 202 s

Time = 199

smoothSolver:  Solving for Ux, Initial residual = 1.4564688e-08, Final residual = 2.012311e-09, No Iterations 1
smoothSolver:  Solving for Uy, Initial residual = 9.4204483e-09, Final residual = 9.4204483e-09, No Iterations 0
DICPCG:  Solving for p, Initial residual = 0.00015369216, Final residual = 1.5368533e-06, No Iterations 27
DICPCG:  Solving for p, Initial residual = 8.6153395e-06, Final residual = 8.4223533e-08, No Iterations 89
DICPCG:  Solving for p, Initial residual = 3.1610272e-06, Final residual = 2.8616268e-08, No Iterations 257
DICPCG:  Solving for p, Initial residual = 1.8512666e-06, Final residual = 1.8443688e-08, No Iterations 28
time step continuity errors : sum local = 2.4455885e-10, global = 8.8178756e-12, cumulative = 2.912851e-07
ExecutionTime = 202.07 s  ClockTime = 202 s

Time = 200

smoothSolver:  Solving for Ux, Initial residual = 1.4426105e-08, Final residual = 1.9963442e-09, No Iterations 1
smoothSolver:  Solving for Uy, Initial residual = 9.3870472e-09, Final residual = 9.3870472e-09, No Iterations 0
DICPCG:  Solving for p, Initial residual = 0.00015781187, Final residual = 1.3924045e-06, No Iterations 82
DICPCG:  Solving for p, Initial residual = 2.9509476e-05, Final residual = 2.9283667e-07, No Iterations 94
DICPCG:  Solving for p, Initial residual = 5.4043839e-06, Final residual = 5.0305602e-08, No Iterations 298
DICPCG:  Solving for p, Initial residual = 2.8768221e-06, Final residual = 2.783087e-08, No Iterations 295
time step continuity errors : sum local = 5.3016135e-10, global = 8.8044468e-12, cumulative = 2.912939e-07
ExecutionTime = 203.29 s  ClockTime = 204 s

surfaceFieldValue flowRateTM write:
    sum(outlet_tm) of phi = 2.5079291e-11

surfaceFieldValue flowRateTM_left write:
    sum(outlet_tm_left) of phi = 2.4920711e-11

surfaceFieldValue pressureACinlet write:
    areaAverage(ac_inlet) of p = 3.8721465

Time = 201

smoothSolver:  Solving for Ux, Initial residual = 1.4020655e-08, Final residual = 1.9443164e-09, No Iterations 1
smoothSolver:  Solving for Uy, Initial residual = 9.5646612e-09, Final residual = 9.5646612e-09, No Iterations 0
DICPCG:  Solving for p, Initial residual = 0.00015689901, Final residual = 1.5506444e-06, No Iterations 86
DICPCG:  Solving for p, Initial residual = 4.0121688e-05, Final residual = 4.0076719e-07, No Iterations 92
DICPCG:  Solving for p, Initial residual = 6.9734812e-06, Final residual = 6.9327799e-08, No Iterations 296
DICPCG:  Solving for p, Initial residual = 3.7753025e-06, Final residual = 3.7089037e-08, No Iterations 277
time step continuity errors : sum local = 5.7164603e-10, global = 8.7956216e-12, cumulative = 2.913027e-07
ExecutionTime = 204.12 s  ClockTime = 204 s

Time = 202

smoothSolver:  Solving for Ux, Initial residual = 1.3766465e-08, Final residual = 1.8786591e-09, No Iterations 1
smoothSolver:  Solving for Uy, Initial residual = 9.9173416e-09, Final residual = 9.9173416e-09, No Iterations 0
DICPCG:  Solving for p, Initial residual = 0.00015251596, Final residual = 1.5074523e-06, No Iterations 85
DICPCG:  Solving for p, Initial residual = 3.68593e-05, Final residual = 3.6713641e-07, No Iterations 53
DICPCG:  Solving for p, Initial residual = 6.6233963e-06, Final residual = 6.4001232e-08, No Iterations 302
DICPCG:  Solving for p, Initial residual = 3.7624134e-06, Final residual = 3.69926e-08, No Iterations 273
time step continuity errors : sum local = 5.5862522e-10, global = 8.7929705e-12, cumulative = 2.9131149e-07
ExecutionTime = 204.95 s  ClockTime = 205 s

Time = 203

smoothSolver:  Solving for Ux, Initial residual = 1.351403e-08, Final residual = 1.8196174e-09, No Iterations 1
smoothSolver:  Solving for Uy, Initial residual = 1.024643e-08, Final residual = 1.4282465e-09, No Iterations 1
DICPCG:  Solving for p, Initial residual = 0.0001883527, Final residual = 1.7770582e-06, No Iterations 105
DICPCG:  Solving for p, Initial residual = 7.5808732e-05, Final residual = 7.5761059e-07, No Iterations 277
DICPCG:  Solving for p, Initial residual = 1.2076857e-05, Final residual = 1.2048221e-07, No Iterations 267
DICPCG:  Solving for p, Initial residual = 5.1237221e-06, Final residual = 5.0847858e-08, No Iterations 61
time step continuity errors : sum local = 5.1898395e-10, global = 8.903265e-12, cumulative = 2.9132039e-07
ExecutionTime = 205.74 s  ClockTime = 206 s

Time = 204

smoothSolver:  Solving for Ux, Initial residual = 1.3763862e-08, Final residual = 1.9113717e-09, No Iterations 1
smoothSolver:  Solving for Uy, Initial residual = 9.4438455e-09, Final residual = 9.4438455e-09, No Iterations 0
DICPCG:  Solving for p, Initial residual = 0.00015787081, Final residual = 1.5139088e-06, No Iterations 100
DICPCG:  Solving for p, Initial residual = 4.5159168e-05, Final residual = 4.1107343e-07, No Iterations 284
DICPCG:  Solving for p, Initial residual = 8.3039831e-06, Final residual = 8.2035206e-08, No Iterations 253
DICPCG:  Solving for p, Initial residual = 3.8603095e-06, Final residual = 3.8218301e-08, No Iterations 74
time step continuity errors : sum local = 4.3741399e-10, global = 8.8994508e-12, cumulative = 2.9132929e-07
ExecutionTime = 206.44 s  ClockTime = 207 s

Time = 205

smoothSolver:  Solving for Ux, Initial residual = 1.4335667e-08, Final residual = 1.9595178e-09, No Iterations 1
smoothSolver:  Solving for Uy, Initial residual = 9.1622305e-09, Final residual = 9.1622305e-09, No Iterations 0
DICPCG:  Solving for p, Initial residual = 0.00014963294, Final residual = 1.4640176e-06, No Iterations 35
DICPCG:  Solving for p, Initial residual = 1.1814719e-05, Final residual = 1.1075654e-07, No Iterations 307
DICPCG:  Solving for p, Initial residual = 4.0917362e-06, Final residual = 3.8460833e-08, No Iterations 37
DICPCG:  Solving for p, Initial residual = 2.0276511e-06, Final residual = 1.8424846e-08, No Iterations 35
time step continuity errors : sum local = 2.5151872e-10, global = 8.8880723e-12, cumulative = 2.9133818e-07
ExecutionTime = 206.88 s  ClockTime = 207 s

Time = 206

smoothSolver:  Solving for Ux, Initial residual = 1.4259522e-08, Final residual = 1.9508774e-09, No Iterations 1
smoothSolver:  Solving for Uy, Initial residual = 9.0689722e-09, Final residual = 9.0689722e-09, No Iterations 0
DICPCG:  Solving for p, Initial residual = 0.00016005608, Final residual = 1.5148475e-06, No Iterations 82
DICPCG:  Solving for p, Initial residual = 3.0468742e-05, Final residual = 2.9534874e-07, No Iterations 107
DICPCG:  Solving for p, Initial residual = 5.5592688e-06, Final residual = 5.4398979e-08, No Iterations 284
DICPCG:  Solving for p, Initial residual = 2.841927e-06, Final residual = 2.8198373e-08, No Iterations 293
time step continuity errors : sum local = 5.2642018e-10, global = 8.877729e-12, cumulative = 2.9134706e-07
ExecutionTime = 207.57 s  ClockTime = 208 s

Time = 207

smoothSolver:  Solving for Ux, Initial residual = 1.3684553e-08, Final residual = 1.8985229e-09, No Iterations 1
smoothSolver:  Solving for Uy, Initial residual = 9.1606394e-09, Final residual = 9.1606394e-09, No Iterations 0
DICPCG:  Solving for p, Initial residual = 0.00015769789, Final residual = 1.5651603e-06, No Iterations 89
DICPCG:  Solving for p, Initial residual = 4.3629859e-05, Final residual = 4.1807982e-07, No Iterations 99
DICPCG:  Solving for p, Initial residual = 7.1673287e-06, Final residual = 6.716511e-08, No Iterations 301
DICPCG:  Solving for p, Initial residual = 3.6803513e-06, Final residual = 3.6731628e-08, No Iterations 297
time step continuity errors : sum local = 5.760172e-10, global = 8.8697685e-12, cumulative = 2.9135593e-07
ExecutionTime = 208.39 s  ClockTime = 209 s

Time = 208

smoothSolver:  Solving for Ux, Initial residual = 1.3285461e-08, Final residual = 1.8286617e-09, No Iterations 1
smoothSolver:  Solving for Uy, Initial residual = 9.4950893e-09, Final residual = 9.4950893e-09, No Iterations 0
DICPCG:  Solving for p, Initial residual = 0.00014727575, Final residual = 1.3976817e-06, No Iterations 88
DICPCG:  Solving for p, Initial residual = 4.1193996e-05, Final residual = 4.0722584e-07, No Iterations 84
DICPCG:  Solving for p, Initial residual = 6.8945363e-06, Final residual = 6.6185751e-08, No Iterations 301
DICPCG:  Solving for p, Initial residual = 3.7649632e-06, Final residual = 3.742936e-08, No Iterations 286
time step continuity errors : sum local = 5.8185967e-10, global = 8.8681617e-12, cumulative = 2.913648e-07
ExecutionTime = 209.15 s  ClockTime = 209 s

Time = 209

smoothSolver:  Solving for Ux, Initial residual = 1.305321e-08, Final residual = 1.7640404e-09, No Iterations 1
smoothSolver:  Solving for Uy, Initial residual = 9.8814325e-09, Final residual = 9.8814325e-09, No Iterations 0
DICPCG:  Solving for p, Initial residual = 0.00015022563, Final residual = 1.4497234e-06, No Iterations 83
DICPCG:  Solving for p, Initial residual = 3.0090632e-05, Final residual = 2.9822473e-07, No Iterations 52
DICPCG:  Solving for p, Initial residual = 5.6260375e-06, Final residual = 5.3797759e-08, No Iterations 303
DICPCG:  Solving for p, Initial residual = 3.1881374e-06, Final residual = 2.9450482e-08, No Iterations 286
time step continuity errors : sum local = 5.3276934e-10, global = 8.8725112e-12, cumulative = 2.9137367e-07
ExecutionTime = 209.89 s  ClockTime = 210 s

Time = 210

smoothSolver:  Solving for Ux, Initial residual = 1.2847208e-08, Final residual = 1.7185379e-09, No Iterations 1
smoothSolver:  Solving for Uy, Initial residual = 1.0121092e-08, Final residual = 1.408192e-09, No Iterations 1
DICPCG:  Solving for p, Initial residual = 0.00019910251, Final residual = 1.8877753e-06, No Iterations 107
DICPCG:  Solving for p, Initial residual = 8.7112772e-05, Final residual = 8.4062329e-07, No Iterations 274
DICPCG:  Solving for p, Initial residual = 1.3141861e-05, Final residual = 1.279284e-07, No Iterations 262
DICPCG:  Solving for p, Initial residual = 5.3815067e-06, Final residual = 5.0065126e-08, No Iterations 335
time step continuity errors : sum local = 6.8904865e-10, global = 8.9883972e-12, cumulative = 2.9138266e-07
ExecutionTime = 210.83 s  ClockTime = 211 s

surfaceFieldValue flowRateTM write:
    sum(outlet_tm) of phi = 2.5079291e-11

surfaceFieldValue flowRateTM_left write:
    sum(outlet_tm_left) of phi = 2.4920711e-11

surfaceFieldValue pressureACinlet write:
    areaAverage(ac_inlet) of p = 3.8721465

Time = 211

smoothSolver:  Solving for Ux, Initial residual = 1.3246595e-08, Final residual = 1.8275944e-09, No Iterations 1
smoothSolver:  Solving for Uy, Initial residual = 9.2124405e-09, Final residual = 9.2124405e-09, No Iterations 0
DICPCG:  Solving for p, Initial residual = 0.00015727469, Final residual = 1.4487051e-06, No Iterations 104
DICPCG:  Solving for p, Initial residual = 5.552451e-05, Final residual = 5.3684636e-07, No Iterations 282
DICPCG:  Solving for p, Initial residual = 9.4136507e-06, Final residual = 8.9514861e-08, No Iterations 268
DICPCG:  Solving for p, Initial residual = 4.2271782e-06, Final residual = 4.213828e-08, No Iterations 142
time step continuity errors : sum local = 5.1962387e-10, global = 8.9830219e-12, cumulative = 2.9139164e-07
ExecutionTime = 211.6 s  ClockTime = 212 s

Time = 212

smoothSolver:  Solving for Ux, Initial residual = 1.4015857e-08, Final residual = 1.8943568e-09, No Iterations 1
smoothSolver:  Solving for Uy, Initial residual = 8.8829976e-09, Final residual = 8.8829976e-09, No Iterations 0
DICPCG:  Solving for p, Initial residual = 0.00014682934, Final residual = 1.4602184e-06, No Iterations 73
DICPCG:  Solving for p, Initial residual = 1.854201e-05, Final residual = 1.7024915e-07, No Iterations 80
DICPCG:  Solving for p, Initial residual = 4.5583242e-06, Final residual = 4.2905412e-08, No Iterations 286
DICPCG:  Solving for p, Initial residual = 2.7507137e-06, Final residual = 2.7437873e-08, No Iterations 269
time step continuity errors : sum local = 5.051703e-10, global = 8.9729943e-12, cumulative = 2.9140062e-07
ExecutionTime = 212.35 s  ClockTime = 213 s

Time = 213

smoothSolver:  Solving for Ux, Initial residual = 1.4026875e-08, Final residual = 1.8958657e-09, No Iterations 1
smoothSolver:  Solving for Uy, Initial residual = 8.7514565e-09, Final residual = 8.7514565e-09, No Iterations 0
DICPCG:  Solving for p, Initial residual = 0.00016459237, Final residual = 1.5316017e-06, No Iterations 82
DICPCG:  Solving for p, Initial residual = 3.0140056e-05, Final residual = 2.9325667e-07, No Iterations 118
DICPCG:  Solving for p, Initial residual = 5.5202654e-06, Final residual = 5.3615417e-08, No Iterations 298
DICPCG:  Solving for p, Initial residual = 2.772413e-06, Final residual = 2.6801418e-08, No Iterations 289
time step continuity errors : sum local = 5.1544694e-10, global = 8.9593566e-12, cumulative = 2.9140957e-07
ExecutionTime = 213.13 s  ClockTime = 213 s

Time = 214

smoothSolver:  Solving for Ux, Initial residual = 1.3431533e-08, Final residual = 1.8451736e-09, No Iterations 1
smoothSolver:  Solving for Uy, Initial residual = 8.8009242e-09, Final residual = 8.8009242e-09, No Iterations 0
DICPCG:  Solving for p, Initial residual = 0.00016351655, Final residual = 1.6140797e-06, No Iterations 100
DICPCG:  Solving for p, Initial residual = 4.5913815e-05, Final residual = 4.5146948e-07, No Iterations 104
DICPCG:  Solving for p, Initial residual = 7.1285003e-06, Final residual = 7.0167993e-08, No Iterations 280
DICPCG:  Solving for p, Initial residual = 3.6533391e-06, Final residual = 3.6199785e-08, No Iterations 290
time step continuity errors : sum local = 5.7154367e-10, global = 8.9515045e-12, cumulative = 2.9141853e-07
ExecutionTime = 213.85 s  ClockTime = 214 s

Time = 215

smoothSolver:  Solving for Ux, Initial residual = 1.2779105e-08, Final residual = 1.7723156e-09, No Iterations 1
smoothSolver:  Solving for Uy, Initial residual = 9.0601987e-09, Final residual = 9.0601987e-09, No Iterations 0
DICPCG:  Solving for p, Initial residual = 0.00014594645, Final residual = 1.4501736e-06, No Iterations 102
DICPCG:  Solving for p, Initial residual = 4.484191e-05, Final residual = 4.2540383e-07, No Iterations 100
DICPCG:  Solving for p, Initial residual = 7.2465388e-06, Final residual = 6.9872178e-08, No Iterations 297
DICPCG:  Solving for p, Initial residual = 3.8178344e-06, Final residual = 3.7444678e-08, No Iterations 278
time step continuity errors : sum local = 5.759915e-10, global = 8.95048e-12, cumulative = 2.9142748e-07
ExecutionTime = 214.56 s  ClockTime = 215 s

Time = 216

smoothSolver:  Solving for Ux, Initial residual = 1.2544643e-08, Final residual = 1.7038514e-09, No Iterations 1
smoothSolver:  Solving for Uy, Initial residual = 9.4851322e-09, Final residual = 9.4851322e-09, No Iterations 0
DICPCG:  Solving for p, Initial residual = 0.00014408895, Final residual = 1.3775826e-06, No Iterations 85
DICPCG:  Solving for p, Initial residual = 3.3569108e-05, Final residual = 3.3349515e-07, No Iterations 48
DICPCG:  Solving for p, Initial residual = 6.0126161e-06, Final residual = 5.9873851e-08, No Iterations 298
DICPCG:  Solving for p, Initial residual = 3.2802775e-06, Final residual = 3.1124338e-08, No Iterations 296
time step continuity errors : sum local = 5.447236e-10, global = 8.9562377e-12, cumulative = 2.9143643e-07
ExecutionTime = 215.24 s  ClockTime = 216 s

Time = 217

smoothSolver:  Solving for Ux, Initial residual = 1.2374478e-08, Final residual = 1.6543644e-09, No Iterations 1
smoothSolver:  Solving for Uy, Initial residual = 9.7648851e-09, Final residual = 9.7648851e-09, No Iterations 0
DICPCG:  Solving for p, Initial residual = 0.00015569645, Final residual = 1.4713903e-06, No Iterations 78
DICPCG:  Solving for p, Initial residual = 2.4548665e-05, Final residual = 2.2951837e-07, No Iterations 102
DICPCG:  Solving for p, Initial residual = 5.0482278e-06, Final residual = 5.0303082e-08, No Iterations 102
DICPCG:  Solving for p, Initial residual = 2.6347685e-06, Final residual = 2.5979184e-08, No Iterations 133
time step continuity errors : sum local = 4.0103347e-10, global = 8.9685159e-12, cumulative = 2.914454e-07
ExecutionTime = 215.65 s  ClockTime = 216 s

Time = 218

smoothSolver:  Solving for Ux, Initial residual = 1.2172359e-08, Final residual = 1.6291312e-09, No Iterations 1
smoothSolver:  Solving for Uy, Initial residual = 9.8534254e-09, Final residual = 9.8534254e-09, No Iterations 0
DICPCG:  Solving for p, Initial residual = 0.00015988791, Final residual = 1.5361709e-06, No Iterations 51
DICPCG:  Solving for p, Initial residual = 2.2504072e-05, Final residual = 2.1967855e-07, No Iterations 138
DICPCG:  Solving for p, Initial residual = 4.978574e-06, Final residual = 4.6027675e-08, No Iterations 255
DICPCG:  Solving for p, Initial residual = 2.5395574e-06, Final residual = 2.5018716e-08, No Iterations 289
time step continuity errors : sum local = 5.0521527e-10, global = 8.9746399e-12, cumulative = 2.9145438e-07
ExecutionTime = 216.38 s  ClockTime = 217 s

Time = 219

smoothSolver:  Solving for Ux, Initial residual = 1.2030642e-08, Final residual = 1.6261101e-09, No Iterations 1
smoothSolver:  Solving for Uy, Initial residual = 9.7699635e-09, Final residual = 9.7699635e-09, No Iterations 0
DICPCG:  Solving for p, Initial residual = 0.00015254463, Final residual = 1.4905227e-06, No Iterations 81
DICPCG:  Solving for p, Initial residual = 2.3622642e-05, Final residual = 2.3573609e-07, No Iterations 126
DICPCG:  Solving for p, Initial residual = 5.1354107e-06, Final residual = 4.8832078e-08, No Iterations 302
DICPCG:  Solving for p, Initial residual = 2.7670455e-06, Final residual = 2.6591162e-08, No Iterations 229
time step continuity errors : sum local = 4.8308207e-10, global = 8.9815968e-12, cumulative = 2.9146336e-07
ExecutionTime = 217.07 s  ClockTime = 217 s

Time = 220

smoothSolver:  Solving for Ux, Initial residual = 1.1929769e-08, Final residual = 1.636651e-09, No Iterations 1
smoothSolver:  Solving for Uy, Initial residual = 9.5986044e-09, Final residual = 9.5986044e-09, No Iterations 0
DICPCG:  Solving for p, Initial residual = 0.00014290279, Final residual = 1.378028e-06, No Iterations 84
DICPCG:  Solving for p, Initial residual = 2.2613904e-05, Final residual = 2.2059305e-07, No Iterations 166
DICPCG:  Solving for p, Initial residual = 4.7222026e-06, Final residual = 4.6121032e-08, No Iterations 285
DICPCG:  Solving for p, Initial residual = 2.6616963e-06, Final residual = 2.5891396e-08, No Iterations 262
time step continuity errors : sum local = 5.0226406e-10, global = 8.9872511e-12, cumulative = 2.9147234e-07
ExecutionTime = 217.84 s  ClockTime = 218 s

surfaceFieldValue flowRateTM write:
    sum(outlet_tm) of phi = 2.5079291e-11

surfaceFieldValue flowRateTM_left write:
    sum(outlet_tm_left) of phi = 2.4920711e-11

surfaceFieldValue pressureACinlet write:
    areaAverage(ac_inlet) of p = 3.8721465

Time = 221

smoothSolver:  Solving for Ux, Initial residual = 1.1917384e-08, Final residual = 1.6500266e-09, No Iterations 1
smoothSolver:  Solving for Uy, Initial residual = 9.3819011e-09, Final residual = 9.3819011e-09, No Iterations 0
DICPCG:  Solving for p, Initial residual = 0.00013819362, Final residual = 1.3626852e-06, No Iterations 79
DICPCG:  Solving for p, Initial residual = 2.0945524e-05, Final residual = 2.0509035e-07, No Iterations 80
DICPCG:  Solving for p, Initial residual = 4.6533207e-06, Final residual = 4.608378e-08, No Iterations 270
DICPCG:  Solving for p, Initial residual = 2.7012438e-06, Final residual = 2.5548033e-08, No Iterations 286
time step continuity errors : sum local = 5.1607594e-10, global = 8.9928074e-12, cumulative = 2.9148134e-07
ExecutionTime = 218.49 s  ClockTime = 219 s

Time = 222

smoothSolver:  Solving for Ux, Initial residual = 1.1944697e-08, Final residual = 1.657938e-09, No Iterations 1
smoothSolver:  Solving for Uy, Initial residual = 9.2128097e-09, Final residual = 9.2128097e-09, No Iterations 0
DICPCG:  Solving for p, Initial residual = 0.00013632071, Final residual = 1.3503534e-06, No Iterations 70
DICPCG:  Solving for p, Initial residual = 1.9167619e-05, Final residual = 1.8371936e-07, No Iterations 76
DICPCG:  Solving for p, Initial residual = 4.4629791e-06, Final residual = 4.2109042e-08, No Iterations 273
DICPCG:  Solving for p, Initial residual = 2.5774748e-06, Final residual = 2.5318339e-08, No Iterations 93
time step continuity errors : sum local = 3.6261089e-10, global = 8.9987855e-12, cumulative = 2.9149034e-07
ExecutionTime = 218.99 s  ClockTime = 219 s

Time = 223

smoothSolver:  Solving for Ux, Initial residual = 1.1976459e-08, Final residual = 1.6579564e-09, No Iterations 1
smoothSolver:  Solving for Uy, Initial residual = 9.107787e-09, Final residual = 9.107787e-09, No Iterations 0
DICPCG:  Solving for p, Initial residual = 0.00013336294, Final residual = 1.2649867e-06, No Iterations 50
DICPCG:  Solving for p, Initial residual = 1.7097699e-05, Final residual = 1.6313102e-07, No Iterations 100
DICPCG:  Solving for p, Initial residual = 4.3514998e-06, Final residual = 4.333407e-08, No Iterations 274
DICPCG:  Solving for p, Initial residual = 2.4528924e-06, Final residual = 2.3561783e-08, No Iterations 47
time step continuity errors : sum local = 3.0063771e-10, global = 9.0087036e-12, cumulative = 2.9149934e-07
ExecutionTime = 219.46 s  ClockTime = 220 s

Time = 224

smoothSolver:  Solving for Ux, Initial residual = 1.1939634e-08, Final residual = 1.6516123e-09, No Iterations 1
smoothSolver:  Solving for Uy, Initial residual = 9.0328871e-09, Final residual = 9.0328871e-09, No Iterations 0
DICPCG:  Solving for p, Initial residual = 0.00012953216, Final residual = 1.209565e-06, No Iterations 49
DICPCG:  Solving for p, Initial residual = 1.4876418e-05, Final residual = 1.4442841e-07, No Iterations 80
DICPCG:  Solving for p, Initial residual = 4.0711313e-06, Final residual = 4.0090879e-08, No Iterations 258
DICPCG:  Solving for p, Initial residual = 2.3533304e-06, Final residual = 2.2730164e-08, No Iterations 47
time step continuity errors : sum local = 2.9972363e-10, global = 9.0198969e-12, cumulative = 2.9150836e-07
ExecutionTime = 219.89 s  ClockTime = 220 s

Time = 225

smoothSolver:  Solving for Ux, Initial residual = 1.1854162e-08, Final residual = 1.6411398e-09, No Iterations 1
smoothSolver:  Solving for Uy, Initial residual = 8.9899781e-09, Final residual = 8.9899781e-09, No Iterations 0
DICPCG:  Solving for p, Initial residual = 0.00012629487, Final residual = 1.1894201e-06, No Iterations 49
DICPCG:  Solving for p, Initial residual = 1.3463727e-05, Final residual = 1.3228939e-07, No Iterations 80
DICPCG:  Solving for p, Initial residual = 3.9636717e-06, Final residual = 3.8316933e-08, No Iterations 286
DICPCG:  Solving for p, Initial residual = 2.2799726e-06, Final residual = 2.2678735e-08, No Iterations 51
time step continuity errors : sum local = 3.0097256e-10, global = 9.0312894e-12, cumulative = 2.915174e-07
ExecutionTime = 220.36 s  ClockTime = 221 s

Time = 226

smoothSolver:  Solving for Ux, Initial residual = 1.1731604e-08, Final residual = 1.6286976e-09, No Iterations 1
smoothSolver:  Solving for Uy, Initial residual = 8.9704158e-09, Final residual = 8.9704158e-09, No Iterations 0
DICPCG:  Solving for p, Initial residual = 0.00012372169, Final residual = 1.221071e-06, No Iterations 38
DICPCG:  Solving for p, Initial residual = 1.2392324e-05, Final residual = 1.2285479e-07, No Iterations 85
DICPCG:  Solving for p, Initial residual = 3.8171927e-06, Final residual = 3.808116e-08, No Iterations 288
DICPCG:  Solving for p, Initial residual = 2.1816185e-06, Final residual = 2.1581015e-08, No Iterations 48
time step continuity errors : sum local = 2.9247488e-10, global = 9.0419563e-12, cumulative = 2.9152644e-07
ExecutionTime = 220.82 s  ClockTime = 221 s

Time = 227

smoothSolver:  Solving for Ux, Initial residual = 1.1617598e-08, Final residual = 1.6157724e-09, No Iterations 1
smoothSolver:  Solving for Uy, Initial residual = 8.9592679e-09, Final residual = 8.9592679e-09, No Iterations 0
DICPCG:  Solving for p, Initial residual = 0.00012110125, Final residual = 1.1040078e-06, No Iterations 33
DICPCG:  Solving for p, Initial residual = 1.1318773e-05, Final residual = 1.1301004e-07, No Iterations 92
DICPCG:  Solving for p, Initial residual = 3.39802e-06, Final residual = 3.0794625e-08, No Iterations 259
DICPCG:  Solving for p, Initial residual = 2.0076583e-06, Final residual = 1.8780237e-08, No Iterations 76
time step continuity errors : sum local = 3.0594431e-10, global = 9.0513829e-12, cumulative = 2.9153549e-07
ExecutionTime = 221.26 s  ClockTime = 222 s

Time = 228

smoothSolver:  Solving for Ux, Initial residual = 1.1533057e-08, Final residual = 1.6034926e-09, No Iterations 1
smoothSolver:  Solving for Uy, Initial residual = 8.947488e-09, Final residual = 8.947488e-09, No Iterations 0
DICPCG:  Solving for p, Initial residual = 0.00011790952, Final residual = 1.0300008e-06, No Iterations 31
DICPCG:  Solving for p, Initial residual = 1.0175162e-05, Final residual = 9.7696884e-08, No Iterations 125
DICPCG:  Solving for p, Initial residual = 3.0384302e-06, Final residual = 2.9395757e-08, No Iterations 291
DICPCG:  Solving for p, Initial residual = 1.8120091e-06, Final residual = 1.7372566e-08, No Iterations 48
time step continuity errors : sum local = 2.6353113e-10, global = 9.0600443e-12, cumulative = 2.9154455e-07
ExecutionTime = 221.85 s  ClockTime = 222 s

Time = 229

smoothSolver:  Solving for Ux, Initial residual = 1.1460867e-08, Final residual = 1.5924783e-09, No Iterations 1
smoothSolver:  Solving for Uy, Initial residual = 8.9298037e-09, Final residual = 8.9298037e-09, No Iterations 0
DICPCG:  Solving for p, Initial residual = 0.0001151186, Final residual = 1.0376659e-06, No Iterations 29
DICPCG:  Solving for p, Initial residual = 9.201016e-06, Final residual = 8.8596614e-08, No Iterations 158
DICPCG:  Solving for p, Initial residual = 2.8123806e-06, Final residual = 2.8089811e-08, No Iterations 257
DICPCG:  Solving for p, Initial residual = 1.6167396e-06, Final residual = 1.6103821e-08, No Iterations 51
time step continuity errors : sum local = 2.578137e-10, global = 9.0681092e-12, cumulative = 2.9155362e-07
ExecutionTime = 222.44 s  ClockTime = 223 s

Time = 230

smoothSolver:  Solving for Ux, Initial residual = 1.1390212e-08, Final residual = 1.5827126e-09, No Iterations 1
smoothSolver:  Solving for Uy, Initial residual = 8.9068114e-09, Final residual = 8.9068114e-09, No Iterations 0
DICPCG:  Solving for p, Initial residual = 0.00011287306, Final residual = 1.0750222e-06, No Iterations 28
DICPCG:  Solving for p, Initial residual = 8.6873536e-06, Final residual = 8.5413941e-08, No Iterations 159
DICPCG:  Solving for p, Initial residual = 2.7822792e-06, Final residual = 2.7576768e-08, No Iterations 279
DICPCG:  Solving for p, Initial residual = 1.5586804e-06, Final residual = 1.5529977e-08, No Iterations 52
time step continuity errors : sum local = 2.5868366e-10, global = 9.0766731e-12, cumulative = 2.9156269e-07
ExecutionTime = 222.99 s  ClockTime = 223 s

surfaceFieldValue flowRateTM write:
    sum(outlet_tm) of phi = 2.5079291e-11

surfaceFieldValue flowRateTM_left write:
    sum(outlet_tm_left) of phi = 2.4920711e-11

surfaceFieldValue pressureACinlet write:
    areaAverage(ac_inlet) of p = 3.8721465

Time = 231

smoothSolver:  Solving for Ux, Initial residual = 1.131611e-08, Final residual = 1.5741285e-09, No Iterations 1
smoothSolver:  Solving for Uy, Initial residual = 8.8725926e-09, Final residual = 8.8725926e-09, No Iterations 0
DICPCG:  Solving for p, Initial residual = 0.00011113773, Final residual = 1.012127e-06, No Iterations 29
DICPCG:  Solving for p, Initial residual = 8.3435714e-06, Final residual = 7.763293e-08, No Iterations 163
DICPCG:  Solving for p, Initial residual = 2.8326495e-06, Final residual = 2.8222539e-08, No Iterations 292
DICPCG:  Solving for p, Initial residual = 1.6075764e-06, Final residual = 1.5203659e-08, No Iterations 47
time step continuity errors : sum local = 2.5136047e-10, global = 9.0861982e-12, cumulative = 2.9157178e-07
ExecutionTime = 223.58 s  ClockTime = 224 s

Time = 232

smoothSolver:  Solving for Ux, Initial residual = 1.1251336e-08, Final residual = 1.56671e-09, No Iterations 1
smoothSolver:  Solving for Uy, Initial residual = 8.8312317e-09, Final residual = 8.8312317e-09, No Iterations 0
DICPCG:  Solving for p, Initial residual = 0.00010983704, Final residual = 9.9387599e-07, No Iterations 31
DICPCG:  Solving for p, Initial residual = 8.1087894e-06, Final residual = 7.9108078e-08, No Iterations 303
DICPCG:  Solving for p, Initial residual = 2.9687011e-06, Final residual = 2.8958138e-08, No Iterations 41
DICPCG:  Solving for p, Initial residual = 1.5098269e-06, Final residual = 1.5012701e-08, No Iterations 48
time step continuity errors : sum local = 2.5029684e-10, global = 9.0963481e-12, cumulative = 2.9158088e-07
ExecutionTime = 224.04 s  ClockTime = 224 s

Time = 233

smoothSolver:  Solving for Ux, Initial residual = 1.1212616e-08, Final residual = 1.5602788e-09, No Iterations 1
smoothSolver:  Solving for Uy, Initial residual = 8.7858291e-09, Final residual = 8.7858291e-09, No Iterations 0
DICPCG:  Solving for p, Initial residual = 0.00010858695, Final residual = 1.0753183e-06, No Iterations 37
DICPCG:  Solving for p, Initial residual = 8.1161747e-06, Final residual = 8.0584671e-08, No Iterations 86
DICPCG:  Solving for p, Initial residual = 2.8304747e-06, Final residual = 2.6816796e-08, No Iterations 293
DICPCG:  Solving for p, Initial residual = 1.6367025e-06, Final residual = 1.6106906e-08, No Iterations 46
time step continuity errors : sum local = 2.5210308e-10, global = 9.107639e-12, cumulative = 2.9158998e-07
ExecutionTime = 224.57 s  ClockTime = 225 s

Time = 234

smoothSolver:  Solving for Ux, Initial residual = 1.1181822e-08, Final residual = 1.5544179e-09, No Iterations 1
smoothSolver:  Solving for Uy, Initial residual = 8.7409813e-09, Final residual = 8.7409813e-09, No Iterations 0
DICPCG:  Solving for p, Initial residual = 0.00010744794, Final residual = 1.0429385e-06, No Iterations 42
DICPCG:  Solving for p, Initial residual = 7.9356599e-06, Final residual = 7.8623686e-08, No Iterations 87
DICPCG:  Solving for p, Initial residual = 2.7049412e-06, Final residual = 2.5936164e-08, No Iterations 263
DICPCG:  Solving for p, Initial residual = 1.6060495e-06, Final residual = 1.5706213e-08, No Iterations 57
time step continuity errors : sum local = 2.648911e-10, global = 9.118904e-12, cumulative = 2.915991e-07
ExecutionTime = 225.02 s  ClockTime = 225 s

Time = 235

smoothSolver:  Solving for Ux, Initial residual = 1.1149517e-08, Final residual = 1.548557e-09, No Iterations 1
smoothSolver:  Solving for Uy, Initial residual = 8.6962087e-09, Final residual = 8.6962087e-09, No Iterations 0
DICPCG:  Solving for p, Initial residual = 0.00010636323, Final residual = 1.0383746e-06, No Iterations 40
DICPCG:  Solving for p, Initial residual = 7.6959906e-06, Final residual = 7.4115699e-08, No Iterations 87
DICPCG:  Solving for p, Initial residual = 2.7717542e-06, Final residual = 2.7650843e-08, No Iterations 261
DICPCG:  Solving for p, Initial residual = 1.6809159e-06, Final residual = 1.6159519e-08, No Iterations 51
time step continuity errors : sum local = 2.5704726e-10, global = 9.1299095e-12, cumulative = 2.9160823e-07
ExecutionTime = 225.46 s  ClockTime = 226 s

Time = 236

smoothSolver:  Solving for Ux, Initial residual = 1.1109983e-08, Final residual = 1.542213e-09, No Iterations 1
smoothSolver:  Solving for Uy, Initial residual = 8.652897e-09, Final residual = 8.652897e-09, No Iterations 0
DICPCG:  Solving for p, Initial residual = 0.00010536436, Final residual = 1.0012723e-06, No Iterations 35
DICPCG:  Solving for p, Initial residual = 7.2338825e-06, Final residual = 7.2262907e-08, No Iterations 306
DICPCG:  Solving for p, Initial residual = 2.8681053e-06, Final residual = 2.844936e-08, No Iterations 44
DICPCG:  Solving for p, Initial residual = 1.527629e-06, Final residual = 1.5067547e-08, No Iterations 285
time step continuity errors : sum local = 4.6564959e-10, global = 9.1410624e-12, cumulative = 2.9161737e-07
ExecutionTime = 226.19 s  ClockTime = 227 s

Time = 237

smoothSolver:  Solving for Ux, Initial residual = 1.106044e-08, Final residual = 1.5351757e-09, No Iterations 1
smoothSolver:  Solving for Uy, Initial residual = 8.6116085e-09, Final residual = 8.6116085e-09, No Iterations 0
DICPCG:  Solving for p, Initial residual = 0.00010441567, Final residual = 1.0424422e-06, No Iterations 29
DICPCG:  Solving for p, Initial residual = 6.859969e-06, Final residual = 6.5373728e-08, No Iterations 307
DICPCG:  Solving for p, Initial residual = 2.7862565e-06, Final residual = 2.7391175e-08, No Iterations 42
DICPCG:  Solving for p, Initial residual = 1.4928181e-06, Final residual = 1.4741834e-08, No Iterations 277
time step continuity errors : sum local = 4.5398373e-10, global = 9.1505981e-12, cumulative = 2.9162652e-07
ExecutionTime = 226.92 s  ClockTime = 227 s

Time = 238

smoothSolver:  Solving for Ux, Initial residual = 1.0988903e-08, Final residual = 1.527408e-09, No Iterations 1
smoothSolver:  Solving for Uy, Initial residual = 8.5717664e-09, Final residual = 8.5717664e-09, No Iterations 0
DICPCG:  Solving for p, Initial residual = 0.0001035691, Final residual = 9.9529387e-07, No Iterations 26
DICPCG:  Solving for p, Initial residual = 6.5875023e-06, Final residual = 6.2391786e-08, No Iterations 164
DICPCG:  Solving for p, Initial residual = 2.6454395e-06, Final residual = 2.5697247e-08, No Iterations 299
DICPCG:  Solving for p, Initial residual = 1.5820746e-06, Final residual = 1.5251341e-08, No Iterations 44
time step continuity errors : sum local = 2.4504057e-10, global = 9.1597297e-12, cumulative = 2.9163568e-07
ExecutionTime = 227.45 s  ClockTime = 228 s

Time = 239

smoothSolver:  Solving for Ux, Initial residual = 1.0900645e-08, Final residual = 1.519182e-09, No Iterations 1
smoothSolver:  Solving for Uy, Initial residual = 8.5412388e-09, Final residual = 8.5412388e-09, No Iterations 0
DICPCG:  Solving for p, Initial residual = 0.00010278139, Final residual = 9.6619929e-07, No Iterations 26
DICPCG:  Solving for p, Initial residual = 6.4927418e-06, Final residual = 6.3682244e-08, No Iterations 162
DICPCG:  Solving for p, Initial residual = 2.6024739e-06, Final residual = 2.5031937e-08, No Iterations 292
DICPCG:  Solving for p, Initial residual = 1.5406538e-06, Final residual = 1.5169919e-08, No Iterations 46
time step continuity errors : sum local = 2.4803731e-10, global = 9.1692841e-12, cumulative = 2.9164485e-07
ExecutionTime = 227.97 s  ClockTime = 228 s

Time = 240

smoothSolver:  Solving for Ux, Initial residual = 1.0840613e-08, Final residual = 1.5109e-09, No Iterations 1
smoothSolver:  Solving for Uy, Initial residual = 8.5149958e-09, Final residual = 8.5149958e-09, No Iterations 0
DICPCG:  Solving for p, Initial residual = 0.00010200792, Final residual = 9.9261153e-07, No Iterations 26
DICPCG:  Solving for p, Initial residual = 6.4161613e-06, Final residual = 6.3455857e-08, No Iterations 162
DICPCG:  Solving for p, Initial residual = 2.5555178e-06, Final residual = 2.519179e-08, No Iterations 290
DICPCG:  Solving for p, Initial residual = 1.5426759e-06, Final residual = 1.5217599e-08, No Iterations 47
time step continuity errors : sum local = 2.4719608e-10, global = 9.1789071e-12, cumulative = 2.9165403e-07
ExecutionTime = 228.46 s  ClockTime = 229 s

surfaceFieldValue flowRateTM write:
    sum(outlet_tm) of phi = 2.5079291e-11

surfaceFieldValue flowRateTM_left write:
    sum(outlet_tm_left) of phi = 2.4920711e-11

surfaceFieldValue pressureACinlet write:
    areaAverage(ac_inlet) of p = 3.8721465

Time = 241

smoothSolver:  Solving for Ux, Initial residual = 1.0781343e-08, Final residual = 1.5028948e-09, No Iterations 1
smoothSolver:  Solving for Uy, Initial residual = 8.4837871e-09, Final residual = 8.4837871e-09, No Iterations 0
DICPCG:  Solving for p, Initial residual = 0.00010126738, Final residual = 1.0005377e-06, No Iterations 26
DICPCG:  Solving for p, Initial residual = 6.2941811e-06, Final residual = 5.8055827e-08, No Iterations 164
DICPCG:  Solving for p, Initial residual = 2.5622416e-06, Final residual = 2.5591169e-08, No Iterations 286
DICPCG:  Solving for p, Initial residual = 1.552835e-06, Final residual = 1.4761454e-08, No Iterations 47
time step continuity errors : sum local = 2.4551345e-10, global = 9.1886676e-12, cumulative = 2.9166322e-07
ExecutionTime = 228.99 s  ClockTime = 229 s

Time = 242

smoothSolver:  Solving for Ux, Initial residual = 1.0721936e-08, Final residual = 1.495358e-09, No Iterations 1
smoothSolver:  Solving for Uy, Initial residual = 8.4479553e-09, Final residual = 8.4479553e-09, No Iterations 0
DICPCG:  Solving for p, Initial residual = 0.00010055242, Final residual = 9.4751788e-07, No Iterations 27
DICPCG:  Solving for p, Initial residual = 6.124939e-06, Final residual = 6.027138e-08, No Iterations 307
DICPCG:  Solving for p, Initial residual = 2.6100966e-06, Final residual = 2.5776398e-08, No Iterations 45
DICPCG:  Solving for p, Initial residual = 1.4077997e-06, Final residual = 1.3991213e-08, No Iterations 46
time step continuity errors : sum local = 2.3999752e-10, global = 9.1982092e-12, cumulative = 2.9167242e-07
ExecutionTime = 229.42 s  ClockTime = 230 s

Time = 243

smoothSolver:  Solving for Ux, Initial residual = 1.0669296e-08, Final residual = 1.4883019e-09, No Iterations 1
smoothSolver:  Solving for Uy, Initial residual = 8.4099331e-09, Final residual = 8.4099331e-09, No Iterations 0
DICPCG:  Solving for p, Initial residual = 9.9814011e-05, Final residual = 9.4176002e-07, No Iterations 28
DICPCG:  Solving for p, Initial residual = 6.1077115e-06, Final residual = 6.0274993e-08, No Iterations 306
DICPCG:  Solving for p, Initial residual = 2.627039e-06, Final residual = 2.5329427e-08, No Iterations 43
DICPCG:  Solving for p, Initial residual = 1.3978997e-06, Final residual = 1.3244063e-08, No Iterations 47
time step continuity errors : sum local = 2.3755716e-10, global = 9.2079969e-12, cumulative = 2.9168163e-07
ExecutionTime = 229.86 s  ClockTime = 230 s


SIMPLE solution converged in 243 iterations

End


=== post-run summary ===
  nCells = N/A
nCells=41242
d_TM=1.2578e+14
IOP_AC_right=22.930 mmHg
IOP_AC_left=22.930 mmHg
IOP_AC_mean=22.930 mmHg
IOP_vitreous_mean=22.945 mmHg
delta_AC_vitreous=0.015 mmHg
Q_TM_total=5.0000e-11 m³/s (target 5.0000e-11)
Q_balance_error=0.00 %
=== doc-g1-sim1 done (M1) ===
