 Container myopenfoam-fsi-run-0f6959283187 Creating 
 Container myopenfoam-fsi-run-0f6959283187 Created 
=== doc-g1-sim1 (AC / vitreous / TM) MESH_LEVEL=M1 ===
=== gmshToFoam ===
/*---------------------------------------------------------------------------*\
| =========                 |                                                 |
| \\      /  F ield         | OpenFOAM: The Open Source CFD Toolbox           |
|  \\    /   O peration     | Version:  2512                                  |
|   \\  /    A nd           | Website:  www.openfoam.com                      |
|    \\/     M anipulation  |                                                 |
\*---------------------------------------------------------------------------*/
Build  : _bd2b6720-20260127 OPENFOAM=2512 version=2512
Arch   : "LSB;label=32;scalar=64"
Exec   : gmshToFoam eye_g1_lamminsalo.msh
Date   : Jul 16 2026
Time   : 01:01:54
Host   : 207c84b495aa
PID    : 227
I/O    : uncollated
Case   : /simulation/doc-g1-sim1/fluid
nProcs : 1
trapFpe: Floating point exception trapping enabled (FOAM_SIGFPE).
memory pool : not available
fileModificationChecking : Monitoring run-time modified files using timeStampMaster (fileModificationSkew 5, maxFileModificationPolls 20)
allowSystemOperations : Allowing user-supplied system call operations

// * * * * * * * * * * * * * * * * * * * * * * * * * * * * * * * * * * * * * //
Create time

Starting to read mesh format at line 2
Read format version 2.2  ascii 0

Starting to read physical names at line 5
Physical names:8
    Surface 2	ac_inlet
    Surface 3	ac_inlet_left
    Surface 4	outlet_tm
    Surface 5	outlet_tm_left
    Surface 6	lens_wall
    Surface 7	iris_wall
    Surface 8	wall
    Volume 1	fluid

Starting to read points at line 16
Vertices to be read: 42364
Vertices read:42364

Starting to read cells at line 42383
Cells to be read: 42364

Mapping region 8 to Foam patch 0
Mapping region 7 to Foam patch 1
Mapping region 4 to Foam patch 2
Mapping region 6 to Foam patch 3
Mapping region 2 to Foam patch 4
Mapping region 3 to Foam patch 5
Mapping region 5 to Foam patch 6
Mapping region 1 to Foam cellZone 0
Cells:
    total:41242
    hex  :0
    prism:41242
    pyr  :0
    tet  :0

CellZones:
Zone	Size
    0	41242

Patch 0 gets name wall
Patch 1 gets name iris_wall
Patch 2 gets name outlet_tm
Patch 3 gets name lens_wall
Patch 4 gets name ac_inlet
Patch 5 gets name ac_inlet_left
Patch 6 gets name outlet_tm_left

--> FOAM Warning : 
    From Foam::polyMesh::polyMesh(const Foam::IOobject&, Foam::pointField&&, const Foam::cellShapeList&, const Foam::faceListList&, const Foam::wordList&, const Foam::wordList&, const Foam::word&, const Foam::word&, const Foam::wordList&, bool)
    in file meshes/polyMesh/polyMeshFromShapeMesh.C at line 635
    Found 83606 undefined faces in mesh; adding to default patch defaultFaces
Finding faces of patch 0
Finding faces of patch 1
Finding faces of patch 2
Finding faces of patch 3
Finding faces of patch 4
Finding faces of patch 5
Finding faces of patch 6

FaceZones:
Zone	Size

Writing zone 0 to cellZone fluid and cellSet
End

=== topoSet zones (TM + vitreous) ===
/*---------------------------------------------------------------------------*\
| =========                 |                                                 |
| \\      /  F ield         | OpenFOAM: The Open Source CFD Toolbox           |
|  \\    /   O peration     | Version:  2512                                  |
|   \\  /    A nd           | Website:  www.openfoam.com                      |
|    \\/     M anipulation  |                                                 |
\*---------------------------------------------------------------------------*/
Build  : _bd2b6720-20260127 OPENFOAM=2512 version=2512
Arch   : "LSB;label=32;scalar=64"
Exec   : topoSet -dict system/topoSetDict.anatomical -constant
Date   : Jul 16 2026
Time   : 01:01:55
Host   : 207c84b495aa
PID    : 231
I/O    : uncollated
Case   : /simulation/doc-g1-sim1/fluid
nProcs : 1
trapFpe: Floating point exception trapping enabled (FOAM_SIGFPE).
memory pool : not available
fileModificationChecking : Monitoring run-time modified files using timeStampMaster (fileModificationSkew 5, maxFileModificationPolls 20)
allowSystemOperations : Allowing user-supplied system call operations

// * * * * * * * * * * * * * * * * * * * * * * * * * * * * * * * * * * * * * //
Create time

Create polyMesh for time = constant

Reading topoSetDict.anatomical

Time = constant
    mesh not changed.
Created cellSet tm_zone
    Applying source boxToCell
    Adding cells with centre within boxes 1((0.00645 -0.005 -1e-05) (0.00718 -0.00424 0.001001))
    cellSet tm_zone now size 69
Created cellZoneSet tm_zone
    Applying source setToCellZone
    Adding all cells from cell set: tm_zone ...
    cellZoneSet tm_zone now size 69
Created cellSet tm_zone_left
    Applying source boxToCell
    Adding cells with centre within boxes 1((-0.00718 -0.005 -1e-05) (-0.00645 -0.00424 0.001001))
    cellSet tm_zone_left now size 67
Created cellZoneSet tm_zone_left
    Applying source setToCellZone
    Adding all cells from cell set: tm_zone_left ...
    cellZoneSet tm_zone_left now size 67
Created cellSet vitreous_zone
    Applying source boxToCell
    Adding cells with centre within boxes 1((-0.008 -0.0015 -1e-05) (0.008 0.0074 0.001001))
    cellSet vitreous_zone now size 19682
Read set cellSet vitreous_zone size:19682
    Applying source boxToCell
    Removing cells with centre within boxes 1((0.00645 -0.005 -1e-05) (0.00718 -0.00424 0.001001))
    cellSet vitreous_zone now size 19682
Read set cellSet vitreous_zone size:19682
    Applying source boxToCell
    Removing cells with centre within boxes 1((-0.00718 -0.005 -1e-05) (-0.00645 -0.00424 0.001001))
    cellSet vitreous_zone now size 19682
Created cellZoneSet vitreous_zone
    Applying source setToCellZone
    Adding all cells from cell set: vitreous_zone ...
    cellZoneSet vitreous_zone now size 19682
Time = 0
    mesh not changed.
Created cellSet tm_zone
    Applying source boxToCell
    Adding cells with centre within boxes 1((0.00645 -0.005 -1e-05) (0.00718 -0.00424 0.001001))
    cellSet tm_zone now size 69
Created cellZoneSet tm_zone
    Applying source setToCellZone
    Adding all cells from cell set: tm_zone ...
    cellZoneSet tm_zone now size 69
Created cellSet tm_zone_left
    Applying source boxToCell
    Adding cells with centre within boxes 1((-0.00718 -0.005 -1e-05) (-0.00645 -0.00424 0.001001))
    cellSet tm_zone_left now size 67
Created cellZoneSet tm_zone_left
    Applying source setToCellZone
    Adding all cells from cell set: tm_zone_left ...
    cellZoneSet tm_zone_left now size 67
Created cellSet vitreous_zone
    Applying source boxToCell
    Adding cells with centre within boxes 1((-0.008 -0.0015 -1e-05) (0.008 0.0074 0.001001))
    cellSet vitreous_zone now size 19682
Read set cellSet vitreous_zone size:19682
    Applying source boxToCell
    Removing cells with centre within boxes 1((0.00645 -0.005 -1e-05) (0.00718 -0.00424 0.001001))
    cellSet vitreous_zone now size 19682
Read set cellSet vitreous_zone size:19682
    Applying source boxToCell
    Removing cells with centre within boxes 1((-0.00718 -0.005 -1e-05) (-0.00645 -0.00424 0.001001))
    cellSet vitreous_zone now size 19682
Created cellZoneSet vitreous_zone
    Applying source setToCellZone
    Adding all cells from cell set: vitreous_zone ...
    cellZoneSet vitreous_zone now size 19682
Time = 48
    mesh not changed.
Created cellSet tm_zone
    Applying source boxToCell
    Adding cells with centre within boxes 1((0.00645 -0.005 -1e-05) (0.00718 -0.00424 0.001001))
    cellSet tm_zone now size 69
Created cellZoneSet tm_zone
    Applying source setToCellZone
    Adding all cells from cell set: tm_zone ...
    cellZoneSet tm_zone now size 69
Created cellSet tm_zone_left
    Applying source boxToCell
    Adding cells with centre within boxes 1((-0.00718 -0.005 -1e-05) (-0.00645 -0.00424 0.001001))
    cellSet tm_zone_left now size 67
Created cellZoneSet tm_zone_left
    Applying source setToCellZone
    Adding all cells from cell set: tm_zone_left ...
    cellZoneSet tm_zone_left now size 67
Created cellSet vitreous_zone
    Applying source boxToCell
    Adding cells with centre within boxes 1((-0.008 -0.0015 -1e-05) (0.008 0.0074 0.001001))
    cellSet vitreous_zone now size 19682
Read set cellSet vitreous_zone size:19682
    Applying source boxToCell
    Removing cells with centre within boxes 1((0.00645 -0.005 -1e-05) (0.00718 -0.00424 0.001001))
    cellSet vitreous_zone now size 19682
Read set cellSet vitreous_zone size:19682
    Applying source boxToCell
    Removing cells with centre within boxes 1((-0.00718 -0.005 -1e-05) (-0.00645 -0.00424 0.001001))
    cellSet vitreous_zone now size 19682
Created cellZoneSet vitreous_zone
    Applying source setToCellZone
    Adding all cells from cell set: vitreous_zone ...
    cellZoneSet vitreous_zone now size 19682
Time = 50
    mesh not changed.
Created cellSet tm_zone
    Applying source boxToCell
    Adding cells with centre within boxes 1((0.00645 -0.005 -1e-05) (0.00718 -0.00424 0.001001))
    cellSet tm_zone now size 69
Created cellZoneSet tm_zone
    Applying source setToCellZone
    Adding all cells from cell set: tm_zone ...
    cellZoneSet tm_zone now size 69
Created cellSet tm_zone_left
    Applying source boxToCell
    Adding cells with centre within boxes 1((-0.00718 -0.005 -1e-05) (-0.00645 -0.00424 0.001001))
    cellSet tm_zone_left now size 67
Created cellZoneSet tm_zone_left
    Applying source setToCellZone
    Adding all cells from cell set: tm_zone_left ...
    cellZoneSet tm_zone_left now size 67
Created cellSet vitreous_zone
    Applying source boxToCell
    Adding cells with centre within boxes 1((-0.008 -0.0015 -1e-05) (0.008 0.0074 0.001001))
    cellSet vitreous_zone now size 19682
Read set cellSet vitreous_zone size:19682
    Applying source boxToCell
    Removing cells with centre within boxes 1((0.00645 -0.005 -1e-05) (0.00718 -0.00424 0.001001))
    cellSet vitreous_zone now size 19682
Read set cellSet vitreous_zone size:19682
    Applying source boxToCell
    Removing cells with centre within boxes 1((-0.00718 -0.005 -1e-05) (-0.00645 -0.00424 0.001001))
    cellSet vitreous_zone now size 19682
Created cellZoneSet vitreous_zone
    Applying source setToCellZone
    Adding all cells from cell set: vitreous_zone ...
    cellZoneSet vitreous_zone now size 19682
Time = 76
    mesh not changed.
Created cellSet tm_zone
    Applying source boxToCell
    Adding cells with centre within boxes 1((0.00645 -0.005 -1e-05) (0.00718 -0.00424 0.001001))
    cellSet tm_zone now size 69
Created cellZoneSet tm_zone
    Applying source setToCellZone
    Adding all cells from cell set: tm_zone ...
    cellZoneSet tm_zone now size 69
Created cellSet tm_zone_left
    Applying source boxToCell
    Adding cells with centre within boxes 1((-0.00718 -0.005 -1e-05) (-0.00645 -0.00424 0.001001))
    cellSet tm_zone_left now size 67
Created cellZoneSet tm_zone_left
    Applying source setToCellZone
    Adding all cells from cell set: tm_zone_left ...
    cellZoneSet tm_zone_left now size 67
Created cellSet vitreous_zone
    Applying source boxToCell
    Adding cells with centre within boxes 1((-0.008 -0.0015 -1e-05) (0.008 0.0074 0.001001))
    cellSet vitreous_zone now size 19682
Read set cellSet vitreous_zone size:19682
    Applying source boxToCell
    Removing cells with centre within boxes 1((0.00645 -0.005 -1e-05) (0.00718 -0.00424 0.001001))
    cellSet vitreous_zone now size 19682
Read set cellSet vitreous_zone size:19682
    Applying source boxToCell
    Removing cells with centre within boxes 1((-0.00718 -0.005 -1e-05) (-0.00645 -0.00424 0.001001))
    cellSet vitreous_zone now size 19682
Created cellZoneSet vitreous_zone
    Applying source setToCellZone
    Adding all cells from cell set: vitreous_zone ...
    cellZoneSet vitreous_zone now size 19682
Time = 90
    mesh not changed.
Created cellSet tm_zone
    Applying source boxToCell
    Adding cells with centre within boxes 1((0.00645 -0.005 -1e-05) (0.00718 -0.00424 0.001001))
    cellSet tm_zone now size 69
Created cellZoneSet tm_zone
    Applying source setToCellZone
    Adding all cells from cell set: tm_zone ...
    cellZoneSet tm_zone now size 69
Created cellSet tm_zone_left
    Applying source boxToCell
    Adding cells with centre within boxes 1((-0.00718 -0.005 -1e-05) (-0.00645 -0.00424 0.001001))
    cellSet tm_zone_left now size 67
Created cellZoneSet tm_zone_left
    Applying source setToCellZone
    Adding all cells from cell set: tm_zone_left ...
    cellZoneSet tm_zone_left now size 67
Created cellSet vitreous_zone
    Applying source boxToCell
    Adding cells with centre within boxes 1((-0.008 -0.0015 -1e-05) (0.008 0.0074 0.001001))
    cellSet vitreous_zone now size 19682
Read set cellSet vitreous_zone size:19682
    Applying source boxToCell
    Removing cells with centre within boxes 1((0.00645 -0.005 -1e-05) (0.00718 -0.00424 0.001001))
    cellSet vitreous_zone now size 19682
Read set cellSet vitreous_zone size:19682
    Applying source boxToCell
    Removing cells with centre within boxes 1((-0.00718 -0.005 -1e-05) (-0.00645 -0.00424 0.001001))
    cellSet vitreous_zone now size 19682
Created cellZoneSet vitreous_zone
    Applying source setToCellZone
    Adding all cells from cell set: vitreous_zone ...
    cellZoneSet vitreous_zone now size 19682
Time = 98
    mesh not changed.
Created cellSet tm_zone
    Applying source boxToCell
    Adding cells with centre within boxes 1((0.00645 -0.005 -1e-05) (0.00718 -0.00424 0.001001))
    cellSet tm_zone now size 69
Created cellZoneSet tm_zone
    Applying source setToCellZone
    Adding all cells from cell set: tm_zone ...
    cellZoneSet tm_zone now size 69
Created cellSet tm_zone_left
    Applying source boxToCell
    Adding cells with centre within boxes 1((-0.00718 -0.005 -1e-05) (-0.00645 -0.00424 0.001001))
    cellSet tm_zone_left now size 67
Created cellZoneSet tm_zone_left
    Applying source setToCellZone
    Adding all cells from cell set: tm_zone_left ...
    cellZoneSet tm_zone_left now size 67
Created cellSet vitreous_zone
    Applying source boxToCell
    Adding cells with centre within boxes 1((-0.008 -0.0015 -1e-05) (0.008 0.0074 0.001001))
    cellSet vitreous_zone now size 19682
Read set cellSet vitreous_zone size:19682
    Applying source boxToCell
    Removing cells with centre within boxes 1((0.00645 -0.005 -1e-05) (0.00718 -0.00424 0.001001))
    cellSet vitreous_zone now size 19682
Read set cellSet vitreous_zone size:19682
    Applying source boxToCell
    Removing cells with centre within boxes 1((-0.00718 -0.005 -1e-05) (-0.00645 -0.00424 0.001001))
    cellSet vitreous_zone now size 19682
Created cellZoneSet vitreous_zone
    Applying source setToCellZone
    Adding all cells from cell set: vitreous_zone ...
    cellZoneSet vitreous_zone now size 19682
Time = 100
    mesh not changed.
Created cellSet tm_zone
    Applying source boxToCell
    Adding cells with centre within boxes 1((0.00645 -0.005 -1e-05) (0.00718 -0.00424 0.001001))
    cellSet tm_zone now size 69
Created cellZoneSet tm_zone
    Applying source setToCellZone
    Adding all cells from cell set: tm_zone ...
    cellZoneSet tm_zone now size 69
Created cellSet tm_zone_left
    Applying source boxToCell
    Adding cells with centre within boxes 1((-0.00718 -0.005 -1e-05) (-0.00645 -0.00424 0.001001))
    cellSet tm_zone_left now size 67
Created cellZoneSet tm_zone_left
    Applying source setToCellZone
    Adding all cells from cell set: tm_zone_left ...
    cellZoneSet tm_zone_left now size 67
Created cellSet vitreous_zone
    Applying source boxToCell
    Adding cells with centre within boxes 1((-0.008 -0.0015 -1e-05) (0.008 0.0074 0.001001))
    cellSet vitreous_zone now size 19682
Read set cellSet vitreous_zone size:19682
    Applying source boxToCell
    Removing cells with centre within boxes 1((0.00645 -0.005 -1e-05) (0.00718 -0.00424 0.001001))
    cellSet vitreous_zone now size 19682
Read set cellSet vitreous_zone size:19682
    Applying source boxToCell
    Removing cells with centre within boxes 1((-0.00718 -0.005 -1e-05) (-0.00645 -0.00424 0.001001))
    cellSet vitreous_zone now size 19682
Created cellZoneSet vitreous_zone
    Applying source setToCellZone
    Adding all cells from cell set: vitreous_zone ...
    cellZoneSet vitreous_zone now size 19682
Time = 107
    mesh not changed.
Created cellSet tm_zone
    Applying source boxToCell
    Adding cells with centre within boxes 1((0.00645 -0.005 -1e-05) (0.00718 -0.00424 0.001001))
    cellSet tm_zone now size 69
Created cellZoneSet tm_zone
    Applying source setToCellZone
    Adding all cells from cell set: tm_zone ...
    cellZoneSet tm_zone now size 69
Created cellSet tm_zone_left
    Applying source boxToCell
    Adding cells with centre within boxes 1((-0.00718 -0.005 -1e-05) (-0.00645 -0.00424 0.001001))
    cellSet tm_zone_left now size 67
Created cellZoneSet tm_zone_left
    Applying source setToCellZone
    Adding all cells from cell set: tm_zone_left ...
    cellZoneSet tm_zone_left now size 67
Created cellSet vitreous_zone
    Applying source boxToCell
    Adding cells with centre within boxes 1((-0.008 -0.0015 -1e-05) (0.008 0.0074 0.001001))
    cellSet vitreous_zone now size 19682
Read set cellSet vitreous_zone size:19682
    Applying source boxToCell
    Removing cells with centre within boxes 1((0.00645 -0.005 -1e-05) (0.00718 -0.00424 0.001001))
    cellSet vitreous_zone now size 19682
Read set cellSet vitreous_zone size:19682
    Applying source boxToCell
    Removing cells with centre within boxes 1((-0.00718 -0.005 -1e-05) (-0.00645 -0.00424 0.001001))
    cellSet vitreous_zone now size 19682
Created cellZoneSet vitreous_zone
    Applying source setToCellZone
    Adding all cells from cell set: vitreous_zone ...
    cellZoneSet vitreous_zone now size 19682
Time = 150
    mesh not changed.
Created cellSet tm_zone
    Applying source boxToCell
    Adding cells with centre within boxes 1((0.00645 -0.005 -1e-05) (0.00718 -0.00424 0.001001))
    cellSet tm_zone now size 69
Created cellZoneSet tm_zone
    Applying source setToCellZone
    Adding all cells from cell set: tm_zone ...
    cellZoneSet tm_zone now size 69
Created cellSet tm_zone_left
    Applying source boxToCell
    Adding cells with centre within boxes 1((-0.00718 -0.005 -1e-05) (-0.00645 -0.00424 0.001001))
    cellSet tm_zone_left now size 67
Created cellZoneSet tm_zone_left
    Applying source setToCellZone
    Adding all cells from cell set: tm_zone_left ...
    cellZoneSet tm_zone_left now size 67
Created cellSet vitreous_zone
    Applying source boxToCell
    Adding cells with centre within boxes 1((-0.008 -0.0015 -1e-05) (0.008 0.0074 0.001001))
    cellSet vitreous_zone now size 19682
Read set cellSet vitreous_zone size:19682
    Applying source boxToCell
    Removing cells with centre within boxes 1((0.00645 -0.005 -1e-05) (0.00718 -0.00424 0.001001))
    cellSet vitreous_zone now size 19682
Read set cellSet vitreous_zone size:19682
    Applying source boxToCell
    Removing cells with centre within boxes 1((-0.00718 -0.005 -1e-05) (-0.00645 -0.00424 0.001001))
    cellSet vitreous_zone now size 19682
Created cellZoneSet vitreous_zone
    Applying source setToCellZone
    Adding all cells from cell set: vitreous_zone ...
    cellZoneSet vitreous_zone now size 19682
Time = 200
    mesh not changed.
Created cellSet tm_zone
    Applying source boxToCell
    Adding cells with centre within boxes 1((0.00645 -0.005 -1e-05) (0.00718 -0.00424 0.001001))
    cellSet tm_zone now size 69
Created cellZoneSet tm_zone
    Applying source setToCellZone
    Adding all cells from cell set: tm_zone ...
    cellZoneSet tm_zone now size 69
Created cellSet tm_zone_left
    Applying source boxToCell
    Adding cells with centre within boxes 1((-0.00718 -0.005 -1e-05) (-0.00645 -0.00424 0.001001))
    cellSet tm_zone_left now size 67
Created cellZoneSet tm_zone_left
    Applying source setToCellZone
    Adding all cells from cell set: tm_zone_left ...
    cellZoneSet tm_zone_left now size 67
Created cellSet vitreous_zone
    Applying source boxToCell
    Adding cells with centre within boxes 1((-0.008 -0.0015 -1e-05) (0.008 0.0074 0.001001))
    cellSet vitreous_zone now size 19682
Read set cellSet vitreous_zone size:19682
    Applying source boxToCell
    Removing cells with centre within boxes 1((0.00645 -0.005 -1e-05) (0.00718 -0.00424 0.001001))
    cellSet vitreous_zone now size 19682
Read set cellSet vitreous_zone size:19682
    Applying source boxToCell
    Removing cells with centre within boxes 1((-0.00718 -0.005 -1e-05) (-0.00645 -0.00424 0.001001))
    cellSet vitreous_zone now size 19682
Created cellZoneSet vitreous_zone
    Applying source setToCellZone
    Adding all cells from cell set: vitreous_zone ...
    cellZoneSet vitreous_zone now size 19682
Time = 250
    mesh not changed.
Created cellSet tm_zone
    Applying source boxToCell
    Adding cells with centre within boxes 1((0.00645 -0.005 -1e-05) (0.00718 -0.00424 0.001001))
    cellSet tm_zone now size 69
Created cellZoneSet tm_zone
    Applying source setToCellZone
    Adding all cells from cell set: tm_zone ...
    cellZoneSet tm_zone now size 69
Created cellSet tm_zone_left
    Applying source boxToCell
    Adding cells with centre within boxes 1((-0.00718 -0.005 -1e-05) (-0.00645 -0.00424 0.001001))
    cellSet tm_zone_left now size 67
Created cellZoneSet tm_zone_left
    Applying source setToCellZone
    Adding all cells from cell set: tm_zone_left ...
    cellZoneSet tm_zone_left now size 67
Created cellSet vitreous_zone
    Applying source boxToCell
    Adding cells with centre within boxes 1((-0.008 -0.0015 -1e-05) (0.008 0.0074 0.001001))
    cellSet vitreous_zone now size 19682
Read set cellSet vitreous_zone size:19682
    Applying source boxToCell
    Removing cells with centre within boxes 1((0.00645 -0.005 -1e-05) (0.00718 -0.00424 0.001001))
    cellSet vitreous_zone now size 19682
Read set cellSet vitreous_zone size:19682
    Applying source boxToCell
    Removing cells with centre within boxes 1((-0.00718 -0.005 -1e-05) (-0.00645 -0.00424 0.001001))
    cellSet vitreous_zone now size 19682
Created cellZoneSet vitreous_zone
    Applying source setToCellZone
    Adding all cells from cell set: vitreous_zone ...
    cellZoneSet vitreous_zone now size 19682
Time = 300
    mesh not changed.
Created cellSet tm_zone
    Applying source boxToCell
    Adding cells with centre within boxes 1((0.00645 -0.005 -1e-05) (0.00718 -0.00424 0.001001))
    cellSet tm_zone now size 69
Created cellZoneSet tm_zone
    Applying source setToCellZone
    Adding all cells from cell set: tm_zone ...
    cellZoneSet tm_zone now size 69
Created cellSet tm_zone_left
    Applying source boxToCell
    Adding cells with centre within boxes 1((-0.00718 -0.005 -1e-05) (-0.00645 -0.00424 0.001001))
    cellSet tm_zone_left now size 67
Created cellZoneSet tm_zone_left
    Applying source setToCellZone
    Adding all cells from cell set: tm_zone_left ...
    cellZoneSet tm_zone_left now size 67
Created cellSet vitreous_zone
    Applying source boxToCell
    Adding cells with centre within boxes 1((-0.008 -0.0015 -1e-05) (0.008 0.0074 0.001001))
    cellSet vitreous_zone now size 19682
Read set cellSet vitreous_zone size:19682
    Applying source boxToCell
    Removing cells with centre within boxes 1((0.00645 -0.005 -1e-05) (0.00718 -0.00424 0.001001))
    cellSet vitreous_zone now size 19682
Read set cellSet vitreous_zone size:19682
    Applying source boxToCell
    Removing cells with centre within boxes 1((-0.00718 -0.005 -1e-05) (-0.00645 -0.00424 0.001001))
    cellSet vitreous_zone now size 19682
Created cellZoneSet vitreous_zone
    Applying source setToCellZone
    Adding all cells from cell set: vitreous_zone ...
    cellZoneSet vitreous_zone now size 19682
Time = 350
    mesh not changed.
Created cellSet tm_zone
    Applying source boxToCell
    Adding cells with centre within boxes 1((0.00645 -0.005 -1e-05) (0.00718 -0.00424 0.001001))
    cellSet tm_zone now size 69
Created cellZoneSet tm_zone
    Applying source setToCellZone
    Adding all cells from cell set: tm_zone ...
    cellZoneSet tm_zone now size 69
Created cellSet tm_zone_left
    Applying source boxToCell
    Adding cells with centre within boxes 1((-0.00718 -0.005 -1e-05) (-0.00645 -0.00424 0.001001))
    cellSet tm_zone_left now size 67
Created cellZoneSet tm_zone_left
    Applying source setToCellZone
    Adding all cells from cell set: tm_zone_left ...
    cellZoneSet tm_zone_left now size 67
Created cellSet vitreous_zone
    Applying source boxToCell
    Adding cells with centre within boxes 1((-0.008 -0.0015 -1e-05) (0.008 0.0074 0.001001))
    cellSet vitreous_zone now size 19682
Read set cellSet vitreous_zone size:19682
    Applying source boxToCell
    Removing cells with centre within boxes 1((0.00645 -0.005 -1e-05) (0.00718 -0.00424 0.001001))
    cellSet vitreous_zone now size 19682
Read set cellSet vitreous_zone size:19682
    Applying source boxToCell
    Removing cells with centre within boxes 1((-0.00718 -0.005 -1e-05) (-0.00645 -0.00424 0.001001))
    cellSet vitreous_zone now size 19682
Created cellZoneSet vitreous_zone
    Applying source setToCellZone
    Adding all cells from cell set: vitreous_zone ...
    cellZoneSet vitreous_zone now size 19682
Time = 400
    mesh not changed.
Created cellSet tm_zone
    Applying source boxToCell
    Adding cells with centre within boxes 1((0.00645 -0.005 -1e-05) (0.00718 -0.00424 0.001001))
    cellSet tm_zone now size 69
Created cellZoneSet tm_zone
    Applying source setToCellZone
    Adding all cells from cell set: tm_zone ...
    cellZoneSet tm_zone now size 69
Created cellSet tm_zone_left
    Applying source boxToCell
    Adding cells with centre within boxes 1((-0.00718 -0.005 -1e-05) (-0.00645 -0.00424 0.001001))
    cellSet tm_zone_left now size 67
Created cellZoneSet tm_zone_left
    Applying source setToCellZone
    Adding all cells from cell set: tm_zone_left ...
    cellZoneSet tm_zone_left now size 67
Created cellSet vitreous_zone
    Applying source boxToCell
    Adding cells with centre within boxes 1((-0.008 -0.0015 -1e-05) (0.008 0.0074 0.001001))
    cellSet vitreous_zone now size 19682
Read set cellSet vitreous_zone size:19682
    Applying source boxToCell
    Removing cells with centre within boxes 1((0.00645 -0.005 -1e-05) (0.00718 -0.00424 0.001001))
    cellSet vitreous_zone now size 19682
Read set cellSet vitreous_zone size:19682
    Applying source boxToCell
    Removing cells with centre within boxes 1((-0.00718 -0.005 -1e-05) (-0.00645 -0.00424 0.001001))
    cellSet vitreous_zone now size 19682
Created cellZoneSet vitreous_zone
    Applying source setToCellZone
    Adding all cells from cell set: vitreous_zone ...
    cellZoneSet vitreous_zone now size 19682
Time = 450
    mesh not changed.
Created cellSet tm_zone
    Applying source boxToCell
    Adding cells with centre within boxes 1((0.00645 -0.005 -1e-05) (0.00718 -0.00424 0.001001))
    cellSet tm_zone now size 69
Created cellZoneSet tm_zone
    Applying source setToCellZone
    Adding all cells from cell set: tm_zone ...
    cellZoneSet tm_zone now size 69
Created cellSet tm_zone_left
    Applying source boxToCell
    Adding cells with centre within boxes 1((-0.00718 -0.005 -1e-05) (-0.00645 -0.00424 0.001001))
    cellSet tm_zone_left now size 67
Created cellZoneSet tm_zone_left
    Applying source setToCellZone
    Adding all cells from cell set: tm_zone_left ...
    cellZoneSet tm_zone_left now size 67
Created cellSet vitreous_zone
    Applying source boxToCell
    Adding cells with centre within boxes 1((-0.008 -0.0015 -1e-05) (0.008 0.0074 0.001001))
    cellSet vitreous_zone now size 19682
Read set cellSet vitreous_zone size:19682
    Applying source boxToCell
    Removing cells with centre within boxes 1((0.00645 -0.005 -1e-05) (0.00718 -0.00424 0.001001))
    cellSet vitreous_zone now size 19682
Read set cellSet vitreous_zone size:19682
    Applying source boxToCell
    Removing cells with centre within boxes 1((-0.00718 -0.005 -1e-05) (-0.00645 -0.00424 0.001001))
    cellSet vitreous_zone now size 19682
Created cellZoneSet vitreous_zone
    Applying source setToCellZone
    Adding all cells from cell set: vitreous_zone ...
    cellZoneSet vitreous_zone now size 19682
Time = 500
    mesh not changed.
Created cellSet tm_zone
    Applying source boxToCell
    Adding cells with centre within boxes 1((0.00645 -0.005 -1e-05) (0.00718 -0.00424 0.001001))
    cellSet tm_zone now size 69
Created cellZoneSet tm_zone
    Applying source setToCellZone
    Adding all cells from cell set: tm_zone ...
    cellZoneSet tm_zone now size 69
Created cellSet tm_zone_left
    Applying source boxToCell
    Adding cells with centre within boxes 1((-0.00718 -0.005 -1e-05) (-0.00645 -0.00424 0.001001))
    cellSet tm_zone_left now size 67
Created cellZoneSet tm_zone_left
    Applying source setToCellZone
    Adding all cells from cell set: tm_zone_left ...
    cellZoneSet tm_zone_left now size 67
Created cellSet vitreous_zone
    Applying source boxToCell
    Adding cells with centre within boxes 1((-0.008 -0.0015 -1e-05) (0.008 0.0074 0.001001))
    cellSet vitreous_zone now size 19682
Read set cellSet vitreous_zone size:19682
    Applying source boxToCell
    Removing cells with centre within boxes 1((0.00645 -0.005 -1e-05) (0.00718 -0.00424 0.001001))
    cellSet vitreous_zone now size 19682
Read set cellSet vitreous_zone size:19682
    Applying source boxToCell
    Removing cells with centre within boxes 1((-0.00718 -0.005 -1e-05) (-0.00645 -0.00424 0.001001))
    cellSet vitreous_zone now size 19682
Created cellZoneSet vitreous_zone
    Applying source setToCellZone
    Adding all cells from cell set: vitreous_zone ...
    cellZoneSet vitreous_zone now size 19682

End

=== createPatch (front/back + outlets + inlets) ===
/*---------------------------------------------------------------------------*\
| =========                 |                                                 |
| \\      /  F ield         | OpenFOAM: The Open Source CFD Toolbox           |
|  \\    /   O peration     | Version:  2512                                  |
|   \\  /    A nd           | Website:  www.openfoam.com                      |
|    \\/     M anipulation  |                                                 |
\*---------------------------------------------------------------------------*/
Build  : _bd2b6720-20260127 OPENFOAM=2512 version=2512
Arch   : "LSB;label=32;scalar=64"
Exec   : topoSet -dict system/topoSetDict.frontBack -constant
Date   : Jul 16 2026
Time   : 01:01:57
Host   : 207c84b495aa
PID    : 234
I/O    : uncollated
Case   : /simulation/doc-g1-sim1/fluid
nProcs : 1
trapFpe: Floating point exception trapping enabled (FOAM_SIGFPE).
memory pool : not available
fileModificationChecking : Monitoring run-time modified files using timeStampMaster (fileModificationSkew 5, maxFileModificationPolls 20)
allowSystemOperations : Allowing user-supplied system call operations

// * * * * * * * * * * * * * * * * * * * * * * * * * * * * * * * * * * * * * //
Create time

Create polyMesh for time = constant

Reading topoSetDict.frontBack

Time = constant
    mesh not changed.
Created faceSet frontFaces
    Applying source patchToFace
    Adding all faces of patches: (defaultFaces) ...
    Found matching patch defaultFaces with 82484 faces
    faceSet frontFaces now size 82484
Read set faceSet frontFaces size:82484
    Applying source normalToFace
    Adding faces according to normal being aligned with (0 0 1) (to within 0.1) ...
    faceSet frontFaces now size 41242
Created faceSet backFaces
    Applying source patchToFace
    Adding all faces of patches: (defaultFaces) ...
    Found matching patch defaultFaces with 82484 faces
    faceSet backFaces now size 82484
Read set faceSet backFaces size:82484
    Applying source normalToFace
    Adding faces according to normal being aligned with (0 0 -1) (to within 0.1) ...
    faceSet backFaces now size 41242
Time = 0
    mesh not changed.
Created faceSet frontFaces
    Applying source patchToFace
    Adding all faces of patches: (defaultFaces) ...
    Found matching patch defaultFaces with 82484 faces
    faceSet frontFaces now size 82484
Read set faceSet frontFaces size:82484
    Applying source normalToFace
    Adding faces according to normal being aligned with (0 0 1) (to within 0.1) ...
    faceSet frontFaces now size 41242
Created faceSet backFaces
    Applying source patchToFace
    Adding all faces of patches: (defaultFaces) ...
    Found matching patch defaultFaces with 82484 faces
    faceSet backFaces now size 82484
Read set faceSet backFaces size:82484
    Applying source normalToFace
    Adding faces according to normal being aligned with (0 0 -1) (to within 0.1) ...
    faceSet backFaces now size 41242
Time = 48
    mesh not changed.
Created faceSet frontFaces
    Applying source patchToFace
    Adding all faces of patches: (defaultFaces) ...
    Found matching patch defaultFaces with 82484 faces
    faceSet frontFaces now size 82484
Read set faceSet frontFaces size:82484
    Applying source normalToFace
    Adding faces according to normal being aligned with (0 0 1) (to within 0.1) ...
    faceSet frontFaces now size 41242
Created faceSet backFaces
    Applying source patchToFace
    Adding all faces of patches: (defaultFaces) ...
    Found matching patch defaultFaces with 82484 faces
    faceSet backFaces now size 82484
Read set faceSet backFaces size:82484
    Applying source normalToFace
    Adding faces according to normal being aligned with (0 0 -1) (to within 0.1) ...
    faceSet backFaces now size 41242
Time = 50
    mesh not changed.
Created faceSet frontFaces
    Applying source patchToFace
    Adding all faces of patches: (defaultFaces) ...
    Found matching patch defaultFaces with 82484 faces
    faceSet frontFaces now size 82484
Read set faceSet frontFaces size:82484
    Applying source normalToFace
    Adding faces according to normal being aligned with (0 0 1) (to within 0.1) ...
    faceSet frontFaces now size 41242
Created faceSet backFaces
    Applying source patchToFace
    Adding all faces of patches: (defaultFaces) ...
    Found matching patch defaultFaces with 82484 faces
    faceSet backFaces now size 82484
Read set faceSet backFaces size:82484
    Applying source normalToFace
    Adding faces according to normal being aligned with (0 0 -1) (to within 0.1) ...
    faceSet backFaces now size 41242
Time = 76
    mesh not changed.
Created faceSet frontFaces
    Applying source patchToFace
    Adding all faces of patches: (defaultFaces) ...
    Found matching patch defaultFaces with 82484 faces
    faceSet frontFaces now size 82484
Read set faceSet frontFaces size:82484
    Applying source normalToFace
    Adding faces according to normal being aligned with (0 0 1) (to within 0.1) ...
    faceSet frontFaces now size 41242
Created faceSet backFaces
    Applying source patchToFace
    Adding all faces of patches: (defaultFaces) ...
    Found matching patch defaultFaces with 82484 faces
    faceSet backFaces now size 82484
Read set faceSet backFaces size:82484
    Applying source normalToFace
    Adding faces according to normal being aligned with (0 0 -1) (to within 0.1) ...
    faceSet backFaces now size 41242
Time = 90
    mesh not changed.
Created faceSet frontFaces
    Applying source patchToFace
    Adding all faces of patches: (defaultFaces) ...
    Found matching patch defaultFaces with 82484 faces
    faceSet frontFaces now size 82484
Read set faceSet frontFaces size:82484
    Applying source normalToFace
    Adding faces according to normal being aligned with (0 0 1) (to within 0.1) ...
    faceSet frontFaces now size 41242
Created faceSet backFaces
    Applying source patchToFace
    Adding all faces of patches: (defaultFaces) ...
    Found matching patch defaultFaces with 82484 faces
    faceSet backFaces now size 82484
Read set faceSet backFaces size:82484
    Applying source normalToFace
    Adding faces according to normal being aligned with (0 0 -1) (to within 0.1) ...
    faceSet backFaces now size 41242
Time = 98
    mesh not changed.
Created faceSet frontFaces
    Applying source patchToFace
    Adding all faces of patches: (defaultFaces) ...
    Found matching patch defaultFaces with 82484 faces
    faceSet frontFaces now size 82484
Read set faceSet frontFaces size:82484
    Applying source normalToFace
    Adding faces according to normal being aligned with (0 0 1) (to within 0.1) ...
    faceSet frontFaces now size 41242
Created faceSet backFaces
    Applying source patchToFace
    Adding all faces of patches: (defaultFaces) ...
    Found matching patch defaultFaces with 82484 faces
    faceSet backFaces now size 82484
Read set faceSet backFaces size:82484
    Applying source normalToFace
    Adding faces according to normal being aligned with (0 0 -1) (to within 0.1) ...
    faceSet backFaces now size 41242
Time = 100
    mesh not changed.
Created faceSet frontFaces
    Applying source patchToFace
    Adding all faces of patches: (defaultFaces) ...
    Found matching patch defaultFaces with 82484 faces
    faceSet frontFaces now size 82484
Read set faceSet frontFaces size:82484
    Applying source normalToFace
    Adding faces according to normal being aligned with (0 0 1) (to within 0.1) ...
    faceSet frontFaces now size 41242
Created faceSet backFaces
    Applying source patchToFace
    Adding all faces of patches: (defaultFaces) ...
    Found matching patch defaultFaces with 82484 faces
    faceSet backFaces now size 82484
Read set faceSet backFaces size:82484
    Applying source normalToFace
    Adding faces according to normal being aligned with (0 0 -1) (to within 0.1) ...
    faceSet backFaces now size 41242
Time = 107
    mesh not changed.
Created faceSet frontFaces
    Applying source patchToFace
    Adding all faces of patches: (defaultFaces) ...
    Found matching patch defaultFaces with 82484 faces
    faceSet frontFaces now size 82484
Read set faceSet frontFaces size:82484
    Applying source normalToFace
    Adding faces according to normal being aligned with (0 0 1) (to within 0.1) ...
    faceSet frontFaces now size 41242
Created faceSet backFaces
    Applying source patchToFace
    Adding all faces of patches: (defaultFaces) ...
    Found matching patch defaultFaces with 82484 faces
    faceSet backFaces now size 82484
Read set faceSet backFaces size:82484
    Applying source normalToFace
    Adding faces according to normal being aligned with (0 0 -1) (to within 0.1) ...
    faceSet backFaces now size 41242
Time = 150
    mesh not changed.
Created faceSet frontFaces
    Applying source patchToFace
    Adding all faces of patches: (defaultFaces) ...
    Found matching patch defaultFaces with 82484 faces
    faceSet frontFaces now size 82484
Read set faceSet frontFaces size:82484
    Applying source normalToFace
    Adding faces according to normal being aligned with (0 0 1) (to within 0.1) ...
    faceSet frontFaces now size 41242
Created faceSet backFaces
    Applying source patchToFace
    Adding all faces of patches: (defaultFaces) ...
    Found matching patch defaultFaces with 82484 faces
    faceSet backFaces now size 82484
Read set faceSet backFaces size:82484
    Applying source normalToFace
    Adding faces according to normal being aligned with (0 0 -1) (to within 0.1) ...
    faceSet backFaces now size 41242
Time = 200
    mesh not changed.
Created faceSet frontFaces
    Applying source patchToFace
    Adding all faces of patches: (defaultFaces) ...
    Found matching patch defaultFaces with 82484 faces
    faceSet frontFaces now size 82484
Read set faceSet frontFaces size:82484
    Applying source normalToFace
    Adding faces according to normal being aligned with (0 0 1) (to within 0.1) ...
    faceSet frontFaces now size 41242
Created faceSet backFaces
    Applying source patchToFace
    Adding all faces of patches: (defaultFaces) ...
    Found matching patch defaultFaces with 82484 faces
    faceSet backFaces now size 82484
Read set faceSet backFaces size:82484
    Applying source normalToFace
    Adding faces according to normal being aligned with (0 0 -1) (to within 0.1) ...
    faceSet backFaces now size 41242
Time = 250
    mesh not changed.
Created faceSet frontFaces
    Applying source patchToFace
    Adding all faces of patches: (defaultFaces) ...
    Found matching patch defaultFaces with 82484 faces
    faceSet frontFaces now size 82484
Read set faceSet frontFaces size:82484
    Applying source normalToFace
    Adding faces according to normal being aligned with (0 0 1) (to within 0.1) ...
    faceSet frontFaces now size 41242
Created faceSet backFaces
    Applying source patchToFace
    Adding all faces of patches: (defaultFaces) ...
    Found matching patch defaultFaces with 82484 faces
    faceSet backFaces now size 82484
Read set faceSet backFaces size:82484
    Applying source normalToFace
    Adding faces according to normal being aligned with (0 0 -1) (to within 0.1) ...
    faceSet backFaces now size 41242
Time = 300
    mesh not changed.
Created faceSet frontFaces
    Applying source patchToFace
    Adding all faces of patches: (defaultFaces) ...
    Found matching patch defaultFaces with 82484 faces
    faceSet frontFaces now size 82484
Read set faceSet frontFaces size:82484
    Applying source normalToFace
    Adding faces according to normal being aligned with (0 0 1) (to within 0.1) ...
    faceSet frontFaces now size 41242
Created faceSet backFaces
    Applying source patchToFace
    Adding all faces of patches: (defaultFaces) ...
    Found matching patch defaultFaces with 82484 faces
    faceSet backFaces now size 82484
Read set faceSet backFaces size:82484
    Applying source normalToFace
    Adding faces according to normal being aligned with (0 0 -1) (to within 0.1) ...
    faceSet backFaces now size 41242
Time = 350
    mesh not changed.
Created faceSet frontFaces
    Applying source patchToFace
    Adding all faces of patches: (defaultFaces) ...
    Found matching patch defaultFaces with 82484 faces
    faceSet frontFaces now size 82484
Read set faceSet frontFaces size:82484
    Applying source normalToFace
    Adding faces according to normal being aligned with (0 0 1) (to within 0.1) ...
    faceSet frontFaces now size 41242
Created faceSet backFaces
    Applying source patchToFace
    Adding all faces of patches: (defaultFaces) ...
    Found matching patch defaultFaces with 82484 faces
    faceSet backFaces now size 82484
Read set faceSet backFaces size:82484
    Applying source normalToFace
    Adding faces according to normal being aligned with (0 0 -1) (to within 0.1) ...
    faceSet backFaces now size 41242
Time = 400
    mesh not changed.
Created faceSet frontFaces
    Applying source patchToFace
    Adding all faces of patches: (defaultFaces) ...
    Found matching patch defaultFaces with 82484 faces
    faceSet frontFaces now size 82484
Read set faceSet frontFaces size:82484
    Applying source normalToFace
    Adding faces according to normal being aligned with (0 0 1) (to within 0.1) ...
    faceSet frontFaces now size 41242
Created faceSet backFaces
    Applying source patchToFace
    Adding all faces of patches: (defaultFaces) ...
    Found matching patch defaultFaces with 82484 faces
    faceSet backFaces now size 82484
Read set faceSet backFaces size:82484
    Applying source normalToFace
    Adding faces according to normal being aligned with (0 0 -1) (to within 0.1) ...
    faceSet backFaces now size 41242
Time = 450
    mesh not changed.
Created faceSet frontFaces
    Applying source patchToFace
    Adding all faces of patches: (defaultFaces) ...
    Found matching patch defaultFaces with 82484 faces
    faceSet frontFaces now size 82484
Read set faceSet frontFaces size:82484
    Applying source normalToFace
    Adding faces according to normal being aligned with (0 0 1) (to within 0.1) ...
    faceSet frontFaces now size 41242
Created faceSet backFaces
    Applying source patchToFace
    Adding all faces of patches: (defaultFaces) ...
    Found matching patch defaultFaces with 82484 faces
    faceSet backFaces now size 82484
Read set faceSet backFaces size:82484
    Applying source normalToFace
    Adding faces according to normal being aligned with (0 0 -1) (to within 0.1) ...
    faceSet backFaces now size 41242
Time = 500
    mesh not changed.
Created faceSet frontFaces
    Applying source patchToFace
    Adding all faces of patches: (defaultFaces) ...
    Found matching patch defaultFaces with 82484 faces
    faceSet frontFaces now size 82484
Read set faceSet frontFaces size:82484
    Applying source normalToFace
    Adding faces according to normal being aligned with (0 0 1) (to within 0.1) ...
    faceSet frontFaces now size 41242
Created faceSet backFaces
    Applying source patchToFace
    Adding all faces of patches: (defaultFaces) ...
    Found matching patch defaultFaces with 82484 faces
    faceSet backFaces now size 82484
Read set faceSet backFaces size:82484
    Applying source normalToFace
    Adding faces according to normal being aligned with (0 0 -1) (to within 0.1) ...
    faceSet backFaces now size 41242

End

/*---------------------------------------------------------------------------*\
| =========                 |                                                 |
| \\      /  F ield         | OpenFOAM: The Open Source CFD Toolbox           |
|  \\    /   O peration     | Version:  2512                                  |
|   \\  /    A nd           | Website:  www.openfoam.com                      |
|    \\/     M anipulation  |                                                 |
\*---------------------------------------------------------------------------*/
Build  : _bd2b6720-20260127 OPENFOAM=2512 version=2512
Arch   : "LSB;label=32;scalar=64"
Exec   : topoSet -dict system/topoSetDict.splitWall -constant
Date   : Jul 16 2026
Time   : 01:01:59
Host   : 207c84b495aa
PID    : 237
I/O    : uncollated
Case   : /simulation/doc-g1-sim1/fluid
nProcs : 1
trapFpe: Floating point exception trapping enabled (FOAM_SIGFPE).
memory pool : not available
fileModificationChecking : Monitoring run-time modified files using timeStampMaster (fileModificationSkew 5, maxFileModificationPolls 20)
allowSystemOperations : Allowing user-supplied system call operations

// * * * * * * * * * * * * * * * * * * * * * * * * * * * * * * * * * * * * * //
Create time

Create polyMesh for time = constant

Reading topoSetDict.splitWall

Time = constant
    mesh not changed.
Created faceSet outlet_tm_faces
    Applying source patchToFace
    Adding all faces of patches: (outlet_tm) ...
    Found matching patch outlet_tm with 2 faces
    faceSet outlet_tm_faces now size 2
Read set faceSet outlet_tm_faces size:2
    Applying source patchToFace
    Adding all faces of patches: (wall) ...
    Found matching patch wall with 558 faces
    faceSet outlet_tm_faces now size 560
Read set faceSet outlet_tm_faces size:560
    Applying source patchToFace
    Adding all faces of patches: (tm_se_wall) ...
--> FOAM Warning : 
    From Foam::labelHashSet Foam::polyBoundaryMesh::patchSet(const Foam::UList<Foam::wordRe>&, bool, bool) const
    in file meshes/polyMesh/polyBoundaryMesh/polyBoundaryMesh.C at line 1158
    Cannot find any patch names matching tm_se_wall
--> FOAM Warning : 
    From void Foam::patchToFace::combine(Foam::topoSet&, bool) const
    in file topoSet/faceSources/patchToFace/patchToFace.C at line 96
    Cannot find any patches matching (tm_se_wall)
Valid names: (wall iris_wall outlet_tm lens_wall ac_inlet ac_inlet_left outlet_tm_left defaultFaces)
    faceSet outlet_tm_faces now size 560
Read set faceSet outlet_tm_faces size:560
    Applying source boxToFace
    Adding faces with centre within boxes 1((0.00678 -0.00465 -1e-05) (0.00692 -0.0045 0.001001))
    faceSet outlet_tm_faces now size 1
Read set faceSet outlet_tm_faces size:1
    Applying source normalToFace
    Adding faces according to normal being aligned with (0.75568908 -0.65493054 0) (to within 0.5) ...
    faceSet outlet_tm_faces now size 1
Created faceSet outlet_tm_left_faces
    Applying source patchToFace
    Adding all faces of patches: (outlet_tm_left) ...
    Found matching patch outlet_tm_left with 2 faces
    faceSet outlet_tm_left_faces now size 2
Read set faceSet outlet_tm_left_faces size:2
    Applying source patchToFace
    Adding all faces of patches: (wall) ...
    Found matching patch wall with 558 faces
    faceSet outlet_tm_left_faces now size 560
Read set faceSet outlet_tm_left_faces size:560
    Applying source patchToFace
    Adding all faces of patches: (tm_se_wall) ...
--> FOAM Warning : 
    From Foam::labelHashSet Foam::polyBoundaryMesh::patchSet(const Foam::UList<Foam::wordRe>&, bool, bool) const
    in file meshes/polyMesh/polyBoundaryMesh/polyBoundaryMesh.C at line 1158
    Cannot find any patch names matching tm_se_wall
--> FOAM Warning : 
    From void Foam::patchToFace::combine(Foam::topoSet&, bool) const
    in file topoSet/faceSources/patchToFace/patchToFace.C at line 96
    Cannot find any patches matching (tm_se_wall)
Valid names: (wall iris_wall outlet_tm lens_wall ac_inlet ac_inlet_left outlet_tm_left defaultFaces)
    faceSet outlet_tm_left_faces now size 560
Read set faceSet outlet_tm_left_faces size:560
    Applying source boxToFace
    Adding faces with centre within boxes 1((-0.00692 -0.00465 -1e-05) (-0.00678 -0.0045 0.001001))
    faceSet outlet_tm_left_faces now size 1
Read set faceSet outlet_tm_left_faces size:1
    Applying source normalToFace
    Adding faces according to normal being aligned with (-0.75568908 -0.65493054 0) (to within 0.5) ...
    faceSet outlet_tm_left_faces now size 1
Created faceSet outlet_se_to_wall
    Applying source patchToFace
    Adding all faces of patches: (outlet_tm) ...
    Found matching patch outlet_tm with 2 faces
    faceSet outlet_se_to_wall now size 2
Read set faceSet outlet_se_to_wall size:2
    Applying source patchToFace
    Adding all faces of patches: (outlet_tm_left) ...
    Found matching patch outlet_tm_left with 2 faces
    faceSet outlet_se_to_wall now size 4
Read set faceSet outlet_se_to_wall size:4
    Applying source faceToFace
    Removing all elements of face sets: (outlet_tm_faces)
    faceSet outlet_se_to_wall now size 3
Read set faceSet outlet_se_to_wall size:3
    Applying source faceToFace
    Removing all elements of face sets: (outlet_tm_left_faces)
    faceSet outlet_se_to_wall now size 2
Created faceSet ac_inlet_faces
    Applying source patchToFace
    Adding all faces of patches: (ac_inlet) ...
    Found matching patch ac_inlet with 3 faces
    faceSet ac_inlet_faces now size 3
Read set faceSet ac_inlet_faces size:3
    Applying source patchToFace
    Adding all faces of patches: (iris_wall) ...
    Found matching patch iris_wall with 248 faces
    faceSet ac_inlet_faces now size 251
Read set faceSet ac_inlet_faces size:251
    Applying source patchToFace
    Adding all faces of patches: (wall) ...
    Found matching patch wall with 558 faces
    faceSet ac_inlet_faces now size 809
Read set faceSet ac_inlet_faces size:809
    Applying source boxToFace
    Adding faces with centre within boxes 1((0.00688 -0.00395 -1e-05) (0.00705 -0.00355 0.001001))
    faceSet ac_inlet_faces now size 2
Read set faceSet ac_inlet_faces size:2
    Applying source normalToFace
    Adding faces according to normal being aligned with (1 0 0) (to within 0.7) ...
    faceSet ac_inlet_faces now size 2
Created faceSet ac_inlet_left_faces
    Applying source patchToFace
    Adding all faces of patches: (ac_inlet_left) ...
    Found matching patch ac_inlet_left with 3 faces
    faceSet ac_inlet_left_faces now size 3
Read set faceSet ac_inlet_left_faces size:3
    Applying source patchToFace
    Adding all faces of patches: (iris_wall) ...
    Found matching patch iris_wall with 248 faces
    faceSet ac_inlet_left_faces now size 251
Read set faceSet ac_inlet_left_faces size:251
    Applying source patchToFace
    Adding all faces of patches: (wall) ...
    Found matching patch wall with 558 faces
    faceSet ac_inlet_left_faces now size 809
Read set faceSet ac_inlet_left_faces size:809
    Applying source boxToFace
    Adding faces with centre within boxes 1((-0.00705 -0.00395 -1e-05) (-0.00688 -0.00355 0.001001))
    faceSet ac_inlet_left_faces now size 2
Read set faceSet ac_inlet_left_faces size:2
    Applying source normalToFace
    Adding faces according to normal being aligned with (-1 0 0) (to within 0.7) ...
    faceSet ac_inlet_left_faces now size 2
Created faceSet ac_inlet_to_wall
    Applying source patchToFace
    Adding all faces of patches: (ac_inlet) ...
    Found matching patch ac_inlet with 3 faces
    faceSet ac_inlet_to_wall now size 3
Read set faceSet ac_inlet_to_wall size:3
    Applying source patchToFace
    Adding all faces of patches: (ac_inlet_left) ...
    Found matching patch ac_inlet_left with 3 faces
    faceSet ac_inlet_to_wall now size 6
Read set faceSet ac_inlet_to_wall size:6
    Applying source faceToFace
    Removing all elements of face sets: (ac_inlet_faces)
    faceSet ac_inlet_to_wall now size 4
Read set faceSet ac_inlet_to_wall size:4
    Applying source faceToFace
    Removing all elements of face sets: (ac_inlet_left_faces)
    faceSet ac_inlet_to_wall now size 2
Time = 0
    mesh not changed.
Created faceSet outlet_tm_faces
    Applying source patchToFace
    Adding all faces of patches: (outlet_tm) ...
    Found matching patch outlet_tm with 2 faces
    faceSet outlet_tm_faces now size 2
Read set faceSet outlet_tm_faces size:2
    Applying source patchToFace
    Adding all faces of patches: (wall) ...
    Found matching patch wall with 558 faces
    faceSet outlet_tm_faces now size 560
Read set faceSet outlet_tm_faces size:560
    Applying source patchToFace
    Adding all faces of patches: (tm_se_wall) ...
--> FOAM Warning : 
    From Foam::labelHashSet Foam::polyBoundaryMesh::patchSet(const Foam::UList<Foam::wordRe>&, bool, bool) const
    in file meshes/polyMesh/polyBoundaryMesh/polyBoundaryMesh.C at line 1158
    Cannot find any patch names matching tm_se_wall
--> FOAM Warning : 
    From void Foam::patchToFace::combine(Foam::topoSet&, bool) const
    in file topoSet/faceSources/patchToFace/patchToFace.C at line 96
    Cannot find any patches matching (tm_se_wall)
Valid names: (wall iris_wall outlet_tm lens_wall ac_inlet ac_inlet_left outlet_tm_left defaultFaces)
    faceSet outlet_tm_faces now size 560
Read set faceSet outlet_tm_faces size:560
    Applying source boxToFace
    Adding faces with centre within boxes 1((0.00678 -0.00465 -1e-05) (0.00692 -0.0045 0.001001))
    faceSet outlet_tm_faces now size 1
Read set faceSet outlet_tm_faces size:1
    Applying source normalToFace
    Adding faces according to normal being aligned with (0.75568908 -0.65493054 0) (to within 0.5) ...
    faceSet outlet_tm_faces now size 1
Created faceSet outlet_tm_left_faces
    Applying source patchToFace
    Adding all faces of patches: (outlet_tm_left) ...
    Found matching patch outlet_tm_left with 2 faces
    faceSet outlet_tm_left_faces now size 2
Read set faceSet outlet_tm_left_faces size:2
    Applying source patchToFace
    Adding all faces of patches: (wall) ...
    Found matching patch wall with 558 faces
    faceSet outlet_tm_left_faces now size 560
Read set faceSet outlet_tm_left_faces size:560
    Applying source patchToFace
    Adding all faces of patches: (tm_se_wall) ...
--> FOAM Warning : 
    From Foam::labelHashSet Foam::polyBoundaryMesh::patchSet(const Foam::UList<Foam::wordRe>&, bool, bool) const
    in file meshes/polyMesh/polyBoundaryMesh/polyBoundaryMesh.C at line 1158
    Cannot find any patch names matching tm_se_wall
--> FOAM Warning : 
    From void Foam::patchToFace::combine(Foam::topoSet&, bool) const
    in file topoSet/faceSources/patchToFace/patchToFace.C at line 96
    Cannot find any patches matching (tm_se_wall)
Valid names: (wall iris_wall outlet_tm lens_wall ac_inlet ac_inlet_left outlet_tm_left defaultFaces)
    faceSet outlet_tm_left_faces now size 560
Read set faceSet outlet_tm_left_faces size:560
    Applying source boxToFace
    Adding faces with centre within boxes 1((-0.00692 -0.00465 -1e-05) (-0.00678 -0.0045 0.001001))
    faceSet outlet_tm_left_faces now size 1
Read set faceSet outlet_tm_left_faces size:1
    Applying source normalToFace
    Adding faces according to normal being aligned with (-0.75568908 -0.65493054 0) (to within 0.5) ...
    faceSet outlet_tm_left_faces now size 1
Created faceSet outlet_se_to_wall
    Applying source patchToFace
    Adding all faces of patches: (outlet_tm) ...
    Found matching patch outlet_tm with 2 faces
    faceSet outlet_se_to_wall now size 2
Read set faceSet outlet_se_to_wall size:2
    Applying source patchToFace
    Adding all faces of patches: (outlet_tm_left) ...
    Found matching patch outlet_tm_left with 2 faces
    faceSet outlet_se_to_wall now size 4
Read set faceSet outlet_se_to_wall size:4
    Applying source faceToFace
    Removing all elements of face sets: (outlet_tm_faces)
    faceSet outlet_se_to_wall now size 3
Read set faceSet outlet_se_to_wall size:3
    Applying source faceToFace
    Removing all elements of face sets: (outlet_tm_left_faces)
    faceSet outlet_se_to_wall now size 2
Created faceSet ac_inlet_faces
    Applying source patchToFace
    Adding all faces of patches: (ac_inlet) ...
    Found matching patch ac_inlet with 3 faces
    faceSet ac_inlet_faces now size 3
Read set faceSet ac_inlet_faces size:3
    Applying source patchToFace
    Adding all faces of patches: (iris_wall) ...
    Found matching patch iris_wall with 248 faces
    faceSet ac_inlet_faces now size 251
Read set faceSet ac_inlet_faces size:251
    Applying source patchToFace
    Adding all faces of patches: (wall) ...
    Found matching patch wall with 558 faces
    faceSet ac_inlet_faces now size 809
Read set faceSet ac_inlet_faces size:809
    Applying source boxToFace
    Adding faces with centre within boxes 1((0.00688 -0.00395 -1e-05) (0.00705 -0.00355 0.001001))
    faceSet ac_inlet_faces now size 2
Read set faceSet ac_inlet_faces size:2
    Applying source normalToFace
    Adding faces according to normal being aligned with (1 0 0) (to within 0.7) ...
    faceSet ac_inlet_faces now size 2
Created faceSet ac_inlet_left_faces
    Applying source patchToFace
    Adding all faces of patches: (ac_inlet_left) ...
    Found matching patch ac_inlet_left with 3 faces
    faceSet ac_inlet_left_faces now size 3
Read set faceSet ac_inlet_left_faces size:3
    Applying source patchToFace
    Adding all faces of patches: (iris_wall) ...
    Found matching patch iris_wall with 248 faces
    faceSet ac_inlet_left_faces now size 251
Read set faceSet ac_inlet_left_faces size:251
    Applying source patchToFace
    Adding all faces of patches: (wall) ...
    Found matching patch wall with 558 faces
    faceSet ac_inlet_left_faces now size 809
Read set faceSet ac_inlet_left_faces size:809
    Applying source boxToFace
    Adding faces with centre within boxes 1((-0.00705 -0.00395 -1e-05) (-0.00688 -0.00355 0.001001))
    faceSet ac_inlet_left_faces now size 2
Read set faceSet ac_inlet_left_faces size:2
    Applying source normalToFace
    Adding faces according to normal being aligned with (-1 0 0) (to within 0.7) ...
    faceSet ac_inlet_left_faces now size 2
Created faceSet ac_inlet_to_wall
    Applying source patchToFace
    Adding all faces of patches: (ac_inlet) ...
    Found matching patch ac_inlet with 3 faces
    faceSet ac_inlet_to_wall now size 3
Read set faceSet ac_inlet_to_wall size:3
    Applying source patchToFace
    Adding all faces of patches: (ac_inlet_left) ...
    Found matching patch ac_inlet_left with 3 faces
    faceSet ac_inlet_to_wall now size 6
Read set faceSet ac_inlet_to_wall size:6
    Applying source faceToFace
    Removing all elements of face sets: (ac_inlet_faces)
    faceSet ac_inlet_to_wall now size 4
Read set faceSet ac_inlet_to_wall size:4
    Applying source faceToFace
    Removing all elements of face sets: (ac_inlet_left_faces)
    faceSet ac_inlet_to_wall now size 2
Time = 48
    mesh not changed.
Created faceSet outlet_tm_faces
    Applying source patchToFace
    Adding all faces of patches: (outlet_tm) ...
    Found matching patch outlet_tm with 2 faces
    faceSet outlet_tm_faces now size 2
Read set faceSet outlet_tm_faces size:2
    Applying source patchToFace
    Adding all faces of patches: (wall) ...
    Found matching patch wall with 558 faces
    faceSet outlet_tm_faces now size 560
Read set faceSet outlet_tm_faces size:560
    Applying source patchToFace
    Adding all faces of patches: (tm_se_wall) ...
--> FOAM Warning : 
    From Foam::labelHashSet Foam::polyBoundaryMesh::patchSet(const Foam::UList<Foam::wordRe>&, bool, bool) const
    in file meshes/polyMesh/polyBoundaryMesh/polyBoundaryMesh.C at line 1158
    Cannot find any patch names matching tm_se_wall
--> FOAM Warning : 
    From void Foam::patchToFace::combine(Foam::topoSet&, bool) const
    in file topoSet/faceSources/patchToFace/patchToFace.C at line 96
    Cannot find any patches matching (tm_se_wall)
Valid names: (wall iris_wall outlet_tm lens_wall ac_inlet ac_inlet_left outlet_tm_left defaultFaces)
    faceSet outlet_tm_faces now size 560
Read set faceSet outlet_tm_faces size:560
    Applying source boxToFace
    Adding faces with centre within boxes 1((0.00678 -0.00465 -1e-05) (0.00692 -0.0045 0.001001))
    faceSet outlet_tm_faces now size 1
Read set faceSet outlet_tm_faces size:1
    Applying source normalToFace
    Adding faces according to normal being aligned with (0.75568908 -0.65493054 0) (to within 0.5) ...
    faceSet outlet_tm_faces now size 1
Created faceSet outlet_tm_left_faces
    Applying source patchToFace
    Adding all faces of patches: (outlet_tm_left) ...
    Found matching patch outlet_tm_left with 2 faces
    faceSet outlet_tm_left_faces now size 2
Read set faceSet outlet_tm_left_faces size:2
    Applying source patchToFace
    Adding all faces of patches: (wall) ...
    Found matching patch wall with 558 faces
    faceSet outlet_tm_left_faces now size 560
Read set faceSet outlet_tm_left_faces size:560
    Applying source patchToFace
    Adding all faces of patches: (tm_se_wall) ...
--> FOAM Warning : 
    From Foam::labelHashSet Foam::polyBoundaryMesh::patchSet(const Foam::UList<Foam::wordRe>&, bool, bool) const
    in file meshes/polyMesh/polyBoundaryMesh/polyBoundaryMesh.C at line 1158
    Cannot find any patch names matching tm_se_wall
--> FOAM Warning : 
    From void Foam::patchToFace::combine(Foam::topoSet&, bool) const
    in file topoSet/faceSources/patchToFace/patchToFace.C at line 96
    Cannot find any patches matching (tm_se_wall)
Valid names: (wall iris_wall outlet_tm lens_wall ac_inlet ac_inlet_left outlet_tm_left defaultFaces)
    faceSet outlet_tm_left_faces now size 560
Read set faceSet outlet_tm_left_faces size:560
    Applying source boxToFace
    Adding faces with centre within boxes 1((-0.00692 -0.00465 -1e-05) (-0.00678 -0.0045 0.001001))
    faceSet outlet_tm_left_faces now size 1
Read set faceSet outlet_tm_left_faces size:1
    Applying source normalToFace
    Adding faces according to normal being aligned with (-0.75568908 -0.65493054 0) (to within 0.5) ...
    faceSet outlet_tm_left_faces now size 1
Created faceSet outlet_se_to_wall
    Applying source patchToFace
    Adding all faces of patches: (outlet_tm) ...
    Found matching patch outlet_tm with 2 faces
    faceSet outlet_se_to_wall now size 2
Read set faceSet outlet_se_to_wall size:2
    Applying source patchToFace
    Adding all faces of patches: (outlet_tm_left) ...
    Found matching patch outlet_tm_left with 2 faces
    faceSet outlet_se_to_wall now size 4
Read set faceSet outlet_se_to_wall size:4
    Applying source faceToFace
    Removing all elements of face sets: (outlet_tm_faces)
    faceSet outlet_se_to_wall now size 3
Read set faceSet outlet_se_to_wall size:3
    Applying source faceToFace
    Removing all elements of face sets: (outlet_tm_left_faces)
    faceSet outlet_se_to_wall now size 2
Created faceSet ac_inlet_faces
    Applying source patchToFace
    Adding all faces of patches: (ac_inlet) ...
    Found matching patch ac_inlet with 3 faces
    faceSet ac_inlet_faces now size 3
Read set faceSet ac_inlet_faces size:3
    Applying source patchToFace
    Adding all faces of patches: (iris_wall) ...
    Found matching patch iris_wall with 248 faces
    faceSet ac_inlet_faces now size 251
Read set faceSet ac_inlet_faces size:251
    Applying source patchToFace
    Adding all faces of patches: (wall) ...
    Found matching patch wall with 558 faces
    faceSet ac_inlet_faces now size 809
Read set faceSet ac_inlet_faces size:809
    Applying source boxToFace
    Adding faces with centre within boxes 1((0.00688 -0.00395 -1e-05) (0.00705 -0.00355 0.001001))
    faceSet ac_inlet_faces now size 2
Read set faceSet ac_inlet_faces size:2
    Applying source normalToFace
    Adding faces according to normal being aligned with (1 0 0) (to within 0.7) ...
    faceSet ac_inlet_faces now size 2
Created faceSet ac_inlet_left_faces
    Applying source patchToFace
    Adding all faces of patches: (ac_inlet_left) ...
    Found matching patch ac_inlet_left with 3 faces
    faceSet ac_inlet_left_faces now size 3
Read set faceSet ac_inlet_left_faces size:3
    Applying source patchToFace
    Adding all faces of patches: (iris_wall) ...
    Found matching patch iris_wall with 248 faces
    faceSet ac_inlet_left_faces now size 251
Read set faceSet ac_inlet_left_faces size:251
    Applying source patchToFace
    Adding all faces of patches: (wall) ...
    Found matching patch wall with 558 faces
    faceSet ac_inlet_left_faces now size 809
Read set faceSet ac_inlet_left_faces size:809
    Applying source boxToFace
    Adding faces with centre within boxes 1((-0.00705 -0.00395 -1e-05) (-0.00688 -0.00355 0.001001))
    faceSet ac_inlet_left_faces now size 2
Read set faceSet ac_inlet_left_faces size:2
    Applying source normalToFace
    Adding faces according to normal being aligned with (-1 0 0) (to within 0.7) ...
    faceSet ac_inlet_left_faces now size 2
Created faceSet ac_inlet_to_wall
    Applying source patchToFace
    Adding all faces of patches: (ac_inlet) ...
    Found matching patch ac_inlet with 3 faces
    faceSet ac_inlet_to_wall now size 3
Read set faceSet ac_inlet_to_wall size:3
    Applying source patchToFace
    Adding all faces of patches: (ac_inlet_left) ...
    Found matching patch ac_inlet_left with 3 faces
    faceSet ac_inlet_to_wall now size 6
Read set faceSet ac_inlet_to_wall size:6
    Applying source faceToFace
    Removing all elements of face sets: (ac_inlet_faces)
    faceSet ac_inlet_to_wall now size 4
Read set faceSet ac_inlet_to_wall size:4
    Applying source faceToFace
    Removing all elements of face sets: (ac_inlet_left_faces)
    faceSet ac_inlet_to_wall now size 2
Time = 50
    mesh not changed.
Created faceSet outlet_tm_faces
    Applying source patchToFace
    Adding all faces of patches: (outlet_tm) ...
    Found matching patch outlet_tm with 2 faces
    faceSet outlet_tm_faces now size 2
Read set faceSet outlet_tm_faces size:2
    Applying source patchToFace
    Adding all faces of patches: (wall) ...
    Found matching patch wall with 558 faces
    faceSet outlet_tm_faces now size 560
Read set faceSet outlet_tm_faces size:560
    Applying source patchToFace
    Adding all faces of patches: (tm_se_wall) ...
--> FOAM Warning : 
    From Foam::labelHashSet Foam::polyBoundaryMesh::patchSet(const Foam::UList<Foam::wordRe>&, bool, bool) const
    in file meshes/polyMesh/polyBoundaryMesh/polyBoundaryMesh.C at line 1158
    Cannot find any patch names matching tm_se_wall
--> FOAM Warning : 
    From void Foam::patchToFace::combine(Foam::topoSet&, bool) const
    in file topoSet/faceSources/patchToFace/patchToFace.C at line 96
    Cannot find any patches matching (tm_se_wall)
Valid names: (wall iris_wall outlet_tm lens_wall ac_inlet ac_inlet_left outlet_tm_left defaultFaces)
    faceSet outlet_tm_faces now size 560
Read set faceSet outlet_tm_faces size:560
    Applying source boxToFace
    Adding faces with centre within boxes 1((0.00678 -0.00465 -1e-05) (0.00692 -0.0045 0.001001))
    faceSet outlet_tm_faces now size 1
Read set faceSet outlet_tm_faces size:1
    Applying source normalToFace
    Adding faces according to normal being aligned with (0.75568908 -0.65493054 0) (to within 0.5) ...
    faceSet outlet_tm_faces now size 1
Created faceSet outlet_tm_left_faces
    Applying source patchToFace
    Adding all faces of patches: (outlet_tm_left) ...
    Found matching patch outlet_tm_left with 2 faces
    faceSet outlet_tm_left_faces now size 2
Read set faceSet outlet_tm_left_faces size:2
    Applying source patchToFace
    Adding all faces of patches: (wall) ...
    Found matching patch wall with 558 faces
    faceSet outlet_tm_left_faces now size 560
Read set faceSet outlet_tm_left_faces size:560
    Applying source patchToFace
    Adding all faces of patches: (tm_se_wall) ...
--> FOAM Warning : 
    From Foam::labelHashSet Foam::polyBoundaryMesh::patchSet(const Foam::UList<Foam::wordRe>&, bool, bool) const
    in file meshes/polyMesh/polyBoundaryMesh/polyBoundaryMesh.C at line 1158
    Cannot find any patch names matching tm_se_wall
--> FOAM Warning : 
    From void Foam::patchToFace::combine(Foam::topoSet&, bool) const
    in file topoSet/faceSources/patchToFace/patchToFace.C at line 96
    Cannot find any patches matching (tm_se_wall)
Valid names: (wall iris_wall outlet_tm lens_wall ac_inlet ac_inlet_left outlet_tm_left defaultFaces)
    faceSet outlet_tm_left_faces now size 560
Read set faceSet outlet_tm_left_faces size:560
    Applying source boxToFace
    Adding faces with centre within boxes 1((-0.00692 -0.00465 -1e-05) (-0.00678 -0.0045 0.001001))
    faceSet outlet_tm_left_faces now size 1
Read set faceSet outlet_tm_left_faces size:1
    Applying source normalToFace
    Adding faces according to normal being aligned with (-0.75568908 -0.65493054 0) (to within 0.5) ...
    faceSet outlet_tm_left_faces now size 1
Created faceSet outlet_se_to_wall
    Applying source patchToFace
    Adding all faces of patches: (outlet_tm) ...
    Found matching patch outlet_tm with 2 faces
    faceSet outlet_se_to_wall now size 2
Read set faceSet outlet_se_to_wall size:2
    Applying source patchToFace
    Adding all faces of patches: (outlet_tm_left) ...
    Found matching patch outlet_tm_left with 2 faces
    faceSet outlet_se_to_wall now size 4
Read set faceSet outlet_se_to_wall size:4
    Applying source faceToFace
    Removing all elements of face sets: (outlet_tm_faces)
    faceSet outlet_se_to_wall now size 3
Read set faceSet outlet_se_to_wall size:3
    Applying source faceToFace
    Removing all elements of face sets: (outlet_tm_left_faces)
    faceSet outlet_se_to_wall now size 2
Created faceSet ac_inlet_faces
    Applying source patchToFace
    Adding all faces of patches: (ac_inlet) ...
    Found matching patch ac_inlet with 3 faces
    faceSet ac_inlet_faces now size 3
Read set faceSet ac_inlet_faces size:3
    Applying source patchToFace
    Adding all faces of patches: (iris_wall) ...
    Found matching patch iris_wall with 248 faces
    faceSet ac_inlet_faces now size 251
Read set faceSet ac_inlet_faces size:251
    Applying source patchToFace
    Adding all faces of patches: (wall) ...
    Found matching patch wall with 558 faces
    faceSet ac_inlet_faces now size 809
Read set faceSet ac_inlet_faces size:809
    Applying source boxToFace
    Adding faces with centre within boxes 1((0.00688 -0.00395 -1e-05) (0.00705 -0.00355 0.001001))
    faceSet ac_inlet_faces now size 2
Read set faceSet ac_inlet_faces size:2
    Applying source normalToFace
    Adding faces according to normal being aligned with (1 0 0) (to within 0.7) ...
    faceSet ac_inlet_faces now size 2
Created faceSet ac_inlet_left_faces
    Applying source patchToFace
    Adding all faces of patches: (ac_inlet_left) ...
    Found matching patch ac_inlet_left with 3 faces
    faceSet ac_inlet_left_faces now size 3
Read set faceSet ac_inlet_left_faces size:3
    Applying source patchToFace
    Adding all faces of patches: (iris_wall) ...
    Found matching patch iris_wall with 248 faces
    faceSet ac_inlet_left_faces now size 251
Read set faceSet ac_inlet_left_faces size:251
    Applying source patchToFace
    Adding all faces of patches: (wall) ...
    Found matching patch wall with 558 faces
    faceSet ac_inlet_left_faces now size 809
Read set faceSet ac_inlet_left_faces size:809
    Applying source boxToFace
    Adding faces with centre within boxes 1((-0.00705 -0.00395 -1e-05) (-0.00688 -0.00355 0.001001))
    faceSet ac_inlet_left_faces now size 2
Read set faceSet ac_inlet_left_faces size:2
    Applying source normalToFace
    Adding faces according to normal being aligned with (-1 0 0) (to within 0.7) ...
    faceSet ac_inlet_left_faces now size 2
Created faceSet ac_inlet_to_wall
    Applying source patchToFace
    Adding all faces of patches: (ac_inlet) ...
    Found matching patch ac_inlet with 3 faces
    faceSet ac_inlet_to_wall now size 3
Read set faceSet ac_inlet_to_wall size:3
    Applying source patchToFace
    Adding all faces of patches: (ac_inlet_left) ...
    Found matching patch ac_inlet_left with 3 faces
    faceSet ac_inlet_to_wall now size 6
Read set faceSet ac_inlet_to_wall size:6
    Applying source faceToFace
    Removing all elements of face sets: (ac_inlet_faces)
    faceSet ac_inlet_to_wall now size 4
Read set faceSet ac_inlet_to_wall size:4
    Applying source faceToFace
    Removing all elements of face sets: (ac_inlet_left_faces)
    faceSet ac_inlet_to_wall now size 2
Time = 76
    mesh not changed.
Created faceSet outlet_tm_faces
    Applying source patchToFace
    Adding all faces of patches: (outlet_tm) ...
    Found matching patch outlet_tm with 2 faces
    faceSet outlet_tm_faces now size 2
Read set faceSet outlet_tm_faces size:2
    Applying source patchToFace
    Adding all faces of patches: (wall) ...
    Found matching patch wall with 558 faces
    faceSet outlet_tm_faces now size 560
Read set faceSet outlet_tm_faces size:560
    Applying source patchToFace
    Adding all faces of patches: (tm_se_wall) ...
--> FOAM Warning : 
    From Foam::labelHashSet Foam::polyBoundaryMesh::patchSet(const Foam::UList<Foam::wordRe>&, bool, bool) const
    in file meshes/polyMesh/polyBoundaryMesh/polyBoundaryMesh.C at line 1158
    Cannot find any patch names matching tm_se_wall
--> FOAM Warning : 
    From void Foam::patchToFace::combine(Foam::topoSet&, bool) const
    in file topoSet/faceSources/patchToFace/patchToFace.C at line 96
    Cannot find any patches matching (tm_se_wall)
Valid names: (wall iris_wall outlet_tm lens_wall ac_inlet ac_inlet_left outlet_tm_left defaultFaces)
    faceSet outlet_tm_faces now size 560
Read set faceSet outlet_tm_faces size:560
    Applying source boxToFace
    Adding faces with centre within boxes 1((0.00678 -0.00465 -1e-05) (0.00692 -0.0045 0.001001))
    faceSet outlet_tm_faces now size 1
Read set faceSet outlet_tm_faces size:1
    Applying source normalToFace
    Adding faces according to normal being aligned with (0.75568908 -0.65493054 0) (to within 0.5) ...
    faceSet outlet_tm_faces now size 1
Created faceSet outlet_tm_left_faces
    Applying source patchToFace
    Adding all faces of patches: (outlet_tm_left) ...
    Found matching patch outlet_tm_left with 2 faces
    faceSet outlet_tm_left_faces now size 2
Read set faceSet outlet_tm_left_faces size:2
    Applying source patchToFace
    Adding all faces of patches: (wall) ...
    Found matching patch wall with 558 faces
    faceSet outlet_tm_left_faces now size 560
Read set faceSet outlet_tm_left_faces size:560
    Applying source patchToFace
    Adding all faces of patches: (tm_se_wall) ...
--> FOAM Warning : 
    From Foam::labelHashSet Foam::polyBoundaryMesh::patchSet(const Foam::UList<Foam::wordRe>&, bool, bool) const
    in file meshes/polyMesh/polyBoundaryMesh/polyBoundaryMesh.C at line 1158
    Cannot find any patch names matching tm_se_wall
--> FOAM Warning : 
    From void Foam::patchToFace::combine(Foam::topoSet&, bool) const
    in file topoSet/faceSources/patchToFace/patchToFace.C at line 96
    Cannot find any patches matching (tm_se_wall)
Valid names: (wall iris_wall outlet_tm lens_wall ac_inlet ac_inlet_left outlet_tm_left defaultFaces)
    faceSet outlet_tm_left_faces now size 560
Read set faceSet outlet_tm_left_faces size:560
    Applying source boxToFace
    Adding faces with centre within boxes 1((-0.00692 -0.00465 -1e-05) (-0.00678 -0.0045 0.001001))
    faceSet outlet_tm_left_faces now size 1
Read set faceSet outlet_tm_left_faces size:1
    Applying source normalToFace
    Adding faces according to normal being aligned with (-0.75568908 -0.65493054 0) (to within 0.5) ...
    faceSet outlet_tm_left_faces now size 1
Created faceSet outlet_se_to_wall
    Applying source patchToFace
    Adding all faces of patches: (outlet_tm) ...
    Found matching patch outlet_tm with 2 faces
    faceSet outlet_se_to_wall now size 2
Read set faceSet outlet_se_to_wall size:2
    Applying source patchToFace
    Adding all faces of patches: (outlet_tm_left) ...
    Found matching patch outlet_tm_left with 2 faces
    faceSet outlet_se_to_wall now size 4
Read set faceSet outlet_se_to_wall size:4
    Applying source faceToFace
    Removing all elements of face sets: (outlet_tm_faces)
    faceSet outlet_se_to_wall now size 3
Read set faceSet outlet_se_to_wall size:3
    Applying source faceToFace
    Removing all elements of face sets: (outlet_tm_left_faces)
    faceSet outlet_se_to_wall now size 2
Created faceSet ac_inlet_faces
    Applying source patchToFace
    Adding all faces of patches: (ac_inlet) ...
    Found matching patch ac_inlet with 3 faces
    faceSet ac_inlet_faces now size 3
Read set faceSet ac_inlet_faces size:3
    Applying source patchToFace
    Adding all faces of patches: (iris_wall) ...
    Found matching patch iris_wall with 248 faces
    faceSet ac_inlet_faces now size 251
Read set faceSet ac_inlet_faces size:251
    Applying source patchToFace
    Adding all faces of patches: (wall) ...
    Found matching patch wall with 558 faces
    faceSet ac_inlet_faces now size 809
Read set faceSet ac_inlet_faces size:809
    Applying source boxToFace
    Adding faces with centre within boxes 1((0.00688 -0.00395 -1e-05) (0.00705 -0.00355 0.001001))
    faceSet ac_inlet_faces now size 2
Read set faceSet ac_inlet_faces size:2
    Applying source normalToFace
    Adding faces according to normal being aligned with (1 0 0) (to within 0.7) ...
    faceSet ac_inlet_faces now size 2
Created faceSet ac_inlet_left_faces
    Applying source patchToFace
    Adding all faces of patches: (ac_inlet_left) ...
    Found matching patch ac_inlet_left with 3 faces
    faceSet ac_inlet_left_faces now size 3
Read set faceSet ac_inlet_left_faces size:3
    Applying source patchToFace
    Adding all faces of patches: (iris_wall) ...
    Found matching patch iris_wall with 248 faces
    faceSet ac_inlet_left_faces now size 251
Read set faceSet ac_inlet_left_faces size:251
    Applying source patchToFace
    Adding all faces of patches: (wall) ...
    Found matching patch wall with 558 faces
    faceSet ac_inlet_left_faces now size 809
Read set faceSet ac_inlet_left_faces size:809
    Applying source boxToFace
    Adding faces with centre within boxes 1((-0.00705 -0.00395 -1e-05) (-0.00688 -0.00355 0.001001))
    faceSet ac_inlet_left_faces now size 2
Read set faceSet ac_inlet_left_faces size:2
    Applying source normalToFace
    Adding faces according to normal being aligned with (-1 0 0) (to within 0.7) ...
    faceSet ac_inlet_left_faces now size 2
Created faceSet ac_inlet_to_wall
    Applying source patchToFace
    Adding all faces of patches: (ac_inlet) ...
    Found matching patch ac_inlet with 3 faces
    faceSet ac_inlet_to_wall now size 3
Read set faceSet ac_inlet_to_wall size:3
    Applying source patchToFace
    Adding all faces of patches: (ac_inlet_left) ...
    Found matching patch ac_inlet_left with 3 faces
    faceSet ac_inlet_to_wall now size 6
Read set faceSet ac_inlet_to_wall size:6
    Applying source faceToFace
    Removing all elements of face sets: (ac_inlet_faces)
    faceSet ac_inlet_to_wall now size 4
Read set faceSet ac_inlet_to_wall size:4
    Applying source faceToFace
    Removing all elements of face sets: (ac_inlet_left_faces)
    faceSet ac_inlet_to_wall now size 2
Time = 90
    mesh not changed.
Created faceSet outlet_tm_faces
    Applying source patchToFace
    Adding all faces of patches: (outlet_tm) ...
    Found matching patch outlet_tm with 2 faces
    faceSet outlet_tm_faces now size 2
Read set faceSet outlet_tm_faces size:2
    Applying source patchToFace
    Adding all faces of patches: (wall) ...
    Found matching patch wall with 558 faces
    faceSet outlet_tm_faces now size 560
Read set faceSet outlet_tm_faces size:560
    Applying source patchToFace
    Adding all faces of patches: (tm_se_wall) ...
--> FOAM Warning : 
    From Foam::labelHashSet Foam::polyBoundaryMesh::patchSet(const Foam::UList<Foam::wordRe>&, bool, bool) const
    in file meshes/polyMesh/polyBoundaryMesh/polyBoundaryMesh.C at line 1158
    Cannot find any patch names matching tm_se_wall
--> FOAM Warning : 
    From void Foam::patchToFace::combine(Foam::topoSet&, bool) const
    in file topoSet/faceSources/patchToFace/patchToFace.C at line 96
    Cannot find any patches matching (tm_se_wall)
Valid names: (wall iris_wall outlet_tm lens_wall ac_inlet ac_inlet_left outlet_tm_left defaultFaces)
    faceSet outlet_tm_faces now size 560
Read set faceSet outlet_tm_faces size:560
    Applying source boxToFace
    Adding faces with centre within boxes 1((0.00678 -0.00465 -1e-05) (0.00692 -0.0045 0.001001))
    faceSet outlet_tm_faces now size 1
Read set faceSet outlet_tm_faces size:1
    Applying source normalToFace
    Adding faces according to normal being aligned with (0.75568908 -0.65493054 0) (to within 0.5) ...
    faceSet outlet_tm_faces now size 1
Created faceSet outlet_tm_left_faces
    Applying source patchToFace
    Adding all faces of patches: (outlet_tm_left) ...
    Found matching patch outlet_tm_left with 2 faces
    faceSet outlet_tm_left_faces now size 2
Read set faceSet outlet_tm_left_faces size:2
    Applying source patchToFace
    Adding all faces of patches: (wall) ...
    Found matching patch wall with 558 faces
    faceSet outlet_tm_left_faces now size 560
Read set faceSet outlet_tm_left_faces size:560
    Applying source patchToFace
    Adding all faces of patches: (tm_se_wall) ...
--> FOAM Warning : 
    From Foam::labelHashSet Foam::polyBoundaryMesh::patchSet(const Foam::UList<Foam::wordRe>&, bool, bool) const
    in file meshes/polyMesh/polyBoundaryMesh/polyBoundaryMesh.C at line 1158
    Cannot find any patch names matching tm_se_wall
--> FOAM Warning : 
    From void Foam::patchToFace::combine(Foam::topoSet&, bool) const
    in file topoSet/faceSources/patchToFace/patchToFace.C at line 96
    Cannot find any patches matching (tm_se_wall)
Valid names: (wall iris_wall outlet_tm lens_wall ac_inlet ac_inlet_left outlet_tm_left defaultFaces)
    faceSet outlet_tm_left_faces now size 560
Read set faceSet outlet_tm_left_faces size:560
    Applying source boxToFace
    Adding faces with centre within boxes 1((-0.00692 -0.00465 -1e-05) (-0.00678 -0.0045 0.001001))
    faceSet outlet_tm_left_faces now size 1
Read set faceSet outlet_tm_left_faces size:1
    Applying source normalToFace
    Adding faces according to normal being aligned with (-0.75568908 -0.65493054 0) (to within 0.5) ...
    faceSet outlet_tm_left_faces now size 1
Created faceSet outlet_se_to_wall
    Applying source patchToFace
    Adding all faces of patches: (outlet_tm) ...
    Found matching patch outlet_tm with 2 faces
    faceSet outlet_se_to_wall now size 2
Read set faceSet outlet_se_to_wall size:2
    Applying source patchToFace
    Adding all faces of patches: (outlet_tm_left) ...
    Found matching patch outlet_tm_left with 2 faces
    faceSet outlet_se_to_wall now size 4
Read set faceSet outlet_se_to_wall size:4
    Applying source faceToFace
    Removing all elements of face sets: (outlet_tm_faces)
    faceSet outlet_se_to_wall now size 3
Read set faceSet outlet_se_to_wall size:3
    Applying source faceToFace
    Removing all elements of face sets: (outlet_tm_left_faces)
    faceSet outlet_se_to_wall now size 2
Created faceSet ac_inlet_faces
    Applying source patchToFace
    Adding all faces of patches: (ac_inlet) ...
    Found matching patch ac_inlet with 3 faces
    faceSet ac_inlet_faces now size 3
Read set faceSet ac_inlet_faces size:3
    Applying source patchToFace
    Adding all faces of patches: (iris_wall) ...
    Found matching patch iris_wall with 248 faces
    faceSet ac_inlet_faces now size 251
Read set faceSet ac_inlet_faces size:251
    Applying source patchToFace
    Adding all faces of patches: (wall) ...
    Found matching patch wall with 558 faces
    faceSet ac_inlet_faces now size 809
Read set faceSet ac_inlet_faces size:809
    Applying source boxToFace
    Adding faces with centre within boxes 1((0.00688 -0.00395 -1e-05) (0.00705 -0.00355 0.001001))
    faceSet ac_inlet_faces now size 2
Read set faceSet ac_inlet_faces size:2
    Applying source normalToFace
    Adding faces according to normal being aligned with (1 0 0) (to within 0.7) ...
    faceSet ac_inlet_faces now size 2
Created faceSet ac_inlet_left_faces
    Applying source patchToFace
    Adding all faces of patches: (ac_inlet_left) ...
    Found matching patch ac_inlet_left with 3 faces
    faceSet ac_inlet_left_faces now size 3
Read set faceSet ac_inlet_left_faces size:3
    Applying source patchToFace
    Adding all faces of patches: (iris_wall) ...
    Found matching patch iris_wall with 248 faces
    faceSet ac_inlet_left_faces now size 251
Read set faceSet ac_inlet_left_faces size:251
    Applying source patchToFace
    Adding all faces of patches: (wall) ...
    Found matching patch wall with 558 faces
    faceSet ac_inlet_left_faces now size 809
Read set faceSet ac_inlet_left_faces size:809
    Applying source boxToFace
    Adding faces with centre within boxes 1((-0.00705 -0.00395 -1e-05) (-0.00688 -0.00355 0.001001))
    faceSet ac_inlet_left_faces now size 2
Read set faceSet ac_inlet_left_faces size:2
    Applying source normalToFace
    Adding faces according to normal being aligned with (-1 0 0) (to within 0.7) ...
    faceSet ac_inlet_left_faces now size 2
Created faceSet ac_inlet_to_wall
    Applying source patchToFace
    Adding all faces of patches: (ac_inlet) ...
    Found matching patch ac_inlet with 3 faces
    faceSet ac_inlet_to_wall now size 3
Read set faceSet ac_inlet_to_wall size:3
    Applying source patchToFace
    Adding all faces of patches: (ac_inlet_left) ...
    Found matching patch ac_inlet_left with 3 faces
    faceSet ac_inlet_to_wall now size 6
Read set faceSet ac_inlet_to_wall size:6
    Applying source faceToFace
    Removing all elements of face sets: (ac_inlet_faces)
    faceSet ac_inlet_to_wall now size 4
Read set faceSet ac_inlet_to_wall size:4
    Applying source faceToFace
    Removing all elements of face sets: (ac_inlet_left_faces)
    faceSet ac_inlet_to_wall now size 2
Time = 98
    mesh not changed.
Created faceSet outlet_tm_faces
    Applying source patchToFace
    Adding all faces of patches: (outlet_tm) ...
    Found matching patch outlet_tm with 2 faces
    faceSet outlet_tm_faces now size 2
Read set faceSet outlet_tm_faces size:2
    Applying source patchToFace
    Adding all faces of patches: (wall) ...
    Found matching patch wall with 558 faces
    faceSet outlet_tm_faces now size 560
Read set faceSet outlet_tm_faces size:560
    Applying source patchToFace
    Adding all faces of patches: (tm_se_wall) ...
--> FOAM Warning : 
    From Foam::labelHashSet Foam::polyBoundaryMesh::patchSet(const Foam::UList<Foam::wordRe>&, bool, bool) const
    in file meshes/polyMesh/polyBoundaryMesh/polyBoundaryMesh.C at line 1158
    Cannot find any patch names matching tm_se_wall
--> FOAM Warning : 
    From void Foam::patchToFace::combine(Foam::topoSet&, bool) const
    in file topoSet/faceSources/patchToFace/patchToFace.C at line 96
    Cannot find any patches matching (tm_se_wall)
Valid names: (wall iris_wall outlet_tm lens_wall ac_inlet ac_inlet_left outlet_tm_left defaultFaces)
    faceSet outlet_tm_faces now size 560
Read set faceSet outlet_tm_faces size:560
    Applying source boxToFace
    Adding faces with centre within boxes 1((0.00678 -0.00465 -1e-05) (0.00692 -0.0045 0.001001))
    faceSet outlet_tm_faces now size 1
Read set faceSet outlet_tm_faces size:1
    Applying source normalToFace
    Adding faces according to normal being aligned with (0.75568908 -0.65493054 0) (to within 0.5) ...
    faceSet outlet_tm_faces now size 1
Created faceSet outlet_tm_left_faces
    Applying source patchToFace
    Adding all faces of patches: (outlet_tm_left) ...
    Found matching patch outlet_tm_left with 2 faces
    faceSet outlet_tm_left_faces now size 2
Read set faceSet outlet_tm_left_faces size:2
    Applying source patchToFace
    Adding all faces of patches: (wall) ...
    Found matching patch wall with 558 faces
    faceSet outlet_tm_left_faces now size 560
Read set faceSet outlet_tm_left_faces size:560
    Applying source patchToFace
    Adding all faces of patches: (tm_se_wall) ...
--> FOAM Warning : 
    From Foam::labelHashSet Foam::polyBoundaryMesh::patchSet(const Foam::UList<Foam::wordRe>&, bool, bool) const
    in file meshes/polyMesh/polyBoundaryMesh/polyBoundaryMesh.C at line 1158
    Cannot find any patch names matching tm_se_wall
--> FOAM Warning : 
    From void Foam::patchToFace::combine(Foam::topoSet&, bool) const
    in file topoSet/faceSources/patchToFace/patchToFace.C at line 96
    Cannot find any patches matching (tm_se_wall)
Valid names: (wall iris_wall outlet_tm lens_wall ac_inlet ac_inlet_left outlet_tm_left defaultFaces)
    faceSet outlet_tm_left_faces now size 560
Read set faceSet outlet_tm_left_faces size:560
    Applying source boxToFace
    Adding faces with centre within boxes 1((-0.00692 -0.00465 -1e-05) (-0.00678 -0.0045 0.001001))
    faceSet outlet_tm_left_faces now size 1
Read set faceSet outlet_tm_left_faces size:1
    Applying source normalToFace
    Adding faces according to normal being aligned with (-0.75568908 -0.65493054 0) (to within 0.5) ...
    faceSet outlet_tm_left_faces now size 1
Created faceSet outlet_se_to_wall
    Applying source patchToFace
    Adding all faces of patches: (outlet_tm) ...
    Found matching patch outlet_tm with 2 faces
    faceSet outlet_se_to_wall now size 2
Read set faceSet outlet_se_to_wall size:2
    Applying source patchToFace
    Adding all faces of patches: (outlet_tm_left) ...
    Found matching patch outlet_tm_left with 2 faces
    faceSet outlet_se_to_wall now size 4
Read set faceSet outlet_se_to_wall size:4
    Applying source faceToFace
    Removing all elements of face sets: (outlet_tm_faces)
    faceSet outlet_se_to_wall now size 3
Read set faceSet outlet_se_to_wall size:3
    Applying source faceToFace
    Removing all elements of face sets: (outlet_tm_left_faces)
    faceSet outlet_se_to_wall now size 2
Created faceSet ac_inlet_faces
    Applying source patchToFace
    Adding all faces of patches: (ac_inlet) ...
    Found matching patch ac_inlet with 3 faces
    faceSet ac_inlet_faces now size 3
Read set faceSet ac_inlet_faces size:3
    Applying source patchToFace
    Adding all faces of patches: (iris_wall) ...
    Found matching patch iris_wall with 248 faces
    faceSet ac_inlet_faces now size 251
Read set faceSet ac_inlet_faces size:251
    Applying source patchToFace
    Adding all faces of patches: (wall) ...
    Found matching patch wall with 558 faces
    faceSet ac_inlet_faces now size 809
Read set faceSet ac_inlet_faces size:809
    Applying source boxToFace
    Adding faces with centre within boxes 1((0.00688 -0.00395 -1e-05) (0.00705 -0.00355 0.001001))
    faceSet ac_inlet_faces now size 2
Read set faceSet ac_inlet_faces size:2
    Applying source normalToFace
    Adding faces according to normal being aligned with (1 0 0) (to within 0.7) ...
    faceSet ac_inlet_faces now size 2
Created faceSet ac_inlet_left_faces
    Applying source patchToFace
    Adding all faces of patches: (ac_inlet_left) ...
    Found matching patch ac_inlet_left with 3 faces
    faceSet ac_inlet_left_faces now size 3
Read set faceSet ac_inlet_left_faces size:3
    Applying source patchToFace
    Adding all faces of patches: (iris_wall) ...
    Found matching patch iris_wall with 248 faces
    faceSet ac_inlet_left_faces now size 251
Read set faceSet ac_inlet_left_faces size:251
    Applying source patchToFace
    Adding all faces of patches: (wall) ...
    Found matching patch wall with 558 faces
    faceSet ac_inlet_left_faces now size 809
Read set faceSet ac_inlet_left_faces size:809
    Applying source boxToFace
    Adding faces with centre within boxes 1((-0.00705 -0.00395 -1e-05) (-0.00688 -0.00355 0.001001))
    faceSet ac_inlet_left_faces now size 2
Read set faceSet ac_inlet_left_faces size:2
    Applying source normalToFace
    Adding faces according to normal being aligned with (-1 0 0) (to within 0.7) ...
    faceSet ac_inlet_left_faces now size 2
Created faceSet ac_inlet_to_wall
    Applying source patchToFace
    Adding all faces of patches: (ac_inlet) ...
    Found matching patch ac_inlet with 3 faces
    faceSet ac_inlet_to_wall now size 3
Read set faceSet ac_inlet_to_wall size:3
    Applying source patchToFace
    Adding all faces of patches: (ac_inlet_left) ...
    Found matching patch ac_inlet_left with 3 faces
    faceSet ac_inlet_to_wall now size 6
Read set faceSet ac_inlet_to_wall size:6
    Applying source faceToFace
    Removing all elements of face sets: (ac_inlet_faces)
    faceSet ac_inlet_to_wall now size 4
Read set faceSet ac_inlet_to_wall size:4
    Applying source faceToFace
    Removing all elements of face sets: (ac_inlet_left_faces)
    faceSet ac_inlet_to_wall now size 2
Time = 100
    mesh not changed.
Created faceSet outlet_tm_faces
    Applying source patchToFace
    Adding all faces of patches: (outlet_tm) ...
    Found matching patch outlet_tm with 2 faces
    faceSet outlet_tm_faces now size 2
Read set faceSet outlet_tm_faces size:2
    Applying source patchToFace
    Adding all faces of patches: (wall) ...
    Found matching patch wall with 558 faces
    faceSet outlet_tm_faces now size 560
Read set faceSet outlet_tm_faces size:560
    Applying source patchToFace
    Adding all faces of patches: (tm_se_wall) ...
--> FOAM Warning : 
    From Foam::labelHashSet Foam::polyBoundaryMesh::patchSet(const Foam::UList<Foam::wordRe>&, bool, bool) const
    in file meshes/polyMesh/polyBoundaryMesh/polyBoundaryMesh.C at line 1158
    Cannot find any patch names matching tm_se_wall
--> FOAM Warning : 
    From void Foam::patchToFace::combine(Foam::topoSet&, bool) const
    in file topoSet/faceSources/patchToFace/patchToFace.C at line 96
    Cannot find any patches matching (tm_se_wall)
Valid names: (wall iris_wall outlet_tm lens_wall ac_inlet ac_inlet_left outlet_tm_left defaultFaces)
    faceSet outlet_tm_faces now size 560
Read set faceSet outlet_tm_faces size:560
    Applying source boxToFace
    Adding faces with centre within boxes 1((0.00678 -0.00465 -1e-05) (0.00692 -0.0045 0.001001))
    faceSet outlet_tm_faces now size 1
Read set faceSet outlet_tm_faces size:1
    Applying source normalToFace
    Adding faces according to normal being aligned with (0.75568908 -0.65493054 0) (to within 0.5) ...
    faceSet outlet_tm_faces now size 1
Created faceSet outlet_tm_left_faces
    Applying source patchToFace
    Adding all faces of patches: (outlet_tm_left) ...
    Found matching patch outlet_tm_left with 2 faces
    faceSet outlet_tm_left_faces now size 2
Read set faceSet outlet_tm_left_faces size:2
    Applying source patchToFace
    Adding all faces of patches: (wall) ...
    Found matching patch wall with 558 faces
    faceSet outlet_tm_left_faces now size 560
Read set faceSet outlet_tm_left_faces size:560
    Applying source patchToFace
    Adding all faces of patches: (tm_se_wall) ...
--> FOAM Warning : 
    From Foam::labelHashSet Foam::polyBoundaryMesh::patchSet(const Foam::UList<Foam::wordRe>&, bool, bool) const
    in file meshes/polyMesh/polyBoundaryMesh/polyBoundaryMesh.C at line 1158
    Cannot find any patch names matching tm_se_wall
--> FOAM Warning : 
    From void Foam::patchToFace::combine(Foam::topoSet&, bool) const
    in file topoSet/faceSources/patchToFace/patchToFace.C at line 96
    Cannot find any patches matching (tm_se_wall)
Valid names: (wall iris_wall outlet_tm lens_wall ac_inlet ac_inlet_left outlet_tm_left defaultFaces)
    faceSet outlet_tm_left_faces now size 560
Read set faceSet outlet_tm_left_faces size:560
    Applying source boxToFace
    Adding faces with centre within boxes 1((-0.00692 -0.00465 -1e-05) (-0.00678 -0.0045 0.001001))
    faceSet outlet_tm_left_faces now size 1
Read set faceSet outlet_tm_left_faces size:1
    Applying source normalToFace
    Adding faces according to normal being aligned with (-0.75568908 -0.65493054 0) (to within 0.5) ...
    faceSet outlet_tm_left_faces now size 1
Created faceSet outlet_se_to_wall
    Applying source patchToFace
    Adding all faces of patches: (outlet_tm) ...
    Found matching patch outlet_tm with 2 faces
    faceSet outlet_se_to_wall now size 2
Read set faceSet outlet_se_to_wall size:2
    Applying source patchToFace
    Adding all faces of patches: (outlet_tm_left) ...
    Found matching patch outlet_tm_left with 2 faces
    faceSet outlet_se_to_wall now size 4
Read set faceSet outlet_se_to_wall size:4
    Applying source faceToFace
    Removing all elements of face sets: (outlet_tm_faces)
    faceSet outlet_se_to_wall now size 3
Read set faceSet outlet_se_to_wall size:3
    Applying source faceToFace
    Removing all elements of face sets: (outlet_tm_left_faces)
    faceSet outlet_se_to_wall now size 2
Created faceSet ac_inlet_faces
    Applying source patchToFace
    Adding all faces of patches: (ac_inlet) ...
    Found matching patch ac_inlet with 3 faces
    faceSet ac_inlet_faces now size 3
Read set faceSet ac_inlet_faces size:3
    Applying source patchToFace
    Adding all faces of patches: (iris_wall) ...
    Found matching patch iris_wall with 248 faces
    faceSet ac_inlet_faces now size 251
Read set faceSet ac_inlet_faces size:251
    Applying source patchToFace
    Adding all faces of patches: (wall) ...
    Found matching patch wall with 558 faces
    faceSet ac_inlet_faces now size 809
Read set faceSet ac_inlet_faces size:809
    Applying source boxToFace
    Adding faces with centre within boxes 1((0.00688 -0.00395 -1e-05) (0.00705 -0.00355 0.001001))
    faceSet ac_inlet_faces now size 2
Read set faceSet ac_inlet_faces size:2
    Applying source normalToFace
    Adding faces according to normal being aligned with (1 0 0) (to within 0.7) ...
    faceSet ac_inlet_faces now size 2
Created faceSet ac_inlet_left_faces
    Applying source patchToFace
    Adding all faces of patches: (ac_inlet_left) ...
    Found matching patch ac_inlet_left with 3 faces
    faceSet ac_inlet_left_faces now size 3
Read set faceSet ac_inlet_left_faces size:3
    Applying source patchToFace
    Adding all faces of patches: (iris_wall) ...
    Found matching patch iris_wall with 248 faces
    faceSet ac_inlet_left_faces now size 251
Read set faceSet ac_inlet_left_faces size:251
    Applying source patchToFace
    Adding all faces of patches: (wall) ...
    Found matching patch wall with 558 faces
    faceSet ac_inlet_left_faces now size 809
Read set faceSet ac_inlet_left_faces size:809
    Applying source boxToFace
    Adding faces with centre within boxes 1((-0.00705 -0.00395 -1e-05) (-0.00688 -0.00355 0.001001))
    faceSet ac_inlet_left_faces now size 2
Read set faceSet ac_inlet_left_faces size:2
    Applying source normalToFace
    Adding faces according to normal being aligned with (-1 0 0) (to within 0.7) ...
    faceSet ac_inlet_left_faces now size 2
Created faceSet ac_inlet_to_wall
    Applying source patchToFace
    Adding all faces of patches: (ac_inlet) ...
    Found matching patch ac_inlet with 3 faces
    faceSet ac_inlet_to_wall now size 3
Read set faceSet ac_inlet_to_wall size:3
    Applying source patchToFace
    Adding all faces of patches: (ac_inlet_left) ...
    Found matching patch ac_inlet_left with 3 faces
    faceSet ac_inlet_to_wall now size 6
Read set faceSet ac_inlet_to_wall size:6
    Applying source faceToFace
    Removing all elements of face sets: (ac_inlet_faces)
    faceSet ac_inlet_to_wall now size 4
Read set faceSet ac_inlet_to_wall size:4
    Applying source faceToFace
    Removing all elements of face sets: (ac_inlet_left_faces)
    faceSet ac_inlet_to_wall now size 2
Time = 107
    mesh not changed.
Created faceSet outlet_tm_faces
    Applying source patchToFace
    Adding all faces of patches: (outlet_tm) ...
    Found matching patch outlet_tm with 2 faces
    faceSet outlet_tm_faces now size 2
Read set faceSet outlet_tm_faces size:2
    Applying source patchToFace
    Adding all faces of patches: (wall) ...
    Found matching patch wall with 558 faces
    faceSet outlet_tm_faces now size 560
Read set faceSet outlet_tm_faces size:560
    Applying source patchToFace
    Adding all faces of patches: (tm_se_wall) ...
--> FOAM Warning : 
    From Foam::labelHashSet Foam::polyBoundaryMesh::patchSet(const Foam::UList<Foam::wordRe>&, bool, bool) const
    in file meshes/polyMesh/polyBoundaryMesh/polyBoundaryMesh.C at line 1158
    Cannot find any patch names matching tm_se_wall
--> FOAM Warning : 
    From void Foam::patchToFace::combine(Foam::topoSet&, bool) const
    in file topoSet/faceSources/patchToFace/patchToFace.C at line 96
    Cannot find any patches matching (tm_se_wall)
Valid names: (wall iris_wall outlet_tm lens_wall ac_inlet ac_inlet_left outlet_tm_left defaultFaces)
    faceSet outlet_tm_faces now size 560
Read set faceSet outlet_tm_faces size:560
    Applying source boxToFace
    Adding faces with centre within boxes 1((0.00678 -0.00465 -1e-05) (0.00692 -0.0045 0.001001))
    faceSet outlet_tm_faces now size 1
Read set faceSet outlet_tm_faces size:1
    Applying source normalToFace
    Adding faces according to normal being aligned with (0.75568908 -0.65493054 0) (to within 0.5) ...
    faceSet outlet_tm_faces now size 1
Created faceSet outlet_tm_left_faces
    Applying source patchToFace
    Adding all faces of patches: (outlet_tm_left) ...
    Found matching patch outlet_tm_left with 2 faces
    faceSet outlet_tm_left_faces now size 2
Read set faceSet outlet_tm_left_faces size:2
    Applying source patchToFace
    Adding all faces of patches: (wall) ...
    Found matching patch wall with 558 faces
    faceSet outlet_tm_left_faces now size 560
Read set faceSet outlet_tm_left_faces size:560
    Applying source patchToFace
    Adding all faces of patches: (tm_se_wall) ...
--> FOAM Warning : 
    From Foam::labelHashSet Foam::polyBoundaryMesh::patchSet(const Foam::UList<Foam::wordRe>&, bool, bool) const
    in file meshes/polyMesh/polyBoundaryMesh/polyBoundaryMesh.C at line 1158
    Cannot find any patch names matching tm_se_wall
--> FOAM Warning : 
    From void Foam::patchToFace::combine(Foam::topoSet&, bool) const
    in file topoSet/faceSources/patchToFace/patchToFace.C at line 96
    Cannot find any patches matching (tm_se_wall)
Valid names: (wall iris_wall outlet_tm lens_wall ac_inlet ac_inlet_left outlet_tm_left defaultFaces)
    faceSet outlet_tm_left_faces now size 560
Read set faceSet outlet_tm_left_faces size:560
    Applying source boxToFace
    Adding faces with centre within boxes 1((-0.00692 -0.00465 -1e-05) (-0.00678 -0.0045 0.001001))
    faceSet outlet_tm_left_faces now size 1
Read set faceSet outlet_tm_left_faces size:1
    Applying source normalToFace
    Adding faces according to normal being aligned with (-0.75568908 -0.65493054 0) (to within 0.5) ...
    faceSet outlet_tm_left_faces now size 1
Created faceSet outlet_se_to_wall
    Applying source patchToFace
    Adding all faces of patches: (outlet_tm) ...
    Found matching patch outlet_tm with 2 faces
    faceSet outlet_se_to_wall now size 2
Read set faceSet outlet_se_to_wall size:2
    Applying source patchToFace
    Adding all faces of patches: (outlet_tm_left) ...
    Found matching patch outlet_tm_left with 2 faces
    faceSet outlet_se_to_wall now size 4
Read set faceSet outlet_se_to_wall size:4
    Applying source faceToFace
    Removing all elements of face sets: (outlet_tm_faces)
    faceSet outlet_se_to_wall now size 3
Read set faceSet outlet_se_to_wall size:3
    Applying source faceToFace
    Removing all elements of face sets: (outlet_tm_left_faces)
    faceSet outlet_se_to_wall now size 2
Created faceSet ac_inlet_faces
    Applying source patchToFace
    Adding all faces of patches: (ac_inlet) ...
    Found matching patch ac_inlet with 3 faces
    faceSet ac_inlet_faces now size 3
Read set faceSet ac_inlet_faces size:3
    Applying source patchToFace
    Adding all faces of patches: (iris_wall) ...
    Found matching patch iris_wall with 248 faces
    faceSet ac_inlet_faces now size 251
Read set faceSet ac_inlet_faces size:251
    Applying source patchToFace
    Adding all faces of patches: (wall) ...
    Found matching patch wall with 558 faces
    faceSet ac_inlet_faces now size 809
Read set faceSet ac_inlet_faces size:809
    Applying source boxToFace
    Adding faces with centre within boxes 1((0.00688 -0.00395 -1e-05) (0.00705 -0.00355 0.001001))
    faceSet ac_inlet_faces now size 2
Read set faceSet ac_inlet_faces size:2
    Applying source normalToFace
    Adding faces according to normal being aligned with (1 0 0) (to within 0.7) ...
    faceSet ac_inlet_faces now size 2
Created faceSet ac_inlet_left_faces
    Applying source patchToFace
    Adding all faces of patches: (ac_inlet_left) ...
    Found matching patch ac_inlet_left with 3 faces
    faceSet ac_inlet_left_faces now size 3
Read set faceSet ac_inlet_left_faces size:3
    Applying source patchToFace
    Adding all faces of patches: (iris_wall) ...
    Found matching patch iris_wall with 248 faces
    faceSet ac_inlet_left_faces now size 251
Read set faceSet ac_inlet_left_faces size:251
    Applying source patchToFace
    Adding all faces of patches: (wall) ...
    Found matching patch wall with 558 faces
    faceSet ac_inlet_left_faces now size 809
Read set faceSet ac_inlet_left_faces size:809
    Applying source boxToFace
    Adding faces with centre within boxes 1((-0.00705 -0.00395 -1e-05) (-0.00688 -0.00355 0.001001))
    faceSet ac_inlet_left_faces now size 2
Read set faceSet ac_inlet_left_faces size:2
    Applying source normalToFace
    Adding faces according to normal being aligned with (-1 0 0) (to within 0.7) ...
    faceSet ac_inlet_left_faces now size 2
Created faceSet ac_inlet_to_wall
    Applying source patchToFace
    Adding all faces of patches: (ac_inlet) ...
    Found matching patch ac_inlet with 3 faces
    faceSet ac_inlet_to_wall now size 3
Read set faceSet ac_inlet_to_wall size:3
    Applying source patchToFace
    Adding all faces of patches: (ac_inlet_left) ...
    Found matching patch ac_inlet_left with 3 faces
    faceSet ac_inlet_to_wall now size 6
Read set faceSet ac_inlet_to_wall size:6
    Applying source faceToFace
    Removing all elements of face sets: (ac_inlet_faces)
    faceSet ac_inlet_to_wall now size 4
Read set faceSet ac_inlet_to_wall size:4
    Applying source faceToFace
    Removing all elements of face sets: (ac_inlet_left_faces)
    faceSet ac_inlet_to_wall now size 2
Time = 150
    mesh not changed.
Created faceSet outlet_tm_faces
    Applying source patchToFace
    Adding all faces of patches: (outlet_tm) ...
    Found matching patch outlet_tm with 2 faces
    faceSet outlet_tm_faces now size 2
Read set faceSet outlet_tm_faces size:2
    Applying source patchToFace
    Adding all faces of patches: (wall) ...
    Found matching patch wall with 558 faces
    faceSet outlet_tm_faces now size 560
Read set faceSet outlet_tm_faces size:560
    Applying source patchToFace
    Adding all faces of patches: (tm_se_wall) ...
--> FOAM Warning : 
    From Foam::labelHashSet Foam::polyBoundaryMesh::patchSet(const Foam::UList<Foam::wordRe>&, bool, bool) const
    in file meshes/polyMesh/polyBoundaryMesh/polyBoundaryMesh.C at line 1158
    Cannot find any patch names matching tm_se_wall
--> FOAM Warning : 
    From void Foam::patchToFace::combine(Foam::topoSet&, bool) const
    in file topoSet/faceSources/patchToFace/patchToFace.C at line 96
    Cannot find any patches matching (tm_se_wall)
Valid names: (wall iris_wall outlet_tm lens_wall ac_inlet ac_inlet_left outlet_tm_left defaultFaces)
    faceSet outlet_tm_faces now size 560
Read set faceSet outlet_tm_faces size:560
    Applying source boxToFace
    Adding faces with centre within boxes 1((0.00678 -0.00465 -1e-05) (0.00692 -0.0045 0.001001))
    faceSet outlet_tm_faces now size 1
Read set faceSet outlet_tm_faces size:1
    Applying source normalToFace
    Adding faces according to normal being aligned with (0.75568908 -0.65493054 0) (to within 0.5) ...
    faceSet outlet_tm_faces now size 1
Created faceSet outlet_tm_left_faces
    Applying source patchToFace
    Adding all faces of patches: (outlet_tm_left) ...
    Found matching patch outlet_tm_left with 2 faces
    faceSet outlet_tm_left_faces now size 2
Read set faceSet outlet_tm_left_faces size:2
    Applying source patchToFace
    Adding all faces of patches: (wall) ...
    Found matching patch wall with 558 faces
    faceSet outlet_tm_left_faces now size 560
Read set faceSet outlet_tm_left_faces size:560
    Applying source patchToFace
    Adding all faces of patches: (tm_se_wall) ...
--> FOAM Warning : 
    From Foam::labelHashSet Foam::polyBoundaryMesh::patchSet(const Foam::UList<Foam::wordRe>&, bool, bool) const
    in file meshes/polyMesh/polyBoundaryMesh/polyBoundaryMesh.C at line 1158
    Cannot find any patch names matching tm_se_wall
--> FOAM Warning : 
    From void Foam::patchToFace::combine(Foam::topoSet&, bool) const
    in file topoSet/faceSources/patchToFace/patchToFace.C at line 96
    Cannot find any patches matching (tm_se_wall)
Valid names: (wall iris_wall outlet_tm lens_wall ac_inlet ac_inlet_left outlet_tm_left defaultFaces)
    faceSet outlet_tm_left_faces now size 560
Read set faceSet outlet_tm_left_faces size:560
    Applying source boxToFace
    Adding faces with centre within boxes 1((-0.00692 -0.00465 -1e-05) (-0.00678 -0.0045 0.001001))
    faceSet outlet_tm_left_faces now size 1
Read set faceSet outlet_tm_left_faces size:1
    Applying source normalToFace
    Adding faces according to normal being aligned with (-0.75568908 -0.65493054 0) (to within 0.5) ...
    faceSet outlet_tm_left_faces now size 1
Created faceSet outlet_se_to_wall
    Applying source patchToFace
    Adding all faces of patches: (outlet_tm) ...
    Found matching patch outlet_tm with 2 faces
    faceSet outlet_se_to_wall now size 2
Read set faceSet outlet_se_to_wall size:2
    Applying source patchToFace
    Adding all faces of patches: (outlet_tm_left) ...
    Found matching patch outlet_tm_left with 2 faces
    faceSet outlet_se_to_wall now size 4
Read set faceSet outlet_se_to_wall size:4
    Applying source faceToFace
    Removing all elements of face sets: (outlet_tm_faces)
    faceSet outlet_se_to_wall now size 3
Read set faceSet outlet_se_to_wall size:3
    Applying source faceToFace
    Removing all elements of face sets: (outlet_tm_left_faces)
    faceSet outlet_se_to_wall now size 2
Created faceSet ac_inlet_faces
    Applying source patchToFace
    Adding all faces of patches: (ac_inlet) ...
    Found matching patch ac_inlet with 3 faces
    faceSet ac_inlet_faces now size 3
Read set faceSet ac_inlet_faces size:3
    Applying source patchToFace
    Adding all faces of patches: (iris_wall) ...
    Found matching patch iris_wall with 248 faces
    faceSet ac_inlet_faces now size 251
Read set faceSet ac_inlet_faces size:251
    Applying source patchToFace
    Adding all faces of patches: (wall) ...
    Found matching patch wall with 558 faces
    faceSet ac_inlet_faces now size 809
Read set faceSet ac_inlet_faces size:809
    Applying source boxToFace
    Adding faces with centre within boxes 1((0.00688 -0.00395 -1e-05) (0.00705 -0.00355 0.001001))
    faceSet ac_inlet_faces now size 2
Read set faceSet ac_inlet_faces size:2
    Applying source normalToFace
    Adding faces according to normal being aligned with (1 0 0) (to within 0.7) ...
    faceSet ac_inlet_faces now size 2
Created faceSet ac_inlet_left_faces
    Applying source patchToFace
    Adding all faces of patches: (ac_inlet_left) ...
    Found matching patch ac_inlet_left with 3 faces
    faceSet ac_inlet_left_faces now size 3
Read set faceSet ac_inlet_left_faces size:3
    Applying source patchToFace
    Adding all faces of patches: (iris_wall) ...
    Found matching patch iris_wall with 248 faces
    faceSet ac_inlet_left_faces now size 251
Read set faceSet ac_inlet_left_faces size:251
    Applying source patchToFace
    Adding all faces of patches: (wall) ...
    Found matching patch wall with 558 faces
    faceSet ac_inlet_left_faces now size 809
Read set faceSet ac_inlet_left_faces size:809
    Applying source boxToFace
    Adding faces with centre within boxes 1((-0.00705 -0.00395 -1e-05) (-0.00688 -0.00355 0.001001))
    faceSet ac_inlet_left_faces now size 2
Read set faceSet ac_inlet_left_faces size:2
    Applying source normalToFace
    Adding faces according to normal being aligned with (-1 0 0) (to within 0.7) ...
    faceSet ac_inlet_left_faces now size 2
Created faceSet ac_inlet_to_wall
    Applying source patchToFace
    Adding all faces of patches: (ac_inlet) ...
    Found matching patch ac_inlet with 3 faces
    faceSet ac_inlet_to_wall now size 3
Read set faceSet ac_inlet_to_wall size:3
    Applying source patchToFace
    Adding all faces of patches: (ac_inlet_left) ...
    Found matching patch ac_inlet_left with 3 faces
    faceSet ac_inlet_to_wall now size 6
Read set faceSet ac_inlet_to_wall size:6
    Applying source faceToFace
    Removing all elements of face sets: (ac_inlet_faces)
    faceSet ac_inlet_to_wall now size 4
Read set faceSet ac_inlet_to_wall size:4
    Applying source faceToFace
    Removing all elements of face sets: (ac_inlet_left_faces)
    faceSet ac_inlet_to_wall now size 2
Time = 200
    mesh not changed.
Created faceSet outlet_tm_faces
    Applying source patchToFace
    Adding all faces of patches: (outlet_tm) ...
    Found matching patch outlet_tm with 2 faces
    faceSet outlet_tm_faces now size 2
Read set faceSet outlet_tm_faces size:2
    Applying source patchToFace
    Adding all faces of patches: (wall) ...
    Found matching patch wall with 558 faces
    faceSet outlet_tm_faces now size 560
Read set faceSet outlet_tm_faces size:560
    Applying source patchToFace
    Adding all faces of patches: (tm_se_wall) ...
--> FOAM Warning : 
    From Foam::labelHashSet Foam::polyBoundaryMesh::patchSet(const Foam::UList<Foam::wordRe>&, bool, bool) const
    in file meshes/polyMesh/polyBoundaryMesh/polyBoundaryMesh.C at line 1158
    Cannot find any patch names matching tm_se_wall
--> FOAM Warning : 
    From void Foam::patchToFace::combine(Foam::topoSet&, bool) const
    in file topoSet/faceSources/patchToFace/patchToFace.C at line 96
    Cannot find any patches matching (tm_se_wall)
Valid names: (wall iris_wall outlet_tm lens_wall ac_inlet ac_inlet_left outlet_tm_left defaultFaces)
    faceSet outlet_tm_faces now size 560
Read set faceSet outlet_tm_faces size:560
    Applying source boxToFace
    Adding faces with centre within boxes 1((0.00678 -0.00465 -1e-05) (0.00692 -0.0045 0.001001))
    faceSet outlet_tm_faces now size 1
Read set faceSet outlet_tm_faces size:1
    Applying source normalToFace
    Adding faces according to normal being aligned with (0.75568908 -0.65493054 0) (to within 0.5) ...
    faceSet outlet_tm_faces now size 1
Created faceSet outlet_tm_left_faces
    Applying source patchToFace
    Adding all faces of patches: (outlet_tm_left) ...
    Found matching patch outlet_tm_left with 2 faces
    faceSet outlet_tm_left_faces now size 2
Read set faceSet outlet_tm_left_faces size:2
    Applying source patchToFace
    Adding all faces of patches: (wall) ...
    Found matching patch wall with 558 faces
    faceSet outlet_tm_left_faces now size 560
Read set faceSet outlet_tm_left_faces size:560
    Applying source patchToFace
    Adding all faces of patches: (tm_se_wall) ...
--> FOAM Warning : 
    From Foam::labelHashSet Foam::polyBoundaryMesh::patchSet(const Foam::UList<Foam::wordRe>&, bool, bool) const
    in file meshes/polyMesh/polyBoundaryMesh/polyBoundaryMesh.C at line 1158
    Cannot find any patch names matching tm_se_wall
--> FOAM Warning : 
    From void Foam::patchToFace::combine(Foam::topoSet&, bool) const
    in file topoSet/faceSources/patchToFace/patchToFace.C at line 96
    Cannot find any patches matching (tm_se_wall)
Valid names: (wall iris_wall outlet_tm lens_wall ac_inlet ac_inlet_left outlet_tm_left defaultFaces)
    faceSet outlet_tm_left_faces now size 560
Read set faceSet outlet_tm_left_faces size:560
    Applying source boxToFace
    Adding faces with centre within boxes 1((-0.00692 -0.00465 -1e-05) (-0.00678 -0.0045 0.001001))
    faceSet outlet_tm_left_faces now size 1
Read set faceSet outlet_tm_left_faces size:1
    Applying source normalToFace
    Adding faces according to normal being aligned with (-0.75568908 -0.65493054 0) (to within 0.5) ...
    faceSet outlet_tm_left_faces now size 1
Created faceSet outlet_se_to_wall
    Applying source patchToFace
    Adding all faces of patches: (outlet_tm) ...
    Found matching patch outlet_tm with 2 faces
    faceSet outlet_se_to_wall now size 2
Read set faceSet outlet_se_to_wall size:2
    Applying source patchToFace
    Adding all faces of patches: (outlet_tm_left) ...
    Found matching patch outlet_tm_left with 2 faces
    faceSet outlet_se_to_wall now size 4
Read set faceSet outlet_se_to_wall size:4
    Applying source faceToFace
    Removing all elements of face sets: (outlet_tm_faces)
    faceSet outlet_se_to_wall now size 3
Read set faceSet outlet_se_to_wall size:3
    Applying source faceToFace
    Removing all elements of face sets: (outlet_tm_left_faces)
    faceSet outlet_se_to_wall now size 2
Created faceSet ac_inlet_faces
    Applying source patchToFace
    Adding all faces of patches: (ac_inlet) ...
    Found matching patch ac_inlet with 3 faces
    faceSet ac_inlet_faces now size 3
Read set faceSet ac_inlet_faces size:3
    Applying source patchToFace
    Adding all faces of patches: (iris_wall) ...
    Found matching patch iris_wall with 248 faces
    faceSet ac_inlet_faces now size 251
Read set faceSet ac_inlet_faces size:251
    Applying source patchToFace
    Adding all faces of patches: (wall) ...
    Found matching patch wall with 558 faces
    faceSet ac_inlet_faces now size 809
Read set faceSet ac_inlet_faces size:809
    Applying source boxToFace
    Adding faces with centre within boxes 1((0.00688 -0.00395 -1e-05) (0.00705 -0.00355 0.001001))
    faceSet ac_inlet_faces now size 2
Read set faceSet ac_inlet_faces size:2
    Applying source normalToFace
    Adding faces according to normal being aligned with (1 0 0) (to within 0.7) ...
    faceSet ac_inlet_faces now size 2
Created faceSet ac_inlet_left_faces
    Applying source patchToFace
    Adding all faces of patches: (ac_inlet_left) ...
    Found matching patch ac_inlet_left with 3 faces
    faceSet ac_inlet_left_faces now size 3
Read set faceSet ac_inlet_left_faces size:3
    Applying source patchToFace
    Adding all faces of patches: (iris_wall) ...
    Found matching patch iris_wall with 248 faces
    faceSet ac_inlet_left_faces now size 251
Read set faceSet ac_inlet_left_faces size:251
    Applying source patchToFace
    Adding all faces of patches: (wall) ...
    Found matching patch wall with 558 faces
    faceSet ac_inlet_left_faces now size 809
Read set faceSet ac_inlet_left_faces size:809
    Applying source boxToFace
    Adding faces with centre within boxes 1((-0.00705 -0.00395 -1e-05) (-0.00688 -0.00355 0.001001))
    faceSet ac_inlet_left_faces now size 2
Read set faceSet ac_inlet_left_faces size:2
    Applying source normalToFace
    Adding faces according to normal being aligned with (-1 0 0) (to within 0.7) ...
    faceSet ac_inlet_left_faces now size 2
Created faceSet ac_inlet_to_wall
    Applying source patchToFace
    Adding all faces of patches: (ac_inlet) ...
    Found matching patch ac_inlet with 3 faces
    faceSet ac_inlet_to_wall now size 3
Read set faceSet ac_inlet_to_wall size:3
    Applying source patchToFace
    Adding all faces of patches: (ac_inlet_left) ...
    Found matching patch ac_inlet_left with 3 faces
    faceSet ac_inlet_to_wall now size 6
Read set faceSet ac_inlet_to_wall size:6
    Applying source faceToFace
    Removing all elements of face sets: (ac_inlet_faces)
    faceSet ac_inlet_to_wall now size 4
Read set faceSet ac_inlet_to_wall size:4
    Applying source faceToFace
    Removing all elements of face sets: (ac_inlet_left_faces)
    faceSet ac_inlet_to_wall now size 2
Time = 250
    mesh not changed.
Created faceSet outlet_tm_faces
    Applying source patchToFace
    Adding all faces of patches: (outlet_tm) ...
    Found matching patch outlet_tm with 2 faces
    faceSet outlet_tm_faces now size 2
Read set faceSet outlet_tm_faces size:2
    Applying source patchToFace
    Adding all faces of patches: (wall) ...
    Found matching patch wall with 558 faces
    faceSet outlet_tm_faces now size 560
Read set faceSet outlet_tm_faces size:560
    Applying source patchToFace
    Adding all faces of patches: (tm_se_wall) ...
--> FOAM Warning : 
    From Foam::labelHashSet Foam::polyBoundaryMesh::patchSet(const Foam::UList<Foam::wordRe>&, bool, bool) const
    in file meshes/polyMesh/polyBoundaryMesh/polyBoundaryMesh.C at line 1158
    Cannot find any patch names matching tm_se_wall
--> FOAM Warning : 
    From void Foam::patchToFace::combine(Foam::topoSet&, bool) const
    in file topoSet/faceSources/patchToFace/patchToFace.C at line 96
    Cannot find any patches matching (tm_se_wall)
Valid names: (wall iris_wall outlet_tm lens_wall ac_inlet ac_inlet_left outlet_tm_left defaultFaces)
    faceSet outlet_tm_faces now size 560
Read set faceSet outlet_tm_faces size:560
    Applying source boxToFace
    Adding faces with centre within boxes 1((0.00678 -0.00465 -1e-05) (0.00692 -0.0045 0.001001))
    faceSet outlet_tm_faces now size 1
Read set faceSet outlet_tm_faces size:1
    Applying source normalToFace
    Adding faces according to normal being aligned with (0.75568908 -0.65493054 0) (to within 0.5) ...
    faceSet outlet_tm_faces now size 1
Created faceSet outlet_tm_left_faces
    Applying source patchToFace
    Adding all faces of patches: (outlet_tm_left) ...
    Found matching patch outlet_tm_left with 2 faces
    faceSet outlet_tm_left_faces now size 2
Read set faceSet outlet_tm_left_faces size:2
    Applying source patchToFace
    Adding all faces of patches: (wall) ...
    Found matching patch wall with 558 faces
    faceSet outlet_tm_left_faces now size 560
Read set faceSet outlet_tm_left_faces size:560
    Applying source patchToFace
    Adding all faces of patches: (tm_se_wall) ...
--> FOAM Warning : 
    From Foam::labelHashSet Foam::polyBoundaryMesh::patchSet(const Foam::UList<Foam::wordRe>&, bool, bool) const
    in file meshes/polyMesh/polyBoundaryMesh/polyBoundaryMesh.C at line 1158
    Cannot find any patch names matching tm_se_wall
--> FOAM Warning : 
    From void Foam::patchToFace::combine(Foam::topoSet&, bool) const
    in file topoSet/faceSources/patchToFace/patchToFace.C at line 96
    Cannot find any patches matching (tm_se_wall)
Valid names: (wall iris_wall outlet_tm lens_wall ac_inlet ac_inlet_left outlet_tm_left defaultFaces)
    faceSet outlet_tm_left_faces now size 560
Read set faceSet outlet_tm_left_faces size:560
    Applying source boxToFace
    Adding faces with centre within boxes 1((-0.00692 -0.00465 -1e-05) (-0.00678 -0.0045 0.001001))
    faceSet outlet_tm_left_faces now size 1
Read set faceSet outlet_tm_left_faces size:1
    Applying source normalToFace
    Adding faces according to normal being aligned with (-0.75568908 -0.65493054 0) (to within 0.5) ...
    faceSet outlet_tm_left_faces now size 1
Created faceSet outlet_se_to_wall
    Applying source patchToFace
    Adding all faces of patches: (outlet_tm) ...
    Found matching patch outlet_tm with 2 faces
    faceSet outlet_se_to_wall now size 2
Read set faceSet outlet_se_to_wall size:2
    Applying source patchToFace
    Adding all faces of patches: (outlet_tm_left) ...
    Found matching patch outlet_tm_left with 2 faces
    faceSet outlet_se_to_wall now size 4
Read set faceSet outlet_se_to_wall size:4
    Applying source faceToFace
    Removing all elements of face sets: (outlet_tm_faces)
    faceSet outlet_se_to_wall now size 3
Read set faceSet outlet_se_to_wall size:3
    Applying source faceToFace
    Removing all elements of face sets: (outlet_tm_left_faces)
    faceSet outlet_se_to_wall now size 2
Created faceSet ac_inlet_faces
    Applying source patchToFace
    Adding all faces of patches: (ac_inlet) ...
    Found matching patch ac_inlet with 3 faces
    faceSet ac_inlet_faces now size 3
Read set faceSet ac_inlet_faces size:3
    Applying source patchToFace
    Adding all faces of patches: (iris_wall) ...
    Found matching patch iris_wall with 248 faces
    faceSet ac_inlet_faces now size 251
Read set faceSet ac_inlet_faces size:251
    Applying source patchToFace
    Adding all faces of patches: (wall) ...
    Found matching patch wall with 558 faces
    faceSet ac_inlet_faces now size 809
Read set faceSet ac_inlet_faces size:809
    Applying source boxToFace
    Adding faces with centre within boxes 1((0.00688 -0.00395 -1e-05) (0.00705 -0.00355 0.001001))
    faceSet ac_inlet_faces now size 2
Read set faceSet ac_inlet_faces size:2
    Applying source normalToFace
    Adding faces according to normal being aligned with (1 0 0) (to within 0.7) ...
    faceSet ac_inlet_faces now size 2
Created faceSet ac_inlet_left_faces
    Applying source patchToFace
    Adding all faces of patches: (ac_inlet_left) ...
    Found matching patch ac_inlet_left with 3 faces
    faceSet ac_inlet_left_faces now size 3
Read set faceSet ac_inlet_left_faces size:3
    Applying source patchToFace
    Adding all faces of patches: (iris_wall) ...
    Found matching patch iris_wall with 248 faces
    faceSet ac_inlet_left_faces now size 251
Read set faceSet ac_inlet_left_faces size:251
    Applying source patchToFace
    Adding all faces of patches: (wall) ...
    Found matching patch wall with 558 faces
    faceSet ac_inlet_left_faces now size 809
Read set faceSet ac_inlet_left_faces size:809
    Applying source boxToFace
    Adding faces with centre within boxes 1((-0.00705 -0.00395 -1e-05) (-0.00688 -0.00355 0.001001))
    faceSet ac_inlet_left_faces now size 2
Read set faceSet ac_inlet_left_faces size:2
    Applying source normalToFace
    Adding faces according to normal being aligned with (-1 0 0) (to within 0.7) ...
    faceSet ac_inlet_left_faces now size 2
Created faceSet ac_inlet_to_wall
    Applying source patchToFace
    Adding all faces of patches: (ac_inlet) ...
    Found matching patch ac_inlet with 3 faces
    faceSet ac_inlet_to_wall now size 3
Read set faceSet ac_inlet_to_wall size:3
    Applying source patchToFace
    Adding all faces of patches: (ac_inlet_left) ...
    Found matching patch ac_inlet_left with 3 faces
    faceSet ac_inlet_to_wall now size 6
Read set faceSet ac_inlet_to_wall size:6
    Applying source faceToFace
    Removing all elements of face sets: (ac_inlet_faces)
    faceSet ac_inlet_to_wall now size 4
Read set faceSet ac_inlet_to_wall size:4
    Applying source faceToFace
    Removing all elements of face sets: (ac_inlet_left_faces)
    faceSet ac_inlet_to_wall now size 2
Time = 300
    mesh not changed.
Created faceSet outlet_tm_faces
    Applying source patchToFace
    Adding all faces of patches: (outlet_tm) ...
    Found matching patch outlet_tm with 2 faces
    faceSet outlet_tm_faces now size 2
Read set faceSet outlet_tm_faces size:2
    Applying source patchToFace
    Adding all faces of patches: (wall) ...
    Found matching patch wall with 558 faces
    faceSet outlet_tm_faces now size 560
Read set faceSet outlet_tm_faces size:560
    Applying source patchToFace
    Adding all faces of patches: (tm_se_wall) ...
--> FOAM Warning : 
    From Foam::labelHashSet Foam::polyBoundaryMesh::patchSet(const Foam::UList<Foam::wordRe>&, bool, bool) const
    in file meshes/polyMesh/polyBoundaryMesh/polyBoundaryMesh.C at line 1158
    Cannot find any patch names matching tm_se_wall
--> FOAM Warning : 
    From void Foam::patchToFace::combine(Foam::topoSet&, bool) const
    in file topoSet/faceSources/patchToFace/patchToFace.C at line 96
    Cannot find any patches matching (tm_se_wall)
Valid names: (wall iris_wall outlet_tm lens_wall ac_inlet ac_inlet_left outlet_tm_left defaultFaces)
    faceSet outlet_tm_faces now size 560
Read set faceSet outlet_tm_faces size:560
    Applying source boxToFace
    Adding faces with centre within boxes 1((0.00678 -0.00465 -1e-05) (0.00692 -0.0045 0.001001))
    faceSet outlet_tm_faces now size 1
Read set faceSet outlet_tm_faces size:1
    Applying source normalToFace
    Adding faces according to normal being aligned with (0.75568908 -0.65493054 0) (to within 0.5) ...
    faceSet outlet_tm_faces now size 1
Created faceSet outlet_tm_left_faces
    Applying source patchToFace
    Adding all faces of patches: (outlet_tm_left) ...
    Found matching patch outlet_tm_left with 2 faces
    faceSet outlet_tm_left_faces now size 2
Read set faceSet outlet_tm_left_faces size:2
    Applying source patchToFace
    Adding all faces of patches: (wall) ...
    Found matching patch wall with 558 faces
    faceSet outlet_tm_left_faces now size 560
Read set faceSet outlet_tm_left_faces size:560
    Applying source patchToFace
    Adding all faces of patches: (tm_se_wall) ...
--> FOAM Warning : 
    From Foam::labelHashSet Foam::polyBoundaryMesh::patchSet(const Foam::UList<Foam::wordRe>&, bool, bool) const
    in file meshes/polyMesh/polyBoundaryMesh/polyBoundaryMesh.C at line 1158
    Cannot find any patch names matching tm_se_wall
--> FOAM Warning : 
    From void Foam::patchToFace::combine(Foam::topoSet&, bool) const
    in file topoSet/faceSources/patchToFace/patchToFace.C at line 96
    Cannot find any patches matching (tm_se_wall)
Valid names: (wall iris_wall outlet_tm lens_wall ac_inlet ac_inlet_left outlet_tm_left defaultFaces)
    faceSet outlet_tm_left_faces now size 560
Read set faceSet outlet_tm_left_faces size:560
    Applying source boxToFace
    Adding faces with centre within boxes 1((-0.00692 -0.00465 -1e-05) (-0.00678 -0.0045 0.001001))
    faceSet outlet_tm_left_faces now size 1
Read set faceSet outlet_tm_left_faces size:1
    Applying source normalToFace
    Adding faces according to normal being aligned with (-0.75568908 -0.65493054 0) (to within 0.5) ...
    faceSet outlet_tm_left_faces now size 1
Created faceSet outlet_se_to_wall
    Applying source patchToFace
    Adding all faces of patches: (outlet_tm) ...
    Found matching patch outlet_tm with 2 faces
    faceSet outlet_se_to_wall now size 2
Read set faceSet outlet_se_to_wall size:2
    Applying source patchToFace
    Adding all faces of patches: (outlet_tm_left) ...
    Found matching patch outlet_tm_left with 2 faces
    faceSet outlet_se_to_wall now size 4
Read set faceSet outlet_se_to_wall size:4
    Applying source faceToFace
    Removing all elements of face sets: (outlet_tm_faces)
    faceSet outlet_se_to_wall now size 3
Read set faceSet outlet_se_to_wall size:3
    Applying source faceToFace
    Removing all elements of face sets: (outlet_tm_left_faces)
    faceSet outlet_se_to_wall now size 2
Created faceSet ac_inlet_faces
    Applying source patchToFace
    Adding all faces of patches: (ac_inlet) ...
    Found matching patch ac_inlet with 3 faces
    faceSet ac_inlet_faces now size 3
Read set faceSet ac_inlet_faces size:3
    Applying source patchToFace
    Adding all faces of patches: (iris_wall) ...
    Found matching patch iris_wall with 248 faces
    faceSet ac_inlet_faces now size 251
Read set faceSet ac_inlet_faces size:251
    Applying source patchToFace
    Adding all faces of patches: (wall) ...
    Found matching patch wall with 558 faces
    faceSet ac_inlet_faces now size 809
Read set faceSet ac_inlet_faces size:809
    Applying source boxToFace
    Adding faces with centre within boxes 1((0.00688 -0.00395 -1e-05) (0.00705 -0.00355 0.001001))
    faceSet ac_inlet_faces now size 2
Read set faceSet ac_inlet_faces size:2
    Applying source normalToFace
    Adding faces according to normal being aligned with (1 0 0) (to within 0.7) ...
    faceSet ac_inlet_faces now size 2
Created faceSet ac_inlet_left_faces
    Applying source patchToFace
    Adding all faces of patches: (ac_inlet_left) ...
    Found matching patch ac_inlet_left with 3 faces
    faceSet ac_inlet_left_faces now size 3
Read set faceSet ac_inlet_left_faces size:3
    Applying source patchToFace
    Adding all faces of patches: (iris_wall) ...
    Found matching patch iris_wall with 248 faces
    faceSet ac_inlet_left_faces now size 251
Read set faceSet ac_inlet_left_faces size:251
    Applying source patchToFace
    Adding all faces of patches: (wall) ...
    Found matching patch wall with 558 faces
    faceSet ac_inlet_left_faces now size 809
Read set faceSet ac_inlet_left_faces size:809
    Applying source boxToFace
    Adding faces with centre within boxes 1((-0.00705 -0.00395 -1e-05) (-0.00688 -0.00355 0.001001))
    faceSet ac_inlet_left_faces now size 2
Read set faceSet ac_inlet_left_faces size:2
    Applying source normalToFace
    Adding faces according to normal being aligned with (-1 0 0) (to within 0.7) ...
    faceSet ac_inlet_left_faces now size 2
Created faceSet ac_inlet_to_wall
    Applying source patchToFace
    Adding all faces of patches: (ac_inlet) ...
    Found matching patch ac_inlet with 3 faces
    faceSet ac_inlet_to_wall now size 3
Read set faceSet ac_inlet_to_wall size:3
    Applying source patchToFace
    Adding all faces of patches: (ac_inlet_left) ...
    Found matching patch ac_inlet_left with 3 faces
    faceSet ac_inlet_to_wall now size 6
Read set faceSet ac_inlet_to_wall size:6
    Applying source faceToFace
    Removing all elements of face sets: (ac_inlet_faces)
    faceSet ac_inlet_to_wall now size 4
Read set faceSet ac_inlet_to_wall size:4
    Applying source faceToFace
    Removing all elements of face sets: (ac_inlet_left_faces)
    faceSet ac_inlet_to_wall now size 2
Time = 350
    mesh not changed.
Created faceSet outlet_tm_faces
    Applying source patchToFace
    Adding all faces of patches: (outlet_tm) ...
    Found matching patch outlet_tm with 2 faces
    faceSet outlet_tm_faces now size 2
Read set faceSet outlet_tm_faces size:2
    Applying source patchToFace
    Adding all faces of patches: (wall) ...
    Found matching patch wall with 558 faces
    faceSet outlet_tm_faces now size 560
Read set faceSet outlet_tm_faces size:560
    Applying source patchToFace
    Adding all faces of patches: (tm_se_wall) ...
--> FOAM Warning : 
    From Foam::labelHashSet Foam::polyBoundaryMesh::patchSet(const Foam::UList<Foam::wordRe>&, bool, bool) const
    in file meshes/polyMesh/polyBoundaryMesh/polyBoundaryMesh.C at line 1158
    Cannot find any patch names matching tm_se_wall
--> FOAM Warning : 
    From void Foam::patchToFace::combine(Foam::topoSet&, bool) const
    in file topoSet/faceSources/patchToFace/patchToFace.C at line 96
    Cannot find any patches matching (tm_se_wall)
Valid names: (wall iris_wall outlet_tm lens_wall ac_inlet ac_inlet_left outlet_tm_left defaultFaces)
    faceSet outlet_tm_faces now size 560
Read set faceSet outlet_tm_faces size:560
    Applying source boxToFace
    Adding faces with centre within boxes 1((0.00678 -0.00465 -1e-05) (0.00692 -0.0045 0.001001))
    faceSet outlet_tm_faces now size 1
Read set faceSet outlet_tm_faces size:1
    Applying source normalToFace
    Adding faces according to normal being aligned with (0.75568908 -0.65493054 0) (to within 0.5) ...
    faceSet outlet_tm_faces now size 1
Created faceSet outlet_tm_left_faces
    Applying source patchToFace
    Adding all faces of patches: (outlet_tm_left) ...
    Found matching patch outlet_tm_left with 2 faces
    faceSet outlet_tm_left_faces now size 2
Read set faceSet outlet_tm_left_faces size:2
    Applying source patchToFace
    Adding all faces of patches: (wall) ...
    Found matching patch wall with 558 faces
    faceSet outlet_tm_left_faces now size 560
Read set faceSet outlet_tm_left_faces size:560
    Applying source patchToFace
    Adding all faces of patches: (tm_se_wall) ...
--> FOAM Warning : 
    From Foam::labelHashSet Foam::polyBoundaryMesh::patchSet(const Foam::UList<Foam::wordRe>&, bool, bool) const
    in file meshes/polyMesh/polyBoundaryMesh/polyBoundaryMesh.C at line 1158
    Cannot find any patch names matching tm_se_wall
--> FOAM Warning : 
    From void Foam::patchToFace::combine(Foam::topoSet&, bool) const
    in file topoSet/faceSources/patchToFace/patchToFace.C at line 96
    Cannot find any patches matching (tm_se_wall)
Valid names: (wall iris_wall outlet_tm lens_wall ac_inlet ac_inlet_left outlet_tm_left defaultFaces)
    faceSet outlet_tm_left_faces now size 560
Read set faceSet outlet_tm_left_faces size:560
    Applying source boxToFace
    Adding faces with centre within boxes 1((-0.00692 -0.00465 -1e-05) (-0.00678 -0.0045 0.001001))
    faceSet outlet_tm_left_faces now size 1
Read set faceSet outlet_tm_left_faces size:1
    Applying source normalToFace
    Adding faces according to normal being aligned with (-0.75568908 -0.65493054 0) (to within 0.5) ...
    faceSet outlet_tm_left_faces now size 1
Created faceSet outlet_se_to_wall
    Applying source patchToFace
    Adding all faces of patches: (outlet_tm) ...
    Found matching patch outlet_tm with 2 faces
    faceSet outlet_se_to_wall now size 2
Read set faceSet outlet_se_to_wall size:2
    Applying source patchToFace
    Adding all faces of patches: (outlet_tm_left) ...
    Found matching patch outlet_tm_left with 2 faces
    faceSet outlet_se_to_wall now size 4
Read set faceSet outlet_se_to_wall size:4
    Applying source faceToFace
    Removing all elements of face sets: (outlet_tm_faces)
    faceSet outlet_se_to_wall now size 3
Read set faceSet outlet_se_to_wall size:3
    Applying source faceToFace
    Removing all elements of face sets: (outlet_tm_left_faces)
    faceSet outlet_se_to_wall now size 2
Created faceSet ac_inlet_faces
    Applying source patchToFace
    Adding all faces of patches: (ac_inlet) ...
    Found matching patch ac_inlet with 3 faces
    faceSet ac_inlet_faces now size 3
Read set faceSet ac_inlet_faces size:3
    Applying source patchToFace
    Adding all faces of patches: (iris_wall) ...
    Found matching patch iris_wall with 248 faces
    faceSet ac_inlet_faces now size 251
Read set faceSet ac_inlet_faces size:251
    Applying source patchToFace
    Adding all faces of patches: (wall) ...
    Found matching patch wall with 558 faces
    faceSet ac_inlet_faces now size 809
Read set faceSet ac_inlet_faces size:809
    Applying source boxToFace
    Adding faces with centre within boxes 1((0.00688 -0.00395 -1e-05) (0.00705 -0.00355 0.001001))
    faceSet ac_inlet_faces now size 2
Read set faceSet ac_inlet_faces size:2
    Applying source normalToFace
    Adding faces according to normal being aligned with (1 0 0) (to within 0.7) ...
    faceSet ac_inlet_faces now size 2
Created faceSet ac_inlet_left_faces
    Applying source patchToFace
    Adding all faces of patches: (ac_inlet_left) ...
    Found matching patch ac_inlet_left with 3 faces
    faceSet ac_inlet_left_faces now size 3
Read set faceSet ac_inlet_left_faces size:3
    Applying source patchToFace
    Adding all faces of patches: (iris_wall) ...
    Found matching patch iris_wall with 248 faces
    faceSet ac_inlet_left_faces now size 251
Read set faceSet ac_inlet_left_faces size:251
    Applying source patchToFace
    Adding all faces of patches: (wall) ...
    Found matching patch wall with 558 faces
    faceSet ac_inlet_left_faces now size 809
Read set faceSet ac_inlet_left_faces size:809
    Applying source boxToFace
    Adding faces with centre within boxes 1((-0.00705 -0.00395 -1e-05) (-0.00688 -0.00355 0.001001))
    faceSet ac_inlet_left_faces now size 2
Read set faceSet ac_inlet_left_faces size:2
    Applying source normalToFace
    Adding faces according to normal being aligned with (-1 0 0) (to within 0.7) ...
    faceSet ac_inlet_left_faces now size 2
Created faceSet ac_inlet_to_wall
    Applying source patchToFace
    Adding all faces of patches: (ac_inlet) ...
    Found matching patch ac_inlet with 3 faces
    faceSet ac_inlet_to_wall now size 3
Read set faceSet ac_inlet_to_wall size:3
    Applying source patchToFace
    Adding all faces of patches: (ac_inlet_left) ...
    Found matching patch ac_inlet_left with 3 faces
    faceSet ac_inlet_to_wall now size 6
Read set faceSet ac_inlet_to_wall size:6
    Applying source faceToFace
    Removing all elements of face sets: (ac_inlet_faces)
    faceSet ac_inlet_to_wall now size 4
Read set faceSet ac_inlet_to_wall size:4
    Applying source faceToFace
    Removing all elements of face sets: (ac_inlet_left_faces)
    faceSet ac_inlet_to_wall now size 2
Time = 400
    mesh not changed.
Created faceSet outlet_tm_faces
    Applying source patchToFace
    Adding all faces of patches: (outlet_tm) ...
    Found matching patch outlet_tm with 2 faces
    faceSet outlet_tm_faces now size 2
Read set faceSet outlet_tm_faces size:2
    Applying source patchToFace
    Adding all faces of patches: (wall) ...
    Found matching patch wall with 558 faces
    faceSet outlet_tm_faces now size 560
Read set faceSet outlet_tm_faces size:560
    Applying source patchToFace
    Adding all faces of patches: (tm_se_wall) ...
--> FOAM Warning : 
    From Foam::labelHashSet Foam::polyBoundaryMesh::patchSet(const Foam::UList<Foam::wordRe>&, bool, bool) const
    in file meshes/polyMesh/polyBoundaryMesh/polyBoundaryMesh.C at line 1158
    Cannot find any patch names matching tm_se_wall
--> FOAM Warning : 
    From void Foam::patchToFace::combine(Foam::topoSet&, bool) const
    in file topoSet/faceSources/patchToFace/patchToFace.C at line 96
    Cannot find any patches matching (tm_se_wall)
Valid names: (wall iris_wall outlet_tm lens_wall ac_inlet ac_inlet_left outlet_tm_left defaultFaces)
    faceSet outlet_tm_faces now size 560
Read set faceSet outlet_tm_faces size:560
    Applying source boxToFace
    Adding faces with centre within boxes 1((0.00678 -0.00465 -1e-05) (0.00692 -0.0045 0.001001))
    faceSet outlet_tm_faces now size 1
Read set faceSet outlet_tm_faces size:1
    Applying source normalToFace
    Adding faces according to normal being aligned with (0.75568908 -0.65493054 0) (to within 0.5) ...
    faceSet outlet_tm_faces now size 1
Created faceSet outlet_tm_left_faces
    Applying source patchToFace
    Adding all faces of patches: (outlet_tm_left) ...
    Found matching patch outlet_tm_left with 2 faces
    faceSet outlet_tm_left_faces now size 2
Read set faceSet outlet_tm_left_faces size:2
    Applying source patchToFace
    Adding all faces of patches: (wall) ...
    Found matching patch wall with 558 faces
    faceSet outlet_tm_left_faces now size 560
Read set faceSet outlet_tm_left_faces size:560
    Applying source patchToFace
    Adding all faces of patches: (tm_se_wall) ...
--> FOAM Warning : 
    From Foam::labelHashSet Foam::polyBoundaryMesh::patchSet(const Foam::UList<Foam::wordRe>&, bool, bool) const
    in file meshes/polyMesh/polyBoundaryMesh/polyBoundaryMesh.C at line 1158
    Cannot find any patch names matching tm_se_wall
--> FOAM Warning : 
    From void Foam::patchToFace::combine(Foam::topoSet&, bool) const
    in file topoSet/faceSources/patchToFace/patchToFace.C at line 96
    Cannot find any patches matching (tm_se_wall)
Valid names: (wall iris_wall outlet_tm lens_wall ac_inlet ac_inlet_left outlet_tm_left defaultFaces)
    faceSet outlet_tm_left_faces now size 560
Read set faceSet outlet_tm_left_faces size:560
    Applying source boxToFace
    Adding faces with centre within boxes 1((-0.00692 -0.00465 -1e-05) (-0.00678 -0.0045 0.001001))
    faceSet outlet_tm_left_faces now size 1
Read set faceSet outlet_tm_left_faces size:1
    Applying source normalToFace
    Adding faces according to normal being aligned with (-0.75568908 -0.65493054 0) (to within 0.5) ...
    faceSet outlet_tm_left_faces now size 1
Created faceSet outlet_se_to_wall
    Applying source patchToFace
    Adding all faces of patches: (outlet_tm) ...
    Found matching patch outlet_tm with 2 faces
    faceSet outlet_se_to_wall now size 2
Read set faceSet outlet_se_to_wall size:2
    Applying source patchToFace
    Adding all faces of patches: (outlet_tm_left) ...
    Found matching patch outlet_tm_left with 2 faces
    faceSet outlet_se_to_wall now size 4
Read set faceSet outlet_se_to_wall size:4
    Applying source faceToFace
    Removing all elements of face sets: (outlet_tm_faces)
    faceSet outlet_se_to_wall now size 3
Read set faceSet outlet_se_to_wall size:3
    Applying source faceToFace
    Removing all elements of face sets: (outlet_tm_left_faces)
    faceSet outlet_se_to_wall now size 2
Created faceSet ac_inlet_faces
    Applying source patchToFace
    Adding all faces of patches: (ac_inlet) ...
    Found matching patch ac_inlet with 3 faces
    faceSet ac_inlet_faces now size 3
Read set faceSet ac_inlet_faces size:3
    Applying source patchToFace
    Adding all faces of patches: (iris_wall) ...
    Found matching patch iris_wall with 248 faces
    faceSet ac_inlet_faces now size 251
Read set faceSet ac_inlet_faces size:251
    Applying source patchToFace
    Adding all faces of patches: (wall) ...
    Found matching patch wall with 558 faces
    faceSet ac_inlet_faces now size 809
Read set faceSet ac_inlet_faces size:809
    Applying source boxToFace
    Adding faces with centre within boxes 1((0.00688 -0.00395 -1e-05) (0.00705 -0.00355 0.001001))
    faceSet ac_inlet_faces now size 2
Read set faceSet ac_inlet_faces size:2
    Applying source normalToFace
    Adding faces according to normal being aligned with (1 0 0) (to within 0.7) ...
    faceSet ac_inlet_faces now size 2
Created faceSet ac_inlet_left_faces
    Applying source patchToFace
    Adding all faces of patches: (ac_inlet_left) ...
    Found matching patch ac_inlet_left with 3 faces
    faceSet ac_inlet_left_faces now size 3
Read set faceSet ac_inlet_left_faces size:3
    Applying source patchToFace
    Adding all faces of patches: (iris_wall) ...
    Found matching patch iris_wall with 248 faces
    faceSet ac_inlet_left_faces now size 251
Read set faceSet ac_inlet_left_faces size:251
    Applying source patchToFace
    Adding all faces of patches: (wall) ...
    Found matching patch wall with 558 faces
    faceSet ac_inlet_left_faces now size 809
Read set faceSet ac_inlet_left_faces size:809
    Applying source boxToFace
    Adding faces with centre within boxes 1((-0.00705 -0.00395 -1e-05) (-0.00688 -0.00355 0.001001))
    faceSet ac_inlet_left_faces now size 2
Read set faceSet ac_inlet_left_faces size:2
    Applying source normalToFace
    Adding faces according to normal being aligned with (-1 0 0) (to within 0.7) ...
    faceSet ac_inlet_left_faces now size 2
Created faceSet ac_inlet_to_wall
    Applying source patchToFace
    Adding all faces of patches: (ac_inlet) ...
    Found matching patch ac_inlet with 3 faces
    faceSet ac_inlet_to_wall now size 3
Read set faceSet ac_inlet_to_wall size:3
    Applying source patchToFace
    Adding all faces of patches: (ac_inlet_left) ...
    Found matching patch ac_inlet_left with 3 faces
    faceSet ac_inlet_to_wall now size 6
Read set faceSet ac_inlet_to_wall size:6
    Applying source faceToFace
    Removing all elements of face sets: (ac_inlet_faces)
    faceSet ac_inlet_to_wall now size 4
Read set faceSet ac_inlet_to_wall size:4
    Applying source faceToFace
    Removing all elements of face sets: (ac_inlet_left_faces)
    faceSet ac_inlet_to_wall now size 2
Time = 450
    mesh not changed.
Created faceSet outlet_tm_faces
    Applying source patchToFace
    Adding all faces of patches: (outlet_tm) ...
    Found matching patch outlet_tm with 2 faces
    faceSet outlet_tm_faces now size 2
Read set faceSet outlet_tm_faces size:2
    Applying source patchToFace
    Adding all faces of patches: (wall) ...
    Found matching patch wall with 558 faces
    faceSet outlet_tm_faces now size 560
Read set faceSet outlet_tm_faces size:560
    Applying source patchToFace
    Adding all faces of patches: (tm_se_wall) ...
--> FOAM Warning : 
    From Foam::labelHashSet Foam::polyBoundaryMesh::patchSet(const Foam::UList<Foam::wordRe>&, bool, bool) const
    in file meshes/polyMesh/polyBoundaryMesh/polyBoundaryMesh.C at line 1158
    Cannot find any patch names matching tm_se_wall
--> FOAM Warning : 
    From void Foam::patchToFace::combine(Foam::topoSet&, bool) const
    in file topoSet/faceSources/patchToFace/patchToFace.C at line 96
    Cannot find any patches matching (tm_se_wall)
Valid names: (wall iris_wall outlet_tm lens_wall ac_inlet ac_inlet_left outlet_tm_left defaultFaces)
    faceSet outlet_tm_faces now size 560
Read set faceSet outlet_tm_faces size:560
    Applying source boxToFace
    Adding faces with centre within boxes 1((0.00678 -0.00465 -1e-05) (0.00692 -0.0045 0.001001))
    faceSet outlet_tm_faces now size 1
Read set faceSet outlet_tm_faces size:1
    Applying source normalToFace
    Adding faces according to normal being aligned with (0.75568908 -0.65493054 0) (to within 0.5) ...
    faceSet outlet_tm_faces now size 1
Created faceSet outlet_tm_left_faces
    Applying source patchToFace
    Adding all faces of patches: (outlet_tm_left) ...
    Found matching patch outlet_tm_left with 2 faces
    faceSet outlet_tm_left_faces now size 2
Read set faceSet outlet_tm_left_faces size:2
    Applying source patchToFace
    Adding all faces of patches: (wall) ...
    Found matching patch wall with 558 faces
    faceSet outlet_tm_left_faces now size 560
Read set faceSet outlet_tm_left_faces size:560
    Applying source patchToFace
    Adding all faces of patches: (tm_se_wall) ...
--> FOAM Warning : 
    From Foam::labelHashSet Foam::polyBoundaryMesh::patchSet(const Foam::UList<Foam::wordRe>&, bool, bool) const
    in file meshes/polyMesh/polyBoundaryMesh/polyBoundaryMesh.C at line 1158
    Cannot find any patch names matching tm_se_wall
--> FOAM Warning : 
    From void Foam::patchToFace::combine(Foam::topoSet&, bool) const
    in file topoSet/faceSources/patchToFace/patchToFace.C at line 96
    Cannot find any patches matching (tm_se_wall)
Valid names: (wall iris_wall outlet_tm lens_wall ac_inlet ac_inlet_left outlet_tm_left defaultFaces)
    faceSet outlet_tm_left_faces now size 560
Read set faceSet outlet_tm_left_faces size:560
    Applying source boxToFace
    Adding faces with centre within boxes 1((-0.00692 -0.00465 -1e-05) (-0.00678 -0.0045 0.001001))
    faceSet outlet_tm_left_faces now size 1
Read set faceSet outlet_tm_left_faces size:1
    Applying source normalToFace
    Adding faces according to normal being aligned with (-0.75568908 -0.65493054 0) (to within 0.5) ...
    faceSet outlet_tm_left_faces now size 1
Created faceSet outlet_se_to_wall
    Applying source patchToFace
    Adding all faces of patches: (outlet_tm) ...
    Found matching patch outlet_tm with 2 faces
    faceSet outlet_se_to_wall now size 2
Read set faceSet outlet_se_to_wall size:2
    Applying source patchToFace
    Adding all faces of patches: (outlet_tm_left) ...
    Found matching patch outlet_tm_left with 2 faces
    faceSet outlet_se_to_wall now size 4
Read set faceSet outlet_se_to_wall size:4
    Applying source faceToFace
    Removing all elements of face sets: (outlet_tm_faces)
    faceSet outlet_se_to_wall now size 3
Read set faceSet outlet_se_to_wall size:3
    Applying source faceToFace
    Removing all elements of face sets: (outlet_tm_left_faces)
    faceSet outlet_se_to_wall now size 2
Created faceSet ac_inlet_faces
    Applying source patchToFace
    Adding all faces of patches: (ac_inlet) ...
    Found matching patch ac_inlet with 3 faces
    faceSet ac_inlet_faces now size 3
Read set faceSet ac_inlet_faces size:3
    Applying source patchToFace
    Adding all faces of patches: (iris_wall) ...
    Found matching patch iris_wall with 248 faces
    faceSet ac_inlet_faces now size 251
Read set faceSet ac_inlet_faces size:251
    Applying source patchToFace
    Adding all faces of patches: (wall) ...
    Found matching patch wall with 558 faces
    faceSet ac_inlet_faces now size 809
Read set faceSet ac_inlet_faces size:809
    Applying source boxToFace
    Adding faces with centre within boxes 1((0.00688 -0.00395 -1e-05) (0.00705 -0.00355 0.001001))
    faceSet ac_inlet_faces now size 2
Read set faceSet ac_inlet_faces size:2
    Applying source normalToFace
    Adding faces according to normal being aligned with (1 0 0) (to within 0.7) ...
    faceSet ac_inlet_faces now size 2
Created faceSet ac_inlet_left_faces
    Applying source patchToFace
    Adding all faces of patches: (ac_inlet_left) ...
    Found matching patch ac_inlet_left with 3 faces
    faceSet ac_inlet_left_faces now size 3
Read set faceSet ac_inlet_left_faces size:3
    Applying source patchToFace
    Adding all faces of patches: (iris_wall) ...
    Found matching patch iris_wall with 248 faces
    faceSet ac_inlet_left_faces now size 251
Read set faceSet ac_inlet_left_faces size:251
    Applying source patchToFace
    Adding all faces of patches: (wall) ...
    Found matching patch wall with 558 faces
    faceSet ac_inlet_left_faces now size 809
Read set faceSet ac_inlet_left_faces size:809
    Applying source boxToFace
    Adding faces with centre within boxes 1((-0.00705 -0.00395 -1e-05) (-0.00688 -0.00355 0.001001))
    faceSet ac_inlet_left_faces now size 2
Read set faceSet ac_inlet_left_faces size:2
    Applying source normalToFace
    Adding faces according to normal being aligned with (-1 0 0) (to within 0.7) ...
    faceSet ac_inlet_left_faces now size 2
Created faceSet ac_inlet_to_wall
    Applying source patchToFace
    Adding all faces of patches: (ac_inlet) ...
    Found matching patch ac_inlet with 3 faces
    faceSet ac_inlet_to_wall now size 3
Read set faceSet ac_inlet_to_wall size:3
    Applying source patchToFace
    Adding all faces of patches: (ac_inlet_left) ...
    Found matching patch ac_inlet_left with 3 faces
    faceSet ac_inlet_to_wall now size 6
Read set faceSet ac_inlet_to_wall size:6
    Applying source faceToFace
    Removing all elements of face sets: (ac_inlet_faces)
    faceSet ac_inlet_to_wall now size 4
Read set faceSet ac_inlet_to_wall size:4
    Applying source faceToFace
    Removing all elements of face sets: (ac_inlet_left_faces)
    faceSet ac_inlet_to_wall now size 2
Time = 500
    mesh not changed.
Created faceSet outlet_tm_faces
    Applying source patchToFace
    Adding all faces of patches: (outlet_tm) ...
    Found matching patch outlet_tm with 2 faces
    faceSet outlet_tm_faces now size 2
Read set faceSet outlet_tm_faces size:2
    Applying source patchToFace
    Adding all faces of patches: (wall) ...
    Found matching patch wall with 558 faces
    faceSet outlet_tm_faces now size 560
Read set faceSet outlet_tm_faces size:560
    Applying source patchToFace
    Adding all faces of patches: (tm_se_wall) ...
--> FOAM Warning : 
    From Foam::labelHashSet Foam::polyBoundaryMesh::patchSet(const Foam::UList<Foam::wordRe>&, bool, bool) const
    in file meshes/polyMesh/polyBoundaryMesh/polyBoundaryMesh.C at line 1158
    Cannot find any patch names matching tm_se_wall
--> FOAM Warning : 
    From void Foam::patchToFace::combine(Foam::topoSet&, bool) const
    in file topoSet/faceSources/patchToFace/patchToFace.C at line 96
    Cannot find any patches matching (tm_se_wall)
Valid names: (wall iris_wall outlet_tm lens_wall ac_inlet ac_inlet_left outlet_tm_left defaultFaces)
    faceSet outlet_tm_faces now size 560
Read set faceSet outlet_tm_faces size:560
    Applying source boxToFace
    Adding faces with centre within boxes 1((0.00678 -0.00465 -1e-05) (0.00692 -0.0045 0.001001))
    faceSet outlet_tm_faces now size 1
Read set faceSet outlet_tm_faces size:1
    Applying source normalToFace
    Adding faces according to normal being aligned with (0.75568908 -0.65493054 0) (to within 0.5) ...
    faceSet outlet_tm_faces now size 1
Created faceSet outlet_tm_left_faces
    Applying source patchToFace
    Adding all faces of patches: (outlet_tm_left) ...
    Found matching patch outlet_tm_left with 2 faces
    faceSet outlet_tm_left_faces now size 2
Read set faceSet outlet_tm_left_faces size:2
    Applying source patchToFace
    Adding all faces of patches: (wall) ...
    Found matching patch wall with 558 faces
    faceSet outlet_tm_left_faces now size 560
Read set faceSet outlet_tm_left_faces size:560
    Applying source patchToFace
    Adding all faces of patches: (tm_se_wall) ...
--> FOAM Warning : 
    From Foam::labelHashSet Foam::polyBoundaryMesh::patchSet(const Foam::UList<Foam::wordRe>&, bool, bool) const
    in file meshes/polyMesh/polyBoundaryMesh/polyBoundaryMesh.C at line 1158
    Cannot find any patch names matching tm_se_wall
--> FOAM Warning : 
    From void Foam::patchToFace::combine(Foam::topoSet&, bool) const
    in file topoSet/faceSources/patchToFace/patchToFace.C at line 96
    Cannot find any patches matching (tm_se_wall)
Valid names: (wall iris_wall outlet_tm lens_wall ac_inlet ac_inlet_left outlet_tm_left defaultFaces)
    faceSet outlet_tm_left_faces now size 560
Read set faceSet outlet_tm_left_faces size:560
    Applying source boxToFace
    Adding faces with centre within boxes 1((-0.00692 -0.00465 -1e-05) (-0.00678 -0.0045 0.001001))
    faceSet outlet_tm_left_faces now size 1
Read set faceSet outlet_tm_left_faces size:1
    Applying source normalToFace
    Adding faces according to normal being aligned with (-0.75568908 -0.65493054 0) (to within 0.5) ...
    faceSet outlet_tm_left_faces now size 1
Created faceSet outlet_se_to_wall
    Applying source patchToFace
    Adding all faces of patches: (outlet_tm) ...
    Found matching patch outlet_tm with 2 faces
    faceSet outlet_se_to_wall now size 2
Read set faceSet outlet_se_to_wall size:2
    Applying source patchToFace
    Adding all faces of patches: (outlet_tm_left) ...
    Found matching patch outlet_tm_left with 2 faces
    faceSet outlet_se_to_wall now size 4
Read set faceSet outlet_se_to_wall size:4
    Applying source faceToFace
    Removing all elements of face sets: (outlet_tm_faces)
    faceSet outlet_se_to_wall now size 3
Read set faceSet outlet_se_to_wall size:3
    Applying source faceToFace
    Removing all elements of face sets: (outlet_tm_left_faces)
    faceSet outlet_se_to_wall now size 2
Created faceSet ac_inlet_faces
    Applying source patchToFace
    Adding all faces of patches: (ac_inlet) ...
    Found matching patch ac_inlet with 3 faces
    faceSet ac_inlet_faces now size 3
Read set faceSet ac_inlet_faces size:3
    Applying source patchToFace
    Adding all faces of patches: (iris_wall) ...
    Found matching patch iris_wall with 248 faces
    faceSet ac_inlet_faces now size 251
Read set faceSet ac_inlet_faces size:251
    Applying source patchToFace
    Adding all faces of patches: (wall) ...
    Found matching patch wall with 558 faces
    faceSet ac_inlet_faces now size 809
Read set faceSet ac_inlet_faces size:809
    Applying source boxToFace
    Adding faces with centre within boxes 1((0.00688 -0.00395 -1e-05) (0.00705 -0.00355 0.001001))
    faceSet ac_inlet_faces now size 2
Read set faceSet ac_inlet_faces size:2
    Applying source normalToFace
    Adding faces according to normal being aligned with (1 0 0) (to within 0.7) ...
    faceSet ac_inlet_faces now size 2
Created faceSet ac_inlet_left_faces
    Applying source patchToFace
    Adding all faces of patches: (ac_inlet_left) ...
    Found matching patch ac_inlet_left with 3 faces
    faceSet ac_inlet_left_faces now size 3
Read set faceSet ac_inlet_left_faces size:3
    Applying source patchToFace
    Adding all faces of patches: (iris_wall) ...
    Found matching patch iris_wall with 248 faces
    faceSet ac_inlet_left_faces now size 251
Read set faceSet ac_inlet_left_faces size:251
    Applying source patchToFace
    Adding all faces of patches: (wall) ...
    Found matching patch wall with 558 faces
    faceSet ac_inlet_left_faces now size 809
Read set faceSet ac_inlet_left_faces size:809
    Applying source boxToFace
    Adding faces with centre within boxes 1((-0.00705 -0.00395 -1e-05) (-0.00688 -0.00355 0.001001))
    faceSet ac_inlet_left_faces now size 2
Read set faceSet ac_inlet_left_faces size:2
    Applying source normalToFace
    Adding faces according to normal being aligned with (-1 0 0) (to within 0.7) ...
    faceSet ac_inlet_left_faces now size 2
Created faceSet ac_inlet_to_wall
    Applying source patchToFace
    Adding all faces of patches: (ac_inlet) ...
    Found matching patch ac_inlet with 3 faces
    faceSet ac_inlet_to_wall now size 3
Read set faceSet ac_inlet_to_wall size:3
    Applying source patchToFace
    Adding all faces of patches: (ac_inlet_left) ...
    Found matching patch ac_inlet_left with 3 faces
    faceSet ac_inlet_to_wall now size 6
Read set faceSet ac_inlet_to_wall size:6
    Applying source faceToFace
    Removing all elements of face sets: (ac_inlet_faces)
    faceSet ac_inlet_to_wall now size 4
Read set faceSet ac_inlet_to_wall size:4
    Applying source faceToFace
    Removing all elements of face sets: (ac_inlet_left_faces)
    faceSet ac_inlet_to_wall now size 2

End

/*---------------------------------------------------------------------------*\
| =========                 |                                                 |
| \\      /  F ield         | OpenFOAM: The Open Source CFD Toolbox           |
|  \\    /   O peration     | Version:  2512                                  |
|   \\  /    A nd           | Website:  www.openfoam.com                      |
|    \\/     M anipulation  |                                                 |
\*---------------------------------------------------------------------------*/
Build  : _bd2b6720-20260127 OPENFOAM=2512 version=2512
Arch   : "LSB;label=32;scalar=64"
Exec   : createPatch -overwrite -dict system/createPatchDict.anatomical
Date   : Jul 16 2026
Time   : 01:02:03
Host   : 207c84b495aa
PID    : 240
I/O    : uncollated
Case   : /simulation/doc-g1-sim1/fluid
nProcs : 1
trapFpe: Floating point exception trapping enabled (FOAM_SIGFPE).
memory pool : not available
fileModificationChecking : Monitoring run-time modified files using timeStampMaster (fileModificationSkew 5, maxFileModificationPolls 20)
allowSystemOperations : Allowing user-supplied system call operations

// * * * * * * * * * * * * * * * * * * * * * * * * * * * * * * * * * * * * * //
Create time

Create mesh for time = 0

Reading "system/createPatchDict.anatomical"



Adding patches to mesh region0

Adding new patch front from 
{
    type            empty;
    nFaces          0;
    startFace       0;
}

Adding new patch back from 
{
    type            empty;
    nFaces          0;
    startFace       0;
}

Adding new patch tm_se_wall from 
{
    type            wall;
    nFaces          0;
    startFace       0;
}

Adding new patch inlet_demote_wall from 
{
    type            wall;
    nFaces          0;
    startFace       0;
}




Repatching mesh region0

Read 41242 faces from faceSet frontFaces
Read 41242 faces from faceSet backFaces
Read 2 faces from faceSet outlet_se_to_wall
Read 2 faces from faceSet ac_inlet_to_wall
Read 1 faces from faceSet outlet_tm_faces
Read 1 faces from faceSet outlet_tm_left_faces
Read 2 faces from faceSet ac_inlet_faces
Read 2 faces from faceSet ac_inlet_left_faces
Doing topology modification to order faces.

Not synchronising points.

Removing patches with no faces in them.

Removed zero-sized patch defaultFaces type patch at position 7


Writing repatched mesh region0 to 0

End

=== changeDictionary (patch types) ===
/*---------------------------------------------------------------------------*\
| =========                 |                                                 |
| \\      /  F ield         | OpenFOAM: The Open Source CFD Toolbox           |
|  \\    /   O peration     | Version:  2512                                  |
|   \\  /    A nd           | Website:  www.openfoam.com                      |
|    \\/     M anipulation  |                                                 |
\*---------------------------------------------------------------------------*/
Build  : _bd2b6720-20260127 OPENFOAM=2512 version=2512
Arch   : "LSB;label=32;scalar=64"
Exec   : changeDictionary
Date   : Jul 16 2026
Time   : 01:02:04
Host   : 207c84b495aa
PID    : 243
I/O    : uncollated
Case   : /simulation/doc-g1-sim1/fluid
nProcs : 1
trapFpe: Floating point exception trapping enabled (FOAM_SIGFPE).
memory pool : not available
fileModificationChecking : Monitoring run-time modified files using timeStampMaster (fileModificationSkew 5, maxFileModificationPolls 20)
allowSystemOperations : Allowing user-supplied system call operations

// * * * * * * * * * * * * * * * * * * * * * * * * * * * * * * * * * * * * * //
Create time

Create mesh for time = 0

Read dictionary changeDictionaryDict with replacements for dictionaries 1(boundary)
Reading polyMesh/boundary file to extract patch names
Loaded dictionary boundary with entries 
11
(
wall
iris_wall
outlet_tm
lens_wall
ac_inlet
ac_inlet_left
outlet_tm_left
front
back
tm_se_wall
inlet_demote_wall
)

Extracted patch groups:
    group empty with patches 2(front back)
    group wall with patches 2(tm_se_wall inlet_demote_wall)
Replacing entries in dictionary boundary
Special handling of boundary as polyMesh/boundary file.
Merging entries from 
11
(
front
back
wall
tm_se_wall
inlet_demote_wall
lens_wall
iris_wall
ac_inlet
ac_inlet_left
outlet_tm
outlet_tm_left
)

fieldDict:
{
    wall
    {
        type            patch;
        physicalType    patch;
        nFaces          558;
        startFace       61302;
    }
    iris_wall
    {
        type            wall;
        physicalType    patch;
        nFaces          248;
        startFace       61860;
    }
    outlet_tm
    {
        type            patch;
        physicalType    patch;
        nFaces          1;
        startFace       62108;
    }
    lens_wall
    {
        type            wall;
        physicalType    patch;
        nFaces          306;
        startFace       62109;
    }
    ac_inlet
    {
        type            patch;
        physicalType    patch;
        nFaces          2;
        startFace       62415;
    }
    ac_inlet_left
    {
        type            patch;
        physicalType    patch;
        nFaces          2;
        startFace       62417;
    }
    outlet_tm_left
    {
        type            patch;
        physicalType    patch;
        nFaces          1;
        startFace       62419;
    }
    front
    {
        type            empty;
        inGroups        1 ( empty );
        nFaces          41242;
        startFace       62420;
    }
    back
    {
        type            empty;
        inGroups        1 ( empty );
        nFaces          41242;
        startFace       103662;
    }
    tm_se_wall
    {
        type            wall;
        inGroups        1 ( wall );
        nFaces          2;
        startFace       144904;
    }
    inlet_demote_wall
    {
        type            wall;
        inGroups        1 ( wall );
        nFaces          2;
        startFace       144906;
    }
}

Writing modified boundary

End

=== initial fields ===
=== checkMesh ===
/*---------------------------------------------------------------------------*\
| =========                 |                                                 |
| \\      /  F ield         | OpenFOAM: The Open Source CFD Toolbox           |
|  \\    /   O peration     | Version:  2512                                  |
|   \\  /    A nd           | Website:  www.openfoam.com                      |
|    \\/     M anipulation  |                                                 |
\*---------------------------------------------------------------------------*/
Build  : _bd2b6720-20260127 OPENFOAM=2512 version=2512
Arch   : "LSB;label=32;scalar=64"
Exec   : checkMesh
Date   : Jul 16 2026
Time   : 01:02:04
Host   : 207c84b495aa
PID    : 249
I/O    : uncollated
Case   : /simulation/doc-g1-sim1/fluid
nProcs : 1
trapFpe: Floating point exception trapping enabled (FOAM_SIGFPE).
memory pool : not available
fileModificationChecking : Monitoring run-time modified files using timeStampMaster (fileModificationSkew 5, maxFileModificationPolls 20)
allowSystemOperations : Allowing user-supplied system call operations

// * * * * * * * * * * * * * * * * * * * * * * * * * * * * * * * * * * * * * //
Create time

Create mesh for time = 0

Check mesh...

Time = 0

Mesh stats 
    points:           42364
    internal points:  0
    faces:            144908
    internal faces:   61302
    cells:            41242
    faces per cell:   5
    boundary patches: 11
    point zones:      0
    face zones:       0
    cell zones:       4

Overall number of cells of each type:
    hexahedra:     0
    prisms:        41242
    wedges:        0
    pyramids:      0
    tet wedges:    0
    tetrahedra:    0
    polyhedra:     0

Checking topology...
    Boundary definition OK.
    Cell to face addressing OK.
    Point usage OK.
    Upper triangular ordering OK.
    Face vertices OK.
    Number of regions: 1 (OK).

Checking patch topology for multiply connected surfaces...
    Patch               Faces    Points     Surface topology
    wall                558      1124     ok (non-closed singly connected)  
    iris_wall           248      512      ok (non-closed singly connected)  
    outlet_tm           1        4        ok (non-closed singly connected)  
    lens_wall           306      620      ok (non-closed singly connected)  
    ac_inlet            2        6        ok (non-closed singly connected)  
    ac_inlet_left       2        6        ok (non-closed singly connected)  
    outlet_tm_left      1        4        ok (non-closed singly connected)  
    front               41242    21182    ok (non-closed singly connected)  
    back                41242    21182    ok (non-closed singly connected)  
    tm_se_wall          2        8        ok (non-closed singly connected)  
    inlet_demote_wall   2        8        ok (non-closed singly connected)  
    ".*"                83606    42364    ok (closed singly connected)      


Checking faceZone topology for multiply connected surfaces...
    No faceZones found.

Checking basic cellZone addressing...
    CellZone            Cells        Points       Volume       BoundingBox
    fluid               41242        42364        1.4629709e-07 (-0.0083688305 -0.00816 0) (0.0083688305 0.0069 0.001)
    tm_zone             69           98           1.9849536e-10 (0.0064142133 -0.0048720705 0) (0.00693 -0.0041952456 0.001)
    tm_zone_left        67           96           1.9558531e-10 (-0.00693 -0.0048720705 0) (-0.0064137072 -0.0041944014 0.001)
    vitreous_zone       19682        20142        1.0167695e-07 (-0.0080734505 -0.0015483274 0) (0.0080569714 0.0069 0.001)

Checking basic pointZone addressing...
    No pointZones found.

Checking geometry...
    Overall domain bounding box (-0.0083688305 -0.00816 0) (0.0083688305 0.0069 0.001)
    Mesh has 2 geometric (non-empty/wedge) directions (1 1 0)
    Mesh has 2 solution (non-empty) directions (1 1 0)
    All edges aligned with or perpendicular to non-empty directions.
    Boundary openness (-6.8838151e-19 9.9643224e-18 -1.3698495e-15) OK.
    Max cell openness = 3.7865184e-15 OK.
    Max aspect ratio = 4.5420041 OK.
    Minimum face area = 3.4133459e-12. Maximum face area = 1.8412767e-07.  Face area magnitudes OK.
    Min volume = 3.4133459e-15. Max volume = 1.0832708e-11.  Total volume = 1.4629709e-07.  Cell volumes OK.
    Mesh non-orthogonality Max: 62.352341 average: 4.3246144
    Non-orthogonality check OK.
    Face pyramids OK.
 ***Max skewness = 4.2550004, 1 highly skew faces detected which may impair the quality of the results
  <<Writing 1 skew faces to set skewFaces
    Coupled point location match (average 0) OK.

Failed 1 mesh checks.

End

=== patch / zone counts ===
WARNING: checkMesh reported Failed (see log.checkMesh) — continuing for ParaView
  ac_inlet: 2 faces
  ac_inlet_left: 2 faces
  outlet_tm: 1 faces
  outlet_tm_left: 1 faces
  wall: 558 faces
  front: 41242 faces
  back: 41242 faces
  tm_zone: 69 cells
  tm_zone_left: 67 cells
  vitreous_zone: 19682 cells
=== simpleFoam ===
/*---------------------------------------------------------------------------*\
| =========                 |                                                 |
| \\      /  F ield         | OpenFOAM: The Open Source CFD Toolbox           |
|  \\    /   O peration     | Version:  2512                                  |
|   \\  /    A nd           | Website:  www.openfoam.com                      |
|    \\/     M anipulation  |                                                 |
\*---------------------------------------------------------------------------*/
Build  : _bd2b6720-20260127 OPENFOAM=2512 version=2512
Arch   : "LSB;label=32;scalar=64"
Exec   : simpleFoam
Date   : Jul 16 2026
Time   : 01:02:06
Host   : 207c84b495aa
PID    : 255
I/O    : uncollated
Case   : /simulation/doc-g1-sim1/fluid
nProcs : 1
trapFpe: Floating point exception trapping enabled (FOAM_SIGFPE).
memory pool : not available
fileModificationChecking : Monitoring run-time modified files using timeStampMaster (fileModificationSkew 5, maxFileModificationPolls 20)
allowSystemOperations : Allowing user-supplied system call operations

// * * * * * * * * * * * * * * * * * * * * * * * * * * * * * * * * * * * * * //
Create time

Create mesh for time = 0


SIMPLE: convergence criteria
    field p	 tolerance 0.0001
    field U	 tolerance 1e-05

Reading field p

Reading field U

Reading/calculating face flux field phi

Selecting incompressible transport model Newtonian
Selecting turbulence model type laminar
Selecting laminar stress model Stokes
No MRF models present

Creating finite-volume options from "system/fvOptions"

Selecting finite volume options type explicitPorositySource
    Source: tm_porous
    State: active
    - selecting cells using cellZones (tm_zone)
    - selected 69 cell(s) with volume 1.9849536e-10
Porosity region tm_porous:
    selecting model: DarcyForchheimer
--> FOAM IOWarning :
    Found [v1806] 'coordinateRotation' entry instead of 'rotation' in dictionary "system/fvOptions/tm_porous/explicitPorositySourceCoeffs/DarcyForchheimerCoeffs/coordinateSystem"

    This keyword is 90 months old.

Using [v1806] 'axesRotation' instead of 'axes' in selection table: coordinateRotation

    This lookup is 90 months old.

    creating porous zone: tm_zone
    origin: (0 0 0) e1: (1 0 0) e2: (0 1 0)
    local bounds: (0.00051578665 0.00067682487 0.001)

Selecting finite volume options type explicitPorositySource
    Source: tm_porous_left
    State: active
    - selecting cells using cellZones (tm_zone_left)
    - selected 67 cell(s) with volume 1.9558531e-10
Porosity region tm_porous_left:
    selecting model: DarcyForchheimer
--> FOAM IOWarning :
    Found [v1806] 'coordinateRotation' entry instead of 'rotation' in dictionary "system/fvOptions/tm_porous_left/explicitPorositySourceCoeffs/DarcyForchheimerCoeffs/coordinateSystem"

    This keyword is 90 months old.

Using [v1806] 'axesRotation' instead of 'axes' in selection table: coordinateRotation

    This lookup is 90 months old.

    creating porous zone: tm_zone_left
    origin: (0 0 0) e1: (1 0 0) e2: (0 1 0)
    local bounds: (0.00051629278 0.00067766906 0.001)

Selecting finite volume options type explicitPorositySource
    Source: vitreous_porous
    State: active
    - selecting cells using cellZones (vitreous_zone)
    - selected 19682 cell(s) with volume 1.0167695e-07
Porosity region vitreous_porous:
    selecting model: DarcyForchheimer
--> FOAM IOWarning :
    Found [v1806] 'coordinateRotation' entry instead of 'rotation' in dictionary "system/fvOptions/vitreous_porous/explicitPorositySourceCoeffs/DarcyForchheimerCoeffs/coordinateSystem"

    This keyword is 90 months old.

Using [v1806] 'axesRotation' instead of 'axes' in selection table: coordinateRotation

    This lookup is 90 months old.

    creating porous zone: vitreous_zone
    origin: (0 0 0) e1: (1 0 0) e2: (0 1 0)
    local bounds: (0.016130422 0.0084483274 0.001)


Starting time loop

surfaceFieldValue flowRateTM:
    operation     = sum


surfaceFieldValue flowRateTM_left:
    operation     = sum


surfaceFieldValue pressureACinlet:
    operation     = areaAverage


Time = 1

smoothSolver:  Solving for Ux, Initial residual = 0.99999999, Final residual = 1.9912616e-09, No Iterations 10
smoothSolver:  Solving for Uy, Initial residual = 0.99999996, Final residual = 1.9912597e-09, No Iterations 10
DICPCG:  Solving for p, Initial residual = 0.99999996, Final residual = 0.0096832893, No Iterations 803
DICPCG:  Solving for p, Initial residual = 0.65256392, Final residual = 0.0064549636, No Iterations 244
DICPCG:  Solving for p, Initial residual = 0.063658169, Final residual = 0.00060641243, No Iterations 779
DICPCG:  Solving for p, Initial residual = 0.022286778, Final residual = 0.00021927592, No Iterations 260
time step continuity errors : sum local = 6.5204931e-06, global = -7.7191602e-08, cumulative = -7.7191602e-08
ExecutionTime = 2.53 s  ClockTime = 2 s

Time = 2

smoothSolver:  Solving for Ux, Initial residual = 0.28694484, Final residual = 5.6241506e-09, No Iterations 5
smoothSolver:  Solving for Uy, Initial residual = 0.14875893, Final residual = 2.9204049e-09, No Iterations 5
DICPCG:  Solving for p, Initial residual = 0.26735832, Final residual = 0.0023594455, No Iterations 786
DICPCG:  Solving for p, Initial residual = 0.36526674, Final residual = 0.0035636886, No Iterations 248
DICPCG:  Solving for p, Initial residual = 0.043614473, Final residual = 0.00042345817, No Iterations 780
DICPCG:  Solving for p, Initial residual = 0.018246803, Final residual = 0.00018175141, No Iterations 264
time step continuity errors : sum local = 4.0412091e-06, global = -2.3731895e-08, cumulative = -1.009235e-07
ExecutionTime = 4.11 s  ClockTime = 4 s

Time = 3

smoothSolver:  Solving for Ux, Initial residual = 0.19152582, Final residual = 3.5855479e-09, No Iterations 5
smoothSolver:  Solving for Uy, Initial residual = 0.087651776, Final residual = 9.8468073e-09, No Iterations 4
DICPCG:  Solving for p, Initial residual = 0.30261913, Final residual = 0.0028797289, No Iterations 786
DICPCG:  Solving for p, Initial residual = 0.19975485, Final residual = 0.0018318155, No Iterations 254
DICPCG:  Solving for p, Initial residual = 0.024552861, Final residual = 0.00024383961, No Iterations 790
DICPCG:  Solving for p, Initial residual = 0.011744863, Final residual = 0.00011575338, No Iterations 263
time step continuity errors : sum local = 1.6709289e-06, global = -8.7797645e-09, cumulative = -1.0970326e-07
ExecutionTime = 5.7 s  ClockTime = 6 s

Time = 4

smoothSolver:  Solving for Ux, Initial residual = 0.129901, Final residual = 2.0158748e-09, No Iterations 5
smoothSolver:  Solving for Uy, Initial residual = 0.05652869, Final residual = 5.2915586e-09, No Iterations 4
DICPCG:  Solving for p, Initial residual = 0.33078713, Final residual = 0.0029042447, No Iterations 791
DICPCG:  Solving for p, Initial residual = 0.31070952, Final residual = 0.0029376303, No Iterations 18
DICPCG:  Solving for p, Initial residual = 0.034169194, Final residual = 0.00032985157, No Iterations 312
DICPCG:  Solving for p, Initial residual = 0.015349677, Final residual = 0.00015077512, No Iterations 778
time step continuity errors : sum local = 2.1851837e-06, global = -3.6355879e-13, cumulative = -1.0970362e-07
ExecutionTime = 7.13 s  ClockTime = 7 s

Time = 5

smoothSolver:  Solving for Ux, Initial residual = 0.084908084, Final residual = 4.5371766e-09, No Iterations 4
smoothSolver:  Solving for Uy, Initial residual = 0.036526224, Final residual = 1.9961041e-09, No Iterations 4
DICPCG:  Solving for p, Initial residual = 0.31721173, Final residual = 0.003147047, No Iterations 791
DICPCG:  Solving for p, Initial residual = 0.35146273, Final residual = 0.0031342206, No Iterations 16
DICPCG:  Solving for p, Initial residual = 0.036028825, Final residual = 0.00035046037, No Iterations 296
DICPCG:  Solving for p, Initial residual = 0.022582974, Final residual = 0.00021184359, No Iterations 315
time step continuity errors : sum local = 3.1490065e-06, global = 4.3917122e-07, cumulative = 3.294676e-07
ExecutionTime = 8.22 s  ClockTime = 8 s

Time = 6

smoothSolver:  Solving for Ux, Initial residual = 0.051178723, Final residual = 7.6955711e-09, No Iterations 3
smoothSolver:  Solving for Uy, Initial residual = 0.021650564, Final residual = 3.0791598e-09, No Iterations 3
DICPCG:  Solving for p, Initial residual = 0.2714886, Final residual = 0.0026776428, No Iterations 790
DICPCG:  Solving for p, Initial residual = 0.30781296, Final residual = 0.0030749195, No Iterations 12
DICPCG:  Solving for p, Initial residual = 0.03352601, Final residual = 0.00031859494, No Iterations 785
DICPCG:  Solving for p, Initial residual = 0.026680318, Final residual = 0.00024961998, No Iterations 248
time step continuity errors : sum local = 3.2665828e-06, global = 9.3389898e-08, cumulative = 4.228575e-07
ExecutionTime = 9.61 s  ClockTime = 10 s

Time = 7

smoothSolver:  Solving for Ux, Initial residual = 0.024926706, Final residual = 4.7257013e-09, No Iterations 4
smoothSolver:  Solving for Uy, Initial residual = 0.0093838683, Final residual = 2.0068328e-09, No Iterations 4
DICPCG:  Solving for p, Initial residual = 0.2192623, Final residual = 0.0021875402, No Iterations 770
DICPCG:  Solving for p, Initial residual = 0.14835017, Final residual = 0.0014336129, No Iterations 241
DICPCG:  Solving for p, Initial residual = 0.019989819, Final residual = 0.00019525065, No Iterations 777
DICPCG:  Solving for p, Initial residual = 0.011232206, Final residual = 0.00010533247, No Iterations 254
time step continuity errors : sum local = 1.0729244e-06, global = -2.7074802e-08, cumulative = 3.9578269e-07
ExecutionTime = 11.14 s  ClockTime = 11 s

Time = 8

smoothSolver:  Solving for Ux, Initial residual = 0.010030564, Final residual = 5.8077133e-09, No Iterations 4
smoothSolver:  Solving for Uy, Initial residual = 0.0069854459, Final residual = 2.5848857e-09, No Iterations 4
DICPCG:  Solving for p, Initial residual = 0.20241808, Final residual = 0.001928728, No Iterations 784
DICPCG:  Solving for p, Initial residual = 0.16345677, Final residual = 0.00155008, No Iterations 250
DICPCG:  Solving for p, Initial residual = 0.013865899, Final residual = 0.00013326595, No Iterations 783
DICPCG:  Solving for p, Initial residual = 0.0070210422, Final residual = 6.4204651e-05, No Iterations 255
time step continuity errors : sum local = 5.5435356e-07, global = 9.2664761e-09, cumulative = 4.0504917e-07
ExecutionTime = 12.7 s  ClockTime = 13 s

Time = 9

smoothSolver:  Solving for Ux, Initial residual = 0.018710689, Final residual = 4.5209945e-09, No Iterations 4
smoothSolver:  Solving for Uy, Initial residual = 0.012266463, Final residual = 2.0803794e-09, No Iterations 4
DICPCG:  Solving for p, Initial residual = 0.19462836, Final residual = 0.0017663429, No Iterations 792
DICPCG:  Solving for p, Initial residual = 0.25554367, Final residual = 0.0024990478, No Iterations 21
DICPCG:  Solving for p, Initial residual = 0.025028665, Final residual = 0.00024097782, No Iterations 781
DICPCG:  Solving for p, Initial residual = 0.011858048, Final residual = 0.00011531753, No Iterations 297
time step continuity errors : sum local = 1.1583866e-06, global = -2.2757416e-08, cumulative = 3.8229175e-07
ExecutionTime = 14.14 s  ClockTime = 14 s

Time = 10

smoothSolver:  Solving for Ux, Initial residual = 0.024739069, Final residual = 9.7998662e-09, No Iterations 3
smoothSolver:  Solving for Uy, Initial residual = 0.014482803, Final residual = 4.6077956e-09, No Iterations 3
DICPCG:  Solving for p, Initial residual = 0.16323839, Final residual = 0.0016207954, No Iterations 793
DICPCG:  Solving for p, Initial residual = 0.24196755, Final residual = 0.0022564314, No Iterations 17
DICPCG:  Solving for p, Initial residual = 0.022950351, Final residual = 0.00022699021, No Iterations 780
DICPCG:  Solving for p, Initial residual = 0.010614576, Final residual = 9.3926766e-05, No Iterations 20
time step continuity errors : sum local = 1.0144475e-06, global = -5.605812e-09, cumulative = 3.7668594e-07
ExecutionTime = 15.39 s  ClockTime = 15 s

surfaceFieldValue flowRateTM write:
    total faces   = 1
    total area    = 1.7356555e-07

    sum(outlet_tm) of phi = 2.5051766e-11

surfaceFieldValue flowRateTM_left write:
    total faces   = 1
    total area    = 1.7356555e-07

    sum(outlet_tm_left) of phi = 2.4947414e-11

surfaceFieldValue pressureACinlet write:
    total faces   = 2
    total area    = 3.4415759e-07

    areaAverage(ac_inlet) of p = 3.1799446

Time = 11

smoothSolver:  Solving for Ux, Initial residual = 0.024478566, Final residual = 9.9241608e-09, No Iterations 3
smoothSolver:  Solving for Uy, Initial residual = 0.012636197, Final residual = 4.3576758e-09, No Iterations 3
DICPCG:  Solving for p, Initial residual = 0.127299, Final residual = 0.0012363108, No Iterations 792
DICPCG:  Solving for p, Initial residual = 0.15663384, Final residual = 0.0014788488, No Iterations 17
DICPCG:  Solving for p, Initial residual = 0.015500124, Final residual = 0.00015091286, No Iterations 763
DICPCG:  Solving for p, Initial residual = 0.0073517251, Final residual = 6.6347254e-05, No Iterations 18
time step continuity errors : sum local = 6.7834845e-07, global = 2.9251461e-09, cumulative = 3.7961109e-07
ExecutionTime = 16.66 s  ClockTime = 17 s

Time = 12

smoothSolver:  Solving for Ux, Initial residual = 0.019684487, Final residual = 3.709687e-09, No Iterations 4
smoothSolver:  Solving for Uy, Initial residual = 0.0097546225, Final residual = 9.7223458e-09, No Iterations 3
DICPCG:  Solving for p, Initial residual = 0.11978235, Final residual = 0.0011849221, No Iterations 779
DICPCG:  Solving for p, Initial residual = 0.039984161, Final residual = 0.00036018668, No Iterations 17
DICPCG:  Solving for p, Initial residual = 0.005059413, Final residual = 4.7795534e-05, No Iterations 777
DICPCG:  Solving for p, Initial residual = 0.0025323441, Final residual = 2.4912261e-05, No Iterations 290
time step continuity errors : sum local = 2.2522527e-07, global = -5.794428e-09, cumulative = 3.7381666e-07
ExecutionTime = 18.09 s  ClockTime = 18 s

Time = 13

smoothSolver:  Solving for Ux, Initial residual = 0.011995335, Final residual = 3.9236069e-09, No Iterations 4
smoothSolver:  Solving for Uy, Initial residual = 0.0060933962, Final residual = 1.7095149e-09, No Iterations 4
DICPCG:  Solving for p, Initial residual = 0.11315419, Final residual = 0.0010936576, No Iterations 787
DICPCG:  Solving for p, Initial residual = 0.098652842, Final residual = 0.00098434444, No Iterations 17
DICPCG:  Solving for p, Initial residual = 0.0084353227, Final residual = 7.6736259e-05, No Iterations 783
DICPCG:  Solving for p, Initial residual = 0.0029059751, Final residual = 2.6599394e-05, No Iterations 312
time step continuity errors : sum local = 2.41221e-07, global = -1.4316217e-08, cumulative = 3.5950044e-07
ExecutionTime = 19.52 s  ClockTime = 19 s

Time = 14

smoothSolver:  Solving for Ux, Initial residual = 0.0052366449, Final residual = 2.5011899e-09, No Iterations 4
smoothSolver:  Solving for Uy, Initial residual = 0.0032299489, Final residual = 6.636751e-09, No Iterations 3
DICPCG:  Solving for p, Initial residual = 0.10161961, Final residual = 0.00097005433, No Iterations 792
DICPCG:  Solving for p, Initial residual = 0.1388918, Final residual = 0.0013299321, No Iterations 12
DICPCG:  Solving for p, Initial residual = 0.012176188, Final residual = 0.00010782462, No Iterations 782
DICPCG:  Solving for p, Initial residual = 0.005271326, Final residual = 4.569774e-05, No Iterations 21
time step continuity errors : sum local = 4.4712229e-07, global = -1.9410302e-08, cumulative = 3.4009014e-07
ExecutionTime = 20.74 s  ClockTime = 21 s

Time = 15

smoothSolver:  Solving for Ux, Initial residual = 0.0048891049, Final residual = 2.9656644e-09, No Iterations 3
smoothSolver:  Solving for Uy, Initial residual = 0.0031943482, Final residual = 1.6435855e-09, No Iterations 3
DICPCG:  Solving for p, Initial residual = 0.075125984, Final residual = 0.00073178423, No Iterations 794
DICPCG:  Solving for p, Initial residual = 0.12334159, Final residual = 0.0011472205, No Iterations 17
DICPCG:  Solving for p, Initial residual = 0.012375582, Final residual = 0.00011925875, No Iterations 777
DICPCG:  Solving for p, Initial residual = 0.0058247614, Final residual = 5.6433479e-05, No Iterations 18
time step continuity errors : sum local = 5.5306618e-07, global = 7.1443828e-08, cumulative = 4.1153397e-07
ExecutionTime = 21.95 s  ClockTime = 22 s

Time = 16

smoothSolver:  Solving for Ux, Initial residual = 0.007276743, Final residual = 7.958966e-09, No Iterations 3
smoothSolver:  Solving for Uy, Initial residual = 0.0036784442, Final residual = 3.1162273e-09, No Iterations 3
DICPCG:  Solving for p, Initial residual = 0.060119255, Final residual = 0.00056560525, No Iterations 791
DICPCG:  Solving for p, Initial residual = 0.069012819, Final residual = 0.00066623102, No Iterations 754
DICPCG:  Solving for p, Initial residual = 0.0078503537, Final residual = 7.2845707e-05, No Iterations 786
DICPCG:  Solving for p, Initial residual = 0.0036134198, Final residual = 3.400056e-05, No Iterations 762
time step continuity errors : sum local = 3.1348624e-07, global = -9.472716e-13, cumulative = 4.1153302e-07
ExecutionTime = 24.26 s  ClockTime = 24 s

Time = 17

smoothSolver:  Solving for Ux, Initial residual = 0.0075806145, Final residual = 2.1035568e-09, No Iterations 4
smoothSolver:  Solving for Uy, Initial residual = 0.0037123623, Final residual = 5.1440027e-09, No Iterations 3
DICPCG:  Solving for p, Initial residual = 0.063224865, Final residual = 0.00061562795, No Iterations 777
DICPCG:  Solving for p, Initial residual = 0.024208457, Final residual = 0.00023952009, No Iterations 772
DICPCG:  Solving for p, Initial residual = 0.0031437809, Final residual = 2.9728273e-05, No Iterations 784
DICPCG:  Solving for p, Initial residual = 0.0013528698, Final residual = 1.2219297e-05, No Iterations 777
time step continuity errors : sum local = 1.0520775e-07, global = 4.7302558e-13, cumulative = 4.115335e-07
ExecutionTime = 26.57 s  ClockTime = 26 s

Time = 18

smoothSolver:  Solving for Ux, Initial residual = 0.0063736622, Final residual = 1.8996193e-09, No Iterations 4
smoothSolver:  Solving for Uy, Initial residual = 0.0030694456, Final residual = 4.7827405e-09, No Iterations 3
DICPCG:  Solving for p, Initial residual = 0.065524529, Final residual = 0.00061846325, No Iterations 786
DICPCG:  Solving for p, Initial residual = 0.065700428, Final residual = 0.00064566814, No Iterations 11
DICPCG:  Solving for p, Initial residual = 0.0058832312, Final residual = 5.7212402e-05, No Iterations 786
DICPCG:  Solving for p, Initial residual = 0.0026366219, Final residual = 2.4327162e-05, No Iterations 755
time step continuity errors : sum local = 2.111029e-07, global = -5.259236e-13, cumulative = 4.1153297e-07
ExecutionTime = 28.33 s  ClockTime = 28 s

Time = 19

smoothSolver:  Solving for Ux, Initial residual = 0.0044235592, Final residual = 6.11558e-09, No Iterations 3
smoothSolver:  Solving for Uy, Initial residual = 0.0021991427, Final residual = 2.610715e-09, No Iterations 3
DICPCG:  Solving for p, Initial residual = 0.057396411, Final residual = 0.00051925803, No Iterations 791
DICPCG:  Solving for p, Initial residual = 0.082028215, Final residual = 0.00079137306, No Iterations 11
DICPCG:  Solving for p, Initial residual = 0.007594909, Final residual = 6.8250706e-05, No Iterations 777
DICPCG:  Solving for p, Initial residual = 0.003728571, Final residual = 3.5359871e-05, No Iterations 13
time step continuity errors : sum local = 3.126767e-07, global = -5.992631e-08, cumulative = 3.5160666e-07
ExecutionTime = 29.53 s  ClockTime = 29 s

Time = 20

smoothSolver:  Solving for Ux, Initial residual = 0.0025371441, Final residual = 7.979918e-09, No Iterations 2
smoothSolver:  Solving for Uy, Initial residual = 0.0018924317, Final residual = 3.8762646e-09, No Iterations 2
DICPCG:  Solving for p, Initial residual = 0.040954924, Final residual = 0.00040702965, No Iterations 793
DICPCG:  Solving for p, Initial residual = 0.067268418, Final residual = 0.00057791272, No Iterations 12
DICPCG:  Solving for p, Initial residual = 0.0072283806, Final residual = 7.0522575e-05, No Iterations 778
DICPCG:  Solving for p, Initial residual = 0.0037473397, Final residual = 3.5192451e-05, No Iterations 771
time step continuity errors : sum local = 3.0774402e-07, global = -2.1372466e-13, cumulative = 3.5160645e-07
ExecutionTime = 31.27 s  ClockTime = 31 s

surfaceFieldValue flowRateTM write:
    sum(outlet_tm) of phi = 2.5100612e-11

surfaceFieldValue flowRateTM_left write:
    sum(outlet_tm_left) of phi = 2.4899388e-11

surfaceFieldValue pressureACinlet write:
    areaAverage(ac_inlet) of p = 3.9184491

Time = 21

smoothSolver:  Solving for Ux, Initial residual = 0.0022160522, Final residual = 5.350457e-09, No Iterations 3
smoothSolver:  Solving for Uy, Initial residual = 0.0017439848, Final residual = 2.2253651e-09, No Iterations 3
DICPCG:  Solving for p, Initial residual = 0.035587336, Final residual = 0.00032897409, No Iterations 790
DICPCG:  Solving for p, Initial residual = 0.030111973, Final residual = 0.00026428556, No Iterations 39
DICPCG:  Solving for p, Initial residual = 0.003403847, Final residual = 3.2674645e-05, No Iterations 760
DICPCG:  Solving for p, Initial residual = 0.0015750951, Final residual = 1.4522686e-05, No Iterations 19
time step continuity errors : sum local = 1.2235879e-07, global = 6.3344225e-09, cumulative = 3.5794087e-07
ExecutionTime = 32.48 s  ClockTime = 32 s

Time = 22

smoothSolver:  Solving for Ux, Initial residual = 0.0025876688, Final residual = 7.2332572e-09, No Iterations 3
smoothSolver:  Solving for Uy, Initial residual = 0.0015127194, Final residual = 3.0622246e-09, No Iterations 3
DICPCG:  Solving for p, Initial residual = 0.039002063, Final residual = 0.00036327107, No Iterations 781
DICPCG:  Solving for p, Initial residual = 0.021364235, Final residual = 0.00019945343, No Iterations 768
DICPCG:  Solving for p, Initial residual = 0.0019011971, Final residual = 1.8458687e-05, No Iterations 780
DICPCG:  Solving for p, Initial residual = 0.00066304012, Final residual = 5.554621e-06, No Iterations 777
time step continuity errors : sum local = 4.6025189e-08, global = -4.7650172e-13, cumulative = 3.5794039e-07
ExecutionTime = 34.79 s  ClockTime = 35 s

Time = 23

smoothSolver:  Solving for Ux, Initial residual = 0.0030116918, Final residual = 5.9144919e-09, No Iterations 3
smoothSolver:  Solving for Uy, Initial residual = 0.0012368614, Final residual = 2.573652e-09, No Iterations 3
DICPCG:  Solving for p, Initial residual = 0.038421803, Final residual = 0.0003455948, No Iterations 787
DICPCG:  Solving for p, Initial residual = 0.042268079, Final residual = 0.00040033783, No Iterations 11
DICPCG:  Solving for p, Initial residual = 0.0033867912, Final residual = 2.9734128e-05, No Iterations 785
DICPCG:  Solving for p, Initial residual = 0.0013228556, Final residual = 1.3150999e-05, No Iterations 14
time step continuity errors : sum local = 1.105775e-07, global = 3.4742261e-09, cumulative = 3.6141462e-07
ExecutionTime = 35.99 s  ClockTime = 36 s

Time = 24

smoothSolver:  Solving for Ux, Initial residual = 0.003039284, Final residual = 2.5047994e-09, No Iterations 3
smoothSolver:  Solving for Uy, Initial residual = 0.0010199225, Final residual = 7.3612281e-09, No Iterations 2
DICPCG:  Solving for p, Initial residual = 0.031132843, Final residual = 0.00029164798, No Iterations 790
DICPCG:  Solving for p, Initial residual = 0.045760342, Final residual = 0.00041269364, No Iterations 11
DICPCG:  Solving for p, Initial residual = 0.0040194111, Final residual = 3.9650367e-05, No Iterations 773
DICPCG:  Solving for p, Initial residual = 0.0017872345, Final residual = 1.7442044e-05, No Iterations 14
time step continuity errors : sum local = 1.4848324e-07, global = 1.3417137e-08, cumulative = 3.7483176e-07
ExecutionTime = 37.19 s  ClockTime = 37 s

Time = 25

smoothSolver:  Solving for Ux, Initial residual = 0.0026143546, Final residual = 8.6953975e-09, No Iterations 2
smoothSolver:  Solving for Uy, Initial residual = 0.00087099736, Final residual = 4.0294503e-09, No Iterations 2
DICPCG:  Solving for p, Initial residual = 0.022489201, Final residual = 0.00019487157, No Iterations 792
DICPCG:  Solving for p, Initial residual = 0.032061113, Final residual = 0.00031186147, No Iterations 11
DICPCG:  Solving for p, Initial residual = 0.0030655758, Final residual = 2.7004752e-05, No Iterations 100
DICPCG:  Solving for p, Initial residual = 0.0014692635, Final residual = 1.405494e-05, No Iterations 757
time step continuity errors : sum local = 1.1929455e-07, global = 7.4159425e-13, cumulative = 3.748325e-07
ExecutionTime = 38.44 s  ClockTime = 38 s

Time = 26

smoothSolver:  Solving for Ux, Initial residual = 0.0019194161, Final residual = 3.6949453e-09, No Iterations 3
smoothSolver:  Solving for Uy, Initial residual = 0.00067937661, Final residual = 8.4505739e-09, No Iterations 2
DICPCG:  Solving for p, Initial residual = 0.021567462, Final residual = 0.00019642866, No Iterations 765
DICPCG:  Solving for p, Initial residual = 0.010320051, Final residual = 0.00010037049, No Iterations 27
DICPCG:  Solving for p, Initial residual = 0.001177105, Final residual = 1.1282017e-05, No Iterations 775
DICPCG:  Solving for p, Initial residual = 0.00050654977, Final residual = 4.9855915e-06, No Iterations 24
time step continuity errors : sum local = 4.1734891e-08, global = -7.0848209e-09, cumulative = 3.6774768e-07
ExecutionTime = 39.63 s  ClockTime = 40 s

Time = 27

smoothSolver:  Solving for Ux, Initial residual = 0.0012003236, Final residual = 4.2152297e-09, No Iterations 3
smoothSolver:  Solving for Uy, Initial residual = 0.00056653916, Final residual = 9.662296e-09, No Iterations 2
DICPCG:  Solving for p, Initial residual = 0.024632963, Final residual = 0.00023476917, No Iterations 780
DICPCG:  Solving for p, Initial residual = 0.014820424, Final residual = 0.00014600651, No Iterations 18
DICPCG:  Solving for p, Initial residual = 0.0014216607, Final residual = 1.2501325e-05, No Iterations 777
DICPCG:  Solving for p, Initial residual = 0.000555909, Final residual = 5.2345807e-06, No Iterations 768
time step continuity errors : sum local = 4.396708e-08, global = 9.3039448e-14, cumulative = 3.6774777e-07
ExecutionTime = 41.38 s  ClockTime = 41 s

Time = 28

smoothSolver:  Solving for Ux, Initial residual = 0.00069368689, Final residual = 2.9703166e-09, No Iterations 3
smoothSolver:  Solving for Uy, Initial residual = 0.00048985238, Final residual = 7.056885e-09, No Iterations 2
DICPCG:  Solving for p, Initial residual = 0.024048534, Final residual = 0.00022464437, No Iterations 787
DICPCG:  Solving for p, Initial residual = 0.02439024, Final residual = 0.0002366443, No Iterations 11
DICPCG:  Solving for p, Initial residual = 0.002423423, Final residual = 2.3429502e-05, No Iterations 784
DICPCG:  Solving for p, Initial residual = 0.0011701313, Final residual = 1.1365327e-05, No Iterations 771
time step continuity errors : sum local = 9.5987723e-08, global = -5.298642e-13, cumulative = 3.6774724e-07
ExecutionTime = 43.15 s  ClockTime = 43 s

Time = 29

smoothSolver:  Solving for Ux, Initial residual = 0.00055607702, Final residual = 5.4468726e-09, No Iterations 2
smoothSolver:  Solving for Uy, Initial residual = 0.00042048092, Final residual = 2.4276613e-09, No Iterations 2
DICPCG:  Solving for p, Initial residual = 0.01894533, Final residual = 0.00018859317, No Iterations 788
DICPCG:  Solving for p, Initial residual = 0.023459839, Final residual = 0.00023320329, No Iterations 11
DICPCG:  Solving for p, Initial residual = 0.0024503799, Final residual = 2.3461231e-05, No Iterations 779
DICPCG:  Solving for p, Initial residual = 0.0012445678, Final residual = 1.1715082e-05, No Iterations 767
time step continuity errors : sum local = 9.9027116e-08, global = -2.3287355e-13, cumulative = 3.6774701e-07
ExecutionTime = 44.89 s  ClockTime = 45 s

Time = 30

smoothSolver:  Solving for Ux, Initial residual = 0.00052296615, Final residual = 7.0100691e-09, No Iterations 2
smoothSolver:  Solving for Uy, Initial residual = 0.00038254786, Final residual = 2.7440041e-09, No Iterations 2
DICPCG:  Solving for p, Initial residual = 0.015637677, Final residual = 0.00014804093, No Iterations 359
DICPCG:  Solving for p, Initial residual = 0.015738727, Final residual = 0.00014922134, No Iterations 12
DICPCG:  Solving for p, Initial residual = 0.0016960249, Final residual = 1.6831204e-05, No Iterations 771
DICPCG:  Solving for p, Initial residual = 0.0009331012, Final residual = 8.3136356e-06, No Iterations 768
time step continuity errors : sum local = 6.9853608e-08, global = -3.2629331e-13, cumulative = 3.6774668e-07
ExecutionTime = 46.33 s  ClockTime = 46 s

surfaceFieldValue flowRateTM write:
    sum(outlet_tm) of phi = 2.5080216e-11

surfaceFieldValue flowRateTM_left write:
    sum(outlet_tm_left) of phi = 2.4919784e-11

surfaceFieldValue pressureACinlet write:
    areaAverage(ac_inlet) of p = 3.8827185

Time = 31

smoothSolver:  Solving for Ux, Initial residual = 0.00047939883, Final residual = 2.1435324e-09, No Iterations 3
smoothSolver:  Solving for Uy, Initial residual = 0.00034325162, Final residual = 4.9579823e-09, No Iterations 2
DICPCG:  Solving for p, Initial residual = 0.016874199, Final residual = 0.00016041895, No Iterations 344
DICPCG:  Solving for p, Initial residual = 0.0060714876, Final residual = 5.6904183e-05, No Iterations 16
DICPCG:  Solving for p, Initial residual = 0.00075242186, Final residual = 7.1062689e-06, No Iterations 774
DICPCG:  Solving for p, Initial residual = 0.00077367519, Final residual = 6.3855381e-06, No Iterations 776
time step continuity errors : sum local = 5.3312197e-08, global = 3.2419841e-14, cumulative = 3.6774671e-07
ExecutionTime = 47.75 s  ClockTime = 48 s

Time = 32

smoothSolver:  Solving for Ux, Initial residual = 0.00038030804, Final residual = 2.2115694e-09, No Iterations 3
smoothSolver:  Solving for Uy, Initial residual = 0.00028422742, Final residual = 5.4100075e-09, No Iterations 2
DICPCG:  Solving for p, Initial residual = 0.017390616, Final residual = 0.00015267141, No Iterations 778
DICPCG:  Solving for p, Initial residual = 0.010153417, Final residual = 9.8907071e-05, No Iterations 11
DICPCG:  Solving for p, Initial residual = 0.0008311566, Final residual = 7.7673551e-06, No Iterations 62
DICPCG:  Solving for p, Initial residual = 0.00031493178, Final residual = 3.096381e-06, No Iterations 764
time step continuity errors : sum local = 2.5900678e-08, global = -3.7681334e-13, cumulative = 3.6774634e-07
ExecutionTime = 48.97 s  ClockTime = 49 s

Time = 33

smoothSolver:  Solving for Ux, Initial residual = 0.00025888976, Final residual = 8.3722434e-09, No Iterations 2
smoothSolver:  Solving for Uy, Initial residual = 0.00021811855, Final residual = 3.8029315e-09, No Iterations 2
DICPCG:  Solving for p, Initial residual = 0.015511468, Final residual = 0.00014584716, No Iterations 786
DICPCG:  Solving for p, Initial residual = 0.013860312, Final residual = 0.00012755934, No Iterations 11
DICPCG:  Solving for p, Initial residual = 0.0011690699, Final residual = 1.1125695e-05, No Iterations 784
DICPCG:  Solving for p, Initial residual = 0.00049659078, Final residual = 4.8243541e-06, No Iterations 767
time step continuity errors : sum local = 4.0340299e-08, global = -2.2275225e-13, cumulative = 3.6774611e-07
ExecutionTime = 50.72 s  ClockTime = 51 s

Time = 34

smoothSolver:  Solving for Ux, Initial residual = 0.00018422989, Final residual = 3.2457059e-09, No Iterations 2
smoothSolver:  Solving for Uy, Initial residual = 0.00016179504, Final residual = 2.0303691e-09, No Iterations 2
DICPCG:  Solving for p, Initial residual = 0.012468006, Final residual = 0.00011612591, No Iterations 787
DICPCG:  Solving for p, Initial residual = 0.011939169, Final residual = 0.00010779762, No Iterations 11
DICPCG:  Solving for p, Initial residual = 0.0010473434, Final residual = 1.0395166e-05, No Iterations 783
DICPCG:  Solving for p, Initial residual = 0.00047868664, Final residual = 4.6754072e-06, No Iterations 767
time step continuity errors : sum local = 3.9147826e-08, global = 6.6488167e-13, cumulative = 3.6774678e-07
ExecutionTime = 52.46 s  ClockTime = 52 s

Time = 35

smoothSolver:  Solving for Ux, Initial residual = 0.00018445959, Final residual = 5.1492087e-09, No Iterations 2
smoothSolver:  Solving for Uy, Initial residual = 0.00012889985, Final residual = 2.1964942e-09, No Iterations 2
DICPCG:  Solving for p, Initial residual = 0.011038136, Final residual = 0.00010460148, No Iterations 367
DICPCG:  Solving for p, Initial residual = 0.0065984263, Final residual = 6.1064873e-05, No Iterations 19
DICPCG:  Solving for p, Initial residual = 0.00067668852, Final residual = 6.0587039e-06, No Iterations 772
DICPCG:  Solving for p, Initial residual = 0.00047384846, Final residual = 4.6890682e-06, No Iterations 771
time step continuity errors : sum local = 3.9243052e-08, global = -1.3542749e-12, cumulative = 3.6774542e-07
ExecutionTime = 53.9 s  ClockTime = 54 s

Time = 36

smoothSolver:  Solving for Ux, Initial residual = 0.00021668688, Final residual = 7.7406828e-09, No Iterations 2
smoothSolver:  Solving for Uy, Initial residual = 0.00011907471, Final residual = 2.8828834e-09, No Iterations 2
DICPCG:  Solving for p, Initial residual = 0.011504095, Final residual = 0.00011219188, No Iterations 90
DICPCG:  Solving for p, Initial residual = 0.0031410017, Final residual = 3.1310668e-05, No Iterations 746
DICPCG:  Solving for p, Initial residual = 0.00050459789, Final residual = 4.6720539e-06, No Iterations 776
DICPCG:  Solving for p, Initial residual = 0.00016957266, Final residual = 1.6754073e-06, No Iterations 781
time step continuity errors : sum local = 1.414699e-08, global = -7.2917038e-15, cumulative = 3.6774542e-07
ExecutionTime = 55.69 s  ClockTime = 56 s

Time = 37

smoothSolver:  Solving for Ux, Initial residual = 0.00021384264, Final residual = 7.1575312e-09, No Iterations 2
smoothSolver:  Solving for Uy, Initial residual = 0.00010633857, Final residual = 2.6997994e-09, No Iterations 2
DICPCG:  Solving for p, Initial residual = 0.012002637, Final residual = 0.0001188936, No Iterations 108
DICPCG:  Solving for p, Initial residual = 0.005857901, Final residual = 5.5490417e-05, No Iterations 272
DICPCG:  Solving for p, Initial residual = 0.0008285661, Final residual = 7.8287303e-06, No Iterations 763
DICPCG:  Solving for p, Initial residual = 0.00022231827, Final residual = 2.0147564e-06, No Iterations 774
time step continuity errors : sum local = 1.7000157e-08, global = -8.7112368e-13, cumulative = 3.6774455e-07
ExecutionTime = 57.12 s  ClockTime = 57 s

Time = 38

smoothSolver:  Solving for Ux, Initial residual = 0.00018913146, Final residual = 4.1454438e-09, No Iterations 2
smoothSolver:  Solving for Uy, Initial residual = 8.7620482e-05, Final residual = 1.7434456e-09, No Iterations 2
DICPCG:  Solving for p, Initial residual = 0.010648535, Final residual = 0.00010500942, No Iterations 337
DICPCG:  Solving for p, Initial residual = 0.0072140372, Final residual = 6.4169328e-05, No Iterations 16
DICPCG:  Solving for p, Initial residual = 0.00062744503, Final residual = 5.8552404e-06, No Iterations 766
DICPCG:  Solving for p, Initial residual = 0.00038153146, Final residual = 3.6874425e-06, No Iterations 14
time step continuity errors : sum local = 3.0821854e-08, global = 1.4478498e-10, cumulative = 3.6788933e-07
ExecutionTime = 57.98 s  ClockTime = 58 s

Time = 39

smoothSolver:  Solving for Ux, Initial residual = 0.00014788245, Final residual = 2.4394631e-09, No Iterations 2
smoothSolver:  Solving for Uy, Initial residual = 7.0316258e-05, Final residual = 6.9260338e-09, No Iterations 1
DICPCG:  Solving for p, Initial residual = 0.0084112134, Final residual = 8.2846973e-05, No Iterations 362
DICPCG:  Solving for p, Initial residual = 0.006611137, Final residual = 5.7461183e-05, No Iterations 11
DICPCG:  Solving for p, Initial residual = 0.00055477598, Final residual = 5.3618502e-06, No Iterations 762
DICPCG:  Solving for p, Initial residual = 0.00035206491, Final residual = 3.2115769e-06, No Iterations 771
time step continuity errors : sum local = 2.6991476e-08, global = 3.2466452e-13, cumulative = 3.6788965e-07
ExecutionTime = 59.42 s  ClockTime = 59 s

Time = 40

smoothSolver:  Solving for Ux, Initial residual = 0.00010098145, Final residual = 3.4825737e-09, No Iterations 2
smoothSolver:  Solving for Uy, Initial residual = 5.306167e-05, Final residual = 8.9312834e-09, No Iterations 1
DICPCG:  Solving for p, Initial residual = 0.0082460984, Final residual = 8.0197764e-05, No Iterations 112
DICPCG:  Solving for p, Initial residual = 0.0041245123, Final residual = 3.8968832e-05, No Iterations 18
DICPCG:  Solving for p, Initial residual = 0.00042982775, Final residual = 4.2740263e-06, No Iterations 763
DICPCG:  Solving for p, Initial residual = 0.00047420496, Final residual = 4.0583179e-06, No Iterations 775
time step continuity errors : sum local = 3.3981919e-08, global = 8.5057844e-13, cumulative = 3.6789051e-07
ExecutionTime = 60.67 s  ClockTime = 61 s

surfaceFieldValue flowRateTM write:
    sum(outlet_tm) of phi = 2.5078546e-11

surfaceFieldValue flowRateTM_left write:
    sum(outlet_tm_left) of phi = 2.4921454e-11

surfaceFieldValue pressureACinlet write:
    areaAverage(ac_inlet) of p = 3.8718271

Time = 41

smoothSolver:  Solving for Ux, Initial residual = 7.5975489e-05, Final residual = 4.4694071e-09, No Iterations 2
smoothSolver:  Solving for Uy, Initial residual = 4.4116325e-05, Final residual = 1.7811027e-09, No Iterations 2
DICPCG:  Solving for p, Initial residual = 0.0093686314, Final residual = 8.7437637e-05, No Iterations 87
DICPCG:  Solving for p, Initial residual = 0.0023666862, Final residual = 2.2638801e-05, No Iterations 760
DICPCG:  Solving for p, Initial residual = 0.00030719559, Final residual = 2.7701757e-06, No Iterations 774
DICPCG:  Solving for p, Initial residual = 0.00011413018, Final residual = 1.0160987e-06, No Iterations 777
time step continuity errors : sum local = 8.6559251e-09, global = -7.0490301e-13, cumulative = 3.678898e-07
ExecutionTime = 62.46 s  ClockTime = 62 s

Time = 42

smoothSolver:  Solving for Ux, Initial residual = 6.2417871e-05, Final residual = 3.9469914e-09, No Iterations 2
smoothSolver:  Solving for Uy, Initial residual = 3.9089762e-05, Final residual = 1.6716327e-09, No Iterations 2
DICPCG:  Solving for p, Initial residual = 0.0092325466, Final residual = 8.6914379e-05, No Iterations 106
DICPCG:  Solving for p, Initial residual = 0.0037521502, Final residual = 3.698325e-05, No Iterations 283
DICPCG:  Solving for p, Initial residual = 0.00058603403, Final residual = 5.8523491e-06, No Iterations 765
DICPCG:  Solving for p, Initial residual = 0.00019947459, Final residual = 1.8513467e-06, No Iterations 772
time step continuity errors : sum local = 1.5583249e-08, global = 1.8985642e-13, cumulative = 3.6788999e-07
ExecutionTime = 63.9 s  ClockTime = 64 s

Time = 43

smoothSolver:  Solving for Ux, Initial residual = 5.4950885e-05, Final residual = 2.6582495e-09, No Iterations 2
smoothSolver:  Solving for Uy, Initial residual = 3.8641932e-05, Final residual = 8.2546786e-09, No Iterations 1
DICPCG:  Solving for p, Initial residual = 0.0075001259, Final residual = 6.7515108e-05, No Iterations 332
DICPCG:  Solving for p, Initial residual = 0.0039317855, Final residual = 3.7030392e-05, No Iterations 16
DICPCG:  Solving for p, Initial residual = 0.00035158777, Final residual = 3.3278436e-06, No Iterations 326
DICPCG:  Solving for p, Initial residual = 0.00016554115, Final residual = 1.6284148e-06, No Iterations 760
time step continuity errors : sum local = 1.374189e-08, global = -2.3048645e-13, cumulative = 3.6788976e-07
ExecutionTime = 65 s  ClockTime = 65 s

Time = 44

smoothSolver:  Solving for Ux, Initial residual = 4.5211132e-05, Final residual = 2.1913723e-09, No Iterations 2
smoothSolver:  Solving for Uy, Initial residual = 3.4818095e-05, Final residual = 7.6530011e-09, No Iterations 1
DICPCG:  Solving for p, Initial residual = 0.0060527359, Final residual = 5.8451973e-05, No Iterations 116
DICPCG:  Solving for p, Initial residual = 0.0029385848, Final residual = 2.8855503e-05, No Iterations 251
DICPCG:  Solving for p, Initial residual = 0.00042550414, Final residual = 4.2153233e-06, No Iterations 766
DICPCG:  Solving for p, Initial residual = 0.00011963314, Final residual = 1.1826685e-06, No Iterations 318
time step continuity errors : sum local = 9.9628146e-09, global = -1.2366799e-09, cumulative = 3.6665308e-07
ExecutionTime = 66.1 s  ClockTime = 66 s

Time = 45

smoothSolver:  Solving for Ux, Initial residual = 3.3827813e-05, Final residual = 2.4833249e-09, No Iterations 2
smoothSolver:  Solving for Uy, Initial residual = 2.8080534e-05, Final residual = 7.7762825e-09, No Iterations 1
DICPCG:  Solving for p, Initial residual = 0.005978375, Final residual = 5.4647737e-05, No Iterations 99
DICPCG:  Solving for p, Initial residual = 0.0015066141, Final residual = 1.3049801e-05, No Iterations 21
DICPCG:  Solving for p, Initial residual = 0.00017348904, Final residual = 1.6535529e-06, No Iterations 767
DICPCG:  Solving for p, Initial residual = 0.00011922914, Final residual = 1.1296828e-06, No Iterations 775
time step continuity errors : sum local = 9.6152892e-09, global = 6.3114951e-14, cumulative = 3.6665314e-07
ExecutionTime = 67.45 s  ClockTime = 67 s

Time = 46

smoothSolver:  Solving for Ux, Initial residual = 2.4430056e-05, Final residual = 2.610042e-09, No Iterations 2
smoothSolver:  Solving for Uy, Initial residual = 2.304021e-05, Final residual = 7.553523e-09, No Iterations 1
DICPCG:  Solving for p, Initial residual = 0.0064832061, Final residual = 6.379469e-05, No Iterations 101
DICPCG:  Solving for p, Initial residual = 0.0015115956, Final residual = 1.4717945e-05, No Iterations 755
DICPCG:  Solving for p, Initial residual = 0.00021009521, Final residual = 1.9943812e-06, No Iterations 774
DICPCG:  Solving for p, Initial residual = 6.2273691e-05, Final residual = 5.9073482e-07, No Iterations 761
time step continuity errors : sum local = 5.1329571e-09, global = 9.0461902e-13, cumulative = 3.6665405e-07
ExecutionTime = 69.34 s  ClockTime = 69 s

Time = 47

smoothSolver:  Solving for Ux, Initial residual = 1.7571212e-05, Final residual = 2.2210119e-09, No Iterations 2
smoothSolver:  Solving for Uy, Initial residual = 1.9326406e-05, Final residual = 6.8194975e-09, No Iterations 1
DICPCG:  Solving for p, Initial residual = 0.0062679024, Final residual = 6.160147e-05, No Iterations 104
DICPCG:  Solving for p, Initial residual = 0.0022988989, Final residual = 2.2412267e-05, No Iterations 281
DICPCG:  Solving for p, Initial residual = 0.00034875983, Final residual = 3.0671787e-06, No Iterations 763
DICPCG:  Solving for p, Initial residual = 0.00011176772, Final residual = 1.0845818e-06, No Iterations 770
time step continuity errors : sum local = 9.2354864e-09, global = 4.0518596e-14, cumulative = 3.6665409e-07
ExecutionTime = 70.86 s  ClockTime = 71 s

Time = 48

smoothSolver:  Solving for Ux, Initial residual = 1.9044305e-05, Final residual = 1.8204415e-09, No Iterations 2
smoothSolver:  Solving for Uy, Initial residual = 1.6120058e-05, Final residual = 6.0119306e-09, No Iterations 1
DICPCG:  Solving for p, Initial residual = 0.0051588512, Final residual = 4.8965208e-05, No Iterations 106
DICPCG:  Solving for p, Initial residual = 0.0022767629, Final residual = 2.2695635e-05, No Iterations 18
DICPCG:  Solving for p, Initial residual = 0.00022407002, Final residual = 2.1233089e-06, No Iterations 765
DICPCG:  Solving for p, Initial residual = 0.00018332965, Final residual = 1.7757527e-06, No Iterations 775
time step continuity errors : sum local = 1.499047e-08, global = 1.3795835e-13, cumulative = 3.6665423e-07
ExecutionTime = 72.4 s  ClockTime = 72 s

Time = 49

smoothSolver:  Solving for Ux, Initial residual = 1.9346557e-05, Final residual = 1.9142642e-09, No Iterations 2
smoothSolver:  Solving for Uy, Initial residual = 1.3818452e-05, Final residual = 5.6273179e-09, No Iterations 1
DICPCG:  Solving for p, Initial residual = 0.0044102031, Final residual = 4.3014274e-05, No Iterations 102
DICPCG:  Solving for p, Initial residual = 0.0016111131, Final residual = 1.5337429e-05, No Iterations 17
DICPCG:  Solving for p, Initial residual = 0.00015132577, Final residual = 1.4713292e-06, No Iterations 299
DICPCG:  Solving for p, Initial residual = 0.00010721209, Final residual = 1.0133475e-06, No Iterations 763
time step continuity errors : sum local = 8.6290937e-09, global = 1.8278504e-13, cumulative = 3.6665441e-07
ExecutionTime = 73.36 s  ClockTime = 73 s

Time = 50

smoothSolver:  Solving for Ux, Initial residual = 1.7853422e-05, Final residual = 2.0462145e-09, No Iterations 2
smoothSolver:  Solving for Uy, Initial residual = 1.0822007e-05, Final residual = 5.7073756e-09, No Iterations 1
DICPCG:  Solving for p, Initial residual = 0.0045317066, Final residual = 4.4220917e-05, No Iterations 89
DICPCG:  Solving for p, Initial residual = 0.00098900021, Final residual = 9.354823e-06, No Iterations 34
DICPCG:  Solving for p, Initial residual = 0.0001152102, Final residual = 1.1398856e-06, No Iterations 506
DICPCG:  Solving for p, Initial residual = 5.9981932e-05, Final residual = 5.9748319e-07, No Iterations 310
time step continuity errors : sum local = 5.0999787e-09, global = -2.1097287e-12, cumulative = 3.666523e-07
ExecutionTime = 74.25 s  ClockTime = 74 s

surfaceFieldValue flowRateTM write:
    sum(outlet_tm) of phi = 2.5079323e-11

surfaceFieldValue flowRateTM_left write:
    sum(outlet_tm_left) of phi = 2.4920676e-11

surfaceFieldValue pressureACinlet write:
    areaAverage(ac_inlet) of p = 3.8720543

Time = 51

smoothSolver:  Solving for Ux, Initial residual = 1.561343e-05, Final residual = 1.9983235e-09, No Iterations 2
smoothSolver:  Solving for Uy, Initial residual = 8.4604258e-06, Final residual = 5.5195398e-09, No Iterations 1
DICPCG:  Solving for p, Initial residual = 0.0045623521, Final residual = 4.374067e-05, No Iterations 101
DICPCG:  Solving for p, Initial residual = 0.0011427875, Final residual = 1.1201748e-05, No Iterations 30
DICPCG:  Solving for p, Initial residual = 0.00011868909, Final residual = 1.1788764e-06, No Iterations 302
DICPCG:  Solving for p, Initial residual = 9.0112064e-05, Final residual = 8.7746293e-07, No Iterations 769
time step continuity errors : sum local = 7.5045747e-09, global = -8.40032e-13, cumulative = 3.6665146e-07
ExecutionTime = 75.21 s  ClockTime = 75 s

Time = 52

smoothSolver:  Solving for Ux, Initial residual = 1.2842035e-05, Final residual = 1.8512051e-09, No Iterations 2
smoothSolver:  Solving for Uy, Initial residual = 6.9501106e-06, Final residual = 5.2813592e-09, No Iterations 1
DICPCG:  Solving for p, Initial residual = 0.0040395287, Final residual = 3.5427992e-05, No Iterations 103
DICPCG:  Solving for p, Initial residual = 0.0013006986, Final residual = 1.1872641e-05, No Iterations 21
DICPCG:  Solving for p, Initial residual = 0.00011850972, Final residual = 1.128843e-06, No Iterations 316
DICPCG:  Solving for p, Initial residual = 9.6696618e-05, Final residual = 9.3558499e-07, No Iterations 751
time step continuity errors : sum local = 7.9859631e-09, global = 6.9747444e-13, cumulative = 3.6665216e-07
ExecutionTime = 76.14 s  ClockTime = 76 s

Time = 53

smoothSolver:  Solving for Ux, Initial residual = 9.5482851e-06, Final residual = 1.7240457e-09, No Iterations 2
smoothSolver:  Solving for Uy, Initial residual = 5.9707557e-06, Final residual = 5.2897267e-09, No Iterations 1
DICPCG:  Solving for p, Initial residual = 0.0034400352, Final residual = 3.3188368e-05, No Iterations 102
DICPCG:  Solving for p, Initial residual = 0.0010547027, Final residual = 1.0211453e-05, No Iterations 17
DICPCG:  Solving for p, Initial residual = 9.9904567e-05, Final residual = 9.0836949e-07, No Iterations 309
DICPCG:  Solving for p, Initial residual = 7.2113598e-05, Final residual = 6.8214813e-07, No Iterations 772
time step continuity errors : sum local = 5.8687996e-09, global = 9.7052538e-13, cumulative = 3.6665313e-07
ExecutionTime = 77.17 s  ClockTime = 77 s

Time = 54

smoothSolver:  Solving for Ux, Initial residual = 8.211702e-06, Final residual = 1.6516866e-09, No Iterations 2
smoothSolver:  Solving for Uy, Initial residual = 5.3675081e-06, Final residual = 5.4821532e-09, No Iterations 1
DICPCG:  Solving for p, Initial residual = 0.0032824844, Final residual = 3.1809013e-05, No Iterations 93
DICPCG:  Solving for p, Initial residual = 0.0007300787, Final residual = 6.4819865e-06, No Iterations 30
DICPCG:  Solving for p, Initial residual = 8.1554067e-05, Final residual = 7.824962e-07, No Iterations 335
DICPCG:  Solving for p, Initial residual = 3.9946657e-05, Final residual = 3.7937479e-07, No Iterations 761
time step continuity errors : sum local = 3.3797021e-09, global = 5.6066641e-13, cumulative = 3.6665369e-07
ExecutionTime = 78.12 s  ClockTime = 78 s

Time = 55

smoothSolver:  Solving for Ux, Initial residual = 7.3067754e-06, Final residual = 1.6054455e-09, No Iterations 2
smoothSolver:  Solving for Uy, Initial residual = 5.4560014e-06, Final residual = 5.5381643e-09, No Iterations 1
DICPCG:  Solving for p, Initial residual = 0.003310688, Final residual = 3.1871776e-05, No Iterations 57
DICPCG:  Solving for p, Initial residual = 0.00064315627, Final residual = 6.3572069e-06, No Iterations 84
DICPCG:  Solving for p, Initial residual = 8.2226227e-05, Final residual = 7.706677e-07, No Iterations 305
DICPCG:  Solving for p, Initial residual = 4.3680514e-05, Final residual = 4.2326108e-07, No Iterations 748
time step continuity errors : sum local = 3.7617824e-09, global = -2.4051403e-13, cumulative = 3.6665345e-07
ExecutionTime = 79.04 s  ClockTime = 79 s

Time = 56

smoothSolver:  Solving for Ux, Initial residual = 6.5198753e-06, Final residual = 9.75005e-09, No Iterations 1
smoothSolver:  Solving for Uy, Initial residual = 4.762169e-06, Final residual = 5.3781048e-09, No Iterations 1
DICPCG:  Solving for p, Initial residual = 0.003113925, Final residual = 2.8503169e-05, No Iterations 98
DICPCG:  Solving for p, Initial residual = 0.000721905, Final residual = 6.9552341e-06, No Iterations 18
DICPCG:  Solving for p, Initial residual = 7.5694015e-05, Final residual = 7.5113381e-07, No Iterations 308
DICPCG:  Solving for p, Initial residual = 4.8046034e-05, Final residual = 4.7712166e-07, No Iterations 234
time step continuity errors : sum local = 4.0797382e-09, global = -3.180048e-11, cumulative = 3.6662165e-07
ExecutionTime = 79.57 s  ClockTime = 80 s

Time = 57

smoothSolver:  Solving for Ux, Initial residual = 5.1549257e-06, Final residual = 9.5209491e-09, No Iterations 1
smoothSolver:  Solving for Uy, Initial residual = 3.4882189e-06, Final residual = 5.0302329e-09, No Iterations 1
DICPCG:  Solving for p, Initial residual = 0.0027408587, Final residual = 2.5067789e-05, No Iterations 98
DICPCG:  Solving for p, Initial residual = 0.00067298755, Final residual = 6.7105208e-06, No Iterations 20
DICPCG:  Solving for p, Initial residual = 7.213991e-05, Final residual = 6.6976812e-07, No Iterations 309
DICPCG:  Solving for p, Initial residual = 3.7987678e-05, Final residual = 3.7901577e-07, No Iterations 311
time step continuity errors : sum local = 3.2901338e-09, global = 2.5402109e-10, cumulative = 3.6687567e-07
ExecutionTime = 80.16 s  ClockTime = 80 s

Time = 58

smoothSolver:  Solving for Ux, Initial residual = 3.5015965e-06, Final residual = 9.4448092e-09, No Iterations 1
smoothSolver:  Solving for Uy, Initial residual = 2.1753721e-06, Final residual = 4.6363674e-09, No Iterations 1
DICPCG:  Solving for p, Initial residual = 0.0024917456, Final residual = 2.2523194e-05, No Iterations 93
DICPCG:  Solving for p, Initial residual = 0.00052104431, Final residual = 5.1899e-06, No Iterations 22
DICPCG:  Solving for p, Initial residual = 6.0567895e-05, Final residual = 5.7650379e-07, No Iterations 507
DICPCG:  Solving for p, Initial residual = 3.0963907e-05, Final residual = 2.8883511e-07, No Iterations 85
time step continuity errors : sum local = 2.4730012e-09, global = 3.4825938e-10, cumulative = 3.6722393e-07
ExecutionTime = 80.71 s  ClockTime = 81 s

Time = 59

smoothSolver:  Solving for Ux, Initial residual = 2.262593e-06, Final residual = 9.3796922e-09, No Iterations 1
smoothSolver:  Solving for Uy, Initial residual = 1.6677235e-06, Final residual = 4.3313048e-09, No Iterations 1
DICPCG:  Solving for p, Initial residual = 0.0024015362, Final residual = 2.3938122e-05, No Iterations 89
DICPCG:  Solving for p, Initial residual = 0.00044244714, Final residual = 4.2780996e-06, No Iterations 66
DICPCG:  Solving for p, Initial residual = 5.7320255e-05, Final residual = 5.2747808e-07, No Iterations 762
DICPCG:  Solving for p, Initial residual = 3.2192363e-05, Final residual = 3.1319e-07, No Iterations 775
time step continuity errors : sum local = 2.8510896e-09, global = 2.2025521e-13, cumulative = 3.6722415e-07
ExecutionTime = 81.98 s  ClockTime = 82 s

Time = 60

smoothSolver:  Solving for Ux, Initial residual = 2.0312661e-06, Final residual = 9.3223525e-09, No Iterations 1
smoothSolver:  Solving for Uy, Initial residual = 1.5980964e-06, Final residual = 4.1586487e-09, No Iterations 1
DICPCG:  Solving for p, Initial residual = 0.0022889345, Final residual = 2.2385643e-05, No Iterations 93
DICPCG:  Solving for p, Initial residual = 0.00042368515, Final residual = 4.1339699e-06, No Iterations 22
DICPCG:  Solving for p, Initial residual = 4.9450112e-05, Final residual = 4.6604977e-07, No Iterations 763
DICPCG:  Solving for p, Initial residual = 3.1549114e-05, Final residual = 3.0781877e-07, No Iterations 775
time step continuity errors : sum local = 2.8069739e-09, global = -3.0103214e-13, cumulative = 3.6722385e-07
ExecutionTime = 83.24 s  ClockTime = 83 s

surfaceFieldValue flowRateTM write:
    sum(outlet_tm) of phi = 2.5079276e-11

surfaceFieldValue flowRateTM_left write:
    sum(outlet_tm_left) of phi = 2.4920724e-11

surfaceFieldValue pressureACinlet write:
    areaAverage(ac_inlet) of p = 3.8721412

Time = 61

smoothSolver:  Solving for Ux, Initial residual = 2.2632901e-06, Final residual = 9.2161024e-09, No Iterations 1
smoothSolver:  Solving for Uy, Initial residual = 1.7041904e-06, Final residual = 4.135061e-09, No Iterations 1
DICPCG:  Solving for p, Initial residual = 0.002116999, Final residual = 2.0398625e-05, No Iterations 93
DICPCG:  Solving for p, Initial residual = 0.00041149156, Final residual = 4.0106516e-06, No Iterations 22
DICPCG:  Solving for p, Initial residual = 4.5888941e-05, Final residual = 4.4132548e-07, No Iterations 293
DICPCG:  Solving for p, Initial residual = 2.7182052e-05, Final residual = 2.6551923e-07, No Iterations 311
time step continuity errors : sum local = 2.3613036e-09, global = -8.5608865e-11, cumulative = 3.6713824e-07
ExecutionTime = 83.83 s  ClockTime = 84 s

Time = 62

smoothSolver:  Solving for Ux, Initial residual = 2.1434146e-06, Final residual = 9.0056992e-09, No Iterations 1
smoothSolver:  Solving for Uy, Initial residual = 1.5502556e-06, Final residual = 4.199127e-09, No Iterations 1
DICPCG:  Solving for p, Initial residual = 0.0019567182, Final residual = 1.7377697e-05, No Iterations 92
DICPCG:  Solving for p, Initial residual = 0.00035717061, Final residual = 3.2591299e-06, No Iterations 22
DICPCG:  Solving for p, Initial residual = 4.1123383e-05, Final residual = 4.0961631e-07, No Iterations 272
DICPCG:  Solving for p, Initial residual = 1.9901044e-05, Final residual = 1.9695262e-07, No Iterations 315
time step continuity errors : sum local = 1.8026126e-09, global = -2.1996973e-10, cumulative = 3.6691827e-07
ExecutionTime = 84.41 s  ClockTime = 84 s

Time = 63

smoothSolver:  Solving for Ux, Initial residual = 1.745773e-06, Final residual = 8.7440251e-09, No Iterations 1
smoothSolver:  Solving for Uy, Initial residual = 1.2484931e-06, Final residual = 4.2687343e-09, No Iterations 1
DICPCG:  Solving for p, Initial residual = 0.0018601155, Final residual = 1.8061745e-05, No Iterations 88
DICPCG:  Solving for p, Initial residual = 0.00030839712, Final residual = 2.7955391e-06, No Iterations 34
DICPCG:  Solving for p, Initial residual = 4.1394182e-05, Final residual = 4.0295766e-07, No Iterations 302
DICPCG:  Solving for p, Initial residual = 1.9472969e-05, Final residual = 1.8245659e-07, No Iterations 39
time step continuity errors : sum local = 1.5698839e-09, global = -3.0848807e-10, cumulative = 3.6660978e-07
ExecutionTime = 84.81 s  ClockTime = 85 s

Time = 64

smoothSolver:  Solving for Ux, Initial residual = 1.2672265e-06, Final residual = 8.4944767e-09, No Iterations 1
smoothSolver:  Solving for Uy, Initial residual = 8.4404291e-07, Final residual = 4.2731055e-09, No Iterations 1
DICPCG:  Solving for p, Initial residual = 0.0017791363, Final residual = 1.6784246e-05, No Iterations 48
DICPCG:  Solving for p, Initial residual = 0.00026158308, Final residual = 2.5536744e-06, No Iterations 80
DICPCG:  Solving for p, Initial residual = 4.1299504e-05, Final residual = 3.8588926e-07, No Iterations 299
DICPCG:  Solving for p, Initial residual = 1.877926e-05, Final residual = 1.8150612e-07, No Iterations 762
time step continuity errors : sum local = 1.7968661e-09, global = -4.6053087e-13, cumulative = 3.6660932e-07
ExecutionTime = 85.74 s  ClockTime = 86 s

Time = 65

smoothSolver:  Solving for Ux, Initial residual = 9.0248399e-07, Final residual = 8.3007866e-09, No Iterations 1
smoothSolver:  Solving for Uy, Initial residual = 5.1339967e-07, Final residual = 4.1976452e-09, No Iterations 1
DICPCG:  Solving for p, Initial residual = 0.0016799576, Final residual = 1.6742236e-05, No Iterations 78
DICPCG:  Solving for p, Initial residual = 0.00022540057, Final residual = 2.1412697e-06, No Iterations 47
DICPCG:  Solving for p, Initial residual = 3.5098884e-05, Final residual = 3.4870621e-07, No Iterations 307
DICPCG:  Solving for p, Initial residual = 1.7508272e-05, Final residual = 1.7113263e-07, No Iterations 761
time step continuity errors : sum local = 1.711169e-09, global = 3.2004782e-13, cumulative = 3.6660964e-07
ExecutionTime = 86.65 s  ClockTime = 87 s

Time = 66

smoothSolver:  Solving for Ux, Initial residual = 8.8539642e-07, Final residual = 8.1299219e-09, No Iterations 1
smoothSolver:  Solving for Uy, Initial residual = 4.215369e-07, Final residual = 4.068312e-09, No Iterations 1
DICPCG:  Solving for p, Initial residual = 0.0015795113, Final residual = 1.4700262e-05, No Iterations 85
DICPCG:  Solving for p, Initial residual = 0.00021360946, Final residual = 1.9820132e-06, No Iterations 26
DICPCG:  Solving for p, Initial residual = 3.0648939e-05, Final residual = 2.9391526e-07, No Iterations 311
DICPCG:  Solving for p, Initial residual = 1.6228035e-05, Final residual = 1.5825212e-07, No Iterations 310
time step continuity errors : sum local = 1.4827885e-09, global = -1.1508398e-10, cumulative = 3.6649456e-07
ExecutionTime = 87.23 s  ClockTime = 87 s

Time = 67

smoothSolver:  Solving for Ux, Initial residual = 9.4532971e-07, Final residual = 7.9889616e-09, No Iterations 1
smoothSolver:  Solving for Uy, Initial residual = 5.4402227e-07, Final residual = 3.9290039e-09, No Iterations 1
DICPCG:  Solving for p, Initial residual = 0.0014835287, Final residual = 1.470271e-05, No Iterations 84
DICPCG:  Solving for p, Initial residual = 0.00020295133, Final residual = 2.0152076e-06, No Iterations 34
DICPCG:  Solving for p, Initial residual = 3.0586249e-05, Final residual = 2.9273051e-07, No Iterations 307
DICPCG:  Solving for p, Initial residual = 1.7123034e-05, Final residual = 1.6994844e-07, No Iterations 287
time step continuity errors : sum local = 1.5713634e-09, global = -4.8383838e-11, cumulative = 3.6644617e-07
ExecutionTime = 87.8 s  ClockTime = 88 s

Time = 68

smoothSolver:  Solving for Ux, Initial residual = 9.0157389e-07, Final residual = 7.8957162e-09, No Iterations 1
smoothSolver:  Solving for Uy, Initial residual = 5.6457579e-07, Final residual = 3.8115015e-09, No Iterations 1
DICPCG:  Solving for p, Initial residual = 0.0014078386, Final residual = 1.38055e-05, No Iterations 76
DICPCG:  Solving for p, Initial residual = 0.00017574494, Final residual = 1.6789971e-06, No Iterations 85
DICPCG:  Solving for p, Initial residual = 2.9890134e-05, Final residual = 2.8911667e-07, No Iterations 278
DICPCG:  Solving for p, Initial residual = 1.6057587e-05, Final residual = 1.5909792e-07, No Iterations 262
time step continuity errors : sum local = 1.478191e-09, global = -2.4684976e-12, cumulative = 3.664437e-07
ExecutionTime = 88.36 s  ClockTime = 88 s

Time = 69

smoothSolver:  Solving for Ux, Initial residual = 7.344248e-07, Final residual = 7.8151722e-09, No Iterations 1
smoothSolver:  Solving for Uy, Initial residual = 4.8743582e-07, Final residual = 3.7249523e-09, No Iterations 1
DICPCG:  Solving for p, Initial residual = 0.0013556353, Final residual = 1.3424931e-05, No Iterations 43
DICPCG:  Solving for p, Initial residual = 0.00014381366, Final residual = 1.3930639e-06, No Iterations 90
DICPCG:  Solving for p, Initial residual = 2.7470234e-05, Final residual = 2.7283431e-07, No Iterations 270
DICPCG:  Solving for p, Initial residual = 1.4270198e-05, Final residual = 1.394434e-07, No Iterations 304
time step continuity errors : sum local = 1.3371618e-09, global = 2.4617278e-11, cumulative = 3.6646832e-07
ExecutionTime = 88.93 s  ClockTime = 89 s

Time = 70

smoothSolver:  Solving for Ux, Initial residual = 5.005028e-07, Final residual = 7.713646e-09, No Iterations 1
smoothSolver:  Solving for Uy, Initial residual = 3.6280499e-07, Final residual = 3.6684172e-09, No Iterations 1
DICPCG:  Solving for p, Initial residual = 0.0013094676, Final residual = 1.2098255e-05, No Iterations 66
DICPCG:  Solving for p, Initial residual = 0.00013877359, Final residual = 1.3190548e-06, No Iterations 80
DICPCG:  Solving for p, Initial residual = 2.5940796e-05, Final residual = 2.4998096e-07, No Iterations 265
DICPCG:  Solving for p, Initial residual = 1.2151954e-05, Final residual = 1.1697308e-07, No Iterations 42
time step continuity errors : sum local = 1.0309244e-09, global = 3.8409807e-11, cumulative = 3.6650673e-07
ExecutionTime = 89.31 s  ClockTime = 89 s

surfaceFieldValue flowRateTM write:
    sum(outlet_tm) of phi = 2.5079293e-11

surfaceFieldValue flowRateTM_left write:
    sum(outlet_tm_left) of phi = 2.4920713e-11

surfaceFieldValue pressureACinlet write:
    areaAverage(ac_inlet) of p = 3.8721465

Time = 71

smoothSolver:  Solving for Ux, Initial residual = 3.2963513e-07, Final residual = 7.586441e-09, No Iterations 1
smoothSolver:  Solving for Uy, Initial residual = 2.3074225e-07, Final residual = 3.6322379e-09, No Iterations 1
DICPCG:  Solving for p, Initial residual = 0.0012535291, Final residual = 1.1221386e-05, No Iterations 83
DICPCG:  Solving for p, Initial residual = 0.00013358768, Final residual = 1.2574154e-06, No Iterations 35
DICPCG:  Solving for p, Initial residual = 2.305079e-05, Final residual = 2.2802926e-07, No Iterations 260
DICPCG:  Solving for p, Initial residual = 1.2467228e-05, Final residual = 1.1701779e-07, No Iterations 39
time step continuity errors : sum local = 1.0295352e-09, global = 4.553124e-11, cumulative = 3.6655226e-07
ExecutionTime = 89.66 s  ClockTime = 90 s

Time = 72

smoothSolver:  Solving for Ux, Initial residual = 2.6716127e-07, Final residual = 7.4509275e-09, No Iterations 1
smoothSolver:  Solving for Uy, Initial residual = 1.6733142e-07, Final residual = 3.6022017e-09, No Iterations 1
DICPCG:  Solving for p, Initial residual = 0.0012013131, Final residual = 1.1638397e-05, No Iterations 63
DICPCG:  Solving for p, Initial residual = 0.00011743565, Final residual = 1.0668858e-06, No Iterations 81
DICPCG:  Solving for p, Initial residual = 2.5472723e-05, Final residual = 2.3933221e-07, No Iterations 95
DICPCG:  Solving for p, Initial residual = 1.0904065e-05, Final residual = 1.0838629e-07, No Iterations 44
time step continuity errors : sum local = 9.6267116e-10, global = 5.187071e-11, cumulative = 3.6660413e-07
ExecutionTime = 89.92 s  ClockTime = 90 s

Time = 73

smoothSolver:  Solving for Ux, Initial residual = 3.2082518e-07, Final residual = 7.3168895e-09, No Iterations 1
smoothSolver:  Solving for Uy, Initial residual = 1.7420543e-07, Final residual = 3.5675589e-09, No Iterations 1
DICPCG:  Solving for p, Initial residual = 0.0011606873, Final residual = 1.1128136e-05, No Iterations 40
DICPCG:  Solving for p, Initial residual = 9.6721261e-05, Final residual = 9.1682355e-07, No Iterations 84
DICPCG:  Solving for p, Initial residual = 2.2359528e-05, Final residual = 2.1687957e-07, No Iterations 256
DICPCG:  Solving for p, Initial residual = 1.0257169e-05, Final residual = 1.0247702e-07, No Iterations 39
time step continuity errors : sum local = 9.0906028e-10, global = 6.13267e-11, cumulative = 3.6666546e-07
ExecutionTime = 90.27 s  ClockTime = 90 s

Time = 74

smoothSolver:  Solving for Ux, Initial residual = 3.2495297e-07, Final residual = 7.1930525e-09, No Iterations 1
smoothSolver:  Solving for Uy, Initial residual = 1.7772029e-07, Final residual = 3.5241881e-09, No Iterations 1
DICPCG:  Solving for p, Initial residual = 0.0011195663, Final residual = 1.0869767e-05, No Iterations 26
DICPCG:  Solving for p, Initial residual = 8.4519648e-05, Final residual = 8.2749867e-07, No Iterations 87
DICPCG:  Solving for p, Initial residual = 2.0380328e-05, Final residual = 1.9438554e-07, No Iterations 492
DICPCG:  Solving for p, Initial residual = 1.1006277e-05, Final residual = 1.0992738e-07, No Iterations 39
time step continuity errors : sum local = 9.7071637e-10, global = 7.5199728e-11, cumulative = 3.6674066e-07
ExecutionTime = 90.78 s  ClockTime = 91 s

Time = 75

smoothSolver:  Solving for Ux, Initial residual = 2.7769778e-07, Final residual = 7.0847501e-09, No Iterations 1
smoothSolver:  Solving for Uy, Initial residual = 1.5908542e-07, Final residual = 3.4721487e-09, No Iterations 1
DICPCG:  Solving for p, Initial residual = 0.0010767725, Final residual = 1.0643925e-05, No Iterations 35
DICPCG:  Solving for p, Initial residual = 8.3448035e-05, Final residual = 7.6421629e-07, No Iterations 308
DICPCG:  Solving for p, Initial residual = 2.333959e-05, Final residual = 2.2665717e-07, No Iterations 20
DICPCG:  Solving for p, Initial residual = 9.3439671e-06, Final residual = 9.2045289e-08, No Iterations 538
time step continuity errors : sum local = 1.0494366e-09, global = 9.2873416e-11, cumulative = 3.6683353e-07
ExecutionTime = 91.49 s  ClockTime = 91 s

Time = 76

smoothSolver:  Solving for Ux, Initial residual = 2.0600028e-07, Final residual = 6.99127e-09, No Iterations 1
smoothSolver:  Solving for Uy, Initial residual = 1.2702964e-07, Final residual = 3.4125262e-09, No Iterations 1
DICPCG:  Solving for p, Initial residual = 0.001039745, Final residual = 1.0035631e-05, No Iterations 39
DICPCG:  Solving for p, Initial residual = 8.1117909e-05, Final residual = 7.0878097e-07, No Iterations 307
DICPCG:  Solving for p, Initial residual = 2.3513402e-05, Final residual = 2.3055517e-07, No Iterations 17
DICPCG:  Solving for p, Initial residual = 9.3597746e-06, Final residual = 8.2595957e-08, No Iterations 759
time step continuity errors : sum local = 1.0748727e-09, global = -5.5618969e-13, cumulative = 3.6683298e-07
ExecutionTime = 92.36 s  ClockTime = 92 s

Time = 77

smoothSolver:  Solving for Ux, Initial residual = 1.475167e-07, Final residual = 6.9038341e-09, No Iterations 1
smoothSolver:  Solving for Uy, Initial residual = 8.7119272e-08, Final residual = 3.349804e-09, No Iterations 1
DICPCG:  Solving for p, Initial residual = 0.0010109765, Final residual = 9.2740375e-06, No Iterations 35
DICPCG:  Solving for p, Initial residual = 7.4458842e-05, Final residual = 7.2481269e-07, No Iterations 308
DICPCG:  Solving for p, Initial residual = 2.1854638e-05, Final residual = 2.1395953e-07, No Iterations 17
DICPCG:  Solving for p, Initial residual = 9.1512882e-06, Final residual = 8.9631601e-08, No Iterations 310
time step continuity errors : sum local = 9.5602598e-10, global = 8.9378638e-11, cumulative = 3.6692235e-07
ExecutionTime = 92.9 s  ClockTime = 93 s

Time = 78

smoothSolver:  Solving for Ux, Initial residual = 1.2955081e-07, Final residual = 6.8142199e-09, No Iterations 1
smoothSolver:  Solving for Uy, Initial residual = 6.8250547e-08, Final residual = 3.2891177e-09, No Iterations 1
DICPCG:  Solving for p, Initial residual = 0.0009842107, Final residual = 9.3997125e-06, No Iterations 33
DICPCG:  Solving for p, Initial residual = 6.7529302e-05, Final residual = 6.1909249e-07, No Iterations 309
DICPCG:  Solving for p, Initial residual = 1.895298e-05, Final residual = 1.7582674e-07, No Iterations 17
DICPCG:  Solving for p, Initial residual = 8.4363534e-06, Final residual = 8.2398209e-08, No Iterations 758
time step continuity errors : sum local = 1.0617682e-09, global = -3.8933906e-13, cumulative = 3.6692197e-07
ExecutionTime = 93.75 s  ClockTime = 94 s

Time = 79

smoothSolver:  Solving for Ux, Initial residual = 1.5040871e-07, Final residual = 6.7194968e-09, No Iterations 1
smoothSolver:  Solving for Uy, Initial residual = 8.1171626e-08, Final residual = 3.23431e-09, No Iterations 1
DICPCG:  Solving for p, Initial residual = 0.00095727982, Final residual = 9.2055745e-06, No Iterations 35
DICPCG:  Solving for p, Initial residual = 6.3907805e-05, Final residual = 6.2158171e-07, No Iterations 80
DICPCG:  Solving for p, Initial residual = 1.6427249e-05, Final residual = 1.6223313e-07, No Iterations 261
DICPCG:  Solving for p, Initial residual = 9.0383935e-06, Final residual = 8.4519997e-08, No Iterations 39
time step continuity errors : sum local = 7.609286e-10, global = 5.52433e-11, cumulative = 3.6697721e-07
ExecutionTime = 94.11 s  ClockTime = 94 s

Time = 80

smoothSolver:  Solving for Ux, Initial residual = 1.4616913e-07, Final residual = 6.6210416e-09, No Iterations 1
smoothSolver:  Solving for Uy, Initial residual = 7.9851245e-08, Final residual = 3.1873355e-09, No Iterations 1
DICPCG:  Solving for p, Initial residual = 0.00093078922, Final residual = 9.2628044e-06, No Iterations 41
DICPCG:  Solving for p, Initial residual = 6.0942907e-05, Final residual = 5.2977409e-07, No Iterations 86
DICPCG:  Solving for p, Initial residual = 1.582589e-05, Final residual = 1.5673639e-07, No Iterations 257
DICPCG:  Solving for p, Initial residual = 8.9759361e-06, Final residual = 8.545502e-08, No Iterations 248
time step continuity errors : sum local = 8.8783069e-10, global = 4.0147897e-11, cumulative = 3.6701736e-07
ExecutionTime = 94.61 s  ClockTime = 95 s

surfaceFieldValue flowRateTM write:
    sum(outlet_tm) of phi = 2.5079293e-11

surfaceFieldValue flowRateTM_left write:
    sum(outlet_tm_left) of phi = 2.4920713e-11

surfaceFieldValue pressureACinlet write:
    areaAverage(ac_inlet) of p = 3.8721447

Time = 81

smoothSolver:  Solving for Ux, Initial residual = 1.2865907e-07, Final residual = 6.5229008e-09, No Iterations 1
smoothSolver:  Solving for Uy, Initial residual = 7.1508418e-08, Final residual = 3.1474743e-09, No Iterations 1
DICPCG:  Solving for p, Initial residual = 0.00090658403, Final residual = 8.0158957e-06, No Iterations 42
DICPCG:  Solving for p, Initial residual = 5.6994478e-05, Final residual = 5.3630523e-07, No Iterations 89
DICPCG:  Solving for p, Initial residual = 1.6616905e-05, Final residual = 1.6314957e-07, No Iterations 256
DICPCG:  Solving for p, Initial residual = 9.7049307e-06, Final residual = 9.2314479e-08, No Iterations 39
time step continuity errors : sum local = 8.27964e-10, global = 2.6190263e-11, cumulative = 3.6704355e-07
ExecutionTime = 94.97 s  ClockTime = 95 s

Time = 82

smoothSolver:  Solving for Ux, Initial residual = 1.0445045e-07, Final residual = 6.427768e-09, No Iterations 1
smoothSolver:  Solving for Uy, Initial residual = 6.0986642e-08, Final residual = 3.111117e-09, No Iterations 1
DICPCG:  Solving for p, Initial residual = 0.0008847062, Final residual = 8.7861098e-06, No Iterations 39
DICPCG:  Solving for p, Initial residual = 5.2776974e-05, Final residual = 4.8249555e-07, No Iterations 89
DICPCG:  Solving for p, Initial residual = 1.6809009e-05, Final residual = 1.635193e-07, No Iterations 261
DICPCG:  Solving for p, Initial residual = 9.8304835e-06, Final residual = 9.4440149e-08, No Iterations 270
time step continuity errors : sum local = 9.6438524e-10, global = 1.3609555e-11, cumulative = 3.6705716e-07
ExecutionTime = 95.5 s  ClockTime = 95 s

Time = 83

smoothSolver:  Solving for Ux, Initial residual = 8.1606505e-08, Final residual = 6.3384982e-09, No Iterations 1
smoothSolver:  Solving for Uy, Initial residual = 4.8089794e-08, Final residual = 3.0738703e-09, No Iterations 1
DICPCG:  Solving for p, Initial residual = 0.00086408898, Final residual = 8.402092e-06, No Iterations 31
DICPCG:  Solving for p, Initial residual = 4.8987667e-05, Final residual = 4.5845479e-07, No Iterations 308
DICPCG:  Solving for p, Initial residual = 1.8218083e-05, Final residual = 1.8083695e-07, No Iterations 20
DICPCG:  Solving for p, Initial residual = 8.0440193e-06, Final residual = 7.7011023e-08, No Iterations 302
time step continuity errors : sum local = 8.5379754e-10, global = 2.6659219e-12, cumulative = 3.6705982e-07
ExecutionTime = 96.03 s  ClockTime = 96 s

Time = 84

smoothSolver:  Solving for Ux, Initial residual = 7.817659e-08, Final residual = 6.2544715e-09, No Iterations 1
smoothSolver:  Solving for Uy, Initial residual = 4.0635928e-08, Final residual = 3.0332849e-09, No Iterations 1
DICPCG:  Solving for p, Initial residual = 0.00084393392, Final residual = 8.0578449e-06, No Iterations 32
DICPCG:  Solving for p, Initial residual = 4.8874811e-05, Final residual = 4.7895893e-07, No Iterations 302
DICPCG:  Solving for p, Initial residual = 1.7932094e-05, Final residual = 1.7888797e-07, No Iterations 37
DICPCG:  Solving for p, Initial residual = 8.4107597e-06, Final residual = 8.2455473e-08, No Iterations 289
time step continuity errors : sum local = 8.8564979e-10, global = -6.3377311e-12, cumulative = 3.6705348e-07
ExecutionTime = 96.55 s  ClockTime = 97 s

Time = 85

smoothSolver:  Solving for Ux, Initial residual = 8.025964e-08, Final residual = 6.1737631e-09, No Iterations 1
smoothSolver:  Solving for Uy, Initial residual = 4.0451858e-08, Final residual = 2.9894548e-09, No Iterations 1
DICPCG:  Solving for p, Initial residual = 0.00082527365, Final residual = 8.1837173e-06, No Iterations 32
DICPCG:  Solving for p, Initial residual = 4.8617532e-05, Final residual = 4.7727873e-07, No Iterations 309
DICPCG:  Solving for p, Initial residual = 1.7553277e-05, Final residual = 1.7526545e-07, No Iterations 21
DICPCG:  Solving for p, Initial residual = 8.2158138e-06, Final residual = 8.0260012e-08, No Iterations 271
time step continuity errors : sum local = 8.6829003e-10, global = -1.3333555e-11, cumulative = 3.6704015e-07
ExecutionTime = 97.08 s  ClockTime = 97 s

Time = 86

smoothSolver:  Solving for Ux, Initial residual = 7.7986384e-08, Final residual = 6.0945057e-09, No Iterations 1
smoothSolver:  Solving for Uy, Initial residual = 3.8702187e-08, Final residual = 2.9446583e-09, No Iterations 1
DICPCG:  Solving for p, Initial residual = 0.00080875401, Final residual = 7.93242e-06, No Iterations 31
DICPCG:  Solving for p, Initial residual = 4.7410082e-05, Final residual = 4.4644921e-07, No Iterations 308
DICPCG:  Solving for p, Initial residual = 1.7367208e-05, Final residual = 1.6497723e-07, No Iterations 37
DICPCG:  Solving for p, Initial residual = 8.5668358e-06, Final residual = 8.4817033e-08, No Iterations 260
time step continuity errors : sum local = 8.9493364e-10, global = -1.8492218e-11, cumulative = 3.6702166e-07
ExecutionTime = 97.6 s  ClockTime = 98 s

Time = 87

smoothSolver:  Solving for Ux, Initial residual = 7.2060228e-08, Final residual = 6.0156689e-09, No Iterations 1
smoothSolver:  Solving for Uy, Initial residual = 3.5281565e-08, Final residual = 2.9016747e-09, No Iterations 1
DICPCG:  Solving for p, Initial residual = 0.00079375645, Final residual = 7.3290696e-06, No Iterations 31
DICPCG:  Solving for p, Initial residual = 4.6989195e-05, Final residual = 4.6104568e-07, No Iterations 304
DICPCG:  Solving for p, Initial residual = 1.7405261e-05, Final residual = 1.7129786e-07, No Iterations 18
DICPCG:  Solving for p, Initial residual = 8.9806708e-06, Final residual = 8.6402229e-08, No Iterations 41
time step continuity errors : sum local = 7.8064907e-10, global = -2.2195304e-11, cumulative = 3.6699946e-07
ExecutionTime = 97.94 s  ClockTime = 98 s

Time = 88

smoothSolver:  Solving for Ux, Initial residual = 6.4459426e-08, Final residual = 5.9376979e-09, No Iterations 1
smoothSolver:  Solving for Uy, Initial residual = 3.1124893e-08, Final residual = 2.8621379e-09, No Iterations 1
DICPCG:  Solving for p, Initial residual = 0.00078035282, Final residual = 7.3040129e-06, No Iterations 31
DICPCG:  Solving for p, Initial residual = 4.8060728e-05, Final residual = 4.6493497e-07, No Iterations 86
DICPCG:  Solving for p, Initial residual = 1.7325664e-05, Final residual = 1.6967702e-07, No Iterations 258
DICPCG:  Solving for p, Initial residual = 1.0550627e-05, Final residual = 1.0138114e-07, No Iterations 279
time step continuity errors : sum local = 1.0229679e-09, global = -2.4797846e-11, cumulative = 3.6697467e-07
ExecutionTime = 98.46 s  ClockTime = 98 s

Time = 89

smoothSolver:  Solving for Ux, Initial residual = 5.6792675e-08, Final residual = 5.8613427e-09, No Iterations 1
smoothSolver:  Solving for Uy, Initial residual = 2.6992887e-08, Final residual = 2.8264071e-09, No Iterations 1
DICPCG:  Solving for p, Initial residual = 0.00076897342, Final residual = 7.289681e-06, No Iterations 31
DICPCG:  Solving for p, Initial residual = 4.9795879e-05, Final residual = 4.585833e-07, No Iterations 80
DICPCG:  Solving for p, Initial residual = 1.8028177e-05, Final residual = 1.7891955e-07, No Iterations 252
DICPCG:  Solving for p, Initial residual = 1.0973751e-05, Final residual = 1.0621655e-07, No Iterations 41
time step continuity errors : sum local = 9.4244014e-10, global = -2.6834257e-11, cumulative = 3.6694783e-07
ExecutionTime = 98.81 s  ClockTime = 99 s

Time = 90

smoothSolver:  Solving for Ux, Initial residual = 5.4425763e-08, Final residual = 5.7855512e-09, No Iterations 1
smoothSolver:  Solving for Uy, Initial residual = 2.6039493e-08, Final residual = 2.7928375e-09, No Iterations 1
DICPCG:  Solving for p, Initial residual = 0.00075818217, Final residual = 7.3544149e-06, No Iterations 31
DICPCG:  Solving for p, Initial residual = 4.965943e-05, Final residual = 4.9010471e-07, No Iterations 79
DICPCG:  Solving for p, Initial residual = 1.8796568e-05, Final residual = 1.8750746e-07, No Iterations 241
DICPCG:  Solving for p, Initial residual = 1.1571105e-05, Final residual = 1.1386586e-07, No Iterations 45
time step continuity errors : sum local = 1.0069028e-09, global = -2.8539882e-11, cumulative = 3.6691929e-07
ExecutionTime = 99.14 s  ClockTime = 99 s

surfaceFieldValue flowRateTM write:
    sum(outlet_tm) of phi = 2.5079288e-11

surfaceFieldValue flowRateTM_left write:
    sum(outlet_tm_left) of phi = 2.4920708e-11

surfaceFieldValue pressureACinlet write:
    areaAverage(ac_inlet) of p = 3.8721447

Time = 91

smoothSolver:  Solving for Ux, Initial residual = 5.470504e-08, Final residual = 5.7112098e-09, No Iterations 1
smoothSolver:  Solving for Uy, Initial residual = 2.6388676e-08, Final residual = 2.7591459e-09, No Iterations 1
DICPCG:  Solving for p, Initial residual = 0.00074594904, Final residual = 7.0737866e-06, No Iterations 33
DICPCG:  Solving for p, Initial residual = 4.7477411e-05, Final residual = 4.526493e-07, No Iterations 80
DICPCG:  Solving for p, Initial residual = 1.7843052e-05, Final residual = 1.7347523e-07, No Iterations 259
DICPCG:  Solving for p, Initial residual = 1.1410795e-05, Final residual = 1.121421e-07, No Iterations 48
time step continuity errors : sum local = 9.9606213e-10, global = -3.016987e-11, cumulative = 3.6688912e-07
ExecutionTime = 99.5 s  ClockTime = 99 s

Time = 92

smoothSolver:  Solving for Ux, Initial residual = 5.3553561e-08, Final residual = 5.6390791e-09, No Iterations 1
smoothSolver:  Solving for Uy, Initial residual = 2.5708589e-08, Final residual = 2.7244551e-09, No Iterations 1
DICPCG:  Solving for p, Initial residual = 0.00073250379, Final residual = 6.9736144e-06, No Iterations 33
DICPCG:  Solving for p, Initial residual = 4.4809871e-05, Final residual = 3.9882098e-07, No Iterations 306
DICPCG:  Solving for p, Initial residual = 1.8060334e-05, Final residual = 1.7550406e-07, No Iterations 39
DICPCG:  Solving for p, Initial residual = 9.2735389e-06, Final residual = 9.0471294e-08, No Iterations 288
time step continuity errors : sum local = 9.5646564e-10, global = -3.1793113e-11, cumulative = 3.6685733e-07
ExecutionTime = 100.03 s  ClockTime = 100 s

Time = 93

smoothSolver:  Solving for Ux, Initial residual = 5.0881724e-08, Final residual = 5.5692022e-09, No Iterations 1
smoothSolver:  Solving for Uy, Initial residual = 2.4474962e-08, Final residual = 2.689327e-09, No Iterations 1
DICPCG:  Solving for p, Initial residual = 0.00071828009, Final residual = 6.9207242e-06, No Iterations 33
DICPCG:  Solving for p, Initial residual = 4.272316e-05, Final residual = 4.1076064e-07, No Iterations 307
DICPCG:  Solving for p, Initial residual = 1.7095551e-05, Final residual = 1.6997143e-07, No Iterations 39
DICPCG:  Solving for p, Initial residual = 8.3536257e-06, Final residual = 7.4944003e-08, No Iterations 292
time step continuity errors : sum local = 8.4444194e-10, global = -3.3408788e-11, cumulative = 3.6682392e-07
ExecutionTime = 100.58 s  ClockTime = 101 s

Time = 94

smoothSolver:  Solving for Ux, Initial residual = 4.7414236e-08, Final residual = 5.5008182e-09, No Iterations 1
smoothSolver:  Solving for Uy, Initial residual = 2.294093e-08, Final residual = 2.6540219e-09, No Iterations 1
DICPCG:  Solving for p, Initial residual = 0.00070416054, Final residual = 6.6230846e-06, No Iterations 33
DICPCG:  Solving for p, Initial residual = 4.1004349e-05, Final residual = 4.0927727e-07, No Iterations 307
DICPCG:  Solving for p, Initial residual = 1.6579075e-05, Final residual = 1.4876627e-07, No Iterations 40
DICPCG:  Solving for p, Initial residual = 7.8796179e-06, Final residual = 7.8548421e-08, No Iterations 263
time step continuity errors : sum local = 8.531156e-10, global = -3.4928199e-11, cumulative = 3.6678899e-07
ExecutionTime = 101.15 s  ClockTime = 101 s

Time = 95

smoothSolver:  Solving for Ux, Initial residual = 4.4310316e-08, Final residual = 5.4327729e-09, No Iterations 1
smoothSolver:  Solving for Uy, Initial residual = 2.1373082e-08, Final residual = 2.6179851e-09, No Iterations 1
DICPCG:  Solving for p, Initial residual = 0.00069078729, Final residual = 6.8115941e-06, No Iterations 32
DICPCG:  Solving for p, Initial residual = 3.7780337e-05, Final residual = 3.6504194e-07, No Iterations 307
DICPCG:  Solving for p, Initial residual = 1.5139003e-05, Final residual = 1.3927635e-07, No Iterations 40
DICPCG:  Solving for p, Initial residual = 7.4203356e-06, Final residual = 7.3708416e-08, No Iterations 247
time step continuity errors : sum local = 8.1743976e-10, global = -3.6270578e-11, cumulative = 3.6675272e-07
ExecutionTime = 101.66 s  ClockTime = 102 s

Time = 96

smoothSolver:  Solving for Ux, Initial residual = 4.3791773e-08, Final residual = 5.3658293e-09, No Iterations 1
smoothSolver:  Solving for Uy, Initial residual = 2.1077768e-08, Final residual = 2.5833299e-09, No Iterations 1
DICPCG:  Solving for p, Initial residual = 0.00067780361, Final residual = 6.5848021e-06, No Iterations 31
DICPCG:  Solving for p, Initial residual = 3.5113557e-05, Final residual = 3.1894021e-07, No Iterations 308
DICPCG:  Solving for p, Initial residual = 1.3879934e-05, Final residual = 1.3752303e-07, No Iterations 40
DICPCG:  Solving for p, Initial residual = 7.2019618e-06, Final residual = 7.1100016e-08, No Iterations 271
time step continuity errors : sum local = 8.0661195e-10, global = -3.736028e-11, cumulative = 3.6671536e-07
ExecutionTime = 102.18 s  ClockTime = 102 s

Time = 97

smoothSolver:  Solving for Ux, Initial residual = 4.3627653e-08, Final residual = 5.3006914e-09, No Iterations 1
smoothSolver:  Solving for Uy, Initial residual = 2.1016487e-08, Final residual = 2.5505528e-09, No Iterations 1
DICPCG:  Solving for p, Initial residual = 0.00066449727, Final residual = 6.331349e-06, No Iterations 31
DICPCG:  Solving for p, Initial residual = 3.3139449e-05, Final residual = 3.2601216e-07, No Iterations 308
DICPCG:  Solving for p, Initial residual = 1.2411789e-05, Final residual = 1.1829448e-07, No Iterations 44
DICPCG:  Solving for p, Initial residual = 6.1006785e-06, Final residual = 5.7926127e-08, No Iterations 286
time step continuity errors : sum local = 7.1399807e-10, global = -3.8197055e-11, cumulative = 3.6667716e-07
ExecutionTime = 102.72 s  ClockTime = 103 s

Time = 98

smoothSolver:  Solving for Ux, Initial residual = 4.2818531e-08, Final residual = 5.2372628e-09, No Iterations 1
smoothSolver:  Solving for Uy, Initial residual = 2.0439948e-08, Final residual = 2.5191409e-09, No Iterations 1
DICPCG:  Solving for p, Initial residual = 0.00065098037, Final residual = 6.3808535e-06, No Iterations 31
DICPCG:  Solving for p, Initial residual = 3.190623e-05, Final residual = 3.051783e-07, No Iterations 309
DICPCG:  Solving for p, Initial residual = 1.1683472e-05, Final residual = 1.124262e-07, No Iterations 47
DICPCG:  Solving for p, Initial residual = 5.3716116e-06, Final residual = 5.2469043e-08, No Iterations 301
time step continuity errors : sum local = 6.828357e-10, global = -3.8785357e-11, cumulative = 3.6663838e-07
ExecutionTime = 103.26 s  ClockTime = 103 s

Time = 99

smoothSolver:  Solving for Ux, Initial residual = 4.1529242e-08, Final residual = 5.1752309e-09, No Iterations 1
smoothSolver:  Solving for Uy, Initial residual = 1.9726373e-08, Final residual = 2.4888025e-09, No Iterations 1
DICPCG:  Solving for p, Initial residual = 0.00063727825, Final residual = 6.3701814e-06, No Iterations 32
DICPCG:  Solving for p, Initial residual = 3.0969203e-05, Final residual = 3.0827047e-07, No Iterations 307
DICPCG:  Solving for p, Initial residual = 1.1093644e-05, Final residual = 1.0899897e-07, No Iterations 49
DICPCG:  Solving for p, Initial residual = 4.9929114e-06, Final residual = 4.9779482e-08, No Iterations 372
time step continuity errors : sum local = 6.9318806e-10, global = -3.9159529e-11, cumulative = 3.6659922e-07
ExecutionTime = 103.87 s  ClockTime = 104 s

Time = 100

smoothSolver:  Solving for Ux, Initial residual = 4.0050981e-08, Final residual = 5.1142325e-09, No Iterations 1
smoothSolver:  Solving for Uy, Initial residual = 1.90451e-08, Final residual = 2.4590465e-09, No Iterations 1
DICPCG:  Solving for p, Initial residual = 0.00062353571, Final residual = 5.9878445e-06, No Iterations 33
DICPCG:  Solving for p, Initial residual = 3.0192456e-05, Final residual = 3.0178785e-07, No Iterations 296
DICPCG:  Solving for p, Initial residual = 1.1007689e-05, Final residual = 9.813908e-08, No Iterations 77
DICPCG:  Solving for p, Initial residual = 4.9791444e-06, Final residual = 4.976789e-08, No Iterations 281
time step continuity errors : sum local = 6.4562204e-10, global = -3.9385782e-11, cumulative = 3.6655983e-07
ExecutionTime = 104.51 s  ClockTime = 105 s

surfaceFieldValue flowRateTM write:
    sum(outlet_tm) of phi = 2.5079287e-11

surfaceFieldValue flowRateTM_left write:
    sum(outlet_tm_left) of phi = 2.4920707e-11

surfaceFieldValue pressureACinlet write:
    areaAverage(ac_inlet) of p = 3.8721447

Time = 101

smoothSolver:  Solving for Ux, Initial residual = 3.8707788e-08, Final residual = 5.0538189e-09, No Iterations 1
smoothSolver:  Solving for Uy, Initial residual = 1.8518022e-08, Final residual = 2.4298526e-09, No Iterations 1
DICPCG:  Solving for p, Initial residual = 0.00061089812, Final residual = 5.9343042e-06, No Iterations 33
DICPCG:  Solving for p, Initial residual = 2.9723036e-05, Final residual = 2.8540837e-07, No Iterations 294
DICPCG:  Solving for p, Initial residual = 1.0953804e-05, Final residual = 1.0904247e-07, No Iterations 75
DICPCG:  Solving for p, Initial residual = 5.121742e-06, Final residual = 5.1093564e-08, No Iterations 276
time step continuity errors : sum local = 6.5225287e-10, global = -3.9518691e-11, cumulative = 3.6652031e-07
ExecutionTime = 105.07 s  ClockTime = 105 s

Time = 102

smoothSolver:  Solving for Ux, Initial residual = 3.8215574e-08, Final residual = 4.9939916e-09, No Iterations 1
smoothSolver:  Solving for Uy, Initial residual = 1.8405264e-08, Final residual = 2.4014454e-09, No Iterations 1
DICPCG:  Solving for p, Initial residual = 0.00059929386, Final residual = 5.7650958e-06, No Iterations 33
DICPCG:  Solving for p, Initial residual = 2.9295896e-05, Final residual = 2.8367782e-07, No Iterations 310
DICPCG:  Solving for p, Initial residual = 1.1050534e-05, Final residual = 1.0850621e-07, No Iterations 45
DICPCG:  Solving for p, Initial residual = 5.2869504e-06, Final residual = 5.0500467e-08, No Iterations 290
time step continuity errors : sum local = 6.6287412e-10, global = -3.9601263e-11, cumulative = 3.6648071e-07
ExecutionTime = 105.65 s  ClockTime = 106 s

Time = 103

smoothSolver:  Solving for Ux, Initial residual = 3.7969798e-08, Final residual = 4.9354613e-09, No Iterations 1
smoothSolver:  Solving for Uy, Initial residual = 1.8258514e-08, Final residual = 2.3736938e-09, No Iterations 1
DICPCG:  Solving for p, Initial residual = 0.00058811742, Final residual = 5.5654679e-06, No Iterations 33
DICPCG:  Solving for p, Initial residual = 2.8929008e-05, Final residual = 2.5631626e-07, No Iterations 309
DICPCG:  Solving for p, Initial residual = 1.1038235e-05, Final residual = 1.0835514e-07, No Iterations 45
DICPCG:  Solving for p, Initial residual = 5.4236603e-06, Final residual = 5.4107394e-08, No Iterations 291
time step continuity errors : sum local = 6.8468035e-10, global = -3.9663077e-11, cumulative = 3.6644105e-07
ExecutionTime = 106.21 s  ClockTime = 106 s

Time = 104

smoothSolver:  Solving for Ux, Initial residual = 3.7465024e-08, Final residual = 4.878212e-09, No Iterations 1
smoothSolver:  Solving for Uy, Initial residual = 1.7921107e-08, Final residual = 2.3466229e-09, No Iterations 1
DICPCG:  Solving for p, Initial residual = 0.00057738078, Final residual = 5.7371592e-06, No Iterations 31
DICPCG:  Solving for p, Initial residual = 2.8855535e-05, Final residual = 2.7887548e-07, No Iterations 309
DICPCG:  Solving for p, Initial residual = 1.1354728e-05, Final residual = 1.1224594e-07, No Iterations 44
DICPCG:  Solving for p, Initial residual = 5.6932512e-06, Final residual = 5.6625808e-08, No Iterations 297
time step continuity errors : sum local = 7.1261593e-10, global = -3.9713463e-11, cumulative = 3.6640134e-07
ExecutionTime = 106.75 s  ClockTime = 107 s

Time = 105

smoothSolver:  Solving for Ux, Initial residual = 3.6753951e-08, Final residual = 4.8223138e-09, No Iterations 1
smoothSolver:  Solving for Uy, Initial residual = 1.7483982e-08, Final residual = 2.3201217e-09, No Iterations 1
DICPCG:  Solving for p, Initial residual = 0.00056686164, Final residual = 5.5449547e-06, No Iterations 31
DICPCG:  Solving for p, Initial residual = 2.8635828e-05, Final residual = 2.6571674e-07, No Iterations 309
DICPCG:  Solving for p, Initial residual = 1.1410858e-05, Final residual = 1.1387008e-07, No Iterations 44
DICPCG:  Solving for p, Initial residual = 5.8184922e-06, Final residual = 5.6706398e-08, No Iterations 291
time step continuity errors : sum local = 7.1071701e-10, global = -3.9756964e-11, cumulative = 3.6636158e-07
ExecutionTime = 107.31 s  ClockTime = 107 s

Time = 106

smoothSolver:  Solving for Ux, Initial residual = 3.599838e-08, Final residual = 4.7677176e-09, No Iterations 1
smoothSolver:  Solving for Uy, Initial residual = 1.7069665e-08, Final residual = 2.2939711e-09, No Iterations 1
DICPCG:  Solving for p, Initial residual = 0.00055708415, Final residual = 5.4299705e-06, No Iterations 31
DICPCG:  Solving for p, Initial residual = 2.8670622e-05, Final residual = 2.6004608e-07, No Iterations 309
DICPCG:  Solving for p, Initial residual = 1.1763787e-05, Final residual = 1.1477363e-07, No Iterations 44
DICPCG:  Solving for p, Initial residual = 6.1157157e-06, Final residual = 5.7926663e-08, No Iterations 291
time step continuity errors : sum local = 7.1512713e-10, global = -3.9789147e-11, cumulative = 3.6632179e-07
ExecutionTime = 107.87 s  ClockTime = 108 s

Time = 107

smoothSolver:  Solving for Ux, Initial residual = 3.5316556e-08, Final residual = 4.7143423e-09, No Iterations 1
smoothSolver:  Solving for Uy, Initial residual = 1.6746581e-08, Final residual = 2.2681962e-09, No Iterations 1
DICPCG:  Solving for p, Initial residual = 0.00054794288, Final residual = 5.3431865e-06, No Iterations 31
DICPCG:  Solving for p, Initial residual = 2.8861934e-05, Final residual = 2.7274568e-07, No Iterations 308
DICPCG:  Solving for p, Initial residual = 1.2199129e-05, Final residual = 1.1898458e-07, No Iterations 43
DICPCG:  Solving for p, Initial residual = 6.3040416e-06, Final residual = 6.2631324e-08, No Iterations 284
time step continuity errors : sum local = 7.4668494e-10, global = -3.9805787e-11, cumulative = 3.6628198e-07
ExecutionTime = 108.41 s  ClockTime = 108 s

Time = 108

smoothSolver:  Solving for Ux, Initial residual = 3.4942732e-08, Final residual = 4.66195e-09, No Iterations 1
smoothSolver:  Solving for Uy, Initial residual = 1.6558936e-08, Final residual = 2.2426625e-09, No Iterations 1
DICPCG:  Solving for p, Initial residual = 0.00053980511, Final residual = 5.136658e-06, No Iterations 31
DICPCG:  Solving for p, Initial residual = 2.9123168e-05, Final residual = 2.7787825e-07, No Iterations 307
DICPCG:  Solving for p, Initial residual = 1.1922891e-05, Final residual = 1.1604624e-07, No Iterations 43
DICPCG:  Solving for p, Initial residual = 5.8026005e-06, Final residual = 5.655842e-08, No Iterations 279
time step continuity errors : sum local = 6.9746259e-10, global = -3.9799198e-11, cumulative = 3.6624219e-07
ExecutionTime = 108.94 s  ClockTime = 109 s

Time = 109

smoothSolver:  Solving for Ux, Initial residual = 3.4568456e-08, Final residual = 4.6103778e-09, No Iterations 1
smoothSolver:  Solving for Uy, Initial residual = 1.6388502e-08, Final residual = 2.2174452e-09, No Iterations 1
DICPCG:  Solving for p, Initial residual = 0.00053243464, Final residual = 5.2054725e-06, No Iterations 31
DICPCG:  Solving for p, Initial residual = 2.9200665e-05, Final residual = 2.8787872e-07, No Iterations 307
DICPCG:  Solving for p, Initial residual = 1.1752044e-05, Final residual = 1.1744973e-07, No Iterations 41
DICPCG:  Solving for p, Initial residual = 5.3345196e-06, Final residual = 5.0038584e-08, No Iterations 290
time step continuity errors : sum local = 6.5929356e-10, global = -3.9773037e-11, cumulative = 3.6620241e-07
ExecutionTime = 109.48 s  ClockTime = 109 s

Time = 110

smoothSolver:  Solving for Ux, Initial residual = 3.41117e-08, Final residual = 4.5593729e-09, No Iterations 1
smoothSolver:  Solving for Uy, Initial residual = 1.6167959e-08, Final residual = 2.1927456e-09, No Iterations 1
DICPCG:  Solving for p, Initial residual = 0.00052561943, Final residual = 4.8684443e-06, No Iterations 31
DICPCG:  Solving for p, Initial residual = 2.8388566e-05, Final residual = 2.7505653e-07, No Iterations 306
DICPCG:  Solving for p, Initial residual = 1.0958428e-05, Final residual = 1.0603127e-07, No Iterations 43
DICPCG:  Solving for p, Initial residual = 4.6759202e-06, Final residual = 4.6510551e-08, No Iterations 291
time step continuity errors : sum local = 6.2748379e-10, global = -3.9727903e-11, cumulative = 3.6616268e-07
ExecutionTime = 110.02 s  ClockTime = 110 s

surfaceFieldValue flowRateTM write:
    sum(outlet_tm) of phi = 2.5079287e-11

surfaceFieldValue flowRateTM_left write:
    sum(outlet_tm_left) of phi = 2.4920707e-11

surfaceFieldValue pressureACinlet write:
    areaAverage(ac_inlet) of p = 3.8721447

Time = 111

smoothSolver:  Solving for Ux, Initial residual = 3.3611707e-08, Final residual = 4.5092751e-09, No Iterations 1
smoothSolver:  Solving for Uy, Initial residual = 1.5912511e-08, Final residual = 2.1686221e-09, No Iterations 1
DICPCG:  Solving for p, Initial residual = 0.00051920895, Final residual = 5.1195341e-06, No Iterations 29
DICPCG:  Solving for p, Initial residual = 2.7720759e-05, Final residual = 2.6312473e-07, No Iterations 307
DICPCG:  Solving for p, Initial residual = 1.0123429e-05, Final residual = 9.9730351e-08, No Iterations 44
DICPCG:  Solving for p, Initial residual = 4.3143724e-06, Final residual = 4.0742323e-08, No Iterations 758
time step continuity errors : sum local = 8.0940751e-10, global = 3.7711582e-13, cumulative = 3.6616306e-07
ExecutionTime = 110.9 s  ClockTime = 111 s

Time = 112

smoothSolver:  Solving for Ux, Initial residual = 4.1349046e-08, Final residual = 4.4600999e-09, No Iterations 1
smoothSolver:  Solving for Uy, Initial residual = 1.9623866e-08, Final residual = 2.1451233e-09, No Iterations 1
DICPCG:  Solving for p, Initial residual = 0.0005135537, Final residual = 4.9833485e-06, No Iterations 29
DICPCG:  Solving for p, Initial residual = 2.7282089e-05, Final residual = 2.6550637e-07, No Iterations 306
DICPCG:  Solving for p, Initial residual = 9.7519438e-06, Final residual = 9.6912265e-08, No Iterations 44
DICPCG:  Solving for p, Initial residual = 4.2681206e-06, Final residual = 4.0857831e-08, No Iterations 289
time step continuity errors : sum local = 6.0217176e-10, global = -2.4658401e-11, cumulative = 3.661384e-07
ExecutionTime = 111.46 s  ClockTime = 111 s

Time = 113

smoothSolver:  Solving for Ux, Initial residual = 3.9829823e-08, Final residual = 4.4115279e-09, No Iterations 1
smoothSolver:  Solving for Uy, Initial residual = 1.860918e-08, Final residual = 2.1220876e-09, No Iterations 1
DICPCG:  Solving for p, Initial residual = 0.0005076707, Final residual = 4.8350995e-06, No Iterations 29
DICPCG:  Solving for p, Initial residual = 2.6411671e-05, Final residual = 2.3965557e-07, No Iterations 308
DICPCG:  Solving for p, Initial residual = 9.1448469e-06, Final residual = 8.7754669e-08, No Iterations 47
DICPCG:  Solving for p, Initial residual = 4.1487179e-06, Final residual = 4.1426152e-08, No Iterations 290
time step continuity errors : sum local = 6.0482635e-10, global = -1.8681191e-11, cumulative = 3.6611972e-07
ExecutionTime = 112.01 s  ClockTime = 112 s

Time = 114

smoothSolver:  Solving for Ux, Initial residual = 3.853102e-08, Final residual = 4.36327e-09, No Iterations 1
smoothSolver:  Solving for Uy, Initial residual = 1.7712836e-08, Final residual = 2.1003605e-09, No Iterations 1
DICPCG:  Solving for p, Initial residual = 0.00050004274, Final residual = 4.7526551e-06, No Iterations 29
DICPCG:  Solving for p, Initial residual = 2.4749458e-05, Final residual = 2.3543717e-07, No Iterations 310
DICPCG:  Solving for p, Initial residual = 9.1689691e-06, Final residual = 9.152782e-08, No Iterations 37
DICPCG:  Solving for p, Initial residual = 4.1110985e-06, Final residual = 4.0027237e-08, No Iterations 288
time step continuity errors : sum local = 5.9107007e-10, global = -1.3776087e-11, cumulative = 3.6610595e-07
ExecutionTime = 112.54 s  ClockTime = 113 s

Time = 115

smoothSolver:  Solving for Ux, Initial residual = 3.7486439e-08, Final residual = 4.3167237e-09, No Iterations 1
smoothSolver:  Solving for Uy, Initial residual = 1.7188382e-08, Final residual = 2.0787368e-09, No Iterations 1
DICPCG:  Solving for p, Initial residual = 0.00049133783, Final residual = 4.7677873e-06, No Iterations 29
DICPCG:  Solving for p, Initial residual = 2.4178377e-05, Final residual = 2.205449e-07, No Iterations 311
DICPCG:  Solving for p, Initial residual = 9.2279534e-06, Final residual = 8.8297158e-08, No Iterations 48
DICPCG:  Solving for p, Initial residual = 4.1251876e-06, Final residual = 3.8079468e-08, No Iterations 285
time step continuity errors : sum local = 5.7871616e-10, global = -9.7808499e-12, cumulative = 3.6609616e-07
ExecutionTime = 113.08 s  ClockTime = 113 s

Time = 116

smoothSolver:  Solving for Ux, Initial residual = 3.6488558e-08, Final residual = 4.2715096e-09, No Iterations 1
smoothSolver:  Solving for Uy, Initial residual = 1.6774391e-08, Final residual = 2.0570762e-09, No Iterations 1
DICPCG:  Solving for p, Initial residual = 0.0004825427, Final residual = 4.454935e-06, No Iterations 31
DICPCG:  Solving for p, Initial residual = 2.3390104e-05, Final residual = 2.2248074e-07, No Iterations 311
DICPCG:  Solving for p, Initial residual = 8.7834398e-06, Final residual = 8.402803e-08, No Iterations 48
DICPCG:  Solving for p, Initial residual = 4.0241911e-06, Final residual = 3.9610556e-08, No Iterations 267
time step continuity errors : sum local = 5.8074832e-10, global = -6.5449441e-12, cumulative = 3.6608962e-07
ExecutionTime = 113.61 s  ClockTime = 114 s

Time = 117

smoothSolver:  Solving for Ux, Initial residual = 3.5437548e-08, Final residual = 4.2272183e-09, No Iterations 1
smoothSolver:  Solving for Uy, Initial residual = 1.6346679e-08, Final residual = 2.0356002e-09, No Iterations 1
DICPCG:  Solving for p, Initial residual = 0.00047427318, Final residual = 4.5075861e-06, No Iterations 31
DICPCG:  Solving for p, Initial residual = 2.3426968e-05, Final residual = 2.2478803e-07, No Iterations 310
DICPCG:  Solving for p, Initial residual = 8.6131753e-06, Final residual = 8.5550073e-08, No Iterations 47
DICPCG:  Solving for p, Initial residual = 3.9868672e-06, Final residual = 3.953925e-08, No Iterations 285
time step continuity errors : sum local = 5.8689756e-10, global = -3.9254559e-12, cumulative = 3.6608569e-07
ExecutionTime = 114.16 s  ClockTime = 114 s

Time = 118

smoothSolver:  Solving for Ux, Initial residual = 3.4343807e-08, Final residual = 4.1834934e-09, No Iterations 1
smoothSolver:  Solving for Uy, Initial residual = 1.5931506e-08, Final residual = 2.0144411e-09, No Iterations 1
DICPCG:  Solving for p, Initial residual = 0.00046635463, Final residual = 4.415967e-06, No Iterations 31
DICPCG:  Solving for p, Initial residual = 2.369752e-05, Final residual = 2.2917383e-07, No Iterations 309
DICPCG:  Solving for p, Initial residual = 8.6070548e-06, Final residual = 8.1060889e-08, No Iterations 47
DICPCG:  Solving for p, Initial residual = 4.0032954e-06, Final residual = 3.6954683e-08, No Iterations 285
time step continuity errors : sum local = 5.7805908e-10, global = -1.7966992e-12, cumulative = 3.660839e-07
ExecutionTime = 114.75 s  ClockTime = 115 s

Time = 119

smoothSolver:  Solving for Ux, Initial residual = 3.3279748e-08, Final residual = 4.1403319e-09, No Iterations 1
smoothSolver:  Solving for Uy, Initial residual = 1.5512786e-08, Final residual = 1.9935863e-09, No Iterations 1
DICPCG:  Solving for p, Initial residual = 0.00045865655, Final residual = 4.2145791e-06, No Iterations 31
DICPCG:  Solving for p, Initial residual = 2.3617626e-05, Final residual = 2.3495501e-07, No Iterations 308
DICPCG:  Solving for p, Initial residual = 8.5318257e-06, Final residual = 8.3778449e-08, No Iterations 44
DICPCG:  Solving for p, Initial residual = 4.0172875e-06, Final residual = 3.9161733e-08, No Iterations 283
time step continuity errors : sum local = 5.9013716e-10, global = -5.3515408e-14, cumulative = 3.6608384e-07
ExecutionTime = 115.36 s  ClockTime = 115 s

Time = 120

smoothSolver:  Solving for Ux, Initial residual = 3.2361886e-08, Final residual = 4.0976956e-09, No Iterations 1
smoothSolver:  Solving for Uy, Initial residual = 1.520349e-08, Final residual = 1.9731046e-09, No Iterations 1
DICPCG:  Solving for p, Initial residual = 0.00045149457, Final residual = 4.4113667e-06, No Iterations 29
DICPCG:  Solving for p, Initial residual = 2.3431644e-05, Final residual = 2.3100862e-07, No Iterations 309
DICPCG:  Solving for p, Initial residual = 8.5741399e-06, Final residual = 8.4455689e-08, No Iterations 42
DICPCG:  Solving for p, Initial residual = 3.9562251e-06, Final residual = 3.9132795e-08, No Iterations 283
time step continuity errors : sum local = 5.8669167e-10, global = 1.3874009e-12, cumulative = 3.6608523e-07
ExecutionTime = 115.96 s  ClockTime = 116 s

surfaceFieldValue flowRateTM write:
    sum(outlet_tm) of phi = 2.507929e-11

surfaceFieldValue flowRateTM_left write:
    sum(outlet_tm_left) of phi = 2.492071e-11

surfaceFieldValue pressureACinlet write:
    areaAverage(ac_inlet) of p = 3.872145

Time = 121

smoothSolver:  Solving for Ux, Initial residual = 3.1618914e-08, Final residual = 4.0556507e-09, No Iterations 1
smoothSolver:  Solving for Uy, Initial residual = 1.4957727e-08, Final residual = 1.9530004e-09, No Iterations 1
DICPCG:  Solving for p, Initial residual = 0.00044465258, Final residual = 4.2605985e-06, No Iterations 29
DICPCG:  Solving for p, Initial residual = 2.3098743e-05, Final residual = 2.2832592e-07, No Iterations 309
DICPCG:  Solving for p, Initial residual = 8.3914913e-06, Final residual = 8.1988607e-08, No Iterations 38
DICPCG:  Solving for p, Initial residual = 3.8529662e-06, Final residual = 3.6898428e-08, No Iterations 277
time step continuity errors : sum local = 5.6923281e-10, global = 2.5962603e-12, cumulative = 3.6608783e-07
ExecutionTime = 116.53 s  ClockTime = 117 s

Time = 122

smoothSolver:  Solving for Ux, Initial residual = 3.0990341e-08, Final residual = 4.014166e-09, No Iterations 1
smoothSolver:  Solving for Uy, Initial residual = 1.4683969e-08, Final residual = 1.9334086e-09, No Iterations 1
DICPCG:  Solving for p, Initial residual = 0.00043812339, Final residual = 4.1877313e-06, No Iterations 29
DICPCG:  Solving for p, Initial residual = 2.290804e-05, Final residual = 2.2552818e-07, No Iterations 309
DICPCG:  Solving for p, Initial residual = 8.2017742e-06, Final residual = 7.7571965e-08, No Iterations 38
DICPCG:  Solving for p, Initial residual = 3.8110247e-06, Final residual = 3.7236752e-08, No Iterations 277
time step continuity errors : sum local = 5.7280231e-10, global = 3.6182366e-12, cumulative = 3.6609145e-07
ExecutionTime = 117.07 s  ClockTime = 117 s

Time = 123

smoothSolver:  Solving for Ux, Initial residual = 3.0433272e-08, Final residual = 3.9734529e-09, No Iterations 1
smoothSolver:  Solving for Uy, Initial residual = 1.439524e-08, Final residual = 1.9144781e-09, No Iterations 1
DICPCG:  Solving for p, Initial residual = 0.00043196271, Final residual = 4.1660359e-06, No Iterations 29
DICPCG:  Solving for p, Initial residual = 2.2755946e-05, Final residual = 2.2525714e-07, No Iterations 309
DICPCG:  Solving for p, Initial residual = 8.0382965e-06, Final residual = 7.6264408e-08, No Iterations 38
DICPCG:  Solving for p, Initial residual = 3.6950884e-06, Final residual = 3.684342e-08, No Iterations 277
time step continuity errors : sum local = 5.7013485e-10, global = 4.4848899e-12, cumulative = 3.6609593e-07
ExecutionTime = 117.59 s  ClockTime = 118 s

Time = 124

smoothSolver:  Solving for Ux, Initial residual = 2.9928563e-08, Final residual = 3.9333315e-09, No Iterations 1
smoothSolver:  Solving for Uy, Initial residual = 1.4109803e-08, Final residual = 1.8960402e-09, No Iterations 1
DICPCG:  Solving for p, Initial residual = 0.00042586049, Final residual = 4.1537323e-06, No Iterations 29
DICPCG:  Solving for p, Initial residual = 2.2453792e-05, Final residual = 2.235872e-07, No Iterations 310
DICPCG:  Solving for p, Initial residual = 7.8332271e-06, Final residual = 7.7817069e-08, No Iterations 37
DICPCG:  Solving for p, Initial residual = 3.5390207e-06, Final residual = 3.5300409e-08, No Iterations 277
time step continuity errors : sum local = 5.6307893e-10, global = 5.2204672e-12, cumulative = 3.6610115e-07
ExecutionTime = 118.13 s  ClockTime = 118 s

Time = 125

smoothSolver:  Solving for Ux, Initial residual = 2.9461353e-08, Final residual = 3.8937303e-09, No Iterations 1
smoothSolver:  Solving for Uy, Initial residual = 1.387168e-08, Final residual = 1.8780027e-09, No Iterations 1
DICPCG:  Solving for p, Initial residual = 0.0004198099, Final residual = 4.1059361e-06, No Iterations 29
DICPCG:  Solving for p, Initial residual = 2.1527462e-05, Final residual = 2.0389133e-07, No Iterations 311
DICPCG:  Solving for p, Initial residual = 7.5640347e-06, Final residual = 7.5365826e-08, No Iterations 37
DICPCG:  Solving for p, Initial residual = 3.4102049e-06, Final residual = 3.24714e-08, No Iterations 277
time step continuity errors : sum local = 5.4311273e-10, global = 5.8421895e-12, cumulative = 3.6610699e-07
ExecutionTime = 118.72 s  ClockTime = 119 s

Time = 126

smoothSolver:  Solving for Ux, Initial residual = 2.9052612e-08, Final residual = 3.8549783e-09, No Iterations 1
smoothSolver:  Solving for Uy, Initial residual = 1.367084e-08, Final residual = 1.8601439e-09, No Iterations 1
DICPCG:  Solving for p, Initial residual = 0.0004138669, Final residual = 4.0014743e-06, No Iterations 29
DICPCG:  Solving for p, Initial residual = 2.0533103e-05, Final residual = 2.0033977e-07, No Iterations 311
DICPCG:  Solving for p, Initial residual = 7.3337895e-06, Final residual = 7.1644629e-08, No Iterations 38
DICPCG:  Solving for p, Initial residual = 3.2873822e-06, Final residual = 3.1859295e-08, No Iterations 284
time step continuity errors : sum local = 5.4547534e-10, global = 6.36603e-12, cumulative = 3.6611336e-07
ExecutionTime = 119.29 s  ClockTime = 119 s

Time = 127

smoothSolver:  Solving for Ux, Initial residual = 2.8686842e-08, Final residual = 3.816988e-09, No Iterations 1
smoothSolver:  Solving for Uy, Initial residual = 1.3519532e-08, Final residual = 1.842294e-09, No Iterations 1
DICPCG:  Solving for p, Initial residual = 0.00040808873, Final residual = 3.8562684e-06, No Iterations 29
DICPCG:  Solving for p, Initial residual = 2.0305679e-05, Final residual = 1.9424069e-07, No Iterations 311
DICPCG:  Solving for p, Initial residual = 7.1498844e-06, Final residual = 7.0969172e-08, No Iterations 38
DICPCG:  Solving for p, Initial residual = 3.1449208e-06, Final residual = 3.0926203e-08, No Iterations 286
time step continuity errors : sum local = 5.4143549e-10, global = 6.8067069e-12, cumulative = 3.6612017e-07
ExecutionTime = 119.85 s  ClockTime = 120 s

Time = 128

smoothSolver:  Solving for Ux, Initial residual = 2.8308091e-08, Final residual = 3.779797e-09, No Iterations 1
smoothSolver:  Solving for Uy, Initial residual = 1.3352613e-08, Final residual = 1.8244068e-09, No Iterations 1
DICPCG:  Solving for p, Initial residual = 0.00040256786, Final residual = 4.0189012e-06, No Iterations 28
DICPCG:  Solving for p, Initial residual = 2.0266317e-05, Final residual = 2.0122555e-07, No Iterations 310
DICPCG:  Solving for p, Initial residual = 7.001633e-06, Final residual = 6.9569808e-08, No Iterations 41
DICPCG:  Solving for p, Initial residual = 3.0706703e-06, Final residual = 2.7542495e-08, No Iterations 287
time step continuity errors : sum local = 5.2016856e-10, global = 7.1778166e-12, cumulative = 3.6612734e-07
ExecutionTime = 120.41 s  ClockTime = 120 s

Time = 129

smoothSolver:  Solving for Ux, Initial residual = 2.7926421e-08, Final residual = 3.7432708e-09, No Iterations 1
smoothSolver:  Solving for Uy, Initial residual = 1.3180956e-08, Final residual = 1.8066199e-09, No Iterations 1
DICPCG:  Solving for p, Initial residual = 0.00039735878, Final residual = 3.86776e-06, No Iterations 28
DICPCG:  Solving for p, Initial residual = 1.9916068e-05, Final residual = 1.8519651e-07, No Iterations 310
DICPCG:  Solving for p, Initial residual = 6.8657945e-06, Final residual = 6.8304758e-08, No Iterations 41
DICPCG:  Solving for p, Initial residual = 2.9917915e-06, Final residual = 2.7080946e-08, No Iterations 288
time step continuity errors : sum local = 5.2043812e-10, global = 7.4926296e-12, cumulative = 3.6613484e-07
ExecutionTime = 120.99 s  ClockTime = 121 s

Time = 130

smoothSolver:  Solving for Ux, Initial residual = 2.7546268e-08, Final residual = 3.7073092e-09, No Iterations 1
smoothSolver:  Solving for Uy, Initial residual = 1.3007401e-08, Final residual = 1.7890657e-09, No Iterations 1
DICPCG:  Solving for p, Initial residual = 0.00039226242, Final residual = 3.7762392e-06, No Iterations 28
DICPCG:  Solving for p, Initial residual = 1.9394848e-05, Final residual = 1.8501573e-07, No Iterations 311
DICPCG:  Solving for p, Initial residual = 6.6100476e-06, Final residual = 6.2411281e-08, No Iterations 42
DICPCG:  Solving for p, Initial residual = 2.8924976e-06, Final residual = 2.8012162e-08, No Iterations 286
time step continuity errors : sum local = 5.2457446e-10, global = 7.7630125e-12, cumulative = 3.661426e-07
ExecutionTime = 121.55 s  ClockTime = 122 s

surfaceFieldValue flowRateTM write:
    sum(outlet_tm) of phi = 2.5079291e-11

surfaceFieldValue flowRateTM_left write:
    sum(outlet_tm_left) of phi = 2.4920711e-11

surfaceFieldValue pressureACinlet write:
    areaAverage(ac_inlet) of p = 3.872145

Time = 131

smoothSolver:  Solving for Ux, Initial residual = 2.7170136e-08, Final residual = 3.6716678e-09, No Iterations 1
smoothSolver:  Solving for Uy, Initial residual = 1.2847788e-08, Final residual = 1.7718594e-09, No Iterations 1
DICPCG:  Solving for p, Initial residual = 0.00038719772, Final residual = 3.7122427e-06, No Iterations 28
DICPCG:  Solving for p, Initial residual = 1.8919166e-05, Final residual = 1.8018338e-07, No Iterations 311
DICPCG:  Solving for p, Initial residual = 6.5051419e-06, Final residual = 6.4625127e-08, No Iterations 48
DICPCG:  Solving for p, Initial residual = 2.8452338e-06, Final residual = 2.6452565e-08, No Iterations 284
time step continuity errors : sum local = 5.1361613e-10, global = 7.9981605e-12, cumulative = 3.661506e-07
ExecutionTime = 122.1 s  ClockTime = 122 s

Time = 132

smoothSolver:  Solving for Ux, Initial residual = 2.6828006e-08, Final residual = 3.6364336e-09, No Iterations 1
smoothSolver:  Solving for Uy, Initial residual = 1.2710578e-08, Final residual = 1.7550338e-09, No Iterations 1
DICPCG:  Solving for p, Initial residual = 0.00038201458, Final residual = 3.655584e-06, No Iterations 28
DICPCG:  Solving for p, Initial residual = 1.8519862e-05, Final residual = 1.8166311e-07, No Iterations 310
DICPCG:  Solving for p, Initial residual = 6.4523788e-06, Final residual = 6.2507463e-08, No Iterations 62
DICPCG:  Solving for p, Initial residual = 2.8511626e-06, Final residual = 2.7657748e-08, No Iterations 269
time step continuity errors : sum local = 5.1137231e-10, global = 8.2052526e-12, cumulative = 3.661588e-07
ExecutionTime = 122.65 s  ClockTime = 123 s

Time = 133

smoothSolver:  Solving for Ux, Initial residual = 2.6518396e-08, Final residual = 3.601658e-09, No Iterations 1
smoothSolver:  Solving for Uy, Initial residual = 1.2579917e-08, Final residual = 1.7384776e-09, No Iterations 1
DICPCG:  Solving for p, Initial residual = 0.00037682697, Final residual = 3.5977515e-06, No Iterations 28
DICPCG:  Solving for p, Initial residual = 1.8219336e-05, Final residual = 1.8035604e-07, No Iterations 310
DICPCG:  Solving for p, Initial residual = 6.3987078e-06, Final residual = 6.2046316e-08, No Iterations 62
DICPCG:  Solving for p, Initial residual = 2.8014593e-06, Final residual = 2.5634067e-08, No Iterations 268
time step continuity errors : sum local = 4.946194e-10, global = 8.3899806e-12, cumulative = 3.6616719e-07
ExecutionTime = 123.19 s  ClockTime = 123 s

Time = 134

smoothSolver:  Solving for Ux, Initial residual = 2.6221998e-08, Final residual = 3.5673195e-09, No Iterations 1
smoothSolver:  Solving for Uy, Initial residual = 1.2444555e-08, Final residual = 1.7221724e-09, No Iterations 1
DICPCG:  Solving for p, Initial residual = 0.00037171932, Final residual = 3.7104222e-06, No Iterations 27
DICPCG:  Solving for p, Initial residual = 1.8039289e-05, Final residual = 1.7211879e-07, No Iterations 312
DICPCG:  Solving for p, Initial residual = 6.3469112e-06, Final residual = 6.1100316e-08, No Iterations 48
DICPCG:  Solving for p, Initial residual = 2.7963577e-06, Final residual = 2.7242295e-08, No Iterations 282
time step continuity errors : sum local = 5.1411837e-10, global = 8.5552024e-12, cumulative = 3.6617575e-07
ExecutionTime = 123.74 s  ClockTime = 124 s

Time = 135

smoothSolver:  Solving for Ux, Initial residual = 2.5938854e-08, Final residual = 3.5336523e-09, No Iterations 1
smoothSolver:  Solving for Uy, Initial residual = 1.2309586e-08, Final residual = 1.7061625e-09, No Iterations 1
DICPCG:  Solving for p, Initial residual = 0.00036684775, Final residual = 3.6138498e-06, No Iterations 27
DICPCG:  Solving for p, Initial residual = 1.7755767e-05, Final residual = 1.6758621e-07, No Iterations 312
DICPCG:  Solving for p, Initial residual = 6.3069799e-06, Final residual = 6.196688e-08, No Iterations 43
DICPCG:  Solving for p, Initial residual = 2.8100268e-06, Final residual = 2.770929e-08, No Iterations 278
time step continuity errors : sum local = 5.2369123e-10, global = 8.7035194e-12, cumulative = 3.6618445e-07
ExecutionTime = 124.27 s  ClockTime = 124 s

Time = 136

smoothSolver:  Solving for Ux, Initial residual = 2.5668815e-08, Final residual = 3.5005742e-09, No Iterations 1
smoothSolver:  Solving for Uy, Initial residual = 1.2179451e-08, Final residual = 1.6904272e-09, No Iterations 1
DICPCG:  Solving for p, Initial residual = 0.00036205506, Final residual = 3.5114798e-06, No Iterations 27
DICPCG:  Solving for p, Initial residual = 1.7349749e-05, Final residual = 1.6704214e-07, No Iterations 312
DICPCG:  Solving for p, Initial residual = 6.1756449e-06, Final residual = 6.1367747e-08, No Iterations 43
DICPCG:  Solving for p, Initial residual = 2.7542818e-06, Final residual = 2.6499363e-08, No Iterations 284
time step continuity errors : sum local = 5.1408637e-10, global = 8.836103e-12, cumulative = 3.6619329e-07
ExecutionTime = 124.83 s  ClockTime = 125 s

Time = 137

smoothSolver:  Solving for Ux, Initial residual = 2.5407693e-08, Final residual = 3.4678888e-09, No Iterations 1
smoothSolver:  Solving for Uy, Initial residual = 1.2053239e-08, Final residual = 1.6749788e-09, No Iterations 1
DICPCG:  Solving for p, Initial residual = 0.00035718475, Final residual = 3.4084914e-06, No Iterations 27
DICPCG:  Solving for p, Initial residual = 1.7026106e-05, Final residual = 1.6597898e-07, No Iterations 312
DICPCG:  Solving for p, Initial residual = 6.1196957e-06, Final residual = 6.1082487e-08, No Iterations 44
DICPCG:  Solving for p, Initial residual = 2.7206081e-06, Final residual = 2.6584405e-08, No Iterations 284
time step continuity errors : sum local = 5.1034529e-10, global = 8.9543132e-12, cumulative = 3.6620224e-07
ExecutionTime = 125.36 s  ClockTime = 125 s

Time = 138

smoothSolver:  Solving for Ux, Initial residual = 2.5151732e-08, Final residual = 3.4356638e-09, No Iterations 1
smoothSolver:  Solving for Uy, Initial residual = 1.1931532e-08, Final residual = 1.6596847e-09, No Iterations 1
DICPCG:  Solving for p, Initial residual = 0.00035231281, Final residual = 3.317009e-06, No Iterations 27
DICPCG:  Solving for p, Initial residual = 1.6927855e-05, Final residual = 1.6613441e-07, No Iterations 310
DICPCG:  Solving for p, Initial residual = 6.1556563e-06, Final residual = 6.0438038e-08, No Iterations 47
DICPCG:  Solving for p, Initial residual = 2.7774224e-06, Final residual = 2.7472251e-08, No Iterations 283
time step continuity errors : sum local = 5.234966e-10, global = 9.0594272e-12, cumulative = 3.662113e-07
ExecutionTime = 125.91 s  ClockTime = 126 s

Time = 139

smoothSolver:  Solving for Ux, Initial residual = 2.4903471e-08, Final residual = 3.4039282e-09, No Iterations 1
smoothSolver:  Solving for Uy, Initial residual = 1.1816782e-08, Final residual = 1.6445228e-09, No Iterations 1
DICPCG:  Solving for p, Initial residual = 0.00034762098, Final residual = 3.246811e-06, No Iterations 27
DICPCG:  Solving for p, Initial residual = 1.6904068e-05, Final residual = 1.638089e-07, No Iterations 312
DICPCG:  Solving for p, Initial residual = 6.1598268e-06, Final residual = 6.1097684e-08, No Iterations 47
DICPCG:  Solving for p, Initial residual = 2.7925361e-06, Final residual = 2.6857455e-08, No Iterations 284
time step continuity errors : sum local = 5.1407896e-10, global = 9.1525146e-12, cumulative = 3.6622045e-07
ExecutionTime = 126.46 s  ClockTime = 126 s

Time = 140

smoothSolver:  Solving for Ux, Initial residual = 2.465553e-08, Final residual = 3.3725753e-09, No Iterations 1
smoothSolver:  Solving for Uy, Initial residual = 1.1703817e-08, Final residual = 1.6296108e-09, No Iterations 1
DICPCG:  Solving for p, Initial residual = 0.00034312739, Final residual = 3.1995584e-06, No Iterations 27
DICPCG:  Solving for p, Initial residual = 1.6775945e-05, Final residual = 1.6574102e-07, No Iterations 312
DICPCG:  Solving for p, Initial residual = 6.1103383e-06, Final residual = 6.10669e-08, No Iterations 45
DICPCG:  Solving for p, Initial residual = 2.7646279e-06, Final residual = 2.5791721e-08, No Iterations 283
time step continuity errors : sum local = 5.1390428e-10, global = 9.2358842e-12, cumulative = 3.6622969e-07
ExecutionTime = 127.02 s  ClockTime = 127 s

surfaceFieldValue flowRateTM write:
    sum(outlet_tm) of phi = 2.5079291e-11

surfaceFieldValue flowRateTM_left write:
    sum(outlet_tm_left) of phi = 2.4920711e-11

surfaceFieldValue pressureACinlet write:
    areaAverage(ac_inlet) of p = 3.872145

Time = 141

smoothSolver:  Solving for Ux, Initial residual = 2.4409637e-08, Final residual = 3.3418114e-09, No Iterations 1
smoothSolver:  Solving for Uy, Initial residual = 1.1594615e-08, Final residual = 1.6151875e-09, No Iterations 1
DICPCG:  Solving for p, Initial residual = 0.00033871611, Final residual = 3.1784864e-06, No Iterations 27
DICPCG:  Solving for p, Initial residual = 1.680088e-05, Final residual = 1.6666631e-07, No Iterations 310
DICPCG:  Solving for p, Initial residual = 6.0400198e-06, Final residual = 6.0217215e-08, No Iterations 47
DICPCG:  Solving for p, Initial residual = 2.7520771e-06, Final residual = 2.618737e-08, No Iterations 285
time step continuity errors : sum local = 5.1402403e-10, global = 9.3103743e-12, cumulative = 3.66239e-07
ExecutionTime = 127.6 s  ClockTime = 128 s

Time = 142

smoothSolver:  Solving for Ux, Initial residual = 2.4167415e-08, Final residual = 3.3114608e-09, No Iterations 1
smoothSolver:  Solving for Uy, Initial residual = 1.1486897e-08, Final residual = 1.6010086e-09, No Iterations 1
DICPCG:  Solving for p, Initial residual = 0.00033444838, Final residual = 3.1617361e-06, No Iterations 27
DICPCG:  Solving for p, Initial residual = 1.6885049e-05, Final residual = 1.6237402e-07, No Iterations 312
DICPCG:  Solving for p, Initial residual = 6.1034228e-06, Final residual = 6.0905577e-08, No Iterations 43
DICPCG:  Solving for p, Initial residual = 2.8353424e-06, Final residual = 2.6984665e-08, No Iterations 284
time step continuity errors : sum local = 5.1382467e-10, global = 9.3778631e-12, cumulative = 3.6624838e-07
ExecutionTime = 128.2 s  ClockTime = 128 s

Time = 143

smoothSolver:  Solving for Ux, Initial residual = 2.3929494e-08, Final residual = 3.2815285e-09, No Iterations 1
smoothSolver:  Solving for Uy, Initial residual = 1.1381985e-08, Final residual = 1.5870679e-09, No Iterations 1
DICPCG:  Solving for p, Initial residual = 0.00033033352, Final residual = 3.1270483e-06, No Iterations 27
DICPCG:  Solving for p, Initial residual = 1.6835142e-05, Final residual = 1.6398107e-07, No Iterations 310
DICPCG:  Solving for p, Initial residual = 6.0693169e-06, Final residual = 5.8860751e-08, No Iterations 47
DICPCG:  Solving for p, Initial residual = 2.8516832e-06, Final residual = 2.7325343e-08, No Iterations 286
time step continuity errors : sum local = 5.1616813e-10, global = 9.4399787e-12, cumulative = 3.6625782e-07
ExecutionTime = 128.78 s  ClockTime = 129 s

Time = 144

smoothSolver:  Solving for Ux, Initial residual = 2.3702362e-08, Final residual = 3.2520373e-09, No Iterations 1
smoothSolver:  Solving for Uy, Initial residual = 1.1280828e-08, Final residual = 1.5733257e-09, No Iterations 1
DICPCG:  Solving for p, Initial residual = 0.00032628876, Final residual = 3.0709029e-06, No Iterations 27
DICPCG:  Solving for p, Initial residual = 1.6803883e-05, Final residual = 1.6690891e-07, No Iterations 310
DICPCG:  Solving for p, Initial residual = 6.0863301e-06, Final residual = 5.9312134e-08, No Iterations 47
DICPCG:  Solving for p, Initial residual = 2.85505e-06, Final residual = 2.6247037e-08, No Iterations 289
time step continuity errors : sum local = 5.0950241e-10, global = 9.4972123e-12, cumulative = 3.6626732e-07
ExecutionTime = 129.31 s  ClockTime = 129 s

Time = 145

smoothSolver:  Solving for Ux, Initial residual = 2.3481078e-08, Final residual = 3.222999e-09, No Iterations 1
smoothSolver:  Solving for Uy, Initial residual = 1.1180145e-08, Final residual = 1.5597084e-09, No Iterations 1
DICPCG:  Solving for p, Initial residual = 0.00032231671, Final residual = 2.998855e-06, No Iterations 27
DICPCG:  Solving for p, Initial residual = 1.6738077e-05, Final residual = 1.6115869e-07, No Iterations 310
DICPCG:  Solving for p, Initial residual = 6.1175867e-06, Final residual = 5.9497662e-08, No Iterations 47
DICPCG:  Solving for p, Initial residual = 2.9118353e-06, Final residual = 2.8051335e-08, No Iterations 288
time step continuity errors : sum local = 5.3026951e-10, global = 9.5510051e-12, cumulative = 3.6627687e-07
ExecutionTime = 129.88 s  ClockTime = 130 s

Time = 146

smoothSolver:  Solving for Ux, Initial residual = 2.3264015e-08, Final residual = 3.1944452e-09, No Iterations 1
smoothSolver:  Solving for Uy, Initial residual = 1.1080514e-08, Final residual = 1.5462133e-09, No Iterations 1
DICPCG:  Solving for p, Initial residual = 0.0003184474, Final residual = 3.1454016e-06, No Iterations 26
DICPCG:  Solving for p, Initial residual = 1.6542496e-05, Final residual = 1.5981758e-07, No Iterations 311
DICPCG:  Solving for p, Initial residual = 6.3061879e-06, Final residual = 6.1618044e-08, No Iterations 44
DICPCG:  Solving for p, Initial residual = 2.9622814e-06, Final residual = 2.8947054e-08, No Iterations 285
time step continuity errors : sum local = 5.3184623e-10, global = 9.6016704e-12, cumulative = 3.6628647e-07
ExecutionTime = 130.47 s  ClockTime = 130 s

Time = 147

smoothSolver:  Solving for Ux, Initial residual = 2.3049396e-08, Final residual = 3.1664717e-09, No Iterations 1
smoothSolver:  Solving for Uy, Initial residual = 1.0981724e-08, Final residual = 1.5328163e-09, No Iterations 1
DICPCG:  Solving for p, Initial residual = 0.00031466075, Final residual = 3.0569019e-06, No Iterations 26
DICPCG:  Solving for p, Initial residual = 1.6132171e-05, Final residual = 1.5506751e-07, No Iterations 311
DICPCG:  Solving for p, Initial residual = 6.1953555e-06, Final residual = 5.9395378e-08, No Iterations 44
DICPCG:  Solving for p, Initial residual = 2.9675851e-06, Final residual = 2.9324041e-08, No Iterations 286
time step continuity errors : sum local = 5.3565367e-10, global = 9.6496212e-12, cumulative = 3.6629612e-07
ExecutionTime = 131.05 s  ClockTime = 131 s

Time = 148

smoothSolver:  Solving for Ux, Initial residual = 2.2838946e-08, Final residual = 3.1390766e-09, No Iterations 1
smoothSolver:  Solving for Uy, Initial residual = 1.0883624e-08, Final residual = 1.5194962e-09, No Iterations 1
DICPCG:  Solving for p, Initial residual = 0.00031096352, Final residual = 2.9798006e-06, No Iterations 26
DICPCG:  Solving for p, Initial residual = 1.5658896e-05, Final residual = 1.5113896e-07, No Iterations 312
DICPCG:  Solving for p, Initial residual = 5.7593375e-06, Final residual = 5.6179997e-08, No Iterations 47
DICPCG:  Solving for p, Initial residual = 2.6858644e-06, Final residual = 2.6699328e-08, No Iterations 285
time step continuity errors : sum local = 5.1708346e-10, global = 9.6950215e-12, cumulative = 3.6630581e-07
ExecutionTime = 131.64 s  ClockTime = 132 s

Time = 149

smoothSolver:  Solving for Ux, Initial residual = 2.2633159e-08, Final residual = 3.1121561e-09, No Iterations 1
smoothSolver:  Solving for Uy, Initial residual = 1.0787953e-08, Final residual = 1.5063128e-09, No Iterations 1
DICPCG:  Solving for p, Initial residual = 0.00030725305, Final residual = 2.9183055e-06, No Iterations 26
DICPCG:  Solving for p, Initial residual = 1.5263947e-05, Final residual = 1.4177056e-07, No Iterations 312
DICPCG:  Solving for p, Initial residual = 5.5346502e-06, Final residual = 5.5083438e-08, No Iterations 47
DICPCG:  Solving for p, Initial residual = 2.5701559e-06, Final residual = 2.5209907e-08, No Iterations 285
time step continuity errors : sum local = 5.0825487e-10, global = 9.7382308e-12, cumulative = 3.6631555e-07
ExecutionTime = 132.21 s  ClockTime = 132 s

Time = 150

smoothSolver:  Solving for Ux, Initial residual = 2.2430886e-08, Final residual = 3.0856406e-09, No Iterations 1
smoothSolver:  Solving for Uy, Initial residual = 1.0693919e-08, Final residual = 1.493297e-09, No Iterations 1
DICPCG:  Solving for p, Initial residual = 0.00030347952, Final residual = 2.8742021e-06, No Iterations 26
DICPCG:  Solving for p, Initial residual = 1.4947321e-05, Final residual = 1.4648754e-07, No Iterations 311
DICPCG:  Solving for p, Initial residual = 5.4943409e-06, Final residual = 5.1858303e-08, No Iterations 48
DICPCG:  Solving for p, Initial residual = 2.6284464e-06, Final residual = 2.5490559e-08, No Iterations 274
time step continuity errors : sum local = 5.0209503e-10, global = 9.7795276e-12, cumulative = 3.6632533e-07
ExecutionTime = 132.85 s  ClockTime = 133 s

surfaceFieldValue flowRateTM write:
    sum(outlet_tm) of phi = 2.5079291e-11

surfaceFieldValue flowRateTM_left write:
    sum(outlet_tm_left) of phi = 2.4920711e-11

surfaceFieldValue pressureACinlet write:
    areaAverage(ac_inlet) of p = 3.872145

Time = 151

smoothSolver:  Solving for Ux, Initial residual = 2.2230294e-08, Final residual = 3.0594058e-09, No Iterations 1
smoothSolver:  Solving for Uy, Initial residual = 1.060067e-08, Final residual = 1.4805159e-09, No Iterations 1
DICPCG:  Solving for p, Initial residual = 0.00029969695, Final residual = 2.8439546e-06, No Iterations 26
DICPCG:  Solving for p, Initial residual = 1.4764485e-05, Final residual = 1.4298977e-07, No Iterations 309
DICPCG:  Solving for p, Initial residual = 5.3487107e-06, Final residual = 5.0137462e-08, No Iterations 48
DICPCG:  Solving for p, Initial residual = 2.5978216e-06, Final residual = 2.5136185e-08, No Iterations 286
time step continuity errors : sum local = 5.1293406e-10, global = 9.8189194e-12, cumulative = 3.6633515e-07
ExecutionTime = 133.43 s  ClockTime = 133 s

Time = 152

smoothSolver:  Solving for Ux, Initial residual = 2.2034691e-08, Final residual = 3.0332302e-09, No Iterations 1
smoothSolver:  Solving for Uy, Initial residual = 1.0509997e-08, Final residual = 1.4680586e-09, No Iterations 1
DICPCG:  Solving for p, Initial residual = 0.00029615071, Final residual = 2.8110341e-06, No Iterations 26
DICPCG:  Solving for p, Initial residual = 1.4596608e-05, Final residual = 1.4374055e-07, No Iterations 309
DICPCG:  Solving for p, Initial residual = 5.2968446e-06, Final residual = 5.2330629e-08, No Iterations 47
DICPCG:  Solving for p, Initial residual = 2.6007012e-06, Final residual = 2.4211587e-08, No Iterations 286
time step continuity errors : sum local = 5.0397976e-10, global = 9.8569388e-12, cumulative = 3.6634501e-07
ExecutionTime = 133.97 s  ClockTime = 134 s

Time = 153

smoothSolver:  Solving for Ux, Initial residual = 2.1839749e-08, Final residual = 3.0073938e-09, No Iterations 1
smoothSolver:  Solving for Uy, Initial residual = 1.0417705e-08, Final residual = 1.4557965e-09, No Iterations 1
DICPCG:  Solving for p, Initial residual = 0.0002926552, Final residual = 2.778965e-06, No Iterations 26
DICPCG:  Solving for p, Initial residual = 1.454301e-05, Final residual = 1.3127155e-07, No Iterations 309
DICPCG:  Solving for p, Initial residual = 5.2554411e-06, Final residual = 4.9885077e-08, No Iterations 48
DICPCG:  Solving for p, Initial residual = 2.5700474e-06, Final residual = 2.5631403e-08, No Iterations 35
time step continuity errors : sum local = 2.9700986e-10, global = 9.8914237e-12, cumulative = 3.663549e-07
ExecutionTime = 134.36 s  ClockTime = 134 s

Time = 154

smoothSolver:  Solving for Ux, Initial residual = 2.1642732e-08, Final residual = 2.9817835e-09, No Iterations 1
smoothSolver:  Solving for Uy, Initial residual = 1.0324415e-08, Final residual = 1.4437332e-09, No Iterations 1
DICPCG:  Solving for p, Initial residual = 0.00028919709, Final residual = 2.7734471e-06, No Iterations 26
DICPCG:  Solving for p, Initial residual = 1.4699235e-05, Final residual = 1.4225283e-07, No Iterations 309
DICPCG:  Solving for p, Initial residual = 5.322529e-06, Final residual = 5.2026525e-08, No Iterations 47
DICPCG:  Solving for p, Initial residual = 2.6291032e-06, Final residual = 2.6004222e-08, No Iterations 35
time step continuity errors : sum local = 2.9930592e-10, global = 9.9272367e-12, cumulative = 3.6636483e-07
ExecutionTime = 134.77 s  ClockTime = 135 s

Time = 155

smoothSolver:  Solving for Ux, Initial residual = 2.1453212e-08, Final residual = 2.9565568e-09, No Iterations 1
smoothSolver:  Solving for Uy, Initial residual = 1.0234649e-08, Final residual = 1.4318127e-09, No Iterations 1
DICPCG:  Solving for p, Initial residual = 0.00028578138, Final residual = 2.7699584e-06, No Iterations 26
DICPCG:  Solving for p, Initial residual = 1.4724952e-05, Final residual = 1.3967821e-07, No Iterations 309
DICPCG:  Solving for p, Initial residual = 5.4092574e-06, Final residual = 5.3077866e-08, No Iterations 37
DICPCG:  Solving for p, Initial residual = 2.6746737e-06, Final residual = 2.6506218e-08, No Iterations 290
time step continuity errors : sum local = 5.1150113e-10, global = 9.96444e-12, cumulative = 3.6637479e-07
ExecutionTime = 135.31 s  ClockTime = 135 s

Time = 156

smoothSolver:  Solving for Ux, Initial residual = 2.12726e-08, Final residual = 2.9318263e-09, No Iterations 1
smoothSolver:  Solving for Uy, Initial residual = 1.01492e-08, Final residual = 1.4199431e-09, No Iterations 1
DICPCG:  Solving for p, Initial residual = 0.00028256242, Final residual = 2.7352591e-06, No Iterations 26
DICPCG:  Solving for p, Initial residual = 1.4487168e-05, Final residual = 1.3684187e-07, No Iterations 309
DICPCG:  Solving for p, Initial residual = 5.3141711e-06, Final residual = 5.3132039e-08, No Iterations 35
DICPCG:  Solving for p, Initial residual = 2.5185235e-06, Final residual = 2.4647184e-08, No Iterations 277
time step continuity errors : sum local = 4.9436992e-10, global = 9.9980131e-12, cumulative = 3.6638479e-07
ExecutionTime = 135.83 s  ClockTime = 136 s

Time = 157

smoothSolver:  Solving for Ux, Initial residual = 2.1084234e-08, Final residual = 2.9075291e-09, No Iterations 1
smoothSolver:  Solving for Uy, Initial residual = 1.0066262e-08, Final residual = 1.4081761e-09, No Iterations 1
DICPCG:  Solving for p, Initial residual = 0.00027933368, Final residual = 2.6756229e-06, No Iterations 26
DICPCG:  Solving for p, Initial residual = 1.4426106e-05, Final residual = 1.4164556e-07, No Iterations 310
DICPCG:  Solving for p, Initial residual = 5.15259e-06, Final residual = 4.9462774e-08, No Iterations 60
DICPCG:  Solving for p, Initial residual = 2.497829e-06, Final residual = 2.1428756e-08, No Iterations 257
time step continuity errors : sum local = 4.7176797e-10, global = 1.0030212e-11, cumulative = 3.6639482e-07
ExecutionTime = 136.43 s  ClockTime = 136 s

Time = 158

smoothSolver:  Solving for Ux, Initial residual = 2.0908153e-08, Final residual = 2.88381e-09, No Iterations 1
smoothSolver:  Solving for Uy, Initial residual = 9.9867197e-09, Final residual = 9.9867197e-09, No Iterations 0
DICPCG:  Solving for p, Initial residual = 0.00030277005, Final residual = 3.0008218e-06, No Iterations 87
DICPCG:  Solving for p, Initial residual = 8.8756557e-05, Final residual = 8.6862383e-07, No Iterations 49
DICPCG:  Solving for p, Initial residual = 1.3720568e-05, Final residual = 1.3259005e-07, No Iterations 302
DICPCG:  Solving for p, Initial residual = 7.4821502e-06, Final residual = 7.4797599e-08, No Iterations 276
time step continuity errors : sum local = 8.1758873e-10, global = 9.9607114e-12, cumulative = 3.6640478e-07
ExecutionTime = 137 s  ClockTime = 137 s

Time = 159

smoothSolver:  Solving for Ux, Initial residual = 1.9955202e-08, Final residual = 2.7360311e-09, No Iterations 1
smoothSolver:  Solving for Uy, Initial residual = 1.0715299e-08, Final residual = 1.5015405e-09, No Iterations 1
DICPCG:  Solving for p, Initial residual = 0.00028078868, Final residual = 2.7466849e-06, No Iterations 73
DICPCG:  Solving for p, Initial residual = 3.9013887e-05, Final residual = 3.8549364e-07, No Iterations 67
DICPCG:  Solving for p, Initial residual = 7.6297837e-06, Final residual = 7.5632021e-08, No Iterations 263
DICPCG:  Solving for p, Initial residual = 4.2500635e-06, Final residual = 4.090448e-08, No Iterations 31
time step continuity errors : sum local = 4.107658e-10, global = 1.0016866e-11, cumulative = 3.664148e-07
ExecutionTime = 137.41 s  ClockTime = 137 s

Time = 160

smoothSolver:  Solving for Ux, Initial residual = 1.9614301e-08, Final residual = 2.6683946e-09, No Iterations 1
smoothSolver:  Solving for Uy, Initial residual = 1.0940103e-08, Final residual = 1.5248873e-09, No Iterations 1
DICPCG:  Solving for p, Initial residual = 0.00029133596, Final residual = 2.8883627e-06, No Iterations 56
DICPCG:  Solving for p, Initial residual = 3.3750147e-05, Final residual = 3.1126004e-07, No Iterations 286
DICPCG:  Solving for p, Initial residual = 7.7769789e-06, Final residual = 7.7394868e-08, No Iterations 85
DICPCG:  Solving for p, Initial residual = 3.495845e-06, Final residual = 3.3280138e-08, No Iterations 275
time step continuity errors : sum local = 5.4766562e-10, global = 1.0074219e-11, cumulative = 3.6642487e-07
ExecutionTime = 138.18 s  ClockTime = 138 s

surfaceFieldValue flowRateTM write:
    sum(outlet_tm) of phi = 2.5079291e-11

surfaceFieldValue flowRateTM_left write:
    sum(outlet_tm_left) of phi = 2.4920711e-11

surfaceFieldValue pressureACinlet write:
    areaAverage(ac_inlet) of p = 3.872145

Time = 161

smoothSolver:  Solving for Ux, Initial residual = 1.9505154e-08, Final residual = 2.6777862e-09, No Iterations 1
smoothSolver:  Solving for Uy, Initial residual = 1.0642379e-08, Final residual = 1.487766e-09, No Iterations 1
DICPCG:  Solving for p, Initial residual = 0.00029519312, Final residual = 2.8924381e-06, No Iterations 87
DICPCG:  Solving for p, Initial residual = 6.1140661e-05, Final residual = 5.7859105e-07, No Iterations 284
DICPCG:  Solving for p, Initial residual = 1.1229831e-05, Final residual = 1.1182794e-07, No Iterations 284
DICPCG:  Solving for p, Initial residual = 4.9767324e-06, Final residual = 4.7502495e-08, No Iterations 102
time step continuity errors : sum local = 5.1760685e-10, global = 1.0131076e-11, cumulative = 3.66435e-07
ExecutionTime = 138.96 s  ClockTime = 139 s

Time = 162

smoothSolver:  Solving for Ux, Initial residual = 1.9761106e-08, Final residual = 2.7342363e-09, No Iterations 1
smoothSolver:  Solving for Uy, Initial residual = 1.0107143e-08, Final residual = 1.4139198e-09, No Iterations 1
DICPCG:  Solving for p, Initial residual = 0.00028197733, Final residual = 2.8130189e-06, No Iterations 88
DICPCG:  Solving for p, Initial residual = 6.3542366e-05, Final residual = 6.1174041e-07, No Iterations 256
DICPCG:  Solving for p, Initial residual = 1.2394084e-05, Final residual = 1.2289748e-07, No Iterations 86
DICPCG:  Solving for p, Initial residual = 6.1714428e-06, Final residual = 5.8788504e-08, No Iterations 253
time step continuity errors : sum local = 6.9919152e-10, global = 1.0174865e-11, cumulative = 3.6644518e-07
ExecutionTime = 139.53 s  ClockTime = 140 s

Time = 163

smoothSolver:  Solving for Ux, Initial residual = 2.0439578e-08, Final residual = 2.7930511e-09, No Iterations 1
smoothSolver:  Solving for Uy, Initial residual = 9.6233547e-09, Final residual = 9.6233547e-09, No Iterations 0
DICPCG:  Solving for p, Initial residual = 0.00027550192, Final residual = 2.7002427e-06, No Iterations 77
DICPCG:  Solving for p, Initial residual = 5.2196894e-05, Final residual = 5.2009513e-07, No Iterations 66
DICPCG:  Solving for p, Initial residual = 9.2700572e-06, Final residual = 9.1655446e-08, No Iterations 292
DICPCG:  Solving for p, Initial residual = 4.9961069e-06, Final residual = 4.830608e-08, No Iterations 47
time step continuity errors : sum local = 4.7900026e-10, global = 1.0118412e-11, cumulative = 3.6645529e-07
ExecutionTime = 139.94 s  ClockTime = 140 s

Time = 164

smoothSolver:  Solving for Ux, Initial residual = 1.9510197e-08, Final residual = 2.6979475e-09, No Iterations 1
smoothSolver:  Solving for Uy, Initial residual = 9.8665397e-09, Final residual = 9.8665397e-09, No Iterations 0
DICPCG:  Solving for p, Initial residual = 0.00030520775, Final residual = 2.9273902e-06, No Iterations 102
DICPCG:  Solving for p, Initial residual = 0.00011049559, Final residual = 1.0943618e-06, No Iterations 25
DICPCG:  Solving for p, Initial residual = 1.5417684e-05, Final residual = 1.4737269e-07, No Iterations 301
DICPCG:  Solving for p, Initial residual = 8.5524552e-06, Final residual = 8.3287586e-08, No Iterations 287
time step continuity errors : sum local = 8.9248734e-10, global = 1.0050893e-11, cumulative = 3.6646534e-07
ExecutionTime = 140.51 s  ClockTime = 141 s

Time = 165

smoothSolver:  Solving for Ux, Initial residual = 1.8549641e-08, Final residual = 2.5180368e-09, No Iterations 1
smoothSolver:  Solving for Uy, Initial residual = 1.0880289e-08, Final residual = 1.5162125e-09, No Iterations 1
DICPCG:  Solving for p, Initial residual = 0.00025560907, Final residual = 2.5431278e-06, No Iterations 72
DICPCG:  Solving for p, Initial residual = 3.4257533e-05, Final residual = 3.2460005e-07, No Iterations 73
DICPCG:  Solving for p, Initial residual = 7.5078106e-06, Final residual = 7.4706091e-08, No Iterations 271
DICPCG:  Solving for p, Initial residual = 4.136664e-06, Final residual = 4.0666318e-08, No Iterations 267
time step continuity errors : sum local = 5.7895784e-10, global = 1.0120154e-11, cumulative = 3.6647546e-07
ExecutionTime = 141.06 s  ClockTime = 141 s

Time = 166

smoothSolver:  Solving for Ux, Initial residual = 1.8199273e-08, Final residual = 2.4594366e-09, No Iterations 1
smoothSolver:  Solving for Uy, Initial residual = 1.1075989e-08, Final residual = 1.5343858e-09, No Iterations 1
DICPCG:  Solving for p, Initial residual = 0.00027972796, Final residual = 2.6984386e-06, No Iterations 86
DICPCG:  Solving for p, Initial residual = 5.4912672e-05, Final residual = 5.3280659e-07, No Iterations 285
DICPCG:  Solving for p, Initial residual = 1.0454886e-05, Final residual = 1.0181492e-07, No Iterations 276
DICPCG:  Solving for p, Initial residual = 4.7030022e-06, Final residual = 4.5768637e-08, No Iterations 29
time step continuity errors : sum local = 4.478722e-10, global = 1.019901e-11, cumulative = 3.6648566e-07
ExecutionTime = 141.63 s  ClockTime = 142 s

Time = 167

smoothSolver:  Solving for Ux, Initial residual = 1.8191278e-08, Final residual = 2.5052486e-09, No Iterations 1
smoothSolver:  Solving for Uy, Initial residual = 1.0521741e-08, Final residual = 1.4671129e-09, No Iterations 1
DICPCG:  Solving for p, Initial residual = 0.00028907019, Final residual = 2.8078988e-06, No Iterations 100
DICPCG:  Solving for p, Initial residual = 9.1434556e-05, Final residual = 9.0373885e-07, No Iterations 268
DICPCG:  Solving for p, Initial residual = 1.5746213e-05, Final residual = 1.5617129e-07, No Iterations 288
DICPCG:  Solving for p, Initial residual = 7.3452358e-06, Final residual = 6.8653437e-08, No Iterations 60
time step continuity errors : sum local = 6.5044553e-10, global = 1.0267917e-11, cumulative = 3.6649593e-07
ExecutionTime = 142.23 s  ClockTime = 142 s

Time = 168

smoothSolver:  Solving for Ux, Initial residual = 1.9022144e-08, Final residual = 2.6103351e-09, No Iterations 1
smoothSolver:  Solving for Uy, Initial residual = 9.7337258e-09, Final residual = 9.7337258e-09, No Iterations 0
DICPCG:  Solving for p, Initial residual = 0.00023942438, Final residual = 2.2766513e-06, No Iterations 28
DICPCG:  Solving for p, Initial residual = 1.4682081e-05, Final residual = 1.4616421e-07, No Iterations 86
DICPCG:  Solving for p, Initial residual = 5.0902162e-06, Final residual = 4.9716397e-08, No Iterations 257
DICPCG:  Solving for p, Initial residual = 2.9419419e-06, Final residual = 2.8696909e-08, No Iterations 76
time step continuity errors : sum local = 3.6617151e-10, global = 1.0216647e-11, cumulative = 3.6650615e-07
ExecutionTime = 142.62 s  ClockTime = 143 s

Time = 169

smoothSolver:  Solving for Ux, Initial residual = 1.8740957e-08, Final residual = 2.5807005e-09, No Iterations 1
smoothSolver:  Solving for Uy, Initial residual = 9.7179562e-09, Final residual = 9.7179562e-09, No Iterations 0
DICPCG:  Solving for p, Initial residual = 0.00026249341, Final residual = 2.4970031e-06, No Iterations 88
DICPCG:  Solving for p, Initial residual = 7.7124196e-05, Final residual = 7.2124361e-07, No Iterations 97
DICPCG:  Solving for p, Initial residual = 1.2340154e-05, Final residual = 1.2276081e-07, No Iterations 289
DICPCG:  Solving for p, Initial residual = 6.4248646e-06, Final residual = 6.1566381e-08, No Iterations 231
time step continuity errors : sum local = 7.0204879e-10, global = 1.0164161e-11, cumulative = 3.6651631e-07
ExecutionTime = 143.19 s  ClockTime = 143 s

Time = 170

smoothSolver:  Solving for Ux, Initial residual = 1.7771665e-08, Final residual = 2.4506903e-09, No Iterations 1
smoothSolver:  Solving for Uy, Initial residual = 1.0325394e-08, Final residual = 1.4478827e-09, No Iterations 1
DICPCG:  Solving for p, Initial residual = 0.00023265761, Final residual = 2.3233998e-06, No Iterations 38
DICPCG:  Solving for p, Initial residual = 2.0318263e-05, Final residual = 2.0205979e-07, No Iterations 105
DICPCG:  Solving for p, Initial residual = 5.848913e-06, Final residual = 5.6608905e-08, No Iterations 108
DICPCG:  Solving for p, Initial residual = 3.0426433e-06, Final residual = 2.88456e-08, No Iterations 63
time step continuity errors : sum local = 3.5195565e-10, global = 1.0233314e-11, cumulative = 3.6652655e-07
ExecutionTime = 143.47 s  ClockTime = 144 s

surfaceFieldValue flowRateTM write:
    sum(outlet_tm) of phi = 2.5079291e-11

surfaceFieldValue flowRateTM_left write:
    sum(outlet_tm_left) of phi = 2.4920711e-11

surfaceFieldValue pressureACinlet write:
    areaAverage(ac_inlet) of p = 3.872145

Time = 171

smoothSolver:  Solving for Ux, Initial residual = 1.7524942e-08, Final residual = 2.4141286e-09, No Iterations 1
smoothSolver:  Solving for Uy, Initial residual = 1.0329167e-08, Final residual = 1.444891e-09, No Iterations 1
DICPCG:  Solving for p, Initial residual = 0.00023813018, Final residual = 2.3187566e-06, No Iterations 86
DICPCG:  Solving for p, Initial residual = 4.876609e-05, Final residual = 4.6929298e-07, No Iterations 91
DICPCG:  Solving for p, Initial residual = 9.0273125e-06, Final residual = 8.8130614e-08, No Iterations 288
DICPCG:  Solving for p, Initial residual = 5.2597438e-06, Final residual = 4.7279016e-08, No Iterations 231
time step continuity errors : sum local = 6.0088527e-10, global = 1.0303961e-11, cumulative = 3.6653685e-07
ExecutionTime = 144.04 s  ClockTime = 144 s

Time = 172

smoothSolver:  Solving for Ux, Initial residual = 1.7764754e-08, Final residual = 2.4549346e-09, No Iterations 1
smoothSolver:  Solving for Uy, Initial residual = 9.8913739e-09, Final residual = 9.8913739e-09, No Iterations 0
DICPCG:  Solving for p, Initial residual = 0.00022355385, Final residual = 2.2242155e-06, No Iterations 68
DICPCG:  Solving for p, Initial residual = 2.4836269e-05, Final residual = 2.3728917e-07, No Iterations 73
DICPCG:  Solving for p, Initial residual = 5.8660377e-06, Final residual = 5.7735664e-08, No Iterations 274
DICPCG:  Solving for p, Initial residual = 3.216723e-06, Final residual = 3.0332953e-08, No Iterations 48
time step continuity errors : sum local = 3.4600385e-10, global = 1.0265073e-11, cumulative = 3.6654712e-07
ExecutionTime = 144.43 s  ClockTime = 145 s

Time = 173

smoothSolver:  Solving for Ux, Initial residual = 1.7479275e-08, Final residual = 2.4075661e-09, No Iterations 1
smoothSolver:  Solving for Uy, Initial residual = 1.0007737e-08, Final residual = 1.4073251e-09, No Iterations 1
DICPCG:  Solving for p, Initial residual = 0.00022400466, Final residual = 2.2081737e-06, No Iterations 73
DICPCG:  Solving for p, Initial residual = 3.4200936e-05, Final residual = 3.246042e-07, No Iterations 80
DICPCG:  Solving for p, Initial residual = 7.1446519e-06, Final residual = 7.0993363e-08, No Iterations 287
DICPCG:  Solving for p, Initial residual = 4.2395441e-06, Final residual = 4.131116e-08, No Iterations 278
time step continuity errors : sum local = 5.9167995e-10, global = 1.0331281e-11, cumulative = 3.6655745e-07
ExecutionTime = 145.03 s  ClockTime = 145 s

Time = 174

smoothSolver:  Solving for Ux, Initial residual = 1.7539773e-08, Final residual = 2.4282802e-09, No Iterations 1
smoothSolver:  Solving for Uy, Initial residual = 9.7146657e-09, Final residual = 9.7146657e-09, No Iterations 0
DICPCG:  Solving for p, Initial residual = 0.0002196058, Final residual = 2.1719326e-06, No Iterations 76
DICPCG:  Solving for p, Initial residual = 3.7035278e-05, Final residual = 3.5846114e-07, No Iterations 70
DICPCG:  Solving for p, Initial residual = 7.1931153e-06, Final residual = 7.062041e-08, No Iterations 282
DICPCG:  Solving for p, Initial residual = 4.0321592e-06, Final residual = 3.9303996e-08, No Iterations 48
time step continuity errors : sum local = 4.1297747e-10, global = 1.0294809e-11, cumulative = 3.6656774e-07
ExecutionTime = 145.43 s  ClockTime = 146 s

Time = 175

smoothSolver:  Solving for Ux, Initial residual = 1.7132548e-08, Final residual = 2.3624533e-09, No Iterations 1
smoothSolver:  Solving for Uy, Initial residual = 9.930821e-09, Final residual = 9.930821e-09, No Iterations 0
DICPCG:  Solving for p, Initial residual = 0.00023280554, Final residual = 2.1584067e-06, No Iterations 89
DICPCG:  Solving for p, Initial residual = 7.2782205e-05, Final residual = 6.8724207e-07, No Iterations 49
DICPCG:  Solving for p, Initial residual = 1.1388011e-05, Final residual = 1.1273439e-07, No Iterations 303
DICPCG:  Solving for p, Initial residual = 6.4296571e-06, Final residual = 6.2278789e-08, No Iterations 286
time step continuity errors : sum local = 7.3170658e-10, global = 1.0252856e-11, cumulative = 3.6657799e-07
ExecutionTime = 146.01 s  ClockTime = 146 s

Time = 176

smoothSolver:  Solving for Ux, Initial residual = 1.6568731e-08, Final residual = 2.2471908e-09, No Iterations 1
smoothSolver:  Solving for Uy, Initial residual = 1.0604477e-08, Final residual = 1.4813112e-09, No Iterations 1
DICPCG:  Solving for p, Initial residual = 0.00021998399, Final residual = 2.1051661e-06, No Iterations 58
DICPCG:  Solving for p, Initial residual = 2.5884286e-05, Final residual = 2.5292077e-07, No Iterations 298
DICPCG:  Solving for p, Initial residual = 6.4434435e-06, Final residual = 6.3631577e-08, No Iterations 77
DICPCG:  Solving for p, Initial residual = 3.0148962e-06, Final residual = 2.9203231e-08, No Iterations 204
time step continuity errors : sum local = 4.7139181e-10, global = 1.0339923e-11, cumulative = 3.6658833e-07
ExecutionTime = 146.52 s  ClockTime = 147 s

Time = 177

smoothSolver:  Solving for Ux, Initial residual = 1.6446e-08, Final residual = 2.2561241e-09, No Iterations 1
smoothSolver:  Solving for Uy, Initial residual = 1.0355272e-08, Final residual = 1.4440701e-09, No Iterations 1
DICPCG:  Solving for p, Initial residual = 0.0002494121, Final residual = 2.4041899e-06, No Iterations 102
DICPCG:  Solving for p, Initial residual = 8.403614e-05, Final residual = 7.888427e-07, No Iterations 270
DICPCG:  Solving for p, Initial residual = 1.4179696e-05, Final residual = 1.3084641e-07, No Iterations 285
DICPCG:  Solving for p, Initial residual = 6.2853232e-06, Final residual = 6.267812e-08, No Iterations 37
time step continuity errors : sum local = 5.8592927e-10, global = 1.0423061e-11, cumulative = 3.6659876e-07
ExecutionTime = 147.07 s  ClockTime = 147 s

Time = 178

smoothSolver:  Solving for Ux, Initial residual = 1.7144907e-08, Final residual = 2.3530855e-09, No Iterations 1
smoothSolver:  Solving for Uy, Initial residual = 9.5680312e-09, Final residual = 9.5680312e-09, No Iterations 0
DICPCG:  Solving for p, Initial residual = 0.00020660176, Final residual = 2.0126635e-06, No Iterations 40
DICPCG:  Solving for p, Initial residual = 1.7348643e-05, Final residual = 1.7281682e-07, No Iterations 88
DICPCG:  Solving for p, Initial residual = 5.3409262e-06, Final residual = 5.0944421e-08, No Iterations 291
DICPCG:  Solving for p, Initial residual = 3.0468528e-06, Final residual = 2.9261396e-08, No Iterations 251
time step continuity errors : sum local = 5.0459579e-10, global = 1.0389902e-11, cumulative = 3.6660915e-07
ExecutionTime = 147.62 s  ClockTime = 148 s

Time = 179

smoothSolver:  Solving for Ux, Initial residual = 1.7107819e-08, Final residual = 2.3477759e-09, No Iterations 1
smoothSolver:  Solving for Uy, Initial residual = 9.4535908e-09, Final residual = 9.4535908e-09, No Iterations 0
DICPCG:  Solving for p, Initial residual = 0.00021647623, Final residual = 2.0400239e-06, No Iterations 84
DICPCG:  Solving for p, Initial residual = 5.1977449e-05, Final residual = 5.168352e-07, No Iterations 93
DICPCG:  Solving for p, Initial residual = 9.0856399e-06, Final residual = 9.0677476e-08, No Iterations 291
DICPCG:  Solving for p, Initial residual = 4.7469793e-06, Final residual = 4.3288798e-08, No Iterations 249
time step continuity errors : sum local = 5.8814891e-10, global = 1.0351224e-11, cumulative = 3.666195e-07
ExecutionTime = 148.2 s  ClockTime = 148 s

Time = 180

smoothSolver:  Solving for Ux, Initial residual = 1.6345509e-08, Final residual = 2.2594904e-09, No Iterations 1
smoothSolver:  Solving for Uy, Initial residual = 9.8201748e-09, Final residual = 9.8201748e-09, No Iterations 0
DICPCG:  Solving for p, Initial residual = 0.00022606274, Final residual = 2.2086358e-06, No Iterations 102
DICPCG:  Solving for p, Initial residual = 7.8910733e-05, Final residual = 7.5430358e-07, No Iterations 49
DICPCG:  Solving for p, Initial residual = 1.1533522e-05, Final residual = 1.1074989e-07, No Iterations 291
DICPCG:  Solving for p, Initial residual = 6.3782939e-06, Final residual = 6.0133703e-08, No Iterations 274
time step continuity errors : sum local = 7.1325068e-10, global = 1.0319287e-11, cumulative = 3.6662982e-07
ExecutionTime = 148.93 s  ClockTime = 149 s

surfaceFieldValue flowRateTM write:
    sum(outlet_tm) of phi = 2.5079291e-11

surfaceFieldValue flowRateTM_left write:
    sum(outlet_tm_left) of phi = 2.4920711e-11

surfaceFieldValue pressureACinlet write:
    areaAverage(ac_inlet) of p = 3.872145

Time = 181

smoothSolver:  Solving for Ux, Initial residual = 1.5734749e-08, Final residual = 2.1366588e-09, No Iterations 1
smoothSolver:  Solving for Uy, Initial residual = 1.0536827e-08, Final residual = 1.4668857e-09, No Iterations 1
DICPCG:  Solving for p, Initial residual = 0.00020364676, Final residual = 2.006634e-06, No Iterations 69
DICPCG:  Solving for p, Initial residual = 2.631803e-05, Final residual = 2.5347143e-07, No Iterations 79
DICPCG:  Solving for p, Initial residual = 5.8066291e-06, Final residual = 5.6779765e-08, No Iterations 252
DICPCG:  Solving for p, Initial residual = 3.4053134e-06, Final residual = 3.3411353e-08, No Iterations 279
time step continuity errors : sum local = 5.4634774e-10, global = 1.04139e-11, cumulative = 3.6664023e-07
ExecutionTime = 149.49 s  ClockTime = 150 s

Time = 182

smoothSolver:  Solving for Ux, Initial residual = 1.5672955e-08, Final residual = 2.1489108e-09, No Iterations 1
smoothSolver:  Solving for Uy, Initial residual = 1.020901e-08, Final residual = 1.4267089e-09, No Iterations 1
DICPCG:  Solving for p, Initial residual = 0.0002425024, Final residual = 2.3739453e-06, No Iterations 103
DICPCG:  Solving for p, Initial residual = 9.1735492e-05, Final residual = 8.9967829e-07, No Iterations 26
DICPCG:  Solving for p, Initial residual = 1.3377636e-05, Final residual = 1.3172468e-07, No Iterations 301
DICPCG:  Solving for p, Initial residual = 8.0196355e-06, Final residual = 7.8237134e-08, No Iterations 283
time step continuity errors : sum local = 8.5499888e-10, global = 1.0505056e-11, cumulative = 3.6665074e-07
ExecutionTime = 150.09 s  ClockTime = 150 s

Time = 183

smoothSolver:  Solving for Ux, Initial residual = 1.6463016e-08, Final residual = 2.2577564e-09, No Iterations 1
smoothSolver:  Solving for Uy, Initial residual = 9.4073616e-09, Final residual = 9.4073616e-09, No Iterations 0
DICPCG:  Solving for p, Initial residual = 0.00019485018, Final residual = 1.9359717e-06, No Iterations 72
DICPCG:  Solving for p, Initial residual = 2.7270579e-05, Final residual = 2.619907e-07, No Iterations 79
DICPCG:  Solving for p, Initial residual = 6.1908865e-06, Final residual = 6.070301e-08, No Iterations 286
DICPCG:  Solving for p, Initial residual = 3.7063216e-06, Final residual = 3.606041e-08, No Iterations 286
time step continuity errors : sum local = 5.6515235e-10, global = 1.047481e-11, cumulative = 3.6666121e-07
ExecutionTime = 150.71 s  ClockTime = 151 s

Time = 184

smoothSolver:  Solving for Ux, Initial residual = 1.662879e-08, Final residual = 2.2714701e-09, No Iterations 1
smoothSolver:  Solving for Uy, Initial residual = 9.2241118e-09, Final residual = 9.2241118e-09, No Iterations 0
DICPCG:  Solving for p, Initial residual = 0.00020324643, Final residual = 1.9726844e-06, No Iterations 80
DICPCG:  Solving for p, Initial residual = 4.101881e-05, Final residual = 3.9759854e-07, No Iterations 102
DICPCG:  Solving for p, Initial residual = 7.4455589e-06, Final residual = 7.3692921e-08, No Iterations 300
DICPCG:  Solving for p, Initial residual = 3.8853369e-06, Final residual = 3.6448698e-08, No Iterations 272
time step continuity errors : sum local = 5.5675468e-10, global = 1.0438886e-11, cumulative = 3.6667165e-07
ExecutionTime = 151.38 s  ClockTime = 151 s

Time = 185

smoothSolver:  Solving for Ux, Initial residual = 1.5869731e-08, Final residual = 2.1986218e-09, No Iterations 1
smoothSolver:  Solving for Uy, Initial residual = 9.416304e-09, Final residual = 9.416304e-09, No Iterations 0
DICPCG:  Solving for p, Initial residual = 0.00021510664, Final residual = 2.076119e-06, No Iterations 102
DICPCG:  Solving for p, Initial residual = 7.312541e-05, Final residual = 7.2206544e-07, No Iterations 121
DICPCG:  Solving for p, Initial residual = 1.1371328e-05, Final residual = 1.0232434e-07, No Iterations 298
DICPCG:  Solving for p, Initial residual = 5.9841112e-06, Final residual = 5.3140489e-08, No Iterations 296
time step continuity errors : sum local = 6.7465196e-10, global = 1.040804e-11, cumulative = 3.6668206e-07
ExecutionTime = 152.09 s  ClockTime = 152 s

Time = 186

smoothSolver:  Solving for Ux, Initial residual = 1.525687e-08, Final residual = 2.0833572e-09, No Iterations 1
smoothSolver:  Solving for Uy, Initial residual = 1.0022435e-08, Final residual = 1.4060893e-09, No Iterations 1
DICPCG:  Solving for p, Initial residual = 0.00018633054, Final residual = 1.8604139e-06, No Iterations 58
DICPCG:  Solving for p, Initial residual = 2.2087682e-05, Final residual = 2.2023856e-07, No Iterations 85
DICPCG:  Solving for p, Initial residual = 5.2992388e-06, Final residual = 5.1962836e-08, No Iterations 221
DICPCG:  Solving for p, Initial residual = 3.0159235e-06, Final residual = 2.9768479e-08, No Iterations 316
time step continuity errors : sum local = 5.4921457e-10, global = 1.0496742e-11, cumulative = 3.6669255e-07
ExecutionTime = 152.65 s  ClockTime = 153 s

Time = 187

smoothSolver:  Solving for Ux, Initial residual = 1.5204128e-08, Final residual = 2.0917587e-09, No Iterations 1
smoothSolver:  Solving for Uy, Initial residual = 9.7630475e-09, Final residual = 9.7630475e-09, No Iterations 0
DICPCG:  Solving for p, Initial residual = 0.00018402594, Final residual = 1.7310955e-06, No Iterations 41
DICPCG:  Solving for p, Initial residual = 1.6959422e-05, Final residual = 1.6425516e-07, No Iterations 75
DICPCG:  Solving for p, Initial residual = 4.7041501e-06, Final residual = 4.5345268e-08, No Iterations 67
DICPCG:  Solving for p, Initial residual = 2.4995126e-06, Final residual = 2.4410028e-08, No Iterations 291
time step continuity errors : sum local = 5.0094983e-10, global = 1.0478096e-11, cumulative = 3.6670303e-07
ExecutionTime = 153.04 s  ClockTime = 153 s

Time = 188

smoothSolver:  Solving for Ux, Initial residual = 1.5043421e-08, Final residual = 2.0625538e-09, No Iterations 1
smoothSolver:  Solving for Uy, Initial residual = 9.8353802e-09, Final residual = 9.8353802e-09, No Iterations 0
DICPCG:  Solving for p, Initial residual = 0.00018744267, Final residual = 1.7749961e-06, No Iterations 80
DICPCG:  Solving for p, Initial residual = 3.4015714e-05, Final residual = 3.321717e-07, No Iterations 58
DICPCG:  Solving for p, Initial residual = 6.6714668e-06, Final residual = 6.5142902e-08, No Iterations 284
DICPCG:  Solving for p, Initial residual = 3.8713201e-06, Final residual = 3.8196122e-08, No Iterations 270
time step continuity errors : sum local = 5.6405838e-10, global = 1.0458304e-11, cumulative = 3.6671349e-07
ExecutionTime = 153.59 s  ClockTime = 154 s

Time = 189

smoothSolver:  Solving for Ux, Initial residual = 1.4772044e-08, Final residual = 2.0082633e-09, No Iterations 1
smoothSolver:  Solving for Uy, Initial residual = 1.0113225e-08, Final residual = 1.4184904e-09, No Iterations 1
DICPCG:  Solving for p, Initial residual = 0.00020578887, Final residual = 2.0400514e-06, No Iterations 100
DICPCG:  Solving for p, Initial residual = 6.1679512e-05, Final residual = 6.1004055e-07, No Iterations 282
DICPCG:  Solving for p, Initial residual = 1.0914686e-05, Final residual = 1.0211647e-07, No Iterations 254
DICPCG:  Solving for p, Initial residual = 4.8137512e-06, Final residual = 4.7660304e-08, No Iterations 51
time step continuity errors : sum local = 4.7650402e-10, global = 1.0554745e-11, cumulative = 3.6672405e-07
ExecutionTime = 154.14 s  ClockTime = 154 s

Time = 190

smoothSolver:  Solving for Ux, Initial residual = 1.4979456e-08, Final residual = 2.0745782e-09, No Iterations 1
smoothSolver:  Solving for Uy, Initial residual = 9.4919358e-09, Final residual = 9.4919358e-09, No Iterations 0
DICPCG:  Solving for p, Initial residual = 0.00017753909, Final residual = 1.6916693e-06, No Iterations 58
DICPCG:  Solving for p, Initial residual = 1.9959054e-05, Final residual = 1.9115764e-07, No Iterations 296
DICPCG:  Solving for p, Initial residual = 5.2498871e-06, Final residual = 5.1788415e-08, No Iterations 261
DICPCG:  Solving for p, Initial residual = 2.4649922e-06, Final residual = 2.3658909e-08, No Iterations 61
time step continuity errors : sum local = 3.1548586e-10, global = 1.05366e-11, cumulative = 3.6673458e-07
ExecutionTime = 154.68 s  ClockTime = 155 s

surfaceFieldValue flowRateTM write:
    sum(outlet_tm) of phi = 2.5079291e-11

surfaceFieldValue flowRateTM_left write:
    sum(outlet_tm_left) of phi = 2.4920711e-11

surfaceFieldValue pressureACinlet write:
    areaAverage(ac_inlet) of p = 3.872145

Time = 191

smoothSolver:  Solving for Ux, Initial residual = 1.50635e-08, Final residual = 2.0807486e-09, No Iterations 1
smoothSolver:  Solving for Uy, Initial residual = 9.3503243e-09, Final residual = 9.3503243e-09, No Iterations 0
DICPCG:  Solving for p, Initial residual = 0.00017607877, Final residual = 1.7075659e-06, No Iterations 74
DICPCG:  Solving for p, Initial residual = 2.6641714e-05, Final residual = 2.6503704e-07, No Iterations 74
DICPCG:  Solving for p, Initial residual = 5.3524658e-06, Final residual = 5.1903944e-08, No Iterations 272
DICPCG:  Solving for p, Initial residual = 2.9396115e-06, Final residual = 2.9302586e-08, No Iterations 262
time step continuity errors : sum local = 5.1312637e-10, global = 1.0514235e-11, cumulative = 3.667451e-07
ExecutionTime = 155.22 s  ClockTime = 155 s

Time = 192

smoothSolver:  Solving for Ux, Initial residual = 1.4626036e-08, Final residual = 2.0321268e-09, No Iterations 1
smoothSolver:  Solving for Uy, Initial residual = 9.4852227e-09, Final residual = 9.4852227e-09, No Iterations 0
DICPCG:  Solving for p, Initial residual = 0.00018024388, Final residual = 1.7108462e-06, No Iterations 86
DICPCG:  Solving for p, Initial residual = 4.7785901e-05, Final residual = 4.6497848e-07, No Iterations 96
DICPCG:  Solving for p, Initial residual = 8.2059593e-06, Final residual = 8.1148221e-08, No Iterations 287
DICPCG:  Solving for p, Initial residual = 4.3257797e-06, Final residual = 3.9202515e-08, No Iterations 249
time step continuity errors : sum local = 5.6533238e-10, global = 1.049599e-11, cumulative = 3.6675559e-07
ExecutionTime = 155.8 s  ClockTime = 156 s

Time = 193

smoothSolver:  Solving for Ux, Initial residual = 1.4235102e-08, Final residual = 1.9554326e-09, No Iterations 1
smoothSolver:  Solving for Uy, Initial residual = 9.9144414e-09, Final residual = 9.9144414e-09, No Iterations 0
DICPCG:  Solving for p, Initial residual = 0.00017737217, Final residual = 1.6762826e-06, No Iterations 87
DICPCG:  Solving for p, Initial residual = 5.0178833e-05, Final residual = 4.792385e-07, No Iterations 49
DICPCG:  Solving for p, Initial residual = 8.5039516e-06, Final residual = 8.3394413e-08, No Iterations 303
DICPCG:  Solving for p, Initial residual = 4.8708555e-06, Final residual = 4.8655702e-08, No Iterations 276
time step continuity errors : sum local = 6.3458218e-10, global = 1.0485032e-11, cumulative = 3.6676608e-07
ExecutionTime = 156.37 s  ClockTime = 156 s

Time = 194

smoothSolver:  Solving for Ux, Initial residual = 1.391429e-08, Final residual = 1.8789383e-09, No Iterations 1
smoothSolver:  Solving for Uy, Initial residual = 1.0364175e-08, Final residual = 1.4423101e-09, No Iterations 1
DICPCG:  Solving for p, Initial residual = 0.0002003596, Final residual = 1.8810395e-06, No Iterations 102
DICPCG:  Solving for p, Initial residual = 6.5377392e-05, Final residual = 6.4236112e-07, No Iterations 269
DICPCG:  Solving for p, Initial residual = 1.1442307e-05, Final residual = 1.1051015e-07, No Iterations 283
DICPCG:  Solving for p, Initial residual = 5.0684872e-06, Final residual = 4.8267476e-08, No Iterations 35
time step continuity errors : sum local = 4.7007132e-10, global = 1.0595221e-11, cumulative = 3.6677667e-07
ExecutionTime = 156.98 s  ClockTime = 157 s

Time = 195

smoothSolver:  Solving for Ux, Initial residual = 1.4057357e-08, Final residual = 1.9487427e-09, No Iterations 1
smoothSolver:  Solving for Uy, Initial residual = 9.6277628e-09, Final residual = 9.6277628e-09, No Iterations 0
DICPCG:  Solving for p, Initial residual = 0.00017495697, Final residual = 1.6805246e-06, No Iterations 88
DICPCG:  Solving for p, Initial residual = 3.6770212e-05, Final residual = 3.6314639e-07, No Iterations 268
DICPCG:  Solving for p, Initial residual = 7.4913076e-06, Final residual = 7.3987224e-08, No Iterations 78
DICPCG:  Solving for p, Initial residual = 3.6866574e-06, Final residual = 3.5480054e-08, No Iterations 246
time step continuity errors : sum local = 5.3555341e-10, global = 1.0587529e-11, cumulative = 3.6678726e-07
ExecutionTime = 157.52 s  ClockTime = 158 s

Time = 196

smoothSolver:  Solving for Ux, Initial residual = 1.4301534e-08, Final residual = 1.9795942e-09, No Iterations 1
smoothSolver:  Solving for Uy, Initial residual = 9.3480396e-09, Final residual = 9.3480396e-09, No Iterations 0
DICPCG:  Solving for p, Initial residual = 0.0001603377, Final residual = 1.5466724e-06, No Iterations 26
DICPCG:  Solving for p, Initial residual = 8.8042504e-06, Final residual = 8.7401162e-08, No Iterations 88
DICPCG:  Solving for p, Initial residual = 3.2981371e-06, Final residual = 3.2769786e-08, No Iterations 258
DICPCG:  Solving for p, Initial residual = 1.9486854e-06, Final residual = 1.7914402e-08, No Iterations 284
time step continuity errors : sum local = 4.7376315e-10, global = 1.057544e-11, cumulative = 3.6679784e-07
ExecutionTime = 158.05 s  ClockTime = 158 s

Time = 197

smoothSolver:  Solving for Ux, Initial residual = 1.4161219e-08, Final residual = 1.9635424e-09, No Iterations 1
smoothSolver:  Solving for Uy, Initial residual = 9.3139327e-09, Final residual = 9.3139327e-09, No Iterations 0
DICPCG:  Solving for p, Initial residual = 0.00016420718, Final residual = 1.5576894e-06, No Iterations 78
DICPCG:  Solving for p, Initial residual = 2.9410523e-05, Final residual = 2.9088853e-07, No Iterations 98
DICPCG:  Solving for p, Initial residual = 5.5642613e-06, Final residual = 5.4790723e-08, No Iterations 300
DICPCG:  Solving for p, Initial residual = 2.9752791e-06, Final residual = 2.91865e-08, No Iterations 296
time step continuity errors : sum local = 5.3298935e-10, global = 1.0559698e-11, cumulative = 3.668084e-07
ExecutionTime = 158.66 s  ClockTime = 159 s

Time = 198

smoothSolver:  Solving for Ux, Initial residual = 1.3825964e-08, Final residual = 1.9124045e-09, No Iterations 1
smoothSolver:  Solving for Uy, Initial residual = 9.4827799e-09, Final residual = 9.4827799e-09, No Iterations 0
DICPCG:  Solving for p, Initial residual = 0.0001633423, Final residual = 1.5792556e-06, No Iterations 85
DICPCG:  Solving for p, Initial residual = 3.978074e-05, Final residual = 3.9604317e-07, No Iterations 96
DICPCG:  Solving for p, Initial residual = 6.9602249e-06, Final residual = 6.5086859e-08, No Iterations 301
DICPCG:  Solving for p, Initial residual = 3.6939006e-06, Final residual = 3.6138723e-08, No Iterations 287
time step continuity errors : sum local = 5.6318032e-10, global = 1.0550643e-11, cumulative = 3.6681895e-07
ExecutionTime = 159.27 s  ClockTime = 159 s

Time = 199

smoothSolver:  Solving for Ux, Initial residual = 1.3540068e-08, Final residual = 1.8484409e-09, No Iterations 1
smoothSolver:  Solving for Uy, Initial residual = 9.8139485e-09, Final residual = 9.8139485e-09, No Iterations 0
DICPCG:  Solving for p, Initial residual = 0.0001586282, Final residual = 1.4828504e-06, No Iterations 84
DICPCG:  Solving for p, Initial residual = 3.6650417e-05, Final residual = 3.6288826e-07, No Iterations 59
DICPCG:  Solving for p, Initial residual = 6.4964641e-06, Final residual = 6.3929028e-08, No Iterations 303
DICPCG:  Solving for p, Initial residual = 3.6808402e-06, Final residual = 3.6537014e-08, No Iterations 273
time step continuity errors : sum local = 5.6271794e-10, global = 1.0547407e-11, cumulative = 3.6682949e-07
ExecutionTime = 159.84 s  ClockTime = 160 s

Time = 200

smoothSolver:  Solving for Ux, Initial residual = 1.3261648e-08, Final residual = 1.7913152e-09, No Iterations 1
smoothSolver:  Solving for Uy, Initial residual = 1.0136362e-08, Final residual = 1.4173443e-09, No Iterations 1
DICPCG:  Solving for p, Initial residual = 0.00019458658, Final residual = 1.8244801e-06, No Iterations 104
DICPCG:  Solving for p, Initial residual = 7.689593e-05, Final residual = 7.199713e-07, No Iterations 275
DICPCG:  Solving for p, Initial residual = 1.2796604e-05, Final residual = 1.2479954e-07, No Iterations 264
DICPCG:  Solving for p, Initial residual = 5.5919275e-06, Final residual = 5.5522369e-08, No Iterations 51
time step continuity errors : sum local = 5.3836993e-10, global = 1.0661107e-11, cumulative = 3.6684015e-07
ExecutionTime = 160.48 s  ClockTime = 161 s

surfaceFieldValue flowRateTM write:
    sum(outlet_tm) of phi = 2.5079291e-11

surfaceFieldValue flowRateTM_left write:
    sum(outlet_tm_left) of phi = 2.4920711e-11

surfaceFieldValue pressureACinlet write:
    areaAverage(ac_inlet) of p = 3.872145

Time = 201

smoothSolver:  Solving for Ux, Initial residual = 1.3544315e-08, Final residual = 1.8794935e-09, No Iterations 1
smoothSolver:  Solving for Uy, Initial residual = 9.3572934e-09, Final residual = 9.3572934e-09, No Iterations 0
DICPCG:  Solving for p, Initial residual = 0.00016368491, Final residual = 1.5973756e-06, No Iterations 97
DICPCG:  Solving for p, Initial residual = 4.5915736e-05, Final residual = 4.3879785e-07, No Iterations 260
DICPCG:  Solving for p, Initial residual = 8.7387897e-06, Final residual = 8.0244606e-08, No Iterations 289
DICPCG:  Solving for p, Initial residual = 4.3605018e-06, Final residual = 4.3097533e-08, No Iterations 75
time step continuity errors : sum local = 4.6547995e-10, global = 1.0656857e-11, cumulative = 3.6685081e-07
ExecutionTime = 161.06 s  ClockTime = 161 s

Time = 202

smoothSolver:  Solving for Ux, Initial residual = 1.4107786e-08, Final residual = 1.925287e-09, No Iterations 1
smoothSolver:  Solving for Uy, Initial residual = 9.0419379e-09, Final residual = 9.0419379e-09, No Iterations 0
DICPCG:  Solving for p, Initial residual = 0.00015497256, Final residual = 1.5087929e-06, No Iterations 35
DICPCG:  Solving for p, Initial residual = 1.2019924e-05, Final residual = 1.1125679e-07, No Iterations 308
DICPCG:  Solving for p, Initial residual = 4.115691e-06, Final residual = 4.0868932e-08, No Iterations 28
DICPCG:  Solving for p, Initial residual = 2.0685847e-06, Final residual = 1.9697922e-08, No Iterations 47
time step continuity errors : sum local = 2.7108702e-10, global = 1.0645178e-11, cumulative = 3.6686146e-07
ExecutionTime = 161.41 s  ClockTime = 162 s

Time = 203

smoothSolver:  Solving for Ux, Initial residual = 1.4019775e-08, Final residual = 1.915846e-09, No Iterations 1
smoothSolver:  Solving for Uy, Initial residual = 8.9533772e-09, Final residual = 8.9533772e-09, No Iterations 0
DICPCG:  Solving for p, Initial residual = 0.00016522896, Final residual = 1.6142069e-06, No Iterations 79
DICPCG:  Solving for p, Initial residual = 3.0053522e-05, Final residual = 2.9569177e-07, No Iterations 104
DICPCG:  Solving for p, Initial residual = 5.4950417e-06, Final residual = 5.1697725e-08, No Iterations 283
DICPCG:  Solving for p, Initial residual = 2.8548553e-06, Final residual = 2.8436785e-08, No Iterations 232
time step continuity errors : sum local = 4.8627928e-10, global = 1.0634069e-11, cumulative = 3.6687209e-07
ExecutionTime = 161.99 s  ClockTime = 162 s

Time = 204

smoothSolver:  Solving for Ux, Initial residual = 1.3495595e-08, Final residual = 1.8643678e-09, No Iterations 1
smoothSolver:  Solving for Uy, Initial residual = 9.0656499e-09, Final residual = 9.0656499e-09, No Iterations 0
DICPCG:  Solving for p, Initial residual = 0.00016276822, Final residual = 1.5741991e-06, No Iterations 87
DICPCG:  Solving for p, Initial residual = 4.3008459e-05, Final residual = 4.2788597e-07, No Iterations 100
DICPCG:  Solving for p, Initial residual = 7.0992553e-06, Final residual = 7.0027237e-08, No Iterations 302
DICPCG:  Solving for p, Initial residual = 3.5628552e-06, Final residual = 3.374064e-08, No Iterations 296
time step continuity errors : sum local = 5.5659362e-10, global = 1.0625466e-11, cumulative = 3.6688272e-07
ExecutionTime = 162.64 s  ClockTime = 163 s

Time = 205

smoothSolver:  Solving for Ux, Initial residual = 1.3036255e-08, Final residual = 1.7964487e-09, No Iterations 1
smoothSolver:  Solving for Uy, Initial residual = 9.3974076e-09, Final residual = 9.3974076e-09, No Iterations 0
DICPCG:  Solving for p, Initial residual = 0.00015183628, Final residual = 1.4553966e-06, No Iterations 87
DICPCG:  Solving for p, Initial residual = 4.0734732e-05, Final residual = 3.9932278e-07, No Iterations 96
DICPCG:  Solving for p, Initial residual = 6.8579323e-06, Final residual = 6.6370747e-08, No Iterations 293
DICPCG:  Solving for p, Initial residual = 3.6676954e-06, Final residual = 3.6177598e-08, No Iterations 302
time step continuity errors : sum local = 5.7409745e-10, global = 1.0623686e-11, cumulative = 3.6689334e-07
ExecutionTime = 163.29 s  ClockTime = 163 s

Time = 206

smoothSolver:  Solving for Ux, Initial residual = 1.2801449e-08, Final residual = 1.7341842e-09, No Iterations 1
smoothSolver:  Solving for Uy, Initial residual = 9.7585987e-09, Final residual = 9.7585987e-09, No Iterations 0
DICPCG:  Solving for p, Initial residual = 0.00015434068, Final residual = 1.4647214e-06, No Iterations 82
DICPCG:  Solving for p, Initial residual = 2.9631131e-05, Final residual = 2.8768459e-07, No Iterations 46
DICPCG:  Solving for p, Initial residual = 5.5260759e-06, Final residual = 5.3450367e-08, No Iterations 289
DICPCG:  Solving for p, Initial residual = 3.1576262e-06, Final residual = 3.1250961e-08, No Iterations 265
time step continuity errors : sum local = 5.2177473e-10, global = 1.0627734e-11, cumulative = 3.6690397e-07
ExecutionTime = 163.85 s  ClockTime = 164 s

Time = 207

smoothSolver:  Solving for Ux, Initial residual = 1.2576013e-08, Final residual = 1.690709e-09, No Iterations 1
smoothSolver:  Solving for Uy, Initial residual = 9.9932331e-09, Final residual = 9.9932331e-09, No Iterations 0
DICPCG:  Solving for p, Initial residual = 0.00016450438, Final residual = 1.6072708e-06, No Iterations 48
DICPCG:  Solving for p, Initial residual = 2.1947746e-05, Final residual = 2.1829676e-07, No Iterations 140
DICPCG:  Solving for p, Initial residual = 5.0213136e-06, Final residual = 5.0207703e-08, No Iterations 51
DICPCG:  Solving for p, Initial residual = 2.4390667e-06, Final residual = 2.438657e-08, No Iterations 297
time step continuity errors : sum local = 5.083394e-10, global = 1.063713e-11, cumulative = 3.6691461e-07
ExecutionTime = 164.34 s  ClockTime = 164 s

Time = 208

smoothSolver:  Solving for Ux, Initial residual = 1.2404231e-08, Final residual = 1.6696165e-09, No Iterations 1
smoothSolver:  Solving for Uy, Initial residual = 1.0054448e-08, Final residual = 1.4047708e-09, No Iterations 1
DICPCG:  Solving for p, Initial residual = 0.00021897366, Final residual = 2.1407407e-06, No Iterations 107
DICPCG:  Solving for p, Initial residual = 0.00010181558, Final residual = 1.0145343e-06, No Iterations 274
DICPCG:  Solving for p, Initial residual = 1.5554299e-05, Final residual = 1.4739745e-07, No Iterations 270
DICPCG:  Solving for p, Initial residual = 6.3767586e-06, Final residual = 5.7922613e-08, No Iterations 322
time step continuity errors : sum local = 7.2782705e-10, global = 1.0758611e-11, cumulative = 3.6692536e-07
ExecutionTime = 165.16 s  ClockTime = 165 s

Time = 209

smoothSolver:  Solving for Ux, Initial residual = 1.3113559e-08, Final residual = 1.7979212e-09, No Iterations 1
smoothSolver:  Solving for Uy, Initial residual = 9.087661e-09, Final residual = 9.087661e-09, No Iterations 0
DICPCG:  Solving for p, Initial residual = 0.00016896551, Final residual = 1.5560784e-06, No Iterations 104
DICPCG:  Solving for p, Initial residual = 6.472082e-05, Final residual = 5.9939824e-07, No Iterations 276
DICPCG:  Solving for p, Initial residual = 1.0802625e-05, Final residual = 1.0467698e-07, No Iterations 263
DICPCG:  Solving for p, Initial residual = 4.9216642e-06, Final residual = 4.8294622e-08, No Iterations 81
time step continuity errors : sum local = 5.1161246e-10, global = 1.0751267e-11, cumulative = 3.6693611e-07
ExecutionTime = 165.75 s  ClockTime = 166 s

Time = 210

smoothSolver:  Solving for Ux, Initial residual = 1.3986592e-08, Final residual = 1.8738857e-09, No Iterations 1
smoothSolver:  Solving for Uy, Initial residual = 8.6603106e-09, Final residual = 8.6603106e-09, No Iterations 0
DICPCG:  Solving for p, Initial residual = 0.00016950005, Final residual = 1.6765015e-06, No Iterations 75
DICPCG:  Solving for p, Initial residual = 2.6209905e-05, Final residual = 2.613403e-07, No Iterations 133
DICPCG:  Solving for p, Initial residual = 5.8564594e-06, Final residual = 5.7964116e-08, No Iterations 252
DICPCG:  Solving for p, Initial residual = 3.2615849e-06, Final residual = 3.2082543e-08, No Iterations 286
time step continuity errors : sum local = 5.4237076e-10, global = 1.0740072e-11, cumulative = 3.6694685e-07
ExecutionTime = 166.43 s  ClockTime = 167 s

surfaceFieldValue flowRateTM write:
    sum(outlet_tm) of phi = 2.5079291e-11

surfaceFieldValue flowRateTM_left write:
    sum(outlet_tm_left) of phi = 2.4920711e-11

surfaceFieldValue pressureACinlet write:
    areaAverage(ac_inlet) of p = 3.872145

Time = 211

smoothSolver:  Solving for Ux, Initial residual = 1.3991579e-08, Final residual = 1.8735457e-09, No Iterations 1
smoothSolver:  Solving for Uy, Initial residual = 8.4793527e-09, Final residual = 8.4793527e-09, No Iterations 0
DICPCG:  Solving for p, Initial residual = 0.00019098563, Final residual = 1.8141108e-06, No Iterations 82
DICPCG:  Solving for p, Initial residual = 3.5997843e-05, Final residual = 3.5852441e-07, No Iterations 122
DICPCG:  Solving for p, Initial residual = 6.5236125e-06, Final residual = 6.2364209e-08, No Iterations 291
DICPCG:  Solving for p, Initial residual = 3.2070928e-06, Final residual = 3.1676645e-08, No Iterations 252
time step continuity errors : sum local = 5.1749941e-10, global = 1.0725151e-11, cumulative = 3.6695758e-07
ExecutionTime = 167.1 s  ClockTime = 167 s

Time = 212

smoothSolver:  Solving for Ux, Initial residual = 1.3294334e-08, Final residual = 1.8167367e-09, No Iterations 1
smoothSolver:  Solving for Uy, Initial residual = 8.5602066e-09, Final residual = 8.5602066e-09, No Iterations 0
DICPCG:  Solving for p, Initial residual = 0.00018612125, Final residual = 1.8022736e-06, No Iterations 103
DICPCG:  Solving for p, Initial residual = 5.1794926e-05, Final residual = 5.0919633e-07, No Iterations 111
DICPCG:  Solving for p, Initial residual = 8.2183029e-06, Final residual = 8.1652548e-08, No Iterations 277
DICPCG:  Solving for p, Initial residual = 4.1246128e-06, Final residual = 3.8368984e-08, No Iterations 289
time step continuity errors : sum local = 5.8013614e-10, global = 1.0717126e-11, cumulative = 3.669683e-07
ExecutionTime = 167.77 s  ClockTime = 168 s

Time = 213

smoothSolver:  Solving for Ux, Initial residual = 1.2520907e-08, Final residual = 1.7382238e-09, No Iterations 1
smoothSolver:  Solving for Uy, Initial residual = 8.8359865e-09, Final residual = 8.8359865e-09, No Iterations 0
DICPCG:  Solving for p, Initial residual = 0.00016357914, Final residual = 1.6099748e-06, No Iterations 102
DICPCG:  Solving for p, Initial residual = 4.9736735e-05, Final residual = 4.9471236e-07, No Iterations 105
DICPCG:  Solving for p, Initial residual = 7.8692807e-06, Final residual = 7.8429762e-08, No Iterations 223
DICPCG:  Solving for p, Initial residual = 3.990178e-06, Final residual = 3.9566328e-08, No Iterations 336
time step continuity errors : sum local = 6.162589e-10, global = 1.0717504e-11, cumulative = 3.6697901e-07
ExecutionTime = 168.44 s  ClockTime = 169 s

Time = 214

smoothSolver:  Solving for Ux, Initial residual = 1.2235784e-08, Final residual = 1.666266e-09, No Iterations 1
smoothSolver:  Solving for Uy, Initial residual = 9.2790301e-09, Final residual = 9.2790301e-09, No Iterations 0
DICPCG:  Solving for p, Initial residual = 0.00015905184, Final residual = 1.5708778e-06, No Iterations 86
DICPCG:  Solving for p, Initial residual = 3.8372902e-05, Final residual = 3.5513279e-07, No Iterations 46
DICPCG:  Solving for p, Initial residual = 6.6031907e-06, Final residual = 6.580412e-08, No Iterations 298
DICPCG:  Solving for p, Initial residual = 3.5033559e-06, Final residual = 3.4921901e-08, No Iterations 267
time step continuity errors : sum local = 5.5131416e-10, global = 1.0724114e-11, cumulative = 3.6698974e-07
ExecutionTime = 169 s  ClockTime = 169 s

Time = 215

smoothSolver:  Solving for Ux, Initial residual = 1.2024084e-08, Final residual = 1.614263e-09, No Iterations 1
smoothSolver:  Solving for Uy, Initial residual = 9.5950497e-09, Final residual = 9.5950497e-09, No Iterations 0
DICPCG:  Solving for p, Initial residual = 0.00016973447, Final residual = 1.6909992e-06, No Iterations 78
DICPCG:  Solving for p, Initial residual = 2.9601761e-05, Final residual = 2.6935541e-07, No Iterations 102
DICPCG:  Solving for p, Initial residual = 5.4853171e-06, Final residual = 5.3188106e-08, No Iterations 129
DICPCG:  Solving for p, Initial residual = 2.7140963e-06, Final residual = 2.699382e-08, No Iterations 33
time step continuity errors : sum local = 3.0752292e-10, global = 1.0736991e-11, cumulative = 3.6700048e-07
ExecutionTime = 169.34 s  ClockTime = 169 s

Time = 216

smoothSolver:  Solving for Ux, Initial residual = 1.1831439e-08, Final residual = 1.587885e-09, No Iterations 1
smoothSolver:  Solving for Uy, Initial residual = 9.7107381e-09, Final residual = 9.7107381e-09, No Iterations 0
DICPCG:  Solving for p, Initial residual = 0.0001724668, Final residual = 1.6465447e-06, No Iterations 52
DICPCG:  Solving for p, Initial residual = 2.6420141e-05, Final residual = 2.6361964e-07, No Iterations 137
DICPCG:  Solving for p, Initial residual = 5.4769954e-06, Final residual = 5.237713e-08, No Iterations 256
DICPCG:  Solving for p, Initial residual = 2.6953327e-06, Final residual = 2.683722e-08, No Iterations 46
time step continuity errors : sum local = 3.1855309e-10, global = 1.0740786e-11, cumulative = 3.6701122e-07
ExecutionTime = 169.74 s  ClockTime = 170 s

Time = 217

smoothSolver:  Solving for Ux, Initial residual = 1.1724522e-08, Final residual = 1.5849705e-09, No Iterations 1
smoothSolver:  Solving for Uy, Initial residual = 9.6490728e-09, Final residual = 9.6490728e-09, No Iterations 0
DICPCG:  Solving for p, Initial residual = 0.00016389888, Final residual = 1.6292932e-06, No Iterations 74
DICPCG:  Solving for p, Initial residual = 2.5853619e-05, Final residual = 2.4866147e-07, No Iterations 155
DICPCG:  Solving for p, Initial residual = 5.6358381e-06, Final residual = 5.4812887e-08, No Iterations 268
DICPCG:  Solving for p, Initial residual = 3.0270213e-06, Final residual = 2.8127074e-08, No Iterations 247
time step continuity errors : sum local = 4.9325668e-10, global = 1.07492e-11, cumulative = 3.6702197e-07
ExecutionTime = 170.45 s  ClockTime = 171 s

Time = 218

smoothSolver:  Solving for Ux, Initial residual = 1.1659696e-08, Final residual = 1.5961044e-09, No Iterations 1
smoothSolver:  Solving for Uy, Initial residual = 9.4907422e-09, Final residual = 9.4907422e-09, No Iterations 0
DICPCG:  Solving for p, Initial residual = 0.00015392021, Final residual = 1.5305083e-06, No Iterations 82
DICPCG:  Solving for p, Initial residual = 2.4612571e-05, Final residual = 2.4105177e-07, No Iterations 161
DICPCG:  Solving for p, Initial residual = 5.1707899e-06, Final residual = 4.7674617e-08, No Iterations 289
DICPCG:  Solving for p, Initial residual = 2.890722e-06, Final residual = 2.7976461e-08, No Iterations 247
time step continuity errors : sum local = 4.9143658e-10, global = 1.0753887e-11, cumulative = 3.6703272e-07
ExecutionTime = 171.35 s  ClockTime = 171 s

Time = 219

smoothSolver:  Solving for Ux, Initial residual = 1.1664729e-08, Final residual = 1.6094608e-09, No Iterations 1
smoothSolver:  Solving for Uy, Initial residual = 9.2735154e-09, Final residual = 9.2735154e-09, No Iterations 0
DICPCG:  Solving for p, Initial residual = 0.00014881976, Final residual = 1.4334684e-06, No Iterations 78
DICPCG:  Solving for p, Initial residual = 2.3041588e-05, Final residual = 2.2588174e-07, No Iterations 77
DICPCG:  Solving for p, Initial residual = 4.8363663e-06, Final residual = 4.7098233e-08, No Iterations 258
DICPCG:  Solving for p, Initial residual = 2.7362098e-06, Final residual = 2.6794403e-08, No Iterations 273
time step continuity errors : sum local = 5.0811175e-10, global = 1.0759408e-11, cumulative = 3.6704348e-07
ExecutionTime = 171.96 s  ClockTime = 172 s

Time = 220

smoothSolver:  Solving for Ux, Initial residual = 1.1681221e-08, Final residual = 1.6169774e-09, No Iterations 1
smoothSolver:  Solving for Uy, Initial residual = 9.0828584e-09, Final residual = 9.0828584e-09, No Iterations 0
DICPCG:  Solving for p, Initial residual = 0.00014579655, Final residual = 1.3879123e-06, No Iterations 59
DICPCG:  Solving for p, Initial residual = 2.1635644e-05, Final residual = 2.1583814e-07, No Iterations 66
DICPCG:  Solving for p, Initial residual = 4.8806895e-06, Final residual = 4.7159262e-08, No Iterations 285
DICPCG:  Solving for p, Initial residual = 2.71418e-06, Final residual = 2.6570923e-08, No Iterations 254
time step continuity errors : sum local = 4.8864919e-10, global = 1.0766616e-11, cumulative = 3.6705425e-07
ExecutionTime = 172.55 s  ClockTime = 173 s

surfaceFieldValue flowRateTM write:
    sum(outlet_tm) of phi = 2.5079291e-11

surfaceFieldValue flowRateTM_left write:
    sum(outlet_tm_left) of phi = 2.4920711e-11

surfaceFieldValue pressureACinlet write:
    areaAverage(ac_inlet) of p = 3.872145

Time = 221

smoothSolver:  Solving for Ux, Initial residual = 1.1691923e-08, Final residual = 1.6167061e-09, No Iterations 1
smoothSolver:  Solving for Uy, Initial residual = 8.9611538e-09, Final residual = 8.9611538e-09, No Iterations 0
DICPCG:  Solving for p, Initial residual = 0.00014152427, Final residual = 1.3911097e-06, No Iterations 50
DICPCG:  Solving for p, Initial residual = 1.9187433e-05, Final residual = 1.8932504e-07, No Iterations 84
DICPCG:  Solving for p, Initial residual = 4.6915177e-06, Final residual = 4.6377768e-08, No Iterations 285
DICPCG:  Solving for p, Initial residual = 2.5855699e-06, Final residual = 2.5338302e-08, No Iterations 34
time step continuity errors : sum local = 2.9132764e-10, global = 1.0775937e-11, cumulative = 3.6706502e-07
ExecutionTime = 172.94 s  ClockTime = 173 s

Time = 222

smoothSolver:  Solving for Ux, Initial residual = 1.1654948e-08, Final residual = 1.6107912e-09, No Iterations 1
smoothSolver:  Solving for Uy, Initial residual = 8.8774317e-09, Final residual = 8.8774317e-09, No Iterations 0
DICPCG:  Solving for p, Initial residual = 0.00013664612, Final residual = 1.2877598e-06, No Iterations 51
DICPCG:  Solving for p, Initial residual = 1.6435429e-05, Final residual = 1.5914524e-07, No Iterations 77
DICPCG:  Solving for p, Initial residual = 4.3429053e-06, Final residual = 4.329996e-08, No Iterations 273
DICPCG:  Solving for p, Initial residual = 2.4331731e-06, Final residual = 2.3625572e-08, No Iterations 75
time step continuity errors : sum local = 3.2570956e-10, global = 1.0787708e-11, cumulative = 3.6707581e-07
ExecutionTime = 173.39 s  ClockTime = 174 s

Time = 223

smoothSolver:  Solving for Ux, Initial residual = 1.1569389e-08, Final residual = 1.601088e-09, No Iterations 1
smoothSolver:  Solving for Uy, Initial residual = 8.8321921e-09, Final residual = 8.8321921e-09, No Iterations 0
DICPCG:  Solving for p, Initial residual = 0.000132644, Final residual = 1.3043687e-06, No Iterations 49
DICPCG:  Solving for p, Initial residual = 1.4684852e-05, Final residual = 1.4684146e-07, No Iterations 75
DICPCG:  Solving for p, Initial residual = 4.1349022e-06, Final residual = 3.7933936e-08, No Iterations 254
DICPCG:  Solving for p, Initial residual = 2.3562621e-06, Final residual = 2.2066594e-08, No Iterations 47
time step continuity errors : sum local = 2.8698545e-10, global = 1.0799853e-11, cumulative = 3.6708661e-07
ExecutionTime = 173.83 s  ClockTime = 174 s

Time = 224

smoothSolver:  Solving for Ux, Initial residual = 1.1473043e-08, Final residual = 1.5895074e-09, No Iterations 1
smoothSolver:  Solving for Uy, Initial residual = 8.8081455e-09, Final residual = 8.8081455e-09, No Iterations 0
DICPCG:  Solving for p, Initial residual = 0.00012951151, Final residual = 1.2566185e-06, No Iterations 40
DICPCG:  Solving for p, Initial residual = 1.3602942e-05, Final residual = 1.2886754e-07, No Iterations 83
DICPCG:  Solving for p, Initial residual = 3.9597409e-06, Final residual = 3.8866878e-08, No Iterations 262
DICPCG:  Solving for p, Initial residual = 2.2859184e-06, Final residual = 2.1707263e-08, No Iterations 76
time step continuity errors : sum local = 3.1631586e-10, global = 1.0810837e-11, cumulative = 3.6709742e-07
ExecutionTime = 174.25 s  ClockTime = 174 s

Time = 225

smoothSolver:  Solving for Ux, Initial residual = 1.1355484e-08, Final residual = 1.5772945e-09, No Iterations 1
smoothSolver:  Solving for Uy, Initial residual = 8.7930764e-09, Final residual = 8.7930764e-09, No Iterations 0
DICPCG:  Solving for p, Initial residual = 0.00012629207, Final residual = 1.2083543e-06, No Iterations 33
DICPCG:  Solving for p, Initial residual = 1.2685631e-05, Final residual = 1.2667102e-07, No Iterations 93
DICPCG:  Solving for p, Initial residual = 3.7014933e-06, Final residual = 3.4780383e-08, No Iterations 256
DICPCG:  Solving for p, Initial residual = 2.158369e-06, Final residual = 2.0219317e-08, No Iterations 56
time step continuity errors : sum local = 2.877694e-10, global = 1.0820585e-11, cumulative = 3.6710824e-07
ExecutionTime = 174.64 s  ClockTime = 175 s

Time = 226

smoothSolver:  Solving for Ux, Initial residual = 1.1255375e-08, Final residual = 1.5653148e-09, No Iterations 1
smoothSolver:  Solving for Uy, Initial residual = 8.7780034e-09, Final residual = 8.7780034e-09, No Iterations 0
DICPCG:  Solving for p, Initial residual = 0.00012281969, Final residual = 1.1803549e-06, No Iterations 32
DICPCG:  Solving for p, Initial residual = 1.1551063e-05, Final residual = 1.1299174e-07, No Iterations 126
DICPCG:  Solving for p, Initial residual = 3.3412407e-06, Final residual = 3.1158275e-08, No Iterations 292
DICPCG:  Solving for p, Initial residual = 1.9479908e-06, Final residual = 1.8612929e-08, No Iterations 48
time step continuity errors : sum local = 2.6633526e-10, global = 1.0828886e-11, cumulative = 3.6711907e-07
ExecutionTime = 175.06 s  ClockTime = 175 s

Time = 227

smoothSolver:  Solving for Ux, Initial residual = 1.1171001e-08, Final residual = 1.5541513e-09, No Iterations 1
smoothSolver:  Solving for Uy, Initial residual = 8.7605955e-09, Final residual = 8.7605955e-09, No Iterations 0
DICPCG:  Solving for p, Initial residual = 0.00011981514, Final residual = 1.1751129e-06, No Iterations 30
DICPCG:  Solving for p, Initial residual = 1.0352682e-05, Final residual = 1.0119048e-07, No Iterations 156
DICPCG:  Solving for p, Initial residual = 3.1053944e-06, Final residual = 3.0127687e-08, No Iterations 285
DICPCG:  Solving for p, Initial residual = 1.7420828e-06, Final residual = 1.595572e-08, No Iterations 51
time step continuity errors : sum local = 2.5545838e-10, global = 1.0836693e-11, cumulative = 3.6712991e-07
ExecutionTime = 175.48 s  ClockTime = 176 s

Time = 228

smoothSolver:  Solving for Ux, Initial residual = 1.1108653e-08, Final residual = 1.5437971e-09, No Iterations 1
smoothSolver:  Solving for Uy, Initial residual = 8.7417247e-09, Final residual = 8.7417247e-09, No Iterations 0
DICPCG:  Solving for p, Initial residual = 0.00011740508, Final residual = 1.1549968e-06, No Iterations 28
DICPCG:  Solving for p, Initial residual = 9.6798508e-06, Final residual = 9.2827588e-08, No Iterations 158
DICPCG:  Solving for p, Initial residual = 2.9594565e-06, Final residual = 2.8249358e-08, No Iterations 240
DICPCG:  Solving for p, Initial residual = 1.6926255e-06, Final residual = 1.6567285e-08, No Iterations 75
time step continuity errors : sum local = 2.8771025e-10, global = 1.0845071e-11, cumulative = 3.6714075e-07
ExecutionTime = 175.91 s  ClockTime = 176 s

Time = 229

smoothSolver:  Solving for Ux, Initial residual = 1.1041397e-08, Final residual = 1.534484e-09, No Iterations 1
smoothSolver:  Solving for Uy, Initial residual = 8.7121725e-09, Final residual = 8.7121725e-09, No Iterations 0
DICPCG:  Solving for p, Initial residual = 0.00011548233, Final residual = 1.0992557e-06, No Iterations 28
DICPCG:  Solving for p, Initial residual = 9.0101526e-06, Final residual = 8.1492946e-08, No Iterations 159
DICPCG:  Solving for p, Initial residual = 2.8667532e-06, Final residual = 2.8254053e-08, No Iterations 286
DICPCG:  Solving for p, Initial residual = 1.6776343e-06, Final residual = 1.5636576e-08, No Iterations 51
time step continuity errors : sum local = 2.5314105e-10, global = 1.0854247e-11, cumulative = 3.6715161e-07
ExecutionTime = 176.34 s  ClockTime = 176 s

Time = 230

smoothSolver:  Solving for Ux, Initial residual = 1.0975935e-08, Final residual = 1.5264365e-09, No Iterations 1
smoothSolver:  Solving for Uy, Initial residual = 8.6722873e-09, Final residual = 8.6722873e-09, No Iterations 0
DICPCG:  Solving for p, Initial residual = 0.00011382714, Final residual = 1.0897627e-06, No Iterations 29
DICPCG:  Solving for p, Initial residual = 8.5866784e-06, Final residual = 8.3452135e-08, No Iterations 159
DICPCG:  Solving for p, Initial residual = 2.9242056e-06, Final residual = 2.8870453e-08, No Iterations 294
DICPCG:  Solving for p, Initial residual = 1.7122542e-06, Final residual = 1.6732267e-08, No Iterations 48
time step continuity errors : sum local = 2.5784485e-10, global = 1.0864636e-11, cumulative = 3.6716247e-07
ExecutionTime = 176.77 s  ClockTime = 177 s

surfaceFieldValue flowRateTM write:
    sum(outlet_tm) of phi = 2.5079291e-11

surfaceFieldValue flowRateTM_left write:
    sum(outlet_tm_left) of phi = 2.4920711e-11

surfaceFieldValue pressureACinlet write:
    areaAverage(ac_inlet) of p = 3.872145

Time = 231

smoothSolver:  Solving for Ux, Initial residual = 1.0926233e-08, Final residual = 1.5196491e-09, No Iterations 1
smoothSolver:  Solving for Uy, Initial residual = 8.6276119e-09, Final residual = 8.6276119e-09, No Iterations 0
DICPCG:  Solving for p, Initial residual = 0.00011221306, Final residual = 1.0878658e-06, No Iterations 33
DICPCG:  Solving for p, Initial residual = 8.4783167e-06, Final residual = 8.3296323e-08, No Iterations 108
DICPCG:  Solving for p, Initial residual = 3.0250565e-06, Final residual = 3.020877e-08, No Iterations 262
DICPCG:  Solving for p, Initial residual = 1.7425567e-06, Final residual = 1.6225625e-08, No Iterations 51
time step continuity errors : sum local = 2.5771951e-10, global = 1.087561e-11, cumulative = 3.6717335e-07
ExecutionTime = 177.16 s  ClockTime = 177 s

Time = 232

smoothSolver:  Solving for Ux, Initial residual = 1.0890016e-08, Final residual = 1.5137455e-09, No Iterations 1
smoothSolver:  Solving for Uy, Initial residual = 8.5804605e-09, Final residual = 8.5804605e-09, No Iterations 0
DICPCG:  Solving for p, Initial residual = 0.00011072947, Final residual = 1.1046219e-06, No Iterations 42
DICPCG:  Solving for p, Initial residual = 8.4182779e-06, Final residual = 8.2659374e-08, No Iterations 87
DICPCG:  Solving for p, Initial residual = 2.884608e-06, Final residual = 2.883905e-08, No Iterations 291
DICPCG:  Solving for p, Initial residual = 1.6977003e-06, Final residual = 1.6621422e-08, No Iterations 49
time step continuity errors : sum local = 2.5660213e-10, global = 1.0886944e-11, cumulative = 3.6718423e-07
ExecutionTime = 177.56 s  ClockTime = 178 s

Time = 233

smoothSolver:  Solving for Ux, Initial residual = 1.0859031e-08, Final residual = 1.5081389e-09, No Iterations 1
smoothSolver:  Solving for Uy, Initial residual = 8.5330482e-09, Final residual = 8.5330482e-09, No Iterations 0
DICPCG:  Solving for p, Initial residual = 0.00010934824, Final residual = 1.0784018e-06, No Iterations 42
DICPCG:  Solving for p, Initial residual = 8.0755343e-06, Final residual = 7.7616373e-08, No Iterations 89
DICPCG:  Solving for p, Initial residual = 2.7918088e-06, Final residual = 2.6578948e-08, No Iterations 263
DICPCG:  Solving for p, Initial residual = 1.6568537e-06, Final residual = 1.6485132e-08, No Iterations 279
time step continuity errors : sum local = 4.680008e-10, global = 1.089887e-11, cumulative = 3.6719513e-07
ExecutionTime = 178.11 s  ClockTime = 178 s

Time = 234

smoothSolver:  Solving for Ux, Initial residual = 1.0819891e-08, Final residual = 1.5022343e-09, No Iterations 1
smoothSolver:  Solving for Uy, Initial residual = 8.4867114e-09, Final residual = 8.4867114e-09, No Iterations 0
DICPCG:  Solving for p, Initial residual = 0.00010824853, Final residual = 1.0488411e-06, No Iterations 40
DICPCG:  Solving for p, Initial residual = 7.6001008e-06, Final residual = 7.5654788e-08, No Iterations 90
DICPCG:  Solving for p, Initial residual = 2.6900248e-06, Final residual = 2.4911782e-08, No Iterations 261
DICPCG:  Solving for p, Initial residual = 1.6009226e-06, Final residual = 1.5772753e-08, No Iterations 52
time step continuity errors : sum local = 2.5419562e-10, global = 1.0908304e-11, cumulative = 3.6720604e-07
ExecutionTime = 178.5 s  ClockTime = 179 s

Time = 235

smoothSolver:  Solving for Ux, Initial residual = 1.0777036e-08, Final residual = 1.4955494e-09, No Iterations 1
smoothSolver:  Solving for Uy, Initial residual = 8.4428344e-09, Final residual = 8.4428344e-09, No Iterations 0
DICPCG:  Solving for p, Initial residual = 0.00010727737, Final residual = 1.050024e-06, No Iterations 33
DICPCG:  Solving for p, Initial residual = 7.1090155e-06, Final residual = 6.2841288e-08, No Iterations 309
DICPCG:  Solving for p, Initial residual = 2.7109409e-06, Final residual = 2.611162e-08, No Iterations 43
DICPCG:  Solving for p, Initial residual = 1.3999847e-06, Final residual = 1.3365839e-08, No Iterations 302
time step continuity errors : sum local = 4.6787608e-10, global = 1.0918295e-11, cumulative = 3.6721696e-07
ExecutionTime = 179.05 s  ClockTime = 179 s

Time = 236

smoothSolver:  Solving for Ux, Initial residual = 1.0723701e-08, Final residual = 1.4880435e-09, No Iterations 1
smoothSolver:  Solving for Uy, Initial residual = 8.401548e-09, Final residual = 8.401548e-09, No Iterations 0
DICPCG:  Solving for p, Initial residual = 0.00010642992, Final residual = 1.0614121e-06, No Iterations 27
DICPCG:  Solving for p, Initial residual = 6.8302694e-06, Final residual = 6.6258058e-08, No Iterations 165
DICPCG:  Solving for p, Initial residual = 2.5364121e-06, Final residual = 2.5359165e-08, No Iterations 284
DICPCG:  Solving for p, Initial residual = 1.4648801e-06, Final residual = 1.4354403e-08, No Iterations 55
time step continuity errors : sum local = 2.549125e-10, global = 1.0927462e-11, cumulative = 3.6722789e-07
ExecutionTime = 179.49 s  ClockTime = 180 s

Time = 237

smoothSolver:  Solving for Ux, Initial residual = 1.0638727e-08, Final residual = 1.4798922e-09, No Iterations 1
smoothSolver:  Solving for Uy, Initial residual = 8.3663521e-09, Final residual = 8.3663521e-09, No Iterations 0
DICPCG:  Solving for p, Initial residual = 0.00010558359, Final residual = 1.0042662e-06, No Iterations 26
DICPCG:  Solving for p, Initial residual = 6.6951063e-06, Final residual = 6.5364055e-08, No Iterations 162
DICPCG:  Solving for p, Initial residual = 2.5256557e-06, Final residual = 2.4723275e-08, No Iterations 285
DICPCG:  Solving for p, Initial residual = 1.5038901e-06, Final residual = 1.4367908e-08, No Iterations 48
time step continuity errors : sum local = 2.4260108e-10, global = 1.0937076e-11, cumulative = 3.6723882e-07
ExecutionTime = 179.91 s  ClockTime = 180 s

Time = 238

smoothSolver:  Solving for Ux, Initial residual = 1.056511e-08, Final residual = 1.4715438e-09, No Iterations 1
smoothSolver:  Solving for Uy, Initial residual = 8.3353153e-09, Final residual = 8.3353153e-09, No Iterations 0
DICPCG:  Solving for p, Initial residual = 0.00010467498, Final residual = 1.0102239e-06, No Iterations 26
DICPCG:  Solving for p, Initial residual = 6.5323158e-06, Final residual = 6.2373787e-08, No Iterations 163
DICPCG:  Solving for p, Initial residual = 2.4608098e-06, Final residual = 2.3371251e-08, No Iterations 279
DICPCG:  Solving for p, Initial residual = 1.4855388e-06, Final residual = 1.4141538e-08, No Iterations 47
time step continuity errors : sum local = 2.384847e-10, global = 1.0946554e-11, cumulative = 3.6724977e-07
ExecutionTime = 180.34 s  ClockTime = 180 s

Time = 239

smoothSolver:  Solving for Ux, Initial residual = 1.0501299e-08, Final residual = 1.463382e-09, No Iterations 1
smoothSolver:  Solving for Uy, Initial residual = 8.3037246e-09, Final residual = 8.3037246e-09, No Iterations 0
DICPCG:  Solving for p, Initial residual = 0.0001038422, Final residual = 1.003718e-06, No Iterations 26
DICPCG:  Solving for p, Initial residual = 6.4541093e-06, Final residual = 6.3726521e-08, No Iterations 163
DICPCG:  Solving for p, Initial residual = 2.5046441e-06, Final residual = 2.4245541e-08, No Iterations 279
DICPCG:  Solving for p, Initial residual = 1.521675e-06, Final residual = 1.4875513e-08, No Iterations 47
time step continuity errors : sum local = 2.469417e-10, global = 1.0956339e-11, cumulative = 3.6726073e-07
ExecutionTime = 180.77 s  ClockTime = 181 s

Time = 240

smoothSolver:  Solving for Ux, Initial residual = 1.0443786e-08, Final residual = 1.4556679e-09, No Iterations 1
smoothSolver:  Solving for Uy, Initial residual = 8.2697584e-09, Final residual = 8.2697584e-09, No Iterations 0
DICPCG:  Solving for p, Initial residual = 0.00010309774, Final residual = 9.7264398e-07, No Iterations 27
DICPCG:  Solving for p, Initial residual = 6.3629966e-06, Final residual = 6.002753e-08, No Iterations 306
DICPCG:  Solving for p, Initial residual = 2.6231894e-06, Final residual = 2.5767165e-08, No Iterations 45
DICPCG:  Solving for p, Initial residual = 1.4097956e-06, Final residual = 1.3597004e-08, No Iterations 47
time step continuity errors : sum local = 2.3662624e-10, global = 1.0965721e-11, cumulative = 3.6727169e-07
ExecutionTime = 181.14 s  ClockTime = 181 s

surfaceFieldValue flowRateTM write:
    sum(outlet_tm) of phi = 2.5079291e-11

surfaceFieldValue flowRateTM_left write:
    sum(outlet_tm_left) of phi = 2.4920711e-11

surfaceFieldValue pressureACinlet write:
    areaAverage(ac_inlet) of p = 3.872145

Time = 241

smoothSolver:  Solving for Ux, Initial residual = 1.0393065e-08, Final residual = 1.4484867e-09, No Iterations 1
smoothSolver:  Solving for Uy, Initial residual = 8.2335148e-09, Final residual = 8.2335148e-09, No Iterations 0
DICPCG:  Solving for p, Initial residual = 0.00010234069, Final residual = 1.0209386e-06, No Iterations 27
DICPCG:  Solving for p, Initial residual = 6.3352359e-06, Final residual = 6.0573224e-08, No Iterations 308
DICPCG:  Solving for p, Initial residual = 2.646991e-06, Final residual = 2.5511472e-08, No Iterations 44
DICPCG:  Solving for p, Initial residual = 1.4145624e-06, Final residual = 1.3926932e-08, No Iterations 47
time step continuity errors : sum local = 2.3887332e-10, global = 1.097551e-11, cumulative = 3.6728267e-07
ExecutionTime = 181.5 s  ClockTime = 182 s

Time = 242

smoothSolver:  Solving for Ux, Initial residual = 1.0349632e-08, Final residual = 1.4417429e-09, No Iterations 1
smoothSolver:  Solving for Uy, Initial residual = 8.1973314e-09, Final residual = 8.1973314e-09, No Iterations 0
DICPCG:  Solving for p, Initial residual = 0.00010156941, Final residual = 1.0062575e-06, No Iterations 28
DICPCG:  Solving for p, Initial residual = 6.2638761e-06, Final residual = 5.9696797e-08, No Iterations 307
DICPCG:  Solving for p, Initial residual = 2.6893708e-06, Final residual = 2.6386101e-08, No Iterations 41
DICPCG:  Solving for p, Initial residual = 1.4182517e-06, Final residual = 1.3993756e-08, No Iterations 47
time step continuity errors : sum local = 2.372124e-10, global = 1.0985194e-11, cumulative = 3.6729365e-07
ExecutionTime = 181.89 s  ClockTime = 182 s

Time = 243

smoothSolver:  Solving for Ux, Initial residual = 1.0311279e-08, Final residual = 1.4352628e-09, No Iterations 1
smoothSolver:  Solving for Uy, Initial residual = 8.1611678e-09, Final residual = 8.1611678e-09, No Iterations 0
DICPCG:  Solving for p, Initial residual = 0.00010086807, Final residual = 9.3435192e-07, No Iterations 29
DICPCG:  Solving for p, Initial residual = 6.182996e-06, Final residual = 5.5925609e-08, No Iterations 308
DICPCG:  Solving for p, Initial residual = 2.6813923e-06, Final residual = 2.5812608e-08, No Iterations 43
DICPCG:  Solving for p, Initial residual = 1.4036597e-06, Final residual = 1.3501499e-08, No Iterations 48
time step continuity errors : sum local = 2.3903829e-10, global = 1.0994783e-11, cumulative = 3.6730465e-07
ExecutionTime = 182.25 s  ClockTime = 182 s

Time = 244

smoothSolver:  Solving for Ux, Initial residual = 1.0274625e-08, Final residual = 1.4288591e-09, No Iterations 1
smoothSolver:  Solving for Uy, Initial residual = 8.1253535e-09, Final residual = 8.1253535e-09, No Iterations 0
DICPCG:  Solving for p, Initial residual = 0.00010019779, Final residual = 9.3145322e-07, No Iterations 29
DICPCG:  Solving for p, Initial residual = 6.1182711e-06, Final residual = 5.87547e-08, No Iterations 308
DICPCG:  Solving for p, Initial residual = 2.6468934e-06, Final residual = 2.6256073e-08, No Iterations 43
DICPCG:  Solving for p, Initial residual = 1.3792793e-06, Final residual = 1.3578883e-08, No Iterations 48
time step continuity errors : sum local = 2.3792112e-10, global = 1.1004335e-11, cumulative = 3.6731565e-07
ExecutionTime = 182.61 s  ClockTime = 183 s

Time = 245

smoothSolver:  Solving for Ux, Initial residual = 1.0237215e-08, Final residual = 1.4223727e-09, No Iterations 1
smoothSolver:  Solving for Uy, Initial residual = 8.0901551e-09, Final residual = 8.0901551e-09, No Iterations 0
DICPCG:  Solving for p, Initial residual = 9.9553881e-05, Final residual = 9.1866263e-07, No Iterations 29
DICPCG:  Solving for p, Initial residual = 6.110183e-06, Final residual = 6.0323741e-08, No Iterations 308
DICPCG:  Solving for p, Initial residual = 2.6572064e-06, Final residual = 2.618927e-08, No Iterations 44
DICPCG:  Solving for p, Initial residual = 1.3906166e-06, Final residual = 1.3728222e-08, No Iterations 52
time step continuity errors : sum local = 2.4676326e-10, global = 1.1013776e-11, cumulative = 3.6732666e-07
ExecutionTime = 182.97 s  ClockTime = 183 s


SIMPLE solution converged in 245 iterations

End


=== post-run summary ===
  nCells = N/A
nCells=41242
d_TM=1.2578e+14
IOP_AC_right=28.883 mmHg
IOP_AC_left=28.883 mmHg
IOP_AC_mean=28.883 mmHg
IOP_vitreous_mean=28.898 mmHg
delta_AC_vitreous=0.015 mmHg
Q_TM_total=5.0000e-11 m³/s (target 5.0000e-11)
Q_balance_error=0.00 %
=== doc-g1-sim1 done (M1) ===
