 Container myopenfoam-fsi-run-68cc07077c2e Creating 
 Container myopenfoam-fsi-run-68cc07077c2e Created 
=== doc-g1-sim1 (AC / vitreous / TM) MESH_LEVEL=M1 ===
=== gmshToFoam ===
/*---------------------------------------------------------------------------*\
| =========                 |                                                 |
| \\      /  F ield         | OpenFOAM: The Open Source CFD Toolbox           |
|  \\    /   O peration     | Version:  2512                                  |
|   \\  /    A nd           | Website:  www.openfoam.com                      |
|    \\/     M anipulation  |                                                 |
\*---------------------------------------------------------------------------*/
Build  : _bd2b6720-20260127 OPENFOAM=2512 version=2512
Arch   : "LSB;label=32;scalar=64"
Exec   : gmshToFoam eye_g1_lamminsalo.msh
Date   : Jul 16 2026
Time   : 01:34:24
Host   : 6adfd058f5f7
PID    : 227
I/O    : uncollated
Case   : /simulation/doc-g1-sim1/fluid
nProcs : 1
trapFpe: Floating point exception trapping enabled (FOAM_SIGFPE).
memory pool : not available
fileModificationChecking : Monitoring run-time modified files using timeStampMaster (fileModificationSkew 5, maxFileModificationPolls 20)
allowSystemOperations : Allowing user-supplied system call operations

// * * * * * * * * * * * * * * * * * * * * * * * * * * * * * * * * * * * * * //
Create time

Starting to read mesh format at line 2
Read format version 2.2  ascii 0

Starting to read physical names at line 5
Physical names:8
    Surface 2	ac_inlet
    Surface 3	ac_inlet_left
    Surface 4	outlet_tm
    Surface 5	outlet_tm_left
    Surface 6	lens_wall
    Surface 7	iris_wall
    Surface 8	wall
    Volume 1	fluid

Starting to read points at line 16
Vertices to be read: 42364
Vertices read:42364

Starting to read cells at line 42383
Cells to be read: 42364

Mapping region 8 to Foam patch 0
Mapping region 7 to Foam patch 1
Mapping region 4 to Foam patch 2
Mapping region 6 to Foam patch 3
Mapping region 2 to Foam patch 4
Mapping region 3 to Foam patch 5
Mapping region 5 to Foam patch 6
Mapping region 1 to Foam cellZone 0
Cells:
    total:41242
    hex  :0
    prism:41242
    pyr  :0
    tet  :0

CellZones:
Zone	Size
    0	41242

Patch 0 gets name wall
Patch 1 gets name iris_wall
Patch 2 gets name outlet_tm
Patch 3 gets name lens_wall
Patch 4 gets name ac_inlet
Patch 5 gets name ac_inlet_left
Patch 6 gets name outlet_tm_left

--> FOAM Warning : 
    From Foam::polyMesh::polyMesh(const Foam::IOobject&, Foam::pointField&&, const Foam::cellShapeList&, const Foam::faceListList&, const Foam::wordList&, const Foam::wordList&, const Foam::word&, const Foam::word&, const Foam::wordList&, bool)
    in file meshes/polyMesh/polyMeshFromShapeMesh.C at line 635
    Found 83606 undefined faces in mesh; adding to default patch defaultFaces
Finding faces of patch 0
Finding faces of patch 1
Finding faces of patch 2
Finding faces of patch 3
Finding faces of patch 4
Finding faces of patch 5
Finding faces of patch 6

FaceZones:
Zone	Size

Writing zone 0 to cellZone fluid and cellSet
End

=== topoSet zones (TM + vitreous) ===
/*---------------------------------------------------------------------------*\
| =========                 |                                                 |
| \\      /  F ield         | OpenFOAM: The Open Source CFD Toolbox           |
|  \\    /   O peration     | Version:  2512                                  |
|   \\  /    A nd           | Website:  www.openfoam.com                      |
|    \\/     M anipulation  |                                                 |
\*---------------------------------------------------------------------------*/
Build  : _bd2b6720-20260127 OPENFOAM=2512 version=2512
Arch   : "LSB;label=32;scalar=64"
Exec   : topoSet -dict system/topoSetDict.anatomical -constant
Date   : Jul 16 2026
Time   : 01:34:25
Host   : 6adfd058f5f7
PID    : 231
I/O    : uncollated
Case   : /simulation/doc-g1-sim1/fluid
nProcs : 1
trapFpe: Floating point exception trapping enabled (FOAM_SIGFPE).
memory pool : not available
fileModificationChecking : Monitoring run-time modified files using timeStampMaster (fileModificationSkew 5, maxFileModificationPolls 20)
allowSystemOperations : Allowing user-supplied system call operations

// * * * * * * * * * * * * * * * * * * * * * * * * * * * * * * * * * * * * * //
Create time

Create polyMesh for time = constant

Reading topoSetDict.anatomical

Time = constant
    mesh not changed.
Created cellSet tm_zone
    Applying source boxToCell
    Adding cells with centre within boxes 1((0.00645 -0.005 -1e-05) (0.00718 -0.00424 0.001001))
    cellSet tm_zone now size 69
Created cellZoneSet tm_zone
    Applying source setToCellZone
    Adding all cells from cell set: tm_zone ...
    cellZoneSet tm_zone now size 69
Created cellSet tm_zone_left
    Applying source boxToCell
    Adding cells with centre within boxes 1((-0.00718 -0.005 -1e-05) (-0.00645 -0.00424 0.001001))
    cellSet tm_zone_left now size 67
Created cellZoneSet tm_zone_left
    Applying source setToCellZone
    Adding all cells from cell set: tm_zone_left ...
    cellZoneSet tm_zone_left now size 67
Created cellSet vitreous_zone
    Applying source boxToCell
    Adding cells with centre within boxes 1((-0.008 -0.0015 -1e-05) (0.008 0.0074 0.001001))
    cellSet vitreous_zone now size 19682
Read set cellSet vitreous_zone size:19682
    Applying source boxToCell
    Removing cells with centre within boxes 1((0.00645 -0.005 -1e-05) (0.00718 -0.00424 0.001001))
    cellSet vitreous_zone now size 19682
Read set cellSet vitreous_zone size:19682
    Applying source boxToCell
    Removing cells with centre within boxes 1((-0.00718 -0.005 -1e-05) (-0.00645 -0.00424 0.001001))
    cellSet vitreous_zone now size 19682
Created cellZoneSet vitreous_zone
    Applying source setToCellZone
    Adding all cells from cell set: vitreous_zone ...
    cellZoneSet vitreous_zone now size 19682
Time = 0
    mesh not changed.
Created cellSet tm_zone
    Applying source boxToCell
    Adding cells with centre within boxes 1((0.00645 -0.005 -1e-05) (0.00718 -0.00424 0.001001))
    cellSet tm_zone now size 69
Created cellZoneSet tm_zone
    Applying source setToCellZone
    Adding all cells from cell set: tm_zone ...
    cellZoneSet tm_zone now size 69
Created cellSet tm_zone_left
    Applying source boxToCell
    Adding cells with centre within boxes 1((-0.00718 -0.005 -1e-05) (-0.00645 -0.00424 0.001001))
    cellSet tm_zone_left now size 67
Created cellZoneSet tm_zone_left
    Applying source setToCellZone
    Adding all cells from cell set: tm_zone_left ...
    cellZoneSet tm_zone_left now size 67
Created cellSet vitreous_zone
    Applying source boxToCell
    Adding cells with centre within boxes 1((-0.008 -0.0015 -1e-05) (0.008 0.0074 0.001001))
    cellSet vitreous_zone now size 19682
Read set cellSet vitreous_zone size:19682
    Applying source boxToCell
    Removing cells with centre within boxes 1((0.00645 -0.005 -1e-05) (0.00718 -0.00424 0.001001))
    cellSet vitreous_zone now size 19682
Read set cellSet vitreous_zone size:19682
    Applying source boxToCell
    Removing cells with centre within boxes 1((-0.00718 -0.005 -1e-05) (-0.00645 -0.00424 0.001001))
    cellSet vitreous_zone now size 19682
Created cellZoneSet vitreous_zone
    Applying source setToCellZone
    Adding all cells from cell set: vitreous_zone ...
    cellZoneSet vitreous_zone now size 19682
Time = 48
    mesh not changed.
Created cellSet tm_zone
    Applying source boxToCell
    Adding cells with centre within boxes 1((0.00645 -0.005 -1e-05) (0.00718 -0.00424 0.001001))
    cellSet tm_zone now size 69
Created cellZoneSet tm_zone
    Applying source setToCellZone
    Adding all cells from cell set: tm_zone ...
    cellZoneSet tm_zone now size 69
Created cellSet tm_zone_left
    Applying source boxToCell
    Adding cells with centre within boxes 1((-0.00718 -0.005 -1e-05) (-0.00645 -0.00424 0.001001))
    cellSet tm_zone_left now size 67
Created cellZoneSet tm_zone_left
    Applying source setToCellZone
    Adding all cells from cell set: tm_zone_left ...
    cellZoneSet tm_zone_left now size 67
Created cellSet vitreous_zone
    Applying source boxToCell
    Adding cells with centre within boxes 1((-0.008 -0.0015 -1e-05) (0.008 0.0074 0.001001))
    cellSet vitreous_zone now size 19682
Read set cellSet vitreous_zone size:19682
    Applying source boxToCell
    Removing cells with centre within boxes 1((0.00645 -0.005 -1e-05) (0.00718 -0.00424 0.001001))
    cellSet vitreous_zone now size 19682
Read set cellSet vitreous_zone size:19682
    Applying source boxToCell
    Removing cells with centre within boxes 1((-0.00718 -0.005 -1e-05) (-0.00645 -0.00424 0.001001))
    cellSet vitreous_zone now size 19682
Created cellZoneSet vitreous_zone
    Applying source setToCellZone
    Adding all cells from cell set: vitreous_zone ...
    cellZoneSet vitreous_zone now size 19682
Time = 50
    mesh not changed.
Created cellSet tm_zone
    Applying source boxToCell
    Adding cells with centre within boxes 1((0.00645 -0.005 -1e-05) (0.00718 -0.00424 0.001001))
    cellSet tm_zone now size 69
Created cellZoneSet tm_zone
    Applying source setToCellZone
    Adding all cells from cell set: tm_zone ...
    cellZoneSet tm_zone now size 69
Created cellSet tm_zone_left
    Applying source boxToCell
    Adding cells with centre within boxes 1((-0.00718 -0.005 -1e-05) (-0.00645 -0.00424 0.001001))
    cellSet tm_zone_left now size 67
Created cellZoneSet tm_zone_left
    Applying source setToCellZone
    Adding all cells from cell set: tm_zone_left ...
    cellZoneSet tm_zone_left now size 67
Created cellSet vitreous_zone
    Applying source boxToCell
    Adding cells with centre within boxes 1((-0.008 -0.0015 -1e-05) (0.008 0.0074 0.001001))
    cellSet vitreous_zone now size 19682
Read set cellSet vitreous_zone size:19682
    Applying source boxToCell
    Removing cells with centre within boxes 1((0.00645 -0.005 -1e-05) (0.00718 -0.00424 0.001001))
    cellSet vitreous_zone now size 19682
Read set cellSet vitreous_zone size:19682
    Applying source boxToCell
    Removing cells with centre within boxes 1((-0.00718 -0.005 -1e-05) (-0.00645 -0.00424 0.001001))
    cellSet vitreous_zone now size 19682
Created cellZoneSet vitreous_zone
    Applying source setToCellZone
    Adding all cells from cell set: vitreous_zone ...
    cellZoneSet vitreous_zone now size 19682
Time = 76
    mesh not changed.
Created cellSet tm_zone
    Applying source boxToCell
    Adding cells with centre within boxes 1((0.00645 -0.005 -1e-05) (0.00718 -0.00424 0.001001))
    cellSet tm_zone now size 69
Created cellZoneSet tm_zone
    Applying source setToCellZone
    Adding all cells from cell set: tm_zone ...
    cellZoneSet tm_zone now size 69
Created cellSet tm_zone_left
    Applying source boxToCell
    Adding cells with centre within boxes 1((-0.00718 -0.005 -1e-05) (-0.00645 -0.00424 0.001001))
    cellSet tm_zone_left now size 67
Created cellZoneSet tm_zone_left
    Applying source setToCellZone
    Adding all cells from cell set: tm_zone_left ...
    cellZoneSet tm_zone_left now size 67
Created cellSet vitreous_zone
    Applying source boxToCell
    Adding cells with centre within boxes 1((-0.008 -0.0015 -1e-05) (0.008 0.0074 0.001001))
    cellSet vitreous_zone now size 19682
Read set cellSet vitreous_zone size:19682
    Applying source boxToCell
    Removing cells with centre within boxes 1((0.00645 -0.005 -1e-05) (0.00718 -0.00424 0.001001))
    cellSet vitreous_zone now size 19682
Read set cellSet vitreous_zone size:19682
    Applying source boxToCell
    Removing cells with centre within boxes 1((-0.00718 -0.005 -1e-05) (-0.00645 -0.00424 0.001001))
    cellSet vitreous_zone now size 19682
Created cellZoneSet vitreous_zone
    Applying source setToCellZone
    Adding all cells from cell set: vitreous_zone ...
    cellZoneSet vitreous_zone now size 19682
Time = 90
    mesh not changed.
Created cellSet tm_zone
    Applying source boxToCell
    Adding cells with centre within boxes 1((0.00645 -0.005 -1e-05) (0.00718 -0.00424 0.001001))
    cellSet tm_zone now size 69
Created cellZoneSet tm_zone
    Applying source setToCellZone
    Adding all cells from cell set: tm_zone ...
    cellZoneSet tm_zone now size 69
Created cellSet tm_zone_left
    Applying source boxToCell
    Adding cells with centre within boxes 1((-0.00718 -0.005 -1e-05) (-0.00645 -0.00424 0.001001))
    cellSet tm_zone_left now size 67
Created cellZoneSet tm_zone_left
    Applying source setToCellZone
    Adding all cells from cell set: tm_zone_left ...
    cellZoneSet tm_zone_left now size 67
Created cellSet vitreous_zone
    Applying source boxToCell
    Adding cells with centre within boxes 1((-0.008 -0.0015 -1e-05) (0.008 0.0074 0.001001))
    cellSet vitreous_zone now size 19682
Read set cellSet vitreous_zone size:19682
    Applying source boxToCell
    Removing cells with centre within boxes 1((0.00645 -0.005 -1e-05) (0.00718 -0.00424 0.001001))
    cellSet vitreous_zone now size 19682
Read set cellSet vitreous_zone size:19682
    Applying source boxToCell
    Removing cells with centre within boxes 1((-0.00718 -0.005 -1e-05) (-0.00645 -0.00424 0.001001))
    cellSet vitreous_zone now size 19682
Created cellZoneSet vitreous_zone
    Applying source setToCellZone
    Adding all cells from cell set: vitreous_zone ...
    cellZoneSet vitreous_zone now size 19682
Time = 98
    mesh not changed.
Created cellSet tm_zone
    Applying source boxToCell
    Adding cells with centre within boxes 1((0.00645 -0.005 -1e-05) (0.00718 -0.00424 0.001001))
    cellSet tm_zone now size 69
Created cellZoneSet tm_zone
    Applying source setToCellZone
    Adding all cells from cell set: tm_zone ...
    cellZoneSet tm_zone now size 69
Created cellSet tm_zone_left
    Applying source boxToCell
    Adding cells with centre within boxes 1((-0.00718 -0.005 -1e-05) (-0.00645 -0.00424 0.001001))
    cellSet tm_zone_left now size 67
Created cellZoneSet tm_zone_left
    Applying source setToCellZone
    Adding all cells from cell set: tm_zone_left ...
    cellZoneSet tm_zone_left now size 67
Created cellSet vitreous_zone
    Applying source boxToCell
    Adding cells with centre within boxes 1((-0.008 -0.0015 -1e-05) (0.008 0.0074 0.001001))
    cellSet vitreous_zone now size 19682
Read set cellSet vitreous_zone size:19682
    Applying source boxToCell
    Removing cells with centre within boxes 1((0.00645 -0.005 -1e-05) (0.00718 -0.00424 0.001001))
    cellSet vitreous_zone now size 19682
Read set cellSet vitreous_zone size:19682
    Applying source boxToCell
    Removing cells with centre within boxes 1((-0.00718 -0.005 -1e-05) (-0.00645 -0.00424 0.001001))
    cellSet vitreous_zone now size 19682
Created cellZoneSet vitreous_zone
    Applying source setToCellZone
    Adding all cells from cell set: vitreous_zone ...
    cellZoneSet vitreous_zone now size 19682
Time = 100
    mesh not changed.
Created cellSet tm_zone
    Applying source boxToCell
    Adding cells with centre within boxes 1((0.00645 -0.005 -1e-05) (0.00718 -0.00424 0.001001))
    cellSet tm_zone now size 69
Created cellZoneSet tm_zone
    Applying source setToCellZone
    Adding all cells from cell set: tm_zone ...
    cellZoneSet tm_zone now size 69
Created cellSet tm_zone_left
    Applying source boxToCell
    Adding cells with centre within boxes 1((-0.00718 -0.005 -1e-05) (-0.00645 -0.00424 0.001001))
    cellSet tm_zone_left now size 67
Created cellZoneSet tm_zone_left
    Applying source setToCellZone
    Adding all cells from cell set: tm_zone_left ...
    cellZoneSet tm_zone_left now size 67
Created cellSet vitreous_zone
    Applying source boxToCell
    Adding cells with centre within boxes 1((-0.008 -0.0015 -1e-05) (0.008 0.0074 0.001001))
    cellSet vitreous_zone now size 19682
Read set cellSet vitreous_zone size:19682
    Applying source boxToCell
    Removing cells with centre within boxes 1((0.00645 -0.005 -1e-05) (0.00718 -0.00424 0.001001))
    cellSet vitreous_zone now size 19682
Read set cellSet vitreous_zone size:19682
    Applying source boxToCell
    Removing cells with centre within boxes 1((-0.00718 -0.005 -1e-05) (-0.00645 -0.00424 0.001001))
    cellSet vitreous_zone now size 19682
Created cellZoneSet vitreous_zone
    Applying source setToCellZone
    Adding all cells from cell set: vitreous_zone ...
    cellZoneSet vitreous_zone now size 19682
Time = 107
    mesh not changed.
Created cellSet tm_zone
    Applying source boxToCell
    Adding cells with centre within boxes 1((0.00645 -0.005 -1e-05) (0.00718 -0.00424 0.001001))
    cellSet tm_zone now size 69
Created cellZoneSet tm_zone
    Applying source setToCellZone
    Adding all cells from cell set: tm_zone ...
    cellZoneSet tm_zone now size 69
Created cellSet tm_zone_left
    Applying source boxToCell
    Adding cells with centre within boxes 1((-0.00718 -0.005 -1e-05) (-0.00645 -0.00424 0.001001))
    cellSet tm_zone_left now size 67
Created cellZoneSet tm_zone_left
    Applying source setToCellZone
    Adding all cells from cell set: tm_zone_left ...
    cellZoneSet tm_zone_left now size 67
Created cellSet vitreous_zone
    Applying source boxToCell
    Adding cells with centre within boxes 1((-0.008 -0.0015 -1e-05) (0.008 0.0074 0.001001))
    cellSet vitreous_zone now size 19682
Read set cellSet vitreous_zone size:19682
    Applying source boxToCell
    Removing cells with centre within boxes 1((0.00645 -0.005 -1e-05) (0.00718 -0.00424 0.001001))
    cellSet vitreous_zone now size 19682
Read set cellSet vitreous_zone size:19682
    Applying source boxToCell
    Removing cells with centre within boxes 1((-0.00718 -0.005 -1e-05) (-0.00645 -0.00424 0.001001))
    cellSet vitreous_zone now size 19682
Created cellZoneSet vitreous_zone
    Applying source setToCellZone
    Adding all cells from cell set: vitreous_zone ...
    cellZoneSet vitreous_zone now size 19682
Time = 150
    mesh not changed.
Created cellSet tm_zone
    Applying source boxToCell
    Adding cells with centre within boxes 1((0.00645 -0.005 -1e-05) (0.00718 -0.00424 0.001001))
    cellSet tm_zone now size 69
Created cellZoneSet tm_zone
    Applying source setToCellZone
    Adding all cells from cell set: tm_zone ...
    cellZoneSet tm_zone now size 69
Created cellSet tm_zone_left
    Applying source boxToCell
    Adding cells with centre within boxes 1((-0.00718 -0.005 -1e-05) (-0.00645 -0.00424 0.001001))
    cellSet tm_zone_left now size 67
Created cellZoneSet tm_zone_left
    Applying source setToCellZone
    Adding all cells from cell set: tm_zone_left ...
    cellZoneSet tm_zone_left now size 67
Created cellSet vitreous_zone
    Applying source boxToCell
    Adding cells with centre within boxes 1((-0.008 -0.0015 -1e-05) (0.008 0.0074 0.001001))
    cellSet vitreous_zone now size 19682
Read set cellSet vitreous_zone size:19682
    Applying source boxToCell
    Removing cells with centre within boxes 1((0.00645 -0.005 -1e-05) (0.00718 -0.00424 0.001001))
    cellSet vitreous_zone now size 19682
Read set cellSet vitreous_zone size:19682
    Applying source boxToCell
    Removing cells with centre within boxes 1((-0.00718 -0.005 -1e-05) (-0.00645 -0.00424 0.001001))
    cellSet vitreous_zone now size 19682
Created cellZoneSet vitreous_zone
    Applying source setToCellZone
    Adding all cells from cell set: vitreous_zone ...
    cellZoneSet vitreous_zone now size 19682
Time = 200
    mesh not changed.
Created cellSet tm_zone
    Applying source boxToCell
    Adding cells with centre within boxes 1((0.00645 -0.005 -1e-05) (0.00718 -0.00424 0.001001))
    cellSet tm_zone now size 69
Created cellZoneSet tm_zone
    Applying source setToCellZone
    Adding all cells from cell set: tm_zone ...
    cellZoneSet tm_zone now size 69
Created cellSet tm_zone_left
    Applying source boxToCell
    Adding cells with centre within boxes 1((-0.00718 -0.005 -1e-05) (-0.00645 -0.00424 0.001001))
    cellSet tm_zone_left now size 67
Created cellZoneSet tm_zone_left
    Applying source setToCellZone
    Adding all cells from cell set: tm_zone_left ...
    cellZoneSet tm_zone_left now size 67
Created cellSet vitreous_zone
    Applying source boxToCell
    Adding cells with centre within boxes 1((-0.008 -0.0015 -1e-05) (0.008 0.0074 0.001001))
    cellSet vitreous_zone now size 19682
Read set cellSet vitreous_zone size:19682
    Applying source boxToCell
    Removing cells with centre within boxes 1((0.00645 -0.005 -1e-05) (0.00718 -0.00424 0.001001))
    cellSet vitreous_zone now size 19682
Read set cellSet vitreous_zone size:19682
    Applying source boxToCell
    Removing cells with centre within boxes 1((-0.00718 -0.005 -1e-05) (-0.00645 -0.00424 0.001001))
    cellSet vitreous_zone now size 19682
Created cellZoneSet vitreous_zone
    Applying source setToCellZone
    Adding all cells from cell set: vitreous_zone ...
    cellZoneSet vitreous_zone now size 19682
Time = 242
    mesh not changed.
Created cellSet tm_zone
    Applying source boxToCell
    Adding cells with centre within boxes 1((0.00645 -0.005 -1e-05) (0.00718 -0.00424 0.001001))
    cellSet tm_zone now size 69
Created cellZoneSet tm_zone
    Applying source setToCellZone
    Adding all cells from cell set: tm_zone ...
    cellZoneSet tm_zone now size 69
Created cellSet tm_zone_left
    Applying source boxToCell
    Adding cells with centre within boxes 1((-0.00718 -0.005 -1e-05) (-0.00645 -0.00424 0.001001))
    cellSet tm_zone_left now size 67
Created cellZoneSet tm_zone_left
    Applying source setToCellZone
    Adding all cells from cell set: tm_zone_left ...
    cellZoneSet tm_zone_left now size 67
Created cellSet vitreous_zone
    Applying source boxToCell
    Adding cells with centre within boxes 1((-0.008 -0.0015 -1e-05) (0.008 0.0074 0.001001))
    cellSet vitreous_zone now size 19682
Read set cellSet vitreous_zone size:19682
    Applying source boxToCell
    Removing cells with centre within boxes 1((0.00645 -0.005 -1e-05) (0.00718 -0.00424 0.001001))
    cellSet vitreous_zone now size 19682
Read set cellSet vitreous_zone size:19682
    Applying source boxToCell
    Removing cells with centre within boxes 1((-0.00718 -0.005 -1e-05) (-0.00645 -0.00424 0.001001))
    cellSet vitreous_zone now size 19682
Created cellZoneSet vitreous_zone
    Applying source setToCellZone
    Adding all cells from cell set: vitreous_zone ...
    cellZoneSet vitreous_zone now size 19682
Time = 245
    mesh not changed.
Created cellSet tm_zone
    Applying source boxToCell
    Adding cells with centre within boxes 1((0.00645 -0.005 -1e-05) (0.00718 -0.00424 0.001001))
    cellSet tm_zone now size 69
Created cellZoneSet tm_zone
    Applying source setToCellZone
    Adding all cells from cell set: tm_zone ...
    cellZoneSet tm_zone now size 69
Created cellSet tm_zone_left
    Applying source boxToCell
    Adding cells with centre within boxes 1((-0.00718 -0.005 -1e-05) (-0.00645 -0.00424 0.001001))
    cellSet tm_zone_left now size 67
Created cellZoneSet tm_zone_left
    Applying source setToCellZone
    Adding all cells from cell set: tm_zone_left ...
    cellZoneSet tm_zone_left now size 67
Created cellSet vitreous_zone
    Applying source boxToCell
    Adding cells with centre within boxes 1((-0.008 -0.0015 -1e-05) (0.008 0.0074 0.001001))
    cellSet vitreous_zone now size 19682
Read set cellSet vitreous_zone size:19682
    Applying source boxToCell
    Removing cells with centre within boxes 1((0.00645 -0.005 -1e-05) (0.00718 -0.00424 0.001001))
    cellSet vitreous_zone now size 19682
Read set cellSet vitreous_zone size:19682
    Applying source boxToCell
    Removing cells with centre within boxes 1((-0.00718 -0.005 -1e-05) (-0.00645 -0.00424 0.001001))
    cellSet vitreous_zone now size 19682
Created cellZoneSet vitreous_zone
    Applying source setToCellZone
    Adding all cells from cell set: vitreous_zone ...
    cellZoneSet vitreous_zone now size 19682
Time = 250
    mesh not changed.
Created cellSet tm_zone
    Applying source boxToCell
    Adding cells with centre within boxes 1((0.00645 -0.005 -1e-05) (0.00718 -0.00424 0.001001))
    cellSet tm_zone now size 69
Created cellZoneSet tm_zone
    Applying source setToCellZone
    Adding all cells from cell set: tm_zone ...
    cellZoneSet tm_zone now size 69
Created cellSet tm_zone_left
    Applying source boxToCell
    Adding cells with centre within boxes 1((-0.00718 -0.005 -1e-05) (-0.00645 -0.00424 0.001001))
    cellSet tm_zone_left now size 67
Created cellZoneSet tm_zone_left
    Applying source setToCellZone
    Adding all cells from cell set: tm_zone_left ...
    cellZoneSet tm_zone_left now size 67
Created cellSet vitreous_zone
    Applying source boxToCell
    Adding cells with centre within boxes 1((-0.008 -0.0015 -1e-05) (0.008 0.0074 0.001001))
    cellSet vitreous_zone now size 19682
Read set cellSet vitreous_zone size:19682
    Applying source boxToCell
    Removing cells with centre within boxes 1((0.00645 -0.005 -1e-05) (0.00718 -0.00424 0.001001))
    cellSet vitreous_zone now size 19682
Read set cellSet vitreous_zone size:19682
    Applying source boxToCell
    Removing cells with centre within boxes 1((-0.00718 -0.005 -1e-05) (-0.00645 -0.00424 0.001001))
    cellSet vitreous_zone now size 19682
Created cellZoneSet vitreous_zone
    Applying source setToCellZone
    Adding all cells from cell set: vitreous_zone ...
    cellZoneSet vitreous_zone now size 19682
Time = 251
    mesh not changed.
Created cellSet tm_zone
    Applying source boxToCell
    Adding cells with centre within boxes 1((0.00645 -0.005 -1e-05) (0.00718 -0.00424 0.001001))
    cellSet tm_zone now size 69
Created cellZoneSet tm_zone
    Applying source setToCellZone
    Adding all cells from cell set: tm_zone ...
    cellZoneSet tm_zone now size 69
Created cellSet tm_zone_left
    Applying source boxToCell
    Adding cells with centre within boxes 1((-0.00718 -0.005 -1e-05) (-0.00645 -0.00424 0.001001))
    cellSet tm_zone_left now size 67
Created cellZoneSet tm_zone_left
    Applying source setToCellZone
    Adding all cells from cell set: tm_zone_left ...
    cellZoneSet tm_zone_left now size 67
Created cellSet vitreous_zone
    Applying source boxToCell
    Adding cells with centre within boxes 1((-0.008 -0.0015 -1e-05) (0.008 0.0074 0.001001))
    cellSet vitreous_zone now size 19682
Read set cellSet vitreous_zone size:19682
    Applying source boxToCell
    Removing cells with centre within boxes 1((0.00645 -0.005 -1e-05) (0.00718 -0.00424 0.001001))
    cellSet vitreous_zone now size 19682
Read set cellSet vitreous_zone size:19682
    Applying source boxToCell
    Removing cells with centre within boxes 1((-0.00718 -0.005 -1e-05) (-0.00645 -0.00424 0.001001))
    cellSet vitreous_zone now size 19682
Created cellZoneSet vitreous_zone
    Applying source setToCellZone
    Adding all cells from cell set: vitreous_zone ...
    cellZoneSet vitreous_zone now size 19682
Time = 300
    mesh not changed.
Created cellSet tm_zone
    Applying source boxToCell
    Adding cells with centre within boxes 1((0.00645 -0.005 -1e-05) (0.00718 -0.00424 0.001001))
    cellSet tm_zone now size 69
Created cellZoneSet tm_zone
    Applying source setToCellZone
    Adding all cells from cell set: tm_zone ...
    cellZoneSet tm_zone now size 69
Created cellSet tm_zone_left
    Applying source boxToCell
    Adding cells with centre within boxes 1((-0.00718 -0.005 -1e-05) (-0.00645 -0.00424 0.001001))
    cellSet tm_zone_left now size 67
Created cellZoneSet tm_zone_left
    Applying source setToCellZone
    Adding all cells from cell set: tm_zone_left ...
    cellZoneSet tm_zone_left now size 67
Created cellSet vitreous_zone
    Applying source boxToCell
    Adding cells with centre within boxes 1((-0.008 -0.0015 -1e-05) (0.008 0.0074 0.001001))
    cellSet vitreous_zone now size 19682
Read set cellSet vitreous_zone size:19682
    Applying source boxToCell
    Removing cells with centre within boxes 1((0.00645 -0.005 -1e-05) (0.00718 -0.00424 0.001001))
    cellSet vitreous_zone now size 19682
Read set cellSet vitreous_zone size:19682
    Applying source boxToCell
    Removing cells with centre within boxes 1((-0.00718 -0.005 -1e-05) (-0.00645 -0.00424 0.001001))
    cellSet vitreous_zone now size 19682
Created cellZoneSet vitreous_zone
    Applying source setToCellZone
    Adding all cells from cell set: vitreous_zone ...
    cellZoneSet vitreous_zone now size 19682
Time = 350
    mesh not changed.
Created cellSet tm_zone
    Applying source boxToCell
    Adding cells with centre within boxes 1((0.00645 -0.005 -1e-05) (0.00718 -0.00424 0.001001))
    cellSet tm_zone now size 69
Created cellZoneSet tm_zone
    Applying source setToCellZone
    Adding all cells from cell set: tm_zone ...
    cellZoneSet tm_zone now size 69
Created cellSet tm_zone_left
    Applying source boxToCell
    Adding cells with centre within boxes 1((-0.00718 -0.005 -1e-05) (-0.00645 -0.00424 0.001001))
    cellSet tm_zone_left now size 67
Created cellZoneSet tm_zone_left
    Applying source setToCellZone
    Adding all cells from cell set: tm_zone_left ...
    cellZoneSet tm_zone_left now size 67
Created cellSet vitreous_zone
    Applying source boxToCell
    Adding cells with centre within boxes 1((-0.008 -0.0015 -1e-05) (0.008 0.0074 0.001001))
    cellSet vitreous_zone now size 19682
Read set cellSet vitreous_zone size:19682
    Applying source boxToCell
    Removing cells with centre within boxes 1((0.00645 -0.005 -1e-05) (0.00718 -0.00424 0.001001))
    cellSet vitreous_zone now size 19682
Read set cellSet vitreous_zone size:19682
    Applying source boxToCell
    Removing cells with centre within boxes 1((-0.00718 -0.005 -1e-05) (-0.00645 -0.00424 0.001001))
    cellSet vitreous_zone now size 19682
Created cellZoneSet vitreous_zone
    Applying source setToCellZone
    Adding all cells from cell set: vitreous_zone ...
    cellZoneSet vitreous_zone now size 19682
Time = 400
    mesh not changed.
Created cellSet tm_zone
    Applying source boxToCell
    Adding cells with centre within boxes 1((0.00645 -0.005 -1e-05) (0.00718 -0.00424 0.001001))
    cellSet tm_zone now size 69
Created cellZoneSet tm_zone
    Applying source setToCellZone
    Adding all cells from cell set: tm_zone ...
    cellZoneSet tm_zone now size 69
Created cellSet tm_zone_left
    Applying source boxToCell
    Adding cells with centre within boxes 1((-0.00718 -0.005 -1e-05) (-0.00645 -0.00424 0.001001))
    cellSet tm_zone_left now size 67
Created cellZoneSet tm_zone_left
    Applying source setToCellZone
    Adding all cells from cell set: tm_zone_left ...
    cellZoneSet tm_zone_left now size 67
Created cellSet vitreous_zone
    Applying source boxToCell
    Adding cells with centre within boxes 1((-0.008 -0.0015 -1e-05) (0.008 0.0074 0.001001))
    cellSet vitreous_zone now size 19682
Read set cellSet vitreous_zone size:19682
    Applying source boxToCell
    Removing cells with centre within boxes 1((0.00645 -0.005 -1e-05) (0.00718 -0.00424 0.001001))
    cellSet vitreous_zone now size 19682
Read set cellSet vitreous_zone size:19682
    Applying source boxToCell
    Removing cells with centre within boxes 1((-0.00718 -0.005 -1e-05) (-0.00645 -0.00424 0.001001))
    cellSet vitreous_zone now size 19682
Created cellZoneSet vitreous_zone
    Applying source setToCellZone
    Adding all cells from cell set: vitreous_zone ...
    cellZoneSet vitreous_zone now size 19682
Time = 450
    mesh not changed.
Created cellSet tm_zone
    Applying source boxToCell
    Adding cells with centre within boxes 1((0.00645 -0.005 -1e-05) (0.00718 -0.00424 0.001001))
    cellSet tm_zone now size 69
Created cellZoneSet tm_zone
    Applying source setToCellZone
    Adding all cells from cell set: tm_zone ...
    cellZoneSet tm_zone now size 69
Created cellSet tm_zone_left
    Applying source boxToCell
    Adding cells with centre within boxes 1((-0.00718 -0.005 -1e-05) (-0.00645 -0.00424 0.001001))
    cellSet tm_zone_left now size 67
Created cellZoneSet tm_zone_left
    Applying source setToCellZone
    Adding all cells from cell set: tm_zone_left ...
    cellZoneSet tm_zone_left now size 67
Created cellSet vitreous_zone
    Applying source boxToCell
    Adding cells with centre within boxes 1((-0.008 -0.0015 -1e-05) (0.008 0.0074 0.001001))
    cellSet vitreous_zone now size 19682
Read set cellSet vitreous_zone size:19682
    Applying source boxToCell
    Removing cells with centre within boxes 1((0.00645 -0.005 -1e-05) (0.00718 -0.00424 0.001001))
    cellSet vitreous_zone now size 19682
Read set cellSet vitreous_zone size:19682
    Applying source boxToCell
    Removing cells with centre within boxes 1((-0.00718 -0.005 -1e-05) (-0.00645 -0.00424 0.001001))
    cellSet vitreous_zone now size 19682
Created cellZoneSet vitreous_zone
    Applying source setToCellZone
    Adding all cells from cell set: vitreous_zone ...
    cellZoneSet vitreous_zone now size 19682
Time = 500
    mesh not changed.
Created cellSet tm_zone
    Applying source boxToCell
    Adding cells with centre within boxes 1((0.00645 -0.005 -1e-05) (0.00718 -0.00424 0.001001))
    cellSet tm_zone now size 69
Created cellZoneSet tm_zone
    Applying source setToCellZone
    Adding all cells from cell set: tm_zone ...
    cellZoneSet tm_zone now size 69
Created cellSet tm_zone_left
    Applying source boxToCell
    Adding cells with centre within boxes 1((-0.00718 -0.005 -1e-05) (-0.00645 -0.00424 0.001001))
    cellSet tm_zone_left now size 67
Created cellZoneSet tm_zone_left
    Applying source setToCellZone
    Adding all cells from cell set: tm_zone_left ...
    cellZoneSet tm_zone_left now size 67
Created cellSet vitreous_zone
    Applying source boxToCell
    Adding cells with centre within boxes 1((-0.008 -0.0015 -1e-05) (0.008 0.0074 0.001001))
    cellSet vitreous_zone now size 19682
Read set cellSet vitreous_zone size:19682
    Applying source boxToCell
    Removing cells with centre within boxes 1((0.00645 -0.005 -1e-05) (0.00718 -0.00424 0.001001))
    cellSet vitreous_zone now size 19682
Read set cellSet vitreous_zone size:19682
    Applying source boxToCell
    Removing cells with centre within boxes 1((-0.00718 -0.005 -1e-05) (-0.00645 -0.00424 0.001001))
    cellSet vitreous_zone now size 19682
Created cellZoneSet vitreous_zone
    Applying source setToCellZone
    Adding all cells from cell set: vitreous_zone ...
    cellZoneSet vitreous_zone now size 19682

End

=== createPatch (front/back + outlets + inlets) ===
/*---------------------------------------------------------------------------*\
| =========                 |                                                 |
| \\      /  F ield         | OpenFOAM: The Open Source CFD Toolbox           |
|  \\    /   O peration     | Version:  2512                                  |
|   \\  /    A nd           | Website:  www.openfoam.com                      |
|    \\/     M anipulation  |                                                 |
\*---------------------------------------------------------------------------*/
Build  : _bd2b6720-20260127 OPENFOAM=2512 version=2512
Arch   : "LSB;label=32;scalar=64"
Exec   : topoSet -dict system/topoSetDict.frontBack -constant
Date   : Jul 16 2026
Time   : 01:34:30
Host   : 6adfd058f5f7
PID    : 234
I/O    : uncollated
Case   : /simulation/doc-g1-sim1/fluid
nProcs : 1
trapFpe: Floating point exception trapping enabled (FOAM_SIGFPE).
memory pool : not available
fileModificationChecking : Monitoring run-time modified files using timeStampMaster (fileModificationSkew 5, maxFileModificationPolls 20)
allowSystemOperations : Allowing user-supplied system call operations

// * * * * * * * * * * * * * * * * * * * * * * * * * * * * * * * * * * * * * //
Create time

Create polyMesh for time = constant

Reading topoSetDict.frontBack

Time = constant
    mesh not changed.
Created faceSet frontFaces
    Applying source patchToFace
    Adding all faces of patches: (defaultFaces) ...
    Found matching patch defaultFaces with 82484 faces
    faceSet frontFaces now size 82484
Read set faceSet frontFaces size:82484
    Applying source normalToFace
    Adding faces according to normal being aligned with (0 0 1) (to within 0.1) ...
    faceSet frontFaces now size 41242
Created faceSet backFaces
    Applying source patchToFace
    Adding all faces of patches: (defaultFaces) ...
    Found matching patch defaultFaces with 82484 faces
    faceSet backFaces now size 82484
Read set faceSet backFaces size:82484
    Applying source normalToFace
    Adding faces according to normal being aligned with (0 0 -1) (to within 0.1) ...
    faceSet backFaces now size 41242
Time = 0
    mesh not changed.
Created faceSet frontFaces
    Applying source patchToFace
    Adding all faces of patches: (defaultFaces) ...
    Found matching patch defaultFaces with 82484 faces
    faceSet frontFaces now size 82484
Read set faceSet frontFaces size:82484
    Applying source normalToFace
    Adding faces according to normal being aligned with (0 0 1) (to within 0.1) ...
    faceSet frontFaces now size 41242
Created faceSet backFaces
    Applying source patchToFace
    Adding all faces of patches: (defaultFaces) ...
    Found matching patch defaultFaces with 82484 faces
    faceSet backFaces now size 82484
Read set faceSet backFaces size:82484
    Applying source normalToFace
    Adding faces according to normal being aligned with (0 0 -1) (to within 0.1) ...
    faceSet backFaces now size 41242
Time = 48
    mesh not changed.
Created faceSet frontFaces
    Applying source patchToFace
    Adding all faces of patches: (defaultFaces) ...
    Found matching patch defaultFaces with 82484 faces
    faceSet frontFaces now size 82484
Read set faceSet frontFaces size:82484
    Applying source normalToFace
    Adding faces according to normal being aligned with (0 0 1) (to within 0.1) ...
    faceSet frontFaces now size 41242
Created faceSet backFaces
    Applying source patchToFace
    Adding all faces of patches: (defaultFaces) ...
    Found matching patch defaultFaces with 82484 faces
    faceSet backFaces now size 82484
Read set faceSet backFaces size:82484
    Applying source normalToFace
    Adding faces according to normal being aligned with (0 0 -1) (to within 0.1) ...
    faceSet backFaces now size 41242
Time = 50
    mesh not changed.
Created faceSet frontFaces
    Applying source patchToFace
    Adding all faces of patches: (defaultFaces) ...
    Found matching patch defaultFaces with 82484 faces
    faceSet frontFaces now size 82484
Read set faceSet frontFaces size:82484
    Applying source normalToFace
    Adding faces according to normal being aligned with (0 0 1) (to within 0.1) ...
    faceSet frontFaces now size 41242
Created faceSet backFaces
    Applying source patchToFace
    Adding all faces of patches: (defaultFaces) ...
    Found matching patch defaultFaces with 82484 faces
    faceSet backFaces now size 82484
Read set faceSet backFaces size:82484
    Applying source normalToFace
    Adding faces according to normal being aligned with (0 0 -1) (to within 0.1) ...
    faceSet backFaces now size 41242
Time = 76
    mesh not changed.
Created faceSet frontFaces
    Applying source patchToFace
    Adding all faces of patches: (defaultFaces) ...
    Found matching patch defaultFaces with 82484 faces
    faceSet frontFaces now size 82484
Read set faceSet frontFaces size:82484
    Applying source normalToFace
    Adding faces according to normal being aligned with (0 0 1) (to within 0.1) ...
    faceSet frontFaces now size 41242
Created faceSet backFaces
    Applying source patchToFace
    Adding all faces of patches: (defaultFaces) ...
    Found matching patch defaultFaces with 82484 faces
    faceSet backFaces now size 82484
Read set faceSet backFaces size:82484
    Applying source normalToFace
    Adding faces according to normal being aligned with (0 0 -1) (to within 0.1) ...
    faceSet backFaces now size 41242
Time = 90
    mesh not changed.
Created faceSet frontFaces
    Applying source patchToFace
    Adding all faces of patches: (defaultFaces) ...
    Found matching patch defaultFaces with 82484 faces
    faceSet frontFaces now size 82484
Read set faceSet frontFaces size:82484
    Applying source normalToFace
    Adding faces according to normal being aligned with (0 0 1) (to within 0.1) ...
    faceSet frontFaces now size 41242
Created faceSet backFaces
    Applying source patchToFace
    Adding all faces of patches: (defaultFaces) ...
    Found matching patch defaultFaces with 82484 faces
    faceSet backFaces now size 82484
Read set faceSet backFaces size:82484
    Applying source normalToFace
    Adding faces according to normal being aligned with (0 0 -1) (to within 0.1) ...
    faceSet backFaces now size 41242
Time = 98
    mesh not changed.
Created faceSet frontFaces
    Applying source patchToFace
    Adding all faces of patches: (defaultFaces) ...
    Found matching patch defaultFaces with 82484 faces
    faceSet frontFaces now size 82484
Read set faceSet frontFaces size:82484
    Applying source normalToFace
    Adding faces according to normal being aligned with (0 0 1) (to within 0.1) ...
    faceSet frontFaces now size 41242
Created faceSet backFaces
    Applying source patchToFace
    Adding all faces of patches: (defaultFaces) ...
    Found matching patch defaultFaces with 82484 faces
    faceSet backFaces now size 82484
Read set faceSet backFaces size:82484
    Applying source normalToFace
    Adding faces according to normal being aligned with (0 0 -1) (to within 0.1) ...
    faceSet backFaces now size 41242
Time = 100
    mesh not changed.
Created faceSet frontFaces
    Applying source patchToFace
    Adding all faces of patches: (defaultFaces) ...
    Found matching patch defaultFaces with 82484 faces
    faceSet frontFaces now size 82484
Read set faceSet frontFaces size:82484
    Applying source normalToFace
    Adding faces according to normal being aligned with (0 0 1) (to within 0.1) ...
    faceSet frontFaces now size 41242
Created faceSet backFaces
    Applying source patchToFace
    Adding all faces of patches: (defaultFaces) ...
    Found matching patch defaultFaces with 82484 faces
    faceSet backFaces now size 82484
Read set faceSet backFaces size:82484
    Applying source normalToFace
    Adding faces according to normal being aligned with (0 0 -1) (to within 0.1) ...
    faceSet backFaces now size 41242
Time = 107
    mesh not changed.
Created faceSet frontFaces
    Applying source patchToFace
    Adding all faces of patches: (defaultFaces) ...
    Found matching patch defaultFaces with 82484 faces
    faceSet frontFaces now size 82484
Read set faceSet frontFaces size:82484
    Applying source normalToFace
    Adding faces according to normal being aligned with (0 0 1) (to within 0.1) ...
    faceSet frontFaces now size 41242
Created faceSet backFaces
    Applying source patchToFace
    Adding all faces of patches: (defaultFaces) ...
    Found matching patch defaultFaces with 82484 faces
    faceSet backFaces now size 82484
Read set faceSet backFaces size:82484
    Applying source normalToFace
    Adding faces according to normal being aligned with (0 0 -1) (to within 0.1) ...
    faceSet backFaces now size 41242
Time = 150
    mesh not changed.
Created faceSet frontFaces
    Applying source patchToFace
    Adding all faces of patches: (defaultFaces) ...
    Found matching patch defaultFaces with 82484 faces
    faceSet frontFaces now size 82484
Read set faceSet frontFaces size:82484
    Applying source normalToFace
    Adding faces according to normal being aligned with (0 0 1) (to within 0.1) ...
    faceSet frontFaces now size 41242
Created faceSet backFaces
    Applying source patchToFace
    Adding all faces of patches: (defaultFaces) ...
    Found matching patch defaultFaces with 82484 faces
    faceSet backFaces now size 82484
Read set faceSet backFaces size:82484
    Applying source normalToFace
    Adding faces according to normal being aligned with (0 0 -1) (to within 0.1) ...
    faceSet backFaces now size 41242
Time = 200
    mesh not changed.
Created faceSet frontFaces
    Applying source patchToFace
    Adding all faces of patches: (defaultFaces) ...
    Found matching patch defaultFaces with 82484 faces
    faceSet frontFaces now size 82484
Read set faceSet frontFaces size:82484
    Applying source normalToFace
    Adding faces according to normal being aligned with (0 0 1) (to within 0.1) ...
    faceSet frontFaces now size 41242
Created faceSet backFaces
    Applying source patchToFace
    Adding all faces of patches: (defaultFaces) ...
    Found matching patch defaultFaces with 82484 faces
    faceSet backFaces now size 82484
Read set faceSet backFaces size:82484
    Applying source normalToFace
    Adding faces according to normal being aligned with (0 0 -1) (to within 0.1) ...
    faceSet backFaces now size 41242
Time = 242
    mesh not changed.
Created faceSet frontFaces
    Applying source patchToFace
    Adding all faces of patches: (defaultFaces) ...
    Found matching patch defaultFaces with 82484 faces
    faceSet frontFaces now size 82484
Read set faceSet frontFaces size:82484
    Applying source normalToFace
    Adding faces according to normal being aligned with (0 0 1) (to within 0.1) ...
    faceSet frontFaces now size 41242
Created faceSet backFaces
    Applying source patchToFace
    Adding all faces of patches: (defaultFaces) ...
    Found matching patch defaultFaces with 82484 faces
    faceSet backFaces now size 82484
Read set faceSet backFaces size:82484
    Applying source normalToFace
    Adding faces according to normal being aligned with (0 0 -1) (to within 0.1) ...
    faceSet backFaces now size 41242
Time = 245
    mesh not changed.
Created faceSet frontFaces
    Applying source patchToFace
    Adding all faces of patches: (defaultFaces) ...
    Found matching patch defaultFaces with 82484 faces
    faceSet frontFaces now size 82484
Read set faceSet frontFaces size:82484
    Applying source normalToFace
    Adding faces according to normal being aligned with (0 0 1) (to within 0.1) ...
    faceSet frontFaces now size 41242
Created faceSet backFaces
    Applying source patchToFace
    Adding all faces of patches: (defaultFaces) ...
    Found matching patch defaultFaces with 82484 faces
    faceSet backFaces now size 82484
Read set faceSet backFaces size:82484
    Applying source normalToFace
    Adding faces according to normal being aligned with (0 0 -1) (to within 0.1) ...
    faceSet backFaces now size 41242
Time = 250
    mesh not changed.
Created faceSet frontFaces
    Applying source patchToFace
    Adding all faces of patches: (defaultFaces) ...
    Found matching patch defaultFaces with 82484 faces
    faceSet frontFaces now size 82484
Read set faceSet frontFaces size:82484
    Applying source normalToFace
    Adding faces according to normal being aligned with (0 0 1) (to within 0.1) ...
    faceSet frontFaces now size 41242
Created faceSet backFaces
    Applying source patchToFace
    Adding all faces of patches: (defaultFaces) ...
    Found matching patch defaultFaces with 82484 faces
    faceSet backFaces now size 82484
Read set faceSet backFaces size:82484
    Applying source normalToFace
    Adding faces according to normal being aligned with (0 0 -1) (to within 0.1) ...
    faceSet backFaces now size 41242
Time = 251
    mesh not changed.
Created faceSet frontFaces
    Applying source patchToFace
    Adding all faces of patches: (defaultFaces) ...
    Found matching patch defaultFaces with 82484 faces
    faceSet frontFaces now size 82484
Read set faceSet frontFaces size:82484
    Applying source normalToFace
    Adding faces according to normal being aligned with (0 0 1) (to within 0.1) ...
    faceSet frontFaces now size 41242
Created faceSet backFaces
    Applying source patchToFace
    Adding all faces of patches: (defaultFaces) ...
    Found matching patch defaultFaces with 82484 faces
    faceSet backFaces now size 82484
Read set faceSet backFaces size:82484
    Applying source normalToFace
    Adding faces according to normal being aligned with (0 0 -1) (to within 0.1) ...
    faceSet backFaces now size 41242
Time = 300
    mesh not changed.
Created faceSet frontFaces
    Applying source patchToFace
    Adding all faces of patches: (defaultFaces) ...
    Found matching patch defaultFaces with 82484 faces
    faceSet frontFaces now size 82484
Read set faceSet frontFaces size:82484
    Applying source normalToFace
    Adding faces according to normal being aligned with (0 0 1) (to within 0.1) ...
    faceSet frontFaces now size 41242
Created faceSet backFaces
    Applying source patchToFace
    Adding all faces of patches: (defaultFaces) ...
    Found matching patch defaultFaces with 82484 faces
    faceSet backFaces now size 82484
Read set faceSet backFaces size:82484
    Applying source normalToFace
    Adding faces according to normal being aligned with (0 0 -1) (to within 0.1) ...
    faceSet backFaces now size 41242
Time = 350
    mesh not changed.
Created faceSet frontFaces
    Applying source patchToFace
    Adding all faces of patches: (defaultFaces) ...
    Found matching patch defaultFaces with 82484 faces
    faceSet frontFaces now size 82484
Read set faceSet frontFaces size:82484
    Applying source normalToFace
    Adding faces according to normal being aligned with (0 0 1) (to within 0.1) ...
    faceSet frontFaces now size 41242
Created faceSet backFaces
    Applying source patchToFace
    Adding all faces of patches: (defaultFaces) ...
    Found matching patch defaultFaces with 82484 faces
    faceSet backFaces now size 82484
Read set faceSet backFaces size:82484
    Applying source normalToFace
    Adding faces according to normal being aligned with (0 0 -1) (to within 0.1) ...
    faceSet backFaces now size 41242
Time = 400
    mesh not changed.
Created faceSet frontFaces
    Applying source patchToFace
    Adding all faces of patches: (defaultFaces) ...
    Found matching patch defaultFaces with 82484 faces
    faceSet frontFaces now size 82484
Read set faceSet frontFaces size:82484
    Applying source normalToFace
    Adding faces according to normal being aligned with (0 0 1) (to within 0.1) ...
    faceSet frontFaces now size 41242
Created faceSet backFaces
    Applying source patchToFace
    Adding all faces of patches: (defaultFaces) ...
    Found matching patch defaultFaces with 82484 faces
    faceSet backFaces now size 82484
Read set faceSet backFaces size:82484
    Applying source normalToFace
    Adding faces according to normal being aligned with (0 0 -1) (to within 0.1) ...
    faceSet backFaces now size 41242
Time = 450
    mesh not changed.
Created faceSet frontFaces
    Applying source patchToFace
    Adding all faces of patches: (defaultFaces) ...
    Found matching patch defaultFaces with 82484 faces
    faceSet frontFaces now size 82484
Read set faceSet frontFaces size:82484
    Applying source normalToFace
    Adding faces according to normal being aligned with (0 0 1) (to within 0.1) ...
    faceSet frontFaces now size 41242
Created faceSet backFaces
    Applying source patchToFace
    Adding all faces of patches: (defaultFaces) ...
    Found matching patch defaultFaces with 82484 faces
    faceSet backFaces now size 82484
Read set faceSet backFaces size:82484
    Applying source normalToFace
    Adding faces according to normal being aligned with (0 0 -1) (to within 0.1) ...
    faceSet backFaces now size 41242
Time = 500
    mesh not changed.
Created faceSet frontFaces
    Applying source patchToFace
    Adding all faces of patches: (defaultFaces) ...
    Found matching patch defaultFaces with 82484 faces
    faceSet frontFaces now size 82484
Read set faceSet frontFaces size:82484
    Applying source normalToFace
    Adding faces according to normal being aligned with (0 0 1) (to within 0.1) ...
    faceSet frontFaces now size 41242
Created faceSet backFaces
    Applying source patchToFace
    Adding all faces of patches: (defaultFaces) ...
    Found matching patch defaultFaces with 82484 faces
    faceSet backFaces now size 82484
Read set faceSet backFaces size:82484
    Applying source normalToFace
    Adding faces according to normal being aligned with (0 0 -1) (to within 0.1) ...
    faceSet backFaces now size 41242

End

/*---------------------------------------------------------------------------*\
| =========                 |                                                 |
| \\      /  F ield         | OpenFOAM: The Open Source CFD Toolbox           |
|  \\    /   O peration     | Version:  2512                                  |
|   \\  /    A nd           | Website:  www.openfoam.com                      |
|    \\/     M anipulation  |                                                 |
\*---------------------------------------------------------------------------*/
Build  : _bd2b6720-20260127 OPENFOAM=2512 version=2512
Arch   : "LSB;label=32;scalar=64"
Exec   : topoSet -dict system/topoSetDict.splitWall -constant
Date   : Jul 16 2026
Time   : 01:34:34
Host   : 6adfd058f5f7
PID    : 237
I/O    : uncollated
Case   : /simulation/doc-g1-sim1/fluid
nProcs : 1
trapFpe: Floating point exception trapping enabled (FOAM_SIGFPE).
memory pool : not available
fileModificationChecking : Monitoring run-time modified files using timeStampMaster (fileModificationSkew 5, maxFileModificationPolls 20)
allowSystemOperations : Allowing user-supplied system call operations

// * * * * * * * * * * * * * * * * * * * * * * * * * * * * * * * * * * * * * //
Create time

Create polyMesh for time = constant

Reading topoSetDict.splitWall

Time = constant
    mesh not changed.
Created faceSet outlet_tm_faces
    Applying source patchToFace
    Adding all faces of patches: (outlet_tm) ...
    Found matching patch outlet_tm with 6 faces
    faceSet outlet_tm_faces now size 6
Read set faceSet outlet_tm_faces size:6
    Applying source patchToFace
    Adding all faces of patches: (wall) ...
    Found matching patch wall with 554 faces
    faceSet outlet_tm_faces now size 560
Read set faceSet outlet_tm_faces size:560
    Applying source patchToFace
    Adding all faces of patches: (iris_wall) ...
    Found matching patch iris_wall with 240 faces
    faceSet outlet_tm_faces now size 800
Read set faceSet outlet_tm_faces size:800
    Applying source patchToFace
    Adding all faces of patches: (tm_se_wall) ...
--> FOAM Warning : 
    From Foam::labelHashSet Foam::polyBoundaryMesh::patchSet(const Foam::UList<Foam::wordRe>&, bool, bool) const
    in file meshes/polyMesh/polyBoundaryMesh/polyBoundaryMesh.C at line 1158
    Cannot find any patch names matching tm_se_wall
--> FOAM Warning : 
    From void Foam::patchToFace::combine(Foam::topoSet&, bool) const
    in file topoSet/faceSources/patchToFace/patchToFace.C at line 96
    Cannot find any patches matching (tm_se_wall)
Valid names: (wall iris_wall outlet_tm lens_wall ac_inlet ac_inlet_left outlet_tm_left defaultFaces)
    faceSet outlet_tm_faces now size 800
Read set faceSet outlet_tm_faces size:800
    Applying source boxToFace
    Adding faces with centre within boxes 1((0.00665 -0.0048 -1e-05) (0.00698 -0.00445 0.001001))
    faceSet outlet_tm_faces now size 4
Read set faceSet outlet_tm_faces size:4
    Applying source normalToFace
    Adding faces according to normal being aligned with (0.75568908 -0.65493054 0) (to within 0.35) ...
    faceSet outlet_tm_faces now size 2
Created faceSet outlet_tm_left_faces
    Applying source patchToFace
    Adding all faces of patches: (outlet_tm_left) ...
    Found matching patch outlet_tm_left with 6 faces
    faceSet outlet_tm_left_faces now size 6
Read set faceSet outlet_tm_left_faces size:6
    Applying source patchToFace
    Adding all faces of patches: (wall) ...
    Found matching patch wall with 554 faces
    faceSet outlet_tm_left_faces now size 560
Read set faceSet outlet_tm_left_faces size:560
    Applying source patchToFace
    Adding all faces of patches: (iris_wall) ...
    Found matching patch iris_wall with 240 faces
    faceSet outlet_tm_left_faces now size 800
Read set faceSet outlet_tm_left_faces size:800
    Applying source patchToFace
    Adding all faces of patches: (tm_se_wall) ...
--> FOAM Warning : 
    From Foam::labelHashSet Foam::polyBoundaryMesh::patchSet(const Foam::UList<Foam::wordRe>&, bool, bool) const
    in file meshes/polyMesh/polyBoundaryMesh/polyBoundaryMesh.C at line 1158
    Cannot find any patch names matching tm_se_wall
--> FOAM Warning : 
    From void Foam::patchToFace::combine(Foam::topoSet&, bool) const
    in file topoSet/faceSources/patchToFace/patchToFace.C at line 96
    Cannot find any patches matching (tm_se_wall)
Valid names: (wall iris_wall outlet_tm lens_wall ac_inlet ac_inlet_left outlet_tm_left defaultFaces)
    faceSet outlet_tm_left_faces now size 800
Read set faceSet outlet_tm_left_faces size:800
    Applying source boxToFace
    Adding faces with centre within boxes 1((-0.00698 -0.0048 -1e-05) (-0.00665 -0.00445 0.001001))
    faceSet outlet_tm_left_faces now size 4
Read set faceSet outlet_tm_left_faces size:4
    Applying source normalToFace
    Adding faces according to normal being aligned with (-0.75568908 -0.65493054 0) (to within 0.35) ...
    faceSet outlet_tm_left_faces now size 2
Created faceSet ac_inlet_faces
    Applying source patchToFace
    Adding all faces of patches: (ac_inlet) ...
    Found matching patch ac_inlet with 5 faces
    faceSet ac_inlet_faces now size 5
Read set faceSet ac_inlet_faces size:5
    Applying source patchToFace
    Adding all faces of patches: (wall) ...
    Found matching patch wall with 554 faces
    faceSet ac_inlet_faces now size 559
Read set faceSet ac_inlet_faces size:559
    Applying source patchToFace
    Adding all faces of patches: (iris_wall) ...
    Found matching patch iris_wall with 240 faces
    faceSet ac_inlet_faces now size 799
Read set faceSet ac_inlet_faces size:799
    Applying source boxToFace
    Adding faces with centre within boxes 1((0.00685 -0.00392 -1e-05) (0.00715 -0.00328 0.001001))
    faceSet ac_inlet_faces now size 10
Read set faceSet ac_inlet_faces size:10
    Applying source normalToFace
    Adding faces according to normal being aligned with (0.97618706 -0.21693046 0) (to within 0.5) ...
    faceSet ac_inlet_faces now size 7
Created faceSet ac_inlet_left_faces
    Applying source patchToFace
    Adding all faces of patches: (ac_inlet_left) ...
    Found matching patch ac_inlet_left with 5 faces
    faceSet ac_inlet_left_faces now size 5
Read set faceSet ac_inlet_left_faces size:5
    Applying source patchToFace
    Adding all faces of patches: (wall) ...
    Found matching patch wall with 554 faces
    faceSet ac_inlet_left_faces now size 559
Read set faceSet ac_inlet_left_faces size:559
    Applying source patchToFace
    Adding all faces of patches: (iris_wall) ...
    Found matching patch iris_wall with 240 faces
    faceSet ac_inlet_left_faces now size 799
Read set faceSet ac_inlet_left_faces size:799
    Applying source boxToFace
    Adding faces with centre within boxes 1((-0.00715 -0.00392 -1e-05) (-0.00685 -0.00328 0.001001))
    faceSet ac_inlet_left_faces now size 10
Read set faceSet ac_inlet_left_faces size:10
    Applying source normalToFace
    Adding faces according to normal being aligned with (-0.97618706 -0.21693046 0) (to within 0.5) ...
    faceSet ac_inlet_left_faces now size 7
Created faceSet demote_to_wall
    Applying source patchToFace
    Adding all faces of patches: (outlet_tm) ...
    Found matching patch outlet_tm with 6 faces
    faceSet demote_to_wall now size 6
Read set faceSet demote_to_wall size:6
    Applying source patchToFace
    Adding all faces of patches: (outlet_tm_left) ...
    Found matching patch outlet_tm_left with 6 faces
    faceSet demote_to_wall now size 12
Read set faceSet demote_to_wall size:12
    Applying source patchToFace
    Adding all faces of patches: (ac_inlet) ...
    Found matching patch ac_inlet with 5 faces
    faceSet demote_to_wall now size 17
Read set faceSet demote_to_wall size:17
    Applying source patchToFace
    Adding all faces of patches: (ac_inlet_left) ...
    Found matching patch ac_inlet_left with 5 faces
    faceSet demote_to_wall now size 22
Read set faceSet demote_to_wall size:22
    Applying source faceToFace
    Removing all elements of face sets: (outlet_tm_faces)
    faceSet demote_to_wall now size 20
Read set faceSet demote_to_wall size:20
    Applying source faceToFace
    Removing all elements of face sets: (outlet_tm_left_faces)
    faceSet demote_to_wall now size 18
Read set faceSet demote_to_wall size:18
    Applying source faceToFace
    Removing all elements of face sets: (ac_inlet_faces)
    faceSet demote_to_wall now size 15
Read set faceSet demote_to_wall size:15
    Applying source faceToFace
    Removing all elements of face sets: (ac_inlet_left_faces)
    faceSet demote_to_wall now size 12
Time = 0
    mesh not changed.
Created faceSet outlet_tm_faces
    Applying source patchToFace
    Adding all faces of patches: (outlet_tm) ...
    Found matching patch outlet_tm with 6 faces
    faceSet outlet_tm_faces now size 6
Read set faceSet outlet_tm_faces size:6
    Applying source patchToFace
    Adding all faces of patches: (wall) ...
    Found matching patch wall with 554 faces
    faceSet outlet_tm_faces now size 560
Read set faceSet outlet_tm_faces size:560
    Applying source patchToFace
    Adding all faces of patches: (iris_wall) ...
    Found matching patch iris_wall with 240 faces
    faceSet outlet_tm_faces now size 800
Read set faceSet outlet_tm_faces size:800
    Applying source patchToFace
    Adding all faces of patches: (tm_se_wall) ...
--> FOAM Warning : 
    From Foam::labelHashSet Foam::polyBoundaryMesh::patchSet(const Foam::UList<Foam::wordRe>&, bool, bool) const
    in file meshes/polyMesh/polyBoundaryMesh/polyBoundaryMesh.C at line 1158
    Cannot find any patch names matching tm_se_wall
--> FOAM Warning : 
    From void Foam::patchToFace::combine(Foam::topoSet&, bool) const
    in file topoSet/faceSources/patchToFace/patchToFace.C at line 96
    Cannot find any patches matching (tm_se_wall)
Valid names: (wall iris_wall outlet_tm lens_wall ac_inlet ac_inlet_left outlet_tm_left defaultFaces)
    faceSet outlet_tm_faces now size 800
Read set faceSet outlet_tm_faces size:800
    Applying source boxToFace
    Adding faces with centre within boxes 1((0.00665 -0.0048 -1e-05) (0.00698 -0.00445 0.001001))
    faceSet outlet_tm_faces now size 4
Read set faceSet outlet_tm_faces size:4
    Applying source normalToFace
    Adding faces according to normal being aligned with (0.75568908 -0.65493054 0) (to within 0.35) ...
    faceSet outlet_tm_faces now size 2
Created faceSet outlet_tm_left_faces
    Applying source patchToFace
    Adding all faces of patches: (outlet_tm_left) ...
    Found matching patch outlet_tm_left with 6 faces
    faceSet outlet_tm_left_faces now size 6
Read set faceSet outlet_tm_left_faces size:6
    Applying source patchToFace
    Adding all faces of patches: (wall) ...
    Found matching patch wall with 554 faces
    faceSet outlet_tm_left_faces now size 560
Read set faceSet outlet_tm_left_faces size:560
    Applying source patchToFace
    Adding all faces of patches: (iris_wall) ...
    Found matching patch iris_wall with 240 faces
    faceSet outlet_tm_left_faces now size 800
Read set faceSet outlet_tm_left_faces size:800
    Applying source patchToFace
    Adding all faces of patches: (tm_se_wall) ...
--> FOAM Warning : 
    From Foam::labelHashSet Foam::polyBoundaryMesh::patchSet(const Foam::UList<Foam::wordRe>&, bool, bool) const
    in file meshes/polyMesh/polyBoundaryMesh/polyBoundaryMesh.C at line 1158
    Cannot find any patch names matching tm_se_wall
--> FOAM Warning : 
    From void Foam::patchToFace::combine(Foam::topoSet&, bool) const
    in file topoSet/faceSources/patchToFace/patchToFace.C at line 96
    Cannot find any patches matching (tm_se_wall)
Valid names: (wall iris_wall outlet_tm lens_wall ac_inlet ac_inlet_left outlet_tm_left defaultFaces)
    faceSet outlet_tm_left_faces now size 800
Read set faceSet outlet_tm_left_faces size:800
    Applying source boxToFace
    Adding faces with centre within boxes 1((-0.00698 -0.0048 -1e-05) (-0.00665 -0.00445 0.001001))
    faceSet outlet_tm_left_faces now size 4
Read set faceSet outlet_tm_left_faces size:4
    Applying source normalToFace
    Adding faces according to normal being aligned with (-0.75568908 -0.65493054 0) (to within 0.35) ...
    faceSet outlet_tm_left_faces now size 2
Created faceSet ac_inlet_faces
    Applying source patchToFace
    Adding all faces of patches: (ac_inlet) ...
    Found matching patch ac_inlet with 5 faces
    faceSet ac_inlet_faces now size 5
Read set faceSet ac_inlet_faces size:5
    Applying source patchToFace
    Adding all faces of patches: (wall) ...
    Found matching patch wall with 554 faces
    faceSet ac_inlet_faces now size 559
Read set faceSet ac_inlet_faces size:559
    Applying source patchToFace
    Adding all faces of patches: (iris_wall) ...
    Found matching patch iris_wall with 240 faces
    faceSet ac_inlet_faces now size 799
Read set faceSet ac_inlet_faces size:799
    Applying source boxToFace
    Adding faces with centre within boxes 1((0.00685 -0.00392 -1e-05) (0.00715 -0.00328 0.001001))
    faceSet ac_inlet_faces now size 10
Read set faceSet ac_inlet_faces size:10
    Applying source normalToFace
    Adding faces according to normal being aligned with (0.97618706 -0.21693046 0) (to within 0.5) ...
    faceSet ac_inlet_faces now size 7
Created faceSet ac_inlet_left_faces
    Applying source patchToFace
    Adding all faces of patches: (ac_inlet_left) ...
    Found matching patch ac_inlet_left with 5 faces
    faceSet ac_inlet_left_faces now size 5
Read set faceSet ac_inlet_left_faces size:5
    Applying source patchToFace
    Adding all faces of patches: (wall) ...
    Found matching patch wall with 554 faces
    faceSet ac_inlet_left_faces now size 559
Read set faceSet ac_inlet_left_faces size:559
    Applying source patchToFace
    Adding all faces of patches: (iris_wall) ...
    Found matching patch iris_wall with 240 faces
    faceSet ac_inlet_left_faces now size 799
Read set faceSet ac_inlet_left_faces size:799
    Applying source boxToFace
    Adding faces with centre within boxes 1((-0.00715 -0.00392 -1e-05) (-0.00685 -0.00328 0.001001))
    faceSet ac_inlet_left_faces now size 10
Read set faceSet ac_inlet_left_faces size:10
    Applying source normalToFace
    Adding faces according to normal being aligned with (-0.97618706 -0.21693046 0) (to within 0.5) ...
    faceSet ac_inlet_left_faces now size 7
Created faceSet demote_to_wall
    Applying source patchToFace
    Adding all faces of patches: (outlet_tm) ...
    Found matching patch outlet_tm with 6 faces
    faceSet demote_to_wall now size 6
Read set faceSet demote_to_wall size:6
    Applying source patchToFace
    Adding all faces of patches: (outlet_tm_left) ...
    Found matching patch outlet_tm_left with 6 faces
    faceSet demote_to_wall now size 12
Read set faceSet demote_to_wall size:12
    Applying source patchToFace
    Adding all faces of patches: (ac_inlet) ...
    Found matching patch ac_inlet with 5 faces
    faceSet demote_to_wall now size 17
Read set faceSet demote_to_wall size:17
    Applying source patchToFace
    Adding all faces of patches: (ac_inlet_left) ...
    Found matching patch ac_inlet_left with 5 faces
    faceSet demote_to_wall now size 22
Read set faceSet demote_to_wall size:22
    Applying source faceToFace
    Removing all elements of face sets: (outlet_tm_faces)
    faceSet demote_to_wall now size 20
Read set faceSet demote_to_wall size:20
    Applying source faceToFace
    Removing all elements of face sets: (outlet_tm_left_faces)
    faceSet demote_to_wall now size 18
Read set faceSet demote_to_wall size:18
    Applying source faceToFace
    Removing all elements of face sets: (ac_inlet_faces)
    faceSet demote_to_wall now size 15
Read set faceSet demote_to_wall size:15
    Applying source faceToFace
    Removing all elements of face sets: (ac_inlet_left_faces)
    faceSet demote_to_wall now size 12
Time = 48
    mesh not changed.
Created faceSet outlet_tm_faces
    Applying source patchToFace
    Adding all faces of patches: (outlet_tm) ...
    Found matching patch outlet_tm with 6 faces
    faceSet outlet_tm_faces now size 6
Read set faceSet outlet_tm_faces size:6
    Applying source patchToFace
    Adding all faces of patches: (wall) ...
    Found matching patch wall with 554 faces
    faceSet outlet_tm_faces now size 560
Read set faceSet outlet_tm_faces size:560
    Applying source patchToFace
    Adding all faces of patches: (iris_wall) ...
    Found matching patch iris_wall with 240 faces
    faceSet outlet_tm_faces now size 800
Read set faceSet outlet_tm_faces size:800
    Applying source patchToFace
    Adding all faces of patches: (tm_se_wall) ...
--> FOAM Warning : 
    From Foam::labelHashSet Foam::polyBoundaryMesh::patchSet(const Foam::UList<Foam::wordRe>&, bool, bool) const
    in file meshes/polyMesh/polyBoundaryMesh/polyBoundaryMesh.C at line 1158
    Cannot find any patch names matching tm_se_wall
--> FOAM Warning : 
    From void Foam::patchToFace::combine(Foam::topoSet&, bool) const
    in file topoSet/faceSources/patchToFace/patchToFace.C at line 96
    Cannot find any patches matching (tm_se_wall)
Valid names: (wall iris_wall outlet_tm lens_wall ac_inlet ac_inlet_left outlet_tm_left defaultFaces)
    faceSet outlet_tm_faces now size 800
Read set faceSet outlet_tm_faces size:800
    Applying source boxToFace
    Adding faces with centre within boxes 1((0.00665 -0.0048 -1e-05) (0.00698 -0.00445 0.001001))
    faceSet outlet_tm_faces now size 4
Read set faceSet outlet_tm_faces size:4
    Applying source normalToFace
    Adding faces according to normal being aligned with (0.75568908 -0.65493054 0) (to within 0.35) ...
    faceSet outlet_tm_faces now size 2
Created faceSet outlet_tm_left_faces
    Applying source patchToFace
    Adding all faces of patches: (outlet_tm_left) ...
    Found matching patch outlet_tm_left with 6 faces
    faceSet outlet_tm_left_faces now size 6
Read set faceSet outlet_tm_left_faces size:6
    Applying source patchToFace
    Adding all faces of patches: (wall) ...
    Found matching patch wall with 554 faces
    faceSet outlet_tm_left_faces now size 560
Read set faceSet outlet_tm_left_faces size:560
    Applying source patchToFace
    Adding all faces of patches: (iris_wall) ...
    Found matching patch iris_wall with 240 faces
    faceSet outlet_tm_left_faces now size 800
Read set faceSet outlet_tm_left_faces size:800
    Applying source patchToFace
    Adding all faces of patches: (tm_se_wall) ...
--> FOAM Warning : 
    From Foam::labelHashSet Foam::polyBoundaryMesh::patchSet(const Foam::UList<Foam::wordRe>&, bool, bool) const
    in file meshes/polyMesh/polyBoundaryMesh/polyBoundaryMesh.C at line 1158
    Cannot find any patch names matching tm_se_wall
--> FOAM Warning : 
    From void Foam::patchToFace::combine(Foam::topoSet&, bool) const
    in file topoSet/faceSources/patchToFace/patchToFace.C at line 96
    Cannot find any patches matching (tm_se_wall)
Valid names: (wall iris_wall outlet_tm lens_wall ac_inlet ac_inlet_left outlet_tm_left defaultFaces)
    faceSet outlet_tm_left_faces now size 800
Read set faceSet outlet_tm_left_faces size:800
    Applying source boxToFace
    Adding faces with centre within boxes 1((-0.00698 -0.0048 -1e-05) (-0.00665 -0.00445 0.001001))
    faceSet outlet_tm_left_faces now size 4
Read set faceSet outlet_tm_left_faces size:4
    Applying source normalToFace
    Adding faces according to normal being aligned with (-0.75568908 -0.65493054 0) (to within 0.35) ...
    faceSet outlet_tm_left_faces now size 2
Created faceSet ac_inlet_faces
    Applying source patchToFace
    Adding all faces of patches: (ac_inlet) ...
    Found matching patch ac_inlet with 5 faces
    faceSet ac_inlet_faces now size 5
Read set faceSet ac_inlet_faces size:5
    Applying source patchToFace
    Adding all faces of patches: (wall) ...
    Found matching patch wall with 554 faces
    faceSet ac_inlet_faces now size 559
Read set faceSet ac_inlet_faces size:559
    Applying source patchToFace
    Adding all faces of patches: (iris_wall) ...
    Found matching patch iris_wall with 240 faces
    faceSet ac_inlet_faces now size 799
Read set faceSet ac_inlet_faces size:799
    Applying source boxToFace
    Adding faces with centre within boxes 1((0.00685 -0.00392 -1e-05) (0.00715 -0.00328 0.001001))
    faceSet ac_inlet_faces now size 10
Read set faceSet ac_inlet_faces size:10
    Applying source normalToFace
    Adding faces according to normal being aligned with (0.97618706 -0.21693046 0) (to within 0.5) ...
    faceSet ac_inlet_faces now size 7
Created faceSet ac_inlet_left_faces
    Applying source patchToFace
    Adding all faces of patches: (ac_inlet_left) ...
    Found matching patch ac_inlet_left with 5 faces
    faceSet ac_inlet_left_faces now size 5
Read set faceSet ac_inlet_left_faces size:5
    Applying source patchToFace
    Adding all faces of patches: (wall) ...
    Found matching patch wall with 554 faces
    faceSet ac_inlet_left_faces now size 559
Read set faceSet ac_inlet_left_faces size:559
    Applying source patchToFace
    Adding all faces of patches: (iris_wall) ...
    Found matching patch iris_wall with 240 faces
    faceSet ac_inlet_left_faces now size 799
Read set faceSet ac_inlet_left_faces size:799
    Applying source boxToFace
    Adding faces with centre within boxes 1((-0.00715 -0.00392 -1e-05) (-0.00685 -0.00328 0.001001))
    faceSet ac_inlet_left_faces now size 10
Read set faceSet ac_inlet_left_faces size:10
    Applying source normalToFace
    Adding faces according to normal being aligned with (-0.97618706 -0.21693046 0) (to within 0.5) ...
    faceSet ac_inlet_left_faces now size 7
Created faceSet demote_to_wall
    Applying source patchToFace
    Adding all faces of patches: (outlet_tm) ...
    Found matching patch outlet_tm with 6 faces
    faceSet demote_to_wall now size 6
Read set faceSet demote_to_wall size:6
    Applying source patchToFace
    Adding all faces of patches: (outlet_tm_left) ...
    Found matching patch outlet_tm_left with 6 faces
    faceSet demote_to_wall now size 12
Read set faceSet demote_to_wall size:12
    Applying source patchToFace
    Adding all faces of patches: (ac_inlet) ...
    Found matching patch ac_inlet with 5 faces
    faceSet demote_to_wall now size 17
Read set faceSet demote_to_wall size:17
    Applying source patchToFace
    Adding all faces of patches: (ac_inlet_left) ...
    Found matching patch ac_inlet_left with 5 faces
    faceSet demote_to_wall now size 22
Read set faceSet demote_to_wall size:22
    Applying source faceToFace
    Removing all elements of face sets: (outlet_tm_faces)
    faceSet demote_to_wall now size 20
Read set faceSet demote_to_wall size:20
    Applying source faceToFace
    Removing all elements of face sets: (outlet_tm_left_faces)
    faceSet demote_to_wall now size 18
Read set faceSet demote_to_wall size:18
    Applying source faceToFace
    Removing all elements of face sets: (ac_inlet_faces)
    faceSet demote_to_wall now size 15
Read set faceSet demote_to_wall size:15
    Applying source faceToFace
    Removing all elements of face sets: (ac_inlet_left_faces)
    faceSet demote_to_wall now size 12
Time = 50
    mesh not changed.
Created faceSet outlet_tm_faces
    Applying source patchToFace
    Adding all faces of patches: (outlet_tm) ...
    Found matching patch outlet_tm with 6 faces
    faceSet outlet_tm_faces now size 6
Read set faceSet outlet_tm_faces size:6
    Applying source patchToFace
    Adding all faces of patches: (wall) ...
    Found matching patch wall with 554 faces
    faceSet outlet_tm_faces now size 560
Read set faceSet outlet_tm_faces size:560
    Applying source patchToFace
    Adding all faces of patches: (iris_wall) ...
    Found matching patch iris_wall with 240 faces
    faceSet outlet_tm_faces now size 800
Read set faceSet outlet_tm_faces size:800
    Applying source patchToFace
    Adding all faces of patches: (tm_se_wall) ...
--> FOAM Warning : 
    From Foam::labelHashSet Foam::polyBoundaryMesh::patchSet(const Foam::UList<Foam::wordRe>&, bool, bool) const
    in file meshes/polyMesh/polyBoundaryMesh/polyBoundaryMesh.C at line 1158
    Cannot find any patch names matching tm_se_wall
--> FOAM Warning : 
    From void Foam::patchToFace::combine(Foam::topoSet&, bool) const
    in file topoSet/faceSources/patchToFace/patchToFace.C at line 96
    Cannot find any patches matching (tm_se_wall)
Valid names: (wall iris_wall outlet_tm lens_wall ac_inlet ac_inlet_left outlet_tm_left defaultFaces)
    faceSet outlet_tm_faces now size 800
Read set faceSet outlet_tm_faces size:800
    Applying source boxToFace
    Adding faces with centre within boxes 1((0.00665 -0.0048 -1e-05) (0.00698 -0.00445 0.001001))
    faceSet outlet_tm_faces now size 4
Read set faceSet outlet_tm_faces size:4
    Applying source normalToFace
    Adding faces according to normal being aligned with (0.75568908 -0.65493054 0) (to within 0.35) ...
    faceSet outlet_tm_faces now size 2
Created faceSet outlet_tm_left_faces
    Applying source patchToFace
    Adding all faces of patches: (outlet_tm_left) ...
    Found matching patch outlet_tm_left with 6 faces
    faceSet outlet_tm_left_faces now size 6
Read set faceSet outlet_tm_left_faces size:6
    Applying source patchToFace
    Adding all faces of patches: (wall) ...
    Found matching patch wall with 554 faces
    faceSet outlet_tm_left_faces now size 560
Read set faceSet outlet_tm_left_faces size:560
    Applying source patchToFace
    Adding all faces of patches: (iris_wall) ...
    Found matching patch iris_wall with 240 faces
    faceSet outlet_tm_left_faces now size 800
Read set faceSet outlet_tm_left_faces size:800
    Applying source patchToFace
    Adding all faces of patches: (tm_se_wall) ...
--> FOAM Warning : 
    From Foam::labelHashSet Foam::polyBoundaryMesh::patchSet(const Foam::UList<Foam::wordRe>&, bool, bool) const
    in file meshes/polyMesh/polyBoundaryMesh/polyBoundaryMesh.C at line 1158
    Cannot find any patch names matching tm_se_wall
--> FOAM Warning : 
    From void Foam::patchToFace::combine(Foam::topoSet&, bool) const
    in file topoSet/faceSources/patchToFace/patchToFace.C at line 96
    Cannot find any patches matching (tm_se_wall)
Valid names: (wall iris_wall outlet_tm lens_wall ac_inlet ac_inlet_left outlet_tm_left defaultFaces)
    faceSet outlet_tm_left_faces now size 800
Read set faceSet outlet_tm_left_faces size:800
    Applying source boxToFace
    Adding faces with centre within boxes 1((-0.00698 -0.0048 -1e-05) (-0.00665 -0.00445 0.001001))
    faceSet outlet_tm_left_faces now size 4
Read set faceSet outlet_tm_left_faces size:4
    Applying source normalToFace
    Adding faces according to normal being aligned with (-0.75568908 -0.65493054 0) (to within 0.35) ...
    faceSet outlet_tm_left_faces now size 2
Created faceSet ac_inlet_faces
    Applying source patchToFace
    Adding all faces of patches: (ac_inlet) ...
    Found matching patch ac_inlet with 5 faces
    faceSet ac_inlet_faces now size 5
Read set faceSet ac_inlet_faces size:5
    Applying source patchToFace
    Adding all faces of patches: (wall) ...
    Found matching patch wall with 554 faces
    faceSet ac_inlet_faces now size 559
Read set faceSet ac_inlet_faces size:559
    Applying source patchToFace
    Adding all faces of patches: (iris_wall) ...
    Found matching patch iris_wall with 240 faces
    faceSet ac_inlet_faces now size 799
Read set faceSet ac_inlet_faces size:799
    Applying source boxToFace
    Adding faces with centre within boxes 1((0.00685 -0.00392 -1e-05) (0.00715 -0.00328 0.001001))
    faceSet ac_inlet_faces now size 10
Read set faceSet ac_inlet_faces size:10
    Applying source normalToFace
    Adding faces according to normal being aligned with (0.97618706 -0.21693046 0) (to within 0.5) ...
    faceSet ac_inlet_faces now size 7
Created faceSet ac_inlet_left_faces
    Applying source patchToFace
    Adding all faces of patches: (ac_inlet_left) ...
    Found matching patch ac_inlet_left with 5 faces
    faceSet ac_inlet_left_faces now size 5
Read set faceSet ac_inlet_left_faces size:5
    Applying source patchToFace
    Adding all faces of patches: (wall) ...
    Found matching patch wall with 554 faces
    faceSet ac_inlet_left_faces now size 559
Read set faceSet ac_inlet_left_faces size:559
    Applying source patchToFace
    Adding all faces of patches: (iris_wall) ...
    Found matching patch iris_wall with 240 faces
    faceSet ac_inlet_left_faces now size 799
Read set faceSet ac_inlet_left_faces size:799
    Applying source boxToFace
    Adding faces with centre within boxes 1((-0.00715 -0.00392 -1e-05) (-0.00685 -0.00328 0.001001))
    faceSet ac_inlet_left_faces now size 10
Read set faceSet ac_inlet_left_faces size:10
    Applying source normalToFace
    Adding faces according to normal being aligned with (-0.97618706 -0.21693046 0) (to within 0.5) ...
    faceSet ac_inlet_left_faces now size 7
Created faceSet demote_to_wall
    Applying source patchToFace
    Adding all faces of patches: (outlet_tm) ...
    Found matching patch outlet_tm with 6 faces
    faceSet demote_to_wall now size 6
Read set faceSet demote_to_wall size:6
    Applying source patchToFace
    Adding all faces of patches: (outlet_tm_left) ...
    Found matching patch outlet_tm_left with 6 faces
    faceSet demote_to_wall now size 12
Read set faceSet demote_to_wall size:12
    Applying source patchToFace
    Adding all faces of patches: (ac_inlet) ...
    Found matching patch ac_inlet with 5 faces
    faceSet demote_to_wall now size 17
Read set faceSet demote_to_wall size:17
    Applying source patchToFace
    Adding all faces of patches: (ac_inlet_left) ...
    Found matching patch ac_inlet_left with 5 faces
    faceSet demote_to_wall now size 22
Read set faceSet demote_to_wall size:22
    Applying source faceToFace
    Removing all elements of face sets: (outlet_tm_faces)
    faceSet demote_to_wall now size 20
Read set faceSet demote_to_wall size:20
    Applying source faceToFace
    Removing all elements of face sets: (outlet_tm_left_faces)
    faceSet demote_to_wall now size 18
Read set faceSet demote_to_wall size:18
    Applying source faceToFace
    Removing all elements of face sets: (ac_inlet_faces)
    faceSet demote_to_wall now size 15
Read set faceSet demote_to_wall size:15
    Applying source faceToFace
    Removing all elements of face sets: (ac_inlet_left_faces)
    faceSet demote_to_wall now size 12
Time = 76
    mesh not changed.
Created faceSet outlet_tm_faces
    Applying source patchToFace
    Adding all faces of patches: (outlet_tm) ...
    Found matching patch outlet_tm with 6 faces
    faceSet outlet_tm_faces now size 6
Read set faceSet outlet_tm_faces size:6
    Applying source patchToFace
    Adding all faces of patches: (wall) ...
    Found matching patch wall with 554 faces
    faceSet outlet_tm_faces now size 560
Read set faceSet outlet_tm_faces size:560
    Applying source patchToFace
    Adding all faces of patches: (iris_wall) ...
    Found matching patch iris_wall with 240 faces
    faceSet outlet_tm_faces now size 800
Read set faceSet outlet_tm_faces size:800
    Applying source patchToFace
    Adding all faces of patches: (tm_se_wall) ...
--> FOAM Warning : 
    From Foam::labelHashSet Foam::polyBoundaryMesh::patchSet(const Foam::UList<Foam::wordRe>&, bool, bool) const
    in file meshes/polyMesh/polyBoundaryMesh/polyBoundaryMesh.C at line 1158
    Cannot find any patch names matching tm_se_wall
--> FOAM Warning : 
    From void Foam::patchToFace::combine(Foam::topoSet&, bool) const
    in file topoSet/faceSources/patchToFace/patchToFace.C at line 96
    Cannot find any patches matching (tm_se_wall)
Valid names: (wall iris_wall outlet_tm lens_wall ac_inlet ac_inlet_left outlet_tm_left defaultFaces)
    faceSet outlet_tm_faces now size 800
Read set faceSet outlet_tm_faces size:800
    Applying source boxToFace
    Adding faces with centre within boxes 1((0.00665 -0.0048 -1e-05) (0.00698 -0.00445 0.001001))
    faceSet outlet_tm_faces now size 4
Read set faceSet outlet_tm_faces size:4
    Applying source normalToFace
    Adding faces according to normal being aligned with (0.75568908 -0.65493054 0) (to within 0.35) ...
    faceSet outlet_tm_faces now size 2
Created faceSet outlet_tm_left_faces
    Applying source patchToFace
    Adding all faces of patches: (outlet_tm_left) ...
    Found matching patch outlet_tm_left with 6 faces
    faceSet outlet_tm_left_faces now size 6
Read set faceSet outlet_tm_left_faces size:6
    Applying source patchToFace
    Adding all faces of patches: (wall) ...
    Found matching patch wall with 554 faces
    faceSet outlet_tm_left_faces now size 560
Read set faceSet outlet_tm_left_faces size:560
    Applying source patchToFace
    Adding all faces of patches: (iris_wall) ...
    Found matching patch iris_wall with 240 faces
    faceSet outlet_tm_left_faces now size 800
Read set faceSet outlet_tm_left_faces size:800
    Applying source patchToFace
    Adding all faces of patches: (tm_se_wall) ...
--> FOAM Warning : 
    From Foam::labelHashSet Foam::polyBoundaryMesh::patchSet(const Foam::UList<Foam::wordRe>&, bool, bool) const
    in file meshes/polyMesh/polyBoundaryMesh/polyBoundaryMesh.C at line 1158
    Cannot find any patch names matching tm_se_wall
--> FOAM Warning : 
    From void Foam::patchToFace::combine(Foam::topoSet&, bool) const
    in file topoSet/faceSources/patchToFace/patchToFace.C at line 96
    Cannot find any patches matching (tm_se_wall)
Valid names: (wall iris_wall outlet_tm lens_wall ac_inlet ac_inlet_left outlet_tm_left defaultFaces)
    faceSet outlet_tm_left_faces now size 800
Read set faceSet outlet_tm_left_faces size:800
    Applying source boxToFace
    Adding faces with centre within boxes 1((-0.00698 -0.0048 -1e-05) (-0.00665 -0.00445 0.001001))
    faceSet outlet_tm_left_faces now size 4
Read set faceSet outlet_tm_left_faces size:4
    Applying source normalToFace
    Adding faces according to normal being aligned with (-0.75568908 -0.65493054 0) (to within 0.35) ...
    faceSet outlet_tm_left_faces now size 2
Created faceSet ac_inlet_faces
    Applying source patchToFace
    Adding all faces of patches: (ac_inlet) ...
    Found matching patch ac_inlet with 5 faces
    faceSet ac_inlet_faces now size 5
Read set faceSet ac_inlet_faces size:5
    Applying source patchToFace
    Adding all faces of patches: (wall) ...
    Found matching patch wall with 554 faces
    faceSet ac_inlet_faces now size 559
Read set faceSet ac_inlet_faces size:559
    Applying source patchToFace
    Adding all faces of patches: (iris_wall) ...
    Found matching patch iris_wall with 240 faces
    faceSet ac_inlet_faces now size 799
Read set faceSet ac_inlet_faces size:799
    Applying source boxToFace
    Adding faces with centre within boxes 1((0.00685 -0.00392 -1e-05) (0.00715 -0.00328 0.001001))
    faceSet ac_inlet_faces now size 10
Read set faceSet ac_inlet_faces size:10
    Applying source normalToFace
    Adding faces according to normal being aligned with (0.97618706 -0.21693046 0) (to within 0.5) ...
    faceSet ac_inlet_faces now size 7
Created faceSet ac_inlet_left_faces
    Applying source patchToFace
    Adding all faces of patches: (ac_inlet_left) ...
    Found matching patch ac_inlet_left with 5 faces
    faceSet ac_inlet_left_faces now size 5
Read set faceSet ac_inlet_left_faces size:5
    Applying source patchToFace
    Adding all faces of patches: (wall) ...
    Found matching patch wall with 554 faces
    faceSet ac_inlet_left_faces now size 559
Read set faceSet ac_inlet_left_faces size:559
    Applying source patchToFace
    Adding all faces of patches: (iris_wall) ...
    Found matching patch iris_wall with 240 faces
    faceSet ac_inlet_left_faces now size 799
Read set faceSet ac_inlet_left_faces size:799
    Applying source boxToFace
    Adding faces with centre within boxes 1((-0.00715 -0.00392 -1e-05) (-0.00685 -0.00328 0.001001))
    faceSet ac_inlet_left_faces now size 10
Read set faceSet ac_inlet_left_faces size:10
    Applying source normalToFace
    Adding faces according to normal being aligned with (-0.97618706 -0.21693046 0) (to within 0.5) ...
    faceSet ac_inlet_left_faces now size 7
Created faceSet demote_to_wall
    Applying source patchToFace
    Adding all faces of patches: (outlet_tm) ...
    Found matching patch outlet_tm with 6 faces
    faceSet demote_to_wall now size 6
Read set faceSet demote_to_wall size:6
    Applying source patchToFace
    Adding all faces of patches: (outlet_tm_left) ...
    Found matching patch outlet_tm_left with 6 faces
    faceSet demote_to_wall now size 12
Read set faceSet demote_to_wall size:12
    Applying source patchToFace
    Adding all faces of patches: (ac_inlet) ...
    Found matching patch ac_inlet with 5 faces
    faceSet demote_to_wall now size 17
Read set faceSet demote_to_wall size:17
    Applying source patchToFace
    Adding all faces of patches: (ac_inlet_left) ...
    Found matching patch ac_inlet_left with 5 faces
    faceSet demote_to_wall now size 22
Read set faceSet demote_to_wall size:22
    Applying source faceToFace
    Removing all elements of face sets: (outlet_tm_faces)
    faceSet demote_to_wall now size 20
Read set faceSet demote_to_wall size:20
    Applying source faceToFace
    Removing all elements of face sets: (outlet_tm_left_faces)
    faceSet demote_to_wall now size 18
Read set faceSet demote_to_wall size:18
    Applying source faceToFace
    Removing all elements of face sets: (ac_inlet_faces)
    faceSet demote_to_wall now size 15
Read set faceSet demote_to_wall size:15
    Applying source faceToFace
    Removing all elements of face sets: (ac_inlet_left_faces)
    faceSet demote_to_wall now size 12
Time = 90
    mesh not changed.
Created faceSet outlet_tm_faces
    Applying source patchToFace
    Adding all faces of patches: (outlet_tm) ...
    Found matching patch outlet_tm with 6 faces
    faceSet outlet_tm_faces now size 6
Read set faceSet outlet_tm_faces size:6
    Applying source patchToFace
    Adding all faces of patches: (wall) ...
    Found matching patch wall with 554 faces
    faceSet outlet_tm_faces now size 560
Read set faceSet outlet_tm_faces size:560
    Applying source patchToFace
    Adding all faces of patches: (iris_wall) ...
    Found matching patch iris_wall with 240 faces
    faceSet outlet_tm_faces now size 800
Read set faceSet outlet_tm_faces size:800
    Applying source patchToFace
    Adding all faces of patches: (tm_se_wall) ...
--> FOAM Warning : 
    From Foam::labelHashSet Foam::polyBoundaryMesh::patchSet(const Foam::UList<Foam::wordRe>&, bool, bool) const
    in file meshes/polyMesh/polyBoundaryMesh/polyBoundaryMesh.C at line 1158
    Cannot find any patch names matching tm_se_wall
--> FOAM Warning : 
    From void Foam::patchToFace::combine(Foam::topoSet&, bool) const
    in file topoSet/faceSources/patchToFace/patchToFace.C at line 96
    Cannot find any patches matching (tm_se_wall)
Valid names: (wall iris_wall outlet_tm lens_wall ac_inlet ac_inlet_left outlet_tm_left defaultFaces)
    faceSet outlet_tm_faces now size 800
Read set faceSet outlet_tm_faces size:800
    Applying source boxToFace
    Adding faces with centre within boxes 1((0.00665 -0.0048 -1e-05) (0.00698 -0.00445 0.001001))
    faceSet outlet_tm_faces now size 4
Read set faceSet outlet_tm_faces size:4
    Applying source normalToFace
    Adding faces according to normal being aligned with (0.75568908 -0.65493054 0) (to within 0.35) ...
    faceSet outlet_tm_faces now size 2
Created faceSet outlet_tm_left_faces
    Applying source patchToFace
    Adding all faces of patches: (outlet_tm_left) ...
    Found matching patch outlet_tm_left with 6 faces
    faceSet outlet_tm_left_faces now size 6
Read set faceSet outlet_tm_left_faces size:6
    Applying source patchToFace
    Adding all faces of patches: (wall) ...
    Found matching patch wall with 554 faces
    faceSet outlet_tm_left_faces now size 560
Read set faceSet outlet_tm_left_faces size:560
    Applying source patchToFace
    Adding all faces of patches: (iris_wall) ...
    Found matching patch iris_wall with 240 faces
    faceSet outlet_tm_left_faces now size 800
Read set faceSet outlet_tm_left_faces size:800
    Applying source patchToFace
    Adding all faces of patches: (tm_se_wall) ...
--> FOAM Warning : 
    From Foam::labelHashSet Foam::polyBoundaryMesh::patchSet(const Foam::UList<Foam::wordRe>&, bool, bool) const
    in file meshes/polyMesh/polyBoundaryMesh/polyBoundaryMesh.C at line 1158
    Cannot find any patch names matching tm_se_wall
--> FOAM Warning : 
    From void Foam::patchToFace::combine(Foam::topoSet&, bool) const
    in file topoSet/faceSources/patchToFace/patchToFace.C at line 96
    Cannot find any patches matching (tm_se_wall)
Valid names: (wall iris_wall outlet_tm lens_wall ac_inlet ac_inlet_left outlet_tm_left defaultFaces)
    faceSet outlet_tm_left_faces now size 800
Read set faceSet outlet_tm_left_faces size:800
    Applying source boxToFace
    Adding faces with centre within boxes 1((-0.00698 -0.0048 -1e-05) (-0.00665 -0.00445 0.001001))
    faceSet outlet_tm_left_faces now size 4
Read set faceSet outlet_tm_left_faces size:4
    Applying source normalToFace
    Adding faces according to normal being aligned with (-0.75568908 -0.65493054 0) (to within 0.35) ...
    faceSet outlet_tm_left_faces now size 2
Created faceSet ac_inlet_faces
    Applying source patchToFace
    Adding all faces of patches: (ac_inlet) ...
    Found matching patch ac_inlet with 5 faces
    faceSet ac_inlet_faces now size 5
Read set faceSet ac_inlet_faces size:5
    Applying source patchToFace
    Adding all faces of patches: (wall) ...
    Found matching patch wall with 554 faces
    faceSet ac_inlet_faces now size 559
Read set faceSet ac_inlet_faces size:559
    Applying source patchToFace
    Adding all faces of patches: (iris_wall) ...
    Found matching patch iris_wall with 240 faces
    faceSet ac_inlet_faces now size 799
Read set faceSet ac_inlet_faces size:799
    Applying source boxToFace
    Adding faces with centre within boxes 1((0.00685 -0.00392 -1e-05) (0.00715 -0.00328 0.001001))
    faceSet ac_inlet_faces now size 10
Read set faceSet ac_inlet_faces size:10
    Applying source normalToFace
    Adding faces according to normal being aligned with (0.97618706 -0.21693046 0) (to within 0.5) ...
    faceSet ac_inlet_faces now size 7
Created faceSet ac_inlet_left_faces
    Applying source patchToFace
    Adding all faces of patches: (ac_inlet_left) ...
    Found matching patch ac_inlet_left with 5 faces
    faceSet ac_inlet_left_faces now size 5
Read set faceSet ac_inlet_left_faces size:5
    Applying source patchToFace
    Adding all faces of patches: (wall) ...
    Found matching patch wall with 554 faces
    faceSet ac_inlet_left_faces now size 559
Read set faceSet ac_inlet_left_faces size:559
    Applying source patchToFace
    Adding all faces of patches: (iris_wall) ...
    Found matching patch iris_wall with 240 faces
    faceSet ac_inlet_left_faces now size 799
Read set faceSet ac_inlet_left_faces size:799
    Applying source boxToFace
    Adding faces with centre within boxes 1((-0.00715 -0.00392 -1e-05) (-0.00685 -0.00328 0.001001))
    faceSet ac_inlet_left_faces now size 10
Read set faceSet ac_inlet_left_faces size:10
    Applying source normalToFace
    Adding faces according to normal being aligned with (-0.97618706 -0.21693046 0) (to within 0.5) ...
    faceSet ac_inlet_left_faces now size 7
Created faceSet demote_to_wall
    Applying source patchToFace
    Adding all faces of patches: (outlet_tm) ...
    Found matching patch outlet_tm with 6 faces
    faceSet demote_to_wall now size 6
Read set faceSet demote_to_wall size:6
    Applying source patchToFace
    Adding all faces of patches: (outlet_tm_left) ...
    Found matching patch outlet_tm_left with 6 faces
    faceSet demote_to_wall now size 12
Read set faceSet demote_to_wall size:12
    Applying source patchToFace
    Adding all faces of patches: (ac_inlet) ...
    Found matching patch ac_inlet with 5 faces
    faceSet demote_to_wall now size 17
Read set faceSet demote_to_wall size:17
    Applying source patchToFace
    Adding all faces of patches: (ac_inlet_left) ...
    Found matching patch ac_inlet_left with 5 faces
    faceSet demote_to_wall now size 22
Read set faceSet demote_to_wall size:22
    Applying source faceToFace
    Removing all elements of face sets: (outlet_tm_faces)
    faceSet demote_to_wall now size 20
Read set faceSet demote_to_wall size:20
    Applying source faceToFace
    Removing all elements of face sets: (outlet_tm_left_faces)
    faceSet demote_to_wall now size 18
Read set faceSet demote_to_wall size:18
    Applying source faceToFace
    Removing all elements of face sets: (ac_inlet_faces)
    faceSet demote_to_wall now size 15
Read set faceSet demote_to_wall size:15
    Applying source faceToFace
    Removing all elements of face sets: (ac_inlet_left_faces)
    faceSet demote_to_wall now size 12
Time = 98
    mesh not changed.
Created faceSet outlet_tm_faces
    Applying source patchToFace
    Adding all faces of patches: (outlet_tm) ...
    Found matching patch outlet_tm with 6 faces
    faceSet outlet_tm_faces now size 6
Read set faceSet outlet_tm_faces size:6
    Applying source patchToFace
    Adding all faces of patches: (wall) ...
    Found matching patch wall with 554 faces
    faceSet outlet_tm_faces now size 560
Read set faceSet outlet_tm_faces size:560
    Applying source patchToFace
    Adding all faces of patches: (iris_wall) ...
    Found matching patch iris_wall with 240 faces
    faceSet outlet_tm_faces now size 800
Read set faceSet outlet_tm_faces size:800
    Applying source patchToFace
    Adding all faces of patches: (tm_se_wall) ...
--> FOAM Warning : 
    From Foam::labelHashSet Foam::polyBoundaryMesh::patchSet(const Foam::UList<Foam::wordRe>&, bool, bool) const
    in file meshes/polyMesh/polyBoundaryMesh/polyBoundaryMesh.C at line 1158
    Cannot find any patch names matching tm_se_wall
--> FOAM Warning : 
    From void Foam::patchToFace::combine(Foam::topoSet&, bool) const
    in file topoSet/faceSources/patchToFace/patchToFace.C at line 96
    Cannot find any patches matching (tm_se_wall)
Valid names: (wall iris_wall outlet_tm lens_wall ac_inlet ac_inlet_left outlet_tm_left defaultFaces)
    faceSet outlet_tm_faces now size 800
Read set faceSet outlet_tm_faces size:800
    Applying source boxToFace
    Adding faces with centre within boxes 1((0.00665 -0.0048 -1e-05) (0.00698 -0.00445 0.001001))
    faceSet outlet_tm_faces now size 4
Read set faceSet outlet_tm_faces size:4
    Applying source normalToFace
    Adding faces according to normal being aligned with (0.75568908 -0.65493054 0) (to within 0.35) ...
    faceSet outlet_tm_faces now size 2
Created faceSet outlet_tm_left_faces
    Applying source patchToFace
    Adding all faces of patches: (outlet_tm_left) ...
    Found matching patch outlet_tm_left with 6 faces
    faceSet outlet_tm_left_faces now size 6
Read set faceSet outlet_tm_left_faces size:6
    Applying source patchToFace
    Adding all faces of patches: (wall) ...
    Found matching patch wall with 554 faces
    faceSet outlet_tm_left_faces now size 560
Read set faceSet outlet_tm_left_faces size:560
    Applying source patchToFace
    Adding all faces of patches: (iris_wall) ...
    Found matching patch iris_wall with 240 faces
    faceSet outlet_tm_left_faces now size 800
Read set faceSet outlet_tm_left_faces size:800
    Applying source patchToFace
    Adding all faces of patches: (tm_se_wall) ...
--> FOAM Warning : 
    From Foam::labelHashSet Foam::polyBoundaryMesh::patchSet(const Foam::UList<Foam::wordRe>&, bool, bool) const
    in file meshes/polyMesh/polyBoundaryMesh/polyBoundaryMesh.C at line 1158
    Cannot find any patch names matching tm_se_wall
--> FOAM Warning : 
    From void Foam::patchToFace::combine(Foam::topoSet&, bool) const
    in file topoSet/faceSources/patchToFace/patchToFace.C at line 96
    Cannot find any patches matching (tm_se_wall)
Valid names: (wall iris_wall outlet_tm lens_wall ac_inlet ac_inlet_left outlet_tm_left defaultFaces)
    faceSet outlet_tm_left_faces now size 800
Read set faceSet outlet_tm_left_faces size:800
    Applying source boxToFace
    Adding faces with centre within boxes 1((-0.00698 -0.0048 -1e-05) (-0.00665 -0.00445 0.001001))
    faceSet outlet_tm_left_faces now size 4
Read set faceSet outlet_tm_left_faces size:4
    Applying source normalToFace
    Adding faces according to normal being aligned with (-0.75568908 -0.65493054 0) (to within 0.35) ...
    faceSet outlet_tm_left_faces now size 2
Created faceSet ac_inlet_faces
    Applying source patchToFace
    Adding all faces of patches: (ac_inlet) ...
    Found matching patch ac_inlet with 5 faces
    faceSet ac_inlet_faces now size 5
Read set faceSet ac_inlet_faces size:5
    Applying source patchToFace
    Adding all faces of patches: (wall) ...
    Found matching patch wall with 554 faces
    faceSet ac_inlet_faces now size 559
Read set faceSet ac_inlet_faces size:559
    Applying source patchToFace
    Adding all faces of patches: (iris_wall) ...
    Found matching patch iris_wall with 240 faces
    faceSet ac_inlet_faces now size 799
Read set faceSet ac_inlet_faces size:799
    Applying source boxToFace
    Adding faces with centre within boxes 1((0.00685 -0.00392 -1e-05) (0.00715 -0.00328 0.001001))
    faceSet ac_inlet_faces now size 10
Read set faceSet ac_inlet_faces size:10
    Applying source normalToFace
    Adding faces according to normal being aligned with (0.97618706 -0.21693046 0) (to within 0.5) ...
    faceSet ac_inlet_faces now size 7
Created faceSet ac_inlet_left_faces
    Applying source patchToFace
    Adding all faces of patches: (ac_inlet_left) ...
    Found matching patch ac_inlet_left with 5 faces
    faceSet ac_inlet_left_faces now size 5
Read set faceSet ac_inlet_left_faces size:5
    Applying source patchToFace
    Adding all faces of patches: (wall) ...
    Found matching patch wall with 554 faces
    faceSet ac_inlet_left_faces now size 559
Read set faceSet ac_inlet_left_faces size:559
    Applying source patchToFace
    Adding all faces of patches: (iris_wall) ...
    Found matching patch iris_wall with 240 faces
    faceSet ac_inlet_left_faces now size 799
Read set faceSet ac_inlet_left_faces size:799
    Applying source boxToFace
    Adding faces with centre within boxes 1((-0.00715 -0.00392 -1e-05) (-0.00685 -0.00328 0.001001))
    faceSet ac_inlet_left_faces now size 10
Read set faceSet ac_inlet_left_faces size:10
    Applying source normalToFace
    Adding faces according to normal being aligned with (-0.97618706 -0.21693046 0) (to within 0.5) ...
    faceSet ac_inlet_left_faces now size 7
Created faceSet demote_to_wall
    Applying source patchToFace
    Adding all faces of patches: (outlet_tm) ...
    Found matching patch outlet_tm with 6 faces
    faceSet demote_to_wall now size 6
Read set faceSet demote_to_wall size:6
    Applying source patchToFace
    Adding all faces of patches: (outlet_tm_left) ...
    Found matching patch outlet_tm_left with 6 faces
    faceSet demote_to_wall now size 12
Read set faceSet demote_to_wall size:12
    Applying source patchToFace
    Adding all faces of patches: (ac_inlet) ...
    Found matching patch ac_inlet with 5 faces
    faceSet demote_to_wall now size 17
Read set faceSet demote_to_wall size:17
    Applying source patchToFace
    Adding all faces of patches: (ac_inlet_left) ...
    Found matching patch ac_inlet_left with 5 faces
    faceSet demote_to_wall now size 22
Read set faceSet demote_to_wall size:22
    Applying source faceToFace
    Removing all elements of face sets: (outlet_tm_faces)
    faceSet demote_to_wall now size 20
Read set faceSet demote_to_wall size:20
    Applying source faceToFace
    Removing all elements of face sets: (outlet_tm_left_faces)
    faceSet demote_to_wall now size 18
Read set faceSet demote_to_wall size:18
    Applying source faceToFace
    Removing all elements of face sets: (ac_inlet_faces)
    faceSet demote_to_wall now size 15
Read set faceSet demote_to_wall size:15
    Applying source faceToFace
    Removing all elements of face sets: (ac_inlet_left_faces)
    faceSet demote_to_wall now size 12
Time = 100
    mesh not changed.
Created faceSet outlet_tm_faces
    Applying source patchToFace
    Adding all faces of patches: (outlet_tm) ...
    Found matching patch outlet_tm with 6 faces
    faceSet outlet_tm_faces now size 6
Read set faceSet outlet_tm_faces size:6
    Applying source patchToFace
    Adding all faces of patches: (wall) ...
    Found matching patch wall with 554 faces
    faceSet outlet_tm_faces now size 560
Read set faceSet outlet_tm_faces size:560
    Applying source patchToFace
    Adding all faces of patches: (iris_wall) ...
    Found matching patch iris_wall with 240 faces
    faceSet outlet_tm_faces now size 800
Read set faceSet outlet_tm_faces size:800
    Applying source patchToFace
    Adding all faces of patches: (tm_se_wall) ...
--> FOAM Warning : 
    From Foam::labelHashSet Foam::polyBoundaryMesh::patchSet(const Foam::UList<Foam::wordRe>&, bool, bool) const
    in file meshes/polyMesh/polyBoundaryMesh/polyBoundaryMesh.C at line 1158
    Cannot find any patch names matching tm_se_wall
--> FOAM Warning : 
    From void Foam::patchToFace::combine(Foam::topoSet&, bool) const
    in file topoSet/faceSources/patchToFace/patchToFace.C at line 96
    Cannot find any patches matching (tm_se_wall)
Valid names: (wall iris_wall outlet_tm lens_wall ac_inlet ac_inlet_left outlet_tm_left defaultFaces)
    faceSet outlet_tm_faces now size 800
Read set faceSet outlet_tm_faces size:800
    Applying source boxToFace
    Adding faces with centre within boxes 1((0.00665 -0.0048 -1e-05) (0.00698 -0.00445 0.001001))
    faceSet outlet_tm_faces now size 4
Read set faceSet outlet_tm_faces size:4
    Applying source normalToFace
    Adding faces according to normal being aligned with (0.75568908 -0.65493054 0) (to within 0.35) ...
    faceSet outlet_tm_faces now size 2
Created faceSet outlet_tm_left_faces
    Applying source patchToFace
    Adding all faces of patches: (outlet_tm_left) ...
    Found matching patch outlet_tm_left with 6 faces
    faceSet outlet_tm_left_faces now size 6
Read set faceSet outlet_tm_left_faces size:6
    Applying source patchToFace
    Adding all faces of patches: (wall) ...
    Found matching patch wall with 554 faces
    faceSet outlet_tm_left_faces now size 560
Read set faceSet outlet_tm_left_faces size:560
    Applying source patchToFace
    Adding all faces of patches: (iris_wall) ...
    Found matching patch iris_wall with 240 faces
    faceSet outlet_tm_left_faces now size 800
Read set faceSet outlet_tm_left_faces size:800
    Applying source patchToFace
    Adding all faces of patches: (tm_se_wall) ...
--> FOAM Warning : 
    From Foam::labelHashSet Foam::polyBoundaryMesh::patchSet(const Foam::UList<Foam::wordRe>&, bool, bool) const
    in file meshes/polyMesh/polyBoundaryMesh/polyBoundaryMesh.C at line 1158
    Cannot find any patch names matching tm_se_wall
--> FOAM Warning : 
    From void Foam::patchToFace::combine(Foam::topoSet&, bool) const
    in file topoSet/faceSources/patchToFace/patchToFace.C at line 96
    Cannot find any patches matching (tm_se_wall)
Valid names: (wall iris_wall outlet_tm lens_wall ac_inlet ac_inlet_left outlet_tm_left defaultFaces)
    faceSet outlet_tm_left_faces now size 800
Read set faceSet outlet_tm_left_faces size:800
    Applying source boxToFace
    Adding faces with centre within boxes 1((-0.00698 -0.0048 -1e-05) (-0.00665 -0.00445 0.001001))
    faceSet outlet_tm_left_faces now size 4
Read set faceSet outlet_tm_left_faces size:4
    Applying source normalToFace
    Adding faces according to normal being aligned with (-0.75568908 -0.65493054 0) (to within 0.35) ...
    faceSet outlet_tm_left_faces now size 2
Created faceSet ac_inlet_faces
    Applying source patchToFace
    Adding all faces of patches: (ac_inlet) ...
    Found matching patch ac_inlet with 5 faces
    faceSet ac_inlet_faces now size 5
Read set faceSet ac_inlet_faces size:5
    Applying source patchToFace
    Adding all faces of patches: (wall) ...
    Found matching patch wall with 554 faces
    faceSet ac_inlet_faces now size 559
Read set faceSet ac_inlet_faces size:559
    Applying source patchToFace
    Adding all faces of patches: (iris_wall) ...
    Found matching patch iris_wall with 240 faces
    faceSet ac_inlet_faces now size 799
Read set faceSet ac_inlet_faces size:799
    Applying source boxToFace
    Adding faces with centre within boxes 1((0.00685 -0.00392 -1e-05) (0.00715 -0.00328 0.001001))
    faceSet ac_inlet_faces now size 10
Read set faceSet ac_inlet_faces size:10
    Applying source normalToFace
    Adding faces according to normal being aligned with (0.97618706 -0.21693046 0) (to within 0.5) ...
    faceSet ac_inlet_faces now size 7
Created faceSet ac_inlet_left_faces
    Applying source patchToFace
    Adding all faces of patches: (ac_inlet_left) ...
    Found matching patch ac_inlet_left with 5 faces
    faceSet ac_inlet_left_faces now size 5
Read set faceSet ac_inlet_left_faces size:5
    Applying source patchToFace
    Adding all faces of patches: (wall) ...
    Found matching patch wall with 554 faces
    faceSet ac_inlet_left_faces now size 559
Read set faceSet ac_inlet_left_faces size:559
    Applying source patchToFace
    Adding all faces of patches: (iris_wall) ...
    Found matching patch iris_wall with 240 faces
    faceSet ac_inlet_left_faces now size 799
Read set faceSet ac_inlet_left_faces size:799
    Applying source boxToFace
    Adding faces with centre within boxes 1((-0.00715 -0.00392 -1e-05) (-0.00685 -0.00328 0.001001))
    faceSet ac_inlet_left_faces now size 10
Read set faceSet ac_inlet_left_faces size:10
    Applying source normalToFace
    Adding faces according to normal being aligned with (-0.97618706 -0.21693046 0) (to within 0.5) ...
    faceSet ac_inlet_left_faces now size 7
Created faceSet demote_to_wall
    Applying source patchToFace
    Adding all faces of patches: (outlet_tm) ...
    Found matching patch outlet_tm with 6 faces
    faceSet demote_to_wall now size 6
Read set faceSet demote_to_wall size:6
    Applying source patchToFace
    Adding all faces of patches: (outlet_tm_left) ...
    Found matching patch outlet_tm_left with 6 faces
    faceSet demote_to_wall now size 12
Read set faceSet demote_to_wall size:12
    Applying source patchToFace
    Adding all faces of patches: (ac_inlet) ...
    Found matching patch ac_inlet with 5 faces
    faceSet demote_to_wall now size 17
Read set faceSet demote_to_wall size:17
    Applying source patchToFace
    Adding all faces of patches: (ac_inlet_left) ...
    Found matching patch ac_inlet_left with 5 faces
    faceSet demote_to_wall now size 22
Read set faceSet demote_to_wall size:22
    Applying source faceToFace
    Removing all elements of face sets: (outlet_tm_faces)
    faceSet demote_to_wall now size 20
Read set faceSet demote_to_wall size:20
    Applying source faceToFace
    Removing all elements of face sets: (outlet_tm_left_faces)
    faceSet demote_to_wall now size 18
Read set faceSet demote_to_wall size:18
    Applying source faceToFace
    Removing all elements of face sets: (ac_inlet_faces)
    faceSet demote_to_wall now size 15
Read set faceSet demote_to_wall size:15
    Applying source faceToFace
    Removing all elements of face sets: (ac_inlet_left_faces)
    faceSet demote_to_wall now size 12
Time = 107
    mesh not changed.
Created faceSet outlet_tm_faces
    Applying source patchToFace
    Adding all faces of patches: (outlet_tm) ...
    Found matching patch outlet_tm with 6 faces
    faceSet outlet_tm_faces now size 6
Read set faceSet outlet_tm_faces size:6
    Applying source patchToFace
    Adding all faces of patches: (wall) ...
    Found matching patch wall with 554 faces
    faceSet outlet_tm_faces now size 560
Read set faceSet outlet_tm_faces size:560
    Applying source patchToFace
    Adding all faces of patches: (iris_wall) ...
    Found matching patch iris_wall with 240 faces
    faceSet outlet_tm_faces now size 800
Read set faceSet outlet_tm_faces size:800
    Applying source patchToFace
    Adding all faces of patches: (tm_se_wall) ...
--> FOAM Warning : 
    From Foam::labelHashSet Foam::polyBoundaryMesh::patchSet(const Foam::UList<Foam::wordRe>&, bool, bool) const
    in file meshes/polyMesh/polyBoundaryMesh/polyBoundaryMesh.C at line 1158
    Cannot find any patch names matching tm_se_wall
--> FOAM Warning : 
    From void Foam::patchToFace::combine(Foam::topoSet&, bool) const
    in file topoSet/faceSources/patchToFace/patchToFace.C at line 96
    Cannot find any patches matching (tm_se_wall)
Valid names: (wall iris_wall outlet_tm lens_wall ac_inlet ac_inlet_left outlet_tm_left defaultFaces)
    faceSet outlet_tm_faces now size 800
Read set faceSet outlet_tm_faces size:800
    Applying source boxToFace
    Adding faces with centre within boxes 1((0.00665 -0.0048 -1e-05) (0.00698 -0.00445 0.001001))
    faceSet outlet_tm_faces now size 4
Read set faceSet outlet_tm_faces size:4
    Applying source normalToFace
    Adding faces according to normal being aligned with (0.75568908 -0.65493054 0) (to within 0.35) ...
    faceSet outlet_tm_faces now size 2
Created faceSet outlet_tm_left_faces
    Applying source patchToFace
    Adding all faces of patches: (outlet_tm_left) ...
    Found matching patch outlet_tm_left with 6 faces
    faceSet outlet_tm_left_faces now size 6
Read set faceSet outlet_tm_left_faces size:6
    Applying source patchToFace
    Adding all faces of patches: (wall) ...
    Found matching patch wall with 554 faces
    faceSet outlet_tm_left_faces now size 560
Read set faceSet outlet_tm_left_faces size:560
    Applying source patchToFace
    Adding all faces of patches: (iris_wall) ...
    Found matching patch iris_wall with 240 faces
    faceSet outlet_tm_left_faces now size 800
Read set faceSet outlet_tm_left_faces size:800
    Applying source patchToFace
    Adding all faces of patches: (tm_se_wall) ...
--> FOAM Warning : 
    From Foam::labelHashSet Foam::polyBoundaryMesh::patchSet(const Foam::UList<Foam::wordRe>&, bool, bool) const
    in file meshes/polyMesh/polyBoundaryMesh/polyBoundaryMesh.C at line 1158
    Cannot find any patch names matching tm_se_wall
--> FOAM Warning : 
    From void Foam::patchToFace::combine(Foam::topoSet&, bool) const
    in file topoSet/faceSources/patchToFace/patchToFace.C at line 96
    Cannot find any patches matching (tm_se_wall)
Valid names: (wall iris_wall outlet_tm lens_wall ac_inlet ac_inlet_left outlet_tm_left defaultFaces)
    faceSet outlet_tm_left_faces now size 800
Read set faceSet outlet_tm_left_faces size:800
    Applying source boxToFace
    Adding faces with centre within boxes 1((-0.00698 -0.0048 -1e-05) (-0.00665 -0.00445 0.001001))
    faceSet outlet_tm_left_faces now size 4
Read set faceSet outlet_tm_left_faces size:4
    Applying source normalToFace
    Adding faces according to normal being aligned with (-0.75568908 -0.65493054 0) (to within 0.35) ...
    faceSet outlet_tm_left_faces now size 2
Created faceSet ac_inlet_faces
    Applying source patchToFace
    Adding all faces of patches: (ac_inlet) ...
    Found matching patch ac_inlet with 5 faces
    faceSet ac_inlet_faces now size 5
Read set faceSet ac_inlet_faces size:5
    Applying source patchToFace
    Adding all faces of patches: (wall) ...
    Found matching patch wall with 554 faces
    faceSet ac_inlet_faces now size 559
Read set faceSet ac_inlet_faces size:559
    Applying source patchToFace
    Adding all faces of patches: (iris_wall) ...
    Found matching patch iris_wall with 240 faces
    faceSet ac_inlet_faces now size 799
Read set faceSet ac_inlet_faces size:799
    Applying source boxToFace
    Adding faces with centre within boxes 1((0.00685 -0.00392 -1e-05) (0.00715 -0.00328 0.001001))
    faceSet ac_inlet_faces now size 10
Read set faceSet ac_inlet_faces size:10
    Applying source normalToFace
    Adding faces according to normal being aligned with (0.97618706 -0.21693046 0) (to within 0.5) ...
    faceSet ac_inlet_faces now size 7
Created faceSet ac_inlet_left_faces
    Applying source patchToFace
    Adding all faces of patches: (ac_inlet_left) ...
    Found matching patch ac_inlet_left with 5 faces
    faceSet ac_inlet_left_faces now size 5
Read set faceSet ac_inlet_left_faces size:5
    Applying source patchToFace
    Adding all faces of patches: (wall) ...
    Found matching patch wall with 554 faces
    faceSet ac_inlet_left_faces now size 559
Read set faceSet ac_inlet_left_faces size:559
    Applying source patchToFace
    Adding all faces of patches: (iris_wall) ...
    Found matching patch iris_wall with 240 faces
    faceSet ac_inlet_left_faces now size 799
Read set faceSet ac_inlet_left_faces size:799
    Applying source boxToFace
    Adding faces with centre within boxes 1((-0.00715 -0.00392 -1e-05) (-0.00685 -0.00328 0.001001))
    faceSet ac_inlet_left_faces now size 10
Read set faceSet ac_inlet_left_faces size:10
    Applying source normalToFace
    Adding faces according to normal being aligned with (-0.97618706 -0.21693046 0) (to within 0.5) ...
    faceSet ac_inlet_left_faces now size 7
Created faceSet demote_to_wall
    Applying source patchToFace
    Adding all faces of patches: (outlet_tm) ...
    Found matching patch outlet_tm with 6 faces
    faceSet demote_to_wall now size 6
Read set faceSet demote_to_wall size:6
    Applying source patchToFace
    Adding all faces of patches: (outlet_tm_left) ...
    Found matching patch outlet_tm_left with 6 faces
    faceSet demote_to_wall now size 12
Read set faceSet demote_to_wall size:12
    Applying source patchToFace
    Adding all faces of patches: (ac_inlet) ...
    Found matching patch ac_inlet with 5 faces
    faceSet demote_to_wall now size 17
Read set faceSet demote_to_wall size:17
    Applying source patchToFace
    Adding all faces of patches: (ac_inlet_left) ...
    Found matching patch ac_inlet_left with 5 faces
    faceSet demote_to_wall now size 22
Read set faceSet demote_to_wall size:22
    Applying source faceToFace
    Removing all elements of face sets: (outlet_tm_faces)
    faceSet demote_to_wall now size 20
Read set faceSet demote_to_wall size:20
    Applying source faceToFace
    Removing all elements of face sets: (outlet_tm_left_faces)
    faceSet demote_to_wall now size 18
Read set faceSet demote_to_wall size:18
    Applying source faceToFace
    Removing all elements of face sets: (ac_inlet_faces)
    faceSet demote_to_wall now size 15
Read set faceSet demote_to_wall size:15
    Applying source faceToFace
    Removing all elements of face sets: (ac_inlet_left_faces)
    faceSet demote_to_wall now size 12
Time = 150
    mesh not changed.
Created faceSet outlet_tm_faces
    Applying source patchToFace
    Adding all faces of patches: (outlet_tm) ...
    Found matching patch outlet_tm with 6 faces
    faceSet outlet_tm_faces now size 6
Read set faceSet outlet_tm_faces size:6
    Applying source patchToFace
    Adding all faces of patches: (wall) ...
    Found matching patch wall with 554 faces
    faceSet outlet_tm_faces now size 560
Read set faceSet outlet_tm_faces size:560
    Applying source patchToFace
    Adding all faces of patches: (iris_wall) ...
    Found matching patch iris_wall with 240 faces
    faceSet outlet_tm_faces now size 800
Read set faceSet outlet_tm_faces size:800
    Applying source patchToFace
    Adding all faces of patches: (tm_se_wall) ...
--> FOAM Warning : 
    From Foam::labelHashSet Foam::polyBoundaryMesh::patchSet(const Foam::UList<Foam::wordRe>&, bool, bool) const
    in file meshes/polyMesh/polyBoundaryMesh/polyBoundaryMesh.C at line 1158
    Cannot find any patch names matching tm_se_wall
--> FOAM Warning : 
    From void Foam::patchToFace::combine(Foam::topoSet&, bool) const
    in file topoSet/faceSources/patchToFace/patchToFace.C at line 96
    Cannot find any patches matching (tm_se_wall)
Valid names: (wall iris_wall outlet_tm lens_wall ac_inlet ac_inlet_left outlet_tm_left defaultFaces)
    faceSet outlet_tm_faces now size 800
Read set faceSet outlet_tm_faces size:800
    Applying source boxToFace
    Adding faces with centre within boxes 1((0.00665 -0.0048 -1e-05) (0.00698 -0.00445 0.001001))
    faceSet outlet_tm_faces now size 4
Read set faceSet outlet_tm_faces size:4
    Applying source normalToFace
    Adding faces according to normal being aligned with (0.75568908 -0.65493054 0) (to within 0.35) ...
    faceSet outlet_tm_faces now size 2
Created faceSet outlet_tm_left_faces
    Applying source patchToFace
    Adding all faces of patches: (outlet_tm_left) ...
    Found matching patch outlet_tm_left with 6 faces
    faceSet outlet_tm_left_faces now size 6
Read set faceSet outlet_tm_left_faces size:6
    Applying source patchToFace
    Adding all faces of patches: (wall) ...
    Found matching patch wall with 554 faces
    faceSet outlet_tm_left_faces now size 560
Read set faceSet outlet_tm_left_faces size:560
    Applying source patchToFace
    Adding all faces of patches: (iris_wall) ...
    Found matching patch iris_wall with 240 faces
    faceSet outlet_tm_left_faces now size 800
Read set faceSet outlet_tm_left_faces size:800
    Applying source patchToFace
    Adding all faces of patches: (tm_se_wall) ...
--> FOAM Warning : 
    From Foam::labelHashSet Foam::polyBoundaryMesh::patchSet(const Foam::UList<Foam::wordRe>&, bool, bool) const
    in file meshes/polyMesh/polyBoundaryMesh/polyBoundaryMesh.C at line 1158
    Cannot find any patch names matching tm_se_wall
--> FOAM Warning : 
    From void Foam::patchToFace::combine(Foam::topoSet&, bool) const
    in file topoSet/faceSources/patchToFace/patchToFace.C at line 96
    Cannot find any patches matching (tm_se_wall)
Valid names: (wall iris_wall outlet_tm lens_wall ac_inlet ac_inlet_left outlet_tm_left defaultFaces)
    faceSet outlet_tm_left_faces now size 800
Read set faceSet outlet_tm_left_faces size:800
    Applying source boxToFace
    Adding faces with centre within boxes 1((-0.00698 -0.0048 -1e-05) (-0.00665 -0.00445 0.001001))
    faceSet outlet_tm_left_faces now size 4
Read set faceSet outlet_tm_left_faces size:4
    Applying source normalToFace
    Adding faces according to normal being aligned with (-0.75568908 -0.65493054 0) (to within 0.35) ...
    faceSet outlet_tm_left_faces now size 2
Created faceSet ac_inlet_faces
    Applying source patchToFace
    Adding all faces of patches: (ac_inlet) ...
    Found matching patch ac_inlet with 5 faces
    faceSet ac_inlet_faces now size 5
Read set faceSet ac_inlet_faces size:5
    Applying source patchToFace
    Adding all faces of patches: (wall) ...
    Found matching patch wall with 554 faces
    faceSet ac_inlet_faces now size 559
Read set faceSet ac_inlet_faces size:559
    Applying source patchToFace
    Adding all faces of patches: (iris_wall) ...
    Found matching patch iris_wall with 240 faces
    faceSet ac_inlet_faces now size 799
Read set faceSet ac_inlet_faces size:799
    Applying source boxToFace
    Adding faces with centre within boxes 1((0.00685 -0.00392 -1e-05) (0.00715 -0.00328 0.001001))
    faceSet ac_inlet_faces now size 10
Read set faceSet ac_inlet_faces size:10
    Applying source normalToFace
    Adding faces according to normal being aligned with (0.97618706 -0.21693046 0) (to within 0.5) ...
    faceSet ac_inlet_faces now size 7
Created faceSet ac_inlet_left_faces
    Applying source patchToFace
    Adding all faces of patches: (ac_inlet_left) ...
    Found matching patch ac_inlet_left with 5 faces
    faceSet ac_inlet_left_faces now size 5
Read set faceSet ac_inlet_left_faces size:5
    Applying source patchToFace
    Adding all faces of patches: (wall) ...
    Found matching patch wall with 554 faces
    faceSet ac_inlet_left_faces now size 559
Read set faceSet ac_inlet_left_faces size:559
    Applying source patchToFace
    Adding all faces of patches: (iris_wall) ...
    Found matching patch iris_wall with 240 faces
    faceSet ac_inlet_left_faces now size 799
Read set faceSet ac_inlet_left_faces size:799
    Applying source boxToFace
    Adding faces with centre within boxes 1((-0.00715 -0.00392 -1e-05) (-0.00685 -0.00328 0.001001))
    faceSet ac_inlet_left_faces now size 10
Read set faceSet ac_inlet_left_faces size:10
    Applying source normalToFace
    Adding faces according to normal being aligned with (-0.97618706 -0.21693046 0) (to within 0.5) ...
    faceSet ac_inlet_left_faces now size 7
Created faceSet demote_to_wall
    Applying source patchToFace
    Adding all faces of patches: (outlet_tm) ...
    Found matching patch outlet_tm with 6 faces
    faceSet demote_to_wall now size 6
Read set faceSet demote_to_wall size:6
    Applying source patchToFace
    Adding all faces of patches: (outlet_tm_left) ...
    Found matching patch outlet_tm_left with 6 faces
    faceSet demote_to_wall now size 12
Read set faceSet demote_to_wall size:12
    Applying source patchToFace
    Adding all faces of patches: (ac_inlet) ...
    Found matching patch ac_inlet with 5 faces
    faceSet demote_to_wall now size 17
Read set faceSet demote_to_wall size:17
    Applying source patchToFace
    Adding all faces of patches: (ac_inlet_left) ...
    Found matching patch ac_inlet_left with 5 faces
    faceSet demote_to_wall now size 22
Read set faceSet demote_to_wall size:22
    Applying source faceToFace
    Removing all elements of face sets: (outlet_tm_faces)
    faceSet demote_to_wall now size 20
Read set faceSet demote_to_wall size:20
    Applying source faceToFace
    Removing all elements of face sets: (outlet_tm_left_faces)
    faceSet demote_to_wall now size 18
Read set faceSet demote_to_wall size:18
    Applying source faceToFace
    Removing all elements of face sets: (ac_inlet_faces)
    faceSet demote_to_wall now size 15
Read set faceSet demote_to_wall size:15
    Applying source faceToFace
    Removing all elements of face sets: (ac_inlet_left_faces)
    faceSet demote_to_wall now size 12
Time = 200
    mesh not changed.
Created faceSet outlet_tm_faces
    Applying source patchToFace
    Adding all faces of patches: (outlet_tm) ...
    Found matching patch outlet_tm with 6 faces
    faceSet outlet_tm_faces now size 6
Read set faceSet outlet_tm_faces size:6
    Applying source patchToFace
    Adding all faces of patches: (wall) ...
    Found matching patch wall with 554 faces
    faceSet outlet_tm_faces now size 560
Read set faceSet outlet_tm_faces size:560
    Applying source patchToFace
    Adding all faces of patches: (iris_wall) ...
    Found matching patch iris_wall with 240 faces
    faceSet outlet_tm_faces now size 800
Read set faceSet outlet_tm_faces size:800
    Applying source patchToFace
    Adding all faces of patches: (tm_se_wall) ...
--> FOAM Warning : 
    From Foam::labelHashSet Foam::polyBoundaryMesh::patchSet(const Foam::UList<Foam::wordRe>&, bool, bool) const
    in file meshes/polyMesh/polyBoundaryMesh/polyBoundaryMesh.C at line 1158
    Cannot find any patch names matching tm_se_wall
--> FOAM Warning : 
    From void Foam::patchToFace::combine(Foam::topoSet&, bool) const
    in file topoSet/faceSources/patchToFace/patchToFace.C at line 96
    Cannot find any patches matching (tm_se_wall)
Valid names: (wall iris_wall outlet_tm lens_wall ac_inlet ac_inlet_left outlet_tm_left defaultFaces)
    faceSet outlet_tm_faces now size 800
Read set faceSet outlet_tm_faces size:800
    Applying source boxToFace
    Adding faces with centre within boxes 1((0.00665 -0.0048 -1e-05) (0.00698 -0.00445 0.001001))
    faceSet outlet_tm_faces now size 4
Read set faceSet outlet_tm_faces size:4
    Applying source normalToFace
    Adding faces according to normal being aligned with (0.75568908 -0.65493054 0) (to within 0.35) ...
    faceSet outlet_tm_faces now size 2
Created faceSet outlet_tm_left_faces
    Applying source patchToFace
    Adding all faces of patches: (outlet_tm_left) ...
    Found matching patch outlet_tm_left with 6 faces
    faceSet outlet_tm_left_faces now size 6
Read set faceSet outlet_tm_left_faces size:6
    Applying source patchToFace
    Adding all faces of patches: (wall) ...
    Found matching patch wall with 554 faces
    faceSet outlet_tm_left_faces now size 560
Read set faceSet outlet_tm_left_faces size:560
    Applying source patchToFace
    Adding all faces of patches: (iris_wall) ...
    Found matching patch iris_wall with 240 faces
    faceSet outlet_tm_left_faces now size 800
Read set faceSet outlet_tm_left_faces size:800
    Applying source patchToFace
    Adding all faces of patches: (tm_se_wall) ...
--> FOAM Warning : 
    From Foam::labelHashSet Foam::polyBoundaryMesh::patchSet(const Foam::UList<Foam::wordRe>&, bool, bool) const
    in file meshes/polyMesh/polyBoundaryMesh/polyBoundaryMesh.C at line 1158
    Cannot find any patch names matching tm_se_wall
--> FOAM Warning : 
    From void Foam::patchToFace::combine(Foam::topoSet&, bool) const
    in file topoSet/faceSources/patchToFace/patchToFace.C at line 96
    Cannot find any patches matching (tm_se_wall)
Valid names: (wall iris_wall outlet_tm lens_wall ac_inlet ac_inlet_left outlet_tm_left defaultFaces)
    faceSet outlet_tm_left_faces now size 800
Read set faceSet outlet_tm_left_faces size:800
    Applying source boxToFace
    Adding faces with centre within boxes 1((-0.00698 -0.0048 -1e-05) (-0.00665 -0.00445 0.001001))
    faceSet outlet_tm_left_faces now size 4
Read set faceSet outlet_tm_left_faces size:4
    Applying source normalToFace
    Adding faces according to normal being aligned with (-0.75568908 -0.65493054 0) (to within 0.35) ...
    faceSet outlet_tm_left_faces now size 2
Created faceSet ac_inlet_faces
    Applying source patchToFace
    Adding all faces of patches: (ac_inlet) ...
    Found matching patch ac_inlet with 5 faces
    faceSet ac_inlet_faces now size 5
Read set faceSet ac_inlet_faces size:5
    Applying source patchToFace
    Adding all faces of patches: (wall) ...
    Found matching patch wall with 554 faces
    faceSet ac_inlet_faces now size 559
Read set faceSet ac_inlet_faces size:559
    Applying source patchToFace
    Adding all faces of patches: (iris_wall) ...
    Found matching patch iris_wall with 240 faces
    faceSet ac_inlet_faces now size 799
Read set faceSet ac_inlet_faces size:799
    Applying source boxToFace
    Adding faces with centre within boxes 1((0.00685 -0.00392 -1e-05) (0.00715 -0.00328 0.001001))
    faceSet ac_inlet_faces now size 10
Read set faceSet ac_inlet_faces size:10
    Applying source normalToFace
    Adding faces according to normal being aligned with (0.97618706 -0.21693046 0) (to within 0.5) ...
    faceSet ac_inlet_faces now size 7
Created faceSet ac_inlet_left_faces
    Applying source patchToFace
    Adding all faces of patches: (ac_inlet_left) ...
    Found matching patch ac_inlet_left with 5 faces
    faceSet ac_inlet_left_faces now size 5
Read set faceSet ac_inlet_left_faces size:5
    Applying source patchToFace
    Adding all faces of patches: (wall) ...
    Found matching patch wall with 554 faces
    faceSet ac_inlet_left_faces now size 559
Read set faceSet ac_inlet_left_faces size:559
    Applying source patchToFace
    Adding all faces of patches: (iris_wall) ...
    Found matching patch iris_wall with 240 faces
    faceSet ac_inlet_left_faces now size 799
Read set faceSet ac_inlet_left_faces size:799
    Applying source boxToFace
    Adding faces with centre within boxes 1((-0.00715 -0.00392 -1e-05) (-0.00685 -0.00328 0.001001))
    faceSet ac_inlet_left_faces now size 10
Read set faceSet ac_inlet_left_faces size:10
    Applying source normalToFace
    Adding faces according to normal being aligned with (-0.97618706 -0.21693046 0) (to within 0.5) ...
    faceSet ac_inlet_left_faces now size 7
Created faceSet demote_to_wall
    Applying source patchToFace
    Adding all faces of patches: (outlet_tm) ...
    Found matching patch outlet_tm with 6 faces
    faceSet demote_to_wall now size 6
Read set faceSet demote_to_wall size:6
    Applying source patchToFace
    Adding all faces of patches: (outlet_tm_left) ...
    Found matching patch outlet_tm_left with 6 faces
    faceSet demote_to_wall now size 12
Read set faceSet demote_to_wall size:12
    Applying source patchToFace
    Adding all faces of patches: (ac_inlet) ...
    Found matching patch ac_inlet with 5 faces
    faceSet demote_to_wall now size 17
Read set faceSet demote_to_wall size:17
    Applying source patchToFace
    Adding all faces of patches: (ac_inlet_left) ...
    Found matching patch ac_inlet_left with 5 faces
    faceSet demote_to_wall now size 22
Read set faceSet demote_to_wall size:22
    Applying source faceToFace
    Removing all elements of face sets: (outlet_tm_faces)
    faceSet demote_to_wall now size 20
Read set faceSet demote_to_wall size:20
    Applying source faceToFace
    Removing all elements of face sets: (outlet_tm_left_faces)
    faceSet demote_to_wall now size 18
Read set faceSet demote_to_wall size:18
    Applying source faceToFace
    Removing all elements of face sets: (ac_inlet_faces)
    faceSet demote_to_wall now size 15
Read set faceSet demote_to_wall size:15
    Applying source faceToFace
    Removing all elements of face sets: (ac_inlet_left_faces)
    faceSet demote_to_wall now size 12
Time = 242
    mesh not changed.
Created faceSet outlet_tm_faces
    Applying source patchToFace
    Adding all faces of patches: (outlet_tm) ...
    Found matching patch outlet_tm with 6 faces
    faceSet outlet_tm_faces now size 6
Read set faceSet outlet_tm_faces size:6
    Applying source patchToFace
    Adding all faces of patches: (wall) ...
    Found matching patch wall with 554 faces
    faceSet outlet_tm_faces now size 560
Read set faceSet outlet_tm_faces size:560
    Applying source patchToFace
    Adding all faces of patches: (iris_wall) ...
    Found matching patch iris_wall with 240 faces
    faceSet outlet_tm_faces now size 800
Read set faceSet outlet_tm_faces size:800
    Applying source patchToFace
    Adding all faces of patches: (tm_se_wall) ...
--> FOAM Warning : 
    From Foam::labelHashSet Foam::polyBoundaryMesh::patchSet(const Foam::UList<Foam::wordRe>&, bool, bool) const
    in file meshes/polyMesh/polyBoundaryMesh/polyBoundaryMesh.C at line 1158
    Cannot find any patch names matching tm_se_wall
--> FOAM Warning : 
    From void Foam::patchToFace::combine(Foam::topoSet&, bool) const
    in file topoSet/faceSources/patchToFace/patchToFace.C at line 96
    Cannot find any patches matching (tm_se_wall)
Valid names: (wall iris_wall outlet_tm lens_wall ac_inlet ac_inlet_left outlet_tm_left defaultFaces)
    faceSet outlet_tm_faces now size 800
Read set faceSet outlet_tm_faces size:800
    Applying source boxToFace
    Adding faces with centre within boxes 1((0.00665 -0.0048 -1e-05) (0.00698 -0.00445 0.001001))
    faceSet outlet_tm_faces now size 4
Read set faceSet outlet_tm_faces size:4
    Applying source normalToFace
    Adding faces according to normal being aligned with (0.75568908 -0.65493054 0) (to within 0.35) ...
    faceSet outlet_tm_faces now size 2
Created faceSet outlet_tm_left_faces
    Applying source patchToFace
    Adding all faces of patches: (outlet_tm_left) ...
    Found matching patch outlet_tm_left with 6 faces
    faceSet outlet_tm_left_faces now size 6
Read set faceSet outlet_tm_left_faces size:6
    Applying source patchToFace
    Adding all faces of patches: (wall) ...
    Found matching patch wall with 554 faces
    faceSet outlet_tm_left_faces now size 560
Read set faceSet outlet_tm_left_faces size:560
    Applying source patchToFace
    Adding all faces of patches: (iris_wall) ...
    Found matching patch iris_wall with 240 faces
    faceSet outlet_tm_left_faces now size 800
Read set faceSet outlet_tm_left_faces size:800
    Applying source patchToFace
    Adding all faces of patches: (tm_se_wall) ...
--> FOAM Warning : 
    From Foam::labelHashSet Foam::polyBoundaryMesh::patchSet(const Foam::UList<Foam::wordRe>&, bool, bool) const
    in file meshes/polyMesh/polyBoundaryMesh/polyBoundaryMesh.C at line 1158
    Cannot find any patch names matching tm_se_wall
--> FOAM Warning : 
    From void Foam::patchToFace::combine(Foam::topoSet&, bool) const
    in file topoSet/faceSources/patchToFace/patchToFace.C at line 96
    Cannot find any patches matching (tm_se_wall)
Valid names: (wall iris_wall outlet_tm lens_wall ac_inlet ac_inlet_left outlet_tm_left defaultFaces)
    faceSet outlet_tm_left_faces now size 800
Read set faceSet outlet_tm_left_faces size:800
    Applying source boxToFace
    Adding faces with centre within boxes 1((-0.00698 -0.0048 -1e-05) (-0.00665 -0.00445 0.001001))
    faceSet outlet_tm_left_faces now size 4
Read set faceSet outlet_tm_left_faces size:4
    Applying source normalToFace
    Adding faces according to normal being aligned with (-0.75568908 -0.65493054 0) (to within 0.35) ...
    faceSet outlet_tm_left_faces now size 2
Created faceSet ac_inlet_faces
    Applying source patchToFace
    Adding all faces of patches: (ac_inlet) ...
    Found matching patch ac_inlet with 5 faces
    faceSet ac_inlet_faces now size 5
Read set faceSet ac_inlet_faces size:5
    Applying source patchToFace
    Adding all faces of patches: (wall) ...
    Found matching patch wall with 554 faces
    faceSet ac_inlet_faces now size 559
Read set faceSet ac_inlet_faces size:559
    Applying source patchToFace
    Adding all faces of patches: (iris_wall) ...
    Found matching patch iris_wall with 240 faces
    faceSet ac_inlet_faces now size 799
Read set faceSet ac_inlet_faces size:799
    Applying source boxToFace
    Adding faces with centre within boxes 1((0.00685 -0.00392 -1e-05) (0.00715 -0.00328 0.001001))
    faceSet ac_inlet_faces now size 10
Read set faceSet ac_inlet_faces size:10
    Applying source normalToFace
    Adding faces according to normal being aligned with (0.97618706 -0.21693046 0) (to within 0.5) ...
    faceSet ac_inlet_faces now size 7
Created faceSet ac_inlet_left_faces
    Applying source patchToFace
    Adding all faces of patches: (ac_inlet_left) ...
    Found matching patch ac_inlet_left with 5 faces
    faceSet ac_inlet_left_faces now size 5
Read set faceSet ac_inlet_left_faces size:5
    Applying source patchToFace
    Adding all faces of patches: (wall) ...
    Found matching patch wall with 554 faces
    faceSet ac_inlet_left_faces now size 559
Read set faceSet ac_inlet_left_faces size:559
    Applying source patchToFace
    Adding all faces of patches: (iris_wall) ...
    Found matching patch iris_wall with 240 faces
    faceSet ac_inlet_left_faces now size 799
Read set faceSet ac_inlet_left_faces size:799
    Applying source boxToFace
    Adding faces with centre within boxes 1((-0.00715 -0.00392 -1e-05) (-0.00685 -0.00328 0.001001))
    faceSet ac_inlet_left_faces now size 10
Read set faceSet ac_inlet_left_faces size:10
    Applying source normalToFace
    Adding faces according to normal being aligned with (-0.97618706 -0.21693046 0) (to within 0.5) ...
    faceSet ac_inlet_left_faces now size 7
Created faceSet demote_to_wall
    Applying source patchToFace
    Adding all faces of patches: (outlet_tm) ...
    Found matching patch outlet_tm with 6 faces
    faceSet demote_to_wall now size 6
Read set faceSet demote_to_wall size:6
    Applying source patchToFace
    Adding all faces of patches: (outlet_tm_left) ...
    Found matching patch outlet_tm_left with 6 faces
    faceSet demote_to_wall now size 12
Read set faceSet demote_to_wall size:12
    Applying source patchToFace
    Adding all faces of patches: (ac_inlet) ...
    Found matching patch ac_inlet with 5 faces
    faceSet demote_to_wall now size 17
Read set faceSet demote_to_wall size:17
    Applying source patchToFace
    Adding all faces of patches: (ac_inlet_left) ...
    Found matching patch ac_inlet_left with 5 faces
    faceSet demote_to_wall now size 22
Read set faceSet demote_to_wall size:22
    Applying source faceToFace
    Removing all elements of face sets: (outlet_tm_faces)
    faceSet demote_to_wall now size 20
Read set faceSet demote_to_wall size:20
    Applying source faceToFace
    Removing all elements of face sets: (outlet_tm_left_faces)
    faceSet demote_to_wall now size 18
Read set faceSet demote_to_wall size:18
    Applying source faceToFace
    Removing all elements of face sets: (ac_inlet_faces)
    faceSet demote_to_wall now size 15
Read set faceSet demote_to_wall size:15
    Applying source faceToFace
    Removing all elements of face sets: (ac_inlet_left_faces)
    faceSet demote_to_wall now size 12
Time = 245
    mesh not changed.
Created faceSet outlet_tm_faces
    Applying source patchToFace
    Adding all faces of patches: (outlet_tm) ...
    Found matching patch outlet_tm with 6 faces
    faceSet outlet_tm_faces now size 6
Read set faceSet outlet_tm_faces size:6
    Applying source patchToFace
    Adding all faces of patches: (wall) ...
    Found matching patch wall with 554 faces
    faceSet outlet_tm_faces now size 560
Read set faceSet outlet_tm_faces size:560
    Applying source patchToFace
    Adding all faces of patches: (iris_wall) ...
    Found matching patch iris_wall with 240 faces
    faceSet outlet_tm_faces now size 800
Read set faceSet outlet_tm_faces size:800
    Applying source patchToFace
    Adding all faces of patches: (tm_se_wall) ...
--> FOAM Warning : 
    From Foam::labelHashSet Foam::polyBoundaryMesh::patchSet(const Foam::UList<Foam::wordRe>&, bool, bool) const
    in file meshes/polyMesh/polyBoundaryMesh/polyBoundaryMesh.C at line 1158
    Cannot find any patch names matching tm_se_wall
--> FOAM Warning : 
    From void Foam::patchToFace::combine(Foam::topoSet&, bool) const
    in file topoSet/faceSources/patchToFace/patchToFace.C at line 96
    Cannot find any patches matching (tm_se_wall)
Valid names: (wall iris_wall outlet_tm lens_wall ac_inlet ac_inlet_left outlet_tm_left defaultFaces)
    faceSet outlet_tm_faces now size 800
Read set faceSet outlet_tm_faces size:800
    Applying source boxToFace
    Adding faces with centre within boxes 1((0.00665 -0.0048 -1e-05) (0.00698 -0.00445 0.001001))
    faceSet outlet_tm_faces now size 4
Read set faceSet outlet_tm_faces size:4
    Applying source normalToFace
    Adding faces according to normal being aligned with (0.75568908 -0.65493054 0) (to within 0.35) ...
    faceSet outlet_tm_faces now size 2
Created faceSet outlet_tm_left_faces
    Applying source patchToFace
    Adding all faces of patches: (outlet_tm_left) ...
    Found matching patch outlet_tm_left with 6 faces
    faceSet outlet_tm_left_faces now size 6
Read set faceSet outlet_tm_left_faces size:6
    Applying source patchToFace
    Adding all faces of patches: (wall) ...
    Found matching patch wall with 554 faces
    faceSet outlet_tm_left_faces now size 560
Read set faceSet outlet_tm_left_faces size:560
    Applying source patchToFace
    Adding all faces of patches: (iris_wall) ...
    Found matching patch iris_wall with 240 faces
    faceSet outlet_tm_left_faces now size 800
Read set faceSet outlet_tm_left_faces size:800
    Applying source patchToFace
    Adding all faces of patches: (tm_se_wall) ...
--> FOAM Warning : 
    From Foam::labelHashSet Foam::polyBoundaryMesh::patchSet(const Foam::UList<Foam::wordRe>&, bool, bool) const
    in file meshes/polyMesh/polyBoundaryMesh/polyBoundaryMesh.C at line 1158
    Cannot find any patch names matching tm_se_wall
--> FOAM Warning : 
    From void Foam::patchToFace::combine(Foam::topoSet&, bool) const
    in file topoSet/faceSources/patchToFace/patchToFace.C at line 96
    Cannot find any patches matching (tm_se_wall)
Valid names: (wall iris_wall outlet_tm lens_wall ac_inlet ac_inlet_left outlet_tm_left defaultFaces)
    faceSet outlet_tm_left_faces now size 800
Read set faceSet outlet_tm_left_faces size:800
    Applying source boxToFace
    Adding faces with centre within boxes 1((-0.00698 -0.0048 -1e-05) (-0.00665 -0.00445 0.001001))
    faceSet outlet_tm_left_faces now size 4
Read set faceSet outlet_tm_left_faces size:4
    Applying source normalToFace
    Adding faces according to normal being aligned with (-0.75568908 -0.65493054 0) (to within 0.35) ...
    faceSet outlet_tm_left_faces now size 2
Created faceSet ac_inlet_faces
    Applying source patchToFace
    Adding all faces of patches: (ac_inlet) ...
    Found matching patch ac_inlet with 5 faces
    faceSet ac_inlet_faces now size 5
Read set faceSet ac_inlet_faces size:5
    Applying source patchToFace
    Adding all faces of patches: (wall) ...
    Found matching patch wall with 554 faces
    faceSet ac_inlet_faces now size 559
Read set faceSet ac_inlet_faces size:559
    Applying source patchToFace
    Adding all faces of patches: (iris_wall) ...
    Found matching patch iris_wall with 240 faces
    faceSet ac_inlet_faces now size 799
Read set faceSet ac_inlet_faces size:799
    Applying source boxToFace
    Adding faces with centre within boxes 1((0.00685 -0.00392 -1e-05) (0.00715 -0.00328 0.001001))
    faceSet ac_inlet_faces now size 10
Read set faceSet ac_inlet_faces size:10
    Applying source normalToFace
    Adding faces according to normal being aligned with (0.97618706 -0.21693046 0) (to within 0.5) ...
    faceSet ac_inlet_faces now size 7
Created faceSet ac_inlet_left_faces
    Applying source patchToFace
    Adding all faces of patches: (ac_inlet_left) ...
    Found matching patch ac_inlet_left with 5 faces
    faceSet ac_inlet_left_faces now size 5
Read set faceSet ac_inlet_left_faces size:5
    Applying source patchToFace
    Adding all faces of patches: (wall) ...
    Found matching patch wall with 554 faces
    faceSet ac_inlet_left_faces now size 559
Read set faceSet ac_inlet_left_faces size:559
    Applying source patchToFace
    Adding all faces of patches: (iris_wall) ...
    Found matching patch iris_wall with 240 faces
    faceSet ac_inlet_left_faces now size 799
Read set faceSet ac_inlet_left_faces size:799
    Applying source boxToFace
    Adding faces with centre within boxes 1((-0.00715 -0.00392 -1e-05) (-0.00685 -0.00328 0.001001))
    faceSet ac_inlet_left_faces now size 10
Read set faceSet ac_inlet_left_faces size:10
    Applying source normalToFace
    Adding faces according to normal being aligned with (-0.97618706 -0.21693046 0) (to within 0.5) ...
    faceSet ac_inlet_left_faces now size 7
Created faceSet demote_to_wall
    Applying source patchToFace
    Adding all faces of patches: (outlet_tm) ...
    Found matching patch outlet_tm with 6 faces
    faceSet demote_to_wall now size 6
Read set faceSet demote_to_wall size:6
    Applying source patchToFace
    Adding all faces of patches: (outlet_tm_left) ...
    Found matching patch outlet_tm_left with 6 faces
    faceSet demote_to_wall now size 12
Read set faceSet demote_to_wall size:12
    Applying source patchToFace
    Adding all faces of patches: (ac_inlet) ...
    Found matching patch ac_inlet with 5 faces
    faceSet demote_to_wall now size 17
Read set faceSet demote_to_wall size:17
    Applying source patchToFace
    Adding all faces of patches: (ac_inlet_left) ...
    Found matching patch ac_inlet_left with 5 faces
    faceSet demote_to_wall now size 22
Read set faceSet demote_to_wall size:22
    Applying source faceToFace
    Removing all elements of face sets: (outlet_tm_faces)
    faceSet demote_to_wall now size 20
Read set faceSet demote_to_wall size:20
    Applying source faceToFace
    Removing all elements of face sets: (outlet_tm_left_faces)
    faceSet demote_to_wall now size 18
Read set faceSet demote_to_wall size:18
    Applying source faceToFace
    Removing all elements of face sets: (ac_inlet_faces)
    faceSet demote_to_wall now size 15
Read set faceSet demote_to_wall size:15
    Applying source faceToFace
    Removing all elements of face sets: (ac_inlet_left_faces)
    faceSet demote_to_wall now size 12
Time = 250
    mesh not changed.
Created faceSet outlet_tm_faces
    Applying source patchToFace
    Adding all faces of patches: (outlet_tm) ...
    Found matching patch outlet_tm with 6 faces
    faceSet outlet_tm_faces now size 6
Read set faceSet outlet_tm_faces size:6
    Applying source patchToFace
    Adding all faces of patches: (wall) ...
    Found matching patch wall with 554 faces
    faceSet outlet_tm_faces now size 560
Read set faceSet outlet_tm_faces size:560
    Applying source patchToFace
    Adding all faces of patches: (iris_wall) ...
    Found matching patch iris_wall with 240 faces
    faceSet outlet_tm_faces now size 800
Read set faceSet outlet_tm_faces size:800
    Applying source patchToFace
    Adding all faces of patches: (tm_se_wall) ...
--> FOAM Warning : 
    From Foam::labelHashSet Foam::polyBoundaryMesh::patchSet(const Foam::UList<Foam::wordRe>&, bool, bool) const
    in file meshes/polyMesh/polyBoundaryMesh/polyBoundaryMesh.C at line 1158
    Cannot find any patch names matching tm_se_wall
--> FOAM Warning : 
    From void Foam::patchToFace::combine(Foam::topoSet&, bool) const
    in file topoSet/faceSources/patchToFace/patchToFace.C at line 96
    Cannot find any patches matching (tm_se_wall)
Valid names: (wall iris_wall outlet_tm lens_wall ac_inlet ac_inlet_left outlet_tm_left defaultFaces)
    faceSet outlet_tm_faces now size 800
Read set faceSet outlet_tm_faces size:800
    Applying source boxToFace
    Adding faces with centre within boxes 1((0.00665 -0.0048 -1e-05) (0.00698 -0.00445 0.001001))
    faceSet outlet_tm_faces now size 4
Read set faceSet outlet_tm_faces size:4
    Applying source normalToFace
    Adding faces according to normal being aligned with (0.75568908 -0.65493054 0) (to within 0.35) ...
    faceSet outlet_tm_faces now size 2
Created faceSet outlet_tm_left_faces
    Applying source patchToFace
    Adding all faces of patches: (outlet_tm_left) ...
    Found matching patch outlet_tm_left with 6 faces
    faceSet outlet_tm_left_faces now size 6
Read set faceSet outlet_tm_left_faces size:6
    Applying source patchToFace
    Adding all faces of patches: (wall) ...
    Found matching patch wall with 554 faces
    faceSet outlet_tm_left_faces now size 560
Read set faceSet outlet_tm_left_faces size:560
    Applying source patchToFace
    Adding all faces of patches: (iris_wall) ...
    Found matching patch iris_wall with 240 faces
    faceSet outlet_tm_left_faces now size 800
Read set faceSet outlet_tm_left_faces size:800
    Applying source patchToFace
    Adding all faces of patches: (tm_se_wall) ...
--> FOAM Warning : 
    From Foam::labelHashSet Foam::polyBoundaryMesh::patchSet(const Foam::UList<Foam::wordRe>&, bool, bool) const
    in file meshes/polyMesh/polyBoundaryMesh/polyBoundaryMesh.C at line 1158
    Cannot find any patch names matching tm_se_wall
--> FOAM Warning : 
    From void Foam::patchToFace::combine(Foam::topoSet&, bool) const
    in file topoSet/faceSources/patchToFace/patchToFace.C at line 96
    Cannot find any patches matching (tm_se_wall)
Valid names: (wall iris_wall outlet_tm lens_wall ac_inlet ac_inlet_left outlet_tm_left defaultFaces)
    faceSet outlet_tm_left_faces now size 800
Read set faceSet outlet_tm_left_faces size:800
    Applying source boxToFace
    Adding faces with centre within boxes 1((-0.00698 -0.0048 -1e-05) (-0.00665 -0.00445 0.001001))
    faceSet outlet_tm_left_faces now size 4
Read set faceSet outlet_tm_left_faces size:4
    Applying source normalToFace
    Adding faces according to normal being aligned with (-0.75568908 -0.65493054 0) (to within 0.35) ...
    faceSet outlet_tm_left_faces now size 2
Created faceSet ac_inlet_faces
    Applying source patchToFace
    Adding all faces of patches: (ac_inlet) ...
    Found matching patch ac_inlet with 5 faces
    faceSet ac_inlet_faces now size 5
Read set faceSet ac_inlet_faces size:5
    Applying source patchToFace
    Adding all faces of patches: (wall) ...
    Found matching patch wall with 554 faces
    faceSet ac_inlet_faces now size 559
Read set faceSet ac_inlet_faces size:559
    Applying source patchToFace
    Adding all faces of patches: (iris_wall) ...
    Found matching patch iris_wall with 240 faces
    faceSet ac_inlet_faces now size 799
Read set faceSet ac_inlet_faces size:799
    Applying source boxToFace
    Adding faces with centre within boxes 1((0.00685 -0.00392 -1e-05) (0.00715 -0.00328 0.001001))
    faceSet ac_inlet_faces now size 10
Read set faceSet ac_inlet_faces size:10
    Applying source normalToFace
    Adding faces according to normal being aligned with (0.97618706 -0.21693046 0) (to within 0.5) ...
    faceSet ac_inlet_faces now size 7
Created faceSet ac_inlet_left_faces
    Applying source patchToFace
    Adding all faces of patches: (ac_inlet_left) ...
    Found matching patch ac_inlet_left with 5 faces
    faceSet ac_inlet_left_faces now size 5
Read set faceSet ac_inlet_left_faces size:5
    Applying source patchToFace
    Adding all faces of patches: (wall) ...
    Found matching patch wall with 554 faces
    faceSet ac_inlet_left_faces now size 559
Read set faceSet ac_inlet_left_faces size:559
    Applying source patchToFace
    Adding all faces of patches: (iris_wall) ...
    Found matching patch iris_wall with 240 faces
    faceSet ac_inlet_left_faces now size 799
Read set faceSet ac_inlet_left_faces size:799
    Applying source boxToFace
    Adding faces with centre within boxes 1((-0.00715 -0.00392 -1e-05) (-0.00685 -0.00328 0.001001))
    faceSet ac_inlet_left_faces now size 10
Read set faceSet ac_inlet_left_faces size:10
    Applying source normalToFace
    Adding faces according to normal being aligned with (-0.97618706 -0.21693046 0) (to within 0.5) ...
    faceSet ac_inlet_left_faces now size 7
Created faceSet demote_to_wall
    Applying source patchToFace
    Adding all faces of patches: (outlet_tm) ...
    Found matching patch outlet_tm with 6 faces
    faceSet demote_to_wall now size 6
Read set faceSet demote_to_wall size:6
    Applying source patchToFace
    Adding all faces of patches: (outlet_tm_left) ...
    Found matching patch outlet_tm_left with 6 faces
    faceSet demote_to_wall now size 12
Read set faceSet demote_to_wall size:12
    Applying source patchToFace
    Adding all faces of patches: (ac_inlet) ...
    Found matching patch ac_inlet with 5 faces
    faceSet demote_to_wall now size 17
Read set faceSet demote_to_wall size:17
    Applying source patchToFace
    Adding all faces of patches: (ac_inlet_left) ...
    Found matching patch ac_inlet_left with 5 faces
    faceSet demote_to_wall now size 22
Read set faceSet demote_to_wall size:22
    Applying source faceToFace
    Removing all elements of face sets: (outlet_tm_faces)
    faceSet demote_to_wall now size 20
Read set faceSet demote_to_wall size:20
    Applying source faceToFace
    Removing all elements of face sets: (outlet_tm_left_faces)
    faceSet demote_to_wall now size 18
Read set faceSet demote_to_wall size:18
    Applying source faceToFace
    Removing all elements of face sets: (ac_inlet_faces)
    faceSet demote_to_wall now size 15
Read set faceSet demote_to_wall size:15
    Applying source faceToFace
    Removing all elements of face sets: (ac_inlet_left_faces)
    faceSet demote_to_wall now size 12
Time = 251
    mesh not changed.
Created faceSet outlet_tm_faces
    Applying source patchToFace
    Adding all faces of patches: (outlet_tm) ...
    Found matching patch outlet_tm with 6 faces
    faceSet outlet_tm_faces now size 6
Read set faceSet outlet_tm_faces size:6
    Applying source patchToFace
    Adding all faces of patches: (wall) ...
    Found matching patch wall with 554 faces
    faceSet outlet_tm_faces now size 560
Read set faceSet outlet_tm_faces size:560
    Applying source patchToFace
    Adding all faces of patches: (iris_wall) ...
    Found matching patch iris_wall with 240 faces
    faceSet outlet_tm_faces now size 800
Read set faceSet outlet_tm_faces size:800
    Applying source patchToFace
    Adding all faces of patches: (tm_se_wall) ...
--> FOAM Warning : 
    From Foam::labelHashSet Foam::polyBoundaryMesh::patchSet(const Foam::UList<Foam::wordRe>&, bool, bool) const
    in file meshes/polyMesh/polyBoundaryMesh/polyBoundaryMesh.C at line 1158
    Cannot find any patch names matching tm_se_wall
--> FOAM Warning : 
    From void Foam::patchToFace::combine(Foam::topoSet&, bool) const
    in file topoSet/faceSources/patchToFace/patchToFace.C at line 96
    Cannot find any patches matching (tm_se_wall)
Valid names: (wall iris_wall outlet_tm lens_wall ac_inlet ac_inlet_left outlet_tm_left defaultFaces)
    faceSet outlet_tm_faces now size 800
Read set faceSet outlet_tm_faces size:800
    Applying source boxToFace
    Adding faces with centre within boxes 1((0.00665 -0.0048 -1e-05) (0.00698 -0.00445 0.001001))
    faceSet outlet_tm_faces now size 4
Read set faceSet outlet_tm_faces size:4
    Applying source normalToFace
    Adding faces according to normal being aligned with (0.75568908 -0.65493054 0) (to within 0.35) ...
    faceSet outlet_tm_faces now size 2
Created faceSet outlet_tm_left_faces
    Applying source patchToFace
    Adding all faces of patches: (outlet_tm_left) ...
    Found matching patch outlet_tm_left with 6 faces
    faceSet outlet_tm_left_faces now size 6
Read set faceSet outlet_tm_left_faces size:6
    Applying source patchToFace
    Adding all faces of patches: (wall) ...
    Found matching patch wall with 554 faces
    faceSet outlet_tm_left_faces now size 560
Read set faceSet outlet_tm_left_faces size:560
    Applying source patchToFace
    Adding all faces of patches: (iris_wall) ...
    Found matching patch iris_wall with 240 faces
    faceSet outlet_tm_left_faces now size 800
Read set faceSet outlet_tm_left_faces size:800
    Applying source patchToFace
    Adding all faces of patches: (tm_se_wall) ...
--> FOAM Warning : 
    From Foam::labelHashSet Foam::polyBoundaryMesh::patchSet(const Foam::UList<Foam::wordRe>&, bool, bool) const
    in file meshes/polyMesh/polyBoundaryMesh/polyBoundaryMesh.C at line 1158
    Cannot find any patch names matching tm_se_wall
--> FOAM Warning : 
    From void Foam::patchToFace::combine(Foam::topoSet&, bool) const
    in file topoSet/faceSources/patchToFace/patchToFace.C at line 96
    Cannot find any patches matching (tm_se_wall)
Valid names: (wall iris_wall outlet_tm lens_wall ac_inlet ac_inlet_left outlet_tm_left defaultFaces)
    faceSet outlet_tm_left_faces now size 800
Read set faceSet outlet_tm_left_faces size:800
    Applying source boxToFace
    Adding faces with centre within boxes 1((-0.00698 -0.0048 -1e-05) (-0.00665 -0.00445 0.001001))
    faceSet outlet_tm_left_faces now size 4
Read set faceSet outlet_tm_left_faces size:4
    Applying source normalToFace
    Adding faces according to normal being aligned with (-0.75568908 -0.65493054 0) (to within 0.35) ...
    faceSet outlet_tm_left_faces now size 2
Created faceSet ac_inlet_faces
    Applying source patchToFace
    Adding all faces of patches: (ac_inlet) ...
    Found matching patch ac_inlet with 5 faces
    faceSet ac_inlet_faces now size 5
Read set faceSet ac_inlet_faces size:5
    Applying source patchToFace
    Adding all faces of patches: (wall) ...
    Found matching patch wall with 554 faces
    faceSet ac_inlet_faces now size 559
Read set faceSet ac_inlet_faces size:559
    Applying source patchToFace
    Adding all faces of patches: (iris_wall) ...
    Found matching patch iris_wall with 240 faces
    faceSet ac_inlet_faces now size 799
Read set faceSet ac_inlet_faces size:799
    Applying source boxToFace
    Adding faces with centre within boxes 1((0.00685 -0.00392 -1e-05) (0.00715 -0.00328 0.001001))
    faceSet ac_inlet_faces now size 10
Read set faceSet ac_inlet_faces size:10
    Applying source normalToFace
    Adding faces according to normal being aligned with (0.97618706 -0.21693046 0) (to within 0.5) ...
    faceSet ac_inlet_faces now size 7
Created faceSet ac_inlet_left_faces
    Applying source patchToFace
    Adding all faces of patches: (ac_inlet_left) ...
    Found matching patch ac_inlet_left with 5 faces
    faceSet ac_inlet_left_faces now size 5
Read set faceSet ac_inlet_left_faces size:5
    Applying source patchToFace
    Adding all faces of patches: (wall) ...
    Found matching patch wall with 554 faces
    faceSet ac_inlet_left_faces now size 559
Read set faceSet ac_inlet_left_faces size:559
    Applying source patchToFace
    Adding all faces of patches: (iris_wall) ...
    Found matching patch iris_wall with 240 faces
    faceSet ac_inlet_left_faces now size 799
Read set faceSet ac_inlet_left_faces size:799
    Applying source boxToFace
    Adding faces with centre within boxes 1((-0.00715 -0.00392 -1e-05) (-0.00685 -0.00328 0.001001))
    faceSet ac_inlet_left_faces now size 10
Read set faceSet ac_inlet_left_faces size:10
    Applying source normalToFace
    Adding faces according to normal being aligned with (-0.97618706 -0.21693046 0) (to within 0.5) ...
    faceSet ac_inlet_left_faces now size 7
Created faceSet demote_to_wall
    Applying source patchToFace
    Adding all faces of patches: (outlet_tm) ...
    Found matching patch outlet_tm with 6 faces
    faceSet demote_to_wall now size 6
Read set faceSet demote_to_wall size:6
    Applying source patchToFace
    Adding all faces of patches: (outlet_tm_left) ...
    Found matching patch outlet_tm_left with 6 faces
    faceSet demote_to_wall now size 12
Read set faceSet demote_to_wall size:12
    Applying source patchToFace
    Adding all faces of patches: (ac_inlet) ...
    Found matching patch ac_inlet with 5 faces
    faceSet demote_to_wall now size 17
Read set faceSet demote_to_wall size:17
    Applying source patchToFace
    Adding all faces of patches: (ac_inlet_left) ...
    Found matching patch ac_inlet_left with 5 faces
    faceSet demote_to_wall now size 22
Read set faceSet demote_to_wall size:22
    Applying source faceToFace
    Removing all elements of face sets: (outlet_tm_faces)
    faceSet demote_to_wall now size 20
Read set faceSet demote_to_wall size:20
    Applying source faceToFace
    Removing all elements of face sets: (outlet_tm_left_faces)
    faceSet demote_to_wall now size 18
Read set faceSet demote_to_wall size:18
    Applying source faceToFace
    Removing all elements of face sets: (ac_inlet_faces)
    faceSet demote_to_wall now size 15
Read set faceSet demote_to_wall size:15
    Applying source faceToFace
    Removing all elements of face sets: (ac_inlet_left_faces)
    faceSet demote_to_wall now size 12
Time = 300
    mesh not changed.
Created faceSet outlet_tm_faces
    Applying source patchToFace
    Adding all faces of patches: (outlet_tm) ...
    Found matching patch outlet_tm with 6 faces
    faceSet outlet_tm_faces now size 6
Read set faceSet outlet_tm_faces size:6
    Applying source patchToFace
    Adding all faces of patches: (wall) ...
    Found matching patch wall with 554 faces
    faceSet outlet_tm_faces now size 560
Read set faceSet outlet_tm_faces size:560
    Applying source patchToFace
    Adding all faces of patches: (iris_wall) ...
    Found matching patch iris_wall with 240 faces
    faceSet outlet_tm_faces now size 800
Read set faceSet outlet_tm_faces size:800
    Applying source patchToFace
    Adding all faces of patches: (tm_se_wall) ...
--> FOAM Warning : 
    From Foam::labelHashSet Foam::polyBoundaryMesh::patchSet(const Foam::UList<Foam::wordRe>&, bool, bool) const
    in file meshes/polyMesh/polyBoundaryMesh/polyBoundaryMesh.C at line 1158
    Cannot find any patch names matching tm_se_wall
--> FOAM Warning : 
    From void Foam::patchToFace::combine(Foam::topoSet&, bool) const
    in file topoSet/faceSources/patchToFace/patchToFace.C at line 96
    Cannot find any patches matching (tm_se_wall)
Valid names: (wall iris_wall outlet_tm lens_wall ac_inlet ac_inlet_left outlet_tm_left defaultFaces)
    faceSet outlet_tm_faces now size 800
Read set faceSet outlet_tm_faces size:800
    Applying source boxToFace
    Adding faces with centre within boxes 1((0.00665 -0.0048 -1e-05) (0.00698 -0.00445 0.001001))
    faceSet outlet_tm_faces now size 4
Read set faceSet outlet_tm_faces size:4
    Applying source normalToFace
    Adding faces according to normal being aligned with (0.75568908 -0.65493054 0) (to within 0.35) ...
    faceSet outlet_tm_faces now size 2
Created faceSet outlet_tm_left_faces
    Applying source patchToFace
    Adding all faces of patches: (outlet_tm_left) ...
    Found matching patch outlet_tm_left with 6 faces
    faceSet outlet_tm_left_faces now size 6
Read set faceSet outlet_tm_left_faces size:6
    Applying source patchToFace
    Adding all faces of patches: (wall) ...
    Found matching patch wall with 554 faces
    faceSet outlet_tm_left_faces now size 560
Read set faceSet outlet_tm_left_faces size:560
    Applying source patchToFace
    Adding all faces of patches: (iris_wall) ...
    Found matching patch iris_wall with 240 faces
    faceSet outlet_tm_left_faces now size 800
Read set faceSet outlet_tm_left_faces size:800
    Applying source patchToFace
    Adding all faces of patches: (tm_se_wall) ...
--> FOAM Warning : 
    From Foam::labelHashSet Foam::polyBoundaryMesh::patchSet(const Foam::UList<Foam::wordRe>&, bool, bool) const
    in file meshes/polyMesh/polyBoundaryMesh/polyBoundaryMesh.C at line 1158
    Cannot find any patch names matching tm_se_wall
--> FOAM Warning : 
    From void Foam::patchToFace::combine(Foam::topoSet&, bool) const
    in file topoSet/faceSources/patchToFace/patchToFace.C at line 96
    Cannot find any patches matching (tm_se_wall)
Valid names: (wall iris_wall outlet_tm lens_wall ac_inlet ac_inlet_left outlet_tm_left defaultFaces)
    faceSet outlet_tm_left_faces now size 800
Read set faceSet outlet_tm_left_faces size:800
    Applying source boxToFace
    Adding faces with centre within boxes 1((-0.00698 -0.0048 -1e-05) (-0.00665 -0.00445 0.001001))
    faceSet outlet_tm_left_faces now size 4
Read set faceSet outlet_tm_left_faces size:4
    Applying source normalToFace
    Adding faces according to normal being aligned with (-0.75568908 -0.65493054 0) (to within 0.35) ...
    faceSet outlet_tm_left_faces now size 2
Created faceSet ac_inlet_faces
    Applying source patchToFace
    Adding all faces of patches: (ac_inlet) ...
    Found matching patch ac_inlet with 5 faces
    faceSet ac_inlet_faces now size 5
Read set faceSet ac_inlet_faces size:5
    Applying source patchToFace
    Adding all faces of patches: (wall) ...
    Found matching patch wall with 554 faces
    faceSet ac_inlet_faces now size 559
Read set faceSet ac_inlet_faces size:559
    Applying source patchToFace
    Adding all faces of patches: (iris_wall) ...
    Found matching patch iris_wall with 240 faces
    faceSet ac_inlet_faces now size 799
Read set faceSet ac_inlet_faces size:799
    Applying source boxToFace
    Adding faces with centre within boxes 1((0.00685 -0.00392 -1e-05) (0.00715 -0.00328 0.001001))
    faceSet ac_inlet_faces now size 10
Read set faceSet ac_inlet_faces size:10
    Applying source normalToFace
    Adding faces according to normal being aligned with (0.97618706 -0.21693046 0) (to within 0.5) ...
    faceSet ac_inlet_faces now size 7
Created faceSet ac_inlet_left_faces
    Applying source patchToFace
    Adding all faces of patches: (ac_inlet_left) ...
    Found matching patch ac_inlet_left with 5 faces
    faceSet ac_inlet_left_faces now size 5
Read set faceSet ac_inlet_left_faces size:5
    Applying source patchToFace
    Adding all faces of patches: (wall) ...
    Found matching patch wall with 554 faces
    faceSet ac_inlet_left_faces now size 559
Read set faceSet ac_inlet_left_faces size:559
    Applying source patchToFace
    Adding all faces of patches: (iris_wall) ...
    Found matching patch iris_wall with 240 faces
    faceSet ac_inlet_left_faces now size 799
Read set faceSet ac_inlet_left_faces size:799
    Applying source boxToFace
    Adding faces with centre within boxes 1((-0.00715 -0.00392 -1e-05) (-0.00685 -0.00328 0.001001))
    faceSet ac_inlet_left_faces now size 10
Read set faceSet ac_inlet_left_faces size:10
    Applying source normalToFace
    Adding faces according to normal being aligned with (-0.97618706 -0.21693046 0) (to within 0.5) ...
    faceSet ac_inlet_left_faces now size 7
Created faceSet demote_to_wall
    Applying source patchToFace
    Adding all faces of patches: (outlet_tm) ...
    Found matching patch outlet_tm with 6 faces
    faceSet demote_to_wall now size 6
Read set faceSet demote_to_wall size:6
    Applying source patchToFace
    Adding all faces of patches: (outlet_tm_left) ...
    Found matching patch outlet_tm_left with 6 faces
    faceSet demote_to_wall now size 12
Read set faceSet demote_to_wall size:12
    Applying source patchToFace
    Adding all faces of patches: (ac_inlet) ...
    Found matching patch ac_inlet with 5 faces
    faceSet demote_to_wall now size 17
Read set faceSet demote_to_wall size:17
    Applying source patchToFace
    Adding all faces of patches: (ac_inlet_left) ...
    Found matching patch ac_inlet_left with 5 faces
    faceSet demote_to_wall now size 22
Read set faceSet demote_to_wall size:22
    Applying source faceToFace
    Removing all elements of face sets: (outlet_tm_faces)
    faceSet demote_to_wall now size 20
Read set faceSet demote_to_wall size:20
    Applying source faceToFace
    Removing all elements of face sets: (outlet_tm_left_faces)
    faceSet demote_to_wall now size 18
Read set faceSet demote_to_wall size:18
    Applying source faceToFace
    Removing all elements of face sets: (ac_inlet_faces)
    faceSet demote_to_wall now size 15
Read set faceSet demote_to_wall size:15
    Applying source faceToFace
    Removing all elements of face sets: (ac_inlet_left_faces)
    faceSet demote_to_wall now size 12
Time = 350
    mesh not changed.
Created faceSet outlet_tm_faces
    Applying source patchToFace
    Adding all faces of patches: (outlet_tm) ...
    Found matching patch outlet_tm with 6 faces
    faceSet outlet_tm_faces now size 6
Read set faceSet outlet_tm_faces size:6
    Applying source patchToFace
    Adding all faces of patches: (wall) ...
    Found matching patch wall with 554 faces
    faceSet outlet_tm_faces now size 560
Read set faceSet outlet_tm_faces size:560
    Applying source patchToFace
    Adding all faces of patches: (iris_wall) ...
    Found matching patch iris_wall with 240 faces
    faceSet outlet_tm_faces now size 800
Read set faceSet outlet_tm_faces size:800
    Applying source patchToFace
    Adding all faces of patches: (tm_se_wall) ...
--> FOAM Warning : 
    From Foam::labelHashSet Foam::polyBoundaryMesh::patchSet(const Foam::UList<Foam::wordRe>&, bool, bool) const
    in file meshes/polyMesh/polyBoundaryMesh/polyBoundaryMesh.C at line 1158
    Cannot find any patch names matching tm_se_wall
--> FOAM Warning : 
    From void Foam::patchToFace::combine(Foam::topoSet&, bool) const
    in file topoSet/faceSources/patchToFace/patchToFace.C at line 96
    Cannot find any patches matching (tm_se_wall)
Valid names: (wall iris_wall outlet_tm lens_wall ac_inlet ac_inlet_left outlet_tm_left defaultFaces)
    faceSet outlet_tm_faces now size 800
Read set faceSet outlet_tm_faces size:800
    Applying source boxToFace
    Adding faces with centre within boxes 1((0.00665 -0.0048 -1e-05) (0.00698 -0.00445 0.001001))
    faceSet outlet_tm_faces now size 4
Read set faceSet outlet_tm_faces size:4
    Applying source normalToFace
    Adding faces according to normal being aligned with (0.75568908 -0.65493054 0) (to within 0.35) ...
    faceSet outlet_tm_faces now size 2
Created faceSet outlet_tm_left_faces
    Applying source patchToFace
    Adding all faces of patches: (outlet_tm_left) ...
    Found matching patch outlet_tm_left with 6 faces
    faceSet outlet_tm_left_faces now size 6
Read set faceSet outlet_tm_left_faces size:6
    Applying source patchToFace
    Adding all faces of patches: (wall) ...
    Found matching patch wall with 554 faces
    faceSet outlet_tm_left_faces now size 560
Read set faceSet outlet_tm_left_faces size:560
    Applying source patchToFace
    Adding all faces of patches: (iris_wall) ...
    Found matching patch iris_wall with 240 faces
    faceSet outlet_tm_left_faces now size 800
Read set faceSet outlet_tm_left_faces size:800
    Applying source patchToFace
    Adding all faces of patches: (tm_se_wall) ...
--> FOAM Warning : 
    From Foam::labelHashSet Foam::polyBoundaryMesh::patchSet(const Foam::UList<Foam::wordRe>&, bool, bool) const
    in file meshes/polyMesh/polyBoundaryMesh/polyBoundaryMesh.C at line 1158
    Cannot find any patch names matching tm_se_wall
--> FOAM Warning : 
    From void Foam::patchToFace::combine(Foam::topoSet&, bool) const
    in file topoSet/faceSources/patchToFace/patchToFace.C at line 96
    Cannot find any patches matching (tm_se_wall)
Valid names: (wall iris_wall outlet_tm lens_wall ac_inlet ac_inlet_left outlet_tm_left defaultFaces)
    faceSet outlet_tm_left_faces now size 800
Read set faceSet outlet_tm_left_faces size:800
    Applying source boxToFace
    Adding faces with centre within boxes 1((-0.00698 -0.0048 -1e-05) (-0.00665 -0.00445 0.001001))
    faceSet outlet_tm_left_faces now size 4
Read set faceSet outlet_tm_left_faces size:4
    Applying source normalToFace
    Adding faces according to normal being aligned with (-0.75568908 -0.65493054 0) (to within 0.35) ...
    faceSet outlet_tm_left_faces now size 2
Created faceSet ac_inlet_faces
    Applying source patchToFace
    Adding all faces of patches: (ac_inlet) ...
    Found matching patch ac_inlet with 5 faces
    faceSet ac_inlet_faces now size 5
Read set faceSet ac_inlet_faces size:5
    Applying source patchToFace
    Adding all faces of patches: (wall) ...
    Found matching patch wall with 554 faces
    faceSet ac_inlet_faces now size 559
Read set faceSet ac_inlet_faces size:559
    Applying source patchToFace
    Adding all faces of patches: (iris_wall) ...
    Found matching patch iris_wall with 240 faces
    faceSet ac_inlet_faces now size 799
Read set faceSet ac_inlet_faces size:799
    Applying source boxToFace
    Adding faces with centre within boxes 1((0.00685 -0.00392 -1e-05) (0.00715 -0.00328 0.001001))
    faceSet ac_inlet_faces now size 10
Read set faceSet ac_inlet_faces size:10
    Applying source normalToFace
    Adding faces according to normal being aligned with (0.97618706 -0.21693046 0) (to within 0.5) ...
    faceSet ac_inlet_faces now size 7
Created faceSet ac_inlet_left_faces
    Applying source patchToFace
    Adding all faces of patches: (ac_inlet_left) ...
    Found matching patch ac_inlet_left with 5 faces
    faceSet ac_inlet_left_faces now size 5
Read set faceSet ac_inlet_left_faces size:5
    Applying source patchToFace
    Adding all faces of patches: (wall) ...
    Found matching patch wall with 554 faces
    faceSet ac_inlet_left_faces now size 559
Read set faceSet ac_inlet_left_faces size:559
    Applying source patchToFace
    Adding all faces of patches: (iris_wall) ...
    Found matching patch iris_wall with 240 faces
    faceSet ac_inlet_left_faces now size 799
Read set faceSet ac_inlet_left_faces size:799
    Applying source boxToFace
    Adding faces with centre within boxes 1((-0.00715 -0.00392 -1e-05) (-0.00685 -0.00328 0.001001))
    faceSet ac_inlet_left_faces now size 10
Read set faceSet ac_inlet_left_faces size:10
    Applying source normalToFace
    Adding faces according to normal being aligned with (-0.97618706 -0.21693046 0) (to within 0.5) ...
    faceSet ac_inlet_left_faces now size 7
Created faceSet demote_to_wall
    Applying source patchToFace
    Adding all faces of patches: (outlet_tm) ...
    Found matching patch outlet_tm with 6 faces
    faceSet demote_to_wall now size 6
Read set faceSet demote_to_wall size:6
    Applying source patchToFace
    Adding all faces of patches: (outlet_tm_left) ...
    Found matching patch outlet_tm_left with 6 faces
    faceSet demote_to_wall now size 12
Read set faceSet demote_to_wall size:12
    Applying source patchToFace
    Adding all faces of patches: (ac_inlet) ...
    Found matching patch ac_inlet with 5 faces
    faceSet demote_to_wall now size 17
Read set faceSet demote_to_wall size:17
    Applying source patchToFace
    Adding all faces of patches: (ac_inlet_left) ...
    Found matching patch ac_inlet_left with 5 faces
    faceSet demote_to_wall now size 22
Read set faceSet demote_to_wall size:22
    Applying source faceToFace
    Removing all elements of face sets: (outlet_tm_faces)
    faceSet demote_to_wall now size 20
Read set faceSet demote_to_wall size:20
    Applying source faceToFace
    Removing all elements of face sets: (outlet_tm_left_faces)
    faceSet demote_to_wall now size 18
Read set faceSet demote_to_wall size:18
    Applying source faceToFace
    Removing all elements of face sets: (ac_inlet_faces)
    faceSet demote_to_wall now size 15
Read set faceSet demote_to_wall size:15
    Applying source faceToFace
    Removing all elements of face sets: (ac_inlet_left_faces)
    faceSet demote_to_wall now size 12
Time = 400
    mesh not changed.
Created faceSet outlet_tm_faces
    Applying source patchToFace
    Adding all faces of patches: (outlet_tm) ...
    Found matching patch outlet_tm with 6 faces
    faceSet outlet_tm_faces now size 6
Read set faceSet outlet_tm_faces size:6
    Applying source patchToFace
    Adding all faces of patches: (wall) ...
    Found matching patch wall with 554 faces
    faceSet outlet_tm_faces now size 560
Read set faceSet outlet_tm_faces size:560
    Applying source patchToFace
    Adding all faces of patches: (iris_wall) ...
    Found matching patch iris_wall with 240 faces
    faceSet outlet_tm_faces now size 800
Read set faceSet outlet_tm_faces size:800
    Applying source patchToFace
    Adding all faces of patches: (tm_se_wall) ...
--> FOAM Warning : 
    From Foam::labelHashSet Foam::polyBoundaryMesh::patchSet(const Foam::UList<Foam::wordRe>&, bool, bool) const
    in file meshes/polyMesh/polyBoundaryMesh/polyBoundaryMesh.C at line 1158
    Cannot find any patch names matching tm_se_wall
--> FOAM Warning : 
    From void Foam::patchToFace::combine(Foam::topoSet&, bool) const
    in file topoSet/faceSources/patchToFace/patchToFace.C at line 96
    Cannot find any patches matching (tm_se_wall)
Valid names: (wall iris_wall outlet_tm lens_wall ac_inlet ac_inlet_left outlet_tm_left defaultFaces)
    faceSet outlet_tm_faces now size 800
Read set faceSet outlet_tm_faces size:800
    Applying source boxToFace
    Adding faces with centre within boxes 1((0.00665 -0.0048 -1e-05) (0.00698 -0.00445 0.001001))
    faceSet outlet_tm_faces now size 4
Read set faceSet outlet_tm_faces size:4
    Applying source normalToFace
    Adding faces according to normal being aligned with (0.75568908 -0.65493054 0) (to within 0.35) ...
    faceSet outlet_tm_faces now size 2
Created faceSet outlet_tm_left_faces
    Applying source patchToFace
    Adding all faces of patches: (outlet_tm_left) ...
    Found matching patch outlet_tm_left with 6 faces
    faceSet outlet_tm_left_faces now size 6
Read set faceSet outlet_tm_left_faces size:6
    Applying source patchToFace
    Adding all faces of patches: (wall) ...
    Found matching patch wall with 554 faces
    faceSet outlet_tm_left_faces now size 560
Read set faceSet outlet_tm_left_faces size:560
    Applying source patchToFace
    Adding all faces of patches: (iris_wall) ...
    Found matching patch iris_wall with 240 faces
    faceSet outlet_tm_left_faces now size 800
Read set faceSet outlet_tm_left_faces size:800
    Applying source patchToFace
    Adding all faces of patches: (tm_se_wall) ...
--> FOAM Warning : 
    From Foam::labelHashSet Foam::polyBoundaryMesh::patchSet(const Foam::UList<Foam::wordRe>&, bool, bool) const
    in file meshes/polyMesh/polyBoundaryMesh/polyBoundaryMesh.C at line 1158
    Cannot find any patch names matching tm_se_wall
--> FOAM Warning : 
    From void Foam::patchToFace::combine(Foam::topoSet&, bool) const
    in file topoSet/faceSources/patchToFace/patchToFace.C at line 96
    Cannot find any patches matching (tm_se_wall)
Valid names: (wall iris_wall outlet_tm lens_wall ac_inlet ac_inlet_left outlet_tm_left defaultFaces)
    faceSet outlet_tm_left_faces now size 800
Read set faceSet outlet_tm_left_faces size:800
    Applying source boxToFace
    Adding faces with centre within boxes 1((-0.00698 -0.0048 -1e-05) (-0.00665 -0.00445 0.001001))
    faceSet outlet_tm_left_faces now size 4
Read set faceSet outlet_tm_left_faces size:4
    Applying source normalToFace
    Adding faces according to normal being aligned with (-0.75568908 -0.65493054 0) (to within 0.35) ...
    faceSet outlet_tm_left_faces now size 2
Created faceSet ac_inlet_faces
    Applying source patchToFace
    Adding all faces of patches: (ac_inlet) ...
    Found matching patch ac_inlet with 5 faces
    faceSet ac_inlet_faces now size 5
Read set faceSet ac_inlet_faces size:5
    Applying source patchToFace
    Adding all faces of patches: (wall) ...
    Found matching patch wall with 554 faces
    faceSet ac_inlet_faces now size 559
Read set faceSet ac_inlet_faces size:559
    Applying source patchToFace
    Adding all faces of patches: (iris_wall) ...
    Found matching patch iris_wall with 240 faces
    faceSet ac_inlet_faces now size 799
Read set faceSet ac_inlet_faces size:799
    Applying source boxToFace
    Adding faces with centre within boxes 1((0.00685 -0.00392 -1e-05) (0.00715 -0.00328 0.001001))
    faceSet ac_inlet_faces now size 10
Read set faceSet ac_inlet_faces size:10
    Applying source normalToFace
    Adding faces according to normal being aligned with (0.97618706 -0.21693046 0) (to within 0.5) ...
    faceSet ac_inlet_faces now size 7
Created faceSet ac_inlet_left_faces
    Applying source patchToFace
    Adding all faces of patches: (ac_inlet_left) ...
    Found matching patch ac_inlet_left with 5 faces
    faceSet ac_inlet_left_faces now size 5
Read set faceSet ac_inlet_left_faces size:5
    Applying source patchToFace
    Adding all faces of patches: (wall) ...
    Found matching patch wall with 554 faces
    faceSet ac_inlet_left_faces now size 559
Read set faceSet ac_inlet_left_faces size:559
    Applying source patchToFace
    Adding all faces of patches: (iris_wall) ...
    Found matching patch iris_wall with 240 faces
    faceSet ac_inlet_left_faces now size 799
Read set faceSet ac_inlet_left_faces size:799
    Applying source boxToFace
    Adding faces with centre within boxes 1((-0.00715 -0.00392 -1e-05) (-0.00685 -0.00328 0.001001))
    faceSet ac_inlet_left_faces now size 10
Read set faceSet ac_inlet_left_faces size:10
    Applying source normalToFace
    Adding faces according to normal being aligned with (-0.97618706 -0.21693046 0) (to within 0.5) ...
    faceSet ac_inlet_left_faces now size 7
Created faceSet demote_to_wall
    Applying source patchToFace
    Adding all faces of patches: (outlet_tm) ...
    Found matching patch outlet_tm with 6 faces
    faceSet demote_to_wall now size 6
Read set faceSet demote_to_wall size:6
    Applying source patchToFace
    Adding all faces of patches: (outlet_tm_left) ...
    Found matching patch outlet_tm_left with 6 faces
    faceSet demote_to_wall now size 12
Read set faceSet demote_to_wall size:12
    Applying source patchToFace
    Adding all faces of patches: (ac_inlet) ...
    Found matching patch ac_inlet with 5 faces
    faceSet demote_to_wall now size 17
Read set faceSet demote_to_wall size:17
    Applying source patchToFace
    Adding all faces of patches: (ac_inlet_left) ...
    Found matching patch ac_inlet_left with 5 faces
    faceSet demote_to_wall now size 22
Read set faceSet demote_to_wall size:22
    Applying source faceToFace
    Removing all elements of face sets: (outlet_tm_faces)
    faceSet demote_to_wall now size 20
Read set faceSet demote_to_wall size:20
    Applying source faceToFace
    Removing all elements of face sets: (outlet_tm_left_faces)
    faceSet demote_to_wall now size 18
Read set faceSet demote_to_wall size:18
    Applying source faceToFace
    Removing all elements of face sets: (ac_inlet_faces)
    faceSet demote_to_wall now size 15
Read set faceSet demote_to_wall size:15
    Applying source faceToFace
    Removing all elements of face sets: (ac_inlet_left_faces)
    faceSet demote_to_wall now size 12
Time = 450
    mesh not changed.
Created faceSet outlet_tm_faces
    Applying source patchToFace
    Adding all faces of patches: (outlet_tm) ...
    Found matching patch outlet_tm with 6 faces
    faceSet outlet_tm_faces now size 6
Read set faceSet outlet_tm_faces size:6
    Applying source patchToFace
    Adding all faces of patches: (wall) ...
    Found matching patch wall with 554 faces
    faceSet outlet_tm_faces now size 560
Read set faceSet outlet_tm_faces size:560
    Applying source patchToFace
    Adding all faces of patches: (iris_wall) ...
    Found matching patch iris_wall with 240 faces
    faceSet outlet_tm_faces now size 800
Read set faceSet outlet_tm_faces size:800
    Applying source patchToFace
    Adding all faces of patches: (tm_se_wall) ...
--> FOAM Warning : 
    From Foam::labelHashSet Foam::polyBoundaryMesh::patchSet(const Foam::UList<Foam::wordRe>&, bool, bool) const
    in file meshes/polyMesh/polyBoundaryMesh/polyBoundaryMesh.C at line 1158
    Cannot find any patch names matching tm_se_wall
--> FOAM Warning : 
    From void Foam::patchToFace::combine(Foam::topoSet&, bool) const
    in file topoSet/faceSources/patchToFace/patchToFace.C at line 96
    Cannot find any patches matching (tm_se_wall)
Valid names: (wall iris_wall outlet_tm lens_wall ac_inlet ac_inlet_left outlet_tm_left defaultFaces)
    faceSet outlet_tm_faces now size 800
Read set faceSet outlet_tm_faces size:800
    Applying source boxToFace
    Adding faces with centre within boxes 1((0.00665 -0.0048 -1e-05) (0.00698 -0.00445 0.001001))
    faceSet outlet_tm_faces now size 4
Read set faceSet outlet_tm_faces size:4
    Applying source normalToFace
    Adding faces according to normal being aligned with (0.75568908 -0.65493054 0) (to within 0.35) ...
    faceSet outlet_tm_faces now size 2
Created faceSet outlet_tm_left_faces
    Applying source patchToFace
    Adding all faces of patches: (outlet_tm_left) ...
    Found matching patch outlet_tm_left with 6 faces
    faceSet outlet_tm_left_faces now size 6
Read set faceSet outlet_tm_left_faces size:6
    Applying source patchToFace
    Adding all faces of patches: (wall) ...
    Found matching patch wall with 554 faces
    faceSet outlet_tm_left_faces now size 560
Read set faceSet outlet_tm_left_faces size:560
    Applying source patchToFace
    Adding all faces of patches: (iris_wall) ...
    Found matching patch iris_wall with 240 faces
    faceSet outlet_tm_left_faces now size 800
Read set faceSet outlet_tm_left_faces size:800
    Applying source patchToFace
    Adding all faces of patches: (tm_se_wall) ...
--> FOAM Warning : 
    From Foam::labelHashSet Foam::polyBoundaryMesh::patchSet(const Foam::UList<Foam::wordRe>&, bool, bool) const
    in file meshes/polyMesh/polyBoundaryMesh/polyBoundaryMesh.C at line 1158
    Cannot find any patch names matching tm_se_wall
--> FOAM Warning : 
    From void Foam::patchToFace::combine(Foam::topoSet&, bool) const
    in file topoSet/faceSources/patchToFace/patchToFace.C at line 96
    Cannot find any patches matching (tm_se_wall)
Valid names: (wall iris_wall outlet_tm lens_wall ac_inlet ac_inlet_left outlet_tm_left defaultFaces)
    faceSet outlet_tm_left_faces now size 800
Read set faceSet outlet_tm_left_faces size:800
    Applying source boxToFace
    Adding faces with centre within boxes 1((-0.00698 -0.0048 -1e-05) (-0.00665 -0.00445 0.001001))
    faceSet outlet_tm_left_faces now size 4
Read set faceSet outlet_tm_left_faces size:4
    Applying source normalToFace
    Adding faces according to normal being aligned with (-0.75568908 -0.65493054 0) (to within 0.35) ...
    faceSet outlet_tm_left_faces now size 2
Created faceSet ac_inlet_faces
    Applying source patchToFace
    Adding all faces of patches: (ac_inlet) ...
    Found matching patch ac_inlet with 5 faces
    faceSet ac_inlet_faces now size 5
Read set faceSet ac_inlet_faces size:5
    Applying source patchToFace
    Adding all faces of patches: (wall) ...
    Found matching patch wall with 554 faces
    faceSet ac_inlet_faces now size 559
Read set faceSet ac_inlet_faces size:559
    Applying source patchToFace
    Adding all faces of patches: (iris_wall) ...
    Found matching patch iris_wall with 240 faces
    faceSet ac_inlet_faces now size 799
Read set faceSet ac_inlet_faces size:799
    Applying source boxToFace
    Adding faces with centre within boxes 1((0.00685 -0.00392 -1e-05) (0.00715 -0.00328 0.001001))
    faceSet ac_inlet_faces now size 10
Read set faceSet ac_inlet_faces size:10
    Applying source normalToFace
    Adding faces according to normal being aligned with (0.97618706 -0.21693046 0) (to within 0.5) ...
    faceSet ac_inlet_faces now size 7
Created faceSet ac_inlet_left_faces
    Applying source patchToFace
    Adding all faces of patches: (ac_inlet_left) ...
    Found matching patch ac_inlet_left with 5 faces
    faceSet ac_inlet_left_faces now size 5
Read set faceSet ac_inlet_left_faces size:5
    Applying source patchToFace
    Adding all faces of patches: (wall) ...
    Found matching patch wall with 554 faces
    faceSet ac_inlet_left_faces now size 559
Read set faceSet ac_inlet_left_faces size:559
    Applying source patchToFace
    Adding all faces of patches: (iris_wall) ...
    Found matching patch iris_wall with 240 faces
    faceSet ac_inlet_left_faces now size 799
Read set faceSet ac_inlet_left_faces size:799
    Applying source boxToFace
    Adding faces with centre within boxes 1((-0.00715 -0.00392 -1e-05) (-0.00685 -0.00328 0.001001))
    faceSet ac_inlet_left_faces now size 10
Read set faceSet ac_inlet_left_faces size:10
    Applying source normalToFace
    Adding faces according to normal being aligned with (-0.97618706 -0.21693046 0) (to within 0.5) ...
    faceSet ac_inlet_left_faces now size 7
Created faceSet demote_to_wall
    Applying source patchToFace
    Adding all faces of patches: (outlet_tm) ...
    Found matching patch outlet_tm with 6 faces
    faceSet demote_to_wall now size 6
Read set faceSet demote_to_wall size:6
    Applying source patchToFace
    Adding all faces of patches: (outlet_tm_left) ...
    Found matching patch outlet_tm_left with 6 faces
    faceSet demote_to_wall now size 12
Read set faceSet demote_to_wall size:12
    Applying source patchToFace
    Adding all faces of patches: (ac_inlet) ...
    Found matching patch ac_inlet with 5 faces
    faceSet demote_to_wall now size 17
Read set faceSet demote_to_wall size:17
    Applying source patchToFace
    Adding all faces of patches: (ac_inlet_left) ...
    Found matching patch ac_inlet_left with 5 faces
    faceSet demote_to_wall now size 22
Read set faceSet demote_to_wall size:22
    Applying source faceToFace
    Removing all elements of face sets: (outlet_tm_faces)
    faceSet demote_to_wall now size 20
Read set faceSet demote_to_wall size:20
    Applying source faceToFace
    Removing all elements of face sets: (outlet_tm_left_faces)
    faceSet demote_to_wall now size 18
Read set faceSet demote_to_wall size:18
    Applying source faceToFace
    Removing all elements of face sets: (ac_inlet_faces)
    faceSet demote_to_wall now size 15
Read set faceSet demote_to_wall size:15
    Applying source faceToFace
    Removing all elements of face sets: (ac_inlet_left_faces)
    faceSet demote_to_wall now size 12
Time = 500
    mesh not changed.
Created faceSet outlet_tm_faces
    Applying source patchToFace
    Adding all faces of patches: (outlet_tm) ...
    Found matching patch outlet_tm with 6 faces
    faceSet outlet_tm_faces now size 6
Read set faceSet outlet_tm_faces size:6
    Applying source patchToFace
    Adding all faces of patches: (wall) ...
    Found matching patch wall with 554 faces
    faceSet outlet_tm_faces now size 560
Read set faceSet outlet_tm_faces size:560
    Applying source patchToFace
    Adding all faces of patches: (iris_wall) ...
    Found matching patch iris_wall with 240 faces
    faceSet outlet_tm_faces now size 800
Read set faceSet outlet_tm_faces size:800
    Applying source patchToFace
    Adding all faces of patches: (tm_se_wall) ...
--> FOAM Warning : 
    From Foam::labelHashSet Foam::polyBoundaryMesh::patchSet(const Foam::UList<Foam::wordRe>&, bool, bool) const
    in file meshes/polyMesh/polyBoundaryMesh/polyBoundaryMesh.C at line 1158
    Cannot find any patch names matching tm_se_wall
--> FOAM Warning : 
    From void Foam::patchToFace::combine(Foam::topoSet&, bool) const
    in file topoSet/faceSources/patchToFace/patchToFace.C at line 96
    Cannot find any patches matching (tm_se_wall)
Valid names: (wall iris_wall outlet_tm lens_wall ac_inlet ac_inlet_left outlet_tm_left defaultFaces)
    faceSet outlet_tm_faces now size 800
Read set faceSet outlet_tm_faces size:800
    Applying source boxToFace
    Adding faces with centre within boxes 1((0.00665 -0.0048 -1e-05) (0.00698 -0.00445 0.001001))
    faceSet outlet_tm_faces now size 4
Read set faceSet outlet_tm_faces size:4
    Applying source normalToFace
    Adding faces according to normal being aligned with (0.75568908 -0.65493054 0) (to within 0.35) ...
    faceSet outlet_tm_faces now size 2
Created faceSet outlet_tm_left_faces
    Applying source patchToFace
    Adding all faces of patches: (outlet_tm_left) ...
    Found matching patch outlet_tm_left with 6 faces
    faceSet outlet_tm_left_faces now size 6
Read set faceSet outlet_tm_left_faces size:6
    Applying source patchToFace
    Adding all faces of patches: (wall) ...
    Found matching patch wall with 554 faces
    faceSet outlet_tm_left_faces now size 560
Read set faceSet outlet_tm_left_faces size:560
    Applying source patchToFace
    Adding all faces of patches: (iris_wall) ...
    Found matching patch iris_wall with 240 faces
    faceSet outlet_tm_left_faces now size 800
Read set faceSet outlet_tm_left_faces size:800
    Applying source patchToFace
    Adding all faces of patches: (tm_se_wall) ...
--> FOAM Warning : 
    From Foam::labelHashSet Foam::polyBoundaryMesh::patchSet(const Foam::UList<Foam::wordRe>&, bool, bool) const
    in file meshes/polyMesh/polyBoundaryMesh/polyBoundaryMesh.C at line 1158
    Cannot find any patch names matching tm_se_wall
--> FOAM Warning : 
    From void Foam::patchToFace::combine(Foam::topoSet&, bool) const
    in file topoSet/faceSources/patchToFace/patchToFace.C at line 96
    Cannot find any patches matching (tm_se_wall)
Valid names: (wall iris_wall outlet_tm lens_wall ac_inlet ac_inlet_left outlet_tm_left defaultFaces)
    faceSet outlet_tm_left_faces now size 800
Read set faceSet outlet_tm_left_faces size:800
    Applying source boxToFace
    Adding faces with centre within boxes 1((-0.00698 -0.0048 -1e-05) (-0.00665 -0.00445 0.001001))
    faceSet outlet_tm_left_faces now size 4
Read set faceSet outlet_tm_left_faces size:4
    Applying source normalToFace
    Adding faces according to normal being aligned with (-0.75568908 -0.65493054 0) (to within 0.35) ...
    faceSet outlet_tm_left_faces now size 2
Created faceSet ac_inlet_faces
    Applying source patchToFace
    Adding all faces of patches: (ac_inlet) ...
    Found matching patch ac_inlet with 5 faces
    faceSet ac_inlet_faces now size 5
Read set faceSet ac_inlet_faces size:5
    Applying source patchToFace
    Adding all faces of patches: (wall) ...
    Found matching patch wall with 554 faces
    faceSet ac_inlet_faces now size 559
Read set faceSet ac_inlet_faces size:559
    Applying source patchToFace
    Adding all faces of patches: (iris_wall) ...
    Found matching patch iris_wall with 240 faces
    faceSet ac_inlet_faces now size 799
Read set faceSet ac_inlet_faces size:799
    Applying source boxToFace
    Adding faces with centre within boxes 1((0.00685 -0.00392 -1e-05) (0.00715 -0.00328 0.001001))
    faceSet ac_inlet_faces now size 10
Read set faceSet ac_inlet_faces size:10
    Applying source normalToFace
    Adding faces according to normal being aligned with (0.97618706 -0.21693046 0) (to within 0.5) ...
    faceSet ac_inlet_faces now size 7
Created faceSet ac_inlet_left_faces
    Applying source patchToFace
    Adding all faces of patches: (ac_inlet_left) ...
    Found matching patch ac_inlet_left with 5 faces
    faceSet ac_inlet_left_faces now size 5
Read set faceSet ac_inlet_left_faces size:5
    Applying source patchToFace
    Adding all faces of patches: (wall) ...
    Found matching patch wall with 554 faces
    faceSet ac_inlet_left_faces now size 559
Read set faceSet ac_inlet_left_faces size:559
    Applying source patchToFace
    Adding all faces of patches: (iris_wall) ...
    Found matching patch iris_wall with 240 faces
    faceSet ac_inlet_left_faces now size 799
Read set faceSet ac_inlet_left_faces size:799
    Applying source boxToFace
    Adding faces with centre within boxes 1((-0.00715 -0.00392 -1e-05) (-0.00685 -0.00328 0.001001))
    faceSet ac_inlet_left_faces now size 10
Read set faceSet ac_inlet_left_faces size:10
    Applying source normalToFace
    Adding faces according to normal being aligned with (-0.97618706 -0.21693046 0) (to within 0.5) ...
    faceSet ac_inlet_left_faces now size 7
Created faceSet demote_to_wall
    Applying source patchToFace
    Adding all faces of patches: (outlet_tm) ...
    Found matching patch outlet_tm with 6 faces
    faceSet demote_to_wall now size 6
Read set faceSet demote_to_wall size:6
    Applying source patchToFace
    Adding all faces of patches: (outlet_tm_left) ...
    Found matching patch outlet_tm_left with 6 faces
    faceSet demote_to_wall now size 12
Read set faceSet demote_to_wall size:12
    Applying source patchToFace
    Adding all faces of patches: (ac_inlet) ...
    Found matching patch ac_inlet with 5 faces
    faceSet demote_to_wall now size 17
Read set faceSet demote_to_wall size:17
    Applying source patchToFace
    Adding all faces of patches: (ac_inlet_left) ...
    Found matching patch ac_inlet_left with 5 faces
    faceSet demote_to_wall now size 22
Read set faceSet demote_to_wall size:22
    Applying source faceToFace
    Removing all elements of face sets: (outlet_tm_faces)
    faceSet demote_to_wall now size 20
Read set faceSet demote_to_wall size:20
    Applying source faceToFace
    Removing all elements of face sets: (outlet_tm_left_faces)
    faceSet demote_to_wall now size 18
Read set faceSet demote_to_wall size:18
    Applying source faceToFace
    Removing all elements of face sets: (ac_inlet_faces)
    faceSet demote_to_wall now size 15
Read set faceSet demote_to_wall size:15
    Applying source faceToFace
    Removing all elements of face sets: (ac_inlet_left_faces)
    faceSet demote_to_wall now size 12

End

/*---------------------------------------------------------------------------*\
| =========                 |                                                 |
| \\      /  F ield         | OpenFOAM: The Open Source CFD Toolbox           |
|  \\    /   O peration     | Version:  2512                                  |
|   \\  /    A nd           | Website:  www.openfoam.com                      |
|    \\/     M anipulation  |                                                 |
\*---------------------------------------------------------------------------*/
Build  : _bd2b6720-20260127 OPENFOAM=2512 version=2512
Arch   : "LSB;label=32;scalar=64"
Exec   : createPatch -overwrite -dict system/createPatchDict.anatomical
Date   : Jul 16 2026
Time   : 01:34:40
Host   : 6adfd058f5f7
PID    : 240
I/O    : uncollated
Case   : /simulation/doc-g1-sim1/fluid
nProcs : 1
trapFpe: Floating point exception trapping enabled (FOAM_SIGFPE).
memory pool : not available
fileModificationChecking : Monitoring run-time modified files using timeStampMaster (fileModificationSkew 5, maxFileModificationPolls 20)
allowSystemOperations : Allowing user-supplied system call operations

// * * * * * * * * * * * * * * * * * * * * * * * * * * * * * * * * * * * * * //
Create time

Create mesh for time = 0

Reading "system/createPatchDict.anatomical"



Adding patches to mesh region0

Adding new patch front from 
{
    type            empty;
    nFaces          0;
    startFace       0;
}

Adding new patch back from 
{
    type            empty;
    nFaces          0;
    startFace       0;
}

Adding new patch demote_wall from 
{
    type            wall;
    nFaces          0;
    startFace       0;
}




Repatching mesh region0

Read 41242 faces from faceSet frontFaces
Read 41242 faces from faceSet backFaces
Read 12 faces from faceSet demote_to_wall
Read 2 faces from faceSet outlet_tm_faces
Read 2 faces from faceSet outlet_tm_left_faces
Read 7 faces from faceSet ac_inlet_faces
Read 7 faces from faceSet ac_inlet_left_faces
Doing topology modification to order faces.

Not synchronising points.

Removing patches with no faces in them.

Removed zero-sized patch defaultFaces type patch at position 7


Writing repatched mesh region0 to 0

End

=== changeDictionary (patch types) ===
/*---------------------------------------------------------------------------*\
| =========                 |                                                 |
| \\      /  F ield         | OpenFOAM: The Open Source CFD Toolbox           |
|  \\    /   O peration     | Version:  2512                                  |
|   \\  /    A nd           | Website:  www.openfoam.com                      |
|    \\/     M anipulation  |                                                 |
\*---------------------------------------------------------------------------*/
Build  : _bd2b6720-20260127 OPENFOAM=2512 version=2512
Arch   : "LSB;label=32;scalar=64"
Exec   : changeDictionary
Date   : Jul 16 2026
Time   : 01:34:41
Host   : 6adfd058f5f7
PID    : 243
I/O    : uncollated
Case   : /simulation/doc-g1-sim1/fluid
nProcs : 1
trapFpe: Floating point exception trapping enabled (FOAM_SIGFPE).
memory pool : not available
fileModificationChecking : Monitoring run-time modified files using timeStampMaster (fileModificationSkew 5, maxFileModificationPolls 20)
allowSystemOperations : Allowing user-supplied system call operations

// * * * * * * * * * * * * * * * * * * * * * * * * * * * * * * * * * * * * * //
Create time

Create mesh for time = 0

Read dictionary changeDictionaryDict with replacements for dictionaries 1(boundary)
Reading polyMesh/boundary file to extract patch names
Loaded dictionary boundary with entries 10(wall iris_wall outlet_tm lens_wall ac_inlet ac_inlet_left outlet_tm_left front back demote_wall)
Extracted patch groups:
    group empty with patches 2(front back)
    group wall with patches 1(demote_wall)
Replacing entries in dictionary boundary
Special handling of boundary as polyMesh/boundary file.
Merging entries from 
12
(
front
back
wall
tm_se_wall
inlet_demote_wall
demote_wall
lens_wall
iris_wall
ac_inlet
ac_inlet_left
outlet_tm
outlet_tm_left
)

--> FOAM Warning : 
    From bool merge(bool, Foam::dictionary&, const Foam::dictionary&, bool, const Foam::HashTable<Foam::List<Foam::word> >&)
    in file changeDictionary.C at line 303
    Reading "system/changeDictionaryDict/boundary" at line 10 to 21
    Ignoring non-existing entry tm_se_wall
--> FOAM Warning : 
    From bool merge(bool, Foam::dictionary&, const Foam::dictionary&, bool, const Foam::HashTable<Foam::List<Foam::word> >&)
    in file changeDictionary.C at line 303
    Reading "system/changeDictionaryDict/boundary" at line 10 to 21
    Ignoring non-existing entry inlet_demote_wall
fieldDict:
{
    wall
    {
        type            patch;
        physicalType    patch;
        nFaces          546;
        startFace       61302;
    }
    iris_wall
    {
        type            wall;
        physicalType    patch;
        nFaces          240;
        startFace       61848;
    }
    outlet_tm
    {
        type            patch;
        physicalType    patch;
        nFaces          2;
        startFace       62088;
    }
    lens_wall
    {
        type            wall;
        physicalType    patch;
        nFaces          306;
        startFace       62090;
    }
    ac_inlet
    {
        type            patch;
        physicalType    patch;
        nFaces          7;
        startFace       62396;
    }
    ac_inlet_left
    {
        type            patch;
        physicalType    patch;
        nFaces          7;
        startFace       62403;
    }
    outlet_tm_left
    {
        type            patch;
        physicalType    patch;
        nFaces          2;
        startFace       62410;
    }
    front
    {
        type            empty;
        inGroups        1 ( empty );
        nFaces          41242;
        startFace       62412;
    }
    back
    {
        type            empty;
        inGroups        1 ( empty );
        nFaces          41242;
        startFace       103654;
    }
    demote_wall
    {
        type            wall;
        inGroups        1 ( wall );
        nFaces          12;
        startFace       144896;
    }
}

Writing modified boundary

End

=== initial fields ===
=== checkMesh ===
/*---------------------------------------------------------------------------*\
| =========                 |                                                 |
| \\      /  F ield         | OpenFOAM: The Open Source CFD Toolbox           |
|  \\    /   O peration     | Version:  2512                                  |
|   \\  /    A nd           | Website:  www.openfoam.com                      |
|    \\/     M anipulation  |                                                 |
\*---------------------------------------------------------------------------*/
Build  : _bd2b6720-20260127 OPENFOAM=2512 version=2512
Arch   : "LSB;label=32;scalar=64"
Exec   : checkMesh
Date   : Jul 16 2026
Time   : 01:34:41
Host   : 6adfd058f5f7
PID    : 249
I/O    : uncollated
Case   : /simulation/doc-g1-sim1/fluid
nProcs : 1
trapFpe: Floating point exception trapping enabled (FOAM_SIGFPE).
memory pool : not available
fileModificationChecking : Monitoring run-time modified files using timeStampMaster (fileModificationSkew 5, maxFileModificationPolls 20)
allowSystemOperations : Allowing user-supplied system call operations

// * * * * * * * * * * * * * * * * * * * * * * * * * * * * * * * * * * * * * //
Create time

Create mesh for time = 0

Check mesh...

Time = 0

Mesh stats 
    points:           42364
    internal points:  0
    faces:            144908
    internal faces:   61302
    cells:            41242
    faces per cell:   5
    boundary patches: 10
    point zones:      0
    face zones:       0
    cell zones:       4

Overall number of cells of each type:
    hexahedra:     0
    prisms:        41242
    wedges:        0
    pyramids:      0
    tet wedges:    0
    tetrahedra:    0
    polyhedra:     0

Checking topology...
    Boundary definition OK.
    Cell to face addressing OK.
    Point usage OK.
    Upper triangular ordering OK.
    Face vertices OK.
    Number of regions: 1 (OK).

Checking patch topology for multiply connected surfaces...
    Patch               Faces    Points     Surface topology
    wall                546      1100     ok (non-closed singly connected)  
    iris_wall           240      496      ok (non-closed singly connected)  
    outlet_tm           2        6        ok (non-closed singly connected)  
    lens_wall           306      620      ok (non-closed singly connected)  
    ac_inlet            7        18       ok (non-closed singly connected)  
    ac_inlet_left       7        18       ok (non-closed singly connected)  
    outlet_tm_left      2        6        ok (non-closed singly connected)  
    front               41242    21182    ok (non-closed singly connected)  
    back                41242    21182    ok (non-closed singly connected)  
    demote_wall         12       36       ok (non-closed singly connected)  
    ".*"                83606    42364    ok (closed singly connected)      


Checking faceZone topology for multiply connected surfaces...
    No faceZones found.

Checking basic cellZone addressing...
    CellZone            Cells        Points       Volume       BoundingBox
    fluid               41242        42364        1.4629709e-07 (-0.0083688305 -0.00816 0) (0.0083688305 0.0069 0.001)
    tm_zone             69           98           1.9849536e-10 (0.0064142133 -0.0048720705 0) (0.00693 -0.0041952456 0.001)
    tm_zone_left        67           96           1.9558531e-10 (-0.00693 -0.0048720705 0) (-0.0064137072 -0.0041944014 0.001)
    vitreous_zone       19682        20142        1.0167695e-07 (-0.0080734505 -0.0015483274 0) (0.0080569714 0.0069 0.001)

Checking basic pointZone addressing...
    No pointZones found.

Checking geometry...
    Overall domain bounding box (-0.0083688305 -0.00816 0) (0.0083688305 0.0069 0.001)
    Mesh has 2 geometric (non-empty/wedge) directions (1 1 0)
    Mesh has 2 solution (non-empty) directions (1 1 0)
    All edges aligned with or perpendicular to non-empty directions.
    Boundary openness (-1.9274682e-18 1.0755961e-17 -1.3698495e-15) OK.
    Max cell openness = 3.7865184e-15 OK.
    Max aspect ratio = 4.5420041 OK.
    Minimum face area = 3.4133459e-12. Maximum face area = 1.8412767e-07.  Face area magnitudes OK.
    Min volume = 3.4133459e-15. Max volume = 1.0832708e-11.  Total volume = 1.4629709e-07.  Cell volumes OK.
    Mesh non-orthogonality Max: 62.352341 average: 4.3246144
    Non-orthogonality check OK.
    Face pyramids OK.
 ***Max skewness = 4.2550004, 1 highly skew faces detected which may impair the quality of the results
  <<Writing 1 skew faces to set skewFaces
    Coupled point location match (average 0) OK.

Failed 1 mesh checks.

End

=== patch / zone counts ===
WARNING: checkMesh reported Failed (see log.checkMesh) — continuing for ParaView
  ac_inlet: 7 faces
  ac_inlet_left: 7 faces
  outlet_tm: 2 faces
  outlet_tm_left: 2 faces
  wall: 546 faces
  front: 41242 faces
  back: 41242 faces
  tm_zone: 69 cells
  tm_zone_left: 67 cells
  vitreous_zone: 19682 cells
=== simpleFoam ===
/*---------------------------------------------------------------------------*\
| =========                 |                                                 |
| \\      /  F ield         | OpenFOAM: The Open Source CFD Toolbox           |
|  \\    /   O peration     | Version:  2512                                  |
|   \\  /    A nd           | Website:  www.openfoam.com                      |
|    \\/     M anipulation  |                                                 |
\*---------------------------------------------------------------------------*/
Build  : _bd2b6720-20260127 OPENFOAM=2512 version=2512
Arch   : "LSB;label=32;scalar=64"
Exec   : simpleFoam
Date   : Jul 16 2026
Time   : 01:34:44
Host   : 6adfd058f5f7
PID    : 255
I/O    : uncollated
Case   : /simulation/doc-g1-sim1/fluid
nProcs : 1
trapFpe: Floating point exception trapping enabled (FOAM_SIGFPE).
memory pool : not available
fileModificationChecking : Monitoring run-time modified files using timeStampMaster (fileModificationSkew 5, maxFileModificationPolls 20)
allowSystemOperations : Allowing user-supplied system call operations

// * * * * * * * * * * * * * * * * * * * * * * * * * * * * * * * * * * * * * //
Create time

Create mesh for time = 0


SIMPLE: convergence criteria
    field p	 tolerance 0.0001
    field U	 tolerance 1e-05

Reading field p

Reading field U

Reading/calculating face flux field phi

Selecting incompressible transport model Newtonian
Selecting turbulence model type laminar
Selecting laminar stress model Stokes
No MRF models present

Creating finite-volume options from "system/fvOptions"

Selecting finite volume options type explicitPorositySource
    Source: tm_porous
    State: active
    - selecting cells using cellZones (tm_zone)
    - selected 69 cell(s) with volume 1.9849536e-10
Porosity region tm_porous:
    selecting model: DarcyForchheimer
--> FOAM IOWarning :
    Found [v1806] 'coordinateRotation' entry instead of 'rotation' in dictionary "system/fvOptions/tm_porous/explicitPorositySourceCoeffs/DarcyForchheimerCoeffs/coordinateSystem"

    This keyword is 90 months old.

Using [v1806] 'axesRotation' instead of 'axes' in selection table: coordinateRotation

    This lookup is 90 months old.

    creating porous zone: tm_zone
    origin: (0 0 0) e1: (1 0 0) e2: (0 1 0)
    local bounds: (0.00051578665 0.00067682487 0.001)

Selecting finite volume options type explicitPorositySource
    Source: tm_porous_left
    State: active
    - selecting cells using cellZones (tm_zone_left)
    - selected 67 cell(s) with volume 1.9558531e-10
Porosity region tm_porous_left:
    selecting model: DarcyForchheimer
--> FOAM IOWarning :
    Found [v1806] 'coordinateRotation' entry instead of 'rotation' in dictionary "system/fvOptions/tm_porous_left/explicitPorositySourceCoeffs/DarcyForchheimerCoeffs/coordinateSystem"

    This keyword is 90 months old.

Using [v1806] 'axesRotation' instead of 'axes' in selection table: coordinateRotation

    This lookup is 90 months old.

    creating porous zone: tm_zone_left
    origin: (0 0 0) e1: (1 0 0) e2: (0 1 0)
    local bounds: (0.00051629278 0.00067766906 0.001)

Selecting finite volume options type explicitPorositySource
    Source: vitreous_porous
    State: active
    - selecting cells using cellZones (vitreous_zone)
    - selected 19682 cell(s) with volume 1.0167695e-07
Porosity region vitreous_porous:
    selecting model: DarcyForchheimer
--> FOAM IOWarning :
    Found [v1806] 'coordinateRotation' entry instead of 'rotation' in dictionary "system/fvOptions/vitreous_porous/explicitPorositySourceCoeffs/DarcyForchheimerCoeffs/coordinateSystem"

    This keyword is 90 months old.

Using [v1806] 'axesRotation' instead of 'axes' in selection table: coordinateRotation

    This lookup is 90 months old.

    creating porous zone: vitreous_zone
    origin: (0 0 0) e1: (1 0 0) e2: (0 1 0)
    local bounds: (0.016130422 0.0084483274 0.001)


Starting time loop

surfaceFieldValue flowRateTM:
    operation     = sum


surfaceFieldValue flowRateTM_left:
    operation     = sum


surfaceFieldValue pressureACinlet:
    operation     = areaAverage


Time = 1

smoothSolver:  Solving for Ux, Initial residual = 1, Final residual = 8.5825158e-09, No Iterations 10
smoothSolver:  Solving for Uy, Initial residual = 0.99999999, Final residual = 5.2366958e-09, No Iterations 10
DICPCG:  Solving for p, Initial residual = 0.99999996, Final residual = 0.0095303667, No Iterations 797
DICPCG:  Solving for p, Initial residual = 0.61278019, Final residual = 0.0057425347, No Iterations 245
DICPCG:  Solving for p, Initial residual = 0.060899901, Final residual = 0.00049862404, No Iterations 776
DICPCG:  Solving for p, Initial residual = 0.022141265, Final residual = 0.0002204773, No Iterations 259
time step continuity errors : sum local = 6.7594019e-06, global = -1.9237057e-07, cumulative = -1.9237057e-07
ExecutionTime = 3.33 s  ClockTime = 3 s

Time = 2

smoothSolver:  Solving for Ux, Initial residual = 0.28363311, Final residual = 6.8294532e-09, No Iterations 5
smoothSolver:  Solving for Uy, Initial residual = 0.15117158, Final residual = 2.9312948e-09, No Iterations 5
DICPCG:  Solving for p, Initial residual = 0.25712442, Final residual = 0.0024017165, No Iterations 782
DICPCG:  Solving for p, Initial residual = 0.3445112, Final residual = 0.003408831, No Iterations 248
DICPCG:  Solving for p, Initial residual = 0.040972463, Final residual = 0.00035902522, No Iterations 778
DICPCG:  Solving for p, Initial residual = 0.017332622, Final residual = 0.00016375887, No Iterations 316
time step continuity errors : sum local = 3.7675406e-06, global = -8.8117669e-08, cumulative = -2.8048824e-07
ExecutionTime = 5.09 s  ClockTime = 5 s

Time = 3

smoothSolver:  Solving for Ux, Initial residual = 0.18819608, Final residual = 4.3194881e-09, No Iterations 5
smoothSolver:  Solving for Uy, Initial residual = 0.089265298, Final residual = 9.8565121e-09, No Iterations 4
DICPCG:  Solving for p, Initial residual = 0.29447555, Final residual = 0.0028797243, No Iterations 780
DICPCG:  Solving for p, Initial residual = 0.1912485, Final residual = 0.0018563726, No Iterations 253
DICPCG:  Solving for p, Initial residual = 0.023389383, Final residual = 0.00022374323, No Iterations 784
DICPCG:  Solving for p, Initial residual = 0.011373922, Final residual = 0.00011272906, No Iterations 267
time step continuity errors : sum local = 1.687285e-06, global = -4.7349353e-08, cumulative = -3.2783759e-07
ExecutionTime = 6.96 s  ClockTime = 7 s

Time = 4

smoothSolver:  Solving for Ux, Initial residual = 0.12753905, Final residual = 2.4215623e-09, No Iterations 5
smoothSolver:  Solving for Uy, Initial residual = 0.057990255, Final residual = 5.2826042e-09, No Iterations 4
DICPCG:  Solving for p, Initial residual = 0.31941489, Final residual = 0.0031909574, No Iterations 782
DICPCG:  Solving for p, Initial residual = 0.30180192, Final residual = 0.0029064005, No Iterations 18
DICPCG:  Solving for p, Initial residual = 0.033717577, Final residual = 0.00031451978, No Iterations 769
DICPCG:  Solving for p, Initial residual = 0.015084685, Final residual = 0.00013138345, No Iterations 756
time step continuity errors : sum local = 1.9568686e-06, global = -2.3623112e-13, cumulative = -3.2783783e-07
ExecutionTime = 9.54 s  ClockTime = 9 s

Time = 5

smoothSolver:  Solving for Ux, Initial residual = 0.083525514, Final residual = 5.4582566e-09, No Iterations 4
smoothSolver:  Solving for Uy, Initial residual = 0.037980634, Final residual = 1.9960496e-09, No Iterations 4
DICPCG:  Solving for p, Initial residual = 0.30584113, Final residual = 0.0028172604, No Iterations 784
DICPCG:  Solving for p, Initial residual = 0.34873038, Final residual = 0.0030275411, No Iterations 16
DICPCG:  Solving for p, Initial residual = 0.035325941, Final residual = 0.0003513428, No Iterations 296
DICPCG:  Solving for p, Initial residual = 0.022458876, Final residual = 0.00020881418, No Iterations 293
time step continuity errors : sum local = 3.1323198e-06, global = 1.1944658e-07, cumulative = -2.0839124e-07
ExecutionTime = 11.12 s  ClockTime = 11 s

Time = 6

smoothSolver:  Solving for Ux, Initial residual = 0.050312181, Final residual = 9.0508304e-09, No Iterations 3
smoothSolver:  Solving for Uy, Initial residual = 0.023211306, Final residual = 3.0908652e-09, No Iterations 3
DICPCG:  Solving for p, Initial residual = 0.2631212, Final residual = 0.0026154173, No Iterations 782
DICPCG:  Solving for p, Initial residual = 0.3110279, Final residual = 0.0027314585, No Iterations 20
DICPCG:  Solving for p, Initial residual = 0.034308768, Final residual = 0.00033868847, No Iterations 774
DICPCG:  Solving for p, Initial residual = 0.027671991, Final residual = 0.00027361979, No Iterations 253
time step continuity errors : sum local = 3.5399918e-06, global = 4.8404239e-08, cumulative = -1.5998701e-07
ExecutionTime = 12.72 s  ClockTime = 12 s

Time = 7

smoothSolver:  Solving for Ux, Initial residual = 0.023533716, Final residual = 5.6188082e-09, No Iterations 4
smoothSolver:  Solving for Uy, Initial residual = 0.010916935, Final residual = 1.9858266e-09, No Iterations 4
DICPCG:  Solving for p, Initial residual = 0.21388127, Final residual = 0.0021217755, No Iterations 759
DICPCG:  Solving for p, Initial residual = 0.14948358, Final residual = 0.0014714577, No Iterations 242
DICPCG:  Solving for p, Initial residual = 0.019587443, Final residual = 0.00018907262, No Iterations 776
DICPCG:  Solving for p, Initial residual = 0.011256735, Final residual = 0.00010843234, No Iterations 254
time step continuity errors : sum local = 1.0910085e-06, global = -9.7970727e-08, cumulative = -2.5795773e-07
ExecutionTime = 14.63 s  ClockTime = 14 s

Time = 8

smoothSolver:  Solving for Ux, Initial residual = 0.012227815, Final residual = 6.9510485e-09, No Iterations 4
smoothSolver:  Solving for Uy, Initial residual = 0.0051159473, Final residual = 2.5446451e-09, No Iterations 4
DICPCG:  Solving for p, Initial residual = 0.19718573, Final residual = 0.0018469167, No Iterations 779
DICPCG:  Solving for p, Initial residual = 0.16606968, Final residual = 0.0016072081, No Iterations 253
DICPCG:  Solving for p, Initial residual = 0.014056723, Final residual = 0.00012891392, No Iterations 778
DICPCG:  Solving for p, Initial residual = 0.0072015641, Final residual = 6.945482e-05, No Iterations 311
time step continuity errors : sum local = 5.9062287e-07, global = 1.5866911e-08, cumulative = -2.4209082e-07
ExecutionTime = 17.55 s  ClockTime = 17 s

Time = 9

smoothSolver:  Solving for Ux, Initial residual = 0.021055362, Final residual = 5.4420723e-09, No Iterations 4
smoothSolver:  Solving for Uy, Initial residual = 0.011448917, Final residual = 2.0458809e-09, No Iterations 4
DICPCG:  Solving for p, Initial residual = 0.19095241, Final residual = 0.0018709805, No Iterations 787
DICPCG:  Solving for p, Initial residual = 0.25646979, Final residual = 0.0024893769, No Iterations 24
DICPCG:  Solving for p, Initial residual = 0.025442558, Final residual = 0.00025044878, No Iterations 773
DICPCG:  Solving for p, Initial residual = 0.011740205, Final residual = 0.00011567245, No Iterations 244
time step continuity errors : sum local = 1.1675929e-06, global = -4.6827865e-08, cumulative = -2.8891869e-07
ExecutionTime = 19.16 s  ClockTime = 19 s

Time = 10

smoothSolver:  Solving for Ux, Initial residual = 0.026568438, Final residual = 1.9382614e-09, No Iterations 4
smoothSolver:  Solving for Uy, Initial residual = 0.014778165, Final residual = 4.5347013e-09, No Iterations 3
DICPCG:  Solving for p, Initial residual = 0.1614192, Final residual = 0.0015475785, No Iterations 789
DICPCG:  Solving for p, Initial residual = 0.241148, Final residual = 0.0023184786, No Iterations 17
DICPCG:  Solving for p, Initial residual = 0.023398367, Final residual = 0.00021080176, No Iterations 773
DICPCG:  Solving for p, Initial residual = 0.010869807, Final residual = 0.00010747361, No Iterations 19
time step continuity errors : sum local = 1.1758203e-06, global = -2.863608e-09, cumulative = -2.9178229e-07
ExecutionTime = 20.58 s  ClockTime = 20 s

surfaceFieldValue flowRateTM write:
    total faces   = 2
    total area    = 3.471311e-07

    sum(outlet_tm) of phi = 2.5064079e-11

surfaceFieldValue flowRateTM_left write:
    total faces   = 2
    total area    = 3.471311e-07

    sum(outlet_tm_left) of phi = 2.4935502e-11

surfaceFieldValue pressureACinlet write:
    total faces   = 7
    total area    = 6.154739e-07

    areaAverage(ac_inlet) of p = 2.7038114

Time = 11

smoothSolver:  Solving for Ux, Initial residual = 0.024202133, Final residual = 1.9939231e-09, No Iterations 4
smoothSolver:  Solving for Uy, Initial residual = 0.013377941, Final residual = 4.3467832e-09, No Iterations 3
DICPCG:  Solving for p, Initial residual = 0.12491505, Final residual = 0.0011922499, No Iterations 787
DICPCG:  Solving for p, Initial residual = 0.15472399, Final residual = 0.0014571714, No Iterations 17
DICPCG:  Solving for p, Initial residual = 0.015055227, Final residual = 0.00013886213, No Iterations 773
DICPCG:  Solving for p, Initial residual = 0.0071062682, Final residual = 5.8368892e-05, No Iterations 19
time step continuity errors : sum local = 6.0731109e-07, global = -3.7546236e-08, cumulative = -3.2932853e-07
ExecutionTime = 21.95 s  ClockTime = 22 s

Time = 12

smoothSolver:  Solving for Ux, Initial residual = 0.017281223, Final residual = 4.4389289e-09, No Iterations 4
smoothSolver:  Solving for Uy, Initial residual = 0.0098777028, Final residual = 9.6487693e-09, No Iterations 3
DICPCG:  Solving for p, Initial residual = 0.11722992, Final residual = 0.001098474, No Iterations 777
DICPCG:  Solving for p, Initial residual = 0.038552867, Final residual = 0.00038520008, No Iterations 16
DICPCG:  Solving for p, Initial residual = 0.0049276051, Final residual = 4.7703104e-05, No Iterations 772
DICPCG:  Solving for p, Initial residual = 0.0024073886, Final residual = 2.4005768e-05, No Iterations 302
time step continuity errors : sum local = 2.2050547e-07, global = -7.3737308e-09, cumulative = -3.3670226e-07
ExecutionTime = 23.71 s  ClockTime = 23 s

Time = 13

smoothSolver:  Solving for Ux, Initial residual = 0.011773994, Final residual = 4.6206706e-09, No Iterations 4
smoothSolver:  Solving for Uy, Initial residual = 0.0055608147, Final residual = 1.6914975e-09, No Iterations 4
DICPCG:  Solving for p, Initial residual = 0.11180996, Final residual = 0.001025605, No Iterations 782
DICPCG:  Solving for p, Initial residual = 0.097303166, Final residual = 0.00096288407, No Iterations 16
DICPCG:  Solving for p, Initial residual = 0.0080659133, Final residual = 8.0487322e-05, No Iterations 776
DICPCG:  Solving for p, Initial residual = 0.0028761272, Final residual = 2.7989499e-05, No Iterations 312
time step continuity errors : sum local = 2.5653184e-07, global = -1.9137476e-08, cumulative = -3.5583974e-07
ExecutionTime = 25.53 s  ClockTime = 25 s

Time = 14

smoothSolver:  Solving for Ux, Initial residual = 0.007752054, Final residual = 2.9194895e-09, No Iterations 4
smoothSolver:  Solving for Uy, Initial residual = 0.0034676522, Final residual = 6.5609435e-09, No Iterations 3
DICPCG:  Solving for p, Initial residual = 0.099290923, Final residual = 0.00099279765, No Iterations 786
DICPCG:  Solving for p, Initial residual = 0.13789928, Final residual = 0.0013245268, No Iterations 16
DICPCG:  Solving for p, Initial residual = 0.012532925, Final residual = 0.00011097351, No Iterations 767
DICPCG:  Solving for p, Initial residual = 0.0050798914, Final residual = 4.5479942e-05, No Iterations 19
time step continuity errors : sum local = 4.4969316e-07, global = -2.1950801e-08, cumulative = -3.7779054e-07
ExecutionTime = 27.61 s  ClockTime = 27 s

Time = 15

smoothSolver:  Solving for Ux, Initial residual = 0.0064032134, Final residual = 3.5105977e-09, No Iterations 3
smoothSolver:  Solving for Uy, Initial residual = 0.0028026483, Final residual = 1.6502857e-09, No Iterations 3
DICPCG:  Solving for p, Initial residual = 0.073176657, Final residual = 0.00067584514, No Iterations 789
DICPCG:  Solving for p, Initial residual = 0.12308947, Final residual = 0.0011737152, No Iterations 18
DICPCG:  Solving for p, Initial residual = 0.012172607, Final residual = 0.00010997481, No Iterations 770
DICPCG:  Solving for p, Initial residual = 0.0055485087, Final residual = 4.9737969e-05, No Iterations 17
time step continuity errors : sum local = 4.9239501e-07, global = -8.4165262e-10, cumulative = -3.7863219e-07
ExecutionTime = 29.06 s  ClockTime = 29 s

Time = 16

smoothSolver:  Solving for Ux, Initial residual = 0.0068746823, Final residual = 9.2466571e-09, No Iterations 3
smoothSolver:  Solving for Uy, Initial residual = 0.0032998297, Final residual = 3.1154947e-09, No Iterations 3
DICPCG:  Solving for p, Initial residual = 0.05846481, Final residual = 0.00054370706, No Iterations 786
DICPCG:  Solving for p, Initial residual = 0.068521102, Final residual = 0.00065747663, No Iterations 750
DICPCG:  Solving for p, Initial residual = 0.0074771821, Final residual = 6.6548123e-05, No Iterations 775
DICPCG:  Solving for p, Initial residual = 0.0033143922, Final residual = 3.2912551e-05, No Iterations 759
time step continuity errors : sum local = 3.0593095e-07, global = -6.1856158e-13, cumulative = -3.7863281e-07
ExecutionTime = 33.54 s  ClockTime = 33 s

Time = 17

smoothSolver:  Solving for Ux, Initial residual = 0.0060918908, Final residual = 2.4513738e-09, No Iterations 4
smoothSolver:  Solving for Uy, Initial residual = 0.0034056817, Final residual = 5.1163183e-09, No Iterations 3
DICPCG:  Solving for p, Initial residual = 0.062279163, Final residual = 0.00060090878, No Iterations 760
DICPCG:  Solving for p, Initial residual = 0.024134783, Final residual = 0.00021733725, No Iterations 770
DICPCG:  Solving for p, Initial residual = 0.0025738379, Final residual = 2.5587477e-05, No Iterations 775
DICPCG:  Solving for p, Initial residual = 0.0009465493, Final residual = 8.4666091e-06, No Iterations 764
time step continuity errors : sum local = 7.3252143e-08, global = -4.9103257e-13, cumulative = -3.786333e-07
ExecutionTime = 37.96 s  ClockTime = 38 s

Time = 18

smoothSolver:  Solving for Ux, Initial residual = 0.0047503488, Final residual = 2.2238304e-09, No Iterations 4
smoothSolver:  Solving for Uy, Initial residual = 0.0029114058, Final residual = 4.7527273e-09, No Iterations 3
DICPCG:  Solving for p, Initial residual = 0.064997899, Final residual = 0.00064335242, No Iterations 781
DICPCG:  Solving for p, Initial residual = 0.066065624, Final residual = 0.00064581009, No Iterations 11
DICPCG:  Solving for p, Initial residual = 0.0059147131, Final residual = 5.7325381e-05, No Iterations 780
DICPCG:  Solving for p, Initial residual = 0.0025967691, Final residual = 2.5172743e-05, No Iterations 21
time step continuity errors : sum local = 2.1987026e-07, global = 4.6315899e-08, cumulative = -3.323174e-07
ExecutionTime = 39.97 s  ClockTime = 40 s

Time = 19

smoothSolver:  Solving for Ux, Initial residual = 0.0039905383, Final residual = 7.1768239e-09, No Iterations 3
smoothSolver:  Solving for Uy, Initial residual = 0.0022058472, Final residual = 2.5958746e-09, No Iterations 3
DICPCG:  Solving for p, Initial residual = 0.057011477, Final residual = 0.00055811417, No Iterations 786
DICPCG:  Solving for p, Initial residual = 0.082482306, Final residual = 0.00073010461, No Iterations 11
DICPCG:  Solving for p, Initial residual = 0.0078537814, Final residual = 7.3788418e-05, No Iterations 778
DICPCG:  Solving for p, Initial residual = 0.0039821602, Final residual = 3.7341736e-05, No Iterations 764
time step continuity errors : sum local = 3.3334651e-07, global = 5.1871083e-13, cumulative = -3.3231688e-07
ExecutionTime = 43.97 s  ClockTime = 44 s

Time = 20

smoothSolver:  Solving for Ux, Initial residual = 0.0034065765, Final residual = 9.5761048e-09, No Iterations 2
smoothSolver:  Solving for Uy, Initial residual = 0.0016588211, Final residual = 3.9369127e-09, No Iterations 2
DICPCG:  Solving for p, Initial residual = 0.040308743, Final residual = 0.00038371294, No Iterations 788
DICPCG:  Solving for p, Initial residual = 0.067123087, Final residual = 0.00060833986, No Iterations 11
DICPCG:  Solving for p, Initial residual = 0.0071714974, Final residual = 6.8470715e-05, No Iterations 768
DICPCG:  Solving for p, Initial residual = 0.0036137794, Final residual = 3.3402836e-05, No Iterations 756
time step continuity errors : sum local = 2.9465559e-07, global = -6.7321043e-14, cumulative = -3.3231695e-07
ExecutionTime = 46.82 s  ClockTime = 47 s

surfaceFieldValue flowRateTM write:
    sum(outlet_tm) of phi = 2.5107859e-11

surfaceFieldValue flowRateTM_left write:
    sum(outlet_tm_left) of phi = 2.4892141e-11

surfaceFieldValue pressureACinlet write:
    areaAverage(ac_inlet) of p = 3.0928522

Time = 21

smoothSolver:  Solving for Ux, Initial residual = 0.0029052482, Final residual = 6.4272871e-09, No Iterations 3
smoothSolver:  Solving for Uy, Initial residual = 0.0013632429, Final residual = 2.2353005e-09, No Iterations 3
DICPCG:  Solving for p, Initial residual = 0.034855616, Final residual = 0.00034406744, No Iterations 782
DICPCG:  Solving for p, Initial residual = 0.030187207, Final residual = 0.00029397419, No Iterations 42
DICPCG:  Solving for p, Initial residual = 0.0033649357, Final residual = 3.118216e-05, No Iterations 759
DICPCG:  Solving for p, Initial residual = 0.0015397164, Final residual = 1.4575766e-05, No Iterations 19
time step continuity errors : sum local = 1.2360836e-07, global = -6.9758736e-09, cumulative = -3.3929282e-07
ExecutionTime = 48.77 s  ClockTime = 48 s

Time = 22

smoothSolver:  Solving for Ux, Initial residual = 0.0024635538, Final residual = 8.6477741e-09, No Iterations 3
smoothSolver:  Solving for Uy, Initial residual = 0.0011775708, Final residual = 3.0567264e-09, No Iterations 3
DICPCG:  Solving for p, Initial residual = 0.038364992, Final residual = 0.00036670724, No Iterations 776
DICPCG:  Solving for p, Initial residual = 0.021583387, Final residual = 0.00021228898, No Iterations 764
DICPCG:  Solving for p, Initial residual = 0.0018383959, Final residual = 1.6894135e-05, No Iterations 775
DICPCG:  Solving for p, Initial residual = 0.00063253666, Final residual = 6.2885452e-06, No Iterations 765
time step continuity errors : sum local = 5.2207912e-08, global = -1.986719e-13, cumulative = -3.3929302e-07
ExecutionTime = 52.3 s  ClockTime = 52 s

Time = 23

smoothSolver:  Solving for Ux, Initial residual = 0.0025033265, Final residual = 7.0520098e-09, No Iterations 3
smoothSolver:  Solving for Uy, Initial residual = 0.0010127771, Final residual = 2.564255e-09, No Iterations 3
DICPCG:  Solving for p, Initial residual = 0.037697562, Final residual = 0.00037049689, No Iterations 374
DICPCG:  Solving for p, Initial residual = 0.041936011, Final residual = 0.00038946023, No Iterations 11
DICPCG:  Solving for p, Initial residual = 0.003445327, Final residual = 3.3752132e-05, No Iterations 770
DICPCG:  Solving for p, Initial residual = 0.0021046725, Final residual = 2.094484e-05, No Iterations 16
time step continuity errors : sum local = 1.7632287e-07, global = 8.0874509e-09, cumulative = -3.3120557e-07
ExecutionTime = 53.66 s  ClockTime = 53 s

Time = 24

smoothSolver:  Solving for Ux, Initial residual = 0.002226445, Final residual = 3.001741e-09, No Iterations 3
smoothSolver:  Solving for Uy, Initial residual = 0.00087336331, Final residual = 7.3696756e-09, No Iterations 2
DICPCG:  Solving for p, Initial residual = 0.030594168, Final residual = 0.00029086105, No Iterations 368
DICPCG:  Solving for p, Initial residual = 0.046365033, Final residual = 0.00042820309, No Iterations 10
DICPCG:  Solving for p, Initial residual = 0.0040756626, Final residual = 3.9375466e-05, No Iterations 769
DICPCG:  Solving for p, Initial residual = 0.0017626315, Final residual = 1.5540138e-05, No Iterations 17
time step continuity errors : sum local = 1.3237463e-07, global = -2.1720484e-09, cumulative = -3.3337762e-07
ExecutionTime = 55.02 s  ClockTime = 55 s

Time = 25

smoothSolver:  Solving for Ux, Initial residual = 0.0018530345, Final residual = 1.6631424e-09, No Iterations 3
smoothSolver:  Solving for Uy, Initial residual = 0.00072294426, Final residual = 4.0926301e-09, No Iterations 2
DICPCG:  Solving for p, Initial residual = 0.022510469, Final residual = 0.00020509483, No Iterations 786
DICPCG:  Solving for p, Initial residual = 0.032284558, Final residual = 0.00026514815, No Iterations 14
DICPCG:  Solving for p, Initial residual = 0.00300225, Final residual = 2.8833941e-05, No Iterations 98
DICPCG:  Solving for p, Initial residual = 0.0013119779, Final residual = 1.2661925e-05, No Iterations 754
time step continuity errors : sum local = 1.0755918e-07, global = -1.1923423e-13, cumulative = -3.3337774e-07
ExecutionTime = 56.97 s  ClockTime = 57 s

Time = 26

smoothSolver:  Solving for Ux, Initial residual = 0.001490105, Final residual = 4.3439429e-09, No Iterations 3
smoothSolver:  Solving for Uy, Initial residual = 0.00060285152, Final residual = 8.4777437e-09, No Iterations 2
DICPCG:  Solving for p, Initial residual = 0.021511866, Final residual = 0.00020132491, No Iterations 776
DICPCG:  Solving for p, Initial residual = 0.01049855, Final residual = 0.00010327092, No Iterations 757
DICPCG:  Solving for p, Initial residual = 0.0013238727, Final residual = 1.2409439e-05, No Iterations 772
DICPCG:  Solving for p, Initial residual = 0.00059403602, Final residual = 5.8116316e-06, No Iterations 751
time step continuity errors : sum local = 4.8809171e-08, global = -3.8699189e-13, cumulative = -3.3337813e-07
ExecutionTime = 61.15 s  ClockTime = 61 s

Time = 27

smoothSolver:  Solving for Ux, Initial residual = 0.0011303515, Final residual = 4.9394879e-09, No Iterations 3
smoothSolver:  Solving for Uy, Initial residual = 0.00054672123, Final residual = 9.6654937e-09, No Iterations 2
DICPCG:  Solving for p, Initial residual = 0.024271792, Final residual = 0.00021827998, No Iterations 777
DICPCG:  Solving for p, Initial residual = 0.015110139, Final residual = 0.00012942541, No Iterations 20
DICPCG:  Solving for p, Initial residual = 0.0014171271, Final residual = 1.3210789e-05, No Iterations 767
DICPCG:  Solving for p, Initial residual = 0.00057672463, Final residual = 5.489448e-06, No Iterations 765
time step continuity errors : sum local = 4.6128673e-08, global = 2.2137244e-13, cumulative = -3.3337791e-07
ExecutionTime = 65.2 s  ClockTime = 65 s

Time = 28

smoothSolver:  Solving for Ux, Initial residual = 0.000880516, Final residual = 3.4709727e-09, No Iterations 3
smoothSolver:  Solving for Uy, Initial residual = 0.0004624782, Final residual = 7.0393959e-09, No Iterations 2
DICPCG:  Solving for p, Initial residual = 0.023553385, Final residual = 0.00021224972, No Iterations 782
DICPCG:  Solving for p, Initial residual = 0.024587991, Final residual = 0.00024088542, No Iterations 14
DICPCG:  Solving for p, Initial residual = 0.0024446762, Final residual = 2.4166698e-05, No Iterations 774
DICPCG:  Solving for p, Initial residual = 0.0011353243, Final residual = 1.0748627e-05, No Iterations 765
time step continuity errors : sum local = 9.0965953e-08, global = -3.6205306e-13, cumulative = -3.3337827e-07
ExecutionTime = 69.65 s  ClockTime = 69 s

Time = 29

smoothSolver:  Solving for Ux, Initial residual = 0.0005648779, Final residual = 6.2443865e-09, No Iterations 2
smoothSolver:  Solving for Uy, Initial residual = 0.00034107355, Final residual = 2.3997118e-09, No Iterations 2
DICPCG:  Solving for p, Initial residual = 0.018504754, Final residual = 0.00016522213, No Iterations 784
DICPCG:  Solving for p, Initial residual = 0.023492293, Final residual = 0.00023164862, No Iterations 10
DICPCG:  Solving for p, Initial residual = 0.0023863299, Final residual = 2.3626521e-05, No Iterations 59
DICPCG:  Solving for p, Initial residual = 0.0011779608, Final residual = 1.1752237e-05, No Iterations 751
time step continuity errors : sum local = 9.957972e-08, global = -4.1644667e-13, cumulative = -3.3337868e-07
ExecutionTime = 71.21 s  ClockTime = 71 s

Time = 30

smoothSolver:  Solving for Ux, Initial residual = 0.00032669265, Final residual = 8.4214717e-09, No Iterations 2
smoothSolver:  Solving for Uy, Initial residual = 0.0002839381, Final residual = 2.8227763e-09, No Iterations 2
DICPCG:  Solving for p, Initial residual = 0.015065308, Final residual = 0.00014853499, No Iterations 784
DICPCG:  Solving for p, Initial residual = 0.015555296, Final residual = 0.00014525414, No Iterations 13
DICPCG:  Solving for p, Initial residual = 0.0016672684, Final residual = 1.5119214e-05, No Iterations 59
DICPCG:  Solving for p, Initial residual = 0.00082084813, Final residual = 7.7277091e-06, No Iterations 757
time step continuity errors : sum local = 6.5087453e-08, global = -2.1367293e-13, cumulative = -3.333789e-07
ExecutionTime = 73.01 s  ClockTime = 73 s

surfaceFieldValue flowRateTM write:
    sum(outlet_tm) of phi = 2.5075737e-11

surfaceFieldValue flowRateTM_left write:
    sum(outlet_tm_left) of phi = 2.4924263e-11

surfaceFieldValue pressureACinlet write:
    areaAverage(ac_inlet) of p = 3.07687

Time = 31

smoothSolver:  Solving for Ux, Initial residual = 0.00038766985, Final residual = 2.5642747e-09, No Iterations 3
smoothSolver:  Solving for Uy, Initial residual = 0.00024836003, Final residual = 5.0421805e-09, No Iterations 2
DICPCG:  Solving for p, Initial residual = 0.016423855, Final residual = 0.00016160831, No Iterations 338
DICPCG:  Solving for p, Initial residual = 0.0054965322, Final residual = 5.4950945e-05, No Iterations 18
DICPCG:  Solving for p, Initial residual = 0.0007010394, Final residual = 6.849353e-06, No Iterations 764
DICPCG:  Solving for p, Initial residual = 0.0005487044, Final residual = 5.3076475e-06, No Iterations 11
time step continuity errors : sum local = 4.4230753e-08, global = -6.6902987e-09, cumulative = -3.400692e-07
ExecutionTime = 74.01 s  ClockTime = 74 s

Time = 32

smoothSolver:  Solving for Ux, Initial residual = 0.0003842797, Final residual = 2.6311201e-09, No Iterations 3
smoothSolver:  Solving for Uy, Initial residual = 0.00022881171, Final residual = 5.4495291e-09, No Iterations 2
DICPCG:  Solving for p, Initial residual = 0.017038053, Final residual = 0.00016700729, No Iterations 332
DICPCG:  Solving for p, Initial residual = 0.010352613, Final residual = 9.5109935e-05, No Iterations 15
DICPCG:  Solving for p, Initial residual = 0.00088243221, Final residual = 8.7877604e-06, No Iterations 764
DICPCG:  Solving for p, Initial residual = 0.00039855753, Final residual = 3.8105503e-06, No Iterations 765
time step continuity errors : sum local = 3.1850111e-08, global = -4.862956e-13, cumulative = -3.4006968e-07
ExecutionTime = 75.54 s  ClockTime = 75 s

Time = 33

smoothSolver:  Solving for Ux, Initial residual = 0.00032421879, Final residual = 9.9435065e-09, No Iterations 2
smoothSolver:  Solving for Uy, Initial residual = 0.00018867569, Final residual = 3.8237647e-09, No Iterations 2
DICPCG:  Solving for p, Initial residual = 0.015140661, Final residual = 0.00015054515, No Iterations 364
DICPCG:  Solving for p, Initial residual = 0.014002357, Final residual = 0.00013855027, No Iterations 10
DICPCG:  Solving for p, Initial residual = 0.0011774873, Final residual = 1.1551068e-05, No Iterations 753
DICPCG:  Solving for p, Initial residual = 0.00067640357, Final residual = 6.3764259e-06, No Iterations 767
time step continuity errors : sum local = 5.3272087e-08, global = 2.0612097e-13, cumulative = -3.4006948e-07
ExecutionTime = 77.36 s  ClockTime = 77 s

Time = 34

smoothSolver:  Solving for Ux, Initial residual = 0.00024493311, Final residual = 3.9201319e-09, No Iterations 2
smoothSolver:  Solving for Uy, Initial residual = 0.0001353537, Final residual = 2.0706955e-09, No Iterations 2
DICPCG:  Solving for p, Initial residual = 0.011940792, Final residual = 0.00011810802, No Iterations 367
DICPCG:  Solving for p, Initial residual = 0.011977537, Final residual = 0.00011967053, No Iterations 10
DICPCG:  Solving for p, Initial residual = 0.0010363234, Final residual = 1.0000792e-05, No Iterations 753
DICPCG:  Solving for p, Initial residual = 0.00064518553, Final residual = 5.7411495e-06, No Iterations 769
time step continuity errors : sum local = 4.8015457e-08, global = -2.8470783e-13, cumulative = -3.4006976e-07
ExecutionTime = 79.41 s  ClockTime = 79 s

Time = 35

smoothSolver:  Solving for Ux, Initial residual = 0.00021197058, Final residual = 6.055685e-09, No Iterations 2
smoothSolver:  Solving for Uy, Initial residual = 9.8845042e-05, Final residual = 2.2285043e-09, No Iterations 2
DICPCG:  Solving for p, Initial residual = 0.010700441, Final residual = 0.00010410268, No Iterations 360
DICPCG:  Solving for p, Initial residual = 0.0066302813, Final residual = 6.5156948e-05, No Iterations 14
DICPCG:  Solving for p, Initial residual = 0.00062375762, Final residual = 5.9778183e-06, No Iterations 766
DICPCG:  Solving for p, Initial residual = 0.00040382384, Final residual = 3.5777114e-06, No Iterations 770
time step continuity errors : sum local = 2.9983577e-08, global = -3.8348911e-13, cumulative = -3.4007014e-07
ExecutionTime = 81.66 s  ClockTime = 81 s

Time = 36

smoothSolver:  Solving for Ux, Initial residual = 0.00017682629, Final residual = 9.0808214e-09, No Iterations 2
smoothSolver:  Solving for Uy, Initial residual = 7.9268874e-05, Final residual = 2.9132192e-09, No Iterations 2
DICPCG:  Solving for p, Initial residual = 0.011365577, Final residual = 0.00010557406, No Iterations 91
DICPCG:  Solving for p, Initial residual = 0.0031074374, Final residual = 2.8446344e-05, No Iterations 747
DICPCG:  Solving for p, Initial residual = 0.00048426865, Final residual = 4.7318224e-06, No Iterations 771
DICPCG:  Solving for p, Initial residual = 0.00014287929, Final residual = 1.3279813e-06, No Iterations 775
time step continuity errors : sum local = 1.1253151e-08, global = 7.0562805e-13, cumulative = -3.4006944e-07
ExecutionTime = 83.74 s  ClockTime = 83 s

Time = 37

smoothSolver:  Solving for Ux, Initial residual = 0.00014422538, Final residual = 8.355469e-09, No Iterations 2
smoothSolver:  Solving for Uy, Initial residual = 6.4140943e-05, Final residual = 2.7210731e-09, No Iterations 2
DICPCG:  Solving for p, Initial residual = 0.011840369, Final residual = 0.00011557864, No Iterations 323
DICPCG:  Solving for p, Initial residual = 0.0059024096, Final residual = 5.2271138e-05, No Iterations 20
DICPCG:  Solving for p, Initial residual = 0.0005513829, Final residual = 5.0742772e-06, No Iterations 763
DICPCG:  Solving for p, Initial residual = 0.00026469985, Final residual = 2.6246522e-06, No Iterations 38
time step continuity errors : sum local = 2.1935325e-08, global = 2.2010756e-09, cumulative = -3.3786836e-07
ExecutionTime = 84.65 s  ClockTime = 84 s

Time = 38

smoothSolver:  Solving for Ux, Initial residual = 0.00013531185, Final residual = 4.8277395e-09, No Iterations 2
smoothSolver:  Solving for Uy, Initial residual = 5.476529e-05, Final residual = 1.7546113e-09, No Iterations 2
DICPCG:  Solving for p, Initial residual = 0.010412634, Final residual = 0.00010293089, No Iterations 346
DICPCG:  Solving for p, Initial residual = 0.0074013639, Final residual = 6.5438488e-05, No Iterations 13
DICPCG:  Solving for p, Initial residual = 0.00068325231, Final residual = 6.7846116e-06, No Iterations 765
DICPCG:  Solving for p, Initial residual = 0.00034740458, Final residual = 3.4654227e-06, No Iterations 21
time step continuity errors : sum local = 2.8968507e-08, global = -4.8007026e-09, cumulative = -3.4266907e-07
ExecutionTime = 85.78 s  ClockTime = 85 s

Time = 39

smoothSolver:  Solving for Ux, Initial residual = 0.00012244016, Final residual = 2.9255288e-09, No Iterations 2
smoothSolver:  Solving for Uy, Initial residual = 4.707413e-05, Final residual = 7.0935197e-09, No Iterations 1
DICPCG:  Solving for p, Initial residual = 0.0082011004, Final residual = 7.7255573e-05, No Iterations 361
DICPCG:  Solving for p, Initial residual = 0.0067628596, Final residual = 6.3785707e-05, No Iterations 10
DICPCG:  Solving for p, Initial residual = 0.00058580945, Final residual = 5.495069e-06, No Iterations 762
DICPCG:  Solving for p, Initial residual = 0.00031690047, Final residual = 3.0972166e-06, No Iterations 770
time step continuity errors : sum local = 2.6043264e-08, global = 2.6515481e-13, cumulative = -3.426688e-07
ExecutionTime = 87.63 s  ClockTime = 87 s

Time = 40

smoothSolver:  Solving for Ux, Initial residual = 0.00010148955, Final residual = 4.2129056e-09, No Iterations 2
smoothSolver:  Solving for Uy, Initial residual = 4.3341572e-05, Final residual = 9.1677843e-09, No Iterations 1
DICPCG:  Solving for p, Initial residual = 0.0081737851, Final residual = 7.9980685e-05, No Iterations 332
DICPCG:  Solving for p, Initial residual = 0.0040908073, Final residual = 3.8434017e-05, No Iterations 11
DICPCG:  Solving for p, Initial residual = 0.00040448918, Final residual = 3.9793673e-06, No Iterations 763
DICPCG:  Solving for p, Initial residual = 0.00025906564, Final residual = 2.5787034e-06, No Iterations 769
time step continuity errors : sum local = 2.1655734e-08, global = 4.502444e-14, cumulative = -3.4266876e-07
ExecutionTime = 89.38 s  ClockTime = 89 s

surfaceFieldValue flowRateTM write:
    sum(outlet_tm) of phi = 2.50763e-11

surfaceFieldValue flowRateTM_left write:
    sum(outlet_tm_left) of phi = 2.49237e-11

surfaceFieldValue pressureACinlet write:
    areaAverage(ac_inlet) of p = 3.0739683

Time = 41

smoothSolver:  Solving for Ux, Initial residual = 7.7310838e-05, Final residual = 5.3369495e-09, No Iterations 2
smoothSolver:  Solving for Uy, Initial residual = 3.7989505e-05, Final residual = 1.8119885e-09, No Iterations 2
DICPCG:  Solving for p, Initial residual = 0.0092933232, Final residual = 8.0891922e-05, No Iterations 87
DICPCG:  Solving for p, Initial residual = 0.0023328417, Final residual = 2.3318566e-05, No Iterations 27
DICPCG:  Solving for p, Initial residual = 0.00027439718, Final residual = 2.595397e-06, No Iterations 759
DICPCG:  Solving for p, Initial residual = 0.00014563565, Final residual = 1.289302e-06, No Iterations 771
time step continuity errors : sum local = 1.0910027e-08, global = -1.7897228e-13, cumulative = -3.4266893e-07
ExecutionTime = 90.84 s  ClockTime = 91 s

Time = 42

smoothSolver:  Solving for Ux, Initial residual = 6.2705535e-05, Final residual = 4.7260313e-09, No Iterations 2
smoothSolver:  Solving for Uy, Initial residual = 3.228873e-05, Final residual = 1.708843e-09, No Iterations 2
DICPCG:  Solving for p, Initial residual = 0.0090936628, Final residual = 8.7288109e-05, No Iterations 107
DICPCG:  Solving for p, Initial residual = 0.0037386926, Final residual = 3.6024439e-05, No Iterations 267
DICPCG:  Solving for p, Initial residual = 0.00056551659, Final residual = 5.4065721e-06, No Iterations 762
DICPCG:  Solving for p, Initial residual = 0.00017378271, Final residual = 1.6523369e-06, No Iterations 765
time step continuity errors : sum local = 1.3921493e-08, global = 2.3834444e-13, cumulative = -3.426687e-07
ExecutionTime = 92.82 s  ClockTime = 93 s

Time = 43

smoothSolver:  Solving for Ux, Initial residual = 5.0189393e-05, Final residual = 3.2230034e-09, No Iterations 2
smoothSolver:  Solving for Uy, Initial residual = 2.6214401e-05, Final residual = 8.5586268e-09, No Iterations 1
DICPCG:  Solving for p, Initial residual = 0.007398662, Final residual = 7.3253289e-05, No Iterations 333
DICPCG:  Solving for p, Initial residual = 0.0040166122, Final residual = 3.7008917e-05, No Iterations 13
DICPCG:  Solving for p, Initial residual = 0.00037184471, Final residual = 3.671454e-06, No Iterations 766
DICPCG:  Solving for p, Initial residual = 0.00019679027, Final residual = 1.7574724e-06, No Iterations 285
time step continuity errors : sum local = 1.4719144e-08, global = 6.3178264e-10, cumulative = -3.4203691e-07
ExecutionTime = 94 s  ClockTime = 94 s

Time = 44

smoothSolver:  Solving for Ux, Initial residual = 3.8422595e-05, Final residual = 2.6502265e-09, No Iterations 2
smoothSolver:  Solving for Uy, Initial residual = 2.142324e-05, Final residual = 7.8853044e-09, No Iterations 1
DICPCG:  Solving for p, Initial residual = 0.0060490328, Final residual = 5.9566147e-05, No Iterations 336
DICPCG:  Solving for p, Initial residual = 0.0029507684, Final residual = 2.8659325e-05, No Iterations 12
DICPCG:  Solving for p, Initial residual = 0.00028655782, Final residual = 2.7438972e-06, No Iterations 756
DICPCG:  Solving for p, Initial residual = 0.00018206435, Final residual = 1.6485638e-06, No Iterations 762
time step continuity errors : sum local = 1.3905656e-08, global = 2.7090922e-13, cumulative = -3.4203664e-07
ExecutionTime = 95.61 s  ClockTime = 95 s

Time = 45

smoothSolver:  Solving for Ux, Initial residual = 3.0642633e-05, Final residual = 2.9434159e-09, No Iterations 2
smoothSolver:  Solving for Uy, Initial residual = 1.78248e-05, Final residual = 7.9404725e-09, No Iterations 1
DICPCG:  Solving for p, Initial residual = 0.0060505915, Final residual = 5.8558985e-05, No Iterations 101
DICPCG:  Solving for p, Initial residual = 0.001552194, Final residual = 1.4567468e-05, No Iterations 26
DICPCG:  Solving for p, Initial residual = 0.00019295373, Final residual = 1.8187318e-06, No Iterations 761
DICPCG:  Solving for p, Initial residual = 0.00013810435, Final residual = 1.2090006e-06, No Iterations 770
time step continuity errors : sum local = 1.0254787e-08, global = 4.3942027e-13, cumulative = -3.420362e-07
ExecutionTime = 97 s  ClockTime = 97 s

Time = 46

smoothSolver:  Solving for Ux, Initial residual = 2.6161241e-05, Final residual = 3.0824564e-09, No Iterations 2
smoothSolver:  Solving for Uy, Initial residual = 1.433075e-05, Final residual = 7.6792778e-09, No Iterations 1
DICPCG:  Solving for p, Initial residual = 0.0065133009, Final residual = 6.2391157e-05, No Iterations 101
DICPCG:  Solving for p, Initial residual = 0.00150833, Final residual = 1.4802073e-05, No Iterations 25
DICPCG:  Solving for p, Initial residual = 0.00018279741, Final residual = 1.6719411e-06, No Iterations 742
DICPCG:  Solving for p, Initial residual = 0.00012998006, Final residual = 1.2521503e-06, No Iterations 770
time step continuity errors : sum local = 1.0620326e-08, global = 2.7639106e-13, cumulative = -3.4203593e-07
ExecutionTime = 98.36 s  ClockTime = 98 s

Time = 47

smoothSolver:  Solving for Ux, Initial residual = 2.2343354e-05, Final residual = 2.6449094e-09, No Iterations 2
smoothSolver:  Solving for Uy, Initial residual = 1.2368226e-05, Final residual = 6.9722922e-09, No Iterations 1
DICPCG:  Solving for p, Initial residual = 0.0062641914, Final residual = 6.2097981e-05, No Iterations 105
DICPCG:  Solving for p, Initial residual = 0.0022874827, Final residual = 2.2385536e-05, No Iterations 245
DICPCG:  Solving for p, Initial residual = 0.0003374148, Final residual = 3.0788435e-06, No Iterations 307
DICPCG:  Solving for p, Initial residual = 0.00010046707, Final residual = 9.8874896e-07, No Iterations 756
time step continuity errors : sum local = 8.4331593e-09, global = 6.0405809e-13, cumulative = -3.4203532e-07
ExecutionTime = 99.6 s  ClockTime = 99 s

Time = 48

smoothSolver:  Solving for Ux, Initial residual = 1.6586539e-05, Final residual = 2.21163e-09, No Iterations 2
smoothSolver:  Solving for Uy, Initial residual = 1.1305708e-05, Final residual = 6.2027342e-09, No Iterations 1
DICPCG:  Solving for p, Initial residual = 0.0051634038, Final residual = 4.8635217e-05, No Iterations 108
DICPCG:  Solving for p, Initial residual = 0.0023089772, Final residual = 2.1852527e-05, No Iterations 246
DICPCG:  Solving for p, Initial residual = 0.00032965365, Final residual = 3.037081e-06, No Iterations 759
DICPCG:  Solving for p, Initial residual = 0.00010556341, Final residual = 9.7880715e-07, No Iterations 22
time step continuity errors : sum local = 8.1837795e-09, global = 6.8877859e-10, cumulative = -3.4134654e-07
ExecutionTime = 100.88 s  ClockTime = 101 s

Time = 49

smoothSolver:  Solving for Ux, Initial residual = 1.4498564e-05, Final residual = 2.3400782e-09, No Iterations 2
smoothSolver:  Solving for Uy, Initial residual = 1.0018371e-05, Final residual = 5.8892388e-09, No Iterations 1
DICPCG:  Solving for p, Initial residual = 0.0044463469, Final residual = 4.3626829e-05, No Iterations 103
DICPCG:  Solving for p, Initial residual = 0.0016609533, Final residual = 1.6087104e-05, No Iterations 19
DICPCG:  Solving for p, Initial residual = 0.00017216081, Final residual = 1.6817264e-06, No Iterations 756
DICPCG:  Solving for p, Initial residual = 0.0001217054, Final residual = 1.1697392e-06, No Iterations 238
time step continuity errors : sum local = 9.8433536e-09, global = -3.4296887e-10, cumulative = -3.4168951e-07
ExecutionTime = 102.44 s  ClockTime = 102 s

Time = 50

smoothSolver:  Solving for Ux, Initial residual = 1.428693e-05, Final residual = 2.4989146e-09, No Iterations 2
smoothSolver:  Solving for Uy, Initial residual = 8.4171515e-06, Final residual = 5.9958799e-09, No Iterations 1
DICPCG:  Solving for p, Initial residual = 0.0045739106, Final residual = 4.5560426e-05, No Iterations 89
DICPCG:  Solving for p, Initial residual = 0.0010145098, Final residual = 1.000035e-05, No Iterations 33
DICPCG:  Solving for p, Initial residual = 0.00013199801, Final residual = 1.1903743e-06, No Iterations 759
DICPCG:  Solving for p, Initial residual = 7.5303261e-05, Final residual = 7.3917934e-07, No Iterations 28
time step continuity errors : sum local = 6.1865868e-09, global = -9.4574363e-10, cumulative = -3.4263526e-07
ExecutionTime = 103.33 s  ClockTime = 103 s

surfaceFieldValue flowRateTM write:
    sum(outlet_tm) of phi = 2.5076337e-11

surfaceFieldValue flowRateTM_left write:
    sum(outlet_tm_left) of phi = 2.4923524e-11

surfaceFieldValue pressureACinlet write:
    areaAverage(ac_inlet) of p = 3.0745085

Time = 51

smoothSolver:  Solving for Ux, Initial residual = 1.2127863e-05, Final residual = 2.4438447e-09, No Iterations 2
smoothSolver:  Solving for Uy, Initial residual = 6.5932848e-06, Final residual = 5.8249692e-09, No Iterations 1
DICPCG:  Solving for p, Initial residual = 0.0046198785, Final residual = 4.4688041e-05, No Iterations 99
DICPCG:  Solving for p, Initial residual = 0.0011571519, Final residual = 1.0715907e-05, No Iterations 31
DICPCG:  Solving for p, Initial residual = 0.00013836933, Final residual = 1.2153938e-06, No Iterations 756
DICPCG:  Solving for p, Initial residual = 0.00010759882, Final residual = 1.0581015e-06, No Iterations 309
time step continuity errors : sum local = 8.9210077e-09, global = -1.1288954e-09, cumulative = -3.4376415e-07
ExecutionTime = 104.31 s  ClockTime = 104 s

Time = 52

smoothSolver:  Solving for Ux, Initial residual = 1.0230164e-05, Final residual = 2.2715482e-09, No Iterations 2
smoothSolver:  Solving for Uy, Initial residual = 4.7604925e-06, Final residual = 5.5862371e-09, No Iterations 1
DICPCG:  Solving for p, Initial residual = 0.0040954625, Final residual = 4.0022082e-05, No Iterations 103
DICPCG:  Solving for p, Initial residual = 0.001318581, Final residual = 1.3073783e-05, No Iterations 24
DICPCG:  Solving for p, Initial residual = 0.00013884938, Final residual = 1.3312663e-06, No Iterations 758
DICPCG:  Solving for p, Initial residual = 0.00011018456, Final residual = 1.0225317e-06, No Iterations 312
time step continuity errors : sum local = 8.6293356e-09, global = -9.9504442e-10, cumulative = -3.447592e-07
ExecutionTime = 105.45 s  ClockTime = 105 s

Time = 53

smoothSolver:  Solving for Ux, Initial residual = 8.847846e-06, Final residual = 2.1199652e-09, No Iterations 2
smoothSolver:  Solving for Uy, Initial residual = 3.8247313e-06, Final residual = 5.5628633e-09, No Iterations 1
DICPCG:  Solving for p, Initial residual = 0.0034871255, Final residual = 3.3413323e-05, No Iterations 102
DICPCG:  Solving for p, Initial residual = 0.0010723847, Final residual = 1.0192761e-05, No Iterations 22
DICPCG:  Solving for p, Initial residual = 0.00011276735, Final residual = 1.1072939e-06, No Iterations 307
DICPCG:  Solving for p, Initial residual = 7.8311647e-05, Final residual = 7.7043019e-07, No Iterations 766
time step continuity errors : sum local = 6.6023435e-09, global = 1.6929292e-13, cumulative = -3.4475903e-07
ExecutionTime = 106.56 s  ClockTime = 106 s

Time = 54

smoothSolver:  Solving for Ux, Initial residual = 7.3297801e-06, Final residual = 2.0263093e-09, No Iterations 2
smoothSolver:  Solving for Uy, Initial residual = 3.7381514e-06, Final residual = 5.7073039e-09, No Iterations 1
DICPCG:  Solving for p, Initial residual = 0.0033540735, Final residual = 3.3365367e-05, No Iterations 93
DICPCG:  Solving for p, Initial residual = 0.00074000662, Final residual = 7.3773754e-06, No Iterations 29
DICPCG:  Solving for p, Initial residual = 9.3068519e-05, Final residual = 9.2547336e-07, No Iterations 277
DICPCG:  Solving for p, Initial residual = 4.7507304e-05, Final residual = 4.5549374e-07, No Iterations 753
time step continuity errors : sum local = 4.008071e-09, global = -2.1224453e-13, cumulative = -3.4475924e-07
ExecutionTime = 107.56 s  ClockTime = 107 s

Time = 55

smoothSolver:  Solving for Ux, Initial residual = 6.1827605e-06, Final residual = 1.9689616e-09, No Iterations 2
smoothSolver:  Solving for Uy, Initial residual = 3.232562e-06, Final residual = 5.7337434e-09, No Iterations 1
DICPCG:  Solving for p, Initial residual = 0.0034130472, Final residual = 3.1843404e-05, No Iterations 55
DICPCG:  Solving for p, Initial residual = 0.00065151698, Final residual = 6.4967035e-06, No Iterations 85
DICPCG:  Solving for p, Initial residual = 9.5849747e-05, Final residual = 8.8631308e-07, No Iterations 753
DICPCG:  Solving for p, Initial residual = 5.1193834e-05, Final residual = 5.051207e-07, No Iterations 248
time step continuity errors : sum local = 4.3128211e-09, global = 8.4105576e-11, cumulative = -3.4467513e-07
ExecutionTime = 108.82 s  ClockTime = 109 s

Time = 56

smoothSolver:  Solving for Ux, Initial residual = 5.2757492e-06, Final residual = 1.9036591e-09, No Iterations 2
smoothSolver:  Solving for Uy, Initial residual = 2.6357983e-06, Final residual = 5.5743458e-09, No Iterations 1
DICPCG:  Solving for p, Initial residual = 0.0032244997, Final residual = 3.0760819e-05, No Iterations 98
DICPCG:  Solving for p, Initial residual = 0.00076063766, Final residual = 6.9078888e-06, No Iterations 24
DICPCG:  Solving for p, Initial residual = 9.1703711e-05, Final residual = 8.3698848e-07, No Iterations 755
DICPCG:  Solving for p, Initial residual = 5.6725841e-05, Final residual = 5.5299736e-07, No Iterations 245
time step continuity errors : sum local = 4.7171496e-09, global = 3.1590734e-10, cumulative = -3.4435923e-07
ExecutionTime = 110.35 s  ClockTime = 110 s

Time = 57

smoothSolver:  Solving for Ux, Initial residual = 4.4029177e-06, Final residual = 1.8600523e-09, No Iterations 2
smoothSolver:  Solving for Uy, Initial residual = 2.0206067e-06, Final residual = 5.2692019e-09, No Iterations 1
DICPCG:  Solving for p, Initial residual = 0.0028317948, Final residual = 2.6036206e-05, No Iterations 99
DICPCG:  Solving for p, Initial residual = 0.00071393282, Final residual = 7.0679045e-06, No Iterations 17
DICPCG:  Solving for p, Initial residual = 8.8500568e-05, Final residual = 8.6990822e-07, No Iterations 757
DICPCG:  Solving for p, Initial residual = 5.1838579e-05, Final residual = 4.9892377e-07, No Iterations 308
time step continuity errors : sum local = 4.2778699e-09, global = 4.010326e-10, cumulative = -3.4395819e-07
ExecutionTime = 113.97 s  ClockTime = 114 s

Time = 58

smoothSolver:  Solving for Ux, Initial residual = 3.2222754e-06, Final residual = 1.8395336e-09, No Iterations 2
smoothSolver:  Solving for Uy, Initial residual = 1.4108537e-06, Final residual = 4.9444293e-09, No Iterations 1
DICPCG:  Solving for p, Initial residual = 0.0025858914, Final residual = 2.5532743e-05, No Iterations 92
DICPCG:  Solving for p, Initial residual = 0.00053656005, Final residual = 5.1727666e-06, No Iterations 27
DICPCG:  Solving for p, Initial residual = 7.3654398e-05, Final residual = 7.2685232e-07, No Iterations 757
DICPCG:  Solving for p, Initial residual = 3.8067329e-05, Final residual = 3.6921569e-07, No Iterations 26
time step continuity errors : sum local = 3.110495e-09, global = 3.5134048e-10, cumulative = -3.4360685e-07
ExecutionTime = 116.42 s  ClockTime = 116 s

Time = 59

smoothSolver:  Solving for Ux, Initial residual = 2.279049e-06, Final residual = 1.8243877e-09, No Iterations 2
smoothSolver:  Solving for Uy, Initial residual = 1.0852894e-06, Final residual = 4.6895718e-09, No Iterations 1
DICPCG:  Solving for p, Initial residual = 0.0025092884, Final residual = 2.505664e-05, No Iterations 87
DICPCG:  Solving for p, Initial residual = 0.00045163537, Final residual = 4.4350488e-06, No Iterations 273
DICPCG:  Solving for p, Initial residual = 7.9208054e-05, Final residual = 7.5726522e-07, No Iterations 312
DICPCG:  Solving for p, Initial residual = 3.1821803e-05, Final residual = 3.1598209e-07, No Iterations 747
time step continuity errors : sum local = 2.8782304e-09, global = -6.182952e-13, cumulative = -3.4360747e-07
ExecutionTime = 119.47 s  ClockTime = 119 s

Time = 60

smoothSolver:  Solving for Ux, Initial residual = 1.9900308e-06, Final residual = 1.808994e-09, No Iterations 2
smoothSolver:  Solving for Uy, Initial residual = 1.0268181e-06, Final residual = 4.536267e-09, No Iterations 1
DICPCG:  Solving for p, Initial residual = 0.0023934903, Final residual = 2.2648998e-05, No Iterations 96
DICPCG:  Solving for p, Initial residual = 0.00045219154, Final residual = 4.4527141e-06, No Iterations 26
DICPCG:  Solving for p, Initial residual = 6.0946281e-05, Final residual = 5.9417627e-07, No Iterations 306
DICPCG:  Solving for p, Initial residual = 3.9929753e-05, Final residual = 3.9841307e-07, No Iterations 288
time step continuity errors : sum local = 3.4449637e-09, global = 2.6155939e-10, cumulative = -3.4334591e-07
ExecutionTime = 120.96 s  ClockTime = 121 s

surfaceFieldValue flowRateTM write:
    sum(outlet_tm) of phi = 2.5076287e-11

surfaceFieldValue flowRateTM_left write:
    sum(outlet_tm_left) of phi = 2.4923751e-11

surfaceFieldValue pressureACinlet write:
    areaAverage(ac_inlet) of p = 3.0745028

Time = 61

smoothSolver:  Solving for Ux, Initial residual = 1.7126304e-06, Final residual = 1.7823099e-09, No Iterations 2
smoothSolver:  Solving for Uy, Initial residual = 9.0131829e-07, Final residual = 4.5065806e-09, No Iterations 1
DICPCG:  Solving for p, Initial residual = 0.0022069155, Final residual = 2.0150137e-05, No Iterations 96
DICPCG:  Solving for p, Initial residual = 0.00044161592, Final residual = 4.080268e-06, No Iterations 24
DICPCG:  Solving for p, Initial residual = 5.8177311e-05, Final residual = 5.5406741e-07, No Iterations 755
DICPCG:  Solving for p, Initial residual = 3.5547521e-05, Final residual = 3.4657395e-07, No Iterations 260
time step continuity errors : sum local = 3.0061988e-09, global = -7.1263942e-11, cumulative = -3.4341718e-07
ExecutionTime = 122.44 s  ClockTime = 122 s

Time = 62

smoothSolver:  Solving for Ux, Initial residual = 1.4169369e-06, Final residual = 1.7436695e-09, No Iterations 2
smoothSolver:  Solving for Uy, Initial residual = 7.9526965e-07, Final residual = 4.5480004e-09, No Iterations 1
DICPCG:  Solving for p, Initial residual = 0.0020533088, Final residual = 1.9965423e-05, No Iterations 91
DICPCG:  Solving for p, Initial residual = 0.00037620861, Final residual = 3.4715023e-06, No Iterations 26
DICPCG:  Solving for p, Initial residual = 5.5700636e-05, Final residual = 5.4137863e-07, No Iterations 755
DICPCG:  Solving for p, Initial residual = 2.9765681e-05, Final residual = 2.8707827e-07, No Iterations 28
time step continuity errors : sum local = 2.4307243e-09, global = -1.3512115e-10, cumulative = -3.435523e-07
ExecutionTime = 123.34 s  ClockTime = 123 s

Time = 63

smoothSolver:  Solving for Ux, Initial residual = 1.2176322e-06, Final residual = 1.6996793e-09, No Iterations 2
smoothSolver:  Solving for Uy, Initial residual = 6.7252468e-07, Final residual = 4.5871589e-09, No Iterations 1
DICPCG:  Solving for p, Initial residual = 0.0019805786, Final residual = 1.9301443e-05, No Iterations 88
DICPCG:  Solving for p, Initial residual = 0.00031925487, Final residual = 3.0935949e-06, No Iterations 35
DICPCG:  Solving for p, Initial residual = 5.4636323e-05, Final residual = 5.2406896e-07, No Iterations 741
DICPCG:  Solving for p, Initial residual = 2.8418516e-05, Final residual = 2.8245315e-07, No Iterations 34
time step continuity errors : sum local = 2.395454e-09, global = -1.3690885e-10, cumulative = -3.4368921e-07
ExecutionTime = 124.17 s  ClockTime = 124 s

Time = 64

smoothSolver:  Solving for Ux, Initial residual = 1.0946713e-06, Final residual = 1.6573997e-09, No Iterations 2
smoothSolver:  Solving for Uy, Initial residual = 5.6628989e-07, Final residual = 4.5650327e-09, No Iterations 1
DICPCG:  Solving for p, Initial residual = 0.0018997539, Final residual = 1.8908749e-05, No Iterations 49
DICPCG:  Solving for p, Initial residual = 0.00027936623, Final residual = 2.7436043e-06, No Iterations 77
DICPCG:  Solving for p, Initial residual = 5.222939e-05, Final residual = 5.0706234e-07, No Iterations 293
DICPCG:  Solving for p, Initial residual = 2.6546959e-05, Final residual = 2.5996923e-07, No Iterations 315
time step continuity errors : sum local = 2.3096914e-09, global = 3.0449167e-10, cumulative = -3.4338472e-07
ExecutionTime = 124.9 s  ClockTime = 125 s

Time = 65

smoothSolver:  Solving for Ux, Initial residual = 8.5311286e-07, Final residual = 1.6220455e-09, No Iterations 2
smoothSolver:  Solving for Uy, Initial residual = 4.7452031e-07, Final residual = 4.4720885e-09, No Iterations 1
DICPCG:  Solving for p, Initial residual = 0.0017907092, Final residual = 1.7439149e-05, No Iterations 85
DICPCG:  Solving for p, Initial residual = 0.00025214119, Final residual = 2.4965912e-06, No Iterations 40
DICPCG:  Solving for p, Initial residual = 4.5735358e-05, Final residual = 4.5386812e-07, No Iterations 301
DICPCG:  Solving for p, Initial residual = 2.3454832e-05, Final residual = 2.2060026e-07, No Iterations 38
time step continuity errors : sum local = 1.883411e-09, global = -2.4963913e-11, cumulative = -3.4340968e-07
ExecutionTime = 125.52 s  ClockTime = 125 s

Time = 66

smoothSolver:  Solving for Ux, Initial residual = 6.7201384e-07, Final residual = 9.8935856e-09, No Iterations 1
smoothSolver:  Solving for Uy, Initial residual = 3.886709e-07, Final residual = 4.3387671e-09, No Iterations 1
DICPCG:  Solving for p, Initial residual = 0.0016842626, Final residual = 1.555835e-05, No Iterations 86
DICPCG:  Solving for p, Initial residual = 0.00023899196, Final residual = 2.3863725e-06, No Iterations 29
