 Container myopenfoam-fsi-run-dccda76870c4 Creating 
 Container myopenfoam-fsi-run-dccda76870c4 Created 
=== doc-g1-sim1 (AC / vitreous / TM) MESH_LEVEL=M1 ===
=== gmshToFoam ===
/*---------------------------------------------------------------------------*\
| =========                 |                                                 |
| \\      /  F ield         | OpenFOAM: The Open Source CFD Toolbox           |
|  \\    /   O peration     | Version:  2512                                  |
|   \\  /    A nd           | Website:  www.openfoam.com                      |
|    \\/     M anipulation  |                                                 |
\*---------------------------------------------------------------------------*/
Build  : _bd2b6720-20260127 OPENFOAM=2512 version=2512
Arch   : "LSB;label=32;scalar=64"
Exec   : gmshToFoam eye_g1_lamminsalo.msh
Date   : Jul 16 2026
Time   : 01:31:41
Host   : 6f92eaaea4fe
PID    : 228
I/O    : uncollated
Case   : /simulation/doc-g1-sim1/fluid
nProcs : 1
trapFpe: Floating point exception trapping enabled (FOAM_SIGFPE).
memory pool : not available
fileModificationChecking : Monitoring run-time modified files using timeStampMaster (fileModificationSkew 5, maxFileModificationPolls 20)
allowSystemOperations : Allowing user-supplied system call operations

// * * * * * * * * * * * * * * * * * * * * * * * * * * * * * * * * * * * * * //
Create time

Starting to read mesh format at line 2
Read format version 2.2  ascii 0

Starting to read physical names at line 5
Physical names:8
    Surface 2	ac_inlet
    Surface 3	ac_inlet_left
    Surface 4	outlet_tm
    Surface 5	outlet_tm_left
    Surface 6	lens_wall
    Surface 7	iris_wall
    Surface 8	wall
    Volume 1	fluid

Starting to read points at line 16
Vertices to be read: 42364
Vertices read:42364

Starting to read cells at line 42383
Cells to be read: 42364

Mapping region 8 to Foam patch 0
Mapping region 7 to Foam patch 1
Mapping region 4 to Foam patch 2
Mapping region 6 to Foam patch 3
Mapping region 2 to Foam patch 4
Mapping region 3 to Foam patch 5
Mapping region 5 to Foam patch 6
Mapping region 1 to Foam cellZone 0
Cells:
    total:41242
    hex  :0
    prism:41242
    pyr  :0
    tet  :0

CellZones:
Zone	Size
    0	41242

Patch 0 gets name wall
Patch 1 gets name iris_wall
Patch 2 gets name outlet_tm
Patch 3 gets name lens_wall
Patch 4 gets name ac_inlet
Patch 5 gets name ac_inlet_left
Patch 6 gets name outlet_tm_left

--> FOAM Warning : 
    From Foam::polyMesh::polyMesh(const Foam::IOobject&, Foam::pointField&&, const Foam::cellShapeList&, const Foam::faceListList&, const Foam::wordList&, const Foam::wordList&, const Foam::word&, const Foam::word&, const Foam::wordList&, bool)
    in file meshes/polyMesh/polyMeshFromShapeMesh.C at line 635
    Found 83606 undefined faces in mesh; adding to default patch defaultFaces
Finding faces of patch 0
Finding faces of patch 1
Finding faces of patch 2
Finding faces of patch 3
Finding faces of patch 4
Finding faces of patch 5
Finding faces of patch 6

FaceZones:
Zone	Size

Writing zone 0 to cellZone fluid and cellSet
End

=== topoSet zones (TM + vitreous) ===
/*---------------------------------------------------------------------------*\
| =========                 |                                                 |
| \\      /  F ield         | OpenFOAM: The Open Source CFD Toolbox           |
|  \\    /   O peration     | Version:  2512                                  |
|   \\  /    A nd           | Website:  www.openfoam.com                      |
|    \\/     M anipulation  |                                                 |
\*---------------------------------------------------------------------------*/
Build  : _bd2b6720-20260127 OPENFOAM=2512 version=2512
Arch   : "LSB;label=32;scalar=64"
Exec   : topoSet -dict system/topoSetDict.anatomical -constant
Date   : Jul 16 2026
Time   : 01:31:42
Host   : 6f92eaaea4fe
PID    : 232
I/O    : uncollated
Case   : /simulation/doc-g1-sim1/fluid
nProcs : 1
trapFpe: Floating point exception trapping enabled (FOAM_SIGFPE).
memory pool : not available
fileModificationChecking : Monitoring run-time modified files using timeStampMaster (fileModificationSkew 5, maxFileModificationPolls 20)
allowSystemOperations : Allowing user-supplied system call operations

// * * * * * * * * * * * * * * * * * * * * * * * * * * * * * * * * * * * * * //
Create time

Create polyMesh for time = constant

Reading topoSetDict.anatomical

Time = constant
    mesh not changed.
Created cellSet tm_zone
    Applying source boxToCell
    Adding cells with centre within boxes 1((0.00645 -0.005 -1e-05) (0.00718 -0.00424 0.001001))
    cellSet tm_zone now size 69
Created cellZoneSet tm_zone
    Applying source setToCellZone
    Adding all cells from cell set: tm_zone ...
    cellZoneSet tm_zone now size 69
Created cellSet tm_zone_left
    Applying source boxToCell
    Adding cells with centre within boxes 1((-0.00718 -0.005 -1e-05) (-0.00645 -0.00424 0.001001))
    cellSet tm_zone_left now size 67
Created cellZoneSet tm_zone_left
    Applying source setToCellZone
    Adding all cells from cell set: tm_zone_left ...
    cellZoneSet tm_zone_left now size 67
Created cellSet vitreous_zone
    Applying source boxToCell
    Adding cells with centre within boxes 1((-0.008 -0.0015 -1e-05) (0.008 0.0074 0.001001))
    cellSet vitreous_zone now size 19682
Read set cellSet vitreous_zone size:19682
    Applying source boxToCell
    Removing cells with centre within boxes 1((0.00645 -0.005 -1e-05) (0.00718 -0.00424 0.001001))
    cellSet vitreous_zone now size 19682
Read set cellSet vitreous_zone size:19682
    Applying source boxToCell
    Removing cells with centre within boxes 1((-0.00718 -0.005 -1e-05) (-0.00645 -0.00424 0.001001))
    cellSet vitreous_zone now size 19682
Created cellZoneSet vitreous_zone
    Applying source setToCellZone
    Adding all cells from cell set: vitreous_zone ...
    cellZoneSet vitreous_zone now size 19682
Time = 0
    mesh not changed.
Created cellSet tm_zone
    Applying source boxToCell
    Adding cells with centre within boxes 1((0.00645 -0.005 -1e-05) (0.00718 -0.00424 0.001001))
    cellSet tm_zone now size 69
Created cellZoneSet tm_zone
    Applying source setToCellZone
    Adding all cells from cell set: tm_zone ...
    cellZoneSet tm_zone now size 69
Created cellSet tm_zone_left
    Applying source boxToCell
    Adding cells with centre within boxes 1((-0.00718 -0.005 -1e-05) (-0.00645 -0.00424 0.001001))
    cellSet tm_zone_left now size 67
Created cellZoneSet tm_zone_left
    Applying source setToCellZone
    Adding all cells from cell set: tm_zone_left ...
    cellZoneSet tm_zone_left now size 67
Created cellSet vitreous_zone
    Applying source boxToCell
    Adding cells with centre within boxes 1((-0.008 -0.0015 -1e-05) (0.008 0.0074 0.001001))
    cellSet vitreous_zone now size 19682
Read set cellSet vitreous_zone size:19682
    Applying source boxToCell
    Removing cells with centre within boxes 1((0.00645 -0.005 -1e-05) (0.00718 -0.00424 0.001001))
    cellSet vitreous_zone now size 19682
Read set cellSet vitreous_zone size:19682
    Applying source boxToCell
    Removing cells with centre within boxes 1((-0.00718 -0.005 -1e-05) (-0.00645 -0.00424 0.001001))
    cellSet vitreous_zone now size 19682
Created cellZoneSet vitreous_zone
    Applying source setToCellZone
    Adding all cells from cell set: vitreous_zone ...
    cellZoneSet vitreous_zone now size 19682
Time = 48
    mesh not changed.
Created cellSet tm_zone
    Applying source boxToCell
    Adding cells with centre within boxes 1((0.00645 -0.005 -1e-05) (0.00718 -0.00424 0.001001))
    cellSet tm_zone now size 69
Created cellZoneSet tm_zone
    Applying source setToCellZone
    Adding all cells from cell set: tm_zone ...
    cellZoneSet tm_zone now size 69
Created cellSet tm_zone_left
    Applying source boxToCell
    Adding cells with centre within boxes 1((-0.00718 -0.005 -1e-05) (-0.00645 -0.00424 0.001001))
    cellSet tm_zone_left now size 67
Created cellZoneSet tm_zone_left
    Applying source setToCellZone
    Adding all cells from cell set: tm_zone_left ...
    cellZoneSet tm_zone_left now size 67
Created cellSet vitreous_zone
    Applying source boxToCell
    Adding cells with centre within boxes 1((-0.008 -0.0015 -1e-05) (0.008 0.0074 0.001001))
    cellSet vitreous_zone now size 19682
Read set cellSet vitreous_zone size:19682
    Applying source boxToCell
    Removing cells with centre within boxes 1((0.00645 -0.005 -1e-05) (0.00718 -0.00424 0.001001))
    cellSet vitreous_zone now size 19682
Read set cellSet vitreous_zone size:19682
    Applying source boxToCell
    Removing cells with centre within boxes 1((-0.00718 -0.005 -1e-05) (-0.00645 -0.00424 0.001001))
    cellSet vitreous_zone now size 19682
Created cellZoneSet vitreous_zone
    Applying source setToCellZone
    Adding all cells from cell set: vitreous_zone ...
    cellZoneSet vitreous_zone now size 19682
Time = 50
    mesh not changed.
Created cellSet tm_zone
    Applying source boxToCell
    Adding cells with centre within boxes 1((0.00645 -0.005 -1e-05) (0.00718 -0.00424 0.001001))
    cellSet tm_zone now size 69
Created cellZoneSet tm_zone
    Applying source setToCellZone
    Adding all cells from cell set: tm_zone ...
    cellZoneSet tm_zone now size 69
Created cellSet tm_zone_left
    Applying source boxToCell
    Adding cells with centre within boxes 1((-0.00718 -0.005 -1e-05) (-0.00645 -0.00424 0.001001))
    cellSet tm_zone_left now size 67
Created cellZoneSet tm_zone_left
    Applying source setToCellZone
    Adding all cells from cell set: tm_zone_left ...
    cellZoneSet tm_zone_left now size 67
Created cellSet vitreous_zone
    Applying source boxToCell
    Adding cells with centre within boxes 1((-0.008 -0.0015 -1e-05) (0.008 0.0074 0.001001))
    cellSet vitreous_zone now size 19682
Read set cellSet vitreous_zone size:19682
    Applying source boxToCell
    Removing cells with centre within boxes 1((0.00645 -0.005 -1e-05) (0.00718 -0.00424 0.001001))
    cellSet vitreous_zone now size 19682
Read set cellSet vitreous_zone size:19682
    Applying source boxToCell
    Removing cells with centre within boxes 1((-0.00718 -0.005 -1e-05) (-0.00645 -0.00424 0.001001))
    cellSet vitreous_zone now size 19682
Created cellZoneSet vitreous_zone
    Applying source setToCellZone
    Adding all cells from cell set: vitreous_zone ...
    cellZoneSet vitreous_zone now size 19682
Time = 76
    mesh not changed.
Created cellSet tm_zone
    Applying source boxToCell
    Adding cells with centre within boxes 1((0.00645 -0.005 -1e-05) (0.00718 -0.00424 0.001001))
    cellSet tm_zone now size 69
Created cellZoneSet tm_zone
    Applying source setToCellZone
    Adding all cells from cell set: tm_zone ...
    cellZoneSet tm_zone now size 69
Created cellSet tm_zone_left
    Applying source boxToCell
    Adding cells with centre within boxes 1((-0.00718 -0.005 -1e-05) (-0.00645 -0.00424 0.001001))
    cellSet tm_zone_left now size 67
Created cellZoneSet tm_zone_left
    Applying source setToCellZone
    Adding all cells from cell set: tm_zone_left ...
    cellZoneSet tm_zone_left now size 67
Created cellSet vitreous_zone
    Applying source boxToCell
    Adding cells with centre within boxes 1((-0.008 -0.0015 -1e-05) (0.008 0.0074 0.001001))
    cellSet vitreous_zone now size 19682
Read set cellSet vitreous_zone size:19682
    Applying source boxToCell
    Removing cells with centre within boxes 1((0.00645 -0.005 -1e-05) (0.00718 -0.00424 0.001001))
    cellSet vitreous_zone now size 19682
Read set cellSet vitreous_zone size:19682
    Applying source boxToCell
    Removing cells with centre within boxes 1((-0.00718 -0.005 -1e-05) (-0.00645 -0.00424 0.001001))
    cellSet vitreous_zone now size 19682
Created cellZoneSet vitreous_zone
    Applying source setToCellZone
    Adding all cells from cell set: vitreous_zone ...
    cellZoneSet vitreous_zone now size 19682
Time = 90
    mesh not changed.
Created cellSet tm_zone
    Applying source boxToCell
    Adding cells with centre within boxes 1((0.00645 -0.005 -1e-05) (0.00718 -0.00424 0.001001))
    cellSet tm_zone now size 69
Created cellZoneSet tm_zone
    Applying source setToCellZone
    Adding all cells from cell set: tm_zone ...
    cellZoneSet tm_zone now size 69
Created cellSet tm_zone_left
    Applying source boxToCell
    Adding cells with centre within boxes 1((-0.00718 -0.005 -1e-05) (-0.00645 -0.00424 0.001001))
    cellSet tm_zone_left now size 67
Created cellZoneSet tm_zone_left
    Applying source setToCellZone
    Adding all cells from cell set: tm_zone_left ...
    cellZoneSet tm_zone_left now size 67
Created cellSet vitreous_zone
    Applying source boxToCell
    Adding cells with centre within boxes 1((-0.008 -0.0015 -1e-05) (0.008 0.0074 0.001001))
    cellSet vitreous_zone now size 19682
Read set cellSet vitreous_zone size:19682
    Applying source boxToCell
    Removing cells with centre within boxes 1((0.00645 -0.005 -1e-05) (0.00718 -0.00424 0.001001))
    cellSet vitreous_zone now size 19682
Read set cellSet vitreous_zone size:19682
    Applying source boxToCell
    Removing cells with centre within boxes 1((-0.00718 -0.005 -1e-05) (-0.00645 -0.00424 0.001001))
    cellSet vitreous_zone now size 19682
Created cellZoneSet vitreous_zone
    Applying source setToCellZone
    Adding all cells from cell set: vitreous_zone ...
    cellZoneSet vitreous_zone now size 19682
Time = 98
    mesh not changed.
Created cellSet tm_zone
    Applying source boxToCell
    Adding cells with centre within boxes 1((0.00645 -0.005 -1e-05) (0.00718 -0.00424 0.001001))
    cellSet tm_zone now size 69
Created cellZoneSet tm_zone
    Applying source setToCellZone
    Adding all cells from cell set: tm_zone ...
    cellZoneSet tm_zone now size 69
Created cellSet tm_zone_left
    Applying source boxToCell
    Adding cells with centre within boxes 1((-0.00718 -0.005 -1e-05) (-0.00645 -0.00424 0.001001))
    cellSet tm_zone_left now size 67
Created cellZoneSet tm_zone_left
    Applying source setToCellZone
    Adding all cells from cell set: tm_zone_left ...
    cellZoneSet tm_zone_left now size 67
Created cellSet vitreous_zone
    Applying source boxToCell
    Adding cells with centre within boxes 1((-0.008 -0.0015 -1e-05) (0.008 0.0074 0.001001))
    cellSet vitreous_zone now size 19682
Read set cellSet vitreous_zone size:19682
    Applying source boxToCell
    Removing cells with centre within boxes 1((0.00645 -0.005 -1e-05) (0.00718 -0.00424 0.001001))
    cellSet vitreous_zone now size 19682
Read set cellSet vitreous_zone size:19682
    Applying source boxToCell
    Removing cells with centre within boxes 1((-0.00718 -0.005 -1e-05) (-0.00645 -0.00424 0.001001))
    cellSet vitreous_zone now size 19682
Created cellZoneSet vitreous_zone
    Applying source setToCellZone
    Adding all cells from cell set: vitreous_zone ...
    cellZoneSet vitreous_zone now size 19682
Time = 100
    mesh not changed.
Created cellSet tm_zone
    Applying source boxToCell
    Adding cells with centre within boxes 1((0.00645 -0.005 -1e-05) (0.00718 -0.00424 0.001001))
    cellSet tm_zone now size 69
Created cellZoneSet tm_zone
    Applying source setToCellZone
    Adding all cells from cell set: tm_zone ...
    cellZoneSet tm_zone now size 69
Created cellSet tm_zone_left
    Applying source boxToCell
    Adding cells with centre within boxes 1((-0.00718 -0.005 -1e-05) (-0.00645 -0.00424 0.001001))
    cellSet tm_zone_left now size 67
Created cellZoneSet tm_zone_left
    Applying source setToCellZone
    Adding all cells from cell set: tm_zone_left ...
    cellZoneSet tm_zone_left now size 67
Created cellSet vitreous_zone
    Applying source boxToCell
    Adding cells with centre within boxes 1((-0.008 -0.0015 -1e-05) (0.008 0.0074 0.001001))
    cellSet vitreous_zone now size 19682
Read set cellSet vitreous_zone size:19682
    Applying source boxToCell
    Removing cells with centre within boxes 1((0.00645 -0.005 -1e-05) (0.00718 -0.00424 0.001001))
    cellSet vitreous_zone now size 19682
Read set cellSet vitreous_zone size:19682
    Applying source boxToCell
    Removing cells with centre within boxes 1((-0.00718 -0.005 -1e-05) (-0.00645 -0.00424 0.001001))
    cellSet vitreous_zone now size 19682
Created cellZoneSet vitreous_zone
    Applying source setToCellZone
    Adding all cells from cell set: vitreous_zone ...
    cellZoneSet vitreous_zone now size 19682
Time = 107
    mesh not changed.
Created cellSet tm_zone
    Applying source boxToCell
    Adding cells with centre within boxes 1((0.00645 -0.005 -1e-05) (0.00718 -0.00424 0.001001))
    cellSet tm_zone now size 69
Created cellZoneSet tm_zone
    Applying source setToCellZone
    Adding all cells from cell set: tm_zone ...
    cellZoneSet tm_zone now size 69
Created cellSet tm_zone_left
    Applying source boxToCell
    Adding cells with centre within boxes 1((-0.00718 -0.005 -1e-05) (-0.00645 -0.00424 0.001001))
    cellSet tm_zone_left now size 67
Created cellZoneSet tm_zone_left
    Applying source setToCellZone
    Adding all cells from cell set: tm_zone_left ...
    cellZoneSet tm_zone_left now size 67
Created cellSet vitreous_zone
    Applying source boxToCell
    Adding cells with centre within boxes 1((-0.008 -0.0015 -1e-05) (0.008 0.0074 0.001001))
    cellSet vitreous_zone now size 19682
Read set cellSet vitreous_zone size:19682
    Applying source boxToCell
    Removing cells with centre within boxes 1((0.00645 -0.005 -1e-05) (0.00718 -0.00424 0.001001))
    cellSet vitreous_zone now size 19682
Read set cellSet vitreous_zone size:19682
    Applying source boxToCell
    Removing cells with centre within boxes 1((-0.00718 -0.005 -1e-05) (-0.00645 -0.00424 0.001001))
    cellSet vitreous_zone now size 19682
Created cellZoneSet vitreous_zone
    Applying source setToCellZone
    Adding all cells from cell set: vitreous_zone ...
    cellZoneSet vitreous_zone now size 19682
Time = 150
    mesh not changed.
Created cellSet tm_zone
    Applying source boxToCell
    Adding cells with centre within boxes 1((0.00645 -0.005 -1e-05) (0.00718 -0.00424 0.001001))
    cellSet tm_zone now size 69
Created cellZoneSet tm_zone
    Applying source setToCellZone
    Adding all cells from cell set: tm_zone ...
    cellZoneSet tm_zone now size 69
Created cellSet tm_zone_left
    Applying source boxToCell
    Adding cells with centre within boxes 1((-0.00718 -0.005 -1e-05) (-0.00645 -0.00424 0.001001))
    cellSet tm_zone_left now size 67
Created cellZoneSet tm_zone_left
    Applying source setToCellZone
    Adding all cells from cell set: tm_zone_left ...
    cellZoneSet tm_zone_left now size 67
Created cellSet vitreous_zone
    Applying source boxToCell
    Adding cells with centre within boxes 1((-0.008 -0.0015 -1e-05) (0.008 0.0074 0.001001))
    cellSet vitreous_zone now size 19682
Read set cellSet vitreous_zone size:19682
    Applying source boxToCell
    Removing cells with centre within boxes 1((0.00645 -0.005 -1e-05) (0.00718 -0.00424 0.001001))
    cellSet vitreous_zone now size 19682
Read set cellSet vitreous_zone size:19682
    Applying source boxToCell
    Removing cells with centre within boxes 1((-0.00718 -0.005 -1e-05) (-0.00645 -0.00424 0.001001))
    cellSet vitreous_zone now size 19682
Created cellZoneSet vitreous_zone
    Applying source setToCellZone
    Adding all cells from cell set: vitreous_zone ...
    cellZoneSet vitreous_zone now size 19682
Time = 200
    mesh not changed.
Created cellSet tm_zone
    Applying source boxToCell
    Adding cells with centre within boxes 1((0.00645 -0.005 -1e-05) (0.00718 -0.00424 0.001001))
    cellSet tm_zone now size 69
Created cellZoneSet tm_zone
    Applying source setToCellZone
    Adding all cells from cell set: tm_zone ...
    cellZoneSet tm_zone now size 69
Created cellSet tm_zone_left
    Applying source boxToCell
    Adding cells with centre within boxes 1((-0.00718 -0.005 -1e-05) (-0.00645 -0.00424 0.001001))
    cellSet tm_zone_left now size 67
Created cellZoneSet tm_zone_left
    Applying source setToCellZone
    Adding all cells from cell set: tm_zone_left ...
    cellZoneSet tm_zone_left now size 67
Created cellSet vitreous_zone
    Applying source boxToCell
    Adding cells with centre within boxes 1((-0.008 -0.0015 -1e-05) (0.008 0.0074 0.001001))
    cellSet vitreous_zone now size 19682
Read set cellSet vitreous_zone size:19682
    Applying source boxToCell
    Removing cells with centre within boxes 1((0.00645 -0.005 -1e-05) (0.00718 -0.00424 0.001001))
    cellSet vitreous_zone now size 19682
Read set cellSet vitreous_zone size:19682
    Applying source boxToCell
    Removing cells with centre within boxes 1((-0.00718 -0.005 -1e-05) (-0.00645 -0.00424 0.001001))
    cellSet vitreous_zone now size 19682
Created cellZoneSet vitreous_zone
    Applying source setToCellZone
    Adding all cells from cell set: vitreous_zone ...
    cellZoneSet vitreous_zone now size 19682
Time = 242
    mesh not changed.
Created cellSet tm_zone
    Applying source boxToCell
    Adding cells with centre within boxes 1((0.00645 -0.005 -1e-05) (0.00718 -0.00424 0.001001))
    cellSet tm_zone now size 69
Created cellZoneSet tm_zone
    Applying source setToCellZone
    Adding all cells from cell set: tm_zone ...
    cellZoneSet tm_zone now size 69
Created cellSet tm_zone_left
    Applying source boxToCell
    Adding cells with centre within boxes 1((-0.00718 -0.005 -1e-05) (-0.00645 -0.00424 0.001001))
    cellSet tm_zone_left now size 67
Created cellZoneSet tm_zone_left
    Applying source setToCellZone
    Adding all cells from cell set: tm_zone_left ...
    cellZoneSet tm_zone_left now size 67
Created cellSet vitreous_zone
    Applying source boxToCell
    Adding cells with centre within boxes 1((-0.008 -0.0015 -1e-05) (0.008 0.0074 0.001001))
    cellSet vitreous_zone now size 19682
Read set cellSet vitreous_zone size:19682
    Applying source boxToCell
    Removing cells with centre within boxes 1((0.00645 -0.005 -1e-05) (0.00718 -0.00424 0.001001))
    cellSet vitreous_zone now size 19682
Read set cellSet vitreous_zone size:19682
    Applying source boxToCell
    Removing cells with centre within boxes 1((-0.00718 -0.005 -1e-05) (-0.00645 -0.00424 0.001001))
    cellSet vitreous_zone now size 19682
Created cellZoneSet vitreous_zone
    Applying source setToCellZone
    Adding all cells from cell set: vitreous_zone ...
    cellZoneSet vitreous_zone now size 19682
Time = 245
    mesh not changed.
Created cellSet tm_zone
    Applying source boxToCell
    Adding cells with centre within boxes 1((0.00645 -0.005 -1e-05) (0.00718 -0.00424 0.001001))
    cellSet tm_zone now size 69
Created cellZoneSet tm_zone
    Applying source setToCellZone
    Adding all cells from cell set: tm_zone ...
    cellZoneSet tm_zone now size 69
Created cellSet tm_zone_left
    Applying source boxToCell
    Adding cells with centre within boxes 1((-0.00718 -0.005 -1e-05) (-0.00645 -0.00424 0.001001))
    cellSet tm_zone_left now size 67
Created cellZoneSet tm_zone_left
    Applying source setToCellZone
    Adding all cells from cell set: tm_zone_left ...
    cellZoneSet tm_zone_left now size 67
Created cellSet vitreous_zone
    Applying source boxToCell
    Adding cells with centre within boxes 1((-0.008 -0.0015 -1e-05) (0.008 0.0074 0.001001))
    cellSet vitreous_zone now size 19682
Read set cellSet vitreous_zone size:19682
    Applying source boxToCell
    Removing cells with centre within boxes 1((0.00645 -0.005 -1e-05) (0.00718 -0.00424 0.001001))
    cellSet vitreous_zone now size 19682
Read set cellSet vitreous_zone size:19682
    Applying source boxToCell
    Removing cells with centre within boxes 1((-0.00718 -0.005 -1e-05) (-0.00645 -0.00424 0.001001))
    cellSet vitreous_zone now size 19682
Created cellZoneSet vitreous_zone
    Applying source setToCellZone
    Adding all cells from cell set: vitreous_zone ...
    cellZoneSet vitreous_zone now size 19682
Time = 250
    mesh not changed.
Created cellSet tm_zone
    Applying source boxToCell
    Adding cells with centre within boxes 1((0.00645 -0.005 -1e-05) (0.00718 -0.00424 0.001001))
    cellSet tm_zone now size 69
Created cellZoneSet tm_zone
    Applying source setToCellZone
    Adding all cells from cell set: tm_zone ...
    cellZoneSet tm_zone now size 69
Created cellSet tm_zone_left
    Applying source boxToCell
    Adding cells with centre within boxes 1((-0.00718 -0.005 -1e-05) (-0.00645 -0.00424 0.001001))
    cellSet tm_zone_left now size 67
Created cellZoneSet tm_zone_left
    Applying source setToCellZone
    Adding all cells from cell set: tm_zone_left ...
    cellZoneSet tm_zone_left now size 67
Created cellSet vitreous_zone
    Applying source boxToCell
    Adding cells with centre within boxes 1((-0.008 -0.0015 -1e-05) (0.008 0.0074 0.001001))
    cellSet vitreous_zone now size 19682
Read set cellSet vitreous_zone size:19682
    Applying source boxToCell
    Removing cells with centre within boxes 1((0.00645 -0.005 -1e-05) (0.00718 -0.00424 0.001001))
    cellSet vitreous_zone now size 19682
Read set cellSet vitreous_zone size:19682
    Applying source boxToCell
    Removing cells with centre within boxes 1((-0.00718 -0.005 -1e-05) (-0.00645 -0.00424 0.001001))
    cellSet vitreous_zone now size 19682
Created cellZoneSet vitreous_zone
    Applying source setToCellZone
    Adding all cells from cell set: vitreous_zone ...
    cellZoneSet vitreous_zone now size 19682
Time = 251
    mesh not changed.
Created cellSet tm_zone
    Applying source boxToCell
    Adding cells with centre within boxes 1((0.00645 -0.005 -1e-05) (0.00718 -0.00424 0.001001))
    cellSet tm_zone now size 69
Created cellZoneSet tm_zone
    Applying source setToCellZone
    Adding all cells from cell set: tm_zone ...
    cellZoneSet tm_zone now size 69
Created cellSet tm_zone_left
    Applying source boxToCell
    Adding cells with centre within boxes 1((-0.00718 -0.005 -1e-05) (-0.00645 -0.00424 0.001001))
    cellSet tm_zone_left now size 67
Created cellZoneSet tm_zone_left
    Applying source setToCellZone
    Adding all cells from cell set: tm_zone_left ...
    cellZoneSet tm_zone_left now size 67
Created cellSet vitreous_zone
    Applying source boxToCell
    Adding cells with centre within boxes 1((-0.008 -0.0015 -1e-05) (0.008 0.0074 0.001001))
    cellSet vitreous_zone now size 19682
Read set cellSet vitreous_zone size:19682
    Applying source boxToCell
    Removing cells with centre within boxes 1((0.00645 -0.005 -1e-05) (0.00718 -0.00424 0.001001))
    cellSet vitreous_zone now size 19682
Read set cellSet vitreous_zone size:19682
    Applying source boxToCell
    Removing cells with centre within boxes 1((-0.00718 -0.005 -1e-05) (-0.00645 -0.00424 0.001001))
    cellSet vitreous_zone now size 19682
Created cellZoneSet vitreous_zone
    Applying source setToCellZone
    Adding all cells from cell set: vitreous_zone ...
    cellZoneSet vitreous_zone now size 19682
Time = 300
    mesh not changed.
Created cellSet tm_zone
    Applying source boxToCell
    Adding cells with centre within boxes 1((0.00645 -0.005 -1e-05) (0.00718 -0.00424 0.001001))
    cellSet tm_zone now size 69
Created cellZoneSet tm_zone
    Applying source setToCellZone
    Adding all cells from cell set: tm_zone ...
    cellZoneSet tm_zone now size 69
Created cellSet tm_zone_left
    Applying source boxToCell
    Adding cells with centre within boxes 1((-0.00718 -0.005 -1e-05) (-0.00645 -0.00424 0.001001))
    cellSet tm_zone_left now size 67
Created cellZoneSet tm_zone_left
    Applying source setToCellZone
    Adding all cells from cell set: tm_zone_left ...
    cellZoneSet tm_zone_left now size 67
Created cellSet vitreous_zone
    Applying source boxToCell
    Adding cells with centre within boxes 1((-0.008 -0.0015 -1e-05) (0.008 0.0074 0.001001))
    cellSet vitreous_zone now size 19682
Read set cellSet vitreous_zone size:19682
    Applying source boxToCell
    Removing cells with centre within boxes 1((0.00645 -0.005 -1e-05) (0.00718 -0.00424 0.001001))
    cellSet vitreous_zone now size 19682
Read set cellSet vitreous_zone size:19682
    Applying source boxToCell
    Removing cells with centre within boxes 1((-0.00718 -0.005 -1e-05) (-0.00645 -0.00424 0.001001))
    cellSet vitreous_zone now size 19682
Created cellZoneSet vitreous_zone
    Applying source setToCellZone
    Adding all cells from cell set: vitreous_zone ...
    cellZoneSet vitreous_zone now size 19682
Time = 350
    mesh not changed.
Created cellSet tm_zone
    Applying source boxToCell
    Adding cells with centre within boxes 1((0.00645 -0.005 -1e-05) (0.00718 -0.00424 0.001001))
    cellSet tm_zone now size 69
Created cellZoneSet tm_zone
    Applying source setToCellZone
    Adding all cells from cell set: tm_zone ...
    cellZoneSet tm_zone now size 69
Created cellSet tm_zone_left
    Applying source boxToCell
    Adding cells with centre within boxes 1((-0.00718 -0.005 -1e-05) (-0.00645 -0.00424 0.001001))
    cellSet tm_zone_left now size 67
Created cellZoneSet tm_zone_left
    Applying source setToCellZone
    Adding all cells from cell set: tm_zone_left ...
    cellZoneSet tm_zone_left now size 67
Created cellSet vitreous_zone
    Applying source boxToCell
    Adding cells with centre within boxes 1((-0.008 -0.0015 -1e-05) (0.008 0.0074 0.001001))
    cellSet vitreous_zone now size 19682
Read set cellSet vitreous_zone size:19682
    Applying source boxToCell
    Removing cells with centre within boxes 1((0.00645 -0.005 -1e-05) (0.00718 -0.00424 0.001001))
    cellSet vitreous_zone now size 19682
Read set cellSet vitreous_zone size:19682
    Applying source boxToCell
    Removing cells with centre within boxes 1((-0.00718 -0.005 -1e-05) (-0.00645 -0.00424 0.001001))
    cellSet vitreous_zone now size 19682
Created cellZoneSet vitreous_zone
    Applying source setToCellZone
    Adding all cells from cell set: vitreous_zone ...
    cellZoneSet vitreous_zone now size 19682
Time = 400
    mesh not changed.
Created cellSet tm_zone
    Applying source boxToCell
    Adding cells with centre within boxes 1((0.00645 -0.005 -1e-05) (0.00718 -0.00424 0.001001))
    cellSet tm_zone now size 69
Created cellZoneSet tm_zone
    Applying source setToCellZone
    Adding all cells from cell set: tm_zone ...
    cellZoneSet tm_zone now size 69
Created cellSet tm_zone_left
    Applying source boxToCell
    Adding cells with centre within boxes 1((-0.00718 -0.005 -1e-05) (-0.00645 -0.00424 0.001001))
    cellSet tm_zone_left now size 67
Created cellZoneSet tm_zone_left
    Applying source setToCellZone
    Adding all cells from cell set: tm_zone_left ...
    cellZoneSet tm_zone_left now size 67
Created cellSet vitreous_zone
    Applying source boxToCell
    Adding cells with centre within boxes 1((-0.008 -0.0015 -1e-05) (0.008 0.0074 0.001001))
    cellSet vitreous_zone now size 19682
Read set cellSet vitreous_zone size:19682
    Applying source boxToCell
    Removing cells with centre within boxes 1((0.00645 -0.005 -1e-05) (0.00718 -0.00424 0.001001))
    cellSet vitreous_zone now size 19682
Read set cellSet vitreous_zone size:19682
    Applying source boxToCell
    Removing cells with centre within boxes 1((-0.00718 -0.005 -1e-05) (-0.00645 -0.00424 0.001001))
    cellSet vitreous_zone now size 19682
Created cellZoneSet vitreous_zone
    Applying source setToCellZone
    Adding all cells from cell set: vitreous_zone ...
    cellZoneSet vitreous_zone now size 19682
Time = 450
    mesh not changed.
Created cellSet tm_zone
    Applying source boxToCell
    Adding cells with centre within boxes 1((0.00645 -0.005 -1e-05) (0.00718 -0.00424 0.001001))
    cellSet tm_zone now size 69
Created cellZoneSet tm_zone
    Applying source setToCellZone
    Adding all cells from cell set: tm_zone ...
    cellZoneSet tm_zone now size 69
Created cellSet tm_zone_left
    Applying source boxToCell
    Adding cells with centre within boxes 1((-0.00718 -0.005 -1e-05) (-0.00645 -0.00424 0.001001))
    cellSet tm_zone_left now size 67
Created cellZoneSet tm_zone_left
    Applying source setToCellZone
    Adding all cells from cell set: tm_zone_left ...
    cellZoneSet tm_zone_left now size 67
Created cellSet vitreous_zone
    Applying source boxToCell
    Adding cells with centre within boxes 1((-0.008 -0.0015 -1e-05) (0.008 0.0074 0.001001))
    cellSet vitreous_zone now size 19682
Read set cellSet vitreous_zone size:19682
    Applying source boxToCell
    Removing cells with centre within boxes 1((0.00645 -0.005 -1e-05) (0.00718 -0.00424 0.001001))
    cellSet vitreous_zone now size 19682
Read set cellSet vitreous_zone size:19682
    Applying source boxToCell
    Removing cells with centre within boxes 1((-0.00718 -0.005 -1e-05) (-0.00645 -0.00424 0.001001))
    cellSet vitreous_zone now size 19682
Created cellZoneSet vitreous_zone
    Applying source setToCellZone
    Adding all cells from cell set: vitreous_zone ...
    cellZoneSet vitreous_zone now size 19682
Time = 500
    mesh not changed.
Created cellSet tm_zone
    Applying source boxToCell
    Adding cells with centre within boxes 1((0.00645 -0.005 -1e-05) (0.00718 -0.00424 0.001001))
    cellSet tm_zone now size 69
Created cellZoneSet tm_zone
    Applying source setToCellZone
    Adding all cells from cell set: tm_zone ...
    cellZoneSet tm_zone now size 69
Created cellSet tm_zone_left
    Applying source boxToCell
    Adding cells with centre within boxes 1((-0.00718 -0.005 -1e-05) (-0.00645 -0.00424 0.001001))
    cellSet tm_zone_left now size 67
Created cellZoneSet tm_zone_left
    Applying source setToCellZone
    Adding all cells from cell set: tm_zone_left ...
    cellZoneSet tm_zone_left now size 67
Created cellSet vitreous_zone
    Applying source boxToCell
    Adding cells with centre within boxes 1((-0.008 -0.0015 -1e-05) (0.008 0.0074 0.001001))
    cellSet vitreous_zone now size 19682
Read set cellSet vitreous_zone size:19682
    Applying source boxToCell
    Removing cells with centre within boxes 1((0.00645 -0.005 -1e-05) (0.00718 -0.00424 0.001001))
    cellSet vitreous_zone now size 19682
Read set cellSet vitreous_zone size:19682
    Applying source boxToCell
    Removing cells with centre within boxes 1((-0.00718 -0.005 -1e-05) (-0.00645 -0.00424 0.001001))
    cellSet vitreous_zone now size 19682
Created cellZoneSet vitreous_zone
    Applying source setToCellZone
    Adding all cells from cell set: vitreous_zone ...
    cellZoneSet vitreous_zone now size 19682

End

=== createPatch (front/back + outlets + inlets) ===
/*---------------------------------------------------------------------------*\
| =========                 |                                                 |
| \\      /  F ield         | OpenFOAM: The Open Source CFD Toolbox           |
|  \\    /   O peration     | Version:  2512                                  |
|   \\  /    A nd           | Website:  www.openfoam.com                      |
|    \\/     M anipulation  |                                                 |
\*---------------------------------------------------------------------------*/
Build  : _bd2b6720-20260127 OPENFOAM=2512 version=2512
Arch   : "LSB;label=32;scalar=64"
Exec   : topoSet -dict system/topoSetDict.frontBack -constant
Date   : Jul 16 2026
Time   : 01:31:45
Host   : 6f92eaaea4fe
PID    : 235
I/O    : uncollated
Case   : /simulation/doc-g1-sim1/fluid
nProcs : 1
trapFpe: Floating point exception trapping enabled (FOAM_SIGFPE).
memory pool : not available
fileModificationChecking : Monitoring run-time modified files using timeStampMaster (fileModificationSkew 5, maxFileModificationPolls 20)
allowSystemOperations : Allowing user-supplied system call operations

// * * * * * * * * * * * * * * * * * * * * * * * * * * * * * * * * * * * * * //
Create time

Create polyMesh for time = constant

Reading topoSetDict.frontBack

Time = constant
    mesh not changed.
Created faceSet frontFaces
    Applying source patchToFace
    Adding all faces of patches: (defaultFaces) ...
    Found matching patch defaultFaces with 82484 faces
    faceSet frontFaces now size 82484
Read set faceSet frontFaces size:82484
    Applying source normalToFace
    Adding faces according to normal being aligned with (0 0 1) (to within 0.1) ...
    faceSet frontFaces now size 41242
Created faceSet backFaces
    Applying source patchToFace
    Adding all faces of patches: (defaultFaces) ...
    Found matching patch defaultFaces with 82484 faces
    faceSet backFaces now size 82484
Read set faceSet backFaces size:82484
    Applying source normalToFace
    Adding faces according to normal being aligned with (0 0 -1) (to within 0.1) ...
    faceSet backFaces now size 41242
Time = 0
    mesh not changed.
Created faceSet frontFaces
    Applying source patchToFace
    Adding all faces of patches: (defaultFaces) ...
    Found matching patch defaultFaces with 82484 faces
    faceSet frontFaces now size 82484
Read set faceSet frontFaces size:82484
    Applying source normalToFace
    Adding faces according to normal being aligned with (0 0 1) (to within 0.1) ...
    faceSet frontFaces now size 41242
Created faceSet backFaces
    Applying source patchToFace
    Adding all faces of patches: (defaultFaces) ...
    Found matching patch defaultFaces with 82484 faces
    faceSet backFaces now size 82484
Read set faceSet backFaces size:82484
    Applying source normalToFace
    Adding faces according to normal being aligned with (0 0 -1) (to within 0.1) ...
    faceSet backFaces now size 41242
Time = 48
    mesh not changed.
Created faceSet frontFaces
    Applying source patchToFace
    Adding all faces of patches: (defaultFaces) ...
    Found matching patch defaultFaces with 82484 faces
    faceSet frontFaces now size 82484
Read set faceSet frontFaces size:82484
    Applying source normalToFace
    Adding faces according to normal being aligned with (0 0 1) (to within 0.1) ...
    faceSet frontFaces now size 41242
Created faceSet backFaces
    Applying source patchToFace
    Adding all faces of patches: (defaultFaces) ...
    Found matching patch defaultFaces with 82484 faces
    faceSet backFaces now size 82484
Read set faceSet backFaces size:82484
    Applying source normalToFace
    Adding faces according to normal being aligned with (0 0 -1) (to within 0.1) ...
    faceSet backFaces now size 41242
Time = 50
    mesh not changed.
Created faceSet frontFaces
    Applying source patchToFace
    Adding all faces of patches: (defaultFaces) ...
    Found matching patch defaultFaces with 82484 faces
    faceSet frontFaces now size 82484
Read set faceSet frontFaces size:82484
    Applying source normalToFace
    Adding faces according to normal being aligned with (0 0 1) (to within 0.1) ...
    faceSet frontFaces now size 41242
Created faceSet backFaces
    Applying source patchToFace
    Adding all faces of patches: (defaultFaces) ...
    Found matching patch defaultFaces with 82484 faces
    faceSet backFaces now size 82484
Read set faceSet backFaces size:82484
    Applying source normalToFace
    Adding faces according to normal being aligned with (0 0 -1) (to within 0.1) ...
    faceSet backFaces now size 41242
Time = 76
    mesh not changed.
Created faceSet frontFaces
    Applying source patchToFace
    Adding all faces of patches: (defaultFaces) ...
    Found matching patch defaultFaces with 82484 faces
    faceSet frontFaces now size 82484
Read set faceSet frontFaces size:82484
    Applying source normalToFace
    Adding faces according to normal being aligned with (0 0 1) (to within 0.1) ...
    faceSet frontFaces now size 41242
Created faceSet backFaces
    Applying source patchToFace
    Adding all faces of patches: (defaultFaces) ...
    Found matching patch defaultFaces with 82484 faces
    faceSet backFaces now size 82484
Read set faceSet backFaces size:82484
    Applying source normalToFace
    Adding faces according to normal being aligned with (0 0 -1) (to within 0.1) ...
    faceSet backFaces now size 41242
Time = 90
    mesh not changed.
Created faceSet frontFaces
    Applying source patchToFace
    Adding all faces of patches: (defaultFaces) ...
    Found matching patch defaultFaces with 82484 faces
    faceSet frontFaces now size 82484
Read set faceSet frontFaces size:82484
    Applying source normalToFace
    Adding faces according to normal being aligned with (0 0 1) (to within 0.1) ...
    faceSet frontFaces now size 41242
Created faceSet backFaces
    Applying source patchToFace
    Adding all faces of patches: (defaultFaces) ...
    Found matching patch defaultFaces with 82484 faces
    faceSet backFaces now size 82484
Read set faceSet backFaces size:82484
    Applying source normalToFace
    Adding faces according to normal being aligned with (0 0 -1) (to within 0.1) ...
    faceSet backFaces now size 41242
Time = 98
    mesh not changed.
Created faceSet frontFaces
    Applying source patchToFace
    Adding all faces of patches: (defaultFaces) ...
    Found matching patch defaultFaces with 82484 faces
    faceSet frontFaces now size 82484
Read set faceSet frontFaces size:82484
    Applying source normalToFace
    Adding faces according to normal being aligned with (0 0 1) (to within 0.1) ...
    faceSet frontFaces now size 41242
Created faceSet backFaces
    Applying source patchToFace
    Adding all faces of patches: (defaultFaces) ...
    Found matching patch defaultFaces with 82484 faces
    faceSet backFaces now size 82484
Read set faceSet backFaces size:82484
    Applying source normalToFace
    Adding faces according to normal being aligned with (0 0 -1) (to within 0.1) ...
    faceSet backFaces now size 41242
Time = 100
    mesh not changed.
Created faceSet frontFaces
    Applying source patchToFace
    Adding all faces of patches: (defaultFaces) ...
    Found matching patch defaultFaces with 82484 faces
    faceSet frontFaces now size 82484
Read set faceSet frontFaces size:82484
    Applying source normalToFace
    Adding faces according to normal being aligned with (0 0 1) (to within 0.1) ...
    faceSet frontFaces now size 41242
Created faceSet backFaces
    Applying source patchToFace
    Adding all faces of patches: (defaultFaces) ...
    Found matching patch defaultFaces with 82484 faces
    faceSet backFaces now size 82484
Read set faceSet backFaces size:82484
    Applying source normalToFace
    Adding faces according to normal being aligned with (0 0 -1) (to within 0.1) ...
    faceSet backFaces now size 41242
Time = 107
    mesh not changed.
Created faceSet frontFaces
    Applying source patchToFace
    Adding all faces of patches: (defaultFaces) ...
    Found matching patch defaultFaces with 82484 faces
    faceSet frontFaces now size 82484
Read set faceSet frontFaces size:82484
    Applying source normalToFace
    Adding faces according to normal being aligned with (0 0 1) (to within 0.1) ...
    faceSet frontFaces now size 41242
Created faceSet backFaces
    Applying source patchToFace
    Adding all faces of patches: (defaultFaces) ...
    Found matching patch defaultFaces with 82484 faces
    faceSet backFaces now size 82484
Read set faceSet backFaces size:82484
    Applying source normalToFace
    Adding faces according to normal being aligned with (0 0 -1) (to within 0.1) ...
    faceSet backFaces now size 41242
Time = 150
    mesh not changed.
Created faceSet frontFaces
    Applying source patchToFace
    Adding all faces of patches: (defaultFaces) ...
    Found matching patch defaultFaces with 82484 faces
    faceSet frontFaces now size 82484
Read set faceSet frontFaces size:82484
    Applying source normalToFace
    Adding faces according to normal being aligned with (0 0 1) (to within 0.1) ...
    faceSet frontFaces now size 41242
Created faceSet backFaces
    Applying source patchToFace
    Adding all faces of patches: (defaultFaces) ...
    Found matching patch defaultFaces with 82484 faces
    faceSet backFaces now size 82484
Read set faceSet backFaces size:82484
    Applying source normalToFace
    Adding faces according to normal being aligned with (0 0 -1) (to within 0.1) ...
    faceSet backFaces now size 41242
Time = 200
    mesh not changed.
Created faceSet frontFaces
    Applying source patchToFace
    Adding all faces of patches: (defaultFaces) ...
    Found matching patch defaultFaces with 82484 faces
    faceSet frontFaces now size 82484
Read set faceSet frontFaces size:82484
    Applying source normalToFace
    Adding faces according to normal being aligned with (0 0 1) (to within 0.1) ...
    faceSet frontFaces now size 41242
Created faceSet backFaces
    Applying source patchToFace
    Adding all faces of patches: (defaultFaces) ...
    Found matching patch defaultFaces with 82484 faces
    faceSet backFaces now size 82484
Read set faceSet backFaces size:82484
    Applying source normalToFace
    Adding faces according to normal being aligned with (0 0 -1) (to within 0.1) ...
    faceSet backFaces now size 41242
Time = 242
    mesh not changed.
Created faceSet frontFaces
    Applying source patchToFace
    Adding all faces of patches: (defaultFaces) ...
    Found matching patch defaultFaces with 82484 faces
    faceSet frontFaces now size 82484
Read set faceSet frontFaces size:82484
    Applying source normalToFace
    Adding faces according to normal being aligned with (0 0 1) (to within 0.1) ...
    faceSet frontFaces now size 41242
Created faceSet backFaces
    Applying source patchToFace
    Adding all faces of patches: (defaultFaces) ...
    Found matching patch defaultFaces with 82484 faces
    faceSet backFaces now size 82484
Read set faceSet backFaces size:82484
    Applying source normalToFace
    Adding faces according to normal being aligned with (0 0 -1) (to within 0.1) ...
    faceSet backFaces now size 41242
Time = 245
    mesh not changed.
Created faceSet frontFaces
    Applying source patchToFace
    Adding all faces of patches: (defaultFaces) ...
    Found matching patch defaultFaces with 82484 faces
    faceSet frontFaces now size 82484
Read set faceSet frontFaces size:82484
    Applying source normalToFace
    Adding faces according to normal being aligned with (0 0 1) (to within 0.1) ...
    faceSet frontFaces now size 41242
Created faceSet backFaces
    Applying source patchToFace
    Adding all faces of patches: (defaultFaces) ...
    Found matching patch defaultFaces with 82484 faces
    faceSet backFaces now size 82484
Read set faceSet backFaces size:82484
    Applying source normalToFace
    Adding faces according to normal being aligned with (0 0 -1) (to within 0.1) ...
    faceSet backFaces now size 41242
Time = 250
    mesh not changed.
Created faceSet frontFaces
    Applying source patchToFace
    Adding all faces of patches: (defaultFaces) ...
    Found matching patch defaultFaces with 82484 faces
    faceSet frontFaces now size 82484
Read set faceSet frontFaces size:82484
    Applying source normalToFace
    Adding faces according to normal being aligned with (0 0 1) (to within 0.1) ...
    faceSet frontFaces now size 41242
Created faceSet backFaces
    Applying source patchToFace
    Adding all faces of patches: (defaultFaces) ...
    Found matching patch defaultFaces with 82484 faces
    faceSet backFaces now size 82484
Read set faceSet backFaces size:82484
    Applying source normalToFace
    Adding faces according to normal being aligned with (0 0 -1) (to within 0.1) ...
    faceSet backFaces now size 41242
Time = 251
    mesh not changed.
Created faceSet frontFaces
    Applying source patchToFace
    Adding all faces of patches: (defaultFaces) ...
    Found matching patch defaultFaces with 82484 faces
    faceSet frontFaces now size 82484
Read set faceSet frontFaces size:82484
    Applying source normalToFace
    Adding faces according to normal being aligned with (0 0 1) (to within 0.1) ...
    faceSet frontFaces now size 41242
Created faceSet backFaces
    Applying source patchToFace
    Adding all faces of patches: (defaultFaces) ...
    Found matching patch defaultFaces with 82484 faces
    faceSet backFaces now size 82484
Read set faceSet backFaces size:82484
    Applying source normalToFace
    Adding faces according to normal being aligned with (0 0 -1) (to within 0.1) ...
    faceSet backFaces now size 41242
Time = 300
    mesh not changed.
Created faceSet frontFaces
    Applying source patchToFace
    Adding all faces of patches: (defaultFaces) ...
    Found matching patch defaultFaces with 82484 faces
    faceSet frontFaces now size 82484
Read set faceSet frontFaces size:82484
    Applying source normalToFace
    Adding faces according to normal being aligned with (0 0 1) (to within 0.1) ...
    faceSet frontFaces now size 41242
Created faceSet backFaces
    Applying source patchToFace
    Adding all faces of patches: (defaultFaces) ...
    Found matching patch defaultFaces with 82484 faces
    faceSet backFaces now size 82484
Read set faceSet backFaces size:82484
    Applying source normalToFace
    Adding faces according to normal being aligned with (0 0 -1) (to within 0.1) ...
    faceSet backFaces now size 41242
Time = 350
    mesh not changed.
Created faceSet frontFaces
    Applying source patchToFace
    Adding all faces of patches: (defaultFaces) ...
    Found matching patch defaultFaces with 82484 faces
    faceSet frontFaces now size 82484
Read set faceSet frontFaces size:82484
    Applying source normalToFace
    Adding faces according to normal being aligned with (0 0 1) (to within 0.1) ...
    faceSet frontFaces now size 41242
Created faceSet backFaces
    Applying source patchToFace
    Adding all faces of patches: (defaultFaces) ...
    Found matching patch defaultFaces with 82484 faces
    faceSet backFaces now size 82484
Read set faceSet backFaces size:82484
    Applying source normalToFace
    Adding faces according to normal being aligned with (0 0 -1) (to within 0.1) ...
    faceSet backFaces now size 41242
Time = 400
    mesh not changed.
Created faceSet frontFaces
    Applying source patchToFace
    Adding all faces of patches: (defaultFaces) ...
    Found matching patch defaultFaces with 82484 faces
    faceSet frontFaces now size 82484
Read set faceSet frontFaces size:82484
    Applying source normalToFace
    Adding faces according to normal being aligned with (0 0 1) (to within 0.1) ...
    faceSet frontFaces now size 41242
Created faceSet backFaces
    Applying source patchToFace
    Adding all faces of patches: (defaultFaces) ...
    Found matching patch defaultFaces with 82484 faces
    faceSet backFaces now size 82484
Read set faceSet backFaces size:82484
    Applying source normalToFace
    Adding faces according to normal being aligned with (0 0 -1) (to within 0.1) ...
    faceSet backFaces now size 41242
Time = 450
    mesh not changed.
Created faceSet frontFaces
    Applying source patchToFace
    Adding all faces of patches: (defaultFaces) ...
    Found matching patch defaultFaces with 82484 faces
    faceSet frontFaces now size 82484
Read set faceSet frontFaces size:82484
    Applying source normalToFace
    Adding faces according to normal being aligned with (0 0 1) (to within 0.1) ...
    faceSet frontFaces now size 41242
Created faceSet backFaces
    Applying source patchToFace
    Adding all faces of patches: (defaultFaces) ...
    Found matching patch defaultFaces with 82484 faces
    faceSet backFaces now size 82484
Read set faceSet backFaces size:82484
    Applying source normalToFace
    Adding faces according to normal being aligned with (0 0 -1) (to within 0.1) ...
    faceSet backFaces now size 41242
Time = 500
    mesh not changed.
Created faceSet frontFaces
    Applying source patchToFace
    Adding all faces of patches: (defaultFaces) ...
    Found matching patch defaultFaces with 82484 faces
    faceSet frontFaces now size 82484
Read set faceSet frontFaces size:82484
    Applying source normalToFace
    Adding faces according to normal being aligned with (0 0 1) (to within 0.1) ...
    faceSet frontFaces now size 41242
Created faceSet backFaces
    Applying source patchToFace
    Adding all faces of patches: (defaultFaces) ...
    Found matching patch defaultFaces with 82484 faces
    faceSet backFaces now size 82484
Read set faceSet backFaces size:82484
    Applying source normalToFace
    Adding faces according to normal being aligned with (0 0 -1) (to within 0.1) ...
    faceSet backFaces now size 41242

End

/*---------------------------------------------------------------------------*\
| =========                 |                                                 |
| \\      /  F ield         | OpenFOAM: The Open Source CFD Toolbox           |
|  \\    /   O peration     | Version:  2512                                  |
|   \\  /    A nd           | Website:  www.openfoam.com                      |
|    \\/     M anipulation  |                                                 |
\*---------------------------------------------------------------------------*/
Build  : _bd2b6720-20260127 OPENFOAM=2512 version=2512
Arch   : "LSB;label=32;scalar=64"
Exec   : topoSet -dict system/topoSetDict.splitWall -constant
Date   : Jul 16 2026
Time   : 01:31:48
Host   : 6f92eaaea4fe
PID    : 238
I/O    : uncollated
Case   : /simulation/doc-g1-sim1/fluid
nProcs : 1
trapFpe: Floating point exception trapping enabled (FOAM_SIGFPE).
memory pool : not available
fileModificationChecking : Monitoring run-time modified files using timeStampMaster (fileModificationSkew 5, maxFileModificationPolls 20)
allowSystemOperations : Allowing user-supplied system call operations

// * * * * * * * * * * * * * * * * * * * * * * * * * * * * * * * * * * * * * //
Create time

Create polyMesh for time = constant

Reading topoSetDict.splitWall

Time = constant
    mesh not changed.
Created faceSet outlet_tm_faces
    Applying source patchToFace
    Adding all faces of patches: (outlet_tm) ...
    Found matching patch outlet_tm with 6 faces
    faceSet outlet_tm_faces now size 6
Read set faceSet outlet_tm_faces size:6
    Applying source patchToFace
    Adding all faces of patches: (wall) ...
    Found matching patch wall with 558 faces
    faceSet outlet_tm_faces now size 564
Read set faceSet outlet_tm_faces size:564
    Applying source patchToFace
    Adding all faces of patches: (iris_wall) ...
    Found matching patch iris_wall with 240 faces
    faceSet outlet_tm_faces now size 804
Read set faceSet outlet_tm_faces size:804
    Applying source patchToFace
    Adding all faces of patches: (tm_se_wall) ...
--> FOAM Warning : 
    From Foam::labelHashSet Foam::polyBoundaryMesh::patchSet(const Foam::UList<Foam::wordRe>&, bool, bool) const
    in file meshes/polyMesh/polyBoundaryMesh/polyBoundaryMesh.C at line 1158
    Cannot find any patch names matching tm_se_wall
--> FOAM Warning : 
    From void Foam::patchToFace::combine(Foam::topoSet&, bool) const
    in file topoSet/faceSources/patchToFace/patchToFace.C at line 96
    Cannot find any patches matching (tm_se_wall)
Valid names: (wall iris_wall outlet_tm lens_wall ac_inlet ac_inlet_left outlet_tm_left defaultFaces)
    faceSet outlet_tm_faces now size 804
Read set faceSet outlet_tm_faces size:804
    Applying source boxToFace
    Adding faces with centre within boxes 1((0.00665 -0.0048 -1e-05) (0.00698 -0.00445 0.001001))
    faceSet outlet_tm_faces now size 4
Read set faceSet outlet_tm_faces size:4
    Applying source normalToFace
    Adding faces according to normal being aligned with (0.75568908 -0.65493054 0) (to within 0.35) ...
    faceSet outlet_tm_faces now size 2
Created faceSet outlet_tm_left_faces
    Applying source patchToFace
    Adding all faces of patches: (outlet_tm_left) ...
    Found matching patch outlet_tm_left with 6 faces
    faceSet outlet_tm_left_faces now size 6
Read set faceSet outlet_tm_left_faces size:6
    Applying source patchToFace
    Adding all faces of patches: (wall) ...
    Found matching patch wall with 558 faces
    faceSet outlet_tm_left_faces now size 564
Read set faceSet outlet_tm_left_faces size:564
    Applying source patchToFace
    Adding all faces of patches: (iris_wall) ...
    Found matching patch iris_wall with 240 faces
    faceSet outlet_tm_left_faces now size 804
Read set faceSet outlet_tm_left_faces size:804
    Applying source patchToFace
    Adding all faces of patches: (tm_se_wall) ...
--> FOAM Warning : 
    From Foam::labelHashSet Foam::polyBoundaryMesh::patchSet(const Foam::UList<Foam::wordRe>&, bool, bool) const
    in file meshes/polyMesh/polyBoundaryMesh/polyBoundaryMesh.C at line 1158
    Cannot find any patch names matching tm_se_wall
--> FOAM Warning : 
    From void Foam::patchToFace::combine(Foam::topoSet&, bool) const
    in file topoSet/faceSources/patchToFace/patchToFace.C at line 96
    Cannot find any patches matching (tm_se_wall)
Valid names: (wall iris_wall outlet_tm lens_wall ac_inlet ac_inlet_left outlet_tm_left defaultFaces)
    faceSet outlet_tm_left_faces now size 804
Read set faceSet outlet_tm_left_faces size:804
    Applying source boxToFace
    Adding faces with centre within boxes 1((-0.00698 -0.0048 -1e-05) (-0.00665 -0.00445 0.001001))
    faceSet outlet_tm_left_faces now size 4
Read set faceSet outlet_tm_left_faces size:4
    Applying source normalToFace
    Adding faces according to normal being aligned with (-0.75568908 -0.65493054 0) (to within 0.35) ...
    faceSet outlet_tm_left_faces now size 2
Created faceSet ac_inlet_faces
    Applying source patchToFace
    Adding all faces of patches: (ac_inlet) ...
    Found matching patch ac_inlet with 3 faces
    faceSet ac_inlet_faces now size 3
Read set faceSet ac_inlet_faces size:3
    Applying source patchToFace
    Adding all faces of patches: (wall) ...
    Found matching patch wall with 558 faces
    faceSet ac_inlet_faces now size 561
Read set faceSet ac_inlet_faces size:561
    Applying source patchToFace
    Adding all faces of patches: (iris_wall) ...
    Found matching patch iris_wall with 240 faces
    faceSet ac_inlet_faces now size 801
Read set faceSet ac_inlet_faces size:801
    Applying source boxToFace
    Adding faces with centre within boxes 1((0.00688 -0.0039 -1e-05) (0.00702 -0.0035 0.001001))
    faceSet ac_inlet_faces now size 2
Read set faceSet ac_inlet_faces size:2
    Applying source normalToFace
    Adding faces according to normal being aligned with (1 0 0) (to within 0.7) ...
    faceSet ac_inlet_faces now size 2
Created faceSet ac_inlet_left_faces
    Applying source patchToFace
    Adding all faces of patches: (ac_inlet_left) ...
    Found matching patch ac_inlet_left with 3 faces
    faceSet ac_inlet_left_faces now size 3
Read set faceSet ac_inlet_left_faces size:3
    Applying source patchToFace
    Adding all faces of patches: (wall) ...
    Found matching patch wall with 558 faces
    faceSet ac_inlet_left_faces now size 561
Read set faceSet ac_inlet_left_faces size:561
    Applying source patchToFace
    Adding all faces of patches: (iris_wall) ...
    Found matching patch iris_wall with 240 faces
    faceSet ac_inlet_left_faces now size 801
Read set faceSet ac_inlet_left_faces size:801
    Applying source boxToFace
    Adding faces with centre within boxes 1((-0.00702 -0.0039 -1e-05) (-0.00688 -0.0035 0.001001))
    faceSet ac_inlet_left_faces now size 2
Read set faceSet ac_inlet_left_faces size:2
    Applying source normalToFace
    Adding faces according to normal being aligned with (-1 0 0) (to within 0.7) ...
    faceSet ac_inlet_left_faces now size 2
Created faceSet demote_to_wall
    Applying source patchToFace
    Adding all faces of patches: (outlet_tm) ...
    Found matching patch outlet_tm with 6 faces
    faceSet demote_to_wall now size 6
Read set faceSet demote_to_wall size:6
    Applying source patchToFace
    Adding all faces of patches: (outlet_tm_left) ...
    Found matching patch outlet_tm_left with 6 faces
    faceSet demote_to_wall now size 12
Read set faceSet demote_to_wall size:12
    Applying source patchToFace
    Adding all faces of patches: (ac_inlet) ...
    Found matching patch ac_inlet with 3 faces
    faceSet demote_to_wall now size 15
Read set faceSet demote_to_wall size:15
    Applying source patchToFace
    Adding all faces of patches: (ac_inlet_left) ...
    Found matching patch ac_inlet_left with 3 faces
    faceSet demote_to_wall now size 18
Read set faceSet demote_to_wall size:18
    Applying source faceToFace
    Removing all elements of face sets: (outlet_tm_faces)
    faceSet demote_to_wall now size 16
Read set faceSet demote_to_wall size:16
    Applying source faceToFace
    Removing all elements of face sets: (outlet_tm_left_faces)
    faceSet demote_to_wall now size 14
Read set faceSet demote_to_wall size:14
    Applying source faceToFace
    Removing all elements of face sets: (ac_inlet_faces)
    faceSet demote_to_wall now size 12
Read set faceSet demote_to_wall size:12
    Applying source faceToFace
    Removing all elements of face sets: (ac_inlet_left_faces)
    faceSet demote_to_wall now size 10
Time = 0
    mesh not changed.
Created faceSet outlet_tm_faces
    Applying source patchToFace
    Adding all faces of patches: (outlet_tm) ...
    Found matching patch outlet_tm with 6 faces
    faceSet outlet_tm_faces now size 6
Read set faceSet outlet_tm_faces size:6
    Applying source patchToFace
    Adding all faces of patches: (wall) ...
    Found matching patch wall with 558 faces
    faceSet outlet_tm_faces now size 564
Read set faceSet outlet_tm_faces size:564
    Applying source patchToFace
    Adding all faces of patches: (iris_wall) ...
    Found matching patch iris_wall with 240 faces
    faceSet outlet_tm_faces now size 804
Read set faceSet outlet_tm_faces size:804
    Applying source patchToFace
    Adding all faces of patches: (tm_se_wall) ...
--> FOAM Warning : 
    From Foam::labelHashSet Foam::polyBoundaryMesh::patchSet(const Foam::UList<Foam::wordRe>&, bool, bool) const
    in file meshes/polyMesh/polyBoundaryMesh/polyBoundaryMesh.C at line 1158
    Cannot find any patch names matching tm_se_wall
--> FOAM Warning : 
    From void Foam::patchToFace::combine(Foam::topoSet&, bool) const
    in file topoSet/faceSources/patchToFace/patchToFace.C at line 96
    Cannot find any patches matching (tm_se_wall)
Valid names: (wall iris_wall outlet_tm lens_wall ac_inlet ac_inlet_left outlet_tm_left defaultFaces)
    faceSet outlet_tm_faces now size 804
Read set faceSet outlet_tm_faces size:804
    Applying source boxToFace
    Adding faces with centre within boxes 1((0.00665 -0.0048 -1e-05) (0.00698 -0.00445 0.001001))
    faceSet outlet_tm_faces now size 4
Read set faceSet outlet_tm_faces size:4
    Applying source normalToFace
    Adding faces according to normal being aligned with (0.75568908 -0.65493054 0) (to within 0.35) ...
    faceSet outlet_tm_faces now size 2
Created faceSet outlet_tm_left_faces
    Applying source patchToFace
    Adding all faces of patches: (outlet_tm_left) ...
    Found matching patch outlet_tm_left with 6 faces
    faceSet outlet_tm_left_faces now size 6
Read set faceSet outlet_tm_left_faces size:6
    Applying source patchToFace
    Adding all faces of patches: (wall) ...
    Found matching patch wall with 558 faces
    faceSet outlet_tm_left_faces now size 564
Read set faceSet outlet_tm_left_faces size:564
    Applying source patchToFace
    Adding all faces of patches: (iris_wall) ...
    Found matching patch iris_wall with 240 faces
    faceSet outlet_tm_left_faces now size 804
Read set faceSet outlet_tm_left_faces size:804
    Applying source patchToFace
    Adding all faces of patches: (tm_se_wall) ...
--> FOAM Warning : 
    From Foam::labelHashSet Foam::polyBoundaryMesh::patchSet(const Foam::UList<Foam::wordRe>&, bool, bool) const
    in file meshes/polyMesh/polyBoundaryMesh/polyBoundaryMesh.C at line 1158
    Cannot find any patch names matching tm_se_wall
--> FOAM Warning : 
    From void Foam::patchToFace::combine(Foam::topoSet&, bool) const
    in file topoSet/faceSources/patchToFace/patchToFace.C at line 96
    Cannot find any patches matching (tm_se_wall)
Valid names: (wall iris_wall outlet_tm lens_wall ac_inlet ac_inlet_left outlet_tm_left defaultFaces)
    faceSet outlet_tm_left_faces now size 804
Read set faceSet outlet_tm_left_faces size:804
    Applying source boxToFace
    Adding faces with centre within boxes 1((-0.00698 -0.0048 -1e-05) (-0.00665 -0.00445 0.001001))
    faceSet outlet_tm_left_faces now size 4
Read set faceSet outlet_tm_left_faces size:4
    Applying source normalToFace
    Adding faces according to normal being aligned with (-0.75568908 -0.65493054 0) (to within 0.35) ...
    faceSet outlet_tm_left_faces now size 2
Created faceSet ac_inlet_faces
    Applying source patchToFace
    Adding all faces of patches: (ac_inlet) ...
    Found matching patch ac_inlet with 3 faces
    faceSet ac_inlet_faces now size 3
Read set faceSet ac_inlet_faces size:3
    Applying source patchToFace
    Adding all faces of patches: (wall) ...
    Found matching patch wall with 558 faces
    faceSet ac_inlet_faces now size 561
Read set faceSet ac_inlet_faces size:561
    Applying source patchToFace
    Adding all faces of patches: (iris_wall) ...
    Found matching patch iris_wall with 240 faces
    faceSet ac_inlet_faces now size 801
Read set faceSet ac_inlet_faces size:801
    Applying source boxToFace
    Adding faces with centre within boxes 1((0.00688 -0.0039 -1e-05) (0.00702 -0.0035 0.001001))
    faceSet ac_inlet_faces now size 2
Read set faceSet ac_inlet_faces size:2
    Applying source normalToFace
    Adding faces according to normal being aligned with (1 0 0) (to within 0.7) ...
    faceSet ac_inlet_faces now size 2
Created faceSet ac_inlet_left_faces
    Applying source patchToFace
    Adding all faces of patches: (ac_inlet_left) ...
    Found matching patch ac_inlet_left with 3 faces
    faceSet ac_inlet_left_faces now size 3
Read set faceSet ac_inlet_left_faces size:3
    Applying source patchToFace
    Adding all faces of patches: (wall) ...
    Found matching patch wall with 558 faces
    faceSet ac_inlet_left_faces now size 561
Read set faceSet ac_inlet_left_faces size:561
    Applying source patchToFace
    Adding all faces of patches: (iris_wall) ...
    Found matching patch iris_wall with 240 faces
    faceSet ac_inlet_left_faces now size 801
Read set faceSet ac_inlet_left_faces size:801
    Applying source boxToFace
    Adding faces with centre within boxes 1((-0.00702 -0.0039 -1e-05) (-0.00688 -0.0035 0.001001))
    faceSet ac_inlet_left_faces now size 2
Read set faceSet ac_inlet_left_faces size:2
    Applying source normalToFace
    Adding faces according to normal being aligned with (-1 0 0) (to within 0.7) ...
    faceSet ac_inlet_left_faces now size 2
Created faceSet demote_to_wall
    Applying source patchToFace
    Adding all faces of patches: (outlet_tm) ...
    Found matching patch outlet_tm with 6 faces
    faceSet demote_to_wall now size 6
Read set faceSet demote_to_wall size:6
    Applying source patchToFace
    Adding all faces of patches: (outlet_tm_left) ...
    Found matching patch outlet_tm_left with 6 faces
    faceSet demote_to_wall now size 12
Read set faceSet demote_to_wall size:12
    Applying source patchToFace
    Adding all faces of patches: (ac_inlet) ...
    Found matching patch ac_inlet with 3 faces
    faceSet demote_to_wall now size 15
Read set faceSet demote_to_wall size:15
    Applying source patchToFace
    Adding all faces of patches: (ac_inlet_left) ...
    Found matching patch ac_inlet_left with 3 faces
    faceSet demote_to_wall now size 18
Read set faceSet demote_to_wall size:18
    Applying source faceToFace
    Removing all elements of face sets: (outlet_tm_faces)
    faceSet demote_to_wall now size 16
Read set faceSet demote_to_wall size:16
    Applying source faceToFace
    Removing all elements of face sets: (outlet_tm_left_faces)
    faceSet demote_to_wall now size 14
Read set faceSet demote_to_wall size:14
    Applying source faceToFace
    Removing all elements of face sets: (ac_inlet_faces)
    faceSet demote_to_wall now size 12
Read set faceSet demote_to_wall size:12
    Applying source faceToFace
    Removing all elements of face sets: (ac_inlet_left_faces)
    faceSet demote_to_wall now size 10
Time = 48
    mesh not changed.
Created faceSet outlet_tm_faces
    Applying source patchToFace
    Adding all faces of patches: (outlet_tm) ...
    Found matching patch outlet_tm with 6 faces
    faceSet outlet_tm_faces now size 6
Read set faceSet outlet_tm_faces size:6
    Applying source patchToFace
    Adding all faces of patches: (wall) ...
    Found matching patch wall with 558 faces
    faceSet outlet_tm_faces now size 564
Read set faceSet outlet_tm_faces size:564
    Applying source patchToFace
    Adding all faces of patches: (iris_wall) ...
    Found matching patch iris_wall with 240 faces
    faceSet outlet_tm_faces now size 804
Read set faceSet outlet_tm_faces size:804
    Applying source patchToFace
    Adding all faces of patches: (tm_se_wall) ...
--> FOAM Warning : 
    From Foam::labelHashSet Foam::polyBoundaryMesh::patchSet(const Foam::UList<Foam::wordRe>&, bool, bool) const
    in file meshes/polyMesh/polyBoundaryMesh/polyBoundaryMesh.C at line 1158
    Cannot find any patch names matching tm_se_wall
--> FOAM Warning : 
    From void Foam::patchToFace::combine(Foam::topoSet&, bool) const
    in file topoSet/faceSources/patchToFace/patchToFace.C at line 96
    Cannot find any patches matching (tm_se_wall)
Valid names: (wall iris_wall outlet_tm lens_wall ac_inlet ac_inlet_left outlet_tm_left defaultFaces)
    faceSet outlet_tm_faces now size 804
Read set faceSet outlet_tm_faces size:804
    Applying source boxToFace
    Adding faces with centre within boxes 1((0.00665 -0.0048 -1e-05) (0.00698 -0.00445 0.001001))
    faceSet outlet_tm_faces now size 4
Read set faceSet outlet_tm_faces size:4
    Applying source normalToFace
    Adding faces according to normal being aligned with (0.75568908 -0.65493054 0) (to within 0.35) ...
    faceSet outlet_tm_faces now size 2
Created faceSet outlet_tm_left_faces
    Applying source patchToFace
    Adding all faces of patches: (outlet_tm_left) ...
    Found matching patch outlet_tm_left with 6 faces
    faceSet outlet_tm_left_faces now size 6
Read set faceSet outlet_tm_left_faces size:6
    Applying source patchToFace
    Adding all faces of patches: (wall) ...
    Found matching patch wall with 558 faces
    faceSet outlet_tm_left_faces now size 564
Read set faceSet outlet_tm_left_faces size:564
    Applying source patchToFace
    Adding all faces of patches: (iris_wall) ...
    Found matching patch iris_wall with 240 faces
    faceSet outlet_tm_left_faces now size 804
Read set faceSet outlet_tm_left_faces size:804
    Applying source patchToFace
    Adding all faces of patches: (tm_se_wall) ...
--> FOAM Warning : 
    From Foam::labelHashSet Foam::polyBoundaryMesh::patchSet(const Foam::UList<Foam::wordRe>&, bool, bool) const
    in file meshes/polyMesh/polyBoundaryMesh/polyBoundaryMesh.C at line 1158
    Cannot find any patch names matching tm_se_wall
--> FOAM Warning : 
    From void Foam::patchToFace::combine(Foam::topoSet&, bool) const
    in file topoSet/faceSources/patchToFace/patchToFace.C at line 96
    Cannot find any patches matching (tm_se_wall)
Valid names: (wall iris_wall outlet_tm lens_wall ac_inlet ac_inlet_left outlet_tm_left defaultFaces)
    faceSet outlet_tm_left_faces now size 804
Read set faceSet outlet_tm_left_faces size:804
    Applying source boxToFace
    Adding faces with centre within boxes 1((-0.00698 -0.0048 -1e-05) (-0.00665 -0.00445 0.001001))
    faceSet outlet_tm_left_faces now size 4
Read set faceSet outlet_tm_left_faces size:4
    Applying source normalToFace
    Adding faces according to normal being aligned with (-0.75568908 -0.65493054 0) (to within 0.35) ...
    faceSet outlet_tm_left_faces now size 2
Created faceSet ac_inlet_faces
    Applying source patchToFace
    Adding all faces of patches: (ac_inlet) ...
    Found matching patch ac_inlet with 3 faces
    faceSet ac_inlet_faces now size 3
Read set faceSet ac_inlet_faces size:3
    Applying source patchToFace
    Adding all faces of patches: (wall) ...
    Found matching patch wall with 558 faces
    faceSet ac_inlet_faces now size 561
Read set faceSet ac_inlet_faces size:561
    Applying source patchToFace
    Adding all faces of patches: (iris_wall) ...
    Found matching patch iris_wall with 240 faces
    faceSet ac_inlet_faces now size 801
Read set faceSet ac_inlet_faces size:801
    Applying source boxToFace
    Adding faces with centre within boxes 1((0.00688 -0.0039 -1e-05) (0.00702 -0.0035 0.001001))
    faceSet ac_inlet_faces now size 2
Read set faceSet ac_inlet_faces size:2
    Applying source normalToFace
    Adding faces according to normal being aligned with (1 0 0) (to within 0.7) ...
    faceSet ac_inlet_faces now size 2
Created faceSet ac_inlet_left_faces
    Applying source patchToFace
    Adding all faces of patches: (ac_inlet_left) ...
    Found matching patch ac_inlet_left with 3 faces
    faceSet ac_inlet_left_faces now size 3
Read set faceSet ac_inlet_left_faces size:3
    Applying source patchToFace
    Adding all faces of patches: (wall) ...
    Found matching patch wall with 558 faces
    faceSet ac_inlet_left_faces now size 561
Read set faceSet ac_inlet_left_faces size:561
    Applying source patchToFace
    Adding all faces of patches: (iris_wall) ...
    Found matching patch iris_wall with 240 faces
    faceSet ac_inlet_left_faces now size 801
Read set faceSet ac_inlet_left_faces size:801
    Applying source boxToFace
    Adding faces with centre within boxes 1((-0.00702 -0.0039 -1e-05) (-0.00688 -0.0035 0.001001))
    faceSet ac_inlet_left_faces now size 2
Read set faceSet ac_inlet_left_faces size:2
    Applying source normalToFace
    Adding faces according to normal being aligned with (-1 0 0) (to within 0.7) ...
    faceSet ac_inlet_left_faces now size 2
Created faceSet demote_to_wall
    Applying source patchToFace
    Adding all faces of patches: (outlet_tm) ...
    Found matching patch outlet_tm with 6 faces
    faceSet demote_to_wall now size 6
Read set faceSet demote_to_wall size:6
    Applying source patchToFace
    Adding all faces of patches: (outlet_tm_left) ...
    Found matching patch outlet_tm_left with 6 faces
    faceSet demote_to_wall now size 12
Read set faceSet demote_to_wall size:12
    Applying source patchToFace
    Adding all faces of patches: (ac_inlet) ...
    Found matching patch ac_inlet with 3 faces
    faceSet demote_to_wall now size 15
Read set faceSet demote_to_wall size:15
    Applying source patchToFace
    Adding all faces of patches: (ac_inlet_left) ...
    Found matching patch ac_inlet_left with 3 faces
    faceSet demote_to_wall now size 18
Read set faceSet demote_to_wall size:18
    Applying source faceToFace
    Removing all elements of face sets: (outlet_tm_faces)
    faceSet demote_to_wall now size 16
Read set faceSet demote_to_wall size:16
    Applying source faceToFace
    Removing all elements of face sets: (outlet_tm_left_faces)
    faceSet demote_to_wall now size 14
Read set faceSet demote_to_wall size:14
    Applying source faceToFace
    Removing all elements of face sets: (ac_inlet_faces)
    faceSet demote_to_wall now size 12
Read set faceSet demote_to_wall size:12
    Applying source faceToFace
    Removing all elements of face sets: (ac_inlet_left_faces)
    faceSet demote_to_wall now size 10
Time = 50
    mesh not changed.
Created faceSet outlet_tm_faces
    Applying source patchToFace
    Adding all faces of patches: (outlet_tm) ...
    Found matching patch outlet_tm with 6 faces
    faceSet outlet_tm_faces now size 6
Read set faceSet outlet_tm_faces size:6
    Applying source patchToFace
    Adding all faces of patches: (wall) ...
    Found matching patch wall with 558 faces
    faceSet outlet_tm_faces now size 564
Read set faceSet outlet_tm_faces size:564
    Applying source patchToFace
    Adding all faces of patches: (iris_wall) ...
    Found matching patch iris_wall with 240 faces
    faceSet outlet_tm_faces now size 804
Read set faceSet outlet_tm_faces size:804
    Applying source patchToFace
    Adding all faces of patches: (tm_se_wall) ...
--> FOAM Warning : 
    From Foam::labelHashSet Foam::polyBoundaryMesh::patchSet(const Foam::UList<Foam::wordRe>&, bool, bool) const
    in file meshes/polyMesh/polyBoundaryMesh/polyBoundaryMesh.C at line 1158
    Cannot find any patch names matching tm_se_wall
--> FOAM Warning : 
    From void Foam::patchToFace::combine(Foam::topoSet&, bool) const
    in file topoSet/faceSources/patchToFace/patchToFace.C at line 96
    Cannot find any patches matching (tm_se_wall)
Valid names: (wall iris_wall outlet_tm lens_wall ac_inlet ac_inlet_left outlet_tm_left defaultFaces)
    faceSet outlet_tm_faces now size 804
Read set faceSet outlet_tm_faces size:804
    Applying source boxToFace
    Adding faces with centre within boxes 1((0.00665 -0.0048 -1e-05) (0.00698 -0.00445 0.001001))
    faceSet outlet_tm_faces now size 4
Read set faceSet outlet_tm_faces size:4
    Applying source normalToFace
    Adding faces according to normal being aligned with (0.75568908 -0.65493054 0) (to within 0.35) ...
    faceSet outlet_tm_faces now size 2
Created faceSet outlet_tm_left_faces
    Applying source patchToFace
    Adding all faces of patches: (outlet_tm_left) ...
    Found matching patch outlet_tm_left with 6 faces
    faceSet outlet_tm_left_faces now size 6
Read set faceSet outlet_tm_left_faces size:6
    Applying source patchToFace
    Adding all faces of patches: (wall) ...
    Found matching patch wall with 558 faces
    faceSet outlet_tm_left_faces now size 564
Read set faceSet outlet_tm_left_faces size:564
    Applying source patchToFace
    Adding all faces of patches: (iris_wall) ...
    Found matching patch iris_wall with 240 faces
    faceSet outlet_tm_left_faces now size 804
Read set faceSet outlet_tm_left_faces size:804
    Applying source patchToFace
    Adding all faces of patches: (tm_se_wall) ...
--> FOAM Warning : 
    From Foam::labelHashSet Foam::polyBoundaryMesh::patchSet(const Foam::UList<Foam::wordRe>&, bool, bool) const
    in file meshes/polyMesh/polyBoundaryMesh/polyBoundaryMesh.C at line 1158
    Cannot find any patch names matching tm_se_wall
--> FOAM Warning : 
    From void Foam::patchToFace::combine(Foam::topoSet&, bool) const
    in file topoSet/faceSources/patchToFace/patchToFace.C at line 96
    Cannot find any patches matching (tm_se_wall)
Valid names: (wall iris_wall outlet_tm lens_wall ac_inlet ac_inlet_left outlet_tm_left defaultFaces)
    faceSet outlet_tm_left_faces now size 804
Read set faceSet outlet_tm_left_faces size:804
    Applying source boxToFace
    Adding faces with centre within boxes 1((-0.00698 -0.0048 -1e-05) (-0.00665 -0.00445 0.001001))
    faceSet outlet_tm_left_faces now size 4
Read set faceSet outlet_tm_left_faces size:4
    Applying source normalToFace
    Adding faces according to normal being aligned with (-0.75568908 -0.65493054 0) (to within 0.35) ...
    faceSet outlet_tm_left_faces now size 2
Created faceSet ac_inlet_faces
    Applying source patchToFace
    Adding all faces of patches: (ac_inlet) ...
    Found matching patch ac_inlet with 3 faces
    faceSet ac_inlet_faces now size 3
Read set faceSet ac_inlet_faces size:3
    Applying source patchToFace
    Adding all faces of patches: (wall) ...
    Found matching patch wall with 558 faces
    faceSet ac_inlet_faces now size 561
Read set faceSet ac_inlet_faces size:561
    Applying source patchToFace
    Adding all faces of patches: (iris_wall) ...
    Found matching patch iris_wall with 240 faces
    faceSet ac_inlet_faces now size 801
Read set faceSet ac_inlet_faces size:801
    Applying source boxToFace
    Adding faces with centre within boxes 1((0.00688 -0.0039 -1e-05) (0.00702 -0.0035 0.001001))
    faceSet ac_inlet_faces now size 2
Read set faceSet ac_inlet_faces size:2
    Applying source normalToFace
    Adding faces according to normal being aligned with (1 0 0) (to within 0.7) ...
    faceSet ac_inlet_faces now size 2
Created faceSet ac_inlet_left_faces
    Applying source patchToFace
    Adding all faces of patches: (ac_inlet_left) ...
    Found matching patch ac_inlet_left with 3 faces
    faceSet ac_inlet_left_faces now size 3
Read set faceSet ac_inlet_left_faces size:3
    Applying source patchToFace
    Adding all faces of patches: (wall) ...
    Found matching patch wall with 558 faces
    faceSet ac_inlet_left_faces now size 561
Read set faceSet ac_inlet_left_faces size:561
    Applying source patchToFace
    Adding all faces of patches: (iris_wall) ...
    Found matching patch iris_wall with 240 faces
    faceSet ac_inlet_left_faces now size 801
Read set faceSet ac_inlet_left_faces size:801
    Applying source boxToFace
    Adding faces with centre within boxes 1((-0.00702 -0.0039 -1e-05) (-0.00688 -0.0035 0.001001))
    faceSet ac_inlet_left_faces now size 2
Read set faceSet ac_inlet_left_faces size:2
    Applying source normalToFace
    Adding faces according to normal being aligned with (-1 0 0) (to within 0.7) ...
    faceSet ac_inlet_left_faces now size 2
Created faceSet demote_to_wall
    Applying source patchToFace
    Adding all faces of patches: (outlet_tm) ...
    Found matching patch outlet_tm with 6 faces
    faceSet demote_to_wall now size 6
Read set faceSet demote_to_wall size:6
    Applying source patchToFace
    Adding all faces of patches: (outlet_tm_left) ...
    Found matching patch outlet_tm_left with 6 faces
    faceSet demote_to_wall now size 12
Read set faceSet demote_to_wall size:12
    Applying source patchToFace
    Adding all faces of patches: (ac_inlet) ...
    Found matching patch ac_inlet with 3 faces
    faceSet demote_to_wall now size 15
Read set faceSet demote_to_wall size:15
    Applying source patchToFace
    Adding all faces of patches: (ac_inlet_left) ...
    Found matching patch ac_inlet_left with 3 faces
    faceSet demote_to_wall now size 18
Read set faceSet demote_to_wall size:18
    Applying source faceToFace
    Removing all elements of face sets: (outlet_tm_faces)
    faceSet demote_to_wall now size 16
Read set faceSet demote_to_wall size:16
    Applying source faceToFace
    Removing all elements of face sets: (outlet_tm_left_faces)
    faceSet demote_to_wall now size 14
Read set faceSet demote_to_wall size:14
    Applying source faceToFace
    Removing all elements of face sets: (ac_inlet_faces)
    faceSet demote_to_wall now size 12
Read set faceSet demote_to_wall size:12
    Applying source faceToFace
    Removing all elements of face sets: (ac_inlet_left_faces)
    faceSet demote_to_wall now size 10
Time = 76
    mesh not changed.
Created faceSet outlet_tm_faces
    Applying source patchToFace
    Adding all faces of patches: (outlet_tm) ...
    Found matching patch outlet_tm with 6 faces
    faceSet outlet_tm_faces now size 6
Read set faceSet outlet_tm_faces size:6
    Applying source patchToFace
    Adding all faces of patches: (wall) ...
    Found matching patch wall with 558 faces
    faceSet outlet_tm_faces now size 564
Read set faceSet outlet_tm_faces size:564
    Applying source patchToFace
    Adding all faces of patches: (iris_wall) ...
    Found matching patch iris_wall with 240 faces
    faceSet outlet_tm_faces now size 804
Read set faceSet outlet_tm_faces size:804
    Applying source patchToFace
    Adding all faces of patches: (tm_se_wall) ...
--> FOAM Warning : 
    From Foam::labelHashSet Foam::polyBoundaryMesh::patchSet(const Foam::UList<Foam::wordRe>&, bool, bool) const
    in file meshes/polyMesh/polyBoundaryMesh/polyBoundaryMesh.C at line 1158
    Cannot find any patch names matching tm_se_wall
--> FOAM Warning : 
    From void Foam::patchToFace::combine(Foam::topoSet&, bool) const
    in file topoSet/faceSources/patchToFace/patchToFace.C at line 96
    Cannot find any patches matching (tm_se_wall)
Valid names: (wall iris_wall outlet_tm lens_wall ac_inlet ac_inlet_left outlet_tm_left defaultFaces)
    faceSet outlet_tm_faces now size 804
Read set faceSet outlet_tm_faces size:804
    Applying source boxToFace
    Adding faces with centre within boxes 1((0.00665 -0.0048 -1e-05) (0.00698 -0.00445 0.001001))
    faceSet outlet_tm_faces now size 4
Read set faceSet outlet_tm_faces size:4
    Applying source normalToFace
    Adding faces according to normal being aligned with (0.75568908 -0.65493054 0) (to within 0.35) ...
    faceSet outlet_tm_faces now size 2
Created faceSet outlet_tm_left_faces
    Applying source patchToFace
    Adding all faces of patches: (outlet_tm_left) ...
    Found matching patch outlet_tm_left with 6 faces
    faceSet outlet_tm_left_faces now size 6
Read set faceSet outlet_tm_left_faces size:6
    Applying source patchToFace
    Adding all faces of patches: (wall) ...
    Found matching patch wall with 558 faces
    faceSet outlet_tm_left_faces now size 564
Read set faceSet outlet_tm_left_faces size:564
    Applying source patchToFace
    Adding all faces of patches: (iris_wall) ...
    Found matching patch iris_wall with 240 faces
    faceSet outlet_tm_left_faces now size 804
Read set faceSet outlet_tm_left_faces size:804
    Applying source patchToFace
    Adding all faces of patches: (tm_se_wall) ...
--> FOAM Warning : 
    From Foam::labelHashSet Foam::polyBoundaryMesh::patchSet(const Foam::UList<Foam::wordRe>&, bool, bool) const
    in file meshes/polyMesh/polyBoundaryMesh/polyBoundaryMesh.C at line 1158
    Cannot find any patch names matching tm_se_wall
--> FOAM Warning : 
    From void Foam::patchToFace::combine(Foam::topoSet&, bool) const
    in file topoSet/faceSources/patchToFace/patchToFace.C at line 96
    Cannot find any patches matching (tm_se_wall)
Valid names: (wall iris_wall outlet_tm lens_wall ac_inlet ac_inlet_left outlet_tm_left defaultFaces)
    faceSet outlet_tm_left_faces now size 804
Read set faceSet outlet_tm_left_faces size:804
    Applying source boxToFace
    Adding faces with centre within boxes 1((-0.00698 -0.0048 -1e-05) (-0.00665 -0.00445 0.001001))
    faceSet outlet_tm_left_faces now size 4
Read set faceSet outlet_tm_left_faces size:4
    Applying source normalToFace
    Adding faces according to normal being aligned with (-0.75568908 -0.65493054 0) (to within 0.35) ...
    faceSet outlet_tm_left_faces now size 2
Created faceSet ac_inlet_faces
    Applying source patchToFace
    Adding all faces of patches: (ac_inlet) ...
    Found matching patch ac_inlet with 3 faces
    faceSet ac_inlet_faces now size 3
Read set faceSet ac_inlet_faces size:3
    Applying source patchToFace
    Adding all faces of patches: (wall) ...
    Found matching patch wall with 558 faces
    faceSet ac_inlet_faces now size 561
Read set faceSet ac_inlet_faces size:561
    Applying source patchToFace
    Adding all faces of patches: (iris_wall) ...
    Found matching patch iris_wall with 240 faces
    faceSet ac_inlet_faces now size 801
Read set faceSet ac_inlet_faces size:801
    Applying source boxToFace
    Adding faces with centre within boxes 1((0.00688 -0.0039 -1e-05) (0.00702 -0.0035 0.001001))
    faceSet ac_inlet_faces now size 2
Read set faceSet ac_inlet_faces size:2
    Applying source normalToFace
    Adding faces according to normal being aligned with (1 0 0) (to within 0.7) ...
    faceSet ac_inlet_faces now size 2
Created faceSet ac_inlet_left_faces
    Applying source patchToFace
    Adding all faces of patches: (ac_inlet_left) ...
    Found matching patch ac_inlet_left with 3 faces
    faceSet ac_inlet_left_faces now size 3
Read set faceSet ac_inlet_left_faces size:3
    Applying source patchToFace
    Adding all faces of patches: (wall) ...
    Found matching patch wall with 558 faces
    faceSet ac_inlet_left_faces now size 561
Read set faceSet ac_inlet_left_faces size:561
    Applying source patchToFace
    Adding all faces of patches: (iris_wall) ...
    Found matching patch iris_wall with 240 faces
    faceSet ac_inlet_left_faces now size 801
Read set faceSet ac_inlet_left_faces size:801
    Applying source boxToFace
    Adding faces with centre within boxes 1((-0.00702 -0.0039 -1e-05) (-0.00688 -0.0035 0.001001))
    faceSet ac_inlet_left_faces now size 2
Read set faceSet ac_inlet_left_faces size:2
    Applying source normalToFace
    Adding faces according to normal being aligned with (-1 0 0) (to within 0.7) ...
    faceSet ac_inlet_left_faces now size 2
Created faceSet demote_to_wall
    Applying source patchToFace
    Adding all faces of patches: (outlet_tm) ...
    Found matching patch outlet_tm with 6 faces
    faceSet demote_to_wall now size 6
Read set faceSet demote_to_wall size:6
    Applying source patchToFace
    Adding all faces of patches: (outlet_tm_left) ...
    Found matching patch outlet_tm_left with 6 faces
    faceSet demote_to_wall now size 12
Read set faceSet demote_to_wall size:12
    Applying source patchToFace
    Adding all faces of patches: (ac_inlet) ...
    Found matching patch ac_inlet with 3 faces
    faceSet demote_to_wall now size 15
Read set faceSet demote_to_wall size:15
    Applying source patchToFace
    Adding all faces of patches: (ac_inlet_left) ...
    Found matching patch ac_inlet_left with 3 faces
    faceSet demote_to_wall now size 18
Read set faceSet demote_to_wall size:18
    Applying source faceToFace
    Removing all elements of face sets: (outlet_tm_faces)
    faceSet demote_to_wall now size 16
Read set faceSet demote_to_wall size:16
    Applying source faceToFace
    Removing all elements of face sets: (outlet_tm_left_faces)
    faceSet demote_to_wall now size 14
Read set faceSet demote_to_wall size:14
    Applying source faceToFace
    Removing all elements of face sets: (ac_inlet_faces)
    faceSet demote_to_wall now size 12
Read set faceSet demote_to_wall size:12
    Applying source faceToFace
    Removing all elements of face sets: (ac_inlet_left_faces)
    faceSet demote_to_wall now size 10
Time = 90
    mesh not changed.
Created faceSet outlet_tm_faces
    Applying source patchToFace
    Adding all faces of patches: (outlet_tm) ...
    Found matching patch outlet_tm with 6 faces
    faceSet outlet_tm_faces now size 6
Read set faceSet outlet_tm_faces size:6
    Applying source patchToFace
    Adding all faces of patches: (wall) ...
    Found matching patch wall with 558 faces
    faceSet outlet_tm_faces now size 564
Read set faceSet outlet_tm_faces size:564
    Applying source patchToFace
    Adding all faces of patches: (iris_wall) ...
    Found matching patch iris_wall with 240 faces
    faceSet outlet_tm_faces now size 804
Read set faceSet outlet_tm_faces size:804
    Applying source patchToFace
    Adding all faces of patches: (tm_se_wall) ...
--> FOAM Warning : 
    From Foam::labelHashSet Foam::polyBoundaryMesh::patchSet(const Foam::UList<Foam::wordRe>&, bool, bool) const
    in file meshes/polyMesh/polyBoundaryMesh/polyBoundaryMesh.C at line 1158
    Cannot find any patch names matching tm_se_wall
--> FOAM Warning : 
    From void Foam::patchToFace::combine(Foam::topoSet&, bool) const
    in file topoSet/faceSources/patchToFace/patchToFace.C at line 96
    Cannot find any patches matching (tm_se_wall)
Valid names: (wall iris_wall outlet_tm lens_wall ac_inlet ac_inlet_left outlet_tm_left defaultFaces)
    faceSet outlet_tm_faces now size 804
Read set faceSet outlet_tm_faces size:804
    Applying source boxToFace
    Adding faces with centre within boxes 1((0.00665 -0.0048 -1e-05) (0.00698 -0.00445 0.001001))
    faceSet outlet_tm_faces now size 4
Read set faceSet outlet_tm_faces size:4
    Applying source normalToFace
    Adding faces according to normal being aligned with (0.75568908 -0.65493054 0) (to within 0.35) ...
    faceSet outlet_tm_faces now size 2
Created faceSet outlet_tm_left_faces
    Applying source patchToFace
    Adding all faces of patches: (outlet_tm_left) ...
    Found matching patch outlet_tm_left with 6 faces
    faceSet outlet_tm_left_faces now size 6
Read set faceSet outlet_tm_left_faces size:6
    Applying source patchToFace
    Adding all faces of patches: (wall) ...
    Found matching patch wall with 558 faces
    faceSet outlet_tm_left_faces now size 564
Read set faceSet outlet_tm_left_faces size:564
    Applying source patchToFace
    Adding all faces of patches: (iris_wall) ...
    Found matching patch iris_wall with 240 faces
    faceSet outlet_tm_left_faces now size 804
Read set faceSet outlet_tm_left_faces size:804
    Applying source patchToFace
    Adding all faces of patches: (tm_se_wall) ...
--> FOAM Warning : 
    From Foam::labelHashSet Foam::polyBoundaryMesh::patchSet(const Foam::UList<Foam::wordRe>&, bool, bool) const
    in file meshes/polyMesh/polyBoundaryMesh/polyBoundaryMesh.C at line 1158
    Cannot find any patch names matching tm_se_wall
--> FOAM Warning : 
    From void Foam::patchToFace::combine(Foam::topoSet&, bool) const
    in file topoSet/faceSources/patchToFace/patchToFace.C at line 96
    Cannot find any patches matching (tm_se_wall)
Valid names: (wall iris_wall outlet_tm lens_wall ac_inlet ac_inlet_left outlet_tm_left defaultFaces)
    faceSet outlet_tm_left_faces now size 804
Read set faceSet outlet_tm_left_faces size:804
    Applying source boxToFace
    Adding faces with centre within boxes 1((-0.00698 -0.0048 -1e-05) (-0.00665 -0.00445 0.001001))
    faceSet outlet_tm_left_faces now size 4
Read set faceSet outlet_tm_left_faces size:4
    Applying source normalToFace
    Adding faces according to normal being aligned with (-0.75568908 -0.65493054 0) (to within 0.35) ...
    faceSet outlet_tm_left_faces now size 2
Created faceSet ac_inlet_faces
    Applying source patchToFace
    Adding all faces of patches: (ac_inlet) ...
    Found matching patch ac_inlet with 3 faces
    faceSet ac_inlet_faces now size 3
Read set faceSet ac_inlet_faces size:3
    Applying source patchToFace
    Adding all faces of patches: (wall) ...
    Found matching patch wall with 558 faces
    faceSet ac_inlet_faces now size 561
Read set faceSet ac_inlet_faces size:561
    Applying source patchToFace
    Adding all faces of patches: (iris_wall) ...
    Found matching patch iris_wall with 240 faces
    faceSet ac_inlet_faces now size 801
Read set faceSet ac_inlet_faces size:801
    Applying source boxToFace
    Adding faces with centre within boxes 1((0.00688 -0.0039 -1e-05) (0.00702 -0.0035 0.001001))
    faceSet ac_inlet_faces now size 2
Read set faceSet ac_inlet_faces size:2
    Applying source normalToFace
    Adding faces according to normal being aligned with (1 0 0) (to within 0.7) ...
    faceSet ac_inlet_faces now size 2
Created faceSet ac_inlet_left_faces
    Applying source patchToFace
    Adding all faces of patches: (ac_inlet_left) ...
    Found matching patch ac_inlet_left with 3 faces
    faceSet ac_inlet_left_faces now size 3
Read set faceSet ac_inlet_left_faces size:3
    Applying source patchToFace
    Adding all faces of patches: (wall) ...
    Found matching patch wall with 558 faces
    faceSet ac_inlet_left_faces now size 561
Read set faceSet ac_inlet_left_faces size:561
    Applying source patchToFace
    Adding all faces of patches: (iris_wall) ...
    Found matching patch iris_wall with 240 faces
    faceSet ac_inlet_left_faces now size 801
Read set faceSet ac_inlet_left_faces size:801
    Applying source boxToFace
    Adding faces with centre within boxes 1((-0.00702 -0.0039 -1e-05) (-0.00688 -0.0035 0.001001))
    faceSet ac_inlet_left_faces now size 2
Read set faceSet ac_inlet_left_faces size:2
    Applying source normalToFace
    Adding faces according to normal being aligned with (-1 0 0) (to within 0.7) ...
    faceSet ac_inlet_left_faces now size 2
Created faceSet demote_to_wall
    Applying source patchToFace
    Adding all faces of patches: (outlet_tm) ...
    Found matching patch outlet_tm with 6 faces
    faceSet demote_to_wall now size 6
Read set faceSet demote_to_wall size:6
    Applying source patchToFace
    Adding all faces of patches: (outlet_tm_left) ...
    Found matching patch outlet_tm_left with 6 faces
    faceSet demote_to_wall now size 12
Read set faceSet demote_to_wall size:12
    Applying source patchToFace
    Adding all faces of patches: (ac_inlet) ...
    Found matching patch ac_inlet with 3 faces
    faceSet demote_to_wall now size 15
Read set faceSet demote_to_wall size:15
    Applying source patchToFace
    Adding all faces of patches: (ac_inlet_left) ...
    Found matching patch ac_inlet_left with 3 faces
    faceSet demote_to_wall now size 18
Read set faceSet demote_to_wall size:18
    Applying source faceToFace
    Removing all elements of face sets: (outlet_tm_faces)
    faceSet demote_to_wall now size 16
Read set faceSet demote_to_wall size:16
    Applying source faceToFace
    Removing all elements of face sets: (outlet_tm_left_faces)
    faceSet demote_to_wall now size 14
Read set faceSet demote_to_wall size:14
    Applying source faceToFace
    Removing all elements of face sets: (ac_inlet_faces)
    faceSet demote_to_wall now size 12
Read set faceSet demote_to_wall size:12
    Applying source faceToFace
    Removing all elements of face sets: (ac_inlet_left_faces)
    faceSet demote_to_wall now size 10
Time = 98
    mesh not changed.
Created faceSet outlet_tm_faces
    Applying source patchToFace
    Adding all faces of patches: (outlet_tm) ...
    Found matching patch outlet_tm with 6 faces
    faceSet outlet_tm_faces now size 6
Read set faceSet outlet_tm_faces size:6
    Applying source patchToFace
    Adding all faces of patches: (wall) ...
    Found matching patch wall with 558 faces
    faceSet outlet_tm_faces now size 564
Read set faceSet outlet_tm_faces size:564
    Applying source patchToFace
    Adding all faces of patches: (iris_wall) ...
    Found matching patch iris_wall with 240 faces
    faceSet outlet_tm_faces now size 804
Read set faceSet outlet_tm_faces size:804
    Applying source patchToFace
    Adding all faces of patches: (tm_se_wall) ...
--> FOAM Warning : 
    From Foam::labelHashSet Foam::polyBoundaryMesh::patchSet(const Foam::UList<Foam::wordRe>&, bool, bool) const
    in file meshes/polyMesh/polyBoundaryMesh/polyBoundaryMesh.C at line 1158
    Cannot find any patch names matching tm_se_wall
--> FOAM Warning : 
    From void Foam::patchToFace::combine(Foam::topoSet&, bool) const
    in file topoSet/faceSources/patchToFace/patchToFace.C at line 96
    Cannot find any patches matching (tm_se_wall)
Valid names: (wall iris_wall outlet_tm lens_wall ac_inlet ac_inlet_left outlet_tm_left defaultFaces)
    faceSet outlet_tm_faces now size 804
Read set faceSet outlet_tm_faces size:804
    Applying source boxToFace
    Adding faces with centre within boxes 1((0.00665 -0.0048 -1e-05) (0.00698 -0.00445 0.001001))
    faceSet outlet_tm_faces now size 4
Read set faceSet outlet_tm_faces size:4
    Applying source normalToFace
    Adding faces according to normal being aligned with (0.75568908 -0.65493054 0) (to within 0.35) ...
    faceSet outlet_tm_faces now size 2
Created faceSet outlet_tm_left_faces
    Applying source patchToFace
    Adding all faces of patches: (outlet_tm_left) ...
    Found matching patch outlet_tm_left with 6 faces
    faceSet outlet_tm_left_faces now size 6
Read set faceSet outlet_tm_left_faces size:6
    Applying source patchToFace
    Adding all faces of patches: (wall) ...
    Found matching patch wall with 558 faces
    faceSet outlet_tm_left_faces now size 564
Read set faceSet outlet_tm_left_faces size:564
    Applying source patchToFace
    Adding all faces of patches: (iris_wall) ...
    Found matching patch iris_wall with 240 faces
    faceSet outlet_tm_left_faces now size 804
Read set faceSet outlet_tm_left_faces size:804
    Applying source patchToFace
    Adding all faces of patches: (tm_se_wall) ...
--> FOAM Warning : 
    From Foam::labelHashSet Foam::polyBoundaryMesh::patchSet(const Foam::UList<Foam::wordRe>&, bool, bool) const
    in file meshes/polyMesh/polyBoundaryMesh/polyBoundaryMesh.C at line 1158
    Cannot find any patch names matching tm_se_wall
--> FOAM Warning : 
    From void Foam::patchToFace::combine(Foam::topoSet&, bool) const
    in file topoSet/faceSources/patchToFace/patchToFace.C at line 96
    Cannot find any patches matching (tm_se_wall)
Valid names: (wall iris_wall outlet_tm lens_wall ac_inlet ac_inlet_left outlet_tm_left defaultFaces)
    faceSet outlet_tm_left_faces now size 804
Read set faceSet outlet_tm_left_faces size:804
    Applying source boxToFace
    Adding faces with centre within boxes 1((-0.00698 -0.0048 -1e-05) (-0.00665 -0.00445 0.001001))
    faceSet outlet_tm_left_faces now size 4
Read set faceSet outlet_tm_left_faces size:4
    Applying source normalToFace
    Adding faces according to normal being aligned with (-0.75568908 -0.65493054 0) (to within 0.35) ...
    faceSet outlet_tm_left_faces now size 2
Created faceSet ac_inlet_faces
    Applying source patchToFace
    Adding all faces of patches: (ac_inlet) ...
    Found matching patch ac_inlet with 3 faces
    faceSet ac_inlet_faces now size 3
Read set faceSet ac_inlet_faces size:3
    Applying source patchToFace
    Adding all faces of patches: (wall) ...
    Found matching patch wall with 558 faces
    faceSet ac_inlet_faces now size 561
Read set faceSet ac_inlet_faces size:561
    Applying source patchToFace
    Adding all faces of patches: (iris_wall) ...
    Found matching patch iris_wall with 240 faces
    faceSet ac_inlet_faces now size 801
Read set faceSet ac_inlet_faces size:801
    Applying source boxToFace
    Adding faces with centre within boxes 1((0.00688 -0.0039 -1e-05) (0.00702 -0.0035 0.001001))
    faceSet ac_inlet_faces now size 2
Read set faceSet ac_inlet_faces size:2
    Applying source normalToFace
    Adding faces according to normal being aligned with (1 0 0) (to within 0.7) ...
    faceSet ac_inlet_faces now size 2
Created faceSet ac_inlet_left_faces
    Applying source patchToFace
    Adding all faces of patches: (ac_inlet_left) ...
    Found matching patch ac_inlet_left with 3 faces
    faceSet ac_inlet_left_faces now size 3
Read set faceSet ac_inlet_left_faces size:3
    Applying source patchToFace
    Adding all faces of patches: (wall) ...
    Found matching patch wall with 558 faces
    faceSet ac_inlet_left_faces now size 561
Read set faceSet ac_inlet_left_faces size:561
    Applying source patchToFace
    Adding all faces of patches: (iris_wall) ...
    Found matching patch iris_wall with 240 faces
    faceSet ac_inlet_left_faces now size 801
Read set faceSet ac_inlet_left_faces size:801
    Applying source boxToFace
    Adding faces with centre within boxes 1((-0.00702 -0.0039 -1e-05) (-0.00688 -0.0035 0.001001))
    faceSet ac_inlet_left_faces now size 2
Read set faceSet ac_inlet_left_faces size:2
    Applying source normalToFace
    Adding faces according to normal being aligned with (-1 0 0) (to within 0.7) ...
    faceSet ac_inlet_left_faces now size 2
Created faceSet demote_to_wall
    Applying source patchToFace
    Adding all faces of patches: (outlet_tm) ...
    Found matching patch outlet_tm with 6 faces
    faceSet demote_to_wall now size 6
Read set faceSet demote_to_wall size:6
    Applying source patchToFace
    Adding all faces of patches: (outlet_tm_left) ...
    Found matching patch outlet_tm_left with 6 faces
    faceSet demote_to_wall now size 12
Read set faceSet demote_to_wall size:12
    Applying source patchToFace
    Adding all faces of patches: (ac_inlet) ...
    Found matching patch ac_inlet with 3 faces
    faceSet demote_to_wall now size 15
Read set faceSet demote_to_wall size:15
    Applying source patchToFace
    Adding all faces of patches: (ac_inlet_left) ...
    Found matching patch ac_inlet_left with 3 faces
    faceSet demote_to_wall now size 18
Read set faceSet demote_to_wall size:18
    Applying source faceToFace
    Removing all elements of face sets: (outlet_tm_faces)
    faceSet demote_to_wall now size 16
Read set faceSet demote_to_wall size:16
    Applying source faceToFace
    Removing all elements of face sets: (outlet_tm_left_faces)
    faceSet demote_to_wall now size 14
Read set faceSet demote_to_wall size:14
    Applying source faceToFace
    Removing all elements of face sets: (ac_inlet_faces)
    faceSet demote_to_wall now size 12
Read set faceSet demote_to_wall size:12
    Applying source faceToFace
    Removing all elements of face sets: (ac_inlet_left_faces)
    faceSet demote_to_wall now size 10
Time = 100
    mesh not changed.
Created faceSet outlet_tm_faces
    Applying source patchToFace
    Adding all faces of patches: (outlet_tm) ...
    Found matching patch outlet_tm with 6 faces
    faceSet outlet_tm_faces now size 6
Read set faceSet outlet_tm_faces size:6
    Applying source patchToFace
    Adding all faces of patches: (wall) ...
    Found matching patch wall with 558 faces
    faceSet outlet_tm_faces now size 564
Read set faceSet outlet_tm_faces size:564
    Applying source patchToFace
    Adding all faces of patches: (iris_wall) ...
    Found matching patch iris_wall with 240 faces
    faceSet outlet_tm_faces now size 804
Read set faceSet outlet_tm_faces size:804
    Applying source patchToFace
    Adding all faces of patches: (tm_se_wall) ...
--> FOAM Warning : 
    From Foam::labelHashSet Foam::polyBoundaryMesh::patchSet(const Foam::UList<Foam::wordRe>&, bool, bool) const
    in file meshes/polyMesh/polyBoundaryMesh/polyBoundaryMesh.C at line 1158
    Cannot find any patch names matching tm_se_wall
--> FOAM Warning : 
    From void Foam::patchToFace::combine(Foam::topoSet&, bool) const
    in file topoSet/faceSources/patchToFace/patchToFace.C at line 96
    Cannot find any patches matching (tm_se_wall)
Valid names: (wall iris_wall outlet_tm lens_wall ac_inlet ac_inlet_left outlet_tm_left defaultFaces)
    faceSet outlet_tm_faces now size 804
Read set faceSet outlet_tm_faces size:804
    Applying source boxToFace
    Adding faces with centre within boxes 1((0.00665 -0.0048 -1e-05) (0.00698 -0.00445 0.001001))
    faceSet outlet_tm_faces now size 4
Read set faceSet outlet_tm_faces size:4
    Applying source normalToFace
    Adding faces according to normal being aligned with (0.75568908 -0.65493054 0) (to within 0.35) ...
    faceSet outlet_tm_faces now size 2
Created faceSet outlet_tm_left_faces
    Applying source patchToFace
    Adding all faces of patches: (outlet_tm_left) ...
    Found matching patch outlet_tm_left with 6 faces
    faceSet outlet_tm_left_faces now size 6
Read set faceSet outlet_tm_left_faces size:6
    Applying source patchToFace
    Adding all faces of patches: (wall) ...
    Found matching patch wall with 558 faces
    faceSet outlet_tm_left_faces now size 564
Read set faceSet outlet_tm_left_faces size:564
    Applying source patchToFace
    Adding all faces of patches: (iris_wall) ...
    Found matching patch iris_wall with 240 faces
    faceSet outlet_tm_left_faces now size 804
Read set faceSet outlet_tm_left_faces size:804
    Applying source patchToFace
    Adding all faces of patches: (tm_se_wall) ...
--> FOAM Warning : 
    From Foam::labelHashSet Foam::polyBoundaryMesh::patchSet(const Foam::UList<Foam::wordRe>&, bool, bool) const
    in file meshes/polyMesh/polyBoundaryMesh/polyBoundaryMesh.C at line 1158
    Cannot find any patch names matching tm_se_wall
--> FOAM Warning : 
    From void Foam::patchToFace::combine(Foam::topoSet&, bool) const
    in file topoSet/faceSources/patchToFace/patchToFace.C at line 96
    Cannot find any patches matching (tm_se_wall)
Valid names: (wall iris_wall outlet_tm lens_wall ac_inlet ac_inlet_left outlet_tm_left defaultFaces)
    faceSet outlet_tm_left_faces now size 804
Read set faceSet outlet_tm_left_faces size:804
    Applying source boxToFace
    Adding faces with centre within boxes 1((-0.00698 -0.0048 -1e-05) (-0.00665 -0.00445 0.001001))
    faceSet outlet_tm_left_faces now size 4
Read set faceSet outlet_tm_left_faces size:4
    Applying source normalToFace
    Adding faces according to normal being aligned with (-0.75568908 -0.65493054 0) (to within 0.35) ...
    faceSet outlet_tm_left_faces now size 2
Created faceSet ac_inlet_faces
    Applying source patchToFace
    Adding all faces of patches: (ac_inlet) ...
    Found matching patch ac_inlet with 3 faces
    faceSet ac_inlet_faces now size 3
Read set faceSet ac_inlet_faces size:3
    Applying source patchToFace
    Adding all faces of patches: (wall) ...
    Found matching patch wall with 558 faces
    faceSet ac_inlet_faces now size 561
Read set faceSet ac_inlet_faces size:561
    Applying source patchToFace
    Adding all faces of patches: (iris_wall) ...
    Found matching patch iris_wall with 240 faces
    faceSet ac_inlet_faces now size 801
Read set faceSet ac_inlet_faces size:801
    Applying source boxToFace
    Adding faces with centre within boxes 1((0.00688 -0.0039 -1e-05) (0.00702 -0.0035 0.001001))
    faceSet ac_inlet_faces now size 2
Read set faceSet ac_inlet_faces size:2
    Applying source normalToFace
    Adding faces according to normal being aligned with (1 0 0) (to within 0.7) ...
    faceSet ac_inlet_faces now size 2
Created faceSet ac_inlet_left_faces
    Applying source patchToFace
    Adding all faces of patches: (ac_inlet_left) ...
    Found matching patch ac_inlet_left with 3 faces
    faceSet ac_inlet_left_faces now size 3
Read set faceSet ac_inlet_left_faces size:3
    Applying source patchToFace
    Adding all faces of patches: (wall) ...
    Found matching patch wall with 558 faces
    faceSet ac_inlet_left_faces now size 561
Read set faceSet ac_inlet_left_faces size:561
    Applying source patchToFace
    Adding all faces of patches: (iris_wall) ...
    Found matching patch iris_wall with 240 faces
    faceSet ac_inlet_left_faces now size 801
Read set faceSet ac_inlet_left_faces size:801
    Applying source boxToFace
    Adding faces with centre within boxes 1((-0.00702 -0.0039 -1e-05) (-0.00688 -0.0035 0.001001))
    faceSet ac_inlet_left_faces now size 2
Read set faceSet ac_inlet_left_faces size:2
    Applying source normalToFace
    Adding faces according to normal being aligned with (-1 0 0) (to within 0.7) ...
    faceSet ac_inlet_left_faces now size 2
Created faceSet demote_to_wall
    Applying source patchToFace
    Adding all faces of patches: (outlet_tm) ...
    Found matching patch outlet_tm with 6 faces
    faceSet demote_to_wall now size 6
Read set faceSet demote_to_wall size:6
    Applying source patchToFace
    Adding all faces of patches: (outlet_tm_left) ...
    Found matching patch outlet_tm_left with 6 faces
    faceSet demote_to_wall now size 12
Read set faceSet demote_to_wall size:12
    Applying source patchToFace
    Adding all faces of patches: (ac_inlet) ...
    Found matching patch ac_inlet with 3 faces
    faceSet demote_to_wall now size 15
Read set faceSet demote_to_wall size:15
    Applying source patchToFace
    Adding all faces of patches: (ac_inlet_left) ...
    Found matching patch ac_inlet_left with 3 faces
    faceSet demote_to_wall now size 18
Read set faceSet demote_to_wall size:18
    Applying source faceToFace
    Removing all elements of face sets: (outlet_tm_faces)
    faceSet demote_to_wall now size 16
Read set faceSet demote_to_wall size:16
    Applying source faceToFace
    Removing all elements of face sets: (outlet_tm_left_faces)
    faceSet demote_to_wall now size 14
Read set faceSet demote_to_wall size:14
    Applying source faceToFace
    Removing all elements of face sets: (ac_inlet_faces)
    faceSet demote_to_wall now size 12
Read set faceSet demote_to_wall size:12
    Applying source faceToFace
    Removing all elements of face sets: (ac_inlet_left_faces)
    faceSet demote_to_wall now size 10
Time = 107
    mesh not changed.
Created faceSet outlet_tm_faces
    Applying source patchToFace
    Adding all faces of patches: (outlet_tm) ...
    Found matching patch outlet_tm with 6 faces
    faceSet outlet_tm_faces now size 6
Read set faceSet outlet_tm_faces size:6
    Applying source patchToFace
    Adding all faces of patches: (wall) ...
    Found matching patch wall with 558 faces
    faceSet outlet_tm_faces now size 564
Read set faceSet outlet_tm_faces size:564
    Applying source patchToFace
    Adding all faces of patches: (iris_wall) ...
    Found matching patch iris_wall with 240 faces
    faceSet outlet_tm_faces now size 804
Read set faceSet outlet_tm_faces size:804
    Applying source patchToFace
    Adding all faces of patches: (tm_se_wall) ...
--> FOAM Warning : 
    From Foam::labelHashSet Foam::polyBoundaryMesh::patchSet(const Foam::UList<Foam::wordRe>&, bool, bool) const
    in file meshes/polyMesh/polyBoundaryMesh/polyBoundaryMesh.C at line 1158
    Cannot find any patch names matching tm_se_wall
--> FOAM Warning : 
    From void Foam::patchToFace::combine(Foam::topoSet&, bool) const
    in file topoSet/faceSources/patchToFace/patchToFace.C at line 96
    Cannot find any patches matching (tm_se_wall)
Valid names: (wall iris_wall outlet_tm lens_wall ac_inlet ac_inlet_left outlet_tm_left defaultFaces)
    faceSet outlet_tm_faces now size 804
Read set faceSet outlet_tm_faces size:804
    Applying source boxToFace
    Adding faces with centre within boxes 1((0.00665 -0.0048 -1e-05) (0.00698 -0.00445 0.001001))
    faceSet outlet_tm_faces now size 4
Read set faceSet outlet_tm_faces size:4
    Applying source normalToFace
    Adding faces according to normal being aligned with (0.75568908 -0.65493054 0) (to within 0.35) ...
    faceSet outlet_tm_faces now size 2
Created faceSet outlet_tm_left_faces
    Applying source patchToFace
    Adding all faces of patches: (outlet_tm_left) ...
    Found matching patch outlet_tm_left with 6 faces
    faceSet outlet_tm_left_faces now size 6
Read set faceSet outlet_tm_left_faces size:6
    Applying source patchToFace
    Adding all faces of patches: (wall) ...
    Found matching patch wall with 558 faces
    faceSet outlet_tm_left_faces now size 564
Read set faceSet outlet_tm_left_faces size:564
    Applying source patchToFace
    Adding all faces of patches: (iris_wall) ...
    Found matching patch iris_wall with 240 faces
    faceSet outlet_tm_left_faces now size 804
Read set faceSet outlet_tm_left_faces size:804
    Applying source patchToFace
    Adding all faces of patches: (tm_se_wall) ...
--> FOAM Warning : 
    From Foam::labelHashSet Foam::polyBoundaryMesh::patchSet(const Foam::UList<Foam::wordRe>&, bool, bool) const
    in file meshes/polyMesh/polyBoundaryMesh/polyBoundaryMesh.C at line 1158
    Cannot find any patch names matching tm_se_wall
--> FOAM Warning : 
    From void Foam::patchToFace::combine(Foam::topoSet&, bool) const
    in file topoSet/faceSources/patchToFace/patchToFace.C at line 96
    Cannot find any patches matching (tm_se_wall)
Valid names: (wall iris_wall outlet_tm lens_wall ac_inlet ac_inlet_left outlet_tm_left defaultFaces)
    faceSet outlet_tm_left_faces now size 804
Read set faceSet outlet_tm_left_faces size:804
    Applying source boxToFace
    Adding faces with centre within boxes 1((-0.00698 -0.0048 -1e-05) (-0.00665 -0.00445 0.001001))
    faceSet outlet_tm_left_faces now size 4
Read set faceSet outlet_tm_left_faces size:4
    Applying source normalToFace
    Adding faces according to normal being aligned with (-0.75568908 -0.65493054 0) (to within 0.35) ...
    faceSet outlet_tm_left_faces now size 2
Created faceSet ac_inlet_faces
    Applying source patchToFace
    Adding all faces of patches: (ac_inlet) ...
    Found matching patch ac_inlet with 3 faces
    faceSet ac_inlet_faces now size 3
Read set faceSet ac_inlet_faces size:3
    Applying source patchToFace
    Adding all faces of patches: (wall) ...
    Found matching patch wall with 558 faces
    faceSet ac_inlet_faces now size 561
Read set faceSet ac_inlet_faces size:561
    Applying source patchToFace
    Adding all faces of patches: (iris_wall) ...
    Found matching patch iris_wall with 240 faces
    faceSet ac_inlet_faces now size 801
Read set faceSet ac_inlet_faces size:801
    Applying source boxToFace
    Adding faces with centre within boxes 1((0.00688 -0.0039 -1e-05) (0.00702 -0.0035 0.001001))
    faceSet ac_inlet_faces now size 2
Read set faceSet ac_inlet_faces size:2
    Applying source normalToFace
    Adding faces according to normal being aligned with (1 0 0) (to within 0.7) ...
    faceSet ac_inlet_faces now size 2
Created faceSet ac_inlet_left_faces
    Applying source patchToFace
    Adding all faces of patches: (ac_inlet_left) ...
    Found matching patch ac_inlet_left with 3 faces
    faceSet ac_inlet_left_faces now size 3
Read set faceSet ac_inlet_left_faces size:3
    Applying source patchToFace
    Adding all faces of patches: (wall) ...
    Found matching patch wall with 558 faces
    faceSet ac_inlet_left_faces now size 561
Read set faceSet ac_inlet_left_faces size:561
    Applying source patchToFace
    Adding all faces of patches: (iris_wall) ...
    Found matching patch iris_wall with 240 faces
    faceSet ac_inlet_left_faces now size 801
Read set faceSet ac_inlet_left_faces size:801
    Applying source boxToFace
    Adding faces with centre within boxes 1((-0.00702 -0.0039 -1e-05) (-0.00688 -0.0035 0.001001))
    faceSet ac_inlet_left_faces now size 2
Read set faceSet ac_inlet_left_faces size:2
    Applying source normalToFace
    Adding faces according to normal being aligned with (-1 0 0) (to within 0.7) ...
    faceSet ac_inlet_left_faces now size 2
Created faceSet demote_to_wall
    Applying source patchToFace
    Adding all faces of patches: (outlet_tm) ...
    Found matching patch outlet_tm with 6 faces
    faceSet demote_to_wall now size 6
Read set faceSet demote_to_wall size:6
    Applying source patchToFace
    Adding all faces of patches: (outlet_tm_left) ...
    Found matching patch outlet_tm_left with 6 faces
    faceSet demote_to_wall now size 12
Read set faceSet demote_to_wall size:12
    Applying source patchToFace
    Adding all faces of patches: (ac_inlet) ...
    Found matching patch ac_inlet with 3 faces
    faceSet demote_to_wall now size 15
Read set faceSet demote_to_wall size:15
    Applying source patchToFace
    Adding all faces of patches: (ac_inlet_left) ...
    Found matching patch ac_inlet_left with 3 faces
    faceSet demote_to_wall now size 18
Read set faceSet demote_to_wall size:18
    Applying source faceToFace
    Removing all elements of face sets: (outlet_tm_faces)
    faceSet demote_to_wall now size 16
Read set faceSet demote_to_wall size:16
    Applying source faceToFace
    Removing all elements of face sets: (outlet_tm_left_faces)
    faceSet demote_to_wall now size 14
Read set faceSet demote_to_wall size:14
    Applying source faceToFace
    Removing all elements of face sets: (ac_inlet_faces)
    faceSet demote_to_wall now size 12
Read set faceSet demote_to_wall size:12
    Applying source faceToFace
    Removing all elements of face sets: (ac_inlet_left_faces)
    faceSet demote_to_wall now size 10
Time = 150
    mesh not changed.
Created faceSet outlet_tm_faces
    Applying source patchToFace
    Adding all faces of patches: (outlet_tm) ...
    Found matching patch outlet_tm with 6 faces
    faceSet outlet_tm_faces now size 6
Read set faceSet outlet_tm_faces size:6
    Applying source patchToFace
    Adding all faces of patches: (wall) ...
    Found matching patch wall with 558 faces
    faceSet outlet_tm_faces now size 564
Read set faceSet outlet_tm_faces size:564
    Applying source patchToFace
    Adding all faces of patches: (iris_wall) ...
    Found matching patch iris_wall with 240 faces
    faceSet outlet_tm_faces now size 804
Read set faceSet outlet_tm_faces size:804
    Applying source patchToFace
    Adding all faces of patches: (tm_se_wall) ...
--> FOAM Warning : 
    From Foam::labelHashSet Foam::polyBoundaryMesh::patchSet(const Foam::UList<Foam::wordRe>&, bool, bool) const
    in file meshes/polyMesh/polyBoundaryMesh/polyBoundaryMesh.C at line 1158
    Cannot find any patch names matching tm_se_wall
--> FOAM Warning : 
    From void Foam::patchToFace::combine(Foam::topoSet&, bool) const
    in file topoSet/faceSources/patchToFace/patchToFace.C at line 96
    Cannot find any patches matching (tm_se_wall)
Valid names: (wall iris_wall outlet_tm lens_wall ac_inlet ac_inlet_left outlet_tm_left defaultFaces)
    faceSet outlet_tm_faces now size 804
Read set faceSet outlet_tm_faces size:804
    Applying source boxToFace
    Adding faces with centre within boxes 1((0.00665 -0.0048 -1e-05) (0.00698 -0.00445 0.001001))
    faceSet outlet_tm_faces now size 4
Read set faceSet outlet_tm_faces size:4
    Applying source normalToFace
    Adding faces according to normal being aligned with (0.75568908 -0.65493054 0) (to within 0.35) ...
    faceSet outlet_tm_faces now size 2
Created faceSet outlet_tm_left_faces
    Applying source patchToFace
    Adding all faces of patches: (outlet_tm_left) ...
    Found matching patch outlet_tm_left with 6 faces
    faceSet outlet_tm_left_faces now size 6
Read set faceSet outlet_tm_left_faces size:6
    Applying source patchToFace
    Adding all faces of patches: (wall) ...
    Found matching patch wall with 558 faces
    faceSet outlet_tm_left_faces now size 564
Read set faceSet outlet_tm_left_faces size:564
    Applying source patchToFace
    Adding all faces of patches: (iris_wall) ...
    Found matching patch iris_wall with 240 faces
    faceSet outlet_tm_left_faces now size 804
Read set faceSet outlet_tm_left_faces size:804
    Applying source patchToFace
    Adding all faces of patches: (tm_se_wall) ...
--> FOAM Warning : 
    From Foam::labelHashSet Foam::polyBoundaryMesh::patchSet(const Foam::UList<Foam::wordRe>&, bool, bool) const
    in file meshes/polyMesh/polyBoundaryMesh/polyBoundaryMesh.C at line 1158
    Cannot find any patch names matching tm_se_wall
--> FOAM Warning : 
    From void Foam::patchToFace::combine(Foam::topoSet&, bool) const
    in file topoSet/faceSources/patchToFace/patchToFace.C at line 96
    Cannot find any patches matching (tm_se_wall)
Valid names: (wall iris_wall outlet_tm lens_wall ac_inlet ac_inlet_left outlet_tm_left defaultFaces)
    faceSet outlet_tm_left_faces now size 804
Read set faceSet outlet_tm_left_faces size:804
    Applying source boxToFace
    Adding faces with centre within boxes 1((-0.00698 -0.0048 -1e-05) (-0.00665 -0.00445 0.001001))
    faceSet outlet_tm_left_faces now size 4
Read set faceSet outlet_tm_left_faces size:4
    Applying source normalToFace
    Adding faces according to normal being aligned with (-0.75568908 -0.65493054 0) (to within 0.35) ...
    faceSet outlet_tm_left_faces now size 2
Created faceSet ac_inlet_faces
    Applying source patchToFace
    Adding all faces of patches: (ac_inlet) ...
    Found matching patch ac_inlet with 3 faces
    faceSet ac_inlet_faces now size 3
Read set faceSet ac_inlet_faces size:3
    Applying source patchToFace
    Adding all faces of patches: (wall) ...
    Found matching patch wall with 558 faces
    faceSet ac_inlet_faces now size 561
Read set faceSet ac_inlet_faces size:561
    Applying source patchToFace
    Adding all faces of patches: (iris_wall) ...
    Found matching patch iris_wall with 240 faces
    faceSet ac_inlet_faces now size 801
Read set faceSet ac_inlet_faces size:801
    Applying source boxToFace
    Adding faces with centre within boxes 1((0.00688 -0.0039 -1e-05) (0.00702 -0.0035 0.001001))
    faceSet ac_inlet_faces now size 2
Read set faceSet ac_inlet_faces size:2
    Applying source normalToFace
    Adding faces according to normal being aligned with (1 0 0) (to within 0.7) ...
    faceSet ac_inlet_faces now size 2
Created faceSet ac_inlet_left_faces
    Applying source patchToFace
    Adding all faces of patches: (ac_inlet_left) ...
    Found matching patch ac_inlet_left with 3 faces
    faceSet ac_inlet_left_faces now size 3
Read set faceSet ac_inlet_left_faces size:3
    Applying source patchToFace
    Adding all faces of patches: (wall) ...
    Found matching patch wall with 558 faces
    faceSet ac_inlet_left_faces now size 561
Read set faceSet ac_inlet_left_faces size:561
    Applying source patchToFace
    Adding all faces of patches: (iris_wall) ...
    Found matching patch iris_wall with 240 faces
    faceSet ac_inlet_left_faces now size 801
Read set faceSet ac_inlet_left_faces size:801
    Applying source boxToFace
    Adding faces with centre within boxes 1((-0.00702 -0.0039 -1e-05) (-0.00688 -0.0035 0.001001))
    faceSet ac_inlet_left_faces now size 2
Read set faceSet ac_inlet_left_faces size:2
    Applying source normalToFace
    Adding faces according to normal being aligned with (-1 0 0) (to within 0.7) ...
    faceSet ac_inlet_left_faces now size 2
Created faceSet demote_to_wall
    Applying source patchToFace
    Adding all faces of patches: (outlet_tm) ...
    Found matching patch outlet_tm with 6 faces
    faceSet demote_to_wall now size 6
Read set faceSet demote_to_wall size:6
    Applying source patchToFace
    Adding all faces of patches: (outlet_tm_left) ...
    Found matching patch outlet_tm_left with 6 faces
    faceSet demote_to_wall now size 12
Read set faceSet demote_to_wall size:12
    Applying source patchToFace
    Adding all faces of patches: (ac_inlet) ...
    Found matching patch ac_inlet with 3 faces
    faceSet demote_to_wall now size 15
Read set faceSet demote_to_wall size:15
    Applying source patchToFace
    Adding all faces of patches: (ac_inlet_left) ...
    Found matching patch ac_inlet_left with 3 faces
    faceSet demote_to_wall now size 18
Read set faceSet demote_to_wall size:18
    Applying source faceToFace
    Removing all elements of face sets: (outlet_tm_faces)
    faceSet demote_to_wall now size 16
Read set faceSet demote_to_wall size:16
    Applying source faceToFace
    Removing all elements of face sets: (outlet_tm_left_faces)
    faceSet demote_to_wall now size 14
Read set faceSet demote_to_wall size:14
    Applying source faceToFace
    Removing all elements of face sets: (ac_inlet_faces)
    faceSet demote_to_wall now size 12
Read set faceSet demote_to_wall size:12
    Applying source faceToFace
    Removing all elements of face sets: (ac_inlet_left_faces)
    faceSet demote_to_wall now size 10
Time = 200
    mesh not changed.
Created faceSet outlet_tm_faces
    Applying source patchToFace
    Adding all faces of patches: (outlet_tm) ...
    Found matching patch outlet_tm with 6 faces
    faceSet outlet_tm_faces now size 6
Read set faceSet outlet_tm_faces size:6
    Applying source patchToFace
    Adding all faces of patches: (wall) ...
    Found matching patch wall with 558 faces
    faceSet outlet_tm_faces now size 564
Read set faceSet outlet_tm_faces size:564
    Applying source patchToFace
    Adding all faces of patches: (iris_wall) ...
    Found matching patch iris_wall with 240 faces
    faceSet outlet_tm_faces now size 804
Read set faceSet outlet_tm_faces size:804
    Applying source patchToFace
    Adding all faces of patches: (tm_se_wall) ...
--> FOAM Warning : 
    From Foam::labelHashSet Foam::polyBoundaryMesh::patchSet(const Foam::UList<Foam::wordRe>&, bool, bool) const
    in file meshes/polyMesh/polyBoundaryMesh/polyBoundaryMesh.C at line 1158
    Cannot find any patch names matching tm_se_wall
--> FOAM Warning : 
    From void Foam::patchToFace::combine(Foam::topoSet&, bool) const
    in file topoSet/faceSources/patchToFace/patchToFace.C at line 96
    Cannot find any patches matching (tm_se_wall)
Valid names: (wall iris_wall outlet_tm lens_wall ac_inlet ac_inlet_left outlet_tm_left defaultFaces)
    faceSet outlet_tm_faces now size 804
Read set faceSet outlet_tm_faces size:804
    Applying source boxToFace
    Adding faces with centre within boxes 1((0.00665 -0.0048 -1e-05) (0.00698 -0.00445 0.001001))
    faceSet outlet_tm_faces now size 4
Read set faceSet outlet_tm_faces size:4
    Applying source normalToFace
    Adding faces according to normal being aligned with (0.75568908 -0.65493054 0) (to within 0.35) ...
    faceSet outlet_tm_faces now size 2
Created faceSet outlet_tm_left_faces
    Applying source patchToFace
    Adding all faces of patches: (outlet_tm_left) ...
    Found matching patch outlet_tm_left with 6 faces
    faceSet outlet_tm_left_faces now size 6
Read set faceSet outlet_tm_left_faces size:6
    Applying source patchToFace
    Adding all faces of patches: (wall) ...
    Found matching patch wall with 558 faces
    faceSet outlet_tm_left_faces now size 564
Read set faceSet outlet_tm_left_faces size:564
    Applying source patchToFace
    Adding all faces of patches: (iris_wall) ...
    Found matching patch iris_wall with 240 faces
    faceSet outlet_tm_left_faces now size 804
Read set faceSet outlet_tm_left_faces size:804
    Applying source patchToFace
    Adding all faces of patches: (tm_se_wall) ...
--> FOAM Warning : 
    From Foam::labelHashSet Foam::polyBoundaryMesh::patchSet(const Foam::UList<Foam::wordRe>&, bool, bool) const
    in file meshes/polyMesh/polyBoundaryMesh/polyBoundaryMesh.C at line 1158
    Cannot find any patch names matching tm_se_wall
--> FOAM Warning : 
    From void Foam::patchToFace::combine(Foam::topoSet&, bool) const
    in file topoSet/faceSources/patchToFace/patchToFace.C at line 96
    Cannot find any patches matching (tm_se_wall)
Valid names: (wall iris_wall outlet_tm lens_wall ac_inlet ac_inlet_left outlet_tm_left defaultFaces)
    faceSet outlet_tm_left_faces now size 804
Read set faceSet outlet_tm_left_faces size:804
    Applying source boxToFace
    Adding faces with centre within boxes 1((-0.00698 -0.0048 -1e-05) (-0.00665 -0.00445 0.001001))
    faceSet outlet_tm_left_faces now size 4
Read set faceSet outlet_tm_left_faces size:4
    Applying source normalToFace
    Adding faces according to normal being aligned with (-0.75568908 -0.65493054 0) (to within 0.35) ...
    faceSet outlet_tm_left_faces now size 2
Created faceSet ac_inlet_faces
    Applying source patchToFace
    Adding all faces of patches: (ac_inlet) ...
    Found matching patch ac_inlet with 3 faces
    faceSet ac_inlet_faces now size 3
Read set faceSet ac_inlet_faces size:3
    Applying source patchToFace
    Adding all faces of patches: (wall) ...
    Found matching patch wall with 558 faces
    faceSet ac_inlet_faces now size 561
Read set faceSet ac_inlet_faces size:561
    Applying source patchToFace
    Adding all faces of patches: (iris_wall) ...
    Found matching patch iris_wall with 240 faces
    faceSet ac_inlet_faces now size 801
Read set faceSet ac_inlet_faces size:801
    Applying source boxToFace
    Adding faces with centre within boxes 1((0.00688 -0.0039 -1e-05) (0.00702 -0.0035 0.001001))
    faceSet ac_inlet_faces now size 2
Read set faceSet ac_inlet_faces size:2
    Applying source normalToFace
    Adding faces according to normal being aligned with (1 0 0) (to within 0.7) ...
    faceSet ac_inlet_faces now size 2
Created faceSet ac_inlet_left_faces
    Applying source patchToFace
    Adding all faces of patches: (ac_inlet_left) ...
    Found matching patch ac_inlet_left with 3 faces
    faceSet ac_inlet_left_faces now size 3
Read set faceSet ac_inlet_left_faces size:3
    Applying source patchToFace
    Adding all faces of patches: (wall) ...
    Found matching patch wall with 558 faces
    faceSet ac_inlet_left_faces now size 561
Read set faceSet ac_inlet_left_faces size:561
    Applying source patchToFace
    Adding all faces of patches: (iris_wall) ...
    Found matching patch iris_wall with 240 faces
    faceSet ac_inlet_left_faces now size 801
Read set faceSet ac_inlet_left_faces size:801
    Applying source boxToFace
    Adding faces with centre within boxes 1((-0.00702 -0.0039 -1e-05) (-0.00688 -0.0035 0.001001))
    faceSet ac_inlet_left_faces now size 2
Read set faceSet ac_inlet_left_faces size:2
    Applying source normalToFace
    Adding faces according to normal being aligned with (-1 0 0) (to within 0.7) ...
    faceSet ac_inlet_left_faces now size 2
Created faceSet demote_to_wall
    Applying source patchToFace
    Adding all faces of patches: (outlet_tm) ...
    Found matching patch outlet_tm with 6 faces
    faceSet demote_to_wall now size 6
Read set faceSet demote_to_wall size:6
    Applying source patchToFace
    Adding all faces of patches: (outlet_tm_left) ...
    Found matching patch outlet_tm_left with 6 faces
    faceSet demote_to_wall now size 12
Read set faceSet demote_to_wall size:12
    Applying source patchToFace
    Adding all faces of patches: (ac_inlet) ...
    Found matching patch ac_inlet with 3 faces
    faceSet demote_to_wall now size 15
Read set faceSet demote_to_wall size:15
    Applying source patchToFace
    Adding all faces of patches: (ac_inlet_left) ...
    Found matching patch ac_inlet_left with 3 faces
    faceSet demote_to_wall now size 18
Read set faceSet demote_to_wall size:18
    Applying source faceToFace
    Removing all elements of face sets: (outlet_tm_faces)
    faceSet demote_to_wall now size 16
Read set faceSet demote_to_wall size:16
    Applying source faceToFace
    Removing all elements of face sets: (outlet_tm_left_faces)
    faceSet demote_to_wall now size 14
Read set faceSet demote_to_wall size:14
    Applying source faceToFace
    Removing all elements of face sets: (ac_inlet_faces)
    faceSet demote_to_wall now size 12
Read set faceSet demote_to_wall size:12
    Applying source faceToFace
    Removing all elements of face sets: (ac_inlet_left_faces)
    faceSet demote_to_wall now size 10
Time = 242
    mesh not changed.
Created faceSet outlet_tm_faces
    Applying source patchToFace
    Adding all faces of patches: (outlet_tm) ...
    Found matching patch outlet_tm with 6 faces
    faceSet outlet_tm_faces now size 6
Read set faceSet outlet_tm_faces size:6
    Applying source patchToFace
    Adding all faces of patches: (wall) ...
    Found matching patch wall with 558 faces
    faceSet outlet_tm_faces now size 564
Read set faceSet outlet_tm_faces size:564
    Applying source patchToFace
    Adding all faces of patches: (iris_wall) ...
    Found matching patch iris_wall with 240 faces
    faceSet outlet_tm_faces now size 804
Read set faceSet outlet_tm_faces size:804
    Applying source patchToFace
    Adding all faces of patches: (tm_se_wall) ...
--> FOAM Warning : 
    From Foam::labelHashSet Foam::polyBoundaryMesh::patchSet(const Foam::UList<Foam::wordRe>&, bool, bool) const
    in file meshes/polyMesh/polyBoundaryMesh/polyBoundaryMesh.C at line 1158
    Cannot find any patch names matching tm_se_wall
--> FOAM Warning : 
    From void Foam::patchToFace::combine(Foam::topoSet&, bool) const
    in file topoSet/faceSources/patchToFace/patchToFace.C at line 96
    Cannot find any patches matching (tm_se_wall)
Valid names: (wall iris_wall outlet_tm lens_wall ac_inlet ac_inlet_left outlet_tm_left defaultFaces)
    faceSet outlet_tm_faces now size 804
Read set faceSet outlet_tm_faces size:804
    Applying source boxToFace
    Adding faces with centre within boxes 1((0.00665 -0.0048 -1e-05) (0.00698 -0.00445 0.001001))
    faceSet outlet_tm_faces now size 4
Read set faceSet outlet_tm_faces size:4
    Applying source normalToFace
    Adding faces according to normal being aligned with (0.75568908 -0.65493054 0) (to within 0.35) ...
    faceSet outlet_tm_faces now size 2
Created faceSet outlet_tm_left_faces
    Applying source patchToFace
    Adding all faces of patches: (outlet_tm_left) ...
    Found matching patch outlet_tm_left with 6 faces
    faceSet outlet_tm_left_faces now size 6
Read set faceSet outlet_tm_left_faces size:6
    Applying source patchToFace
    Adding all faces of patches: (wall) ...
    Found matching patch wall with 558 faces
    faceSet outlet_tm_left_faces now size 564
Read set faceSet outlet_tm_left_faces size:564
    Applying source patchToFace
    Adding all faces of patches: (iris_wall) ...
    Found matching patch iris_wall with 240 faces
    faceSet outlet_tm_left_faces now size 804
Read set faceSet outlet_tm_left_faces size:804
    Applying source patchToFace
    Adding all faces of patches: (tm_se_wall) ...
--> FOAM Warning : 
    From Foam::labelHashSet Foam::polyBoundaryMesh::patchSet(const Foam::UList<Foam::wordRe>&, bool, bool) const
    in file meshes/polyMesh/polyBoundaryMesh/polyBoundaryMesh.C at line 1158
    Cannot find any patch names matching tm_se_wall
--> FOAM Warning : 
    From void Foam::patchToFace::combine(Foam::topoSet&, bool) const
    in file topoSet/faceSources/patchToFace/patchToFace.C at line 96
    Cannot find any patches matching (tm_se_wall)
Valid names: (wall iris_wall outlet_tm lens_wall ac_inlet ac_inlet_left outlet_tm_left defaultFaces)
    faceSet outlet_tm_left_faces now size 804
Read set faceSet outlet_tm_left_faces size:804
    Applying source boxToFace
    Adding faces with centre within boxes 1((-0.00698 -0.0048 -1e-05) (-0.00665 -0.00445 0.001001))
    faceSet outlet_tm_left_faces now size 4
Read set faceSet outlet_tm_left_faces size:4
    Applying source normalToFace
    Adding faces according to normal being aligned with (-0.75568908 -0.65493054 0) (to within 0.35) ...
    faceSet outlet_tm_left_faces now size 2
Created faceSet ac_inlet_faces
    Applying source patchToFace
    Adding all faces of patches: (ac_inlet) ...
    Found matching patch ac_inlet with 3 faces
    faceSet ac_inlet_faces now size 3
Read set faceSet ac_inlet_faces size:3
    Applying source patchToFace
    Adding all faces of patches: (wall) ...
    Found matching patch wall with 558 faces
    faceSet ac_inlet_faces now size 561
Read set faceSet ac_inlet_faces size:561
    Applying source patchToFace
    Adding all faces of patches: (iris_wall) ...
    Found matching patch iris_wall with 240 faces
    faceSet ac_inlet_faces now size 801
Read set faceSet ac_inlet_faces size:801
    Applying source boxToFace
    Adding faces with centre within boxes 1((0.00688 -0.0039 -1e-05) (0.00702 -0.0035 0.001001))
    faceSet ac_inlet_faces now size 2
Read set faceSet ac_inlet_faces size:2
    Applying source normalToFace
    Adding faces according to normal being aligned with (1 0 0) (to within 0.7) ...
    faceSet ac_inlet_faces now size 2
Created faceSet ac_inlet_left_faces
    Applying source patchToFace
    Adding all faces of patches: (ac_inlet_left) ...
    Found matching patch ac_inlet_left with 3 faces
    faceSet ac_inlet_left_faces now size 3
Read set faceSet ac_inlet_left_faces size:3
    Applying source patchToFace
    Adding all faces of patches: (wall) ...
    Found matching patch wall with 558 faces
    faceSet ac_inlet_left_faces now size 561
Read set faceSet ac_inlet_left_faces size:561
    Applying source patchToFace
    Adding all faces of patches: (iris_wall) ...
    Found matching patch iris_wall with 240 faces
    faceSet ac_inlet_left_faces now size 801
Read set faceSet ac_inlet_left_faces size:801
    Applying source boxToFace
    Adding faces with centre within boxes 1((-0.00702 -0.0039 -1e-05) (-0.00688 -0.0035 0.001001))
    faceSet ac_inlet_left_faces now size 2
Read set faceSet ac_inlet_left_faces size:2
    Applying source normalToFace
    Adding faces according to normal being aligned with (-1 0 0) (to within 0.7) ...
    faceSet ac_inlet_left_faces now size 2
Created faceSet demote_to_wall
    Applying source patchToFace
    Adding all faces of patches: (outlet_tm) ...
    Found matching patch outlet_tm with 6 faces
    faceSet demote_to_wall now size 6
Read set faceSet demote_to_wall size:6
    Applying source patchToFace
    Adding all faces of patches: (outlet_tm_left) ...
    Found matching patch outlet_tm_left with 6 faces
    faceSet demote_to_wall now size 12
Read set faceSet demote_to_wall size:12
    Applying source patchToFace
    Adding all faces of patches: (ac_inlet) ...
    Found matching patch ac_inlet with 3 faces
    faceSet demote_to_wall now size 15
Read set faceSet demote_to_wall size:15
    Applying source patchToFace
    Adding all faces of patches: (ac_inlet_left) ...
    Found matching patch ac_inlet_left with 3 faces
    faceSet demote_to_wall now size 18
Read set faceSet demote_to_wall size:18
    Applying source faceToFace
    Removing all elements of face sets: (outlet_tm_faces)
    faceSet demote_to_wall now size 16
Read set faceSet demote_to_wall size:16
    Applying source faceToFace
    Removing all elements of face sets: (outlet_tm_left_faces)
    faceSet demote_to_wall now size 14
Read set faceSet demote_to_wall size:14
    Applying source faceToFace
    Removing all elements of face sets: (ac_inlet_faces)
    faceSet demote_to_wall now size 12
Read set faceSet demote_to_wall size:12
    Applying source faceToFace
    Removing all elements of face sets: (ac_inlet_left_faces)
    faceSet demote_to_wall now size 10
Time = 245
    mesh not changed.
Created faceSet outlet_tm_faces
    Applying source patchToFace
    Adding all faces of patches: (outlet_tm) ...
    Found matching patch outlet_tm with 6 faces
    faceSet outlet_tm_faces now size 6
Read set faceSet outlet_tm_faces size:6
    Applying source patchToFace
    Adding all faces of patches: (wall) ...
    Found matching patch wall with 558 faces
    faceSet outlet_tm_faces now size 564
Read set faceSet outlet_tm_faces size:564
    Applying source patchToFace
    Adding all faces of patches: (iris_wall) ...
    Found matching patch iris_wall with 240 faces
    faceSet outlet_tm_faces now size 804
Read set faceSet outlet_tm_faces size:804
    Applying source patchToFace
    Adding all faces of patches: (tm_se_wall) ...
--> FOAM Warning : 
    From Foam::labelHashSet Foam::polyBoundaryMesh::patchSet(const Foam::UList<Foam::wordRe>&, bool, bool) const
    in file meshes/polyMesh/polyBoundaryMesh/polyBoundaryMesh.C at line 1158
    Cannot find any patch names matching tm_se_wall
--> FOAM Warning : 
    From void Foam::patchToFace::combine(Foam::topoSet&, bool) const
    in file topoSet/faceSources/patchToFace/patchToFace.C at line 96
    Cannot find any patches matching (tm_se_wall)
Valid names: (wall iris_wall outlet_tm lens_wall ac_inlet ac_inlet_left outlet_tm_left defaultFaces)
    faceSet outlet_tm_faces now size 804
Read set faceSet outlet_tm_faces size:804
    Applying source boxToFace
    Adding faces with centre within boxes 1((0.00665 -0.0048 -1e-05) (0.00698 -0.00445 0.001001))
    faceSet outlet_tm_faces now size 4
Read set faceSet outlet_tm_faces size:4
    Applying source normalToFace
    Adding faces according to normal being aligned with (0.75568908 -0.65493054 0) (to within 0.35) ...
    faceSet outlet_tm_faces now size 2
Created faceSet outlet_tm_left_faces
    Applying source patchToFace
    Adding all faces of patches: (outlet_tm_left) ...
    Found matching patch outlet_tm_left with 6 faces
    faceSet outlet_tm_left_faces now size 6
Read set faceSet outlet_tm_left_faces size:6
    Applying source patchToFace
    Adding all faces of patches: (wall) ...
    Found matching patch wall with 558 faces
    faceSet outlet_tm_left_faces now size 564
Read set faceSet outlet_tm_left_faces size:564
    Applying source patchToFace
    Adding all faces of patches: (iris_wall) ...
    Found matching patch iris_wall with 240 faces
    faceSet outlet_tm_left_faces now size 804
Read set faceSet outlet_tm_left_faces size:804
    Applying source patchToFace
    Adding all faces of patches: (tm_se_wall) ...
--> FOAM Warning : 
    From Foam::labelHashSet Foam::polyBoundaryMesh::patchSet(const Foam::UList<Foam::wordRe>&, bool, bool) const
    in file meshes/polyMesh/polyBoundaryMesh/polyBoundaryMesh.C at line 1158
    Cannot find any patch names matching tm_se_wall
--> FOAM Warning : 
    From void Foam::patchToFace::combine(Foam::topoSet&, bool) const
    in file topoSet/faceSources/patchToFace/patchToFace.C at line 96
    Cannot find any patches matching (tm_se_wall)
Valid names: (wall iris_wall outlet_tm lens_wall ac_inlet ac_inlet_left outlet_tm_left defaultFaces)
    faceSet outlet_tm_left_faces now size 804
Read set faceSet outlet_tm_left_faces size:804
    Applying source boxToFace
    Adding faces with centre within boxes 1((-0.00698 -0.0048 -1e-05) (-0.00665 -0.00445 0.001001))
    faceSet outlet_tm_left_faces now size 4
Read set faceSet outlet_tm_left_faces size:4
    Applying source normalToFace
    Adding faces according to normal being aligned with (-0.75568908 -0.65493054 0) (to within 0.35) ...
    faceSet outlet_tm_left_faces now size 2
Created faceSet ac_inlet_faces
    Applying source patchToFace
    Adding all faces of patches: (ac_inlet) ...
    Found matching patch ac_inlet with 3 faces
    faceSet ac_inlet_faces now size 3
Read set faceSet ac_inlet_faces size:3
    Applying source patchToFace
    Adding all faces of patches: (wall) ...
    Found matching patch wall with 558 faces
    faceSet ac_inlet_faces now size 561
Read set faceSet ac_inlet_faces size:561
    Applying source patchToFace
    Adding all faces of patches: (iris_wall) ...
    Found matching patch iris_wall with 240 faces
    faceSet ac_inlet_faces now size 801
Read set faceSet ac_inlet_faces size:801
    Applying source boxToFace
    Adding faces with centre within boxes 1((0.00688 -0.0039 -1e-05) (0.00702 -0.0035 0.001001))
    faceSet ac_inlet_faces now size 2
Read set faceSet ac_inlet_faces size:2
    Applying source normalToFace
    Adding faces according to normal being aligned with (1 0 0) (to within 0.7) ...
    faceSet ac_inlet_faces now size 2
Created faceSet ac_inlet_left_faces
    Applying source patchToFace
    Adding all faces of patches: (ac_inlet_left) ...
    Found matching patch ac_inlet_left with 3 faces
    faceSet ac_inlet_left_faces now size 3
Read set faceSet ac_inlet_left_faces size:3
    Applying source patchToFace
    Adding all faces of patches: (wall) ...
    Found matching patch wall with 558 faces
    faceSet ac_inlet_left_faces now size 561
Read set faceSet ac_inlet_left_faces size:561
    Applying source patchToFace
    Adding all faces of patches: (iris_wall) ...
    Found matching patch iris_wall with 240 faces
    faceSet ac_inlet_left_faces now size 801
Read set faceSet ac_inlet_left_faces size:801
    Applying source boxToFace
    Adding faces with centre within boxes 1((-0.00702 -0.0039 -1e-05) (-0.00688 -0.0035 0.001001))
    faceSet ac_inlet_left_faces now size 2
Read set faceSet ac_inlet_left_faces size:2
    Applying source normalToFace
    Adding faces according to normal being aligned with (-1 0 0) (to within 0.7) ...
    faceSet ac_inlet_left_faces now size 2
Created faceSet demote_to_wall
    Applying source patchToFace
    Adding all faces of patches: (outlet_tm) ...
    Found matching patch outlet_tm with 6 faces
    faceSet demote_to_wall now size 6
Read set faceSet demote_to_wall size:6
    Applying source patchToFace
    Adding all faces of patches: (outlet_tm_left) ...
    Found matching patch outlet_tm_left with 6 faces
    faceSet demote_to_wall now size 12
Read set faceSet demote_to_wall size:12
    Applying source patchToFace
    Adding all faces of patches: (ac_inlet) ...
    Found matching patch ac_inlet with 3 faces
    faceSet demote_to_wall now size 15
Read set faceSet demote_to_wall size:15
    Applying source patchToFace
    Adding all faces of patches: (ac_inlet_left) ...
    Found matching patch ac_inlet_left with 3 faces
    faceSet demote_to_wall now size 18
Read set faceSet demote_to_wall size:18
    Applying source faceToFace
    Removing all elements of face sets: (outlet_tm_faces)
    faceSet demote_to_wall now size 16
Read set faceSet demote_to_wall size:16
    Applying source faceToFace
    Removing all elements of face sets: (outlet_tm_left_faces)
    faceSet demote_to_wall now size 14
Read set faceSet demote_to_wall size:14
    Applying source faceToFace
    Removing all elements of face sets: (ac_inlet_faces)
    faceSet demote_to_wall now size 12
Read set faceSet demote_to_wall size:12
    Applying source faceToFace
    Removing all elements of face sets: (ac_inlet_left_faces)
    faceSet demote_to_wall now size 10
Time = 250
    mesh not changed.
Created faceSet outlet_tm_faces
    Applying source patchToFace
    Adding all faces of patches: (outlet_tm) ...
    Found matching patch outlet_tm with 6 faces
    faceSet outlet_tm_faces now size 6
Read set faceSet outlet_tm_faces size:6
    Applying source patchToFace
    Adding all faces of patches: (wall) ...
    Found matching patch wall with 558 faces
    faceSet outlet_tm_faces now size 564
Read set faceSet outlet_tm_faces size:564
    Applying source patchToFace
    Adding all faces of patches: (iris_wall) ...
    Found matching patch iris_wall with 240 faces
    faceSet outlet_tm_faces now size 804
Read set faceSet outlet_tm_faces size:804
    Applying source patchToFace
    Adding all faces of patches: (tm_se_wall) ...
--> FOAM Warning : 
    From Foam::labelHashSet Foam::polyBoundaryMesh::patchSet(const Foam::UList<Foam::wordRe>&, bool, bool) const
    in file meshes/polyMesh/polyBoundaryMesh/polyBoundaryMesh.C at line 1158
    Cannot find any patch names matching tm_se_wall
--> FOAM Warning : 
    From void Foam::patchToFace::combine(Foam::topoSet&, bool) const
    in file topoSet/faceSources/patchToFace/patchToFace.C at line 96
    Cannot find any patches matching (tm_se_wall)
Valid names: (wall iris_wall outlet_tm lens_wall ac_inlet ac_inlet_left outlet_tm_left defaultFaces)
    faceSet outlet_tm_faces now size 804
Read set faceSet outlet_tm_faces size:804
    Applying source boxToFace
    Adding faces with centre within boxes 1((0.00665 -0.0048 -1e-05) (0.00698 -0.00445 0.001001))
    faceSet outlet_tm_faces now size 4
Read set faceSet outlet_tm_faces size:4
    Applying source normalToFace
    Adding faces according to normal being aligned with (0.75568908 -0.65493054 0) (to within 0.35) ...
    faceSet outlet_tm_faces now size 2
Created faceSet outlet_tm_left_faces
    Applying source patchToFace
    Adding all faces of patches: (outlet_tm_left) ...
    Found matching patch outlet_tm_left with 6 faces
    faceSet outlet_tm_left_faces now size 6
Read set faceSet outlet_tm_left_faces size:6
    Applying source patchToFace
    Adding all faces of patches: (wall) ...
    Found matching patch wall with 558 faces
    faceSet outlet_tm_left_faces now size 564
Read set faceSet outlet_tm_left_faces size:564
    Applying source patchToFace
    Adding all faces of patches: (iris_wall) ...
    Found matching patch iris_wall with 240 faces
    faceSet outlet_tm_left_faces now size 804
Read set faceSet outlet_tm_left_faces size:804
    Applying source patchToFace
    Adding all faces of patches: (tm_se_wall) ...
--> FOAM Warning : 
    From Foam::labelHashSet Foam::polyBoundaryMesh::patchSet(const Foam::UList<Foam::wordRe>&, bool, bool) const
    in file meshes/polyMesh/polyBoundaryMesh/polyBoundaryMesh.C at line 1158
    Cannot find any patch names matching tm_se_wall
--> FOAM Warning : 
    From void Foam::patchToFace::combine(Foam::topoSet&, bool) const
    in file topoSet/faceSources/patchToFace/patchToFace.C at line 96
    Cannot find any patches matching (tm_se_wall)
Valid names: (wall iris_wall outlet_tm lens_wall ac_inlet ac_inlet_left outlet_tm_left defaultFaces)
    faceSet outlet_tm_left_faces now size 804
Read set faceSet outlet_tm_left_faces size:804
    Applying source boxToFace
    Adding faces with centre within boxes 1((-0.00698 -0.0048 -1e-05) (-0.00665 -0.00445 0.001001))
    faceSet outlet_tm_left_faces now size 4
Read set faceSet outlet_tm_left_faces size:4
    Applying source normalToFace
    Adding faces according to normal being aligned with (-0.75568908 -0.65493054 0) (to within 0.35) ...
    faceSet outlet_tm_left_faces now size 2
Created faceSet ac_inlet_faces
    Applying source patchToFace
    Adding all faces of patches: (ac_inlet) ...
    Found matching patch ac_inlet with 3 faces
    faceSet ac_inlet_faces now size 3
Read set faceSet ac_inlet_faces size:3
    Applying source patchToFace
    Adding all faces of patches: (wall) ...
    Found matching patch wall with 558 faces
    faceSet ac_inlet_faces now size 561
Read set faceSet ac_inlet_faces size:561
    Applying source patchToFace
    Adding all faces of patches: (iris_wall) ...
    Found matching patch iris_wall with 240 faces
    faceSet ac_inlet_faces now size 801
Read set faceSet ac_inlet_faces size:801
    Applying source boxToFace
    Adding faces with centre within boxes 1((0.00688 -0.0039 -1e-05) (0.00702 -0.0035 0.001001))
    faceSet ac_inlet_faces now size 2
Read set faceSet ac_inlet_faces size:2
    Applying source normalToFace
    Adding faces according to normal being aligned with (1 0 0) (to within 0.7) ...
    faceSet ac_inlet_faces now size 2
Created faceSet ac_inlet_left_faces
    Applying source patchToFace
    Adding all faces of patches: (ac_inlet_left) ...
    Found matching patch ac_inlet_left with 3 faces
    faceSet ac_inlet_left_faces now size 3
Read set faceSet ac_inlet_left_faces size:3
    Applying source patchToFace
    Adding all faces of patches: (wall) ...
    Found matching patch wall with 558 faces
    faceSet ac_inlet_left_faces now size 561
Read set faceSet ac_inlet_left_faces size:561
    Applying source patchToFace
    Adding all faces of patches: (iris_wall) ...
    Found matching patch iris_wall with 240 faces
    faceSet ac_inlet_left_faces now size 801
Read set faceSet ac_inlet_left_faces size:801
    Applying source boxToFace
    Adding faces with centre within boxes 1((-0.00702 -0.0039 -1e-05) (-0.00688 -0.0035 0.001001))
    faceSet ac_inlet_left_faces now size 2
Read set faceSet ac_inlet_left_faces size:2
    Applying source normalToFace
    Adding faces according to normal being aligned with (-1 0 0) (to within 0.7) ...
    faceSet ac_inlet_left_faces now size 2
Created faceSet demote_to_wall
    Applying source patchToFace
    Adding all faces of patches: (outlet_tm) ...
    Found matching patch outlet_tm with 6 faces
    faceSet demote_to_wall now size 6
Read set faceSet demote_to_wall size:6
    Applying source patchToFace
    Adding all faces of patches: (outlet_tm_left) ...
    Found matching patch outlet_tm_left with 6 faces
    faceSet demote_to_wall now size 12
Read set faceSet demote_to_wall size:12
    Applying source patchToFace
    Adding all faces of patches: (ac_inlet) ...
    Found matching patch ac_inlet with 3 faces
    faceSet demote_to_wall now size 15
Read set faceSet demote_to_wall size:15
    Applying source patchToFace
    Adding all faces of patches: (ac_inlet_left) ...
    Found matching patch ac_inlet_left with 3 faces
    faceSet demote_to_wall now size 18
Read set faceSet demote_to_wall size:18
    Applying source faceToFace
    Removing all elements of face sets: (outlet_tm_faces)
    faceSet demote_to_wall now size 16
Read set faceSet demote_to_wall size:16
    Applying source faceToFace
    Removing all elements of face sets: (outlet_tm_left_faces)
    faceSet demote_to_wall now size 14
Read set faceSet demote_to_wall size:14
    Applying source faceToFace
    Removing all elements of face sets: (ac_inlet_faces)
    faceSet demote_to_wall now size 12
Read set faceSet demote_to_wall size:12
    Applying source faceToFace
    Removing all elements of face sets: (ac_inlet_left_faces)
    faceSet demote_to_wall now size 10
Time = 251
    mesh not changed.
Created faceSet outlet_tm_faces
    Applying source patchToFace
    Adding all faces of patches: (outlet_tm) ...
    Found matching patch outlet_tm with 6 faces
    faceSet outlet_tm_faces now size 6
Read set faceSet outlet_tm_faces size:6
    Applying source patchToFace
    Adding all faces of patches: (wall) ...
    Found matching patch wall with 558 faces
    faceSet outlet_tm_faces now size 564
Read set faceSet outlet_tm_faces size:564
    Applying source patchToFace
    Adding all faces of patches: (iris_wall) ...
    Found matching patch iris_wall with 240 faces
    faceSet outlet_tm_faces now size 804
Read set faceSet outlet_tm_faces size:804
    Applying source patchToFace
    Adding all faces of patches: (tm_se_wall) ...
--> FOAM Warning : 
    From Foam::labelHashSet Foam::polyBoundaryMesh::patchSet(const Foam::UList<Foam::wordRe>&, bool, bool) const
    in file meshes/polyMesh/polyBoundaryMesh/polyBoundaryMesh.C at line 1158
    Cannot find any patch names matching tm_se_wall
--> FOAM Warning : 
    From void Foam::patchToFace::combine(Foam::topoSet&, bool) const
    in file topoSet/faceSources/patchToFace/patchToFace.C at line 96
    Cannot find any patches matching (tm_se_wall)
Valid names: (wall iris_wall outlet_tm lens_wall ac_inlet ac_inlet_left outlet_tm_left defaultFaces)
    faceSet outlet_tm_faces now size 804
Read set faceSet outlet_tm_faces size:804
    Applying source boxToFace
    Adding faces with centre within boxes 1((0.00665 -0.0048 -1e-05) (0.00698 -0.00445 0.001001))
    faceSet outlet_tm_faces now size 4
Read set faceSet outlet_tm_faces size:4
    Applying source normalToFace
    Adding faces according to normal being aligned with (0.75568908 -0.65493054 0) (to within 0.35) ...
    faceSet outlet_tm_faces now size 2
Created faceSet outlet_tm_left_faces
    Applying source patchToFace
    Adding all faces of patches: (outlet_tm_left) ...
    Found matching patch outlet_tm_left with 6 faces
    faceSet outlet_tm_left_faces now size 6
Read set faceSet outlet_tm_left_faces size:6
    Applying source patchToFace
    Adding all faces of patches: (wall) ...
    Found matching patch wall with 558 faces
    faceSet outlet_tm_left_faces now size 564
Read set faceSet outlet_tm_left_faces size:564
    Applying source patchToFace
    Adding all faces of patches: (iris_wall) ...
    Found matching patch iris_wall with 240 faces
    faceSet outlet_tm_left_faces now size 804
Read set faceSet outlet_tm_left_faces size:804
    Applying source patchToFace
    Adding all faces of patches: (tm_se_wall) ...
--> FOAM Warning : 
    From Foam::labelHashSet Foam::polyBoundaryMesh::patchSet(const Foam::UList<Foam::wordRe>&, bool, bool) const
    in file meshes/polyMesh/polyBoundaryMesh/polyBoundaryMesh.C at line 1158
    Cannot find any patch names matching tm_se_wall
--> FOAM Warning : 
    From void Foam::patchToFace::combine(Foam::topoSet&, bool) const
    in file topoSet/faceSources/patchToFace/patchToFace.C at line 96
    Cannot find any patches matching (tm_se_wall)
Valid names: (wall iris_wall outlet_tm lens_wall ac_inlet ac_inlet_left outlet_tm_left defaultFaces)
    faceSet outlet_tm_left_faces now size 804
Read set faceSet outlet_tm_left_faces size:804
    Applying source boxToFace
    Adding faces with centre within boxes 1((-0.00698 -0.0048 -1e-05) (-0.00665 -0.00445 0.001001))
    faceSet outlet_tm_left_faces now size 4
Read set faceSet outlet_tm_left_faces size:4
    Applying source normalToFace
    Adding faces according to normal being aligned with (-0.75568908 -0.65493054 0) (to within 0.35) ...
    faceSet outlet_tm_left_faces now size 2
Created faceSet ac_inlet_faces
    Applying source patchToFace
    Adding all faces of patches: (ac_inlet) ...
    Found matching patch ac_inlet with 3 faces
    faceSet ac_inlet_faces now size 3
Read set faceSet ac_inlet_faces size:3
    Applying source patchToFace
    Adding all faces of patches: (wall) ...
    Found matching patch wall with 558 faces
    faceSet ac_inlet_faces now size 561
Read set faceSet ac_inlet_faces size:561
    Applying source patchToFace
    Adding all faces of patches: (iris_wall) ...
    Found matching patch iris_wall with 240 faces
    faceSet ac_inlet_faces now size 801
Read set faceSet ac_inlet_faces size:801
    Applying source boxToFace
    Adding faces with centre within boxes 1((0.00688 -0.0039 -1e-05) (0.00702 -0.0035 0.001001))
    faceSet ac_inlet_faces now size 2
Read set faceSet ac_inlet_faces size:2
    Applying source normalToFace
    Adding faces according to normal being aligned with (1 0 0) (to within 0.7) ...
    faceSet ac_inlet_faces now size 2
Created faceSet ac_inlet_left_faces
    Applying source patchToFace
    Adding all faces of patches: (ac_inlet_left) ...
    Found matching patch ac_inlet_left with 3 faces
    faceSet ac_inlet_left_faces now size 3
Read set faceSet ac_inlet_left_faces size:3
    Applying source patchToFace
    Adding all faces of patches: (wall) ...
    Found matching patch wall with 558 faces
    faceSet ac_inlet_left_faces now size 561
Read set faceSet ac_inlet_left_faces size:561
    Applying source patchToFace
    Adding all faces of patches: (iris_wall) ...
    Found matching patch iris_wall with 240 faces
    faceSet ac_inlet_left_faces now size 801
Read set faceSet ac_inlet_left_faces size:801
    Applying source boxToFace
    Adding faces with centre within boxes 1((-0.00702 -0.0039 -1e-05) (-0.00688 -0.0035 0.001001))
    faceSet ac_inlet_left_faces now size 2
Read set faceSet ac_inlet_left_faces size:2
    Applying source normalToFace
    Adding faces according to normal being aligned with (-1 0 0) (to within 0.7) ...
    faceSet ac_inlet_left_faces now size 2
Created faceSet demote_to_wall
    Applying source patchToFace
    Adding all faces of patches: (outlet_tm) ...
    Found matching patch outlet_tm with 6 faces
    faceSet demote_to_wall now size 6
Read set faceSet demote_to_wall size:6
    Applying source patchToFace
    Adding all faces of patches: (outlet_tm_left) ...
    Found matching patch outlet_tm_left with 6 faces
    faceSet demote_to_wall now size 12
Read set faceSet demote_to_wall size:12
    Applying source patchToFace
    Adding all faces of patches: (ac_inlet) ...
    Found matching patch ac_inlet with 3 faces
    faceSet demote_to_wall now size 15
Read set faceSet demote_to_wall size:15
    Applying source patchToFace
    Adding all faces of patches: (ac_inlet_left) ...
    Found matching patch ac_inlet_left with 3 faces
    faceSet demote_to_wall now size 18
Read set faceSet demote_to_wall size:18
    Applying source faceToFace
    Removing all elements of face sets: (outlet_tm_faces)
    faceSet demote_to_wall now size 16
Read set faceSet demote_to_wall size:16
    Applying source faceToFace
    Removing all elements of face sets: (outlet_tm_left_faces)
    faceSet demote_to_wall now size 14
Read set faceSet demote_to_wall size:14
    Applying source faceToFace
    Removing all elements of face sets: (ac_inlet_faces)
    faceSet demote_to_wall now size 12
Read set faceSet demote_to_wall size:12
    Applying source faceToFace
    Removing all elements of face sets: (ac_inlet_left_faces)
    faceSet demote_to_wall now size 10
Time = 300
    mesh not changed.
Created faceSet outlet_tm_faces
    Applying source patchToFace
    Adding all faces of patches: (outlet_tm) ...
    Found matching patch outlet_tm with 6 faces
    faceSet outlet_tm_faces now size 6
Read set faceSet outlet_tm_faces size:6
    Applying source patchToFace
    Adding all faces of patches: (wall) ...
    Found matching patch wall with 558 faces
    faceSet outlet_tm_faces now size 564
Read set faceSet outlet_tm_faces size:564
    Applying source patchToFace
    Adding all faces of patches: (iris_wall) ...
    Found matching patch iris_wall with 240 faces
    faceSet outlet_tm_faces now size 804
Read set faceSet outlet_tm_faces size:804
    Applying source patchToFace
    Adding all faces of patches: (tm_se_wall) ...
--> FOAM Warning : 
    From Foam::labelHashSet Foam::polyBoundaryMesh::patchSet(const Foam::UList<Foam::wordRe>&, bool, bool) const
    in file meshes/polyMesh/polyBoundaryMesh/polyBoundaryMesh.C at line 1158
    Cannot find any patch names matching tm_se_wall
--> FOAM Warning : 
    From void Foam::patchToFace::combine(Foam::topoSet&, bool) const
    in file topoSet/faceSources/patchToFace/patchToFace.C at line 96
    Cannot find any patches matching (tm_se_wall)
Valid names: (wall iris_wall outlet_tm lens_wall ac_inlet ac_inlet_left outlet_tm_left defaultFaces)
    faceSet outlet_tm_faces now size 804
Read set faceSet outlet_tm_faces size:804
    Applying source boxToFace
    Adding faces with centre within boxes 1((0.00665 -0.0048 -1e-05) (0.00698 -0.00445 0.001001))
    faceSet outlet_tm_faces now size 4
Read set faceSet outlet_tm_faces size:4
    Applying source normalToFace
    Adding faces according to normal being aligned with (0.75568908 -0.65493054 0) (to within 0.35) ...
    faceSet outlet_tm_faces now size 2
Created faceSet outlet_tm_left_faces
    Applying source patchToFace
    Adding all faces of patches: (outlet_tm_left) ...
    Found matching patch outlet_tm_left with 6 faces
    faceSet outlet_tm_left_faces now size 6
Read set faceSet outlet_tm_left_faces size:6
    Applying source patchToFace
    Adding all faces of patches: (wall) ...
    Found matching patch wall with 558 faces
    faceSet outlet_tm_left_faces now size 564
Read set faceSet outlet_tm_left_faces size:564
    Applying source patchToFace
    Adding all faces of patches: (iris_wall) ...
    Found matching patch iris_wall with 240 faces
    faceSet outlet_tm_left_faces now size 804
Read set faceSet outlet_tm_left_faces size:804
    Applying source patchToFace
    Adding all faces of patches: (tm_se_wall) ...
--> FOAM Warning : 
    From Foam::labelHashSet Foam::polyBoundaryMesh::patchSet(const Foam::UList<Foam::wordRe>&, bool, bool) const
    in file meshes/polyMesh/polyBoundaryMesh/polyBoundaryMesh.C at line 1158
    Cannot find any patch names matching tm_se_wall
--> FOAM Warning : 
    From void Foam::patchToFace::combine(Foam::topoSet&, bool) const
    in file topoSet/faceSources/patchToFace/patchToFace.C at line 96
    Cannot find any patches matching (tm_se_wall)
Valid names: (wall iris_wall outlet_tm lens_wall ac_inlet ac_inlet_left outlet_tm_left defaultFaces)
    faceSet outlet_tm_left_faces now size 804
Read set faceSet outlet_tm_left_faces size:804
    Applying source boxToFace
    Adding faces with centre within boxes 1((-0.00698 -0.0048 -1e-05) (-0.00665 -0.00445 0.001001))
    faceSet outlet_tm_left_faces now size 4
Read set faceSet outlet_tm_left_faces size:4
    Applying source normalToFace
    Adding faces according to normal being aligned with (-0.75568908 -0.65493054 0) (to within 0.35) ...
    faceSet outlet_tm_left_faces now size 2
Created faceSet ac_inlet_faces
    Applying source patchToFace
    Adding all faces of patches: (ac_inlet) ...
    Found matching patch ac_inlet with 3 faces
    faceSet ac_inlet_faces now size 3
Read set faceSet ac_inlet_faces size:3
    Applying source patchToFace
    Adding all faces of patches: (wall) ...
    Found matching patch wall with 558 faces
    faceSet ac_inlet_faces now size 561
Read set faceSet ac_inlet_faces size:561
    Applying source patchToFace
    Adding all faces of patches: (iris_wall) ...
    Found matching patch iris_wall with 240 faces
    faceSet ac_inlet_faces now size 801
Read set faceSet ac_inlet_faces size:801
    Applying source boxToFace
    Adding faces with centre within boxes 1((0.00688 -0.0039 -1e-05) (0.00702 -0.0035 0.001001))
    faceSet ac_inlet_faces now size 2
Read set faceSet ac_inlet_faces size:2
    Applying source normalToFace
    Adding faces according to normal being aligned with (1 0 0) (to within 0.7) ...
    faceSet ac_inlet_faces now size 2
Created faceSet ac_inlet_left_faces
    Applying source patchToFace
    Adding all faces of patches: (ac_inlet_left) ...
    Found matching patch ac_inlet_left with 3 faces
    faceSet ac_inlet_left_faces now size 3
Read set faceSet ac_inlet_left_faces size:3
    Applying source patchToFace
    Adding all faces of patches: (wall) ...
    Found matching patch wall with 558 faces
    faceSet ac_inlet_left_faces now size 561
Read set faceSet ac_inlet_left_faces size:561
    Applying source patchToFace
    Adding all faces of patches: (iris_wall) ...
    Found matching patch iris_wall with 240 faces
    faceSet ac_inlet_left_faces now size 801
Read set faceSet ac_inlet_left_faces size:801
    Applying source boxToFace
    Adding faces with centre within boxes 1((-0.00702 -0.0039 -1e-05) (-0.00688 -0.0035 0.001001))
    faceSet ac_inlet_left_faces now size 2
Read set faceSet ac_inlet_left_faces size:2
    Applying source normalToFace
    Adding faces according to normal being aligned with (-1 0 0) (to within 0.7) ...
    faceSet ac_inlet_left_faces now size 2
Created faceSet demote_to_wall
    Applying source patchToFace
    Adding all faces of patches: (outlet_tm) ...
    Found matching patch outlet_tm with 6 faces
    faceSet demote_to_wall now size 6
Read set faceSet demote_to_wall size:6
    Applying source patchToFace
    Adding all faces of patches: (outlet_tm_left) ...
    Found matching patch outlet_tm_left with 6 faces
    faceSet demote_to_wall now size 12
Read set faceSet demote_to_wall size:12
    Applying source patchToFace
    Adding all faces of patches: (ac_inlet) ...
    Found matching patch ac_inlet with 3 faces
    faceSet demote_to_wall now size 15
Read set faceSet demote_to_wall size:15
    Applying source patchToFace
    Adding all faces of patches: (ac_inlet_left) ...
    Found matching patch ac_inlet_left with 3 faces
    faceSet demote_to_wall now size 18
Read set faceSet demote_to_wall size:18
    Applying source faceToFace
    Removing all elements of face sets: (outlet_tm_faces)
    faceSet demote_to_wall now size 16
Read set faceSet demote_to_wall size:16
    Applying source faceToFace
    Removing all elements of face sets: (outlet_tm_left_faces)
    faceSet demote_to_wall now size 14
Read set faceSet demote_to_wall size:14
    Applying source faceToFace
    Removing all elements of face sets: (ac_inlet_faces)
    faceSet demote_to_wall now size 12
Read set faceSet demote_to_wall size:12
    Applying source faceToFace
    Removing all elements of face sets: (ac_inlet_left_faces)
    faceSet demote_to_wall now size 10
Time = 350
    mesh not changed.
Created faceSet outlet_tm_faces
    Applying source patchToFace
    Adding all faces of patches: (outlet_tm) ...
    Found matching patch outlet_tm with 6 faces
    faceSet outlet_tm_faces now size 6
Read set faceSet outlet_tm_faces size:6
    Applying source patchToFace
    Adding all faces of patches: (wall) ...
    Found matching patch wall with 558 faces
    faceSet outlet_tm_faces now size 564
Read set faceSet outlet_tm_faces size:564
    Applying source patchToFace
    Adding all faces of patches: (iris_wall) ...
    Found matching patch iris_wall with 240 faces
    faceSet outlet_tm_faces now size 804
Read set faceSet outlet_tm_faces size:804
    Applying source patchToFace
    Adding all faces of patches: (tm_se_wall) ...
--> FOAM Warning : 
    From Foam::labelHashSet Foam::polyBoundaryMesh::patchSet(const Foam::UList<Foam::wordRe>&, bool, bool) const
    in file meshes/polyMesh/polyBoundaryMesh/polyBoundaryMesh.C at line 1158
    Cannot find any patch names matching tm_se_wall
--> FOAM Warning : 
    From void Foam::patchToFace::combine(Foam::topoSet&, bool) const
    in file topoSet/faceSources/patchToFace/patchToFace.C at line 96
    Cannot find any patches matching (tm_se_wall)
Valid names: (wall iris_wall outlet_tm lens_wall ac_inlet ac_inlet_left outlet_tm_left defaultFaces)
    faceSet outlet_tm_faces now size 804
Read set faceSet outlet_tm_faces size:804
    Applying source boxToFace
    Adding faces with centre within boxes 1((0.00665 -0.0048 -1e-05) (0.00698 -0.00445 0.001001))
    faceSet outlet_tm_faces now size 4
Read set faceSet outlet_tm_faces size:4
    Applying source normalToFace
    Adding faces according to normal being aligned with (0.75568908 -0.65493054 0) (to within 0.35) ...
    faceSet outlet_tm_faces now size 2
Created faceSet outlet_tm_left_faces
    Applying source patchToFace
    Adding all faces of patches: (outlet_tm_left) ...
    Found matching patch outlet_tm_left with 6 faces
    faceSet outlet_tm_left_faces now size 6
Read set faceSet outlet_tm_left_faces size:6
    Applying source patchToFace
    Adding all faces of patches: (wall) ...
    Found matching patch wall with 558 faces
    faceSet outlet_tm_left_faces now size 564
Read set faceSet outlet_tm_left_faces size:564
    Applying source patchToFace
    Adding all faces of patches: (iris_wall) ...
    Found matching patch iris_wall with 240 faces
    faceSet outlet_tm_left_faces now size 804
Read set faceSet outlet_tm_left_faces size:804
    Applying source patchToFace
    Adding all faces of patches: (tm_se_wall) ...
--> FOAM Warning : 
    From Foam::labelHashSet Foam::polyBoundaryMesh::patchSet(const Foam::UList<Foam::wordRe>&, bool, bool) const
    in file meshes/polyMesh/polyBoundaryMesh/polyBoundaryMesh.C at line 1158
    Cannot find any patch names matching tm_se_wall
--> FOAM Warning : 
    From void Foam::patchToFace::combine(Foam::topoSet&, bool) const
    in file topoSet/faceSources/patchToFace/patchToFace.C at line 96
    Cannot find any patches matching (tm_se_wall)
Valid names: (wall iris_wall outlet_tm lens_wall ac_inlet ac_inlet_left outlet_tm_left defaultFaces)
    faceSet outlet_tm_left_faces now size 804
Read set faceSet outlet_tm_left_faces size:804
    Applying source boxToFace
    Adding faces with centre within boxes 1((-0.00698 -0.0048 -1e-05) (-0.00665 -0.00445 0.001001))
    faceSet outlet_tm_left_faces now size 4
Read set faceSet outlet_tm_left_faces size:4
    Applying source normalToFace
    Adding faces according to normal being aligned with (-0.75568908 -0.65493054 0) (to within 0.35) ...
    faceSet outlet_tm_left_faces now size 2
Created faceSet ac_inlet_faces
    Applying source patchToFace
    Adding all faces of patches: (ac_inlet) ...
    Found matching patch ac_inlet with 3 faces
    faceSet ac_inlet_faces now size 3
Read set faceSet ac_inlet_faces size:3
    Applying source patchToFace
    Adding all faces of patches: (wall) ...
    Found matching patch wall with 558 faces
    faceSet ac_inlet_faces now size 561
Read set faceSet ac_inlet_faces size:561
    Applying source patchToFace
    Adding all faces of patches: (iris_wall) ...
    Found matching patch iris_wall with 240 faces
    faceSet ac_inlet_faces now size 801
Read set faceSet ac_inlet_faces size:801
    Applying source boxToFace
    Adding faces with centre within boxes 1((0.00688 -0.0039 -1e-05) (0.00702 -0.0035 0.001001))
    faceSet ac_inlet_faces now size 2
Read set faceSet ac_inlet_faces size:2
    Applying source normalToFace
    Adding faces according to normal being aligned with (1 0 0) (to within 0.7) ...
    faceSet ac_inlet_faces now size 2
Created faceSet ac_inlet_left_faces
    Applying source patchToFace
    Adding all faces of patches: (ac_inlet_left) ...
    Found matching patch ac_inlet_left with 3 faces
    faceSet ac_inlet_left_faces now size 3
Read set faceSet ac_inlet_left_faces size:3
    Applying source patchToFace
    Adding all faces of patches: (wall) ...
    Found matching patch wall with 558 faces
    faceSet ac_inlet_left_faces now size 561
Read set faceSet ac_inlet_left_faces size:561
    Applying source patchToFace
    Adding all faces of patches: (iris_wall) ...
    Found matching patch iris_wall with 240 faces
    faceSet ac_inlet_left_faces now size 801
Read set faceSet ac_inlet_left_faces size:801
    Applying source boxToFace
    Adding faces with centre within boxes 1((-0.00702 -0.0039 -1e-05) (-0.00688 -0.0035 0.001001))
    faceSet ac_inlet_left_faces now size 2
Read set faceSet ac_inlet_left_faces size:2
    Applying source normalToFace
    Adding faces according to normal being aligned with (-1 0 0) (to within 0.7) ...
    faceSet ac_inlet_left_faces now size 2
Created faceSet demote_to_wall
    Applying source patchToFace
    Adding all faces of patches: (outlet_tm) ...
    Found matching patch outlet_tm with 6 faces
    faceSet demote_to_wall now size 6
Read set faceSet demote_to_wall size:6
    Applying source patchToFace
    Adding all faces of patches: (outlet_tm_left) ...
    Found matching patch outlet_tm_left with 6 faces
    faceSet demote_to_wall now size 12
Read set faceSet demote_to_wall size:12
    Applying source patchToFace
    Adding all faces of patches: (ac_inlet) ...
    Found matching patch ac_inlet with 3 faces
    faceSet demote_to_wall now size 15
Read set faceSet demote_to_wall size:15
    Applying source patchToFace
    Adding all faces of patches: (ac_inlet_left) ...
    Found matching patch ac_inlet_left with 3 faces
    faceSet demote_to_wall now size 18
Read set faceSet demote_to_wall size:18
    Applying source faceToFace
    Removing all elements of face sets: (outlet_tm_faces)
    faceSet demote_to_wall now size 16
Read set faceSet demote_to_wall size:16
    Applying source faceToFace
    Removing all elements of face sets: (outlet_tm_left_faces)
    faceSet demote_to_wall now size 14
Read set faceSet demote_to_wall size:14
    Applying source faceToFace
    Removing all elements of face sets: (ac_inlet_faces)
    faceSet demote_to_wall now size 12
Read set faceSet demote_to_wall size:12
    Applying source faceToFace
    Removing all elements of face sets: (ac_inlet_left_faces)
    faceSet demote_to_wall now size 10
Time = 400
    mesh not changed.
Created faceSet outlet_tm_faces
    Applying source patchToFace
    Adding all faces of patches: (outlet_tm) ...
    Found matching patch outlet_tm with 6 faces
    faceSet outlet_tm_faces now size 6
Read set faceSet outlet_tm_faces size:6
    Applying source patchToFace
    Adding all faces of patches: (wall) ...
    Found matching patch wall with 558 faces
    faceSet outlet_tm_faces now size 564
Read set faceSet outlet_tm_faces size:564
    Applying source patchToFace
    Adding all faces of patches: (iris_wall) ...
    Found matching patch iris_wall with 240 faces
    faceSet outlet_tm_faces now size 804
Read set faceSet outlet_tm_faces size:804
    Applying source patchToFace
    Adding all faces of patches: (tm_se_wall) ...
--> FOAM Warning : 
    From Foam::labelHashSet Foam::polyBoundaryMesh::patchSet(const Foam::UList<Foam::wordRe>&, bool, bool) const
    in file meshes/polyMesh/polyBoundaryMesh/polyBoundaryMesh.C at line 1158
    Cannot find any patch names matching tm_se_wall
--> FOAM Warning : 
    From void Foam::patchToFace::combine(Foam::topoSet&, bool) const
    in file topoSet/faceSources/patchToFace/patchToFace.C at line 96
    Cannot find any patches matching (tm_se_wall)
Valid names: (wall iris_wall outlet_tm lens_wall ac_inlet ac_inlet_left outlet_tm_left defaultFaces)
    faceSet outlet_tm_faces now size 804
Read set faceSet outlet_tm_faces size:804
    Applying source boxToFace
    Adding faces with centre within boxes 1((0.00665 -0.0048 -1e-05) (0.00698 -0.00445 0.001001))
    faceSet outlet_tm_faces now size 4
Read set faceSet outlet_tm_faces size:4
    Applying source normalToFace
    Adding faces according to normal being aligned with (0.75568908 -0.65493054 0) (to within 0.35) ...
    faceSet outlet_tm_faces now size 2
Created faceSet outlet_tm_left_faces
    Applying source patchToFace
    Adding all faces of patches: (outlet_tm_left) ...
    Found matching patch outlet_tm_left with 6 faces
    faceSet outlet_tm_left_faces now size 6
Read set faceSet outlet_tm_left_faces size:6
    Applying source patchToFace
    Adding all faces of patches: (wall) ...
    Found matching patch wall with 558 faces
    faceSet outlet_tm_left_faces now size 564
Read set faceSet outlet_tm_left_faces size:564
    Applying source patchToFace
    Adding all faces of patches: (iris_wall) ...
    Found matching patch iris_wall with 240 faces
    faceSet outlet_tm_left_faces now size 804
Read set faceSet outlet_tm_left_faces size:804
    Applying source patchToFace
    Adding all faces of patches: (tm_se_wall) ...
--> FOAM Warning : 
    From Foam::labelHashSet Foam::polyBoundaryMesh::patchSet(const Foam::UList<Foam::wordRe>&, bool, bool) const
    in file meshes/polyMesh/polyBoundaryMesh/polyBoundaryMesh.C at line 1158
    Cannot find any patch names matching tm_se_wall
--> FOAM Warning : 
    From void Foam::patchToFace::combine(Foam::topoSet&, bool) const
    in file topoSet/faceSources/patchToFace/patchToFace.C at line 96
    Cannot find any patches matching (tm_se_wall)
Valid names: (wall iris_wall outlet_tm lens_wall ac_inlet ac_inlet_left outlet_tm_left defaultFaces)
    faceSet outlet_tm_left_faces now size 804
Read set faceSet outlet_tm_left_faces size:804
    Applying source boxToFace
    Adding faces with centre within boxes 1((-0.00698 -0.0048 -1e-05) (-0.00665 -0.00445 0.001001))
    faceSet outlet_tm_left_faces now size 4
Read set faceSet outlet_tm_left_faces size:4
    Applying source normalToFace
    Adding faces according to normal being aligned with (-0.75568908 -0.65493054 0) (to within 0.35) ...
    faceSet outlet_tm_left_faces now size 2
Created faceSet ac_inlet_faces
    Applying source patchToFace
    Adding all faces of patches: (ac_inlet) ...
    Found matching patch ac_inlet with 3 faces
    faceSet ac_inlet_faces now size 3
Read set faceSet ac_inlet_faces size:3
    Applying source patchToFace
    Adding all faces of patches: (wall) ...
    Found matching patch wall with 558 faces
    faceSet ac_inlet_faces now size 561
Read set faceSet ac_inlet_faces size:561
    Applying source patchToFace
    Adding all faces of patches: (iris_wall) ...
    Found matching patch iris_wall with 240 faces
    faceSet ac_inlet_faces now size 801
Read set faceSet ac_inlet_faces size:801
    Applying source boxToFace
    Adding faces with centre within boxes 1((0.00688 -0.0039 -1e-05) (0.00702 -0.0035 0.001001))
    faceSet ac_inlet_faces now size 2
Read set faceSet ac_inlet_faces size:2
    Applying source normalToFace
    Adding faces according to normal being aligned with (1 0 0) (to within 0.7) ...
    faceSet ac_inlet_faces now size 2
Created faceSet ac_inlet_left_faces
    Applying source patchToFace
    Adding all faces of patches: (ac_inlet_left) ...
    Found matching patch ac_inlet_left with 3 faces
    faceSet ac_inlet_left_faces now size 3
Read set faceSet ac_inlet_left_faces size:3
    Applying source patchToFace
    Adding all faces of patches: (wall) ...
    Found matching patch wall with 558 faces
    faceSet ac_inlet_left_faces now size 561
Read set faceSet ac_inlet_left_faces size:561
    Applying source patchToFace
    Adding all faces of patches: (iris_wall) ...
    Found matching patch iris_wall with 240 faces
    faceSet ac_inlet_left_faces now size 801
Read set faceSet ac_inlet_left_faces size:801
    Applying source boxToFace
    Adding faces with centre within boxes 1((-0.00702 -0.0039 -1e-05) (-0.00688 -0.0035 0.001001))
    faceSet ac_inlet_left_faces now size 2
Read set faceSet ac_inlet_left_faces size:2
    Applying source normalToFace
    Adding faces according to normal being aligned with (-1 0 0) (to within 0.7) ...
    faceSet ac_inlet_left_faces now size 2
Created faceSet demote_to_wall
    Applying source patchToFace
    Adding all faces of patches: (outlet_tm) ...
    Found matching patch outlet_tm with 6 faces
    faceSet demote_to_wall now size 6
Read set faceSet demote_to_wall size:6
    Applying source patchToFace
    Adding all faces of patches: (outlet_tm_left) ...
    Found matching patch outlet_tm_left with 6 faces
    faceSet demote_to_wall now size 12
Read set faceSet demote_to_wall size:12
    Applying source patchToFace
    Adding all faces of patches: (ac_inlet) ...
    Found matching patch ac_inlet with 3 faces
    faceSet demote_to_wall now size 15
Read set faceSet demote_to_wall size:15
    Applying source patchToFace
    Adding all faces of patches: (ac_inlet_left) ...
    Found matching patch ac_inlet_left with 3 faces
    faceSet demote_to_wall now size 18
Read set faceSet demote_to_wall size:18
    Applying source faceToFace
    Removing all elements of face sets: (outlet_tm_faces)
    faceSet demote_to_wall now size 16
Read set faceSet demote_to_wall size:16
    Applying source faceToFace
    Removing all elements of face sets: (outlet_tm_left_faces)
    faceSet demote_to_wall now size 14
Read set faceSet demote_to_wall size:14
    Applying source faceToFace
    Removing all elements of face sets: (ac_inlet_faces)
    faceSet demote_to_wall now size 12
Read set faceSet demote_to_wall size:12
    Applying source faceToFace
    Removing all elements of face sets: (ac_inlet_left_faces)
    faceSet demote_to_wall now size 10
Time = 450
    mesh not changed.
Created faceSet outlet_tm_faces
    Applying source patchToFace
    Adding all faces of patches: (outlet_tm) ...
    Found matching patch outlet_tm with 6 faces
    faceSet outlet_tm_faces now size 6
Read set faceSet outlet_tm_faces size:6
    Applying source patchToFace
    Adding all faces of patches: (wall) ...
    Found matching patch wall with 558 faces
    faceSet outlet_tm_faces now size 564
Read set faceSet outlet_tm_faces size:564
    Applying source patchToFace
    Adding all faces of patches: (iris_wall) ...
    Found matching patch iris_wall with 240 faces
    faceSet outlet_tm_faces now size 804
Read set faceSet outlet_tm_faces size:804
    Applying source patchToFace
    Adding all faces of patches: (tm_se_wall) ...
--> FOAM Warning : 
    From Foam::labelHashSet Foam::polyBoundaryMesh::patchSet(const Foam::UList<Foam::wordRe>&, bool, bool) const
    in file meshes/polyMesh/polyBoundaryMesh/polyBoundaryMesh.C at line 1158
    Cannot find any patch names matching tm_se_wall
--> FOAM Warning : 
    From void Foam::patchToFace::combine(Foam::topoSet&, bool) const
    in file topoSet/faceSources/patchToFace/patchToFace.C at line 96
    Cannot find any patches matching (tm_se_wall)
Valid names: (wall iris_wall outlet_tm lens_wall ac_inlet ac_inlet_left outlet_tm_left defaultFaces)
    faceSet outlet_tm_faces now size 804
Read set faceSet outlet_tm_faces size:804
    Applying source boxToFace
    Adding faces with centre within boxes 1((0.00665 -0.0048 -1e-05) (0.00698 -0.00445 0.001001))
    faceSet outlet_tm_faces now size 4
Read set faceSet outlet_tm_faces size:4
    Applying source normalToFace
    Adding faces according to normal being aligned with (0.75568908 -0.65493054 0) (to within 0.35) ...
    faceSet outlet_tm_faces now size 2
Created faceSet outlet_tm_left_faces
    Applying source patchToFace
    Adding all faces of patches: (outlet_tm_left) ...
    Found matching patch outlet_tm_left with 6 faces
    faceSet outlet_tm_left_faces now size 6
Read set faceSet outlet_tm_left_faces size:6
    Applying source patchToFace
    Adding all faces of patches: (wall) ...
    Found matching patch wall with 558 faces
    faceSet outlet_tm_left_faces now size 564
Read set faceSet outlet_tm_left_faces size:564
    Applying source patchToFace
    Adding all faces of patches: (iris_wall) ...
    Found matching patch iris_wall with 240 faces
    faceSet outlet_tm_left_faces now size 804
Read set faceSet outlet_tm_left_faces size:804
    Applying source patchToFace
    Adding all faces of patches: (tm_se_wall) ...
--> FOAM Warning : 
    From Foam::labelHashSet Foam::polyBoundaryMesh::patchSet(const Foam::UList<Foam::wordRe>&, bool, bool) const
    in file meshes/polyMesh/polyBoundaryMesh/polyBoundaryMesh.C at line 1158
    Cannot find any patch names matching tm_se_wall
--> FOAM Warning : 
    From void Foam::patchToFace::combine(Foam::topoSet&, bool) const
    in file topoSet/faceSources/patchToFace/patchToFace.C at line 96
    Cannot find any patches matching (tm_se_wall)
Valid names: (wall iris_wall outlet_tm lens_wall ac_inlet ac_inlet_left outlet_tm_left defaultFaces)
    faceSet outlet_tm_left_faces now size 804
Read set faceSet outlet_tm_left_faces size:804
    Applying source boxToFace
    Adding faces with centre within boxes 1((-0.00698 -0.0048 -1e-05) (-0.00665 -0.00445 0.001001))
    faceSet outlet_tm_left_faces now size 4
Read set faceSet outlet_tm_left_faces size:4
    Applying source normalToFace
    Adding faces according to normal being aligned with (-0.75568908 -0.65493054 0) (to within 0.35) ...
    faceSet outlet_tm_left_faces now size 2
Created faceSet ac_inlet_faces
    Applying source patchToFace
    Adding all faces of patches: (ac_inlet) ...
    Found matching patch ac_inlet with 3 faces
    faceSet ac_inlet_faces now size 3
Read set faceSet ac_inlet_faces size:3
    Applying source patchToFace
    Adding all faces of patches: (wall) ...
    Found matching patch wall with 558 faces
    faceSet ac_inlet_faces now size 561
Read set faceSet ac_inlet_faces size:561
    Applying source patchToFace
    Adding all faces of patches: (iris_wall) ...
    Found matching patch iris_wall with 240 faces
    faceSet ac_inlet_faces now size 801
Read set faceSet ac_inlet_faces size:801
    Applying source boxToFace
    Adding faces with centre within boxes 1((0.00688 -0.0039 -1e-05) (0.00702 -0.0035 0.001001))
    faceSet ac_inlet_faces now size 2
Read set faceSet ac_inlet_faces size:2
    Applying source normalToFace
    Adding faces according to normal being aligned with (1 0 0) (to within 0.7) ...
    faceSet ac_inlet_faces now size 2
Created faceSet ac_inlet_left_faces
    Applying source patchToFace
    Adding all faces of patches: (ac_inlet_left) ...
    Found matching patch ac_inlet_left with 3 faces
    faceSet ac_inlet_left_faces now size 3
Read set faceSet ac_inlet_left_faces size:3
    Applying source patchToFace
    Adding all faces of patches: (wall) ...
    Found matching patch wall with 558 faces
    faceSet ac_inlet_left_faces now size 561
Read set faceSet ac_inlet_left_faces size:561
    Applying source patchToFace
    Adding all faces of patches: (iris_wall) ...
    Found matching patch iris_wall with 240 faces
    faceSet ac_inlet_left_faces now size 801
Read set faceSet ac_inlet_left_faces size:801
    Applying source boxToFace
    Adding faces with centre within boxes 1((-0.00702 -0.0039 -1e-05) (-0.00688 -0.0035 0.001001))
    faceSet ac_inlet_left_faces now size 2
Read set faceSet ac_inlet_left_faces size:2
    Applying source normalToFace
    Adding faces according to normal being aligned with (-1 0 0) (to within 0.7) ...
    faceSet ac_inlet_left_faces now size 2
Created faceSet demote_to_wall
    Applying source patchToFace
    Adding all faces of patches: (outlet_tm) ...
    Found matching patch outlet_tm with 6 faces
    faceSet demote_to_wall now size 6
Read set faceSet demote_to_wall size:6
    Applying source patchToFace
    Adding all faces of patches: (outlet_tm_left) ...
    Found matching patch outlet_tm_left with 6 faces
    faceSet demote_to_wall now size 12
Read set faceSet demote_to_wall size:12
    Applying source patchToFace
    Adding all faces of patches: (ac_inlet) ...
    Found matching patch ac_inlet with 3 faces
    faceSet demote_to_wall now size 15
Read set faceSet demote_to_wall size:15
    Applying source patchToFace
    Adding all faces of patches: (ac_inlet_left) ...
    Found matching patch ac_inlet_left with 3 faces
    faceSet demote_to_wall now size 18
Read set faceSet demote_to_wall size:18
    Applying source faceToFace
    Removing all elements of face sets: (outlet_tm_faces)
    faceSet demote_to_wall now size 16
Read set faceSet demote_to_wall size:16
    Applying source faceToFace
    Removing all elements of face sets: (outlet_tm_left_faces)
    faceSet demote_to_wall now size 14
Read set faceSet demote_to_wall size:14
    Applying source faceToFace
    Removing all elements of face sets: (ac_inlet_faces)
    faceSet demote_to_wall now size 12
Read set faceSet demote_to_wall size:12
    Applying source faceToFace
    Removing all elements of face sets: (ac_inlet_left_faces)
    faceSet demote_to_wall now size 10
Time = 500
    mesh not changed.
Created faceSet outlet_tm_faces
    Applying source patchToFace
    Adding all faces of patches: (outlet_tm) ...
    Found matching patch outlet_tm with 6 faces
    faceSet outlet_tm_faces now size 6
Read set faceSet outlet_tm_faces size:6
    Applying source patchToFace
    Adding all faces of patches: (wall) ...
    Found matching patch wall with 558 faces
    faceSet outlet_tm_faces now size 564
Read set faceSet outlet_tm_faces size:564
    Applying source patchToFace
    Adding all faces of patches: (iris_wall) ...
    Found matching patch iris_wall with 240 faces
    faceSet outlet_tm_faces now size 804
Read set faceSet outlet_tm_faces size:804
    Applying source patchToFace
    Adding all faces of patches: (tm_se_wall) ...
--> FOAM Warning : 
    From Foam::labelHashSet Foam::polyBoundaryMesh::patchSet(const Foam::UList<Foam::wordRe>&, bool, bool) const
    in file meshes/polyMesh/polyBoundaryMesh/polyBoundaryMesh.C at line 1158
    Cannot find any patch names matching tm_se_wall
--> FOAM Warning : 
    From void Foam::patchToFace::combine(Foam::topoSet&, bool) const
    in file topoSet/faceSources/patchToFace/patchToFace.C at line 96
    Cannot find any patches matching (tm_se_wall)
Valid names: (wall iris_wall outlet_tm lens_wall ac_inlet ac_inlet_left outlet_tm_left defaultFaces)
    faceSet outlet_tm_faces now size 804
Read set faceSet outlet_tm_faces size:804
    Applying source boxToFace
    Adding faces with centre within boxes 1((0.00665 -0.0048 -1e-05) (0.00698 -0.00445 0.001001))
    faceSet outlet_tm_faces now size 4
Read set faceSet outlet_tm_faces size:4
    Applying source normalToFace
    Adding faces according to normal being aligned with (0.75568908 -0.65493054 0) (to within 0.35) ...
    faceSet outlet_tm_faces now size 2
Created faceSet outlet_tm_left_faces
    Applying source patchToFace
    Adding all faces of patches: (outlet_tm_left) ...
    Found matching patch outlet_tm_left with 6 faces
    faceSet outlet_tm_left_faces now size 6
Read set faceSet outlet_tm_left_faces size:6
    Applying source patchToFace
    Adding all faces of patches: (wall) ...
    Found matching patch wall with 558 faces
    faceSet outlet_tm_left_faces now size 564
Read set faceSet outlet_tm_left_faces size:564
    Applying source patchToFace
    Adding all faces of patches: (iris_wall) ...
    Found matching patch iris_wall with 240 faces
    faceSet outlet_tm_left_faces now size 804
Read set faceSet outlet_tm_left_faces size:804
    Applying source patchToFace
    Adding all faces of patches: (tm_se_wall) ...
--> FOAM Warning : 
    From Foam::labelHashSet Foam::polyBoundaryMesh::patchSet(const Foam::UList<Foam::wordRe>&, bool, bool) const
    in file meshes/polyMesh/polyBoundaryMesh/polyBoundaryMesh.C at line 1158
    Cannot find any patch names matching tm_se_wall
--> FOAM Warning : 
    From void Foam::patchToFace::combine(Foam::topoSet&, bool) const
    in file topoSet/faceSources/patchToFace/patchToFace.C at line 96
    Cannot find any patches matching (tm_se_wall)
Valid names: (wall iris_wall outlet_tm lens_wall ac_inlet ac_inlet_left outlet_tm_left defaultFaces)
    faceSet outlet_tm_left_faces now size 804
Read set faceSet outlet_tm_left_faces size:804
    Applying source boxToFace
    Adding faces with centre within boxes 1((-0.00698 -0.0048 -1e-05) (-0.00665 -0.00445 0.001001))
    faceSet outlet_tm_left_faces now size 4
Read set faceSet outlet_tm_left_faces size:4
    Applying source normalToFace
    Adding faces according to normal being aligned with (-0.75568908 -0.65493054 0) (to within 0.35) ...
    faceSet outlet_tm_left_faces now size 2
Created faceSet ac_inlet_faces
    Applying source patchToFace
    Adding all faces of patches: (ac_inlet) ...
    Found matching patch ac_inlet with 3 faces
    faceSet ac_inlet_faces now size 3
Read set faceSet ac_inlet_faces size:3
    Applying source patchToFace
    Adding all faces of patches: (wall) ...
    Found matching patch wall with 558 faces
    faceSet ac_inlet_faces now size 561
Read set faceSet ac_inlet_faces size:561
    Applying source patchToFace
    Adding all faces of patches: (iris_wall) ...
    Found matching patch iris_wall with 240 faces
    faceSet ac_inlet_faces now size 801
Read set faceSet ac_inlet_faces size:801
    Applying source boxToFace
    Adding faces with centre within boxes 1((0.00688 -0.0039 -1e-05) (0.00702 -0.0035 0.001001))
    faceSet ac_inlet_faces now size 2
Read set faceSet ac_inlet_faces size:2
    Applying source normalToFace
    Adding faces according to normal being aligned with (1 0 0) (to within 0.7) ...
    faceSet ac_inlet_faces now size 2
Created faceSet ac_inlet_left_faces
    Applying source patchToFace
    Adding all faces of patches: (ac_inlet_left) ...
    Found matching patch ac_inlet_left with 3 faces
    faceSet ac_inlet_left_faces now size 3
Read set faceSet ac_inlet_left_faces size:3
    Applying source patchToFace
    Adding all faces of patches: (wall) ...
    Found matching patch wall with 558 faces
    faceSet ac_inlet_left_faces now size 561
Read set faceSet ac_inlet_left_faces size:561
    Applying source patchToFace
    Adding all faces of patches: (iris_wall) ...
    Found matching patch iris_wall with 240 faces
    faceSet ac_inlet_left_faces now size 801
Read set faceSet ac_inlet_left_faces size:801
    Applying source boxToFace
    Adding faces with centre within boxes 1((-0.00702 -0.0039 -1e-05) (-0.00688 -0.0035 0.001001))
    faceSet ac_inlet_left_faces now size 2
Read set faceSet ac_inlet_left_faces size:2
    Applying source normalToFace
    Adding faces according to normal being aligned with (-1 0 0) (to within 0.7) ...
    faceSet ac_inlet_left_faces now size 2
Created faceSet demote_to_wall
    Applying source patchToFace
    Adding all faces of patches: (outlet_tm) ...
    Found matching patch outlet_tm with 6 faces
    faceSet demote_to_wall now size 6
Read set faceSet demote_to_wall size:6
    Applying source patchToFace
    Adding all faces of patches: (outlet_tm_left) ...
    Found matching patch outlet_tm_left with 6 faces
    faceSet demote_to_wall now size 12
Read set faceSet demote_to_wall size:12
    Applying source patchToFace
    Adding all faces of patches: (ac_inlet) ...
    Found matching patch ac_inlet with 3 faces
    faceSet demote_to_wall now size 15
Read set faceSet demote_to_wall size:15
    Applying source patchToFace
    Adding all faces of patches: (ac_inlet_left) ...
    Found matching patch ac_inlet_left with 3 faces
    faceSet demote_to_wall now size 18
Read set faceSet demote_to_wall size:18
    Applying source faceToFace
    Removing all elements of face sets: (outlet_tm_faces)
    faceSet demote_to_wall now size 16
Read set faceSet demote_to_wall size:16
    Applying source faceToFace
    Removing all elements of face sets: (outlet_tm_left_faces)
    faceSet demote_to_wall now size 14
Read set faceSet demote_to_wall size:14
    Applying source faceToFace
    Removing all elements of face sets: (ac_inlet_faces)
    faceSet demote_to_wall now size 12
Read set faceSet demote_to_wall size:12
    Applying source faceToFace
    Removing all elements of face sets: (ac_inlet_left_faces)
    faceSet demote_to_wall now size 10

End

/*---------------------------------------------------------------------------*\
| =========                 |                                                 |
| \\      /  F ield         | OpenFOAM: The Open Source CFD Toolbox           |
|  \\    /   O peration     | Version:  2512                                  |
|   \\  /    A nd           | Website:  www.openfoam.com                      |
|    \\/     M anipulation  |                                                 |
\*---------------------------------------------------------------------------*/
Build  : _bd2b6720-20260127 OPENFOAM=2512 version=2512
Arch   : "LSB;label=32;scalar=64"
Exec   : createPatch -overwrite -dict system/createPatchDict.anatomical
Date   : Jul 16 2026
Time   : 01:31:53
Host   : 6f92eaaea4fe
PID    : 241
I/O    : uncollated
Case   : /simulation/doc-g1-sim1/fluid
nProcs : 1
trapFpe: Floating point exception trapping enabled (FOAM_SIGFPE).
memory pool : not available
fileModificationChecking : Monitoring run-time modified files using timeStampMaster (fileModificationSkew 5, maxFileModificationPolls 20)
allowSystemOperations : Allowing user-supplied system call operations

// * * * * * * * * * * * * * * * * * * * * * * * * * * * * * * * * * * * * * //
Create time

Create mesh for time = 0

Reading "system/createPatchDict.anatomical"



Adding patches to mesh region0

Adding new patch front from 
{
    type            empty;
    nFaces          0;
    startFace       0;
}

Adding new patch back from 
{
    type            empty;
    nFaces          0;
    startFace       0;
}

Adding new patch demote_wall from 
{
    type            wall;
    nFaces          0;
    startFace       0;
}




Repatching mesh region0

Read 41242 faces from faceSet frontFaces
Read 41242 faces from faceSet backFaces
Read 10 faces from faceSet demote_to_wall
Read 2 faces from faceSet outlet_tm_faces
Read 2 faces from faceSet outlet_tm_left_faces
Read 2 faces from faceSet ac_inlet_faces
Read 2 faces from faceSet ac_inlet_left_faces
Doing topology modification to order faces.

Not synchronising points.

Removing patches with no faces in them.

Removed zero-sized patch defaultFaces type patch at position 7


Writing repatched mesh region0 to 0

End

=== changeDictionary (patch types) ===
/*---------------------------------------------------------------------------*\
| =========                 |                                                 |
| \\      /  F ield         | OpenFOAM: The Open Source CFD Toolbox           |
|  \\    /   O peration     | Version:  2512                                  |
|   \\  /    A nd           | Website:  www.openfoam.com                      |
|    \\/     M anipulation  |                                                 |
\*---------------------------------------------------------------------------*/
Build  : _bd2b6720-20260127 OPENFOAM=2512 version=2512
Arch   : "LSB;label=32;scalar=64"
Exec   : changeDictionary
Date   : Jul 16 2026
Time   : 01:31:54
Host   : 6f92eaaea4fe
PID    : 244
I/O    : uncollated
Case   : /simulation/doc-g1-sim1/fluid
nProcs : 1
trapFpe: Floating point exception trapping enabled (FOAM_SIGFPE).
memory pool : not available
fileModificationChecking : Monitoring run-time modified files using timeStampMaster (fileModificationSkew 5, maxFileModificationPolls 20)
allowSystemOperations : Allowing user-supplied system call operations

// * * * * * * * * * * * * * * * * * * * * * * * * * * * * * * * * * * * * * //
Create time

Create mesh for time = 0

Read dictionary changeDictionaryDict with replacements for dictionaries 1(boundary)
Reading polyMesh/boundary file to extract patch names
Loaded dictionary boundary with entries 10(wall iris_wall outlet_tm lens_wall ac_inlet ac_inlet_left outlet_tm_left front back demote_wall)
Extracted patch groups:
    group empty with patches 2(front back)
    group wall with patches 1(demote_wall)
Replacing entries in dictionary boundary
Special handling of boundary as polyMesh/boundary file.
Merging entries from 
12
(
front
back
wall
tm_se_wall
inlet_demote_wall
demote_wall
lens_wall
iris_wall
ac_inlet
ac_inlet_left
outlet_tm
outlet_tm_left
)

--> FOAM Warning : 
    From bool merge(bool, Foam::dictionary&, const Foam::dictionary&, bool, const Foam::HashTable<Foam::List<Foam::word> >&)
    in file changeDictionary.C at line 303
    Reading "system/changeDictionaryDict/boundary" at line 10 to 21
    Ignoring non-existing entry tm_se_wall
--> FOAM Warning : 
    From bool merge(bool, Foam::dictionary&, const Foam::dictionary&, bool, const Foam::HashTable<Foam::List<Foam::word> >&)
    in file changeDictionary.C at line 303
    Reading "system/changeDictionaryDict/boundary" at line 10 to 21
    Ignoring non-existing entry inlet_demote_wall
fieldDict:
{
    wall
    {
        type            patch;
        physicalType    patch;
        nFaces          558;
        startFace       61302;
    }
    iris_wall
    {
        type            wall;
        physicalType    patch;
        nFaces          240;
        startFace       61860;
    }
    outlet_tm
    {
        type            patch;
        physicalType    patch;
        nFaces          2;
        startFace       62100;
    }
    lens_wall
    {
        type            wall;
        physicalType    patch;
        nFaces          306;
        startFace       62102;
    }
    ac_inlet
    {
        type            patch;
        physicalType    patch;
        nFaces          2;
        startFace       62408;
    }
    ac_inlet_left
    {
        type            patch;
        physicalType    patch;
        nFaces          2;
        startFace       62410;
    }
    outlet_tm_left
    {
        type            patch;
        physicalType    patch;
        nFaces          2;
        startFace       62412;
    }
    front
    {
        type            empty;
        inGroups        1 ( empty );
        nFaces          41242;
        startFace       62414;
    }
    back
    {
        type            empty;
        inGroups        1 ( empty );
        nFaces          41242;
        startFace       103656;
    }
    demote_wall
    {
        type            wall;
        inGroups        1 ( wall );
        nFaces          10;
        startFace       144898;
    }
}

Writing modified boundary

End

=== initial fields ===
=== checkMesh ===
/*---------------------------------------------------------------------------*\
| =========                 |                                                 |
| \\      /  F ield         | OpenFOAM: The Open Source CFD Toolbox           |
|  \\    /   O peration     | Version:  2512                                  |
|   \\  /    A nd           | Website:  www.openfoam.com                      |
|    \\/     M anipulation  |                                                 |
\*---------------------------------------------------------------------------*/
Build  : _bd2b6720-20260127 OPENFOAM=2512 version=2512
Arch   : "LSB;label=32;scalar=64"
Exec   : checkMesh
Date   : Jul 16 2026
Time   : 01:31:55
Host   : 6f92eaaea4fe
PID    : 250
I/O    : uncollated
Case   : /simulation/doc-g1-sim1/fluid
nProcs : 1
trapFpe: Floating point exception trapping enabled (FOAM_SIGFPE).
memory pool : not available
fileModificationChecking : Monitoring run-time modified files using timeStampMaster (fileModificationSkew 5, maxFileModificationPolls 20)
allowSystemOperations : Allowing user-supplied system call operations

// * * * * * * * * * * * * * * * * * * * * * * * * * * * * * * * * * * * * * //
Create time

Create mesh for time = 0

Check mesh...

Time = 0

Mesh stats 
    points:           42364
    internal points:  0
    faces:            144908
    internal faces:   61302
    cells:            41242
    faces per cell:   5
    boundary patches: 10
    point zones:      0
    face zones:       0
    cell zones:       4

Overall number of cells of each type:
    hexahedra:     0
    prisms:        41242
    wedges:        0
    pyramids:      0
    tet wedges:    0
    tetrahedra:    0
    polyhedra:     0

Checking topology...
    Boundary definition OK.
    Cell to face addressing OK.
    Point usage OK.
    Upper triangular ordering OK.
    Face vertices OK.
    Number of regions: 1 (OK).

Checking patch topology for multiply connected surfaces...
    Patch               Faces    Points     Surface topology
    wall                558      1124     ok (non-closed singly connected)  
    iris_wall           240      496      ok (non-closed singly connected)  
    outlet_tm           2        6        ok (non-closed singly connected)  
    lens_wall           306      620      ok (non-closed singly connected)  
    ac_inlet            2        6        ok (non-closed singly connected)  
    ac_inlet_left       2        6        ok (non-closed singly connected)  
    outlet_tm_left      2        6        ok (non-closed singly connected)  
    front               41242    21182    ok (non-closed singly connected)  
    back                41242    21182    ok (non-closed singly connected)  
    demote_wall         10       32       ok (non-closed singly connected)  
    ".*"                83606    42364    ok (closed singly connected)      


Checking faceZone topology for multiply connected surfaces...
    No faceZones found.

Checking basic cellZone addressing...
    CellZone            Cells        Points       Volume       BoundingBox
    fluid               41242        42364        1.4629709e-07 (-0.0083688305 -0.00816 0) (0.0083688305 0.0069 0.001)
    tm_zone             69           98           1.9849536e-10 (0.0064142133 -0.0048720705 0) (0.00693 -0.0041952456 0.001)
    tm_zone_left        67           96           1.9558531e-10 (-0.00693 -0.0048720705 0) (-0.0064137072 -0.0041944014 0.001)
    vitreous_zone       19682        20142        1.0167695e-07 (-0.0080734505 -0.0015483274 0) (0.0080569714 0.0069 0.001)

Checking basic pointZone addressing...
    No pointZones found.

Checking geometry...
    Overall domain bounding box (-0.0083688305 -0.00816 0) (0.0083688305 0.0069 0.001)
    Mesh has 2 geometric (non-empty/wedge) directions (1 1 0)
    Mesh has 2 solution (non-empty) directions (1 1 0)
    All edges aligned with or perpendicular to non-empty directions.
    Boundary openness (-1.9102587e-18 6.4707862e-18 -1.3698495e-15) OK.
    Max cell openness = 3.7865184e-15 OK.
    Max aspect ratio = 4.5420041 OK.
    Minimum face area = 3.4133459e-12. Maximum face area = 1.8412767e-07.  Face area magnitudes OK.
    Min volume = 3.4133459e-15. Max volume = 1.0832708e-11.  Total volume = 1.4629709e-07.  Cell volumes OK.
    Mesh non-orthogonality Max: 62.352341 average: 4.3246144
    Non-orthogonality check OK.
    Face pyramids OK.
 ***Max skewness = 4.2550004, 1 highly skew faces detected which may impair the quality of the results
  <<Writing 1 skew faces to set skewFaces
    Coupled point location match (average 0) OK.

Failed 1 mesh checks.

End

WARNING: checkMesh reported Failed (see log.checkMesh) — continuing for ParaView
=== patch / zone counts ===
  ac_inlet: 2 faces
  ac_inlet_left: 2 faces
  outlet_tm: 2 faces
  outlet_tm_left: 2 faces
  wall: 558 faces
  front: 41242 faces
  back: 41242 faces
  tm_zone: 69 cells
  tm_zone_left: 67 cells
  vitreous_zone: 19682 cells
=== simpleFoam ===
/*---------------------------------------------------------------------------*\
| =========                 |                                                 |
| \\      /  F ield         | OpenFOAM: The Open Source CFD Toolbox           |
|  \\    /   O peration     | Version:  2512                                  |
|   \\  /    A nd           | Website:  www.openfoam.com                      |
|    \\/     M anipulation  |                                                 |
\*---------------------------------------------------------------------------*/
Build  : _bd2b6720-20260127 OPENFOAM=2512 version=2512
Arch   : "LSB;label=32;scalar=64"
Exec   : simpleFoam
Date   : Jul 16 2026
Time   : 01:31:57
Host   : 6f92eaaea4fe
PID    : 256
I/O    : uncollated
Case   : /simulation/doc-g1-sim1/fluid
nProcs : 1
trapFpe: Floating point exception trapping enabled (FOAM_SIGFPE).
memory pool : not available
fileModificationChecking : Monitoring run-time modified files using timeStampMaster (fileModificationSkew 5, maxFileModificationPolls 20)
allowSystemOperations : Allowing user-supplied system call operations

// * * * * * * * * * * * * * * * * * * * * * * * * * * * * * * * * * * * * * //
Create time

Create mesh for time = 0


SIMPLE: convergence criteria
    field p	 tolerance 0.0001
    field U	 tolerance 1e-05

Reading field p

Reading field U

Reading/calculating face flux field phi

Selecting incompressible transport model Newtonian
Selecting turbulence model type laminar
Selecting laminar stress model Stokes
No MRF models present

Creating finite-volume options from "system/fvOptions"

Selecting finite volume options type explicitPorositySource
    Source: tm_porous
    State: active
    - selecting cells using cellZones (tm_zone)
    - selected 69 cell(s) with volume 1.9849536e-10
Porosity region tm_porous:
    selecting model: DarcyForchheimer
--> FOAM IOWarning :
    Found [v1806] 'coordinateRotation' entry instead of 'rotation' in dictionary "system/fvOptions/tm_porous/explicitPorositySourceCoeffs/DarcyForchheimerCoeffs/coordinateSystem"

    This keyword is 90 months old.

Using [v1806] 'axesRotation' instead of 'axes' in selection table: coordinateRotation

    This lookup is 90 months old.

    creating porous zone: tm_zone
    origin: (0 0 0) e1: (1 0 0) e2: (0 1 0)
    local bounds: (0.00051578665 0.00067682487 0.001)

Selecting finite volume options type explicitPorositySource
    Source: tm_porous_left
    State: active
    - selecting cells using cellZones (tm_zone_left)
    - selected 67 cell(s) with volume 1.9558531e-10
Porosity region tm_porous_left:
    selecting model: DarcyForchheimer
--> FOAM IOWarning :
    Found [v1806] 'coordinateRotation' entry instead of 'rotation' in dictionary "system/fvOptions/tm_porous_left/explicitPorositySourceCoeffs/DarcyForchheimerCoeffs/coordinateSystem"

    This keyword is 90 months old.

Using [v1806] 'axesRotation' instead of 'axes' in selection table: coordinateRotation

    This lookup is 90 months old.

    creating porous zone: tm_zone_left
    origin: (0 0 0) e1: (1 0 0) e2: (0 1 0)
    local bounds: (0.00051629278 0.00067766906 0.001)

Selecting finite volume options type explicitPorositySource
    Source: vitreous_porous
    State: active
    - selecting cells using cellZones (vitreous_zone)
    - selected 19682 cell(s) with volume 1.0167695e-07
Porosity region vitreous_porous:
    selecting model: DarcyForchheimer
--> FOAM IOWarning :
    Found [v1806] 'coordinateRotation' entry instead of 'rotation' in dictionary "system/fvOptions/vitreous_porous/explicitPorositySourceCoeffs/DarcyForchheimerCoeffs/coordinateSystem"

    This keyword is 90 months old.

Using [v1806] 'axesRotation' instead of 'axes' in selection table: coordinateRotation

    This lookup is 90 months old.

    creating porous zone: vitreous_zone
    origin: (0 0 0) e1: (1 0 0) e2: (0 1 0)
    local bounds: (0.016130422 0.0084483274 0.001)


Starting time loop

surfaceFieldValue flowRateTM:
    operation     = sum


surfaceFieldValue flowRateTM_left:
    operation     = sum


surfaceFieldValue pressureACinlet:
    operation     = areaAverage


Time = 1

smoothSolver:  Solving for Ux, Initial residual = 0.99999999, Final residual = 1.9912616e-09, No Iterations 10
smoothSolver:  Solving for Uy, Initial residual = 0.99999996, Final residual = 1.9912597e-09, No Iterations 10
DICPCG:  Solving for p, Initial residual = 0.99999996, Final residual = 0.0099324398, No Iterations 797
DICPCG:  Solving for p, Initial residual = 0.60987997, Final residual = 0.0060693623, No Iterations 245
DICPCG:  Solving for p, Initial residual = 0.061156668, Final residual = 0.00049732812, No Iterations 776
DICPCG:  Solving for p, Initial residual = 0.021900198, Final residual = 0.00021798791, No Iterations 259
time step continuity errors : sum local = 6.6747854e-06, global = -1.9236018e-07, cumulative = -1.9236018e-07
ExecutionTime = 3.19 s  ClockTime = 3 s

Time = 2

smoothSolver:  Solving for Ux, Initial residual = 0.28588671, Final residual = 6.6451297e-09, No Iterations 5
smoothSolver:  Solving for Uy, Initial residual = 0.14941199, Final residual = 2.8461194e-09, No Iterations 5
DICPCG:  Solving for p, Initial residual = 0.25921701, Final residual = 0.0022572959, No Iterations 783
DICPCG:  Solving for p, Initial residual = 0.34322871, Final residual = 0.0033563153, No Iterations 249
DICPCG:  Solving for p, Initial residual = 0.041241581, Final residual = 0.0003964524, No Iterations 777
DICPCG:  Solving for p, Initial residual = 0.017465305, Final residual = 0.00017427244, No Iterations 315
time step continuity errors : sum local = 4.0080006e-06, global = -8.8129569e-08, cumulative = -2.8048975e-07
ExecutionTime = 5.14 s  ClockTime = 5 s

Time = 3

smoothSolver:  Solving for Ux, Initial residual = 0.19043176, Final residual = 4.2203117e-09, No Iterations 5
smoothSolver:  Solving for Uy, Initial residual = 0.088293302, Final residual = 9.5755051e-09, No Iterations 4
DICPCG:  Solving for p, Initial residual = 0.29300976, Final residual = 0.0027519477, No Iterations 781
DICPCG:  Solving for p, Initial residual = 0.19001082, Final residual = 0.0018591485, No Iterations 253
DICPCG:  Solving for p, Initial residual = 0.023173019, Final residual = 0.00022330113, No Iterations 784
DICPCG:  Solving for p, Initial residual = 0.01129911, Final residual = 0.00011144177, No Iterations 269
time step continuity errors : sum local = 1.67216e-06, global = -4.734704e-08, cumulative = -3.2783679e-07
ExecutionTime = 7.6 s  ClockTime = 7 s

Time = 4

smoothSolver:  Solving for Ux, Initial residual = 0.1292537, Final residual = 2.3662325e-09, No Iterations 5
smoothSolver:  Solving for Uy, Initial residual = 0.057385833, Final residual = 5.1324918e-09, No Iterations 4
DICPCG:  Solving for p, Initial residual = 0.32003807, Final residual = 0.0030646105, No Iterations 783
DICPCG:  Solving for p, Initial residual = 0.30186739, Final residual = 0.0029451898, No Iterations 18
DICPCG:  Solving for p, Initial residual = 0.033528369, Final residual = 0.00032409399, No Iterations 319
DICPCG:  Solving for p, Initial residual = 0.015061663, Final residual = 0.00014612237, No Iterations 770
time step continuity errors : sum local = 2.1651289e-06, global = -3.6187071e-13, cumulative = -3.2783715e-07
ExecutionTime = 9.36 s  ClockTime = 9 s

Time = 5

smoothSolver:  Solving for Ux, Initial residual = 0.084638072, Final residual = 5.3103573e-09, No Iterations 4
smoothSolver:  Solving for Uy, Initial residual = 0.037597826, Final residual = 1.9314752e-09, No Iterations 4
DICPCG:  Solving for p, Initial residual = 0.30632995, Final residual = 0.00302497, No Iterations 787
DICPCG:  Solving for p, Initial residual = 0.34757542, Final residual = 0.0029863966, No Iterations 16
DICPCG:  Solving for p, Initial residual = 0.035178729, Final residual = 0.00034450269, No Iterations 295
DICPCG:  Solving for p, Initial residual = 0.022335242, Final residual = 0.00020112161, No Iterations 293
time step continuity errors : sum local = 3.0079953e-06, global = 1.1630195e-07, cumulative = -2.115352e-07
ExecutionTime = 10.49 s  ClockTime = 10 s

Time = 6

smoothSolver:  Solving for Ux, Initial residual = 0.050924497, Final residual = 9.0324888e-09, No Iterations 3
smoothSolver:  Solving for Uy, Initial residual = 0.022990356, Final residual = 2.9736265e-09, No Iterations 3
DICPCG:  Solving for p, Initial residual = 0.26309086, Final residual = 0.0023957333, No Iterations 785
DICPCG:  Solving for p, Initial residual = 0.30905843, Final residual = 0.0027467125, No Iterations 20
DICPCG:  Solving for p, Initial residual = 0.034293118, Final residual = 0.00033841631, No Iterations 774
DICPCG:  Solving for p, Initial residual = 0.028024777, Final residual = 0.00027056613, No Iterations 252
time step continuity errors : sum local = 3.4939469e-06, global = 4.8167508e-08, cumulative = -1.6336769e-07
ExecutionTime = 12.06 s  ClockTime = 12 s

Time = 7

smoothSolver:  Solving for Ux, Initial residual = 0.023772127, Final residual = 5.5519498e-09, No Iterations 4
smoothSolver:  Solving for Uy, Initial residual = 0.010818808, Final residual = 1.9301926e-09, No Iterations 4
DICPCG:  Solving for p, Initial residual = 0.21420195, Final residual = 0.0021010491, No Iterations 761
DICPCG:  Solving for p, Initial residual = 0.14861747, Final residual = 0.0014734316, No Iterations 240
DICPCG:  Solving for p, Initial residual = 0.020088224, Final residual = 0.00018997045, No Iterations 776
DICPCG:  Solving for p, Initial residual = 0.011707354, Final residual = 0.00011294879, No Iterations 253
time step continuity errors : sum local = 1.1358267e-06, global = -9.9799286e-08, cumulative = -2.6316697e-07
ExecutionTime = 14.28 s  ClockTime = 14 s

Time = 8

smoothSolver:  Solving for Ux, Initial residual = 0.012338254, Final residual = 6.8457717e-09, No Iterations 4
smoothSolver:  Solving for Uy, Initial residual = 0.0050711754, Final residual = 2.4764722e-09, No Iterations 4
DICPCG:  Solving for p, Initial residual = 0.19634701, Final residual = 0.0018527211, No Iterations 780
DICPCG:  Solving for p, Initial residual = 0.16502233, Final residual = 0.0015865948, No Iterations 253
DICPCG:  Solving for p, Initial residual = 0.013955463, Final residual = 0.00012601981, No Iterations 777
DICPCG:  Solving for p, Initial residual = 0.0071530036, Final residual = 6.8047827e-05, No Iterations 311
time step continuity errors : sum local = 5.7873047e-07, global = 1.5756551e-08, cumulative = -2.4741042e-07
ExecutionTime = 16.56 s  ClockTime = 16 s

Time = 9

smoothSolver:  Solving for Ux, Initial residual = 0.021236206, Final residual = 5.3519373e-09, No Iterations 4
smoothSolver:  Solving for Uy, Initial residual = 0.01135122, Final residual = 1.9913159e-09, No Iterations 4
DICPCG:  Solving for p, Initial residual = 0.18964988, Final residual = 0.001775044, No Iterations 789
DICPCG:  Solving for p, Initial residual = 0.25486756, Final residual = 0.0024981505, No Iterations 24
DICPCG:  Solving for p, Initial residual = 0.024912987, Final residual = 0.00023988586, No Iterations 772
DICPCG:  Solving for p, Initial residual = 0.011664316, Final residual = 0.00010596803, No Iterations 245
time step continuity errors : sum local = 1.0641472e-06, global = -4.6719678e-08, cumulative = -2.941301e-07
ExecutionTime = 18.45 s  ClockTime = 18 s

Time = 10

smoothSolver:  Solving for Ux, Initial residual = 0.026820826, Final residual = 1.9071112e-09, No Iterations 4
smoothSolver:  Solving for Uy, Initial residual = 0.01464512, Final residual = 4.4072495e-09, No Iterations 3
DICPCG:  Solving for p, Initial residual = 0.16007088, Final residual = 0.0013729748, No Iterations 791
DICPCG:  Solving for p, Initial residual = 0.23941874, Final residual = 0.0023559622, No Iterations 17
DICPCG:  Solving for p, Initial residual = 0.022936121, Final residual = 0.00022165639, No Iterations 772
DICPCG:  Solving for p, Initial residual = 0.010580203, Final residual = 9.6619788e-05, No Iterations 20
time step continuity errors : sum local = 1.0511147e-06, global = -2.6477264e-09, cumulative = -2.9677783e-07
ExecutionTime = 20.21 s  ClockTime = 20 s

surfaceFieldValue flowRateTM write:
    total faces   = 2
    total area    = 3.471311e-07

    sum(outlet_tm) of phi = 2.506412e-11

surfaceFieldValue flowRateTM_left write:
    total faces   = 2
    total area    = 3.471311e-07

    sum(outlet_tm_left) of phi = 2.4935493e-11

surfaceFieldValue pressureACinlet write:
    total faces   = 2
    total area    = 3.4415759e-07

    areaAverage(ac_inlet) of p = 2.7036924

Time = 11

smoothSolver:  Solving for Ux, Initial residual = 0.024497864, Final residual = 1.9596154e-09, No Iterations 4
smoothSolver:  Solving for Uy, Initial residual = 0.013249358, Final residual = 4.1947815e-09, No Iterations 3
DICPCG:  Solving for p, Initial residual = 0.12386661, Final residual = 0.0011629278, No Iterations 790
DICPCG:  Solving for p, Initial residual = 0.15329139, Final residual = 0.0014272286, No Iterations 17
DICPCG:  Solving for p, Initial residual = 0.015188903, Final residual = 0.00015042066, No Iterations 760
DICPCG:  Solving for p, Initial residual = 0.0071680716, Final residual = 5.9574812e-05, No Iterations 19
time step continuity errors : sum local = 6.1756094e-07, global = -3.7175112e-08, cumulative = -3.3395294e-07
ExecutionTime = 21.6 s  ClockTime = 21 s

Time = 12

smoothSolver:  Solving for Ux, Initial residual = 0.017514469, Final residual = 4.3691867e-09, No Iterations 4
smoothSolver:  Solving for Uy, Initial residual = 0.0097726238, Final residual = 9.3571735e-09, No Iterations 3
DICPCG:  Solving for p, Initial residual = 0.11631936, Final residual = 0.0011083072, No Iterations 766
DICPCG:  Solving for p, Initial residual = 0.038346849, Final residual = 0.00036191293, No Iterations 17
DICPCG:  Solving for p, Initial residual = 0.0047650861, Final residual = 4.5328081e-05, No Iterations 773
DICPCG:  Solving for p, Initial residual = 0.0022973239, Final residual = 2.2830724e-05, No Iterations 308
time step continuity errors : sum local = 2.098942e-07, global = -7.3014385e-09, cumulative = -3.4125438e-07
ExecutionTime = 24.56 s  ClockTime = 24 s

Time = 13

smoothSolver:  Solving for Ux, Initial residual = 0.011952363, Final residual = 4.5517458e-09, No Iterations 4
smoothSolver:  Solving for Uy, Initial residual = 0.005498508, Final residual = 9.8547046e-09, No Iterations 3
DICPCG:  Solving for p, Initial residual = 0.11022548, Final residual = 0.00097486702, No Iterations 782
DICPCG:  Solving for p, Initial residual = 0.095952256, Final residual = 0.00095900791, No Iterations 16
DICPCG:  Solving for p, Initial residual = 0.0081164663, Final residual = 7.6652949e-05, No Iterations 777
DICPCG:  Solving for p, Initial residual = 0.0028623248, Final residual = 2.8416284e-05, No Iterations 313
time step continuity errors : sum local = 2.6219743e-07, global = -1.9078678e-08, cumulative = -3.6033306e-07
ExecutionTime = 26.11 s  ClockTime = 26 s

Time = 14

smoothSolver:  Solving for Ux, Initial residual = 0.0078780663, Final residual = 2.8703002e-09, No Iterations 4
smoothSolver:  Solving for Uy, Initial residual = 0.0034295004, Final residual = 6.3635711e-09, No Iterations 3
DICPCG:  Solving for p, Initial residual = 0.098516249, Final residual = 0.00096764305, No Iterations 788
DICPCG:  Solving for p, Initial residual = 0.13606116, Final residual = 0.0013075998, No Iterations 16
DICPCG:  Solving for p, Initial residual = 0.012230311, Final residual = 0.0001159103, No Iterations 769
DICPCG:  Solving for p, Initial residual = 0.0048614755, Final residual = 4.6061143e-05, No Iterations 19
time step continuity errors : sum local = 4.576343e-07, global = -2.1832545e-08, cumulative = -3.821656e-07
ExecutionTime = 27.39 s  ClockTime = 27 s

Time = 15

smoothSolver:  Solving for Ux, Initial residual = 0.006505061, Final residual = 3.3718835e-09, No Iterations 3
smoothSolver:  Solving for Uy, Initial residual = 0.0027704406, Final residual = 9.735958e-09, No Iterations 2
DICPCG:  Solving for p, Initial residual = 0.072591772, Final residual = 0.00071323426, No Iterations 789
DICPCG:  Solving for p, Initial residual = 0.12157245, Final residual = 0.0011799815, No Iterations 18
DICPCG:  Solving for p, Initial residual = 0.012131462, Final residual = 0.00010437661, No Iterations 770
DICPCG:  Solving for p, Initial residual = 0.0055199408, Final residual = 5.290737e-05, No Iterations 16
time step continuity errors : sum local = 5.2582823e-07, global = -8.1947035e-10, cumulative = -3.8298507e-07
ExecutionTime = 28.7 s  ClockTime = 28 s

Time = 16

smoothSolver:  Solving for Ux, Initial residual = 0.0069720044, Final residual = 9.1471667e-09, No Iterations 3
smoothSolver:  Solving for Uy, Initial residual = 0.0032610072, Final residual = 2.9967346e-09, No Iterations 3
DICPCG:  Solving for p, Initial residual = 0.057973643, Final residual = 0.00056187052, No Iterations 787
DICPCG:  Solving for p, Initial residual = 0.067752979, Final residual = 0.00063998935, No Iterations 750
DICPCG:  Solving for p, Initial residual = 0.007385746, Final residual = 7.2471334e-05, No Iterations 775
DICPCG:  Solving for p, Initial residual = 0.0032704809, Final residual = 3.019996e-05, No Iterations 765
time step continuity errors : sum local = 2.8231437e-07, global = 1.2706451e-13, cumulative = -3.8298494e-07
ExecutionTime = 31.12 s  ClockTime = 31 s

Time = 17

smoothSolver:  Solving for Ux, Initial residual = 0.0061680745, Final residual = 2.4261697e-09, No Iterations 4
smoothSolver:  Solving for Uy, Initial residual = 0.0033660044, Final residual = 4.9498438e-09, No Iterations 3
DICPCG:  Solving for p, Initial residual = 0.061418485, Final residual = 0.00054313198, No Iterations 775
DICPCG:  Solving for p, Initial residual = 0.02367729, Final residual = 0.00020908503, No Iterations 770
DICPCG:  Solving for p, Initial residual = 0.0025677752, Final residual = 2.553377e-05, No Iterations 771
DICPCG:  Solving for p, Initial residual = 0.00096051233, Final residual = 9.3296299e-06, No Iterations 772
time step continuity errors : sum local = 8.1380764e-08, global = -2.220353e-13, cumulative = -3.8298517e-07
ExecutionTime = 33.9 s  ClockTime = 34 s

Time = 18

smoothSolver:  Solving for Ux, Initial residual = 0.0048049268, Final residual = 2.2019279e-09, No Iterations 4
smoothSolver:  Solving for Uy, Initial residual = 0.0028779869, Final residual = 4.6075693e-09, No Iterations 3
DICPCG:  Solving for p, Initial residual = 0.064007959, Final residual = 0.00058540761, No Iterations 783
DICPCG:  Solving for p, Initial residual = 0.064689092, Final residual = 0.00063209111, No Iterations 11
DICPCG:  Solving for p, Initial residual = 0.005878374, Final residual = 5.6641053e-05, No Iterations 780
DICPCG:  Solving for p, Initial residual = 0.0026185771, Final residual = 2.419685e-05, No Iterations 771
time step continuity errors : sum local = 2.1292347e-07, global = 2.1433916e-13, cumulative = -3.8298495e-07
ExecutionTime = 35.85 s  ClockTime = 35 s

Time = 19

smoothSolver:  Solving for Ux, Initial residual = 0.0040332194, Final residual = 7.1234918e-09, No Iterations 3
smoothSolver:  Solving for Uy, Initial residual = 0.0021781221, Final residual = 2.5183786e-09, No Iterations 3
DICPCG:  Solving for p, Initial residual = 0.05609275, Final residual = 0.00049571008, No Iterations 787
DICPCG:  Solving for p, Initial residual = 0.080888259, Final residual = 0.0007177427, No Iterations 11
DICPCG:  Solving for p, Initial residual = 0.0077113513, Final residual = 7.4697866e-05, No Iterations 777
DICPCG:  Solving for p, Initial residual = 0.0038705868, Final residual = 3.5092446e-05, No Iterations 765
time step continuity errors : sum local = 3.1468355e-07, global = 9.3585059e-14, cumulative = -3.8298486e-07
ExecutionTime = 37.89 s  ClockTime = 37 s

Time = 20

smoothSolver:  Solving for Ux, Initial residual = 0.0034500384, Final residual = 9.4055958e-09, No Iterations 2
smoothSolver:  Solving for Uy, Initial residual = 0.0016401361, Final residual = 3.7329332e-09, No Iterations 2
DICPCG:  Solving for p, Initial residual = 0.039730877, Final residual = 0.00037292883, No Iterations 788
DICPCG:  Solving for p, Initial residual = 0.065980707, Final residual = 0.00059495111, No Iterations 11
DICPCG:  Solving for p, Initial residual = 0.0070706247, Final residual = 6.2651943e-05, No Iterations 769
DICPCG:  Solving for p, Initial residual = 0.0035671094, Final residual = 3.5216882e-05, No Iterations 764
time step continuity errors : sum local = 3.1187865e-07, global = -1.8629717e-13, cumulative = -3.8298505e-07
ExecutionTime = 39.8 s  ClockTime = 39 s

surfaceFieldValue flowRateTM write:
    sum(outlet_tm) of phi = 2.5107852e-11

surfaceFieldValue flowRateTM_left write:
    sum(outlet_tm_left) of phi = 2.4892148e-11

surfaceFieldValue pressureACinlet write:
    areaAverage(ac_inlet) of p = 3.0927295

Time = 21

smoothSolver:  Solving for Ux, Initial residual = 0.002945119, Final residual = 6.2994152e-09, No Iterations 3
smoothSolver:  Solving for Uy, Initial residual = 0.0013471496, Final residual = 2.1419822e-09, No Iterations 3
DICPCG:  Solving for p, Initial residual = 0.03430701, Final residual = 0.00032252664, No Iterations 785
DICPCG:  Solving for p, Initial residual = 0.029736047, Final residual = 0.00029664252, No Iterations 38
DICPCG:  Solving for p, Initial residual = 0.0033811893, Final residual = 3.2387028e-05, No Iterations 746
DICPCG:  Solving for p, Initial residual = 0.0016050884, Final residual = 1.5061203e-05, No Iterations 19
time step continuity errors : sum local = 1.2856217e-07, global = -6.4257037e-09, cumulative = -3.8941075e-07
ExecutionTime = 41.12 s  ClockTime = 41 s

Time = 22

smoothSolver:  Solving for Ux, Initial residual = 0.0024949875, Final residual = 8.4924089e-09, No Iterations 3
smoothSolver:  Solving for Uy, Initial residual = 0.0011627172, Final residual = 2.9466465e-09, No Iterations 3
DICPCG:  Solving for p, Initial residual = 0.037910532, Final residual = 0.00034169184, No Iterations 776
DICPCG:  Solving for p, Initial residual = 0.021083099, Final residual = 0.00019565995, No Iterations 762
DICPCG:  Solving for p, Initial residual = 0.0017619049, Final residual = 1.4645975e-05, No Iterations 771
DICPCG:  Solving for p, Initial residual = 0.00060442087, Final residual = 5.9810257e-06, No Iterations 768
time step continuity errors : sum local = 5.0166159e-08, global = 3.8752531e-13, cumulative = -3.8941036e-07
ExecutionTime = 43.64 s  ClockTime = 43 s

Time = 23

smoothSolver:  Solving for Ux, Initial residual = 0.0025341209, Final residual = 6.9224705e-09, No Iterations 3
smoothSolver:  Solving for Uy, Initial residual = 0.00099902854, Final residual = 2.4740411e-09, No Iterations 3
DICPCG:  Solving for p, Initial residual = 0.037300021, Final residual = 0.00035841343, No Iterations 377
DICPCG:  Solving for p, Initial residual = 0.040918121, Final residual = 0.0003875106, No Iterations 11
DICPCG:  Solving for p, Initial residual = 0.0033775979, Final residual = 3.2070289e-05, No Iterations 769
DICPCG:  Solving for p, Initial residual = 0.0020825757, Final residual = 1.9375525e-05, No Iterations 20
time step continuity errors : sum local = 1.6482843e-07, global = 8.0503007e-09, cumulative = -3.8136006e-07
ExecutionTime = 44.66 s  ClockTime = 44 s

Time = 24

smoothSolver:  Solving for Ux, Initial residual = 0.002253784, Final residual = 2.9225284e-09, No Iterations 3
smoothSolver:  Solving for Uy, Initial residual = 0.000861533, Final residual = 7.0848081e-09, No Iterations 2
DICPCG:  Solving for p, Initial residual = 0.030238424, Final residual = 0.00029600429, No Iterations 367
DICPCG:  Solving for p, Initial residual = 0.045271283, Final residual = 0.00041985959, No Iterations 10
DICPCG:  Solving for p, Initial residual = 0.0040597855, Final residual = 3.6255456e-05, No Iterations 769
DICPCG:  Solving for p, Initial residual = 0.0017515347, Final residual = 1.6763759e-05, No Iterations 16
time step continuity errors : sum local = 1.4426316e-07, global = -2.1374143e-09, cumulative = -3.8349747e-07
ExecutionTime = 45.74 s  ClockTime = 45 s

Time = 25

smoothSolver:  Solving for Ux, Initial residual = 0.0018754541, Final residual = 1.6358148e-09, No Iterations 3
smoothSolver:  Solving for Uy, Initial residual = 0.00071323338, Final residual = 3.8842467e-09, No Iterations 2
DICPCG:  Solving for p, Initial residual = 0.022221867, Final residual = 0.00020673713, No Iterations 787
DICPCG:  Solving for p, Initial residual = 0.031530979, Final residual = 0.00025733957, No Iterations 14
DICPCG:  Solving for p, Initial residual = 0.0030328533, Final residual = 3.001209e-05, No Iterations 97
DICPCG:  Solving for p, Initial residual = 0.0013612717, Final residual = 1.3114697e-05, No Iterations 259
time step continuity errors : sum local = 1.1251397e-07, global = 1.5820226e-08, cumulative = -3.6767725e-07
ExecutionTime = 46.77 s  ClockTime = 46 s

Time = 26

smoothSolver:  Solving for Ux, Initial residual = 0.0015069156, Final residual = 4.2950903e-09, No Iterations 3
smoothSolver:  Solving for Uy, Initial residual = 0.00059463625, Final residual = 8.136644e-09, No Iterations 2
DICPCG:  Solving for p, Initial residual = 0.021095434, Final residual = 0.00020332721, No Iterations 775
DICPCG:  Solving for p, Initial residual = 0.010319206, Final residual = 0.00010056507, No Iterations 759
DICPCG:  Solving for p, Initial residual = 0.001306727, Final residual = 1.301451e-05, No Iterations 770
DICPCG:  Solving for p, Initial residual = 0.00059232342, Final residual = 5.7371273e-06, No Iterations 757
time step continuity errors : sum local = 4.8745958e-08, global = 6.100873e-14, cumulative = -3.6767719e-07
ExecutionTime = 49.29 s  ClockTime = 49 s

Time = 27

smoothSolver:  Solving for Ux, Initial residual = 0.0011433797, Final residual = 4.8970838e-09, No Iterations 3
smoothSolver:  Solving for Uy, Initial residual = 0.00053956434, Final residual = 9.3137851e-09, No Iterations 2
DICPCG:  Solving for p, Initial residual = 0.023852337, Final residual = 0.00023471396, No Iterations 776
DICPCG:  Solving for p, Initial residual = 0.01462159, Final residual = 0.00012784203, No Iterations 20
DICPCG:  Solving for p, Initial residual = 0.0013710562, Final residual = 1.2487949e-05, No Iterations 768
DICPCG:  Solving for p, Initial residual = 0.0005657616, Final residual = 5.4858928e-06, No Iterations 747
time step continuity errors : sum local = 4.6621095e-08, global = -4.4915567e-13, cumulative = -3.6767764e-07
ExecutionTime = 51.3 s  ClockTime = 51 s

Time = 28

smoothSolver:  Solving for Ux, Initial residual = 0.00089218332, Final residual = 3.4503439e-09, No Iterations 3
smoothSolver:  Solving for Uy, Initial residual = 0.00045657502, Final residual = 6.8020461e-09, No Iterations 2
DICPCG:  Solving for p, Initial residual = 0.023087734, Final residual = 0.0002057447, No Iterations 781
DICPCG:  Solving for p, Initial residual = 0.023808982, Final residual = 0.00020662512, No Iterations 15
DICPCG:  Solving for p, Initial residual = 0.0023354546, Final residual = 2.193611e-05, No Iterations 775
DICPCG:  Solving for p, Initial residual = 0.0010753072, Final residual = 9.9154372e-06, No Iterations 764
time step continuity errors : sum local = 8.479615e-08, global = 1.3418417e-13, cumulative = -3.676775e-07
ExecutionTime = 53.58 s  ClockTime = 53 s

Time = 29

smoothSolver:  Solving for Ux, Initial residual = 0.00057349584, Final residual = 6.3292057e-09, No Iterations 2
smoothSolver:  Solving for Uy, Initial residual = 0.00033695218, Final residual = 2.3439826e-09, No Iterations 2
DICPCG:  Solving for p, Initial residual = 0.01814638, Final residual = 0.00017698191, No Iterations 784
DICPCG:  Solving for p, Initial residual = 0.022953634, Final residual = 0.00022549266, No Iterations 10
DICPCG:  Solving for p, Initial residual = 0.0023233867, Final residual = 2.2602693e-05, No Iterations 63
DICPCG:  Solving for p, Initial residual = 0.0011556199, Final residual = 1.1037917e-05, No Iterations 748
time step continuity errors : sum local = 9.4463192e-08, global = -4.7397658e-14, cumulative = -3.6767755e-07
ExecutionTime = 54.91 s  ClockTime = 55 s

Time = 30

smoothSolver:  Solving for Ux, Initial residual = 0.00033209676, Final residual = 8.1824339e-09, No Iterations 2
smoothSolver:  Solving for Uy, Initial residual = 0.00028054192, Final residual = 2.6478621e-09, No Iterations 2
DICPCG:  Solving for p, Initial residual = 0.015046027, Final residual = 0.00014496128, No Iterations 784
DICPCG:  Solving for p, Initial residual = 0.015454505, Final residual = 0.00014386247, No Iterations 13
DICPCG:  Solving for p, Initial residual = 0.0016480365, Final residual = 1.5168636e-05, No Iterations 59
DICPCG:  Solving for p, Initial residual = 0.0008180261, Final residual = 8.0209359e-06, No Iterations 754
time step continuity errors : sum local = 6.825508e-08, global = 4.929594e-13, cumulative = -3.6767706e-07
ExecutionTime = 56.21 s  ClockTime = 56 s

surfaceFieldValue flowRateTM write:
    sum(outlet_tm) of phi = 2.5075717e-11

surfaceFieldValue flowRateTM_left write:
    sum(outlet_tm_left) of phi = 2.4924284e-11

surfaceFieldValue pressureACinlet write:
    areaAverage(ac_inlet) of p = 3.0768217

Time = 31

smoothSolver:  Solving for Ux, Initial residual = 0.00039198521, Final residual = 2.499033e-09, No Iterations 3
smoothSolver:  Solving for Uy, Initial residual = 0.00024499237, Final residual = 4.7830609e-09, No Iterations 2
DICPCG:  Solving for p, Initial residual = 0.016367941, Final residual = 0.00016362538, No Iterations 340
DICPCG:  Solving for p, Initial residual = 0.005683554, Final residual = 5.6425511e-05, No Iterations 17
DICPCG:  Solving for p, Initial residual = 0.00069999951, Final residual = 6.7468469e-06, No Iterations 764
DICPCG:  Solving for p, Initial residual = 0.0005439308, Final residual = 5.3061632e-06, No Iterations 11
time step continuity errors : sum local = 4.4731201e-08, global = -6.6643837e-09, cumulative = -3.7434144e-07
ExecutionTime = 57.28 s  ClockTime = 57 s

Time = 32

smoothSolver:  Solving for Ux, Initial residual = 0.00038909489, Final residual = 2.5734089e-09, No Iterations 3
smoothSolver:  Solving for Uy, Initial residual = 0.00022550902, Final residual = 5.2116709e-09, No Iterations 2
DICPCG:  Solving for p, Initial residual = 0.016843022, Final residual = 0.00016631414, No Iterations 117
DICPCG:  Solving for p, Initial residual = 0.010151694, Final residual = 9.1211175e-05, No Iterations 18
DICPCG:  Solving for p, Initial residual = 0.00089808506, Final residual = 8.9342562e-06, No Iterations 503
DICPCG:  Solving for p, Initial residual = 0.00069010624, Final residual = 6.6042523e-06, No Iterations 767
time step continuity errors : sum local = 5.5758375e-08, global = 3.6604091e-13, cumulative = -3.7434108e-07
ExecutionTime = 58.45 s  ClockTime = 58 s

Time = 33

smoothSolver:  Solving for Ux, Initial residual = 0.00032850251, Final residual = 9.7186243e-09, No Iterations 2
smoothSolver:  Solving for Uy, Initial residual = 0.00018606649, Final residual = 3.6667332e-09, No Iterations 2
DICPCG:  Solving for p, Initial residual = 0.014980504, Final residual = 0.00014569539, No Iterations 365
DICPCG:  Solving for p, Initial residual = 0.013570615, Final residual = 0.00013549916, No Iterations 10
DICPCG:  Solving for p, Initial residual = 0.0011361772, Final residual = 1.0189805e-05, No Iterations 754
DICPCG:  Solving for p, Initial residual = 0.00064711693, Final residual = 6.1408118e-06, No Iterations 768
time step continuity errors : sum local = 5.1943492e-08, global = 2.2457702e-13, cumulative = -3.7434085e-07
ExecutionTime = 60.06 s  ClockTime = 60 s

Time = 34

smoothSolver:  Solving for Ux, Initial residual = 0.00024804661, Final residual = 3.7802552e-09, No Iterations 2
smoothSolver:  Solving for Uy, Initial residual = 0.000133467, Final residual = 1.9629209e-09, No Iterations 2
DICPCG:  Solving for p, Initial residual = 0.011904777, Final residual = 0.00011539461, No Iterations 367
DICPCG:  Solving for p, Initial residual = 0.011630051, Final residual = 9.6495344e-05, No Iterations 14
DICPCG:  Solving for p, Initial residual = 0.0010190424, Final residual = 9.5430047e-06, No Iterations 754
DICPCG:  Solving for p, Initial residual = 0.00062220796, Final residual = 5.6448396e-06, No Iterations 765
time step continuity errors : sum local = 4.7804404e-08, global = 3.9685212e-13, cumulative = -3.7434045e-07
ExecutionTime = 61.64 s  ClockTime = 61 s

Time = 35

smoothSolver:  Solving for Ux, Initial residual = 0.00021515753, Final residual = 5.9993794e-09, No Iterations 2
smoothSolver:  Solving for Uy, Initial residual = 9.7746625e-05, Final residual = 2.1211424e-09, No Iterations 2
DICPCG:  Solving for p, Initial residual = 0.010617476, Final residual = 0.0001040414, No Iterations 349
DICPCG:  Solving for p, Initial residual = 0.0064131269, Final residual = 6.4104236e-05, No Iterations 14
DICPCG:  Solving for p, Initial residual = 0.00058578639, Final residual = 5.5876709e-06, No Iterations 764
DICPCG:  Solving for p, Initial residual = 0.00039544047, Final residual = 3.7887188e-06, No Iterations 770
time step continuity errors : sum local = 3.2129412e-08, global = 9.4656965e-13, cumulative = -3.7433951e-07
ExecutionTime = 63.24 s  ClockTime = 63 s

Time = 36

smoothSolver:  Solving for Ux, Initial residual = 0.00017961846, Final residual = 9.0106481e-09, No Iterations 2
smoothSolver:  Solving for Uy, Initial residual = 7.8519688e-05, Final residual = 2.7820522e-09, No Iterations 2
DICPCG:  Solving for p, Initial residual = 0.01123159, Final residual = 0.00010458403, No Iterations 91
DICPCG:  Solving for p, Initial residual = 0.0030475671, Final residual = 3.0197542e-05, No Iterations 741
DICPCG:  Solving for p, Initial residual = 0.00045880172, Final residual = 4.4935749e-06, No Iterations 682
DICPCG:  Solving for p, Initial residual = 0.00012719896, Final residual = 1.2183895e-06, No Iterations 773
time step continuity errors : sum local = 1.0470839e-08, global = 7.9482923e-14, cumulative = -3.7433943e-07
ExecutionTime = 65.12 s  ClockTime = 65 s

Time = 37

smoothSolver:  Solving for Ux, Initial residual = 0.00014640618, Final residual = 8.3210821e-09, No Iterations 2
smoothSolver:  Solving for Uy, Initial residual = 6.3494759e-05, Final residual = 2.6046108e-09, No Iterations 2
DICPCG:  Solving for p, Initial residual = 0.011731994, Final residual = 0.00011396692, No Iterations 323
DICPCG:  Solving for p, Initial residual = 0.0057092091, Final residual = 5.4629957e-05, No Iterations 19
DICPCG:  Solving for p, Initial residual = 0.0005123796, Final residual = 5.0545487e-06, No Iterations 762
DICPCG:  Solving for p, Initial residual = 0.00024339044, Final residual = 2.2861992e-06, No Iterations 311
time step continuity errors : sum local = 1.941819e-08, global = 2.1834829e-09, cumulative = -3.7215594e-07
ExecutionTime = 66.3 s  ClockTime = 66 s

Time = 38

smoothSolver:  Solving for Ux, Initial residual = 0.00013711259, Final residual = 4.8084512e-09, No Iterations 2
smoothSolver:  Solving for Uy, Initial residual = 5.4057154e-05, Final residual = 1.6825185e-09, No Iterations 2
DICPCG:  Solving for p, Initial residual = 0.010356992, Final residual = 0.00010243391, No Iterations 333
DICPCG:  Solving for p, Initial residual = 0.0072296573, Final residual = 6.8963536e-05, No Iterations 13
DICPCG:  Solving for p, Initial residual = 0.00066128457, Final residual = 6.5803028e-06, No Iterations 763
DICPCG:  Solving for p, Initial residual = 0.00033739952, Final residual = 3.101092e-06, No Iterations 756
time step continuity errors : sum local = 2.6391629e-08, global = -2.1786648e-13, cumulative = -3.7215616e-07
ExecutionTime = 67.92 s  ClockTime = 68 s

Time = 39

smoothSolver:  Solving for Ux, Initial residual = 0.00012380954, Final residual = 2.8314159e-09, No Iterations 2
smoothSolver:  Solving for Uy, Initial residual = 4.6514495e-05, Final residual = 6.7083671e-09, No Iterations 1
DICPCG:  Solving for p, Initial residual = 0.0081032224, Final residual = 8.0430242e-05, No Iterations 360
DICPCG:  Solving for p, Initial residual = 0.0066298911, Final residual = 6.1600411e-05, No Iterations 10
DICPCG:  Solving for p, Initial residual = 0.00057772539, Final residual = 5.490319e-06, No Iterations 746
DICPCG:  Solving for p, Initial residual = 0.00030834709, Final residual = 3.0239814e-06, No Iterations 757
time step continuity errors : sum local = 2.5729596e-08, global = -5.5850553e-13, cumulative = -3.7215672e-07
ExecutionTime = 69.5 s  ClockTime = 69 s

Time = 40

smoothSolver:  Solving for Ux, Initial residual = 0.00010276488, Final residual = 4.0538014e-09, No Iterations 2
smoothSolver:  Solving for Uy, Initial residual = 4.2725248e-05, Final residual = 8.6261971e-09, No Iterations 1
DICPCG:  Solving for p, Initial residual = 0.0080072862, Final residual = 7.6701623e-05, No Iterations 332
DICPCG:  Solving for p, Initial residual = 0.0040309995, Final residual = 3.7272551e-05, No Iterations 11
DICPCG:  Solving for p, Initial residual = 0.00038904612, Final residual = 3.379632e-06, No Iterations 767
DICPCG:  Solving for p, Initial residual = 0.00024403317, Final residual = 2.1722467e-06, No Iterations 771
time step continuity errors : sum local = 1.8501598e-08, global = -6.2542673e-13, cumulative = -3.7215735e-07
ExecutionTime = 71.02 s  ClockTime = 71 s

surfaceFieldValue flowRateTM write:
    sum(outlet_tm) of phi = 2.5076303e-11

surfaceFieldValue flowRateTM_left write:
    sum(outlet_tm_left) of phi = 2.4923697e-11

surfaceFieldValue pressureACinlet write:
    areaAverage(ac_inlet) of p = 3.0739774

Time = 41

smoothSolver:  Solving for Ux, Initial residual = 7.8476864e-05, Final residual = 5.188444e-09, No Iterations 2
smoothSolver:  Solving for Uy, Initial residual = 3.7516645e-05, Final residual = 1.7181297e-09, No Iterations 2
DICPCG:  Solving for p, Initial residual = 0.0091312888, Final residual = 8.9339075e-05, No Iterations 86
DICPCG:  Solving for p, Initial residual = 0.00229842, Final residual = 2.2476033e-05, No Iterations 28
DICPCG:  Solving for p, Initial residual = 0.00025520078, Final residual = 2.5113704e-06, No Iterations 760
