 Container myopenfoam-fsi-run-26c599947648 Creating 
 Container myopenfoam-fsi-run-26c599947648 Created 
=== doc-g1-sim1 (AC / vitreous / TM) MESH_LEVEL=M1 ===
=== gmshToFoam ===
/*---------------------------------------------------------------------------*\
| =========                 |                                                 |
| \\      /  F ield         | OpenFOAM: The Open Source CFD Toolbox           |
|  \\    /   O peration     | Version:  2512                                  |
|   \\  /    A nd           | Website:  www.openfoam.com                      |
|    \\/     M anipulation  |                                                 |
\*---------------------------------------------------------------------------*/
Build  : _bd2b6720-20260127 OPENFOAM=2512 version=2512
Arch   : "LSB;label=32;scalar=64"
Exec   : gmshToFoam eye_g1_lamminsalo.msh
Date   : Jul 16 2026
Time   : 00:38:53
Host   : d91d304ac4f3
PID    : 227
I/O    : uncollated
Case   : /simulation/doc-g1-sim1/fluid
nProcs : 1
trapFpe: Floating point exception trapping enabled (FOAM_SIGFPE).
memory pool : not available
fileModificationChecking : Monitoring run-time modified files using timeStampMaster (fileModificationSkew 5, maxFileModificationPolls 20)
allowSystemOperations : Allowing user-supplied system call operations

// * * * * * * * * * * * * * * * * * * * * * * * * * * * * * * * * * * * * * //
Create time

Starting to read mesh format at line 2
Read format version 2.2  ascii 0

Starting to read physical names at line 5
Physical names:8
    Surface 2	ac_inlet
    Surface 3	ac_inlet_left
    Surface 4	outlet_tm
    Surface 5	outlet_tm_left
    Surface 6	lens_wall
    Surface 7	iris_wall
    Surface 8	wall
    Volume 1	fluid

Starting to read points at line 16
Vertices to be read: 42364
Vertices read:42364

Starting to read cells at line 42383
Cells to be read: 42364

Mapping region 8 to Foam patch 0
Mapping region 7 to Foam patch 1
Mapping region 4 to Foam patch 2
Mapping region 2 to Foam patch 3
Mapping region 6 to Foam patch 4
Mapping region 3 to Foam patch 5
Mapping region 5 to Foam patch 6
Mapping region 1 to Foam cellZone 0
Cells:
    total:41242
    hex  :0
    prism:41242
    pyr  :0
    tet  :0

CellZones:
Zone	Size
    0	41242

Patch 0 gets name wall
Patch 1 gets name iris_wall
Patch 2 gets name outlet_tm
Patch 3 gets name ac_inlet
Patch 4 gets name lens_wall
Patch 5 gets name ac_inlet_left
Patch 6 gets name outlet_tm_left

--> FOAM Warning : 
    From Foam::polyMesh::polyMesh(const Foam::IOobject&, Foam::pointField&&, const Foam::cellShapeList&, const Foam::faceListList&, const Foam::wordList&, const Foam::wordList&, const Foam::word&, const Foam::word&, const Foam::wordList&, bool)
    in file meshes/polyMesh/polyMeshFromShapeMesh.C at line 635
    Found 83606 undefined faces in mesh; adding to default patch defaultFaces
Finding faces of patch 0
Finding faces of patch 1
Finding faces of patch 2
Finding faces of patch 3
Finding faces of patch 4
Finding faces of patch 5
Finding faces of patch 6

FaceZones:
Zone	Size

Writing zone 0 to cellZone fluid and cellSet
End

=== topoSet zones (TM + vitreous) ===
/*---------------------------------------------------------------------------*\
| =========                 |                                                 |
| \\      /  F ield         | OpenFOAM: The Open Source CFD Toolbox           |
|  \\    /   O peration     | Version:  2512                                  |
|   \\  /    A nd           | Website:  www.openfoam.com                      |
|    \\/     M anipulation  |                                                 |
\*---------------------------------------------------------------------------*/
Build  : _bd2b6720-20260127 OPENFOAM=2512 version=2512
Arch   : "LSB;label=32;scalar=64"
Exec   : topoSet -dict system/topoSetDict.anatomical -constant
Date   : Jul 16 2026
Time   : 00:38:54
Host   : d91d304ac4f3
PID    : 231
I/O    : uncollated
Case   : /simulation/doc-g1-sim1/fluid
nProcs : 1
trapFpe: Floating point exception trapping enabled (FOAM_SIGFPE).
memory pool : not available
fileModificationChecking : Monitoring run-time modified files using timeStampMaster (fileModificationSkew 5, maxFileModificationPolls 20)
allowSystemOperations : Allowing user-supplied system call operations

// * * * * * * * * * * * * * * * * * * * * * * * * * * * * * * * * * * * * * //
Create time

Create polyMesh for time = constant

Reading topoSetDict.anatomical

Time = constant
    mesh not changed.
Created cellSet tm_zone
    Applying source boxToCell
    Adding cells with centre within boxes 1((0.00645 -0.005 -1e-05) (0.00718 -0.00424 0.001001))
    cellSet tm_zone now size 69
Created cellZoneSet tm_zone
    Applying source setToCellZone
    Adding all cells from cell set: tm_zone ...
    cellZoneSet tm_zone now size 69
Created cellSet tm_zone_left
    Applying source boxToCell
    Adding cells with centre within boxes 1((-0.00718 -0.005 -1e-05) (-0.00645 -0.00424 0.001001))
    cellSet tm_zone_left now size 67
Created cellZoneSet tm_zone_left
    Applying source setToCellZone
    Adding all cells from cell set: tm_zone_left ...
    cellZoneSet tm_zone_left now size 67
Created cellSet vitreous_zone
    Applying source boxToCell
    Adding cells with centre within boxes 1((-0.008 -0.0015 -1e-05) (0.008 0.0074 0.001001))
    cellSet vitreous_zone now size 19682
Read set cellSet vitreous_zone size:19682
    Applying source boxToCell
    Removing cells with centre within boxes 1((0.00645 -0.005 -1e-05) (0.00718 -0.00424 0.001001))
    cellSet vitreous_zone now size 19682
Read set cellSet vitreous_zone size:19682
    Applying source boxToCell
    Removing cells with centre within boxes 1((-0.00718 -0.005 -1e-05) (-0.00645 -0.00424 0.001001))
    cellSet vitreous_zone now size 19682
Created cellZoneSet vitreous_zone
    Applying source setToCellZone
    Adding all cells from cell set: vitreous_zone ...
    cellZoneSet vitreous_zone now size 19682
Time = 0
    mesh not changed.
Created cellSet tm_zone
    Applying source boxToCell
    Adding cells with centre within boxes 1((0.00645 -0.005 -1e-05) (0.00718 -0.00424 0.001001))
    cellSet tm_zone now size 69
Created cellZoneSet tm_zone
    Applying source setToCellZone
    Adding all cells from cell set: tm_zone ...
    cellZoneSet tm_zone now size 69
Created cellSet tm_zone_left
    Applying source boxToCell
    Adding cells with centre within boxes 1((-0.00718 -0.005 -1e-05) (-0.00645 -0.00424 0.001001))
    cellSet tm_zone_left now size 67
Created cellZoneSet tm_zone_left
    Applying source setToCellZone
    Adding all cells from cell set: tm_zone_left ...
    cellZoneSet tm_zone_left now size 67
Created cellSet vitreous_zone
    Applying source boxToCell
    Adding cells with centre within boxes 1((-0.008 -0.0015 -1e-05) (0.008 0.0074 0.001001))
    cellSet vitreous_zone now size 19682
Read set cellSet vitreous_zone size:19682
    Applying source boxToCell
    Removing cells with centre within boxes 1((0.00645 -0.005 -1e-05) (0.00718 -0.00424 0.001001))
    cellSet vitreous_zone now size 19682
Read set cellSet vitreous_zone size:19682
    Applying source boxToCell
    Removing cells with centre within boxes 1((-0.00718 -0.005 -1e-05) (-0.00645 -0.00424 0.001001))
    cellSet vitreous_zone now size 19682
Created cellZoneSet vitreous_zone
    Applying source setToCellZone
    Adding all cells from cell set: vitreous_zone ...
    cellZoneSet vitreous_zone now size 19682
Time = 48
    mesh not changed.
Created cellSet tm_zone
    Applying source boxToCell
    Adding cells with centre within boxes 1((0.00645 -0.005 -1e-05) (0.00718 -0.00424 0.001001))
    cellSet tm_zone now size 69
Created cellZoneSet tm_zone
    Applying source setToCellZone
    Adding all cells from cell set: tm_zone ...
    cellZoneSet tm_zone now size 69
Created cellSet tm_zone_left
    Applying source boxToCell
    Adding cells with centre within boxes 1((-0.00718 -0.005 -1e-05) (-0.00645 -0.00424 0.001001))
    cellSet tm_zone_left now size 67
Created cellZoneSet tm_zone_left
    Applying source setToCellZone
    Adding all cells from cell set: tm_zone_left ...
    cellZoneSet tm_zone_left now size 67
Created cellSet vitreous_zone
    Applying source boxToCell
    Adding cells with centre within boxes 1((-0.008 -0.0015 -1e-05) (0.008 0.0074 0.001001))
    cellSet vitreous_zone now size 19682
Read set cellSet vitreous_zone size:19682
    Applying source boxToCell
    Removing cells with centre within boxes 1((0.00645 -0.005 -1e-05) (0.00718 -0.00424 0.001001))
    cellSet vitreous_zone now size 19682
Read set cellSet vitreous_zone size:19682
    Applying source boxToCell
    Removing cells with centre within boxes 1((-0.00718 -0.005 -1e-05) (-0.00645 -0.00424 0.001001))
    cellSet vitreous_zone now size 19682
Created cellZoneSet vitreous_zone
    Applying source setToCellZone
    Adding all cells from cell set: vitreous_zone ...
    cellZoneSet vitreous_zone now size 19682
Time = 50
    mesh not changed.
Created cellSet tm_zone
    Applying source boxToCell
    Adding cells with centre within boxes 1((0.00645 -0.005 -1e-05) (0.00718 -0.00424 0.001001))
    cellSet tm_zone now size 69
Created cellZoneSet tm_zone
    Applying source setToCellZone
    Adding all cells from cell set: tm_zone ...
    cellZoneSet tm_zone now size 69
Created cellSet tm_zone_left
    Applying source boxToCell
    Adding cells with centre within boxes 1((-0.00718 -0.005 -1e-05) (-0.00645 -0.00424 0.001001))
    cellSet tm_zone_left now size 67
Created cellZoneSet tm_zone_left
    Applying source setToCellZone
    Adding all cells from cell set: tm_zone_left ...
    cellZoneSet tm_zone_left now size 67
Created cellSet vitreous_zone
    Applying source boxToCell
    Adding cells with centre within boxes 1((-0.008 -0.0015 -1e-05) (0.008 0.0074 0.001001))
    cellSet vitreous_zone now size 19682
Read set cellSet vitreous_zone size:19682
    Applying source boxToCell
    Removing cells with centre within boxes 1((0.00645 -0.005 -1e-05) (0.00718 -0.00424 0.001001))
    cellSet vitreous_zone now size 19682
Read set cellSet vitreous_zone size:19682
    Applying source boxToCell
    Removing cells with centre within boxes 1((-0.00718 -0.005 -1e-05) (-0.00645 -0.00424 0.001001))
    cellSet vitreous_zone now size 19682
Created cellZoneSet vitreous_zone
    Applying source setToCellZone
    Adding all cells from cell set: vitreous_zone ...
    cellZoneSet vitreous_zone now size 19682
Time = 76
    mesh not changed.
Created cellSet tm_zone
    Applying source boxToCell
    Adding cells with centre within boxes 1((0.00645 -0.005 -1e-05) (0.00718 -0.00424 0.001001))
    cellSet tm_zone now size 69
Created cellZoneSet tm_zone
    Applying source setToCellZone
    Adding all cells from cell set: tm_zone ...
    cellZoneSet tm_zone now size 69
Created cellSet tm_zone_left
    Applying source boxToCell
    Adding cells with centre within boxes 1((-0.00718 -0.005 -1e-05) (-0.00645 -0.00424 0.001001))
    cellSet tm_zone_left now size 67
Created cellZoneSet tm_zone_left
    Applying source setToCellZone
    Adding all cells from cell set: tm_zone_left ...
    cellZoneSet tm_zone_left now size 67
Created cellSet vitreous_zone
    Applying source boxToCell
    Adding cells with centre within boxes 1((-0.008 -0.0015 -1e-05) (0.008 0.0074 0.001001))
    cellSet vitreous_zone now size 19682
Read set cellSet vitreous_zone size:19682
    Applying source boxToCell
    Removing cells with centre within boxes 1((0.00645 -0.005 -1e-05) (0.00718 -0.00424 0.001001))
    cellSet vitreous_zone now size 19682
Read set cellSet vitreous_zone size:19682
    Applying source boxToCell
    Removing cells with centre within boxes 1((-0.00718 -0.005 -1e-05) (-0.00645 -0.00424 0.001001))
    cellSet vitreous_zone now size 19682
Created cellZoneSet vitreous_zone
    Applying source setToCellZone
    Adding all cells from cell set: vitreous_zone ...
    cellZoneSet vitreous_zone now size 19682
Time = 98
    mesh not changed.
Created cellSet tm_zone
    Applying source boxToCell
    Adding cells with centre within boxes 1((0.00645 -0.005 -1e-05) (0.00718 -0.00424 0.001001))
    cellSet tm_zone now size 69
Created cellZoneSet tm_zone
    Applying source setToCellZone
    Adding all cells from cell set: tm_zone ...
    cellZoneSet tm_zone now size 69
Created cellSet tm_zone_left
    Applying source boxToCell
    Adding cells with centre within boxes 1((-0.00718 -0.005 -1e-05) (-0.00645 -0.00424 0.001001))
    cellSet tm_zone_left now size 67
Created cellZoneSet tm_zone_left
    Applying source setToCellZone
    Adding all cells from cell set: tm_zone_left ...
    cellZoneSet tm_zone_left now size 67
Created cellSet vitreous_zone
    Applying source boxToCell
    Adding cells with centre within boxes 1((-0.008 -0.0015 -1e-05) (0.008 0.0074 0.001001))
    cellSet vitreous_zone now size 19682
Read set cellSet vitreous_zone size:19682
    Applying source boxToCell
    Removing cells with centre within boxes 1((0.00645 -0.005 -1e-05) (0.00718 -0.00424 0.001001))
    cellSet vitreous_zone now size 19682
Read set cellSet vitreous_zone size:19682
    Applying source boxToCell
    Removing cells with centre within boxes 1((-0.00718 -0.005 -1e-05) (-0.00645 -0.00424 0.001001))
    cellSet vitreous_zone now size 19682
Created cellZoneSet vitreous_zone
    Applying source setToCellZone
    Adding all cells from cell set: vitreous_zone ...
    cellZoneSet vitreous_zone now size 19682
Time = 100
    mesh not changed.
Created cellSet tm_zone
    Applying source boxToCell
    Adding cells with centre within boxes 1((0.00645 -0.005 -1e-05) (0.00718 -0.00424 0.001001))
    cellSet tm_zone now size 69
Created cellZoneSet tm_zone
    Applying source setToCellZone
    Adding all cells from cell set: tm_zone ...
    cellZoneSet tm_zone now size 69
Created cellSet tm_zone_left
    Applying source boxToCell
    Adding cells with centre within boxes 1((-0.00718 -0.005 -1e-05) (-0.00645 -0.00424 0.001001))
    cellSet tm_zone_left now size 67
Created cellZoneSet tm_zone_left
    Applying source setToCellZone
    Adding all cells from cell set: tm_zone_left ...
    cellZoneSet tm_zone_left now size 67
Created cellSet vitreous_zone
    Applying source boxToCell
    Adding cells with centre within boxes 1((-0.008 -0.0015 -1e-05) (0.008 0.0074 0.001001))
    cellSet vitreous_zone now size 19682
Read set cellSet vitreous_zone size:19682
    Applying source boxToCell
    Removing cells with centre within boxes 1((0.00645 -0.005 -1e-05) (0.00718 -0.00424 0.001001))
    cellSet vitreous_zone now size 19682
Read set cellSet vitreous_zone size:19682
    Applying source boxToCell
    Removing cells with centre within boxes 1((-0.00718 -0.005 -1e-05) (-0.00645 -0.00424 0.001001))
    cellSet vitreous_zone now size 19682
Created cellZoneSet vitreous_zone
    Applying source setToCellZone
    Adding all cells from cell set: vitreous_zone ...
    cellZoneSet vitreous_zone now size 19682
Time = 150
    mesh not changed.
Created cellSet tm_zone
    Applying source boxToCell
    Adding cells with centre within boxes 1((0.00645 -0.005 -1e-05) (0.00718 -0.00424 0.001001))
    cellSet tm_zone now size 69
Created cellZoneSet tm_zone
    Applying source setToCellZone
    Adding all cells from cell set: tm_zone ...
    cellZoneSet tm_zone now size 69
Created cellSet tm_zone_left
    Applying source boxToCell
    Adding cells with centre within boxes 1((-0.00718 -0.005 -1e-05) (-0.00645 -0.00424 0.001001))
    cellSet tm_zone_left now size 67
Created cellZoneSet tm_zone_left
    Applying source setToCellZone
    Adding all cells from cell set: tm_zone_left ...
    cellZoneSet tm_zone_left now size 67
Created cellSet vitreous_zone
    Applying source boxToCell
    Adding cells with centre within boxes 1((-0.008 -0.0015 -1e-05) (0.008 0.0074 0.001001))
    cellSet vitreous_zone now size 19682
Read set cellSet vitreous_zone size:19682
    Applying source boxToCell
    Removing cells with centre within boxes 1((0.00645 -0.005 -1e-05) (0.00718 -0.00424 0.001001))
    cellSet vitreous_zone now size 19682
Read set cellSet vitreous_zone size:19682
    Applying source boxToCell
    Removing cells with centre within boxes 1((-0.00718 -0.005 -1e-05) (-0.00645 -0.00424 0.001001))
    cellSet vitreous_zone now size 19682
Created cellZoneSet vitreous_zone
    Applying source setToCellZone
    Adding all cells from cell set: vitreous_zone ...
    cellZoneSet vitreous_zone now size 19682
Time = 200
    mesh not changed.
Created cellSet tm_zone
    Applying source boxToCell
    Adding cells with centre within boxes 1((0.00645 -0.005 -1e-05) (0.00718 -0.00424 0.001001))
    cellSet tm_zone now size 69
Created cellZoneSet tm_zone
    Applying source setToCellZone
    Adding all cells from cell set: tm_zone ...
    cellZoneSet tm_zone now size 69
Created cellSet tm_zone_left
    Applying source boxToCell
    Adding cells with centre within boxes 1((-0.00718 -0.005 -1e-05) (-0.00645 -0.00424 0.001001))
    cellSet tm_zone_left now size 67
Created cellZoneSet tm_zone_left
    Applying source setToCellZone
    Adding all cells from cell set: tm_zone_left ...
    cellZoneSet tm_zone_left now size 67
Created cellSet vitreous_zone
    Applying source boxToCell
    Adding cells with centre within boxes 1((-0.008 -0.0015 -1e-05) (0.008 0.0074 0.001001))
    cellSet vitreous_zone now size 19682
Read set cellSet vitreous_zone size:19682
    Applying source boxToCell
    Removing cells with centre within boxes 1((0.00645 -0.005 -1e-05) (0.00718 -0.00424 0.001001))
    cellSet vitreous_zone now size 19682
Read set cellSet vitreous_zone size:19682
    Applying source boxToCell
    Removing cells with centre within boxes 1((-0.00718 -0.005 -1e-05) (-0.00645 -0.00424 0.001001))
    cellSet vitreous_zone now size 19682
Created cellZoneSet vitreous_zone
    Applying source setToCellZone
    Adding all cells from cell set: vitreous_zone ...
    cellZoneSet vitreous_zone now size 19682
Time = 250
    mesh not changed.
Created cellSet tm_zone
    Applying source boxToCell
    Adding cells with centre within boxes 1((0.00645 -0.005 -1e-05) (0.00718 -0.00424 0.001001))
    cellSet tm_zone now size 69
Created cellZoneSet tm_zone
    Applying source setToCellZone
    Adding all cells from cell set: tm_zone ...
    cellZoneSet tm_zone now size 69
Created cellSet tm_zone_left
    Applying source boxToCell
    Adding cells with centre within boxes 1((-0.00718 -0.005 -1e-05) (-0.00645 -0.00424 0.001001))
    cellSet tm_zone_left now size 67
Created cellZoneSet tm_zone_left
    Applying source setToCellZone
    Adding all cells from cell set: tm_zone_left ...
    cellZoneSet tm_zone_left now size 67
Created cellSet vitreous_zone
    Applying source boxToCell
    Adding cells with centre within boxes 1((-0.008 -0.0015 -1e-05) (0.008 0.0074 0.001001))
    cellSet vitreous_zone now size 19682
Read set cellSet vitreous_zone size:19682
    Applying source boxToCell
    Removing cells with centre within boxes 1((0.00645 -0.005 -1e-05) (0.00718 -0.00424 0.001001))
    cellSet vitreous_zone now size 19682
Read set cellSet vitreous_zone size:19682
    Applying source boxToCell
    Removing cells with centre within boxes 1((-0.00718 -0.005 -1e-05) (-0.00645 -0.00424 0.001001))
    cellSet vitreous_zone now size 19682
Created cellZoneSet vitreous_zone
    Applying source setToCellZone
    Adding all cells from cell set: vitreous_zone ...
    cellZoneSet vitreous_zone now size 19682
Time = 300
    mesh not changed.
Created cellSet tm_zone
    Applying source boxToCell
    Adding cells with centre within boxes 1((0.00645 -0.005 -1e-05) (0.00718 -0.00424 0.001001))
    cellSet tm_zone now size 69
Created cellZoneSet tm_zone
    Applying source setToCellZone
    Adding all cells from cell set: tm_zone ...
    cellZoneSet tm_zone now size 69
Created cellSet tm_zone_left
    Applying source boxToCell
    Adding cells with centre within boxes 1((-0.00718 -0.005 -1e-05) (-0.00645 -0.00424 0.001001))
    cellSet tm_zone_left now size 67
Created cellZoneSet tm_zone_left
    Applying source setToCellZone
    Adding all cells from cell set: tm_zone_left ...
    cellZoneSet tm_zone_left now size 67
Created cellSet vitreous_zone
    Applying source boxToCell
    Adding cells with centre within boxes 1((-0.008 -0.0015 -1e-05) (0.008 0.0074 0.001001))
    cellSet vitreous_zone now size 19682
Read set cellSet vitreous_zone size:19682
    Applying source boxToCell
    Removing cells with centre within boxes 1((0.00645 -0.005 -1e-05) (0.00718 -0.00424 0.001001))
    cellSet vitreous_zone now size 19682
Read set cellSet vitreous_zone size:19682
    Applying source boxToCell
    Removing cells with centre within boxes 1((-0.00718 -0.005 -1e-05) (-0.00645 -0.00424 0.001001))
    cellSet vitreous_zone now size 19682
Created cellZoneSet vitreous_zone
    Applying source setToCellZone
    Adding all cells from cell set: vitreous_zone ...
    cellZoneSet vitreous_zone now size 19682
Time = 350
    mesh not changed.
Created cellSet tm_zone
    Applying source boxToCell
    Adding cells with centre within boxes 1((0.00645 -0.005 -1e-05) (0.00718 -0.00424 0.001001))
    cellSet tm_zone now size 69
Created cellZoneSet tm_zone
    Applying source setToCellZone
    Adding all cells from cell set: tm_zone ...
    cellZoneSet tm_zone now size 69
Created cellSet tm_zone_left
    Applying source boxToCell
    Adding cells with centre within boxes 1((-0.00718 -0.005 -1e-05) (-0.00645 -0.00424 0.001001))
    cellSet tm_zone_left now size 67
Created cellZoneSet tm_zone_left
    Applying source setToCellZone
    Adding all cells from cell set: tm_zone_left ...
    cellZoneSet tm_zone_left now size 67
Created cellSet vitreous_zone
    Applying source boxToCell
    Adding cells with centre within boxes 1((-0.008 -0.0015 -1e-05) (0.008 0.0074 0.001001))
    cellSet vitreous_zone now size 19682
Read set cellSet vitreous_zone size:19682
    Applying source boxToCell
    Removing cells with centre within boxes 1((0.00645 -0.005 -1e-05) (0.00718 -0.00424 0.001001))
    cellSet vitreous_zone now size 19682
Read set cellSet vitreous_zone size:19682
    Applying source boxToCell
    Removing cells with centre within boxes 1((-0.00718 -0.005 -1e-05) (-0.00645 -0.00424 0.001001))
    cellSet vitreous_zone now size 19682
Created cellZoneSet vitreous_zone
    Applying source setToCellZone
    Adding all cells from cell set: vitreous_zone ...
    cellZoneSet vitreous_zone now size 19682
Time = 400
    mesh not changed.
Created cellSet tm_zone
    Applying source boxToCell
    Adding cells with centre within boxes 1((0.00645 -0.005 -1e-05) (0.00718 -0.00424 0.001001))
    cellSet tm_zone now size 69
Created cellZoneSet tm_zone
    Applying source setToCellZone
    Adding all cells from cell set: tm_zone ...
    cellZoneSet tm_zone now size 69
Created cellSet tm_zone_left
    Applying source boxToCell
    Adding cells with centre within boxes 1((-0.00718 -0.005 -1e-05) (-0.00645 -0.00424 0.001001))
    cellSet tm_zone_left now size 67
Created cellZoneSet tm_zone_left
    Applying source setToCellZone
    Adding all cells from cell set: tm_zone_left ...
    cellZoneSet tm_zone_left now size 67
Created cellSet vitreous_zone
    Applying source boxToCell
    Adding cells with centre within boxes 1((-0.008 -0.0015 -1e-05) (0.008 0.0074 0.001001))
    cellSet vitreous_zone now size 19682
Read set cellSet vitreous_zone size:19682
    Applying source boxToCell
    Removing cells with centre within boxes 1((0.00645 -0.005 -1e-05) (0.00718 -0.00424 0.001001))
    cellSet vitreous_zone now size 19682
Read set cellSet vitreous_zone size:19682
    Applying source boxToCell
    Removing cells with centre within boxes 1((-0.00718 -0.005 -1e-05) (-0.00645 -0.00424 0.001001))
    cellSet vitreous_zone now size 19682
Created cellZoneSet vitreous_zone
    Applying source setToCellZone
    Adding all cells from cell set: vitreous_zone ...
    cellZoneSet vitreous_zone now size 19682
Time = 450
    mesh not changed.
Created cellSet tm_zone
    Applying source boxToCell
    Adding cells with centre within boxes 1((0.00645 -0.005 -1e-05) (0.00718 -0.00424 0.001001))
    cellSet tm_zone now size 69
Created cellZoneSet tm_zone
    Applying source setToCellZone
    Adding all cells from cell set: tm_zone ...
    cellZoneSet tm_zone now size 69
Created cellSet tm_zone_left
    Applying source boxToCell
    Adding cells with centre within boxes 1((-0.00718 -0.005 -1e-05) (-0.00645 -0.00424 0.001001))
    cellSet tm_zone_left now size 67
Created cellZoneSet tm_zone_left
    Applying source setToCellZone
    Adding all cells from cell set: tm_zone_left ...
    cellZoneSet tm_zone_left now size 67
Created cellSet vitreous_zone
    Applying source boxToCell
    Adding cells with centre within boxes 1((-0.008 -0.0015 -1e-05) (0.008 0.0074 0.001001))
    cellSet vitreous_zone now size 19682
Read set cellSet vitreous_zone size:19682
    Applying source boxToCell
    Removing cells with centre within boxes 1((0.00645 -0.005 -1e-05) (0.00718 -0.00424 0.001001))
    cellSet vitreous_zone now size 19682
Read set cellSet vitreous_zone size:19682
    Applying source boxToCell
    Removing cells with centre within boxes 1((-0.00718 -0.005 -1e-05) (-0.00645 -0.00424 0.001001))
    cellSet vitreous_zone now size 19682
Created cellZoneSet vitreous_zone
    Applying source setToCellZone
    Adding all cells from cell set: vitreous_zone ...
    cellZoneSet vitreous_zone now size 19682
Time = 500
    mesh not changed.
Created cellSet tm_zone
    Applying source boxToCell
    Adding cells with centre within boxes 1((0.00645 -0.005 -1e-05) (0.00718 -0.00424 0.001001))
    cellSet tm_zone now size 69
Created cellZoneSet tm_zone
    Applying source setToCellZone
    Adding all cells from cell set: tm_zone ...
    cellZoneSet tm_zone now size 69
Created cellSet tm_zone_left
    Applying source boxToCell
    Adding cells with centre within boxes 1((-0.00718 -0.005 -1e-05) (-0.00645 -0.00424 0.001001))
    cellSet tm_zone_left now size 67
Created cellZoneSet tm_zone_left
    Applying source setToCellZone
    Adding all cells from cell set: tm_zone_left ...
    cellZoneSet tm_zone_left now size 67
Created cellSet vitreous_zone
    Applying source boxToCell
    Adding cells with centre within boxes 1((-0.008 -0.0015 -1e-05) (0.008 0.0074 0.001001))
    cellSet vitreous_zone now size 19682
Read set cellSet vitreous_zone size:19682
    Applying source boxToCell
    Removing cells with centre within boxes 1((0.00645 -0.005 -1e-05) (0.00718 -0.00424 0.001001))
    cellSet vitreous_zone now size 19682
Read set cellSet vitreous_zone size:19682
    Applying source boxToCell
    Removing cells with centre within boxes 1((-0.00718 -0.005 -1e-05) (-0.00645 -0.00424 0.001001))
    cellSet vitreous_zone now size 19682
Created cellZoneSet vitreous_zone
    Applying source setToCellZone
    Adding all cells from cell set: vitreous_zone ...
    cellZoneSet vitreous_zone now size 19682

End

=== createPatch (front/back + outlets + inlets) ===
/*---------------------------------------------------------------------------*\
| =========                 |                                                 |
| \\      /  F ield         | OpenFOAM: The Open Source CFD Toolbox           |
|  \\    /   O peration     | Version:  2512                                  |
|   \\  /    A nd           | Website:  www.openfoam.com                      |
|    \\/     M anipulation  |                                                 |
\*---------------------------------------------------------------------------*/
Build  : _bd2b6720-20260127 OPENFOAM=2512 version=2512
Arch   : "LSB;label=32;scalar=64"
Exec   : topoSet -dict system/topoSetDict.frontBack -constant
Date   : Jul 16 2026
Time   : 00:38:56
Host   : d91d304ac4f3
PID    : 234
I/O    : uncollated
Case   : /simulation/doc-g1-sim1/fluid
nProcs : 1
trapFpe: Floating point exception trapping enabled (FOAM_SIGFPE).
memory pool : not available
fileModificationChecking : Monitoring run-time modified files using timeStampMaster (fileModificationSkew 5, maxFileModificationPolls 20)
allowSystemOperations : Allowing user-supplied system call operations

// * * * * * * * * * * * * * * * * * * * * * * * * * * * * * * * * * * * * * //
Create time

Create polyMesh for time = constant

Reading topoSetDict.frontBack

Time = constant
    mesh not changed.
Created faceSet frontFaces
    Applying source patchToFace
    Adding all faces of patches: (defaultFaces) ...
    Found matching patch defaultFaces with 82484 faces
    faceSet frontFaces now size 82484
Read set faceSet frontFaces size:82484
    Applying source normalToFace
    Adding faces according to normal being aligned with (0 0 1) (to within 0.1) ...
    faceSet frontFaces now size 41242
Created faceSet backFaces
    Applying source patchToFace
    Adding all faces of patches: (defaultFaces) ...
    Found matching patch defaultFaces with 82484 faces
    faceSet backFaces now size 82484
Read set faceSet backFaces size:82484
    Applying source normalToFace
    Adding faces according to normal being aligned with (0 0 -1) (to within 0.1) ...
    faceSet backFaces now size 41242
Time = 0
    mesh not changed.
Created faceSet frontFaces
    Applying source patchToFace
    Adding all faces of patches: (defaultFaces) ...
    Found matching patch defaultFaces with 82484 faces
    faceSet frontFaces now size 82484
Read set faceSet frontFaces size:82484
    Applying source normalToFace
    Adding faces according to normal being aligned with (0 0 1) (to within 0.1) ...
    faceSet frontFaces now size 41242
Created faceSet backFaces
    Applying source patchToFace
    Adding all faces of patches: (defaultFaces) ...
    Found matching patch defaultFaces with 82484 faces
    faceSet backFaces now size 82484
Read set faceSet backFaces size:82484
    Applying source normalToFace
    Adding faces according to normal being aligned with (0 0 -1) (to within 0.1) ...
    faceSet backFaces now size 41242
Time = 48
    mesh not changed.
Created faceSet frontFaces
    Applying source patchToFace
    Adding all faces of patches: (defaultFaces) ...
    Found matching patch defaultFaces with 82484 faces
    faceSet frontFaces now size 82484
Read set faceSet frontFaces size:82484
    Applying source normalToFace
    Adding faces according to normal being aligned with (0 0 1) (to within 0.1) ...
    faceSet frontFaces now size 41242
Created faceSet backFaces
    Applying source patchToFace
    Adding all faces of patches: (defaultFaces) ...
    Found matching patch defaultFaces with 82484 faces
    faceSet backFaces now size 82484
Read set faceSet backFaces size:82484
    Applying source normalToFace
    Adding faces according to normal being aligned with (0 0 -1) (to within 0.1) ...
    faceSet backFaces now size 41242
Time = 50
    mesh not changed.
Created faceSet frontFaces
    Applying source patchToFace
    Adding all faces of patches: (defaultFaces) ...
    Found matching patch defaultFaces with 82484 faces
    faceSet frontFaces now size 82484
Read set faceSet frontFaces size:82484
    Applying source normalToFace
    Adding faces according to normal being aligned with (0 0 1) (to within 0.1) ...
    faceSet frontFaces now size 41242
Created faceSet backFaces
    Applying source patchToFace
    Adding all faces of patches: (defaultFaces) ...
    Found matching patch defaultFaces with 82484 faces
    faceSet backFaces now size 82484
Read set faceSet backFaces size:82484
    Applying source normalToFace
    Adding faces according to normal being aligned with (0 0 -1) (to within 0.1) ...
    faceSet backFaces now size 41242
Time = 76
    mesh not changed.
Created faceSet frontFaces
    Applying source patchToFace
    Adding all faces of patches: (defaultFaces) ...
    Found matching patch defaultFaces with 82484 faces
    faceSet frontFaces now size 82484
Read set faceSet frontFaces size:82484
    Applying source normalToFace
    Adding faces according to normal being aligned with (0 0 1) (to within 0.1) ...
    faceSet frontFaces now size 41242
Created faceSet backFaces
    Applying source patchToFace
    Adding all faces of patches: (defaultFaces) ...
    Found matching patch defaultFaces with 82484 faces
    faceSet backFaces now size 82484
Read set faceSet backFaces size:82484
    Applying source normalToFace
    Adding faces according to normal being aligned with (0 0 -1) (to within 0.1) ...
    faceSet backFaces now size 41242
Time = 98
    mesh not changed.
Created faceSet frontFaces
    Applying source patchToFace
    Adding all faces of patches: (defaultFaces) ...
    Found matching patch defaultFaces with 82484 faces
    faceSet frontFaces now size 82484
Read set faceSet frontFaces size:82484
    Applying source normalToFace
    Adding faces according to normal being aligned with (0 0 1) (to within 0.1) ...
    faceSet frontFaces now size 41242
Created faceSet backFaces
    Applying source patchToFace
    Adding all faces of patches: (defaultFaces) ...
    Found matching patch defaultFaces with 82484 faces
    faceSet backFaces now size 82484
Read set faceSet backFaces size:82484
    Applying source normalToFace
    Adding faces according to normal being aligned with (0 0 -1) (to within 0.1) ...
    faceSet backFaces now size 41242
Time = 100
    mesh not changed.
Created faceSet frontFaces
    Applying source patchToFace
    Adding all faces of patches: (defaultFaces) ...
    Found matching patch defaultFaces with 82484 faces
    faceSet frontFaces now size 82484
Read set faceSet frontFaces size:82484
    Applying source normalToFace
    Adding faces according to normal being aligned with (0 0 1) (to within 0.1) ...
    faceSet frontFaces now size 41242
Created faceSet backFaces
    Applying source patchToFace
    Adding all faces of patches: (defaultFaces) ...
    Found matching patch defaultFaces with 82484 faces
    faceSet backFaces now size 82484
Read set faceSet backFaces size:82484
    Applying source normalToFace
    Adding faces according to normal being aligned with (0 0 -1) (to within 0.1) ...
    faceSet backFaces now size 41242
Time = 150
    mesh not changed.
Created faceSet frontFaces
    Applying source patchToFace
    Adding all faces of patches: (defaultFaces) ...
    Found matching patch defaultFaces with 82484 faces
    faceSet frontFaces now size 82484
Read set faceSet frontFaces size:82484
    Applying source normalToFace
    Adding faces according to normal being aligned with (0 0 1) (to within 0.1) ...
    faceSet frontFaces now size 41242
Created faceSet backFaces
    Applying source patchToFace
    Adding all faces of patches: (defaultFaces) ...
    Found matching patch defaultFaces with 82484 faces
    faceSet backFaces now size 82484
Read set faceSet backFaces size:82484
    Applying source normalToFace
    Adding faces according to normal being aligned with (0 0 -1) (to within 0.1) ...
    faceSet backFaces now size 41242
Time = 200
    mesh not changed.
Created faceSet frontFaces
    Applying source patchToFace
    Adding all faces of patches: (defaultFaces) ...
    Found matching patch defaultFaces with 82484 faces
    faceSet frontFaces now size 82484
Read set faceSet frontFaces size:82484
    Applying source normalToFace
    Adding faces according to normal being aligned with (0 0 1) (to within 0.1) ...
    faceSet frontFaces now size 41242
Created faceSet backFaces
    Applying source patchToFace
    Adding all faces of patches: (defaultFaces) ...
    Found matching patch defaultFaces with 82484 faces
    faceSet backFaces now size 82484
Read set faceSet backFaces size:82484
    Applying source normalToFace
    Adding faces according to normal being aligned with (0 0 -1) (to within 0.1) ...
    faceSet backFaces now size 41242
Time = 250
    mesh not changed.
Created faceSet frontFaces
    Applying source patchToFace
    Adding all faces of patches: (defaultFaces) ...
    Found matching patch defaultFaces with 82484 faces
    faceSet frontFaces now size 82484
Read set faceSet frontFaces size:82484
    Applying source normalToFace
    Adding faces according to normal being aligned with (0 0 1) (to within 0.1) ...
    faceSet frontFaces now size 41242
Created faceSet backFaces
    Applying source patchToFace
    Adding all faces of patches: (defaultFaces) ...
    Found matching patch defaultFaces with 82484 faces
    faceSet backFaces now size 82484
Read set faceSet backFaces size:82484
    Applying source normalToFace
    Adding faces according to normal being aligned with (0 0 -1) (to within 0.1) ...
    faceSet backFaces now size 41242
Time = 300
    mesh not changed.
Created faceSet frontFaces
    Applying source patchToFace
    Adding all faces of patches: (defaultFaces) ...
    Found matching patch defaultFaces with 82484 faces
    faceSet frontFaces now size 82484
Read set faceSet frontFaces size:82484
    Applying source normalToFace
    Adding faces according to normal being aligned with (0 0 1) (to within 0.1) ...
    faceSet frontFaces now size 41242
Created faceSet backFaces
    Applying source patchToFace
    Adding all faces of patches: (defaultFaces) ...
    Found matching patch defaultFaces with 82484 faces
    faceSet backFaces now size 82484
Read set faceSet backFaces size:82484
    Applying source normalToFace
    Adding faces according to normal being aligned with (0 0 -1) (to within 0.1) ...
    faceSet backFaces now size 41242
Time = 350
    mesh not changed.
Created faceSet frontFaces
    Applying source patchToFace
    Adding all faces of patches: (defaultFaces) ...
    Found matching patch defaultFaces with 82484 faces
    faceSet frontFaces now size 82484
Read set faceSet frontFaces size:82484
    Applying source normalToFace
    Adding faces according to normal being aligned with (0 0 1) (to within 0.1) ...
    faceSet frontFaces now size 41242
Created faceSet backFaces
    Applying source patchToFace
    Adding all faces of patches: (defaultFaces) ...
    Found matching patch defaultFaces with 82484 faces
    faceSet backFaces now size 82484
Read set faceSet backFaces size:82484
    Applying source normalToFace
    Adding faces according to normal being aligned with (0 0 -1) (to within 0.1) ...
    faceSet backFaces now size 41242
Time = 400
    mesh not changed.
Created faceSet frontFaces
    Applying source patchToFace
    Adding all faces of patches: (defaultFaces) ...
    Found matching patch defaultFaces with 82484 faces
    faceSet frontFaces now size 82484
Read set faceSet frontFaces size:82484
    Applying source normalToFace
    Adding faces according to normal being aligned with (0 0 1) (to within 0.1) ...
    faceSet frontFaces now size 41242
Created faceSet backFaces
    Applying source patchToFace
    Adding all faces of patches: (defaultFaces) ...
    Found matching patch defaultFaces with 82484 faces
    faceSet backFaces now size 82484
Read set faceSet backFaces size:82484
    Applying source normalToFace
    Adding faces according to normal being aligned with (0 0 -1) (to within 0.1) ...
    faceSet backFaces now size 41242
Time = 450
    mesh not changed.
Created faceSet frontFaces
    Applying source patchToFace
    Adding all faces of patches: (defaultFaces) ...
    Found matching patch defaultFaces with 82484 faces
    faceSet frontFaces now size 82484
Read set faceSet frontFaces size:82484
    Applying source normalToFace
    Adding faces according to normal being aligned with (0 0 1) (to within 0.1) ...
    faceSet frontFaces now size 41242
Created faceSet backFaces
    Applying source patchToFace
    Adding all faces of patches: (defaultFaces) ...
    Found matching patch defaultFaces with 82484 faces
    faceSet backFaces now size 82484
Read set faceSet backFaces size:82484
    Applying source normalToFace
    Adding faces according to normal being aligned with (0 0 -1) (to within 0.1) ...
    faceSet backFaces now size 41242
Time = 500
    mesh not changed.
Created faceSet frontFaces
    Applying source patchToFace
    Adding all faces of patches: (defaultFaces) ...
    Found matching patch defaultFaces with 82484 faces
    faceSet frontFaces now size 82484
Read set faceSet frontFaces size:82484
    Applying source normalToFace
    Adding faces according to normal being aligned with (0 0 1) (to within 0.1) ...
    faceSet frontFaces now size 41242
Created faceSet backFaces
    Applying source patchToFace
    Adding all faces of patches: (defaultFaces) ...
    Found matching patch defaultFaces with 82484 faces
    faceSet backFaces now size 82484
Read set faceSet backFaces size:82484
    Applying source normalToFace
    Adding faces according to normal being aligned with (0 0 -1) (to within 0.1) ...
    faceSet backFaces now size 41242

End

/*---------------------------------------------------------------------------*\
| =========                 |                                                 |
| \\      /  F ield         | OpenFOAM: The Open Source CFD Toolbox           |
|  \\    /   O peration     | Version:  2512                                  |
|   \\  /    A nd           | Website:  www.openfoam.com                      |
|    \\/     M anipulation  |                                                 |
\*---------------------------------------------------------------------------*/
Build  : _bd2b6720-20260127 OPENFOAM=2512 version=2512
Arch   : "LSB;label=32;scalar=64"
Exec   : topoSet -dict system/topoSetDict.splitWall -constant
Date   : Jul 16 2026
Time   : 00:38:59
Host   : d91d304ac4f3
PID    : 237
I/O    : uncollated
Case   : /simulation/doc-g1-sim1/fluid
nProcs : 1
trapFpe: Floating point exception trapping enabled (FOAM_SIGFPE).
memory pool : not available
fileModificationChecking : Monitoring run-time modified files using timeStampMaster (fileModificationSkew 5, maxFileModificationPolls 20)
allowSystemOperations : Allowing user-supplied system call operations

// * * * * * * * * * * * * * * * * * * * * * * * * * * * * * * * * * * * * * //
Create time

Create polyMesh for time = constant

Reading topoSetDict.splitWall

Time = constant
    mesh not changed.
Created faceSet outlet_tm_faces
    Applying source patchToFace
    Adding all faces of patches: (outlet_tm) ...
    Found matching patch outlet_tm with 10 faces
    faceSet outlet_tm_faces now size 10
Read set faceSet outlet_tm_faces size:10
    Applying source patchToFace
    Adding all faces of patches: (wall) ...
    Found matching patch wall with 558 faces
    faceSet outlet_tm_faces now size 568
Read set faceSet outlet_tm_faces size:568
    Applying source boxToFace
    Adding faces with centre within boxes 1((0.0064 -0.005 -1e-05) (0.0071 -0.00448 0.001001))
    faceSet outlet_tm_faces now size 8
Read set faceSet outlet_tm_faces size:8
    Applying source normalToFace
    Adding faces according to normal being aligned with (0.8479983 -0.52999894 0) (to within 0.3) ...
    faceSet outlet_tm_faces now size 6
Created faceSet outlet_tm_left_faces
    Applying source patchToFace
    Adding all faces of patches: (outlet_tm_left) ...
    Found matching patch outlet_tm_left with 10 faces
    faceSet outlet_tm_left_faces now size 10
Read set faceSet outlet_tm_left_faces size:10
    Applying source patchToFace
    Adding all faces of patches: (wall) ...
    Found matching patch wall with 558 faces
    faceSet outlet_tm_left_faces now size 568
Read set faceSet outlet_tm_left_faces size:568
    Applying source boxToFace
    Adding faces with centre within boxes 1((-0.0071 -0.005 -1e-05) (-0.0064 -0.00448 0.001001))
    faceSet outlet_tm_left_faces now size 8
Read set faceSet outlet_tm_left_faces size:8
    Applying source normalToFace
    Adding faces according to normal being aligned with (-0.8479983 -0.52999894 0) (to within 0.3) ...
    faceSet outlet_tm_left_faces now size 6
Created faceSet ac_inlet_faces
    Applying source patchToFace
    Adding all faces of patches: (ac_inlet) ...
    Found matching patch ac_inlet with 6 faces
    faceSet ac_inlet_faces now size 6
Read set faceSet ac_inlet_faces size:6
    Applying source patchToFace
    Adding all faces of patches: (wall) ...
    Found matching patch wall with 558 faces
    faceSet ac_inlet_faces now size 564
Read set faceSet ac_inlet_faces size:564
    Applying source patchToFace
    Adding all faces of patches: (outlet_tm) ...
    Found matching patch outlet_tm with 10 faces
    faceSet ac_inlet_faces now size 574
Read set faceSet ac_inlet_faces size:574
    Applying source boxToFace
    Adding faces with centre within boxes 1((0.00675 -0.00448 -1e-05) (0.007 -0.004 0.001001))
    faceSet ac_inlet_faces now size 6
Read set faceSet ac_inlet_faces size:6
    Applying source normalToFace
    Adding faces according to normal being aligned with (1 0 0) (to within 0.6) ...
    faceSet ac_inlet_faces now size 5
Created faceSet ac_inlet_left_faces
    Applying source patchToFace
    Adding all faces of patches: (ac_inlet_left) ...
    Found matching patch ac_inlet_left with 6 faces
    faceSet ac_inlet_left_faces now size 6
Read set faceSet ac_inlet_left_faces size:6
    Applying source patchToFace
    Adding all faces of patches: (wall) ...
    Found matching patch wall with 558 faces
    faceSet ac_inlet_left_faces now size 564
Read set faceSet ac_inlet_left_faces size:564
    Applying source patchToFace
    Adding all faces of patches: (outlet_tm_left) ...
    Found matching patch outlet_tm_left with 10 faces
    faceSet ac_inlet_left_faces now size 574
Read set faceSet ac_inlet_left_faces size:574
    Applying source boxToFace
    Adding faces with centre within boxes 1((-0.007 -0.00448 -1e-05) (-0.00675 -0.004 0.001001))
    faceSet ac_inlet_left_faces now size 6
Read set faceSet ac_inlet_left_faces size:6
    Applying source normalToFace
    Adding faces according to normal being aligned with (-1 0 0) (to within 0.6) ...
    faceSet ac_inlet_left_faces now size 5
Time = 0
    mesh not changed.
Created faceSet outlet_tm_faces
    Applying source patchToFace
    Adding all faces of patches: (outlet_tm) ...
    Found matching patch outlet_tm with 10 faces
    faceSet outlet_tm_faces now size 10
Read set faceSet outlet_tm_faces size:10
    Applying source patchToFace
    Adding all faces of patches: (wall) ...
    Found matching patch wall with 558 faces
    faceSet outlet_tm_faces now size 568
Read set faceSet outlet_tm_faces size:568
    Applying source boxToFace
    Adding faces with centre within boxes 1((0.0064 -0.005 -1e-05) (0.0071 -0.00448 0.001001))
    faceSet outlet_tm_faces now size 8
Read set faceSet outlet_tm_faces size:8
    Applying source normalToFace
    Adding faces according to normal being aligned with (0.8479983 -0.52999894 0) (to within 0.3) ...
    faceSet outlet_tm_faces now size 6
Created faceSet outlet_tm_left_faces
    Applying source patchToFace
    Adding all faces of patches: (outlet_tm_left) ...
    Found matching patch outlet_tm_left with 10 faces
    faceSet outlet_tm_left_faces now size 10
Read set faceSet outlet_tm_left_faces size:10
    Applying source patchToFace
    Adding all faces of patches: (wall) ...
    Found matching patch wall with 558 faces
    faceSet outlet_tm_left_faces now size 568
Read set faceSet outlet_tm_left_faces size:568
    Applying source boxToFace
    Adding faces with centre within boxes 1((-0.0071 -0.005 -1e-05) (-0.0064 -0.00448 0.001001))
    faceSet outlet_tm_left_faces now size 8
Read set faceSet outlet_tm_left_faces size:8
    Applying source normalToFace
    Adding faces according to normal being aligned with (-0.8479983 -0.52999894 0) (to within 0.3) ...
    faceSet outlet_tm_left_faces now size 6
Created faceSet ac_inlet_faces
    Applying source patchToFace
    Adding all faces of patches: (ac_inlet) ...
    Found matching patch ac_inlet with 6 faces
    faceSet ac_inlet_faces now size 6
Read set faceSet ac_inlet_faces size:6
    Applying source patchToFace
    Adding all faces of patches: (wall) ...
    Found matching patch wall with 558 faces
    faceSet ac_inlet_faces now size 564
Read set faceSet ac_inlet_faces size:564
    Applying source patchToFace
    Adding all faces of patches: (outlet_tm) ...
    Found matching patch outlet_tm with 10 faces
    faceSet ac_inlet_faces now size 574
Read set faceSet ac_inlet_faces size:574
    Applying source boxToFace
    Adding faces with centre within boxes 1((0.00675 -0.00448 -1e-05) (0.007 -0.004 0.001001))
    faceSet ac_inlet_faces now size 6
Read set faceSet ac_inlet_faces size:6
    Applying source normalToFace
    Adding faces according to normal being aligned with (1 0 0) (to within 0.6) ...
    faceSet ac_inlet_faces now size 5
Created faceSet ac_inlet_left_faces
    Applying source patchToFace
    Adding all faces of patches: (ac_inlet_left) ...
    Found matching patch ac_inlet_left with 6 faces
    faceSet ac_inlet_left_faces now size 6
Read set faceSet ac_inlet_left_faces size:6
    Applying source patchToFace
    Adding all faces of patches: (wall) ...
    Found matching patch wall with 558 faces
    faceSet ac_inlet_left_faces now size 564
Read set faceSet ac_inlet_left_faces size:564
    Applying source patchToFace
    Adding all faces of patches: (outlet_tm_left) ...
    Found matching patch outlet_tm_left with 10 faces
    faceSet ac_inlet_left_faces now size 574
Read set faceSet ac_inlet_left_faces size:574
    Applying source boxToFace
    Adding faces with centre within boxes 1((-0.007 -0.00448 -1e-05) (-0.00675 -0.004 0.001001))
    faceSet ac_inlet_left_faces now size 6
Read set faceSet ac_inlet_left_faces size:6
    Applying source normalToFace
    Adding faces according to normal being aligned with (-1 0 0) (to within 0.6) ...
    faceSet ac_inlet_left_faces now size 5
Time = 48
    mesh not changed.
Created faceSet outlet_tm_faces
    Applying source patchToFace
    Adding all faces of patches: (outlet_tm) ...
    Found matching patch outlet_tm with 10 faces
    faceSet outlet_tm_faces now size 10
Read set faceSet outlet_tm_faces size:10
    Applying source patchToFace
    Adding all faces of patches: (wall) ...
    Found matching patch wall with 558 faces
    faceSet outlet_tm_faces now size 568
Read set faceSet outlet_tm_faces size:568
    Applying source boxToFace
    Adding faces with centre within boxes 1((0.0064 -0.005 -1e-05) (0.0071 -0.00448 0.001001))
    faceSet outlet_tm_faces now size 8
Read set faceSet outlet_tm_faces size:8
    Applying source normalToFace
    Adding faces according to normal being aligned with (0.8479983 -0.52999894 0) (to within 0.3) ...
    faceSet outlet_tm_faces now size 6
Created faceSet outlet_tm_left_faces
    Applying source patchToFace
    Adding all faces of patches: (outlet_tm_left) ...
    Found matching patch outlet_tm_left with 10 faces
    faceSet outlet_tm_left_faces now size 10
Read set faceSet outlet_tm_left_faces size:10
    Applying source patchToFace
    Adding all faces of patches: (wall) ...
    Found matching patch wall with 558 faces
    faceSet outlet_tm_left_faces now size 568
Read set faceSet outlet_tm_left_faces size:568
    Applying source boxToFace
    Adding faces with centre within boxes 1((-0.0071 -0.005 -1e-05) (-0.0064 -0.00448 0.001001))
    faceSet outlet_tm_left_faces now size 8
Read set faceSet outlet_tm_left_faces size:8
    Applying source normalToFace
    Adding faces according to normal being aligned with (-0.8479983 -0.52999894 0) (to within 0.3) ...
    faceSet outlet_tm_left_faces now size 6
Created faceSet ac_inlet_faces
    Applying source patchToFace
    Adding all faces of patches: (ac_inlet) ...
    Found matching patch ac_inlet with 6 faces
    faceSet ac_inlet_faces now size 6
Read set faceSet ac_inlet_faces size:6
    Applying source patchToFace
    Adding all faces of patches: (wall) ...
    Found matching patch wall with 558 faces
    faceSet ac_inlet_faces now size 564
Read set faceSet ac_inlet_faces size:564
    Applying source patchToFace
    Adding all faces of patches: (outlet_tm) ...
    Found matching patch outlet_tm with 10 faces
    faceSet ac_inlet_faces now size 574
Read set faceSet ac_inlet_faces size:574
    Applying source boxToFace
    Adding faces with centre within boxes 1((0.00675 -0.00448 -1e-05) (0.007 -0.004 0.001001))
    faceSet ac_inlet_faces now size 6
Read set faceSet ac_inlet_faces size:6
    Applying source normalToFace
    Adding faces according to normal being aligned with (1 0 0) (to within 0.6) ...
    faceSet ac_inlet_faces now size 5
Created faceSet ac_inlet_left_faces
    Applying source patchToFace
    Adding all faces of patches: (ac_inlet_left) ...
    Found matching patch ac_inlet_left with 6 faces
    faceSet ac_inlet_left_faces now size 6
Read set faceSet ac_inlet_left_faces size:6
    Applying source patchToFace
    Adding all faces of patches: (wall) ...
    Found matching patch wall with 558 faces
    faceSet ac_inlet_left_faces now size 564
Read set faceSet ac_inlet_left_faces size:564
    Applying source patchToFace
    Adding all faces of patches: (outlet_tm_left) ...
    Found matching patch outlet_tm_left with 10 faces
    faceSet ac_inlet_left_faces now size 574
Read set faceSet ac_inlet_left_faces size:574
    Applying source boxToFace
    Adding faces with centre within boxes 1((-0.007 -0.00448 -1e-05) (-0.00675 -0.004 0.001001))
    faceSet ac_inlet_left_faces now size 6
Read set faceSet ac_inlet_left_faces size:6
    Applying source normalToFace
    Adding faces according to normal being aligned with (-1 0 0) (to within 0.6) ...
    faceSet ac_inlet_left_faces now size 5
Time = 50
    mesh not changed.
Created faceSet outlet_tm_faces
    Applying source patchToFace
    Adding all faces of patches: (outlet_tm) ...
    Found matching patch outlet_tm with 10 faces
    faceSet outlet_tm_faces now size 10
Read set faceSet outlet_tm_faces size:10
    Applying source patchToFace
    Adding all faces of patches: (wall) ...
    Found matching patch wall with 558 faces
    faceSet outlet_tm_faces now size 568
Read set faceSet outlet_tm_faces size:568
    Applying source boxToFace
    Adding faces with centre within boxes 1((0.0064 -0.005 -1e-05) (0.0071 -0.00448 0.001001))
    faceSet outlet_tm_faces now size 8
Read set faceSet outlet_tm_faces size:8
    Applying source normalToFace
    Adding faces according to normal being aligned with (0.8479983 -0.52999894 0) (to within 0.3) ...
    faceSet outlet_tm_faces now size 6
Created faceSet outlet_tm_left_faces
    Applying source patchToFace
    Adding all faces of patches: (outlet_tm_left) ...
    Found matching patch outlet_tm_left with 10 faces
    faceSet outlet_tm_left_faces now size 10
Read set faceSet outlet_tm_left_faces size:10
    Applying source patchToFace
    Adding all faces of patches: (wall) ...
    Found matching patch wall with 558 faces
    faceSet outlet_tm_left_faces now size 568
Read set faceSet outlet_tm_left_faces size:568
    Applying source boxToFace
    Adding faces with centre within boxes 1((-0.0071 -0.005 -1e-05) (-0.0064 -0.00448 0.001001))
    faceSet outlet_tm_left_faces now size 8
Read set faceSet outlet_tm_left_faces size:8
    Applying source normalToFace
    Adding faces according to normal being aligned with (-0.8479983 -0.52999894 0) (to within 0.3) ...
    faceSet outlet_tm_left_faces now size 6
Created faceSet ac_inlet_faces
    Applying source patchToFace
    Adding all faces of patches: (ac_inlet) ...
    Found matching patch ac_inlet with 6 faces
    faceSet ac_inlet_faces now size 6
Read set faceSet ac_inlet_faces size:6
    Applying source patchToFace
    Adding all faces of patches: (wall) ...
    Found matching patch wall with 558 faces
    faceSet ac_inlet_faces now size 564
Read set faceSet ac_inlet_faces size:564
    Applying source patchToFace
    Adding all faces of patches: (outlet_tm) ...
    Found matching patch outlet_tm with 10 faces
    faceSet ac_inlet_faces now size 574
Read set faceSet ac_inlet_faces size:574
    Applying source boxToFace
    Adding faces with centre within boxes 1((0.00675 -0.00448 -1e-05) (0.007 -0.004 0.001001))
    faceSet ac_inlet_faces now size 6
Read set faceSet ac_inlet_faces size:6
    Applying source normalToFace
    Adding faces according to normal being aligned with (1 0 0) (to within 0.6) ...
    faceSet ac_inlet_faces now size 5
Created faceSet ac_inlet_left_faces
    Applying source patchToFace
    Adding all faces of patches: (ac_inlet_left) ...
    Found matching patch ac_inlet_left with 6 faces
    faceSet ac_inlet_left_faces now size 6
Read set faceSet ac_inlet_left_faces size:6
    Applying source patchToFace
    Adding all faces of patches: (wall) ...
    Found matching patch wall with 558 faces
    faceSet ac_inlet_left_faces now size 564
Read set faceSet ac_inlet_left_faces size:564
    Applying source patchToFace
    Adding all faces of patches: (outlet_tm_left) ...
    Found matching patch outlet_tm_left with 10 faces
    faceSet ac_inlet_left_faces now size 574
Read set faceSet ac_inlet_left_faces size:574
    Applying source boxToFace
    Adding faces with centre within boxes 1((-0.007 -0.00448 -1e-05) (-0.00675 -0.004 0.001001))
    faceSet ac_inlet_left_faces now size 6
Read set faceSet ac_inlet_left_faces size:6
    Applying source normalToFace
    Adding faces according to normal being aligned with (-1 0 0) (to within 0.6) ...
    faceSet ac_inlet_left_faces now size 5
Time = 76
    mesh not changed.
Created faceSet outlet_tm_faces
    Applying source patchToFace
    Adding all faces of patches: (outlet_tm) ...
    Found matching patch outlet_tm with 10 faces
    faceSet outlet_tm_faces now size 10
Read set faceSet outlet_tm_faces size:10
    Applying source patchToFace
    Adding all faces of patches: (wall) ...
    Found matching patch wall with 558 faces
    faceSet outlet_tm_faces now size 568
Read set faceSet outlet_tm_faces size:568
    Applying source boxToFace
    Adding faces with centre within boxes 1((0.0064 -0.005 -1e-05) (0.0071 -0.00448 0.001001))
    faceSet outlet_tm_faces now size 8
Read set faceSet outlet_tm_faces size:8
    Applying source normalToFace
    Adding faces according to normal being aligned with (0.8479983 -0.52999894 0) (to within 0.3) ...
    faceSet outlet_tm_faces now size 6
Created faceSet outlet_tm_left_faces
    Applying source patchToFace
    Adding all faces of patches: (outlet_tm_left) ...
    Found matching patch outlet_tm_left with 10 faces
    faceSet outlet_tm_left_faces now size 10
Read set faceSet outlet_tm_left_faces size:10
    Applying source patchToFace
    Adding all faces of patches: (wall) ...
    Found matching patch wall with 558 faces
    faceSet outlet_tm_left_faces now size 568
Read set faceSet outlet_tm_left_faces size:568
    Applying source boxToFace
    Adding faces with centre within boxes 1((-0.0071 -0.005 -1e-05) (-0.0064 -0.00448 0.001001))
    faceSet outlet_tm_left_faces now size 8
Read set faceSet outlet_tm_left_faces size:8
    Applying source normalToFace
    Adding faces according to normal being aligned with (-0.8479983 -0.52999894 0) (to within 0.3) ...
    faceSet outlet_tm_left_faces now size 6
Created faceSet ac_inlet_faces
    Applying source patchToFace
    Adding all faces of patches: (ac_inlet) ...
    Found matching patch ac_inlet with 6 faces
    faceSet ac_inlet_faces now size 6
Read set faceSet ac_inlet_faces size:6
    Applying source patchToFace
    Adding all faces of patches: (wall) ...
    Found matching patch wall with 558 faces
    faceSet ac_inlet_faces now size 564
Read set faceSet ac_inlet_faces size:564
    Applying source patchToFace
    Adding all faces of patches: (outlet_tm) ...
    Found matching patch outlet_tm with 10 faces
    faceSet ac_inlet_faces now size 574
Read set faceSet ac_inlet_faces size:574
    Applying source boxToFace
    Adding faces with centre within boxes 1((0.00675 -0.00448 -1e-05) (0.007 -0.004 0.001001))
    faceSet ac_inlet_faces now size 6
Read set faceSet ac_inlet_faces size:6
    Applying source normalToFace
    Adding faces according to normal being aligned with (1 0 0) (to within 0.6) ...
    faceSet ac_inlet_faces now size 5
Created faceSet ac_inlet_left_faces
    Applying source patchToFace
    Adding all faces of patches: (ac_inlet_left) ...
    Found matching patch ac_inlet_left with 6 faces
    faceSet ac_inlet_left_faces now size 6
Read set faceSet ac_inlet_left_faces size:6
    Applying source patchToFace
    Adding all faces of patches: (wall) ...
    Found matching patch wall with 558 faces
    faceSet ac_inlet_left_faces now size 564
Read set faceSet ac_inlet_left_faces size:564
    Applying source patchToFace
    Adding all faces of patches: (outlet_tm_left) ...
    Found matching patch outlet_tm_left with 10 faces
    faceSet ac_inlet_left_faces now size 574
Read set faceSet ac_inlet_left_faces size:574
    Applying source boxToFace
    Adding faces with centre within boxes 1((-0.007 -0.00448 -1e-05) (-0.00675 -0.004 0.001001))
    faceSet ac_inlet_left_faces now size 6
Read set faceSet ac_inlet_left_faces size:6
    Applying source normalToFace
    Adding faces according to normal being aligned with (-1 0 0) (to within 0.6) ...
    faceSet ac_inlet_left_faces now size 5
Time = 98
    mesh not changed.
Created faceSet outlet_tm_faces
    Applying source patchToFace
    Adding all faces of patches: (outlet_tm) ...
    Found matching patch outlet_tm with 10 faces
    faceSet outlet_tm_faces now size 10
Read set faceSet outlet_tm_faces size:10
    Applying source patchToFace
    Adding all faces of patches: (wall) ...
    Found matching patch wall with 558 faces
    faceSet outlet_tm_faces now size 568
Read set faceSet outlet_tm_faces size:568
    Applying source boxToFace
    Adding faces with centre within boxes 1((0.0064 -0.005 -1e-05) (0.0071 -0.00448 0.001001))
    faceSet outlet_tm_faces now size 8
Read set faceSet outlet_tm_faces size:8
    Applying source normalToFace
    Adding faces according to normal being aligned with (0.8479983 -0.52999894 0) (to within 0.3) ...
    faceSet outlet_tm_faces now size 6
Created faceSet outlet_tm_left_faces
    Applying source patchToFace
    Adding all faces of patches: (outlet_tm_left) ...
    Found matching patch outlet_tm_left with 10 faces
    faceSet outlet_tm_left_faces now size 10
Read set faceSet outlet_tm_left_faces size:10
    Applying source patchToFace
    Adding all faces of patches: (wall) ...
    Found matching patch wall with 558 faces
    faceSet outlet_tm_left_faces now size 568
Read set faceSet outlet_tm_left_faces size:568
    Applying source boxToFace
    Adding faces with centre within boxes 1((-0.0071 -0.005 -1e-05) (-0.0064 -0.00448 0.001001))
    faceSet outlet_tm_left_faces now size 8
Read set faceSet outlet_tm_left_faces size:8
    Applying source normalToFace
    Adding faces according to normal being aligned with (-0.8479983 -0.52999894 0) (to within 0.3) ...
    faceSet outlet_tm_left_faces now size 6
Created faceSet ac_inlet_faces
    Applying source patchToFace
    Adding all faces of patches: (ac_inlet) ...
    Found matching patch ac_inlet with 6 faces
    faceSet ac_inlet_faces now size 6
Read set faceSet ac_inlet_faces size:6
    Applying source patchToFace
    Adding all faces of patches: (wall) ...
    Found matching patch wall with 558 faces
    faceSet ac_inlet_faces now size 564
Read set faceSet ac_inlet_faces size:564
    Applying source patchToFace
    Adding all faces of patches: (outlet_tm) ...
    Found matching patch outlet_tm with 10 faces
    faceSet ac_inlet_faces now size 574
Read set faceSet ac_inlet_faces size:574
    Applying source boxToFace
    Adding faces with centre within boxes 1((0.00675 -0.00448 -1e-05) (0.007 -0.004 0.001001))
    faceSet ac_inlet_faces now size 6
Read set faceSet ac_inlet_faces size:6
    Applying source normalToFace
    Adding faces according to normal being aligned with (1 0 0) (to within 0.6) ...
    faceSet ac_inlet_faces now size 5
Created faceSet ac_inlet_left_faces
    Applying source patchToFace
    Adding all faces of patches: (ac_inlet_left) ...
    Found matching patch ac_inlet_left with 6 faces
    faceSet ac_inlet_left_faces now size 6
Read set faceSet ac_inlet_left_faces size:6
    Applying source patchToFace
    Adding all faces of patches: (wall) ...
    Found matching patch wall with 558 faces
    faceSet ac_inlet_left_faces now size 564
Read set faceSet ac_inlet_left_faces size:564
    Applying source patchToFace
    Adding all faces of patches: (outlet_tm_left) ...
    Found matching patch outlet_tm_left with 10 faces
    faceSet ac_inlet_left_faces now size 574
Read set faceSet ac_inlet_left_faces size:574
    Applying source boxToFace
    Adding faces with centre within boxes 1((-0.007 -0.00448 -1e-05) (-0.00675 -0.004 0.001001))
    faceSet ac_inlet_left_faces now size 6
Read set faceSet ac_inlet_left_faces size:6
    Applying source normalToFace
    Adding faces according to normal being aligned with (-1 0 0) (to within 0.6) ...
    faceSet ac_inlet_left_faces now size 5
Time = 100
    mesh not changed.
Created faceSet outlet_tm_faces
    Applying source patchToFace
    Adding all faces of patches: (outlet_tm) ...
    Found matching patch outlet_tm with 10 faces
    faceSet outlet_tm_faces now size 10
Read set faceSet outlet_tm_faces size:10
    Applying source patchToFace
    Adding all faces of patches: (wall) ...
    Found matching patch wall with 558 faces
    faceSet outlet_tm_faces now size 568
Read set faceSet outlet_tm_faces size:568
    Applying source boxToFace
    Adding faces with centre within boxes 1((0.0064 -0.005 -1e-05) (0.0071 -0.00448 0.001001))
    faceSet outlet_tm_faces now size 8
Read set faceSet outlet_tm_faces size:8
    Applying source normalToFace
    Adding faces according to normal being aligned with (0.8479983 -0.52999894 0) (to within 0.3) ...
    faceSet outlet_tm_faces now size 6
Created faceSet outlet_tm_left_faces
    Applying source patchToFace
    Adding all faces of patches: (outlet_tm_left) ...
    Found matching patch outlet_tm_left with 10 faces
    faceSet outlet_tm_left_faces now size 10
Read set faceSet outlet_tm_left_faces size:10
    Applying source patchToFace
    Adding all faces of patches: (wall) ...
    Found matching patch wall with 558 faces
    faceSet outlet_tm_left_faces now size 568
Read set faceSet outlet_tm_left_faces size:568
    Applying source boxToFace
    Adding faces with centre within boxes 1((-0.0071 -0.005 -1e-05) (-0.0064 -0.00448 0.001001))
    faceSet outlet_tm_left_faces now size 8
Read set faceSet outlet_tm_left_faces size:8
    Applying source normalToFace
    Adding faces according to normal being aligned with (-0.8479983 -0.52999894 0) (to within 0.3) ...
    faceSet outlet_tm_left_faces now size 6
Created faceSet ac_inlet_faces
    Applying source patchToFace
    Adding all faces of patches: (ac_inlet) ...
    Found matching patch ac_inlet with 6 faces
    faceSet ac_inlet_faces now size 6
Read set faceSet ac_inlet_faces size:6
    Applying source patchToFace
    Adding all faces of patches: (wall) ...
    Found matching patch wall with 558 faces
    faceSet ac_inlet_faces now size 564
Read set faceSet ac_inlet_faces size:564
    Applying source patchToFace
    Adding all faces of patches: (outlet_tm) ...
    Found matching patch outlet_tm with 10 faces
    faceSet ac_inlet_faces now size 574
Read set faceSet ac_inlet_faces size:574
    Applying source boxToFace
    Adding faces with centre within boxes 1((0.00675 -0.00448 -1e-05) (0.007 -0.004 0.001001))
    faceSet ac_inlet_faces now size 6
Read set faceSet ac_inlet_faces size:6
    Applying source normalToFace
    Adding faces according to normal being aligned with (1 0 0) (to within 0.6) ...
    faceSet ac_inlet_faces now size 5
Created faceSet ac_inlet_left_faces
    Applying source patchToFace
    Adding all faces of patches: (ac_inlet_left) ...
    Found matching patch ac_inlet_left with 6 faces
    faceSet ac_inlet_left_faces now size 6
Read set faceSet ac_inlet_left_faces size:6
    Applying source patchToFace
    Adding all faces of patches: (wall) ...
    Found matching patch wall with 558 faces
    faceSet ac_inlet_left_faces now size 564
Read set faceSet ac_inlet_left_faces size:564
    Applying source patchToFace
    Adding all faces of patches: (outlet_tm_left) ...
    Found matching patch outlet_tm_left with 10 faces
    faceSet ac_inlet_left_faces now size 574
Read set faceSet ac_inlet_left_faces size:574
    Applying source boxToFace
    Adding faces with centre within boxes 1((-0.007 -0.00448 -1e-05) (-0.00675 -0.004 0.001001))
    faceSet ac_inlet_left_faces now size 6
Read set faceSet ac_inlet_left_faces size:6
    Applying source normalToFace
    Adding faces according to normal being aligned with (-1 0 0) (to within 0.6) ...
    faceSet ac_inlet_left_faces now size 5
Time = 150
    mesh not changed.
Created faceSet outlet_tm_faces
    Applying source patchToFace
    Adding all faces of patches: (outlet_tm) ...
    Found matching patch outlet_tm with 10 faces
    faceSet outlet_tm_faces now size 10
Read set faceSet outlet_tm_faces size:10
    Applying source patchToFace
    Adding all faces of patches: (wall) ...
    Found matching patch wall with 558 faces
    faceSet outlet_tm_faces now size 568
Read set faceSet outlet_tm_faces size:568
    Applying source boxToFace
    Adding faces with centre within boxes 1((0.0064 -0.005 -1e-05) (0.0071 -0.00448 0.001001))
    faceSet outlet_tm_faces now size 8
Read set faceSet outlet_tm_faces size:8
    Applying source normalToFace
    Adding faces according to normal being aligned with (0.8479983 -0.52999894 0) (to within 0.3) ...
    faceSet outlet_tm_faces now size 6
Created faceSet outlet_tm_left_faces
    Applying source patchToFace
    Adding all faces of patches: (outlet_tm_left) ...
    Found matching patch outlet_tm_left with 10 faces
    faceSet outlet_tm_left_faces now size 10
Read set faceSet outlet_tm_left_faces size:10
    Applying source patchToFace
    Adding all faces of patches: (wall) ...
    Found matching patch wall with 558 faces
    faceSet outlet_tm_left_faces now size 568
Read set faceSet outlet_tm_left_faces size:568
    Applying source boxToFace
    Adding faces with centre within boxes 1((-0.0071 -0.005 -1e-05) (-0.0064 -0.00448 0.001001))
    faceSet outlet_tm_left_faces now size 8
Read set faceSet outlet_tm_left_faces size:8
    Applying source normalToFace
    Adding faces according to normal being aligned with (-0.8479983 -0.52999894 0) (to within 0.3) ...
    faceSet outlet_tm_left_faces now size 6
Created faceSet ac_inlet_faces
    Applying source patchToFace
    Adding all faces of patches: (ac_inlet) ...
    Found matching patch ac_inlet with 6 faces
    faceSet ac_inlet_faces now size 6
Read set faceSet ac_inlet_faces size:6
    Applying source patchToFace
    Adding all faces of patches: (wall) ...
    Found matching patch wall with 558 faces
    faceSet ac_inlet_faces now size 564
Read set faceSet ac_inlet_faces size:564
    Applying source patchToFace
    Adding all faces of patches: (outlet_tm) ...
    Found matching patch outlet_tm with 10 faces
    faceSet ac_inlet_faces now size 574
Read set faceSet ac_inlet_faces size:574
    Applying source boxToFace
    Adding faces with centre within boxes 1((0.00675 -0.00448 -1e-05) (0.007 -0.004 0.001001))
    faceSet ac_inlet_faces now size 6
Read set faceSet ac_inlet_faces size:6
    Applying source normalToFace
    Adding faces according to normal being aligned with (1 0 0) (to within 0.6) ...
    faceSet ac_inlet_faces now size 5
Created faceSet ac_inlet_left_faces
    Applying source patchToFace
    Adding all faces of patches: (ac_inlet_left) ...
    Found matching patch ac_inlet_left with 6 faces
    faceSet ac_inlet_left_faces now size 6
Read set faceSet ac_inlet_left_faces size:6
    Applying source patchToFace
    Adding all faces of patches: (wall) ...
    Found matching patch wall with 558 faces
    faceSet ac_inlet_left_faces now size 564
Read set faceSet ac_inlet_left_faces size:564
    Applying source patchToFace
    Adding all faces of patches: (outlet_tm_left) ...
    Found matching patch outlet_tm_left with 10 faces
    faceSet ac_inlet_left_faces now size 574
Read set faceSet ac_inlet_left_faces size:574
    Applying source boxToFace
    Adding faces with centre within boxes 1((-0.007 -0.00448 -1e-05) (-0.00675 -0.004 0.001001))
    faceSet ac_inlet_left_faces now size 6
Read set faceSet ac_inlet_left_faces size:6
    Applying source normalToFace
    Adding faces according to normal being aligned with (-1 0 0) (to within 0.6) ...
    faceSet ac_inlet_left_faces now size 5
Time = 200
    mesh not changed.
Created faceSet outlet_tm_faces
    Applying source patchToFace
    Adding all faces of patches: (outlet_tm) ...
    Found matching patch outlet_tm with 10 faces
    faceSet outlet_tm_faces now size 10
Read set faceSet outlet_tm_faces size:10
    Applying source patchToFace
    Adding all faces of patches: (wall) ...
    Found matching patch wall with 558 faces
    faceSet outlet_tm_faces now size 568
Read set faceSet outlet_tm_faces size:568
    Applying source boxToFace
    Adding faces with centre within boxes 1((0.0064 -0.005 -1e-05) (0.0071 -0.00448 0.001001))
    faceSet outlet_tm_faces now size 8
Read set faceSet outlet_tm_faces size:8
    Applying source normalToFace
    Adding faces according to normal being aligned with (0.8479983 -0.52999894 0) (to within 0.3) ...
    faceSet outlet_tm_faces now size 6
Created faceSet outlet_tm_left_faces
    Applying source patchToFace
    Adding all faces of patches: (outlet_tm_left) ...
    Found matching patch outlet_tm_left with 10 faces
    faceSet outlet_tm_left_faces now size 10
Read set faceSet outlet_tm_left_faces size:10
    Applying source patchToFace
    Adding all faces of patches: (wall) ...
    Found matching patch wall with 558 faces
    faceSet outlet_tm_left_faces now size 568
Read set faceSet outlet_tm_left_faces size:568
    Applying source boxToFace
    Adding faces with centre within boxes 1((-0.0071 -0.005 -1e-05) (-0.0064 -0.00448 0.001001))
    faceSet outlet_tm_left_faces now size 8
Read set faceSet outlet_tm_left_faces size:8
    Applying source normalToFace
    Adding faces according to normal being aligned with (-0.8479983 -0.52999894 0) (to within 0.3) ...
    faceSet outlet_tm_left_faces now size 6
Created faceSet ac_inlet_faces
    Applying source patchToFace
    Adding all faces of patches: (ac_inlet) ...
    Found matching patch ac_inlet with 6 faces
    faceSet ac_inlet_faces now size 6
Read set faceSet ac_inlet_faces size:6
    Applying source patchToFace
    Adding all faces of patches: (wall) ...
    Found matching patch wall with 558 faces
    faceSet ac_inlet_faces now size 564
Read set faceSet ac_inlet_faces size:564
    Applying source patchToFace
    Adding all faces of patches: (outlet_tm) ...
    Found matching patch outlet_tm with 10 faces
    faceSet ac_inlet_faces now size 574
Read set faceSet ac_inlet_faces size:574
    Applying source boxToFace
    Adding faces with centre within boxes 1((0.00675 -0.00448 -1e-05) (0.007 -0.004 0.001001))
    faceSet ac_inlet_faces now size 6
Read set faceSet ac_inlet_faces size:6
    Applying source normalToFace
    Adding faces according to normal being aligned with (1 0 0) (to within 0.6) ...
    faceSet ac_inlet_faces now size 5
Created faceSet ac_inlet_left_faces
    Applying source patchToFace
    Adding all faces of patches: (ac_inlet_left) ...
    Found matching patch ac_inlet_left with 6 faces
    faceSet ac_inlet_left_faces now size 6
Read set faceSet ac_inlet_left_faces size:6
    Applying source patchToFace
    Adding all faces of patches: (wall) ...
    Found matching patch wall with 558 faces
    faceSet ac_inlet_left_faces now size 564
Read set faceSet ac_inlet_left_faces size:564
    Applying source patchToFace
    Adding all faces of patches: (outlet_tm_left) ...
    Found matching patch outlet_tm_left with 10 faces
    faceSet ac_inlet_left_faces now size 574
Read set faceSet ac_inlet_left_faces size:574
    Applying source boxToFace
    Adding faces with centre within boxes 1((-0.007 -0.00448 -1e-05) (-0.00675 -0.004 0.001001))
    faceSet ac_inlet_left_faces now size 6
Read set faceSet ac_inlet_left_faces size:6
    Applying source normalToFace
    Adding faces according to normal being aligned with (-1 0 0) (to within 0.6) ...
    faceSet ac_inlet_left_faces now size 5
Time = 250
    mesh not changed.
Created faceSet outlet_tm_faces
    Applying source patchToFace
    Adding all faces of patches: (outlet_tm) ...
    Found matching patch outlet_tm with 10 faces
    faceSet outlet_tm_faces now size 10
Read set faceSet outlet_tm_faces size:10
    Applying source patchToFace
    Adding all faces of patches: (wall) ...
    Found matching patch wall with 558 faces
    faceSet outlet_tm_faces now size 568
Read set faceSet outlet_tm_faces size:568
    Applying source boxToFace
    Adding faces with centre within boxes 1((0.0064 -0.005 -1e-05) (0.0071 -0.00448 0.001001))
    faceSet outlet_tm_faces now size 8
Read set faceSet outlet_tm_faces size:8
    Applying source normalToFace
    Adding faces according to normal being aligned with (0.8479983 -0.52999894 0) (to within 0.3) ...
    faceSet outlet_tm_faces now size 6
Created faceSet outlet_tm_left_faces
    Applying source patchToFace
    Adding all faces of patches: (outlet_tm_left) ...
    Found matching patch outlet_tm_left with 10 faces
    faceSet outlet_tm_left_faces now size 10
Read set faceSet outlet_tm_left_faces size:10
    Applying source patchToFace
    Adding all faces of patches: (wall) ...
    Found matching patch wall with 558 faces
    faceSet outlet_tm_left_faces now size 568
Read set faceSet outlet_tm_left_faces size:568
    Applying source boxToFace
    Adding faces with centre within boxes 1((-0.0071 -0.005 -1e-05) (-0.0064 -0.00448 0.001001))
    faceSet outlet_tm_left_faces now size 8
Read set faceSet outlet_tm_left_faces size:8
    Applying source normalToFace
    Adding faces according to normal being aligned with (-0.8479983 -0.52999894 0) (to within 0.3) ...
    faceSet outlet_tm_left_faces now size 6
Created faceSet ac_inlet_faces
    Applying source patchToFace
    Adding all faces of patches: (ac_inlet) ...
    Found matching patch ac_inlet with 6 faces
    faceSet ac_inlet_faces now size 6
Read set faceSet ac_inlet_faces size:6
    Applying source patchToFace
    Adding all faces of patches: (wall) ...
    Found matching patch wall with 558 faces
    faceSet ac_inlet_faces now size 564
Read set faceSet ac_inlet_faces size:564
    Applying source patchToFace
    Adding all faces of patches: (outlet_tm) ...
    Found matching patch outlet_tm with 10 faces
    faceSet ac_inlet_faces now size 574
Read set faceSet ac_inlet_faces size:574
    Applying source boxToFace
    Adding faces with centre within boxes 1((0.00675 -0.00448 -1e-05) (0.007 -0.004 0.001001))
    faceSet ac_inlet_faces now size 6
Read set faceSet ac_inlet_faces size:6
    Applying source normalToFace
    Adding faces according to normal being aligned with (1 0 0) (to within 0.6) ...
    faceSet ac_inlet_faces now size 5
Created faceSet ac_inlet_left_faces
    Applying source patchToFace
    Adding all faces of patches: (ac_inlet_left) ...
    Found matching patch ac_inlet_left with 6 faces
    faceSet ac_inlet_left_faces now size 6
Read set faceSet ac_inlet_left_faces size:6
    Applying source patchToFace
    Adding all faces of patches: (wall) ...
    Found matching patch wall with 558 faces
    faceSet ac_inlet_left_faces now size 564
Read set faceSet ac_inlet_left_faces size:564
    Applying source patchToFace
    Adding all faces of patches: (outlet_tm_left) ...
    Found matching patch outlet_tm_left with 10 faces
    faceSet ac_inlet_left_faces now size 574
Read set faceSet ac_inlet_left_faces size:574
    Applying source boxToFace
    Adding faces with centre within boxes 1((-0.007 -0.00448 -1e-05) (-0.00675 -0.004 0.001001))
    faceSet ac_inlet_left_faces now size 6
Read set faceSet ac_inlet_left_faces size:6
    Applying source normalToFace
    Adding faces according to normal being aligned with (-1 0 0) (to within 0.6) ...
    faceSet ac_inlet_left_faces now size 5
Time = 300
    mesh not changed.
Created faceSet outlet_tm_faces
    Applying source patchToFace
    Adding all faces of patches: (outlet_tm) ...
    Found matching patch outlet_tm with 10 faces
    faceSet outlet_tm_faces now size 10
Read set faceSet outlet_tm_faces size:10
    Applying source patchToFace
    Adding all faces of patches: (wall) ...
    Found matching patch wall with 558 faces
    faceSet outlet_tm_faces now size 568
Read set faceSet outlet_tm_faces size:568
    Applying source boxToFace
    Adding faces with centre within boxes 1((0.0064 -0.005 -1e-05) (0.0071 -0.00448 0.001001))
    faceSet outlet_tm_faces now size 8
Read set faceSet outlet_tm_faces size:8
    Applying source normalToFace
    Adding faces according to normal being aligned with (0.8479983 -0.52999894 0) (to within 0.3) ...
    faceSet outlet_tm_faces now size 6
Created faceSet outlet_tm_left_faces
    Applying source patchToFace
    Adding all faces of patches: (outlet_tm_left) ...
    Found matching patch outlet_tm_left with 10 faces
    faceSet outlet_tm_left_faces now size 10
Read set faceSet outlet_tm_left_faces size:10
    Applying source patchToFace
    Adding all faces of patches: (wall) ...
    Found matching patch wall with 558 faces
    faceSet outlet_tm_left_faces now size 568
Read set faceSet outlet_tm_left_faces size:568
    Applying source boxToFace
    Adding faces with centre within boxes 1((-0.0071 -0.005 -1e-05) (-0.0064 -0.00448 0.001001))
    faceSet outlet_tm_left_faces now size 8
Read set faceSet outlet_tm_left_faces size:8
    Applying source normalToFace
    Adding faces according to normal being aligned with (-0.8479983 -0.52999894 0) (to within 0.3) ...
    faceSet outlet_tm_left_faces now size 6
Created faceSet ac_inlet_faces
    Applying source patchToFace
    Adding all faces of patches: (ac_inlet) ...
    Found matching patch ac_inlet with 6 faces
    faceSet ac_inlet_faces now size 6
Read set faceSet ac_inlet_faces size:6
    Applying source patchToFace
    Adding all faces of patches: (wall) ...
    Found matching patch wall with 558 faces
    faceSet ac_inlet_faces now size 564
Read set faceSet ac_inlet_faces size:564
    Applying source patchToFace
    Adding all faces of patches: (outlet_tm) ...
    Found matching patch outlet_tm with 10 faces
    faceSet ac_inlet_faces now size 574
Read set faceSet ac_inlet_faces size:574
    Applying source boxToFace
    Adding faces with centre within boxes 1((0.00675 -0.00448 -1e-05) (0.007 -0.004 0.001001))
    faceSet ac_inlet_faces now size 6
Read set faceSet ac_inlet_faces size:6
    Applying source normalToFace
    Adding faces according to normal being aligned with (1 0 0) (to within 0.6) ...
    faceSet ac_inlet_faces now size 5
Created faceSet ac_inlet_left_faces
    Applying source patchToFace
    Adding all faces of patches: (ac_inlet_left) ...
    Found matching patch ac_inlet_left with 6 faces
    faceSet ac_inlet_left_faces now size 6
Read set faceSet ac_inlet_left_faces size:6
    Applying source patchToFace
    Adding all faces of patches: (wall) ...
    Found matching patch wall with 558 faces
    faceSet ac_inlet_left_faces now size 564
Read set faceSet ac_inlet_left_faces size:564
    Applying source patchToFace
    Adding all faces of patches: (outlet_tm_left) ...
    Found matching patch outlet_tm_left with 10 faces
    faceSet ac_inlet_left_faces now size 574
Read set faceSet ac_inlet_left_faces size:574
    Applying source boxToFace
    Adding faces with centre within boxes 1((-0.007 -0.00448 -1e-05) (-0.00675 -0.004 0.001001))
    faceSet ac_inlet_left_faces now size 6
Read set faceSet ac_inlet_left_faces size:6
    Applying source normalToFace
    Adding faces according to normal being aligned with (-1 0 0) (to within 0.6) ...
    faceSet ac_inlet_left_faces now size 5
Time = 350
    mesh not changed.
Created faceSet outlet_tm_faces
    Applying source patchToFace
    Adding all faces of patches: (outlet_tm) ...
    Found matching patch outlet_tm with 10 faces
    faceSet outlet_tm_faces now size 10
Read set faceSet outlet_tm_faces size:10
    Applying source patchToFace
    Adding all faces of patches: (wall) ...
    Found matching patch wall with 558 faces
    faceSet outlet_tm_faces now size 568
Read set faceSet outlet_tm_faces size:568
    Applying source boxToFace
    Adding faces with centre within boxes 1((0.0064 -0.005 -1e-05) (0.0071 -0.00448 0.001001))
    faceSet outlet_tm_faces now size 8
Read set faceSet outlet_tm_faces size:8
    Applying source normalToFace
    Adding faces according to normal being aligned with (0.8479983 -0.52999894 0) (to within 0.3) ...
    faceSet outlet_tm_faces now size 6
Created faceSet outlet_tm_left_faces
    Applying source patchToFace
    Adding all faces of patches: (outlet_tm_left) ...
    Found matching patch outlet_tm_left with 10 faces
    faceSet outlet_tm_left_faces now size 10
Read set faceSet outlet_tm_left_faces size:10
    Applying source patchToFace
    Adding all faces of patches: (wall) ...
    Found matching patch wall with 558 faces
    faceSet outlet_tm_left_faces now size 568
Read set faceSet outlet_tm_left_faces size:568
    Applying source boxToFace
    Adding faces with centre within boxes 1((-0.0071 -0.005 -1e-05) (-0.0064 -0.00448 0.001001))
    faceSet outlet_tm_left_faces now size 8
Read set faceSet outlet_tm_left_faces size:8
    Applying source normalToFace
    Adding faces according to normal being aligned with (-0.8479983 -0.52999894 0) (to within 0.3) ...
    faceSet outlet_tm_left_faces now size 6
Created faceSet ac_inlet_faces
    Applying source patchToFace
    Adding all faces of patches: (ac_inlet) ...
    Found matching patch ac_inlet with 6 faces
    faceSet ac_inlet_faces now size 6
Read set faceSet ac_inlet_faces size:6
    Applying source patchToFace
    Adding all faces of patches: (wall) ...
    Found matching patch wall with 558 faces
    faceSet ac_inlet_faces now size 564
Read set faceSet ac_inlet_faces size:564
    Applying source patchToFace
    Adding all faces of patches: (outlet_tm) ...
    Found matching patch outlet_tm with 10 faces
    faceSet ac_inlet_faces now size 574
Read set faceSet ac_inlet_faces size:574
    Applying source boxToFace
    Adding faces with centre within boxes 1((0.00675 -0.00448 -1e-05) (0.007 -0.004 0.001001))
    faceSet ac_inlet_faces now size 6
Read set faceSet ac_inlet_faces size:6
    Applying source normalToFace
    Adding faces according to normal being aligned with (1 0 0) (to within 0.6) ...
    faceSet ac_inlet_faces now size 5
Created faceSet ac_inlet_left_faces
    Applying source patchToFace
    Adding all faces of patches: (ac_inlet_left) ...
    Found matching patch ac_inlet_left with 6 faces
    faceSet ac_inlet_left_faces now size 6
Read set faceSet ac_inlet_left_faces size:6
    Applying source patchToFace
    Adding all faces of patches: (wall) ...
    Found matching patch wall with 558 faces
    faceSet ac_inlet_left_faces now size 564
Read set faceSet ac_inlet_left_faces size:564
    Applying source patchToFace
    Adding all faces of patches: (outlet_tm_left) ...
    Found matching patch outlet_tm_left with 10 faces
    faceSet ac_inlet_left_faces now size 574
Read set faceSet ac_inlet_left_faces size:574
    Applying source boxToFace
    Adding faces with centre within boxes 1((-0.007 -0.00448 -1e-05) (-0.00675 -0.004 0.001001))
    faceSet ac_inlet_left_faces now size 6
Read set faceSet ac_inlet_left_faces size:6
    Applying source normalToFace
    Adding faces according to normal being aligned with (-1 0 0) (to within 0.6) ...
    faceSet ac_inlet_left_faces now size 5
Time = 400
    mesh not changed.
Created faceSet outlet_tm_faces
    Applying source patchToFace
    Adding all faces of patches: (outlet_tm) ...
    Found matching patch outlet_tm with 10 faces
    faceSet outlet_tm_faces now size 10
Read set faceSet outlet_tm_faces size:10
    Applying source patchToFace
    Adding all faces of patches: (wall) ...
    Found matching patch wall with 558 faces
    faceSet outlet_tm_faces now size 568
Read set faceSet outlet_tm_faces size:568
    Applying source boxToFace
    Adding faces with centre within boxes 1((0.0064 -0.005 -1e-05) (0.0071 -0.00448 0.001001))
    faceSet outlet_tm_faces now size 8
Read set faceSet outlet_tm_faces size:8
    Applying source normalToFace
    Adding faces according to normal being aligned with (0.8479983 -0.52999894 0) (to within 0.3) ...
    faceSet outlet_tm_faces now size 6
Created faceSet outlet_tm_left_faces
    Applying source patchToFace
    Adding all faces of patches: (outlet_tm_left) ...
    Found matching patch outlet_tm_left with 10 faces
    faceSet outlet_tm_left_faces now size 10
Read set faceSet outlet_tm_left_faces size:10
    Applying source patchToFace
    Adding all faces of patches: (wall) ...
    Found matching patch wall with 558 faces
    faceSet outlet_tm_left_faces now size 568
Read set faceSet outlet_tm_left_faces size:568
    Applying source boxToFace
    Adding faces with centre within boxes 1((-0.0071 -0.005 -1e-05) (-0.0064 -0.00448 0.001001))
    faceSet outlet_tm_left_faces now size 8
Read set faceSet outlet_tm_left_faces size:8
    Applying source normalToFace
    Adding faces according to normal being aligned with (-0.8479983 -0.52999894 0) (to within 0.3) ...
    faceSet outlet_tm_left_faces now size 6
Created faceSet ac_inlet_faces
    Applying source patchToFace
    Adding all faces of patches: (ac_inlet) ...
    Found matching patch ac_inlet with 6 faces
    faceSet ac_inlet_faces now size 6
Read set faceSet ac_inlet_faces size:6
    Applying source patchToFace
    Adding all faces of patches: (wall) ...
    Found matching patch wall with 558 faces
    faceSet ac_inlet_faces now size 564
Read set faceSet ac_inlet_faces size:564
    Applying source patchToFace
    Adding all faces of patches: (outlet_tm) ...
    Found matching patch outlet_tm with 10 faces
    faceSet ac_inlet_faces now size 574
Read set faceSet ac_inlet_faces size:574
    Applying source boxToFace
    Adding faces with centre within boxes 1((0.00675 -0.00448 -1e-05) (0.007 -0.004 0.001001))
    faceSet ac_inlet_faces now size 6
Read set faceSet ac_inlet_faces size:6
    Applying source normalToFace
    Adding faces according to normal being aligned with (1 0 0) (to within 0.6) ...
    faceSet ac_inlet_faces now size 5
Created faceSet ac_inlet_left_faces
    Applying source patchToFace
    Adding all faces of patches: (ac_inlet_left) ...
    Found matching patch ac_inlet_left with 6 faces
    faceSet ac_inlet_left_faces now size 6
Read set faceSet ac_inlet_left_faces size:6
    Applying source patchToFace
    Adding all faces of patches: (wall) ...
    Found matching patch wall with 558 faces
    faceSet ac_inlet_left_faces now size 564
Read set faceSet ac_inlet_left_faces size:564
    Applying source patchToFace
    Adding all faces of patches: (outlet_tm_left) ...
    Found matching patch outlet_tm_left with 10 faces
    faceSet ac_inlet_left_faces now size 574
Read set faceSet ac_inlet_left_faces size:574
    Applying source boxToFace
    Adding faces with centre within boxes 1((-0.007 -0.00448 -1e-05) (-0.00675 -0.004 0.001001))
    faceSet ac_inlet_left_faces now size 6
Read set faceSet ac_inlet_left_faces size:6
    Applying source normalToFace
    Adding faces according to normal being aligned with (-1 0 0) (to within 0.6) ...
    faceSet ac_inlet_left_faces now size 5
Time = 450
    mesh not changed.
Created faceSet outlet_tm_faces
    Applying source patchToFace
    Adding all faces of patches: (outlet_tm) ...
    Found matching patch outlet_tm with 10 faces
    faceSet outlet_tm_faces now size 10
Read set faceSet outlet_tm_faces size:10
    Applying source patchToFace
    Adding all faces of patches: (wall) ...
    Found matching patch wall with 558 faces
    faceSet outlet_tm_faces now size 568
Read set faceSet outlet_tm_faces size:568
    Applying source boxToFace
    Adding faces with centre within boxes 1((0.0064 -0.005 -1e-05) (0.0071 -0.00448 0.001001))
    faceSet outlet_tm_faces now size 8
Read set faceSet outlet_tm_faces size:8
    Applying source normalToFace
    Adding faces according to normal being aligned with (0.8479983 -0.52999894 0) (to within 0.3) ...
    faceSet outlet_tm_faces now size 6
Created faceSet outlet_tm_left_faces
    Applying source patchToFace
    Adding all faces of patches: (outlet_tm_left) ...
    Found matching patch outlet_tm_left with 10 faces
    faceSet outlet_tm_left_faces now size 10
Read set faceSet outlet_tm_left_faces size:10
    Applying source patchToFace
    Adding all faces of patches: (wall) ...
    Found matching patch wall with 558 faces
    faceSet outlet_tm_left_faces now size 568
Read set faceSet outlet_tm_left_faces size:568
    Applying source boxToFace
    Adding faces with centre within boxes 1((-0.0071 -0.005 -1e-05) (-0.0064 -0.00448 0.001001))
    faceSet outlet_tm_left_faces now size 8
Read set faceSet outlet_tm_left_faces size:8
    Applying source normalToFace
    Adding faces according to normal being aligned with (-0.8479983 -0.52999894 0) (to within 0.3) ...
    faceSet outlet_tm_left_faces now size 6
Created faceSet ac_inlet_faces
    Applying source patchToFace
    Adding all faces of patches: (ac_inlet) ...
    Found matching patch ac_inlet with 6 faces
    faceSet ac_inlet_faces now size 6
Read set faceSet ac_inlet_faces size:6
    Applying source patchToFace
    Adding all faces of patches: (wall) ...
    Found matching patch wall with 558 faces
    faceSet ac_inlet_faces now size 564
Read set faceSet ac_inlet_faces size:564
    Applying source patchToFace
    Adding all faces of patches: (outlet_tm) ...
    Found matching patch outlet_tm with 10 faces
    faceSet ac_inlet_faces now size 574
Read set faceSet ac_inlet_faces size:574
    Applying source boxToFace
    Adding faces with centre within boxes 1((0.00675 -0.00448 -1e-05) (0.007 -0.004 0.001001))
    faceSet ac_inlet_faces now size 6
Read set faceSet ac_inlet_faces size:6
    Applying source normalToFace
    Adding faces according to normal being aligned with (1 0 0) (to within 0.6) ...
    faceSet ac_inlet_faces now size 5
Created faceSet ac_inlet_left_faces
    Applying source patchToFace
    Adding all faces of patches: (ac_inlet_left) ...
    Found matching patch ac_inlet_left with 6 faces
    faceSet ac_inlet_left_faces now size 6
Read set faceSet ac_inlet_left_faces size:6
    Applying source patchToFace
    Adding all faces of patches: (wall) ...
    Found matching patch wall with 558 faces
    faceSet ac_inlet_left_faces now size 564
Read set faceSet ac_inlet_left_faces size:564
    Applying source patchToFace
    Adding all faces of patches: (outlet_tm_left) ...
    Found matching patch outlet_tm_left with 10 faces
    faceSet ac_inlet_left_faces now size 574
Read set faceSet ac_inlet_left_faces size:574
    Applying source boxToFace
    Adding faces with centre within boxes 1((-0.007 -0.00448 -1e-05) (-0.00675 -0.004 0.001001))
    faceSet ac_inlet_left_faces now size 6
Read set faceSet ac_inlet_left_faces size:6
    Applying source normalToFace
    Adding faces according to normal being aligned with (-1 0 0) (to within 0.6) ...
    faceSet ac_inlet_left_faces now size 5
Time = 500
    mesh not changed.
Created faceSet outlet_tm_faces
    Applying source patchToFace
    Adding all faces of patches: (outlet_tm) ...
    Found matching patch outlet_tm with 10 faces
    faceSet outlet_tm_faces now size 10
Read set faceSet outlet_tm_faces size:10
    Applying source patchToFace
    Adding all faces of patches: (wall) ...
    Found matching patch wall with 558 faces
    faceSet outlet_tm_faces now size 568
Read set faceSet outlet_tm_faces size:568
    Applying source boxToFace
    Adding faces with centre within boxes 1((0.0064 -0.005 -1e-05) (0.0071 -0.00448 0.001001))
    faceSet outlet_tm_faces now size 8
Read set faceSet outlet_tm_faces size:8
    Applying source normalToFace
    Adding faces according to normal being aligned with (0.8479983 -0.52999894 0) (to within 0.3) ...
    faceSet outlet_tm_faces now size 6
Created faceSet outlet_tm_left_faces
    Applying source patchToFace
    Adding all faces of patches: (outlet_tm_left) ...
    Found matching patch outlet_tm_left with 10 faces
    faceSet outlet_tm_left_faces now size 10
Read set faceSet outlet_tm_left_faces size:10
    Applying source patchToFace
    Adding all faces of patches: (wall) ...
    Found matching patch wall with 558 faces
    faceSet outlet_tm_left_faces now size 568
Read set faceSet outlet_tm_left_faces size:568
    Applying source boxToFace
    Adding faces with centre within boxes 1((-0.0071 -0.005 -1e-05) (-0.0064 -0.00448 0.001001))
    faceSet outlet_tm_left_faces now size 8
Read set faceSet outlet_tm_left_faces size:8
    Applying source normalToFace
    Adding faces according to normal being aligned with (-0.8479983 -0.52999894 0) (to within 0.3) ...
    faceSet outlet_tm_left_faces now size 6
Created faceSet ac_inlet_faces
    Applying source patchToFace
    Adding all faces of patches: (ac_inlet) ...
    Found matching patch ac_inlet with 6 faces
    faceSet ac_inlet_faces now size 6
Read set faceSet ac_inlet_faces size:6
    Applying source patchToFace
    Adding all faces of patches: (wall) ...
    Found matching patch wall with 558 faces
    faceSet ac_inlet_faces now size 564
Read set faceSet ac_inlet_faces size:564
    Applying source patchToFace
    Adding all faces of patches: (outlet_tm) ...
    Found matching patch outlet_tm with 10 faces
    faceSet ac_inlet_faces now size 574
Read set faceSet ac_inlet_faces size:574
    Applying source boxToFace
    Adding faces with centre within boxes 1((0.00675 -0.00448 -1e-05) (0.007 -0.004 0.001001))
    faceSet ac_inlet_faces now size 6
Read set faceSet ac_inlet_faces size:6
    Applying source normalToFace
    Adding faces according to normal being aligned with (1 0 0) (to within 0.6) ...
    faceSet ac_inlet_faces now size 5
Created faceSet ac_inlet_left_faces
    Applying source patchToFace
    Adding all faces of patches: (ac_inlet_left) ...
    Found matching patch ac_inlet_left with 6 faces
    faceSet ac_inlet_left_faces now size 6
Read set faceSet ac_inlet_left_faces size:6
    Applying source patchToFace
    Adding all faces of patches: (wall) ...
    Found matching patch wall with 558 faces
    faceSet ac_inlet_left_faces now size 564
Read set faceSet ac_inlet_left_faces size:564
    Applying source patchToFace
    Adding all faces of patches: (outlet_tm_left) ...
    Found matching patch outlet_tm_left with 10 faces
    faceSet ac_inlet_left_faces now size 574
Read set faceSet ac_inlet_left_faces size:574
    Applying source boxToFace
    Adding faces with centre within boxes 1((-0.007 -0.00448 -1e-05) (-0.00675 -0.004 0.001001))
    faceSet ac_inlet_left_faces now size 6
Read set faceSet ac_inlet_left_faces size:6
    Applying source normalToFace
    Adding faces according to normal being aligned with (-1 0 0) (to within 0.6) ...
    faceSet ac_inlet_left_faces now size 5

End

/*---------------------------------------------------------------------------*\
| =========                 |                                                 |
| \\      /  F ield         | OpenFOAM: The Open Source CFD Toolbox           |
|  \\    /   O peration     | Version:  2512                                  |
|   \\  /    A nd           | Website:  www.openfoam.com                      |
|    \\/     M anipulation  |                                                 |
\*---------------------------------------------------------------------------*/
Build  : _bd2b6720-20260127 OPENFOAM=2512 version=2512
Arch   : "LSB;label=32;scalar=64"
Exec   : createPatch -overwrite -dict system/createPatchDict.anatomical
Date   : Jul 16 2026
Time   : 00:39:01
Host   : d91d304ac4f3
PID    : 240
I/O    : uncollated
Case   : /simulation/doc-g1-sim1/fluid
nProcs : 1
trapFpe: Floating point exception trapping enabled (FOAM_SIGFPE).
memory pool : not available
fileModificationChecking : Monitoring run-time modified files using timeStampMaster (fileModificationSkew 5, maxFileModificationPolls 20)
allowSystemOperations : Allowing user-supplied system call operations

// * * * * * * * * * * * * * * * * * * * * * * * * * * * * * * * * * * * * * //
Create time

Create mesh for time = 0

Reading "system/createPatchDict.anatomical"



Adding patches to mesh region0

Adding new patch front from 
{
    type            empty;
    nFaces          0;
    startFace       0;
}

Adding new patch back from 
{
    type            empty;
    nFaces          0;
    startFace       0;
}




Repatching mesh region0

Read 41242 faces from faceSet frontFaces
Read 41242 faces from faceSet backFaces
Doing topology modification to order faces.

Not synchronising points.

Removing patches with no faces in them.

Removed zero-sized patch defaultFaces type patch at position 7


Writing repatched mesh region0 to 0

End

=== changeDictionary (patch types) ===
/*---------------------------------------------------------------------------*\
| =========                 |                                                 |
| \\      /  F ield         | OpenFOAM: The Open Source CFD Toolbox           |
|  \\    /   O peration     | Version:  2512                                  |
|   \\  /    A nd           | Website:  www.openfoam.com                      |
|    \\/     M anipulation  |                                                 |
\*---------------------------------------------------------------------------*/
Build  : _bd2b6720-20260127 OPENFOAM=2512 version=2512
Arch   : "LSB;label=32;scalar=64"
Exec   : changeDictionary
Date   : Jul 16 2026
Time   : 00:39:02
Host   : d91d304ac4f3
PID    : 243
I/O    : uncollated
Case   : /simulation/doc-g1-sim1/fluid
nProcs : 1
trapFpe: Floating point exception trapping enabled (FOAM_SIGFPE).
memory pool : not available
fileModificationChecking : Monitoring run-time modified files using timeStampMaster (fileModificationSkew 5, maxFileModificationPolls 20)
allowSystemOperations : Allowing user-supplied system call operations

// * * * * * * * * * * * * * * * * * * * * * * * * * * * * * * * * * * * * * //
Create time

Create mesh for time = 0

Read dictionary changeDictionaryDict with replacements for dictionaries 1(boundary)
Reading polyMesh/boundary file to extract patch names
Loaded dictionary boundary with entries 9(wall iris_wall outlet_tm ac_inlet lens_wall ac_inlet_left outlet_tm_left front back)
Extracted patch groups:
    group empty with patches 2(front back)
Replacing entries in dictionary boundary
Special handling of boundary as polyMesh/boundary file.
Merging entries from 9(front back wall lens_wall iris_wall ac_inlet ac_inlet_left outlet_tm outlet_tm_left)
fieldDict:
{
    wall
    {
        type            wall;
        physicalType    patch;
        nFaces          558;
        startFace       61302;
    }
    iris_wall
    {
        type            wall;
        physicalType    patch;
        nFaces          226;
        startFace       61860;
    }
    outlet_tm
    {
        type            patch;
        physicalType    patch;
        nFaces          10;
        startFace       62086;
    }
    ac_inlet
    {
        type            patch;
        physicalType    patch;
        nFaces          6;
        startFace       62096;
    }
    lens_wall
    {
        type            wall;
        physicalType    patch;
        nFaces          306;
        startFace       62102;
    }
    ac_inlet_left
    {
        type            patch;
        physicalType    patch;
        nFaces          6;
        startFace       62408;
    }
    outlet_tm_left
    {
        type            patch;
        physicalType    patch;
        nFaces          10;
        startFace       62414;
    }
    front
    {
        type            empty;
        inGroups        1 ( empty );
        nFaces          41242;
        startFace       62424;
    }
    back
    {
        type            empty;
        inGroups        1 ( empty );
        nFaces          41242;
        startFace       103666;
    }
}

Writing modified boundary

End

=== initial fields ===
=== checkMesh ===
/*---------------------------------------------------------------------------*\
| =========                 |                                                 |
| \\      /  F ield         | OpenFOAM: The Open Source CFD Toolbox           |
|  \\    /   O peration     | Version:  2512                                  |
|   \\  /    A nd           | Website:  www.openfoam.com                      |
|    \\/     M anipulation  |                                                 |
\*---------------------------------------------------------------------------*/
Build  : _bd2b6720-20260127 OPENFOAM=2512 version=2512
Arch   : "LSB;label=32;scalar=64"
Exec   : checkMesh
Date   : Jul 16 2026
Time   : 00:39:02
Host   : d91d304ac4f3
PID    : 249
I/O    : uncollated
Case   : /simulation/doc-g1-sim1/fluid
nProcs : 1
trapFpe: Floating point exception trapping enabled (FOAM_SIGFPE).
memory pool : not available
fileModificationChecking : Monitoring run-time modified files using timeStampMaster (fileModificationSkew 5, maxFileModificationPolls 20)
allowSystemOperations : Allowing user-supplied system call operations

// * * * * * * * * * * * * * * * * * * * * * * * * * * * * * * * * * * * * * //
Create time

Create mesh for time = 0

Check mesh...

Time = 0

Mesh stats 
    points:           42364
    internal points:  0
    faces:            144908
    internal faces:   61302
    cells:            41242
    faces per cell:   5
    boundary patches: 9
    point zones:      0
    face zones:       0
    cell zones:       4

Overall number of cells of each type:
    hexahedra:     0
    prisms:        41242
    wedges:        0
    pyramids:      0
    tet wedges:    0
    tetrahedra:    0
    polyhedra:     0

Checking topology...
    Boundary definition OK.
    Cell to face addressing OK.
    Point usage OK.
    Upper triangular ordering OK.
    Face vertices OK.
    Number of regions: 1 (OK).

Checking patch topology for multiply connected surfaces...
    Patch               Faces    Points     Surface topology
    wall                558      1124     ok (non-closed singly connected)  
    iris_wall           226      468      ok (non-closed singly connected)  
    outlet_tm           10       22       ok (non-closed singly connected)  
    ac_inlet            6        14       ok (non-closed singly connected)  
    lens_wall           306      620      ok (non-closed singly connected)  
    ac_inlet_left       6        14       ok (non-closed singly connected)  
    outlet_tm_left      10       22       ok (non-closed singly connected)  
    front               41242    21182    ok (non-closed singly connected)  
    back                41242    21182    ok (non-closed singly connected)  
    ".*"                83606    42364    ok (closed singly connected)      


Checking faceZone topology for multiply connected surfaces...
    No faceZones found.

Checking basic cellZone addressing...
    CellZone            Cells        Points       Volume       BoundingBox
    fluid               41242        42364        1.4629709e-07 (-0.0083688305 -0.00816 0) (0.0083688305 0.0069 0.001)
    tm_zone             69           98           1.9849536e-10 (0.0064142133 -0.0048720705 0) (0.00693 -0.0041952456 0.001)
    tm_zone_left        67           96           1.9558531e-10 (-0.00693 -0.0048720705 0) (-0.0064137072 -0.0041944014 0.001)
    vitreous_zone       19682        20142        1.0167695e-07 (-0.0080734505 -0.0015483274 0) (0.0080569714 0.0069 0.001)

Checking basic pointZone addressing...
    No pointZones found.

Checking geometry...
    Overall domain bounding box (-0.0083688305 -0.00816 0) (0.0083688305 0.0069 0.001)
    Mesh has 2 geometric (non-empty/wedge) directions (1 1 0)
    Mesh has 2 solution (non-empty) directions (1 1 0)
    All edges aligned with or perpendicular to non-empty directions.
    Boundary openness (-3.5107457e-18 6.1093859e-18 -1.3698495e-15) OK.
    Max cell openness = 3.7865184e-15 OK.
    Max aspect ratio = 4.5420041 OK.
    Minimum face area = 3.4133459e-12. Maximum face area = 1.8412767e-07.  Face area magnitudes OK.
    Min volume = 3.4133459e-15. Max volume = 1.0832708e-11.  Total volume = 1.4629709e-07.  Cell volumes OK.
    Mesh non-orthogonality Max: 62.352341 average: 4.3246144
    Non-orthogonality check OK.
    Face pyramids OK.
 ***Max skewness = 4.2550004, 1 highly skew faces detected which may impair the quality of the results
  <<Writing 1 skew faces to set skewFaces
    Coupled point location match (average 0) OK.

Failed 1 mesh checks.

End

WARNING: checkMesh reported Failed (see log.checkMesh) — continuing for ParaView
=== patch / zone counts ===
  ac_inlet: 6 faces
  ac_inlet_left: 6 faces
  outlet_tm: 10 faces
  outlet_tm_left: 10 faces
  wall: 558 faces
  front: 41242 faces
  back: 41242 faces
  tm_zone: 69 cells
  tm_zone_left: 67 cells
  vitreous_zone: 19682 cells
=== simpleFoam ===
/*---------------------------------------------------------------------------*\
| =========                 |                                                 |
| \\      /  F ield         | OpenFOAM: The Open Source CFD Toolbox           |
|  \\    /   O peration     | Version:  2512                                  |
|   \\  /    A nd           | Website:  www.openfoam.com                      |
|    \\/     M anipulation  |                                                 |
\*---------------------------------------------------------------------------*/
Build  : _bd2b6720-20260127 OPENFOAM=2512 version=2512
Arch   : "LSB;label=32;scalar=64"
Exec   : simpleFoam
Date   : Jul 16 2026
Time   : 00:39:04
Host   : d91d304ac4f3
PID    : 255
I/O    : uncollated
Case   : /simulation/doc-g1-sim1/fluid
nProcs : 1
trapFpe: Floating point exception trapping enabled (FOAM_SIGFPE).
memory pool : not available
fileModificationChecking : Monitoring run-time modified files using timeStampMaster (fileModificationSkew 5, maxFileModificationPolls 20)
allowSystemOperations : Allowing user-supplied system call operations

// * * * * * * * * * * * * * * * * * * * * * * * * * * * * * * * * * * * * * //
Create time

Create mesh for time = 0


SIMPLE: convergence criteria
    field p	 tolerance 0.0001
    field U	 tolerance 1e-05

Reading field p

Reading field U

Reading/calculating face flux field phi

Selecting incompressible transport model Newtonian
Selecting turbulence model type laminar
Selecting laminar stress model Stokes
No MRF models present

Creating finite-volume options from "system/fvOptions"

Selecting finite volume options type explicitPorositySource
    Source: tm_porous
    State: active
    - selecting cells using cellZones (tm_zone)
    - selected 69 cell(s) with volume 1.9849536e-10
Porosity region tm_porous:
    selecting model: DarcyForchheimer
--> FOAM IOWarning :
    Found [v1806] 'coordinateRotation' entry instead of 'rotation' in dictionary "system/fvOptions/tm_porous/explicitPorositySourceCoeffs/DarcyForchheimerCoeffs/coordinateSystem"

    This keyword is 90 months old.

Using [v1806] 'axesRotation' instead of 'axes' in selection table: coordinateRotation

    This lookup is 90 months old.

    creating porous zone: tm_zone
    origin: (0 0 0) e1: (1 0 0) e2: (0 1 0)
    local bounds: (0.00051578665 0.00067682487 0.001)

Selecting finite volume options type explicitPorositySource
    Source: tm_porous_left
    State: active
    - selecting cells using cellZones (tm_zone_left)
    - selected 67 cell(s) with volume 1.9558531e-10
Porosity region tm_porous_left:
    selecting model: DarcyForchheimer
--> FOAM IOWarning :
    Found [v1806] 'coordinateRotation' entry instead of 'rotation' in dictionary "system/fvOptions/tm_porous_left/explicitPorositySourceCoeffs/DarcyForchheimerCoeffs/coordinateSystem"

    This keyword is 90 months old.

Using [v1806] 'axesRotation' instead of 'axes' in selection table: coordinateRotation

    This lookup is 90 months old.

    creating porous zone: tm_zone_left
    origin: (0 0 0) e1: (1 0 0) e2: (0 1 0)
    local bounds: (0.00051629278 0.00067766906 0.001)

Selecting finite volume options type explicitPorositySource
    Source: vitreous_porous
    State: active
    - selecting cells using cellZones (vitreous_zone)
    - selected 19682 cell(s) with volume 1.0167695e-07
Porosity region vitreous_porous:
    selecting model: DarcyForchheimer
--> FOAM IOWarning :
    Found [v1806] 'coordinateRotation' entry instead of 'rotation' in dictionary "system/fvOptions/vitreous_porous/explicitPorositySourceCoeffs/DarcyForchheimerCoeffs/coordinateSystem"

    This keyword is 90 months old.

Using [v1806] 'axesRotation' instead of 'axes' in selection table: coordinateRotation

    This lookup is 90 months old.

    creating porous zone: vitreous_zone
    origin: (0 0 0) e1: (1 0 0) e2: (0 1 0)
    local bounds: (0.016130422 0.0084483274 0.001)


Starting time loop

surfaceFieldValue flowRateTM:
    operation     = sum


surfaceFieldValue flowRateTM_left:
    operation     = sum


surfaceFieldValue pressureACinlet:
    operation     = areaAverage


Time = 1

smoothSolver:  Solving for Ux, Initial residual = 0.99999999, Final residual = 1.4774133e-09, No Iterations 8
smoothSolver:  Solving for Uy, Initial residual = 0.99999999, Final residual = 6.4010279e-09, No Iterations 8
DICPCG:  Solving for p, Initial residual = 0.99999987, Final residual = 0.0097391567, No Iterations 404
DICPCG:  Solving for p, Initial residual = 0.052698405, Final residual = 0.00052274565, No Iterations 22
DICPCG:  Solving for p, Initial residual = 0.0050103769, Final residual = 4.868366e-05, No Iterations 189
DICPCG:  Solving for p, Initial residual = 0.0025156273, Final residual = 2.4476417e-05, No Iterations 377
time step continuity errors : sum local = 4.6981741e-07, global = 3.1399743e-09, cumulative = 3.1399743e-09
ExecutionTime = 1.89 s  ClockTime = 1 s

Time = 2

smoothSolver:  Solving for Ux, Initial residual = 0.29296316, Final residual = 8.4141747e-09, No Iterations 5
smoothSolver:  Solving for Uy, Initial residual = 0.032944996, Final residual = 7.7040133e-09, No Iterations 4
DICPCG:  Solving for p, Initial residual = 0.11916992, Final residual = 0.0011400677, No Iterations 381
DICPCG:  Solving for p, Initial residual = 0.030678335, Final residual = 0.00030159616, No Iterations 22
DICPCG:  Solving for p, Initial residual = 0.0044528859, Final residual = 4.1514745e-05, No Iterations 188
DICPCG:  Solving for p, Initial residual = 0.0026080803, Final residual = 2.5959509e-05, No Iterations 12
time step continuity errors : sum local = 4.3109628e-07, global = 1.1709007e-08, cumulative = 1.4848982e-08
ExecutionTime = 2.41 s  ClockTime = 2 s

Time = 3

smoothSolver:  Solving for Ux, Initial residual = 0.20246367, Final residual = 5.1839626e-09, No Iterations 5
smoothSolver:  Solving for Uy, Initial residual = 0.016650037, Final residual = 3.4544637e-09, No Iterations 4
DICPCG:  Solving for p, Initial residual = 0.11243366, Final residual = 0.00095435663, No Iterations 30
DICPCG:  Solving for p, Initial residual = 0.013159754, Final residual = 0.00012535088, No Iterations 30
DICPCG:  Solving for p, Initial residual = 0.0022459148, Final residual = 2.2409896e-05, No Iterations 152
DICPCG:  Solving for p, Initial residual = 0.0013279605, Final residual = 1.2828834e-05, No Iterations 21
time step continuity errors : sum local = 1.753551e-07, global = -1.2789765e-09, cumulative = 1.3570005e-08
ExecutionTime = 2.64 s  ClockTime = 2 s

Time = 4

smoothSolver:  Solving for Ux, Initial residual = 0.14572334, Final residual = 2.7770333e-09, No Iterations 5
smoothSolver:  Solving for Uy, Initial residual = 0.011206286, Final residual = 1.6951171e-09, No Iterations 4
DICPCG:  Solving for p, Initial residual = 0.12256718, Final residual = 0.0012181613, No Iterations 332
DICPCG:  Solving for p, Initial residual = 0.038004577, Final residual = 0.00036817815, No Iterations 78
DICPCG:  Solving for p, Initial residual = 0.003893783, Final residual = 3.8895792e-05, No Iterations 196
DICPCG:  Solving for p, Initial residual = 0.0012146475, Final residual = 1.2108702e-05, No Iterations 379
time step continuity errors : sum local = 1.3812883e-07, global = 1.6697363e-09, cumulative = 1.5239742e-08
ExecutionTime = 3.43 s  ClockTime = 3 s

Time = 5

smoothSolver:  Solving for Ux, Initial residual = 0.1064586, Final residual = 6.8219345e-09, No Iterations 4
smoothSolver:  Solving for Uy, Initial residual = 0.0087044679, Final residual = 4.0457397e-09, No Iterations 3
DICPCG:  Solving for p, Initial residual = 0.11698139, Final residual = 0.0010843666, No Iterations 358
DICPCG:  Solving for p, Initial residual = 0.054998211, Final residual = 0.00052046305, No Iterations 127
DICPCG:  Solving for p, Initial residual = 0.0055995347, Final residual = 5.5254888e-05, No Iterations 108
DICPCG:  Solving for p, Initial residual = 0.0017337701, Final residual = 1.6857677e-05, No Iterations 397
time step continuity errors : sum local = 1.6491794e-07, global = 2.0547161e-10, cumulative = 1.5445213e-08
ExecutionTime = 4.25 s  ClockTime = 4 s

Time = 6

smoothSolver:  Solving for Ux, Initial residual = 0.077792371, Final residual = 9.7928905e-09, No Iterations 3
smoothSolver:  Solving for Uy, Initial residual = 0.0074092995, Final residual = 8.7139225e-09, No Iterations 2
DICPCG:  Solving for p, Initial residual = 0.099216739, Final residual = 0.00088826193, No Iterations 356
DICPCG:  Solving for p, Initial residual = 0.047310754, Final residual = 0.00045588418, No Iterations 129
DICPCG:  Solving for p, Initial residual = 0.0056371536, Final residual = 5.2995997e-05, No Iterations 94
DICPCG:  Solving for p, Initial residual = 0.0023625897, Final residual = 2.3051479e-05, No Iterations 387
time step continuity errors : sum local = 2.0180889e-07, global = 6.7725146e-09, cumulative = 2.2217728e-08
ExecutionTime = 5.09 s  ClockTime = 5 s

Time = 7

smoothSolver:  Solving for Ux, Initial residual = 0.055633881, Final residual = 4.6058465e-09, No Iterations 4
smoothSolver:  Solving for Uy, Initial residual = 0.0067049959, Final residual = 4.6713031e-09, No Iterations 3
DICPCG:  Solving for p, Initial residual = 0.081197427, Final residual = 0.0007751909, No Iterations 168
DICPCG:  Solving for p, Initial residual = 0.023478616, Final residual = 0.00023170448, No Iterations 337
DICPCG:  Solving for p, Initial residual = 0.004846558, Final residual = 4.8281596e-05, No Iterations 371
DICPCG:  Solving for p, Initial residual = 0.00091289686, Final residual = 8.5488262e-06, No Iterations 442
time step continuity errors : sum local = 7.0323816e-08, global = -2.268952e-10, cumulative = 2.1990833e-08
ExecutionTime = 6.15 s  ClockTime = 6 s

Time = 8

smoothSolver:  Solving for Ux, Initial residual = 0.038642786, Final residual = 5.2909521e-09, No Iterations 4
smoothSolver:  Solving for Uy, Initial residual = 0.0061720263, Final residual = 6.6305966e-09, No Iterations 3
DICPCG:  Solving for p, Initial residual = 0.069894054, Final residual = 0.0006900397, No Iterations 41
DICPCG:  Solving for p, Initial residual = 0.012804233, Final residual = 0.00011701214, No Iterations 78
DICPCG:  Solving for p, Initial residual = 0.0015186582, Final residual = 1.5102675e-05, No Iterations 149
DICPCG:  Solving for p, Initial residual = 0.00059581059, Final residual = 5.7229048e-06, No Iterations 388
time step continuity errors : sum local = 4.5653299e-08, global = -2.5044796e-10, cumulative = 2.1740385e-08
ExecutionTime = 6.7 s  ClockTime = 6 s

Time = 9

smoothSolver:  Solving for Ux, Initial residual = 0.025546908, Final residual = 3.9556088e-09, No Iterations 4
smoothSolver:  Solving for Uy, Initial residual = 0.0054446931, Final residual = 6.0483742e-09, No Iterations 3
DICPCG:  Solving for p, Initial residual = 0.06447234, Final residual = 0.00064395484, No Iterations 159
DICPCG:  Solving for p, Initial residual = 0.028826011, Final residual = 0.00027998338, No Iterations 340
DICPCG:  Solving for p, Initial residual = 0.0042918237, Final residual = 4.1820858e-05, No Iterations 394
DICPCG:  Solving for p, Initial residual = 0.0007819385, Final residual = 7.6111378e-06, No Iterations 432
time step continuity errors : sum local = 6.0394085e-08, global = 1.3714962e-10, cumulative = 2.1877534e-08
ExecutionTime = 7.78 s  ClockTime = 7 s

Time = 10

smoothSolver:  Solving for Ux, Initial residual = 0.015584966, Final residual = 1.6573226e-09, No Iterations 4
smoothSolver:  Solving for Uy, Initial residual = 0.0041493841, Final residual = 2.5151198e-09, No Iterations 3
DICPCG:  Solving for p, Initial residual = 0.059091255, Final residual = 0.00054380673, No Iterations 357
DICPCG:  Solving for p, Initial residual = 0.030406447, Final residual = 0.00029108131, No Iterations 26
DICPCG:  Solving for p, Initial residual = 0.003017649, Final residual = 2.9827626e-05, No Iterations 188
DICPCG:  Solving for p, Initial residual = 0.0015634094, Final residual = 1.5257309e-05, No Iterations 15
time step continuity errors : sum local = 1.1976761e-07, global = 5.4891165e-09, cumulative = 2.7366651e-08
ExecutionTime = 8.27 s  ClockTime = 8 s

surfaceFieldValue flowRateTM write:
    total faces   = 10
    total area    = 8.9558306e-07

    sum(outlet_tm) of phi = 2.5054562e-11

surfaceFieldValue flowRateTM_left write:
    total faces   = 10
    total area    = 8.9558306e-07

    sum(outlet_tm_left) of phi = 2.4946241e-11

surfaceFieldValue pressureACinlet write:
    total faces   = 6
    total area    = 7.2975638e-07

    areaAverage(ac_inlet) of p = 1.4267222

Time = 11

smoothSolver:  Solving for Ux, Initial residual = 0.0086939144, Final residual = 5.2029765e-09, No Iterations 3
smoothSolver:  Solving for Uy, Initial residual = 0.0025742631, Final residual = 1.7834363e-09, No Iterations 3
DICPCG:  Solving for p, Initial residual = 0.046822866, Final residual = 0.00045082541, No Iterations 356
DICPCG:  Solving for p, Initial residual = 0.024840207, Final residual = 0.00024560889, No Iterations 126
DICPCG:  Solving for p, Initial residual = 0.0025660782, Final residual = 2.5581788e-05, No Iterations 90
DICPCG:  Solving for p, Initial residual = 0.0010834397, Final residual = 1.0015567e-05, No Iterations 22
time step continuity errors : sum local = 7.5632454e-08, global = 1.117321e-08, cumulative = 3.8539861e-08
ExecutionTime = 8.87 s  ClockTime = 8 s

Time = 12

smoothSolver:  Solving for Ux, Initial residual = 0.0058883216, Final residual = 1.8809463e-09, No Iterations 4
smoothSolver:  Solving for Uy, Initial residual = 0.0014648779, Final residual = 4.0111466e-09, No Iterations 3
DICPCG:  Solving for p, Initial residual = 0.035647827, Final residual = 0.00035486111, No Iterations 329
DICPCG:  Solving for p, Initial residual = 0.013272194, Final residual = 0.00012356626, No Iterations 78
DICPCG:  Solving for p, Initial residual = 0.0016165992, Final residual = 1.5811572e-05, No Iterations 186
DICPCG:  Solving for p, Initial residual = 0.00078845685, Final residual = 7.8427436e-06, No Iterations 11
time step continuity errors : sum local = 5.6471404e-08, global = 6.9299432e-09, cumulative = 4.5469804e-08
ExecutionTime = 9.4 s  ClockTime = 9 s

Time = 13

smoothSolver:  Solving for Ux, Initial residual = 0.0049491669, Final residual = 2.3060487e-09, No Iterations 4
smoothSolver:  Solving for Uy, Initial residual = 0.00088206287, Final residual = 3.9216782e-09, No Iterations 3
DICPCG:  Solving for p, Initial residual = 0.033129591, Final residual = 0.00031703161, No Iterations 139
DICPCG:  Solving for p, Initial residual = 0.0098082613, Final residual = 9.789135e-05, No Iterations 28
DICPCG:  Solving for p, Initial residual = 0.0012924683, Final residual = 1.2648828e-05, No Iterations 389
DICPCG:  Solving for p, Initial residual = 0.00086887378, Final residual = 8.5238217e-06, No Iterations 17
time step continuity errors : sum local = 5.92465e-08, global = 2.3353403e-09, cumulative = 4.7805144e-08
ExecutionTime = 9.9 s  ClockTime = 9 s

Time = 14

smoothSolver:  Solving for Ux, Initial residual = 0.0051841383, Final residual = 1.764741e-09, No Iterations 4
smoothSolver:  Solving for Uy, Initial residual = 0.00072313081, Final residual = 2.452576e-09, No Iterations 3
DICPCG:  Solving for p, Initial residual = 0.033066665, Final residual = 0.00032031515, No Iterations 158
DICPCG:  Solving for p, Initial residual = 0.015684315, Final residual = 0.00014352425, No Iterations 334
DICPCG:  Solving for p, Initial residual = 0.0023971476, Final residual = 2.3533119e-05, No Iterations 396
DICPCG:  Solving for p, Initial residual = 0.00060070078, Final residual = 5.5492734e-06, No Iterations 422
time step continuity errors : sum local = 3.8205018e-08, global = -3.7096062e-11, cumulative = 4.7768048e-08
ExecutionTime = 10.95 s  ClockTime = 10 s

Time = 15

smoothSolver:  Solving for Ux, Initial residual = 0.0055558085, Final residual = 5.4703455e-09, No Iterations 3
smoothSolver:  Solving for Uy, Initial residual = 0.00076608501, Final residual = 5.1009373e-09, No Iterations 2
DICPCG:  Solving for p, Initial residual = 0.029939574, Final residual = 0.00029912428, No Iterations 330
DICPCG:  Solving for p, Initial residual = 0.016687012, Final residual = 0.00016362767, No Iterations 152
DICPCG:  Solving for p, Initial residual = 0.0016975485, Final residual = 1.6301341e-05, No Iterations 97
DICPCG:  Solving for p, Initial residual = 0.00052318809, Final residual = 5.079669e-06, No Iterations 390
time step continuity errors : sum local = 3.479641e-08, global = -1.8750379e-10, cumulative = 4.7580545e-08
ExecutionTime = 11.78 s  ClockTime = 11 s

Time = 16

smoothSolver:  Solving for Ux, Initial residual = 0.0054667624, Final residual = 4.4845785e-09, No Iterations 3
smoothSolver:  Solving for Uy, Initial residual = 0.00078701673, Final residual = 6.6503202e-09, No Iterations 2
DICPCG:  Solving for p, Initial residual = 0.023753936, Final residual = 0.00022884362, No Iterations 354
DICPCG:  Solving for p, Initial residual = 0.011295911, Final residual = 0.00011101699, No Iterations 126
DICPCG:  Solving for p, Initial residual = 0.0011570085, Final residual = 1.0745844e-05, No Iterations 438
DICPCG:  Solving for p, Initial residual = 0.00044001228, Final residual = 4.2462415e-06, No Iterations 202
time step continuity errors : sum local = 2.9386222e-08, global = -1.5039569e-09, cumulative = 4.6076588e-08
ExecutionTime = 12.81 s  ClockTime = 12 s

Time = 17

smoothSolver:  Solving for Ux, Initial residual = 0.0050250438, Final residual = 7.2111349e-09, No Iterations 3
smoothSolver:  Solving for Uy, Initial residual = 0.00077234794, Final residual = 1.8737142e-09, No Iterations 3
DICPCG:  Solving for p, Initial residual = 0.018870025, Final residual = 0.00018465764, No Iterations 214
DICPCG:  Solving for p, Initial residual = 0.0063108665, Final residual = 6.2917768e-05, No Iterations 342
DICPCG:  Solving for p, Initial residual = 0.0013958722, Final residual = 1.3634626e-05, No Iterations 394
DICPCG:  Solving for p, Initial residual = 0.00047099917, Final residual = 4.5023657e-06, No Iterations 415
time step continuity errors : sum local = 3.175672e-08, global = -6.2155973e-12, cumulative = 4.6070372e-08
ExecutionTime = 14.02 s  ClockTime = 14 s

Time = 18

smoothSolver:  Solving for Ux, Initial residual = 0.0043236601, Final residual = 7.9102469e-09, No Iterations 3
smoothSolver:  Solving for Uy, Initial residual = 0.00071556343, Final residual = 1.9526491e-09, No Iterations 3
DICPCG:  Solving for p, Initial residual = 0.020143092, Final residual = 0.00019474824, No Iterations 139
DICPCG:  Solving for p, Initial residual = 0.0050305861, Final residual = 4.5166732e-05, No Iterations 24
DICPCG:  Solving for p, Initial residual = 0.00063911979, Final residual = 5.935986e-06, No Iterations 390
DICPCG:  Solving for p, Initial residual = 0.00040099637, Final residual = 3.8795952e-06, No Iterations 392
time step continuity errors : sum local = 2.7995251e-08, global = 4.7581704e-11, cumulative = 4.6117954e-08
ExecutionTime = 14.87 s  ClockTime = 14 s

Time = 19

smoothSolver:  Solving for Ux, Initial residual = 0.003578932, Final residual = 5.6099099e-09, No Iterations 3
smoothSolver:  Solving for Uy, Initial residual = 0.00061847382, Final residual = 8.0458777e-09, No Iterations 2
DICPCG:  Solving for p, Initial residual = 0.019988893, Final residual = 0.00019111906, No Iterations 156
DICPCG:  Solving for p, Initial residual = 0.0069753038, Final residual = 6.8574356e-05, No Iterations 201
DICPCG:  Solving for p, Initial residual = 0.00089658742, Final residual = 8.1010759e-06, No Iterations 339
DICPCG:  Solving for p, Initial residual = 0.00056032562, Final residual = 5.0532106e-06, No Iterations 413
time step continuity errors : sum local = 3.7040141e-08, global = -1.412497e-10, cumulative = 4.5976704e-08
ExecutionTime = 15.77 s  ClockTime = 15 s

Time = 20

smoothSolver:  Solving for Ux, Initial residual = 0.0028466435, Final residual = 2.483445e-09, No Iterations 3
smoothSolver:  Solving for Uy, Initial residual = 0.00050437164, Final residual = 3.2237169e-09, No Iterations 2
DICPCG:  Solving for p, Initial residual = 0.015858491, Final residual = 0.00015491791, No Iterations 210
DICPCG:  Solving for p, Initial residual = 0.0075038215, Final residual = 7.1349901e-05, No Iterations 30
DICPCG:  Solving for p, Initial residual = 0.00069675857, Final residual = 6.6571367e-06, No Iterations 379
DICPCG:  Solving for p, Initial residual = 0.00062211318, Final residual = 6.1478549e-06, No Iterations 386
time step continuity errors : sum local = 4.5507444e-08, global = -2.4782493e-10, cumulative = 4.5728879e-08
ExecutionTime = 16.56 s  ClockTime = 16 s

surfaceFieldValue flowRateTM write:
    sum(outlet_tm) of phi = 2.50622e-11

surfaceFieldValue flowRateTM_left write:
    sum(outlet_tm_left) of phi = 2.4937764e-11

surfaceFieldValue pressureACinlet write:
    areaAverage(ac_inlet) of p = 1.4129755

Time = 21

smoothSolver:  Solving for Ux, Initial residual = 0.0021718679, Final residual = 2.2491099e-09, No Iterations 3
smoothSolver:  Solving for Uy, Initial residual = 0.00038950655, Final residual = 4.0266408e-09, No Iterations 2
DICPCG:  Solving for p, Initial residual = 0.012734287, Final residual = 0.0001244618, No Iterations 216
DICPCG:  Solving for p, Initial residual = 0.0060089165, Final residual = 5.9526427e-05, No Iterations 335
DICPCG:  Solving for p, Initial residual = 0.00098063162, Final residual = 9.6970285e-06, No Iterations 362
DICPCG:  Solving for p, Initial residual = 0.00029499457, Final residual = 2.6218109e-06, No Iterations 424
time step continuity errors : sum local = 1.9516033e-08, global = -9.6437092e-11, cumulative = 4.5632442e-08
ExecutionTime = 17.7 s  ClockTime = 17 s

Time = 22

smoothSolver:  Solving for Ux, Initial residual = 0.0016089672, Final residual = 3.4923396e-09, No Iterations 3
smoothSolver:  Solving for Uy, Initial residual = 0.00028661171, Final residual = 7.1252167e-09, No Iterations 2
DICPCG:  Solving for p, Initial residual = 0.012198263, Final residual = 0.00011060796, No Iterations 192
DICPCG:  Solving for p, Initial residual = 0.0033160903, Final residual = 3.2778183e-05, No Iterations 346
DICPCG:  Solving for p, Initial residual = 0.00055017929, Final residual = 5.3532212e-06, No Iterations 358
DICPCG:  Solving for p, Initial residual = 0.00013033701, Final residual = 1.1743388e-06, No Iterations 415
time step continuity errors : sum local = 8.7787506e-09, global = -2.8999292e-11, cumulative = 4.5603443e-08
ExecutionTime = 18.75 s  ClockTime = 18 s

Time = 23

smoothSolver:  Solving for Ux, Initial residual = 0.0012021653, Final residual = 3.6850569e-09, No Iterations 3
smoothSolver:  Solving for Uy, Initial residual = 0.00020924737, Final residual = 6.5904689e-09, No Iterations 2
DICPCG:  Solving for p, Initial residual = 0.013167851, Final residual = 0.00012047632, No Iterations 140
DICPCG:  Solving for p, Initial residual = 0.0028444437, Final residual = 2.7656744e-05, No Iterations 95
DICPCG:  Solving for p, Initial residual = 0.00039477039, Final residual = 3.7841152e-06, No Iterations 335
DICPCG:  Solving for p, Initial residual = 0.0002764327, Final residual = 2.5871121e-06, No Iterations 348
time step continuity errors : sum local = 1.9206314e-08, global = -7.6053089e-11, cumulative = 4.552739e-08
ExecutionTime = 19.84 s  ClockTime = 19 s

Time = 24

smoothSolver:  Solving for Ux, Initial residual = 0.00093945041, Final residual = 2.4614003e-09, No Iterations 3
smoothSolver:  Solving for Uy, Initial residual = 0.00015703591, Final residual = 3.7589526e-09, No Iterations 2
DICPCG:  Solving for p, Initial residual = 0.012364925, Final residual = 0.0001196041, No Iterations 141
DICPCG:  Solving for p, Initial residual = 0.0035286244, Final residual = 3.3737976e-05, No Iterations 28
DICPCG:  Solving for p, Initial residual = 0.00040347048, Final residual = 3.9749385e-06, No Iterations 358
DICPCG:  Solving for p, Initial residual = 0.00025748691, Final residual = 2.5579608e-06, No Iterations 67
time step continuity errors : sum local = 1.8914638e-08, global = 2.5574673e-09, cumulative = 4.8084857e-08
ExecutionTime = 20.37 s  ClockTime = 20 s

Time = 25

smoothSolver:  Solving for Ux, Initial residual = 0.00077418597, Final residual = 1.7601459e-09, No Iterations 3
smoothSolver:  Solving for Uy, Initial residual = 0.0001210099, Final residual = 1.8143753e-09, No Iterations 2
DICPCG:  Solving for p, Initial residual = 0.0093133782, Final residual = 9.0071627e-05, No Iterations 191
DICPCG:  Solving for p, Initial residual = 0.003305755, Final residual = 3.2343271e-05, No Iterations 152
DICPCG:  Solving for p, Initial residual = 0.0004001545, Final residual = 3.7411037e-06, No Iterations 362
DICPCG:  Solving for p, Initial residual = 0.00032829401, Final residual = 3.269341e-06, No Iterations 404
time step continuity errors : sum local = 2.4126596e-08, global = -1.2786917e-10, cumulative = 4.7956988e-08
ExecutionTime = 21.25 s  ClockTime = 21 s

Time = 26

smoothSolver:  Solving for Ux, Initial residual = 0.00066470118, Final residual = 2.0282299e-09, No Iterations 3
smoothSolver:  Solving for Uy, Initial residual = 0.00010681041, Final residual = 2.4051809e-09, No Iterations 2
DICPCG:  Solving for p, Initial residual = 0.0073374717, Final residual = 6.9632947e-05, No Iterations 211
DICPCG:  Solving for p, Initial residual = 0.0023868206, Final residual = 2.3175928e-05, No Iterations 334
DICPCG:  Solving for p, Initial residual = 0.00046481388, Final residual = 4.5960101e-06, No Iterations 401
DICPCG:  Solving for p, Initial residual = 0.00018203494, Final residual = 1.8169398e-06, No Iterations 104
time step continuity errors : sum local = 1.3367116e-08, global = 1.2907944e-09, cumulative = 4.9247782e-08
ExecutionTime = 22.08 s  ClockTime = 22 s

Time = 27

smoothSolver:  Solving for Ux, Initial residual = 0.00057197014, Final residual = 2.4250295e-09, No Iterations 3
smoothSolver:  Solving for Uy, Initial residual = 9.6089056e-05, Final residual = 3.499779e-09, No Iterations 2
DICPCG:  Solving for p, Initial residual = 0.0076171827, Final residual = 7.0499501e-05, No Iterations 206
DICPCG:  Solving for p, Initial residual = 0.0015297672, Final residual = 1.4600037e-05, No Iterations 337
DICPCG:  Solving for p, Initial residual = 0.00030563625, Final residual = 2.9762943e-06, No Iterations 413
DICPCG:  Solving for p, Initial residual = 0.00010588312, Final residual = 9.7418516e-07, No Iterations 363
time step continuity errors : sum local = 7.2097248e-09, global = 2.6795872e-11, cumulative = 4.9274578e-08
ExecutionTime = 23.1 s  ClockTime = 23 s

Time = 28

smoothSolver:  Solving for Ux, Initial residual = 0.00051948132, Final residual = 2.3158689e-09, No Iterations 3
smoothSolver:  Solving for Uy, Initial residual = 8.5701552e-05, Final residual = 3.2965618e-09, No Iterations 2
DICPCG:  Solving for p, Initial residual = 0.0082622781, Final residual = 8.1093381e-05, No Iterations 159
DICPCG:  Solving for p, Initial residual = 0.0016694758, Final residual = 1.6661351e-05, No Iterations 100
DICPCG:  Solving for p, Initial residual = 0.00026430593, Final residual = 2.5716365e-06, No Iterations 330
DICPCG:  Solving for p, Initial residual = 0.00016687145, Final residual = 1.6438142e-06, No Iterations 381
time step continuity errors : sum local = 1.2144865e-08, global = 8.0702989e-11, cumulative = 4.9355281e-08
ExecutionTime = 23.87 s  ClockTime = 23 s

Time = 29

smoothSolver:  Solving for Ux, Initial residual = 0.00048900645, Final residual = 1.6728617e-09, No Iterations 3
smoothSolver:  Solving for Uy, Initial residual = 7.9497359e-05, Final residual = 2.1011261e-09, No Iterations 2
DICPCG:  Solving for p, Initial residual = 0.0073773169, Final residual = 7.1678925e-05, No Iterations 95
DICPCG:  Solving for p, Initial residual = 0.0018979641, Final residual = 1.8846744e-05, No Iterations 141
DICPCG:  Solving for p, Initial residual = 0.00033046577, Final residual = 3.2267364e-06, No Iterations 83
DICPCG:  Solving for p, Initial residual = 0.00016478489, Final residual = 1.6336229e-06, No Iterations 21
time step continuity errors : sum local = 1.2032852e-08, global = -3.4754299e-09, cumulative = 4.5879851e-08
ExecutionTime = 24.18 s  ClockTime = 24 s

Time = 30

smoothSolver:  Solving for Ux, Initial residual = 0.00045612987, Final residual = 6.3790728e-09, No Iterations 2
smoothSolver:  Solving for Uy, Initial residual = 7.2226071e-05, Final residual = 6.7197118e-09, No Iterations 1
DICPCG:  Solving for p, Initial residual = 0.0051486813, Final residual = 4.8608881e-05, No Iterations 207
DICPCG:  Solving for p, Initial residual = 0.0017126399, Final residual = 1.6813156e-05, No Iterations 22
DICPCG:  Solving for p, Initial residual = 0.00026582381, Final residual = 2.6444678e-06, No Iterations 353
DICPCG:  Solving for p, Initial residual = 0.00018217534, Final residual = 1.7849524e-06, No Iterations 412
time step continuity errors : sum local = 1.3207103e-08, global = 1.1505489e-10, cumulative = 4.5994906e-08
ExecutionTime = 24.96 s  ClockTime = 24 s

surfaceFieldValue flowRateTM write:
    sum(outlet_tm) of phi = 2.5045415e-11

surfaceFieldValue flowRateTM_left write:
    sum(outlet_tm_left) of phi = 2.4954602e-11

surfaceFieldValue pressureACinlet write:
    areaAverage(ac_inlet) of p = 1.4143422

Time = 31

smoothSolver:  Solving for Ux, Initial residual = 0.0004069306, Final residual = 6.9596407e-09, No Iterations 2
smoothSolver:  Solving for Uy, Initial residual = 6.304937e-05, Final residual = 8.0834323e-09, No Iterations 1
DICPCG:  Solving for p, Initial residual = 0.0040325426, Final residual = 3.906656e-05, No Iterations 209
DICPCG:  Solving for p, Initial residual = 0.0011171903, Final residual = 1.0717183e-05, No Iterations 335
DICPCG:  Solving for p, Initial residual = 0.00020847861, Final residual = 2.0827547e-06, No Iterations 366
DICPCG:  Solving for p, Initial residual = 9.1776077e-05, Final residual = 8.8036048e-07, No Iterations 26
time step continuity errors : sum local = 6.496887e-09, global = -3.3288933e-10, cumulative = 4.5662017e-08
ExecutionTime = 25.71 s  ClockTime = 25 s

Time = 32

smoothSolver:  Solving for Ux, Initial residual = 0.00034006592, Final residual = 6.9886843e-09, No Iterations 2
smoothSolver:  Solving for Uy, Initial residual = 5.2552006e-05, Final residual = 1.6221996e-09, No Iterations 2
DICPCG:  Solving for p, Initial residual = 0.0047888554, Final residual = 4.2080636e-05, No Iterations 205
DICPCG:  Solving for p, Initial residual = 0.00091884236, Final residual = 9.1480817e-06, No Iterations 23
DICPCG:  Solving for p, Initial residual = 0.00014124864, Final residual = 1.3180956e-06, No Iterations 354
DICPCG:  Solving for p, Initial residual = 0.00011178722, Final residual = 1.1137477e-06, No Iterations 415
time step continuity errors : sum local = 8.2656512e-09, global = -5.800829e-11, cumulative = 4.5604008e-08
ExecutionTime = 26.53 s  ClockTime = 26 s

Time = 33

smoothSolver:  Solving for Ux, Initial residual = 0.00026751991, Final residual = 5.0693566e-09, No Iterations 2
smoothSolver:  Solving for Uy, Initial residual = 4.207341e-05, Final residual = 9.4747164e-09, No Iterations 1
DICPCG:  Solving for p, Initial residual = 0.0051719542, Final residual = 5.113879e-05, No Iterations 122
DICPCG:  Solving for p, Initial residual = 0.00096367189, Final residual = 8.6663954e-06, No Iterations 192
DICPCG:  Solving for p, Initial residual = 0.0002006819, Final residual = 1.7939142e-06, No Iterations 332
DICPCG:  Solving for p, Initial residual = 0.00010816056, Final residual = 1.0661265e-06, No Iterations 35
time step continuity errors : sum local = 7.8571678e-09, global = 1.0555083e-09, cumulative = 4.6659517e-08
ExecutionTime = 27.08 s  ClockTime = 27 s

Time = 34

smoothSolver:  Solving for Ux, Initial residual = 0.0001982578, Final residual = 3.2704795e-09, No Iterations 2
smoothSolver:  Solving for Uy, Initial residual = 3.342946e-05, Final residual = 6.5816349e-09, No Iterations 1
DICPCG:  Solving for p, Initial residual = 0.0043132507, Final residual = 4.2813608e-05, No Iterations 96
DICPCG:  Solving for p, Initial residual = 0.00092334667, Final residual = 8.9496814e-06, No Iterations 138
DICPCG:  Solving for p, Initial residual = 0.00015208841, Final residual = 1.50972e-06, No Iterations 38
DICPCG:  Solving for p, Initial residual = 6.1451201e-05, Final residual = 6.1123918e-07, No Iterations 333
time step continuity errors : sum local = 4.5544385e-09, global = 1.9999453e-11, cumulative = 4.6679516e-08
ExecutionTime = 27.58 s  ClockTime = 27 s

Time = 35

smoothSolver:  Solving for Ux, Initial residual = 0.00014836205, Final residual = 4.5703234e-09, No Iterations 2
smoothSolver:  Solving for Uy, Initial residual = 2.6367093e-05, Final residual = 5.3818441e-09, No Iterations 1
DICPCG:  Solving for p, Initial residual = 0.003134193, Final residual = 2.9647221e-05, No Iterations 194
DICPCG:  Solving for p, Initial residual = 0.0008016427, Final residual = 7.9850946e-06, No Iterations 28
DICPCG:  Solving for p, Initial residual = 9.6766282e-05, Final residual = 9.6407618e-07, No Iterations 347
DICPCG:  Solving for p, Initial residual = 6.4898228e-05, Final residual = 6.0379062e-07, No Iterations 389
time step continuity errors : sum local = 4.4971527e-09, global = 3.9022518e-11, cumulative = 4.6718539e-08
ExecutionTime = 28.34 s  ClockTime = 28 s

Time = 36

smoothSolver:  Solving for Ux, Initial residual = 0.0001120639, Final residual = 5.5999836e-09, No Iterations 2
smoothSolver:  Solving for Uy, Initial residual = 2.0091606e-05, Final residual = 5.8506161e-09, No Iterations 1
DICPCG:  Solving for p, Initial residual = 0.0027568029, Final residual = 2.4739213e-05, No Iterations 206
DICPCG:  Solving for p, Initial residual = 0.00056567374, Final residual = 5.44922e-06, No Iterations 135
DICPCG:  Solving for p, Initial residual = 7.9324532e-05, Final residual = 7.8440546e-07, No Iterations 354
DICPCG:  Solving for p, Initial residual = 5.6994836e-05, Final residual = 5.6445675e-07, No Iterations 361
time step continuity errors : sum local = 4.2063113e-09, global = 3.4298904e-11, cumulative = 4.6752838e-08
ExecutionTime = 29.17 s  ClockTime = 29 s

Time = 37

smoothSolver:  Solving for Ux, Initial residual = 9.3113901e-05, Final residual = 5.7934344e-09, No Iterations 2
smoothSolver:  Solving for Uy, Initial residual = 1.561512e-05, Final residual = 6.4962518e-09, No Iterations 1
DICPCG:  Solving for p, Initial residual = 0.0028181607, Final residual = 2.6781326e-05, No Iterations 198
DICPCG:  Solving for p, Initial residual = 0.00054465918, Final residual = 4.9303324e-06, No Iterations 24
DICPCG:  Solving for p, Initial residual = 7.3732701e-05, Final residual = 7.1828392e-07, No Iterations 372
DICPCG:  Solving for p, Initial residual = 4.9639726e-05, Final residual = 4.8415491e-07, No Iterations 45
time step continuity errors : sum local = 3.5729397e-09, global = -3.3071215e-13, cumulative = 4.6752507e-08
ExecutionTime = 29.69 s  ClockTime = 29 s

Time = 38

smoothSolver:  Solving for Ux, Initial residual = 7.8693374e-05, Final residual = 5.409209e-09, No Iterations 2
smoothSolver:  Solving for Uy, Initial residual = 1.2776222e-05, Final residual = 5.716526e-09, No Iterations 1
DICPCG:  Solving for p, Initial residual = 0.0027567628, Final residual = 2.7410341e-05, No Iterations 104
DICPCG:  Solving for p, Initial residual = 0.00054348936, Final residual = 5.2825645e-06, No Iterations 47
DICPCG:  Solving for p, Initial residual = 7.7440105e-05, Final residual = 7.7416392e-07, No Iterations 193
DICPCG:  Solving for p, Initial residual = 4.5578698e-05, Final residual = 4.3754253e-07, No Iterations 320
time step continuity errors : sum local = 3.2698366e-09, global = 2.1806852e-11, cumulative = 4.6774314e-08
ExecutionTime = 30.23 s  ClockTime = 30 s

Time = 39

smoothSolver:  Solving for Ux, Initial residual = 7.2356076e-05, Final residual = 4.6164698e-09, No Iterations 2
smoothSolver:  Solving for Uy, Initial residual = 1.0712424e-05, Final residual = 4.3834239e-09, No Iterations 1
DICPCG:  Solving for p, Initial residual = 0.0022257196, Final residual = 2.0503856e-05, No Iterations 103
DICPCG:  Solving for p, Initial residual = 0.00046416942, Final residual = 4.4827069e-06, No Iterations 145
DICPCG:  Solving for p, Initial residual = 9.0168086e-05, Final residual = 8.8236215e-07, No Iterations 38
DICPCG:  Solving for p, Initial residual = 4.2864322e-05, Final residual = 4.0938902e-07, No Iterations 321
time step continuity errors : sum local = 3.0687478e-09, global = -3.7272798e-11, cumulative = 4.6737041e-08
ExecutionTime = 30.73 s  ClockTime = 30 s

Time = 40

smoothSolver:  Solving for Ux, Initial residual = 6.5057423e-05, Final residual = 4.2726132e-09, No Iterations 2
smoothSolver:  Solving for Uy, Initial residual = 9.1297296e-06, Final residual = 3.9525466e-09, No Iterations 1
DICPCG:  Solving for p, Initial residual = 0.0016949295, Final residual = 1.6492691e-05, No Iterations 195
DICPCG:  Solving for p, Initial residual = 0.00032549709, Final residual = 3.1858963e-06, No Iterations 26
DICPCG:  Solving for p, Initial residual = 6.914486e-05, Final residual = 6.8838035e-07, No Iterations 345
DICPCG:  Solving for p, Initial residual = 4.8038561e-05, Final residual = 4.3465174e-07, No Iterations 18
time step continuity errors : sum local = 3.2024257e-09, global = -2.142821e-10, cumulative = 4.6522759e-08
ExecutionTime = 31.21 s  ClockTime = 31 s

surfaceFieldValue flowRateTM write:
    sum(outlet_tm) of phi = 2.5036219e-11

surfaceFieldValue flowRateTM_left write:
    sum(outlet_tm_left) of phi = 2.496375e-11

surfaceFieldValue pressureACinlet write:
    areaAverage(ac_inlet) of p = 1.4142132

Time = 41

smoothSolver:  Solving for Ux, Initial residual = 5.6169207e-05, Final residual = 3.729968e-09, No Iterations 2
smoothSolver:  Solving for Uy, Initial residual = 7.8572462e-06, Final residual = 3.8097731e-09, No Iterations 1
DICPCG:  Solving for p, Initial residual = 0.0015746494, Final residual = 1.5148619e-05, No Iterations 105
DICPCG:  Solving for p, Initial residual = 0.00028098204, Final residual = 2.7866439e-06, No Iterations 119
DICPCG:  Solving for p, Initial residual = 7.5356961e-05, Final residual = 7.3331396e-07, No Iterations 25
DICPCG:  Solving for p, Initial residual = 4.6940654e-05, Final residual = 4.5093003e-07, No Iterations 22
time step continuity errors : sum local = 3.3235058e-09, global = -1.9618763e-10, cumulative = 4.6326571e-08
ExecutionTime = 31.47 s  ClockTime = 31 s

Time = 42

smoothSolver:  Solving for Ux, Initial residual = 4.6570392e-05, Final residual = 2.9490161e-09, No Iterations 2
smoothSolver:  Solving for Uy, Initial residual = 6.586031e-06, Final residual = 3.3541862e-09, No Iterations 1
DICPCG:  Solving for p, Initial residual = 0.0015074855, Final residual = 1.4867475e-05, No Iterations 115
DICPCG:  Solving for p, Initial residual = 0.00030714574, Final residual = 3.0546531e-06, No Iterations 141
DICPCG:  Solving for p, Initial residual = 7.1239168e-05, Final residual = 6.7008829e-07, No Iterations 322
DICPCG:  Solving for p, Initial residual = 5.1424298e-05, Final residual = 5.1171635e-07, No Iterations 28
time step continuity errors : sum local = 3.772151e-09, global = 6.5541103e-10, cumulative = 4.6981982e-08
ExecutionTime = 31.96 s  ClockTime = 31 s

Time = 43

smoothSolver:  Solving for Ux, Initial residual = 3.8167434e-05, Final residual = 2.2759902e-09, No Iterations 2
smoothSolver:  Solving for Uy, Initial residual = 5.4870676e-06, Final residual = 2.8636933e-09, No Iterations 1
DICPCG:  Solving for p, Initial residual = 0.0013159184, Final residual = 1.2773867e-05, No Iterations 134
DICPCG:  Solving for p, Initial residual = 0.00031025955, Final residual = 3.0905921e-06, No Iterations 177
DICPCG:  Solving for p, Initial residual = 7.111672e-05, Final residual = 6.9432648e-07, No Iterations 30
DICPCG:  Solving for p, Initial residual = 4.484632e-05, Final residual = 4.2719225e-07, No Iterations 333
time step continuity errors : sum local = 3.2029504e-09, global = -2.0522632e-12, cumulative = 4.697993e-08
ExecutionTime = 32.52 s  ClockTime = 32 s

Time = 44

smoothSolver:  Solving for Ux, Initial residual = 2.9386277e-05, Final residual = 2.5186923e-09, No Iterations 2
smoothSolver:  Solving for Uy, Initial residual = 4.3607729e-06, Final residual = 2.9427832e-09, No Iterations 1
DICPCG:  Solving for p, Initial residual = 0.0010347557, Final residual = 1.0197444e-05, No Iterations 97
DICPCG:  Solving for p, Initial residual = 0.00023064302, Final residual = 2.13944e-06, No Iterations 183
DICPCG:  Solving for p, Initial residual = 5.9965737e-05, Final residual = 5.8288427e-07, No Iterations 18
DICPCG:  Solving for p, Initial residual = 3.9200536e-05, Final residual = 3.9090064e-07, No Iterations 324
time step continuity errors : sum local = 2.9333101e-09, global = -2.6562965e-13, cumulative = 4.6979664e-08
ExecutionTime = 33.02 s  ClockTime = 33 s

Time = 45

smoothSolver:  Solving for Ux, Initial residual = 2.1171458e-05, Final residual = 3.1002756e-09, No Iterations 2
smoothSolver:  Solving for Uy, Initial residual = 3.3072442e-06, Final residual = 3.1931336e-09, No Iterations 1
DICPCG:  Solving for p, Initial residual = 0.00096542396, Final residual = 9.0287097e-06, No Iterations 94
DICPCG:  Solving for p, Initial residual = 0.00015147697, Final residual = 1.4633561e-06, No Iterations 133
DICPCG:  Solving for p, Initial residual = 4.3425843e-05, Final residual = 4.3100664e-07, No Iterations 164
DICPCG:  Solving for p, Initial residual = 3.4432949e-05, Final residual = 3.4331634e-07, No Iterations 19
time step continuity errors : sum local = 2.5341368e-09, global = -1.5891963e-12, cumulative = 4.6978075e-08
ExecutionTime = 33.39 s  ClockTime = 33 s

Time = 46

smoothSolver:  Solving for Ux, Initial residual = 1.5082721e-05, Final residual = 3.1518809e-09, No Iterations 2
smoothSolver:  Solving for Uy, Initial residual = 2.5043999e-06, Final residual = 3.2312379e-09, No Iterations 1
DICPCG:  Solving for p, Initial residual = 0.00096409717, Final residual = 9.5860276e-06, No Iterations 105
DICPCG:  Solving for p, Initial residual = 0.00016473385, Final residual = 1.6397014e-06, No Iterations 130
DICPCG:  Solving for p, Initial residual = 5.1707291e-05, Final residual = 5.1316645e-07, No Iterations 89
DICPCG:  Solving for p, Initial residual = 3.5250572e-05, Final residual = 3.5213839e-07, No Iterations 19
time step continuity errors : sum local = 2.5980862e-09, global = -9.3382161e-10, cumulative = 4.6044254e-08
ExecutionTime = 33.69 s  ClockTime = 33 s

Time = 47

smoothSolver:  Solving for Ux, Initial residual = 1.2061053e-05, Final residual = 2.9159553e-09, No Iterations 2
smoothSolver:  Solving for Uy, Initial residual = 1.9040479e-06, Final residual = 3.0062458e-09, No Iterations 1
DICPCG:  Solving for p, Initial residual = 0.00087695087, Final residual = 8.51447e-06, No Iterations 208
DICPCG:  Solving for p, Initial residual = 0.00017800628, Final residual = 1.7279298e-06, No Iterations 21
DICPCG:  Solving for p, Initial residual = 4.3878967e-05, Final residual = 4.1339984e-07, No Iterations 332
DICPCG:  Solving for p, Initial residual = 3.6019928e-05, Final residual = 3.3705942e-07, No Iterations 19
time step continuity errors : sum local = 2.4885941e-09, global = 5.535781e-11, cumulative = 4.6099611e-08
ExecutionTime = 34.17 s  ClockTime = 34 s

Time = 48

smoothSolver:  Solving for Ux, Initial residual = 1.0685128e-05, Final residual = 2.7328782e-09, No Iterations 2
smoothSolver:  Solving for Uy, Initial residual = 1.5194715e-06, Final residual = 2.8060681e-09, No Iterations 1
DICPCG:  Solving for p, Initial residual = 0.000726654, Final residual = 7.2651583e-06, No Iterations 168
DICPCG:  Solving for p, Initial residual = 0.00015569389, Final residual = 1.5133435e-06, No Iterations 174
DICPCG:  Solving for p, Initial residual = 4.5151439e-05, Final residual = 4.4278745e-07, No Iterations 32
DICPCG:  Solving for p, Initial residual = 3.3531859e-05, Final residual = 3.2882278e-07, No Iterations 24
time step continuity errors : sum local = 2.4299933e-09, global = -5.3856164e-10, cumulative = 4.556105e-08
ExecutionTime = 34.53 s  ClockTime = 34 s

Time = 49

smoothSolver:  Solving for Ux, Initial residual = 9.6343593e-06, Final residual = 2.6274985e-09, No Iterations 2
smoothSolver:  Solving for Uy, Initial residual = 1.3833014e-06, Final residual = 2.6941526e-09, No Iterations 1
DICPCG:  Solving for p, Initial residual = 0.00062442827, Final residual = 6.2065872e-06, No Iterations 46
DICPCG:  Solving for p, Initial residual = 0.0001088286, Final residual = 1.0667891e-06, No Iterations 63
DICPCG:  Solving for p, Initial residual = 3.9994943e-05, Final residual = 3.9891496e-07, No Iterations 27
DICPCG:  Solving for p, Initial residual = 3.3066621e-05, Final residual = 3.0347143e-07, No Iterations 313
time step continuity errors : sum local = 2.2935592e-09, global = -8.6480391e-12, cumulative = 4.5552402e-08
ExecutionTime = 34.91 s  ClockTime = 34 s

Time = 50

smoothSolver:  Solving for Ux, Initial residual = 8.4019809e-06, Final residual = 2.4673285e-09, No Iterations 2
smoothSolver:  Solving for Uy, Initial residual = 1.3056397e-06, Final residual = 2.5455431e-09, No Iterations 1
DICPCG:  Solving for p, Initial residual = 0.00060882574, Final residual = 5.8380738e-06, No Iterations 104
DICPCG:  Solving for p, Initial residual = 9.5998794e-05, Final residual = 9.5682113e-07, No Iterations 168
DICPCG:  Solving for p, Initial residual = 4.5220943e-05, Final residual = 4.4246457e-07, No Iterations 24
DICPCG:  Solving for p, Initial residual = 3.4550202e-05, Final residual = 3.4239411e-07, No Iterations 97
time step continuity errors : sum local = 2.5508151e-09, global = 2.3472003e-10, cumulative = 4.5787122e-08
ExecutionTime = 35.35 s  ClockTime = 35 s

surfaceFieldValue flowRateTM write:
    sum(outlet_tm) of phi = 2.5029241e-11

surfaceFieldValue flowRateTM_left write:
    sum(outlet_tm_left) of phi = 2.4970793e-11

surfaceFieldValue pressureACinlet write:
    areaAverage(ac_inlet) of p = 1.4142214

Time = 51

smoothSolver:  Solving for Ux, Initial residual = 6.9734986e-06, Final residual = 2.2565148e-09, No Iterations 2
smoothSolver:  Solving for Uy, Initial residual = 1.1904287e-06, Final residual = 2.3318117e-09, No Iterations 1
DICPCG:  Solving for p, Initial residual = 0.00057463981, Final residual = 5.0922271e-06, No Iterations 206
DICPCG:  Solving for p, Initial residual = 0.00010770234, Final residual = 1.0669247e-06, No Iterations 24
DICPCG:  Solving for p, Initial residual = 4.1168573e-05, Final residual = 4.0498901e-07, No Iterations 88
DICPCG:  Solving for p, Initial residual = 3.5357243e-05, Final residual = 3.4877998e-07, No Iterations 24
time step continuity errors : sum local = 2.5770291e-09, global = 8.3257775e-10, cumulative = 4.66197e-08
ExecutionTime = 35.66 s  ClockTime = 35 s

Time = 52

smoothSolver:  Solving for Ux, Initial residual = 5.6115876e-06, Final residual = 2.1105154e-09, No Iterations 2
smoothSolver:  Solving for Uy, Initial residual = 1.0285507e-06, Final residual = 2.1800574e-09, No Iterations 1
DICPCG:  Solving for p, Initial residual = 0.00050044046, Final residual = 4.604638e-06, No Iterations 208
DICPCG:  Solving for p, Initial residual = 0.00010317236, Final residual = 9.6647091e-07, No Iterations 24
DICPCG:  Solving for p, Initial residual = 4.0105123e-05, Final residual = 3.9736531e-07, No Iterations 89
DICPCG:  Solving for p, Initial residual = 3.4847237e-05, Final residual = 3.4190558e-07, No Iterations 25
time step continuity errors : sum local = 2.5260991e-09, global = 6.8506537e-10, cumulative = 4.7304765e-08
ExecutionTime = 35.96 s  ClockTime = 36 s

Time = 53

smoothSolver:  Solving for Ux, Initial residual = 4.4856621e-06, Final residual = 2.0892283e-09, No Iterations 2
smoothSolver:  Solving for Uy, Initial residual = 8.5708534e-07, Final residual = 2.156721e-09, No Iterations 1
DICPCG:  Solving for p, Initial residual = 0.00044317757, Final residual = 4.3344006e-06, No Iterations 103
DICPCG:  Solving for p, Initial residual = 8.4277434e-05, Final residual = 8.4258997e-07, No Iterations 155
DICPCG:  Solving for p, Initial residual = 3.9747733e-05, Final residual = 3.8422885e-07, No Iterations 73
DICPCG:  Solving for p, Initial residual = 3.2967882e-05, Final residual = 3.1953627e-07, No Iterations 22
time step continuity errors : sum local = 2.3621729e-09, global = 7.9940584e-10, cumulative = 4.8104171e-08
ExecutionTime = 36.31 s  ClockTime = 36 s

Time = 54

smoothSolver:  Solving for Ux, Initial residual = 3.6682698e-06, Final residual = 2.1355113e-09, No Iterations 2
smoothSolver:  Solving for Uy, Initial residual = 6.8174733e-07, Final residual = 2.1797413e-09, No Iterations 1
DICPCG:  Solving for p, Initial residual = 0.00043221065, Final residual = 4.1592145e-06, No Iterations 33
DICPCG:  Solving for p, Initial residual = 6.6373676e-05, Final residual = 6.4365169e-07, No Iterations 145
DICPCG:  Solving for p, Initial residual = 3.657981e-05, Final residual = 3.5656184e-07, No Iterations 19
DICPCG:  Solving for p, Initial residual = 3.1350235e-05, Final residual = 2.946692e-07, No Iterations 20
time step continuity errors : sum local = 2.1774541e-09, global = 5.4779097e-10, cumulative = 4.8651962e-08
ExecutionTime = 36.54 s  ClockTime = 36 s

Time = 55

smoothSolver:  Solving for Ux, Initial residual = 2.8686787e-06, Final residual = 2.1485085e-09, No Iterations 2
smoothSolver:  Solving for Uy, Initial residual = 5.3438223e-07, Final residual = 2.1912051e-09, No Iterations 1
DICPCG:  Solving for p, Initial residual = 0.00042460408, Final residual = 4.0830967e-06, No Iterations 140
DICPCG:  Solving for p, Initial residual = 6.604527e-05, Final residual = 6.3627672e-07, No Iterations 177
DICPCG:  Solving for p, Initial residual = 3.6312281e-05, Final residual = 3.3584054e-07, No Iterations 19
DICPCG:  Solving for p, Initial residual = 3.0834465e-05, Final residual = 2.697678e-07, No Iterations 19
time step continuity errors : sum local = 1.9958568e-09, global = 2.7094098e-10, cumulative = 4.8922903e-08
ExecutionTime = 36.89 s  ClockTime = 36 s

Time = 56

smoothSolver:  Solving for Ux, Initial residual = 2.3737452e-06, Final residual = 2.1125179e-09, No Iterations 2
smoothSolver:  Solving for Uy, Initial residual = 4.1438956e-07, Final residual = 2.1669442e-09, No Iterations 1
DICPCG:  Solving for p, Initial residual = 0.0003934934, Final residual = 3.8520621e-06, No Iterations 153
DICPCG:  Solving for p, Initial residual = 6.6877472e-05, Final residual = 6.6762751e-07, No Iterations 163
DICPCG:  Solving for p, Initial residual = 3.5189392e-05, Final residual = 3.271535e-07, No Iterations 20
DICPCG:  Solving for p, Initial residual = 3.032446e-05, Final residual = 2.5881285e-07, No Iterations 19
time step continuity errors : sum local = 1.9162462e-09, global = 1.5776818e-10, cumulative = 4.9080671e-08
ExecutionTime = 37.31 s  ClockTime = 37 s

Time = 57

smoothSolver:  Solving for Ux, Initial residual = 1.9569081e-06, Final residual = 2.0554343e-09, No Iterations 2
smoothSolver:  Solving for Uy, Initial residual = 3.1291067e-07, Final residual = 2.1284158e-09, No Iterations 1
DICPCG:  Solving for p, Initial residual = 0.00035612014, Final residual = 3.5289918e-06, No Iterations 48
DICPCG:  Solving for p, Initial residual = 5.8962509e-05, Final residual = 5.6629034e-07, No Iterations 184
DICPCG:  Solving for p, Initial residual = 3.4149427e-05, Final residual = 3.3419793e-07, No Iterations 19
DICPCG:  Solving for p, Initial residual = 2.9782365e-05, Final residual = 2.7137519e-07, No Iterations 19
time step continuity errors : sum local = 2.0088323e-09, global = 2.1273836e-10, cumulative = 4.9293409e-08
ExecutionTime = 37.65 s  ClockTime = 37 s

Time = 58

smoothSolver:  Solving for Ux, Initial residual = 1.6028272e-06, Final residual = 1.9809104e-09, No Iterations 2
smoothSolver:  Solving for Uy, Initial residual = 2.3500826e-07, Final residual = 2.0655657e-09, No Iterations 1
DICPCG:  Solving for p, Initial residual = 0.00033478206, Final residual = 3.2660284e-06, No Iterations 29
DICPCG:  Solving for p, Initial residual = 5.2560469e-05, Final residual = 4.9262446e-07, No Iterations 83
DICPCG:  Solving for p, Initial residual = 3.2899409e-05, Final residual = 3.1010535e-07, No Iterations 20
DICPCG:  Solving for p, Initial residual = 2.989778e-05, Final residual = 2.8595552e-07, No Iterations 20
time step continuity errors : sum local = 2.1153236e-09, global = 8.305416e-10, cumulative = 5.0123951e-08
ExecutionTime = 37.82 s  ClockTime = 37 s

Time = 59

smoothSolver:  Solving for Ux, Initial residual = 1.3431446e-06, Final residual = 1.9032541e-09, No Iterations 2
smoothSolver:  Solving for Uy, Initial residual = 1.8770942e-07, Final residual = 1.9823563e-09, No Iterations 1
DICPCG:  Solving for p, Initial residual = 0.00032089255, Final residual = 3.1519619e-06, No Iterations 97
DICPCG:  Solving for p, Initial residual = 5.1751771e-05, Final residual = 4.8506928e-07, No Iterations 134
DICPCG:  Solving for p, Initial residual = 3.3922981e-05, Final residual = 3.2715584e-07, No Iterations 19
DICPCG:  Solving for p, Initial residual = 2.9898233e-05, Final residual = 2.9730472e-07, No Iterations 20
time step continuity errors : sum local = 2.1964599e-09, global = 5.4804499e-10, cumulative = 5.0671996e-08
ExecutionTime = 38.09 s  ClockTime = 38 s

Time = 60

smoothSolver:  Solving for Ux, Initial residual = 1.1491927e-06, Final residual = 1.839501e-09, No Iterations 2
smoothSolver:  Solving for Uy, Initial residual = 1.5721867e-07, Final residual = 1.893779e-09, No Iterations 1
DICPCG:  Solving for p, Initial residual = 0.0003021551, Final residual = 2.956868e-06, No Iterations 137
DICPCG:  Solving for p, Initial residual = 5.1310511e-05, Final residual = 4.8341758e-07, No Iterations 156
DICPCG:  Solving for p, Initial residual = 3.3891662e-05, Final residual = 3.3329724e-07, No Iterations 18
DICPCG:  Solving for p, Initial residual = 3.0144177e-05, Final residual = 2.7467638e-07, No Iterations 20
time step continuity errors : sum local = 2.0313699e-09, global = 5.2763005e-10, cumulative = 5.1199626e-08
ExecutionTime = 38.4 s  ClockTime = 38 s

surfaceFieldValue flowRateTM write:
    sum(outlet_tm) of phi = 2.5024503e-11

surfaceFieldValue flowRateTM_left write:
    sum(outlet_tm_left) of phi = 2.4975574e-11

surfaceFieldValue pressureACinlet write:
    areaAverage(ac_inlet) of p = 1.4142204

Time = 61

smoothSolver:  Solving for Ux, Initial residual = 9.8855469e-07, Final residual = 1.7991237e-09, No Iterations 2
smoothSolver:  Solving for Uy, Initial residual = 1.4384703e-07, Final residual = 1.8292499e-09, No Iterations 1
DICPCG:  Solving for p, Initial residual = 0.00028181908, Final residual = 2.8168369e-06, No Iterations 82
DICPCG:  Solving for p, Initial residual = 4.7603985e-05, Final residual = 4.6296926e-07, No Iterations 188
DICPCG:  Solving for p, Initial residual = 3.3686588e-05, Final residual = 3.055269e-07, No Iterations 19
DICPCG:  Solving for p, Initial residual = 2.9910264e-05, Final residual = 2.9872696e-07, No Iterations 19
time step continuity errors : sum local = 2.2080172e-09, global = 5.5040048e-10, cumulative = 5.1750026e-08
ExecutionTime = 38.7 s  ClockTime = 38 s

Time = 62

smoothSolver:  Solving for Ux, Initial residual = 8.5781059e-07, Final residual = 1.7796323e-09, No Iterations 2
smoothSolver:  Solving for Uy, Initial residual = 1.3471031e-07, Final residual = 1.7921446e-09, No Iterations 1
DICPCG:  Solving for p, Initial residual = 0.00027020376, Final residual = 2.6864402e-06, No Iterations 37
DICPCG:  Solving for p, Initial residual = 4.3336501e-05, Final residual = 4.0837357e-07, No Iterations 148
DICPCG:  Solving for p, Initial residual = 3.164994e-05, Final residual = 2.9986033e-07, No Iterations 19
DICPCG:  Solving for p, Initial residual = 2.9706196e-05, Final residual = 2.7694401e-07, No Iterations 20
time step continuity errors : sum local = 2.0481566e-09, global = 4.3943168e-10, cumulative = 5.2189458e-08
ExecutionTime = 38.93 s  ClockTime = 39 s

Time = 63

smoothSolver:  Solving for Ux, Initial residual = 7.4677201e-07, Final residual = 1.767929e-09, No Iterations 2
smoothSolver:  Solving for Uy, Initial residual = 1.2413447e-07, Final residual = 1.7687092e-09, No Iterations 1
DICPCG:  Solving for p, Initial residual = 0.00026516919, Final residual = 2.4948095e-06, No Iterations 27
DICPCG:  Solving for p, Initial residual = 4.1252753e-05, Final residual = 4.0468087e-07, No Iterations 190
DICPCG:  Solving for p, Initial residual = 3.2109584e-05, Final residual = 2.8991787e-07, No Iterations 19
DICPCG:  Solving for p, Initial residual = 2.9458941e-05, Final residual = 2.7170721e-07, No Iterations 19
time step continuity errors : sum local = 2.0096946e-09, global = 4.9620536e-10, cumulative = 5.2685663e-08
ExecutionTime = 39.2 s  ClockTime = 39 s

Time = 64

smoothSolver:  Solving for Ux, Initial residual = 6.396307e-07, Final residual = 1.7553889e-09, No Iterations 2
smoothSolver:  Solving for Uy, Initial residual = 1.1108976e-07, Final residual = 1.7504406e-09, No Iterations 1
DICPCG:  Solving for p, Initial residual = 0.00025528826, Final residual = 2.4219745e-06, No Iterations 20
DICPCG:  Solving for p, Initial residual = 4.0314851e-05, Final residual = 3.917226e-07, No Iterations 195
DICPCG:  Solving for p, Initial residual = 3.2214812e-05, Final residual = 3.1984344e-07, No Iterations 18
DICPCG:  Solving for p, Initial residual = 2.932735e-05, Final residual = 2.5215162e-07, No Iterations 19
time step continuity errors : sum local = 1.8678886e-09, global = 4.0912747e-10, cumulative = 5.3094791e-08
ExecutionTime = 39.45 s  ClockTime = 39 s

Time = 65

smoothSolver:  Solving for Ux, Initial residual = 5.4908059e-07, Final residual = 1.73456e-09, No Iterations 2
smoothSolver:  Solving for Uy, Initial residual = 9.5655391e-08, Final residual = 1.7306665e-09, No Iterations 1
DICPCG:  Solving for p, Initial residual = 0.00024201074, Final residual = 2.1787604e-06, No Iterations 22
DICPCG:  Solving for p, Initial residual = 3.9241441e-05, Final residual = 3.9144046e-07, No Iterations 189
DICPCG:  Solving for p, Initial residual = 3.1282445e-05, Final residual = 2.7486951e-07, No Iterations 19
DICPCG:  Solving for p, Initial residual = 2.9150606e-05, Final residual = 2.9139586e-07, No Iterations 18
time step continuity errors : sum local = 2.1556083e-09, global = 3.6447637e-10, cumulative = 5.3459267e-08
ExecutionTime = 39.73 s  ClockTime = 39 s

Time = 66

smoothSolver:  Solving for Ux, Initial residual = 4.6887945e-07, Final residual = 1.7022352e-09, No Iterations 2
smoothSolver:  Solving for Uy, Initial residual = 7.8900166e-08, Final residual = 1.7046871e-09, No Iterations 1
DICPCG:  Solving for p, Initial residual = 0.0002303846, Final residual = 2.1603045e-06, No Iterations 21
DICPCG:  Solving for p, Initial residual = 3.8534057e-05, Final residual = 3.7640309e-07, No Iterations 85
DICPCG:  Solving for p, Initial residual = 3.0732226e-05, Final residual = 2.8201454e-07, No Iterations 19
DICPCG:  Solving for p, Initial residual = 2.9062265e-05, Final residual = 2.5222212e-07, No Iterations 19
time step continuity errors : sum local = 1.8675524e-09, global = 3.0129528e-10, cumulative = 5.3760563e-08
ExecutionTime = 39.93 s  ClockTime = 40 s

Time = 67

smoothSolver:  Solving for Ux, Initial residual = 3.8205497e-07, Final residual = 1.6605146e-09, No Iterations 2
smoothSolver:  Solving for Uy, Initial residual = 6.2656315e-08, Final residual = 1.6689098e-09, No Iterations 1
DICPCG:  Solving for p, Initial residual = 0.00022085291, Final residual = 2.1854625e-06, No Iterations 20
DICPCG:  Solving for p, Initial residual = 3.8320739e-05, Final residual = 3.7784337e-07, No Iterations 196
DICPCG:  Solving for p, Initial residual = 3.1388546e-05, Final residual = 2.7764559e-07, No Iterations 19
DICPCG:  Solving for p, Initial residual = 2.8838008e-05, Final residual = 2.4934019e-07, No Iterations 19
time step continuity errors : sum local = 1.8476417e-09, global = 3.066678e-10, cumulative = 5.406723e-08
ExecutionTime = 40.25 s  ClockTime = 40 s

Time = 68

smoothSolver:  Solving for Ux, Initial residual = 3.0926566e-07, Final residual = 1.6156135e-09, No Iterations 2
smoothSolver:  Solving for Uy, Initial residual = 4.8781966e-08, Final residual = 1.6252559e-09, No Iterations 1
DICPCG:  Solving for p, Initial residual = 0.00021190125, Final residual = 2.1183286e-06, No Iterations 65
DICPCG:  Solving for p, Initial residual = 3.8755535e-05, Final residual = 3.8356181e-07, No Iterations 162
DICPCG:  Solving for p, Initial residual = 3.1061029e-05, Final residual = 2.8349431e-07, No Iterations 19
DICPCG:  Solving for p, Initial residual = 2.8698147e-05, Final residual = 2.651234e-07, No Iterations 19
time step continuity errors : sum local = 1.9614588e-09, global = 2.8799898e-10, cumulative = 5.4355229e-08
ExecutionTime = 40.52 s  ClockTime = 40 s

Time = 69

smoothSolver:  Solving for Ux, Initial residual = 2.5380888e-07, Final residual = 9.951619e-09, No Iterations 1
smoothSolver:  Solving for Uy, Initial residual = 3.9063117e-08, Final residual = 1.5808253e-09, No Iterations 1
DICPCG:  Solving for p, Initial residual = 0.00020257574, Final residual = 1.9588332e-06, No Iterations 34
DICPCG:  Solving for p, Initial residual = 3.7343273e-05, Final residual = 3.5101549e-07, No Iterations 195
DICPCG:  Solving for p, Initial residual = 3.0930382e-05, Final residual = 2.749312e-07, No Iterations 19
DICPCG:  Solving for p, Initial residual = 2.8637492e-05, Final residual = 2.4797982e-07, No Iterations 19
time step continuity errors : sum local = 1.8374829e-09, global = 3.1821106e-10, cumulative = 5.467344e-08
ExecutionTime = 40.82 s  ClockTime = 40 s

Time = 70

smoothSolver:  Solving for Ux, Initial residual = 2.151594e-07, Final residual = 9.7773469e-09, No Iterations 1
smoothSolver:  Solving for Uy, Initial residual = 3.310317e-08, Final residual = 1.5283232e-09, No Iterations 1
DICPCG:  Solving for p, Initial residual = 0.00019486812, Final residual = 1.8549744e-06, No Iterations 27
DICPCG:  Solving for p, Initial residual = 3.6499642e-05, Final residual = 3.4038363e-07, No Iterations 108
DICPCG:  Solving for p, Initial residual = 3.0138361e-05, Final residual = 2.939251e-07, No Iterations 19
DICPCG:  Solving for p, Initial residual = 2.8615621e-05, Final residual = 2.8076204e-07, No Iterations 19
time step continuity errors : sum local = 2.0753085e-09, global = 6.8718071e-10, cumulative = 5.5360621e-08
ExecutionTime = 41.05 s  ClockTime = 41 s

surfaceFieldValue flowRateTM write:
    sum(outlet_tm) of phi = 2.5021287e-11

surfaceFieldValue flowRateTM_left write:
    sum(outlet_tm_left) of phi = 2.4978814e-11

surfaceFieldValue pressureACinlet write:
    areaAverage(ac_inlet) of p = 1.4142205

Time = 71

smoothSolver:  Solving for Ux, Initial residual = 1.8810115e-07, Final residual = 9.6776843e-09, No Iterations 1
smoothSolver:  Solving for Uy, Initial residual = 2.8870514e-08, Final residual = 1.4775894e-09, No Iterations 1
DICPCG:  Solving for p, Initial residual = 0.00018949097, Final residual = 1.8236145e-06, No Iterations 25
DICPCG:  Solving for p, Initial residual = 3.5083259e-05, Final residual = 3.36751e-07, No Iterations 35
DICPCG:  Solving for p, Initial residual = 2.9441976e-05, Final residual = 2.771375e-07, No Iterations 22
DICPCG:  Solving for p, Initial residual = 2.8484516e-05, Final residual = 2.6409333e-07, No Iterations 20
time step continuity errors : sum local = 1.9531189e-09, global = 1.3430338e-10, cumulative = 5.5494924e-08
ExecutionTime = 41.2 s  ClockTime = 41 s

Time = 72

smoothSolver:  Solving for Ux, Initial residual = 1.6749947e-07, Final residual = 9.6084385e-09, No Iterations 1
smoothSolver:  Solving for Uy, Initial residual = 2.6634963e-08, Final residual = 1.4351225e-09, No Iterations 1
DICPCG:  Solving for p, Initial residual = 0.00018436711, Final residual = 1.723731e-06, No Iterations 24
DICPCG:  Solving for p, Initial residual = 3.4375144e-05, Final residual = 3.3162777e-07, No Iterations 189
DICPCG:  Solving for p, Initial residual = 2.9759091e-05, Final residual = 2.6588748e-07, No Iterations 19
DICPCG:  Solving for p, Initial residual = 2.8437896e-05, Final residual = 2.455304e-07, No Iterations 19
time step continuity errors : sum local = 1.8177825e-09, global = 4.3171571e-10, cumulative = 5.592664e-08
ExecutionTime = 41.45 s  ClockTime = 41 s

Time = 73

smoothSolver:  Solving for Ux, Initial residual = 1.5144416e-07, Final residual = 9.5111497e-09, No Iterations 1
smoothSolver:  Solving for Uy, Initial residual = 2.4699125e-08, Final residual = 1.4033954e-09, No Iterations 1
DICPCG:  Solving for p, Initial residual = 0.00017874978, Final residual = 1.6678408e-06, No Iterations 22
DICPCG:  Solving for p, Initial residual = 3.3909298e-05, Final residual = 3.384745e-07, No Iterations 193
DICPCG:  Solving for p, Initial residual = 2.9871968e-05, Final residual = 2.6393887e-07, No Iterations 19
DICPCG:  Solving for p, Initial residual = 2.8437656e-05, Final residual = 2.8374645e-07, No Iterations 18
time step continuity errors : sum local = 2.0994369e-09, global = 3.8774567e-10, cumulative = 5.6314386e-08
ExecutionTime = 41.7 s  ClockTime = 41 s

Time = 74

smoothSolver:  Solving for Ux, Initial residual = 1.4021108e-07, Final residual = 9.3799636e-09, No Iterations 1
smoothSolver:  Solving for Uy, Initial residual = 2.2944969e-08, Final residual = 1.3821135e-09, No Iterations 1
DICPCG:  Solving for p, Initial residual = 0.00017313722, Final residual = 1.6316631e-06, No Iterations 17
DICPCG:  Solving for p, Initial residual = 3.3668794e-05, Final residual = 3.3151356e-07, No Iterations 42
DICPCG:  Solving for p, Initial residual = 2.9363825e-05, Final residual = 2.8989292e-07, No Iterations 22
DICPCG:  Solving for p, Initial residual = 2.8404626e-05, Final residual = 2.626778e-07, No Iterations 20
time step continuity errors : sum local = 1.9436791e-09, global = -1.5239188e-10, cumulative = 5.6161994e-08
ExecutionTime = 41.83 s  ClockTime = 41 s

Time = 75

smoothSolver:  Solving for Ux, Initial residual = 1.3050461e-07, Final residual = 9.2054018e-09, No Iterations 1
smoothSolver:  Solving for Uy, Initial residual = 2.1420123e-08, Final residual = 1.3657406e-09, No Iterations 1
DICPCG:  Solving for p, Initial residual = 0.00016799833, Final residual = 1.5287007e-06, No Iterations 17
DICPCG:  Solving for p, Initial residual = 3.3517846e-05, Final residual = 3.3262749e-07, No Iterations 63
DICPCG:  Solving for p, Initial residual = 2.960972e-05, Final residual = 2.9419118e-07, No Iterations 19
DICPCG:  Solving for p, Initial residual = 2.8413037e-05, Final residual = 2.628089e-07, No Iterations 19
time step continuity errors : sum local = 1.9445518e-09, global = 1.5591636e-10, cumulative = 5.631791e-08
ExecutionTime = 41.98 s  ClockTime = 42 s

Time = 76

smoothSolver:  Solving for Ux, Initial residual = 1.217715e-07, Final residual = 9.018561e-09, No Iterations 1
smoothSolver:  Solving for Uy, Initial residual = 1.967188e-08, Final residual = 1.3505772e-09, No Iterations 1
DICPCG:  Solving for p, Initial residual = 0.00016348816, Final residual = 1.6050083e-06, No Iterations 20
DICPCG:  Solving for p, Initial residual = 3.3846932e-05, Final residual = 3.368166e-07, No Iterations 120
DICPCG:  Solving for p, Initial residual = 3.0024353e-05, Final residual = 2.7659e-07, No Iterations 19
DICPCG:  Solving for p, Initial residual = 2.8514874e-05, Final residual = 2.6012257e-07, No Iterations 19
time step continuity errors : sum local = 1.9262401e-09, global = 4.391607e-10, cumulative = 5.6757071e-08
ExecutionTime = 42.16 s  ClockTime = 42 s

Time = 77

smoothSolver:  Solving for Ux, Initial residual = 1.1378048e-07, Final residual = 8.8167683e-09, No Iterations 1
smoothSolver:  Solving for Uy, Initial residual = 1.7948076e-08, Final residual = 1.3320513e-09, No Iterations 1
DICPCG:  Solving for p, Initial residual = 0.00015895781, Final residual = 1.5613464e-06, No Iterations 22
DICPCG:  Solving for p, Initial residual = 3.3563664e-05, Final residual = 3.0667856e-07, No Iterations 201
DICPCG:  Solving for p, Initial residual = 3.0182416e-05, Final residual = 2.6260693e-07, No Iterations 19
DICPCG:  Solving for p, Initial residual = 2.8621632e-05, Final residual = 2.8142308e-07, No Iterations 18
time step continuity errors : sum local = 2.0822046e-09, global = 1.5718086e-10, cumulative = 5.6914252e-08
ExecutionTime = 42.4 s  ClockTime = 42 s

Time = 78

smoothSolver:  Solving for Ux, Initial residual = 1.0433005e-07, Final residual = 8.6321522e-09, No Iterations 1
smoothSolver:  Solving for Uy, Initial residual = 1.6202848e-08, Final residual = 1.3087089e-09, No Iterations 1
DICPCG:  Solving for p, Initial residual = 0.00015498854, Final residual = 1.4592722e-06, No Iterations 21
DICPCG:  Solving for p, Initial residual = 3.3198983e-05, Final residual = 3.1589324e-07, No Iterations 201
DICPCG:  Solving for p, Initial residual = 3.0175612e-05, Final residual = 2.5804532e-07, No Iterations 19
DICPCG:  Solving for p, Initial residual = 2.8570899e-05, Final residual = 2.7506592e-07, No Iterations 18
time step continuity errors : sum local = 2.0366364e-09, global = 1.8441487e-10, cumulative = 5.7098667e-08
ExecutionTime = 42.64 s  ClockTime = 42 s

Time = 79

smoothSolver:  Solving for Ux, Initial residual = 9.4067298e-08, Final residual = 8.4719733e-09, No Iterations 1
smoothSolver:  Solving for Uy, Initial residual = 1.4432874e-08, Final residual = 1.2819019e-09, No Iterations 1
DICPCG:  Solving for p, Initial residual = 0.00015207911, Final residual = 1.4490421e-06, No Iterations 17
DICPCG:  Solving for p, Initial residual = 3.2909599e-05, Final residual = 3.0137342e-07, No Iterations 203
DICPCG:  Solving for p, Initial residual = 3.0137976e-05, Final residual = 2.5730928e-07, No Iterations 19
DICPCG:  Solving for p, Initial residual = 2.856877e-05, Final residual = 2.3610302e-07, No Iterations 19
time step continuity errors : sum local = 1.749573e-09, global = 1.7937949e-10, cumulative = 5.7278046e-08
ExecutionTime = 42.89 s  ClockTime = 42 s

Time = 80

smoothSolver:  Solving for Ux, Initial residual = 8.518991e-08, Final residual = 8.3350445e-09, No Iterations 1
smoothSolver:  Solving for Uy, Initial residual = 1.3022937e-08, Final residual = 1.2538505e-09, No Iterations 1
DICPCG:  Solving for p, Initial residual = 0.00014955611, Final residual = 1.4340232e-06, No Iterations 15
DICPCG:  Solving for p, Initial residual = 3.2943293e-05, Final residual = 2.7712055e-07, No Iterations 204
DICPCG:  Solving for p, Initial residual = 3.0168762e-05, Final residual = 2.6480298e-07, No Iterations 19
DICPCG:  Solving for p, Initial residual = 2.8804839e-05, Final residual = 2.4049054e-07, No Iterations 19
time step continuity errors : sum local = 1.7820287e-09, global = 1.4956789e-10, cumulative = 5.7427614e-08
ExecutionTime = 43.14 s  ClockTime = 43 s

surfaceFieldValue flowRateTM write:
    sum(outlet_tm) of phi = 2.5019158e-11

surfaceFieldValue flowRateTM_left write:
    sum(outlet_tm_left) of phi = 2.4980863e-11

surfaceFieldValue pressureACinlet write:
    areaAverage(ac_inlet) of p = 1.4142205

Time = 81

smoothSolver:  Solving for Ux, Initial residual = 7.9388398e-08, Final residual = 8.2114372e-09, No Iterations 1
smoothSolver:  Solving for Uy, Initial residual = 1.2104583e-08, Final residual = 1.2266156e-09, No Iterations 1
DICPCG:  Solving for p, Initial residual = 0.00014699559, Final residual = 1.4305526e-06, No Iterations 14
DICPCG:  Solving for p, Initial residual = 3.2935621e-05, Final residual = 3.213562e-07, No Iterations 205
DICPCG:  Solving for p, Initial residual = 2.999461e-05, Final residual = 2.816188e-07, No Iterations 19
DICPCG:  Solving for p, Initial residual = 2.8841977e-05, Final residual = 2.5448178e-07, No Iterations 19
time step continuity errors : sum local = 1.8840211e-09, global = 8.8519122e-11, cumulative = 5.7516133e-08
ExecutionTime = 43.38 s  ClockTime = 43 s

Time = 82

smoothSolver:  Solving for Ux, Initial residual = 7.667426e-08, Final residual = 8.0920768e-09, No Iterations 1
smoothSolver:  Solving for Uy, Initial residual = 1.1624557e-08, Final residual = 1.2017486e-09, No Iterations 1
DICPCG:  Solving for p, Initial residual = 0.00014405822, Final residual = 1.3314865e-06, No Iterations 14
DICPCG:  Solving for p, Initial residual = 3.2884621e-05, Final residual = 3.2342773e-07, No Iterations 88
DICPCG:  Solving for p, Initial residual = 2.9994127e-05, Final residual = 2.8125217e-07, No Iterations 20
DICPCG:  Solving for p, Initial residual = 2.892514e-05, Final residual = 2.8031305e-07, No Iterations 19
time step continuity errors : sum local = 2.0734945e-09, global = 5.2697474e-10, cumulative = 5.8043108e-08
ExecutionTime = 43.53 s  ClockTime = 43 s

Time = 83

smoothSolver:  Solving for Ux, Initial residual = 7.4028036e-08, Final residual = 7.9617722e-09, No Iterations 1
smoothSolver:  Solving for Uy, Initial residual = 1.1230708e-08, Final residual = 1.1798845e-09, No Iterations 1
DICPCG:  Solving for p, Initial residual = 0.00014124521, Final residual = 1.3461216e-06, No Iterations 14
DICPCG:  Solving for p, Initial residual = 3.2890346e-05, Final residual = 3.1948108e-07, No Iterations 206
DICPCG:  Solving for p, Initial residual = 3.0027546e-05, Final residual = 2.8789105e-07, No Iterations 19
DICPCG:  Solving for p, Initial residual = 2.8898464e-05, Final residual = 2.5944358e-07, No Iterations 19
time step continuity errors : sum local = 1.9195967e-09, global = 3.3540102e-11, cumulative = 5.8076648e-08
ExecutionTime = 43.77 s  ClockTime = 43 s

Time = 84

smoothSolver:  Solving for Ux, Initial residual = 7.1746433e-08, Final residual = 7.8345625e-09, No Iterations 1
smoothSolver:  Solving for Uy, Initial residual = 1.0832798e-08, Final residual = 1.1602217e-09, No Iterations 1
DICPCG:  Solving for p, Initial residual = 0.00013850919, Final residual = 1.2513347e-06, No Iterations 15
DICPCG:  Solving for p, Initial residual = 3.300139e-05, Final residual = 2.9355053e-07, No Iterations 206
DICPCG:  Solving for p, Initial residual = 3.0144003e-05, Final residual = 2.7980426e-07, No Iterations 19
DICPCG:  Solving for p, Initial residual = 2.8998728e-05, Final residual = 2.6653037e-07, No Iterations 19
time step continuity errors : sum local = 1.9713211e-09, global = 2.9033769e-11, cumulative = 5.8105682e-08
ExecutionTime = 44.03 s  ClockTime = 44 s

Time = 85

smoothSolver:  Solving for Ux, Initial residual = 6.9273154e-08, Final residual = 7.7005718e-09, No Iterations 1
smoothSolver:  Solving for Uy, Initial residual = 1.0454266e-08, Final residual = 1.1418664e-09, No Iterations 1
DICPCG:  Solving for p, Initial residual = 0.00013580564, Final residual = 1.3245389e-06, No Iterations 15
DICPCG:  Solving for p, Initial residual = 3.3030137e-05, Final residual = 2.9051023e-07, No Iterations 206
DICPCG:  Solving for p, Initial residual = 3.0111713e-05, Final residual = 2.9069196e-07, No Iterations 19
DICPCG:  Solving for p, Initial residual = 2.8935892e-05, Final residual = 2.6565524e-07, No Iterations 19
time step continuity errors : sum local = 1.9649663e-09, global = 1.6593021e-11, cumulative = 5.8122275e-08
ExecutionTime = 44.29 s  ClockTime = 44 s

Time = 86

smoothSolver:  Solving for Ux, Initial residual = 6.6397446e-08, Final residual = 7.5633575e-09, No Iterations 1
smoothSolver:  Solving for Uy, Initial residual = 1.0088157e-08, Final residual = 1.1237044e-09, No Iterations 1
DICPCG:  Solving for p, Initial residual = 0.00013337728, Final residual = 1.3287978e-06, No Iterations 16
DICPCG:  Solving for p, Initial residual = 3.2768334e-05, Final residual = 3.1447151e-07, No Iterations 206
DICPCG:  Solving for p, Initial residual = 2.9924732e-05, Final residual = 2.9419634e-07, No Iterations 19
DICPCG:  Solving for p, Initial residual = 2.876567e-05, Final residual = 2.6518917e-07, No Iterations 19
time step continuity errors : sum local = 1.9613533e-09, global = -2.552738e-12, cumulative = 5.8119722e-08
ExecutionTime = 44.54 s  ClockTime = 44 s

Time = 87

smoothSolver:  Solving for Ux, Initial residual = 6.3664609e-08, Final residual = 7.4287881e-09, No Iterations 1
smoothSolver:  Solving for Uy, Initial residual = 9.7266549e-09, Final residual = 9.7266549e-09, No Iterations 0
DICPCG:  Solving for p, Initial residual = 0.00013530898, Final residual = 1.2011862e-06, No Iterations 82
DICPCG:  Solving for p, Initial residual = 4.4624302e-05, Final residual = 4.1837585e-07, No Iterations 129
DICPCG:  Solving for p, Initial residual = 3.1530545e-05, Final residual = 2.9401146e-07, No Iterations 20
DICPCG:  Solving for p, Initial residual = 2.9062277e-05, Final residual = 2.7831435e-07, No Iterations 19
time step continuity errors : sum local = 2.0576445e-09, global = 2.9446425e-10, cumulative = 5.8414186e-08
ExecutionTime = 44.78 s  ClockTime = 44 s

Time = 88

smoothSolver:  Solving for Ux, Initial residual = 5.9452388e-08, Final residual = 7.0363787e-09, No Iterations 1
smoothSolver:  Solving for Uy, Initial residual = 1.0013063e-08, Final residual = 1.185667e-09, No Iterations 1
DICPCG:  Solving for p, Initial residual = 0.00012761369, Final residual = 1.2636195e-06, No Iterations 80
DICPCG:  Solving for p, Initial residual = 3.6815927e-05, Final residual = 3.6453533e-07, No Iterations 133
DICPCG:  Solving for p, Initial residual = 3.1090042e-05, Final residual = 2.9938326e-07, No Iterations 19
DICPCG:  Solving for p, Initial residual = 2.8795749e-05, Final residual = 2.5887445e-07, No Iterations 19
time step continuity errors : sum local = 1.9159171e-09, global = 3.1047747e-10, cumulative = 5.8724664e-08
ExecutionTime = 45.02 s  ClockTime = 45 s

Time = 89

smoothSolver:  Solving for Ux, Initial residual = 5.6985329e-08, Final residual = 6.8199898e-09, No Iterations 1
smoothSolver:  Solving for Uy, Initial residual = 9.9184294e-09, Final residual = 9.9184294e-09, No Iterations 0
DICPCG:  Solving for p, Initial residual = 0.00013024915, Final residual = 1.2876357e-06, No Iterations 133
DICPCG:  Solving for p, Initial residual = 4.3034107e-05, Final residual = 4.1905974e-07, No Iterations 27
DICPCG:  Solving for p, Initial residual = 3.0215682e-05, Final residual = 2.897982e-07, No Iterations 25
DICPCG:  Solving for p, Initial residual = 2.8845027e-05, Final residual = 2.8437963e-07, No Iterations 24
time step continuity errors : sum local = 2.1038134e-09, global = 4.9888051e-10, cumulative = 5.9223544e-08
ExecutionTime = 45.22 s  ClockTime = 45 s

Time = 90

smoothSolver:  Solving for Ux, Initial residual = 5.372919e-08, Final residual = 6.4953969e-09, No Iterations 1
smoothSolver:  Solving for Uy, Initial residual = 1.0225657e-08, Final residual = 1.2757331e-09, No Iterations 1
DICPCG:  Solving for p, Initial residual = 0.00012588753, Final residual = 1.2178208e-06, No Iterations 143
DICPCG:  Solving for p, Initial residual = 3.4271149e-05, Final residual = 3.3894597e-07, No Iterations 25
DICPCG:  Solving for p, Initial residual = 2.9293519e-05, Final residual = 2.9240887e-07, No Iterations 25
DICPCG:  Solving for p, Initial residual = 2.856906e-05, Final residual = 2.7409853e-07, No Iterations 25
time step continuity errors : sum local = 2.0290592e-09, global = 4.6118637e-10, cumulative = 5.9684731e-08
ExecutionTime = 45.43 s  ClockTime = 45 s

surfaceFieldValue flowRateTM write:
    sum(outlet_tm) of phi = 2.5017738e-11

surfaceFieldValue flowRateTM_left write:
    sum(outlet_tm_left) of phi = 2.4982329e-11

surfaceFieldValue pressureACinlet write:
    areaAverage(ac_inlet) of p = 1.4142205

Time = 91

smoothSolver:  Solving for Ux, Initial residual = 5.2327119e-08, Final residual = 6.4313932e-09, No Iterations 1
smoothSolver:  Solving for Uy, Initial residual = 9.8200295e-09, Final residual = 9.8200295e-09, No Iterations 0
DICPCG:  Solving for p, Initial residual = 0.00012352475, Final residual = 1.228543e-06, No Iterations 139
DICPCG:  Solving for p, Initial residual = 3.5260824e-05, Final residual = 3.4873645e-07, No Iterations 46
DICPCG:  Solving for p, Initial residual = 2.97686e-05, Final residual = 2.8759668e-07, No Iterations 22
DICPCG:  Solving for p, Initial residual = 2.8620759e-05, Final residual = 2.8612176e-07, No Iterations 19
time step continuity errors : sum local = 2.1177034e-09, global = 5.6924595e-10, cumulative = 6.0253977e-08
ExecutionTime = 45.65 s  ClockTime = 45 s

Time = 92

smoothSolver:  Solving for Ux, Initial residual = 5.0447586e-08, Final residual = 6.2715516e-09, No Iterations 1
smoothSolver:  Solving for Uy, Initial residual = 9.7902749e-09, Final residual = 9.7902749e-09, No Iterations 0
DICPCG:  Solving for p, Initial residual = 0.00012296578, Final residual = 1.1650614e-06, No Iterations 135
DICPCG:  Solving for p, Initial residual = 3.7976497e-05, Final residual = 3.7732712e-07, No Iterations 49
DICPCG:  Solving for p, Initial residual = 2.9905432e-05, Final residual = 2.8727608e-07, No Iterations 24
DICPCG:  Solving for p, Initial residual = 2.8583768e-05, Final residual = 2.8276581e-07, No Iterations 20
time step continuity errors : sum local = 2.0919495e-09, global = 6.058915e-10, cumulative = 6.0859868e-08
ExecutionTime = 45.87 s  ClockTime = 45 s

Time = 93

smoothSolver:  Solving for Ux, Initial residual = 4.8296984e-08, Final residual = 6.0482176e-09, No Iterations 1
smoothSolver:  Solving for Uy, Initial residual = 9.9692902e-09, Final residual = 9.9692902e-09, No Iterations 0
DICPCG:  Solving for p, Initial residual = 0.00012216497, Final residual = 1.1235051e-06, No Iterations 134
DICPCG:  Solving for p, Initial residual = 3.847527e-05, Final residual = 3.5172756e-07, No Iterations 288
DICPCG:  Solving for p, Initial residual = 3.1402786e-05, Final residual = 3.0432314e-07, No Iterations 19
DICPCG:  Solving for p, Initial residual = 2.8845179e-05, Final residual = 2.557206e-07, No Iterations 19
time step continuity errors : sum local = 1.8953044e-09, global = 6.706864e-11, cumulative = 6.0926937e-08
ExecutionTime = 46.26 s  ClockTime = 46 s

Time = 94

smoothSolver:  Solving for Ux, Initial residual = 4.8471662e-08, Final residual = 5.8112036e-09, No Iterations 1
smoothSolver:  Solving for Uy, Initial residual = 1.0437708e-08, Final residual = 1.3397304e-09, No Iterations 1
DICPCG:  Solving for p, Initial residual = 0.00012561375, Final residual = 1.2410234e-06, No Iterations 31
DICPCG:  Solving for p, Initial residual = 3.9791654e-05, Final residual = 3.7815972e-07, No Iterations 319
DICPCG:  Solving for p, Initial residual = 3.2024085e-05, Final residual = 3.0569169e-07, No Iterations 19
DICPCG:  Solving for p, Initial residual = 2.8757228e-05, Final residual = 2.5054768e-07, No Iterations 19
time step continuity errors : sum local = 1.8581135e-09, global = 6.8101173e-11, cumulative = 6.0995038e-08
ExecutionTime = 46.6 s  ClockTime = 46 s

Time = 95

smoothSolver:  Solving for Ux, Initial residual = 5.0811755e-08, Final residual = 5.9361363e-09, No Iterations 1
smoothSolver:  Solving for Uy, Initial residual = 1.0003977e-08, Final residual = 1.2459001e-09, No Iterations 1
DICPCG:  Solving for p, Initial residual = 0.00013765601, Final residual = 1.3564573e-06, No Iterations 61
DICPCG:  Solving for p, Initial residual = 5.0578026e-05, Final residual = 4.558522e-07, No Iterations 53
DICPCG:  Solving for p, Initial residual = 3.0773394e-05, Final residual = 2.9243087e-07, No Iterations 24
DICPCG:  Solving for p, Initial residual = 2.9037599e-05, Final residual = 2.8991598e-07, No Iterations 22
time step continuity errors : sum local = 2.143711e-09, global = -1.6640165e-10, cumulative = 6.0828636e-08
ExecutionTime = 46.77 s  ClockTime = 46 s

Time = 96

smoothSolver:  Solving for Ux, Initial residual = 5.1818237e-08, Final residual = 6.2593356e-09, No Iterations 1
smoothSolver:  Solving for Uy, Initial residual = 8.6460469e-09, Final residual = 8.6460469e-09, No Iterations 0
DICPCG:  Solving for p, Initial residual = 0.00011683619, Final residual = 1.1060426e-06, No Iterations 131
DICPCG:  Solving for p, Initial residual = 3.8184845e-05, Final residual = 3.7590652e-07, No Iterations 22
DICPCG:  Solving for p, Initial residual = 2.9478224e-05, Final residual = 2.8224458e-07, No Iterations 24
DICPCG:  Solving for p, Initial residual = 2.857138e-05, Final residual = 2.8060089e-07, No Iterations 21
time step continuity errors : sum local = 2.0765131e-09, global = -3.5645719e-11, cumulative = 6.0792991e-08
ExecutionTime = 46.97 s  ClockTime = 47 s

Time = 97

smoothSolver:  Solving for Ux, Initial residual = 5.1119011e-08, Final residual = 6.29059e-09, No Iterations 1
smoothSolver:  Solving for Uy, Initial residual = 8.0801026e-09, Final residual = 8.0801026e-09, No Iterations 0
DICPCG:  Solving for p, Initial residual = 0.00011168566, Final residual = 1.0172111e-06, No Iterations 126
DICPCG:  Solving for p, Initial residual = 3.5124389e-05, Final residual = 3.4565007e-07, No Iterations 32
DICPCG:  Solving for p, Initial residual = 2.9329678e-05, Final residual = 2.9067736e-07, No Iterations 24
DICPCG:  Solving for p, Initial residual = 2.8471335e-05, Final residual = 2.7308709e-07, No Iterations 22
time step continuity errors : sum local = 2.0234201e-09, global = -1.9899881e-11, cumulative = 6.0773091e-08
ExecutionTime = 47.17 s  ClockTime = 47 s

Time = 98

smoothSolver:  Solving for Ux, Initial residual = 4.9293325e-08, Final residual = 6.0914216e-09, No Iterations 1
smoothSolver:  Solving for Uy, Initial residual = 8.2170617e-09, Final residual = 8.2170617e-09, No Iterations 0
DICPCG:  Solving for p, Initial residual = 0.0001143213, Final residual = 1.0961101e-06, No Iterations 51
DICPCG:  Solving for p, Initial residual = 4.0935905e-05, Final residual = 4.0603791e-07, No Iterations 125
DICPCG:  Solving for p, Initial residual = 3.0929277e-05, Final residual = 2.9236653e-07, No Iterations 19
DICPCG:  Solving for p, Initial residual = 2.8565623e-05, Final residual = 2.8522579e-07, No Iterations 18
time step continuity errors : sum local = 2.1124212e-09, global = 2.6184374e-11, cumulative = 6.0799275e-08
ExecutionTime = 47.38 s  ClockTime = 47 s

Time = 99

smoothSolver:  Solving for Ux, Initial residual = 4.6069508e-08, Final residual = 5.7453063e-09, No Iterations 1
smoothSolver:  Solving for Uy, Initial residual = 8.5957106e-09, Final residual = 8.5957106e-09, No Iterations 0
DICPCG:  Solving for p, Initial residual = 0.00011374203, Final residual = 1.1122646e-06, No Iterations 54
DICPCG:  Solving for p, Initial residual = 4.368032e-05, Final residual = 4.1292591e-07, No Iterations 51
DICPCG:  Solving for p, Initial residual = 2.9902176e-05, Final residual = 2.8679558e-07, No Iterations 19
DICPCG:  Solving for p, Initial residual = 2.8467749e-05, Final residual = 2.735326e-07, No Iterations 18
time step continuity errors : sum local = 2.0293472e-09, global = 1.2266127e-10, cumulative = 6.0921936e-08
ExecutionTime = 47.53 s  ClockTime = 47 s

Time = 100

smoothSolver:  Solving for Ux, Initial residual = 4.2693261e-08, Final residual = 5.3603958e-09, No Iterations 1
smoothSolver:  Solving for Uy, Initial residual = 9.1000926e-09, Final residual = 9.1000926e-09, No Iterations 0
DICPCG:  Solving for p, Initial residual = 0.00010987618, Final residual = 9.7176205e-07, No Iterations 136
DICPCG:  Solving for p, Initial residual = 4.2549774e-05, Final residual = 4.1329886e-07, No Iterations 66
DICPCG:  Solving for p, Initial residual = 2.9918757e-05, Final residual = 2.8913887e-07, No Iterations 20
DICPCG:  Solving for p, Initial residual = 2.8487929e-05, Final residual = 2.6778671e-07, No Iterations 19
time step continuity errors : sum local = 1.9834124e-09, global = 3.5337497e-10, cumulative = 6.1275311e-08
ExecutionTime = 47.87 s  ClockTime = 47 s

surfaceFieldValue flowRateTM write:
    sum(outlet_tm) of phi = 2.5016766e-11

surfaceFieldValue flowRateTM_left write:
    sum(outlet_tm_left) of phi = 2.4983286e-11

surfaceFieldValue pressureACinlet write:
    areaAverage(ac_inlet) of p = 1.4142205

Time = 101

smoothSolver:  Solving for Ux, Initial residual = 3.9496607e-08, Final residual = 5.0201256e-09, No Iterations 1
smoothSolver:  Solving for Uy, Initial residual = 9.5113178e-09, Final residual = 9.5113178e-09, No Iterations 0
DICPCG:  Solving for p, Initial residual = 0.00010663529, Final residual = 1.0596017e-06, No Iterations 164
DICPCG:  Solving for p, Initial residual = 3.9117274e-05, Final residual = 3.7360081e-07, No Iterations 24
DICPCG:  Solving for p, Initial residual = 2.9341723e-05, Final residual = 2.8914971e-07, No Iterations 25
DICPCG:  Solving for p, Initial residual = 2.8444822e-05, Final residual = 2.7323192e-07, No Iterations 24
time step continuity errors : sum local = 2.0247826e-09, global = 4.4210654e-10, cumulative = 6.1717418e-08
ExecutionTime = 48.1 s  ClockTime = 48 s

Time = 102

smoothSolver:  Solving for Ux, Initial residual = 3.7559791e-08, Final residual = 4.7940319e-09, No Iterations 1
smoothSolver:  Solving for Uy, Initial residual = 9.7741998e-09, Final residual = 9.7741998e-09, No Iterations 0
DICPCG:  Solving for p, Initial residual = 0.00010491676, Final residual = 9.8741931e-07, No Iterations 157
DICPCG:  Solving for p, Initial residual = 3.6341636e-05, Final residual = 3.5919399e-07, No Iterations 24
DICPCG:  Solving for p, Initial residual = 2.9036365e-05, Final residual = 2.7784795e-07, No Iterations 26
DICPCG:  Solving for p, Initial residual = 2.8305411e-05, Final residual = 2.6817583e-07, No Iterations 25
time step continuity errors : sum local = 1.986387e-09, global = 4.4550196e-10, cumulative = 6.216292e-08
ExecutionTime = 48.33 s  ClockTime = 48 s

Time = 103

smoothSolver:  Solving for Ux, Initial residual = 3.6595048e-08, Final residual = 4.6949671e-09, No Iterations 1
smoothSolver:  Solving for Uy, Initial residual = 9.7930163e-09, Final residual = 9.7930163e-09, No Iterations 0
DICPCG:  Solving for p, Initial residual = 0.00010410836, Final residual = 9.72868e-07, No Iterations 140
DICPCG:  Solving for p, Initial residual = 3.5486288e-05, Final residual = 3.4652985e-07, No Iterations 22
DICPCG:  Solving for p, Initial residual = 2.8829911e-05, Final residual = 2.8080322e-07, No Iterations 20
DICPCG:  Solving for p, Initial residual = 2.8199303e-05, Final residual = 2.5874211e-07, No Iterations 20
time step continuity errors : sum local = 1.9144061e-09, global = 3.8611808e-10, cumulative = 6.2549038e-08
ExecutionTime = 48.54 s  ClockTime = 48 s

Time = 104

smoothSolver:  Solving for Ux, Initial residual = 3.6303888e-08, Final residual = 4.695096e-09, No Iterations 1
smoothSolver:  Solving for Uy, Initial residual = 9.5771685e-09, Final residual = 9.5771685e-09, No Iterations 0
DICPCG:  Solving for p, Initial residual = 0.00010381818, Final residual = 1.0380216e-06, No Iterations 142
DICPCG:  Solving for p, Initial residual = 3.5915268e-05, Final residual = 3.5809479e-07, No Iterations 21
DICPCG:  Solving for p, Initial residual = 2.865614e-05, Final residual = 2.7240216e-07, No Iterations 24
DICPCG:  Solving for p, Initial residual = 2.8054767e-05, Final residual = 2.5723886e-07, No Iterations 24
time step continuity errors : sum local = 1.9054245e-09, global = 3.8357231e-10, cumulative = 6.293261e-08
ExecutionTime = 48.74 s  ClockTime = 48 s

Time = 105

smoothSolver:  Solving for Ux, Initial residual = 3.6358948e-08, Final residual = 4.7411996e-09, No Iterations 1
smoothSolver:  Solving for Uy, Initial residual = 9.2121248e-09, Final residual = 9.2121248e-09, No Iterations 0
DICPCG:  Solving for p, Initial residual = 0.00010280534, Final residual = 9.68298e-07, No Iterations 29
DICPCG:  Solving for p, Initial residual = 3.6032393e-05, Final residual = 3.6016893e-07, No Iterations 27
DICPCG:  Solving for p, Initial residual = 2.9181868e-05, Final residual = 2.9096707e-07, No Iterations 26
DICPCG:  Solving for p, Initial residual = 2.842639e-05, Final residual = 2.8388638e-07, No Iterations 24
time step continuity errors : sum local = 2.1016851e-09, global = 8.2966949e-10, cumulative = 6.376228e-08
ExecutionTime = 48.87 s  ClockTime = 49 s

Time = 106

smoothSolver:  Solving for Ux, Initial residual = 3.6267704e-08, Final residual = 4.7555819e-09, No Iterations 1
smoothSolver:  Solving for Uy, Initial residual = 8.8149899e-09, Final residual = 8.8149899e-09, No Iterations 0
DICPCG:  Solving for p, Initial residual = 0.00010057396, Final residual = 1.0042477e-06, No Iterations 37
DICPCG:  Solving for p, Initial residual = 3.610475e-05, Final residual = 3.5748896e-07, No Iterations 179
DICPCG:  Solving for p, Initial residual = 3.0056012e-05, Final residual = 2.9262834e-07, No Iterations 19
DICPCG:  Solving for p, Initial residual = 2.8494549e-05, Final residual = 2.5073683e-07, No Iterations 19
time step continuity errors : sum local = 1.8580424e-09, global = 4.7048512e-10, cumulative = 6.4232765e-08
ExecutionTime = 49.1 s  ClockTime = 49 s

Time = 107

smoothSolver:  Solving for Ux, Initial residual = 3.6172894e-08, Final residual = 4.761607e-09, No Iterations 1
smoothSolver:  Solving for Uy, Initial residual = 8.4533864e-09, Final residual = 8.4533864e-09, No Iterations 0
DICPCG:  Solving for p, Initial residual = 9.6568216e-05, Final residual = 9.3079183e-07, No Iterations 131
DICPCG:  Solving for p, Initial residual = 3.5506525e-05, Final residual = 3.3971559e-07, No Iterations 27
DICPCG:  Solving for p, Initial residual = 2.9190685e-05, Final residual = 2.9189714e-07, No Iterations 91
DICPCG:  Solving for p, Initial residual = 2.8779572e-05, Final residual = 2.8027029e-07, No Iterations 19
time step continuity errors : sum local = 2.0740431e-09, global = 2.5243576e-10, cumulative = 6.4485201e-08
ExecutionTime = 49.35 s  ClockTime = 49 s


SIMPLE solution converged in 107 iterations

End


=== post-run summary ===
  nCells = N/A
nCells=41242
d_TM=1.2578e+14
IOP_AC_right=10.000 mmHg
IOP_AC_left=10.000 mmHg
IOP_AC_mean=10.000 mmHg
IOP_vitreous_mean=10.000 mmHg
delta_AC_vitreous=0.000 mmHg
Q_TM_total=5.0000e-11 m³/s (target 5.0000e-11)
Q_balance_error=0.00 %
=== doc-g1-sim1 done (M1) ===
