/*--------------------------------*- C++ -*----------------------------------*\
| =========                 |                                                 |
| \\      /  F ield         | OpenFOAM: The Open Source CFD Toolbox           |
|  \\    /   O peration     | Version:  2512                                  |
|   \\  /    A nd           | Website:  www.openfoam.com                      |
|    \\/     M anipulation  |                                                 |
\*---------------------------------------------------------------------------*/
FoamFile
{
    version     2.0;
    format      ascii;
    arch        "LSB;label=32;scalar=64";
    class       volScalarField;
    location    "1.58";
    object      magU;
}
// * * * * * * * * * * * * * * * * * * * * * * * * * * * * * * * * * * * * * //

dimensions      [0 1 -1 0 0 0 0];

internalField   nonuniform List<scalar> 
20352
(
0.0112568
0.0112525
0.011247
0.0112407
0.0112338
0.0112265
0.0112191
0.0112119
0.0112053
0.0111993
0.0111944
0.0111905
0.011188
0.0111869
0.0111872
0.0111889
0.011192
0.0111963
0.0112017
0.011208
0.0112149
0.0112222
0.0112295
0.0112367
0.0112434
0.0112494
0.0112544
0.0112583
0.0112608
0.011262
0.0112617
0.0112599
0.00980462
0.00979883
0.00979148
0.00978286
0.00977331
0.00976319
0.0097529
0.00974283
0.00973336
0.00972485
0.00971763
0.00971196
0.00970805
0.00970607
0.00970607
0.00970806
0.00971198
0.00971766
0.00972491
0.00973345
0.00974295
0.00975305
0.00976337
0.00977351
0.00978307
0.00979168
0.00979901
0.00980476
0.00980871
0.00981072
0.00981068
0.00980862
0.00693228
0.00692609
0.00691815
0.00690877
0.00689833
0.00688723
0.0068759
0.00686477
0.00685427
0.00684479
0.00683667
0.00683023
0.00682569
0.00682322
0.00682292
0.0068248
0.00682879
0.00683475
0.00684246
0.00685165
0.00686196
0.00687301
0.00688438
0.00689562
0.00690631
0.00691602
0.00692437
0.00693101
0.00693568
0.0069382
0.00693846
0.00693646
0.00268884
0.00268522
0.00268046
0.00267476
0.00266836
0.00266151
0.00265447
0.00264752
0.00264091
0.0026349
0.00262969
0.00262548
0.00262241
0.00262059
0.0026201
0.00262094
0.00262309
0.00262649
0.002631
0.00263647
0.00264271
0.00264949
0.00265654
0.00266359
0.00267038
0.00267663
0.00268208
0.00268651
0.00268975
0.00269164
0.00269213
0.00269118
0.0112676
0.0112591
0.0112493
0.0112385
0.0112271
0.0112156
0.0112045
0.0111941
0.0111848
0.0111771
0.0111712
0.0111673
0.0111656
0.0111661
0.0111689
0.0111737
0.0111805
0.0111889
0.0111987
0.0112094
0.0112207
0.0112321
0.0112433
0.0112537
0.0112629
0.0112707
0.0112767
0.0112807
0.0112824
0.011282
0.0112792
0.0112744
0.00983938
0.00982495
0.00980796
0.00978907
0.00976903
0.00974864
0.00972867
0.00970989
0.00969302
0.00967868
0.0096674
0.0096596
0.00965555
0.0096554
0.00965915
0.00966665
0.00967763
0.00969168
0.00970828
0.00972683
0.00974662
0.0097669
0.00978691
0.00980588
0.00982306
0.00983778
0.00984944
0.00985759
0.00986189
0.00986215
0.00985836
0.00985067
0.00697614
0.00695983
0.00694047
0.00691885
0.00689586
0.00687239
0.00684936
0.00682765
0.00680807
0.00679134
0.00677806
0.00676869
0.00676357
0.00676285
0.00676655
0.00677454
0.00678653
0.00680209
0.00682067
0.0068416
0.0068641
0.00688735
0.00691046
0.00693255
0.00695274
0.00697022
0.00698428
0.00699434
0.00699996
0.0070009
0.00699711
0.00698875
0.00272031
0.00270992
0.00269747
0.00268349
0.00266854
0.00265325
0.0026382
0.00262397
0.00261108
0.00259999
0.00259107
0.00258463
0.00258087
0.0025799
0.00258176
0.00258638
0.00259359
0.00260316
0.00261477
0.00262802
0.00264243
0.00265749
0.00267263
0.00268726
0.00270081
0.00271272
0.00272248
0.00272967
0.00273396
0.00273516
0.00273321
0.00272819
0.0112412
0.0112293
0.0112173
0.0112055
0.0111943
0.0111843
0.0111758
0.0111691
0.0111645
0.0111621
0.0111621
0.0111644
0.0111689
0.0111755
0.0111839
0.0111939
0.011205
0.0112168
0.0112288
0.0112407
0.0112519
0.011262
0.0112706
0.0112774
0.0112821
0.0112845
0.0112845
0.0112822
0.0112776
0.0112709
0.0112624
0.0112523
0.00978793
0.00976752
0.0097468
0.00972656
0.00970758
0.00969056
0.00967612
0.00966479
0.00965698
0.00965298
0.00965292
0.00965681
0.00966451
0.00967575
0.00969012
0.0097071
0.00972606
0.00974629
0.00976703
0.00978749
0.00980685
0.00982436
0.00983932
0.00985111
0.00985927
0.00986345
0.00986349
0.00985938
0.0098513
0.00983958
0.00982469
0.00980724
0.00691404
0.00689109
0.00686786
0.00684525
0.00682411
0.00680519
0.00678918
0.00677663
0.00676798
0.00676352
0.00676342
0.00676767
0.00677614
0.00678853
0.00680444
0.0068233
0.00684443
0.00686707
0.00689037
0.00691342
0.00693532
0.00695519
0.0069722
0.00698565
0.00699496
0.00699973
0.00699977
0.00699508
0.00698585
0.0069725
0.0069556
0.00693584
0.00267618
0.00266177
0.0026473
0.0026333
0.0026203
0.00260874
0.00259901
0.00259143
0.00258626
0.00258365
0.00258369
0.00258638
0.00259164
0.00259931
0.00260915
0.00262082
0.00263394
0.00264803
0.00266259
0.00267704
0.00269081
0.00270333
0.00271406
0.00272252
0.00272835
0.00273127
0.00273115
0.00272801
0.00272198
0.00271335
0.00270252
0.00268995
0.0112282
0.0112136
0.0111993
0.0111859
0.0111739
0.0111639
0.0111561
0.0111508
0.0111483
0.0111487
0.0111519
0.0111578
0.0111662
0.0111768
0.0111891
0.0112028
0.0112172
0.0112319
0.0112463
0.0112598
0.0112718
0.011282
0.0112899
0.0112953
0.0112978
0.0112974
0.0112942
0.0112882
0.0112796
0.0112689
0.0112565
0.0112427
0.00976525
0.00973889
0.00971336
0.00968961
0.00966852
0.00965087
0.0096373
0.00962829
0.00962417
0.00962507
0.00963098
0.00964169
0.0096568
0.00967578
0.00969795
0.00972248
0.00974845
0.00977488
0.00980076
0.00982507
0.00984684
0.00986519
0.00987939
0.00988884
0.00989317
0.00989218
0.00988593
0.00987468
0.00985888
0.00983919
0.0098164
0.00979143
0.00688846
0.0068584
0.0068294
0.00680255
0.0067788
0.00675899
0.00674381
0.00673376
0.0067292
0.00673028
0.00673696
0.00674902
0.00676607
0.00678752
0.00681263
0.0068405
0.00687012
0.00690037
0.00693008
0.00695807
0.0069832
0.00700443
0.00702085
0.00703176
0.0070367
0.00703543
0.00702804
0.00701484
0.00699641
0.00697354
0.00694719
0.00691845
0.00266028
0.00264105
0.00262264
0.00260571
0.00259083
0.00257851
0.00256913
0.00256299
0.00256027
0.00256107
0.00256536
0.00257302
0.00258381
0.0025974
0.00261336
0.00263113
0.00265009
0.00266954
0.00268873
0.00270688
0.00272322
0.00273703
0.00274771
0.00275475
0.00275783
0.00275681
0.00275174
0.00274287
0.00273061
0.00271552
0.00269828
0.00267961
0.0112164
0.0112049
0.0111942
0.0111846
0.0111765
0.0111701
0.0111658
0.0111637
0.0111638
0.0111662
0.0111708
0.0111774
0.0111857
0.0111955
0.0112063
0.0112178
0.0112295
0.011241
0.0112518
0.0112615
0.0112697
0.0112762
0.0112806
0.0112827
0.0112826
0.0112802
0.0112755
0.0112689
0.0112604
0.0112506
0.0112396
0.0112281
0.00973934
0.00971833
0.00969888
0.00968172
0.00966749
0.00965669
0.00964973
0.00964685
0.00964816
0.0096536
0.00966297
0.00967595
0.00969204
0.00971068
0.00973115
0.0097527
0.00977451
0.00979574
0.00981555
0.00983318
0.00984791
0.00985915
0.00986645
0.00986949
0.00986816
0.00986251
0.00985276
0.00983932
0.00982272
0.00980365
0.00978284
0.00976112
0.00685643
0.00683229
0.00681012
0.00679071
0.00677476
0.00676283
0.00675532
0.00675249
0.00675443
0.00676107
0.00677219
0.00678739
0.00680616
0.00682781
0.00685159
0.0068766
0.00690191
0.00692654
0.00694953
0.00696993
0.00698691
0.00699975
0.00700792
0.00701104
0.00700899
0.00700186
0.00698993
0.00697373
0.00695394
0.00693137
0.00690694
0.00688163
0.00263773
0.00262225
0.0026082
0.00259606
0.00258623
0.00257905
0.00257473
0.0025734
0.00257511
0.0025798
0.00258731
0.00259741
0.00260977
0.00262396
0.00263951
0.00265585
0.00267237
0.00268843
0.00270339
0.00271661
0.00272753
0.00273566
0.00274063
0.00274221
0.00274032
0.00273505
0.00272664
0.00271545
0.002702
0.00268686
0.00267067
0.00265407
0.011239
0.0112358
0.0112321
0.0112282
0.0112241
0.0112201
0.0112162
0.0112125
0.0112094
0.0112068
0.0112049
0.0112037
0.0112033
0.0112037
0.0112049
0.0112069
0.0112095
0.0112127
0.0112163
0.0112202
0.0112243
0.0112284
0.0112323
0.0112359
0.0112391
0.0112417
0.0112436
0.0112448
0.0112452
0.0112447
0.0112435
0.0112416
0.00977923
0.00977326
0.0097667
0.00975982
0.00975288
0.00974614
0.00973986
0.00973427
0.0097296
0.00972601
0.00972365
0.00972259
0.0097229
0.00972454
0.00972747
0.00973158
0.0097367
0.00974265
0.0097492
0.00975609
0.00976307
0.00976986
0.00977619
0.00978183
0.00978654
0.00979016
0.00979253
0.00979357
0.00979323
0.00979154
0.00978856
0.0097844
0.0069016
0.00689467
0.0068872
0.00687947
0.00687176
0.00686437
0.00685758
0.00685164
0.00684678
0.00684318
0.00684099
0.0068403
0.00684113
0.00684346
0.0068472
0.00685223
0.00685835
0.00686532
0.00687288
0.00688072
0.00688854
0.00689604
0.00690291
0.0069089
0.00691376
0.00691731
0.00691942
0.00692001
0.00691906
0.00691663
0.00691279
0.00690772
0.00266707
0.00266271
0.00265809
0.00265339
0.00264876
0.00264439
0.00264044
0.00263705
0.00263436
0.00263246
0.00263144
0.00263134
0.00263216
0.00263389
0.00263646
0.00263978
0.00264372
0.00264813
0.00265284
0.00265766
0.00266241
0.00266688
0.0026709
0.00267432
0.00267699
0.00267883
0.00267976
0.00267975
0.00267881
0.00267699
0.00267434
0.00267099
0.011268
0.0112732
0.0112765
0.0112778
0.0112769
0.0112739
0.011269
0.0112624
0.0112542
0.0112449
0.0112347
0.0112241
0.0112135
0.0112032
0.0111938
0.0111855
0.0111786
0.0111735
0.0111702
0.011169
0.0111699
0.0111728
0.0111776
0.0111842
0.0111923
0.0112016
0.0112117
0.0112223
0.0112329
0.0112432
0.0112527
0.0112611
0.00983915
0.00984921
0.00985572
0.0098584
0.00985715
0.00985201
0.0098432
0.00983106
0.0098161
0.0097989
0.00978017
0.00976063
0.00974104
0.00972216
0.0097047
0.00968931
0.00967656
0.00966691
0.00966072
0.0096582
0.00965945
0.0096644
0.00967289
0.00968461
0.00969912
0.0097159
0.00973433
0.0097537
0.0097733
0.00979236
0.00981015
0.00982596
0.00697415
0.00698611
0.00699395
0.00699731
0.00699605
0.00699021
0.00698003
0.00696596
0.00694858
0.00692862
0.0069069
0.00688429
0.00686169
0.00683995
0.00681989
0.00680225
0.00678764
0.00677658
0.00676944
0.00676647
0.00676775
0.00677323
0.00678273
0.00679591
0.00681232
0.00683138
0.0068524
0.00687462
0.00689721
0.0069193
0.00694003
0.00695857
0.00271743
0.00272573
0.00273129
0.00273384
0.00273327
0.00272959
0.00272297
0.0027137
0.00270221
0.00268899
0.00267461
0.00265968
0.00264477
0.00263046
0.00261728
0.00260568
0.00259606
0.00258874
0.00258394
0.0025818
0.0025824
0.0025857
0.0025916
0.00259991
0.00261035
0.00262259
0.00263621
0.00265073
0.00266562
0.00268031
0.00269422
0.00270677
0.0112695
0.0112773
0.011283
0.0112864
0.0112874
0.0112858
0.0112818
0.0112756
0.0112673
0.0112573
0.011246
0.0112338
0.0112212
0.0112087
0.0111968
0.0111859
0.0111764
0.0111687
0.011163
0.0111597
0.0111588
0.0111603
0.0111642
0.0111704
0.0111786
0.0111884
0.0111997
0.0112118
0.0112243
0.0112369
0.0112489
0.0112599
0.0098457
0.00986099
0.00987227
0.00987908
0.00988114
0.00987836
0.00987085
0.00985892
0.00984307
0.00982394
0.0098023
0.009779
0.00975497
0.00973114
0.0097084
0.00968762
0.00966956
0.00965489
0.00964412
0.00963765
0.00963571
0.00963837
0.00964552
0.00965692
0.00967216
0.00969068
0.0097118
0.00973475
0.00975867
0.00978263
0.00980572
0.00982703
0.00698358
0.00700186
0.00701542
0.00702366
0.00702623
0.00702302
0.00701415
0.00700002
0.00698124
0.00695861
0.00693307
0.00690566
0.00687748
0.00684962
0.00682314
0.006799
0.00677807
0.00676109
0.00674863
0.00674112
0.0067388
0.00674175
0.00674987
0.00676289
0.00678037
0.0068017
0.00682615
0.00685283
0.00688075
0.00690888
0.0069361
0.00696135
0.00272474
0.00273731
0.0027467
0.00275249
0.0027544
0.00275234
0.0027464
0.00273687
0.00272418
0.00270891
0.00269174
0.00267338
0.0026546
0.00263611
0.00261861
0.00260273
0.002589
0.00257787
0.00256969
0.00256472
0.0025631
0.00256488
0.00257001
0.00257833
0.00258958
0.00260342
0.00261938
0.00263691
0.00265541
0.00267418
0.00269248
0.00270958
0.01124
0.0112433
0.0112458
0.0112474
0.0112482
0.0112481
0.011247
0.011245
0.0112422
0.0112388
0.0112347
0.0112303
0.0112256
0.0112209
0.0112162
0.0112119
0.0112081
0.0112048
0.0112023
0.0112007
0.0111999
0.0112001
0.0112011
0.0112031
0.0112058
0.0112093
0.0112133
0.0112178
0.0112224
0.0112272
0.0112318
0.0112361
0.00978958
0.00979625
0.00980145
0.00980497
0.00980666
0.00980646
0.00980438
0.00980051
0.00979499
0.00978804
0.00977993
0.00977099
0.00976155
0.00975198
0.00974265
0.00973392
0.00972611
0.00971953
0.00971441
0.00971096
0.00970929
0.00970948
0.00971152
0.00971533
0.00972077
0.00972763
0.00973565
0.00974454
0.00975395
0.00976352
0.00977288
0.00978168
0.00691776
0.00692588
0.00693223
0.00693655
0.00693866
0.00693847
0.00693599
0.00693134
0.00692469
0.00691632
0.00690657
0.00689583
0.00688451
0.00687306
0.00686192
0.0068515
0.0068422
0.00683435
0.00682825
0.00682411
0.00682208
0.00682225
0.00682459
0.00682904
0.00683543
0.00684352
0.00685303
0.0068636
0.00687483
0.0068863
0.00689757
0.0069082
0.00268043
0.00268598
0.00269035
0.00269336
0.00269487
0.00269483
0.00269323
0.00269014
0.00268571
0.00268011
0.00267358
0.00266639
0.00265882
0.00265117
0.00264373
0.00263677
0.00263056
0.00262531
0.00262121
0.00261841
0.00261699
0.00261702
0.00261849
0.00262134
0.00262549
0.00263079
0.00263705
0.00264404
0.00265151
0.00265918
0.00266675
0.00267393
0.0112004
0.0111962
0.0111931
0.0111911
0.0111904
0.011191
0.0111928
0.0111959
0.0112
0.011205
0.0112108
0.011217
0.0112236
0.0112301
0.0112365
0.0112423
0.0112475
0.0112517
0.0112549
0.0112568
0.0112576
0.011257
0.0112551
0.0112521
0.0112479
0.0112429
0.0112371
0.0112308
0.0112242
0.0112177
0.0112114
0.0112055
0.0097149
0.00970736
0.00970176
0.0096983
0.0096971
0.00969822
0.0097016
0.00970713
0.0097146
0.00972373
0.0097342
0.0097456
0.0097575
0.00976944
0.00978097
0.00979165
0.00980104
0.00980877
0.00981455
0.00981813
0.00981937
0.00981822
0.00981472
0.00980903
0.00980136
0.00979202
0.00978139
0.00976987
0.00975793
0.00974602
0.0097346
0.00972409
0.0068309
0.00682242
0.00681613
0.00681227
0.00681096
0.00681225
0.00681609
0.00682235
0.00683082
0.00684118
0.00685307
0.00686606
0.00687966
0.00689336
0.00690663
0.00691895
0.00692981
0.00693878
0.00694548
0.00694962
0.00695104
0.00694967
0.00694557
0.0069389
0.00692996
0.00691912
0.00690681
0.00689354
0.00687983
0.00686621
0.0068532
0.00684128
0.00262308
0.00261758
0.00261352
0.00261104
0.00261022
0.00261108
0.0026136
0.00261769
0.00262322
0.00263
0.00263781
0.00264635
0.00265534
0.00266441
0.00267324
0.00268145
0.00268872
0.00269473
0.00269922
0.002702
0.00270293
0.00270198
0.00269918
0.00269467
0.00268863
0.00268134
0.00267311
0.00266426
0.00265517
0.00264618
0.00263764
0.00262984
0.0111796
0.0111714
0.0111652
0.0111612
0.0111596
0.0111604
0.0111636
0.011169
0.0111765
0.0111858
0.0111965
0.0112083
0.0112206
0.011233
0.0112451
0.0112563
0.0112663
0.0112746
0.0112809
0.0112849
0.0112866
0.0112858
0.0112826
0.011277
0.0112694
0.01126
0.0112492
0.0112374
0.011225
0.0112126
0.0112006
0.0111894
0.00967445
0.00965912
0.00964754
0.00964014
0.00963718
0.00963875
0.00964481
0.00965513
0.00966936
0.00968697
0.00970733
0.00972968
0.00975319
0.00977697
0.00980009
0.00982165
0.0098408
0.00985676
0.00986889
0.00987668
0.00987981
0.00987816
0.00987178
0.00986095
0.00984611
0.00982787
0.00980696
0.00978422
0.00976055
0.00973685
0.00971405
0.00969298
0.00678335
0.00676573
0.00675247
0.00674402
0.00674066
0.00674249
0.00674947
0.00676135
0.00677773
0.00679807
0.00682165
0.00684763
0.00687506
0.00690291
0.00693011
0.00695557
0.00697825
0.0069972
0.00701163
0.0070209
0.00702461
0.00702259
0.00701494
0.00700199
0.00698429
0.00696262
0.00693787
0.00691108
0.0068833
0.00685563
0.00682911
0.00680473
0.00259171
0.00258025
0.00257166
0.00256621
0.00256406
0.00256527
0.00256981
0.00257754
0.00258823
0.00260154
0.00261704
0.00263421
0.00265244
0.00267106
0.00268935
0.00270657
0.00272198
0.00273492
0.00274479
0.00275114
0.00275366
0.00275224
0.00274695
0.00273803
0.0027259
0.00271111
0.00269433
0.00267627
0.00265766
0.00263925
0.00262171
0.00260568
0.0112005
0.0111953
0.0111912
0.0111883
0.0111868
0.0111868
0.0111881
0.0111908
0.0111948
0.0111999
0.0112058
0.0112125
0.0112196
0.0112269
0.0112341
0.0112409
0.011247
0.0112522
0.0112564
0.0112592
0.0112608
0.0112608
0.0112595
0.0112568
0.0112528
0.0112477
0.0112416
0.0112349
0.0112278
0.0112205
0.0112133
0.0112066
0.00970918
0.00969897
0.00969101
0.0096856
0.00968294
0.00968313
0.00968615
0.0096919
0.00970016
0.00971063
0.00972291
0.00973654
0.009751
0.00976575
0.00978023
0.00979386
0.00980613
0.00981655
0.0098247
0.00983026
0.00983302
0.00983285
0.00982976
0.00982388
0.00981544
0.00980477
0.0097923
0.00977852
0.00976396
0.00974919
0.00973478
0.00972127
0.00682133
0.00680932
0.00680003
0.00679377
0.00679076
0.00679112
0.00679484
0.00680176
0.00681166
0.00682417
0.00683884
0.00685514
0.00687246
0.00689015
0.00690752
0.00692391
0.00693867
0.00695119
0.00696096
0.00696758
0.00697078
0.00697042
0.0069665
0.00695921
0.00694884
0.00693581
0.00692066
0.006904
0.00688649
0.0068688
0.00685163
0.0068356
0.00261546
0.00260752
0.00260142
0.00259736
0.00259547
0.00259582
0.0025984
0.00260312
0.00260982
0.00261827
0.00262818
0.00263919
0.00265092
0.00266292
0.00267473
0.00268589
0.00269595
0.00270448
0.00271113
0.0027156
0.0027177
0.00271732
0.0027145
0.00270934
0.00270209
0.00269305
0.0026826
0.00267118
0.00265925
0.00264727
0.0026357
0.00262497
0.0112507
0.0112531
0.0112544
0.0112545
0.0112534
0.0112512
0.011248
0.0112438
0.0112388
0.0112333
0.0112274
0.0112214
0.0112155
0.0112099
0.0112049
0.0112006
0.0111971
0.0111947
0.0111934
0.0111933
0.0111944
0.0111966
0.0111998
0.0112039
0.0112089
0.0112144
0.0112202
0.0112262
0.0112322
0.0112378
0.0112429
0.0112472
0.00980412
0.00980828
0.00981049
0.00981065
0.00980875
0.00980486
0.00979916
0.00979185
0.00978324
0.00977366
0.0097635
0.00975314
0.00974298
0.00973341
0.0097248
0.00971747
0.00971168
0.00970766
0.00970554
0.00970541
0.00970727
0.00971105
0.00971661
0.00972374
0.00973219
0.00974163
0.00975171
0.00976204
0.00977224
0.00978191
0.00979066
0.00979817
0.0069322
0.00693695
0.00693947
0.00693965
0.00693748
0.00693304
0.00692652
0.0069182
0.00690842
0.00689758
0.00688612
0.00687449
0.00686316
0.00685254
0.00684303
0.00683498
0.00682867
0.00682431
0.00682206
0.00682199
0.00682409
0.00682828
0.00683442
0.0068423
0.00685163
0.00686208
0.00687327
0.00688479
0.0068962
0.00690706
0.00691694
0.00692543
0.00268925
0.00269242
0.00269413
0.0026943
0.00269292
0.00269004
0.0026858
0.00268038
0.00267402
0.00266698
0.00265957
0.00265207
0.00264479
0.00263799
0.00263193
0.0026268
0.0026228
0.00262003
0.0026186
0.00261853
0.00261983
0.00262246
0.00262631
0.00263127
0.00263717
0.00264381
0.00265096
0.00265835
0.00266571
0.00267275
0.0026792
0.00268478
0.0112836
0.0112918
0.0112973
0.0112999
0.0112995
0.0112961
0.0112898
0.0112809
0.0112698
0.0112568
0.0112426
0.0112275
0.0112123
0.0111975
0.0111837
0.0111713
0.011161
0.0111529
0.0111475
0.011145
0.0111454
0.0111487
0.0111549
0.0111636
0.0111746
0.0111874
0.0112015
0.0112165
0.0112317
0.0112466
0.0112606
0.0112731
0.00987221
0.00988778
0.00989825
0.0099032
0.0099024
0.0098959
0.00988396
0.00986709
0.00984598
0.0098215
0.00979463
0.00976646
0.00973806
0.00971054
0.00968492
0.00966215
0.00964306
0.00962833
0.00961848
0.00961386
0.00961461
0.00962073
0.00963199
0.009648
0.00966819
0.00969183
0.00971807
0.00974593
0.00977436
0.00980227
0.00982857
0.0098522
0.00701476
0.00703324
0.00704571
0.00705161
0.00705067
0.00704294
0.00702875
0.00700875
0.0069838
0.006955
0.00692353
0.00689069
0.00685776
0.00682601
0.0067966
0.00677057
0.00674884
0.00673212
0.00672097
0.00671574
0.00671661
0.00672354
0.0067363
0.00675449
0.0067775
0.00680455
0.0068347
0.00686687
0.00689987
0.00693243
0.00696326
0.0069911
0.00274613
0.00275877
0.00276734
0.00277142
0.0027708
0.00276552
0.00275583
0.0027422
0.00272529
0.00270586
0.00268478
0.00266293
0.00264118
0.00262035
0.00260118
0.00258433
0.00257032
0.00255959
0.00255245
0.0025491
0.00254963
0.00255404
0.00256218
0.00257384
0.00258865
0.00260618
0.00262584
0.00264696
0.0026688
0.0026905
0.00271121
0.00273003
0.0112732
0.0112809
0.0112863
0.0112893
0.0112897
0.0112876
0.0112829
0.0112758
0.0112668
0.011256
0.011244
0.0112312
0.011218
0.0112051
0.0111928
0.0111817
0.0111722
0.0111646
0.0111592
0.0111563
0.0111559
0.011158
0.0111626
0.0111695
0.0111785
0.0111891
0.0112011
0.0112138
0.011227
0.01124
0.0112523
0.0112635
0.00985451
0.0098694
0.00987995
0.0098857
0.00988642
0.00988208
0.00987287
0.00985915
0.0098415
0.00982063
0.00979738
0.00977266
0.00974745
0.00972271
0.00969939
0.00967835
0.00966036
0.00964609
0.00963605
0.00963059
0.00962991
0.00963403
0.00964281
0.00965594
0.00967293
0.00969318
0.00971593
0.00974036
0.00976552
0.00979047
0.00981423
0.00983587
0.00699484
0.0070126
0.00702518
0.00703204
0.00703287
0.00702764
0.00701657
0.00700015
0.00697909
0.00695429
0.00692676
0.00689765
0.00686808
0.0068392
0.00681209
0.00678772
0.00676698
0.00675057
0.00673905
0.00673282
0.00673206
0.00673682
0.00674693
0.00676206
0.00678169
0.00680514
0.0068316
0.0068601
0.00688959
0.00691894
0.00694701
0.00697266
0.00273275
0.00274484
0.00275342
0.00275811
0.00275866
0.00275507
0.00274749
0.00273629
0.00272199
0.00270523
0.00268674
0.0026673
0.00264769
0.00262866
0.0026109
0.00259503
0.00258158
0.00257099
0.00256358
0.00255958
0.0025591
0.00256217
0.00256868
0.00257845
0.00259118
0.00260644
0.00262376
0.00264252
0.00266205
0.00268161
0.00270043
0.00271772
0.0112265
0.0112281
0.0112295
0.0112308
0.0112318
0.0112325
0.0112329
0.0112329
0.0112326
0.011232
0.0112311
0.0112299
0.0112285
0.0112269
0.0112252
0.0112235
0.0112218
0.0112202
0.0112187
0.0112175
0.0112165
0.0112158
0.0112154
0.0112154
0.0112157
0.0112163
0.0112172
0.0112184
0.0112198
0.0112214
0.0112231
0.0112248
0.00976622
0.00976964
0.00977261
0.00977501
0.00977675
0.00977776
0.009778
0.00977746
0.00977616
0.00977415
0.00977152
0.00976835
0.00976479
0.00976095
0.009757
0.00975308
0.00974934
0.00974594
0.00974299
0.00974061
0.00973889
0.0097379
0.00973768
0.00973822
0.00973951
0.0097415
0.00974412
0.00974726
0.00975081
0.00975462
0.00975856
0.00976248
0.00689165
0.00689589
0.00689951
0.00690236
0.00690432
0.00690532
0.00690532
0.00690432
0.00690238
0.00689958
0.00689603
0.00689188
0.00688729
0.00688244
0.00687751
0.00687269
0.00686815
0.00686407
0.00686058
0.00685783
0.0068559
0.00685487
0.00685479
0.00685565
0.00685744
0.00686008
0.0068635
0.00686756
0.00687212
0.006877
0.00688201
0.00688696
0.00266381
0.00266667
0.00266909
0.00267096
0.00267221
0.00267279
0.00267267
0.00267188
0.00267044
0.00266843
0.00266592
0.00266304
0.00265988
0.00265657
0.00265324
0.00265
0.00264699
0.00264429
0.00264202
0.00264024
0.00263902
0.00263841
0.00263843
0.00263909
0.00264036
0.00264221
0.00264457
0.00264737
0.0026505
0.00265383
0.00265726
0.00266063
0.0111709
0.0111655
0.0111623
0.0111614
0.0111629
0.0111666
0.0111725
0.0111804
0.0111899
0.0112006
0.0112123
0.0112243
0.0112363
0.0112478
0.0112584
0.0112676
0.0112751
0.0112805
0.0112838
0.0112847
0.0112832
0.0112794
0.0112734
0.0112654
0.0112558
0.011245
0.0112333
0.0112213
0.0112093
0.0111978
0.0111874
0.0111783
0.00966272
0.00965306
0.00964735
0.00964579
0.00964845
0.00965521
0.00966585
0.00967998
0.00969709
0.00971656
0.00973766
0.00975962
0.00978158
0.00980269
0.00982214
0.00983913
0.00985299
0.00986314
0.00986917
0.00987083
0.00986803
0.00986091
0.00984976
0.00983503
0.00981732
0.00979736
0.00977594
0.00975389
0.00973207
0.00971131
0.00969238
0.00967599
0.00677229
0.00676145
0.00675505
0.00675332
0.0067563
0.00676389
0.00677585
0.00679177
0.00681111
0.00683321
0.00685727
0.00688241
0.00690769
0.00693212
0.00695472
0.00697455
0.00699079
0.00700273
0.00700984
0.0070118
0.00700853
0.00700017
0.00698708
0.00696984
0.0069492
0.00692601
0.00690124
0.00687587
0.00685089
0.00682723
0.00680575
0.00678723
0.00258592
0.00257897
0.00257487
0.00257374
0.00257561
0.00258042
0.00258804
0.00259822
0.00261066
0.00262494
0.00264059
0.00265706
0.00267372
0.00268993
0.00270502
0.00271836
0.00272933
0.00273744
0.0027423
0.00274367
0.00274148
0.00273585
0.00272703
0.00271544
0.00270162
0.00268618
0.00266978
0.00265308
0.00263673
0.00262133
0.00260744
0.0025955
0.0111505
0.0111421
0.0111366
0.0111344
0.0111356
0.01114
0.0111475
0.0111578
0.0111706
0.0111854
0.0112015
0.0112185
0.0112356
0.0112522
0.0112676
0.0112813
0.0112927
0.0113013
0.0113069
0.0113091
0.011308
0.0113035
0.0112958
0.0112853
0.0112723
0.0112573
0.011241
0.011224
0.011207
0.0111905
0.0111752
0.0111617
0.00962185
0.00960629
0.00959642
0.00959257
0.00959487
0.00960325
0.00961741
0.00963686
0.00966091
0.00968871
0.00971924
0.00975136
0.00978387
0.00981551
0.00984503
0.00987124
0.00989308
0.00990963
0.00992021
0.00992435
0.0099219
0.00991295
0.00989787
0.00987731
0.00985212
0.00982332
0.0097921
0.00975967
0.00972731
0.00969625
0.00966765
0.00964255
0.00672369
0.00670604
0.00669489
0.00669059
0.00669329
0.0067029
0.0067191
0.00674139
0.00676902
0.00680108
0.00683643
0.00687383
0.00691186
0.00694906
0.00698394
0.00701504
0.00704103
0.00706078
0.0070734
0.0070783
0.00707526
0.00706443
0.00704629
0.00702166
0.00699163
0.00695749
0.00692067
0.00688267
0.00684497
0.00680899
0.00677605
0.00674729
0.00255367
0.00254241
0.00253535
0.00253268
0.00253446
0.00254064
0.00255107
0.00256544
0.00258333
0.0026042
0.00262739
0.00265208
0.0026774
0.00270235
0.00272591
0.00274706
0.00276483
0.00277837
0.00278703
0.00279036
0.0027882
0.00278064
0.00276808
0.00275112
0.00273059
0.00270743
0.00268266
0.00265731
0.00263238
0.00260879
0.00258737
0.0025688
0.0111927
0.0111872
0.0111831
0.0111805
0.0111796
0.0111803
0.0111827
0.0111867
0.011192
0.0111986
0.0112061
0.0112142
0.0112228
0.0112313
0.0112396
0.0112472
0.0112539
0.0112595
0.0112636
0.0112662
0.0112672
0.0112664
0.011264
0.01126
0.0112546
0.011248
0.0112405
0.0112323
0.0112237
0.0112152
0.0112069
0.0111993
0.00969426
0.00968384
0.00967623
0.0096717
0.00967043
0.00967246
0.00967771
0.00968599
0.00969699
0.0097103
0.00972544
0.00974183
0.00975885
0.00977586
0.0097922
0.00980724
0.00982037
0.00983109
0.00983895
0.00984364
0.00984498
0.00984289
0.00983748
0.00982896
0.00981767
0.00980407
0.00978868
0.00977212
0.00975503
0.00973807
0.00972189
0.0097071
0.00680408
0.00679201
0.00678328
0.00677819
0.00677691
0.00677948
0.00678583
0.00679573
0.00680883
0.00682468
0.00684269
0.00686222
0.00688254
0.00690287
0.00692243
0.00694043
0.00695614
0.00696892
0.00697822
0.00698366
0.00698501
0.0069822
0.00697537
0.00696481
0.00695097
0.00693441
0.00691582
0.00689595
0.00687556
0.00685546
0.00683638
0.00681904
0.00260451
0.00259669
0.00259109
0.0025879
0.00258721
0.00258904
0.00259335
0.0026
0.00260875
0.00261933
0.00263137
0.00264444
0.00265807
0.00267174
0.00268492
0.00269707
0.00270768
0.00271629
0.00272251
0.00272607
0.00272682
0.00272471
0.00271984
0.00271245
0.00270287
0.00269151
0.00267885
0.00266541
0.00265172
0.00263832
0.00262569
0.00261428
0.0112647
0.0112658
0.0112652
0.011263
0.0112593
0.0112542
0.0112479
0.0112406
0.0112328
0.0112245
0.0112162
0.0112082
0.0112008
0.0111942
0.0111888
0.0111847
0.0111821
0.0111811
0.0111817
0.0111838
0.0111875
0.0111926
0.0111989
0.0112061
0.0112139
0.0112222
0.0112305
0.0112385
0.0112459
0.0112525
0.011258
0.0112621
0.00983106
0.00983314
0.00983227
0.00982848
0.00982191
0.00981285
0.00980164
0.00978874
0.00977467
0.00975998
0.00974524
0.00973102
0.00971786
0.00970625
0.00969663
0.00968934
0.00968465
0.00968272
0.00968363
0.00968733
0.00969368
0.00970246
0.00971335
0.00972593
0.00973975
0.00975429
0.009769
0.00978331
0.00979668
0.00980857
0.00981852
0.00982612
0.00696428
0.00696682
0.00696592
0.00696161
0.00695407
0.00694361
0.00693068
0.00691583
0.00689967
0.00688285
0.00686606
0.00684994
0.00683509
0.00682206
0.0068113
0.00680319
0.006798
0.00679589
0.00679692
0.00680104
0.00680811
0.00681788
0.00683001
0.00684407
0.00685958
0.00687597
0.00689263
0.00690894
0.00692426
0.00693798
0.00694953
0.00695843
0.00271132
0.00271321
0.00271279
0.00271007
0.00270515
0.00269827
0.00268974
0.00267992
0.00266925
0.00265819
0.00264716
0.0026366
0.0026269
0.0026184
0.00261139
0.00260609
0.00260266
0.0026012
0.00260175
0.00260427
0.00260869
0.00261485
0.00262256
0.00263156
0.00264155
0.00265219
0.00266309
0.00267385
0.00268405
0.00269326
0.0027011
0.00270721
0.0113056
0.0113106
0.0113122
0.0113103
0.011305
0.0112964
0.0112849
0.0112709
0.0112551
0.011238
0.0112203
0.0112027
0.0111859
0.0111704
0.0111569
0.0111459
0.0111378
0.0111328
0.0111313
0.0111332
0.0111384
0.0111468
0.0111581
0.0111718
0.0111874
0.0112044
0.011222
0.0112397
0.0112567
0.0112723
0.011286
0.0112973
0.00991351
0.00992379
0.00992749
0.00992446
0.00991481
0.00989897
0.0098776
0.00985159
0.00982201
0.00979007
0.00975702
0.00972416
0.00969273
0.00966391
0.00963874
0.00961811
0.00960277
0.00959323
0.00958982
0.00959267
0.00960166
0.00961649
0.00963664
0.00966141
0.00968992
0.00972112
0.00975387
0.00978692
0.009819
0.00984883
0.00987523
0.00989709
0.00706382
0.00707639
0.00708112
0.00707778
0.00706652
0.00704787
0.00702267
0.00699203
0.00695729
0.00691992
0.00688142
0.00684331
0.00680702
0.00677387
0.00674501
0.0067214
0.00670382
0.00669282
0.00668874
0.00669172
0.00670164
0.0067182
0.00674087
0.00676892
0.00680141
0.00683722
0.00687507
0.00691354
0.00695116
0.0069864
0.00701779
0.00704399
0.00277937
0.00278833
0.0027919
0.00278989
0.00278242
0.00276985
0.00275282
0.00273215
0.0027088
0.00268382
0.00265824
0.00263308
0.00260927
0.00258762
0.00256885
0.00255353
0.00254209
0.00253486
0.00253203
0.00253366
0.00253972
0.00255005
0.00256434
0.00258221
0.00260311
0.00262637
0.00265122
0.00267675
0.00270197
0.00272585
0.00274735
0.00276548
0.0112949
0.0112975
0.0112973
0.0112941
0.0112882
0.0112797
0.0112689
0.0112564
0.0112426
0.0112281
0.0112133
0.0111989
0.0111854
0.0111733
0.0111631
0.0111552
0.0111498
0.0111472
0.0111475
0.0111506
0.0111564
0.0111648
0.0111753
0.0111877
0.0112014
0.0112159
0.0112307
0.0112451
0.0112587
0.011271
0.0112813
0.0112894
0.00989185
0.00989771
0.00989805
0.00989285
0.00988233
0.00986692
0.00984726
0.00982416
0.00979854
0.00977143
0.00974388
0.00971695
0.00969167
0.00966896
0.00964965
0.00963445
0.0096239
0.00961837
0.00961805
0.00962296
0.00963292
0.00964758
0.00966642
0.00968876
0.00971378
0.00974056
0.00976809
0.00979531
0.00982117
0.00984462
0.00986474
0.0098807
0.00703752
0.00704491
0.00704573
0.00703995
0.00702783
0.00700989
0.00698692
0.00695991
0.00692999
0.00689837
0.00686632
0.00683507
0.00680577
0.00677949
0.00675716
0.00673953
0.0067272
0.00672057
0.00671986
0.00672509
0.00673609
0.0067525
0.00677376
0.00679916
0.0068278
0.00685866
0.0068906
0.00692241
0.00695283
0.00698063
0.00700467
0.00702391
0.00275991
0.00276525
0.00276616
0.00276259
0.00275472
0.00274293
0.00272776
0.00270992
0.00269019
0.00266941
0.00264841
0.00262802
0.00260896
0.00259189
0.0025774
0.00256592
0.00255781
0.00255332
0.00255257
0.00255559
0.00256228
0.00257245
0.0025858
0.0026019
0.00262023
0.00264017
0.00266101
0.00268196
0.00270219
0.00272087
0.00273718
0.0027504
0.0112518
0.0112481
0.0112435
0.0112381
0.0112322
0.0112259
0.0112196
0.0112135
0.0112077
0.0112026
0.0111983
0.011195
0.0111928
0.0111918
0.011192
0.0111935
0.0111961
0.0111998
0.0112044
0.0112097
0.0112156
0.0112218
0.0112281
0.0112343
0.01124
0.0112451
0.0112494
0.0112528
0.011255
0.011256
0.0112558
0.0112544
0.00980672
0.00980025
0.00979214
0.00978271
0.00977232
0.00976138
0.00975032
0.00973956
0.00972952
0.00972057
0.00971307
0.00970729
0.00970345
0.00970169
0.00970207
0.00970458
0.00970912
0.00971553
0.00972354
0.00973288
0.00974317
0.00975403
0.00976505
0.00977581
0.00978588
0.0097949
0.00980249
0.00980838
0.00981232
0.00981415
0.00981381
0.0098113
0.00693575
0.00692849
0.00691934
0.00690868
0.00689691
0.0068845
0.00687194
0.00685971
0.00684829
0.00683812
0.00682959
0.00682301
0.00681863
0.00681662
0.00681703
0.00681984
0.00682496
0.00683216
0.00684119
0.0068517
0.0068633
0.00687554
0.00688798
0.00690013
0.00691153
0.00692176
0.0069304
0.00693713
0.00694168
0.00694386
0.00694358
0.00694084
0.00268991
0.00268522
0.00267938
0.00267261
0.00266519
0.00265741
0.00264958
0.002642
0.00263497
0.00262876
0.00262361
0.00261969
0.00261716
0.0026161
0.00261655
0.00261849
0.00262183
0.00262645
0.00263218
0.00263881
0.00264608
0.00265372
0.00266145
0.00266897
0.00267601
0.00268228
0.00268756
0.00269162
0.0026943
0.0026955
0.00269515
0.00269326
0.0112148
0.0112071
0.0111999
0.0111937
0.0111886
0.0111849
0.0111827
0.0111821
0.011183
0.0111855
0.0111895
0.0111948
0.0112012
0.0112085
0.0112164
0.0112245
0.0112327
0.0112405
0.0112477
0.011254
0.0112591
0.0112628
0.011265
0.0112657
0.0112647
0.0112622
0.0112582
0.0112528
0.0112464
0.011239
0.0112311
0.011223
0.00973581
0.00972112
0.00970787
0.00969655
0.00968758
0.00968129
0.0096779
0.00967756
0.00968027
0.00968594
0.00969436
0.00970523
0.00971814
0.00973262
0.0097481
0.00976402
0.00977974
0.00979466
0.00980819
0.0098198
0.00982902
0.00983548
0.00983892
0.00983922
0.00983635
0.00983045
0.00982175
0.0098106
0.00979744
0.0097828
0.00976724
0.00975138
0.0068521
0.0068351
0.00681988
0.00680699
0.00679689
0.00678994
0.00678638
0.00678636
0.00678988
0.00679681
0.00680694
0.00681989
0.00683521
0.00685234
0.00687064
0.00688941
0.00690793
0.00692546
0.00694131
0.00695481
0.00696543
0.00697272
0.00697638
0.00697627
0.00697239
0.00696491
0.00695417
0.0069406
0.00692476
0.0069073
0.00688889
0.00687026
0.00263411
0.00262293
0.00261306
0.00260484
0.00259856
0.00259441
0.00259254
0.00259302
0.00259584
0.00260091
0.00260806
0.00261707
0.00262761
0.00263933
0.00265179
0.00266452
0.00267704
0.00268882
0.00269939
0.00270831
0.00271517
0.0027197
0.00272168
0.00272104
0.00271781
0.00271214
0.00270428
0.00269458
0.00268346
0.00267136
0.00265878
0.00264621
0.011214
0.0112089
0.0112043
0.0112005
0.0111976
0.0111957
0.011195
0.0111953
0.0111967
0.0111992
0.0112026
0.0112069
0.0112118
0.0112172
0.0112229
0.0112286
0.0112342
0.0112393
0.0112439
0.0112477
0.0112507
0.0112526
0.0112533
0.011253
0.0112516
0.0112491
0.0112456
0.0112413
0.0112364
0.011231
0.0112253
0.0112196
0.00973399
0.00972363
0.0097146
0.00970723
0.00970181
0.00969854
0.00969754
0.00969884
0.0097024
0.00970809
0.00971569
0.00972492
0.00973544
0.00974683
0.00975868
0.00977051
0.00978189
0.00979236
0.00980151
0.009809
0.00981451
0.00981785
0.00981886
0.00981752
0.00981387
0.00980807
0.00980034
0.00979099
0.00978038
0.00976893
0.00975708
0.00974528
0.00684968
0.00683738
0.00682674
0.00681815
0.00681191
0.00680826
0.00680734
0.00680917
0.00681368
0.00682073
0.00683005
0.0068413
0.00685407
0.00686788
0.00688221
0.00689651
0.00691023
0.00692282
0.00693379
0.00694269
0.00694917
0.00695296
0.0069539
0.00695196
0.00694722
0.00693988
0.00693023
0.00691867
0.00690566
0.00689171
0.00687736
0.00686317
0.00263317
0.00262491
0.00261786
0.00261224
0.00260827
0.00260607
0.00260573
0.00260726
0.0026106
0.00261564
0.00262221
0.00263007
0.00263895
0.00264852
0.00265843
0.00266828
0.0026777
0.00268632
0.00269377
0.00269975
0.00270401
0.00270637
0.00270672
0.00270504
0.00270143
0.00269602
0.00268906
0.00268083
0.00267166
0.00266194
0.00265203
0.00264232
0.0112377
0.0112408
0.0112432
0.011245
0.0112459
0.011246
0.0112452
0.0112437
0.0112414
0.0112384
0.0112349
0.011231
0.0112269
0.0112226
0.0112184
0.0112145
0.0112109
0.0112078
0.0112054
0.0112036
0.0112027
0.0112026
0.0112034
0.0112049
0.0112072
0.0112102
0.0112136
0.0112175
0.0112217
0.011226
0.0112302
0.0112341
0.00977975
0.00978469
0.00978861
0.00979135
0.00979281
0.00979293
0.00979169
0.00978916
0.00978542
0.00978064
0.00977498
0.00976868
0.00976198
0.00975514
0.00974841
0.00974207
0.00973634
0.00973145
0.00972759
0.00972489
0.00972347
0.00972336
0.00972458
0.00972708
0.00973077
0.0097355
0.0097411
0.00974735
0.00975403
0.00976086
0.0097676
0.00977398
0.00690371
0.00690913
0.00691344
0.00691647
0.00691807
0.0069182
0.00691683
0.00691402
0.00690989
0.00690461
0.00689838
0.00689146
0.00688413
0.00687668
0.00686938
0.00686253
0.00685637
0.00685114
0.00684702
0.00684417
0.00684268
0.00684261
0.00684395
0.00684665
0.00685062
0.00685572
0.00686175
0.00686849
0.0068757
0.00688311
0.00689044
0.00689739
0.00266998
0.00267339
0.00267612
0.00267805
0.00267909
0.0026792
0.00267837
0.00267664
0.00267407
0.00267077
0.00266689
0.00266259
0.00265804
0.00265342
0.00264891
0.00264468
0.00264089
0.00263768
0.00263515
0.0026334
0.00263248
0.00263242
0.00263322
0.00263485
0.00263726
0.00264035
0.00264403
0.00264816
0.00265259
0.00265716
0.0026617
0.00266603
0.0112571
0.0112676
0.0112764
0.0112832
0.0112876
0.0112896
0.0112889
0.0112858
0.0112802
0.0112724
0.0112627
0.0112515
0.0112392
0.0112263
0.0112133
0.0112007
0.011189
0.0111786
0.0111699
0.0111632
0.0111589
0.011157
0.0111576
0.0111607
0.0111663
0.0111739
0.0111835
0.0111946
0.0112068
0.0112197
0.0112327
0.0112453
0.00981802
0.00983718
0.00985331
0.00986574
0.00987397
0.00987765
0.00987664
0.00987098
0.00986089
0.0098468
0.00982927
0.00980902
0.00978686
0.00976366
0.00974032
0.00971773
0.00969674
0.00967815
0.00966263
0.00965073
0.0096429
0.00963941
0.00964038
0.00964578
0.00965541
0.00966893
0.00968586
0.00970557
0.00972733
0.00975035
0.00977373
0.00979658
0.00694932
0.00697156
0.00699035
0.0070049
0.00701456
0.00701892
0.0070178
0.00701122
0.00699949
0.00698311
0.00696278
0.00693936
0.00691381
0.00688716
0.00686044
0.00683469
0.00681086
0.00678981
0.00677227
0.00675886
0.00675003
0.00674608
0.00674713
0.00675315
0.00676393
0.00677912
0.0067982
0.00682049
0.00684521
0.00687145
0.00689824
0.00692454
0.00270068
0.00271541
0.00272792
0.00273766
0.00274417
0.00274715
0.00274645
0.00274212
0.00273434
0.00272349
0.00271005
0.00269463
0.00267788
0.0026605
0.00264317
0.00262655
0.00261124
0.00259777
0.00258659
0.00257805
0.00257243
0.00256989
0.0025705
0.00257426
0.00258103
0.00259062
0.00260272
0.00261695
0.00263281
0.00264976
0.00266717
0.00268437
0.0112631
0.0112755
0.0112858
0.0112938
0.0112989
0.0113012
0.0113003
0.0112965
0.0112898
0.0112805
0.011269
0.0112556
0.0112411
0.0112258
0.0112104
0.0111955
0.0111817
0.0111694
0.0111592
0.0111514
0.0111464
0.0111442
0.011145
0.0111488
0.0111554
0.0111645
0.0111759
0.0111891
0.0112036
0.0112188
0.0112342
0.0112491
0.00982818
0.00985094
0.00987014
0.00988497
0.00989482
0.00989929
0.00989819
0.00989157
0.00987969
0.00986306
0.00984235
0.00981841
0.0097922
0.00976477
0.00973717
0.00971047
0.00968566
0.00966367
0.00964529
0.0096312
0.00962188
0.00961767
0.00961872
0.00962499
0.00963625
0.00965211
0.009672
0.0096952
0.00972087
0.00974804
0.00977569
0.00980276
0.0069606
0.0069871
0.00700956
0.00702702
0.00703872
0.00704415
0.00704306
0.0070355
0.0070218
0.00700256
0.00697863
0.00695101
0.00692085
0.00688937
0.0068578
0.00682736
0.00679916
0.00677421
0.0067534
0.00673742
0.00672682
0.00672193
0.00672293
0.00672978
0.00674225
0.00675992
0.00678221
0.00680835
0.00683741
0.00686835
0.00690001
0.00693117
0.00270713
0.0027246
0.00273953
0.00275123
0.00275916
0.00276295
0.00276241
0.00275756
0.00274864
0.00273607
0.00272045
0.00270246
0.00268289
0.00266256
0.00264228
0.00262281
0.00260484
0.002589
0.00257581
0.00256568
0.00255891
0.00255571
0.00255617
0.00256028
0.00256791
0.00257884
0.00259274
0.00260916
0.00262756
0.00264731
0.00266768
0.00268789
0.0112656
0.0112747
0.0112819
0.0112869
0.0112893
0.0112892
0.0112866
0.0112815
0.0112741
0.0112648
0.0112539
0.0112418
0.011229
0.011216
0.0112033
0.0111913
0.0111806
0.0111715
0.0111644
0.0111596
0.0111572
0.0111573
0.0111599
0.0111649
0.0111722
0.0111814
0.0111922
0.0112042
0.011217
0.01123
0.0112427
0.0112548
0.00983141
0.00984799
0.00986109
0.00987017
0.00987486
0.00987497
0.00987049
0.00986161
0.00984869
0.00983225
0.00981296
0.00979159
0.00976898
0.00974602
0.00972358
0.00970252
0.00968362
0.00966758
0.009655
0.00964631
0.00964185
0.00964175
0.00964604
0.00965455
0.00966698
0.00968287
0.00970165
0.00972262
0.00974501
0.00976796
0.00979059
0.00981202
0.0069636
0.00698274
0.00699794
0.00700855
0.00701412
0.0070144
0.00700938
0.00699927
0.00698451
0.00696572
0.00694369
0.00691931
0.00689358
0.00686751
0.00684209
0.00681829
0.00679697
0.00677889
0.0067647
0.00675489
0.00674978
0.00674955
0.00675421
0.00676359
0.00677738
0.0067951
0.00681612
0.0068397
0.00686497
0.006891
0.00691678
0.0069413
0.00270835
0.00272071
0.00273058
0.00273753
0.00274122
0.0027415
0.00273834
0.0027319
0.00272246
0.00271045
0.00269639
0.00268089
0.00266459
0.00264813
0.00263215
0.00261723
0.00260391
0.00259265
0.00258381
0.00257767
0.00257445
0.00257422
0.00257701
0.00258272
0.00259116
0.00260208
0.00261511
0.0026298
0.00264563
0.00266204
0.00267839
0.00269404
0.0112635
0.0112679
0.0112706
0.0112715
0.0112706
0.0112679
0.0112634
0.0112575
0.0112502
0.011242
0.0112331
0.0112238
0.0112145
0.0112056
0.0111974
0.0111902
0.0111843
0.01118
0.0111773
0.0111764
0.0111773
0.01118
0.0111844
0.0111903
0.0111975
0.0112057
0.0112146
0.0112239
0.0112331
0.0112421
0.0112503
0.0112576
0.00982825
0.00983593
0.00984059
0.00984204
0.00984022
0.0098352
0.00982719
0.00981651
0.00980358
0.00978892
0.0097731
0.00975674
0.00974048
0.00972492
0.00971067
0.00969825
0.00968813
0.00968068
0.00967617
0.00967477
0.00967654
0.0096814
0.00968917
0.00969958
0.00971223
0.00972667
0.00974233
0.00975864
0.00977496
0.00979067
0.00980516
0.00981785
0.00696025
0.00696895
0.00697419
0.00697576
0.00697358
0.00696774
0.00695849
0.00694621
0.0069314
0.00691467
0.00689667
0.00687813
0.00685975
0.00684224
0.00682625
0.00681238
0.00680111
0.00679287
0.00678793
0.00678648
0.00678856
0.00679409
0.00680289
0.00681464
0.00682891
0.00684519
0.00686288
0.00688132
0.0068998
0.00691761
0.00693404
0.00694845
0.00270657
0.00271193
0.00271509
0.00271589
0.00271431
0.00271041
0.00270436
0.00269642
0.00268693
0.00267629
0.00266492
0.00265329
0.00264184
0.002631
0.00262117
0.0026127
0.00260589
0.00260097
0.0025981
0.00259739
0.00259885
0.00260243
0.00260801
0.00261541
0.00262437
0.00263457
0.00264565
0.00265719
0.00266877
0.00267993
0.00269022
0.00269923
0.0112519
0.0112525
0.011252
0.0112505
0.011248
0.0112446
0.0112403
0.0112355
0.0112303
0.0112248
0.0112193
0.011214
0.0112091
0.0112048
0.0112013
0.0111986
0.0111969
0.0111963
0.0111968
0.0111983
0.0112008
0.0112042
0.0112084
0.0112132
0.0112184
0.0112239
0.0112294
0.0112347
0.0112396
0.0112439
0.0112475
0.0112502
0.00980708
0.00980814
0.00980727
0.0098045
0.00979995
0.00979379
0.00978626
0.00977766
0.00976832
0.00975861
0.00974891
0.00973958
0.00973098
0.00972343
0.00971722
0.00971259
0.0097097
0.00970866
0.00970952
0.00971224
0.00971671
0.00972278
0.00973021
0.00973872
0.009748
0.00975768
0.0097674
0.00977678
0.00978546
0.00979311
0.00979941
0.00980413
0.00693586
0.006937
0.00693593
0.0069327
0.00692743
0.00692033
0.00691169
0.00690186
0.00689121
0.00688016
0.00686915
0.0068586
0.00684889
0.00684041
0.00683347
0.00682831
0.00682513
0.00682405
0.0068251
0.00682824
0.00683336
0.00684027
0.00684872
0.00685838
0.00686891
0.00687989
0.00689092
0.00690157
0.00691142
0.00692008
0.00692723
0.00693255
0.00269068
0.00269124
0.0026904
0.00268821
0.00268473
0.00268013
0.00267458
0.00266831
0.00266157
0.00265463
0.00264775
0.0026412
0.00263523
0.00263005
0.00262585
0.00262278
0.00262096
0.00262045
0.00262125
0.00262335
0.00262667
0.00263109
0.00263645
0.00264255
0.00264918
0.00265607
0.00266298
0.00266962
0.00267576
0.00268112
0.00268551
0.00268874
0.0112364
0.011234
0.0112312
0.0112282
0.0112251
0.0112219
0.0112188
0.0112159
0.0112134
0.0112113
0.0112097
0.0112087
0.0112083
0.0112086
0.0112094
0.0112108
0.0112128
0.0112152
0.0112179
0.0112209
0.0112241
0.0112273
0.0112303
0.0112332
0.0112357
0.0112378
0.0112394
0.0112404
0.0112408
0.0112406
0.0112398
0.0112384
0.00977828
0.00977432
0.00976974
0.00976473
0.00975948
0.00975419
0.00974906
0.00974429
0.00974007
0.00973655
0.00973387
0.00973214
0.00973141
0.00973171
0.00973303
0.00973532
0.0097385
0.00974243
0.00974698
0.00975197
0.0097572
0.00976249
0.00976761
0.00977239
0.00977663
0.00978017
0.00978287
0.00978464
0.00978539
0.0097851
0.00978377
0.00978147
0.00690238
0.00689799
0.00689291
0.00688734
0.00688151
0.00687563
0.00686992
0.00686462
0.00685993
0.00685601
0.00685303
0.00685109
0.00685027
0.00685059
0.00685205
0.00685458
0.0068581
0.00686247
0.00686751
0.00687305
0.00687886
0.00688473
0.00689043
0.00689575
0.00690047
0.00690441
0.00690743
0.0069094
0.00691024
0.00690993
0.00690847
0.00690592
0.00266869
0.00266593
0.00266276
0.00265932
0.00265574
0.00265214
0.00264868
0.00264549
0.00264268
0.00264036
0.00263863
0.00263753
0.00263713
0.00263742
0.0026384
0.00264003
0.00264225
0.00264498
0.00264811
0.00265153
0.0026551
0.00265869
0.00266216
0.00266538
0.00266822
0.00267057
0.00267234
0.00267345
0.00267388
0.00267359
0.00267259
0.00267094
0.011225
0.0112193
0.0112138
0.0112086
0.0112041
0.0112004
0.0111976
0.0111958
0.0111951
0.0111955
0.0111971
0.0111997
0.0112032
0.0112076
0.0112126
0.011218
0.0112238
0.0112295
0.011235
0.0112402
0.0112447
0.0112484
0.0112512
0.011253
0.0112537
0.0112533
0.0112517
0.0112491
0.0112456
0.0112412
0.0112362
0.0112307
0.0097568
0.00974713
0.00973789
0.00972945
0.00972212
0.00971617
0.00971184
0.00970927
0.00970858
0.00970979
0.00971286
0.00971766
0.00972402
0.00973171
0.00974042
0.00974984
0.00975959
0.0097693
0.0097786
0.00978713
0.00979455
0.00980057
0.00980496
0.00980755
0.00980823
0.00980698
0.00980385
0.00979896
0.00979251
0.00978475
0.00977598
0.00976654
0.00687729
0.00686653
0.00685632
0.00684703
0.00683903
0.00683261
0.006828
0.00682537
0.00682483
0.0068264
0.00683001
0.00683555
0.0068428
0.0068515
0.00686133
0.00687191
0.00688285
0.00689371
0.00690407
0.00691354
0.00692173
0.00692832
0.00693305
0.00693572
0.00693624
0.00693458
0.00693081
0.00692509
0.00691764
0.00690878
0.00689883
0.0068882
0.0026522
0.00264552
0.00263924
0.00263361
0.00262882
0.00262505
0.00262244
0.00262108
0.00262101
0.00262225
0.00262475
0.00262842
0.00263314
0.00263873
0.00264498
0.00265168
0.00265855
0.00266534
0.00267178
0.00267761
0.0026826
0.00268654
0.00268927
0.00269068
0.00269072
0.00268937
0.00268671
0.00268284
0.00267793
0.00267216
0.00266579
0.00265905
0.0112267
0.0112177
0.011209
0.0112009
0.0111936
0.0111875
0.0111829
0.0111798
0.0111784
0.0111787
0.0111808
0.0111845
0.0111897
0.0111963
0.0112039
0.0112123
0.0112212
0.0112301
0.0112389
0.011247
0.0112543
0.0112604
0.0112652
0.0112683
0.0112697
0.0112694
0.0112673
0.0112635
0.0112582
0.0112516
0.011244
0.0112356
0.00976026
0.0097446
0.00972948
0.0097155
0.00970317
0.00969295
0.00968522
0.00968027
0.00967827
0.00967931
0.00968335
0.00969023
0.00969971
0.00971143
0.00972496
0.00973979
0.00975535
0.00977107
0.00978631
0.0098005
0.00981308
0.00982355
0.00983149
0.00983659
0.00983863
0.00983755
0.00983338
0.00982629
0.00981657
0.0098046
0.00979085
0.00977588
0.00688147
0.00686378
0.00684681
0.00683118
0.00681747
0.00680619
0.00679773
0.0067924
0.00679039
0.00679176
0.00679648
0.00680437
0.00681516
0.00682845
0.00684377
0.00686055
0.00687817
0.00689594
0.00691319
0.00692924
0.00694345
0.00695524
0.00696413
0.00696975
0.00697187
0.0069704
0.0069654
0.00695709
0.00694581
0.00693201
0.00691626
0.00689919
0.00265523
0.00264406
0.00263341
0.00262369
0.00261523
0.00260834
0.00260324
0.00260012
0.00259908
0.00260014
0.00260328
0.0026084
0.00261531
0.00262378
0.00263352
0.00264417
0.00265535
0.00266663
0.00267757
0.00268774
0.00269672
0.00270413
0.00270966
0.00271307
0.00271422
0.00271305
0.00270961
0.00270405
0.00269662
0.00268762
0.00267745
0.0026665
0.0112353
0.0112251
0.0112148
0.0112049
0.0111957
0.0111876
0.0111809
0.0111758
0.0111726
0.0111713
0.011172
0.0111747
0.0111792
0.0111855
0.0111933
0.0112022
0.0112119
0.0112221
0.0112324
0.0112424
0.0112516
0.0112598
0.0112666
0.0112717
0.011275
0.0112763
0.0112756
0.0112729
0.0112683
0.0112619
0.0112541
0.0112451
0.00977658
0.0097582
0.00973987
0.00972228
0.0097061
0.00969194
0.00968032
0.00967166
0.00966628
0.00966438
0.00966603
0.00967116
0.00967959
0.00969101
0.00970501
0.00972106
0.00973857
0.00975688
0.00977528
0.00979306
0.00980954
0.00982406
0.00983604
0.009845
0.00985059
0.00985256
0.00985085
0.00984552
0.00983679
0.00982501
0.00981065
0.0097943
0.00690059
0.00687957
0.0068587
0.00683876
0.0068205
0.00680459
0.00679159
0.00678197
0.00677607
0.00677408
0.00677608
0.006782
0.00679163
0.00680464
0.00682056
0.00683883
0.00685877
0.00687965
0.00690066
0.006921
0.00693986
0.00695649
0.0069702
0.00698042
0.00698673
0.00698886
0.00698672
0.00698039
0.00697016
0.00695644
0.0069398
0.00692093
0.00266806
0.00265458
0.00264127
0.00262863
0.00261712
0.00260715
0.00259906
0.00259312
0.00258952
0.00258839
0.00258975
0.00259357
0.00259972
0.002608
0.00261812
0.00262975
0.00264247
0.00265581
0.00266928
0.00268234
0.00269448
0.00270519
0.00271402
0.00272059
0.00272459
0.00272586
0.00272434
0.0027201
0.00271331
0.0027043
0.00269343
0.00268119
0.0112464
0.0112386
0.0112303
0.0112217
0.0112132
0.0112051
0.0111978
0.0111914
0.0111864
0.0111827
0.0111807
0.0111803
0.0111815
0.0111844
0.0111888
0.0111946
0.0112015
0.0112093
0.0112176
0.0112262
0.0112347
0.0112428
0.0112502
0.0112566
0.0112617
0.0112654
0.0112675
0.0112679
0.0112666
0.0112637
0.0112592
0.0112534
0.00979527
0.009781
0.00976587
0.00975049
0.00973544
0.00972128
0.00970856
0.00969776
0.00968926
0.00968339
0.00968035
0.00968027
0.00968314
0.00968886
0.00969722
0.00970791
0.00972053
0.00973462
0.00974965
0.00976503
0.00978019
0.00979453
0.00980749
0.00981856
0.0098273
0.00983336
0.00983649
0.00983657
0.0098336
0.00982769
0.00981909
0.00980814
0.00692149
0.00690502
0.00688768
0.00687013
0.00685304
0.00683707
0.00682279
0.00681074
0.00680135
0.00679495
0.00679177
0.00679192
0.00679541
0.0068021
0.00681176
0.00682406
0.00683853
0.00685465
0.00687183
0.00688941
0.00690671
0.00692307
0.00693782
0.00695038
0.00696023
0.00696696
0.00697031
0.00697012
0.00696642
0.00695935
0.00694921
0.00693641
0.00268108
0.00267046
0.00265934
0.00264817
0.00263737
0.00262733
0.00261843
0.00261098
0.00260523
0.00260138
0.00259957
0.00259985
0.00260221
0.00260658
0.0026128
0.00262067
0.00262991
0.0026402
0.00265115
0.00266236
0.0026734
0.00268382
0.00269321
0.00270118
0.00270739
0.00271157
0.00271355
0.00271323
0.00271064
0.00270588
0.00269917
0.00269078
0.01126
0.0112574
0.0112535
0.0112484
0.0112425
0.0112358
0.0112287
0.0112214
0.0112143
0.0112075
0.0112014
0.0111961
0.0111919
0.011189
0.0111874
0.0111872
0.0111885
0.0111911
0.011195
0.0112
0.0112059
0.0112126
0.0112197
0.0112269
0.0112341
0.0112409
0.0112471
0.0112524
0.0112566
0.0112596
0.0112611
0.0112613
0.00981883
0.00981388
0.00980678
0.00979781
0.00978732
0.00977574
0.0097635
0.00975108
0.00973895
0.00972758
0.00971739
0.00970877
0.00970204
0.00969745
0.00969517
0.00969529
0.0096978
0.00970262
0.00970956
0.00971837
0.00972872
0.00974021
0.00975242
0.00976487
0.00977709
0.0097886
0.00979895
0.00980773
0.00981459
0.00981928
0.00982159
0.00982144
0.00694812
0.00694237
0.00693421
0.00692399
0.0069121
0.00689901
0.00688525
0.00687133
0.0068578
0.00684516
0.0068339
0.00682441
0.00681707
0.00681212
0.00680976
0.00681007
0.00681304
0.00681856
0.00682644
0.00683639
0.00684804
0.00686095
0.00687465
0.00688861
0.00690228
0.00691514
0.00692668
0.00693644
0.00694404
0.00694915
0.00695158
0.00695123
0.00269794
0.00269429
0.00268913
0.00268269
0.00267523
0.00266704
0.00265845
0.0026498
0.00264141
0.00263361
0.00262667
0.00262085
0.00261637
0.00261336
0.00261195
0.00261218
0.00261405
0.00261748
0.00262237
0.00262853
0.00263575
0.00264376
0.00265226
0.00266094
0.00266946
0.00267748
0.00268468
0.00269078
0.00269552
0.0026987
0.00270019
0.00269994
0.0112736
0.0112764
0.0112772
0.0112759
0.0112726
0.0112674
0.0112606
0.0112523
0.011243
0.0112329
0.0112225
0.0112121
0.0112022
0.0111931
0.0111852
0.0111788
0.0111741
0.0111713
0.0111706
0.0111718
0.011175
0.0111802
0.0111869
0.0111952
0.0112045
0.0112145
0.0112249
0.0112353
0.0112453
0.0112544
0.0112624
0.0112688
0.00984369
0.00984867
0.00985012
0.00984799
0.00984236
0.00983346
0.00982164
0.00980737
0.00979124
0.00977385
0.00975591
0.00973809
0.00972107
0.00970551
0.00969198
0.00968098
0.00967293
0.00966811
0.0096667
0.00966877
0.00967421
0.00968285
0.00969437
0.00970832
0.00972421
0.00974143
0.00975933
0.00977722
0.00979442
0.00981025
0.00982409
0.00983538
0.00697693
0.00698268
0.00698441
0.00698206
0.00697572
0.00696566
0.00695229
0.00693615
0.00691792
0.00689831
0.00687811
0.00685809
0.00683902
0.00682161
0.0068065
0.00679424
0.00678526
0.00677988
0.00677829
0.00678054
0.00678654
0.0067961
0.00680886
0.00682437
0.00684207
0.00686131
0.00688137
0.0069015
0.0069209
0.00693882
0.00695454
0.00696742
0.00271663
0.00272048
0.00272177
0.00272044
0.00271654
0.00271025
0.00270184
0.00269166
0.00268016
0.0026678
0.00265508
0.0026425
0.00263053
0.00261961
0.00261014
0.00260243
0.00259676
0.0025933
0.00259218
0.00259342
0.00259699
0.00260276
0.00261053
0.00262006
0.002631
0.00264296
0.00265551
0.00266819
0.00268049
0.00269193
0.00270204
0.0027104
0.0112835
0.0112904
0.0112947
0.0112962
0.0112949
0.0112908
0.0112841
0.011275
0.0112639
0.0112513
0.0112376
0.0112233
0.0112091
0.0111953
0.0111827
0.0111716
0.0111625
0.0111557
0.0111515
0.01115
0.0111513
0.0111553
0.011162
0.0111709
0.0111819
0.0111944
0.0112081
0.0112223
0.0112366
0.0112504
0.0112631
0.0112743
0.00986359
0.00987604
0.00988388
0.00988678
0.00988462
0.00987749
0.0098657
0.00984971
0.00983018
0.0098079
0.00978376
0.0097587
0.00973369
0.0097097
0.00968762
0.00966826
0.00965235
0.00964045
0.00963299
0.00963024
0.0096323
0.00963909
0.00965037
0.00966573
0.00968462
0.00970635
0.00973012
0.00975503
0.00978013
0.00980446
0.00982707
0.00984704
0.00700084
0.0070153
0.00702447
0.00702795
0.00702558
0.00701747
0.00700396
0.00698564
0.00696328
0.00693783
0.00691032
0.00688185
0.00685353
0.00682644
0.00680158
0.00677984
0.00676199
0.00674865
0.00674026
0.00673712
0.00673931
0.00674677
0.00675925
0.00677632
0.00679739
0.00682173
0.00684846
0.0068766
0.00690509
0.00693283
0.00695872
0.00698171
0.00273275
0.00274232
0.00274847
0.00275091
0.00274953
0.0027444
0.00273575
0.00272397
0.00270961
0.00269329
0.00267571
0.00265758
0.00263962
0.00262251
0.00260685
0.00259319
0.00258199
0.0025736
0.00256828
0.00256619
0.00256741
0.00257188
0.00257947
0.00258994
0.00260297
0.00261811
0.00263487
0.00265264
0.00267076
0.00268854
0.00270526
0.00272021
0.0112831
0.0112913
0.011297
0.0112997
0.0112995
0.0112963
0.0112903
0.0112817
0.0112708
0.011258
0.011244
0.0112291
0.011214
0.0111993
0.0111854
0.0111731
0.0111626
0.0111544
0.0111489
0.0111462
0.0111464
0.0111495
0.0111554
0.0111639
0.0111747
0.0111873
0.0112013
0.0112161
0.0112312
0.011246
0.01126
0.0112725
0.00986281
0.00987758
0.00988768
0.00989269
0.00989241
0.00988684
0.00987622
0.00986099
0.00984177
0.00981934
0.0097946
0.00976852
0.00974213
0.00971643
0.0096924
0.00967093
0.0096528
0.00963868
0.00962907
0.00962432
0.00962458
0.00962986
0.00963997
0.00965454
0.00967305
0.00969483
0.00971909
0.00974491
0.00977132
0.0097973
0.00982185
0.00984398
0.00699997
0.00701703
0.00702875
0.0070346
0.00703434
0.00702797
0.00701578
0.00699829
0.00697626
0.00695061
0.0069224
0.00689277
0.00686289
0.0068339
0.00680688
0.00678281
0.00676253
0.00674676
0.00673603
0.00673069
0.00673093
0.00673674
0.00674792
0.00676411
0.00678474
0.0068091
0.00683633
0.00686544
0.00689534
0.00692489
0.00695292
0.0069783
0.00273196
0.00274308
0.00275077
0.00275466
0.00275458
0.00275053
0.0027427
0.00273146
0.00271731
0.00270089
0.00268291
0.00266412
0.00264525
0.00262704
0.00261014
0.00259514
0.00258254
0.00257276
0.00256609
0.00256274
0.00256281
0.0025663
0.0025731
0.00258301
0.00259571
0.00261079
0.00262775
0.002646
0.00266488
0.00268365
0.00270158
0.00271792
0.0112766
0.0112846
0.0112903
0.0112934
0.0112938
0.0112915
0.0112865
0.0112791
0.0112695
0.0112582
0.0112455
0.0112319
0.0112181
0.0112044
0.0111915
0.0111798
0.0111698
0.0111618
0.0111562
0.0111531
0.0111527
0.011155
0.0111599
0.0111672
0.0111767
0.011188
0.0112006
0.0112141
0.0112279
0.0112416
0.0112546
0.0112664
0.00984881
0.00986275
0.00987261
0.009878
0.00987868
0.00987464
0.00986603
0.00985321
0.00983671
0.00981719
0.00979542
0.00977228
0.00974865
0.00972545
0.00970356
0.0096838
0.00966689
0.00965347
0.00964401
0.00963886
0.0096382
0.00964205
0.00965029
0.00966261
0.00967856
0.00969757
0.00971893
0.00974185
0.00976545
0.00978884
0.0098111
0.00983136
0.00698267
0.00699849
0.0070097
0.00701583
0.00701661
0.00701201
0.00700222
0.00698767
0.00696897
0.00694691
0.00692238
0.00689638
0.00686992
0.00684404
0.00681969
0.00679777
0.00677907
0.00676426
0.00675383
0.00674816
0.00674744
0.00675168
0.00676075
0.00677434
0.00679197
0.00681303
0.00683677
0.00686231
0.00688871
0.00691496
0.00694002
0.0069629
0.00271954
0.00272954
0.00273665
0.00274056
0.00274107
0.00273818
0.002732
0.00272283
0.00271107
0.00269724
0.00268193
0.00266578
0.00264941
0.00263348
0.00261855
0.00260517
0.0025938
0.00258481
0.00257849
0.00257505
0.00257459
0.00257714
0.0025826
0.00259081
0.00260151
0.00261433
0.00262884
0.00264454
0.00266084
0.00267713
0.00269276
0.0027071
0.0112745
0.0112831
0.0112894
0.0112931
0.0112941
0.0112924
0.011288
0.0112811
0.011272
0.011261
0.0112486
0.0112352
0.0112214
0.0112076
0.0111945
0.0111824
0.011172
0.0111635
0.0111573
0.0111536
0.0111526
0.0111543
0.0111586
0.0111654
0.0111744
0.0111853
0.0111977
0.011211
0.0112249
0.0112387
0.0112519
0.011264
0.00984404
0.00985881
0.00986967
0.00987618
0.00987806
0.00987524
0.00986783
0.00985615
0.00984065
0.00982198
0.00980088
0.00977818
0.00975477
0.00973156
0.00970942
0.0096892
0.00967164
0.00965738
0.00964696
0.00964074
0.00963894
0.00964164
0.00964873
0.00965996
0.00967493
0.00969308
0.00971375
0.00973617
0.0097595
0.00978283
0.00980528
0.00982596
0.00697661
0.00699331
0.00700563
0.00701303
0.00701521
0.00701206
0.00700372
0.00699056
0.00697311
0.00695213
0.00692846
0.00690308
0.00687697
0.00685116
0.00682662
0.00680426
0.00678489
0.00676919
0.00675771
0.00675086
0.00674886
0.00675178
0.00675952
0.00677181
0.00678824
0.00680822
0.00683104
0.00685588
0.00688181
0.00690785
0.00693298
0.00695622
0.00271517
0.00272568
0.00273346
0.00273818
0.00273961
0.00273769
0.00273251
0.0027243
0.00271343
0.00270038
0.00268571
0.00267003
0.00265398
0.00263816
0.00262318
0.00260958
0.00259783
0.00258832
0.00258138
0.00257721
0.00257595
0.00257765
0.00258224
0.00258959
0.00259945
0.0026115
0.00262534
0.00264047
0.00265635
0.00267239
0.00268795
0.00270242
0.0112788
0.0112882
0.0112952
0.0112993
0.0113005
0.0112987
0.0112939
0.0112864
0.0112765
0.0112645
0.0112509
0.0112363
0.0112211
0.011206
0.0111916
0.0111785
0.011167
0.0111577
0.0111508
0.0111468
0.0111456
0.0111474
0.0111521
0.0111594
0.0111692
0.0111811
0.0111946
0.0112092
0.0112243
0.0112394
0.0112539
0.0112672
0.00985233
0.00986912
0.00988158
0.00988922
0.0098917
0.00988893
0.00988102
0.0098683
0.00985129
0.00983068
0.0098073
0.00978208
0.00975602
0.00973012
0.00970537
0.0096827
0.00966295
0.00964684
0.00963495
0.0096277
0.00962536
0.00962801
0.00963555
0.0096477
0.00966405
0.00968399
0.00970679
0.00973162
0.00975753
0.00978356
0.00980868
0.00983191
0.00698647
0.00700573
0.00702011
0.00702901
0.00703203
0.00702903
0.00702016
0.00700579
0.00698654
0.00696323
0.00693683
0.00690842
0.00687914
0.00685012
0.00682245
0.00679717
0.00677518
0.00675725
0.00674399
0.00673587
0.00673314
0.0067359
0.00674405
0.00675732
0.00677526
0.00679725
0.00682252
0.00685016
0.00687915
0.00690841
0.00693679
0.00696317
0.00272193
0.00273432
0.00274365
0.00274951
0.00275163
0.00274989
0.00274438
0.00273535
0.00272323
0.00270856
0.00269198
0.00267419
0.00265592
0.00263787
0.00262073
0.00260512
0.00259156
0.00258051
0.00257232
0.00256724
0.00256544
0.00256695
0.00257175
0.00257967
0.00259048
0.00260382
0.00261926
0.00263627
0.00265424
0.0026725
0.00269035
0.00270706
0.011286
0.0112945
0.0113003
0.011303
0.0113026
0.0112992
0.0112927
0.0112836
0.0112721
0.0112588
0.011244
0.0112285
0.0112127
0.0111974
0.011183
0.0111702
0.0111594
0.011151
0.0111454
0.0111427
0.011143
0.0111464
0.0111528
0.0111617
0.0111731
0.0111863
0.0112009
0.0112164
0.0112322
0.0112476
0.0112621
0.011275
0.00986625
0.00988188
0.00989267
0.00989818
0.00989816
0.00989262
0.0098818
0.00986613
0.00984626
0.00982301
0.0097973
0.00977016
0.00974265
0.00971582
0.00969069
0.0096682
0.00964916
0.00963426
0.00962404
0.00961886
0.0096189
0.00962415
0.00963444
0.00964939
0.00966847
0.00969098
0.00971612
0.00974294
0.00977043
0.00979754
0.00982321
0.00984642
0.00700299
0.00702118
0.00703386
0.00704048
0.00704074
0.00703464
0.00702243
0.00700464
0.00698206
0.00695563
0.00692646
0.00689572
0.00686464
0.00683441
0.00680614
0.00678088
0.0067595
0.00674276
0.0067312
0.00672522
0.00672502
0.00673059
0.00674175
0.00675813
0.00677918
0.00680416
0.00683221
0.0068623
0.00689333
0.0069241
0.00695341
0.00698007
0.00273311
0.00274503
0.00275345
0.00275798
0.00275839
0.00275467
0.00274699
0.00273572
0.00272137
0.00270459
0.00268611
0.0026667
0.00264715
0.0026282
0.00261054
0.00259479
0.00258147
0.00257102
0.00256375
0.0025599
0.00255956
0.00256275
0.00256938
0.00257924
0.00259203
0.00260733
0.00262466
0.0026434
0.00266288
0.00268236
0.00270107
0.00271823
0.0112916
0.0112962
0.0112979
0.0112968
0.0112928
0.0112861
0.011277
0.0112658
0.0112529
0.0112389
0.0112243
0.0112096
0.0111955
0.0111825
0.011171
0.0111615
0.0111544
0.0111499
0.0111481
0.0111492
0.0111532
0.0111598
0.0111688
0.0111798
0.0111926
0.0112065
0.0112211
0.0112357
0.0112499
0.0112631
0.0112747
0.0112843
0.0098771
0.00988591
0.0098897
0.0098883
0.00988178
0.00987041
0.00985465
0.00983515
0.0098127
0.00978819
0.0097626
0.00973692
0.00971212
0.00968916
0.00966887
0.00965199
0.00963915
0.0096308
0.00962723
0.00962857
0.00963476
0.0096456
0.00966069
0.0096795
0.00970132
0.00972537
0.00975075
0.00977649
0.0098016
0.0098251
0.00984606
0.00986363
0.00701591
0.00702633
0.00703099
0.00702967
0.00702244
0.0070096
0.00699171
0.00696954
0.00694401
0.00691618
0.00688716
0.0068581
0.0068301
0.0068042
0.00678133
0.00676231
0.00674778
0.00673825
0.00673403
0.00673526
0.00674189
0.00675371
0.00677032
0.00679114
0.00681545
0.00684239
0.00687097
0.00690012
0.00692873
0.00695565
0.0069798
0.00700017
0.00274189
0.00274881
0.00275201
0.00275134
0.00274683
0.0027387
0.00272732
0.00271321
0.00269699
0.00267936
0.00266104
0.00264275
0.00262519
0.002609
0.00259473
0.00258287
0.00257379
0.00256779
0.00256503
0.00256562
0.00256952
0.00257662
0.0025867
0.00259944
0.00261442
0.00263115
0.00264903
0.0026674
0.00268556
0.00270278
0.00271835
0.00273158
0.0112902
0.0112887
0.0112845
0.0112781
0.0112695
0.0112591
0.0112473
0.0112346
0.0112215
0.0112085
0.0111961
0.0111847
0.0111748
0.0111668
0.0111609
0.0111574
0.0111564
0.011158
0.011162
0.0111684
0.0111769
0.0111872
0.0111989
0.0112115
0.0112245
0.0112376
0.0112501
0.0112616
0.0112716
0.0112797
0.0112857
0.0112892
0.00987527
0.00987266
0.00986556
0.00985426
0.00983922
0.00982104
0.00980047
0.0097783
0.00975542
0.0097327
0.00971101
0.00969117
0.00967392
0.00965988
0.00964958
0.00964338
0.00964149
0.009644
0.0096508
0.00966166
0.00967618
0.00969382
0.00971396
0.00973582
0.0097586
0.00978142
0.0098034
0.00982368
0.00984146
0.00985602
0.00986677
0.00987328
0.0070141
0.00701121
0.00700316
0.00699029
0.00697316
0.00695248
0.0069291
0.00690396
0.00687807
0.00685243
0.00682801
0.00680571
0.00678634
0.0067706
0.00675903
0.00675203
0.00674983
0.00675253
0.00676001
0.00677202
0.00678816
0.00680784
0.00683038
0.00685496
0.00688066
0.0069065
0.00693149
0.00695464
0.006975
0.00699174
0.00700416
0.00701172
0.00274092
0.002739
0.00273376
0.00272546
0.00271445
0.00270122
0.00268634
0.00267043
0.00265413
0.00263807
0.00262286
0.00260903
0.00259708
0.00258741
0.00258033
0.00257606
0.00257476
0.00257645
0.00258108
0.00258851
0.0025985
0.00261072
0.00262475
0.00264011
0.00265624
0.00267253
0.00268834
0.00270304
0.00271601
0.0027267
0.00273463
0.00273944
0.0112798
0.0112727
0.0112638
0.0112533
0.0112417
0.0112293
0.0112168
0.0112045
0.0111929
0.0111826
0.0111738
0.0111668
0.0111621
0.0111597
0.0111597
0.0111622
0.0111669
0.0111739
0.0111827
0.0111931
0.0112047
0.011217
0.0112295
0.0112418
0.0112535
0.0112639
0.0112728
0.0112798
0.0112847
0.0112871
0.0112871
0.0112846
0.00985588
0.00984292
0.00982667
0.0098078
0.00978705
0.00976523
0.0097432
0.0097218
0.00970183
0.00968405
0.00966911
0.00965755
0.00964981
0.00964615
0.00964671
0.00965148
0.00966027
0.00967277
0.00968854
0.00970698
0.00972742
0.00974908
0.00977115
0.00979277
0.0098131
0.00983134
0.00984677
0.00985875
0.00986681
0.00987062
0.00987002
0.00986504
0.00699153
0.00697643
0.00695765
0.00693595
0.00691223
0.00688741
0.00686247
0.00683836
0.00681598
0.00679615
0.00677957
0.00676683
0.00675838
0.00675452
0.00675536
0.0067609
0.00677093
0.00678512
0.00680297
0.00682384
0.00684698
0.00687154
0.00689659
0.00692116
0.00694427
0.00696501
0.00698253
0.00699609
0.00700512
0.00700924
0.00700829
0.0070023
0.00272588
0.00271582
0.00270348
0.00268939
0.00267413
0.00265833
0.00264261
0.00262754
0.00261369
0.00260154
0.0025915
0.00258391
0.00257901
0.00257696
0.00257784
0.0025816
0.00258814
0.00259724
0.00260862
0.00262187
0.00263655
0.00265212
0.002668
0.00268358
0.00269822
0.00271133
0.00272233
0.00273076
0.00273624
0.00273851
0.00273749
0.00273321
0.0112669
0.0112588
0.0112492
0.0112387
0.0112277
0.0112165
0.0112055
0.0111953
0.0111861
0.0111784
0.0111725
0.0111685
0.0111666
0.0111668
0.0111693
0.0111738
0.0111802
0.0111883
0.0111977
0.0112081
0.0112192
0.0112304
0.0112414
0.0112517
0.0112609
0.0112687
0.0112747
0.0112788
0.0112808
0.0112805
0.011278
0.0112734
0.00983058
0.00981522
0.00979769
0.00977868
0.00975892
0.00973918
0.00972022
0.00970275
0.00968742
0.0096748
0.00966535
0.00965941
0.0096572
0.00965881
0.00966417
0.00967308
0.00968524
0.00970019
0.00971737
0.00973616
0.00975584
0.00977566
0.00979485
0.00981267
0.00982841
0.00984143
0.00985123
0.00985739
0.00985968
0.00985799
0.0098524
0.00984314
0.00696127
0.0069433
0.00692297
0.0069011
0.00687856
0.00685621
0.0068349
0.00681543
0.0067985
0.00678471
0.00677455
0.00676838
0.00676641
0.00676871
0.00677521
0.00678567
0.00679975
0.00681693
0.0068366
0.00685806
0.00688048
0.00690303
0.00692483
0.00694501
0.00696275
0.00697733
0.00698814
0.00699473
0.00699681
0.00699431
0.00698732
0.00697615
0.00270527
0.00269333
0.00268004
0.00266594
0.00265158
0.00263752
0.00262429
0.00261235
0.00260213
0.00259398
0.00258816
0.00258486
0.00258419
0.00258618
0.00259075
0.00259776
0.00260699
0.00261812
0.00263077
0.0026445
0.00265879
0.00267311
0.00268689
0.00269957
0.00271063
0.00271958
0.00272604
0.00272972
0.00273046
0.00272822
0.0027231
0.00271533
0.0112645
0.0112602
0.0112546
0.0112478
0.0112401
0.0112318
0.0112232
0.0112146
0.0112064
0.0111989
0.0111923
0.011187
0.0111831
0.0111808
0.0111801
0.0111811
0.0111837
0.0111879
0.0111935
0.0112002
0.0112079
0.0112162
0.0112248
0.0112334
0.0112417
0.0112492
0.0112558
0.0112612
0.0112652
0.0112675
0.0112682
0.0112672
0.00982395
0.00981577
0.00980536
0.00979316
0.00977963
0.0097653
0.00975073
0.00973647
0.00972308
0.00971104
0.00970081
0.00969277
0.00968722
0.00968436
0.00968429
0.00968703
0.00969247
0.00970042
0.00971058
0.00972258
0.00973596
0.00975023
0.00976483
0.00977921
0.0097928
0.00980507
0.00981554
0.00982379
0.00982949
0.00983241
0.00983245
0.00982958
0.00695261
0.00694293
0.00693085
0.00691686
0.0069015
0.0068854
0.00686916
0.0068534
0.00683873
0.00682568
0.00681472
0.00680626
0.0068006
0.00679795
0.0067984
0.00680194
0.00680844
0.00681769
0.00682934
0.00684297
0.00685809
0.00687411
0.00689044
0.00690644
0.00692148
0.00693496
0.00694634
0.00695516
0.00696106
0.0069638
0.00696326
0.00695948
0.00269902
0.00269262
0.0026848
0.0026759
0.00266627
0.00265629
0.00264636
0.00263685
0.0026281
0.00262043
0.00261412
0.00260939
0.00260639
0.00260523
0.00260596
0.00260855
0.00261291
0.0026189
0.00262631
0.00263487
0.00264429
0.0026542
0.00266423
0.002674
0.0026831
0.00269118
0.0026979
0.00270297
0.00270619
0.0027074
0.00270658
0.00270374
0.0112756
0.0112776
0.0112775
0.0112754
0.0112713
0.0112654
0.0112579
0.011249
0.0112392
0.0112288
0.0112183
0.0112079
0.0111982
0.0111894
0.011182
0.0111762
0.0111722
0.0111702
0.0111702
0.0111723
0.0111764
0.0111823
0.0111898
0.0111985
0.0112083
0.0112187
0.0112293
0.0112396
0.0112494
0.0112582
0.0112657
0.0112715
0.00984412
0.00984783
0.00984805
0.00984477
0.00983812
0.00982837
0.00981591
0.00980122
0.00978489
0.00976756
0.0097499
0.00973259
0.00971629
0.00970162
0.00968912
0.00967926
0.00967241
0.00966882
0.00966861
0.00967181
0.00967828
0.00968779
0.00969999
0.00971442
0.00973054
0.00974776
0.0097654
0.0097828
0.00979928
0.00981419
0.00982696
0.00983707
0.00697605
0.00698036
0.00698075
0.00697722
0.00696989
0.00695908
0.00694521
0.00692887
0.00691069
0.00689142
0.0068718
0.00685259
0.00683453
0.00681828
0.00680445
0.00679354
0.00678594
0.00678191
0.0067816
0.00678502
0.00679204
0.0068024
0.00681573
0.00683156
0.0068493
0.00686829
0.00688782
0.00690715
0.00692553
0.00694223
0.00695658
0.00696802
0.00271463
0.00271759
0.00271811
0.00271616
0.00271183
0.00270529
0.00269683
0.00268681
0.00267564
0.00266377
0.00265169
0.00263985
0.00262872
0.00261868
0.00261012
0.00260331
0.0025985
0.00259585
0.00259544
0.00259728
0.00260131
0.00260739
0.00261531
0.00262479
0.0026355
0.00264706
0.00265903
0.00267098
0.00268242
0.00269291
0.00270202
0.00270937
0.0112927
0.0112988
0.011302
0.0113021
0.0112991
0.0112932
0.0112845
0.0112735
0.0112605
0.0112461
0.0112308
0.0112152
0.0111999
0.0111856
0.0111726
0.0111616
0.011153
0.011147
0.0111439
0.0111438
0.0111468
0.0111526
0.0111611
0.011172
0.0111848
0.0111991
0.0112144
0.0112299
0.0112452
0.0112597
0.0112728
0.0112839
0.0098765
0.00988834
0.00989508
0.00989643
0.00989233
0.00988295
0.00986867
0.00985009
0.00982795
0.00980315
0.00977669
0.00974959
0.00972291
0.00969766
0.00967479
0.00965514
0.00963942
0.00962821
0.00962189
0.00962068
0.00962463
0.00963359
0.00964724
0.00966509
0.00968649
0.00971066
0.00973671
0.00976367
0.0097905
0.00981616
0.00983966
0.00986005
0.0070142
0.00702832
0.00703663
0.00703875
0.00703457
0.00702429
0.00700833
0.0069874
0.00696238
0.00693432
0.00690437
0.00687373
0.00684358
0.00681508
0.00678926
0.00676705
0.00674921
0.00673635
0.00672891
0.00672711
0.00673101
0.00674048
0.0067552
0.00677466
0.0067982
0.00682499
0.00685408
0.0068844
0.00691481
0.00694413
0.00697119
0.00699488
0.00274004
0.00274974
0.00275572
0.00275769
0.00275556
0.00274942
0.00273955
0.00272643
0.00271063
0.00269287
0.0026739
0.00265449
0.00263541
0.00261736
0.002601
0.00258687
0.00257545
0.00256708
0.00256201
0.0025604
0.00256229
0.00256762
0.00257622
0.00258784
0.00260209
0.00261853
0.00263659
0.00265564
0.00267496
0.00269381
0.00271143
0.00272707
0.0113107
0.0113152
0.0113161
0.0113134
0.0113071
0.0112975
0.011285
0.0112701
0.0112533
0.0112354
0.011217
0.0111987
0.0111815
0.0111657
0.0111522
0.0111413
0.0111336
0.0111292
0.0111283
0.011131
0.0111372
0.0111466
0.0111589
0.0111736
0.0111902
0.0112081
0.0112264
0.0112447
0.0112621
0.011278
0.0112917
0.0113028
0.00990957
0.00991881
0.00992169
0.00991809
0.00990817
0.00989232
0.00987121
0.00984572
0.00981687
0.00978584
0.00975385
0.00972215
0.00969193
0.00966433
0.00964037
0.0096209
0.00960661
0.009598
0.00959538
0.00959883
0.00960821
0.00962321
0.00964329
0.00966774
0.00969567
0.00972606
0.00975779
0.00978965
0.00982041
0.00984885
0.00987385
0.00989437
0.00705281
0.00706409
0.00706805
0.00706451
0.00705364
0.00703591
0.0070121
0.00698325
0.00695058
0.00691547
0.00687931
0.00684352
0.00680947
0.00677838
0.00675136
0.00672934
0.00671305
0.00670303
0.00669959
0.00670284
0.00671266
0.00672874
0.00675055
0.00677735
0.00680822
0.00684209
0.00687773
0.0069138
0.00694891
0.00698164
0.00701067
0.00703474
0.00276534
0.00277322
0.00277636
0.00277462
0.00276806
0.00275701
0.00274201
0.00272375
0.00270306
0.00268085
0.00265802
0.00263549
0.00261409
0.00259458
0.00257761
0.00256372
0.00255334
0.00254677
0.0025442
0.00254569
0.0025512
0.00256058
0.00257354
0.00258969
0.00260853
0.00262945
0.0026517
0.00267449
0.00269693
0.00271811
0.00273712
0.00275311
0.0113265
0.0113247
0.0113189
0.0113093
0.0112964
0.0112805
0.0112624
0.0112427
0.0112222
0.0112017
0.011182
0.0111639
0.0111479
0.0111348
0.011125
0.0111189
0.0111166
0.0111184
0.0111241
0.0111335
0.0111462
0.0111618
0.0111797
0.0111993
0.0112197
0.0112402
0.01126
0.0112784
0.0112945
0.0113079
0.0113179
0.0113242
0.00993907
0.00993623
0.00992631
0.00990975
0.00988723
0.00985969
0.00982826
0.00979421
0.00975888
0.00972366
0.00968988
0.00965881
0.00963158
0.00960916
0.00959237
0.00958177
0.00957775
0.00958043
0.00958972
0.0096053
0.00962662
0.00965293
0.00968328
0.00971658
0.00975159
0.00978697
0.00982137
0.00985343
0.00988187
0.00990551
0.00992338
0.00993472
0.00708758
0.00708446
0.00707319
0.00705428
0.00702859
0.00699722
0.00696155
0.00692304
0.00688325
0.00684375
0.00680601
0.00677142
0.00674118
0.00671634
0.00669772
0.00668593
0.00668133
0.00668409
0.00669411
0.00671107
0.00673442
0.0067634
0.00679701
0.00683409
0.0068733
0.00691317
0.00695215
0.00698869
0.00702127
0.00704849
0.00706918
0.00708241
0.00278831
0.0027863
0.00277901
0.00276679
0.00275024
0.00273016
0.00270745
0.00268311
0.00265815
0.00263353
0.00261019
0.00258892
0.00257044
0.00255533
0.00254403
0.00253687
0.00253407
0.00253569
0.00254169
0.00255191
0.00256606
0.00258371
0.00260432
0.00262722
0.00265162
0.00267662
0.00270126
0.00272451
0.00274539
0.00276294
0.00277634
0.00278494
0.0113356
0.011328
0.0113162
0.0113007
0.0112822
0.0112613
0.0112388
0.0112157
0.0111928
0.011171
0.0111512
0.011134
0.0111201
0.01111
0.0111041
0.0111027
0.0111057
0.0111131
0.0111246
0.0111397
0.0111579
0.0111786
0.0112009
0.011224
0.011247
0.011269
0.0112892
0.0113067
0.0113209
0.0113312
0.0113372
0.0113387
0.00995759
0.00994311
0.0099213
0.00989311
0.00985971
0.00982247
0.0097829
0.00974254
0.00970296
0.00966563
0.00963194
0.00960307
0.00958007
0.00956372
0.00955458
0.00955298
0.00955897
0.00957234
0.00959265
0.0096192
0.00965105
0.00968706
0.00972594
0.00976622
0.00980636
0.0098448
0.00987999
0.0099105
0.00993506
0.00995263
0.00996246
0.00996414
0.00711016
0.00709288
0.00706721
0.00703433
0.00699569
0.00695295
0.00690789
0.0068623
0.00681791
0.00677637
0.00673913
0.00670746
0.0066824
0.00666475
0.00665507
0.00665366
0.00666057
0.0066756
0.00669828
0.00672791
0.00676351
0.00680389
0.00684764
0.00689316
0.00693872
0.00698251
0.00702273
0.00705766
0.00708577
0.00710577
0.00711677
0.00711826
0.00280371
0.00279181
0.00277452
0.00275272
0.00272744
0.00269984
0.0026711
0.00264239
0.00261478
0.00258924
0.00256662
0.00254761
0.00253276
0.0025225
0.0025171
0.0025167
0.00252132
0.00253084
0.00254503
0.00256348
0.00258566
0.00261089
0.00263835
0.00266707
0.00269597
0.00272388
0.0027496
0.00277197
0.00278991
0.00280255
0.00280923
0.00280963
0.0113339
0.0113263
0.0113146
0.0112993
0.011281
0.0112604
0.0112382
0.0112155
0.0111929
0.0111715
0.011152
0.0111351
0.0111215
0.0111116
0.0111059
0.0111045
0.0111076
0.0111149
0.0111263
0.0111412
0.0111592
0.0111796
0.0112016
0.0112244
0.011247
0.0112687
0.0112886
0.0113058
0.0113197
0.0113298
0.0113357
0.011337
0.00995446
0.00993953
0.00991742
0.00988908
0.00985569
0.00981864
0.00977939
0.00973951
0.00970051
0.00966387
0.00963091
0.00960281
0.00958057
0.00956496
0.00955652
0.00955552
0.00956202
0.00957578
0.00959636
0.00962304
0.00965489
0.00969076
0.00972936
0.00976923
0.00980885
0.00984666
0.00988115
0.00991091
0.00993469
0.00995148
0.00996058
0.00996159
0.00710649
0.00708843
0.00706217
0.00702889
0.00699008
0.00694739
0.0069026
0.00685747
0.00681373
0.00677297
0.00673662
0.00670592
0.00668186
0.00666521
0.0066565
0.00665599
0.00666372
0.00667944
0.00670267
0.00673269
0.00676852
0.00680894
0.00685253
0.00689771
0.00694274
0.00698583
0.0070252
0.00705916
0.00708621
0.00710513
0.00711505
0.0071155
0.00280104
0.00278851
0.00277075
0.00274862
0.00272319
0.0026956
0.00266703
0.00263864
0.00261147
0.00258648
0.00256448
0.00254616
0.00253203
0.00252249
0.0025178
0.00251808
0.00252332
0.0025334
0.00254804
0.00256685
0.00258927
0.00261461
0.00264203
0.00267056
0.00269912
0.00272655
0.00275166
0.00277331
0.00279045
0.00280225
0.00280809
0.00280768
0.0113241
0.0113228
0.0113175
0.0113086
0.0112963
0.0112811
0.0112636
0.0112446
0.0112247
0.0112047
0.0111853
0.0111674
0.0111516
0.0111385
0.0111285
0.011122
0.0111194
0.0111206
0.0111257
0.0111344
0.0111465
0.0111615
0.0111787
0.0111977
0.0112176
0.0112377
0.0112571
0.0112753
0.0112914
0.0113047
0.0113149
0.0113214
0.0099335
0.0099304
0.00992046
0.00990412
0.00988207
0.00985521
0.00982466
0.00979163
0.00975743
0.00972338
0.00969077
0.00966081
0.00963459
0.00961307
0.00959699
0.00958693
0.00958324
0.00958605
0.00959527
0.00961058
0.00963146
0.00965716
0.00968676
0.00971918
0.00975321
0.00978755
0.00982087
0.00985185
0.00987924
0.00990193
0.00991896
0.00992963
0.00708051
0.00707652
0.00706472
0.00704564
0.00702014
0.00698932
0.00695449
0.00691711
0.00687866
0.00684064
0.00680446
0.00677143
0.00674272
0.00671931
0.00670197
0.00669127
0.00668758
0.006691
0.00670144
0.00671857
0.00674184
0.00677047
0.00680348
0.00683971
0.00687783
0.00691642
0.00695395
0.00698892
0.00701987
0.00704549
0.00706464
0.00707649
0.00278249
0.00277967
0.00277184
0.0027594
0.00274295
0.00272326
0.00270121
0.00267775
0.00265383
0.0026304
0.00260829
0.00258829
0.00257105
0.00255711
0.00254689
0.0025407
0.00253871
0.00254098
0.00254746
0.00255796
0.00257218
0.00258968
0.00260992
0.00263223
0.00265581
0.00267979
0.00270324
0.00272518
0.00274465
0.00276078
0.00277281
0.00278017
0.0113173
0.0113237
0.011326
0.0113244
0.0113187
0.0113093
0.0112965
0.0112808
0.0112629
0.0112434
0.0112231
0.0112027
0.0111831
0.011165
0.0111491
0.011136
0.0111261
0.0111199
0.0111176
0.0111192
0.0111247
0.011134
0.0111466
0.011162
0.0111798
0.0111992
0.0112195
0.0112399
0.0112596
0.0112779
0.011294
0.0113073
0.00991846
0.00993004
0.00993483
0.00993262
0.00992351
0.00990787
0.00988635
0.00985986
0.00982947
0.0097964
0.00976196
0.0097275
0.00969432
0.00966368
0.00963669
0.00961433
0.00959741
0.00958651
0.00958203
0.00958411
0.00959268
0.00960745
0.0096279
0.00965329
0.00968271
0.00971509
0.00974922
0.00978381
0.00981753
0.00984905
0.00987711
0.00990057
0.00706164
0.00707521
0.00708105
0.00707889
0.00706882
0.00705129
0.00702708
0.00699723
0.00696303
0.00692589
0.00688732
0.00684884
0.0068119
0.00677787
0.00674796
0.00672321
0.00670445
0.00669229
0.00668713
0.00668913
0.00669822
0.00671411
0.00673628
0.00676397
0.00679624
0.00683197
0.00686987
0.00690851
0.00694642
0.00698208
0.00701404
0.00704095
0.00276888
0.00277806
0.00278234
0.00278149
0.00277557
0.00276485
0.00274985
0.00273128
0.00270997
0.00268687
0.00266293
0.00263912
0.00261634
0.0025954
0.002577
0.00256175
0.00255011
0.00254243
0.00253892
0.00253968
0.00254469
0.0025538
0.00256674
0.00258312
0.00260243
0.00262404
0.00264721
0.00267109
0.00269479
0.00271734
0.00273779
0.00275524
0.0113242
0.0113343
0.01134
0.0113411
0.0113375
0.0113294
0.011317
0.0113009
0.0112818
0.0112603
0.0112373
0.0112137
0.0111904
0.0111683
0.0111482
0.011131
0.0111171
0.0111073
0.0111017
0.0111007
0.0111042
0.0111122
0.0111243
0.0111401
0.011159
0.0111802
0.0112031
0.0112266
0.01125
0.0112722
0.0112926
0.0113101
0.00993064
0.00994948
0.00996074
0.00996395
0.00995895
0.00994596
0.00992552
0.00989851
0.00986604
0.00982945
0.00979024
0.00974994
0.00971013
0.00967231
0.00963789
0.00960812
0.00958405
0.00956653
0.00955616
0.00955328
0.009558
0.00957014
0.00958928
0.00961477
0.00964569
0.00968096
0.00971929
0.00975925
0.00979935
0.00983801
0.00987372
0.00990503
0.00707565
0.00709793
0.00711158
0.00711598
0.00711091
0.00709659
0.00707367
0.00704319
0.00700651
0.00696521
0.00692104
0.00687578
0.00683121
0.00678899
0.00675064
0.00671751
0.00669068
0.00667104
0.00665919
0.00665551
0.00666008
0.00667278
0.00669318
0.00672064
0.00675426
0.00679293
0.00683529
0.00687984
0.00692491
0.00696876
0.00700961
0.00704576
0.00277799
0.00279305
0.00280264
0.00280626
0.00280372
0.00279513
0.00278095
0.00276187
0.00273882
0.00271288
0.00268519
0.00265692
0.00262919
0.002603
0.00257928
0.00255877
0.00254212
0.00252979
0.00252212
0.00251931
0.00252144
0.00252843
0.0025401
0.00255612
0.00257604
0.00259926
0.00262503
0.00265249
0.00268065
0.00270841
0.00273465
0.0027582
0.0113453
0.0113542
0.011358
0.0113563
0.0113493
0.0113373
0.0113206
0.0113001
0.0112765
0.0112507
0.0112238
0.0111967
0.0111705
0.0111463
0.0111248
0.011107
0.0110935
0.0110848
0.0110812
0.0110828
0.0110896
0.0111014
0.0111176
0.0111378
0.011161
0.0111866
0.0112134
0.0112405
0.0112669
0.0112914
0.0113132
0.0113314
0.00997121
0.00998771
0.00999503
0.00999284
0.00998124
0.00996073
0.0099322
0.00989685
0.00985618
0.00981185
0.00976564
0.00971937
0.00967479
0.00963357
0.00959719
0.00956695
0.00954389
0.00952879
0.00952217
0.00952423
0.00953491
0.00955385
0.00958039
0.00961364
0.00965242
0.00969535
0.00974086
0.00978726
0.00983275
0.00987555
0.00991391
0.00994626
0.00712428
0.00714374
0.0071526
0.00715044
0.00713736
0.00711397
0.00708138
0.00704107
0.00699484
0.00694469
0.00689267
0.00684086
0.00679121
0.00674551
0.00670533
0.00667202
0.00664661
0.0066299
0.0066224
0.00662431
0.00663558
0.00665587
0.00668455
0.00672073
0.00676324
0.00681066
0.00686132
0.00691338
0.00696484
0.00701363
0.00705771
0.00709516
0.00281124
0.00282424
0.00283037
0.00282927
0.00282103
0.00280606
0.00278517
0.00275941
0.00273002
0.00269835
0.00266576
0.00263356
0.00260294
0.00257495
0.00255049
0.00253027
0.00251487
0.00250468
0.00249995
0.00250082
0.00250725
0.00251908
0.00253601
0.00255758
0.00258318
0.00261205
0.00264325
0.00267567
0.0027081
0.0027392
0.00276762
0.00279203
0.0113684
0.0113745
0.0113744
0.0113682
0.0113561
0.0113387
0.0113166
0.0112907
0.011262
0.0112317
0.0112009
0.0111708
0.0111425
0.0111172
0.0110957
0.0110788
0.0110673
0.0110614
0.0110615
0.0110675
0.0110791
0.0110961
0.0111177
0.0111431
0.0111714
0.0112016
0.0112324
0.0112627
0.0112913
0.0113172
0.0113392
0.0113565
0.0100174
0.0100281
0.010028
0.0100169
0.00999537
0.00996442
0.00992536
0.00987985
0.0098298
0.00977722
0.0097242
0.00967277
0.00962482
0.0095821
0.00954609
0.00951802
0.00949885
0.00948919
0.00948937
0.00949938
0.00951889
0.00954726
0.00958353
0.00962647
0.00967456
0.00972607
0.0097791
0.00983161
0.00988154
0.00992685
0.00996565
0.00999629
0.00718062
0.00719309
0.0071928
0.00717977
0.00715464
0.00711863
0.00707344
0.00702115
0.00696404
0.00690454
0.006845
0.00678768
0.00673465
0.0066877
0.00664836
0.00661784
0.00659707
0.00658664
0.00658685
0.00659771
0.0066189
0.0066498
0.0066895
0.00673675
0.00679002
0.00684749
0.0069071
0.00696658
0.00702354
0.00707559
0.00712043
0.007156
0.00285033
0.00285844
0.00285809
0.00284929
0.00283255
0.00280879
0.00277926
0.00274545
0.00270895
0.00267138
0.00263423
0.00259889
0.00256655
0.00253822
0.00251469
0.00249659
0.00248436
0.00247829
0.00247853
0.00248505
0.00249773
0.00251626
0.00254018
0.00256887
0.0026015
0.00263705
0.00267432
0.0027119
0.00274827
0.00278182
0.00281096
0.00283421
0.0113813
0.0113854
0.0113828
0.0113738
0.0113586
0.0113378
0.0113125
0.0112834
0.0112518
0.0112189
0.011186
0.0111544
0.0111251
0.0110994
0.0110782
0.0110622
0.0110521
0.0110482
0.0110506
0.0110593
0.011074
0.0110941
0.0111189
0.0111474
0.0111786
0.0112114
0.0112444
0.0112764
0.0113062
0.0113325
0.0113543
0.0113708
0.0100437
0.0100507
0.0100458
0.0100293
0.0100018
0.00996466
0.00991943
0.00986806
0.00981267
0.0097555
0.00969877
0.00964463
0.00959504
0.00955177
0.00951628
0.00948978
0.00947314
0.00946689
0.00947123
0.00948603
0.00951081
0.00954476
0.00958675
0.00963533
0.0096888
0.00974523
0.00980249
0.00985837
0.00991063
0.00995712
0.00999584
0.0100251
0.00721289
0.00722095
0.00721502
0.00719541
0.00716309
0.00711965
0.00706715
0.007008
0.00694476
0.00688007
0.00681644
0.00675623
0.00670154
0.00665414
0.00661554
0.00658688
0.00656898
0.00656235
0.00656717
0.00658332
0.00661033
0.00664745
0.00669357
0.00674726
0.00680676
0.00687004
0.00693476
0.00699842
0.00705841
0.00711211
0.0071571
0.00719125
0.0028726
0.00287775
0.00287354
0.00286022
0.00283855
0.00280976
0.00277535
0.00273706
0.00269666
0.00265588
0.0026163
0.00257932
0.00254613
0.00251769
0.00249475
0.00247787
0.00246745
0.00246371
0.00246673
0.00247644
0.00249265
0.00251497
0.00254288
0.00257564
0.00261229
0.00265169
0.00269245
0.00273299
0.0027716
0.0028065
0.00283595
0.0028584
0.0113807
0.0113838
0.0113804
0.0113706
0.0113548
0.0113337
0.011308
0.0112788
0.0112473
0.0112147
0.0111822
0.0111511
0.0111225
0.0110976
0.0110772
0.0110622
0.0110529
0.0110499
0.0110531
0.0110626
0.0110779
0.0110984
0.0111235
0.0111521
0.0111833
0.0112159
0.0112485
0.0112799
0.011309
0.0113346
0.0113555
0.0113711
0.0100421
0.0100476
0.0100414
0.0100237
0.00999536
0.00995757
0.00991201
0.0098606
0.00980547
0.00974883
0.00969289
0.00963974
0.00959131
0.00954932
0.0095152
0.00949009
0.00947481
0.00946986
0.0094754
0.00949126
0.00951691
0.00955151
0.00959391
0.00964265
0.00969601
0.00975205
0.00980866
0.00986363
0.00991477
0.00995994
0.00999723
0.010025
0.00721061
0.00721705
0.00720967
0.00718884
0.00715559
0.00711155
0.00705879
0.00699971
0.00693688
0.00687287
0.00681017
0.0067511
0.00669768
0.00665168
0.00661452
0.00658731
0.00657083
0.00656554
0.0065716
0.00658883
0.00661675
0.00665455
0.00670111
0.00675496
0.00681436
0.00687721
0.00694123
0.00700389
0.00706262
0.00711486
0.00715822
0.00719067
0.00287039
0.00287458
0.00286955
0.0028556
0.00283352
0.00280453
0.00277016
0.00273211
0.00269213
0.00265192
0.00261301
0.00257679
0.00254441
0.00251679
0.00249468
0.0024786
0.00246894
0.0024659
0.00246955
0.00247981
0.00249645
0.0025191
0.00254718
0.00257996
0.00261648
0.00265557
0.00269583
0.00273571
0.00277349
0.00280744
0.00283585
0.00285723
0.011371
0.0113735
0.01137
0.0113605
0.0113454
0.0113254
0.0113013
0.0112739
0.0112445
0.011214
0.0111838
0.0111549
0.0111285
0.0111055
0.0110867
0.011073
0.0110648
0.0110623
0.0110657
0.0110749
0.0110895
0.011109
0.0111326
0.0111596
0.0111887
0.0112191
0.0112495
0.0112787
0.0113056
0.0113291
0.0113483
0.0113625
0.0100219
0.0100265
0.0100202
0.0100033
0.00997668
0.00994135
0.0098989
0.0098511
0.00979992
0.0097474
0.00969559
0.00964642
0.0096017
0.009563
0.00953166
0.00950874
0.009495
0.00949089
0.00949655
0.00951178
0.00953609
0.00956867
0.00960842
0.00965395
0.00970365
0.0097557
0.00980813
0.0098589
0.00990598
0.00994742
0.00998147
0.0100067
0.00718542
0.00719078
0.00718347
0.00716383
0.00713283
0.00709195
0.00704309
0.00698843
0.00693033
0.00687117
0.00681322
0.00675864
0.00670932
0.0066669
0.00663272
0.00660781
0.00659292
0.00658846
0.00659457
0.00661107
0.00663748
0.00667302
0.00671661
0.00676685
0.00682207
0.00688033
0.00693947
0.00699718
0.00705108
0.00709884
0.0071383
0.00716763
0.0028522
0.00285575
0.00285093
0.00283802
0.00281774
0.00279116
0.00275967
0.00272479
0.0026881
0.00265114
0.00261535
0.00258198
0.00255212
0.00252665
0.00250627
0.0024915
0.0024827
0.00248007
0.00248366
0.00249341
0.00250907
0.00253028
0.00255647
0.00258693
0.00262074
0.00265679
0.0026938
0.0027303
0.00276476
0.00279559
0.00282128
0.00284049
0.0113605
0.0113622
0.0113583
0.011349
0.0113346
0.0113157
0.0112932
0.0112677
0.0112405
0.0112124
0.0111847
0.0111583
0.0111343
0.0111135
0.0110967
0.0110846
0.0110776
0.011076
0.0110797
0.0110888
0.0111028
0.0111212
0.0111433
0.0111684
0.0111954
0.0112234
0.0112513
0.011278
0.0113024
0.0113236
0.0113408
0.0113532
0.0100005
0.0100035
0.00999674
0.00998037
0.00995514
0.00992214
0.00988278
0.0098387
0.0097917
0.00974363
0.00969637
0.00965168
0.0096112
0.00957636
0.00954839
0.00952823
0.00951656
0.00951378
0.00951997
0.00953492
0.00955814
0.00958884
0.00962597
0.00966822
0.00971407
0.00976184
0.00980971
0.00985582
0.00989831
0.00993544
0.00996564
0.00998763
0.00715907
0.00716267
0.00715481
0.00713586
0.00710672
0.00706876
0.00702371
0.00697356
0.00692042
0.00686646
0.00681375
0.00676424
0.00671966
0.0066815
0.00665098
0.00662906
0.0066164
0.00661337
0.00662005
0.00663626
0.0066615
0.006695
0.00673573
0.00678233
0.00683324
0.00688664
0.00694052
0.00699277
0.00704124
0.00708385
0.0071187
0.00714417
0.0028338
0.00283616
0.00283103
0.0028187
0.00279983
0.0027754
0.00274663
0.00271488
0.00268156
0.00264805
0.00261565
0.00258549
0.00255857
0.00253569
0.00251752
0.00250452
0.00249703
0.00249524
0.00249917
0.00250875
0.00252373
0.00254372
0.00256818
0.0025964
0.00262751
0.00266046
0.00269404
0.00272693
0.00275773
0.00278504
0.00280754
0.00282408
0.0113533
0.0113542
0.0113498
0.0113404
0.0113263
0.0113081
0.0112864
0.0112622
0.0112364
0.0112101
0.0111841
0.0111595
0.0111373
0.0111182
0.011103
0.0110922
0.0110863
0.0110855
0.0110897
0.0110989
0.0111126
0.0111305
0.0111518
0.0111757
0.0112013
0.0112277
0.0112538
0.0112786
0.0113012
0.0113206
0.0113362
0.0113472
0.0099862
0.00998779
0.00998017
0.00996368
0.00993902
0.00990727
0.00986975
0.00982801
0.00978375
0.00973872
0.00969464
0.00965317
0.00961583
0.00958395
0.00955864
0.00954077
0.00953096
0.00952952
0.0095365
0.00955168
0.00957453
0.00960428
0.00963989
0.0096801
0.00972345
0.00976834
0.00981305
0.00985583
0.00989497
0.00992886
0.00995608
0.00997548
0.00714176
0.00714361
0.00713481
0.00711578
0.00708741
0.00705101
0.00700821
0.00696088
0.006911
0.00686056
0.0068115
0.00676563
0.00672456
0.00668966
0.00666206
0.00664264
0.00663199
0.00663042
0.00663799
0.00665447
0.00667935
0.00671185
0.00675095
0.00679533
0.00684347
0.00689362
0.00694391
0.00699233
0.00703689
0.00707568
0.00710698
0.00712935
0.00282208
0.00282326
0.00281754
0.00280521
0.00278692
0.00276361
0.0027364
0.00270656
0.0026754
0.00264419
0.00261412
0.00258624
0.00256147
0.00254058
0.00252416
0.00251265
0.00250636
0.00250544
0.00250992
0.00251969
0.00253449
0.00255392
0.00257745
0.00260436
0.00263379
0.00266473
0.00269604
0.00272647
0.00275471
0.00277948
0.0027996
0.00281405
0.0113513
0.0113514
0.0113464
0.0113364
0.011322
0.0113035
0.0112819
0.0112579
0.0112325
0.0112066
0.0111813
0.0111575
0.0111362
0.011118
0.0111037
0.0110939
0.0110888
0.0110887
0.0110936
0.0111033
0.0111174
0.0111355
0.0111568
0.0111805
0.0112058
0.0112317
0.0112571
0.0112812
0.0113029
0.0113214
0.011336
0.0113461
0.00998194
0.00998218
0.00997345
0.00995613
0.00993097
0.00989903
0.00986167
0.00982041
0.00977692
0.00973291
0.00969007
0.00964999
0.00961415
0.00958382
0.00956006
0.00954369
0.00953526
0.00953506
0.00954309
0.00955908
0.0095825
0.00961252
0.00964811
0.00968799
0.00973072
0.00977469
0.00981823
0.00985963
0.00989722
0.00992946
0.009955
0.00997275
0.00713647
0.00713677
0.00712672
0.00710679
0.00707791
0.0070414
0.00699889
0.0069522
0.00690328
0.00685408
0.00680648
0.0067622
0.00672282
0.00668963
0.00666374
0.00664593
0.00663678
0.00663654
0.00664523
0.00666258
0.00668806
0.00672087
0.00675994
0.00680396
0.00685141
0.00690054
0.0069495
0.00699635
0.00703913
0.00707602
0.00710536
0.00712583
0.00281851
0.00281871
0.00281221
0.00279934
0.00278078
0.00275746
0.0027305
0.00270114
0.00267065
0.00264026
0.00261111
0.00258423
0.0025605
0.00254064
0.00252522
0.00251466
0.00250924
0.00250909
0.00251423
0.00252451
0.00253967
0.00255929
0.00258282
0.00260953
0.00263856
0.0026689
0.0026994
0.00272885
0.00275597
0.00277953
0.0027984
0.00281162
0.0113556
0.0113547
0.0113486
0.0113375
0.0113218
0.0113022
0.0112794
0.0112543
0.0112279
0.0112012
0.0111753
0.0111511
0.0111296
0.0111115
0.0110975
0.0110882
0.0110839
0.0110847
0.0110906
0.0111015
0.0111168
0.011136
0.0111585
0.0111833
0.0112096
0.0112363
0.0112624
0.0112868
0.0113087
0.0113272
0.0113415
0.0113511
0.00999067
0.00998933
0.00997872
0.00995931
0.00993193
0.00989775
0.00985821
0.00981493
0.00976965
0.00972415
0.00968016
0.00963932
0.00960311
0.00957282
0.00954949
0.00953391
0.00952663
0.00952787
0.00953761
0.0095555
0.00958094
0.00961306
0.00965074
0.00969264
0.00973722
0.00978282
0.00982768
0.00987004
0.00990819
0.00994054
0.00996573
0.00998269
0.0071472
0.0071457
0.00713347
0.0071111
0.00707962
0.00704049
0.00699545
0.00694643
0.00689547
0.00684458
0.00679569
0.00675057
0.00671077
0.00667761
0.00665217
0.00663522
0.00662728
0.00662858
0.0066391
0.0066585
0.0066862
0.00672132
0.00676274
0.00680907
0.00685868
0.00690977
0.00696037
0.00700846
0.00705203
0.00708918
0.00711826
0.0071379
0.00282616
0.0028252
0.00281727
0.00280277
0.00278247
0.0027574
0.00272875
0.00269785
0.00266602
0.00263452
0.00260454
0.0025771
0.00255309
0.00253322
0.00251804
0.00250796
0.00250323
0.00250398
0.00251019
0.00252169
0.00253819
0.00255925
0.00258426
0.00261248
0.00264296
0.00267466
0.00270636
0.00273677
0.00276457
0.00278847
0.00280729
0.00282008
0.0113611
0.011359
0.0113514
0.0113386
0.0113212
0.0112999
0.0112754
0.0112489
0.0112212
0.0111934
0.0111667
0.0111421
0.0111204
0.0111025
0.011089
0.0110804
0.0110771
0.0110792
0.0110866
0.011099
0.0111159
0.0111368
0.0111609
0.0111872
0.0112148
0.0112426
0.0112695
0.0112946
0.0113167
0.011335
0.0113489
0.0113577
0.0100034
0.00999969
0.00998624
0.00996369
0.00993299
0.00989548
0.00985272
0.00980647
0.00975859
0.00971093
0.0096653
0.00962339
0.0095867
0.00955652
0.00953387
0.00951953
0.00951397
0.00951738
0.00952964
0.00955034
0.00957879
0.00961401
0.00965479
0.00969965
0.00974697
0.00979496
0.00984177
0.00988553
0.00992446
0.00995694
0.00998157
0.0099973
0.00716343
0.00715911
0.00714349
0.00711734
0.00708187
0.00703874
0.00698986
0.00693732
0.0068833
0.0068299
0.00677912
0.00673277
0.00669241
0.00665936
0.00663465
0.00661903
0.00661296
0.00661663
0.00662992
0.00665243
0.0066835
0.00672216
0.00676716
0.006817
0.00686992
0.00692397
0.00697707
0.00702705
0.00707179
0.00710933
0.00713793
0.00715626
0.00283804
0.0028352
0.00282494
0.00280783
0.00278477
0.00275693
0.00272566
0.00269237
0.00265848
0.00262532
0.0025941
0.00256585
0.00254146
0.00252162
0.00250687
0.00249757
0.00249397
0.00249614
0.00250403
0.00251746
0.00253607
0.00255939
0.00258675
0.00261732
0.0026501
0.00268392
0.00271749
0.0027494
0.00277823
0.0028026
0.00282129
0.00283332
0.0113603
0.0113569
0.0113482
0.0113344
0.0113161
0.0112941
0.0112692
0.0112425
0.0112148
0.0111874
0.0111612
0.0111372
0.0111164
0.0110995
0.0110871
0.0110798
0.0110777
0.0110809
0.0110894
0.0111027
0.0111206
0.0111421
0.0111666
0.0111932
0.0112208
0.0112484
0.0112748
0.0112992
0.0113205
0.0113378
0.0113505
0.0113581
0.0100043
0.00999815
0.00998233
0.00995756
0.00992492
0.00988581
0.00984185
0.00979484
0.00974666
0.00969917
0.00965415
0.00961326
0.00957793
0.00954941
0.00952867
0.0095164
0.009513
0.0095186
0.00953301
0.00955575
0.00958604
0.00962287
0.00966493
0.00971073
0.00975857
0.00980664
0.00985307
0.009896
0.00993366
0.00996447
0.00998711
0.0100006
0.00716565
0.00715835
0.0071398
0.0071109
0.00707301
0.00702785
0.00697744
0.00692392
0.00686945
0.00681616
0.00676599
0.00672071
0.00668183
0.0066506
0.00662798
0.00661465
0.006611
0.00661715
0.00663291
0.00665782
0.00669112
0.00673178
0.00677848
0.00682965
0.00688346
0.0069379
0.00699085
0.00704012
0.00708358
0.00711931
0.00714565
0.00716135
0.00284045
0.00283552
0.00282318
0.00280411
0.0027793
0.00275001
0.00271763
0.00268361
0.00264937
0.00261622
0.00258534
0.00255774
0.00253424
0.0025155
0.00250203
0.00249415
0.00249205
0.00249578
0.00250527
0.00252027
0.00254041
0.00256515
0.00259379
0.00262543
0.00265903
0.00269336
0.00272708
0.00275873
0.00278689
0.00281019
0.00282743
0.0028377
0.0113461
0.0113427
0.0113345
0.0113219
0.0113053
0.0112854
0.0112631
0.0112391
0.0112144
0.0111899
0.0111667
0.0111455
0.0111271
0.0111124
0.0111017
0.0110955
0.011094
0.0110973
0.0111052
0.0111175
0.0111337
0.0111532
0.0111753
0.0111992
0.0112238
0.0112484
0.0112719
0.0112934
0.0113121
0.0113273
0.0113383
0.0113446
0.00997802
0.00997152
0.00995648
0.00993357
0.00990377
0.00986832
0.00982871
0.00978653
0.00974345
0.00970113
0.00966117
0.00962503
0.00959399
0.00956916
0.00955137
0.00954124
0.00953911
0.00954505
0.00955886
0.00958008
0.00960798
0.0096416
0.00967974
0.00972102
0.00976392
0.0098068
0.00984798
0.00988581
0.00991875
0.00994542
0.00996468
0.00997571
0.00713447
0.0071267
0.00710901
0.00708225
0.00704765
0.00700676
0.00696136
0.00691335
0.00686467
0.00681719
0.00677265
0.00673262
0.00669846
0.00667127
0.00665191
0.00664098
0.00663881
0.00664546
0.00666074
0.00668418
0.00671505
0.00675238
0.00679491
0.00684118
0.00688953
0.00693813
0.00698506
0.0070284
0.00706629
0.00709706
0.00711929
0.00713196
0.00281941
0.00281411
0.00280233
0.0027847
0.00276212
0.00273568
0.00270662
0.0026762
0.00264567
0.0026162
0.00258884
0.00256447
0.00254386
0.00252759
0.0025161
0.00250971
0.00250858
0.00251272
0.00252204
0.0025363
0.00255512
0.00257797
0.00260416
0.00263286
0.00266308
0.00269371
0.00272351
0.00275123
0.00277561
0.00279548
0.00280984
0.00281796
0.0113226
0.0113212
0.0113158
0.0113068
0.0112946
0.0112795
0.0112622
0.0112434
0.0112237
0.011204
0.011185
0.0111674
0.0111519
0.0111391
0.0111294
0.0111232
0.0111208
0.0111222
0.0111274
0.0111362
0.0111482
0.011163
0.0111801
0.0111989
0.0112185
0.0112383
0.0112574
0.0112752
0.0112909
0.011304
0.0113139
0.0113202
0.00993236
0.00992932
0.00991949
0.00990328
0.00988138
0.0098547
0.00982434
0.00979151
0.00975751
0.00972367
0.00969126
0.0096615
0.00963547
0.0096141
0.00959814
0.00958817
0.00958452
0.00958733
0.00959649
0.0096117
0.00963241
0.00965791
0.00968727
0.00971943
0.00975319
0.00978726
0.00982034
0.0098511
0.00987832
0.00990087
0.00991783
0.00992847
0.00707963
0.00707589
0.00706434
0.00704551
0.00702024
0.00698963
0.00695501
0.0069178
0.00687951
0.00684162
0.00680555
0.00677262
0.00674397
0.00672058
0.00670322
0.00669247
0.00668867
0.00669193
0.00670217
0.00671905
0.00674203
0.00677035
0.00680304
0.00683897
0.00687682
0.00691518
0.00695256
0.00698744
0.00701839
0.00704406
0.00706335
0.00707538
0.00278194
0.00277934
0.00277174
0.00275951
0.00274325
0.00272372
0.0027018
0.00267846
0.00265463
0.00263126
0.0026092
0.00258921
0.00257196
0.00255799
0.00254771
0.00254142
0.0025393
0.00254142
0.00254771
0.00255801
0.002572
0.00258928
0.00260929
0.00263139
0.00265479
0.00267864
0.00270201
0.00272393
0.00274344
0.00275967
0.00277186
0.0027794
0.0113005
0.0113025
0.0113013
0.0112972
0.0112902
0.0112805
0.0112687
0.0112551
0.0112403
0.0112248
0.0112092
0.0111942
0.0111803
0.011168
0.0111579
0.0111502
0.0111453
0.0111433
0.0111444
0.0111485
0.0111554
0.0111649
0.0111766
0.0111901
0.0112048
0.0112203
0.0112359
0.011251
0.011265
0.0112774
0.0112877
0.0112955
0.00989048
0.00989381
0.0098918
0.00988453
0.00987231
0.00985563
0.00983519
0.0098118
0.00978641
0.00976
0.0097336
0.00970822
0.00968481
0.00966422
0.00964723
0.00963443
0.00962629
0.0096231
0.00962497
0.00963184
0.00964347
0.00965944
0.00967918
0.00970197
0.00972696
0.00975323
0.00977976
0.00980554
0.00982955
0.00985084
0.00986854
0.00988194
0.00703004
0.00703379
0.00703146
0.00702315
0.00700922
0.00699029
0.00696715
0.00694078
0.00691224
0.00688269
0.00685326
0.00682508
0.00679917
0.00677646
0.00675777
0.00674373
0.00673482
0.00673134
0.00673341
0.00674097
0.00675376
0.00677136
0.00679316
0.00681839
0.00684616
0.00687544
0.00690512
0.00693406
0.0069611
0.00698514
0.00700518
0.00702036
0.00274894
0.00275137
0.00274996
0.00274479
0.00273608
0.00272425
0.00270982
0.00269344
0.00267579
0.00265759
0.00263956
0.00262236
0.00260661
0.00259286
0.00258157
0.0025731
0.00256771
0.00256557
0.00256676
0.00257123
0.00257885
0.00258938
0.00260249
0.00261775
0.00263463
0.00265253
0.00267079
0.0026887
0.00270553
0.00272058
0.00273318
0.00274278
0.0112851
0.01129
0.0112923
0.011292
0.011289
0.0112835
0.0112757
0.0112658
0.0112543
0.0112416
0.0112282
0.0112147
0.0112015
0.0111891
0.011178
0.0111687
0.0111615
0.0111566
0.0111543
0.0111546
0.0111575
0.011163
0.0111707
0.0111805
0.0111919
0.0112045
0.0112179
0.0112315
0.0112447
0.0112572
0.0112683
0.0112778
0.0098624
0.00987127
0.00987572
0.00987555
0.00987079
0.00986161
0.00984841
0.00983171
0.00981219
0.00979063
0.00976787
0.00974479
0.00972229
0.00970122
0.00968236
0.0096664
0.00965394
0.00964543
0.00964116
0.00964131
0.00964585
0.00965464
0.00966735
0.00968352
0.00970256
0.00972377
0.00974635
0.00976944
0.00979216
0.00981362
0.00983298
0.00984946
0.00699738
0.00700762
0.00701286
0.00701287
0.00700766
0.00699744
0.00698266
0.00696393
0.00694204
0.00691788
0.00689241
0.00686664
0.00684156
0.00681809
0.00679711
0.00677936
0.00676548
0.00675594
0.00675108
0.00675105
0.00675587
0.00676536
0.00677921
0.00679693
0.00681789
0.00684135
0.00686644
0.00689222
0.0069177
0.00694189
0.00696381
0.00698256
0.00272787
0.0027346
0.0027382
0.00273851
0.00273551
0.00272936
0.00272031
0.00270879
0.00269528
0.00268037
0.00266465
0.00264877
0.00263333
0.00261889
0.00260598
0.00259503
0.00258642
0.00258042
0.00257723
0.00257695
0.00257959
0.00258506
0.00259319
0.00260372
0.00261629
0.00263048
0.00264578
0.00266164
0.00267743
0.00269256
0.00270638
0.00271832
0.0112787
0.0112849
0.0112887
0.01129
0.0112887
0.0112848
0.0112786
0.0112703
0.0112601
0.0112485
0.011236
0.011223
0.01121
0.0111975
0.0111861
0.011176
0.0111678
0.0111617
0.011158
0.0111567
0.011158
0.0111618
0.0111679
0.0111762
0.0111863
0.0111978
0.0112102
0.0112232
0.0112362
0.0112488
0.0112603
0.0112704
0.009852
0.00986338
0.00987066
0.00987354
0.00987188
0.00986578
0.00985546
0.00984136
0.00982405
0.00980421
0.00978264
0.00976019
0.00973772
0.00971609
0.00969612
0.00967855
0.00966403
0.00965309
0.00964613
0.00964339
0.00964497
0.00965082
0.00966073
0.00967433
0.00969114
0.00971053
0.00973178
0.0097541
0.00977664
0.00979852
0.0098189
0.00983697
0.00698578
0.00699903
0.00700763
0.00701123
0.00700965
0.00700298
0.00699149
0.00697568
0.00695621
0.00693388
0.0069096
0.00688434
0.0068591
0.00683481
0.00681241
0.00679269
0.00677636
0.006764
0.00675603
0.00675272
0.0067542
0.00676039
0.0067711
0.00678595
0.00680442
0.00682587
0.00684951
0.00687447
0.00689983
0.00692458
0.00694777
0.00696845
0.00272101
0.00272974
0.00273556
0.0027382
0.00273756
0.00273364
0.00272665
0.00271688
0.00270478
0.00269086
0.00267571
0.00265996
0.00264422
0.00262909
0.00261512
0.00260281
0.00259258
0.00258476
0.0025796
0.00257728
0.00257786
0.00258133
0.00258756
0.00259638
0.00260747
0.00262049
0.00263497
0.0026504
0.0026662
0.00268178
0.0026965
0.00270977
0.0112773
0.0112819
0.0112843
0.0112844
0.0112821
0.0112775
0.0112708
0.0112623
0.0112524
0.0112413
0.0112295
0.0112175
0.0112058
0.0111947
0.0111848
0.0111763
0.0111697
0.0111651
0.0111627
0.0111627
0.0111649
0.0111695
0.011176
0.0111844
0.0111943
0.0112054
0.0112171
0.0112291
0.0112409
0.011252
0.011262
0.0112705
0.0098513
0.00986033
0.00986537
0.00986621
0.00986281
0.00985532
0.00984404
0.00982943
0.00981208
0.00979268
0.00977199
0.00975084
0.00973001
0.00971032
0.0096925
0.00967721
0.00966501
0.00965634
0.00965152
0.00965072
0.00965397
0.00966115
0.00967201
0.00968615
0.00970305
0.00972208
0.00974255
0.00976367
0.00978464
0.00980463
0.00982288
0.00983865
0.00698585
0.00699655
0.00700269
0.007004
0.00700043
0.00699214
0.00697947
0.00696296
0.0069433
0.0069213
0.00689784
0.00687386
0.00685026
0.00682795
0.00680775
0.00679039
0.00677648
0.00676652
0.00676084
0.00675963
0.00676294
0.00677066
0.00678252
0.0067981
0.00681686
0.00683813
0.00686114
0.00688502
0.00690887
0.00693175
0.00695277
0.00697105
0.00272211
0.00272928
0.00273355
0.00273471
0.00273272
0.00272767
0.00271978
0.00270941
0.00269701
0.00268312
0.0026683
0.00265315
0.00263827
0.0026242
0.00261145
0.00260048
0.00259164
0.00258522
0.00258144
0.00258042
0.00258218
0.00258667
0.00259375
0.00260319
0.00261467
0.0026278
0.00264214
0.00265714
0.00267225
0.00268688
0.00270044
0.00271235
0.0112721
0.0112719
0.0112699
0.0112661
0.0112606
0.0112537
0.0112457
0.0112369
0.0112275
0.011218
0.0112088
0.0112001
0.0111924
0.0111859
0.0111808
0.0111773
0.0111757
0.0111759
0.0111779
0.0111817
0.0111871
0.0111939
0.0112018
0.0112106
0.01122
0.0112294
0.0112387
0.0112474
0.0112552
0.0112618
0.011267
0.0112705
0.00984437
0.00984489
0.00984202
0.00983588
0.00982672
0.00981491
0.00980092
0.00978531
0.00976868
0.00975169
0.00973499
0.00971921
0.00970494
0.00969273
0.00968301
0.00967614
0.00967238
0.00967186
0.00967461
0.00968052
0.00968938
0.00970087
0.00971455
0.00972994
0.00974643
0.00976342
0.00978025
0.00979625
0.00981082
0.00982336
0.00983338
0.00984048
0.00697896
0.00697994
0.00697701
0.00697029
0.00696005
0.00694674
0.00693088
0.00691313
0.0068942
0.00687482
0.00685574
0.00683769
0.00682134
0.00680728
0.00679602
0.00678796
0.00678339
0.00678245
0.0067852
0.00679152
0.00680121
0.00681391
0.00682918
0.00684646
0.00686512
0.00688445
0.00690371
0.00692216
0.00693905
0.00695373
0.00696557
0.0069741
0.00271874
0.00271963
0.00271799
0.00271388
0.00270749
0.00269909
0.00268904
0.00267777
0.00266574
0.00265342
0.00264128
0.0026298
0.00261937
0.00261038
0.00260314
0.00259789
0.0025948
0.00259398
0.00259545
0.00259917
0.00260502
0.0026128
0.00262225
0.00263303
0.00264476
0.00265701
0.00266931
0.00268118
0.00269214
0.00270175
0.0027096
0.00271534
0.0112536
0.0112462
0.0112379
0.011229
0.01122
0.0112112
0.0112028
0.0111953
0.0111888
0.0111838
0.0111802
0.0111784
0.0111782
0.0111798
0.0111831
0.011188
0.0111942
0.0112016
0.0112098
0.0112186
0.0112276
0.0112365
0.0112449
0.0112525
0.011259
0.0112641
0.0112677
0.0112696
0.0112698
0.0112682
0.0112648
0.0112599
0.00981355
0.00980095
0.00978671
0.0097714
0.00975561
0.00973996
0.00972503
0.0097114
0.00969957
0.00968999
0.00968301
0.00967887
0.00967774
0.00967965
0.00968453
0.0096922
0.00970238
0.0097147
0.00972869
0.00974385
0.00975958
0.0097753
0.00979039
0.00980426
0.00981637
0.00982624
0.00983346
0.00983776
0.00983895
0.00983698
0.00983194
0.00982402
0.00694472
0.0069306
0.00691459
0.00689732
0.00687946
0.00686172
0.00684476
0.00682922
0.00681566
0.0068046
0.00679641
0.0067914
0.00678974
0.00679149
0.00679659
0.00680486
0.00681602
0.00682965
0.00684526
0.00686228
0.00688006
0.00689793
0.0069152
0.00693118
0.00694524
0.0069568
0.00696539
0.00697065
0.00697238
0.0069705
0.00696509
0.00695638
0.00269751
0.00268858
0.00267843
0.00266748
0.00265615
0.00264489
0.00263412
0.00262424
0.0026156
0.00260851
0.00260321
0.00259989
0.00259865
0.00259955
0.00260255
0.00260755
0.00261439
0.00262283
0.00263257
0.00264327
0.00265453
0.00266592
0.002677
0.00268732
0.00269646
0.00270404
0.00270974
0.00271332
0.00271463
0.0027136
0.0027103
0.00270485
0.0112188
0.0112048
0.0111916
0.0111796
0.0111692
0.011161
0.0111551
0.0111518
0.0111512
0.0111534
0.0111582
0.0111655
0.011175
0.0111863
0.0111991
0.0112128
0.0112268
0.0112408
0.0112541
0.0112662
0.0112766
0.011285
0.0112911
0.0112944
0.0112951
0.0112929
0.011288
0.0112807
0.011271
0.0112596
0.0112467
0.0112329
0.00975344
0.00972904
0.00970584
0.00968468
0.00966636
0.00965155
0.00964078
0.00963443
0.00963274
0.00963575
0.00964335
0.00965529
0.00967111
0.00969026
0.00971202
0.0097356
0.00976011
0.00978462
0.00980818
0.00982987
0.00984881
0.00986426
0.00987556
0.00988227
0.0098841
0.00988098
0.00987302
0.00986056
0.00984411
0.00982433
0.00980202
0.00977808
0.006877
0.00684946
0.00682328
0.00679944
0.00677877
0.00676202
0.00674976
0.00674239
0.00674018
0.0067432
0.00675135
0.00676435
0.00678176
0.00680298
0.00682727
0.00685375
0.00688145
0.00690931
0.00693624
0.00696118
0.0069831
0.00700108
0.00701436
0.00702237
0.00702476
0.00702143
0.00701252
0.00699843
0.00697977
0.00695731
0.00693201
0.00690488
0.00265451
0.00263704
0.0026205
0.00260547
0.00259248
0.00258194
0.00257419
0.00256948
0.00256795
0.00256966
0.00257455
0.00258248
0.00259321
0.00260638
0.00262156
0.00263824
0.00265581
0.00267361
0.00269095
0.00270712
0.00272143
0.00273324
0.00274204
0.00274741
0.00274911
0.00274707
0.00274137
0.0027323
0.00272028
0.00270583
0.0026896
0.00267226
0.0111766
0.0111598
0.0111455
0.011134
0.0111259
0.0111214
0.0111208
0.0111239
0.0111308
0.0111412
0.0111546
0.0111706
0.0111886
0.0112078
0.0112276
0.0112472
0.0112658
0.0112827
0.0112973
0.0113089
0.0113172
0.0113218
0.0113225
0.0113193
0.0113123
0.0113017
0.0112881
0.0112719
0.0112538
0.0112345
0.0112146
0.0111951
0.00967966
0.0096506
0.00962567
0.00960577
0.0095916
0.00958364
0.00958218
0.00958726
0.00959871
0.00961613
0.0096389
0.00966622
0.00969709
0.0097304
0.0097649
0.00979926
0.00983216
0.00986229
0.00988842
0.00990948
0.0099246
0.00993314
0.00993473
0.00992931
0.0099171
0.00989862
0.00987464
0.00984616
0.00981434
0.00978044
0.00974582
0.00971179
0.00679401
0.00676151
0.0067337
0.00671153
0.0066957
0.00668675
0.00668496
0.00669037
0.00670283
0.00672194
0.00674707
0.0067774
0.00681188
0.00684929
0.00688828
0.00692736
0.00696499
0.00699965
0.00702987
0.00705436
0.00707203
0.00708209
0.00708408
0.00707792
0.00706389
0.00704262
0.00701507
0.00698244
0.00694611
0.00690759
0.00686841
0.00683007
0.00260207
0.00258187
0.00256468
0.00255102
0.0025413
0.00253579
0.00253464
0.0025379
0.00254548
0.00255716
0.00257261
0.00259137
0.00261285
0.00263634
0.00266102
0.00268595
0.00271016
0.00273261
0.00275232
0.00276839
0.00278003
0.00278668
0.00278801
0.00278395
0.00277473
0.00276079
0.00274282
0.00272166
0.00269826
0.00267363
0.00264877
0.00262462
0.011142
0.0111257
0.011113
0.0111044
0.0111002
0.0111006
0.0111054
0.0111147
0.0111279
0.0111447
0.0111644
0.0111863
0.0112095
0.0112331
0.0112563
0.0112781
0.0112977
0.0113143
0.0113272
0.0113361
0.0113404
0.01134
0.011335
0.0113255
0.0113119
0.0112948
0.0112749
0.0112528
0.0112295
0.0112059
0.0111829
0.0111613
0.00961801
0.00959024
0.00956879
0.00955438
0.00954752
0.00954844
0.0095571
0.00957322
0.00959625
0.00962539
0.00965962
0.0096977
0.00973826
0.00977976
0.00982061
0.00985919
0.00989396
0.00992347
0.0099465
0.00996206
0.00996949
0.00996846
0.00995902
0.00994159
0.0099169
0.00988602
0.00985022
0.00981097
0.00976985
0.00972846
0.00968839
0.00965112
0.00672443
0.00669379
0.00667024
0.00665452
0.00664711
0.00664824
0.00665788
0.00667575
0.0067013
0.00673371
0.00677193
0.00681467
0.00686042
0.0069075
0.0069541
0.00699835
0.00703839
0.00707251
0.00709917
0.00711716
0.00712565
0.00712424
0.007113
0.00709247
0.0070636
0.00702771
0.00698638
0.00694138
0.00689455
0.00684775
0.00680274
0.00676115
0.0025582
0.00253962
0.00252548
0.00251616
0.0025119
0.00251281
0.00251888
0.00252995
0.00254573
0.0025658
0.00258958
0.00261632
0.00264515
0.00267504
0.00270484
0.00273334
0.00275928
0.00278146
0.00279881
0.00281045
0.00281578
0.00281453
0.00280676
0.00279289
0.00277364
0.00274996
0.00272298
0.00269393
0.00266404
0.00263449
0.00260638
0.00258067
0.0111342
0.0111195
0.0111087
0.0111021
0.0111
0.0111024
0.0111093
0.0111205
0.0111354
0.0111536
0.0111743
0.0111968
0.0112203
0.0112438
0.0112664
0.0112873
0.0113055
0.0113205
0.0113316
0.0113384
0.0113405
0.011338
0.0113309
0.0113195
0.0113042
0.0112857
0.0112647
0.011242
0.0112185
0.0111951
0.0111727
0.0111521
0.00960261
0.00957782
0.00955977
0.00954908
0.00954611
0.00955097
0.00956349
0.00958324
0.00960956
0.00964152
0.009678
0.00971768
0.00975907
0.00980062
0.00984071
0.00987772
0.00991016
0.00993667
0.00995614
0.00996772
0.00997092
0.00996561
0.00995201
0.00993071
0.00990263
0.00986894
0.00983105
0.00979048
0.00974884
0.00970775
0.00966875
0.00963328
0.00670618
0.00667897
0.00665932
0.00664784
0.00664489
0.00665055
0.00666465
0.00668677
0.00671622
0.00675206
0.00679309
0.0068379
0.00688487
0.00693225
0.00697817
0.00702074
0.00705817
0.00708879
0.00711123
0.00712445
0.00712782
0.00712121
0.00710491
0.00707969
0.00704672
0.00700747
0.00696366
0.00691711
0.00686971
0.00682329
0.00677957
0.00674008
0.00254652
0.00253018
0.00251855
0.00251192
0.00251048
0.00251426
0.00252316
0.00253696
0.00255528
0.00257762
0.00260329
0.00263149
0.00266124
0.00269144
0.0027209
0.00274836
0.00277259
0.00279244
0.00280691
0.00281527
0.00281708
0.00281225
0.00280102
0.002784
0.00276203
0.00273619
0.00270769
0.00267776
0.00264765
0.0026185
0.00259135
0.00256711
0.0111579
0.0111455
0.011136
0.0111298
0.0111272
0.0111281
0.0111326
0.0111405
0.0111515
0.0111652
0.0111811
0.0111985
0.0112169
0.0112355
0.0112536
0.0112705
0.0112855
0.0112981
0.0113077
0.011314
0.0113167
0.0113157
0.0113111
0.0113031
0.0112918
0.0112779
0.0112619
0.0112443
0.0112259
0.0112074
0.0111894
0.0111727
0.0096451
0.0096242
0.00960835
0.00959811
0.00959384
0.00959568
0.00960358
0.00961725
0.00963623
0.00965983
0.00968721
0.00971737
0.0097492
0.00978147
0.00981296
0.00984242
0.00986867
0.00989064
0.00990743
0.00991832
0.00992287
0.00992089
0.00991245
0.00989792
0.0098779
0.00985323
0.00982491
0.00979409
0.00976199
0.00972985
0.0096989
0.0096703
0.00675405
0.00673103
0.00671365
0.00670251
0.00669796
0.00670014
0.006709
0.00672424
0.00674537
0.00677169
0.0068023
0.00683614
0.00687197
0.00690845
0.00694418
0.00697772
0.0070077
0.00703283
0.00705202
0.00706443
0.00706951
0.00706702
0.00705708
0.00704013
0.00701694
0.00698852
0.00695609
0.00692099
0.00688464
0.00684846
0.00681381
0.00678197
0.00257761
0.00256371
0.0025533
0.00254669
0.00254407
0.00254552
0.00255099
0.00256033
0.00257328
0.00258943
0.00260829
0.00262923
0.00265152
0.00267434
0.00269682
0.00271803
0.00273707
0.00275307
0.0027653
0.00277317
0.00277629
0.00277452
0.00276794
0.00275688
0.00274187
0.00272362
0.00270295
0.00268075
0.00265796
0.00263545
0.00261408
0.00259458
0.0111845
0.0111742
0.0111657
0.0111594
0.0111556
0.0111544
0.0111558
0.0111598
0.0111662
0.0111748
0.0111852
0.0111972
0.0112101
0.0112236
0.011237
0.0112499
0.0112619
0.0112723
0.0112809
0.0112872
0.0112911
0.0112923
0.0112909
0.0112869
0.0112804
0.0112717
0.0112612
0.0112492
0.0112362
0.0112227
0.0112093
0.0111964
0.00969646
0.00967906
0.00966468
0.00965386
0.00964698
0.0096443
0.00964591
0.00965175
0.00966162
0.00967514
0.00969183
0.00971108
0.00973216
0.00975429
0.00977663
0.00979831
0.00981848
0.00983635
0.00985121
0.00986246
0.00986963
0.00987244
0.00987077
0.00986469
0.00985445
0.00984046
0.00982328
0.00980361
0.00978222
0.00975996
0.00973769
0.00971625
0.00681401
0.00679476
0.00677881
0.00676673
0.00675894
0.00675571
0.00675714
0.0067632
0.00677366
0.00678816
0.00680621
0.00682714
0.00685021
0.00687457
0.00689929
0.00692342
0.00694601
0.00696615
0.00698302
0.00699591
0.00700428
0.00700777
0.00700624
0.00699974
0.00698856
0.00697316
0.0069542
0.00693245
0.0069088
0.00688419
0.00685957
0.00683588
0.00261771
0.00260602
0.00259629
0.00258882
0.00258387
0.00258159
0.00258207
0.00258527
0.00259111
0.00259938
0.00260983
0.00262208
0.00263573
0.00265027
0.00266517
0.00267985
0.00269374
0.00270626
0.00271688
0.00272513
0.00273066
0.00273322
0.00273269
0.00272909
0.00272259
0.00271348
0.00270216
0.00268911
0.00267489
0.00266006
0.00264522
0.00263093
0.0111811
0.0111718
0.0111645
0.0111594
0.0111568
0.0111567
0.0111593
0.0111642
0.0111715
0.0111808
0.0111917
0.0112038
0.0112167
0.0112299
0.0112428
0.011255
0.011266
0.0112754
0.0112827
0.0112879
0.0112905
0.0112905
0.011288
0.011283
0.0112757
0.0112664
0.0112554
0.0112433
0.0112303
0.0112172
0.0112042
0.0111921
0.00969214
0.00967671
0.00966439
0.00965566
0.00965081
0.00965002
0.00965333
0.00966061
0.00967158
0.00968585
0.00970289
0.00972207
0.00974266
0.0097639
0.00978496
0.00980504
0.00982334
0.00983916
0.00985186
0.00986093
0.009866
0.00986686
0.00986348
0.00985599
0.00984469
0.00983003
0.00981261
0.0097931
0.00977229
0.00975097
0.00972999
0.00971012
0.00681014
0.00679315
0.00677952
0.00676973
0.00676412
0.00676289
0.00676608
0.00677356
0.00678509
0.00680023
0.00681847
0.00683913
0.00686146
0.00688462
0.00690773
0.00692991
0.00695027
0.00696799
0.00698236
0.00699277
0.0069988
0.00700018
0.00699685
0.00698895
0.0069768
0.00696092
0.00694194
0.00692066
0.00689791
0.0068746
0.00685163
0.00682987
0.00261574
0.00260551
0.00259722
0.00259116
0.00258753
0.00258644
0.00258794
0.00259196
0.00259837
0.00260696
0.00261744
0.00262944
0.00264254
0.00265626
0.00267008
0.00268347
0.00269589
0.00270684
0.00271584
0.00272251
0.00272656
0.00272781
0.00272619
0.00272178
0.00271477
0.00270547
0.00269428
0.00268166
0.00266814
0.00265427
0.00264057
0.00262757
0.0111498
0.0111399
0.0111332
0.0111298
0.0111301
0.0111338
0.0111409
0.0111512
0.0111642
0.0111794
0.0111963
0.0112143
0.0112325
0.0112504
0.0112672
0.0112823
0.0112951
0.0113051
0.0113119
0.0113152
0.011315
0.0113112
0.0113039
0.0112935
0.0112804
0.011265
0.0112481
0.0112301
0.0112119
0.0111941
0.0111774
0.0111624
0.00963548
0.0096195
0.00960874
0.00960359
0.00960424
0.00961065
0.00962261
0.00963969
0.00966128
0.00968659
0.0097147
0.00974455
0.00977502
0.00980492
0.0098331
0.00985842
0.00987988
0.0098966
0.00990789
0.00991329
0.00991258
0.00990579
0.00989319
0.00987532
0.00985291
0.00982686
0.00979822
0.00976811
0.00973772
0.00970819
0.00968065
0.00965611
0.00674572
0.00672841
0.00671682
0.00671133
0.00671213
0.0067192
0.0067323
0.00675101
0.00677468
0.00680251
0.00683351
0.00686654
0.00690038
0.00693371
0.00696521
0.00699361
0.00701771
0.00703649
0.00704914
0.00705512
0.00705415
0.00704629
0.00703189
0.00701159
0.00698625
0.00695695
0.00692489
0.00689138
0.00685771
0.00682516
0.00679495
0.00676816
0.00257383
0.00256364
0.00255689
0.00255378
0.00255442
0.00255879
0.00256676
0.00257809
0.00259243
0.00260933
0.00262822
0.00264843
0.00266923
0.00268981
0.00270935
0.00272701
0.00274202
0.00275371
0.00276153
0.00276511
0.00276429
0.00275911
0.00274981
0.00273685
0.00272081
0.00270243
0.00268248
0.00266178
0.00264117
0.0026214
0.00260319
0.00258716
0.0111179
0.0111049
0.0110963
0.0110924
0.0110934
0.0110991
0.0111095
0.0111242
0.0111425
0.0111638
0.0111873
0.0112121
0.0112372
0.0112617
0.0112847
0.0113051
0.0113224
0.0113356
0.0113444
0.0113484
0.0113473
0.0113414
0.0113307
0.0113158
0.0112972
0.0112757
0.011252
0.0112272
0.0112021
0.0111777
0.011155
0.0111349
0.00958061
0.00955945
0.0095457
0.00953981
0.009542
0.00955219
0.00957003
0.00959493
0.00962601
0.00966219
0.00970215
0.00974442
0.00978741
0.00982945
0.00986888
0.00990411
0.00993368
0.00995635
0.00997116
0.00997748
0.00997503
0.00996394
0.00994467
0.00991805
0.00988522
0.00984753
0.00980652
0.00976382
0.00972109
0.00967995
0.00964194
0.00960843
0.00668458
0.00666176
0.00664708
0.00664097
0.00664364
0.00665501
0.00667473
0.00670219
0.00673653
0.0067766
0.00682105
0.0068683
0.00691659
0.00696405
0.00700877
0.00704887
0.0070826
0.00710846
0.00712527
0.00713224
0.00712904
0.00711585
0.00709328
0.00706237
0.00702452
0.00698141
0.00693484
0.00688674
0.00683897
0.00679333
0.00675146
0.0067148
0.00253552
0.0025221
0.00251361
0.00251026
0.00251215
0.00251923
0.00253132
0.0025481
0.0025691
0.00259372
0.00262118
0.00265056
0.00268081
0.00271074
0.00273913
0.00276472
0.00278632
0.00280286
0.00281351
0.00281772
0.00281526
0.00280626
0.00279121
0.00277087
0.00274625
0.00271853
0.00268892
0.00265869
0.00262902
0.00260099
0.00257555
0.00255351
0.0110979
0.01108
0.0110673
0.0110604
0.0110594
0.0110644
0.0110753
0.0110915
0.0111126
0.0111376
0.0111658
0.011196
0.0112271
0.0112579
0.0112872
0.0113139
0.0113368
0.0113551
0.0113681
0.0113753
0.0113763
0.0113711
0.0113599
0.0113433
0.0113217
0.0112962
0.0112676
0.0112372
0.0112061
0.0111755
0.0111465
0.0111203
0.00955032
0.00952055
0.00949959
0.00948813
0.00948656
0.00949493
0.00951295
0.00954004
0.00957528
0.00961748
0.00966516
0.00971661
0.00976993
0.00982308
0.00987399
0.00992059
0.00996095
0.00999336
0.0100164
0.0100291
0.0100308
0.0100216
0.0100017
0.00997211
0.00993408
0.00988924
0.00983947
0.0097868
0.00973331
0.00968106
0.009632
0.0095879
0.00665293
0.00662058
0.0065979
0.00658557
0.00658393
0.00659303
0.00661262
0.00664211
0.00668063
0.00672699
0.0067797
0.00683698
0.00689679
0.00695688
0.00701486
0.00706832
0.00711492
0.00715254
0.0071794
0.0071942
0.00719621
0.00718532
0.00716208
0.00712761
0.00708356
0.00703194
0.00697506
0.00691533
0.00685515
0.00679684
0.0067425
0.006694
0.00251763
0.00249832
0.00248487
0.00247759
0.00247664
0.00248205
0.00249368
0.00251127
0.00253439
0.00256244
0.00259463
0.00262997
0.00266729
0.00270521
0.00274223
0.00277673
0.0028071
0.00283182
0.00284958
0.0028594
0.00286073
0.00285348
0.00283808
0.00281536
0.00278655
0.00275311
0.00271665
0.00267879
0.0026411
0.002605
0.00257172
0.00254231
0.0110828
0.0110615
0.011046
0.011037
0.0110347
0.0110392
0.0110504
0.0110679
0.011091
0.0111188
0.0111504
0.0111845
0.0112199
0.0112552
0.011289
0.0113201
0.0113471
0.0113691
0.0113851
0.0113945
0.0113968
0.0113922
0.0113806
0.0113625
0.0113388
0.0113103
0.0112782
0.0112437
0.0112082
0.0111731
0.0111397
0.0111092
0.00952899
0.00949314
0.00946709
0.0094517
0.00944744
0.00945446
0.00947253
0.00950106
0.00953912
0.00958544
0.00963845
0.00969627
0.00975679
0.00981776
0.00987677
0.00993146
0.00997955
0.010019
0.010048
0.0100654
0.0100702
0.0100624
0.0100422
0.0100105
0.00996883
0.00991893
0.00986295
0.00980319
0.00974206
0.00968193
0.00962505
0.00957346
0.00663162
0.00659253
0.00656418
0.00654738
0.00654259
0.00654992
0.00656917
0.00659981
0.00664097
0.00669144
0.00674965
0.00681371
0.00688141
0.00695026
0.00701756
0.00708052
0.00713637
0.00718255
0.00721683
0.0072375
0.00724353
0.00723459
0.00721114
0.00717435
0.00712604
0.00706851
0.00700438
0.00693646
0.00686754
0.00680029
0.00673716
0.00668033
0.00250635
0.00248292
0.00246597
0.00245587
0.00245282
0.00245688
0.00246797
0.00248586
0.00251014
0.00254024
0.00257538
0.00261456
0.00265654
0.00269985
0.00274281
0.00278357
0.00282023
0.00285092
0.00287399
0.00288812
0.00289249
0.00288683
0.00287147
0.00284731
0.00281571
0.00277838
0.00273717
0.00269401
0.00265073
0.00260899
0.00257025
0.00253571
0.011064
0.011042
0.0110265
0.0110182
0.0110172
0.0110236
0.0110371
0.0110574
0.0110836
0.0111148
0.0111498
0.0111874
0.011226
0.0112642
0.0113006
0.0113337
0.0113622
0.0113849
0.0114009
0.0114097
0.0114107
0.011404
0.0113899
0.0113689
0.0113419
0.0113099
0.0112743
0.0112364
0.0111978
0.0111598
0.011124
0.0110916
0.00949803
0.00946151
0.00943588
0.00942195
0.00942015
0.00943055
0.00945282
0.00948625
0.00952976
0.00958193
0.00964097
0.0097048
0.0097711
0.00983735
0.00990095
0.00995928
0.0100099
0.0100506
0.0100795
0.0100953
0.0100974
0.0100855
0.0100604
0.010023
0.00997508
0.00991877
0.00985645
0.0097907
0.00972414
0.00965932
0.00959864
0.00954425
0.0065984
0.00655886
0.0065312
0.00651616
0.00651413
0.00652519
0.00654902
0.006585
0.00663212
0.00668904
0.00675399
0.00682488
0.00689923
0.00697427
0.00704702
0.00711438
0.00717331
0.00722103
0.00725518
0.00727401
0.00727655
0.00726267
0.00723308
0.00718932
0.00713356
0.00706849
0.00699708
0.00692243
0.00684756
0.00677533
0.00670831
0.00664871
0.00248648
0.0024631
0.00244682
0.00243797
0.00243672
0.0024431
0.00245698
0.00247809
0.00250599
0.00254004
0.00257936
0.00262284
0.0026691
0.00271647
0.00276306
0.0028068
0.00284556
0.00287729
0.00290021
0.00291296
0.00291475
0.00290549
0.00288574
0.00285669
0.00282
0.00277766
0.00273178
0.00268446
0.00263766
0.00259312
0.00255232
0.00251646
0.0110514
0.0110296
0.0110147
0.0110072
0.0110075
0.0110155
0.0110309
0.0110532
0.0110816
0.011115
0.0111522
0.0111918
0.0112323
0.0112721
0.0113097
0.0113436
0.0113725
0.0113951
0.0114106
0.0114183
0.011418
0.0114096
0.0113935
0.0113703
0.011341
0.0113068
0.011269
0.0112291
0.0111887
0.0111493
0.0111123
0.0110793
0.00947501
0.00943919
0.00941498
0.00940317
0.00940411
0.00941778
0.00944376
0.00948124
0.00952902
0.00958553
0.00964885
0.00971675
0.00978672
0.00985609
0.00992209
0.009982
0.0100332
0.0100735
0.0101011
0.0101146
0.0101134
0.0100977
0.0100681
0.010026
0.00997326
0.00991229
0.00984565
0.00977606
0.0097063
0.009639
0.00957661
0.00952133
0.00657244
0.00653396
0.00650815
0.00649568
0.00649689
0.00651173
0.00653984
0.00658049
0.00663256
0.00669456
0.00676459
0.00684037
0.00691921
0.00699814
0.00707394
0.00714333
0.00720311
0.00725037
0.00728273
0.0072985
0.00729686
0.00727789
0.00724261
0.00719285
0.00713111
0.00706035
0.00698381
0.00690476
0.00682636
0.00675152
0.00668285
0.00662255
0.00246995
0.0024475
0.00243261
0.00242556
0.00242647
0.00243534
0.002452
0.00247615
0.00250728
0.00254469
0.00258743
0.00263426
0.00268366
0.00273381
0.00278263
0.00282789
0.00286729
0.00289868
0.00292022
0.0029306
0.00292917
0.00291603
0.00289199
0.00285852
0.00281754
0.00277126
0.00272197
0.00267187
0.00262297
0.00257703
0.00253548
0.00249949
0.0110595
0.0110372
0.0110215
0.0110131
0.0110122
0.0110188
0.0110328
0.0110536
0.0110804
0.0111123
0.0111482
0.0111866
0.0112261
0.0112652
0.0113023
0.0113361
0.0113651
0.0113882
0.0114045
0.0114133
0.0114142
0.0114072
0.0113926
0.011371
0.0113432
0.0113105
0.011274
0.0112353
0.0111958
0.0111571
0.0111205
0.0110876
0.00948785
0.00945113
0.00942563
0.00941216
0.00941113
0.00942259
0.00944618
0.00948116
0.00952642
0.00958047
0.00964148
0.00970731
0.00977555
0.00984359
0.00990876
0.00996835
0.0100198
0.010061
0.0100899
0.0101052
0.0101063
0.0100931
0.0100663
0.0100269
0.00997695
0.0099185
0.00985409
0.00978638
0.00971806
0.00965175
0.00958987
0.00953461
0.00658591
0.0065464
0.00651917
0.00650492
0.00650404
0.00651655
0.00654214
0.00658012
0.00662948
0.00668879
0.00675624
0.00682964
0.00690643
0.00698373
0.00705843
0.00712733
0.00718728
0.00723541
0.00726932
0.00728725
0.00728827
0.00727233
0.00724028
0.00719377
0.00713514
0.00706723
0.00699314
0.00691608
0.00683915
0.00676526
0.00669699
0.00663659
0.00247798
0.00245486
0.00243909
0.00243096
0.00243064
0.00243813
0.0024533
0.00247585
0.00250532
0.00254104
0.0025821
0.00262734
0.0026753
0.00272424
0.00277218
0.00281695
0.00285633
0.00288821
0.00291075
0.0029226
0.00292302
0.002912
0.00289021
0.00285898
0.00282011
0.00277569
0.00272794
0.00267904
0.00263098
0.00258551
0.00254411
0.00250796
0.0110827
0.0110598
0.0110427
0.0110322
0.0110285
0.0110319
0.0110422
0.011059
0.0110817
0.0111095
0.0111413
0.0111761
0.0112123
0.0112488
0.011284
0.0113166
0.0113453
0.011369
0.0113866
0.0113975
0.0114013
0.0113978
0.0113871
0.0113696
0.0113462
0.0113176
0.0112852
0.0112501
0.0112137
0.0111774
0.0111426
0.0111106
0.00952771
0.0094895
0.00946122
0.00944377
0.00943771
0.00944324
0.00946018
0.00948798
0.00952577
0.0095723
0.00962599
0.00968497
0.00974711
0.00981008
0.00987143
0.00992869
0.00997948
0.0100216
0.0100532
0.0100729
0.0100797
0.0100734
0.0100543
0.0100231
0.00998143
0.00993099
0.00987398
0.00981278
0.00974986
0.00968766
0.00962852
0.00957458
0.00662973
0.00658826
0.0065577
0.0065389
0.00653237
0.0065383
0.00655651
0.00658653
0.00662752
0.00667829
0.0067373
0.00680267
0.00687214
0.00694319
0.00701304
0.00707882
0.00713763
0.00718674
0.00722381
0.00724698
0.00725506
0.00724765
0.00722512
0.00718864
0.00714002
0.00708162
0.00701612
0.00694642
0.0068754
0.00680583
0.00674025
0.00668091
0.00250525
0.00248063
0.00246259
0.00245152
0.00244764
0.00245103
0.00246163
0.00247921
0.0025034
0.00253365
0.00256918
0.002609
0.00265188
0.00269634
0.00274065
0.00278293
0.0028212
0.00285353
0.00287815
0.00289368
0.00289919
0.00289434
0.00287943
0.00285536
0.00282348
0.00278555
0.00274349
0.00269927
0.00265479
0.00261176
0.00257171
0.00253586
0.0111036
0.0110812
0.0110639
0.0110524
0.0110471
0.0110482
0.0110557
0.0110692
0.0110884
0.0111124
0.0111405
0.0111715
0.0112043
0.0112376
0.0112701
0.0113007
0.0113281
0.0113511
0.011369
0.0113809
0.0113863
0.0113852
0.0113775
0.0113634
0.0113437
0.011319
0.0112905
0.0112591
0.0112261
0.0111928
0.0111605
0.0111304
0.00956367
0.00952595
0.0094969
0.00947747
0.00946829
0.00946966
0.00948154
0.00950354
0.00953493
0.00957469
0.00962146
0.0096736
0.00972925
0.00978633
0.00984266
0.00989601
0.00994418
0.00998515
0.0100172
0.0100388
0.0100491
0.0100475
0.0100343
0.0100099
0.00997538
0.00993237
0.00988266
0.00982832
0.00977157
0.00971464
0.0096597
0.00960877
0.00666937
0.00662814
0.00659647
0.00657529
0.00656519
0.00656645
0.00657904
0.0066026
0.00663647
0.00667963
0.00673078
0.00678826
0.00685013
0.00691416
0.00697792
0.00703884
0.00709432
0.00714188
0.00717931
0.00720481
0.00721711
0.0072156
0.00720035
0.00717212
0.0071323
0.0070828
0.00702591
0.00696413
0.00690007
0.00683628
0.00677517
0.00671891
0.0025298
0.00250509
0.00248617
0.00247348
0.00246732
0.0024678
0.00247493
0.00248854
0.00250833
0.00253381
0.00256434
0.00259905
0.00263689
0.00267657
0.00271661
0.00275538
0.00279115
0.0028222
0.00284694
0.00286401
0.00287246
0.00287181
0.0028621
0.00284386
0.00281814
0.00278632
0.00275001
0.00271095
0.00267085
0.00263133
0.00259385
0.00255966
0.0111126
0.0110919
0.011076
0.0110655
0.0110608
0.011062
0.0110691
0.0110819
0.0110998
0.0111223
0.0111484
0.0111773
0.0112077
0.0112386
0.0112688
0.011297
0.0113222
0.0113434
0.0113597
0.0113706
0.0113754
0.0113742
0.0113668
0.0113536
0.0113352
0.0113123
0.0112857
0.0112565
0.011226
0.0111951
0.0111652
0.0111373
0.00957814
0.00954363
0.00951714
0.00949957
0.0094915
0.00949318
0.00950457
0.00952529
0.00955464
0.00959164
0.00963502
0.00968324
0.00973455
0.00978705
0.00983872
0.0098875
0.00993142
0.00996863
0.00999755
0.0100169
0.0100259
0.010024
0.0100115
0.00998872
0.00995681
0.0099171
0.00987129
0.00982128
0.00976908
0.00971674
0.00966626
0.0096195
0.00668493
0.00664725
0.00661841
0.00659928
0.00659041
0.00659206
0.00660417
0.00662641
0.0066581
0.00669829
0.00674571
0.00679881
0.00685575
0.00691448
0.00697274
0.0070282
0.00707849
0.00712142
0.007155
0.00717764
0.00718826
0.00718633
0.00717194
0.00714579
0.00710914
0.0070637
0.00701155
0.00695495
0.00689626
0.00683782
0.00678182
0.00673028
0.002539
0.00251651
0.00249935
0.00248796
0.0024826
0.0024834
0.00249035
0.00250327
0.00252185
0.00254562
0.00257394
0.00260598
0.00264072
0.00267698
0.00271337
0.00274841
0.00278056
0.00280829
0.0028302
0.00284513
0.00285227
0.00285122
0.00284203
0.00282522
0.0028017
0.0027727
0.00273965
0.0027041
0.00266759
0.00263158
0.00259741
0.00256623
0.0111086
0.011089
0.0110744
0.0110652
0.0110618
0.0110644
0.0110728
0.0110867
0.0111057
0.0111289
0.0111557
0.0111848
0.0112153
0.0112459
0.0112756
0.011303
0.0113272
0.0113473
0.0113623
0.0113717
0.0113751
0.0113725
0.0113638
0.0113495
0.0113301
0.0113064
0.0112793
0.0112499
0.0112194
0.0111888
0.0111595
0.0111324
0.00957099
0.00953903
0.00951525
0.00950045
0.00949512
0.00949943
0.00951326
0.00953613
0.00956729
0.00960566
0.00964992
0.00969848
0.00974956
0.00980123
0.00985149
0.00989835
0.00993987
0.00997432
0.0100002
0.0100165
0.0100223
0.0100175
0.0100023
0.00997736
0.00994373
0.00990286
0.00985649
0.0098065
0.00975489
0.00970368
0.00965479
0.00961003
0.0066769
0.00664233
0.00661672
0.00660084
0.00659516
0.00659985
0.00661477
0.00663949
0.00667326
0.00671504
0.00676349
0.00681698
0.00687362
0.00693133
0.00698785
0.00704089
0.00708817
0.00712758
0.00715733
0.007176
0.0071827
0.00717711
0.00715949
0.0071307
0.0070921
0.00704548
0.0069929
0.00693664
0.00687897
0.00682217
0.00676833
0.00671936
0.00253382
0.00251348
0.00249852
0.00248931
0.00248607
0.00248888
0.00249768
0.00251226
0.00253224
0.00255711
0.00258615
0.0026185
0.00265308
0.00268867
0.00272387
0.00275721
0.00278719
0.00281236
0.00283145
0.00284345
0.0028477
0.00284396
0.00283245
0.00281379
0.00278899
0.00275929
0.00272614
0.00269103
0.00265545
0.00262078
0.00258827
0.00255898
0.0110928
0.0110711
0.011055
0.011045
0.0110416
0.0110447
0.0110544
0.0110703
0.0110917
0.0111179
0.0111479
0.0111807
0.0112148
0.0112491
0.0112822
0.0113128
0.0113397
0.0113619
0.0113784
0.0113887
0.0113922
0.0113889
0.0113789
0.0113625
0.0113406
0.0113138
0.0112834
0.0112504
0.0112162
0.011182
0.0111493
0.0111192
0.00954517
0.00951013
0.00948429
0.00946851
0.00946332
0.00946888
0.00948501
0.0095112
0.00954658
0.00958996
0.00963984
0.00969446
0.00975181
0.00980974
0.00986598
0.00991827
0.00996447
0.0100026
0.010031
0.0100485
0.0100542
0.0100479
0.0100299
0.0100011
0.00996256
0.0099161
0.00986364
0.00980735
0.00974948
0.00969227
0.00963786
0.00958825
0.00664916
0.00661151
0.00658392
0.0065672
0.00656183
0.00656797
0.00658545
0.00661378
0.00665212
0.00669934
0.00675395
0.00681413
0.00687778
0.00694255
0.00700591
0.00706524
0.00711795
0.00716167
0.00719432
0.00721434
0.00722073
0.00721319
0.00719209
0.00715848
0.007114
0.00706073
0.00700107
0.00693761
0.00687294
0.00680956
0.00674981
0.00669575
0.00251699
0.00249501
0.00247906
0.00246951
0.00246658
0.00247035
0.00248072
0.00249747
0.00252021
0.00254836
0.00258117
0.00261768
0.00265668
0.0026968
0.00273647
0.00277399
0.00280762
0.0028357
0.00285675
0.00286961
0.00287354
0.00286833
0.00285428
0.00283219
0.00280326
0.00276903
0.00273116
0.00269139
0.00265139
0.0026127
0.00257667
0.00254446
0.0110695
0.0110424
0.0110218
0.0110084
0.0110027
0.0110049
0.0110149
0.0110324
0.0110568
0.0110871
0.0111222
0.0111608
0.0112015
0.0112427
0.0112828
0.0113203
0.0113537
0.0113817
0.011403
0.0114169
0.0114229
0.0114205
0.01141
0.0113918
0.0113666
0.0113355
0.0112997
0.0112605
0.0112196
0.0111785
0.0111388
0.011102
0.00950837
0.0094639
0.0094303
0.00940863
0.00939957
0.00940341
0.00942003
0.00944892
0.00948916
0.00953946
0.00959814
0.00966318
0.00973228
0.00980287
0.0098722
0.00993752
0.00999608
0.0100454
0.0100832
0.0101079
0.0101182
0.0101137
0.0100947
0.010062
0.010017
0.00996191
0.00989901
0.00983099
0.00976062
0.00969066
0.00962372
0.00956225
0.00661016
0.00656231
0.00652638
0.00650335
0.00649382
0.00649804
0.0065159
0.00654694
0.00659034
0.00664489
0.006709
0.00678068
0.00685754
0.00693683
0.00701551
0.00709034
0.00715803
0.00721543
0.00725973
0.00728868
0.00730077
0.00729536
0.00727273
0.00723409
0.00718141
0.00711732
0.00704487
0.00696731
0.00688791
0.0068098
0.00673585
0.00666859
0.00249359
0.00246547
0.00244456
0.00243126
0.00242583
0.00242837
0.00243882
0.002457
0.00248256
0.00251495
0.00255342
0.00259697
0.0026443
0.00269385
0.00274373
0.00279186
0.00283599
0.00287383
0.0029033
0.00292266
0.00293071
0.00292695
0.0029116
0.00288564
0.0028506
0.0028085
0.00276155
0.00271204
0.00266215
0.00261381
0.00256873
0.00252829
0.0110509
0.0110185
0.0109933
0.0109761
0.0109677
0.0109683
0.0109779
0.0109961
0.0110223
0.0110556
0.0110947
0.0111382
0.0111844
0.0112317
0.0112782
0.0113222
0.0113617
0.0113954
0.0114217
0.0114397
0.0114486
0.011448
0.0114379
0.0114188
0.0113914
0.0113569
0.0113167
0.0112723
0.0112256
0.0111783
0.0111323
0.0110893
0.00947972
0.00942562
0.00938376
0.00935543
0.00934149
0.00934234
0.00935796
0.00938788
0.0094312
0.00948659
0.00955228
0.00962609
0.00970547
0.00978753
0.00986915
0.00994706
0.010018
0.0100789
0.010127
0.01016
0.0101765
0.0101755
0.0101571
0.0101223
0.0100726
0.0100104
0.00993853
0.00986002
0.00977818
0.00969625
0.00961736
0.00954434
0.00658002
0.00652154
0.00647661
0.00644634
0.00643148
0.00643235
0.00644893
0.00648085
0.00652731
0.00658716
0.00665877
0.00674008
0.00682852
0.00692107
0.00701427
0.00710434
0.00718732
0.00725928
0.00731661
0.00735629
0.00737613
0.00737503
0.00735304
0.00731139
0.00725235
0.00717902
0.00709506
0.00700442
0.00691106
0.00681874
0.00673088
0.00665047
0.00247557
0.00244098
0.00241464
0.002397
0.00238833
0.00238877
0.00239829
0.00241676
0.00244389
0.00247921
0.00252202
0.00257137
0.00262595
0.00268409
0.00274372
0.00280241
0.00285743
0.00290591
0.00294507
0.00297247
0.00298633
0.0029857
0.00297061
0.00294209
0.002902
0.0028528
0.0027973
0.00273838
0.00267873
0.00262079
0.00256659
0.00251776
0.0110506
0.0110172
0.0109911
0.0109731
0.0109638
0.0109637
0.0109727
0.0109904
0.0110164
0.0110495
0.0110887
0.0111325
0.0111792
0.0112272
0.0112745
0.0113193
0.0113599
0.0113946
0.011422
0.011441
0.0114508
0.0114509
0.0114414
0.0114227
0.0113956
0.0113611
0.0113207
0.0112759
0.0112287
0.0111807
0.0111339
0.01109
0.0094797
0.00942363
0.00937988
0.00934979
0.00933426
0.00933374
0.00934826
0.00937737
0.00942021
0.00947547
0.0095414
0.00961585
0.00969624
0.00977969
0.00986302
0.00994293
0.0100161
0.0100793
0.0101297
0.0101649
0.0101833
0.0101839
0.0101668
0.0101327
0.0100833
0.010021
0.00994839
0.00986883
0.0097856
0.00970203
0.00962129
0.00954632
0.00658003
0.00651923
0.00647209
0.00643981
0.00642313
0.00642245
0.00643777
0.00646875
0.00651464
0.0065743
0.00664616
0.00672816
0.00681777
0.00691196
0.00700723
0.00709976
0.00718548
0.00726036
0.00732064
0.00736313
0.0073855
0.00738647
0.00736601
0.00732524
0.00726643
0.00719268
0.00710773
0.00701561
0.00692037
0.00682589
0.00673571
0.00665289
0.00247574
0.00243967
0.00241195
0.00239306
0.00238328
0.00238274
0.00239146
0.0024093
0.00243601
0.00247113
0.002514
0.00256368
0.0026189
0.00267801
0.00273895
0.00279925
0.00285615
0.00290668
0.00294797
0.00297744
0.00299317
0.00299407
0.00298008
0.00295217
0.00291217
0.00286258
0.00280628
0.00274621
0.00268519
0.00262572
0.00256991
0.00251948
0.0110667
0.011037
0.0110139
0.0109982
0.0109905
0.0109911
0.0109999
0.0110167
0.0110407
0.0110712
0.0111071
0.0111469
0.0111893
0.0112326
0.0112752
0.0113153
0.0113515
0.0113822
0.0114063
0.0114227
0.0114308
0.0114302
0.0114209
0.0114034
0.0113784
0.0113468
0.01131
0.0112694
0.0112266
0.0111834
0.0111412
0.0111018
0.00950452
0.00945505
0.00941676
0.00939086
0.00937815
0.00937901
0.00939341
0.00942092
0.00946068
0.00951146
0.00957159
0.00963907
0.00971152
0.00978631
0.00986059
0.00993138
0.00999574
0.0100509
0.0100944
0.0101242
0.010139
0.010138
0.0101213
0.0100897
0.0100446
0.00998815
0.00992282
0.00985142
0.00977692
0.00970226
0.00963028
0.00956359
0.00660613
0.00655251
0.00651126
0.00648346
0.00646983
0.00647068
0.00648601
0.00651543
0.00655819
0.00661317
0.00667882
0.00675318
0.00683386
0.00691806
0.00700261
0.00708409
0.00715894
0.00722368
0.00727514
0.00731065
0.00732834
0.00732725
0.00730742
0.00726994
0.0072168
0.0071507
0.00707489
0.00699286
0.00690816
0.0068242
0.0067441
0.00667063
0.00249154
0.00245986
0.00243569
0.00241949
0.00241155
0.002412
0.00242084
0.00243791
0.00246292
0.00249537
0.00253456
0.00257955
0.00262909
0.00268161
0.0027352
0.00278768
0.00283663
0.00287955
0.00291406
0.0029381
0.00295017
0.00294949
0.0029361
0.00291086
0.00287535
0.00283166
0.00278222
0.0027295
0.00267591
0.00262362
0.00257449
0.00253006
0.0110857
0.0110604
0.011041
0.0110281
0.0110222
0.0110236
0.0110322
0.0110476
0.0110694
0.0110967
0.0111285
0.0111637
0.0112009
0.0112386
0.0112755
0.0113101
0.0113411
0.0113671
0.0113873
0.0114006
0.0114067
0.0114052
0.0113963
0.0113803
0.0113577
0.0113297
0.0112972
0.0112615
0.0112242
0.0111865
0.0111499
0.0111159
0.00953356
0.00949214
0.00946057
0.00943988
0.00943072
0.00943338
0.00944779
0.00947349
0.00950965
0.00955511
0.00960834
0.0096675
0.00973047
0.00979493
0.00985838
0.00991829
0.00997218
0.0100177
0.010053
0.0100763
0.0100867
0.0100836
0.0100672
0.0100383
0.00999817
0.00994857
0.00989167
0.00982988
0.0097657
0.00970165
0.00964017
0.00958347
0.00663657
0.00659191
0.00655808
0.00653605
0.00652641
0.00652942
0.006545
0.00657274
0.00661189
0.00666132
0.00671957
0.00678478
0.00685477
0.00692703
0.00699878
0.0070671
0.00712902
0.00718171
0.00722263
0.00724977
0.00726173
0.0072579
0.00723848
0.00720447
0.0071576
0.00710016
0.00703483
0.00696455
0.00689225
0.00682081
0.00675287
0.00669078
0.00250957
0.00248344
0.00246385
0.00245122
0.00244581
0.00244773
0.00245695
0.00247328
0.00249638
0.00252572
0.00256058
0.00260001
0.00264281
0.00268754
0.0027325
0.00277582
0.00281551
0.00284958
0.00287621
0.00289388
0.00290156
0.00289877
0.00288569
0.0028631
0.00283232
0.00279504
0.00275319
0.00270879
0.00266376
0.00261989
0.00257873
0.00254161
0.0111012
0.0110769
0.011058
0.0110451
0.0110386
0.0110388
0.0110457
0.0110591
0.0110784
0.011103
0.0111319
0.0111641
0.0111983
0.0112333
0.0112677
0.0113001
0.0113293
0.0113542
0.0113737
0.011387
0.0113937
0.0113935
0.0113863
0.0113724
0.0113525
0.0113273
0.0112978
0.0112652
0.0112308
0.0111959
0.0111618
0.0111298
0.00955745
0.00951794
0.00948737
0.00946676
0.00945678
0.00945774
0.00946962
0.00949205
0.0095243
0.00956531
0.00961369
0.00966775
0.00972557
0.009785
0.00984375
0.00989949
0.00994993
0.00999295
0.0100267
0.0100496
0.0100608
0.0100596
0.0100462
0.0100211
0.00998554
0.00994103
0.00988949
0.00983309
0.00977412
0.00971491
0.00965769
0.00960457
0.00666173
0.00661915
0.00658644
0.00656456
0.00655412
0.00655542
0.00656843
0.0065928
0.00662783
0.00667252
0.0067255
0.00678508
0.00684923
0.00691567
0.00698184
0.00704507
0.00710266
0.00715202
0.00719083
0.00721722
0.00722986
0.00722814
0.00721214
0.00718268
0.00714121
0.00708975
0.00703069
0.00696663
0.00690027
0.00683426
0.00677107
0.00671291
0.00252413
0.00249921
0.00248027
0.00246774
0.00246192
0.00246292
0.00247073
0.00248518
0.00250595
0.00253256
0.00256431
0.00260033
0.0026395
0.00268048
0.00272175
0.0027616
0.00279823
0.00282986
0.00285485
0.00287182
0.00287981
0.00287835
0.00286753
0.00284798
0.00282082
0.0027875
0.00274974
0.00270933
0.00266803
0.0026275
0.0025892
0.0025544
0.011116
0.0110895
0.0110678
0.0110518
0.0110419
0.0110387
0.0110421
0.0110522
0.0110684
0.0110902
0.0111169
0.0111474
0.0111805
0.0112151
0.0112498
0.0112832
0.0113141
0.0113412
0.0113636
0.0113801
0.0113903
0.0113937
0.0113901
0.0113797
0.011363
0.0113405
0.0113132
0.0112822
0.0112487
0.011214
0.0111795
0.0111464
0.00958272
0.00953868
0.0095029
0.00947656
0.00946054
0.00945536
0.00946117
0.0094778
0.00950471
0.00954102
0.00958553
0.0096367
0.00969275
0.00975164
0.00981113
0.00986893
0.0099227
0.0099702
0.0100094
0.0100386
0.0100565
0.0100623
0.0100557
0.0100371
0.0100072
0.00996741
0.00991948
0.00986543
0.00980751
0.00974803
0.0096893
0.00963352
0.00668943
0.00664149
0.00660278
0.00657446
0.00655731
0.00655184
0.00655818
0.00657616
0.00660529
0.00664473
0.00669333
0.00674956
0.0068116
0.00687729
0.00694421
0.00700975
0.0070712
0.00712586
0.00717125
0.00720518
0.00722601
0.00723269
0.00722488
0.00720297
0.00716807
0.00712189
0.00706663
0.0070048
0.00693909
0.00687222
0.00680676
0.00674512
0.0025408
0.00251223
0.00248936
0.00247273
0.00246271
0.00245954
0.00246326
0.00247381
0.00249095
0.00251431
0.0025433
0.00257717
0.00261494
0.0026554
0.00269714
0.00273852
0.00277777
0.00281308
0.00284267
0.00286497
0.00287872
0.00288313
0.00287795
0.00286347
0.00284054
0.00281042
0.00277473
0.00273524
0.00269378
0.00265209
0.0026118
0.0025743
0.0111296
0.0111007
0.0110762
0.0110571
0.011044
0.0110373
0.0110375
0.0110443
0.0110577
0.011077
0.0111016
0.0111306
0.0111628
0.0111972
0.0112323
0.0112668
0.0112995
0.011329
0.0113541
0.0113738
0.0113875
0.0113944
0.0113943
0.0113872
0.0113734
0.0113535
0.0113283
0.0112987
0.0112659
0.0112313
0.0111961
0.0111618
0.0096081
0.00955933
0.00951814
0.00948592
0.00946373
0.00945228
0.00945194
0.00946271
0.00948426
0.00951587
0.00955652
0.00960484
0.00965915
0.00971753
0.00977783
0.00983774
0.00989491
0.009947
0.00999181
0.0100274
0.0100522
0.0100651
0.0100656
0.0100535
0.0100294
0.0099945
0.00995023
0.00989854
0.0098416
0.00978176
0.00972137
0.00966277
0.00671842
0.00666481
0.00661977
0.00658468
0.00656052
0.00654799
0.00654741
0.0065588
0.00658184
0.00661589
0.00665997
0.00671274
0.00677256
0.00683743
0.00690506
0.0069729
0.00703824
0.00709831
0.00715043
0.00719218
0.00722152
0.00723698
0.00723779
0.00722388
0.00719597
0.00715544
0.00710427
0.00704486
0.00697988
0.00691209
0.00684424
0.00677891
0.00255928
0.00252684
0.00249977
0.00247876
0.00246428
0.00245666
0.00245605
0.00246245
0.00247573
0.00249561
0.00252162
0.00255312
0.00258927
0.002629
0.002671
0.00271374
0.00275551
0.00279445
0.00282869
0.00285647
0.00287626
0.00288694
0.00288787
0.00287899
0.00286082
0.00283442
0.00280123
0.00276299
0.00272156
0.00267882
0.00263651
0.00259621
0.0111319
0.0111031
0.0110785
0.0110593
0.0110459
0.011039
0.0110388
0.0110453
0.0110582
0.0110771
0.0111013
0.0111298
0.0111617
0.0111957
0.0112305
0.0112649
0.0112974
0.0113268
0.011352
0.0113719
0.0113858
0.011393
0.0113933
0.0113866
0.0113733
0.0113539
0.0113291
0.0112999
0.0112675
0.0112332
0.0111982
0.0111641
0.00961378
0.00956491
0.00952344
0.00949076
0.00946795
0.00945575
0.00945453
0.00946434
0.00948485
0.0095154
0.00955499
0.00960227
0.00965563
0.00971316
0.00977277
0.00983218
0.00988907
0.00994111
0.00998613
0.0100222
0.0100477
0.0100615
0.010063
0.010052
0.0100292
0.00999548
0.00995235
0.00990168
0.00984564
0.0097865
0.00972664
0.00966834
0.00672551
0.0066717
0.00662624
0.0065905
0.00656553
0.00655202
0.00655033
0.00656051
0.00658227
0.00661498
0.00665772
0.00670919
0.00676779
0.00683156
0.00689827
0.00696544
0.00703038
0.00709038
0.00714278
0.00718513
0.00721541
0.00723208
0.00723432
0.00722199
0.00719571
0.00715679
0.00710712
0.00704904
0.00698516
0.00691824
0.00685098
0.00678595
0.0025642
0.00253159
0.0025042
0.00248274
0.0024677
0.00245941
0.00245805
0.00246363
0.00247604
0.002495
0.00252007
0.00255065
0.00258591
0.00262482
0.00266611
0.00270829
0.00274969
0.0027885
0.00282287
0.00285105
0.0028715
0.00288307
0.00288507
0.00287738
0.00286046
0.00283527
0.0028032
0.00276593
0.00272531
0.00268316
0.00264124
0.00260113
0.0111173
0.0110903
0.0110682
0.0110516
0.0110413
0.0110376
0.0110406
0.0110502
0.0110661
0.0110877
0.0111142
0.0111446
0.0111778
0.0112125
0.0112473
0.0112811
0.0113123
0.0113399
0.0113627
0.0113799
0.0113906
0.0113945
0.0113914
0.0113815
0.0113651
0.0113429
0.0113158
0.0112848
0.0112513
0.0112164
0.0111816
0.0111481
0.00958765
0.00954244
0.00950539
0.00947772
0.00946034
0.00945381
0.00945834
0.00947377
0.0094996
0.00953498
0.00957875
0.00962941
0.00968518
0.00974405
0.00980383
0.0098622
0.00991682
0.00996544
0.010006
0.0100367
0.0100562
0.0100636
0.0100586
0.0100414
0.0100128
0.00997398
0.00992672
0.00987302
0.00981511
0.00975535
0.00969605
0.00963946
0.00669625
0.0066468
0.00660645
0.0065764
0.0065575
0.00655028
0.00655494
0.00657132
0.00659899
0.00663715
0.00668468
0.0067401
0.00680164
0.00686718
0.00693433
0.00700051
0.00706301
0.00711911
0.00716627
0.00720225
0.00722529
0.00723424
0.00722862
0.00720873
0.00717556
0.00713074
0.00707641
0.00701507
0.00694941
0.00688215
0.00681595
0.00675326
0.00254561
0.002516
0.00249201
0.00247421
0.00246302
0.00245866
0.00246124
0.00247069
0.00248682
0.00250925
0.00253745
0.00257069
0.00260803
0.0026483
0.00269011
0.00273186
0.0027718
0.00280809
0.00283894
0.00286272
0.00287809
0.00288419
0.00288064
0.00286765
0.00284598
0.00281684
0.00278179
0.00274261
0.00270114
0.00265915
0.0026183
0.00258004
0.0110961
0.0110709
0.0110513
0.0110378
0.0110311
0.0110313
0.0110384
0.0110523
0.0110723
0.0110977
0.0111276
0.011161
0.0111964
0.0112327
0.0112683
0.011302
0.0113323
0.0113582
0.0113785
0.0113924
0.0113994
0.0113992
0.0113918
0.0113775
0.0113569
0.0113307
0.0113002
0.0112663
0.0112306
0.0111944
0.011159
0.0111258
0.00954896
0.00950731
0.009475
0.00945308
0.00944228
0.00944292
0.00945498
0.00947809
0.0095115
0.00955411
0.0096045
0.00966092
0.00972137
0.00978362
0.00984528
0.0099039
0.00995709
0.0100026
0.0100384
0.010063
0.0100752
0.0100745
0.0100609
0.010035
0.00999797
0.00995152
0.00989761
0.00983853
0.00977668
0.00971452
0.00965441
0.00959856
0.00665251
0.00660735
0.00657254
0.00654906
0.00653758
0.00653839
0.00655147
0.00657649
0.00661274
0.0066592
0.00671446
0.0067768
0.00684412
0.00691403
0.00698387
0.00705083
0.00711204
0.00716473
0.00720642
0.00723506
0.00724922
0.00724816
0.00723195
0.00720142
0.00715811
0.00710412
0.007042
0.00697452
0.00690455
0.00683488
0.00676814
0.00670667
0.00251765
0.00249099
0.00247065
0.00245708
0.00245056
0.00245124
0.00245909
0.00247398
0.00249557
0.00252338
0.00255672
0.0025947
0.00263617
0.00267975
0.00272381
0.00276655
0.00280602
0.00284031
0.00286759
0.00288634
0.00289549
0.00289447
0.00288337
0.00286283
0.00283405
0.00279862
0.00275838
0.00271527
0.00267121
0.00262797
0.00258711
0.00254998
0.011087
0.0110626
0.011044
0.0110319
0.0110267
0.0110285
0.0110374
0.011053
0.0110747
0.0111017
0.0111331
0.0111676
0.011204
0.0112409
0.0112769
0.0113105
0.0113404
0.0113655
0.0113848
0.0113974
0.0114028
0.0114009
0.0113916
0.0113755
0.0113531
0.0113253
0.0112933
0.0112583
0.0112217
0.0111848
0.0111493
0.0111162
0.009532
0.00949169
0.00946125
0.00944166
0.00943354
0.00943716
0.00945239
0.00947877
0.00951544
0.0095612
0.00961453
0.00967356
0.00973619
0.00980008
0.00986276
0.00992172
0.00997451
0.0100189
0.0100529
0.010075
0.0100841
0.01008
0.0100627
0.0100331
0.00999247
0.00994265
0.00988578
0.00982425
0.00976056
0.0096972
0.00963656
0.00958084
0.00663304
0.00658945
0.00655677
0.00653591
0.00652744
0.00653159
0.00654825
0.00657698
0.006617
0.00666715
0.00672594
0.0067915
0.00686161
0.00693374
0.00700511
0.00707278
0.00713381
0.00718537
0.007225
0.00725072
0.00726122
0.00725596
0.00723521
0.00720005
0.00715225
0.00709413
0.00702842
0.00695802
0.00688589
0.00681486
0.00674755
0.00668629
0.00250522
0.00247955
0.00246053
0.00244856
0.00244389
0.00244661
0.00245667
0.00247387
0.00249785
0.00252808
0.00256379
0.00260402
0.00264754
0.00269284
0.00273822
0.00278174
0.00282138
0.00285514
0.00288119
0.00289804
0.00290469
0.00290074
0.00288644
0.00286263
0.00283069
0.0027924
0.00274971
0.00270465
0.00265919
0.00261509
0.00257391
0.00253694
0.0110976
0.0110736
0.011055
0.0110425
0.0110365
0.0110373
0.0110448
0.0110587
0.0110786
0.0111037
0.0111331
0.0111657
0.0112002
0.0112354
0.0112699
0.0113024
0.0113315
0.0113562
0.0113754
0.0113884
0.0113946
0.0113938
0.011386
0.0113716
0.0113511
0.0113253
0.0112953
0.0112622
0.0112275
0.0111923
0.0111581
0.0111261
0.00955068
0.00951063
0.00947978
0.00945915
0.0094494
0.00945084
0.00946342
0.00948674
0.00952006
0.00956228
0.00961197
0.00966742
0.00972665
0.00978746
0.00984752
0.00990444
0.00995588
0.00999966
0.0100339
0.010057
0.010068
0.0100663
0.0100522
0.0100261
0.00998922
0.00994328
0.00989022
0.00983228
0.00977181
0.0097112
0.00965275
0.0095986
0.00665374
0.00661018
0.00657683
0.00655464
0.00654423
0.00654588
0.00655954
0.00658485
0.0066211
0.00666725
0.00672191
0.00678335
0.00684949
0.00691798
0.0069862
0.00705139
0.00711075
0.0071616
0.00720153
0.00722859
0.00724141
0.00723935
0.00722251
0.00719175
0.0071486
0.00709517
0.00703395
0.00696766
0.00689912
0.00683104
0.00676598
0.00670622
0.0025185
0.00249261
0.00247295
0.00245997
0.00245394
0.00245498
0.00246308
0.00247807
0.00249962
0.00252724
0.00256024
0.00259773
0.00263855
0.00268134
0.0027245
0.00276625
0.0028047
0.00283795
0.00286427
0.00288217
0.00289064
0.00288915
0.00287781
0.00285728
0.00282874
0.00279376
0.00275414
0.00271179
0.00266857
0.00262621
0.00258625
0.00254999
0.0111141
0.0110911
0.011073
0.0110604
0.0110537
0.0110531
0.0110588
0.0110704
0.0110876
0.0111098
0.011136
0.0111653
0.0111967
0.0112289
0.0112607
0.0112909
0.0113183
0.0113418
0.0113604
0.0113735
0.0113805
0.0113811
0.0113752
0.0113632
0.0113455
0.0113229
0.0112961
0.0112663
0.0112347
0.0112024
0.0111708
0.0111409
0.00958014
0.00954154
0.00951107
0.00948973
0.00947822
0.00947693
0.00948588
0.00950478
0.00953302
0.00956966
0.00961345
0.00966289
0.00971619
0.0097714
0.00982642
0.00987909
0.00992726
0.00996894
0.0100023
0.010026
0.0100388
0.0100403
0.0100304
0.0100094
0.0099784
0.00993869
0.00989198
0.00984023
0.00978558
0.00973018
0.00967617
0.00962555
0.00668692
0.00664466
0.00661141
0.00658816
0.00657557
0.006574
0.00658349
0.00660377
0.00663425
0.00667405
0.00672194
0.0067764
0.0068356
0.00689744
0.0069596
0.00701961
0.00707497
0.00712322
0.00716216
0.00718993
0.00720517
0.00720713
0.00719569
0.00717144
0.00713556
0.00708977
0.0070362
0.00697724
0.00691539
0.00685317
0.00679294
0.00673689
0.00253984
0.00251447
0.0024946
0.0024807
0.00247312
0.002472
0.00247738
0.00248914
0.002507
0.00253053
0.00255914
0.00259203
0.0026282
0.00266646
0.00270541
0.00274349
0.00277906
0.00281042
0.00283602
0.00285447
0.00286477
0.00286633
0.00285904
0.00284334
0.00282009
0.00279055
0.00275625
0.00271883
0.00267998
0.00264129
0.00260422
0.00257005
0.0111203
0.0110997
0.0110836
0.0110727
0.0110673
0.0110676
0.0110736
0.0110851
0.0111016
0.0111226
0.0111473
0.0111747
0.0112038
0.0112335
0.0112626
0.0112901
0.0113149
0.0113359
0.0113524
0.0113637
0.0113693
0.011369
0.0113629
0.0113511
0.0113341
0.0113127
0.0112876
0.0112598
0.0112305
0.0112008
0.0111718
0.0111446
0.00958994
0.00955524
0.00952815
0.00950959
0.00950017
0.0095002
0.00950967
0.00952828
0.00955539
0.0095901
0.00963122
0.00967729
0.00972667
0.00977751
0.00982788
0.0098758
0.00991931
0.00995662
0.00998613
0.0100066
0.010017
0.010017
0.0100066
0.0099862
0.0099567
0.00991938
0.00987584
0.00982789
0.00977747
0.00972658
0.00967717
0.00963106
0.00669751
0.00665945
0.00662982
0.0066095
0.0065991
0.00659892
0.00660895
0.0066289
0.00665818
0.00669591
0.0067409
0.00679168
0.00684653
0.00690346
0.00696033
0.00701486
0.00706478
0.00710789
0.00714224
0.00716621
0.00717865
0.00717894
0.00716707
0.00714361
0.00710969
0.0070669
0.00701721
0.00696278
0.0069059
0.00684887
0.00679383
0.0067428
0.00254619
0.00252332
0.00250556
0.00249337
0.00248705
0.00248675
0.00249246
0.00250405
0.00252124
0.00254359
0.00257051
0.00260121
0.00263474
0.00266995
0.00270553
0.00274006
0.00277204
0.00279995
0.00282243
0.00283829
0.00284667
0.00284712
0.00283959
0.00282452
0.00280271
0.00277532
0.0027437
0.00270935
0.00267378
0.00263843
0.00260464
0.00257356
0.0111175
0.0111001
0.0110872
0.0110793
0.0110768
0.0110796
0.0110877
0.0111008
0.0111183
0.0111398
0.0111642
0.0111908
0.0112186
0.0112463
0.0112731
0.0112978
0.0113195
0.0113373
0.0113505
0.0113586
0.0113613
0.0113584
0.0113501
0.0113367
0.0113187
0.0112969
0.011272
0.0112452
0.0112174
0.0111897
0.0111631
0.0111388
0.00958232
0.00955316
0.00953166
0.00951854
0.00951423
0.00951887
0.00953231
0.0095541
0.0095835
0.00961951
0.00966087
0.0097061
0.00975354
0.0098014
0.00984782
0.00989094
0.00992901
0.00996044
0.00998386
0.00999828
0.0100031
0.00999797
0.00998326
0.00995955
0.00992789
0.00988961
0.00984632
0.0097998
0.0097519
0.00970448
0.00965934
0.00961813
0.00668781
0.00665595
0.00663254
0.00661828
0.00661359
0.00661861
0.00663319
0.0066569
0.006689
0.00672852
0.00677415
0.00682438
0.00687741
0.00693128
0.0069839
0.00703311
0.00707681
0.00711307
0.00714022
0.00715698
0.00716255
0.00715665
0.00713958
0.00711213
0.00707562
0.0070317
0.00698233
0.00692962
0.00687571
0.00682271
0.00677259
0.00672711
0.00253903
0.00252003
0.00250615
0.00249774
0.002495
0.00249801
0.00250668
0.00252081
0.00254003
0.00256383
0.00259152
0.00262226
0.00265503
0.00268864
0.00272178
0.00275307
0.00278108
0.00280449
0.0028221
0.002833
0.00283659
0.00283267
0.00282147
0.00280358
0.00277994
0.00275174
0.00272033
0.00268712
0.00265351
0.0026208
0.00259017
0.00256263
0.0111181
0.0111035
0.0110934
0.011088
0.0110876
0.0110923
0.0111017
0.0111157
0.0111336
0.0111548
0.0111786
0.0112039
0.0112299
0.0112555
0.0112797
0.0113017
0.0113205
0.0113354
0.0113458
0.0113514
0.0113517
0.011347
0.0113373
0.011323
0.0113047
0.0112831
0.0112591
0.0112337
0.0112077
0.0111822
0.0111582
0.0111365
0.009581
0.00955668
0.00953986
0.00953111
0.00953072
0.00953871
0.0095548
0.00957846
0.00960887
0.00964498
0.00968551
0.00972897
0.00977377
0.00981817
0.00986045
0.00989889
0.00993191
0.00995813
0.00997642
0.009986
0.00998643
0.00997771
0.00996021
0.00993469
0.00990224
0.00986423
0.00982224
0.00977795
0.00973311
0.00968944
0.00964857
0.00961199
0.00668516
0.00665866
0.00664043
0.00663102
0.00663073
0.00663955
0.00665722
0.00668322
0.00671672
0.00675665
0.00680169
0.00685026
0.00690062
0.00695084
0.00699892
0.00704288
0.0070808
0.007111
0.00713209
0.00714307
0.00714342
0.00713313
0.00711268
0.00708304
0.00704556
0.00700194
0.00695406
0.00690391
0.0068535
0.00680474
0.00675943
0.00671912
0.00253651
0.00252077
0.00251005
0.00250461
0.0025046
0.00251002
0.00252072
0.00253644
0.00255676
0.00258109
0.00260872
0.00263874
0.00267011
0.00270166
0.0027321
0.00276013
0.00278445
0.00280388
0.00281744
0.00282442
0.00282443
0.00281749
0.00280395
0.00278454
0.00276023
0.00273221
0.00270177
0.00267022
0.00263884
0.00260882
0.00258118
0.00255683
0.0111278
0.0111155
0.0111072
0.0111032
0.0111036
0.0111085
0.0111176
0.0111307
0.0111472
0.0111666
0.011188
0.0112107
0.0112338
0.0112564
0.0112777
0.0112968
0.011313
0.0113256
0.0113341
0.0113383
0.0113378
0.0113328
0.0113235
0.0113101
0.0112933
0.0112737
0.0112521
0.0112293
0.0112062
0.0111837
0.0111626
0.0111437
0.00959737
0.00957662
0.00956265
0.00955594
0.0095567
0.00956492
0.00958032
0.00960236
0.00963028
0.0096631
0.00969964
0.00973855
0.00977838
0.00981761
0.00985468
0.0098881
0.00991652
0.00993873
0.00995381
0.0099611
0.00996028
0.0099514
0.00993483
0.00991129
0.00988176
0.00984747
0.00980983
0.00977035
0.00973056
0.009692
0.0096561
0.00962418
0.00670302
0.0066803
0.00666506
0.00665777
0.00665865
0.00666767
0.00668456
0.00670878
0.00673956
0.00677589
0.00681652
0.00686003
0.00690481
0.00694916
0.0069913
0.00702948
0.00706208
0.00708765
0.00710503
0.00711342
0.00711243
0.00710211
0.00708292
0.00705576
0.00702185
0.00698267
0.0069399
0.00689529
0.00685062
0.00680758
0.00676773
0.00673248
0.00254761
0.00253402
0.00252496
0.00252066
0.00252124
0.00252669
0.00253685
0.00255146
0.0025701
0.00259222
0.00261713
0.00264399
0.00267186
0.00269967
0.0027263
0.0027506
0.00277146
0.0027879
0.00279908
0.00280446
0.00280374
0.00279697
0.00278449
0.00276693
0.00274516
0.0027202
0.00269318
0.00266525
0.00263751
0.00261102
0.0025867
0.00256534
0.0111394
0.0111294
0.0111229
0.0111202
0.0111214
0.0111263
0.011135
0.0111469
0.0111617
0.0111788
0.0111975
0.0112172
0.0112371
0.0112564
0.0112744
0.0112904
0.0113038
0.011314
0.0113206
0.0113233
0.0113222
0.0113171
0.0113084
0.0112962
0.0112813
0.011264
0.0112451
0.0112253
0.0112054
0.0111862
0.0111683
0.0111525
0.00961815
0.00960117
0.00959008
0.00958525
0.00958686
0.00959485
0.00960893
0.00962863
0.00965323
0.00968186
0.00971348
0.00974691
0.0097809
0.00981414
0.00984533
0.0098732
0.00989664
0.00991467
0.00992653
0.00993173
0.00993004
0.00992153
0.00990657
0.00988576
0.00986
0.00983032
0.00979793
0.00976412
0.00973021
0.00969749
0.00966719
0.00964042
0.00672653
0.00670782
0.00669558
0.0066902
0.00669184
0.00670046
0.00671576
0.00673727
0.00676425
0.0067958
0.00683083
0.00686806
0.00690612
0.00694355
0.00697886
0.0070106
0.00703741
0.00705815
0.00707187
0.00707798
0.00707619
0.00706657
0.00704955
0.00702591
0.00699667
0.00696309
0.00692658
0.00688862
0.00685071
0.00681428
0.00678068
0.00675109
0.00256279
0.00255149
0.00254408
0.00254077
0.00254165
0.00254669
0.00255575
0.00256857
0.00258475
0.00260381
0.00262511
0.00264793
0.00267144
0.00269475
0.0027169
0.00273696
0.00275404
0.00276733
0.00277621
0.00278023
0.0027792
0.00277317
0.00276242
0.0027475
0.00272908
0.00270803
0.00268527
0.00266174
0.00263837
0.00261606
0.00259558
0.00257763
0.011141
0.0111337
0.0111299
0.0111295
0.0111327
0.0111393
0.0111491
0.0111617
0.0111766
0.0111932
0.011211
0.0112293
0.0112472
0.0112643
0.0112797
0.0112929
0.0113034
0.0113108
0.0113148
0.0113151
0.0113119
0.0113052
0.0112953
0.0112825
0.0112675
0.0112507
0.0112328
0.0112146
0.0111966
0.0111797
0.0111644
0.0111513
0.0096211
0.00960865
0.00960179
0.00960079
0.00960566
0.00961623
0.00963213
0.0096528
0.00967749
0.00970531
0.00973523
0.00976612
0.00979682
0.00982613
0.00985288
0.00987601
0.00989457
0.00990778
0.00991511
0.00991623
0.0099111
0.00989993
0.00988319
0.00986156
0.00983594
0.00980737
0.00977698
0.00974597
0.00971553
0.00968682
0.0096609
0.00963873
0.00673001
0.00671621
0.00670855
0.00670727
0.00671241
0.0067238
0.00674106
0.00676362
0.0067907
0.00682137
0.00685452
0.00688896
0.00692335
0.00695637
0.00698668
0.00701303
0.00703429
0.00704954
0.00705811
0.0070596
0.00705396
0.00704142
0.00702254
0.00699815
0.00696928
0.00693716
0.0069031
0.00686845
0.00683456
0.00680269
0.00677399
0.00674949
0.00256507
0.0025567
0.00255199
0.00255109
0.00255403
0.0025607
0.00257092
0.00258438
0.00260064
0.00261919
0.0026394
0.00266054
0.00268181
0.0027024
0.00272143
0.0027381
0.00275165
0.00276145
0.00276704
0.00276815
0.00276471
0.0027569
0.00274508
0.00272982
0.0027118
0.00269182
0.00267074
0.00264939
0.00262862
0.00260917
0.00259172
0.00257687
0.0111324
0.0111287
0.0111285
0.0111319
0.0111388
0.0111488
0.0111616
0.0111768
0.0111937
0.0112117
0.0112302
0.0112483
0.0112655
0.011281
0.0112943
0.0113048
0.0113121
0.0113159
0.0113161
0.0113126
0.0113057
0.0112955
0.0112825
0.0112671
0.0112501
0.011232
0.0112135
0.0111954
0.0111784
0.011163
0.0111499
0.0111396
0.00960544
0.00959883
0.00959817
0.00960349
0.00961459
0.00963109
0.00965239
0.00967773
0.00970619
0.00973673
0.00976819
0.00979937
0.00982907
0.0098561
0.00987938
0.00989795
0.00991105
0.00991812
0.00991888
0.00991327
0.00990154
0.00988417
0.00986188
0.00983559
0.00980637
0.00977537
0.00974381
0.00971291
0.00968385
0.00965769
0.0096354
0.00961777
0.00671217
0.00670478
0.00670391
0.00670958
0.00672161
0.0067396
0.00676294
0.00679086
0.00682236
0.00685634
0.00689153
0.0069266
0.00696018
0.00699091
0.0070175
0.00703883
0.00705397
0.00706224
0.00706327
0.00705702
0.00704375
0.00702406
0.0069988
0.00696907
0.00693609
0.00690124
0.00686588
0.00683139
0.00679905
0.00677003
0.00674534
0.00672584
0.00255347
0.00254896
0.00254836
0.0025517
0.00255886
0.00256964
0.00258372
0.00260065
0.00261988
0.00264077
0.00266255
0.00268443
0.00270551
0.00272494
0.00274187
0.00275552
0.00276527
0.00277064
0.00277138
0.00276744
0.00275902
0.00274653
0.00273053
0.00271178
0.0026911
0.00266935
0.00264742
0.00262615
0.00260632
0.0025886
0.00257359
0.00256176
0.0111224
0.011123
0.0111274
0.0111354
0.0111467
0.0111609
0.0111775
0.0111957
0.011215
0.0112345
0.0112536
0.0112715
0.0112875
0.011301
0.0113114
0.0113184
0.0113216
0.0113209
0.0113165
0.0113083
0.0112968
0.0112824
0.0112657
0.0112473
0.011228
0.0112084
0.0111894
0.0111717
0.0111559
0.0111426
0.0111323
0.0111255
0.00958794
0.00958886
0.0095961
0.00960939
0.00962827
0.00965207
0.00967994
0.00971087
0.0097437
0.0097772
0.00981009
0.00984108
0.00986893
0.00989252
0.00991086
0.00992321
0.00992904
0.00992809
0.00992042
0.00990634
0.00988643
0.00986153
0.00983265
0.00980096
0.00976773
0.00973425
0.0097018
0.0096716
0.00964478
0.00962229
0.00960495
0.00959336
0.00669262
0.00669357
0.00670143
0.00671597
0.00673669
0.00676291
0.00679374
0.00682811
0.00686478
0.00690239
0.0069395
0.00697463
0.00700635
0.00703333
0.00705439
0.00706862
0.00707537
0.00707435
0.00706558
0.00704948
0.00702674
0.00699837
0.00696559
0.00692976
0.00689234
0.00685481
0.0068186
0.00678504
0.00675533
0.0067305
0.00671139
0.00669862
0.00254124
0.00254184
0.0025466
0.00255539
0.00256795
0.00258391
0.00260276
0.0026239
0.00264659
0.00267003
0.0026933
0.00271548
0.00273562
0.00275283
0.00276632
0.00277544
0.00277974
0.00277903
0.00277332
0.00276291
0.0027483
0.00273016
0.00270935
0.00268675
0.00266333
0.00264002
0.00261768
0.00259712
0.00257903
0.002564
0.00255248
0.00254482
0.011114
0.0111188
0.0111275
0.0111398
0.0111552
0.0111732
0.011193
0.011214
0.0112352
0.011256
0.0112754
0.0112928
0.0113075
0.0113188
0.0113263
0.0113298
0.0113291
0.0113242
0.0113153
0.0113028
0.0112871
0.011269
0.011249
0.011228
0.0112067
0.0111861
0.0111668
0.0111496
0.0111352
0.0111241
0.0111167
0.0111133
0.00957486
0.00958302
0.00959771
0.00961844
0.00964445
0.00967483
0.00970848
0.00974414
0.00978047
0.00981608
0.00984957
0.00987959
0.00990493
0.00992453
0.00993758
0.00994352
0.0099421
0.00993338
0.00991773
0.00989581
0.00986852
0.009837
0.00980252
0.00976645
0.00973019
0.00969514
0.00966261
0.00963379
0.00960972
0.00959126
0.00957905
0.00957352
0.00667871
0.00668772
0.00670389
0.00672671
0.00675543
0.00678908
0.00682649
0.00686632
0.00690709
0.00694724
0.00698515
0.00701928
0.00704816
0.00707054
0.00708543
0.00709215
0.00709039
0.00708024
0.00706216
0.00703696
0.00700575
0.00696988
0.00693085
0.00689026
0.00684969
0.00681069
0.00677468
0.00674293
0.00671654
0.00669638
0.00668311
0.00667716
0.00253323
0.00253879
0.00254866
0.00256256
0.00258009
0.0026007
0.00262373
0.0026484
0.0026738
0.00269897
0.00272287
0.00274448
0.00276283
0.00277706
0.00278647
0.0027906
0.00278925
0.00278248
0.00277064
0.0027543
0.00273424
0.00271139
0.00268675
0.00266135
0.00263621
0.00261225
0.00259031
0.00257114
0.00255532
0.00254334
0.00253554
0.00253213
0.011104
0.0111115
0.0111232
0.0111386
0.0111571
0.0111781
0.0112008
0.0112243
0.0112476
0.01127
0.0112905
0.0113083
0.0113227
0.0113332
0.0113394
0.0113409
0.0113378
0.0113301
0.0113182
0.0113025
0.0112837
0.0112625
0.0112397
0.0112162
0.0111929
0.0111707
0.0111504
0.0111329
0.0111187
0.0111084
0.0111024
0.0111009
0.0095597
0.00957233
0.00959191
0.00961774
0.00964891
0.00968432
0.00972268
0.00976254
0.0098024
0.00984071
0.00987593
0.00990665
0.0099316
0.00994972
0.00996024
0.00996273
0.00995706
0.00994348
0.00992257
0.00989522
0.00986256
0.00982594
0.00978683
0.00974677
0.00970731
0.00966994
0.00963605
0.00960685
0.00958339
0.00956649
0.00955672
0.00955443
0.00666289
0.00667677
0.00669825
0.00672664
0.00676101
0.00680021
0.00684285
0.0068874
0.00693217
0.0069754
0.00701535
0.00705031
0.00707877
0.00709946
0.00711144
0.00711415
0.00710746
0.0070917
0.00706757
0.00703617
0.00699889
0.00695733
0.00691323
0.00686833
0.00682439
0.00678304
0.00674574
0.00671378
0.00668823
0.00666991
0.0066594
0.00665704
0.00252429
0.00253273
0.00254573
0.00256293
0.00258383
0.00260778
0.00263401
0.00266159
0.00268952
0.00271667
0.00274191
0.00276411
0.00278224
0.00279541
0.00280297
0.00280451
0.00279997
0.00278959
0.00277387
0.00275362
0.00272978
0.00270346
0.00267579
0.0026479
0.00262087
0.00259566
0.00257312
0.00255397
0.00253879
0.002528
0.0025219
0.00252065
0.0110887
0.011098
0.011112
0.0111301
0.0111516
0.0111758
0.0112017
0.0112283
0.0112546
0.0112796
0.0113023
0.0113219
0.0113375
0.0113486
0.0113547
0.0113555
0.011351
0.0113414
0.0113271
0.0113087
0.0112868
0.0112624
0.0112363
0.0112097
0.0111835
0.0111587
0.0111363
0.011117
0.0111018
0.011091
0.0110851
0.0110843
0.00953494
0.00955019
0.00957317
0.0096031
0.00963893
0.00967938
0.009723
0.00976817
0.00981316
0.00985621
0.00989562
0.00992976
0.0099572
0.00997679
0.00998766
0.00998936
0.00998179
0.00996529
0.00994056
0.00990867
0.00987095
0.00982896
0.0097844
0.00973904
0.00969462
0.00965281
0.00961514
0.00958297
0.00955742
0.00953937
0.00952944
0.00952794
0.00663637
0.00665287
0.00667782
0.00671046
0.00674974
0.00679434
0.00684273
0.00689317
0.00694375
0.00699248
0.00703736
0.00707647
0.00710808
0.00713074
0.00714338
0.00714542
0.00713674
0.00711776
0.00708935
0.00705283
0.00700984
0.00696224
0.00691203
0.00686123
0.00681179
0.00676554
0.0067241
0.00668886
0.00666098
0.00664133
0.00663051
0.00662884
0.00250855
0.0025183
0.00253313
0.00255264
0.00257629
0.00260337
0.00263302
0.00266422
0.00269582
0.00272656
0.00275513
0.00278024
0.00280068
0.00281543
0.00282371
0.00282508
0.00281947
0.00280717
0.00278884
0.00276539
0.00273798
0.00270789
0.00267643
0.00264489
0.00261447
0.00258626
0.00256118
0.00254
0.00252333
0.00251161
0.00250516
0.00250413
0.0110707
0.0110831
0.0111006
0.0111225
0.0111482
0.0111765
0.0112065
0.0112369
0.0112668
0.0112947
0.0113198
0.011341
0.0113574
0.0113684
0.0113736
0.0113727
0.0113658
0.0113532
0.0113352
0.0113128
0.0112867
0.011258
0.0112278
0.0111973
0.0111677
0.01114
0.0111153
0.0110947
0.0110787
0.011068
0.0110631
0.011064
0.00950525
0.00952499
0.00955336
0.0095894
0.00963188
0.0096793
0.00972995
0.00978194
0.0098333
0.009882
0.00992607
0.00996368
0.00999322
0.0100134
0.0100234
0.0100226
0.0100112
0.00998964
0.00995884
0.00992014
0.00987519
0.00982586
0.00977415
0.0097221
0.00967171
0.00962484
0.0095832
0.00954825
0.00952118
0.0095029
0.00949401
0.00949481
0.00660429
0.00662539
0.00665595
0.00669506
0.00674147
0.00679368
0.00684991
0.00690812
0.00696612
0.00702159
0.0070722
0.00711575
0.00715023
0.00717401
0.00718595
0.00718545
0.00717252
0.00714778
0.00711242
0.00706811
0.00701685
0.0069609
0.00690261
0.00684432
0.00678824
0.0067364
0.00669057
0.00665224
0.00662262
0.00660258
0.00659271
0.00659329
0.00248921
0.00250145
0.0025194
0.00254259
0.00257041
0.00260206
0.00263654
0.00267269
0.00270917
0.00274449
0.00277712
0.00280551
0.00282825
0.00284413
0.00285229
0.00285227
0.00284406
0.00282812
0.00280531
0.00277683
0.00274411
0.00270868
0.00267212
0.00263589
0.00260137
0.00256972
0.00254194
0.00251883
0.00250102
0.00248894
0.00248287
0.00248297
0.0110561
0.011074
0.0110973
0.0111252
0.0111565
0.0111902
0.0112249
0.0112594
0.0112923
0.0113222
0.0113482
0.011369
0.0113839
0.0113922
0.0113937
0.0113882
0.011376
0.0113575
0.0113336
0.0113051
0.0112732
0.0112391
0.0112043
0.0111699
0.0111374
0.0111079
0.0110826
0.0110625
0.0110481
0.0110401
0.0110388
0.0110442
0.00948139
0.0095103
0.00954841
0.00959443
0.00964678
0.00970363
0.00976289
0.00982234
0.00987965
0.00993252
0.00997874
0.0100163
0.0100436
0.0100594
0.010063
0.0100542
0.0100333
0.0100014
0.00995984
0.00991039
0.00985519
0.0097965
0.00973669
0.00967806
0.00962282
0.00957296
0.00953022
0.00949606
0.00947161
0.00945765
0.00945462
0.00946263
0.00657878
0.00660972
0.00665082
0.00670086
0.00675829
0.00682121
0.00688744
0.00695453
0.00701985
0.00708068
0.00713436
0.00717841
0.0072107
0.00722964
0.00723427
0.00722434
0.00720034
0.00716346
0.00711551
0.00705876
0.00699578
0.0069293
0.00686205
0.00679662
0.0067354
0.00668049
0.00663366
0.00659634
0.00656962
0.00655425
0.00655065
0.00655891
0.00247397
0.002492
0.00251621
0.00254603
0.00258067
0.00261912
0.00266015
0.0027023
0.00274393
0.00278324
0.00281839
0.00284758
0.00286924
0.00288216
0.00288557
0.00287928
0.00286364
0.00283956
0.00280838
0.00277175
0.00273149
0.00268945
0.00264739
0.00260693
0.00256947
0.00253618
0.00250799
0.00248563
0.00246964
0.00246035
0.00245798
0.00246255
0.0110505
0.0110759
0.0111065
0.0111413
0.0111788
0.0112178
0.0112567
0.011294
0.0113283
0.0113582
0.0113825
0.0114003
0.0114107
0.0114134
0.0114083
0.0113955
0.0113756
0.0113494
0.0113179
0.0112825
0.0112444
0.0112053
0.0111665
0.0111296
0.011096
0.0110669
0.0110434
0.0110264
0.0110164
0.0110139
0.0110189
0.0110313
0.00947331
0.00951509
0.009566
0.00962433
0.00968804
0.00975485
0.00982226
0.00988763
0.00994832
0.0100018
0.0100457
0.0100781
0.0100975
0.0101031
0.0100945
0.0100721
0.010037
0.00999076
0.00993541
0.00987334
0.00980716
0.00973953
0.00967308
0.00961029
0.00955342
0.00950443
0.00946495
0.00943628
0.00941932
0.0094146
0.00942225
0.00944203
0.00657067
0.00661573
0.00667108
0.00673506
0.00680563
0.00688039
0.00695661
0.00703131
0.00710137
0.00716368
0.0072153
0.0072537
0.00727693
0.00728377
0.00727385
0.00724769
0.00720664
0.00715277
0.00708872
0.00701746
0.00694213
0.00686585
0.00679158
0.00672201
0.00665948
0.00660597
0.00656307
0.00653198
0.00651355
0.00650824
0.00651619
0.00653719
0.00246932
0.00249591
0.00252893
0.00256757
0.00261076
0.00265719
0.00270523
0.00275304
0.00279852
0.00283952
0.00287389
0.00289971
0.00291547
0.0029202
0.00291361
0.00289611
0.00286877
0.00283317
0.00279128
0.00274526
0.00269727
0.00264935
0.00260334
0.00256079
0.00252301
0.00249099
0.00246552
0.00244716
0.00243626
0.00243305
0.00243757
0.00244973
0.0110574
0.0110897
0.0111267
0.011167
0.011209
0.0112512
0.011292
0.0113298
0.011363
0.0113904
0.0114107
0.0114233
0.0114275
0.0114232
0.0114105
0.0113901
0.0113627
0.0113294
0.0112915
0.0112507
0.0112084
0.0111663
0.0111261
0.0110892
0.0110569
0.0110306
0.0110111
0.0109991
0.0109951
0.0109993
0.0110114
0.011031
0.00948641
0.0095406
0.00960316
0.00967195
0.00974452
0.00981817
0.00989003
0.00995719
0.0100168
0.0100663
0.0101034
0.0101264
0.0101343
0.0101266
0.0101038
0.0100668
0.0100174
0.00995785
0.0098907
0.00981882
0.00974512
0.00967248
0.00960359
0.00954094
0.00948666
0.00944256
0.00941003
0.0093901
0.00938337
0.00939005
0.00940992
0.00944238
0.00658551
0.00664452
0.00671325
0.00678957
0.00687095
0.00695444
0.0070368
0.00711459
0.00718432
0.00724267
0.00728673
0.0073142
0.00732362
0.00731447
0.00728725
0.00724343
0.00718527
0.00711569
0.007038
0.00695568
0.00687218
0.00679075
0.00671432
0.00664545
0.00658628
0.00653852
0.00650347
0.00648204
0.00647477
0.00648184
0.00650307
0.00653793
0.00247839
0.00251369
0.00255531
0.00260216
0.00265285
0.00270568
0.00275861
0.00280936
0.00285546
0.00289449
0.00292419
0.00294277
0.00294906
0.00294265
0.00292395
0.00289417
0.00285509
0.00280898
0.00275826
0.00270537
0.0026526
0.00260196
0.00255517
0.0025136
0.00247832
0.00245015
0.00242966
0.00241721
0.00241305
0.00241722
0.00242967
0.00245019
0.01108
0.0111155
0.0111547
0.0111962
0.0112383
0.0112795
0.0113181
0.0113527
0.0113817
0.0114042
0.011419
0.0114257
0.0114239
0.0114137
0.0113956
0.0113703
0.0113388
0.0113023
0.0112624
0.0112207
0.0111786
0.0111379
0.0111001
0.0110665
0.0110385
0.011017
0.0110028
0.0109964
0.0109981
0.0110078
0.0110251
0.0110495
0.00952454
0.00958514
0.00965261
0.00972456
0.00979835
0.00987113
0.00994
0.0100021
0.0100546
0.0100953
0.0101223
0.0101343
0.0101308
0.0101118
0.0100784
0.010032
0.00997477
0.00990925
0.00983822
0.00976461
0.00969131
0.00962109
0.00955647
0.00949971
0.00945268
0.00941689
0.00939348
0.00938315
0.00938622
0.00940259
0.00943177
0.00947286
0.00662704
0.00669373
0.00676866
0.00684937
0.00693303
0.00701643
0.00709615
0.00716866
0.00723057
0.00727881
0.00731088
0.00732509
0.00732065
0.00729781
0.00725781
0.00720274
0.00713541
0.00705906
0.00697718
0.00689327
0.00681065
0.00673237
0.00666107
0.00659901
0.00654801
0.00650947
0.00648439
0.00647341
0.00647681
0.00649449
0.00652602
0.0065706
0.00250337
0.00254384
0.00258987
0.00264016
0.00269305
0.00274658
0.00279849
0.00284635
0.00288765
0.00292007
0.00294165
0.00295105
0.00294765
0.00293167
0.00290414
0.00286676
0.00282171
0.00277143
0.0027184
0.00266498
0.00261328
0.00256509
0.00252187
0.00248477
0.00245465
0.00243214
0.00241766
0.00241147
0.00241366
0.0024242
0.00244292
0.00246948
0.011115
0.0111479
0.0111833
0.01122
0.0112565
0.0112915
0.0113235
0.0113514
0.0113739
0.0113901
0.0113995
0.0114016
0.0113963
0.0113838
0.0113648
0.0113398
0.01131
0.0112766
0.0112408
0.011204
0.0111677
0.0111333
0.011102
0.011075
0.0110532
0.0110376
0.0110286
0.0110266
0.0110316
0.0110435
0.0110619
0.011086
0.00958255
0.00963923
0.00970075
0.00976486
0.00982914
0.00989106
0.0099481
0.00999784
0.0100381
0.0100672
0.0100836
0.0100868
0.0100764
0.0100531
0.0100178
0.00997217
0.00991822
0.00985825
0.00979474
0.00973025
0.00966724
0.00960806
0.00955482
0.00950933
0.00947313
0.00944739
0.00943291
0.00943017
0.00943924
0.00945984
0.00949133
0.00953268
0.00668999
0.00675296
0.00682184
0.00689424
0.00696747
0.00703862
0.00710468
0.00716269
0.0072099
0.007244
0.00726324
0.00726662
0.00725397
0.00722595
0.00718399
0.00713019
0.00706715
0.00699776
0.00692504
0.00685195
0.00678129
0.00671558
0.006657
0.00660739
0.00656821
0.00654056
0.00652519
0.0065225
0.00653257
0.00655513
0.00658958
0.00663497
0.00254166
0.00258029
0.002623
0.00266843
0.00271493
0.00276065
0.00280357
0.00284159
0.00287273
0.00289523
0.00290776
0.00290957
0.00290053
0.00288121
0.00285274
0.00281677
0.00277522
0.00273018
0.0026837
0.00263773
0.00259396
0.00255385
0.00251859
0.00248911
0.00246611
0.00245009
0.00244137
0.00244013
0.00244639
0.00246003
0.00248078
0.0025082
0.0111487
0.0111736
0.0112002
0.0112276
0.0112547
0.0112805
0.0113039
0.011324
0.01134
0.0113513
0.0113575
0.0113582
0.0113535
0.0113435
0.0113286
0.0113095
0.0112869
0.0112617
0.0112349
0.0112075
0.0111806
0.0111552
0.0111322
0.0111126
0.011097
0.011086
0.01108
0.0110793
0.0110838
0.0110935
0.0111079
0.0111265
0.00963761
0.00968053
0.00972661
0.00977412
0.00982125
0.00986615
0.00990699
0.00994209
0.00996995
0.00998937
0.00999951
0.0099999
0.00999054
0.00997183
0.00994461
0.00991004
0.0098696
0.00982497
0.00977796
0.00973042
0.00968417
0.00964093
0.00960228
0.00956956
0.00954392
0.0095262
0.00951701
0.00951664
0.00952512
0.00954216
0.00956719
0.00959938
0.00674981
0.00679766
0.00684929
0.00690283
0.00695624
0.00700739
0.00705414
0.00709444
0.00712647
0.00714872
0.00716013
0.00716014
0.00714876
0.00712653
0.00709452
0.00705424
0.00700751
0.00695637
0.00690298
0.00684946
0.00679783
0.00674998
0.00670753
0.00667188
0.00664415
0.00662519
0.00661556
0.00661553
0.00662512
0.00664405
0.00667174
0.00670737
0.0025783
0.00260768
0.00263958
0.0026729
0.00270639
0.00273869
0.00276838
0.00279407
0.00281449
0.00282857
0.00283556
0.00283508
0.00282714
0.00281218
0.002791
0.0027647
0.00273458
0.00270203
0.00266848
0.00263527
0.00260364
0.00257467
0.00254927
0.00252818
0.00251198
0.00250108
0.00249576
0.00249613
0.0025022
0.00251381
0.00253068
0.00255238
0.0111657
0.0111809
0.0111978
0.0112156
0.0112336
0.0112513
0.0112678
0.0112826
0.011295
0.0113046
0.011311
0.011314
0.0113134
0.0113092
0.0113017
0.0112911
0.0112779
0.0112625
0.0112455
0.0112277
0.0112097
0.0111922
0.0111758
0.0111612
0.011149
0.0111395
0.0111332
0.0111302
0.0111308
0.0111348
0.0111422
0.0111526
0.00966442
0.00969031
0.00971885
0.009749
0.0097796
0.00980948
0.00983746
0.00986241
0.00988332
0.00989933
0.00990977
0.00991419
0.00991243
0.00990455
0.00989089
0.00987202
0.00984874
0.00982198
0.00979284
0.00976245
0.00973201
0.00970267
0.00967553
0.00965158
0.00963168
0.00961654
0.0096067
0.00960251
0.00960411
0.00961145
0.00962428
0.00964215
0.00677861
0.00680728
0.00683896
0.00687251
0.00690667
0.00694011
0.00697148
0.0069995
0.00702297
0.00704087
0.00705243
0.00705712
0.00705475
0.00704542
0.00702956
0.00700788
0.00698133
0.00695103
0.00691826
0.00688431
0.00685051
0.00681814
0.00678837
0.00676226
0.0067407
0.00672442
0.00671396
0.00670966
0.00671167
0.00671993
0.00673419
0.00675396
0.00259559
0.00261289
0.00263206
0.00265243
0.00267325
0.00269371
0.00271296
0.0027302
0.00274463
0.00275561
0.00276261
0.0027653
0.00276354
0.00275744
0.00274728
0.00273357
0.00271693
0.00269811
0.00267792
0.00265719
0.00263672
0.00261728
0.00259954
0.0025841
0.00257145
0.002562
0.00255602
0.00255369
0.00255509
0.00256018
0.00256882
0.00258074
0.0111627
0.0111701
0.0111796
0.0111907
0.0112031
0.0112163
0.0112298
0.011243
0.0112555
0.0112667
0.0112763
0.0112838
0.011289
0.0112917
0.0112917
0.011289
0.0112839
0.0112764
0.0112668
0.0112556
0.0112431
0.0112299
0.0112164
0.0112033
0.0111909
0.0111797
0.0111702
0.0111627
0.0111576
0.011155
0.011155
0.0111575
0.00965689
0.00966926
0.00968503
0.00970362
0.00972433
0.0097464
0.00976898
0.0097912
0.00981219
0.00983112
0.00984724
0.00985989
0.00986856
0.0098729
0.00987274
0.00986809
0.00985915
0.00984627
0.00982999
0.00981096
0.00978994
0.00976775
0.00974526
0.00972331
0.00970273
0.00968431
0.0096687
0.0096565
0.00964813
0.00964391
0.00964398
0.00964836
0.00676921
0.00678274
0.00680003
0.00682046
0.00684329
0.00686767
0.0068927
0.0069174
0.00694079
0.00696193
0.00697997
0.00699414
0.00700386
0.00700872
0.00700852
0.00700327
0.00699321
0.00697877
0.00696055
0.00693931
0.00691591
0.00689128
0.00686638
0.00684215
0.00681951
0.00679928
0.00678218
0.00676882
0.00675967
0.00675505
0.00675512
0.00675989
0.00258871
0.00259663
0.00260683
0.00261896
0.00263261
0.00264728
0.00266244
0.00267749
0.00269184
0.00270489
0.00271611
0.00272499
0.00273116
0.00273434
0.0027344
0.00273132
0.00272527
0.0027165
0.00270541
0.00269249
0.00267825
0.0026633
0.00264821
0.00263355
0.00261988
0.00260766
0.00259734
0.00258925
0.00258366
0.00258076
0.00258065
0.00258332
0.0111492
0.0111509
0.0111553
0.0111624
0.0111717
0.011183
0.0111959
0.0112098
0.0112242
0.0112386
0.0112524
0.0112651
0.0112762
0.0112852
0.0112918
0.0112958
0.011297
0.0112953
0.0112908
0.0112837
0.0112742
0.0112628
0.0112499
0.0112359
0.0112214
0.0112071
0.0111933
0.0111807
0.0111698
0.0111608
0.0111543
0.0111504
0.00963153
0.0096344
0.00964193
0.00965385
0.00966973
0.009689
0.00971094
0.00973475
0.00975952
0.00978431
0.00980815
0.00983011
0.00984931
0.00986499
0.0098765
0.00988337
0.00988532
0.00988228
0.00987437
0.00986192
0.00984543
0.00982558
0.00980316
0.00977906
0.00975422
0.00972961
0.00970615
0.00968472
0.00966612
0.00965103
0.00964
0.00963342
0.00673997
0.00674311
0.00675139
0.00676453
0.00678208
0.00680344
0.00682783
0.00685439
0.00688212
0.00690997
0.00693687
0.00696173
0.00698355
0.00700141
0.00701458
0.00702247
0.00702475
0.00702133
0.00701235
0.0069982
0.00697948
0.00695698
0.00693164
0.00690447
0.00687656
0.00684899
0.00682279
0.00679894
0.00677829
0.00676157
0.00674936
0.00674208
0.00256945
0.0025712
0.00257608
0.00258394
0.00259453
0.00260751
0.00262245
0.00263882
0.00265603
0.00267345
0.0026904
0.00270618
0.00272013
0.00273166
0.00274024
0.00274548
0.00274715
0.00274516
0.00273961
0.00273075
0.00271897
0.00270482
0.00268889
0.00267186
0.00265441
0.00263724
0.00262096
0.00260619
0.00259341
0.00258306
0.00257547
0.00257089
0.0111405
0.0111369
0.0111366
0.0111396
0.0111457
0.0111548
0.0111664
0.0111802
0.0111956
0.0112121
0.0112289
0.0112456
0.0112614
0.0112756
0.0112879
0.0112976
0.0113044
0.0113081
0.0113084
0.0113053
0.0112991
0.0112899
0.0112781
0.0112642
0.0112486
0.0112321
0.0112152
0.0111986
0.011183
0.0111688
0.0111567
0.0111472
0.00961494
0.00960909
0.00960882
0.00961414
0.00962485
0.00964059
0.00966079
0.00968472
0.00971151
0.00974017
0.00976961
0.00979871
0.00982633
0.00985137
0.00987283
0.00988982
0.00990165
0.00990782
0.00990809
0.00990243
0.00989109
0.00987453
0.00985346
0.00982871
0.0098013
0.00977231
0.00974287
0.00971411
0.00968712
0.0096629
0.00964232
0.00962614
0.00672076
0.00671439
0.00671419
0.00672016
0.00673211
0.00674964
0.00677217
0.00679892
0.00682897
0.00686121
0.00689447
0.00692746
0.00695889
0.00698748
0.00701204
0.00703153
0.0070451
0.00705216
0.00705238
0.00704576
0.0070326
0.00701347
0.00698921
0.00696084
0.00692956
0.00689663
0.00686335
0.00683101
0.00680079
0.0067738
0.00675097
0.00673309
0.00255686
0.00255295
0.00255282
0.00255646
0.00256376
0.00257451
0.00258839
0.00260494
0.00262363
0.00264382
0.00266478
0.00268571
0.00270578
0.00272415
0.00274003
0.00275269
0.00276154
0.00276617
0.00276635
0.00276207
0.00275353
0.00274115
0.00272549
0.00270727
0.00268728
0.00266636
0.00264536
0.00262507
0.00260623
0.0025895
0.00257541
0.00256442
0.0111458
0.0111373
0.011132
0.0111302
0.0111318
0.0111369
0.0111452
0.0111565
0.0111703
0.0111861
0.0112032
0.0112212
0.0112391
0.0112565
0.0112725
0.0112866
0.0112983
0.011307
0.0113123
0.0113142
0.0113126
0.0113074
0.0112989
0.0112874
0.0112734
0.0112575
0.0112402
0.0112222
0.0112043
0.011187
0.0111711
0.0111572
0.00962411
0.00960974
0.00960093
0.00959799
0.00960102
0.00960993
0.00962439
0.0096439
0.00966777
0.00969513
0.00972498
0.0097562
0.0097876
0.00981797
0.00984611
0.00987089
0.0098913
0.00990649
0.00991584
0.00991895
0.00991569
0.00990621
0.00989089
0.00987039
0.00984554
0.00981736
0.00978698
0.00975559
0.00972441
0.00969461
0.00966733
0.00964354
0.00673086
0.00671502
0.00670537
0.00670221
0.00670565
0.00671558
0.00673168
0.00675342
0.00678007
0.0068107
0.00684424
0.00687946
0.00691503
0.00694957
0.00698169
0.00701006
0.00703349
0.00705095
0.00706167
0.00706518
0.00706132
0.00705027
0.00703251
0.00700884
0.00698027
0.00694802
0.00691341
0.00687784
0.00684268
0.00680926
0.0067788
0.00675236
0.00256319
0.0025535
0.0025476
0.00254567
0.00254775
0.0025538
0.00256363
0.00257696
0.00259338
0.00261235
0.00263326
0.00265537
0.00267785
0.00269983
0.00272042
0.00273871
0.0027539
0.00276527
0.00277229
0.00277461
0.00277212
0.00276494
0.00275342
0.0027381
0.00271971
0.00269905
0.00267703
0.00265454
0.00263246
0.0026116
0.0025927
0.0025764
0.0111618
0.0111495
0.01114
0.0111337
0.0111306
0.0111311
0.0111351
0.0111423
0.0111527
0.0111656
0.0111808
0.0111975
0.0112152
0.0112333
0.0112509
0.0112674
0.0112822
0.0112946
0.0113043
0.0113108
0.0113139
0.0113134
0.0113094
0.011302
0.0112915
0.0112783
0.011263
0.0112461
0.0112283
0.0112103
0.0111928
0.0111765
0.00965395
0.00963297
0.00961674
0.00960582
0.0096006
0.00960127
0.0096078
0.00961997
0.00963733
0.00965929
0.00968504
0.00971364
0.00974403
0.00977507
0.00980556
0.0098343
0.00986015
0.00988208
0.00989917
0.00991072
0.00991625
0.00991553
0.0099086
0.00989573
0.00987747
0.00985457
0.00982796
0.00979873
0.00976801
0.00973703
0.00970695
0.00967891
0.00676491
0.00674164
0.00672366
0.00671157
0.00670578
0.00670647
0.00671361
0.00672698
0.00674613
0.00677042
0.00679902
0.00683092
0.00686497
0.00689991
0.00693439
0.00696705
0.00699655
0.00702167
0.00704133
0.00705467
0.00706111
0.00706035
0.00705244
0.00703771
0.00701683
0.0069907
0.00696042
0.00692726
0.00689257
0.0068577
0.00682399
0.00679269
0.00258525
0.00257092
0.00255986
0.00255239
0.00254873
0.00254899
0.00255316
0.00256113
0.00257264
0.00258736
0.00260482
0.00262444
0.00264554
0.00266737
0.00268909
0.00270983
0.00272872
0.00274493
0.00275773
0.00276651
0.00277086
0.00277056
0.00276564
0.00275631
0.00274304
0.00272643
0.00270725
0.00268632
0.00266453
0.00264273
0.00262177
0.00260238
0.0111747
0.0111602
0.011148
0.0111387
0.0111326
0.0111299
0.0111307
0.011135
0.0111427
0.0111534
0.0111667
0.0111821
0.0111991
0.011217
0.0112352
0.0112528
0.0112693
0.011284
0.0112964
0.0113059
0.0113121
0.0113149
0.0113141
0.0113097
0.0113019
0.0112911
0.0112776
0.011262
0.0112448
0.0112268
0.0112087
0.0111911
0.00968022
0.00965533
0.0096344
0.00961816
0.0096072
0.0096019
0.00960245
0.00960882
0.00962079
0.00963793
0.00965963
0.0096851
0.00971341
0.00974352
0.00977429
0.00980454
0.00983309
0.0098588
0.00988065
0.00989773
0.00990935
0.00991502
0.00991449
0.00990779
0.0098952
0.00987722
0.00985462
0.00982829
0.00979932
0.00976884
0.00973805
0.00970813
0.00679606
0.00676836
0.00674503
0.0067269
0.00671455
0.0067084
0.00670864
0.00671527
0.00672805
0.00674657
0.00677019
0.0067981
0.00682933
0.00686275
0.00689712
0.00693114
0.00696345
0.00699276
0.00701785
0.00703765
0.00705129
0.00705819
0.00705802
0.00705078
0.0070368
0.00701667
0.00699129
0.00696171
0.00692918
0.00689502
0.00686058
0.00682718
0.00260625
0.00258915
0.00257472
0.00256343
0.00255561
0.00255151
0.00255123
0.00255478
0.00256206
0.00257284
0.0025868
0.00260349
0.00262236
0.00264278
0.00266399
0.00268522
0.0027056
0.00272431
0.00274052
0.0027535
0.00276266
0.00276756
0.00276795
0.00276382
0.00275536
0.00274297
0.00272723
0.00270885
0.00268864
0.00266744
0.0026461
0.00262546
0.0111652
0.0111497
0.011137
0.0111275
0.0111217
0.0111197
0.0111215
0.0111272
0.0111365
0.0111491
0.0111644
0.011182
0.0112011
0.011221
0.011241
0.0112602
0.011278
0.0112937
0.0113066
0.0113163
0.0113223
0.0113244
0.0113226
0.0113168
0.0113074
0.0112946
0.0112791
0.0112613
0.011242
0.011222
0.011202
0.0111828
0.00966642
0.00964005
0.0096182
0.00960166
0.009591
0.00958659
0.00958858
0.0095969
0.00961124
0.00963111
0.00965579
0.00968439
0.00971587
0.00974907
0.00978273
0.00981557
0.0098463
0.00987369
0.00989663
0.00991418
0.0099256
0.00993041
0.00992841
0.00991965
0.00990452
0.00988364
0.00985787
0.00982826
0.00979602
0.00976242
0.00972877
0.00969636
0.00678211
0.00675284
0.00672855
0.00671005
0.00669796
0.00669265
0.00669431
0.00670285
0.00671801
0.00673927
0.00676593
0.00679707
0.00683162
0.00686831
0.00690581
0.00694267
0.00697743
0.00700867
0.00703508
0.00705552
0.00706909
0.00707517
0.00707348
0.00706408
0.0070474
0.00702417
0.00699539
0.0069623
0.00692629
0.00688882
0.00685136
0.00681535
0.00259844
0.00258049
0.00256554
0.00255407
0.00254641
0.00254277
0.00254326
0.00254787
0.00255644
0.00256874
0.00258439
0.00260289
0.00262365
0.00264596
0.00266902
0.00269195
0.00271383
0.00273375
0.00275081
0.00276424
0.0027734
0.00277785
0.00277734
0.00277192
0.00276184
0.00274758
0.00272982
0.00270936
0.0026871
0.00266399
0.00264094
0.00261882
0.0111292
0.0111137
0.0111023
0.0110954
0.0110932
0.0110959
0.0111032
0.0111151
0.0111309
0.0111502
0.0111721
0.0111959
0.0112207
0.0112455
0.0112694
0.0112914
0.0113107
0.0113265
0.0113382
0.0113453
0.0113476
0.0113449
0.0113374
0.0113253
0.0113092
0.0112896
0.0112674
0.0112434
0.0112185
0.0111937
0.01117
0.0111482
0.00960393
0.00957792
0.00955867
0.00954685
0.00954286
0.00954683
0.00955862
0.00957783
0.0096038
0.00963561
0.00967214
0.00971207
0.00975392
0.00979611
0.00983701
0.009875
0.00990854
0.00993624
0.00995694
0.00996976
0.00997414
0.0099699
0.00995721
0.00993661
0.00990898
0.00987548
0.0098375
0.00979657
0.00975433
0.00971241
0.00967241
0.00963581
0.00671256
0.00668401
0.00666289
0.00664985
0.00664531
0.00664938
0.00666196
0.00668265
0.00671079
0.00674549
0.00678559
0.00682971
0.00687627
0.00692354
0.00696967
0.00701281
0.00705114
0.00708299
0.00710694
0.00712189
0.00712715
0.00712247
0.00710807
0.00708461
0.00705318
0.00701518
0.00697226
0.00692623
0.00687896
0.00683229
0.00678798
0.0067476
0.00255456
0.00253738
0.00252469
0.00251683
0.00251401
0.00251631
0.00252366
0.00253588
0.00255263
0.00257344
0.00259768
0.0026246
0.00265328
0.00268267
0.00271165
0.00273899
0.0027635
0.00278404
0.00279959
0.00280939
0.00281291
0.00280999
0.00280077
0.00278573
0.00276565
0.00274149
0.00271439
0.00268555
0.00265616
0.00262739
0.00260027
0.00257573
0.0110885
0.0110731
0.0110633
0.0110592
0.0110612
0.0110691
0.0110826
0.0111012
0.0111243
0.011151
0.0111802
0.011211
0.011242
0.0112722
0.0113003
0.0113252
0.011346
0.0113618
0.011372
0.0113761
0.0113741
0.0113659
0.011352
0.0113328
0.0113092
0.0112821
0.0112525
0.0112216
0.0111907
0.0111608
0.0111331
0.0111087
0.00953232
0.00950707
0.00949106
0.00948483
0.00948858
0.00950219
0.00952522
0.00955691
0.00959618
0.0096417
0.00969185
0.00974479
0.00979855
0.00985103
0.00990015
0.00994388
0.00998038
0.0100081
0.0100257
0.0100326
0.0100284
0.0100132
0.00998787
0.00995338
0.00991127
0.00986332
0.00981151
0.00975793
0.00970465
0.00965369
0.00960691
0.00956598
0.00663275
0.00660546
0.00658828
0.0065817
0.00658594
0.00660086
0.00662605
0.00666079
0.00670401
0.00675438
0.00681023
0.0068696
0.00693033
0.00699004
0.0070463
0.00709667
0.00713888
0.00717097
0.0071914
0.00719918
0.00719391
0.00717589
0.00714599
0.00710568
0.00705684
0.00700169
0.00694261
0.00688204
0.00682233
0.00676571
0.00671415
0.00666935
0.00250445
0.0024884
0.00247845
0.00247481
0.00247758
0.00248669
0.00250196
0.00252302
0.00254934
0.00258023
0.00261476
0.00265183
0.00269013
0.00272816
0.00276433
0.00279697
0.00282448
0.00284543
0.00285868
0.00286349
0.00285959
0.00284722
0.00282708
0.00280027
0.0027682
0.00273245
0.00269465
0.00265642
0.00261923
0.00258441
0.00255309
0.00252619
0.0110711
0.0110549
0.0110448
0.0110411
0.011044
0.0110534
0.011069
0.0110901
0.011116
0.0111457
0.0111782
0.0112122
0.0112464
0.0112795
0.0113102
0.0113373
0.0113596
0.0113764
0.0113869
0.0113907
0.0113876
0.0113778
0.0113617
0.0113399
0.0113133
0.011283
0.0112501
0.011216
0.011182
0.0111493
0.0111192
0.0110928
0.00950185
0.0094754
0.00945928
0.00945401
0.00945978
0.00947638
0.00950331
0.00953969
0.00958431
0.00963565
0.00969191
0.00975105
0.00981084
0.00986894
0.00992302
0.00997081
0.0100103
0.0100397
0.0100577
0.0100636
0.010057
0.0100382
0.0100082
0.00996826
0.0099201
0.0098658
0.00980763
0.0097479
0.00968895
0.00963296
0.00958198
0.00953777
0.00659871
0.00657032
0.00655324
0.00654793
0.00655455
0.00657293
0.00660256
0.00664262
0.00669193
0.00674898
0.00681191
0.00687855
0.00694643
0.00701289
0.00707516
0.00713052
0.00717639
0.00721059
0.00723142
0.00723783
0.0072295
0.00720686
0.00717107
0.0071239
0.0070676
0.00700476
0.0069381
0.00687038
0.0068042
0.00674198
0.00668584
0.00663759
0.00248339
0.00246686
0.00245713
0.00245438
0.00245869
0.00246997
0.00248799
0.00251235
0.00254248
0.00257759
0.00261668
0.00265851
0.00270158
0.00274421
0.00278455
0.00282071
0.00285083
0.00287329
0.00288681
0.0028906
0.00288443
0.00286869
0.00284428
0.0028126
0.00277532
0.00273433
0.0026915
0.00264864
0.0026074
0.00256919
0.00253518
0.00250634
0.0110867
0.0110683
0.0110555
0.0110488
0.0110485
0.0110544
0.0110665
0.0110843
0.011107
0.011134
0.0111642
0.0111964
0.0112295
0.0112621
0.011293
0.011321
0.0113449
0.0113639
0.0113771
0.011384
0.0113844
0.0113781
0.0113656
0.0113472
0.0113238
0.0112962
0.0112656
0.0112332
0.0112001
0.0111678
0.0111373
0.01111
0.00952891
0.00949852
0.00947768
0.00946707
0.00946703
0.00947757
0.00949836
0.00952872
0.00956765
0.00961384
0.00966569
0.00972134
0.00977874
0.00983568
0.00988992
0.00993922
0.00998152
0.010015
0.0100382
0.01005
0.01005
0.0100381
0.0100149
0.00998136
0.00993906
0.00988979
0.00983562
0.00977874
0.00972142
0.00966583
0.00961402
0.00956785
0.00662861
0.00659574
0.00657337
0.00656214
0.00656236
0.00657403
0.00659684
0.00663015
0.00667298
0.00672405
0.00678172
0.00684405
0.00690881
0.00697354
0.00703564
0.00709245
0.00714145
0.00718034
0.00720725
0.00722086
0.00722047
0.00720611
0.00717852
0.00713907
0.00708966
0.00703258
0.00697038
0.0069057
0.0068411
0.00677904
0.00672171
0.00667103
0.00250239
0.00248298
0.00246991
0.00246347
0.0024638
0.0024709
0.00248461
0.00250463
0.00253051
0.00256157
0.00259696
0.00263561
0.00267621
0.00271724
0.00275704
0.00279381
0.00282579
0.00285131
0.002869
0.00287784
0.00287732
0.00286747
0.00284888
0.00282259
0.00279004
0.00275289
0.00271293
0.00267191
0.00263151
0.00259319
0.00255823
0.00252768
0.0111176
0.0110972
0.0110813
0.0110707
0.0110656
0.0110663
0.0110727
0.0110846
0.0111016
0.011123
0.011148
0.0111758
0.0112052
0.0112351
0.0112645
0.011292
0.0113168
0.0113377
0.011354
0.011365
0.0113702
0.0113695
0.0113629
0.0113506
0.0113331
0.0113112
0.0112857
0.0112576
0.011228
0.0111981
0.011169
0.0111418
0.00958262
0.00954819
0.00952161
0.00950377
0.00949524
0.00949633
0.00950698
0.00952686
0.00955531
0.00959137
0.00963381
0.00968113
0.00973163
0.00978341
0.0098345
0.00988286
0.00992652
0.00996367
0.0099927
0.0100124
0.0100218
0.0100205
0.0100087
0.00998676
0.00995574
0.00991696
0.00987207
0.00982294
0.00977155
0.00971993
0.00967003
0.00962371
0.00668832
0.00665059
0.00662157
0.00660213
0.00659283
0.00659396
0.00660547
0.00662704
0.00665803
0.00669753
0.00674428
0.00679677
0.00685318
0.00691148
0.00696943
0.0070247
0.00707495
0.00711796
0.00715176
0.00717474
0.0071858
0.0071844
0.0071706
0.00714509
0.0071091
0.00706433
0.00701281
0.00695679
0.00689862
0.00684061
0.00678493
0.00673359
0.00253984
0.0025171
0.00249968
0.002488
0.00248236
0.00248288
0.00248955
0.00250221
0.00252057
0.00254416
0.00257235
0.00260433
0.00263908
0.00267542
0.00271197
0.00274725
0.00277968
0.00280774
0.00283001
0.0028453
0.0028528
0.00285208
0.00284317
0.00282659
0.00280323
0.00277433
0.00274132
0.00270574
0.00266915
0.00263302
0.00259868
0.0025673
0.0111459
0.0111254
0.0111084
0.0110957
0.0110876
0.0110846
0.0110866
0.0110937
0.0111055
0.0111217
0.0111416
0.0111645
0.0111895
0.0112157
0.0112421
0.0112677
0.0112914
0.0113124
0.0113298
0.0113429
0.0113512
0.0113543
0.0113522
0.0113449
0.0113327
0.0113161
0.0112958
0.0112725
0.0112473
0.011221
0.0111946
0.0111693
0.00962972
0.00959472
0.00956591
0.00954429
0.00953059
0.00952527
0.0095285
0.0095402
0.00955995
0.0095871
0.00962073
0.00965964
0.00970245
0.00974759
0.00979337
0.00983799
0.0098797
0.00991679
0.0099477
0.00997114
0.00998609
0.00999189
0.00998831
0.00997548
0.00995399
0.00992475
0.00988902
0.00984829
0.00980423
0.0097586
0.00971318
0.00966969
0.00673985
0.00670118
0.00666946
0.00664569
0.00663062
0.00662468
0.00662807
0.00664068
0.00666214
0.00669179
0.00672871
0.0067717
0.00681931
0.00686987
0.0069215
0.00697221
0.00701992
0.00706263
0.00709846
0.00712577
0.0071433
0.00715021
0.00714618
0.0071314
0.00710659
0.0070729
0.00703188
0.00698535
0.00693529
0.00688376
0.00683277
0.00678422
0.0025711
0.00254755
0.0025283
0.00251389
0.0025047
0.00250096
0.00250276
0.00251006
0.00252267
0.00254028
0.00256241
0.00258842
0.00261753
0.00264877
0.00268103
0.00271306
0.00274354
0.00277112
0.00279449
0.0028125
0.00282422
0.00282903
0.00282667
0.00281727
0.00280134
0.0027797
0.00275345
0.00272384
0.00269222
0.00265993
0.00262823
0.00259828
0.0111713
0.0111524
0.0111362
0.0111232
0.0111139
0.0111086
0.0111077
0.011111
0.0111185
0.0111299
0.0111448
0.0111626
0.0111826
0.0112041
0.0112264
0.0112484
0.0112694
0.0112886
0.0113051
0.0113184
0.0113279
0.0113333
0.0113343
0.0113308
0.0113231
0.0113114
0.0112962
0.0112782
0.0112579
0.0112362
0.011214
0.0111921
0.00967013
0.00963813
0.00961073
0.00958889
0.00957339
0.00956476
0.00956328
0.00956903
0.00958179
0.00960114
0.00962641
0.0096567
0.00969094
0.00972788
0.00976613
0.00980423
0.00984069
0.00987406
0.00990297
0.00992623
0.00994285
0.00995214
0.00995369
0.00994743
0.00993365
0.00991294
0.00988616
0.00985443
0.00981907
0.00978149
0.00974317
0.00970557
0.00678325
0.00674784
0.00671766
0.0066937
0.00667675
0.00666733
0.00666575
0.00667205
0.00668605
0.00670732
0.00673516
0.00676867
0.00680671
0.00684796
0.0068909
0.0069339
0.00697527
0.00701332
0.00704642
0.00707313
0.00709226
0.00710294
0.00710468
0.0070974
0.00708144
0.00705754
0.00702678
0.00699051
0.0069503
0.0069078
0.0068647
0.00682267
0.00259664
0.00257508
0.00255681
0.00254238
0.00253219
0.00252652
0.00252554
0.00252928
0.00253762
0.00255036
0.00256712
0.00258742
0.00261062
0.00263597
0.00266258
0.00268944
0.0027155
0.00273966
0.00276082
0.00277802
0.0027904
0.00279735
0.00279852
0.00279385
0.00278359
0.00276825
0.00274859
0.00272555
0.00270016
0.00267353
0.00264673
0.00262079
0.0111983
0.011181
0.0111652
0.0111517
0.0111408
0.011133
0.0111287
0.0111278
0.0111306
0.0111368
0.0111463
0.0111587
0.0111736
0.0111903
0.0112082
0.0112267
0.0112451
0.0112625
0.0112785
0.0112922
0.0113033
0.0113112
0.0113156
0.0113164
0.0113136
0.0113072
0.0112975
0.0112849
0.0112699
0.011253
0.011235
0.0112166
0.00971562
0.00968642
0.00966002
0.00963738
0.00961931
0.00960647
0.0095993
0.00959805
0.00960278
0.00961332
0.00962931
0.00965017
0.00967516
0.00970338
0.00973378
0.00976523
0.0097965
0.00982639
0.00985371
0.00987735
0.00989635
0.00990992
0.0099175
0.00991878
0.00991369
0.00990246
0.00988556
0.0098637
0.00983777
0.00980882
0.00977801
0.00974654
0.00683351
0.00680116
0.00677204
0.00674717
0.00672739
0.00671337
0.00670558
0.00670427
0.00670949
0.00672107
0.00673864
0.00676161
0.00678921
0.00682048
0.00685429
0.0068894
0.00692447
0.00695811
0.00698897
0.00701575
0.00703732
0.00705273
0.00706132
0.0070627
0.00705681
0.00704392
0.00702462
0.00699974
0.00697035
0.00693769
0.00690308
0.00686791
0.0026275
0.00260781
0.00259017
0.00257516
0.00256327
0.00255486
0.00255017
0.00254935
0.00255243
0.00255931
0.0025698
0.00258358
0.00260022
0.00261918
0.00263981
0.00266138
0.00268306
0.002704
0.00272333
0.00274021
0.00275387
0.00276368
0.00276918
0.0027701
0.0027664
0.00275827
0.00274608
0.00273043
0.00271202
0.00269167
0.00267023
0.00264856
0.0112213
0.011204
0.0111874
0.0111722
0.0111589
0.011148
0.01114
0.0111351
0.0111335
0.0111354
0.0111405
0.0111488
0.0111598
0.0111733
0.0111887
0.0112054
0.0112227
0.0112401
0.0112567
0.0112721
0.0112856
0.0112966
0.0113048
0.0113097
0.0113113
0.0113095
0.0113042
0.0112958
0.0112846
0.0112709
0.0112554
0.0112387
0.00975762
0.00972814
0.00969989
0.00967394
0.00965124
0.00963262
0.00961875
0.00961011
0.00960702
0.00960958
0.00961771
0.00963111
0.00964932
0.00967167
0.00969736
0.00972544
0.00975486
0.00978451
0.00981323
0.00983989
0.00986343
0.0098829
0.0098975
0.00990663
0.0099099
0.00990717
0.00989857
0.00988446
0.00986541
0.0098422
0.00981579
0.00978722
0.0068817
0.00684876
0.00681728
0.00678843
0.00676324
0.00674257
0.00672714
0.00671746
0.00671386
0.00671644
0.00672514
0.00673964
0.00675948
0.00678398
0.00681228
0.00684338
0.00687615
0.00690934
0.00694168
0.00697188
0.0069987
0.00702101
0.00703786
0.00704852
0.00705251
0.00704967
0.00704011
0.00702426
0.0070028
0.00697666
0.00694693
0.00691485
0.00265854
0.0026382
0.00261881
0.00260106
0.00258558
0.00257285
0.00256329
0.00255718
0.0025547
0.00255594
0.00256085
0.00256929
0.00258099
0.0025956
0.00261263
0.00263153
0.00265162
0.00267216
0.00269237
0.00271142
0.00272851
0.00274289
0.0027539
0.00276104
0.00276395
0.00276252
0.00275679
0.00274704
0.00273374
0.00271748
0.002699
0.00267908
0.0112286
0.0112111
0.0111941
0.0111782
0.011164
0.011152
0.0111427
0.0111364
0.0111334
0.0111338
0.0111376
0.0111446
0.0111546
0.0111671
0.0111818
0.0111981
0.0112152
0.0112327
0.0112498
0.0112659
0.0112803
0.0112924
0.0113019
0.0113083
0.0113113
0.0113109
0.011307
0.0112999
0.0112898
0.011277
0.0112622
0.0112458
0.00977186
0.00974166
0.0097122
0.00968458
0.00965983
0.00963886
0.00962242
0.00961109
0.00960527
0.00960517
0.00961079
0.00962192
0.00963819
0.00965899
0.0096836
0.00971111
0.0097405
0.00977067
0.00980046
0.00982871
0.0098543
0.00987619
0.0098935
0.0099055
0.0099117
0.00991183
0.00990589
0.00989412
0.00987702
0.00985529
0.00982982
0.00980164
0.00689851
0.00686452
0.00683143
0.00680047
0.00677275
0.00674926
0.00673078
0.00671796
0.00671119
0.00671072
0.00671653
0.00672846
0.00674609
0.00676884
0.00679593
0.00682642
0.00685922
0.0068931
0.00692679
0.00695896
0.0069883
0.00701359
0.00703376
0.00704794
0.00705548
0.00705606
0.00704965
0.00703652
0.00701727
0.00699272
0.00696392
0.00693209
0.00266951
0.00264826
0.00262762
0.00260834
0.0025911
0.00257646
0.00256489
0.00255674
0.00255226
0.00255158
0.00255471
0.00256156
0.00257192
0.00258549
0.00260184
0.00262043
0.00264064
0.00266173
0.00268292
0.00270337
0.00272223
0.00273868
0.00275199
0.00276153
0.00276684
0.00276768
0.002764
0.00275598
0.00274399
0.00272861
0.00271053
0.00269055
0.011218
0.0112015
0.0111859
0.0111716
0.0111593
0.0111494
0.0111423
0.0111383
0.0111375
0.0111399
0.0111454
0.0111539
0.011165
0.0111784
0.0111934
0.0112095
0.0112262
0.0112427
0.0112585
0.0112729
0.0112853
0.0112954
0.0113026
0.0113067
0.0113075
0.0113051
0.0112994
0.0112908
0.0112795
0.011266
0.0112509
0.0112347
0.00975214
0.00972351
0.0096963
0.00967152
0.00965007
0.00963275
0.00962016
0.00961275
0.00961078
0.00961433
0.00962325
0.00963725
0.00965581
0.00967828
0.00970383
0.00973153
0.00976035
0.00978917
0.00981688
0.0098424
0.00986469
0.00988286
0.00989615
0.00990402
0.00990613
0.00990239
0.00989296
0.00987823
0.00985882
0.00983551
0.00980925
0.00978109
0.00687562
0.00684341
0.00681286
0.0067851
0.0067611
0.0067417
0.00672755
0.00671912
0.0067167
0.00672035
0.00672996
0.00674521
0.00676558
0.00679038
0.00681876
0.0068497
0.00688206
0.00691462
0.00694612
0.0069753
0.00700095
0.00702199
0.00703752
0.00704685
0.00704957
0.00704556
0.00703499
0.00701833
0.00699631
0.00696987
0.00694011
0.00690827
0.00265413
0.00263403
0.00261504
0.00259782
0.00258297
0.00257096
0.00256216
0.00255684
0.00255516
0.00255716
0.00256279
0.00257188
0.00258415
0.00259922
0.0026166
0.0026357
0.00265584
0.00267628
0.00269622
0.00271485
0.00273136
0.00274502
0.00275522
0.00276147
0.00276347
0.00276112
0.00275454
0.00274404
0.00273011
0.00271339
0.00269462
0.00267459
0.0111999
0.0111859
0.0111734
0.0111628
0.0111545
0.0111487
0.0111458
0.0111459
0.0111488
0.0111546
0.011163
0.0111737
0.0111863
0.0112002
0.0112151
0.0112303
0.0112452
0.0112592
0.0112719
0.0112826
0.0112911
0.0112969
0.0112999
0.0112998
0.0112968
0.0112909
0.0112824
0.0112716
0.0112589
0.0112448
0.0112299
0.0112147
0.00971851
0.0096942
0.00967239
0.00965387
0.00963931
0.00962924
0.00962401
0.00962382
0.00962865
0.00963835
0.00965257
0.00967079
0.00969237
0.0097165
0.00974229
0.00976877
0.00979492
0.00981973
0.00984221
0.00986146
0.0098767
0.00988731
0.00989284
0.00989306
0.00988797
0.00987777
0.00986289
0.00984393
0.00982168
0.00979701
0.00977092
0.00974441
0.00683671
0.00680942
0.00678498
0.00676427
0.00674801
0.00673675
0.00673086
0.00673054
0.00673581
0.00674647
0.00676218
0.00678241
0.00680644
0.00683343
0.00686241
0.0068923
0.00692195
0.00695021
0.00697593
0.00699804
0.00701563
0.00702794
0.00703442
0.00703479
0.00702904
0.00701741
0.00700042
0.00697878
0.00695342
0.00692539
0.00689582
0.00686588
0.00262865
0.00261171
0.00259661
0.00258388
0.0025739
0.00256701
0.00256341
0.0025632
0.0025664
0.00257291
0.00258253
0.00259495
0.00260978
0.00262652
0.00264459
0.00266333
0.00268203
0.00269995
0.00271635
0.00273051
0.00274182
0.00274976
0.00275395
0.0027542
0.00275049
0.002743
0.00273208
0.00271823
0.00270207
0.00268429
0.00266563
0.00264685
0.0111841
0.0111745
0.0111667
0.0111611
0.0111578
0.0111571
0.0111588
0.0111631
0.0111696
0.0111782
0.0111884
0.0112001
0.0112126
0.0112256
0.0112384
0.0112508
0.011262
0.0112718
0.0112797
0.0112854
0.0112887
0.0112894
0.0112877
0.0112834
0.0112767
0.0112681
0.0112576
0.0112459
0.0112333
0.0112204
0.0112075
0.0111953
0.00968965
0.00967275
0.0096591
0.00964921
0.00964343
0.00964197
0.00964487
0.00965204
0.00966322
0.009678
0.00969585
0.0097161
0.00973801
0.00976075
0.00978345
0.00980523
0.00982525
0.00984269
0.00985686
0.00986719
0.00987325
0.00987479
0.00987175
0.00986426
0.00985261
0.00983729
0.00981892
0.00979823
0.00977604
0.00975322
0.00973065
0.00970919
0.0068037
0.00678473
0.00676943
0.00675834
0.00675184
0.00675015
0.00675333
0.00676127
0.00677369
0.00679017
0.00681014
0.00683288
0.00685756
0.00688327
0.00690904
0.00693386
0.00695674
0.00697675
0.00699307
0.007005
0.00701205
0.00701389
0.00701046
0.0070019
0.00698858
0.00697106
0.00695008
0.00692649
0.00690127
0.0068754
0.00684988
0.00682569
0.00260765
0.00259593
0.00258653
0.00257975
0.0025758
0.00257482
0.00257682
0.00258175
0.00258946
0.00259969
0.00261211
0.0026263
0.00264176
0.00265793
0.00267421
0.00268994
0.00270451
0.00271728
0.00272771
0.00273534
0.00273982
0.00274094
0.00273866
0.00273308
0.00272445
0.00271317
0.00269972
0.00268468
0.00266869
0.00265238
0.00263638
0.00262129
0.0111753
0.0111713
0.0111693
0.0111695
0.0111716
0.0111758
0.0111818
0.0111894
0.0111983
0.0112082
0.0112187
0.0112293
0.0112398
0.0112497
0.0112585
0.011266
0.0112719
0.0112759
0.0112779
0.0112778
0.0112756
0.0112714
0.0112654
0.0112577
0.0112487
0.0112388
0.0112282
0.0112176
0.0112071
0.0111973
0.0111885
0.0111811
0.00967212
0.00966532
0.00966204
0.00966239
0.00966636
0.0096738
0.00968444
0.0096979
0.00971367
0.00973118
0.00974975
0.00976868
0.00978725
0.00980474
0.00982045
0.00983377
0.00984416
0.0098512
0.00985462
0.00985426
0.00985015
0.00984245
0.00983147
0.00981766
0.00980155
0.0097838
0.0097651
0.00974617
0.00972775
0.00971052
0.00969514
0.00968218
0.00678328
0.00677571
0.00677209
0.00677254
0.00677704
0.00678544
0.00679745
0.00681263
0.00683044
0.00685024
0.00687128
0.00689278
0.00691391
0.00693384
0.00695178
0.00696699
0.00697886
0.0069869
0.00699076
0.00699028
0.00698549
0.00697659
0.00696394
0.00694807
0.00692963
0.00690936
0.00688808
0.0068666
0.00684576
0.00682634
0.00680905
0.00679452
0.00259447
0.00258994
0.00258788
0.00258834
0.00259132
0.0025967
0.00260433
0.00261393
0.00262519
0.0026377
0.00265101
0.00266462
0.00267801
0.00269065
0.00270202
0.00271164
0.0027191
0.00272409
0.00272637
0.00272585
0.00272255
0.00271662
0.00270832
0.002698
0.00268611
0.00267314
0.00265961
0.00264606
0.00263299
0.0026209
0.00261021
0.0026013
0.0111804
0.0111814
0.0111839
0.0111881
0.0111935
0.0112002
0.0112077
0.0112159
0.0112244
0.0112329
0.011241
0.0112484
0.011255
0.0112603
0.0112642
0.0112666
0.0112673
0.0112663
0.0112637
0.0112596
0.0112541
0.0112474
0.0112398
0.0112316
0.0112231
0.0112146
0.0112065
0.0111991
0.0111926
0.0111873
0.0111834
0.0111811
0.00967768
0.00967993
0.00968515
0.00969315
0.00970363
0.0097162
0.0097304
0.00974568
0.00976147
0.00977716
0.00979214
0.00980583
0.00981768
0.00982724
0.00983412
0.00983805
0.00983886
0.00983653
0.00983115
0.00982295
0.00981223
0.00979944
0.00978507
0.00976969
0.00975389
0.00973828
0.00972346
0.00970999
0.00969836
0.00968902
0.00968232
0.00967849
0.00678807
0.00679089
0.00679709
0.00680645
0.00681864
0.00683321
0.00684964
0.0068673
0.00688554
0.00690365
0.00692093
0.0069367
0.00695032
0.00696124
0.00696902
0.00697333
0.006974
0.006971
0.00696446
0.00695466
0.00694198
0.00692695
0.00691017
0.00689231
0.00687406
0.00685612
0.00683918
0.00682386
0.00681073
0.00680027
0.00679285
0.00678873
0.00259644
0.00259858
0.00260287
0.00260915
0.00261722
0.00262679
0.00263753
0.00264905
0.00266091
0.00267266
0.00268383
0.00269398
0.00270269
0.00270958
0.00271438
0.00271686
0.00271692
0.00271456
0.00270988
0.0027031
0.00269449
0.00268442
0.0026733
0.00266159
0.00264974
0.00263821
0.00262743
0.00261778
0.00260962
0.00260322
0.0025988
0.00259652
0.0112095
0.0112116
0.0112142
0.0112172
0.0112205
0.0112239
0.0112274
0.0112308
0.011234
0.0112368
0.0112391
0.0112409
0.011242
0.0112425
0.0112423
0.0112414
0.0112398
0.0112377
0.0112351
0.0112321
0.0112288
0.0112254
0.0112219
0.0112185
0.0112154
0.0112126
0.0112103
0.0112085
0.0112074
0.0112069
0.0112071
0.011208
0.00972468
0.00972867
0.00973381
0.0097399
0.00974671
0.00975399
0.00976145
0.0097688
0.00977575
0.00978203
0.0097874
0.00979164
0.0097946
0.00979615
0.00979624
0.00979486
0.00979208
0.009788
0.00978279
0.00977665
0.00976982
0.00976257
0.00975516
0.00974789
0.00974103
0.00973483
0.00972953
0.00972533
0.00972239
0.00972082
0.00972068
0.00972198
0.00683921
0.00684399
0.00685017
0.00685751
0.00686575
0.00687456
0.00688362
0.00689257
0.00690107
0.00690878
0.00691539
0.00692064
0.00692433
0.0069263
0.00692648
0.00692486
0.00692151
0.00691657
0.00691023
0.00690275
0.00689443
0.00688558
0.00687656
0.0068677
0.00685934
0.00685179
0.00684534
0.00684022
0.00683663
0.00683469
0.00683447
0.006836
0.00262745
0.00263075
0.002635
0.00264004
0.00264569
0.00265174
0.00265796
0.00266411
0.00266995
0.00267526
0.00267981
0.00268342
0.00268596
0.00268731
0.00268741
0.00268627
0.00268393
0.00268049
0.00267609
0.0026709
0.00266514
0.00265904
0.00265282
0.00264674
0.00264101
0.00263584
0.00263145
0.00262797
0.00262554
0.00262425
0.00262415
0.00262523
0.0112623
0.0112632
0.0112626
0.0112606
0.0112572
0.0112525
0.0112467
0.0112401
0.0112329
0.0112253
0.0112177
0.0112104
0.0112035
0.0111974
0.0111924
0.0111885
0.011186
0.0111849
0.0111854
0.0111873
0.0111907
0.0111954
0.0112012
0.0112078
0.0112152
0.0112228
0.0112305
0.011238
0.0112449
0.011251
0.0112561
0.0112599
0.00981831
0.00981832
0.00981598
0.0098114
0.00980479
0.00979641
0.00978659
0.00977571
0.00976419
0.00975246
0.00974094
0.00973007
0.00972024
0.00971182
0.00970513
0.00970042
0.00969787
0.00969759
0.00969961
0.00970386
0.00971021
0.00971841
0.00972817
0.00973912
0.00975083
0.00976285
0.00977468
0.00978587
0.00979596
0.00980455
0.0098113
0.00981595
0.00694578
0.00694517
0.00694202
0.00693647
0.00692877
0.00691925
0.00690829
0.00689633
0.00688382
0.00687122
0.006859
0.00684759
0.00683741
0.0068288
0.0068221
0.00681753
0.00681529
0.00681547
0.00681809
0.00682307
0.00683024
0.00683938
0.00685014
0.00686212
0.00687487
0.00688789
0.00690065
0.00691263
0.00692334
0.00693233
0.00693924
0.00694378
0.00269556
0.00269459
0.00269208
0.00268816
0.00268299
0.00267681
0.00266986
0.00266243
0.0026548
0.00264726
0.00264007
0.00263349
0.00262775
0.00262304
0.00261953
0.00261735
0.00261657
0.00261723
0.00261932
0.00262279
0.00262752
0.00263337
0.00264012
0.00264753
0.00265532
0.00266317
0.00267077
0.00267781
0.00268399
0.00268903
0.00269273
0.00269494
0.0113232
0.0113303
0.0113332
0.0113318
0.0113262
0.0113166
0.0113035
0.0112873
0.0112686
0.0112483
0.011227
0.0112056
0.0111849
0.0111656
0.0111484
0.0111341
0.0111231
0.0111159
0.0111127
0.0111138
0.011119
0.0111282
0.011141
0.0111571
0.0111757
0.0111962
0.0112177
0.0112395
0.0112606
0.0112803
0.0112977
0.0113122
0.00993295
0.00994152
0.00994278
0.00993673
0.00992365
0.00990414
0.00987905
0.00984944
0.0098165
0.00978153
0.00974588
0.00971088
0.00967781
0.00964786
0.00962209
0.00960142
0.00958658
0.00957811
0.00957633
0.00958134
0.009593
0.00961092
0.00963451
0.00966293
0.00969518
0.00973005
0.00976621
0.00980226
0.00983676
0.00986829
0.00989555
0.00991741
0.00708098
0.00708911
0.0070888
0.00708013
0.00706354
0.00703985
0.00701015
0.00697578
0.00693817
0.00689885
0.00685932
0.00682104
0.00678535
0.00675349
0.00672653
0.00670534
0.00669064
0.00668291
0.00668243
0.00668927
0.00670324
0.00672394
0.00675072
0.00678271
0.00681881
0.00685774
0.00689805
0.00693817
0.00697645
0.00701129
0.00704117
0.00706476
0.00278584
0.00278955
0.00278776
0.00278059
0.00276843
0.00275192
0.00273188
0.00270925
0.00268503
0.00266021
0.00263575
0.00261253
0.00259133
0.00257282
0.00255755
0.00254598
0.00253844
0.00253516
0.00253623
0.00254165
0.00255129
0.00256491
0.00258213
0.00260243
0.00262517
0.00264958
0.00267475
0.00269972
0.00272342
0.00274481
0.0027629
0.0027768
0.0113531
0.0113787
0.0113978
0.0114096
0.0114135
0.0114095
0.0113978
0.0113789
0.0113535
0.0113227
0.0112877
0.0112498
0.0112106
0.0111715
0.0111339
0.0110992
0.0110688
0.0110437
0.0110249
0.0110131
0.0110087
0.011012
0.0110229
0.0110409
0.0110654
0.0110957
0.0111304
0.0111683
0.0112079
0.0112478
0.0112862
0.0113218
0.0100042
0.0100471
0.010078
0.0100956
0.0100991
0.0100886
0.0100644
0.0100278
0.00998054
0.0099247
0.00986268
0.009797
0.00973023
0.00966486
0.00960324
0.00954751
0.00949957
0.00946099
0.00943307
0.00941674
0.00941254
0.00942069
0.00944098
0.00947281
0.00951522
0.00956681
0.00962586
0.00969027
0.00975768
0.0098255
0.00989099
0.00995144
0.00717301
0.00722187
0.0072568
0.007276
0.00727847
0.00726417
0.00723395
0.0071895
0.00713317
0.00706773
0.00699621
0.00692164
0.00684698
0.00677497
0.00670805
0.00664838
0.00659776
0.00655766
0.00652922
0.00651325
0.00651022
0.00652026
0.00654317
0.00657841
0.00662505
0.00668179
0.00674693
0.00681836
0.0068936
0.00696981
0.00704392
0.00711272
0.00285149
0.00288299
0.00290524
0.00291682
0.002917
0.00290578
0.00288393
0.00285285
0.00281444
0.00277084
0.00272425
0.00267676
0.00263026
0.00258637
0.00254642
0.00251152
0.00248252
0.00246007
0.00244464
0.00243656
0.00243601
0.00244301
0.00245749
0.00247918
0.00250767
0.00254231
0.00258227
0.0026264
0.00267332
0.00272132
0.00276847
0.0028126
0.0113306
0.0113877
0.0114374
0.0114776
0.0115066
0.0115232
0.0115267
0.011517
0.0114945
0.0114601
0.0114153
0.011362
0.0113024
0.0112387
0.0111736
0.0111095
0.0110488
0.0109938
0.0109465
0.0109084
0.0108811
0.0108654
0.0108619
0.0108708
0.0108917
0.010924
0.0109664
0.0110176
0.0110756
0.0111383
0.0112034
0.0112683
0.00998636
0.0100905
0.010182
0.0102566
0.0103107
0.0103414
0.0103472
0.0103279
0.0102844
0.010219
0.0101349
0.0100363
0.00992745
0.00981322
0.00969822
0.00958685
0.00948308
0.0093904
0.00931172
0.00924939
0.00920519
0.00918035
0.00917552
0.00919084
0.00922592
0.00927981
0.00935101
0.00943746
0.00953649
0.0096449
0.00975889
0.00987424
0.00716272
0.00728694
0.0073978
0.00748935
0.00755633
0.0075947
0.00760206
0.00757793
0.00752385
0.00744315
0.00734057
0.00722175
0.00709277
0.00695961
0.00682786
0.00670244
0.0065875
0.00648641
0.00640176
0.0063355
0.00628901
0.00626315
0.00625838
0.00627477
0.006312
0.00636938
0.00644575
0.00653946
0.00664823
0.00676907
0.00689824
0.00703121
0.00284871
0.00293423
0.00301245
0.00307853
0.00312782
0.00315657
0.00316249
0.00314506
0.00310567
0.00304737
0.00297439
0.00289157
0.00280373
0.00271529
0.00263001
0.00255086
0.00248002
0.00241905
0.00236894
0.00233033
0.00230356
0.00228881
0.00228614
0.00229553
0.00231692
0.00235013
0.00239486
0.00245061
0.00251659
0.00259155
0.0026737
0.00276052
0.0113
0.0113584
0.0114106
0.0114543
0.0114877
0.0115096
0.0115191
0.0115158
0.0114999
0.0114722
0.0114338
0.0113864
0.0113318
0.0112723
0.0112101
0.0111475
0.0110868
0.0110304
0.0109802
0.0109381
0.0109056
0.010884
0.0108739
0.010876
0.0108901
0.0109158
0.0109522
0.010998
0.0110515
0.0111109
0.0111737
0.0112375
0.00992225
0.0100238
0.0101148
0.0101911
0.010249
0.0102859
0.0103001
0.0102912
0.0102598
0.0102078
0.0101378
0.0100531
0.00995749
0.00985495
0.00974952
0.00964514
0.00954551
0.00945403
0.0093737
0.00930708
0.00925627
0.00922288
0.009208
0.00921221
0.00923554
0.00927746
0.00933685
0.009412
0.00950058
0.00959964
0.00970568
0.00981468
0.0070835
0.00720111
0.00730741
0.00739682
0.00746447
0.00750665
0.00752127
0.00750794
0.007468
0.00740423
0.00732046
0.00722119
0.00711116
0.00699513
0.00687768
0.00676305
0.00665504
0.00655699
0.00647173
0.00640158
0.0063484
0.00631358
0.00629808
0.00630247
0.00632686
0.00637094
0.0064339
0.00651438
0.00661038
0.00671917
0.00683726
0.00696037
0.00279224
0.00286927
0.00293998
0.00299998
0.00304528
0.00307284
0.00308095
0.00306955
0.00304007
0.00299511
0.00293794
0.00287209
0.00280097
0.00272777
0.00265528
0.00258595
0.0025218
0.00246449
0.00241534
0.00237534
0.00234526
0.00232563
0.00231688
0.00231926
0.00233292
0.00235786
0.00239392
0.00244069
0.00249743
0.00256301
0.00263569
0.00271313
0.0112124
0.0113035
0.01139
0.0114684
0.0115353
0.0115879
0.0116237
0.0116412
0.0116394
0.0116184
0.011579
0.0115232
0.0114533
0.0113724
0.0112839
0.0111915
0.0110989
0.0110095
0.0109267
0.0108534
0.0107921
0.0107448
0.0107133
0.0106983
0.0107006
0.0107198
0.0107555
0.0108063
0.0108706
0.0109462
0.0110304
0.0111202
0.00979759
0.00995927
0.0101157
0.0102599
0.0103852
0.0104851
0.0105542
0.0105885
0.0105861
0.0105467
0.0104728
0.0103682
0.0102387
0.0100907
0.0099315
0.00976804
0.00960699
0.00945432
0.00931518
0.00919383
0.00909367
0.00901728
0.00896649
0.00894241
0.00894555
0.00897575
0.00903229
0.00911377
0.00921815
0.00934266
0.00948376
0.00963712
0.00695769
0.00714552
0.0073318
0.00750787
0.00766434
0.0077918
0.00788179
0.00792784
0.00792632
0.00787709
0.00778351
0.00765201
0.00749118
0.00731075
0.00712055
0.00692967
0.00674598
0.00657584
0.00642414
0.00629447
0.00618932
0.00611031
0.00605841
0.00603414
0.00603761
0.00606865
0.00612677
0.00621114
0.00632049
0.00645297
0.00660595
0.00677579
0.00271734
0.00284114
0.00296844
0.0030931
0.00320772
0.00330404
0.00337406
0.00341127
0.00341188
0.00337557
0.00330564
0.00320833
0.00309173
0.00296437
0.00283419
0.00270775
0.00259003
0.00248441
0.00239298
0.00231685
0.00225648
0.00221189
0.00218293
0.0021694
0.00217109
0.00218791
0.00221983
0.00226686
0.00232895
0.00240589
0.00249715
0.00260162
0.011194
0.0112754
0.0113536
0.0114253
0.0114876
0.0115378
0.0115735
0.0115931
0.0115957
0.0115812
0.0115502
0.0115042
0.0114453
0.011376
0.0112994
0.0112186
0.0111368
0.011057
0.0109823
0.0109153
0.0108583
0.0108131
0.0107814
0.0107642
0.0107619
0.0107748
0.0108023
0.0108435
0.0108972
0.0109614
0.0110341
0.0111125
0.00974678
0.00988488
0.01002
0.0101462
0.0102577
0.0103488
0.0104146
0.0104516
0.0104576
0.0104322
0.010377
0.0102951
0.010191
0.01007
0.00993788
0.00980059
0.00966369
0.00953227
0.00941084
0.00930318
0.00921242
0.00914102
0.0090908
0.00906302
0.00905833
0.00907688
0.00911823
0.00918139
0.0092648
0.00936625
0.00948289
0.00961115
0.00688648
0.00704143
0.0071962
0.00734381
0.00747667
0.00758712
0.00766819
0.00771442
0.00772255
0.00769207
0.00762521
0.00752664
0.00740281
0.00726112
0.00710917
0.00695414
0.00680242
0.00665939
0.00652937
0.00641577
0.00632113
0.0062473
0.00619558
0.00616679
0.00616138
0.00617945
0.00622076
0.0062847
0.00637023
0.0064758
0.0065992
0.00673741
0.0026644
0.00275969
0.0028576
0.00295361
0.0030423
0.0031178
0.00317442
0.00320748
0.0032141
0.00319382
0.00314853
0.00308217
0.00300003
0.00290786
0.0028112
0.00271489
0.00262282
0.00253795
0.00246237
0.00239749
0.0023442
0.00230301
0.00227422
0.00225796
0.00225433
0.00226334
0.00228498
0.00231919
0.00236582
0.00242453
0.00249469
0.00257522
)
;

boundaryField
{
    inlet
    {
        type            calculated;
        value           nonuniform List<scalar> 
128
(
0.0112568
0.0112525
0.011247
0.0112407
0.0112338
0.0112265
0.0112191
0.0112119
0.0112053
0.0111993
0.0111944
0.0111905
0.011188
0.0111869
0.0111872
0.0111889
0.011192
0.0111963
0.0112017
0.011208
0.0112149
0.0112222
0.0112295
0.0112367
0.0112434
0.0112494
0.0112544
0.0112583
0.0112608
0.011262
0.0112617
0.0112599
0.00980462
0.00979883
0.00979148
0.00978286
0.00977331
0.00976319
0.0097529
0.00974283
0.00973336
0.00972485
0.00971763
0.00971196
0.00970805
0.00970607
0.00970607
0.00970806
0.00971198
0.00971766
0.00972491
0.00973345
0.00974295
0.00975305
0.00976337
0.00977351
0.00978307
0.00979168
0.00979901
0.00980476
0.00980871
0.00981072
0.00981068
0.00980862
0.00693228
0.00692609
0.00691815
0.00690877
0.00689833
0.00688723
0.0068759
0.00686477
0.00685427
0.00684479
0.00683667
0.00683023
0.00682569
0.00682322
0.00682292
0.0068248
0.00682879
0.00683475
0.00684246
0.00685165
0.00686196
0.00687301
0.00688438
0.00689562
0.00690631
0.00691602
0.00692437
0.00693101
0.00693568
0.0069382
0.00693846
0.00693646
0.00268884
0.00268522
0.00268046
0.00267476
0.00266836
0.00266151
0.00265447
0.00264752
0.00264091
0.0026349
0.00262969
0.00262548
0.00262241
0.00262059
0.0026201
0.00262094
0.00262309
0.00262649
0.002631
0.00263647
0.00264271
0.00264949
0.00265654
0.00266359
0.00267038
0.00267663
0.00268208
0.00268651
0.00268975
0.00269164
0.00269213
0.00269118
)
;
    }
    outlet
    {
        type            calculated;
        value           nonuniform List<scalar> 
128
(
0.0111916
0.011273
0.0113513
0.0114232
0.0114856
0.0115358
0.0115716
0.0115913
0.0115939
0.0115794
0.0115483
0.0115022
0.0114432
0.0113738
0.0112971
0.0112162
0.0111344
0.0110547
0.0109801
0.0109131
0.0108562
0.0108111
0.0107795
0.0107622
0.01076
0.0107727
0.0108001
0.0108413
0.0108948
0.010959
0.0110316
0.0111101
0.00974487
0.00988305
0.0100182
0.0101446
0.0102561
0.0103473
0.0104132
0.0104502
0.0104562
0.0104308
0.0103756
0.0102936
0.0101894
0.0100683
0.00993617
0.00979884
0.00966192
0.00953052
0.00940912
0.00930152
0.00921082
0.00913947
0.00908929
0.0090615
0.00905678
0.00907526
0.00911652
0.00917959
0.0092629
0.00936429
0.0094809
0.00960918
0.00688514
0.00704015
0.00719497
0.00734261
0.00747548
0.00758592
0.00766698
0.00771318
0.0077213
0.00769082
0.00762397
0.00752542
0.0074016
0.00725993
0.00710799
0.00695297
0.00680124
0.00665818
0.00652815
0.00641452
0.00631985
0.006246
0.00619424
0.00616541
0.00615996
0.00617798
0.00621925
0.00628316
0.0063687
0.00647429
0.00659773
0.006736
0.00266409
0.00275942
0.00285735
0.00295337
0.00304206
0.00311754
0.00317414
0.00320718
0.00321379
0.00319351
0.00314822
0.00308188
0.00299976
0.00290761
0.00281096
0.00271465
0.00262258
0.00253769
0.0024621
0.0023972
0.00234389
0.00230268
0.00227387
0.00225759
0.00225393
0.00226292
0.00228454
0.00231875
0.00236539
0.00242412
0.00249431
0.00257487
)
;
    }
    axis
    {
        type            calculated;
        value           nonuniform List<scalar> 
5088
(
0.0112567
0.0112524
0.011247
0.0112407
0.0112338
0.0112265
0.0112191
0.0112119
0.0112052
0.0111993
0.0111943
0.0111904
0.0111879
0.0111867
0.011187
0.0111888
0.0111919
0.0111962
0.0112017
0.011208
0.0112149
0.0112222
0.0112295
0.0112367
0.0112434
0.0112493
0.0112543
0.0112581
0.0112607
0.0112618
0.0112615
0.0112598
0.0112676
0.0112591
0.0112492
0.0112384
0.011227
0.0112155
0.0112044
0.011194
0.0111848
0.0111771
0.0111712
0.0111673
0.0111656
0.0111661
0.0111689
0.0111737
0.0111804
0.0111889
0.0111986
0.0112093
0.0112206
0.011232
0.0112432
0.0112536
0.0112629
0.0112707
0.0112767
0.0112806
0.0112824
0.011282
0.0112792
0.0112744
0.0112411
0.0112293
0.0112172
0.0112054
0.0111942
0.0111842
0.0111757
0.011169
0.0111644
0.011162
0.011162
0.0111643
0.0111689
0.0111755
0.0111839
0.0111939
0.0112049
0.0112167
0.0112287
0.0112406
0.0112517
0.0112618
0.0112704
0.0112772
0.0112819
0.0112844
0.0112845
0.0112822
0.0112776
0.0112709
0.0112624
0.0112523
0.0112282
0.0112135
0.0111992
0.0111858
0.0111739
0.0111638
0.011156
0.0111508
0.0111483
0.0111487
0.0111519
0.0111578
0.0111662
0.0111768
0.0111891
0.0112027
0.0112172
0.0112319
0.0112462
0.0112597
0.0112718
0.011282
0.0112899
0.0112952
0.0112978
0.0112974
0.0112942
0.0112882
0.0112796
0.0112689
0.0112565
0.0112427
0.0112164
0.0112049
0.0111942
0.0111846
0.0111764
0.0111701
0.0111657
0.0111636
0.0111637
0.0111662
0.0111707
0.0111773
0.0111857
0.0111955
0.0112063
0.0112178
0.0112295
0.011241
0.0112518
0.0112615
0.0112697
0.0112761
0.0112805
0.0112827
0.0112825
0.0112801
0.0112755
0.0112688
0.0112604
0.0112505
0.0112396
0.0112281
0.0112388
0.0112355
0.0112318
0.0112278
0.0112237
0.0112196
0.0112157
0.0112121
0.0112091
0.0112066
0.0112047
0.0112036
0.0112033
0.0112037
0.0112049
0.0112068
0.0112094
0.0112124
0.011216
0.0112198
0.0112239
0.0112279
0.0112319
0.0112355
0.0112388
0.0112414
0.0112435
0.0112447
0.0112451
0.0112447
0.0112435
0.0112415
0.0112679
0.0112731
0.0112763
0.0112775
0.0112766
0.0112737
0.0112688
0.0112621
0.011254
0.0112447
0.0112346
0.0112241
0.0112135
0.0112032
0.0111938
0.0111854
0.0111785
0.0111733
0.01117
0.0111688
0.0111696
0.0111725
0.0111774
0.011184
0.0111921
0.0112014
0.0112116
0.0112222
0.0112329
0.0112432
0.0112527
0.011261
0.0112695
0.0112773
0.011283
0.0112864
0.0112873
0.0112858
0.0112818
0.0112756
0.0112673
0.0112573
0.011246
0.0112338
0.0112212
0.0112087
0.0111968
0.0111858
0.0111763
0.0111686
0.011163
0.0111597
0.0111588
0.0111603
0.0111642
0.0111704
0.0111786
0.0111884
0.0111997
0.0112118
0.0112243
0.0112369
0.0112489
0.0112599
0.0112398
0.011243
0.0112454
0.0112471
0.0112478
0.0112477
0.0112467
0.0112448
0.0112421
0.0112387
0.0112347
0.0112303
0.0112256
0.0112208
0.0112162
0.0112118
0.0112079
0.0112046
0.011202
0.0112003
0.0111995
0.0111997
0.0112008
0.0112028
0.0112057
0.0112092
0.0112133
0.0112178
0.0112224
0.0112272
0.0112318
0.011236
0.0112002
0.011196
0.0111927
0.0111907
0.01119
0.0111906
0.0111925
0.0111956
0.0111998
0.0112049
0.0112107
0.011217
0.0112236
0.0112301
0.0112364
0.0112422
0.0112473
0.0112514
0.0112545
0.0112565
0.0112571
0.0112566
0.0112547
0.0112518
0.0112477
0.0112427
0.011237
0.0112308
0.0112242
0.0112177
0.0112113
0.0112054
0.0111796
0.0111714
0.0111652
0.0111612
0.0111596
0.0111604
0.0111635
0.011169
0.0111765
0.0111858
0.0111965
0.0112083
0.0112206
0.011233
0.0112451
0.0112563
0.0112663
0.0112746
0.0112808
0.0112849
0.0112866
0.0112858
0.0112826
0.011277
0.0112694
0.01126
0.0112492
0.0112374
0.011225
0.0112126
0.0112006
0.0111894
0.0112003
0.0111951
0.0111909
0.011188
0.0111865
0.0111865
0.0111879
0.0111906
0.0111946
0.0111998
0.0112058
0.0112125
0.0112196
0.0112269
0.011234
0.0112408
0.0112468
0.011252
0.0112561
0.0112589
0.0112604
0.0112605
0.0112592
0.0112566
0.0112526
0.0112476
0.0112416
0.0112349
0.0112278
0.0112205
0.0112133
0.0112065
0.0112503
0.0112526
0.0112537
0.0112538
0.0112527
0.0112506
0.0112474
0.0112434
0.0112386
0.0112332
0.0112274
0.0112214
0.0112155
0.0112099
0.0112047
0.0112003
0.0111967
0.0111942
0.0111928
0.0111927
0.0111937
0.0111959
0.0111992
0.0112035
0.0112086
0.0112142
0.0112202
0.0112262
0.0112322
0.0112377
0.0112427
0.011247
0.0112836
0.0112917
0.0112972
0.0112998
0.0112994
0.0112959
0.0112897
0.0112808
0.0112697
0.0112568
0.0112426
0.0112275
0.0112123
0.0111975
0.0111837
0.0111713
0.0111609
0.0111528
0.0111474
0.0111449
0.0111453
0.0111486
0.0111548
0.0111635
0.0111745
0.0111873
0.0112015
0.0112165
0.0112317
0.0112466
0.0112606
0.011273
0.0112731
0.0112808
0.0112862
0.0112892
0.0112896
0.0112874
0.0112828
0.0112758
0.0112667
0.011256
0.011244
0.0112312
0.011218
0.011205
0.0111928
0.0111816
0.0111721
0.0111645
0.0111591
0.0111562
0.0111558
0.0111579
0.0111625
0.0111695
0.0111784
0.0111891
0.0112011
0.0112138
0.011227
0.01124
0.0112523
0.0112635
0.011226
0.0112275
0.0112289
0.0112301
0.0112311
0.0112319
0.0112323
0.0112325
0.0112324
0.0112319
0.011231
0.0112299
0.0112285
0.0112268
0.011225
0.0112232
0.0112213
0.0112196
0.0112181
0.0112168
0.0112158
0.0112152
0.0112149
0.011215
0.0112154
0.0112162
0.0112172
0.0112184
0.0112198
0.0112213
0.0112229
0.0112245
0.0111706
0.0111651
0.0111618
0.0111609
0.0111624
0.0111662
0.0111722
0.0111801
0.0111897
0.0112005
0.0112122
0.0112243
0.0112363
0.0112478
0.0112582
0.0112673
0.0112747
0.0112801
0.0112833
0.0112841
0.0112827
0.0112789
0.011273
0.0112651
0.0112556
0.0112449
0.0112333
0.0112213
0.0112093
0.0111978
0.0111872
0.011178
0.0111505
0.0111421
0.0111366
0.0111344
0.0111356
0.01114
0.0111475
0.0111578
0.0111706
0.0111854
0.0112015
0.0112185
0.0112356
0.0112522
0.0112676
0.0112813
0.0112927
0.0113013
0.0113069
0.0113091
0.011308
0.0113035
0.0112958
0.0112853
0.0112723
0.0112573
0.011241
0.011224
0.011207
0.0111905
0.0111752
0.0111617
0.0111922
0.0111866
0.0111825
0.0111799
0.011179
0.0111799
0.0111824
0.0111864
0.0111919
0.0111985
0.0112061
0.0112142
0.0112227
0.0112312
0.0112393
0.0112468
0.0112534
0.0112589
0.011263
0.0112656
0.0112666
0.0112659
0.0112636
0.0112598
0.0112545
0.011248
0.0112405
0.0112323
0.0112237
0.011215
0.0112067
0.011199
0.011264
0.011265
0.0112643
0.0112621
0.0112584
0.0112534
0.0112473
0.0112403
0.0112325
0.0112244
0.0112162
0.0112082
0.0112007
0.0111941
0.0111885
0.0111842
0.0111814
0.0111803
0.0111808
0.0111829
0.0111867
0.0111919
0.0111983
0.0112057
0.0112137
0.0112221
0.0112304
0.0112385
0.0112459
0.0112523
0.0112576
0.0112616
0.0113055
0.0113105
0.0113121
0.0113102
0.0113049
0.0112963
0.0112848
0.0112709
0.0112551
0.011238
0.0112203
0.0112027
0.0111859
0.0111704
0.0111569
0.0111458
0.0111377
0.0111327
0.0111312
0.0111331
0.0111383
0.0111468
0.011158
0.0111718
0.0111874
0.0112044
0.011222
0.0112397
0.0112567
0.0112723
0.011286
0.0112972
0.0112948
0.0112974
0.0112971
0.0112939
0.011288
0.0112795
0.0112688
0.0112563
0.0112425
0.011228
0.0112132
0.0111989
0.0111854
0.0111733
0.0111631
0.0111551
0.0111498
0.0111471
0.0111474
0.0111504
0.0111563
0.0111646
0.0111752
0.0111876
0.0112013
0.0112158
0.0112306
0.0112451
0.0112587
0.011271
0.0112813
0.0112893
0.0112515
0.0112477
0.011243
0.0112376
0.0112317
0.0112255
0.0112192
0.0112132
0.0112075
0.0112025
0.0111983
0.011195
0.0111928
0.0111918
0.0111919
0.0111933
0.0111958
0.0111994
0.0112039
0.0112092
0.0112151
0.0112214
0.0112277
0.011234
0.0112398
0.011245
0.0112494
0.0112528
0.011255
0.011256
0.0112557
0.0112542
0.0112148
0.011207
0.0111998
0.0111936
0.0111885
0.0111848
0.0111826
0.011182
0.011183
0.0111855
0.0111895
0.0111948
0.0112012
0.0112085
0.0112163
0.0112245
0.0112326
0.0112404
0.0112476
0.0112539
0.011259
0.0112627
0.011265
0.0112657
0.0112647
0.0112622
0.0112582
0.0112528
0.0112464
0.011239
0.0112311
0.0112229
0.011214
0.0112088
0.0112043
0.0112004
0.0111975
0.0111956
0.0111948
0.0111951
0.0111966
0.0111991
0.0112026
0.0112069
0.0112118
0.0112172
0.0112229
0.0112286
0.0112341
0.0112393
0.0112438
0.0112476
0.0112505
0.0112524
0.0112532
0.0112529
0.0112515
0.011249
0.0112456
0.0112413
0.0112364
0.011231
0.0112253
0.0112196
0.0112376
0.0112406
0.011243
0.0112446
0.0112455
0.0112455
0.0112448
0.0112433
0.011241
0.0112382
0.0112348
0.011231
0.0112268
0.0112226
0.0112184
0.0112144
0.0112108
0.0112076
0.0112051
0.0112033
0.0112023
0.0112022
0.0112029
0.0112045
0.0112069
0.0112099
0.0112135
0.0112175
0.0112217
0.011226
0.0112302
0.0112341
0.0112571
0.0112676
0.0112763
0.011283
0.0112874
0.0112894
0.0112887
0.0112856
0.01128
0.0112723
0.0112626
0.0112514
0.0112392
0.0112263
0.0112133
0.0112007
0.011189
0.0111785
0.0111698
0.0111631
0.0111587
0.0111568
0.0111574
0.0111606
0.0111661
0.0111738
0.0111835
0.0111946
0.0112068
0.0112197
0.0112327
0.0112453
0.0112631
0.0112755
0.0112858
0.0112938
0.0112989
0.0113012
0.0113003
0.0112965
0.0112898
0.0112805
0.011269
0.0112556
0.0112411
0.0112258
0.0112104
0.0111955
0.0111817
0.0111694
0.0111592
0.0111514
0.0111463
0.0111442
0.011145
0.0111488
0.0111554
0.0111645
0.0111759
0.0111891
0.0112036
0.0112188
0.0112342
0.0112491
0.0112656
0.0112747
0.0112819
0.0112869
0.0112893
0.0112892
0.0112865
0.0112814
0.0112741
0.0112648
0.0112538
0.0112418
0.011229
0.011216
0.0112033
0.0111913
0.0111806
0.0111715
0.0111644
0.0111596
0.0111572
0.0111573
0.0111599
0.0111649
0.0111721
0.0111814
0.0111922
0.0112042
0.011217
0.01123
0.0112427
0.0112547
0.0112635
0.0112679
0.0112706
0.0112715
0.0112706
0.0112678
0.0112634
0.0112574
0.0112502
0.0112419
0.011233
0.0112237
0.0112145
0.0112056
0.0111974
0.0111902
0.0111843
0.01118
0.0111773
0.0111764
0.0111773
0.0111799
0.0111843
0.0111902
0.0111974
0.0112056
0.0112145
0.0112238
0.0112331
0.0112421
0.0112503
0.0112576
0.0112518
0.0112525
0.011252
0.0112505
0.0112479
0.0112445
0.0112403
0.0112355
0.0112302
0.0112248
0.0112193
0.011214
0.0112091
0.0112048
0.0112013
0.0111986
0.0111969
0.0111963
0.0111967
0.0111982
0.0112007
0.0112041
0.0112083
0.0112131
0.0112184
0.0112239
0.0112294
0.0112347
0.0112396
0.0112439
0.0112475
0.0112502
0.0112364
0.011234
0.0112312
0.0112282
0.011225
0.0112218
0.0112187
0.0112159
0.0112134
0.0112113
0.0112097
0.0112087
0.0112083
0.0112086
0.0112094
0.0112108
0.0112127
0.0112151
0.0112179
0.0112209
0.011224
0.0112272
0.0112303
0.0112331
0.0112357
0.0112378
0.0112394
0.0112404
0.0112408
0.0112406
0.0112398
0.0112384
0.011225
0.0112193
0.0112137
0.0112086
0.0112041
0.0112003
0.0111975
0.0111957
0.011195
0.0111955
0.011197
0.0111997
0.0112032
0.0112076
0.0112126
0.011218
0.0112238
0.0112295
0.011235
0.0112401
0.0112446
0.0112484
0.0112512
0.011253
0.0112537
0.0112532
0.0112517
0.0112491
0.0112455
0.0112412
0.0112362
0.0112307
0.0112267
0.0112177
0.011209
0.0112009
0.0111936
0.0111875
0.0111828
0.0111797
0.0111783
0.0111786
0.0111807
0.0111844
0.0111897
0.0111963
0.0112039
0.0112123
0.0112212
0.0112301
0.0112389
0.011247
0.0112543
0.0112604
0.0112651
0.0112683
0.0112697
0.0112693
0.0112672
0.0112635
0.0112582
0.0112516
0.011244
0.0112355
0.0112353
0.0112251
0.0112148
0.0112049
0.0111957
0.0111876
0.0111809
0.0111758
0.0111725
0.0111713
0.011172
0.0111747
0.0111792
0.0111855
0.0111933
0.0112022
0.0112119
0.0112221
0.0112324
0.0112424
0.0112516
0.0112598
0.0112666
0.0112717
0.011275
0.0112763
0.0112756
0.0112729
0.0112682
0.0112619
0.0112541
0.0112451
0.0112464
0.0112386
0.0112302
0.0112216
0.0112131
0.011205
0.0111977
0.0111914
0.0111863
0.0111827
0.0111806
0.0111802
0.0111815
0.0111844
0.0111888
0.0111946
0.0112015
0.0112092
0.0112176
0.0112261
0.0112346
0.0112427
0.0112501
0.0112565
0.0112617
0.0112654
0.0112675
0.0112679
0.0112666
0.0112637
0.0112592
0.0112534
0.01126
0.0112573
0.0112534
0.0112483
0.0112423
0.0112356
0.0112285
0.0112213
0.0112141
0.0112074
0.0112013
0.0111961
0.0111919
0.011189
0.0111874
0.0111872
0.0111884
0.011191
0.0111949
0.0111998
0.0112058
0.0112124
0.0112195
0.0112268
0.011234
0.0112409
0.0112471
0.0112524
0.0112566
0.0112596
0.0112611
0.0112613
0.0112735
0.0112763
0.0112771
0.0112758
0.0112725
0.0112673
0.0112604
0.0112522
0.0112429
0.0112328
0.0112224
0.0112121
0.0112022
0.0111931
0.0111852
0.0111788
0.0111741
0.0111713
0.0111705
0.0111717
0.0111749
0.01118
0.0111868
0.011195
0.0112044
0.0112144
0.0112249
0.0112353
0.0112453
0.0112544
0.0112624
0.0112688
0.0112835
0.0112904
0.0112947
0.0112962
0.0112948
0.0112907
0.011284
0.0112749
0.0112639
0.0112513
0.0112376
0.0112233
0.011209
0.0111953
0.0111827
0.0111716
0.0111625
0.0111557
0.0111515
0.01115
0.0111512
0.0111553
0.0111619
0.0111709
0.0111818
0.0111944
0.011208
0.0112223
0.0112366
0.0112504
0.0112631
0.0112743
0.0112831
0.0112913
0.011297
0.0112997
0.0112995
0.0112963
0.0112903
0.0112817
0.0112708
0.011258
0.011244
0.0112291
0.011214
0.0111993
0.0111854
0.0111731
0.0111626
0.0111544
0.0111489
0.0111462
0.0111464
0.0111495
0.0111554
0.0111639
0.0111747
0.0111873
0.0112013
0.0112161
0.0112312
0.011246
0.01126
0.0112725
0.0112766
0.0112846
0.0112903
0.0112934
0.0112938
0.0112915
0.0112865
0.0112791
0.0112695
0.0112582
0.0112455
0.0112319
0.0112181
0.0112044
0.0111915
0.0111798
0.0111698
0.0111618
0.0111562
0.0111531
0.0111527
0.011155
0.0111599
0.0111672
0.0111767
0.011188
0.0112006
0.0112141
0.0112279
0.0112416
0.0112546
0.0112664
0.0112745
0.0112831
0.0112894
0.0112931
0.0112941
0.0112924
0.011288
0.0112811
0.011272
0.011261
0.0112486
0.0112352
0.0112214
0.0112076
0.0111945
0.0111824
0.011172
0.0111635
0.0111573
0.0111536
0.0111526
0.0111543
0.0111586
0.0111654
0.0111744
0.0111853
0.0111977
0.011211
0.0112249
0.0112387
0.0112519
0.011264
0.0112788
0.0112882
0.0112951
0.0112993
0.0113005
0.0112987
0.0112939
0.0112864
0.0112765
0.0112645
0.0112509
0.0112363
0.0112211
0.011206
0.0111916
0.0111784
0.011167
0.0111576
0.0111508
0.0111467
0.0111456
0.0111474
0.011152
0.0111594
0.0111692
0.0111811
0.0111946
0.0112092
0.0112243
0.0112394
0.0112539
0.0112672
0.011286
0.0112945
0.0113002
0.011303
0.0113026
0.0112992
0.0112927
0.0112836
0.0112721
0.0112588
0.011244
0.0112285
0.0112127
0.0111974
0.011183
0.0111702
0.0111594
0.011151
0.0111454
0.0111427
0.011143
0.0111464
0.0111528
0.0111617
0.0111731
0.0111863
0.0112009
0.0112164
0.0112322
0.0112476
0.011262
0.011275
0.0112916
0.0112962
0.0112979
0.0112968
0.0112928
0.0112861
0.0112769
0.0112657
0.0112528
0.0112388
0.0112242
0.0112096
0.0111955
0.0111824
0.011171
0.0111615
0.0111544
0.0111499
0.0111481
0.0111492
0.0111532
0.0111597
0.0111687
0.0111798
0.0111925
0.0112064
0.011221
0.0112356
0.0112498
0.011263
0.0112746
0.0112843
0.0112902
0.0112887
0.0112845
0.011278
0.0112694
0.011259
0.0112472
0.0112345
0.0112214
0.0112084
0.011196
0.0111846
0.0111747
0.0111667
0.0111609
0.0111574
0.0111564
0.011158
0.011162
0.0111684
0.0111769
0.0111871
0.0111987
0.0112113
0.0112244
0.0112374
0.0112499
0.0112614
0.0112715
0.0112797
0.0112857
0.0112892
0.0112797
0.0112727
0.0112638
0.0112533
0.0112416
0.0112293
0.0112167
0.0112044
0.0111929
0.0111825
0.0111737
0.0111668
0.0111621
0.0111597
0.0111597
0.0111622
0.0111669
0.0111739
0.0111827
0.0111931
0.0112046
0.0112169
0.0112294
0.0112417
0.0112534
0.0112639
0.0112728
0.0112798
0.0112846
0.0112871
0.0112871
0.0112846
0.0112669
0.0112588
0.0112492
0.0112387
0.0112277
0.0112165
0.0112055
0.0111953
0.0111861
0.0111784
0.0111725
0.0111685
0.0111666
0.0111668
0.0111693
0.0111738
0.0111802
0.0111883
0.0111977
0.0112081
0.0112192
0.0112304
0.0112414
0.0112517
0.0112609
0.0112687
0.0112747
0.0112788
0.0112808
0.0112805
0.011278
0.0112734
0.0112645
0.0112602
0.0112546
0.0112477
0.01124
0.0112317
0.011223
0.0112145
0.0112063
0.0111988
0.0111923
0.011187
0.0111831
0.0111808
0.0111801
0.0111811
0.0111837
0.0111879
0.0111934
0.0112002
0.0112078
0.0112161
0.0112247
0.0112333
0.0112416
0.0112491
0.0112558
0.0112612
0.0112651
0.0112675
0.0112682
0.0112672
0.0112755
0.0112775
0.0112774
0.0112753
0.0112711
0.0112652
0.0112577
0.0112488
0.0112391
0.0112287
0.0112182
0.0112079
0.0111982
0.0111894
0.011182
0.0111762
0.0111722
0.0111701
0.0111701
0.0111722
0.0111762
0.0111821
0.0111896
0.0111984
0.0112082
0.0112186
0.0112292
0.0112396
0.0112494
0.0112582
0.0112657
0.0112715
0.0112926
0.0112987
0.0113019
0.011302
0.011299
0.0112931
0.0112845
0.0112735
0.0112605
0.0112461
0.0112308
0.0112152
0.0111999
0.0111855
0.0111726
0.0111616
0.0111529
0.0111469
0.0111438
0.0111437
0.0111467
0.0111525
0.011161
0.0111719
0.0111848
0.0111991
0.0112144
0.0112299
0.0112452
0.0112597
0.0112727
0.0112839
0.0113106
0.0113152
0.0113161
0.0113134
0.0113071
0.0112975
0.011285
0.0112701
0.0112533
0.0112353
0.0112169
0.0111986
0.0111813
0.0111656
0.0111521
0.0111412
0.0111335
0.0111291
0.0111283
0.011131
0.0111372
0.0111466
0.0111589
0.0111736
0.0111902
0.011208
0.0112264
0.0112446
0.011262
0.0112778
0.0112916
0.0113027
0.0113264
0.0113247
0.0113189
0.0113093
0.0112964
0.0112805
0.0112623
0.0112426
0.0112221
0.0112015
0.0111818
0.0111636
0.0111477
0.0111346
0.0111248
0.0111187
0.0111166
0.0111184
0.0111241
0.0111335
0.0111462
0.0111618
0.0111797
0.0111992
0.0112195
0.01124
0.0112598
0.0112781
0.0112943
0.0113077
0.0113177
0.0113241
0.0113355
0.0113279
0.0113162
0.0113007
0.0112822
0.0112613
0.0112388
0.0112157
0.0111928
0.011171
0.0111511
0.0111339
0.01112
0.0111099
0.0111041
0.0111026
0.0111057
0.0111131
0.0111246
0.0111397
0.0111579
0.0111786
0.0112009
0.011224
0.0112469
0.0112689
0.0112891
0.0113066
0.0113208
0.0113311
0.0113372
0.0113386
0.0113339
0.0113263
0.0113146
0.0112993
0.011281
0.0112603
0.0112382
0.0112154
0.0111929
0.0111715
0.011152
0.0111351
0.0111215
0.0111116
0.0111059
0.0111045
0.0111076
0.0111149
0.0111263
0.0111412
0.0111592
0.0111796
0.0112016
0.0112244
0.011247
0.0112687
0.0112885
0.0113058
0.0113197
0.0113298
0.0113357
0.011337
0.0113241
0.0113228
0.0113175
0.0113085
0.0112962
0.011281
0.0112635
0.0112444
0.0112245
0.0112045
0.0111852
0.0111673
0.0111515
0.0111384
0.0111284
0.011122
0.0111194
0.0111206
0.0111257
0.0111344
0.0111464
0.0111613
0.0111786
0.0111975
0.0112174
0.0112375
0.011257
0.0112751
0.0112912
0.0113047
0.0113149
0.0113214
0.0113173
0.0113236
0.011326
0.0113243
0.0113186
0.0113091
0.0112963
0.0112807
0.0112627
0.0112432
0.011223
0.0112026
0.0111831
0.011165
0.0111491
0.011136
0.0111261
0.0111199
0.0111175
0.0111191
0.0111246
0.0111338
0.0111464
0.0111618
0.0111796
0.011199
0.0112193
0.0112398
0.0112595
0.0112778
0.011294
0.0113073
0.0113241
0.0113342
0.0113399
0.011341
0.0113374
0.0113293
0.0113169
0.0113009
0.0112817
0.0112603
0.0112373
0.0112137
0.0111904
0.0111683
0.0111482
0.0111309
0.011117
0.0111072
0.0111016
0.0111006
0.0111041
0.0111121
0.0111243
0.0111401
0.011159
0.0111802
0.0112031
0.0112266
0.01125
0.0112722
0.0112925
0.01131
0.0113451
0.011354
0.0113578
0.0113562
0.0113492
0.0113372
0.0113206
0.0113001
0.0112765
0.0112507
0.0112237
0.0111966
0.0111704
0.0111461
0.0111246
0.0111068
0.0110933
0.0110846
0.011081
0.0110827
0.0110896
0.0111014
0.0111176
0.0111378
0.011161
0.0111866
0.0112134
0.0112404
0.0112667
0.0112913
0.011313
0.0113312
0.0113682
0.0113743
0.0113743
0.0113681
0.0113561
0.0113387
0.0113166
0.0112907
0.011262
0.0112316
0.0112008
0.0111707
0.0111424
0.011117
0.0110955
0.0110787
0.0110671
0.0110613
0.0110614
0.0110674
0.0110791
0.0110961
0.0111177
0.0111431
0.0111714
0.0112015
0.0112323
0.0112626
0.0112912
0.011317
0.011339
0.0113563
0.0113813
0.0113853
0.0113828
0.0113737
0.0113585
0.0113378
0.0113124
0.0112834
0.0112518
0.0112189
0.011186
0.0111543
0.0111251
0.0110994
0.0110781
0.0110621
0.011052
0.0110481
0.0110506
0.0110593
0.011074
0.0110941
0.0111189
0.0111474
0.0111786
0.0112114
0.0112444
0.0112764
0.0113061
0.0113324
0.0113543
0.0113708
0.0113807
0.0113838
0.0113804
0.0113706
0.0113548
0.0113337
0.011308
0.0112788
0.0112473
0.0112147
0.0111822
0.0111511
0.0111225
0.0110976
0.0110772
0.0110621
0.0110529
0.0110499
0.0110531
0.0110626
0.0110779
0.0110984
0.0111235
0.0111521
0.0111833
0.0112159
0.0112485
0.0112799
0.011309
0.0113345
0.0113555
0.0113711
0.011371
0.0113735
0.01137
0.0113605
0.0113454
0.0113254
0.0113013
0.0112739
0.0112445
0.011214
0.0111838
0.0111549
0.0111285
0.0111055
0.0110867
0.011073
0.0110648
0.0110623
0.0110657
0.0110749
0.0110895
0.011109
0.0111326
0.0111596
0.0111887
0.0112191
0.0112495
0.0112787
0.0113056
0.0113291
0.0113483
0.0113625
0.0113605
0.0113622
0.0113583
0.011349
0.0113346
0.0113157
0.0112932
0.0112677
0.0112405
0.0112124
0.0111847
0.0111583
0.0111343
0.0111135
0.0110967
0.0110846
0.0110776
0.011076
0.0110797
0.0110888
0.0111028
0.0111212
0.0111433
0.0111684
0.0111954
0.0112234
0.0112513
0.011278
0.0113024
0.0113236
0.0113408
0.0113532
0.0113533
0.0113542
0.0113498
0.0113404
0.0113263
0.0113081
0.0112864
0.0112622
0.0112364
0.01121
0.0111841
0.0111595
0.0111372
0.0111182
0.011103
0.0110922
0.0110863
0.0110854
0.0110897
0.0110989
0.0111126
0.0111305
0.0111518
0.0111757
0.0112013
0.0112276
0.0112538
0.0112786
0.0113012
0.0113206
0.0113362
0.0113472
0.0113513
0.0113514
0.0113464
0.0113364
0.011322
0.0113035
0.0112819
0.0112579
0.0112325
0.0112066
0.0111813
0.0111575
0.0111361
0.011118
0.0111037
0.0110938
0.0110888
0.0110887
0.0110936
0.0111033
0.0111174
0.0111355
0.0111568
0.0111805
0.0112058
0.0112317
0.0112571
0.0112812
0.0113029
0.0113214
0.011336
0.0113461
0.0113555
0.0113547
0.0113486
0.0113375
0.0113218
0.0113022
0.0112794
0.0112543
0.0112279
0.0112012
0.0111753
0.0111511
0.0111296
0.0111115
0.0110975
0.0110882
0.0110838
0.0110847
0.0110906
0.0111014
0.0111168
0.011136
0.0111585
0.0111833
0.0112096
0.0112363
0.0112623
0.0112868
0.0113087
0.0113272
0.0113415
0.0113511
0.0113611
0.0113589
0.0113514
0.0113386
0.0113212
0.0112999
0.0112754
0.0112489
0.0112212
0.0111934
0.0111667
0.0111421
0.0111203
0.0111024
0.0110889
0.0110804
0.0110771
0.0110792
0.0110865
0.0110989
0.0111159
0.0111368
0.0111609
0.0111872
0.0112148
0.0112426
0.0112695
0.0112945
0.0113166
0.011335
0.0113489
0.0113577
0.0113603
0.0113569
0.0113482
0.0113344
0.0113161
0.0112941
0.0112692
0.0112425
0.0112148
0.0111874
0.0111612
0.0111372
0.0111164
0.0110995
0.0110871
0.0110798
0.0110777
0.0110809
0.0110894
0.0111027
0.0111206
0.0111421
0.0111666
0.0111932
0.0112208
0.0112484
0.0112748
0.0112992
0.0113205
0.0113378
0.0113505
0.0113581
0.0113461
0.0113427
0.0113345
0.0113219
0.0113053
0.0112854
0.0112631
0.0112391
0.0112144
0.0111899
0.0111667
0.0111455
0.0111271
0.0111123
0.0111017
0.0110954
0.011094
0.0110973
0.0111052
0.0111175
0.0111337
0.0111532
0.0111753
0.0111992
0.0112238
0.0112484
0.0112719
0.0112934
0.0113121
0.0113273
0.0113382
0.0113446
0.0113226
0.0113211
0.0113158
0.0113068
0.0112946
0.0112795
0.0112622
0.0112433
0.0112237
0.011204
0.011185
0.0111674
0.0111519
0.011139
0.0111294
0.0111232
0.0111208
0.0111222
0.0111274
0.0111361
0.0111482
0.011163
0.0111801
0.0111989
0.0112185
0.0112382
0.0112574
0.0112751
0.0112909
0.0113039
0.0113138
0.0113201
0.0113005
0.0113024
0.0113013
0.0112972
0.0112902
0.0112805
0.0112687
0.0112551
0.0112402
0.0112247
0.0112092
0.0111942
0.0111803
0.011168
0.0111578
0.0111502
0.0111453
0.0111433
0.0111444
0.0111485
0.0111554
0.0111649
0.0111766
0.0111901
0.0112048
0.0112203
0.0112358
0.0112509
0.011265
0.0112774
0.0112877
0.0112955
0.0112851
0.01129
0.0112923
0.011292
0.011289
0.0112835
0.0112757
0.0112658
0.0112543
0.0112416
0.0112282
0.0112147
0.0112014
0.0111891
0.011178
0.0111687
0.0111614
0.0111566
0.0111543
0.0111546
0.0111575
0.011163
0.0111707
0.0111805
0.0111919
0.0112045
0.0112179
0.0112314
0.0112447
0.0112572
0.0112683
0.0112777
0.0112787
0.0112849
0.0112887
0.01129
0.0112887
0.0112848
0.0112786
0.0112703
0.0112601
0.0112485
0.011236
0.011223
0.01121
0.0111975
0.0111861
0.011176
0.0111678
0.0111617
0.011158
0.0111567
0.011158
0.0111618
0.0111679
0.0111762
0.0111863
0.0111978
0.0112102
0.0112232
0.0112362
0.0112488
0.0112603
0.0112704
0.0112773
0.0112819
0.0112843
0.0112844
0.0112821
0.0112775
0.0112708
0.0112623
0.0112523
0.0112413
0.0112295
0.0112175
0.0112058
0.0111947
0.0111848
0.0111763
0.0111697
0.0111651
0.0111627
0.0111627
0.0111649
0.0111694
0.011176
0.0111844
0.0111943
0.0112053
0.0112171
0.0112291
0.0112408
0.011252
0.011262
0.0112705
0.0112721
0.0112719
0.0112698
0.011266
0.0112605
0.0112536
0.0112456
0.0112367
0.0112274
0.0112179
0.0112087
0.0112001
0.0111924
0.0111858
0.0111808
0.0111773
0.0111757
0.0111759
0.0111779
0.0111816
0.011187
0.0111938
0.0112017
0.0112105
0.0112198
0.0112293
0.0112386
0.0112474
0.0112552
0.0112618
0.011267
0.0112705
0.0112535
0.011246
0.0112377
0.0112288
0.0112197
0.0112108
0.0112025
0.011195
0.0111886
0.0111836
0.0111801
0.0111783
0.0111782
0.0111798
0.0111831
0.011188
0.0111942
0.0112015
0.0112096
0.0112184
0.0112273
0.0112362
0.0112445
0.0112522
0.0112587
0.0112639
0.0112676
0.0112696
0.0112698
0.0112682
0.0112648
0.0112599
0.0112186
0.0112046
0.0111913
0.0111792
0.0111689
0.0111606
0.0111548
0.0111515
0.011151
0.0111533
0.0111582
0.0111655
0.011175
0.0111863
0.011199
0.0112126
0.0112267
0.0112405
0.0112538
0.0112658
0.0112763
0.0112847
0.0112907
0.0112942
0.0112949
0.0112928
0.011288
0.0112806
0.011271
0.0112596
0.0112467
0.0112328
0.0111763
0.0111596
0.0111452
0.0111337
0.0111256
0.0111212
0.0111206
0.0111239
0.0111308
0.0111412
0.0111546
0.0111706
0.0111885
0.0112077
0.0112274
0.0112469
0.0112655
0.0112824
0.011297
0.0113086
0.011317
0.0113216
0.0113224
0.0113192
0.0113122
0.0113017
0.0112881
0.0112719
0.0112538
0.0112344
0.0112145
0.0111949
0.0111419
0.0111256
0.0111129
0.0111043
0.0111001
0.0111005
0.0111054
0.0111147
0.0111279
0.0111447
0.0111644
0.0111863
0.0112094
0.011233
0.0112562
0.0112779
0.0112975
0.0113141
0.0113271
0.011336
0.0113403
0.01134
0.011335
0.0113255
0.0113119
0.0112948
0.0112748
0.0112528
0.0112295
0.0112058
0.0111828
0.0111612
0.0111342
0.0111195
0.0111087
0.0111021
0.0111
0.0111024
0.0111093
0.0111205
0.0111354
0.0111536
0.0111743
0.0111968
0.0112203
0.0112438
0.0112664
0.0112873
0.0113055
0.0113205
0.0113316
0.0113384
0.0113405
0.011338
0.0113309
0.0113195
0.0113042
0.0112857
0.0112647
0.011242
0.0112185
0.0111951
0.0111727
0.0111521
0.0111578
0.0111454
0.0111359
0.0111298
0.0111271
0.011128
0.0111325
0.0111404
0.0111515
0.0111652
0.0111811
0.0111985
0.0112169
0.0112355
0.0112535
0.0112704
0.0112854
0.011298
0.0113076
0.0113139
0.0113166
0.0113157
0.0113111
0.011303
0.0112918
0.0112779
0.0112619
0.0112443
0.0112259
0.0112073
0.0111893
0.0111726
0.0111845
0.0111741
0.0111657
0.0111594
0.0111556
0.0111544
0.0111558
0.0111597
0.0111662
0.0111748
0.0111852
0.0111972
0.0112101
0.0112236
0.011237
0.0112499
0.0112618
0.0112723
0.0112808
0.0112872
0.011291
0.0112923
0.0112909
0.0112868
0.0112804
0.0112717
0.0112612
0.0112492
0.0112362
0.0112227
0.0112092
0.0111963
0.011181
0.0111717
0.0111644
0.0111593
0.0111567
0.0111567
0.0111592
0.0111642
0.0111715
0.0111808
0.0111917
0.0112038
0.0112167
0.0112298
0.0112427
0.0112549
0.0112659
0.0112753
0.0112827
0.0112878
0.0112904
0.0112905
0.011288
0.011283
0.0112757
0.0112664
0.0112554
0.0112433
0.0112303
0.0112171
0.0112042
0.011192
0.0111496
0.0111396
0.0111329
0.0111296
0.0111298
0.0111336
0.0111408
0.0111511
0.0111642
0.0111794
0.0111963
0.0112143
0.0112325
0.0112503
0.0112671
0.0112821
0.0112949
0.0113048
0.0113116
0.011315
0.0113148
0.011311
0.0113038
0.0112934
0.0112803
0.011265
0.0112481
0.0112301
0.0112119
0.011194
0.0111773
0.0111623
0.0111178
0.0111047
0.0110961
0.0110922
0.0110931
0.0110989
0.0111093
0.011124
0.0111423
0.0111637
0.0111872
0.011212
0.0112372
0.0112617
0.0112846
0.0113051
0.0113222
0.0113354
0.0113441
0.0113481
0.011347
0.0113411
0.0113305
0.0113156
0.0112971
0.0112756
0.011252
0.0112271
0.0112021
0.0111777
0.011155
0.0111348
0.0110978
0.0110799
0.0110672
0.0110602
0.0110592
0.0110642
0.011075
0.0110913
0.0111124
0.0111375
0.0111658
0.011196
0.0112271
0.0112579
0.0112872
0.0113138
0.0113367
0.011355
0.011368
0.0113751
0.011376
0.0113708
0.0113597
0.011343
0.0113215
0.011296
0.0112675
0.0112372
0.0112061
0.0111755
0.0111465
0.0111203
0.0110827
0.0110614
0.0110459
0.0110368
0.0110345
0.0110391
0.0110503
0.0110678
0.0110909
0.0111188
0.0111504
0.0111845
0.0112199
0.0112552
0.011289
0.01132
0.011347
0.0113689
0.0113849
0.0113943
0.0113967
0.011392
0.0113804
0.0113624
0.0113387
0.0113103
0.0112782
0.0112437
0.0112082
0.0111731
0.0111396
0.0111091
0.0110638
0.0110419
0.0110264
0.011018
0.011017
0.0110234
0.0110371
0.0110573
0.0110836
0.0111148
0.0111498
0.0111874
0.011226
0.0112642
0.0113005
0.0113336
0.011362
0.0113847
0.0114008
0.0114095
0.0114106
0.0114039
0.0113898
0.0113688
0.0113418
0.0113099
0.0112743
0.0112364
0.0111977
0.0111598
0.0111239
0.0110915
0.0110513
0.0110295
0.0110146
0.0110071
0.0110074
0.0110154
0.0110309
0.0110532
0.0110816
0.011115
0.0111522
0.0111918
0.0112323
0.0112721
0.0113097
0.0113436
0.0113724
0.011395
0.0114105
0.0114183
0.0114179
0.0114095
0.0113934
0.0113702
0.011341
0.0113067
0.011269
0.0112291
0.0111887
0.0111492
0.0111123
0.0110793
0.0110595
0.0110372
0.0110215
0.0110131
0.0110122
0.0110188
0.0110328
0.0110535
0.0110804
0.0111123
0.0111482
0.0111866
0.0112261
0.0112652
0.0113023
0.0113361
0.0113651
0.0113882
0.0114045
0.0114133
0.0114142
0.0114072
0.0113926
0.0113709
0.0113432
0.0113104
0.011274
0.0112353
0.0111958
0.0111571
0.0111205
0.0110876
0.0110827
0.0110598
0.0110427
0.0110322
0.0110285
0.0110319
0.0110422
0.011059
0.0110817
0.0111095
0.0111413
0.011176
0.0112123
0.0112488
0.011284
0.0113166
0.0113453
0.0113689
0.0113866
0.0113975
0.0114013
0.0113978
0.0113871
0.0113696
0.0113462
0.0113176
0.0112852
0.01125
0.0112136
0.0111774
0.0111426
0.0111106
0.0111036
0.0110812
0.0110639
0.0110524
0.0110471
0.0110482
0.0110557
0.0110692
0.0110884
0.0111124
0.0111405
0.0111715
0.0112043
0.0112376
0.0112701
0.0113007
0.0113281
0.0113511
0.011369
0.0113809
0.0113863
0.0113852
0.0113775
0.0113634
0.0113437
0.011319
0.0112905
0.0112591
0.0112261
0.0111928
0.0111605
0.0111304
0.0111126
0.0110919
0.011076
0.0110655
0.0110607
0.011062
0.0110691
0.0110819
0.0110998
0.0111223
0.0111484
0.0111773
0.0112077
0.0112386
0.0112687
0.011297
0.0113222
0.0113434
0.0113597
0.0113705
0.0113754
0.0113742
0.0113668
0.0113536
0.0113352
0.0113123
0.0112857
0.0112565
0.011226
0.0111951
0.0111652
0.0111373
0.0111086
0.011089
0.0110743
0.0110651
0.0110618
0.0110643
0.0110727
0.0110867
0.0111057
0.0111289
0.0111557
0.0111848
0.0112153
0.0112459
0.0112755
0.011303
0.0113272
0.0113472
0.0113622
0.0113716
0.0113751
0.0113724
0.0113638
0.0113494
0.0113301
0.0113064
0.0112793
0.0112499
0.0112194
0.0111888
0.0111594
0.0111323
0.0110927
0.011071
0.0110548
0.0110448
0.0110413
0.0110445
0.0110542
0.0110701
0.0110915
0.0111178
0.0111479
0.0111806
0.0112148
0.0112491
0.0112822
0.0113127
0.0113396
0.0113617
0.0113782
0.0113884
0.0113919
0.0113886
0.0113786
0.0113623
0.0113404
0.0113137
0.0112833
0.0112504
0.0112162
0.011182
0.0111493
0.0111191
0.0110694
0.0110422
0.0110215
0.011008
0.0110023
0.0110044
0.0110145
0.011032
0.0110565
0.0110868
0.011122
0.0111607
0.0112015
0.0112427
0.0112828
0.0113203
0.0113536
0.0113814
0.0114027
0.0114165
0.0114224
0.01142
0.0114096
0.0113914
0.0113663
0.0113353
0.0112995
0.0112605
0.0112196
0.0111785
0.0111388
0.011102
0.0110508
0.0110184
0.0109931
0.0109759
0.0109675
0.0109681
0.0109776
0.0109959
0.0110221
0.0110554
0.0110946
0.0111381
0.0111844
0.0112317
0.0112782
0.0113221
0.0113617
0.0113953
0.0114216
0.0114395
0.0114483
0.0114477
0.0114376
0.0114185
0.0113912
0.0113567
0.0113166
0.0112723
0.0112256
0.0111783
0.0111323
0.0110893
0.0110506
0.0110172
0.0109911
0.010973
0.0109638
0.0109637
0.0109726
0.0109904
0.0110164
0.0110495
0.0110887
0.0111325
0.0111792
0.0112272
0.0112745
0.0113193
0.0113599
0.0113946
0.011422
0.011441
0.0114507
0.0114509
0.0114414
0.0114227
0.0113956
0.0113611
0.0113207
0.0112759
0.0112287
0.0111807
0.0111339
0.01109
0.0110667
0.011037
0.0110139
0.0109982
0.0109905
0.0109911
0.0109999
0.0110167
0.0110407
0.0110712
0.0111071
0.0111469
0.0111893
0.0112326
0.0112752
0.0113153
0.0113515
0.0113822
0.0114063
0.0114227
0.0114308
0.0114302
0.0114209
0.0114034
0.0113784
0.0113468
0.01131
0.0112694
0.0112266
0.0111834
0.0111412
0.0111018
0.0110857
0.0110604
0.011041
0.0110281
0.0110222
0.0110236
0.0110322
0.0110476
0.0110694
0.0110967
0.0111285
0.0111637
0.0112009
0.0112386
0.0112755
0.0113101
0.0113411
0.0113671
0.0113873
0.0114006
0.0114067
0.0114052
0.0113963
0.0113802
0.0113577
0.0113297
0.0112972
0.0112615
0.0112242
0.0111865
0.0111499
0.0111159
0.0111012
0.0110769
0.011058
0.0110451
0.0110386
0.0110388
0.0110457
0.0110591
0.0110784
0.011103
0.0111319
0.0111641
0.0111983
0.0112333
0.0112677
0.0113001
0.0113293
0.0113542
0.0113737
0.011387
0.0113937
0.0113934
0.0113862
0.0113724
0.0113525
0.0113272
0.0112978
0.0112652
0.0112308
0.0111958
0.0111618
0.0111298
0.011116
0.0110895
0.0110678
0.0110518
0.0110419
0.0110386
0.0110421
0.0110521
0.0110683
0.0110901
0.0111168
0.0111473
0.0111804
0.011215
0.0112497
0.0112832
0.0113141
0.0113412
0.0113635
0.0113801
0.0113903
0.0113936
0.01139
0.0113796
0.0113628
0.0113404
0.0113131
0.0112821
0.0112487
0.011214
0.0111795
0.0111464
0.0111296
0.0111007
0.0110762
0.0110571
0.0110439
0.0110373
0.0110374
0.0110443
0.0110576
0.0110769
0.0111015
0.0111305
0.0111628
0.0111971
0.0112323
0.0112668
0.0112995
0.011329
0.0113541
0.0113738
0.0113874
0.0113943
0.0113942
0.0113872
0.0113734
0.0113535
0.0113282
0.0112986
0.0112659
0.0112313
0.0111961
0.0111618
0.0111319
0.011103
0.0110785
0.0110592
0.0110459
0.011039
0.0110388
0.0110453
0.0110582
0.0110771
0.0111013
0.0111298
0.0111617
0.0111957
0.0112305
0.0112649
0.0112974
0.0113268
0.011352
0.0113719
0.0113857
0.0113929
0.0113933
0.0113866
0.0113733
0.0113539
0.011329
0.0112999
0.0112675
0.0112332
0.0111982
0.011164
0.0111172
0.0110902
0.011068
0.0110515
0.0110412
0.0110375
0.0110405
0.0110502
0.0110661
0.0110877
0.0111142
0.0111446
0.0111777
0.0112124
0.0112473
0.011281
0.0113122
0.0113398
0.0113626
0.0113798
0.0113905
0.0113944
0.0113914
0.0113815
0.0113651
0.0113429
0.0113158
0.0112848
0.0112512
0.0112163
0.0111815
0.011148
0.011096
0.0110708
0.0110512
0.0110377
0.011031
0.0110312
0.0110384
0.0110522
0.0110723
0.0110977
0.0111276
0.011161
0.0111964
0.0112326
0.0112683
0.0113019
0.0113322
0.0113581
0.0113784
0.0113923
0.0113993
0.0113992
0.0113918
0.0113775
0.0113569
0.0113307
0.0113002
0.0112663
0.0112306
0.0111943
0.0111589
0.0111257
0.011087
0.0110626
0.011044
0.0110319
0.0110266
0.0110285
0.0110374
0.0110529
0.0110746
0.0111017
0.0111331
0.0111676
0.011204
0.0112409
0.0112769
0.0113105
0.0113404
0.0113655
0.0113847
0.0113973
0.0114028
0.0114008
0.0113916
0.0113755
0.0113531
0.0113253
0.0112933
0.0112583
0.0112217
0.0111848
0.0111492
0.0111162
0.0110976
0.0110736
0.011055
0.0110425
0.0110365
0.0110373
0.0110448
0.0110587
0.0110786
0.0111037
0.0111331
0.0111657
0.0112002
0.0112354
0.0112699
0.0113024
0.0113315
0.0113562
0.0113754
0.0113884
0.0113946
0.0113938
0.011386
0.0113716
0.0113511
0.0113253
0.0112953
0.0112622
0.0112275
0.0111923
0.0111581
0.0111261
0.0111141
0.0110911
0.011073
0.0110604
0.0110537
0.0110531
0.0110588
0.0110704
0.0110876
0.0111098
0.011136
0.0111653
0.0111967
0.0112289
0.0112607
0.0112909
0.0113183
0.0113418
0.0113604
0.0113735
0.0113805
0.0113811
0.0113752
0.0113632
0.0113455
0.0113229
0.0112961
0.0112663
0.0112347
0.0112024
0.0111708
0.0111409
0.0111203
0.0110997
0.0110836
0.0110727
0.0110673
0.0110676
0.0110736
0.0110851
0.0111016
0.0111226
0.0111473
0.0111746
0.0112037
0.0112334
0.0112626
0.0112901
0.0113149
0.0113359
0.0113524
0.0113637
0.0113693
0.011369
0.0113629
0.0113511
0.0113341
0.0113127
0.0112876
0.0112598
0.0112305
0.0112008
0.0111718
0.0111446
0.0111175
0.0111001
0.0110872
0.0110793
0.0110768
0.0110796
0.0110877
0.0111008
0.0111183
0.0111398
0.0111642
0.0111908
0.0112185
0.0112463
0.0112731
0.0112978
0.0113195
0.0113373
0.0113505
0.0113586
0.0113613
0.0113584
0.0113501
0.0113367
0.0113187
0.0112969
0.011272
0.0112452
0.0112174
0.0111897
0.0111631
0.0111387
0.0111181
0.0111035
0.0110934
0.011088
0.0110876
0.0110923
0.0111017
0.0111157
0.0111336
0.0111548
0.0111786
0.0112039
0.0112298
0.0112555
0.0112797
0.0113017
0.0113205
0.0113354
0.0113458
0.0113514
0.0113517
0.011347
0.0113373
0.011323
0.0113047
0.0112831
0.0112591
0.0112337
0.0112077
0.0111822
0.0111582
0.0111365
0.0111278
0.0111155
0.0111072
0.0111031
0.0111036
0.0111085
0.0111176
0.0111307
0.0111472
0.0111666
0.011188
0.0112107
0.0112338
0.0112564
0.0112777
0.0112968
0.011313
0.0113256
0.0113341
0.0113383
0.0113378
0.0113328
0.0113234
0.0113101
0.0112933
0.0112737
0.0112521
0.0112293
0.0112062
0.0111837
0.0111626
0.0111437
0.0111394
0.0111294
0.0111229
0.0111202
0.0111214
0.0111263
0.011135
0.0111469
0.0111617
0.0111788
0.0111975
0.0112172
0.0112371
0.0112564
0.0112744
0.0112904
0.0113038
0.011314
0.0113206
0.0113233
0.0113222
0.0113171
0.0113084
0.0112962
0.0112813
0.011264
0.0112451
0.0112253
0.0112054
0.0111862
0.0111683
0.0111525
0.0111409
0.0111337
0.0111299
0.0111295
0.0111327
0.0111393
0.0111491
0.0111617
0.0111766
0.0111932
0.011211
0.0112292
0.0112472
0.0112642
0.0112797
0.0112929
0.0113034
0.0113108
0.0113147
0.0113151
0.0113119
0.0113052
0.0112953
0.0112825
0.0112675
0.0112507
0.0112328
0.0112145
0.0111966
0.0111796
0.0111644
0.0111513
0.0111324
0.0111287
0.0111285
0.0111319
0.0111388
0.0111488
0.0111616
0.0111768
0.0111937
0.0112117
0.0112301
0.0112483
0.0112654
0.011281
0.0112942
0.0113047
0.011312
0.0113158
0.011316
0.0113126
0.0113057
0.0112955
0.0112825
0.0112671
0.0112501
0.0112319
0.0112135
0.0111953
0.0111783
0.0111629
0.0111498
0.0111395
0.0111223
0.011123
0.0111274
0.0111354
0.0111467
0.0111609
0.0111774
0.0111957
0.0112149
0.0112345
0.0112535
0.0112714
0.0112874
0.0113009
0.0113113
0.0113183
0.0113216
0.0113209
0.0113164
0.0113083
0.0112968
0.0112824
0.0112657
0.0112473
0.0112279
0.0112084
0.0111893
0.0111716
0.0111558
0.0111425
0.0111323
0.0111254
0.0111139
0.0111187
0.0111275
0.0111398
0.0111552
0.0111732
0.011193
0.0112139
0.0112352
0.0112559
0.0112754
0.0112927
0.0113074
0.0113187
0.0113263
0.0113298
0.0113291
0.0113242
0.0113153
0.0113028
0.0112871
0.011269
0.011249
0.0112279
0.0112067
0.011186
0.0111667
0.0111495
0.0111351
0.011124
0.0111166
0.0111132
0.0111039
0.0111114
0.0111231
0.0111385
0.0111571
0.0111781
0.0112008
0.0112243
0.0112476
0.01127
0.0112904
0.0113082
0.0113227
0.0113331
0.0113393
0.0113408
0.0113377
0.01133
0.0113181
0.0113025
0.0112837
0.0112625
0.0112397
0.0112162
0.0111929
0.0111707
0.0111504
0.0111328
0.0111187
0.0111084
0.0111024
0.0111009
0.0110886
0.011098
0.011112
0.0111301
0.0111516
0.0111758
0.0112017
0.0112283
0.0112546
0.0112796
0.0113023
0.0113218
0.0113374
0.0113485
0.0113545
0.0113553
0.0113509
0.0113413
0.0113271
0.0113087
0.0112868
0.0112624
0.0112363
0.0112097
0.0111835
0.0111586
0.0111362
0.011117
0.0111017
0.0110909
0.011085
0.0110842
0.0110706
0.011083
0.0111005
0.0111225
0.0111481
0.0111765
0.0112065
0.0112369
0.0112667
0.0112946
0.0113197
0.0113408
0.0113572
0.0113682
0.0113734
0.0113726
0.0113657
0.0113531
0.0113352
0.0113128
0.0112867
0.011258
0.0112278
0.0111973
0.0111676
0.0111399
0.0111152
0.0110945
0.0110785
0.0110678
0.0110629
0.0110638
0.011056
0.0110739
0.0110973
0.0111252
0.0111565
0.0111901
0.0112248
0.0112592
0.011292
0.011322
0.0113478
0.0113687
0.0113836
0.0113919
0.0113935
0.011388
0.0113759
0.0113575
0.0113336
0.0113051
0.0112732
0.0112391
0.0112042
0.0111697
0.0111372
0.0111077
0.0110824
0.0110622
0.0110479
0.0110399
0.0110386
0.0110441
0.0110504
0.0110759
0.0111065
0.0111412
0.0111787
0.0112176
0.0112565
0.0112937
0.011328
0.0113578
0.0113821
0.0113999
0.0114104
0.0114132
0.0114081
0.0113954
0.0113756
0.0113494
0.0113179
0.0112824
0.0112443
0.0112051
0.0111663
0.0111293
0.0110957
0.0110666
0.0110431
0.0110261
0.0110162
0.0110137
0.0110188
0.0110312
0.0110574
0.0110897
0.0111267
0.0111669
0.0112089
0.011251
0.0112918
0.0113295
0.0113627
0.0113901
0.0114105
0.0114231
0.0114273
0.0114231
0.0114105
0.0113901
0.0113627
0.0113293
0.0112915
0.0112506
0.0112083
0.0111661
0.0111258
0.0110889
0.0110567
0.0110303
0.0110109
0.0109989
0.010995
0.0109992
0.0110113
0.011031
0.0110799
0.0111154
0.0111546
0.0111961
0.0112382
0.0112794
0.011318
0.0113526
0.0113817
0.0114041
0.011419
0.0114257
0.0114239
0.0114137
0.0113956
0.0113703
0.0113387
0.0113023
0.0112624
0.0112206
0.0111785
0.0111378
0.0111
0.0110664
0.0110384
0.0110169
0.0110028
0.0109964
0.0109981
0.0110078
0.0110251
0.0110495
0.0111149
0.0111478
0.0111832
0.01122
0.0112565
0.0112915
0.0113235
0.0113514
0.0113739
0.0113901
0.0113995
0.0114015
0.0113962
0.0113838
0.0113647
0.0113397
0.01131
0.0112765
0.0112407
0.011204
0.0111677
0.0111333
0.011102
0.0110749
0.0110532
0.0110376
0.0110286
0.0110265
0.0110316
0.0110435
0.0110618
0.0110859
0.0111486
0.0111735
0.0112002
0.0112276
0.0112547
0.0112804
0.0113038
0.0113239
0.0113399
0.0113511
0.0113573
0.011358
0.0113533
0.0113433
0.0113285
0.0113095
0.0112869
0.0112617
0.0112349
0.0112075
0.0111806
0.0111552
0.0111322
0.0111125
0.0110968
0.0110858
0.0110798
0.0110791
0.0110836
0.0110933
0.0111078
0.0111264
0.0111657
0.0111809
0.0111977
0.0112155
0.0112335
0.0112511
0.0112676
0.0112824
0.0112948
0.0113044
0.0113109
0.0113139
0.0113133
0.0113092
0.0113017
0.0112911
0.0112779
0.0112625
0.0112455
0.0112276
0.0112096
0.011192
0.0111756
0.011161
0.0111488
0.0111393
0.011133
0.0111301
0.0111307
0.0111348
0.0111422
0.0111526
0.0111626
0.01117
0.0111795
0.0111906
0.011203
0.0112161
0.0112296
0.0112429
0.0112554
0.0112666
0.0112763
0.0112838
0.011289
0.0112917
0.0112917
0.011289
0.0112838
0.0112763
0.0112667
0.0112554
0.011243
0.0112297
0.0112163
0.0112031
0.0111907
0.0111796
0.0111701
0.0111627
0.0111576
0.011155
0.011155
0.0111575
0.0111492
0.0111508
0.0111552
0.0111622
0.0111716
0.0111829
0.0111957
0.0112097
0.0112241
0.0112385
0.0112524
0.0112651
0.0112762
0.0112852
0.0112918
0.0112958
0.0112969
0.0112952
0.0112907
0.0112835
0.0112741
0.0112626
0.0112497
0.0112358
0.0112214
0.011207
0.0111933
0.0111807
0.0111698
0.0111608
0.0111543
0.0111503
0.0111405
0.0111369
0.0111366
0.0111395
0.0111456
0.0111547
0.0111663
0.0111801
0.0111955
0.011212
0.0112289
0.0112456
0.0112613
0.0112756
0.0112879
0.0112976
0.0113044
0.011308
0.0113083
0.0113053
0.011299
0.0112898
0.011278
0.011264
0.0112485
0.011232
0.0112151
0.0111986
0.0111829
0.0111688
0.0111567
0.0111472
0.0111458
0.0111373
0.011132
0.0111301
0.0111318
0.0111368
0.0111452
0.0111564
0.0111702
0.011186
0.0112031
0.0112211
0.0112391
0.0112564
0.0112725
0.0112866
0.0112983
0.011307
0.0113123
0.0113142
0.0113125
0.0113073
0.0112988
0.0112873
0.0112733
0.0112574
0.0112401
0.0112221
0.0112042
0.011187
0.0111711
0.0111572
0.0111618
0.0111495
0.01114
0.0111337
0.0111306
0.0111311
0.011135
0.0111423
0.0111526
0.0111656
0.0111807
0.0111975
0.0112152
0.0112332
0.0112508
0.0112673
0.0112821
0.0112946
0.0113043
0.0113108
0.0113139
0.0113134
0.0113094
0.011302
0.0112914
0.0112783
0.0112629
0.0112461
0.0112283
0.0112103
0.0111928
0.0111764
0.0111747
0.0111602
0.011148
0.0111387
0.0111326
0.0111299
0.0111307
0.011135
0.0111427
0.0111533
0.0111667
0.0111821
0.0111991
0.011217
0.0112352
0.0112528
0.0112693
0.011284
0.0112964
0.0113058
0.0113121
0.0113149
0.011314
0.0113097
0.0113019
0.0112911
0.0112776
0.011262
0.0112448
0.0112268
0.0112087
0.0111911
0.0111651
0.0111496
0.0111369
0.0111274
0.0111216
0.0111196
0.0111215
0.0111272
0.0111365
0.0111491
0.0111644
0.011182
0.0112011
0.0112209
0.0112409
0.0112601
0.0112779
0.0112936
0.0113065
0.0113162
0.0113222
0.0113243
0.0113225
0.0113168
0.0113073
0.0112946
0.0112791
0.0112613
0.011242
0.011222
0.011202
0.0111828
0.0111289
0.0111134
0.011102
0.0110951
0.011093
0.0110957
0.0111031
0.011115
0.0111309
0.0111502
0.0111721
0.0111959
0.0112206
0.0112454
0.0112692
0.0112911
0.0113103
0.0113261
0.0113378
0.011345
0.0113473
0.0113447
0.0113373
0.0113253
0.0113092
0.0112896
0.0112674
0.0112433
0.0112184
0.0111936
0.0111698
0.0111479
0.0110882
0.0110729
0.011063
0.011059
0.011061
0.0110689
0.0110825
0.0111012
0.0111243
0.011151
0.0111802
0.0112109
0.0112419
0.011272
0.0113001
0.011325
0.0113457
0.0113615
0.0113717
0.0113758
0.0113738
0.0113657
0.0113519
0.0113328
0.0113092
0.0112821
0.0112525
0.0112216
0.0111906
0.0111607
0.011133
0.0111085
0.0110711
0.0110549
0.0110447
0.0110411
0.011044
0.0110534
0.0110689
0.01109
0.011116
0.0111457
0.0111782
0.0112122
0.0112464
0.0112795
0.0113102
0.0113372
0.0113596
0.0113764
0.0113868
0.0113906
0.0113875
0.0113777
0.0113616
0.0113398
0.0113133
0.011283
0.0112501
0.011216
0.011182
0.0111493
0.0111192
0.0110928
0.0110866
0.0110683
0.0110555
0.0110488
0.0110485
0.0110544
0.0110665
0.0110842
0.011107
0.011134
0.0111641
0.0111963
0.0112294
0.011262
0.0112929
0.0113209
0.0113449
0.0113639
0.0113771
0.011384
0.0113844
0.0113781
0.0113656
0.0113472
0.0113237
0.0112962
0.0112655
0.0112331
0.0112
0.0111677
0.0111373
0.0111099
0.0111175
0.0110971
0.0110813
0.0110707
0.0110656
0.0110663
0.0110727
0.0110846
0.0111016
0.011123
0.011148
0.0111757
0.0112051
0.011235
0.0112644
0.011292
0.0113167
0.0113377
0.011354
0.011365
0.0113702
0.0113695
0.0113629
0.0113505
0.0113331
0.0113111
0.0112856
0.0112575
0.0112279
0.011198
0.0111689
0.0111417
0.0111459
0.0111254
0.0111084
0.0110957
0.0110876
0.0110846
0.0110866
0.0110937
0.0111055
0.0111217
0.0111416
0.0111645
0.0111895
0.0112157
0.0112421
0.0112677
0.0112914
0.0113124
0.0113298
0.0113429
0.0113512
0.0113543
0.0113522
0.0113449
0.0113327
0.0113161
0.0112958
0.0112725
0.0112472
0.0112209
0.0111946
0.0111693
0.0111713
0.0111524
0.0111361
0.0111231
0.0111138
0.0111086
0.0111077
0.011111
0.0111185
0.0111299
0.0111448
0.0111625
0.0111826
0.0112041
0.0112263
0.0112484
0.0112694
0.0112885
0.0113051
0.0113184
0.0113279
0.0113333
0.0113343
0.0113308
0.0113231
0.0113114
0.0112962
0.0112782
0.0112579
0.0112362
0.011214
0.0111921
0.0111982
0.0111809
0.0111652
0.0111516
0.0111408
0.011133
0.0111287
0.0111278
0.0111306
0.0111368
0.0111463
0.0111587
0.0111735
0.0111902
0.0112082
0.0112267
0.011245
0.0112625
0.0112784
0.0112922
0.0113032
0.0113112
0.0113156
0.0113164
0.0113136
0.0113072
0.0112975
0.0112849
0.0112698
0.011253
0.011235
0.0112165
0.0112213
0.011204
0.0111874
0.0111722
0.0111589
0.011148
0.01114
0.0111351
0.0111335
0.0111354
0.0111405
0.0111487
0.0111598
0.0111733
0.0111886
0.0112053
0.0112227
0.01124
0.0112567
0.0112721
0.0112856
0.0112966
0.0113048
0.0113097
0.0113113
0.0113094
0.0113042
0.0112958
0.0112845
0.0112709
0.0112554
0.0112386
0.0112286
0.0112111
0.0111941
0.0111782
0.0111639
0.011152
0.0111427
0.0111364
0.0111334
0.0111338
0.0111376
0.0111446
0.0111546
0.0111671
0.0111818
0.0111981
0.0112152
0.0112327
0.0112498
0.0112659
0.0112803
0.0112924
0.0113019
0.0113082
0.0113113
0.0113109
0.011307
0.0112999
0.0112898
0.011277
0.0112622
0.0112458
0.011218
0.0112015
0.0111858
0.0111716
0.0111593
0.0111494
0.0111423
0.0111383
0.0111375
0.0111399
0.0111454
0.0111539
0.011165
0.0111783
0.0111933
0.0112095
0.0112261
0.0112427
0.0112584
0.0112728
0.0112853
0.0112953
0.0113026
0.0113067
0.0113075
0.0113051
0.0112994
0.0112908
0.0112795
0.011266
0.0112509
0.0112346
0.0111998
0.0111859
0.0111734
0.0111628
0.0111544
0.0111487
0.0111458
0.0111459
0.0111488
0.0111546
0.011163
0.0111737
0.0111862
0.0112002
0.011215
0.0112302
0.0112451
0.0112592
0.0112718
0.0112826
0.0112911
0.0112969
0.0112999
0.0112998
0.0112968
0.0112909
0.0112824
0.0112715
0.0112588
0.0112447
0.0112298
0.0112147
0.0111841
0.0111745
0.0111667
0.0111611
0.0111578
0.0111571
0.0111588
0.011163
0.0111695
0.0111781
0.0111884
0.0112
0.0112125
0.0112255
0.0112384
0.0112507
0.011262
0.0112717
0.0112796
0.0112854
0.0112887
0.0112894
0.0112876
0.0112833
0.0112767
0.011268
0.0112576
0.0112458
0.0112332
0.0112203
0.0112074
0.0111952
0.0111753
0.0111713
0.0111693
0.0111694
0.0111716
0.0111758
0.0111817
0.0111893
0.0111982
0.0112081
0.0112185
0.0112292
0.0112397
0.0112496
0.0112585
0.011266
0.0112719
0.0112759
0.0112779
0.0112778
0.0112756
0.0112714
0.0112653
0.0112576
0.0112486
0.0112387
0.0112281
0.0112175
0.011207
0.0111972
0.0111885
0.011181
0.0111804
0.0111813
0.0111839
0.011188
0.0111935
0.0112001
0.0112077
0.0112159
0.0112243
0.0112328
0.0112409
0.0112484
0.011255
0.0112603
0.0112642
0.0112666
0.0112673
0.0112663
0.0112637
0.0112596
0.011254
0.0112473
0.0112398
0.0112316
0.0112231
0.0112146
0.0112065
0.0111991
0.0111926
0.0111873
0.0111834
0.0111811
0.0112093
0.0112114
0.011214
0.011217
0.0112204
0.0112239
0.0112274
0.0112308
0.011234
0.0112368
0.0112391
0.0112408
0.0112419
0.0112423
0.0112421
0.0112412
0.0112396
0.0112375
0.0112349
0.011232
0.0112287
0.0112253
0.0112219
0.0112185
0.0112154
0.0112126
0.0112103
0.0112085
0.0112073
0.0112068
0.0112069
0.0112078
0.0112617
0.0112626
0.0112621
0.0112602
0.0112568
0.0112522
0.0112466
0.0112401
0.0112329
0.0112253
0.0112177
0.0112102
0.0112033
0.0111971
0.0111919
0.011188
0.0111854
0.0111844
0.0111849
0.0111869
0.0111904
0.0111951
0.011201
0.0112078
0.0112152
0.0112228
0.0112305
0.0112379
0.0112447
0.0112507
0.0112556
0.0112593
0.0113226
0.0113294
0.0113321
0.0113306
0.0113249
0.0113154
0.0113024
0.0112864
0.011268
0.0112479
0.0112268
0.0112056
0.0111849
0.0111655
0.0111483
0.0111337
0.0111225
0.0111151
0.0111118
0.0111127
0.0111178
0.0111271
0.01114
0.0111563
0.0111751
0.0111958
0.0112175
0.0112394
0.0112606
0.0112803
0.0112976
0.0113119
0.0113528
0.0113781
0.0113966
0.0114077
0.011411
0.0114065
0.0113944
0.0113755
0.0113503
0.01132
0.0112856
0.0112484
0.0112098
0.0111711
0.0111338
0.0110992
0.0110686
0.0110431
0.0110238
0.0110115
0.0110066
0.0110094
0.01102
0.011038
0.0110627
0.0110932
0.0111284
0.0111669
0.0112071
0.0112474
0.0112862
0.0113218
0.0113306
0.0113876
0.011437
0.0114768
0.0115052
0.0115212
0.0115242
0.0115142
0.0114915
0.0114572
0.0114127
0.0113599
0.0113008
0.0112378
0.0111731
0.0111094
0.0110488
0.0109938
0.0109461
0.0109077
0.0108799
0.0108637
0.0108598
0.0108684
0.0108891
0.0109214
0.0109641
0.0110156
0.0110741
0.0111373
0.0112028
0.0112681
0.0112998
0.0113583
0.0114105
0.0114543
0.0114877
0.0115096
0.011519
0.0115155
0.0114995
0.0114717
0.0114333
0.0113859
0.0113313
0.0112718
0.0112097
0.0111472
0.0110866
0.0110303
0.0109802
0.0109381
0.0109056
0.0108839
0.0108739
0.0108759
0.0108899
0.0109155
0.0109518
0.0109976
0.0110511
0.0111105
0.0111733
0.0112373
0.0112121
0.0113035
0.0113898
0.0114674
0.0115331
0.0115843
0.0116188
0.011635
0.0116325
0.0116112
0.0115722
0.0115172
0.0114485
0.011369
0.0112819
0.0111907
0.0110987
0.0110095
0.0109264
0.0108524
0.01079
0.0107417
0.010709
0.0106931
0.0106947
0.0107138
0.0107496
0.010801
0.0108662
0.0109429
0.0110283
0.0111192
0.011194
0.0112752
0.0113531
0.0114245
0.0114864
0.0115362
0.0115717
0.0115912
0.0115938
0.0115795
0.0115488
0.0115031
0.0114446
0.0113757
0.0112993
0.0112186
0.0111367
0.0110569
0.0109819
0.0109145
0.0108571
0.0108117
0.0107798
0.0107624
0.0107601
0.0107731
0.0108008
0.0108424
0.0108964
0.010961
0.0110339
0.0111125
)
;
    }
    wall
    {
        type            calculated;
        value           uniform 0;
    }
}


// ************************************************************************* //
