/*--------------------------------*- C++ -*----------------------------------*\
| =========                 |                                                 |
| \\      /  F ield         | OpenFOAM: The Open Source CFD Toolbox           |
|  \\    /   O peration     | Version:  2512                                  |
|   \\  /    A nd           | Website:  www.openfoam.com                      |
|    \\/     M anipulation  |                                                 |
\*---------------------------------------------------------------------------*/
FoamFile
{
    version     2.0;
    format      ascii;
    arch        "LSB;label=32;scalar=64";
    class       volScalarField;
    location    "0.506";
    object      magU;
}
// * * * * * * * * * * * * * * * * * * * * * * * * * * * * * * * * * * * * * //

dimensions      [0 1 -1 0 0 0 0];

internalField   nonuniform List<scalar> 
20352
(
0.000173615
0.000173303
0.000172935
0.000172524
0.000172087
0.000171641
0.000171202
0.000170788
0.000170414
0.000170094
0.000169841
0.000169664
0.00016957
0.000169562
0.000169641
0.000169803
0.000170043
0.00017035
0.000170715
0.000171123
0.000171558
0.000172004
0.000172443
0.00017286
0.000173237
0.00017356
0.000173817
0.000173997
0.000174093
0.000174101
0.000174022
0.000173858
0.000193277
0.000192759
0.000192138
0.000191439
0.000190689
0.000189917
0.000189153
0.000188425
0.000187762
0.000187187
0.000186723
0.000186387
0.00018619
0.000186142
0.000186242
0.000186487
0.000186869
0.000187373
0.000187981
0.00018867
0.000189414
0.000190186
0.000190955
0.000191692
0.000192367
0.000192955
0.000193432
0.000193778
0.00019398
0.000194029
0.000193925
0.000193671
0.000186603
0.000186033
0.000185339
0.000184548
0.000183693
0.000182806
0.000181922
0.000181075
0.000180296
0.000179614
0.000179054
0.000178636
0.000178375
0.000178281
0.000178357
0.0001786
0.000179002
0.000179548
0.000180219
0.00018099
0.000181833
0.000182716
0.000183606
0.000184468
0.000185268
0.000185975
0.000186559
0.000186996
0.000187269
0.000187366
0.000187284
0.000187026
9.54147e-05
9.50957e-05
9.46967e-05
9.42344e-05
9.37278e-05
9.3197e-05
9.26628e-05
9.21454e-05
9.16639e-05
9.12359e-05
9.08766e-05
9.05987e-05
9.04116e-05
9.03218e-05
9.03321e-05
9.04424e-05
9.06489e-05
9.09446e-05
9.13195e-05
9.17606e-05
9.22522e-05
9.27763e-05
9.33135e-05
9.38427e-05
9.43431e-05
9.47942e-05
9.51774e-05
9.54764e-05
9.56786e-05
9.57752e-05
9.57621e-05
9.56401e-05
0.000173787
0.000173381
0.000172927
0.000172441
0.000171944
0.000171453
0.000170988
0.000170568
0.000170208
0.000169921
0.000169719
0.000169608
0.000169593
0.000169673
0.000169847
0.000170107
0.000170444
0.000170844
0.000171293
0.000171773
0.000172267
0.000172755
0.000173219
0.000173642
0.000174008
0.0001743
0.000174509
0.000174625
0.000174643
0.000174564
0.00017439
0.000174127
0.000193258
0.000192541
0.000191733
0.000190867
0.000189974
0.000189091
0.00018825
0.000187484
0.000186821
0.000186287
0.0001859
0.000185676
0.000185622
0.00018574
0.000186027
0.00018647
0.000187055
0.000187758
0.000188554
0.000189413
0.000190302
0.000191187
0.000192035
0.000192812
0.000193489
0.000194037
0.000194436
0.000194668
0.000194725
0.000194604
0.000194311
0.000193856
0.00018665
0.000185799
0.000184832
0.000183789
0.000182709
0.000181635
0.000180608
0.000179666
0.000178844
0.000178173
0.000177676
0.000177372
0.00017727
0.000177376
0.000177683
0.000178182
0.000178854
0.000179675
0.000180616
0.00018164
0.000182711
0.000183787
0.000184828
0.000185793
0.000186643
0.000187344
0.000187867
0.000188191
0.000188301
0.000188193
0.000187872
0.00018735
9.56863e-05
9.51475e-05
9.45267e-05
9.38498e-05
9.31442e-05
9.24376e-05
9.17572e-05
9.11283e-05
9.05736e-05
9.01129e-05
8.97618e-05
8.95322e-05
8.94315e-05
8.94628e-05
8.96249e-05
8.99121e-05
9.03144e-05
9.08183e-05
9.1406e-05
9.20571e-05
9.2748e-05
9.3453e-05
9.41454e-05
9.4798e-05
9.53845e-05
9.58803e-05
9.62644e-05
9.65199e-05
9.66353e-05
9.66055e-05
9.64314e-05
9.61205e-05
0.000172924
0.000172455
0.000171976
0.000171506
0.000171062
0.000170662
0.00017032
0.000170051
0.000169862
0.000169762
0.000169753
0.000169837
0.000170009
0.000170264
0.000170591
0.000170979
0.000171413
0.000171876
0.000172351
0.00017282
0.000173265
0.000173669
0.000174017
0.000174294
0.000174489
0.000174595
0.000174607
0.000174524
0.00017435
0.000174091
0.000173758
0.000173364
0.000191463
0.000190606
0.000189736
0.000188885
0.000188086
0.000187369
0.000186759
0.000186279
0.000185947
0.000185774
0.000185767
0.000185927
0.000186247
0.000186717
0.000187318
0.000188031
0.000188826
0.000189676
0.000190548
0.000191407
0.000192221
0.000192958
0.000193588
0.000194086
0.000194432
0.000194612
0.000194618
0.000194449
0.000194114
0.000193625
0.000193003
0.000192272
0.000184224
0.000183175
0.000182115
0.000181084
0.00018012
0.000179259
0.000178531
0.000177962
0.000177572
0.000177374
0.000177376
0.000177578
0.000177973
0.000178549
0.000179284
0.000180153
0.000181125
0.000182163
0.000183229
0.00018428
0.000185276
0.000186177
0.000186945
0.00018755
0.000187965
0.000188174
0.000188167
0.000187944
0.000187517
0.000186902
0.000186126
0.000185221
9.38488e-05
9.31592e-05
9.24687e-05
9.18035e-05
9.11876e-05
9.06425e-05
9.01868e-05
8.98355e-05
8.96002e-05
8.94886e-05
8.95043e-05
8.96471e-05
8.99127e-05
9.02929e-05
9.07753e-05
9.13439e-05
9.19787e-05
9.26571e-05
9.33537e-05
9.40414e-05
9.46929e-05
9.52811e-05
9.5781e-05
9.61709e-05
9.64333e-05
9.65565e-05
9.65349e-05
9.63696e-05
9.60682e-05
9.56447e-05
9.51179e-05
9.45107e-05
0.000172621
0.000172129
0.000171642
0.000171177
0.000170755
0.000170389
0.000170094
0.000169881
0.000169756
0.000169726
0.000169789
0.000169945
0.000170187
0.000170506
0.00017089
0.000171324
0.000171793
0.000172279
0.000172763
0.000173226
0.000173653
0.000174026
0.000174329
0.000174552
0.000174684
0.00017472
0.000174658
0.000174502
0.000174256
0.000173932
0.00017354
0.000173097
0.000190743
0.000189817
0.000188907
0.000188048
0.000187272
0.000186609
0.000186082
0.00018571
0.000185507
0.00018548
0.000185631
0.000185953
0.000186436
0.000187062
0.000187808
0.000188646
0.000189545
0.000190471
0.000191388
0.00019226
0.000193054
0.000193738
0.000194284
0.00019467
0.000194882
0.000194909
0.000194752
0.000194416
0.000193914
0.000193268
0.000192504
0.000191651
0.000183221
0.000182042
0.000180896
0.000179825
0.000178867
0.000178059
0.000177427
0.000176993
0.000176774
0.000176776
0.000177
0.000177438
0.000178076
0.000178891
0.000179854
0.000180932
0.000182083
0.000183265
0.000184432
0.000185538
0.000186538
0.000187393
0.000188066
0.000188529
0.000188763
0.000188757
0.000188513
0.00018804
0.000187358
0.000186498
0.000185494
0.000184387
9.31316e-05
9.23144e-05
9.15304e-05
9.08079e-05
9.0172e-05
8.9644e-05
8.92411e-05
8.89762e-05
8.88575e-05
8.88891e-05
8.90701e-05
8.93951e-05
8.98541e-05
9.04324e-05
9.11108e-05
9.18661e-05
9.26713e-05
9.34965e-05
9.43096e-05
9.50779e-05
9.57693e-05
9.63542e-05
9.68066e-05
9.71062e-05
9.72393e-05
9.71999e-05
9.69898e-05
9.66191e-05
9.61045e-05
9.54694e-05
9.47413e-05
9.39512e-05
0.000172578
0.000172237
0.000171904
0.000171591
0.000171309
0.000171069
0.000170879
0.000170746
0.000170675
0.000170668
0.000170725
0.000170845
0.000171022
0.00017125
0.000171521
0.000171824
0.000172149
0.000172483
0.000172814
0.000173131
0.00017342
0.00017367
0.000173869
0.000174011
0.00017409
0.000174101
0.000174045
0.000173923
0.00017374
0.000173504
0.000173224
0.000172911
0.000190385
0.000189736
0.000189108
0.000188525
0.000188008
0.000187577
0.000187247
0.00018703
0.000186934
0.000186963
0.000187115
0.000187386
0.000187765
0.000188239
0.000188791
0.000189399
0.000190041
0.000190693
0.000191328
0.000191923
0.000192454
0.0001929
0.000193242
0.000193467
0.000193566
0.000193534
0.000193374
0.000193091
0.000192698
0.00019221
0.000191646
0.00019103
0.000182556
0.000181714
0.000180913
0.000180183
0.00017955
0.000179037
0.000178661
0.000178436
0.00017837
0.000178466
0.00017872
0.000179124
0.000179663
0.00018032
0.000181071
0.000181887
0.000182739
0.000183594
0.000184418
0.000185178
0.000185844
0.000186387
0.000186786
0.000187023
0.000187089
0.000186982
0.000186705
0.000186271
0.000185699
0.000185012
0.000184238
0.000183408
9.25205e-05
9.19235e-05
9.13697e-05
9.08786e-05
9.04668e-05
9.0148e-05
8.99326e-05
8.98275e-05
8.98361e-05
8.99583e-05
9.01905e-05
9.05254e-05
9.09524e-05
9.1457e-05
9.2022e-05
9.2627e-05
9.32496e-05
9.38658e-05
9.44508e-05
9.49804e-05
9.5432e-05
9.5786e-05
9.60266e-05
9.6143e-05
9.61301e-05
9.59886e-05
9.57251e-05
9.53516e-05
9.48849e-05
9.43451e-05
9.37551e-05
9.31388e-05
0.00017323
0.000173153
0.00017305
0.000172925
0.000172782
0.000172626
0.000172463
0.000172298
0.000172138
0.000171988
0.000171854
0.000171742
0.000171656
0.000171598
0.000171573
0.00017158
0.000171621
0.000171694
0.000171797
0.000171926
0.000172077
0.000172241
0.000172412
0.000172584
0.00017275
0.000172902
0.000173036
0.000173145
0.000173227
0.000173277
0.000173294
0.000173278
0.00019164
0.000191509
0.00019133
0.00019111
0.000190856
0.000190578
0.000190287
0.000189994
0.00018971
0.000189446
0.000189213
0.000189021
0.000188877
0.000188786
0.000188753
0.000188779
0.000188862
0.000188999
0.000189185
0.000189411
0.00018967
0.000189951
0.000190242
0.000190532
0.000190812
0.000191069
0.000191295
0.000191481
0.000191621
0.000191709
0.000191742
0.000191719
0.000184235
0.00018407
0.000183853
0.000183589
0.000183289
0.000182964
0.000182625
0.000182286
0.00018196
0.000181661
0.000181401
0.000181191
0.000181039
0.000180953
0.000180934
0.000180985
0.000181103
0.000181282
0.000181515
0.000181791
0.0001821
0.00018243
0.000182766
0.000183098
0.000183411
0.000183696
0.000183941
0.000184138
0.00018428
0.000184363
0.000184383
0.00018434
9.37965e-05
9.36857e-05
9.35449e-05
9.33788e-05
9.31932e-05
9.29948e-05
9.2791e-05
9.25899e-05
9.23996e-05
9.22279e-05
9.20821e-05
9.19685e-05
9.18919e-05
9.18556e-05
9.18611e-05
9.19081e-05
9.19945e-05
9.21163e-05
9.22684e-05
9.24443e-05
9.26366e-05
9.28375e-05
9.30393e-05
9.32342e-05
9.34151e-05
9.35756e-05
9.37101e-05
9.38141e-05
9.38841e-05
9.3918e-05
9.39144e-05
9.38736e-05
0.000173797
0.000173945
0.000174032
0.000174056
0.000174016
0.000173913
0.00017375
0.000173533
0.00017327
0.000172971
0.000172647
0.000172311
0.000171976
0.000171655
0.000171361
0.000171104
0.000170895
0.000170743
0.000170654
0.000170631
0.000170676
0.000170786
0.000170956
0.000171179
0.000171447
0.000171749
0.000172074
0.000172408
0.00017274
0.000173056
0.000173345
0.000173595
0.000193037
0.000193362
0.000193566
0.00019364
0.000193581
0.000193391
0.000193077
0.000192652
0.000192133
0.00019154
0.000190898
0.000190231
0.000189565
0.000188926
0.000188338
0.000187823
0.000187401
0.000187087
0.000186892
0.000186824
0.000186885
0.000187072
0.000187379
0.000187793
0.0001883
0.000188882
0.000189515
0.000190176
0.00019084
0.000191483
0.000192078
0.000192603
0.000186354
0.000186814
0.000187113
0.000187238
0.000187183
0.00018695
0.000186549
0.000185997
0.000185316
0.000184535
0.000183686
0.000182802
0.000181918
0.000181069
0.000180286
0.000179598
0.00017903
0.000178601
0.000178327
0.000178217
0.000178274
0.000178496
0.000178876
0.000179399
0.000180047
0.000180797
0.000181622
0.000182491
0.000183372
0.000184231
0.000185036
0.000185753
9.55737e-05
9.59398e-05
9.61875e-05
9.63051e-05
9.62869e-05
9.61336e-05
9.58518e-05
9.54542e-05
9.49585e-05
9.43863e-05
9.37619e-05
9.31112e-05
9.24598e-05
9.18327e-05
9.12531e-05
9.07415e-05
9.03155e-05
8.99891e-05
8.97728e-05
8.96733e-05
8.96936e-05
8.98329e-05
9.00864e-05
9.04458e-05
9.08994e-05
9.14319e-05
9.2025e-05
9.26577e-05
9.3307e-05
9.39482e-05
9.4556e-05
9.51056e-05
0.000173563
0.000173753
0.000173886
0.000173958
0.000173968
0.000173915
0.000173801
0.000173629
0.000173406
0.000173141
0.000172842
0.000172521
0.000172192
0.000171865
0.000171554
0.000171272
0.000171028
0.000170832
0.000170692
0.000170615
0.000170603
0.000170657
0.000170776
0.000170954
0.000171183
0.000171454
0.000171758
0.000172081
0.000172412
0.000172738
0.000173046
0.000173325
0.000192745
0.000193159
0.000193459
0.000193632
0.000193671
0.000193575
0.000193346
0.000192996
0.000192537
0.000191988
0.000191371
0.000190711
0.000190032
0.000189362
0.000188725
0.000188145
0.000187645
0.000187243
0.000186953
0.000186787
0.00018675
0.000186844
0.000187064
0.000187404
0.00018785
0.000188387
0.000188993
0.000189647
0.000190324
0.000190997
0.000191642
0.000192232
0.000186147
0.00018674
0.000187175
0.000187434
0.000187505
0.000187386
0.000187081
0.000186604
0.000185975
0.00018522
0.000184371
0.000183461
0.000182527
0.000181605
0.00018073
0.000179934
0.000179245
0.000178689
0.000178285
0.000178046
0.000177981
0.000178092
0.000178375
0.00017882
0.000179412
0.00018013
0.000180949
0.000181839
0.000182766
0.000183696
0.000184593
0.000185421
9.55412e-05
9.60165e-05
9.63713e-05
9.65892e-05
9.66601e-05
9.65807e-05
9.63546e-05
9.59925e-05
9.55109e-05
9.49314e-05
9.42792e-05
9.35818e-05
9.28672e-05
9.21634e-05
9.14964e-05
9.08903e-05
9.03659e-05
8.99405e-05
8.96281e-05
8.94383e-05
8.93771e-05
8.94462e-05
8.96437e-05
8.99632e-05
9.03947e-05
9.09242e-05
9.15342e-05
9.22035e-05
9.29084e-05
9.36225e-05
9.43179e-05
9.49666e-05
0.00017263
0.000172675
0.000172707
0.000172724
0.000172728
0.000172717
0.000172694
0.000172658
0.000172611
0.000172555
0.000172489
0.000172418
0.000172343
0.000172266
0.000172192
0.000172123
0.000172061
0.000172009
0.00017197
0.000171944
0.000171934
0.000171941
0.000171965
0.000172005
0.000172059
0.000172124
0.000172197
0.000172275
0.000172354
0.000172433
0.000172507
0.000172573
0.000190815
0.000190933
0.000191023
0.000191082
0.000191106
0.000191096
0.000191051
0.000190973
0.000190867
0.000190735
0.000190585
0.000190421
0.000190251
0.000190082
0.000189919
0.000189769
0.000189637
0.000189528
0.000189445
0.000189392
0.000189369
0.000189378
0.000189419
0.00018949
0.000189589
0.000189712
0.000189855
0.000190013
0.000190181
0.000190351
0.000190518
0.000190675
0.000183555
0.000183743
0.000183891
0.000183991
0.000184038
0.000184031
0.00018397
0.000183857
0.000183699
0.000183502
0.000183275
0.000183028
0.000182771
0.000182515
0.000182268
0.000182041
0.00018184
0.000181672
0.000181544
0.000181457
0.000181416
0.000181421
0.000181472
0.000181568
0.000181706
0.000181882
0.00018209
0.000182324
0.000182574
0.000182833
0.00018309
0.000183334
9.35983e-05
9.37601e-05
9.38889e-05
9.39787e-05
9.40254e-05
9.40269e-05
9.39831e-05
9.38964e-05
9.37709e-05
9.36124e-05
9.34283e-05
9.32264e-05
9.30153e-05
9.28032e-05
9.25981e-05
9.24075e-05
9.22379e-05
9.20947e-05
9.19825e-05
9.19046e-05
9.18635e-05
9.18605e-05
9.18956e-05
9.1968e-05
9.20757e-05
9.22156e-05
9.23832e-05
9.25731e-05
9.27786e-05
9.29923e-05
9.32059e-05
9.34108e-05
0.000171563
0.000171413
0.000171297
0.00017122
0.000171184
0.000171193
0.000171247
0.000171342
0.000171475
0.000171641
0.000171831
0.00017204
0.000172258
0.000172477
0.000172689
0.000172886
0.000173059
0.000173203
0.000173312
0.000173383
0.000173412
0.0001734
0.000173348
0.000173257
0.00017313
0.000172972
0.000172788
0.000172585
0.00017237
0.000172153
0.000171941
0.000171741
0.000188666
0.000188377
0.000188158
0.000188018
0.00018796
0.000187987
0.000188099
0.00018829
0.000188555
0.000188883
0.000189262
0.000189678
0.000190116
0.000190559
0.00019099
0.000191392
0.00019175
0.000192048
0.000192275
0.000192422
0.000192483
0.000192454
0.000192338
0.000192139
0.000191865
0.000191528
0.00019114
0.000190717
0.000190276
0.000189834
0.000189408
0.000189014
0.00018062
0.000180247
0.000179968
0.000179791
0.000179723
0.000179765
0.000179917
0.000180173
0.000180525
0.000180959
0.000181461
0.000182013
0.000182594
0.000183183
0.000183757
0.000184294
0.000184771
0.000185169
0.00018547
0.000185663
0.000185739
0.000185693
0.00018553
0.000185254
0.000184879
0.000184419
0.000183895
0.000183327
0.000182738
0.000182152
0.00018159
0.000181073
9.13722e-05
9.11041e-05
9.09049e-05
9.07811e-05
9.07366e-05
9.07726e-05
9.0888e-05
9.1079e-05
9.13394e-05
9.16605e-05
9.20316e-05
9.24396e-05
9.287e-05
9.33067e-05
9.37327e-05
9.41312e-05
9.44855e-05
9.47804e-05
9.50029e-05
9.51432e-05
9.51947e-05
9.51551e-05
9.50262e-05
9.48137e-05
9.45271e-05
9.41792e-05
9.37847e-05
9.33603e-05
9.2923e-05
9.24898e-05
9.20773e-05
9.17003e-05
0.000171225
0.000171001
0.000170827
0.00017071
0.000170654
0.000170662
0.000170733
0.000170863
0.000171047
0.000171279
0.000171548
0.000171845
0.000172157
0.000172474
0.000172783
0.000173071
0.000173329
0.000173547
0.000173716
0.000173831
0.000173887
0.000173883
0.000173818
0.000173695
0.000173516
0.000173289
0.000173023
0.000172728
0.000172415
0.000172096
0.000171783
0.000171489
0.000187943
0.000187492
0.000187145
0.000186914
0.000186807
0.000186828
0.000186977
0.000187248
0.000187632
0.000188113
0.000188674
0.000189295
0.000189951
0.000190619
0.000191271
0.000191884
0.000192432
0.000192895
0.000193252
0.000193491
0.000193602
0.000193579
0.000193425
0.000193145
0.00019275
0.000192257
0.000191685
0.000191056
0.000190396
0.00018973
0.000189083
0.00018848
0.000179524
0.000178914
0.000178448
0.000178142
0.000178006
0.000178045
0.000178259
0.000178639
0.000179172
0.000179841
0.00018062
0.000181483
0.000182397
0.000183328
0.00018424
0.000185097
0.000185865
0.000186511
0.000187009
0.000187337
0.000187482
0.000187438
0.000187207
0.000186798
0.000186229
0.000185525
0.000184714
0.000183829
0.000182905
0.000181979
0.000181085
0.000180257
9.04588e-05
9.00027e-05
8.96577e-05
8.94347e-05
8.93406e-05
8.93785e-05
8.95471e-05
8.98414e-05
9.0252e-05
9.07658e-05
9.13658e-05
9.20315e-05
9.27393e-05
9.34629e-05
9.41744e-05
9.48451e-05
9.5447e-05
9.5954e-05
9.63435e-05
9.65977e-05
9.6705e-05
9.66603e-05
9.64659e-05
9.61308e-05
9.56705e-05
9.51058e-05
9.44614e-05
9.37645e-05
9.30435e-05
9.23268e-05
9.1641e-05
9.10111e-05
0.000172067
0.00017196
0.00017187
0.000171801
0.000171755
0.000171733
0.000171735
0.00017176
0.000171808
0.000171876
0.000171962
0.000172062
0.000172173
0.00017229
0.000172409
0.000172526
0.000172637
0.000172738
0.000172826
0.000172899
0.000172952
0.000172983
0.00017299
0.000172972
0.000172931
0.000172866
0.000172781
0.000172679
0.000172563
0.000172439
0.000172312
0.000172186
0.000189486
0.000189263
0.000189078
0.000188936
0.000188842
0.0001888
0.000188812
0.000188877
0.000188993
0.000189157
0.000189362
0.000189602
0.000189867
0.000190147
0.000190432
0.00019071
0.00019097
0.000191202
0.000191396
0.000191544
0.00019164
0.000191681
0.000191664
0.000191591
0.000191465
0.000191292
0.000191078
0.000190833
0.000190566
0.000190287
0.000190007
0.000189737
0.000181447
0.000181128
0.000180867
0.000180673
0.000180554
0.000180514
0.000180553
0.000180673
0.000180868
0.000181134
0.000181461
0.000181837
0.00018225
0.000182684
0.000183122
0.000183546
0.000183938
0.000184283
0.000184565
0.000184773
0.000184897
0.000184932
0.000184878
0.000184737
0.000184516
0.000184225
0.000183877
0.000183486
0.000183069
0.00018264
0.000182217
0.000181815
9.17839e-05
9.15281e-05
9.13246e-05
9.11799e-05
9.10988e-05
9.10841e-05
9.11364e-05
9.12546e-05
9.14352e-05
9.16727e-05
9.19593e-05
9.22854e-05
9.26394e-05
9.30083e-05
9.33776e-05
9.37327e-05
9.40584e-05
9.43409e-05
9.45677e-05
9.47285e-05
9.48161e-05
9.48269e-05
9.47606e-05
9.46207e-05
9.44139e-05
9.41498e-05
9.384e-05
9.34979e-05
9.31373e-05
9.27724e-05
9.24168e-05
9.20835e-05
0.00017342
0.000173527
0.000173592
0.000173611
0.000173583
0.000173508
0.000173389
0.000173229
0.000173036
0.000172816
0.000172577
0.000172329
0.000172082
0.000171845
0.000171627
0.000171437
0.000171282
0.00017117
0.000171105
0.00017109
0.000171125
0.000171207
0.000171334
0.000171499
0.000171697
0.00017192
0.000172158
0.000172404
0.000172647
0.000172878
0.000173089
0.000173272
0.000192275
0.000192494
0.000192623
0.000192659
0.000192599
0.000192446
0.000192206
0.000191888
0.000191506
0.000191075
0.000190613
0.000190139
0.000189669
0.000189224
0.000188818
0.000188468
0.000188185
0.00018798
0.000187861
0.00018783
0.00018789
0.000188038
0.000188267
0.000188571
0.000188938
0.000189355
0.000189807
0.000190276
0.000190746
0.000191198
0.000191614
0.000191978
0.00018528
0.00018556
0.000185727
0.000185773
0.000185695
0.000185497
0.000185187
0.000184779
0.00018429
0.00018374
0.000183154
0.000182555
0.000181966
0.000181409
0.000180906
0.000180474
0.000180127
0.000179878
0.000179733
0.000179698
0.000179774
0.000179957
0.000180242
0.000180618
0.000181073
0.000181591
0.000182155
0.000182743
0.000183335
0.000183906
0.000184435
0.0001849
9.47202e-05
9.49182e-05
9.50366e-05
9.50695e-05
9.50151e-05
9.48755e-05
9.46571e-05
9.43699e-05
9.40267e-05
9.36427e-05
9.32344e-05
9.28183e-05
9.24111e-05
9.20278e-05
9.16825e-05
9.13868e-05
9.11504e-05
9.09808e-05
9.08829e-05
9.08594e-05
9.09109e-05
9.10355e-05
9.12292e-05
9.14858e-05
9.1797e-05
9.21526e-05
9.25406e-05
9.29473e-05
9.33575e-05
9.37557e-05
9.41257e-05
9.4452e-05
0.000174062
0.000174302
0.000174464
0.000174542
0.000174535
0.000174442
0.000174266
0.000174014
0.000173695
0.000173321
0.000172906
0.000172467
0.000172019
0.000171581
0.000171169
0.0001708
0.000170486
0.000170242
0.000170075
0.000169994
0.000170001
0.000170097
0.000170278
0.000170535
0.000170859
0.000171236
0.000171654
0.000172095
0.000172542
0.000172978
0.000173387
0.000173753
0.000193789
0.000194288
0.000194627
0.000194792
0.000194777
0.000194582
0.000194215
0.000193691
0.000193031
0.000192263
0.000191416
0.000190525
0.000189623
0.000188745
0.000187925
0.000187192
0.000186575
0.000186095
0.000185771
0.000185613
0.000185627
0.000185814
0.000186166
0.000186671
0.000187309
0.000188058
0.00018889
0.000189774
0.000190677
0.000191563
0.000192398
0.00019315
0.000187557
0.00018824
0.000188705
0.000188932
0.00018891
0.00018864
0.000188135
0.000187417
0.000186515
0.000185469
0.000184321
0.000183118
0.000181908
0.000180735
0.000179644
0.000178674
0.00017786
0.000177229
0.000176804
0.000176598
0.000176618
0.000176864
0.000177328
0.000177993
0.000178837
0.000179831
0.000180939
0.000182121
0.000183334
0.000184529
0.000185662
0.000186685
9.66136e-05
9.71395e-05
9.74987e-05
9.76738e-05
9.76565e-05
9.74474e-05
9.70567e-05
9.6503e-05
9.58123e-05
9.50157e-05
9.41479e-05
9.32451e-05
9.23432e-05
9.14762e-05
9.06753e-05
8.9968e-05
8.93774e-05
8.89221e-05
8.86161e-05
8.84685e-05
8.84836e-05
8.8661e-05
8.89953e-05
8.94765e-05
9.009e-05
9.0816e-05
9.16308e-05
9.25061e-05
9.34102e-05
9.43089e-05
9.5166e-05
9.59456e-05
0.000173547
0.000173737
0.000173873
0.00017395
0.000173966
0.000173921
0.000173817
0.000173659
0.000173452
0.000173203
0.000172921
0.000172617
0.000172302
0.000171989
0.000171688
0.000171413
0.000171172
0.000170977
0.000170833
0.000170748
0.000170724
0.000170765
0.000170868
0.000171029
0.000171243
0.0001715
0.000171789
0.0001721
0.00017242
0.000172736
0.000173037
0.000173311
0.000192703
0.000193108
0.000193401
0.000193568
0.000193604
0.000193508
0.000193283
0.000192938
0.000192489
0.000191953
0.000191351
0.000190708
0.000190049
0.000189398
0.00018878
0.000188219
0.000187735
0.000187346
0.000187065
0.000186903
0.000186867
0.000186957
0.00018717
0.000187498
0.000187931
0.000188451
0.000189041
0.000189678
0.000190338
0.000190995
0.000191625
0.000192202
0.000186183
0.000186754
0.000187165
0.000187398
0.000187443
0.000187299
0.000186971
0.000186475
0.000185832
0.00018507
0.000184221
0.000183318
0.000182398
0.000181495
0.000180644
0.000179875
0.000179215
0.000178688
0.000178311
0.000178097
0.000178053
0.000178181
0.000178477
0.000178931
0.000179527
0.000180246
0.000181062
0.000181945
0.000182864
0.000183783
0.000184666
0.000185477
9.56637e-05
9.61114e-05
9.64331e-05
9.66137e-05
9.66446e-05
9.65246e-05
9.62595e-05
9.58621e-05
9.5351e-05
9.47494e-05
9.40834e-05
9.3381e-05
9.26701e-05
9.19781e-05
9.13301e-05
9.07487e-05
9.02533e-05
8.986e-05
8.9581e-05
8.9425e-05
8.93966e-05
8.94969e-05
8.97228e-05
9.00678e-05
9.05211e-05
9.10685e-05
9.1692e-05
9.237e-05
9.30782e-05
9.37899e-05
9.44768e-05
9.51106e-05
0.000172149
0.000172148
0.000172158
0.000172178
0.000172207
0.000172247
0.000172295
0.000172351
0.000172413
0.000172476
0.000172539
0.000172597
0.000172649
0.000172691
0.000172723
0.000172743
0.000172751
0.000172745
0.000172727
0.000172697
0.000172657
0.00017261
0.000172557
0.000172503
0.000172448
0.000172393
0.000172341
0.000172292
0.000172248
0.000172211
0.000172181
0.00017216
0.000189759
0.000189781
0.00018982
0.000189874
0.00018994
0.000190017
0.000190102
0.000190193
0.000190285
0.000190377
0.000190466
0.000190549
0.000190622
0.000190683
0.000190729
0.000190757
0.000190767
0.000190756
0.000190725
0.000190675
0.000190606
0.000190522
0.000190427
0.000190325
0.000190219
0.000190116
0.00019002
0.000189934
0.000189863
0.000189808
0.000189773
0.000189756
0.000182202
0.000182257
0.000182327
0.000182406
0.000182492
0.000182581
0.00018267
0.000182758
0.000182842
0.000182921
0.000182994
0.000183057
0.00018311
0.000183151
0.000183177
0.000183187
0.000183177
0.000183148
0.000183098
0.000183029
0.000182942
0.000182841
0.000182731
0.000182616
0.000182503
0.000182399
0.000182307
0.000182233
0.000182181
0.000182152
0.000182147
0.000182164
9.2691e-05
9.27472e-05
9.28075e-05
9.28688e-05
9.29282e-05
9.29835e-05
9.30332e-05
9.30761e-05
9.31117e-05
9.31401e-05
9.31611e-05
9.31748e-05
9.31811e-05
9.31796e-05
9.31699e-05
9.31517e-05
9.31244e-05
9.30879e-05
9.30424e-05
9.29889e-05
9.29289e-05
9.28648e-05
9.27996e-05
9.27367e-05
9.26796e-05
9.26317e-05
9.2596e-05
9.25747e-05
9.25689e-05
9.2579e-05
9.26041e-05
9.26423e-05
0.000170676
0.000170485
0.000170364
0.000170318
0.000170349
0.000170455
0.000170635
0.000170881
0.000171184
0.000171531
0.000171909
0.000172302
0.000172696
0.000173075
0.000173424
0.00017373
0.000173981
0.000174166
0.00017428
0.000174318
0.000174279
0.000174165
0.000173981
0.000173736
0.000173437
0.000173096
0.000172726
0.00017234
0.000171952
0.000171579
0.000171233
0.000170928
0.000186893
0.000186531
0.000186307
0.00018623
0.000186303
0.000186522
0.000186881
0.000187366
0.00018796
0.000188641
0.000189384
0.000190162
0.000190943
0.0001917
0.000192401
0.000193018
0.000193528
0.000193908
0.000194144
0.000194225
0.000194148
0.000193916
0.000193539
0.000193032
0.000192417
0.000191718
0.000190963
0.000190182
0.000189405
0.000188661
0.000187978
0.000187382
0.00017832
0.000177856
0.000177574
0.000177481
0.000177582
0.000177872
0.000178342
0.000178976
0.000179752
0.000180643
0.000181618
0.000182641
0.000183674
0.000184676
0.000185608
0.000186432
0.000187113
0.000187621
0.000187935
0.000188039
0.00018793
0.000187612
0.000187099
0.000186414
0.000185585
0.000184649
0.000183643
0.000182608
0.000181584
0.000180609
0.00017972
0.000178948
8.97559e-05
8.94297e-05
8.92327e-05
8.91709e-05
8.92458e-05
8.94552e-05
8.97928e-05
9.02482e-05
9.0807e-05
9.14513e-05
9.2159e-05
9.29053e-05
9.36626e-05
9.44015e-05
9.50919e-05
9.57044e-05
9.62119e-05
9.65908e-05
9.68234e-05
9.68982e-05
9.68117e-05
9.65678e-05
9.61782e-05
9.56612e-05
9.50406e-05
9.43438e-05
9.36006e-05
9.28414e-05
9.20957e-05
9.1391e-05
9.07524e-05
9.02014e-05
0.000170413
0.000170164
0.000169993
0.000169908
0.000169913
0.000170006
0.000170184
0.000170441
0.000170764
0.000171143
0.000171563
0.000172007
0.000172458
0.000172899
0.000173313
0.000173684
0.000173998
0.000174243
0.00017441
0.000174493
0.000174489
0.000174398
0.000174223
0.000173971
0.000173651
0.000173275
0.000172858
0.000172415
0.000171964
0.000171522
0.000171106
0.000170731
0.000186421
0.000185935
0.000185608
0.000185453
0.000185475
0.000185674
0.000186042
0.000186567
0.000187228
0.000188003
0.000188863
0.000189775
0.000190704
0.000191616
0.000192475
0.000193245
0.000193897
0.000194404
0.000194745
0.000194906
0.000194881
0.00019467
0.000194283
0.000193735
0.00019305
0.000192254
0.00019138
0.000190462
0.000189535
0.000188635
0.000187796
0.000187049
0.000177536
0.000176898
0.000176476
0.000176285
0.000176332
0.000176615
0.000177125
0.000177845
0.000178751
0.000179811
0.000180989
0.000182241
0.00018352
0.000184778
0.000185963
0.000187028
0.000187929
0.000188625
0.000189088
0.000189295
0.00018924
0.000188923
0.00018836
0.000187575
0.000186603
0.000185484
0.000184266
0.000182997
0.000181727
0.000180503
0.00017937
0.00017837
8.90186e-05
8.85603e-05
8.82638e-05
8.81379e-05
8.81862e-05
8.84075e-05
8.87956e-05
8.93391e-05
9.00219e-05
9.08224e-05
9.17145e-05
9.26673e-05
9.36461e-05
9.46132e-05
9.55292e-05
9.63549e-05
9.70532e-05
9.75915e-05
9.79441e-05
9.80937e-05
9.8033e-05
9.7765e-05
9.73033e-05
9.66703e-05
9.58959e-05
9.50155e-05
9.40674e-05
9.3091e-05
9.21246e-05
9.12039e-05
9.03614e-05
8.96252e-05
0.000171916
0.00017177
0.000171647
0.00017155
0.000171483
0.000171447
0.000171444
0.000171473
0.000171533
0.000171621
0.000171734
0.000171868
0.000172018
0.000172178
0.000172342
0.000172504
0.000172659
0.000172802
0.000172926
0.000173029
0.000173104
0.000173148
0.000173159
0.000173136
0.000173081
0.000172994
0.00017288
0.000172742
0.000172587
0.000172419
0.000172247
0.000172077
0.00018927
0.00018899
0.000188755
0.000188574
0.000188453
0.000188397
0.00018841
0.00018849
0.000188636
0.000188843
0.000189105
0.000189411
0.00018975
0.000190109
0.000190473
0.000190828
0.00019116
0.000191453
0.000191697
0.000191882
0.000191999
0.000192045
0.000192019
0.000191922
0.000191759
0.000191537
0.000191267
0.000190958
0.000190622
0.000190273
0.000189923
0.000189584
0.000181162
0.00018079
0.000180489
0.000180267
0.000180133
0.000180093
0.000180149
0.000180301
0.000180546
0.000180876
0.000181281
0.000181746
0.000182254
0.000182785
0.000183318
0.000183829
0.000184298
0.000184704
0.000185029
0.000185258
0.000185383
0.0001854
0.000185309
0.000185115
0.00018483
0.000184466
0.000184038
0.000183566
0.000183067
0.000182559
0.000182061
0.00018159
9.15512e-05
9.12784e-05
9.10658e-05
9.09204e-05
9.08471e-05
9.0849e-05
9.09271e-05
9.10799e-05
9.13037e-05
9.15919e-05
9.19355e-05
9.23227e-05
9.27395e-05
9.31699e-05
9.35963e-05
9.40005e-05
9.43649e-05
9.46729e-05
9.49104e-05
9.50668e-05
9.51354e-05
9.51137e-05
9.50038e-05
9.48121e-05
9.45482e-05
9.42248e-05
9.38563e-05
9.34582e-05
9.30462e-05
9.26356e-05
9.22409e-05
9.18755e-05
0.00017394
0.000173966
0.000173929
0.000173832
0.000173676
0.000173467
0.000173213
0.000172923
0.000172609
0.000172282
0.000171954
0.000171639
0.000171349
0.000171095
0.000170886
0.000170731
0.000170637
0.000170607
0.000170643
0.000170745
0.000170907
0.000171122
0.000171382
0.000171677
0.000171996
0.000172325
0.000172652
0.000172965
0.000173251
0.0001735
0.000173703
0.000173851
0.000193374
0.000193452
0.000193403
0.000193227
0.000192932
0.000192529
0.000192036
0.000191472
0.00019086
0.000190225
0.000189592
0.000188985
0.000188428
0.000187942
0.000187543
0.000187246
0.000187061
0.000186995
0.000187049
0.000187221
0.000187505
0.000187891
0.000188363
0.000188907
0.000189501
0.000190124
0.000190752
0.000191362
0.000191931
0.000192435
0.000192854
0.000193172
0.00018674
0.000186864
0.000186821
0.000186613
0.000186248
0.00018574
0.000185114
0.000184394
0.000183613
0.000182802
0.000181994
0.000181221
0.000180511
0.000179891
0.000179381
0.000178999
0.000178757
0.000178661
0.000178714
0.000178913
0.000179252
0.000179718
0.000180297
0.000180967
0.000181707
0.00018249
0.000183288
0.00018407
0.000184806
0.000185467
0.000186025
0.000186456
9.57801e-05
9.58897e-05
9.58793e-05
9.57484e-05
9.55029e-05
9.51538e-05
9.47172e-05
9.42129e-05
9.36632e-05
9.30914e-05
9.25211e-05
9.19744e-05
9.14714e-05
9.10298e-05
9.06641e-05
9.03856e-05
9.02025e-05
9.01197e-05
9.01391e-05
9.02596e-05
9.0477e-05
9.07846e-05
9.11725e-05
9.16285e-05
9.21375e-05
9.26825e-05
9.32441e-05
9.38012e-05
9.43322e-05
9.48152e-05
9.52295e-05
9.55563e-05
0.000174936
0.000175042
0.000175039
0.000174928
0.000174715
0.000174408
0.000174019
0.000173561
0.000173052
0.000172513
0.000171962
0.000171421
0.000170912
0.000170452
0.000170061
0.000169751
0.000169537
0.000169425
0.00016942
0.000169524
0.000169733
0.00017004
0.000170431
0.000170893
0.000171406
0.000171951
0.000172507
0.000173052
0.000173566
0.000174028
0.000174419
0.000174726
0.000195472
0.000195725
0.00019576
0.000195575
0.000195177
0.000194583
0.000193818
0.000192912
0.000191903
0.00019083
0.000189734
0.00018866
0.000187646
0.000186732
0.00018595
0.000185329
0.000184891
0.000184652
0.000184619
0.000184795
0.000185174
0.000185741
0.000186477
0.000187354
0.000188341
0.0001894
0.000190493
0.000191576
0.000192609
0.00019355
0.000194362
0.000195011
0.000189704
0.000190089
0.000190179
0.00018997
0.00018947
0.000188702
0.000187699
0.000186504
0.000185169
0.000183747
0.000182296
0.000180872
0.000179529
0.000178315
0.000177273
0.000176438
0.000175839
0.000175496
0.000175419
0.000175611
0.000176065
0.000176767
0.000177693
0.000178811
0.000180083
0.000181464
0.000182901
0.000184343
0.000185732
0.000187012
0.000188131
0.000189042
9.81162e-05
9.84491e-05
9.85578e-05
9.84366e-05
9.80913e-05
9.75389e-05
9.6806e-05
9.59273e-05
9.49428e-05
9.38952e-05
9.28279e-05
9.17826e-05
9.07977e-05
8.99075e-05
8.91412e-05
8.85226e-05
8.80703e-05
8.77971e-05
8.77107e-05
8.78134e-05
8.81023e-05
8.85689e-05
8.91997e-05
8.99758e-05
9.08726e-05
9.18607e-05
9.29058e-05
9.39695e-05
9.50105e-05
9.59863e-05
9.68545e-05
9.75759e-05
0.000174618
0.000174639
0.000174572
0.000174419
0.000174188
0.000173888
0.000173531
0.000173133
0.000172706
0.000172267
0.000171832
0.000171418
0.000171039
0.000170711
0.000170445
0.000170251
0.000170138
0.000170108
0.000170165
0.000170305
0.000170525
0.000170816
0.00017117
0.000171572
0.000172005
0.000172454
0.000172899
0.000173324
0.000173712
0.000174047
0.000174316
0.000174509
0.000194563
0.000194644
0.000194551
0.000194288
0.000193865
0.000193301
0.000192616
0.000191841
0.000191004
0.00019014
0.000189282
0.000188463
0.000187714
0.000187063
0.000186534
0.000186145
0.000185911
0.000185839
0.000185932
0.000186187
0.000186593
0.000187137
0.000187799
0.000188554
0.000189374
0.00019023
0.000191087
0.000191915
0.000192679
0.000193351
0.000193903
0.000194313
0.000188369
0.000188521
0.000188441
0.000188131
0.000187605
0.000186884
0.000185999
0.000184989
0.000183894
0.000182759
0.000181629
0.000180548
0.000179556
0.00017869
0.000177979
0.000177448
0.000177114
0.000176989
0.000177075
0.000177368
0.00017786
0.000178532
0.000179362
0.000180319
0.000181372
0.000182481
0.000183605
0.000184702
0.000185728
0.000186643
0.000187409
0.000187993
9.70287e-05
9.71793e-05
9.71575e-05
9.69638e-05
9.66068e-05
9.61029e-05
9.54752e-05
9.47519e-05
9.39647e-05
9.31468e-05
9.23311e-05
9.15489e-05
9.08289e-05
9.01961e-05
8.96714e-05
8.92714e-05
8.90079e-05
8.88887e-05
8.89167e-05
8.90907e-05
8.94049e-05
8.98496e-05
9.04106e-05
9.107e-05
9.18058e-05
9.25926e-05
9.34021e-05
9.42039e-05
9.49664e-05
9.56583e-05
9.62496e-05
9.67137e-05
0.000173478
0.000173338
0.000173166
0.000172967
0.00017275
0.000172524
0.0001723
0.000172086
0.000171888
0.000171715
0.000171572
0.000171464
0.000171394
0.000171365
0.000171379
0.000171433
0.000171527
0.000171657
0.000171818
0.000172005
0.00017221
0.000172428
0.00017265
0.000172869
0.000173076
0.000173261
0.000173416
0.000173535
0.000173613
0.000173647
0.000173635
0.000173578
0.000191988
0.000191726
0.000191407
0.000191044
0.00019065
0.00019024
0.000189832
0.000189441
0.000189081
0.000188769
0.000188515
0.000188329
0.000188219
0.000188188
0.000188237
0.000188364
0.000188564
0.000188829
0.000189148
0.000189508
0.000189898
0.000190301
0.000190702
0.000191087
0.000191442
0.000191752
0.000192006
0.000192195
0.00019231
0.000192347
0.000192304
0.000192183
0.000184726
0.000184393
0.000183991
0.000183537
0.000183047
0.000182542
0.00018204
0.000181562
0.000181127
0.000180753
0.000180454
0.000180242
0.000180125
0.000180107
0.000180189
0.000180366
0.000180631
0.000180974
0.000181379
0.000181832
0.000182316
0.000182811
0.0001833
0.000183765
0.000184188
0.000184554
0.000184849
0.000185062
0.000185185
0.000185213
0.000185144
0.00018498
9.41744e-05
9.3937e-05
9.36586e-05
9.33497e-05
9.30223e-05
9.26893e-05
9.23638e-05
9.20587e-05
9.17862e-05
9.15571e-05
9.13804e-05
9.12629e-05
9.12092e-05
9.12209e-05
9.12973e-05
9.14351e-05
9.16285e-05
9.18698e-05
9.21494e-05
9.24565e-05
9.27794e-05
9.3106e-05
9.34241e-05
9.37219e-05
9.39884e-05
9.42137e-05
9.43893e-05
9.45087e-05
9.45669e-05
9.45615e-05
9.44924e-05
9.43618e-05
0.000172517
0.000172309
0.000172109
0.000171922
0.000171759
0.000171625
0.000171527
0.000171468
0.000171449
0.00017147
0.000171529
0.000171624
0.000171752
0.000171906
0.000172081
0.00017227
0.000172467
0.000172663
0.000172853
0.000173028
0.000173183
0.000173314
0.000173415
0.000173483
0.000173514
0.000173505
0.000173456
0.00017337
0.000173248
0.000173095
0.000172917
0.000172722
0.000190025
0.000189603
0.000189207
0.000188851
0.00018855
0.000188314
0.000188153
0.000188072
0.000188075
0.000188161
0.000188328
0.000188569
0.000188875
0.000189235
0.000189634
0.000190058
0.00019049
0.000190913
0.000191312
0.00019167
0.000191974
0.000192212
0.000192374
0.000192456
0.000192452
0.000192365
0.000192195
0.000191952
0.000191643
0.000191281
0.00019088
0.000190456
0.000182026
0.000181447
0.000180914
0.000180449
0.000180069
0.000179786
0.000179612
0.000179553
0.000179611
0.000179785
0.000180068
0.000180452
0.000180921
0.000181458
0.000182044
0.000182656
0.00018327
0.000183862
0.000184409
0.000184888
0.000185281
0.000185572
0.000185749
0.000185805
0.000185739
0.000185552
0.000185254
0.000184857
0.000184376
0.00018383
0.000183241
0.000182632
9.21234e-05
9.16809e-05
9.12866e-05
9.09544e-05
9.06956e-05
9.05192e-05
9.04311e-05
9.04345e-05
9.05296e-05
9.07133e-05
9.09798e-05
9.13201e-05
9.17225e-05
9.21725e-05
9.26538e-05
9.31481e-05
9.36361e-05
9.40983e-05
9.45159e-05
9.48713e-05
9.51497e-05
9.53391e-05
9.54316e-05
9.54234e-05
9.5315e-05
9.51116e-05
9.48219e-05
9.44585e-05
9.40365e-05
9.35733e-05
9.30876e-05
9.25981e-05
0.000172565
0.000172481
0.000172397
0.000172318
0.000172247
0.00017219
0.000172146
0.000172117
0.000172103
0.000172104
0.000172119
0.000172148
0.000172189
0.00017224
0.0001723
0.000172366
0.000172437
0.000172509
0.000172581
0.000172651
0.000172716
0.000172776
0.000172828
0.000172869
0.000172895
0.000172906
0.0001729
0.000172878
0.00017284
0.000172787
0.000172722
0.000172647
0.000190144
0.000189954
0.000189776
0.000189617
0.000189483
0.00018938
0.00018931
0.000189277
0.000189281
0.000189323
0.0001894
0.000189512
0.000189653
0.000189817
0.00019
0.000190194
0.000190391
0.000190584
0.000190764
0.000190926
0.000191062
0.000191168
0.000191239
0.000191272
0.000191266
0.000191222
0.000191141
0.000191026
0.000190882
0.000190716
0.000190532
0.000190339
0.000182191
0.000181895
0.000181629
0.000181403
0.000181224
0.000181099
0.000181032
0.000181026
0.00018108
0.000181195
0.000181366
0.000181587
0.00018185
0.000182147
0.000182465
0.000182793
0.000183118
0.000183427
0.000183707
0.000183946
0.000184135
0.000184265
0.000184333
0.000184334
0.000184269
0.000184141
0.000183957
0.000183723
0.00018345
0.000183148
0.000182829
0.000182506
9.22779e-05
9.20233e-05
9.18026e-05
9.16233e-05
9.14915e-05
9.14115e-05
9.1386e-05
9.14161e-05
9.15008e-05
9.16377e-05
9.18222e-05
9.20482e-05
9.2308e-05
9.25921e-05
9.28901e-05
9.31905e-05
9.34815e-05
9.37513e-05
9.39885e-05
9.41832e-05
9.43269e-05
9.44133e-05
9.44389e-05
9.44026e-05
9.43062e-05
9.41541e-05
9.3953e-05
9.37117e-05
9.34402e-05
9.31496e-05
9.28515e-05
9.25573e-05
0.00017325
0.000173419
0.000173553
0.000173647
0.000173699
0.000173708
0.000173672
0.000173591
0.000173469
0.000173309
0.000173117
0.0001729
0.000172666
0.000172424
0.000172184
0.000171954
0.000171745
0.000171564
0.000171419
0.000171317
0.000171262
0.000171257
0.000171302
0.000171394
0.000171528
0.000171699
0.0001719
0.000172122
0.000172358
0.000172597
0.000172832
0.000173052
0.000191569
0.000191886
0.000192142
0.000192324
0.000192428
0.000192447
0.000192382
0.000192234
0.00019201
0.000191718
0.000191371
0.000190982
0.000190566
0.00019014
0.00018972
0.000189322
0.000188962
0.000188653
0.000188406
0.00018823
0.000188133
0.000188116
0.000188181
0.000188325
0.000188543
0.000188827
0.000189166
0.000189547
0.000189957
0.000190381
0.000190801
0.000191203
0.000184152
0.000184531
0.000184838
0.00018506
0.000185189
0.000185217
0.000185145
0.000184974
0.000184712
0.00018437
0.000183963
0.000183508
0.000183022
0.000182525
0.000182038
0.000181577
0.000181162
0.000180805
0.00018052
0.000180317
0.000180202
0.000180179
0.000180249
0.000180409
0.000180653
0.000180973
0.000181358
0.000181794
0.000182266
0.000182756
0.000183247
0.000183718
9.37924e-05
9.40334e-05
9.42307e-05
9.43757e-05
9.44616e-05
9.44846e-05
9.44435e-05
9.43399e-05
9.41786e-05
9.39666e-05
9.37132e-05
9.34293e-05
9.31267e-05
9.28177e-05
9.25142e-05
9.22279e-05
9.19692e-05
9.17472e-05
9.15694e-05
9.14416e-05
9.13677e-05
9.13498e-05
9.13885e-05
9.14823e-05
9.16281e-05
9.18212e-05
9.20551e-05
9.23219e-05
9.26125e-05
9.29164e-05
9.32223e-05
9.35183e-05
0.000173784
0.000174159
0.000174467
0.000174695
0.000174837
0.000174888
0.000174846
0.000174712
0.00017449
0.000174188
0.000173818
0.000173392
0.000172928
0.000172444
0.000171957
0.000171487
0.000171052
0.000170669
0.000170353
0.000170116
0.000169968
0.000169917
0.000169963
0.000170105
0.000170336
0.000170647
0.000171025
0.000171456
0.000171923
0.000172407
0.000172891
0.000173356
0.000192739
0.000193471
0.000194078
0.000194536
0.000194826
0.000194937
0.000194865
0.000194612
0.000194188
0.000193611
0.000192904
0.000192095
0.000191216
0.000190302
0.000189387
0.000188507
0.000187695
0.000186982
0.000186393
0.000185951
0.000185672
0.000185566
0.000185636
0.00018588
0.000186289
0.000186847
0.000187536
0.000188328
0.000189196
0.000190106
0.000191023
0.000191912
0.000185765
0.000186708
0.000187496
0.000188096
0.000188483
0.000188641
0.000188562
0.00018825
0.000187719
0.000186991
0.000186097
0.000185074
0.000183964
0.000182811
0.000181659
0.000180553
0.000179533
0.000178638
0.000177898
0.00017734
0.000176983
0.000176839
0.000176912
0.0001772
0.000177692
0.000178374
0.000179219
0.0001802
0.00018128
0.00018242
0.000183578
0.000184708
9.49961e-05
9.56658e-05
9.62318e-05
9.66687e-05
9.69567e-05
9.70823e-05
9.70396e-05
9.68308e-05
9.64655e-05
9.59607e-05
9.5339e-05
9.46278e-05
9.38572e-05
9.30589e-05
9.22643e-05
9.15034e-05
9.08037e-05
9.01896e-05
8.96818e-05
8.92966e-05
8.90461e-05
8.8938e-05
8.89755e-05
8.91572e-05
8.94777e-05
8.99268e-05
9.04903e-05
9.11499e-05
9.18831e-05
9.2664e-05
9.34638e-05
9.42517e-05
0.000173967
0.000174379
0.000174713
0.000174957
0.0001751
0.000175139
0.000175073
0.000174906
0.000174643
0.000174294
0.00017387
0.000173389
0.000172869
0.000172329
0.000171789
0.000171272
0.000170796
0.00017038
0.000170039
0.000169787
0.000169635
0.000169587
0.000169649
0.000169817
0.000170085
0.000170441
0.000170872
0.000171361
0.000171888
0.000172433
0.000172975
0.000173493
0.000193116
0.000193918
0.000194577
0.000195067
0.000195367
0.000195466
0.00019536
0.000195052
0.000194557
0.000193894
0.000193089
0.000192175
0.000191188
0.000190166
0.000189149
0.000188176
0.000187284
0.000186505
0.000185868
0.000185397
0.000185109
0.000185014
0.000185115
0.000185409
0.000185886
0.000186526
0.000187309
0.000188204
0.000189178
0.000190196
0.000191218
0.000192204
0.00018624
0.000187279
0.000188142
0.000188792
0.000189202
0.000189353
0.00018924
0.000188866
0.00018825
0.000187416
0.0001864
0.000185245
0.000183997
0.000182706
0.000181422
0.000180195
0.000179068
0.000178085
0.000177279
0.000176677
0.000176302
0.000176165
0.00017627
0.000176614
0.000177185
0.000177963
0.000178922
0.000180029
0.000181242
0.000182519
0.000183811
0.000185068
9.52805e-05
9.60211e-05
9.6645e-05
9.71239e-05
9.74357e-05
9.75658e-05
9.7508e-05
9.7265e-05
9.68484e-05
9.62775e-05
9.55783e-05
9.47816e-05
9.39214e-05
9.3033e-05
9.21516e-05
9.13101e-05
9.05389e-05
8.98646e-05
8.93096e-05
8.88915e-05
8.86234e-05
8.85131e-05
8.85638e-05
8.87739e-05
8.91368e-05
8.96414e-05
9.02719e-05
9.10078e-05
9.18244e-05
9.2693e-05
9.35815e-05
9.44558e-05
0.000174022
0.000174322
0.000174548
0.00017469
0.000174745
0.00017471
0.000174587
0.000174383
0.000174107
0.000173768
0.000173379
0.000172953
0.000172506
0.000172056
0.000171619
0.000171211
0.000170849
0.000170546
0.000170314
0.000170161
0.000170094
0.000170117
0.000170229
0.000170426
0.000170704
0.000171049
0.000171449
0.000171885
0.000172343
0.000172803
0.000173247
0.000173659
0.000193147
0.00019372
0.000194159
0.000194445
0.000194567
0.000194519
0.000194305
0.000193933
0.000193418
0.00019278
0.000192045
0.000191243
0.000190403
0.00018956
0.000188744
0.000187987
0.000187318
0.000186761
0.000186336
0.000186061
0.000185943
0.000185989
0.000186195
0.000186555
0.000187055
0.000187677
0.000188397
0.00018919
0.000190024
0.00019087
0.000191693
0.000192462
0.000186254
0.000186987
0.000187552
0.000187928
0.000188097
0.000188052
0.000187794
0.000187336
0.000186695
0.0001859
0.000184981
0.000183978
0.000182929
0.000181876
0.000180859
0.000179916
0.000179083
0.000178389
0.000177859
0.000177511
0.000177358
0.000177404
0.000177647
0.000178079
0.000178685
0.000179442
0.000180325
0.0001813
0.000182333
0.000183386
0.000184417
0.000185386
9.52788e-05
9.5787e-05
9.6184e-05
9.64521e-05
9.65791e-05
9.65591e-05
9.63929e-05
9.60879e-05
9.56579e-05
9.51218e-05
9.45027e-05
9.38267e-05
9.31214e-05
9.24147e-05
9.17338e-05
9.11036e-05
9.05467e-05
9.00824e-05
8.97262e-05
8.94897e-05
8.93803e-05
8.94012e-05
8.95515e-05
8.98262e-05
9.02162e-05
9.07086e-05
9.1287e-05
9.19314e-05
9.26191e-05
9.33247e-05
9.40214e-05
9.46818e-05
0.000173939
0.000174074
0.000174147
0.000174157
0.000174102
0.000173987
0.000173815
0.000173596
0.000173339
0.000173054
0.000172749
0.000172437
0.000172128
0.000171833
0.000171563
0.000171329
0.000171139
0.000171
0.000170918
0.000170897
0.000170937
0.000171037
0.000171195
0.000171406
0.000171663
0.000171956
0.000172272
0.000172599
0.000172922
0.00017323
0.000173509
0.000173748
0.00019287
0.000193122
0.000193264
0.000193289
0.000193197
0.000192991
0.00019268
0.000192276
0.000191796
0.000191258
0.000190684
0.000190095
0.000189515
0.000188964
0.000188465
0.000188036
0.000187692
0.000187447
0.000187309
0.000187285
0.000187373
0.000187573
0.000187875
0.000188269
0.000188741
0.000189272
0.000189843
0.000190431
0.000191015
0.000191572
0.000192079
0.000192518
0.00018589
0.000186206
0.000186383
0.000186414
0.000186299
0.000186041
0.000185651
0.000185144
0.000184543
0.00018387
0.000183153
0.000182419
0.000181698
0.000181017
0.000180401
0.000179872
0.000179452
0.000179154
0.000178989
0.000178963
0.000179077
0.000179326
0.000179701
0.000180188
0.000180771
0.000181427
0.000182132
0.000182859
0.000183583
0.000184273
0.000184904
0.000185451
9.50649e-05
9.52729e-05
9.53872e-05
9.54026e-05
9.53182e-05
9.51377e-05
9.48686e-05
9.45225e-05
9.4114e-05
9.36598e-05
9.31786e-05
9.26893e-05
9.2211e-05
9.17616e-05
9.13577e-05
9.10139e-05
9.07421e-05
9.05518e-05
9.04495e-05
9.04383e-05
9.05186e-05
9.06874e-05
9.09388e-05
9.12641e-05
9.16519e-05
9.20883e-05
9.25576e-05
9.30426e-05
9.35249e-05
9.39858e-05
9.44074e-05
9.47722e-05
0.000173584
0.000173572
0.000173521
0.000173433
0.000173312
0.000173164
0.000172995
0.000172812
0.000172626
0.000172441
0.000172264
0.000172102
0.000171958
0.000171837
0.000171745
0.000171684
0.000171657
0.000171663
0.000171705
0.000171779
0.000171884
0.000172017
0.000172172
0.000172346
0.000172534
0.000172727
0.000172918
0.000173096
0.000173256
0.000173389
0.000173491
0.000173557
0.000192072
0.000192055
0.000191969
0.000191819
0.000191611
0.000191351
0.000191052
0.000190724
0.000190381
0.000190036
0.000189702
0.000189392
0.000189118
0.000188889
0.000188714
0.0001886
0.000188551
0.000188568
0.000188652
0.000188798
0.000189002
0.000189256
0.00018955
0.000189873
0.000190214
0.00019056
0.000190896
0.00019121
0.00019149
0.000191724
0.000191903
0.000192021
0.000184829
0.000184813
0.000184714
0.000184534
0.000184281
0.000183964
0.000183597
0.000183193
0.000182769
0.000182341
0.000181926
0.00018154
0.000181197
0.000180911
0.000180691
0.000180547
0.000180483
0.000180502
0.000180602
0.00018078
0.000181029
0.00018134
0.0001817
0.000182098
0.000182517
0.000182942
0.000183356
0.000183745
0.000184092
0.000184384
0.00018461
0.00018476
9.4317e-05
9.43078e-05
9.42423e-05
9.4123e-05
9.39548e-05
9.37443e-05
9.35001e-05
9.3232e-05
9.29506e-05
9.2667e-05
9.23923e-05
9.21369e-05
9.19105e-05
9.17214e-05
9.15765e-05
9.14809e-05
9.14381e-05
9.14494e-05
9.15144e-05
9.16304e-05
9.17934e-05
9.19973e-05
9.22346e-05
9.24966e-05
9.27735e-05
9.3055e-05
9.33303e-05
9.35888e-05
9.38205e-05
9.40162e-05
9.4168e-05
9.42698e-05
0.000173127
0.000172989
0.000172835
0.000172672
0.000172506
0.000172344
0.000172193
0.000172061
0.000171953
0.000171875
0.000171827
0.000171809
0.000171823
0.000171866
0.000171936
0.000172031
0.000172147
0.000172279
0.000172422
0.000172572
0.000172723
0.000172869
0.000173007
0.000173132
0.00017324
0.000173329
0.000173391
0.000173424
0.000173426
0.000173396
0.000173334
0.000173244
0.000191139
0.000190898
0.000190634
0.000190359
0.000190081
0.000189812
0.000189563
0.000189343
0.00018916
0.000189022
0.000188934
0.000188899
0.000188918
0.00018899
0.000189113
0.000189281
0.000189488
0.000189727
0.000189988
0.000190261
0.000190536
0.000190802
0.00019105
0.00019127
0.000191454
0.000191594
0.000191685
0.000191724
0.000191708
0.000191637
0.000191516
0.000191347
0.000183585
0.000183306
0.000183001
0.000182683
0.000182363
0.000182055
0.000181769
0.000181517
0.000181309
0.000181151
0.000181051
0.000181011
0.000181035
0.00018112
0.000181264
0.000181461
0.000181704
0.000181983
0.000182287
0.000182606
0.000182927
0.000183236
0.000183523
0.000183777
0.000183987
0.000184145
0.000184245
0.000184284
0.00018426
0.000184173
0.000184027
0.000183829
9.34079e-05
9.32358e-05
9.30496e-05
9.28566e-05
9.26642e-05
9.24795e-05
9.23095e-05
9.21608e-05
9.20388e-05
9.19483e-05
9.18927e-05
9.1874e-05
9.18933e-05
9.19496e-05
9.20412e-05
9.21644e-05
9.23147e-05
9.24861e-05
9.26722e-05
9.2866e-05
9.30599e-05
9.32463e-05
9.34182e-05
9.35687e-05
9.3692e-05
9.37833e-05
9.3839e-05
9.3857e-05
9.38365e-05
9.37784e-05
9.36848e-05
9.35596e-05
0.000172804
0.00017255
0.000172294
0.000172049
0.000171823
0.000171626
0.000171466
0.000171351
0.000171287
0.000171275
0.000171315
0.000171403
0.000171535
0.000171707
0.00017191
0.000172137
0.00017238
0.000172628
0.000172873
0.000173106
0.000173317
0.0001735
0.000173648
0.000173757
0.000173824
0.000173846
0.000173821
0.000173748
0.000173629
0.000173469
0.000173273
0.000173049
0.000190555
0.000190099
0.00018965
0.000189227
0.000188845
0.000188519
0.000188261
0.000188082
0.000187987
0.00018798
0.000188062
0.000188229
0.000188475
0.00018879
0.000189163
0.00018958
0.000190025
0.00019048
0.000190928
0.000191352
0.000191735
0.000192063
0.000192323
0.000192506
0.000192603
0.000192612
0.000192531
0.000192363
0.000192116
0.000191798
0.000191421
0.000191002
0.000182817
0.000182271
0.00018174
0.000181246
0.000180807
0.000180439
0.000180155
0.000179966
0.000179879
0.000179897
0.000180019
0.000180241
0.000180556
0.000180951
0.000181412
0.000181922
0.000182462
0.00018301
0.000183545
0.000184048
0.000184497
0.000184876
0.000185168
0.000185363
0.000185453
0.000185434
0.000185306
0.000185076
0.000184751
0.000184346
0.000183875
0.000183359
9.28324e-05
9.24833e-05
9.21509e-05
9.18474e-05
9.15839e-05
9.13699e-05
9.1213e-05
9.11185e-05
9.10898e-05
9.1128e-05
9.12317e-05
9.13976e-05
9.16198e-05
9.18905e-05
9.22e-05
9.25368e-05
9.28882e-05
9.32406e-05
9.35804e-05
9.3894e-05
9.41688e-05
9.43937e-05
9.45594e-05
9.46592e-05
9.46889e-05
9.46473e-05
9.45362e-05
9.43602e-05
9.41267e-05
9.38451e-05
9.35268e-05
9.31847e-05
0.000172876
0.000172535
0.000172192
0.000171862
0.000171557
0.00017129
0.000171073
0.000170914
0.000170821
0.000170796
0.000170838
0.000170945
0.000171112
0.000171333
0.000171598
0.000171898
0.000172221
0.000172554
0.000172885
0.000173202
0.000173492
0.000173747
0.000173956
0.000174113
0.000174213
0.000174251
0.000174223
0.00017413
0.000173975
0.000173763
0.000173502
0.000173203
0.000190753
0.000190124
0.000189503
0.000188912
0.000188374
0.00018791
0.000187537
0.000187269
0.000187116
0.000187083
0.000187172
0.000187379
0.000187696
0.000188112
0.00018861
0.000189173
0.000189779
0.000190405
0.000191026
0.000191619
0.000192162
0.000192632
0.000193012
0.000193287
0.000193446
0.000193482
0.000193394
0.000193185
0.000192863
0.000192441
0.000191934
0.000191364
0.00018309
0.000182311
0.000181549
0.000180832
0.000180187
0.000179638
0.000179204
0.000178902
0.000178742
0.000178729
0.000178864
0.000179143
0.000179555
0.000180086
0.000180716
0.000181423
0.00018218
0.000182957
0.000183726
0.000184456
0.000185118
0.000185687
0.000186139
0.000186456
0.000186626
0.00018664
0.000186499
0.000186207
0.000185777
0.000185226
0.000184577
0.000183855
9.3032e-05
9.25109e-05
9.20078e-05
9.15413e-05
9.11285e-05
9.07838e-05
9.0519e-05
9.03433e-05
9.02623e-05
9.0279e-05
9.03927e-05
9.05997e-05
9.08932e-05
9.12631e-05
9.16964e-05
9.21776e-05
9.26891e-05
9.32118e-05
9.37252e-05
9.42092e-05
9.46441e-05
9.5012e-05
9.52977e-05
9.54888e-05
9.55773e-05
9.55591e-05
9.5435e-05
9.52104e-05
9.48949e-05
9.45018e-05
9.40476e-05
9.3551e-05
0.000173259
0.000172911
0.00017255
0.000172188
0.00017184
0.000171521
0.000171244
0.000171021
0.00017086
0.000170766
0.00017074
0.000170784
0.000170894
0.000171067
0.000171295
0.000171569
0.00017188
0.000172216
0.000172563
0.00017291
0.000173243
0.000173551
0.000173823
0.00017405
0.000174222
0.000174332
0.000174374
0.000174346
0.000174247
0.000174081
0.000173855
0.000173577
0.000191445
0.000190793
0.000190124
0.000189461
0.000188832
0.000188259
0.000187765
0.000187367
0.000187081
0.000186917
0.00018688
0.000186973
0.000187192
0.000187528
0.00018797
0.0001885
0.000189099
0.000189744
0.00019041
0.000191072
0.000191705
0.000192284
0.000192788
0.000193195
0.00019349
0.000193661
0.000193701
0.000193608
0.000193386
0.000193042
0.000192592
0.000192052
0.000183951
0.000183122
0.000182279
0.000181453
0.000180677
0.000179978
0.000179383
0.000178913
0.000178584
0.000178409
0.000178394
0.000178539
0.00017884
0.000179286
0.000179861
0.000180545
0.000181311
0.000182132
0.000182975
0.00018381
0.000184602
0.000185322
0.00018594
0.000186431
0.000186776
0.00018696
0.000186975
0.000186821
0.000186504
0.000186036
0.000185438
0.000184734
9.3629e-05
9.30533e-05
9.24757e-05
9.19182e-05
9.14011e-05
9.09431e-05
9.056e-05
9.02651e-05
9.00683e-05
8.99763e-05
8.99922e-05
9.01156e-05
9.03428e-05
9.06661e-05
9.10746e-05
9.15542e-05
9.20876e-05
9.26555e-05
9.32364e-05
9.38078e-05
9.43472e-05
9.48326e-05
9.5244e-05
9.55639e-05
9.57785e-05
9.58784e-05
9.58593e-05
9.57219e-05
9.54723e-05
9.51213e-05
9.46845e-05
9.41801e-05
0.000173759
0.00017352
0.000173245
0.000172946
0.000172635
0.000172325
0.000172029
0.00017176
0.000171527
0.000171337
0.000171197
0.00017111
0.000171079
0.000171106
0.000171189
0.000171324
0.000171508
0.000171732
0.00017199
0.000172271
0.000172566
0.000172865
0.000173157
0.000173433
0.000173681
0.000173889
0.000174048
0.000174152
0.000174195
0.000174175
0.000174093
0.000173952
0.000192276
0.000191826
0.000191317
0.00019077
0.000190207
0.000189648
0.000189115
0.000188629
0.000188208
0.000187867
0.000187619
0.000187474
0.000187436
0.000187508
0.000187686
0.000187963
0.00018833
0.000188773
0.000189274
0.000189816
0.000190377
0.000190936
0.000191473
0.000191965
0.000192395
0.000192744
0.000192999
0.000193149
0.000193189
0.000193116
0.000192935
0.000192651
0.000184932
0.000184347
0.000183698
0.000183012
0.000182313
0.000181629
0.000180985
0.000180405
0.000179912
0.000179522
0.000179251
0.000179109
0.000179101
0.000179228
0.000179485
0.000179863
0.000180347
0.000180921
0.000181563
0.000182247
0.000182949
0.000183641
0.000184296
0.000184889
0.000185396
0.000185796
0.000186074
0.000186219
0.000186224
0.000186089
0.000185821
0.00018543
9.42614e-05
9.38456e-05
9.33946e-05
9.29261e-05
9.24582e-05
9.20084e-05
9.15932e-05
9.12277e-05
9.09249e-05
9.06957e-05
9.05483e-05
9.04879e-05
9.05169e-05
9.06345e-05
9.08369e-05
9.11169e-05
9.14647e-05
9.18679e-05
9.23116e-05
9.27792e-05
9.32528e-05
9.37142e-05
9.41449e-05
9.45276e-05
9.48466e-05
9.50886e-05
9.52435e-05
9.53047e-05
9.52697e-05
9.51404e-05
9.49225e-05
9.46254e-05
0.000174307
0.000174253
0.000174137
0.000173963
0.00017374
0.000173476
0.000173185
0.000172878
0.000172566
0.000172259
0.000171968
0.000171702
0.000171472
0.000171286
0.00017115
0.00017107
0.00017105
0.000171089
0.000171187
0.000171341
0.000171546
0.000171796
0.000172082
0.000172396
0.000172722
0.000173048
0.000173358
0.000173642
0.000173886
0.000174081
0.000174219
0.000174296
0.000193227
0.000193131
0.000192925
0.000192619
0.000192223
0.000191755
0.000191232
0.000190675
0.000190106
0.000189546
0.000189016
0.000188537
0.000188127
0.0001878
0.00018757
0.000187444
0.000187427
0.00018752
0.000187719
0.000188018
0.000188404
0.000188865
0.000189382
0.000189936
0.000190506
0.00019107
0.000191606
0.000192093
0.000192511
0.000192845
0.000193081
0.00019321
0.000186088
0.000185954
0.000185692
0.000185311
0.000184826
0.000184258
0.000183628
0.000182961
0.000182282
0.00018162
0.000180998
0.00018044
0.000179967
0.000179598
0.000179345
0.000179217
0.00017922
0.000179352
0.000179609
0.000179982
0.000180455
0.000181013
0.000181633
0.000182294
0.000182969
0.000183633
0.000184261
0.000184827
0.00018531
0.00018569
0.000185953
0.000186087
9.50318e-05
9.49307e-05
9.47488e-05
9.44933e-05
9.41747e-05
9.38058e-05
9.34014e-05
9.29776e-05
9.2551e-05
9.2138e-05
9.17544e-05
9.14145e-05
9.11307e-05
9.09134e-05
9.07703e-05
9.07063e-05
9.07236e-05
9.08216e-05
9.09964e-05
9.1242e-05
9.15494e-05
9.19074e-05
9.23029e-05
9.27212e-05
9.31466e-05
9.35628e-05
9.39535e-05
9.43033e-05
9.45983e-05
9.48265e-05
9.49784e-05
9.50479e-05
0.000174775
0.000174907
0.00017495
0.000174905
0.000174773
0.000174562
0.00017428
0.000173941
0.000173557
0.00017314
0.000172706
0.00017227
0.000171849
0.000171457
0.000171109
0.00017082
0.000170599
0.000170456
0.000170396
0.000170421
0.000170533
0.000170728
0.000171
0.000171341
0.000171737
0.00017217
0.000172623
0.000173077
0.000173515
0.000173918
0.000174271
0.000174561
0.000194098
0.000194356
0.000194456
0.000194394
0.000194174
0.000193803
0.000193297
0.000192678
0.000191968
0.000191197
0.000190393
0.000189589
0.000188814
0.000188099
0.000187468
0.000186947
0.000186554
0.000186304
0.000186205
0.000186262
0.000186473
0.00018683
0.00018732
0.000187925
0.000188623
0.000189387
0.000190189
0.000190998
0.000191782
0.000192511
0.000193157
0.000193693
0.000187203
0.000187525
0.000187654
0.000187587
0.000187324
0.000186876
0.000186264
0.000185511
0.00018465
0.000183713
0.00018274
0.000181767
0.000180832
0.00017997
0.000179212
0.000178587
0.000178116
0.000177816
0.000177698
0.000177765
0.000178015
0.000178439
0.000179022
0.000179742
0.000180575
0.00018149
0.000182452
0.000183426
0.000184374
0.000185259
0.000186046
0.000186703
9.58176e-05
9.60372e-05
9.61309e-05
9.60942e-05
9.59285e-05
9.56411e-05
9.52447e-05
9.47562e-05
9.41967e-05
9.35894e-05
9.2959e-05
9.23301e-05
9.17269e-05
9.11715e-05
9.0684e-05
9.02812e-05
8.99768e-05
8.97809e-05
8.96999e-05
8.97361e-05
8.98883e-05
9.01513e-05
9.05161e-05
9.09705e-05
9.14988e-05
9.20824e-05
9.27003e-05
9.33296e-05
9.39462e-05
9.45259e-05
9.50451e-05
9.5482e-05
0.000175105
0.000175373
0.000175534
0.000175585
0.000175522
0.000175351
0.000175079
0.000174719
0.000174285
0.000173792
0.000173258
0.000172702
0.000172145
0.000171607
0.00017111
0.00017067
0.000170306
0.000170031
0.000169856
0.000169788
0.00016983
0.000169982
0.000170239
0.000170595
0.000171034
0.00017154
0.000172091
0.000172665
0.00017324
0.000173792
0.000174299
0.000174743
0.000194692
0.000195205
0.000195525
0.000195642
0.000195549
0.000195252
0.000194763
0.000194101
0.000193295
0.000192376
0.00019138
0.000190346
0.000189314
0.000188322
0.000187409
0.000186608
0.000185949
0.000185456
0.000185146
0.000185031
0.000185116
0.000185397
0.000185864
0.000186501
0.000187285
0.000188186
0.000189172
0.000190204
0.000191243
0.00019225
0.000193185
0.00019401
0.000187983
0.00018863
0.000189041
0.000189198
0.000189094
0.000188735
0.000188134
0.00018732
0.000186325
0.000185191
0.000183964
0.000182694
0.000181429
0.000180217
0.000179103
0.000178127
0.000177325
0.000176724
0.000176345
0.000176201
0.000176297
0.000176629
0.000177187
0.00017795
0.000178892
0.00017998
0.000181175
0.000182432
0.000183704
0.000184943
0.0001861
0.000187128
9.63967e-05
9.68448e-05
9.71349e-05
9.72535e-05
9.71948e-05
9.69617e-05
9.65651e-05
9.60232e-05
9.53604e-05
9.46058e-05
9.37912e-05
9.295e-05
9.21149e-05
9.13174e-05
9.05865e-05
8.99473e-05
8.94215e-05
8.90262e-05
8.87738e-05
8.86721e-05
8.87242e-05
8.89284e-05
8.92781e-05
8.97623e-05
9.03653e-05
9.10672e-05
9.18442e-05
9.26688e-05
9.35105e-05
9.43369e-05
9.51146e-05
9.58112e-05
0.000175176
0.000175501
0.000175718
0.000175818
0.000175798
0.000175659
0.000175409
0.000175059
0.000174626
0.000174124
0.00017357
0.000172985
0.00017239
0.000171808
0.00017126
0.000170767
0.000170348
0.000170018
0.00016979
0.000169673
0.000169672
0.000169788
0.000170019
0.000170357
0.000170791
0.000171304
0.000171875
0.000172478
0.000173092
0.000173692
0.000174253
0.000174754
0.000194701
0.000195311
0.000195726
0.000195929
0.000195912
0.000195677
0.000195233
0.000194599
0.0001938
0.00019287
0.000191845
0.000190766
0.000189672
0.000188607
0.000187611
0.00018672
0.000185968
0.000185381
0.000184982
0.000184785
0.000184796
0.000185016
0.000185437
0.000186045
0.000186816
0.000187723
0.000188733
0.000189807
0.000190905
0.000191985
0.000193004
0.000193921
0.000187927
0.000188685
0.000189206
0.000189465
0.000189452
0.000189168
0.000188625
0.000187847
0.000186868
0.000185728
0.000184474
0.000183156
0.000181826
0.000180534
0.000179329
0.000178255
0.000177349
0.000176644
0.000176165
0.000175926
0.000175937
0.000176197
0.000176697
0.00017742
0.000178341
0.000179428
0.000180641
0.000181938
0.00018327
0.000184585
0.000185833
0.000186962
9.63181e-05
9.68299e-05
9.71845e-05
9.73653e-05
9.73638e-05
9.71803e-05
9.68234e-05
9.63098e-05
9.5663e-05
9.49116e-05
9.40879e-05
9.32257e-05
9.23592e-05
9.15215e-05
9.0743e-05
9.00511e-05
8.94692e-05
8.90163e-05
8.87069e-05
8.85506e-05
8.85521e-05
8.87112e-05
8.9023e-05
8.94777e-05
9.00608e-05
9.07534e-05
9.15322e-05
9.237e-05
9.32364e-05
9.40986e-05
9.49219e-05
9.56725e-05
0.00017509
0.000175424
0.000175654
0.000175772
0.000175773
0.000175659
0.000175434
0.000175111
0.000174704
0.000174228
0.0001737
0.000173138
0.000172562
0.000171995
0.000171457
0.000170968
0.000170547
0.00017021
0.00016997
0.000169836
0.000169813
0.000169904
0.000170107
0.000170415
0.00017082
0.000171305
0.000171849
0.000172431
0.000173027
0.000173613
0.000174167
0.000174666
0.000194389
0.000195001
0.000195431
0.000195662
0.000195685
0.000195498
0.00019511
0.000194538
0.000193805
0.00019294
0.000191978
0.000190957
0.000189916
0.000188894
0.000187931
0.000187062
0.000186319
0.000185729
0.000185315
0.000185091
0.000185065
0.000185239
0.000185606
0.000186153
0.000186861
0.000187704
0.00018865
0.000189665
0.000190709
0.000191743
0.000192727
0.000193621
0.000187406
0.000188149
0.000188675
0.000188961
0.000188995
0.000188776
0.000188314
0.000187629
0.000186749
0.000185712
0.000184561
0.00018334
0.000182099
0.000180884
0.000179742
0.000178713
0.000177836
0.000177141
0.000176653
0.000176388
0.000176356
0.000176557
0.000176984
0.000177624
0.000178452
0.000179442
0.000180556
0.000181755
0.000182994
0.000184226
0.000185403
0.000186478
9.58623e-05
9.63426e-05
9.66851e-05
9.68742e-05
9.69012e-05
9.67649e-05
9.64719e-05
9.60355e-05
9.54754e-05
9.48162e-05
9.4086e-05
9.33149e-05
9.25334e-05
9.17715e-05
9.10574e-05
9.04165e-05
8.9871e-05
8.94392e-05
8.91352e-05
8.89688e-05
8.89451e-05
8.90648e-05
8.93241e-05
8.97145e-05
9.02235e-05
9.08342e-05
9.15259e-05
9.22744e-05
9.30525e-05
9.38309e-05
9.45788e-05
9.52656e-05
0.000175105
0.000175448
0.000175687
0.000175813
0.000175822
0.000175713
0.000175493
0.000175172
0.000174765
0.000174289
0.000173759
0.000173194
0.000172615
0.000172042
0.000171498
0.000171003
0.000170575
0.00017023
0.000169982
0.000169841
0.000169811
0.000169896
0.000170092
0.000170396
0.000170797
0.00017128
0.000171826
0.000172411
0.000173011
0.000173604
0.000174165
0.000174672
0.00019435
0.000194981
0.000195432
0.000195683
0.000195726
0.000195557
0.000195185
0.000194626
0.000193902
0.000193044
0.000192084
0.000191062
0.000190015
0.000188984
0.000188009
0.000187125
0.000186365
0.000185757
0.000185324
0.00018508
0.000185036
0.000185192
0.000185543
0.000186077
0.000186775
0.000187611
0.000188554
0.000189569
0.000190618
0.00019166
0.000192656
0.000193564
0.000187301
0.000188072
0.000188628
0.000188947
0.000189015
0.000188828
0.000188396
0.000187737
0.000186878
0.000185857
0.000184715
0.000183498
0.000182254
0.000181031
0.000179874
0.000178826
0.000177925
0.000177204
0.000176687
0.000176392
0.00017633
0.000176501
0.000176902
0.000177516
0.000178324
0.000179296
0.000180399
0.000181591
0.00018283
0.000184068
0.000185258
0.00018635
9.57495e-05
9.62515e-05
9.66196e-05
9.68371e-05
9.6894e-05
9.67878e-05
9.65235e-05
9.61132e-05
9.55755e-05
9.49342e-05
9.42166e-05
9.34524e-05
9.26722e-05
9.1906e-05
9.11825e-05
9.05276e-05
8.99642e-05
8.95114e-05
8.91839e-05
8.89923e-05
8.89426e-05
8.90362e-05
8.92701e-05
8.96366e-05
9.0124e-05
9.07164e-05
9.13936e-05
9.21321e-05
9.29053e-05
9.36839e-05
9.44377e-05
9.5136e-05
0.000175286
0.000175624
0.000175851
0.000175959
0.000175944
0.000175807
0.000175556
0.000175201
0.000174759
0.00017425
0.000173689
0.000173098
0.000172497
0.000171907
0.000171353
0.000170852
0.000170426
0.000170089
0.000169854
0.00016973
0.000169724
0.000169834
0.00017006
0.000170393
0.000170824
0.000171338
0.000171913
0.000172525
0.00017315
0.000173761
0.000174336
0.000174851
0.000194679
0.000195317
0.00019576
0.000195992
0.000196002
0.00019579
0.000195366
0.000194747
0.000193959
0.000193034
0.000192009
0.000190924
0.000189821
0.000188742
0.000187727
0.000186815
0.000186038
0.000185426
0.000185
0.000184777
0.000184763
0.000184961
0.000185362
0.000185952
0.000186711
0.000187611
0.000188619
0.000189696
0.000190803
0.000191896
0.000192933
0.000193874
0.00018773
0.000188534
0.000189106
0.00018942
0.000189464
0.000189234
0.000188742
0.00018801
0.000187068
0.000185957
0.000184722
0.000183412
0.00018208
0.000180775
0.000179548
0.000178442
0.000177498
0.00017675
0.000176222
0.000175934
0.000175894
0.000176105
0.000176558
0.000177237
0.000178121
0.000179177
0.000180369
0.000181653
0.000182981
0.000184305
0.000185571
0.000186728
9.60638e-05
9.6614e-05
9.70158e-05
9.72507e-05
9.7308e-05
9.71847e-05
9.68867e-05
9.64278e-05
9.58292e-05
9.51176e-05
9.43237e-05
9.34806e-05
9.26222e-05
9.17815e-05
9.09897e-05
9.0275e-05
8.9662e-05
8.91712e-05
8.88183e-05
8.86144e-05
8.85658e-05
8.86738e-05
8.89349e-05
8.93409e-05
8.98788e-05
9.05312e-05
9.12763e-05
9.20884e-05
9.29382e-05
9.37942e-05
9.46228e-05
9.53902e-05
0.000175546
0.000175811
0.000175959
0.000175986
0.000175891
0.000175677
0.000175356
0.00017494
0.00017445
0.000173906
0.000173328
0.000172735
0.000172148
0.00017159
0.00017108
0.000170637
0.000170277
0.000170015
0.000169859
0.000169816
0.000169888
0.000170073
0.000170365
0.000170756
0.000171232
0.000171777
0.00017237
0.000172985
0.000173597
0.000174182
0.000174715
0.000175176
0.000195125
0.00019564
0.000195948
0.000196036
0.000195902
0.00019555
0.000194996
0.000194264
0.000193382
0.000192387
0.000191318
0.000190216
0.000189125
0.000188084
0.000187133
0.000186306
0.000185635
0.000185143
0.000184848
0.000184762
0.000184887
0.000185218
0.000185745
0.000186447
0.0001873
0.000188273
0.00018933
0.00019043
0.000191531
0.000192592
0.00019357
0.000194426
0.000188314
0.000188987
0.000189406
0.000189556
0.000189429
0.00018903
0.000188378
0.0001875
0.000186435
0.000185225
0.00018392
0.000182573
0.000181235
0.000179956
0.000178785
0.000177763
0.000176926
0.000176305
0.00017592
0.000175784
0.000175902
0.00017627
0.000176874
0.000177695
0.000178702
0.000179862
0.000181132
0.000182465
0.000183813
0.000185121
0.00018634
0.00018742
9.65081e-05
9.69907e-05
9.73087e-05
9.74466e-05
9.73976e-05
9.71641e-05
9.67571e-05
9.61954e-05
9.55046e-05
9.47151e-05
9.38605e-05
9.29759e-05
9.2096e-05
9.12538e-05
9.04799e-05
8.98011e-05
8.92404e-05
8.88158e-05
8.85408e-05
8.84239e-05
8.84684e-05
8.8673e-05
8.9031e-05
8.95311e-05
9.01573e-05
9.08886e-05
9.17006e-05
9.25645e-05
9.34489e-05
9.43199e-05
9.51426e-05
9.58827e-05
0.000175741
0.000175849
0.000175843
0.000175723
0.000175494
0.000175167
0.000174754
0.000174275
0.000173751
0.000173203
0.000172653
0.000172118
0.000171618
0.000171169
0.000170788
0.000170488
0.000170281
0.000170174
0.000170172
0.000170273
0.000170476
0.000170773
0.000171154
0.000171607
0.000172116
0.000172665
0.000173232
0.000173792
0.000174322
0.000174799
0.000175206
0.000175524
0.000195388
0.000195606
0.000195621
0.00019543
0.000195042
0.000194473
0.000193746
0.000192891
0.000191942
0.000190938
0.000189918
0.000188919
0.00018798
0.000187136
0.000186418
0.000185851
0.000185457
0.000185249
0.000185236
0.000185417
0.000185787
0.000186331
0.000187031
0.00018786
0.000188789
0.000189783
0.000190803
0.000191812
0.00019277
0.000193638
0.000194383
0.000194975
0.000188647
0.000188949
0.000188998
0.000188794
0.000188344
0.000187667
0.000186793
0.000185757
0.000184602
0.000183375
0.000182125
0.000180899
0.000179744
0.000178702
0.000177811
0.000177102
0.000176601
0.000176324
0.000176281
0.000176474
0.000176896
0.000177531
0.000178358
0.000179347
0.000180462
0.000181664
0.000182907
0.000184145
0.000185329
0.000186412
0.000187351
0.000188107
9.67836e-05
9.70152e-05
9.70783e-05
9.69696e-05
9.66936e-05
9.62631e-05
9.56977e-05
9.50224e-05
9.42664e-05
9.34613e-05
9.26396e-05
9.18331e-05
9.1072e-05
9.03835e-05
8.97915e-05
8.9316e-05
8.89724e-05
8.87716e-05
8.87199e-05
8.88187e-05
8.90649e-05
8.94504e-05
8.99627e-05
9.05847e-05
9.12955e-05
9.20702e-05
9.2881e-05
9.36976e-05
9.44883e-05
9.52213e-05
9.58661e-05
9.63946e-05
0.000175715
0.000175625
0.000175433
0.000175147
0.000174779
0.000174343
0.000173859
0.000173346
0.000172827
0.000172324
0.000171856
0.000171438
0.000171083
0.000170804
0.000170609
0.000170507
0.0001705
0.000170588
0.000170768
0.000171033
0.000171374
0.000171779
0.000172234
0.000172722
0.000173228
0.000173736
0.000174223
0.000174669
0.000175055
0.000175363
0.000175581
0.0001757
0.000195203
0.000195032
0.000194681
0.000194164
0.000193502
0.000192722
0.000191855
0.000190935
0.000189999
0.000189083
0.000188222
0.000187448
0.000186789
0.00018627
0.000185909
0.00018572
0.000185708
0.000185875
0.000186213
0.000186712
0.000187352
0.00018811
0.000188958
0.000189865
0.000190797
0.000191718
0.000192592
0.000193386
0.000194067
0.000194608
0.000194986
0.000195188
0.000188383
0.000188171
0.000187739
0.000187105
0.000186295
0.000185341
0.000184283
0.000183163
0.000182025
0.000180913
0.00017987
0.000178933
0.000178136
0.00017751
0.000177074
0.000176846
0.000176832
0.000177032
0.000177441
0.000178043
0.000178817
0.000179735
0.000180764
0.000181866
0.000183
0.000184122
0.00018519
0.000186159
0.000186993
0.000187655
0.000188119
0.000188366
9.66193e-05
9.6476e-05
9.61857e-05
9.57617e-05
9.52226e-05
9.45915e-05
9.38951e-05
9.31619e-05
9.24209e-05
9.17007e-05
9.1028e-05
9.0427e-05
8.99187e-05
8.95203e-05
8.92451e-05
8.91019e-05
8.90954e-05
8.92257e-05
8.94884e-05
8.9875e-05
9.03725e-05
9.09641e-05
9.16293e-05
9.23442e-05
9.30825e-05
9.38161e-05
9.45162e-05
9.51543e-05
9.57039e-05
9.61414e-05
9.64479e-05
9.66097e-05
0.00017545
0.000175215
0.000174896
0.000174507
0.000174062
0.000173581
0.000173082
0.000172588
0.000172119
0.000171696
0.000171334
0.000171043
0.000170833
0.000170709
0.000170675
0.000170733
0.00017088
0.00017111
0.000171415
0.000171782
0.000172199
0.000172651
0.000173121
0.000173594
0.000174054
0.000174485
0.00017487
0.000175191
0.000175432
0.000175583
0.000175638
0.000175593
0.000194562
0.000194097
0.000193491
0.000192767
0.000191955
0.000191086
0.000190196
0.000189317
0.000188485
0.000187731
0.000187082
0.000186563
0.000186193
0.000185984
0.000185945
0.000186075
0.000186371
0.000186821
0.000187409
0.000188114
0.000188908
0.000189762
0.000190645
0.000191524
0.000192364
0.000193133
0.0001938
0.00019434
0.000194729
0.000194951
0.000194998
0.000194866
0.000187486
0.000186875
0.000186096
0.000185182
0.000184169
0.000183098
0.000182012
0.000180951
0.000179955
0.000179062
0.000178304
0.000177708
0.000177296
0.000177081
0.000177072
0.000177268
0.000177663
0.000178243
0.000178987
0.000179868
0.000180854
0.000181909
0.000182994
0.000184067
0.000185086
0.000186011
0.000186805
0.000187434
0.000187873
0.000188103
0.000188114
0.000187905
9.59449e-05
9.54973e-05
9.49455e-05
9.43133e-05
9.36268e-05
9.29136e-05
9.22016e-05
9.15177e-05
9.08869e-05
9.03316e-05
8.9871e-05
8.95207e-05
8.92924e-05
8.91935e-05
8.92274e-05
8.93928e-05
8.96845e-05
9.00929e-05
9.06042e-05
9.12009e-05
9.18622e-05
9.25642e-05
9.32808e-05
9.39843e-05
9.46469e-05
9.52412e-05
9.57421e-05
9.61279e-05
9.63816e-05
9.64918e-05
9.64535e-05
9.62685e-05
0.000175169
0.00017493
0.000174619
0.000174249
0.000173834
0.000173393
0.000172943
0.000172504
0.000172095
0.000171734
0.000171433
0.000171199
0.00017104
0.00017096
0.000170962
0.000171045
0.000171205
0.000171437
0.000171732
0.000172079
0.000172465
0.000172876
0.000173299
0.000173718
0.000174121
0.000174495
0.000174822
0.000175086
0.000175276
0.000175382
0.0001754
0.000175328
0.000193915
0.000193438
0.000192845
0.000192161
0.000191412
0.000190629
0.000189841
0.000189078
0.000188371
0.000187746
0.000187225
0.000186829
0.000186571
0.00018646
0.0001865
0.000186691
0.000187024
0.000187487
0.000188063
0.000188731
0.000189466
0.00019024
0.000191025
0.00019179
0.000192507
0.000193147
0.000193685
0.000194099
0.000194371
0.000194491
0.000194452
0.000194258
0.000186547
0.000185907
0.000185138
0.000184272
0.000183343
0.000182387
0.000181442
0.000180542
0.000179722
0.000179012
0.000178436
0.000178016
0.000177768
0.000177699
0.000177812
0.000178104
0.000178563
0.000179175
0.000179916
0.000180759
0.000181674
0.000182626
0.00018358
0.000184497
0.000185343
0.000186083
0.000186686
0.000187129
0.000187392
0.000187464
0.000187343
0.000187032
9.5188e-05
9.47122e-05
9.41639e-05
9.35658e-05
9.29422e-05
9.23171e-05
9.17143e-05
9.11558e-05
9.06615e-05
9.02487e-05
8.99314e-05
8.97205e-05
8.9623e-05
8.96423e-05
8.97779e-05
9.00255e-05
9.03767e-05
9.08199e-05
9.13397e-05
9.19176e-05
9.25327e-05
9.3162e-05
9.37812e-05
9.43658e-05
9.48918e-05
9.53374e-05
9.56833e-05
9.59145e-05
9.60207e-05
9.59971e-05
9.5845e-05
9.55712e-05
0.000175218
0.000175112
0.000174929
0.000174674
0.000174359
0.000173997
0.000173602
0.000173194
0.000172791
0.000172409
0.000172061
0.000171756
0.000171504
0.000171315
0.000171193
0.000171143
0.000171168
0.000171265
0.000171432
0.000171663
0.000171949
0.00017228
0.000172645
0.000173033
0.000173432
0.000173828
0.000174203
0.000174539
0.000174822
0.000175038
0.00017518
0.000175241
0.000193952
0.000193746
0.000193412
0.000192963
0.000192419
0.000191799
0.000191129
0.000190435
0.000189743
0.000189082
0.000188475
0.000187945
0.000187512
0.000187192
0.000186996
0.000186931
0.000187
0.000187201
0.000187525
0.000187961
0.000188492
0.0001891
0.00018976
0.00019045
0.000191142
0.00019181
0.000192427
0.00019297
0.000193417
0.000193749
0.000193954
0.000194023
0.000186516
0.000186234
0.000185808
0.000185257
0.000184602
0.00018387
0.000183088
0.000182288
0.0001815
0.000180753
0.000180077
0.000179497
0.000179033
0.000178703
0.00017852
0.000178489
0.000178611
0.000178883
0.000179295
0.000179831
0.000180471
0.000181192
0.000181968
0.000182767
0.000183561
0.000184318
0.000185008
0.000185604
0.000186082
0.000186423
0.000186613
0.000186644
9.50955e-05
9.4882e-05
9.45865e-05
9.4221e-05
9.38007e-05
9.33424e-05
9.28642e-05
9.23845e-05
9.19215e-05
9.14926e-05
9.11135e-05
9.07979e-05
9.05572e-05
9.03999e-05
9.03318e-05
9.03552e-05
9.04694e-05
9.06705e-05
9.09515e-05
9.13024e-05
9.17104e-05
9.21606e-05
9.26362e-05
9.3119e-05
9.35905e-05
9.40319e-05
9.44257e-05
9.47558e-05
9.50086e-05
9.51737e-05
9.52446e-05
9.52181e-05
0.000175681
0.000175751
0.000175718
0.000175582
0.000175349
0.000175031
0.00017464
0.000174194
0.000173714
0.000173221
0.000172729
0.000172256
0.000171816
0.000171425
0.000171098
0.000170847
0.00017068
0.000170605
0.000170623
0.000170736
0.000170938
0.000171224
0.000171583
0.000172006
0.000172478
0.000172984
0.0001735
0.000174005
0.000174477
0.000174896
0.000175245
0.00017551
0.000194841
0.000194996
0.000194974
0.000194774
0.000194405
0.000193882
0.000193227
0.000192466
0.000191629
0.000190751
0.000189864
0.000189003
0.0001882
0.000187484
0.000186882
0.000186416
0.000186104
0.000185955
0.000185977
0.000186167
0.00018652
0.000187022
0.000187656
0.000188397
0.000189219
0.000190091
0.00019098
0.000191851
0.000192671
0.000193407
0.00019403
0.000194515
0.000187642
0.000187855
0.000187859
0.000187653
0.000187247
0.000186656
0.000185905
0.000185026
0.000184055
0.000183029
0.00018199
0.000180978
0.00018003
0.000179183
0.000178466
0.000177906
0.000177521
0.000177327
0.000177329
0.000177527
0.000177913
0.000178475
0.000179191
0.000180037
0.000180981
0.000181988
0.000183021
0.000184041
0.000185009
0.000185885
0.000186636
0.00018723
9.58741e-05
9.60373e-05
9.60706e-05
9.59724e-05
9.57466e-05
9.5403e-05
9.49567e-05
9.44267e-05
9.38354e-05
9.32072e-05
9.25673e-05
9.19404e-05
9.13502e-05
9.08182e-05
9.03633e-05
9.00013e-05
8.97444e-05
8.96009e-05
8.95754e-05
8.96685e-05
8.98769e-05
9.01935e-05
9.06073e-05
9.11041e-05
9.16667e-05
9.22751e-05
9.29071e-05
9.35393e-05
9.4147e-05
9.47062e-05
9.51937e-05
9.55887e-05
0.000176371
0.000176528
0.000176551
0.000176439
0.000176197
0.000175835
0.00017537
0.000174821
0.000174214
0.000173575
0.000172926
0.000172287
0.000171682
0.000171132
0.000170657
0.000170274
0.000169999
0.00016984
0.000169805
0.000169894
0.000170105
0.00017043
0.00017086
0.00017138
0.000171973
0.00017262
0.000173293
0.000173963
0.000174601
0.000175183
0.000175685
0.000176086
0.00019614
0.000196481
0.000196584
0.000196446
0.000196071
0.000195476
0.000194686
0.000193733
0.000192657
0.0001915
0.000190308
0.000189126
0.000187999
0.000186968
0.00018607
0.00018534
0.000184803
0.000184478
0.000184378
0.000184505
0.000184856
0.000185419
0.000186173
0.00018709
0.000188139
0.00018928
0.00019047
0.000191663
0.000192815
0.000193878
0.000194811
0.000195575
0.000189292
0.000189777
0.000189975
0.000189877
0.000189486
0.000188821
0.00018791
0.000186792
0.000185515
0.000184132
0.000182697
0.000181266
0.000179893
0.000178629
0.000177519
0.000176602
0.000175911
0.000175468
0.00017529
0.000175381
0.000175739
0.000176351
0.000177197
0.000178248
0.000179465
0.000180807
0.000182223
0.000183662
0.000185067
0.000186384
0.000187558
0.000188542
9.70287e-05
9.74154e-05
9.76157e-05
9.76201e-05
9.74284e-05
9.70498e-05
9.65018e-05
9.58096e-05
9.50043e-05
9.41208e-05
9.31959e-05
9.22664e-05
9.13676e-05
9.05324e-05
8.97898e-05
8.91648e-05
8.86776e-05
8.83437e-05
8.81733e-05
8.81714e-05
8.83379e-05
8.86678e-05
8.91505e-05
8.97709e-05
9.05088e-05
9.13397e-05
9.22347e-05
9.31616e-05
9.40855e-05
9.49697e-05
9.57775e-05
9.64742e-05
0.000177103
0.000177185
0.000177109
0.000176879
0.000176502
0.000175997
0.000175383
0.000174687
0.000173941
0.000173175
0.000172417
0.000171692
0.000171025
0.000170441
0.000169961
0.000169601
0.000169375
0.000169292
0.000169354
0.00016956
0.000169902
0.000170368
0.000170942
0.000171605
0.000172335
0.000173107
0.000173889
0.000174648
0.000175352
0.000175972
0.000176484
0.000176866
0.000197441
0.000197634
0.000197543
0.000197172
0.000196538
0.000195666
0.000194593
0.000193364
0.000192027
0.000190637
0.000189247
0.000187909
0.000186673
0.000185584
0.000184681
0.000183996
0.000183555
0.000183372
0.000183455
0.0001838
0.000184396
0.000185221
0.000186247
0.000187436
0.000188745
0.000190125
0.000191525
0.000192889
0.000194164
0.0001953
0.000196249
0.000196973
0.000190913
0.00019121
0.00019116
0.000190765
0.000190043
0.000189026
0.000187757
0.000186293
0.000184692
0.000183021
0.000181344
0.000179726
0.000178224
0.000176894
0.000175782
0.000174925
0.000174353
0.000174085
0.00017413
0.000174486
0.000175143
0.000176077
0.000177257
0.000178643
0.000180185
0.000181828
0.00018351
0.000185167
0.000186735
0.000188148
0.000189348
0.000190283
9.81492e-05
9.84052e-05
9.84321e-05
9.82287e-05
9.78047e-05
9.71802e-05
9.63848e-05
9.54549e-05
9.44314e-05
9.33574e-05
9.22761e-05
9.12286e-05
9.0253e-05
8.93829e-05
8.86469e-05
8.80685e-05
8.76654e-05
8.74497e-05
8.74278e-05
8.76003e-05
8.79621e-05
8.85023e-05
8.92045e-05
9.00464e-05
9.10006e-05
9.20344e-05
9.31107e-05
9.41889e-05
9.52267e-05
9.61809e-05
9.701e-05
9.76766e-05
0.000177711
0.000177612
0.000177341
0.000176908
0.000176331
0.000175634
0.000174846
0.000174001
0.000173134
0.000172281
0.000171473
0.000170737
0.000170098
0.000169579
0.000169198
0.000168968
0.000168899
0.000168993
0.000169245
0.000169648
0.000170185
0.000170839
0.000171586
0.0001724
0.000173254
0.000174118
0.000174955
0.000175731
0.000176412
0.000176971
0.000177384
0.000177634
0.000198498
0.000198311
0.000197815
0.00019703
0.000195989
0.000194736
0.000193322
0.000191804
0.000190242
0.000188698
0.000187229
0.000185889
0.000184727
0.000183784
0.000183094
0.00018268
0.000182558
0.000182731
0.000183193
0.000183929
0.000184913
0.00018611
0.000187476
0.000188963
0.000190515
0.000192073
0.000193577
0.000194967
0.000196187
0.000197186
0.000197923
0.000198366
0.00019224
0.000192011
0.000191402
0.00019044
0.000189169
0.000187644
0.00018593
0.000184098
0.00018222
0.000180371
0.000178617
0.000177024
0.000175646
0.000174531
0.000173716
0.000173228
0.000173083
0.000173285
0.000173829
0.000174697
0.00017586
0.00017728
0.000178907
0.000180684
0.000182546
0.000184423
0.000186242
0.000187929
0.000189414
0.000190635
0.000191537
0.00019208
9.90912e-05
9.89357e-05
9.85289e-05
9.78912e-05
9.70532e-05
9.60537e-05
9.49382e-05
9.37548e-05
9.25517e-05
9.13753e-05
9.02685e-05
8.92695e-05
8.8411e-05
8.772e-05
8.72172e-05
8.69174e-05
8.68292e-05
8.69554e-05
8.72925e-05
8.7831e-05
8.85552e-05
8.94431e-05
9.04668e-05
9.15921e-05
9.27795e-05
9.3985e-05
9.51612e-05
9.62595e-05
9.7232e-05
9.80345e-05
9.86293e-05
9.89874e-05
0.000178055
0.000177823
0.000177412
0.00017684
0.000176128
0.000175308
0.000174411
0.000173477
0.000172544
0.000171651
0.000170828
0.000170104
0.000169502
0.000169044
0.000168746
0.000168619
0.000168666
0.000168887
0.000169273
0.00016981
0.000170478
0.000171254
0.000172109
0.000173015
0.00017394
0.000174852
0.00017571
0.00017648
0.000177127
0.000177626
0.000177954
0.000178099
0.000199063
0.000198587
0.000197791
0.000196709
0.000195386
0.000193877
0.000192244
0.000190551
0.000188866
0.000187251
0.000185766
0.000184466
0.000183397
0.000182595
0.00018209
0.000181897
0.000182024
0.000182465
0.000183207
0.000184223
0.000185477
0.000186926
0.000188516
0.000190189
0.000191883
0.000193533
0.000195073
0.000196441
0.000197579
0.000198441
0.000198989
0.000199199
0.000192957
0.000192304
0.000191259
0.000189873
0.000188205
0.000186327
0.000184318
0.000182259
0.000180228
0.000178303
0.000176551
0.000175034
0.000173803
0.000172898
0.000172349
0.000172173
0.000172375
0.00017295
0.000173878
0.000175131
0.000176667
0.000178434
0.000180372
0.000182409
0.000184469
0.000186474
0.00018834
0.000189991
0.000191355
0.00019237
0.000192991
0.00019319
9.96259e-05
9.91205e-05
9.83597e-05
9.7381e-05
9.62312e-05
9.4963e-05
9.3631e-05
9.22895e-05
9.09895e-05
8.97773e-05
8.86938e-05
8.7773e-05
8.70428e-05
8.6524e-05
8.62312e-05
8.61725e-05
8.63495e-05
8.67577e-05
8.73861e-05
8.82169e-05
8.9226e-05
9.03822e-05
9.16477e-05
9.29785e-05
9.43252e-05
9.56341e-05
9.68501e-05
9.79188e-05
9.87901e-05
9.94212e-05
9.97806e-05
9.98499e-05
0.00017809
0.000177902
0.000177536
0.000177007
0.000176334
0.000175548
0.000174679
0.000173766
0.000172846
0.000171959
0.000171132
0.000170395
0.000169772
0.000169285
0.000168952
0.000168784
0.000168787
0.000168962
0.000169302
0.000169795
0.000170422
0.000171162
0.000171989
0.000172874
0.000173787
0.000174695
0.00017556
0.000176344
0.000177014
0.000177542
0.000177906
0.000178091
0.00019897
0.000198572
0.000197855
0.000196851
0.000195601
0.000194157
0.000192579
0.000190929
0.000189273
0.000187672
0.000186187
0.000184872
0.000183773
0.00018293
0.00018237
0.000182115
0.000182172
0.00018254
0.000183205
0.000184146
0.000185329
0.000186712
0.000188245
0.000189873
0.000191535
0.000193167
0.000194704
0.000196084
0.00019725
0.000198154
0.000198757
0.000199033
0.000192751
0.000192179
0.000191221
0.000189921
0.000188337
0.000186537
0.000184595
0.000182591
0.000180602
0.000178702
0.00017696
0.000175437
0.000174185
0.000173245
0.000172647
0.000172412
0.000172547
0.000173047
0.000173897
0.00017507
0.000176528
0.00017822
0.000180089
0.000182067
0.000184081
0.000186052
0.000187901
0.000189551
0.00019093
0.000191978
0.000192648
0.00019291
9.94369e-05
9.89756e-05
9.82643e-05
9.73375e-05
9.62398e-05
9.50213e-05
9.37348e-05
9.24326e-05
9.11647e-05
8.99765e-05
8.89082e-05
8.79941e-05
8.72619e-05
8.6733e-05
8.64226e-05
8.63393e-05
8.64858e-05
8.68581e-05
8.74464e-05
8.82341e-05
8.91981e-05
9.03086e-05
9.15293e-05
9.28178e-05
9.41263e-05
9.5403e-05
9.65945e-05
9.76478e-05
9.85139e-05
9.9151e-05
9.95273e-05
9.96241e-05
0.000177936
0.000177957
0.000177799
0.00017747
0.000176983
0.000176358
0.000175622
0.000174806
0.000173948
0.000173082
0.000172237
0.000171441
0.000170722
0.000170107
0.000169616
0.000169268
0.000169077
0.000169048
0.000169183
0.000169479
0.000169923
0.000170501
0.000171192
0.000171975
0.000172823
0.000173706
0.000174586
0.000175426
0.000176189
0.000176846
0.000177369
0.000177737
0.000198475
0.000198499
0.000198207
0.000197613
0.000196742
0.000195631
0.000194325
0.000192879
0.000191349
0.000189797
0.000188281
0.000186857
0.000185577
0.000184488
0.000183629
0.00018303
0.000182711
0.000182685
0.000182953
0.000183505
0.000184322
0.000185376
0.000186629
0.000188036
0.000189546
0.000191102
0.000192644
0.000194111
0.000195445
0.00019659
0.000197501
0.000198138
0.000191948
0.000191944
0.000191561
0.000190818
0.000189747
0.000188395
0.00018682
0.000185089
0.000183271
0.000181438
0.00017966
0.000178001
0.000176521
0.000175272
0.000174296
0.000173626
0.000173285
0.000173283
0.000173622
0.00017429
0.000175265
0.000176516
0.000178
0.000179664
0.000181448
0.000183288
0.00018511
0.000186845
0.00018842
0.00018977
0.000190837
0.000191574
9.87307e-05
9.86998e-05
9.84253e-05
9.79211e-05
9.72117e-05
9.63305e-05
9.53177e-05
9.42172e-05
9.30749e-05
9.19358e-05
9.08425e-05
8.98339e-05
8.89441e-05
8.82019e-05
8.76307e-05
8.72477e-05
8.70645e-05
8.70867e-05
8.73138e-05
8.77395e-05
8.83514e-05
8.91308e-05
9.00533e-05
9.10884e-05
9.22003e-05
9.33486e-05
9.44891e-05
9.55759e-05
9.6563e-05
9.74066e-05
9.80683e-05
9.85167e-05
0.000177916
0.000178163
0.000178225
0.000178097
0.000177787
0.000177308
0.00017668
0.000175932
0.000175097
0.000174211
0.000173302
0.000172402
0.000171544
0.000170758
0.000170073
0.000169515
0.000169104
0.000168855
0.000168779
0.000168877
0.000169147
0.00016958
0.000170161
0.000170872
0.000171691
0.000172588
0.000173525
0.000174463
0.000175364
0.00017619
0.000176909
0.000177492
0.000198319
0.000198804
0.000198962
0.000198786
0.000198283
0.000197475
0.000196397
0.000195094
0.000193621
0.000192036
0.000190402
0.000188782
0.000187236
0.000185821
0.000184589
0.000183583
0.00018284
0.000182385
0.000182235
0.000182394
0.000182859
0.000183611
0.000184626
0.000185868
0.000187292
0.000188847
0.000190474
0.000192112
0.000193697
0.000195167
0.000196461
0.000197526
0.000191603
0.000192229
0.000192465
0.000192299
0.000191739
0.00019081
0.000189554
0.000188027
0.000186294
0.000184427
0.000182502
0.000180592
0.00017877
0.000177103
0.000175647
0.000174455
0.000173565
0.000173007
0.000172799
0.000172948
0.000173449
0.000174286
0.00017543
0.000176844
0.000178479
0.000180278
0.000182176
0.000184103
0.000185983
0.000187743
0.000189309
0.000190615
9.83542e-05
9.88035e-05
9.90051e-05
9.89491e-05
9.86382e-05
9.80877e-05
9.73246e-05
9.63851e-05
9.53122e-05
9.41532e-05
9.29564e-05
9.1769e-05
9.06355e-05
8.95959e-05
8.86853e-05
8.79328e-05
8.73615e-05
8.69883e-05
8.6824e-05
8.68731e-05
8.7134e-05
8.7599e-05
8.82543e-05
8.908e-05
9.00504e-05
9.11339e-05
9.22936e-05
9.34877e-05
9.46709e-05
9.57954e-05
9.68137e-05
9.76801e-05
0.000178325
0.000178678
0.000178825
0.000178759
0.000178483
0.00017801
0.00017736
0.000176563
0.000175654
0.00017467
0.000173647
0.00017262
0.000171626
0.000170701
0.000169879
0.000169191
0.000168662
0.000168312
0.000168154
0.000168193
0.00016843
0.000168855
0.000169456
0.000170213
0.000171101
0.000172089
0.000173136
0.000174199
0.000175235
0.000176202
0.000177061
0.000177778
0.000199073
0.00019977
0.000200099
0.000200046
0.000199613
0.000198821
0.000197703
0.000196308
0.000194695
0.000192929
0.000191082
0.000189224
0.000187425
0.000185753
0.000184268
0.000183022
0.00018206
0.000181415
0.000181109
0.000181153
0.000181546
0.000182274
0.000183312
0.000184625
0.000186167
0.000187882
0.000189707
0.000191575
0.000193413
0.000195149
0.000196713
0.000198039
0.000192515
0.000193426
0.000193897
0.000193905
0.000193449
0.000192552
0.000191255
0.000189617
0.000187712
0.00018562
0.000183428
0.000181222
0.000179087
0.000177099
0.00017533
0.000173839
0.000172675
0.000171875
0.000171467
0.000171461
0.000171858
0.000172646
0.000173799
0.00017528
0.000177041
0.000179021
0.000181152
0.000183356
0.00018555
0.000187646
0.000189559
0.000191206
9.89503e-05
9.9611e-05
9.9991e-05
0.00010007
9.98452e-05
9.93269e-05
9.85424e-05
9.75313e-05
9.63422e-05
9.50297e-05
9.36509e-05
9.22619e-05
9.09158e-05
8.96609e-05
8.85392e-05
8.75863e-05
8.68307e-05
8.62939e-05
8.59909e-05
8.59295e-05
8.61113e-05
8.6531e-05
8.71772e-05
8.80316e-05
8.90692e-05
9.02584e-05
9.15609e-05
9.29318e-05
9.43209e-05
9.56736e-05
9.6933e-05
9.80427e-05
0.000179111
0.00017943
0.000179512
0.000179354
0.000178962
0.000178354
0.000177556
0.000176603
0.000175537
0.000174401
0.000173236
0.000172083
0.000170984
0.000169979
0.000169104
0.000168392
0.000167869
0.000167555
0.00016746
0.000167589
0.000167936
0.000168492
0.000169236
0.000170144
0.000171188
0.000172327
0.000173517
0.000174709
0.000175854
0.000176906
0.000177823
0.000178568
0.000200612
0.000201228
0.000201415
0.000201166
0.000200492
0.000199422
0.000198003
0.000196297
0.000194376
0.000192318
0.000190205
0.000188117
0.000186133
0.000184324
0.000182756
0.000181483
0.000180549
0.000179986
0.000179813
0.000180036
0.000180646
0.000181625
0.000182939
0.000184543
0.00018638
0.000188386
0.000190487
0.000192602
0.00019465
0.000196549
0.000198221
0.000199594
0.000194538
0.000195331
0.000195601
0.000195335
0.000194546
0.000193271
0.000191571
0.000189524
0.00018722
0.000184757
0.000182236
0.000179754
0.000177403
0.000175265
0.000173414
0.000171909
0.000170799
0.000170118
0.000169888
0.000170114
0.00017079
0.000171896
0.000173397
0.000175245
0.000177381
0.000179731
0.000182213
0.000184735
0.000187199
0.000189505
0.000191556
0.000193259
0.00010044
0.000101001
0.000101218
0.000101079
0.000100592
9.9783e-05
9.86948e-05
9.73824e-05
9.59088e-05
9.43403e-05
9.27429e-05
9.1179e-05
8.97052e-05
8.83708e-05
8.72176e-05
8.62794e-05
8.55819e-05
8.51438e-05
8.49761e-05
8.50831e-05
8.54621e-05
8.61034e-05
8.699e-05
8.80979e-05
8.93951e-05
9.08417e-05
9.23903e-05
9.39856e-05
9.55664e-05
9.70674e-05
9.84216e-05
9.95648e-05
0.000179885
0.000180115
0.00018008
0.000179782
0.000179233
0.000178458
0.000177489
0.000176368
0.000175144
0.000173865
0.000172577
0.000171328
0.00017016
0.000169118
0.000168238
0.000167553
0.000167089
0.000166861
0.000166878
0.000167141
0.000167639
0.000168355
0.000169266
0.00017034
0.000171542
0.000172827
0.000174144
0.000175439
0.000176658
0.000177754
0.00017868
0.0001794
0.000202153
0.000202583
0.000202527
0.000201988
0.00020099
0.000199577
0.000197811
0.000195769
0.000193536
0.000191202
0.000188858
0.000186594
0.000184492
0.000182627
0.000181064
0.000179858
0.000179047
0.00017866
0.000178708
0.000179191
0.000180093
0.000181383
0.000183018
0.000184943
0.00018709
0.000189382
0.000191734
0.000194056
0.000196255
0.000198242
0.000199933
0.000201257
0.000196616
0.000197152
0.000197085
0.000196417
0.000195181
0.000193437
0.000191269
0.000188775
0.000186065
0.00018325
0.000180444
0.000177751
0.000175267
0.000173076
0.00017125
0.000169845
0.000168905
0.000168457
0.000168514
0.000169074
0.000170121
0.000171624
0.000173537
0.0001758
0.000178338
0.000181065
0.000183883
0.000186683
0.000189355
0.000191785
0.000193867
0.000195503
0.000102023
0.000102383
0.000102334
0.00010188
0.000101045
9.98764e-05
9.84353e-05
9.67939e-05
9.50295e-05
9.32186e-05
9.14336e-05
8.97398e-05
8.8194e-05
8.68438e-05
8.57276e-05
8.4875e-05
8.43074e-05
8.40384e-05
8.40743e-05
8.44144e-05
8.50505e-05
8.59673e-05
8.71416e-05
8.85417e-05
9.01271e-05
9.1848e-05
9.36456e-05
9.54526e-05
9.71952e-05
9.87963e-05
0.000100179
0.000101274
0.00018028
0.00018044
0.000180323
0.000179932
0.000179285
0.000178409
0.000177342
0.00017613
0.000174824
0.000173474
0.000172131
0.000170842
0.000169654
0.00016861
0.000167746
0.000167096
0.000166682
0.000166521
0.000166616
0.000166966
0.000167558
0.000168372
0.000169379
0.000170547
0.000171834
0.000173193
0.00017457
0.000175908
0.000177152
0.000178252
0.000179163
0.000179848
0.000202941
0.000203237
0.000203019
0.000202297
0.000201103
0.000199491
0.000197532
0.000195309
0.000192916
0.000190448
0.000188001
0.000185666
0.000183528
0.000181664
0.000180135
0.000178996
0.000178282
0.000178017
0.000178211
0.000178856
0.000179931
0.000181402
0.000183218
0.000185319
0.00018763
0.000190068
0.000192541
0.000194954
0.000197209
0.000199214
0.000200884
0.000202145
0.000197687
0.000198048
0.000197766
0.000196854
0.000195357
0.000193349
0.000190925
0.000188195
0.000185278
0.000182293
0.000179357
0.000176578
0.000174054
0.000171866
0.000170085
0.000168765
0.000167945
0.000167647
0.000167882
0.000168641
0.000169903
0.000171631
0.000173772
0.00017626
0.000179011
0.000181933
0.000184916
0.000187847
0.000190606
0.000193072
0.000195136
0.0001967
0.000102837
0.000103072
0.000102867
0.000102232
0.000101205
9.98421e-05
9.82156e-05
9.64065e-05
9.44982e-05
9.25718e-05
9.07019e-05
8.89544e-05
8.73854e-05
8.60409e-05
8.49571e-05
8.41613e-05
8.36722e-05
8.35009e-05
8.36514e-05
8.41201e-05
8.48964e-05
8.5962e-05
8.72901e-05
8.88453e-05
9.05823e-05
9.24456e-05
9.43701e-05
9.62816e-05
9.80995e-05
9.97403e-05
0.000101123
0.000102175
0.000180215
0.000180334
0.00018018
0.000179758
0.000179087
0.000178195
0.000177121
0.000175911
0.000174615
0.000173283
0.000171964
0.000170706
0.000169553
0.000168546
0.000167724
0.000167115
0.000166742
0.000166618
0.000166749
0.000167128
0.000167744
0.000168575
0.000169592
0.000170762
0.000172044
0.000173389
0.000174743
0.000176051
0.000177259
0.000178319
0.000179187
0.000179828
0.000202801
0.000203025
0.000202744
0.000201971
0.00020074
0.000199107
0.000197142
0.00019493
0.000192562
0.000190133
0.000187737
0.000185462
0.000183392
0.000181598
0.000180143
0.000179076
0.000178431
0.000178229
0.000178478
0.000179169
0.00018028
0.000181774
0.000183601
0.000185698
0.000187992
0.000190399
0.000192829
0.000195186
0.000197376
0.000199308
0.0002009
0.000202082
0.000197485
0.000197763
0.00019741
0.000196443
0.00019491
0.000192886
0.000190465
0.000187757
0.000184879
0.000181948
0.000179078
0.000176375
0.00017393
0.000171827
0.000170129
0.00016889
0.000168145
0.000167916
0.000168209
0.000169016
0.000170314
0.000172063
0.000174212
0.000176691
0.000179419
0.000182301
0.000185231
0.000188094
0.000190772
0.00019315
0.00019512
0.000196589
0.000102655
0.000102841
0.000102598
0.000101938
0.000100899
9.95381e-05
9.79268e-05
9.61441e-05
9.42717e-05
9.2388e-05
9.05657e-05
8.88686e-05
8.73507e-05
8.60566e-05
8.5021e-05
8.427e-05
8.38214e-05
8.36855e-05
8.38651e-05
8.43564e-05
8.51479e-05
8.62206e-05
8.75473e-05
8.90919e-05
9.08089e-05
9.26428e-05
9.45284e-05
9.63925e-05
9.8156e-05
9.97373e-05
0.000101058
0.000102049
0.000179855
0.000179942
0.000179771
0.000179349
0.000178695
0.000177836
0.000176809
0.000175659
0.000174431
0.000173175
0.000171934
0.000170755
0.000169678
0.000168744
0.000167985
0.000167431
0.0001671
0.000167006
0.000167151
0.000167532
0.000168133
0.000168936
0.000169912
0.000171029
0.000172247
0.000173519
0.000174795
0.000176023
0.000177151
0.000178134
0.000178933
0.000179514
0.000202077
0.000202246
0.000201944
0.000201182
0.000199997
0.000198439
0.000196578
0.00019449
0.000192263
0.000189985
0.000187743
0.000185621
0.000183696
0.000182036
0.000180698
0.000179726
0.000179155
0.000179001
0.000179271
0.000179955
0.000181031
0.000182463
0.000184203
0.000186192
0.000188357
0.000190621
0.000192897
0.000195096
0.00019713
0.000198914
0.000200373
0.000201443
0.000196491
0.000196707
0.000196338
0.000195402
0.000193945
0.000192036
0.000189764
0.00018723
0.000184543
0.000181811
0.000179141
0.000176629
0.000174364
0.000172421
0.00017086
0.000169731
0.000169068
0.000168888
0.000169199
0.00016999
0.000171237
0.000172905
0.00017494
0.000177278
0.00017984
0.000182535
0.000185264
0.000187921
0.000190395
0.00019258
0.000194376
0.000195702
0.00010187
0.00010202
0.000101777
0.000101156
0.000100189
9.893e-05
9.74422e-05
9.57976e-05
9.40704e-05
9.23325e-05
9.06507e-05
8.90843e-05
8.7684e-05
8.64915e-05
8.55399e-05
8.48539e-05
8.44505e-05
8.43391e-05
8.45225e-05
8.49962e-05
8.57488e-05
8.67613e-05
8.80071e-05
8.94511e-05
9.10495e-05
9.27495e-05
9.44902e-05
9.62031e-05
9.78159e-05
9.92545e-05
0.000100449
0.000101336
0.000179461
0.000179511
0.000179321
0.000178898
0.00017826
0.000177435
0.000176458
0.000175371
0.000174217
0.00017304
0.000171884
0.000170789
0.000169796
0.000168939
0.000168251
0.000167756
0.000167472
0.000167411
0.000167575
0.000167957
0.000168545
0.000169318
0.000170251
0.000171312
0.000172462
0.000173657
0.00017485
0.00017599
0.000177032
0.000177932
0.000178655
0.000179172
0.000201319
0.000201423
0.00020109
0.000200334
0.000199189
0.000197706
0.000195947
0.000193987
0.000191905
0.000189784
0.000187705
0.000185746
0.000183977
0.000182462
0.000181252
0.000180389
0.000179901
0.000179805
0.000180105
0.000180789
0.000181836
0.00018321
0.000184865
0.000186743
0.000188776
0.00019089
0.000193004
0.000195035
0.000196901
0.000198525
0.000199837
0.000200783
0.00019548
0.000195615
0.000195213
0.000194293
0.0001929
0.000191098
0.000188971
0.00018661
0.000184117
0.000181591
0.000179129
0.000176822
0.00017475
0.000172983
0.000171576
0.000170575
0.00017001
0.000169897
0.00017024
0.000171028
0.000172238
0.000173831
0.000175759
0.000177958
0.000180352
0.000182856
0.000185377
0.000187816
0.000190071
0.000192046
0.000193652
0.000194815
0.000101106
0.000101201
0.00010094
0.000100339
9.94292e-05
9.82578e-05
9.68832e-05
9.53702e-05
9.37856e-05
9.21946e-05
9.06582e-05
8.92304e-05
8.79579e-05
8.68795e-05
8.60257e-05
8.54194e-05
8.50762e-05
8.50045e-05
8.52062e-05
8.56762e-05
8.64024e-05
8.73658e-05
8.85399e-05
8.98903e-05
9.13747e-05
9.2943e-05
9.45379e-05
9.60962e-05
9.75515e-05
9.88376e-05
9.98923e-05
0.000100662
0.000179186
0.000179199
0.000178984
0.000178549
0.000177912
0.000177101
0.00017615
0.000175101
0.000173993
0.00017287
0.000171772
0.000170738
0.000169806
0.000169009
0.000168377
0.000167933
0.000167692
0.000167665
0.000167852
0.000168247
0.000168836
0.000169599
0.000170511
0.00017154
0.000172648
0.000173793
0.000174928
0.000176006
0.000176983
0.00017782
0.000178482
0.000178943
0.000200835
0.000200872
0.000200495
0.00019972
0.000198582
0.00019713
0.000195425
0.000193539
0.000191548
0.000189529
0.000187561
0.000185717
0.000184062
0.000182657
0.000181549
0.000180776
0.000180365
0.00018033
0.00018067
0.000181376
0.000182423
0.000183777
0.00018539
0.000187206
0.000189159
0.000191177
0.000193183
0.000195097
0.000196841
0.000198345
0.000199544
0.000200386
0.000194853
0.000194906
0.000194452
0.000193515
0.000192138
0.000190384
0.000188333
0.000186074
0.0001837
0.000181307
0.000178986
0.000176821
0.000174889
0.000173255
0.00017197
0.000171076
0.0001706
0.000170557
0.000170947
0.000171758
0.000172966
0.000174533
0.000176409
0.000178531
0.000180825
0.00018321
0.000185595
0.000187885
0.000189985
0.000191806
0.000193266
0.000194298
0.000100651
0.00010069
0.000100397
9.97887e-05
9.88963e-05
9.77651e-05
9.64502e-05
9.50123e-05
9.35141e-05
9.20163e-05
9.05758e-05
8.92431e-05
8.80619e-05
8.70683e-05
8.62908e-05
8.57507e-05
8.54622e-05
8.54325e-05
8.56624e-05
8.6146e-05
8.68705e-05
8.78163e-05
8.89566e-05
9.0257e-05
9.16758e-05
9.31641e-05
9.46666e-05
9.61234e-05
9.74722e-05
9.86514e-05
9.96042e-05
0.000100282
0.000179069
0.000179046
0.000178799
0.000178337
0.000177682
0.000176859
0.000175905
0.000174861
0.000173766
0.000172662
0.000171588
0.000170584
0.000169685
0.000168924
0.000168329
0.000167922
0.000167718
0.000167725
0.000167943
0.000168363
0.000168972
0.000169749
0.000170667
0.000171696
0.000172796
0.000173925
0.000175036
0.000176084
0.000177027
0.000177825
0.000178447
0.000178867
0.000200701
0.000200672
0.000200237
0.000199415
0.000198242
0.000196769
0.000195058
0.000193179
0.000191209
0.000189223
0.000187299
0.000185507
0.000183911
0.000182569
0.000181527
0.00018082
0.000180473
0.000180496
0.00018089
0.000181641
0.000182723
0.000184101
0.000185727
0.000187542
0.000189482
0.000191473
0.00019344
0.000195303
0.000196988
0.000198425
0.000199553
0.000200323
0.000194711
0.000194684
0.000194162
0.000193169
0.000191752
0.000189976
0.00018792
0.000185672
0.000183326
0.000180974
0.000178705
0.000176603
0.00017474
0.000173179
0.00017197
0.000171151
0.000170747
0.000170771
0.000171221
0.000172084
0.000173333
0.000174929
0.00017682
0.000178944
0.000181225
0.000183581
0.000185921
0.000188153
0.000190183
0.000191924
0.000193298
0.000194242
0.00010056
0.000100549
0.000100214
9.95709e-05
9.86546e-05
9.7511e-05
9.6195e-05
9.47668e-05
9.32877e-05
9.18173e-05
9.04106e-05
8.91167e-05
8.79777e-05
8.70281e-05
8.62953e-05
8.57992e-05
8.55528e-05
8.55624e-05
8.58277e-05
8.63418e-05
8.70911e-05
8.80551e-05
8.92059e-05
9.05085e-05
9.19204e-05
9.33923e-05
9.48688e-05
9.62906e-05
9.75961e-05
9.87255e-05
9.9624e-05
0.000100246
0.000179083
0.00017902
0.000178732
0.00017823
0.000177535
0.000176678
0.000175695
0.000174627
0.000173514
0.000172398
0.00017132
0.000170319
0.00016943
0.000168687
0.000168115
0.000167738
0.000167567
0.00016761
0.000167866
0.000168326
0.000168973
0.000169786
0.000170737
0.000171795
0.000172917
0.000174059
0.000175176
0.000176221
0.000177152
0.000177932
0.000178528
0.000178917
0.000200884
0.000200782
0.000200269
0.000199368
0.000198117
0.00019657
0.000194793
0.000192859
0.000190845
0.00018883
0.000186889
0.000185095
0.000183512
0.000182196
0.000181193
0.000180535
0.000180246
0.000180335
0.0001808
0.000181623
0.000182779
0.000184228
0.000185919
0.000187794
0.000189783
0.000191811
0.000193801
0.000195673
0.000197351
0.000198764
0.000199852
0.000200569
0.000195056
0.00019494
0.000194318
0.00019322
0.000191697
0.00018982
0.000187672
0.000185344
0.000182932
0.000180532
0.000178234
0.00017612
0.000174263
0.000172726
0.000171556
0.00017079
0.000170453
0.000170552
0.000171087
0.00017204
0.000173381
0.00017507
0.000177051
0.000179257
0.000181612
0.000184029
0.000186415
0.000188674
0.000190711
0.000192438
0.000193775
0.000194662
0.000100876
0.000100805
0.000100399
9.96803e-05
9.86853e-05
9.74645e-05
9.60765e-05
9.45845e-05
9.30519e-05
9.15397e-05
9.01037e-05
8.87932e-05
8.76499e-05
8.67081e-05
8.5994e-05
8.55267e-05
8.53182e-05
8.53737e-05
8.56917e-05
8.6264e-05
8.70756e-05
8.81046e-05
8.93213e-05
9.06887e-05
9.21621e-05
9.36894e-05
9.52126e-05
9.66692e-05
9.79954e-05
9.91294e-05
0.000100015
0.000100608
0.000179036
0.000178933
0.000178604
0.000178064
0.000177336
0.000176449
0.000175443
0.000174358
0.000173235
0.000172115
0.00017104
0.000170049
0.000169177
0.000168457
0.000167914
0.000167569
0.000167435
0.000167516
0.00016781
0.000168307
0.000168989
0.000169835
0.000170814
0.000171892
0.000173028
0.000174176
0.00017529
0.000176324
0.000177237
0.000177991
0.000178556
0.000178909
0.000201019
0.000200837
0.00020024
0.000199255
0.000197924
0.000196305
0.000194466
0.000192482
0.000190432
0.000188395
0.000186448
0.000184663
0.000183104
0.000181825
0.00018087
0.000180272
0.00018005
0.000180212
0.000180752
0.000181653
0.000182884
0.000184403
0.000186159
0.000188087
0.000190119
0.000192177
0.00019418
0.000196049
0.000197708
0.000199085
0.000200124
0.000200777
0.000195415
0.000195189
0.000194449
0.000193229
0.000191586
0.000189597
0.000187348
0.000184935
0.000182458
0.000180012
0.000177689
0.000175572
0.000173731
0.000172229
0.000171112
0.000170415
0.000170159
0.00017035
0.000170984
0.00017204
0.000173488
0.00017528
0.00017736
0.000179656
0.000182089
0.000184569
0.000186999
0.00018928
0.000191315
0.000193014
0.000194301
0.000195114
0.000101256
0.000101104
0.000100605
9.97864e-05
9.86906e-05
9.73729e-05
9.58962e-05
9.43271e-05
9.27317e-05
9.11721e-05
8.97051e-05
8.83798e-05
8.72374e-05
8.63111e-05
8.56261e-05
8.52001e-05
8.50437e-05
8.51606e-05
8.55478e-05
8.61957e-05
8.70874e-05
8.8199e-05
8.94988e-05
9.09471e-05
9.24961e-05
9.40901e-05
9.56675e-05
9.71627e-05
9.85088e-05
9.96417e-05
0.000100505
0.000101052
0.000178692
0.000178566
0.000178225
0.000177684
0.000176965
0.0001761
0.000175124
0.000174078
0.000172999
0.000171929
0.000170905
0.000169965
0.000169144
0.000168472
0.000167973
0.000167666
0.000167561
0.000167664
0.000167971
0.000168471
0.000169147
0.000169976
0.00017093
0.000171975
0.000173069
0.000174169
0.00017523
0.00017621
0.000177068
0.00017777
0.000178287
0.000178598
0.000200617
0.000200382
0.000199749
0.000198747
0.000197418
0.000195821
0.000194021
0.000192092
0.00019011
0.000188152
0.000186291
0.000184595
0.000183126
0.000181934
0.00018106
0.000180535
0.000180375
0.000180586
0.00018116
0.000182079
0.000183312
0.000184816
0.00018654
0.000188422
0.000190391
0.000192375
0.000194294
0.000196072
0.000197637
0.000198921
0.000199871
0.000200444
0.000195088
0.00019478
0.000193975
0.000192713
0.000191052
0.000189067
0.000186845
0.000184481
0.000182069
0.000179702
0.000177469
0.000175448
0.000173709
0.000172307
0.000171288
0.000170681
0.000170507
0.000170768
0.000171459
0.000172556
0.000174028
0.000175827
0.000177894
0.00018016
0.000182544
0.000184956
0.000187303
0.000189488
0.000191417
0.000193005
0.000194179
0.000194884
0.000101145
0.000100922
0.000100363
9.94954e-05
9.83659e-05
9.70303e-05
9.55516e-05
9.39956e-05
9.24265e-05
9.0905e-05
8.94851e-05
8.82139e-05
8.71303e-05
8.62654e-05
8.56426e-05
8.52778e-05
8.51801e-05
8.53518e-05
8.57885e-05
8.64792e-05
8.74058e-05
8.85432e-05
8.98582e-05
9.13101e-05
9.28498e-05
9.44215e-05
9.59637e-05
9.74108e-05
9.86971e-05
9.97607e-05
0.000100548
0.000101018
0.000177941
0.000177838
0.000177545
0.000177075
0.000176449
0.000175693
0.000174839
0.000173921
0.000172971
0.000172026
0.00017112
0.000170286
0.000169554
0.000168953
0.000168503
0.000168221
0.000168119
0.0001682
0.000168461
0.000168895
0.000169485
0.000170213
0.000171053
0.000171975
0.000172941
0.000173913
0.000174852
0.00017572
0.000176482
0.000177106
0.000177569
0.000177851
0.000199372
0.000199172
0.000198624
0.000197751
0.000196591
0.000195193
0.000193616
0.000191921
0.000190178
0.000188453
0.00018681
0.00018531
0.000184007
0.000182948
0.000182169
0.000181697
0.000181547
0.000181726
0.000182226
0.000183031
0.000184114
0.000185437
0.000186955
0.000188612
0.000190348
0.000192095
0.000193786
0.000195353
0.000196732
0.000197865
0.000198704
0.000199214
0.000193584
0.00019331
0.000192603
0.000191496
0.00019004
0.000188299
0.00018635
0.000184273
0.000182151
0.000180067
0.000178098
0.000176314
0.000174778
0.000173539
0.000172638
0.000172103
0.00017195
0.000172185
0.000172799
0.000173774
0.00017508
0.000176673
0.000178502
0.000180504
0.000182606
0.000184729
0.000186789
0.000188704
0.000190391
0.000191777
0.000192799
0.000193411
0.000100106
9.98967e-05
9.93957e-05
9.86292e-05
9.76358e-05
9.64636e-05
9.51667e-05
9.38016e-05
9.24244e-05
9.10881e-05
8.98403e-05
8.87229e-05
8.77712e-05
8.70133e-05
8.64705e-05
8.61577e-05
8.60828e-05
8.62478e-05
8.66483e-05
8.72738e-05
8.81071e-05
8.91245e-05
9.02953e-05
9.15818e-05
9.29402e-05
9.43206e-05
9.56686e-05
9.69269e-05
9.8039e-05
9.89522e-05
9.96215e-05
0.000100013
0.000176975
0.000176951
0.000176771
0.000176443
0.000175981
0.000175405
0.000174741
0.000174013
0.000173247
0.000172471
0.000171715
0.000171006
0.00017037
0.000169831
0.000169409
0.000169119
0.000168973
0.000168976
0.000169129
0.000169428
0.000169861
0.000170416
0.000171074
0.000171809
0.000172592
0.000173391
0.000174174
0.000174909
0.000175568
0.000176123
0.000176553
0.00017684
0.000197615
0.000197569
0.000197239
0.00019664
0.000195797
0.000194746
0.000193531
0.000192199
0.000190803
0.000189398
0.000188037
0.00018677
0.000185644
0.0001847
0.000183971
0.000183483
0.000183253
0.000183289
0.00018359
0.000184145
0.000184937
0.000185937
0.00018711
0.000188415
0.000189801
0.000191217
0.000192607
0.000193917
0.000195093
0.000196087
0.000196859
0.000197375
0.000191339
0.000191261
0.000190835
0.000190082
0.000189035
0.000187741
0.000186254
0.000184635
0.000182951
0.000181267
0.000179646
0.000178149
0.000176828
0.000175729
0.000174889
0.000174335
0.000174086
0.000174149
0.000174524
0.000175197
0.000176149
0.000177346
0.000178749
0.000180309
0.00018197
0.000183668
0.000185339
0.000186915
0.000188332
0.000189528
0.000190453
0.000191066
9.84823e-05
9.84102e-05
9.81104e-05
9.75978e-05
9.68973e-05
9.60417e-05
9.50696e-05
9.40232e-05
9.29457e-05
9.18791e-05
9.08631e-05
8.99336e-05
8.91218e-05
8.84536e-05
8.79497e-05
8.7625e-05
8.7489e-05
8.75457e-05
8.77935e-05
8.82254e-05
8.88289e-05
8.95859e-05
9.04726e-05
9.146e-05
9.25143e-05
9.35965e-05
9.46646e-05
9.56747e-05
9.65835e-05
9.73502e-05
9.79394e-05
9.83229e-05
0.000176135
0.000176222
0.000176181
0.000176014
0.00017573
0.000175341
0.000174866
0.00017432
0.000173723
0.000173098
0.000172466
0.000171851
0.000171277
0.000170764
0.000170332
0.000169997
0.000169772
0.000169667
0.000169685
0.000169827
0.000170089
0.000170463
0.000170938
0.000171494
0.000172107
0.000172754
0.000173408
0.000174044
0.000174634
0.000175158
0.000175593
0.000175923
0.000196052
0.000196227
0.000196172
0.000195891
0.000195395
0.000194706
0.000193851
0.000192865
0.000191788
0.00019066
0.000189526
0.000188428
0.000187407
0.000186503
0.000185746
0.000185166
0.000184782
0.000184609
0.000184653
0.000184912
0.000185379
0.000186036
0.000186862
0.000187825
0.00018889
0.000190016
0.000191161
0.00019228
0.000193328
0.000194264
0.00019505
0.000195654
0.000189342
0.000189556
0.000189494
0.000189159
0.000188564
0.000187737
0.000186712
0.000185532
0.000184245
0.000182903
0.000181557
0.000180259
0.000179056
0.000177993
0.000177106
0.000176427
0.000175978
0.000175776
0.000175827
0.000176129
0.000176674
0.000177442
0.000178408
0.000179537
0.00018079
0.00018212
0.000183477
0.000184808
0.000186061
0.000187183
0.000188129
0.000188859
9.70778e-05
9.72208e-05
9.71862e-05
9.6976e-05
9.66e-05
9.60755e-05
9.54263e-05
9.46807e-05
9.38701e-05
9.30275e-05
9.21862e-05
9.13779e-05
9.06318e-05
8.9974e-05
8.94265e-05
8.90074e-05
8.87298e-05
8.86026e-05
8.86297e-05
8.88104e-05
8.91393e-05
8.96062e-05
9.01964e-05
9.08904e-05
9.16647e-05
9.24915e-05
9.33403e-05
9.41781e-05
9.49712e-05
9.56864e-05
9.62929e-05
9.67637e-05
0.000175575
0.000175741
0.000175799
0.000175747
0.00017559
0.000175335
0.000174994
0.000174577
0.0001741
0.000173579
0.000173034
0.000172485
0.000171953
0.000171457
0.000171016
0.000170647
0.000170365
0.000170181
0.000170103
0.000170134
0.000170274
0.000170522
0.000170868
0.000171297
0.000171791
0.000172331
0.000172895
0.000173461
0.000174005
0.000174507
0.000174946
0.000175307
0.000194999
0.000195337
0.000195483
0.000195429
0.00019518
0.000194745
0.000194142
0.000193396
0.000192535
0.000191595
0.000190611
0.000189621
0.000188664
0.000187775
0.000186987
0.00018633
0.000185827
0.000185497
0.000185352
0.000185397
0.000185632
0.000186048
0.00018663
0.000187357
0.000188203
0.000189135
0.000190119
0.000191115
0.000192087
0.000192995
0.000193803
0.000194481
0.00018802
0.000188458
0.000188665
0.000188631
0.000188359
0.00018786
0.000187155
0.000186274
0.000185253
0.000184134
0.000182961
0.00018178
0.000180636
0.000179572
0.000178627
0.000177833
0.000177221
0.00017681
0.000176615
0.000176644
0.000176894
0.000177358
0.00017802
0.000178857
0.000179839
0.00018093
0.000182091
0.000183277
0.000184443
0.000185542
0.00018653
0.000187368
9.61936e-05
9.65042e-05
9.66677e-05
9.66767e-05
9.65308e-05
9.62368e-05
9.58079e-05
9.5263e-05
9.46257e-05
9.3923e-05
9.31837e-05
9.24371e-05
9.17119e-05
9.10349e-05
9.04301e-05
8.99184e-05
8.9517e-05
8.9239e-05
8.90933e-05
8.90846e-05
8.92132e-05
8.9475e-05
8.98617e-05
9.03609e-05
9.09558e-05
9.1626e-05
9.23475e-05
9.30937e-05
9.38361e-05
9.45453e-05
9.51923e-05
9.57497e-05
0.000175275
0.000175444
0.000175519
0.000175497
0.000175381
0.000175177
0.000174893
0.000174539
0.000174126
0.000173669
0.000173186
0.000172693
0.00017221
0.000171754
0.000171344
0.000170994
0.00017072
0.000170531
0.000170436
0.000170439
0.000170543
0.000170745
0.000171037
0.000171407
0.000171839
0.000172314
0.000172816
0.000173322
0.000173814
0.000174272
0.000174677
0.000175016
0.00019447
0.00019483
0.000195018
0.000195027
0.000194855
0.000194511
0.000194008
0.000193367
0.000192613
0.000191775
0.000190887
0.000189982
0.000189096
0.000188261
0.00018751
0.000186871
0.000186366
0.000186014
0.000185829
0.000185817
0.000185979
0.000186309
0.000186796
0.000187422
0.000188163
0.000188992
0.000189877
0.000190785
0.00019168
0.000192528
0.000193295
0.000193951
0.000187417
0.000187904
0.000188181
0.000188237
0.000188069
0.000187685
0.000187102
0.000186342
0.000185439
0.000184428
0.00018335
0.000182248
0.000181165
0.000180141
0.000179214
0.000178417
0.00017778
0.000177324
0.000177065
0.000177013
0.000177169
0.000177527
0.000178076
0.000178796
0.000179663
0.000180643
0.000181702
0.0001828
0.000183895
0.000184944
0.000185906
0.000186742
9.58638e-05
9.62238e-05
9.64485e-05
9.65277e-05
9.64578e-05
9.62419e-05
9.58897e-05
9.54167e-05
9.48437e-05
9.41951e-05
9.3498e-05
9.27805e-05
9.20707e-05
9.13953e-05
9.07788e-05
9.02432e-05
8.98064e-05
8.9483e-05
8.92833e-05
8.92137e-05
8.92765e-05
8.94695e-05
8.97866e-05
9.02176e-05
9.07481e-05
9.13601e-05
9.20323e-05
9.27401e-05
9.34571e-05
9.41555e-05
9.48071e-05
9.53847e-05
0.000175039
0.000175112
0.000175104
0.000175017
0.000174856
0.000174631
0.000174347
0.000174014
0.000173644
0.000173249
0.000172844
0.000172444
0.000172064
0.000171718
0.000171419
0.00017118
0.000171009
0.000170915
0.000170902
0.000170971
0.000171122
0.000171351
0.000171647
0.000171999
0.00017239
0.000172806
0.000173228
0.000173641
0.000174028
0.000174373
0.000174663
0.000174888
0.00019411
0.0001943
0.00019434
0.000194227
0.000193967
0.000193569
0.000193051
0.000192432
0.000191736
0.000190991
0.000190225
0.000189468
0.000188749
0.000188095
0.00018753
0.000187076
0.000186749
0.000186562
0.000186521
0.000186627
0.000186878
0.000187265
0.000187772
0.000188382
0.000189071
0.000189813
0.00019058
0.000191342
0.00019207
0.000192735
0.000193311
0.000193776
0.000187091
0.000187382
0.000187484
0.000187394
0.000187113
0.000186655
0.000186037
0.000185286
0.000184431
0.000183507
0.000182551
0.0001816
0.000180691
0.000179858
0.00017913
0.000178536
0.000178095
0.000177823
0.00017773
0.000177818
0.000178085
0.000178521
0.00017911
0.000179831
0.000180659
0.000181563
0.00018251
0.000183463
0.000184386
0.000185242
0.000185998
0.000186623
9.57738e-05
9.60169e-05
9.61324e-05
9.6115e-05
9.59652e-05
9.56896e-05
9.53001e-05
9.48136e-05
9.42509e-05
9.36356e-05
9.29927e-05
9.23477e-05
9.17255e-05
9.11492e-05
9.06395e-05
9.02142e-05
8.98876e-05
8.96704e-05
8.95696e-05
8.95883e-05
8.97256e-05
8.9977e-05
9.03341e-05
9.07851e-05
9.13145e-05
9.1904e-05
9.25322e-05
9.3176e-05
9.38108e-05
9.44114e-05
9.49535e-05
9.54141e-05
0.000174578
0.000174454
0.000174276
0.000174052
0.000173794
0.000173512
0.000173215
0.000172913
0.000172616
0.000172334
0.000172078
0.000171857
0.000171678
0.000171548
0.000171473
0.000171455
0.000171496
0.000171596
0.000171752
0.000171959
0.000172212
0.000172502
0.000172815
0.000173139
0.00017346
0.000173764
0.000174038
0.000174272
0.000174455
0.00017458
0.000174644
0.000174643
0.000193358
0.000193181
0.000192898
0.000192521
0.000192063
0.000191543
0.000190981
0.000190399
0.000189819
0.000189263
0.000188752
0.000188306
0.000187941
0.000187671
0.000187506
0.000187452
0.000187512
0.000187683
0.000187959
0.000188329
0.000188779
0.000189294
0.000189854
0.000190437
0.000191021
0.000191583
0.000192101
0.000192555
0.000192926
0.000193201
0.000193368
0.000193421
0.000186304
0.00018614
0.000185836
0.000185406
0.000184865
0.000184236
0.000183543
0.000182814
0.000182077
0.000181361
0.000180692
0.000180098
0.000179599
0.000179215
0.00017896
0.000178843
0.000178867
0.000179032
0.00017933
0.000179751
0.000180279
0.000180894
0.000181575
0.000182294
0.000183026
0.000183743
0.000184417
0.000185021
0.000185531
0.000185929
0.000186197
0.000186324
9.53857e-05
9.53203e-05
9.51554e-05
9.48977e-05
9.45578e-05
9.41497e-05
9.369e-05
9.31974e-05
9.26915e-05
9.21922e-05
9.17187e-05
9.1289e-05
9.09188e-05
9.06216e-05
9.04076e-05
9.0284e-05
9.02548e-05
9.03208e-05
9.04792e-05
9.07244e-05
9.10477e-05
9.14375e-05
9.188e-05
9.23592e-05
9.28575e-05
9.33562e-05
9.38362e-05
9.42786e-05
9.46655e-05
9.49811e-05
9.52119e-05
9.53489e-05
0.000173619
0.000173248
0.000172868
0.000172496
0.000172146
0.000171834
0.000171569
0.000171358
0.00017121
0.000171129
0.000171117
0.000171173
0.000171296
0.00017148
0.00017172
0.000172005
0.000172327
0.000172674
0.000173034
0.000173395
0.000173744
0.000174068
0.000174354
0.000174589
0.000174761
0.000174864
0.000174893
0.000174845
0.000174722
0.000174529
0.000174273
0.000173966
0.00019174
0.000191093
0.000190421
0.00018975
0.000189106
0.000188513
0.000187994
0.000187566
0.000187248
0.000187049
0.000186978
0.000187037
0.000187225
0.000187535
0.000187954
0.000188468
0.000189058
0.0001897
0.00019037
0.000191043
0.000191693
0.000192295
0.000192825
0.000193262
0.000193588
0.000193792
0.000193864
0.000193802
0.000193608
0.00019329
0.000192861
0.000192337
0.000184433
0.000183667
0.000182863
0.00018205
0.000181259
0.00018052
0.00017986
0.000179303
0.000178871
0.000178579
0.000178439
0.000178456
0.00017863
0.000178955
0.000179421
0.000180008
0.000180697
0.000181459
0.000182267
0.000183089
0.000183892
0.000184646
0.000185321
0.000185889
0.00018633
0.000186624
0.000186761
0.000186735
0.000186549
0.000186209
0.000185729
0.000185129
9.42191e-05
9.37322e-05
9.32124e-05
9.26798e-05
9.21546e-05
9.16564e-05
9.12033e-05
9.08118e-05
9.0496e-05
9.02673e-05
9.0134e-05
9.01013e-05
9.01707e-05
9.034e-05
9.06034e-05
9.09517e-05
9.13724e-05
9.18502e-05
9.23672e-05
9.29037e-05
9.34388e-05
9.39516e-05
9.44217e-05
9.48299e-05
9.51598e-05
9.53977e-05
9.55339e-05
9.55629e-05
9.54834e-05
9.52994e-05
9.50188e-05
9.46538e-05
0.000172174
0.000171599
0.000171072
0.000170616
0.000170248
0.000169984
0.000169831
0.000169794
0.000169873
0.000170063
0.000170357
0.000170744
0.000171208
0.000171732
0.000172296
0.000172879
0.000173459
0.000174016
0.000174527
0.000174976
0.000175345
0.000175623
0.000175796
0.000175855
0.000175797
0.000175623
0.000175339
0.000174957
0.000174489
0.000173955
0.000173376
0.000172774
0.000189264
0.000188231
0.000187282
0.000186451
0.00018577
0.000185264
0.00018495
0.000184841
0.000184939
0.000185242
0.000185738
0.000186411
0.000187234
0.000188179
0.00018921
0.000190288
0.000191371
0.000192418
0.000193387
0.000194241
0.000194945
0.00019547
0.000195797
0.00019591
0.000195807
0.00019549
0.000194973
0.000194277
0.00019343
0.000192466
0.000191423
0.000190342
0.000181452
0.000180197
0.000179039
0.00017802
0.000177176
0.000176537
0.000176126
0.000175955
0.000176033
0.000176357
0.000176915
0.000177691
0.000178656
0.000179777
0.000181014
0.000182319
0.000183644
0.000184936
0.000186143
0.000187216
0.000188112
0.000188791
0.000189227
0.0001894
0.000189305
0.000188946
0.000188338
0.000187508
0.000186491
0.000185329
0.000184068
0.000182759
9.22308e-05
9.14059e-05
9.0643e-05
8.99687e-05
8.94054e-05
8.89716e-05
8.86812e-05
8.85435e-05
8.85632e-05
8.87402e-05
8.90695e-05
8.9541e-05
9.01401e-05
9.08469e-05
9.16372e-05
9.24829e-05
9.33522e-05
9.42113e-05
9.50253e-05
9.576e-05
9.63837e-05
9.68687e-05
9.71934e-05
9.73431e-05
9.73114e-05
9.71001e-05
9.67196e-05
9.61875e-05
9.5528e-05
9.477e-05
9.39456e-05
9.30881e-05
0.000170683
0.000170022
0.000169464
0.00016903
0.000168737
0.000168599
0.000168619
0.000168796
0.00016912
0.00016958
0.000170158
0.00017083
0.000171572
0.000172355
0.000173148
0.000173923
0.000174649
0.000175299
0.000175848
0.000176276
0.000176566
0.000176711
0.000176702
0.000176539
0.000176227
0.000175777
0.000175206
0.000174536
0.000173793
0.000173006
0.000172204
0.00017142
0.000186629
0.000185447
0.000184451
0.000183678
0.000183154
0.000182898
0.00018292
0.000183218
0.000183783
0.000184594
0.000185621
0.00018683
0.000188174
0.000189605
0.000191068
0.000192508
0.000193866
0.00019509
0.00019613
0.000196942
0.000197495
0.000197764
0.00019774
0.000197422
0.000196825
0.000195972
0.0001949
0.000193652
0.000192279
0.000190834
0.000189374
0.000187954
0.00017819
0.000176761
0.000175559
0.000174625
0.000173989
0.000173673
0.000173687
0.00017403
0.000174693
0.000175653
0.00017688
0.000178331
0.000179956
0.000181697
0.000183488
0.000185262
0.000186946
0.000188473
0.000189777
0.000190802
0.000191503
0.00019185
0.000191828
0.000191437
0.000190696
0.000189638
0.00018831
0.000186768
0.000185077
0.000183305
0.000181523
0.000179797
9.00005e-05
8.90768e-05
8.83026e-05
8.77016e-05
8.72915e-05
8.70841e-05
8.70855e-05
8.72959e-05
8.77096e-05
8.83151e-05
8.90946e-05
9.00245e-05
9.10748e-05
9.22101e-05
9.33895e-05
9.4568e-05
9.56978e-05
9.67309e-05
9.76211e-05
9.83271e-05
9.8815e-05
9.90611e-05
9.90535e-05
9.8793e-05
9.82928e-05
9.75778e-05
9.66822e-05
9.56475e-05
9.45198e-05
9.3346e-05
9.21727e-05
9.10442e-05
0.000169715
0.000169072
0.000168564
0.000168212
0.000168029
0.000168024
0.0001682
0.000168547
0.000169053
0.000169696
0.000170452
0.000171292
0.000172183
0.000173091
0.000173981
0.000174818
0.000175571
0.000176209
0.000176709
0.000177051
0.000177223
0.00017722
0.000177044
0.0001767
0.000176201
0.000175565
0.000174816
0.000173983
0.000173097
0.000172194
0.000171307
0.00017047
0.000184772
0.000183637
0.000182754
0.000182154
0.000181858
0.000181877
0.000182209
0.000182843
0.000183758
0.00018492
0.000186289
0.000187814
0.000189441
0.000191108
0.00019275
0.000194304
0.000195707
0.000196902
0.000197839
0.000198479
0.000198795
0.000198774
0.000198416
0.000197738
0.000196768
0.000195546
0.000194123
0.000192557
0.000190909
0.000189245
0.000187628
0.000186118
0.000175789
0.000174438
0.000173396
0.000172698
0.000172365
0.000172407
0.000172824
0.000173603
0.000174718
0.000176134
0.000177804
0.000179671
0.000181668
0.000183722
0.000185754
0.000187683
0.000189428
0.000190916
0.000192081
0.000192871
0.000193249
0.000193198
0.00019272
0.000191839
0.000190595
0.000189042
0.000187249
0.000185291
0.00018325
0.000181204
0.000179232
0.000177406
8.8317e-05
8.74668e-05
8.68206e-05
8.63964e-05
8.62056e-05
8.62532e-05
8.65379e-05
8.70524e-05
8.77826e-05
8.87082e-05
8.98018e-05
9.10293e-05
9.23497e-05
9.37159e-05
9.5076e-05
9.63742e-05
9.75539e-05
9.85607e-05
9.93462e-05
9.9871e-05
0.000100108
0.000100046
9.9688e-05
9.90524e-05
9.81718e-05
9.70898e-05
9.58574e-05
9.45298e-05
9.3163e-05
9.1811e-05
9.0524e-05
8.93466e-05
0.000169682
0.000169098
0.000168653
0.000168363
0.000168241
0.000168292
0.000168517
0.000168908
0.00016945
0.000170121
0.000170894
0.000171739
0.000172623
0.000173512
0.000174371
0.000175167
0.000175868
0.000176448
0.000176884
0.00017716
0.000177265
0.000177196
0.000176959
0.000176564
0.000176026
0.000175363
0.000174602
0.000173769
0.000172898
0.000172021
0.000171172
0.000170382
0.000184531
0.000183513
0.000182753
0.000182276
0.0001821
0.00018223
0.000182663
0.000183383
0.000184366
0.000185576
0.00018697
0.000188498
0.000190103
0.000191724
0.000193299
0.000194764
0.000196062
0.000197138
0.000197947
0.000198456
0.000198642
0.000198499
0.000198033
0.000197264
0.000196224
0.000194956
0.000193513
0.000191953
0.000190337
0.000188728
0.000187186
0.00018577
0.000175402
0.000174201
0.000173316
0.000172775
0.000172594
0.00017278
0.000173327
0.000174217
0.000175422
0.000176902
0.000178608
0.000180481
0.000182454
0.000184451
0.000186397
0.000188212
0.000189821
0.000191152
0.000192148
0.000192763
0.000192968
0.000192755
0.000192133
0.000191132
0.000189796
0.000188185
0.000186369
0.000184423
0.000182426
0.000180455
0.000178584
0.00017688
8.8043e-05
8.7297e-05
8.67579e-05
8.64405e-05
8.63535e-05
8.64988e-05
8.68728e-05
8.74652e-05
8.82597e-05
8.92334e-05
9.03568e-05
9.15939e-05
9.29025e-05
9.42344e-05
9.55371e-05
9.6756e-05
9.78369e-05
9.87291e-05
9.9389e-05
9.97832e-05
9.98915e-05
9.97084e-05
9.92436e-05
9.85212e-05
9.75773e-05
9.64577e-05
9.52139e-05
9.39002e-05
9.25706e-05
9.12763e-05
9.0064e-05
8.89747e-05
0.000170395
0.000169887
0.000169492
0.000169228
0.000169103
0.000169124
0.000169293
0.000169605
0.000170048
0.000170605
0.000171253
0.000171965
0.000172713
0.000173468
0.000174201
0.000174883
0.000175488
0.000175991
0.000176375
0.000176623
0.000176726
0.000176684
0.000176497
0.000176178
0.000175737
0.000175191
0.00017456
0.000173865
0.000173135
0.000172395
0.000171674
0.000170999
0.000185811
0.000184932
0.000184259
0.000183817
0.000183622
0.000183679
0.000183989
0.00018454
0.000185312
0.000186279
0.000187405
0.00018865
0.000189966
0.000191304
0.000192612
0.000193839
0.000194934
0.000195855
0.000196562
0.000197026
0.000197228
0.00019716
0.000196826
0.00019624
0.000195426
0.000194418
0.000193258
0.000191992
0.000190668
0.00018934
0.000188056
0.000186865
0.000177092
0.00017606
0.000175275
0.000174763
0.00017454
0.000174614
0.000174983
0.000175634
0.000176546
0.00017769
0.000179025
0.000180506
0.000182078
0.000183683
0.000185259
0.000186743
0.000188074
0.000189194
0.000190057
0.000190622
0.000190867
0.000190779
0.000190364
0.00018964
0.00018864
0.000187408
0.000185995
0.000184461
0.000182867
0.000181276
0.000179746
0.000178335
8.93353e-05
8.86973e-05
8.82147e-05
8.7902e-05
8.77686e-05
8.78184e-05
8.80499e-05
8.84566e-05
8.90265e-05
8.97423e-05
9.05815e-05
9.15164e-05
9.25145e-05
9.35394e-05
9.45515e-05
9.55093e-05
9.6372e-05
9.71011e-05
9.76628e-05
9.80305e-05
9.81865e-05
9.81234e-05
9.78446e-05
9.73641e-05
9.6705e-05
9.58983e-05
9.49803e-05
9.39906e-05
9.297e-05
9.19583e-05
9.09933e-05
9.0109e-05
0.00017092
0.000170469
0.000170112
0.000169861
0.000169727
0.000169716
0.000169831
0.000170069
0.000170422
0.000170876
0.000171411
0.000172006
0.000172636
0.000173277
0.000173904
0.000174492
0.000175018
0.000175462
0.000175807
0.00017604
0.000176152
0.000176141
0.000176008
0.00017576
0.00017541
0.000174968
0.000174451
0.000173877
0.000173266
0.000172641
0.000172027
0.000171446
0.000186968
0.000186198
0.000185587
0.000185159
0.000184928
0.000184904
0.000185087
0.000185471
0.000186042
0.000186781
0.000187659
0.000188644
0.0001897
0.000190786
0.000191861
0.000192882
0.00019381
0.000194607
0.00019524
0.000195684
0.00019592
0.00019594
0.000195743
0.000195338
0.000194741
0.000193977
0.000193077
0.000192076
0.000191014
0.000189932
0.00018887
0.00018787
0.000178784
0.000177889
0.000177173
0.000176661
0.000176371
0.000176313
0.000176489
0.000176892
0.000177509
0.000178319
0.000179294
0.000180398
0.000181593
0.000182834
0.000184072
0.000185261
0.000186351
0.000187299
0.000188064
0.000188614
0.000188926
0.000188986
0.000188792
0.000188353
0.000187688
0.000186826
0.000185803
0.000184659
0.000183443
0.0001822
0.00018098
0.000179827
9.07122e-05
9.01645e-05
8.97186e-05
8.93894e-05
8.91875e-05
8.91194e-05
8.91872e-05
8.93888e-05
8.97176e-05
9.01631e-05
9.07108e-05
9.13421e-05
9.20345e-05
9.27635e-05
9.35017e-05
9.42203e-05
9.48902e-05
9.54834e-05
9.59742e-05
9.6341e-05
9.65674e-05
9.66432e-05
9.65651e-05
9.63369e-05
9.59691e-05
9.54783e-05
9.48859e-05
9.42173e-05
9.35003e-05
9.27634e-05
9.20353e-05
9.13433e-05
0.00017052
0.000170081
0.000169747
0.00016953
0.00016944
0.000169481
0.000169652
0.000169951
0.000170367
0.000170884
0.000171479
0.000172129
0.000172806
0.000173486
0.00017414
0.000174743
0.000175273
0.000175707
0.00017603
0.000176229
0.000176297
0.000176232
0.000176038
0.000175726
0.00017531
0.000174805
0.000174228
0.000173599
0.000172942
0.000172281
0.000171642
0.000171047
0.000186377
0.000185637
0.000185076
0.000184715
0.000184568
0.000184639
0.000184926
0.000185419
0.000186102
0.000186949
0.000187928
0.000189005
0.000190138
0.000191283
0.000192398
0.000193437
0.00019436
0.000195129
0.000195712
0.000196086
0.000196235
0.000196155
0.000195847
0.000195327
0.000194615
0.000193741
0.00019274
0.00019165
0.000190515
0.000189379
0.000188283
0.000187271
0.000178179
0.000177333
0.000176688
0.000176264
0.000176077
0.000176134
0.000176431
0.00017696
0.000177702
0.000178631
0.000179715
0.000180915
0.000182186
0.000183481
0.000184751
0.000185945
0.000187013
0.000187913
0.000188606
0.000189062
0.000189262
0.000189197
0.000188871
0.000188298
0.000187503
0.000186519
0.000185388
0.000184156
0.000182871
0.000181584
0.000180343
0.000179194
9.03653e-05
8.98618e-05
8.94708e-05
8.92053e-05
8.90738e-05
8.90805e-05
8.92252e-05
8.95032e-05
8.99057e-05
9.04195e-05
9.10274e-05
9.17089e-05
9.24395e-05
9.31921e-05
9.39378e-05
9.46471e-05
9.52906e-05
9.58411e-05
9.62745e-05
9.65713e-05
9.67182e-05
9.67086e-05
9.65433e-05
9.623e-05
9.5783e-05
9.52222e-05
9.45719e-05
9.38593e-05
9.31135e-05
9.23638e-05
9.16386e-05
9.09644e-05
0.000169449
0.000168961
0.000168618
0.000168434
0.000168416
0.000168565
0.000168879
0.000169346
0.000169953
0.000170675
0.000171484
0.000172346
0.000173228
0.000174093
0.000174909
0.000175643
0.000176266
0.000176755
0.000177089
0.000177256
0.000177249
0.000177071
0.00017673
0.000176241
0.000175627
0.000174911
0.000174118
0.000173277
0.00017242
0.000171578
0.000170782
0.000170064
0.000184335
0.000183517
0.000182957
0.000182673
0.000182676
0.000182966
0.000183533
0.000184358
0.000185411
0.000186655
0.000188046
0.00018953
0.000191054
0.000192558
0.000193982
0.000195271
0.000196371
0.000197237
0.000197832
0.000198131
0.000198122
0.000197806
0.000197196
0.000196318
0.00019521
0.000193918
0.000192494
0.000190994
0.000189476
0.000187999
0.000186616
0.00018538
0.000175582
0.000174663
0.00017404
0.000173734
0.000173755
0.000174102
0.000174763
0.000175718
0.000176935
0.000178374
0.000179983
0.000181706
0.000183478
0.000185232
0.000186899
0.00018841
0.000189701
0.000190716
0.00019141
0.000191751
0.000191725
0.000191332
0.000190592
0.000189536
0.000188213
0.00018668
0.000185
0.000183243
0.000181476
0.000179767
0.000178178
0.000176767
8.85375e-05
8.80041e-05
8.76492e-05
8.74833e-05
8.75112e-05
8.77322e-05
8.81398e-05
8.87223e-05
8.94619e-05
9.03356e-05
9.13148e-05
9.23661e-05
9.34516e-05
9.45303e-05
9.55581e-05
9.64915e-05
9.72886e-05
9.79127e-05
9.83337e-05
9.85313e-05
9.84958e-05
9.8229e-05
9.77444e-05
9.70657e-05
9.62251e-05
9.52611e-05
9.42158e-05
9.31326e-05
9.20545e-05
9.10216e-05
9.00706e-05
8.92336e-05
0.000168429
0.00016782
0.000167399
0.000167184
0.000167181
0.000167393
0.000167812
0.000168426
0.000169214
0.000170149
0.000171191
0.000172301
0.000173432
0.000174542
0.000175586
0.000176523
0.000177316
0.000177934
0.000178351
0.000178552
0.000178529
0.000178284
0.000177827
0.000177181
0.000176372
0.000175436
0.000174404
0.000173315
0.00017221
0.00017113
0.000170115
0.000169203
0.00018234
0.000181305
0.000180608
0.000180273
0.00018031
0.000180719
0.000181486
0.000182586
0.00018398
0.00018562
0.000187448
0.000189396
0.000191393
0.000193362
0.000195225
0.000196906
0.000198336
0.000199454
0.000200211
0.000200576
0.000200531
0.000200079
0.00019924
0.000198052
0.000196566
0.000194843
0.000192956
0.000190979
0.000188989
0.000187062
0.00018527
0.000183677
0.000173081
0.000171904
0.000171123
0.000170762
0.00017083
0.000171327
0.000172236
0.000173529
0.000175166
0.000177093
0.000179247
0.000181552
0.000183924
0.000186272
0.000188502
0.000190521
0.000192241
0.000193586
0.000194491
0.000194915
0.000194836
0.000194259
0.000193211
0.000191742
0.00018992
0.000187825
0.000185548
0.000183182
0.000180821
0.000178553
0.000176461
0.000174616
8.68752e-05
8.61807e-05
8.57293e-05
8.55327e-05
8.55956e-05
8.59164e-05
8.64867e-05
8.72912e-05
8.83081e-05
8.95078e-05
9.08538e-05
9.23018e-05
9.38009e-05
9.52945e-05
9.6722e-05
9.80203e-05
9.91285e-05
9.99918e-05
0.000100566
0.00010082
0.000100741
0.000100333
9.96168e-05
9.86313e-05
9.74258e-05
9.60581e-05
9.45905e-05
9.30851e-05
9.16016e-05
9.01944e-05
8.89116e-05
8.77941e-05
0.000167722
0.000166957
0.000166414
0.000166113
0.000166065
0.000166273
0.000166731
0.000167423
0.000168328
0.000169415
0.00017064
0.000171956
0.000173309
0.000174647
0.000175917
0.000177069
0.000178057
0.000178841
0.000179391
0.000179683
0.000179706
0.00017946
0.000178957
0.000178219
0.000177278
0.000176177
0.000174955
0.000173657
0.000172331
0.000171028
0.000169795
0.000168679
0.000181021
0.000179694
0.000178764
0.000178261
0.000178203
0.00017859
0.000179411
0.000180638
0.000182231
0.000184135
0.000186284
0.000188603
0.000191004
0.000193397
0.000195688
0.000197784
0.000199597
0.000201049
0.000202076
0.000202632
0.000202693
0.000202256
0.000201342
0.000199991
0.000198263
0.000196235
0.000193989
0.000191618
0.000189214
0.00018687
0.000184672
0.000182699
0.00017154
0.000170001
0.000168926
0.000168347
0.00016828
0.000168728
0.000169677
0.000171098
0.000172949
0.000175174
0.0001777
0.000180442
0.000183304
0.000186179
0.000188953
0.00019151
0.000193738
0.000195535
0.000196813
0.000197511
0.000197594
0.000197057
0.000195929
0.000194263
0.000192142
0.000189662
0.000186934
0.000184073
0.000181195
0.000178407
0.000175812
0.000173498
8.59844e-05
8.50455e-05
8.43919e-05
8.40391e-05
8.39949e-05
8.426e-05
8.48282e-05
8.56856e-05
8.68112e-05
8.81755e-05
8.97406e-05
9.14591e-05
9.32746e-05
9.51205e-05
9.69234e-05
9.86052e-05
0.000100087
0.000101293
0.00010216
0.000102639
0.000102703
0.000102347
0.000101593
0.000100483
9.9076e-05
9.74453e-05
9.56688e-05
9.38257e-05
9.19915e-05
9.02348e-05
8.86158e-05
8.71852e-05
0.000167191
0.000166316
0.000165688
0.000165329
0.000165253
0.000165463
0.000165954
0.000166708
0.000167701
0.000168902
0.000170263
0.000171731
0.000173248
0.000174755
0.000176192
0.000177502
0.000178633
0.000179539
0.000180183
0.000180539
0.000180592
0.000180342
0.000179799
0.000178988
0.000177945
0.000176716
0.000175348
0.000173893
0.000172403
0.000170935
0.000169544
0.00016828
0.000180022
0.000178493
0.000177404
0.000176791
0.000176672
0.000177053
0.000177921
0.000179248
0.00018099
0.000183091
0.000185477
0.000188066
0.000190763
0.000193465
0.000196067
0.000198463
0.000200551
0.000202241
0.000203459
0.000204147
0.000204276
0.000203839
0.000202857
0.000201375
0.000199462
0.0001972
0.000194687
0.000192025
0.000189319
0.000186672
0.000184183
0.00018194
0.000170392
0.000168606
0.000167334
0.000166613
0.000166462
0.000166885
0.000167871
0.00016939
0.000171399
0.000173839
0.000176632
0.000179687
0.0001829
0.000186151
0.000189314
0.000192256
0.000194845
0.000196961
0.000198502
0.000199389
0.000199577
0.000199057
0.000197856
0.000196035
0.000193685
0.000190917
0.000187856
0.000184635
0.000181384
0.000178228
0.00017528
0.000172639
8.53434e-05
8.42444e-05
8.34601e-05
8.30079e-05
8.28973e-05
8.31303e-05
8.37016e-05
8.45986e-05
8.58007e-05
8.7279e-05
8.89951e-05
9.08996e-05
9.29321e-05
9.50209e-05
9.70836e-05
9.90317e-05
0.000100773
0.000102219
0.000103289
0.000103923
0.000104082
0.000103757
0.000102967
0.000101759
0.000100202
9.83792e-05
9.63806e-05
9.4298e-05
9.22183e-05
9.02202e-05
8.83722e-05
8.67312e-05
0.000166735
0.000165827
0.000165186
0.000164835
0.000164786
0.000165043
0.000165596
0.000166429
0.000167513
0.000168813
0.000170281
0.000171859
0.000173485
0.000175094
0.000176624
0.000178013
0.000179205
0.000180151
0.000180814
0.000181165
0.000181191
0.00018089
0.000180276
0.000179378
0.000178234
0.000176895
0.000175415
0.000173848
0.000172252
0.000170687
0.00016921
0.000167877
0.000179033
0.000177456
0.000176357
0.00017577
0.000175714
0.00017619
0.000177183
0.000178662
0.000180579
0.000182871
0.00018546
0.000188255
0.000191155
0.000194048
0.000196823
0.000199363
0.000201562
0.000203322
0.000204564
0.000205231
0.000205291
0.000204743
0.000203612
0.000201951
0.000199836
0.000197361
0.000194631
0.000191757
0.000188855
0.000186032
0.000183395
0.000181034
0.000169118
0.000167293
0.000166027
0.000165354
0.000165291
0.00016584
0.000166987
0.000168698
0.000170925
0.000173604
0.000176651
0.000179967
0.000183438
0.000186935
0.000190317
0.000193442
0.000196169
0.000198368
0.000199928
0.000200771
0.000200851
0.000200166
0.00019875
0.000196679
0.000194054
0.000191003
0.000187664
0.00018418
0.000180691
0.00017733
0.000174214
0.000171448
8.44909e-05
8.33877e-05
8.26258e-05
8.22209e-05
8.21811e-05
8.25068e-05
8.31913e-05
8.42202e-05
8.55709e-05
8.72117e-05
8.91002e-05
9.11827e-05
9.33924e-05
9.56505e-05
9.78669e-05
9.9943e-05
0.000101777
0.000103272
0.000104344
0.000104927
0.000104986
0.000104519
0.000103553
0.000102147
0.000100381
9.83512e-05
9.61579e-05
9.39005e-05
9.16713e-05
8.95521e-05
8.76129e-05
8.59107e-05
0.00016661
0.000165695
0.000165055
0.000164713
0.000164683
0.000164965
0.00016555
0.00016642
0.000167545
0.000168889
0.000170403
0.000172027
0.000173697
0.000175347
0.000176913
0.00017833
0.000179542
0.0001805
0.000181164
0.000181506
0.000181513
0.000181185
0.000180536
0.000179595
0.000178405
0.000177017
0.000175488
0.000173875
0.000172236
0.000170634
0.000169125
0.000167768
0.000178558
0.000176979
0.000175895
0.00017534
0.000175331
0.000175869
0.000176936
0.000178499
0.000180507
0.000182895
0.000185581
0.000188472
0.000191461
0.000194436
0.000197278
0.000199871
0.000202103
0.000203875
0.000205107
0.000205741
0.000205749
0.000205128
0.000203911
0.000202152
0.000199934
0.000197353
0.00019452
0.000191552
0.000188565
0.000185672
0.000182979
0.00018058
0.000168384
0.000166573
0.000165343
0.000164727
0.00016474
0.000165383
0.000166637
0.000168468
0.000170824
0.000173637
0.000176821
0.000180272
0.000183869
0.000187478
0.000190954
0.000194148
0.000196913
0.000199117
0.000200647
0.000201425
0.00020141
0.000200602
0.000199045
0.000196819
0.000194037
0.000190832
0.000187351
0.00018374
0.000180145
0.0001767
0.000173525
0.000170724
8.39309e-05
8.28533e-05
8.21321e-05
8.17815e-05
8.18082e-05
8.22115e-05
8.29834e-05
8.41081e-05
8.55616e-05
8.73098e-05
8.93074e-05
9.14973e-05
9.38091e-05
9.61586e-05
9.845e-05
0.000100579
0.000102439
0.00010393
0.000104963
0.000105476
0.000105437
0.000104849
0.000103749
0.000102204
0.000100302
9.81452e-05
9.58406e-05
9.34908e-05
9.11902e-05
8.90213e-05
8.70531e-05
8.53417e-05
0.000167093
0.000166163
0.000165497
0.000165118
0.000165041
0.000165269
0.000165795
0.000166601
0.000167662
0.000168942
0.000170395
0.000171964
0.000173588
0.000175201
0.000176742
0.000178147
0.00017936
0.000180332
0.000181023
0.000181404
0.00018146
0.000181189
0.000180603
0.000179728
0.000178605
0.000177281
0.000175811
0.000174251
0.000172656
0.000171087
0.000169601
0.000168253
0.000179238
0.000177629
0.000176493
0.000175868
0.000175773
0.000176211
0.000177168
0.000178614
0.000180502
0.000182771
0.000185343
0.00018813
0.000191029
0.000193931
0.000196721
0.000199286
0.000201516
0.000203314
0.000204597
0.000205307
0.000205411
0.000204904
0.000203811
0.000202183
0.000200095
0.000197639
0.00019492
0.00019205
0.000189144
0.00018631
0.000183654
0.000181269
0.000169118
0.000167266
0.000165971
0.000165268
0.000165177
0.0001657
0.000166822
0.000168513
0.000170724
0.000173391
0.000176433
0.000179751
0.00018323
0.000186742
0.000190146
0.000193298
0.000196056
0.000198288
0.000199883
0.000200759
0.000200871
0.000200213
0.000198821
0.000196766
0.000194153
0.000191107
0.000187767
0.000184277
0.000180777
0.0001774
0.000174264
0.000171474
8.4394e-05
8.3285e-05
8.25189e-05
8.21114e-05
8.20707e-05
8.23974e-05
8.30849e-05
8.41189e-05
8.54771e-05
8.71278e-05
8.90287e-05
9.11255e-05
9.33513e-05
9.56267e-05
9.78605e-05
9.99534e-05
0.000101802
0.000103309
0.000104388
0.000104974
0.000105032
0.000104558
0.000103582
0.000102162
0.000100382
9.83369e-05
9.61283e-05
9.38561e-05
9.16133e-05
8.94821e-05
8.75323e-05
8.58212e-05
0.000167894
0.000166954
0.000166253
0.000165817
0.000165662
0.000165793
0.000166208
0.000166892
0.000167825
0.000168974
0.000170298
0.000171747
0.000173263
0.000174786
0.000176256
0.000177614
0.000178807
0.000179785
0.00018051
0.000180951
0.000181089
0.000180921
0.000180453
0.000179708
0.00017872
0.00017753
0.000176189
0.000174746
0.000173255
0.00017177
0.000170347
0.000169039
0.000180628
0.000178989
0.000177778
0.000177035
0.000176783
0.000177032
0.000177772
0.00017898
0.000180617
0.00018263
0.00018495
0.000187497
0.000190179
0.000192895
0.00019554
0.000198006
0.000200192
0.000202001
0.000203353
0.000204188
0.000204466
0.000204177
0.000203333
0.000201975
0.000200164
0.000197982
0.000195521
0.000192884
0.000190176
0.000187501
0.000184959
0.00018264
0.000170825
0.00016892
0.000167517
0.000166657
0.000166363
0.000166643
0.000167489
0.000168878
0.00017077
0.000173109
0.000175824
0.000178826
0.000182014
0.000185272
0.000188472
0.000191484
0.000194174
0.000196418
0.000198108
0.000199159
0.000199518
0.000199166
0.000198124
0.000196445
0.000194213
0.000191537
0.000188537
0.000185346
0.000182093
0.000178905
0.000175898
0.000173175
8.55589e-05
8.4399e-05
8.35476e-05
8.30241e-05
8.28395e-05
8.29977e-05
8.34951e-05
8.43208e-05
8.54559e-05
8.68736e-05
8.85377e-05
9.04013e-05
9.24067e-05
9.44845e-05
9.65551e-05
9.85304e-05
0.000100318
0.000101829
0.00010298
0.000103706
0.000103965
0.00010374
0.000103047
0.000101927
0.000100443
9.86755e-05
9.67145e-05
9.46511e-05
9.25729e-05
9.05599e-05
8.86823e-05
8.69992e-05
0.00016853
0.000167606
0.000166901
0.00016644
0.000166239
0.000166307
0.000166642
0.000167234
0.000168065
0.000169105
0.000170318
0.000171656
0.000173068
0.000174497
0.000175886
0.000177181
0.000178331
0.000179288
0.000180015
0.000180481
0.000180667
0.000180567
0.000180185
0.00017954
0.000178661
0.000177586
0.000176357
0.000175024
0.000173634
0.000172239
0.00017089
0.000169638
0.000181769
0.000180157
0.000178933
0.000178139
0.000177799
0.000177924
0.000178512
0.000179542
0.000180981
0.000182781
0.000184882
0.00018721
0.000189682
0.000192205
0.000194682
0.000197015
0.000199106
0.000200867
0.00020222
0.000203105
0.000203482
0.000203334
0.000202669
0.000201518
0.000199933
0.000197984
0.000195755
0.000193337
0.00019083
0.000188328
0.000185928
0.000183715
0.000172252
0.000170374
0.000168948
0.000168017
0.000167608
0.000167732
0.000168385
0.000169547
0.000171186
0.000173253
0.000175682
0.000178397
0.000181304
0.000184299
0.000187268
0.00019009
0.000192645
0.000194816
0.000196502
0.00019762
0.000198115
0.000197963
0.000197172
0.000195781
0.000193861
0.000191503
0.000188815
0.000185914
0.000182921
0.000179954
0.000177122
0.000174526
8.65351e-05
8.53841e-05
8.45095e-05
8.39324e-05
8.36662e-05
8.37166e-05
8.40821e-05
8.47541e-05
8.57166e-05
8.69457e-05
8.84093e-05
9.00662e-05
9.18651e-05
9.37451e-05
9.56359e-05
9.74598e-05
9.91352e-05
0.000100581
0.000101722
0.000102496
0.00010286
0.000102793
0.000102298
0.000101405
0.000100163
9.86399e-05
9.69115e-05
9.50594e-05
9.3164e-05
9.13007e-05
8.95374e-05
8.79325e-05
0.000168733
0.000167841
0.000167161
0.000166717
0.000166526
0.000166594
0.000166921
0.000167497
0.000168303
0.000169311
0.000170484
0.000171778
0.000173142
0.000174521
0.000175862
0.00017711
0.000178218
0.000179139
0.000179838
0.000180284
0.000180462
0.000180363
0.000179992
0.000179368
0.00017852
0.000177481
0.000176294
0.000175006
0.000173663
0.000172315
0.000171012
0.000169803
0.000182116
0.000180578
0.000179413
0.000178662
0.000178347
0.00017848
0.000179057
0.000180057
0.000181448
0.000183185
0.000185206
0.000187443
0.000189813
0.000192229
0.000194597
0.000196823
0.000198815
0.000200488
0.00020177
0.000202604
0.000202953
0.0002028
0.000202154
0.000201044
0.00019952
0.000197649
0.00019551
0.000193192
0.000190789
0.000188393
0.000186094
0.000183977
0.000172689
0.000170917
0.000169577
0.000168711
0.000168342
0.000168483
0.000169127
0.000170256
0.000171836
0.000173819
0.000176143
0.000178732
0.000181497
0.000184339
0.000187147
0.000189809
0.00019221
0.000194244
0.000195815
0.000196848
0.000197291
0.000197124
0.000196355
0.000195023
0.000193191
0.000190947
0.000188392
0.000185638
0.000182798
0.000179983
0.000177298
0.000174839
8.68311e-05
8.57635e-05
8.49572e-05
8.44325e-05
8.4202e-05
8.42708e-05
8.46368e-05
8.52911e-05
8.62175e-05
8.7392e-05
8.87828e-05
9.03492e-05
9.20417e-05
9.38019e-05
9.55634e-05
9.72538e-05
9.87977e-05
0.000100121
0.000101156
0.000101847
0.000102157
0.000102067
0.000101584
0.000100734
9.95635e-05
9.8134e-05
9.6516e-05
9.47844e-05
9.30136e-05
9.12736e-05
8.96279e-05
8.81317e-05
0.000168493
0.000167594
0.000166916
0.000166483
0.000166312
0.000166409
0.000166772
0.00016739
0.000168243
0.000169299
0.000170521
0.000171862
0.000173269
0.000174687
0.00017606
0.000177333
0.000178456
0.000179384
0.00018008
0.000180515
0.000180671
0.000180543
0.000180138
0.000179473
0.000178581
0.000177495
0.00017626
0.000174924
0.000173537
0.00017215
0.000170814
0.00016958
0.000181673
0.000180144
0.000179005
0.000178293
0.000178031
0.000178228
0.000178877
0.000179957
0.000181432
0.000183254
0.000185359
0.000187674
0.000190116
0.000192593
0.000195008
0.000197265
0.00019927
0.000200939
0.000202198
0.00020299
0.000203282
0.000203059
0.000202331
0.000201134
0.000199519
0.000197558
0.000195333
0.000192938
0.000190468
0.000188018
0.00018568
0.00018354
0.000172161
0.00017043
0.000169148
0.000168353
0.000168068
0.0001683
0.000169043
0.000170274
0.000171958
0.000174042
0.000176461
0.000179137
0.000181975
0.000184873
0.000187717
0.000190392
0.000192783
0.000194781
0.000196293
0.000197246
0.000197591
0.000197314
0.000196426
0.000194974
0.000193026
0.000190675
0.000188027
0.000185195
0.000182297
0.000179445
0.000176744
0.000174288
8.64929e-05
8.54789e-05
8.4734e-05
8.42765e-05
8.41174e-05
8.426e-05
8.47008e-05
8.54291e-05
8.64267e-05
8.76677e-05
8.91179e-05
9.07341e-05
9.24641e-05
9.42467e-05
9.60134e-05
9.76898e-05
9.91997e-05
0.000100469
0.000101433
0.000102039
0.000102254
0.000102064
0.000101482
0.00010054
9.92883e-05
9.77923e-05
9.61247e-05
9.43615e-05
9.25768e-05
9.084e-05
8.92131e-05
8.77494e-05
0.000167912
0.000166913
0.000166157
0.000165674
0.000165481
0.000165584
0.000165983
0.000166663
0.000167604
0.00016877
0.000170118
0.000171599
0.000173154
0.000174723
0.000176243
0.000177655
0.000178903
0.000179936
0.000180713
0.000181202
0.000181384
0.00018125
0.000180809
0.000180081
0.000179097
0.000177898
0.000176531
0.000175051
0.000173513
0.000171973
0.00017049
0.00016912
0.000180634
0.000178934
0.000177667
0.000176873
0.000176578
0.000176791
0.000177505
0.000178698
0.00018033
0.000182349
0.000184686
0.00018726
0.000189978
0.00019274
0.000195438
0.000197963
0.000200211
0.000202084
0.0002035
0.000204395
0.000204728
0.000204485
0.000203675
0.000202338
0.000200534
0.000198342
0.000195858
0.000193183
0.000190427
0.000187696
0.000185092
0.000182711
0.000170906
0.000168985
0.000167565
0.000166687
0.000166373
0.000166633
0.000167459
0.000168828
0.0001707
0.000173021
0.000175719
0.000178708
0.000181886
0.000185137
0.000188335
0.000191348
0.000194046
0.000196304
0.000198015
0.000199092
0.000199481
0.000199163
0.000198155
0.000196507
0.000194301
0.000191643
0.000188656
0.00018547
0.000182217
0.000179024
0.000176007
0.000173271
8.56768e-05
8.45551e-05
8.37355e-05
8.32367e-05
8.30694e-05
8.3237e-05
8.37356e-05
8.4554e-05
8.56734e-05
8.70667e-05
8.86974e-05
9.05189e-05
9.24738e-05
9.4494e-05
9.65016e-05
9.84115e-05
0.000100135
0.000101586
0.000102686
0.000103374
0.000103609
0.000103377
0.000102694
0.000101597
0.00010015
9.84288e-05
9.65201e-05
9.45123e-05
9.24903e-05
9.05326e-05
8.87075e-05
8.70732e-05
0.000167207
0.000166035
0.000165136
0.000164543
0.000164277
0.000164348
0.000164755
0.000165486
0.000166515
0.000167805
0.000169309
0.000170971
0.000172727
0.00017451
0.000176249
0.000177875
0.000179325
0.00018054
0.000181471
0.00018208
0.000182341
0.000182244
0.000181794
0.000181014
0.000179936
0.000178604
0.000177071
0.000175399
0.000173651
0.000171893
0.000170191
0.00016861
0.000179401
0.000177378
0.000175843
0.000174844
0.000174412
0.000174561
0.000175284
0.000176561
0.000178351
0.000180597
0.000183224
0.000186145
0.000189256
0.000192441
0.000195579
0.000198544
0.000201212
0.000203466
0.000205205
0.000206351
0.000206849
0.000206675
0.00020584
0.000204382
0.000202369
0.000199892
0.00019706
0.000193994
0.000190818
0.000187657
0.000184629
0.000181845
0.000169398
0.000167079
0.00016533
0.0001642
0.000163719
0.000163897
0.00016473
0.000166195
0.000168254
0.00017085
0.000173907
0.000177331
0.00018101
0.000184814
0.000188598
0.000192206
0.000195481
0.00019827
0.000200434
0.000201864
0.000202484
0.00020226
0.000201205
0.000199376
0.000196867
0.000193803
0.000190332
0.00018661
0.000182794
0.000179035
0.000175471
0.000172224
8.4675e-05
8.32884e-05
8.22531e-05
8.159e-05
8.13112e-05
8.14215e-05
8.19185e-05
8.27927e-05
8.40269e-05
8.55952e-05
8.74615e-05
8.95776e-05
9.18821e-05
9.42994e-05
9.67396e-05
9.91004e-05
0.000101272
0.000103142
0.000104607
0.000105579
0.000105998
0.000105837
0.000105107
0.000103854
0.000102153
0.000100102
9.78112e-05
9.53914e-05
9.29494e-05
9.05811e-05
8.83694e-05
8.63825e-05
0.000166733
0.00016542
0.000164398
0.000163706
0.000163366
0.000163393
0.000163786
0.000164535
0.000165611
0.000166975
0.000168579
0.000170363
0.000172259
0.000174195
0.000176095
0.000177886
0.000179495
0.000180858
0.00018192
0.000182637
0.000182979
0.000182933
0.000182502
0.000181707
0.00018058
0.000179167
0.000177525
0.000175719
0.000173821
0.000171902
0.000170036
0.000168291
0.00017862
0.000176325
0.000174553
0.000173362
0.000172785
0.000172842
0.000173529
0.000174827
0.000176696
0.000179078
0.000181895
0.000185054
0.000188446
0.000191946
0.000195421
0.000198733
0.000201742
0.000204318
0.000206344
0.000207725
0.000208398
0.000208329
0.000207523
0.000206018
0.000203886
0.000201224
0.000198153
0.000194805
0.000191317
0.000187829
0.000184471
0.000181366
0.000168438
0.000165766
0.000163716
0.000162341
0.000161675
0.000161734
0.000162515
0.000164001
0.000166152
0.000168914
0.00017221
0.000175942
0.000179992
0.00018422
0.000188469
0.000192566
0.000196331
0.000199588
0.000202174
0.000203953
0.000204829
0.000204754
0.000203732
0.000201819
0.00019912
0.000195774
0.000191946
0.000187813
0.000183555
0.000179343
0.000175331
0.000171658
8.40203e-05
8.23898e-05
8.11484e-05
8.03186e-05
7.99139e-05
7.99404e-05
8.03974e-05
8.12773e-05
8.25655e-05
8.42384e-05
8.62619e-05
8.85893e-05
9.11583e-05
9.38898e-05
9.66866e-05
9.94346e-05
0.000102007
0.000104269
0.000106093
0.000107365
0.000108004
0.000107966
0.000107253
0.000105913
0.000104034
0.00010173
9.91307e-05
9.63693e-05
9.35723e-05
9.08523e-05
8.83047e-05
8.60071e-05
0.00016683
0.000165505
0.000164468
0.000163758
0.0001634
0.000163406
0.000163779
0.000164507
0.000165563
0.000166906
0.00016849
0.000170255
0.000172136
0.00017406
0.000175952
0.00017774
0.000179351
0.000180722
0.000181798
0.000182534
0.0001829
0.000182881
0.000182479
0.000181714
0.000180615
0.000179227
0.000177604
0.000175814
0.000173926
0.000172012
0.000170146
0.000168397
0.000178833
0.000176517
0.000174718
0.000173492
0.000172877
0.000172891
0.000173533
0.000174785
0.000176609
0.000178947
0.000181726
0.000184852
0.000188218
0.0001917
0.000195167
0.00019848
0.000201501
0.000204099
0.000206157
0.000207578
0.000208297
0.000208278
0.000207524
0.00020607
0.000203985
0.000201366
0.000198329
0.000195008
0.000191539
0.00018806
0.000184705
0.000181593
0.000168684
0.000165979
0.000163889
0.000162469
0.000161752
0.000161758
0.000162485
0.000163916
0.000166015
0.000168728
0.00017198
0.000175676
0.0001797
0.000183913
0.000188159
0.000192266
0.000196055
0.000199349
0.000201983
0.000203821
0.000204763
0.000204757
0.000203803
0.000201954
0.00019931
0.000196009
0.000192215
0.000188104
0.000183857
0.000179644
0.000175623
0.000171931
8.41668e-05
8.25083e-05
8.12366e-05
8.03745e-05
7.99361e-05
7.9928e-05
8.03503e-05
8.11961e-05
8.24517e-05
8.40944e-05
8.60915e-05
8.83972e-05
9.09508e-05
9.36744e-05
9.6472e-05
9.92306e-05
0.000101824
0.000104118
0.000105982
0.000107303
0.000107995
0.00010801
0.000107349
0.000106054
0.000104211
0.000101932
9.93482e-05
9.65923e-05
9.37919e-05
9.10612e-05
8.84972e-05
8.61785e-05
0.000167399
0.000166179
0.000165228
0.000164579
0.000164255
0.000164271
0.000164625
0.000165307
0.000166288
0.000167534
0.000168998
0.000170626
0.000172358
0.000174127
0.000175864
0.000177501
0.000178975
0.000180227
0.000181208
0.000181877
0.000182207
0.000182186
0.000181816
0.000181111
0.0001801
0.000178821
0.000177327
0.000175678
0.000173938
0.000172174
0.000170454
0.000168842
0.00017984
0.000177738
0.00017611
0.000175009
0.000174467
0.000174502
0.000175113
0.00017628
0.000177968
0.000180124
0.000182678
0.000185543
0.00018862
0.000191795
0.000194946
0.00019795
0.00020068
0.00020302
0.000204865
0.00020613
0.000206757
0.000206716
0.00020601
0.000204671
0.000202762
0.000200369
0.000197598
0.000194569
0.000191407
0.000188237
0.000185181
0.000182349
0.000169884
0.000167454
0.000165585
0.000164326
0.000163711
0.000163754
0.000164455
0.000165796
0.000167741
0.00017024
0.00017322
0.000176592
0.000180247
0.000184056
0.000187876
0.000191553
0.000194927
0.000197842
0.000200156
0.000201751
0.000202544
0.00020249
0.000201594
0.000199902
0.000197504
0.00019452
0.000191097
0.00018739
0.00018356
0.000179761
0.000176135
0.000172807
8.49362e-05
8.34686e-05
8.23497e-05
8.16017e-05
8.12382e-05
8.12656e-05
8.16833e-05
8.24838e-05
8.36524e-05
8.51657e-05
8.699e-05
8.90799e-05
9.13767e-05
9.38066e-05
9.62815e-05
9.87001e-05
0.000100952
0.000102922
0.000104503
0.000105602
0.000106149
0.00010611
0.000105488
0.000104321
0.000102681
0.000100665
9.83823e-05
9.59474e-05
9.34706e-05
9.1052e-05
8.87782e-05
8.67206e-05
0.000168067
0.00016696
0.000166095
0.000165505
0.00016521
0.000165223
0.000165545
0.000166162
0.000167049
0.000168175
0.000169496
0.000170965
0.000172526
0.000174119
0.000175683
0.000177156
0.000178481
0.000179607
0.00018049
0.000181094
0.000181395
0.000181382
0.000181057
0.000180431
0.000179527
0.00017838
0.000177038
0.000175553
0.000173984
0.000172391
0.000170835
0.000169375
0.000181015
0.000179137
0.000177685
0.000176705
0.000176227
0.000176268
0.000176825
0.000177881
0.000179405
0.000181345
0.000183638
0.000186205
0.000188956
0.000191787
0.000194591
0.000197257
0.000199674
0.000201739
0.000203363
0.000204472
0.000205016
0.00020497
0.000204335
0.000203142
0.000201443
0.000199315
0.00019685
0.000194154
0.000191337
0.000188511
0.000185784
0.000183256
0.000171266
0.000169128
0.00016749
0.000166396
0.000165877
0.000165946
0.000166602
0.000167828
0.00016959
0.00017184
0.000174509
0.000177515
0.000180756
0.000184117
0.00018747
0.000190679
0.000193606
0.000196119
0.000198097
0.000199443
0.00020009
0.000200002
0.000199186
0.000197682
0.000195566
0.000192942
0.000189934
0.000186676
0.000183309
0.000179966
0.000176773
0.000173841
8.57924e-05
8.45319e-05
8.35785e-05
8.29531e-05
8.26687e-05
8.27312e-05
8.31395e-05
8.38855e-05
8.49536e-05
8.63196e-05
8.79498e-05
8.97999e-05
9.18138e-05
9.39237e-05
9.60507e-05
9.81065e-05
9.99976e-05
0.00010163
0.000102918
0.000103789
0.000104191
0.000104101
0.000103524
0.000102494
0.000101071
9.93323e-05
9.73697e-05
9.52771e-05
9.3147e-05
9.10645e-05
8.91043e-05
8.73299e-05
0.000168653
0.000167567
0.000166703
0.000166092
0.000165759
0.000165714
0.000165962
0.000166489
0.000167275
0.000168292
0.0001695
0.000170855
0.000172307
0.000173799
0.000175275
0.000176677
0.000177951
0.000179048
0.000179926
0.00018055
0.000180895
0.000180949
0.000180709
0.000180182
0.000179387
0.000178356
0.00017713
0.000175758
0.000174294
0.000172795
0.000171318
0.00016992
0.000182056
0.000180214
0.000178759
0.000177739
0.000177188
0.000177122
0.000177544
0.000178442
0.000179786
0.000181533
0.000183625
0.000185988
0.00018854
0.000191186
0.000193825
0.000196353
0.000198667
0.000200671
0.000202278
0.000203417
0.000204037
0.000204111
0.000203635
0.000202629
0.000201139
0.00019923
0.000196987
0.000194503
0.000191882
0.000189229
0.000186644
0.000184225
0.000172479
0.000170382
0.00016874
0.000167602
0.000166999
0.000166949
0.000167453
0.000168498
0.000170056
0.000172081
0.000174513
0.000177275
0.000180273
0.000183401
0.000186541
0.000189567
0.000192351
0.00019477
0.000196712
0.000198084
0.000198817
0.000198875
0.000198254
0.000196987
0.000195134
0.000192787
0.000190055
0.000187061
0.000183933
0.000180798
0.000177774
0.00017497
8.65207e-05
8.52838e-05
8.43287e-05
8.36779e-05
8.3346e-05
8.33403e-05
8.36613e-05
8.43024e-05
8.52498e-05
8.64814e-05
8.79657e-05
8.96618e-05
9.15177e-05
9.34713e-05
9.545e-05
9.73733e-05
9.9156e-05
0.000100713
0.000101963
0.00010284
0.000103294
0.000103299
0.000102854
0.000101984
0.00010074
9.91888e-05
9.74101e-05
9.54897e-05
9.35133e-05
9.15612e-05
8.97055e-05
8.80082e-05
0.000169151
0.000168003
0.00016706
0.000166359
0.000165925
0.000165776
0.000165915
0.000166334
0.000167017
0.000167938
0.000169063
0.00017035
0.000171751
0.000173214
0.000174681
0.000176098
0.000177408
0.000178563
0.000179519
0.000180237
0.000180691
0.000180862
0.000180741
0.000180331
0.000179645
0.000178712
0.000177569
0.000176261
0.00017484
0.000173362
0.000171883
0.000170462
0.000183003
0.000181024
0.000179405
0.000178199
0.000177447
0.000177172
0.000177383
0.000178075
0.000179224
0.000180795
0.000182734
0.000184976
0.000187441
0.00019004
0.000192675
0.000195244
0.000197644
0.000199775
0.000201548
0.000202886
0.000203728
0.000204038
0.000203801
0.000203027
0.000201749
0.000200026
0.000197932
0.000195558
0.000193002
0.000190369
0.000187761
0.000185275
0.000173643
0.000171352
0.000169488
0.000168105
0.000167244
0.000166928
0.000167168
0.000167957
0.000169274
0.000171082
0.000173327
0.000175939
0.000178833
0.000181907
0.000185049
0.000188138
0.000191045
0.000193645
0.000195821
0.00019747
0.000198512
0.000198895
0.000198598
0.000197637
0.000196058
0.00019394
0.000191384
0.000188506
0.000185433
0.000182292
0.000179207
0.00017629
8.72751e-05
8.5886e-05
8.47646e-05
8.39382e-05
8.34258e-05
8.32388e-05
8.33815e-05
8.38514e-05
8.46386e-05
8.57254e-05
8.70853e-05
8.86824e-05
9.04704e-05
9.23923e-05
9.43806e-05
9.63587e-05
9.82429e-05
9.9947e-05
0.000101386
0.000102486
0.000103184
0.00010344
0.00010324
0.000102595
0.000101542
0.000100139
9.84613e-05
9.65932e-05
9.46217e-05
9.26315e-05
9.06999e-05
8.88953e-05
0.000169502
0.000168297
0.000167287
0.000166512
0.000166
0.00016577
0.000165828
0.000166168
0.000166778
0.000167633
0.000168703
0.000169948
0.000171322
0.000172772
0.000174245
0.000175683
0.000177031
0.000178239
0.00017926
0.000180057
0.000180597
0.000180859
0.000180828
0.000180503
0.000179896
0.00017903
0.00017794
0.00017667
0.000175271
0.000173797
0.000172307
0.000170856
0.000183714
0.000181612
0.00017985
0.000178487
0.000177569
0.000177123
0.000177166
0.000177696
0.000178697
0.000180135
0.000181964
0.000184123
0.000186535
0.000189114
0.000191764
0.000194383
0.000196868
0.000199118
0.000201038
0.000202545
0.000203573
0.000204075
0.000204029
0.000203435
0.000202319
0.000200732
0.000198743
0.00019644
0.000193919
0.000191284
0.000188639
0.000186084
0.000174587
0.00017212
0.000170057
0.000168459
0.000167373
0.000166831
0.000166847
0.000167421
0.00016854
0.000170171
0.000172267
0.000174765
0.000177584
0.000180628
0.000183788
0.000186945
0.000189972
0.00019274
0.000195127
0.000197021
0.000198332
0.000198993
0.000198971
0.000198266
0.000196913
0.00019498
0.000192559
0.000189765
0.000186722
0.000183561
0.000180407
0.00017738
8.7962e-05
8.64324e-05
8.51582e-05
8.4171e-05
8.34941e-05
8.31424e-05
8.31239e-05
8.34395e-05
8.40829e-05
8.504e-05
8.62888e-05
8.77975e-05
8.95247e-05
9.14181e-05
9.34146e-05
9.54409e-05
9.74153e-05
9.92508e-05
0.000100859
0.000102159
0.000103078
0.000103564
0.000103589
0.00010315
0.000102273
0.000101008
9.94242e-05
9.76045e-05
9.56376e-05
9.36117e-05
9.16095e-05
8.97051e-05
0.00016948
0.000168284
0.000167286
0.000166525
0.000166028
0.000165813
0.000165883
0.000166235
0.000166854
0.000167716
0.00016879
0.000170037
0.000171409
0.000172856
0.000174322
0.000175751
0.000177089
0.000178284
0.000179294
0.000180079
0.000180609
0.00018086
0.00018082
0.000180485
0.00017987
0.000178997
0.000177902
0.00017663
0.00017523
0.000173758
0.000172271
0.000170826
0.000183681
0.000181598
0.000179855
0.000178512
0.000177612
0.000177184
0.000177243
0.000177785
0.000178796
0.000180241
0.000182074
0.000184232
0.000186639
0.00018921
0.000191848
0.000194452
0.00019692
0.000199151
0.00020105
0.000202538
0.000203547
0.000204032
0.00020397
0.000203363
0.000202237
0.000200644
0.000198653
0.00019635
0.000193834
0.000191208
0.000188575
0.000186035
0.000174588
0.00017214
0.000170096
0.000168515
0.000167444
0.000166914
0.000166939
0.00016752
0.000168641
0.000170271
0.000172363
0.000174852
0.000177659
0.000180687
0.000183829
0.000186964
0.000189968
0.000192714
0.000195078
0.000196953
0.000198247
0.000198895
0.000198864
0.000198154
0.000196801
0.000194872
0.000192459
0.000189676
0.000186648
0.000183503
0.000180368
0.000177361
8.80069e-05
8.64888e-05
8.52235e-05
8.42428e-05
8.35697e-05
8.32195e-05
8.31999e-05
8.3512e-05
8.41493e-05
8.50979e-05
8.63356e-05
8.7831e-05
8.95426e-05
9.14184e-05
9.33961e-05
9.54029e-05
9.73581e-05
9.91758e-05
0.000100769
0.000102057
0.000102969
0.000103453
0.000103481
0.00010305
0.000102185
0.000100935
9.93679e-05
9.75666e-05
9.56183e-05
9.36105e-05
9.16254e-05
8.97365e-05
0.000168993
0.000167858
0.000166935
0.000166263
0.000165865
0.000165755
0.000165931
0.000166386
0.000167102
0.000168052
0.000169201
0.000170507
0.000171921
0.000173388
0.000174855
0.000176263
0.00017756
0.000178695
0.000179628
0.000180323
0.000180754
0.0001809
0.000180752
0.000180311
0.000179596
0.000178634
0.000177464
0.000176133
0.000174694
0.000173204
0.000171719
0.000170297
0.000182745
0.000180787
0.000179197
0.000178029
0.00017732
0.000177092
0.000177354
0.000178096
0.000179296
0.000180915
0.000182898
0.000185178
0.000187674
0.000190295
0.000192943
0.000195513
0.000197903
0.000200015
0.00020176
0.000203061
0.000203861
0.000204123
0.000203833
0.000203005
0.000201674
0.0001999
0.00019776
0.000195347
0.000192761
0.000190108
0.00018749
0.000185006
0.000173389
0.000171112
0.000169269
0.000167914
0.000167087
0.00016681
0.000167092
0.000167926
0.00016929
0.000171144
0.000173435
0.000176089
0.000179019
0.000182124
0.000185289
0.000188389
0.000191299
0.000193891
0.00019605
0.000197671
0.000198678
0.000199017
0.000198672
0.000197659
0.000196027
0.000193856
0.00019125
0.000188329
0.000185221
0.000182055
0.000178954
0.000176032
8.71616e-05
8.57724e-05
8.46545e-05
8.38348e-05
8.3332e-05
8.31572e-05
8.33147e-05
8.38018e-05
8.46082e-05
8.57158e-05
8.70977e-05
8.87171e-05
9.0527e-05
9.24693e-05
9.44757e-05
9.64686e-05
9.83636e-05
0.000100074
0.000101514
0.000102609
0.000103298
0.000103539
0.00010332
0.000102652
0.000101573
0.000100143
9.84383e-05
9.65453e-05
9.45521e-05
9.25441e-05
9.05993e-05
8.8786e-05
0.000168396
0.000167322
0.000166479
0.000165902
0.000165612
0.000165616
0.00016591
0.000166482
0.00016731
0.000168363
0.000169601
0.00017098
0.000172448
0.000173947
0.000175423
0.000176816
0.000178074
0.000179149
0.000180001
0.000180599
0.000180922
0.00018095
0.000180679
0.000180118
0.000179287
0.000178221
0.000176962
0.000175559
0.00017407
0.000172551
0.000171062
0.000169659
0.000181608
0.000179774
0.000178341
0.000177358
0.000176855
0.000176848
0.000177338
0.00017831
0.000179733
0.00018156
0.000183731
0.000186169
0.000188788
0.00019149
0.000194172
0.000196728
0.000199055
0.000201054
0.00020264
0.000203744
0.000204316
0.000204329
0.000203781
0.000202696
0.000201123
0.00019913
0.000196804
0.000194245
0.000191559
0.000188852
0.000186228
0.000183785
0.000171902
0.000169788
0.000168149
0.000167034
0.000166472
0.00016648
0.000167057
0.00016819
0.000169848
0.000171983
0.000174531
0.00017741
0.000180524
0.00018376
0.000186996
0.000190102
0.000192946
0.000195402
0.000197354
0.00019871
0.000199401
0.000199391
0.000198681
0.000197304
0.00019533
0.000192853
0.000189991
0.000186872
0.000183631
0.000180397
0.000177294
0.000174431
8.60803e-05
8.48111e-05
8.38401e-05
8.31891e-05
8.2872e-05
8.28959e-05
8.32609e-05
8.396e-05
8.49788e-05
8.62942e-05
8.78732e-05
8.96726e-05
9.16374e-05
9.37014e-05
9.57878e-05
9.78108e-05
9.96798e-05
0.000101304
0.000102599
0.000103494
0.000103936
0.000103899
0.000103386
0.000102426
0.000101073
9.94018e-05
9.75001e-05
9.54597e-05
9.33716e-05
9.13204e-05
8.93812e-05
8.76172e-05
0.000168204
0.000167169
0.00016637
0.000165841
0.000165601
0.000165654
0.000165997
0.000166612
0.000167479
0.000168563
0.000169826
0.000171219
0.000172691
0.000174187
0.000175647
0.000177016
0.000178242
0.000179277
0.000180083
0.000180631
0.000180902
0.000180879
0.000180559
0.000179953
0.000179083
0.000177986
0.000176703
0.000175288
0.000173795
0.000172284
0.000170811
0.000169433
0.000181242
0.000179474
0.000178118
0.000177217
0.000176801
0.000176883
0.00017746
0.000178514
0.000180013
0.000181906
0.000184131
0.00018661
0.000189253
0.000191961
0.000194632
0.000197157
0.000199434
0.000201367
0.000202873
0.000203886
0.00020436
0.000204273
0.000203627
0.00020245
0.000200794
0.000198734
0.000196358
0.000193766
0.000191067
0.000188366
0.000185766
0.000183364
0.000171406
0.000169367
0.000167817
0.000166799
0.000166342
0.000166458
0.000167144
0.000168384
0.000170144
0.000172373
0.000175004
0.000177952
0.000181117
0.000184383
0.000187626
0.000190713
0.000193512
0.000195897
0.000197756
0.000198999
0.000199563
0.000199418
0.000198572
0.000197065
0.000194973
0.000192396
0.000189456
0.000186284
0.000183015
0.000179778
0.000176695
0.000173874
8.57098e-05
8.44849e-05
8.35672e-05
8.29766e-05
8.27256e-05
8.28197e-05
8.32577e-05
8.40314e-05
8.51248e-05
8.65128e-05
8.81607e-05
9.00225e-05
9.20408e-05
9.41462e-05
9.62587e-05
9.82897e-05
0.000100146
0.000101737
0.000102977
0.000103797
0.000104149
0.000104012
0.000103393
0.000102329
0.000100881
9.91274e-05
9.7159e-05
9.50703e-05
9.29526e-05
9.08902e-05
8.89565e-05
8.72131e-05
0.00016854
0.000167541
0.000166766
0.000166246
0.000166002
0.000166039
0.000166351
0.000166925
0.000167739
0.000168763
0.000169959
0.000171282
0.000172682
0.000174106
0.000175501
0.00017681
0.000177986
0.000178981
0.000179761
0.000180298
0.000180572
0.000180567
0.000180279
0.000179717
0.000178903
0.000177869
0.000176656
0.000175314
0.000173894
0.000172452
0.000171044
0.000169723
0.000181886
0.000180168
0.000178837
0.000177936
0.000177496
0.00017753
0.000178037
0.000179001
0.000180393
0.000182166
0.00018426
0.000186602
0.000189108
0.000191684
0.000194232
0.000196649
0.000198838
0.000200707
0.000202177
0.000203182
0.000203679
0.000203644
0.000203077
0.000202003
0.00020047
0.000198545
0.000196311
0.000193863
0.000191302
0.000188729
0.000186243
0.000183934
0.00017224
0.000170241
0.000168701
0.000167664
0.000167157
0.000167197
0.000167783
0.0001689
0.000170517
0.000172588
0.00017505
0.000177823
0.000180813
0.000183911
0.000186999
0.000189952
0.000192646
0.000194959
0.000196786
0.000198038
0.000198654
0.000198601
0.000197882
0.000196532
0.000194617
0.000192229
0.000189481
0.000186494
0.000183396
0.000180312
0.000177357
0.000174636
8.6314e-05
8.50958e-05
8.41648e-05
8.35421e-05
8.32416e-05
8.327e-05
8.36275e-05
8.43072e-05
8.52947e-05
8.65671e-05
8.80921e-05
8.98271e-05
9.17185e-05
9.37022e-05
9.57036e-05
9.76406e-05
9.94264e-05
0.000100975
0.000102206
0.000103052
0.000103466
0.000103423
0.000102924
0.000101999
0.000100699
9.90959e-05
9.7272e-05
9.53152e-05
9.33123e-05
9.13442e-05
8.94829e-05
8.77895e-05
0.000169013
0.000168076
0.000167344
0.000166848
0.000166608
0.000166628
0.000166903
0.000167423
0.000168165
0.000169104
0.000170202
0.000171421
0.000172713
0.00017403
0.000175321
0.000176536
0.000177629
0.000178559
0.000179291
0.0001798
0.000180069
0.00018008
0.00017983
0.000179327
0.000178589
0.000177646
0.000176534
0.000175299
0.000173988
0.000172654
0.000171347
0.000170118
0.000182771
0.000181151
0.000179885
0.000179012
0.000178563
0.000178552
0.000178979
0.000179831
0.000181081
0.000182686
0.000184593
0.000186734
0.000189033
0.000191402
0.000193753
0.00019599
0.000198025
0.000199773
0.000201159
0.000202125
0.000202627
0.000202643
0.00020217
0.000201229
0.000199861
0.000198126
0.000196097
0.000193862
0.000191512
0.00018914
0.000186836
0.000184688
0.000173386
0.000171489
0.000170006
0.00016898
0.000168442
0.000168408
0.000168879
0.000169842
0.000171271
0.000173124
0.000175343
0.000177857
0.000180578
0.00018341
0.000186244
0.000188967
0.000191465
0.000193628
0.00019536
0.000196577
0.000197222
0.000197262
0.000196694
0.000195545
0.000193871
0.000191751
0.000189283
0.000186577
0.00018375
0.000180914
0.000178178
0.00017564
8.71423e-05
8.59703e-05
8.50555e-05
8.44202e-05
8.40794e-05
8.40412e-05
8.43068e-05
8.4871e-05
8.57211e-05
8.68364e-05
8.8188e-05
8.97372e-05
9.14361e-05
9.32272e-05
9.50442e-05
9.68142e-05
9.84602e-05
9.99053e-05
0.000101077
0.000101915
0.000102372
0.000102423
0.000102063
0.000101314
0.000100215
9.88261e-05
9.72177e-05
9.54674e-05
9.36535e-05
9.18508e-05
9.0127e-05
8.85411e-05
0.000169227
0.000168389
0.000167746
0.000167325
0.000167143
0.000167202
0.000167498
0.000168017
0.000168738
0.000169636
0.000170676
0.000171818
0.000173021
0.000174237
0.000175421
0.000176527
0.000177511
0.000178338
0.000178978
0.000179408
0.000179613
0.000179581
0.00017931
0.000178808
0.000178094
0.000177195
0.000176147
0.000174992
0.000173775
0.000172544
0.000171345
0.000170225
0.000183108
0.000181663
0.000180552
0.000179811
0.000179467
0.000179529
0.000179996
0.000180852
0.00018207
0.000183609
0.000185414
0.000187423
0.000189562
0.000191751
0.000193905
0.000195938
0.000197769
0.000199322
0.000200532
0.000201347
0.000201731
0.000201667
0.000201156
0.000200221
0.000198901
0.000197253
0.000195347
0.000193263
0.000191085
0.000188901
0.000186792
0.000184838
0.000173772
0.000172078
0.000170775
0.000169902
0.000169485
0.000169536
0.000170054
0.000171025
0.000172421
0.0001742
0.000176304
0.000178663
0.000181197
0.000183811
0.000186407
0.000188878
0.000191122
0.000193041
0.000194549
0.000195576
0.000196072
0.000196013
0.0001954
0.000194264
0.000192656
0.000190652
0.000188343
0.000185829
0.000183218
0.000180612
0.000178111
0.000175805
8.7374e-05
8.63271e-05
8.5522e-05
8.49791e-05
8.47116e-05
8.47261e-05
8.50226e-05
8.55943e-05
8.64277e-05
8.75014e-05
8.87859e-05
9.0243e-05
9.18261e-05
9.348e-05
9.51424e-05
9.67458e-05
9.82203e-05
9.94972e-05
0.000100514
0.000101217
0.00010157
0.000101551
0.000101163
0.000100425
9.93775e-05
9.80734e-05
9.6578e-05
9.49613e-05
9.32941e-05
9.16443e-05
9.00733e-05
8.86349e-05
0.000169246
0.000168531
0.000168005
0.000167693
0.000167605
0.000167743
0.000168099
0.000168658
0.000169397
0.000170289
0.000171299
0.00017239
0.000173521
0.000174647
0.000175726
0.000176715
0.000177577
0.000178279
0.000178797
0.000179114
0.000179217
0.000179101
0.000178766
0.000178223
0.000177493
0.000176603
0.00017559
0.000174492
0.000173352
0.000172216
0.000171125
0.000170122
0.000183029
0.000181803
0.000180905
0.000180365
0.000180201
0.000180418
0.00018101
0.000181956
0.000183225
0.000184773
0.000186546
0.00018848
0.000190503
0.000192538
0.000194506
0.000196329
0.000197932
0.000199249
0.000200224
0.000200817
0.000201
0.000200767
0.000200125
0.000199102
0.000197742
0.000196101
0.00019425
0.000192263
0.000190221
0.000188203
0.000186286
0.000184541
0.000173569
0.000172139
0.000171095
0.000170468
0.000170276
0.000170526
0.00017121
0.000172309
0.000173788
0.000175603
0.000177692
0.000179986
0.000182401
0.000184848
0.00018723
0.000189449
0.000191413
0.000193034
0.00019424
0.000194974
0.000195201
0.000194911
0.000194116
0.000192854
0.000191181
0.000189174
0.000186922
0.000184522
0.000182071
0.000179665
0.000177395
0.000175339
8.71433e-05
8.62692e-05
8.56345e-05
8.52551e-05
8.51406e-05
8.52938e-05
8.57113e-05
8.63829e-05
8.72917e-05
8.84129e-05
8.97139e-05
9.11539e-05
9.26843e-05
9.42492e-05
9.57872e-05
9.72336e-05
9.85235e-05
9.95957e-05
0.000100397
0.000100885
0.000101035
0.000100838
0.000100304
9.94604e-05
9.83515e-05
9.70322e-05
9.55653e-05
9.40167e-05
9.24515e-05
9.09306e-05
8.95089e-05
8.82335e-05
0.000169372
0.000168772
0.000168354
0.000168136
0.000168127
0.000168327
0.000168725
0.000169305
0.000170042
0.000170909
0.000171873
0.000172898
0.000173945
0.000174972
0.00017594
0.000176812
0.000177554
0.000178139
0.000178547
0.000178763
0.00017878
0.000178597
0.000178218
0.000177655
0.000176928
0.000176067
0.000175104
0.000174077
0.000173026
0.000171992
0.000171014
0.000170129
0.000183158
0.000182135
0.000181426
0.000181057
0.00018104
0.000181375
0.000182051
0.000183045
0.000184323
0.000185841
0.000187544
0.000189371
0.000191252
0.000193115
0.000194888
0.000196498
0.000197881
0.000198978
0.000199744
0.000200147
0.000200169
0.000199808
0.00019908
0.000198016
0.000196658
0.000195066
0.000193303
0.000191442
0.000189557
0.000187721
0.000186001
0.000184462
0.000173647
0.000172456
0.000171636
0.000171213
0.000171199
0.000171594
0.000172388
0.000173555
0.000175061
0.000176855
0.000178879
0.000181061
0.00018332
0.000185572
0.000187725
0.000189691
0.000191386
0.000192735
0.000193677
0.00019417
0.000194189
0.000193733
0.000192823
0.000191501
0.000189826
0.000187873
0.000185727
0.000183476
0.000181212
0.000179021
0.000176984
0.000175173
8.7134e-05
8.6408e-05
8.59134e-05
8.56629e-05
8.56627e-05
8.59131e-05
8.64078e-05
8.71344e-05
8.80732e-05
8.91976e-05
9.04733e-05
9.18585e-05
9.33044e-05
9.47565e-05
9.61561e-05
9.74426e-05
9.85576e-05
9.94475e-05
0.000100068
0.000100387
0.000100388
0.000100071
9.94517e-05
9.85619e-05
9.7446e-05
9.61579e-05
9.47566e-05
9.3303e-05
9.18562e-05
9.04708e-05
8.91956e-05
8.8072e-05
0.000169699
0.000169203
0.000168874
0.000168727
0.000168768
0.000168996
0.0001694
0.000169962
0.00017066
0.000171467
0.000172352
0.000173281
0.000174219
0.000175129
0.000175977
0.000176729
0.000177356
0.000177836
0.000178152
0.000178294
0.000178256
0.000178041
0.000177655
0.00017711
0.000176425
0.000175627
0.000174747
0.000173819
0.000172879
0.000171964
0.000171107
0.000170343
0.000183719
0.000182869
0.000182308
0.000182055
0.000182118
0.000182497
0.000183176
0.000184135
0.000185338
0.000186744
0.000188301
0.000189952
0.000191635
0.000193285
0.000194836
0.000196225
0.000197397
0.000198303
0.000198905
0.000199178
0.000199111
0.000198706
0.00019798
0.000196963
0.000195697
0.000194234
0.000192635
0.000190962
0.000189283
0.000187661
0.000186158
0.000184828
0.000174339
0.000173342
0.000172684
0.000172385
0.000172453
0.000172888
0.000173676
0.000174792
0.000176201
0.000177855
0.000179699
0.000181666
0.000183683
0.000185673
0.000187555
0.000189252
0.000190691
0.000191809
0.000192557
0.0001929
0.000192823
0.00019233
0.000191441
0.000190197
0.000188654
0.000186878
0.000184944
0.000182933
0.000180924
0.000178993
0.000177212
0.000175643
8.76173e-05
8.70012e-05
8.65944e-05
8.64078e-05
8.64462e-05
8.67088e-05
8.71887e-05
8.78729e-05
8.8742e-05
8.97703e-05
9.0925e-05
9.21672e-05
9.34522e-05
9.47307e-05
9.59506e-05
9.70594e-05
9.80069e-05
9.87485e-05
9.92479e-05
9.94802e-05
9.94334e-05
9.91098e-05
9.85256e-05
9.77096e-05
9.67012e-05
9.55477e-05
9.43006e-05
9.30129e-05
9.17362e-05
9.05186e-05
8.94029e-05
8.84257e-05
0.000169996
0.000169611
0.000169381
0.000169314
0.000169414
0.000169678
0.000170094
0.000170645
0.000171307
0.000172056
0.000172863
0.000173696
0.000174524
0.000175314
0.000176036
0.000176661
0.000177166
0.000177533
0.00017775
0.00017781
0.00017771
0.000177456
0.000177055
0.000176522
0.000175874
0.000175136
0.000174337
0.000173508
0.000172681
0.000171887
0.000171157
0.000170519
0.000184266
0.000183603
0.000183203
0.000183079
0.000183235
0.000183667
0.000184358
0.000185286
0.000186417
0.00018771
0.000189118
0.000190588
0.000192065
0.00019349
0.000194808
0.000195964
0.000196913
0.000197615
0.000198041
0.000198173
0.000198007
0.000197549
0.000196818
0.000195844
0.000194667
0.000193334
0.000191899
0.000190419
0.000188952
0.000187554
0.000186277
0.000185168
0.000175066
0.000174279
0.000173796
0.000173632
0.000173792
0.000174272
0.000175056
0.000176118
0.000177424
0.000178929
0.00018058
0.000182317
0.000184075
0.000185784
0.000187377
0.000188787
0.000189954
0.000190827
0.00019137
0.000191556
0.000191378
0.000190844
0.000189977
0.000188815
0.000187409
0.000185817
0.000184107
0.000182347
0.000180607
0.000178952
0.000177443
0.000176133
8.81646e-05
8.76681e-05
8.73565e-05
8.72384e-05
8.7317e-05
8.75901e-05
8.805e-05
8.86833e-05
8.94711e-05
9.03888e-05
9.1406e-05
9.24873e-05
9.35928e-05
9.46794e-05
9.57027e-05
9.66188e-05
9.73869e-05
9.79715e-05
9.83448e-05
9.84888e-05
9.83962e-05
9.80714e-05
9.753e-05
9.67977e-05
9.59085e-05
9.49027e-05
9.38239e-05
9.27169e-05
9.16255e-05
9.05906e-05
8.96488e-05
8.88315e-05
0.000169979
0.000169723
0.000169618
0.000169667
0.000169871
0.000170221
0.000170705
0.000171301
0.000171985
0.000172731
0.000173509
0.00017429
0.000175044
0.000175741
0.000176354
0.000176858
0.000177236
0.000177473
0.000177563
0.000177504
0.000177297
0.000176953
0.000176483
0.000175903
0.000175234
0.000174501
0.000173733
0.000172959
0.000172209
0.000171511
0.000170891
0.000170374
0.000184224
0.000183782
0.000183596
0.000183672
0.000184008
0.000184591
0.000185402
0.000186411
0.000187582
0.000188873
0.000190234
0.000191615
0.000192961
0.000194221
0.000195343
0.000196281
0.000196998
0.000197465
0.000197661
0.00019758
0.000197224
0.000196609
0.00019576
0.000194712
0.000193505
0.00019219
0.000190817
0.000189441
0.000188115
0.000186887
0.000185805
0.000184906
0.000175036
0.000174501
0.000174261
0.000174324
0.000174688
0.000175339
0.000176258
0.000177414
0.000178766
0.000180268
0.000181865
0.000183498
0.000185102
0.000186616
0.000187975
0.000189124
0.000190014
0.000190606
0.000190874
0.000190807
0.000190407
0.000189692
0.000188693
0.000187452
0.000186023
0.000184464
0.000182839
0.000181211
0.000179642
0.000178193
0.000176913
0.000175849
8.81649e-05
8.78188e-05
8.76509e-05
8.76658e-05
8.78631e-05
8.82368e-05
8.8776e-05
8.94641e-05
9.02795e-05
9.11953e-05
9.21799e-05
9.31975e-05
9.4209e-05
9.51738e-05
9.60514e-05
9.68033e-05
9.73958e-05
9.78014e-05
9.80011e-05
9.79852e-05
9.77547e-05
9.73202e-05
9.67022e-05
9.5929e-05
9.50353e-05
9.40599e-05
9.30435e-05
9.20267e-05
9.10486e-05
9.01446e-05
8.93461e-05
8.86792e-05
0.000169666
0.00016956
0.000169612
0.000169819
0.000170173
0.000170663
0.00017127
0.000171968
0.00017273
0.000173525
0.000174324
0.000175094
0.000175806
0.000176432
0.000176947
0.000177332
0.00017757
0.000177655
0.000177587
0.000177367
0.000177006
0.000176518
0.000175922
0.000175238
0.000174492
0.000173711
0.000172926
0.000172166
0.000171461
0.000170837
0.000170317
0.000169921
0.000183613
0.000183436
0.000183527
0.000183883
0.000184491
0.000185331
0.000186372
0.000187577
0.000188901
0.000190296
0.000191708
0.000193083
0.000194366
0.000195506
0.000196456
0.000197178
0.000197641
0.000197827
0.000197728
0.000197349
0.000196705
0.000195825
0.000194743
0.000193503
0.000192154
0.000190751
0.000189345
0.000187993
0.000186745
0.000185646
0.000184738
0.000184052
0.000174266
0.000174041
0.000174127
0.000174521
0.000175209
0.00017617
0.000177371
0.000178771
0.000180321
0.000181964
0.000183639
0.000185282
0.000186827
0.00018821
0.000189373
0.000190266
0.00019085
0.0001911
0.000191006
0.00019057
0.000189814
0.000188769
0.000187481
0.000186004
0.000184399
0.000182731
0.000181064
0.000179462
0.000177985
0.000176686
0.00017561
0.000174795
8.76338e-05
8.74791e-05
8.75134e-05
8.77357e-05
8.81392e-05
8.8712e-05
8.94366e-05
9.02902e-05
9.12447e-05
9.22672e-05
9.33202e-05
9.43634e-05
9.53546e-05
9.62517e-05
9.70152e-05
9.76102e-05
9.80091e-05
9.8193e-05
9.8153e-05
9.78914e-05
9.74207e-05
9.67631e-05
9.59491e-05
9.5015e-05
9.40011e-05
9.29494e-05
9.19018e-05
9.08979e-05
8.99739e-05
8.91616e-05
8.84877e-05
8.79733e-05
0.000169281
0.000169344
0.000169573
0.000169959
0.000170487
0.000171138
0.000171889
0.000172708
0.000173563
0.00017442
0.000175247
0.00017601
0.00017668
0.00017723
0.000177638
0.000177888
0.000177972
0.000177886
0.000177638
0.000177237
0.000176699
0.000176046
0.000175304
0.000174499
0.000173661
0.000172821
0.000172011
0.000171262
0.000170602
0.000170056
0.000169645
0.000169383
0.000182892
0.000183018
0.000183427
0.000184106
0.00018503
0.000186167
0.000187476
0.00018891
0.000190414
0.000191933
0.000193406
0.000194776
0.000195987
0.00019699
0.000197743
0.000198215
0.000198386
0.000198249
0.00019781
0.000197088
0.000196114
0.000194928
0.000193578
0.000192118
0.000190605
0.000189098
0.000187653
0.000186326
0.000185164
0.000184211
0.000183499
0.000183054
0.00017339
0.000173529
0.000173997
0.000174779
0.00017585
0.000177173
0.000178704
0.000180389
0.000182167
0.000183971
0.000185733
0.00018738
0.000188844
0.000190064
0.000190985
0.000191568
0.000191787
0.000191631
0.000191108
0.000190243
0.000189073
0.000187649
0.000186032
0.000184288
0.000182487
0.000180699
0.000178992
0.000177428
0.000176063
0.000174944
0.000174109
0.000173585
8.70704e-05
8.71487e-05
8.74277e-05
8.78994e-05
8.85498e-05
8.93593e-05
9.03026e-05
9.13487e-05
9.24614e-05
9.36e-05
9.47204e-05
9.57766e-05
9.67232e-05
9.75175e-05
9.81225e-05
9.85093e-05
9.86592e-05
9.85649e-05
9.82315e-05
9.76753e-05
9.69233e-05
9.60104e-05
9.49777e-05
9.38697e-05
9.2732e-05
9.16091e-05
9.05429e-05
8.95711e-05
8.87262e-05
8.80355e-05
8.75202e-05
8.71954e-05
0.000168894
0.000169116
0.000169513
0.000170068
0.000170761
0.000171567
0.000172457
0.000173394
0.00017434
0.00017526
0.000176116
0.000176875
0.000177508
0.000177989
0.000178298
0.000178423
0.000178361
0.000178114
0.000177697
0.000177124
0.000176418
0.000175609
0.000174728
0.000173806
0.000172878
0.000171979
0.000171142
0.000170399
0.000169778
0.000169303
0.00016899
0.000168852
0.000182218
0.000182625
0.000183331
0.000184311
0.000185529
0.000186945
0.000188505
0.000190154
0.000191827
0.000193462
0.000194992
0.000196356
0.000197499
0.000198372
0.000198939
0.000199174
0.00019907
0.000198629
0.000197872
0.000196831
0.000195549
0.00019408
0.000192482
0.000190819
0.000189156
0.000187554
0.000186075
0.000184771
0.000183691
0.000182872
0.000182344
0.000182123
0.000172627
0.000173103
0.000173924
0.000175065
0.000176487
0.000178144
0.000179977
0.000181922
0.000183906
0.000185852
0.000187682
0.000189321
0.000190698
0.000191753
0.000192437
0.00019272
0.000192589
0.000192051
0.00019113
0.000189869
0.000188322
0.000186556
0.000184646
0.000182669
0.000180701
0.000178817
0.000177085
0.000175567
0.000174315
0.000173369
0.000172762
0.000172512
8.66356e-05
8.69292e-05
8.74327e-05
8.81318e-05
8.90059e-05
9.00283e-05
9.1166e-05
9.23802e-05
9.3627e-05
9.48581e-05
9.60233e-05
9.70719e-05
9.79561e-05
9.86341e-05
9.90727e-05
9.92499e-05
9.91571e-05
9.87991e-05
9.81941e-05
9.73721e-05
9.63723e-05
9.52406e-05
9.40265e-05
9.27803e-05
9.15509e-05
9.03838e-05
8.93198e-05
8.8394e-05
8.76356e-05
8.70673e-05
8.67055e-05
8.65603e-05
0.000168439
0.000168787
0.000169322
0.000170022
0.000170861
0.000171809
0.000172832
0.000173887
0.000174934
0.00017593
0.000176837
0.000177619
0.000178245
0.000178691
0.000178937
0.000178974
0.000178802
0.000178429
0.000177872
0.000177152
0.000176298
0.000175345
0.00017433
0.00017329
0.000172263
0.000171289
0.000170403
0.00016964
0.000169028
0.000168589
0.000168339
0.000168289
0.000181432
0.000182048
0.000182984
0.000184208
0.000185676
0.000187338
0.000189132
0.000190993
0.000192848
0.000194626
0.000196255
0.000197668
0.000198807
0.000199623
0.00020008
0.000200159
0.000199858
0.000199188
0.00019818
0.000196877
0.000195332
0.000193611
0.000191782
0.000189918
0.000188089
0.000186364
0.000184806
0.000183472
0.000182409
0.000181653
0.000181231
0.000181156
0.000171739
0.00017245
0.00017353
0.000174946
0.000176652
0.000178591
0.000180695
0.000182889
0.000185089
0.00018721
0.000189163
0.000190866
0.000192244
0.000193234
0.000193792
0.00019389
0.000193524
0.000192712
0.000191492
0.00018992
0.000188064
0.000186006
0.00018383
0.000181624
0.000179471
0.000177452
0.000175638
0.000174091
0.000172863
0.000171992
0.000171507
0.000171422
8.61291e-05
8.65575e-05
8.72103e-05
8.80694e-05
8.91098e-05
9.02999e-05
9.1601e-05
9.2968e-05
9.43502e-05
9.56929e-05
9.6939e-05
9.80326e-05
9.89221e-05
9.95634e-05
9.99241e-05
9.99855e-05
9.97445e-05
9.9214e-05
9.84212e-05
9.74057e-05
9.62162e-05
9.49071e-05
9.3535e-05
9.21557e-05
9.08217e-05
8.95806e-05
8.8474e-05
8.75367e-05
8.67967e-05
8.6275e-05
8.59859e-05
8.59368e-05
0.00016786
0.000168326
0.000168994
0.00016984
0.000170831
0.000171931
0.0001731
0.000174291
0.000175457
0.000176551
0.000177532
0.00017836
0.000179003
0.000179434
0.000179637
0.000179602
0.000179332
0.00017884
0.000178147
0.000177279
0.000176271
0.000175164
0.000174001
0.000172826
0.000171681
0.00017061
0.000169653
0.000168846
0.000168219
0.000167796
0.000167591
0.000167612
0.0001804
0.000181199
0.00018235
0.000183812
0.000185535
0.000187458
0.000189513
0.000191621
0.000193702
0.000195674
0.000197456
0.000198976
0.000200167
0.000200979
0.000201377
0.000201342
0.000200877
0.000200002
0.000198756
0.000197192
0.000195377
0.000193385
0.000191297
0.000189194
0.000187157
0.00018526
0.000183573
0.000182155
0.000181055
0.000180311
0.000179948
0.000179978
0.000170519
0.000171417
0.000172722
0.000174395
0.000176383
0.000178618
0.000181025
0.000183515
0.000185993
0.000188362
0.000190522
0.000192379
0.000193849
0.000194864
0.000195377
0.000195363
0.000194822
0.000193781
0.000192289
0.000190415
0.000188243
0.000185867
0.000183387
0.000180899
0.000178499
0.000176274
0.0001743
0.000172644
0.000171358
0.000170483
0.000170045
0.000170057
8.53689e-05
8.58874e-05
8.66548e-05
8.76505e-05
8.88468e-05
9.02079e-05
9.16903e-05
9.3243e-05
9.4808e-05
9.63224e-05
9.77208e-05
9.89388e-05
9.99167e-05
0.000100605
0.000100967
0.000100983
0.000100653
9.99942e-05
9.90421e-05
9.78452e-05
9.6462e-05
9.49563e-05
9.33936e-05
9.1837e-05
9.0345e-05
8.89695e-05
8.77551e-05
8.67384e-05
8.59482e-05
8.54057e-05
8.51248e-05
8.51125e-05
0.000167278
0.000167907
0.000168753
0.000169783
0.00017096
0.000172239
0.000173575
0.000174912
0.0001762
0.000177386
0.000178424
0.000179274
0.000179901
0.00018028
0.000180395
0.000180241
0.000179826
0.000179168
0.000178295
0.00017724
0.000176045
0.000174758
0.000173429
0.000172109
0.000170846
0.000169687
0.000168675
0.000167849
0.00016724
0.00016687
0.000166751
0.000166889
0.000179341
0.000180407
0.000181854
0.000183632
0.00018568
0.000187927
0.000190289
0.000192679
0.000195003
0.000197168
0.000199085
0.000200672
0.00020186
0.000202599
0.000202854
0.000202614
0.000201891
0.000200716
0.000199142
0.000197236
0.00019508
0.000192763
0.000190377
0.000188014
0.000185763
0.000183707
0.000181918
0.000180457
0.000179376
0.000178709
0.000178478
0.000178691
0.000169225
0.00017041
0.000172042
0.000174072
0.000176435
0.000179053
0.000181834
0.000184678
0.000187473
0.000190105
0.000192462
0.000194438
0.000195941
0.0001969
0.000197267
0.000197025
0.000196186
0.00019479
0.000192906
0.000190621
0.000188039
0.00018527
0.00018243
0.000179628
0.000176968
0.000174545
0.00017244
0.000170719
0.000169435
0.000168628
0.00016832
0.000168521
8.45247e-05
8.51985e-05
8.6148e-05
8.73489e-05
8.87688e-05
9.0366e-05
9.20897e-05
9.38798e-05
9.56682e-05
9.73809e-05
9.89411e-05
0.000100274
0.000101311
0.000101997
0.000102294
0.000102185
0.000101677
0.000100798
9.95963e-05
9.81341e-05
9.64839e-05
9.47221e-05
9.29243e-05
9.11616e-05
8.94981e-05
8.7989e-05
8.66805e-05
8.56094e-05
8.4804e-05
8.42841e-05
8.4062e-05
8.41429e-05
0.000166895
0.000167756
0.000168837
0.000170098
0.000171492
0.000172967
0.000174468
0.000175935
0.000177309
0.000178537
0.000179569
0.000180364
0.000180892
0.00018113
0.000181067
0.000180708
0.000180067
0.000179172
0.00017806
0.000176774
0.000175364
0.000173886
0.000172398
0.000170956
0.000169613
0.000168418
0.000167417
0.000166646
0.000166134
0.0001659
0.000165951
0.000166287
0.00017865
0.000180124
0.00018199
0.000184187
0.000186639
0.000189257
0.000191944
0.000194598
0.000197111
0.000199382
0.000201313
0.000202821
0.00020384
0.000204322
0.000204247
0.000203617
0.000202463
0.000200834
0.000198805
0.000196462
0.000193903
0.000191234
0.000188558
0.000185977
0.000183586
0.00018147
0.0001797
0.000178338
0.000177427
0.000176997
0.000177061
0.000177618
0.000168354
0.000170015
0.000172145
0.000174679
0.000177537
0.000180622
0.000183824
0.000187022
0.000190087
0.000192888
0.0001953
0.00019721
0.000198525
0.000199181
0.000199143
0.000198414
0.000197032
0.000195064
0.000192606
0.000189773
0.000186691
0.000183489
0.000180296
0.000177231
0.000174404
0.000171909
0.000169825
0.000168215
0.000167125
0.000166587
0.000166616
0.000167211
8.39357e-05
8.48998e-05
8.61587e-05
8.76809e-05
8.94251e-05
9.13392e-05
9.33598e-05
9.54129e-05
9.74155e-05
9.9279e-05
0.000100914
0.000102235
0.000103171
0.000103669
0.000103698
0.000103258
0.000102375
0.000101099
9.95e-05
9.76618e-05
9.56733e-05
9.36233e-05
9.15953e-05
8.96645e-05
8.78957e-05
8.63424e-05
8.50475e-05
8.40436e-05
8.33542e-05
8.29946e-05
8.29726e-05
8.32885e-05
0.000166877
0.000167999
0.000169329
0.000170819
0.000172412
0.000174049
0.000175666
0.0001772
0.000178589
0.000179777
0.000180715
0.000181367
0.000181708
0.000181723
0.000181412
0.000180787
0.000179875
0.000178717
0.000177356
0.000175846
0.000174246
0.000172618
0.000171026
0.000169528
0.00016818
0.000167031
0.000166124
0.000165491
0.000165156
0.000165133
0.00016542
0.000166008
0.000178655
0.000180609
0.000182942
0.000185575
0.000188416
0.000191362
0.000194299
0.000197111
0.000199682
0.000201904
0.000203679
0.000204928
0.000205594
0.000205646
0.000205083
0.000203931
0.000202241
0.000200092
0.000197575
0.000194799
0.000191878
0.000188928
0.000186062
0.000183386
0.000180994
0.000178969
0.000177377
0.000176271
0.000175685
0.000175637
0.000176129
0.000177146
0.000168322
0.000170571
0.000173283
0.000176373
0.000179742
0.000183271
0.000186828
0.000190273
0.000193457
0.000196237
0.000198483
0.000200083
0.000200956
0.000201058
0.000200384
0.000198968
0.000196882
0.000194232
0.000191142
0.000187754
0.000184214
0.000180665
0.000177243
0.000174068
0.000171247
0.000168867
0.000167001
0.000165699
0.000164998
0.000164916
0.000165455
0.000166601
8.38736e-05
8.52222e-05
8.68705e-05
8.87768e-05
9.08873e-05
9.31347e-05
9.54389e-05
9.7708e-05
9.98415e-05
0.000101736
0.00010329
0.000104419
0.000105054
0.000105157
0.000104722
0.000103776
0.000102376
0.000100601
9.85493e-05
9.63219e-05
9.40212e-05
9.17426e-05
8.9571e-05
8.75787e-05
8.58248e-05
8.4356e-05
8.32073e-05
8.24039e-05
8.19622e-05
8.18906e-05
8.21904e-05
8.28558e-05
0.000167312
0.000168635
0.000170142
0.000171774
0.000173471
0.000175167
0.000176798
0.000178296
0.000179601
0.000180661
0.000181432
0.000181884
0.000181999
0.000181774
0.000181217
0.000180354
0.00017922
0.000177862
0.000176333
0.000174692
0.000173003
0.00017133
0.000169738
0.000168285
0.000167024
0.000166002
0.000165255
0.000164811
0.000164687
0.000164887
0.000165405
0.000166223
0.000179511
0.000181853
0.000184534
0.00018746
0.000190528
0.000193621
0.000196617
0.000199396
0.000201837
0.000203835
0.0002053
0.000206165
0.000206391
0.000205967
0.000204912
0.000203277
0.000201136
0.000198583
0.000195728
0.000192692
0.000189595
0.000186558
0.000183693
0.000181104
0.000178878
0.000177091
0.000175799
0.000175044
0.000174848
0.000175216
0.000176139
0.000177585
0.000169324
0.000172076
0.000175251
0.000178749
0.00018245
0.000186219
0.000189909
0.000193364
0.000196428
0.000198957
0.000200825
0.000201935
0.000202231
0.000201695
0.000200357
0.000198287
0.00019559
0.000192398
0.000188859
0.000185129
0.000181361
0.000177702
0.000174282
0.000171216
0.000168601
0.000166514
0.000165012
0.000164136
0.000163907
0.000164331
0.000165397
0.000167077
8.44678e-05
8.6168e-05
8.81543e-05
9.03736e-05
9.27584e-05
9.52265e-05
9.76816e-05
0.000100016
0.000102117
0.000103871
0.000105179
0.000105962
0.000106172
0.000105794
0.000104854
0.000103409
0.000101546
9.9369e-05
9.69898e-05
9.45207e-05
9.20662e-05
8.9719e-05
8.75576e-05
8.5646e-05
8.40341e-05
8.27595e-05
8.18487e-05
8.13192e-05
8.11804e-05
8.14343e-05
8.20762e-05
8.3094e-05
0.000168185
0.000169561
0.000171083
0.000172693
0.000174331
0.000175931
0.000177432
0.000178773
0.000179899
0.000180764
0.000181333
0.000181584
0.000181508
0.00018111
0.000180407
0.000179429
0.000178217
0.000176819
0.000175289
0.000173684
0.000172068
0.0001705
0.000169041
0.000167744
0.000166657
0.000165818
0.00016526
0.000165001
0.000165053
0.000165416
0.000166076
0.000167009
0.00018119
0.000183653
0.00018639
0.000189305
0.000192289
0.000195229
0.000198005
0.000200502
0.000202612
0.000204242
0.000205316
0.000205786
0.000205631
0.000204857
0.000203502
0.000201627
0.000199316
0.00019667
0.000193801
0.000190825
0.000187859
0.000185015
0.000182398
0.000180098
0.000178195
0.000176749
0.000175808
0.000175399
0.000175536
0.000176213
0.000177409
0.000179086
0.000171361
0.000174302
0.000177593
0.000181126
0.000184775
0.000188401
0.000191855
0.000194985
0.000197647
0.000199709
0.000201067
0.000201651
0.000201429
0.000200414
0.000198659
0.000196253
0.000193317
0.00018999
0.000186419
0.000182757
0.000179148
0.000175725
0.000172607
0.000169894
0.000167669
0.000165995
0.000164917
0.000164464
0.000164645
0.000165456
0.000166873
0.00016886
8.57501e-05
8.76127e-05
8.97208e-05
9.2013e-05
9.44135e-05
9.68319e-05
9.91667e-05
0.000101308
0.000103145
0.000104576
0.000105515
0.000105903
0.000105718
0.00010497
0.000103706
0.000102003
9.99575e-05
9.76779e-05
9.52748e-05
9.28536e-05
9.05091e-05
8.83232e-05
8.63635e-05
8.46836e-05
8.33242e-05
8.23151e-05
8.1676e-05
8.14185e-05
8.15466e-05
8.20575e-05
8.29414e-05
8.4181e-05
0.00016931
0.000170542
0.000171883
0.00017328
0.000174681
0.000176029
0.000177272
0.000178361
0.000179249
0.000179903
0.000180294
0.00018041
0.000180246
0.000179812
0.000179125
0.000178216
0.000177122
0.000175885
0.000174551
0.000173171
0.000171796
0.000170479
0.00016927
0.000168213
0.000167348
0.000166705
0.000166309
0.000166175
0.000166309
0.000166708
0.000167358
0.000168235
0.000183342
0.000185554
0.000187968
0.000190496
0.000193044
0.000195512
0.000197799
0.00019981
0.000201457
0.000202668
0.000203388
0.000203584
0.000203249
0.000202398
0.000201069
0.000199323
0.000197236
0.000194897
0.000192402
0.00018985
0.000187341
0.000184968
0.000182817
0.000180964
0.000179471
0.000178389
0.000177751
0.000177578
0.000177875
0.000178631
0.000179822
0.00018141
0.000174029
0.000176696
0.00017962
0.000182701
0.000185824
0.000188868
0.000191703
0.000194205
0.000196255
0.000197755
0.00019863
0.000198835
0.00019836
0.00019723
0.000195503
0.000193263
0.000190616
0.000187684
0.000184592
0.000181467
0.000178429
0.000175588
0.000173042
0.000170872
0.000169145
0.000167911
0.000167205
0.000167044
0.000167432
0.000168359
0.000169796
0.000171705
8.74967e-05
8.9211e-05
9.11052e-05
9.31184e-05
9.51789e-05
9.72047e-05
9.91068e-05
0.000100793
0.000102177
0.000103182
0.000103749
0.000103844
0.000103462
0.000102627
0.000101386
9.98108e-05
9.79839e-05
9.59958e-05
9.39368e-05
9.18922e-05
8.99386e-05
8.81422e-05
8.65576e-05
8.52287e-05
8.41886e-05
8.3461e-05
8.30615e-05
8.29976e-05
8.32703e-05
8.38735e-05
8.47941e-05
8.60115e-05
0.000170279
0.000171208
0.000172221
0.000173277
0.000174337
0.000175357
0.0001763
0.000177125
0.000177802
0.000178302
0.000178606
0.000178703
0.00017859
0.000178276
0.000177773
0.000177102
0.000176293
0.000175373
0.000174376
0.00017334
0.000172303
0.000171305
0.000170384
0.000169575
0.000168906
0.000168404
0.000168087
0.000167967
0.000168051
0.000168338
0.000168816
0.000169471
0.000185173
0.000186824
0.000188626
0.000190512
0.00019241
0.000194245
0.000195945
0.000197437
0.00019866
0.000199559
0.000200097
0.000200251
0.000200013
0.000199396
0.000198427
0.000197148
0.000195615
0.000193891
0.000192045
0.000190151
0.000188281
0.000186506
0.000184891
0.000183493
0.000182362
0.000181536
0.000181042
0.000180898
0.000181107
0.000181663
0.000182547
0.00018373
0.000176321
0.00017831
0.000180481
0.000182758
0.000185055
0.00018728
0.000189342
0.000191151
0.000192624
0.000193695
0.000194312
0.000194446
0.000194092
0.000193268
0.000192014
0.000190389
0.000188467
0.000186331
0.000184072
0.00018178
0.000179543
0.000177442
0.000175553
0.000173937
0.000172648
0.000171726
0.000171197
0.000171078
0.000171372
0.00017207
0.000173151
0.000174583
8.90266e-05
9.03001e-05
9.16927e-05
9.31566e-05
9.46377e-05
9.60766e-05
9.74105e-05
9.85774e-05
9.95199e-05
0.00010019
0.000100552
0.000100587
0.000100294
9.9689e-05
9.88048e-05
9.7687e-05
9.63906e-05
9.49755e-05
9.35034e-05
9.20338e-05
9.0622e-05
8.93173e-05
8.81619e-05
8.71908e-05
8.64313e-05
8.59038e-05
8.56216e-05
8.55915e-05
8.58143e-05
8.62843e-05
8.69897e-05
8.79123e-05
0.000170742
0.000171318
0.000171973
0.000172683
0.00017342
0.000174154
0.000174858
0.000175503
0.000176064
0.00017652
0.000176852
0.000177048
0.000177103
0.000177017
0.000176794
0.000176444
0.000175983
0.000175424
0.000174788
0.000174098
0.000173379
0.000172659
0.000171966
0.000171326
0.000170762
0.000170297
0.000169948
0.000169729
0.00016965
0.000169716
0.000169925
0.000170271
0.000185986
0.000186983
0.000188121
0.000189356
0.000190642
0.00019193
0.000193167
0.000194306
0.000195298
0.000196105
0.000196691
0.000197034
0.00019712
0.000196946
0.000196521
0.000195863
0.000194999
0.000193965
0.000192803
0.000191557
0.000190277
0.000189011
0.000187807
0.00018671
0.00018576
0.00018499
0.00018443
0.000184097
0.000184005
0.000184157
0.000184547
0.000185164
0.00017731
0.000178494
0.000179841
0.000181301
0.00018282
0.00018434
0.0001858
0.000187139
0.000188302
0.000189237
0.000189906
0.000190278
0.00019034
0.000190088
0.000189537
0.00018871
0.000187645
0.000186387
0.000184988
0.000183504
0.000181993
0.000180514
0.00017912
0.000177862
0.000176784
0.000175922
0.000175307
0.000174958
0.000174888
0.000175098
0.000175584
0.000176329
8.96632e-05
9.04024e-05
9.12391e-05
9.21445e-05
9.30854e-05
9.40252e-05
9.4926e-05
9.57492e-05
9.64586e-05
9.70221e-05
9.74137e-05
9.76154e-05
9.76184e-05
9.74235e-05
9.70407e-05
9.64886e-05
9.57931e-05
9.49851e-05
9.40993e-05
9.31723e-05
9.22404e-05
9.13387e-05
9.04996e-05
8.97521e-05
8.91209e-05
8.86263e-05
8.82837e-05
8.81035e-05
8.80914e-05
8.82481e-05
8.85693e-05
8.90457e-05
0.000170659
0.000170929
0.000171295
0.000171742
0.000172251
0.000172804
0.000173379
0.000173953
0.000174505
0.000175013
0.000175457
0.000175822
0.000176095
0.000176268
0.000176335
0.000176294
0.000176149
0.0001759
0.000175556
0.000175129
0.000174634
0.000174091
0.00017352
0.000172944
0.000172383
0.000171861
0.000171397
0.000171009
0.000170714
0.000170526
0.000170452
0.000170497
0.000185729
0.000186176
0.000186791
0.000187551
0.000188426
0.000189385
0.00019039
0.000191403
0.000192385
0.000193296
0.000194101
0.000194768
0.00019527
0.000195589
0.000195711
0.000195633
0.000195357
0.000194894
0.000194264
0.00019349
0.000192603
0.000191639
0.000190634
0.000189628
0.000188658
0.000187763
0.000186975
0.000186322
0.00018583
0.000185517
0.000185393
0.000185464
0.000176908
0.000177432
0.000178149
0.000179035
0.000180058
0.000181179
0.000182357
0.000183545
0.000184698
0.00018577
0.000186716
0.0001875
0.000188089
0.000188459
0.000188595
0.000188492
0.000188154
0.000187596
0.000186841
0.00018592
0.00018487
0.000183733
0.000182554
0.000181379
0.000180252
0.000179215
0.000178306
0.000177557
0.000176996
0.000176642
0.000176507
0.000176596
8.93185e-05
8.96361e-05
9.00711e-05
9.06089e-05
9.1231e-05
9.19152e-05
9.26361e-05
9.33664e-05
9.40772e-05
9.47398e-05
9.5327e-05
9.58141e-05
9.61802e-05
9.64098e-05
9.64929e-05
9.64261e-05
9.62125e-05
9.58615e-05
9.53884e-05
9.48136e-05
9.41611e-05
9.34578e-05
9.2732e-05
9.20118e-05
9.13245e-05
9.06952e-05
9.01461e-05
8.96961e-05
8.93603e-05
8.91498e-05
8.90715e-05
8.91283e-05
0.000170339
0.000170367
0.000170512
0.000170766
0.000171121
0.000171562
0.000172072
0.000172631
0.000173219
0.000173814
0.000174391
0.000174932
0.000175415
0.000175825
0.000176148
0.000176372
0.000176488
0.000176487
0.000176368
0.000176134
0.000175793
0.000175359
0.000174848
0.00017428
0.000173677
0.000173062
0.000172461
0.000171896
0.000171391
0.000170967
0.000170643
0.000170431
0.000185021
0.000185044
0.000185275
0.000185704
0.000186318
0.000187092
0.000187999
0.000189004
0.000190071
0.000191157
0.000192222
0.000193224
0.000194125
0.000194889
0.000195485
0.00019589
0.000196088
0.000196069
0.000195833
0.000195391
0.000194759
0.000193963
0.000193035
0.000192013
0.000190936
0.000189847
0.000188787
0.000187798
0.000186915
0.000186171
0.000185595
0.000185207
0.000175916
0.000175946
0.000176221
0.000176733
0.000177462
0.000178384
0.000179465
0.000180666
0.000181944
0.000183249
0.000184532
0.000185742
0.000186832
0.000187757
0.000188479
0.000188968
0.000189202
0.000189172
0.000188878
0.000188332
0.000187557
0.000186587
0.00018546
0.000184225
0.000182929
0.000181624
0.00018036
0.000179185
0.00017814
0.000177263
0.000176586
0.000176132
8.85555e-05
8.85766e-05
8.87504e-05
8.90715e-05
8.95296e-05
9.01098e-05
9.07927e-05
9.15546e-05
9.23683e-05
9.32038e-05
9.40291e-05
9.48116e-05
9.5519e-05
9.61216e-05
9.6593e-05
9.69121e-05
9.70641e-05
9.70418e-05
9.6846e-05
9.64853e-05
9.59761e-05
9.53412e-05
9.46082e-05
9.38085e-05
9.29749e-05
9.21407e-05
9.13374e-05
9.05945e-05
8.9938e-05
8.93901e-05
8.89689e-05
8.86877e-05
0.0001702
0.000170016
0.000169961
0.000170037
0.00017024
0.000170563
0.000170993
0.000171514
0.000172106
0.000172747
0.000173413
0.00017408
0.000174724
0.000175324
0.000175856
0.000176302
0.000176643
0.000176861
0.000176946
0.000176894
0.000176705
0.000176387
0.000175953
0.000175418
0.000174805
0.000174137
0.000173441
0.000172745
0.000172077
0.000171466
0.000170937
0.00017051
0.000184674
0.000184321
0.000184202
0.000184321
0.000184674
0.000185248
0.000186023
0.000186969
0.000188053
0.000189235
0.00019047
0.000191712
0.000192912
0.000194025
0.000195006
0.000195816
0.000196422
0.000196799
0.00019693
0.000196809
0.000196442
0.000195843
0.000195036
0.000194056
0.000192941
0.000191737
0.000190491
0.00018925
0.000188064
0.000186975
0.000186025
0.000185249
0.000175397
0.000174987
0.000174856
0.00017501
0.000175442
0.000176139
0.000177075
0.00017822
0.000179532
0.000180964
0.000182464
0.000183975
0.000185438
0.000186796
0.000187993
0.000188979
0.000189713
0.000190163
0.000190308
0.000190141
0.00018967
0.000188916
0.00018791
0.000186697
0.000185326
0.000183855
0.000182341
0.000180843
0.000179418
0.000178118
0.00017699
0.000176072
8.81424e-05
8.78952e-05
8.78246e-05
8.79327e-05
8.82165e-05
8.86672e-05
8.92709e-05
9.00085e-05
9.08555e-05
9.1783e-05
9.27579e-05
9.37439e-05
9.47025e-05
9.55948e-05
9.63828e-05
9.70316e-05
9.75116e-05
9.78001e-05
9.78833e-05
9.77571e-05
9.74275e-05
9.691e-05
9.62288e-05
9.54149e-05
9.45043e-05
9.35356e-05
9.25481e-05
9.158e-05
9.06671e-05
8.98415e-05
8.9131e-05
8.85586e-05
0.000170442
0.00017007
0.000169827
0.000169721
0.000169755
0.000169928
0.000170233
0.000170659
0.000171189
0.000171804
0.000172482
0.000173197
0.000173925
0.000174641
0.000175319
0.000175934
0.000176458
0.000176868
0.000177147
0.00017728
0.000177264
0.000177097
0.000176787
0.000176345
0.00017579
0.000175142
0.000174429
0.000173679
0.000172923
0.000172194
0.000171521
0.00017093
0.000185087
0.000184396
0.000183937
0.000183727
0.000183772
0.000184071
0.000184613
0.00018538
0.000186343
0.000187468
0.000188713
0.000190033
0.000191378
0.000192696
0.000193937
0.00019505
0.000195992
0.000196723
0.000197212
0.000197439
0.000197394
0.000197079
0.000196507
0.000195702
0.000194697
0.000193533
0.000192257
0.00019092
0.000189574
0.000188271
0.00018706
0.000185986
0.0001759
0.000175085
0.000174546
0.000174302
0.000174362
0.000174723
0.000175374
0.000176292
0.000177446
0.000178797
0.000180296
0.000181889
0.000183517
0.000185116
0.000186625
0.000187981
0.000189127
0.000190016
0.000190608
0.000190877
0.000190811
0.000190412
0.000189699
0.000188703
0.000187467
0.000186043
0.000184491
0.000182873
0.000181252
0.00017969
0.000178244
0.000176965
8.8493e-05
8.79868e-05
8.76558e-05
8.75098e-05
8.75533e-05
8.77851e-05
8.81982e-05
8.87804e-05
8.95135e-05
9.03741e-05
9.13335e-05
9.23583e-05
9.3411e-05
9.44512e-05
9.5437e-05
9.63268e-05
9.70813e-05
9.76661e-05
9.80536e-05
9.82251e-05
9.81726e-05
9.78986e-05
9.74164e-05
9.67489e-05
9.59271e-05
9.4988e-05
9.39723e-05
9.29218e-05
9.1878e-05
9.08799e-05
8.99631e-05
8.91587e-05
0.000170862
0.000170351
0.000169961
0.000169703
0.000169588
0.000169619
0.000169795
0.00017011
0.000170552
0.000171104
0.000171747
0.000172457
0.00017321
0.000173981
0.00017474
0.000175461
0.000176112
0.000176664
0.000177094
0.000177382
0.000177518
0.000177496
0.000177316
0.000176985
0.000176516
0.000175929
0.000175247
0.000174498
0.000173714
0.000172928
0.000172171
0.000171475
0.000185911
0.000184969
0.000184239
0.000183747
0.00018351
0.000183537
0.000183828
0.000184371
0.000185147
0.00018613
0.000187283
0.000188565
0.000189929
0.000191322
0.000192693
0.000193988
0.000195154
0.000196144
0.000196918
0.000197443
0.000197697
0.000197669
0.00019736
0.000196783
0.000195963
0.000194933
0.000193736
0.000192421
0.000191039
0.000189645
0.000188293
0.000187033
0.000177025
0.000175903
0.000175032
0.000174439
0.000174144
0.000174158
0.00017448
0.0001751
0.000175997
0.00017714
0.00017849
0.00018
0.000181616
0.000183277
0.00018492
0.000186479
0.000187892
0.0001891
0.000190051
0.000190703
0.000191028
0.000191012
0.000190655
0.000189972
0.000188995
0.000187766
0.000186336
0.000184766
0.00018312
0.000181461
0.000179854
0.000178357
8.93578e-05
8.8653e-05
8.81025e-05
8.77233e-05
8.75268e-05
8.75188e-05
8.76997e-05
8.80641e-05
8.86012e-05
8.92944e-05
9.01219e-05
9.10563e-05
9.20655e-05
9.31131e-05
9.41595e-05
9.51629e-05
9.60816e-05
9.68756e-05
9.75089e-05
9.79519e-05
9.81834e-05
9.81923e-05
9.79782e-05
9.75514e-05
9.69324e-05
9.61502e-05
9.52401e-05
9.42421e-05
9.31979e-05
9.21492e-05
9.11359e-05
9.01946e-05
0.000171022
0.000170427
0.00016995
0.000169608
0.000169413
0.000169372
0.000169487
0.000169753
0.000170161
0.000170695
0.000171336
0.000172061
0.000172846
0.000173664
0.000174484
0.000175277
0.000176009
0.000176647
0.000177164
0.000177539
0.000177756
0.000177807
0.00017769
0.000177408
0.000176973
0.000176402
0.00017572
0.000174953
0.000174135
0.0001733
0.000172483
0.000171715
0.000186295
0.000185204
0.000184318
0.000183668
0.000183277
0.000183158
0.000183316
0.000183746
0.000184432
0.000185351
0.00018647
0.000187748
0.000189139
0.000190592
0.000192051
0.000193459
0.000194762
0.000195906
0.000196845
0.000197538
0.000197957
0.000198085
0.000197915
0.000197455
0.000196724
0.000195753
0.000194582
0.00019326
0.000191839
0.000190377
0.00018893
0.000187552
0.000177671
0.000176373
0.000175308
0.000174513
0.000174015
0.00017383
0.000173964
0.000174412
0.000175161
0.000176185
0.00017745
0.000178913
0.00018052
0.000182215
0.000183933
0.000185608
0.000187172
0.000188563
0.00018972
0.000190593
0.000191145
0.000191351
0.000191202
0.000190703
0.000189878
0.000188762
0.000187405
0.000185863
0.000184201
0.000182485
0.000180784
0.000179159
8.99647e-05
8.9146e-05
8.84663e-05
8.79468e-05
8.76034e-05
8.74463e-05
8.74801e-05
8.77038e-05
8.81109e-05
8.86891e-05
8.94207e-05
9.02824e-05
9.12456e-05
9.2277e-05
9.3339e-05
9.4391e-05
9.53907e-05
9.6296e-05
9.70671e-05
9.76688e-05
9.80726e-05
9.82591e-05
9.82192e-05
9.79549e-05
9.74789e-05
9.68139e-05
9.59911e-05
9.50475e-05
9.4024e-05
9.29633e-05
9.19072e-05
9.08957e-05
0.000170491
0.000169855
0.000169359
0.000169021
0.000168852
0.000168859
0.000169041
0.000169391
0.000169897
0.00017054
0.000171296
0.000172139
0.000173038
0.000173965
0.000174884
0.00017576
0.000176556
0.000177238
0.000177776
0.000178149
0.00017834
0.000178342
0.000178155
0.000177785
0.000177248
0.000176566
0.000175765
0.00017488
0.000173946
0.000173005
0.000172093
0.000171245
0.000185336
0.000184181
0.000183268
0.00018263
0.000182289
0.000182256
0.000182533
0.00018311
0.000183967
0.000185075
0.000186395
0.000187878
0.000189472
0.000191116
0.000192748
0.000194305
0.000195723
0.000196945
0.000197919
0.000198605
0.000198974
0.000199009
0.000198709
0.000198087
0.00019717
0.000195996
0.000194615
0.000193082
0.00019146
0.000189813
0.000188204
0.000186693
0.000176575
0.00017521
0.000174121
0.000173344
0.000172904
0.000172817
0.000173084
0.000173697
0.000174638
0.000175875
0.000177366
0.000179062
0.000180901
0.000182816
0.000184735
0.000186583
0.000188283
0.000189766
0.000190967
0.000191832
0.000192324
0.000192419
0.000192115
0.000191424
0.000190378
0.000189024
0.00018742
0.000185636
0.000183745
0.000181822
0.00017994
0.00017817
8.93213e-05
8.84698e-05
8.77814e-05
8.72769e-05
8.69712e-05
8.68731e-05
8.69854e-05
8.73052e-05
8.78233e-05
8.85246e-05
8.93879e-05
9.03859e-05
9.14856e-05
9.26485e-05
9.38316e-05
9.49888e-05
9.60722e-05
9.70348e-05
9.78329e-05
9.84291e-05
9.87945e-05
9.89112e-05
9.87733e-05
9.8388e-05
9.77742e-05
9.69618e-05
9.59889e-05
9.48993e-05
9.37401e-05
9.25587e-05
9.1401e-05
9.03092e-05
0.000169318
0.000168667
0.000168199
0.000167931
0.000167871
0.000168022
0.000168379
0.000168928
0.000169649
0.000170515
0.000171496
0.000172555
0.000173655
0.000174758
0.000175822
0.000176807
0.000177669
0.000178372
0.000178885
0.000179187
0.000179265
0.000179116
0.000178746
0.000178169
0.000177409
0.000176497
0.000175469
0.000174367
0.000173237
0.000172126
0.000171077
0.000170131
0.000183091
0.000181923
0.000181079
0.000180587
0.000180465
0.000180715
0.000181331
0.000182291
0.000183562
0.000185101
0.000186854
0.000188756
0.000190739
0.000192727
0.000194643
0.000196411
0.000197957
0.000199216
0.000200135
0.000200673
0.000200807
0.000200531
0.000199857
0.000198816
0.000197451
0.000195822
0.000193995
0.000192045
0.000190049
0.000188086
0.000186227
0.000184543
0.000173736
0.000172377
0.000171393
0.000170816
0.000170663
0.00017094
0.000171639
0.000172738
0.000174202
0.000175986
0.000178029
0.000180261
0.000182603
0.000184966
0.000187257
0.000189382
0.000191252
0.000192783
0.000193905
0.000194566
0.000194736
0.000194407
0.000193594
0.000192337
0.000190695
0.00018874
0.000186559
0.000184242
0.000181883
0.000179572
0.000177395
0.000175427
8.73632e-05
8.65376e-05
8.59405e-05
8.55882e-05
8.54901e-05
8.5649e-05
8.60611e-05
8.67157e-05
8.75954e-05
8.86753e-05
8.99232e-05
9.12994e-05
9.27569e-05
9.42423e-05
9.5697e-05
9.70596e-05
9.82688e-05
9.92671e-05
0.000100005
0.000100444
0.000100563
0.000100354
9.98301e-05
9.90182e-05
9.79603e-05
9.67083e-05
9.53202e-05
9.38573e-05
9.23795e-05
9.09434e-05
8.96e-05
8.83941e-05
0.000168183
0.000167517
0.000167074
0.000166869
0.00016691
0.000167194
0.000167713
0.000168446
0.000169367
0.000170443
0.000171633
0.000172895
0.000174184
0.000175454
0.000176656
0.000177744
0.000178671
0.000179395
0.000179886
0.000180122
0.000180094
0.000179803
0.000179261
0.00017849
0.000177521
0.000176393
0.000175152
0.000173848
0.000172535
0.000171266
0.00017009
0.000169051
0.000180909
0.000179728
0.000178949
0.000178596
0.000178681
0.000179201
0.00018014
0.000181466
0.000183134
0.000185086
0.000187256
0.000189563
0.000191924
0.000194247
0.000196442
0.000198417
0.000200091
0.00020139
0.000202256
0.000202651
0.000202557
0.000201979
0.000200942
0.000199493
0.000197695
0.000195625
0.000193369
0.000191018
0.000188665
0.000186398
0.000184302
0.000182451
0.000170917
0.000169566
0.000168687
0.000168307
0.000168436
0.000169071
0.000170194
0.000171771
0.000173755
0.000176082
0.000178677
0.000181449
0.000184298
0.000187115
0.000189786
0.000192197
0.00019424
0.00019582
0.000196861
0.000197312
0.000197152
0.000196389
0.00019506
0.00019323
0.000190987
0.000188432
0.000185676
0.000182833
0.000180014
0.000177325
0.000174859
0.0001727
8.53808e-05
8.45839e-05
8.40795e-05
8.38799e-05
8.39897e-05
8.44068e-05
8.51215e-05
8.61169e-05
8.73676e-05
8.88399e-05
9.04905e-05
9.22667e-05
9.41064e-05
9.59391e-05
9.76881e-05
9.92741e-05
0.000100619
0.000101654
0.000102323
0.000102587
0.000102432
0.000101868
0.000100926
9.96593e-05
9.81338e-05
9.64253e-05
9.46125e-05
9.27725e-05
9.0977e-05
8.92898e-05
8.77659e-05
8.64508e-05
0.000167829
0.00016712
0.000166648
0.000166428
0.000166467
0.000166765
0.000167311
0.000168085
0.000169058
0.000170195
0.000171455
0.000172792
0.000174159
0.000175506
0.000176784
0.00017794
0.000178924
0.000179694
0.000180216
0.000180469
0.000180441
0.000180134
0.000179561
0.000178744
0.000177718
0.000176524
0.00017521
0.00017383
0.000172439
0.000171096
0.000169851
0.000168749
0.000180239
0.000178987
0.000178162
0.00017779
0.000177883
0.000178439
0.000179439
0.00018085
0.000182625
0.000184704
0.000187014
0.000189473
0.000191989
0.000194467
0.000196809
0.000198918
0.000200705
0.000202092
0.000203015
0.000203435
0.000203331
0.000202709
0.000201597
0.000200044
0.000198121
0.000195908
0.0001935
0.000190993
0.000188485
0.000186073
0.000183844
0.000181876
0.000170024
0.000168595
0.000167673
0.000167283
0.000167437
0.000168131
0.000169345
0.000171043
0.000173175
0.000175676
0.000178462
0.00018144
0.000184501
0.000187529
0.000190399
0.00019299
0.000195183
0.000196875
0.000197983
0.000198453
0.00019826
0.000197415
0.000195961
0.00019397
0.000191538
0.000188776
0.000185804
0.000182747
0.000179724
0.000176846
0.000174214
0.000171916
8.47356e-05
8.3898e-05
8.3376e-05
8.31815e-05
8.33189e-05
8.37854e-05
8.45709e-05
8.56573e-05
8.70183e-05
8.86182e-05
9.04111e-05
9.23406e-05
9.43397e-05
9.63318e-05
9.82327e-05
9.99548e-05
0.000101412
0.000102527
0.000103237
0.000103502
0.000103305
0.000102659
0.000101603
0.000100195
9.8511e-05
9.66362e-05
9.46574e-05
9.26589e-05
9.07179e-05
8.89026e-05
8.72706e-05
8.58692e-05
0.000168429
0.000167653
0.000167093
0.000166769
0.000166692
0.000166864
0.00016728
0.000167924
0.000168773
0.000169797
0.000170957
0.000172213
0.00017352
0.000174832
0.000176101
0.000177273
0.0001783
0.000179137
0.000179749
0.000180109
0.000180203
0.000180027
0.000179588
0.000178904
0.000178003
0.000176923
0.000175706
0.000174404
0.000173068
0.000171755
0.000170515
0.000169394
0.000181406
0.000180021
0.000179027
0.000178456
0.000178327
0.000178645
0.000179399
0.000180564
0.000182103
0.000183962
0.000186078
0.000188375
0.000190771
0.000193174
0.000195492
0.000197629
0.000199497
0.000201014
0.000202115
0.000202751
0.000202892
0.000202533
0.00020169
0.000200402
0.000198726
0.000196735
0.000194512
0.000192149
0.000189739
0.000187377
0.000185148
0.000183135
0.000171479
0.000169877
0.000168739
0.000168099
0.000167977
0.000168375
0.000169283
0.000170675
0.000172509
0.00017473
0.000177265
0.000180031
0.000182929
0.00018585
0.00018868
0.0001913
0.000193595
0.000195458
0.000196803
0.000197563
0.0001977
0.00019721
0.000196116
0.000194475
0.000192364
0.000189883
0.000187142
0.000184257
0.000181344
0.000178514
0.000175868
0.000173497
8.57184e-05
8.47557e-05
8.40839e-05
8.37189e-05
8.36694e-05
8.39367e-05
8.45152e-05
8.53917e-05
8.65449e-05
8.79453e-05
8.95538e-05
9.13217e-05
9.31901e-05
9.50907e-05
9.69473e-05
9.86785e-05
0.000100202
0.000101441
0.000102329
0.000102816
0.000102875
0.000102504
0.000101723
0.000100578
9.91311e-05
9.74559e-05
9.56333e-05
9.37445e-05
9.18662e-05
9.00684e-05
8.84118e-05
8.6948e-05
0.000169494
0.000168666
0.000168017
0.000167569
0.000167339
0.000167334
0.000167554
0.000167992
0.000168631
0.00016945
0.000170417
0.0001715
0.00017266
0.000173858
0.000175048
0.000176184
0.000177215
0.000178099
0.000178799
0.000179286
0.000179539
0.000179548
0.000179312
0.000178843
0.000178158
0.000177286
0.000176263
0.000175131
0.000173937
0.000172731
0.000171562
0.00017047
0.000183442
0.000181948
0.000180778
0.000179969
0.000179549
0.000179533
0.000179921
0.000180701
0.000181846
0.000183319
0.000185069
0.000187034
0.000189145
0.000191322
0.000193483
0.000195543
0.000197416
0.000199026
0.000200302
0.000201189
0.000201648
0.00020166
0.000201224
0.00020036
0.000199107
0.000197519
0.000195664
0.000193619
0.000191467
0.000189293
0.000187181
0.000185206
0.000174014
0.000172256
0.000170884
0.000169939
0.00016945
0.000169433
0.000169888
0.000170802
0.000172148
0.000173884
0.000175957
0.000178299
0.000180827
0.000183452
0.000186073
0.000188585
0.000190882
0.000192865
0.000194443
0.000195541
0.000196109
0.000196118
0.000195569
0.00019449
0.000192933
0.000190971
0.000188693
0.000186198
0.000183591
0.000180975
0.000178447
0.0001761
8.74079e-05
8.63214e-05
8.54779e-05
8.48993e-05
8.46003e-05
8.45882e-05
8.48637e-05
8.54203e-05
8.62446e-05
8.73152e-05
8.86033e-05
9.00709e-05
9.16718e-05
9.33513e-05
9.50465e-05
9.6689e-05
9.82067e-05
9.95286e-05
0.000100589
0.000101332
0.000101719
0.000101728
0.000101359
0.000100633
9.95904e-05
9.82847e-05
9.67812e-05
9.51498e-05
9.34618e-05
9.17851e-05
9.01821e-05
8.87075e-05
0.000170537
0.000169713
0.000169028
0.000168506
0.000168165
0.000168018
0.000168071
0.000168321
0.000168759
0.00016937
0.000170132
0.000171018
0.000171999
0.000173041
0.000174106
0.00017515
0.000176129
0.000177003
0.000177734
0.000178293
0.000178658
0.000178813
0.000178752
0.000178477
0.000178001
0.000177343
0.00017653
0.000175595
0.00017458
0.000173526
0.000172477
0.000171469
0.000185385
0.000183894
0.000182655
0.000181711
0.000181095
0.000180827
0.000180918
0.000181363
0.000182149
0.000183249
0.000184625
0.000186229
0.000188005
0.000189888
0.000191806
0.000193686
0.000195452
0.000197033
0.000198361
0.000199382
0.00020005
0.000200337
0.000200232
0.000199738
0.000198878
0.000197689
0.000196223
0.000194541
0.000192711
0.000190809
0.000188906
0.000187076
0.000176358
0.000174591
0.000173128
0.000172016
0.000171291
0.000170975
0.000171078
0.000171598
0.000172518
0.000173811
0.000175436
0.000177339
0.000179457
0.000181713
0.000184026
0.000186305
0.000188459
0.000190395
0.000192032
0.000193293
0.000194123
0.000194481
0.000194352
0.000193742
0.00019268
0.000191217
0.000189419
0.000187366
0.000185144
0.000182846
0.000180559
0.000178371
8.88833e-05
8.7779e-05
8.68694e-05
8.61803e-05
8.57303e-05
8.55314e-05
8.5589e-05
8.59016e-05
8.64616e-05
8.72542e-05
8.82577e-05
8.9443e-05
9.07736e-05
9.22053e-05
9.36873e-05
9.51628e-05
9.65712e-05
9.78505e-05
9.8941e-05
9.97893e-05
0.000100352
0.000100601
0.000100522
0.00010012
9.94168e-05
9.84492e-05
9.72653e-05
9.59214e-05
9.44784e-05
9.29971e-05
9.15362e-05
9.01491e-05
0.000171488
0.000170716
0.000170043
0.000169494
0.000169088
0.000168842
0.000168762
0.000168854
0.000169113
0.000169531
0.000170092
0.000170779
0.000171567
0.000172432
0.000173341
0.000174256
0.00017514
0.000175955
0.000176668
0.00017725
0.000177677
0.000177933
0.000178007
0.000177896
0.000177605
0.000177147
0.00017654
0.00017581
0.000174989
0.000174113
0.000173217
0.000172331
0.000187137
0.000185744
0.000184535
0.000183553
0.000182832
0.000182398
0.000182265
0.000182439
0.000182913
0.000183671
0.000184689
0.00018593
0.00018735
0.000188898
0.000190516
0.000192142
0.000193714
0.000195167
0.000196442
0.000197488
0.000198259
0.000198723
0.000198861
0.000198666
0.000198148
0.000197329
0.000196244
0.000194939
0.000193468
0.000191891
0.000190268
0.000188664
0.000178443
0.000176798
0.000175377
0.000174229
0.00017339
0.000172888
0.000172739
0.000172949
0.00017351
0.000174407
0.000175609
0.000177077
0.000178762
0.000180604
0.000182536
0.000184486
0.000186377
0.000188132
0.000189677
0.000190945
0.000191881
0.000192443
0.000192604
0.000192358
0.000191717
0.00019071
0.000189383
0.000187795
0.000186014
0.000184112
0.000182168
0.000180254
9.01582e-05
8.91377e-05
8.82624e-05
8.75594e-05
8.70493e-05
8.67469e-05
8.66607e-05
8.67934e-05
8.71414e-05
8.76953e-05
8.84392e-05
8.93512e-05
9.04029e-05
9.15597e-05
9.27813e-05
9.40224e-05
9.5234e-05
9.63657e-05
9.73675e-05
9.81933e-05
9.88036e-05
9.91683e-05
9.92693e-05
9.91018e-05
9.86746e-05
9.80094e-05
9.71388e-05
9.61042e-05
9.49527e-05
9.37339e-05
9.24975e-05
9.12911e-05
0.000172385
0.000171661
0.000171
0.000170426
0.000169959
0.000169618
0.000169414
0.000169356
0.000169446
0.000169681
0.000170054
0.000170552
0.00017116
0.000171858
0.000172621
0.000173416
0.00017421
0.00017497
0.000175666
0.000176268
0.000176754
0.000177104
0.000177304
0.000177346
0.00017723
0.000176959
0.000176546
0.00017601
0.000175373
0.000174665
0.000173913
0.000173144
0.000188843
0.00018754
0.000186353
0.000185327
0.000184496
0.000183892
0.000183536
0.00018344
0.000183608
0.000184035
0.000184705
0.000185596
0.000186677
0.000187907
0.000189242
0.000190632
0.000192023
0.00019336
0.000194591
0.000195666
0.000196541
0.000197178
0.000197553
0.000197649
0.000197462
0.000197001
0.000196285
0.000195345
0.00019422
0.000192956
0.000191603
0.000190215
0.000180558
0.000179021
0.000177626
0.000176422
0.00017545
0.000174744
0.000174326
0.000174212
0.000174404
0.000174898
0.000175677
0.000176715
0.000177976
0.000179418
0.000180988
0.000182628
0.000184277
0.00018587
0.000187342
0.000188633
0.000189688
0.000190461
0.000190918
0.00019104
0.00019082
0.00019027
0.000189414
0.000188289
0.000186945
0.000185437
0.000183827
0.00018218
9.15501e-05
9.05994e-05
8.97397e-05
8.9e-05
8.8404e-05
8.79704e-05
8.77125e-05
8.76382e-05
8.77496e-05
8.80437e-05
8.85118e-05
8.91397e-05
8.99077e-05
9.07909e-05
9.17593e-05
9.27783e-05
9.38101e-05
9.48139e-05
9.57485e-05
9.65738e-05
9.72529e-05
9.77544e-05
9.80547e-05
9.81396e-05
9.80051e-05
9.76578e-05
9.71143e-05
9.64007e-05
9.55496e-05
9.45987e-05
9.35881e-05
9.25587e-05
0.000173049
0.000172342
0.000171671
0.000171061
0.000170534
0.00017011
0.000169805
0.00016963
0.000169592
0.000169694
0.000169933
0.000170301
0.000170787
0.000171378
0.00017205
0.000172775
0.000173522
0.000174261
0.000174962
0.000175597
0.00017614
0.000176572
0.000176873
0.000177034
0.000177047
0.000176913
0.000176639
0.000176236
0.000175724
0.000175126
0.000174465
0.000173765
0.000190152
0.000188868
0.00018765
0.000186543
0.000185589
0.000184821
0.000184268
0.000183949
0.000183875
0.00018405
0.000184467
0.000185113
0.000185964
0.00018699
0.000188153
0.000189411
0.000190716
0.000192017
0.000193264
0.000194408
0.000195402
0.000196206
0.000196787
0.000197121
0.000197193
0.000197001
0.000196553
0.000195869
0.000194978
0.000193916
0.000192725
0.000191455
0.000182263
0.000180731
0.000179277
0.000177955
0.000176811
0.000175885
0.000175209
0.000174806
0.00017469
0.000174864
0.000175323
0.00017605
0.000177022
0.000178206
0.000179559
0.000181033
0.000182575
0.000184126
0.000185626
0.000187015
0.000188235
0.000189236
0.000189973
0.000190415
0.000190543
0.00019035
0.000189845
0.000189051
0.000188002
0.000186744
0.000185329
0.000183816
9.27641e-05
9.17961e-05
9.0876e-05
9.00365e-05
8.93065e-05
8.87099e-05
8.82655e-05
8.79873e-05
8.78834e-05
8.7957e-05
8.82058e-05
8.86221e-05
8.9193e-05
8.99007e-05
9.07221e-05
9.16296e-05
9.25911e-05
9.35712e-05
9.4532e-05
9.54344e-05
9.62402e-05
9.69141e-05
9.74252e-05
9.77496e-05
9.78719e-05
9.77862e-05
9.74966e-05
9.70172e-05
9.63702e-05
9.55853e-05
9.46973e-05
9.37439e-05
0.000173188
0.000172504
0.000171848
0.000171246
0.00017072
0.000170289
0.00016997
0.000169776
0.000169713
0.000169784
0.000169989
0.000170321
0.000170772
0.000171327
0.000171963
0.000172654
0.000173372
0.000174086
0.000174769
0.000175392
0.000175932
0.000176367
0.000176681
0.00017686
0.000176899
0.000176796
0.000176557
0.000176194
0.000175722
0.000175165
0.000174542
0.000173875
0.000190436
0.000189178
0.000187975
0.00018687
0.000185905
0.000185115
0.000184529
0.000184167
0.000184043
0.000184161
0.000184516
0.000185098
0.000185885
0.000186849
0.000187955
0.000189162
0.000190425
0.000191696
0.000192924
0.000194062
0.000195064
0.00019589
0.000196505
0.000196883
0.00019701
0.000196879
0.000196498
0.000195882
0.000195057
0.000194058
0.000192924
0.000191701
0.00018266
0.000181139
0.000179681
0.000178339
0.000177162
0.000176191
0.00017546
0.000174992
0.000174805
0.000174903
0.000175284
0.000175935
0.000176833
0.000177949
0.000179242
0.000180668
0.000182174
0.000183704
0.0001852
0.000186601
0.000187851
0.000188897
0.000189695
0.000190209
0.000190417
0.000190309
0.000189891
0.00018918
0.000188208
0.000187017
0.000185658
0.000184186
9.30653e-05
9.20839e-05
9.11403e-05
9.02685e-05
8.94986e-05
8.88563e-05
8.8362e-05
8.80311e-05
8.78733e-05
8.78933e-05
8.80903e-05
8.84582e-05
8.89858e-05
8.96566e-05
9.04491e-05
9.13371e-05
9.22899e-05
9.32729e-05
9.42489e-05
9.51787e-05
9.60235e-05
9.67463e-05
9.7314e-05
9.77005e-05
9.78873e-05
9.78655e-05
9.76363e-05
9.72104e-05
9.66079e-05
9.58568e-05
9.49908e-05
9.40472e-05
0.000172806
0.00017219
0.000171615
0.000171102
0.00017067
0.000170335
0.000170111
0.000170006
0.000170025
0.000170167
0.000170429
0.000170802
0.000171277
0.000171836
0.000172456
0.000173113
0.000173779
0.000174425
0.000175026
0.000175559
0.000176001
0.000176335
0.00017655
0.000176636
0.000176591
0.000176417
0.000176123
0.000175721
0.000175232
0.000174675
0.000174071
0.000173441
0.000189674
0.000188532
0.000187468
0.000186522
0.000185728
0.000185116
0.000184707
0.000184516
0.00018455
0.000184808
0.00018528
0.000185951
0.000186796
0.000187785
0.000188881
0.000190043
0.000191227
0.000192387
0.000193478
0.000194456
0.000195283
0.000195923
0.000196351
0.00019655
0.00019651
0.000196234
0.000195733
0.000195029
0.000194151
0.000193135
0.000192021
0.000190852
0.000181663
0.000180272
0.000178974
0.000177818
0.000176845
0.000176087
0.000175572
0.000175317
0.000175329
0.000175609
0.000176147
0.000176924
0.000177913
0.000179081
0.000180386
0.000181781
0.000183213
0.000184628
0.000185971
0.000187187
0.000188227
0.000189046
0.000189609
0.000189892
0.000189881
0.000189577
0.000188994
0.000188156
0.0001871
0.000185871
0.000184518
0.000183097
9.23373e-05
9.14329e-05
9.05888e-05
8.98346e-05
8.91959e-05
8.86934e-05
8.83429e-05
8.81551e-05
8.81357e-05
8.82849e-05
8.85981e-05
8.90655e-05
8.96724e-05
9.03992e-05
9.12217e-05
9.21116e-05
9.30369e-05
9.39628e-05
9.48528e-05
9.56704e-05
9.63803e-05
9.69507e-05
9.73558e-05
9.75765e-05
9.76021e-05
9.74314e-05
9.70722e-05
9.65414e-05
9.58635e-05
9.50687e-05
9.41915e-05
9.32687e-05
0.00017217
0.000171676
0.00017124
0.000170879
0.000170605
0.000170429
0.000170358
0.000170395
0.00017054
0.000170786
0.000171128
0.000171553
0.00017205
0.000172599
0.000173179
0.000173764
0.000174331
0.000174855
0.000175315
0.000175692
0.000175972
0.000176144
0.000176201
0.000176142
0.000175969
0.00017569
0.000175317
0.000174868
0.000174362
0.00017382
0.000173261
0.000172705
0.000188492
0.000187569
0.000186758
0.00018609
0.000185589
0.000185273
0.000185152
0.000185232
0.00018551
0.000185975
0.000186611
0.000187396
0.000188301
0.000189292
0.000190332
0.000191382
0.0001924
0.000193347
0.000194184
0.000194879
0.000195402
0.000195734
0.000195859
0.000195773
0.000195479
0.00019499
0.000194326
0.000193513
0.000192586
0.000191581
0.000190537
0.000189494
0.000180148
0.000179017
0.000178025
0.000177206
0.000176589
0.000176195
0.000176038
0.000176123
0.000176446
0.000176997
0.000177756
0.000178696
0.000179785
0.000180983
0.000182247
0.000183528
0.000184779
0.000185948
0.000186991
0.000187863
0.000188528
0.000188957
0.000189131
0.000189043
0.000188697
0.000188107
0.000187299
0.000186305
0.000185169
0.000183936
0.000182654
0.000181376
9.12532e-05
9.05156e-05
8.98686e-05
8.93342e-05
8.89298e-05
8.8668e-05
8.85571e-05
8.86002e-05
8.87958e-05
8.91377e-05
8.9615e-05
9.02121e-05
9.09092e-05
9.16825e-05
9.25047e-05
9.33455e-05
9.41727e-05
9.49532e-05
9.56545e-05
9.62464e-05
9.67028e-05
9.70033e-05
9.71339e-05
9.70882e-05
9.6868e-05
9.64833e-05
9.59517e-05
9.52968e-05
9.45474e-05
9.37352e-05
9.28935e-05
9.20555e-05
0.000171711
0.000171389
0.000171136
0.000170959
0.000170866
0.000170861
0.000170943
0.00017111
0.000171356
0.000171673
0.000172051
0.000172476
0.000172937
0.000173415
0.00017389
0.000174343
0.000174752
0.000175101
0.000175375
0.000175563
0.000175658
0.000175656
0.000175557
0.000175365
0.00017509
0.000174742
0.000174337
0.000173893
0.000173429
0.000172963
0.000172511
0.000172089
0.000187634
0.000187028
0.000186554
0.00018623
0.000186067
0.000186071
0.000186242
0.000186572
0.000187052
0.000187661
0.00018838
0.000189181
0.000190035
0.00019091
0.000191772
0.000192587
0.000193322
0.000193949
0.000194443
0.000194782
0.000194954
0.00019495
0.000194772
0.000194427
0.000193928
0.000193296
0.000192557
0.000191739
0.000190877
0.000190002
0.000189149
0.00018835
0.000179025
0.000178281
0.000177701
0.000177304
0.000177106
0.000177111
0.000177321
0.000177726
0.000178313
0.000179061
0.000179944
0.000180928
0.000181979
0.000183057
0.000184121
0.000185129
0.000186043
0.000186824
0.00018744
0.000187866
0.000188083
0.000188081
0.000187861
0.000187433
0.000186813
0.000186028
0.00018511
0.000184097
0.000183028
0.000181946
0.000180892
0.000179906
9.04371e-05
8.99522e-05
8.95751e-05
8.93183e-05
8.919e-05
8.91942e-05
8.93305e-05
8.95943e-05
8.99769e-05
9.04654e-05
9.10435e-05
9.1691e-05
9.23851e-05
9.31001e-05
9.38092e-05
9.44842e-05
9.50975e-05
9.56234e-05
9.60392e-05
9.63268e-05
9.64734e-05
9.64722e-05
9.63229e-05
9.6032e-05
9.56126e-05
9.50829e-05
9.44658e-05
9.37872e-05
9.30749e-05
9.2357e-05
9.16613e-05
9.10136e-05
0.000171542
0.000171418
0.000171358
0.000171362
0.00017143
0.000171559
0.000171746
0.000171983
0.000172262
0.000172574
0.000172906
0.00017325
0.000173595
0.000173926
0.000174231
0.000174495
0.000174705
0.000174852
0.00017493
0.000174934
0.000174866
0.000174727
0.000174523
0.000174263
0.000173957
0.000173619
0.000173263
0.000172903
0.000172558
0.00017224
0.000171958
0.000171723
0.000187371
0.000187137
0.000187028
0.000187047
0.000187194
0.000187464
0.000187846
0.000188325
0.000188885
0.000189505
0.00019016
0.000190828
0.000191483
0.0001921
0.000192653
0.000193123
0.000193488
0.000193734
0.000193852
0.000193835
0.000193685
0.000193408
0.000193014
0.00019252
0.000191946
0.000191314
0.000190649
0.000189978
0.000189326
0.000188718
0.000188177
0.000187722
0.000178626
0.000178347
0.000178225
0.000178267
0.000178469
0.000178824
0.00017932
0.000179938
0.000180655
0.000181446
0.000182281
0.000183128
0.000183955
0.000184731
0.000185425
0.000186009
0.000186459
0.000186755
0.000186886
0.000186846
0.000186636
0.000186265
0.000185748
0.000185108
0.000184368
0.000183561
0.000182716
0.000181868
0.000181048
0.000180287
0.000179614
0.000179054
9.00687e-05
8.98976e-05
8.98336e-05
8.98788e-05
9.00317e-05
9.02869e-05
9.06358e-05
9.10661e-05
9.15627e-05
9.21079e-05
9.26818e-05
9.32628e-05
9.38287e-05
9.43571e-05
9.48266e-05
9.52176e-05
9.55134e-05
9.57011e-05
9.57726e-05
9.57248e-05
9.55594e-05
9.52836e-05
9.49094e-05
9.44527e-05
9.39327e-05
9.33708e-05
9.27894e-05
9.22112e-05
9.16579e-05
9.11501e-05
9.0706e-05
9.03413e-05
0.000172141
0.000172193
0.00017228
0.000172398
0.000172543
0.000172709
0.00017289
0.000173079
0.000173269
0.000173454
0.000173629
0.000173788
0.000173928
0.000174044
0.00017413
0.000174181
0.000174192
0.000174162
0.000174091
0.000173982
0.000173838
0.000173665
0.000173471
0.000173263
0.000173049
0.000172839
0.000172642
0.000172467
0.000172324
0.000172218
0.000172152
0.000172127
0.000188351
0.000188437
0.000188602
0.000188837
0.000189136
0.000189486
0.000189874
0.000190285
0.000190704
0.000191116
0.000191505
0.000191856
0.000192157
0.000192394
0.000192559
0.000192645
0.000192648
0.000192566
0.000192403
0.000192165
0.000191861
0.000191504
0.000191107
0.000190687
0.00019026
0.000189843
0.000189452
0.000189103
0.000188808
0.000188578
0.000188423
0.000188346
0.000179638
0.000179757
0.000179982
0.000180306
0.000180718
0.000181201
0.000181738
0.000182309
0.000182893
0.000183467
0.000184009
0.000184499
0.000184917
0.000185247
0.000185475
0.000185591
0.00018559
0.000185471
0.000185239
0.000184903
0.000184477
0.000183978
0.000183427
0.000182845
0.000182256
0.000181682
0.000181146
0.000180668
0.000180264
0.00017995
0.000179737
0.000179632
9.05589e-05
9.06552e-05
9.08315e-05
9.10817e-05
9.13972e-05
9.17667e-05
9.21769e-05
9.2613e-05
9.30584e-05
9.34964e-05
9.391e-05
9.42825e-05
9.45986e-05
9.48452e-05
9.50116e-05
9.50908e-05
9.50791e-05
9.49769e-05
9.47881e-05
9.45208e-05
9.41863e-05
9.37985e-05
9.33737e-05
9.29291e-05
9.24823e-05
9.20505e-05
9.16494e-05
9.12941e-05
9.09971e-05
9.07687e-05
9.06165e-05
9.05458e-05
0.0001733
0.00017347
0.000173619
0.000173742
0.000173833
0.00017389
0.000173909
0.000173891
0.000173835
0.000173746
0.000173627
0.000173486
0.000173329
0.000173165
0.000172998
0.000172833
0.000172674
0.000172526
0.000172394
0.000172282
0.000172195
0.000172136
0.000172108
0.00017211
0.000172145
0.00017221
0.000172305
0.000172428
0.000172576
0.000172746
0.000172929
0.000173117
0.000190632
0.000190895
0.000191137
0.000191348
0.000191519
0.000191646
0.000191722
0.000191745
0.000191714
0.000191632
0.000191503
0.00019133
0.000191122
0.000190886
0.000190631
0.000190366
0.0001901
0.000189844
0.000189606
0.000189396
0.000189222
0.000189091
0.000189007
0.000188975
0.000188997
0.000189071
0.000189196
0.000189367
0.000189577
0.000189819
0.000190083
0.000190357
0.000182419
0.000182709
0.000182989
0.00018325
0.000183481
0.000183675
0.000183823
0.000183922
0.000183968
0.000183959
0.000183897
0.000183783
0.000183622
0.00018342
0.000183184
0.000182922
0.000182643
0.000182358
0.000182077
0.000181812
0.000181572
0.000181368
0.000181207
0.000181098
0.000181043
0.000181048
0.00018111
0.000181228
0.000181397
0.00018161
0.000181859
0.000182132
9.231e-05
9.24783e-05
9.26563e-05
9.28375e-05
9.30152e-05
9.31829e-05
9.33347e-05
9.34651e-05
9.35694e-05
9.36437e-05
9.36853e-05
9.36927e-05
9.36647e-05
9.36021e-05
9.35068e-05
9.33819e-05
9.32321e-05
9.30629e-05
9.28809e-05
9.26933e-05
9.25079e-05
9.23321e-05
9.21733e-05
9.20378e-05
9.19312e-05
9.18576e-05
9.18198e-05
9.18189e-05
9.18547e-05
9.19255e-05
9.2028e-05
9.21579e-05
0.000175419
0.00017574
0.000175958
0.000176065
0.000176056
0.000175932
0.000175697
0.000175362
0.00017494
0.000174447
0.000173903
0.000173332
0.000172757
0.000172203
0.000171688
0.00017123
0.000170845
0.000170546
0.000170345
0.000170248
0.000170259
0.000170378
0.0001706
0.000170917
0.000171317
0.000171786
0.000172307
0.00017286
0.000173429
0.000173992
0.000174526
0.000175009
0.000194527
0.000194993
0.000195284
0.000195387
0.000195299
0.000195023
0.00019457
0.00019396
0.000193218
0.000192374
0.000191462
0.000190518
0.000189579
0.000188681
0.000187857
0.000187137
0.000186547
0.000186107
0.000185835
0.000185738
0.000185822
0.000186082
0.000186509
0.000187088
0.000187799
0.000188615
0.000189508
0.000190443
0.000191387
0.000192303
0.000193154
0.000193905
0.000187261
0.000187689
0.000187919
0.00018794
0.00018775
0.000187359
0.000186782
0.000186047
0.000185183
0.000184227
0.000183219
0.000182198
0.000181203
0.000180271
0.000179436
0.000178726
0.000178168
0.000177778
0.000177572
0.000177554
0.000177727
0.000178083
0.000178612
0.000179295
0.000180108
0.000181024
0.000182008
0.000183026
0.000184039
0.000185007
0.00018589
0.000186652
9.55769e-05
9.57256e-05
9.57582e-05
9.56729e-05
9.54733e-05
9.51684e-05
9.47721e-05
9.43019e-05
9.37782e-05
9.32232e-05
9.2659e-05
9.21079e-05
9.15903e-05
9.11246e-05
9.07269e-05
9.04099e-05
9.01839e-05
9.00559e-05
9.003e-05
9.01069e-05
9.02843e-05
9.05565e-05
9.09147e-05
9.13471e-05
9.1839e-05
9.23732e-05
9.29307e-05
9.34903e-05
9.40301e-05
9.45283e-05
9.49644e-05
9.53192e-05
0.000176883
0.000177628
0.000178177
0.000178507
0.000178606
0.000178471
0.000178106
0.000177529
0.000176761
0.000175835
0.000174788
0.000173663
0.000172506
0.000171361
0.00017027
0.000169272
0.000168402
0.000167692
0.000167169
0.000166851
0.000166749
0.00016687
0.000167207
0.00016775
0.000168479
0.000169366
0.00017038
0.000171486
0.000172643
0.000173807
0.000174932
0.000175972
0.000197942
0.000199151
0.000200007
0.000200472
0.000200524
0.000200161
0.000199397
0.000198266
0.000196817
0.000195113
0.000193224
0.00019123
0.000189209
0.00018724
0.000185397
0.000183745
0.000182345
0.000181244
0.000180479
0.000180074
0.000180042
0.000180383
0.000181085
0.000182123
0.000183462
0.000185057
0.000186853
0.000188786
0.000190787
0.00019278
0.000194688
0.000196432
0.000192041
0.000193306
0.000194143
0.00019451
0.000194386
0.000193775
0.000192706
0.000191228
0.000189408
0.000187329
0.000185081
0.00018276
0.000180459
0.000178265
0.000176258
0.000174508
0.000173071
0.000171994
0.000171308
0.000171032
0.000171172
0.000171721
0.000172661
0.000173962
0.000175583
0.000177473
0.000179568
0.000181799
0.000184085
0.000186342
0.000188478
0.000190406
9.9193e-05
9.98102e-05
0.000100144
0.000100175
9.98991e-05
9.93301e-05
9.84957e-05
9.74374e-05
9.62067e-05
9.48609e-05
9.34596e-05
9.20609e-05
9.07196e-05
8.94841e-05
8.83954e-05
8.74873e-05
8.6786e-05
8.63097e-05
8.60699e-05
8.60715e-05
8.63131e-05
8.6787e-05
8.74796e-05
8.8371e-05
8.94355e-05
9.06409e-05
9.1949e-05
9.33155e-05
9.46908e-05
9.60212e-05
9.7251e-05
9.83252e-05
0.000178183
0.000179669
0.000180889
0.000181793
0.000182344
0.00018252
0.000182315
0.00018174
0.000180817
0.000179588
0.000178104
0.000176426
0.000174624
0.000172767
0.000170923
0.000169162
0.000167546
0.000166133
0.000164974
0.000164112
0.000163577
0.00016339
0.000163558
0.000164076
0.000164926
0.000166079
0.000167495
0.000169123
0.000170908
0.00017278
0.000174667
0.000176493
0.00020017
0.000202832
0.000205012
0.000206611
0.000207552
0.000207791
0.000207314
0.000206147
0.000204342
0.000201986
0.000199186
0.000196063
0.000192752
0.000189384
0.00018609
0.000182992
0.000180199
0.000177806
0.000175892
0.000174515
0.000173719
0.000173526
0.000173941
0.00017495
0.000176521
0.000178607
0.000181141
0.000184041
0.000187209
0.000190533
0.000193889
0.000197146
0.000194971
0.000198133
0.000200703
0.000202548
0.000203566
0.000203701
0.000202944
0.000201334
0.000198958
0.000195939
0.000192427
0.000188587
0.000184588
0.000180596
0.000176763
0.000173224
0.000170094
0.00016747
0.000165422
0.000164008
0.000163259
0.000163193
0.000163808
0.000165086
0.000166991
0.000169474
0.000172465
0.000175879
0.000179609
0.000183531
0.000187505
0.000191373
0.000101484
0.000103477
0.000105066
0.000106155
0.000106671
0.000106579
0.000105884
0.000104629
0.000102893
0.00010078
9.84049e-05
9.58872e-05
9.33407e-05
9.08677e-05
8.85558e-05
8.64773e-05
8.46889e-05
8.32338e-05
8.2143e-05
8.1436e-05
8.1124e-05
8.12105e-05
8.16922e-05
8.25589e-05
8.37932e-05
8.53698e-05
8.72538e-05
8.93993e-05
9.17473e-05
9.42248e-05
9.67433e-05
9.92007e-05
0.000176676
0.000179132
0.000181308
0.000183112
0.000184469
0.000185321
0.00018563
0.000185385
0.000184597
0.000183299
0.00018155
0.000179426
0.000177017
0.000174422
0.000171744
0.000169083
0.000166537
0.0001642
0.000162154
0.000160472
0.000159212
0.000158418
0.000158118
0.000158323
0.000159025
0.000160202
0.000161815
0.000163808
0.000166115
0.000168654
0.00017133
0.000174039
0.000198434
0.00020301
0.000207105
0.00021053
0.000213119
0.000214741
0.000215311
0.000214799
0.000213228
0.000210679
0.000207279
0.000203194
0.000198614
0.000193742
0.000188782
0.000183925
0.000179351
0.000175215
0.000171652
0.00016877
0.000166652
0.000165358
0.000164922
0.000165354
0.000166642
0.000168748
0.000171613
0.000175154
0.000179263
0.000183809
0.000188639
0.000193577
0.000193405
0.000199148
0.000204351
0.000208744
0.00021208
0.000214158
0.000214846
0.000214094
0.000211949
0.000208539
0.000204067
0.000198782
0.000192961
0.000186881
0.000180803
0.000174961
0.000169557
0.000164754
0.000160683
0.000157441
0.000155101
0.000153708
0.000153289
0.000153848
0.000155373
0.000157829
0.000161163
0.000165301
0.000170139
0.000175547
0.000181363
0.000187391
0.000100706
0.000104718
0.00010843
0.000111619
0.000114064
0.000115581
0.000116045
0.000115414
0.000113736
0.000111141
0.000107822
0.000104003
9.99124e-05
9.57635e-05
9.17364e-05
8.79751e-05
8.45872e-05
8.16498e-05
7.9215e-05
7.73161e-05
7.5973e-05
7.51966e-05
7.4991e-05
7.53558e-05
7.62864e-05
7.77735e-05
7.9801e-05
8.23436e-05
8.53635e-05
8.88049e-05
9.2588e-05
9.66031e-05
0.000175833
0.000178495
0.000180918
0.000183
0.000184655
0.000185812
0.000186424
0.000186464
0.000185934
0.000184858
0.000183285
0.000181284
0.000178943
0.00017636
0.000173638
0.00017088
0.000168187
0.000165656
0.000163379
0.000161434
0.000159892
0.000158806
0.000158213
0.000158134
0.000158575
0.000159521
0.000160942
0.000162793
0.000165011
0.000167522
0.000170234
0.000173042
0.000196352
0.000201267
0.000205787
0.000209706
0.000212838
0.000215033
0.000216181
0.000216228
0.000215176
0.000213084
0.000210063
0.000206262
0.00020186
0.000197053
0.000192041
0.000187022
0.000182182
0.000177692
0.000173699
0.000170332
0.000167691
0.000165852
0.000164868
0.00016477
0.000165561
0.000167224
0.000169714
0.000172964
0.000176878
0.000181334
0.000186184
0.000191255
0.00019043
0.000196495
0.000202137
0.000207068
0.000211021
0.000213774
0.000215172
0.000215141
0.000213694
0.000210931
0.000207022
0.000202187
0.000196678
0.000190758
0.000184684
0.000178696
0.000173006
0.000167798
0.000163223
0.000159402
0.000156434
0.000154387
0.000153308
0.000153222
0.000154135
0.000156032
0.000158878
0.000162612
0.000167149
0.000172371
0.000178125
0.00018422
9.83215e-05
0.000102334
0.000106126
0.000109479
0.000112176
0.00011403
0.000114915
0.000114775
0.000113639
0.000111606
0.000108829
0.000105492
0.000101791
9.79131e-05
9.40311e-05
9.0292e-05
8.68166e-05
8.37004e-05
8.1016e-05
7.88133e-05
7.71272e-05
7.59815e-05
7.53919e-05
7.53676e-05
7.59123e-05
7.70246e-05
7.86965e-05
8.09112e-05
8.36385e-05
8.68303e-05
9.0415e-05
9.42909e-05
0.000173641
0.000176839
0.000179856
0.000182568
0.000184861
0.000186635
0.00018781
0.000188333
0.000188178
0.000187351
0.000185888
0.000183856
0.000181347
0.000178472
0.000175354
0.000172118
0.000168889
0.000165787
0.000162926
0.000160407
0.000158315
0.000156723
0.000155681
0.000155224
0.000155365
0.0001561
0.000157404
0.000159233
0.00016153
0.000164219
0.000167208
0.000170388
0.000192245
0.000198297
0.00020411
0.00020943
0.000214007
0.000217609
0.000220044
0.000221176
0.000220936
0.000219336
0.00021646
0.000212463
0.000207553
0.000201973
0.000195985
0.00018985
0.000183814
0.0001781
0.0001729
0.000168376
0.000164657
0.000161845
0.00016001
0.000159199
0.000159428
0.000160689
0.000162949
0.000166148
0.0001702
0.000174991
0.00018038
0.000186197
0.0001851
0.000192785
0.000200339
0.000207413
0.000213636
0.000218641
0.000222108
0.000223796
0.000223579
0.000221463
0.000217589
0.000212213
0.000205672
0.000198344
0.000190614
0.000182837
0.000175325
0.000168334
0.000162074
0.000156704
0.00015234
0.000149064
0.00014693
0.000145969
0.000146192
0.000147589
0.000150135
0.000153783
0.000158465
0.000164084
0.000170515
0.000177591
9.46586e-05
0.000100028
0.000105516
0.00011086
0.000115742
0.000119817
0.000122752
0.000124277
0.000124241
0.000122639
0.000119614
0.000115433
0.000110433
0.000104972
9.93778e-05
9.39266e-05
8.88278e-05
8.42294e-05
8.02248e-05
7.68699e-05
7.41937e-05
7.22088e-05
7.09181e-05
7.03199e-05
7.04101e-05
7.11839e-05
7.26367e-05
7.4762e-05
7.7549e-05
8.09786e-05
8.50173e-05
8.96077e-05
0.000177998
0.000180474
0.000182831
0.000184972
0.000186808
0.000188258
0.000189256
0.000189755
0.000189733
0.000189189
0.000188149
0.000186663
0.0001848
0.000182645
0.000180294
0.000177838
0.00017537
0.00017298
0.000170755
0.000168773
0.000167102
0.0001658
0.000164909
0.000164458
0.000164464
0.000164925
0.000165827
0.000167141
0.000168826
0.000170828
0.000173081
0.000175502
0.000192675
0.000197053
0.0002013
0.000205231
0.000208661
0.000211418
0.000213359
0.000214377
0.000214415
0.000213473
0.000211604
0.000208916
0.000205551
0.000201681
0.000197488
0.000193152
0.000188843
0.000184715
0.00018091
0.000177546
0.000174725
0.000172524
0.000171003
0.000170201
0.00017014
0.000170824
0.000172238
0.000174348
0.0001771
0.000180419
0.000184206
0.000188339
0.000182147
0.000187667
0.00019313
0.00019829
0.000202884
0.000206654
0.000209367
0.000210849
0.000211
0.000209813
0.000207374
0.000203847
0.000199453
0.000194447
0.000189085
0.000183613
0.000178254
0.000173201
0.000168604
0.000164585
0.000161234
0.000158623
0.000156803
0.000155811
0.000155665
0.000156373
0.000157925
0.000160296
0.000163445
0.000167308
0.000171796
0.000176791
9.21471e-05
9.58185e-05
9.95726e-05
0.000103233
0.000106595
0.00010944
0.000111557
0.000112775
0.000112993
0.000112195
0.000110455
0.00010792
0.000104789
0.000101277
9.75901e-05
9.39114e-05
9.03875e-05
8.71291e-05
8.4218e-05
8.17118e-05
7.96474e-05
7.80478e-05
7.69273e-05
7.62943e-05
7.6154e-05
7.6509e-05
7.73596e-05
7.87026e-05
8.05305e-05
8.28273e-05
8.55646e-05
8.86956e-05
)
;

boundaryField
{
    inlet
    {
        type            calculated;
        value           nonuniform List<scalar> 
128
(
0.000173613
0.000173302
0.000172933
0.000172523
0.000172086
0.00017164
0.000171201
0.000170787
0.000170413
0.000170093
0.00016984
0.000169663
0.000169569
0.000169561
0.00016964
0.000169802
0.000170041
0.000170349
0.000170713
0.000171121
0.000171556
0.000172002
0.000172442
0.000172858
0.000173236
0.000173559
0.000173815
0.000173995
0.000174091
0.0001741
0.00017402
0.000173856
0.000193275
0.000192757
0.000192137
0.000191438
0.000190687
0.000189916
0.000189151
0.000188424
0.00018776
0.000187186
0.000186722
0.000186385
0.000186189
0.00018614
0.00018624
0.000186486
0.000186867
0.000187371
0.000187979
0.000188668
0.000189413
0.000190184
0.000190953
0.000191691
0.000192366
0.000192954
0.000193431
0.000193777
0.000193979
0.000194029
0.000193924
0.00019367
0.000186602
0.000186031
0.000185337
0.000184546
0.000183691
0.000182805
0.000181921
0.000181074
0.000180295
0.000179613
0.000179053
0.000178635
0.000178374
0.00017828
0.000178356
0.000178599
0.000179
0.000179546
0.000180217
0.000180988
0.000181831
0.000182714
0.000183604
0.000184467
0.000185267
0.000185974
0.000186558
0.000186995
0.000187268
0.000187365
0.000187283
0.000187025
9.54143e-05
9.50952e-05
9.46962e-05
9.42339e-05
9.37273e-05
9.31966e-05
9.26624e-05
9.2145e-05
9.16636e-05
9.12357e-05
9.08764e-05
9.05985e-05
9.04114e-05
9.03216e-05
9.03319e-05
9.04421e-05
9.06484e-05
9.09441e-05
9.13189e-05
9.176e-05
9.22516e-05
9.27758e-05
9.3313e-05
9.38423e-05
9.43428e-05
9.4794e-05
9.51772e-05
9.54763e-05
9.56784e-05
9.5775e-05
9.57618e-05
9.56398e-05
)
;
    }
    outlet
    {
        type            calculated;
        value           nonuniform List<scalar> 
128
(
0.000177998
0.000180474
0.000182831
0.000184972
0.000186808
0.000188258
0.000189256
0.000189755
0.000189733
0.000189189
0.000188149
0.000186663
0.0001848
0.000182645
0.000180294
0.000177838
0.00017537
0.00017298
0.000170755
0.000168773
0.000167102
0.0001658
0.000164909
0.000164458
0.000164464
0.000164925
0.000165827
0.000167141
0.000168826
0.000170828
0.000173081
0.000175502
0.000192675
0.000197053
0.0002013
0.000205231
0.000208661
0.000211418
0.000213359
0.000214377
0.000214415
0.000213473
0.000211604
0.000208916
0.000205551
0.000201681
0.000197488
0.000193152
0.000188843
0.000184715
0.00018091
0.000177546
0.000174725
0.000172524
0.000171003
0.000170201
0.00017014
0.000170824
0.000172238
0.000174348
0.0001771
0.000180419
0.000184206
0.000188339
0.000182147
0.000187667
0.00019313
0.00019829
0.000202884
0.000206654
0.000209367
0.000210849
0.000211
0.000209813
0.000207374
0.000203847
0.000199453
0.000194447
0.000189085
0.000183613
0.000178254
0.000173201
0.000168604
0.000164585
0.000161234
0.000158623
0.000156803
0.000155811
0.000155665
0.000156373
0.000157925
0.000160296
0.000163445
0.000167308
0.000171796
0.000176791
9.21471e-05
9.58185e-05
9.95726e-05
0.000103233
0.000106595
0.00010944
0.000111557
0.000112775
0.000112993
0.000112195
0.000110455
0.00010792
0.000104789
0.000101277
9.75901e-05
9.39114e-05
9.03875e-05
8.71291e-05
8.4218e-05
8.17118e-05
7.96474e-05
7.80478e-05
7.69273e-05
7.62943e-05
7.6154e-05
7.6509e-05
7.73596e-05
7.87026e-05
8.05305e-05
8.28273e-05
8.55646e-05
8.86956e-05
)
;
    }
    axis
    {
        type            calculated;
        value           nonuniform List<scalar> 
5088
(
0.000173615
0.000173303
0.000172935
0.000172524
0.000172087
0.000171641
0.000171202
0.000170788
0.000170413
0.000170093
0.00016984
0.000169663
0.000169569
0.000169561
0.00016964
0.000169803
0.000170042
0.00017035
0.000170715
0.000171123
0.000171557
0.000172003
0.000172443
0.000172859
0.000173236
0.000173559
0.000173815
0.000173995
0.000174091
0.0001741
0.000174021
0.000173857
0.000173784
0.000173377
0.000172922
0.000172436
0.000171938
0.000171448
0.000170984
0.000170565
0.000170206
0.00016992
0.000169718
0.000169608
0.000169592
0.000169673
0.000169846
0.000170104
0.00017044
0.000170839
0.000171286
0.000171766
0.00017226
0.000172749
0.000173214
0.000173638
0.000174005
0.000174298
0.000174508
0.000174624
0.000174643
0.000174564
0.000174389
0.000174125
0.000172922
0.000172453
0.000171973
0.000171502
0.000171058
0.000170658
0.000170317
0.000170048
0.00016986
0.000169761
0.000169753
0.000169837
0.000170009
0.000170264
0.00017059
0.000170977
0.00017141
0.000171872
0.000172347
0.000172815
0.00017326
0.000173664
0.000174012
0.00017429
0.000174486
0.000174593
0.000174606
0.000174524
0.00017435
0.000174091
0.000173758
0.000173363
0.00017262
0.000172129
0.000171641
0.000171177
0.000170755
0.000170389
0.000170094
0.000169881
0.000169756
0.000169725
0.000169789
0.000169944
0.000170186
0.000170505
0.000170889
0.000171323
0.000171792
0.000172278
0.000172762
0.000173226
0.000173653
0.000174026
0.000174329
0.000174552
0.000174684
0.00017472
0.000174658
0.000174502
0.000174256
0.000173931
0.000173539
0.000173097
0.000172577
0.000172235
0.0001719
0.000171585
0.000171301
0.00017106
0.00017087
0.000170737
0.000170666
0.000170661
0.00017072
0.000170841
0.00017102
0.00017125
0.000171521
0.000171824
0.000172148
0.000172481
0.000172811
0.000173126
0.000173414
0.000173662
0.000173862
0.000174004
0.000174082
0.000174095
0.00017404
0.00017392
0.000173739
0.000173504
0.000173224
0.000172911
0.000173223
0.000173141
0.000173034
0.000172906
0.000172761
0.000172605
0.000172442
0.00017228
0.000172123
0.000171977
0.000171848
0.000171739
0.000171655
0.000171598
0.000171572
0.000171577
0.000171614
0.000171683
0.000171782
0.000171908
0.000172056
0.00017222
0.000172392
0.000172567
0.000172736
0.000172892
0.00017303
0.000173143
0.000173226
0.000173277
0.000173293
0.000173275
0.000173795
0.000173942
0.000174028
0.000174051
0.000174011
0.000173908
0.000173745
0.000173528
0.000173266
0.000172968
0.000172646
0.000172311
0.000171976
0.000171655
0.00017136
0.000171103
0.000170893
0.00017074
0.000170649
0.000170626
0.00017067
0.00017078
0.000170951
0.000171175
0.000171444
0.000171747
0.000172072
0.000172408
0.00017274
0.000173056
0.000173344
0.000173594
0.000173561
0.00017375
0.000173882
0.000173954
0.000173963
0.00017391
0.000173797
0.000173626
0.000173404
0.000173139
0.000172841
0.000172521
0.000172192
0.000171865
0.000171554
0.000171271
0.000171026
0.000170829
0.000170689
0.000170611
0.000170598
0.000170653
0.000170772
0.00017095
0.00017118
0.000171453
0.000171757
0.000172081
0.000172412
0.000172738
0.000173046
0.000173324
0.000172622
0.000172662
0.000172689
0.000172704
0.000172705
0.000172694
0.000172672
0.000172639
0.000172597
0.000172545
0.000172484
0.000172416
0.000172342
0.000172266
0.000172191
0.000172118
0.000172052
0.000171996
0.000171952
0.000171923
0.000171912
0.000171918
0.000171944
0.000171987
0.000172044
0.000172114
0.000172191
0.000172272
0.000172354
0.000172433
0.000172505
0.000172569
0.00017156
0.000171407
0.000171288
0.000171208
0.000171171
0.000171179
0.000171233
0.00017133
0.000171465
0.000171633
0.000171827
0.000172038
0.000172257
0.000172477
0.000172689
0.000172884
0.000173055
0.000173197
0.000173303
0.000173371
0.000173399
0.000173386
0.000173334
0.000173245
0.00017312
0.000172965
0.000172783
0.000172583
0.00017237
0.000172153
0.00017194
0.00017174
0.000171224
0.000171
0.000170826
0.000170709
0.000170653
0.000170662
0.000170733
0.000170863
0.000171047
0.000171279
0.000171548
0.000171844
0.000172157
0.000172473
0.000172782
0.00017307
0.000173328
0.000173546
0.000173715
0.00017383
0.000173887
0.000173883
0.000173818
0.000173695
0.000173516
0.000173289
0.000173023
0.000172728
0.000172414
0.000172095
0.000171782
0.000171488
0.000172051
0.000171941
0.000171848
0.000171778
0.000171733
0.000171713
0.000171719
0.000171749
0.000171801
0.000171873
0.000171961
0.000172062
0.000172172
0.000172287
0.000172402
0.000172515
0.000172622
0.000172719
0.000172805
0.000172876
0.00017293
0.000172964
0.000172974
0.000172961
0.000172924
0.000172863
0.00017278
0.000172679
0.000172563
0.000172436
0.000172305
0.000172175
0.000173402
0.000173506
0.000173567
0.000173585
0.000173558
0.000173485
0.00017337
0.000173216
0.000173027
0.000172811
0.000172576
0.000172329
0.000172081
0.000171841
0.000171619
0.000171425
0.000171265
0.000171149
0.000171081
0.000171064
0.0001711
0.000171185
0.000171316
0.000171486
0.000171689
0.000171915
0.000172157
0.000172404
0.000172646
0.000172875
0.000173082
0.00017326
0.000174061
0.000174301
0.000174463
0.000174541
0.000174534
0.000174441
0.000174266
0.000174014
0.000173695
0.000173321
0.000172906
0.000172467
0.000172019
0.000171581
0.000171169
0.000170799
0.000170486
0.000170241
0.000170074
0.000169993
0.000170001
0.000170097
0.000170277
0.000170535
0.000170858
0.000171236
0.000171654
0.000172095
0.000172542
0.000172978
0.000173387
0.000173753
0.00017354
0.000173726
0.000173859
0.000173935
0.00017395
0.000173906
0.000173804
0.000173649
0.000173445
0.000173198
0.000172919
0.000172616
0.000172302
0.000171988
0.000171686
0.000171408
0.000171164
0.000170966
0.00017082
0.000170733
0.000170709
0.000170749
0.000170854
0.000171019
0.000171235
0.000171495
0.000171787
0.000172099
0.00017242
0.000172736
0.000173035
0.000173306
0.000172131
0.000172124
0.000172127
0.000172143
0.000172172
0.000172213
0.000172265
0.000172327
0.000172396
0.000172466
0.000172534
0.000172596
0.000172649
0.00017269
0.000172718
0.000172732
0.000172733
0.00017272
0.000172697
0.000172663
0.000172622
0.000172576
0.000172528
0.000172479
0.000172431
0.000172383
0.000172336
0.000172291
0.000172248
0.000172209
0.000172176
0.000172149
0.00017067
0.000170477
0.000170354
0.000170305
0.000170335
0.000170441
0.000170622
0.00017087
0.000171176
0.000171525
0.000171906
0.000172301
0.000172696
0.000173075
0.000173423
0.000173727
0.000173976
0.000174159
0.00017427
0.000174306
0.000174266
0.000174152
0.000173969
0.000173726
0.000173429
0.000173091
0.000172723
0.000172339
0.000171952
0.000171579
0.000171232
0.000170925
0.000170408
0.000170159
0.000169989
0.000169905
0.00016991
0.000170004
0.000170184
0.00017044
0.000170764
0.000171143
0.000171562
0.000172005
0.000172455
0.000172896
0.000173309
0.000173679
0.000173993
0.000174238
0.000174405
0.000174489
0.000174486
0.000174396
0.000174222
0.000173971
0.000173651
0.000173275
0.000172858
0.000172414
0.000171962
0.000171519
0.000171101
0.000170726
0.000171878
0.000171728
0.000171603
0.000171508
0.000171446
0.000171417
0.000171422
0.00017146
0.000171526
0.000171619
0.000171734
0.000171866
0.000172012
0.000172164
0.00017232
0.000172475
0.000172623
0.00017276
0.000172883
0.000172987
0.000173067
0.000173118
0.000173138
0.000173123
0.000173075
0.000172993
0.00017288
0.00017274
0.00017258
0.000172406
0.000172225
0.000172046
0.000173908
0.00017393
0.000173892
0.000173796
0.000173644
0.000173441
0.000173195
0.000172912
0.000172603
0.00017228
0.000171954
0.000171638
0.000171344
0.000171084
0.000170868
0.000170706
0.000170606
0.000170572
0.000170607
0.00017071
0.000170876
0.000171097
0.000171365
0.000171666
0.00017199
0.000172323
0.000172652
0.000172963
0.000173246
0.000173489
0.000173684
0.000173825
0.000174934
0.00017504
0.000175037
0.000174927
0.000174715
0.000174408
0.000174019
0.000173561
0.000173052
0.000172512
0.000171961
0.00017142
0.00017091
0.000170451
0.000170059
0.00016975
0.000169535
0.000169423
0.000169419
0.000169523
0.000169733
0.000170039
0.000170431
0.000170893
0.000171406
0.00017195
0.000172506
0.000173051
0.000173564
0.000174026
0.000174417
0.000174724
0.000174612
0.00017463
0.00017456
0.000174406
0.000174173
0.000173873
0.000173518
0.000173121
0.000172697
0.000172261
0.000171829
0.000171417
0.000171039
0.00017071
0.000170443
0.000170248
0.000170131
0.000170099
0.000170152
0.00017029
0.000170509
0.0001708
0.000171155
0.000171559
0.000171995
0.000172447
0.000172896
0.000173323
0.000173712
0.000174047
0.000174315
0.000174506
0.000173468
0.000173325
0.000173149
0.000172948
0.000172731
0.000172506
0.000172284
0.000172073
0.000171879
0.00017171
0.00017157
0.000171463
0.000171394
0.000171364
0.000171375
0.000171426
0.000171517
0.000171643
0.000171801
0.000171985
0.00017219
0.000172408
0.000172633
0.000172855
0.000173066
0.000173254
0.000173413
0.000173534
0.000173613
0.000173646
0.000173632
0.000173572
0.000172516
0.000172309
0.000172108
0.000171922
0.000171758
0.000171624
0.000171526
0.000171467
0.000171448
0.000171469
0.000171529
0.000171624
0.000171752
0.000171906
0.000172081
0.00017227
0.000172466
0.000172663
0.000172852
0.000173027
0.000173182
0.000173313
0.000173415
0.000173483
0.000173514
0.000173505
0.000173456
0.00017337
0.000173248
0.000173095
0.000172917
0.000172722
0.000172561
0.000172474
0.000172388
0.000172307
0.000172236
0.000172178
0.000172135
0.000172108
0.000172096
0.000172099
0.000172116
0.000172147
0.000172189
0.00017224
0.000172299
0.000172364
0.000172432
0.000172503
0.000172572
0.000172641
0.000172705
0.000172766
0.000172818
0.00017286
0.000172888
0.000172901
0.000172898
0.000172877
0.00017284
0.000172787
0.000172721
0.000172644
0.000173242
0.000173407
0.000173537
0.000173628
0.000173678
0.000173687
0.000173653
0.000173575
0.000173457
0.000173301
0.000173113
0.000172898
0.000172666
0.000172424
0.000172182
0.00017195
0.000171736
0.000171551
0.000171403
0.000171298
0.000171241
0.000171237
0.000171283
0.000171378
0.000171515
0.00017169
0.000171895
0.00017212
0.000172358
0.000172597
0.00017283
0.000173047
0.00017378
0.000174154
0.000174461
0.000174689
0.000174831
0.000174882
0.000174841
0.000174708
0.000174487
0.000174187
0.000173817
0.000173392
0.000172928
0.000172443
0.000171956
0.000171485
0.000171048
0.000170664
0.000170347
0.00017011
0.000169962
0.000169911
0.000169958
0.000170101
0.000170333
0.000170645
0.000171024
0.000171456
0.000171922
0.000172407
0.00017289
0.000173354
0.000173966
0.000174379
0.000174713
0.000174957
0.0001751
0.000175139
0.000175073
0.000174905
0.000174642
0.000174292
0.000173869
0.000173387
0.000172867
0.000172327
0.000171788
0.00017127
0.000170795
0.000170379
0.000170039
0.000169787
0.000169635
0.000169587
0.000169648
0.000169816
0.000170084
0.00017044
0.00017087
0.000171359
0.000171885
0.00017243
0.000172973
0.000173491
0.000174022
0.000174322
0.000174548
0.00017469
0.000174743
0.000174707
0.000174583
0.000174378
0.000174101
0.000173762
0.000173372
0.000172947
0.000172501
0.000172052
0.000171616
0.00017121
0.000170849
0.000170546
0.000170314
0.00017016
0.000170092
0.000170114
0.000170224
0.00017042
0.000170697
0.000171042
0.000171441
0.000171879
0.000172337
0.000172799
0.000173245
0.000173658
0.000173939
0.000174074
0.000174147
0.000174155
0.000174099
0.000173982
0.00017381
0.00017359
0.000173333
0.000173048
0.000172744
0.000172433
0.000172125
0.000171831
0.000171562
0.000171329
0.000171139
0.000171
0.000170917
0.000170895
0.000170933
0.000171032
0.000171189
0.000171399
0.000171656
0.000171949
0.000172266
0.000172594
0.000172919
0.000173227
0.000173508
0.000173748
0.000173584
0.000173572
0.00017352
0.000173431
0.000173309
0.00017316
0.00017299
0.000172808
0.000172621
0.000172437
0.000172262
0.0001721
0.000171956
0.000171837
0.000171745
0.000171684
0.000171656
0.000171663
0.000171703
0.000171777
0.000171881
0.000172012
0.000172167
0.000172341
0.000172529
0.000172723
0.000172914
0.000173094
0.000173254
0.000173389
0.000173491
0.000173557
0.000173127
0.000172989
0.000172835
0.000172671
0.000172504
0.000172341
0.00017219
0.000172057
0.00017195
0.000171872
0.000171824
0.000171807
0.000171821
0.000171865
0.000171936
0.000172031
0.000172147
0.000172278
0.000172421
0.00017257
0.00017272
0.000172866
0.000173003
0.000173128
0.000173237
0.000173325
0.000173388
0.000173422
0.000173425
0.000173395
0.000173334
0.000173244
0.000172804
0.000172549
0.000172294
0.000172049
0.000171822
0.000171625
0.000171464
0.000171349
0.000171284
0.000171272
0.000171311
0.000171399
0.000171532
0.000171704
0.000171908
0.000172136
0.00017238
0.000172628
0.000172873
0.000173106
0.000173316
0.000173498
0.000173646
0.000173754
0.000173821
0.000173843
0.000173817
0.000173744
0.000173626
0.000173467
0.000173271
0.000173047
0.000172873
0.000172532
0.00017219
0.000171861
0.000171557
0.00017129
0.000171073
0.000170913
0.00017082
0.000170794
0.000170835
0.000170942
0.000171109
0.000171329
0.000171594
0.000171894
0.000172217
0.000172551
0.000172883
0.000173201
0.000173492
0.000173747
0.000173956
0.000174112
0.000174212
0.000174249
0.00017422
0.000174127
0.000173971
0.000173759
0.000173498
0.000173199
0.000173254
0.000172906
0.000172545
0.000172184
0.000171837
0.000171519
0.000171243
0.00017102
0.00017086
0.000170766
0.00017074
0.000170783
0.000170893
0.000171065
0.000171292
0.000171566
0.000171876
0.000172211
0.000172559
0.000172906
0.00017324
0.000173549
0.000173822
0.000174049
0.000174222
0.000174332
0.000174374
0.000174345
0.000174245
0.000174079
0.000173852
0.000173573
0.000173753
0.000173512
0.000173236
0.000172936
0.000172625
0.000172316
0.000172021
0.000171754
0.000171523
0.000171335
0.000171195
0.000171109
0.000171079
0.000171105
0.000171187
0.000171321
0.000171502
0.000171725
0.000171982
0.000172262
0.000172557
0.000172857
0.00017315
0.000173428
0.000173677
0.000173887
0.000174048
0.000174152
0.000174194
0.000174174
0.000174091
0.000173948
0.0001743
0.000174244
0.000174125
0.00017395
0.000173727
0.000173464
0.000173174
0.000172869
0.000172559
0.000172255
0.000171966
0.000171702
0.000171472
0.000171286
0.000171149
0.000171067
0.000171044
0.000171081
0.000171177
0.00017133
0.000171535
0.000171785
0.000172073
0.000172388
0.000172716
0.000173044
0.000173357
0.000173641
0.000173886
0.000174081
0.000174217
0.000174291
0.000174769
0.000174899
0.000174941
0.000174895
0.000174763
0.000174552
0.000174272
0.000173935
0.000173552
0.000173138
0.000172705
0.00017227
0.000171849
0.000171456
0.000171108
0.000170817
0.000170594
0.000170449
0.000170388
0.000170413
0.000170525
0.00017072
0.000170994
0.000171336
0.000171733
0.000172168
0.000172622
0.000173077
0.000173514
0.000173917
0.000174269
0.000174557
0.000175102
0.000175369
0.00017553
0.00017558
0.000175518
0.000175348
0.000175076
0.000174717
0.000174283
0.000173791
0.000173258
0.000172702
0.000172145
0.000171607
0.000171109
0.000170669
0.000170304
0.000170029
0.000169853
0.000169785
0.000169827
0.000169979
0.000170237
0.000170593
0.000171034
0.00017154
0.000172091
0.000172665
0.000173239
0.000173791
0.000174298
0.000174741
0.000175175
0.0001755
0.000175717
0.000175817
0.000175797
0.000175659
0.000175409
0.000175059
0.000174626
0.000174124
0.00017357
0.000172985
0.00017239
0.000171808
0.00017126
0.000170767
0.000170347
0.000170017
0.000169789
0.000169672
0.000169672
0.000169788
0.000170019
0.000170357
0.000170791
0.000171304
0.000171874
0.000172478
0.000173092
0.000173691
0.000174252
0.000174753
0.000175089
0.000175423
0.000175654
0.000175771
0.000175773
0.000175658
0.000175434
0.000175111
0.000174704
0.000174228
0.0001737
0.000173137
0.000172562
0.000171994
0.000171456
0.000170967
0.000170546
0.00017021
0.00016997
0.000169836
0.000169813
0.000169904
0.000170107
0.000170415
0.00017082
0.000171305
0.000171849
0.000172431
0.000173027
0.000173613
0.000174166
0.000174665
0.000175103
0.000175446
0.000175685
0.000175811
0.00017582
0.000175712
0.000175492
0.000175172
0.000174765
0.000174289
0.000173759
0.000173194
0.000172614
0.000172041
0.000171497
0.000171001
0.000170573
0.000170228
0.000169981
0.000169839
0.00016981
0.000169895
0.000170092
0.000170396
0.000170797
0.00017128
0.000171825
0.00017241
0.00017301
0.000173602
0.000174162
0.000174669
0.000175282
0.00017562
0.000175848
0.000175957
0.000175943
0.000175807
0.000175555
0.000175201
0.000174759
0.000174249
0.000173688
0.000173096
0.000172494
0.000171905
0.000171349
0.000170849
0.000170422
0.000170086
0.000169852
0.000169729
0.000169723
0.000169834
0.00017006
0.000170393
0.000170824
0.000171338
0.000171912
0.000172523
0.000173147
0.000173758
0.000174332
0.000174847
0.000175542
0.000175808
0.000175958
0.000175985
0.000175891
0.000175677
0.000175355
0.000174939
0.000174448
0.000173903
0.000173324
0.00017273
0.000172144
0.000171585
0.000171075
0.000170633
0.000170274
0.000170013
0.000169858
0.000169816
0.000169888
0.000170073
0.000170365
0.000170754
0.000171229
0.000171773
0.000172365
0.000172979
0.000173591
0.000174175
0.000174709
0.00017517
0.000175739
0.000175848
0.000175842
0.000175723
0.000175493
0.000175165
0.000174751
0.000174271
0.000173745
0.000173197
0.000172646
0.000172111
0.000171611
0.000171163
0.000170783
0.000170485
0.000170279
0.000170174
0.000170172
0.000170273
0.000170475
0.000170771
0.00017115
0.000171601
0.000172109
0.000172657
0.000173222
0.000173782
0.000174312
0.000174791
0.000175199
0.000175519
0.000175715
0.000175625
0.000175433
0.000175147
0.000174777
0.00017434
0.000173854
0.00017334
0.00017282
0.000172318
0.00017185
0.000171432
0.000171078
0.0001708
0.000170607
0.000170506
0.000170499
0.000170588
0.000170767
0.000171032
0.000171371
0.000171775
0.000172227
0.000172715
0.00017322
0.000173727
0.000174214
0.000174661
0.000175048
0.000175358
0.000175578
0.000175699
0.00017545
0.000175215
0.000174896
0.000174507
0.000174062
0.00017358
0.000173081
0.000172586
0.000172118
0.000171695
0.000171333
0.000171042
0.000170832
0.000170708
0.000170675
0.000170733
0.00017088
0.00017111
0.000171415
0.000171782
0.000172198
0.00017265
0.000173119
0.000173592
0.000174052
0.000174483
0.000174868
0.000175189
0.00017543
0.000175582
0.000175637
0.000175592
0.000175168
0.000174928
0.000174617
0.000174247
0.000173833
0.000173391
0.000172941
0.000172502
0.000172093
0.000171733
0.000171432
0.000171199
0.00017104
0.00017096
0.000170962
0.000171045
0.000171205
0.000171437
0.000171731
0.000172078
0.000172464
0.000172875
0.000173297
0.000173717
0.00017412
0.000174494
0.000174822
0.000175086
0.000175276
0.000175382
0.0001754
0.000175327
0.000175213
0.000175105
0.00017492
0.000174663
0.000174347
0.000173984
0.000173591
0.000173184
0.000172783
0.000172403
0.000172057
0.000171754
0.000171504
0.000171315
0.000171192
0.000171141
0.000171164
0.000171259
0.000171424
0.000171653
0.000171938
0.000172269
0.000172635
0.000173024
0.000173425
0.000173823
0.0001742
0.000174538
0.000174822
0.000175038
0.000175179
0.000175238
0.000175671
0.000175738
0.000175702
0.000175565
0.000175333
0.000175016
0.000174627
0.000174184
0.000173707
0.000173217
0.000172728
0.000172255
0.000171816
0.000171424
0.000171095
0.000170841
0.000170672
0.000170594
0.00017061
0.000170722
0.000170924
0.000171211
0.000171572
0.000171997
0.000172472
0.000172981
0.000173499
0.000174005
0.000174477
0.000174894
0.000175241
0.000175503
0.000176359
0.000176516
0.00017654
0.000176429
0.000176189
0.000175829
0.000175366
0.000174819
0.000174214
0.000173575
0.000172925
0.000172285
0.000171678
0.000171126
0.000170649
0.000170265
0.000169989
0.000169831
0.000169796
0.000169886
0.000170099
0.000170426
0.000170858
0.000171379
0.000171973
0.00017262
0.000173292
0.00017396
0.000174597
0.000175176
0.000175676
0.000176075
0.000177092
0.000177177
0.000177105
0.000176876
0.000176502
0.000175997
0.000175382
0.000174686
0.000173938
0.00017317
0.000172409
0.000171682
0.000171015
0.00017043
0.00016995
0.000169591
0.000169368
0.000169287
0.000169351
0.000169559
0.000169901
0.000170368
0.000170941
0.000171603
0.000172331
0.0001731
0.000173879
0.000174636
0.000175338
0.000175958
0.00017647
0.000176853
0.000177705
0.000177608
0.000177339
0.000176908
0.000176331
0.000175634
0.000174845
0.000173997
0.000173128
0.000172274
0.000171464
0.000170726
0.000170087
0.000169568
0.000169189
0.000168962
0.000168895
0.00016899
0.000169244
0.000169647
0.000170185
0.000170838
0.000171583
0.000172395
0.000173246
0.000174107
0.000174943
0.000175717
0.000176398
0.000176957
0.000177372
0.000177624
0.000178052
0.000177821
0.000177411
0.000176839
0.000176128
0.000175308
0.000174411
0.000173477
0.000172544
0.00017165
0.000170827
0.000170102
0.0001695
0.000169042
0.000168744
0.000168617
0.000168665
0.000168886
0.000169272
0.000169809
0.000170478
0.000171254
0.000172109
0.000173015
0.000173939
0.00017485
0.000175708
0.000176477
0.000177124
0.000177622
0.000177951
0.000178096
0.00017809
0.000177902
0.000177535
0.000177004
0.000176331
0.000175544
0.000174675
0.000173761
0.000172841
0.000171954
0.000171129
0.000170392
0.00016977
0.000169284
0.000168951
0.000168783
0.000168787
0.000168962
0.000169301
0.000169793
0.00017042
0.00017116
0.000171986
0.00017287
0.000173783
0.000174692
0.000175557
0.000176342
0.000177013
0.000177541
0.000177905
0.000178091
0.000177936
0.000177956
0.000177796
0.000177465
0.000176975
0.000176347
0.000175609
0.000174792
0.000173934
0.000173068
0.000172225
0.000171432
0.000170716
0.000170103
0.000169614
0.000169268
0.000169077
0.000169047
0.000169182
0.000169475
0.000169917
0.000170492
0.000171182
0.000171963
0.000172811
0.000173695
0.000174576
0.000175418
0.000176184
0.000176843
0.000177368
0.000177737
0.000177914
0.00017816
0.00017822
0.000178091
0.000177779
0.000177299
0.00017667
0.000175922
0.000175088
0.000174203
0.000173296
0.000172399
0.000171542
0.000170758
0.000170073
0.000169515
0.000169103
0.000168853
0.000168775
0.000168872
0.00016914
0.000169572
0.000170153
0.000170864
0.000171684
0.000172582
0.000173521
0.000174461
0.000175363
0.00017619
0.000176909
0.000177492
0.000178319
0.000178672
0.000178819
0.000178753
0.000178479
0.000178006
0.000177358
0.000176561
0.000175653
0.00017467
0.000173647
0.00017262
0.000171625
0.000170699
0.000169876
0.000169187
0.000168657
0.000168307
0.000168149
0.000168189
0.000168426
0.000168852
0.000169454
0.000170211
0.0001711
0.000172089
0.000173136
0.000174199
0.000175234
0.000176199
0.000177057
0.000177773
0.000179103
0.000179423
0.000179507
0.00017935
0.00017896
0.000178353
0.000177556
0.000176603
0.000175537
0.0001744
0.000173233
0.000172079
0.000170978
0.000169972
0.000169096
0.000168384
0.000167862
0.000167549
0.000167456
0.000167586
0.000167935
0.000168491
0.000169236
0.000170144
0.000171187
0.000172325
0.000173514
0.000174703
0.000175846
0.000176897
0.000177813
0.000178559
0.000179881
0.000180112
0.000180078
0.000179781
0.000179233
0.000178458
0.000177489
0.000176368
0.000175143
0.000173863
0.000172575
0.000171325
0.000170156
0.000169114
0.000168234
0.000167549
0.000167085
0.000166858
0.000166877
0.00016714
0.000167638
0.000168355
0.000169266
0.00017034
0.000171542
0.000172826
0.000174142
0.000175435
0.000176654
0.000177748
0.000178675
0.000179395
0.00018028
0.00018044
0.000180323
0.000179932
0.000179285
0.000178409
0.000177342
0.00017613
0.000174823
0.000173474
0.000172131
0.000170842
0.000169654
0.000168609
0.000167746
0.000167096
0.000166682
0.00016652
0.000166616
0.000166966
0.000167558
0.000168372
0.000169379
0.000170547
0.000171834
0.000173193
0.00017457
0.000175907
0.000177151
0.000178251
0.000179163
0.000179848
0.000180214
0.000180333
0.000180178
0.000179757
0.000179086
0.000178195
0.000177121
0.000175911
0.000174615
0.000173283
0.000171964
0.000170706
0.000169552
0.000168546
0.000167723
0.000167114
0.000166741
0.000166617
0.000166747
0.000167127
0.000167743
0.000168574
0.000169592
0.000170762
0.000172044
0.000173389
0.000174743
0.000176051
0.000177259
0.000178318
0.000179186
0.000179827
0.000179851
0.000179938
0.000179767
0.000179346
0.000178692
0.000177834
0.000176808
0.000175658
0.000174431
0.000173175
0.000171934
0.000170754
0.000169677
0.000168742
0.000167983
0.000167428
0.000167097
0.000167003
0.000167149
0.000167529
0.000168131
0.000168935
0.000169911
0.000171029
0.000172247
0.000173519
0.000174795
0.000176022
0.00017715
0.000178132
0.00017893
0.000179511
0.000179457
0.000179507
0.000179317
0.000178895
0.000178258
0.000177434
0.000176457
0.00017537
0.000174217
0.00017304
0.000171884
0.000170789
0.000169795
0.000168938
0.000168249
0.000167754
0.00016747
0.000167409
0.000167572
0.000167955
0.000168543
0.000169317
0.00017025
0.000171312
0.000172462
0.000173657
0.000174849
0.000175989
0.00017703
0.00017793
0.000178653
0.000179168
0.000179183
0.000179197
0.000178981
0.000178547
0.00017791
0.0001771
0.00017615
0.0001751
0.000173993
0.00017287
0.000171772
0.000170738
0.000169806
0.000169009
0.000168376
0.000167932
0.000167691
0.000167664
0.000167851
0.000168246
0.000168835
0.000169599
0.00017051
0.00017154
0.000172648
0.000173793
0.000174927
0.000176005
0.000176982
0.000177818
0.00017848
0.000178941
0.000179068
0.000179045
0.000178797
0.000178336
0.000177681
0.000176859
0.000175905
0.000174861
0.000173766
0.000172662
0.000171588
0.000170583
0.000169684
0.000168924
0.000168329
0.000167922
0.000167718
0.000167725
0.000167942
0.000168363
0.000168972
0.000169749
0.000170667
0.000171696
0.000172796
0.000173925
0.000175036
0.000176084
0.000177026
0.000177824
0.000178446
0.000178866
0.000179082
0.000179019
0.000178731
0.000178229
0.000177535
0.000176678
0.000175694
0.000174627
0.000173514
0.000172398
0.00017132
0.000170319
0.00016943
0.000168687
0.000168115
0.000167737
0.000167567
0.00016761
0.000167866
0.000168326
0.000168973
0.000169786
0.000170737
0.000171795
0.000172917
0.000174059
0.000175176
0.000176221
0.000177152
0.000177931
0.000178527
0.000178916
0.000179033
0.00017893
0.000178602
0.000178062
0.000177334
0.000176448
0.000175442
0.000174358
0.000173235
0.000172115
0.00017104
0.000170049
0.000169177
0.000168457
0.000167914
0.000167568
0.000167434
0.000167515
0.000167809
0.000168306
0.000168989
0.000169834
0.000170814
0.000171892
0.000173028
0.000174175
0.000175289
0.000176323
0.000177236
0.00017799
0.000178554
0.000178906
0.000178685
0.000178559
0.000178219
0.000177679
0.000176962
0.000176098
0.000175124
0.000174078
0.000172999
0.000171928
0.000170904
0.000169964
0.000169142
0.000168469
0.000167969
0.000167661
0.000167557
0.00016766
0.000167967
0.000168469
0.000169146
0.000169976
0.00017093
0.000171975
0.000173069
0.000174167
0.000175228
0.000176206
0.000177063
0.000177764
0.00017828
0.000178591
0.000177926
0.000177824
0.000177534
0.000177068
0.000176445
0.000175691
0.000174839
0.00017392
0.00017297
0.000172023
0.000171115
0.000170279
0.000169546
0.000168942
0.000168491
0.00016821
0.000168108
0.000168191
0.000168454
0.00016889
0.000169483
0.000170212
0.000171053
0.000171974
0.000172939
0.000173908
0.000174845
0.00017571
0.000176469
0.000177091
0.000177553
0.000177834
0.000176958
0.000176938
0.000176762
0.000176437
0.000175978
0.000175405
0.000174741
0.000174011
0.000173243
0.000172465
0.000171706
0.000170994
0.000170356
0.000169816
0.000169393
0.000169104
0.00016896
0.000168966
0.000169122
0.000169424
0.00016986
0.000170416
0.000171074
0.000171807
0.000172586
0.000173382
0.000174161
0.000174894
0.00017555
0.000176104
0.000176533
0.000176821
0.000176123
0.000176213
0.000176175
0.000176011
0.000175729
0.000175341
0.000174865
0.000174318
0.000173719
0.000173091
0.000172456
0.00017184
0.000171264
0.000170751
0.000170319
0.000169985
0.000169763
0.00016966
0.000169681
0.000169825
0.000170089
0.000170463
0.000170937
0.000171491
0.000172102
0.000172746
0.000173397
0.00017403
0.00017462
0.000175142
0.000175578
0.000175909
0.000175569
0.000175737
0.000175796
0.000175746
0.00017559
0.000175335
0.000174994
0.000174576
0.000174098
0.000173576
0.000173029
0.00017248
0.000171946
0.00017145
0.000171009
0.000170641
0.00017036
0.000170177
0.0001701
0.000170132
0.000170274
0.000170522
0.000170867
0.000171295
0.000171788
0.000172327
0.00017289
0.000173454
0.000173998
0.000174499
0.000174939
0.0001753
0.000175272
0.000175441
0.000175517
0.000175495
0.00017538
0.000175177
0.000174893
0.000174539
0.000174126
0.000173669
0.000173185
0.000172692
0.000172208
0.000171752
0.000171341
0.000170992
0.000170717
0.000170528
0.000170434
0.000170438
0.000170542
0.000170745
0.000171037
0.000171407
0.000171838
0.000172314
0.000172815
0.000173321
0.000173812
0.000174269
0.000174675
0.000175013
0.000175036
0.000175107
0.000175099
0.000175012
0.000174852
0.000174627
0.000174344
0.000174012
0.000173642
0.000173248
0.000172844
0.000172444
0.000172064
0.000171717
0.000171418
0.000171178
0.000171006
0.000170911
0.000170897
0.000170966
0.000171118
0.000171347
0.000171645
0.000171997
0.000172389
0.000172805
0.000173228
0.000173641
0.000174028
0.000174372
0.000174662
0.000174886
0.00017457
0.000174443
0.000174263
0.000174038
0.00017378
0.000173499
0.000173204
0.000172904
0.00017261
0.000172331
0.000172077
0.000171856
0.000171678
0.000171548
0.000171471
0.000171451
0.000171489
0.000171587
0.000171741
0.000171947
0.000172199
0.00017249
0.000172806
0.000173132
0.000173454
0.00017376
0.000174037
0.000174271
0.000174455
0.00017458
0.000174641
0.000174638
0.000173602
0.000173227
0.000172844
0.00017247
0.000172122
0.000171812
0.000171551
0.000171346
0.000171202
0.000171125
0.000171115
0.000171173
0.000171295
0.000171478
0.000171714
0.000171995
0.000172312
0.000172655
0.000173012
0.000173372
0.000173722
0.000174049
0.000174339
0.000174578
0.000174754
0.000174861
0.000174892
0.000174845
0.000174721
0.000174526
0.000174266
0.000173954
0.000172148
0.000171571
0.000171044
0.000170589
0.000170225
0.000169967
0.00016982
0.000169787
0.00016987
0.000170062
0.000170357
0.000170743
0.000171204
0.000171723
0.000172282
0.00017286
0.000173437
0.00017399
0.000174502
0.000174952
0.000175325
0.000175608
0.000175785
0.000175849
0.000175794
0.000175623
0.000175339
0.000174955
0.000174484
0.000173945
0.00017336
0.000172753
0.000170661
0.000170002
0.000169446
0.000169015
0.000168727
0.000168593
0.000168617
0.000168795
0.00016912
0.000169579
0.000170155
0.000170824
0.000171562
0.000172341
0.000173131
0.000173904
0.000174629
0.00017528
0.000175831
0.000176262
0.000176557
0.000176705
0.0001767
0.000176539
0.000176227
0.000175776
0.000175203
0.000174529
0.000173782
0.000172991
0.000172186
0.000171399
0.000169707
0.000169065
0.000168559
0.000168209
0.000168028
0.000168024
0.000168199
0.000168546
0.000169051
0.000169692
0.000170447
0.000171285
0.000172175
0.000173082
0.000173971
0.000174809
0.000175562
0.000176202
0.000176704
0.000177048
0.000177222
0.00017722
0.000177044
0.0001767
0.000176199
0.000175562
0.000174811
0.000173976
0.00017309
0.000172185
0.000171297
0.000170461
0.000169682
0.000169098
0.000168653
0.000168363
0.00016824
0.00016829
0.000168514
0.000168905
0.000169446
0.000170117
0.00017089
0.000171736
0.000172621
0.00017351
0.00017437
0.000175166
0.000175868
0.000176448
0.000176884
0.00017716
0.000177264
0.000177195
0.000176957
0.000176561
0.000176023
0.00017536
0.000174599
0.000173767
0.000172897
0.00017202
0.000171171
0.000170382
0.000170394
0.000169885
0.00016949
0.000169224
0.000169099
0.00016912
0.000169288
0.0001696
0.000170045
0.000170602
0.000171251
0.000171963
0.000172712
0.000173468
0.000174201
0.000174883
0.000175487
0.00017599
0.000176373
0.00017662
0.000176723
0.00017668
0.000176493
0.000176174
0.000175734
0.000175189
0.000174558
0.000173865
0.000173134
0.000172395
0.000171674
0.000170998
0.000170919
0.000170469
0.000170112
0.000169861
0.000169727
0.000169716
0.00016983
0.000170068
0.000170421
0.000170874
0.00017141
0.000172004
0.000172635
0.000173276
0.000173903
0.000174491
0.000175017
0.000175462
0.000175807
0.00017604
0.000176152
0.000176141
0.000176007
0.000175759
0.000175409
0.000174967
0.00017445
0.000173875
0.000173265
0.00017264
0.000172026
0.000171445
0.000170509
0.00017007
0.000169737
0.000169523
0.000169435
0.000169478
0.000169651
0.00016995
0.000170367
0.000170883
0.000171477
0.000172125
0.000172801
0.000173478
0.00017413
0.000174731
0.00017526
0.000175695
0.000176019
0.00017622
0.00017629
0.000176228
0.000176036
0.000175726
0.00017531
0.000174805
0.000174226
0.000173596
0.000172937
0.000172274
0.000171632
0.000171036
0.000169429
0.00016894
0.000168597
0.000168415
0.0001684
0.000168554
0.000168871
0.000169342
0.000169952
0.000170675
0.000171484
0.000172344
0.000173222
0.000174083
0.000174894
0.000175623
0.000176243
0.00017673
0.000177064
0.000177233
0.00017723
0.000177057
0.00017672
0.000176236
0.000175625
0.00017491
0.000174118
0.000173276
0.000172415
0.000171569
0.00017077
0.000170047
0.000168416
0.000167804
0.000167382
0.000167167
0.000167165
0.000167379
0.000167801
0.000168419
0.00016921
0.000170147
0.000171191
0.0001723
0.000173431
0.000174538
0.000175578
0.000176511
0.0001773
0.000177914
0.000178329
0.00017853
0.000178508
0.000178265
0.000177813
0.00017717
0.000176366
0.000175432
0.000174403
0.000173315
0.00017221
0.000171128
0.00017011
0.000169194
0.000167715
0.000166948
0.000166404
0.000166102
0.000166055
0.000166264
0.000166723
0.000167417
0.000168324
0.000169413
0.00017064
0.000171956
0.000173308
0.000174645
0.000175912
0.000177061
0.000178046
0.000178828
0.000179375
0.000179666
0.00017969
0.000179445
0.000178944
0.000178209
0.000177271
0.000176173
0.000174953
0.000173656
0.000172331
0.000171027
0.000169793
0.000168675
0.000167185
0.00016631
0.000165681
0.000165323
0.000165248
0.000165459
0.00016595
0.000166706
0.000167701
0.000168901
0.000170263
0.00017173
0.000173246
0.000174751
0.000176186
0.000177494
0.000178623
0.000179528
0.000180172
0.000180528
0.000180582
0.000180334
0.000179792
0.000178983
0.000177942
0.000176715
0.000175348
0.000173893
0.000172403
0.000170934
0.000169541
0.000168276
0.000166731
0.000165823
0.000165182
0.000164831
0.000164784
0.000165041
0.000165596
0.000166429
0.000167513
0.000168813
0.00017028
0.000171857
0.000173482
0.00017509
0.000176618
0.000178006
0.000179197
0.000180144
0.000180807
0.000181159
0.000181185
0.000180886
0.000180274
0.000179376
0.000178233
0.000176895
0.000175415
0.000173848
0.000172251
0.000170685
0.000169207
0.000167873
0.00016661
0.000165695
0.000165055
0.000164713
0.000164683
0.000164965
0.00016555
0.00016642
0.000167545
0.000168889
0.000170403
0.000172027
0.000173696
0.000175347
0.000176911
0.000178328
0.000179541
0.000180499
0.000181163
0.000181505
0.000181512
0.000181183
0.000180535
0.000179594
0.000178404
0.000177016
0.000175488
0.000173875
0.000172236
0.000170634
0.000169125
0.000167768
0.000167092
0.000166162
0.000165496
0.000165117
0.000165041
0.000165269
0.000165795
0.000166601
0.000167662
0.000168942
0.000170394
0.000171964
0.000173587
0.000175201
0.000176741
0.000178146
0.00017936
0.000180332
0.000181023
0.000181404
0.00018146
0.000181189
0.000180603
0.000179728
0.000178604
0.00017728
0.00017581
0.000174249
0.000172655
0.000171086
0.0001696
0.000168252
0.000167891
0.000166951
0.000166251
0.000165815
0.00016566
0.000165792
0.000166207
0.000166892
0.000167825
0.000168974
0.000170298
0.000171747
0.000173263
0.000174785
0.000176255
0.000177613
0.000178805
0.000179784
0.000180508
0.000180949
0.000181088
0.00018092
0.000180453
0.000179708
0.00017872
0.00017753
0.000176188
0.000174745
0.000173253
0.000171768
0.000170345
0.000169037
0.000168529
0.000167605
0.0001669
0.000166438
0.000166238
0.000166306
0.000166642
0.000167234
0.000168065
0.000169105
0.000170318
0.000171656
0.000173068
0.000174497
0.000175886
0.000177181
0.00017833
0.000179288
0.000180014
0.00018048
0.000180667
0.000180566
0.000180185
0.00017954
0.000178661
0.000177586
0.000176357
0.000175024
0.000173634
0.000172238
0.00017089
0.000169638
0.000168733
0.000167841
0.000167161
0.000166717
0.000166526
0.000166594
0.000166921
0.000167497
0.000168303
0.000169311
0.000170484
0.000171778
0.000173142
0.000174521
0.000175862
0.00017711
0.000178217
0.000179139
0.000179838
0.000180284
0.000180462
0.000180362
0.000179992
0.000179368
0.00017852
0.000177481
0.000176294
0.000175006
0.000173663
0.000172315
0.000171012
0.000169803
0.000168492
0.000167593
0.000166915
0.000166482
0.000166311
0.000166408
0.000166771
0.000167388
0.000168242
0.000169299
0.00017052
0.000171862
0.000173269
0.000174687
0.000176059
0.000177332
0.000178454
0.000179382
0.000180078
0.000180513
0.000180669
0.000180541
0.000180135
0.000179471
0.000178579
0.000177494
0.000176259
0.000174924
0.000173537
0.00017215
0.000170814
0.000169579
0.00016791
0.000166909
0.000166153
0.000165668
0.000165473
0.000165576
0.000165974
0.000166654
0.000167596
0.000168764
0.000170114
0.000171597
0.000173154
0.000174723
0.000176243
0.000177654
0.0001789
0.000179932
0.000180707
0.000181195
0.000181375
0.00018124
0.000180799
0.000180071
0.000179089
0.000177892
0.000176527
0.000175049
0.000173512
0.000171973
0.00017049
0.000169119
0.000167206
0.000166032
0.000165132
0.000164537
0.000164269
0.000164338
0.000164744
0.000165474
0.000166504
0.000167796
0.000169302
0.000170967
0.000172726
0.000174509
0.000176249
0.000177875
0.000179324
0.000180537
0.000181466
0.000182073
0.000182331
0.000182232
0.000181782
0.000181001
0.000179924
0.000178594
0.000177064
0.000175394
0.000173649
0.000171892
0.000170191
0.000168609
0.000166733
0.00016542
0.000164398
0.000163705
0.000163366
0.000163391
0.000163784
0.000164531
0.000165607
0.000166972
0.000168575
0.00017036
0.000172258
0.000174194
0.000176095
0.000177886
0.000179495
0.000180858
0.00018192
0.000182637
0.000182978
0.000182931
0.0001825
0.000181704
0.000180577
0.000179163
0.000177522
0.000175717
0.00017382
0.000171902
0.000170035
0.000168291
0.000166828
0.000165502
0.000164465
0.000163755
0.000163397
0.000163404
0.000163778
0.000164507
0.000165562
0.000166906
0.00016849
0.000170255
0.000172136
0.000174059
0.000175951
0.000177738
0.000179349
0.000180719
0.000181794
0.00018253
0.000182896
0.000182878
0.000182477
0.000181713
0.000180615
0.000179226
0.000177604
0.000175814
0.000173926
0.000172012
0.000170145
0.000168395
0.000167394
0.000166172
0.000165219
0.000164569
0.000164245
0.000164262
0.000164619
0.000165302
0.000166285
0.000167532
0.000168997
0.000170626
0.000172358
0.000174126
0.000175862
0.000177498
0.000178969
0.000180219
0.000181197
0.000181865
0.000182196
0.000182175
0.000181807
0.000181105
0.000180095
0.000178819
0.000177326
0.000175677
0.000173938
0.000172174
0.000170453
0.000168839
0.000168062
0.000166953
0.000166088
0.000165497
0.000165203
0.000165218
0.000165541
0.00016616
0.000167048
0.000168174
0.000169496
0.000170965
0.000172526
0.000174118
0.00017568
0.000177152
0.000178475
0.0001796
0.000180481
0.000181085
0.000181387
0.000181376
0.000181053
0.000180428
0.000179525
0.00017838
0.000177038
0.000175553
0.000173983
0.00017239
0.000170833
0.000169372
0.000168649
0.000167562
0.000166699
0.000166089
0.000165757
0.000165714
0.000165962
0.000166489
0.000167275
0.00016829
0.000169498
0.000170852
0.000172303
0.000173795
0.00017527
0.000176672
0.000177946
0.000179043
0.000179921
0.000180547
0.000180893
0.000180948
0.000180709
0.000180182
0.000179387
0.000178355
0.000177128
0.000175756
0.000174291
0.000172791
0.000171314
0.000169915
0.000169148
0.000167999
0.000167057
0.000166357
0.000165925
0.000165776
0.000165915
0.000166333
0.000167015
0.000167935
0.000169059
0.000170345
0.000171746
0.000173209
0.000174676
0.000176093
0.000177404
0.00017856
0.000179516
0.000180236
0.00018069
0.000180862
0.000180741
0.00018033
0.000179644
0.000178709
0.000177565
0.000176256
0.000174835
0.000173357
0.000171879
0.000170458
0.000169501
0.000168295
0.000167286
0.000166511
0.000165999
0.00016577
0.000165828
0.000166168
0.000166777
0.000167632
0.000168702
0.000169947
0.00017132
0.000172771
0.000174243
0.000175681
0.00017703
0.000178237
0.000179259
0.000180056
0.000180596
0.000180859
0.000180828
0.000180503
0.000179896
0.000179029
0.000177939
0.000176669
0.00017527
0.000173796
0.000172305
0.000170855
0.00016948
0.000168284
0.000167286
0.000166525
0.000166028
0.000165813
0.000165883
0.000166235
0.000166854
0.000167716
0.00016879
0.000170036
0.000171409
0.000172855
0.000174321
0.00017575
0.000177088
0.000178284
0.000179294
0.000180079
0.000180609
0.00018086
0.00018082
0.000180485
0.00017987
0.000178997
0.000177902
0.000176629
0.000175229
0.000173757
0.00017227
0.000170826
0.000168991
0.000167856
0.000166934
0.000166263
0.000165865
0.000165755
0.000165931
0.000166386
0.000167102
0.000168051
0.0001692
0.000170505
0.000171918
0.000173385
0.000174852
0.000176261
0.000177558
0.000178694
0.000179627
0.000180323
0.000180754
0.0001809
0.000180752
0.000180311
0.000179595
0.000178633
0.000177462
0.000176131
0.000174691
0.0001732
0.000171716
0.000170294
0.000168395
0.000167322
0.000166479
0.000165901
0.000165612
0.000165616
0.00016591
0.000166482
0.00016731
0.000168362
0.000169601
0.000170979
0.000172446
0.000173946
0.000175421
0.000176815
0.000178073
0.000179148
0.00018
0.000180599
0.000180921
0.00018095
0.000180679
0.000180117
0.000179287
0.00017822
0.00017696
0.000175558
0.000174068
0.000172549
0.00017106
0.000169658
0.000168203
0.000167169
0.00016637
0.00016584
0.0001656
0.000165654
0.000165996
0.000166612
0.000167478
0.000168563
0.000169825
0.000171219
0.000172691
0.000174187
0.000175647
0.000177016
0.000178242
0.000179277
0.000180082
0.000180631
0.000180902
0.000180879
0.000180559
0.000179952
0.000179083
0.000177985
0.000176703
0.000175288
0.000173795
0.000172284
0.000170811
0.000169433
0.000168539
0.00016754
0.000166764
0.000166244
0.000166
0.000166037
0.000166349
0.000166924
0.000167739
0.000168763
0.000169959
0.000171282
0.000172682
0.000174106
0.0001755
0.000176809
0.000177984
0.000178979
0.000179759
0.000180296
0.00018057
0.000180565
0.000180277
0.000179716
0.000178902
0.000177868
0.000176656
0.000175314
0.000173894
0.000172451
0.000171043
0.000169722
0.000169012
0.000168075
0.000167343
0.000166847
0.000166606
0.000166625
0.000166901
0.00016742
0.000168163
0.000169102
0.000170201
0.00017142
0.000172713
0.00017403
0.000175321
0.000176536
0.000177629
0.000178558
0.000179289
0.000179798
0.000180066
0.000180077
0.000179828
0.000179325
0.000178587
0.000177644
0.000176533
0.000175298
0.000173988
0.000172654
0.000171347
0.000170117
0.000169227
0.000168389
0.000167746
0.000167325
0.000167141
0.0001672
0.000167495
0.000168013
0.000168735
0.000169632
0.000170672
0.000171815
0.000173019
0.000174236
0.00017542
0.000176526
0.000177511
0.000178338
0.000178977
0.000179407
0.000179612
0.000179579
0.000179307
0.000178805
0.00017809
0.000177191
0.000176144
0.00017499
0.000173774
0.000172543
0.000171344
0.000170225
0.000169246
0.000168531
0.000168005
0.000167693
0.000167604
0.000167741
0.000168097
0.000168655
0.000169393
0.000170285
0.000171295
0.000172387
0.000173518
0.000174645
0.000175724
0.000176714
0.000177577
0.000178279
0.000178797
0.000179114
0.000179216
0.000179099
0.000178763
0.00017822
0.000177489
0.000176599
0.000175586
0.000174489
0.00017335
0.000172214
0.000171124
0.000170122
0.000169372
0.000168772
0.000168354
0.000168136
0.000168126
0.000168325
0.000168722
0.000169301
0.000170038
0.000170906
0.00017187
0.000172896
0.000173943
0.000174971
0.00017594
0.000176812
0.000177554
0.000178139
0.000178547
0.000178763
0.000178779
0.000178595
0.000178216
0.000177652
0.000176925
0.000176064
0.000175101
0.000174075
0.000173025
0.000171991
0.000171013
0.000170129
0.000169699
0.000169202
0.000168873
0.000168726
0.000168766
0.000168994
0.000169397
0.000169959
0.000170656
0.000171464
0.000172349
0.000173279
0.000174218
0.000175129
0.000175977
0.000176729
0.000177356
0.000177835
0.000178151
0.000178292
0.000178254
0.000178039
0.000177652
0.000177106
0.000176422
0.000175624
0.000174745
0.000173818
0.000172879
0.000171964
0.000171107
0.000170343
0.000169996
0.000169611
0.00016938
0.000169313
0.000169412
0.000169676
0.000170091
0.000170641
0.000171303
0.000172052
0.000172859
0.000173693
0.000174522
0.000175313
0.000176035
0.000176661
0.000177166
0.000177533
0.00017775
0.000177809
0.000177709
0.000177454
0.000177053
0.000176518
0.00017587
0.000175132
0.000174334
0.000173506
0.00017268
0.000171887
0.000171157
0.000170519
0.000169978
0.000169723
0.000169617
0.000169667
0.000169871
0.00017022
0.000170703
0.000171297
0.00017198
0.000172725
0.000173503
0.000174285
0.00017504
0.000175737
0.000176351
0.000176857
0.000177235
0.000177473
0.000177563
0.000177504
0.000177297
0.000176952
0.000176481
0.000175899
0.00017523
0.000174496
0.000173728
0.000172954
0.000172205
0.000171508
0.000170889
0.000170372
0.000169663
0.000169559
0.000169611
0.000169819
0.000170173
0.000170662
0.000171267
0.000171964
0.000172724
0.000173518
0.000174315
0.000175086
0.000175799
0.000176426
0.000176942
0.000177328
0.000177568
0.000177654
0.000177586
0.000177367
0.000177006
0.000176517
0.000175919
0.000175234
0.000174486
0.000173705
0.000172919
0.000172159
0.000171455
0.000170832
0.000170313
0.000169918
0.000169279
0.000169343
0.000169573
0.000169959
0.000170486
0.000171137
0.000171886
0.000172703
0.000173556
0.000174412
0.000175238
0.000176002
0.000176673
0.000177224
0.000177633
0.000177885
0.000177969
0.000177885
0.000177637
0.000177237
0.000176699
0.000176045
0.000175302
0.000174495
0.000173655
0.000172814
0.000172004
0.000171255
0.000170596
0.000170051
0.000169641
0.00016938
0.000168893
0.000169115
0.000169512
0.000170068
0.000170761
0.000171567
0.000172455
0.00017339
0.000174336
0.000175254
0.00017611
0.000176869
0.000177503
0.000177984
0.000178294
0.00017842
0.000178358
0.000178113
0.000177696
0.000177124
0.000176418
0.000175608
0.000174726
0.000173803
0.000172874
0.000171974
0.000171137
0.000170394
0.000169774
0.0001693
0.000168988
0.00016885
0.000168437
0.000168785
0.00016932
0.000170021
0.000170861
0.000171809
0.000172832
0.000173886
0.000174931
0.000175927
0.000176833
0.000177615
0.000178241
0.000178687
0.000178933
0.000178971
0.000178799
0.000178426
0.00017787
0.000177151
0.000176298
0.000175345
0.000174329
0.000173289
0.000172261
0.000171286
0.0001704
0.000169636
0.000169024
0.000168586
0.000168336
0.000168286
0.000167857
0.000168323
0.000168992
0.000169839
0.000170831
0.000171931
0.0001731
0.000174289
0.000175454
0.000176547
0.000177527
0.000178355
0.000178998
0.00017943
0.000179632
0.000179598
0.000179328
0.000178837
0.000178145
0.000177278
0.000176271
0.000175164
0.000174001
0.000172825
0.000171679
0.000170607
0.000169649
0.000168841
0.000168215
0.000167792
0.000167587
0.000167609
0.000167276
0.000167906
0.000168752
0.000169783
0.00017096
0.000172238
0.000173572
0.000174908
0.000176193
0.000177378
0.000178416
0.000179266
0.000179894
0.000180274
0.00018039
0.000180238
0.000179824
0.000179167
0.000178295
0.00017724
0.000176045
0.000174757
0.000173427
0.000172104
0.000170839
0.000169679
0.000168668
0.000167842
0.000167235
0.000166865
0.000166747
0.000166886
0.000166895
0.000167756
0.000168837
0.000170097
0.000171489
0.000172962
0.000174459
0.000175924
0.000177297
0.000178524
0.000179557
0.000180355
0.000180885
0.000181125
0.000181065
0.000180707
0.000180067
0.000179172
0.00017806
0.000176772
0.00017536
0.00017388
0.000172389
0.000170944
0.0001696
0.000168406
0.000167406
0.000166637
0.000166128
0.000165896
0.000165949
0.000166286
0.000166877
0.000167997
0.000169326
0.000170815
0.000172406
0.00017404
0.000175655
0.000177188
0.000178577
0.000179766
0.000180708
0.000181363
0.000181706
0.000181723
0.000181412
0.000180787
0.000179874
0.000178715
0.000177352
0.00017584
0.000174238
0.000172608
0.000171014
0.000169515
0.000168168
0.000167021
0.000166116
0.000165486
0.000165154
0.000165132
0.00016542
0.000166008
0.000167309
0.000168631
0.000170137
0.000171769
0.000173465
0.000175162
0.000176792
0.000178291
0.000179598
0.000180659
0.000181432
0.000181884
0.000181998
0.000181772
0.000181214
0.000180349
0.000179214
0.000177855
0.000176326
0.000174685
0.000172995
0.000171322
0.000169731
0.000168279
0.00016702
0.000165999
0.000165254
0.000164811
0.000164687
0.000164887
0.000165404
0.00016622
0.000168177
0.000169555
0.000171079
0.000172691
0.00017433
0.000175931
0.000177432
0.000178773
0.000179897
0.000180761
0.000181327
0.000181575
0.000181496
0.000181097
0.000180393
0.000179415
0.000178205
0.00017681
0.000175282
0.00017368
0.000172065
0.000170499
0.000169041
0.000167744
0.000166656
0.000165817
0.000165256
0.000164995
0.000165045
0.000165406
0.000166065
0.000167
0.000169302
0.000170539
0.000171882
0.00017328
0.00017468
0.000176025
0.000177265
0.000178348
0.000179231
0.00017988
0.000180267
0.000180379
0.000180215
0.000179783
0.000179101
0.000178198
0.000177111
0.00017588
0.000174549
0.00017317
0.000171795
0.000170477
0.000169265
0.000168204
0.000167334
0.000166688
0.000166288
0.000166152
0.000166285
0.000166686
0.000167339
0.000168222
0.000170276
0.000171208
0.00017222
0.000173273
0.000174327
0.000175341
0.000176276
0.000177095
0.000177766
0.000178262
0.000178565
0.000178663
0.000178555
0.000178248
0.000177753
0.000177091
0.000176288
0.000175372
0.000174376
0.000173337
0.000172296
0.000171292
0.000170365
0.000169549
0.000168876
0.00016837
0.000168052
0.000167934
0.000168022
0.000168315
0.000168801
0.000169462
0.000170742
0.000171316
0.000171968
0.000172672
0.000173402
0.00017413
0.000174828
0.00017547
0.00017603
0.000176485
0.00017682
0.000177021
0.000177082
0.000177003
0.000176787
0.000176442
0.000175983
0.000175424
0.000174784
0.000174088
0.000173363
0.000172637
0.000171939
0.000171296
0.000170731
0.000170267
0.000169921
0.000169706
0.000169632
0.000169705
0.00016992
0.00017027
0.000170658
0.000170925
0.000171287
0.000171728
0.000172233
0.000172782
0.000173355
0.000173929
0.000174482
0.000174992
0.00017544
0.00017581
0.000176087
0.000176264
0.000176333
0.000176294
0.000176148
0.000175896
0.000175548
0.000175116
0.000174616
0.000174069
0.000173497
0.00017292
0.000172361
0.000171841
0.00017138
0.000170997
0.000170706
0.000170522
0.000170451
0.000170497
0.000170338
0.000170364
0.000170505
0.000170756
0.000171107
0.000171545
0.000172054
0.000172614
0.000173203
0.0001738
0.00017438
0.000174923
0.00017541
0.000175823
0.000176148
0.000176372
0.000176487
0.000176483
0.000176361
0.000176123
0.000175779
0.000175342
0.00017483
0.000174262
0.00017366
0.000173048
0.000172449
0.000171887
0.000171385
0.000170965
0.000170643
0.000170431
0.0001702
0.000170015
0.000169958
0.000170032
0.000170233
0.000170553
0.000170981
0.000171501
0.000172093
0.000172735
0.000173402
0.000174071
0.000174718
0.000175319
0.000175854
0.000176302
0.000176643
0.00017686
0.000176944
0.000176889
0.000176697
0.000176377
0.00017594
0.000175405
0.000174791
0.000174124
0.000173429
0.000172735
0.00017207
0.000171462
0.000170935
0.00017051
0.000170441
0.00017007
0.000169827
0.00016972
0.000169753
0.000169924
0.000170228
0.000170652
0.000171181
0.000171795
0.000172472
0.000173188
0.000173917
0.000174635
0.000175315
0.000175931
0.000176457
0.000176868
0.000177146
0.000177279
0.000177261
0.000177092
0.00017678
0.000176337
0.00017578
0.000175132
0.000174418
0.000173669
0.000172914
0.000172187
0.000171516
0.000170927
0.000170861
0.000170351
0.000169961
0.000169703
0.000169587
0.000169618
0.000169793
0.000170107
0.000170548
0.0001711
0.000171742
0.000172452
0.000173205
0.000173976
0.000174737
0.000175459
0.000176111
0.000176664
0.000177094
0.000177382
0.000177517
0.000177494
0.000177313
0.000176981
0.000176512
0.000175924
0.000175241
0.000174492
0.000173708
0.000172922
0.000172167
0.000171473
0.000171022
0.000170426
0.000169949
0.000169607
0.000169412
0.000169371
0.000169486
0.000169752
0.000170159
0.000170694
0.000171335
0.00017206
0.000172845
0.000173663
0.000174484
0.000175277
0.000176009
0.000176646
0.000177163
0.000177537
0.000177755
0.000177805
0.000177687
0.000177406
0.000176971
0.000176401
0.000175718
0.000174952
0.000174134
0.000173299
0.000172482
0.000171715
0.000170485
0.000169848
0.000169352
0.000169014
0.000168846
0.000168854
0.000169038
0.000169389
0.000169896
0.000170539
0.000171296
0.000172138
0.000173037
0.000173963
0.00017488
0.000175755
0.00017655
0.00017723
0.000177768
0.000178141
0.000178333
0.000178337
0.000178151
0.000177783
0.000177248
0.000176566
0.000175765
0.00017488
0.000173946
0.000173003
0.00017209
0.000171241
0.000169307
0.000168654
0.000168187
0.000167919
0.000167862
0.000168016
0.000168375
0.000168926
0.000169649
0.000170515
0.000171495
0.000172553
0.000173652
0.000174753
0.000175814
0.000176796
0.000177656
0.000178358
0.000178872
0.000179175
0.000179255
0.000179109
0.000178741
0.000178167
0.000177408
0.000176497
0.000175468
0.000174365
0.000173234
0.000172121
0.00017107
0.000170121
0.000168179
0.000167512
0.000167068
0.000166864
0.000166905
0.000167191
0.000167711
0.000168445
0.000169367
0.000170443
0.000171633
0.000172895
0.000174183
0.000175452
0.000176654
0.000177741
0.000178666
0.00017939
0.00017988
0.000180117
0.00018009
0.0001798
0.000179259
0.000178489
0.00017752
0.000176393
0.000175152
0.000173848
0.000172534
0.000171264
0.000170087
0.000169047
0.000167829
0.00016712
0.000166648
0.000166428
0.000166467
0.000166765
0.000167311
0.000168084
0.000169057
0.000170194
0.000171454
0.000172791
0.000174157
0.000175505
0.000176782
0.000177939
0.000178923
0.000179693
0.000180216
0.000180469
0.000180441
0.000180134
0.000179561
0.000178744
0.000177718
0.000176523
0.000175209
0.000173829
0.000172438
0.000171094
0.00016985
0.000168749
0.00016842
0.000167645
0.000167087
0.000166765
0.000166689
0.000166863
0.00016728
0.000167924
0.000168773
0.000169795
0.000170954
0.000172208
0.000173513
0.000174823
0.00017609
0.000177262
0.00017829
0.000179128
0.000179741
0.000180103
0.000180199
0.000180024
0.000179587
0.000178904
0.000178003
0.000176922
0.000175704
0.0001744
0.000173062
0.000171747
0.000170506
0.000169385
0.000169482
0.000168655
0.000168007
0.00016756
0.000167332
0.000167329
0.000167551
0.000167991
0.000168631
0.000169449
0.000170416
0.000171496
0.000172654
0.000173848
0.000175036
0.000176169
0.0001772
0.000178084
0.000178785
0.000179274
0.000179529
0.000179541
0.000179308
0.000178841
0.000178158
0.000177286
0.000176262
0.000175129
0.000173932
0.000172724
0.000171552
0.000170459
0.000170526
0.000169702
0.000169017
0.000168495
0.000168155
0.00016801
0.000168065
0.000168317
0.000168757
0.000169369
0.000170132
0.000171018
0.000171997
0.000173036
0.000174098
0.000175139
0.000176116
0.000176988
0.000177719
0.000178278
0.000178644
0.000178801
0.000178743
0.000178472
0.000177998
0.000177342
0.000176529
0.000175595
0.000174578
0.000173523
0.000172471
0.00017146
0.000171478
0.000170704
0.00017003
0.000169481
0.000169076
0.000168831
0.000168754
0.000168848
0.00016911
0.00016953
0.000170092
0.000170778
0.000171566
0.000172428
0.000173334
0.000174247
0.000175128
0.000175941
0.000176652
0.000177234
0.000177662
0.000177919
0.000177996
0.000177888
0.000177601
0.000177145
0.000176539
0.00017581
0.000174989
0.000174111
0.000173212
0.000172324
0.000172376
0.000171651
0.00017099
0.000170415
0.00016995
0.00016961
0.000169408
0.000169352
0.000169444
0.000169681
0.000170054
0.000170552
0.000171158
0.000171854
0.000172614
0.000173407
0.000174199
0.000174958
0.000175652
0.000176255
0.000176742
0.000177094
0.000177296
0.000177341
0.000177227
0.000176958
0.000176546
0.000176009
0.000175372
0.000174662
0.000173908
0.000173137
0.000173045
0.000172338
0.000171667
0.000171056
0.000170529
0.000170106
0.000169801
0.000169628
0.000169591
0.000169694
0.000169933
0.0001703
0.000170786
0.000171376
0.000172047
0.00017277
0.000173517
0.000174255
0.000174956
0.00017559
0.000176135
0.000176567
0.000176869
0.000177031
0.000177046
0.000176913
0.000176639
0.000176236
0.000175723
0.000175125
0.000174463
0.000173762
0.000173187
0.000172503
0.000171848
0.000171245
0.000170719
0.000170288
0.000169969
0.000169774
0.000169711
0.000169783
0.000169988
0.000170321
0.000170772
0.000171327
0.000171963
0.000172654
0.000173371
0.000174086
0.000174768
0.000175391
0.00017593
0.000176365
0.000176678
0.000176858
0.000176897
0.000176794
0.000176556
0.000176193
0.000175722
0.000175165
0.000174542
0.000173875
0.000172806
0.00017219
0.000171615
0.000171101
0.000170669
0.000170334
0.000170109
0.000170004
0.000170022
0.000170164
0.000170426
0.0001708
0.000171274
0.000171834
0.000172455
0.000173113
0.000173779
0.000174425
0.000175026
0.000175558
0.000176
0.000176333
0.000176547
0.000176632
0.000176586
0.000176412
0.000176118
0.000175717
0.000175229
0.000174673
0.000174069
0.00017344
0.00017217
0.000171676
0.00017124
0.000170878
0.000170603
0.000170426
0.000170353
0.000170389
0.000170533
0.000170779
0.000171121
0.000171548
0.000172046
0.000172596
0.000173177
0.000173764
0.000174331
0.000174855
0.000175315
0.000175691
0.00017597
0.00017614
0.000176195
0.000176134
0.00017596
0.000175681
0.000175309
0.00017486
0.000174356
0.000173816
0.000173258
0.000172704
0.000171711
0.000171389
0.000171134
0.000170956
0.000170861
0.000170853
0.000170933
0.000171099
0.000171345
0.000171663
0.000172042
0.00017247
0.000172933
0.000173413
0.000173889
0.000174342
0.000174752
0.0001751
0.000175373
0.000175559
0.000175651
0.000175645
0.000175544
0.000175352
0.000175076
0.000174729
0.000174326
0.000173884
0.000173423
0.000172959
0.000172509
0.000172089
0.00017154
0.000171414
0.000171351
0.000171352
0.000171417
0.000171545
0.000171731
0.000171969
0.000172249
0.000172563
0.000172899
0.000173246
0.000173593
0.000173926
0.000174231
0.000174494
0.000174702
0.000174847
0.000174922
0.000174923
0.000174851
0.00017471
0.000174505
0.000174246
0.000173942
0.000173607
0.000173254
0.000172898
0.000172556
0.000172239
0.000171958
0.000171723
0.00017213
0.000172178
0.000172262
0.000172379
0.000172523
0.00017269
0.000172873
0.000173066
0.00017326
0.00017345
0.000173627
0.000173788
0.000173927
0.000174042
0.000174125
0.000174172
0.000174179
0.000174146
0.000174072
0.000173961
0.000173816
0.000173645
0.000173453
0.000173249
0.00017304
0.000172834
0.00017264
0.000172467
0.000172324
0.000172217
0.000172148
0.000172119
0.000173267
0.000173433
0.000173581
0.000173706
0.000173801
0.000173863
0.00017389
0.000173879
0.00017383
0.000173745
0.000173627
0.000173484
0.000173322
0.000173152
0.000172978
0.000172806
0.000172641
0.000172489
0.000172356
0.000172246
0.000172163
0.00017211
0.000172088
0.000172098
0.000172139
0.000172209
0.000172305
0.000172426
0.00017257
0.000172734
0.000172909
0.00017309
0.000175369
0.000175679
0.000175891
0.000175995
0.000175989
0.000175873
0.00017565
0.000175329
0.00017492
0.000174438
0.000173902
0.000173332
0.000172754
0.000172191
0.000171665
0.000171194
0.000170798
0.00017049
0.000170282
0.000170184
0.000170198
0.000170324
0.000170557
0.000170887
0.0001713
0.000171779
0.000172305
0.00017286
0.000173425
0.000173979
0.000174501
0.000174971
0.000176845
0.000177566
0.000178089
0.000178397
0.000178479
0.000178336
0.000177974
0.00017741
0.000176663
0.000175764
0.000174743
0.000173641
0.000172499
0.000171361
0.000170267
0.000169257
0.00016837
0.000167639
0.000167094
0.000166756
0.000166641
0.000166755
0.000167095
0.000167649
0.000168395
0.000169305
0.000170343
0.000171468
0.000172638
0.000173807
0.000174928
0.000175954
0.000178175
0.000179638
0.000180823
0.000181685
0.000182192
0.00018233
0.000182099
0.000181513
0.000180598
0.000179394
0.000177947
0.000176312
0.000174552
0.000172731
0.000170912
0.000169162
0.000167542
0.000166112
0.000164927
0.000164031
0.000163461
0.000163243
0.000163389
0.000163898
0.000164754
0.000165926
0.00016737
0.000169034
0.000170853
0.000172754
0.00017466
0.000176493
0.000176674
0.000179131
0.000181299
0.000183087
0.000184421
0.000185246
0.00018553
0.000185265
0.000184465
0.000183166
0.000181426
0.000179319
0.000176933
0.000174363
0.000171707
0.000169065
0.000166532
0.0001642
0.000162151
0.000160458
0.000159181
0.000158368
0.000158048
0.000158236
0.000158929
0.000160103
0.000161722
0.000163728
0.000166052
0.00016861
0.000171304
0.000174029
0.000175821
0.000178487
0.000180914
0.000182999
0.000184655
0.000185811
0.000186418
0.000186453
0.000185916
0.000184833
0.000183255
0.000181251
0.000178908
0.000176326
0.000173607
0.000170853
0.000168165
0.00016564
0.000163369
0.00016143
0.000159891
0.000158806
0.000158212
0.000158132
0.000158569
0.000159511
0.000160929
0.000162776
0.000164993
0.000167503
0.000170216
0.000173026
0.00017363
0.000176834
0.000179854
0.000182568
0.00018486
0.00018663
0.000187798
0.000188313
0.000188149
0.000187315
0.000185846
0.000183811
0.000181302
0.000178429
0.000175316
0.000172086
0.000168865
0.000165771
0.000162917
0.000160403
0.000158315
0.000156722
0.000155679
0.000155218
0.000155354
0.000156084
0.000157384
0.000159211
0.000161506
0.000164196
0.000167187
0.000170373
0.000177998
0.000180463
0.0001828
0.000184915
0.000186724
0.000188149
0.00018913
0.000189623
0.000189605
0.000189075
0.000188057
0.000186597
0.00018476
0.000182627
0.000180291
0.000177838
0.00017536
0.00017295
0.000170695
0.000168678
0.000166973
0.000165641
0.00016473
0.000164272
0.000164282
0.00016476
0.000165689
0.000167036
0.000168756
0.000170789
0.000173066
0.0001755
)
;
    }
    wall
    {
        type            calculated;
        value           uniform 0;
    }
}


// ************************************************************************* //
